subject,block,set_size,group,block_order,set_size_exposure,accuracy_iter1_9,n_trials_iter1_9,iteration2_accuracy,n_iteration2,positive_retention,n_positive,negative_avoidance,n_negative,correct_after_error,n_correct_after_error,mean_chosen_error,mean_unchosen_error,error_avoidance_D,n_error_trials
3093,1,6,SZ,1,1,0.5,54,0.3333333333333333,6,1.0,2.0,0.25,4.0,0.0,4.0,3.1707317073170733,2.4878048780487805,-0.6829268292682927,41.0
3093,2,5,SZ,2,1,0.6666666666666666,45,0.4,5,1.0,2.0,0.6666666666666666,3.0,0.0,3.0,2.0588235294117645,1.5294117647058822,-0.5294117647058824,17.0
3093,3,2,SZ,3,1,1.0,18,1.0,2,1.0,2.0,,0.0,,0.0,,,,
3093,4,4,SZ,4,1,0.4444444444444444,36,0.25,4,1.0,1.0,0.0,3.0,0.0,3.0,2.5,1.9545454545454546,-0.5454545454545454,22.0
3093,5,2,SZ,5,2,0.9444444444444444,18,1.0,2,1.0,1.0,1.0,1.0,1.0,1.0,,,,
3093,6,3,SZ,6,1,0.9629629629629629,27,1.0,3,1.0,2.0,1.0,1.0,1.0,1.0,,,,
3093,7,2,SZ,7,3,0.7222222222222222,18,0.0,2,,0.0,1.0,2.0,0.0,2.0,0.3333333333333333,1.0,0.6666666666666666,3.0
3093,8,5,SZ,8,2,0.6444444444444445,45,0.4,5,0.5,2.0,0.6666666666666666,3.0,0.3333333333333333,3.0,4.2631578947368425,1.5789473684210527,-2.6842105263157894,19.0
3093,9,6,SZ,9,2,0.5370370370370371,54,0.5,6,1.0,3.0,0.0,3.0,0.0,3.0,2.9285714285714284,1.3571428571428572,-1.5714285714285714,28.0
3093,10,5,SZ,10,3,0.6888888888888889,45,0.4,5,0.5,2.0,0.6666666666666666,3.0,0.3333333333333333,3.0,2.066666666666667,2.2666666666666666,0.2,15.0
3093,11,2,SZ,11,4,0.8333333333333334,18,0.5,2,,0.0,1.0,2.0,0.5,2.0,0.0,1.0,1.0,1.0
3093,12,4,SZ,12,2,0.5833333333333334,36,0.75,4,1.0,1.0,1.0,3.0,0.6666666666666666,3.0,2.0,2.0,0.0,14.0
3093,13,3,SZ,13,2,0.8148148148148148,27,0.6666666666666666,3,1.0,1.0,0.5,2.0,0.5,2.0,0.3333333333333333,0.6666666666666666,0.3333333333333333,3.0
3960,1,6,SZ,1,1,0.5,54,0.5,6,1.0,1.0,0.6,5.0,0.4,5.0,3.3684210526315788,3.1842105263157894,-0.18421052631578946,38.0
3960,2,2,SZ,2,1,0.9444444444444444,18,1.0,2,1.0,1.0,1.0,1.0,1.0,1.0,,,,
3960,3,2,SZ,3,2,0.9444444444444444,18,1.0,2,1.0,1.0,1.0,1.0,1.0,1.0,0.0,1.0,1.0,1.0
3960,4,2,SZ,4,3,0.7777777777777778,18,0.5,2,,0.0,1.0,2.0,0.5,2.0,0.5,1.0,0.5,2.0
3960,5,3,SZ,5,1,0.7777777777777778,27,0.6666666666666666,3,,0.0,0.6666666666666666,3.0,0.6666666666666666,3.0,2.0,0.0,-2.0,3.0
3960,6,4,SZ,6,1,0.6944444444444444,36,0.5,4,1.0,1.0,1.0,3.0,0.3333333333333333,3.0,1.4,1.0,-0.4,10.0
3960,7,5,SZ,7,1,0.6222222222222222,45,0.4,5,0.5,4.0,1.0,1.0,0.0,1.0,2.347826086956522,2.782608695652174,0.43478260869565216,23.0
3960,8,6,SZ,8,2,0.6481481481481481,54,0.5,6,0.5,4.0,1.0,2.0,0.5,2.0,1.5263157894736843,1.263157894736842,-0.2631578947368421,19.0
3960,9,5,SZ,9,2,0.6222222222222222,45,0.2,5,0.0,1.0,0.25,4.0,0.25,4.0,1.5384615384615385,1.0769230769230769,-0.46153846153846156,13.0
3960,10,2,SZ,10,4,0.9444444444444444,18,1.0,2,1.0,2.0,,0.0,,0.0,0.0,0.0,0.0,1.0
3960,11,3,SZ,11,2,0.2222222222222222,27,0.0,3,,0.0,0.3333333333333333,3.0,0.0,3.0,2.6956521739130435,2.9565217391304346,0.2608695652173913,23.0
3960,12,4,SZ,12,2,0.4722222222222222,36,0.5,4,1.0,1.0,1.0,3.0,0.3333333333333333,3.0,2.9166666666666665,2.75,-0.16666666666666666,24.0
3960,13,5,SZ,13,3,0.5333333333333333,45,0.4,5,1.0,1.0,1.0,4.0,0.25,4.0,1.5,1.0,-0.5,18.0
8673,1,2,SZ,1,1,0.8888888888888888,18,1.0,2,1.0,1.0,1.0,1.0,1.0,1.0,0.0,0.0,0.0,1.0
8673,2,2,SZ,2,2,0.8333333333333334,18,1.0,2,,0.0,1.0,2.0,1.0,2.0,0.0,1.0,1.0,1.0
8673,3,6,SZ,3,1,0.8703703703703703,54,0.8333333333333334,6,1.0,4.0,1.0,2.0,0.5,2.0,1.0,0.8,-0.2,5.0
8673,4,5,SZ,4,1,0.8222222222222222,45,0.6,5,1.0,2.0,0.3333333333333333,3.0,0.3333333333333333,3.0,0.6,1.2,0.6,5.0
8673,5,3,SZ,5,1,0.8148148148148148,27,0.6666666666666666,3,1.0,1.0,1.0,2.0,0.5,2.0,1.0,0.3333333333333333,-0.6666666666666666,3.0
8673,6,2,SZ,6,3,0.7222222222222222,18,0.5,2,,0.0,1.0,2.0,0.5,2.0,0.6666666666666666,1.3333333333333333,0.6666666666666666,3.0
8673,7,4,SZ,7,1,0.7777777777777778,36,0.5,4,1.0,1.0,0.6666666666666666,3.0,0.3333333333333333,3.0,0.6,1.2,0.6,5.0
8673,8,6,SZ,8,2,0.8148148148148148,54,0.6666666666666666,6,0.6666666666666666,3.0,0.6666666666666666,3.0,0.6666666666666666,3.0,0.5714285714285714,0.8571428571428571,0.2857142857142857,7.0
8673,9,5,SZ,9,2,0.6590909090909091,44,0.6,5,1.0,2.0,0.6666666666666666,3.0,0.3333333333333333,3.0,1.5384615384615385,1.2307692307692308,-0.3076923076923077,13.0
8673,10,2,SZ,10,4,0.9444444444444444,18,1.0,2,1.0,1.0,1.0,1.0,1.0,1.0,,,,
8673,11,5,SZ,11,3,0.6666666666666666,45,0.0,5,,0.0,0.6,5.0,0.0,5.0,0.7,0.9,0.2,10.0
8673,12,3,SZ,12,2,0.8888888888888888,27,0.6666666666666666,3,1.0,1.0,1.0,2.0,0.5,2.0,0.0,1.0,1.0,1.0
8673,13,4,SZ,13,2,0.5428571428571428,35,0.25,4,1.0,1.0,0.6666666666666666,3.0,0.0,3.0,0.9230769230769231,1.4615384615384615,0.5384615384615384,13.0
11430,1,2,SZ,1,1,0.8888888888888888,18,1.0,2,,0.0,1.0,2.0,1.0,2.0,,,,
11430,2,5,SZ,2,1,0.7777777777777778,45,0.4,5,1.0,2.0,0.3333333333333333,3.0,0.0,3.0,0.7142857142857143,1.1428571428571428,0.42857142857142855,7.0
11430,3,2,SZ,3,2,0.8333333333333334,18,0.5,2,,0.0,1.0,2.0,0.5,2.0,0.0,1.0,1.0,1.0
11430,4,2,SZ,4,3,0.7777777777777778,18,0.5,2,1.0,1.0,1.0,1.0,0.0,1.0,0.3333333333333333,0.3333333333333333,0.0,3.0
11430,5,6,SZ,5,1,0.7407407407407407,54,0.3333333333333333,6,1.0,1.0,0.2,5.0,0.2,5.0,0.8888888888888888,0.8888888888888888,0.0,9.0
11430,6,4,SZ,6,1,0.6388888888888888,36,0.25,4,,0.0,0.5,4.0,0.25,4.0,1.5555555555555556,0.7777777777777778,-0.7777777777777778,9.0
11430,7,3,SZ,7,1,0.8888888888888888,27,1.0,3,1.0,1.0,1.0,2.0,1.0,2.0,1.0,0.0,-1.0,1.0
11430,8,6,SZ,8,2,0.7777777777777778,54,0.5,6,1.0,1.0,0.4,5.0,0.4,5.0,0.7,1.3,0.6,10.0
11430,9,5,SZ,9,2,0.6666666666666666,45,0.6,5,,0.0,0.8,5.0,0.6,5.0,1.0,0.6,-0.4,10.0
11430,10,2,SZ,10,4,0.8888888888888888,18,1.0,2,1.0,1.0,1.0,1.0,1.0,1.0,0.0,0.0,0.0,1.0
11430,11,5,SZ,11,3,0.8222222222222222,45,0.6,5,1.0,2.0,1.0,3.0,0.3333333333333333,3.0,0.6,0.8,0.2,5.0
11430,12,4,SZ,12,2,0.5555555555555556,36,0.5,4,0.0,1.0,1.0,3.0,0.6666666666666666,3.0,2.1875,0.5,-1.6875,16.0
11430,13,3,SZ,13,2,0.9259259259259259,27,1.0,3,1.0,2.0,1.0,1.0,1.0,1.0,1.0,0.0,-1.0,1.0
11586,1,2,SZ,1,1,0.9444444444444444,18,1.0,2,1.0,2.0,,0.0,,0.0,0.0,0.0,0.0,1.0
11586,2,6,SZ,2,1,0.46296296296296297,54,0.5,6,0.0,2.0,1.0,4.0,0.75,4.0,2.073170731707317,1.829268292682927,-0.24390243902439024,41.0
11586,3,2,SZ,3,2,0.7777777777777778,18,0.0,2,,0.0,0.5,2.0,0.0,2.0,0.6666666666666666,0.6666666666666666,0.0,3.0
11586,4,5,SZ,4,1,0.4888888888888889,45,0.2,5,0.0,1.0,0.75,4.0,0.25,4.0,1.56,1.72,0.16,25.0
11586,5,3,SZ,5,1,0.8518518518518519,27,0.6666666666666666,3,1.0,1.0,1.0,2.0,0.5,2.0,0.5,0.5,0.0,2.0
11586,6,4,SZ,6,1,0.75,36,0.5,4,,0.0,0.75,4.0,0.5,4.0,0.4,1.0,0.6,5.0
11586,7,2,SZ,7,3,0.8333333333333334,18,0.5,2,1.0,1.0,1.0,1.0,0.0,1.0,0.0,0.5,0.5,2.0
11586,8,6,SZ,8,2,0.6111111111111112,54,0.3333333333333333,6,0.3333333333333333,3.0,1.0,3.0,0.3333333333333333,3.0,1.9545454545454546,1.3636363636363635,-0.5909090909090909,22.0
11586,9,5,SZ,9,2,0.8222222222222222,45,0.6,5,1.0,1.0,1.0,4.0,0.5,4.0,0.5,1.25,0.75,4.0
11586,10,2,SZ,10,4,0.8333333333333334,18,0.5,2,,0.0,1.0,2.0,0.5,2.0,0.0,1.0,1.0,1.0
11586,11,5,SZ,11,3,0.4444444444444444,45,0.2,5,,0.0,0.8,5.0,0.2,5.0,2.857142857142857,2.2142857142857144,-0.6428571428571429,28.0
11586,12,3,SZ,12,2,0.6296296296296297,27,0.3333333333333333,3,,0.0,1.0,3.0,0.3333333333333333,3.0,0.7142857142857143,1.0,0.2857142857142857,7.0
11586,13,4,SZ,13,2,0.8611111111111112,36,0.75,4,1.0,2.0,1.0,2.0,0.5,2.0,1.0,1.0,0.0,3.0
13410,1,2,SZ,1,1,0.8333333333333334,18,0.5,2,,0.0,1.0,2.0,0.5,2.0,0.0,1.0,1.0,1.0
13410,2,3,SZ,2,1,0.5925925925925926,27,0.6666666666666666,3,1.0,1.0,1.0,2.0,0.5,2.0,0.7777777777777778,1.1111111111111112,0.3333333333333333,9.0
13410,3,2,SZ,3,2,0.9444444444444444,18,1.0,2,1.0,2.0,,0.0,,0.0,0.0,0.0,0.0,1.0
13410,4,4,SZ,4,1,0.7777777777777778,36,0.75,4,1.0,2.0,0.5,2.0,0.5,2.0,0.8333333333333334,1.0,0.16666666666666666,6.0
13410,5,2,SZ,5,3,0.5,18,0.5,2,,0.0,1.0,2.0,0.5,2.0,1.0,1.5714285714285714,0.5714285714285714,7.0
13410,6,6,SZ,6,1,0.6481481481481481,54,0.6666666666666666,6,0.75,4.0,0.5,2.0,0.5,2.0,3.48,0.68,-2.8,25.0
13410,7,5,SZ,7,1,0.7333333333333333,45,0.6,5,0.6666666666666666,3.0,0.5,2.0,0.5,2.0,2.8,0.6,-2.2,15.0
13410,8,6,SZ,8,2,0.7222222222222222,54,0.6666666666666666,6,0.75,4.0,1.0,2.0,0.5,2.0,0.6923076923076923,1.0,0.3076923076923077,13.0
13410,9,5,SZ,9,2,0.4318181818181818,44,0.4,5,,0.0,1.0,5.0,0.4,5.0,1.4782608695652173,1.7826086956521738,0.30434782608695654,23.0
13410,10,2,SZ,10,4,0.7777777777777778,18,0.5,2,1.0,1.0,1.0,1.0,0.0,1.0,1.0,1.0,0.0,3.0
13410,11,3,SZ,11,2,0.8148148148148148,27,0.0,3,0.0,1.0,1.0,2.0,0.0,2.0,0.0,0.6666666666666666,0.6666666666666666,3.0
13410,12,4,SZ,12,2,0.8055555555555556,36,0.75,4,1.0,2.0,1.0,2.0,0.5,2.0,0.8,0.6,-0.2,5.0
13410,13,5,SZ,13,3,0.8888888888888888,45,0.4,5,0.5,4.0,1.0,1.0,0.0,1.0,0.25,0.5,0.25,4.0
16841,1,2,SZ,1,1,0.9444444444444444,18,1.0,2,1.0,1.0,1.0,1.0,1.0,1.0,,,,
16841,2,2,SZ,2,2,0.8888888888888888,18,1.0,2,1.0,1.0,1.0,1.0,1.0,1.0,0.0,1.0,1.0,1.0
16841,3,6,SZ,3,1,0.5555555555555556,54,0.6666666666666666,6,1.0,3.0,0.3333333333333333,3.0,0.3333333333333333,3.0,2.838709677419355,2.838709677419355,0.0,31.0
16841,4,3,SZ,4,1,0.6923076923076923,26,0.6666666666666666,3,1.0,2.0,1.0,1.0,0.0,1.0,3.25,0.75,-2.5,12.0
16841,5,2,SZ,5,3,0.7777777777777778,18,0.5,2,,0.0,1.0,2.0,0.5,2.0,0.5,1.0,0.5,2.0
16841,6,5,SZ,6,1,0.5777777777777777,45,0.2,5,0.5,2.0,0.3333333333333333,3.0,0.0,3.0,1.5454545454545454,1.5454545454545454,0.0,22.0
16841,7,4,SZ,7,1,0.4166666666666667,36,0.25,4,1.0,1.0,0.6666666666666666,3.0,0.0,3.0,1.8421052631578947,2.0526315789473686,0.21052631578947367,19.0
16841,8,5,SZ,8,2,0.6444444444444445,45,0.4,5,1.0,1.0,0.5,4.0,0.25,4.0,2.1538461538461537,1.8461538461538463,-0.3076923076923077,13.0
16841,9,6,SZ,9,2,0.5185185185185185,54,0.6666666666666666,6,1.0,1.0,0.8,5.0,0.6,5.0,1.76,1.92,0.16,25.0
16841,10,2,SZ,10,4,0.8888888888888888,18,1.0,2,,0.0,1.0,2.0,1.0,2.0,,,,
16841,11,3,SZ,11,2,0.8148148148148148,27,0.6666666666666666,3,1.0,1.0,0.5,2.0,0.5,2.0,0.3333333333333333,0.3333333333333333,0.0,3.0
16841,12,5,SZ,12,3,0.7333333333333333,45,0.6,5,1.0,2.0,0.6666666666666666,3.0,0.3333333333333333,3.0,2.3333333333333335,0.8888888888888888,-1.4444444444444444,9.0
16841,13,4,SZ,13,2,0.8055555555555556,36,0.5,4,1.0,1.0,0.6666666666666666,3.0,0.3333333333333333,3.0,0.75,0.5,-0.25,4.0
18966,1,2,SZ,1,1,0.9444444444444444,18,1.0,2,1.0,1.0,1.0,1.0,1.0,1.0,,,,
18966,2,4,SZ,2,1,0.23333333333333334,30,0.0,4,0.0,2.0,1.0,2.0,0.0,2.0,2.735294117647059,2.235294117647059,-0.5,34.0
18966,3,6,SZ,3,1,0.46296296296296297,54,0.16666666666666666,6,0.5,2.0,0.0,4.0,0.0,4.0,2.9722222222222223,1.4444444444444444,-1.5277777777777777,36.0
18966,4,5,SZ,4,1,0.6222222222222222,45,0.4,5,1.0,2.0,0.6666666666666666,3.0,0.0,3.0,2.380952380952381,2.7142857142857144,0.3333333333333333,21.0
18966,5,3,SZ,5,1,0.9259259259259259,27,1.0,3,1.0,1.0,1.0,2.0,1.0,2.0,,,,
18966,6,2,SZ,6,2,0.9444444444444444,18,1.0,2,1.0,1.0,1.0,1.0,1.0,1.0,,,,
18966,7,2,SZ,7,3,0.47058823529411764,17,0.0,2,0.0,1.0,0.0,1.0,0.0,1.0,1.25,0.75,-0.5,8.0
18966,8,6,SZ,8,2,0.6111111111111112,54,0.6666666666666666,6,1.0,2.0,0.75,4.0,0.5,4.0,1.588235294117647,1.0588235294117647,-0.5294117647058824,17.0
18966,9,5,SZ,9,2,0.6444444444444445,45,0.6,5,1.0,3.0,0.5,2.0,0.0,2.0,2.8095238095238093,2.5714285714285716,-0.23809523809523808,21.0
18966,10,2,SZ,10,4,0.8235294117647058,17,0.5,2,1.0,1.0,1.0,1.0,0.0,1.0,0.5,1.0,0.5,2.0
18966,11,4,SZ,11,2,0.6111111111111112,36,0.75,4,,0.0,1.0,4.0,0.75,4.0,1.3,1.4,0.1,10.0
18966,12,5,SZ,12,3,0.4444444444444444,45,0.6,5,,0.0,0.6,5.0,0.6,5.0,2.6875,1.15625,-1.53125,32.0
18966,13,3,SZ,13,2,0.6666666666666666,27,0.6666666666666666,3,,0.0,0.6666666666666666,3.0,0.6666666666666666,3.0,1.5,0.6666666666666666,-0.8333333333333334,6.0
21407,1,2,SZ,1,1,0.9444444444444444,18,1.0,2,1.0,2.0,,0.0,,0.0,0.0,0.0,0.0,1.0
21407,2,2,SZ,2,2,0.8333333333333334,18,0.5,2,0.0,1.0,1.0,1.0,1.0,1.0,0.5,0.0,-0.5,2.0
21407,3,3,SZ,3,1,0.7777777777777778,27,0.6666666666666666,3,,0.0,1.0,3.0,0.6666666666666666,3.0,0.3333333333333333,1.0,0.6666666666666666,3.0
21407,4,6,SZ,4,1,0.5,54,0.3333333333333333,6,1.0,2.0,1.0,4.0,0.0,4.0,2.71875,2.375,-0.34375,32.0
21407,5,2,SZ,5,3,0.8888888888888888,18,0.5,2,1.0,1.0,1.0,1.0,0.0,1.0,0.3333333333333333,0.6666666666666666,0.3333333333333333,3.0
21407,6,5,SZ,6,1,0.7777777777777778,45,0.8,5,1.0,1.0,0.75,4.0,0.75,4.0,1.0909090909090908,1.6363636363636365,0.5454545454545454,11.0
21407,7,4,SZ,7,1,0.8333333333333334,36,0.5,4,1.0,2.0,0.5,2.0,0.0,2.0,0.8,1.0,0.2,5.0
21407,8,5,SZ,8,2,0.6818181818181818,44,0.6,5,1.0,2.0,1.0,3.0,0.3333333333333333,3.0,1.1818181818181819,1.5454545454545454,0.36363636363636365,11.0
21407,9,6,SZ,9,2,0.7592592592592593,54,0.6666666666666666,6,1.0,2.0,1.0,4.0,0.5,4.0,0.7777777777777778,0.8888888888888888,0.1111111111111111,9.0
21407,10,2,SZ,10,4,0.7777777777777778,18,0.5,2,,0.0,1.0,2.0,0.5,2.0,0.5,1.0,0.5,2.0
21407,11,3,SZ,11,2,0.9259259259259259,27,1.0,3,1.0,2.0,1.0,1.0,1.0,1.0,1.0,0.0,-1.0,1.0
21407,12,5,SZ,12,3,0.7555555555555555,45,0.4,5,1.0,2.0,0.6666666666666666,3.0,0.0,3.0,0.75,0.25,-0.5,8.0
21407,13,4,SZ,13,2,0.8611111111111112,36,0.75,4,1.0,3.0,1.0,1.0,0.0,1.0,0.5,1.0,0.5,4.0
22026,1,4,SZ,1,1,0.6111111111111112,36,0.75,4,0.5,2.0,1.0,2.0,1.0,2.0,1.3333333333333333,1.6111111111111112,0.2777777777777778,18.0
22026,2,5,SZ,2,1,0.4444444444444444,45,0.2,5,0.0,2.0,0.6666666666666666,3.0,0.3333333333333333,3.0,1.5925925925925926,1.5185185185185186,-0.07407407407407407,27.0
22026,3,2,SZ,3,1,0.8333333333333334,18,1.0,2,,0.0,1.0,2.0,1.0,2.0,1.0,0.0,-1.0,1.0
22026,4,3,SZ,4,1,0.9230769230769231,26,1.0,3,1.0,2.0,,0.0,,0.0,0.0,0.0,0.0,2.0
22026,5,6,SZ,5,1,0.4074074074074074,54,0.3333333333333333,6,0.0,1.0,0.6,5.0,0.4,5.0,2.55,1.575,-0.975,40.0
22026,6,2,SZ,6,2,0.9444444444444444,18,1.0,2,1.0,2.0,,0.0,,0.0,0.75,0.0,-0.75,4.0
22026,7,2,SZ,7,3,0.5555555555555556,18,0.5,2,1.0,1.0,1.0,1.0,0.0,1.0,1.7777777777777777,0.8888888888888888,-0.8888888888888888,9.0
22026,8,5,SZ,8,2,0.7555555555555555,45,0.6,5,1.0,1.0,0.75,4.0,0.5,4.0,1.1428571428571428,0.8571428571428571,-0.2857142857142857,7.0
22026,9,6,SZ,9,2,0.76,50,0.5,6,0.5,2.0,0.6666666666666666,3.0,0.6666666666666666,3.0,1.6363636363636365,0.36363636363636365,-1.2727272727272727,11.0
22026,10,4,SZ,10,2,0.8285714285714286,35,0.75,4,1.0,2.0,1.0,1.0,1.0,1.0,0.6,0.6,0.0,5.0
22026,11,5,SZ,11,3,0.6,45,0.6,5,1.0,2.0,1.0,3.0,0.3333333333333333,3.0,1.4761904761904763,1.4285714285714286,-0.047619047619047616,21.0
22026,12,2,SZ,12,4,0.7222222222222222,18,0.5,2,,0.0,1.0,2.0,0.5,2.0,0.3333333333333333,1.0,0.6666666666666666,3.0
22026,13,3,SZ,13,2,0.5555555555555556,27,0.3333333333333333,3,,0.0,1.0,3.0,0.3333333333333333,3.0,2.0,1.0,-1.0,14.0
23387,1,2,SZ,1,1,1.0,18,1.0,2,1.0,2.0,,0.0,,0.0,,,,
23387,2,6,SZ,2,1,0.4074074074074074,54,0.3333333333333333,6,1.0,1.0,0.4,5.0,0.2,5.0,2.75,2.1136363636363638,-0.6363636363636364,44.0
23387,3,3,SZ,3,1,0.7407407407407407,27,0.3333333333333333,3,1.0,1.0,0.0,2.0,0.0,2.0,0.8,1.0,0.2,5.0
23387,4,2,SZ,4,2,0.7222222222222222,18,0.0,2,,0.0,0.5,2.0,0.0,2.0,0.3333333333333333,1.0,0.6666666666666666,3.0
23387,5,4,SZ,5,1,0.8333333333333334,36,0.5,4,0.3333333333333333,3.0,1.0,1.0,1.0,1.0,0.6666666666666666,0.3333333333333333,-0.3333333333333333,6.0
23387,6,2,SZ,6,3,0.9444444444444444,18,1.0,2,1.0,1.0,1.0,1.0,1.0,1.0,0.0,1.0,1.0,1.0
23387,7,5,SZ,7,1,0.7045454545454546,44,0.4,5,0.5,2.0,1.0,2.0,0.5,2.0,1.25,0.6666666666666666,-0.5833333333333334,12.0
23387,8,6,SZ,8,2,0.7777777777777778,54,0.8333333333333334,6,1.0,4.0,0.5,2.0,0.5,2.0,1.6,0.1,-1.5,10.0
23387,9,5,SZ,9,2,0.6818181818181818,44,0.8,5,1.0,1.0,1.0,3.0,0.6666666666666666,3.0,1.4545454545454546,1.4545454545454546,0.0,11.0
23387,10,2,SZ,10,4,0.6470588235294118,17,0.5,2,1.0,1.0,1.0,1.0,0.0,1.0,1.1666666666666667,1.3333333333333333,0.16666666666666666,6.0
23387,11,3,SZ,11,2,0.9259259259259259,27,1.0,3,1.0,3.0,,0.0,,0.0,0.0,0.0,0.0,2.0
23387,12,4,SZ,12,2,0.8055555555555556,36,0.5,4,1.0,1.0,0.6666666666666666,3.0,0.3333333333333333,3.0,0.75,1.0,0.25,4.0
23387,13,5,SZ,13,3,0.8666666666666667,45,0.8,5,1.0,3.0,1.0,2.0,0.5,2.0,0.5,1.0,0.5,4.0
24197,1,6,SZ,1,1,0.7037037037037037,54,0.8333333333333334,6,1.0,1.0,1.0,5.0,0.8,5.0,1.6363636363636365,0.9090909090909091,-0.7272727272727273,11.0
24197,2,2,SZ,2,1,0.8888888888888888,18,1.0,2,1.0,1.0,1.0,1.0,1.0,1.0,1.0,0.0,-1.0,1.0
24197,3,3,SZ,3,1,0.7407407407407407,27,0.3333333333333333,3,1.0,1.0,1.0,2.0,0.0,2.0,0.6,1.2,0.6,5.0
24197,4,2,SZ,4,2,0.8333333333333334,18,0.5,2,,0.0,1.0,2.0,0.5,2.0,0.0,1.0,1.0,1.0
24197,5,5,SZ,5,1,0.5333333333333333,45,0.2,5,,0.0,0.6,5.0,0.2,5.0,1.411764705882353,1.7647058823529411,0.35294117647058826,17.0
24197,6,4,SZ,6,1,0.8333333333333334,36,0.75,4,1.0,2.0,1.0,2.0,0.5,2.0,0.25,0.5,0.25,4.0
24197,7,2,SZ,7,3,0.8333333333333334,18,0.5,2,,0.0,1.0,2.0,0.5,2.0,0.0,1.0,1.0,1.0
24197,8,5,SZ,8,2,0.75,44,0.8,5,1.0,1.0,1.0,4.0,0.75,4.0,0.8571428571428571,1.1428571428571428,0.2857142857142857,7.0
24197,9,6,SZ,9,2,0.6481481481481481,54,0.5,6,1.0,1.0,1.0,5.0,0.4,5.0,1.1428571428571428,1.5,0.35714285714285715,14.0
24197,10,2,SZ,10,4,0.9444444444444444,18,1.0,2,1.0,2.0,,0.0,,0.0,0.0,0.0,0.0,1.0
24197,11,3,SZ,11,2,0.8518518518518519,27,0.3333333333333333,3,1.0,1.0,0.5,2.0,0.0,2.0,0.5,0.5,0.0,2.0
24197,12,5,SZ,12,3,0.6888888888888889,45,0.6,5,1.0,2.0,1.0,3.0,0.3333333333333333,3.0,1.0,1.3636363636363635,0.36363636363636365,11.0
24197,13,4,SZ,13,2,0.7222222222222222,36,0.25,4,,0.0,0.5,4.0,0.25,4.0,0.5,0.8333333333333334,0.3333333333333333,6.0
30543,1,6,SZ,1,1,0.42592592592592593,54,0.3333333333333333,6,0.0,2.0,1.0,4.0,0.5,4.0,3.2954545454545454,1.8636363636363635,-1.4318181818181819,44.0
30543,2,3,SZ,2,1,0.4444444444444444,27,0.3333333333333333,3,0.0,2.0,1.0,1.0,1.0,1.0,1.9523809523809523,1.4761904761904763,-0.47619047619047616,21.0
30543,3,5,SZ,3,1,0.4888888888888889,45,0.6,5,0.0,1.0,1.0,4.0,0.75,4.0,1.9523809523809523,1.2380952380952381,-0.7142857142857143,21.0
30543,4,2,SZ,4,1,0.8333333333333334,18,1.0,2,,0.0,1.0,2.0,1.0,2.0,1.0,0.0,-1.0,1.0
30543,5,2,SZ,5,2,0.7777777777777778,18,0.5,2,1.0,1.0,0.0,1.0,0.0,1.0,0.3333333333333333,0.6666666666666666,0.3333333333333333,3.0
30543,6,2,SZ,6,3,0.7222222222222222,18,1.0,2,1.0,1.0,1.0,1.0,1.0,1.0,0.5,0.5,0.0,4.0
30543,7,4,SZ,7,1,0.17142857142857143,35,0.25,4,,0.0,1.0,4.0,0.25,4.0,3.0,2.9743589743589745,-0.02564102564102564,39.0
30543,8,5,SZ,8,2,0.5777777777777777,45,0.4,5,0.3333333333333333,3.0,0.5,2.0,0.5,2.0,1.8,1.76,-0.04,25.0
30543,9,6,SZ,9,2,0.4074074074074074,54,0.8333333333333334,6,1.0,3.0,1.0,3.0,0.6666666666666666,3.0,1.8085106382978724,2.2127659574468086,0.40425531914893614,47.0
30543,10,3,SZ,10,2,0.5185185185185185,27,0.3333333333333333,3,,0.0,1.0,3.0,0.3333333333333333,3.0,1.5384615384615385,1.3076923076923077,-0.23076923076923078,13.0
30543,11,5,SZ,11,3,0.5333333333333333,45,0.4,5,0.5,2.0,0.3333333333333333,3.0,0.3333333333333333,3.0,2.2,1.84,-0.36,25.0
30543,12,2,SZ,12,4,0.8333333333333334,18,1.0,2,,0.0,1.0,2.0,1.0,2.0,0.0,1.0,1.0,1.0
30543,13,4,SZ,13,2,0.8333333333333334,36,0.75,4,1.0,2.0,1.0,2.0,0.5,2.0,1.2,1.0,-0.2,5.0
31274,1,2,SZ,1,1,0.8888888888888888,18,0.5,2,1.0,1.0,1.0,1.0,0.0,1.0,0.0,1.0,1.0,1.0
31274,2,3,SZ,2,1,0.5185185185185185,27,0.3333333333333333,3,0.0,1.0,1.0,2.0,0.5,2.0,1.4545454545454546,1.4545454545454546,0.0,11.0
31274,3,2,SZ,3,2,0.7777777777777778,18,0.5,2,,0.0,1.0,2.0,0.5,2.0,0.5,1.0,0.5,2.0
31274,4,6,SZ,4,1,0.6666666666666666,54,0.6666666666666666,6,1.0,2.0,0.75,4.0,0.5,4.0,1.8666666666666667,1.2,-0.6666666666666666,15.0
31274,5,2,SZ,5,3,0.9444444444444444,18,1.0,2,1.0,1.0,1.0,1.0,1.0,1.0,,,,
31274,6,5,SZ,6,1,0.3111111111111111,45,0.4,5,,0.0,0.6,5.0,0.4,5.0,3.4634146341463414,1.7560975609756098,-1.7073170731707317,41.0
31274,7,4,SZ,7,1,0.6944444444444444,36,0.5,4,0.6666666666666666,3.0,1.0,1.0,0.0,1.0,1.4210526315789473,0.8421052631578947,-0.5789473684210527,19.0
31274,8,6,SZ,8,2,0.7222222222222222,54,0.8333333333333334,6,1.0,4.0,1.0,2.0,0.5,2.0,1.0769230769230769,1.3076923076923077,0.23076923076923078,13.0
31274,9,5,SZ,9,2,0.6666666666666666,45,0.2,5,0.0,1.0,1.0,4.0,0.25,4.0,0.8181818181818182,1.2727272727272727,0.45454545454545453,11.0
31274,10,2,SZ,10,4,0.8888888888888888,18,1.0,2,1.0,1.0,1.0,1.0,1.0,1.0,0.0,0.0,0.0,1.0
31274,11,3,SZ,11,2,0.9615384615384616,26,1.0,3,1.0,2.0,1.0,1.0,1.0,1.0,0.0,0.0,0.0,1.0
31274,12,5,SZ,12,3,0.5555555555555556,45,0.2,5,1.0,1.0,1.0,4.0,0.0,4.0,2.1923076923076925,1.7692307692307692,-0.4230769230769231,26.0
31274,13,4,SZ,13,2,0.6666666666666666,36,0.5,4,0.5,2.0,0.5,2.0,0.5,2.0,0.8,1.1,0.3,10.0
31307,1,2,SZ,1,1,0.8333333333333334,18,1.0,2,1.0,1.0,1.0,1.0,1.0,1.0,0.5,0.0,-0.5,2.0
31307,2,2,SZ,2,2,0.8888888888888888,18,0.5,2,1.0,1.0,1.0,1.0,0.0,1.0,0.0,1.0,1.0,1.0
31307,3,3,SZ,3,1,0.6296296296296297,27,0.0,3,0.0,1.0,0.5,2.0,0.0,2.0,0.75,1.25,0.5,8.0
31307,4,6,SZ,4,1,0.5555555555555556,54,0.3333333333333333,6,0.3333333333333333,3.0,0.6666666666666666,3.0,0.3333333333333333,3.0,2.032258064516129,1.5483870967741935,-0.4838709677419355,31.0
31307,5,4,SZ,5,1,0.7222222222222222,36,0.5,4,,0.0,0.75,4.0,0.5,4.0,1.0,1.0,0.0,6.0
31307,6,5,SZ,6,1,0.6666666666666666,45,0.4,5,0.0,1.0,1.0,4.0,0.5,4.0,1.1666666666666667,0.5,-0.6666666666666666,12.0
31307,7,2,SZ,7,3,0.8333333333333334,18,1.0,2,,0.0,1.0,2.0,1.0,2.0,0.5,1.0,0.5,2.0
31307,8,6,SZ,8,2,0.5185185185185185,54,0.3333333333333333,6,,0.0,0.5,6.0,0.3333333333333333,6.0,2.269230769230769,2.269230769230769,0.0,26.0
31307,9,5,SZ,9,2,0.6222222222222222,45,0.2,5,,0.0,0.8,5.0,0.2,5.0,1.2307692307692308,1.3076923076923077,0.07692307692307693,13.0
31307,10,2,SZ,10,4,0.7777777777777778,18,0.5,2,,0.0,1.0,2.0,0.5,2.0,0.5,1.0,0.5,2.0
31307,11,3,SZ,11,2,0.8518518518518519,27,1.0,3,,0.0,1.0,3.0,1.0,3.0,0.0,1.0,1.0,2.0
31307,12,4,SZ,12,2,0.75,36,0.75,4,1.0,1.0,0.6666666666666666,3.0,0.6666666666666666,3.0,0.7142857142857143,1.1428571428571428,0.42857142857142855,7.0
31307,13,5,SZ,13,3,0.7555555555555555,45,1.0,5,1.0,1.0,1.0,4.0,1.0,4.0,1.5,1.125,-0.375,8.0
31678,1,3,SZ,1,1,0.37037037037037035,27,0.0,3,,0.0,0.3333333333333333,3.0,0.0,3.0,2.4166666666666665,2.375,-0.041666666666666664,24.0
31678,2,2,SZ,2,1,0.4444444444444444,18,0.5,2,0.0,1.0,1.0,1.0,1.0,1.0,2.823529411764706,1.6470588235294117,-1.1764705882352942,17.0
31678,3,5,SZ,3,1,0.3333333333333333,45,0.4,5,0.0,1.0,1.0,4.0,0.5,4.0,2.7291666666666665,2.4583333333333335,-0.2708333333333333,48.0
31678,4,4,SZ,4,1,0.4166666666666667,36,0.25,4,0.0,2.0,1.0,2.0,0.5,2.0,3.03125,1.03125,-2.0,32.0
31678,5,2,SZ,5,2,0.5555555555555556,18,1.0,2,,0.0,1.0,2.0,1.0,2.0,1.1428571428571428,1.1428571428571428,0.0,7.0
31678,6,6,SZ,6,1,0.3148148148148148,54,0.16666666666666666,6,0.0,2.0,1.0,4.0,0.25,4.0,2.7049180327868854,2.721311475409836,0.01639344262295082,61.0
31678,7,2,SZ,7,3,0.8888888888888888,18,1.0,2,1.0,1.0,1.0,1.0,1.0,1.0,0.3333333333333333,0.3333333333333333,0.0,3.0
31678,8,5,SZ,8,2,0.3111111111111111,45,0.2,5,0.0,1.0,0.75,4.0,0.25,4.0,2.608695652173913,2.3043478260869565,-0.30434782608695654,46.0
31678,9,6,SZ,9,2,0.35185185185185186,54,0.5,6,0.3333333333333333,3.0,0.6666666666666666,3.0,0.6666666666666666,3.0,2.542372881355932,2.5254237288135593,-0.01694915254237288,59.0
31678,10,3,SZ,10,2,0.34615384615384615,26,0.6666666666666666,3,,0.0,0.6666666666666666,3.0,0.6666666666666666,3.0,2.6666666666666665,1.5238095238095237,-1.1428571428571428,21.0
31678,11,2,SZ,11,4,0.2777777777777778,18,0.0,2,0.0,1.0,1.0,1.0,0.0,1.0,2.4,2.7,0.3,20.0
31678,12,5,SZ,12,3,0.38636363636363635,44,0.6,5,0.5,2.0,1.0,3.0,0.6666666666666666,3.0,2.3043478260869565,2.5,0.1956521739130435,46.0
31678,13,4,SZ,13,2,0.3142857142857143,35,0.3333333333333333,3,,0.0,0.6666666666666666,3.0,0.3333333333333333,3.0,2.9696969696969697,2.3636363636363638,-0.6060606060606061,33.0
50207,1,3,SZ,1,1,0.8148148148148148,27,0.6666666666666666,3,,0.0,0.6666666666666666,3.0,0.6666666666666666,3.0,0.5,0.5,0.0,2.0
50207,2,2,SZ,2,1,0.8888888888888888,18,0.5,2,1.0,1.0,1.0,1.0,0.0,1.0,0.0,1.0,1.0,1.0
50207,3,6,SZ,3,1,0.6481481481481481,54,0.5,6,0.6,5.0,0.0,1.0,0.0,1.0,1.9333333333333333,1.2666666666666666,-0.6666666666666666,30.0
50207,4,2,SZ,4,2,0.8333333333333334,18,0.5,2,1.0,1.0,1.0,1.0,0.0,1.0,0.0,0.5,0.5,2.0
50207,5,5,SZ,5,1,0.4888888888888889,45,0.6,5,0.0,2.0,1.0,3.0,1.0,3.0,2.6296296296296298,1.5185185185185186,-1.1111111111111112,27.0
50207,6,2,SZ,6,3,0.9444444444444444,18,1.0,2,1.0,1.0,1.0,1.0,1.0,1.0,,,,
50207,7,4,SZ,7,1,0.8888888888888888,36,1.0,4,1.0,2.0,1.0,2.0,1.0,2.0,0.0,0.5,0.5,2.0
50207,8,6,SZ,8,2,0.7962962962962963,54,0.3333333333333333,6,0.5,4.0,1.0,2.0,0.0,2.0,0.6666666666666666,0.3333333333333333,-0.3333333333333333,9.0
50207,9,5,SZ,9,2,0.5777777777777777,45,0.6,5,0.5,2.0,1.0,3.0,0.6666666666666666,3.0,1.0625,1.25,0.1875,16.0
50207,10,3,SZ,10,2,0.7037037037037037,27,0.3333333333333333,3,1.0,1.0,1.0,2.0,0.0,2.0,0.8333333333333334,1.3333333333333333,0.5,6.0
50207,11,2,SZ,11,4,0.8333333333333334,18,0.5,2,,0.0,1.0,2.0,0.5,2.0,0.0,1.0,1.0,1.0
50207,12,5,SZ,12,3,0.6888888888888889,45,0.4,5,0.5,2.0,0.6666666666666666,3.0,0.3333333333333333,3.0,1.1818181818181819,0.9090909090909091,-0.2727272727272727,11.0
50207,13,4,SZ,13,2,0.8055555555555556,36,1.0,4,1.0,2.0,1.0,2.0,1.0,2.0,1.2,0.0,-1.2,5.0
52424,1,2,SZ,1,1,0.9444444444444444,18,1.0,2,1.0,1.0,1.0,1.0,1.0,1.0,,,,
52424,2,4,SZ,2,1,0.4166666666666667,36,0.25,4,0.0,2.0,1.0,2.0,0.5,2.0,2.4482758620689653,1.6551724137931034,-0.7931034482758621,29.0
52424,3,5,SZ,3,1,0.38636363636363635,44,0.2,5,1.0,1.0,0.75,4.0,0.0,4.0,2.8,2.975,0.175,40.0
52424,4,3,SZ,4,1,0.5,26,0.5,2,1.0,1.0,1.0,1.0,0.0,1.0,2.3181818181818183,2.3636363636363638,0.045454545454545456,22.0
52424,5,2,SZ,5,2,0.6666666666666666,18,0.0,2,0.0,1.0,1.0,1.0,0.0,1.0,0.4,1.0,0.6,5.0
52424,6,2,SZ,6,3,0.7777777777777778,18,0.5,2,1.0,1.0,1.0,1.0,0.0,1.0,1.5,1.0,-0.5,4.0
52424,7,6,SZ,7,1,0.3333333333333333,48,0.2,5,0.0,1.0,0.5,4.0,0.25,4.0,3.0833333333333335,2.4375,-0.6458333333333334,48.0
52424,8,6,SZ,8,2,0.37254901960784315,51,0.3333333333333333,6,1.0,2.0,0.25,4.0,0.0,4.0,2.7435897435897436,2.3076923076923075,-0.4358974358974359,39.0
52424,9,5,SZ,9,2,0.46153846153846156,39,0.5,4,1.0,1.0,0.6666666666666666,3.0,0.3333333333333333,3.0,2.2916666666666665,1.875,-0.4166666666666667,24.0
52424,10,2,SZ,10,4,0.7647058823529411,17,0.0,2,,0.0,0.5,2.0,0.0,2.0,0.5,0.5,0.0,2.0
52424,11,4,SZ,11,2,0.59375,32,0.75,4,0.5,2.0,1.0,1.0,1.0,1.0,1.8333333333333333,0.8333333333333334,-1.0,18.0
52424,12,5,SZ,12,3,0.475,40,0.2,5,1.0,1.0,0.3333333333333333,3.0,0.0,3.0,2.736842105263158,1.4473684210526316,-1.2894736842105263,38.0
52424,13,3,SZ,13,2,0.6666666666666666,27,0.3333333333333333,3,0.3333333333333333,3.0,,0.0,,0.0,1.0,1.0,0.0,9.0
56507,1,3,SZ,1,1,0.8518518518518519,27,0.3333333333333333,3,0.5,2.0,0.0,1.0,0.0,1.0,1.0,0.0,-1.0,3.0
56507,2,2,SZ,2,1,0.9444444444444444,18,1.0,2,1.0,1.0,1.0,1.0,1.0,1.0,,,,
56507,3,2,SZ,3,2,0.8333333333333334,18,1.0,2,,0.0,1.0,2.0,1.0,2.0,0.0,1.0,1.0,1.0
56507,4,2,SZ,4,3,0.5882352941176471,17,0.0,2,,0.0,0.5,2.0,0.0,2.0,1.0,0.8,-0.2,5.0
56507,5,6,SZ,5,1,0.6981132075471698,53,0.6666666666666666,6,0.5,2.0,1.0,4.0,0.75,4.0,0.9166666666666666,0.6666666666666666,-0.25,12.0
56507,6,4,SZ,6,1,0.5454545454545454,33,0.5,4,,0.0,0.6666666666666666,3.0,0.6666666666666666,3.0,1.0,1.3333333333333333,0.3333333333333333,12.0
56507,7,5,SZ,7,1,0.7555555555555555,45,0.4,5,1.0,1.0,0.25,4.0,0.25,4.0,0.8571428571428571,1.1428571428571428,0.2857142857142857,7.0
56507,8,6,SZ,8,2,0.3333333333333333,54,0.16666666666666666,6,0.0,1.0,0.4,5.0,0.2,5.0,3.0638297872340425,2.234042553191489,-0.8297872340425532,47.0
56507,9,5,SZ,9,2,0.6666666666666666,45,0.6,5,1.0,1.0,0.75,4.0,0.5,4.0,1.0833333333333333,0.8333333333333334,-0.25,12.0
56507,10,3,SZ,10,2,0.7777777777777778,27,0.6666666666666666,3,1.0,2.0,0.0,1.0,0.0,1.0,0.8,0.0,-0.8,5.0
56507,11,2,SZ,11,4,0.8333333333333334,18,0.5,2,0.0,1.0,1.0,1.0,1.0,1.0,0.0,0.5,0.5,2.0
56507,12,4,SZ,12,2,0.6944444444444444,36,0.5,4,1.0,2.0,0.0,2.0,0.0,2.0,1.3636363636363635,0.5454545454545454,-0.8181818181818182,11.0
56507,13,5,SZ,13,3,0.8888888888888888,45,0.8,5,1.0,3.0,0.5,2.0,0.5,2.0,0.6666666666666666,0.6666666666666666,0.0,3.0
56970,1,2,SZ,1,1,0.8333333333333334,18,0.5,2,,0.0,1.0,2.0,0.5,2.0,0.0,1.0,1.0,1.0
56970,2,6,SZ,2,1,0.5384615384615384,52,0.4,5,1.0,2.0,0.6666666666666666,3.0,0.0,3.0,3.1621621621621623,1.6756756756756757,-1.4864864864864864,37.0
56970,3,3,SZ,3,1,0.8148148148148148,27,0.6666666666666666,3,1.0,2.0,0.0,1.0,0.0,1.0,1.5,0.0,-1.5,4.0
56970,4,2,SZ,4,2,0.9444444444444444,18,1.0,2,1.0,1.0,1.0,1.0,1.0,1.0,,,,
56970,5,4,SZ,5,1,0.6111111111111112,36,0.5,4,,0.0,1.0,4.0,0.5,4.0,2.0833333333333335,2.6666666666666665,0.5833333333333334,12.0
56970,6,5,SZ,6,1,0.6666666666666666,45,0.4,5,0.3333333333333333,3.0,1.0,2.0,0.5,2.0,1.7333333333333334,0.26666666666666666,-1.4666666666666666,15.0
56970,7,2,SZ,7,3,0.8888888888888888,18,1.0,2,,0.0,1.0,2.0,1.0,2.0,,,,
56970,8,6,SZ,8,2,0.5769230769230769,52,0.2,5,0.0,1.0,0.75,4.0,0.25,4.0,1.1666666666666667,1.0,-0.16666666666666666,18.0
56970,9,5,SZ,9,2,0.7555555555555555,45,0.6,5,1.0,3.0,0.5,2.0,0.0,2.0,1.4444444444444444,1.7777777777777777,0.3333333333333333,9.0
56970,10,2,SZ,10,4,0.8888888888888888,18,0.5,2,1.0,1.0,1.0,1.0,0.0,1.0,0.0,1.0,1.0,1.0
56970,11,3,SZ,11,2,0.7037037037037037,27,0.3333333333333333,3,1.0,1.0,1.0,2.0,0.0,2.0,0.8333333333333334,1.3333333333333333,0.5,6.0
56970,12,4,SZ,12,2,0.7428571428571429,35,0.5,4,1.0,2.0,0.5,2.0,0.0,2.0,1.5714285714285714,1.0,-0.5714285714285714,7.0
56970,13,5,SZ,13,3,0.7045454545454546,44,0.4,5,1.0,1.0,1.0,4.0,0.25,4.0,0.7777777777777778,1.0,0.2222222222222222,9.0
57060,1,3,SZ,1,1,0.4074074074074074,27,0.0,3,,0.0,0.6666666666666666,3.0,0.0,3.0,1.8666666666666667,2.0,0.13333333333333333,15.0
57060,2,4,SZ,2,1,0.6944444444444444,36,0.75,4,,0.0,0.75,4.0,0.75,4.0,1.8571428571428572,0.42857142857142855,-1.4285714285714286,7.0
57060,3,2,SZ,3,1,0.9444444444444444,18,1.0,2,1.0,2.0,,0.0,,0.0,0.0,0.0,0.0,1.0
57060,4,2,SZ,4,2,1.0,18,1.0,2,1.0,2.0,,0.0,,0.0,,,,
57060,5,2,SZ,5,3,0.7222222222222222,18,0.5,2,,0.0,0.5,2.0,0.5,2.0,1.0,1.0,0.0,3.0
57060,6,5,SZ,6,1,0.6888888888888889,45,0.4,5,1.0,1.0,0.5,4.0,0.25,4.0,1.1,1.2,0.1,10.0
57060,7,6,SZ,7,1,0.7222222222222222,54,0.6666666666666666,6,1.0,1.0,0.6,5.0,0.6,5.0,1.5,1.3,-0.2,10.0
57060,8,6,SZ,8,2,0.5185185185185185,54,0.3333333333333333,6,1.0,2.0,0.25,4.0,0.0,4.0,2.206896551724138,2.586206896551724,0.3793103448275862,29.0
57060,9,5,SZ,9,2,0.5333333333333333,45,0.2,5,1.0,1.0,0.75,4.0,0.0,4.0,1.3333333333333333,1.5555555555555556,0.2222222222222222,18.0
57060,10,3,SZ,10,2,0.14814814814814814,27,0.6666666666666666,3,1.0,1.0,1.0,2.0,0.5,2.0,2.0384615384615383,2.5384615384615383,0.5,26.0
57060,11,4,SZ,11,2,0.9444444444444444,36,1.0,4,1.0,4.0,,0.0,,0.0,0.0,0.5,0.5,2.0
57060,12,2,SZ,12,4,0.8333333333333334,18,0.5,2,,0.0,1.0,2.0,0.5,2.0,0.0,1.0,1.0,1.0
57060,13,5,SZ,13,3,0.6666666666666666,45,0.6,5,0.6666666666666666,3.0,0.5,2.0,0.5,2.0,1.3076923076923077,1.2307692307692308,-0.07692307692307693,13.0
57385,1,3,SZ,1,1,0.7037037037037037,27,0.3333333333333333,3,1.0,1.0,0.0,2.0,0.0,2.0,1.1666666666666667,1.0,-0.16666666666666666,6.0
57385,2,2,SZ,2,1,0.8333333333333334,18,0.5,2,,0.0,1.0,2.0,0.5,2.0,0.0,1.0,1.0,1.0
57385,3,5,SZ,3,1,0.7777777777777778,45,0.4,5,,0.0,1.0,5.0,0.4,5.0,0.6,1.0,0.4,5.0
57385,4,2,SZ,4,2,0.9444444444444444,18,1.0,2,1.0,1.0,1.0,1.0,1.0,1.0,,,,
57385,5,4,SZ,5,1,0.9444444444444444,36,1.0,4,1.0,2.0,1.0,2.0,1.0,2.0,,,,
57385,6,2,SZ,6,3,0.9444444444444444,18,1.0,2,1.0,1.0,1.0,1.0,1.0,1.0,,,,
57385,7,6,SZ,7,1,0.6111111111111112,54,0.3333333333333333,6,1.0,1.0,0.4,5.0,0.2,5.0,1.3157894736842106,1.631578947368421,0.3157894736842105,19.0
57385,8,5,SZ,8,2,0.8888888888888888,45,0.8,5,1.0,1.0,1.0,4.0,0.75,4.0,0.0,1.0,1.0,1.0
57385,9,6,SZ,9,2,0.48148148148148145,54,0.16666666666666666,6,0.0,1.0,1.0,5.0,0.2,5.0,1.2608695652173914,1.6956521739130435,0.43478260869565216,23.0
57385,10,3,SZ,10,2,0.8518518518518519,27,0.6666666666666666,3,1.0,1.0,1.0,2.0,0.5,2.0,0.0,1.0,1.0,2.0
57385,11,2,SZ,11,4,0.7777777777777778,18,0.5,2,,0.0,1.0,2.0,0.5,2.0,0.6666666666666666,0.6666666666666666,0.0,3.0
57385,12,5,SZ,12,3,0.9111111111111111,45,0.8,5,1.0,2.0,0.6666666666666666,3.0,0.6666666666666666,3.0,1.0,0.0,-1.0,1.0
57385,13,4,SZ,13,2,0.6944444444444444,36,0.5,4,1.0,2.0,0.0,2.0,0.0,2.0,0.8888888888888888,1.3333333333333333,0.4444444444444444,9.0
58296,1,3,HC,1,1,0.9629629629629629,27,1.0,3,1.0,3.0,,0.0,,0.0,0.0,0.0,0.0,1.0
58296,2,2,HC,2,1,0.9444444444444444,18,1.0,2,1.0,1.0,1.0,1.0,1.0,1.0,,,,
58296,3,2,HC,3,2,0.8888888888888888,18,1.0,2,,0.0,1.0,2.0,1.0,2.0,,,,
58296,4,2,HC,4,3,0.8888888888888888,18,1.0,2,1.0,1.0,1.0,1.0,1.0,1.0,0.0,0.0,0.0,1.0
58296,5,6,HC,5,1,0.8888888888888888,54,1.0,6,1.0,6.0,,0.0,,0.0,1.6666666666666667,0.0,-1.6666666666666667,6.0
58296,6,4,HC,6,1,0.7222222222222222,36,0.25,4,1.0,1.0,1.0,3.0,0.0,3.0,0.5714285714285714,1.1428571428571428,0.5714285714285714,7.0
58296,7,5,HC,7,1,0.7111111111111111,45,0.8,5,1.0,1.0,1.0,4.0,0.75,4.0,2.5454545454545454,2.5454545454545454,0.0,11.0
58296,8,6,HC,8,2,0.8703703703703703,54,0.6666666666666666,6,1.0,4.0,0.5,2.0,0.0,2.0,0.8,0.2,-0.6,5.0
58296,9,5,HC,9,2,0.6444444444444445,45,0.4,5,1.0,1.0,0.75,4.0,0.25,4.0,1.2307692307692308,1.0,-0.23076923076923078,13.0
58296,10,3,HC,10,2,0.9629629629629629,27,1.0,3,1.0,2.0,1.0,1.0,1.0,1.0,,,,
58296,11,2,HC,11,4,0.7222222222222222,18,0.0,2,0.0,1.0,1.0,1.0,0.0,1.0,0.5,1.0,0.5,4.0
58296,12,4,HC,12,2,0.5,36,0.5,4,1.0,1.0,1.0,3.0,0.3333333333333333,3.0,1.85,2.0,0.15,20.0
58296,13,5,HC,13,3,0.6888888888888889,45,0.8,5,,0.0,1.0,5.0,0.8,5.0,1.4444444444444444,1.3333333333333333,-0.1111111111111111,9.0
58803,1,4,SZ,1,1,0.5555555555555556,36,1.0,4,1.0,2.0,1.0,2.0,1.0,2.0,2.68,0.84,-1.84,25.0
58803,2,3,SZ,2,1,0.8518518518518519,27,0.6666666666666666,3,1.0,1.0,1.0,2.0,0.5,2.0,0.0,0.5,0.5,2.0
58803,3,2,SZ,3,1,0.7222222222222222,18,1.0,2,1.0,2.0,,0.0,,0.0,0.6666666666666666,0.5,-0.16666666666666666,6.0
58803,4,5,SZ,4,1,0.8,45,0.4,5,0.3333333333333333,3.0,0.5,2.0,0.5,2.0,1.2857142857142858,0.0,-1.2857142857142858,7.0
58803,5,6,SZ,5,1,0.48148148148148145,54,0.6666666666666666,6,1.0,2.0,0.75,4.0,0.5,4.0,1.6333333333333333,1.5,-0.13333333333333333,30.0
58803,6,2,SZ,6,2,0.2777777777777778,18,0.5,2,,0.0,1.0,2.0,0.5,2.0,2.789473684210526,3.1052631578947367,0.3157894736842105,19.0
58803,7,2,SZ,7,3,0.5,18,0.0,2,,0.0,0.5,2.0,0.0,2.0,1.2857142857142858,1.2857142857142858,0.0,7.0
58803,8,5,SZ,8,2,0.28888888888888886,45,0.2,5,1.0,1.0,0.25,4.0,0.0,4.0,2.6382978723404253,2.4468085106382977,-0.19148936170212766,47.0
58803,9,6,SZ,9,2,0.46296296296296297,54,0.5,6,1.0,2.0,0.75,4.0,0.25,4.0,2.236842105263158,2.5526315789473686,0.3157894736842105,38.0
58803,10,4,SZ,10,2,0.5833333333333334,36,0.75,4,0.5,2.0,1.0,2.0,1.0,2.0,2.5555555555555554,0.7222222222222222,-1.8333333333333333,18.0
58803,11,3,SZ,11,2,0.5925925925925926,27,0.0,3,0.0,1.0,0.5,2.0,0.0,2.0,2.090909090909091,1.4545454545454546,-0.6363636363636364,11.0
58803,12,2,SZ,12,4,1.0,18,1.0,2,1.0,2.0,,0.0,,0.0,,,,
58803,13,5,SZ,13,3,0.5681818181818182,44,0.8,5,1.0,3.0,0.0,1.0,0.0,1.0,1.75,2.0416666666666665,0.2916666666666667,24.0
59398,1,5,SZ,1,1,0.5555555555555556,45,0.4,5,,0.0,1.0,5.0,0.4,5.0,1.9411764705882353,2.0588235294117645,0.11764705882352941,17.0
59398,2,6,SZ,2,1,0.3148148148148148,54,0.5,6,1.0,2.0,0.75,4.0,0.25,4.0,2.116279069767442,2.1627906976744184,0.046511627906976744,43.0
59398,3,2,SZ,3,1,0.9444444444444444,18,1.0,2,1.0,2.0,,0.0,,0.0,0.0,0.0,0.0,1.0
59398,4,3,SZ,4,1,0.7777777777777778,27,0.6666666666666666,3,,0.0,1.0,3.0,0.6666666666666666,3.0,0.3333333333333333,0.6666666666666666,0.3333333333333333,3.0
59398,5,4,SZ,5,1,0.75,36,0.5,4,,0.0,0.75,4.0,0.5,4.0,0.875,1.0,0.125,8.0
59398,6,2,SZ,6,2,0.9444444444444444,18,1.0,2,1.0,1.0,1.0,1.0,1.0,1.0,,,,
59398,7,2,SZ,7,3,0.8888888888888888,18,1.0,2,1.0,1.0,1.0,1.0,1.0,1.0,0.0,1.0,1.0,1.0
59398,8,5,SZ,8,2,0.5555555555555556,45,0.2,5,0.0,1.0,0.75,4.0,0.25,4.0,1.6470588235294117,1.8823529411764706,0.23529411764705882,17.0
59398,9,6,SZ,9,2,0.7037037037037037,54,0.5,6,1.0,2.0,0.5,4.0,0.25,4.0,1.1538461538461537,1.6153846153846154,0.46153846153846156,13.0
59398,10,5,SZ,10,3,0.7333333333333333,45,0.0,5,0.0,1.0,0.75,4.0,0.0,4.0,0.5,0.875,0.375,8.0
59398,11,2,SZ,11,4,0.6666666666666666,18,0.0,2,,0.0,0.5,2.0,0.0,2.0,0.75,1.0,0.25,4.0
59398,12,3,SZ,12,2,0.5185185185185185,27,0.0,3,,0.0,0.6666666666666666,3.0,0.0,3.0,0.9,1.3,0.4,10.0
59398,13,4,SZ,13,2,0.5833333333333334,36,0.5,4,,0.0,1.0,4.0,0.5,4.0,1.2727272727272727,1.3636363636363635,0.09090909090909091,11.0
59422,1,2,HC,1,1,0.8333333333333334,18,0.5,2,,0.0,1.0,2.0,0.5,2.0,0.0,1.0,1.0,1.0
59422,2,5,HC,2,1,0.7555555555555555,45,0.2,5,,0.0,0.6,5.0,0.2,5.0,0.5,0.8333333333333334,0.3333333333333333,6.0
59422,3,2,HC,3,2,0.8333333333333334,18,0.5,2,,0.0,1.0,2.0,0.5,2.0,0.0,1.0,1.0,1.0
59422,4,2,HC,4,3,0.9444444444444444,18,1.0,2,1.0,1.0,1.0,1.0,1.0,1.0,,,,
59422,5,6,HC,5,1,0.9074074074074074,54,0.6666666666666666,6,0.75,4.0,1.0,2.0,0.5,2.0,0.0,0.3333333333333333,0.3333333333333333,3.0
59422,6,4,HC,6,1,0.8055555555555556,36,0.5,4,0.6666666666666666,3.0,1.0,1.0,0.0,1.0,1.0,0.6666666666666666,-0.3333333333333333,6.0
59422,7,3,HC,7,1,0.8148148148148148,27,0.6666666666666666,3,1.0,1.0,1.0,2.0,0.5,2.0,0.3333333333333333,0.6666666666666666,0.3333333333333333,3.0
59422,8,6,HC,8,2,0.7222222222222222,54,0.6666666666666666,6,1.0,1.0,0.6,5.0,0.6,5.0,1.6,1.6,0.0,10.0
59422,9,5,HC,9,2,0.8888888888888888,45,0.8,5,1.0,1.0,0.75,4.0,0.75,4.0,1.0,0.0,-1.0,1.0
59422,10,2,HC,10,4,1.0,18,1.0,2,1.0,2.0,,0.0,,0.0,,,,
59422,11,5,HC,11,3,0.8,45,0.4,5,,0.0,1.0,5.0,0.4,5.0,0.25,0.75,0.5,4.0
59422,12,4,HC,12,2,0.75,36,0.25,4,,0.0,1.0,4.0,0.25,4.0,0.4,1.2,0.8,5.0
59422,13,3,HC,13,2,1.0,27,1.0,3,1.0,3.0,,0.0,,0.0,,,,
59771,1,4,HC,1,1,0.8055555555555556,36,0.5,4,1.0,1.0,1.0,3.0,0.3333333333333333,3.0,0.5,0.75,0.25,4.0
59771,2,3,HC,2,1,0.8888888888888888,27,0.6666666666666666,3,1.0,1.0,1.0,2.0,0.5,2.0,0.0,1.0,1.0,1.0
59771,3,2,HC,3,1,0.9444444444444444,18,1.0,2,1.0,1.0,1.0,1.0,1.0,1.0,,,,
59771,4,2,HC,4,2,0.8888888888888888,18,1.0,2,,0.0,1.0,2.0,1.0,2.0,,,,
59771,5,6,HC,5,1,0.6481481481481481,54,0.5,6,1.0,1.0,0.8,5.0,0.4,5.0,1.2857142857142858,1.7142857142857142,0.42857142857142855,14.0
59771,6,5,HC,6,1,0.6444444444444445,45,0.4,5,1.0,1.0,0.5,4.0,0.25,4.0,1.0833333333333333,1.25,0.16666666666666666,12.0
59771,7,2,HC,7,3,0.8888888888888888,18,0.5,2,1.0,1.0,1.0,1.0,0.0,1.0,0.0,1.0,1.0,1.0
59771,8,5,HC,8,2,0.6888888888888889,45,0.4,5,1.0,1.0,1.0,4.0,0.25,4.0,1.2727272727272727,1.3636363636363635,0.09090909090909091,11.0
59771,9,6,HC,9,2,0.6851851851851852,54,0.5,6,,0.0,0.8333333333333334,6.0,0.5,6.0,1.1818181818181819,0.9090909090909091,-0.2727272727272727,11.0
59771,10,4,HC,10,2,0.8888888888888888,36,0.75,4,1.0,2.0,1.0,2.0,0.5,2.0,0.5,1.0,0.5,2.0
59771,11,3,HC,11,2,0.8518518518518519,27,0.6666666666666666,3,1.0,2.0,1.0,1.0,0.0,1.0,0.3333333333333333,0.6666666666666666,0.3333333333333333,3.0
59771,12,2,HC,12,4,0.9444444444444444,18,1.0,2,1.0,1.0,1.0,1.0,1.0,1.0,,,,
59771,13,5,HC,13,3,0.8666666666666667,45,0.6,5,0.6666666666666666,3.0,1.0,2.0,0.5,2.0,0.5,1.0,0.5,4.0
59916,1,4,SZ,1,1,0.4166666666666667,36,0.5,4,,0.0,0.75,4.0,0.5,4.0,2.6956521739130435,1.608695652173913,-1.0869565217391304,23.0
59916,2,5,SZ,2,1,0.3023255813953488,43,0.4,5,0.5,4.0,1.0,1.0,0.0,1.0,2.803921568627451,2.196078431372549,-0.6078431372549019,51.0
59916,3,2,SZ,3,1,0.7777777777777778,18,0.0,2,,0.0,1.0,2.0,0.0,2.0,0.0,1.0,1.0,2.0
59916,4,2,SZ,4,2,0.8888888888888888,18,1.0,2,,0.0,1.0,2.0,1.0,2.0,0.0,1.0,1.0,1.0
59916,5,3,SZ,5,1,0.5925925925925926,27,1.0,3,1.0,1.0,1.0,2.0,1.0,2.0,1.619047619047619,2.142857142857143,0.5238095238095238,21.0
59916,6,6,SZ,6,1,0.4583333333333333,48,0.5,6,0.3333333333333333,3.0,1.0,3.0,0.6666666666666666,3.0,2.824561403508772,2.6666666666666665,-0.15789473684210525,57.0
59916,7,2,SZ,7,3,0.8888888888888888,18,1.0,2,1.0,1.0,1.0,1.0,1.0,1.0,0.5,1.0,0.5,2.0
59916,8,5,SZ,8,2,0.5454545454545454,44,0.2,5,0.5,2.0,0.3333333333333333,3.0,0.0,3.0,2.2857142857142856,1.6428571428571428,-0.6428571428571429,28.0
59916,9,6,SZ,9,2,0.3137254901960784,51,0.5,6,1.0,1.0,0.75,4.0,0.25,4.0,2.581818181818182,2.4909090909090907,-0.09090909090909091,55.0
59916,10,4,SZ,10,2,0.7222222222222222,36,0.25,4,0.0,2.0,1.0,2.0,0.5,2.0,1.0,0.7777777777777778,-0.2222222222222222,9.0
59916,11,5,SZ,11,3,0.35,40,0.6,5,1.0,2.0,0.6666666666666666,3.0,0.3333333333333333,3.0,2.625,2.3333333333333335,-0.2916666666666667,48.0
59916,12,2,SZ,12,4,0.7777777777777778,18,1.0,2,,0.0,1.0,2.0,1.0,2.0,1.0,0.5,-0.5,4.0
59916,13,3,SZ,13,2,0.6666666666666666,21,0.6666666666666666,3,,0.0,1.0,3.0,0.6666666666666666,3.0,1.4166666666666667,1.1666666666666667,-0.25,12.0
61108,1,3,SZ,1,1,0.6296296296296297,27,0.6666666666666666,3,1.0,2.0,1.0,1.0,0.0,1.0,3.2666666666666666,3.7333333333333334,0.4666666666666667,15.0
61108,2,2,SZ,2,1,0.5,18,0.5,2,1.0,1.0,1.0,1.0,0.0,1.0,3.642857142857143,3.857142857142857,0.21428571428571427,14.0
61108,3,4,SZ,3,1,0.5,36,0.25,4,,0.0,0.75,4.0,0.25,4.0,1.8125,1.125,-0.6875,16.0
61108,4,5,SZ,4,1,0.3333333333333333,45,0.0,5,0.0,2.0,0.6666666666666666,3.0,0.0,3.0,2.3714285714285714,2.4857142857142858,0.11428571428571428,35.0
61108,5,2,SZ,5,2,0.4444444444444444,18,0.0,2,,0.0,0.5,2.0,0.0,2.0,1.25,1.375,0.125,8.0
61108,6,6,SZ,6,1,0.4444444444444444,54,0.3333333333333333,6,1.0,1.0,0.6,5.0,0.2,5.0,2.3783783783783785,2.4594594594594597,0.08108108108108109,37.0
61108,7,2,SZ,7,3,0.7777777777777778,18,0.5,2,1.0,1.0,1.0,1.0,0.0,1.0,0.6666666666666666,1.3333333333333333,0.6666666666666666,3.0
61108,8,6,SZ,8,2,0.8148148148148148,54,0.5,6,1.0,3.0,0.3333333333333333,3.0,0.0,3.0,0.7142857142857143,1.0,0.2857142857142857,7.0
61108,9,5,SZ,9,2,0.5777777777777777,45,0.2,5,1.0,1.0,0.5,4.0,0.0,4.0,1.0,1.4,0.4,15.0
61108,10,3,SZ,10,2,0.8518518518518519,27,0.6666666666666666,3,1.0,1.0,1.0,2.0,0.5,2.0,0.5,1.0,0.5,2.0
61108,11,2,SZ,11,4,0.8333333333333334,18,0.5,2,,0.0,1.0,2.0,0.5,2.0,0.0,1.0,1.0,1.0
61108,12,4,SZ,12,2,0.6111111111111112,36,0.25,4,0.5,2.0,0.5,2.0,0.0,2.0,1.0833333333333333,1.5,0.4166666666666667,12.0
61108,13,5,SZ,13,3,0.7333333333333333,45,0.6,5,1.0,2.0,1.0,3.0,0.3333333333333333,3.0,0.7272727272727273,1.0,0.2727272727272727,11.0
61604,1,2,SZ,1,1,0.7777777777777778,18,0.5,2,1.0,1.0,1.0,1.0,0.0,1.0,1.0,1.0,0.0,3.0
61604,2,5,SZ,2,1,0.8444444444444444,45,0.8,5,1.0,2.0,0.6666666666666666,3.0,0.6666666666666666,3.0,1.0,0.5,-0.5,4.0
61604,3,4,SZ,3,1,0.8,35,0.5,4,1.0,2.0,0.5,2.0,0.0,2.0,1.2,1.0,-0.2,5.0
61604,4,6,SZ,4,1,0.7037037037037037,54,1.0,6,1.0,2.0,1.0,4.0,1.0,4.0,2.533333333333333,1.3333333333333333,-1.2,15.0
61604,5,3,SZ,5,1,1.0,27,1.0,3,1.0,3.0,,0.0,,0.0,,,,
61604,6,2,SZ,6,2,0.9444444444444444,18,1.0,2,1.0,1.0,1.0,1.0,1.0,1.0,,,,
61604,7,2,SZ,7,3,0.7222222222222222,18,0.5,2,,0.0,1.0,2.0,0.5,2.0,0.3333333333333333,1.0,0.6666666666666666,3.0
61604,8,5,SZ,8,2,0.8666666666666667,45,0.6,5,1.0,2.0,0.6666666666666666,3.0,0.3333333333333333,3.0,0.3333333333333333,1.0,0.6666666666666666,3.0
61604,9,6,SZ,9,2,0.8333333333333334,54,0.8333333333333334,6,1.0,1.0,1.0,5.0,0.8,5.0,0.75,0.25,-0.5,4.0
61604,10,2,SZ,10,4,0.9444444444444444,18,1.0,2,1.0,1.0,1.0,1.0,1.0,1.0,,,,
61604,11,5,SZ,11,3,0.7777777777777778,45,0.6,5,1.0,3.0,0.5,2.0,0.0,2.0,0.7777777777777778,1.1111111111111112,0.3333333333333333,9.0
61604,12,4,SZ,12,2,0.7222222222222222,36,0.5,4,1.0,1.0,0.6666666666666666,3.0,0.3333333333333333,3.0,1.2857142857142858,0.5714285714285714,-0.7142857142857143,7.0
61604,13,3,SZ,13,2,0.8888888888888888,27,0.6666666666666666,3,0.0,1.0,1.0,2.0,1.0,2.0,0.0,0.0,0.0,1.0
62008,1,5,SZ,1,1,0.7555555555555555,45,0.6,5,1.0,2.0,1.0,3.0,0.3333333333333333,3.0,0.75,1.25,0.5,8.0
62008,2,3,SZ,2,1,0.8888888888888888,27,0.6666666666666666,3,1.0,1.0,1.0,2.0,0.5,2.0,0.0,1.0,1.0,1.0
62008,3,2,SZ,3,1,0.8888888888888888,18,0.5,2,1.0,1.0,1.0,1.0,0.0,1.0,0.0,1.0,1.0,1.0
62008,4,2,SZ,4,2,0.9444444444444444,18,1.0,2,1.0,1.0,1.0,1.0,1.0,1.0,,,,
62008,5,6,SZ,5,1,0.8518518518518519,54,0.6666666666666666,6,0.6666666666666666,3.0,0.6666666666666666,3.0,0.6666666666666666,3.0,0.6,0.4,-0.2,5.0
62008,6,4,SZ,6,1,0.7777777777777778,36,0.5,4,1.0,2.0,1.0,2.0,0.0,2.0,0.6666666666666666,1.1666666666666667,0.5,6.0
62008,7,2,SZ,7,3,0.9444444444444444,18,1.0,2,1.0,1.0,1.0,1.0,1.0,1.0,,,,
62008,8,5,SZ,8,2,0.8,45,0.6,5,,0.0,1.0,5.0,0.6,5.0,0.0,1.0,1.0,4.0
62008,9,6,SZ,9,2,0.7777777777777778,54,0.3333333333333333,6,0.5,2.0,0.75,4.0,0.25,4.0,1.0,0.375,-0.625,8.0
62008,10,5,SZ,10,3,0.8181818181818182,44,0.6,5,0.6666666666666666,3.0,0.5,2.0,0.5,2.0,0.5,1.0,0.5,6.0
62008,11,3,SZ,11,2,0.8148148148148148,27,0.3333333333333333,3,0.0,1.0,0.5,2.0,0.5,2.0,0.6666666666666666,0.0,-0.6666666666666666,3.0
62008,12,2,SZ,12,4,0.8333333333333334,18,0.5,2,,0.0,1.0,2.0,0.5,2.0,0.0,1.0,1.0,1.0
62008,13,4,SZ,13,2,0.5,36,0.0,4,0.0,1.0,0.3333333333333333,3.0,0.0,3.0,2.0,1.3529411764705883,-0.6470588235294118,17.0
62054,1,2,HC,1,1,0.8888888888888888,18,0.5,2,1.0,1.0,1.0,1.0,0.0,1.0,0.0,1.0,1.0,1.0
62054,2,4,HC,2,1,0.8611111111111112,36,0.5,4,1.0,1.0,1.0,3.0,0.3333333333333333,3.0,0.0,1.0,1.0,2.0
62054,3,3,HC,3,1,0.7777777777777778,27,0.3333333333333333,3,,0.0,0.6666666666666666,3.0,0.3333333333333333,3.0,0.3333333333333333,0.6666666666666666,0.3333333333333333,3.0
62054,4,5,HC,4,1,0.8,45,0.6,5,,0.0,0.8,5.0,0.6,5.0,0.5,0.75,0.25,4.0
62054,5,2,HC,5,2,0.8888888888888888,18,0.5,2,1.0,1.0,1.0,1.0,0.0,1.0,0.0,1.0,1.0,1.0
62054,6,2,HC,6,3,0.8888888888888888,18,0.5,2,1.0,1.0,1.0,1.0,0.0,1.0,0.0,1.0,1.0,1.0
62054,7,6,HC,7,1,0.8148148148148148,54,0.5,6,1.0,2.0,1.0,4.0,0.25,4.0,0.3333333333333333,1.0,0.6666666666666666,6.0
62054,8,5,HC,8,2,0.9111111111111111,45,0.8,5,1.0,3.0,1.0,2.0,0.5,2.0,0.0,0.5,0.5,2.0
62054,9,6,HC,9,2,0.8888888888888888,54,0.8333333333333334,6,1.0,3.0,1.0,3.0,0.6666666666666666,3.0,0.3333333333333333,0.3333333333333333,0.0,3.0
62054,10,2,HC,10,4,0.8888888888888888,18,0.5,2,1.0,1.0,1.0,1.0,0.0,1.0,0.0,1.0,1.0,1.0
62054,11,4,HC,11,2,0.8888888888888888,36,0.75,4,1.0,1.0,1.0,3.0,0.6666666666666666,3.0,0.0,1.0,1.0,1.0
62054,12,3,HC,12,2,0.7777777777777778,27,0.3333333333333333,3,1.0,1.0,0.5,2.0,0.0,2.0,0.75,1.0,0.25,4.0
62054,13,5,HC,13,3,0.7555555555555555,45,0.6,5,0.5,2.0,1.0,3.0,0.6666666666666666,3.0,0.875,1.25,0.375,8.0
62425,1,6,SZ,1,1,0.8888888888888888,54,0.3333333333333333,6,0.5,4.0,1.0,2.0,0.0,2.0,0.0,0.5,0.5,4.0
62425,2,2,SZ,2,1,0.9444444444444444,18,1.0,2,1.0,1.0,1.0,1.0,1.0,1.0,,,,
62425,3,3,SZ,3,1,0.6666666666666666,27,0.3333333333333333,3,1.0,1.0,0.5,2.0,0.0,2.0,0.8571428571428571,1.4285714285714286,0.5714285714285714,7.0
62425,4,4,SZ,4,1,0.9166666666666666,36,0.75,4,1.0,2.0,1.0,2.0,0.5,2.0,0.0,1.0,1.0,1.0
62425,5,2,SZ,5,2,0.9444444444444444,18,1.0,2,1.0,1.0,1.0,1.0,1.0,1.0,,,,
62425,6,5,SZ,6,1,0.6444444444444445,45,0.8,5,1.0,1.0,1.0,4.0,0.75,4.0,1.3846153846153846,1.9230769230769231,0.5384615384615384,13.0
62425,7,2,SZ,7,3,0.8888888888888888,18,0.5,2,1.0,1.0,1.0,1.0,0.0,1.0,0.0,1.0,1.0,1.0
62425,8,6,SZ,8,2,0.7592592592592593,54,0.3333333333333333,6,1.0,2.0,0.75,4.0,0.0,4.0,0.6666666666666666,1.0,0.3333333333333333,9.0
62425,9,5,SZ,9,2,0.7555555555555555,45,0.4,5,0.5,2.0,0.6666666666666666,3.0,0.3333333333333333,3.0,0.5,0.75,0.25,8.0
62425,10,2,SZ,10,4,0.8333333333333334,18,0.5,2,,0.0,1.0,2.0,0.5,2.0,0.0,1.0,1.0,1.0
62425,11,3,SZ,11,2,0.9259259259259259,27,1.0,3,1.0,1.0,1.0,2.0,1.0,2.0,,,,
62425,12,4,SZ,12,2,0.9722222222222222,36,1.0,4,1.0,3.0,1.0,1.0,1.0,1.0,,,,
62425,13,5,SZ,13,3,0.4888888888888889,45,0.4,5,,0.0,0.6,5.0,0.4,5.0,1.9523809523809523,2.238095238095238,0.2857142857142857,21.0
63213,1,2,SZ,1,1,0.9444444444444444,18,1.0,2,1.0,2.0,,0.0,,0.0,0.0,0.0,0.0,1.0
63213,2,5,SZ,2,1,0.7777777777777778,45,0.4,5,1.0,1.0,0.75,4.0,0.25,4.0,0.3333333333333333,1.0,0.6666666666666666,6.0
63213,3,6,SZ,3,1,0.5740740740740741,54,0.5,6,1.0,1.0,1.0,5.0,0.4,5.0,2.3793103448275863,2.8620689655172415,0.4827586206896552,29.0
63213,4,3,SZ,4,1,0.7777777777777778,27,0.6666666666666666,3,1.0,1.0,1.0,2.0,0.5,2.0,0.75,0.75,0.0,4.0
63213,5,2,SZ,5,2,0.8333333333333334,18,0.5,2,,0.0,1.0,2.0,0.5,2.0,0.0,1.0,1.0,1.0
63213,6,2,SZ,6,3,0.9444444444444444,18,1.0,2,1.0,1.0,1.0,1.0,1.0,1.0,,,,
63213,7,4,SZ,7,1,0.75,36,0.5,4,1.0,2.0,1.0,2.0,0.0,2.0,1.1428571428571428,1.1428571428571428,0.0,7.0
63213,8,5,SZ,8,2,0.6666666666666666,45,0.2,5,0.5,2.0,0.3333333333333333,3.0,0.0,3.0,1.1666666666666667,1.1666666666666667,0.0,12.0
63213,9,6,SZ,9,2,0.8888888888888888,54,1.0,6,1.0,2.0,1.0,4.0,1.0,4.0,0.5,0.0,-0.5,2.0
63213,10,2,SZ,10,4,0.8333333333333334,18,0.5,2,,0.0,1.0,2.0,0.5,2.0,0.0,1.0,1.0,1.0
63213,11,5,SZ,11,3,0.7333333333333333,45,0.4,5,1.0,1.0,1.0,4.0,0.25,4.0,0.75,1.375,0.625,8.0
63213,12,3,SZ,12,2,0.8888888888888888,27,0.3333333333333333,3,0.5,2.0,1.0,1.0,0.0,1.0,0.0,0.5,0.5,2.0
63213,13,4,SZ,13,2,0.9444444444444444,36,1.0,4,1.0,2.0,1.0,2.0,1.0,2.0,,,,
63472,1,2,HC,1,1,0.8333333333333334,18,0.5,2,,0.0,1.0,2.0,0.5,2.0,0.0,1.0,1.0,1.0
63472,2,3,HC,2,1,0.9259259259259259,27,0.6666666666666666,3,1.0,2.0,1.0,1.0,0.0,1.0,0.0,1.0,1.0,1.0
63472,3,2,HC,3,2,0.9444444444444444,18,1.0,2,1.0,1.0,1.0,1.0,1.0,1.0,,,,
63472,4,6,HC,4,1,0.7358490566037735,53,0.5,6,1.0,2.0,1.0,4.0,0.25,4.0,0.9,1.0,0.1,10.0
63472,5,2,HC,5,3,0.9444444444444444,18,1.0,2,1.0,1.0,1.0,1.0,1.0,1.0,,,,
63472,6,5,HC,6,1,0.8666666666666667,45,0.8,5,1.0,2.0,1.0,3.0,0.6666666666666666,3.0,0.3333333333333333,0.3333333333333333,0.0,3.0
63472,7,4,HC,7,1,0.8888888888888888,36,0.75,4,1.0,1.0,1.0,3.0,0.6666666666666666,3.0,0.0,1.0,1.0,1.0
63472,8,6,HC,8,2,0.7777777777777778,54,0.6666666666666666,6,1.0,2.0,1.0,4.0,0.5,4.0,0.5,0.875,0.375,8.0
63472,9,5,HC,9,2,0.7777777777777778,45,0.4,5,1.0,1.0,0.75,4.0,0.25,4.0,0.6666666666666666,1.0,0.3333333333333333,6.0
63472,10,2,HC,10,4,0.8888888888888888,18,0.5,2,1.0,1.0,1.0,1.0,0.0,1.0,0.0,1.0,1.0,1.0
63472,11,3,HC,11,2,0.8518518518518519,27,0.3333333333333333,3,1.0,1.0,0.5,2.0,0.0,2.0,0.5,0.5,0.0,2.0
63472,12,5,HC,12,3,0.7555555555555555,45,0.2,5,,0.0,0.8,5.0,0.2,5.0,0.3333333333333333,0.8333333333333334,0.5,6.0
63472,13,4,HC,13,2,0.8333333333333334,36,0.75,4,,0.0,1.0,4.0,0.75,4.0,0.5,1.0,0.5,2.0
63808,1,6,HC,1,1,0.8888888888888888,54,0.6666666666666666,6,0.75,4.0,0.5,2.0,0.5,2.0,0.25,0.75,0.5,4.0
63808,2,2,HC,2,1,1.0,18,1.0,2,1.0,2.0,,0.0,,0.0,,,,
63808,3,2,HC,3,2,0.9444444444444444,18,1.0,2,1.0,1.0,1.0,1.0,1.0,1.0,,,,
63808,4,5,HC,4,1,0.8666666666666667,45,0.6,5,0.5,2.0,1.0,3.0,0.6666666666666666,3.0,0.0,0.6666666666666666,0.6666666666666666,3.0
63808,5,3,HC,5,1,0.8888888888888888,27,0.6666666666666666,3,1.0,1.0,1.0,2.0,0.5,2.0,0.0,1.0,1.0,1.0
63808,6,4,HC,6,1,0.7777777777777778,36,0.5,4,1.0,2.0,0.0,2.0,0.0,2.0,0.6666666666666666,0.8333333333333334,0.16666666666666666,6.0
63808,7,2,HC,7,3,0.7777777777777778,18,0.0,2,,0.0,1.0,2.0,0.0,2.0,0.0,1.0,1.0,2.0
63808,8,6,HC,8,2,0.7037037037037037,54,0.6666666666666666,6,1.0,2.0,1.0,4.0,0.5,4.0,1.5384615384615385,1.0,-0.5384615384615384,13.0
63808,9,5,HC,9,2,0.6444444444444445,45,0.6,5,1.0,2.0,0.6666666666666666,3.0,0.3333333333333333,3.0,1.3846153846153846,1.2307692307692308,-0.15384615384615385,13.0
63808,10,2,HC,10,4,0.8888888888888888,18,0.5,2,1.0,1.0,1.0,1.0,0.0,1.0,0.0,1.0,1.0,1.0
63808,11,5,HC,11,3,0.8666666666666667,45,0.6,5,1.0,1.0,1.0,4.0,0.5,4.0,0.0,1.0,1.0,2.0
63808,12,3,HC,12,2,0.8888888888888888,27,0.6666666666666666,3,1.0,1.0,1.0,2.0,0.5,2.0,0.0,1.0,1.0,1.0
63808,13,4,HC,13,2,0.7222222222222222,36,0.0,4,,0.0,0.75,4.0,0.0,4.0,0.5,0.8333333333333334,0.3333333333333333,6.0
64102,1,3,SZ,1,1,0.8076923076923077,26,0.6666666666666666,3,1.0,1.0,0.5,2.0,0.5,2.0,0.6666666666666666,1.3333333333333333,0.6666666666666666,3.0
64102,2,4,SZ,2,1,0.7777777777777778,36,0.5,4,1.0,1.0,1.0,3.0,0.3333333333333333,3.0,0.8,1.0,0.2,5.0
64102,3,6,SZ,3,1,0.5849056603773585,53,0.6,5,1.0,1.0,0.5,4.0,0.5,4.0,1.6842105263157894,1.8421052631578947,0.15789473684210525,19.0
64102,4,2,SZ,4,1,0.8333333333333334,18,0.5,2,1.0,1.0,1.0,1.0,0.0,1.0,0.0,0.5,0.5,2.0
64102,5,2,SZ,5,2,0.8333333333333334,18,0.5,2,,0.0,1.0,2.0,0.5,2.0,0.0,1.0,1.0,1.0
64102,6,5,SZ,6,1,0.9333333333333333,45,1.0,5,1.0,3.0,1.0,2.0,1.0,2.0,1.0,0.0,-1.0,1.0
64102,7,2,SZ,7,3,1.0,18,1.0,2,1.0,2.0,,0.0,,0.0,,,,
64102,8,6,SZ,8,2,0.9444444444444444,54,0.8333333333333334,6,1.0,5.0,1.0,1.0,0.0,1.0,0.0,0.5,0.5,2.0
64102,9,5,SZ,9,2,0.8444444444444444,45,0.8,5,1.0,1.0,1.0,4.0,0.75,4.0,0.0,1.0,1.0,3.0
64102,10,3,SZ,10,2,1.0,27,1.0,3,1.0,3.0,,0.0,,0.0,,,,
64102,11,4,SZ,11,2,0.9166666666666666,36,1.0,4,1.0,1.0,1.0,3.0,1.0,3.0,,,,
64102,12,2,SZ,12,4,0.8888888888888888,18,1.0,2,,0.0,1.0,2.0,1.0,2.0,,,,
64102,13,5,SZ,13,3,0.8666666666666667,45,0.6,5,1.0,3.0,1.0,2.0,0.0,2.0,0.0,0.5,0.5,4.0
65046,1,6,HC,1,1,0.6296296296296297,54,0.6666666666666666,6,0.5,2.0,0.75,4.0,0.75,4.0,1.0,1.3125,0.3125,16.0
65046,2,2,HC,2,1,0.8333333333333334,18,0.5,2,,0.0,1.0,2.0,0.5,2.0,0.0,1.0,1.0,1.0
65046,3,2,HC,3,2,1.0,18,1.0,2,1.0,2.0,,0.0,,0.0,,,,
65046,4,2,HC,4,3,0.8888888888888888,18,0.5,2,1.0,1.0,1.0,1.0,0.0,1.0,0.0,1.0,1.0,1.0
65046,5,3,HC,5,1,0.9259259259259259,27,0.6666666666666666,3,1.0,2.0,1.0,1.0,0.0,1.0,0.0,1.0,1.0,1.0
65046,6,4,HC,6,1,0.7222222222222222,36,0.25,4,,0.0,1.0,4.0,0.25,4.0,0.5,0.8333333333333334,0.3333333333333333,6.0
65046,7,5,HC,7,1,0.9111111111111111,45,0.8,5,1.0,2.0,0.6666666666666666,3.0,0.6666666666666666,3.0,1.0,0.0,-1.0,1.0
65046,8,6,HC,8,2,0.8518518518518519,54,0.8333333333333334,6,1.0,2.0,0.75,4.0,0.75,4.0,0.75,0.0,-0.75,4.0
65046,9,5,HC,9,2,0.8,45,0.4,5,1.0,1.0,0.75,4.0,0.25,4.0,0.8,0.6,-0.2,5.0
65046,10,2,HC,10,4,0.8888888888888888,18,1.0,2,1.0,1.0,1.0,1.0,1.0,1.0,0.0,0.0,0.0,1.0
65046,11,3,HC,11,2,0.9259259259259259,27,1.0,3,1.0,1.0,1.0,2.0,1.0,2.0,,,,
65046,12,4,HC,12,2,0.9166666666666666,36,0.75,4,1.0,2.0,1.0,2.0,0.5,2.0,0.0,1.0,1.0,1.0
65046,13,5,HC,13,3,0.8888888888888888,45,0.8,5,1.0,2.0,1.0,3.0,0.6666666666666666,3.0,0.0,0.5,0.5,2.0
65788,1,3,HC,1,1,0.9259259259259259,27,0.6666666666666666,3,1.0,2.0,1.0,1.0,0.0,1.0,0.0,1.0,1.0,1.0
65788,2,2,HC,2,1,0.8333333333333334,18,0.5,2,,0.0,1.0,2.0,0.5,2.0,0.0,1.0,1.0,1.0
65788,3,4,HC,3,1,0.8055555555555556,36,0.5,4,1.0,1.0,1.0,3.0,0.3333333333333333,3.0,0.5,1.0,0.5,4.0
65788,4,6,HC,4,1,0.7962962962962963,54,0.8333333333333334,6,,0.0,0.8333333333333334,6.0,0.8333333333333334,6.0,1.0,0.2,-0.8,5.0
65788,5,2,HC,5,2,0.9444444444444444,18,1.0,2,1.0,2.0,,0.0,,0.0,0.0,0.0,0.0,1.0
65788,6,2,HC,6,3,0.8333333333333334,18,0.5,2,,0.0,1.0,2.0,0.5,2.0,0.0,1.0,1.0,1.0
65788,7,5,HC,7,1,0.8444444444444444,45,0.6,5,1.0,3.0,0.5,2.0,0.0,2.0,1.0,0.8,-0.2,5.0
65788,8,5,HC,8,2,0.8888888888888888,45,0.6,5,1.0,2.0,1.0,3.0,0.3333333333333333,3.0,0.0,1.0,1.0,2.0
65788,9,6,HC,9,2,0.8148148148148148,54,0.6666666666666666,6,1.0,3.0,1.0,3.0,0.3333333333333333,3.0,1.0,1.0,0.0,7.0
65788,10,3,HC,10,2,0.7777777777777778,27,0.3333333333333333,3,1.0,1.0,1.0,2.0,0.0,2.0,0.5,1.0,0.5,4.0
65788,11,2,HC,11,4,0.8888888888888888,18,1.0,2,,0.0,1.0,2.0,1.0,2.0,,,,
65788,12,4,HC,12,2,0.9166666666666666,36,0.75,4,1.0,2.0,1.0,2.0,0.5,2.0,0.0,1.0,1.0,1.0
65788,13,5,HC,13,3,0.6363636363636364,44,0.4,5,,0.0,0.6,5.0,0.4,5.0,0.9090909090909091,1.1818181818181819,0.2727272727272727,11.0
68051,1,4,HC,1,1,0.8857142857142857,35,0.75,4,1.0,1.0,1.0,2.0,1.0,2.0,0.0,0.5,0.5,2.0
68051,2,5,HC,2,1,0.8636363636363636,44,0.8,5,1.0,2.0,1.0,3.0,0.6666666666666666,3.0,0.6666666666666666,0.6666666666666666,0.0,3.0
68051,3,2,HC,3,1,1.0,18,1.0,2,1.0,2.0,,0.0,,0.0,,,,
68051,4,3,HC,4,1,0.8888888888888888,27,0.6666666666666666,3,1.0,1.0,1.0,2.0,0.5,2.0,0.0,1.0,1.0,1.0
68051,5,6,HC,5,1,0.7037037037037037,54,0.5,6,1.0,2.0,1.0,4.0,0.25,4.0,2.0588235294117645,2.235294117647059,0.17647058823529413,17.0
68051,6,2,HC,6,2,0.8333333333333334,18,0.5,2,,0.0,0.5,2.0,0.5,2.0,1.0,0.0,-1.0,1.0
68051,7,2,HC,7,3,0.9444444444444444,18,1.0,2,1.0,1.0,1.0,1.0,1.0,1.0,,,,
68051,8,5,HC,8,2,0.8222222222222222,45,0.6,5,1.0,1.0,0.75,4.0,0.5,4.0,0.75,1.0,0.25,4.0
68051,9,6,HC,9,2,0.9259259259259259,54,0.8333333333333334,6,1.0,4.0,1.0,2.0,0.5,2.0,0.5,1.0,0.5,2.0
68051,10,4,HC,10,2,0.8888888888888888,36,0.75,4,1.0,1.0,0.6666666666666666,3.0,0.6666666666666666,3.0,1.0,0.0,-1.0,1.0
68051,11,5,HC,11,3,0.6666666666666666,45,0.2,5,1.0,1.0,0.75,4.0,0.0,4.0,0.5454545454545454,1.0909090909090908,0.5454545454545454,11.0
68051,12,2,HC,12,4,0.8333333333333334,18,0.5,2,,0.0,1.0,2.0,0.5,2.0,0.0,1.0,1.0,1.0
68051,13,3,HC,13,2,0.9259259259259259,27,0.6666666666666666,3,1.0,2.0,1.0,1.0,0.0,1.0,0.0,1.0,1.0,1.0
69355,1,2,SZ,1,1,0.8888888888888888,18,1.0,2,1.0,1.0,1.0,1.0,1.0,1.0,1.0,0.0,-1.0,1.0
69355,2,3,SZ,2,1,0.9629629629629629,27,1.0,3,1.0,2.0,1.0,1.0,1.0,1.0,,,,
69355,3,2,SZ,3,2,0.4444444444444444,18,0.0,2,0.0,1.0,1.0,1.0,0.0,1.0,1.1818181818181819,1.6363636363636365,0.45454545454545453,11.0
69355,4,4,SZ,4,1,0.4444444444444444,36,0.0,4,0.0,2.0,1.0,2.0,0.0,2.0,1.263157894736842,1.1578947368421053,-0.10526315789473684,19.0
69355,5,2,SZ,5,3,0.8235294117647058,17,1.0,2,1.0,1.0,1.0,1.0,1.0,1.0,0.5,1.0,0.5,2.0
69355,6,5,SZ,6,1,0.5555555555555556,45,0.2,5,0.0,1.0,0.25,4.0,0.25,4.0,1.411764705882353,1.2352941176470589,-0.17647058823529413,17.0
69355,7,6,SZ,7,1,0.46296296296296297,54,0.5,6,1.0,2.0,0.5,4.0,0.25,4.0,2.6129032258064515,2.096774193548387,-0.5161290322580645,31.0
69355,8,5,SZ,8,2,0.6888888888888889,45,0.2,5,1.0,1.0,0.5,4.0,0.0,4.0,0.6,1.1,0.5,10.0
69355,9,6,SZ,9,2,0.7222222222222222,54,0.3333333333333333,6,0.5,2.0,0.5,4.0,0.25,4.0,1.0,0.75,-0.25,12.0
69355,10,2,SZ,10,4,1.0,18,1.0,2,1.0,2.0,,0.0,,0.0,,,,
69355,11,3,SZ,11,2,0.6666666666666666,27,0.6666666666666666,3,1.0,1.0,0.5,2.0,0.5,2.0,1.0,1.2857142857142858,0.2857142857142857,7.0
69355,12,4,SZ,12,2,0.7222222222222222,36,0.25,4,1.0,1.0,0.3333333333333333,3.0,0.0,3.0,1.4285714285714286,0.2857142857142857,-1.1428571428571428,7.0
69355,13,5,SZ,13,3,0.8,45,0.8,5,1.0,1.0,0.75,4.0,0.75,4.0,0.4,1.0,0.6,5.0
69851,1,3,HC,1,1,0.8888888888888888,27,0.6666666666666666,3,1.0,1.0,1.0,2.0,0.5,2.0,0.0,1.0,1.0,1.0
69851,2,4,HC,2,1,0.3333333333333333,36,0.5,4,,0.0,0.75,4.0,0.5,4.0,2.2,2.066666666666667,-0.13333333333333333,30.0
69851,3,6,HC,3,1,0.5740740740740741,54,0.3333333333333333,6,0.6666666666666666,3.0,0.6666666666666666,3.0,0.0,3.0,2.1724137931034484,2.6206896551724137,0.4482758620689655,29.0
69851,4,2,HC,4,1,0.8333333333333334,18,1.0,2,,0.0,1.0,2.0,1.0,2.0,0.0,1.0,1.0,1.0
69851,5,2,HC,5,2,0.8823529411764706,17,0.5,2,1.0,1.0,,0.0,,0.0,0.0,0.0,0.0,2.0
69851,6,5,HC,6,1,0.8444444444444444,45,0.8,5,1.0,1.0,1.0,4.0,0.75,4.0,0.6666666666666666,0.6666666666666666,0.0,3.0
69851,7,2,HC,7,3,0.9444444444444444,18,1.0,2,1.0,1.0,1.0,1.0,1.0,1.0,,,,
69851,8,6,HC,8,2,0.7962962962962963,54,1.0,6,1.0,3.0,1.0,3.0,1.0,3.0,1.5555555555555556,1.4444444444444444,-0.1111111111111111,9.0
69851,9,5,HC,9,2,0.9111111111111111,45,0.6,5,1.0,3.0,1.0,2.0,0.0,2.0,0.0,1.0,1.0,2.0
69851,10,3,HC,10,2,0.9259259259259259,27,0.6666666666666666,3,0.5,2.0,1.0,1.0,1.0,1.0,0.0,0.0,0.0,1.0
69851,11,4,HC,11,2,0.8333333333333334,36,0.5,4,1.0,1.0,1.0,3.0,0.3333333333333333,3.0,0.3333333333333333,1.0,0.6666666666666666,3.0
69851,12,2,HC,12,4,0.9444444444444444,18,1.0,2,1.0,1.0,1.0,1.0,1.0,1.0,,,,
69851,13,5,HC,13,3,0.8888888888888888,45,0.8,5,1.0,3.0,1.0,2.0,0.5,2.0,0.3333333333333333,1.0,0.6666666666666666,3.0
70165,1,2,SZ,1,1,0.4444444444444444,18,0.0,2,,0.0,1.0,2.0,0.0,2.0,1.125,1.5,0.375,8.0
70165,2,4,SZ,2,1,0.4166666666666667,36,0.25,4,,0.0,1.0,4.0,0.25,4.0,2.806451612903226,2.5806451612903225,-0.22580645161290322,31.0
70165,3,3,SZ,3,1,0.7777777777777778,27,0.6666666666666666,3,1.0,2.0,1.0,1.0,0.0,1.0,1.0,0.5,-0.5,6.0
70165,4,5,SZ,4,1,0.4186046511627907,43,0.6,5,1.0,2.0,1.0,3.0,0.3333333333333333,3.0,3.09375,0.4375,-2.65625,32.0
70165,5,2,SZ,5,2,0.7222222222222222,18,0.5,2,,0.0,0.5,2.0,0.5,2.0,2.2857142857142856,0.0,-2.2857142857142856,7.0
70165,6,2,SZ,6,3,0.8888888888888888,18,0.5,2,1.0,1.0,1.0,1.0,0.0,1.0,0.5,1.0,0.5,2.0
70165,7,6,SZ,7,1,0.4339622641509434,53,0.0,6,0.0,4.0,1.0,2.0,0.0,2.0,2.537037037037037,2.1296296296296298,-0.4074074074074074,54.0
70165,8,5,SZ,8,2,0.3488372093023256,43,0.6,5,1.0,3.0,0.0,1.0,0.0,1.0,2.8444444444444446,2.1777777777777776,-0.6666666666666666,45.0
70165,9,6,SZ,9,2,0.34,50,0.6666666666666666,6,1.0,2.0,1.0,2.0,0.5,2.0,2.2641509433962264,2.30188679245283,0.03773584905660377,53.0
70165,10,2,SZ,10,4,0.7777777777777778,18,1.0,2,1.0,1.0,1.0,1.0,1.0,1.0,0.8,0.6,-0.2,5.0
70165,11,4,SZ,11,2,0.42857142857142855,35,0.5,4,1.0,1.0,0.3333333333333333,3.0,0.3333333333333333,3.0,2.2962962962962963,2.2222222222222223,-0.07407407407407407,27.0
70165,12,3,SZ,12,2,0.4444444444444444,27,0.6666666666666666,3,,0.0,1.0,3.0,0.6666666666666666,3.0,2.2142857142857144,0.9285714285714286,-1.2857142857142858,14.0
70165,13,5,SZ,13,3,0.3111111111111111,45,0.2,5,0.0,1.0,0.5,4.0,0.25,4.0,2.5106382978723403,2.851063829787234,0.3404255319148936,47.0
70345,1,3,SZ,1,1,0.8148148148148148,27,1.0,3,1.0,3.0,,0.0,,0.0,0.6,0.2,-0.4,5.0
70345,2,6,SZ,2,1,0.4444444444444444,54,0.3333333333333333,6,1.0,1.0,0.6,5.0,0.2,5.0,1.6538461538461537,1.6153846153846154,-0.038461538461538464,26.0
70345,3,2,SZ,3,1,0.5,16,0.5,2,,,,,,,0.625,1.0,0.375,8.0
70345,4,4,SZ,4,1,0.7714285714285715,35,0.75,4,0.5,2.0,1.0,1.0,1.0,1.0,1.7,0.0,-1.7,10.0
70345,5,2,SZ,5,2,1.0,18,1.0,2,1.0,2.0,,0.0,,0.0,,,,
70345,6,2,SZ,6,3,0.8888888888888888,18,0.5,2,1.0,1.0,1.0,1.0,0.0,1.0,0.0,1.0,1.0,1.0
70345,7,5,SZ,7,1,0.5777777777777777,45,0.6,5,1.0,1.0,1.0,4.0,0.5,4.0,2.5,2.3333333333333335,-0.16666666666666666,24.0
70345,8,6,SZ,8,2,0.6296296296296297,54,0.6666666666666666,6,1.0,3.0,1.0,3.0,0.3333333333333333,3.0,2.2758620689655173,2.2413793103448274,-0.034482758620689655,29.0
70345,9,5,SZ,9,2,0.4666666666666667,45,0.4,5,0.5,2.0,1.0,3.0,0.3333333333333333,3.0,1.625,1.875,0.25,24.0
70345,10,3,SZ,10,2,0.5925925925925926,27,0.3333333333333333,3,1.0,1.0,0.5,2.0,0.0,2.0,1.5833333333333333,1.4166666666666667,-0.16666666666666666,12.0
70345,11,2,SZ,11,4,0.8888888888888888,18,1.0,2,1.0,1.0,1.0,1.0,1.0,1.0,0.5,0.0,-0.5,2.0
70345,12,4,SZ,12,2,0.8055555555555556,36,0.5,4,,0.0,1.0,4.0,0.5,4.0,0.3333333333333333,1.0,0.6666666666666666,3.0
70345,13,5,SZ,13,3,0.5555555555555556,45,0.4,5,,0.0,0.8,5.0,0.4,5.0,1.6875,1.625,-0.0625,16.0
70457,1,3,HC,1,1,0.9629629629629629,27,1.0,3,1.0,2.0,1.0,1.0,1.0,1.0,,,,
70457,2,2,HC,2,1,1.0,18,1.0,2,1.0,2.0,,0.0,,0.0,,,,
70457,3,4,HC,3,1,0.4722222222222222,36,0.0,4,0.0,2.0,0.5,2.0,0.0,2.0,1.6666666666666667,1.7142857142857142,0.047619047619047616,21.0
70457,4,5,HC,4,1,0.6888888888888889,45,0.4,5,1.0,2.0,0.6666666666666666,3.0,0.0,3.0,1.0909090909090908,1.2727272727272727,0.18181818181818182,11.0
70457,5,2,HC,5,2,0.9444444444444444,18,1.0,2,1.0,1.0,1.0,1.0,1.0,1.0,,,,
70457,6,6,HC,6,1,0.6851851851851852,54,0.8333333333333334,6,1.0,4.0,0.5,2.0,0.5,2.0,2.72,1.88,-0.84,25.0
70457,7,2,HC,7,3,1.0,18,1.0,2,1.0,2.0,,0.0,,0.0,,,,
70457,8,6,HC,8,2,0.7222222222222222,54,0.6666666666666666,6,0.6666666666666666,3.0,0.6666666666666666,3.0,0.6666666666666666,3.0,2.3125,2.1875,-0.125,16.0
70457,9,5,HC,9,2,0.7777777777777778,45,0.6,5,1.0,2.0,0.6666666666666666,3.0,0.3333333333333333,3.0,1.1428571428571428,1.1428571428571428,0.0,7.0
70457,10,3,HC,10,2,0.8148148148148148,27,0.6666666666666666,3,1.0,1.0,1.0,2.0,0.5,2.0,0.0,0.6666666666666666,0.6666666666666666,3.0
70457,11,2,HC,11,4,0.8888888888888888,18,0.5,2,1.0,1.0,1.0,1.0,0.0,1.0,0.0,1.0,1.0,1.0
70457,12,4,HC,12,2,0.7714285714285715,35,1.0,4,1.0,3.0,1.0,1.0,1.0,1.0,0.42857142857142855,0.5714285714285714,0.14285714285714285,7.0
70457,13,5,HC,13,3,0.5777777777777777,45,0.4,5,,0.0,1.0,5.0,0.4,5.0,2.0,1.2142857142857142,-0.7857142857142857,14.0
70536,1,5,SZ,1,1,0.35555555555555557,45,0.2,5,0.5,2.0,1.0,3.0,0.0,3.0,2.0,1.9189189189189189,-0.08108108108108109,37.0
70536,2,2,SZ,2,1,0.7777777777777778,18,1.0,2,,0.0,1.0,2.0,1.0,2.0,0.5,1.0,0.5,2.0
70536,3,4,SZ,3,1,0.8333333333333334,36,0.5,4,1.0,1.0,1.0,3.0,0.3333333333333333,3.0,0.0,0.6666666666666666,0.6666666666666666,3.0
70536,4,6,SZ,4,1,0.7407407407407407,54,0.5,6,1.0,3.0,1.0,3.0,0.0,3.0,0.9090909090909091,0.5454545454545454,-0.36363636363636365,11.0
70536,5,2,SZ,5,2,0.8888888888888888,18,0.5,2,1.0,1.0,1.0,1.0,0.0,1.0,0.0,1.0,1.0,1.0
70536,6,2,SZ,6,3,0.9444444444444444,18,1.0,2,1.0,1.0,1.0,1.0,1.0,1.0,,,,
70536,7,3,SZ,7,1,0.8518518518518519,27,0.6666666666666666,3,,0.0,1.0,3.0,0.6666666666666666,3.0,0.0,1.0,1.0,1.0
70536,8,5,SZ,8,2,0.6444444444444445,45,0.4,5,,0.0,0.4,5.0,0.4,5.0,1.0,1.4166666666666667,0.4166666666666667,12.0
70536,9,6,SZ,9,2,0.6666666666666666,54,0.3333333333333333,6,0.5,2.0,1.0,4.0,0.25,4.0,0.8571428571428571,0.9285714285714286,0.07142857142857142,14.0
70536,10,5,SZ,10,3,0.8,45,0.6,5,1.0,1.0,1.0,4.0,0.5,4.0,0.6,1.0,0.4,5.0
70536,11,2,SZ,11,4,0.8333333333333334,18,0.5,2,1.0,1.0,1.0,1.0,0.0,1.0,0.0,0.5,0.5,2.0
70536,12,4,SZ,12,2,0.8611111111111112,36,0.75,4,1.0,2.0,1.0,2.0,0.5,2.0,0.5,0.25,-0.25,4.0
70536,13,3,SZ,13,2,1.0,27,1.0,3,1.0,3.0,,0.0,,0.0,,,,
70626,1,2,HC,1,1,0.9444444444444444,18,1.0,2,1.0,1.0,1.0,1.0,1.0,1.0,,,,
70626,2,2,HC,2,2,0.9444444444444444,18,1.0,2,1.0,1.0,1.0,1.0,1.0,1.0,,,,
70626,3,3,HC,3,1,0.9259259259259259,27,0.6666666666666666,3,1.0,2.0,1.0,1.0,0.0,1.0,0.0,1.0,1.0,1.0
70626,4,6,HC,4,1,0.6538461538461539,52,0.4,5,1.0,1.0,1.0,4.0,0.25,4.0,1.8695652173913044,1.9565217391304348,0.08695652173913043,23.0
70626,5,2,HC,5,3,0.9411764705882353,17,1.0,2,,0.0,1.0,1.0,1.0,1.0,,,,
70626,6,5,HC,6,1,0.4888888888888889,45,0.6,5,1.0,1.0,0.75,4.0,0.5,4.0,2.6451612903225805,2.967741935483871,0.3225806451612903,31.0
70626,7,4,HC,7,1,0.8333333333333334,36,0.5,4,1.0,2.0,1.0,2.0,0.0,2.0,0.25,0.75,0.5,4.0
70626,8,5,HC,8,2,0.7555555555555555,45,1.0,5,1.0,1.0,1.0,4.0,1.0,4.0,0.7142857142857143,1.0,0.2857142857142857,7.0
70626,9,6,HC,9,2,0.7037037037037037,54,0.5,6,0.5,2.0,0.75,4.0,0.5,4.0,0.8333333333333334,0.5,-0.3333333333333333,12.0
70626,10,2,HC,10,4,0.7777777777777778,18,0.5,2,,0.0,1.0,2.0,0.5,2.0,0.5,1.0,0.5,2.0
70626,11,3,HC,11,2,0.8888888888888888,27,0.6666666666666666,3,1.0,1.0,1.0,2.0,0.5,2.0,0.0,1.0,1.0,1.0
70626,12,5,HC,12,3,0.8,45,0.4,5,,0.0,1.0,5.0,0.4,5.0,0.25,1.0,0.75,4.0
70626,13,4,HC,13,2,0.8055555555555556,36,0.5,4,1.0,1.0,1.0,3.0,0.3333333333333333,3.0,0.25,0.5,0.25,4.0
71223,1,6,HC,1,1,0.8867924528301887,53,1.0,6,1.0,3.0,1.0,3.0,1.0,3.0,0.3333333333333333,0.0,-0.3333333333333333,3.0
71223,2,2,HC,2,1,0.9444444444444444,18,1.0,2,1.0,1.0,1.0,1.0,1.0,1.0,,,,
71223,3,3,HC,3,1,0.9259259259259259,27,0.6666666666666666,3,1.0,2.0,1.0,1.0,0.0,1.0,0.0,1.0,1.0,1.0
71223,4,2,HC,4,2,0.7222222222222222,18,0.0,2,,0.0,1.0,2.0,0.0,2.0,0.3333333333333333,1.0,0.6666666666666666,3.0
71223,5,5,HC,5,1,0.8,45,0.6,5,1.0,1.0,0.75,4.0,0.5,4.0,0.6,1.0,0.4,5.0
71223,6,4,HC,6,1,0.9166666666666666,36,1.0,4,1.0,2.0,1.0,2.0,1.0,2.0,0.0,1.0,1.0,1.0
71223,7,2,HC,7,3,1.0,18,1.0,2,1.0,2.0,,0.0,,0.0,,,,
71223,8,5,HC,8,2,0.7555555555555555,45,0.6,5,1.0,1.0,1.0,4.0,0.5,4.0,0.8571428571428571,0.8571428571428571,0.0,7.0
71223,9,6,HC,9,2,0.8703703703703703,54,0.8333333333333334,6,1.0,2.0,1.0,4.0,0.75,4.0,0.0,0.6666666666666666,0.6666666666666666,3.0
71223,10,2,HC,10,4,0.8333333333333334,18,0.5,2,,0.0,1.0,2.0,0.5,2.0,0.0,1.0,1.0,1.0
71223,11,3,HC,11,2,0.8888888888888888,27,0.6666666666666666,3,1.0,1.0,1.0,2.0,0.5,2.0,0.0,1.0,1.0,1.0
71223,12,5,HC,12,3,0.7045454545454546,44,0.4,5,1.0,2.0,1.0,3.0,0.0,3.0,0.5454545454545454,1.0909090909090908,0.5454545454545454,11.0
71223,13,4,HC,13,2,0.75,36,0.25,4,,0.0,1.0,4.0,0.25,4.0,0.4,1.0,0.6,5.0
71594,1,6,SZ,1,1,0.5370370370370371,54,0.3333333333333333,6,0.6666666666666666,3.0,0.6666666666666666,3.0,0.0,3.0,2.3636363636363638,2.1818181818181817,-0.18181818181818182,33.0
71594,2,2,SZ,2,1,0.7777777777777778,18,0.5,2,,0.0,1.0,2.0,0.5,2.0,0.5,1.0,0.5,2.0
71594,3,2,SZ,3,2,1.0,18,1.0,2,1.0,2.0,,0.0,,0.0,,,,
71594,4,3,SZ,4,1,0.8888888888888888,27,1.0,3,1.0,1.0,1.0,2.0,1.0,2.0,0.0,0.0,0.0,1.0
71594,5,5,SZ,5,1,0.8,45,0.6,5,1.0,1.0,1.0,4.0,0.5,4.0,0.6,1.0,0.4,5.0
71594,6,4,SZ,6,1,0.75,36,0.5,4,1.0,2.0,1.0,2.0,0.0,2.0,1.0,1.2857142857142858,0.2857142857142857,7.0
71594,7,2,SZ,7,3,1.0,18,1.0,2,1.0,2.0,,0.0,,0.0,,,,
71594,8,6,SZ,8,2,0.5740740740740741,54,0.3333333333333333,6,0.5,2.0,0.5,4.0,0.25,4.0,1.6666666666666667,0.5714285714285714,-1.0952380952380953,21.0
71594,9,5,SZ,9,2,0.8444444444444444,45,0.6,5,1.0,2.0,0.6666666666666666,3.0,0.3333333333333333,3.0,0.5,1.0,0.5,4.0
71594,10,2,SZ,10,4,0.7777777777777778,18,0.0,2,,0.0,1.0,2.0,0.0,2.0,0.0,1.0,1.0,2.0
71594,11,3,SZ,11,2,0.7777777777777778,27,0.3333333333333333,3,,0.0,1.0,3.0,0.3333333333333333,3.0,0.3333333333333333,1.0,0.6666666666666666,3.0
71594,12,5,SZ,12,3,0.7111111111111111,45,0.6,5,1.0,1.0,0.5,4.0,0.5,4.0,1.5555555555555556,0.8888888888888888,-0.6666666666666666,9.0
71594,13,4,SZ,13,2,0.75,36,0.5,4,1.0,2.0,1.0,2.0,0.0,2.0,1.0,1.2857142857142858,0.2857142857142857,7.0
71998,1,2,HC,1,1,0.8333333333333334,18,0.5,2,,0.0,1.0,2.0,0.5,2.0,0.0,1.0,1.0,1.0
71998,2,2,HC,2,2,0.8333333333333334,18,0.5,2,,0.0,1.0,2.0,0.5,2.0,0.0,1.0,1.0,1.0
71998,3,6,HC,3,1,0.6481481481481481,54,0.3333333333333333,6,1.0,1.0,0.6,5.0,0.2,5.0,1.6875,2.0,0.3125,16.0
71998,4,3,HC,4,1,0.8888888888888888,27,0.6666666666666666,3,1.0,1.0,1.0,2.0,0.5,2.0,0.0,1.0,1.0,1.0
71998,5,2,HC,5,3,0.9444444444444444,18,1.0,2,1.0,1.0,1.0,1.0,1.0,1.0,,,,
71998,6,5,HC,6,1,0.6666666666666666,45,0.4,5,1.0,1.0,0.75,4.0,0.25,4.0,1.5454545454545454,1.0,-0.5454545454545454,11.0
71998,7,4,HC,7,1,0.8333333333333334,36,0.5,4,,0.0,1.0,4.0,0.5,4.0,0.0,1.0,1.0,2.0
71998,8,5,HC,8,2,0.7555555555555555,45,0.4,5,1.0,1.0,1.0,4.0,0.25,4.0,0.8571428571428571,1.0,0.14285714285714285,7.0
71998,9,6,HC,9,2,0.8333333333333334,54,0.5,6,,0.0,1.0,6.0,0.5,6.0,0.0,1.0,1.0,3.0
71998,10,2,HC,10,4,0.8888888888888888,18,0.5,2,1.0,1.0,1.0,1.0,0.0,1.0,0.0,1.0,1.0,1.0
71998,11,3,HC,11,2,0.8888888888888888,27,0.6666666666666666,3,1.0,1.0,1.0,2.0,0.5,2.0,0.0,1.0,1.0,1.0
71998,12,5,HC,12,3,0.7333333333333333,45,0.6,5,1.0,2.0,1.0,3.0,0.3333333333333333,3.0,1.2222222222222223,0.8888888888888888,-0.3333333333333333,9.0
71998,13,4,HC,13,2,0.9166666666666666,36,0.75,4,1.0,2.0,1.0,2.0,0.5,2.0,0.0,1.0,1.0,1.0
72088,1,5,SZ,1,1,0.38636363636363635,44,0.6,5,1.0,1.0,0.5,4.0,0.5,4.0,2.515151515151515,2.3333333333333335,-0.18181818181818182,33.0
72088,2,4,SZ,2,1,0.8857142857142857,35,0.75,4,1.0,2.0,0.5,2.0,0.5,2.0,1.5,0.0,-1.5,2.0
72088,3,6,SZ,3,1,0.4444444444444444,54,0.16666666666666666,6,0.5,2.0,1.0,4.0,0.0,4.0,2.2058823529411766,2.264705882352941,0.058823529411764705,34.0
72088,4,3,SZ,4,1,0.9629629629629629,27,1.0,3,1.0,2.0,1.0,1.0,1.0,1.0,,,,
72088,5,2,SZ,5,1,0.8333333333333334,18,1.0,2,,0.0,1.0,2.0,1.0,2.0,1.0,0.0,-1.0,1.0
72088,6,2,SZ,6,2,0.8888888888888888,18,1.0,2,1.0,1.0,1.0,1.0,1.0,1.0,0.0,0.0,0.0,1.0
72088,7,2,SZ,7,3,0.8888888888888888,18,1.0,2,1.0,1.0,1.0,1.0,1.0,1.0,0.0,0.0,0.0,1.0
72088,8,5,SZ,8,2,0.5111111111111111,45,0.6,5,1.0,1.0,0.75,4.0,0.5,4.0,2.8214285714285716,1.8571428571428572,-0.9642857142857143,28.0
72088,9,6,SZ,9,2,0.4074074074074074,54,0.3333333333333333,6,1.0,2.0,0.25,4.0,0.0,4.0,1.96875,1.84375,-0.125,32.0
72088,10,5,SZ,10,3,0.5909090909090909,44,0.2,5,,0.0,0.6,5.0,0.2,5.0,0.9230769230769231,1.2307692307692308,0.3076923076923077,13.0
72088,11,4,SZ,11,2,0.5882352941176471,34,1.0,4,1.0,1.0,1.0,2.0,1.0,2.0,0.75,0.9166666666666666,0.16666666666666666,12.0
72088,12,3,SZ,12,2,0.6296296296296297,27,0.3333333333333333,3,,0.0,0.6666666666666666,3.0,0.3333333333333333,3.0,1.2857142857142858,1.2857142857142858,0.0,7.0
72088,13,2,SZ,13,4,0.9444444444444444,18,1.0,2,1.0,1.0,1.0,1.0,1.0,1.0,,,,
73091,1,2,HC,1,1,0.8333333333333334,18,1.0,2,,0.0,1.0,2.0,1.0,2.0,0.0,1.0,1.0,1.0
73091,2,6,HC,2,1,0.6666666666666666,54,0.3333333333333333,6,0.5,2.0,0.75,4.0,0.25,4.0,1.1333333333333333,1.2,0.06666666666666667,15.0
73091,3,3,HC,3,1,0.8888888888888888,27,0.6666666666666666,3,1.0,1.0,1.0,2.0,0.5,2.0,0.0,1.0,1.0,1.0
73091,4,2,HC,4,2,0.7777777777777778,18,0.0,2,,0.0,1.0,2.0,0.0,2.0,0.0,1.0,1.0,2.0
73091,5,4,HC,5,1,0.8611111111111112,36,0.5,4,1.0,1.0,0.6666666666666666,3.0,0.3333333333333333,3.0,0.5,0.5,0.0,2.0
73091,6,2,HC,6,3,0.9444444444444444,18,1.0,2,1.0,2.0,,0.0,,0.0,0.0,0.0,0.0,1.0
73091,7,5,HC,7,1,0.7111111111111111,45,0.4,5,0.0,1.0,0.75,4.0,0.5,4.0,0.8888888888888888,0.8888888888888888,0.0,9.0
73091,8,6,HC,8,2,0.9444444444444444,54,0.8333333333333334,6,0.8,5.0,1.0,1.0,1.0,1.0,0.0,0.0,0.0,2.0
73091,9,5,HC,9,2,0.8222222222222222,45,0.6,5,1.0,2.0,1.0,3.0,0.3333333333333333,3.0,0.6,1.2,0.6,5.0
73091,10,2,HC,10,4,0.8823529411764706,17,1.0,1,,0.0,1.0,1.0,1.0,1.0,0.0,1.0,1.0,1.0
73091,11,3,HC,11,2,0.9629629629629629,27,1.0,3,1.0,2.0,1.0,1.0,1.0,1.0,,,,
73091,12,4,HC,12,2,0.5555555555555556,36,0.0,4,0.0,1.0,1.0,3.0,0.0,3.0,1.8,1.9333333333333333,0.13333333333333333,15.0
73091,13,5,HC,13,3,0.8666666666666667,45,0.6,5,1.0,1.0,1.0,4.0,0.5,4.0,0.0,1.0,1.0,2.0
73394,1,3,SZ,1,1,0.4444444444444444,27,0.0,3,,0.0,1.0,3.0,0.0,3.0,1.3571428571428572,1.5714285714285714,0.21428571428571427,14.0
73394,2,6,SZ,2,1,0.7407407407407407,54,0.8333333333333334,6,1.0,2.0,1.0,4.0,0.75,4.0,1.3333333333333333,1.5,0.16666666666666666,12.0
73394,3,2,SZ,3,1,0.9444444444444444,18,1.0,2,1.0,1.0,1.0,1.0,1.0,1.0,,,,
73394,4,2,SZ,4,2,0.8888888888888888,18,0.5,2,1.0,1.0,1.0,1.0,0.0,1.0,0.0,1.0,1.0,1.0
73394,5,2,SZ,5,3,0.7777777777777778,18,0.0,2,,0.0,1.0,2.0,0.0,2.0,0.0,1.0,1.0,2.0
73394,6,4,SZ,6,1,0.9444444444444444,36,1.0,4,1.0,2.0,1.0,2.0,1.0,2.0,,,,
73394,7,5,SZ,7,1,0.7333333333333333,45,0.6,5,1.0,1.0,0.75,4.0,0.5,4.0,1.125,1.0,-0.125,8.0
73394,8,6,SZ,8,2,0.8888888888888888,54,0.8333333333333334,6,1.0,5.0,1.0,1.0,0.0,1.0,0.6,0.8,0.2,5.0
73394,9,5,SZ,9,2,0.8666666666666667,45,0.6,5,1.0,2.0,1.0,3.0,0.3333333333333333,3.0,0.3333333333333333,1.0,0.6666666666666666,3.0
73394,10,3,SZ,10,2,0.6296296296296297,27,0.0,3,,0.0,0.3333333333333333,3.0,0.0,3.0,0.8571428571428571,1.0,0.14285714285714285,7.0
73394,11,2,SZ,11,4,0.8333333333333334,18,0.5,2,,0.0,0.5,2.0,0.5,2.0,1.0,0.0,-1.0,1.0
73394,12,4,SZ,12,2,0.9722222222222222,36,1.0,4,1.0,3.0,1.0,1.0,1.0,1.0,,,,
73394,13,5,SZ,13,3,0.35555555555555557,45,0.0,5,,0.0,0.4,5.0,0.0,5.0,2.3333333333333335,1.8518518518518519,-0.48148148148148145,27.0
73991,1,5,SZ,1,1,0.5333333333333333,45,0.4,5,0.5,2.0,0.6666666666666666,3.0,0.3333333333333333,3.0,1.6666666666666667,1.7142857142857142,0.047619047619047616,21.0
73991,2,2,SZ,2,1,0.9444444444444444,18,1.0,2,1.0,1.0,1.0,1.0,1.0,1.0,,,,
73991,3,2,SZ,3,2,0.8888888888888888,18,1.0,2,1.0,1.0,1.0,1.0,1.0,1.0,0.0,1.0,1.0,1.0
73991,4,4,SZ,4,1,0.8333333333333334,36,0.75,4,1.0,2.0,0.5,2.0,0.5,2.0,0.5,0.5,0.0,4.0
73991,5,2,SZ,5,3,0.9444444444444444,18,1.0,2,1.0,1.0,1.0,1.0,1.0,1.0,,,,
73991,6,3,SZ,6,1,0.5925925925925926,27,0.3333333333333333,3,,0.0,1.0,3.0,0.3333333333333333,3.0,1.1111111111111112,1.3333333333333333,0.2222222222222222,9.0
73991,7,6,SZ,7,1,0.4444444444444444,54,0.16666666666666666,6,0.25,4.0,0.0,2.0,0.0,2.0,2.9782608695652173,2.4130434782608696,-0.5652173913043478,46.0
73991,8,5,SZ,8,2,0.4888888888888889,45,0.0,5,,0.0,0.6,5.0,0.0,5.0,1.9473684210526316,0.9473684210526315,-1.0,19.0
73991,9,6,SZ,9,2,0.4444444444444444,54,0.5,6,1.0,1.0,0.6,5.0,0.4,5.0,2.696969696969697,2.393939393939394,-0.30303030303030304,33.0
73991,10,5,SZ,10,3,0.7333333333333333,45,0.4,5,0.6666666666666666,3.0,1.0,2.0,0.0,2.0,0.9090909090909091,1.0,0.09090909090909091,11.0
73991,11,2,SZ,11,4,0.8333333333333334,18,1.0,2,,0.0,1.0,2.0,1.0,2.0,0.0,1.0,1.0,1.0
73991,12,4,SZ,12,2,0.6944444444444444,36,0.5,4,1.0,2.0,0.0,2.0,0.0,2.0,1.4444444444444444,1.1111111111111112,-0.3333333333333333,9.0
73991,13,3,SZ,13,2,0.8518518518518519,27,1.0,3,1.0,2.0,1.0,1.0,1.0,1.0,0.0,0.6666666666666666,0.6666666666666666,3.0
75115,1,5,SZ,1,1,0.7111111111111111,45,0.6,5,1.0,2.0,0.6666666666666666,3.0,0.3333333333333333,3.0,0.9,1.2,0.3,10.0
75115,2,3,SZ,2,1,0.8148148148148148,27,0.6666666666666666,3,1.0,1.0,1.0,2.0,0.5,2.0,0.6666666666666666,1.3333333333333333,0.6666666666666666,3.0
75115,3,4,SZ,3,1,0.8888888888888888,36,0.75,4,1.0,1.0,0.6666666666666666,3.0,0.6666666666666666,3.0,1.0,0.0,-1.0,1.0
75115,4,2,SZ,4,1,0.8888888888888888,18,1.0,2,1.0,1.0,1.0,1.0,1.0,1.0,0.0,0.0,0.0,1.0
75115,5,2,SZ,5,2,0.8888888888888888,18,0.5,2,1.0,1.0,1.0,1.0,0.0,1.0,0.0,1.0,1.0,1.0
75115,6,2,SZ,6,3,0.7777777777777778,18,0.5,2,,0.0,1.0,2.0,0.5,2.0,0.5,1.0,0.5,2.0
75115,7,6,SZ,7,1,0.7962962962962963,54,0.5,6,0.75,4.0,1.0,2.0,0.0,2.0,0.8888888888888888,1.3333333333333333,0.4444444444444444,9.0
75115,8,5,SZ,8,2,0.8,45,0.4,5,1.0,1.0,1.0,4.0,0.25,4.0,0.4,1.2,0.8,5.0
75115,9,6,SZ,9,2,0.8888888888888888,54,0.8333333333333334,6,1.0,2.0,0.75,4.0,0.75,4.0,0.5,0.5,0.0,2.0
75115,10,5,SZ,10,3,0.8222222222222222,45,0.6,5,1.0,2.0,0.6666666666666666,3.0,0.3333333333333333,3.0,1.0,0.7142857142857143,-0.2857142857142857,7.0
75115,11,3,SZ,11,2,0.8888888888888888,27,0.6666666666666666,3,1.0,1.0,1.0,2.0,0.5,2.0,0.5,0.5,0.0,2.0
75115,12,4,SZ,12,2,0.7777777777777778,36,0.25,4,1.0,1.0,0.6666666666666666,3.0,0.0,3.0,0.6,1.0,0.4,5.0
75115,13,2,SZ,13,4,0.7777777777777778,18,0.5,2,,0.0,1.0,2.0,0.5,2.0,0.5,1.0,0.5,2.0
75521,1,3,SZ,1,1,0.7916666666666666,24,0.5,2,,0.0,1.0,1.0,0.0,1.0,0.3333333333333333,0.3333333333333333,0.0,3.0
75521,2,2,SZ,2,1,0.8888888888888888,18,0.5,2,1.0,1.0,1.0,1.0,0.0,1.0,0.0,1.0,1.0,1.0
75521,3,4,SZ,3,1,0.7058823529411765,34,0.5,4,1.0,1.0,0.5,2.0,0.5,2.0,0.625,1.125,0.5,8.0
75521,4,2,SZ,4,2,0.8333333333333334,18,1.0,2,1.0,2.0,,0.0,,0.0,0.3333333333333333,0.0,-0.3333333333333333,3.0
75521,5,5,SZ,5,1,0.6888888888888889,45,0.6,5,,0.0,0.8,5.0,0.6,5.0,0.8888888888888888,1.2222222222222223,0.3333333333333333,9.0
75521,6,6,SZ,6,1,0.64,50,0.4,5,,0.0,1.0,4.0,0.5,4.0,1.2142857142857142,1.2857142857142858,0.07142857142857142,14.0
75521,7,2,SZ,7,3,0.6666666666666666,18,0.5,2,,0.0,0.5,2.0,0.5,2.0,0.75,1.0,0.25,4.0
75521,8,5,SZ,8,2,0.8409090909090909,44,0.5,4,1.0,2.0,1.0,2.0,0.0,2.0,0.2,0.8,0.6,5.0
75521,9,6,SZ,9,2,0.7450980392156863,51,0.5,6,1.0,2.0,1.0,2.0,0.5,2.0,0.6666666666666666,0.6666666666666666,0.0,12.0
75521,10,3,SZ,10,2,0.6296296296296297,27,0.3333333333333333,3,,0.0,1.0,3.0,0.3333333333333333,3.0,0.7142857142857143,1.2857142857142858,0.5714285714285714,7.0
75521,11,2,SZ,11,4,0.7777777777777778,18,1.0,2,,0.0,1.0,2.0,1.0,2.0,0.5,1.0,0.5,2.0
75521,12,4,SZ,12,2,0.6571428571428571,35,0.5,4,1.0,1.0,1.0,3.0,0.3333333333333333,3.0,0.8888888888888888,1.2222222222222223,0.3333333333333333,9.0
75521,13,5,SZ,13,3,0.8444444444444444,45,0.6,5,0.75,4.0,1.0,1.0,0.0,1.0,0.5,0.6666666666666666,0.16666666666666666,6.0
78671,1,2,SZ,1,1,0.8888888888888888,18,1.0,2,,0.0,1.0,2.0,1.0,2.0,,,,
78671,2,3,SZ,2,1,0.9629629629629629,27,1.0,3,1.0,2.0,1.0,1.0,1.0,1.0,,,,
78671,3,6,SZ,3,1,0.7407407407407407,54,0.16666666666666666,6,0.5,2.0,0.75,4.0,0.0,4.0,0.7,1.1,0.4,10.0
78671,4,2,SZ,4,2,0.7777777777777778,18,0.5,2,,0.0,1.0,2.0,0.5,2.0,0.0,1.0,1.0,2.0
78671,5,2,SZ,5,3,1.0,18,1.0,2,1.0,2.0,,0.0,,0.0,,,,
78671,6,5,SZ,6,1,0.8,45,0.6,5,1.0,1.0,0.75,4.0,0.5,4.0,0.4,0.6,0.2,5.0
78671,7,4,SZ,7,1,0.8055555555555556,36,0.5,4,1.0,1.0,1.0,3.0,0.3333333333333333,3.0,0.25,1.0,0.75,4.0
78671,8,6,SZ,8,2,0.8703703703703703,54,0.8333333333333334,6,1.0,3.0,1.0,3.0,0.6666666666666666,3.0,0.25,1.0,0.75,4.0
78671,9,5,SZ,9,2,0.8222222222222222,45,0.6,5,,0.0,0.8,5.0,0.6,5.0,0.6666666666666666,0.6666666666666666,0.0,3.0
78671,10,2,SZ,10,4,0.7222222222222222,18,0.0,2,,0.0,0.5,2.0,0.0,2.0,0.6666666666666666,0.6666666666666666,0.0,3.0
78671,11,3,SZ,11,2,0.7777777777777778,27,0.0,3,,0.0,0.6666666666666666,3.0,0.0,3.0,0.3333333333333333,0.6666666666666666,0.3333333333333333,3.0
78671,12,5,SZ,12,3,0.7727272727272727,44,0.4,5,0.6666666666666666,3.0,0.5,2.0,0.0,2.0,0.75,0.75,0.0,8.0
78671,13,4,SZ,13,2,0.8333333333333334,36,0.75,4,1.0,1.0,1.0,3.0,0.6666666666666666,3.0,0.3333333333333333,0.6666666666666666,0.3333333333333333,3.0
79367,1,2,SZ,1,1,0.7777777777777778,18,0.5,2,,0.0,1.0,2.0,0.5,2.0,0.5,1.0,0.5,2.0
79367,2,4,SZ,2,1,0.6666666666666666,36,0.5,4,1.0,1.0,1.0,3.0,0.3333333333333333,3.0,1.1111111111111112,1.6666666666666667,0.5555555555555556,9.0
79367,3,3,SZ,3,1,0.5,26,0.0,3,,0.0,1.0,3.0,0.0,3.0,1.1,1.1,0.0,10.0
79367,4,5,SZ,4,1,0.6,45,0.2,5,0.0,2.0,0.6666666666666666,3.0,0.3333333333333333,3.0,0.9333333333333333,1.0,0.06666666666666667,15.0
79367,5,2,SZ,5,2,0.8333333333333334,18,0.5,2,0.0,1.0,1.0,1.0,1.0,1.0,0.0,0.5,0.5,2.0
79367,6,2,SZ,6,3,0.8333333333333334,18,1.0,2,1.0,1.0,1.0,1.0,1.0,1.0,0.0,0.5,0.5,2.0
79367,7,6,SZ,7,1,0.6851851851851852,54,0.5,6,0.75,4.0,0.0,2.0,0.0,2.0,2.3636363636363638,2.272727272727273,-0.09090909090909091,22.0
79367,8,6,SZ,8,2,0.8333333333333334,54,0.6666666666666666,6,1.0,3.0,0.6666666666666666,3.0,0.3333333333333333,3.0,0.6666666666666666,0.6666666666666666,0.0,6.0
79367,9,5,SZ,9,2,0.8666666666666667,45,0.8,5,1.0,3.0,0.5,2.0,0.5,2.0,1.0,1.5,0.5,4.0
79367,10,2,SZ,10,4,0.7777777777777778,18,0.5,2,1.0,1.0,1.0,1.0,0.0,1.0,0.3333333333333333,0.6666666666666666,0.3333333333333333,3.0
79367,11,4,SZ,11,2,0.8055555555555556,36,0.75,4,1.0,2.0,0.5,2.0,0.5,2.0,1.2,0.0,-1.2,5.0
79367,12,3,SZ,12,2,0.6666666666666666,27,0.6666666666666666,3,1.0,1.0,1.0,2.0,0.5,2.0,1.0,0.8571428571428571,-0.14285714285714285,7.0
79367,13,5,SZ,13,3,0.8,45,0.6,5,1.0,2.0,0.3333333333333333,3.0,0.3333333333333333,3.0,1.0,0.0,-1.0,6.0
79727,1,3,SZ,1,1,0.8888888888888888,27,0.6666666666666666,3,0.5,2.0,1.0,1.0,1.0,1.0,0.0,0.0,0.0,2.0
79727,2,2,SZ,2,1,0.5555555555555556,18,0.0,2,,0.0,0.5,2.0,0.0,2.0,1.1666666666666667,1.0,-0.16666666666666666,6.0
79727,3,4,SZ,3,1,0.2777777777777778,36,0.5,4,1.0,1.0,0.6666666666666666,3.0,0.3333333333333333,3.0,2.4857142857142858,2.6285714285714286,0.14285714285714285,35.0
79727,4,6,SZ,4,1,0.3,50,0.2,5,0.0,3.0,0.5,2.0,0.5,2.0,1.75,1.675,-0.075,40.0
79727,5,2,SZ,5,2,0.8888888888888888,18,0.5,2,0.5,2.0,,0.0,,0.0,0.0,0.0,0.0,2.0
79727,6,2,SZ,6,3,0.8888888888888888,18,0.5,2,1.0,1.0,0.0,1.0,0.0,1.0,1.0,0.0,-1.0,1.0
79727,7,5,SZ,7,1,0.4666666666666667,45,0.2,5,0.0,3.0,0.5,2.0,0.5,2.0,2.3255813953488373,2.13953488372093,-0.18604651162790697,43.0
79727,8,5,SZ,8,2,0.7333333333333333,45,0.4,5,1.0,1.0,0.75,4.0,0.25,4.0,1.0,1.1111111111111112,0.1111111111111111,9.0
79727,9,6,SZ,9,2,0.6226415094339622,53,0.4,5,1.0,1.0,0.75,4.0,0.25,4.0,1.5333333333333334,1.0,-0.5333333333333333,15.0
79727,10,3,SZ,10,2,0.7777777777777778,27,0.3333333333333333,3,1.0,1.0,1.0,2.0,0.0,2.0,0.25,0.75,0.5,4.0
79727,11,2,SZ,11,4,0.9444444444444444,18,1.0,2,1.0,1.0,1.0,1.0,1.0,1.0,,,,
79727,12,4,SZ,12,2,0.6944444444444444,36,0.5,4,,0.0,1.0,4.0,0.5,4.0,1.0,0.42857142857142855,-0.5714285714285714,7.0
79727,13,5,SZ,13,3,0.38636363636363635,44,0.4,5,1.0,2.0,1.0,3.0,0.0,3.0,2.0588235294117645,2.264705882352941,0.20588235294117646,34.0
79907,1,2,SZ,1,1,0.9444444444444444,18,1.0,2,1.0,1.0,1.0,1.0,1.0,1.0,,,,
79907,2,2,SZ,2,2,0.8823529411764706,17,0.5,2,,0.0,1.0,1.0,0.0,1.0,0.0,1.0,1.0,1.0
79907,3,3,SZ,3,1,0.7037037037037037,27,0.0,3,,0.0,0.6666666666666666,3.0,0.0,3.0,0.8,0.6,-0.2,5.0
79907,4,5,SZ,4,1,0.5227272727272727,44,0.4,5,0.5,2.0,1.0,2.0,0.5,2.0,1.7857142857142858,1.1785714285714286,-0.6071428571428571,28.0
79907,5,6,SZ,5,1,0.8703703703703703,54,0.8333333333333334,6,1.0,1.0,0.8,5.0,0.8,5.0,0.5,0.5,0.0,2.0
79907,6,4,SZ,6,1,0.4722222222222222,36,0.0,4,,0.0,0.75,4.0,0.0,4.0,1.3529411764705883,1.588235294117647,0.23529411764705882,17.0
79907,7,2,SZ,7,3,0.8333333333333334,18,1.0,2,,0.0,1.0,2.0,1.0,2.0,1.0,0.0,-1.0,1.0
79907,8,5,SZ,8,2,0.4666666666666667,45,0.2,5,1.0,1.0,0.75,4.0,0.0,4.0,1.8333333333333333,1.75,-0.08333333333333333,24.0
79907,9,6,SZ,9,2,0.6111111111111112,54,0.3333333333333333,6,0.3333333333333333,3.0,0.6666666666666666,3.0,0.3333333333333333,3.0,1.368421052631579,1.1578947368421053,-0.21052631578947367,19.0
79907,10,2,SZ,10,4,0.8333333333333334,18,0.5,2,,0.0,1.0,2.0,0.5,2.0,0.0,1.0,1.0,1.0
79907,11,3,SZ,11,2,0.8518518518518519,27,1.0,3,,0.0,1.0,3.0,1.0,3.0,1.0,0.0,-1.0,1.0
79907,12,5,SZ,12,3,0.6,45,0.6,5,0.5,2.0,1.0,3.0,0.6666666666666666,3.0,1.8888888888888888,0.16666666666666666,-1.7222222222222223,18.0
79907,13,4,SZ,13,2,0.6666666666666666,36,0.75,4,1.0,1.0,1.0,3.0,0.6666666666666666,3.0,1.1111111111111112,1.0,-0.1111111111111111,9.0
80256,1,4,SZ,1,1,0.8888888888888888,36,0.5,4,1.0,2.0,1.0,2.0,0.0,2.0,0.0,1.0,1.0,2.0
80256,2,3,SZ,2,1,1.0,27,1.0,3,1.0,3.0,,0.0,,0.0,,,,
80256,3,2,SZ,3,1,0.8888888888888888,18,0.5,2,1.0,1.0,1.0,1.0,0.0,1.0,0.0,1.0,1.0,1.0
80256,4,2,SZ,4,2,0.9444444444444444,18,1.0,2,1.0,1.0,1.0,1.0,1.0,1.0,,,,
80256,5,6,SZ,5,1,0.9074074074074074,54,0.8333333333333334,6,1.0,2.0,1.0,4.0,0.75,4.0,0.0,1.0,1.0,1.0
80256,6,5,SZ,6,1,0.8444444444444444,45,0.6,5,1.0,2.0,1.0,3.0,0.3333333333333333,3.0,0.25,1.0,0.75,4.0
80256,7,2,SZ,7,3,0.8333333333333334,18,0.5,2,,0.0,1.0,2.0,0.5,2.0,0.0,1.0,1.0,1.0
80256,8,5,SZ,8,2,0.8888888888888888,45,0.8,5,1.0,3.0,1.0,2.0,0.5,2.0,0.6666666666666666,1.3333333333333333,0.6666666666666666,3.0
80256,9,6,SZ,9,2,0.8703703703703703,54,0.6666666666666666,6,1.0,2.0,1.0,4.0,0.5,4.0,0.0,0.6666666666666666,0.6666666666666666,3.0
80256,10,4,SZ,10,2,0.8888888888888888,36,0.75,4,1.0,1.0,1.0,3.0,0.6666666666666666,3.0,0.0,1.0,1.0,1.0
80256,11,3,SZ,11,2,0.8148148148148148,27,0.3333333333333333,3,,0.0,1.0,3.0,0.3333333333333333,3.0,0.0,1.0,1.0,2.0
80256,12,2,SZ,12,4,1.0,18,1.0,2,1.0,2.0,,0.0,,0.0,,,,
80256,13,5,SZ,13,3,0.8222222222222222,45,0.4,5,,0.0,1.0,5.0,0.4,5.0,0.0,1.0,1.0,3.0
80627,1,6,SZ,1,1,0.9074074074074074,54,0.8333333333333334,6,1.0,4.0,1.0,2.0,0.5,2.0,0.6666666666666666,1.3333333333333333,0.6666666666666666,3.0
80627,2,2,SZ,2,1,0.8888888888888888,18,0.5,2,1.0,1.0,1.0,1.0,0.0,1.0,0.0,1.0,1.0,1.0
80627,3,2,SZ,3,2,0.8888888888888888,18,0.5,2,1.0,1.0,1.0,1.0,0.0,1.0,0.0,1.0,1.0,1.0
80627,4,5,SZ,4,1,0.8444444444444444,45,0.8,5,1.0,3.0,0.5,2.0,0.5,2.0,0.4,0.8,0.4,5.0
80627,5,3,SZ,5,1,0.6666666666666666,27,0.3333333333333333,3,,0.0,1.0,3.0,0.3333333333333333,3.0,0.8333333333333334,1.1666666666666667,0.3333333333333333,6.0
80627,6,4,SZ,6,1,0.8611111111111112,36,0.75,4,1.0,1.0,1.0,3.0,0.6666666666666666,3.0,0.5,0.5,0.0,2.0
80627,7,2,SZ,7,3,1.0,18,1.0,2,1.0,2.0,,0.0,,0.0,,,,
80627,8,6,SZ,8,2,0.46296296296296297,54,0.3333333333333333,6,1.0,1.0,0.4,5.0,0.2,5.0,2.5714285714285716,2.257142857142857,-0.3142857142857143,35.0
80627,9,5,SZ,9,2,0.8,45,0.6,5,0.3333333333333333,3.0,1.0,2.0,1.0,2.0,1.0,0.5714285714285714,-0.42857142857142855,7.0
80627,10,2,SZ,10,4,0.9444444444444444,18,1.0,2,1.0,1.0,1.0,1.0,1.0,1.0,,,,
80627,11,5,SZ,11,3,0.7111111111111111,45,0.4,5,,0.0,1.0,5.0,0.4,5.0,0.625,1.0,0.375,8.0
80627,12,3,SZ,12,2,0.8518518518518519,27,1.0,3,1.0,1.0,1.0,2.0,1.0,2.0,0.0,0.5,0.5,2.0
80627,13,4,SZ,13,2,0.8333333333333334,36,0.5,4,1.0,1.0,0.6666666666666666,3.0,0.3333333333333333,3.0,0.3333333333333333,1.0,0.6666666666666666,3.0
80695,1,2,HC,1,1,0.8888888888888888,18,0.5,2,1.0,1.0,1.0,1.0,0.0,1.0,0.0,1.0,1.0,1.0
80695,2,2,HC,2,2,0.8888888888888888,18,1.0,2,,0.0,1.0,2.0,1.0,2.0,,,,
80695,3,6,HC,3,1,0.7222222222222222,54,0.6666666666666666,6,1.0,1.0,0.8,5.0,0.6,5.0,1.1,0.9,-0.2,10.0
80695,4,5,HC,4,1,0.6222222222222222,45,0.6,5,1.0,1.0,0.75,4.0,0.5,4.0,1.0,1.3846153846153846,0.38461538461538464,13.0
80695,5,3,HC,5,1,0.7407407407407407,27,0.6666666666666666,3,,0.0,1.0,3.0,0.6666666666666666,3.0,0.25,1.0,0.75,4.0
80695,6,2,HC,6,3,0.9444444444444444,18,1.0,2,1.0,1.0,1.0,1.0,1.0,1.0,,,,
80695,7,4,HC,7,1,0.8888888888888888,36,1.0,4,1.0,2.0,1.0,2.0,1.0,2.0,0.5,1.0,0.5,2.0
80695,8,6,HC,8,2,0.7037037037037037,54,0.3333333333333333,6,1.0,2.0,0.5,4.0,0.0,4.0,0.6666666666666666,0.9166666666666666,0.25,12.0
80695,9,5,HC,9,2,0.6444444444444445,45,0.2,5,1.0,1.0,0.75,4.0,0.0,4.0,0.9166666666666666,1.1666666666666667,0.25,12.0
80695,10,2,HC,10,4,0.8888888888888888,18,1.0,2,1.0,1.0,1.0,1.0,1.0,1.0,0.0,1.0,1.0,1.0
80695,11,5,HC,11,3,0.6,45,0.6,5,,0.0,0.8,5.0,0.6,5.0,1.9375,1.375,-0.5625,16.0
80695,12,3,HC,12,2,0.8148148148148148,27,0.6666666666666666,3,1.0,1.0,1.0,2.0,0.5,2.0,0.4,0.6,0.2,5.0
80695,13,4,HC,13,2,0.6944444444444444,36,0.25,4,1.0,1.0,1.0,3.0,0.0,3.0,0.75,1.375,0.625,8.0
80763,1,5,HC,1,1,0.5555555555555556,45,0.4,5,1.0,1.0,1.0,4.0,0.25,4.0,1.7058823529411764,1.5294117647058822,-0.17647058823529413,17.0
80763,2,2,HC,2,1,0.8333333333333334,18,0.5,2,,0.0,1.0,2.0,0.5,2.0,0.0,1.0,1.0,1.0
80763,3,2,HC,3,2,0.8888888888888888,18,1.0,2,,0.0,1.0,2.0,1.0,2.0,,,,
80763,4,4,HC,4,1,0.8333333333333334,36,0.75,4,1.0,2.0,1.0,2.0,0.5,2.0,0.5,1.25,0.75,4.0
80763,5,2,HC,5,3,0.8888888888888888,18,0.5,2,1.0,1.0,1.0,1.0,0.0,1.0,0.0,1.0,1.0,1.0
80763,6,3,HC,6,1,0.8888888888888888,27,0.6666666666666666,3,1.0,2.0,1.0,1.0,0.0,1.0,0.5,1.0,0.5,2.0
80763,7,6,HC,7,1,0.6111111111111112,54,0.3333333333333333,6,0.5,2.0,0.75,4.0,0.25,4.0,2.0,1.2105263157894737,-0.7894736842105263,19.0
80763,8,5,HC,8,2,0.7111111111111111,45,0.6,5,1.0,3.0,0.0,2.0,0.0,2.0,1.3333333333333333,1.3333333333333333,0.0,12.0
80763,9,6,HC,9,2,0.6666666666666666,54,0.6666666666666666,6,1.0,3.0,0.6666666666666666,3.0,0.3333333333333333,3.0,1.1333333333333333,1.4,0.26666666666666666,15.0
80763,10,5,HC,10,3,0.38636363636363635,44,0.0,5,,0.0,0.4,5.0,0.0,5.0,2.2222222222222223,1.6296296296296295,-0.5925925925925926,27.0
80763,11,2,HC,11,4,0.8888888888888888,18,1.0,2,,0.0,1.0,2.0,1.0,2.0,,,,
80763,12,4,HC,12,2,0.6388888888888888,36,0.0,4,,0.0,0.5,4.0,0.0,4.0,0.7777777777777778,1.0,0.2222222222222222,9.0
80763,13,3,HC,13,2,0.8148148148148148,27,0.6666666666666666,3,1.0,1.0,1.0,2.0,0.5,2.0,0.3333333333333333,1.0,0.6666666666666666,3.0
81426,1,4,HC,1,1,0.8611111111111112,36,0.75,4,1.0,1.0,1.0,3.0,0.6666666666666666,3.0,0.5,1.0,0.5,2.0
81426,2,3,HC,2,1,0.9259259259259259,27,1.0,3,1.0,1.0,1.0,2.0,1.0,2.0,,,,
81426,3,5,HC,3,1,0.7111111111111111,45,0.6,5,1.0,3.0,0.5,2.0,0.0,2.0,1.5333333333333334,1.4,-0.13333333333333333,15.0
81426,4,2,HC,4,1,0.9444444444444444,18,1.0,2,1.0,1.0,1.0,1.0,1.0,1.0,,,,
81426,5,6,HC,5,1,0.8113207547169812,53,0.5,6,1.0,2.0,0.75,4.0,0.25,4.0,0.5,0.6666666666666666,0.16666666666666666,6.0
81426,6,2,HC,6,2,0.5,18,0.0,2,,0.0,1.0,2.0,0.0,2.0,0.8571428571428571,1.4285714285714286,0.5714285714285714,7.0
81426,7,2,HC,7,3,0.7777777777777778,18,0.0,2,,0.0,0.5,2.0,0.0,2.0,0.5,0.5,0.0,2.0
81426,8,6,HC,8,2,0.8148148148148148,54,0.6666666666666666,6,1.0,1.0,1.0,5.0,0.6,5.0,0.8,1.0,0.2,5.0
81426,9,5,HC,9,2,0.5555555555555556,45,0.2,5,0.0,1.0,1.0,4.0,0.25,4.0,1.4444444444444444,1.5,0.05555555555555555,18.0
81426,10,4,HC,10,2,0.6666666666666666,36,0.5,4,,0.0,0.5,4.0,0.5,4.0,1.0,1.5,0.5,8.0
81426,11,3,HC,11,2,0.8518518518518519,27,0.6666666666666666,3,1.0,1.0,0.5,2.0,0.5,2.0,0.5,1.0,0.5,2.0
81426,12,5,HC,12,3,0.7777777777777778,45,0.8,5,1.0,2.0,1.0,3.0,0.6666666666666666,3.0,0.5714285714285714,0.7142857142857143,0.14285714285714285,7.0
81426,13,2,HC,13,4,0.7777777777777778,18,1.0,2,1.0,2.0,,0.0,,0.0,1.5,0.0,-1.5,4.0
81450,1,4,HC,1,1,0.8285714285714286,35,0.75,4,1.0,1.0,1.0,3.0,0.6666666666666666,3.0,0.3333333333333333,1.0,0.6666666666666666,3.0
81450,2,3,HC,2,1,0.9259259259259259,27,1.0,3,1.0,1.0,1.0,2.0,1.0,2.0,,,,
81450,3,2,HC,3,1,1.0,18,1.0,2,1.0,2.0,,0.0,,0.0,,,,
81450,4,5,HC,4,1,0.9333333333333333,45,1.0,5,1.0,3.0,1.0,2.0,1.0,2.0,0.0,0.0,0.0,1.0
81450,5,6,HC,5,1,0.8148148148148148,54,0.6666666666666666,6,1.0,2.0,1.0,4.0,0.5,4.0,0.6666666666666666,1.1666666666666667,0.5,6.0
81450,6,2,HC,6,2,0.8333333333333334,18,0.5,2,,0.0,1.0,2.0,0.5,2.0,0.0,1.0,1.0,1.0
81450,7,2,HC,7,3,0.8888888888888888,18,1.0,2,,0.0,1.0,2.0,1.0,2.0,,,,
81450,8,5,HC,8,2,0.7777777777777778,45,0.4,5,,0.0,0.8,5.0,0.4,5.0,0.6,1.0,0.4,5.0
81450,9,6,HC,9,2,0.8703703703703703,54,0.6666666666666666,6,1.0,1.0,1.0,5.0,0.6,5.0,0.0,1.0,1.0,2.0
81450,10,4,HC,10,2,0.8571428571428571,35,0.5,4,1.0,1.0,1.0,3.0,0.3333333333333333,3.0,0.0,1.0,1.0,2.0
81450,11,3,HC,11,2,0.9259259259259259,27,1.0,3,1.0,1.0,1.0,2.0,1.0,2.0,,,,
81450,12,2,HC,12,4,0.8333333333333334,18,0.5,2,1.0,1.0,1.0,1.0,0.0,1.0,0.0,0.5,0.5,2.0
81450,13,5,HC,13,3,0.9111111111111111,45,0.8,5,1.0,2.0,1.0,3.0,0.6666666666666666,3.0,0.0,1.0,1.0,1.0
81472,1,3,HC,1,1,0.9259259259259259,27,1.0,3,1.0,2.0,1.0,1.0,1.0,1.0,0.0,0.0,0.0,1.0
81472,2,2,HC,2,1,0.8888888888888888,18,1.0,2,1.0,1.0,1.0,1.0,1.0,1.0,0.0,1.0,1.0,1.0
81472,3,5,HC,3,1,0.8,45,0.4,5,1.0,2.0,0.6666666666666666,3.0,0.0,3.0,0.5,1.1666666666666667,0.6666666666666666,6.0
81472,4,4,HC,4,1,0.7777777777777778,36,0.5,4,1.0,2.0,0.0,2.0,0.0,2.0,0.8333333333333334,1.3333333333333333,0.5,6.0
81472,5,2,HC,5,2,0.8888888888888888,18,1.0,2,,0.0,1.0,2.0,1.0,2.0,,,,
81472,6,6,HC,6,1,0.6153846153846154,52,0.5,6,0.3333333333333333,3.0,1.0,3.0,0.6666666666666666,3.0,1.1764705882352942,1.0588235294117647,-0.11764705882352941,17.0
81472,7,2,HC,7,3,0.8333333333333334,18,0.5,2,,0.0,1.0,2.0,0.5,2.0,0.0,1.0,1.0,1.0
81472,8,5,HC,8,2,0.8888888888888888,45,0.8,5,1.0,3.0,0.5,2.0,0.5,2.0,0.6666666666666666,0.6666666666666666,0.0,3.0
81472,9,6,HC,9,2,0.6851851851851852,54,0.5,6,,0.0,0.8333333333333334,6.0,0.5,6.0,1.0909090909090908,1.4545454545454546,0.36363636363636365,11.0
81472,10,3,HC,10,2,0.9259259259259259,27,1.0,3,1.0,2.0,1.0,1.0,1.0,1.0,0.0,0.0,0.0,1.0
81472,11,2,HC,11,4,0.8888888888888888,18,0.5,2,1.0,1.0,1.0,1.0,0.0,1.0,0.0,1.0,1.0,1.0
81472,12,5,HC,12,3,0.6666666666666666,45,0.6,5,1.0,2.0,1.0,3.0,0.3333333333333333,3.0,1.5,1.6666666666666667,0.16666666666666666,12.0
81472,13,4,HC,13,2,0.7222222222222222,36,0.5,4,1.0,1.0,1.0,3.0,0.3333333333333333,3.0,1.1428571428571428,1.4285714285714286,0.2857142857142857,7.0
81483,1,2,HC,1,1,0.5555555555555556,18,0.0,2,,0.0,1.0,2.0,0.0,2.0,1.0,1.6666666666666667,0.6666666666666666,6.0
81483,2,4,HC,2,1,0.75,36,0.25,4,0.25,4.0,,0.0,,0.0,0.9090909090909091,0.5454545454545454,-0.36363636363636365,11.0
81483,3,5,HC,3,1,0.7333333333333333,45,0.2,5,1.0,1.0,0.5,4.0,0.0,4.0,0.75,1.125,0.375,8.0
81483,4,3,HC,4,1,0.7037037037037037,27,0.3333333333333333,3,,0.0,1.0,3.0,0.3333333333333333,3.0,0.6,1.2,0.6,5.0
81483,5,2,HC,5,2,0.8888888888888888,18,0.5,2,1.0,1.0,1.0,1.0,0.0,1.0,0.0,1.0,1.0,1.0
81483,6,2,HC,6,3,0.8888888888888888,18,1.0,2,,0.0,1.0,2.0,1.0,2.0,,,,
81483,7,6,HC,7,1,0.7407407407407407,54,0.8333333333333334,6,1.0,1.0,1.0,5.0,0.8,5.0,1.8181818181818181,1.8181818181818181,0.0,11.0
81483,8,6,HC,8,2,0.37037037037037035,54,0.3333333333333333,6,1.0,1.0,0.6,5.0,0.2,5.0,1.8235294117647058,2.088235294117647,0.2647058823529412,34.0
81483,9,5,HC,9,2,0.8888888888888888,45,0.8,5,1.0,2.0,1.0,3.0,0.6666666666666666,3.0,0.0,1.0,1.0,2.0
81483,10,2,HC,10,4,1.0,18,1.0,2,1.0,2.0,,0.0,,0.0,,,,
81483,11,4,HC,11,2,0.8888888888888888,36,1.0,4,,0.0,1.0,4.0,1.0,4.0,,,,
81483,12,5,HC,12,3,0.9333333333333333,45,0.8,5,1.0,4.0,1.0,1.0,0.0,1.0,0.5,1.0,0.5,2.0
81483,13,3,HC,13,2,0.8148148148148148,27,0.3333333333333333,3,,0.0,1.0,3.0,0.3333333333333333,3.0,0.0,1.0,1.0,2.0
81527,1,3,HC,1,1,1.0,27,1.0,3,1.0,3.0,,0.0,,0.0,,,,
81527,2,6,HC,2,1,0.8148148148148148,54,0.6666666666666666,6,1.0,3.0,1.0,3.0,0.3333333333333333,3.0,0.8571428571428571,0.8571428571428571,0.0,7.0
81527,3,2,HC,3,1,0.8333333333333334,18,0.5,2,,0.0,1.0,2.0,0.5,2.0,0.0,1.0,1.0,1.0
81527,4,4,HC,4,1,0.8611111111111112,36,0.75,4,1.0,1.0,1.0,3.0,0.6666666666666666,3.0,0.5,0.5,0.0,2.0
81527,5,2,HC,5,2,0.9444444444444444,18,1.0,2,1.0,1.0,1.0,1.0,1.0,1.0,,,,
81527,6,2,HC,6,3,0.8333333333333334,18,0.5,2,,0.0,1.0,2.0,0.5,2.0,0.0,1.0,1.0,1.0
81527,7,5,HC,7,1,0.8222222222222222,45,1.0,5,1.0,2.0,1.0,3.0,1.0,3.0,0.8,0.4,-0.4,5.0
81527,8,6,HC,8,2,0.7222222222222222,54,0.6666666666666666,6,1.0,3.0,0.6666666666666666,3.0,0.3333333333333333,3.0,1.1176470588235294,1.0588235294117647,-0.058823529411764705,17.0
81527,9,5,HC,9,2,0.8222222222222222,45,0.6,5,0.6666666666666666,3.0,0.5,2.0,0.5,2.0,1.5,0.0,-1.5,6.0
81527,10,3,HC,10,2,0.8518518518518519,27,0.6666666666666666,3,1.0,1.0,0.5,2.0,0.5,2.0,0.5,1.0,0.5,2.0
81527,11,2,HC,11,4,0.9444444444444444,18,1.0,2,1.0,1.0,1.0,1.0,1.0,1.0,,,,
81527,12,4,HC,12,2,0.8333333333333334,36,0.5,4,1.0,1.0,0.6666666666666666,3.0,0.3333333333333333,3.0,0.6666666666666666,0.6666666666666666,0.0,3.0
81527,13,5,HC,13,3,0.8,45,0.4,5,0.5,2.0,0.6666666666666666,3.0,0.3333333333333333,3.0,0.3333333333333333,0.6666666666666666,0.3333333333333333,6.0
81538,1,2,HC,1,1,0.8888888888888888,18,0.5,2,1.0,1.0,1.0,1.0,0.0,1.0,0.0,1.0,1.0,1.0
81538,2,6,HC,2,1,0.7169811320754716,53,0.5,6,1.0,3.0,0.5,2.0,0.0,2.0,0.6153846153846154,0.8461538461538461,0.23076923076923078,13.0
81538,3,2,HC,3,2,0.8888888888888888,18,1.0,2,,0.0,1.0,2.0,1.0,2.0,,,,
81538,4,5,HC,4,1,0.8222222222222222,45,0.8,5,1.0,2.0,1.0,3.0,0.6666666666666666,3.0,0.8,0.6,-0.2,5.0
81538,5,3,HC,5,1,0.8518518518518519,27,0.6666666666666666,3,,0.0,1.0,3.0,0.6666666666666666,3.0,0.0,1.0,1.0,1.0
81538,6,4,HC,6,1,0.5555555555555556,36,0.0,4,,0.0,0.75,4.0,0.0,4.0,1.1538461538461537,1.1538461538461537,0.0,13.0
81538,7,2,HC,7,3,0.8333333333333334,18,0.5,2,,0.0,0.5,2.0,0.5,2.0,1.0,0.0,-1.0,1.0
81538,8,6,HC,8,2,0.9074074074074074,54,0.6666666666666666,6,1.0,4.0,1.0,2.0,0.0,2.0,0.25,0.75,0.5,4.0
81538,9,5,HC,9,2,0.8666666666666667,45,0.8,5,1.0,2.0,1.0,3.0,0.6666666666666666,3.0,0.6666666666666666,1.3333333333333333,0.6666666666666666,3.0
81538,10,2,HC,10,4,0.9444444444444444,18,1.0,2,1.0,1.0,1.0,1.0,1.0,1.0,,,,
81538,11,5,HC,11,3,0.7555555555555555,45,0.6,5,1.0,2.0,0.6666666666666666,3.0,0.3333333333333333,3.0,1.75,0.25,-1.5,8.0
81538,12,3,HC,12,2,0.7407407407407407,27,0.3333333333333333,3,1.0,1.0,1.0,2.0,0.0,2.0,0.8,1.0,0.2,5.0
81538,13,4,HC,13,2,0.7222222222222222,36,0.5,4,1.0,1.0,0.6666666666666666,3.0,0.3333333333333333,3.0,1.1428571428571428,0.5714285714285714,-0.5714285714285714,7.0
81540,1,6,HC,1,1,0.6037735849056604,53,0.6666666666666666,6,0.5,2.0,0.6666666666666666,3.0,0.6666666666666666,3.0,1.9090909090909092,1.4545454545454546,-0.45454545454545453,22.0
81540,2,5,HC,2,1,0.8222222222222222,45,0.6,5,1.0,2.0,0.6666666666666666,3.0,0.3333333333333333,3.0,0.6,0.8,0.2,5.0
81540,3,2,HC,3,1,1.0,18,1.0,2,1.0,2.0,,0.0,,0.0,,,,
81540,4,4,HC,4,1,0.8055555555555556,36,0.5,4,,0.0,1.0,4.0,0.5,4.0,0.3333333333333333,1.0,0.6666666666666666,3.0
81540,5,2,HC,5,2,0.9444444444444444,18,1.0,2,1.0,1.0,1.0,1.0,1.0,1.0,,,,
81540,6,3,HC,6,1,1.0,27,1.0,3,1.0,3.0,,0.0,,0.0,,,,
81540,7,2,HC,7,3,0.8333333333333334,18,0.5,2,,0.0,1.0,2.0,0.5,2.0,0.0,1.0,1.0,1.0
81540,8,5,HC,8,2,0.5333333333333333,45,0.2,5,1.0,1.0,0.75,4.0,0.0,4.0,1.7142857142857142,1.8571428571428572,0.14285714285714285,21.0
81540,9,6,HC,9,2,0.7037037037037037,54,0.6666666666666666,6,0.6666666666666666,3.0,1.0,3.0,0.6666666666666666,3.0,1.1538461538461537,0.7692307692307693,-0.38461538461538464,13.0
81540,10,5,HC,10,3,0.8888888888888888,45,1.0,5,1.0,3.0,1.0,2.0,1.0,2.0,0.0,0.3333333333333333,0.3333333333333333,3.0
81540,11,2,HC,11,4,0.8333333333333334,18,0.5,2,,0.0,1.0,2.0,0.5,2.0,0.0,1.0,1.0,1.0
81540,12,4,HC,12,2,0.8055555555555556,36,0.5,4,1.0,2.0,1.0,2.0,0.0,2.0,0.6,1.2,0.6,5.0
81540,13,3,HC,13,2,0.9629629629629629,27,0.6666666666666666,3,0.6666666666666666,3.0,,0.0,,0.0,0.0,0.0,0.0,1.0
81551,1,3,SZ,1,1,0.2962962962962963,27,0.0,3,,0.0,0.3333333333333333,3.0,0.0,3.0,1.9411764705882353,1.9411764705882353,0.0,17.0
81551,2,2,SZ,2,1,0.8888888888888888,18,1.0,2,1.0,1.0,1.0,1.0,1.0,1.0,0.0,0.0,0.0,1.0
81551,3,2,SZ,3,2,0.8333333333333334,18,0.5,2,,0.0,0.5,2.0,0.5,2.0,1.0,0.0,-1.0,1.0
81551,4,6,SZ,4,1,0.75,52,1.0,6,1.0,3.0,1.0,3.0,1.0,3.0,0.8181818181818182,0.8181818181818182,0.0,11.0
81551,5,4,SZ,5,1,0.8888888888888888,36,0.75,4,1.0,3.0,1.0,1.0,0.0,1.0,0.3333333333333333,0.6666666666666666,0.3333333333333333,3.0
81551,6,2,SZ,6,3,0.8235294117647058,17,1.0,1,,0.0,1.0,1.0,1.0,1.0,0.0,1.0,1.0,1.0
81551,7,5,SZ,7,1,0.6444444444444445,45,0.4,5,,0.0,1.0,5.0,0.4,5.0,1.0,1.0909090909090908,0.09090909090909091,11.0
81551,8,6,SZ,8,2,0.7407407407407407,54,0.3333333333333333,6,0.5,2.0,0.75,4.0,0.25,4.0,1.0,0.8181818181818182,-0.18181818181818182,11.0
81551,9,5,SZ,9,2,0.6444444444444445,45,0.6,5,0.6666666666666666,3.0,0.5,2.0,0.5,2.0,1.0,0.7857142857142857,-0.21428571428571427,14.0
81551,10,3,SZ,10,2,0.8888888888888888,27,1.0,3,1.0,2.0,1.0,1.0,1.0,1.0,0.0,0.5,0.5,2.0
81551,11,2,SZ,11,4,0.8888888888888888,18,0.5,2,1.0,1.0,0.0,1.0,0.0,1.0,1.0,0.0,-1.0,1.0
81551,12,4,SZ,12,2,0.375,32,0.25,4,0.0,1.0,1.0,2.0,0.5,2.0,2.0,1.7619047619047619,-0.23809523809523808,21.0
81551,13,5,SZ,13,3,0.4888888888888889,45,0.4,5,,0.0,0.8,5.0,0.4,5.0,1.4210526315789473,1.7894736842105263,0.3684210526315789,19.0
81663,1,5,HC,1,1,0.5111111111111111,45,0.4,5,0.0,1.0,0.75,4.0,0.5,4.0,1.5,1.7,0.2,20.0
81663,2,4,HC,2,1,0.8888888888888888,36,1.0,4,1.0,2.0,1.0,2.0,1.0,2.0,0.5,0.0,-0.5,2.0
81663,3,6,HC,3,1,0.7407407407407407,54,0.6666666666666666,6,1.0,2.0,0.75,4.0,0.5,4.0,1.5454545454545454,1.0,-0.5454545454545454,11.0
81663,4,3,HC,4,1,0.6296296296296297,27,0.0,3,,0.0,0.6666666666666666,3.0,0.0,3.0,0.7142857142857143,1.0,0.2857142857142857,7.0
81663,5,2,HC,5,1,0.8888888888888888,18,1.0,2,1.0,1.0,1.0,1.0,1.0,1.0,1.0,0.0,-1.0,1.0
81663,6,2,HC,6,2,0.8333333333333334,18,1.0,2,,0.0,1.0,2.0,1.0,2.0,0.0,1.0,1.0,1.0
81663,7,2,HC,7,3,0.9444444444444444,18,1.0,2,1.0,2.0,,0.0,,0.0,0.0,0.0,0.0,1.0
81663,8,5,HC,8,2,0.8222222222222222,45,0.4,5,0.5,4.0,1.0,1.0,0.0,1.0,0.42857142857142855,0.5714285714285714,0.14285714285714285,7.0
81663,9,6,HC,9,2,0.6481481481481481,54,0.8333333333333334,6,1.0,3.0,0.6666666666666666,3.0,0.6666666666666666,3.0,1.9090909090909092,1.6818181818181819,-0.22727272727272727,22.0
81663,10,5,HC,10,3,0.4666666666666667,45,0.6,5,,0.0,1.0,5.0,0.6,5.0,2.04,2.36,0.32,25.0
81663,11,4,HC,11,2,0.6388888888888888,36,0.5,4,1.0,1.0,1.0,3.0,0.3333333333333333,3.0,1.0,1.3636363636363635,0.36363636363636365,11.0
81663,12,3,HC,12,2,0.8148148148148148,27,0.6666666666666666,3,,0.0,1.0,3.0,0.6666666666666666,3.0,0.5,1.0,0.5,2.0
81663,13,2,HC,13,4,0.9444444444444444,18,1.0,2,1.0,2.0,,0.0,,0.0,0.0,0.0,0.0,1.0
81685,1,2,HC,1,1,1.0,18,1.0,2,1.0,2.0,,0.0,,0.0,,,,
81685,2,3,HC,2,1,0.9629629629629629,27,1.0,3,1.0,2.0,1.0,1.0,1.0,1.0,,,,
81685,3,2,HC,3,2,0.8333333333333334,18,0.5,2,1.0,1.0,1.0,1.0,0.0,1.0,0.5,1.0,0.5,2.0
81685,4,4,HC,4,1,0.7777777777777778,36,0.25,4,1.0,1.0,1.0,3.0,0.0,3.0,0.2,0.8,0.6,5.0
81685,5,2,HC,5,3,0.8333333333333334,18,0.5,2,,0.0,1.0,2.0,0.5,2.0,0.0,1.0,1.0,1.0
81685,6,5,HC,6,1,0.75,44,0.8,5,1.0,2.0,1.0,3.0,0.6666666666666666,3.0,1.0,1.4,0.4,10.0
81685,7,6,HC,7,1,0.8490566037735849,53,0.8,5,1.0,1.0,0.75,4.0,0.75,4.0,0.6666666666666666,0.5,-0.16666666666666666,6.0
81685,8,5,HC,8,2,0.8444444444444444,45,0.8,5,1.0,2.0,1.0,3.0,0.6666666666666666,3.0,1.0,0.75,-0.25,4.0
81685,9,6,HC,9,2,0.8518518518518519,54,0.6666666666666666,6,1.0,2.0,0.75,4.0,0.5,4.0,0.75,0.5,-0.25,4.0
81685,10,2,HC,10,4,0.8888888888888888,18,1.0,2,1.0,1.0,1.0,1.0,1.0,1.0,0.0,0.0,0.0,1.0
81685,11,3,HC,11,2,0.8148148148148148,27,0.3333333333333333,3,,0.0,1.0,3.0,0.3333333333333333,3.0,0.0,1.0,1.0,2.0
81685,12,4,HC,12,2,0.8611111111111112,36,0.75,4,1.0,1.0,1.0,3.0,0.6666666666666666,3.0,0.0,1.0,1.0,2.0
81685,13,5,HC,13,3,0.7954545454545454,44,0.6,5,1.0,1.0,1.0,4.0,0.5,4.0,0.4,0.8,0.4,5.0
81988,1,2,HC,1,1,0.8333333333333334,18,0.5,2,1.0,1.0,1.0,1.0,0.0,1.0,0.0,0.5,0.5,2.0
81988,2,6,HC,2,1,0.8148148148148148,54,0.6666666666666666,6,1.0,2.0,1.0,4.0,0.5,4.0,0.5,0.8333333333333334,0.3333333333333333,6.0
81988,3,3,HC,3,1,0.9259259259259259,27,0.6666666666666666,3,1.0,2.0,1.0,1.0,0.0,1.0,0.0,1.0,1.0,1.0
81988,4,2,HC,4,2,1.0,18,1.0,2,1.0,2.0,,0.0,,0.0,,,,
81988,5,4,HC,5,1,0.9722222222222222,36,1.0,4,1.0,3.0,1.0,1.0,1.0,1.0,,,,
81988,6,5,HC,6,1,0.8222222222222222,45,0.4,5,1.0,1.0,1.0,4.0,0.25,4.0,0.25,1.0,0.75,4.0
81988,7,2,HC,7,3,0.8888888888888888,18,1.0,2,,0.0,1.0,2.0,1.0,2.0,,,,
81988,8,6,HC,8,2,0.7592592592592593,54,0.3333333333333333,6,,0.0,1.0,6.0,0.3333333333333333,6.0,0.42857142857142855,1.1428571428571428,0.7142857142857143,7.0
81988,9,5,HC,9,2,0.8666666666666667,45,0.4,5,1.0,2.0,1.0,3.0,0.0,3.0,0.0,1.0,1.0,3.0
81988,10,2,HC,10,4,0.9444444444444444,18,1.0,2,1.0,1.0,1.0,1.0,1.0,1.0,,,,
81988,11,3,HC,11,2,0.9259259259259259,27,0.6666666666666666,3,1.0,2.0,1.0,1.0,0.0,1.0,0.0,1.0,1.0,1.0
81988,12,4,HC,12,2,0.8333333333333334,36,0.5,4,1.0,2.0,1.0,2.0,0.0,2.0,0.25,0.75,0.5,4.0
81988,13,5,HC,13,3,0.8222222222222222,45,0.6,5,,0.0,1.0,5.0,0.6,5.0,0.0,1.0,1.0,3.0
81990,1,2,HC,1,1,0.9444444444444444,18,1.0,2,1.0,1.0,1.0,1.0,1.0,1.0,,,,
81990,2,5,HC,2,1,0.6136363636363636,44,0.4,5,,0.0,0.6,5.0,0.4,5.0,0.8333333333333334,1.4166666666666667,0.5833333333333334,12.0
81990,3,6,HC,3,1,0.5555555555555556,54,0.5,6,1.0,1.0,1.0,5.0,0.4,5.0,1.35,1.8,0.45,20.0
81990,4,3,HC,4,1,1.0,27,1.0,3,1.0,3.0,,0.0,,0.0,,,,
81990,5,2,HC,5,2,1.0,18,1.0,2,1.0,2.0,,0.0,,0.0,,,,
81990,6,2,HC,6,3,0.9444444444444444,18,1.0,2,1.0,1.0,1.0,1.0,1.0,1.0,,,,
81990,7,4,HC,7,1,0.8888888888888888,36,0.5,4,0.5,2.0,1.0,2.0,0.5,2.0,0.0,0.5,0.5,2.0
81990,8,5,HC,8,2,0.9555555555555556,45,1.0,5,1.0,3.0,1.0,2.0,1.0,2.0,,,,
81990,9,6,HC,9,2,0.7924528301886793,53,0.6666666666666666,6,1.0,3.0,1.0,3.0,0.3333333333333333,3.0,0.8888888888888888,0.8888888888888888,0.0,9.0
81990,10,2,HC,10,4,0.9444444444444444,18,1.0,2,1.0,1.0,1.0,1.0,1.0,1.0,,,,
81990,11,5,HC,11,3,0.8666666666666667,45,0.8,5,1.0,2.0,1.0,3.0,0.6666666666666666,3.0,0.3333333333333333,0.3333333333333333,0.0,3.0
81990,12,3,HC,12,2,0.8518518518518519,27,0.3333333333333333,3,1.0,1.0,1.0,2.0,0.0,2.0,0.0,1.0,1.0,2.0
81990,13,4,HC,13,2,0.9444444444444444,36,1.0,4,1.0,2.0,1.0,2.0,1.0,2.0,,,,
82012,1,2,HC,1,1,0.9444444444444444,18,1.0,2,1.0,1.0,1.0,1.0,1.0,1.0,,,,
82012,2,4,HC,2,1,0.5555555555555556,36,0.25,4,0.0,1.0,0.6666666666666666,3.0,0.3333333333333333,3.0,0.7692307692307693,1.3076923076923077,0.5384615384615384,13.0
82012,3,6,HC,3,1,0.6226415094339622,53,0.16666666666666666,6,0.0,1.0,0.6,5.0,0.2,5.0,1.4761904761904763,1.2857142857142858,-0.19047619047619047,21.0
82012,4,5,HC,4,1,0.7111111111111111,45,0.6,5,1.0,1.0,0.75,4.0,0.5,4.0,0.8,1.1,0.3,10.0
82012,5,3,HC,5,1,0.9259259259259259,27,1.0,3,1.0,1.0,1.0,2.0,1.0,2.0,,,,
82012,6,2,HC,6,2,0.7222222222222222,18,0.5,2,,0.0,1.0,2.0,0.5,2.0,1.0,1.0,0.0,3.0
82012,7,2,HC,7,3,0.7222222222222222,18,0.5,2,,0.0,1.0,2.0,0.5,2.0,0.3333333333333333,1.0,0.6666666666666666,3.0
82012,8,6,HC,8,2,0.6792452830188679,53,0.5,6,0.6666666666666666,3.0,1.0,3.0,0.3333333333333333,3.0,1.6666666666666667,1.0555555555555556,-0.6111111111111112,18.0
82012,9,5,HC,9,2,0.9111111111111111,45,0.6,5,0.75,4.0,1.0,1.0,0.0,1.0,0.3333333333333333,0.6666666666666666,0.3333333333333333,3.0
82012,10,2,HC,10,4,0.8888888888888888,18,0.5,2,1.0,1.0,1.0,1.0,0.0,1.0,0.0,1.0,1.0,1.0
82012,11,4,HC,11,2,0.4444444444444444,36,0.25,4,1.0,1.0,1.0,3.0,0.0,3.0,2.0,2.05,0.05,20.0
82012,12,5,HC,12,3,0.5909090909090909,44,0.6,5,0.6666666666666666,3.0,1.0,2.0,0.5,2.0,2.5925925925925926,1.0,-1.5925925925925926,27.0
82012,13,3,HC,13,2,0.7777777777777778,27,1.0,3,1.0,1.0,1.0,2.0,1.0,2.0,0.6,0.8,0.2,5.0
82034,1,5,HC,1,1,0.7555555555555555,45,0.6,5,1.0,1.0,0.75,4.0,0.5,4.0,0.5714285714285714,1.0,0.42857142857142855,7.0
82034,2,3,HC,2,1,0.8148148148148148,27,0.3333333333333333,3,,0.0,1.0,3.0,0.3333333333333333,3.0,0.0,1.0,1.0,2.0
82034,3,2,HC,3,1,0.8888888888888888,18,0.5,2,1.0,1.0,1.0,1.0,0.0,1.0,0.0,1.0,1.0,1.0
82034,4,2,HC,4,2,1.0,18,1.0,2,1.0,2.0,,0.0,,0.0,,,,
82034,5,6,HC,5,1,0.8148148148148148,54,0.3333333333333333,6,1.0,2.0,0.75,4.0,0.0,4.0,0.3333333333333333,1.0,0.6666666666666666,6.0
82034,6,4,HC,6,1,0.9166666666666666,36,1.0,4,1.0,1.0,1.0,3.0,1.0,3.0,,,,
82034,7,2,HC,7,3,0.8333333333333334,18,0.5,2,,0.0,1.0,2.0,0.5,2.0,0.0,1.0,1.0,1.0
82034,8,5,HC,8,2,0.9777777777777777,45,1.0,5,1.0,4.0,1.0,1.0,1.0,1.0,,,,
82034,9,6,HC,9,2,0.9074074074074074,54,1.0,6,1.0,1.0,1.0,5.0,1.0,5.0,,,,
82034,10,5,HC,10,3,0.8666666666666667,45,0.6,5,1.0,1.0,1.0,4.0,0.5,4.0,0.0,1.0,1.0,2.0
82034,11,3,HC,11,2,0.9629629629629629,27,1.0,3,1.0,2.0,1.0,1.0,1.0,1.0,,,,
82034,12,2,HC,12,4,0.8888888888888888,18,1.0,2,,0.0,1.0,2.0,1.0,2.0,,,,
82034,13,4,HC,13,2,0.9444444444444444,36,1.0,4,1.0,2.0,1.0,2.0,1.0,2.0,,,,
82045,1,4,SZ,1,1,0.5142857142857142,35,0.3333333333333333,3,0.0,1.0,0.5,2.0,0.5,2.0,1.5,1.6428571428571428,0.14285714285714285,14.0
82045,2,2,SZ,2,1,0.8888888888888888,18,0.5,2,1.0,1.0,1.0,1.0,0.0,1.0,0.0,1.0,1.0,1.0
82045,3,3,SZ,3,1,0.7692307692307693,26,0.6666666666666666,3,1.0,1.0,1.0,2.0,0.5,2.0,1.0,1.5,0.5,4.0
82045,4,5,SZ,4,1,0.7111111111111111,45,0.4,5,0.3333333333333333,3.0,1.0,2.0,0.5,2.0,0.6363636363636364,1.0909090909090908,0.45454545454545453,11.0
82045,5,2,SZ,5,2,0.8333333333333334,18,1.0,2,1.0,2.0,,0.0,,0.0,1.0,0.0,-1.0,3.0
82045,6,6,SZ,6,1,0.42592592592592593,54,0.6666666666666666,6,1.0,3.0,1.0,3.0,0.3333333333333333,3.0,2.4318181818181817,2.272727272727273,-0.1590909090909091,44.0
82045,7,2,SZ,7,3,0.7222222222222222,18,0.0,2,,0.0,1.0,2.0,0.0,2.0,0.3333333333333333,1.0,0.6666666666666666,3.0
82045,8,5,SZ,8,2,0.6888888888888889,45,0.4,5,1.0,1.0,1.0,4.0,0.25,4.0,0.8,1.0,0.2,10.0
82045,9,6,SZ,9,2,0.7962962962962963,54,0.6666666666666666,6,1.0,3.0,0.6666666666666666,3.0,0.3333333333333333,3.0,0.625,1.125,0.5,8.0
82045,10,4,SZ,10,2,0.7777777777777778,36,0.75,4,1.0,3.0,1.0,1.0,0.0,1.0,0.42857142857142855,0.2857142857142857,-0.14285714285714285,7.0
82045,11,2,SZ,11,4,0.7222222222222222,18,0.0,2,,0.0,1.0,2.0,0.0,2.0,0.3333333333333333,1.0,0.6666666666666666,3.0
82045,12,3,SZ,12,2,0.9259259259259259,27,1.0,3,1.0,3.0,,0.0,,0.0,0.0,0.5,0.5,2.0
82045,13,5,SZ,13,3,0.6666666666666666,45,0.8,5,1.0,2.0,1.0,3.0,0.6666666666666666,3.0,1.75,0.6875,-1.0625,16.0
82124,1,6,HC,1,1,0.48148148148148145,54,0.3333333333333333,6,0.5,2.0,0.5,4.0,0.25,4.0,2.0,1.9189189189189189,-0.08108108108108109,37.0
82124,2,2,HC,2,1,0.9444444444444444,18,1.0,2,1.0,1.0,1.0,1.0,1.0,1.0,,,,
82124,3,3,HC,3,1,0.7407407407407407,27,0.3333333333333333,3,1.0,1.0,0.5,2.0,0.0,2.0,0.8,1.4,0.6,5.0
82124,4,4,HC,4,1,0.75,36,0.25,4,,0.0,0.25,4.0,0.25,4.0,0.5,0.8333333333333334,0.3333333333333333,6.0
82124,5,2,HC,5,2,1.0,18,1.0,2,1.0,2.0,,0.0,,0.0,0.0,0.0,0.0,2.0
82124,6,5,HC,6,1,0.8222222222222222,45,0.6,5,0.5,2.0,1.0,3.0,0.6666666666666666,3.0,0.8,1.2,0.4,5.0
82124,7,2,HC,7,3,0.8888888888888888,18,0.5,2,1.0,1.0,1.0,1.0,0.0,1.0,0.0,1.0,1.0,1.0
82124,8,6,HC,8,2,0.7407407407407407,54,0.3333333333333333,6,1.0,2.0,1.0,4.0,0.0,4.0,1.0,1.2,0.2,10.0
82124,9,5,HC,9,2,0.5333333333333333,45,0.6,5,1.0,1.0,0.75,4.0,0.5,4.0,2.25,1.5,-0.75,20.0
82124,10,2,HC,10,4,0.8333333333333334,18,0.5,2,,0.0,1.0,2.0,0.5,2.0,0.0,1.0,1.0,1.0
82124,11,3,HC,11,2,0.8148148148148148,27,0.6666666666666666,3,1.0,1.0,0.5,2.0,0.5,2.0,0.3333333333333333,0.3333333333333333,0.0,3.0
82124,12,4,HC,12,2,0.7222222222222222,36,0.25,4,1.0,1.0,0.6666666666666666,3.0,0.0,3.0,0.7142857142857143,0.7142857142857143,0.0,7.0
82124,13,5,HC,13,3,0.8666666666666667,45,0.6,5,0.6666666666666666,3.0,1.0,2.0,0.5,2.0,0.75,0.25,-0.5,4.0
82214,1,3,HC,1,1,0.52,25,0.6666666666666666,3,1.0,1.0,1.0,2.0,0.5,2.0,1.6666666666666667,1.8333333333333333,0.16666666666666666,12.0
82214,2,2,HC,2,1,0.8333333333333334,18,0.5,2,,0.0,1.0,2.0,0.5,2.0,0.0,1.0,1.0,1.0
82214,3,5,HC,3,1,0.8444444444444444,45,0.4,5,1.0,2.0,0.6666666666666666,3.0,0.0,3.0,0.75,0.5,-0.25,4.0
82214,4,2,HC,4,2,0.8333333333333334,18,0.5,2,1.0,1.0,1.0,1.0,0.0,1.0,0.5,1.0,0.5,2.0
82214,5,4,HC,5,1,0.8888888888888888,36,0.5,4,1.0,2.0,0.5,2.0,0.0,2.0,0.5,0.5,0.0,2.0
82214,6,2,HC,6,3,0.8333333333333334,18,0.5,2,1.0,1.0,1.0,1.0,0.0,1.0,0.5,1.0,0.5,2.0
82214,7,6,HC,7,1,0.7777777777777778,54,0.5,6,1.0,2.0,0.75,4.0,0.25,4.0,0.7,1.1,0.4,10.0
82214,8,5,HC,8,2,0.7777777777777778,45,0.4,5,1.0,1.0,0.75,4.0,0.25,4.0,0.7142857142857143,1.2857142857142858,0.5714285714285714,7.0
82214,9,6,HC,9,2,0.8518518518518519,54,0.6666666666666666,6,1.0,1.0,0.6,5.0,0.6,5.0,0.6666666666666666,0.6666666666666666,0.0,3.0
82214,10,3,HC,10,2,1.0,27,1.0,3,1.0,3.0,,0.0,,0.0,,,,
82214,11,2,HC,11,4,0.8888888888888888,18,1.0,2,,0.0,1.0,2.0,1.0,2.0,,,,
82214,12,5,HC,12,3,0.8222222222222222,45,0.6,5,1.0,2.0,0.6666666666666666,3.0,0.3333333333333333,3.0,1.0,0.8333333333333334,-0.16666666666666666,6.0
82214,13,4,HC,13,2,0.6944444444444444,36,0.25,4,0.5,2.0,1.0,2.0,0.0,2.0,0.8888888888888888,1.3333333333333333,0.4444444444444444,9.0
82236,1,5,HC,1,1,0.5333333333333333,45,0.6,5,1.0,1.0,1.0,4.0,0.5,4.0,1.92,1.32,-0.6,25.0
82236,2,3,HC,2,1,0.6296296296296297,27,0.3333333333333333,3,,0.0,0.6666666666666666,3.0,0.3333333333333333,3.0,1.5,2.125,0.625,8.0
82236,3,4,HC,3,1,0.8611111111111112,36,1.0,4,,0.0,1.0,4.0,1.0,4.0,0.0,1.0,1.0,1.0
82236,4,2,HC,4,1,0.6666666666666666,18,0.0,2,,0.0,0.5,2.0,0.0,2.0,1.0,0.5,-0.5,4.0
82236,5,2,HC,5,2,1.0,18,1.0,2,1.0,2.0,,0.0,,0.0,,,,
82236,6,2,HC,6,3,0.6666666666666666,18,0.0,2,0.0,1.0,1.0,1.0,0.0,1.0,0.8,0.4,-0.4,5.0
82236,7,6,HC,7,1,0.3148148148148148,54,0.16666666666666666,6,0.0,1.0,0.4,5.0,0.2,5.0,2.611111111111111,2.5185185185185186,-0.09259259259259259,54.0
82236,8,5,HC,8,2,0.7777777777777778,45,0.8,5,1.0,2.0,0.6666666666666666,3.0,0.6666666666666666,3.0,1.7142857142857142,1.4285714285714286,-0.2857142857142857,7.0
82236,9,6,HC,9,2,0.6851851851851852,54,0.6666666666666666,6,0.6666666666666666,3.0,0.6666666666666666,3.0,0.6666666666666666,3.0,1.7222222222222223,1.4444444444444444,-0.2777777777777778,18.0
82236,10,5,HC,10,3,0.6888888888888889,45,0.2,5,,0.0,0.2,5.0,0.2,5.0,1.5555555555555556,0.4444444444444444,-1.1111111111111112,9.0
82236,11,3,HC,11,2,0.5925925925925926,27,0.6666666666666666,3,1.0,1.0,1.0,2.0,0.5,2.0,1.4444444444444444,1.3333333333333333,-0.1111111111111111,9.0
82236,12,4,HC,12,2,0.6111111111111112,36,0.75,4,1.0,1.0,1.0,3.0,0.6666666666666666,3.0,1.1428571428571428,1.3571428571428572,0.21428571428571427,14.0
82236,13,2,HC,13,4,0.7777777777777778,18,0.5,2,,0.0,1.0,2.0,0.5,2.0,0.5,1.0,0.5,2.0
82372,1,3,HC,1,1,0.9629629629629629,27,1.0,3,1.0,2.0,1.0,1.0,1.0,1.0,,,,
82372,2,6,HC,2,1,0.5370370370370371,54,0.3333333333333333,6,1.0,2.0,0.75,4.0,0.0,4.0,1.8695652173913044,1.826086956521739,-0.043478260869565216,23.0
82372,3,2,HC,3,1,0.8888888888888888,18,1.0,2,1.0,1.0,1.0,1.0,1.0,1.0,1.0,0.0,-1.0,1.0
82372,4,2,HC,4,2,0.8333333333333334,18,0.5,2,,0.0,1.0,2.0,0.5,2.0,0.0,1.0,1.0,1.0
82372,5,2,HC,5,3,0.9444444444444444,18,1.0,2,1.0,1.0,1.0,1.0,1.0,1.0,,,,
82372,6,4,HC,6,1,0.75,36,0.5,4,,0.0,1.0,4.0,0.5,4.0,0.6,1.0,0.4,5.0
82372,7,5,HC,7,1,0.6666666666666666,45,0.4,5,0.0,1.0,1.0,4.0,0.5,4.0,1.2857142857142858,1.7142857142857142,0.42857142857142855,14.0
82372,8,6,HC,8,2,0.9074074074074074,54,1.0,6,1.0,4.0,1.0,2.0,1.0,2.0,0.0,0.0,0.0,3.0
82372,9,5,HC,9,2,0.8666666666666667,45,0.4,5,1.0,2.0,1.0,3.0,0.0,3.0,0.0,1.0,1.0,3.0
82372,10,3,HC,10,2,0.8518518518518519,27,0.3333333333333333,3,1.0,1.0,1.0,2.0,0.0,2.0,0.0,1.0,1.0,2.0
82372,11,2,HC,11,4,0.8888888888888888,18,0.5,2,1.0,1.0,1.0,1.0,0.0,1.0,0.0,1.0,1.0,1.0
82372,12,4,HC,12,2,0.8888888888888888,36,0.75,4,1.0,2.0,1.0,2.0,0.5,2.0,0.5,1.0,0.5,2.0
82372,13,5,HC,13,3,0.9333333333333333,45,1.0,5,1.0,2.0,1.0,3.0,1.0,3.0,,,,
82383,1,2,HC,1,1,0.8333333333333334,18,0.5,2,1.0,1.0,1.0,1.0,0.0,1.0,0.5,1.0,0.5,2.0
82383,2,2,HC,2,2,0.8888888888888888,18,0.5,2,1.0,1.0,1.0,1.0,0.0,1.0,0.0,1.0,1.0,1.0
82383,3,3,HC,3,1,1.0,27,1.0,3,1.0,3.0,,0.0,,0.0,,,,
82383,4,5,HC,4,1,0.5333333333333333,45,0.6,5,1.0,1.0,0.75,4.0,0.5,4.0,1.3333333333333333,1.5555555555555556,0.2222222222222222,18.0
82383,5,6,HC,5,1,0.8333333333333334,54,0.6666666666666666,6,1.0,2.0,1.0,4.0,0.5,4.0,0.6666666666666666,0.8333333333333334,0.16666666666666666,6.0
82383,6,4,HC,6,1,0.8055555555555556,36,0.5,4,,0.0,0.75,4.0,0.5,4.0,1.0,0.3333333333333333,-0.6666666666666666,3.0
82383,7,2,HC,7,3,1.0,18,1.0,2,1.0,2.0,,0.0,,0.0,,,,
82383,8,5,HC,8,2,0.9111111111111111,45,0.6,5,1.0,3.0,1.0,2.0,0.0,2.0,0.0,1.0,1.0,2.0
82383,9,6,HC,9,2,0.5555555555555556,54,0.5,6,1.0,1.0,0.6,5.0,0.4,5.0,1.9545454545454546,1.3636363636363635,-0.5909090909090909,22.0
82383,10,2,HC,10,4,0.8333333333333334,18,0.5,2,,0.0,1.0,2.0,0.5,2.0,0.0,1.0,1.0,1.0
82383,11,3,HC,11,2,0.8518518518518519,27,1.0,3,,0.0,1.0,3.0,1.0,3.0,1.0,0.0,-1.0,1.0
82383,12,5,HC,12,3,0.8444444444444444,45,0.6,5,0.5,2.0,1.0,3.0,0.6666666666666666,3.0,0.25,0.5,0.25,4.0
82383,13,4,HC,13,2,0.8333333333333334,36,0.5,4,1.0,1.0,1.0,3.0,0.3333333333333333,3.0,0.3333333333333333,1.0,0.6666666666666666,3.0
82462,1,3,HC,1,1,0.7407407407407407,27,0.3333333333333333,3,,0.0,1.0,3.0,0.3333333333333333,3.0,0.5,0.75,0.25,4.0
82462,2,2,HC,2,1,0.6666666666666666,18,0.0,2,,0.0,0.5,2.0,0.0,2.0,0.5,1.25,0.75,4.0
82462,3,6,HC,3,1,0.6111111111111112,54,0.6666666666666666,6,1.0,2.0,0.5,4.0,0.5,4.0,1.8888888888888888,2.111111111111111,0.2222222222222222,27.0
82462,4,2,HC,4,2,0.5555555555555556,18,0.0,2,,0.0,0.5,2.0,0.0,2.0,1.0,1.0,0.0,6.0
82462,5,5,HC,5,1,0.4222222222222222,45,0.6,5,0.5,2.0,0.6666666666666666,3.0,0.6666666666666666,3.0,2.0357142857142856,0.9642857142857143,-1.0714285714285714,28.0
82462,6,2,HC,6,3,0.8888888888888888,18,1.0,2,,0.0,1.0,2.0,1.0,2.0,,,,
82462,7,4,HC,7,1,0.6666666666666666,36,0.5,4,,0.0,0.75,4.0,0.5,4.0,2.272727272727273,1.1818181818181819,-1.0909090909090908,11.0
82462,8,6,HC,8,2,0.6730769230769231,52,0.5,6,1.0,3.0,1.0,2.0,0.0,2.0,1.5,1.125,-0.375,16.0
82462,9,5,HC,9,2,0.6888888888888889,45,0.4,5,1.0,1.0,0.25,4.0,0.25,4.0,1.2,1.1,-0.1,10.0
82462,10,3,HC,10,2,0.8518518518518519,27,0.6666666666666666,3,1.0,1.0,1.0,2.0,0.5,2.0,0.0,1.0,1.0,2.0
82462,11,2,HC,11,4,0.9444444444444444,18,1.0,2,1.0,1.0,1.0,1.0,1.0,1.0,,,,
82462,12,5,HC,12,3,0.5555555555555556,45,0.4,5,1.0,1.0,1.0,4.0,0.25,4.0,2.3333333333333335,2.2222222222222223,-0.1111111111111111,18.0
82462,13,4,HC,13,2,0.7777777777777778,36,0.75,4,1.0,1.0,1.0,3.0,0.6666666666666666,3.0,0.4,1.0,0.6,5.0
