subject,group,block,set_size,set_size_exposure,stimulus,iteration,chosen_error_count,unchosen_error_count,error_avoidance_D
3093,SZ,1,6,1,1,2,0,1,1
3093,SZ,1,6,1,1,7,1,1,0
3093,SZ,1,6,1,1,8,2,1,-1
3093,SZ,1,6,1,1,9,3,1,-2
3093,SZ,1,6,1,1,10,4,1,-3
3093,SZ,1,6,1,1,11,5,1,-4
3093,SZ,1,6,1,1,12,6,1,-5
3093,SZ,1,6,1,1,13,7,1,-6
3093,SZ,1,6,1,1,14,1,8,7
3093,SZ,1,6,1,1,15,8,2,-6
3093,SZ,1,6,1,2,2,1,0,-1
3093,SZ,1,6,1,2,3,0,2,2
3093,SZ,1,6,1,2,4,2,1,-1
3093,SZ,1,6,1,2,5,1,3,2
3093,SZ,1,6,1,2,6,3,2,-1
3093,SZ,1,6,1,2,7,2,4,2
3093,SZ,1,6,1,2,8,3,4,1
3093,SZ,1,6,1,2,10,4,4,0
3093,SZ,1,6,1,2,11,5,4,-1
3093,SZ,1,6,1,2,14,6,4,-2
3093,SZ,1,6,1,2,15,7,4,-3
3093,SZ,1,6,1,3,2,1,0,-1
3093,SZ,1,6,1,3,3,2,0,-2
3093,SZ,1,6,1,3,4,3,0,-3
3093,SZ,1,6,1,3,5,4,0,-4
3093,SZ,1,6,1,3,6,5,0,-5
3093,SZ,1,6,1,3,9,0,6,6
3093,SZ,1,6,1,3,10,1,6,5
3093,SZ,1,6,1,3,11,6,2,-4
3093,SZ,1,6,1,3,13,2,7,5
3093,SZ,1,6,1,3,14,7,3,-4
3093,SZ,1,6,1,3,15,8,3,-5
3093,SZ,1,6,1,6,2,1,0,-1
3093,SZ,1,6,1,6,4,2,0,-2
3093,SZ,1,6,1,6,6,3,0,-3
3093,SZ,1,6,1,6,7,0,4,4
3093,SZ,1,6,1,6,8,1,4,3
3093,SZ,1,6,1,6,9,2,4,2
3093,SZ,1,6,1,6,10,4,3,-1
3093,SZ,1,6,1,6,11,3,5,2
3093,SZ,1,6,1,6,12,4,5,1
3093,SZ,2,5,1,1,2,1,0,-1
3093,SZ,2,5,1,1,6,0,2,2
3093,SZ,2,5,1,1,7,1,2,1
3093,SZ,2,5,1,1,9,2,2,0
3093,SZ,2,5,1,1,10,3,2,-1
3093,SZ,2,5,1,1,11,4,2,-2
3093,SZ,2,5,1,1,13,5,2,-3
3093,SZ,2,5,1,1,14,6,2,-4
3093,SZ,2,5,1,3,2,0,1,1
3093,SZ,2,5,1,3,3,1,1,0
3093,SZ,2,5,1,3,4,2,1,-1
3093,SZ,2,5,1,3,6,3,1,-2
3093,SZ,2,5,1,3,7,1,4,3
3093,SZ,2,5,1,5,2,0,1,1
3093,SZ,2,5,1,5,3,1,1,0
3093,SZ,2,5,1,5,4,2,1,-1
3093,SZ,2,5,1,5,10,3,1,-2
3093,SZ,4,4,1,1,2,1,0,-1
3093,SZ,4,4,1,1,3,2,0,-2
3093,SZ,4,4,1,1,4,0,3,3
3093,SZ,4,4,1,1,5,1,3,2
3093,SZ,4,4,1,1,7,3,2,-1
3093,SZ,4,4,1,1,9,2,4,2
3093,SZ,4,4,1,1,10,3,4,1
3093,SZ,4,4,1,2,2,1,0,-1
3093,SZ,4,4,1,2,3,2,0,-2
3093,SZ,4,4,1,3,2,1,0,-1
3093,SZ,4,4,1,3,3,2,0,-2
3093,SZ,4,4,1,3,5,0,3,3
3093,SZ,4,4,1,3,6,1,3,2
3093,SZ,4,4,1,3,7,2,3,1
3093,SZ,4,4,1,3,8,3,3,0
3093,SZ,4,4,1,3,9,4,3,-1
3093,SZ,4,4,1,3,11,5,3,-2
3093,SZ,4,4,1,3,12,6,3,-3
3093,SZ,4,4,1,3,13,7,3,-4
3093,SZ,4,4,1,3,14,8,3,-5
3093,SZ,4,4,1,4,5,0,0,0
3093,SZ,4,4,1,4,7,1,0,-1
3093,SZ,7,2,3,1,2,0,1,1
3093,SZ,7,2,3,1,3,1,1,0
3093,SZ,7,2,3,2,2,0,1,1
3093,SZ,8,5,2,1,2,0,0,0
3093,SZ,8,5,2,1,3,0,1,1
3093,SZ,8,5,2,1,4,1,1,0
3093,SZ,8,5,2,2,2,0,1,1
3093,SZ,8,5,2,2,3,1,1,0
3093,SZ,8,5,2,4,2,1,0,-1
3093,SZ,8,5,2,4,3,0,2,2
3093,SZ,8,5,2,4,4,1,2,1
3093,SZ,8,5,2,4,5,2,2,0
3093,SZ,8,5,2,4,6,3,2,-1
3093,SZ,8,5,2,4,7,4,2,-2
3093,SZ,8,5,2,4,8,5,2,-3
3093,SZ,8,5,2,4,9,6,2,-4
3093,SZ,8,5,2,4,10,7,2,-5
3093,SZ,8,5,2,4,11,8,2,-6
3093,SZ,8,5,2,4,12,9,2,-7
3093,SZ,8,5,2,4,13,10,2,-8
3093,SZ,8,5,2,4,14,11,2,-9
3093,SZ,8,5,2,4,15,12,2,-10
3093,SZ,9,6,2,1,4,0,0,0
3093,SZ,9,6,2,1,5,0,1,1
3093,SZ,9,6,2,1,6,1,1,0
3093,SZ,9,6,2,1,8,2,1,-1
3093,SZ,9,6,2,1,13,3,1,-2
3093,SZ,9,6,2,2,2,1,0,-1
3093,SZ,9,6,2,2,3,0,2,2
3093,SZ,9,6,2,2,7,1,2,1
3093,SZ,9,6,2,2,8,2,2,0
3093,SZ,9,6,2,4,2,1,0,-1
3093,SZ,9,6,2,4,3,2,0,-2
3093,SZ,9,6,2,4,4,3,0,-3
3093,SZ,9,6,2,4,5,4,0,-4
3093,SZ,9,6,2,4,6,5,0,-5
3093,SZ,9,6,2,4,7,6,0,-6
3093,SZ,9,6,2,4,8,7,0,-7
3093,SZ,9,6,2,4,9,8,0,-8
3093,SZ,9,6,2,4,10,9,0,-9
3093,SZ,9,6,2,6,2,1,0,-1
3093,SZ,9,6,2,6,3,0,2,2
3093,SZ,9,6,2,6,5,1,2,1
3093,SZ,9,6,2,6,7,2,2,0
3093,SZ,9,6,2,6,8,3,2,-1
3093,SZ,9,6,2,6,9,2,4,2
3093,SZ,9,6,2,6,10,4,3,-1
3093,SZ,9,6,2,6,11,3,5,2
3093,SZ,9,6,2,6,14,5,4,-1
3093,SZ,9,6,2,6,15,6,4,-2
3093,SZ,10,5,3,1,2,0,0,0
3093,SZ,10,5,3,2,2,0,1,1
3093,SZ,10,5,3,2,3,1,1,0
3093,SZ,10,5,3,2,4,2,1,-1
3093,SZ,10,5,3,2,9,3,1,-2
3093,SZ,10,5,3,4,2,1,0,-1
3093,SZ,10,5,3,4,4,2,0,-2
3093,SZ,10,5,3,4,6,3,0,-3
3093,SZ,10,5,3,4,7,0,4,4
3093,SZ,10,5,3,4,8,1,4,3
3093,SZ,10,5,3,4,9,2,4,2
3093,SZ,10,5,3,4,10,3,4,1
3093,SZ,10,5,3,4,11,4,4,0
3093,SZ,10,5,3,4,12,4,5,1
3093,SZ,10,5,3,4,13,5,5,0
3093,SZ,11,2,4,1,2,0,1,1
3093,SZ,12,4,2,1,4,0,1,1
3093,SZ,12,4,2,1,5,1,1,0
3093,SZ,12,4,2,1,6,1,2,1
3093,SZ,12,4,2,1,8,2,2,0
3093,SZ,12,4,2,1,9,3,2,-1
3093,SZ,12,4,2,1,10,2,4,2
3093,SZ,12,4,2,1,12,3,4,1
3093,SZ,12,4,2,2,2,0,1,1
3093,SZ,12,4,2,2,3,1,1,0
3093,SZ,12,4,2,2,4,2,1,-1
3093,SZ,12,4,2,2,5,3,1,-2
3093,SZ,12,4,2,2,6,4,1,-3
3093,SZ,12,4,2,2,7,1,5,4
3093,SZ,12,4,2,2,9,5,2,-3
3093,SZ,13,3,2,1,2,1,0,-1
3093,SZ,13,3,2,1,3,0,2,2
3093,SZ,13,3,2,2,5,0,0,0
3960,SZ,1,6,1,1,2,1,0,-1
3960,SZ,1,6,1,1,3,0,2,2
3960,SZ,1,6,1,1,4,1,2,1
3960,SZ,1,6,1,1,5,2,2,0
3960,SZ,1,6,1,1,6,2,3,1
3960,SZ,1,6,1,1,8,3,3,0
3960,SZ,1,6,1,1,10,4,3,-1
3960,SZ,1,6,1,1,12,5,3,-2
3960,SZ,1,6,1,1,13,6,3,-3
3960,SZ,1,6,1,1,14,3,7,4
3960,SZ,1,6,1,1,15,4,7,3
3960,SZ,1,6,1,3,4,0,0,0
3960,SZ,1,6,1,5,2,0,1,1
3960,SZ,1,6,1,5,3,1,1,0
3960,SZ,1,6,1,5,4,1,2,1
3960,SZ,1,6,1,5,6,2,2,0
3960,SZ,1,6,1,5,7,2,3,1
3960,SZ,1,6,1,5,8,3,3,0
3960,SZ,1,6,1,5,9,3,4,1
3960,SZ,1,6,1,5,10,4,4,0
3960,SZ,1,6,1,5,11,5,4,-1
3960,SZ,1,6,1,5,12,4,6,2
3960,SZ,1,6,1,5,14,5,6,1
3960,SZ,1,6,1,5,15,6,6,0
3960,SZ,1,6,1,6,2,1,0,-1
3960,SZ,1,6,1,6,3,2,0,-2
3960,SZ,1,6,1,6,4,0,3,3
3960,SZ,1,6,1,6,5,1,3,2
3960,SZ,1,6,1,6,6,3,2,-1
3960,SZ,1,6,1,6,7,4,2,-2
3960,SZ,1,6,1,6,8,2,5,3
3960,SZ,1,6,1,6,9,5,3,-2
3960,SZ,1,6,1,6,10,6,3,-3
3960,SZ,1,6,1,6,11,7,3,-4
3960,SZ,1,6,1,6,12,8,3,-5
3960,SZ,1,6,1,6,13,9,3,-6
3960,SZ,1,6,1,6,14,3,10,7
3960,SZ,1,6,1,6,15,10,4,-6
3960,SZ,3,2,2,2,10,0,1,1
3960,SZ,4,2,3,2,2,0,1,1
3960,SZ,4,2,3,2,3,1,1,0
3960,SZ,5,3,1,3,2,1,0,-1
3960,SZ,5,3,1,3,3,2,0,-2
3960,SZ,5,3,1,3,4,3,0,-3
3960,SZ,6,4,1,1,2,0,1,1
3960,SZ,6,4,1,1,4,1,1,0
3960,SZ,6,4,1,3,3,0,1,1
3960,SZ,6,4,1,3,5,1,1,0
3960,SZ,6,4,1,3,6,2,1,-1
3960,SZ,6,4,1,3,7,3,1,-2
3960,SZ,6,4,1,3,10,4,1,-3
3960,SZ,6,4,1,4,2,0,1,1
3960,SZ,6,4,1,4,5,1,1,0
3960,SZ,6,4,1,4,14,2,1,-1
3960,SZ,7,5,1,1,2,0,0,0
3960,SZ,7,5,1,1,3,0,1,1
3960,SZ,7,5,1,1,4,1,1,0
3960,SZ,7,5,1,1,7,2,1,-1
3960,SZ,7,5,1,1,8,1,3,2
3960,SZ,7,5,1,2,4,0,0,0
3960,SZ,7,5,1,3,2,0,0,0
3960,SZ,7,5,1,3,9,1,0,-1
3960,SZ,7,5,1,3,15,0,2,2
3960,SZ,7,5,1,5,2,0,1,1
3960,SZ,7,5,1,5,3,1,1,0
3960,SZ,7,5,1,5,4,1,2,1
3960,SZ,7,5,1,5,5,2,2,0
3960,SZ,7,5,1,5,6,2,3,1
3960,SZ,7,5,1,5,7,3,3,0
3960,SZ,7,5,1,5,8,3,4,1
3960,SZ,7,5,1,5,9,4,4,0
3960,SZ,7,5,1,5,10,4,5,1
3960,SZ,7,5,1,5,11,5,5,0
3960,SZ,7,5,1,5,12,5,6,1
3960,SZ,7,5,1,5,13,6,6,0
3960,SZ,7,5,1,5,14,6,7,1
3960,SZ,7,5,1,5,15,7,7,0
3960,SZ,8,6,2,1,3,0,0,0
3960,SZ,8,6,2,1,5,1,0,-1
3960,SZ,8,6,2,1,6,0,2,2
3960,SZ,8,6,2,1,7,2,1,-1
3960,SZ,8,6,2,1,8,3,1,-2
3960,SZ,8,6,2,2,2,0,1,1
3960,SZ,8,6,2,2,3,1,1,0
3960,SZ,8,6,2,2,4,1,2,1
3960,SZ,8,6,2,2,5,2,2,0
3960,SZ,8,6,2,2,7,3,2,-1
3960,SZ,8,6,2,3,2,0,0,0
3960,SZ,8,6,2,3,3,1,0,-1
3960,SZ,8,6,2,3,4,0,2,2
3960,SZ,8,6,2,3,5,2,1,-1
3960,SZ,8,6,2,3,6,3,1,-2
3960,SZ,8,6,2,3,7,4,1,-3
3960,SZ,8,6,2,3,10,1,5,4
3960,SZ,8,6,2,3,11,5,2,-3
3960,SZ,8,6,2,5,2,0,0,0
3960,SZ,9,5,2,1,2,1,0,-1
3960,SZ,9,5,2,1,3,2,0,-2
3960,SZ,9,5,2,2,2,0,0,0
3960,SZ,9,5,2,3,2,1,0,-1
3960,SZ,9,5,2,3,3,0,2,2
3960,SZ,9,5,2,3,4,2,1,-1
3960,SZ,9,5,2,3,5,3,1,-2
3960,SZ,9,5,2,5,2,1,0,-1
3960,SZ,9,5,2,5,3,2,0,-2
3960,SZ,9,5,2,5,4,3,0,-3
3960,SZ,9,5,2,5,5,4,0,-4
3960,SZ,9,5,2,5,6,0,5,5
3960,SZ,9,5,2,5,7,1,5,4
3960,SZ,10,2,4,2,4,0,0,0
3960,SZ,11,3,2,1,2,1,0,-1
3960,SZ,11,3,2,1,3,0,2,2
3960,SZ,11,3,2,1,4,1,2,1
3960,SZ,11,3,2,1,5,2,2,0
3960,SZ,11,3,2,1,6,2,3,1
3960,SZ,11,3,2,1,7,3,3,0
3960,SZ,11,3,2,1,8,3,4,1
3960,SZ,11,3,2,1,9,4,4,0
3960,SZ,11,3,2,1,10,4,5,1
3960,SZ,11,3,2,1,11,5,5,0
3960,SZ,11,3,2,1,12,6,5,-1
3960,SZ,11,3,2,1,13,7,5,-2
3960,SZ,11,3,2,1,14,5,8,3
3960,SZ,11,3,2,2,2,0,1,1
3960,SZ,11,3,2,2,3,1,1,0
3960,SZ,11,3,2,3,2,1,0,-1
3960,SZ,11,3,2,3,3,2,0,-2
3960,SZ,11,3,2,3,4,3,0,-3
3960,SZ,11,3,2,3,5,0,4,4
3960,SZ,11,3,2,3,6,1,4,3
3960,SZ,11,3,2,3,7,4,2,-2
3960,SZ,11,3,2,3,8,2,5,3
3960,SZ,11,3,2,3,9,5,3,-2
3960,SZ,12,4,2,2,3,0,0,0
3960,SZ,12,4,2,2,4,1,0,-1
3960,SZ,12,4,2,2,13,2,0,-2
3960,SZ,12,4,2,3,2,0,1,1
3960,SZ,12,4,2,3,3,1,1,0
3960,SZ,12,4,2,3,5,2,1,-1
3960,SZ,12,4,2,3,6,1,3,2
3960,SZ,12,4,2,3,7,2,3,1
3960,SZ,12,4,2,3,8,3,3,0
3960,SZ,12,4,2,3,11,3,4,1
3960,SZ,12,4,2,4,2,0,1,1
3960,SZ,12,4,2,4,3,1,1,0
3960,SZ,12,4,2,4,4,2,1,-1
3960,SZ,12,4,2,4,5,3,1,-2
3960,SZ,12,4,2,4,6,4,1,-3
3960,SZ,12,4,2,4,7,5,1,-4
3960,SZ,12,4,2,4,8,1,6,5
3960,SZ,12,4,2,4,9,2,6,4
3960,SZ,12,4,2,4,10,6,3,-3
3960,SZ,12,4,2,4,11,3,7,4
3960,SZ,12,4,2,4,12,7,4,-3
3960,SZ,12,4,2,4,13,4,8,4
3960,SZ,12,4,2,4,14,8,5,-3
3960,SZ,12,4,2,4,15,9,5,-4
3960,SZ,13,5,3,1,2,0,1,1
3960,SZ,13,5,3,1,4,1,1,0
3960,SZ,13,5,3,1,5,2,1,-1
3960,SZ,13,5,3,1,9,3,1,-2
3960,SZ,13,5,3,2,3,0,0,0
3960,SZ,13,5,3,2,4,1,0,-1
3960,SZ,13,5,3,3,2,0,1,1
3960,SZ,13,5,3,3,3,1,1,0
3960,SZ,13,5,3,3,4,1,2,1
3960,SZ,13,5,3,3,5,2,2,0
3960,SZ,13,5,3,4,2,0,1,1
3960,SZ,13,5,3,4,5,1,1,0
3960,SZ,13,5,3,5,3,0,1,1
3960,SZ,13,5,3,5,4,1,1,0
3960,SZ,13,5,3,5,5,2,1,-1
3960,SZ,13,5,3,5,6,3,1,-2
3960,SZ,13,5,3,5,8,4,1,-3
3960,SZ,13,5,3,5,10,5,1,-4
8673,SZ,1,2,1,1,3,0,0,0
8673,SZ,2,2,2,1,3,0,1,1
8673,SZ,3,6,1,1,2,0,1,1
8673,SZ,3,6,1,1,3,1,1,0
8673,SZ,3,6,1,1,4,1,2,1
8673,SZ,3,6,1,3,3,1,0,-1
8673,SZ,3,6,1,3,5,2,0,-2
8673,SZ,4,5,1,2,2,1,0,-1
8673,SZ,4,5,1,2,3,0,2,2
8673,SZ,4,5,1,5,2,1,0,-1
8673,SZ,4,5,1,5,3,0,2,2
8673,SZ,4,5,1,5,7,1,2,1
8673,SZ,5,3,1,2,3,1,0,-1
8673,SZ,5,3,1,2,5,2,0,-2
8673,SZ,5,3,1,3,2,0,1,1
8673,SZ,6,2,3,1,2,0,1,1
8673,SZ,6,2,3,1,3,1,1,0
8673,SZ,6,2,3,1,6,1,2,1
8673,SZ,7,4,1,1,2,0,1,1
8673,SZ,7,4,1,1,4,1,1,0
8673,SZ,7,4,1,3,2,1,0,-1
8673,SZ,7,4,1,3,4,0,2,2
8673,SZ,7,4,1,3,8,1,2,1
8673,SZ,8,6,2,2,3,1,0,-1
8673,SZ,8,6,2,2,4,0,2,2
8673,SZ,8,6,2,4,2,1,0,-1
8673,SZ,8,6,2,6,2,0,0,0
8673,SZ,8,6,2,6,3,1,0,-1
8673,SZ,8,6,2,6,4,0,2,2
8673,SZ,8,6,2,6,5,1,2,1
8673,SZ,9,5,2,2,5,0,1,1
8673,SZ,9,5,2,2,6,1,1,0
8673,SZ,9,5,2,2,7,2,1,-1
8673,SZ,9,5,2,2,9,3,1,-2
8673,SZ,9,5,2,2,12,4,1,-3
8673,SZ,9,5,2,3,2,0,1,1
8673,SZ,9,5,2,3,3,1,1,0
8673,SZ,9,5,2,3,8,2,1,-1
8673,SZ,9,5,2,4,2,1,0,-1
8673,SZ,9,5,2,4,3,0,2,2
8673,SZ,9,5,2,4,4,1,2,1
8673,SZ,9,5,2,4,6,2,2,0
8673,SZ,9,5,2,4,8,3,2,-1
8673,SZ,11,5,3,1,2,1,0,-1
8673,SZ,11,5,3,2,2,0,1,1
8673,SZ,11,5,3,2,6,1,1,0
8673,SZ,11,5,3,3,2,1,0,-1
8673,SZ,11,5,3,3,3,0,2,2
8673,SZ,11,5,3,4,2,0,1,1
8673,SZ,11,5,3,4,3,1,1,0
8673,SZ,11,5,3,4,5,2,1,-1
8673,SZ,11,5,3,5,2,0,1,1
8673,SZ,11,5,3,5,5,1,1,0
8673,SZ,12,3,2,1,2,0,1,1
8673,SZ,13,4,2,1,2,1,0,-1
8673,SZ,13,4,2,1,3,0,2,2
8673,SZ,13,4,2,1,4,1,2,1
8673,SZ,13,4,2,1,5,2,2,0
8673,SZ,13,4,2,2,3,0,0,0
8673,SZ,13,4,2,3,2,0,1,1
8673,SZ,13,4,2,3,3,1,1,0
8673,SZ,13,4,2,3,4,1,2,1
8673,SZ,13,4,2,4,2,0,1,1
8673,SZ,13,4,2,4,3,1,1,0
8673,SZ,13,4,2,4,4,1,2,1
8673,SZ,13,4,2,4,5,2,2,0
8673,SZ,13,4,2,4,7,2,3,1
11430,SZ,2,5,1,2,2,1,0,-1
11430,SZ,2,5,1,4,2,1,0,-1
11430,SZ,2,5,1,4,6,0,2,2
11430,SZ,2,5,1,4,8,1,2,1
11430,SZ,2,5,1,5,2,0,1,1
11430,SZ,2,5,1,5,3,1,1,0
11430,SZ,2,5,1,5,4,1,2,1
11430,SZ,3,2,2,1,2,0,1,1
11430,SZ,4,2,3,1,5,0,0,0
11430,SZ,4,2,3,1,7,1,0,-1
11430,SZ,4,2,3,2,2,0,1,1
11430,SZ,5,6,1,2,2,1,0,-1
11430,SZ,5,6,1,2,5,0,2,2
11430,SZ,5,6,1,2,8,1,2,1
11430,SZ,5,6,1,3,2,1,0,-1
11430,SZ,5,6,1,3,7,2,0,-2
11430,SZ,5,6,1,4,2,1,0,-1
11430,SZ,5,6,1,6,2,1,0,-1
11430,SZ,5,6,1,6,4,0,2,2
11430,SZ,5,6,1,6,6,1,2,1
11430,SZ,6,4,1,1,2,0,1,1
11430,SZ,6,4,1,1,3,1,1,0
11430,SZ,6,4,1,2,2,1,0,-1
11430,SZ,6,4,1,2,4,2,0,-2
11430,SZ,6,4,1,3,2,1,0,-1
11430,SZ,6,4,1,3,3,2,0,-2
11430,SZ,6,4,1,3,4,3,0,-3
11430,SZ,6,4,1,3,5,0,4,4
11430,SZ,6,4,1,3,6,4,1,-3
11430,SZ,7,3,1,3,4,1,0,-1
11430,SZ,8,6,2,3,2,1,0,-1
11430,SZ,8,6,2,3,9,0,2,2
11430,SZ,8,6,2,3,10,1,2,1
11430,SZ,8,6,2,3,11,2,2,0
11430,SZ,8,6,2,4,2,1,0,-1
11430,SZ,8,6,2,4,5,0,2,2
11430,SZ,8,6,2,5,4,0,1,1
11430,SZ,8,6,2,6,2,1,0,-1
11430,SZ,8,6,2,6,3,0,2,2
11430,SZ,8,6,2,6,14,1,2,1
11430,SZ,9,5,2,1,3,0,1,1
11430,SZ,9,5,2,1,4,1,1,0
11430,SZ,9,5,2,2,2,1,0,-1
11430,SZ,9,5,2,2,4,2,0,-2
11430,SZ,9,5,2,2,6,3,0,-3
11430,SZ,9,5,2,3,3,0,1,1
11430,SZ,9,5,2,3,4,1,1,0
11430,SZ,9,5,2,4,2,0,1,1
11430,SZ,9,5,2,4,3,1,1,0
11430,SZ,9,5,2,5,3,1,0,-1
11430,SZ,10,2,4,1,3,0,0,0
11430,SZ,11,5,3,1,5,0,0,0
11430,SZ,11,5,3,2,2,0,1,1
11430,SZ,11,5,3,3,2,0,1,1
11430,SZ,11,5,3,3,4,1,1,0
11430,SZ,11,5,3,3,5,2,1,-1
11430,SZ,12,4,2,1,2,0,0,0
11430,SZ,12,4,2,1,11,1,0,-1
11430,SZ,12,4,2,2,4,1,0,-1
11430,SZ,12,4,2,2,7,2,0,-2
11430,SZ,12,4,2,2,10,3,0,-3
11430,SZ,12,4,2,3,2,0,1,1
11430,SZ,12,4,2,3,3,1,1,0
11430,SZ,12,4,2,3,4,1,2,1
11430,SZ,12,4,2,3,5,2,2,0
11430,SZ,12,4,2,3,9,3,2,-1
11430,SZ,12,4,2,4,3,1,0,-1
11430,SZ,12,4,2,4,4,2,0,-2
11430,SZ,12,4,2,4,5,3,0,-3
11430,SZ,12,4,2,4,6,4,0,-4
11430,SZ,12,4,2,4,7,5,0,-5
11430,SZ,12,4,2,4,10,6,0,-6
11430,SZ,13,3,2,2,5,1,0,-1
11586,SZ,1,2,1,2,4,0,0,0
11586,SZ,2,6,1,1,3,1,0,-1
11586,SZ,2,6,1,1,4,0,2,2
11586,SZ,2,6,1,1,6,1,2,1
11586,SZ,2,6,1,1,7,2,2,0
11586,SZ,2,6,1,1,8,3,2,-1
11586,SZ,2,6,1,1,10,4,2,-2
11586,SZ,2,6,1,1,11,2,5,3
11586,SZ,2,6,1,1,12,3,5,2
11586,SZ,2,6,1,2,2,0,0,0
11586,SZ,2,6,1,2,3,0,1,1
11586,SZ,2,6,1,2,5,1,1,0
11586,SZ,2,6,1,2,6,2,1,-1
11586,SZ,2,6,1,2,12,3,1,-2
11586,SZ,2,6,1,2,13,1,4,3
11586,SZ,2,6,1,2,14,4,2,-2
11586,SZ,2,6,1,3,2,0,1,1
11586,SZ,2,6,1,3,4,1,1,0
11586,SZ,2,6,1,3,5,2,1,-1
11586,SZ,2,6,1,3,6,1,3,2
11586,SZ,2,6,1,3,8,3,2,-1
11586,SZ,2,6,1,3,9,4,2,-2
11586,SZ,2,6,1,3,10,2,5,3
11586,SZ,2,6,1,3,11,5,3,-2
11586,SZ,2,6,1,3,13,6,3,-3
11586,SZ,2,6,1,3,14,7,3,-4
11586,SZ,2,6,1,4,5,1,0,-1
11586,SZ,2,6,1,4,6,2,0,-2
11586,SZ,2,6,1,4,8,3,0,-3
11586,SZ,2,6,1,4,13,4,0,-4
11586,SZ,2,6,1,5,3,1,0,-1
11586,SZ,2,6,1,5,4,2,0,-2
11586,SZ,2,6,1,5,6,0,3,3
11586,SZ,2,6,1,5,8,1,3,2
11586,SZ,2,6,1,5,9,3,2,-1
11586,SZ,2,6,1,5,10,4,2,-2
11586,SZ,2,6,1,5,11,2,5,3
11586,SZ,2,6,1,6,2,0,0,0
11586,SZ,2,6,1,6,5,0,1,1
11586,SZ,2,6,1,6,10,1,1,0
11586,SZ,2,6,1,6,12,1,2,1
11586,SZ,2,6,1,6,13,2,2,0
11586,SZ,3,2,2,1,2,1,0,-1
11586,SZ,3,2,2,2,2,0,1,1
11586,SZ,3,2,2,2,11,1,1,0
11586,SZ,4,5,1,1,2,0,0,0
11586,SZ,4,5,1,1,5,1,0,-1
11586,SZ,4,5,1,1,7,0,2,2
11586,SZ,4,5,1,1,8,1,2,1
11586,SZ,4,5,1,1,9,2,2,0
11586,SZ,4,5,1,1,11,2,3,1
11586,SZ,4,5,1,1,12,3,3,0
11586,SZ,4,5,1,1,14,3,4,1
11586,SZ,4,5,1,2,2,0,1,1
11586,SZ,4,5,1,2,3,1,1,0
11586,SZ,4,5,1,2,5,2,1,-1
11586,SZ,4,5,1,2,6,1,3,2
11586,SZ,4,5,1,2,7,3,2,-1
11586,SZ,4,5,1,2,10,4,2,-2
11586,SZ,4,5,1,2,11,5,2,-3
11586,SZ,4,5,1,3,2,0,1,1
11586,SZ,4,5,1,4,2,1,0,-1
11586,SZ,4,5,1,4,3,0,2,2
11586,SZ,4,5,1,4,5,2,1,-1
11586,SZ,4,5,1,4,8,1,3,2
11586,SZ,4,5,1,4,9,3,2,-1
11586,SZ,4,5,1,5,3,0,1,1
11586,SZ,4,5,1,5,4,1,1,0
11586,SZ,4,5,1,5,9,1,2,1
11586,SZ,4,5,1,5,14,2,2,0
11586,SZ,5,3,1,1,3,1,0,-1
11586,SZ,5,3,1,3,2,0,1,1
11586,SZ,6,4,1,1,4,0,1,1
11586,SZ,6,4,1,1,8,1,1,0
11586,SZ,6,4,1,3,2,1,0,-1
11586,SZ,6,4,1,3,3,0,2,2
11586,SZ,6,4,1,4,2,0,1,1
11586,SZ,7,2,3,1,6,0,0,0
11586,SZ,7,2,3,2,2,0,1,1
11586,SZ,8,6,2,1,3,0,1,1
11586,SZ,8,6,2,1,5,1,1,0
11586,SZ,8,6,2,1,8,2,1,-1
11586,SZ,8,6,2,1,9,3,1,-2
11586,SZ,8,6,2,1,10,4,1,-3
11586,SZ,8,6,2,1,11,1,5,4
11586,SZ,8,6,2,1,12,5,2,-3
11586,SZ,8,6,2,1,13,2,6,4
11586,SZ,8,6,2,2,2,0,0,0
11586,SZ,8,6,2,4,2,0,1,1
11586,SZ,8,6,2,4,3,1,1,0
11586,SZ,8,6,2,4,4,2,1,-1
11586,SZ,8,6,2,4,5,3,1,-2
11586,SZ,8,6,2,4,7,4,1,-3
11586,SZ,8,6,2,4,8,5,1,-4
11586,SZ,8,6,2,4,9,6,1,-5
11586,SZ,8,6,2,5,2,0,1,1
11586,SZ,8,6,2,5,3,1,1,0
11586,SZ,8,6,2,6,2,0,0,0
11586,SZ,8,6,2,6,3,1,0,-1
11586,SZ,8,6,2,6,6,0,2,2
11586,SZ,8,6,2,6,7,2,1,-1
11586,SZ,9,5,2,1,2,0,1,1
11586,SZ,9,5,2,1,3,1,1,0
11586,SZ,9,5,2,1,4,1,2,1
11586,SZ,9,5,2,5,2,0,1,1
11586,SZ,10,2,4,2,2,0,1,1
11586,SZ,11,5,3,1,2,0,1,1
11586,SZ,11,5,3,1,3,1,1,0
11586,SZ,11,5,3,1,4,2,1,-1
11586,SZ,11,5,3,1,5,1,3,2
11586,SZ,11,5,3,1,6,3,2,-1
11586,SZ,11,5,3,1,7,2,4,2
11586,SZ,11,5,3,1,9,3,4,1
11586,SZ,11,5,3,1,10,4,4,0
11586,SZ,11,5,3,1,12,5,4,-1
11586,SZ,11,5,3,1,13,6,4,-2
11586,SZ,11,5,3,2,2,0,1,1
11586,SZ,11,5,3,2,3,1,1,0
11586,SZ,11,5,3,3,3,1,0,-1
11586,SZ,11,5,3,3,4,2,0,-2
11586,SZ,11,5,3,4,2,0,1,1
11586,SZ,11,5,3,4,3,1,1,0
11586,SZ,11,5,3,5,2,1,0,-1
11586,SZ,11,5,3,5,3,2,0,-2
11586,SZ,11,5,3,5,4,0,3,3
11586,SZ,11,5,3,5,5,1,3,2
11586,SZ,11,5,3,5,6,3,2,-1
11586,SZ,11,5,3,5,7,2,4,2
11586,SZ,11,5,3,5,8,4,3,-1
11586,SZ,11,5,3,5,10,5,3,-2
11586,SZ,11,5,3,5,11,6,3,-3
11586,SZ,11,5,3,5,12,7,3,-4
11586,SZ,11,5,3,5,13,8,3,-5
11586,SZ,11,5,3,5,14,9,3,-6
11586,SZ,12,3,2,1,5,1,0,-1
11586,SZ,12,3,2,1,6,0,2,2
11586,SZ,12,3,2,2,2,0,1,1
11586,SZ,12,3,2,2,3,1,1,0
11586,SZ,12,3,2,2,4,2,1,-1
11586,SZ,12,3,2,3,2,0,1,1
11586,SZ,12,3,2,3,5,1,1,0
11586,SZ,13,4,2,3,2,0,1,1
11586,SZ,13,4,2,3,4,1,1,0
11586,SZ,13,4,2,3,5,2,1,-1
13410,SZ,1,2,1,2,2,0,1,1
13410,SZ,2,3,1,1,2,0,1,1
13410,SZ,2,3,1,1,3,1,1,0
13410,SZ,2,3,1,1,4,1,2,1
13410,SZ,2,3,1,1,5,2,2,0
13410,SZ,2,3,1,2,3,0,0,0
13410,SZ,2,3,1,2,5,1,0,-1
13410,SZ,2,3,1,3,3,1,0,-1
13410,SZ,2,3,1,3,4,0,2,2
13410,SZ,2,3,1,3,9,1,2,1
13410,SZ,3,2,2,2,4,0,0,0
13410,SZ,4,4,1,1,2,1,0,-1
13410,SZ,4,4,1,1,3,2,0,-2
13410,SZ,4,4,1,1,4,0,3,3
13410,SZ,4,4,1,1,6,1,3,2
13410,SZ,4,4,1,3,5,1,0,-1
13410,SZ,4,4,1,4,6,0,0,0
13410,SZ,5,2,3,1,3,0,1,1
13410,SZ,5,2,3,1,7,1,1,0
13410,SZ,5,2,3,2,2,0,1,1
13410,SZ,5,2,3,2,3,1,1,0
13410,SZ,5,2,3,2,4,1,2,1
13410,SZ,5,2,3,2,5,2,2,0
13410,SZ,5,2,3,2,7,2,3,1
13410,SZ,6,6,1,1,2,0,0,0
13410,SZ,6,6,1,2,4,0,0,0
13410,SZ,6,6,1,2,7,0,1,1
13410,SZ,6,6,1,3,3,1,0,-1
13410,SZ,6,6,1,3,4,2,0,-2
13410,SZ,6,6,1,3,6,3,0,-3
13410,SZ,6,6,1,3,7,4,0,-4
13410,SZ,6,6,1,3,9,5,0,-5
13410,SZ,6,6,1,3,10,6,0,-6
13410,SZ,6,6,1,3,11,7,0,-7
13410,SZ,6,6,1,3,13,8,0,-8
13410,SZ,6,6,1,3,14,9,0,-9
13410,SZ,6,6,1,3,15,10,0,-10
13410,SZ,6,6,1,4,2,1,0,-1
13410,SZ,6,6,1,4,3,0,2,2
13410,SZ,6,6,1,4,4,1,2,1
13410,SZ,6,6,1,4,5,2,2,0
13410,SZ,6,6,1,4,6,3,2,-1
13410,SZ,6,6,1,4,8,4,2,-2
13410,SZ,6,6,1,4,10,5,2,-3
13410,SZ,6,6,1,4,11,6,2,-4
13410,SZ,6,6,1,4,13,7,2,-5
13410,SZ,6,6,1,5,3,0,0,0
13410,SZ,6,6,1,5,4,1,0,-1
13410,SZ,6,6,1,5,5,2,0,-2
13410,SZ,7,5,1,3,2,1,0,-1
13410,SZ,7,5,1,3,3,0,2,2
13410,SZ,7,5,1,3,4,2,1,-1
13410,SZ,7,5,1,3,8,1,3,2
13410,SZ,7,5,1,3,10,2,3,1
13410,SZ,7,5,1,4,4,0,0,0
13410,SZ,7,5,1,5,2,0,0,0
13410,SZ,7,5,1,5,5,1,0,-1
13410,SZ,7,5,1,5,6,2,0,-2
13410,SZ,7,5,1,5,7,3,0,-3
13410,SZ,7,5,1,5,8,4,0,-4
13410,SZ,7,5,1,5,10,5,0,-5
13410,SZ,7,5,1,5,11,6,0,-6
13410,SZ,7,5,1,5,12,7,0,-7
13410,SZ,7,5,1,5,13,8,0,-8
13410,SZ,8,6,2,1,5,0,0,0
13410,SZ,8,6,2,1,7,1,0,-1
13410,SZ,8,6,2,2,2,0,0,0
13410,SZ,8,6,2,2,4,1,0,-1
13410,SZ,8,6,2,2,5,0,2,2
13410,SZ,8,6,2,3,5,0,1,1
13410,SZ,8,6,2,3,9,1,1,0
13410,SZ,8,6,2,4,4,0,0,0
13410,SZ,8,6,2,5,2,0,1,1
13410,SZ,8,6,2,5,3,1,1,0
13410,SZ,8,6,2,5,6,1,2,1
13410,SZ,8,6,2,5,8,2,2,0
13410,SZ,8,6,2,5,9,2,3,1
13410,SZ,9,5,2,1,14,1,0,-1
13410,SZ,9,5,2,2,4,0,1,1
13410,SZ,9,5,2,2,5,1,1,0
13410,SZ,9,5,2,2,9,2,1,-1
13410,SZ,9,5,2,2,11,1,3,2
13410,SZ,9,5,2,3,2,0,1,1
13410,SZ,9,5,2,3,3,1,1,0
13410,SZ,9,5,2,3,5,2,1,-1
13410,SZ,9,5,2,3,7,1,3,2
13410,SZ,9,5,2,3,9,2,3,1
13410,SZ,9,5,2,3,14,3,3,0
13410,SZ,9,5,2,4,2,0,1,1
13410,SZ,9,5,2,4,3,1,1,0
13410,SZ,9,5,2,4,4,2,1,-1
13410,SZ,9,5,2,4,5,3,1,-2
13410,SZ,9,5,2,4,6,1,4,3
13410,SZ,9,5,2,4,8,2,4,2
13410,SZ,9,5,2,4,9,4,3,-1
13410,SZ,9,5,2,5,2,0,1,1
13410,SZ,9,5,2,5,3,1,1,0
13410,SZ,9,5,2,5,5,2,1,-1
13410,SZ,9,5,2,5,6,1,3,2
13410,SZ,9,5,2,5,8,3,2,-1
13410,SZ,10,2,4,2,2,0,1,1
13410,SZ,10,2,4,2,4,1,1,0
13410,SZ,10,2,4,2,9,2,1,-1
13410,SZ,11,3,2,1,2,0,1,1
13410,SZ,11,3,2,2,2,0,0,0
13410,SZ,11,3,2,3,2,0,1,1
13410,SZ,12,4,2,3,2,0,1,1
13410,SZ,12,4,2,3,3,1,1,0
13410,SZ,12,4,2,3,5,2,1,-1
13410,SZ,12,4,2,4,3,0,0,0
13410,SZ,12,4,2,4,5,1,0,-1
13410,SZ,13,5,3,2,2,0,0,0
13410,SZ,13,5,3,3,2,0,1,1
13410,SZ,13,5,3,3,5,1,1,0
13410,SZ,13,5,3,4,2,0,0,0
16841,SZ,2,2,2,2,4,0,1,1
16841,SZ,3,6,1,1,2,1,0,-1
16841,SZ,3,6,1,1,3,2,0,-2
16841,SZ,3,6,1,1,4,0,3,3
16841,SZ,3,6,1,1,5,3,1,-2
16841,SZ,3,6,1,1,6,4,1,-3
16841,SZ,3,6,1,1,7,5,1,-4
16841,SZ,3,6,1,1,8,6,1,-5
16841,SZ,3,6,1,1,9,1,7,6
16841,SZ,3,6,1,1,10,2,7,5
16841,SZ,3,6,1,1,11,7,3,-4
16841,SZ,3,6,1,1,12,8,3,-5
16841,SZ,3,6,1,1,13,3,9,6
16841,SZ,3,6,1,2,4,0,0,0
16841,SZ,3,6,1,3,6,1,0,-1
16841,SZ,3,6,1,4,3,0,0,0
16841,SZ,3,6,1,4,5,0,1,1
16841,SZ,3,6,1,4,9,1,1,0
16841,SZ,3,6,1,4,14,2,1,-1
16841,SZ,3,6,1,5,2,1,0,-1
16841,SZ,3,6,1,5,3,0,2,2
16841,SZ,3,6,1,5,4,1,2,1
16841,SZ,3,6,1,5,5,2,2,0
16841,SZ,3,6,1,5,6,2,3,1
16841,SZ,3,6,1,5,7,3,3,0
16841,SZ,3,6,1,5,8,4,3,-1
16841,SZ,3,6,1,5,9,5,3,-2
16841,SZ,3,6,1,5,10,3,6,3
16841,SZ,3,6,1,5,12,4,6,2
16841,SZ,3,6,1,5,13,5,6,1
16841,SZ,3,6,1,5,14,6,6,0
16841,SZ,3,6,1,5,15,6,7,1
16841,SZ,4,3,1,2,2,0,1,1
16841,SZ,4,3,1,2,3,1,1,0
16841,SZ,4,3,1,2,6,2,1,-1
16841,SZ,4,3,1,2,7,3,1,-2
16841,SZ,4,3,1,2,8,4,1,-3
16841,SZ,4,3,1,2,9,5,1,-4
16841,SZ,4,3,1,2,11,6,1,-5
16841,SZ,4,3,1,2,13,7,1,-6
16841,SZ,4,3,1,2,14,8,1,-7
16841,SZ,4,3,1,3,7,0,0,0
16841,SZ,4,3,1,3,10,1,0,-1
16841,SZ,4,3,1,3,12,2,0,-2
16841,SZ,5,2,3,2,2,0,1,1
16841,SZ,5,2,3,2,3,1,1,0
16841,SZ,6,5,1,1,2,0,1,1
16841,SZ,6,5,1,1,3,1,1,0
16841,SZ,6,5,1,1,4,2,1,-1
16841,SZ,6,5,1,2,2,1,0,-1
16841,SZ,6,5,1,2,3,2,0,-2
16841,SZ,6,5,1,2,4,3,0,-3
16841,SZ,6,5,1,3,3,0,0,0
16841,SZ,6,5,1,4,2,0,0,0
16841,SZ,6,5,1,4,3,0,1,1
16841,SZ,6,5,1,4,5,1,1,0
16841,SZ,6,5,1,4,9,1,2,1
16841,SZ,6,5,1,4,10,2,2,0
16841,SZ,6,5,1,4,11,3,2,-1
16841,SZ,6,5,1,4,13,2,4,2
16841,SZ,6,5,1,4,14,4,3,-1
16841,SZ,6,5,1,5,2,1,0,-1
16841,SZ,6,5,1,5,4,0,2,2
16841,SZ,6,5,1,5,5,2,1,-1
16841,SZ,6,5,1,5,6,3,1,-2
16841,SZ,6,5,1,5,8,1,4,3
16841,SZ,6,5,1,5,10,2,4,2
16841,SZ,6,5,1,5,12,3,4,1
16841,SZ,7,4,1,1,2,0,1,1
16841,SZ,7,4,1,1,3,1,1,0
16841,SZ,7,4,1,1,4,1,2,1
16841,SZ,7,4,1,1,5,2,2,0
16841,SZ,7,4,1,3,2,0,1,1
16841,SZ,7,4,1,3,3,1,1,0
16841,SZ,7,4,1,3,4,1,2,1
16841,SZ,7,4,1,3,5,2,2,0
16841,SZ,7,4,1,3,6,3,2,-1
16841,SZ,7,4,1,3,7,4,2,-2
16841,SZ,7,4,1,3,8,5,2,-3
16841,SZ,7,4,1,3,9,2,6,4
16841,SZ,7,4,1,4,2,1,0,-1
16841,SZ,7,4,1,4,3,0,2,2
16841,SZ,7,4,1,4,4,1,2,1
16841,SZ,7,4,1,4,5,2,2,0
16841,SZ,7,4,1,4,6,2,3,1
16841,SZ,7,4,1,4,8,3,3,0
16841,SZ,7,4,1,4,12,4,3,-1
16841,SZ,8,5,2,1,2,1,0,-1
16841,SZ,8,5,2,3,2,0,1,1
16841,SZ,8,5,2,3,3,1,1,0
16841,SZ,8,5,2,3,4,1,2,1
16841,SZ,8,5,2,3,5,2,2,0
16841,SZ,8,5,2,3,6,3,2,-1
16841,SZ,8,5,2,3,7,4,2,-2
16841,SZ,8,5,2,3,8,5,2,-3
16841,SZ,8,5,2,3,9,6,2,-4
16841,SZ,8,5,2,3,10,2,7,5
16841,SZ,8,5,2,5,2,1,0,-1
16841,SZ,8,5,2,5,3,0,2,2
16841,SZ,8,5,2,5,4,2,1,-1
16841,SZ,9,6,2,1,4,1,0,-1
16841,SZ,9,6,2,1,5,0,2,2
16841,SZ,9,6,2,1,6,1,2,1
16841,SZ,9,6,2,1,7,2,2,0
16841,SZ,9,6,2,1,9,2,3,1
16841,SZ,9,6,2,3,2,0,1,1
16841,SZ,9,6,2,3,5,1,1,0
16841,SZ,9,6,2,3,6,1,2,1
16841,SZ,9,6,2,3,7,2,2,0
16841,SZ,9,6,2,3,9,2,3,1
16841,SZ,9,6,2,3,10,3,3,0
16841,SZ,9,6,2,5,3,1,0,-1
16841,SZ,9,6,2,5,4,0,2,2
16841,SZ,9,6,2,5,6,2,1,-1
16841,SZ,9,6,2,5,7,3,1,-2
16841,SZ,9,6,2,5,9,1,4,3
16841,SZ,9,6,2,5,10,4,2,-2
16841,SZ,9,6,2,5,15,2,5,3
16841,SZ,9,6,2,6,2,1,0,-1
16841,SZ,9,6,2,6,3,2,0,-2
16841,SZ,9,6,2,6,4,0,3,3
16841,SZ,9,6,2,6,7,3,1,-2
16841,SZ,9,6,2,6,8,4,1,-3
16841,SZ,9,6,2,6,9,5,1,-4
16841,SZ,9,6,2,6,11,1,6,5
16841,SZ,11,3,2,1,3,0,1,1
16841,SZ,11,3,2,2,4,0,0,0
16841,SZ,11,3,2,3,2,1,0,-1
16841,SZ,12,5,3,3,4,0,0,0
16841,SZ,12,5,3,4,2,0,1,1
16841,SZ,12,5,3,5,2,1,0,-1
16841,SZ,12,5,3,5,3,2,0,-2
16841,SZ,12,5,3,5,4,3,0,-3
16841,SZ,12,5,3,5,5,0,4,4
16841,SZ,12,5,3,5,6,4,1,-3
16841,SZ,12,5,3,5,8,5,1,-4
16841,SZ,12,5,3,5,9,6,1,-5
16841,SZ,13,4,2,2,2,0,1,1
16841,SZ,13,4,2,2,3,1,1,0
16841,SZ,13,4,2,3,2,1,0,-1
16841,SZ,13,4,2,4,7,1,0,-1
18966,SZ,2,4,1,1,2,0,1,1
18966,SZ,2,4,1,1,3,1,1,0
18966,SZ,2,4,1,1,4,2,1,-1
18966,SZ,2,4,1,1,6,3,1,-2
18966,SZ,2,4,1,1,8,4,1,-3
18966,SZ,2,4,1,1,10,5,1,-4
18966,SZ,2,4,1,1,11,6,1,-5
18966,SZ,2,4,1,1,13,7,1,-6
18966,SZ,2,4,1,1,14,1,8,7
18966,SZ,2,4,1,2,2,0,1,1
18966,SZ,2,4,1,2,3,1,1,0
18966,SZ,2,4,1,2,4,2,1,-1
18966,SZ,2,4,1,2,5,1,3,2
18966,SZ,2,4,1,2,7,3,2,-1
18966,SZ,2,4,1,2,8,4,2,-2
18966,SZ,2,4,1,2,10,5,2,-3
18966,SZ,2,4,1,2,12,6,2,-4
18966,SZ,2,4,1,2,13,2,7,5
18966,SZ,2,4,1,2,15,3,7,4
18966,SZ,2,4,1,3,2,0,0,0
18966,SZ,2,4,1,3,3,1,0,-1
18966,SZ,2,4,1,3,4,0,2,2
18966,SZ,2,4,1,3,5,2,1,-1
18966,SZ,2,4,1,3,7,1,3,2
18966,SZ,2,4,1,3,8,2,3,1
18966,SZ,2,4,1,3,9,3,3,0
18966,SZ,2,4,1,3,10,4,3,-1
18966,SZ,2,4,1,3,11,5,3,-2
18966,SZ,2,4,1,3,13,6,3,-3
18966,SZ,2,4,1,3,14,3,7,4
18966,SZ,2,4,1,3,15,7,4,-3
18966,SZ,2,4,1,4,2,0,0,0
18966,SZ,2,4,1,4,3,1,0,-1
18966,SZ,2,4,1,4,9,2,0,-2
18966,SZ,3,6,1,1,2,1,0,-1
18966,SZ,3,6,1,1,7,2,0,-2
18966,SZ,3,6,1,2,2,0,0,0
18966,SZ,3,6,1,2,4,1,0,-1
18966,SZ,3,6,1,2,5,0,2,2
18966,SZ,3,6,1,2,6,1,2,1
18966,SZ,3,6,1,2,7,2,2,0
18966,SZ,3,6,1,2,11,2,3,1
18966,SZ,3,6,1,2,13,3,3,0
18966,SZ,3,6,1,2,14,4,3,-1
18966,SZ,3,6,1,4,2,1,0,-1
18966,SZ,3,6,1,4,3,2,0,-2
18966,SZ,3,6,1,4,4,3,0,-3
18966,SZ,3,6,1,4,5,0,4,4
18966,SZ,3,6,1,4,6,4,1,-3
18966,SZ,3,6,1,4,7,5,1,-4
18966,SZ,3,6,1,4,10,6,1,-5
18966,SZ,3,6,1,5,2,1,0,-1
18966,SZ,3,6,1,5,4,2,0,-2
18966,SZ,3,6,1,5,5,3,0,-3
18966,SZ,3,6,1,5,6,4,0,-4
18966,SZ,3,6,1,5,8,5,0,-5
18966,SZ,3,6,1,5,9,6,0,-6
18966,SZ,3,6,1,5,11,7,0,-7
18966,SZ,3,6,1,5,12,8,0,-8
18966,SZ,3,6,1,5,14,9,0,-9
18966,SZ,3,6,1,6,2,1,0,-1
18966,SZ,3,6,1,6,3,2,0,-2
18966,SZ,3,6,1,6,5,0,3,3
18966,SZ,3,6,1,6,6,1,3,2
18966,SZ,3,6,1,6,7,3,2,-1
18966,SZ,3,6,1,6,8,4,2,-2
18966,SZ,3,6,1,6,10,2,5,3
18966,SZ,3,6,1,6,11,3,5,2
18966,SZ,3,6,1,6,13,4,5,1
18966,SZ,3,6,1,6,15,5,5,0
18966,SZ,4,5,1,1,2,0,1,1
18966,SZ,4,5,1,2,3,0,0,0
18966,SZ,4,5,1,3,2,0,1,1
18966,SZ,4,5,1,3,3,1,1,0
18966,SZ,4,5,1,3,5,1,2,1
18966,SZ,4,5,1,3,7,2,2,0
18966,SZ,4,5,1,3,8,3,2,-1
18966,SZ,4,5,1,3,10,2,4,2
18966,SZ,4,5,1,3,14,3,4,1
18966,SZ,4,5,1,4,2,1,0,-1
18966,SZ,4,5,1,4,3,2,0,-2
18966,SZ,4,5,1,4,4,0,3,3
18966,SZ,4,5,1,4,5,3,1,-2
18966,SZ,4,5,1,4,6,1,4,3
18966,SZ,4,5,1,4,8,2,4,2
18966,SZ,4,5,1,4,9,4,3,-1
18966,SZ,4,5,1,4,10,5,3,-2
18966,SZ,4,5,1,4,11,3,6,3
18966,SZ,4,5,1,4,12,4,6,2
18966,SZ,4,5,1,4,14,6,5,-1
18966,SZ,4,5,1,4,15,7,5,-2
18966,SZ,7,2,3,1,2,0,0,0
18966,SZ,7,2,3,1,3,1,0,-1
18966,SZ,7,2,3,1,4,2,0,-2
18966,SZ,7,2,3,1,7,3,0,-3
18966,SZ,7,2,3,2,2,1,0,-1
18966,SZ,7,2,3,2,3,0,2,2
18966,SZ,7,2,3,2,4,2,1,-1
18966,SZ,7,2,3,2,6,1,3,2
18966,SZ,8,6,2,2,3,0,1,1
18966,SZ,8,6,2,2,4,1,1,0
18966,SZ,8,6,2,2,5,1,2,1
18966,SZ,8,6,2,2,6,2,2,0
18966,SZ,8,6,2,3,2,1,0,-1
18966,SZ,8,6,2,3,3,2,0,-2
18966,SZ,8,6,2,3,5,3,0,-3
18966,SZ,8,6,2,3,6,4,0,-4
18966,SZ,8,6,2,3,7,5,0,-5
18966,SZ,8,6,2,5,2,0,1,1
18966,SZ,8,6,2,5,3,1,1,0
18966,SZ,8,6,2,5,5,1,2,1
18966,SZ,8,6,2,5,8,2,2,0
18966,SZ,8,6,2,6,4,1,0,-1
18966,SZ,8,6,2,6,5,0,2,2
18966,SZ,8,6,2,6,6,1,2,1
18966,SZ,8,6,2,6,7,2,2,0
18966,SZ,9,5,2,2,2,1,0,-1
18966,SZ,9,5,2,2,3,2,0,-2
18966,SZ,9,5,2,2,4,0,3,3
18966,SZ,9,5,2,2,5,3,1,-2
18966,SZ,9,5,2,2,7,1,4,3
18966,SZ,9,5,2,2,8,2,4,2
18966,SZ,9,5,2,2,9,4,3,-1
18966,SZ,9,5,2,2,10,5,3,-2
18966,SZ,9,5,2,2,11,6,3,-3
18966,SZ,9,5,2,2,12,3,7,4
18966,SZ,9,5,2,2,13,7,4,-3
18966,SZ,9,5,2,2,14,4,8,4
18966,SZ,9,5,2,2,15,5,8,3
18966,SZ,9,5,2,3,3,0,0,0
18966,SZ,9,5,2,3,5,1,0,-1
18966,SZ,9,5,2,4,2,0,1,1
18966,SZ,9,5,2,4,4,1,1,0
18966,SZ,9,5,2,4,5,2,1,-1
18966,SZ,9,5,2,4,8,3,1,-2
18966,SZ,9,5,2,4,9,4,1,-3
18966,SZ,9,5,2,4,11,5,1,-4
18966,SZ,10,2,4,2,2,0,1,1
18966,SZ,10,2,4,2,3,1,1,0
18966,SZ,11,4,2,1,3,1,0,-1
18966,SZ,11,4,2,1,5,2,0,-2
18966,SZ,11,4,2,2,3,1,0,-1
18966,SZ,11,4,2,2,5,0,2,2
18966,SZ,11,4,2,2,6,2,1,-1
18966,SZ,11,4,2,2,7,1,3,2
18966,SZ,11,4,2,2,8,3,2,-1
18966,SZ,11,4,2,2,9,2,4,2
18966,SZ,11,4,2,3,2,0,1,1
18966,SZ,11,4,2,3,3,1,1,0
18966,SZ,12,5,3,1,3,1,0,-1
18966,SZ,12,5,3,1,4,2,0,-2
18966,SZ,12,5,3,1,5,3,0,-3
18966,SZ,12,5,3,1,6,4,0,-4
18966,SZ,12,5,3,1,7,0,5,5
18966,SZ,12,5,3,1,8,5,1,-4
18966,SZ,12,5,3,2,2,1,0,-1
18966,SZ,12,5,3,2,4,2,0,-2
18966,SZ,12,5,3,2,5,0,3,3
18966,SZ,12,5,3,2,7,3,1,-2
18966,SZ,12,5,3,3,2,1,0,-1
18966,SZ,12,5,3,3,4,2,0,-2
18966,SZ,12,5,3,3,5,0,3,3
18966,SZ,12,5,3,3,8,3,1,-2
18966,SZ,12,5,3,3,10,1,4,3
18966,SZ,12,5,3,3,12,2,4,2
18966,SZ,12,5,3,3,14,3,4,1
18966,SZ,12,5,3,3,15,4,4,0
18966,SZ,12,5,3,4,3,1,0,-1
18966,SZ,12,5,3,4,5,2,0,-2
18966,SZ,12,5,3,4,6,3,0,-3
18966,SZ,12,5,3,4,9,4,0,-4
18966,SZ,12,5,3,4,10,5,0,-5
18966,SZ,12,5,3,4,11,6,0,-6
18966,SZ,12,5,3,4,12,7,0,-7
18966,SZ,12,5,3,5,8,0,1,1
18966,SZ,12,5,3,5,9,1,1,0
18966,SZ,12,5,3,5,11,2,1,-1
18966,SZ,12,5,3,5,12,3,1,-2
18966,SZ,12,5,3,5,13,4,1,-3
18966,SZ,12,5,3,5,14,5,1,-4
18966,SZ,12,5,3,5,15,6,1,-5
18966,SZ,13,3,2,1,5,1,0,-1
18966,SZ,13,3,2,1,7,2,0,-2
18966,SZ,13,3,2,2,2,1,0,-1
18966,SZ,13,3,2,2,3,2,0,-2
18966,SZ,13,3,2,2,4,0,3,3
18966,SZ,13,3,2,2,9,3,1,-2
21407,SZ,1,2,1,2,4,0,0,0
21407,SZ,2,2,2,1,3,1,0,-1
21407,SZ,2,2,2,2,2,0,0,0
21407,SZ,3,3,1,1,2,0,1,1
21407,SZ,3,3,1,3,4,0,1,1
21407,SZ,3,3,1,3,6,1,1,0
21407,SZ,4,6,1,1,2,0,1,1
21407,SZ,4,6,1,1,3,1,1,0
21407,SZ,4,6,1,1,4,2,1,-1
21407,SZ,4,6,1,1,5,1,3,2
21407,SZ,4,6,1,1,6,2,3,1
21407,SZ,4,6,1,1,8,3,3,0
21407,SZ,4,6,1,1,9,4,3,-1
21407,SZ,4,6,1,1,12,5,3,-2
21407,SZ,4,6,1,1,13,6,3,-3
21407,SZ,4,6,1,2,5,0,0,0
21407,SZ,4,6,1,3,2,0,1,1
21407,SZ,4,6,1,3,3,1,1,0
21407,SZ,4,6,1,3,6,2,1,-1
21407,SZ,4,6,1,3,7,1,3,2
21407,SZ,4,6,1,3,9,2,3,1
21407,SZ,4,6,1,3,14,3,3,0
21407,SZ,4,6,1,4,2,0,1,1
21407,SZ,4,6,1,4,3,1,1,0
21407,SZ,4,6,1,4,8,2,1,-1
21407,SZ,4,6,1,6,2,0,1,1
21407,SZ,4,6,1,6,4,1,1,0
21407,SZ,4,6,1,6,5,2,1,-1
21407,SZ,4,6,1,6,6,3,1,-2
21407,SZ,4,6,1,6,7,4,1,-3
21407,SZ,4,6,1,6,8,5,1,-4
21407,SZ,4,6,1,6,9,6,1,-5
21407,SZ,4,6,1,6,10,7,1,-6
21407,SZ,4,6,1,6,11,8,1,-7
21407,SZ,4,6,1,6,12,1,9,8
21407,SZ,4,6,1,6,13,2,9,7
21407,SZ,4,6,1,6,14,9,3,-6
21407,SZ,4,6,1,6,15,3,10,7
21407,SZ,5,2,3,1,2,0,1,1
21407,SZ,5,2,3,1,10,1,1,0
21407,SZ,5,2,3,2,12,0,0,0
21407,SZ,6,5,1,1,3,0,1,1
21407,SZ,6,5,1,1,4,1,1,0
21407,SZ,6,5,1,1,5,1,2,1
21407,SZ,6,5,1,3,7,1,0,-1
21407,SZ,6,5,1,3,11,2,0,-2
21407,SZ,6,5,1,3,12,0,3,3
21407,SZ,6,5,1,3,13,3,1,-2
21407,SZ,6,5,1,3,14,1,4,3
21407,SZ,6,5,1,3,15,2,4,2
21407,SZ,6,5,1,5,2,1,0,-1
21407,SZ,6,5,1,5,3,0,2,2
21407,SZ,7,4,1,1,2,0,1,1
21407,SZ,7,4,1,1,15,1,1,0
21407,SZ,7,4,1,3,2,1,0,-1
21407,SZ,7,4,1,3,3,2,0,-2
21407,SZ,7,4,1,3,4,0,3,3
21407,SZ,8,5,2,1,2,0,1,1
21407,SZ,8,5,2,1,3,1,1,0
21407,SZ,8,5,2,1,4,2,1,-1
21407,SZ,8,5,2,1,5,3,1,-2
21407,SZ,8,5,2,1,6,1,4,3
21407,SZ,8,5,2,2,7,0,0,0
21407,SZ,8,5,2,4,2,0,1,1
21407,SZ,8,5,2,4,3,1,1,0
21407,SZ,8,5,2,4,4,1,2,1
21407,SZ,8,5,2,4,5,2,2,0
21407,SZ,8,5,2,4,6,2,3,1
21407,SZ,9,6,2,1,2,0,1,1
21407,SZ,9,6,2,1,3,1,1,0
21407,SZ,9,6,2,1,4,2,1,-1
21407,SZ,9,6,2,4,3,0,1,1
21407,SZ,9,6,2,4,4,1,1,0
21407,SZ,9,6,2,5,2,0,1,1
21407,SZ,9,6,2,5,3,1,1,0
21407,SZ,9,6,2,5,4,2,1,-1
21407,SZ,9,6,2,6,5,0,0,0
21407,SZ,10,2,4,1,2,0,1,1
21407,SZ,10,2,4,1,4,1,1,0
21407,SZ,11,3,2,1,4,1,0,-1
21407,SZ,12,5,3,1,2,0,1,1
21407,SZ,12,5,3,2,2,0,1,1
21407,SZ,12,5,3,3,2,1,0,-1
21407,SZ,12,5,3,3,3,2,0,-2
21407,SZ,12,5,3,4,5,0,0,0
21407,SZ,12,5,3,5,3,0,0,0
21407,SZ,12,5,3,5,6,1,0,-1
21407,SZ,12,5,3,5,7,2,0,-2
21407,SZ,13,4,2,1,2,0,1,1
21407,SZ,13,4,2,1,3,1,1,0
21407,SZ,13,4,2,1,5,1,2,1
21407,SZ,13,4,2,4,3,0,0,0
22026,SZ,1,4,1,1,4,1,0,-1
22026,SZ,1,4,1,1,6,2,0,-2
22026,SZ,1,4,1,1,7,0,3,3
22026,SZ,1,4,1,1,8,3,1,-2
22026,SZ,1,4,1,1,9,1,4,3
22026,SZ,1,4,1,1,10,4,2,-2
22026,SZ,1,4,1,1,11,2,5,3
22026,SZ,1,4,1,1,12,3,5,2
22026,SZ,1,4,1,2,6,0,0,0
22026,SZ,1,4,1,2,8,1,0,-1
22026,SZ,1,4,1,3,3,1,0,-1
22026,SZ,1,4,1,3,10,0,2,2
22026,SZ,1,4,1,3,12,2,1,-1
22026,SZ,1,4,1,4,2,0,0,0
22026,SZ,1,4,1,4,4,1,0,-1
22026,SZ,1,4,1,4,5,2,0,-2
22026,SZ,1,4,1,4,8,0,3,3
22026,SZ,1,4,1,4,14,1,3,2
22026,SZ,2,5,1,1,3,0,1,1
22026,SZ,2,5,1,1,4,1,1,0
22026,SZ,2,5,1,1,5,1,2,1
22026,SZ,2,5,1,1,7,2,2,0
22026,SZ,2,5,1,1,8,3,2,-1
22026,SZ,2,5,1,1,9,2,4,2
22026,SZ,2,5,1,1,10,4,3,-1
22026,SZ,2,5,1,2,2,0,0,0
22026,SZ,2,5,1,2,3,0,1,1
22026,SZ,2,5,1,2,4,1,1,0
22026,SZ,2,5,1,2,6,2,1,-1
22026,SZ,2,5,1,2,14,3,1,-2
22026,SZ,2,5,1,3,2,0,1,1
22026,SZ,2,5,1,3,3,1,1,0
22026,SZ,2,5,1,3,4,1,2,1
22026,SZ,2,5,1,3,9,2,2,0
22026,SZ,2,5,1,3,14,3,2,-1
22026,SZ,2,5,1,4,2,1,0,-1
22026,SZ,2,5,1,4,3,2,0,-2
22026,SZ,2,5,1,4,5,3,0,-3
22026,SZ,2,5,1,4,7,0,4,4
22026,SZ,2,5,1,4,9,4,1,-3
22026,SZ,2,5,1,4,10,1,5,4
22026,SZ,2,5,1,4,11,5,2,-3
22026,SZ,2,5,1,5,2,0,0,0
22026,SZ,2,5,1,5,3,1,0,-1
22026,SZ,2,5,1,5,9,0,2,2
22026,SZ,3,2,1,2,8,1,0,-1
22026,SZ,4,3,1,1,5,0,0,0
22026,SZ,4,3,1,3,9,0,0,0
22026,SZ,5,6,1,1,2,0,0,0
22026,SZ,5,6,1,1,3,1,0,-1
22026,SZ,5,6,1,1,5,2,0,-2
22026,SZ,5,6,1,1,6,3,0,-3
22026,SZ,5,6,1,1,8,0,4,4
22026,SZ,5,6,1,1,9,4,1,-3
22026,SZ,5,6,1,1,10,5,1,-4
22026,SZ,5,6,1,2,4,1,0,-1
22026,SZ,5,6,1,2,6,2,0,-2
22026,SZ,5,6,1,2,7,3,0,-3
22026,SZ,5,6,1,2,9,0,4,4
22026,SZ,5,6,1,2,10,4,1,-3
22026,SZ,5,6,1,3,2,1,0,-1
22026,SZ,5,6,1,3,4,2,0,-2
22026,SZ,5,6,1,3,6,3,0,-3
22026,SZ,5,6,1,3,8,0,4,4
22026,SZ,5,6,1,3,12,4,1,-3
22026,SZ,5,6,1,3,13,5,1,-4
22026,SZ,5,6,1,4,6,1,0,-1
22026,SZ,5,6,1,4,9,2,0,-2
22026,SZ,5,6,1,4,10,3,0,-3
22026,SZ,5,6,1,4,14,4,0,-4
22026,SZ,5,6,1,4,15,0,5,5
22026,SZ,5,6,1,5,2,0,1,1
22026,SZ,5,6,1,5,4,1,1,0
22026,SZ,5,6,1,5,5,2,1,-1
22026,SZ,5,6,1,5,6,3,1,-2
22026,SZ,5,6,1,5,7,4,1,-3
22026,SZ,5,6,1,5,8,1,5,4
22026,SZ,5,6,1,5,9,5,2,-3
22026,SZ,5,6,1,5,10,6,2,-4
22026,SZ,5,6,1,5,12,2,7,5
22026,SZ,5,6,1,5,13,3,7,4
22026,SZ,5,6,1,5,14,7,4,-3
22026,SZ,5,6,1,5,15,8,4,-4
22026,SZ,5,6,1,6,2,1,0,-1
22026,SZ,5,6,1,6,5,0,2,2
22026,SZ,5,6,1,6,6,2,1,-1
22026,SZ,5,6,1,6,9,3,1,-2
22026,SZ,5,6,1,6,15,4,1,-3
22026,SZ,6,2,2,1,12,0,0,0
22026,SZ,6,2,2,2,9,0,0,0
22026,SZ,6,2,2,2,11,1,0,-1
22026,SZ,6,2,2,2,12,2,0,-2
22026,SZ,7,2,3,1,2,0,1,1
22026,SZ,7,2,3,1,3,1,1,0
22026,SZ,7,2,3,1,4,2,1,-1
22026,SZ,7,2,3,1,6,3,1,-2
22026,SZ,7,2,3,1,8,4,1,-3
22026,SZ,7,2,3,1,12,5,1,-4
22026,SZ,7,2,3,2,3,0,0,0
22026,SZ,7,2,3,2,5,1,0,-1
22026,SZ,7,2,3,2,14,0,2,2
22026,SZ,8,5,2,2,2,0,1,1
22026,SZ,8,5,2,2,3,1,1,0
22026,SZ,8,5,2,3,3,1,0,-1
22026,SZ,8,5,2,4,2,1,0,-1
22026,SZ,8,5,2,4,3,2,0,-2
22026,SZ,8,5,2,4,4,0,3,3
22026,SZ,8,5,2,4,8,3,1,-2
22026,SZ,9,6,2,2,2,1,0,-1
22026,SZ,9,6,2,2,3,2,0,-2
22026,SZ,9,6,2,2,5,3,0,-3
22026,SZ,9,6,2,2,7,4,0,-4
22026,SZ,9,6,2,2,10,5,0,-5
22026,SZ,9,6,2,3,2,0,0,0
22026,SZ,9,6,2,3,4,0,1,1
22026,SZ,9,6,2,3,8,1,1,0
22026,SZ,9,6,2,3,11,2,1,-1
22026,SZ,9,6,2,4,2,0,0,0
22026,SZ,9,6,2,5,4,0,1,1
22026,SZ,10,4,2,1,3,0,0,0
22026,SZ,10,4,2,2,2,0,0,0
22026,SZ,10,4,2,2,3,1,0,-1
22026,SZ,10,4,2,2,4,2,0,-2
22026,SZ,10,4,2,2,7,0,3,3
22026,SZ,11,5,3,1,2,0,1,1
22026,SZ,11,5,3,1,3,1,1,0
22026,SZ,11,5,3,2,7,0,0,0
22026,SZ,11,5,3,2,11,0,1,1
22026,SZ,11,5,3,3,2,0,1,1
22026,SZ,11,5,3,3,3,1,1,0
22026,SZ,11,5,3,3,4,2,1,-1
22026,SZ,11,5,3,3,5,1,3,2
22026,SZ,11,5,3,3,7,3,2,-1
22026,SZ,11,5,3,3,8,2,4,2
22026,SZ,11,5,3,3,11,4,3,-1
22026,SZ,11,5,3,3,13,5,3,-2
22026,SZ,11,5,3,4,7,0,1,1
22026,SZ,11,5,3,4,9,1,1,0
22026,SZ,11,5,3,4,10,2,1,-1
22026,SZ,11,5,3,4,12,3,1,-2
22026,SZ,11,5,3,4,13,4,1,-3
22026,SZ,11,5,3,5,3,0,0,0
22026,SZ,11,5,3,5,4,0,1,1
22026,SZ,11,5,3,5,5,1,1,0
22026,SZ,11,5,3,5,6,1,2,1
22026,SZ,12,2,4,1,2,0,1,1
22026,SZ,12,2,4,2,3,0,1,1
22026,SZ,12,2,4,2,7,1,1,0
22026,SZ,13,3,2,1,2,0,1,1
22026,SZ,13,3,2,1,4,1,1,0
22026,SZ,13,3,2,1,7,2,1,-1
22026,SZ,13,3,2,1,10,3,1,-2
22026,SZ,13,3,2,1,12,4,1,-3
22026,SZ,13,3,2,1,14,5,1,-4
22026,SZ,13,3,2,2,2,0,1,1
22026,SZ,13,3,2,2,4,1,1,0
22026,SZ,13,3,2,2,6,2,1,-1
22026,SZ,13,3,2,2,8,3,1,-2
22026,SZ,13,3,2,2,14,4,1,-3
22026,SZ,13,3,2,3,5,0,1,1
22026,SZ,13,3,2,3,9,1,1,0
22026,SZ,13,3,2,3,10,2,1,-1
23387,SZ,2,6,1,1,2,0,1,1
23387,SZ,2,6,1,1,3,1,1,0
23387,SZ,2,6,1,1,4,2,1,-1
23387,SZ,2,6,1,1,5,1,3,2
23387,SZ,2,6,1,1,7,3,2,-1
23387,SZ,2,6,1,2,5,0,0,0
23387,SZ,2,6,1,2,8,1,0,-1
23387,SZ,2,6,1,3,3,1,0,-1
23387,SZ,2,6,1,3,4,0,2,2
23387,SZ,2,6,1,3,5,2,1,-1
23387,SZ,2,6,1,3,6,1,3,2
23387,SZ,2,6,1,3,7,3,2,-1
23387,SZ,2,6,1,3,8,4,2,-2
23387,SZ,2,6,1,3,9,5,2,-3
23387,SZ,2,6,1,3,10,6,2,-4
23387,SZ,2,6,1,3,11,2,7,5
23387,SZ,2,6,1,3,13,3,7,4
23387,SZ,2,6,1,3,15,7,4,-3
23387,SZ,2,6,1,4,2,1,0,-1
23387,SZ,2,6,1,4,3,2,0,-2
23387,SZ,2,6,1,4,6,3,0,-3
23387,SZ,2,6,1,4,7,4,0,-4
23387,SZ,2,6,1,4,10,5,0,-5
23387,SZ,2,6,1,4,11,0,6,6
23387,SZ,2,6,1,4,13,1,6,5
23387,SZ,2,6,1,4,14,2,6,4
23387,SZ,2,6,1,4,15,6,3,-3
23387,SZ,2,6,1,5,2,1,0,-1
23387,SZ,2,6,1,5,3,2,0,-2
23387,SZ,2,6,1,5,4,3,0,-3
23387,SZ,2,6,1,5,9,0,4,4
23387,SZ,2,6,1,5,10,1,4,3
23387,SZ,2,6,1,5,13,2,4,2
23387,SZ,2,6,1,6,2,1,0,-1
23387,SZ,2,6,1,6,3,2,0,-2
23387,SZ,2,6,1,6,5,3,0,-3
23387,SZ,2,6,1,6,8,4,0,-4
23387,SZ,2,6,1,6,9,0,5,5
23387,SZ,2,6,1,6,10,5,1,-4
23387,SZ,2,6,1,6,11,1,6,5
23387,SZ,2,6,1,6,12,6,2,-4
23387,SZ,2,6,1,6,13,7,2,-5
23387,SZ,2,6,1,6,14,8,2,-6
23387,SZ,2,6,1,6,15,9,2,-7
23387,SZ,3,3,1,2,2,1,0,-1
23387,SZ,3,3,1,2,3,0,2,2
23387,SZ,3,3,1,2,4,2,1,-1
23387,SZ,3,3,1,3,2,1,0,-1
23387,SZ,3,3,1,3,3,0,2,2
23387,SZ,4,2,2,1,2,1,0,-1
23387,SZ,4,2,2,1,8,0,2,2
23387,SZ,4,2,2,2,2,0,1,1
23387,SZ,5,4,1,1,2,0,0,0
23387,SZ,5,4,1,3,3,1,0,-1
23387,SZ,5,4,1,3,4,2,0,-2
23387,SZ,5,4,1,4,2,0,0,0
23387,SZ,5,4,1,4,4,1,0,-1
23387,SZ,5,4,1,4,10,0,2,2
23387,SZ,6,2,3,2,13,0,1,1
23387,SZ,7,5,1,2,2,0,0,0
23387,SZ,7,5,1,2,3,1,0,-1
23387,SZ,7,5,1,2,4,2,0,-2
23387,SZ,7,5,1,2,5,0,3,3
23387,SZ,7,5,1,2,6,3,1,-2
23387,SZ,7,5,1,2,15,4,1,-3
23387,SZ,7,5,1,3,2,0,0,0
23387,SZ,7,5,1,3,3,1,0,-1
23387,SZ,7,5,1,4,9,1,0,-1
23387,SZ,7,5,1,5,2,0,1,1
23387,SZ,7,5,1,5,5,1,1,0
23387,SZ,7,5,1,5,9,2,1,-1
23387,SZ,8,6,2,2,2,1,0,-1
23387,SZ,8,6,2,2,3,2,0,-2
23387,SZ,8,6,2,2,5,3,0,-3
23387,SZ,8,6,2,4,3,0,0,0
23387,SZ,8,6,2,4,5,0,1,1
23387,SZ,8,6,2,5,3,1,0,-1
23387,SZ,8,6,2,5,4,2,0,-2
23387,SZ,8,6,2,5,6,3,0,-3
23387,SZ,8,6,2,5,7,4,0,-4
23387,SZ,8,6,2,6,3,0,0,0
23387,SZ,9,5,2,2,5,1,0,-1
23387,SZ,9,5,2,3,2,0,1,1
23387,SZ,9,5,2,3,3,1,1,0
23387,SZ,9,5,2,3,4,2,1,-1
23387,SZ,9,5,2,3,5,1,3,2
23387,SZ,9,5,2,3,6,3,2,-1
23387,SZ,9,5,2,3,7,4,2,-2
23387,SZ,9,5,2,5,3,1,0,-1
23387,SZ,9,5,2,5,6,0,2,2
23387,SZ,9,5,2,5,7,1,2,1
23387,SZ,9,5,2,5,9,2,2,0
23387,SZ,10,2,4,1,8,0,0,0
23387,SZ,10,2,4,2,2,0,1,1
23387,SZ,10,2,4,2,3,1,1,0
23387,SZ,10,2,4,2,4,1,2,1
23387,SZ,10,2,4,2,5,2,2,0
23387,SZ,10,2,4,2,8,3,2,-1
23387,SZ,11,3,2,1,8,0,0,0
23387,SZ,11,3,2,3,7,0,0,0
23387,SZ,12,4,2,2,2,1,0,-1
23387,SZ,12,4,2,2,3,2,0,-2
23387,SZ,12,4,2,2,4,0,3,3
23387,SZ,12,4,2,3,2,0,1,1
23387,SZ,13,5,3,3,2,0,1,1
23387,SZ,13,5,3,3,3,1,1,0
23387,SZ,13,5,3,4,3,1,0,-1
23387,SZ,13,5,3,4,4,0,2,2
24197,SZ,1,6,1,3,2,0,1,1
24197,SZ,1,6,1,4,3,0,0,0
24197,SZ,1,6,1,4,4,1,0,-1
24197,SZ,1,6,1,4,5,2,0,-2
24197,SZ,1,6,1,4,6,0,3,3
24197,SZ,1,6,1,6,3,1,0,-1
24197,SZ,1,6,1,6,4,2,0,-2
24197,SZ,1,6,1,6,5,0,3,3
24197,SZ,1,6,1,6,6,3,1,-2
24197,SZ,1,6,1,6,7,4,1,-3
24197,SZ,1,6,1,6,9,5,1,-4
24197,SZ,2,2,1,1,8,1,0,-1
24197,SZ,3,3,1,2,2,0,1,1
24197,SZ,3,3,1,2,4,1,1,0
24197,SZ,3,3,1,2,5,1,2,1
24197,SZ,3,3,1,3,2,0,1,1
24197,SZ,3,3,1,3,7,1,1,0
24197,SZ,4,2,2,1,2,0,1,1
24197,SZ,5,5,1,1,2,1,0,-1
24197,SZ,5,5,1,1,3,0,2,2
24197,SZ,5,5,1,1,5,1,2,1
24197,SZ,5,5,1,1,6,2,2,0
24197,SZ,5,5,1,2,2,0,1,1
24197,SZ,5,5,1,2,3,1,1,0
24197,SZ,5,5,1,2,4,1,2,1
24197,SZ,5,5,1,2,5,2,2,0
24197,SZ,5,5,1,2,6,3,2,-1
24197,SZ,5,5,1,2,7,4,2,-2
24197,SZ,5,5,1,2,8,2,5,3
24197,SZ,5,5,1,3,2,1,0,-1
24197,SZ,5,5,1,3,3,0,2,2
24197,SZ,5,5,1,3,4,2,1,-1
24197,SZ,5,5,1,3,5,3,1,-2
24197,SZ,5,5,1,3,11,1,4,3
24197,SZ,5,5,1,5,2,0,1,1
24197,SZ,6,4,1,1,3,0,0,0
24197,SZ,6,4,1,3,2,0,1,1
24197,SZ,6,4,1,3,5,1,1,0
24197,SZ,6,4,1,4,4,0,0,0
24197,SZ,7,2,3,1,2,0,1,1
24197,SZ,8,5,2,2,2,0,1,1
24197,SZ,8,5,2,2,3,1,1,0
24197,SZ,8,5,2,2,4,1,2,1
24197,SZ,8,5,2,2,6,2,2,0
24197,SZ,8,5,2,3,5,0,1,1
24197,SZ,8,5,2,3,6,1,1,0
24197,SZ,8,5,2,4,3,1,0,-1
24197,SZ,9,6,2,3,4,1,0,-1
24197,SZ,9,6,2,3,5,0,2,2
24197,SZ,9,6,2,3,6,2,1,-1
24197,SZ,9,6,2,3,8,3,1,-2
24197,SZ,9,6,2,3,9,1,4,3
24197,SZ,9,6,2,4,2,0,1,1
24197,SZ,9,6,2,4,3,1,1,0
24197,SZ,9,6,2,4,4,1,2,1
24197,SZ,9,6,2,5,2,0,1,1
24197,SZ,9,6,2,5,3,1,1,0
24197,SZ,9,6,2,5,4,1,2,1
24197,SZ,9,6,2,5,5,2,2,0
24197,SZ,9,6,2,5,9,3,2,-1
24197,SZ,9,6,2,6,2,0,1,1
24197,SZ,10,2,4,2,6,0,0,0
24197,SZ,11,3,2,2,2,0,1,1
24197,SZ,11,3,2,3,2,1,0,-1
24197,SZ,12,5,3,1,2,0,1,1
24197,SZ,12,5,3,3,4,1,0,-1
24197,SZ,12,5,3,4,2,0,1,1
24197,SZ,12,5,3,4,3,1,1,0
24197,SZ,12,5,3,4,4,2,1,-1
24197,SZ,12,5,3,4,5,1,3,2
24197,SZ,12,5,3,4,6,2,3,1
24197,SZ,12,5,3,4,7,3,3,0
24197,SZ,12,5,3,5,3,0,0,0
24197,SZ,12,5,3,5,4,0,1,1
24197,SZ,12,5,3,5,5,1,1,0
24197,SZ,13,4,2,1,2,1,0,-1
24197,SZ,13,4,2,2,2,1,0,-1
24197,SZ,13,4,2,2,3,0,2,2
24197,SZ,13,4,2,3,3,0,1,1
24197,SZ,13,4,2,4,2,0,1,1
24197,SZ,13,4,2,4,3,1,1,0
30543,SZ,1,6,1,1,2,0,1,1
30543,SZ,1,6,1,1,3,1,1,0
30543,SZ,1,6,1,1,4,1,2,1
30543,SZ,1,6,1,1,5,2,2,0
30543,SZ,1,6,1,1,6,2,3,1
30543,SZ,1,6,1,1,7,3,3,0
30543,SZ,1,6,1,1,8,3,4,1
30543,SZ,1,6,1,1,9,4,4,0
30543,SZ,1,6,1,1,10,5,4,-1
30543,SZ,1,6,1,1,11,4,6,2
30543,SZ,1,6,1,1,12,6,5,-1
30543,SZ,1,6,1,1,13,5,7,2
30543,SZ,1,6,1,1,15,6,7,1
30543,SZ,1,6,1,2,2,0,0,0
30543,SZ,1,6,1,2,14,1,0,-1
30543,SZ,1,6,1,3,3,0,1,1
30543,SZ,1,6,1,3,5,1,1,0
30543,SZ,1,6,1,3,6,2,1,-1
30543,SZ,1,6,1,4,3,1,0,-1
30543,SZ,1,6,1,4,6,2,0,-2
30543,SZ,1,6,1,4,7,3,0,-3
30543,SZ,1,6,1,4,8,4,0,-4
30543,SZ,1,6,1,4,10,5,0,-5
30543,SZ,1,6,1,4,11,6,0,-6
30543,SZ,1,6,1,4,13,7,0,-7
30543,SZ,1,6,1,4,14,8,0,-8
30543,SZ,1,6,1,5,2,0,1,1
30543,SZ,1,6,1,5,4,1,1,0
30543,SZ,1,6,1,5,5,2,1,-1
30543,SZ,1,6,1,5,6,3,1,-2
30543,SZ,1,6,1,5,7,4,1,-3
30543,SZ,1,6,1,5,9,5,1,-4
30543,SZ,1,6,1,5,10,6,1,-5
30543,SZ,1,6,1,5,11,7,1,-6
30543,SZ,1,6,1,5,12,8,1,-7
30543,SZ,1,6,1,5,13,9,1,-8
30543,SZ,1,6,1,5,14,10,1,-9
30543,SZ,1,6,1,5,15,1,11,10
30543,SZ,1,6,1,6,2,0,0,0
30543,SZ,1,6,1,6,5,1,0,-1
30543,SZ,1,6,1,6,6,2,0,-2
30543,SZ,1,6,1,6,7,3,0,-3
30543,SZ,1,6,1,6,8,0,4,4
30543,SZ,1,6,1,6,10,1,4,3
30543,SZ,2,3,1,1,2,0,0,0
30543,SZ,2,3,1,1,3,1,0,-1
30543,SZ,2,3,1,1,4,2,0,-2
30543,SZ,2,3,1,1,6,3,0,-3
30543,SZ,2,3,1,1,7,4,0,-4
30543,SZ,2,3,1,1,10,0,5,5
30543,SZ,2,3,1,1,11,5,1,-4
30543,SZ,2,3,1,2,3,1,0,-1
30543,SZ,2,3,1,2,5,0,2,2
30543,SZ,2,3,1,2,7,2,1,-1
30543,SZ,2,3,1,2,8,3,1,-2
30543,SZ,2,3,1,2,9,1,4,3
30543,SZ,2,3,1,2,10,2,4,2
30543,SZ,2,3,1,2,12,3,4,1
30543,SZ,2,3,1,2,14,4,4,0
30543,SZ,2,3,1,3,2,0,0,0
30543,SZ,2,3,1,3,3,1,0,-1
30543,SZ,2,3,1,3,6,2,0,-2
30543,SZ,2,3,1,3,9,3,0,-3
30543,SZ,2,3,1,3,10,4,0,-4
30543,SZ,2,3,1,3,11,0,5,5
30543,SZ,3,5,1,1,3,1,0,-1
30543,SZ,3,5,1,1,8,0,2,2
30543,SZ,3,5,1,1,10,1,2,1
30543,SZ,3,5,1,2,5,1,0,-1
30543,SZ,3,5,1,3,2,0,0,0
30543,SZ,3,5,1,3,3,1,0,-1
30543,SZ,3,5,1,3,4,2,0,-2
30543,SZ,3,5,1,3,5,3,0,-3
30543,SZ,3,5,1,3,6,4,0,-4
30543,SZ,3,5,1,3,7,0,5,5
30543,SZ,3,5,1,3,8,5,1,-4
30543,SZ,3,5,1,4,3,1,0,-1
30543,SZ,3,5,1,4,4,0,2,2
30543,SZ,3,5,1,4,5,1,2,1
30543,SZ,3,5,1,4,6,2,2,0
30543,SZ,3,5,1,4,7,3,2,-1
30543,SZ,3,5,1,4,8,4,2,-2
30543,SZ,3,5,1,4,9,5,2,-3
30543,SZ,3,5,1,4,10,6,2,-4
30543,SZ,3,5,1,5,2,0,1,1
30543,SZ,3,5,1,5,4,1,1,0
30543,SZ,4,2,1,2,8,1,0,-1
30543,SZ,5,2,2,1,7,0,0,0
30543,SZ,5,2,2,2,2,1,0,-1
30543,SZ,5,2,2,2,4,0,2,2
30543,SZ,6,2,3,1,6,0,1,1
30543,SZ,6,2,3,1,8,1,1,0
30543,SZ,6,2,3,2,6,0,0,0
30543,SZ,6,2,3,2,9,1,0,-1
30543,SZ,7,4,1,1,2,0,1,1
30543,SZ,7,4,1,1,3,1,1,0
30543,SZ,7,4,1,1,4,1,2,1
30543,SZ,7,4,1,1,5,2,2,0
30543,SZ,7,4,1,1,6,3,2,-1
30543,SZ,7,4,1,2,3,1,0,-1
30543,SZ,7,4,1,2,4,0,2,2
30543,SZ,7,4,1,2,5,2,1,-1
30543,SZ,7,4,1,2,6,1,3,2
30543,SZ,7,4,1,2,7,3,2,-1
30543,SZ,7,4,1,2,8,2,4,2
30543,SZ,7,4,1,2,9,3,4,1
30543,SZ,7,4,1,2,10,4,4,0
30543,SZ,7,4,1,2,11,5,4,-1
30543,SZ,7,4,1,2,12,6,4,-2
30543,SZ,7,4,1,2,13,7,4,-3
30543,SZ,7,4,1,2,14,4,8,4
30543,SZ,7,4,1,2,15,8,5,-3
30543,SZ,7,4,1,3,2,0,1,1
30543,SZ,7,4,1,3,3,1,1,0
30543,SZ,7,4,1,3,4,2,1,-1
30543,SZ,7,4,1,3,6,1,3,2
30543,SZ,7,4,1,3,7,3,2,-1
30543,SZ,7,4,1,3,8,4,2,-2
30543,SZ,7,4,1,3,12,2,5,3
30543,SZ,7,4,1,3,15,5,3,-2
30543,SZ,7,4,1,4,2,0,1,1
30543,SZ,7,4,1,4,3,1,1,0
30543,SZ,7,4,1,4,4,1,2,1
30543,SZ,7,4,1,4,5,2,2,0
30543,SZ,7,4,1,4,6,3,2,-1
30543,SZ,7,4,1,4,7,2,4,2
30543,SZ,7,4,1,4,8,3,4,1
30543,SZ,7,4,1,4,9,4,4,0
30543,SZ,7,4,1,4,10,5,4,-1
30543,SZ,7,4,1,4,11,6,4,-2
30543,SZ,7,4,1,4,12,4,7,3
30543,SZ,7,4,1,4,13,7,5,-2
30543,SZ,7,4,1,4,14,8,5,-3
30543,SZ,8,5,2,1,9,0,1,1
30543,SZ,8,5,2,1,10,1,1,0
30543,SZ,8,5,2,1,15,1,2,1
30543,SZ,8,5,2,2,2,0,0,0
30543,SZ,8,5,2,2,3,0,1,1
30543,SZ,8,5,2,2,7,1,1,0
30543,SZ,8,5,2,2,8,2,1,-1
30543,SZ,8,5,2,3,4,0,0,0
30543,SZ,8,5,2,3,7,0,1,1
30543,SZ,8,5,2,4,2,1,0,-1
30543,SZ,8,5,2,4,4,2,0,-2
30543,SZ,8,5,2,4,5,0,3,3
30543,SZ,8,5,2,4,6,1,3,2
30543,SZ,8,5,2,4,7,2,3,1
30543,SZ,8,5,2,4,8,3,3,0
30543,SZ,8,5,2,4,9,3,4,1
30543,SZ,8,5,2,4,10,4,4,0
30543,SZ,8,5,2,4,11,5,4,-1
30543,SZ,8,5,2,4,14,6,4,-2
30543,SZ,8,5,2,4,15,7,4,-3
30543,SZ,8,5,2,5,2,0,0,0
30543,SZ,8,5,2,5,3,1,0,-1
30543,SZ,8,5,2,5,4,0,2,2
30543,SZ,8,5,2,5,10,2,1,-1
30543,SZ,8,5,2,5,12,3,1,-2
30543,SZ,9,6,2,1,3,0,0,0
30543,SZ,9,6,2,1,4,0,1,1
30543,SZ,9,6,2,1,6,1,1,0
30543,SZ,9,6,2,1,7,2,1,-1
30543,SZ,9,6,2,1,8,1,3,2
30543,SZ,9,6,2,1,9,2,3,1
30543,SZ,9,6,2,1,11,3,3,0
30543,SZ,9,6,2,1,12,3,4,1
30543,SZ,9,6,2,1,13,4,4,0
30543,SZ,9,6,2,1,14,4,5,1
30543,SZ,9,6,2,2,2,0,1,1
30543,SZ,9,6,2,2,3,1,1,0
30543,SZ,9,6,2,2,4,1,2,1
30543,SZ,9,6,2,2,6,2,2,0
30543,SZ,9,6,2,2,10,2,3,1
30543,SZ,9,6,2,2,12,3,3,0
30543,SZ,9,6,2,3,4,0,0,0
30543,SZ,9,6,2,3,6,0,1,1
30543,SZ,9,6,2,3,7,1,1,0
30543,SZ,9,6,2,3,8,1,2,1
30543,SZ,9,6,2,3,9,2,2,0
30543,SZ,9,6,2,3,11,3,2,-1
30543,SZ,9,6,2,3,12,4,2,-2
30543,SZ,9,6,2,3,13,2,5,3
30543,SZ,9,6,2,3,14,3,5,2
30543,SZ,9,6,2,4,3,0,1,1
30543,SZ,9,6,2,4,5,1,1,0
30543,SZ,9,6,2,4,6,2,1,-1
30543,SZ,9,6,2,4,7,1,3,2
30543,SZ,9,6,2,4,8,3,2,-1
30543,SZ,9,6,2,4,9,4,2,-2
30543,SZ,9,6,2,4,10,2,5,3
30543,SZ,9,6,2,4,11,5,3,-2
30543,SZ,9,6,2,5,3,0,0,0
30543,SZ,9,6,2,5,4,0,1,1
30543,SZ,9,6,2,5,5,1,1,0
30543,SZ,9,6,2,5,7,2,1,-1
30543,SZ,9,6,2,5,8,1,3,2
30543,SZ,9,6,2,5,11,2,3,1
30543,SZ,9,6,2,6,3,0,1,1
30543,SZ,9,6,2,6,6,1,1,0
30543,SZ,9,6,2,6,7,1,2,1
30543,SZ,9,6,2,6,10,2,2,0
30543,SZ,9,6,2,6,11,2,3,1
30543,SZ,9,6,2,6,12,3,3,0
30543,SZ,9,6,2,6,13,3,4,1
30543,SZ,9,6,2,6,14,4,4,0
30543,SZ,10,3,2,1,2,0,1,1
30543,SZ,10,3,2,1,3,1,1,0
30543,SZ,10,3,2,1,4,2,1,-1
30543,SZ,10,3,2,2,4,0,1,1
30543,SZ,10,3,2,2,6,1,1,0
30543,SZ,10,3,2,2,8,1,2,1
30543,SZ,10,3,2,2,10,2,2,0
30543,SZ,10,3,2,2,12,3,2,-1
30543,SZ,10,3,2,2,14,4,2,-2
30543,SZ,10,3,2,3,2,0,1,1
30543,SZ,10,3,2,3,4,1,1,0
30543,SZ,10,3,2,3,5,2,1,-1
30543,SZ,10,3,2,3,8,3,1,-2
30543,SZ,11,5,3,1,3,1,0,-1
30543,SZ,11,5,3,1,4,2,0,-2
30543,SZ,11,5,3,1,5,3,0,-3
30543,SZ,11,5,3,1,7,4,0,-4
30543,SZ,11,5,3,1,9,0,5,5
30543,SZ,11,5,3,1,10,5,1,-4
30543,SZ,11,5,3,1,11,6,1,-5
30543,SZ,11,5,3,1,12,7,1,-6
30543,SZ,11,5,3,1,13,8,1,-7
30543,SZ,11,5,3,1,14,1,9,8
30543,SZ,11,5,3,1,15,2,9,7
30543,SZ,11,5,3,2,2,0,0,0
30543,SZ,11,5,3,2,3,0,1,1
30543,SZ,11,5,3,2,4,1,1,0
30543,SZ,11,5,3,2,8,1,2,1
30543,SZ,11,5,3,2,10,2,2,0
30543,SZ,11,5,3,4,2,1,0,-1
30543,SZ,11,5,3,4,3,0,2,2
30543,SZ,11,5,3,4,5,2,1,-1
30543,SZ,11,5,3,4,6,1,3,2
30543,SZ,11,5,3,4,8,2,3,1
30543,SZ,11,5,3,5,2,1,0,-1
30543,SZ,11,5,3,5,3,0,2,2
30543,SZ,11,5,3,5,4,2,1,-1
30543,SZ,11,5,3,5,8,3,1,-2
30543,SZ,12,2,4,2,7,0,1,1
30543,SZ,13,4,2,2,2,0,1,1
30543,SZ,13,4,2,2,3,1,1,0
30543,SZ,13,4,2,2,4,2,1,-1
30543,SZ,13,4,2,2,5,3,1,-2
30543,SZ,13,4,2,4,13,0,1,1
31274,SZ,1,2,1,2,2,0,1,1
31274,SZ,2,3,1,1,2,0,1,1
31274,SZ,2,3,1,1,3,1,1,0
31274,SZ,2,3,1,1,5,1,2,1
31274,SZ,2,3,1,1,6,2,2,0
31274,SZ,2,3,1,1,7,3,2,-1
31274,SZ,2,3,1,1,8,2,4,2
31274,SZ,2,3,1,1,9,3,4,1
31274,SZ,2,3,1,2,2,0,0,0
31274,SZ,2,3,1,2,3,1,0,-1
31274,SZ,2,3,1,2,6,2,0,-2
31274,SZ,2,3,1,3,3,1,0,-1
31274,SZ,3,2,2,2,2,0,1,1
31274,SZ,3,2,2,2,9,1,1,0
31274,SZ,4,6,1,2,3,0,1,1
31274,SZ,4,6,1,2,4,1,1,0
31274,SZ,4,6,1,2,5,2,1,-1
31274,SZ,4,6,1,2,6,3,1,-2
31274,SZ,4,6,1,2,7,4,1,-3
31274,SZ,4,6,1,2,8,5,1,-4
31274,SZ,4,6,1,2,9,1,6,5
31274,SZ,4,6,1,2,11,6,2,-4
31274,SZ,4,6,1,3,2,1,0,-1
31274,SZ,4,6,1,3,9,2,0,-2
31274,SZ,4,6,1,5,3,0,0,0
31274,SZ,4,6,1,5,8,1,0,-1
31274,SZ,4,6,1,6,2,0,1,1
31274,SZ,4,6,1,6,3,1,1,0
31274,SZ,4,6,1,6,6,1,2,1
31274,SZ,6,5,1,1,2,0,1,1
31274,SZ,6,5,1,1,3,1,1,0
31274,SZ,6,5,1,1,4,2,1,-1
31274,SZ,6,5,1,1,5,3,1,-2
31274,SZ,6,5,1,1,6,4,1,-3
31274,SZ,6,5,1,1,7,1,5,4
31274,SZ,6,5,1,1,8,5,2,-3
31274,SZ,6,5,1,1,9,2,6,4
31274,SZ,6,5,1,1,10,3,6,3
31274,SZ,6,5,1,2,4,0,1,1
31274,SZ,6,5,1,2,13,1,1,0
31274,SZ,6,5,1,3,2,1,0,-1
31274,SZ,6,5,1,3,3,2,0,-2
31274,SZ,6,5,1,3,4,3,0,-3
31274,SZ,6,5,1,3,5,4,0,-4
31274,SZ,6,5,1,3,6,0,5,5
31274,SZ,6,5,1,3,8,5,1,-4
31274,SZ,6,5,1,3,10,6,1,-5
31274,SZ,6,5,1,3,11,7,1,-6
31274,SZ,6,5,1,3,12,8,1,-7
31274,SZ,6,5,1,3,14,9,1,-8
31274,SZ,6,5,1,4,2,1,0,-1
31274,SZ,6,5,1,4,4,2,0,-2
31274,SZ,6,5,1,4,5,3,0,-3
31274,SZ,6,5,1,4,6,4,0,-4
31274,SZ,6,5,1,4,8,5,0,-5
31274,SZ,6,5,1,4,10,6,0,-6
31274,SZ,6,5,1,4,12,7,0,-7
31274,SZ,6,5,1,4,13,8,0,-8
31274,SZ,6,5,1,4,14,9,0,-9
31274,SZ,6,5,1,5,3,0,1,1
31274,SZ,6,5,1,5,5,1,1,0
31274,SZ,6,5,1,5,6,2,1,-1
31274,SZ,6,5,1,5,7,1,3,2
31274,SZ,6,5,1,5,8,3,2,-1
31274,SZ,6,5,1,5,9,2,4,2
31274,SZ,6,5,1,5,10,4,3,-1
31274,SZ,6,5,1,5,12,3,5,2
31274,SZ,6,5,1,5,13,4,5,1
31274,SZ,6,5,1,5,14,5,5,0
31274,SZ,6,5,1,5,15,5,6,1
31274,SZ,7,4,1,1,3,0,0,0
31274,SZ,7,4,1,1,5,1,0,-1
31274,SZ,7,4,1,1,9,2,0,-2
31274,SZ,7,4,1,1,11,0,3,3
31274,SZ,7,4,1,1,12,3,1,-2
31274,SZ,7,4,1,1,15,1,4,3
31274,SZ,7,4,1,2,2,0,1,1
31274,SZ,7,4,1,2,3,1,1,0
31274,SZ,7,4,1,2,4,1,2,1
31274,SZ,7,4,1,2,10,2,2,0
31274,SZ,7,4,1,2,11,3,2,-1
31274,SZ,7,4,1,3,6,0,0,0
31274,SZ,7,4,1,3,9,1,0,-1
31274,SZ,7,4,1,3,10,2,0,-2
31274,SZ,7,4,1,3,13,3,0,-3
31274,SZ,7,4,1,3,15,4,0,-4
31274,SZ,7,4,1,4,2,0,0,0
31274,SZ,7,4,1,4,6,1,0,-1
31274,SZ,7,4,1,4,14,2,0,-2
31274,SZ,8,6,2,1,3,0,0,0
31274,SZ,8,6,2,1,9,0,1,1
31274,SZ,8,6,2,2,2,0,1,1
31274,SZ,8,6,2,2,3,1,1,0
31274,SZ,8,6,2,2,4,2,1,-1
31274,SZ,8,6,2,2,5,3,1,-2
31274,SZ,8,6,2,2,6,1,4,3
31274,SZ,8,6,2,2,7,4,2,-2
31274,SZ,8,6,2,2,9,2,5,3
31274,SZ,8,6,2,3,4,0,0,0
31274,SZ,8,6,2,3,6,0,1,1
31274,SZ,8,6,2,5,3,1,0,-1
31274,SZ,8,6,2,6,3,0,0,0
31274,SZ,9,5,2,1,2,0,1,1
31274,SZ,9,5,2,1,3,1,1,0
31274,SZ,9,5,2,1,4,2,1,-1
31274,SZ,9,5,2,1,5,1,3,2
31274,SZ,9,5,2,2,2,0,1,1
31274,SZ,9,5,2,2,3,1,1,0
31274,SZ,9,5,2,3,2,0,1,1
31274,SZ,9,5,2,3,3,1,1,0
31274,SZ,9,5,2,3,4,2,1,-1
31274,SZ,9,5,2,3,5,1,3,2
31274,SZ,9,5,2,4,2,0,0,0
31274,SZ,10,2,4,1,5,0,0,0
31274,SZ,11,3,2,3,9,0,0,0
31274,SZ,12,5,3,1,2,0,1,1
31274,SZ,12,5,3,1,3,1,1,0
31274,SZ,12,5,3,1,4,2,1,-1
31274,SZ,12,5,3,1,5,3,1,-2
31274,SZ,12,5,3,1,6,4,1,-3
31274,SZ,12,5,3,1,7,5,1,-4
31274,SZ,12,5,3,1,8,1,6,5
31274,SZ,12,5,3,1,9,6,2,-4
31274,SZ,12,5,3,1,10,7,2,-5
31274,SZ,12,5,3,1,13,8,2,-6
31274,SZ,12,5,3,2,2,0,1,1
31274,SZ,12,5,3,2,6,1,1,0
31274,SZ,12,5,3,2,10,1,2,1
31274,SZ,12,5,3,2,11,2,2,0
31274,SZ,12,5,3,2,12,2,3,1
31274,SZ,12,5,3,2,15,3,3,0
31274,SZ,12,5,3,3,2,0,1,1
31274,SZ,12,5,3,3,5,1,1,0
31274,SZ,12,5,3,3,7,2,1,-1
31274,SZ,12,5,3,3,9,1,3,2
31274,SZ,12,5,3,3,10,3,2,-1
31274,SZ,12,5,3,3,15,2,4,2
31274,SZ,12,5,3,4,2,0,1,1
31274,SZ,12,5,3,4,7,1,1,0
31274,SZ,12,5,3,4,11,1,2,1
31274,SZ,12,5,3,5,12,0,0,0
31274,SZ,13,4,2,1,2,1,0,-1
31274,SZ,13,4,2,1,3,0,2,2
31274,SZ,13,4,2,1,5,1,2,1
31274,SZ,13,4,2,1,6,2,2,0
31274,SZ,13,4,2,2,3,0,1,1
31274,SZ,13,4,2,2,4,1,1,0
31274,SZ,13,4,2,4,2,0,0,0
31274,SZ,13,4,2,4,3,0,1,1
31274,SZ,13,4,2,4,4,1,1,0
31274,SZ,13,4,2,4,7,2,1,-1
31307,SZ,1,2,1,1,7,0,0,0
31307,SZ,1,2,1,2,7,1,0,-1
31307,SZ,2,2,2,1,2,0,1,1
31307,SZ,3,3,1,1,2,1,0,-1
31307,SZ,3,3,1,1,3,0,2,2
31307,SZ,3,3,1,1,4,1,2,1
31307,SZ,3,3,1,1,6,2,2,0
31307,SZ,3,3,1,2,2,0,1,1
31307,SZ,3,3,1,2,3,1,1,0
31307,SZ,3,3,1,2,4,1,2,1
31307,SZ,3,3,1,3,2,0,0,0
31307,SZ,4,6,1,1,2,0,1,1
31307,SZ,4,6,1,2,3,0,0,0
31307,SZ,4,6,1,2,4,1,0,-1
31307,SZ,4,6,1,2,5,2,0,-2
31307,SZ,4,6,1,2,6,0,3,3
31307,SZ,4,6,1,2,7,1,3,2
31307,SZ,4,6,1,2,8,2,3,1
31307,SZ,4,6,1,2,9,3,3,0
31307,SZ,4,6,1,2,10,4,3,-1
31307,SZ,4,6,1,2,11,3,5,2
31307,SZ,4,6,1,2,12,5,4,-1
31307,SZ,4,6,1,2,13,4,6,2
31307,SZ,4,6,1,2,14,6,5,-1
31307,SZ,4,6,1,3,3,1,0,-1
31307,SZ,4,6,1,3,4,0,2,2
31307,SZ,4,6,1,3,7,1,2,1
31307,SZ,4,6,1,3,8,2,2,0
31307,SZ,4,6,1,4,2,1,0,-1
31307,SZ,4,6,1,4,11,2,0,-2
31307,SZ,4,6,1,4,12,3,0,-3
31307,SZ,4,6,1,4,15,4,0,-4
31307,SZ,4,6,1,5,2,0,0,0
31307,SZ,4,6,1,5,3,1,0,-1
31307,SZ,4,6,1,5,4,2,0,-2
31307,SZ,4,6,1,6,2,0,0,0
31307,SZ,4,6,1,6,6,1,0,-1
31307,SZ,4,6,1,6,7,2,0,-2
31307,SZ,4,6,1,6,8,3,0,-3
31307,SZ,4,6,1,6,9,0,4,4
31307,SZ,4,6,1,6,10,4,1,-3
31307,SZ,4,6,1,6,12,5,1,-4
31307,SZ,5,4,1,2,2,0,1,1
31307,SZ,5,4,1,2,3,1,1,0
31307,SZ,5,4,1,2,6,2,1,-1
31307,SZ,5,4,1,2,7,1,3,2
31307,SZ,5,4,1,3,2,1,0,-1
31307,SZ,5,4,1,4,3,1,0,-1
31307,SZ,6,5,1,1,8,1,0,-1
31307,SZ,6,5,1,1,10,2,0,-2
31307,SZ,6,5,1,2,2,0,1,1
31307,SZ,6,5,1,2,4,1,1,0
31307,SZ,6,5,1,2,5,2,1,-1
31307,SZ,6,5,1,2,7,3,1,-2
31307,SZ,6,5,1,3,2,0,1,1
31307,SZ,6,5,1,3,4,1,1,0
31307,SZ,6,5,1,4,2,0,0,0
31307,SZ,6,5,1,4,7,1,0,-1
31307,SZ,6,5,1,5,4,1,0,-1
31307,SZ,6,5,1,5,5,2,0,-2
31307,SZ,7,2,3,2,6,0,1,1
31307,SZ,7,2,3,2,15,1,1,0
31307,SZ,8,6,2,1,2,1,0,-1
31307,SZ,8,6,2,1,3,2,0,-2
31307,SZ,8,6,2,1,4,3,0,-3
31307,SZ,8,6,2,1,5,0,4,4
31307,SZ,8,6,2,1,6,4,1,-3
31307,SZ,8,6,2,1,7,5,1,-4
31307,SZ,8,6,2,1,8,6,1,-5
31307,SZ,8,6,2,1,9,1,7,6
31307,SZ,8,6,2,1,10,7,2,-5
31307,SZ,8,6,2,1,11,2,8,6
31307,SZ,8,6,2,1,12,8,3,-5
31307,SZ,8,6,2,1,13,3,9,6
31307,SZ,8,6,2,2,2,0,1,1
31307,SZ,8,6,2,2,4,1,1,0
31307,SZ,8,6,2,3,2,1,0,-1
31307,SZ,8,6,2,3,3,0,2,2
31307,SZ,8,6,2,3,4,1,2,1
31307,SZ,8,6,2,3,5,2,2,0
31307,SZ,8,6,2,3,6,3,2,-1
31307,SZ,8,6,2,3,7,2,4,2
31307,SZ,8,6,2,5,2,1,0,-1
31307,SZ,8,6,2,6,3,1,0,-1
31307,SZ,8,6,2,6,5,2,0,-2
31307,SZ,8,6,2,6,9,0,3,3
31307,SZ,8,6,2,6,12,1,3,2
31307,SZ,8,6,2,6,13,2,3,1
31307,SZ,9,5,2,1,2,1,0,-1
31307,SZ,9,5,2,1,3,2,0,-2
31307,SZ,9,5,2,2,2,0,1,1
31307,SZ,9,5,2,2,3,1,1,0
31307,SZ,9,5,2,2,4,1,2,1
31307,SZ,9,5,2,2,5,2,2,0
31307,SZ,9,5,2,2,6,2,3,1
31307,SZ,9,5,2,2,8,3,3,0
31307,SZ,9,5,2,4,2,0,1,1
31307,SZ,9,5,2,4,5,1,1,0
31307,SZ,9,5,2,4,15,2,1,-1
31307,SZ,9,5,2,5,2,0,1,1
31307,SZ,9,5,2,5,3,1,1,0
31307,SZ,10,2,4,1,2,0,1,1
31307,SZ,10,2,4,1,3,1,1,0
31307,SZ,11,3,2,1,4,0,1,1
31307,SZ,11,3,2,2,14,0,1,1
31307,SZ,12,4,2,1,14,0,1,1
31307,SZ,12,4,2,2,3,0,1,1
31307,SZ,12,4,2,2,4,1,1,0
31307,SZ,12,4,2,2,5,1,2,1
31307,SZ,12,4,2,4,2,1,0,-1
31307,SZ,12,4,2,4,3,2,0,-2
31307,SZ,12,4,2,4,4,0,3,3
31307,SZ,13,5,3,1,4,1,0,-1
31307,SZ,13,5,3,1,5,0,2,2
31307,SZ,13,5,3,1,9,1,2,1
31307,SZ,13,5,3,2,3,1,0,-1
31307,SZ,13,5,3,2,4,2,0,-2
31307,SZ,13,5,3,2,5,0,3,3
31307,SZ,13,5,3,2,9,3,1,-2
31307,SZ,13,5,3,2,10,4,1,-3
31678,SZ,1,3,1,1,2,0,1,1
31678,SZ,1,3,1,1,3,1,1,0
31678,SZ,1,3,1,1,4,1,2,1
31678,SZ,1,3,1,1,5,2,2,0
31678,SZ,1,3,1,1,11,2,3,1
31678,SZ,1,3,1,1,13,3,3,0
31678,SZ,1,3,1,1,15,4,3,-1
31678,SZ,1,3,1,2,2,1,0,-1
31678,SZ,1,3,1,2,4,0,2,2
31678,SZ,1,3,1,2,7,2,1,-1
31678,SZ,1,3,1,2,11,3,1,-2
31678,SZ,1,3,1,2,13,1,4,3
31678,SZ,1,3,1,2,14,4,2,-2
31678,SZ,1,3,1,3,2,1,0,-1
31678,SZ,1,3,1,3,3,2,0,-2
31678,SZ,1,3,1,3,4,0,3,3
31678,SZ,1,3,1,3,5,3,1,-2
31678,SZ,1,3,1,3,6,1,4,3
31678,SZ,1,3,1,3,8,2,4,2
31678,SZ,1,3,1,3,9,4,3,-1
31678,SZ,1,3,1,3,10,5,3,-2
31678,SZ,1,3,1,3,11,3,6,3
31678,SZ,1,3,1,3,12,6,4,-2
31678,SZ,1,3,1,3,15,7,4,-3
31678,SZ,2,2,1,1,3,1,0,-1
31678,SZ,2,2,1,1,6,2,0,-2
31678,SZ,2,2,1,1,7,3,0,-3
31678,SZ,2,2,1,1,8,0,4,4
31678,SZ,2,2,1,1,9,4,1,-3
31678,SZ,2,2,1,1,10,5,1,-4
31678,SZ,2,2,1,1,11,1,6,5
31678,SZ,2,2,1,1,12,6,2,-4
31678,SZ,2,2,1,1,14,7,2,-5
31678,SZ,2,2,1,1,15,8,2,-6
31678,SZ,2,2,1,2,2,0,0,0
31678,SZ,2,2,1,2,5,1,0,-1
31678,SZ,2,2,1,2,7,2,0,-2
31678,SZ,2,2,1,2,8,0,3,3
31678,SZ,2,2,1,2,11,3,1,-2
31678,SZ,2,2,1,2,13,1,4,3
31678,SZ,2,2,1,2,15,4,2,-2
31678,SZ,3,5,1,1,3,0,1,1
31678,SZ,3,5,1,1,4,1,1,0
31678,SZ,3,5,1,1,5,2,1,-1
31678,SZ,3,5,1,1,6,1,3,2
31678,SZ,3,5,1,1,7,2,3,1
31678,SZ,3,5,1,1,10,3,3,0
31678,SZ,3,5,1,1,12,4,3,-1
31678,SZ,3,5,1,1,13,3,5,2
31678,SZ,3,5,1,2,2,0,0,0
31678,SZ,3,5,1,2,3,0,1,1
31678,SZ,3,5,1,2,4,1,1,0
31678,SZ,3,5,1,2,5,2,1,-1
31678,SZ,3,5,1,2,6,1,3,2
31678,SZ,3,5,1,2,7,3,2,-1
31678,SZ,3,5,1,2,8,2,4,2
31678,SZ,3,5,1,2,11,3,4,1
31678,SZ,3,5,1,2,12,4,4,0
31678,SZ,3,5,1,2,13,5,4,-1
31678,SZ,3,5,1,2,14,6,4,-2
31678,SZ,3,5,1,2,15,7,4,-3
31678,SZ,3,5,1,3,2,0,1,1
31678,SZ,3,5,1,3,3,1,1,0
31678,SZ,3,5,1,3,4,2,1,-1
31678,SZ,3,5,1,3,5,3,1,-2
31678,SZ,3,5,1,3,7,1,4,3
31678,SZ,3,5,1,3,8,2,4,2
31678,SZ,3,5,1,3,10,4,3,-1
31678,SZ,3,5,1,3,12,5,3,-2
31678,SZ,3,5,1,3,13,6,3,-3
31678,SZ,3,5,1,3,14,7,3,-4
31678,SZ,3,5,1,3,15,3,8,5
31678,SZ,3,5,1,4,3,1,0,-1
31678,SZ,3,5,1,4,4,0,2,2
31678,SZ,3,5,1,4,5,2,1,-1
31678,SZ,3,5,1,4,7,3,1,-2
31678,SZ,3,5,1,4,10,1,4,3
31678,SZ,3,5,1,4,12,2,4,2
31678,SZ,3,5,1,4,13,4,3,-1
31678,SZ,3,5,1,4,14,5,3,-2
31678,SZ,3,5,1,5,2,0,1,1
31678,SZ,3,5,1,5,3,1,1,0
31678,SZ,3,5,1,5,6,2,1,-1
31678,SZ,3,5,1,5,7,1,3,2
31678,SZ,3,5,1,5,10,3,2,-1
31678,SZ,3,5,1,5,11,4,2,-2
31678,SZ,3,5,1,5,13,5,2,-3
31678,SZ,3,5,1,5,14,6,2,-4
31678,SZ,3,5,1,5,15,7,2,-5
31678,SZ,4,4,1,1,2,0,1,1
31678,SZ,4,4,1,1,3,1,1,0
31678,SZ,4,4,1,1,4,1,2,1
31678,SZ,4,4,1,1,5,2,2,0
31678,SZ,4,4,1,1,10,3,2,-1
31678,SZ,4,4,1,1,12,4,2,-2
31678,SZ,4,4,1,1,15,5,2,-3
31678,SZ,4,4,1,2,2,0,0,0
31678,SZ,4,4,1,2,3,1,0,-1
31678,SZ,4,4,1,2,7,2,0,-2
31678,SZ,4,4,1,2,8,3,0,-3
31678,SZ,4,4,1,2,9,4,0,-4
31678,SZ,4,4,1,2,12,5,0,-5
31678,SZ,4,4,1,2,13,6,0,-6
31678,SZ,4,4,1,2,14,7,0,-7
31678,SZ,4,4,1,2,15,8,0,-8
31678,SZ,4,4,1,3,3,0,1,1
31678,SZ,4,4,1,3,4,1,1,0
31678,SZ,4,4,1,3,5,2,1,-1
31678,SZ,4,4,1,3,6,1,3,2
31678,SZ,4,4,1,3,7,3,2,-1
31678,SZ,4,4,1,3,8,4,2,-2
31678,SZ,4,4,1,3,10,2,5,3
31678,SZ,4,4,1,3,13,5,3,-2
31678,SZ,4,4,1,3,14,6,3,-3
31678,SZ,4,4,1,4,2,0,0,0
31678,SZ,4,4,1,4,3,1,0,-1
31678,SZ,4,4,1,4,4,2,0,-2
31678,SZ,4,4,1,4,5,3,0,-3
31678,SZ,4,4,1,4,11,4,0,-4
31678,SZ,4,4,1,4,12,5,0,-5
31678,SZ,4,4,1,4,15,6,0,-6
31678,SZ,5,2,2,1,7,0,1,1
31678,SZ,5,2,2,1,8,1,1,0
31678,SZ,5,2,2,1,9,2,1,-1
31678,SZ,5,2,2,1,11,3,1,-2
31678,SZ,5,2,2,2,5,0,1,1
31678,SZ,5,2,2,2,6,1,1,0
31678,SZ,5,2,2,2,7,1,2,1
31678,SZ,6,6,1,1,2,0,0,0
31678,SZ,6,6,1,1,3,1,0,-1
31678,SZ,6,6,1,1,4,0,2,2
31678,SZ,6,6,1,1,5,1,2,1
31678,SZ,6,6,1,1,6,2,2,0
31678,SZ,6,6,1,1,9,2,3,1
31678,SZ,6,6,1,1,10,3,3,0
31678,SZ,6,6,1,1,11,3,4,1
31678,SZ,6,6,1,1,12,4,4,0
31678,SZ,6,6,1,1,13,4,5,1
31678,SZ,6,6,1,2,2,0,0,0
31678,SZ,6,6,1,2,4,1,0,-1
31678,SZ,6,6,1,2,5,2,0,-2
31678,SZ,6,6,1,2,7,3,0,-3
31678,SZ,6,6,1,2,8,4,0,-4
31678,SZ,6,6,1,2,9,5,0,-5
31678,SZ,6,6,1,2,10,6,0,-6
31678,SZ,6,6,1,2,11,0,7,7
31678,SZ,6,6,1,2,12,1,7,6
31678,SZ,6,6,1,2,13,7,2,-5
31678,SZ,6,6,1,2,14,8,2,-6
31678,SZ,6,6,1,2,15,2,9,7
31678,SZ,6,6,1,3,3,0,1,1
31678,SZ,6,6,1,3,6,1,1,0
31678,SZ,6,6,1,3,7,2,1,-1
31678,SZ,6,6,1,3,9,3,1,-2
31678,SZ,6,6,1,3,11,1,4,3
31678,SZ,6,6,1,3,13,2,4,2
31678,SZ,6,6,1,3,14,4,3,-1
31678,SZ,6,6,1,3,15,3,5,2
31678,SZ,6,6,1,4,2,0,1,1
31678,SZ,6,6,1,4,5,1,1,0
31678,SZ,6,6,1,4,7,2,1,-1
31678,SZ,6,6,1,4,9,3,1,-2
31678,SZ,6,6,1,4,10,4,1,-3
31678,SZ,6,6,1,4,12,5,1,-4
31678,SZ,6,6,1,4,14,1,6,5
31678,SZ,6,6,1,5,2,0,1,1
31678,SZ,6,6,1,5,3,1,1,0
31678,SZ,6,6,1,5,4,1,2,1
31678,SZ,6,6,1,5,5,2,2,0
31678,SZ,6,6,1,5,7,3,2,-1
31678,SZ,6,6,1,5,8,2,4,2
31678,SZ,6,6,1,5,9,3,4,1
31678,SZ,6,6,1,5,10,4,4,0
31678,SZ,6,6,1,5,11,5,4,-1
31678,SZ,6,6,1,5,13,4,6,2
31678,SZ,6,6,1,5,14,6,5,-1
31678,SZ,6,6,1,5,15,5,7,2
31678,SZ,6,6,1,6,2,0,1,1
31678,SZ,6,6,1,6,3,1,1,0
31678,SZ,6,6,1,6,4,2,1,-1
31678,SZ,6,6,1,6,5,1,3,2
31678,SZ,6,6,1,6,8,3,2,-1
31678,SZ,6,6,1,6,9,4,2,-2
31678,SZ,6,6,1,6,10,5,2,-3
31678,SZ,6,6,1,6,11,2,6,4
31678,SZ,6,6,1,6,12,6,3,-3
31678,SZ,6,6,1,6,13,7,3,-4
31678,SZ,6,6,1,6,14,3,8,5
31678,SZ,6,6,1,6,15,4,8,4
31678,SZ,7,2,3,1,10,0,1,1
31678,SZ,7,2,3,2,8,0,0,0
31678,SZ,7,2,3,2,13,1,0,-1
31678,SZ,8,5,2,1,2,0,1,1
31678,SZ,8,5,2,1,3,1,1,0
31678,SZ,8,5,2,1,6,2,1,-1
31678,SZ,8,5,2,1,7,3,1,-2
31678,SZ,8,5,2,1,8,1,4,3
31678,SZ,8,5,2,1,9,4,2,-2
31678,SZ,8,5,2,1,10,2,5,3
31678,SZ,8,5,2,1,13,3,5,2
31678,SZ,8,5,2,1,15,5,4,-1
31678,SZ,8,5,2,2,2,0,1,1
31678,SZ,8,5,2,2,6,1,1,0
31678,SZ,8,5,2,2,8,1,2,1
31678,SZ,8,5,2,2,9,2,2,0
31678,SZ,8,5,2,2,10,3,2,-1
31678,SZ,8,5,2,2,11,4,2,-2
31678,SZ,8,5,2,2,12,5,2,-3
31678,SZ,8,5,2,2,13,6,2,-4
31678,SZ,8,5,2,2,14,7,2,-5
31678,SZ,8,5,2,2,15,8,2,-6
31678,SZ,8,5,2,3,2,1,0,-1
31678,SZ,8,5,2,3,3,2,0,-2
31678,SZ,8,5,2,3,5,0,3,3
31678,SZ,8,5,2,3,8,3,1,-2
31678,SZ,8,5,2,3,9,1,4,3
31678,SZ,8,5,2,3,10,2,4,2
31678,SZ,8,5,2,3,11,4,3,-1
31678,SZ,8,5,2,3,13,3,5,2
31678,SZ,8,5,2,3,15,4,5,1
31678,SZ,8,5,2,4,3,1,0,-1
31678,SZ,8,5,2,4,4,0,2,2
31678,SZ,8,5,2,4,5,2,1,-1
31678,SZ,8,5,2,4,6,3,1,-2
31678,SZ,8,5,2,4,7,4,1,-3
31678,SZ,8,5,2,4,9,5,1,-4
31678,SZ,8,5,2,4,11,1,6,5
31678,SZ,8,5,2,4,12,6,2,-4
31678,SZ,8,5,2,4,14,2,7,5
31678,SZ,8,5,2,5,2,0,0,0
31678,SZ,8,5,2,5,4,1,0,-1
31678,SZ,8,5,2,5,5,0,2,2
31678,SZ,8,5,2,5,7,2,1,-1
31678,SZ,8,5,2,5,8,1,3,2
31678,SZ,8,5,2,5,9,2,3,1
31678,SZ,8,5,2,5,11,3,3,0
31678,SZ,8,5,2,5,14,4,3,-1
31678,SZ,8,5,2,5,15,5,3,-2
31678,SZ,9,6,2,1,2,1,0,-1
31678,SZ,9,6,2,1,3,0,2,2
31678,SZ,9,6,2,1,4,1,2,1
31678,SZ,9,6,2,1,6,2,2,0
31678,SZ,9,6,2,1,7,3,2,-1
31678,SZ,9,6,2,1,8,4,2,-2
31678,SZ,9,6,2,1,9,2,5,3
31678,SZ,9,6,2,1,10,5,3,-2
31678,SZ,9,6,2,1,12,3,6,3
31678,SZ,9,6,2,1,13,6,4,-2
31678,SZ,9,6,2,1,14,4,7,3
31678,SZ,9,6,2,1,15,7,5,-2
31678,SZ,9,6,2,2,3,0,0,0
31678,SZ,9,6,2,2,4,0,1,1
31678,SZ,9,6,2,2,6,1,1,0
31678,SZ,9,6,2,2,8,2,1,-1
31678,SZ,9,6,2,2,9,3,1,-2
31678,SZ,9,6,2,2,13,1,4,3
31678,SZ,9,6,2,2,14,4,2,-2
31678,SZ,9,6,2,2,15,2,5,3
31678,SZ,9,6,2,3,2,0,0,0
31678,SZ,9,6,2,3,3,0,1,1
31678,SZ,9,6,2,3,4,1,1,0
31678,SZ,9,6,2,3,6,2,1,-1
31678,SZ,9,6,2,3,8,3,1,-2
31678,SZ,9,6,2,3,9,4,1,-3
31678,SZ,9,6,2,3,10,1,5,4
31678,SZ,9,6,2,3,11,2,5,3
31678,SZ,9,6,2,3,12,3,5,2
31678,SZ,9,6,2,3,14,4,5,1
31678,SZ,9,6,2,3,15,5,5,0
31678,SZ,9,6,2,4,5,1,0,-1
31678,SZ,9,6,2,4,7,2,0,-2
31678,SZ,9,6,2,4,9,3,0,-3
31678,SZ,9,6,2,4,10,0,4,4
31678,SZ,9,6,2,4,12,4,1,-3
31678,SZ,9,6,2,4,14,5,1,-4
31678,SZ,9,6,2,4,15,1,6,5
31678,SZ,9,6,2,5,2,0,0,0
31678,SZ,9,6,2,5,3,0,1,1
31678,SZ,9,6,2,5,4,1,1,0
31678,SZ,9,6,2,5,6,2,1,-1
31678,SZ,9,6,2,5,7,3,1,-2
31678,SZ,9,6,2,5,8,1,4,3
31678,SZ,9,6,2,5,9,4,2,-2
31678,SZ,9,6,2,5,11,5,2,-3
31678,SZ,9,6,2,5,13,2,6,4
31678,SZ,9,6,2,5,14,6,3,-3
31678,SZ,9,6,2,5,15,7,3,-4
31678,SZ,9,6,2,6,3,0,1,1
31678,SZ,9,6,2,6,4,1,1,0
31678,SZ,9,6,2,6,5,1,2,1
31678,SZ,9,6,2,6,8,2,2,0
31678,SZ,9,6,2,6,10,2,3,1
31678,SZ,9,6,2,6,11,3,3,0
31678,SZ,9,6,2,6,12,4,3,-1
31678,SZ,9,6,2,6,13,3,5,2
31678,SZ,9,6,2,6,14,5,4,-1
31678,SZ,9,6,2,6,15,6,4,-2
31678,SZ,10,3,2,1,4,0,1,1
31678,SZ,10,3,2,1,5,1,1,0
31678,SZ,10,3,2,1,7,1,2,1
31678,SZ,10,3,2,1,8,2,2,0
31678,SZ,10,3,2,1,11,3,2,-1
31678,SZ,10,3,2,2,3,1,0,-1
31678,SZ,10,3,2,2,4,2,0,-2
31678,SZ,10,3,2,2,7,3,0,-3
31678,SZ,10,3,2,2,8,4,0,-4
31678,SZ,10,3,2,2,9,5,0,-5
31678,SZ,10,3,2,2,10,0,6,6
31678,SZ,10,3,2,2,11,6,1,-5
31678,SZ,10,3,2,2,14,7,1,-6
31678,SZ,10,3,2,2,15,8,1,-7
31678,SZ,10,3,2,3,2,1,0,-1
31678,SZ,10,3,2,3,4,0,2,2
31678,SZ,10,3,2,3,5,2,1,-1
31678,SZ,10,3,2,3,7,3,1,-2
31678,SZ,10,3,2,3,8,1,4,3
31678,SZ,10,3,2,3,10,4,2,-2
31678,SZ,10,3,2,3,14,2,5,3
31678,SZ,11,2,4,1,2,0,1,1
31678,SZ,11,2,4,1,3,1,1,0
31678,SZ,11,2,4,1,4,2,1,-1
31678,SZ,11,2,4,1,5,1,3,2
31678,SZ,11,2,4,1,6,2,3,1
31678,SZ,11,2,4,1,8,3,3,0
31678,SZ,11,2,4,1,9,4,3,-1
31678,SZ,11,2,4,1,10,3,5,2
31678,SZ,11,2,4,1,11,5,4,-1
31678,SZ,11,2,4,1,14,4,6,2
31678,SZ,11,2,4,1,15,5,6,1
31678,SZ,11,2,4,2,2,0,0,0
31678,SZ,11,2,4,2,3,1,0,-1
31678,SZ,11,2,4,2,5,0,2,2
31678,SZ,11,2,4,2,6,1,2,1
31678,SZ,11,2,4,2,7,2,2,0
31678,SZ,11,2,4,2,10,3,2,-1
31678,SZ,11,2,4,2,13,4,2,-2
31678,SZ,11,2,4,2,14,2,5,3
31678,SZ,11,2,4,2,15,5,3,-2
31678,SZ,12,5,3,1,2,0,0,0
31678,SZ,12,5,3,1,3,0,1,1
31678,SZ,12,5,3,1,4,1,1,0
31678,SZ,12,5,3,1,5,1,2,1
31678,SZ,12,5,3,1,6,2,2,0
31678,SZ,12,5,3,1,7,2,3,1
31678,SZ,12,5,3,1,8,3,3,0
31678,SZ,12,5,3,1,9,4,3,-1
31678,SZ,12,5,3,1,10,5,3,-2
31678,SZ,12,5,3,1,11,6,3,-3
31678,SZ,12,5,3,1,13,3,7,4
31678,SZ,12,5,3,1,15,7,4,-3
31678,SZ,12,5,3,2,2,0,1,1
31678,SZ,12,5,3,2,3,1,1,0
31678,SZ,12,5,3,2,4,2,1,-1
31678,SZ,12,5,3,2,5,1,3,2
31678,SZ,12,5,3,2,6,3,2,-1
31678,SZ,12,5,3,2,10,4,2,-2
31678,SZ,12,5,3,2,11,2,5,3
31678,SZ,12,5,3,2,12,3,5,2
31678,SZ,12,5,3,2,14,5,4,-1
31678,SZ,12,5,3,2,15,4,6,2
31678,SZ,12,5,3,3,5,0,0,0
31678,SZ,12,5,3,3,6,0,1,1
31678,SZ,12,5,3,3,8,1,1,0
31678,SZ,12,5,3,3,10,1,2,1
31678,SZ,12,5,3,3,11,2,2,0
31678,SZ,12,5,3,3,12,2,3,1
31678,SZ,12,5,3,3,13,3,3,0
31678,SZ,12,5,3,3,15,4,3,-1
31678,SZ,12,5,3,4,3,0,1,1
31678,SZ,12,5,3,4,6,1,1,0
31678,SZ,12,5,3,4,7,1,2,1
31678,SZ,12,5,3,4,8,2,2,0
31678,SZ,12,5,3,4,9,3,2,-1
31678,SZ,12,5,3,4,10,4,2,-2
31678,SZ,12,5,3,4,13,2,5,3
31678,SZ,12,5,3,4,14,5,3,-2
31678,SZ,12,5,3,5,3,1,0,-1
31678,SZ,12,5,3,5,4,0,2,2
31678,SZ,12,5,3,5,5,1,2,1
31678,SZ,12,5,3,5,6,2,2,0
31678,SZ,12,5,3,5,10,2,3,1
31678,SZ,12,5,3,5,13,3,3,0
31678,SZ,12,5,3,5,14,3,4,1
31678,SZ,12,5,3,5,15,4,4,0
31678,SZ,13,4,2,1,2,0,1,1
31678,SZ,13,4,2,1,3,1,1,0
31678,SZ,13,4,2,1,5,1,2,1
31678,SZ,13,4,2,1,6,2,2,0
31678,SZ,13,4,2,1,7,2,3,1
31678,SZ,13,4,2,1,8,3,3,0
31678,SZ,13,4,2,1,9,4,3,-1
31678,SZ,13,4,2,1,10,5,3,-2
31678,SZ,13,4,2,1,11,3,6,3
31678,SZ,13,4,2,1,12,4,6,2
31678,SZ,13,4,2,1,13,6,5,-1
31678,SZ,13,4,2,1,14,7,5,-2
31678,SZ,13,4,2,1,15,8,5,-3
31678,SZ,13,4,2,2,2,1,0,-1
31678,SZ,13,4,2,2,8,2,0,-2
31678,SZ,13,4,2,2,9,3,0,-3
31678,SZ,13,4,2,2,14,4,0,-4
31678,SZ,13,4,2,2,15,0,5,5
31678,SZ,13,4,2,3,3,1,0,-1
31678,SZ,13,4,2,3,4,0,2,2
31678,SZ,13,4,2,3,6,2,1,-1
31678,SZ,13,4,2,3,7,1,3,2
31678,SZ,13,4,2,3,8,2,3,1
31678,SZ,13,4,2,3,9,3,3,0
31678,SZ,13,4,2,3,10,3,4,1
31678,SZ,13,4,2,3,11,4,4,0
31678,SZ,13,4,2,3,13,5,4,-1
31678,SZ,13,4,2,3,15,6,4,-2
31678,SZ,13,4,2,4,4,1,0,-1
31678,SZ,13,4,2,4,5,2,0,-2
31678,SZ,13,4,2,4,6,3,0,-3
31678,SZ,13,4,2,4,9,4,0,-4
31678,SZ,13,4,2,4,14,5,0,-5
50207,SZ,1,3,1,1,4,0,1,1
50207,SZ,1,3,1,2,2,1,0,-1
50207,SZ,2,2,1,2,2,0,1,1
50207,SZ,3,6,1,1,2,0,0,0
50207,SZ,3,6,1,1,3,0,1,1
50207,SZ,3,6,1,1,5,1,1,0
50207,SZ,3,6,1,1,7,2,1,-1
50207,SZ,3,6,1,1,13,1,3,2
50207,SZ,3,6,1,2,5,0,0,0
50207,SZ,3,6,1,2,8,1,0,-1
50207,SZ,3,6,1,2,11,2,0,-2
50207,SZ,3,6,1,2,12,3,0,-3
50207,SZ,3,6,1,2,13,4,0,-4
50207,SZ,3,6,1,2,15,5,0,-5
50207,SZ,3,6,1,3,4,0,0,0
50207,SZ,3,6,1,3,6,1,0,-1
50207,SZ,3,6,1,4,3,0,0,0
50207,SZ,3,6,1,4,6,1,0,-1
50207,SZ,3,6,1,4,8,0,2,2
50207,SZ,3,6,1,4,10,2,1,-1
50207,SZ,3,6,1,4,11,1,3,2
50207,SZ,3,6,1,4,12,3,2,-1
50207,SZ,3,6,1,5,2,1,0,-1
50207,SZ,3,6,1,5,3,2,0,-2
50207,SZ,3,6,1,5,4,0,3,3
50207,SZ,3,6,1,5,5,3,1,-2
50207,SZ,3,6,1,5,6,1,4,3
50207,SZ,3,6,1,5,7,2,4,2
50207,SZ,3,6,1,5,12,4,3,-1
50207,SZ,3,6,1,5,13,5,3,-2
50207,SZ,3,6,1,5,14,6,3,-3
50207,SZ,3,6,1,5,15,7,3,-4
50207,SZ,3,6,1,6,2,0,0,0
50207,SZ,4,2,2,1,2,0,1,1
50207,SZ,4,2,2,2,8,0,0,0
50207,SZ,5,5,1,1,3,1,0,-1
50207,SZ,5,5,1,1,4,0,2,2
50207,SZ,5,5,1,1,5,2,1,-1
50207,SZ,5,5,1,1,6,1,3,2
50207,SZ,5,5,1,1,7,3,2,-1
50207,SZ,5,5,1,1,8,4,2,-2
50207,SZ,5,5,1,1,9,2,5,3
50207,SZ,5,5,1,1,10,5,3,-2
50207,SZ,5,5,1,1,11,6,3,-3
50207,SZ,5,5,1,1,12,3,7,4
50207,SZ,5,5,1,1,15,4,7,3
50207,SZ,5,5,1,2,5,1,0,-1
50207,SZ,5,5,1,3,2,0,0,0
50207,SZ,5,5,1,3,5,1,0,-1
50207,SZ,5,5,1,3,6,2,0,-2
50207,SZ,5,5,1,3,7,3,0,-3
50207,SZ,5,5,1,3,8,4,0,-4
50207,SZ,5,5,1,3,9,5,0,-5
50207,SZ,5,5,1,3,10,6,0,-6
50207,SZ,5,5,1,3,11,7,0,-7
50207,SZ,5,5,1,3,12,8,0,-8
50207,SZ,5,5,1,4,4,1,0,-1
50207,SZ,5,5,1,4,5,0,2,2
50207,SZ,5,5,1,4,9,1,2,1
50207,SZ,5,5,1,5,2,0,0,0
50207,SZ,5,5,1,5,3,1,0,-1
50207,SZ,5,5,1,5,4,0,2,2
50207,SZ,7,4,1,1,6,0,1,1
50207,SZ,7,4,1,3,4,0,0,0
50207,SZ,8,6,2,1,2,0,0,0
50207,SZ,8,6,2,1,4,0,1,1
50207,SZ,8,6,2,2,2,0,1,1
50207,SZ,8,6,2,3,2,0,1,1
50207,SZ,8,6,2,5,2,0,0,0
50207,SZ,8,6,2,5,3,1,0,-1
50207,SZ,8,6,2,5,5,2,0,-2
50207,SZ,8,6,2,5,7,3,0,-3
50207,SZ,8,6,2,6,5,0,0,0
50207,SZ,9,5,2,1,2,0,1,1
50207,SZ,9,5,2,1,3,1,1,0
50207,SZ,9,5,2,1,5,2,1,-1
50207,SZ,9,5,2,1,7,3,1,-2
50207,SZ,9,5,2,2,3,0,1,1
50207,SZ,9,5,2,2,4,1,1,0
50207,SZ,9,5,2,4,2,0,0,0
50207,SZ,9,5,2,4,3,0,1,1
50207,SZ,9,5,2,4,4,1,1,0
50207,SZ,9,5,2,4,6,1,2,1
50207,SZ,9,5,2,4,7,2,2,0
50207,SZ,9,5,2,4,8,3,2,-1
50207,SZ,9,5,2,4,9,2,4,2
50207,SZ,9,5,2,5,3,0,0,0
50207,SZ,9,5,2,5,5,0,1,1
50207,SZ,9,5,2,5,7,1,1,0
50207,SZ,10,3,2,1,2,0,1,1
50207,SZ,10,3,2,1,3,1,1,0
50207,SZ,10,3,2,3,2,0,1,1
50207,SZ,10,3,2,3,3,1,1,0
50207,SZ,10,3,2,3,4,2,1,-1
50207,SZ,10,3,2,3,5,1,3,2
50207,SZ,11,2,4,1,2,0,1,1
50207,SZ,12,5,3,1,2,0,0,0
50207,SZ,12,5,3,1,4,1,0,-1
50207,SZ,12,5,3,1,5,0,2,2
50207,SZ,12,5,3,1,6,2,1,-1
50207,SZ,12,5,3,1,9,3,1,-2
50207,SZ,12,5,3,2,2,0,1,1
50207,SZ,12,5,3,2,3,1,1,0
50207,SZ,12,5,3,4,2,1,0,-1
50207,SZ,12,5,3,4,3,2,0,-2
50207,SZ,12,5,3,4,4,3,0,-3
50207,SZ,12,5,3,4,5,0,4,4
50207,SZ,13,4,2,1,4,0,0,0
50207,SZ,13,4,2,1,5,1,0,-1
50207,SZ,13,4,2,1,8,2,0,-2
50207,SZ,13,4,2,2,4,1,0,-1
50207,SZ,13,4,2,2,5,2,0,-2
52424,SZ,2,4,1,1,2,0,0,0
52424,SZ,2,4,1,1,3,0,1,1
52424,SZ,2,4,1,1,4,1,1,0
52424,SZ,2,4,1,1,5,1,2,1
52424,SZ,2,4,1,1,7,2,2,0
52424,SZ,2,4,1,1,9,3,2,-1
52424,SZ,2,4,1,1,11,4,2,-2
52424,SZ,2,4,1,1,12,5,2,-3
52424,SZ,2,4,1,2,2,0,1,1
52424,SZ,2,4,1,2,4,1,1,0
52424,SZ,2,4,1,2,6,2,1,-1
52424,SZ,2,4,1,2,8,3,1,-2
52424,SZ,2,4,1,3,3,0,1,1
52424,SZ,2,4,1,3,4,1,1,0
52424,SZ,2,4,1,3,5,1,2,1
52424,SZ,2,4,1,3,7,2,2,0
52424,SZ,2,4,1,3,8,3,2,-1
52424,SZ,2,4,1,3,10,4,2,-2
52424,SZ,2,4,1,3,11,2,5,3
52424,SZ,2,4,1,3,12,5,3,-2
52424,SZ,2,4,1,3,13,6,3,-3
52424,SZ,2,4,1,3,14,3,7,4
52424,SZ,2,4,1,3,15,7,4,-3
52424,SZ,2,4,1,4,2,0,0,0
52424,SZ,2,4,1,4,6,1,0,-1
52424,SZ,2,4,1,4,8,2,0,-2
52424,SZ,2,4,1,4,9,3,0,-3
52424,SZ,2,4,1,4,12,4,0,-4
52424,SZ,2,4,1,4,13,5,0,-5
52424,SZ,3,5,1,1,2,0,1,1
52424,SZ,3,5,1,1,3,1,1,0
52424,SZ,3,5,1,1,4,2,1,-1
52424,SZ,3,5,1,1,5,1,3,2
52424,SZ,3,5,1,1,6,3,2,-1
52424,SZ,3,5,1,1,8,4,2,-2
52424,SZ,3,5,1,1,10,5,2,-3
52424,SZ,3,5,1,1,11,6,2,-4
52424,SZ,3,5,1,1,12,2,7,5
52424,SZ,3,5,1,1,13,7,3,-4
52424,SZ,3,5,1,1,14,3,8,5
52424,SZ,3,5,1,1,15,4,8,4
52424,SZ,3,5,1,2,2,0,1,1
52424,SZ,3,5,1,2,6,1,1,0
52424,SZ,3,5,1,2,7,2,1,-1
52424,SZ,3,5,1,3,3,0,0,0
52424,SZ,3,5,1,3,13,1,0,-1
52424,SZ,3,5,1,4,2,1,0,-1
52424,SZ,3,5,1,4,4,2,0,-2
52424,SZ,3,5,1,4,5,3,0,-3
52424,SZ,3,5,1,4,6,0,4,4
52424,SZ,3,5,1,4,7,1,4,3
52424,SZ,3,5,1,4,8,2,4,2
52424,SZ,3,5,1,4,10,3,4,1
52424,SZ,3,5,1,4,12,4,4,0
52424,SZ,3,5,1,4,13,5,4,-1
52424,SZ,3,5,1,4,14,6,4,-2
52424,SZ,3,5,1,5,2,0,1,1
52424,SZ,3,5,1,5,3,1,1,0
52424,SZ,3,5,1,5,4,2,1,-1
52424,SZ,3,5,1,5,5,3,1,-2
52424,SZ,3,5,1,5,6,4,1,-3
52424,SZ,3,5,1,5,8,5,1,-4
52424,SZ,3,5,1,5,9,6,1,-5
52424,SZ,3,5,1,5,10,1,7,6
52424,SZ,3,5,1,5,11,2,7,5
52424,SZ,3,5,1,5,12,3,7,4
52424,SZ,3,5,1,5,13,4,7,3
52424,SZ,3,5,1,5,14,5,7,2
52424,SZ,3,5,1,5,15,7,6,-1
52424,SZ,4,3,1,1,6,0,0,0
52424,SZ,4,3,1,1,9,1,0,-1
52424,SZ,4,3,1,1,14,2,0,-2
52424,SZ,4,3,1,2,2,0,1,1
52424,SZ,4,3,1,2,3,1,1,0
52424,SZ,4,3,1,2,5,2,1,-1
52424,SZ,4,3,1,2,8,3,1,-2
52424,SZ,4,3,1,2,9,1,4,3
52424,SZ,4,3,1,2,12,2,4,2
52424,SZ,4,3,1,2,13,4,3,-1
52424,SZ,4,3,1,2,14,5,3,-2
52424,SZ,4,3,1,2,15,3,6,3
52424,SZ,4,3,1,3,2,0,1,1
52424,SZ,4,3,1,3,5,1,1,0
52424,SZ,4,3,1,3,6,2,1,-1
52424,SZ,4,3,1,3,8,3,1,-2
52424,SZ,4,3,1,3,9,1,4,3
52424,SZ,4,3,1,3,10,2,4,2
52424,SZ,4,3,1,3,11,3,4,1
52424,SZ,4,3,1,3,12,4,4,0
52424,SZ,4,3,1,3,13,5,4,-1
52424,SZ,4,3,1,3,14,6,4,-2
52424,SZ,5,2,2,1,2,0,1,1
52424,SZ,5,2,2,1,5,1,1,0
52424,SZ,5,2,2,1,6,1,2,1
52424,SZ,5,2,2,2,2,0,0,0
52424,SZ,5,2,2,2,3,0,1,1
52424,SZ,6,2,3,1,2,0,1,1
52424,SZ,6,2,3,1,4,1,1,0
52424,SZ,6,2,3,1,8,2,1,-1
52424,SZ,6,2,3,1,10,3,1,-2
52424,SZ,7,6,1,1,4,0,1,1
52424,SZ,7,6,1,1,5,1,1,0
52424,SZ,7,6,1,1,6,2,1,-1
52424,SZ,7,6,1,1,7,3,1,-2
52424,SZ,7,6,1,1,8,4,1,-3
52424,SZ,7,6,1,1,9,5,1,-4
52424,SZ,7,6,1,1,10,6,1,-5
52424,SZ,7,6,1,1,13,7,1,-6
52424,SZ,7,6,1,2,2,0,1,1
52424,SZ,7,6,1,2,3,1,1,0
52424,SZ,7,6,1,2,4,1,2,1
52424,SZ,7,6,1,2,5,2,2,0
52424,SZ,7,6,1,2,7,2,3,1
52424,SZ,7,6,1,2,8,3,3,0
52424,SZ,7,6,1,2,9,3,4,1
52424,SZ,7,6,1,2,10,4,4,0
52424,SZ,7,6,1,2,11,5,4,-1
52424,SZ,7,6,1,2,12,6,4,-2
52424,SZ,7,6,1,2,13,4,7,3
52424,SZ,7,6,1,2,14,5,7,2
52424,SZ,7,6,1,2,15,6,7,1
52424,SZ,7,6,1,3,2,1,0,-1
52424,SZ,7,6,1,3,4,0,2,2
52424,SZ,7,6,1,3,5,1,2,1
52424,SZ,7,6,1,3,6,2,2,0
52424,SZ,7,6,1,3,7,2,3,1
52424,SZ,7,6,1,3,8,3,3,0
52424,SZ,7,6,1,3,9,4,3,-1
52424,SZ,7,6,1,3,10,5,3,-2
52424,SZ,7,6,1,3,11,6,3,-3
52424,SZ,7,6,1,3,12,7,3,-4
52424,SZ,7,6,1,3,13,8,3,-5
52424,SZ,7,6,1,3,15,9,3,-6
52424,SZ,7,6,1,4,3,1,0,-1
52424,SZ,7,6,1,4,4,0,2,2
52424,SZ,7,6,1,4,5,1,2,1
52424,SZ,7,6,1,4,6,2,2,0
52424,SZ,7,6,1,4,13,2,3,1
52424,SZ,7,6,1,5,2,0,0,0
52424,SZ,7,6,1,6,2,1,0,-1
52424,SZ,7,6,1,6,5,0,2,2
52424,SZ,7,6,1,6,6,2,1,-1
52424,SZ,7,6,1,6,7,1,3,2
52424,SZ,7,6,1,6,10,3,2,-1
52424,SZ,7,6,1,6,11,4,2,-2
52424,SZ,7,6,1,6,12,2,5,3
52424,SZ,7,6,1,6,13,5,3,-2
52424,SZ,7,6,1,6,14,6,3,-3
52424,SZ,8,6,2,1,2,1,0,-1
52424,SZ,8,6,2,1,3,2,0,-2
52424,SZ,8,6,2,1,5,0,3,3
52424,SZ,8,6,2,1,6,1,3,2
52424,SZ,8,6,2,1,7,2,3,1
52424,SZ,8,6,2,1,9,3,3,0
52424,SZ,8,6,2,1,11,4,3,-1
52424,SZ,8,6,2,1,13,5,3,-2
52424,SZ,8,6,2,1,14,3,6,3
52424,SZ,8,6,2,3,2,0,1,1
52424,SZ,8,6,2,3,3,1,1,0
52424,SZ,8,6,2,3,4,1,2,1
52424,SZ,8,6,2,3,5,2,2,0
52424,SZ,8,6,2,3,6,3,2,-1
52424,SZ,8,6,2,3,7,4,2,-2
52424,SZ,8,6,2,3,8,2,5,3
52424,SZ,8,6,2,3,9,3,5,2
52424,SZ,8,6,2,3,11,5,4,-1
52424,SZ,8,6,2,3,12,6,4,-2
52424,SZ,8,6,2,3,13,4,7,3
52424,SZ,8,6,2,3,15,5,7,2
52424,SZ,8,6,2,4,2,1,0,-1
52424,SZ,8,6,2,4,3,2,0,-2
52424,SZ,8,6,2,4,4,3,0,-3
52424,SZ,8,6,2,4,5,4,0,-4
52424,SZ,8,6,2,4,6,5,0,-5
52424,SZ,8,6,2,4,7,0,6,6
52424,SZ,8,6,2,4,9,6,1,-5
52424,SZ,8,6,2,4,14,7,1,-6
52424,SZ,8,6,2,4,15,1,8,7
52424,SZ,8,6,2,5,2,1,0,-1
52424,SZ,8,6,2,5,3,2,0,-2
52424,SZ,8,6,2,5,4,0,3,3
52424,SZ,8,6,2,5,5,3,1,-2
52424,SZ,8,6,2,5,8,4,1,-3
52424,SZ,8,6,2,5,12,5,1,-4
52424,SZ,8,6,2,5,13,6,1,-5
52424,SZ,8,6,2,6,4,0,0,0
52424,SZ,8,6,2,6,6,0,1,1
52424,SZ,9,5,2,1,3,1,0,-1
52424,SZ,9,5,2,1,5,0,2,2
52424,SZ,9,5,2,1,6,1,2,1
52424,SZ,9,5,2,1,7,2,2,0
52424,SZ,9,5,2,1,8,3,2,-1
52424,SZ,9,5,2,1,9,4,2,-2
52424,SZ,9,5,2,1,10,5,2,-3
52424,SZ,9,5,2,1,12,6,2,-4
52424,SZ,9,5,2,1,13,7,2,-5
52424,SZ,9,5,2,1,14,8,2,-6
52424,SZ,9,5,2,1,15,2,9,7
52424,SZ,9,5,2,2,2,1,0,-1
52424,SZ,9,5,2,2,4,0,2,2
52424,SZ,9,5,2,2,6,1,2,1
52424,SZ,9,5,2,2,7,2,2,0
52424,SZ,9,5,2,2,9,2,3,1
52424,SZ,9,5,2,2,10,3,3,0
52424,SZ,9,5,2,3,4,1,0,-1
52424,SZ,9,5,2,3,5,2,0,-2
52424,SZ,9,5,2,3,6,0,3,3
52424,SZ,9,5,2,3,10,3,1,-2
52424,SZ,9,5,2,4,3,0,0,0
52424,SZ,9,5,2,5,2,0,1,1
52424,SZ,9,5,2,5,4,1,1,0
52424,SZ,10,2,4,1,2,1,0,-1
52424,SZ,10,2,4,2,2,0,1,1
52424,SZ,11,4,2,1,2,0,0,0
52424,SZ,11,4,2,1,4,0,1,1
52424,SZ,11,4,2,1,6,1,1,0
52424,SZ,11,4,2,1,8,2,1,-1
52424,SZ,11,4,2,2,3,0,1,1
52424,SZ,11,4,2,2,4,1,1,0
52424,SZ,11,4,2,2,5,2,1,-1
52424,SZ,11,4,2,2,8,3,1,-2
52424,SZ,11,4,2,2,13,4,1,-3
52424,SZ,11,4,2,2,14,5,1,-4
52424,SZ,11,4,2,3,4,0,0,0
52424,SZ,11,4,2,3,5,1,0,-1
52424,SZ,11,4,2,3,8,2,0,-2
52424,SZ,11,4,2,3,9,3,0,-3
52424,SZ,11,4,2,3,12,0,4,4
52424,SZ,11,4,2,3,14,4,1,-3
52424,SZ,11,4,2,3,15,5,1,-4
52424,SZ,11,4,2,4,15,0,0,0
52424,SZ,12,5,3,1,2,0,1,1
52424,SZ,12,5,3,1,3,1,1,0
52424,SZ,12,5,3,1,7,2,1,-1
52424,SZ,12,5,3,1,9,3,1,-2
52424,SZ,12,5,3,1,10,1,4,3
52424,SZ,12,5,3,1,11,2,4,2
52424,SZ,12,5,3,1,12,4,3,-1
52424,SZ,12,5,3,1,13,5,3,-2
52424,SZ,12,5,3,1,15,3,6,3
52424,SZ,12,5,3,2,3,0,0,0
52424,SZ,12,5,3,2,4,1,0,-1
52424,SZ,12,5,3,2,5,2,0,-2
52424,SZ,12,5,3,2,7,3,0,-3
52424,SZ,12,5,3,2,9,4,0,-4
52424,SZ,12,5,3,2,10,5,0,-5
52424,SZ,12,5,3,2,11,6,0,-6
52424,SZ,12,5,3,2,12,7,0,-7
52424,SZ,12,5,3,2,13,8,0,-8
52424,SZ,12,5,3,2,14,9,0,-9
52424,SZ,12,5,3,2,15,0,10,10
52424,SZ,12,5,3,3,2,1,0,-1
52424,SZ,12,5,3,3,5,2,0,-2
52424,SZ,12,5,3,3,6,0,3,3
52424,SZ,12,5,3,3,10,1,3,2
52424,SZ,12,5,3,3,11,2,3,1
52424,SZ,12,5,3,3,12,3,3,0
52424,SZ,12,5,3,3,15,4,3,-1
52424,SZ,12,5,3,4,2,0,0,0
52424,SZ,12,5,3,4,4,1,0,-1
52424,SZ,12,5,3,4,9,2,0,-2
52424,SZ,12,5,3,4,11,0,3,3
52424,SZ,12,5,3,4,12,1,3,2
52424,SZ,12,5,3,5,2,1,0,-1
52424,SZ,12,5,3,5,4,2,0,-2
52424,SZ,12,5,3,5,8,3,0,-3
52424,SZ,12,5,3,5,10,4,0,-4
52424,SZ,12,5,3,5,11,5,0,-5
52424,SZ,12,5,3,5,13,6,0,-6
52424,SZ,13,3,2,1,2,0,0,0
52424,SZ,13,3,2,1,6,1,0,-1
52424,SZ,13,3,2,1,9,2,0,-2
52424,SZ,13,3,2,3,2,0,0,0
52424,SZ,13,3,2,3,3,0,1,1
52424,SZ,13,3,2,3,5,1,1,0
52424,SZ,13,3,2,3,7,1,2,1
52424,SZ,13,3,2,3,8,2,2,0
52424,SZ,13,3,2,3,9,2,3,1
56507,SZ,1,3,1,2,2,0,0,0
56507,SZ,1,3,1,3,2,1,0,-1
56507,SZ,1,3,1,3,3,2,0,-2
56507,SZ,3,2,2,1,6,0,1,1
56507,SZ,4,2,3,1,2,0,1,1
56507,SZ,4,2,3,1,4,1,1,0
56507,SZ,4,2,3,1,5,1,2,1
56507,SZ,4,2,3,2,2,1,0,-1
56507,SZ,4,2,3,2,3,2,0,-2
56507,SZ,5,6,1,1,4,0,1,1
56507,SZ,5,6,1,1,6,1,1,0
56507,SZ,5,6,1,1,8,2,1,-1
56507,SZ,5,6,1,2,2,0,0,0
56507,SZ,5,6,1,2,3,1,0,-1
56507,SZ,5,6,1,4,4,0,0,0
56507,SZ,5,6,1,4,6,1,0,-1
56507,SZ,5,6,1,5,2,0,1,1
56507,SZ,5,6,1,5,3,1,1,0
56507,SZ,5,6,1,5,4,2,1,-1
56507,SZ,5,6,1,5,5,3,1,-2
56507,SZ,5,6,1,6,3,0,1,1
56507,SZ,6,4,1,1,2,0,0,0
56507,SZ,6,4,1,1,3,0,1,1
56507,SZ,6,4,1,1,4,1,1,0
56507,SZ,6,4,1,2,3,0,1,1
56507,SZ,6,4,1,2,4,1,1,0
56507,SZ,6,4,1,2,5,2,1,-1
56507,SZ,6,4,1,2,6,1,3,2
56507,SZ,6,4,1,4,2,1,0,-1
56507,SZ,6,4,1,4,4,0,2,2
56507,SZ,6,4,1,4,5,2,1,-1
56507,SZ,6,4,1,4,6,1,3,2
56507,SZ,6,4,1,4,9,3,2,-1
56507,SZ,7,5,1,2,2,1,0,-1
56507,SZ,7,5,1,3,2,1,0,-1
56507,SZ,7,5,1,3,3,0,2,2
56507,SZ,7,5,1,4,2,1,0,-1
56507,SZ,7,5,1,4,4,0,2,2
56507,SZ,7,5,1,4,5,1,2,1
56507,SZ,7,5,1,4,7,2,2,0
56507,SZ,8,6,2,1,2,0,0,0
56507,SZ,8,6,2,1,3,1,0,-1
56507,SZ,8,6,2,1,4,2,0,-2
56507,SZ,8,6,2,1,5,3,0,-3
56507,SZ,8,6,2,1,7,4,0,-4
56507,SZ,8,6,2,2,5,0,1,1
56507,SZ,8,6,2,3,2,1,0,-1
56507,SZ,8,6,2,3,4,0,2,2
56507,SZ,8,6,2,3,6,1,2,1
56507,SZ,8,6,2,3,7,2,2,0
56507,SZ,8,6,2,3,9,3,2,-1
56507,SZ,8,6,2,3,10,4,2,-2
56507,SZ,8,6,2,3,11,5,2,-3
56507,SZ,8,6,2,3,12,6,2,-4
56507,SZ,8,6,2,3,13,2,7,5
56507,SZ,8,6,2,3,14,7,3,-4
56507,SZ,8,6,2,3,15,8,3,-5
56507,SZ,8,6,2,4,2,0,1,1
56507,SZ,8,6,2,4,3,1,1,0
56507,SZ,8,6,2,4,4,1,2,1
56507,SZ,8,6,2,4,6,2,2,0
56507,SZ,8,6,2,4,7,2,3,1
56507,SZ,8,6,2,4,8,3,3,0
56507,SZ,8,6,2,4,9,4,3,-1
56507,SZ,8,6,2,4,10,5,3,-2
56507,SZ,8,6,2,4,11,6,3,-3
56507,SZ,8,6,2,4,12,7,3,-4
56507,SZ,8,6,2,4,14,8,3,-5
56507,SZ,8,6,2,4,15,9,3,-6
56507,SZ,8,6,2,5,2,1,0,-1
56507,SZ,8,6,2,5,4,0,2,2
56507,SZ,8,6,2,5,5,1,2,1
56507,SZ,8,6,2,5,6,2,2,0
56507,SZ,8,6,2,5,7,3,2,-1
56507,SZ,8,6,2,5,8,4,2,-2
56507,SZ,8,6,2,5,9,5,2,-3
56507,SZ,8,6,2,5,10,6,2,-4
56507,SZ,8,6,2,5,11,2,7,5
56507,SZ,8,6,2,5,14,3,7,4
56507,SZ,8,6,2,5,15,4,7,3
56507,SZ,8,6,2,6,2,1,0,-1
56507,SZ,8,6,2,6,3,2,0,-2
56507,SZ,8,6,2,6,4,0,3,3
56507,SZ,8,6,2,6,5,1,3,2
56507,SZ,8,6,2,6,6,3,2,-1
56507,SZ,8,6,2,6,8,4,2,-2
56507,SZ,8,6,2,6,13,5,2,-3
56507,SZ,9,5,2,1,3,0,0,0
56507,SZ,9,5,2,1,4,0,1,1
56507,SZ,9,5,2,1,5,1,1,0
56507,SZ,9,5,2,1,6,2,1,-1
56507,SZ,9,5,2,3,3,0,1,1
56507,SZ,9,5,2,4,2,1,0,-1
56507,SZ,9,5,2,4,3,2,0,-2
56507,SZ,9,5,2,4,4,3,0,-3
56507,SZ,9,5,2,5,2,0,1,1
56507,SZ,9,5,2,5,6,1,1,0
56507,SZ,9,5,2,5,8,1,2,1
56507,SZ,9,5,2,5,10,2,2,0
56507,SZ,10,3,2,1,2,1,0,-1
56507,SZ,10,3,2,1,3,2,0,-2
56507,SZ,10,3,2,2,5,0,0,0
56507,SZ,10,3,2,3,4,0,0,0
56507,SZ,10,3,2,3,5,1,0,-1
56507,SZ,11,2,4,1,2,0,0,0
56507,SZ,11,2,4,1,3,0,1,1
56507,SZ,12,4,2,1,2,1,0,-1
56507,SZ,12,4,2,1,5,2,0,-2
56507,SZ,12,4,2,1,6,0,3,3
56507,SZ,12,4,2,1,7,1,3,2
56507,SZ,12,4,2,2,4,0,0,0
56507,SZ,12,4,2,2,7,1,0,-1
56507,SZ,12,4,2,2,9,2,0,-2
56507,SZ,12,4,2,2,11,3,0,-3
56507,SZ,12,4,2,2,12,4,0,-4
56507,SZ,12,4,2,3,4,0,0,0
56507,SZ,12,4,2,4,2,1,0,-1
56507,SZ,13,5,3,2,2,1,0,-1
56507,SZ,13,5,3,3,3,0,1,1
56507,SZ,13,5,3,3,4,1,1,0
56970,SZ,1,2,1,2,2,0,1,1
56970,SZ,2,6,1,1,2,1,0,-1
56970,SZ,2,6,1,1,3,0,2,2
56970,SZ,2,6,1,1,4,2,1,-1
56970,SZ,2,6,1,1,5,1,3,2
56970,SZ,2,6,1,1,13,3,2,-1
56970,SZ,2,6,1,1,15,2,4,2
56970,SZ,2,6,1,2,11,0,0,0
56970,SZ,2,6,1,2,13,1,0,-1
56970,SZ,2,6,1,4,5,0,0,0
56970,SZ,2,6,1,4,6,0,1,1
56970,SZ,2,6,1,4,7,1,1,0
56970,SZ,2,6,1,4,8,1,2,1
56970,SZ,2,6,1,4,9,2,2,0
56970,SZ,2,6,1,4,10,3,2,-1
56970,SZ,2,6,1,4,11,4,2,-2
56970,SZ,2,6,1,4,13,5,2,-3
56970,SZ,2,6,1,4,14,6,2,-4
56970,SZ,2,6,1,4,15,7,2,-5
56970,SZ,2,6,1,5,2,0,1,1
56970,SZ,2,6,1,5,3,1,1,0
56970,SZ,2,6,1,5,4,2,1,-1
56970,SZ,2,6,1,5,5,3,1,-2
56970,SZ,2,6,1,5,6,4,1,-3
56970,SZ,2,6,1,5,7,5,1,-4
56970,SZ,2,6,1,5,8,6,1,-5
56970,SZ,2,6,1,5,9,7,1,-6
56970,SZ,2,6,1,5,10,8,1,-7
56970,SZ,2,6,1,5,11,9,1,-8
56970,SZ,2,6,1,5,12,1,10,9
56970,SZ,2,6,1,5,13,10,2,-8
56970,SZ,2,6,1,5,14,11,2,-9
56970,SZ,2,6,1,6,2,0,1,1
56970,SZ,2,6,1,6,6,1,1,0
56970,SZ,2,6,1,6,8,1,2,1
56970,SZ,2,6,1,6,9,2,2,0
56970,SZ,2,6,1,6,12,3,2,-1
56970,SZ,2,6,1,6,13,4,2,-2
56970,SZ,3,3,1,2,7,0,0,0
56970,SZ,3,3,1,3,2,1,0,-1
56970,SZ,3,3,1,3,3,2,0,-2
56970,SZ,3,3,1,3,4,3,0,-3
56970,SZ,5,4,1,1,4,0,1,1
56970,SZ,5,4,1,3,2,0,1,1
56970,SZ,5,4,1,3,3,1,1,0
56970,SZ,5,4,1,3,4,2,1,-1
56970,SZ,5,4,1,3,5,1,3,2
56970,SZ,5,4,1,3,6,3,2,-1
56970,SZ,5,4,1,3,7,2,4,2
56970,SZ,5,4,1,3,8,4,3,-1
56970,SZ,5,4,1,3,9,3,5,2
56970,SZ,5,4,1,3,10,5,4,-1
56970,SZ,5,4,1,3,12,4,6,2
56970,SZ,5,4,1,4,2,0,1,1
56970,SZ,6,5,1,1,2,0,0,0
56970,SZ,6,5,1,2,3,0,0,0
56970,SZ,6,5,1,2,4,1,0,-1
56970,SZ,6,5,1,2,5,2,0,-2
56970,SZ,6,5,1,2,6,3,0,-3
56970,SZ,6,5,1,2,9,4,0,-4
56970,SZ,6,5,1,3,2,0,0,0
56970,SZ,6,5,1,3,3,1,0,-1
56970,SZ,6,5,1,3,8,2,0,-2
56970,SZ,6,5,1,3,10,3,0,-3
56970,SZ,6,5,1,3,11,4,0,-4
56970,SZ,6,5,1,4,2,0,1,1
56970,SZ,6,5,1,4,3,1,1,0
56970,SZ,6,5,1,4,4,2,1,-1
56970,SZ,6,5,1,4,5,3,1,-2
56970,SZ,8,6,2,1,2,0,0,0
56970,SZ,8,6,2,2,2,0,1,1
56970,SZ,8,6,2,2,4,1,1,0
56970,SZ,8,6,2,2,5,2,1,-1
56970,SZ,8,6,2,2,6,3,1,-2
56970,SZ,8,6,2,2,7,1,4,3
56970,SZ,8,6,2,3,3,1,0,-1
56970,SZ,8,6,2,4,3,0,0,0
56970,SZ,8,6,2,4,4,0,1,1
56970,SZ,8,6,2,4,5,1,1,0
56970,SZ,8,6,2,4,7,1,2,1
56970,SZ,8,6,2,4,8,2,2,0
56970,SZ,8,6,2,5,2,0,1,1
56970,SZ,8,6,2,5,3,1,1,0
56970,SZ,8,6,2,5,4,2,1,-1
56970,SZ,8,6,2,5,5,3,1,-2
56970,SZ,8,6,2,6,2,1,0,-1
56970,SZ,8,6,2,6,5,2,0,-2
56970,SZ,9,5,2,2,3,0,0,0
56970,SZ,9,5,2,3,2,1,0,-1
56970,SZ,9,5,2,3,3,2,0,-2
56970,SZ,9,5,2,3,4,0,3,3
56970,SZ,9,5,2,3,5,3,1,-2
56970,SZ,9,5,2,3,6,1,4,3
56970,SZ,9,5,2,3,7,2,4,2
56970,SZ,9,5,2,3,8,4,3,-1
56970,SZ,9,5,2,5,2,0,1,1
56970,SZ,10,2,4,2,2,0,1,1
56970,SZ,11,3,2,2,2,0,1,1
56970,SZ,11,3,2,2,3,1,1,0
56970,SZ,11,3,2,3,2,0,1,1
56970,SZ,11,3,2,3,3,1,1,0
56970,SZ,11,3,2,3,4,2,1,-1
56970,SZ,11,3,2,3,6,1,3,2
56970,SZ,12,4,2,2,2,1,0,-1
56970,SZ,12,4,2,2,3,2,0,-2
56970,SZ,12,4,2,2,4,3,0,-3
56970,SZ,12,4,2,2,7,4,0,-4
56970,SZ,12,4,2,2,8,0,5,5
56970,SZ,12,4,2,3,2,0,1,1
56970,SZ,12,4,2,3,9,1,1,0
56970,SZ,13,5,3,1,2,0,1,1
56970,SZ,13,5,3,1,3,1,1,0
56970,SZ,13,5,3,1,6,1,2,1
56970,SZ,13,5,3,3,2,0,1,1
56970,SZ,13,5,3,3,3,1,1,0
56970,SZ,13,5,3,4,2,0,1,1
56970,SZ,13,5,3,4,3,1,1,0
56970,SZ,13,5,3,4,4,2,1,-1
56970,SZ,13,5,3,5,8,1,0,-1
57060,SZ,1,3,1,1,2,0,1,1
57060,SZ,1,3,1,1,3,1,1,0
57060,SZ,1,3,1,2,2,1,0,-1
57060,SZ,1,3,1,2,4,0,2,2
57060,SZ,1,3,1,2,5,2,1,-1
57060,SZ,1,3,1,2,6,1,3,2
57060,SZ,1,3,1,2,7,3,2,-1
57060,SZ,1,3,1,2,8,4,2,-2
57060,SZ,1,3,1,2,9,2,5,3
57060,SZ,1,3,1,2,10,5,3,-2
57060,SZ,1,3,1,2,11,3,6,3
57060,SZ,1,3,1,3,2,0,1,1
57060,SZ,1,3,1,3,3,1,1,0
57060,SZ,1,3,1,3,4,2,1,-1
57060,SZ,1,3,1,3,6,3,1,-2
57060,SZ,2,4,1,2,3,0,1,1
57060,SZ,2,4,1,2,5,1,1,0
57060,SZ,2,4,1,2,8,2,1,-1
57060,SZ,2,4,1,4,2,1,0,-1
57060,SZ,2,4,1,4,3,2,0,-2
57060,SZ,2,4,1,4,6,3,0,-3
57060,SZ,2,4,1,4,8,4,0,-4
57060,SZ,3,2,1,1,4,0,0,0
57060,SZ,5,2,3,1,2,1,0,-1
57060,SZ,5,2,3,1,3,0,2,2
57060,SZ,5,2,3,1,4,2,1,-1
57060,SZ,6,5,1,1,2,1,0,-1
57060,SZ,6,5,1,3,2,0,1,1
57060,SZ,6,5,1,3,3,1,1,0
57060,SZ,6,5,1,3,4,1,2,1
57060,SZ,6,5,1,3,5,2,2,0
57060,SZ,6,5,1,3,6,2,3,1
57060,SZ,6,5,1,4,2,1,0,-1
57060,SZ,6,5,1,4,4,2,0,-2
57060,SZ,6,5,1,4,5,0,3,3
57060,SZ,6,5,1,5,5,1,0,-1
57060,SZ,7,6,1,2,2,1,0,-1
57060,SZ,7,6,1,2,3,0,2,2
57060,SZ,7,6,1,2,5,2,1,-1
57060,SZ,7,6,1,2,6,1,3,2
57060,SZ,7,6,1,2,7,3,2,-1
57060,SZ,7,6,1,2,8,2,4,2
57060,SZ,7,6,1,5,2,1,0,-1
57060,SZ,7,6,1,5,3,2,0,-2
57060,SZ,7,6,1,5,6,3,0,-3
57060,SZ,7,6,1,6,3,0,1,1
57060,SZ,8,6,2,2,2,0,1,1
57060,SZ,8,6,2,2,3,1,1,0
57060,SZ,8,6,2,2,5,1,2,1
57060,SZ,8,6,2,2,6,2,2,0
57060,SZ,8,6,2,2,8,2,3,1
57060,SZ,8,6,2,2,9,3,3,0
57060,SZ,8,6,2,2,10,4,3,-1
57060,SZ,8,6,2,2,11,5,3,-2
57060,SZ,8,6,2,2,12,3,6,3
57060,SZ,8,6,2,3,2,1,0,-1
57060,SZ,8,6,2,3,3,0,2,2
57060,SZ,8,6,2,3,4,1,2,1
57060,SZ,8,6,2,3,5,2,2,0
57060,SZ,8,6,2,3,6,3,2,-1
57060,SZ,8,6,2,3,7,2,4,2
57060,SZ,8,6,2,3,8,4,3,-1
57060,SZ,8,6,2,3,9,3,5,2
57060,SZ,8,6,2,3,10,5,4,-1
57060,SZ,8,6,2,3,11,4,6,2
57060,SZ,8,6,2,3,12,6,5,-1
57060,SZ,8,6,2,3,14,5,7,2
57060,SZ,8,6,2,4,7,0,0,0
57060,SZ,8,6,2,5,2,1,0,-1
57060,SZ,8,6,2,5,3,2,0,-2
57060,SZ,8,6,2,5,5,0,3,3
57060,SZ,8,6,2,6,2,1,0,-1
57060,SZ,8,6,2,6,3,0,2,2
57060,SZ,8,6,2,6,5,1,2,1
57060,SZ,8,6,2,6,7,2,2,0
57060,SZ,9,5,2,1,2,0,1,1
57060,SZ,9,5,2,1,4,1,1,0
57060,SZ,9,5,2,1,7,2,1,-1
57060,SZ,9,5,2,2,2,1,0,-1
57060,SZ,9,5,2,2,6,2,0,-2
57060,SZ,9,5,2,3,3,0,0,0
57060,SZ,9,5,2,3,4,0,1,1
57060,SZ,9,5,2,3,5,1,1,0
57060,SZ,9,5,2,3,8,1,2,1
57060,SZ,9,5,2,4,2,0,1,1
57060,SZ,9,5,2,4,3,1,1,0
57060,SZ,9,5,2,4,4,2,1,-1
57060,SZ,9,5,2,4,5,1,3,2
57060,SZ,9,5,2,4,6,3,2,-1
57060,SZ,9,5,2,4,7,4,2,-2
57060,SZ,9,5,2,4,8,2,5,3
57060,SZ,9,5,2,4,10,3,5,2
57060,SZ,9,5,2,5,2,0,1,1
57060,SZ,10,3,2,1,2,0,1,1
57060,SZ,10,3,2,1,4,1,1,0
57060,SZ,10,3,2,1,5,2,1,-1
57060,SZ,10,3,2,1,6,3,1,-2
57060,SZ,10,3,2,1,7,1,4,3
57060,SZ,10,3,2,1,8,4,2,-2
57060,SZ,10,3,2,1,9,2,5,3
57060,SZ,10,3,2,1,12,3,5,2
57060,SZ,10,3,2,2,3,0,1,1
57060,SZ,10,3,2,2,4,1,1,0
57060,SZ,10,3,2,2,5,1,2,1
57060,SZ,10,3,2,2,6,2,2,0
57060,SZ,10,3,2,2,7,3,2,-1
57060,SZ,10,3,2,2,8,2,4,2
57060,SZ,10,3,2,2,9,3,4,1
57060,SZ,10,3,2,3,3,0,0,0
57060,SZ,10,3,2,3,4,0,1,1
57060,SZ,10,3,2,3,5,1,1,0
57060,SZ,10,3,2,3,6,2,1,-1
57060,SZ,10,3,2,3,7,1,3,2
57060,SZ,10,3,2,3,8,3,2,-1
57060,SZ,10,3,2,3,9,2,4,2
57060,SZ,10,3,2,3,10,4,3,-1
57060,SZ,10,3,2,3,11,3,5,2
57060,SZ,10,3,2,3,12,5,4,-1
57060,SZ,10,3,2,3,13,4,6,2
57060,SZ,11,4,2,3,3,0,0,0
57060,SZ,11,4,2,3,4,0,1,1
57060,SZ,12,2,4,2,2,0,1,1
57060,SZ,13,5,3,2,2,1,0,-1
57060,SZ,13,5,3,2,3,2,0,-2
57060,SZ,13,5,3,2,4,0,3,3
57060,SZ,13,5,3,2,5,3,1,-2
57060,SZ,13,5,3,2,6,1,4,3
57060,SZ,13,5,3,3,2,0,0,0
57060,SZ,13,5,3,3,3,0,1,1
57060,SZ,13,5,3,3,5,1,1,0
57060,SZ,13,5,3,3,6,1,2,1
57060,SZ,13,5,3,3,7,2,2,0
57060,SZ,13,5,3,3,8,3,2,-1
57060,SZ,13,5,3,5,3,1,0,-1
57060,SZ,13,5,3,5,5,2,0,-2
57385,SZ,1,3,1,2,2,1,0,-1
57385,SZ,1,3,1,2,3,0,2,2
57385,SZ,1,3,1,2,4,2,1,-1
57385,SZ,1,3,1,2,5,1,3,2
57385,SZ,1,3,1,3,2,1,0,-1
57385,SZ,1,3,1,3,4,2,0,-2
57385,SZ,2,2,1,2,2,0,1,1
57385,SZ,3,5,1,1,2,0,1,1
57385,SZ,3,5,1,3,2,0,1,1
57385,SZ,3,5,1,3,3,1,1,0
57385,SZ,3,5,1,3,4,2,1,-1
57385,SZ,3,5,1,5,2,0,1,1
57385,SZ,7,6,1,1,2,1,0,-1
57385,SZ,7,6,1,1,3,0,2,2
57385,SZ,7,6,1,1,5,1,2,1
57385,SZ,7,6,1,1,6,2,2,0
57385,SZ,7,6,1,1,7,2,3,1
57385,SZ,7,6,1,1,10,3,3,0
57385,SZ,7,6,1,3,2,1,0,-1
57385,SZ,7,6,1,3,3,0,2,2
57385,SZ,7,6,1,3,4,2,1,-1
57385,SZ,7,6,1,3,5,3,1,-2
57385,SZ,7,6,1,4,2,0,1,1
57385,SZ,7,6,1,4,4,1,1,0
57385,SZ,7,6,1,4,5,1,2,1
57385,SZ,7,6,1,4,14,2,2,0
57385,SZ,7,6,1,6,2,1,0,-1
57385,SZ,7,6,1,6,7,0,2,2
57385,SZ,7,6,1,6,8,1,2,1
57385,SZ,7,6,1,6,9,2,2,0
57385,SZ,7,6,1,6,10,2,3,1
57385,SZ,8,5,2,4,2,0,1,1
57385,SZ,9,6,2,1,2,0,0,0
57385,SZ,9,6,2,2,2,0,1,1
57385,SZ,9,6,2,2,3,1,1,0
57385,SZ,9,6,2,2,4,1,2,1
57385,SZ,9,6,2,2,5,2,2,0
57385,SZ,9,6,2,2,6,2,3,1
57385,SZ,9,6,2,2,7,3,3,0
57385,SZ,9,6,2,3,3,0,1,1
57385,SZ,9,6,2,3,4,1,1,0
57385,SZ,9,6,2,4,2,0,1,1
57385,SZ,9,6,2,4,5,1,1,0
57385,SZ,9,6,2,4,7,1,2,1
57385,SZ,9,6,2,4,8,2,2,0
57385,SZ,9,6,2,5,2,0,1,1
57385,SZ,9,6,2,5,4,1,1,0
57385,SZ,9,6,2,5,5,1,2,1
57385,SZ,9,6,2,5,6,2,2,0
57385,SZ,9,6,2,5,7,3,2,-1
57385,SZ,9,6,2,5,8,2,4,2
57385,SZ,9,6,2,5,9,3,4,1
57385,SZ,9,6,2,6,2,0,1,1
57385,SZ,9,6,2,6,3,1,1,0
57385,SZ,9,6,2,6,8,2,1,-1
57385,SZ,10,3,2,2,4,0,1,1
57385,SZ,10,3,2,3,2,0,1,1
57385,SZ,11,2,4,1,10,1,0,-1
57385,SZ,11,2,4,2,2,0,1,1
57385,SZ,11,2,4,2,6,1,1,0
57385,SZ,12,5,3,5,2,1,0,-1
57385,SZ,13,4,2,2,2,1,0,-1
57385,SZ,13,4,2,2,3,0,2,2
57385,SZ,13,4,2,2,4,1,2,1
57385,SZ,13,4,2,2,5,2,2,0
57385,SZ,13,4,2,3,3,0,0,0
57385,SZ,13,4,2,4,2,1,0,-1
57385,SZ,13,4,2,4,3,0,2,2
57385,SZ,13,4,2,4,4,1,2,1
57385,SZ,13,4,2,4,5,2,2,0
58296,HC,1,3,1,2,9,0,0,0
58296,HC,4,2,3,2,7,0,0,0
58296,HC,5,6,1,1,3,0,0,0
58296,HC,5,6,1,6,3,0,0,0
58296,HC,5,6,1,6,4,1,0,-1
58296,HC,5,6,1,6,5,2,0,-2
58296,HC,5,6,1,6,8,3,0,-3
58296,HC,5,6,1,6,9,4,0,-4
58296,HC,6,4,1,2,2,0,1,1
58296,HC,6,4,1,2,3,1,1,0
58296,HC,6,4,1,3,2,0,1,1
58296,HC,6,4,1,3,3,1,1,0
58296,HC,6,4,1,3,4,1,2,1
58296,HC,6,4,1,4,2,0,1,1
58296,HC,6,4,1,4,7,1,1,0
58296,HC,7,5,1,2,2,0,1,1
58296,HC,7,5,1,2,3,1,1,0
58296,HC,7,5,1,2,4,1,2,1
58296,HC,7,5,1,2,5,2,2,0
58296,HC,7,5,1,2,6,2,3,1
58296,HC,7,5,1,2,7,3,3,0
58296,HC,7,5,1,2,8,3,4,1
58296,HC,7,5,1,2,9,4,4,0
58296,HC,7,5,1,2,10,5,4,-1
58296,HC,7,5,1,2,11,6,4,-2
58296,HC,7,5,1,3,8,1,0,-1
58296,HC,8,6,2,1,5,0,0,0
58296,HC,8,6,2,1,8,1,0,-1
58296,HC,8,6,2,2,2,1,0,-1
58296,HC,8,6,2,2,3,2,0,-2
58296,HC,8,6,2,4,2,0,1,1
58296,HC,9,5,2,2,2,0,1,1
58296,HC,9,5,2,2,6,1,1,0
58296,HC,9,5,2,2,8,2,1,-1
58296,HC,9,5,2,2,12,3,1,-2
58296,HC,9,5,2,3,3,0,1,1
58296,HC,9,5,2,3,4,1,1,0
58296,HC,9,5,2,3,5,1,2,1
58296,HC,9,5,2,3,6,2,2,0
58296,HC,9,5,2,4,2,1,0,-1
58296,HC,9,5,2,4,3,2,0,-2
58296,HC,9,5,2,5,2,0,1,1
58296,HC,9,5,2,5,3,1,1,0
58296,HC,9,5,2,5,6,2,1,-1
58296,HC,11,2,4,1,2,0,0,0
58296,HC,11,2,4,2,2,0,1,1
58296,HC,11,2,4,2,3,1,1,0
58296,HC,11,2,4,2,4,1,2,1
58296,HC,12,4,2,1,2,0,1,1
58296,HC,12,4,2,1,3,1,1,0
58296,HC,12,4,2,1,4,1,2,1
58296,HC,12,4,2,1,7,2,2,0
58296,HC,12,4,2,1,8,2,3,1
58296,HC,12,4,2,1,12,3,3,0
58296,HC,12,4,2,1,14,4,3,-1
58296,HC,12,4,2,2,2,0,1,1
58296,HC,12,4,2,2,3,1,1,0
58296,HC,12,4,2,2,4,2,1,-1
58296,HC,12,4,2,2,7,1,3,2
58296,HC,12,4,2,2,9,3,2,-1
58296,HC,12,4,2,2,10,4,2,-2
58296,HC,12,4,2,2,12,2,5,3
58296,HC,12,4,2,4,3,1,0,-1
58296,HC,12,4,2,4,4,2,0,-2
58296,HC,12,4,2,4,5,0,3,3
58296,HC,12,4,2,4,7,3,1,-2
58296,HC,12,4,2,4,8,4,1,-3
58296,HC,12,4,2,4,13,1,5,4
58296,HC,13,5,3,1,4,1,0,-1
58296,HC,13,5,3,2,4,1,0,-1
58296,HC,13,5,3,2,5,2,0,-2
58296,HC,13,5,3,5,2,0,1,1
58296,HC,13,5,3,5,3,1,1,0
58296,HC,13,5,3,5,5,2,1,-1
58296,HC,13,5,3,5,6,1,3,2
58296,HC,13,5,3,5,7,3,2,-1
58296,HC,13,5,3,5,9,2,4,2
58803,SZ,1,4,1,1,4,0,0,0
58803,SZ,1,4,1,1,5,0,1,1
58803,SZ,1,4,1,1,6,1,1,0
58803,SZ,1,4,1,1,7,2,1,-1
58803,SZ,1,4,1,1,10,3,1,-2
58803,SZ,1,4,1,1,11,4,1,-3
58803,SZ,1,4,1,1,13,5,1,-4
58803,SZ,1,4,1,2,4,0,0,0
58803,SZ,1,4,1,2,13,1,0,-1
58803,SZ,1,4,1,2,14,2,0,-2
58803,SZ,1,4,1,3,3,1,0,-1
58803,SZ,1,4,1,3,4,2,0,-2
58803,SZ,1,4,1,3,6,0,3,3
58803,SZ,1,4,1,3,7,3,1,-2
58803,SZ,1,4,1,3,10,4,1,-3
58803,SZ,1,4,1,3,12,5,1,-4
58803,SZ,1,4,1,3,15,6,1,-5
58803,SZ,1,4,1,4,3,1,0,-1
58803,SZ,1,4,1,4,4,2,0,-2
58803,SZ,1,4,1,4,5,3,0,-3
58803,SZ,1,4,1,4,6,4,0,-4
58803,SZ,1,4,1,4,7,5,0,-5
58803,SZ,1,4,1,4,10,0,6,6
58803,SZ,1,4,1,4,11,6,1,-5
58803,SZ,1,4,1,4,12,7,1,-6
58803,SZ,2,3,1,2,4,0,0,0
58803,SZ,2,3,1,3,2,0,1,1
58803,SZ,3,2,1,1,3,0,0,0
58803,SZ,3,2,1,1,5,0,1,1
58803,SZ,3,2,1,1,9,1,1,0
58803,SZ,3,2,1,1,12,2,1,-1
58803,SZ,3,2,1,2,3,0,0,0
58803,SZ,3,2,1,2,5,1,0,-1
58803,SZ,4,5,1,2,2,1,0,-1
58803,SZ,4,5,1,2,3,2,0,-2
58803,SZ,4,5,1,2,5,3,0,-3
58803,SZ,4,5,1,3,2,0,0,0
58803,SZ,4,5,1,3,4,1,0,-1
58803,SZ,4,5,1,3,9,2,0,-2
58803,SZ,4,5,1,4,2,0,0,0
58803,SZ,5,6,1,1,4,0,0,0
58803,SZ,5,6,1,1,6,0,1,1
58803,SZ,5,6,1,1,7,1,1,0
58803,SZ,5,6,1,1,11,2,1,-1
58803,SZ,5,6,1,1,12,1,3,2
58803,SZ,5,6,1,2,2,1,0,-1
58803,SZ,5,6,1,2,3,0,2,2
58803,SZ,5,6,1,2,5,1,2,1
58803,SZ,5,6,1,3,2,0,1,1
58803,SZ,5,6,1,3,4,1,1,0
58803,SZ,5,6,1,3,6,1,2,1
58803,SZ,5,6,1,3,7,2,2,0
58803,SZ,5,6,1,3,9,3,2,-1
58803,SZ,5,6,1,4,3,0,0,0
58803,SZ,5,6,1,4,4,1,0,-1
58803,SZ,5,6,1,4,6,2,0,-2
58803,SZ,5,6,1,4,7,3,0,-3
58803,SZ,5,6,1,4,8,4,0,-4
58803,SZ,5,6,1,4,10,5,0,-5
58803,SZ,5,6,1,5,4,1,0,-1
58803,SZ,5,6,1,5,5,0,2,2
58803,SZ,5,6,1,6,3,0,1,1
58803,SZ,5,6,1,6,4,1,1,0
58803,SZ,5,6,1,6,6,2,1,-1
58803,SZ,5,6,1,6,7,1,3,2
58803,SZ,5,6,1,6,8,3,2,-1
58803,SZ,5,6,1,6,9,2,4,2
58803,SZ,5,6,1,6,10,3,4,1
58803,SZ,5,6,1,6,11,4,4,0
58803,SZ,5,6,1,6,12,4,5,1
58803,SZ,6,2,2,1,2,0,1,1
58803,SZ,6,2,2,1,3,1,1,0
58803,SZ,6,2,2,1,4,1,2,1
58803,SZ,6,2,2,1,6,2,2,0
58803,SZ,6,2,2,1,10,3,2,-1
58803,SZ,6,2,2,1,13,4,2,-2
58803,SZ,6,2,2,2,3,1,0,-1
58803,SZ,6,2,2,2,4,0,2,2
58803,SZ,6,2,2,2,5,1,2,1
58803,SZ,6,2,2,2,6,2,2,0
58803,SZ,6,2,2,2,7,2,3,1
58803,SZ,6,2,2,2,8,3,3,0
58803,SZ,6,2,2,2,9,3,4,1
58803,SZ,6,2,2,2,10,4,4,0
58803,SZ,6,2,2,2,11,4,5,1
58803,SZ,6,2,2,2,12,5,5,0
58803,SZ,6,2,2,2,13,6,5,-1
58803,SZ,6,2,2,2,14,5,7,2
58803,SZ,6,2,2,2,15,6,7,1
58803,SZ,7,2,3,1,2,0,1,1
58803,SZ,7,2,3,1,3,1,1,0
58803,SZ,7,2,3,1,4,1,2,1
58803,SZ,7,2,3,1,5,2,2,0
58803,SZ,7,2,3,1,6,2,3,1
58803,SZ,7,2,3,2,2,1,0,-1
58803,SZ,7,2,3,2,3,2,0,-2
58803,SZ,8,5,2,1,2,0,1,1
58803,SZ,8,5,2,1,3,1,1,0
58803,SZ,8,5,2,1,4,1,2,1
58803,SZ,8,5,2,1,5,2,2,0
58803,SZ,8,5,2,1,6,3,2,-1
58803,SZ,8,5,2,1,7,4,2,-2
58803,SZ,8,5,2,1,8,5,2,-3
58803,SZ,8,5,2,1,9,6,2,-4
58803,SZ,8,5,2,1,10,7,2,-5
58803,SZ,8,5,2,1,12,8,2,-6
58803,SZ,8,5,2,1,13,2,9,7
58803,SZ,8,5,2,2,2,1,0,-1
58803,SZ,8,5,2,2,3,2,0,-2
58803,SZ,8,5,2,2,4,0,3,3
58803,SZ,8,5,2,2,5,3,1,-2
58803,SZ,8,5,2,2,10,4,1,-3
58803,SZ,8,5,2,2,11,5,1,-4
58803,SZ,8,5,2,2,12,6,1,-5
58803,SZ,8,5,2,2,13,1,7,6
58803,SZ,8,5,2,2,15,2,7,5
58803,SZ,8,5,2,3,3,0,0,0
58803,SZ,8,5,2,3,5,0,1,1
58803,SZ,8,5,2,3,6,1,1,0
58803,SZ,8,5,2,3,7,1,2,1
58803,SZ,8,5,2,3,8,2,2,0
58803,SZ,8,5,2,3,10,3,2,-1
58803,SZ,8,5,2,3,14,2,4,2
58803,SZ,8,5,2,3,15,4,3,-1
58803,SZ,8,5,2,4,2,1,0,-1
58803,SZ,8,5,2,4,4,2,0,-2
58803,SZ,8,5,2,4,6,0,3,3
58803,SZ,8,5,2,4,8,3,1,-2
58803,SZ,8,5,2,4,9,1,4,3
58803,SZ,8,5,2,4,11,2,4,2
58803,SZ,8,5,2,4,12,4,3,-1
58803,SZ,8,5,2,4,13,5,3,-2
58803,SZ,8,5,2,4,15,3,6,3
58803,SZ,8,5,2,5,2,1,0,-1
58803,SZ,8,5,2,5,3,0,2,2
58803,SZ,8,5,2,5,4,2,1,-1
58803,SZ,8,5,2,5,5,1,3,2
58803,SZ,8,5,2,5,8,3,2,-1
58803,SZ,8,5,2,5,9,2,4,2
58803,SZ,8,5,2,5,10,4,3,-1
58803,SZ,8,5,2,5,12,5,3,-2
58803,SZ,8,5,2,5,14,3,6,3
58803,SZ,8,5,2,5,15,6,4,-2
58803,SZ,9,6,2,1,3,0,0,0
58803,SZ,9,6,2,1,6,1,0,-1
58803,SZ,9,6,2,1,7,0,2,2
58803,SZ,9,6,2,1,9,2,1,-1
58803,SZ,9,6,2,1,10,1,3,2
58803,SZ,9,6,2,1,12,2,3,1
58803,SZ,9,6,2,2,2,0,1,1
58803,SZ,9,6,2,2,3,1,1,0
58803,SZ,9,6,2,2,4,2,1,-1
58803,SZ,9,6,2,2,5,3,1,-2
58803,SZ,9,6,2,2,6,4,1,-3
58803,SZ,9,6,2,2,7,1,5,4
58803,SZ,9,6,2,2,9,2,5,3
58803,SZ,9,6,2,2,10,3,5,2
58803,SZ,9,6,2,2,11,4,5,1
58803,SZ,9,6,2,2,12,5,5,0
58803,SZ,9,6,2,2,13,5,6,1
58803,SZ,9,6,2,2,15,6,6,0
58803,SZ,9,6,2,3,2,0,1,1
58803,SZ,9,6,2,3,3,1,1,0
58803,SZ,9,6,2,3,4,2,1,-1
58803,SZ,9,6,2,3,5,1,3,2
58803,SZ,9,6,2,3,6,2,3,1
58803,SZ,9,6,2,3,8,3,3,0
58803,SZ,9,6,2,3,9,3,4,1
58803,SZ,9,6,2,3,10,4,4,0
58803,SZ,9,6,2,3,11,4,5,1
58803,SZ,9,6,2,3,13,5,5,0
58803,SZ,9,6,2,5,2,1,0,-1
58803,SZ,9,6,2,5,4,0,2,2
58803,SZ,9,6,2,5,5,2,1,-1
58803,SZ,9,6,2,5,6,3,1,-2
58803,SZ,9,6,2,5,10,4,1,-3
58803,SZ,9,6,2,5,13,5,1,-4
58803,SZ,9,6,2,5,14,1,6,5
58803,SZ,9,6,2,6,3,1,0,-1
58803,SZ,9,6,2,6,4,0,2,2
58803,SZ,9,6,2,6,7,1,2,1
58803,SZ,10,4,2,2,2,0,0,0
58803,SZ,10,4,2,2,3,0,1,1
58803,SZ,10,4,2,2,4,1,1,0
58803,SZ,10,4,2,2,5,2,1,-1
58803,SZ,10,4,2,2,7,3,1,-2
58803,SZ,10,4,2,2,13,4,1,-3
58803,SZ,10,4,2,2,14,5,1,-4
58803,SZ,10,4,2,2,15,6,1,-5
58803,SZ,10,4,2,3,4,0,1,1
58803,SZ,10,4,2,3,5,1,1,0
58803,SZ,10,4,2,3,8,1,2,1
58803,SZ,10,4,2,3,9,2,2,0
58803,SZ,10,4,2,4,3,1,0,-1
58803,SZ,10,4,2,4,5,2,0,-2
58803,SZ,10,4,2,4,7,3,0,-3
58803,SZ,10,4,2,4,8,4,0,-4
58803,SZ,10,4,2,4,14,5,0,-5
58803,SZ,10,4,2,4,15,6,0,-6
58803,SZ,11,3,2,1,2,0,0,0
58803,SZ,11,3,2,2,2,1,0,-1
58803,SZ,11,3,2,2,3,0,2,2
58803,SZ,11,3,2,2,4,2,1,-1
58803,SZ,11,3,2,2,5,1,3,2
58803,SZ,11,3,2,2,6,3,2,-1
58803,SZ,11,3,2,2,7,4,2,-2
58803,SZ,11,3,2,2,11,5,2,-3
58803,SZ,11,3,2,2,12,6,2,-4
58803,SZ,11,3,2,3,2,0,1,1
58803,SZ,11,3,2,3,3,1,1,0
58803,SZ,13,5,3,1,2,1,0,-1
58803,SZ,13,5,3,1,3,2,0,-2
58803,SZ,13,5,3,1,7,3,0,-3
58803,SZ,13,5,3,1,8,4,0,-4
58803,SZ,13,5,3,1,9,0,5,5
58803,SZ,13,5,3,1,11,1,5,4
58803,SZ,13,5,3,2,6,0,0,0
58803,SZ,13,5,3,2,7,0,1,1
58803,SZ,13,5,3,3,3,0,0,0
58803,SZ,13,5,3,3,5,0,1,1
58803,SZ,13,5,3,3,7,1,1,0
58803,SZ,13,5,3,4,3,0,0,0
58803,SZ,13,5,3,4,4,0,1,1
58803,SZ,13,5,3,4,5,1,1,0
58803,SZ,13,5,3,4,6,2,1,-1
58803,SZ,13,5,3,4,7,1,3,2
58803,SZ,13,5,3,4,8,2,3,1
58803,SZ,13,5,3,4,9,3,3,0
58803,SZ,13,5,3,4,10,4,3,-1
58803,SZ,13,5,3,4,11,3,5,2
58803,SZ,13,5,3,4,13,4,5,1
58803,SZ,13,5,3,4,14,5,5,0
58803,SZ,13,5,3,4,15,5,6,1
58803,SZ,13,5,3,5,3,0,0,0
59398,SZ,1,5,1,1,2,0,1,1
59398,SZ,1,5,1,1,3,1,1,0
59398,SZ,1,5,1,1,4,1,2,1
59398,SZ,1,5,1,1,5,2,2,0
59398,SZ,1,5,1,1,6,3,2,-1
59398,SZ,1,5,1,1,13,4,2,-2
59398,SZ,1,5,1,2,2,0,1,1
59398,SZ,1,5,1,3,3,1,0,-1
59398,SZ,1,5,1,5,2,0,1,1
59398,SZ,1,5,1,5,3,1,1,0
59398,SZ,1,5,1,5,4,2,1,-1
59398,SZ,1,5,1,5,5,3,1,-2
59398,SZ,1,5,1,5,6,4,1,-3
59398,SZ,1,5,1,5,7,1,5,4
59398,SZ,1,5,1,5,8,2,5,3
59398,SZ,1,5,1,5,9,3,5,2
59398,SZ,1,5,1,5,11,5,4,-1
59398,SZ,2,6,1,1,2,0,1,1
59398,SZ,2,6,1,1,3,1,1,0
59398,SZ,2,6,1,1,4,1,2,1
59398,SZ,2,6,1,1,5,2,2,0
59398,SZ,2,6,1,1,6,2,3,1
59398,SZ,2,6,1,1,7,3,3,0
59398,SZ,2,6,1,1,8,3,4,1
59398,SZ,2,6,1,1,9,4,4,0
59398,SZ,2,6,1,1,10,5,4,-1
59398,SZ,2,6,1,1,13,6,4,-2
59398,SZ,2,6,1,2,2,0,1,1
59398,SZ,2,6,1,2,3,1,1,0
59398,SZ,2,6,1,2,4,1,2,1
59398,SZ,2,6,1,2,5,2,2,0
59398,SZ,2,6,1,2,6,3,2,-1
59398,SZ,2,6,1,2,7,2,4,2
59398,SZ,2,6,1,2,8,3,4,1
59398,SZ,2,6,1,2,9,4,4,0
59398,SZ,2,6,1,3,3,1,0,-1
59398,SZ,2,6,1,3,4,2,0,-2
59398,SZ,2,6,1,3,5,0,3,3
59398,SZ,2,6,1,4,3,0,0,0
59398,SZ,2,6,1,4,5,1,0,-1
59398,SZ,2,6,1,4,7,0,2,2
59398,SZ,2,6,1,4,8,2,1,-1
59398,SZ,2,6,1,5,3,0,0,0
59398,SZ,2,6,1,5,5,0,1,1
59398,SZ,2,6,1,5,6,1,1,0
59398,SZ,2,6,1,5,8,2,1,-1
59398,SZ,2,6,1,5,9,1,3,2
59398,SZ,2,6,1,5,10,3,2,-1
59398,SZ,2,6,1,5,13,4,2,-2
59398,SZ,2,6,1,5,14,5,2,-3
59398,SZ,2,6,1,5,15,2,6,4
59398,SZ,2,6,1,6,2,1,0,-1
59398,SZ,2,6,1,6,4,0,2,2
59398,SZ,2,6,1,6,5,1,2,1
59398,SZ,2,6,1,6,6,2,2,0
59398,SZ,2,6,1,6,8,2,3,1
59398,SZ,2,6,1,6,12,3,3,0
59398,SZ,2,6,1,6,13,4,3,-1
59398,SZ,2,6,1,6,14,5,3,-2
59398,SZ,2,6,1,6,15,6,3,-3
59398,SZ,3,2,1,2,4,0,0,0
59398,SZ,4,3,1,1,2,0,1,1
59398,SZ,4,3,1,2,3,1,0,-1
59398,SZ,4,3,1,3,5,0,1,1
59398,SZ,5,4,1,1,2,0,1,1
59398,SZ,5,4,1,1,3,1,1,0
59398,SZ,5,4,1,2,10,0,1,1
59398,SZ,5,4,1,2,11,1,1,0
59398,SZ,5,4,1,2,12,2,1,-1
59398,SZ,5,4,1,4,2,1,0,-1
59398,SZ,5,4,1,4,3,2,0,-2
59398,SZ,5,4,1,4,4,0,3,3
59398,SZ,7,2,3,1,5,0,1,1
59398,SZ,8,5,2,1,2,1,0,-1
59398,SZ,8,5,2,1,3,2,0,-2
59398,SZ,8,5,2,2,2,0,1,1
59398,SZ,8,5,2,2,3,1,1,0
59398,SZ,8,5,2,2,4,1,2,1
59398,SZ,8,5,2,2,5,2,2,0
59398,SZ,8,5,2,2,6,3,2,-1
59398,SZ,8,5,2,2,7,4,2,-2
59398,SZ,8,5,2,2,8,2,5,3
59398,SZ,8,5,2,2,9,3,5,2
59398,SZ,8,5,2,4,2,0,1,1
59398,SZ,8,5,2,4,3,1,1,0
59398,SZ,8,5,2,4,4,1,2,1
59398,SZ,8,5,2,4,5,2,2,0
59398,SZ,8,5,2,4,6,2,3,1
59398,SZ,8,5,2,4,10,3,3,0
59398,SZ,8,5,2,5,2,0,0,0
59398,SZ,9,6,2,2,2,0,1,1
59398,SZ,9,6,2,2,3,1,1,0
59398,SZ,9,6,2,2,4,1,2,1
59398,SZ,9,6,2,2,6,2,2,0
59398,SZ,9,6,2,2,10,2,3,1
59398,SZ,9,6,2,3,2,1,0,-1
59398,SZ,9,6,2,3,3,0,2,2
59398,SZ,9,6,2,3,4,1,2,1
59398,SZ,9,6,2,4,2,1,0,-1
59398,SZ,9,6,2,4,4,0,2,2
59398,SZ,9,6,2,4,5,1,2,1
59398,SZ,9,6,2,4,6,2,2,0
59398,SZ,9,6,2,4,8,3,2,-1
59398,SZ,10,5,3,1,2,0,1,1
59398,SZ,10,5,3,1,3,1,1,0
59398,SZ,10,5,3,1,4,1,2,1
59398,SZ,10,5,3,2,2,0,1,1
59398,SZ,10,5,3,2,3,1,1,0
59398,SZ,10,5,3,3,2,0,1,1
59398,SZ,10,5,3,4,2,1,0,-1
59398,SZ,10,5,3,5,2,0,0,0
59398,SZ,11,2,4,1,2,1,0,-1
59398,SZ,11,2,4,2,2,0,1,1
59398,SZ,11,2,4,2,3,1,1,0
59398,SZ,11,2,4,2,4,1,2,1
59398,SZ,12,3,2,1,2,0,1,1
59398,SZ,12,3,2,1,3,1,1,0
59398,SZ,12,3,2,1,4,2,1,-1
59398,SZ,12,3,2,2,2,1,0,-1
59398,SZ,12,3,2,2,3,0,2,2
59398,SZ,12,3,2,2,4,1,2,1
59398,SZ,12,3,2,3,2,0,1,1
59398,SZ,12,3,2,3,3,1,1,0
59398,SZ,12,3,2,3,4,2,1,-1
59398,SZ,12,3,2,3,5,1,3,2
59398,SZ,13,4,2,1,2,0,1,1
59398,SZ,13,4,2,1,3,1,1,0
59398,SZ,13,4,2,1,4,1,2,1
59398,SZ,13,4,2,1,5,2,2,0
59398,SZ,13,4,2,1,6,2,3,1
59398,SZ,13,4,2,1,7,3,3,0
59398,SZ,13,4,2,2,3,1,0,-1
59398,SZ,13,4,2,3,2,0,1,1
59398,SZ,13,4,2,3,3,1,1,0
59398,SZ,13,4,2,3,7,2,1,-1
59398,SZ,13,4,2,4,4,1,0,-1
59422,HC,1,2,1,1,2,0,1,1
59422,HC,2,5,1,1,2,1,0,-1
59422,HC,2,5,1,2,2,0,1,1
59422,HC,2,5,1,4,2,0,1,1
59422,HC,2,5,1,4,3,1,1,0
59422,HC,2,5,1,5,2,1,0,-1
59422,HC,2,5,1,5,3,0,2,2
59422,HC,3,2,2,1,2,0,1,1
59422,HC,5,6,1,1,6,0,0,0
59422,HC,5,6,1,2,2,0,1,1
59422,HC,5,6,1,6,2,0,0,0
59422,HC,6,4,1,1,4,0,0,0
59422,HC,6,4,1,3,2,0,0,0
59422,HC,6,4,1,4,2,0,1,1
59422,HC,6,4,1,4,3,1,1,0
59422,HC,6,4,1,4,4,2,1,-1
59422,HC,6,4,1,4,6,3,1,-2
59422,HC,7,3,1,2,2,0,1,1
59422,HC,7,3,1,2,3,1,1,0
59422,HC,7,3,1,3,4,0,0,0
59422,HC,8,6,2,1,2,1,0,-1
59422,HC,8,6,2,1,4,2,0,-2
59422,HC,8,6,2,3,2,1,0,-1
59422,HC,8,6,2,3,3,2,0,-2
59422,HC,8,6,2,3,4,0,3,3
59422,HC,8,6,2,3,5,1,3,2
59422,HC,8,6,2,3,6,2,3,1
59422,HC,8,6,2,3,7,3,3,0
59422,HC,8,6,2,3,8,4,3,-1
59422,HC,8,6,2,5,3,0,1,1
59422,HC,9,5,2,1,2,1,0,-1
59422,HC,11,5,3,1,2,0,1,1
59422,HC,11,5,3,3,4,1,0,-1
59422,HC,11,5,3,4,2,0,1,1
59422,HC,11,5,3,5,2,0,1,1
59422,HC,12,4,2,1,2,0,1,1
59422,HC,12,4,2,2,2,0,1,1
59422,HC,12,4,2,2,3,1,1,0
59422,HC,12,4,2,2,4,1,2,1
59422,HC,12,4,2,3,2,0,1,1
59771,HC,1,4,1,1,2,0,1,1
59771,HC,1,4,1,2,2,0,1,1
59771,HC,1,4,1,2,6,1,1,0
59771,HC,1,4,1,4,4,1,0,-1
59771,HC,2,3,1,2,2,0,1,1
59771,HC,5,6,1,1,2,0,1,1
59771,HC,5,6,1,1,3,1,1,0
59771,HC,5,6,1,1,4,2,1,-1
59771,HC,5,6,1,1,5,3,1,-2
59771,HC,5,6,1,1,6,1,4,3
59771,HC,5,6,1,1,7,4,2,-2
59771,HC,5,6,1,1,8,2,5,3
59771,HC,5,6,1,2,3,0,1,1
59771,HC,5,6,1,3,2,1,0,-1
59771,HC,5,6,1,3,3,0,2,2
59771,HC,5,6,1,6,2,0,1,1
59771,HC,5,6,1,6,3,1,1,0
59771,HC,5,6,1,6,4,2,1,-1
59771,HC,5,6,1,6,6,1,3,2
59771,HC,6,5,1,2,2,0,1,1
59771,HC,6,5,1,2,6,1,1,0
59771,HC,6,5,1,3,2,1,0,-1
59771,HC,6,5,1,3,3,2,0,-2
59771,HC,6,5,1,3,4,3,0,-3
59771,HC,6,5,1,3,5,0,4,4
59771,HC,6,5,1,4,2,1,0,-1
59771,HC,6,5,1,4,3,0,2,2
59771,HC,6,5,1,4,4,1,2,1
59771,HC,6,5,1,4,5,2,2,0
59771,HC,6,5,1,4,6,2,3,1
59771,HC,6,5,1,5,3,0,0,0
59771,HC,7,2,3,2,2,0,1,1
59771,HC,8,5,2,1,5,1,0,-1
59771,HC,8,5,2,2,2,0,1,1
59771,HC,8,5,2,2,3,1,1,0
59771,HC,8,5,2,2,4,1,2,1
59771,HC,8,5,2,2,5,2,2,0
59771,HC,8,5,2,2,7,3,2,-1
59771,HC,8,5,2,2,10,4,2,-2
59771,HC,8,5,2,3,2,0,1,1
59771,HC,8,5,2,3,3,1,1,0
59771,HC,8,5,2,3,4,1,2,1
59771,HC,8,5,2,4,2,0,1,1
59771,HC,9,6,2,1,4,0,1,1
59771,HC,9,6,2,3,2,1,0,-1
59771,HC,9,6,2,4,2,0,1,1
59771,HC,9,6,2,5,2,0,1,1
59771,HC,9,6,2,5,3,1,1,0
59771,HC,9,6,2,5,4,2,1,-1
59771,HC,9,6,2,5,7,3,1,-2
59771,HC,9,6,2,6,3,0,1,1
59771,HC,9,6,2,6,4,1,1,0
59771,HC,9,6,2,6,7,2,1,-1
59771,HC,9,6,2,6,9,3,1,-2
59771,HC,10,4,2,3,2,0,1,1
59771,HC,10,4,2,3,3,1,1,0
59771,HC,11,3,2,2,2,0,1,1
59771,HC,11,3,2,2,8,1,1,0
59771,HC,11,3,2,3,3,0,0,0
59771,HC,13,5,3,2,2,0,1,1
59771,HC,13,5,3,2,3,1,1,0
59771,HC,13,5,3,2,4,1,2,1
59771,HC,13,5,3,4,2,0,0,0
59916,SZ,1,4,1,1,9,1,0,-1
59916,SZ,1,4,1,1,11,2,0,-2
59916,SZ,1,4,1,2,3,1,0,-1
59916,SZ,1,4,1,2,4,0,2,2
59916,SZ,1,4,1,2,7,2,1,-1
59916,SZ,1,4,1,2,11,3,1,-2
59916,SZ,1,4,1,2,12,4,1,-3
59916,SZ,1,4,1,3,2,0,1,1
59916,SZ,1,4,1,3,3,1,1,0
59916,SZ,1,4,1,3,4,2,1,-1
59916,SZ,1,4,1,3,5,1,3,2
59916,SZ,1,4,1,3,6,3,2,-1
59916,SZ,1,4,1,3,7,4,2,-2
59916,SZ,1,4,1,3,8,5,2,-3
59916,SZ,1,4,1,3,9,6,2,-4
59916,SZ,1,4,1,3,11,2,7,5
59916,SZ,1,4,1,3,12,7,3,-4
59916,SZ,1,4,1,3,13,8,3,-5
59916,SZ,1,4,1,4,2,1,0,-1
59916,SZ,1,4,1,4,4,2,0,-2
59916,SZ,1,4,1,4,7,3,0,-3
59916,SZ,1,4,1,4,8,0,4,4
59916,SZ,1,4,1,4,9,4,1,-3
59916,SZ,2,5,1,1,5,0,0,0
59916,SZ,2,5,1,1,6,1,0,-1
59916,SZ,2,5,1,1,8,0,2,2
59916,SZ,2,5,1,1,10,2,1,-1
59916,SZ,2,5,1,1,11,1,3,2
59916,SZ,2,5,1,1,12,2,3,1
59916,SZ,2,5,1,1,13,3,3,0
59916,SZ,2,5,1,1,14,3,4,1
59916,SZ,2,5,1,2,3,0,0,0
59916,SZ,2,5,1,2,4,1,0,-1
59916,SZ,2,5,1,2,5,2,0,-2
59916,SZ,2,5,1,2,7,3,0,-3
59916,SZ,2,5,1,2,8,4,0,-4
59916,SZ,2,5,1,2,9,5,0,-5
59916,SZ,2,5,1,2,10,0,6,6
59916,SZ,2,5,1,2,11,6,1,-5
59916,SZ,2,5,1,2,14,7,1,-6
59916,SZ,2,5,1,3,2,0,1,1
59916,SZ,2,5,1,3,3,1,1,0
59916,SZ,2,5,1,3,4,1,2,1
59916,SZ,2,5,1,3,5,2,2,0
59916,SZ,2,5,1,3,6,3,2,-1
59916,SZ,2,5,1,3,7,2,4,2
59916,SZ,2,5,1,3,8,4,3,-1
59916,SZ,2,5,1,3,10,3,5,2
59916,SZ,2,5,1,3,11,4,5,1
59916,SZ,2,5,1,3,12,5,5,0
59916,SZ,2,5,1,3,13,5,6,1
59916,SZ,2,5,1,3,14,6,6,0
59916,SZ,2,5,1,3,15,6,7,1
59916,SZ,2,5,1,4,2,0,0,0
59916,SZ,2,5,1,4,4,1,0,-1
59916,SZ,2,5,1,4,5,2,0,-2
59916,SZ,2,5,1,4,6,3,0,-3
59916,SZ,2,5,1,4,7,4,0,-4
59916,SZ,2,5,1,4,8,5,0,-5
59916,SZ,2,5,1,4,9,6,0,-6
59916,SZ,2,5,1,4,12,0,7,7
59916,SZ,2,5,1,4,14,7,1,-6
59916,SZ,2,5,1,4,15,8,1,-7
59916,SZ,2,5,1,5,2,0,0,0
59916,SZ,2,5,1,5,3,1,0,-1
59916,SZ,2,5,1,5,4,0,2,2
59916,SZ,2,5,1,5,5,1,2,1
59916,SZ,2,5,1,5,6,2,2,0
59916,SZ,2,5,1,5,7,2,3,1
59916,SZ,2,5,1,5,9,3,3,0
59916,SZ,2,5,1,5,10,3,4,1
59916,SZ,2,5,1,5,12,4,4,0
59916,SZ,2,5,1,5,13,4,5,1
59916,SZ,2,5,1,5,14,5,5,0
59916,SZ,3,2,1,1,2,0,1,1
59916,SZ,3,2,1,2,2,0,1,1
59916,SZ,4,2,2,2,14,0,1,1
59916,SZ,5,3,1,1,3,0,0,0
59916,SZ,5,3,1,1,8,0,1,1
59916,SZ,5,3,1,1,9,1,1,0
59916,SZ,5,3,1,1,10,2,1,-1
59916,SZ,5,3,1,1,11,1,3,2
59916,SZ,5,3,1,1,15,2,3,1
59916,SZ,5,3,1,2,4,1,0,-1
59916,SZ,5,3,1,2,7,0,2,2
59916,SZ,5,3,1,2,9,1,2,1
59916,SZ,5,3,1,2,10,2,2,0
59916,SZ,5,3,1,2,11,2,3,1
59916,SZ,5,3,1,2,12,3,3,0
59916,SZ,5,3,1,2,15,3,4,1
59916,SZ,5,3,1,3,4,0,1,1
59916,SZ,5,3,1,3,7,1,1,0
59916,SZ,5,3,1,3,8,2,1,-1
59916,SZ,5,3,1,3,10,3,1,-2
59916,SZ,5,3,1,3,11,1,4,3
59916,SZ,5,3,1,3,13,4,2,-2
59916,SZ,5,3,1,3,14,2,5,3
59916,SZ,5,3,1,3,15,3,5,2
59916,SZ,6,6,1,1,2,0,0,0
59916,SZ,6,6,1,1,3,0,1,1
59916,SZ,6,6,1,1,4,1,1,0
59916,SZ,6,6,1,1,5,1,2,1
59916,SZ,6,6,1,1,6,2,2,0
59916,SZ,6,6,1,1,7,2,3,1
59916,SZ,6,6,1,1,8,3,3,0
59916,SZ,6,6,1,1,9,3,4,1
59916,SZ,6,6,1,1,10,4,4,0
59916,SZ,6,6,1,1,11,4,5,1
59916,SZ,6,6,1,1,12,5,5,0
59916,SZ,6,6,1,1,13,6,5,-1
59916,SZ,6,6,1,1,15,7,5,-2
59916,SZ,6,6,1,2,2,0,0,0
59916,SZ,6,6,1,2,9,1,0,-1
59916,SZ,6,6,1,2,10,2,0,-2
59916,SZ,6,6,1,2,11,0,3,3
59916,SZ,6,6,1,2,12,3,1,-2
59916,SZ,6,6,1,2,13,4,1,-3
59916,SZ,6,6,1,2,14,1,5,4
59916,SZ,6,6,1,2,15,2,5,3
59916,SZ,6,6,1,3,5,1,0,-1
59916,SZ,6,6,1,3,10,2,0,-2
59916,SZ,6,6,1,3,12,3,0,-3
59916,SZ,6,6,1,3,14,0,4,4
59916,SZ,6,6,1,4,5,0,0,0
59916,SZ,6,6,1,4,6,0,1,1
59916,SZ,6,6,1,4,7,1,1,0
59916,SZ,6,6,1,4,11,1,2,1
59916,SZ,6,6,1,4,13,2,2,0
59916,SZ,6,6,1,4,15,3,2,-1
59916,SZ,6,6,1,5,3,0,1,1
59916,SZ,6,6,1,5,4,1,1,0
59916,SZ,6,6,1,5,5,2,1,-1
59916,SZ,6,6,1,5,6,1,3,2
59916,SZ,6,6,1,5,7,2,3,1
59916,SZ,6,6,1,5,8,3,3,0
59916,SZ,6,6,1,5,9,4,3,-1
59916,SZ,6,6,1,5,10,5,3,-2
59916,SZ,6,6,1,5,11,6,3,-3
59916,SZ,6,6,1,5,12,3,7,4
59916,SZ,6,6,1,5,13,7,4,-3
59916,SZ,6,6,1,5,14,8,4,-4
59916,SZ,6,6,1,5,15,9,4,-5
59916,SZ,6,6,1,6,2,0,1,1
59916,SZ,6,6,1,6,3,1,1,0
59916,SZ,6,6,1,6,4,1,2,1
59916,SZ,6,6,1,6,5,2,2,0
59916,SZ,6,6,1,6,6,2,3,1
59916,SZ,6,6,1,6,7,3,3,0
59916,SZ,6,6,1,6,8,4,3,-1
59916,SZ,6,6,1,6,9,3,5,2
59916,SZ,6,6,1,6,10,5,4,-1
59916,SZ,6,6,1,6,12,6,4,-2
59916,SZ,6,6,1,6,13,4,7,3
59916,SZ,6,6,1,6,14,7,5,-2
59916,SZ,6,6,1,6,15,8,5,-3
59916,SZ,7,2,3,1,7,0,1,1
59916,SZ,7,2,3,1,13,1,1,0
59916,SZ,8,5,2,1,2,1,0,-1
59916,SZ,8,5,2,1,4,0,2,2
59916,SZ,8,5,2,1,5,2,1,-1
59916,SZ,8,5,2,1,6,1,3,2
59916,SZ,8,5,2,1,7,3,2,-1
59916,SZ,8,5,2,1,8,4,2,-2
59916,SZ,8,5,2,1,9,5,2,-3
59916,SZ,8,5,2,1,10,6,2,-4
59916,SZ,8,5,2,1,11,7,2,-5
59916,SZ,8,5,2,1,12,8,2,-6
59916,SZ,8,5,2,2,2,1,0,-1
59916,SZ,8,5,2,2,3,0,2,2
59916,SZ,8,5,2,2,5,1,2,1
59916,SZ,8,5,2,2,6,2,2,0
59916,SZ,8,5,2,2,9,2,3,1
59916,SZ,8,5,2,2,10,3,3,0
59916,SZ,8,5,2,2,11,4,3,-1
59916,SZ,8,5,2,2,13,5,3,-2
59916,SZ,8,5,2,3,2,0,0,0
59916,SZ,8,5,2,3,4,0,1,1
59916,SZ,8,5,2,3,9,1,1,0
59916,SZ,8,5,2,3,13,2,1,-1
59916,SZ,8,5,2,3,14,1,3,2
59916,SZ,8,5,2,3,15,3,2,-1
59916,SZ,8,5,2,4,2,0,1,1
59916,SZ,8,5,2,4,10,1,1,0
59916,SZ,8,5,2,5,3,0,0,0
59916,SZ,8,5,2,5,7,1,0,-1
59916,SZ,9,6,2,1,4,0,0,0
59916,SZ,9,6,2,1,5,0,1,1
59916,SZ,9,6,2,1,6,1,1,0
59916,SZ,9,6,2,1,7,2,1,-1
59916,SZ,9,6,2,1,8,1,3,2
59916,SZ,9,6,2,1,9,3,2,-1
59916,SZ,9,6,2,1,10,4,2,-2
59916,SZ,9,6,2,1,12,5,2,-3
59916,SZ,9,6,2,1,13,6,2,-4
59916,SZ,9,6,2,1,14,2,7,5
59916,SZ,9,6,2,1,15,7,3,-4
59916,SZ,9,6,2,2,2,0,1,1
59916,SZ,9,6,2,2,3,1,1,0
59916,SZ,9,6,2,2,4,2,1,-1
59916,SZ,9,6,2,2,5,1,3,2
59916,SZ,9,6,2,2,7,3,2,-1
59916,SZ,9,6,2,2,8,2,4,2
59916,SZ,9,6,2,2,9,3,4,1
59916,SZ,9,6,2,2,10,4,4,0
59916,SZ,9,6,2,2,11,4,5,1
59916,SZ,9,6,2,2,12,5,5,0
59916,SZ,9,6,2,2,14,6,5,-1
59916,SZ,9,6,2,2,15,5,7,2
59916,SZ,9,6,2,3,7,0,0,0
59916,SZ,9,6,2,3,10,0,1,1
59916,SZ,9,6,2,3,11,1,1,0
59916,SZ,9,6,2,3,12,1,2,1
59916,SZ,9,6,2,3,15,2,2,0
59916,SZ,9,6,2,4,3,0,1,1
59916,SZ,9,6,2,4,4,1,1,0
59916,SZ,9,6,2,4,6,2,1,-1
59916,SZ,9,6,2,4,7,3,1,-2
59916,SZ,9,6,2,4,8,4,1,-3
59916,SZ,9,6,2,4,9,1,5,4
59916,SZ,9,6,2,4,11,2,5,3
59916,SZ,9,6,2,4,12,5,3,-2
59916,SZ,9,6,2,4,14,6,3,-3
59916,SZ,9,6,2,5,2,1,0,-1
59916,SZ,9,6,2,5,4,0,2,2
59916,SZ,9,6,2,5,7,2,1,-1
59916,SZ,9,6,2,5,8,3,1,-2
59916,SZ,9,6,2,5,9,1,4,3
59916,SZ,9,6,2,5,10,2,4,2
59916,SZ,9,6,2,5,14,4,3,-1
59916,SZ,9,6,2,5,15,3,5,2
59916,SZ,9,6,2,6,2,0,1,1
59916,SZ,9,6,2,6,3,1,1,0
59916,SZ,9,6,2,6,5,2,1,-1
59916,SZ,9,6,2,6,7,1,3,2
59916,SZ,9,6,2,6,8,3,2,-1
59916,SZ,9,6,2,6,9,4,2,-2
59916,SZ,9,6,2,6,10,5,2,-3
59916,SZ,9,6,2,6,11,2,6,4
59916,SZ,9,6,2,6,12,6,3,-3
59916,SZ,9,6,2,6,14,7,3,-4
59916,SZ,10,4,2,2,2,0,0,0
59916,SZ,10,4,2,3,2,0,0,0
59916,SZ,10,4,2,3,4,1,0,-1
59916,SZ,10,4,2,3,5,2,0,-2
59916,SZ,10,4,2,3,14,0,3,3
59916,SZ,10,4,2,4,2,0,1,1
59916,SZ,10,4,2,4,3,1,1,0
59916,SZ,10,4,2,4,5,2,1,-1
59916,SZ,10,4,2,4,7,3,1,-2
59916,SZ,11,5,3,1,4,0,0,0
59916,SZ,11,5,3,1,6,0,1,1
59916,SZ,11,5,3,1,7,1,1,0
59916,SZ,11,5,3,1,10,1,2,1
59916,SZ,11,5,3,1,11,2,2,0
59916,SZ,11,5,3,1,12,2,3,1
59916,SZ,11,5,3,1,13,3,3,0
59916,SZ,11,5,3,1,14,3,4,1
59916,SZ,11,5,3,1,15,4,4,0
59916,SZ,11,5,3,2,2,0,1,1
59916,SZ,11,5,3,2,3,1,1,0
59916,SZ,11,5,3,2,4,1,2,1
59916,SZ,11,5,3,2,5,2,2,0
59916,SZ,11,5,3,2,6,3,2,-1
59916,SZ,11,5,3,2,7,2,4,2
59916,SZ,11,5,3,2,8,3,4,1
59916,SZ,11,5,3,2,10,4,4,0
59916,SZ,11,5,3,2,12,5,4,-1
59916,SZ,11,5,3,2,14,6,4,-2
59916,SZ,11,5,3,2,15,7,4,-3
59916,SZ,11,5,3,3,3,1,0,-1
59916,SZ,11,5,3,3,5,2,0,-2
59916,SZ,11,5,3,3,6,3,0,-3
59916,SZ,11,5,3,3,8,4,0,-4
59916,SZ,11,5,3,3,9,5,0,-5
59916,SZ,11,5,3,3,10,0,6,6
59916,SZ,11,5,3,3,11,1,6,5
59916,SZ,11,5,3,3,12,2,6,4
59916,SZ,11,5,3,4,2,1,0,-1
59916,SZ,11,5,3,4,3,2,0,-2
59916,SZ,11,5,3,4,4,0,3,3
59916,SZ,11,5,3,4,7,3,1,-2
59916,SZ,11,5,3,4,9,4,1,-3
59916,SZ,11,5,3,4,10,5,1,-4
59916,SZ,11,5,3,4,11,6,1,-5
59916,SZ,11,5,3,4,12,7,1,-6
59916,SZ,11,5,3,4,14,1,8,7
59916,SZ,11,5,3,4,15,8,2,-6
59916,SZ,11,5,3,5,4,0,0,0
59916,SZ,11,5,3,5,5,1,0,-1
59916,SZ,11,5,3,5,6,2,0,-2
59916,SZ,11,5,3,5,7,0,3,3
59916,SZ,11,5,3,5,9,1,3,2
59916,SZ,11,5,3,5,11,2,3,1
59916,SZ,11,5,3,5,12,3,3,0
59916,SZ,11,5,3,5,13,3,4,1
59916,SZ,11,5,3,5,14,4,4,0
59916,SZ,11,5,3,5,15,5,4,-1
59916,SZ,12,2,4,1,9,0,1,1
59916,SZ,12,2,4,1,13,1,1,0
59916,SZ,12,2,4,2,7,1,0,-1
59916,SZ,12,2,4,2,13,2,0,-2
59916,SZ,13,3,2,1,7,0,1,1
59916,SZ,13,3,2,1,8,1,1,0
59916,SZ,13,3,2,1,9,1,2,1
59916,SZ,13,3,2,1,10,2,2,0
59916,SZ,13,3,2,2,2,0,1,1
59916,SZ,13,3,2,2,5,1,1,0
59916,SZ,13,3,2,2,8,2,1,-1
59916,SZ,13,3,2,3,7,1,0,-1
59916,SZ,13,3,2,3,8,2,0,-2
59916,SZ,13,3,2,3,9,0,3,3
59916,SZ,13,3,2,3,11,3,1,-2
59916,SZ,13,3,2,3,15,4,1,-3
61108,SZ,1,3,1,1,7,0,0,0
61108,SZ,1,3,1,3,2,0,1,1
61108,SZ,1,3,1,3,3,1,1,0
61108,SZ,1,3,1,3,4,1,2,1
61108,SZ,1,3,1,3,5,2,2,0
61108,SZ,1,3,1,3,6,2,3,1
61108,SZ,1,3,1,3,7,3,3,0
61108,SZ,1,3,1,3,8,3,4,1
61108,SZ,1,3,1,3,9,4,4,0
61108,SZ,1,3,1,3,10,4,5,1
61108,SZ,1,3,1,3,11,5,5,0
61108,SZ,1,3,1,3,12,5,6,1
61108,SZ,1,3,1,3,13,6,6,0
61108,SZ,1,3,1,3,14,6,7,1
61108,SZ,1,3,1,3,15,7,7,0
61108,SZ,2,2,1,2,2,0,1,1
61108,SZ,2,2,1,2,3,1,1,0
61108,SZ,2,2,1,2,4,1,2,1
61108,SZ,2,2,1,2,5,2,2,0
61108,SZ,2,2,1,2,6,2,3,1
61108,SZ,2,2,1,2,7,3,3,0
61108,SZ,2,2,1,2,8,3,4,1
61108,SZ,2,2,1,2,9,4,4,0
61108,SZ,2,2,1,2,10,5,4,-1
61108,SZ,2,2,1,2,11,4,6,2
61108,SZ,2,2,1,2,12,6,5,-1
61108,SZ,2,2,1,2,13,7,5,-2
61108,SZ,2,2,1,2,14,5,8,3
61108,SZ,2,2,1,2,15,8,6,-2
61108,SZ,3,4,1,1,3,0,1,1
61108,SZ,3,4,1,1,11,1,1,0
61108,SZ,3,4,1,2,2,1,0,-1
61108,SZ,3,4,1,2,3,2,0,-2
61108,SZ,3,4,1,2,4,0,3,3
61108,SZ,3,4,1,2,8,1,3,2
61108,SZ,3,4,1,3,2,0,1,1
61108,SZ,3,4,1,3,3,1,1,0
61108,SZ,3,4,1,3,4,2,1,-1
61108,SZ,3,4,1,3,5,3,1,-2
61108,SZ,3,4,1,3,7,4,1,-3
61108,SZ,3,4,1,3,8,5,1,-4
61108,SZ,3,4,1,3,10,6,1,-5
61108,SZ,3,4,1,4,2,0,1,1
61108,SZ,3,4,1,4,5,1,1,0
61108,SZ,3,4,1,4,9,2,1,-1
61108,SZ,4,5,1,1,2,0,1,1
61108,SZ,4,5,1,1,3,1,1,0
61108,SZ,4,5,1,1,4,1,2,1
61108,SZ,4,5,1,1,5,2,2,0
61108,SZ,4,5,1,1,6,3,2,-1
61108,SZ,4,5,1,1,7,2,4,2
61108,SZ,4,5,1,1,9,4,3,-1
61108,SZ,4,5,1,1,11,3,5,2
61108,SZ,4,5,1,1,12,5,4,-1
61108,SZ,4,5,1,2,2,0,0,0
61108,SZ,4,5,1,2,3,1,0,-1
61108,SZ,4,5,1,2,5,2,0,-2
61108,SZ,4,5,1,3,2,0,0,0
61108,SZ,4,5,1,3,3,1,0,-1
61108,SZ,4,5,1,3,5,2,0,-2
61108,SZ,4,5,1,4,2,0,1,1
61108,SZ,4,5,1,4,3,1,1,0
61108,SZ,4,5,1,4,4,1,2,1
61108,SZ,4,5,1,4,5,2,2,0
61108,SZ,4,5,1,4,6,2,3,1
61108,SZ,4,5,1,4,7,3,3,0
61108,SZ,4,5,1,4,9,4,3,-1
61108,SZ,4,5,1,5,2,1,0,-1
61108,SZ,4,5,1,5,4,2,0,-2
61108,SZ,4,5,1,5,5,0,3,3
61108,SZ,4,5,1,5,6,1,3,2
61108,SZ,4,5,1,5,7,2,3,1
61108,SZ,4,5,1,5,8,3,3,0
61108,SZ,4,5,1,5,9,4,3,-1
61108,SZ,4,5,1,5,10,5,3,-2
61108,SZ,4,5,1,5,11,3,6,3
61108,SZ,4,5,1,5,12,6,4,-2
61108,SZ,4,5,1,5,13,4,7,3
61108,SZ,4,5,1,5,14,5,7,2
61108,SZ,4,5,1,5,15,7,6,-1
61108,SZ,5,2,2,1,2,0,1,1
61108,SZ,5,2,2,1,3,1,1,0
61108,SZ,5,2,2,1,4,2,1,-1
61108,SZ,5,2,2,1,5,1,3,2
61108,SZ,5,2,2,1,9,3,2,-1
61108,SZ,5,2,2,2,2,1,0,-1
61108,SZ,5,2,2,2,3,0,2,2
61108,SZ,5,2,2,2,4,2,1,-1
61108,SZ,6,6,1,1,2,0,1,1
61108,SZ,6,6,1,1,6,1,1,0
61108,SZ,6,6,1,1,8,2,1,-1
61108,SZ,6,6,1,1,14,3,1,-2
61108,SZ,6,6,1,2,2,1,0,-1
61108,SZ,6,6,1,2,3,2,0,-2
61108,SZ,6,6,1,2,5,3,0,-3
61108,SZ,6,6,1,2,7,0,4,4
61108,SZ,6,6,1,2,8,4,1,-3
61108,SZ,6,6,1,2,10,5,1,-4
61108,SZ,6,6,1,2,11,1,6,5
61108,SZ,6,6,1,2,12,2,6,4
61108,SZ,6,6,1,2,15,6,3,-3
61108,SZ,6,6,1,3,11,0,0,0
61108,SZ,6,6,1,4,2,1,0,-1
61108,SZ,6,6,1,4,3,0,2,2
61108,SZ,6,6,1,5,3,1,0,-1
61108,SZ,6,6,1,5,4,2,0,-2
61108,SZ,6,6,1,5,5,0,3,3
61108,SZ,6,6,1,5,6,1,3,2
61108,SZ,6,6,1,5,7,2,3,1
61108,SZ,6,6,1,5,8,3,3,0
61108,SZ,6,6,1,5,9,4,3,-1
61108,SZ,6,6,1,5,12,3,5,2
61108,SZ,6,6,1,5,14,5,4,-1
61108,SZ,6,6,1,5,15,6,4,-2
61108,SZ,6,6,1,6,2,0,1,1
61108,SZ,6,6,1,6,3,1,1,0
61108,SZ,6,6,1,6,4,2,1,-1
61108,SZ,6,6,1,6,5,1,3,2
61108,SZ,6,6,1,6,6,2,3,1
61108,SZ,6,6,1,6,7,3,3,0
61108,SZ,6,6,1,6,8,3,4,1
61108,SZ,6,6,1,6,9,4,4,0
61108,SZ,6,6,1,6,10,4,5,1
61108,SZ,6,6,1,6,11,5,5,0
61108,SZ,6,6,1,6,12,5,6,1
61108,SZ,7,2,3,2,2,0,1,1
61108,SZ,7,2,3,2,3,1,1,0
61108,SZ,7,2,3,2,4,1,2,1
61108,SZ,8,6,2,1,2,1,0,-1
61108,SZ,8,6,2,1,3,0,2,2
61108,SZ,8,6,2,5,2,1,0,-1
61108,SZ,8,6,2,5,4,2,0,-2
61108,SZ,8,6,2,5,5,0,3,3
61108,SZ,8,6,2,6,2,0,1,1
61108,SZ,8,6,2,6,4,1,1,0
61108,SZ,9,5,2,1,2,1,0,-1
61108,SZ,9,5,2,1,3,0,2,2
61108,SZ,9,5,2,1,5,1,2,1
61108,SZ,9,5,2,1,7,2,2,0
61108,SZ,9,5,2,1,8,3,2,-1
61108,SZ,9,5,2,2,2,0,1,1
61108,SZ,9,5,2,2,3,1,1,0
61108,SZ,9,5,2,2,4,1,2,1
61108,SZ,9,5,2,2,5,2,2,0
61108,SZ,9,5,2,2,6,2,3,1
61108,SZ,9,5,2,3,2,1,0,-1
61108,SZ,9,5,2,3,3,0,2,2
61108,SZ,9,5,2,4,2,0,1,1
61108,SZ,9,5,2,4,3,1,1,0
61108,SZ,9,5,2,5,3,0,0,0
61108,SZ,10,3,2,1,2,0,1,1
61108,SZ,10,3,2,1,3,1,1,0
61108,SZ,11,2,4,2,2,0,1,1
61108,SZ,12,4,2,1,6,0,0,0
61108,SZ,12,4,2,2,2,1,0,-1
61108,SZ,12,4,2,2,3,0,2,2
61108,SZ,12,4,2,2,4,2,1,-1
61108,SZ,12,4,2,2,5,3,1,-2
61108,SZ,12,4,2,2,6,1,4,3
61108,SZ,12,4,2,2,7,2,4,2
61108,SZ,12,4,2,3,2,0,0,0
61108,SZ,12,4,2,4,2,0,1,1
61108,SZ,12,4,2,4,3,1,1,0
61108,SZ,12,4,2,4,5,2,1,-1
61108,SZ,12,4,2,4,7,1,3,2
61108,SZ,13,5,3,1,2,0,1,1
61108,SZ,13,5,3,2,3,0,0,0
61108,SZ,13,5,3,2,4,0,1,1
61108,SZ,13,5,3,3,2,0,1,1
61108,SZ,13,5,3,4,3,0,1,1
61108,SZ,13,5,3,4,4,1,1,0
61108,SZ,13,5,3,4,5,1,2,1
61108,SZ,13,5,3,4,8,2,2,0
61108,SZ,13,5,3,4,12,3,2,-1
61108,SZ,13,5,3,5,9,0,0,0
61108,SZ,13,5,3,5,10,1,0,-1
61604,SZ,1,2,1,1,2,0,1,1
61604,SZ,1,2,1,1,3,1,1,0
61604,SZ,1,2,1,1,4,2,1,-1
61604,SZ,2,5,1,2,3,1,0,-1
61604,SZ,2,5,1,2,4,0,2,2
61604,SZ,2,5,1,3,2,1,0,-1
61604,SZ,2,5,1,3,4,2,0,-2
61604,SZ,3,4,1,2,2,0,1,1
61604,SZ,3,4,1,4,2,1,0,-1
61604,SZ,3,4,1,4,3,0,2,2
61604,SZ,3,4,1,4,4,2,1,-1
61604,SZ,3,4,1,4,5,3,1,-2
61604,SZ,4,6,1,1,3,1,0,-1
61604,SZ,4,6,1,4,3,1,0,-1
61604,SZ,4,6,1,4,4,2,0,-2
61604,SZ,4,6,1,4,5,3,0,-3
61604,SZ,4,6,1,4,6,0,4,4
61604,SZ,4,6,1,4,7,4,1,-3
61604,SZ,4,6,1,4,9,5,1,-4
61604,SZ,4,6,1,6,3,0,1,1
61604,SZ,4,6,1,6,4,1,1,0
61604,SZ,4,6,1,6,5,2,1,-1
61604,SZ,4,6,1,6,8,3,1,-2
61604,SZ,4,6,1,6,9,4,1,-3
61604,SZ,4,6,1,6,10,5,1,-4
61604,SZ,4,6,1,6,11,1,6,5
61604,SZ,4,6,1,6,12,6,2,-4
61604,SZ,7,2,3,1,4,0,1,1
61604,SZ,7,2,3,2,2,0,1,1
61604,SZ,7,2,3,2,3,1,1,0
61604,SZ,8,5,2,2,2,0,1,1
61604,SZ,8,5,2,4,2,1,0,-1
61604,SZ,8,5,2,4,3,0,2,2
61604,SZ,9,6,2,2,2,0,1,1
61604,SZ,9,6,2,4,3,1,0,-1
61604,SZ,9,6,2,5,3,1,0,-1
61604,SZ,9,6,2,6,8,1,0,-1
61604,SZ,11,5,3,3,2,1,0,-1
61604,SZ,11,5,3,3,3,0,2,2
61604,SZ,11,5,3,3,4,2,1,-1
61604,SZ,11,5,3,3,5,1,3,2
61604,SZ,11,5,3,4,4,0,0,0
61604,SZ,11,5,3,4,10,1,0,-1
61604,SZ,11,5,3,5,2,0,1,1
61604,SZ,11,5,3,5,3,1,1,0
61604,SZ,11,5,3,5,4,1,2,1
61604,SZ,12,4,2,2,2,0,1,1
61604,SZ,12,4,2,2,3,1,1,0
61604,SZ,12,4,2,2,4,1,2,1
61604,SZ,12,4,2,3,5,1,0,-1
61604,SZ,12,4,2,4,2,1,0,-1
61604,SZ,12,4,2,4,4,2,0,-2
61604,SZ,12,4,2,4,7,3,0,-3
61604,SZ,13,3,2,1,2,0,0,0
62008,SZ,1,5,1,3,7,0,0,0
62008,SZ,1,5,1,4,2,0,1,1
62008,SZ,1,5,1,4,3,1,1,0
62008,SZ,1,5,1,4,4,1,2,1
62008,SZ,1,5,1,4,5,2,2,0
62008,SZ,1,5,1,5,2,0,1,1
62008,SZ,1,5,1,5,3,1,1,0
62008,SZ,1,5,1,5,4,1,2,1
62008,SZ,2,3,1,3,2,0,1,1
62008,SZ,3,2,1,1,2,0,1,1
62008,SZ,5,6,1,1,2,1,0,-1
62008,SZ,5,6,1,2,3,0,1,1
62008,SZ,5,6,1,2,6,1,1,0
62008,SZ,5,6,1,3,3,1,0,-1
62008,SZ,5,6,1,5,2,0,0,0
62008,SZ,6,4,1,1,2,0,1,1
62008,SZ,6,4,1,2,2,0,1,1
62008,SZ,6,4,1,2,3,1,1,0
62008,SZ,6,4,1,2,6,1,2,1
62008,SZ,6,4,1,2,7,2,2,0
62008,SZ,6,4,1,3,3,0,0,0
62008,SZ,8,5,2,1,2,0,1,1
62008,SZ,8,5,2,3,2,0,1,1
62008,SZ,8,5,2,4,3,0,1,1
62008,SZ,8,5,2,5,5,0,1,1
62008,SZ,9,6,2,1,2,0,1,1
62008,SZ,9,6,2,2,2,1,0,-1
62008,SZ,9,6,2,3,3,1,0,-1
62008,SZ,9,6,2,3,5,2,0,-2
62008,SZ,9,6,2,3,6,3,0,-3
62008,SZ,9,6,2,4,2,0,1,1
62008,SZ,9,6,2,4,3,1,1,0
62008,SZ,9,6,2,6,2,0,0,0
62008,SZ,10,5,3,1,2,1,0,-1
62008,SZ,10,5,3,1,3,0,2,2
62008,SZ,10,5,3,1,4,1,2,1
62008,SZ,10,5,3,2,3,0,1,1
62008,SZ,10,5,3,2,7,1,1,0
62008,SZ,10,5,3,4,2,0,0,0
62008,SZ,11,3,2,1,2,1,0,-1
62008,SZ,11,3,2,2,3,1,0,-1
62008,SZ,11,3,2,3,2,0,0,0
62008,SZ,12,2,4,1,2,0,1,1
62008,SZ,13,4,2,1,2,1,0,-1
62008,SZ,13,4,2,1,5,0,2,2
62008,SZ,13,4,2,1,7,2,1,-1
62008,SZ,13,4,2,2,2,0,0,0
62008,SZ,13,4,2,3,2,0,1,1
62008,SZ,13,4,2,3,3,1,1,0
62008,SZ,13,4,2,3,5,2,1,-1
62008,SZ,13,4,2,3,7,3,1,-2
62008,SZ,13,4,2,3,8,1,4,3
62008,SZ,13,4,2,3,9,2,4,2
62008,SZ,13,4,2,3,10,4,3,-1
62008,SZ,13,4,2,3,11,3,5,2
62008,SZ,13,4,2,4,2,1,0,-1
62008,SZ,13,4,2,4,3,2,0,-2
62008,SZ,13,4,2,4,4,3,0,-3
62008,SZ,13,4,2,4,5,4,0,-4
62008,SZ,13,4,2,4,6,5,0,-5
62054,HC,1,2,1,1,2,0,1,1
62054,HC,2,4,1,2,2,0,1,1
62054,HC,2,4,1,4,2,0,1,1
62054,HC,3,3,1,1,3,0,1,1
62054,HC,3,3,1,2,2,1,0,-1
62054,HC,3,3,1,3,2,0,1,1
62054,HC,4,5,1,1,4,0,1,1
62054,HC,4,5,1,3,2,0,1,1
62054,HC,4,5,1,3,3,1,1,0
62054,HC,4,5,1,5,2,1,0,-1
62054,HC,5,2,2,2,2,0,1,1
62054,HC,6,2,3,1,2,0,1,1
62054,HC,7,6,1,1,3,0,1,1
62054,HC,7,6,1,2,2,0,1,1
62054,HC,7,6,1,2,3,1,1,0
62054,HC,7,6,1,3,2,0,1,1
62054,HC,7,6,1,4,2,0,1,1
62054,HC,7,6,1,4,4,1,1,0
62054,HC,8,5,2,1,6,0,0,0
62054,HC,8,5,2,3,2,0,1,1
62054,HC,9,6,2,3,2,0,1,1
62054,HC,9,6,2,6,3,0,0,0
62054,HC,9,6,2,6,7,1,0,-1
62054,HC,10,2,4,1,2,0,1,1
62054,HC,11,4,2,3,2,0,1,1
62054,HC,12,3,2,1,2,0,1,1
62054,HC,12,3,2,2,2,1,0,-1
62054,HC,12,3,2,2,3,0,2,2
62054,HC,12,3,2,2,4,2,1,-1
62054,HC,13,5,3,1,3,0,1,1
62054,HC,13,5,3,2,2,0,1,1
62054,HC,13,5,3,2,3,1,1,0
62054,HC,13,5,3,2,4,2,1,-1
62054,HC,13,5,3,2,5,3,1,-2
62054,HC,13,5,3,2,6,1,4,3
62054,HC,13,5,3,3,2,0,0,0
62054,HC,13,5,3,3,3,0,1,1
62425,SZ,1,6,1,1,2,0,0,0
62425,SZ,1,6,1,3,2,0,1,1
62425,SZ,1,6,1,4,2,0,0,0
62425,SZ,1,6,1,6,2,0,1,1
62425,SZ,3,3,1,1,2,0,1,1
62425,SZ,3,3,1,1,3,1,1,0
62425,SZ,3,3,1,1,4,1,2,1
62425,SZ,3,3,1,1,6,2,2,0
62425,SZ,3,3,1,3,2,1,0,-1
62425,SZ,3,3,1,3,3,0,2,2
62425,SZ,3,3,1,3,4,1,2,1
62425,SZ,4,4,1,1,2,0,1,1
62425,SZ,6,5,1,2,3,0,1,1
62425,SZ,6,5,1,2,4,1,1,0
62425,SZ,6,5,1,3,2,0,1,1
62425,SZ,6,5,1,3,3,1,1,0
62425,SZ,6,5,1,3,4,1,2,1
62425,SZ,6,5,1,3,5,2,2,0
62425,SZ,6,5,1,3,6,2,3,1
62425,SZ,6,5,1,3,7,3,3,0
62425,SZ,6,5,1,3,8,3,4,1
62425,SZ,6,5,1,3,10,4,4,0
62425,SZ,6,5,1,4,3,0,1,1
62425,SZ,6,5,1,4,7,1,1,0
62425,SZ,6,5,1,5,5,0,1,1
62425,SZ,7,2,3,2,2,0,1,1
62425,SZ,8,6,2,3,2,0,1,1
62425,SZ,8,6,2,3,8,1,1,0
62425,SZ,8,6,2,4,2,1,0,-1
62425,SZ,8,6,2,4,4,0,2,2
62425,SZ,8,6,2,5,2,0,1,1
62425,SZ,8,6,2,5,5,1,1,0
62425,SZ,8,6,2,6,2,0,1,1
62425,SZ,8,6,2,6,3,1,1,0
62425,SZ,8,6,2,6,4,2,1,-1
62425,SZ,9,5,2,1,3,0,0,0
62425,SZ,9,5,2,2,2,0,0,0
62425,SZ,9,5,2,2,3,1,0,-1
62425,SZ,9,5,2,2,4,0,2,2
62425,SZ,9,5,2,3,2,1,0,-1
62425,SZ,9,5,2,3,3,0,2,2
62425,SZ,9,5,2,3,4,2,1,-1
62425,SZ,9,5,2,5,2,0,1,1
62425,SZ,10,2,4,1,2,0,1,1
62425,SZ,13,5,3,1,2,1,0,-1
62425,SZ,13,5,3,1,8,2,0,-2
62425,SZ,13,5,3,2,2,0,1,1
62425,SZ,13,5,3,2,3,1,1,0
62425,SZ,13,5,3,3,3,0,1,1
62425,SZ,13,5,3,4,2,1,0,-1
62425,SZ,13,5,3,4,3,0,2,2
62425,SZ,13,5,3,4,4,1,2,1
62425,SZ,13,5,3,4,5,2,2,0
62425,SZ,13,5,3,4,6,2,3,1
62425,SZ,13,5,3,4,7,3,3,0
62425,SZ,13,5,3,4,8,4,3,-1
62425,SZ,13,5,3,4,9,3,5,2
62425,SZ,13,5,3,4,10,5,4,-1
62425,SZ,13,5,3,4,11,4,6,2
62425,SZ,13,5,3,4,12,6,5,-1
62425,SZ,13,5,3,5,4,0,1,1
62425,SZ,13,5,3,5,5,1,1,0
62425,SZ,13,5,3,5,6,1,2,1
62425,SZ,13,5,3,5,7,2,2,0
62425,SZ,13,5,3,5,8,2,3,1
63213,SZ,1,2,1,2,3,0,0,0
63213,SZ,2,5,1,2,2,1,0,-1
63213,SZ,2,5,1,2,3,0,2,2
63213,SZ,2,5,1,3,2,0,1,1
63213,SZ,2,5,1,3,4,1,1,0
63213,SZ,2,5,1,4,2,0,1,1
63213,SZ,2,5,1,5,6,0,1,1
63213,SZ,3,6,1,1,2,0,1,1
63213,SZ,3,6,1,1,3,1,1,0
63213,SZ,3,6,1,1,4,1,2,1
63213,SZ,3,6,1,1,5,2,2,0
63213,SZ,3,6,1,1,6,3,2,-1
63213,SZ,3,6,1,1,7,2,4,2
63213,SZ,3,6,1,1,8,4,3,-1
63213,SZ,3,6,1,1,9,5,3,-2
63213,SZ,3,6,1,1,10,6,3,-3
63213,SZ,3,6,1,1,11,3,7,4
63213,SZ,3,6,1,1,12,4,7,3
63213,SZ,3,6,1,1,13,5,7,2
63213,SZ,3,6,1,1,15,6,7,1
63213,SZ,3,6,1,2,2,0,1,1
63213,SZ,3,6,1,2,3,1,1,0
63213,SZ,3,6,1,2,5,1,2,1
63213,SZ,3,6,1,3,4,0,1,1
63213,SZ,3,6,1,3,6,1,1,0
63213,SZ,3,6,1,3,10,1,2,1
63213,SZ,3,6,1,3,15,2,2,0
63213,SZ,3,6,1,6,2,0,1,1
63213,SZ,3,6,1,6,3,1,1,0
63213,SZ,3,6,1,6,5,2,1,-1
63213,SZ,3,6,1,6,6,3,1,-2
63213,SZ,3,6,1,6,9,4,1,-3
63213,SZ,3,6,1,6,10,1,5,4
63213,SZ,3,6,1,6,11,5,2,-3
63213,SZ,3,6,1,6,12,2,6,4
63213,SZ,3,6,1,6,13,3,6,3
63213,SZ,4,3,1,2,3,0,0,0
63213,SZ,4,3,1,3,2,0,1,1
63213,SZ,4,3,1,3,3,1,1,0
63213,SZ,4,3,1,3,4,2,1,-1
63213,SZ,5,2,2,1,2,0,1,1
63213,SZ,7,4,1,2,2,0,1,1
63213,SZ,7,4,1,2,3,1,1,0
63213,SZ,7,4,1,2,5,2,1,-1
63213,SZ,7,4,1,2,7,3,1,-2
63213,SZ,7,4,1,4,2,0,1,1
63213,SZ,7,4,1,4,3,1,1,0
63213,SZ,7,4,1,4,4,1,2,1
63213,SZ,8,5,2,1,2,0,1,1
63213,SZ,8,5,2,1,5,1,1,0
63213,SZ,8,5,2,2,2,1,0,-1
63213,SZ,8,5,2,2,4,0,2,2
63213,SZ,8,5,2,2,5,2,1,-1
63213,SZ,8,5,2,2,8,3,1,-2
63213,SZ,8,5,2,4,2,0,0,0
63213,SZ,8,5,2,5,2,1,0,-1
63213,SZ,8,5,2,5,3,0,2,2
63213,SZ,8,5,2,5,4,2,1,-1
63213,SZ,8,5,2,5,6,3,1,-2
63213,SZ,8,5,2,5,7,1,4,3
63213,SZ,9,6,2,1,3,1,0,-1
63213,SZ,9,6,2,3,3,0,0,0
63213,SZ,10,2,4,1,2,0,1,1
63213,SZ,11,5,3,1,2,0,1,1
63213,SZ,11,5,3,2,2,0,1,1
63213,SZ,11,5,3,3,3,0,0,0
63213,SZ,11,5,3,4,2,0,1,1
63213,SZ,11,5,3,4,3,1,1,0
63213,SZ,11,5,3,4,4,1,2,1
63213,SZ,11,5,3,4,6,2,2,0
63213,SZ,11,5,3,4,7,2,3,1
63213,SZ,12,3,2,1,2,0,1,1
63213,SZ,12,3,2,3,2,0,0,0
63472,HC,1,2,1,2,2,0,1,1
63472,HC,2,3,1,2,2,0,1,1
63472,HC,4,6,1,1,5,1,0,-1
63472,HC,4,6,1,1,6,2,0,-2
63472,HC,4,6,1,4,2,0,1,1
63472,HC,4,6,1,4,3,1,1,0
63472,HC,4,6,1,5,2,0,1,1
63472,HC,4,6,1,5,3,1,1,0
63472,HC,4,6,1,5,4,1,2,1
63472,HC,4,6,1,5,5,2,2,0
63472,HC,4,6,1,6,2,0,1,1
63472,HC,4,6,1,6,3,1,1,0
63472,HC,6,5,1,1,3,1,0,-1
63472,HC,6,5,1,2,2,0,1,1
63472,HC,6,5,1,4,4,0,0,0
63472,HC,7,4,1,4,2,0,1,1
63472,HC,8,6,2,1,5,0,1,1
63472,HC,8,6,2,2,3,0,1,1
63472,HC,8,6,2,4,3,0,0,0
63472,HC,8,6,2,5,2,0,1,1
63472,HC,8,6,2,5,4,1,1,0
63472,HC,8,6,2,5,5,2,1,-1
63472,HC,8,6,2,6,2,0,1,1
63472,HC,8,6,2,6,5,1,1,0
63472,HC,9,5,2,1,2,1,0,-1
63472,HC,9,5,2,4,2,0,1,1
63472,HC,9,5,2,4,3,1,1,0
63472,HC,9,5,2,4,4,1,2,1
63472,HC,9,5,2,5,2,0,1,1
63472,HC,9,5,2,5,3,1,1,0
63472,HC,10,2,4,2,2,0,1,1
63472,HC,11,3,2,1,2,1,0,-1
63472,HC,11,3,2,3,2,0,1,1
63472,HC,12,5,3,1,3,0,1,1
63472,HC,12,5,3,2,2,1,0,-1
63472,HC,12,5,3,3,2,0,1,1
63472,HC,12,5,3,4,2,0,1,1
63472,HC,12,5,3,4,3,1,1,0
63472,HC,12,5,3,5,2,0,1,1
63472,HC,13,4,2,3,2,0,1,1
63472,HC,13,4,2,3,3,1,1,0
63808,HC,1,6,1,2,2,0,0,0
63808,HC,1,6,1,2,3,0,1,1
63808,HC,1,6,1,3,2,1,0,-1
63808,HC,1,6,1,3,3,0,2,2
63808,HC,4,5,1,3,2,0,1,1
63808,HC,4,5,1,4,2,0,0,0
63808,HC,4,5,1,4,3,0,1,1
63808,HC,5,3,1,1,2,0,1,1
63808,HC,6,4,1,1,4,0,0,0
63808,HC,6,4,1,3,2,1,0,-1
63808,HC,6,4,1,3,7,0,2,2
63808,HC,6,4,1,4,2,1,0,-1
63808,HC,6,4,1,4,3,0,2,2
63808,HC,6,4,1,4,4,2,1,-1
63808,HC,7,2,3,1,2,0,1,1
63808,HC,7,2,3,2,2,0,1,1
63808,HC,8,6,2,1,2,0,1,1
63808,HC,8,6,2,1,4,1,1,0
63808,HC,8,6,2,1,5,2,1,-1
63808,HC,8,6,2,2,3,0,1,1
63808,HC,8,6,2,2,6,1,1,0
63808,HC,8,6,2,5,2,0,1,1
63808,HC,8,6,2,5,3,1,1,0
63808,HC,8,6,2,5,4,2,1,-1
63808,HC,8,6,2,5,6,3,1,-2
63808,HC,8,6,2,5,7,4,1,-3
63808,HC,8,6,2,5,11,5,1,-4
63808,HC,8,6,2,6,4,0,1,1
63808,HC,8,6,2,6,5,1,1,0
63808,HC,9,5,2,1,2,0,1,1
63808,HC,9,5,2,1,4,1,1,0
63808,HC,9,5,2,3,3,0,0,0
63808,HC,9,5,2,3,4,1,0,-1
63808,HC,9,5,2,3,5,2,0,-2
63808,HC,9,5,2,3,6,3,0,-3
63808,HC,9,5,2,3,7,0,4,4
63808,HC,9,5,2,5,2,1,0,-1
63808,HC,9,5,2,5,3,0,2,2
63808,HC,9,5,2,5,4,2,1,-1
63808,HC,9,5,2,5,5,1,3,2
63808,HC,9,5,2,5,6,3,2,-1
63808,HC,9,5,2,5,7,4,2,-2
63808,HC,10,2,4,2,2,0,1,1
63808,HC,11,5,3,1,2,0,1,1
63808,HC,11,5,3,3,2,0,1,1
63808,HC,12,3,2,1,2,0,1,1
63808,HC,13,4,2,1,2,0,1,1
63808,HC,13,4,2,1,5,1,1,0
63808,HC,13,4,2,2,2,0,1,1
63808,HC,13,4,2,3,2,0,1,1
63808,HC,13,4,2,3,3,1,1,0
63808,HC,13,4,2,4,2,1,0,-1
64102,SZ,1,3,1,2,2,1,0,-1
64102,SZ,1,3,1,2,3,0,2,2
64102,SZ,1,3,1,2,7,1,2,1
64102,SZ,2,4,1,2,2,0,1,1
64102,SZ,2,4,1,2,3,1,1,0
64102,SZ,2,4,1,2,4,2,1,-1
64102,SZ,2,4,1,4,2,0,1,1
64102,SZ,2,4,1,4,3,1,1,0
64102,SZ,3,6,1,2,7,0,1,1
64102,SZ,3,6,1,2,8,1,1,0
64102,SZ,3,6,1,2,9,2,1,-1
64102,SZ,3,6,1,3,2,1,0,-1
64102,SZ,3,6,1,3,3,0,2,2
64102,SZ,3,6,1,3,4,1,2,1
64102,SZ,3,6,1,3,5,2,2,0
64102,SZ,3,6,1,3,6,3,2,-1
64102,SZ,3,6,1,3,7,2,4,2
64102,SZ,3,6,1,3,8,4,3,-1
64102,SZ,3,6,1,3,9,3,5,2
64102,SZ,3,6,1,3,11,5,4,-1
64102,SZ,3,6,1,4,3,1,0,-1
64102,SZ,3,6,1,5,2,1,0,-1
64102,SZ,3,6,1,5,3,0,2,2
64102,SZ,3,6,1,5,4,2,1,-1
64102,SZ,3,6,1,5,8,3,1,-2
64102,SZ,3,6,1,5,11,1,4,3
64102,SZ,3,6,1,6,3,0,0,0
64102,SZ,4,2,1,1,8,0,0,0
64102,SZ,4,2,1,2,2,0,1,1
64102,SZ,5,2,2,2,2,0,1,1
64102,SZ,6,5,1,2,4,1,0,-1
64102,SZ,8,6,2,2,2,0,1,1
64102,SZ,8,6,2,5,6,0,0,0
64102,SZ,9,5,2,2,5,0,1,1
64102,SZ,9,5,2,3,2,0,1,1
64102,SZ,9,5,2,5,3,0,1,1
64102,SZ,13,5,3,1,6,0,0,0
64102,SZ,13,5,3,2,3,0,0,0
64102,SZ,13,5,3,4,2,0,1,1
64102,SZ,13,5,3,5,2,0,1,1
65046,HC,1,6,1,2,2,0,0,0
65046,HC,1,6,1,2,4,0,1,1
65046,HC,1,6,1,2,7,1,1,0
65046,HC,1,6,1,2,8,2,1,-1
65046,HC,1,6,1,3,2,1,0,-1
65046,HC,1,6,1,3,3,0,2,2
65046,HC,1,6,1,3,4,1,2,1
65046,HC,1,6,1,3,6,2,2,0
65046,HC,1,6,1,3,8,3,2,-1
65046,HC,1,6,1,5,4,1,0,-1
65046,HC,1,6,1,5,5,0,2,2
65046,HC,1,6,1,5,6,1,2,1
65046,HC,1,6,1,6,3,0,1,1
65046,HC,1,6,1,6,5,1,1,0
65046,HC,1,6,1,6,6,1,2,1
65046,HC,1,6,1,6,7,2,2,0
65046,HC,2,2,1,2,2,0,1,1
65046,HC,4,2,3,2,2,0,1,1
65046,HC,5,3,1,3,2,0,1,1
65046,HC,6,4,1,1,3,1,0,-1
65046,HC,6,4,1,2,2,0,1,1
65046,HC,6,4,1,2,3,1,1,0
65046,HC,6,4,1,3,2,0,1,1
65046,HC,6,4,1,4,2,0,1,1
65046,HC,6,4,1,4,3,1,1,0
65046,HC,7,5,1,4,2,1,0,-1
65046,HC,8,6,2,1,5,1,0,-1
65046,HC,8,6,2,2,3,1,0,-1
65046,HC,8,6,2,3,3,0,0,0
65046,HC,8,6,2,6,2,1,0,-1
65046,HC,9,5,2,1,2,1,0,-1
65046,HC,9,5,2,1,3,2,0,-2
65046,HC,9,5,2,4,2,0,1,1
65046,HC,9,5,2,5,2,0,1,1
65046,HC,9,5,2,5,3,1,1,0
65046,HC,10,2,4,1,6,0,0,0
65046,HC,12,4,2,4,2,0,1,1
65046,HC,13,5,3,2,2,0,1,1
65046,HC,13,5,3,4,4,0,0,0
65788,HC,1,3,1,2,2,0,1,1
65788,HC,2,2,1,2,2,0,1,1
65788,HC,3,4,1,3,2,0,1,1
65788,HC,3,4,1,3,3,1,1,0
65788,HC,3,4,1,4,2,0,1,1
65788,HC,3,4,1,4,6,1,1,0
65788,HC,4,6,1,1,5,1,0,-1
65788,HC,4,6,1,1,9,2,0,-2
65788,HC,4,6,1,2,3,1,0,-1
65788,HC,4,6,1,4,3,0,1,1
65788,HC,4,6,1,6,2,1,0,-1
65788,HC,5,2,2,2,4,0,0,0
65788,HC,6,2,3,2,2,0,1,1
65788,HC,7,5,1,2,2,0,1,1
65788,HC,7,5,1,2,3,1,1,0
65788,HC,7,5,1,2,4,1,2,1
65788,HC,7,5,1,5,2,1,0,-1
65788,HC,7,5,1,5,3,2,0,-2
65788,HC,8,5,2,4,2,0,1,1
65788,HC,8,5,2,5,2,0,1,1
65788,HC,9,6,2,2,2,0,1,1
65788,HC,9,6,2,4,2,0,1,1
65788,HC,9,6,2,4,4,1,1,0
65788,HC,9,6,2,4,5,1,2,1
65788,HC,9,6,2,4,9,2,2,0
65788,HC,9,6,2,6,3,1,0,-1
65788,HC,9,6,2,6,6,2,0,-2
65788,HC,10,3,2,1,2,0,1,1
65788,HC,10,3,2,1,3,1,1,0
65788,HC,10,3,2,3,2,0,1,1
65788,HC,10,3,2,3,3,1,1,0
65788,HC,12,4,2,3,2,0,1,1
65788,HC,13,5,3,1,2,1,0,-1
65788,HC,13,5,3,1,3,0,2,2
65788,HC,13,5,3,1,4,2,1,-1
65788,HC,13,5,3,1,8,1,3,2
65788,HC,13,5,3,2,5,1,0,-1
65788,HC,13,5,3,3,2,0,1,1
65788,HC,13,5,3,3,3,1,1,0
65788,HC,13,5,3,3,4,1,2,1
65788,HC,13,5,3,5,2,1,0,-1
65788,HC,13,5,3,5,3,0,2,2
65788,HC,13,5,3,5,7,2,1,-1
68051,HC,1,4,1,3,2,0,0,0
68051,HC,1,4,1,3,3,0,1,1
68051,HC,2,5,1,2,4,1,0,-1
68051,HC,2,5,1,4,2,0,1,1
68051,HC,2,5,1,4,4,1,1,0
68051,HC,4,3,1,1,2,0,1,1
68051,HC,5,6,1,1,2,0,1,1
68051,HC,5,6,1,1,3,1,1,0
68051,HC,5,6,1,1,4,1,2,1
68051,HC,5,6,1,1,5,2,2,0
68051,HC,5,6,1,1,11,3,2,-1
68051,HC,5,6,1,3,2,0,1,1
68051,HC,5,6,1,3,10,1,1,0
68051,HC,5,6,1,6,2,0,1,1
68051,HC,5,6,1,6,3,1,1,0
68051,HC,5,6,1,6,4,2,1,-1
68051,HC,5,6,1,6,5,1,3,2
68051,HC,5,6,1,6,6,2,3,1
68051,HC,5,6,1,6,7,3,3,0
68051,HC,5,6,1,6,8,3,4,1
68051,HC,5,6,1,6,10,4,4,0
68051,HC,5,6,1,6,12,5,4,-1
68051,HC,5,6,1,6,14,6,4,-2
68051,HC,6,2,2,2,2,1,0,-1
68051,HC,8,5,2,1,2,1,0,-1
68051,HC,8,5,2,4,2,0,1,1
68051,HC,8,5,2,4,3,1,1,0
68051,HC,8,5,2,4,4,1,2,1
68051,HC,9,6,2,1,2,0,1,1
68051,HC,9,6,2,1,4,1,1,0
68051,HC,10,4,2,3,2,1,0,-1
68051,HC,11,5,3,1,2,0,1,1
68051,HC,11,5,3,1,6,1,1,0
68051,HC,11,5,3,2,2,0,1,1
68051,HC,11,5,3,2,3,1,1,0
68051,HC,11,5,3,2,4,1,2,1
68051,HC,11,5,3,3,2,0,1,1
68051,HC,11,5,3,3,3,1,1,0
68051,HC,11,5,3,3,5,1,2,1
68051,HC,11,5,3,4,2,1,0,-1
68051,HC,11,5,3,4,5,0,2,2
68051,HC,11,5,3,5,3,0,0,0
68051,HC,12,2,4,1,2,0,1,1
68051,HC,13,3,2,1,2,0,1,1
69355,SZ,1,2,1,2,7,1,0,-1
69355,SZ,3,2,2,1,2,0,1,1
69355,SZ,3,2,2,1,3,1,1,0
69355,SZ,3,2,2,1,4,1,2,1
69355,SZ,3,2,2,1,6,2,2,0
69355,SZ,3,2,2,1,10,2,3,1
69355,SZ,3,2,2,1,11,3,3,0
69355,SZ,3,2,2,2,2,0,0,0
69355,SZ,3,2,2,2,3,0,1,1
69355,SZ,3,2,2,2,4,1,1,0
69355,SZ,3,2,2,2,6,1,2,1
69355,SZ,3,2,2,2,9,2,2,0
69355,SZ,4,4,1,1,2,0,1,1
69355,SZ,4,4,1,1,3,1,1,0
69355,SZ,4,4,1,1,6,2,1,-1
69355,SZ,4,4,1,1,7,1,3,2
69355,SZ,4,4,1,2,2,0,0,0
69355,SZ,4,4,1,2,3,1,0,-1
69355,SZ,4,4,1,2,5,2,0,-2
69355,SZ,4,4,1,2,6,0,3,3
69355,SZ,4,4,1,3,2,0,0,0
69355,SZ,4,4,1,3,3,1,0,-1
69355,SZ,4,4,1,3,4,2,0,-2
69355,SZ,4,4,1,3,5,0,3,3
69355,SZ,4,4,1,3,6,3,1,-2
69355,SZ,4,4,1,3,7,1,4,3
69355,SZ,4,4,1,4,2,0,1,1
69355,SZ,4,4,1,4,3,1,1,0
69355,SZ,4,4,1,4,4,2,1,-1
69355,SZ,4,4,1,4,8,3,1,-2
69355,SZ,4,4,1,4,10,4,1,-3
69355,SZ,5,2,3,2,3,0,1,1
69355,SZ,5,2,3,2,4,1,1,0
69355,SZ,6,5,1,1,2,1,0,-1
69355,SZ,6,5,1,1,3,2,0,-2
69355,SZ,6,5,1,1,4,3,0,-3
69355,SZ,6,5,1,1,6,0,4,4
69355,SZ,6,5,1,1,9,4,1,-3
69355,SZ,6,5,1,3,2,0,0,0
69355,SZ,6,5,1,3,4,0,1,1
69355,SZ,6,5,1,3,10,1,1,0
69355,SZ,6,5,1,4,2,1,0,-1
69355,SZ,6,5,1,4,5,0,2,2
69355,SZ,6,5,1,4,7,1,2,1
69355,SZ,6,5,1,5,2,1,0,-1
69355,SZ,6,5,1,5,3,2,0,-2
69355,SZ,6,5,1,5,4,0,3,3
69355,SZ,6,5,1,5,5,3,1,-2
69355,SZ,6,5,1,5,6,4,1,-3
69355,SZ,6,5,1,5,9,1,5,4
69355,SZ,7,6,1,1,5,0,0,0
69355,SZ,7,6,1,2,3,0,0,0
69355,SZ,7,6,1,2,4,1,0,-1
69355,SZ,7,6,1,3,2,1,0,-1
69355,SZ,7,6,1,3,3,0,2,2
69355,SZ,7,6,1,3,4,2,1,-1
69355,SZ,7,6,1,3,5,3,1,-2
69355,SZ,7,6,1,3,6,1,4,3
69355,SZ,7,6,1,3,7,4,2,-2
69355,SZ,7,6,1,3,8,2,5,3
69355,SZ,7,6,1,3,9,5,3,-2
69355,SZ,7,6,1,3,10,3,6,3
69355,SZ,7,6,1,3,11,6,4,-2
69355,SZ,7,6,1,3,13,7,4,-3
69355,SZ,7,6,1,4,2,0,1,1
69355,SZ,7,6,1,4,3,1,1,0
69355,SZ,7,6,1,4,4,2,1,-1
69355,SZ,7,6,1,4,5,1,3,2
69355,SZ,7,6,1,4,6,3,2,-1
69355,SZ,7,6,1,4,7,4,2,-2
69355,SZ,7,6,1,4,8,5,2,-3
69355,SZ,7,6,1,4,9,6,2,-4
69355,SZ,7,6,1,4,10,7,2,-5
69355,SZ,7,6,1,4,11,2,8,6
69355,SZ,7,6,1,4,13,8,3,-5
69355,SZ,7,6,1,5,3,0,1,1
69355,SZ,7,6,1,5,7,1,1,0
69355,SZ,7,6,1,6,2,1,0,-1
69355,SZ,7,6,1,6,3,2,0,-2
69355,SZ,7,6,1,6,5,0,3,3
69355,SZ,7,6,1,6,6,3,1,-2
69355,SZ,8,5,2,1,2,1,0,-1
69355,SZ,8,5,2,1,4,0,2,2
69355,SZ,8,5,2,2,2,1,0,-1
69355,SZ,8,5,2,2,3,0,2,2
69355,SZ,8,5,2,3,2,0,1,1
69355,SZ,8,5,2,4,9,0,0,0
69355,SZ,8,5,2,5,2,0,1,1
69355,SZ,8,5,2,5,3,1,1,0
69355,SZ,8,5,2,5,4,1,2,1
69355,SZ,8,5,2,5,5,2,2,0
69355,SZ,9,6,2,1,2,0,0,0
69355,SZ,9,6,2,1,3,1,0,-1
69355,SZ,9,6,2,1,4,2,0,-2
69355,SZ,9,6,2,1,12,0,3,3
69355,SZ,9,6,2,2,2,1,0,-1
69355,SZ,9,6,2,2,3,2,0,-2
69355,SZ,9,6,2,2,5,3,0,-3
69355,SZ,9,6,2,3,2,0,1,1
69355,SZ,9,6,2,3,5,1,1,0
69355,SZ,9,6,2,4,2,1,0,-1
69355,SZ,9,6,2,4,3,0,2,2
69355,SZ,9,6,2,4,4,1,2,1
69355,SZ,11,3,2,2,2,1,0,-1
69355,SZ,11,3,2,2,3,0,2,2
69355,SZ,11,3,2,2,4,1,2,1
69355,SZ,11,3,2,2,7,2,2,0
69355,SZ,11,3,2,3,3,1,0,-1
69355,SZ,11,3,2,3,4,0,2,2
69355,SZ,11,3,2,3,5,2,1,-1
69355,SZ,12,4,2,1,2,1,0,-1
69355,SZ,12,4,2,1,3,2,0,-2
69355,SZ,12,4,2,1,7,3,0,-3
69355,SZ,12,4,2,2,2,1,0,-1
69355,SZ,12,4,2,2,9,2,0,-2
69355,SZ,12,4,2,3,2,0,1,1
69355,SZ,12,4,2,3,7,1,1,0
69355,SZ,13,5,3,1,2,1,0,-1
69355,SZ,13,5,3,1,3,0,2,2
69355,SZ,13,5,3,2,6,0,1,1
69355,SZ,13,5,3,5,5,0,1,1
69355,SZ,13,5,3,5,6,1,1,0
69851,HC,1,3,1,2,2,0,1,1
69851,HC,2,4,1,1,2,1,0,-1
69851,HC,2,4,1,1,4,0,2,2
69851,HC,2,4,1,1,5,1,2,1
69851,HC,2,4,1,1,6,2,2,0
69851,HC,2,4,1,1,7,2,3,1
69851,HC,2,4,1,1,8,3,3,0
69851,HC,2,4,1,1,11,4,3,-1
69851,HC,2,4,1,1,14,5,3,-2
69851,HC,2,4,1,2,6,0,1,1
69851,HC,2,4,1,2,7,1,1,0
69851,HC,2,4,1,2,11,2,1,-1
69851,HC,2,4,1,2,12,3,1,-2
69851,HC,2,4,1,2,13,4,1,-3
69851,HC,2,4,1,2,14,5,1,-4
69851,HC,2,4,1,2,15,1,6,5
69851,HC,2,4,1,3,2,0,1,1
69851,HC,2,4,1,3,3,1,1,0
69851,HC,2,4,1,3,4,1,2,1
69851,HC,2,4,1,3,5,2,2,0
69851,HC,2,4,1,3,7,2,3,1
69851,HC,2,4,1,3,8,3,3,0
69851,HC,2,4,1,3,9,3,4,1
69851,HC,2,4,1,3,10,4,4,0
69851,HC,2,4,1,4,5,1,0,-1
69851,HC,2,4,1,4,6,0,2,2
69851,HC,2,4,1,4,7,1,2,1
69851,HC,2,4,1,4,8,2,2,0
69851,HC,2,4,1,4,9,3,2,-1
69851,HC,2,4,1,4,10,4,2,-2
69851,HC,2,4,1,4,11,5,2,-3
69851,HC,3,6,1,1,2,0,0,0
69851,HC,3,6,1,2,2,1,0,-1
69851,HC,3,6,1,2,3,0,2,2
69851,HC,3,6,1,2,4,1,2,1
69851,HC,3,6,1,2,15,2,2,0
69851,HC,3,6,1,3,2,0,1,1
69851,HC,3,6,1,3,3,1,1,0
69851,HC,3,6,1,3,4,2,1,-1
69851,HC,3,6,1,3,5,3,1,-2
69851,HC,3,6,1,3,6,1,4,3
69851,HC,3,6,1,3,7,2,4,2
69851,HC,3,6,1,3,8,4,3,-1
69851,HC,3,6,1,3,9,3,5,2
69851,HC,3,6,1,3,10,4,5,1
69851,HC,3,6,1,3,11,5,5,0
69851,HC,3,6,1,3,12,6,5,-1
69851,HC,3,6,1,3,13,7,5,-2
69851,HC,3,6,1,3,14,5,8,3
69851,HC,3,6,1,3,15,6,8,2
69851,HC,3,6,1,4,6,0,0,0
69851,HC,3,6,1,5,2,0,1,1
69851,HC,3,6,1,5,5,1,1,0
69851,HC,3,6,1,5,8,2,1,-1
69851,HC,3,6,1,5,9,1,3,2
69851,HC,3,6,1,5,10,3,2,-1
69851,HC,3,6,1,5,14,2,4,2
69851,HC,3,6,1,6,5,0,0,0
69851,HC,3,6,1,6,6,0,1,1
69851,HC,3,6,1,6,7,1,1,0
69851,HC,4,2,1,1,3,0,1,1
69851,HC,5,2,2,1,9,0,0,0
69851,HC,5,2,2,2,2,0,0,0
69851,HC,6,5,1,2,2,0,1,1
69851,HC,6,5,1,2,4,1,1,0
69851,HC,6,5,1,3,3,1,0,-1
69851,HC,8,6,2,3,3,1,0,-1
69851,HC,8,6,2,3,4,0,2,2
69851,HC,8,6,2,3,5,2,1,-1
69851,HC,8,6,2,3,6,1,3,2
69851,HC,8,6,2,3,7,3,2,-1
69851,HC,8,6,2,3,12,4,2,-2
69851,HC,8,6,2,6,3,0,1,1
69851,HC,8,6,2,6,4,1,1,0
69851,HC,8,6,2,6,5,2,1,-1
69851,HC,9,5,2,1,2,0,1,1
69851,HC,9,5,2,3,2,0,1,1
69851,HC,10,3,2,1,2,0,0,0
69851,HC,11,4,2,2,2,0,1,1
69851,HC,11,4,2,2,4,1,1,0
69851,HC,11,4,2,4,2,0,1,1
69851,HC,13,5,3,3,2,0,1,1
69851,HC,13,5,3,5,3,0,1,1
69851,HC,13,5,3,5,4,1,1,0
70165,SZ,1,2,1,1,2,0,1,1
70165,SZ,1,2,1,1,3,1,1,0
70165,SZ,1,2,1,1,4,2,1,-1
70165,SZ,1,2,1,1,5,1,3,2
70165,SZ,1,2,1,1,6,2,3,1
70165,SZ,1,2,1,2,2,0,1,1
70165,SZ,1,2,1,2,3,1,1,0
70165,SZ,1,2,1,2,4,2,1,-1
70165,SZ,2,4,1,1,2,0,1,1
70165,SZ,2,4,1,1,3,1,1,0
70165,SZ,2,4,1,1,7,1,2,1
70165,SZ,2,4,1,1,9,2,2,0
70165,SZ,2,4,1,1,14,3,2,-1
70165,SZ,2,4,1,2,2,0,1,1
70165,SZ,2,4,1,2,3,1,1,0
70165,SZ,2,4,1,2,4,1,2,1
70165,SZ,2,4,1,2,5,2,2,0
70165,SZ,2,4,1,2,8,2,3,1
70165,SZ,2,4,1,2,10,3,3,0
70165,SZ,2,4,1,2,11,4,3,-1
70165,SZ,2,4,1,2,12,5,3,-2
70165,SZ,2,4,1,2,14,6,3,-3
70165,SZ,2,4,1,2,15,7,3,-4
70165,SZ,2,4,1,3,3,1,0,-1
70165,SZ,2,4,1,3,13,2,0,-2
70165,SZ,2,4,1,3,15,3,0,-3
70165,SZ,2,4,1,4,2,0,1,1
70165,SZ,2,4,1,4,3,1,1,0
70165,SZ,2,4,1,4,4,2,1,-1
70165,SZ,2,4,1,4,5,1,3,2
70165,SZ,2,4,1,4,6,3,2,-1
70165,SZ,2,4,1,4,7,2,4,2
70165,SZ,2,4,1,4,9,4,3,-1
70165,SZ,2,4,1,4,10,3,5,2
70165,SZ,2,4,1,4,11,5,4,-1
70165,SZ,2,4,1,4,12,6,4,-2
70165,SZ,2,4,1,4,13,4,7,3
70165,SZ,2,4,1,4,14,7,5,-2
70165,SZ,2,4,1,4,15,5,8,3
70165,SZ,3,3,1,2,2,0,1,1
70165,SZ,3,3,1,2,3,1,1,0
70165,SZ,3,3,1,2,6,2,1,-1
70165,SZ,3,3,1,3,6,0,0,0
70165,SZ,3,3,1,3,7,1,0,-1
70165,SZ,3,3,1,3,12,2,0,-2
70165,SZ,4,5,1,1,2,0,1,1
70165,SZ,4,5,1,1,4,1,1,0
70165,SZ,4,5,1,1,6,2,1,-1
70165,SZ,4,5,1,1,7,3,1,-2
70165,SZ,4,5,1,1,10,4,1,-3
70165,SZ,4,5,1,2,3,0,0,0
70165,SZ,4,5,1,2,5,1,0,-1
70165,SZ,4,5,1,2,6,2,0,-2
70165,SZ,4,5,1,2,10,3,0,-3
70165,SZ,4,5,1,2,13,4,0,-4
70165,SZ,4,5,1,3,3,0,0,0
70165,SZ,4,5,1,3,4,1,0,-1
70165,SZ,4,5,1,3,5,2,0,-2
70165,SZ,4,5,1,3,7,3,0,-3
70165,SZ,4,5,1,3,8,4,0,-4
70165,SZ,4,5,1,3,14,5,0,-5
70165,SZ,4,5,1,4,2,0,1,1
70165,SZ,4,5,1,4,3,1,1,0
70165,SZ,4,5,1,4,5,2,1,-1
70165,SZ,4,5,1,4,6,3,1,-2
70165,SZ,4,5,1,4,7,4,1,-3
70165,SZ,4,5,1,4,8,5,1,-4
70165,SZ,4,5,1,4,10,6,1,-5
70165,SZ,4,5,1,4,12,7,1,-6
70165,SZ,4,5,1,4,15,8,1,-7
70165,SZ,4,5,1,5,4,1,0,-1
70165,SZ,4,5,1,5,5,2,0,-2
70165,SZ,4,5,1,5,8,3,0,-3
70165,SZ,4,5,1,5,9,4,0,-4
70165,SZ,4,5,1,5,10,5,0,-5
70165,SZ,4,5,1,5,11,6,0,-6
70165,SZ,4,5,1,5,13,7,0,-7
70165,SZ,5,2,2,1,3,1,0,-1
70165,SZ,5,2,2,1,8,2,0,-2
70165,SZ,5,2,2,1,12,3,0,-3
70165,SZ,5,2,2,1,13,4,0,-4
70165,SZ,5,2,2,2,2,1,0,-1
70165,SZ,5,2,2,2,12,2,0,-2
70165,SZ,5,2,2,2,13,3,0,-3
70165,SZ,6,2,3,2,2,0,1,1
70165,SZ,6,2,3,2,15,1,1,0
70165,SZ,7,6,1,1,2,0,0,0
70165,SZ,7,6,1,1,3,0,1,1
70165,SZ,7,6,1,1,4,1,1,0
70165,SZ,7,6,1,1,5,1,2,1
70165,SZ,7,6,1,1,10,2,2,0
70165,SZ,7,6,1,1,11,2,3,1
70165,SZ,7,6,1,1,12,3,3,0
70165,SZ,7,6,1,1,13,4,3,-1
70165,SZ,7,6,1,1,14,3,5,2
70165,SZ,7,6,1,1,15,5,4,-1
70165,SZ,7,6,1,2,2,0,0,0
70165,SZ,7,6,1,2,3,1,0,-1
70165,SZ,7,6,1,2,6,0,2,2
70165,SZ,7,6,1,2,14,2,1,-1
70165,SZ,7,6,1,2,15,3,1,-2
70165,SZ,7,6,1,3,2,0,1,1
70165,SZ,7,6,1,3,5,1,1,0
70165,SZ,7,6,1,3,6,2,1,-1
70165,SZ,7,6,1,3,7,3,1,-2
70165,SZ,7,6,1,3,9,4,1,-3
70165,SZ,7,6,1,3,10,5,1,-4
70165,SZ,7,6,1,3,12,1,6,5
70165,SZ,7,6,1,3,13,6,2,-4
70165,SZ,7,6,1,4,2,0,0,0
70165,SZ,7,6,1,4,3,0,1,1
70165,SZ,7,6,1,4,5,1,1,0
70165,SZ,7,6,1,4,10,1,2,1
70165,SZ,7,6,1,4,11,2,2,0
70165,SZ,7,6,1,4,13,2,3,1
70165,SZ,7,6,1,4,14,3,3,0
70165,SZ,7,6,1,4,15,4,3,-1
70165,SZ,7,6,1,5,2,0,0,0
70165,SZ,7,6,1,5,3,1,0,-1
70165,SZ,7,6,1,5,6,0,2,2
70165,SZ,7,6,1,5,7,2,1,-1
70165,SZ,7,6,1,5,8,1,3,2
70165,SZ,7,6,1,5,9,2,3,1
70165,SZ,7,6,1,5,10,3,3,0
70165,SZ,7,6,1,5,12,3,4,1
70165,SZ,7,6,1,5,13,4,4,0
70165,SZ,7,6,1,5,14,5,4,-1
70165,SZ,7,6,1,5,15,6,4,-2
70165,SZ,7,6,1,6,2,0,1,1
70165,SZ,7,6,1,6,3,1,1,0
70165,SZ,7,6,1,6,4,1,2,1
70165,SZ,7,6,1,6,5,2,2,0
70165,SZ,7,6,1,6,6,3,2,-1
70165,SZ,7,6,1,6,8,4,2,-2
70165,SZ,7,6,1,6,9,5,2,-3
70165,SZ,7,6,1,6,10,6,2,-4
70165,SZ,7,6,1,6,12,2,7,5
70165,SZ,7,6,1,6,13,7,3,-4
70165,SZ,7,6,1,6,14,8,3,-5
70165,SZ,7,6,1,6,15,9,3,-6
70165,SZ,8,5,2,1,3,0,0,0
70165,SZ,8,5,2,1,5,1,0,-1
70165,SZ,8,5,2,1,6,2,0,-2
70165,SZ,8,5,2,1,7,3,0,-3
70165,SZ,8,5,2,1,8,4,0,-4
70165,SZ,8,5,2,1,9,0,5,5
70165,SZ,8,5,2,1,10,1,5,4
70165,SZ,8,5,2,1,14,5,2,-3
70165,SZ,8,5,2,1,15,6,2,-4
70165,SZ,8,5,2,2,4,0,0,0
70165,SZ,8,5,2,2,10,0,1,1
70165,SZ,8,5,2,3,3,0,0,0
70165,SZ,8,5,2,3,4,1,0,-1
70165,SZ,8,5,2,3,5,2,0,-2
70165,SZ,8,5,2,3,6,3,0,-3
70165,SZ,8,5,2,3,7,4,0,-4
70165,SZ,8,5,2,3,9,0,5,5
70165,SZ,8,5,2,3,10,5,1,-4
70165,SZ,8,5,2,3,13,6,1,-5
70165,SZ,8,5,2,3,14,7,1,-6
70165,SZ,8,5,2,3,15,8,1,-7
70165,SZ,8,5,2,4,2,0,0,0
70165,SZ,8,5,2,4,3,1,0,-1
70165,SZ,8,5,2,4,4,0,2,2
70165,SZ,8,5,2,4,5,1,2,1
70165,SZ,8,5,2,4,6,2,2,0
70165,SZ,8,5,2,4,7,2,3,1
70165,SZ,8,5,2,4,8,3,3,0
70165,SZ,8,5,2,4,9,3,4,1
70165,SZ,8,5,2,4,10,4,4,0
70165,SZ,8,5,2,4,11,5,4,-1
70165,SZ,8,5,2,4,12,4,6,2
70165,SZ,8,5,2,4,14,5,6,1
70165,SZ,8,5,2,4,15,6,6,0
70165,SZ,8,5,2,5,2,1,0,-1
70165,SZ,8,5,2,5,3,0,2,2
70165,SZ,8,5,2,5,4,1,2,1
70165,SZ,8,5,2,5,5,2,2,0
70165,SZ,8,5,2,5,6,2,3,1
70165,SZ,8,5,2,5,7,3,3,0
70165,SZ,8,5,2,5,8,4,3,-1
70165,SZ,8,5,2,5,11,3,5,2
70165,SZ,8,5,2,5,12,5,4,-1
70165,SZ,8,5,2,5,13,6,4,-2
70165,SZ,8,5,2,5,14,7,4,-3
70165,SZ,9,6,2,1,6,0,0,0
70165,SZ,9,6,2,1,7,0,1,1
70165,SZ,9,6,2,1,8,1,1,0
70165,SZ,9,6,2,1,12,2,1,-1
70165,SZ,9,6,2,1,15,3,1,-2
70165,SZ,9,6,2,2,3,0,1,1
70165,SZ,9,6,2,2,4,1,1,0
70165,SZ,9,6,2,2,5,1,2,1
70165,SZ,9,6,2,2,9,2,2,0
70165,SZ,9,6,2,2,10,2,3,1
70165,SZ,9,6,2,2,11,3,3,0
70165,SZ,9,6,2,2,14,3,4,1
70165,SZ,9,6,2,2,15,4,4,0
70165,SZ,9,6,2,3,3,0,0,0
70165,SZ,9,6,2,3,5,1,0,-1
70165,SZ,9,6,2,3,6,2,0,-2
70165,SZ,9,6,2,3,7,3,0,-3
70165,SZ,9,6,2,3,8,0,4,4
70165,SZ,9,6,2,3,9,4,1,-3
70165,SZ,9,6,2,3,10,1,5,4
70165,SZ,9,6,2,3,11,2,5,3
70165,SZ,9,6,2,3,13,3,5,2
70165,SZ,9,6,2,3,14,4,5,1
70165,SZ,9,6,2,4,3,0,0,0
70165,SZ,9,6,2,4,5,0,1,1
70165,SZ,9,6,2,4,6,1,1,0
70165,SZ,9,6,2,4,7,2,1,-1
70165,SZ,9,6,2,4,9,3,1,-2
70165,SZ,9,6,2,4,10,4,1,-3
70165,SZ,9,6,2,4,14,5,1,-4
70165,SZ,9,6,2,4,15,6,1,-5
70165,SZ,9,6,2,5,2,0,0,0
70165,SZ,9,6,2,5,3,0,1,1
70165,SZ,9,6,2,5,4,1,1,0
70165,SZ,9,6,2,5,5,2,1,-1
70165,SZ,9,6,2,5,7,1,3,2
70165,SZ,9,6,2,5,8,3,2,-1
70165,SZ,9,6,2,5,10,2,4,2
70165,SZ,9,6,2,5,12,3,4,1
70165,SZ,9,6,2,5,13,4,4,0
70165,SZ,9,6,2,5,14,5,4,-1
70165,SZ,9,6,2,6,2,0,1,1
70165,SZ,9,6,2,6,3,1,1,0
70165,SZ,9,6,2,6,4,2,1,-1
70165,SZ,9,6,2,6,5,1,3,2
70165,SZ,9,6,2,6,6,3,2,-1
70165,SZ,9,6,2,6,7,2,4,2
70165,SZ,9,6,2,6,8,3,4,1
70165,SZ,9,6,2,6,9,4,4,0
70165,SZ,9,6,2,6,10,4,5,1
70165,SZ,9,6,2,6,11,5,5,0
70165,SZ,9,6,2,6,12,5,6,1
70165,SZ,9,6,2,6,15,6,6,0
70165,SZ,10,2,4,1,3,0,0,0
70165,SZ,10,2,4,1,8,1,0,-1
70165,SZ,10,2,4,2,5,0,1,1
70165,SZ,10,2,4,2,12,1,1,0
70165,SZ,10,2,4,2,15,2,1,-1
70165,SZ,11,4,2,1,3,1,0,-1
70165,SZ,11,4,2,1,4,0,2,2
70165,SZ,11,4,2,1,6,2,1,-1
70165,SZ,11,4,2,1,7,3,1,-2
70165,SZ,11,4,2,1,9,1,4,3
70165,SZ,11,4,2,1,10,4,2,-2
70165,SZ,11,4,2,1,12,5,2,-3
70165,SZ,11,4,2,1,14,6,2,-4
70165,SZ,11,4,2,1,15,2,7,5
70165,SZ,11,4,2,2,2,1,0,-1
70165,SZ,11,4,2,2,3,0,2,2
70165,SZ,11,4,2,2,4,1,2,1
70165,SZ,11,4,2,2,6,2,2,0
70165,SZ,11,4,2,2,12,3,2,-1
70165,SZ,11,4,2,2,14,4,2,-2
70165,SZ,11,4,2,3,8,0,0,0
70165,SZ,11,4,2,3,11,0,1,1
70165,SZ,11,4,2,4,2,1,0,-1
70165,SZ,11,4,2,4,3,2,0,-2
70165,SZ,11,4,2,4,4,0,3,3
70165,SZ,11,4,2,4,5,1,3,2
70165,SZ,11,4,2,4,6,3,2,-1
70165,SZ,11,4,2,4,7,2,4,2
70165,SZ,11,4,2,4,9,4,3,-1
70165,SZ,11,4,2,4,10,5,3,-2
70165,SZ,11,4,2,4,11,3,6,3
70165,SZ,11,4,2,4,13,6,4,-2
70165,SZ,12,3,2,1,2,0,1,1
70165,SZ,12,3,2,1,3,1,1,0
70165,SZ,12,3,2,1,4,2,1,-1
70165,SZ,12,3,2,1,5,3,1,-2
70165,SZ,12,3,2,1,6,4,1,-3
70165,SZ,12,3,2,1,7,5,1,-4
70165,SZ,12,3,2,1,10,6,1,-5
70165,SZ,12,3,2,2,4,1,0,-1
70165,SZ,12,3,2,2,5,2,0,-2
70165,SZ,12,3,2,2,8,3,0,-3
70165,SZ,12,3,2,3,6,0,1,1
70165,SZ,12,3,2,3,7,1,1,0
70165,SZ,12,3,2,3,8,1,2,1
70165,SZ,12,3,2,3,13,2,2,0
70165,SZ,13,5,3,1,2,0,1,1
70165,SZ,13,5,3,1,3,1,1,0
70165,SZ,13,5,3,1,4,1,2,1
70165,SZ,13,5,3,1,7,2,2,0
70165,SZ,13,5,3,1,8,3,2,-1
70165,SZ,13,5,3,1,9,4,2,-2
70165,SZ,13,5,3,1,12,5,2,-3
70165,SZ,13,5,3,1,13,2,6,4
70165,SZ,13,5,3,1,14,6,3,-3
70165,SZ,13,5,3,1,15,3,7,4
70165,SZ,13,5,3,2,2,1,0,-1
70165,SZ,13,5,3,2,3,0,2,2
70165,SZ,13,5,3,2,4,2,1,-1
70165,SZ,13,5,3,2,5,3,1,-2
70165,SZ,13,5,3,2,6,1,4,3
70165,SZ,13,5,3,2,7,4,2,-2
70165,SZ,13,5,3,2,8,2,5,3
70165,SZ,13,5,3,2,9,5,3,-2
70165,SZ,13,5,3,2,10,3,6,3
70165,SZ,13,5,3,2,11,4,6,2
70165,SZ,13,5,3,2,12,5,6,1
70165,SZ,13,5,3,2,13,6,6,0
70165,SZ,13,5,3,2,14,6,7,1
70165,SZ,13,5,3,2,15,7,7,0
70165,SZ,13,5,3,3,2,1,0,-1
70165,SZ,13,5,3,3,3,2,0,-2
70165,SZ,13,5,3,3,6,3,0,-3
70165,SZ,13,5,3,3,8,0,4,4
70165,SZ,13,5,3,3,9,1,4,3
70165,SZ,13,5,3,3,11,2,4,2
70165,SZ,13,5,3,3,12,4,3,-1
70165,SZ,13,5,3,3,13,3,5,2
70165,SZ,13,5,3,4,4,1,0,-1
70165,SZ,13,5,3,4,5,2,0,-2
70165,SZ,13,5,3,4,8,3,0,-3
70165,SZ,13,5,3,4,11,4,0,-4
70165,SZ,13,5,3,4,12,0,5,5
70165,SZ,13,5,3,4,14,1,5,4
70165,SZ,13,5,3,4,15,2,5,3
70165,SZ,13,5,3,5,2,0,0,0
70165,SZ,13,5,3,5,3,1,0,-1
70165,SZ,13,5,3,5,4,2,0,-2
70165,SZ,13,5,3,5,6,3,0,-3
70165,SZ,13,5,3,5,9,0,4,4
70165,SZ,13,5,3,5,12,4,1,-3
70165,SZ,13,5,3,5,13,1,5,4
70165,SZ,13,5,3,5,15,2,5,3
70345,SZ,1,3,1,1,6,0,0,0
70345,SZ,1,3,1,1,8,0,1,1
70345,SZ,1,3,1,2,6,0,0,0
70345,SZ,1,3,1,2,7,1,0,-1
70345,SZ,1,3,1,2,9,2,0,-2
70345,SZ,2,6,1,1,2,1,0,-1
70345,SZ,2,6,1,1,3,2,0,-2
70345,SZ,2,6,1,1,4,3,0,-3
70345,SZ,2,6,1,1,5,0,4,4
70345,SZ,2,6,1,1,7,4,1,-3
70345,SZ,2,6,1,2,3,0,1,1
70345,SZ,2,6,1,2,4,1,1,0
70345,SZ,2,6,1,2,5,2,1,-1
70345,SZ,2,6,1,2,6,3,1,-2
70345,SZ,2,6,1,2,7,1,4,3
70345,SZ,2,6,1,2,8,2,4,2
70345,SZ,2,6,1,2,9,3,4,1
70345,SZ,2,6,1,3,2,0,1,1
70345,SZ,2,6,1,3,4,1,1,0
70345,SZ,2,6,1,3,6,1,2,1
70345,SZ,2,6,1,3,7,2,2,0
70345,SZ,2,6,1,3,8,3,2,-1
70345,SZ,2,6,1,3,9,4,2,-2
70345,SZ,2,6,1,5,2,0,1,1
70345,SZ,2,6,1,5,3,1,1,0
70345,SZ,2,6,1,5,4,2,1,-1
70345,SZ,2,6,1,6,2,1,0,-1
70345,SZ,2,6,1,6,3,2,0,-2
70345,SZ,2,6,1,6,4,3,0,-3
70345,SZ,2,6,1,6,5,0,4,4
70345,SZ,2,6,1,6,10,1,4,3
70345,SZ,3,2,1,1,3,0,0,0
70345,SZ,3,2,1,1,5,1,0,-1
70345,SZ,3,2,1,1,6,0,2,2
70345,SZ,3,2,1,2,2,0,0,0
70345,SZ,3,2,1,2,3,1,0,-1
70345,SZ,3,2,1,2,4,0,2,2
70345,SZ,3,2,1,2,5,1,2,1
70345,SZ,3,2,1,2,6,2,2,0
70345,SZ,4,4,1,1,2,0,0,0
70345,SZ,4,4,1,1,3,1,0,-1
70345,SZ,4,4,1,1,9,2,0,-2
70345,SZ,4,4,1,1,10,3,0,-3
70345,SZ,4,4,1,1,11,4,0,-4
70345,SZ,4,4,1,1,12,5,0,-5
70345,SZ,4,4,1,2,4,0,0,0
70345,SZ,4,4,1,2,7,1,0,-1
70345,SZ,4,4,1,3,6,0,0,0
70345,SZ,4,4,1,3,7,1,0,-1
70345,SZ,6,2,3,1,2,0,1,1
70345,SZ,7,5,1,1,13,0,1,1
70345,SZ,7,5,1,1,15,1,1,0
70345,SZ,7,5,1,2,5,1,0,-1
70345,SZ,7,5,1,2,13,0,2,2
70345,SZ,7,5,1,3,2,0,1,1
70345,SZ,7,5,1,3,3,1,1,0
70345,SZ,7,5,1,3,4,1,2,1
70345,SZ,7,5,1,3,5,2,2,0
70345,SZ,7,5,1,3,6,2,3,1
70345,SZ,7,5,1,3,7,3,3,0
70345,SZ,7,5,1,3,9,4,3,-1
70345,SZ,7,5,1,3,10,3,5,2
70345,SZ,7,5,1,3,14,5,4,-1
70345,SZ,7,5,1,3,15,6,4,-2
70345,SZ,7,5,1,5,2,0,1,1
70345,SZ,7,5,1,5,3,1,1,0
70345,SZ,7,5,1,5,4,1,2,1
70345,SZ,7,5,1,5,5,2,2,0
70345,SZ,7,5,1,5,7,3,2,-1
70345,SZ,7,5,1,5,8,4,2,-2
70345,SZ,7,5,1,5,9,5,2,-3
70345,SZ,7,5,1,5,10,2,6,4
70345,SZ,7,5,1,5,11,6,3,-3
70345,SZ,7,5,1,5,12,7,3,-4
70345,SZ,8,6,2,2,2,0,1,1
70345,SZ,8,6,2,2,3,1,1,0
70345,SZ,8,6,2,2,5,2,1,-1
70345,SZ,8,6,2,2,6,1,3,2
70345,SZ,8,6,2,2,7,2,3,1
70345,SZ,8,6,2,2,8,3,3,0
70345,SZ,8,6,2,2,10,4,3,-1
70345,SZ,8,6,2,2,11,3,5,2
70345,SZ,8,6,2,2,12,4,5,1
70345,SZ,8,6,2,2,14,5,5,0
70345,SZ,8,6,2,3,3,1,0,-1
70345,SZ,8,6,2,3,5,2,0,-2
70345,SZ,8,6,2,3,6,3,0,-3
70345,SZ,8,6,2,3,8,4,0,-4
70345,SZ,8,6,2,3,9,0,5,5
70345,SZ,8,6,2,3,11,5,1,-4
70345,SZ,8,6,2,3,12,6,1,-5
70345,SZ,8,6,2,3,14,1,7,6
70345,SZ,8,6,2,3,15,2,7,5
70345,SZ,8,6,2,4,3,0,0,0
70345,SZ,8,6,2,4,13,0,1,1
70345,SZ,8,6,2,4,15,1,1,0
70345,SZ,8,6,2,5,2,0,1,1
70345,SZ,8,6,2,5,3,1,1,0
70345,SZ,8,6,2,5,4,2,1,-1
70345,SZ,8,6,2,5,5,1,3,2
70345,SZ,8,6,2,5,6,3,2,-1
70345,SZ,8,6,2,5,10,4,2,-2
70345,SZ,8,6,2,5,11,5,2,-3
70345,SZ,9,5,2,2,2,0,1,1
70345,SZ,9,5,2,2,3,1,1,0
70345,SZ,9,5,2,2,4,2,1,-1
70345,SZ,9,5,2,3,3,0,1,1
70345,SZ,9,5,2,3,4,1,1,0
70345,SZ,9,5,2,3,5,1,2,1
70345,SZ,9,5,2,3,6,2,2,0
70345,SZ,9,5,2,3,8,3,2,-1
70345,SZ,9,5,2,3,11,4,2,-2
70345,SZ,9,5,2,4,2,0,0,0
70345,SZ,9,5,2,4,4,1,0,-1
70345,SZ,9,5,2,4,5,0,2,2
70345,SZ,9,5,2,4,6,2,1,-1
70345,SZ,9,5,2,4,7,3,1,-2
70345,SZ,9,5,2,4,9,1,4,3
70345,SZ,9,5,2,4,10,2,4,2
70345,SZ,9,5,2,5,2,0,1,1
70345,SZ,9,5,2,5,3,1,1,0
70345,SZ,9,5,2,5,4,1,2,1
70345,SZ,9,5,2,5,6,2,2,0
70345,SZ,9,5,2,5,7,2,3,1
70345,SZ,9,5,2,5,8,3,3,0
70345,SZ,9,5,2,5,9,3,4,1
70345,SZ,9,5,2,5,12,4,4,0
70345,SZ,10,3,2,1,2,0,1,1
70345,SZ,10,3,2,1,3,1,1,0
70345,SZ,10,3,2,1,4,1,2,1
70345,SZ,10,3,2,1,6,2,2,0
70345,SZ,10,3,2,1,7,2,3,1
70345,SZ,10,3,2,1,10,3,3,0
70345,SZ,10,3,2,2,14,0,0,0
70345,SZ,10,3,2,3,2,1,0,-1
70345,SZ,10,3,2,3,3,0,2,2
70345,SZ,10,3,2,3,8,2,1,-1
70345,SZ,10,3,2,3,9,3,1,-2
70345,SZ,10,3,2,3,13,4,1,-3
70345,SZ,11,2,4,1,6,0,0,0
70345,SZ,11,2,4,1,11,1,0,-1
70345,SZ,12,4,2,1,2,0,1,1
70345,SZ,12,4,2,1,5,1,1,0
70345,SZ,12,4,2,3,2,0,1,1
70345,SZ,13,5,3,3,2,0,1,1
70345,SZ,13,5,3,3,4,1,1,0
70345,SZ,13,5,3,3,5,2,1,-1
70345,SZ,13,5,3,3,9,1,3,2
70345,SZ,13,5,3,4,2,1,0,-1
70345,SZ,13,5,3,4,3,0,2,2
70345,SZ,13,5,3,4,4,2,1,-1
70345,SZ,13,5,3,4,8,3,1,-2
70345,SZ,13,5,3,4,10,1,4,3
70345,SZ,13,5,3,5,2,0,1,1
70345,SZ,13,5,3,5,3,1,1,0
70345,SZ,13,5,3,5,4,2,1,-1
70345,SZ,13,5,3,5,5,3,1,-2
70345,SZ,13,5,3,5,6,4,1,-3
70345,SZ,13,5,3,5,7,5,1,-4
70345,SZ,13,5,3,5,9,1,6,5
70457,HC,3,4,1,1,2,1,0,-1
70457,HC,3,4,1,2,2,0,0,0
70457,HC,3,4,1,2,3,0,1,1
70457,HC,3,4,1,2,4,1,1,0
70457,HC,3,4,1,2,5,1,2,1
70457,HC,3,4,1,2,6,2,2,0
70457,HC,3,4,1,2,7,2,3,1
70457,HC,3,4,1,2,8,3,3,0
70457,HC,3,4,1,2,9,3,4,1
70457,HC,3,4,1,2,10,4,4,0
70457,HC,3,4,1,3,2,0,0,0
70457,HC,3,4,1,3,3,1,0,-1
70457,HC,3,4,1,3,4,0,2,2
70457,HC,3,4,1,3,5,1,2,1
70457,HC,3,4,1,4,2,0,1,1
70457,HC,3,4,1,4,3,1,1,0
70457,HC,3,4,1,4,4,1,2,1
70457,HC,3,4,1,4,5,2,2,0
70457,HC,3,4,1,4,10,3,2,-1
70457,HC,3,4,1,4,13,4,2,-2
70457,HC,3,4,1,4,15,5,2,-3
70457,HC,4,5,1,1,2,0,1,1
70457,HC,4,5,1,1,6,1,1,0
70457,HC,4,5,1,1,8,2,1,-1
70457,HC,4,5,1,1,9,3,1,-2
70457,HC,4,5,1,3,2,0,1,1
70457,HC,4,5,1,3,4,1,1,0
70457,HC,4,5,1,3,5,1,2,1
70457,HC,4,5,1,5,2,1,0,-1
70457,HC,4,5,1,5,3,0,2,2
70457,HC,4,5,1,5,4,1,2,1
70457,HC,4,5,1,5,6,2,2,0
70457,HC,6,6,1,2,5,0,0,0
70457,HC,6,6,1,2,6,0,1,1
70457,HC,6,6,1,2,7,1,1,0
70457,HC,6,6,1,2,8,2,1,-1
70457,HC,6,6,1,2,9,1,3,2
70457,HC,6,6,1,2,10,3,2,-1
70457,HC,6,6,1,2,11,2,4,2
70457,HC,6,6,1,2,12,4,3,-1
70457,HC,6,6,1,2,13,5,3,-2
70457,HC,6,6,1,2,14,3,6,3
70457,HC,6,6,1,4,3,1,0,-1
70457,HC,6,6,1,4,4,0,2,2
70457,HC,6,6,1,4,5,2,1,-1
70457,HC,6,6,1,4,6,3,1,-2
70457,HC,6,6,1,4,7,4,1,-3
70457,HC,6,6,1,5,2,1,0,-1
70457,HC,6,6,1,5,5,2,0,-2
70457,HC,6,6,1,5,6,3,0,-3
70457,HC,6,6,1,5,8,4,0,-4
70457,HC,6,6,1,5,9,5,0,-5
70457,HC,6,6,1,5,10,6,0,-6
70457,HC,6,6,1,5,12,0,7,7
70457,HC,6,6,1,5,13,1,7,6
70457,HC,6,6,1,5,14,7,2,-5
70457,HC,6,6,1,5,15,8,2,-6
70457,HC,8,6,2,1,3,0,0,0
70457,HC,8,6,2,2,2,0,0,0
70457,HC,8,6,2,2,3,1,0,-1
70457,HC,8,6,2,2,4,0,2,2
70457,HC,8,6,2,2,5,1,2,1
70457,HC,8,6,2,2,6,2,2,0
70457,HC,8,6,2,2,7,3,2,-1
70457,HC,8,6,2,2,8,2,4,2
70457,HC,8,6,2,2,9,4,3,-1
70457,HC,8,6,2,2,10,3,5,2
70457,HC,8,6,2,2,11,4,5,1
70457,HC,8,6,2,2,12,5,5,0
70457,HC,8,6,2,2,13,6,5,-1
70457,HC,8,6,2,5,2,1,0,-1
70457,HC,8,6,2,5,3,2,0,-2
70457,HC,8,6,2,5,4,3,0,-3
70457,HC,9,5,2,1,2,0,1,1
70457,HC,9,5,2,1,3,1,1,0
70457,HC,9,5,2,1,5,1,2,1
70457,HC,9,5,2,5,2,1,0,-1
70457,HC,9,5,2,5,3,0,2,2
70457,HC,9,5,2,5,4,2,1,-1
70457,HC,9,5,2,5,5,3,1,-2
70457,HC,10,3,2,1,2,0,1,1
70457,HC,10,3,2,2,4,0,0,0
70457,HC,10,3,2,3,4,0,1,1
70457,HC,11,2,4,1,2,0,1,1
70457,HC,12,4,2,1,4,0,0,0
70457,HC,12,4,2,2,3,0,0,0
70457,HC,12,4,2,2,4,1,0,-1
70457,HC,12,4,2,3,6,0,0,0
70457,HC,12,4,2,4,3,0,1,1
70457,HC,12,4,2,4,5,1,1,0
70457,HC,12,4,2,4,6,1,2,1
70457,HC,13,5,3,1,4,1,0,-1
70457,HC,13,5,3,1,6,0,2,2
70457,HC,13,5,3,1,7,2,1,-1
70457,HC,13,5,3,1,8,1,3,2
70457,HC,13,5,3,1,9,3,2,-1
70457,HC,13,5,3,3,2,0,1,1
70457,HC,13,5,3,4,2,0,1,1
70457,HC,13,5,3,4,3,1,1,0
70457,HC,13,5,3,4,4,2,1,-1
70457,HC,13,5,3,4,6,3,1,-2
70457,HC,13,5,3,4,7,4,1,-3
70457,HC,13,5,3,4,8,5,1,-4
70457,HC,13,5,3,4,9,6,1,-5
70457,HC,13,5,3,5,2,0,1,1
70536,SZ,1,5,1,1,2,0,0,0
70536,SZ,1,5,1,1,3,1,0,-1
70536,SZ,1,5,1,1,5,2,0,-2
70536,SZ,1,5,1,1,7,3,0,-3
70536,SZ,1,5,1,1,8,4,0,-4
70536,SZ,1,5,1,1,9,5,0,-5
70536,SZ,1,5,1,1,10,6,0,-6
70536,SZ,1,5,1,1,12,0,7,7
70536,SZ,1,5,1,1,13,7,1,-6
70536,SZ,1,5,1,1,14,1,8,7
70536,SZ,1,5,1,2,2,0,1,1
70536,SZ,1,5,1,2,4,1,1,0
70536,SZ,1,5,1,2,5,2,1,-1
70536,SZ,1,5,1,2,10,3,1,-2
70536,SZ,1,5,1,2,11,1,4,3
70536,SZ,1,5,1,2,12,2,4,2
70536,SZ,1,5,1,2,13,4,3,-1
70536,SZ,1,5,1,3,3,0,0,0
70536,SZ,1,5,1,3,4,0,1,1
70536,SZ,1,5,1,3,5,1,1,0
70536,SZ,1,5,1,3,6,1,2,1
70536,SZ,1,5,1,3,7,2,2,0
70536,SZ,1,5,1,3,9,3,2,-1
70536,SZ,1,5,1,3,10,4,2,-2
70536,SZ,1,5,1,3,11,2,5,3
70536,SZ,1,5,1,3,12,3,5,2
70536,SZ,1,5,1,4,2,0,1,1
70536,SZ,1,5,1,4,5,1,1,0
70536,SZ,1,5,1,4,6,2,1,-1
70536,SZ,1,5,1,4,7,3,1,-2
70536,SZ,1,5,1,4,8,1,4,3
70536,SZ,1,5,1,5,2,0,1,1
70536,SZ,1,5,1,5,3,1,1,0
70536,SZ,1,5,1,5,4,1,2,1
70536,SZ,1,5,1,5,5,2,2,0
70536,SZ,1,5,1,5,6,3,2,-1
70536,SZ,1,5,1,5,8,2,4,2
70536,SZ,2,2,1,2,4,0,1,1
70536,SZ,2,2,1,2,8,1,1,0
70536,SZ,3,4,1,2,2,0,1,1
70536,SZ,3,4,1,3,2,0,1,1
70536,SZ,3,4,1,4,4,0,0,0
70536,SZ,4,6,1,1,2,0,1,1
70536,SZ,4,6,1,2,6,0,0,0
70536,SZ,4,6,1,3,5,0,0,0
70536,SZ,4,6,1,3,6,1,0,-1
70536,SZ,4,6,1,3,7,2,0,-2
70536,SZ,4,6,1,3,8,3,0,-3
70536,SZ,4,6,1,4,2,0,1,1
70536,SZ,4,6,1,4,3,1,1,0
70536,SZ,4,6,1,5,2,0,1,1
70536,SZ,4,6,1,5,3,1,1,0
70536,SZ,4,6,1,5,5,2,1,-1
70536,SZ,5,2,2,1,2,0,1,1
70536,SZ,7,3,1,3,2,0,1,1
70536,SZ,8,5,2,1,3,0,1,1
70536,SZ,8,5,2,1,5,1,1,0
70536,SZ,8,5,2,2,2,1,0,-1
70536,SZ,8,5,2,2,3,2,0,-2
70536,SZ,8,5,2,2,9,0,3,3
70536,SZ,8,5,2,2,10,1,3,2
70536,SZ,8,5,2,4,2,1,0,-1
70536,SZ,8,5,2,5,2,1,0,-1
70536,SZ,8,5,2,5,3,2,0,-2
70536,SZ,8,5,2,5,4,0,3,3
70536,SZ,8,5,2,5,5,1,3,2
70536,SZ,8,5,2,5,9,2,3,1
70536,SZ,9,6,2,1,3,1,0,-1
70536,SZ,9,6,2,2,2,0,1,1
70536,SZ,9,6,2,2,5,1,1,0
70536,SZ,9,6,2,3,2,0,1,1
70536,SZ,9,6,2,3,3,1,1,0
70536,SZ,9,6,2,3,4,2,1,-1
70536,SZ,9,6,2,3,5,3,1,-2
70536,SZ,9,6,2,4,2,0,1,1
70536,SZ,9,6,2,5,3,0,0,0
70536,SZ,9,6,2,6,2,0,0,0
70536,SZ,9,6,2,6,3,0,1,1
70536,SZ,9,6,2,6,4,1,1,0
70536,SZ,9,6,2,6,5,2,1,-1
70536,SZ,9,6,2,6,7,1,3,2
70536,SZ,10,5,3,1,3,1,0,-1
70536,SZ,10,5,3,1,4,0,2,2
70536,SZ,10,5,3,1,5,2,1,-1
70536,SZ,10,5,3,3,2,0,1,1
70536,SZ,10,5,3,4,2,0,1,1
70536,SZ,11,2,4,1,2,0,1,1
70536,SZ,11,2,4,2,8,0,0,0
70536,SZ,12,4,2,1,10,1,0,-1
70536,SZ,12,4,2,2,6,0,0,0
70536,SZ,12,4,2,2,8,1,0,-1
70536,SZ,12,4,2,3,2,0,1,1
70626,HC,3,3,1,1,2,0,1,1
70626,HC,4,6,1,1,2,0,1,1
70626,HC,4,6,1,1,10,1,1,0
70626,HC,4,6,1,2,5,1,0,-1
70626,HC,4,6,1,2,12,0,2,2
70626,HC,4,6,1,2,14,2,1,-1
70626,HC,4,6,1,3,2,0,1,1
70626,HC,4,6,1,3,5,1,1,0
70626,HC,4,6,1,3,8,2,1,-1
70626,HC,4,6,1,3,9,3,1,-2
70626,HC,4,6,1,3,10,4,1,-3
70626,HC,4,6,1,3,11,1,5,4
70626,HC,4,6,1,3,12,5,2,-3
70626,HC,4,6,1,3,13,6,2,-4
70626,HC,4,6,1,3,14,2,7,5
70626,HC,4,6,1,3,15,3,7,4
70626,HC,4,6,1,4,3,0,1,1
70626,HC,4,6,1,4,13,1,1,0
70626,HC,4,6,1,6,2,0,1,1
70626,HC,4,6,1,6,3,1,1,0
70626,HC,4,6,1,6,4,1,2,1
70626,HC,4,6,1,6,5,2,2,0
70626,HC,4,6,1,6,7,3,2,-1
70626,HC,4,6,1,6,8,4,2,-2
70626,HC,6,5,1,1,2,0,1,1
70626,HC,6,5,1,1,3,1,1,0
70626,HC,6,5,1,1,4,2,1,-1
70626,HC,6,5,1,1,5,3,1,-2
70626,HC,6,5,1,1,6,4,1,-3
70626,HC,6,5,1,1,7,1,5,4
70626,HC,6,5,1,1,8,2,5,3
70626,HC,6,5,1,1,10,5,3,-2
70626,HC,6,5,1,1,11,3,6,3
70626,HC,6,5,1,1,12,4,6,2
70626,HC,6,5,1,1,14,6,5,-1
70626,HC,6,5,1,1,15,5,7,2
70626,HC,6,5,1,2,13,1,0,-1
70626,HC,6,5,1,2,15,2,0,-2
70626,HC,6,5,1,3,3,0,1,1
70626,HC,6,5,1,3,4,1,1,0
70626,HC,6,5,1,3,5,1,2,1
70626,HC,6,5,1,3,6,2,2,0
70626,HC,6,5,1,3,7,2,3,1
70626,HC,6,5,1,3,8,3,3,0
70626,HC,6,5,1,3,9,3,4,1
70626,HC,6,5,1,3,10,4,4,0
70626,HC,6,5,1,3,11,4,5,1
70626,HC,6,5,1,3,12,5,5,0
70626,HC,6,5,1,3,14,5,6,1
70626,HC,6,5,1,3,15,6,6,0
70626,HC,6,5,1,5,2,1,0,-1
70626,HC,6,5,1,5,3,0,2,2
70626,HC,6,5,1,5,4,1,2,1
70626,HC,6,5,1,5,5,2,2,0
70626,HC,6,5,1,5,8,3,2,-1
70626,HC,7,4,1,1,2,0,1,1
70626,HC,7,4,1,1,6,1,1,0
70626,HC,7,4,1,3,2,0,1,1
70626,HC,7,4,1,4,6,0,0,0
70626,HC,8,5,2,1,3,1,0,-1
70626,HC,8,5,2,1,5,0,2,2
70626,HC,8,5,2,1,6,2,1,-1
70626,HC,8,5,2,2,3,0,1,1
70626,HC,8,5,2,2,5,1,1,0
70626,HC,8,5,2,3,3,1,0,-1
70626,HC,8,5,2,3,5,0,2,2
70626,HC,9,6,2,1,2,0,1,1
70626,HC,9,6,2,2,2,1,0,-1
70626,HC,9,6,2,3,3,1,0,-1
70626,HC,9,6,2,4,3,1,0,-1
70626,HC,9,6,2,4,4,2,0,-2
70626,HC,9,6,2,4,5,3,0,-3
70626,HC,9,6,2,5,4,0,0,0
70626,HC,9,6,2,5,8,0,1,1
70626,HC,9,6,2,6,2,0,0,0
70626,HC,9,6,2,6,3,1,0,-1
70626,HC,9,6,2,6,4,0,2,2
70626,HC,9,6,2,6,5,1,2,1
70626,HC,10,2,4,1,2,0,1,1
70626,HC,10,2,4,1,7,1,1,0
70626,HC,11,3,2,1,2,0,1,1
70626,HC,12,5,3,1,2,0,1,1
70626,HC,12,5,3,1,3,1,1,0
70626,HC,12,5,3,2,2,0,1,1
70626,HC,12,5,3,3,2,0,1,1
70626,HC,13,4,2,1,2,0,1,1
70626,HC,13,4,2,2,3,1,0,-1
70626,HC,13,4,2,3,3,0,0,0
70626,HC,13,4,2,4,2,0,1,1
71223,HC,1,6,1,2,5,1,0,-1
71223,HC,1,6,1,4,5,0,0,0
71223,HC,1,6,1,5,3,0,0,0
71223,HC,3,3,1,1,2,0,1,1
71223,HC,4,2,2,1,2,0,1,1
71223,HC,4,2,2,1,9,1,1,0
71223,HC,4,2,2,2,2,0,1,1
71223,HC,5,5,1,1,6,0,1,1
71223,HC,5,5,1,3,2,1,0,-1
71223,HC,5,5,1,3,3,0,2,2
71223,HC,5,5,1,3,4,2,1,-1
71223,HC,5,5,1,5,2,0,1,1
71223,HC,6,4,1,4,3,0,1,1
71223,HC,8,5,2,2,2,0,1,1
71223,HC,8,5,2,2,3,1,1,0
71223,HC,8,5,2,2,4,1,2,1
71223,HC,8,5,2,3,4,1,0,-1
71223,HC,8,5,2,3,5,2,0,-2
71223,HC,8,5,2,4,2,0,1,1
71223,HC,8,5,2,4,3,1,1,0
71223,HC,9,6,2,2,4,0,0,0
71223,HC,9,6,2,4,3,0,1,1
71223,HC,9,6,2,6,2,0,1,1
71223,HC,10,2,4,2,2,0,1,1
71223,HC,11,3,2,3,2,0,1,1
71223,HC,12,5,3,2,2,0,1,1
71223,HC,12,5,3,2,3,1,1,0
71223,HC,12,5,3,2,10,1,2,1
71223,HC,12,5,3,3,2,0,1,1
71223,HC,12,5,3,3,3,1,1,0
71223,HC,12,5,3,4,2,0,1,1
71223,HC,12,5,3,4,7,1,1,0
71223,HC,12,5,3,5,3,0,0,0
71223,HC,12,5,3,5,6,0,1,1
71223,HC,12,5,3,5,8,1,1,0
71223,HC,12,5,3,5,9,1,2,1
71223,HC,13,4,2,2,2,0,1,1
71223,HC,13,4,2,3,2,0,1,1
71223,HC,13,4,2,3,3,1,1,0
71223,HC,13,4,2,4,2,0,1,1
71223,HC,13,4,2,4,8,1,1,0
71594,SZ,1,6,1,1,2,1,0,-1
71594,SZ,1,6,1,1,3,0,2,2
71594,SZ,1,6,1,1,4,2,1,-1
71594,SZ,1,6,1,1,5,3,1,-2
71594,SZ,1,6,1,1,6,1,4,3
71594,SZ,1,6,1,1,7,4,2,-2
71594,SZ,1,6,1,1,8,2,5,3
71594,SZ,1,6,1,1,9,5,3,-2
71594,SZ,1,6,1,1,10,6,3,-3
71594,SZ,1,6,1,1,11,3,7,4
71594,SZ,1,6,1,1,12,4,7,3
71594,SZ,1,6,1,1,13,5,7,2
71594,SZ,1,6,1,1,14,7,6,-1
71594,SZ,1,6,1,1,15,6,8,2
71594,SZ,1,6,1,2,7,0,0,0
71594,SZ,1,6,1,3,2,0,0,0
71594,SZ,1,6,1,3,4,1,0,-1
71594,SZ,1,6,1,3,13,0,2,2
71594,SZ,1,6,1,4,2,0,1,1
71594,SZ,1,6,1,4,5,1,1,0
71594,SZ,1,6,1,4,6,2,1,-1
71594,SZ,1,6,1,4,7,3,1,-2
71594,SZ,1,6,1,4,8,4,1,-3
71594,SZ,1,6,1,4,9,5,1,-4
71594,SZ,1,6,1,5,4,0,0,0
71594,SZ,1,6,1,5,5,1,0,-1
71594,SZ,1,6,1,5,6,0,2,2
71594,SZ,1,6,1,5,8,2,1,-1
71594,SZ,1,6,1,5,10,3,1,-2
71594,SZ,1,6,1,5,11,4,1,-3
71594,SZ,1,6,1,6,2,0,1,1
71594,SZ,1,6,1,6,12,1,1,0
71594,SZ,1,6,1,6,15,2,1,-1
71594,SZ,2,2,1,1,2,0,1,1
71594,SZ,2,2,1,1,7,1,1,0
71594,SZ,4,3,1,2,3,0,0,0
71594,SZ,5,5,1,3,2,0,1,1
71594,SZ,5,5,1,3,3,1,1,0
71594,SZ,5,5,1,3,4,2,1,-1
71594,SZ,5,5,1,4,2,0,1,1
71594,SZ,5,5,1,5,5,0,1,1
71594,SZ,6,4,1,1,2,0,1,1
71594,SZ,6,4,1,1,3,1,1,0
71594,SZ,6,4,1,1,5,2,1,-1
71594,SZ,6,4,1,2,2,0,1,1
71594,SZ,6,4,1,2,3,1,1,0
71594,SZ,6,4,1,2,4,1,2,1
71594,SZ,6,4,1,2,6,2,2,0
71594,SZ,8,6,2,1,2,1,0,-1
71594,SZ,8,6,2,1,3,0,2,2
71594,SZ,8,6,2,1,4,1,2,1
71594,SZ,8,6,2,1,5,2,2,0
71594,SZ,8,6,2,2,2,0,1,1
71594,SZ,8,6,2,3,2,0,0,0
71594,SZ,8,6,2,3,4,1,0,-1
71594,SZ,8,6,2,3,6,2,0,-2
71594,SZ,8,6,2,3,7,3,0,-3
71594,SZ,8,6,2,3,8,4,0,-4
71594,SZ,8,6,2,3,9,0,5,5
71594,SZ,8,6,2,4,5,0,0,0
71594,SZ,8,6,2,4,9,1,0,-1
71594,SZ,8,6,2,4,10,2,0,-2
71594,SZ,8,6,2,5,4,1,0,-1
71594,SZ,8,6,2,5,5,2,0,-2
71594,SZ,8,6,2,6,2,1,0,-1
71594,SZ,8,6,2,6,4,2,0,-2
71594,SZ,8,6,2,6,7,3,0,-3
71594,SZ,8,6,2,6,8,4,0,-4
71594,SZ,8,6,2,6,10,5,0,-5
71594,SZ,9,5,2,1,2,0,1,1
71594,SZ,9,5,2,1,3,1,1,0
71594,SZ,9,5,2,2,2,1,0,-1
71594,SZ,9,5,2,2,3,0,2,2
71594,SZ,10,2,4,1,2,0,1,1
71594,SZ,10,2,4,2,2,0,1,1
71594,SZ,11,3,2,2,2,0,1,1
71594,SZ,11,3,2,2,7,1,1,0
71594,SZ,11,3,2,3,2,0,1,1
71594,SZ,12,5,3,3,7,1,0,-1
71594,SZ,12,5,3,4,2,1,0,-1
71594,SZ,12,5,3,4,4,0,2,2
71594,SZ,12,5,3,4,5,2,1,-1
71594,SZ,12,5,3,4,6,3,1,-2
71594,SZ,12,5,3,4,7,4,1,-3
71594,SZ,12,5,3,5,2,1,0,-1
71594,SZ,12,5,3,5,4,2,0,-2
71594,SZ,12,5,3,5,5,0,3,3
71594,SZ,13,4,2,1,2,0,1,1
71594,SZ,13,4,2,1,4,1,1,0
71594,SZ,13,4,2,1,9,2,1,-1
71594,SZ,13,4,2,4,2,0,1,1
71594,SZ,13,4,2,4,3,1,1,0
71594,SZ,13,4,2,4,4,2,1,-1
71594,SZ,13,4,2,4,5,1,3,2
71998,HC,1,2,1,2,2,0,1,1
71998,HC,2,2,2,2,2,0,1,1
71998,HC,3,6,1,1,2,0,1,1
71998,HC,3,6,1,1,3,1,1,0
71998,HC,3,6,1,1,4,1,2,1
71998,HC,3,6,1,1,5,2,2,0
71998,HC,3,6,1,1,6,2,3,1
71998,HC,3,6,1,1,8,3,3,0
71998,HC,3,6,1,4,2,0,1,1
71998,HC,3,6,1,4,3,1,1,0
71998,HC,3,6,1,4,5,2,1,-1
71998,HC,3,6,1,4,7,3,1,-2
71998,HC,3,6,1,4,8,1,4,3
71998,HC,3,6,1,4,9,2,4,2
71998,HC,3,6,1,4,10,3,4,1
71998,HC,3,6,1,4,11,4,4,0
71998,HC,3,6,1,5,2,1,0,-1
71998,HC,3,6,1,6,2,1,0,-1
71998,HC,4,3,1,2,2,0,1,1
71998,HC,6,5,1,1,2,0,1,1
71998,HC,6,5,1,1,3,1,1,0
71998,HC,6,5,1,2,9,0,1,1
71998,HC,6,5,1,4,2,0,1,1
71998,HC,6,5,1,4,3,1,1,0
71998,HC,6,5,1,5,2,1,0,-1
71998,HC,6,5,1,5,3,2,0,-2
71998,HC,6,5,1,5,4,3,0,-3
71998,HC,6,5,1,5,5,0,4,4
71998,HC,6,5,1,5,6,4,1,-3
71998,HC,6,5,1,5,8,5,1,-4
71998,HC,7,4,1,3,2,0,1,1
71998,HC,7,4,1,4,2,0,1,1
71998,HC,8,5,2,1,2,0,1,1
71998,HC,8,5,2,1,4,1,1,0
71998,HC,8,5,2,1,6,2,1,-1
71998,HC,8,5,2,4,2,0,1,1
71998,HC,8,5,2,4,3,1,1,0
71998,HC,8,5,2,4,5,2,1,-1
71998,HC,8,5,2,5,2,0,1,1
71998,HC,9,6,2,1,2,0,1,1
71998,HC,9,6,2,5,2,0,1,1
71998,HC,9,6,2,6,2,0,1,1
71998,HC,10,2,4,2,2,0,1,1
71998,HC,11,3,2,2,2,0,1,1
71998,HC,12,5,3,2,2,0,1,1
71998,HC,12,5,3,2,3,1,1,0
71998,HC,12,5,3,2,4,2,1,-1
71998,HC,12,5,3,2,9,3,1,-2
71998,HC,12,5,3,3,2,0,1,1
71998,HC,12,5,3,3,5,1,1,0
71998,HC,12,5,3,3,6,1,2,1
71998,HC,12,5,3,5,3,1,0,-1
71998,HC,12,5,3,5,7,2,0,-2
71998,HC,13,4,2,4,2,0,1,1
72088,SZ,1,5,1,1,2,1,0,-1
72088,SZ,1,5,1,1,3,2,0,-2
72088,SZ,1,5,1,1,6,3,0,-3
72088,SZ,1,5,1,1,7,4,0,-4
72088,SZ,1,5,1,1,8,0,5,5
72088,SZ,1,5,1,1,9,5,1,-4
72088,SZ,1,5,1,2,3,1,0,-1
72088,SZ,1,5,1,2,4,2,0,-2
72088,SZ,1,5,1,2,5,0,3,3
72088,SZ,1,5,1,2,6,3,1,-2
72088,SZ,1,5,1,2,7,1,4,3
72088,SZ,1,5,1,2,9,2,4,2
72088,SZ,1,5,1,2,10,4,3,-1
72088,SZ,1,5,1,2,11,3,5,2
72088,SZ,1,5,1,2,12,5,4,-1
72088,SZ,1,5,1,2,14,4,6,2
72088,SZ,1,5,1,2,15,6,5,-1
72088,SZ,1,5,1,4,2,1,0,-1
72088,SZ,1,5,1,4,3,0,2,2
72088,SZ,1,5,1,4,6,2,1,-1
72088,SZ,1,5,1,4,7,1,3,2
72088,SZ,1,5,1,4,8,3,2,-1
72088,SZ,1,5,1,4,9,2,4,2
72088,SZ,1,5,1,4,12,4,3,-1
72088,SZ,1,5,1,4,13,3,5,2
72088,SZ,1,5,1,4,15,5,4,-1
72088,SZ,1,5,1,5,3,0,1,1
72088,SZ,1,5,1,5,4,1,1,0
72088,SZ,1,5,1,5,5,1,2,1
72088,SZ,1,5,1,5,6,2,2,0
72088,SZ,1,5,1,5,7,3,2,-1
72088,SZ,1,5,1,5,10,4,2,-2
72088,SZ,1,5,1,5,11,5,2,-3
72088,SZ,2,4,1,2,2,1,0,-1
72088,SZ,2,4,1,2,4,2,0,-2
72088,SZ,3,6,1,1,2,0,0,0
72088,SZ,3,6,1,1,11,0,1,1
72088,SZ,3,6,1,2,2,0,1,1
72088,SZ,3,6,1,2,3,1,1,0
72088,SZ,3,6,1,2,5,2,1,-1
72088,SZ,3,6,1,2,6,1,3,2
72088,SZ,3,6,1,2,8,3,2,-1
72088,SZ,3,6,1,3,2,0,1,1
72088,SZ,3,6,1,3,3,1,1,0
72088,SZ,3,6,1,3,4,2,1,-1
72088,SZ,3,6,1,3,5,1,3,2
72088,SZ,3,6,1,3,6,3,2,-1
72088,SZ,3,6,1,3,7,2,4,2
72088,SZ,3,6,1,3,8,3,4,1
72088,SZ,3,6,1,3,10,4,4,0
72088,SZ,3,6,1,3,12,4,5,1
72088,SZ,3,6,1,3,13,5,5,0
72088,SZ,3,6,1,4,2,0,1,1
72088,SZ,3,6,1,4,5,1,1,0
72088,SZ,3,6,1,4,6,2,1,-1
72088,SZ,3,6,1,4,7,3,1,-2
72088,SZ,3,6,1,4,8,1,4,3
72088,SZ,3,6,1,4,9,2,4,2
72088,SZ,3,6,1,4,10,4,3,-1
72088,SZ,3,6,1,4,11,3,5,2
72088,SZ,3,6,1,4,12,5,4,-1
72088,SZ,3,6,1,5,2,0,1,1
72088,SZ,3,6,1,5,3,1,1,0
72088,SZ,3,6,1,5,4,1,2,1
72088,SZ,3,6,1,5,5,2,2,0
72088,SZ,3,6,1,5,6,3,2,-1
72088,SZ,3,6,1,5,7,4,2,-2
72088,SZ,3,6,1,5,8,5,2,-3
72088,SZ,3,6,1,5,11,6,2,-4
72088,SZ,5,2,1,1,3,1,0,-1
72088,SZ,6,2,2,2,9,0,0,0
72088,SZ,7,2,3,2,9,0,0,0
72088,SZ,8,5,2,1,3,0,1,1
72088,SZ,8,5,2,1,4,1,1,0
72088,SZ,8,5,2,1,6,2,1,-1
72088,SZ,8,5,2,1,7,3,1,-2
72088,SZ,8,5,2,1,8,4,1,-3
72088,SZ,8,5,2,1,9,5,1,-4
72088,SZ,8,5,2,1,10,6,1,-5
72088,SZ,8,5,2,1,11,7,1,-6
72088,SZ,8,5,2,1,12,8,1,-7
72088,SZ,8,5,2,1,14,9,1,-8
72088,SZ,8,5,2,1,15,1,10,9
72088,SZ,8,5,2,2,2,1,0,-1
72088,SZ,8,5,2,2,3,2,0,-2
72088,SZ,8,5,2,2,5,3,0,-3
72088,SZ,8,5,2,2,7,0,4,4
72088,SZ,8,5,2,2,8,4,1,-3
72088,SZ,8,5,2,2,9,1,5,4
72088,SZ,8,5,2,2,10,5,2,-3
72088,SZ,8,5,2,2,12,2,6,4
72088,SZ,8,5,2,2,14,3,6,3
72088,SZ,8,5,2,2,15,6,4,-2
72088,SZ,8,5,2,3,6,0,0,0
72088,SZ,8,5,2,3,8,0,1,1
72088,SZ,8,5,2,4,8,1,0,-1
72088,SZ,8,5,2,4,14,2,0,-2
72088,SZ,8,5,2,5,2,0,1,1
72088,SZ,8,5,2,5,6,1,1,0
72088,SZ,8,5,2,5,7,2,1,-1
72088,SZ,9,6,2,1,4,0,0,0
72088,SZ,9,6,2,1,5,1,0,-1
72088,SZ,9,6,2,1,6,0,2,2
72088,SZ,9,6,2,1,7,1,2,1
72088,SZ,9,6,2,1,11,2,2,0
72088,SZ,9,6,2,2,2,0,1,1
72088,SZ,9,6,2,2,3,1,1,0
72088,SZ,9,6,2,2,5,1,2,1
72088,SZ,9,6,2,2,8,2,2,0
72088,SZ,9,6,2,3,2,1,0,-1
72088,SZ,9,6,2,3,3,0,2,2
72088,SZ,9,6,2,3,4,1,2,1
72088,SZ,9,6,2,3,6,2,2,0
72088,SZ,9,6,2,3,7,2,3,1
72088,SZ,9,6,2,3,8,3,3,0
72088,SZ,9,6,2,3,9,3,4,1
72088,SZ,9,6,2,3,10,4,4,0
72088,SZ,9,6,2,4,2,1,0,-1
72088,SZ,9,6,2,4,3,0,2,2
72088,SZ,9,6,2,4,4,2,1,-1
72088,SZ,9,6,2,4,5,3,1,-2
72088,SZ,9,6,2,4,6,4,1,-3
72088,SZ,9,6,2,4,7,5,1,-4
72088,SZ,9,6,2,6,2,1,0,-1
72088,SZ,9,6,2,6,4,2,0,-2
72088,SZ,9,6,2,6,5,0,3,3
72088,SZ,9,6,2,6,6,1,3,2
72088,SZ,9,6,2,6,7,3,2,-1
72088,SZ,9,6,2,6,8,4,2,-2
72088,SZ,9,6,2,6,9,5,2,-3
72088,SZ,9,6,2,6,10,2,6,4
72088,SZ,9,6,2,6,11,6,3,-3
72088,SZ,10,5,3,1,4,1,0,-1
72088,SZ,10,5,3,2,2,0,1,1
72088,SZ,10,5,3,2,3,1,1,0
72088,SZ,10,5,3,3,2,0,1,1
72088,SZ,10,5,3,3,3,1,1,0
72088,SZ,10,5,3,3,6,1,2,1
72088,SZ,10,5,3,4,2,1,0,-1
72088,SZ,10,5,3,4,3,0,2,2
72088,SZ,10,5,3,5,2,1,0,-1
72088,SZ,10,5,3,5,3,2,0,-2
72088,SZ,10,5,3,5,5,3,0,-3
72088,SZ,10,5,3,5,6,0,4,4
72088,SZ,10,5,3,5,7,1,4,3
72088,SZ,11,4,2,1,3,1,0,-1
72088,SZ,11,4,2,2,4,0,1,1
72088,SZ,11,4,2,2,5,1,1,0
72088,SZ,11,4,2,3,3,0,0,0
72088,SZ,11,4,2,3,4,1,0,-1
72088,SZ,11,4,2,3,5,0,2,2
72088,SZ,11,4,2,3,6,2,1,-1
72088,SZ,11,4,2,4,3,0,0,0
72088,SZ,11,4,2,4,5,0,1,1
72088,SZ,11,4,2,4,7,1,1,0
72088,SZ,11,4,2,4,8,2,1,-1
72088,SZ,11,4,2,4,9,1,3,2
72088,SZ,12,3,2,2,2,0,1,1
72088,SZ,12,3,2,2,3,1,1,0
72088,SZ,12,3,2,2,4,1,2,1
72088,SZ,12,3,2,2,5,2,2,0
72088,SZ,12,3,2,2,7,2,3,1
72088,SZ,12,3,2,3,2,1,0,-1
72088,SZ,12,3,2,3,3,2,0,-2
73091,HC,1,2,1,1,4,0,1,1
73091,HC,2,6,1,1,4,0,0,0
73091,HC,2,6,1,2,2,0,0,0
73091,HC,2,6,1,4,2,0,1,1
73091,HC,2,6,1,4,5,1,1,0
73091,HC,2,6,1,4,7,2,1,-1
73091,HC,2,6,1,4,11,3,1,-2
73091,HC,2,6,1,5,2,0,1,1
73091,HC,2,6,1,5,3,1,1,0
73091,HC,2,6,1,5,4,1,2,1
73091,HC,2,6,1,5,5,2,2,0
73091,HC,2,6,1,6,2,1,0,-1
73091,HC,2,6,1,6,3,0,2,2
73091,HC,2,6,1,6,4,1,2,1
73091,HC,2,6,1,6,5,2,2,0
73091,HC,2,6,1,6,7,3,2,-1
73091,HC,3,3,1,1,2,0,1,1
73091,HC,4,2,2,1,2,0,1,1
73091,HC,4,2,2,2,2,0,1,1
73091,HC,5,4,1,3,2,1,0,-1
73091,HC,5,4,1,4,2,0,1,1
73091,HC,6,2,3,2,6,0,0,0
73091,HC,7,5,1,2,2,1,0,-1
73091,HC,7,5,1,2,3,2,0,-2
73091,HC,7,5,1,4,2,0,1,1
73091,HC,7,5,1,4,3,1,1,0
73091,HC,7,5,1,4,4,1,2,1
73091,HC,7,5,1,4,5,2,2,0
73091,HC,7,5,1,5,2,0,0,0
73091,HC,7,5,1,5,3,0,1,1
73091,HC,7,5,1,5,4,1,1,0
73091,HC,8,6,2,2,3,0,0,0
73091,HC,8,6,2,4,2,0,0,0
73091,HC,9,5,2,2,2,0,1,1
73091,HC,9,5,2,2,3,1,1,0
73091,HC,9,5,2,4,2,0,1,1
73091,HC,9,5,2,4,4,1,1,0
73091,HC,9,5,2,4,5,1,2,1
73091,HC,10,2,4,2,2,0,1,1
73091,HC,12,4,2,1,2,0,1,1
73091,HC,12,4,2,1,3,1,1,0
73091,HC,12,4,2,1,4,1,2,1
73091,HC,12,4,2,1,5,2,2,0
73091,HC,12,4,2,1,6,3,2,-1
73091,HC,12,4,2,1,7,2,4,2
73091,HC,12,4,2,1,8,3,4,1
73091,HC,12,4,2,1,10,4,4,0
73091,HC,12,4,2,1,12,5,4,-1
73091,HC,12,4,2,2,2,0,0,0
73091,HC,12,4,2,3,2,0,1,1
73091,HC,12,4,2,3,7,1,1,0
73091,HC,12,4,2,3,8,2,1,-1
73091,HC,12,4,2,3,9,3,1,-2
73091,HC,12,4,2,4,2,0,1,1
73091,HC,13,5,3,4,2,0,1,1
73091,HC,13,5,3,5,2,0,1,1
73394,SZ,1,3,1,1,2,0,1,1
73394,SZ,1,3,1,1,3,1,1,0
73394,SZ,1,3,1,1,4,2,1,-1
73394,SZ,1,3,1,1,7,3,1,-2
73394,SZ,1,3,1,2,2,0,1,1
73394,SZ,1,3,1,2,3,1,1,0
73394,SZ,1,3,1,2,4,2,1,-1
73394,SZ,1,3,1,2,5,1,3,2
73394,SZ,1,3,1,2,7,3,2,-1
73394,SZ,1,3,1,2,12,2,4,2
73394,SZ,1,3,1,3,2,0,1,1
73394,SZ,1,3,1,3,3,1,1,0
73394,SZ,1,3,1,3,6,2,1,-1
73394,SZ,1,3,1,3,10,1,3,2
73394,SZ,2,6,1,1,3,0,1,1
73394,SZ,2,6,1,1,4,1,1,0
73394,SZ,2,6,1,1,5,1,2,1
73394,SZ,2,6,1,1,6,2,2,0
73394,SZ,2,6,1,1,7,2,3,1
73394,SZ,2,6,1,1,11,3,3,0
73394,SZ,2,6,1,2,4,1,0,-1
73394,SZ,2,6,1,2,5,0,2,2
73394,SZ,2,6,1,5,2,0,1,1
73394,SZ,2,6,1,5,3,1,1,0
73394,SZ,2,6,1,5,4,2,1,-1
73394,SZ,2,6,1,5,11,3,1,-2
73394,SZ,4,2,2,1,2,0,1,1
73394,SZ,5,2,3,1,2,0,1,1
73394,SZ,5,2,3,2,2,0,1,1
73394,SZ,7,5,1,1,3,0,1,1
73394,SZ,7,5,1,1,4,1,1,0
73394,SZ,7,5,1,1,5,2,1,-1
73394,SZ,7,5,1,4,2,0,1,1
73394,SZ,7,5,1,5,2,1,0,-1
73394,SZ,7,5,1,5,3,0,2,2
73394,SZ,7,5,1,5,4,2,1,-1
73394,SZ,7,5,1,5,5,3,1,-2
73394,SZ,8,6,2,2,2,0,1,1
73394,SZ,8,6,2,2,3,1,1,0
73394,SZ,8,6,2,2,4,1,2,1
73394,SZ,8,6,2,5,4,0,0,0
73394,SZ,8,6,2,5,7,1,0,-1
73394,SZ,9,5,2,1,2,0,1,1
73394,SZ,9,5,2,3,2,0,1,1
73394,SZ,9,5,2,3,4,1,1,0
73394,SZ,10,3,2,1,2,0,1,1
73394,SZ,10,3,2,1,3,1,1,0
73394,SZ,10,3,2,1,5,2,1,-1
73394,SZ,10,3,2,2,2,1,0,-1
73394,SZ,10,3,2,2,4,0,2,2
73394,SZ,10,3,2,2,8,1,2,1
73394,SZ,10,3,2,3,2,1,0,-1
73394,SZ,11,2,4,1,2,1,0,-1
73394,SZ,13,5,3,1,2,0,1,1
73394,SZ,13,5,3,1,3,1,1,0
73394,SZ,13,5,3,1,5,1,2,1
73394,SZ,13,5,3,1,6,2,2,0
73394,SZ,13,5,3,1,7,2,3,1
73394,SZ,13,5,3,2,2,1,0,-1
73394,SZ,13,5,3,2,3,0,2,2
73394,SZ,13,5,3,2,4,2,1,-1
73394,SZ,13,5,3,3,2,1,0,-1
73394,SZ,13,5,3,4,2,1,0,-1
73394,SZ,13,5,3,4,3,2,0,-2
73394,SZ,13,5,3,4,4,3,0,-3
73394,SZ,13,5,3,4,5,4,0,-4
73394,SZ,13,5,3,4,6,0,5,5
73394,SZ,13,5,3,4,7,1,5,4
73394,SZ,13,5,3,4,8,2,5,3
73394,SZ,13,5,3,4,9,3,5,2
73394,SZ,13,5,3,5,2,0,1,1
73394,SZ,13,5,3,5,3,1,1,0
73394,SZ,13,5,3,5,5,1,2,1
73394,SZ,13,5,3,5,6,2,2,0
73394,SZ,13,5,3,5,7,3,2,-1
73394,SZ,13,5,3,5,8,4,2,-2
73394,SZ,13,5,3,5,9,5,2,-3
73394,SZ,13,5,3,5,10,6,2,-4
73394,SZ,13,5,3,5,12,7,2,-5
73394,SZ,13,5,3,5,15,8,2,-6
73991,SZ,1,5,1,1,2,0,0,0
73991,SZ,1,5,1,1,3,0,1,1
73991,SZ,1,5,1,1,5,1,1,0
73991,SZ,1,5,1,1,6,1,2,1
73991,SZ,1,5,1,1,7,2,2,0
73991,SZ,1,5,1,1,8,3,2,-1
73991,SZ,1,5,1,1,9,2,4,2
73991,SZ,1,5,1,1,10,4,3,-1
73991,SZ,1,5,1,1,11,5,3,-2
73991,SZ,1,5,1,1,12,6,3,-3
73991,SZ,1,5,1,2,2,0,1,1
73991,SZ,1,5,1,2,3,1,1,0
73991,SZ,1,5,1,2,4,1,2,1
73991,SZ,1,5,1,2,6,2,2,0
73991,SZ,1,5,1,2,8,3,2,-1
73991,SZ,1,5,1,3,3,0,0,0
73991,SZ,1,5,1,3,4,0,1,1
73991,SZ,1,5,1,5,2,1,0,-1
73991,SZ,1,5,1,5,3,0,2,2
73991,SZ,1,5,1,5,4,1,2,1
73991,SZ,1,5,1,5,7,2,2,0
73991,SZ,3,2,2,1,6,0,1,1
73991,SZ,4,4,1,2,2,1,0,-1
73991,SZ,4,4,1,4,3,0,0,0
73991,SZ,4,4,1,4,4,1,0,-1
73991,SZ,4,4,1,4,6,0,2,2
73991,SZ,6,3,1,1,2,0,1,1
73991,SZ,6,3,1,2,3,0,1,1
73991,SZ,6,3,1,2,4,1,1,0
73991,SZ,6,3,1,2,11,2,1,-1
73991,SZ,6,3,1,3,2,0,1,1
73991,SZ,6,3,1,3,3,1,1,0
73991,SZ,6,3,1,3,4,2,1,-1
73991,SZ,6,3,1,3,5,1,3,2
73991,SZ,6,3,1,3,6,3,2,-1
73991,SZ,7,6,1,1,2,0,0,0
73991,SZ,7,6,1,1,3,0,1,1
73991,SZ,7,6,1,1,4,1,1,0
73991,SZ,7,6,1,1,6,1,2,1
73991,SZ,7,6,1,1,7,2,2,0
73991,SZ,7,6,1,1,8,3,2,-1
73991,SZ,7,6,1,1,9,2,4,2
73991,SZ,7,6,1,1,10,3,4,1
73991,SZ,7,6,1,1,11,4,4,0
73991,SZ,7,6,1,1,12,4,5,1
73991,SZ,7,6,1,1,13,5,5,0
73991,SZ,7,6,1,1,14,5,6,1
73991,SZ,7,6,1,1,15,6,6,0
73991,SZ,7,6,1,2,2,1,0,-1
73991,SZ,7,6,1,2,3,2,0,-2
73991,SZ,7,6,1,2,4,0,3,3
73991,SZ,7,6,1,2,5,3,1,-2
73991,SZ,7,6,1,2,6,1,4,3
73991,SZ,7,6,1,2,7,2,4,2
73991,SZ,7,6,1,2,13,4,3,-1
73991,SZ,7,6,1,2,15,5,3,-2
73991,SZ,7,6,1,3,2,0,0,0
73991,SZ,7,6,1,3,3,1,0,-1
73991,SZ,7,6,1,3,4,2,0,-2
73991,SZ,7,6,1,3,5,0,3,3
73991,SZ,7,6,1,3,6,3,1,-2
73991,SZ,7,6,1,3,7,4,1,-3
73991,SZ,7,6,1,3,8,5,1,-4
73991,SZ,7,6,1,3,9,6,1,-5
73991,SZ,7,6,1,3,10,7,1,-6
73991,SZ,7,6,1,3,12,8,1,-7
73991,SZ,7,6,1,3,13,9,1,-8
73991,SZ,7,6,1,3,14,10,1,-9
73991,SZ,7,6,1,3,15,1,11,10
73991,SZ,7,6,1,4,2,0,0,0
73991,SZ,7,6,1,4,3,0,1,1
73991,SZ,7,6,1,5,2,1,0,-1
73991,SZ,7,6,1,5,5,2,0,-2
73991,SZ,7,6,1,5,7,0,3,3
73991,SZ,7,6,1,5,8,1,3,2
73991,SZ,7,6,1,5,9,3,2,-1
73991,SZ,7,6,1,5,10,2,4,2
73991,SZ,7,6,1,5,11,3,4,1
73991,SZ,7,6,1,5,12,4,4,0
73991,SZ,7,6,1,5,13,5,4,-1
73991,SZ,7,6,1,5,14,6,4,-2
73991,SZ,8,5,2,1,2,1,0,-1
73991,SZ,8,5,2,2,2,0,1,1
73991,SZ,8,5,2,2,4,1,1,0
73991,SZ,8,5,2,2,6,2,1,-1
73991,SZ,8,5,2,2,8,3,1,-2
73991,SZ,8,5,2,2,12,4,1,-3
73991,SZ,8,5,2,3,2,1,0,-1
73991,SZ,8,5,2,3,3,0,2,2
73991,SZ,8,5,2,4,2,0,1,1
73991,SZ,8,5,2,4,3,1,1,0
73991,SZ,8,5,2,4,4,2,1,-1
73991,SZ,8,5,2,4,5,3,1,-2
73991,SZ,8,5,2,4,6,4,1,-3
73991,SZ,8,5,2,5,2,0,1,1
73991,SZ,8,5,2,5,3,1,1,0
73991,SZ,8,5,2,5,4,2,1,-1
73991,SZ,8,5,2,5,6,3,1,-2
73991,SZ,8,5,2,5,7,4,1,-3
73991,SZ,8,5,2,5,8,5,1,-4
73991,SZ,9,6,2,1,2,0,1,1
73991,SZ,9,6,2,1,3,1,1,0
73991,SZ,9,6,2,1,4,1,2,1
73991,SZ,9,6,2,1,5,2,2,0
73991,SZ,9,6,2,1,6,2,3,1
73991,SZ,9,6,2,1,7,3,3,0
73991,SZ,9,6,2,2,3,0,1,1
73991,SZ,9,6,2,2,4,1,1,0
73991,SZ,9,6,2,2,5,2,1,-1
73991,SZ,9,6,2,2,6,1,3,2
73991,SZ,9,6,2,2,7,3,2,-1
73991,SZ,9,6,2,4,2,1,0,-1
73991,SZ,9,6,2,4,4,0,2,2
73991,SZ,9,6,2,4,5,2,1,-1
73991,SZ,9,6,2,4,6,1,3,2
73991,SZ,9,6,2,4,7,3,2,-1
73991,SZ,9,6,2,4,8,4,2,-2
73991,SZ,9,6,2,4,9,2,5,3
73991,SZ,9,6,2,4,10,3,5,2
73991,SZ,9,6,2,4,11,5,4,-1
73991,SZ,9,6,2,4,12,6,4,-2
73991,SZ,9,6,2,4,13,7,4,-3
73991,SZ,9,6,2,5,2,1,0,-1
73991,SZ,9,6,2,5,3,2,0,-2
73991,SZ,9,6,2,5,4,3,0,-3
73991,SZ,9,6,2,5,5,4,0,-4
73991,SZ,9,6,2,5,6,0,5,5
73991,SZ,9,6,2,5,7,5,1,-4
73991,SZ,9,6,2,5,8,6,1,-5
73991,SZ,9,6,2,5,10,1,7,6
73991,SZ,9,6,2,5,11,7,2,-5
73991,SZ,9,6,2,5,13,8,2,-6
73991,SZ,9,6,2,5,15,2,9,7
73991,SZ,10,5,3,2,10,0,0,0
73991,SZ,10,5,3,3,2,0,1,1
73991,SZ,10,5,3,3,4,1,1,0
73991,SZ,10,5,3,4,2,0,1,1
73991,SZ,10,5,3,4,3,1,1,0
73991,SZ,10,5,3,4,4,2,1,-1
73991,SZ,10,5,3,4,5,1,3,2
73991,SZ,10,5,3,4,6,2,3,1
73991,SZ,10,5,3,5,2,0,0,0
73991,SZ,10,5,3,5,4,1,0,-1
73991,SZ,10,5,3,5,5,2,0,-2
73991,SZ,11,2,4,2,3,0,1,1
73991,SZ,12,4,2,1,2,1,0,-1
73991,SZ,12,4,2,1,3,2,0,-2
73991,SZ,12,4,2,1,4,3,0,-3
73991,SZ,12,4,2,1,5,0,4,4
73991,SZ,12,4,2,1,6,4,1,-3
73991,SZ,12,4,2,1,9,1,5,4
73991,SZ,12,4,2,2,2,1,0,-1
73991,SZ,12,4,2,4,6,0,0,0
73991,SZ,12,4,2,4,7,1,0,-1
73991,SZ,13,3,2,1,4,0,1,1
73991,SZ,13,3,2,3,4,0,0,0
73991,SZ,13,3,2,3,5,0,1,1
75115,SZ,1,5,1,2,3,0,1,1
75115,SZ,1,5,1,2,4,1,1,0
75115,SZ,1,5,1,2,5,1,2,1
75115,SZ,1,5,1,2,6,2,2,0
75115,SZ,1,5,1,3,2,0,1,1
75115,SZ,1,5,1,3,3,1,1,0
75115,SZ,1,5,1,3,4,1,2,1
75115,SZ,1,5,1,3,8,2,2,0
75115,SZ,1,5,1,4,2,1,0,-1
75115,SZ,1,5,1,5,3,0,0,0
75115,SZ,2,3,1,3,2,0,1,1
75115,SZ,2,3,1,3,3,1,1,0
75115,SZ,2,3,1,3,7,1,2,1
75115,SZ,3,4,1,2,2,1,0,-1
75115,SZ,4,2,1,1,8,0,0,0
75115,SZ,5,2,2,2,2,0,1,1
75115,SZ,6,2,3,2,2,0,1,1
75115,SZ,6,2,3,2,8,1,1,0
75115,SZ,7,6,1,3,2,0,1,1
75115,SZ,7,6,1,3,3,1,1,0
75115,SZ,7,6,1,3,5,2,1,-1
75115,SZ,7,6,1,3,6,1,3,2
75115,SZ,7,6,1,4,2,0,0,0
75115,SZ,7,6,1,6,2,0,1,1
75115,SZ,7,6,1,6,4,1,1,0
75115,SZ,7,6,1,6,5,1,2,1
75115,SZ,7,6,1,6,6,2,2,0
75115,SZ,8,5,2,1,2,0,1,1
75115,SZ,8,5,2,1,3,1,1,0
75115,SZ,8,5,2,1,4,1,2,1
75115,SZ,8,5,2,4,2,0,1,1
75115,SZ,8,5,2,5,2,0,1,1
75115,SZ,9,6,2,3,3,0,1,1
75115,SZ,9,6,2,4,2,1,0,-1
75115,SZ,10,5,3,1,2,1,0,-1
75115,SZ,10,5,3,1,3,0,2,2
75115,SZ,10,5,3,4,6,1,0,-1
75115,SZ,10,5,3,4,14,2,0,-2
75115,SZ,10,5,3,5,2,0,1,1
75115,SZ,10,5,3,5,6,1,1,0
75115,SZ,10,5,3,5,11,2,1,-1
75115,SZ,11,3,2,2,11,1,0,-1
75115,SZ,11,3,2,3,2,0,1,1
75115,SZ,12,4,2,2,2,1,0,-1
75115,SZ,12,4,2,2,4,0,2,2
75115,SZ,12,4,2,2,5,2,1,-1
75115,SZ,12,4,2,3,2,0,1,1
75115,SZ,12,4,2,4,2,0,1,1
75115,SZ,13,2,4,2,2,0,1,1
75115,SZ,13,2,4,2,7,1,1,0
75521,SZ,1,3,1,1,9,1,0,-1
75521,SZ,1,3,1,2,4,0,0,0
75521,SZ,1,3,1,3,2,0,1,1
75521,SZ,2,2,1,2,2,0,1,1
75521,SZ,3,4,1,2,2,1,0,-1
75521,SZ,3,4,1,2,3,0,2,2
75521,SZ,3,4,1,2,6,1,2,1
75521,SZ,3,4,1,2,7,2,2,0
75521,SZ,3,4,1,3,4,0,1,1
75521,SZ,3,4,1,3,5,1,1,0
75521,SZ,3,4,1,4,2,0,0,0
75521,SZ,3,4,1,4,3,0,1,1
75521,SZ,4,2,2,1,5,0,0,0
75521,SZ,4,2,2,1,9,1,0,-1
75521,SZ,4,2,2,2,6,0,0,0
75521,SZ,5,5,1,2,5,0,1,1
75521,SZ,5,5,1,2,7,1,1,0
75521,SZ,5,5,1,3,2,1,0,-1
75521,SZ,5,5,1,3,3,0,2,2
75521,SZ,5,5,1,3,4,2,1,-1
75521,SZ,5,5,1,4,2,0,1,1
75521,SZ,5,5,1,4,4,1,1,0
75521,SZ,5,5,1,4,6,2,1,-1
75521,SZ,5,5,1,4,7,1,3,2
75521,SZ,6,6,1,1,2,0,1,1
75521,SZ,6,6,1,2,3,1,0,-1
75521,SZ,6,6,1,2,5,0,2,2
75521,SZ,6,6,1,2,8,2,1,-1
75521,SZ,6,6,1,2,9,3,1,-2
75521,SZ,6,6,1,2,13,4,1,-3
75521,SZ,6,6,1,3,2,0,1,1
75521,SZ,6,6,1,3,3,1,1,0
75521,SZ,6,6,1,3,4,2,1,-1
75521,SZ,6,6,1,3,5,1,3,2
75521,SZ,6,6,1,3,7,2,3,1
75521,SZ,6,6,1,4,2,0,1,1
75521,SZ,6,6,1,4,8,1,1,0
75521,SZ,6,6,1,5,3,0,1,1
75521,SZ,7,2,3,1,2,1,0,-1
75521,SZ,7,2,3,1,3,0,2,2
75521,SZ,7,2,3,1,7,1,2,1
75521,SZ,7,2,3,2,7,1,0,-1
75521,SZ,8,5,2,1,2,0,1,1
75521,SZ,8,5,2,3,2,0,1,1
75521,SZ,8,5,2,3,4,1,1,0
75521,SZ,8,5,2,5,3,0,0,0
75521,SZ,8,5,2,5,4,0,1,1
75521,SZ,9,6,2,2,2,0,1,1
75521,SZ,9,6,2,2,4,1,1,0
75521,SZ,9,6,2,3,8,1,0,-1
75521,SZ,9,6,2,4,4,0,0,0
75521,SZ,9,6,2,4,5,1,0,-1
75521,SZ,9,6,2,4,6,0,2,2
75521,SZ,9,6,2,4,10,2,1,-1
75521,SZ,9,6,2,5,2,0,0,0
75521,SZ,9,6,2,6,2,0,0,0
75521,SZ,9,6,2,6,3,0,1,1
75521,SZ,9,6,2,6,4,1,1,0
75521,SZ,9,6,2,6,8,2,1,-1
75521,SZ,10,3,2,1,2,0,1,1
75521,SZ,10,3,2,2,2,0,1,1
75521,SZ,10,3,2,2,3,1,1,0
75521,SZ,10,3,2,2,4,1,2,1
75521,SZ,10,3,2,2,5,2,2,0
75521,SZ,10,3,2,3,3,0,1,1
75521,SZ,10,3,2,3,6,1,1,0
75521,SZ,11,2,4,2,4,0,1,1
75521,SZ,11,2,4,2,6,1,1,0
75521,SZ,12,4,2,2,2,0,1,1
75521,SZ,12,4,2,2,4,1,1,0
75521,SZ,12,4,2,2,6,2,1,-1
75521,SZ,12,4,2,3,3,0,1,1
75521,SZ,12,4,2,3,7,1,1,0
75521,SZ,12,4,2,4,2,0,1,1
75521,SZ,12,4,2,4,3,1,1,0
75521,SZ,12,4,2,4,4,1,2,1
75521,SZ,12,4,2,4,5,2,2,0
75521,SZ,13,5,3,2,9,0,0,0
75521,SZ,13,5,3,3,2,0,0,0
75521,SZ,13,5,3,3,3,1,0,-1
75521,SZ,13,5,3,4,2,0,1,1
75521,SZ,13,5,3,4,3,1,1,0
75521,SZ,13,5,3,4,4,1,2,1
78671,SZ,3,6,1,1,2,0,1,1
78671,SZ,3,6,1,2,2,1,0,-1
78671,SZ,3,6,1,2,3,2,0,-2
78671,SZ,3,6,1,2,4,0,3,3
78671,SZ,3,6,1,3,2,0,1,1
78671,SZ,3,6,1,3,3,1,1,0
78671,SZ,3,6,1,3,6,1,2,1
78671,SZ,3,6,1,3,7,2,2,0
78671,SZ,3,6,1,5,2,0,1,1
78671,SZ,3,6,1,6,2,0,0,0
78671,SZ,4,2,2,1,2,0,1,1
78671,SZ,4,2,2,2,3,0,1,1
78671,SZ,6,5,1,1,2,0,1,1
78671,SZ,6,5,1,1,3,1,1,0
78671,SZ,6,5,1,2,4,0,0,0
78671,SZ,6,5,1,3,2,1,0,-1
78671,SZ,6,5,1,5,4,0,1,1
78671,SZ,7,4,1,1,2,0,1,1
78671,SZ,7,4,1,2,2,0,1,1
78671,SZ,7,4,1,4,3,0,1,1
78671,SZ,7,4,1,4,9,1,1,0
78671,SZ,8,6,2,1,2,0,1,1
78671,SZ,8,6,2,1,3,1,1,0
78671,SZ,8,6,2,2,4,0,1,1
78671,SZ,8,6,2,4,4,0,1,1
78671,SZ,9,5,2,2,2,0,1,1
78671,SZ,9,5,2,2,3,1,1,0
78671,SZ,9,5,2,3,2,1,0,-1
78671,SZ,10,2,4,1,2,1,0,-1
78671,SZ,10,2,4,2,2,0,1,1
78671,SZ,10,2,4,2,3,1,1,0
78671,SZ,11,3,2,1,2,0,1,1
78671,SZ,11,3,2,2,2,0,1,1
78671,SZ,11,3,2,3,2,1,0,-1
78671,SZ,12,5,3,1,2,0,1,1
78671,SZ,12,5,3,1,3,1,1,0
78671,SZ,12,5,3,1,8,2,1,-1
78671,SZ,12,5,3,2,3,0,0,0
78671,SZ,12,5,3,3,2,1,0,-1
78671,SZ,12,5,3,3,3,2,0,-2
78671,SZ,12,5,3,3,4,0,3,3
78671,SZ,12,5,3,4,2,0,0,0
78671,SZ,13,4,2,1,2,0,1,1
78671,SZ,13,4,2,1,6,1,1,0
78671,SZ,13,4,2,4,6,0,0,0
79367,SZ,1,2,1,2,2,0,1,1
79367,SZ,1,2,1,2,6,1,1,0
79367,SZ,2,4,1,1,2,0,1,1
79367,SZ,2,4,1,1,3,1,1,0
79367,SZ,2,4,1,1,5,1,2,1
79367,SZ,2,4,1,1,6,2,2,0
79367,SZ,2,4,1,1,9,2,3,1
79367,SZ,2,4,1,4,2,0,1,1
79367,SZ,2,4,1,4,3,1,1,0
79367,SZ,2,4,1,4,4,2,1,-1
79367,SZ,2,4,1,4,5,1,3,2
79367,SZ,3,3,1,1,2,0,1,1
79367,SZ,3,3,1,1,3,1,1,0
79367,SZ,3,3,1,1,4,2,1,-1
79367,SZ,3,3,1,1,5,3,1,-2
79367,SZ,3,3,1,2,2,0,1,1
79367,SZ,3,3,1,2,5,1,1,0
79367,SZ,3,3,1,2,7,2,1,-1
79367,SZ,3,3,1,3,2,0,1,1
79367,SZ,3,3,1,3,3,1,1,0
79367,SZ,3,3,1,3,6,1,2,1
79367,SZ,4,5,1,1,2,1,0,-1
79367,SZ,4,5,1,1,3,0,2,2
79367,SZ,4,5,1,3,2,0,0,0
79367,SZ,4,5,1,3,3,1,0,-1
79367,SZ,4,5,1,3,4,0,2,2
79367,SZ,4,5,1,3,5,2,1,-1
79367,SZ,4,5,1,3,6,3,1,-2
79367,SZ,4,5,1,4,2,0,1,1
79367,SZ,4,5,1,4,3,1,1,0
79367,SZ,4,5,1,4,4,1,2,1
79367,SZ,4,5,1,4,7,2,2,0
79367,SZ,4,5,1,5,2,0,0,0
79367,SZ,4,5,1,5,3,0,1,1
79367,SZ,4,5,1,5,4,1,1,0
79367,SZ,4,5,1,5,5,2,1,-1
79367,SZ,5,2,2,1,4,0,1,1
79367,SZ,5,2,2,2,2,0,0,0
79367,SZ,6,2,3,1,4,0,0,0
79367,SZ,6,2,3,2,5,0,1,1
79367,SZ,7,6,1,2,2,0,0,0
79367,SZ,7,6,1,2,3,0,1,1
79367,SZ,7,6,1,2,4,1,1,0
79367,SZ,7,6,1,2,5,2,1,-1
79367,SZ,7,6,1,2,6,3,1,-2
79367,SZ,7,6,1,2,7,4,1,-3
79367,SZ,7,6,1,2,8,1,5,4
79367,SZ,7,6,1,2,9,2,5,3
79367,SZ,7,6,1,2,10,5,3,-2
79367,SZ,7,6,1,2,12,6,3,-3
79367,SZ,7,6,1,2,13,7,3,-4
79367,SZ,7,6,1,2,14,3,8,5
79367,SZ,7,6,1,2,15,4,8,4
79367,SZ,7,6,1,3,15,0,0,0
79367,SZ,7,6,1,4,2,1,0,-1
79367,SZ,7,6,1,4,3,2,0,-2
79367,SZ,7,6,1,6,2,1,0,-1
79367,SZ,7,6,1,6,3,0,2,2
79367,SZ,7,6,1,6,4,1,2,1
79367,SZ,7,6,1,6,6,2,2,0
79367,SZ,7,6,1,6,7,3,2,-1
79367,SZ,7,6,1,6,11,4,2,-2
79367,SZ,8,6,2,2,2,1,0,-1
79367,SZ,8,6,2,4,2,0,1,1
79367,SZ,8,6,2,4,3,1,1,0
79367,SZ,8,6,2,4,4,1,2,1
79367,SZ,8,6,2,5,4,1,0,-1
79367,SZ,8,6,2,6,6,0,0,0
79367,SZ,9,5,2,4,2,1,0,-1
79367,SZ,9,5,2,4,3,0,2,2
79367,SZ,9,5,2,4,4,1,2,1
79367,SZ,9,5,2,4,5,2,2,0
79367,SZ,10,2,4,1,2,0,1,1
79367,SZ,10,2,4,1,3,1,1,0
79367,SZ,10,2,4,2,3,0,0,0
79367,SZ,11,4,2,1,7,0,0,0
79367,SZ,11,4,2,2,2,1,0,-1
79367,SZ,11,4,2,2,3,2,0,-2
79367,SZ,11,4,2,3,6,1,0,-1
79367,SZ,11,4,2,3,8,2,0,-2
79367,SZ,12,3,2,1,2,0,1,1
79367,SZ,12,3,2,1,3,1,1,0
79367,SZ,12,3,2,1,4,1,2,1
79367,SZ,12,3,2,1,5,2,2,0
79367,SZ,12,3,2,2,7,0,0,0
79367,SZ,12,3,2,3,3,1,0,-1
79367,SZ,12,3,2,3,8,2,0,-2
79367,SZ,13,5,3,1,2,1,0,-1
79367,SZ,13,5,3,1,5,2,0,-2
79367,SZ,13,5,3,2,2,1,0,-1
79367,SZ,13,5,3,2,3,2,0,-2
79367,SZ,13,5,3,3,4,0,0,0
79367,SZ,13,5,3,5,6,0,0,0
79727,SZ,1,3,1,1,2,0,0,0
79727,SZ,1,3,1,3,3,0,0,0
79727,SZ,2,2,1,1,2,1,0,-1
79727,SZ,2,2,1,1,7,2,0,-2
79727,SZ,2,2,1,2,2,0,1,1
79727,SZ,2,2,1,2,3,1,1,0
79727,SZ,2,2,1,2,4,2,1,-1
79727,SZ,2,2,1,2,6,1,3,2
79727,SZ,3,4,1,1,4,1,0,-1
79727,SZ,3,4,1,1,5,2,0,-2
79727,SZ,3,4,1,1,7,0,3,3
79727,SZ,3,4,1,1,8,3,1,-2
79727,SZ,3,4,1,1,9,1,4,3
79727,SZ,3,4,1,1,10,4,2,-2
79727,SZ,3,4,1,1,13,2,5,3
79727,SZ,3,4,1,2,3,0,0,0
79727,SZ,3,4,1,2,4,0,1,1
79727,SZ,3,4,1,2,6,1,1,0
79727,SZ,3,4,1,2,8,2,1,-1
79727,SZ,3,4,1,2,14,3,1,-2
79727,SZ,3,4,1,2,15,4,1,-3
79727,SZ,3,4,1,3,2,1,0,-1
79727,SZ,3,4,1,3,3,0,2,2
79727,SZ,3,4,1,3,4,2,1,-1
79727,SZ,3,4,1,3,5,1,3,2
79727,SZ,3,4,1,3,6,3,2,-1
79727,SZ,3,4,1,3,9,4,2,-2
79727,SZ,3,4,1,3,11,5,2,-3
79727,SZ,3,4,1,3,14,2,6,4
79727,SZ,3,4,1,3,15,3,6,3
79727,SZ,3,4,1,4,2,0,1,1
79727,SZ,3,4,1,4,3,1,1,0
79727,SZ,3,4,1,4,4,1,2,1
79727,SZ,3,4,1,4,5,2,2,0
79727,SZ,3,4,1,4,6,2,3,1
79727,SZ,3,4,1,4,7,3,3,0
79727,SZ,3,4,1,4,8,4,3,-1
79727,SZ,3,4,1,4,9,5,3,-2
79727,SZ,3,4,1,4,10,6,3,-3
79727,SZ,3,4,1,4,11,3,7,4
79727,SZ,3,4,1,4,12,7,4,-3
79727,SZ,3,4,1,4,13,4,8,4
79727,SZ,3,4,1,4,14,5,8,3
79727,SZ,4,6,1,1,5,1,0,-1
79727,SZ,4,6,1,1,6,0,2,2
79727,SZ,4,6,1,1,8,1,2,1
79727,SZ,4,6,1,1,9,2,2,0
79727,SZ,4,6,1,1,10,3,2,-1
79727,SZ,4,6,1,1,11,4,2,-2
79727,SZ,4,6,1,1,12,5,2,-3
79727,SZ,4,6,1,1,14,6,2,-4
79727,SZ,4,6,1,2,2,1,0,-1
79727,SZ,4,6,1,2,3,0,2,2
79727,SZ,4,6,1,2,4,1,2,1
79727,SZ,4,6,1,2,5,2,2,0
79727,SZ,4,6,1,2,6,2,3,1
79727,SZ,4,6,1,2,8,3,3,0
79727,SZ,4,6,1,2,9,3,4,1
79727,SZ,4,6,1,2,12,4,4,0
79727,SZ,4,6,1,2,14,4,5,1
79727,SZ,4,6,1,3,2,0,0,0
79727,SZ,4,6,1,3,3,0,1,1
79727,SZ,4,6,1,3,4,1,1,0
79727,SZ,4,6,1,3,6,2,1,-1
79727,SZ,4,6,1,3,8,1,3,2
79727,SZ,4,6,1,3,9,3,2,-1
79727,SZ,4,6,1,4,2,0,0,0
79727,SZ,4,6,1,4,3,1,0,-1
79727,SZ,4,6,1,4,4,2,0,-2
79727,SZ,4,6,1,4,5,0,3,3
79727,SZ,4,6,1,4,6,3,1,-2
79727,SZ,4,6,1,5,3,0,0,0
79727,SZ,4,6,1,5,4,1,0,-1
79727,SZ,4,6,1,5,6,0,2,2
79727,SZ,4,6,1,5,7,2,1,-1
79727,SZ,4,6,1,5,8,1,3,2
79727,SZ,4,6,1,5,9,3,2,-1
79727,SZ,4,6,1,5,10,2,4,2
79727,SZ,4,6,1,6,2,0,0,0
79727,SZ,4,6,1,6,4,0,1,1
79727,SZ,4,6,1,6,5,1,1,0
79727,SZ,4,6,1,6,6,2,1,-1
79727,SZ,4,6,1,6,8,3,1,-2
79727,SZ,5,2,2,1,2,0,0,0
79727,SZ,5,2,2,2,4,0,0,0
79727,SZ,6,2,3,2,2,1,0,-1
79727,SZ,7,5,1,1,3,0,1,1
79727,SZ,7,5,1,1,4,1,1,0
79727,SZ,7,5,1,1,5,1,2,1
79727,SZ,7,5,1,1,6,2,2,0
79727,SZ,7,5,1,1,8,3,2,-1
79727,SZ,7,5,1,1,11,2,4,2
79727,SZ,7,5,1,1,13,3,4,1
79727,SZ,7,5,1,1,14,4,4,0
79727,SZ,7,5,1,1,15,5,4,-1
79727,SZ,7,5,1,2,2,0,0,0
79727,SZ,7,5,1,2,3,0,1,1
79727,SZ,7,5,1,2,8,1,1,0
79727,SZ,7,5,1,2,10,1,2,1
79727,SZ,7,5,1,2,11,2,2,0
79727,SZ,7,5,1,2,12,3,2,-1
79727,SZ,7,5,1,2,14,2,4,2
79727,SZ,7,5,1,3,2,0,0,0
79727,SZ,7,5,1,3,3,0,1,1
79727,SZ,7,5,1,3,4,1,1,0
79727,SZ,7,5,1,3,5,2,1,-1
79727,SZ,7,5,1,3,6,3,1,-2
79727,SZ,7,5,1,3,11,1,4,3
79727,SZ,7,5,1,3,12,4,2,-2
79727,SZ,7,5,1,3,13,5,2,-3
79727,SZ,7,5,1,3,14,6,2,-4
79727,SZ,7,5,1,3,15,7,2,-5
79727,SZ,7,5,1,4,2,1,0,-1
79727,SZ,7,5,1,4,3,0,2,2
79727,SZ,7,5,1,4,4,2,1,-1
79727,SZ,7,5,1,4,5,3,1,-2
79727,SZ,7,5,1,4,7,4,1,-3
79727,SZ,7,5,1,4,8,1,5,4
79727,SZ,7,5,1,4,10,2,5,3
79727,SZ,7,5,1,4,11,3,5,2
79727,SZ,7,5,1,4,12,5,4,-1
79727,SZ,7,5,1,4,13,6,4,-2
79727,SZ,7,5,1,4,14,4,7,3
79727,SZ,7,5,1,5,2,0,0,0
79727,SZ,7,5,1,5,5,1,0,-1
79727,SZ,7,5,1,5,6,2,0,-2
79727,SZ,7,5,1,5,11,3,0,-3
79727,SZ,7,5,1,5,14,4,0,-4
79727,SZ,7,5,1,5,15,0,5,5
79727,SZ,8,5,2,1,2,0,1,1
79727,SZ,8,5,2,1,14,1,1,0
79727,SZ,8,5,2,3,2,0,1,1
79727,SZ,8,5,2,3,3,1,1,0
79727,SZ,8,5,2,3,4,1,2,1
79727,SZ,8,5,2,4,2,1,0,-1
79727,SZ,8,5,2,4,3,0,2,2
79727,SZ,8,5,2,4,4,2,1,-1
79727,SZ,8,5,2,4,7,3,1,-2
79727,SZ,9,6,2,1,3,1,0,-1
79727,SZ,9,6,2,1,5,2,0,-2
79727,SZ,9,6,2,1,7,3,0,-3
79727,SZ,9,6,2,2,2,0,1,1
79727,SZ,9,6,2,4,2,1,0,-1
79727,SZ,9,6,2,4,4,2,0,-2
79727,SZ,9,6,2,4,7,0,3,3
79727,SZ,9,6,2,4,8,3,1,-2
79727,SZ,9,6,2,4,9,4,1,-3
79727,SZ,9,6,2,5,2,0,1,1
79727,SZ,9,6,2,6,3,1,0,-1
79727,SZ,9,6,2,6,4,0,2,2
79727,SZ,9,6,2,6,5,2,1,-1
79727,SZ,9,6,2,6,6,1,3,2
79727,SZ,9,6,2,6,8,3,2,-1
79727,SZ,10,3,2,1,2,0,1,1
79727,SZ,10,3,2,2,4,0,0,0
79727,SZ,10,3,2,3,2,0,1,1
79727,SZ,10,3,2,3,3,1,1,0
79727,SZ,12,4,2,1,2,0,1,1
79727,SZ,12,4,2,2,4,1,0,-1
79727,SZ,12,4,2,2,5,2,0,-2
79727,SZ,12,4,2,3,5,1,0,-1
79727,SZ,12,4,2,3,9,2,0,-2
79727,SZ,12,4,2,4,2,0,1,1
79727,SZ,12,4,2,4,5,1,1,0
79727,SZ,13,5,3,1,2,0,1,1
79727,SZ,13,5,3,1,3,1,1,0
79727,SZ,13,5,3,1,4,2,1,-1
79727,SZ,13,5,3,1,5,1,3,2
79727,SZ,13,5,3,1,6,3,2,-1
79727,SZ,13,5,3,1,7,2,4,2
79727,SZ,13,5,3,1,8,4,3,-1
79727,SZ,13,5,3,1,9,5,3,-2
79727,SZ,13,5,3,1,13,6,3,-3
79727,SZ,13,5,3,1,14,3,7,4
79727,SZ,13,5,3,2,2,0,1,1
79727,SZ,13,5,3,2,5,1,1,0
79727,SZ,13,5,3,2,6,2,1,-1
79727,SZ,13,5,3,2,11,1,3,2
79727,SZ,13,5,3,2,12,3,2,-1
79727,SZ,13,5,3,3,4,0,0,0
79727,SZ,13,5,3,3,5,0,1,1
79727,SZ,13,5,3,4,3,0,0,0
79727,SZ,13,5,3,4,4,0,1,1
79727,SZ,13,5,3,4,5,1,1,0
79727,SZ,13,5,3,4,6,2,1,-1
79727,SZ,13,5,3,4,7,1,3,2
79727,SZ,13,5,3,4,8,3,2,-1
79727,SZ,13,5,3,4,13,4,2,-2
79727,SZ,13,5,3,5,2,0,1,1
79727,SZ,13,5,3,5,4,1,1,0
79727,SZ,13,5,3,5,5,2,1,-1
79727,SZ,13,5,3,5,7,1,3,2
79727,SZ,13,5,3,5,8,2,3,1
79727,SZ,13,5,3,5,9,3,3,0
79727,SZ,13,5,3,5,10,4,3,-1
79727,SZ,13,5,3,5,11,3,5,2
79727,SZ,13,5,3,5,12,4,5,1
79727,SZ,13,5,3,5,15,5,5,0
79907,SZ,2,2,2,1,2,0,1,1
79907,SZ,3,3,1,1,2,0,1,1
79907,SZ,3,3,1,1,4,1,1,0
79907,SZ,3,3,1,2,2,0,1,1
79907,SZ,3,3,1,3,2,1,0,-1
79907,SZ,3,3,1,3,3,2,0,-2
79907,SZ,4,5,1,1,7,1,0,-1
79907,SZ,4,5,1,1,8,0,2,2
79907,SZ,4,5,1,1,9,2,1,-1
79907,SZ,4,5,1,1,12,3,1,-2
79907,SZ,4,5,1,1,13,4,1,-3
79907,SZ,4,5,1,1,14,5,1,-4
79907,SZ,4,5,1,2,3,0,0,0
79907,SZ,4,5,1,2,4,1,0,-1
79907,SZ,4,5,1,2,8,2,0,-2
79907,SZ,4,5,1,2,10,0,3,3
79907,SZ,4,5,1,2,11,3,1,-2
79907,SZ,4,5,1,2,13,4,1,-3
79907,SZ,4,5,1,2,15,5,1,-4
79907,SZ,4,5,1,3,2,0,0,0
79907,SZ,4,5,1,3,5,1,0,-1
79907,SZ,4,5,1,3,8,2,0,-2
79907,SZ,4,5,1,4,2,0,1,1
79907,SZ,4,5,1,4,3,1,1,0
79907,SZ,4,5,1,4,4,1,2,1
79907,SZ,4,5,1,4,5,2,2,0
79907,SZ,4,5,1,5,2,0,0,0
79907,SZ,4,5,1,5,3,0,1,1
79907,SZ,4,5,1,5,4,1,1,0
79907,SZ,4,5,1,5,6,1,2,1
79907,SZ,4,5,1,5,7,2,2,0
79907,SZ,4,5,1,5,9,2,3,1
79907,SZ,4,5,1,5,11,3,3,0
79907,SZ,4,5,1,5,12,4,3,-1
79907,SZ,5,6,1,3,5,0,1,1
79907,SZ,5,6,1,6,2,1,0,-1
79907,SZ,6,4,1,1,2,0,1,1
79907,SZ,6,4,1,1,3,1,1,0
79907,SZ,6,4,1,1,5,1,2,1
79907,SZ,6,4,1,1,6,2,2,0
79907,SZ,6,4,1,1,7,2,3,1
79907,SZ,6,4,1,1,9,3,3,0
79907,SZ,6,4,1,1,10,4,3,-1
79907,SZ,6,4,1,2,2,0,1,1
79907,SZ,6,4,1,2,3,1,1,0
79907,SZ,6,4,1,2,4,2,1,-1
79907,SZ,6,4,1,2,11,1,3,2
79907,SZ,6,4,1,3,2,1,0,-1
79907,SZ,6,4,1,3,3,2,0,-2
79907,SZ,6,4,1,3,5,0,3,3
79907,SZ,6,4,1,4,2,0,1,1
79907,SZ,6,4,1,4,7,1,1,0
79907,SZ,6,4,1,4,8,2,1,-1
79907,SZ,7,2,3,2,9,1,0,-1
79907,SZ,8,5,2,1,2,1,0,-1
79907,SZ,8,5,2,1,5,0,2,2
79907,SZ,8,5,2,1,6,2,1,-1
79907,SZ,8,5,2,1,8,3,1,-2
79907,SZ,8,5,2,1,9,4,1,-3
79907,SZ,8,5,2,3,2,0,1,1
79907,SZ,8,5,2,3,3,1,1,0
79907,SZ,8,5,2,3,6,2,1,-1
79907,SZ,8,5,2,3,8,1,3,2
79907,SZ,8,5,2,3,10,2,3,1
79907,SZ,8,5,2,4,2,0,1,1
79907,SZ,8,5,2,4,3,1,1,0
79907,SZ,8,5,2,4,4,1,2,1
79907,SZ,8,5,2,4,5,2,2,0
79907,SZ,8,5,2,4,7,3,2,-1
79907,SZ,8,5,2,4,12,4,2,-2
79907,SZ,8,5,2,4,13,5,2,-3
79907,SZ,8,5,2,5,2,0,1,1
79907,SZ,8,5,2,5,3,1,1,0
79907,SZ,8,5,2,5,5,1,2,1
79907,SZ,8,5,2,5,6,2,2,0
79907,SZ,8,5,2,5,8,3,2,-1
79907,SZ,8,5,2,5,9,2,4,2
79907,SZ,8,5,2,5,10,3,4,1
79907,SZ,9,6,2,1,2,0,0,0
79907,SZ,9,6,2,1,3,1,0,-1
79907,SZ,9,6,2,2,3,1,0,-1
79907,SZ,9,6,2,4,2,0,0,0
79907,SZ,9,6,2,4,3,0,1,1
79907,SZ,9,6,2,4,4,1,1,0
79907,SZ,9,6,2,4,5,1,2,1
79907,SZ,9,6,2,4,7,2,2,0
79907,SZ,9,6,2,4,12,3,2,-1
79907,SZ,9,6,2,5,2,1,0,-1
79907,SZ,9,6,2,5,4,2,0,-2
79907,SZ,9,6,2,5,6,0,3,3
79907,SZ,9,6,2,5,7,3,1,-2
79907,SZ,9,6,2,6,2,0,1,1
79907,SZ,9,6,2,6,3,1,1,0
79907,SZ,9,6,2,6,4,1,2,1
79907,SZ,9,6,2,6,5,2,2,0
79907,SZ,9,6,2,6,6,3,2,-1
79907,SZ,9,6,2,6,7,4,2,-2
79907,SZ,10,2,4,2,2,0,1,1
79907,SZ,11,3,2,2,5,1,0,-1
79907,SZ,12,5,3,1,2,0,1,1
79907,SZ,12,5,3,1,4,1,1,0
79907,SZ,12,5,3,1,5,2,1,-1
79907,SZ,12,5,3,2,3,1,0,-1
79907,SZ,12,5,3,2,4,2,0,-2
79907,SZ,12,5,3,2,6,3,0,-3
79907,SZ,12,5,3,2,7,4,0,-4
79907,SZ,12,5,3,2,10,5,0,-5
79907,SZ,12,5,3,3,3,1,0,-1
79907,SZ,12,5,3,3,9,2,0,-2
79907,SZ,12,5,3,4,2,0,0,0
79907,SZ,12,5,3,4,4,1,0,-1
79907,SZ,12,5,3,4,5,2,0,-2
79907,SZ,12,5,3,4,7,3,0,-3
79907,SZ,12,5,3,4,10,4,0,-4
79907,SZ,12,5,3,5,3,0,0,0
79907,SZ,12,5,3,5,6,1,0,-1
79907,SZ,12,5,3,5,10,2,0,-2
79907,SZ,13,4,2,2,2,0,1,1
79907,SZ,13,4,2,2,3,1,1,0
79907,SZ,13,4,2,2,4,1,2,1
79907,SZ,13,4,2,2,5,2,2,0
79907,SZ,13,4,2,3,3,1,0,-1
79907,SZ,13,4,2,3,5,2,0,-2
79907,SZ,13,4,2,3,6,0,3,3
79907,SZ,13,4,2,4,3,1,0,-1
79907,SZ,13,4,2,4,5,2,0,-2
80256,SZ,1,4,1,3,2,0,1,1
80256,SZ,1,4,1,4,2,0,1,1
80256,SZ,3,2,1,1,2,0,1,1
80256,SZ,5,6,1,1,2,0,1,1
80256,SZ,6,5,1,1,2,0,1,1
80256,SZ,6,5,1,2,2,0,1,1
80256,SZ,6,5,1,2,3,1,1,0
80256,SZ,6,5,1,3,3,0,1,1
80256,SZ,7,2,3,1,2,0,1,1
80256,SZ,8,5,2,1,2,0,1,1
80256,SZ,8,5,2,1,3,1,1,0
80256,SZ,8,5,2,1,8,1,2,1
80256,SZ,9,6,2,1,2,0,1,1
80256,SZ,9,6,2,2,2,0,1,1
80256,SZ,9,6,2,6,5,0,0,0
80256,SZ,10,4,2,1,2,0,1,1
80256,SZ,11,3,2,1,2,0,1,1
80256,SZ,11,3,2,2,2,0,1,1
80256,SZ,13,5,3,1,2,0,1,1
80256,SZ,13,5,3,2,2,0,1,1
80256,SZ,13,5,3,3,2,0,1,1
80627,SZ,1,6,1,3,2,0,1,1
80627,SZ,1,6,1,3,3,1,1,0
80627,SZ,1,6,1,3,4,1,2,1
80627,SZ,2,2,1,1,2,0,1,1
80627,SZ,3,2,2,1,2,0,1,1
80627,SZ,4,5,1,1,3,0,0,0
80627,SZ,4,5,1,2,2,1,0,-1
80627,SZ,4,5,1,2,9,0,2,2
80627,SZ,4,5,1,5,3,1,0,-1
80627,SZ,4,5,1,5,5,0,2,2
80627,SZ,5,3,1,2,2,0,1,1
80627,SZ,5,3,1,2,7,1,1,0
80627,SZ,5,3,1,2,8,2,1,-1
80627,SZ,5,3,1,3,2,0,1,1
80627,SZ,5,3,1,3,3,1,1,0
80627,SZ,5,3,1,3,8,1,2,1
80627,SZ,6,4,1,2,7,1,0,-1
80627,SZ,6,4,1,3,2,0,1,1
80627,SZ,8,6,2,1,2,1,0,-1
80627,SZ,8,6,2,1,14,0,2,2
80627,SZ,8,6,2,2,2,1,0,-1
80627,SZ,8,6,2,2,3,2,0,-2
80627,SZ,8,6,2,2,4,0,3,3
80627,SZ,8,6,2,2,5,3,1,-2
80627,SZ,8,6,2,2,6,4,1,-3
80627,SZ,8,6,2,2,7,1,5,4
80627,SZ,8,6,2,2,8,5,2,-3
80627,SZ,8,6,2,2,9,2,6,4
80627,SZ,8,6,2,2,10,3,6,3
80627,SZ,8,6,2,2,11,6,4,-2
80627,SZ,8,6,2,2,13,4,7,3
80627,SZ,8,6,2,2,14,7,5,-2
80627,SZ,8,6,2,3,3,1,0,-1
80627,SZ,8,6,2,3,4,2,0,-2
80627,SZ,8,6,2,3,7,3,0,-3
80627,SZ,8,6,2,3,8,4,0,-4
80627,SZ,8,6,2,3,11,5,0,-5
80627,SZ,8,6,2,4,2,0,1,1
80627,SZ,8,6,2,4,3,1,1,0
80627,SZ,8,6,2,4,4,1,2,1
80627,SZ,8,6,2,4,5,2,2,0
80627,SZ,8,6,2,4,7,3,2,-1
80627,SZ,8,6,2,4,11,4,2,-2
80627,SZ,8,6,2,4,12,5,2,-3
80627,SZ,8,6,2,4,13,2,6,4
80627,SZ,8,6,2,4,15,6,3,-3
80627,SZ,8,6,2,5,2,1,0,-1
80627,SZ,8,6,2,5,3,2,0,-2
80627,SZ,8,6,2,5,4,0,3,3
80627,SZ,8,6,2,5,5,1,3,2
80627,SZ,8,6,2,5,6,2,3,1
80627,SZ,8,6,2,5,7,3,3,0
80627,SZ,8,6,2,5,13,3,4,1
80627,SZ,9,5,2,3,2,0,0,0
80627,SZ,9,5,2,3,3,1,0,-1
80627,SZ,9,5,2,3,4,2,0,-2
80627,SZ,9,5,2,3,5,3,0,-3
80627,SZ,9,5,2,3,6,0,4,4
80627,SZ,9,5,2,4,2,0,0,0
80627,SZ,9,5,2,4,3,1,0,-1
80627,SZ,11,5,3,1,2,0,1,1
80627,SZ,11,5,3,1,3,1,1,0
80627,SZ,11,5,3,2,2,0,1,1
80627,SZ,11,5,3,4,2,0,1,1
80627,SZ,11,5,3,4,4,1,1,0
80627,SZ,11,5,3,5,3,0,1,1
80627,SZ,11,5,3,5,4,1,1,0
80627,SZ,11,5,3,5,6,2,1,-1
80627,SZ,12,3,2,3,4,0,0,0
80627,SZ,12,3,2,3,8,0,1,1
80627,SZ,13,4,2,2,2,0,1,1
80627,SZ,13,4,2,4,2,1,0,-1
80627,SZ,13,4,2,4,3,0,2,2
80695,HC,1,2,1,2,2,0,1,1
80695,HC,3,6,1,1,2,0,1,1
80695,HC,3,6,1,3,3,0,1,1
80695,HC,3,6,1,3,5,1,1,0
80695,HC,3,6,1,5,3,1,0,-1
80695,HC,3,6,1,5,5,0,2,2
80695,HC,3,6,1,5,6,2,1,-1
80695,HC,3,6,1,5,7,1,3,2
80695,HC,3,6,1,6,2,1,0,-1
80695,HC,3,6,1,6,3,2,0,-2
80695,HC,3,6,1,6,4,3,0,-3
80695,HC,4,5,1,1,4,0,1,1
80695,HC,4,5,1,2,2,0,1,1
80695,HC,4,5,1,2,3,1,1,0
80695,HC,4,5,1,3,8,0,0,0
80695,HC,4,5,1,4,2,1,0,-1
80695,HC,4,5,1,4,3,0,2,2
80695,HC,4,5,1,4,4,1,2,1
80695,HC,4,5,1,4,5,2,2,0
80695,HC,4,5,1,4,6,2,3,1
80695,HC,4,5,1,4,7,3,3,0
80695,HC,4,5,1,5,3,1,0,-1
80695,HC,4,5,1,5,5,0,2,2
80695,HC,4,5,1,5,7,2,1,-1
80695,HC,5,3,1,1,5,0,1,1
80695,HC,5,3,1,2,3,0,1,1
80695,HC,5,3,1,3,2,0,1,1
80695,HC,5,3,1,3,5,1,1,0
80695,HC,7,4,1,4,4,0,1,1
80695,HC,7,4,1,4,6,1,1,0
80695,HC,8,6,2,1,2,1,0,-1
80695,HC,8,6,2,2,2,0,1,1
80695,HC,8,6,2,2,8,1,1,0
80695,HC,8,6,2,3,2,0,1,1
80695,HC,8,6,2,3,3,1,1,0
80695,HC,8,6,2,3,4,1,2,1
80695,HC,8,6,2,5,2,1,0,-1
80695,HC,8,6,2,5,5,2,0,-2
80695,HC,8,6,2,5,6,0,3,3
80695,HC,8,6,2,6,3,0,0,0
80695,HC,8,6,2,6,6,0,1,1
80695,HC,8,6,2,6,7,1,1,0
80695,HC,9,5,2,1,2,1,0,-1
80695,HC,9,5,2,1,3,2,0,-2
80695,HC,9,5,2,1,4,0,3,3
80695,HC,9,5,2,3,2,0,1,1
80695,HC,9,5,2,3,3,1,1,0
80695,HC,9,5,2,3,4,1,2,1
80695,HC,9,5,2,3,5,2,2,0
80695,HC,9,5,2,4,2,0,1,1
80695,HC,9,5,2,4,3,1,1,0
80695,HC,9,5,2,4,8,2,1,-1
80695,HC,9,5,2,5,2,0,1,1
80695,HC,9,5,2,5,3,1,1,0
80695,HC,10,2,4,1,6,0,1,1
80695,HC,11,5,3,1,2,0,1,1
80695,HC,11,5,3,1,4,1,1,0
80695,HC,11,5,3,1,5,2,1,-1
80695,HC,11,5,3,1,6,3,1,-2
80695,HC,11,5,3,2,10,1,0,-1
80695,HC,11,5,3,4,3,0,1,1
80695,HC,11,5,3,4,4,1,1,0
80695,HC,11,5,3,4,8,1,2,1
80695,HC,11,5,3,5,2,1,0,-1
80695,HC,11,5,3,5,3,0,2,2
80695,HC,11,5,3,5,4,2,1,-1
80695,HC,11,5,3,5,6,3,1,-2
80695,HC,11,5,3,5,7,1,4,3
80695,HC,11,5,3,5,8,4,2,-2
80695,HC,11,5,3,5,13,5,2,-3
80695,HC,11,5,3,5,15,6,2,-4
80695,HC,12,3,2,1,2,0,1,1
80695,HC,12,3,2,1,3,1,1,0
80695,HC,12,3,2,2,12,0,1,1
80695,HC,12,3,2,3,8,0,0,0
80695,HC,12,3,2,3,13,1,0,-1
80695,HC,13,4,2,1,2,0,1,1
80695,HC,13,4,2,3,2,0,1,1
80695,HC,13,4,2,3,3,1,1,0
80695,HC,13,4,2,3,4,1,2,1
80695,HC,13,4,2,4,2,0,1,1
80695,HC,13,4,2,4,3,1,1,0
80695,HC,13,4,2,4,4,1,2,1
80695,HC,13,4,2,4,5,2,2,0
80763,HC,1,5,1,1,2,0,1,1
80763,HC,1,5,1,1,3,1,1,0
80763,HC,1,5,1,1,4,1,2,1
80763,HC,1,5,1,1,5,2,2,0
80763,HC,1,5,1,1,6,3,2,-1
80763,HC,1,5,1,1,7,4,2,-2
80763,HC,1,5,1,1,10,5,2,-3
80763,HC,1,5,1,2,2,0,1,1
80763,HC,1,5,1,2,3,1,1,0
80763,HC,1,5,1,2,4,1,2,1
80763,HC,1,5,1,2,5,2,2,0
80763,HC,1,5,1,2,6,3,2,-1
80763,HC,1,5,1,2,7,4,2,-2
80763,HC,1,5,1,4,2,0,1,1
80763,HC,1,5,1,4,3,1,1,0
80763,HC,1,5,1,4,4,1,2,1
80763,HC,1,5,1,5,4,0,0,0
80763,HC,2,2,1,1,2,0,1,1
80763,HC,4,4,1,3,2,0,1,1
80763,HC,4,4,1,3,3,1,1,0
80763,HC,4,4,1,3,4,1,2,1
80763,HC,4,4,1,4,3,0,1,1
80763,HC,5,2,3,2,2,0,1,1
80763,HC,6,3,1,1,2,0,1,1
80763,HC,6,3,1,1,7,1,1,0
80763,HC,7,6,1,1,7,0,0,0
80763,HC,7,6,1,2,2,0,1,1
80763,HC,7,6,1,3,2,0,0,0
80763,HC,7,6,1,3,4,0,1,1
80763,HC,7,6,1,3,6,1,1,0
80763,HC,7,6,1,3,7,2,1,-1
80763,HC,7,6,1,3,8,3,1,-2
80763,HC,7,6,1,3,11,1,4,3
80763,HC,7,6,1,3,12,2,4,2
80763,HC,7,6,1,5,2,0,1,1
80763,HC,7,6,1,5,3,1,1,0
80763,HC,7,6,1,6,2,1,0,-1
80763,HC,7,6,1,6,3,2,0,-2
80763,HC,7,6,1,6,4,3,0,-3
80763,HC,7,6,1,6,5,4,0,-4
80763,HC,7,6,1,6,6,5,0,-5
80763,HC,7,6,1,6,7,6,0,-6
80763,HC,7,6,1,6,8,7,0,-7
80763,HC,7,6,1,6,9,0,8,8
80763,HC,8,5,2,2,4,0,0,0
80763,HC,8,5,2,2,8,1,0,-1
80763,HC,8,5,2,3,2,1,0,-1
80763,HC,8,5,2,3,3,2,0,-2
80763,HC,8,5,2,3,4,0,3,3
80763,HC,8,5,2,3,5,3,1,-2
80763,HC,8,5,2,3,6,1,4,3
80763,HC,8,5,2,3,10,4,2,-2
80763,HC,8,5,2,5,2,1,0,-1
80763,HC,8,5,2,5,6,0,2,2
80763,HC,8,5,2,5,7,2,1,-1
80763,HC,8,5,2,5,8,1,3,2
80763,HC,9,6,2,1,3,0,1,1
80763,HC,9,6,2,1,5,1,1,0
80763,HC,9,6,2,1,6,1,2,1
80763,HC,9,6,2,1,7,2,2,0
80763,HC,9,6,2,3,3,0,0,0
80763,HC,9,6,2,3,5,1,0,-1
80763,HC,9,6,2,5,2,1,0,-1
80763,HC,9,6,2,5,3,2,0,-2
80763,HC,9,6,2,5,4,3,0,-3
80763,HC,9,6,2,5,5,0,4,4
80763,HC,9,6,2,5,6,1,4,3
80763,HC,9,6,2,5,7,2,4,2
80763,HC,9,6,2,6,2,0,1,1
80763,HC,9,6,2,6,3,1,1,0
80763,HC,9,6,2,6,4,2,1,-1
80763,HC,10,5,3,1,2,0,1,1
80763,HC,10,5,3,1,7,1,1,0
80763,HC,10,5,3,2,2,1,0,-1
80763,HC,10,5,3,2,3,0,2,2
80763,HC,10,5,3,2,9,1,2,1
80763,HC,10,5,3,2,10,2,2,0
80763,HC,10,5,3,3,2,1,0,-1
80763,HC,10,5,3,3,3,2,0,-2
80763,HC,10,5,3,3,4,0,3,3
80763,HC,10,5,3,3,5,1,3,2
80763,HC,10,5,3,3,6,2,3,1
80763,HC,10,5,3,3,7,3,3,0
80763,HC,10,5,3,3,8,3,4,1
80763,HC,10,5,3,3,9,4,4,0
80763,HC,10,5,3,3,10,5,4,-1
80763,HC,10,5,3,3,11,4,6,2
80763,HC,10,5,3,4,2,0,1,1
80763,HC,10,5,3,4,3,1,1,0
80763,HC,10,5,3,4,4,2,1,-1
80763,HC,10,5,3,4,5,3,1,-2
80763,HC,10,5,3,4,8,4,1,-3
80763,HC,10,5,3,4,12,5,1,-4
80763,HC,10,5,3,5,2,1,0,-1
80763,HC,10,5,3,5,3,2,0,-2
80763,HC,10,5,3,5,5,3,0,-3
80763,HC,10,5,3,5,6,4,0,-4
80763,HC,10,5,3,5,11,5,0,-5
80763,HC,12,4,2,1,2,0,1,1
80763,HC,12,4,2,1,3,1,1,0
80763,HC,12,4,2,1,4,1,2,1
80763,HC,12,4,2,2,2,1,0,-1
80763,HC,12,4,2,2,3,0,2,2
80763,HC,12,4,2,2,4,2,1,-1
80763,HC,12,4,2,3,2,1,0,-1
80763,HC,12,4,2,4,2,0,1,1
80763,HC,12,4,2,4,3,1,1,0
80763,HC,13,3,2,2,5,0,1,1
80763,HC,13,3,2,2,6,1,1,0
80763,HC,13,3,2,3,2,0,1,1
81426,HC,1,4,1,4,2,0,1,1
81426,HC,1,4,1,4,3,1,1,0
81426,HC,3,5,1,2,8,0,0,0
81426,HC,3,5,1,2,11,0,1,1
81426,HC,3,5,1,2,12,1,1,0
81426,HC,3,5,1,2,13,2,1,-1
81426,HC,3,5,1,3,2,1,0,-1
81426,HC,3,5,1,3,3,0,2,2
81426,HC,3,5,1,3,5,2,1,-1
81426,HC,3,5,1,3,6,3,1,-2
81426,HC,3,5,1,3,7,4,1,-3
81426,HC,3,5,1,3,8,1,5,4
81426,HC,3,5,1,3,10,5,2,-3
81426,HC,3,5,1,4,2,0,1,1
81426,HC,3,5,1,4,3,1,1,0
81426,HC,3,5,1,4,4,1,2,1
81426,HC,3,5,1,4,5,2,2,0
81426,HC,5,6,1,3,2,0,1,1
81426,HC,5,6,1,3,5,1,1,0
81426,HC,5,6,1,4,3,0,0,0
81426,HC,5,6,1,5,2,0,1,1
81426,HC,5,6,1,5,3,1,1,0
81426,HC,5,6,1,6,2,1,0,-1
81426,HC,6,2,2,1,2,0,1,1
81426,HC,6,2,2,1,3,1,1,0
81426,HC,6,2,2,1,4,1,2,1
81426,HC,6,2,2,2,2,0,1,1
81426,HC,6,2,2,2,3,1,1,0
81426,HC,6,2,2,2,4,1,2,1
81426,HC,6,2,2,2,5,2,2,0
81426,HC,7,2,3,1,2,1,0,-1
81426,HC,7,2,3,2,2,0,1,1
81426,HC,8,6,2,5,2,0,1,1
81426,HC,8,6,2,5,3,1,1,0
81426,HC,8,6,2,5,6,2,1,-1
81426,HC,8,6,2,6,2,0,1,1
81426,HC,8,6,2,6,3,1,1,0
81426,HC,9,5,2,1,2,0,0,0
81426,HC,9,5,2,1,5,1,0,-1
81426,HC,9,5,2,1,6,2,0,-2
81426,HC,9,5,2,2,3,0,1,1
81426,HC,9,5,2,2,4,1,1,0
81426,HC,9,5,2,2,7,2,1,-1
81426,HC,9,5,2,2,8,3,1,-2
81426,HC,9,5,2,3,2,0,1,1
81426,HC,9,5,2,3,3,1,1,0
81426,HC,9,5,2,3,6,2,1,-1
81426,HC,9,5,2,3,7,1,3,2
81426,HC,9,5,2,3,8,2,3,1
81426,HC,9,5,2,3,9,3,3,0
81426,HC,9,5,2,3,10,3,4,1
81426,HC,9,5,2,3,11,4,4,0
81426,HC,9,5,2,4,2,0,1,1
81426,HC,9,5,2,4,7,1,1,0
81426,HC,9,5,2,5,2,0,1,1
81426,HC,10,4,2,1,2,1,0,-1
81426,HC,10,4,2,1,3,2,0,-2
81426,HC,10,4,2,1,4,0,3,3
81426,HC,10,4,2,1,5,1,3,2
81426,HC,10,4,2,4,2,1,0,-1
81426,HC,10,4,2,4,3,0,2,2
81426,HC,10,4,2,4,4,1,2,1
81426,HC,10,4,2,4,6,2,2,0
81426,HC,11,3,2,3,2,1,0,-1
81426,HC,11,3,2,3,3,0,2,2
81426,HC,12,5,3,2,2,0,1,1
81426,HC,12,5,3,2,3,1,1,0
81426,HC,12,5,3,2,4,1,2,1
81426,HC,12,5,3,3,3,0,0,0
81426,HC,12,5,3,3,4,0,1,1
81426,HC,12,5,3,4,5,1,0,-1
81426,HC,12,5,3,5,3,1,0,-1
81426,HC,13,2,4,2,4,0,0,0
81426,HC,13,2,4,2,6,1,0,-1
81426,HC,13,2,4,2,7,2,0,-2
81426,HC,13,2,4,2,8,3,0,-3
81450,HC,1,4,1,2,2,0,1,1
81450,HC,1,4,1,2,6,1,1,0
81450,HC,1,4,1,3,3,0,1,1
81450,HC,4,5,1,2,3,0,0,0
81450,HC,5,6,1,3,3,0,0,0
81450,HC,5,6,1,5,2,0,1,1
81450,HC,5,6,1,6,2,0,1,1
81450,HC,5,6,1,6,3,1,1,0
81450,HC,5,6,1,6,4,1,2,1
81450,HC,5,6,1,6,5,2,2,0
81450,HC,6,2,2,1,2,0,1,1
81450,HC,8,5,2,1,2,0,1,1
81450,HC,8,5,2,1,3,1,1,0
81450,HC,8,5,2,1,4,1,2,1
81450,HC,8,5,2,2,2,1,0,-1
81450,HC,8,5,2,4,2,0,1,1
81450,HC,9,6,2,2,2,0,1,1
81450,HC,9,6,2,4,2,0,1,1
81450,HC,10,4,2,2,2,0,1,1
81450,HC,10,4,2,3,2,0,1,1
81450,HC,12,2,4,1,9,0,0,0
81450,HC,12,2,4,2,2,0,1,1
81450,HC,13,5,3,3,2,0,1,1
81472,HC,1,3,1,3,3,0,0,0
81472,HC,2,2,1,1,3,0,1,1
81472,HC,3,5,1,1,2,0,1,1
81472,HC,3,5,1,1,3,1,1,0
81472,HC,3,5,1,1,4,1,2,1
81472,HC,3,5,1,3,2,0,1,1
81472,HC,3,5,1,5,2,1,0,-1
81472,HC,3,5,1,5,5,0,2,2
81472,HC,4,4,1,3,2,1,0,-1
81472,HC,4,4,1,3,4,0,2,2
81472,HC,4,4,1,4,2,1,0,-1
81472,HC,4,4,1,4,3,0,2,2
81472,HC,4,4,1,4,4,1,2,1
81472,HC,4,4,1,4,5,2,2,0
81472,HC,6,6,1,1,2,0,0,0
81472,HC,6,6,1,1,3,1,0,-1
81472,HC,6,6,1,1,4,2,0,-2
81472,HC,6,6,1,2,2,0,0,0
81472,HC,6,6,1,2,6,1,0,-1
81472,HC,6,6,1,2,7,2,0,-2
81472,HC,6,6,1,2,8,0,3,3
81472,HC,6,6,1,2,9,1,3,2
81472,HC,6,6,1,3,2,0,1,1
81472,HC,6,6,1,3,3,1,1,0
81472,HC,6,6,1,3,4,2,1,-1
81472,HC,6,6,1,3,5,3,1,-2
81472,HC,6,6,1,3,6,1,4,3
81472,HC,6,6,1,4,3,1,0,-1
81472,HC,6,6,1,4,4,2,0,-2
81472,HC,6,6,1,4,5,3,0,-3
81472,HC,6,6,1,4,7,0,4,4
81472,HC,7,2,3,2,2,0,1,1
81472,HC,8,5,2,3,2,1,0,-1
81472,HC,8,5,2,3,4,0,2,2
81472,HC,8,5,2,5,3,1,0,-1
81472,HC,9,6,2,1,2,1,0,-1
81472,HC,9,6,2,3,2,0,1,1
81472,HC,9,6,2,3,4,1,1,0
81472,HC,9,6,2,3,5,1,2,1
81472,HC,9,6,2,3,6,2,2,0
81472,HC,9,6,2,3,8,3,2,-1
81472,HC,9,6,2,3,9,2,4,2
81472,HC,9,6,2,5,3,0,1,1
81472,HC,9,6,2,5,4,1,1,0
81472,HC,9,6,2,6,2,0,1,1
81472,HC,9,6,2,6,3,1,1,0
81472,HC,10,3,2,1,3,0,0,0
81472,HC,11,2,4,2,2,0,1,1
81472,HC,12,5,3,1,2,0,1,1
81472,HC,12,5,3,1,3,1,1,0
81472,HC,12,5,3,1,4,2,1,-1
81472,HC,12,5,3,1,8,3,1,-2
81472,HC,12,5,3,2,4,0,0,0
81472,HC,12,5,3,3,2,0,1,1
81472,HC,12,5,3,3,3,1,1,0
81472,HC,12,5,3,3,4,2,1,-1
81472,HC,12,5,3,3,5,1,3,2
81472,HC,12,5,3,3,6,2,3,1
81472,HC,12,5,3,3,7,3,3,0
81472,HC,12,5,3,3,8,3,4,1
81472,HC,13,4,2,2,2,0,1,1
81472,HC,13,4,2,2,3,1,1,0
81472,HC,13,4,2,2,4,2,1,-1
81472,HC,13,4,2,2,5,1,3,2
81472,HC,13,4,2,2,6,3,2,-1
81472,HC,13,4,2,4,2,0,1,1
81472,HC,13,4,2,4,3,1,1,0
81483,HC,1,2,1,1,2,0,1,1
81483,HC,1,2,1,2,2,0,1,1
81483,HC,1,2,1,2,3,1,1,0
81483,HC,1,2,1,2,4,2,1,-1
81483,HC,1,2,1,2,7,1,3,2
81483,HC,1,2,1,2,9,2,3,1
81483,HC,2,4,1,2,2,0,0,0
81483,HC,2,4,1,2,4,1,0,-1
81483,HC,2,4,1,2,12,2,0,-2
81483,HC,2,4,1,3,2,0,0,0
81483,HC,2,4,1,3,3,0,1,1
81483,HC,2,4,1,3,8,1,1,0
81483,HC,2,4,1,4,2,0,0,0
81483,HC,2,4,1,4,3,0,1,1
81483,HC,2,4,1,4,4,1,1,0
81483,HC,2,4,1,4,9,2,1,-1
81483,HC,2,4,1,4,10,3,1,-2
81483,HC,3,5,1,2,2,0,1,1
81483,HC,3,5,1,3,2,0,1,1
81483,HC,3,5,1,3,3,1,1,0
81483,HC,3,5,1,3,4,1,2,1
81483,HC,3,5,1,3,5,2,2,0
81483,HC,3,5,1,4,2,1,0,-1
81483,HC,3,5,1,4,3,0,2,2
81483,HC,3,5,1,5,2,1,0,-1
81483,HC,4,3,1,1,2,0,1,1
81483,HC,4,3,1,1,3,1,1,0
81483,HC,4,3,1,1,4,1,2,1
81483,HC,4,3,1,3,2,0,1,1
81483,HC,4,3,1,3,7,1,1,0
81483,HC,5,2,2,2,2,0,1,1
81483,HC,7,6,1,4,4,1,0,-1
81483,HC,7,6,1,5,2,0,1,1
81483,HC,7,6,1,5,3,1,1,0
81483,HC,7,6,1,5,4,2,1,-1
81483,HC,7,6,1,5,6,3,1,-2
81483,HC,7,6,1,5,7,1,4,3
81483,HC,7,6,1,5,8,2,4,2
81483,HC,7,6,1,5,9,4,3,-1
81483,HC,7,6,1,5,10,5,3,-2
81483,HC,7,6,1,6,7,0,1,1
81483,HC,7,6,1,6,10,1,1,0
81483,HC,8,6,2,1,2,1,0,-1
81483,HC,8,6,2,1,3,2,0,-2
81483,HC,8,6,2,1,4,0,3,3
81483,HC,8,6,2,1,5,3,1,-2
81483,HC,8,6,2,1,7,1,4,3
81483,HC,8,6,2,1,8,2,4,2
81483,HC,8,6,2,1,9,4,3,-1
81483,HC,8,6,2,1,10,3,5,2
81483,HC,8,6,2,1,11,4,5,1
81483,HC,8,6,2,2,4,1,0,-1
81483,HC,8,6,2,2,5,0,2,2
81483,HC,8,6,2,2,6,1,2,1
81483,HC,8,6,2,2,7,2,2,0
81483,HC,8,6,2,2,8,2,3,1
81483,HC,8,6,2,3,3,0,0,0
81483,HC,8,6,2,3,4,0,1,1
81483,HC,8,6,2,4,2,0,1,1
81483,HC,8,6,2,4,3,1,1,0
81483,HC,8,6,2,4,4,2,1,-1
81483,HC,8,6,2,5,2,1,0,-1
81483,HC,8,6,2,5,3,0,2,2
81483,HC,8,6,2,5,4,2,1,-1
81483,HC,8,6,2,5,5,1,3,2
81483,HC,8,6,2,5,6,3,2,-1
81483,HC,8,6,2,5,7,4,2,-2
81483,HC,8,6,2,5,9,5,2,-3
81483,HC,8,6,2,5,10,2,6,4
81483,HC,8,6,2,5,11,6,3,-3
81483,HC,8,6,2,6,2,0,1,1
81483,HC,8,6,2,6,3,1,1,0
81483,HC,8,6,2,6,4,1,2,1
81483,HC,8,6,2,6,5,2,2,0
81483,HC,8,6,2,6,6,2,3,1
81483,HC,8,6,2,6,14,3,3,0
81483,HC,9,5,2,4,6,0,1,1
81483,HC,9,5,2,5,2,0,1,1
81483,HC,12,5,3,4,2,0,1,1
81483,HC,12,5,3,4,3,1,1,0
81483,HC,13,3,2,1,2,0,1,1
81483,HC,13,3,2,3,2,0,1,1
81527,HC,2,6,1,3,2,0,1,1
81527,HC,2,6,1,3,3,1,1,0
81527,HC,2,6,1,3,4,2,1,-1
81527,HC,2,6,1,4,3,0,0,0
81527,HC,2,6,1,6,2,0,1,1
81527,HC,2,6,1,6,3,1,1,0
81527,HC,2,6,1,6,4,2,1,-1
81527,HC,3,2,1,2,2,0,1,1
81527,HC,4,4,1,3,2,0,1,1
81527,HC,4,4,1,4,3,1,0,-1
81527,HC,6,2,3,1,2,0,1,1
81527,HC,7,5,1,2,4,0,1,1
81527,HC,7,5,1,2,5,1,1,0
81527,HC,7,5,1,3,4,0,0,0
81527,HC,7,5,1,3,5,1,0,-1
81527,HC,7,5,1,3,6,2,0,-2
81527,HC,8,6,2,2,2,0,1,1
81527,HC,8,6,2,2,3,1,1,0
81527,HC,8,6,2,2,4,1,2,1
81527,HC,8,6,2,2,5,2,2,0
81527,HC,8,6,2,3,6,0,0,0
81527,HC,8,6,2,3,7,1,0,-1
81527,HC,8,6,2,3,8,0,2,2
81527,HC,8,6,2,3,10,1,2,1
81527,HC,8,6,2,3,11,2,2,0
81527,HC,8,6,2,3,12,3,2,-1
81527,HC,8,6,2,4,5,0,1,1
81527,HC,8,6,2,4,8,1,1,0
81527,HC,8,6,2,4,10,2,1,-1
81527,HC,8,6,2,4,11,3,1,-2
81527,HC,8,6,2,5,2,1,0,-1
81527,HC,8,6,2,6,3,0,0,0
81527,HC,8,6,2,6,8,1,0,-1
81527,HC,9,5,2,3,3,1,0,-1
81527,HC,9,5,2,3,4,2,0,-2
81527,HC,9,5,2,4,2,0,0,0
81527,HC,9,5,2,5,2,1,0,-1
81527,HC,9,5,2,5,3,2,0,-2
81527,HC,9,5,2,5,5,3,0,-3
81527,HC,10,3,2,1,2,1,0,-1
81527,HC,10,3,2,1,3,0,2,2
81527,HC,12,4,2,3,2,0,1,1
81527,HC,12,4,2,3,3,1,1,0
81527,HC,12,4,2,4,2,1,0,-1
81527,HC,13,5,3,2,2,0,0,0
81527,HC,13,5,3,2,7,0,1,1
81527,HC,13,5,3,3,2,1,0,-1
81527,HC,13,5,3,4,5,0,1,1
81527,HC,13,5,3,5,2,0,1,1
81527,HC,13,5,3,5,4,1,1,0
81538,HC,1,2,1,2,2,0,1,1
81538,HC,2,6,1,2,2,0,1,1
81538,HC,2,6,1,3,2,1,0,-1
81538,HC,2,6,1,3,3,0,2,2
81538,HC,2,6,1,3,5,1,2,1
81538,HC,2,6,1,4,2,0,0,0
81538,HC,2,6,1,4,3,0,1,1
81538,HC,2,6,1,4,4,1,1,0
81538,HC,2,6,1,4,5,1,2,1
81538,HC,2,6,1,4,6,2,2,0
81538,HC,2,6,1,5,4,0,0,0
81538,HC,2,6,1,5,6,1,0,-1
81538,HC,2,6,1,6,3,0,0,0
81538,HC,2,6,1,6,4,1,0,-1
81538,HC,4,5,1,1,8,0,0,0
81538,HC,4,5,1,1,9,1,0,-1
81538,HC,4,5,1,4,2,0,1,1
81538,HC,4,5,1,4,3,1,1,0
81538,HC,4,5,1,4,5,2,1,-1
81538,HC,5,3,1,2,2,0,1,1
81538,HC,6,4,1,1,2,0,1,1
81538,HC,6,4,1,1,10,1,1,0
81538,HC,6,4,1,2,2,0,1,1
81538,HC,6,4,1,2,3,1,1,0
81538,HC,6,4,1,2,4,1,2,1
81538,HC,6,4,1,3,2,0,1,1
81538,HC,6,4,1,3,3,1,1,0
81538,HC,6,4,1,3,4,1,2,1
81538,HC,6,4,1,3,5,2,2,0
81538,HC,6,4,1,3,6,2,3,1
81538,HC,6,4,1,4,2,1,0,-1
81538,HC,6,4,1,4,3,2,0,-2
81538,HC,6,4,1,4,4,3,0,-3
81538,HC,7,2,3,2,2,1,0,-1
81538,HC,8,6,2,1,3,0,0,0
81538,HC,8,6,2,3,2,0,1,1
81538,HC,8,6,2,3,10,1,1,0
81538,HC,8,6,2,4,2,0,1,1
81538,HC,9,5,2,4,2,0,1,1
81538,HC,9,5,2,4,5,1,1,0
81538,HC,9,5,2,4,6,1,2,1
81538,HC,11,5,3,1,2,1,0,-1
81538,HC,11,5,3,1,4,2,0,-2
81538,HC,11,5,3,4,2,0,1,1
81538,HC,11,5,3,4,5,1,1,0
81538,HC,11,5,3,5,4,1,0,-1
81538,HC,11,5,3,5,5,2,0,-2
81538,HC,11,5,3,5,6,3,0,-3
81538,HC,11,5,3,5,8,4,0,-4
81538,HC,12,3,2,1,2,0,1,1
81538,HC,12,3,2,1,4,1,1,0
81538,HC,12,3,2,1,9,2,1,-1
81538,HC,12,3,2,3,2,0,1,1
81538,HC,12,3,2,3,8,1,1,0
81538,HC,13,4,2,2,3,1,0,-1
81538,HC,13,4,2,2,5,2,0,-2
81538,HC,13,4,2,2,7,3,0,-3
81538,HC,13,4,2,3,2,1,0,-1
81538,HC,13,4,2,3,3,0,2,2
81538,HC,13,4,2,4,2,0,1,1
81538,HC,13,4,2,4,3,1,1,0
81540,HC,1,6,1,1,2,1,0,-1
81540,HC,1,6,1,1,3,2,0,-2
81540,HC,1,6,1,1,4,0,3,3
81540,HC,1,6,1,1,5,3,1,-2
81540,HC,1,6,1,1,6,4,1,-3
81540,HC,1,6,1,1,7,1,5,4
81540,HC,1,6,1,1,8,5,2,-3
81540,HC,1,6,1,1,9,6,2,-4
81540,HC,1,6,1,1,11,2,7,5
81540,HC,1,6,1,1,14,3,7,4
81540,HC,1,6,1,2,6,1,0,-1
81540,HC,1,6,1,2,7,2,0,-2
81540,HC,1,6,1,2,14,3,0,-3
81540,HC,1,6,1,4,3,0,0,0
81540,HC,1,6,1,4,5,1,0,-1
81540,HC,1,6,1,4,8,0,2,2
81540,HC,1,6,1,4,9,2,1,-1
81540,HC,1,6,1,4,12,3,1,-2
81540,HC,1,6,1,5,2,0,0,0
81540,HC,1,6,1,6,3,0,0,0
81540,HC,1,6,1,6,4,1,0,-1
81540,HC,1,6,1,6,7,2,0,-2
81540,HC,2,5,1,1,8,0,0,0
81540,HC,2,5,1,3,2,0,1,1
81540,HC,2,5,1,3,3,1,1,0
81540,HC,2,5,1,3,4,1,2,1
81540,HC,2,5,1,5,2,1,0,-1
81540,HC,4,4,1,1,2,0,1,1
81540,HC,4,4,1,4,2,0,1,1
81540,HC,4,4,1,4,3,1,1,0
81540,HC,7,2,3,1,2,0,1,1
81540,HC,8,5,2,1,2,0,1,1
81540,HC,8,5,2,1,5,1,1,0
81540,HC,8,5,2,2,2,0,1,1
81540,HC,8,5,2,2,3,1,1,0
81540,HC,8,5,2,2,4,2,1,-1
81540,HC,8,5,2,3,2,0,1,1
81540,HC,8,5,2,3,3,1,1,0
81540,HC,8,5,2,3,5,1,2,1
81540,HC,8,5,2,3,6,2,2,0
81540,HC,8,5,2,3,7,2,3,1
81540,HC,8,5,2,3,8,3,3,0
81540,HC,8,5,2,3,9,4,3,-1
81540,HC,8,5,2,3,10,3,5,2
81540,HC,8,5,2,3,11,5,4,-1
81540,HC,8,5,2,4,2,1,0,-1
81540,HC,8,5,2,4,3,2,0,-2
81540,HC,8,5,2,4,4,0,3,3
81540,HC,8,5,2,4,5,1,3,2
81540,HC,8,5,2,4,6,3,2,-1
81540,HC,8,5,2,4,10,4,2,-2
81540,HC,8,5,2,5,14,0,0,0
81540,HC,9,6,2,2,2,0,0,0
81540,HC,9,6,2,2,3,1,0,-1
81540,HC,9,6,2,3,2,0,1,1
81540,HC,9,6,2,3,3,1,1,0
81540,HC,9,6,2,3,4,2,1,-1
81540,HC,9,6,2,3,5,3,1,-2
81540,HC,9,6,2,3,6,4,1,-3
81540,HC,9,6,2,4,3,0,0,0
81540,HC,9,6,2,4,4,0,1,1
81540,HC,9,6,2,4,5,1,1,0
81540,HC,9,6,2,4,6,2,1,-1
81540,HC,9,6,2,5,3,0,1,1
81540,HC,9,6,2,5,6,1,1,0
81540,HC,10,5,3,2,5,0,0,0
81540,HC,10,5,3,4,4,0,0,0
81540,HC,10,5,3,5,4,0,1,1
81540,HC,11,2,4,1,2,0,1,1
81540,HC,12,4,2,3,2,0,1,1
81540,HC,12,4,2,3,3,1,1,0
81540,HC,12,4,2,3,9,1,2,1
81540,HC,12,4,2,4,2,0,1,1
81540,HC,12,4,2,4,3,1,1,0
81540,HC,13,3,2,3,2,0,0,0
81551,SZ,1,3,1,1,2,0,1,1
81551,SZ,1,3,1,1,3,1,1,0
81551,SZ,1,3,1,1,4,1,2,1
81551,SZ,1,3,1,1,5,2,2,0
81551,SZ,1,3,1,1,6,2,3,1
81551,SZ,1,3,1,2,2,1,0,-1
81551,SZ,1,3,1,2,5,0,2,2
81551,SZ,1,3,1,2,9,2,1,-1
81551,SZ,1,3,1,3,2,1,0,-1
81551,SZ,1,3,1,3,3,2,0,-2
81551,SZ,1,3,1,3,4,0,3,3
81551,SZ,1,3,1,3,5,3,1,-2
81551,SZ,1,3,1,3,6,4,1,-3
81551,SZ,1,3,1,3,7,1,5,4
81551,SZ,1,3,1,3,8,5,2,-3
81551,SZ,1,3,1,3,9,6,2,-4
81551,SZ,1,3,1,3,10,2,7,5
81551,SZ,2,2,1,1,3,0,0,0
81551,SZ,3,2,2,2,2,1,0,-1
81551,SZ,4,6,1,1,3,1,0,-1
81551,SZ,4,6,1,1,4,0,2,2
81551,SZ,4,6,1,1,6,1,2,1
81551,SZ,4,6,1,1,7,2,2,0
81551,SZ,4,6,1,2,3,1,0,-1
81551,SZ,4,6,1,4,5,0,0,0
81551,SZ,4,6,1,5,3,0,1,1
81551,SZ,4,6,1,5,4,1,1,0
81551,SZ,4,6,1,5,6,2,1,-1
81551,SZ,4,6,1,6,3,0,0,0
81551,SZ,4,6,1,6,4,1,0,-1
81551,SZ,5,4,1,2,4,0,0,0
81551,SZ,5,4,1,3,2,0,1,1
81551,SZ,5,4,1,3,3,1,1,0
81551,SZ,6,2,3,1,9,0,1,1
81551,SZ,7,5,1,1,4,1,0,-1
81551,SZ,7,5,1,2,2,0,1,1
81551,SZ,7,5,1,2,3,1,1,0
81551,SZ,7,5,1,2,4,2,1,-1
81551,SZ,7,5,1,3,2,0,1,1
81551,SZ,7,5,1,3,3,1,1,0
81551,SZ,7,5,1,3,4,2,1,-1
81551,SZ,7,5,1,4,2,0,1,1
81551,SZ,7,5,1,4,3,1,1,0
81551,SZ,7,5,1,4,5,1,2,1
81551,SZ,7,5,1,4,7,2,2,0
81551,SZ,8,6,2,1,2,1,0,-1
81551,SZ,8,6,2,1,8,2,0,-2
81551,SZ,8,6,2,3,2,0,0,0
81551,SZ,8,6,2,3,3,1,0,-1
81551,SZ,8,6,2,5,2,0,1,1
81551,SZ,8,6,2,5,3,1,1,0
81551,SZ,8,6,2,5,4,2,1,-1
81551,SZ,8,6,2,6,2,0,1,1
81551,SZ,8,6,2,6,3,1,1,0
81551,SZ,8,6,2,6,5,2,1,-1
81551,SZ,8,6,2,6,10,1,3,2
81551,SZ,9,5,2,1,3,0,0,0
81551,SZ,9,5,2,1,5,0,1,1
81551,SZ,9,5,2,1,7,1,1,0
81551,SZ,9,5,2,1,8,1,2,1
81551,SZ,9,5,2,3,3,1,0,-1
81551,SZ,9,5,2,3,4,0,2,2
81551,SZ,9,5,2,3,7,2,1,-1
81551,SZ,9,5,2,3,8,3,1,-2
81551,SZ,9,5,2,4,2,0,0,0
81551,SZ,9,5,2,4,3,0,1,1
81551,SZ,9,5,2,4,4,1,1,0
81551,SZ,9,5,2,4,5,2,1,-1
81551,SZ,9,5,2,5,2,1,0,-1
81551,SZ,9,5,2,5,4,2,0,-2
81551,SZ,10,3,2,2,6,0,1,1
81551,SZ,10,3,2,3,9,0,0,0
81551,SZ,11,2,4,2,2,1,0,-1
81551,SZ,12,4,2,1,2,0,1,1
81551,SZ,12,4,2,1,5,1,1,0
81551,SZ,12,4,2,1,6,2,1,-1
81551,SZ,12,4,2,2,2,0,0,0
81551,SZ,12,4,2,2,3,0,1,1
81551,SZ,12,4,2,2,4,1,1,0
81551,SZ,12,4,2,2,5,1,2,1
81551,SZ,12,4,2,2,6,2,2,0
81551,SZ,12,4,2,2,7,2,3,1
81551,SZ,12,4,2,2,8,3,3,0
81551,SZ,12,4,2,2,9,3,4,1
81551,SZ,12,4,2,2,14,4,4,0
81551,SZ,12,4,2,3,3,1,0,-1
81551,SZ,12,4,2,4,2,0,1,1
81551,SZ,12,4,2,4,3,1,1,0
81551,SZ,12,4,2,4,5,1,2,1
81551,SZ,12,4,2,4,6,2,2,0
81551,SZ,12,4,2,4,7,3,2,-1
81551,SZ,12,4,2,4,8,4,2,-2
81551,SZ,12,4,2,4,9,5,2,-3
81551,SZ,12,4,2,4,10,6,2,-4
81551,SZ,13,5,3,1,2,0,1,1
81551,SZ,13,5,3,1,3,1,1,0
81551,SZ,13,5,3,1,4,2,1,-1
81551,SZ,13,5,3,1,6,3,1,-2
81551,SZ,13,5,3,1,7,1,4,3
81551,SZ,13,5,3,1,8,2,4,2
81551,SZ,13,5,3,1,9,3,4,1
81551,SZ,13,5,3,1,10,4,4,0
81551,SZ,13,5,3,2,3,1,0,-1
81551,SZ,13,5,3,3,2,0,1,1
81551,SZ,13,5,3,3,3,1,1,0
81551,SZ,13,5,3,3,6,2,1,-1
81551,SZ,13,5,3,4,2,1,0,-1
81551,SZ,13,5,3,4,3,0,2,2
81551,SZ,13,5,3,5,3,0,1,1
81551,SZ,13,5,3,5,4,1,1,0
81551,SZ,13,5,3,5,5,1,2,1
81551,SZ,13,5,3,5,6,2,2,0
81551,SZ,13,5,3,5,7,2,3,1
81663,HC,1,5,1,1,3,1,0,-1
81663,HC,1,5,1,1,5,0,2,2
81663,HC,1,5,1,1,7,2,1,-1
81663,HC,1,5,1,1,8,3,1,-2
81663,HC,1,5,1,1,9,1,4,3
81663,HC,1,5,1,1,11,4,2,-2
81663,HC,1,5,1,2,3,0,1,1
81663,HC,1,5,1,2,5,1,1,0
81663,HC,1,5,1,3,2,0,1,1
81663,HC,1,5,1,3,3,1,1,0
81663,HC,1,5,1,3,4,1,2,1
81663,HC,1,5,1,3,5,2,2,0
81663,HC,1,5,1,3,6,3,2,-1
81663,HC,1,5,1,3,7,2,4,2
81663,HC,1,5,1,3,8,3,4,1
81663,HC,1,5,1,3,11,4,4,0
81663,HC,1,5,1,4,2,0,0,0
81663,HC,1,5,1,4,4,0,1,1
81663,HC,1,5,1,4,5,1,1,0
81663,HC,1,5,1,5,2,1,0,-1
81663,HC,2,4,1,3,4,0,0,0
81663,HC,2,4,1,3,8,1,0,-1
81663,HC,3,6,1,1,2,0,1,1
81663,HC,3,6,1,1,3,1,1,0
81663,HC,3,6,1,1,5,2,1,-1
81663,HC,3,6,1,1,8,3,1,-2
81663,HC,3,6,1,1,12,4,1,-3
81663,HC,3,6,1,2,3,0,1,1
81663,HC,3,6,1,2,6,1,1,0
81663,HC,3,6,1,3,2,1,0,-1
81663,HC,3,6,1,3,3,2,0,-2
81663,HC,3,6,1,3,4,3,0,-3
81663,HC,3,6,1,3,5,0,4,4
81663,HC,4,3,1,1,2,1,0,-1
81663,HC,4,3,1,1,3,0,2,2
81663,HC,4,3,1,2,2,0,1,1
81663,HC,4,3,1,2,3,1,1,0
81663,HC,4,3,1,3,2,0,1,1
81663,HC,4,3,1,3,6,1,1,0
81663,HC,4,3,1,3,9,2,1,-1
81663,HC,5,2,1,1,7,1,0,-1
81663,HC,6,2,2,2,7,0,1,1
81663,HC,7,2,3,2,7,0,0,0
81663,HC,8,5,2,1,2,0,0,0
81663,HC,8,5,2,2,2,0,0,0
81663,HC,8,5,2,2,3,1,0,-1
81663,HC,8,5,2,4,2,0,1,1
81663,HC,8,5,2,4,3,1,1,0
81663,HC,8,5,2,4,4,1,2,1
81663,HC,8,5,2,5,7,0,0,0
81663,HC,9,6,2,1,3,0,0,0
81663,HC,9,6,2,1,4,1,0,-1
81663,HC,9,6,2,1,5,2,0,-2
81663,HC,9,6,2,1,6,3,0,-3
81663,HC,9,6,2,1,7,0,4,4
81663,HC,9,6,2,1,8,4,1,-3
81663,HC,9,6,2,1,9,5,1,-4
81663,HC,9,6,2,1,10,1,6,5
81663,HC,9,6,2,1,11,6,2,-4
81663,HC,9,6,2,1,13,7,2,-5
81663,HC,9,6,2,1,14,2,8,6
81663,HC,9,6,2,2,4,0,1,1
81663,HC,9,6,2,2,8,1,1,0
81663,HC,9,6,2,2,10,2,1,-1
81663,HC,9,6,2,3,12,0,0,0
81663,HC,9,6,2,4,2,1,0,-1
81663,HC,9,6,2,4,5,0,2,2
81663,HC,9,6,2,6,3,1,0,-1
81663,HC,9,6,2,6,4,0,2,2
81663,HC,9,6,2,6,6,1,2,1
81663,HC,9,6,2,6,7,2,2,0
81663,HC,9,6,2,6,8,3,2,-1
81663,HC,10,5,3,1,3,1,0,-1
81663,HC,10,5,3,1,4,0,2,2
81663,HC,10,5,3,1,5,2,1,-1
81663,HC,10,5,3,1,6,1,3,2
81663,HC,10,5,3,1,7,3,2,-1
81663,HC,10,5,3,1,8,2,4,2
81663,HC,10,5,3,1,9,4,3,-1
81663,HC,10,5,3,1,10,5,3,-2
81663,HC,10,5,3,1,11,3,6,3
81663,HC,10,5,3,1,12,4,6,2
81663,HC,10,5,3,1,14,5,6,1
81663,HC,10,5,3,2,3,1,0,-1
81663,HC,10,5,3,2,4,0,2,2
81663,HC,10,5,3,2,5,2,1,-1
81663,HC,10,5,3,2,7,1,3,2
81663,HC,10,5,3,2,8,3,2,-1
81663,HC,10,5,3,2,15,4,2,-2
81663,HC,10,5,3,3,3,1,0,-1
81663,HC,10,5,3,4,2,0,1,1
81663,HC,10,5,3,5,2,0,1,1
81663,HC,10,5,3,5,3,1,1,0
81663,HC,10,5,3,5,5,2,1,-1
81663,HC,10,5,3,5,8,1,3,2
81663,HC,10,5,3,5,9,3,2,-1
81663,HC,10,5,3,5,14,2,4,2
81663,HC,11,4,2,1,2,0,1,1
81663,HC,11,4,2,1,4,1,1,0
81663,HC,11,4,2,1,6,2,1,-1
81663,HC,11,4,2,2,3,0,1,1
81663,HC,11,4,2,2,6,1,1,0
81663,HC,11,4,2,2,8,1,2,1
81663,HC,11,4,2,2,12,2,2,0
81663,HC,11,4,2,4,2,0,1,1
81663,HC,11,4,2,4,4,1,1,0
81663,HC,11,4,2,4,5,1,2,1
81663,HC,11,4,2,4,7,2,2,0
81663,HC,12,3,2,2,2,0,1,1
81663,HC,12,3,2,2,3,1,1,0
81663,HC,13,2,4,1,9,0,0,0
81685,HC,3,2,2,1,2,0,1,1
81685,HC,3,2,2,1,4,1,1,0
81685,HC,4,4,1,1,2,0,1,1
81685,HC,4,4,1,1,3,1,1,0
81685,HC,4,4,1,2,2,0,1,1
81685,HC,4,4,1,3,8,0,0,0
81685,HC,4,4,1,4,2,0,1,1
81685,HC,5,2,3,1,2,0,1,1
81685,HC,6,5,1,1,2,0,1,1
81685,HC,6,5,1,1,3,1,1,0
81685,HC,6,5,1,1,4,1,2,1
81685,HC,6,5,1,1,5,2,2,0
81685,HC,6,5,1,1,7,3,2,-1
81685,HC,6,5,1,2,4,0,1,1
81685,HC,6,5,1,2,11,1,1,0
81685,HC,6,5,1,5,4,1,0,-1
81685,HC,6,5,1,5,5,0,2,2
81685,HC,6,5,1,5,11,1,2,1
81685,HC,7,6,1,1,2,1,0,-1
81685,HC,7,6,1,1,3,0,2,2
81685,HC,7,6,1,2,10,0,1,1
81685,HC,7,6,1,6,4,0,0,0
81685,HC,7,6,1,6,6,1,0,-1
81685,HC,7,6,1,6,10,2,0,-2
81685,HC,8,5,2,1,2,0,1,1
81685,HC,8,5,2,1,3,1,1,0
81685,HC,8,5,2,1,8,2,1,-1
81685,HC,8,5,2,3,3,1,0,-1
81685,HC,9,6,2,1,2,1,0,-1
81685,HC,9,6,2,2,2,0,1,1
81685,HC,9,6,2,2,3,1,1,0
81685,HC,9,6,2,3,4,1,0,-1
81685,HC,10,2,4,2,4,0,0,0
81685,HC,11,3,2,1,2,0,1,1
81685,HC,11,3,2,2,2,0,1,1
81685,HC,12,4,2,1,2,0,1,1
81685,HC,12,4,2,3,7,0,1,1
81685,HC,13,5,3,1,2,0,1,1
81685,HC,13,5,3,1,3,1,1,0
81685,HC,13,5,3,3,2,0,1,1
81685,HC,13,5,3,3,5,1,1,0
81685,HC,13,5,3,4,8,0,0,0
81988,HC,1,2,1,1,3,0,0,0
81988,HC,1,2,1,2,2,0,1,1
81988,HC,2,6,1,2,2,0,1,1
81988,HC,2,6,1,3,2,0,1,1
81988,HC,2,6,1,3,3,1,1,0
81988,HC,2,6,1,3,4,1,2,1
81988,HC,2,6,1,5,3,1,0,-1
81988,HC,2,6,1,6,3,0,0,0
81988,HC,3,3,1,2,2,0,1,1
81988,HC,6,5,1,2,2,0,1,1
81988,HC,6,5,1,4,2,0,1,1
81988,HC,6,5,1,4,3,1,1,0
81988,HC,6,5,1,5,2,0,1,1
81988,HC,8,6,2,1,2,0,1,1
81988,HC,8,6,2,2,2,0,1,1
81988,HC,8,6,2,2,3,1,1,0
81988,HC,8,6,2,2,4,1,2,1
81988,HC,8,6,2,4,2,0,1,1
81988,HC,8,6,2,4,3,1,1,0
81988,HC,8,6,2,6,2,0,1,1
81988,HC,9,5,2,1,2,0,1,1
81988,HC,9,5,2,3,2,0,1,1
81988,HC,9,5,2,4,2,0,1,1
81988,HC,11,3,2,3,2,0,1,1
81988,HC,12,4,2,1,2,0,1,1
81988,HC,12,4,2,1,3,1,1,0
81988,HC,12,4,2,3,6,0,0,0
81988,HC,12,4,2,4,2,0,1,1
81988,HC,13,5,3,1,2,0,1,1
81988,HC,13,5,3,2,2,0,1,1
81988,HC,13,5,3,4,3,0,1,1
81990,HC,2,5,1,1,3,0,1,1
81990,HC,2,5,1,1,4,1,1,0
81990,HC,2,5,1,2,2,1,0,-1
81990,HC,2,5,1,2,5,0,2,2
81990,HC,2,5,1,3,2,1,0,-1
81990,HC,2,5,1,3,3,0,2,2
81990,HC,2,5,1,3,4,1,2,1
81990,HC,2,5,1,4,2,0,1,1
81990,HC,2,5,1,4,3,1,1,0
81990,HC,2,5,1,4,4,1,2,1
81990,HC,2,5,1,4,5,2,2,0
81990,HC,2,5,1,4,6,2,3,1
81990,HC,3,6,1,1,2,0,1,1
81990,HC,3,6,1,1,3,1,1,0
81990,HC,3,6,1,1,4,1,2,1
81990,HC,3,6,1,1,9,2,2,0
81990,HC,3,6,1,1,10,3,2,-1
81990,HC,3,6,1,3,2,0,1,1
81990,HC,3,6,1,3,3,1,1,0
81990,HC,3,6,1,3,5,1,2,1
81990,HC,3,6,1,5,3,1,0,-1
81990,HC,3,6,1,5,4,0,2,2
81990,HC,3,6,1,5,5,2,1,-1
81990,HC,3,6,1,5,6,3,1,-2
81990,HC,3,6,1,5,7,1,4,3
81990,HC,3,6,1,5,8,2,4,2
81990,HC,3,6,1,6,2,0,1,1
81990,HC,3,6,1,6,3,1,1,0
81990,HC,3,6,1,6,4,2,1,-1
81990,HC,3,6,1,6,5,1,3,2
81990,HC,3,6,1,6,7,3,2,-1
81990,HC,3,6,1,6,9,2,4,2
81990,HC,7,4,1,2,2,0,1,1
81990,HC,7,4,1,4,2,0,0,0
81990,HC,9,6,2,3,2,0,1,1
81990,HC,9,6,2,3,9,1,1,0
81990,HC,9,6,2,4,3,1,0,-1
81990,HC,9,6,2,4,4,0,2,2
81990,HC,9,6,2,5,2,0,1,1
81990,HC,9,6,2,5,5,1,1,0
81990,HC,9,6,2,5,7,2,1,-1
81990,HC,9,6,2,5,8,3,1,-2
81990,HC,9,6,2,6,5,0,0,0
81990,HC,11,5,3,1,2,0,1,1
81990,HC,11,5,3,2,3,0,0,0
81990,HC,11,5,3,2,7,1,0,-1
81990,HC,12,3,2,1,2,0,1,1
81990,HC,12,3,2,2,2,0,1,1
82012,HC,2,4,1,1,2,0,1,1
82012,HC,2,4,1,1,3,1,1,0
82012,HC,2,4,1,1,4,1,2,1
82012,HC,2,4,1,1,5,2,2,0
82012,HC,2,4,1,1,6,2,3,1
82012,HC,2,4,1,2,2,0,0,0
82012,HC,2,4,1,2,5,0,1,1
82012,HC,2,4,1,2,6,1,1,0
82012,HC,2,4,1,2,7,1,2,1
82012,HC,2,4,1,3,2,1,0,-1
82012,HC,2,4,1,3,3,0,2,2
82012,HC,2,4,1,4,4,0,1,1
82012,HC,2,4,1,4,5,1,1,0
82012,HC,3,6,1,1,2,0,1,1
82012,HC,3,6,1,1,7,1,1,0
82012,HC,3,6,1,1,9,2,1,-1
82012,HC,3,6,1,1,10,3,1,-2
82012,HC,3,6,1,1,12,4,1,-3
82012,HC,3,6,1,2,2,0,1,1
82012,HC,3,6,1,2,7,1,1,0
82012,HC,3,6,1,2,8,2,1,-1
82012,HC,3,6,1,2,10,1,3,2
82012,HC,3,6,1,2,12,3,2,-1
82012,HC,3,6,1,2,14,4,2,-2
82012,HC,3,6,1,3,2,1,0,-1
82012,HC,3,6,1,3,4,0,2,2
82012,HC,3,6,1,3,5,2,1,-1
82012,HC,3,6,1,3,9,3,1,-2
82012,HC,3,6,1,3,10,1,4,3
82012,HC,3,6,1,4,2,0,0,0
82012,HC,3,6,1,5,3,1,0,-1
82012,HC,3,6,1,6,2,1,0,-1
82012,HC,3,6,1,6,3,0,2,2
82012,HC,3,6,1,6,4,1,2,1
82012,HC,4,5,1,2,3,0,1,1
82012,HC,4,5,1,2,5,1,1,0
82012,HC,4,5,1,2,7,2,1,-1
82012,HC,4,5,1,3,2,0,1,1
82012,HC,4,5,1,3,3,1,1,0
82012,HC,4,5,1,3,4,1,2,1
82012,HC,4,5,1,4,14,1,0,-1
82012,HC,4,5,1,5,2,1,0,-1
82012,HC,4,5,1,5,5,0,2,2
82012,HC,4,5,1,5,6,1,2,1
82012,HC,6,2,2,1,2,0,1,1
82012,HC,6,2,2,1,5,1,1,0
82012,HC,6,2,2,1,8,2,1,-1
82012,HC,7,2,3,1,5,0,1,1
82012,HC,7,2,3,2,2,0,1,1
82012,HC,7,2,3,2,4,1,1,0
82012,HC,8,6,2,2,7,0,0,0
82012,HC,8,6,2,3,2,0,1,1
82012,HC,8,6,2,3,3,1,1,0
82012,HC,8,6,2,3,5,1,2,1
82012,HC,8,6,2,3,8,2,2,0
82012,HC,8,6,2,3,11,3,2,-1
82012,HC,8,6,2,4,2,0,0,0
82012,HC,8,6,2,4,3,1,0,-1
82012,HC,8,6,2,4,4,0,2,2
82012,HC,8,6,2,4,5,2,1,-1
82012,HC,8,6,2,4,6,3,1,-2
82012,HC,8,6,2,4,9,4,1,-3
82012,HC,8,6,2,4,10,5,1,-4
82012,HC,8,6,2,4,14,6,1,-5
82012,HC,8,6,2,5,2,0,1,1
82012,HC,8,6,2,5,3,1,1,0
82012,HC,8,6,2,5,9,1,2,1
82012,HC,8,6,2,6,14,0,0,0
82012,HC,9,5,2,2,2,0,0,0
82012,HC,9,5,2,4,2,0,1,1
82012,HC,9,5,2,4,8,1,1,0
82012,HC,10,2,4,2,2,0,1,1
82012,HC,11,4,2,1,2,0,1,1
82012,HC,11,4,2,1,3,1,1,0
82012,HC,11,4,2,1,5,2,1,-1
82012,HC,11,4,2,1,6,1,3,2
82012,HC,11,4,2,1,7,3,2,-1
82012,HC,11,4,2,2,2,0,1,1
82012,HC,11,4,2,2,3,1,1,0
82012,HC,11,4,2,2,4,1,2,1
82012,HC,11,4,2,2,5,2,2,0
82012,HC,11,4,2,2,6,2,3,1
82012,HC,11,4,2,2,7,3,3,0
82012,HC,11,4,2,2,9,4,3,-1
82012,HC,11,4,2,2,10,5,3,-2
82012,HC,11,4,2,2,13,6,3,-3
82012,HC,11,4,2,4,2,0,1,1
82012,HC,11,4,2,4,3,1,1,0
82012,HC,11,4,2,4,4,1,2,1
82012,HC,11,4,2,4,6,2,2,0
82012,HC,11,4,2,4,7,2,3,1
82012,HC,11,4,2,4,10,3,3,0
82012,HC,12,5,3,1,2,0,1,1
82012,HC,12,5,3,1,4,1,1,0
82012,HC,12,5,3,1,6,1,2,1
82012,HC,12,5,3,1,7,2,2,0
82012,HC,12,5,3,1,8,2,3,1
82012,HC,12,5,3,1,9,3,3,0
82012,HC,12,5,3,1,10,3,4,1
82012,HC,12,5,3,1,13,4,4,0
82012,HC,12,5,3,1,14,4,5,1
82012,HC,12,5,3,2,5,0,0,0
82012,HC,12,5,3,2,9,1,0,-1
82012,HC,12,5,3,2,10,2,0,-2
82012,HC,12,5,3,2,11,3,0,-3
82012,HC,12,5,3,2,12,4,0,-4
82012,HC,12,5,3,2,13,5,0,-5
82012,HC,12,5,3,2,14,6,0,-6
82012,HC,12,5,3,3,2,0,0,0
82012,HC,12,5,3,4,3,1,0,-1
82012,HC,12,5,3,4,5,2,0,-2
82012,HC,12,5,3,4,6,3,0,-3
82012,HC,12,5,3,4,7,4,0,-4
82012,HC,12,5,3,4,9,5,0,-5
82012,HC,12,5,3,4,10,6,0,-6
82012,HC,12,5,3,4,13,7,0,-7
82012,HC,12,5,3,5,3,0,0,0
82012,HC,12,5,3,5,9,0,1,1
82012,HC,12,5,3,5,10,1,1,0
82012,HC,13,3,2,2,3,0,0,0
82012,HC,13,3,2,2,4,0,1,1
82012,HC,13,3,2,2,7,1,1,0
82012,HC,13,3,2,2,11,2,1,-1
82012,HC,13,3,2,3,6,0,1,1
82034,HC,1,5,1,2,2,1,0,-1
82034,HC,1,5,1,2,3,0,2,2
82034,HC,1,5,1,3,3,0,1,1
82034,HC,1,5,1,3,4,1,1,0
82034,HC,1,5,1,3,5,1,2,1
82034,HC,1,5,1,4,3,1,0,-1
82034,HC,1,5,1,5,2,0,1,1
82034,HC,2,3,1,1,2,0,1,1
82034,HC,2,3,1,3,2,0,1,1
82034,HC,3,2,1,2,2,0,1,1
82034,HC,5,6,1,2,2,0,1,1
82034,HC,5,6,1,3,2,0,1,1
82034,HC,5,6,1,3,3,1,1,0
82034,HC,5,6,1,4,2,0,1,1
82034,HC,5,6,1,6,2,1,0,-1
82034,HC,5,6,1,6,3,0,2,2
82034,HC,7,2,3,2,2,0,1,1
82034,HC,10,5,3,3,2,0,1,1
82034,HC,10,5,3,4,2,0,1,1
82045,SZ,1,4,1,1,2,0,0,0
82045,SZ,1,4,1,1,8,1,0,-1
82045,SZ,1,4,1,2,2,1,0,-1
82045,SZ,1,4,1,2,3,0,2,2
82045,SZ,1,4,1,2,4,1,2,1
82045,SZ,1,4,1,2,5,2,2,0
82045,SZ,1,4,1,2,6,3,2,-1
82045,SZ,1,4,1,3,3,0,1,1
82045,SZ,1,4,1,3,4,1,1,0
82045,SZ,1,4,1,3,5,1,2,1
82045,SZ,1,4,1,3,6,2,2,0
82045,SZ,1,4,1,3,7,3,2,-1
82045,SZ,1,4,1,3,8,4,2,-2
82045,SZ,1,4,1,3,9,2,5,3
82045,SZ,2,2,1,1,2,0,1,1
82045,SZ,3,3,1,2,2,0,1,1
82045,SZ,3,3,1,2,3,1,1,0
82045,SZ,3,3,1,2,4,1,2,1
82045,SZ,3,3,1,2,5,2,2,0
82045,SZ,4,5,1,1,2,0,0,0
82045,SZ,4,5,1,1,4,1,0,-1
82045,SZ,4,5,1,1,5,0,2,2
82045,SZ,4,5,1,1,6,1,2,1
82045,SZ,4,5,1,2,2,0,0,0
82045,SZ,4,5,1,2,3,0,1,1
82045,SZ,4,5,1,2,4,1,1,0
82045,SZ,4,5,1,2,5,1,2,1
82045,SZ,4,5,1,2,7,2,2,0
82045,SZ,4,5,1,5,2,0,1,1
82045,SZ,4,5,1,5,3,1,1,0
82045,SZ,5,2,2,2,3,0,0,0
82045,SZ,5,2,2,2,6,1,0,-1
82045,SZ,5,2,2,2,9,2,0,-2
82045,SZ,6,6,1,1,3,0,0,0
82045,SZ,6,6,1,1,6,1,0,-1
82045,SZ,6,6,1,1,7,2,0,-2
82045,SZ,6,6,1,1,8,0,3,3
82045,SZ,6,6,1,1,9,3,1,-2
82045,SZ,6,6,1,1,15,4,1,-3
82045,SZ,6,6,1,2,3,0,0,0
82045,SZ,6,6,1,2,4,1,0,-1
82045,SZ,6,6,1,2,6,2,0,-2
82045,SZ,6,6,1,2,7,3,0,-3
82045,SZ,6,6,1,2,8,4,0,-4
82045,SZ,6,6,1,2,10,5,0,-5
82045,SZ,6,6,1,2,12,6,0,-6
82045,SZ,6,6,1,2,13,0,7,7
82045,SZ,6,6,1,2,14,1,7,6
82045,SZ,6,6,1,2,15,7,2,-5
82045,SZ,6,6,1,3,2,0,1,1
82045,SZ,6,6,1,3,4,1,1,0
82045,SZ,6,6,1,3,5,1,2,1
82045,SZ,6,6,1,3,7,2,2,0
82045,SZ,6,6,1,3,8,3,2,-1
82045,SZ,6,6,1,3,9,4,2,-2
82045,SZ,6,6,1,3,10,2,5,3
82045,SZ,6,6,1,3,13,5,3,-2
82045,SZ,6,6,1,3,14,3,6,3
82045,SZ,6,6,1,4,3,1,0,-1
82045,SZ,6,6,1,4,5,2,0,-2
82045,SZ,6,6,1,4,7,3,0,-3
82045,SZ,6,6,1,4,9,0,4,4
82045,SZ,6,6,1,4,12,1,4,3
82045,SZ,6,6,1,4,13,4,2,-2
82045,SZ,6,6,1,4,14,2,5,3
82045,SZ,6,6,1,4,15,3,5,2
82045,SZ,6,6,1,6,2,0,1,1
82045,SZ,6,6,1,6,3,1,1,0
82045,SZ,6,6,1,6,4,1,2,1
82045,SZ,6,6,1,6,5,2,2,0
82045,SZ,6,6,1,6,6,3,2,-1
82045,SZ,6,6,1,6,7,4,2,-2
82045,SZ,6,6,1,6,8,2,5,3
82045,SZ,6,6,1,6,9,5,3,-2
82045,SZ,6,6,1,6,10,6,3,-3
82045,SZ,6,6,1,6,11,3,7,4
82045,SZ,6,6,1,6,12,4,7,3
82045,SZ,7,2,3,1,2,0,1,1
82045,SZ,7,2,3,2,2,0,1,1
82045,SZ,7,2,3,2,9,1,1,0
82045,SZ,8,5,2,2,2,0,1,1
82045,SZ,8,5,2,2,3,1,1,0
82045,SZ,8,5,2,3,2,0,1,1
82045,SZ,8,5,2,3,3,1,1,0
82045,SZ,8,5,2,3,4,2,1,-1
82045,SZ,8,5,2,4,3,1,0,-1
82045,SZ,8,5,2,4,4,0,2,2
82045,SZ,8,5,2,4,5,2,1,-1
82045,SZ,8,5,2,5,2,0,1,1
82045,SZ,8,5,2,5,3,1,1,0
82045,SZ,9,6,2,1,2,1,0,-1
82045,SZ,9,6,2,1,4,0,2,2
82045,SZ,9,6,2,2,9,0,0,0
82045,SZ,9,6,2,3,3,0,1,1
82045,SZ,9,6,2,5,2,0,1,1
82045,SZ,9,6,2,5,3,1,1,0
82045,SZ,9,6,2,5,4,2,1,-1
82045,SZ,9,6,2,5,5,1,3,2
82045,SZ,10,4,2,1,3,0,0,0
82045,SZ,10,4,2,1,4,1,0,-1
82045,SZ,10,4,2,1,8,2,0,-2
82045,SZ,10,4,2,2,2,0,1,1
82045,SZ,10,4,2,3,3,0,0,0
82045,SZ,10,4,2,4,3,0,0,0
82045,SZ,10,4,2,4,9,0,1,1
82045,SZ,11,2,4,1,2,0,1,1
82045,SZ,11,2,4,2,2,0,1,1
82045,SZ,11,2,4,2,3,1,1,0
82045,SZ,12,3,2,1,4,0,0,0
82045,SZ,12,3,2,1,9,0,1,1
82045,SZ,13,5,3,1,3,1,0,-1
82045,SZ,13,5,3,1,10,2,0,-2
82045,SZ,13,5,3,2,6,1,0,-1
82045,SZ,13,5,3,2,8,0,2,2
82045,SZ,13,5,3,2,10,2,1,-1
82045,SZ,13,5,3,3,4,0,0,0
82045,SZ,13,5,3,3,5,1,0,-1
82045,SZ,13,5,3,3,7,2,0,-2
82045,SZ,13,5,3,3,9,3,0,-3
82045,SZ,13,5,3,3,10,4,0,-4
82045,SZ,13,5,3,3,13,5,0,-5
82045,SZ,13,5,3,5,2,0,1,1
82045,SZ,13,5,3,5,3,1,1,0
82045,SZ,13,5,3,5,4,1,2,1
82045,SZ,13,5,3,5,5,2,2,0
82045,SZ,13,5,3,5,6,3,2,-1
82124,HC,1,6,1,1,2,0,0,0
82124,HC,1,6,1,1,3,1,0,-1
82124,HC,1,6,1,1,4,2,0,-2
82124,HC,1,6,1,1,5,0,3,3
82124,HC,1,6,1,1,9,3,1,-2
82124,HC,1,6,1,1,10,1,4,3
82124,HC,1,6,1,1,11,4,2,-2
82124,HC,1,6,1,2,3,0,0,0
82124,HC,1,6,1,2,4,1,0,-1
82124,HC,1,6,1,2,6,2,0,-2
82124,HC,1,6,1,2,8,3,0,-3
82124,HC,1,6,1,2,10,4,0,-4
82124,HC,1,6,1,2,12,0,5,5
82124,HC,1,6,1,2,13,5,1,-4
82124,HC,1,6,1,2,14,1,6,5
82124,HC,1,6,1,2,15,6,2,-4
82124,HC,1,6,1,3,2,0,1,1
82124,HC,1,6,1,3,3,1,1,0
82124,HC,1,6,1,3,4,1,2,1
82124,HC,1,6,1,3,5,2,2,0
82124,HC,1,6,1,3,7,3,2,-1
82124,HC,1,6,1,5,2,1,0,-1
82124,HC,1,6,1,5,4,0,2,2
82124,HC,1,6,1,5,5,2,1,-1
82124,HC,1,6,1,5,6,3,1,-2
82124,HC,1,6,1,5,7,1,4,3
82124,HC,1,6,1,5,8,4,2,-2
82124,HC,1,6,1,5,12,5,2,-3
82124,HC,1,6,1,5,14,2,6,4
82124,HC,1,6,1,5,15,3,6,3
82124,HC,1,6,1,6,2,1,0,-1
82124,HC,1,6,1,6,5,2,0,-2
82124,HC,1,6,1,6,6,0,3,3
82124,HC,1,6,1,6,8,1,3,2
82124,HC,1,6,1,6,10,3,2,-1
82124,HC,1,6,1,6,11,2,4,2
82124,HC,1,6,1,6,13,4,3,-1
82124,HC,3,3,1,1,2,0,1,1
82124,HC,3,3,1,2,2,1,0,-1
82124,HC,3,3,1,2,3,0,2,2
82124,HC,3,3,1,2,4,1,2,1
82124,HC,3,3,1,2,5,2,2,0
82124,HC,4,4,1,1,2,1,0,-1
82124,HC,4,4,1,1,3,0,2,2
82124,HC,4,4,1,2,2,1,0,-1
82124,HC,4,4,1,2,3,0,2,2
82124,HC,4,4,1,3,2,1,0,-1
82124,HC,4,4,1,4,11,0,1,1
82124,HC,5,2,2,1,11,0,0,0
82124,HC,5,2,2,2,11,0,0,0
82124,HC,6,5,1,1,2,0,1,1
82124,HC,6,5,1,1,3,1,1,0
82124,HC,6,5,1,1,4,2,1,-1
82124,HC,6,5,1,1,5,1,3,2
82124,HC,6,5,1,4,2,0,0,0
82124,HC,7,2,3,2,2,0,1,1
82124,HC,8,6,2,2,2,0,1,1
82124,HC,8,6,2,2,3,1,1,0
82124,HC,8,6,2,2,6,1,2,1
82124,HC,8,6,2,2,7,2,2,0
82124,HC,8,6,2,3,2,0,1,1
82124,HC,8,6,2,3,4,1,1,0
82124,HC,8,6,2,3,5,2,1,-1
82124,HC,8,6,2,3,8,3,1,-2
82124,HC,8,6,2,4,2,0,1,1
82124,HC,8,6,2,5,2,0,1,1
82124,HC,9,5,2,1,2,0,1,1
82124,HC,9,5,2,2,3,1,0,-1
82124,HC,9,5,2,2,5,0,2,2
82124,HC,9,5,2,3,4,0,1,1
82124,HC,9,5,2,4,2,1,0,-1
82124,HC,9,5,2,4,3,0,2,2
82124,HC,9,5,2,4,5,2,1,-1
82124,HC,9,5,2,4,6,3,1,-2
82124,HC,9,5,2,4,7,4,1,-3
82124,HC,9,5,2,4,8,5,1,-4
82124,HC,9,5,2,4,9,6,1,-5
82124,HC,9,5,2,4,10,7,1,-6
82124,HC,9,5,2,4,11,1,8,7
82124,HC,9,5,2,4,14,8,2,-6
82124,HC,9,5,2,5,3,0,0,0
82124,HC,9,5,2,5,4,1,0,-1
82124,HC,9,5,2,5,5,2,0,-2
82124,HC,9,5,2,5,6,0,3,3
82124,HC,9,5,2,5,7,1,3,2
82124,HC,9,5,2,5,8,3,2,-1
82124,HC,10,2,4,1,2,0,1,1
82124,HC,11,3,2,2,3,0,0,0
82124,HC,11,3,2,2,8,0,1,1
82124,HC,11,3,2,3,2,1,0,-1
82124,HC,12,4,2,1,2,0,1,1
82124,HC,12,4,2,2,2,0,1,1
82124,HC,12,4,2,2,3,1,1,0
82124,HC,12,4,2,2,4,1,2,1
82124,HC,12,4,2,3,4,0,0,0
82124,HC,12,4,2,4,2,1,0,-1
82124,HC,12,4,2,4,5,2,0,-2
82124,HC,13,5,3,2,2,0,0,0
82124,HC,13,5,3,3,4,1,0,-1
82124,HC,13,5,3,3,6,2,0,-2
82124,HC,13,5,3,4,2,0,1,1
82214,HC,1,3,1,2,2,0,1,1
82214,HC,1,3,1,2,4,1,1,0
82214,HC,1,3,1,2,5,1,2,1
82214,HC,1,3,1,2,7,2,2,0
82214,HC,1,3,1,2,8,3,2,-1
82214,HC,1,3,1,2,9,4,2,-2
82214,HC,1,3,1,3,3,1,0,-1
82214,HC,1,3,1,3,6,0,2,2
82214,HC,1,3,1,3,8,1,2,1
82214,HC,1,3,1,3,9,2,2,0
82214,HC,1,3,1,3,10,2,3,1
82214,HC,1,3,1,3,11,3,3,0
82214,HC,2,2,1,2,2,0,1,1
82214,HC,3,5,1,3,2,1,0,-1
82214,HC,3,5,1,3,4,2,0,-2
82214,HC,3,5,1,4,2,0,1,1
82214,HC,3,5,1,5,2,0,1,1
82214,HC,4,2,2,2,2,0,1,1
82214,HC,4,2,2,2,8,1,1,0
82214,HC,5,4,1,3,2,1,0,-1
82214,HC,5,4,1,4,2,0,1,1
82214,HC,6,2,3,2,2,0,1,1
82214,HC,6,2,3,2,6,1,1,0
82214,HC,7,6,1,3,3,0,1,1
82214,HC,7,6,1,3,5,1,1,0
82214,HC,7,6,1,3,12,2,1,-1
82214,HC,7,6,1,4,2,0,1,1
82214,HC,7,6,1,4,4,1,1,0
82214,HC,7,6,1,4,12,1,2,1
82214,HC,7,6,1,5,2,0,1,1
82214,HC,7,6,1,5,3,1,1,0
82214,HC,7,6,1,6,2,1,0,-1
82214,HC,7,6,1,6,3,0,2,2
82214,HC,8,5,2,2,2,0,1,1
82214,HC,8,5,2,4,2,0,1,1
82214,HC,8,5,2,4,15,1,1,0
82214,HC,8,5,2,5,2,1,0,-1
82214,HC,8,5,2,5,3,0,2,2
82214,HC,8,5,2,5,4,2,1,-1
82214,HC,8,5,2,5,5,1,3,2
82214,HC,9,6,2,5,2,1,0,-1
82214,HC,9,6,2,6,2,1,0,-1
82214,HC,9,6,2,6,3,0,2,2
82214,HC,12,5,3,2,11,0,0,0
82214,HC,12,5,3,3,2,0,1,1
82214,HC,12,5,3,4,2,1,0,-1
82214,HC,12,5,3,4,3,2,0,-2
82214,HC,12,5,3,4,4,0,3,3
82214,HC,12,5,3,4,7,3,1,-2
82214,HC,13,4,2,2,2,0,0,0
82214,HC,13,4,2,3,2,0,1,1
82214,HC,13,4,2,3,3,1,1,0
82214,HC,13,4,2,3,5,1,2,1
82214,HC,13,4,2,3,7,2,2,0
82214,HC,13,4,2,4,2,0,1,1
82214,HC,13,4,2,4,3,1,1,0
82214,HC,13,4,2,4,4,2,1,-1
82214,HC,13,4,2,4,5,1,3,2
82236,HC,1,5,1,1,3,0,0,0
82236,HC,1,5,1,1,6,1,0,-1
82236,HC,1,5,1,1,9,2,0,-2
82236,HC,1,5,1,1,12,3,0,-3
82236,HC,1,5,1,1,14,4,0,-4
82236,HC,1,5,1,2,5,0,1,1
82236,HC,1,5,1,2,6,1,1,0
82236,HC,1,5,1,2,7,2,1,-1
82236,HC,1,5,1,2,8,3,1,-2
82236,HC,1,5,1,2,9,1,4,3
82236,HC,1,5,1,2,12,2,4,2
82236,HC,1,5,1,2,13,4,3,-1
82236,HC,1,5,1,2,14,3,5,2
82236,HC,1,5,1,2,15,5,4,-1
82236,HC,1,5,1,3,2,0,1,1
82236,HC,1,5,1,3,3,1,1,0
82236,HC,1,5,1,3,9,1,2,1
82236,HC,1,5,1,3,10,2,2,0
82236,HC,1,5,1,4,3,1,0,-1
82236,HC,1,5,1,4,4,2,0,-2
82236,HC,1,5,1,4,6,3,0,-3
82236,HC,1,5,1,4,12,4,0,-4
82236,HC,1,5,1,5,2,0,1,1
82236,HC,1,5,1,5,5,1,1,0
82236,HC,1,5,1,5,6,2,1,-1
82236,HC,2,3,1,2,2,1,0,-1
82236,HC,2,3,1,2,3,0,2,2
82236,HC,2,3,1,2,4,2,1,-1
82236,HC,2,3,1,2,5,1,3,2
82236,HC,2,3,1,2,6,2,3,1
82236,HC,2,3,1,2,7,3,3,0
82236,HC,2,3,1,2,10,3,4,1
82236,HC,2,3,1,3,2,0,1,1
82236,HC,3,4,1,4,4,0,1,1
82236,HC,4,2,1,1,2,1,0,-1
82236,HC,4,2,1,1,5,2,0,-2
82236,HC,4,2,1,2,2,0,1,1
82236,HC,4,2,1,2,4,1,1,0
82236,HC,6,2,3,1,2,0,1,1
82236,HC,6,2,3,1,4,1,1,0
82236,HC,6,2,3,2,2,0,0,0
82236,HC,6,2,3,2,4,1,0,-1
82236,HC,6,2,3,2,8,2,0,-2
82236,HC,7,6,1,1,2,1,0,-1
82236,HC,7,6,1,1,3,0,2,2
82236,HC,7,6,1,1,4,1,2,1
82236,HC,7,6,1,1,5,2,2,0
82236,HC,7,6,1,1,6,2,3,1
82236,HC,7,6,1,1,7,3,3,0
82236,HC,7,6,1,1,9,3,4,1
82236,HC,7,6,1,1,10,4,4,0
82236,HC,7,6,1,1,11,4,5,1
82236,HC,7,6,1,1,12,5,5,0
82236,HC,7,6,1,1,13,6,5,-1
82236,HC,7,6,1,1,14,7,5,-2
82236,HC,7,6,1,2,2,1,0,-1
82236,HC,7,6,1,2,3,2,0,-2
82236,HC,7,6,1,2,4,0,3,3
82236,HC,7,6,1,2,5,1,3,2
82236,HC,7,6,1,2,6,3,2,-1
82236,HC,7,6,1,2,7,4,2,-2
82236,HC,7,6,1,2,8,2,5,3
82236,HC,7,6,1,2,9,5,3,-2
82236,HC,7,6,1,2,12,6,3,-3
82236,HC,7,6,1,2,13,3,7,4
82236,HC,7,6,1,2,14,4,7,3
82236,HC,7,6,1,2,15,5,7,2
82236,HC,7,6,1,3,2,0,0,0
82236,HC,7,6,1,3,4,0,1,1
82236,HC,7,6,1,3,6,1,1,0
82236,HC,7,6,1,3,7,2,1,-1
82236,HC,7,6,1,3,8,3,1,-2
82236,HC,7,6,1,3,10,4,1,-3
82236,HC,7,6,1,3,11,5,1,-4
82236,HC,7,6,1,3,12,6,1,-5
82236,HC,7,6,1,3,13,7,1,-6
82236,HC,7,6,1,4,5,1,0,-1
82236,HC,7,6,1,4,7,0,2,2
82236,HC,7,6,1,4,10,1,2,1
82236,HC,7,6,1,4,11,2,2,0
82236,HC,7,6,1,4,12,2,3,1
82236,HC,7,6,1,4,13,3,3,0
82236,HC,7,6,1,4,14,4,3,-1
82236,HC,7,6,1,4,15,5,3,-2
82236,HC,7,6,1,5,2,1,0,-1
82236,HC,7,6,1,5,3,0,2,2
82236,HC,7,6,1,5,5,1,2,1
82236,HC,7,6,1,5,6,2,2,0
82236,HC,7,6,1,5,9,2,3,1
82236,HC,7,6,1,5,10,3,3,0
82236,HC,7,6,1,6,2,0,1,1
82236,HC,7,6,1,6,3,1,1,0
82236,HC,7,6,1,6,4,2,1,-1
82236,HC,7,6,1,6,8,3,1,-2
82236,HC,7,6,1,6,9,1,4,3
82236,HC,7,6,1,6,10,2,4,2
82236,HC,7,6,1,6,11,3,4,1
82236,HC,8,5,2,1,4,1,0,-1
82236,HC,8,5,2,3,2,1,0,-1
82236,HC,8,5,2,3,3,0,2,2
82236,HC,8,5,2,3,4,2,1,-1
82236,HC,8,5,2,3,5,3,1,-2
82236,HC,8,5,2,3,6,1,4,3
82236,HC,8,5,2,3,7,4,2,-2
82236,HC,9,6,2,1,3,0,1,1
82236,HC,9,6,2,1,4,1,1,0
82236,HC,9,6,2,1,5,1,2,1
82236,HC,9,6,2,1,6,2,2,0
82236,HC,9,6,2,1,7,3,2,-1
82236,HC,9,6,2,1,8,4,2,-2
82236,HC,9,6,2,1,9,2,5,3
82236,HC,9,6,2,1,11,5,3,-2
82236,HC,9,6,2,3,2,0,0,0
82236,HC,9,6,2,3,3,1,0,-1
82236,HC,9,6,2,3,5,2,0,-2
82236,HC,9,6,2,5,3,0,1,1
82236,HC,9,6,2,5,4,1,1,0
82236,HC,9,6,2,5,10,1,2,1
82236,HC,9,6,2,5,11,2,2,0
82236,HC,9,6,2,5,14,3,2,-1
82236,HC,9,6,2,6,2,1,0,-1
82236,HC,9,6,2,6,3,2,0,-2
82236,HC,10,5,3,1,2,1,0,-1
82236,HC,10,5,3,1,3,2,0,-2
82236,HC,10,5,3,1,4,0,3,3
82236,HC,10,5,3,1,5,3,1,-2
82236,HC,10,5,3,2,2,1,0,-1
82236,HC,10,5,3,4,2,1,0,-1
82236,HC,10,5,3,5,2,1,0,-1
82236,HC,10,5,3,5,4,2,0,-2
82236,HC,10,5,3,5,5,3,0,-3
82236,HC,11,3,2,2,4,0,1,1
82236,HC,11,3,2,2,5,1,1,0
82236,HC,11,3,2,2,6,2,1,-1
82236,HC,11,3,2,2,7,1,3,2
82236,HC,11,3,2,2,8,3,2,-1
82236,HC,11,3,2,3,2,0,1,1
82236,HC,11,3,2,3,5,1,1,0
82236,HC,11,3,2,3,6,2,1,-1
82236,HC,11,3,2,3,7,3,1,-2
82236,HC,12,4,2,1,3,0,0,0
82236,HC,12,4,2,1,4,0,1,1
82236,HC,12,4,2,1,5,1,1,0
82236,HC,12,4,2,1,6,2,1,-1
82236,HC,12,4,2,1,9,3,1,-2
82236,HC,12,4,2,1,10,1,4,3
82236,HC,12,4,2,1,12,4,2,-2
82236,HC,12,4,2,2,6,1,0,-1
82236,HC,12,4,2,2,11,0,2,2
82236,HC,12,4,2,3,2,0,1,1
82236,HC,12,4,2,3,3,1,1,0
82236,HC,12,4,2,3,4,1,2,1
82236,HC,12,4,2,3,5,2,2,0
82236,HC,12,4,2,4,6,0,1,1
82236,HC,13,2,4,2,2,0,1,1
82236,HC,13,2,4,2,5,1,1,0
82372,HC,2,6,1,1,2,0,1,1
82372,HC,2,6,1,1,4,1,1,0
82372,HC,2,6,1,1,5,1,2,1
82372,HC,2,6,1,1,6,2,2,0
82372,HC,2,6,1,1,9,3,2,-1
82372,HC,2,6,1,2,2,1,0,-1
82372,HC,2,6,1,2,3,0,2,2
82372,HC,2,6,1,2,4,2,1,-1
82372,HC,2,6,1,2,5,3,1,-2
82372,HC,2,6,1,2,7,1,4,3
82372,HC,2,6,1,2,8,4,2,-2
82372,HC,2,6,1,2,9,2,5,3
82372,HC,2,6,1,2,10,5,3,-2
82372,HC,2,6,1,5,2,0,1,1
82372,HC,2,6,1,5,3,1,1,0
82372,HC,2,6,1,5,4,1,2,1
82372,HC,2,6,1,5,6,2,2,0
82372,HC,2,6,1,5,8,3,2,-1
82372,HC,2,6,1,5,9,4,2,-2
82372,HC,2,6,1,5,10,5,2,-3
82372,HC,2,6,1,6,2,0,1,1
82372,HC,2,6,1,6,3,1,1,0
82372,HC,2,6,1,6,4,1,2,1
82372,HC,3,2,1,2,4,1,0,-1
82372,HC,4,2,2,1,2,0,1,1
82372,HC,6,4,1,1,2,0,1,1
82372,HC,6,4,1,2,2,0,1,1
82372,HC,6,4,1,2,4,1,1,0
82372,HC,6,4,1,2,5,2,1,-1
82372,HC,6,4,1,4,3,0,1,1
82372,HC,7,5,1,1,2,0,1,1
82372,HC,7,5,1,1,3,1,1,0
82372,HC,7,5,1,2,2,0,0,0
82372,HC,7,5,1,2,11,0,1,1
82372,HC,7,5,1,3,3,0,1,1
82372,HC,7,5,1,3,4,1,1,0
82372,HC,7,5,1,3,5,2,1,-1
82372,HC,7,5,1,3,7,1,3,2
82372,HC,7,5,1,3,8,3,2,-1
82372,HC,7,5,1,3,9,2,4,2
82372,HC,7,5,1,3,10,4,3,-1
82372,HC,7,5,1,3,11,3,5,2
82372,HC,7,5,1,4,2,0,1,1
82372,HC,7,5,1,5,3,1,0,-1
82372,HC,8,6,2,2,3,0,0,0
82372,HC,8,6,2,3,3,0,0,0
82372,HC,8,6,2,4,3,0,0,0
82372,HC,9,5,2,1,2,0,1,1
82372,HC,9,5,2,2,2,0,1,1
82372,HC,9,5,2,3,2,0,1,1
82372,HC,10,3,2,1,2,0,1,1
82372,HC,10,3,2,2,2,0,1,1
82372,HC,11,2,4,1,2,0,1,1
82372,HC,12,4,2,1,2,0,1,1
82372,HC,12,4,2,1,3,1,1,0
82383,HC,1,2,1,2,2,0,1,1
82383,HC,1,2,1,2,3,1,1,0
82383,HC,2,2,2,2,2,0,1,1
82383,HC,4,5,1,1,2,1,0,-1
82383,HC,4,5,1,1,3,2,0,-2
82383,HC,4,5,1,1,4,0,3,3
82383,HC,4,5,1,1,6,1,3,2
82383,HC,4,5,1,1,7,2,3,1
82383,HC,4,5,1,1,8,3,3,0
82383,HC,4,5,1,2,3,0,1,1
82383,HC,4,5,1,2,4,1,1,0
82383,HC,4,5,1,2,5,2,1,-1
82383,HC,4,5,1,4,2,0,1,1
82383,HC,4,5,1,4,4,1,1,0
82383,HC,4,5,1,4,5,2,1,-1
82383,HC,4,5,1,4,6,3,1,-2
82383,HC,4,5,1,5,3,0,1,1
82383,HC,4,5,1,5,5,1,1,0
82383,HC,4,5,1,5,6,2,1,-1
82383,HC,4,5,1,5,8,1,3,2
82383,HC,4,5,1,5,11,2,3,1
82383,HC,5,6,1,1,3,0,1,1
82383,HC,5,6,1,4,2,0,1,1
82383,HC,5,6,1,4,3,1,1,0
82383,HC,5,6,1,4,4,2,1,-1
82383,HC,5,6,1,5,11,1,0,-1
82383,HC,5,6,1,6,2,0,1,1
82383,HC,6,4,1,1,2,0,1,1
82383,HC,6,4,1,3,2,1,0,-1
82383,HC,6,4,1,3,3,2,0,-2
82383,HC,8,5,2,4,2,0,1,1
82383,HC,8,5,2,5,2,0,1,1
82383,HC,9,6,2,1,2,1,0,-1
82383,HC,9,6,2,1,3,0,2,2
82383,HC,9,6,2,1,5,1,2,1
82383,HC,9,6,2,1,6,2,2,0
82383,HC,9,6,2,1,8,2,3,1
82383,HC,9,6,2,3,3,1,0,-1
82383,HC,9,6,2,3,4,2,0,-2
82383,HC,9,6,2,3,6,0,3,3
82383,HC,9,6,2,3,7,3,1,-2
82383,HC,9,6,2,3,8,4,1,-3
82383,HC,9,6,2,3,9,1,5,4
82383,HC,9,6,2,3,12,5,2,-3
82383,HC,9,6,2,5,2,0,1,1
82383,HC,9,6,2,5,3,1,1,0
82383,HC,9,6,2,5,6,2,1,-1
82383,HC,9,6,2,5,8,1,3,2
82383,HC,9,6,2,5,10,2,3,1
82383,HC,9,6,2,6,2,1,0,-1
82383,HC,9,6,2,6,3,2,0,-2
82383,HC,9,6,2,6,4,3,0,-3
82383,HC,9,6,2,6,7,4,0,-4
82383,HC,9,6,2,6,13,5,0,-5
82383,HC,10,2,4,2,2,0,1,1
82383,HC,11,3,2,1,3,1,0,-1
82383,HC,12,5,3,1,2,0,1,1
82383,HC,12,5,3,3,3,1,0,-1
82383,HC,12,5,3,4,2,0,0,0
82383,HC,12,5,3,4,3,0,1,1
82383,HC,13,4,2,3,2,0,1,1
82383,HC,13,4,2,3,4,1,1,0
82383,HC,13,4,2,4,2,0,1,1
82462,HC,1,3,1,1,2,0,1,1
82462,HC,1,3,1,2,2,0,1,1
82462,HC,1,3,1,2,4,1,1,0
82462,HC,1,3,1,3,3,1,0,-1
82462,HC,2,2,1,1,2,0,1,1
82462,HC,2,2,1,2,2,1,0,-1
82462,HC,2,2,1,2,3,0,2,2
82462,HC,2,2,1,2,4,1,2,1
82462,HC,3,6,1,2,8,0,0,0
82462,HC,3,6,1,2,11,1,0,-1
82462,HC,3,6,1,3,2,1,0,-1
82462,HC,3,6,1,3,3,0,2,2
82462,HC,3,6,1,3,5,2,1,-1
82462,HC,3,6,1,3,11,1,3,2
82462,HC,3,6,1,4,2,1,0,-1
82462,HC,3,6,1,4,3,0,2,2
82462,HC,3,6,1,4,4,2,1,-1
82462,HC,3,6,1,4,6,3,1,-2
82462,HC,3,6,1,4,7,4,1,-3
82462,HC,3,6,1,4,8,5,1,-4
82462,HC,3,6,1,4,12,1,6,5
82462,HC,3,6,1,4,13,2,6,4
82462,HC,3,6,1,4,14,6,3,-3
82462,HC,3,6,1,4,15,3,7,4
82462,HC,3,6,1,5,3,0,1,1
82462,HC,3,6,1,5,5,1,1,0
82462,HC,3,6,1,5,6,1,2,1
82462,HC,3,6,1,5,9,2,2,0
82462,HC,3,6,1,5,10,3,2,-1
82462,HC,3,6,1,5,12,2,4,2
82462,HC,3,6,1,5,14,3,4,1
82462,HC,3,6,1,5,15,4,4,0
82462,HC,3,6,1,6,3,1,0,-1
82462,HC,3,6,1,6,4,2,0,-2
82462,HC,3,6,1,6,5,0,3,3
82462,HC,4,2,2,1,2,0,1,1
82462,HC,4,2,2,1,4,1,1,0
82462,HC,4,2,2,1,6,2,1,-1
82462,HC,4,2,2,2,2,1,0,-1
82462,HC,4,2,2,2,3,2,0,-2
82462,HC,4,2,2,2,9,0,3,3
82462,HC,5,5,1,1,3,0,0,0
82462,HC,5,5,1,1,5,1,0,-1
82462,HC,5,5,1,1,6,2,0,-2
82462,HC,5,5,1,1,7,3,0,-3
82462,HC,5,5,1,1,8,4,0,-4
82462,HC,5,5,1,1,9,5,0,-5
82462,HC,5,5,1,1,10,6,0,-6
82462,HC,5,5,1,1,11,7,0,-7
82462,HC,5,5,1,2,4,1,0,-1
82462,HC,5,5,1,2,5,0,2,2
82462,HC,5,5,1,2,7,1,2,1
82462,HC,5,5,1,2,8,2,2,0
82462,HC,5,5,1,3,2,0,0,0
82462,HC,5,5,1,3,4,0,1,1
82462,HC,5,5,1,3,6,1,1,0
82462,HC,5,5,1,3,11,1,2,1
82462,HC,5,5,1,3,12,2,2,0
82462,HC,5,5,1,4,3,1,0,-1
82462,HC,5,5,1,4,4,0,2,2
82462,HC,5,5,1,4,6,2,1,-1
82462,HC,5,5,1,4,8,1,3,2
82462,HC,5,5,1,4,11,2,3,1
82462,HC,5,5,1,5,2,1,0,-1
82462,HC,5,5,1,5,3,2,0,-2
82462,HC,5,5,1,5,5,3,0,-3
82462,HC,5,5,1,5,7,4,0,-4
82462,HC,5,5,1,5,8,0,5,5
82462,HC,5,5,1,5,9,5,1,-4
82462,HC,7,4,1,2,2,0,1,1
82462,HC,7,4,1,2,3,1,1,0
82462,HC,7,4,1,2,7,1,2,1
82462,HC,7,4,1,2,10,2,2,0
82462,HC,7,4,1,3,2,1,0,-1
82462,HC,7,4,1,3,3,2,0,-2
82462,HC,7,4,1,3,6,3,0,-3
82462,HC,7,4,1,3,8,4,0,-4
82462,HC,7,4,1,3,9,5,0,-5
82462,HC,7,4,1,3,10,0,6,6
82462,HC,7,4,1,3,11,6,1,-5
82462,HC,8,6,2,2,2,0,1,1
82462,HC,8,6,2,2,3,1,1,0
82462,HC,8,6,2,2,4,1,2,1
82462,HC,8,6,2,3,2,0,0,0
82462,HC,8,6,2,3,3,0,1,1
82462,HC,8,6,2,3,4,1,1,0
82462,HC,8,6,2,3,5,2,1,-1
82462,HC,8,6,2,3,6,3,1,-2
82462,HC,8,6,2,3,7,4,1,-3
82462,HC,8,6,2,3,9,5,1,-4
82462,HC,8,6,2,4,3,0,0,0
82462,HC,8,6,2,6,2,0,1,1
82462,HC,8,6,2,6,3,1,1,0
82462,HC,8,6,2,6,5,2,1,-1
82462,HC,8,6,2,6,8,3,1,-2
82462,HC,8,6,2,6,10,1,4,3
82462,HC,9,5,2,1,2,1,0,-1
82462,HC,9,5,2,3,3,0,1,1
82462,HC,9,5,2,3,4,1,1,0
82462,HC,9,5,2,3,5,2,1,-1
82462,HC,9,5,2,4,2,1,0,-1
82462,HC,9,5,2,5,2,1,0,-1
82462,HC,9,5,2,5,3,0,2,2
82462,HC,9,5,2,5,4,1,2,1
82462,HC,9,5,2,5,5,2,2,0
82462,HC,9,5,2,5,6,3,2,-1
82462,HC,10,3,2,2,2,0,1,1
82462,HC,10,3,2,3,4,0,1,1
82462,HC,12,5,3,1,2,0,1,1
82462,HC,12,5,3,1,4,1,1,0
82462,HC,12,5,3,1,5,1,2,1
82462,HC,12,5,3,1,6,2,2,0
82462,HC,12,5,3,1,7,2,3,1
82462,HC,12,5,3,1,8,3,3,0
82462,HC,12,5,3,1,9,4,3,-1
82462,HC,12,5,3,1,12,5,3,-2
82462,HC,12,5,3,3,2,0,1,1
82462,HC,12,5,3,4,2,0,1,1
82462,HC,12,5,3,4,3,1,1,0
82462,HC,12,5,3,4,4,1,2,1
82462,HC,12,5,3,4,5,2,2,0
82462,HC,12,5,3,4,6,3,2,-1
82462,HC,12,5,3,4,7,4,2,-2
82462,HC,12,5,3,4,8,5,2,-3
82462,HC,12,5,3,4,9,2,6,4
82462,HC,12,5,3,4,10,6,3,-3
82462,HC,13,4,2,1,3,1,0,-1
82462,HC,13,4,2,1,4,0,2,2
82462,HC,13,4,2,1,8,1,2,1
82462,HC,13,4,2,2,2,0,1,1
82462,HC,13,4,2,3,3,0,0,0
