subject,group,block,set_size,set_size_exposure,iteration,accuracy,n_stimuli_contributing
3093,SZ,1,6,1,1,0.3333333333333333,6
3093,SZ,1,6,1,2,0.3333333333333333,6
3093,SZ,1,6,1,3,0.6666666666666666,6
3093,SZ,1,6,1,4,0.5,6
3093,SZ,1,6,1,5,0.6666666666666666,6
3093,SZ,1,6,1,6,0.5,6
3093,SZ,1,6,1,7,0.5,6
3093,SZ,1,6,1,8,0.5,6
3093,SZ,1,6,1,9,0.5,6
3093,SZ,2,5,1,1,0.4,5
3093,SZ,2,5,1,2,0.4,5
3093,SZ,2,5,1,3,0.6,5
3093,SZ,2,5,1,4,0.6,5
3093,SZ,2,5,1,5,1.0,5
3093,SZ,2,5,1,6,0.6,5
3093,SZ,2,5,1,7,0.6,5
3093,SZ,2,5,1,8,1.0,5
3093,SZ,2,5,1,9,0.8,5
3093,SZ,3,2,1,1,1.0,2
3093,SZ,3,2,1,2,1.0,2
3093,SZ,3,2,1,3,1.0,2
3093,SZ,3,2,1,4,1.0,2
3093,SZ,3,2,1,5,1.0,2
3093,SZ,3,2,1,6,1.0,2
3093,SZ,3,2,1,7,1.0,2
3093,SZ,3,2,1,8,1.0,2
3093,SZ,3,2,1,9,1.0,2
3093,SZ,4,4,1,1,0.25,4
3093,SZ,4,4,1,2,0.25,4
3093,SZ,4,4,1,3,0.25,4
3093,SZ,4,4,1,4,0.75,4
3093,SZ,4,4,1,5,0.25,4
3093,SZ,4,4,1,6,0.75,4
3093,SZ,4,4,1,7,0.25,4
3093,SZ,4,4,1,8,0.75,4
3093,SZ,4,4,1,9,0.5,4
3093,SZ,5,2,2,1,0.5,2
3093,SZ,5,2,2,2,1.0,2
3093,SZ,5,2,2,3,1.0,2
3093,SZ,5,2,2,4,1.0,2
3093,SZ,5,2,2,5,1.0,2
3093,SZ,5,2,2,6,1.0,2
3093,SZ,5,2,2,7,1.0,2
3093,SZ,5,2,2,8,1.0,2
3093,SZ,5,2,2,9,1.0,2
3093,SZ,6,3,1,1,0.6666666666666666,3
3093,SZ,6,3,1,2,1.0,3
3093,SZ,6,3,1,3,1.0,3
3093,SZ,6,3,1,4,1.0,3
3093,SZ,6,3,1,5,1.0,3
3093,SZ,6,3,1,6,1.0,3
3093,SZ,6,3,1,7,1.0,3
3093,SZ,6,3,1,8,1.0,3
3093,SZ,6,3,1,9,1.0,3
3093,SZ,7,2,3,1,0.0,2
3093,SZ,7,2,3,2,0.0,2
3093,SZ,7,2,3,3,0.5,2
3093,SZ,7,2,3,4,1.0,2
3093,SZ,7,2,3,5,1.0,2
3093,SZ,7,2,3,6,1.0,2
3093,SZ,7,2,3,7,1.0,2
3093,SZ,7,2,3,8,1.0,2
3093,SZ,7,2,3,9,1.0,2
3093,SZ,8,5,2,1,0.4,5
3093,SZ,8,5,2,2,0.4,5
3093,SZ,8,5,2,3,0.4,5
3093,SZ,8,5,2,4,0.6,5
3093,SZ,8,5,2,5,0.8,5
3093,SZ,8,5,2,6,0.8,5
3093,SZ,8,5,2,7,0.8,5
3093,SZ,8,5,2,8,0.8,5
3093,SZ,8,5,2,9,0.8,5
3093,SZ,9,6,2,1,0.5,6
3093,SZ,9,6,2,2,0.5,6
3093,SZ,9,6,2,3,0.5,6
3093,SZ,9,6,2,4,0.6666666666666666,6
3093,SZ,9,6,2,5,0.5,6
3093,SZ,9,6,2,6,0.6666666666666666,6
3093,SZ,9,6,2,7,0.5,6
3093,SZ,9,6,2,8,0.3333333333333333,6
3093,SZ,9,6,2,9,0.6666666666666666,6
3093,SZ,10,5,3,1,0.4,5
3093,SZ,10,5,3,2,0.4,5
3093,SZ,10,5,3,3,0.8,5
3093,SZ,10,5,3,4,0.6,5
3093,SZ,10,5,3,5,1.0,5
3093,SZ,10,5,3,6,0.8,5
3093,SZ,10,5,3,7,0.8,5
3093,SZ,10,5,3,8,0.8,5
3093,SZ,10,5,3,9,0.6,5
3093,SZ,11,2,4,1,0.0,2
3093,SZ,11,2,4,2,0.5,2
3093,SZ,11,2,4,3,1.0,2
3093,SZ,11,2,4,4,1.0,2
3093,SZ,11,2,4,5,1.0,2
3093,SZ,11,2,4,6,1.0,2
3093,SZ,11,2,4,7,1.0,2
3093,SZ,11,2,4,8,1.0,2
3093,SZ,11,2,4,9,1.0,2
3093,SZ,12,4,2,1,0.25,4
3093,SZ,12,4,2,2,0.75,4
3093,SZ,12,4,2,3,0.75,4
3093,SZ,12,4,2,4,0.5,4
3093,SZ,12,4,2,5,0.5,4
3093,SZ,12,4,2,6,0.5,4
3093,SZ,12,4,2,7,0.75,4
3093,SZ,12,4,2,8,0.75,4
3093,SZ,12,4,2,9,0.5,4
3093,SZ,13,3,2,1,0.3333333333333333,3
3093,SZ,13,3,2,2,0.6666666666666666,3
3093,SZ,13,3,2,3,0.6666666666666666,3
3093,SZ,13,3,2,4,1.0,3
3093,SZ,13,3,2,5,0.6666666666666666,3
3093,SZ,13,3,2,6,1.0,3
3093,SZ,13,3,2,7,1.0,3
3093,SZ,13,3,2,8,1.0,3
3093,SZ,13,3,2,9,1.0,3
3960,SZ,1,6,1,1,0.16666666666666666,6
3960,SZ,1,6,1,2,0.5,6
3960,SZ,1,6,1,3,0.5,6
3960,SZ,1,6,1,4,0.3333333333333333,6
3960,SZ,1,6,1,5,0.6666666666666666,6
3960,SZ,1,6,1,6,0.5,6
3960,SZ,1,6,1,7,0.6666666666666666,6
3960,SZ,1,6,1,8,0.5,6
3960,SZ,1,6,1,9,0.6666666666666666,6
3960,SZ,2,2,1,1,0.5,2
3960,SZ,2,2,1,2,1.0,2
3960,SZ,2,2,1,3,1.0,2
3960,SZ,2,2,1,4,1.0,2
3960,SZ,2,2,1,5,1.0,2
3960,SZ,2,2,1,6,1.0,2
3960,SZ,2,2,1,7,1.0,2
3960,SZ,2,2,1,8,1.0,2
3960,SZ,2,2,1,9,1.0,2
3960,SZ,3,2,2,1,0.5,2
3960,SZ,3,2,2,2,1.0,2
3960,SZ,3,2,2,3,1.0,2
3960,SZ,3,2,2,4,1.0,2
3960,SZ,3,2,2,5,1.0,2
3960,SZ,3,2,2,6,1.0,2
3960,SZ,3,2,2,7,1.0,2
3960,SZ,3,2,2,8,1.0,2
3960,SZ,3,2,2,9,1.0,2
3960,SZ,4,2,3,1,0.0,2
3960,SZ,4,2,3,2,0.5,2
3960,SZ,4,2,3,3,0.5,2
3960,SZ,4,2,3,4,1.0,2
3960,SZ,4,2,3,5,1.0,2
3960,SZ,4,2,3,6,1.0,2
3960,SZ,4,2,3,7,1.0,2
3960,SZ,4,2,3,8,1.0,2
3960,SZ,4,2,3,9,1.0,2
3960,SZ,5,3,1,1,0.0,3
3960,SZ,5,3,1,2,0.6666666666666666,3
3960,SZ,5,3,1,3,0.6666666666666666,3
3960,SZ,5,3,1,4,0.6666666666666666,3
3960,SZ,5,3,1,5,1.0,3
3960,SZ,5,3,1,6,1.0,3
3960,SZ,5,3,1,7,1.0,3
3960,SZ,5,3,1,8,1.0,3
3960,SZ,5,3,1,9,1.0,3
3960,SZ,6,4,1,1,0.25,4
3960,SZ,6,4,1,2,0.5,4
3960,SZ,6,4,1,3,0.75,4
3960,SZ,6,4,1,4,0.75,4
3960,SZ,6,4,1,5,0.5,4
3960,SZ,6,4,1,6,0.75,4
3960,SZ,6,4,1,7,0.75,4
3960,SZ,6,4,1,8,1.0,4
3960,SZ,6,4,1,9,1.0,4
3960,SZ,7,5,1,1,0.8,5
3960,SZ,7,5,1,2,0.4,5
3960,SZ,7,5,1,3,0.6,5
3960,SZ,7,5,1,4,0.4,5
3960,SZ,7,5,1,5,0.8,5
3960,SZ,7,5,1,6,0.8,5
3960,SZ,7,5,1,7,0.6,5
3960,SZ,7,5,1,8,0.6,5
3960,SZ,7,5,1,9,0.6,5
3960,SZ,8,6,2,1,0.6666666666666666,6
3960,SZ,8,6,2,2,0.5,6
3960,SZ,8,6,2,3,0.5,6
3960,SZ,8,6,2,4,0.6666666666666666,6
3960,SZ,8,6,2,5,0.5,6
3960,SZ,8,6,2,6,0.6666666666666666,6
3960,SZ,8,6,2,7,0.5,6
3960,SZ,8,6,2,8,0.8333333333333334,6
3960,SZ,8,6,2,9,1.0,6
3960,SZ,9,5,2,1,0.2,5
3960,SZ,9,5,2,2,0.2,5
3960,SZ,9,5,2,3,0.4,5
3960,SZ,9,5,2,4,0.6,5
3960,SZ,9,5,2,5,0.6,5
3960,SZ,9,5,2,6,0.8,5
3960,SZ,9,5,2,7,0.8,5
3960,SZ,9,5,2,8,1.0,5
3960,SZ,9,5,2,9,1.0,5
3960,SZ,10,2,4,1,1.0,2
3960,SZ,10,2,4,2,1.0,2
3960,SZ,10,2,4,3,1.0,2
3960,SZ,10,2,4,4,0.5,2
3960,SZ,10,2,4,5,1.0,2
3960,SZ,10,2,4,6,1.0,2
3960,SZ,10,2,4,7,1.0,2
3960,SZ,10,2,4,8,1.0,2
3960,SZ,10,2,4,9,1.0,2
3960,SZ,11,3,2,1,0.0,3
3960,SZ,11,3,2,2,0.0,3
3960,SZ,11,3,2,3,0.0,3
3960,SZ,11,3,2,4,0.3333333333333333,3
3960,SZ,11,3,2,5,0.3333333333333333,3
3960,SZ,11,3,2,6,0.3333333333333333,3
3960,SZ,11,3,2,7,0.3333333333333333,3
3960,SZ,11,3,2,8,0.3333333333333333,3
3960,SZ,11,3,2,9,0.3333333333333333,3
3960,SZ,12,4,2,1,0.25,4
3960,SZ,12,4,2,2,0.5,4
3960,SZ,12,4,2,3,0.25,4
3960,SZ,12,4,2,4,0.5,4
3960,SZ,12,4,2,5,0.5,4
3960,SZ,12,4,2,6,0.5,4
3960,SZ,12,4,2,7,0.5,4
3960,SZ,12,4,2,8,0.5,4
3960,SZ,12,4,2,9,0.75,4
3960,SZ,13,5,3,1,0.2,5
3960,SZ,13,5,3,2,0.4,5
3960,SZ,13,5,3,3,0.4,5
3960,SZ,13,5,3,4,0.2,5
3960,SZ,13,5,3,5,0.2,5
3960,SZ,13,5,3,6,0.8,5
3960,SZ,13,5,3,7,1.0,5
3960,SZ,13,5,3,8,0.8,5
3960,SZ,13,5,3,9,0.8,5
8673,SZ,1,2,1,1,0.5,2
8673,SZ,1,2,1,2,1.0,2
8673,SZ,1,2,1,3,0.5,2
8673,SZ,1,2,1,4,1.0,2
8673,SZ,1,2,1,5,1.0,2
8673,SZ,1,2,1,6,1.0,2
8673,SZ,1,2,1,7,1.0,2
8673,SZ,1,2,1,8,1.0,2
8673,SZ,1,2,1,9,1.0,2
8673,SZ,2,2,2,1,0.0,2
8673,SZ,2,2,2,2,1.0,2
8673,SZ,2,2,2,3,0.5,2
8673,SZ,2,2,2,4,1.0,2
8673,SZ,2,2,2,5,1.0,2
8673,SZ,2,2,2,6,1.0,2
8673,SZ,2,2,2,7,1.0,2
8673,SZ,2,2,2,8,1.0,2
8673,SZ,2,2,2,9,1.0,2
8673,SZ,3,6,1,1,0.6666666666666666,6
8673,SZ,3,6,1,2,0.8333333333333334,6
8673,SZ,3,6,1,3,0.6666666666666666,6
8673,SZ,3,6,1,4,0.8333333333333334,6
8673,SZ,3,6,1,5,0.8333333333333334,6
8673,SZ,3,6,1,6,1.0,6
8673,SZ,3,6,1,7,1.0,6
8673,SZ,3,6,1,8,1.0,6
8673,SZ,3,6,1,9,1.0,6
8673,SZ,4,5,1,1,0.4,5
8673,SZ,4,5,1,2,0.6,5
8673,SZ,4,5,1,3,0.6,5
8673,SZ,4,5,1,4,1.0,5
8673,SZ,4,5,1,5,1.0,5
8673,SZ,4,5,1,6,1.0,5
8673,SZ,4,5,1,7,0.8,5
8673,SZ,4,5,1,8,1.0,5
8673,SZ,4,5,1,9,1.0,5
8673,SZ,5,3,1,1,0.3333333333333333,3
8673,SZ,5,3,1,2,0.6666666666666666,3
8673,SZ,5,3,1,3,0.6666666666666666,3
8673,SZ,5,3,1,4,1.0,3
8673,SZ,5,3,1,5,0.6666666666666666,3
8673,SZ,5,3,1,6,1.0,3
8673,SZ,5,3,1,7,1.0,3
8673,SZ,5,3,1,8,1.0,3
8673,SZ,5,3,1,9,1.0,3
8673,SZ,6,2,3,1,0.0,2
8673,SZ,6,2,3,2,0.5,2
8673,SZ,6,2,3,3,0.5,2
8673,SZ,6,2,3,4,1.0,2
8673,SZ,6,2,3,5,1.0,2
8673,SZ,6,2,3,6,0.5,2
8673,SZ,6,2,3,7,1.0,2
8673,SZ,6,2,3,8,1.0,2
8673,SZ,6,2,3,9,1.0,2
8673,SZ,7,4,1,1,0.25,4
8673,SZ,7,4,1,2,0.5,4
8673,SZ,7,4,1,3,1.0,4
8673,SZ,7,4,1,4,0.5,4
8673,SZ,7,4,1,5,1.0,4
8673,SZ,7,4,1,6,1.0,4
8673,SZ,7,4,1,7,1.0,4
8673,SZ,7,4,1,8,0.75,4
8673,SZ,7,4,1,9,1.0,4
8673,SZ,8,6,2,1,0.5,6
8673,SZ,8,6,2,2,0.6666666666666666,6
8673,SZ,8,6,2,3,0.6666666666666666,6
8673,SZ,8,6,2,4,0.6666666666666666,6
8673,SZ,8,6,2,5,0.8333333333333334,6
8673,SZ,8,6,2,6,1.0,6
8673,SZ,8,6,2,7,1.0,6
8673,SZ,8,6,2,8,1.0,6
8673,SZ,8,6,2,9,1.0,6
8673,SZ,9,5,2,1,0.4,5
8673,SZ,9,5,2,2,0.6,5
8673,SZ,9,5,2,3,0.6,5
8673,SZ,9,5,2,4,0.75,4
8673,SZ,9,5,2,5,0.8,5
8673,SZ,9,5,2,6,0.6,5
8673,SZ,9,5,2,7,0.8,5
8673,SZ,9,5,2,8,0.6,5
8673,SZ,9,5,2,9,0.8,5
8673,SZ,10,2,4,1,0.5,2
8673,SZ,10,2,4,2,1.0,2
8673,SZ,10,2,4,3,1.0,2
8673,SZ,10,2,4,4,1.0,2
8673,SZ,10,2,4,5,1.0,2
8673,SZ,10,2,4,6,1.0,2
8673,SZ,10,2,4,7,1.0,2
8673,SZ,10,2,4,8,1.0,2
8673,SZ,10,2,4,9,1.0,2
8673,SZ,11,5,3,1,0.0,5
8673,SZ,11,5,3,2,0.0,5
8673,SZ,11,5,3,3,0.6,5
8673,SZ,11,5,3,4,1.0,5
8673,SZ,11,5,3,5,0.6,5
8673,SZ,11,5,3,6,0.8,5
8673,SZ,11,5,3,7,1.0,5
8673,SZ,11,5,3,8,1.0,5
8673,SZ,11,5,3,9,1.0,5
8673,SZ,12,3,2,1,0.3333333333333333,3
8673,SZ,12,3,2,2,0.6666666666666666,3
8673,SZ,12,3,2,3,1.0,3
8673,SZ,12,3,2,4,1.0,3
8673,SZ,12,3,2,5,1.0,3
8673,SZ,12,3,2,6,1.0,3
8673,SZ,12,3,2,7,1.0,3
8673,SZ,12,3,2,8,1.0,3
8673,SZ,12,3,2,9,1.0,3
8673,SZ,13,4,2,1,0.25,4
8673,SZ,13,4,2,2,0.25,4
8673,SZ,13,4,2,3,0.0,4
8673,SZ,13,4,2,4,0.25,4
8673,SZ,13,4,2,5,0.5,4
8673,SZ,13,4,2,6,1.0,4
8673,SZ,13,4,2,7,0.75,4
8673,SZ,13,4,2,8,1.0,4
8673,SZ,13,4,2,9,1.0,3
11430,SZ,1,2,1,1,0.0,2
11430,SZ,1,2,1,2,1.0,2
11430,SZ,1,2,1,3,1.0,2
11430,SZ,1,2,1,4,1.0,2
11430,SZ,1,2,1,5,1.0,2
11430,SZ,1,2,1,6,1.0,2
11430,SZ,1,2,1,7,1.0,2
11430,SZ,1,2,1,8,1.0,2
11430,SZ,1,2,1,9,1.0,2
11430,SZ,2,5,1,1,0.4,5
11430,SZ,2,5,1,2,0.4,5
11430,SZ,2,5,1,3,0.8,5
11430,SZ,2,5,1,4,0.8,5
11430,SZ,2,5,1,5,1.0,5
11430,SZ,2,5,1,6,0.8,5
11430,SZ,2,5,1,7,1.0,5
11430,SZ,2,5,1,8,0.8,5
11430,SZ,2,5,1,9,1.0,5
11430,SZ,3,2,2,1,0.0,2
11430,SZ,3,2,2,2,0.5,2
11430,SZ,3,2,2,3,1.0,2
11430,SZ,3,2,2,4,1.0,2
11430,SZ,3,2,2,5,1.0,2
11430,SZ,3,2,2,6,1.0,2
11430,SZ,3,2,2,7,1.0,2
11430,SZ,3,2,2,8,1.0,2
11430,SZ,3,2,2,9,1.0,2
11430,SZ,4,2,3,1,0.5,2
11430,SZ,4,2,3,2,0.5,2
11430,SZ,4,2,3,3,1.0,2
11430,SZ,4,2,3,4,1.0,2
11430,SZ,4,2,3,5,0.5,2
11430,SZ,4,2,3,6,1.0,2
11430,SZ,4,2,3,7,0.5,2
11430,SZ,4,2,3,8,1.0,2
11430,SZ,4,2,3,9,1.0,2
11430,SZ,5,6,1,1,0.16666666666666666,6
11430,SZ,5,6,1,2,0.3333333333333333,6
11430,SZ,5,6,1,3,1.0,6
11430,SZ,5,6,1,4,0.8333333333333334,6
11430,SZ,5,6,1,5,0.8333333333333334,6
11430,SZ,5,6,1,6,0.8333333333333334,6
11430,SZ,5,6,1,7,0.8333333333333334,6
11430,SZ,5,6,1,8,0.8333333333333334,6
11430,SZ,5,6,1,9,1.0,6
11430,SZ,6,4,1,1,0.0,4
11430,SZ,6,4,1,2,0.25,4
11430,SZ,6,4,1,3,0.5,4
11430,SZ,6,4,1,4,0.5,4
11430,SZ,6,4,1,5,0.75,4
11430,SZ,6,4,1,6,0.75,4
11430,SZ,6,4,1,7,1.0,4
11430,SZ,6,4,1,8,1.0,4
11430,SZ,6,4,1,9,1.0,4
11430,SZ,7,3,1,1,0.3333333333333333,3
11430,SZ,7,3,1,2,1.0,3
11430,SZ,7,3,1,3,1.0,3
11430,SZ,7,3,1,4,0.6666666666666666,3
11430,SZ,7,3,1,5,1.0,3
11430,SZ,7,3,1,6,1.0,3
11430,SZ,7,3,1,7,1.0,3
11430,SZ,7,3,1,8,1.0,3
11430,SZ,7,3,1,9,1.0,3
11430,SZ,8,6,2,1,0.16666666666666666,6
11430,SZ,8,6,2,2,0.5,6
11430,SZ,8,6,2,3,0.8333333333333334,6
11430,SZ,8,6,2,4,0.8333333333333334,6
11430,SZ,8,6,2,5,0.8333333333333334,6
11430,SZ,8,6,2,6,1.0,6
11430,SZ,8,6,2,7,1.0,6
11430,SZ,8,6,2,8,1.0,6
11430,SZ,8,6,2,9,0.8333333333333334,6
11430,SZ,9,5,2,1,0.0,5
11430,SZ,9,5,2,2,0.6,5
11430,SZ,9,5,2,3,0.2,5
11430,SZ,9,5,2,4,0.4,5
11430,SZ,9,5,2,5,1.0,5
11430,SZ,9,5,2,6,0.8,5
11430,SZ,9,5,2,7,1.0,5
11430,SZ,9,5,2,8,1.0,5
11430,SZ,9,5,2,9,1.0,5
11430,SZ,10,2,4,1,0.5,2
11430,SZ,10,2,4,2,1.0,2
11430,SZ,10,2,4,3,0.5,2
11430,SZ,10,2,4,4,1.0,2
11430,SZ,10,2,4,5,1.0,2
11430,SZ,10,2,4,6,1.0,2
11430,SZ,10,2,4,7,1.0,2
11430,SZ,10,2,4,8,1.0,2
11430,SZ,10,2,4,9,1.0,2
11430,SZ,11,5,3,1,0.4,5
11430,SZ,11,5,3,2,0.6,5
11430,SZ,11,5,3,3,1.0,5
11430,SZ,11,5,3,4,0.8,5
11430,SZ,11,5,3,5,0.6,5
11430,SZ,11,5,3,6,1.0,5
11430,SZ,11,5,3,7,1.0,5
11430,SZ,11,5,3,8,1.0,5
11430,SZ,11,5,3,9,1.0,5
11430,SZ,12,4,2,1,0.25,4
11430,SZ,12,4,2,2,0.5,4
11430,SZ,12,4,2,3,0.5,4
11430,SZ,12,4,2,4,0.25,4
11430,SZ,12,4,2,5,0.5,4
11430,SZ,12,4,2,6,0.75,4
11430,SZ,12,4,2,7,0.5,4
11430,SZ,12,4,2,8,1.0,4
11430,SZ,12,4,2,9,0.75,4
11430,SZ,13,3,2,1,0.6666666666666666,3
11430,SZ,13,3,2,2,1.0,3
11430,SZ,13,3,2,3,1.0,3
11430,SZ,13,3,2,4,1.0,3
11430,SZ,13,3,2,5,0.6666666666666666,3
11430,SZ,13,3,2,6,1.0,3
11430,SZ,13,3,2,7,1.0,3
11430,SZ,13,3,2,8,1.0,3
11430,SZ,13,3,2,9,1.0,3
11586,SZ,1,2,1,1,1.0,2
11586,SZ,1,2,1,2,1.0,2
11586,SZ,1,2,1,3,1.0,2
11586,SZ,1,2,1,4,0.5,2
11586,SZ,1,2,1,5,1.0,2
11586,SZ,1,2,1,6,1.0,2
11586,SZ,1,2,1,7,1.0,2
11586,SZ,1,2,1,8,1.0,2
11586,SZ,1,2,1,9,1.0,2
11586,SZ,2,6,1,1,0.3333333333333333,6
11586,SZ,2,6,1,2,0.5,6
11586,SZ,2,6,1,3,0.5,6
11586,SZ,2,6,1,4,0.5,6
11586,SZ,2,6,1,5,0.3333333333333333,6
11586,SZ,2,6,1,6,0.16666666666666666,6
11586,SZ,2,6,1,7,0.8333333333333334,6
11586,SZ,2,6,1,8,0.3333333333333333,6
11586,SZ,2,6,1,9,0.6666666666666666,6
11586,SZ,3,2,2,1,0.0,2
11586,SZ,3,2,2,2,0.0,2
11586,SZ,3,2,2,3,1.0,2
11586,SZ,3,2,2,4,1.0,2
11586,SZ,3,2,2,5,1.0,2
11586,SZ,3,2,2,6,1.0,2
11586,SZ,3,2,2,7,1.0,2
11586,SZ,3,2,2,8,1.0,2
11586,SZ,3,2,2,9,1.0,2
11586,SZ,4,5,1,1,0.2,5
11586,SZ,4,5,1,2,0.2,5
11586,SZ,4,5,1,3,0.4,5
11586,SZ,4,5,1,4,0.8,5
11586,SZ,4,5,1,5,0.4,5
11586,SZ,4,5,1,6,0.8,5
11586,SZ,4,5,1,7,0.6,5
11586,SZ,4,5,1,8,0.6,5
11586,SZ,4,5,1,9,0.4,5
11586,SZ,5,3,1,1,0.3333333333333333,3
11586,SZ,5,3,1,2,0.6666666666666666,3
11586,SZ,5,3,1,3,0.6666666666666666,3
11586,SZ,5,3,1,4,1.0,3
11586,SZ,5,3,1,5,1.0,3
11586,SZ,5,3,1,6,1.0,3
11586,SZ,5,3,1,7,1.0,3
11586,SZ,5,3,1,8,1.0,3
11586,SZ,5,3,1,9,1.0,3
11586,SZ,6,4,1,1,0.0,4
11586,SZ,6,4,1,2,0.5,4
11586,SZ,6,4,1,3,0.75,4
11586,SZ,6,4,1,4,0.75,4
11586,SZ,6,4,1,5,1.0,4
11586,SZ,6,4,1,6,1.0,4
11586,SZ,6,4,1,7,1.0,4
11586,SZ,6,4,1,8,0.75,4
11586,SZ,6,4,1,9,1.0,4
11586,SZ,7,2,3,1,0.5,2
11586,SZ,7,2,3,2,0.5,2
11586,SZ,7,2,3,3,1.0,2
11586,SZ,7,2,3,4,1.0,2
11586,SZ,7,2,3,5,1.0,2
11586,SZ,7,2,3,6,0.5,2
11586,SZ,7,2,3,7,1.0,2
11586,SZ,7,2,3,8,1.0,2
11586,SZ,7,2,3,9,1.0,2
11586,SZ,8,6,2,1,0.5,6
11586,SZ,8,6,2,2,0.3333333333333333,6
11586,SZ,8,6,2,3,0.3333333333333333,6
11586,SZ,8,6,2,4,0.8333333333333334,6
11586,SZ,8,6,2,5,0.6666666666666666,6
11586,SZ,8,6,2,6,0.8333333333333334,6
11586,SZ,8,6,2,7,0.6666666666666666,6
11586,SZ,8,6,2,8,0.6666666666666666,6
11586,SZ,8,6,2,9,0.6666666666666666,6
11586,SZ,9,5,2,1,0.2,5
11586,SZ,9,5,2,2,0.6,5
11586,SZ,9,5,2,3,0.8,5
11586,SZ,9,5,2,4,0.8,5
11586,SZ,9,5,2,5,1.0,5
11586,SZ,9,5,2,6,1.0,5
11586,SZ,9,5,2,7,1.0,5
11586,SZ,9,5,2,8,1.0,5
11586,SZ,9,5,2,9,1.0,5
11586,SZ,10,2,4,1,0.0,2
11586,SZ,10,2,4,2,0.5,2
11586,SZ,10,2,4,3,1.0,2
11586,SZ,10,2,4,4,1.0,2
11586,SZ,10,2,4,5,1.0,2
11586,SZ,10,2,4,6,1.0,2
11586,SZ,10,2,4,7,1.0,2
11586,SZ,10,2,4,8,1.0,2
11586,SZ,10,2,4,9,1.0,2
11586,SZ,11,5,3,1,0.0,5
11586,SZ,11,5,3,2,0.2,5
11586,SZ,11,5,3,3,0.0,5
11586,SZ,11,5,3,4,0.4,5
11586,SZ,11,5,3,5,0.6,5
11586,SZ,11,5,3,6,0.6,5
11586,SZ,11,5,3,7,0.6,5
11586,SZ,11,5,3,8,0.8,5
11586,SZ,11,5,3,9,0.8,5
11586,SZ,12,3,2,1,0.0,3
11586,SZ,12,3,2,2,0.3333333333333333,3
11586,SZ,12,3,2,3,0.6666666666666666,3
11586,SZ,12,3,2,4,0.6666666666666666,3
11586,SZ,12,3,2,5,0.3333333333333333,3
11586,SZ,12,3,2,6,0.6666666666666666,3
11586,SZ,12,3,2,7,1.0,3
11586,SZ,12,3,2,8,1.0,3
11586,SZ,12,3,2,9,1.0,3
11586,SZ,13,4,2,1,0.5,4
11586,SZ,13,4,2,2,0.75,4
11586,SZ,13,4,2,3,1.0,4
11586,SZ,13,4,2,4,0.75,4
11586,SZ,13,4,2,5,0.75,4
11586,SZ,13,4,2,6,1.0,4
11586,SZ,13,4,2,7,1.0,4
11586,SZ,13,4,2,8,1.0,4
11586,SZ,13,4,2,9,1.0,4
13410,SZ,1,2,1,1,0.0,2
13410,SZ,1,2,1,2,0.5,2
13410,SZ,1,2,1,3,1.0,2
13410,SZ,1,2,1,4,1.0,2
13410,SZ,1,2,1,5,1.0,2
13410,SZ,1,2,1,6,1.0,2
13410,SZ,1,2,1,7,1.0,2
13410,SZ,1,2,1,8,1.0,2
13410,SZ,1,2,1,9,1.0,2
13410,SZ,2,3,1,1,0.3333333333333333,3
13410,SZ,2,3,1,2,0.6666666666666666,3
13410,SZ,2,3,1,3,0.0,3
13410,SZ,2,3,1,4,0.3333333333333333,3
13410,SZ,2,3,1,5,0.3333333333333333,3
13410,SZ,2,3,1,6,1.0,3
13410,SZ,2,3,1,7,1.0,3
13410,SZ,2,3,1,8,1.0,3
13410,SZ,2,3,1,9,0.6666666666666666,3
13410,SZ,3,2,2,1,1.0,2
13410,SZ,3,2,2,2,1.0,2
13410,SZ,3,2,2,3,1.0,2
13410,SZ,3,2,2,4,0.5,2
13410,SZ,3,2,2,5,1.0,2
13410,SZ,3,2,2,6,1.0,2
13410,SZ,3,2,2,7,1.0,2
13410,SZ,3,2,2,8,1.0,2
13410,SZ,3,2,2,9,1.0,2
13410,SZ,4,4,1,1,0.5,4
13410,SZ,4,4,1,2,0.75,4
13410,SZ,4,4,1,3,0.75,4
13410,SZ,4,4,1,4,0.75,4
13410,SZ,4,4,1,5,0.75,4
13410,SZ,4,4,1,6,0.5,4
13410,SZ,4,4,1,7,1.0,4
13410,SZ,4,4,1,8,1.0,4
13410,SZ,4,4,1,9,1.0,4
13410,SZ,5,2,3,1,0.0,2
13410,SZ,5,2,3,2,0.5,2
13410,SZ,5,2,3,3,0.0,2
13410,SZ,5,2,3,4,0.5,2
13410,SZ,5,2,3,5,0.5,2
13410,SZ,5,2,3,6,1.0,2
13410,SZ,5,2,3,7,0.0,2
13410,SZ,5,2,3,8,1.0,2
13410,SZ,5,2,3,9,1.0,2
13410,SZ,6,6,1,1,0.6666666666666666,6
13410,SZ,6,6,1,2,0.6666666666666666,6
13410,SZ,6,6,1,3,0.5,6
13410,SZ,6,6,1,4,0.3333333333333333,6
13410,SZ,6,6,1,5,0.6666666666666666,6
13410,SZ,6,6,1,6,0.6666666666666666,6
13410,SZ,6,6,1,7,0.6666666666666666,6
13410,SZ,6,6,1,8,0.8333333333333334,6
13410,SZ,6,6,1,9,0.8333333333333334,6
13410,SZ,7,5,1,1,0.6,5
13410,SZ,7,5,1,2,0.6,5
13410,SZ,7,5,1,3,0.8,5
13410,SZ,7,5,1,4,0.6,5
13410,SZ,7,5,1,5,0.8,5
13410,SZ,7,5,1,6,0.8,5
13410,SZ,7,5,1,7,0.8,5
13410,SZ,7,5,1,8,0.6,5
13410,SZ,7,5,1,9,1.0,5
13410,SZ,8,6,2,1,0.6666666666666666,6
13410,SZ,8,6,2,2,0.6666666666666666,6
13410,SZ,8,6,2,3,0.8333333333333334,6
13410,SZ,8,6,2,4,0.6666666666666666,6
13410,SZ,8,6,2,5,0.5,6
13410,SZ,8,6,2,6,0.8333333333333334,6
13410,SZ,8,6,2,7,0.8333333333333334,6
13410,SZ,8,6,2,8,0.8333333333333334,6
13410,SZ,8,6,2,9,0.6666666666666666,6
13410,SZ,9,5,2,1,0.0,5
13410,SZ,9,5,2,2,0.4,5
13410,SZ,9,5,2,3,0.4,5
13410,SZ,9,5,2,4,0.5,4
13410,SZ,9,5,2,5,0.2,5
13410,SZ,9,5,2,6,0.6,5
13410,SZ,9,5,2,7,0.8,5
13410,SZ,9,5,2,8,0.6,5
13410,SZ,9,5,2,9,0.4,5
13410,SZ,10,2,4,1,0.5,2
13410,SZ,10,2,4,2,0.5,2
13410,SZ,10,2,4,3,1.0,2
13410,SZ,10,2,4,4,0.5,2
13410,SZ,10,2,4,5,1.0,2
13410,SZ,10,2,4,6,1.0,2
13410,SZ,10,2,4,7,1.0,2
13410,SZ,10,2,4,8,1.0,2
13410,SZ,10,2,4,9,0.5,2
13410,SZ,11,3,2,1,0.3333333333333333,3
13410,SZ,11,3,2,2,0.0,3
13410,SZ,11,3,2,3,1.0,3
13410,SZ,11,3,2,4,1.0,3
13410,SZ,11,3,2,5,1.0,3
13410,SZ,11,3,2,6,1.0,3
13410,SZ,11,3,2,7,1.0,3
13410,SZ,11,3,2,8,1.0,3
13410,SZ,11,3,2,9,1.0,3
13410,SZ,12,4,2,1,0.5,4
13410,SZ,12,4,2,2,0.75,4
13410,SZ,12,4,2,3,0.5,4
13410,SZ,12,4,2,4,1.0,4
13410,SZ,12,4,2,5,0.5,4
13410,SZ,12,4,2,6,1.0,4
13410,SZ,12,4,2,7,1.0,4
13410,SZ,12,4,2,8,1.0,4
13410,SZ,12,4,2,9,1.0,4
13410,SZ,13,5,3,1,0.8,5
13410,SZ,13,5,3,2,0.4,5
13410,SZ,13,5,3,3,1.0,5
13410,SZ,13,5,3,4,1.0,5
13410,SZ,13,5,3,5,0.8,5
13410,SZ,13,5,3,6,1.0,5
13410,SZ,13,5,3,7,1.0,5
13410,SZ,13,5,3,8,1.0,5
13410,SZ,13,5,3,9,1.0,5
16841,SZ,1,2,1,1,0.5,2
16841,SZ,1,2,1,2,1.0,2
16841,SZ,1,2,1,3,1.0,2
16841,SZ,1,2,1,4,1.0,2
16841,SZ,1,2,1,5,1.0,2
16841,SZ,1,2,1,6,1.0,2
16841,SZ,1,2,1,7,1.0,2
16841,SZ,1,2,1,8,1.0,2
16841,SZ,1,2,1,9,1.0,2
16841,SZ,2,2,2,1,0.5,2
16841,SZ,2,2,2,2,1.0,2
16841,SZ,2,2,2,3,1.0,2
16841,SZ,2,2,2,4,0.5,2
16841,SZ,2,2,2,5,1.0,2
16841,SZ,2,2,2,6,1.0,2
16841,SZ,2,2,2,7,1.0,2
16841,SZ,2,2,2,8,1.0,2
16841,SZ,2,2,2,9,1.0,2
16841,SZ,3,6,1,1,0.5,6
16841,SZ,3,6,1,2,0.6666666666666666,6
16841,SZ,3,6,1,3,0.5,6
16841,SZ,3,6,1,4,0.5,6
16841,SZ,3,6,1,5,0.5,6
16841,SZ,3,6,1,6,0.5,6
16841,SZ,3,6,1,7,0.6666666666666666,6
16841,SZ,3,6,1,8,0.6666666666666666,6
16841,SZ,3,6,1,9,0.5,6
16841,SZ,4,3,1,1,0.6666666666666666,3
16841,SZ,4,3,1,2,0.6666666666666666,3
16841,SZ,4,3,1,3,0.6666666666666666,3
16841,SZ,4,3,1,4,1.0,3
16841,SZ,4,3,1,5,1.0,2
16841,SZ,4,3,1,6,0.6666666666666666,3
16841,SZ,4,3,1,7,0.3333333333333333,3
16841,SZ,4,3,1,8,0.6666666666666666,3
16841,SZ,4,3,1,9,0.6666666666666666,3
16841,SZ,5,2,3,1,0.0,2
16841,SZ,5,2,3,2,0.5,2
16841,SZ,5,2,3,3,0.5,2
16841,SZ,5,2,3,4,1.0,2
16841,SZ,5,2,3,5,1.0,2
16841,SZ,5,2,3,6,1.0,2
16841,SZ,5,2,3,7,1.0,2
16841,SZ,5,2,3,8,1.0,2
16841,SZ,5,2,3,9,1.0,2
16841,SZ,6,5,1,1,0.4,5
16841,SZ,6,5,1,2,0.2,5
16841,SZ,6,5,1,3,0.2,5
16841,SZ,6,5,1,4,0.4,5
16841,SZ,6,5,1,5,0.6,5
16841,SZ,6,5,1,6,0.8,5
16841,SZ,6,5,1,7,1.0,5
16841,SZ,6,5,1,8,0.8,5
16841,SZ,6,5,1,9,0.8,5
16841,SZ,7,4,1,1,0.25,4
16841,SZ,7,4,1,2,0.25,4
16841,SZ,7,4,1,3,0.25,4
16841,SZ,7,4,1,4,0.25,4
16841,SZ,7,4,1,5,0.25,4
16841,SZ,7,4,1,6,0.5,4
16841,SZ,7,4,1,7,0.75,4
16841,SZ,7,4,1,8,0.5,4
16841,SZ,7,4,1,9,0.75,4
16841,SZ,8,5,2,1,0.2,5
16841,SZ,8,5,2,2,0.4,5
16841,SZ,8,5,2,3,0.6,5
16841,SZ,8,5,2,4,0.6,5
16841,SZ,8,5,2,5,0.8,5
16841,SZ,8,5,2,6,0.8,5
16841,SZ,8,5,2,7,0.8,5
16841,SZ,8,5,2,8,0.8,5
16841,SZ,8,5,2,9,0.8,5
16841,SZ,9,6,2,1,0.16666666666666666,6
16841,SZ,9,6,2,2,0.6666666666666666,6
16841,SZ,9,6,2,3,0.6666666666666666,6
16841,SZ,9,6,2,4,0.5,6
16841,SZ,9,6,2,5,0.6666666666666666,6
16841,SZ,9,6,2,6,0.5,6
16841,SZ,9,6,2,7,0.3333333333333333,6
16841,SZ,9,6,2,8,0.8333333333333334,6
16841,SZ,9,6,2,9,0.3333333333333333,6
16841,SZ,10,2,4,1,0.0,2
16841,SZ,10,2,4,2,1.0,2
16841,SZ,10,2,4,3,1.0,2
16841,SZ,10,2,4,4,1.0,2
16841,SZ,10,2,4,5,1.0,2
16841,SZ,10,2,4,6,1.0,2
16841,SZ,10,2,4,7,1.0,2
16841,SZ,10,2,4,8,1.0,2
16841,SZ,10,2,4,9,1.0,2
16841,SZ,11,3,2,1,0.3333333333333333,3
16841,SZ,11,3,2,2,0.6666666666666666,3
16841,SZ,11,3,2,3,0.6666666666666666,3
16841,SZ,11,3,2,4,0.6666666666666666,3
16841,SZ,11,3,2,5,1.0,3
16841,SZ,11,3,2,6,1.0,3
16841,SZ,11,3,2,7,1.0,3
16841,SZ,11,3,2,8,1.0,3
16841,SZ,11,3,2,9,1.0,3
16841,SZ,12,5,3,1,0.4,5
16841,SZ,12,5,3,2,0.6,5
16841,SZ,12,5,3,3,0.8,5
16841,SZ,12,5,3,4,0.6,5
16841,SZ,12,5,3,5,0.8,5
16841,SZ,12,5,3,6,0.8,5
16841,SZ,12,5,3,7,1.0,5
16841,SZ,12,5,3,8,0.8,5
16841,SZ,12,5,3,9,0.8,5
16841,SZ,13,4,2,1,0.25,4
16841,SZ,13,4,2,2,0.5,4
16841,SZ,13,4,2,3,0.75,4
16841,SZ,13,4,2,4,1.0,4
16841,SZ,13,4,2,5,1.0,4
16841,SZ,13,4,2,6,1.0,4
16841,SZ,13,4,2,7,0.75,4
16841,SZ,13,4,2,8,1.0,4
16841,SZ,13,4,2,9,1.0,4
18966,SZ,1,2,1,1,0.5,2
18966,SZ,1,2,1,2,1.0,2
18966,SZ,1,2,1,3,1.0,2
18966,SZ,1,2,1,4,1.0,2
18966,SZ,1,2,1,5,1.0,2
18966,SZ,1,2,1,6,1.0,2
18966,SZ,1,2,1,7,1.0,2
18966,SZ,1,2,1,8,1.0,2
18966,SZ,1,2,1,9,1.0,2
18966,SZ,2,4,1,1,0.5,4
18966,SZ,2,4,1,2,0.0,4
18966,SZ,2,4,1,3,0.0,4
18966,SZ,2,4,1,4,0.0,3
18966,SZ,2,4,1,5,0.3333333333333333,3
18966,SZ,2,4,1,6,0.5,2
18966,SZ,2,4,1,7,0.3333333333333333,3
18966,SZ,2,4,1,8,0.25,4
18966,SZ,2,4,1,9,0.3333333333333333,3
18966,SZ,3,6,1,1,0.3333333333333333,6
18966,SZ,3,6,1,2,0.16666666666666666,6
18966,SZ,3,6,1,3,0.6666666666666666,6
18966,SZ,3,6,1,4,0.5,6
18966,SZ,3,6,1,5,0.3333333333333333,6
18966,SZ,3,6,1,6,0.3333333333333333,6
18966,SZ,3,6,1,7,0.3333333333333333,6
18966,SZ,3,6,1,8,0.6666666666666666,6
18966,SZ,3,6,1,9,0.8333333333333334,6
18966,SZ,4,5,1,1,0.4,5
18966,SZ,4,5,1,2,0.4,5
18966,SZ,4,5,1,3,0.4,5
18966,SZ,4,5,1,4,0.8,5
18966,SZ,4,5,1,5,0.6,5
18966,SZ,4,5,1,6,0.8,5
18966,SZ,4,5,1,7,0.8,5
18966,SZ,4,5,1,8,0.6,5
18966,SZ,4,5,1,9,0.8,5
18966,SZ,5,3,1,1,0.3333333333333333,3
18966,SZ,5,3,1,2,1.0,3
18966,SZ,5,3,1,3,1.0,3
18966,SZ,5,3,1,4,1.0,3
18966,SZ,5,3,1,5,1.0,3
18966,SZ,5,3,1,6,1.0,3
18966,SZ,5,3,1,7,1.0,3
18966,SZ,5,3,1,8,1.0,3
18966,SZ,5,3,1,9,1.0,3
18966,SZ,6,2,2,1,0.5,2
18966,SZ,6,2,2,2,1.0,2
18966,SZ,6,2,2,3,1.0,2
18966,SZ,6,2,2,4,1.0,2
18966,SZ,6,2,2,5,1.0,2
18966,SZ,6,2,2,6,1.0,2
18966,SZ,6,2,2,7,1.0,2
18966,SZ,6,2,2,8,1.0,2
18966,SZ,6,2,2,9,1.0,2
18966,SZ,7,2,3,1,0.5,2
18966,SZ,7,2,3,2,0.0,2
18966,SZ,7,2,3,3,0.0,2
18966,SZ,7,2,3,4,0.0,2
18966,SZ,7,2,3,5,1.0,1
18966,SZ,7,2,3,6,0.5,2
18966,SZ,7,2,3,7,0.5,2
18966,SZ,7,2,3,8,1.0,2
18966,SZ,7,2,3,9,1.0,2
18966,SZ,8,6,2,1,0.3333333333333333,6
18966,SZ,8,6,2,2,0.6666666666666666,6
18966,SZ,8,6,2,3,0.5,6
18966,SZ,8,6,2,4,0.6666666666666666,6
18966,SZ,8,6,2,5,0.3333333333333333,6
18966,SZ,8,6,2,6,0.5,6
18966,SZ,8,6,2,7,0.6666666666666666,6
18966,SZ,8,6,2,8,0.8333333333333334,6
18966,SZ,8,6,2,9,1.0,6
18966,SZ,9,5,2,1,0.6,5
18966,SZ,9,5,2,2,0.6,5
18966,SZ,9,5,2,3,0.6,5
18966,SZ,9,5,2,4,0.6,5
18966,SZ,9,5,2,5,0.4,5
18966,SZ,9,5,2,6,1.0,5
18966,SZ,9,5,2,7,0.8,5
18966,SZ,9,5,2,8,0.6,5
18966,SZ,9,5,2,9,0.6,5
18966,SZ,10,2,4,1,0.5,2
18966,SZ,10,2,4,2,0.5,2
18966,SZ,10,2,4,3,0.5,2
18966,SZ,10,2,4,4,1.0,1
18966,SZ,10,2,4,5,1.0,2
18966,SZ,10,2,4,6,1.0,2
18966,SZ,10,2,4,7,1.0,2
18966,SZ,10,2,4,8,1.0,2
18966,SZ,10,2,4,9,1.0,2
18966,SZ,11,4,2,1,0.0,4
18966,SZ,11,4,2,2,0.75,4
18966,SZ,11,4,2,3,0.25,4
18966,SZ,11,4,2,4,1.0,4
18966,SZ,11,4,2,5,0.5,4
18966,SZ,11,4,2,6,0.75,4
18966,SZ,11,4,2,7,0.75,4
18966,SZ,11,4,2,8,0.75,4
18966,SZ,11,4,2,9,0.75,4
18966,SZ,12,5,3,1,0.0,5
18966,SZ,12,5,3,2,0.6,5
18966,SZ,12,5,3,3,0.6,5
18966,SZ,12,5,3,4,0.4,5
18966,SZ,12,5,3,5,0.2,5
18966,SZ,12,5,3,6,0.6,5
18966,SZ,12,5,3,7,0.6,5
18966,SZ,12,5,3,8,0.4,5
18966,SZ,12,5,3,9,0.6,5
18966,SZ,13,3,2,1,0.0,3
18966,SZ,13,3,2,2,0.6666666666666666,3
18966,SZ,13,3,2,3,0.6666666666666666,3
18966,SZ,13,3,2,4,0.6666666666666666,3
18966,SZ,13,3,2,5,0.6666666666666666,3
18966,SZ,13,3,2,6,1.0,3
18966,SZ,13,3,2,7,0.6666666666666666,3
18966,SZ,13,3,2,8,1.0,3
18966,SZ,13,3,2,9,0.6666666666666666,3
21407,SZ,1,2,1,1,1.0,2
21407,SZ,1,2,1,2,1.0,2
21407,SZ,1,2,1,3,1.0,2
21407,SZ,1,2,1,4,0.5,2
21407,SZ,1,2,1,5,1.0,2
21407,SZ,1,2,1,6,1.0,2
21407,SZ,1,2,1,7,1.0,2
21407,SZ,1,2,1,8,1.0,2
21407,SZ,1,2,1,9,1.0,2
21407,SZ,2,2,2,1,0.5,2
21407,SZ,2,2,2,2,0.5,2
21407,SZ,2,2,2,3,0.5,2
21407,SZ,2,2,2,4,1.0,2
21407,SZ,2,2,2,5,1.0,2
21407,SZ,2,2,2,6,1.0,2
21407,SZ,2,2,2,7,1.0,2
21407,SZ,2,2,2,8,1.0,2
21407,SZ,2,2,2,9,1.0,2
21407,SZ,3,3,1,1,0.0,3
21407,SZ,3,3,1,2,0.6666666666666666,3
21407,SZ,3,3,1,3,1.0,3
21407,SZ,3,3,1,4,0.6666666666666666,3
21407,SZ,3,3,1,5,1.0,3
21407,SZ,3,3,1,6,0.6666666666666666,3
21407,SZ,3,3,1,7,1.0,3
21407,SZ,3,3,1,8,1.0,3
21407,SZ,3,3,1,9,1.0,3
21407,SZ,4,6,1,1,0.3333333333333333,6
21407,SZ,4,6,1,2,0.3333333333333333,6
21407,SZ,4,6,1,3,0.5,6
21407,SZ,4,6,1,4,0.6666666666666666,6
21407,SZ,4,6,1,5,0.5,6
21407,SZ,4,6,1,6,0.5,6
21407,SZ,4,6,1,7,0.6666666666666666,6
21407,SZ,4,6,1,8,0.5,6
21407,SZ,4,6,1,9,0.5,6
21407,SZ,5,2,3,1,0.5,2
21407,SZ,5,2,3,2,0.5,2
21407,SZ,5,2,3,3,1.0,2
21407,SZ,5,2,3,4,1.0,2
21407,SZ,5,2,3,5,1.0,2
21407,SZ,5,2,3,6,1.0,2
21407,SZ,5,2,3,7,1.0,2
21407,SZ,5,2,3,8,1.0,2
21407,SZ,5,2,3,9,1.0,2
21407,SZ,6,5,1,1,0.2,5
21407,SZ,6,5,1,2,0.8,5
21407,SZ,6,5,1,3,0.6,5
21407,SZ,6,5,1,4,0.8,5
21407,SZ,6,5,1,5,0.8,5
21407,SZ,6,5,1,6,1.0,5
21407,SZ,6,5,1,7,0.8,5
21407,SZ,6,5,1,8,1.0,5
21407,SZ,6,5,1,9,1.0,5
21407,SZ,7,4,1,1,0.5,4
21407,SZ,7,4,1,2,0.5,4
21407,SZ,7,4,1,3,0.75,4
21407,SZ,7,4,1,4,0.75,4
21407,SZ,7,4,1,5,1.0,4
21407,SZ,7,4,1,6,1.0,4
21407,SZ,7,4,1,7,1.0,4
21407,SZ,7,4,1,8,1.0,4
21407,SZ,7,4,1,9,1.0,4
21407,SZ,8,5,2,1,0.4,5
21407,SZ,8,5,2,2,0.6,5
21407,SZ,8,5,2,3,0.6,5
21407,SZ,8,5,2,4,0.6,5
21407,SZ,8,5,2,5,0.6,5
21407,SZ,8,5,2,6,0.6,5
21407,SZ,8,5,2,7,0.8,5
21407,SZ,8,5,2,8,1.0,5
21407,SZ,8,5,2,9,1.0,4
21407,SZ,9,6,2,1,0.3333333333333333,6
21407,SZ,9,6,2,2,0.6666666666666666,6
21407,SZ,9,6,2,3,0.5,6
21407,SZ,9,6,2,4,0.5,6
21407,SZ,9,6,2,5,0.8333333333333334,6
21407,SZ,9,6,2,6,1.0,6
21407,SZ,9,6,2,7,1.0,6
21407,SZ,9,6,2,8,1.0,6
21407,SZ,9,6,2,9,1.0,6
21407,SZ,10,2,4,1,0.0,2
21407,SZ,10,2,4,2,0.5,2
21407,SZ,10,2,4,3,1.0,2
21407,SZ,10,2,4,4,0.5,2
21407,SZ,10,2,4,5,1.0,2
21407,SZ,10,2,4,6,1.0,2
21407,SZ,10,2,4,7,1.0,2
21407,SZ,10,2,4,8,1.0,2
21407,SZ,10,2,4,9,1.0,2
21407,SZ,11,3,2,1,0.6666666666666666,3
21407,SZ,11,3,2,2,1.0,3
21407,SZ,11,3,2,3,1.0,3
21407,SZ,11,3,2,4,0.6666666666666666,3
21407,SZ,11,3,2,5,1.0,3
21407,SZ,11,3,2,6,1.0,3
21407,SZ,11,3,2,7,1.0,3
21407,SZ,11,3,2,8,1.0,3
21407,SZ,11,3,2,9,1.0,3
21407,SZ,12,5,3,1,0.4,5
21407,SZ,12,5,3,2,0.4,5
21407,SZ,12,5,3,3,0.6,5
21407,SZ,12,5,3,4,1.0,5
21407,SZ,12,5,3,5,0.8,5
21407,SZ,12,5,3,6,0.8,5
21407,SZ,12,5,3,7,0.8,5
21407,SZ,12,5,3,8,1.0,5
21407,SZ,12,5,3,9,1.0,5
21407,SZ,13,4,2,1,0.75,4
21407,SZ,13,4,2,2,0.75,4
21407,SZ,13,4,2,3,0.5,4
21407,SZ,13,4,2,4,1.0,4
21407,SZ,13,4,2,5,0.75,4
21407,SZ,13,4,2,6,1.0,4
21407,SZ,13,4,2,7,1.0,4
21407,SZ,13,4,2,8,1.0,4
21407,SZ,13,4,2,9,1.0,4
22026,SZ,1,4,1,1,0.5,4
22026,SZ,1,4,1,2,0.75,4
22026,SZ,1,4,1,3,0.75,4
22026,SZ,1,4,1,4,0.5,4
22026,SZ,1,4,1,5,0.75,4
22026,SZ,1,4,1,6,0.5,4
22026,SZ,1,4,1,7,0.75,4
22026,SZ,1,4,1,8,0.25,4
22026,SZ,1,4,1,9,0.75,4
22026,SZ,2,5,1,1,0.4,5
22026,SZ,2,5,1,2,0.2,5
22026,SZ,2,5,1,3,0.0,5
22026,SZ,2,5,1,4,0.4,5
22026,SZ,2,5,1,5,0.6,5
22026,SZ,2,5,1,6,0.8,5
22026,SZ,2,5,1,7,0.6,5
22026,SZ,2,5,1,8,0.8,5
22026,SZ,2,5,1,9,0.2,5
22026,SZ,3,2,1,1,0.0,2
22026,SZ,3,2,1,2,1.0,2
22026,SZ,3,2,1,3,1.0,2
22026,SZ,3,2,1,4,1.0,2
22026,SZ,3,2,1,5,1.0,2
22026,SZ,3,2,1,6,1.0,2
22026,SZ,3,2,1,7,1.0,2
22026,SZ,3,2,1,8,0.5,2
22026,SZ,3,2,1,9,1.0,2
22026,SZ,4,3,1,1,1.0,2
22026,SZ,4,3,1,2,1.0,3
22026,SZ,4,3,1,3,1.0,3
22026,SZ,4,3,1,4,1.0,3
22026,SZ,4,3,1,5,0.6666666666666666,3
22026,SZ,4,3,1,6,1.0,3
22026,SZ,4,3,1,7,1.0,3
22026,SZ,4,3,1,8,1.0,3
22026,SZ,4,3,1,9,0.6666666666666666,3
22026,SZ,5,6,1,1,0.16666666666666666,6
22026,SZ,5,6,1,2,0.3333333333333333,6
22026,SZ,5,6,1,3,0.8333333333333334,6
22026,SZ,5,6,1,4,0.5,6
22026,SZ,5,6,1,5,0.5,6
22026,SZ,5,6,1,6,0.0,6
22026,SZ,5,6,1,7,0.6666666666666666,6
22026,SZ,5,6,1,8,0.5,6
22026,SZ,5,6,1,9,0.16666666666666666,6
22026,SZ,6,2,2,1,1.0,2
22026,SZ,6,2,2,2,1.0,2
22026,SZ,6,2,2,3,1.0,2
22026,SZ,6,2,2,4,1.0,2
22026,SZ,6,2,2,5,1.0,2
22026,SZ,6,2,2,6,1.0,2
22026,SZ,6,2,2,7,1.0,2
22026,SZ,6,2,2,8,1.0,2
22026,SZ,6,2,2,9,0.5,2
22026,SZ,7,2,3,1,0.5,2
22026,SZ,7,2,3,2,0.5,2
22026,SZ,7,2,3,3,0.0,2
22026,SZ,7,2,3,4,0.5,2
22026,SZ,7,2,3,5,0.5,2
22026,SZ,7,2,3,6,0.5,2
22026,SZ,7,2,3,7,1.0,2
22026,SZ,7,2,3,8,0.5,2
22026,SZ,7,2,3,9,1.0,2
22026,SZ,8,5,2,1,0.2,5
22026,SZ,8,5,2,2,0.6,5
22026,SZ,8,5,2,3,0.4,5
22026,SZ,8,5,2,4,0.8,5
22026,SZ,8,5,2,5,1.0,5
22026,SZ,8,5,2,6,1.0,5
22026,SZ,8,5,2,7,1.0,5
22026,SZ,8,5,2,8,0.8,5
22026,SZ,8,5,2,9,1.0,5
22026,SZ,9,6,2,1,0.4,5
22026,SZ,9,6,2,2,0.5,6
22026,SZ,9,6,2,3,0.8,5
22026,SZ,9,6,2,4,0.6,5
22026,SZ,9,6,2,5,0.8333333333333334,6
22026,SZ,9,6,2,6,1.0,6
22026,SZ,9,6,2,7,0.8333333333333334,6
22026,SZ,9,6,2,8,0.8333333333333334,6
22026,SZ,9,6,2,9,1.0,5
22026,SZ,10,4,2,1,0.6666666666666666,3
22026,SZ,10,4,2,2,0.75,4
22026,SZ,10,4,2,3,0.5,4
22026,SZ,10,4,2,4,0.75,4
22026,SZ,10,4,2,5,1.0,4
22026,SZ,10,4,2,6,1.0,4
22026,SZ,10,4,2,7,0.75,4
22026,SZ,10,4,2,8,1.0,4
22026,SZ,10,4,2,9,1.0,4
22026,SZ,11,5,3,1,0.4,5
22026,SZ,11,5,3,2,0.6,5
22026,SZ,11,5,3,3,0.4,5
22026,SZ,11,5,3,4,0.6,5
22026,SZ,11,5,3,5,0.6,5
22026,SZ,11,5,3,6,0.8,5
22026,SZ,11,5,3,7,0.4,5
22026,SZ,11,5,3,8,0.8,5
22026,SZ,11,5,3,9,0.8,5
22026,SZ,12,2,4,1,0.0,2
22026,SZ,12,2,4,2,0.5,2
22026,SZ,12,2,4,3,0.5,2
22026,SZ,12,2,4,4,1.0,2
22026,SZ,12,2,4,5,1.0,2
22026,SZ,12,2,4,6,1.0,2
22026,SZ,12,2,4,7,0.5,2
22026,SZ,12,2,4,8,1.0,2
22026,SZ,12,2,4,9,1.0,2
22026,SZ,13,3,2,1,0.0,3
22026,SZ,13,3,2,2,0.3333333333333333,3
22026,SZ,13,3,2,3,1.0,3
22026,SZ,13,3,2,4,0.3333333333333333,3
22026,SZ,13,3,2,5,0.6666666666666666,3
22026,SZ,13,3,2,6,0.6666666666666666,3
22026,SZ,13,3,2,7,0.6666666666666666,3
22026,SZ,13,3,2,8,0.6666666666666666,3
22026,SZ,13,3,2,9,0.6666666666666666,3
23387,SZ,1,2,1,1,1.0,2
23387,SZ,1,2,1,2,1.0,2
23387,SZ,1,2,1,3,1.0,2
23387,SZ,1,2,1,4,1.0,2
23387,SZ,1,2,1,5,1.0,2
23387,SZ,1,2,1,6,1.0,2
23387,SZ,1,2,1,7,1.0,2
23387,SZ,1,2,1,8,1.0,2
23387,SZ,1,2,1,9,1.0,2
23387,SZ,2,6,1,1,0.16666666666666666,6
23387,SZ,2,6,1,2,0.3333333333333333,6
23387,SZ,2,6,1,3,0.16666666666666666,6
23387,SZ,2,6,1,4,0.5,6
23387,SZ,2,6,1,5,0.3333333333333333,6
23387,SZ,2,6,1,6,0.6666666666666666,6
23387,SZ,2,6,1,7,0.5,6
23387,SZ,2,6,1,8,0.5,6
23387,SZ,2,6,1,9,0.5,6
23387,SZ,3,3,1,1,0.3333333333333333,3
23387,SZ,3,3,1,2,0.3333333333333333,3
23387,SZ,3,3,1,3,0.3333333333333333,3
23387,SZ,3,3,1,4,0.6666666666666666,3
23387,SZ,3,3,1,5,1.0,3
23387,SZ,3,3,1,6,1.0,3
23387,SZ,3,3,1,7,1.0,3
23387,SZ,3,3,1,8,1.0,3
23387,SZ,3,3,1,9,1.0,3
23387,SZ,4,2,2,1,0.0,2
23387,SZ,4,2,2,2,0.0,2
23387,SZ,4,2,2,3,1.0,2
23387,SZ,4,2,2,4,1.0,2
23387,SZ,4,2,2,5,1.0,2
23387,SZ,4,2,2,6,1.0,2
23387,SZ,4,2,2,7,1.0,2
23387,SZ,4,2,2,8,0.5,2
23387,SZ,4,2,2,9,1.0,2
23387,SZ,5,4,1,1,0.75,4
23387,SZ,5,4,1,2,0.5,4
23387,SZ,5,4,1,3,0.75,4
23387,SZ,5,4,1,4,0.5,4
23387,SZ,5,4,1,5,1.0,4
23387,SZ,5,4,1,6,1.0,4
23387,SZ,5,4,1,7,1.0,4
23387,SZ,5,4,1,8,1.0,4
23387,SZ,5,4,1,9,1.0,4
23387,SZ,6,2,3,1,0.5,2
23387,SZ,6,2,3,2,1.0,2
23387,SZ,6,2,3,3,1.0,2
23387,SZ,6,2,3,4,1.0,2
23387,SZ,6,2,3,5,1.0,2
23387,SZ,6,2,3,6,1.0,2
23387,SZ,6,2,3,7,1.0,2
23387,SZ,6,2,3,8,1.0,2
23387,SZ,6,2,3,9,1.0,2
23387,SZ,7,5,1,1,0.5,4
23387,SZ,7,5,1,2,0.4,5
23387,SZ,7,5,1,3,0.6,5
23387,SZ,7,5,1,4,0.8,5
23387,SZ,7,5,1,5,0.6,5
23387,SZ,7,5,1,6,0.8,5
23387,SZ,7,5,1,7,1.0,5
23387,SZ,7,5,1,8,1.0,5
23387,SZ,7,5,1,9,0.6,5
23387,SZ,8,6,2,1,0.6666666666666666,6
23387,SZ,8,6,2,2,0.8333333333333334,6
23387,SZ,8,6,2,3,0.3333333333333333,6
23387,SZ,8,6,2,4,0.8333333333333334,6
23387,SZ,8,6,2,5,0.6666666666666666,6
23387,SZ,8,6,2,6,0.8333333333333334,6
23387,SZ,8,6,2,7,0.8333333333333334,6
23387,SZ,8,6,2,8,1.0,6
23387,SZ,8,6,2,9,1.0,6
23387,SZ,9,5,2,1,0.25,4
23387,SZ,9,5,2,2,0.8,5
23387,SZ,9,5,2,3,0.6,5
23387,SZ,9,5,2,4,0.8,5
23387,SZ,9,5,2,5,0.6,5
23387,SZ,9,5,2,6,0.6,5
23387,SZ,9,5,2,7,0.6,5
23387,SZ,9,5,2,8,1.0,5
23387,SZ,9,5,2,9,0.8,5
23387,SZ,10,2,4,1,0.5,2
23387,SZ,10,2,4,2,0.5,2
23387,SZ,10,2,4,3,0.5,2
23387,SZ,10,2,4,4,0.5,2
23387,SZ,10,2,4,5,0.5,2
23387,SZ,10,2,4,6,1.0,2
23387,SZ,10,2,4,7,1.0,2
23387,SZ,10,2,4,8,0.0,1
23387,SZ,10,2,4,9,1.0,2
23387,SZ,11,3,2,1,1.0,3
23387,SZ,11,3,2,2,1.0,3
23387,SZ,11,3,2,3,1.0,3
23387,SZ,11,3,2,4,1.0,3
23387,SZ,11,3,2,5,1.0,3
23387,SZ,11,3,2,6,1.0,3
23387,SZ,11,3,2,7,0.6666666666666666,3
23387,SZ,11,3,2,8,0.6666666666666666,3
23387,SZ,11,3,2,9,1.0,3
23387,SZ,12,4,2,1,0.25,4
23387,SZ,12,4,2,2,0.5,4
23387,SZ,12,4,2,3,0.75,4
23387,SZ,12,4,2,4,0.75,4
23387,SZ,12,4,2,5,1.0,4
23387,SZ,12,4,2,6,1.0,4
23387,SZ,12,4,2,7,1.0,4
23387,SZ,12,4,2,8,1.0,4
23387,SZ,12,4,2,9,1.0,4
23387,SZ,13,5,3,1,0.6,5
23387,SZ,13,5,3,2,0.8,5
23387,SZ,13,5,3,3,0.6,5
23387,SZ,13,5,3,4,0.8,5
23387,SZ,13,5,3,5,1.0,5
23387,SZ,13,5,3,6,1.0,5
23387,SZ,13,5,3,7,1.0,5
23387,SZ,13,5,3,8,1.0,5
23387,SZ,13,5,3,9,1.0,5
24197,SZ,1,6,1,1,0.16666666666666666,6
24197,SZ,1,6,1,2,0.8333333333333334,6
24197,SZ,1,6,1,3,0.6666666666666666,6
24197,SZ,1,6,1,4,0.6666666666666666,6
24197,SZ,1,6,1,5,0.6666666666666666,6
24197,SZ,1,6,1,6,0.6666666666666666,6
24197,SZ,1,6,1,7,0.8333333333333334,6
24197,SZ,1,6,1,8,1.0,6
24197,SZ,1,6,1,9,0.8333333333333334,6
24197,SZ,2,2,1,1,0.5,2
24197,SZ,2,2,1,2,1.0,2
24197,SZ,2,2,1,3,1.0,2
24197,SZ,2,2,1,4,1.0,2
24197,SZ,2,2,1,5,1.0,2
24197,SZ,2,2,1,6,1.0,2
24197,SZ,2,2,1,7,1.0,2
24197,SZ,2,2,1,8,0.5,2
24197,SZ,2,2,1,9,1.0,2
24197,SZ,3,3,1,1,0.3333333333333333,3
24197,SZ,3,3,1,2,0.3333333333333333,3
24197,SZ,3,3,1,3,1.0,3
24197,SZ,3,3,1,4,0.6666666666666666,3
24197,SZ,3,3,1,5,0.6666666666666666,3
24197,SZ,3,3,1,6,1.0,3
24197,SZ,3,3,1,7,0.6666666666666666,3
24197,SZ,3,3,1,8,1.0,3
24197,SZ,3,3,1,9,1.0,3
24197,SZ,4,2,2,1,0.0,2
24197,SZ,4,2,2,2,0.5,2
24197,SZ,4,2,2,3,1.0,2
24197,SZ,4,2,2,4,1.0,2
24197,SZ,4,2,2,5,1.0,2
24197,SZ,4,2,2,6,1.0,2
24197,SZ,4,2,2,7,1.0,2
24197,SZ,4,2,2,8,1.0,2
24197,SZ,4,2,2,9,1.0,2
24197,SZ,5,5,1,1,0.0,5
24197,SZ,5,5,1,2,0.2,5
24197,SZ,5,5,1,3,0.4,5
24197,SZ,5,5,1,4,0.6,5
24197,SZ,5,5,1,5,0.4,5
24197,SZ,5,5,1,6,0.6,5
24197,SZ,5,5,1,7,0.8,5
24197,SZ,5,5,1,8,0.8,5
24197,SZ,5,5,1,9,1.0,5
24197,SZ,6,4,1,1,0.5,4
24197,SZ,6,4,1,2,0.75,4
24197,SZ,6,4,1,3,0.75,4
24197,SZ,6,4,1,4,0.75,4
24197,SZ,6,4,1,5,0.75,4
24197,SZ,6,4,1,6,1.0,4
24197,SZ,6,4,1,7,1.0,4
24197,SZ,6,4,1,8,1.0,4
24197,SZ,6,4,1,9,1.0,4
24197,SZ,7,2,3,1,0.0,2
24197,SZ,7,2,3,2,0.5,2
24197,SZ,7,2,3,3,1.0,2
24197,SZ,7,2,3,4,1.0,2
24197,SZ,7,2,3,5,1.0,2
24197,SZ,7,2,3,6,1.0,2
24197,SZ,7,2,3,7,1.0,2
24197,SZ,7,2,3,8,1.0,2
24197,SZ,7,2,3,9,1.0,2
24197,SZ,8,5,2,1,0.2,5
24197,SZ,8,5,2,2,0.8,5
24197,SZ,8,5,2,3,0.6,5
24197,SZ,8,5,2,4,0.8,5
24197,SZ,8,5,2,5,0.8,5
24197,SZ,8,5,2,6,0.5,4
24197,SZ,8,5,2,7,1.0,5
24197,SZ,8,5,2,8,1.0,5
24197,SZ,8,5,2,9,1.0,5
24197,SZ,9,6,2,1,0.16666666666666666,6
24197,SZ,9,6,2,2,0.5,6
24197,SZ,9,6,2,3,0.6666666666666666,6
24197,SZ,9,6,2,4,0.5,6
24197,SZ,9,6,2,5,0.6666666666666666,6
24197,SZ,9,6,2,6,0.8333333333333334,6
24197,SZ,9,6,2,7,1.0,6
24197,SZ,9,6,2,8,0.8333333333333334,6
24197,SZ,9,6,2,9,0.6666666666666666,6
24197,SZ,10,2,4,1,1.0,2
24197,SZ,10,2,4,2,1.0,2
24197,SZ,10,2,4,3,1.0,2
24197,SZ,10,2,4,4,1.0,2
24197,SZ,10,2,4,5,1.0,2
24197,SZ,10,2,4,6,0.5,2
24197,SZ,10,2,4,7,1.0,2
24197,SZ,10,2,4,8,1.0,2
24197,SZ,10,2,4,9,1.0,2
24197,SZ,11,3,2,1,0.3333333333333333,3
24197,SZ,11,3,2,2,0.3333333333333333,3
24197,SZ,11,3,2,3,1.0,3
24197,SZ,11,3,2,4,1.0,3
24197,SZ,11,3,2,5,1.0,3
24197,SZ,11,3,2,6,1.0,3
24197,SZ,11,3,2,7,1.0,3
24197,SZ,11,3,2,8,1.0,3
24197,SZ,11,3,2,9,1.0,3
24197,SZ,12,5,3,1,0.4,5
24197,SZ,12,5,3,2,0.6,5
24197,SZ,12,5,3,3,0.6,5
24197,SZ,12,5,3,4,0.4,5
24197,SZ,12,5,3,5,0.6,5
24197,SZ,12,5,3,6,0.8,5
24197,SZ,12,5,3,7,0.8,5
24197,SZ,12,5,3,8,1.0,5
24197,SZ,12,5,3,9,1.0,5
24197,SZ,13,4,2,1,0.0,4
24197,SZ,13,4,2,2,0.25,4
24197,SZ,13,4,2,3,0.25,4
24197,SZ,13,4,2,4,1.0,4
24197,SZ,13,4,2,5,1.0,4
24197,SZ,13,4,2,6,1.0,4
24197,SZ,13,4,2,7,1.0,4
24197,SZ,13,4,2,8,1.0,4
24197,SZ,13,4,2,9,1.0,4
30543,SZ,1,6,1,1,0.3333333333333333,6
30543,SZ,1,6,1,2,0.3333333333333333,6
30543,SZ,1,6,1,3,0.5,6
30543,SZ,1,6,1,4,0.6666666666666666,6
30543,SZ,1,6,1,5,0.3333333333333333,6
30543,SZ,1,6,1,6,0.16666666666666666,6
30543,SZ,1,6,1,7,0.3333333333333333,6
30543,SZ,1,6,1,8,0.5,6
30543,SZ,1,6,1,9,0.6666666666666666,6
30543,SZ,2,3,1,1,0.6666666666666666,3
30543,SZ,2,3,1,2,0.3333333333333333,3
30543,SZ,2,3,1,3,0.0,3
30543,SZ,2,3,1,4,0.6666666666666666,3
30543,SZ,2,3,1,5,0.6666666666666666,3
30543,SZ,2,3,1,6,0.3333333333333333,3
30543,SZ,2,3,1,7,0.3333333333333333,3
30543,SZ,2,3,1,8,0.6666666666666666,3
30543,SZ,2,3,1,9,0.3333333333333333,3
30543,SZ,3,5,1,1,0.2,5
30543,SZ,3,5,1,2,0.6,5
30543,SZ,3,5,1,3,0.4,5
30543,SZ,3,5,1,4,0.4,5
30543,SZ,3,5,1,5,0.4,5
30543,SZ,3,5,1,6,0.6,5
30543,SZ,3,5,1,7,0.6,5
30543,SZ,3,5,1,8,0.4,5
30543,SZ,3,5,1,9,0.8,5
30543,SZ,4,2,1,1,0.0,2
30543,SZ,4,2,1,2,1.0,2
30543,SZ,4,2,1,3,1.0,2
30543,SZ,4,2,1,4,1.0,2
30543,SZ,4,2,1,5,1.0,2
30543,SZ,4,2,1,6,1.0,2
30543,SZ,4,2,1,7,1.0,2
30543,SZ,4,2,1,8,0.5,2
30543,SZ,4,2,1,9,1.0,2
30543,SZ,5,2,2,1,0.5,2
30543,SZ,5,2,2,2,0.5,2
30543,SZ,5,2,2,3,1.0,2
30543,SZ,5,2,2,4,0.5,2
30543,SZ,5,2,2,5,1.0,2
30543,SZ,5,2,2,6,1.0,2
30543,SZ,5,2,2,7,0.5,2
30543,SZ,5,2,2,8,1.0,2
30543,SZ,5,2,2,9,1.0,2
30543,SZ,6,2,3,1,0.5,2
30543,SZ,6,2,3,2,1.0,2
30543,SZ,6,2,3,3,1.0,2
30543,SZ,6,2,3,4,1.0,2
30543,SZ,6,2,3,5,1.0,2
30543,SZ,6,2,3,6,0.0,2
30543,SZ,6,2,3,7,1.0,2
30543,SZ,6,2,3,8,0.5,2
30543,SZ,6,2,3,9,0.5,2
30543,SZ,7,4,1,1,0.0,4
30543,SZ,7,4,1,2,0.25,4
30543,SZ,7,4,1,3,0.0,4
30543,SZ,7,4,1,4,0.0,4
30543,SZ,7,4,1,5,0.25,4
30543,SZ,7,4,1,6,0.0,4
30543,SZ,7,4,1,7,0.3333333333333333,3
30543,SZ,7,4,1,8,0.25,4
30543,SZ,7,4,1,9,0.5,4
30543,SZ,8,5,2,1,0.6,5
30543,SZ,8,5,2,2,0.4,5
30543,SZ,8,5,2,3,0.6,5
30543,SZ,8,5,2,4,0.4,5
30543,SZ,8,5,2,5,0.8,5
30543,SZ,8,5,2,6,0.8,5
30543,SZ,8,5,2,7,0.4,5
30543,SZ,8,5,2,8,0.6,5
30543,SZ,8,5,2,9,0.6,5
30543,SZ,9,6,2,1,0.5,6
30543,SZ,9,6,2,2,0.8333333333333334,6
30543,SZ,9,6,2,3,0.16666666666666666,6
30543,SZ,9,6,2,4,0.3333333333333333,6
30543,SZ,9,6,2,5,0.6666666666666666,6
30543,SZ,9,6,2,6,0.16666666666666666,6
30543,SZ,9,6,2,7,0.16666666666666666,6
30543,SZ,9,6,2,8,0.3333333333333333,6
30543,SZ,9,6,2,9,0.5,6
30543,SZ,10,3,2,1,0.0,3
30543,SZ,10,3,2,2,0.3333333333333333,3
30543,SZ,10,3,2,3,0.6666666666666666,3
30543,SZ,10,3,2,4,0.0,3
30543,SZ,10,3,2,5,0.6666666666666666,3
30543,SZ,10,3,2,6,0.6666666666666666,3
30543,SZ,10,3,2,7,1.0,3
30543,SZ,10,3,2,8,0.3333333333333333,3
30543,SZ,10,3,2,9,1.0,3
30543,SZ,11,5,3,1,0.4,5
30543,SZ,11,5,3,2,0.4,5
30543,SZ,11,5,3,3,0.2,5
30543,SZ,11,5,3,4,0.4,5
30543,SZ,11,5,3,5,0.6,5
30543,SZ,11,5,3,6,0.8,5
30543,SZ,11,5,3,7,0.8,5
30543,SZ,11,5,3,8,0.4,5
30543,SZ,11,5,3,9,0.8,5
30543,SZ,12,2,4,1,0.0,2
30543,SZ,12,2,4,2,1.0,2
30543,SZ,12,2,4,3,1.0,2
30543,SZ,12,2,4,4,1.0,2
30543,SZ,12,2,4,5,1.0,2
30543,SZ,12,2,4,6,1.0,2
30543,SZ,12,2,4,7,0.5,2
30543,SZ,12,2,4,8,1.0,2
30543,SZ,12,2,4,9,1.0,2
30543,SZ,13,4,2,1,0.5,4
30543,SZ,13,4,2,2,0.75,4
30543,SZ,13,4,2,3,0.75,4
30543,SZ,13,4,2,4,0.75,4
30543,SZ,13,4,2,5,0.75,4
30543,SZ,13,4,2,6,1.0,4
30543,SZ,13,4,2,7,1.0,4
30543,SZ,13,4,2,8,1.0,4
30543,SZ,13,4,2,9,1.0,4
31274,SZ,1,2,1,1,0.5,2
31274,SZ,1,2,1,2,0.5,2
31274,SZ,1,2,1,3,1.0,2
31274,SZ,1,2,1,4,1.0,2
31274,SZ,1,2,1,5,1.0,2
31274,SZ,1,2,1,6,1.0,2
31274,SZ,1,2,1,7,1.0,2
31274,SZ,1,2,1,8,1.0,2
31274,SZ,1,2,1,9,1.0,2
31274,SZ,2,3,1,1,0.3333333333333333,3
31274,SZ,2,3,1,2,0.3333333333333333,3
31274,SZ,2,3,1,3,0.0,3
31274,SZ,2,3,1,4,1.0,3
31274,SZ,2,3,1,5,0.6666666666666666,3
31274,SZ,2,3,1,6,0.3333333333333333,3
31274,SZ,2,3,1,7,0.6666666666666666,3
31274,SZ,2,3,1,8,0.6666666666666666,3
31274,SZ,2,3,1,9,0.6666666666666666,3
31274,SZ,3,2,2,1,0.0,2
31274,SZ,3,2,2,2,0.5,2
31274,SZ,3,2,2,3,1.0,2
31274,SZ,3,2,2,4,1.0,2
31274,SZ,3,2,2,5,1.0,2
31274,SZ,3,2,2,6,1.0,2
31274,SZ,3,2,2,7,1.0,2
31274,SZ,3,2,2,8,1.0,2
31274,SZ,3,2,2,9,0.5,2
31274,SZ,4,6,1,1,0.3333333333333333,6
31274,SZ,4,6,1,2,0.6666666666666666,6
31274,SZ,4,6,1,3,0.5,6
31274,SZ,4,6,1,4,0.8333333333333334,6
31274,SZ,4,6,1,5,0.8333333333333334,6
31274,SZ,4,6,1,6,0.6666666666666666,6
31274,SZ,4,6,1,7,0.8333333333333334,6
31274,SZ,4,6,1,8,0.6666666666666666,6
31274,SZ,4,6,1,9,0.6666666666666666,6
31274,SZ,5,2,3,1,0.5,2
31274,SZ,5,2,3,2,1.0,2
31274,SZ,5,2,3,3,1.0,2
31274,SZ,5,2,3,4,1.0,2
31274,SZ,5,2,3,5,1.0,2
31274,SZ,5,2,3,6,1.0,2
31274,SZ,5,2,3,7,1.0,2
31274,SZ,5,2,3,8,1.0,2
31274,SZ,5,2,3,9,1.0,2
31274,SZ,6,5,1,1,0.0,5
31274,SZ,6,5,1,2,0.4,5
31274,SZ,6,5,1,3,0.4,5
31274,SZ,6,5,1,4,0.2,5
31274,SZ,6,5,1,5,0.2,5
31274,SZ,6,5,1,6,0.2,5
31274,SZ,6,5,1,7,0.6,5
31274,SZ,6,5,1,8,0.2,5
31274,SZ,6,5,1,9,0.6,5
31274,SZ,7,4,1,1,0.75,4
31274,SZ,7,4,1,2,0.5,4
31274,SZ,7,4,1,3,0.5,4
31274,SZ,7,4,1,4,0.75,4
31274,SZ,7,4,1,5,0.75,4
31274,SZ,7,4,1,6,0.5,4
31274,SZ,7,4,1,7,1.0,4
31274,SZ,7,4,1,8,1.0,4
31274,SZ,7,4,1,9,0.5,4
31274,SZ,8,6,2,1,0.6666666666666666,6
31274,SZ,8,6,2,2,0.8333333333333334,6
31274,SZ,8,6,2,3,0.3333333333333333,6
31274,SZ,8,6,2,4,0.6666666666666666,6
31274,SZ,8,6,2,5,0.8333333333333334,6
31274,SZ,8,6,2,6,0.6666666666666666,6
31274,SZ,8,6,2,7,0.8333333333333334,6
31274,SZ,8,6,2,8,1.0,6
31274,SZ,8,6,2,9,0.6666666666666666,6
31274,SZ,9,5,2,1,0.2,5
31274,SZ,9,5,2,2,0.2,5
31274,SZ,9,5,2,3,0.4,5
31274,SZ,9,5,2,4,0.6,5
31274,SZ,9,5,2,5,0.6,5
31274,SZ,9,5,2,6,1.0,5
31274,SZ,9,5,2,7,1.0,5
31274,SZ,9,5,2,8,1.0,5
31274,SZ,9,5,2,9,1.0,5
31274,SZ,10,2,4,1,0.5,2
31274,SZ,10,2,4,2,1.0,2
31274,SZ,10,2,4,3,1.0,2
31274,SZ,10,2,4,4,1.0,2
31274,SZ,10,2,4,5,0.5,2
31274,SZ,10,2,4,6,1.0,2
31274,SZ,10,2,4,7,1.0,2
31274,SZ,10,2,4,8,1.0,2
31274,SZ,10,2,4,9,1.0,2
31274,SZ,11,3,2,1,0.6666666666666666,3
31274,SZ,11,3,2,2,1.0,3
31274,SZ,11,3,2,3,1.0,3
31274,SZ,11,3,2,4,1.0,3
31274,SZ,11,3,2,5,1.0,3
31274,SZ,11,3,2,6,1.0,3
31274,SZ,11,3,2,7,1.0,3
31274,SZ,11,3,2,8,1.0,3
31274,SZ,11,3,2,9,1.0,2
31274,SZ,12,5,3,1,0.2,5
31274,SZ,12,5,3,2,0.2,5
31274,SZ,12,5,3,3,0.8,5
31274,SZ,12,5,3,4,0.8,5
31274,SZ,12,5,3,5,0.6,5
31274,SZ,12,5,3,6,0.6,5
31274,SZ,12,5,3,7,0.4,5
31274,SZ,12,5,3,8,0.8,5
31274,SZ,12,5,3,9,0.6,5
31274,SZ,13,4,2,1,0.5,4
31274,SZ,13,4,2,2,0.5,4
31274,SZ,13,4,2,3,0.25,4
31274,SZ,13,4,2,4,0.5,4
31274,SZ,13,4,2,5,0.75,4
31274,SZ,13,4,2,6,0.75,4
31274,SZ,13,4,2,7,0.75,4
31274,SZ,13,4,2,8,1.0,4
31274,SZ,13,4,2,9,1.0,4
31307,SZ,1,2,1,1,0.5,2
31307,SZ,1,2,1,2,1.0,2
31307,SZ,1,2,1,3,1.0,2
31307,SZ,1,2,1,4,1.0,2
31307,SZ,1,2,1,5,1.0,2
31307,SZ,1,2,1,6,1.0,2
31307,SZ,1,2,1,7,0.0,2
31307,SZ,1,2,1,8,1.0,2
31307,SZ,1,2,1,9,1.0,2
31307,SZ,2,2,2,1,0.5,2
31307,SZ,2,2,2,2,0.5,2
31307,SZ,2,2,2,3,1.0,2
31307,SZ,2,2,2,4,1.0,2
31307,SZ,2,2,2,5,1.0,2
31307,SZ,2,2,2,6,1.0,2
31307,SZ,2,2,2,7,1.0,2
31307,SZ,2,2,2,8,1.0,2
31307,SZ,2,2,2,9,1.0,2
31307,SZ,3,3,1,1,0.3333333333333333,3
31307,SZ,3,3,1,2,0.0,3
31307,SZ,3,3,1,3,0.3333333333333333,3
31307,SZ,3,3,1,4,0.3333333333333333,3
31307,SZ,3,3,1,5,1.0,3
31307,SZ,3,3,1,6,0.6666666666666666,3
31307,SZ,3,3,1,7,1.0,3
31307,SZ,3,3,1,8,1.0,3
31307,SZ,3,3,1,9,1.0,3
31307,SZ,4,6,1,1,0.5,6
31307,SZ,4,6,1,2,0.3333333333333333,6
31307,SZ,4,6,1,3,0.5,6
31307,SZ,4,6,1,4,0.5,6
31307,SZ,4,6,1,5,0.8333333333333334,6
31307,SZ,4,6,1,6,0.6666666666666666,6
31307,SZ,4,6,1,7,0.5,6
31307,SZ,4,6,1,8,0.5,6
31307,SZ,4,6,1,9,0.6666666666666666,6
31307,SZ,5,4,1,1,0.0,4
31307,SZ,5,4,1,2,0.5,4
31307,SZ,5,4,1,3,0.5,4
31307,SZ,5,4,1,4,1.0,4
31307,SZ,5,4,1,5,1.0,4
31307,SZ,5,4,1,6,0.75,4
31307,SZ,5,4,1,7,0.75,4
31307,SZ,5,4,1,8,1.0,4
31307,SZ,5,4,1,9,1.0,4
31307,SZ,6,5,1,1,0.2,5
31307,SZ,6,5,1,2,0.4,5
31307,SZ,6,5,1,3,1.0,5
31307,SZ,6,5,1,4,0.4,5
31307,SZ,6,5,1,5,0.6,5
31307,SZ,6,5,1,6,1.0,5
31307,SZ,6,5,1,7,0.6,5
31307,SZ,6,5,1,8,0.8,5
31307,SZ,6,5,1,9,1.0,5
31307,SZ,7,2,3,1,0.0,2
31307,SZ,7,2,3,2,1.0,2
31307,SZ,7,2,3,3,1.0,2
31307,SZ,7,2,3,4,1.0,2
31307,SZ,7,2,3,5,1.0,2
31307,SZ,7,2,3,6,0.5,2
31307,SZ,7,2,3,7,1.0,2
31307,SZ,7,2,3,8,1.0,2
31307,SZ,7,2,3,9,1.0,2
31307,SZ,8,6,2,1,0.0,6
31307,SZ,8,6,2,2,0.3333333333333333,6
31307,SZ,8,6,2,3,0.5,6
31307,SZ,8,6,2,4,0.5,6
31307,SZ,8,6,2,5,0.5,6
31307,SZ,8,6,2,6,0.6666666666666666,6
31307,SZ,8,6,2,7,0.6666666666666666,6
31307,SZ,8,6,2,8,0.8333333333333334,6
31307,SZ,8,6,2,9,0.6666666666666666,6
31307,SZ,9,5,2,1,0.0,5
31307,SZ,9,5,2,2,0.2,5
31307,SZ,9,5,2,3,0.4,5
31307,SZ,9,5,2,4,0.8,5
31307,SZ,9,5,2,5,0.6,5
31307,SZ,9,5,2,6,0.8,5
31307,SZ,9,5,2,7,1.0,5
31307,SZ,9,5,2,8,0.8,5
31307,SZ,9,5,2,9,1.0,5
31307,SZ,10,2,4,1,0.0,2
31307,SZ,10,2,4,2,0.5,2
31307,SZ,10,2,4,3,0.5,2
31307,SZ,10,2,4,4,1.0,2
31307,SZ,10,2,4,5,1.0,2
31307,SZ,10,2,4,6,1.0,2
31307,SZ,10,2,4,7,1.0,2
31307,SZ,10,2,4,8,1.0,2
31307,SZ,10,2,4,9,1.0,2
31307,SZ,11,3,2,1,0.0,3
31307,SZ,11,3,2,2,1.0,3
31307,SZ,11,3,2,3,1.0,3
31307,SZ,11,3,2,4,0.6666666666666666,3
31307,SZ,11,3,2,5,1.0,3
31307,SZ,11,3,2,6,1.0,3
31307,SZ,11,3,2,7,1.0,3
31307,SZ,11,3,2,8,1.0,3
31307,SZ,11,3,2,9,1.0,3
31307,SZ,12,4,2,1,0.25,4
31307,SZ,12,4,2,2,0.75,4
31307,SZ,12,4,2,3,0.5,4
31307,SZ,12,4,2,4,0.5,4
31307,SZ,12,4,2,5,0.75,4
31307,SZ,12,4,2,6,1.0,4
31307,SZ,12,4,2,7,1.0,4
31307,SZ,12,4,2,8,1.0,4
31307,SZ,12,4,2,9,1.0,4
31307,SZ,13,5,3,1,0.2,5
31307,SZ,13,5,3,2,1.0,5
31307,SZ,13,5,3,3,0.8,5
31307,SZ,13,5,3,4,0.6,5
31307,SZ,13,5,3,5,0.6,5
31307,SZ,13,5,3,6,1.0,5
31307,SZ,13,5,3,7,1.0,5
31307,SZ,13,5,3,8,1.0,5
31307,SZ,13,5,3,9,0.6,5
31678,SZ,1,3,1,1,0.0,3
31678,SZ,1,3,1,2,0.0,3
31678,SZ,1,3,1,3,0.3333333333333333,3
31678,SZ,1,3,1,4,0.0,3
31678,SZ,1,3,1,5,0.3333333333333333,3
31678,SZ,1,3,1,6,0.6666666666666666,3
31678,SZ,1,3,1,7,0.6666666666666666,3
31678,SZ,1,3,1,8,0.6666666666666666,3
31678,SZ,1,3,1,9,0.6666666666666666,3
31678,SZ,2,2,1,1,0.5,2
31678,SZ,2,2,1,2,0.5,2
31678,SZ,2,2,1,3,0.5,2
31678,SZ,2,2,1,4,1.0,2
31678,SZ,2,2,1,5,0.5,2
31678,SZ,2,2,1,6,0.5,2
31678,SZ,2,2,1,7,0.0,2
31678,SZ,2,2,1,8,0.0,2
31678,SZ,2,2,1,9,0.5,2
31678,SZ,3,5,1,1,0.2,5
31678,SZ,3,5,1,2,0.4,5
31678,SZ,3,5,1,3,0.0,5
31678,SZ,3,5,1,4,0.2,5
31678,SZ,3,5,1,5,0.2,5
31678,SZ,3,5,1,6,0.4,5
31678,SZ,3,5,1,7,0.0,5
31678,SZ,3,5,1,8,0.6,5
31678,SZ,3,5,1,9,1.0,5
31678,SZ,4,4,1,1,0.5,4
31678,SZ,4,4,1,2,0.25,4
31678,SZ,4,4,1,3,0.0,4
31678,SZ,4,4,1,4,0.25,4
31678,SZ,4,4,1,5,0.25,4
31678,SZ,4,4,1,6,0.75,4
31678,SZ,4,4,1,7,0.5,4
31678,SZ,4,4,1,8,0.5,4
31678,SZ,4,4,1,9,0.75,4
31678,SZ,5,2,2,1,0.0,2
31678,SZ,5,2,2,2,1.0,2
31678,SZ,5,2,2,3,1.0,2
31678,SZ,5,2,2,4,1.0,2
31678,SZ,5,2,2,5,0.5,2
31678,SZ,5,2,2,6,0.5,2
31678,SZ,5,2,2,7,0.0,2
31678,SZ,5,2,2,8,0.5,2
31678,SZ,5,2,2,9,0.5,2
31678,SZ,6,6,1,1,0.3333333333333333,6
31678,SZ,6,6,1,2,0.16666666666666666,6
31678,SZ,6,6,1,3,0.3333333333333333,6
31678,SZ,6,6,1,4,0.3333333333333333,6
31678,SZ,6,6,1,5,0.16666666666666666,6
31678,SZ,6,6,1,6,0.6666666666666666,6
31678,SZ,6,6,1,7,0.3333333333333333,6
31678,SZ,6,6,1,8,0.5,6
31678,SZ,6,6,1,9,0.0,6
31678,SZ,7,2,3,1,0.5,2
31678,SZ,7,2,3,2,1.0,2
31678,SZ,7,2,3,3,1.0,2
31678,SZ,7,2,3,4,1.0,2
31678,SZ,7,2,3,5,1.0,2
31678,SZ,7,2,3,6,1.0,2
31678,SZ,7,2,3,7,1.0,2
31678,SZ,7,2,3,8,0.5,2
31678,SZ,7,2,3,9,1.0,2
31678,SZ,8,5,2,1,0.2,5
31678,SZ,8,5,2,2,0.2,5
31678,SZ,8,5,2,3,0.4,5
31678,SZ,8,5,2,4,0.6,5
31678,SZ,8,5,2,5,0.4,5
31678,SZ,8,5,2,6,0.4,5
31678,SZ,8,5,2,7,0.4,5
31678,SZ,8,5,2,8,0.2,5
31678,SZ,8,5,2,9,0.0,5
31678,SZ,9,6,2,1,0.5,6
31678,SZ,9,6,2,2,0.5,6
31678,SZ,9,6,2,3,0.16666666666666666,6
31678,SZ,9,6,2,4,0.16666666666666666,6
31678,SZ,9,6,2,5,0.6666666666666666,6
31678,SZ,9,6,2,6,0.3333333333333333,6
31678,SZ,9,6,2,7,0.5,6
31678,SZ,9,6,2,8,0.16666666666666666,6
31678,SZ,9,6,2,9,0.16666666666666666,6
31678,SZ,10,3,2,1,0.0,3
31678,SZ,10,3,2,2,0.6666666666666666,3
31678,SZ,10,3,2,3,0.6666666666666666,3
31678,SZ,10,3,2,4,0.0,3
31678,SZ,10,3,2,5,0.3333333333333333,3
31678,SZ,10,3,2,6,1.0,3
31678,SZ,10,3,2,7,0.0,3
31678,SZ,10,3,2,8,0.0,3
31678,SZ,10,3,2,9,0.5,2
31678,SZ,11,2,4,1,0.5,2
31678,SZ,11,2,4,2,0.0,2
31678,SZ,11,2,4,3,0.0,2
31678,SZ,11,2,4,4,0.5,2
31678,SZ,11,2,4,5,0.0,2
31678,SZ,11,2,4,6,0.0,2
31678,SZ,11,2,4,7,0.5,2
31678,SZ,11,2,4,8,0.5,2
31678,SZ,11,2,4,9,0.5,2
31678,SZ,12,5,3,1,0.4,5
31678,SZ,12,5,3,2,0.6,5
31678,SZ,12,5,3,3,0.2,5
31678,SZ,12,5,3,4,0.5,4
31678,SZ,12,5,3,5,0.2,5
31678,SZ,12,5,3,6,0.0,5
31678,SZ,12,5,3,7,0.6,5
31678,SZ,12,5,3,8,0.4,5
31678,SZ,12,5,3,9,0.6,5
31678,SZ,13,4,2,1,0.0,4
31678,SZ,13,4,2,2,0.3333333333333333,3
31678,SZ,13,4,2,3,0.5,4
31678,SZ,13,4,2,4,0.5,4
31678,SZ,13,4,2,5,0.5,4
31678,SZ,13,4,2,6,0.25,4
31678,SZ,13,4,2,7,0.5,4
31678,SZ,13,4,2,8,0.25,4
31678,SZ,13,4,2,9,0.0,4
50207,SZ,1,3,1,1,0.0,3
50207,SZ,1,3,1,2,0.6666666666666666,3
50207,SZ,1,3,1,3,1.0,3
50207,SZ,1,3,1,4,0.6666666666666666,3
50207,SZ,1,3,1,5,1.0,3
50207,SZ,1,3,1,6,1.0,3
50207,SZ,1,3,1,7,1.0,3
50207,SZ,1,3,1,8,1.0,3
50207,SZ,1,3,1,9,1.0,3
50207,SZ,2,2,1,1,0.5,2
50207,SZ,2,2,1,2,0.5,2
50207,SZ,2,2,1,3,1.0,2
50207,SZ,2,2,1,4,1.0,2
50207,SZ,2,2,1,5,1.0,2
50207,SZ,2,2,1,6,1.0,2
50207,SZ,2,2,1,7,1.0,2
50207,SZ,2,2,1,8,1.0,2
50207,SZ,2,2,1,9,1.0,2
50207,SZ,3,6,1,1,0.8333333333333334,6
50207,SZ,3,6,1,2,0.5,6
50207,SZ,3,6,1,3,0.5,6
50207,SZ,3,6,1,4,0.6666666666666666,6
50207,SZ,3,6,1,5,0.5,6
50207,SZ,3,6,1,6,0.5,6
50207,SZ,3,6,1,7,0.6666666666666666,6
50207,SZ,3,6,1,8,0.6666666666666666,6
50207,SZ,3,6,1,9,1.0,6
50207,SZ,4,2,2,1,0.5,2
50207,SZ,4,2,2,2,0.5,2
50207,SZ,4,2,2,3,1.0,2
50207,SZ,4,2,2,4,1.0,2
50207,SZ,4,2,2,5,1.0,2
50207,SZ,4,2,2,6,1.0,2
50207,SZ,4,2,2,7,1.0,2
50207,SZ,4,2,2,8,0.5,2
50207,SZ,4,2,2,9,1.0,2
50207,SZ,5,5,1,1,0.4,5
50207,SZ,5,5,1,2,0.6,5
50207,SZ,5,5,1,3,0.6,5
50207,SZ,5,5,1,4,0.4,5
50207,SZ,5,5,1,5,0.2,5
50207,SZ,5,5,1,6,0.6,5
50207,SZ,5,5,1,7,0.6,5
50207,SZ,5,5,1,8,0.6,5
50207,SZ,5,5,1,9,0.4,5
50207,SZ,6,2,3,1,0.5,2
50207,SZ,6,2,3,2,1.0,2
50207,SZ,6,2,3,3,1.0,2
50207,SZ,6,2,3,4,1.0,2
50207,SZ,6,2,3,5,1.0,2
50207,SZ,6,2,3,6,1.0,2
50207,SZ,6,2,3,7,1.0,2
50207,SZ,6,2,3,8,1.0,2
50207,SZ,6,2,3,9,1.0,2
50207,SZ,7,4,1,1,0.5,4
50207,SZ,7,4,1,2,1.0,4
50207,SZ,7,4,1,3,1.0,4
50207,SZ,7,4,1,4,0.75,4
50207,SZ,7,4,1,5,1.0,4
50207,SZ,7,4,1,6,0.75,4
50207,SZ,7,4,1,7,1.0,4
50207,SZ,7,4,1,8,1.0,4
50207,SZ,7,4,1,9,1.0,4
50207,SZ,8,6,2,1,0.6666666666666666,6
50207,SZ,8,6,2,2,0.3333333333333333,6
50207,SZ,8,6,2,3,0.8333333333333334,6
50207,SZ,8,6,2,4,0.8333333333333334,6
50207,SZ,8,6,2,5,0.6666666666666666,6
50207,SZ,8,6,2,6,1.0,6
50207,SZ,8,6,2,7,0.8333333333333334,6
50207,SZ,8,6,2,8,1.0,6
50207,SZ,8,6,2,9,1.0,6
50207,SZ,9,5,2,1,0.4,5
50207,SZ,9,5,2,2,0.6,5
50207,SZ,9,5,2,3,0.2,5
50207,SZ,9,5,2,4,0.6,5
50207,SZ,9,5,2,5,0.6,5
50207,SZ,9,5,2,6,0.8,5
50207,SZ,9,5,2,7,0.4,5
50207,SZ,9,5,2,8,0.8,5
50207,SZ,9,5,2,9,0.8,5
50207,SZ,10,3,2,1,0.3333333333333333,3
50207,SZ,10,3,2,2,0.3333333333333333,3
50207,SZ,10,3,2,3,0.3333333333333333,3
50207,SZ,10,3,2,4,0.6666666666666666,3
50207,SZ,10,3,2,5,0.6666666666666666,3
50207,SZ,10,3,2,6,1.0,3
50207,SZ,10,3,2,7,1.0,3
50207,SZ,10,3,2,8,1.0,3
50207,SZ,10,3,2,9,1.0,3
50207,SZ,11,2,4,1,0.0,2
50207,SZ,11,2,4,2,0.5,2
50207,SZ,11,2,4,3,1.0,2
50207,SZ,11,2,4,4,1.0,2
50207,SZ,11,2,4,5,1.0,2
50207,SZ,11,2,4,6,1.0,2
50207,SZ,11,2,4,7,1.0,2
50207,SZ,11,2,4,8,1.0,2
50207,SZ,11,2,4,9,1.0,2
50207,SZ,12,5,3,1,0.4,5
50207,SZ,12,5,3,2,0.4,5
50207,SZ,12,5,3,3,0.6,5
50207,SZ,12,5,3,4,0.6,5
50207,SZ,12,5,3,5,0.6,5
50207,SZ,12,5,3,6,0.8,5
50207,SZ,12,5,3,7,1.0,5
50207,SZ,12,5,3,8,1.0,5
50207,SZ,12,5,3,9,0.8,5
50207,SZ,13,4,2,1,0.5,4
50207,SZ,13,4,2,2,1.0,4
50207,SZ,13,4,2,3,1.0,4
50207,SZ,13,4,2,4,0.5,4
50207,SZ,13,4,2,5,0.5,4
50207,SZ,13,4,2,6,1.0,4
50207,SZ,13,4,2,7,1.0,4
50207,SZ,13,4,2,8,0.75,4
50207,SZ,13,4,2,9,1.0,4
52424,SZ,1,2,1,1,0.5,2
52424,SZ,1,2,1,2,1.0,2
52424,SZ,1,2,1,3,1.0,2
52424,SZ,1,2,1,4,1.0,2
52424,SZ,1,2,1,5,1.0,2
52424,SZ,1,2,1,6,1.0,2
52424,SZ,1,2,1,7,1.0,2
52424,SZ,1,2,1,8,1.0,2
52424,SZ,1,2,1,9,1.0,2
52424,SZ,2,4,1,1,0.5,4
52424,SZ,2,4,1,2,0.25,4
52424,SZ,2,4,1,3,0.5,4
52424,SZ,2,4,1,4,0.25,4
52424,SZ,2,4,1,5,0.5,4
52424,SZ,2,4,1,6,0.5,4
52424,SZ,2,4,1,7,0.5,4
52424,SZ,2,4,1,8,0.25,4
52424,SZ,2,4,1,9,0.5,4
52424,SZ,3,5,1,1,0.2,5
52424,SZ,3,5,1,2,0.2,5
52424,SZ,3,5,1,3,0.4,5
52424,SZ,3,5,1,4,0.4,5
52424,SZ,3,5,1,5,0.4,5
52424,SZ,3,5,1,6,0.2,5
52424,SZ,3,5,1,7,0.6,5
52424,SZ,3,5,1,8,0.4,5
52424,SZ,3,5,1,9,0.75,4
52424,SZ,4,3,1,1,0.3333333333333333,3
52424,SZ,4,3,1,2,0.5,2
52424,SZ,4,3,1,3,0.6666666666666666,3
52424,SZ,4,3,1,4,1.0,3
52424,SZ,4,3,1,5,0.3333333333333333,3
52424,SZ,4,3,1,6,0.3333333333333333,3
52424,SZ,4,3,1,7,1.0,3
52424,SZ,4,3,1,8,0.3333333333333333,3
52424,SZ,4,3,1,9,0.0,3
52424,SZ,5,2,2,1,0.5,2
52424,SZ,5,2,2,2,0.0,2
52424,SZ,5,2,2,3,0.5,2
52424,SZ,5,2,2,4,1.0,2
52424,SZ,5,2,2,5,0.5,2
52424,SZ,5,2,2,6,0.5,2
52424,SZ,5,2,2,7,1.0,2
52424,SZ,5,2,2,8,1.0,2
52424,SZ,5,2,2,9,1.0,2
52424,SZ,6,2,3,1,0.5,2
52424,SZ,6,2,3,2,0.5,2
52424,SZ,6,2,3,3,1.0,2
52424,SZ,6,2,3,4,0.5,2
52424,SZ,6,2,3,5,1.0,2
52424,SZ,6,2,3,6,1.0,2
52424,SZ,6,2,3,7,1.0,2
52424,SZ,6,2,3,8,0.5,2
52424,SZ,6,2,3,9,1.0,2
52424,SZ,7,6,1,1,0.16666666666666666,6
52424,SZ,7,6,1,2,0.2,5
52424,SZ,7,6,1,3,0.6,5
52424,SZ,7,6,1,4,0.2,5
52424,SZ,7,6,1,5,0.16666666666666666,6
52424,SZ,7,6,1,6,0.4,5
52424,SZ,7,6,1,7,0.4,5
52424,SZ,7,6,1,8,0.4,5
52424,SZ,7,6,1,9,0.5,6
52424,SZ,8,6,2,1,0.3333333333333333,6
52424,SZ,8,6,2,2,0.3333333333333333,6
52424,SZ,8,6,2,3,0.3333333333333333,6
52424,SZ,8,6,2,4,0.2,5
52424,SZ,8,6,2,5,0.3333333333333333,6
52424,SZ,8,6,2,6,0.3333333333333333,6
52424,SZ,8,6,2,7,0.5,6
52424,SZ,8,6,2,8,0.5,4
52424,SZ,8,6,2,9,0.5,6
52424,SZ,9,5,2,1,0.2,5
52424,SZ,9,5,2,2,0.5,4
52424,SZ,9,5,2,3,0.0,2
52424,SZ,9,5,2,4,0.25,4
52424,SZ,9,5,2,5,0.5,4
52424,SZ,9,5,2,6,0.4,5
52424,SZ,9,5,2,7,0.6,5
52424,SZ,9,5,2,8,0.8,5
52424,SZ,9,5,2,9,0.6,5
52424,SZ,10,2,4,1,0.0,2
52424,SZ,10,2,4,2,0.0,2
52424,SZ,10,2,4,3,1.0,2
52424,SZ,10,2,4,4,1.0,2
52424,SZ,10,2,4,5,1.0,1
52424,SZ,10,2,4,6,1.0,2
52424,SZ,10,2,4,7,1.0,2
52424,SZ,10,2,4,8,1.0,2
52424,SZ,10,2,4,9,1.0,2
52424,SZ,11,4,2,1,0.6666666666666666,3
52424,SZ,11,4,2,2,0.75,4
52424,SZ,11,4,2,3,0.75,4
52424,SZ,11,4,2,4,0.25,4
52424,SZ,11,4,2,5,0.5,4
52424,SZ,11,4,2,6,0.75,4
52424,SZ,11,4,2,7,1.0,3
52424,SZ,11,4,2,8,0.0,3
52424,SZ,11,4,2,9,0.6666666666666666,3
52424,SZ,12,5,3,1,0.25,4
52424,SZ,12,5,3,2,0.2,5
52424,SZ,12,5,3,3,0.6,5
52424,SZ,12,5,3,4,0.25,4
52424,SZ,12,5,3,5,0.5,4
52424,SZ,12,5,3,6,0.75,4
52424,SZ,12,5,3,7,0.6,5
52424,SZ,12,5,3,8,0.8,5
52424,SZ,12,5,3,9,0.25,4
52424,SZ,13,3,2,1,1.0,3
52424,SZ,13,3,2,2,0.3333333333333333,3
52424,SZ,13,3,2,3,0.6666666666666666,3
52424,SZ,13,3,2,4,1.0,3
52424,SZ,13,3,2,5,0.6666666666666666,3
52424,SZ,13,3,2,6,0.6666666666666666,3
52424,SZ,13,3,2,7,0.6666666666666666,3
52424,SZ,13,3,2,8,0.6666666666666666,3
52424,SZ,13,3,2,9,0.3333333333333333,3
56507,SZ,1,3,1,1,0.6666666666666666,3
56507,SZ,1,3,1,2,0.3333333333333333,3
56507,SZ,1,3,1,3,0.6666666666666666,3
56507,SZ,1,3,1,4,1.0,3
56507,SZ,1,3,1,5,1.0,3
56507,SZ,1,3,1,6,1.0,3
56507,SZ,1,3,1,7,1.0,3
56507,SZ,1,3,1,8,1.0,3
56507,SZ,1,3,1,9,1.0,3
56507,SZ,2,2,1,1,0.5,2
56507,SZ,2,2,1,2,1.0,2
56507,SZ,2,2,1,3,1.0,2
56507,SZ,2,2,1,4,1.0,2
56507,SZ,2,2,1,5,1.0,2
56507,SZ,2,2,1,6,1.0,2
56507,SZ,2,2,1,7,1.0,2
56507,SZ,2,2,1,8,1.0,2
56507,SZ,2,2,1,9,1.0,2
56507,SZ,3,2,2,1,0.0,2
56507,SZ,3,2,2,2,1.0,2
56507,SZ,3,2,2,3,1.0,2
56507,SZ,3,2,2,4,1.0,2
56507,SZ,3,2,2,5,1.0,2
56507,SZ,3,2,2,6,0.5,2
56507,SZ,3,2,2,7,1.0,2
56507,SZ,3,2,2,8,1.0,2
56507,SZ,3,2,2,9,1.0,2
56507,SZ,4,2,3,1,0.0,2
56507,SZ,4,2,3,2,0.0,2
56507,SZ,4,2,3,3,0.0,1
56507,SZ,4,2,3,4,0.5,2
56507,SZ,4,2,3,5,0.5,2
56507,SZ,4,2,3,6,1.0,2
56507,SZ,4,2,3,7,1.0,2
56507,SZ,4,2,3,8,1.0,2
56507,SZ,4,2,3,9,1.0,2
56507,SZ,5,6,1,1,0.3333333333333333,6
56507,SZ,5,6,1,2,0.6666666666666666,6
56507,SZ,5,6,1,3,0.4,5
56507,SZ,5,6,1,4,0.5,6
56507,SZ,5,6,1,5,0.8333333333333334,6
56507,SZ,5,6,1,6,0.6666666666666666,6
56507,SZ,5,6,1,7,1.0,6
56507,SZ,5,6,1,8,0.8333333333333334,6
56507,SZ,5,6,1,9,1.0,6
56507,SZ,6,4,1,1,0.0,3
56507,SZ,6,4,1,2,0.5,4
56507,SZ,6,4,1,3,0.3333333333333333,3
56507,SZ,6,4,1,4,0.25,4
56507,SZ,6,4,1,5,0.5,4
56507,SZ,6,4,1,6,0.5,4
56507,SZ,6,4,1,7,1.0,4
56507,SZ,6,4,1,8,1.0,4
56507,SZ,6,4,1,9,0.6666666666666666,3
56507,SZ,7,5,1,1,0.2,5
56507,SZ,7,5,1,2,0.4,5
56507,SZ,7,5,1,3,0.8,5
56507,SZ,7,5,1,4,0.8,5
56507,SZ,7,5,1,5,0.8,5
56507,SZ,7,5,1,6,1.0,5
56507,SZ,7,5,1,7,0.8,5
56507,SZ,7,5,1,8,1.0,5
56507,SZ,7,5,1,9,1.0,5
56507,SZ,8,6,2,1,0.16666666666666666,6
56507,SZ,8,6,2,2,0.16666666666666666,6
56507,SZ,8,6,2,3,0.5,6
56507,SZ,8,6,2,4,0.16666666666666666,6
56507,SZ,8,6,2,5,0.3333333333333333,6
56507,SZ,8,6,2,6,0.3333333333333333,6
56507,SZ,8,6,2,7,0.3333333333333333,6
56507,SZ,8,6,2,8,0.5,6
56507,SZ,8,6,2,9,0.5,6
56507,SZ,9,5,2,1,0.2,5
56507,SZ,9,5,2,2,0.6,5
56507,SZ,9,5,2,3,0.4,5
56507,SZ,9,5,2,4,0.6,5
56507,SZ,9,5,2,5,0.8,5
56507,SZ,9,5,2,6,0.6,5
56507,SZ,9,5,2,7,1.0,5
56507,SZ,9,5,2,8,0.8,5
56507,SZ,9,5,2,9,1.0,5
56507,SZ,10,3,2,1,0.6666666666666666,3
56507,SZ,10,3,2,2,0.6666666666666666,3
56507,SZ,10,3,2,3,0.6666666666666666,3
56507,SZ,10,3,2,4,0.6666666666666666,3
56507,SZ,10,3,2,5,0.3333333333333333,3
56507,SZ,10,3,2,6,1.0,3
56507,SZ,10,3,2,7,1.0,3
56507,SZ,10,3,2,8,1.0,3
56507,SZ,10,3,2,9,1.0,3
56507,SZ,11,2,4,1,0.5,2
56507,SZ,11,2,4,2,0.5,2
56507,SZ,11,2,4,3,0.5,2
56507,SZ,11,2,4,4,1.0,2
56507,SZ,11,2,4,5,1.0,2
56507,SZ,11,2,4,6,1.0,2
56507,SZ,11,2,4,7,1.0,2
56507,SZ,11,2,4,8,1.0,2
56507,SZ,11,2,4,9,1.0,2
56507,SZ,12,4,2,1,0.5,4
56507,SZ,12,4,2,2,0.5,4
56507,SZ,12,4,2,3,1.0,4
56507,SZ,12,4,2,4,0.5,4
56507,SZ,12,4,2,5,0.75,4
56507,SZ,12,4,2,6,0.75,4
56507,SZ,12,4,2,7,0.5,4
56507,SZ,12,4,2,8,1.0,4
56507,SZ,12,4,2,9,0.75,4
56507,SZ,13,5,3,1,0.6,5
56507,SZ,13,5,3,2,0.8,5
56507,SZ,13,5,3,3,0.8,5
56507,SZ,13,5,3,4,0.8,5
56507,SZ,13,5,3,5,1.0,5
56507,SZ,13,5,3,6,1.0,5
56507,SZ,13,5,3,7,1.0,5
56507,SZ,13,5,3,8,1.0,5
56507,SZ,13,5,3,9,1.0,5
56970,SZ,1,2,1,1,0.0,2
56970,SZ,1,2,1,2,0.5,2
56970,SZ,1,2,1,3,1.0,2
56970,SZ,1,2,1,4,1.0,2
56970,SZ,1,2,1,5,1.0,2
56970,SZ,1,2,1,6,1.0,2
56970,SZ,1,2,1,7,1.0,2
56970,SZ,1,2,1,8,1.0,2
56970,SZ,1,2,1,9,1.0,2
56970,SZ,2,6,1,1,0.4,5
56970,SZ,2,6,1,2,0.4,5
56970,SZ,2,6,1,3,0.6666666666666666,6
56970,SZ,2,6,1,4,0.6666666666666666,6
56970,SZ,2,6,1,5,0.5,6
56970,SZ,2,6,1,6,0.5,6
56970,SZ,2,6,1,7,0.6666666666666666,6
56970,SZ,2,6,1,8,0.5,6
56970,SZ,2,6,1,9,0.5,6
56970,SZ,3,3,1,1,0.6666666666666666,3
56970,SZ,3,3,1,2,0.6666666666666666,3
56970,SZ,3,3,1,3,0.6666666666666666,3
56970,SZ,3,3,1,4,0.6666666666666666,3
56970,SZ,3,3,1,5,1.0,3
56970,SZ,3,3,1,6,1.0,3
56970,SZ,3,3,1,7,0.6666666666666666,3
56970,SZ,3,3,1,8,1.0,3
56970,SZ,3,3,1,9,1.0,3
56970,SZ,4,2,2,1,0.5,2
56970,SZ,4,2,2,2,1.0,2
56970,SZ,4,2,2,3,1.0,2
56970,SZ,4,2,2,4,1.0,2
56970,SZ,4,2,2,5,1.0,2
56970,SZ,4,2,2,6,1.0,2
56970,SZ,4,2,2,7,1.0,2
56970,SZ,4,2,2,8,1.0,2
56970,SZ,4,2,2,9,1.0,2
56970,SZ,5,4,1,1,0.0,4
56970,SZ,5,4,1,2,0.5,4
56970,SZ,5,4,1,3,0.75,4
56970,SZ,5,4,1,4,0.5,4
56970,SZ,5,4,1,5,0.75,4
56970,SZ,5,4,1,6,0.75,4
56970,SZ,5,4,1,7,0.75,4
56970,SZ,5,4,1,8,0.75,4
56970,SZ,5,4,1,9,0.75,4
56970,SZ,6,5,1,1,0.6,5
56970,SZ,6,5,1,2,0.4,5
56970,SZ,6,5,1,3,0.4,5
56970,SZ,6,5,1,4,0.6,5
56970,SZ,6,5,1,5,0.6,5
56970,SZ,6,5,1,6,0.8,5
56970,SZ,6,5,1,7,1.0,5
56970,SZ,6,5,1,8,0.8,5
56970,SZ,6,5,1,9,0.8,5
56970,SZ,7,2,3,1,0.0,2
56970,SZ,7,2,3,2,1.0,2
56970,SZ,7,2,3,3,1.0,2
56970,SZ,7,2,3,4,1.0,2
56970,SZ,7,2,3,5,1.0,2
56970,SZ,7,2,3,6,1.0,2
56970,SZ,7,2,3,7,1.0,2
56970,SZ,7,2,3,8,1.0,2
56970,SZ,7,2,3,9,1.0,2
56970,SZ,8,6,2,1,0.2,5
56970,SZ,8,6,2,2,0.2,5
56970,SZ,8,6,2,3,0.5,6
56970,SZ,8,6,2,4,0.5,6
56970,SZ,8,6,2,5,0.3333333333333333,6
56970,SZ,8,6,2,6,0.8333333333333334,6
56970,SZ,8,6,2,7,0.6666666666666666,6
56970,SZ,8,6,2,8,0.8333333333333334,6
56970,SZ,8,6,2,9,1.0,6
56970,SZ,9,5,2,1,0.6,5
56970,SZ,9,5,2,2,0.6,5
56970,SZ,9,5,2,3,0.6,5
56970,SZ,9,5,2,4,0.8,5
56970,SZ,9,5,2,5,0.8,5
56970,SZ,9,5,2,6,0.8,5
56970,SZ,9,5,2,7,0.8,5
56970,SZ,9,5,2,8,0.8,5
56970,SZ,9,5,2,9,1.0,5
56970,SZ,10,2,4,1,0.5,2
56970,SZ,10,2,4,2,0.5,2
56970,SZ,10,2,4,3,1.0,2
56970,SZ,10,2,4,4,1.0,2
56970,SZ,10,2,4,5,1.0,2
56970,SZ,10,2,4,6,1.0,2
56970,SZ,10,2,4,7,1.0,2
56970,SZ,10,2,4,8,1.0,2
56970,SZ,10,2,4,9,1.0,2
56970,SZ,11,3,2,1,0.3333333333333333,3
56970,SZ,11,3,2,2,0.3333333333333333,3
56970,SZ,11,3,2,3,0.3333333333333333,3
56970,SZ,11,3,2,4,0.6666666666666666,3
56970,SZ,11,3,2,5,1.0,3
56970,SZ,11,3,2,6,0.6666666666666666,3
56970,SZ,11,3,2,7,1.0,3
56970,SZ,11,3,2,8,1.0,3
56970,SZ,11,3,2,9,1.0,3
56970,SZ,12,4,2,1,0.5,4
56970,SZ,12,4,2,2,0.5,4
56970,SZ,12,4,2,3,0.75,4
56970,SZ,12,4,2,4,0.75,4
56970,SZ,12,4,2,5,1.0,4
56970,SZ,12,4,2,6,1.0,3
56970,SZ,12,4,2,7,0.75,4
56970,SZ,12,4,2,8,0.75,4
56970,SZ,12,4,2,9,0.75,4
56970,SZ,13,5,3,1,0.2,5
56970,SZ,13,5,3,2,0.4,5
56970,SZ,13,5,3,3,0.4,5
56970,SZ,13,5,3,4,0.8,5
56970,SZ,13,5,3,5,1.0,5
56970,SZ,13,5,3,6,0.8,5
56970,SZ,13,5,3,7,1.0,4
56970,SZ,13,5,3,8,0.8,5
56970,SZ,13,5,3,9,1.0,5
57060,SZ,1,3,1,1,0.0,3
57060,SZ,1,3,1,2,0.0,3
57060,SZ,1,3,1,3,0.3333333333333333,3
57060,SZ,1,3,1,4,0.3333333333333333,3
57060,SZ,1,3,1,5,0.6666666666666666,3
57060,SZ,1,3,1,6,0.3333333333333333,3
57060,SZ,1,3,1,7,0.6666666666666666,3
57060,SZ,1,3,1,8,0.6666666666666666,3
57060,SZ,1,3,1,9,0.6666666666666666,3
57060,SZ,2,4,1,1,0.0,4
57060,SZ,2,4,1,2,0.75,4
57060,SZ,2,4,1,3,0.5,4
57060,SZ,2,4,1,4,1.0,4
57060,SZ,2,4,1,5,0.75,4
57060,SZ,2,4,1,6,0.75,4
57060,SZ,2,4,1,7,1.0,4
57060,SZ,2,4,1,8,0.5,4
57060,SZ,2,4,1,9,1.0,4
57060,SZ,3,2,1,1,1.0,2
57060,SZ,3,2,1,2,1.0,2
57060,SZ,3,2,1,3,1.0,2
57060,SZ,3,2,1,4,0.5,2
57060,SZ,3,2,1,5,1.0,2
57060,SZ,3,2,1,6,1.0,2
57060,SZ,3,2,1,7,1.0,2
57060,SZ,3,2,1,8,1.0,2
57060,SZ,3,2,1,9,1.0,2
57060,SZ,4,2,2,1,1.0,2
57060,SZ,4,2,2,2,1.0,2
57060,SZ,4,2,2,3,1.0,2
57060,SZ,4,2,2,4,1.0,2
57060,SZ,4,2,2,5,1.0,2
57060,SZ,4,2,2,6,1.0,2
57060,SZ,4,2,2,7,1.0,2
57060,SZ,4,2,2,8,1.0,2
57060,SZ,4,2,2,9,1.0,2
57060,SZ,5,2,3,1,0.0,2
57060,SZ,5,2,3,2,0.5,2
57060,SZ,5,2,3,3,0.5,2
57060,SZ,5,2,3,4,0.5,2
57060,SZ,5,2,3,5,1.0,2
57060,SZ,5,2,3,6,1.0,2
57060,SZ,5,2,3,7,1.0,2
57060,SZ,5,2,3,8,1.0,2
57060,SZ,5,2,3,9,1.0,2
57060,SZ,6,5,1,1,0.2,5
57060,SZ,6,5,1,2,0.4,5
57060,SZ,6,5,1,3,0.8,5
57060,SZ,6,5,1,4,0.6,5
57060,SZ,6,5,1,5,0.4,5
57060,SZ,6,5,1,6,0.8,5
57060,SZ,6,5,1,7,1.0,5
57060,SZ,6,5,1,8,1.0,5
57060,SZ,6,5,1,9,1.0,5
57060,SZ,7,6,1,1,0.16666666666666666,6
57060,SZ,7,6,1,2,0.6666666666666666,6
57060,SZ,7,6,1,3,0.5,6
57060,SZ,7,6,1,4,1.0,6
57060,SZ,7,6,1,5,0.8333333333333334,6
57060,SZ,7,6,1,6,0.6666666666666666,6
57060,SZ,7,6,1,7,0.8333333333333334,6
57060,SZ,7,6,1,8,0.8333333333333334,6
57060,SZ,7,6,1,9,1.0,6
57060,SZ,8,6,2,1,0.3333333333333333,6
57060,SZ,8,6,2,2,0.3333333333333333,6
57060,SZ,8,6,2,3,0.3333333333333333,6
57060,SZ,8,6,2,4,0.8333333333333334,6
57060,SZ,8,6,2,5,0.3333333333333333,6
57060,SZ,8,6,2,6,0.6666666666666666,6
57060,SZ,8,6,2,7,0.5,6
57060,SZ,8,6,2,8,0.6666666666666666,6
57060,SZ,8,6,2,9,0.6666666666666666,6
57060,SZ,9,5,2,1,0.2,5
57060,SZ,9,5,2,2,0.2,5
57060,SZ,9,5,2,3,0.6,5
57060,SZ,9,5,2,4,0.4,5
57060,SZ,9,5,2,5,0.6,5
57060,SZ,9,5,2,6,0.6,5
57060,SZ,9,5,2,7,0.6,5
57060,SZ,9,5,2,8,0.6,5
57060,SZ,9,5,2,9,1.0,5
57060,SZ,10,3,2,1,0.3333333333333333,3
57060,SZ,10,3,2,2,0.6666666666666666,3
57060,SZ,10,3,2,3,0.3333333333333333,3
57060,SZ,10,3,2,4,0.0,3
57060,SZ,10,3,2,5,0.0,3
57060,SZ,10,3,2,6,0.0,3
57060,SZ,10,3,2,7,0.0,3
57060,SZ,10,3,2,8,0.0,3
57060,SZ,10,3,2,9,0.0,3
57060,SZ,11,4,2,1,1.0,4
57060,SZ,11,4,2,2,1.0,4
57060,SZ,11,4,2,3,0.75,4
57060,SZ,11,4,2,4,0.75,4
57060,SZ,11,4,2,5,1.0,4
57060,SZ,11,4,2,6,1.0,4
57060,SZ,11,4,2,7,1.0,4
57060,SZ,11,4,2,8,1.0,4
57060,SZ,11,4,2,9,1.0,4
57060,SZ,12,2,4,1,0.0,2
57060,SZ,12,2,4,2,0.5,2
57060,SZ,12,2,4,3,1.0,2
57060,SZ,12,2,4,4,1.0,2
57060,SZ,12,2,4,5,1.0,2
57060,SZ,12,2,4,6,1.0,2
57060,SZ,12,2,4,7,1.0,2
57060,SZ,12,2,4,8,1.0,2
57060,SZ,12,2,4,9,1.0,2
57060,SZ,13,5,3,1,0.6,5
57060,SZ,13,5,3,2,0.6,5
57060,SZ,13,5,3,3,0.4,5
57060,SZ,13,5,3,4,0.8,5
57060,SZ,13,5,3,5,0.4,5
57060,SZ,13,5,3,6,0.6,5
57060,SZ,13,5,3,7,0.8,5
57060,SZ,13,5,3,8,0.8,5
57060,SZ,13,5,3,9,1.0,5
57385,SZ,1,3,1,1,0.3333333333333333,3
57385,SZ,1,3,1,2,0.3333333333333333,3
57385,SZ,1,3,1,3,0.6666666666666666,3
57385,SZ,1,3,1,4,0.3333333333333333,3
57385,SZ,1,3,1,5,0.6666666666666666,3
57385,SZ,1,3,1,6,1.0,3
57385,SZ,1,3,1,7,1.0,3
57385,SZ,1,3,1,8,1.0,3
57385,SZ,1,3,1,9,1.0,3
57385,SZ,2,2,1,1,0.0,2
57385,SZ,2,2,1,2,0.5,2
57385,SZ,2,2,1,3,1.0,2
57385,SZ,2,2,1,4,1.0,2
57385,SZ,2,2,1,5,1.0,2
57385,SZ,2,2,1,6,1.0,2
57385,SZ,2,2,1,7,1.0,2
57385,SZ,2,2,1,8,1.0,2
57385,SZ,2,2,1,9,1.0,2
57385,SZ,3,5,1,1,0.0,5
57385,SZ,3,5,1,2,0.4,5
57385,SZ,3,5,1,3,0.8,5
57385,SZ,3,5,1,4,0.8,5
57385,SZ,3,5,1,5,1.0,5
57385,SZ,3,5,1,6,1.0,5
57385,SZ,3,5,1,7,1.0,5
57385,SZ,3,5,1,8,1.0,5
57385,SZ,3,5,1,9,1.0,5
57385,SZ,4,2,2,1,0.5,2
57385,SZ,4,2,2,2,1.0,2
57385,SZ,4,2,2,3,1.0,2
57385,SZ,4,2,2,4,1.0,2
57385,SZ,4,2,2,5,1.0,2
57385,SZ,4,2,2,6,1.0,2
57385,SZ,4,2,2,7,1.0,2
57385,SZ,4,2,2,8,1.0,2
57385,SZ,4,2,2,9,1.0,2
57385,SZ,5,4,1,1,0.5,4
57385,SZ,5,4,1,2,1.0,4
57385,SZ,5,4,1,3,1.0,4
57385,SZ,5,4,1,4,1.0,4
57385,SZ,5,4,1,5,1.0,4
57385,SZ,5,4,1,6,1.0,4
57385,SZ,5,4,1,7,1.0,4
57385,SZ,5,4,1,8,1.0,4
57385,SZ,5,4,1,9,1.0,4
57385,SZ,6,2,3,1,0.5,2
57385,SZ,6,2,3,2,1.0,2
57385,SZ,6,2,3,3,1.0,2
57385,SZ,6,2,3,4,1.0,2
57385,SZ,6,2,3,5,1.0,2
57385,SZ,6,2,3,6,1.0,2
57385,SZ,6,2,3,7,1.0,2
57385,SZ,6,2,3,8,1.0,2
57385,SZ,6,2,3,9,1.0,2
57385,SZ,7,6,1,1,0.16666666666666666,6
57385,SZ,7,6,1,2,0.3333333333333333,6
57385,SZ,7,6,1,3,0.6666666666666666,6
57385,SZ,7,6,1,4,0.6666666666666666,6
57385,SZ,7,6,1,5,0.5,6
57385,SZ,7,6,1,6,0.8333333333333334,6
57385,SZ,7,6,1,7,0.6666666666666666,6
57385,SZ,7,6,1,8,0.8333333333333334,6
57385,SZ,7,6,1,9,0.8333333333333334,6
57385,SZ,8,5,2,1,0.2,5
57385,SZ,8,5,2,2,0.8,5
57385,SZ,8,5,2,3,1.0,5
57385,SZ,8,5,2,4,1.0,5
57385,SZ,8,5,2,5,1.0,5
57385,SZ,8,5,2,6,1.0,5
57385,SZ,8,5,2,7,1.0,5
57385,SZ,8,5,2,8,1.0,5
57385,SZ,8,5,2,9,1.0,5
57385,SZ,9,6,2,1,0.16666666666666666,6
57385,SZ,9,6,2,2,0.16666666666666666,6
57385,SZ,9,6,2,3,0.5,6
57385,SZ,9,6,2,4,0.5,6
57385,SZ,9,6,2,5,0.5,6
57385,SZ,9,6,2,6,0.6666666666666666,6
57385,SZ,9,6,2,7,0.5,6
57385,SZ,9,6,2,8,0.5,6
57385,SZ,9,6,2,9,0.8333333333333334,6
57385,SZ,10,3,2,1,0.3333333333333333,3
57385,SZ,10,3,2,2,0.6666666666666666,3
57385,SZ,10,3,2,3,1.0,3
57385,SZ,10,3,2,4,0.6666666666666666,3
57385,SZ,10,3,2,5,1.0,3
57385,SZ,10,3,2,6,1.0,3
57385,SZ,10,3,2,7,1.0,3
57385,SZ,10,3,2,8,1.0,3
57385,SZ,10,3,2,9,1.0,3
57385,SZ,11,2,4,1,0.0,2
57385,SZ,11,2,4,2,0.5,2
57385,SZ,11,2,4,3,1.0,2
57385,SZ,11,2,4,4,1.0,2
57385,SZ,11,2,4,5,1.0,2
57385,SZ,11,2,4,6,0.5,2
57385,SZ,11,2,4,7,1.0,2
57385,SZ,11,2,4,8,1.0,2
57385,SZ,11,2,4,9,1.0,2
57385,SZ,12,5,3,1,0.4,5
57385,SZ,12,5,3,2,0.8,5
57385,SZ,12,5,3,3,1.0,5
57385,SZ,12,5,3,4,1.0,5
57385,SZ,12,5,3,5,1.0,5
57385,SZ,12,5,3,6,1.0,5
57385,SZ,12,5,3,7,1.0,5
57385,SZ,12,5,3,8,1.0,5
57385,SZ,12,5,3,9,1.0,5
57385,SZ,13,4,2,1,0.5,4
57385,SZ,13,4,2,2,0.5,4
57385,SZ,13,4,2,3,0.25,4
57385,SZ,13,4,2,4,0.5,4
57385,SZ,13,4,2,5,0.5,4
57385,SZ,13,4,2,6,1.0,4
57385,SZ,13,4,2,7,1.0,4
57385,SZ,13,4,2,8,1.0,4
57385,SZ,13,4,2,9,1.0,4
58296,HC,1,3,1,1,1.0,3
58296,HC,1,3,1,2,1.0,3
58296,HC,1,3,1,3,1.0,3
58296,HC,1,3,1,4,1.0,3
58296,HC,1,3,1,5,1.0,3
58296,HC,1,3,1,6,1.0,3
58296,HC,1,3,1,7,1.0,3
58296,HC,1,3,1,8,1.0,3
58296,HC,1,3,1,9,0.6666666666666666,3
58296,HC,2,2,1,1,0.5,2
58296,HC,2,2,1,2,1.0,2
58296,HC,2,2,1,3,1.0,2
58296,HC,2,2,1,4,1.0,2
58296,HC,2,2,1,5,1.0,2
58296,HC,2,2,1,6,1.0,2
58296,HC,2,2,1,7,1.0,2
58296,HC,2,2,1,8,1.0,2
58296,HC,2,2,1,9,1.0,2
58296,HC,3,2,2,1,0.0,2
58296,HC,3,2,2,2,1.0,2
58296,HC,3,2,2,3,1.0,2
58296,HC,3,2,2,4,1.0,2
58296,HC,3,2,2,5,1.0,2
58296,HC,3,2,2,6,1.0,2
58296,HC,3,2,2,7,1.0,2
58296,HC,3,2,2,8,1.0,2
58296,HC,3,2,2,9,1.0,2
58296,HC,4,2,3,1,0.5,2
58296,HC,4,2,3,2,1.0,2
58296,HC,4,2,3,3,1.0,2
58296,HC,4,2,3,4,1.0,2
58296,HC,4,2,3,5,1.0,2
58296,HC,4,2,3,6,1.0,2
58296,HC,4,2,3,7,0.5,2
58296,HC,4,2,3,8,1.0,2
58296,HC,4,2,3,9,1.0,2
58296,HC,5,6,1,1,1.0,6
58296,HC,5,6,1,2,1.0,6
58296,HC,5,6,1,3,0.6666666666666666,6
58296,HC,5,6,1,4,0.8333333333333334,6
58296,HC,5,6,1,5,0.8333333333333334,6
58296,HC,5,6,1,6,1.0,6
58296,HC,5,6,1,7,1.0,6
58296,HC,5,6,1,8,0.8333333333333334,6
58296,HC,5,6,1,9,0.8333333333333334,6
58296,HC,6,4,1,1,0.25,4
58296,HC,6,4,1,2,0.25,4
58296,HC,6,4,1,3,0.5,4
58296,HC,6,4,1,4,0.75,4
58296,HC,6,4,1,5,1.0,4
58296,HC,6,4,1,6,1.0,4
58296,HC,6,4,1,7,0.75,4
58296,HC,6,4,1,8,1.0,4
58296,HC,6,4,1,9,1.0,4
58296,HC,7,5,1,1,0.2,5
58296,HC,7,5,1,2,0.8,5
58296,HC,7,5,1,3,0.8,5
58296,HC,7,5,1,4,0.8,5
58296,HC,7,5,1,5,0.8,5
58296,HC,7,5,1,6,0.8,5
58296,HC,7,5,1,7,0.8,5
58296,HC,7,5,1,8,0.6,5
58296,HC,7,5,1,9,0.8,5
58296,HC,8,6,2,1,0.6666666666666666,6
58296,HC,8,6,2,2,0.6666666666666666,6
58296,HC,8,6,2,3,0.8333333333333334,6
58296,HC,8,6,2,4,1.0,6
58296,HC,8,6,2,5,0.8333333333333334,6
58296,HC,8,6,2,6,1.0,6
58296,HC,8,6,2,7,1.0,6
58296,HC,8,6,2,8,0.8333333333333334,6
58296,HC,8,6,2,9,1.0,6
58296,HC,9,5,2,1,0.2,5
58296,HC,9,5,2,2,0.4,5
58296,HC,9,5,2,3,0.4,5
58296,HC,9,5,2,4,0.8,5
58296,HC,9,5,2,5,0.8,5
58296,HC,9,5,2,6,0.4,5
58296,HC,9,5,2,7,1.0,5
58296,HC,9,5,2,8,0.8,5
58296,HC,9,5,2,9,1.0,5
58296,HC,10,3,2,1,0.6666666666666666,3
58296,HC,10,3,2,2,1.0,3
58296,HC,10,3,2,3,1.0,3
58296,HC,10,3,2,4,1.0,3
58296,HC,10,3,2,5,1.0,3
58296,HC,10,3,2,6,1.0,3
58296,HC,10,3,2,7,1.0,3
58296,HC,10,3,2,8,1.0,3
58296,HC,10,3,2,9,1.0,3
58296,HC,11,2,4,1,0.5,2
58296,HC,11,2,4,2,0.0,2
58296,HC,11,2,4,3,0.5,2
58296,HC,11,2,4,4,0.5,2
58296,HC,11,2,4,5,1.0,2
58296,HC,11,2,4,6,1.0,2
58296,HC,11,2,4,7,1.0,2
58296,HC,11,2,4,8,1.0,2
58296,HC,11,2,4,9,1.0,2
58296,HC,12,4,2,1,0.25,4
58296,HC,12,4,2,2,0.5,4
58296,HC,12,4,2,3,0.25,4
58296,HC,12,4,2,4,0.25,4
58296,HC,12,4,2,5,0.75,4
58296,HC,12,4,2,6,1.0,4
58296,HC,12,4,2,7,0.25,4
58296,HC,12,4,2,8,0.5,4
58296,HC,12,4,2,9,0.75,4
58296,HC,13,5,3,1,0.0,5
58296,HC,13,5,3,2,0.8,5
58296,HC,13,5,3,3,0.8,5
58296,HC,13,5,3,4,0.6,5
58296,HC,13,5,3,5,0.6,5
58296,HC,13,5,3,6,0.8,5
58296,HC,13,5,3,7,0.8,5
58296,HC,13,5,3,8,1.0,5
58296,HC,13,5,3,9,0.8,5
58803,SZ,1,4,1,1,0.5,4
58803,SZ,1,4,1,2,1.0,4
58803,SZ,1,4,1,3,0.5,4
58803,SZ,1,4,1,4,0.0,4
58803,SZ,1,4,1,5,0.5,4
58803,SZ,1,4,1,6,0.25,4
58803,SZ,1,4,1,7,0.25,4
58803,SZ,1,4,1,8,1.0,4
58803,SZ,1,4,1,9,1.0,4
58803,SZ,2,3,1,1,0.3333333333333333,3
58803,SZ,2,3,1,2,0.6666666666666666,3
58803,SZ,2,3,1,3,1.0,3
58803,SZ,2,3,1,4,0.6666666666666666,3
58803,SZ,2,3,1,5,1.0,3
58803,SZ,2,3,1,6,1.0,3
58803,SZ,2,3,1,7,1.0,3
58803,SZ,2,3,1,8,1.0,3
58803,SZ,2,3,1,9,1.0,3
58803,SZ,3,2,1,1,1.0,2
58803,SZ,3,2,1,2,1.0,2
58803,SZ,3,2,1,3,0.0,2
58803,SZ,3,2,1,4,1.0,2
58803,SZ,3,2,1,5,0.0,2
58803,SZ,3,2,1,6,1.0,2
58803,SZ,3,2,1,7,1.0,2
58803,SZ,3,2,1,8,1.0,2
58803,SZ,3,2,1,9,0.5,2
58803,SZ,4,5,1,1,0.6,5
58803,SZ,4,5,1,2,0.4,5
58803,SZ,4,5,1,3,0.8,5
58803,SZ,4,5,1,4,0.8,5
58803,SZ,4,5,1,5,0.8,5
58803,SZ,4,5,1,6,1.0,5
58803,SZ,4,5,1,7,1.0,5
58803,SZ,4,5,1,8,1.0,5
58803,SZ,4,5,1,9,0.8,5
58803,SZ,5,6,1,1,0.3333333333333333,6
58803,SZ,5,6,1,2,0.6666666666666666,6
58803,SZ,5,6,1,3,0.5,6
58803,SZ,5,6,1,4,0.16666666666666666,6
58803,SZ,5,6,1,5,0.6666666666666666,6
58803,SZ,5,6,1,6,0.3333333333333333,6
58803,SZ,5,6,1,7,0.3333333333333333,6
58803,SZ,5,6,1,8,0.6666666666666666,6
58803,SZ,5,6,1,9,0.6666666666666666,6
58803,SZ,6,2,2,1,0.0,2
58803,SZ,6,2,2,2,0.5,2
58803,SZ,6,2,2,3,0.0,2
58803,SZ,6,2,2,4,0.0,2
58803,SZ,6,2,2,5,0.5,2
58803,SZ,6,2,2,6,0.0,2
58803,SZ,6,2,2,7,0.5,2
58803,SZ,6,2,2,8,0.5,2
58803,SZ,6,2,2,9,0.5,2
58803,SZ,7,2,3,1,0.0,2
58803,SZ,7,2,3,2,0.0,2
58803,SZ,7,2,3,3,0.0,2
58803,SZ,7,2,3,4,0.5,2
58803,SZ,7,2,3,5,0.5,2
58803,SZ,7,2,3,6,0.5,2
58803,SZ,7,2,3,7,1.0,2
58803,SZ,7,2,3,8,1.0,2
58803,SZ,7,2,3,9,1.0,2
58803,SZ,8,5,2,1,0.2,5
58803,SZ,8,5,2,2,0.2,5
58803,SZ,8,5,2,3,0.2,5
58803,SZ,8,5,2,4,0.2,5
58803,SZ,8,5,2,5,0.2,5
58803,SZ,8,5,2,6,0.4,5
58803,SZ,8,5,2,7,0.6,5
58803,SZ,8,5,2,8,0.2,5
58803,SZ,8,5,2,9,0.4,5
58803,SZ,9,6,2,1,0.3333333333333333,6
58803,SZ,9,6,2,2,0.5,6
58803,SZ,9,6,2,3,0.3333333333333333,6
58803,SZ,9,6,2,4,0.3333333333333333,6
58803,SZ,9,6,2,5,0.5,6
58803,SZ,9,6,2,6,0.3333333333333333,6
58803,SZ,9,6,2,7,0.5,6
58803,SZ,9,6,2,8,0.8333333333333334,6
58803,SZ,9,6,2,9,0.5,6
58803,SZ,10,4,2,1,0.5,4
58803,SZ,10,4,2,2,0.75,4
58803,SZ,10,4,2,3,0.5,4
58803,SZ,10,4,2,4,0.5,4
58803,SZ,10,4,2,5,0.25,4
58803,SZ,10,4,2,6,1.0,4
58803,SZ,10,4,2,7,0.5,4
58803,SZ,10,4,2,8,0.5,4
58803,SZ,10,4,2,9,0.75,4
58803,SZ,11,3,2,1,0.3333333333333333,3
58803,SZ,11,3,2,2,0.0,3
58803,SZ,11,3,2,3,0.3333333333333333,3
58803,SZ,11,3,2,4,0.6666666666666666,3
58803,SZ,11,3,2,5,0.6666666666666666,3
58803,SZ,11,3,2,6,0.6666666666666666,3
58803,SZ,11,3,2,7,0.6666666666666666,3
58803,SZ,11,3,2,8,1.0,3
58803,SZ,11,3,2,9,1.0,3
58803,SZ,12,2,4,1,1.0,2
58803,SZ,12,2,4,2,1.0,2
58803,SZ,12,2,4,3,1.0,2
58803,SZ,12,2,4,4,1.0,2
58803,SZ,12,2,4,5,1.0,2
58803,SZ,12,2,4,6,1.0,2
58803,SZ,12,2,4,7,1.0,2
58803,SZ,12,2,4,8,1.0,2
58803,SZ,12,2,4,9,1.0,2
58803,SZ,13,5,3,1,0.75,4
58803,SZ,13,5,3,2,0.8,5
58803,SZ,13,5,3,3,0.2,5
58803,SZ,13,5,3,4,0.8,5
58803,SZ,13,5,3,5,0.6,5
58803,SZ,13,5,3,6,0.6,5
58803,SZ,13,5,3,7,0.2,5
58803,SZ,13,5,3,8,0.6,5
58803,SZ,13,5,3,9,0.6,5
59398,SZ,1,5,1,1,0.0,5
59398,SZ,1,5,1,2,0.4,5
59398,SZ,1,5,1,3,0.4,5
59398,SZ,1,5,1,4,0.6,5
59398,SZ,1,5,1,5,0.6,5
59398,SZ,1,5,1,6,0.6,5
59398,SZ,1,5,1,7,0.8,5
59398,SZ,1,5,1,8,0.8,5
59398,SZ,1,5,1,9,0.8,5
59398,SZ,2,6,1,1,0.3333333333333333,6
59398,SZ,2,6,1,2,0.5,6
59398,SZ,2,6,1,3,0.16666666666666666,6
59398,SZ,2,6,1,4,0.3333333333333333,6
59398,SZ,2,6,1,5,0.0,6
59398,SZ,2,6,1,6,0.3333333333333333,6
59398,SZ,2,6,1,7,0.5,6
59398,SZ,2,6,1,8,0.16666666666666666,6
59398,SZ,2,6,1,9,0.5,6
59398,SZ,3,2,1,1,1.0,2
59398,SZ,3,2,1,2,1.0,2
59398,SZ,3,2,1,3,1.0,2
59398,SZ,3,2,1,4,0.5,2
59398,SZ,3,2,1,5,1.0,2
59398,SZ,3,2,1,6,1.0,2
59398,SZ,3,2,1,7,1.0,2
59398,SZ,3,2,1,8,1.0,2
59398,SZ,3,2,1,9,1.0,2
59398,SZ,4,3,1,1,0.0,3
59398,SZ,4,3,1,2,0.6666666666666666,3
59398,SZ,4,3,1,3,0.6666666666666666,3
59398,SZ,4,3,1,4,1.0,3
59398,SZ,4,3,1,5,0.6666666666666666,3
59398,SZ,4,3,1,6,1.0,3
59398,SZ,4,3,1,7,1.0,3
59398,SZ,4,3,1,8,1.0,3
59398,SZ,4,3,1,9,1.0,3
59398,SZ,5,4,1,1,0.0,4
59398,SZ,5,4,1,2,0.5,4
59398,SZ,5,4,1,3,0.5,4
59398,SZ,5,4,1,4,0.75,4
59398,SZ,5,4,1,5,1.0,4
59398,SZ,5,4,1,6,1.0,4
59398,SZ,5,4,1,7,1.0,4
59398,SZ,5,4,1,8,1.0,4
59398,SZ,5,4,1,9,1.0,4
59398,SZ,6,2,2,1,0.5,2
59398,SZ,6,2,2,2,1.0,2
59398,SZ,6,2,2,3,1.0,2
59398,SZ,6,2,2,4,1.0,2
59398,SZ,6,2,2,5,1.0,2
59398,SZ,6,2,2,6,1.0,2
59398,SZ,6,2,2,7,1.0,2
59398,SZ,6,2,2,8,1.0,2
59398,SZ,6,2,2,9,1.0,2
59398,SZ,7,2,3,1,0.5,2
59398,SZ,7,2,3,2,1.0,2
59398,SZ,7,2,3,3,1.0,2
59398,SZ,7,2,3,4,1.0,2
59398,SZ,7,2,3,5,0.5,2
59398,SZ,7,2,3,6,1.0,2
59398,SZ,7,2,3,7,1.0,2
59398,SZ,7,2,3,8,1.0,2
59398,SZ,7,2,3,9,1.0,2
59398,SZ,8,5,2,1,0.2,5
59398,SZ,8,5,2,2,0.2,5
59398,SZ,8,5,2,3,0.4,5
59398,SZ,8,5,2,4,0.6,5
59398,SZ,8,5,2,5,0.6,5
59398,SZ,8,5,2,6,0.6,5
59398,SZ,8,5,2,7,0.8,5
59398,SZ,8,5,2,8,0.8,5
59398,SZ,8,5,2,9,0.8,5
59398,SZ,9,6,2,1,0.3333333333333333,6
59398,SZ,9,6,2,2,0.5,6
59398,SZ,9,6,2,3,0.6666666666666666,6
59398,SZ,9,6,2,4,0.5,6
59398,SZ,9,6,2,5,0.8333333333333334,6
59398,SZ,9,6,2,6,0.6666666666666666,6
59398,SZ,9,6,2,7,1.0,6
59398,SZ,9,6,2,8,0.8333333333333334,6
59398,SZ,9,6,2,9,1.0,6
59398,SZ,10,5,3,1,0.2,5
59398,SZ,10,5,3,2,0.0,5
59398,SZ,10,5,3,3,0.6,5
59398,SZ,10,5,3,4,0.8,5
59398,SZ,10,5,3,5,1.0,5
59398,SZ,10,5,3,6,1.0,5
59398,SZ,10,5,3,7,1.0,5
59398,SZ,10,5,3,8,1.0,5
59398,SZ,10,5,3,9,1.0,5
59398,SZ,11,2,4,1,0.0,2
59398,SZ,11,2,4,2,0.0,2
59398,SZ,11,2,4,3,0.5,2
59398,SZ,11,2,4,4,0.5,2
59398,SZ,11,2,4,5,1.0,2
59398,SZ,11,2,4,6,1.0,2
59398,SZ,11,2,4,7,1.0,2
59398,SZ,11,2,4,8,1.0,2
59398,SZ,11,2,4,9,1.0,2
59398,SZ,12,3,2,1,0.0,3
59398,SZ,12,3,2,2,0.0,3
59398,SZ,12,3,2,3,0.0,3
59398,SZ,12,3,2,4,0.0,3
59398,SZ,12,3,2,5,0.6666666666666666,3
59398,SZ,12,3,2,6,1.0,3
59398,SZ,12,3,2,7,1.0,3
59398,SZ,12,3,2,8,1.0,3
59398,SZ,12,3,2,9,1.0,3
59398,SZ,13,4,2,1,0.0,4
59398,SZ,13,4,2,2,0.5,4
59398,SZ,13,4,2,3,0.25,4
59398,SZ,13,4,2,4,0.5,4
59398,SZ,13,4,2,5,0.75,4
59398,SZ,13,4,2,6,0.75,4
59398,SZ,13,4,2,7,0.5,4
59398,SZ,13,4,2,8,1.0,4
59398,SZ,13,4,2,9,1.0,4
59422,HC,1,2,1,1,0.0,2
59422,HC,1,2,1,2,0.5,2
59422,HC,1,2,1,3,1.0,2
59422,HC,1,2,1,4,1.0,2
59422,HC,1,2,1,5,1.0,2
59422,HC,1,2,1,6,1.0,2
59422,HC,1,2,1,7,1.0,2
59422,HC,1,2,1,8,1.0,2
59422,HC,1,2,1,9,1.0,2
59422,HC,2,5,1,1,0.0,5
59422,HC,2,5,1,2,0.2,5
59422,HC,2,5,1,3,0.6,5
59422,HC,2,5,1,4,1.0,5
59422,HC,2,5,1,5,1.0,5
59422,HC,2,5,1,6,1.0,5
59422,HC,2,5,1,7,1.0,5
59422,HC,2,5,1,8,1.0,5
59422,HC,2,5,1,9,1.0,5
59422,HC,3,2,2,1,0.0,2
59422,HC,3,2,2,2,0.5,2
59422,HC,3,2,2,3,1.0,2
59422,HC,3,2,2,4,1.0,2
59422,HC,3,2,2,5,1.0,2
59422,HC,3,2,2,6,1.0,2
59422,HC,3,2,2,7,1.0,2
59422,HC,3,2,2,8,1.0,2
59422,HC,3,2,2,9,1.0,2
59422,HC,4,2,3,1,0.5,2
59422,HC,4,2,3,2,1.0,2
59422,HC,4,2,3,3,1.0,2
59422,HC,4,2,3,4,1.0,2
59422,HC,4,2,3,5,1.0,2
59422,HC,4,2,3,6,1.0,2
59422,HC,4,2,3,7,1.0,2
59422,HC,4,2,3,8,1.0,2
59422,HC,4,2,3,9,1.0,2
59422,HC,5,6,1,1,0.6666666666666666,6
59422,HC,5,6,1,2,0.6666666666666666,6
59422,HC,5,6,1,3,1.0,6
59422,HC,5,6,1,4,1.0,6
59422,HC,5,6,1,5,1.0,6
59422,HC,5,6,1,6,0.8333333333333334,6
59422,HC,5,6,1,7,1.0,6
59422,HC,5,6,1,8,1.0,6
59422,HC,5,6,1,9,1.0,6
59422,HC,6,4,1,1,0.75,4
59422,HC,6,4,1,2,0.5,4
59422,HC,6,4,1,3,0.75,4
59422,HC,6,4,1,4,0.5,4
59422,HC,6,4,1,5,1.0,4
59422,HC,6,4,1,6,0.75,4
59422,HC,6,4,1,7,1.0,4
59422,HC,6,4,1,8,1.0,4
59422,HC,6,4,1,9,1.0,4
59422,HC,7,3,1,1,0.3333333333333333,3
59422,HC,7,3,1,2,0.6666666666666666,3
59422,HC,7,3,1,3,0.6666666666666666,3
59422,HC,7,3,1,4,0.6666666666666666,3
59422,HC,7,3,1,5,1.0,3
59422,HC,7,3,1,6,1.0,3
59422,HC,7,3,1,7,1.0,3
59422,HC,7,3,1,8,1.0,3
59422,HC,7,3,1,9,1.0,3
59422,HC,8,6,2,1,0.16666666666666666,6
59422,HC,8,6,2,2,0.6666666666666666,6
59422,HC,8,6,2,3,0.6666666666666666,6
59422,HC,8,6,2,4,0.6666666666666666,6
59422,HC,8,6,2,5,0.8333333333333334,6
59422,HC,8,6,2,6,0.8333333333333334,6
59422,HC,8,6,2,7,0.8333333333333334,6
59422,HC,8,6,2,8,0.8333333333333334,6
59422,HC,8,6,2,9,1.0,6
59422,HC,9,5,2,1,0.2,5
59422,HC,9,5,2,2,0.8,5
59422,HC,9,5,2,3,1.0,5
59422,HC,9,5,2,4,1.0,5
59422,HC,9,5,2,5,1.0,5
59422,HC,9,5,2,6,1.0,5
59422,HC,9,5,2,7,1.0,5
59422,HC,9,5,2,8,1.0,5
59422,HC,9,5,2,9,1.0,5
59422,HC,10,2,4,1,1.0,2
59422,HC,10,2,4,2,1.0,2
59422,HC,10,2,4,3,1.0,2
59422,HC,10,2,4,4,1.0,2
59422,HC,10,2,4,5,1.0,2
59422,HC,10,2,4,6,1.0,2
59422,HC,10,2,4,7,1.0,2
59422,HC,10,2,4,8,1.0,2
59422,HC,10,2,4,9,1.0,2
59422,HC,11,5,3,1,0.0,5
59422,HC,11,5,3,2,0.4,5
59422,HC,11,5,3,3,1.0,5
59422,HC,11,5,3,4,0.8,5
59422,HC,11,5,3,5,1.0,5
59422,HC,11,5,3,6,1.0,5
59422,HC,11,5,3,7,1.0,5
59422,HC,11,5,3,8,1.0,5
59422,HC,11,5,3,9,1.0,5
59422,HC,12,4,2,1,0.0,4
59422,HC,12,4,2,2,0.25,4
59422,HC,12,4,2,3,0.75,4
59422,HC,12,4,2,4,0.75,4
59422,HC,12,4,2,5,1.0,4
59422,HC,12,4,2,6,1.0,4
59422,HC,12,4,2,7,1.0,4
59422,HC,12,4,2,8,1.0,4
59422,HC,12,4,2,9,1.0,4
59422,HC,13,3,2,1,1.0,3
59422,HC,13,3,2,2,1.0,3
59422,HC,13,3,2,3,1.0,3
59422,HC,13,3,2,4,1.0,3
59422,HC,13,3,2,5,1.0,3
59422,HC,13,3,2,6,1.0,3
59422,HC,13,3,2,7,1.0,3
59422,HC,13,3,2,8,1.0,3
59422,HC,13,3,2,9,1.0,3
59771,HC,1,4,1,1,0.25,4
59771,HC,1,4,1,2,0.5,4
59771,HC,1,4,1,3,1.0,4
59771,HC,1,4,1,4,0.75,4
59771,HC,1,4,1,5,1.0,4
59771,HC,1,4,1,6,0.75,4
59771,HC,1,4,1,7,1.0,4
59771,HC,1,4,1,8,1.0,4
59771,HC,1,4,1,9,1.0,4
59771,HC,2,3,1,1,0.3333333333333333,3
59771,HC,2,3,1,2,0.6666666666666666,3
59771,HC,2,3,1,3,1.0,3
59771,HC,2,3,1,4,1.0,3
59771,HC,2,3,1,5,1.0,3
59771,HC,2,3,1,6,1.0,3
59771,HC,2,3,1,7,1.0,3
59771,HC,2,3,1,8,1.0,3
59771,HC,2,3,1,9,1.0,3
59771,HC,3,2,1,1,0.5,2
59771,HC,3,2,1,2,1.0,2
59771,HC,3,2,1,3,1.0,2
59771,HC,3,2,1,4,1.0,2
59771,HC,3,2,1,5,1.0,2
59771,HC,3,2,1,6,1.0,2
59771,HC,3,2,1,7,1.0,2
59771,HC,3,2,1,8,1.0,2
59771,HC,3,2,1,9,1.0,2
59771,HC,4,2,2,1,0.0,2
59771,HC,4,2,2,2,1.0,2
59771,HC,4,2,2,3,1.0,2
59771,HC,4,2,2,4,1.0,2
59771,HC,4,2,2,5,1.0,2
59771,HC,4,2,2,6,1.0,2
59771,HC,4,2,2,7,1.0,2
59771,HC,4,2,2,8,1.0,2
59771,HC,4,2,2,9,1.0,2
59771,HC,5,6,1,1,0.16666666666666666,6
59771,HC,5,6,1,2,0.5,6
59771,HC,5,6,1,3,0.3333333333333333,6
59771,HC,5,6,1,4,0.6666666666666666,6
59771,HC,5,6,1,5,0.8333333333333334,6
59771,HC,5,6,1,6,0.6666666666666666,6
59771,HC,5,6,1,7,0.8333333333333334,6
59771,HC,5,6,1,8,0.8333333333333334,6
59771,HC,5,6,1,9,1.0,6
59771,HC,6,5,1,1,0.2,5
59771,HC,6,5,1,2,0.4,5
59771,HC,6,5,1,3,0.4,5
59771,HC,6,5,1,4,0.6,5
59771,HC,6,5,1,5,0.6,5
59771,HC,6,5,1,6,0.6,5
59771,HC,6,5,1,7,1.0,5
59771,HC,6,5,1,8,1.0,5
59771,HC,6,5,1,9,1.0,5
59771,HC,7,2,3,1,0.5,2
59771,HC,7,2,3,2,0.5,2
59771,HC,7,2,3,3,1.0,2
59771,HC,7,2,3,4,1.0,2
59771,HC,7,2,3,5,1.0,2
59771,HC,7,2,3,6,1.0,2
59771,HC,7,2,3,7,1.0,2
59771,HC,7,2,3,8,1.0,2
59771,HC,7,2,3,9,1.0,2
59771,HC,8,5,2,1,0.2,5
59771,HC,8,5,2,2,0.4,5
59771,HC,8,5,2,3,0.6,5
59771,HC,8,5,2,4,0.6,5
59771,HC,8,5,2,5,0.6,5
59771,HC,8,5,2,6,1.0,5
59771,HC,8,5,2,7,0.8,5
59771,HC,8,5,2,8,1.0,5
59771,HC,8,5,2,9,1.0,5
59771,HC,9,6,2,1,0.0,6
59771,HC,9,6,2,2,0.5,6
59771,HC,9,6,2,3,0.6666666666666666,6
59771,HC,9,6,2,4,0.5,6
59771,HC,9,6,2,5,1.0,6
59771,HC,9,6,2,6,1.0,6
59771,HC,9,6,2,7,0.6666666666666666,6
59771,HC,9,6,2,8,1.0,6
59771,HC,9,6,2,9,0.8333333333333334,6
59771,HC,10,4,2,1,0.5,4
59771,HC,10,4,2,2,0.75,4
59771,HC,10,4,2,3,0.75,4
59771,HC,10,4,2,4,1.0,4
59771,HC,10,4,2,5,1.0,4
59771,HC,10,4,2,6,1.0,4
59771,HC,10,4,2,7,1.0,4
59771,HC,10,4,2,8,1.0,4
59771,HC,10,4,2,9,1.0,4
59771,HC,11,3,2,1,0.6666666666666666,3
59771,HC,11,3,2,2,0.6666666666666666,3
59771,HC,11,3,2,3,0.6666666666666666,3
59771,HC,11,3,2,4,1.0,3
59771,HC,11,3,2,5,1.0,3
59771,HC,11,3,2,6,1.0,3
59771,HC,11,3,2,7,1.0,3
59771,HC,11,3,2,8,0.6666666666666666,3
59771,HC,11,3,2,9,1.0,3
59771,HC,12,2,4,1,0.5,2
59771,HC,12,2,4,2,1.0,2
59771,HC,12,2,4,3,1.0,2
59771,HC,12,2,4,4,1.0,2
59771,HC,12,2,4,5,1.0,2
59771,HC,12,2,4,6,1.0,2
59771,HC,12,2,4,7,1.0,2
59771,HC,12,2,4,8,1.0,2
59771,HC,12,2,4,9,1.0,2
59771,HC,13,5,3,1,0.6,5
59771,HC,13,5,3,2,0.6,5
59771,HC,13,5,3,3,0.8,5
59771,HC,13,5,3,4,0.8,5
59771,HC,13,5,3,5,1.0,5
59771,HC,13,5,3,6,1.0,5
59771,HC,13,5,3,7,1.0,5
59771,HC,13,5,3,8,1.0,5
59771,HC,13,5,3,9,1.0,5
59916,SZ,1,4,1,1,0.0,4
59916,SZ,1,4,1,2,0.5,4
59916,SZ,1,4,1,3,0.5,4
59916,SZ,1,4,1,4,0.25,4
59916,SZ,1,4,1,5,0.75,4
59916,SZ,1,4,1,6,0.75,4
59916,SZ,1,4,1,7,0.25,4
59916,SZ,1,4,1,8,0.5,4
59916,SZ,1,4,1,9,0.25,4
59916,SZ,2,5,1,1,0.8,5
59916,SZ,2,5,1,2,0.4,5
59916,SZ,2,5,1,3,0.4,5
59916,SZ,2,5,1,4,0.0,4
59916,SZ,2,5,1,5,0.0,4
59916,SZ,2,5,1,6,0.2,5
59916,SZ,2,5,1,7,0.2,5
59916,SZ,2,5,1,8,0.2,5
59916,SZ,2,5,1,9,0.4,5
59916,SZ,3,2,1,1,0.0,2
59916,SZ,3,2,1,2,0.0,2
59916,SZ,3,2,1,3,1.0,2
59916,SZ,3,2,1,4,1.0,2
59916,SZ,3,2,1,5,1.0,2
59916,SZ,3,2,1,6,1.0,2
59916,SZ,3,2,1,7,1.0,2
59916,SZ,3,2,1,8,1.0,2
59916,SZ,3,2,1,9,1.0,2
59916,SZ,4,2,2,1,0.0,2
59916,SZ,4,2,2,2,1.0,2
59916,SZ,4,2,2,3,1.0,2
59916,SZ,4,2,2,4,1.0,2
59916,SZ,4,2,2,5,1.0,2
59916,SZ,4,2,2,6,1.0,2
59916,SZ,4,2,2,7,1.0,2
59916,SZ,4,2,2,8,1.0,2
59916,SZ,4,2,2,9,1.0,2
59916,SZ,5,3,1,1,0.3333333333333333,3
59916,SZ,5,3,1,2,1.0,3
59916,SZ,5,3,1,3,0.6666666666666666,3
59916,SZ,5,3,1,4,0.3333333333333333,3
59916,SZ,5,3,1,5,1.0,3
59916,SZ,5,3,1,6,1.0,3
59916,SZ,5,3,1,7,0.3333333333333333,3
59916,SZ,5,3,1,8,0.3333333333333333,3
59916,SZ,5,3,1,9,0.3333333333333333,3
59916,SZ,6,6,1,1,0.5,6
59916,SZ,6,6,1,2,0.5,6
59916,SZ,6,6,1,3,0.5,6
59916,SZ,6,6,1,4,0.6,5
59916,SZ,6,6,1,5,0.3333333333333333,3
59916,SZ,6,6,1,6,0.5,4
59916,SZ,6,6,1,7,0.3333333333333333,6
59916,SZ,6,6,1,8,0.5,6
59916,SZ,6,6,1,9,0.3333333333333333,6
59916,SZ,7,2,3,1,0.5,2
59916,SZ,7,2,3,2,1.0,2
59916,SZ,7,2,3,3,1.0,2
59916,SZ,7,2,3,4,1.0,2
59916,SZ,7,2,3,5,1.0,2
59916,SZ,7,2,3,6,1.0,2
59916,SZ,7,2,3,7,0.5,2
59916,SZ,7,2,3,8,1.0,2
59916,SZ,7,2,3,9,1.0,2
59916,SZ,8,5,2,1,0.4,5
59916,SZ,8,5,2,2,0.2,5
59916,SZ,8,5,2,3,0.6,5
59916,SZ,8,5,2,4,0.6,5
59916,SZ,8,5,2,5,0.6,5
59916,SZ,8,5,2,6,0.6,5
59916,SZ,8,5,2,7,0.6,5
59916,SZ,8,5,2,8,0.8,5
59916,SZ,8,5,2,9,0.5,4
59916,SZ,9,6,2,1,0.2,5
59916,SZ,9,6,2,2,0.5,6
59916,SZ,9,6,2,3,0.5,6
59916,SZ,9,6,2,4,0.2,5
59916,SZ,9,6,2,5,0.5,6
59916,SZ,9,6,2,6,0.6,5
59916,SZ,9,6,2,7,0.0,6
59916,SZ,9,6,2,8,0.16666666666666666,6
59916,SZ,9,6,2,9,0.16666666666666666,6
59916,SZ,10,4,2,1,0.5,4
59916,SZ,10,4,2,2,0.25,4
59916,SZ,10,4,2,3,0.75,4
59916,SZ,10,4,2,4,0.75,4
59916,SZ,10,4,2,5,0.5,4
59916,SZ,10,4,2,6,1.0,4
59916,SZ,10,4,2,7,0.75,4
59916,SZ,10,4,2,8,1.0,4
59916,SZ,10,4,2,9,1.0,4
59916,SZ,11,5,3,1,0.4,5
59916,SZ,11,5,3,2,0.6,5
59916,SZ,11,5,3,3,0.4,5
59916,SZ,11,5,3,4,0.2,5
59916,SZ,11,5,3,5,0.25,4
59916,SZ,11,5,3,6,0.25,4
59916,SZ,11,5,3,7,0.2,5
59916,SZ,11,5,3,8,0.5,4
59916,SZ,11,5,3,9,0.3333333333333333,3
59916,SZ,12,2,4,1,0.0,2
59916,SZ,12,2,4,2,1.0,2
59916,SZ,12,2,4,3,1.0,2
59916,SZ,12,2,4,4,1.0,2
59916,SZ,12,2,4,5,1.0,2
59916,SZ,12,2,4,6,1.0,2
59916,SZ,12,2,4,7,0.5,2
59916,SZ,12,2,4,8,1.0,2
59916,SZ,12,2,4,9,0.5,2
59916,SZ,13,3,2,1,0.0,3
59916,SZ,13,3,2,2,0.6666666666666666,3
59916,SZ,13,3,2,3,1.0,3
59916,SZ,13,3,2,4,1.0,3
59916,SZ,13,3,2,5,0.6666666666666666,3
59916,SZ,13,3,2,6,1.0,3
59916,SZ,13,3,2,7,0.0,1
59916,SZ,13,3,2,8,0.0,1
59916,SZ,13,3,2,9,1.0,1
61108,SZ,1,3,1,1,0.6666666666666666,3
61108,SZ,1,3,1,2,0.6666666666666666,3
61108,SZ,1,3,1,3,0.6666666666666666,3
61108,SZ,1,3,1,4,0.6666666666666666,3
61108,SZ,1,3,1,5,0.6666666666666666,3
61108,SZ,1,3,1,6,0.6666666666666666,3
61108,SZ,1,3,1,7,0.3333333333333333,3
61108,SZ,1,3,1,8,0.6666666666666666,3
61108,SZ,1,3,1,9,0.6666666666666666,3
61108,SZ,2,2,1,1,0.5,2
61108,SZ,2,2,1,2,0.5,2
61108,SZ,2,2,1,3,0.5,2
61108,SZ,2,2,1,4,0.5,2
61108,SZ,2,2,1,5,0.5,2
61108,SZ,2,2,1,6,0.5,2
61108,SZ,2,2,1,7,0.5,2
61108,SZ,2,2,1,8,0.5,2
61108,SZ,2,2,1,9,0.5,2
61108,SZ,3,4,1,1,0.0,4
61108,SZ,3,4,1,2,0.25,4
61108,SZ,3,4,1,3,0.25,4
61108,SZ,3,4,1,4,0.5,4
61108,SZ,3,4,1,5,0.5,4
61108,SZ,3,4,1,6,1.0,4
61108,SZ,3,4,1,7,0.75,4
61108,SZ,3,4,1,8,0.5,4
61108,SZ,3,4,1,9,0.75,4
61108,SZ,4,5,1,1,0.4,5
61108,SZ,4,5,1,2,0.0,5
61108,SZ,4,5,1,3,0.2,5
61108,SZ,4,5,1,4,0.4,5
61108,SZ,4,5,1,5,0.0,5
61108,SZ,4,5,1,6,0.4,5
61108,SZ,4,5,1,7,0.4,5
61108,SZ,4,5,1,8,0.8,5
61108,SZ,4,5,1,9,0.4,5
61108,SZ,5,2,2,1,0.0,2
61108,SZ,5,2,2,2,0.0,2
61108,SZ,5,2,2,3,0.0,2
61108,SZ,5,2,2,4,0.0,2
61108,SZ,5,2,2,5,0.5,2
61108,SZ,5,2,2,6,1.0,2
61108,SZ,5,2,2,7,1.0,2
61108,SZ,5,2,2,8,1.0,2
61108,SZ,5,2,2,9,0.5,2
61108,SZ,6,6,1,1,0.16666666666666666,6
61108,SZ,6,6,1,2,0.3333333333333333,6
61108,SZ,6,6,1,3,0.3333333333333333,6
61108,SZ,6,6,1,4,0.6666666666666666,6
61108,SZ,6,6,1,5,0.5,6
61108,SZ,6,6,1,6,0.5,6
61108,SZ,6,6,1,7,0.5,6
61108,SZ,6,6,1,8,0.3333333333333333,6
61108,SZ,6,6,1,9,0.6666666666666666,6
61108,SZ,7,2,3,1,0.5,2
61108,SZ,7,2,3,2,0.5,2
61108,SZ,7,2,3,3,0.5,2
61108,SZ,7,2,3,4,0.5,2
61108,SZ,7,2,3,5,1.0,2
61108,SZ,7,2,3,6,1.0,2
61108,SZ,7,2,3,7,1.0,2
61108,SZ,7,2,3,8,1.0,2
61108,SZ,7,2,3,9,1.0,2
61108,SZ,8,6,2,1,0.5,6
61108,SZ,8,6,2,2,0.5,6
61108,SZ,8,6,2,3,0.8333333333333334,6
61108,SZ,8,6,2,4,0.6666666666666666,6
61108,SZ,8,6,2,5,0.8333333333333334,6
61108,SZ,8,6,2,6,1.0,6
61108,SZ,8,6,2,7,1.0,6
61108,SZ,8,6,2,8,1.0,6
61108,SZ,8,6,2,9,1.0,6
61108,SZ,9,5,2,1,0.2,5
61108,SZ,9,5,2,2,0.2,5
61108,SZ,9,5,2,3,0.0,5
61108,SZ,9,5,2,4,0.8,5
61108,SZ,9,5,2,5,0.6,5
61108,SZ,9,5,2,6,0.8,5
61108,SZ,9,5,2,7,0.8,5
61108,SZ,9,5,2,8,0.8,5
61108,SZ,9,5,2,9,1.0,5
61108,SZ,10,3,2,1,0.3333333333333333,3
61108,SZ,10,3,2,2,0.6666666666666666,3
61108,SZ,10,3,2,3,0.6666666666666666,3
61108,SZ,10,3,2,4,1.0,3
61108,SZ,10,3,2,5,1.0,3
61108,SZ,10,3,2,6,1.0,3
61108,SZ,10,3,2,7,1.0,3
61108,SZ,10,3,2,8,1.0,3
61108,SZ,10,3,2,9,1.0,3
61108,SZ,11,2,4,1,0.0,2
61108,SZ,11,2,4,2,0.5,2
61108,SZ,11,2,4,3,1.0,2
61108,SZ,11,2,4,4,1.0,2
61108,SZ,11,2,4,5,1.0,2
61108,SZ,11,2,4,6,1.0,2
61108,SZ,11,2,4,7,1.0,2
61108,SZ,11,2,4,8,1.0,2
61108,SZ,11,2,4,9,1.0,2
61108,SZ,12,4,2,1,0.5,4
61108,SZ,12,4,2,2,0.25,4
61108,SZ,12,4,2,3,0.5,4
61108,SZ,12,4,2,4,0.75,4
61108,SZ,12,4,2,5,0.5,4
61108,SZ,12,4,2,6,0.5,4
61108,SZ,12,4,2,7,0.5,4
61108,SZ,12,4,2,8,1.0,4
61108,SZ,12,4,2,9,1.0,4
61108,SZ,13,5,3,1,0.4,5
61108,SZ,13,5,3,2,0.6,5
61108,SZ,13,5,3,3,0.6,5
61108,SZ,13,5,3,4,0.6,5
61108,SZ,13,5,3,5,0.8,5
61108,SZ,13,5,3,6,1.0,5
61108,SZ,13,5,3,7,1.0,5
61108,SZ,13,5,3,8,0.8,5
61108,SZ,13,5,3,9,0.8,5
61604,SZ,1,2,1,1,0.5,2
61604,SZ,1,2,1,2,0.5,2
61604,SZ,1,2,1,3,0.5,2
61604,SZ,1,2,1,4,0.5,2
61604,SZ,1,2,1,5,1.0,2
61604,SZ,1,2,1,6,1.0,2
61604,SZ,1,2,1,7,1.0,2
61604,SZ,1,2,1,8,1.0,2
61604,SZ,1,2,1,9,1.0,2
61604,SZ,2,5,1,1,0.4,5
61604,SZ,2,5,1,2,0.8,5
61604,SZ,2,5,1,3,0.8,5
61604,SZ,2,5,1,4,0.6,5
61604,SZ,2,5,1,5,1.0,5
61604,SZ,2,5,1,6,1.0,5
61604,SZ,2,5,1,7,1.0,5
61604,SZ,2,5,1,8,1.0,5
61604,SZ,2,5,1,9,1.0,5
61604,SZ,3,4,1,1,0.5,4
61604,SZ,3,4,1,2,0.5,4
61604,SZ,3,4,1,3,0.6666666666666666,3
61604,SZ,3,4,1,4,0.75,4
61604,SZ,3,4,1,5,0.75,4
61604,SZ,3,4,1,6,1.0,4
61604,SZ,3,4,1,7,1.0,4
61604,SZ,3,4,1,8,1.0,4
61604,SZ,3,4,1,9,1.0,4
61604,SZ,4,6,1,1,0.3333333333333333,6
61604,SZ,4,6,1,2,1.0,6
61604,SZ,4,6,1,3,0.5,6
61604,SZ,4,6,1,4,0.6666666666666666,6
61604,SZ,4,6,1,5,0.6666666666666666,6
61604,SZ,4,6,1,6,0.8333333333333334,6
61604,SZ,4,6,1,7,0.8333333333333334,6
61604,SZ,4,6,1,8,0.8333333333333334,6
61604,SZ,4,6,1,9,0.6666666666666666,6
61604,SZ,5,3,1,1,1.0,3
61604,SZ,5,3,1,2,1.0,3
61604,SZ,5,3,1,3,1.0,3
61604,SZ,5,3,1,4,1.0,3
61604,SZ,5,3,1,5,1.0,3
61604,SZ,5,3,1,6,1.0,3
61604,SZ,5,3,1,7,1.0,3
61604,SZ,5,3,1,8,1.0,3
61604,SZ,5,3,1,9,1.0,3
61604,SZ,6,2,2,1,0.5,2
61604,SZ,6,2,2,2,1.0,2
61604,SZ,6,2,2,3,1.0,2
61604,SZ,6,2,2,4,1.0,2
61604,SZ,6,2,2,5,1.0,2
61604,SZ,6,2,2,6,1.0,2
61604,SZ,6,2,2,7,1.0,2
61604,SZ,6,2,2,8,1.0,2
61604,SZ,6,2,2,9,1.0,2
61604,SZ,7,2,3,1,0.0,2
61604,SZ,7,2,3,2,0.5,2
61604,SZ,7,2,3,3,0.5,2
61604,SZ,7,2,3,4,0.5,2
61604,SZ,7,2,3,5,1.0,2
61604,SZ,7,2,3,6,1.0,2
61604,SZ,7,2,3,7,1.0,2
61604,SZ,7,2,3,8,1.0,2
61604,SZ,7,2,3,9,1.0,2
61604,SZ,8,5,2,1,0.4,5
61604,SZ,8,5,2,2,0.6,5
61604,SZ,8,5,2,3,0.8,5
61604,SZ,8,5,2,4,1.0,5
61604,SZ,8,5,2,5,1.0,5
61604,SZ,8,5,2,6,1.0,5
61604,SZ,8,5,2,7,1.0,5
61604,SZ,8,5,2,8,1.0,5
61604,SZ,8,5,2,9,1.0,5
61604,SZ,9,6,2,1,0.16666666666666666,6
61604,SZ,9,6,2,2,0.8333333333333334,6
61604,SZ,9,6,2,3,0.6666666666666666,6
61604,SZ,9,6,2,4,1.0,6
61604,SZ,9,6,2,5,1.0,6
61604,SZ,9,6,2,6,1.0,6
61604,SZ,9,6,2,7,1.0,6
61604,SZ,9,6,2,8,0.8333333333333334,6
61604,SZ,9,6,2,9,1.0,6
61604,SZ,10,2,4,1,0.5,2
61604,SZ,10,2,4,2,1.0,2
61604,SZ,10,2,4,3,1.0,2
61604,SZ,10,2,4,4,1.0,2
61604,SZ,10,2,4,5,1.0,2
61604,SZ,10,2,4,6,1.0,2
61604,SZ,10,2,4,7,1.0,2
61604,SZ,10,2,4,8,1.0,2
61604,SZ,10,2,4,9,1.0,2
61604,SZ,11,5,3,1,0.6,5
61604,SZ,11,5,3,2,0.6,5
61604,SZ,11,5,3,3,0.6,5
61604,SZ,11,5,3,4,0.4,5
61604,SZ,11,5,3,5,0.8,5
61604,SZ,11,5,3,6,1.0,5
61604,SZ,11,5,3,7,1.0,5
61604,SZ,11,5,3,8,1.0,5
61604,SZ,11,5,3,9,1.0,5
61604,SZ,12,4,2,1,0.25,4
61604,SZ,12,4,2,2,0.5,4
61604,SZ,12,4,2,3,0.75,4
61604,SZ,12,4,2,4,0.5,4
61604,SZ,12,4,2,5,0.75,4
61604,SZ,12,4,2,6,1.0,4
61604,SZ,12,4,2,7,0.75,4
61604,SZ,12,4,2,8,1.0,4
61604,SZ,12,4,2,9,1.0,4
61604,SZ,13,3,2,1,0.3333333333333333,3
61604,SZ,13,3,2,2,0.6666666666666666,3
61604,SZ,13,3,2,3,1.0,3
61604,SZ,13,3,2,4,1.0,3
61604,SZ,13,3,2,5,1.0,3
61604,SZ,13,3,2,6,1.0,3
61604,SZ,13,3,2,7,1.0,3
61604,SZ,13,3,2,8,1.0,3
61604,SZ,13,3,2,9,1.0,3
62008,SZ,1,5,1,1,0.4,5
62008,SZ,1,5,1,2,0.6,5
62008,SZ,1,5,1,3,0.6,5
62008,SZ,1,5,1,4,0.6,5
62008,SZ,1,5,1,5,0.8,5
62008,SZ,1,5,1,6,1.0,5
62008,SZ,1,5,1,7,0.8,5
62008,SZ,1,5,1,8,1.0,5
62008,SZ,1,5,1,9,1.0,5
62008,SZ,2,3,1,1,0.3333333333333333,3
62008,SZ,2,3,1,2,0.6666666666666666,3
62008,SZ,2,3,1,3,1.0,3
62008,SZ,2,3,1,4,1.0,3
62008,SZ,2,3,1,5,1.0,3
62008,SZ,2,3,1,6,1.0,3
62008,SZ,2,3,1,7,1.0,3
62008,SZ,2,3,1,8,1.0,3
62008,SZ,2,3,1,9,1.0,3
62008,SZ,3,2,1,1,0.5,2
62008,SZ,3,2,1,2,0.5,2
62008,SZ,3,2,1,3,1.0,2
62008,SZ,3,2,1,4,1.0,2
62008,SZ,3,2,1,5,1.0,2
62008,SZ,3,2,1,6,1.0,2
62008,SZ,3,2,1,7,1.0,2
62008,SZ,3,2,1,8,1.0,2
62008,SZ,3,2,1,9,1.0,2
62008,SZ,4,2,2,1,0.5,2
62008,SZ,4,2,2,2,1.0,2
62008,SZ,4,2,2,3,1.0,2
62008,SZ,4,2,2,4,1.0,2
62008,SZ,4,2,2,5,1.0,2
62008,SZ,4,2,2,6,1.0,2
62008,SZ,4,2,2,7,1.0,2
62008,SZ,4,2,2,8,1.0,2
62008,SZ,4,2,2,9,1.0,2
62008,SZ,5,6,1,1,0.5,6
62008,SZ,5,6,1,2,0.6666666666666666,6
62008,SZ,5,6,1,3,0.6666666666666666,6
62008,SZ,5,6,1,4,1.0,6
62008,SZ,5,6,1,5,1.0,6
62008,SZ,5,6,1,6,0.8333333333333334,6
62008,SZ,5,6,1,7,1.0,6
62008,SZ,5,6,1,8,1.0,6
62008,SZ,5,6,1,9,1.0,6
62008,SZ,6,4,1,1,0.5,4
62008,SZ,6,4,1,2,0.5,4
62008,SZ,6,4,1,3,0.5,4
62008,SZ,6,4,1,4,1.0,4
62008,SZ,6,4,1,5,1.0,4
62008,SZ,6,4,1,6,0.75,4
62008,SZ,6,4,1,7,0.75,4
62008,SZ,6,4,1,8,1.0,4
62008,SZ,6,4,1,9,1.0,4
62008,SZ,7,2,3,1,0.5,2
62008,SZ,7,2,3,2,1.0,2
62008,SZ,7,2,3,3,1.0,2
62008,SZ,7,2,3,4,1.0,2
62008,SZ,7,2,3,5,1.0,2
62008,SZ,7,2,3,6,1.0,2
62008,SZ,7,2,3,7,1.0,2
62008,SZ,7,2,3,8,1.0,2
62008,SZ,7,2,3,9,1.0,2
62008,SZ,8,5,2,1,0.0,5
62008,SZ,8,5,2,2,0.6,5
62008,SZ,8,5,2,3,0.8,5
62008,SZ,8,5,2,4,1.0,5
62008,SZ,8,5,2,5,0.8,5
62008,SZ,8,5,2,6,1.0,5
62008,SZ,8,5,2,7,1.0,5
62008,SZ,8,5,2,8,1.0,5
62008,SZ,8,5,2,9,1.0,5
62008,SZ,9,6,2,1,0.3333333333333333,6
62008,SZ,9,6,2,2,0.3333333333333333,6
62008,SZ,9,6,2,3,0.6666666666666666,6
62008,SZ,9,6,2,4,1.0,6
62008,SZ,9,6,2,5,0.8333333333333334,6
62008,SZ,9,6,2,6,0.8333333333333334,6
62008,SZ,9,6,2,7,1.0,6
62008,SZ,9,6,2,8,1.0,6
62008,SZ,9,6,2,9,1.0,6
62008,SZ,10,5,3,1,0.6,5
62008,SZ,10,5,3,2,0.6,5
62008,SZ,10,5,3,3,0.6,5
62008,SZ,10,5,3,4,0.8,5
62008,SZ,10,5,3,5,1.0,5
62008,SZ,10,5,3,6,1.0,4
62008,SZ,10,5,3,7,0.8,5
62008,SZ,10,5,3,8,1.0,5
62008,SZ,10,5,3,9,1.0,5
62008,SZ,11,3,2,1,0.3333333333333333,3
62008,SZ,11,3,2,2,0.3333333333333333,3
62008,SZ,11,3,2,3,0.6666666666666666,3
62008,SZ,11,3,2,4,1.0,3
62008,SZ,11,3,2,5,1.0,3
62008,SZ,11,3,2,6,1.0,3
62008,SZ,11,3,2,7,1.0,3
62008,SZ,11,3,2,8,1.0,3
62008,SZ,11,3,2,9,1.0,3
62008,SZ,12,2,4,1,0.0,2
62008,SZ,12,2,4,2,0.5,2
62008,SZ,12,2,4,3,1.0,2
62008,SZ,12,2,4,4,1.0,2
62008,SZ,12,2,4,5,1.0,2
62008,SZ,12,2,4,6,1.0,2
62008,SZ,12,2,4,7,1.0,2
62008,SZ,12,2,4,8,1.0,2
62008,SZ,12,2,4,9,1.0,2
62008,SZ,13,4,2,1,0.25,4
62008,SZ,13,4,2,2,0.0,4
62008,SZ,13,4,2,3,0.5,4
62008,SZ,13,4,2,4,0.75,4
62008,SZ,13,4,2,5,0.25,4
62008,SZ,13,4,2,6,0.75,4
62008,SZ,13,4,2,7,0.5,4
62008,SZ,13,4,2,8,0.75,4
62008,SZ,13,4,2,9,0.75,4
62054,HC,1,2,1,1,0.5,2
62054,HC,1,2,1,2,0.5,2
62054,HC,1,2,1,3,1.0,2
62054,HC,1,2,1,4,1.0,2
62054,HC,1,2,1,5,1.0,2
62054,HC,1,2,1,6,1.0,2
62054,HC,1,2,1,7,1.0,2
62054,HC,1,2,1,8,1.0,2
62054,HC,1,2,1,9,1.0,2
62054,HC,2,4,1,1,0.25,4
62054,HC,2,4,1,2,0.5,4
62054,HC,2,4,1,3,1.0,4
62054,HC,2,4,1,4,1.0,4
62054,HC,2,4,1,5,1.0,4
62054,HC,2,4,1,6,1.0,4
62054,HC,2,4,1,7,1.0,4
62054,HC,2,4,1,8,1.0,4
62054,HC,2,4,1,9,1.0,4
62054,HC,3,3,1,1,0.0,3
62054,HC,3,3,1,2,0.3333333333333333,3
62054,HC,3,3,1,3,0.6666666666666666,3
62054,HC,3,3,1,4,1.0,3
62054,HC,3,3,1,5,1.0,3
62054,HC,3,3,1,6,1.0,3
62054,HC,3,3,1,7,1.0,3
62054,HC,3,3,1,8,1.0,3
62054,HC,3,3,1,9,1.0,3
62054,HC,4,5,1,1,0.0,5
62054,HC,4,5,1,2,0.6,5
62054,HC,4,5,1,3,0.8,5
62054,HC,4,5,1,4,0.8,5
62054,HC,4,5,1,5,1.0,5
62054,HC,4,5,1,6,1.0,5
62054,HC,4,5,1,7,1.0,5
62054,HC,4,5,1,8,1.0,5
62054,HC,4,5,1,9,1.0,5
62054,HC,5,2,2,1,0.5,2
62054,HC,5,2,2,2,0.5,2
62054,HC,5,2,2,3,1.0,2
62054,HC,5,2,2,4,1.0,2
62054,HC,5,2,2,5,1.0,2
62054,HC,5,2,2,6,1.0,2
62054,HC,5,2,2,7,1.0,2
62054,HC,5,2,2,8,1.0,2
62054,HC,5,2,2,9,1.0,2
62054,HC,6,2,3,1,0.5,2
62054,HC,6,2,3,2,0.5,2
62054,HC,6,2,3,3,1.0,2
62054,HC,6,2,3,4,1.0,2
62054,HC,6,2,3,5,1.0,2
62054,HC,6,2,3,6,1.0,2
62054,HC,6,2,3,7,1.0,2
62054,HC,6,2,3,8,1.0,2
62054,HC,6,2,3,9,1.0,2
62054,HC,7,6,1,1,0.3333333333333333,6
62054,HC,7,6,1,2,0.5,6
62054,HC,7,6,1,3,0.6666666666666666,6
62054,HC,7,6,1,4,0.8333333333333334,6
62054,HC,7,6,1,5,1.0,6
62054,HC,7,6,1,6,1.0,6
62054,HC,7,6,1,7,1.0,6
62054,HC,7,6,1,8,1.0,6
62054,HC,7,6,1,9,1.0,6
62054,HC,8,5,2,1,0.6,5
62054,HC,8,5,2,2,0.8,5
62054,HC,8,5,2,3,1.0,5
62054,HC,8,5,2,4,1.0,5
62054,HC,8,5,2,5,1.0,5
62054,HC,8,5,2,6,0.8,5
62054,HC,8,5,2,7,1.0,5
62054,HC,8,5,2,8,1.0,5
62054,HC,8,5,2,9,1.0,5
62054,HC,9,6,2,1,0.5,6
62054,HC,9,6,2,2,0.8333333333333334,6
62054,HC,9,6,2,3,0.8333333333333334,6
62054,HC,9,6,2,4,1.0,6
62054,HC,9,6,2,5,1.0,6
62054,HC,9,6,2,6,1.0,6
62054,HC,9,6,2,7,0.8333333333333334,6
62054,HC,9,6,2,8,1.0,6
62054,HC,9,6,2,9,1.0,6
62054,HC,10,2,4,1,0.5,2
62054,HC,10,2,4,2,0.5,2
62054,HC,10,2,4,3,1.0,2
62054,HC,10,2,4,4,1.0,2
62054,HC,10,2,4,5,1.0,2
62054,HC,10,2,4,6,1.0,2
62054,HC,10,2,4,7,1.0,2
62054,HC,10,2,4,8,1.0,2
62054,HC,10,2,4,9,1.0,2
62054,HC,11,4,2,1,0.25,4
62054,HC,11,4,2,2,0.75,4
62054,HC,11,4,2,3,1.0,4
62054,HC,11,4,2,4,1.0,4
62054,HC,11,4,2,5,1.0,4
62054,HC,11,4,2,6,1.0,4
62054,HC,11,4,2,7,1.0,4
62054,HC,11,4,2,8,1.0,4
62054,HC,11,4,2,9,1.0,4
62054,HC,12,3,2,1,0.3333333333333333,3
62054,HC,12,3,2,2,0.3333333333333333,3
62054,HC,12,3,2,3,0.6666666666666666,3
62054,HC,12,3,2,4,0.6666666666666666,3
62054,HC,12,3,2,5,1.0,3
62054,HC,12,3,2,6,1.0,3
62054,HC,12,3,2,7,1.0,3
62054,HC,12,3,2,8,1.0,3
62054,HC,12,3,2,9,1.0,3
62054,HC,13,5,3,1,0.4,5
62054,HC,13,5,3,2,0.6,5
62054,HC,13,5,3,3,0.4,5
62054,HC,13,5,3,4,0.8,5
62054,HC,13,5,3,5,0.8,5
62054,HC,13,5,3,6,0.8,5
62054,HC,13,5,3,7,1.0,5
62054,HC,13,5,3,8,1.0,5
62054,HC,13,5,3,9,1.0,5
62425,SZ,1,6,1,1,0.6666666666666666,6
62425,SZ,1,6,1,2,0.3333333333333333,6
62425,SZ,1,6,1,3,1.0,6
62425,SZ,1,6,1,4,1.0,6
62425,SZ,1,6,1,5,1.0,6
62425,SZ,1,6,1,6,1.0,6
62425,SZ,1,6,1,7,1.0,6
62425,SZ,1,6,1,8,1.0,6
62425,SZ,1,6,1,9,1.0,6
62425,SZ,2,2,1,1,0.5,2
62425,SZ,2,2,1,2,1.0,2
62425,SZ,2,2,1,3,1.0,2
62425,SZ,2,2,1,4,1.0,2
62425,SZ,2,2,1,5,1.0,2
62425,SZ,2,2,1,6,1.0,2
62425,SZ,2,2,1,7,1.0,2
62425,SZ,2,2,1,8,1.0,2
62425,SZ,2,2,1,9,1.0,2
62425,SZ,3,3,1,1,0.3333333333333333,3
62425,SZ,3,3,1,2,0.3333333333333333,3
62425,SZ,3,3,1,3,0.3333333333333333,3
62425,SZ,3,3,1,4,0.3333333333333333,3
62425,SZ,3,3,1,5,1.0,3
62425,SZ,3,3,1,6,0.6666666666666666,3
62425,SZ,3,3,1,7,1.0,3
62425,SZ,3,3,1,8,1.0,3
62425,SZ,3,3,1,9,1.0,3
62425,SZ,4,4,1,1,0.5,4
62425,SZ,4,4,1,2,0.75,4
62425,SZ,4,4,1,3,1.0,4
62425,SZ,4,4,1,4,1.0,4
62425,SZ,4,4,1,5,1.0,4
62425,SZ,4,4,1,6,1.0,4
62425,SZ,4,4,1,7,1.0,4
62425,SZ,4,4,1,8,1.0,4
62425,SZ,4,4,1,9,1.0,4
62425,SZ,5,2,2,1,0.5,2
62425,SZ,5,2,2,2,1.0,2
62425,SZ,5,2,2,3,1.0,2
62425,SZ,5,2,2,4,1.0,2
62425,SZ,5,2,2,5,1.0,2
62425,SZ,5,2,2,6,1.0,2
62425,SZ,5,2,2,7,1.0,2
62425,SZ,5,2,2,8,1.0,2
62425,SZ,5,2,2,9,1.0,2
62425,SZ,6,5,1,1,0.2,5
62425,SZ,6,5,1,2,0.8,5
62425,SZ,6,5,1,3,0.4,5
62425,SZ,6,5,1,4,0.6,5
62425,SZ,6,5,1,5,0.6,5
62425,SZ,6,5,1,6,0.8,5
62425,SZ,6,5,1,7,0.6,5
62425,SZ,6,5,1,8,0.8,5
62425,SZ,6,5,1,9,1.0,5
62425,SZ,7,2,3,1,0.5,2
62425,SZ,7,2,3,2,0.5,2
62425,SZ,7,2,3,3,1.0,2
62425,SZ,7,2,3,4,1.0,2
62425,SZ,7,2,3,5,1.0,2
62425,SZ,7,2,3,6,1.0,2
62425,SZ,7,2,3,7,1.0,2
62425,SZ,7,2,3,8,1.0,2
62425,SZ,7,2,3,9,1.0,2
62425,SZ,8,6,2,1,0.3333333333333333,6
62425,SZ,8,6,2,2,0.3333333333333333,6
62425,SZ,8,6,2,3,0.8333333333333334,6
62425,SZ,8,6,2,4,0.6666666666666666,6
62425,SZ,8,6,2,5,0.8333333333333334,6
62425,SZ,8,6,2,6,1.0,6
62425,SZ,8,6,2,7,1.0,6
62425,SZ,8,6,2,8,0.8333333333333334,6
62425,SZ,8,6,2,9,1.0,6
62425,SZ,9,5,2,1,0.4,5
62425,SZ,9,5,2,2,0.4,5
62425,SZ,9,5,2,3,0.4,5
62425,SZ,9,5,2,4,0.6,5
62425,SZ,9,5,2,5,1.0,5
62425,SZ,9,5,2,6,1.0,5
62425,SZ,9,5,2,7,1.0,5
62425,SZ,9,5,2,8,1.0,5
62425,SZ,9,5,2,9,1.0,5
62425,SZ,10,2,4,1,0.0,2
62425,SZ,10,2,4,2,0.5,2
62425,SZ,10,2,4,3,1.0,2
62425,SZ,10,2,4,4,1.0,2
62425,SZ,10,2,4,5,1.0,2
62425,SZ,10,2,4,6,1.0,2
62425,SZ,10,2,4,7,1.0,2
62425,SZ,10,2,4,8,1.0,2
62425,SZ,10,2,4,9,1.0,2
62425,SZ,11,3,2,1,0.3333333333333333,3
62425,SZ,11,3,2,2,1.0,3
62425,SZ,11,3,2,3,1.0,3
62425,SZ,11,3,2,4,1.0,3
62425,SZ,11,3,2,5,1.0,3
62425,SZ,11,3,2,6,1.0,3
62425,SZ,11,3,2,7,1.0,3
62425,SZ,11,3,2,8,1.0,3
62425,SZ,11,3,2,9,1.0,3
62425,SZ,12,4,2,1,0.75,4
62425,SZ,12,4,2,2,1.0,4
62425,SZ,12,4,2,3,1.0,4
62425,SZ,12,4,2,4,1.0,4
62425,SZ,12,4,2,5,1.0,4
62425,SZ,12,4,2,6,1.0,4
62425,SZ,12,4,2,7,1.0,4
62425,SZ,12,4,2,8,1.0,4
62425,SZ,12,4,2,9,1.0,4
62425,SZ,13,5,3,1,0.0,5
62425,SZ,13,5,3,2,0.4,5
62425,SZ,13,5,3,3,0.4,5
62425,SZ,13,5,3,4,0.6,5
62425,SZ,13,5,3,5,0.6,5
62425,SZ,13,5,3,6,0.6,5
62425,SZ,13,5,3,7,0.6,5
62425,SZ,13,5,3,8,0.4,5
62425,SZ,13,5,3,9,0.8,5
63213,SZ,1,2,1,1,1.0,2
63213,SZ,1,2,1,2,1.0,2
63213,SZ,1,2,1,3,0.5,2
63213,SZ,1,2,1,4,1.0,2
63213,SZ,1,2,1,5,1.0,2
63213,SZ,1,2,1,6,1.0,2
63213,SZ,1,2,1,7,1.0,2
63213,SZ,1,2,1,8,1.0,2
63213,SZ,1,2,1,9,1.0,2
63213,SZ,2,5,1,1,0.2,5
63213,SZ,2,5,1,2,0.4,5
63213,SZ,2,5,1,3,0.8,5
63213,SZ,2,5,1,4,0.8,5
63213,SZ,2,5,1,5,1.0,5
63213,SZ,2,5,1,6,0.8,5
63213,SZ,2,5,1,7,1.0,5
63213,SZ,2,5,1,8,1.0,5
63213,SZ,2,5,1,9,1.0,5
63213,SZ,3,6,1,1,0.16666666666666666,6
63213,SZ,3,6,1,2,0.5,6
63213,SZ,3,6,1,3,0.5,6
63213,SZ,3,6,1,4,0.6666666666666666,6
63213,SZ,3,6,1,5,0.5,6
63213,SZ,3,6,1,6,0.5,6
63213,SZ,3,6,1,7,0.8333333333333334,6
63213,SZ,3,6,1,8,0.8333333333333334,6
63213,SZ,3,6,1,9,0.6666666666666666,6
63213,SZ,4,3,1,1,0.3333333333333333,3
63213,SZ,4,3,1,2,0.6666666666666666,3
63213,SZ,4,3,1,3,0.3333333333333333,3
63213,SZ,4,3,1,4,0.6666666666666666,3
63213,SZ,4,3,1,5,1.0,3
63213,SZ,4,3,1,6,1.0,3
63213,SZ,4,3,1,7,1.0,3
63213,SZ,4,3,1,8,1.0,3
63213,SZ,4,3,1,9,1.0,3
63213,SZ,5,2,2,1,0.0,2
63213,SZ,5,2,2,2,0.5,2
63213,SZ,5,2,2,3,1.0,2
63213,SZ,5,2,2,4,1.0,2
63213,SZ,5,2,2,5,1.0,2
63213,SZ,5,2,2,6,1.0,2
63213,SZ,5,2,2,7,1.0,2
63213,SZ,5,2,2,8,1.0,2
63213,SZ,5,2,2,9,1.0,2
63213,SZ,6,2,3,1,0.5,2
63213,SZ,6,2,3,2,1.0,2
63213,SZ,6,2,3,3,1.0,2
63213,SZ,6,2,3,4,1.0,2
63213,SZ,6,2,3,5,1.0,2
63213,SZ,6,2,3,6,1.0,2
63213,SZ,6,2,3,7,1.0,2
63213,SZ,6,2,3,8,1.0,2
63213,SZ,6,2,3,9,1.0,2
63213,SZ,7,4,1,1,0.5,4
63213,SZ,7,4,1,2,0.5,4
63213,SZ,7,4,1,3,0.5,4
63213,SZ,7,4,1,4,0.75,4
63213,SZ,7,4,1,5,0.75,4
63213,SZ,7,4,1,6,1.0,4
63213,SZ,7,4,1,7,0.75,4
63213,SZ,7,4,1,8,1.0,4
63213,SZ,7,4,1,9,1.0,4
63213,SZ,8,5,2,1,0.4,5
63213,SZ,8,5,2,2,0.2,5
63213,SZ,8,5,2,3,0.8,5
63213,SZ,8,5,2,4,0.6,5
63213,SZ,8,5,2,5,0.6,5
63213,SZ,8,5,2,6,0.8,5
63213,SZ,8,5,2,7,0.8,5
63213,SZ,8,5,2,8,0.8,5
63213,SZ,8,5,2,9,1.0,5
63213,SZ,9,6,2,1,0.3333333333333333,6
63213,SZ,9,6,2,2,1.0,6
63213,SZ,9,6,2,3,0.6666666666666666,6
63213,SZ,9,6,2,4,1.0,6
63213,SZ,9,6,2,5,1.0,6
63213,SZ,9,6,2,6,1.0,6
63213,SZ,9,6,2,7,1.0,6
63213,SZ,9,6,2,8,1.0,6
63213,SZ,9,6,2,9,1.0,6
63213,SZ,10,2,4,1,0.0,2
63213,SZ,10,2,4,2,0.5,2
63213,SZ,10,2,4,3,1.0,2
63213,SZ,10,2,4,4,1.0,2
63213,SZ,10,2,4,5,1.0,2
63213,SZ,10,2,4,6,1.0,2
63213,SZ,10,2,4,7,1.0,2
63213,SZ,10,2,4,8,1.0,2
63213,SZ,10,2,4,9,1.0,2
63213,SZ,11,5,3,1,0.2,5
63213,SZ,11,5,3,2,0.4,5
63213,SZ,11,5,3,3,0.6,5
63213,SZ,11,5,3,4,0.8,5
63213,SZ,11,5,3,5,1.0,5
63213,SZ,11,5,3,6,0.8,5
63213,SZ,11,5,3,7,0.8,5
63213,SZ,11,5,3,8,1.0,5
63213,SZ,11,5,3,9,1.0,5
63213,SZ,12,3,2,1,0.6666666666666666,3
63213,SZ,12,3,2,2,0.3333333333333333,3
63213,SZ,12,3,2,3,1.0,3
63213,SZ,12,3,2,4,1.0,3
63213,SZ,12,3,2,5,1.0,3
63213,SZ,12,3,2,6,1.0,3
63213,SZ,12,3,2,7,1.0,3
63213,SZ,12,3,2,8,1.0,3
63213,SZ,12,3,2,9,1.0,3
63213,SZ,13,4,2,1,0.5,4
63213,SZ,13,4,2,2,1.0,4
63213,SZ,13,4,2,3,1.0,4
63213,SZ,13,4,2,4,1.0,4
63213,SZ,13,4,2,5,1.0,4
63213,SZ,13,4,2,6,1.0,4
63213,SZ,13,4,2,7,1.0,4
63213,SZ,13,4,2,8,1.0,4
63213,SZ,13,4,2,9,1.0,4
63472,HC,1,2,1,1,0.0,2
63472,HC,1,2,1,2,0.5,2
63472,HC,1,2,1,3,1.0,2
63472,HC,1,2,1,4,1.0,2
63472,HC,1,2,1,5,1.0,2
63472,HC,1,2,1,6,1.0,2
63472,HC,1,2,1,7,1.0,2
63472,HC,1,2,1,8,1.0,2
63472,HC,1,2,1,9,1.0,2
63472,HC,2,3,1,1,0.6666666666666666,3
63472,HC,2,3,1,2,0.6666666666666666,3
63472,HC,2,3,1,3,1.0,3
63472,HC,2,3,1,4,1.0,3
63472,HC,2,3,1,5,1.0,3
63472,HC,2,3,1,6,1.0,3
63472,HC,2,3,1,7,1.0,3
63472,HC,2,3,1,8,1.0,3
63472,HC,2,3,1,9,1.0,3
63472,HC,3,2,2,1,0.5,2
63472,HC,3,2,2,2,1.0,2
63472,HC,3,2,2,3,1.0,2
63472,HC,3,2,2,4,1.0,2
63472,HC,3,2,2,5,1.0,2
63472,HC,3,2,2,6,1.0,2
63472,HC,3,2,2,7,1.0,2
63472,HC,3,2,2,8,1.0,2
63472,HC,3,2,2,9,1.0,2
63472,HC,4,6,1,1,0.3333333333333333,6
63472,HC,4,6,1,2,0.5,6
63472,HC,4,6,1,3,0.5,6
63472,HC,4,6,1,4,0.8333333333333334,6
63472,HC,4,6,1,5,0.6666666666666666,6
63472,HC,4,6,1,6,0.8333333333333334,6
63472,HC,4,6,1,7,1.0,5
63472,HC,4,6,1,8,1.0,6
63472,HC,4,6,1,9,1.0,6
63472,HC,5,2,3,1,0.5,2
63472,HC,5,2,3,2,1.0,2
63472,HC,5,2,3,3,1.0,2
63472,HC,5,2,3,4,1.0,2
63472,HC,5,2,3,5,1.0,2
63472,HC,5,2,3,6,1.0,2
63472,HC,5,2,3,7,1.0,2
63472,HC,5,2,3,8,1.0,2
63472,HC,5,2,3,9,1.0,2
63472,HC,6,5,1,1,0.4,5
63472,HC,6,5,1,2,0.8,5
63472,HC,6,5,1,3,0.8,5
63472,HC,6,5,1,4,0.8,5
63472,HC,6,5,1,5,1.0,5
63472,HC,6,5,1,6,1.0,5
63472,HC,6,5,1,7,1.0,5
63472,HC,6,5,1,8,1.0,5
63472,HC,6,5,1,9,1.0,5
63472,HC,7,4,1,1,0.25,4
63472,HC,7,4,1,2,0.75,4
63472,HC,7,4,1,3,1.0,4
63472,HC,7,4,1,4,1.0,4
63472,HC,7,4,1,5,1.0,4
63472,HC,7,4,1,6,1.0,4
63472,HC,7,4,1,7,1.0,4
63472,HC,7,4,1,8,1.0,4
63472,HC,7,4,1,9,1.0,4
63472,HC,8,6,2,1,0.3333333333333333,6
63472,HC,8,6,2,2,0.6666666666666666,6
63472,HC,8,6,2,3,0.6666666666666666,6
63472,HC,8,6,2,4,0.8333333333333334,6
63472,HC,8,6,2,5,0.5,6
63472,HC,8,6,2,6,1.0,6
63472,HC,8,6,2,7,1.0,6
63472,HC,8,6,2,8,1.0,6
63472,HC,8,6,2,9,1.0,6
63472,HC,9,5,2,1,0.2,5
63472,HC,9,5,2,2,0.4,5
63472,HC,9,5,2,3,0.6,5
63472,HC,9,5,2,4,0.8,5
63472,HC,9,5,2,5,1.0,5
63472,HC,9,5,2,6,1.0,5
63472,HC,9,5,2,7,1.0,5
63472,HC,9,5,2,8,1.0,5
63472,HC,9,5,2,9,1.0,5
63472,HC,10,2,4,1,0.5,2
63472,HC,10,2,4,2,0.5,2
63472,HC,10,2,4,3,1.0,2
63472,HC,10,2,4,4,1.0,2
63472,HC,10,2,4,5,1.0,2
63472,HC,10,2,4,6,1.0,2
63472,HC,10,2,4,7,1.0,2
63472,HC,10,2,4,8,1.0,2
63472,HC,10,2,4,9,1.0,2
63472,HC,11,3,2,1,0.3333333333333333,3
63472,HC,11,3,2,2,0.3333333333333333,3
63472,HC,11,3,2,3,1.0,3
63472,HC,11,3,2,4,1.0,3
63472,HC,11,3,2,5,1.0,3
63472,HC,11,3,2,6,1.0,3
63472,HC,11,3,2,7,1.0,3
63472,HC,11,3,2,8,1.0,3
63472,HC,11,3,2,9,1.0,3
63472,HC,12,5,3,1,0.0,5
63472,HC,12,5,3,2,0.2,5
63472,HC,12,5,3,3,0.6,5
63472,HC,12,5,3,4,1.0,5
63472,HC,12,5,3,5,1.0,5
63472,HC,12,5,3,6,1.0,5
63472,HC,12,5,3,7,1.0,5
63472,HC,12,5,3,8,1.0,5
63472,HC,12,5,3,9,1.0,5
63472,HC,13,4,2,1,0.0,4
63472,HC,13,4,2,2,0.75,4
63472,HC,13,4,2,3,0.75,4
63472,HC,13,4,2,4,1.0,4
63472,HC,13,4,2,5,1.0,4
63472,HC,13,4,2,6,1.0,4
63472,HC,13,4,2,7,1.0,4
63472,HC,13,4,2,8,1.0,4
63472,HC,13,4,2,9,1.0,4
63808,HC,1,6,1,1,0.6666666666666666,6
63808,HC,1,6,1,2,0.6666666666666666,6
63808,HC,1,6,1,3,0.6666666666666666,6
63808,HC,1,6,1,4,1.0,6
63808,HC,1,6,1,5,1.0,6
63808,HC,1,6,1,6,1.0,6
63808,HC,1,6,1,7,1.0,6
63808,HC,1,6,1,8,1.0,6
63808,HC,1,6,1,9,1.0,6
63808,HC,2,2,1,1,1.0,2
63808,HC,2,2,1,2,1.0,2
63808,HC,2,2,1,3,1.0,2
63808,HC,2,2,1,4,1.0,2
63808,HC,2,2,1,5,1.0,2
63808,HC,2,2,1,6,1.0,2
63808,HC,2,2,1,7,1.0,2
63808,HC,2,2,1,8,1.0,2
63808,HC,2,2,1,9,1.0,2
63808,HC,3,2,2,1,0.5,2
63808,HC,3,2,2,2,1.0,2
63808,HC,3,2,2,3,1.0,2
63808,HC,3,2,2,4,1.0,2
63808,HC,3,2,2,5,1.0,2
63808,HC,3,2,2,6,1.0,2
63808,HC,3,2,2,7,1.0,2
63808,HC,3,2,2,8,1.0,2
63808,HC,3,2,2,9,1.0,2
63808,HC,4,5,1,1,0.4,5
63808,HC,4,5,1,2,0.6,5
63808,HC,4,5,1,3,0.8,5
63808,HC,4,5,1,4,1.0,5
63808,HC,4,5,1,5,1.0,5
63808,HC,4,5,1,6,1.0,5
63808,HC,4,5,1,7,1.0,5
63808,HC,4,5,1,8,1.0,5
63808,HC,4,5,1,9,1.0,5
63808,HC,5,3,1,1,0.3333333333333333,3
63808,HC,5,3,1,2,0.6666666666666666,3
63808,HC,5,3,1,3,1.0,3
63808,HC,5,3,1,4,1.0,3
63808,HC,5,3,1,5,1.0,3
63808,HC,5,3,1,6,1.0,3
63808,HC,5,3,1,7,1.0,3
63808,HC,5,3,1,8,1.0,3
63808,HC,5,3,1,9,1.0,3
63808,HC,6,4,1,1,0.5,4
63808,HC,6,4,1,2,0.5,4
63808,HC,6,4,1,3,0.75,4
63808,HC,6,4,1,4,0.5,4
63808,HC,6,4,1,5,1.0,4
63808,HC,6,4,1,6,1.0,4
63808,HC,6,4,1,7,0.75,4
63808,HC,6,4,1,8,1.0,4
63808,HC,6,4,1,9,1.0,4
63808,HC,7,2,3,1,0.0,2
63808,HC,7,2,3,2,0.0,2
63808,HC,7,2,3,3,1.0,2
63808,HC,7,2,3,4,1.0,2
63808,HC,7,2,3,5,1.0,2
63808,HC,7,2,3,6,1.0,2
63808,HC,7,2,3,7,1.0,2
63808,HC,7,2,3,8,1.0,2
63808,HC,7,2,3,9,1.0,2
63808,HC,8,6,2,1,0.3333333333333333,6
63808,HC,8,6,2,2,0.6666666666666666,6
63808,HC,8,6,2,3,0.6666666666666666,6
63808,HC,8,6,2,4,0.5,6
63808,HC,8,6,2,5,0.6666666666666666,6
63808,HC,8,6,2,6,0.6666666666666666,6
63808,HC,8,6,2,7,0.8333333333333334,6
63808,HC,8,6,2,8,1.0,6
63808,HC,8,6,2,9,1.0,6
63808,HC,9,5,2,1,0.4,5
63808,HC,9,5,2,2,0.6,5
63808,HC,9,5,2,3,0.6,5
63808,HC,9,5,2,4,0.4,5
63808,HC,9,5,2,5,0.6,5
63808,HC,9,5,2,6,0.6,5
63808,HC,9,5,2,7,0.6,5
63808,HC,9,5,2,8,1.0,5
63808,HC,9,5,2,9,1.0,5
63808,HC,10,2,4,1,0.5,2
63808,HC,10,2,4,2,0.5,2
63808,HC,10,2,4,3,1.0,2
63808,HC,10,2,4,4,1.0,2
63808,HC,10,2,4,5,1.0,2
63808,HC,10,2,4,6,1.0,2
63808,HC,10,2,4,7,1.0,2
63808,HC,10,2,4,8,1.0,2
63808,HC,10,2,4,9,1.0,2
63808,HC,11,5,3,1,0.2,5
63808,HC,11,5,3,2,0.6,5
63808,HC,11,5,3,3,1.0,5
63808,HC,11,5,3,4,1.0,5
63808,HC,11,5,3,5,1.0,5
63808,HC,11,5,3,6,1.0,5
63808,HC,11,5,3,7,1.0,5
63808,HC,11,5,3,8,1.0,5
63808,HC,11,5,3,9,1.0,5
63808,HC,12,3,2,1,0.3333333333333333,3
63808,HC,12,3,2,2,0.6666666666666666,3
63808,HC,12,3,2,3,1.0,3
63808,HC,12,3,2,4,1.0,3
63808,HC,12,3,2,5,1.0,3
63808,HC,12,3,2,6,1.0,3
63808,HC,12,3,2,7,1.0,3
63808,HC,12,3,2,8,1.0,3
63808,HC,12,3,2,9,1.0,3
63808,HC,13,4,2,1,0.0,4
63808,HC,13,4,2,2,0.0,4
63808,HC,13,4,2,3,0.75,4
63808,HC,13,4,2,4,1.0,4
63808,HC,13,4,2,5,0.75,4
63808,HC,13,4,2,6,1.0,4
63808,HC,13,4,2,7,1.0,4
63808,HC,13,4,2,8,1.0,4
63808,HC,13,4,2,9,1.0,4
64102,SZ,1,3,1,1,0.3333333333333333,3
64102,SZ,1,3,1,2,0.6666666666666666,3
64102,SZ,1,3,1,3,0.5,2
64102,SZ,1,3,1,4,1.0,3
64102,SZ,1,3,1,5,1.0,3
64102,SZ,1,3,1,6,1.0,3
64102,SZ,1,3,1,7,0.6666666666666666,3
64102,SZ,1,3,1,8,1.0,3
64102,SZ,1,3,1,9,1.0,3
64102,SZ,2,4,1,1,0.25,4
64102,SZ,2,4,1,2,0.5,4
64102,SZ,2,4,1,3,0.5,4
64102,SZ,2,4,1,4,0.75,4
64102,SZ,2,4,1,5,1.0,4
64102,SZ,2,4,1,6,1.0,4
64102,SZ,2,4,1,7,1.0,4
64102,SZ,2,4,1,8,1.0,4
64102,SZ,2,4,1,9,1.0,4
64102,SZ,3,6,1,1,0.16666666666666666,6
64102,SZ,3,6,1,2,0.6,5
64102,SZ,3,6,1,3,0.3333333333333333,6
64102,SZ,3,6,1,4,0.6666666666666666,6
64102,SZ,3,6,1,5,0.8333333333333334,6
64102,SZ,3,6,1,6,0.8333333333333334,6
64102,SZ,3,6,1,7,0.6666666666666666,6
64102,SZ,3,6,1,8,0.5,6
64102,SZ,3,6,1,9,0.6666666666666666,6
64102,SZ,4,2,1,1,0.5,2
64102,SZ,4,2,1,2,0.5,2
64102,SZ,4,2,1,3,1.0,2
64102,SZ,4,2,1,4,1.0,2
64102,SZ,4,2,1,5,1.0,2
64102,SZ,4,2,1,6,1.0,2
64102,SZ,4,2,1,7,1.0,2
64102,SZ,4,2,1,8,0.5,2
64102,SZ,4,2,1,9,1.0,2
64102,SZ,5,2,2,1,0.0,2
64102,SZ,5,2,2,2,0.5,2
64102,SZ,5,2,2,3,1.0,2
64102,SZ,5,2,2,4,1.0,2
64102,SZ,5,2,2,5,1.0,2
64102,SZ,5,2,2,6,1.0,2
64102,SZ,5,2,2,7,1.0,2
64102,SZ,5,2,2,8,1.0,2
64102,SZ,5,2,2,9,1.0,2
64102,SZ,6,5,1,1,0.6,5
64102,SZ,6,5,1,2,1.0,5
64102,SZ,6,5,1,3,1.0,5
64102,SZ,6,5,1,4,0.8,5
64102,SZ,6,5,1,5,1.0,5
64102,SZ,6,5,1,6,1.0,5
64102,SZ,6,5,1,7,1.0,5
64102,SZ,6,5,1,8,1.0,5
64102,SZ,6,5,1,9,1.0,5
64102,SZ,7,2,3,1,1.0,2
64102,SZ,7,2,3,2,1.0,2
64102,SZ,7,2,3,3,1.0,2
64102,SZ,7,2,3,4,1.0,2
64102,SZ,7,2,3,5,1.0,2
64102,SZ,7,2,3,6,1.0,2
64102,SZ,7,2,3,7,1.0,2
64102,SZ,7,2,3,8,1.0,2
64102,SZ,7,2,3,9,1.0,2
64102,SZ,8,6,2,1,0.8333333333333334,6
64102,SZ,8,6,2,2,0.8333333333333334,6
64102,SZ,8,6,2,3,1.0,6
64102,SZ,8,6,2,4,1.0,6
64102,SZ,8,6,2,5,1.0,6
64102,SZ,8,6,2,6,0.8333333333333334,6
64102,SZ,8,6,2,7,1.0,6
64102,SZ,8,6,2,8,1.0,6
64102,SZ,8,6,2,9,1.0,6
64102,SZ,9,5,2,1,0.2,5
64102,SZ,9,5,2,2,0.8,5
64102,SZ,9,5,2,3,0.8,5
64102,SZ,9,5,2,4,1.0,5
64102,SZ,9,5,2,5,0.8,5
64102,SZ,9,5,2,6,1.0,5
64102,SZ,9,5,2,7,1.0,5
64102,SZ,9,5,2,8,1.0,5
64102,SZ,9,5,2,9,1.0,5
64102,SZ,10,3,2,1,1.0,3
64102,SZ,10,3,2,2,1.0,3
64102,SZ,10,3,2,3,1.0,3
64102,SZ,10,3,2,4,1.0,3
64102,SZ,10,3,2,5,1.0,3
64102,SZ,10,3,2,6,1.0,3
64102,SZ,10,3,2,7,1.0,3
64102,SZ,10,3,2,8,1.0,3
64102,SZ,10,3,2,9,1.0,3
64102,SZ,11,4,2,1,0.25,4
64102,SZ,11,4,2,2,1.0,4
64102,SZ,11,4,2,3,1.0,4
64102,SZ,11,4,2,4,1.0,4
64102,SZ,11,4,2,5,1.0,4
64102,SZ,11,4,2,6,1.0,4
64102,SZ,11,4,2,7,1.0,4
64102,SZ,11,4,2,8,1.0,4
64102,SZ,11,4,2,9,1.0,4
64102,SZ,12,2,4,1,0.0,2
64102,SZ,12,2,4,2,1.0,2
64102,SZ,12,2,4,3,1.0,2
64102,SZ,12,2,4,4,1.0,2
64102,SZ,12,2,4,5,1.0,2
64102,SZ,12,2,4,6,1.0,2
64102,SZ,12,2,4,7,1.0,2
64102,SZ,12,2,4,8,1.0,2
64102,SZ,12,2,4,9,1.0,2
64102,SZ,13,5,3,1,0.6,5
64102,SZ,13,5,3,2,0.6,5
64102,SZ,13,5,3,3,0.8,5
64102,SZ,13,5,3,4,1.0,5
64102,SZ,13,5,3,5,1.0,5
64102,SZ,13,5,3,6,0.8,5
64102,SZ,13,5,3,7,1.0,5
64102,SZ,13,5,3,8,1.0,5
64102,SZ,13,5,3,9,1.0,5
65046,HC,1,6,1,1,0.3333333333333333,6
65046,HC,1,6,1,2,0.6666666666666666,6
65046,HC,1,6,1,3,0.6666666666666666,6
65046,HC,1,6,1,4,0.5,6
65046,HC,1,6,1,5,0.6666666666666666,6
65046,HC,1,6,1,6,0.5,6
65046,HC,1,6,1,7,0.6666666666666666,6
65046,HC,1,6,1,8,0.6666666666666666,6
65046,HC,1,6,1,9,1.0,6
65046,HC,2,2,1,1,0.0,2
65046,HC,2,2,1,2,0.5,2
65046,HC,2,2,1,3,1.0,2
65046,HC,2,2,1,4,1.0,2
65046,HC,2,2,1,5,1.0,2
65046,HC,2,2,1,6,1.0,2
65046,HC,2,2,1,7,1.0,2
65046,HC,2,2,1,8,1.0,2
65046,HC,2,2,1,9,1.0,2
65046,HC,3,2,2,1,1.0,2
65046,HC,3,2,2,2,1.0,2
65046,HC,3,2,2,3,1.0,2
65046,HC,3,2,2,4,1.0,2
65046,HC,3,2,2,5,1.0,2
65046,HC,3,2,2,6,1.0,2
65046,HC,3,2,2,7,1.0,2
65046,HC,3,2,2,8,1.0,2
65046,HC,3,2,2,9,1.0,2
65046,HC,4,2,3,1,0.5,2
65046,HC,4,2,3,2,0.5,2
65046,HC,4,2,3,3,1.0,2
65046,HC,4,2,3,4,1.0,2
65046,HC,4,2,3,5,1.0,2
65046,HC,4,2,3,6,1.0,2
65046,HC,4,2,3,7,1.0,2
65046,HC,4,2,3,8,1.0,2
65046,HC,4,2,3,9,1.0,2
65046,HC,5,3,1,1,0.6666666666666666,3
65046,HC,5,3,1,2,0.6666666666666666,3
65046,HC,5,3,1,3,1.0,3
65046,HC,5,3,1,4,1.0,3
65046,HC,5,3,1,5,1.0,3
65046,HC,5,3,1,6,1.0,3
65046,HC,5,3,1,7,1.0,3
65046,HC,5,3,1,8,1.0,3
65046,HC,5,3,1,9,1.0,3
65046,HC,6,4,1,1,0.0,4
65046,HC,6,4,1,2,0.25,4
65046,HC,6,4,1,3,0.25,4
65046,HC,6,4,1,4,1.0,4
65046,HC,6,4,1,5,1.0,4
65046,HC,6,4,1,6,1.0,4
65046,HC,6,4,1,7,1.0,4
65046,HC,6,4,1,8,1.0,4
65046,HC,6,4,1,9,1.0,4
65046,HC,7,5,1,1,0.4,5
65046,HC,7,5,1,2,0.8,5
65046,HC,7,5,1,3,1.0,5
65046,HC,7,5,1,4,1.0,5
65046,HC,7,5,1,5,1.0,5
65046,HC,7,5,1,6,1.0,5
65046,HC,7,5,1,7,1.0,5
65046,HC,7,5,1,8,1.0,5
65046,HC,7,5,1,9,1.0,5
65046,HC,8,6,2,1,0.3333333333333333,6
65046,HC,8,6,2,2,0.8333333333333334,6
65046,HC,8,6,2,3,0.6666666666666666,6
65046,HC,8,6,2,4,1.0,6
65046,HC,8,6,2,5,0.8333333333333334,6
65046,HC,8,6,2,6,1.0,6
65046,HC,8,6,2,7,1.0,6
65046,HC,8,6,2,8,1.0,6
65046,HC,8,6,2,9,1.0,6
65046,HC,9,5,2,1,0.2,5
65046,HC,9,5,2,2,0.4,5
65046,HC,9,5,2,3,0.6,5
65046,HC,9,5,2,4,1.0,5
65046,HC,9,5,2,5,1.0,5
65046,HC,9,5,2,6,1.0,5
65046,HC,9,5,2,7,1.0,5
65046,HC,9,5,2,8,1.0,5
65046,HC,9,5,2,9,1.0,5
65046,HC,10,2,4,1,0.5,2
65046,HC,10,2,4,2,1.0,2
65046,HC,10,2,4,3,1.0,2
65046,HC,10,2,4,4,1.0,2
65046,HC,10,2,4,5,1.0,2
65046,HC,10,2,4,6,0.5,2
65046,HC,10,2,4,7,1.0,2
65046,HC,10,2,4,8,1.0,2
65046,HC,10,2,4,9,1.0,2
65046,HC,11,3,2,1,0.3333333333333333,3
65046,HC,11,3,2,2,1.0,3
65046,HC,11,3,2,3,1.0,3
65046,HC,11,3,2,4,1.0,3
65046,HC,11,3,2,5,1.0,3
65046,HC,11,3,2,6,1.0,3
65046,HC,11,3,2,7,1.0,3
65046,HC,11,3,2,8,1.0,3
65046,HC,11,3,2,9,1.0,3
65046,HC,12,4,2,1,0.5,4
65046,HC,12,4,2,2,0.75,4
65046,HC,12,4,2,3,1.0,4
65046,HC,12,4,2,4,1.0,4
65046,HC,12,4,2,5,1.0,4
65046,HC,12,4,2,6,1.0,4
65046,HC,12,4,2,7,1.0,4
65046,HC,12,4,2,8,1.0,4
65046,HC,12,4,2,9,1.0,4
65046,HC,13,5,3,1,0.4,5
65046,HC,13,5,3,2,0.8,5
65046,HC,13,5,3,3,1.0,5
65046,HC,13,5,3,4,0.8,5
65046,HC,13,5,3,5,1.0,5
65046,HC,13,5,3,6,1.0,5
65046,HC,13,5,3,7,1.0,5
65046,HC,13,5,3,8,1.0,5
65046,HC,13,5,3,9,1.0,5
65788,HC,1,3,1,1,0.6666666666666666,3
65788,HC,1,3,1,2,0.6666666666666666,3
65788,HC,1,3,1,3,1.0,3
65788,HC,1,3,1,4,1.0,3
65788,HC,1,3,1,5,1.0,3
65788,HC,1,3,1,6,1.0,3
65788,HC,1,3,1,7,1.0,3
65788,HC,1,3,1,8,1.0,3
65788,HC,1,3,1,9,1.0,3
65788,HC,2,2,1,1,0.0,2
65788,HC,2,2,1,2,0.5,2
65788,HC,2,2,1,3,1.0,2
65788,HC,2,2,1,4,1.0,2
65788,HC,2,2,1,5,1.0,2
65788,HC,2,2,1,6,1.0,2
65788,HC,2,2,1,7,1.0,2
65788,HC,2,2,1,8,1.0,2
65788,HC,2,2,1,9,1.0,2
65788,HC,3,4,1,1,0.25,4
65788,HC,3,4,1,2,0.5,4
65788,HC,3,4,1,3,0.75,4
65788,HC,3,4,1,4,1.0,4
65788,HC,3,4,1,5,1.0,4
65788,HC,3,4,1,6,0.75,4
65788,HC,3,4,1,7,1.0,4
65788,HC,3,4,1,8,1.0,4
65788,HC,3,4,1,9,1.0,4
65788,HC,4,6,1,1,0.0,6
65788,HC,4,6,1,2,0.8333333333333334,6
65788,HC,4,6,1,3,0.6666666666666666,6
65788,HC,4,6,1,4,1.0,6
65788,HC,4,6,1,5,0.8333333333333334,6
65788,HC,4,6,1,6,1.0,6
65788,HC,4,6,1,7,1.0,6
65788,HC,4,6,1,8,1.0,6
65788,HC,4,6,1,9,0.8333333333333334,6
65788,HC,5,2,2,1,1.0,2
65788,HC,5,2,2,2,1.0,2
65788,HC,5,2,2,3,1.0,2
65788,HC,5,2,2,4,0.5,2
65788,HC,5,2,2,5,1.0,2
65788,HC,5,2,2,6,1.0,2
65788,HC,5,2,2,7,1.0,2
65788,HC,5,2,2,8,1.0,2
65788,HC,5,2,2,9,1.0,2
65788,HC,6,2,3,1,0.0,2
65788,HC,6,2,3,2,0.5,2
65788,HC,6,2,3,3,1.0,2
65788,HC,6,2,3,4,1.0,2
65788,HC,6,2,3,5,1.0,2
65788,HC,6,2,3,6,1.0,2
65788,HC,6,2,3,7,1.0,2
65788,HC,6,2,3,8,1.0,2
65788,HC,6,2,3,9,1.0,2
65788,HC,7,5,1,1,0.6,5
65788,HC,7,5,1,2,0.6,5
65788,HC,7,5,1,3,0.6,5
65788,HC,7,5,1,4,0.8,5
65788,HC,7,5,1,5,1.0,5
65788,HC,7,5,1,6,1.0,5
65788,HC,7,5,1,7,1.0,5
65788,HC,7,5,1,8,1.0,5
65788,HC,7,5,1,9,1.0,5
65788,HC,8,5,2,1,0.4,5
65788,HC,8,5,2,2,0.6,5
65788,HC,8,5,2,3,1.0,5
65788,HC,8,5,2,4,1.0,5
65788,HC,8,5,2,5,1.0,5
65788,HC,8,5,2,6,1.0,5
65788,HC,8,5,2,7,1.0,5
65788,HC,8,5,2,8,1.0,5
65788,HC,8,5,2,9,1.0,5
65788,HC,9,6,2,1,0.5,6
65788,HC,9,6,2,2,0.6666666666666666,6
65788,HC,9,6,2,3,0.8333333333333334,6
65788,HC,9,6,2,4,0.8333333333333334,6
65788,HC,9,6,2,5,0.8333333333333334,6
65788,HC,9,6,2,6,0.8333333333333334,6
65788,HC,9,6,2,7,1.0,6
65788,HC,9,6,2,8,1.0,6
65788,HC,9,6,2,9,0.8333333333333334,6
65788,HC,10,3,2,1,0.3333333333333333,3
65788,HC,10,3,2,2,0.3333333333333333,3
65788,HC,10,3,2,3,0.3333333333333333,3
65788,HC,10,3,2,4,1.0,3
65788,HC,10,3,2,5,1.0,3
65788,HC,10,3,2,6,1.0,3
65788,HC,10,3,2,7,1.0,3
65788,HC,10,3,2,8,1.0,3
65788,HC,10,3,2,9,1.0,3
65788,HC,11,2,4,1,0.0,2
65788,HC,11,2,4,2,1.0,2
65788,HC,11,2,4,3,1.0,2
65788,HC,11,2,4,4,1.0,2
65788,HC,11,2,4,5,1.0,2
65788,HC,11,2,4,6,1.0,2
65788,HC,11,2,4,7,1.0,2
65788,HC,11,2,4,8,1.0,2
65788,HC,11,2,4,9,1.0,2
65788,HC,12,4,2,1,0.5,4
65788,HC,12,4,2,2,0.75,4
65788,HC,12,4,2,3,1.0,4
65788,HC,12,4,2,4,1.0,4
65788,HC,12,4,2,5,1.0,4
65788,HC,12,4,2,6,1.0,4
65788,HC,12,4,2,7,1.0,4
65788,HC,12,4,2,8,1.0,4
65788,HC,12,4,2,9,1.0,4
65788,HC,13,5,3,1,0.0,5
65788,HC,13,5,3,2,0.4,5
65788,HC,13,5,3,3,0.4,5
65788,HC,13,5,3,4,0.6,5
65788,HC,13,5,3,5,0.8,5
65788,HC,13,5,3,6,1.0,5
65788,HC,13,5,3,7,0.75,4
65788,HC,13,5,3,8,0.8,5
65788,HC,13,5,3,9,1.0,5
68051,HC,1,4,1,1,0.3333333333333333,3
68051,HC,1,4,1,2,0.75,4
68051,HC,1,4,1,3,0.75,4
68051,HC,1,4,1,4,1.0,4
68051,HC,1,4,1,5,1.0,4
68051,HC,1,4,1,6,1.0,4
68051,HC,1,4,1,7,1.0,4
68051,HC,1,4,1,8,1.0,4
68051,HC,1,4,1,9,1.0,4
68051,HC,2,5,1,1,0.4,5
68051,HC,2,5,1,2,0.8,5
68051,HC,2,5,1,3,1.0,4
68051,HC,2,5,1,4,0.6,5
68051,HC,2,5,1,5,1.0,5
68051,HC,2,5,1,6,1.0,5
68051,HC,2,5,1,7,1.0,5
68051,HC,2,5,1,8,1.0,5
68051,HC,2,5,1,9,1.0,5
68051,HC,3,2,1,1,1.0,2
68051,HC,3,2,1,2,1.0,2
68051,HC,3,2,1,3,1.0,2
68051,HC,3,2,1,4,1.0,2
68051,HC,3,2,1,5,1.0,2
68051,HC,3,2,1,6,1.0,2
68051,HC,3,2,1,7,1.0,2
68051,HC,3,2,1,8,1.0,2
68051,HC,3,2,1,9,1.0,2
68051,HC,4,3,1,1,0.3333333333333333,3
68051,HC,4,3,1,2,0.6666666666666666,3
68051,HC,4,3,1,3,1.0,3
68051,HC,4,3,1,4,1.0,3
68051,HC,4,3,1,5,1.0,3
68051,HC,4,3,1,6,1.0,3
68051,HC,4,3,1,7,1.0,3
68051,HC,4,3,1,8,1.0,3
68051,HC,4,3,1,9,1.0,3
68051,HC,5,6,1,1,0.3333333333333333,6
68051,HC,5,6,1,2,0.5,6
68051,HC,5,6,1,3,0.6666666666666666,6
68051,HC,5,6,1,4,0.6666666666666666,6
68051,HC,5,6,1,5,0.6666666666666666,6
68051,HC,5,6,1,6,0.8333333333333334,6
68051,HC,5,6,1,7,0.8333333333333334,6
68051,HC,5,6,1,8,0.8333333333333334,6
68051,HC,5,6,1,9,1.0,6
68051,HC,6,2,2,1,0.0,2
68051,HC,6,2,2,2,0.5,2
68051,HC,6,2,2,3,1.0,2
68051,HC,6,2,2,4,1.0,2
68051,HC,6,2,2,5,1.0,2
68051,HC,6,2,2,6,1.0,2
68051,HC,6,2,2,7,1.0,2
68051,HC,6,2,2,8,1.0,2
68051,HC,6,2,2,9,1.0,2
68051,HC,7,2,3,1,0.5,2
68051,HC,7,2,3,2,1.0,2
68051,HC,7,2,3,3,1.0,2
68051,HC,7,2,3,4,1.0,2
68051,HC,7,2,3,5,1.0,2
68051,HC,7,2,3,6,1.0,2
68051,HC,7,2,3,7,1.0,2
68051,HC,7,2,3,8,1.0,2
68051,HC,7,2,3,9,1.0,2
68051,HC,8,5,2,1,0.2,5
68051,HC,8,5,2,2,0.6,5
68051,HC,8,5,2,3,0.8,5
68051,HC,8,5,2,4,0.8,5
68051,HC,8,5,2,5,1.0,5
68051,HC,8,5,2,6,1.0,5
68051,HC,8,5,2,7,1.0,5
68051,HC,8,5,2,8,1.0,5
68051,HC,8,5,2,9,1.0,5
68051,HC,9,6,2,1,0.6666666666666666,6
68051,HC,9,6,2,2,0.8333333333333334,6
68051,HC,9,6,2,3,1.0,6
68051,HC,9,6,2,4,0.8333333333333334,6
68051,HC,9,6,2,5,1.0,6
68051,HC,9,6,2,6,1.0,6
68051,HC,9,6,2,7,1.0,6
68051,HC,9,6,2,8,1.0,6
68051,HC,9,6,2,9,1.0,6
68051,HC,10,4,2,1,0.25,4
68051,HC,10,4,2,2,0.75,4
68051,HC,10,4,2,3,1.0,4
68051,HC,10,4,2,4,1.0,4
68051,HC,10,4,2,5,1.0,4
68051,HC,10,4,2,6,1.0,4
68051,HC,10,4,2,7,1.0,4
68051,HC,10,4,2,8,1.0,4
68051,HC,10,4,2,9,1.0,4
68051,HC,11,5,3,1,0.2,5
68051,HC,11,5,3,2,0.2,5
68051,HC,11,5,3,3,0.4,5
68051,HC,11,5,3,4,0.8,5
68051,HC,11,5,3,5,0.6,5
68051,HC,11,5,3,6,0.8,5
68051,HC,11,5,3,7,1.0,5
68051,HC,11,5,3,8,1.0,5
68051,HC,11,5,3,9,1.0,5
68051,HC,12,2,4,1,0.0,2
68051,HC,12,2,4,2,0.5,2
68051,HC,12,2,4,3,1.0,2
68051,HC,12,2,4,4,1.0,2
68051,HC,12,2,4,5,1.0,2
68051,HC,12,2,4,6,1.0,2
68051,HC,12,2,4,7,1.0,2
68051,HC,12,2,4,8,1.0,2
68051,HC,12,2,4,9,1.0,2
68051,HC,13,3,2,1,0.6666666666666666,3
68051,HC,13,3,2,2,0.6666666666666666,3
68051,HC,13,3,2,3,1.0,3
68051,HC,13,3,2,4,1.0,3
68051,HC,13,3,2,5,1.0,3
68051,HC,13,3,2,6,1.0,3
68051,HC,13,3,2,7,1.0,3
68051,HC,13,3,2,8,1.0,3
68051,HC,13,3,2,9,1.0,3
69355,SZ,1,2,1,1,0.5,2
69355,SZ,1,2,1,2,1.0,2
69355,SZ,1,2,1,3,1.0,2
69355,SZ,1,2,1,4,1.0,2
69355,SZ,1,2,1,5,1.0,2
69355,SZ,1,2,1,6,1.0,2
69355,SZ,1,2,1,7,0.5,2
69355,SZ,1,2,1,8,1.0,2
69355,SZ,1,2,1,9,1.0,2
69355,SZ,2,3,1,1,0.6666666666666666,3
69355,SZ,2,3,1,2,1.0,3
69355,SZ,2,3,1,3,1.0,3
69355,SZ,2,3,1,4,1.0,3
69355,SZ,2,3,1,5,1.0,3
69355,SZ,2,3,1,6,1.0,3
69355,SZ,2,3,1,7,1.0,3
69355,SZ,2,3,1,8,1.0,3
69355,SZ,2,3,1,9,1.0,3
69355,SZ,3,2,2,1,0.5,2
69355,SZ,3,2,2,2,0.0,2
69355,SZ,3,2,2,3,0.0,2
69355,SZ,3,2,2,4,0.0,2
69355,SZ,3,2,2,5,1.0,2
69355,SZ,3,2,2,6,0.0,2
69355,SZ,3,2,2,7,1.0,2
69355,SZ,3,2,2,8,1.0,2
69355,SZ,3,2,2,9,0.5,2
69355,SZ,4,4,1,1,0.5,4
69355,SZ,4,4,1,2,0.0,4
69355,SZ,4,4,1,3,0.0,4
69355,SZ,4,4,1,4,0.5,4
69355,SZ,4,4,1,5,0.5,4
69355,SZ,4,4,1,6,0.25,4
69355,SZ,4,4,1,7,0.5,4
69355,SZ,4,4,1,8,0.75,4
69355,SZ,4,4,1,9,1.0,4
69355,SZ,5,2,3,1,0.5,2
69355,SZ,5,2,3,2,1.0,2
69355,SZ,5,2,3,3,0.5,2
69355,SZ,5,2,3,4,0.5,2
69355,SZ,5,2,3,5,1.0,2
69355,SZ,5,2,3,6,1.0,1
69355,SZ,5,2,3,7,1.0,2
69355,SZ,5,2,3,8,1.0,2
69355,SZ,5,2,3,9,1.0,2
69355,SZ,6,5,1,1,0.2,5
69355,SZ,6,5,1,2,0.2,5
69355,SZ,6,5,1,3,0.6,5
69355,SZ,6,5,1,4,0.4,5
69355,SZ,6,5,1,5,0.6,5
69355,SZ,6,5,1,6,0.6,5
69355,SZ,6,5,1,7,0.8,5
69355,SZ,6,5,1,8,1.0,5
69355,SZ,6,5,1,9,0.6,5
69355,SZ,7,6,1,1,0.3333333333333333,6
69355,SZ,7,6,1,2,0.5,6
69355,SZ,7,6,1,3,0.16666666666666666,6
69355,SZ,7,6,1,4,0.5,6
69355,SZ,7,6,1,5,0.3333333333333333,6
69355,SZ,7,6,1,6,0.5,6
69355,SZ,7,6,1,7,0.5,6
69355,SZ,7,6,1,8,0.6666666666666666,6
69355,SZ,7,6,1,9,0.6666666666666666,6
69355,SZ,8,5,2,1,0.2,5
69355,SZ,8,5,2,2,0.2,5
69355,SZ,8,5,2,3,0.6,5
69355,SZ,8,5,2,4,0.6,5
69355,SZ,8,5,2,5,0.8,5
69355,SZ,8,5,2,6,1.0,5
69355,SZ,8,5,2,7,1.0,5
69355,SZ,8,5,2,8,1.0,5
69355,SZ,8,5,2,9,0.8,5
69355,SZ,9,6,2,1,0.3333333333333333,6
69355,SZ,9,6,2,2,0.3333333333333333,6
69355,SZ,9,6,2,3,0.5,6
69355,SZ,9,6,2,4,0.6666666666666666,6
69355,SZ,9,6,2,5,0.6666666666666666,6
69355,SZ,9,6,2,6,1.0,6
69355,SZ,9,6,2,7,1.0,6
69355,SZ,9,6,2,8,1.0,6
69355,SZ,9,6,2,9,1.0,6
69355,SZ,10,2,4,1,1.0,2
69355,SZ,10,2,4,2,1.0,2
69355,SZ,10,2,4,3,1.0,2
69355,SZ,10,2,4,4,1.0,2
69355,SZ,10,2,4,5,1.0,2
69355,SZ,10,2,4,6,1.0,2
69355,SZ,10,2,4,7,1.0,2
69355,SZ,10,2,4,8,1.0,2
69355,SZ,10,2,4,9,1.0,2
69355,SZ,11,3,2,1,0.3333333333333333,3
69355,SZ,11,3,2,2,0.6666666666666666,3
69355,SZ,11,3,2,3,0.3333333333333333,3
69355,SZ,11,3,2,4,0.3333333333333333,3
69355,SZ,11,3,2,5,0.6666666666666666,3
69355,SZ,11,3,2,6,1.0,3
69355,SZ,11,3,2,7,0.6666666666666666,3
69355,SZ,11,3,2,8,1.0,3
69355,SZ,11,3,2,9,1.0,3
69355,SZ,12,4,2,1,0.25,4
69355,SZ,12,4,2,2,0.25,4
69355,SZ,12,4,2,3,0.75,4
69355,SZ,12,4,2,4,1.0,4
69355,SZ,12,4,2,5,1.0,4
69355,SZ,12,4,2,6,1.0,4
69355,SZ,12,4,2,7,0.5,4
69355,SZ,12,4,2,8,1.0,4
69355,SZ,12,4,2,9,0.75,4
69355,SZ,13,5,3,1,0.2,5
69355,SZ,13,5,3,2,0.8,5
69355,SZ,13,5,3,3,0.8,5
69355,SZ,13,5,3,4,1.0,5
69355,SZ,13,5,3,5,0.8,5
69355,SZ,13,5,3,6,0.6,5
69355,SZ,13,5,3,7,1.0,5
69355,SZ,13,5,3,8,1.0,5
69355,SZ,13,5,3,9,1.0,5
69851,HC,1,3,1,1,0.3333333333333333,3
69851,HC,1,3,1,2,0.6666666666666666,3
69851,HC,1,3,1,3,1.0,3
69851,HC,1,3,1,4,1.0,3
69851,HC,1,3,1,5,1.0,3
69851,HC,1,3,1,6,1.0,3
69851,HC,1,3,1,7,1.0,3
69851,HC,1,3,1,8,1.0,3
69851,HC,1,3,1,9,1.0,3
69851,HC,2,4,1,1,0.0,4
69851,HC,2,4,1,2,0.5,4
69851,HC,2,4,1,3,0.75,4
69851,HC,2,4,1,4,0.5,4
69851,HC,2,4,1,5,0.25,4
69851,HC,2,4,1,6,0.25,4
69851,HC,2,4,1,7,0.0,4
69851,HC,2,4,1,8,0.25,4
69851,HC,2,4,1,9,0.5,4
69851,HC,3,6,1,1,0.5,6
69851,HC,3,6,1,2,0.3333333333333333,6
69851,HC,3,6,1,3,0.6666666666666666,6
69851,HC,3,6,1,4,0.6666666666666666,6
69851,HC,3,6,1,5,0.5,6
69851,HC,3,6,1,6,0.5,6
69851,HC,3,6,1,7,0.6666666666666666,6
69851,HC,3,6,1,8,0.6666666666666666,6
69851,HC,3,6,1,9,0.6666666666666666,6
69851,HC,4,2,1,1,0.0,2
69851,HC,4,2,1,2,1.0,2
69851,HC,4,2,1,3,0.5,2
69851,HC,4,2,1,4,1.0,2
69851,HC,4,2,1,5,1.0,2
69851,HC,4,2,1,6,1.0,2
69851,HC,4,2,1,7,1.0,2
69851,HC,4,2,1,8,1.0,2
69851,HC,4,2,1,9,1.0,2
69851,HC,5,2,2,1,1.0,1
69851,HC,5,2,2,2,0.5,2
69851,HC,5,2,2,3,1.0,2
69851,HC,5,2,2,4,1.0,2
69851,HC,5,2,2,5,1.0,2
69851,HC,5,2,2,6,1.0,2
69851,HC,5,2,2,7,1.0,2
69851,HC,5,2,2,8,1.0,2
69851,HC,5,2,2,9,0.5,2
69851,HC,6,5,1,1,0.2,5
69851,HC,6,5,1,2,0.8,5
69851,HC,6,5,1,3,0.8,5
69851,HC,6,5,1,4,0.8,5
69851,HC,6,5,1,5,1.0,5
69851,HC,6,5,1,6,1.0,5
69851,HC,6,5,1,7,1.0,5
69851,HC,6,5,1,8,1.0,5
69851,HC,6,5,1,9,1.0,5
69851,HC,7,2,3,1,0.5,2
69851,HC,7,2,3,2,1.0,2
69851,HC,7,2,3,3,1.0,2
69851,HC,7,2,3,4,1.0,2
69851,HC,7,2,3,5,1.0,2
69851,HC,7,2,3,6,1.0,2
69851,HC,7,2,3,7,1.0,2
69851,HC,7,2,3,8,1.0,2
69851,HC,7,2,3,9,1.0,2
69851,HC,8,6,2,1,0.5,6
69851,HC,8,6,2,2,1.0,6
69851,HC,8,6,2,3,0.6666666666666666,6
69851,HC,8,6,2,4,0.6666666666666666,6
69851,HC,8,6,2,5,0.6666666666666666,6
69851,HC,8,6,2,6,0.8333333333333334,6
69851,HC,8,6,2,7,0.8333333333333334,6
69851,HC,8,6,2,8,1.0,6
69851,HC,8,6,2,9,1.0,6
69851,HC,9,5,2,1,0.6,5
69851,HC,9,5,2,2,0.6,5
69851,HC,9,5,2,3,1.0,5
69851,HC,9,5,2,4,1.0,5
69851,HC,9,5,2,5,1.0,5
69851,HC,9,5,2,6,1.0,5
69851,HC,9,5,2,7,1.0,5
69851,HC,9,5,2,8,1.0,5
69851,HC,9,5,2,9,1.0,5
69851,HC,10,3,2,1,0.6666666666666666,3
69851,HC,10,3,2,2,0.6666666666666666,3
69851,HC,10,3,2,3,1.0,3
69851,HC,10,3,2,4,1.0,3
69851,HC,10,3,2,5,1.0,3
69851,HC,10,3,2,6,1.0,3
69851,HC,10,3,2,7,1.0,3
69851,HC,10,3,2,8,1.0,3
69851,HC,10,3,2,9,1.0,3
69851,HC,11,4,2,1,0.25,4
69851,HC,11,4,2,2,0.5,4
69851,HC,11,4,2,3,1.0,4
69851,HC,11,4,2,4,0.75,4
69851,HC,11,4,2,5,1.0,4
69851,HC,11,4,2,6,1.0,4
69851,HC,11,4,2,7,1.0,4
69851,HC,11,4,2,8,1.0,4
69851,HC,11,4,2,9,1.0,4
69851,HC,12,2,4,1,0.5,2
69851,HC,12,2,4,2,1.0,2
69851,HC,12,2,4,3,1.0,2
69851,HC,12,2,4,4,1.0,2
69851,HC,12,2,4,5,1.0,2
69851,HC,12,2,4,6,1.0,2
69851,HC,12,2,4,7,1.0,2
69851,HC,12,2,4,8,1.0,2
69851,HC,12,2,4,9,1.0,2
69851,HC,13,5,3,1,0.6,5
69851,HC,13,5,3,2,0.8,5
69851,HC,13,5,3,3,0.8,5
69851,HC,13,5,3,4,0.8,5
69851,HC,13,5,3,5,1.0,5
69851,HC,13,5,3,6,1.0,5
69851,HC,13,5,3,7,1.0,5
69851,HC,13,5,3,8,1.0,5
69851,HC,13,5,3,9,1.0,5
70165,SZ,1,2,1,1,0.0,2
70165,SZ,1,2,1,2,0.0,2
70165,SZ,1,2,1,3,0.0,2
70165,SZ,1,2,1,4,0.0,2
70165,SZ,1,2,1,5,0.5,2
70165,SZ,1,2,1,6,0.5,2
70165,SZ,1,2,1,7,1.0,2
70165,SZ,1,2,1,8,1.0,2
70165,SZ,1,2,1,9,1.0,2
70165,SZ,2,4,1,1,0.0,4
70165,SZ,2,4,1,2,0.25,4
70165,SZ,2,4,1,3,0.0,4
70165,SZ,2,4,1,4,0.5,4
70165,SZ,2,4,1,5,0.5,4
70165,SZ,2,4,1,6,0.75,4
70165,SZ,2,4,1,7,0.5,4
70165,SZ,2,4,1,8,0.75,4
70165,SZ,2,4,1,9,0.5,4
70165,SZ,3,3,1,1,0.6666666666666666,3
70165,SZ,3,3,1,2,0.6666666666666666,3
70165,SZ,3,3,1,3,0.6666666666666666,3
70165,SZ,3,3,1,4,1.0,3
70165,SZ,3,3,1,5,1.0,3
70165,SZ,3,3,1,6,0.3333333333333333,3
70165,SZ,3,3,1,7,0.6666666666666666,3
70165,SZ,3,3,1,8,1.0,3
70165,SZ,3,3,1,9,1.0,3
70165,SZ,4,5,1,1,0.4,5
70165,SZ,4,5,1,2,0.6,5
70165,SZ,4,5,1,3,0.4,5
70165,SZ,4,5,1,4,0.4,5
70165,SZ,4,5,1,5,0.2,5
70165,SZ,4,5,1,6,0.4,5
70165,SZ,4,5,1,7,0.4,5
70165,SZ,4,5,1,8,0.4,5
70165,SZ,4,5,1,9,0.6666666666666666,3
70165,SZ,5,2,2,1,0.0,2
70165,SZ,5,2,2,2,0.5,2
70165,SZ,5,2,2,3,0.5,2
70165,SZ,5,2,2,4,1.0,2
70165,SZ,5,2,2,5,1.0,2
70165,SZ,5,2,2,6,1.0,2
70165,SZ,5,2,2,7,1.0,2
70165,SZ,5,2,2,8,0.5,2
70165,SZ,5,2,2,9,1.0,2
70165,SZ,6,2,3,1,0.5,2
70165,SZ,6,2,3,2,0.5,2
70165,SZ,6,2,3,3,1.0,2
70165,SZ,6,2,3,4,1.0,2
70165,SZ,6,2,3,5,1.0,2
70165,SZ,6,2,3,6,1.0,2
70165,SZ,6,2,3,7,1.0,2
70165,SZ,6,2,3,8,1.0,2
70165,SZ,6,2,3,9,1.0,2
70165,SZ,7,6,1,1,0.6666666666666666,6
70165,SZ,7,6,1,2,0.0,6
70165,SZ,7,6,1,3,0.16666666666666666,6
70165,SZ,7,6,1,4,0.6666666666666666,6
70165,SZ,7,6,1,5,0.3333333333333333,6
70165,SZ,7,6,1,6,0.3333333333333333,6
70165,SZ,7,6,1,7,0.6,5
70165,SZ,7,6,1,8,0.6666666666666666,6
70165,SZ,7,6,1,9,0.5,6
70165,SZ,8,5,2,1,0.75,4
70165,SZ,8,5,2,2,0.6,5
70165,SZ,8,5,2,3,0.2,5
70165,SZ,8,5,2,4,0.2,5
70165,SZ,8,5,2,5,0.2,5
70165,SZ,8,5,2,6,0.25,4
70165,SZ,8,5,2,7,0.2,5
70165,SZ,8,5,2,8,0.4,5
70165,SZ,8,5,2,9,0.4,5
70165,SZ,9,6,2,1,0.5,4
70165,SZ,9,6,2,2,0.6666666666666666,6
70165,SZ,9,6,2,3,0.16666666666666666,6
70165,SZ,9,6,2,4,0.4,5
70165,SZ,9,6,2,5,0.2,5
70165,SZ,9,6,2,6,0.3333333333333333,6
70165,SZ,9,6,2,7,0.16666666666666666,6
70165,SZ,9,6,2,8,0.3333333333333333,6
70165,SZ,9,6,2,9,0.3333333333333333,6
70165,SZ,10,2,4,1,0.5,2
70165,SZ,10,2,4,2,1.0,2
70165,SZ,10,2,4,3,0.5,2
70165,SZ,10,2,4,4,1.0,2
70165,SZ,10,2,4,5,0.5,2
70165,SZ,10,2,4,6,1.0,2
70165,SZ,10,2,4,7,1.0,2
70165,SZ,10,2,4,8,0.5,2
70165,SZ,10,2,4,9,1.0,2
70165,SZ,11,4,2,1,0.25,4
70165,SZ,11,4,2,2,0.5,4
70165,SZ,11,4,2,3,0.0,3
70165,SZ,11,4,2,4,0.25,4
70165,SZ,11,4,2,5,0.75,4
70165,SZ,11,4,2,6,0.25,4
70165,SZ,11,4,2,7,0.5,4
70165,SZ,11,4,2,8,0.75,4
70165,SZ,11,4,2,9,0.5,4
70165,SZ,12,3,2,1,0.0,3
70165,SZ,12,3,2,2,0.6666666666666666,3
70165,SZ,12,3,2,3,0.6666666666666666,3
70165,SZ,12,3,2,4,0.3333333333333333,3
70165,SZ,12,3,2,5,0.3333333333333333,3
70165,SZ,12,3,2,6,0.3333333333333333,3
70165,SZ,12,3,2,7,0.3333333333333333,3
70165,SZ,12,3,2,8,0.3333333333333333,3
70165,SZ,12,3,2,9,1.0,3
70165,SZ,13,5,3,1,0.2,5
70165,SZ,13,5,3,2,0.2,5
70165,SZ,13,5,3,3,0.2,5
70165,SZ,13,5,3,4,0.2,5
70165,SZ,13,5,3,5,0.6,5
70165,SZ,13,5,3,6,0.4,5
70165,SZ,13,5,3,7,0.6,5
70165,SZ,13,5,3,8,0.2,5
70165,SZ,13,5,3,9,0.2,5
70345,SZ,1,3,1,1,1.0,3
70345,SZ,1,3,1,2,1.0,3
70345,SZ,1,3,1,3,1.0,3
70345,SZ,1,3,1,4,1.0,3
70345,SZ,1,3,1,5,1.0,3
70345,SZ,1,3,1,6,0.3333333333333333,3
70345,SZ,1,3,1,7,0.6666666666666666,3
70345,SZ,1,3,1,8,0.6666666666666666,3
70345,SZ,1,3,1,9,0.6666666666666666,3
70345,SZ,2,6,1,1,0.16666666666666666,6
70345,SZ,2,6,1,2,0.3333333333333333,6
70345,SZ,2,6,1,3,0.3333333333333333,6
70345,SZ,2,6,1,4,0.16666666666666666,6
70345,SZ,2,6,1,5,0.5,6
70345,SZ,2,6,1,6,0.6666666666666666,6
70345,SZ,2,6,1,7,0.5,6
70345,SZ,2,6,1,8,0.6666666666666666,6
70345,SZ,2,6,1,9,0.6666666666666666,6
70345,SZ,3,2,1,2,0.5,2
70345,SZ,3,2,1,3,0.0,2
70345,SZ,3,2,1,4,0.5,2
70345,SZ,3,2,1,5,0.0,2
70345,SZ,3,2,1,6,0.0,2
70345,SZ,3,2,1,7,1.0,2
70345,SZ,3,2,1,8,1.0,2
70345,SZ,3,2,1,9,1.0,2
70345,SZ,4,4,1,1,0.6666666666666666,3
70345,SZ,4,4,1,2,0.75,4
70345,SZ,4,4,1,3,0.75,4
70345,SZ,4,4,1,4,0.75,4
70345,SZ,4,4,1,5,1.0,4
70345,SZ,4,4,1,6,0.75,4
70345,SZ,4,4,1,7,0.5,4
70345,SZ,4,4,1,8,1.0,4
70345,SZ,4,4,1,9,0.75,4
70345,SZ,5,2,2,1,1.0,2
70345,SZ,5,2,2,2,1.0,2
70345,SZ,5,2,2,3,1.0,2
70345,SZ,5,2,2,4,1.0,2
70345,SZ,5,2,2,5,1.0,2
70345,SZ,5,2,2,6,1.0,2
70345,SZ,5,2,2,7,1.0,2
70345,SZ,5,2,2,8,1.0,2
70345,SZ,5,2,2,9,1.0,2
70345,SZ,6,2,3,1,0.5,2
70345,SZ,6,2,3,2,0.5,2
70345,SZ,6,2,3,3,1.0,2
70345,SZ,6,2,3,4,1.0,2
70345,SZ,6,2,3,5,1.0,2
70345,SZ,6,2,3,6,1.0,2
70345,SZ,6,2,3,7,1.0,2
70345,SZ,6,2,3,8,1.0,2
70345,SZ,6,2,3,9,1.0,2
70345,SZ,7,5,1,1,0.2,5
70345,SZ,7,5,1,2,0.6,5
70345,SZ,7,5,1,3,0.6,5
70345,SZ,7,5,1,4,0.6,5
70345,SZ,7,5,1,5,0.4,5
70345,SZ,7,5,1,6,0.8,5
70345,SZ,7,5,1,7,0.6,5
70345,SZ,7,5,1,8,0.8,5
70345,SZ,7,5,1,9,0.6,5
70345,SZ,8,6,2,1,0.5,6
70345,SZ,8,6,2,2,0.6666666666666666,6
70345,SZ,8,6,2,3,0.3333333333333333,6
70345,SZ,8,6,2,4,0.8333333333333334,6
70345,SZ,8,6,2,5,0.5,6
70345,SZ,8,6,2,6,0.5,6
70345,SZ,8,6,2,7,0.8333333333333334,6
70345,SZ,8,6,2,8,0.6666666666666666,6
70345,SZ,8,6,2,9,0.8333333333333334,6
70345,SZ,9,5,2,1,0.4,5
70345,SZ,9,5,2,2,0.4,5
70345,SZ,9,5,2,3,0.4,5
70345,SZ,9,5,2,4,0.2,5
70345,SZ,9,5,2,5,0.6,5
70345,SZ,9,5,2,6,0.4,5
70345,SZ,9,5,2,7,0.6,5
70345,SZ,9,5,2,8,0.6,5
70345,SZ,9,5,2,9,0.6,5
70345,SZ,10,3,2,1,0.3333333333333333,3
70345,SZ,10,3,2,2,0.3333333333333333,3
70345,SZ,10,3,2,3,0.3333333333333333,3
70345,SZ,10,3,2,4,0.6666666666666666,3
70345,SZ,10,3,2,5,1.0,3
70345,SZ,10,3,2,6,0.6666666666666666,3
70345,SZ,10,3,2,7,0.6666666666666666,3
70345,SZ,10,3,2,8,0.6666666666666666,3
70345,SZ,10,3,2,9,0.6666666666666666,3
70345,SZ,11,2,4,1,0.5,2
70345,SZ,11,2,4,2,1.0,2
70345,SZ,11,2,4,3,1.0,2
70345,SZ,11,2,4,4,1.0,2
70345,SZ,11,2,4,5,1.0,2
70345,SZ,11,2,4,6,0.5,2
70345,SZ,11,2,4,7,1.0,2
70345,SZ,11,2,4,8,1.0,2
70345,SZ,11,2,4,9,1.0,2
70345,SZ,12,4,2,1,0.0,4
70345,SZ,12,4,2,2,0.5,4
70345,SZ,12,4,2,3,1.0,4
70345,SZ,12,4,2,4,1.0,4
70345,SZ,12,4,2,5,0.75,4
70345,SZ,12,4,2,6,1.0,4
70345,SZ,12,4,2,7,1.0,4
70345,SZ,12,4,2,8,1.0,4
70345,SZ,12,4,2,9,1.0,4
70345,SZ,13,5,3,1,0.0,5
70345,SZ,13,5,3,2,0.4,5
70345,SZ,13,5,3,3,0.6,5
70345,SZ,13,5,3,4,0.4,5
70345,SZ,13,5,3,5,0.6,5
70345,SZ,13,5,3,6,0.8,5
70345,SZ,13,5,3,7,0.8,5
70345,SZ,13,5,3,8,0.8,5
70345,SZ,13,5,3,9,0.6,5
70457,HC,1,3,1,1,0.6666666666666666,3
70457,HC,1,3,1,2,1.0,3
70457,HC,1,3,1,3,1.0,3
70457,HC,1,3,1,4,1.0,3
70457,HC,1,3,1,5,1.0,3
70457,HC,1,3,1,6,1.0,3
70457,HC,1,3,1,7,1.0,3
70457,HC,1,3,1,8,1.0,3
70457,HC,1,3,1,9,1.0,3
70457,HC,2,2,1,1,1.0,2
70457,HC,2,2,1,2,1.0,2
70457,HC,2,2,1,3,1.0,2
70457,HC,2,2,1,4,1.0,2
70457,HC,2,2,1,5,1.0,2
70457,HC,2,2,1,6,1.0,2
70457,HC,2,2,1,7,1.0,2
70457,HC,2,2,1,8,1.0,2
70457,HC,2,2,1,9,1.0,2
70457,HC,3,4,1,1,0.5,4
70457,HC,3,4,1,2,0.0,4
70457,HC,3,4,1,3,0.25,4
70457,HC,3,4,1,4,0.25,4
70457,HC,3,4,1,5,0.25,4
70457,HC,3,4,1,6,0.75,4
70457,HC,3,4,1,7,0.75,4
70457,HC,3,4,1,8,0.75,4
70457,HC,3,4,1,9,0.75,4
70457,HC,4,5,1,1,0.4,5
70457,HC,4,5,1,2,0.4,5
70457,HC,4,5,1,3,0.8,5
70457,HC,4,5,1,4,0.6,5
70457,HC,4,5,1,5,0.8,5
70457,HC,4,5,1,6,0.6,5
70457,HC,4,5,1,7,1.0,5
70457,HC,4,5,1,8,0.8,5
70457,HC,4,5,1,9,0.8,5
70457,HC,5,2,2,1,0.5,2
70457,HC,5,2,2,2,1.0,2
70457,HC,5,2,2,3,1.0,2
70457,HC,5,2,2,4,1.0,2
70457,HC,5,2,2,5,1.0,2
70457,HC,5,2,2,6,1.0,2
70457,HC,5,2,2,7,1.0,2
70457,HC,5,2,2,8,1.0,2
70457,HC,5,2,2,9,1.0,2
70457,HC,6,6,1,1,0.6666666666666666,6
70457,HC,6,6,1,2,0.8333333333333334,6
70457,HC,6,6,1,3,0.8333333333333334,6
70457,HC,6,6,1,4,0.8333333333333334,6
70457,HC,6,6,1,5,0.5,6
70457,HC,6,6,1,6,0.5,6
70457,HC,6,6,1,7,0.6666666666666666,6
70457,HC,6,6,1,8,0.6666666666666666,6
70457,HC,6,6,1,9,0.6666666666666666,6
70457,HC,7,2,3,1,1.0,2
70457,HC,7,2,3,2,1.0,2
70457,HC,7,2,3,3,1.0,2
70457,HC,7,2,3,4,1.0,2
70457,HC,7,2,3,5,1.0,2
70457,HC,7,2,3,6,1.0,2
70457,HC,7,2,3,7,1.0,2
70457,HC,7,2,3,8,1.0,2
70457,HC,7,2,3,9,1.0,2
70457,HC,8,6,2,1,0.5,6
70457,HC,8,6,2,2,0.6666666666666666,6
70457,HC,8,6,2,3,0.5,6
70457,HC,8,6,2,4,0.6666666666666666,6
70457,HC,8,6,2,5,0.8333333333333334,6
70457,HC,8,6,2,6,0.8333333333333334,6
70457,HC,8,6,2,7,0.8333333333333334,6
70457,HC,8,6,2,8,0.8333333333333334,6
70457,HC,8,6,2,9,0.8333333333333334,6
70457,HC,9,5,2,1,0.4,5
70457,HC,9,5,2,2,0.6,5
70457,HC,9,5,2,3,0.6,5
70457,HC,9,5,2,4,0.8,5
70457,HC,9,5,2,5,0.6,5
70457,HC,9,5,2,6,1.0,5
70457,HC,9,5,2,7,1.0,5
70457,HC,9,5,2,8,1.0,5
70457,HC,9,5,2,9,1.0,5
70457,HC,10,3,2,1,0.3333333333333333,3
70457,HC,10,3,2,2,0.6666666666666666,3
70457,HC,10,3,2,3,1.0,3
70457,HC,10,3,2,4,0.3333333333333333,3
70457,HC,10,3,2,5,1.0,3
70457,HC,10,3,2,6,1.0,3
70457,HC,10,3,2,7,1.0,3
70457,HC,10,3,2,8,1.0,3
70457,HC,10,3,2,9,1.0,3
70457,HC,11,2,4,1,0.5,2
70457,HC,11,2,4,2,0.5,2
70457,HC,11,2,4,3,1.0,2
70457,HC,11,2,4,4,1.0,2
70457,HC,11,2,4,5,1.0,2
70457,HC,11,2,4,6,1.0,2
70457,HC,11,2,4,7,1.0,2
70457,HC,11,2,4,8,1.0,2
70457,HC,11,2,4,9,1.0,2
70457,HC,12,4,2,1,0.75,4
70457,HC,12,4,2,2,1.0,4
70457,HC,12,4,2,3,0.5,4
70457,HC,12,4,2,4,0.5,4
70457,HC,12,4,2,5,0.75,4
70457,HC,12,4,2,6,0.5,4
70457,HC,12,4,2,7,1.0,4
70457,HC,12,4,2,8,1.0,3
70457,HC,12,4,2,9,1.0,4
70457,HC,13,5,3,1,0.0,5
70457,HC,13,5,3,2,0.4,5
70457,HC,13,5,3,3,0.8,5
70457,HC,13,5,3,4,0.6,5
70457,HC,13,5,3,5,1.0,5
70457,HC,13,5,3,6,0.6,5
70457,HC,13,5,3,7,0.6,5
70457,HC,13,5,3,8,0.6,5
70457,HC,13,5,3,9,0.6,5
70536,SZ,1,5,1,1,0.4,5
70536,SZ,1,5,1,2,0.2,5
70536,SZ,1,5,1,3,0.4,5
70536,SZ,1,5,1,4,0.4,5
70536,SZ,1,5,1,5,0.0,5
70536,SZ,1,5,1,6,0.4,5
70536,SZ,1,5,1,7,0.4,5
70536,SZ,1,5,1,8,0.4,5
70536,SZ,1,5,1,9,0.6,5
70536,SZ,2,2,1,1,0.0,2
70536,SZ,2,2,1,2,1.0,2
70536,SZ,2,2,1,3,1.0,2
70536,SZ,2,2,1,4,0.5,2
70536,SZ,2,2,1,5,1.0,2
70536,SZ,2,2,1,6,1.0,2
70536,SZ,2,2,1,7,1.0,2
70536,SZ,2,2,1,8,0.5,2
70536,SZ,2,2,1,9,1.0,2
70536,SZ,3,4,1,1,0.25,4
70536,SZ,3,4,1,2,0.5,4
70536,SZ,3,4,1,3,1.0,4
70536,SZ,3,4,1,4,0.75,4
70536,SZ,3,4,1,5,1.0,4
70536,SZ,3,4,1,6,1.0,4
70536,SZ,3,4,1,7,1.0,4
70536,SZ,3,4,1,8,1.0,4
70536,SZ,3,4,1,9,1.0,4
70536,SZ,4,6,1,1,0.5,6
70536,SZ,4,6,1,2,0.5,6
70536,SZ,4,6,1,3,0.6666666666666666,6
70536,SZ,4,6,1,4,1.0,6
70536,SZ,4,6,1,5,0.6666666666666666,6
70536,SZ,4,6,1,6,0.6666666666666666,6
70536,SZ,4,6,1,7,0.8333333333333334,6
70536,SZ,4,6,1,8,0.8333333333333334,6
70536,SZ,4,6,1,9,1.0,6
70536,SZ,5,2,2,1,0.5,2
70536,SZ,5,2,2,2,0.5,2
70536,SZ,5,2,2,3,1.0,2
70536,SZ,5,2,2,4,1.0,2
70536,SZ,5,2,2,5,1.0,2
70536,SZ,5,2,2,6,1.0,2
70536,SZ,5,2,2,7,1.0,2
70536,SZ,5,2,2,8,1.0,2
70536,SZ,5,2,2,9,1.0,2
70536,SZ,6,2,3,1,0.5,2
70536,SZ,6,2,3,2,1.0,2
70536,SZ,6,2,3,3,1.0,2
70536,SZ,6,2,3,4,1.0,2
70536,SZ,6,2,3,5,1.0,2
70536,SZ,6,2,3,6,1.0,2
70536,SZ,6,2,3,7,1.0,2
70536,SZ,6,2,3,8,1.0,2
70536,SZ,6,2,3,9,1.0,2
70536,SZ,7,3,1,1,0.0,3
70536,SZ,7,3,1,2,0.6666666666666666,3
70536,SZ,7,3,1,3,1.0,3
70536,SZ,7,3,1,4,1.0,3
70536,SZ,7,3,1,5,1.0,3
70536,SZ,7,3,1,6,1.0,3
70536,SZ,7,3,1,7,1.0,3
70536,SZ,7,3,1,8,1.0,3
70536,SZ,7,3,1,9,1.0,3
70536,SZ,8,5,2,1,0.0,5
70536,SZ,8,5,2,2,0.4,5
70536,SZ,8,5,2,3,0.4,5
70536,SZ,8,5,2,4,0.8,5
70536,SZ,8,5,2,5,0.6,5
70536,SZ,8,5,2,6,1.0,5
70536,SZ,8,5,2,7,1.0,5
70536,SZ,8,5,2,8,1.0,5
70536,SZ,8,5,2,9,0.6,5
70536,SZ,9,6,2,1,0.3333333333333333,6
70536,SZ,9,6,2,2,0.3333333333333333,6
70536,SZ,9,6,2,3,0.3333333333333333,6
70536,SZ,9,6,2,4,0.6666666666666666,6
70536,SZ,9,6,2,5,0.5,6
70536,SZ,9,6,2,6,1.0,6
70536,SZ,9,6,2,7,0.8333333333333334,6
70536,SZ,9,6,2,8,1.0,6
70536,SZ,9,6,2,9,1.0,6
70536,SZ,10,5,3,1,0.2,5
70536,SZ,10,5,3,2,0.6,5
70536,SZ,10,5,3,3,0.8,5
70536,SZ,10,5,3,4,0.8,5
70536,SZ,10,5,3,5,0.8,5
70536,SZ,10,5,3,6,1.0,5
70536,SZ,10,5,3,7,1.0,5
70536,SZ,10,5,3,8,1.0,5
70536,SZ,10,5,3,9,1.0,5
70536,SZ,11,2,4,1,0.5,2
70536,SZ,11,2,4,2,0.5,2
70536,SZ,11,2,4,3,1.0,2
70536,SZ,11,2,4,4,1.0,2
70536,SZ,11,2,4,5,1.0,2
70536,SZ,11,2,4,6,1.0,2
70536,SZ,11,2,4,7,1.0,2
70536,SZ,11,2,4,8,0.5,2
70536,SZ,11,2,4,9,1.0,2
70536,SZ,12,4,2,1,0.5,4
70536,SZ,12,4,2,2,0.75,4
70536,SZ,12,4,2,3,1.0,4
70536,SZ,12,4,2,4,1.0,4
70536,SZ,12,4,2,5,1.0,4
70536,SZ,12,4,2,6,0.75,4
70536,SZ,12,4,2,7,1.0,4
70536,SZ,12,4,2,8,0.75,4
70536,SZ,12,4,2,9,1.0,4
70536,SZ,13,3,2,1,1.0,3
70536,SZ,13,3,2,2,1.0,3
70536,SZ,13,3,2,3,1.0,3
70536,SZ,13,3,2,4,1.0,3
70536,SZ,13,3,2,5,1.0,3
70536,SZ,13,3,2,6,1.0,3
70536,SZ,13,3,2,7,1.0,3
70536,SZ,13,3,2,8,1.0,3
70536,SZ,13,3,2,9,1.0,3
70626,HC,1,2,1,1,0.5,2
70626,HC,1,2,1,2,1.0,2
70626,HC,1,2,1,3,1.0,2
70626,HC,1,2,1,4,1.0,2
70626,HC,1,2,1,5,1.0,2
70626,HC,1,2,1,6,1.0,2
70626,HC,1,2,1,7,1.0,2
70626,HC,1,2,1,8,1.0,2
70626,HC,1,2,1,9,1.0,2
70626,HC,2,2,2,1,0.5,2
70626,HC,2,2,2,2,1.0,2
70626,HC,2,2,2,3,1.0,2
70626,HC,2,2,2,4,1.0,2
70626,HC,2,2,2,5,1.0,2
70626,HC,2,2,2,6,1.0,2
70626,HC,2,2,2,7,1.0,2
70626,HC,2,2,2,8,1.0,2
70626,HC,2,2,2,9,1.0,2
70626,HC,3,3,1,1,0.6666666666666666,3
70626,HC,3,3,1,2,0.6666666666666666,3
70626,HC,3,3,1,3,1.0,3
70626,HC,3,3,1,4,1.0,3
70626,HC,3,3,1,5,1.0,3
70626,HC,3,3,1,6,1.0,3
70626,HC,3,3,1,7,1.0,3
70626,HC,3,3,1,8,1.0,3
70626,HC,3,3,1,9,1.0,3
70626,HC,4,6,1,1,0.16666666666666666,6
70626,HC,4,6,1,2,0.4,5
70626,HC,4,6,1,3,0.6,5
70626,HC,4,6,1,4,0.8333333333333334,6
70626,HC,4,6,1,5,0.5,6
70626,HC,4,6,1,6,1.0,6
70626,HC,4,6,1,7,0.8333333333333334,6
70626,HC,4,6,1,8,0.6666666666666666,6
70626,HC,4,6,1,9,0.8333333333333334,6
70626,HC,5,2,3,1,0.0,1
70626,HC,5,2,3,2,1.0,2
70626,HC,5,2,3,3,1.0,2
70626,HC,5,2,3,4,1.0,2
70626,HC,5,2,3,5,1.0,2
70626,HC,5,2,3,6,1.0,2
70626,HC,5,2,3,7,1.0,2
70626,HC,5,2,3,8,1.0,2
70626,HC,5,2,3,9,1.0,2
70626,HC,6,5,1,1,0.2,5
70626,HC,6,5,1,2,0.6,5
70626,HC,6,5,1,3,0.4,5
70626,HC,6,5,1,4,0.4,5
70626,HC,6,5,1,5,0.4,5
70626,HC,6,5,1,6,0.6,5
70626,HC,6,5,1,7,0.6,5
70626,HC,6,5,1,8,0.4,5
70626,HC,6,5,1,9,0.8,5
70626,HC,7,4,1,1,0.5,4
70626,HC,7,4,1,2,0.5,4
70626,HC,7,4,1,3,1.0,4
70626,HC,7,4,1,4,1.0,4
70626,HC,7,4,1,5,1.0,4
70626,HC,7,4,1,6,0.5,4
70626,HC,7,4,1,7,1.0,4
70626,HC,7,4,1,8,1.0,4
70626,HC,7,4,1,9,1.0,4
70626,HC,8,5,2,1,0.2,5
70626,HC,8,5,2,2,1.0,5
70626,HC,8,5,2,3,0.4,5
70626,HC,8,5,2,4,1.0,5
70626,HC,8,5,2,5,0.4,5
70626,HC,8,5,2,6,0.8,5
70626,HC,8,5,2,7,1.0,5
70626,HC,8,5,2,8,1.0,5
70626,HC,8,5,2,9,1.0,5
70626,HC,9,6,2,1,0.3333333333333333,6
70626,HC,9,6,2,2,0.5,6
70626,HC,9,6,2,3,0.5,6
70626,HC,9,6,2,4,0.5,6
70626,HC,9,6,2,5,0.6666666666666666,6
70626,HC,9,6,2,6,1.0,6
70626,HC,9,6,2,7,1.0,6
70626,HC,9,6,2,8,0.8333333333333334,6
70626,HC,9,6,2,9,1.0,6
70626,HC,10,2,4,1,0.0,2
70626,HC,10,2,4,2,0.5,2
70626,HC,10,2,4,3,1.0,2
70626,HC,10,2,4,4,1.0,2
70626,HC,10,2,4,5,1.0,2
70626,HC,10,2,4,6,1.0,2
70626,HC,10,2,4,7,0.5,2
70626,HC,10,2,4,8,1.0,2
70626,HC,10,2,4,9,1.0,2
70626,HC,11,3,2,1,0.3333333333333333,3
70626,HC,11,3,2,2,0.6666666666666666,3
70626,HC,11,3,2,3,1.0,3
70626,HC,11,3,2,4,1.0,3
70626,HC,11,3,2,5,1.0,3
70626,HC,11,3,2,6,1.0,3
70626,HC,11,3,2,7,1.0,3
70626,HC,11,3,2,8,1.0,3
70626,HC,11,3,2,9,1.0,3
70626,HC,12,5,3,1,0.0,5
70626,HC,12,5,3,2,0.4,5
70626,HC,12,5,3,3,0.8,5
70626,HC,12,5,3,4,1.0,5
70626,HC,12,5,3,5,1.0,5
70626,HC,12,5,3,6,1.0,5
70626,HC,12,5,3,7,1.0,5
70626,HC,12,5,3,8,1.0,5
70626,HC,12,5,3,9,1.0,5
70626,HC,13,4,2,1,0.25,4
70626,HC,13,4,2,2,0.5,4
70626,HC,13,4,2,3,0.5,4
70626,HC,13,4,2,4,1.0,4
70626,HC,13,4,2,5,1.0,4
70626,HC,13,4,2,6,1.0,4
70626,HC,13,4,2,7,1.0,4
70626,HC,13,4,2,8,1.0,4
70626,HC,13,4,2,9,1.0,4
71223,HC,1,6,1,1,0.5,6
71223,HC,1,6,1,2,1.0,6
71223,HC,1,6,1,3,0.8333333333333334,6
71223,HC,1,6,1,4,1.0,6
71223,HC,1,6,1,5,0.6,5
71223,HC,1,6,1,6,1.0,6
71223,HC,1,6,1,7,1.0,6
71223,HC,1,6,1,8,1.0,6
71223,HC,1,6,1,9,1.0,6
71223,HC,2,2,1,1,0.5,2
71223,HC,2,2,1,2,1.0,2
71223,HC,2,2,1,3,1.0,2
71223,HC,2,2,1,4,1.0,2
71223,HC,2,2,1,5,1.0,2
71223,HC,2,2,1,6,1.0,2
71223,HC,2,2,1,7,1.0,2
71223,HC,2,2,1,8,1.0,2
71223,HC,2,2,1,9,1.0,2
71223,HC,3,3,1,1,0.6666666666666666,3
71223,HC,3,3,1,2,0.6666666666666666,3
71223,HC,3,3,1,3,1.0,3
71223,HC,3,3,1,4,1.0,3
71223,HC,3,3,1,5,1.0,3
71223,HC,3,3,1,6,1.0,3
71223,HC,3,3,1,7,1.0,3
71223,HC,3,3,1,8,1.0,3
71223,HC,3,3,1,9,1.0,3
71223,HC,4,2,2,1,0.0,2
71223,HC,4,2,2,2,0.0,2
71223,HC,4,2,2,3,1.0,2
71223,HC,4,2,2,4,1.0,2
71223,HC,4,2,2,5,1.0,2
71223,HC,4,2,2,6,1.0,2
71223,HC,4,2,2,7,1.0,2
71223,HC,4,2,2,8,1.0,2
71223,HC,4,2,2,9,0.5,2
71223,HC,5,5,1,1,0.2,5
71223,HC,5,5,1,2,0.6,5
71223,HC,5,5,1,3,0.8,5
71223,HC,5,5,1,4,0.8,5
71223,HC,5,5,1,5,1.0,5
71223,HC,5,5,1,6,0.8,5
71223,HC,5,5,1,7,1.0,5
71223,HC,5,5,1,8,1.0,5
71223,HC,5,5,1,9,1.0,5
71223,HC,6,4,1,1,0.5,4
71223,HC,6,4,1,2,1.0,4
71223,HC,6,4,1,3,0.75,4
71223,HC,6,4,1,4,1.0,4
71223,HC,6,4,1,5,1.0,4
71223,HC,6,4,1,6,1.0,4
71223,HC,6,4,1,7,1.0,4
71223,HC,6,4,1,8,1.0,4
71223,HC,6,4,1,9,1.0,4
71223,HC,7,2,3,1,1.0,2
71223,HC,7,2,3,2,1.0,2
71223,HC,7,2,3,3,1.0,2
71223,HC,7,2,3,4,1.0,2
71223,HC,7,2,3,5,1.0,2
71223,HC,7,2,3,6,1.0,2
71223,HC,7,2,3,7,1.0,2
71223,HC,7,2,3,8,1.0,2
71223,HC,7,2,3,9,1.0,2
71223,HC,8,5,2,1,0.2,5
71223,HC,8,5,2,2,0.6,5
71223,HC,8,5,2,3,0.6,5
71223,HC,8,5,2,4,0.6,5
71223,HC,8,5,2,5,0.8,5
71223,HC,8,5,2,6,1.0,5
71223,HC,8,5,2,7,1.0,5
71223,HC,8,5,2,8,1.0,5
71223,HC,8,5,2,9,1.0,5
71223,HC,9,6,2,1,0.3333333333333333,6
71223,HC,9,6,2,2,0.8333333333333334,6
71223,HC,9,6,2,3,0.8333333333333334,6
71223,HC,9,6,2,4,0.8333333333333334,6
71223,HC,9,6,2,5,1.0,6
71223,HC,9,6,2,6,1.0,6
71223,HC,9,6,2,7,1.0,6
71223,HC,9,6,2,8,1.0,6
71223,HC,9,6,2,9,1.0,6
71223,HC,10,2,4,1,0.0,2
71223,HC,10,2,4,2,0.5,2
71223,HC,10,2,4,3,1.0,2
71223,HC,10,2,4,4,1.0,2
71223,HC,10,2,4,5,1.0,2
71223,HC,10,2,4,6,1.0,2
71223,HC,10,2,4,7,1.0,2
71223,HC,10,2,4,8,1.0,2
71223,HC,10,2,4,9,1.0,2
71223,HC,11,3,2,1,0.3333333333333333,3
71223,HC,11,3,2,2,0.6666666666666666,3
71223,HC,11,3,2,3,1.0,3
71223,HC,11,3,2,4,1.0,3
71223,HC,11,3,2,5,1.0,3
71223,HC,11,3,2,6,1.0,3
71223,HC,11,3,2,7,1.0,3
71223,HC,11,3,2,8,1.0,3
71223,HC,11,3,2,9,1.0,3
71223,HC,12,5,3,1,0.4,5
71223,HC,12,5,3,2,0.4,5
71223,HC,12,5,3,3,0.4,5
71223,HC,12,5,3,4,1.0,5
71223,HC,12,5,3,5,1.0,5
71223,HC,12,5,3,6,0.8,5
71223,HC,12,5,3,7,0.75,4
71223,HC,12,5,3,8,0.8,5
71223,HC,12,5,3,9,0.8,5
71223,HC,13,4,2,1,0.0,4
71223,HC,13,4,2,2,0.25,4
71223,HC,13,4,2,3,0.75,4
71223,HC,13,4,2,4,1.0,4
71223,HC,13,4,2,5,1.0,4
71223,HC,13,4,2,6,1.0,4
71223,HC,13,4,2,7,1.0,4
71223,HC,13,4,2,8,0.75,4
71223,HC,13,4,2,9,1.0,4
71594,SZ,1,6,1,1,0.5,6
71594,SZ,1,6,1,2,0.3333333333333333,6
71594,SZ,1,6,1,3,0.8333333333333334,6
71594,SZ,1,6,1,4,0.5,6
71594,SZ,1,6,1,5,0.5,6
71594,SZ,1,6,1,6,0.5,6
71594,SZ,1,6,1,7,0.5,6
71594,SZ,1,6,1,8,0.5,6
71594,SZ,1,6,1,9,0.6666666666666666,6
71594,SZ,2,2,1,1,0.0,2
71594,SZ,2,2,1,2,0.5,2
71594,SZ,2,2,1,3,1.0,2
71594,SZ,2,2,1,4,1.0,2
71594,SZ,2,2,1,5,1.0,2
71594,SZ,2,2,1,6,1.0,2
71594,SZ,2,2,1,7,0.5,2
71594,SZ,2,2,1,8,1.0,2
71594,SZ,2,2,1,9,1.0,2
71594,SZ,3,2,2,1,1.0,2
71594,SZ,3,2,2,2,1.0,2
71594,SZ,3,2,2,3,1.0,2
71594,SZ,3,2,2,4,1.0,2
71594,SZ,3,2,2,5,1.0,2
71594,SZ,3,2,2,6,1.0,2
71594,SZ,3,2,2,7,1.0,2
71594,SZ,3,2,2,8,1.0,2
71594,SZ,3,2,2,9,1.0,2
71594,SZ,4,3,1,1,0.3333333333333333,3
71594,SZ,4,3,1,2,1.0,3
71594,SZ,4,3,1,3,0.6666666666666666,3
71594,SZ,4,3,1,4,1.0,3
71594,SZ,4,3,1,5,1.0,3
71594,SZ,4,3,1,6,1.0,3
71594,SZ,4,3,1,7,1.0,3
71594,SZ,4,3,1,8,1.0,3
71594,SZ,4,3,1,9,1.0,3
71594,SZ,5,5,1,1,0.2,5
71594,SZ,5,5,1,2,0.6,5
71594,SZ,5,5,1,3,0.8,5
71594,SZ,5,5,1,4,0.8,5
71594,SZ,5,5,1,5,0.8,5
71594,SZ,5,5,1,6,1.0,5
71594,SZ,5,5,1,7,1.0,5
71594,SZ,5,5,1,8,1.0,5
71594,SZ,5,5,1,9,1.0,5
71594,SZ,6,4,1,1,0.5,4
71594,SZ,6,4,1,2,0.5,4
71594,SZ,6,4,1,3,0.5,4
71594,SZ,6,4,1,4,0.75,4
71594,SZ,6,4,1,5,0.75,4
71594,SZ,6,4,1,6,0.75,4
71594,SZ,6,4,1,7,1.0,4
71594,SZ,6,4,1,8,1.0,4
71594,SZ,6,4,1,9,1.0,4
71594,SZ,7,2,3,1,1.0,2
71594,SZ,7,2,3,2,1.0,2
71594,SZ,7,2,3,3,1.0,2
71594,SZ,7,2,3,4,1.0,2
71594,SZ,7,2,3,5,1.0,2
71594,SZ,7,2,3,6,1.0,2
71594,SZ,7,2,3,7,1.0,2
71594,SZ,7,2,3,8,1.0,2
71594,SZ,7,2,3,9,1.0,2
71594,SZ,8,6,2,1,0.3333333333333333,6
71594,SZ,8,6,2,2,0.3333333333333333,6
71594,SZ,8,6,2,3,0.8333333333333334,6
71594,SZ,8,6,2,4,0.3333333333333333,6
71594,SZ,8,6,2,5,0.5,6
71594,SZ,8,6,2,6,0.8333333333333334,6
71594,SZ,8,6,2,7,0.6666666666666666,6
71594,SZ,8,6,2,8,0.6666666666666666,6
71594,SZ,8,6,2,9,0.6666666666666666,6
71594,SZ,9,5,2,1,0.4,5
71594,SZ,9,5,2,2,0.6,5
71594,SZ,9,5,2,3,0.6,5
71594,SZ,9,5,2,4,1.0,5
71594,SZ,9,5,2,5,1.0,5
71594,SZ,9,5,2,6,1.0,5
71594,SZ,9,5,2,7,1.0,5
71594,SZ,9,5,2,8,1.0,5
71594,SZ,9,5,2,9,1.0,5
71594,SZ,10,2,4,1,0.0,2
71594,SZ,10,2,4,2,0.0,2
71594,SZ,10,2,4,3,1.0,2
71594,SZ,10,2,4,4,1.0,2
71594,SZ,10,2,4,5,1.0,2
71594,SZ,10,2,4,6,1.0,2
71594,SZ,10,2,4,7,1.0,2
71594,SZ,10,2,4,8,1.0,2
71594,SZ,10,2,4,9,1.0,2
71594,SZ,11,3,2,1,0.0,3
71594,SZ,11,3,2,2,0.3333333333333333,3
71594,SZ,11,3,2,3,1.0,3
71594,SZ,11,3,2,4,1.0,3
71594,SZ,11,3,2,5,1.0,3
71594,SZ,11,3,2,6,1.0,3
71594,SZ,11,3,2,7,0.6666666666666666,3
71594,SZ,11,3,2,8,1.0,3
71594,SZ,11,3,2,9,1.0,3
71594,SZ,12,5,3,1,0.2,5
71594,SZ,12,5,3,2,0.6,5
71594,SZ,12,5,3,3,1.0,5
71594,SZ,12,5,3,4,0.6,5
71594,SZ,12,5,3,5,0.6,5
71594,SZ,12,5,3,6,0.8,5
71594,SZ,12,5,3,7,0.6,5
71594,SZ,12,5,3,8,1.0,5
71594,SZ,12,5,3,9,1.0,5
71594,SZ,13,4,2,1,0.5,4
71594,SZ,13,4,2,2,0.5,4
71594,SZ,13,4,2,3,0.75,4
71594,SZ,13,4,2,4,0.5,4
71594,SZ,13,4,2,5,0.75,4
71594,SZ,13,4,2,6,1.0,4
71594,SZ,13,4,2,7,1.0,4
71594,SZ,13,4,2,8,1.0,4
71594,SZ,13,4,2,9,0.75,4
71998,HC,1,2,1,1,0.0,2
71998,HC,1,2,1,2,0.5,2
71998,HC,1,2,1,3,1.0,2
71998,HC,1,2,1,4,1.0,2
71998,HC,1,2,1,5,1.0,2
71998,HC,1,2,1,6,1.0,2
71998,HC,1,2,1,7,1.0,2
71998,HC,1,2,1,8,1.0,2
71998,HC,1,2,1,9,1.0,2
71998,HC,2,2,2,1,0.0,2
71998,HC,2,2,2,2,0.5,2
71998,HC,2,2,2,3,1.0,2
71998,HC,2,2,2,4,1.0,2
71998,HC,2,2,2,5,1.0,2
71998,HC,2,2,2,6,1.0,2
71998,HC,2,2,2,7,1.0,2
71998,HC,2,2,2,8,1.0,2
71998,HC,2,2,2,9,1.0,2
71998,HC,3,6,1,1,0.16666666666666666,6
71998,HC,3,6,1,2,0.3333333333333333,6
71998,HC,3,6,1,3,0.6666666666666666,6
71998,HC,3,6,1,4,0.8333333333333334,6
71998,HC,3,6,1,5,0.6666666666666666,6
71998,HC,3,6,1,6,0.8333333333333334,6
71998,HC,3,6,1,7,0.8333333333333334,6
71998,HC,3,6,1,8,0.6666666666666666,6
71998,HC,3,6,1,9,0.8333333333333334,6
71998,HC,4,3,1,1,0.3333333333333333,3
71998,HC,4,3,1,2,0.6666666666666666,3
71998,HC,4,3,1,3,1.0,3
71998,HC,4,3,1,4,1.0,3
71998,HC,4,3,1,5,1.0,3
71998,HC,4,3,1,6,1.0,3
71998,HC,4,3,1,7,1.0,3
71998,HC,4,3,1,8,1.0,3
71998,HC,4,3,1,9,1.0,3
71998,HC,5,2,3,1,0.5,2
71998,HC,5,2,3,2,1.0,2
71998,HC,5,2,3,3,1.0,2
71998,HC,5,2,3,4,1.0,2
71998,HC,5,2,3,5,1.0,2
71998,HC,5,2,3,6,1.0,2
71998,HC,5,2,3,7,1.0,2
71998,HC,5,2,3,8,1.0,2
71998,HC,5,2,3,9,1.0,2
71998,HC,6,5,1,1,0.2,5
71998,HC,6,5,1,2,0.4,5
71998,HC,6,5,1,3,0.4,5
71998,HC,6,5,1,4,0.8,5
71998,HC,6,5,1,5,0.8,5
71998,HC,6,5,1,6,0.8,5
71998,HC,6,5,1,7,1.0,5
71998,HC,6,5,1,8,0.8,5
71998,HC,6,5,1,9,0.8,5
71998,HC,7,4,1,1,0.0,4
71998,HC,7,4,1,2,0.5,4
71998,HC,7,4,1,3,1.0,4
71998,HC,7,4,1,4,1.0,4
71998,HC,7,4,1,5,1.0,4
71998,HC,7,4,1,6,1.0,4
71998,HC,7,4,1,7,1.0,4
71998,HC,7,4,1,8,1.0,4
71998,HC,7,4,1,9,1.0,4
71998,HC,8,5,2,1,0.2,5
71998,HC,8,5,2,2,0.4,5
71998,HC,8,5,2,3,0.8,5
71998,HC,8,5,2,4,0.8,5
71998,HC,8,5,2,5,0.8,5
71998,HC,8,5,2,6,0.8,5
71998,HC,8,5,2,7,1.0,5
71998,HC,8,5,2,8,1.0,5
71998,HC,8,5,2,9,1.0,5
71998,HC,9,6,2,1,0.0,6
71998,HC,9,6,2,2,0.5,6
71998,HC,9,6,2,3,1.0,6
71998,HC,9,6,2,4,1.0,6
71998,HC,9,6,2,5,1.0,6
71998,HC,9,6,2,6,1.0,6
71998,HC,9,6,2,7,1.0,6
71998,HC,9,6,2,8,1.0,6
71998,HC,9,6,2,9,1.0,6
71998,HC,10,2,4,1,0.5,2
71998,HC,10,2,4,2,0.5,2
71998,HC,10,2,4,3,1.0,2
71998,HC,10,2,4,4,1.0,2
71998,HC,10,2,4,5,1.0,2
71998,HC,10,2,4,6,1.0,2
71998,HC,10,2,4,7,1.0,2
71998,HC,10,2,4,8,1.0,2
71998,HC,10,2,4,9,1.0,2
71998,HC,11,3,2,1,0.3333333333333333,3
71998,HC,11,3,2,2,0.6666666666666666,3
71998,HC,11,3,2,3,1.0,3
71998,HC,11,3,2,4,1.0,3
71998,HC,11,3,2,5,1.0,3
71998,HC,11,3,2,6,1.0,3
71998,HC,11,3,2,7,1.0,3
71998,HC,11,3,2,8,1.0,3
71998,HC,11,3,2,9,1.0,3
71998,HC,12,5,3,1,0.4,5
71998,HC,12,5,3,2,0.6,5
71998,HC,12,5,3,3,0.6,5
71998,HC,12,5,3,4,0.8,5
71998,HC,12,5,3,5,0.8,5
71998,HC,12,5,3,6,0.8,5
71998,HC,12,5,3,7,0.8,5
71998,HC,12,5,3,8,1.0,5
71998,HC,12,5,3,9,0.8,5
71998,HC,13,4,2,1,0.5,4
71998,HC,13,4,2,2,0.75,4
71998,HC,13,4,2,3,1.0,4
71998,HC,13,4,2,4,1.0,4
71998,HC,13,4,2,5,1.0,4
71998,HC,13,4,2,6,1.0,4
71998,HC,13,4,2,7,1.0,4
71998,HC,13,4,2,8,1.0,4
71998,HC,13,4,2,9,1.0,4
72088,SZ,1,5,1,1,0.2,5
72088,SZ,1,5,1,2,0.6,5
72088,SZ,1,5,1,3,0.2,5
72088,SZ,1,5,1,4,0.6,5
72088,SZ,1,5,1,5,0.5,4
72088,SZ,1,5,1,6,0.2,5
72088,SZ,1,5,1,7,0.2,5
72088,SZ,1,5,1,8,0.6,5
72088,SZ,1,5,1,9,0.4,5
72088,SZ,2,4,1,1,0.5,4
72088,SZ,2,4,1,2,0.75,4
72088,SZ,2,4,1,3,1.0,4
72088,SZ,2,4,1,4,0.75,4
72088,SZ,2,4,1,5,1.0,4
72088,SZ,2,4,1,6,1.0,4
72088,SZ,2,4,1,7,1.0,4
72088,SZ,2,4,1,8,1.0,4
72088,SZ,2,4,1,9,1.0,3
72088,SZ,3,6,1,1,0.3333333333333333,6
72088,SZ,3,6,1,2,0.16666666666666666,6
72088,SZ,3,6,1,3,0.5,6
72088,SZ,3,6,1,4,0.6666666666666666,6
72088,SZ,3,6,1,5,0.3333333333333333,6
72088,SZ,3,6,1,6,0.3333333333333333,6
72088,SZ,3,6,1,7,0.5,6
72088,SZ,3,6,1,8,0.3333333333333333,6
72088,SZ,3,6,1,9,0.8333333333333334,6
72088,SZ,4,3,1,1,0.6666666666666666,3
72088,SZ,4,3,1,2,1.0,3
72088,SZ,4,3,1,3,1.0,3
72088,SZ,4,3,1,4,1.0,3
72088,SZ,4,3,1,5,1.0,3
72088,SZ,4,3,1,6,1.0,3
72088,SZ,4,3,1,7,1.0,3
72088,SZ,4,3,1,8,1.0,3
72088,SZ,4,3,1,9,1.0,3
72088,SZ,5,2,1,1,0.0,2
72088,SZ,5,2,1,2,1.0,2
72088,SZ,5,2,1,3,0.5,2
72088,SZ,5,2,1,4,1.0,2
72088,SZ,5,2,1,5,1.0,2
72088,SZ,5,2,1,6,1.0,2
72088,SZ,5,2,1,7,1.0,2
72088,SZ,5,2,1,8,1.0,2
72088,SZ,5,2,1,9,1.0,2
72088,SZ,6,2,2,1,0.5,2
72088,SZ,6,2,2,2,1.0,2
72088,SZ,6,2,2,3,1.0,2
72088,SZ,6,2,2,4,1.0,2
72088,SZ,6,2,2,5,1.0,2
72088,SZ,6,2,2,6,1.0,2
72088,SZ,6,2,2,7,1.0,2
72088,SZ,6,2,2,8,1.0,2
72088,SZ,6,2,2,9,0.5,2
72088,SZ,7,2,3,1,0.5,2
72088,SZ,7,2,3,2,1.0,2
72088,SZ,7,2,3,3,1.0,2
72088,SZ,7,2,3,4,1.0,2
72088,SZ,7,2,3,5,1.0,2
72088,SZ,7,2,3,6,1.0,2
72088,SZ,7,2,3,7,1.0,2
72088,SZ,7,2,3,8,1.0,2
72088,SZ,7,2,3,9,0.5,2
72088,SZ,8,5,2,1,0.2,5
72088,SZ,8,5,2,2,0.6,5
72088,SZ,8,5,2,3,0.6,5
72088,SZ,8,5,2,4,0.8,5
72088,SZ,8,5,2,5,0.8,5
72088,SZ,8,5,2,6,0.4,5
72088,SZ,8,5,2,7,0.4,5
72088,SZ,8,5,2,8,0.2,5
72088,SZ,8,5,2,9,0.6,5
72088,SZ,9,6,2,1,0.3333333333333333,6
72088,SZ,9,6,2,2,0.3333333333333333,6
72088,SZ,9,6,2,3,0.5,6
72088,SZ,9,6,2,4,0.3333333333333333,6
72088,SZ,9,6,2,5,0.3333333333333333,6
72088,SZ,9,6,2,6,0.3333333333333333,6
72088,SZ,9,6,2,7,0.3333333333333333,6
72088,SZ,9,6,2,8,0.5,6
72088,SZ,9,6,2,9,0.6666666666666666,6
72088,SZ,10,5,3,1,0.0,5
72088,SZ,10,5,3,2,0.2,5
72088,SZ,10,5,3,3,0.2,5
72088,SZ,10,5,3,4,0.8,5
72088,SZ,10,5,3,5,0.8,5
72088,SZ,10,5,3,6,0.6,5
72088,SZ,10,5,3,7,0.8,5
72088,SZ,10,5,3,8,1.0,5
72088,SZ,10,5,3,9,1.0,4
72088,SZ,11,4,2,1,0.3333333333333333,3
72088,SZ,11,4,2,2,1.0,4
72088,SZ,11,4,2,3,0.25,4
72088,SZ,11,4,2,4,0.5,4
72088,SZ,11,4,2,5,0.25,4
72088,SZ,11,4,2,6,0.75,4
72088,SZ,11,4,2,7,0.6666666666666666,3
72088,SZ,11,4,2,8,0.75,4
72088,SZ,11,4,2,9,0.75,4
72088,SZ,12,3,2,1,0.0,3
72088,SZ,12,3,2,2,0.3333333333333333,3
72088,SZ,12,3,2,3,0.3333333333333333,3
72088,SZ,12,3,2,4,0.6666666666666666,3
72088,SZ,12,3,2,5,0.6666666666666666,3
72088,SZ,12,3,2,6,1.0,3
72088,SZ,12,3,2,7,0.6666666666666666,3
72088,SZ,12,3,2,8,1.0,3
72088,SZ,12,3,2,9,1.0,3
72088,SZ,13,2,4,1,0.5,2
72088,SZ,13,2,4,2,1.0,2
72088,SZ,13,2,4,3,1.0,2
72088,SZ,13,2,4,4,1.0,2
72088,SZ,13,2,4,5,1.0,2
72088,SZ,13,2,4,6,1.0,2
72088,SZ,13,2,4,7,1.0,2
72088,SZ,13,2,4,8,1.0,2
72088,SZ,13,2,4,9,1.0,2
73091,HC,1,2,1,1,0.0,2
73091,HC,1,2,1,2,1.0,2
73091,HC,1,2,1,3,1.0,2
73091,HC,1,2,1,4,0.5,2
73091,HC,1,2,1,5,1.0,2
73091,HC,1,2,1,6,1.0,2
73091,HC,1,2,1,7,1.0,2
73091,HC,1,2,1,8,1.0,2
73091,HC,1,2,1,9,1.0,2
73091,HC,2,6,1,1,0.3333333333333333,6
73091,HC,2,6,1,2,0.3333333333333333,6
73091,HC,2,6,1,3,0.6666666666666666,6
73091,HC,2,6,1,4,0.5,6
73091,HC,2,6,1,5,0.5,6
73091,HC,2,6,1,6,1.0,6
73091,HC,2,6,1,7,0.6666666666666666,6
73091,HC,2,6,1,8,1.0,6
73091,HC,2,6,1,9,1.0,6
73091,HC,3,3,1,1,0.3333333333333333,3
73091,HC,3,3,1,2,0.6666666666666666,3
73091,HC,3,3,1,3,1.0,3
73091,HC,3,3,1,4,1.0,3
73091,HC,3,3,1,5,1.0,3
73091,HC,3,3,1,6,1.0,3
73091,HC,3,3,1,7,1.0,3
73091,HC,3,3,1,8,1.0,3
73091,HC,3,3,1,9,1.0,3
73091,HC,4,2,2,1,0.0,2
73091,HC,4,2,2,2,0.0,2
73091,HC,4,2,2,3,1.0,2
73091,HC,4,2,2,4,1.0,2
73091,HC,4,2,2,5,1.0,2
73091,HC,4,2,2,6,1.0,2
73091,HC,4,2,2,7,1.0,2
73091,HC,4,2,2,8,1.0,2
73091,HC,4,2,2,9,1.0,2
73091,HC,5,4,1,1,0.25,4
73091,HC,5,4,1,2,0.5,4
73091,HC,5,4,1,3,1.0,4
73091,HC,5,4,1,4,1.0,4
73091,HC,5,4,1,5,1.0,4
73091,HC,5,4,1,6,1.0,4
73091,HC,5,4,1,7,1.0,4
73091,HC,5,4,1,8,1.0,4
73091,HC,5,4,1,9,1.0,4
73091,HC,6,2,3,1,1.0,2
73091,HC,6,2,3,2,1.0,2
73091,HC,6,2,3,3,1.0,2
73091,HC,6,2,3,4,1.0,2
73091,HC,6,2,3,5,1.0,2
73091,HC,6,2,3,6,0.5,2
73091,HC,6,2,3,7,1.0,2
73091,HC,6,2,3,8,1.0,2
73091,HC,6,2,3,9,1.0,2
73091,HC,7,5,1,1,0.2,5
73091,HC,7,5,1,2,0.4,5
73091,HC,7,5,1,3,0.4,5
73091,HC,7,5,1,4,0.6,5
73091,HC,7,5,1,5,0.8,5
73091,HC,7,5,1,6,1.0,5
73091,HC,7,5,1,7,1.0,5
73091,HC,7,5,1,8,1.0,5
73091,HC,7,5,1,9,1.0,5
73091,HC,8,6,2,1,0.8333333333333334,6
73091,HC,8,6,2,2,0.8333333333333334,6
73091,HC,8,6,2,3,0.8333333333333334,6
73091,HC,8,6,2,4,1.0,6
73091,HC,8,6,2,5,1.0,6
73091,HC,8,6,2,6,1.0,6
73091,HC,8,6,2,7,1.0,6
73091,HC,8,6,2,8,1.0,6
73091,HC,8,6,2,9,1.0,6
73091,HC,9,5,2,1,0.4,5
73091,HC,9,5,2,2,0.6,5
73091,HC,9,5,2,3,0.8,5
73091,HC,9,5,2,4,0.8,5
73091,HC,9,5,2,5,0.8,5
73091,HC,9,5,2,6,1.0,5
73091,HC,9,5,2,7,1.0,5
73091,HC,9,5,2,8,1.0,5
73091,HC,9,5,2,9,1.0,5
73091,HC,10,2,4,1,0.0,2
73091,HC,10,2,4,2,1.0,1
73091,HC,10,2,4,3,1.0,2
73091,HC,10,2,4,4,1.0,2
73091,HC,10,2,4,5,1.0,2
73091,HC,10,2,4,6,1.0,2
73091,HC,10,2,4,7,1.0,2
73091,HC,10,2,4,8,1.0,2
73091,HC,10,2,4,9,1.0,2
73091,HC,11,3,2,1,0.6666666666666666,3
73091,HC,11,3,2,2,1.0,3
73091,HC,11,3,2,3,1.0,3
73091,HC,11,3,2,4,1.0,3
73091,HC,11,3,2,5,1.0,3
73091,HC,11,3,2,6,1.0,3
73091,HC,11,3,2,7,1.0,3
73091,HC,11,3,2,8,1.0,3
73091,HC,11,3,2,9,1.0,3
73091,HC,12,4,2,1,0.25,4
73091,HC,12,4,2,2,0.0,4
73091,HC,12,4,2,3,0.75,4
73091,HC,12,4,2,4,0.75,4
73091,HC,12,4,2,5,0.75,4
73091,HC,12,4,2,6,0.75,4
73091,HC,12,4,2,7,0.5,4
73091,HC,12,4,2,8,0.5,4
73091,HC,12,4,2,9,0.75,4
73091,HC,13,5,3,1,0.2,5
73091,HC,13,5,3,2,0.6,5
73091,HC,13,5,3,3,1.0,5
73091,HC,13,5,3,4,1.0,5
73091,HC,13,5,3,5,1.0,5
73091,HC,13,5,3,6,1.0,5
73091,HC,13,5,3,7,1.0,5
73091,HC,13,5,3,8,1.0,5
73091,HC,13,5,3,9,1.0,5
73394,SZ,1,3,1,1,0.0,3
73394,SZ,1,3,1,2,0.0,3
73394,SZ,1,3,1,3,0.0,3
73394,SZ,1,3,1,4,0.3333333333333333,3
73394,SZ,1,3,1,5,0.6666666666666666,3
73394,SZ,1,3,1,6,0.6666666666666666,3
73394,SZ,1,3,1,7,0.3333333333333333,3
73394,SZ,1,3,1,8,1.0,3
73394,SZ,1,3,1,9,1.0,3
73394,SZ,2,6,1,1,0.3333333333333333,6
73394,SZ,2,6,1,2,0.8333333333333334,6
73394,SZ,2,6,1,3,0.6666666666666666,6
73394,SZ,2,6,1,4,0.5,6
73394,SZ,2,6,1,5,0.6666666666666666,6
73394,SZ,2,6,1,6,0.8333333333333334,6
73394,SZ,2,6,1,7,0.8333333333333334,6
73394,SZ,2,6,1,8,1.0,6
73394,SZ,2,6,1,9,1.0,6
73394,SZ,3,2,1,1,0.5,2
73394,SZ,3,2,1,2,1.0,2
73394,SZ,3,2,1,3,1.0,2
73394,SZ,3,2,1,4,1.0,2
73394,SZ,3,2,1,5,1.0,2
73394,SZ,3,2,1,6,1.0,2
73394,SZ,3,2,1,7,1.0,2
73394,SZ,3,2,1,8,1.0,2
73394,SZ,3,2,1,9,1.0,2
73394,SZ,4,2,2,1,0.5,2
73394,SZ,4,2,2,2,0.5,2
73394,SZ,4,2,2,3,1.0,2
73394,SZ,4,2,2,4,1.0,2
73394,SZ,4,2,2,5,1.0,2
73394,SZ,4,2,2,6,1.0,2
73394,SZ,4,2,2,7,1.0,2
73394,SZ,4,2,2,8,1.0,2
73394,SZ,4,2,2,9,1.0,2
73394,SZ,5,2,3,1,0.0,2
73394,SZ,5,2,3,2,0.0,2
73394,SZ,5,2,3,3,1.0,2
73394,SZ,5,2,3,4,1.0,2
73394,SZ,5,2,3,5,1.0,2
73394,SZ,5,2,3,6,1.0,2
73394,SZ,5,2,3,7,1.0,2
73394,SZ,5,2,3,8,1.0,2
73394,SZ,5,2,3,9,1.0,2
73394,SZ,6,4,1,1,0.5,4
73394,SZ,6,4,1,2,1.0,4
73394,SZ,6,4,1,3,1.0,4
73394,SZ,6,4,1,4,1.0,4
73394,SZ,6,4,1,5,1.0,4
73394,SZ,6,4,1,6,1.0,4
73394,SZ,6,4,1,7,1.0,4
73394,SZ,6,4,1,8,1.0,4
73394,SZ,6,4,1,9,1.0,4
73394,SZ,7,5,1,1,0.2,5
73394,SZ,7,5,1,2,0.6,5
73394,SZ,7,5,1,3,0.6,5
73394,SZ,7,5,1,4,0.6,5
73394,SZ,7,5,1,5,0.6,5
73394,SZ,7,5,1,6,1.0,5
73394,SZ,7,5,1,7,1.0,5
73394,SZ,7,5,1,8,1.0,5
73394,SZ,7,5,1,9,1.0,5
73394,SZ,8,6,2,1,0.8333333333333334,6
73394,SZ,8,6,2,2,0.8333333333333334,6
73394,SZ,8,6,2,3,0.8333333333333334,6
73394,SZ,8,6,2,4,0.6666666666666666,6
73394,SZ,8,6,2,5,1.0,6
73394,SZ,8,6,2,6,1.0,6
73394,SZ,8,6,2,7,0.8333333333333334,6
73394,SZ,8,6,2,8,1.0,6
73394,SZ,8,6,2,9,1.0,6
73394,SZ,9,5,2,1,0.4,5
73394,SZ,9,5,2,2,0.6,5
73394,SZ,9,5,2,3,1.0,5
73394,SZ,9,5,2,4,0.8,5
73394,SZ,9,5,2,5,1.0,5
73394,SZ,9,5,2,6,1.0,5
73394,SZ,9,5,2,7,1.0,5
73394,SZ,9,5,2,8,1.0,5
73394,SZ,9,5,2,9,1.0,5
73394,SZ,10,3,2,1,0.0,3
73394,SZ,10,3,2,2,0.0,3
73394,SZ,10,3,2,3,0.6666666666666666,3
73394,SZ,10,3,2,4,0.6666666666666666,3
73394,SZ,10,3,2,5,0.6666666666666666,3
73394,SZ,10,3,2,6,1.0,3
73394,SZ,10,3,2,7,1.0,3
73394,SZ,10,3,2,8,0.6666666666666666,3
73394,SZ,10,3,2,9,1.0,3
73394,SZ,11,2,4,1,0.0,2
73394,SZ,11,2,4,2,0.5,2
73394,SZ,11,2,4,3,1.0,2
73394,SZ,11,2,4,4,1.0,2
73394,SZ,11,2,4,5,1.0,2
73394,SZ,11,2,4,6,1.0,2
73394,SZ,11,2,4,7,1.0,2
73394,SZ,11,2,4,8,1.0,2
73394,SZ,11,2,4,9,1.0,2
73394,SZ,12,4,2,1,0.75,4
73394,SZ,12,4,2,2,1.0,4
73394,SZ,12,4,2,3,1.0,4
73394,SZ,12,4,2,4,1.0,4
73394,SZ,12,4,2,5,1.0,4
73394,SZ,12,4,2,6,1.0,4
73394,SZ,12,4,2,7,1.0,4
73394,SZ,12,4,2,8,1.0,4
73394,SZ,12,4,2,9,1.0,4
73394,SZ,13,5,3,1,0.0,5
73394,SZ,13,5,3,2,0.0,5
73394,SZ,13,5,3,3,0.2,5
73394,SZ,13,5,3,4,0.6,5
73394,SZ,13,5,3,5,0.4,5
73394,SZ,13,5,3,6,0.4,5
73394,SZ,13,5,3,7,0.4,5
73394,SZ,13,5,3,8,0.6,5
73394,SZ,13,5,3,9,0.6,5
73991,SZ,1,5,1,1,0.4,5
73991,SZ,1,5,1,2,0.4,5
73991,SZ,1,5,1,3,0.2,5
73991,SZ,1,5,1,4,0.4,5
73991,SZ,1,5,1,5,0.8,5
73991,SZ,1,5,1,6,0.6,5
73991,SZ,1,5,1,7,0.6,5
73991,SZ,1,5,1,8,0.6,5
73991,SZ,1,5,1,9,0.8,5
73991,SZ,2,2,1,1,0.5,2
73991,SZ,2,2,1,2,1.0,2
73991,SZ,2,2,1,3,1.0,2
73991,SZ,2,2,1,4,1.0,2
73991,SZ,2,2,1,5,1.0,2
73991,SZ,2,2,1,6,1.0,2
73991,SZ,2,2,1,7,1.0,2
73991,SZ,2,2,1,8,1.0,2
73991,SZ,2,2,1,9,1.0,2
73991,SZ,3,2,2,1,0.5,2
73991,SZ,3,2,2,2,1.0,2
73991,SZ,3,2,2,3,1.0,2
73991,SZ,3,2,2,4,1.0,2
73991,SZ,3,2,2,5,1.0,2
73991,SZ,3,2,2,6,0.5,2
73991,SZ,3,2,2,7,1.0,2
73991,SZ,3,2,2,8,1.0,2
73991,SZ,3,2,2,9,1.0,2
73991,SZ,4,4,1,1,0.5,4
73991,SZ,4,4,1,2,0.75,4
73991,SZ,4,4,1,3,0.75,4
73991,SZ,4,4,1,4,0.75,4
73991,SZ,4,4,1,5,1.0,4
73991,SZ,4,4,1,6,0.75,4
73991,SZ,4,4,1,7,1.0,4
73991,SZ,4,4,1,8,1.0,4
73991,SZ,4,4,1,9,1.0,4
73991,SZ,5,2,3,1,0.5,2
73991,SZ,5,2,3,2,1.0,2
73991,SZ,5,2,3,3,1.0,2
73991,SZ,5,2,3,4,1.0,2
73991,SZ,5,2,3,5,1.0,2
73991,SZ,5,2,3,6,1.0,2
73991,SZ,5,2,3,7,1.0,2
73991,SZ,5,2,3,8,1.0,2
73991,SZ,5,2,3,9,1.0,2
73991,SZ,6,3,1,1,0.0,3
73991,SZ,6,3,1,2,0.3333333333333333,3
73991,SZ,6,3,1,3,0.3333333333333333,3
73991,SZ,6,3,1,4,0.3333333333333333,3
73991,SZ,6,3,1,5,0.6666666666666666,3
73991,SZ,6,3,1,6,0.6666666666666666,3
73991,SZ,6,3,1,7,1.0,3
73991,SZ,6,3,1,8,1.0,3
73991,SZ,6,3,1,9,1.0,3
73991,SZ,7,6,1,1,0.6666666666666666,6
73991,SZ,7,6,1,2,0.16666666666666666,6
73991,SZ,7,6,1,3,0.3333333333333333,6
73991,SZ,7,6,1,4,0.5,6
73991,SZ,7,6,1,5,0.5,6
73991,SZ,7,6,1,6,0.5,6
73991,SZ,7,6,1,7,0.3333333333333333,6
73991,SZ,7,6,1,8,0.5,6
73991,SZ,7,6,1,9,0.5,6
73991,SZ,8,5,2,1,0.0,5
73991,SZ,8,5,2,2,0.0,5
73991,SZ,8,5,2,3,0.4,5
73991,SZ,8,5,2,4,0.4,5
73991,SZ,8,5,2,5,0.8,5
73991,SZ,8,5,2,6,0.4,5
73991,SZ,8,5,2,7,0.8,5
73991,SZ,8,5,2,8,0.6,5
73991,SZ,8,5,2,9,1.0,5
73991,SZ,9,6,2,1,0.16666666666666666,6
73991,SZ,9,6,2,2,0.5,6
73991,SZ,9,6,2,3,0.5,6
73991,SZ,9,6,2,4,0.3333333333333333,6
73991,SZ,9,6,2,5,0.3333333333333333,6
73991,SZ,9,6,2,6,0.3333333333333333,6
73991,SZ,9,6,2,7,0.3333333333333333,6
73991,SZ,9,6,2,8,0.6666666666666666,6
73991,SZ,9,6,2,9,0.8333333333333334,6
73991,SZ,10,5,3,1,0.6,5
73991,SZ,10,5,3,2,0.4,5
73991,SZ,10,5,3,3,0.8,5
73991,SZ,10,5,3,4,0.4,5
73991,SZ,10,5,3,5,0.6,5
73991,SZ,10,5,3,6,0.8,5
73991,SZ,10,5,3,7,1.0,5
73991,SZ,10,5,3,8,1.0,5
73991,SZ,10,5,3,9,1.0,5
73991,SZ,11,2,4,1,0.0,2
73991,SZ,11,2,4,2,1.0,2
73991,SZ,11,2,4,3,0.5,2
73991,SZ,11,2,4,4,1.0,2
73991,SZ,11,2,4,5,1.0,2
73991,SZ,11,2,4,6,1.0,2
73991,SZ,11,2,4,7,1.0,2
73991,SZ,11,2,4,8,1.0,2
73991,SZ,11,2,4,9,1.0,2
73991,SZ,12,4,2,1,0.5,4
73991,SZ,12,4,2,2,0.5,4
73991,SZ,12,4,2,3,0.75,4
73991,SZ,12,4,2,4,0.75,4
73991,SZ,12,4,2,5,0.75,4
73991,SZ,12,4,2,6,0.5,4
73991,SZ,12,4,2,7,0.75,4
73991,SZ,12,4,2,8,1.0,4
73991,SZ,12,4,2,9,0.75,4
73991,SZ,13,3,2,1,0.6666666666666666,3
73991,SZ,13,3,2,2,1.0,3
73991,SZ,13,3,2,3,1.0,3
73991,SZ,13,3,2,4,0.3333333333333333,3
73991,SZ,13,3,2,5,0.6666666666666666,3
73991,SZ,13,3,2,6,1.0,3
73991,SZ,13,3,2,7,1.0,3
73991,SZ,13,3,2,8,1.0,3
73991,SZ,13,3,2,9,1.0,3
75115,SZ,1,5,1,1,0.4,5
75115,SZ,1,5,1,2,0.6,5
75115,SZ,1,5,1,3,0.4,5
75115,SZ,1,5,1,4,0.6,5
75115,SZ,1,5,1,5,0.8,5
75115,SZ,1,5,1,6,0.8,5
75115,SZ,1,5,1,7,1.0,5
75115,SZ,1,5,1,8,0.8,5
75115,SZ,1,5,1,9,1.0,5
75115,SZ,2,3,1,1,0.3333333333333333,3
75115,SZ,2,3,1,2,0.6666666666666666,3
75115,SZ,2,3,1,3,0.6666666666666666,3
75115,SZ,2,3,1,4,1.0,3
75115,SZ,2,3,1,5,1.0,3
75115,SZ,2,3,1,6,1.0,3
75115,SZ,2,3,1,7,0.6666666666666666,3
75115,SZ,2,3,1,8,1.0,3
75115,SZ,2,3,1,9,1.0,3
75115,SZ,3,4,1,1,0.25,4
75115,SZ,3,4,1,2,0.75,4
75115,SZ,3,4,1,3,1.0,4
75115,SZ,3,4,1,4,1.0,4
75115,SZ,3,4,1,5,1.0,4
75115,SZ,3,4,1,6,1.0,4
75115,SZ,3,4,1,7,1.0,4
75115,SZ,3,4,1,8,1.0,4
75115,SZ,3,4,1,9,1.0,4
75115,SZ,4,2,1,1,0.5,2
75115,SZ,4,2,1,2,1.0,2
75115,SZ,4,2,1,3,1.0,2
75115,SZ,4,2,1,4,1.0,2
75115,SZ,4,2,1,5,1.0,2
75115,SZ,4,2,1,6,1.0,2
75115,SZ,4,2,1,7,1.0,2
75115,SZ,4,2,1,8,0.5,2
75115,SZ,4,2,1,9,1.0,2
75115,SZ,5,2,2,1,0.5,2
75115,SZ,5,2,2,2,0.5,2
75115,SZ,5,2,2,3,1.0,2
75115,SZ,5,2,2,4,1.0,2
75115,SZ,5,2,2,5,1.0,2
75115,SZ,5,2,2,6,1.0,2
75115,SZ,5,2,2,7,1.0,2
75115,SZ,5,2,2,8,1.0,2
75115,SZ,5,2,2,9,1.0,2
75115,SZ,6,2,3,1,0.0,2
75115,SZ,6,2,3,2,0.5,2
75115,SZ,6,2,3,3,1.0,2
75115,SZ,6,2,3,4,1.0,2
75115,SZ,6,2,3,5,1.0,2
75115,SZ,6,2,3,6,1.0,2
75115,SZ,6,2,3,7,1.0,2
75115,SZ,6,2,3,8,0.5,2
75115,SZ,6,2,3,9,1.0,2
75115,SZ,7,6,1,1,0.6666666666666666,6
75115,SZ,7,6,1,2,0.5,6
75115,SZ,7,6,1,3,0.8333333333333334,6
75115,SZ,7,6,1,4,0.8333333333333334,6
75115,SZ,7,6,1,5,0.6666666666666666,6
75115,SZ,7,6,1,6,0.6666666666666666,6
75115,SZ,7,6,1,7,1.0,6
75115,SZ,7,6,1,8,1.0,6
75115,SZ,7,6,1,9,1.0,6
75115,SZ,8,5,2,1,0.2,5
75115,SZ,8,5,2,2,0.4,5
75115,SZ,8,5,2,3,0.8,5
75115,SZ,8,5,2,4,0.8,5
75115,SZ,8,5,2,5,1.0,5
75115,SZ,8,5,2,6,1.0,5
75115,SZ,8,5,2,7,1.0,5
75115,SZ,8,5,2,8,1.0,5
75115,SZ,8,5,2,9,1.0,5
75115,SZ,9,6,2,1,0.3333333333333333,6
75115,SZ,9,6,2,2,0.8333333333333334,6
75115,SZ,9,6,2,3,0.8333333333333334,6
75115,SZ,9,6,2,4,1.0,6
75115,SZ,9,6,2,5,1.0,6
75115,SZ,9,6,2,6,1.0,6
75115,SZ,9,6,2,7,1.0,6
75115,SZ,9,6,2,8,1.0,6
75115,SZ,9,6,2,9,1.0,6
75115,SZ,10,5,3,1,0.4,5
75115,SZ,10,5,3,2,0.6,5
75115,SZ,10,5,3,3,0.8,5
75115,SZ,10,5,3,4,1.0,5
75115,SZ,10,5,3,5,1.0,5
75115,SZ,10,5,3,6,0.6,5
75115,SZ,10,5,3,7,1.0,5
75115,SZ,10,5,3,8,1.0,5
75115,SZ,10,5,3,9,1.0,5
75115,SZ,11,3,2,1,0.3333333333333333,3
75115,SZ,11,3,2,2,0.6666666666666666,3
75115,SZ,11,3,2,3,1.0,3
75115,SZ,11,3,2,4,1.0,3
75115,SZ,11,3,2,5,1.0,3
75115,SZ,11,3,2,6,1.0,3
75115,SZ,11,3,2,7,1.0,3
75115,SZ,11,3,2,8,1.0,3
75115,SZ,11,3,2,9,1.0,3
75115,SZ,12,4,2,1,0.25,4
75115,SZ,12,4,2,2,0.25,4
75115,SZ,12,4,2,3,1.0,4
75115,SZ,12,4,2,4,0.75,4
75115,SZ,12,4,2,5,0.75,4
75115,SZ,12,4,2,6,1.0,4
75115,SZ,12,4,2,7,1.0,4
75115,SZ,12,4,2,8,1.0,4
75115,SZ,12,4,2,9,1.0,4
75115,SZ,13,2,4,1,0.0,2
75115,SZ,13,2,4,2,0.5,2
75115,SZ,13,2,4,3,1.0,2
75115,SZ,13,2,4,4,1.0,2
75115,SZ,13,2,4,5,1.0,2
75115,SZ,13,2,4,6,1.0,2
75115,SZ,13,2,4,7,0.5,2
75115,SZ,13,2,4,8,1.0,2
75115,SZ,13,2,4,9,1.0,2
75521,SZ,1,3,1,1,0.0,2
75521,SZ,1,3,1,2,0.5,2
75521,SZ,1,3,1,3,1.0,3
75521,SZ,1,3,1,4,0.6666666666666666,3
75521,SZ,1,3,1,5,1.0,3
75521,SZ,1,3,1,6,1.0,3
75521,SZ,1,3,1,7,1.0,3
75521,SZ,1,3,1,8,1.0,2
75521,SZ,1,3,1,9,0.6666666666666666,3
75521,SZ,2,2,1,1,0.5,2
75521,SZ,2,2,1,2,0.5,2
75521,SZ,2,2,1,3,1.0,2
75521,SZ,2,2,1,4,1.0,2
75521,SZ,2,2,1,5,1.0,2
75521,SZ,2,2,1,6,1.0,2
75521,SZ,2,2,1,7,1.0,2
75521,SZ,2,2,1,8,1.0,2
75521,SZ,2,2,1,9,1.0,2
75521,SZ,3,4,1,1,0.3333333333333333,3
75521,SZ,3,4,1,2,0.5,4
75521,SZ,3,4,1,3,0.5,4
75521,SZ,3,4,1,4,0.75,4
75521,SZ,3,4,1,5,0.75,4
75521,SZ,3,4,1,6,0.6666666666666666,3
75521,SZ,3,4,1,7,0.75,4
75521,SZ,3,4,1,8,1.0,4
75521,SZ,3,4,1,9,1.0,4
75521,SZ,4,2,2,1,1.0,2
75521,SZ,4,2,2,2,1.0,2
75521,SZ,4,2,2,3,1.0,2
75521,SZ,4,2,2,4,1.0,2
75521,SZ,4,2,2,5,0.5,2
75521,SZ,4,2,2,6,0.5,2
75521,SZ,4,2,2,7,1.0,2
75521,SZ,4,2,2,8,1.0,2
75521,SZ,4,2,2,9,0.5,2
75521,SZ,5,5,1,1,0.0,5
75521,SZ,5,5,1,2,0.6,5
75521,SZ,5,5,1,3,0.8,5
75521,SZ,5,5,1,4,0.6,5
75521,SZ,5,5,1,5,0.8,5
75521,SZ,5,5,1,6,0.8,5
75521,SZ,5,5,1,7,0.6,5
75521,SZ,5,5,1,8,1.0,5
75521,SZ,5,5,1,9,1.0,5
75521,SZ,6,6,1,1,0.0,5
75521,SZ,6,6,1,2,0.4,5
75521,SZ,6,6,1,3,0.5,6
75521,SZ,6,6,1,4,0.8333333333333334,6
75521,SZ,6,6,1,5,0.6666666666666666,6
75521,SZ,6,6,1,6,1.0,6
75521,SZ,6,6,1,7,0.75,4
75521,SZ,6,6,1,8,0.6666666666666666,6
75521,SZ,6,6,1,9,0.8333333333333334,6
75521,SZ,7,2,3,1,0.0,2
75521,SZ,7,2,3,2,0.5,2
75521,SZ,7,2,3,3,0.5,2
75521,SZ,7,2,3,4,1.0,2
75521,SZ,7,2,3,5,1.0,2
75521,SZ,7,2,3,6,1.0,2
75521,SZ,7,2,3,7,0.0,2
75521,SZ,7,2,3,8,1.0,2
75521,SZ,7,2,3,9,1.0,2
75521,SZ,8,5,2,1,0.6,5
75521,SZ,8,5,2,2,0.5,4
75521,SZ,8,5,2,3,0.8,5
75521,SZ,8,5,2,4,0.6,5
75521,SZ,8,5,2,5,1.0,5
75521,SZ,8,5,2,6,1.0,5
75521,SZ,8,5,2,7,1.0,5
75521,SZ,8,5,2,8,1.0,5
75521,SZ,8,5,2,9,1.0,5
75521,SZ,9,6,2,1,0.5,4
75521,SZ,9,6,2,2,0.5,6
75521,SZ,9,6,2,3,0.8333333333333334,6
75521,SZ,9,6,2,4,0.5,6
75521,SZ,9,6,2,5,0.8333333333333334,6
75521,SZ,9,6,2,6,0.8,5
75521,SZ,9,6,2,7,1.0,6
75521,SZ,9,6,2,8,0.6666666666666666,6
75521,SZ,9,6,2,9,1.0,6
75521,SZ,10,3,2,1,0.0,3
75521,SZ,10,3,2,2,0.3333333333333333,3
75521,SZ,10,3,2,3,0.3333333333333333,3
75521,SZ,10,3,2,4,0.6666666666666666,3
75521,SZ,10,3,2,5,0.6666666666666666,3
75521,SZ,10,3,2,6,0.6666666666666666,3
75521,SZ,10,3,2,7,1.0,3
75521,SZ,10,3,2,8,1.0,3
75521,SZ,10,3,2,9,1.0,3
75521,SZ,11,2,4,1,0.0,2
75521,SZ,11,2,4,2,1.0,2
75521,SZ,11,2,4,3,1.0,2
75521,SZ,11,2,4,4,0.5,2
75521,SZ,11,2,4,5,1.0,2
75521,SZ,11,2,4,6,0.5,2
75521,SZ,11,2,4,7,1.0,2
75521,SZ,11,2,4,8,1.0,2
75521,SZ,11,2,4,9,1.0,2
75521,SZ,12,4,2,1,0.25,4
75521,SZ,12,4,2,2,0.5,4
75521,SZ,12,4,2,3,0.5,4
75521,SZ,12,4,2,4,0.5,4
75521,SZ,12,4,2,5,0.6666666666666666,3
75521,SZ,12,4,2,6,0.75,4
75521,SZ,12,4,2,7,0.75,4
75521,SZ,12,4,2,8,1.0,4
75521,SZ,12,4,2,9,1.0,4
75521,SZ,13,5,3,1,0.8,5
75521,SZ,13,5,3,2,0.6,5
75521,SZ,13,5,3,3,0.6,5
75521,SZ,13,5,3,4,0.8,5
75521,SZ,13,5,3,5,1.0,5
75521,SZ,13,5,3,6,1.0,5
75521,SZ,13,5,3,7,1.0,5
75521,SZ,13,5,3,8,1.0,5
75521,SZ,13,5,3,9,0.8,5
78671,SZ,1,2,1,1,0.0,2
78671,SZ,1,2,1,2,1.0,2
78671,SZ,1,2,1,3,1.0,2
78671,SZ,1,2,1,4,1.0,2
78671,SZ,1,2,1,5,1.0,2
78671,SZ,1,2,1,6,1.0,2
78671,SZ,1,2,1,7,1.0,2
78671,SZ,1,2,1,8,1.0,2
78671,SZ,1,2,1,9,1.0,2
78671,SZ,2,3,1,1,0.6666666666666666,3
78671,SZ,2,3,1,2,1.0,3
78671,SZ,2,3,1,3,1.0,3
78671,SZ,2,3,1,4,1.0,3
78671,SZ,2,3,1,5,1.0,3
78671,SZ,2,3,1,6,1.0,3
78671,SZ,2,3,1,7,1.0,3
78671,SZ,2,3,1,8,1.0,3
78671,SZ,2,3,1,9,1.0,3
78671,SZ,3,6,1,1,0.3333333333333333,6
78671,SZ,3,6,1,2,0.16666666666666666,6
78671,SZ,3,6,1,3,0.6666666666666666,6
78671,SZ,3,6,1,4,0.8333333333333334,6
78671,SZ,3,6,1,5,1.0,6
78671,SZ,3,6,1,6,0.8333333333333334,6
78671,SZ,3,6,1,7,0.8333333333333334,6
78671,SZ,3,6,1,8,1.0,6
78671,SZ,3,6,1,9,1.0,6
78671,SZ,4,2,2,1,0.0,2
78671,SZ,4,2,2,2,0.5,2
78671,SZ,4,2,2,3,0.5,2
78671,SZ,4,2,2,4,1.0,2
78671,SZ,4,2,2,5,1.0,2
78671,SZ,4,2,2,6,1.0,2
78671,SZ,4,2,2,7,1.0,2
78671,SZ,4,2,2,8,1.0,2
78671,SZ,4,2,2,9,1.0,2
78671,SZ,5,2,3,1,1.0,2
78671,SZ,5,2,3,2,1.0,2
78671,SZ,5,2,3,3,1.0,2
78671,SZ,5,2,3,4,1.0,2
78671,SZ,5,2,3,5,1.0,2
78671,SZ,5,2,3,6,1.0,2
78671,SZ,5,2,3,7,1.0,2
78671,SZ,5,2,3,8,1.0,2
78671,SZ,5,2,3,9,1.0,2
78671,SZ,6,5,1,1,0.2,5
78671,SZ,6,5,1,2,0.6,5
78671,SZ,6,5,1,3,0.8,5
78671,SZ,6,5,1,4,0.6,5
78671,SZ,6,5,1,5,1.0,5
78671,SZ,6,5,1,6,1.0,5
78671,SZ,6,5,1,7,1.0,5
78671,SZ,6,5,1,8,1.0,5
78671,SZ,6,5,1,9,1.0,5
78671,SZ,7,4,1,1,0.25,4
78671,SZ,7,4,1,2,0.5,4
78671,SZ,7,4,1,3,0.75,4
78671,SZ,7,4,1,4,1.0,4
78671,SZ,7,4,1,5,1.0,4
78671,SZ,7,4,1,6,1.0,4
78671,SZ,7,4,1,7,1.0,4
78671,SZ,7,4,1,8,1.0,4
78671,SZ,7,4,1,9,0.75,4
78671,SZ,8,6,2,1,0.5,6
78671,SZ,8,6,2,2,0.8333333333333334,6
78671,SZ,8,6,2,3,0.8333333333333334,6
78671,SZ,8,6,2,4,0.6666666666666666,6
78671,SZ,8,6,2,5,1.0,6
78671,SZ,8,6,2,6,1.0,6
78671,SZ,8,6,2,7,1.0,6
78671,SZ,8,6,2,8,1.0,6
78671,SZ,8,6,2,9,1.0,6
78671,SZ,9,5,2,1,0.0,5
78671,SZ,9,5,2,2,0.6,5
78671,SZ,9,5,2,3,0.8,5
78671,SZ,9,5,2,4,1.0,5
78671,SZ,9,5,2,5,1.0,5
78671,SZ,9,5,2,6,1.0,5
78671,SZ,9,5,2,7,1.0,5
78671,SZ,9,5,2,8,1.0,5
78671,SZ,9,5,2,9,1.0,5
78671,SZ,10,2,4,1,0.0,2
78671,SZ,10,2,4,2,0.0,2
78671,SZ,10,2,4,3,0.5,2
78671,SZ,10,2,4,4,1.0,2
78671,SZ,10,2,4,5,1.0,2
78671,SZ,10,2,4,6,1.0,2
78671,SZ,10,2,4,7,1.0,2
78671,SZ,10,2,4,8,1.0,2
78671,SZ,10,2,4,9,1.0,2
78671,SZ,11,3,2,1,0.0,3
78671,SZ,11,3,2,2,0.0,3
78671,SZ,11,3,2,3,1.0,3
78671,SZ,11,3,2,4,1.0,3
78671,SZ,11,3,2,5,1.0,3
78671,SZ,11,3,2,6,1.0,3
78671,SZ,11,3,2,7,1.0,3
78671,SZ,11,3,2,8,1.0,3
78671,SZ,11,3,2,9,1.0,3
78671,SZ,12,5,3,1,0.6,5
78671,SZ,12,5,3,2,0.4,5
78671,SZ,12,5,3,3,0.4,5
78671,SZ,12,5,3,4,0.8,5
78671,SZ,12,5,3,5,1.0,5
78671,SZ,12,5,3,6,1.0,5
78671,SZ,12,5,3,7,1.0,4
78671,SZ,12,5,3,8,0.8,5
78671,SZ,12,5,3,9,1.0,5
78671,SZ,13,4,2,1,0.25,4
78671,SZ,13,4,2,2,0.75,4
78671,SZ,13,4,2,3,1.0,4
78671,SZ,13,4,2,4,1.0,4
78671,SZ,13,4,2,5,1.0,4
78671,SZ,13,4,2,6,0.5,4
78671,SZ,13,4,2,7,1.0,4
78671,SZ,13,4,2,8,1.0,4
78671,SZ,13,4,2,9,1.0,4
79367,SZ,1,2,1,1,0.0,2
79367,SZ,1,2,1,2,0.5,2
79367,SZ,1,2,1,3,1.0,2
79367,SZ,1,2,1,4,1.0,2
79367,SZ,1,2,1,5,1.0,2
79367,SZ,1,2,1,6,0.5,2
79367,SZ,1,2,1,7,1.0,2
79367,SZ,1,2,1,8,1.0,2
79367,SZ,1,2,1,9,1.0,2
79367,SZ,2,4,1,1,0.25,4
79367,SZ,2,4,1,2,0.5,4
79367,SZ,2,4,1,3,0.5,4
79367,SZ,2,4,1,4,0.75,4
79367,SZ,2,4,1,5,0.5,4
79367,SZ,2,4,1,6,0.75,4
79367,SZ,2,4,1,7,1.0,4
79367,SZ,2,4,1,8,1.0,4
79367,SZ,2,4,1,9,0.75,4
79367,SZ,3,3,1,1,0.0,3
79367,SZ,3,3,1,2,0.0,3
79367,SZ,3,3,1,3,0.3333333333333333,3
79367,SZ,3,3,1,4,0.6666666666666666,3
79367,SZ,3,3,1,5,0.3333333333333333,3
79367,SZ,3,3,1,6,0.6666666666666666,3
79367,SZ,3,3,1,7,0.6666666666666666,3
79367,SZ,3,3,1,8,1.0,2
79367,SZ,3,3,1,9,1.0,3
79367,SZ,4,5,1,1,0.4,5
79367,SZ,4,5,1,2,0.2,5
79367,SZ,4,5,1,3,0.2,5
79367,SZ,4,5,1,4,0.4,5
79367,SZ,4,5,1,5,0.6,5
79367,SZ,4,5,1,6,0.8,5
79367,SZ,4,5,1,7,0.8,5
79367,SZ,4,5,1,8,1.0,5
79367,SZ,4,5,1,9,1.0,5
79367,SZ,5,2,2,1,0.5,2
79367,SZ,5,2,2,2,0.5,2
79367,SZ,5,2,2,3,1.0,2
79367,SZ,5,2,2,4,0.5,2
79367,SZ,5,2,2,5,1.0,2
79367,SZ,5,2,2,6,1.0,2
79367,SZ,5,2,2,7,1.0,2
79367,SZ,5,2,2,8,1.0,2
79367,SZ,5,2,2,9,1.0,2
79367,SZ,6,2,3,1,0.5,2
79367,SZ,6,2,3,2,1.0,2
79367,SZ,6,2,3,3,1.0,2
79367,SZ,6,2,3,4,0.5,2
79367,SZ,6,2,3,5,0.5,2
79367,SZ,6,2,3,6,1.0,2
79367,SZ,6,2,3,7,1.0,2
79367,SZ,6,2,3,8,1.0,2
79367,SZ,6,2,3,9,1.0,2
79367,SZ,7,6,1,1,0.6666666666666666,6
79367,SZ,7,6,1,2,0.5,6
79367,SZ,7,6,1,3,0.5,6
79367,SZ,7,6,1,4,0.6666666666666666,6
79367,SZ,7,6,1,5,0.8333333333333334,6
79367,SZ,7,6,1,6,0.6666666666666666,6
79367,SZ,7,6,1,7,0.6666666666666666,6
79367,SZ,7,6,1,8,0.8333333333333334,6
79367,SZ,7,6,1,9,0.8333333333333334,6
79367,SZ,8,6,2,1,0.5,6
79367,SZ,8,6,2,2,0.6666666666666666,6
79367,SZ,8,6,2,3,0.8333333333333334,6
79367,SZ,8,6,2,4,0.6666666666666666,6
79367,SZ,8,6,2,5,1.0,6
79367,SZ,8,6,2,6,0.8333333333333334,6
79367,SZ,8,6,2,7,1.0,6
79367,SZ,8,6,2,8,1.0,6
79367,SZ,8,6,2,9,1.0,6
79367,SZ,9,5,2,1,0.6,5
79367,SZ,9,5,2,2,0.8,5
79367,SZ,9,5,2,3,0.8,5
79367,SZ,9,5,2,4,0.8,5
79367,SZ,9,5,2,5,0.8,5
79367,SZ,9,5,2,6,1.0,5
79367,SZ,9,5,2,7,1.0,5
79367,SZ,9,5,2,8,1.0,5
79367,SZ,9,5,2,9,1.0,5
79367,SZ,10,2,4,1,0.5,2
79367,SZ,10,2,4,2,0.5,2
79367,SZ,10,2,4,3,0.0,2
79367,SZ,10,2,4,4,1.0,2
79367,SZ,10,2,4,5,1.0,2
79367,SZ,10,2,4,6,1.0,2
79367,SZ,10,2,4,7,1.0,2
79367,SZ,10,2,4,8,1.0,2
79367,SZ,10,2,4,9,1.0,2
79367,SZ,11,4,2,1,0.5,4
79367,SZ,11,4,2,2,0.75,4
79367,SZ,11,4,2,3,0.75,4
79367,SZ,11,4,2,4,1.0,4
79367,SZ,11,4,2,5,1.0,4
79367,SZ,11,4,2,6,0.75,4
79367,SZ,11,4,2,7,0.75,4
79367,SZ,11,4,2,8,0.75,4
79367,SZ,11,4,2,9,1.0,4
79367,SZ,12,3,2,1,0.3333333333333333,3
79367,SZ,12,3,2,2,0.6666666666666666,3
79367,SZ,12,3,2,3,0.3333333333333333,3
79367,SZ,12,3,2,4,0.6666666666666666,3
79367,SZ,12,3,2,5,0.6666666666666666,3
79367,SZ,12,3,2,6,1.0,3
79367,SZ,12,3,2,7,0.6666666666666666,3
79367,SZ,12,3,2,8,0.6666666666666666,3
79367,SZ,12,3,2,9,1.0,3
79367,SZ,13,5,3,1,0.4,5
79367,SZ,13,5,3,2,0.6,5
79367,SZ,13,5,3,3,0.8,5
79367,SZ,13,5,3,4,0.8,5
79367,SZ,13,5,3,5,0.8,5
79367,SZ,13,5,3,6,0.8,5
79367,SZ,13,5,3,7,1.0,5
79367,SZ,13,5,3,8,1.0,5
79367,SZ,13,5,3,9,1.0,5
79727,SZ,1,3,1,1,0.6666666666666666,3
79727,SZ,1,3,1,2,0.6666666666666666,3
79727,SZ,1,3,1,3,0.6666666666666666,3
79727,SZ,1,3,1,4,1.0,3
79727,SZ,1,3,1,5,1.0,3
79727,SZ,1,3,1,6,1.0,3
79727,SZ,1,3,1,7,1.0,3
79727,SZ,1,3,1,8,1.0,3
79727,SZ,1,3,1,9,1.0,3
79727,SZ,2,2,1,1,0.0,2
79727,SZ,2,2,1,2,0.0,2
79727,SZ,2,2,1,3,0.5,2
79727,SZ,2,2,1,4,0.5,2
79727,SZ,2,2,1,5,1.0,2
79727,SZ,2,2,1,6,0.5,2
79727,SZ,2,2,1,7,0.5,2
79727,SZ,2,2,1,8,1.0,2
79727,SZ,2,2,1,9,1.0,2
79727,SZ,3,4,1,1,0.25,4
79727,SZ,3,4,1,2,0.5,4
79727,SZ,3,4,1,3,0.25,4
79727,SZ,3,4,1,4,0.0,4
79727,SZ,3,4,1,5,0.25,4
79727,SZ,3,4,1,6,0.25,4
79727,SZ,3,4,1,7,0.5,4
79727,SZ,3,4,1,8,0.25,4
79727,SZ,3,4,1,9,0.25,4
79727,SZ,4,6,1,1,0.6666666666666666,6
79727,SZ,4,6,1,2,0.2,5
79727,SZ,4,6,1,3,0.3333333333333333,6
79727,SZ,4,6,1,4,0.16666666666666666,6
79727,SZ,4,6,1,5,0.2,5
79727,SZ,4,6,1,6,0.0,6
79727,SZ,4,6,1,7,0.75,4
79727,SZ,4,6,1,8,0.16666666666666666,6
79727,SZ,4,6,1,9,0.3333333333333333,6
79727,SZ,5,2,2,1,1.0,2
79727,SZ,5,2,2,2,0.5,2
79727,SZ,5,2,2,3,1.0,2
79727,SZ,5,2,2,4,0.5,2
79727,SZ,5,2,2,5,1.0,2
79727,SZ,5,2,2,6,1.0,2
79727,SZ,5,2,2,7,1.0,2
79727,SZ,5,2,2,8,1.0,2
79727,SZ,5,2,2,9,1.0,2
79727,SZ,6,2,3,1,0.5,2
79727,SZ,6,2,3,2,0.5,2
79727,SZ,6,2,3,3,1.0,2
79727,SZ,6,2,3,4,1.0,2
79727,SZ,6,2,3,5,1.0,2
79727,SZ,6,2,3,6,1.0,2
79727,SZ,6,2,3,7,1.0,2
79727,SZ,6,2,3,8,1.0,2
79727,SZ,6,2,3,9,1.0,2
79727,SZ,7,5,1,1,0.6,5
79727,SZ,7,5,1,2,0.2,5
79727,SZ,7,5,1,3,0.2,5
79727,SZ,7,5,1,4,0.4,5
79727,SZ,7,5,1,5,0.2,5
79727,SZ,7,5,1,6,0.4,5
79727,SZ,7,5,1,7,0.8,5
79727,SZ,7,5,1,8,0.4,5
79727,SZ,7,5,1,9,1.0,5
79727,SZ,8,5,2,1,0.2,5
79727,SZ,8,5,2,2,0.4,5
79727,SZ,8,5,2,3,0.6,5
79727,SZ,8,5,2,4,0.6,5
79727,SZ,8,5,2,5,1.0,5
79727,SZ,8,5,2,6,1.0,5
79727,SZ,8,5,2,7,0.8,5
79727,SZ,8,5,2,8,1.0,5
79727,SZ,8,5,2,9,1.0,5
79727,SZ,9,6,2,1,0.16666666666666666,6
79727,SZ,9,6,2,2,0.4,5
79727,SZ,9,6,2,3,0.6666666666666666,6
79727,SZ,9,6,2,4,0.6666666666666666,6
79727,SZ,9,6,2,5,0.6666666666666666,6
79727,SZ,9,6,2,6,0.8333333333333334,6
79727,SZ,9,6,2,7,0.6666666666666666,6
79727,SZ,9,6,2,8,0.6666666666666666,6
79727,SZ,9,6,2,9,0.8333333333333334,6
79727,SZ,10,3,2,1,0.3333333333333333,3
79727,SZ,10,3,2,2,0.3333333333333333,3
79727,SZ,10,3,2,3,0.6666666666666666,3
79727,SZ,10,3,2,4,0.6666666666666666,3
79727,SZ,10,3,2,5,1.0,3
79727,SZ,10,3,2,6,1.0,3
79727,SZ,10,3,2,7,1.0,3
79727,SZ,10,3,2,8,1.0,3
79727,SZ,10,3,2,9,1.0,3
79727,SZ,11,2,4,1,0.5,2
79727,SZ,11,2,4,2,1.0,2
79727,SZ,11,2,4,3,1.0,2
79727,SZ,11,2,4,4,1.0,2
79727,SZ,11,2,4,5,1.0,2
79727,SZ,11,2,4,6,1.0,2
79727,SZ,11,2,4,7,1.0,2
79727,SZ,11,2,4,8,1.0,2
79727,SZ,11,2,4,9,1.0,2
79727,SZ,12,4,2,1,0.0,4
79727,SZ,12,4,2,2,0.5,4
79727,SZ,12,4,2,3,1.0,4
79727,SZ,12,4,2,4,0.75,4
79727,SZ,12,4,2,5,0.25,4
79727,SZ,12,4,2,6,1.0,4
79727,SZ,12,4,2,7,1.0,4
79727,SZ,12,4,2,8,1.0,4
79727,SZ,12,4,2,9,0.75,4
79727,SZ,13,5,3,1,0.4,5
79727,SZ,13,5,3,2,0.4,5
79727,SZ,13,5,3,3,0.6,5
79727,SZ,13,5,3,4,0.2,5
79727,SZ,13,5,3,5,0.0,5
79727,SZ,13,5,3,6,0.5,4
79727,SZ,13,5,3,7,0.4,5
79727,SZ,13,5,3,8,0.4,5
79727,SZ,13,5,3,9,0.6,5
79907,SZ,1,2,1,1,0.5,2
79907,SZ,1,2,1,2,1.0,2
79907,SZ,1,2,1,3,1.0,2
79907,SZ,1,2,1,4,1.0,2
79907,SZ,1,2,1,5,1.0,2
79907,SZ,1,2,1,6,1.0,2
79907,SZ,1,2,1,7,1.0,2
79907,SZ,1,2,1,8,1.0,2
79907,SZ,1,2,1,9,1.0,2
79907,SZ,2,2,2,1,0.0,1
79907,SZ,2,2,2,2,0.5,2
79907,SZ,2,2,2,3,1.0,2
79907,SZ,2,2,2,4,1.0,2
79907,SZ,2,2,2,5,1.0,2
79907,SZ,2,2,2,6,1.0,2
79907,SZ,2,2,2,7,1.0,2
79907,SZ,2,2,2,8,1.0,2
79907,SZ,2,2,2,9,1.0,2
79907,SZ,3,3,1,1,0.0,3
79907,SZ,3,3,1,2,0.0,3
79907,SZ,3,3,1,3,0.6666666666666666,3
79907,SZ,3,3,1,4,0.6666666666666666,3
79907,SZ,3,3,1,5,1.0,3
79907,SZ,3,3,1,6,1.0,3
79907,SZ,3,3,1,7,1.0,3
79907,SZ,3,3,1,8,1.0,3
79907,SZ,3,3,1,9,1.0,3
79907,SZ,4,5,1,1,0.5,4
79907,SZ,4,5,1,2,0.4,5
79907,SZ,4,5,1,3,0.4,5
79907,SZ,4,5,1,4,0.4,5
79907,SZ,4,5,1,5,0.6,5
79907,SZ,4,5,1,6,0.8,5
79907,SZ,4,5,1,7,0.6,5
79907,SZ,4,5,1,8,0.4,5
79907,SZ,4,5,1,9,0.6,5
79907,SZ,5,6,1,1,0.16666666666666666,6
79907,SZ,5,6,1,2,0.8333333333333334,6
79907,SZ,5,6,1,3,1.0,6
79907,SZ,5,6,1,4,1.0,6
79907,SZ,5,6,1,5,0.8333333333333334,6
79907,SZ,5,6,1,6,1.0,6
79907,SZ,5,6,1,7,1.0,6
79907,SZ,5,6,1,8,1.0,6
79907,SZ,5,6,1,9,1.0,6
79907,SZ,6,4,1,1,0.0,4
79907,SZ,6,4,1,2,0.0,4
79907,SZ,6,4,1,3,0.25,4
79907,SZ,6,4,1,4,0.75,4
79907,SZ,6,4,1,5,0.5,4
79907,SZ,6,4,1,6,0.75,4
79907,SZ,6,4,1,7,0.5,4
79907,SZ,6,4,1,8,0.75,4
79907,SZ,6,4,1,9,0.75,4
79907,SZ,7,2,3,1,0.0,2
79907,SZ,7,2,3,2,1.0,2
79907,SZ,7,2,3,3,1.0,2
79907,SZ,7,2,3,4,1.0,2
79907,SZ,7,2,3,5,1.0,2
79907,SZ,7,2,3,6,1.0,2
79907,SZ,7,2,3,7,1.0,2
79907,SZ,7,2,3,8,1.0,2
79907,SZ,7,2,3,9,0.5,2
79907,SZ,8,5,2,1,0.2,5
79907,SZ,8,5,2,2,0.2,5
79907,SZ,8,5,2,3,0.4,5
79907,SZ,8,5,2,4,0.8,5
79907,SZ,8,5,2,5,0.4,5
79907,SZ,8,5,2,6,0.4,5
79907,SZ,8,5,2,7,0.8,5
79907,SZ,8,5,2,8,0.4,5
79907,SZ,8,5,2,9,0.6,5
79907,SZ,9,6,2,1,0.5,6
79907,SZ,9,6,2,2,0.3333333333333333,6
79907,SZ,9,6,2,3,0.3333333333333333,6
79907,SZ,9,6,2,4,0.5,6
79907,SZ,9,6,2,5,0.6666666666666666,6
79907,SZ,9,6,2,6,0.6666666666666666,6
79907,SZ,9,6,2,7,0.5,6
79907,SZ,9,6,2,8,1.0,6
79907,SZ,9,6,2,9,1.0,6
79907,SZ,10,2,4,1,0.0,2
79907,SZ,10,2,4,2,0.5,2
79907,SZ,10,2,4,3,1.0,2
79907,SZ,10,2,4,4,1.0,2
79907,SZ,10,2,4,5,1.0,2
79907,SZ,10,2,4,6,1.0,2
79907,SZ,10,2,4,7,1.0,2
79907,SZ,10,2,4,8,1.0,2
79907,SZ,10,2,4,9,1.0,2
79907,SZ,11,3,2,1,0.0,3
79907,SZ,11,3,2,2,1.0,3
79907,SZ,11,3,2,3,1.0,3
79907,SZ,11,3,2,4,1.0,3
79907,SZ,11,3,2,5,0.6666666666666666,3
79907,SZ,11,3,2,6,1.0,3
79907,SZ,11,3,2,7,1.0,3
79907,SZ,11,3,2,8,1.0,3
79907,SZ,11,3,2,9,1.0,3
79907,SZ,12,5,3,1,0.4,5
79907,SZ,12,5,3,2,0.6,5
79907,SZ,12,5,3,3,0.4,5
79907,SZ,12,5,3,4,0.4,5
79907,SZ,12,5,3,5,0.6,5
79907,SZ,12,5,3,6,0.6,5
79907,SZ,12,5,3,7,0.6,5
79907,SZ,12,5,3,8,1.0,5
79907,SZ,12,5,3,9,0.8,5
79907,SZ,13,4,2,1,0.25,4
79907,SZ,13,4,2,2,0.75,4
79907,SZ,13,4,2,3,0.25,4
79907,SZ,13,4,2,4,0.75,4
79907,SZ,13,4,2,5,0.25,4
79907,SZ,13,4,2,6,0.75,4
79907,SZ,13,4,2,7,1.0,4
79907,SZ,13,4,2,8,1.0,4
79907,SZ,13,4,2,9,1.0,4
80256,SZ,1,4,1,1,0.5,4
80256,SZ,1,4,1,2,0.5,4
80256,SZ,1,4,1,3,1.0,4
80256,SZ,1,4,1,4,1.0,4
80256,SZ,1,4,1,5,1.0,4
80256,SZ,1,4,1,6,1.0,4
80256,SZ,1,4,1,7,1.0,4
80256,SZ,1,4,1,8,1.0,4
80256,SZ,1,4,1,9,1.0,4
80256,SZ,2,3,1,1,1.0,3
80256,SZ,2,3,1,2,1.0,3
80256,SZ,2,3,1,3,1.0,3
80256,SZ,2,3,1,4,1.0,3
80256,SZ,2,3,1,5,1.0,3
80256,SZ,2,3,1,6,1.0,3
80256,SZ,2,3,1,7,1.0,3
80256,SZ,2,3,1,8,1.0,3
80256,SZ,2,3,1,9,1.0,3
80256,SZ,3,2,1,1,0.5,2
80256,SZ,3,2,1,2,0.5,2
80256,SZ,3,2,1,3,1.0,2
80256,SZ,3,2,1,4,1.0,2
80256,SZ,3,2,1,5,1.0,2
80256,SZ,3,2,1,6,1.0,2
80256,SZ,3,2,1,7,1.0,2
80256,SZ,3,2,1,8,1.0,2
80256,SZ,3,2,1,9,1.0,2
80256,SZ,4,2,2,1,0.5,2
80256,SZ,4,2,2,2,1.0,2
80256,SZ,4,2,2,3,1.0,2
80256,SZ,4,2,2,4,1.0,2
80256,SZ,4,2,2,5,1.0,2
80256,SZ,4,2,2,6,1.0,2
80256,SZ,4,2,2,7,1.0,2
80256,SZ,4,2,2,8,1.0,2
80256,SZ,4,2,2,9,1.0,2
80256,SZ,5,6,1,1,0.3333333333333333,6
80256,SZ,5,6,1,2,0.8333333333333334,6
80256,SZ,5,6,1,3,1.0,6
80256,SZ,5,6,1,4,1.0,6
80256,SZ,5,6,1,5,1.0,6
80256,SZ,5,6,1,6,1.0,6
80256,SZ,5,6,1,7,1.0,6
80256,SZ,5,6,1,8,1.0,6
80256,SZ,5,6,1,9,1.0,6
80256,SZ,6,5,1,1,0.4,5
80256,SZ,6,5,1,2,0.6,5
80256,SZ,6,5,1,3,0.6,5
80256,SZ,6,5,1,4,1.0,5
80256,SZ,6,5,1,5,1.0,5
80256,SZ,6,5,1,6,1.0,5
80256,SZ,6,5,1,7,1.0,5
80256,SZ,6,5,1,8,1.0,5
80256,SZ,6,5,1,9,1.0,5
80256,SZ,7,2,3,1,0.0,2
80256,SZ,7,2,3,2,0.5,2
80256,SZ,7,2,3,3,1.0,2
80256,SZ,7,2,3,4,1.0,2
80256,SZ,7,2,3,5,1.0,2
80256,SZ,7,2,3,6,1.0,2
80256,SZ,7,2,3,7,1.0,2
80256,SZ,7,2,3,8,1.0,2
80256,SZ,7,2,3,9,1.0,2
80256,SZ,8,5,2,1,0.6,5
80256,SZ,8,5,2,2,0.8,5
80256,SZ,8,5,2,3,0.8,5
80256,SZ,8,5,2,4,1.0,5
80256,SZ,8,5,2,5,1.0,5
80256,SZ,8,5,2,6,1.0,5
80256,SZ,8,5,2,7,1.0,5
80256,SZ,8,5,2,8,0.8,5
80256,SZ,8,5,2,9,1.0,5
80256,SZ,9,6,2,1,0.3333333333333333,6
80256,SZ,9,6,2,2,0.6666666666666666,6
80256,SZ,9,6,2,3,1.0,6
80256,SZ,9,6,2,4,1.0,6
80256,SZ,9,6,2,5,0.8333333333333334,6
80256,SZ,9,6,2,6,1.0,6
80256,SZ,9,6,2,7,1.0,6
80256,SZ,9,6,2,8,1.0,6
80256,SZ,9,6,2,9,1.0,6
80256,SZ,10,4,2,1,0.25,4
80256,SZ,10,4,2,2,0.75,4
80256,SZ,10,4,2,3,1.0,4
80256,SZ,10,4,2,4,1.0,4
80256,SZ,10,4,2,5,1.0,4
80256,SZ,10,4,2,6,1.0,4
80256,SZ,10,4,2,7,1.0,4
80256,SZ,10,4,2,8,1.0,4
80256,SZ,10,4,2,9,1.0,4
80256,SZ,11,3,2,1,0.0,3
80256,SZ,11,3,2,2,0.3333333333333333,3
80256,SZ,11,3,2,3,1.0,3
80256,SZ,11,3,2,4,1.0,3
80256,SZ,11,3,2,5,1.0,3
80256,SZ,11,3,2,6,1.0,3
80256,SZ,11,3,2,7,1.0,3
80256,SZ,11,3,2,8,1.0,3
80256,SZ,11,3,2,9,1.0,3
80256,SZ,12,2,4,1,1.0,2
80256,SZ,12,2,4,2,1.0,2
80256,SZ,12,2,4,3,1.0,2
80256,SZ,12,2,4,4,1.0,2
80256,SZ,12,2,4,5,1.0,2
80256,SZ,12,2,4,6,1.0,2
80256,SZ,12,2,4,7,1.0,2
80256,SZ,12,2,4,8,1.0,2
80256,SZ,12,2,4,9,1.0,2
80256,SZ,13,5,3,1,0.0,5
80256,SZ,13,5,3,2,0.4,5
80256,SZ,13,5,3,3,1.0,5
80256,SZ,13,5,3,4,1.0,5
80256,SZ,13,5,3,5,1.0,5
80256,SZ,13,5,3,6,1.0,5
80256,SZ,13,5,3,7,1.0,5
80256,SZ,13,5,3,8,1.0,5
80256,SZ,13,5,3,9,1.0,5
80627,SZ,1,6,1,1,0.6666666666666666,6
80627,SZ,1,6,1,2,0.8333333333333334,6
80627,SZ,1,6,1,3,0.8333333333333334,6
80627,SZ,1,6,1,4,0.8333333333333334,6
80627,SZ,1,6,1,5,1.0,6
80627,SZ,1,6,1,6,1.0,6
80627,SZ,1,6,1,7,1.0,6
80627,SZ,1,6,1,8,1.0,6
80627,SZ,1,6,1,9,1.0,6
80627,SZ,2,2,1,1,0.5,2
80627,SZ,2,2,1,2,0.5,2
80627,SZ,2,2,1,3,1.0,2
80627,SZ,2,2,1,4,1.0,2
80627,SZ,2,2,1,5,1.0,2
80627,SZ,2,2,1,6,1.0,2
80627,SZ,2,2,1,7,1.0,2
80627,SZ,2,2,1,8,1.0,2
80627,SZ,2,2,1,9,1.0,2
80627,SZ,3,2,2,1,0.5,2
80627,SZ,3,2,2,2,0.5,2
80627,SZ,3,2,2,3,1.0,2
80627,SZ,3,2,2,4,1.0,2
80627,SZ,3,2,2,5,1.0,2
80627,SZ,3,2,2,6,1.0,2
80627,SZ,3,2,2,7,1.0,2
80627,SZ,3,2,2,8,1.0,2
80627,SZ,3,2,2,9,1.0,2
80627,SZ,4,5,1,1,0.6,5
80627,SZ,4,5,1,2,0.8,5
80627,SZ,4,5,1,3,0.6,5
80627,SZ,4,5,1,4,1.0,5
80627,SZ,4,5,1,5,0.8,5
80627,SZ,4,5,1,6,1.0,5
80627,SZ,4,5,1,7,1.0,5
80627,SZ,4,5,1,8,1.0,5
80627,SZ,4,5,1,9,0.8,5
80627,SZ,5,3,1,1,0.0,3
80627,SZ,5,3,1,2,0.3333333333333333,3
80627,SZ,5,3,1,3,0.6666666666666666,3
80627,SZ,5,3,1,4,1.0,3
80627,SZ,5,3,1,5,1.0,3
80627,SZ,5,3,1,6,1.0,3
80627,SZ,5,3,1,7,0.6666666666666666,3
80627,SZ,5,3,1,8,0.3333333333333333,3
80627,SZ,5,3,1,9,1.0,3
80627,SZ,6,4,1,1,0.25,4
80627,SZ,6,4,1,2,0.75,4
80627,SZ,6,4,1,3,1.0,4
80627,SZ,6,4,1,4,1.0,4
80627,SZ,6,4,1,5,1.0,4
80627,SZ,6,4,1,6,1.0,4
80627,SZ,6,4,1,7,0.75,4
80627,SZ,6,4,1,8,1.0,4
80627,SZ,6,4,1,9,1.0,4
80627,SZ,7,2,3,1,1.0,2
80627,SZ,7,2,3,2,1.0,2
80627,SZ,7,2,3,3,1.0,2
80627,SZ,7,2,3,4,1.0,2
80627,SZ,7,2,3,5,1.0,2
80627,SZ,7,2,3,6,1.0,2
80627,SZ,7,2,3,7,1.0,2
80627,SZ,7,2,3,8,1.0,2
80627,SZ,7,2,3,9,1.0,2
80627,SZ,8,6,2,1,0.16666666666666666,6
80627,SZ,8,6,2,2,0.3333333333333333,6
80627,SZ,8,6,2,3,0.3333333333333333,6
80627,SZ,8,6,2,4,0.3333333333333333,6
80627,SZ,8,6,2,5,0.5,6
80627,SZ,8,6,2,6,0.6666666666666666,6
80627,SZ,8,6,2,7,0.3333333333333333,6
80627,SZ,8,6,2,8,0.6666666666666666,6
80627,SZ,8,6,2,9,0.8333333333333334,6
80627,SZ,9,5,2,1,0.6,5
80627,SZ,9,5,2,2,0.6,5
80627,SZ,9,5,2,3,0.6,5
80627,SZ,9,5,2,4,0.8,5
80627,SZ,9,5,2,5,0.8,5
80627,SZ,9,5,2,6,0.8,5
80627,SZ,9,5,2,7,1.0,5
80627,SZ,9,5,2,8,1.0,5
80627,SZ,9,5,2,9,1.0,5
80627,SZ,10,2,4,1,0.5,2
80627,SZ,10,2,4,2,1.0,2
80627,SZ,10,2,4,3,1.0,2
80627,SZ,10,2,4,4,1.0,2
80627,SZ,10,2,4,5,1.0,2
80627,SZ,10,2,4,6,1.0,2
80627,SZ,10,2,4,7,1.0,2
80627,SZ,10,2,4,8,1.0,2
80627,SZ,10,2,4,9,1.0,2
80627,SZ,11,5,3,1,0.0,5
80627,SZ,11,5,3,2,0.4,5
80627,SZ,11,5,3,3,0.6,5
80627,SZ,11,5,3,4,0.6,5
80627,SZ,11,5,3,5,1.0,5
80627,SZ,11,5,3,6,0.8,5
80627,SZ,11,5,3,7,1.0,5
80627,SZ,11,5,3,8,1.0,5
80627,SZ,11,5,3,9,1.0,5
80627,SZ,12,3,2,1,0.3333333333333333,3
80627,SZ,12,3,2,2,1.0,3
80627,SZ,12,3,2,3,1.0,3
80627,SZ,12,3,2,4,0.6666666666666666,3
80627,SZ,12,3,2,5,1.0,3
80627,SZ,12,3,2,6,1.0,3
80627,SZ,12,3,2,7,1.0,3
80627,SZ,12,3,2,8,0.6666666666666666,3
80627,SZ,12,3,2,9,1.0,3
80627,SZ,13,4,2,1,0.25,4
80627,SZ,13,4,2,2,0.5,4
80627,SZ,13,4,2,3,0.75,4
80627,SZ,13,4,2,4,1.0,4
80627,SZ,13,4,2,5,1.0,4
80627,SZ,13,4,2,6,1.0,4
80627,SZ,13,4,2,7,1.0,4
80627,SZ,13,4,2,8,1.0,4
80627,SZ,13,4,2,9,1.0,4
80695,HC,1,2,1,1,0.5,2
80695,HC,1,2,1,2,0.5,2
80695,HC,1,2,1,3,1.0,2
80695,HC,1,2,1,4,1.0,2
80695,HC,1,2,1,5,1.0,2
80695,HC,1,2,1,6,1.0,2
80695,HC,1,2,1,7,1.0,2
80695,HC,1,2,1,8,1.0,2
80695,HC,1,2,1,9,1.0,2
80695,HC,2,2,2,1,0.0,2
80695,HC,2,2,2,2,1.0,2
80695,HC,2,2,2,3,1.0,2
80695,HC,2,2,2,4,1.0,2
80695,HC,2,2,2,5,1.0,2
80695,HC,2,2,2,6,1.0,2
80695,HC,2,2,2,7,1.0,2
80695,HC,2,2,2,8,1.0,2
80695,HC,2,2,2,9,1.0,2
80695,HC,3,6,1,1,0.16666666666666666,6
80695,HC,3,6,1,2,0.6666666666666666,6
80695,HC,3,6,1,3,0.5,6
80695,HC,3,6,1,4,0.8333333333333334,6
80695,HC,3,6,1,5,0.6666666666666666,6
80695,HC,3,6,1,6,0.8333333333333334,6
80695,HC,3,6,1,7,0.8333333333333334,6
80695,HC,3,6,1,8,1.0,6
80695,HC,3,6,1,9,1.0,6
80695,HC,4,5,1,1,0.2,5
80695,HC,4,5,1,2,0.6,5
80695,HC,4,5,1,3,0.4,5
80695,HC,4,5,1,4,0.6,5
80695,HC,4,5,1,5,0.6,5
80695,HC,4,5,1,6,0.8,5
80695,HC,4,5,1,7,0.6,5
80695,HC,4,5,1,8,0.8,5
80695,HC,4,5,1,9,1.0,5
80695,HC,5,3,1,1,0.0,3
80695,HC,5,3,1,2,0.6666666666666666,3
80695,HC,5,3,1,3,0.6666666666666666,3
80695,HC,5,3,1,4,1.0,3
80695,HC,5,3,1,5,0.3333333333333333,3
80695,HC,5,3,1,6,1.0,3
80695,HC,5,3,1,7,1.0,3
80695,HC,5,3,1,8,1.0,3
80695,HC,5,3,1,9,1.0,3
80695,HC,6,2,3,1,0.5,2
80695,HC,6,2,3,2,1.0,2
80695,HC,6,2,3,3,1.0,2
80695,HC,6,2,3,4,1.0,2
80695,HC,6,2,3,5,1.0,2
80695,HC,6,2,3,6,1.0,2
80695,HC,6,2,3,7,1.0,2
80695,HC,6,2,3,8,1.0,2
80695,HC,6,2,3,9,1.0,2
80695,HC,7,4,1,1,0.5,4
80695,HC,7,4,1,2,1.0,4
80695,HC,7,4,1,3,1.0,4
80695,HC,7,4,1,4,0.75,4
80695,HC,7,4,1,5,1.0,4
80695,HC,7,4,1,6,0.75,4
80695,HC,7,4,1,7,1.0,4
80695,HC,7,4,1,8,1.0,4
80695,HC,7,4,1,9,1.0,4
80695,HC,8,6,2,1,0.3333333333333333,6
80695,HC,8,6,2,2,0.3333333333333333,6
80695,HC,8,6,2,3,0.6666666666666666,6
80695,HC,8,6,2,4,0.8333333333333334,6
80695,HC,8,6,2,5,0.8333333333333334,6
80695,HC,8,6,2,6,0.6666666666666666,6
80695,HC,8,6,2,7,0.8333333333333334,6
80695,HC,8,6,2,8,0.8333333333333334,6
80695,HC,8,6,2,9,1.0,6
80695,HC,9,5,2,1,0.2,5
80695,HC,9,5,2,2,0.2,5
80695,HC,9,5,2,3,0.2,5
80695,HC,9,5,2,4,0.6,5
80695,HC,9,5,2,5,0.8,5
80695,HC,9,5,2,6,1.0,5
80695,HC,9,5,2,7,1.0,5
80695,HC,9,5,2,8,0.8,5
80695,HC,9,5,2,9,1.0,5
80695,HC,10,2,4,1,0.5,2
80695,HC,10,2,4,2,1.0,2
80695,HC,10,2,4,3,1.0,2
80695,HC,10,2,4,4,1.0,2
80695,HC,10,2,4,5,1.0,2
80695,HC,10,2,4,6,0.5,2
80695,HC,10,2,4,7,1.0,2
80695,HC,10,2,4,8,1.0,2
80695,HC,10,2,4,9,1.0,2
80695,HC,11,5,3,1,0.0,5
80695,HC,11,5,3,2,0.6,5
80695,HC,11,5,3,3,0.6,5
80695,HC,11,5,3,4,0.4,5
80695,HC,11,5,3,5,0.8,5
80695,HC,11,5,3,6,0.6,5
80695,HC,11,5,3,7,0.8,5
80695,HC,11,5,3,8,0.6,5
80695,HC,11,5,3,9,1.0,5
80695,HC,12,3,2,1,0.3333333333333333,3
80695,HC,12,3,2,2,0.6666666666666666,3
80695,HC,12,3,2,3,0.6666666666666666,3
80695,HC,12,3,2,4,1.0,3
80695,HC,12,3,2,5,1.0,3
80695,HC,12,3,2,6,1.0,3
80695,HC,12,3,2,7,1.0,3
80695,HC,12,3,2,8,0.6666666666666666,3
80695,HC,12,3,2,9,1.0,3
80695,HC,13,4,2,1,0.25,4
80695,HC,13,4,2,2,0.25,4
80695,HC,13,4,2,3,0.5,4
80695,HC,13,4,2,4,0.5,4
80695,HC,13,4,2,5,0.75,4
80695,HC,13,4,2,6,1.0,4
80695,HC,13,4,2,7,1.0,4
80695,HC,13,4,2,8,1.0,4
80695,HC,13,4,2,9,1.0,4
80763,HC,1,5,1,1,0.2,5
80763,HC,1,5,1,2,0.4,5
80763,HC,1,5,1,3,0.4,5
80763,HC,1,5,1,4,0.2,5
80763,HC,1,5,1,5,0.6,5
80763,HC,1,5,1,6,0.6,5
80763,HC,1,5,1,7,0.6,5
80763,HC,1,5,1,8,1.0,5
80763,HC,1,5,1,9,1.0,5
80763,HC,2,2,1,1,0.0,2
80763,HC,2,2,1,2,0.5,2
80763,HC,2,2,1,3,1.0,2
80763,HC,2,2,1,4,1.0,2
80763,HC,2,2,1,5,1.0,2
80763,HC,2,2,1,6,1.0,2
80763,HC,2,2,1,7,1.0,2
80763,HC,2,2,1,8,1.0,2
80763,HC,2,2,1,9,1.0,2
80763,HC,3,2,2,1,0.0,2
80763,HC,3,2,2,2,1.0,2
80763,HC,3,2,2,3,1.0,2
80763,HC,3,2,2,4,1.0,2
80763,HC,3,2,2,5,1.0,2
80763,HC,3,2,2,6,1.0,2
80763,HC,3,2,2,7,1.0,2
80763,HC,3,2,2,8,1.0,2
80763,HC,3,2,2,9,1.0,2
80763,HC,4,4,1,1,0.5,4
80763,HC,4,4,1,2,0.75,4
80763,HC,4,4,1,3,0.5,4
80763,HC,4,4,1,4,0.75,4
80763,HC,4,4,1,5,1.0,4
80763,HC,4,4,1,6,1.0,4
80763,HC,4,4,1,7,1.0,4
80763,HC,4,4,1,8,1.0,4
80763,HC,4,4,1,9,1.0,4
80763,HC,5,2,3,1,0.5,2
80763,HC,5,2,3,2,0.5,2
80763,HC,5,2,3,3,1.0,2
80763,HC,5,2,3,4,1.0,2
80763,HC,5,2,3,5,1.0,2
80763,HC,5,2,3,6,1.0,2
80763,HC,5,2,3,7,1.0,2
80763,HC,5,2,3,8,1.0,2
80763,HC,5,2,3,9,1.0,2
80763,HC,6,3,1,1,0.6666666666666666,3
80763,HC,6,3,1,2,0.6666666666666666,3
80763,HC,6,3,1,3,1.0,3
80763,HC,6,3,1,4,1.0,3
80763,HC,6,3,1,5,1.0,3
80763,HC,6,3,1,6,1.0,3
80763,HC,6,3,1,7,0.6666666666666666,3
80763,HC,6,3,1,8,1.0,3
80763,HC,6,3,1,9,1.0,3
80763,HC,7,6,1,1,0.3333333333333333,6
80763,HC,7,6,1,2,0.3333333333333333,6
80763,HC,7,6,1,3,0.6666666666666666,6
80763,HC,7,6,1,4,0.6666666666666666,6
80763,HC,7,6,1,5,0.8333333333333334,6
80763,HC,7,6,1,6,0.6666666666666666,6
80763,HC,7,6,1,7,0.5,6
80763,HC,7,6,1,8,0.6666666666666666,6
80763,HC,7,6,1,9,0.8333333333333334,6
80763,HC,8,5,2,1,0.6,5
80763,HC,8,5,2,2,0.6,5
80763,HC,8,5,2,3,0.8,5
80763,HC,8,5,2,4,0.6,5
80763,HC,8,5,2,5,0.8,5
80763,HC,8,5,2,6,0.6,5
80763,HC,8,5,2,7,0.8,5
80763,HC,8,5,2,8,0.6,5
80763,HC,8,5,2,9,1.0,5
80763,HC,9,6,2,1,0.5,6
80763,HC,9,6,2,2,0.6666666666666666,6
80763,HC,9,6,2,3,0.3333333333333333,6
80763,HC,9,6,2,4,0.6666666666666666,6
80763,HC,9,6,2,5,0.5,6
80763,HC,9,6,2,6,0.6666666666666666,6
80763,HC,9,6,2,7,0.6666666666666666,6
80763,HC,9,6,2,8,1.0,6
80763,HC,9,6,2,9,1.0,6
80763,HC,10,5,3,1,0.0,5
80763,HC,10,5,3,2,0.0,5
80763,HC,10,5,3,3,0.2,5
80763,HC,10,5,3,4,0.6,5
80763,HC,10,5,3,5,0.4,5
80763,HC,10,5,3,6,0.6,5
80763,HC,10,5,3,7,0.6,5
80763,HC,10,5,3,8,0.5,4
80763,HC,10,5,3,9,0.6,5
80763,HC,11,2,4,1,0.0,2
80763,HC,11,2,4,2,1.0,2
80763,HC,11,2,4,3,1.0,2
80763,HC,11,2,4,4,1.0,2
80763,HC,11,2,4,5,1.0,2
80763,HC,11,2,4,6,1.0,2
80763,HC,11,2,4,7,1.0,2
80763,HC,11,2,4,8,1.0,2
80763,HC,11,2,4,9,1.0,2
80763,HC,12,4,2,1,0.0,4
80763,HC,12,4,2,2,0.0,4
80763,HC,12,4,2,3,0.25,4
80763,HC,12,4,2,4,0.5,4
80763,HC,12,4,2,5,1.0,4
80763,HC,12,4,2,6,1.0,4
80763,HC,12,4,2,7,1.0,4
80763,HC,12,4,2,8,1.0,4
80763,HC,12,4,2,9,1.0,4
80763,HC,13,3,2,1,0.3333333333333333,3
80763,HC,13,3,2,2,0.6666666666666666,3
80763,HC,13,3,2,3,1.0,3
80763,HC,13,3,2,4,1.0,3
80763,HC,13,3,2,5,0.6666666666666666,3
80763,HC,13,3,2,6,0.6666666666666666,3
80763,HC,13,3,2,7,1.0,3
80763,HC,13,3,2,8,1.0,3
80763,HC,13,3,2,9,1.0,3
81426,HC,1,4,1,1,0.25,4
81426,HC,1,4,1,2,0.75,4
81426,HC,1,4,1,3,0.75,4
81426,HC,1,4,1,4,1.0,4
81426,HC,1,4,1,5,1.0,4
81426,HC,1,4,1,6,1.0,4
81426,HC,1,4,1,7,1.0,4
81426,HC,1,4,1,8,1.0,4
81426,HC,1,4,1,9,1.0,4
81426,HC,2,3,1,1,0.3333333333333333,3
81426,HC,2,3,1,2,1.0,3
81426,HC,2,3,1,3,1.0,3
81426,HC,2,3,1,4,1.0,3
81426,HC,2,3,1,5,1.0,3
81426,HC,2,3,1,6,1.0,3
81426,HC,2,3,1,7,1.0,3
81426,HC,2,3,1,8,1.0,3
81426,HC,2,3,1,9,1.0,3
81426,HC,3,5,1,1,0.6,5
81426,HC,3,5,1,2,0.6,5
81426,HC,3,5,1,3,0.6,5
81426,HC,3,5,1,4,0.8,5
81426,HC,3,5,1,5,0.6,5
81426,HC,3,5,1,6,0.8,5
81426,HC,3,5,1,7,0.8,5
81426,HC,3,5,1,8,0.6,5
81426,HC,3,5,1,9,1.0,5
81426,HC,4,2,1,1,0.5,2
81426,HC,4,2,1,2,1.0,2
81426,HC,4,2,1,3,1.0,2
81426,HC,4,2,1,4,1.0,2
81426,HC,4,2,1,5,1.0,2
81426,HC,4,2,1,6,1.0,2
81426,HC,4,2,1,7,1.0,2
81426,HC,4,2,1,8,1.0,2
81426,HC,4,2,1,9,1.0,2
81426,HC,5,6,1,1,0.3333333333333333,6
81426,HC,5,6,1,2,0.5,6
81426,HC,5,6,1,3,0.6,5
81426,HC,5,6,1,4,1.0,6
81426,HC,5,6,1,5,0.8333333333333334,6
81426,HC,5,6,1,6,1.0,6
81426,HC,5,6,1,7,1.0,6
81426,HC,5,6,1,8,1.0,6
81426,HC,5,6,1,9,1.0,6
81426,HC,6,2,2,1,0.0,2
81426,HC,6,2,2,2,0.0,2
81426,HC,6,2,2,3,0.0,2
81426,HC,6,2,2,4,0.0,2
81426,HC,6,2,2,5,0.5,2
81426,HC,6,2,2,6,1.0,2
81426,HC,6,2,2,7,1.0,2
81426,HC,6,2,2,8,1.0,2
81426,HC,6,2,2,9,1.0,2
81426,HC,7,2,3,1,0.0,2
81426,HC,7,2,3,2,0.0,2
81426,HC,7,2,3,3,1.0,2
81426,HC,7,2,3,4,1.0,2
81426,HC,7,2,3,5,1.0,2
81426,HC,7,2,3,6,1.0,2
81426,HC,7,2,3,7,1.0,2
81426,HC,7,2,3,8,1.0,2
81426,HC,7,2,3,9,1.0,2
81426,HC,8,6,2,1,0.16666666666666666,6
81426,HC,8,6,2,2,0.6666666666666666,6
81426,HC,8,6,2,3,0.6666666666666666,6
81426,HC,8,6,2,4,1.0,6
81426,HC,8,6,2,5,1.0,6
81426,HC,8,6,2,6,0.8333333333333334,6
81426,HC,8,6,2,7,1.0,6
81426,HC,8,6,2,8,1.0,6
81426,HC,8,6,2,9,1.0,6
81426,HC,9,5,2,1,0.2,5
81426,HC,9,5,2,2,0.2,5
81426,HC,9,5,2,3,0.6,5
81426,HC,9,5,2,4,0.8,5
81426,HC,9,5,2,5,0.8,5
81426,HC,9,5,2,6,0.6,5
81426,HC,9,5,2,7,0.4,5
81426,HC,9,5,2,8,0.6,5
81426,HC,9,5,2,9,0.8,5
81426,HC,10,4,2,1,0.0,4
81426,HC,10,4,2,2,0.5,4
81426,HC,10,4,2,3,0.5,4
81426,HC,10,4,2,4,0.5,4
81426,HC,10,4,2,5,0.75,4
81426,HC,10,4,2,6,0.75,4
81426,HC,10,4,2,7,1.0,4
81426,HC,10,4,2,8,1.0,4
81426,HC,10,4,2,9,1.0,4
81426,HC,11,3,2,1,0.3333333333333333,3
81426,HC,11,3,2,2,0.6666666666666666,3
81426,HC,11,3,2,3,0.6666666666666666,3
81426,HC,11,3,2,4,1.0,3
81426,HC,11,3,2,5,1.0,3
81426,HC,11,3,2,6,1.0,3
81426,HC,11,3,2,7,1.0,3
81426,HC,11,3,2,8,1.0,3
81426,HC,11,3,2,9,1.0,3
81426,HC,12,5,3,1,0.4,5
81426,HC,12,5,3,2,0.8,5
81426,HC,12,5,3,3,0.4,5
81426,HC,12,5,3,4,0.6,5
81426,HC,12,5,3,5,0.8,5
81426,HC,12,5,3,6,1.0,5
81426,HC,12,5,3,7,1.0,5
81426,HC,12,5,3,8,1.0,5
81426,HC,12,5,3,9,1.0,5
81426,HC,13,2,4,1,1.0,2
81426,HC,13,2,4,2,1.0,2
81426,HC,13,2,4,3,1.0,2
81426,HC,13,2,4,4,0.5,2
81426,HC,13,2,4,5,1.0,2
81426,HC,13,2,4,6,0.5,2
81426,HC,13,2,4,7,0.5,2
81426,HC,13,2,4,8,0.5,2
81426,HC,13,2,4,9,1.0,2
81450,HC,1,4,1,1,0.25,4
81450,HC,1,4,1,2,0.75,4
81450,HC,1,4,1,3,0.75,4
81450,HC,1,4,1,4,1.0,4
81450,HC,1,4,1,5,1.0,3
81450,HC,1,4,1,6,0.75,4
81450,HC,1,4,1,7,1.0,4
81450,HC,1,4,1,8,1.0,4
81450,HC,1,4,1,9,1.0,4
81450,HC,2,3,1,1,0.3333333333333333,3
81450,HC,2,3,1,2,1.0,3
81450,HC,2,3,1,3,1.0,3
81450,HC,2,3,1,4,1.0,3
81450,HC,2,3,1,5,1.0,3
81450,HC,2,3,1,6,1.0,3
81450,HC,2,3,1,7,1.0,3
81450,HC,2,3,1,8,1.0,3
81450,HC,2,3,1,9,1.0,3
81450,HC,3,2,1,1,1.0,2
81450,HC,3,2,1,2,1.0,2
81450,HC,3,2,1,3,1.0,2
81450,HC,3,2,1,4,1.0,2
81450,HC,3,2,1,5,1.0,2
81450,HC,3,2,1,6,1.0,2
81450,HC,3,2,1,7,1.0,2
81450,HC,3,2,1,8,1.0,2
81450,HC,3,2,1,9,1.0,2
81450,HC,4,5,1,1,0.6,5
81450,HC,4,5,1,2,1.0,5
81450,HC,4,5,1,3,0.8,5
81450,HC,4,5,1,4,1.0,5
81450,HC,4,5,1,5,1.0,5
81450,HC,4,5,1,6,1.0,5
81450,HC,4,5,1,7,1.0,5
81450,HC,4,5,1,8,1.0,5
81450,HC,4,5,1,9,1.0,5
81450,HC,5,6,1,1,0.3333333333333333,6
81450,HC,5,6,1,2,0.6666666666666666,6
81450,HC,5,6,1,3,0.6666666666666666,6
81450,HC,5,6,1,4,0.8333333333333334,6
81450,HC,5,6,1,5,0.8333333333333334,6
81450,HC,5,6,1,6,1.0,6
81450,HC,5,6,1,7,1.0,6
81450,HC,5,6,1,8,1.0,6
81450,HC,5,6,1,9,1.0,6
81450,HC,6,2,2,1,0.0,2
81450,HC,6,2,2,2,0.5,2
81450,HC,6,2,2,3,1.0,2
81450,HC,6,2,2,4,1.0,2
81450,HC,6,2,2,5,1.0,2
81450,HC,6,2,2,6,1.0,2
81450,HC,6,2,2,7,1.0,2
81450,HC,6,2,2,8,1.0,2
81450,HC,6,2,2,9,1.0,2
81450,HC,7,2,3,1,0.0,2
81450,HC,7,2,3,2,1.0,2
81450,HC,7,2,3,3,1.0,2
81450,HC,7,2,3,4,1.0,2
81450,HC,7,2,3,5,1.0,2
81450,HC,7,2,3,6,1.0,2
81450,HC,7,2,3,7,1.0,2
81450,HC,7,2,3,8,1.0,2
81450,HC,7,2,3,9,1.0,2
81450,HC,8,5,2,1,0.0,5
81450,HC,8,5,2,2,0.4,5
81450,HC,8,5,2,3,0.8,5
81450,HC,8,5,2,4,0.8,5
81450,HC,8,5,2,5,1.0,5
81450,HC,8,5,2,6,1.0,5
81450,HC,8,5,2,7,1.0,5
81450,HC,8,5,2,8,1.0,5
81450,HC,8,5,2,9,1.0,5
81450,HC,9,6,2,1,0.16666666666666666,6
81450,HC,9,6,2,2,0.6666666666666666,6
81450,HC,9,6,2,3,1.0,6
81450,HC,9,6,2,4,1.0,6
81450,HC,9,6,2,5,1.0,6
81450,HC,9,6,2,6,1.0,6
81450,HC,9,6,2,7,1.0,6
81450,HC,9,6,2,8,1.0,6
81450,HC,9,6,2,9,1.0,6
81450,HC,10,4,2,1,0.25,4
81450,HC,10,4,2,2,0.5,4
81450,HC,10,4,2,3,1.0,3
81450,HC,10,4,2,4,1.0,4
81450,HC,10,4,2,5,1.0,4
81450,HC,10,4,2,6,1.0,4
81450,HC,10,4,2,7,1.0,4
81450,HC,10,4,2,8,1.0,4
81450,HC,10,4,2,9,1.0,4
81450,HC,11,3,2,1,0.3333333333333333,3
81450,HC,11,3,2,2,1.0,3
81450,HC,11,3,2,3,1.0,3
81450,HC,11,3,2,4,1.0,3
81450,HC,11,3,2,5,1.0,3
81450,HC,11,3,2,6,1.0,3
81450,HC,11,3,2,7,1.0,3
81450,HC,11,3,2,8,1.0,3
81450,HC,11,3,2,9,1.0,3
81450,HC,12,2,4,1,0.5,2
81450,HC,12,2,4,2,0.5,2
81450,HC,12,2,4,3,1.0,2
81450,HC,12,2,4,4,1.0,2
81450,HC,12,2,4,5,1.0,2
81450,HC,12,2,4,6,1.0,2
81450,HC,12,2,4,7,1.0,2
81450,HC,12,2,4,8,1.0,2
81450,HC,12,2,4,9,0.5,2
81450,HC,13,5,3,1,0.4,5
81450,HC,13,5,3,2,0.8,5
81450,HC,13,5,3,3,1.0,5
81450,HC,13,5,3,4,1.0,5
81450,HC,13,5,3,5,1.0,5
81450,HC,13,5,3,6,1.0,5
81450,HC,13,5,3,7,1.0,5
81450,HC,13,5,3,8,1.0,5
81450,HC,13,5,3,9,1.0,5
81472,HC,1,3,1,1,0.6666666666666666,3
81472,HC,1,3,1,2,1.0,3
81472,HC,1,3,1,3,0.6666666666666666,3
81472,HC,1,3,1,4,1.0,3
81472,HC,1,3,1,5,1.0,3
81472,HC,1,3,1,6,1.0,3
81472,HC,1,3,1,7,1.0,3
81472,HC,1,3,1,8,1.0,3
81472,HC,1,3,1,9,1.0,3
81472,HC,2,2,1,1,0.5,2
81472,HC,2,2,1,2,1.0,2
81472,HC,2,2,1,3,0.5,2
81472,HC,2,2,1,4,1.0,2
81472,HC,2,2,1,5,1.0,2
81472,HC,2,2,1,6,1.0,2
81472,HC,2,2,1,7,1.0,2
81472,HC,2,2,1,8,1.0,2
81472,HC,2,2,1,9,1.0,2
81472,HC,3,5,1,1,0.4,5
81472,HC,3,5,1,2,0.4,5
81472,HC,3,5,1,3,0.8,5
81472,HC,3,5,1,4,0.8,5
81472,HC,3,5,1,5,0.8,5
81472,HC,3,5,1,6,1.0,5
81472,HC,3,5,1,7,1.0,5
81472,HC,3,5,1,8,1.0,5
81472,HC,3,5,1,9,1.0,5
81472,HC,4,4,1,1,0.5,4
81472,HC,4,4,1,2,0.5,4
81472,HC,4,4,1,3,0.75,4
81472,HC,4,4,1,4,0.5,4
81472,HC,4,4,1,5,0.75,4
81472,HC,4,4,1,6,1.0,4
81472,HC,4,4,1,7,1.0,4
81472,HC,4,4,1,8,1.0,4
81472,HC,4,4,1,9,1.0,4
81472,HC,5,2,2,1,0.0,2
81472,HC,5,2,2,2,1.0,2
81472,HC,5,2,2,3,1.0,2
81472,HC,5,2,2,4,1.0,2
81472,HC,5,2,2,5,1.0,2
81472,HC,5,2,2,6,1.0,2
81472,HC,5,2,2,7,1.0,2
81472,HC,5,2,2,8,1.0,2
81472,HC,5,2,2,9,1.0,2
81472,HC,6,6,1,1,0.5,6
81472,HC,6,6,1,2,0.5,6
81472,HC,6,6,1,3,0.5,6
81472,HC,6,6,1,4,0.5,6
81472,HC,6,6,1,5,0.6,5
81472,HC,6,6,1,6,0.6666666666666666,6
81472,HC,6,6,1,7,0.6,5
81472,HC,6,6,1,8,0.8333333333333334,6
81472,HC,6,6,1,9,0.8333333333333334,6
81472,HC,7,2,3,1,0.0,2
81472,HC,7,2,3,2,0.5,2
81472,HC,7,2,3,3,1.0,2
81472,HC,7,2,3,4,1.0,2
81472,HC,7,2,3,5,1.0,2
81472,HC,7,2,3,6,1.0,2
81472,HC,7,2,3,7,1.0,2
81472,HC,7,2,3,8,1.0,2
81472,HC,7,2,3,9,1.0,2
81472,HC,8,5,2,1,0.6,5
81472,HC,8,5,2,2,0.8,5
81472,HC,8,5,2,3,0.8,5
81472,HC,8,5,2,4,0.8,5
81472,HC,8,5,2,5,1.0,5
81472,HC,8,5,2,6,1.0,5
81472,HC,8,5,2,7,1.0,5
81472,HC,8,5,2,8,1.0,5
81472,HC,8,5,2,9,1.0,5
81472,HC,9,6,2,1,0.0,6
81472,HC,9,6,2,2,0.5,6
81472,HC,9,6,2,3,0.6666666666666666,6
81472,HC,9,6,2,4,0.6666666666666666,6
81472,HC,9,6,2,5,0.8333333333333334,6
81472,HC,9,6,2,6,0.8333333333333334,6
81472,HC,9,6,2,7,1.0,6
81472,HC,9,6,2,8,0.8333333333333334,6
81472,HC,9,6,2,9,0.8333333333333334,6
81472,HC,10,3,2,1,0.6666666666666666,3
81472,HC,10,3,2,2,1.0,3
81472,HC,10,3,2,3,0.6666666666666666,3
81472,HC,10,3,2,4,1.0,3
81472,HC,10,3,2,5,1.0,3
81472,HC,10,3,2,6,1.0,3
81472,HC,10,3,2,7,1.0,3
81472,HC,10,3,2,8,1.0,3
81472,HC,10,3,2,9,1.0,3
81472,HC,11,2,4,1,0.5,2
81472,HC,11,2,4,2,0.5,2
81472,HC,11,2,4,3,1.0,2
81472,HC,11,2,4,4,1.0,2
81472,HC,11,2,4,5,1.0,2
81472,HC,11,2,4,6,1.0,2
81472,HC,11,2,4,7,1.0,2
81472,HC,11,2,4,8,1.0,2
81472,HC,11,2,4,9,1.0,2
81472,HC,12,5,3,1,0.4,5
81472,HC,12,5,3,2,0.6,5
81472,HC,12,5,3,3,0.6,5
81472,HC,12,5,3,4,0.4,5
81472,HC,12,5,3,5,0.8,5
81472,HC,12,5,3,6,0.8,5
81472,HC,12,5,3,7,0.8,5
81472,HC,12,5,3,8,0.6,5
81472,HC,12,5,3,9,1.0,5
81472,HC,13,4,2,1,0.25,4
81472,HC,13,4,2,2,0.5,4
81472,HC,13,4,2,3,0.5,4
81472,HC,13,4,2,4,0.75,4
81472,HC,13,4,2,5,0.75,4
81472,HC,13,4,2,6,0.75,4
81472,HC,13,4,2,7,1.0,4
81472,HC,13,4,2,8,1.0,4
81472,HC,13,4,2,9,1.0,4
81483,HC,1,2,1,1,0.0,2
81483,HC,1,2,1,2,0.0,2
81483,HC,1,2,1,3,0.5,2
81483,HC,1,2,1,4,0.5,2
81483,HC,1,2,1,5,1.0,2
81483,HC,1,2,1,6,1.0,2
81483,HC,1,2,1,7,0.5,2
81483,HC,1,2,1,8,1.0,2
81483,HC,1,2,1,9,0.5,2
81483,HC,2,4,1,1,1.0,4
81483,HC,2,4,1,2,0.25,4
81483,HC,2,4,1,3,0.5,4
81483,HC,2,4,1,4,0.5,4
81483,HC,2,4,1,5,1.0,4
81483,HC,2,4,1,6,1.0,4
81483,HC,2,4,1,7,1.0,4
81483,HC,2,4,1,8,0.75,4
81483,HC,2,4,1,9,0.75,4
81483,HC,3,5,1,1,0.2,5
81483,HC,3,5,1,2,0.2,5
81483,HC,3,5,1,3,0.6,5
81483,HC,3,5,1,4,0.8,5
81483,HC,3,5,1,5,0.8,5
81483,HC,3,5,1,6,1.0,5
81483,HC,3,5,1,7,1.0,5
81483,HC,3,5,1,8,1.0,5
81483,HC,3,5,1,9,1.0,5
81483,HC,4,3,1,1,0.0,3
81483,HC,4,3,1,2,0.3333333333333333,3
81483,HC,4,3,1,3,0.6666666666666666,3
81483,HC,4,3,1,4,0.6666666666666666,3
81483,HC,4,3,1,5,1.0,3
81483,HC,4,3,1,6,1.0,3
81483,HC,4,3,1,7,0.6666666666666666,3
81483,HC,4,3,1,8,1.0,3
81483,HC,4,3,1,9,1.0,3
81483,HC,5,2,2,1,0.5,2
81483,HC,5,2,2,2,0.5,2
81483,HC,5,2,2,3,1.0,2
81483,HC,5,2,2,4,1.0,2
81483,HC,5,2,2,5,1.0,2
81483,HC,5,2,2,6,1.0,2
81483,HC,5,2,2,7,1.0,2
81483,HC,5,2,2,8,1.0,2
81483,HC,5,2,2,9,1.0,2
81483,HC,6,2,3,1,0.0,2
81483,HC,6,2,3,2,1.0,2
81483,HC,6,2,3,3,1.0,2
81483,HC,6,2,3,4,1.0,2
81483,HC,6,2,3,5,1.0,2
81483,HC,6,2,3,6,1.0,2
81483,HC,6,2,3,7,1.0,2
81483,HC,6,2,3,8,1.0,2
81483,HC,6,2,3,9,1.0,2
81483,HC,7,6,1,1,0.16666666666666666,6
81483,HC,7,6,1,2,0.8333333333333334,6
81483,HC,7,6,1,3,0.8333333333333334,6
81483,HC,7,6,1,4,0.6666666666666666,6
81483,HC,7,6,1,5,1.0,6
81483,HC,7,6,1,6,0.8333333333333334,6
81483,HC,7,6,1,7,0.6666666666666666,6
81483,HC,7,6,1,8,0.8333333333333334,6
81483,HC,7,6,1,9,0.8333333333333334,6
81483,HC,8,6,2,1,0.16666666666666666,6
81483,HC,8,6,2,2,0.3333333333333333,6
81483,HC,8,6,2,3,0.16666666666666666,6
81483,HC,8,6,2,4,0.0,6
81483,HC,8,6,2,5,0.3333333333333333,6
81483,HC,8,6,2,6,0.5,6
81483,HC,8,6,2,7,0.5,6
81483,HC,8,6,2,8,0.6666666666666666,6
81483,HC,8,6,2,9,0.6666666666666666,6
81483,HC,9,5,2,1,0.4,5
81483,HC,9,5,2,2,0.8,5
81483,HC,9,5,2,3,1.0,5
81483,HC,9,5,2,4,1.0,5
81483,HC,9,5,2,5,1.0,5
81483,HC,9,5,2,6,0.8,5
81483,HC,9,5,2,7,1.0,5
81483,HC,9,5,2,8,1.0,5
81483,HC,9,5,2,9,1.0,5
81483,HC,10,2,4,1,1.0,2
81483,HC,10,2,4,2,1.0,2
81483,HC,10,2,4,3,1.0,2
81483,HC,10,2,4,4,1.0,2
81483,HC,10,2,4,5,1.0,2
81483,HC,10,2,4,6,1.0,2
81483,HC,10,2,4,7,1.0,2
81483,HC,10,2,4,8,1.0,2
81483,HC,10,2,4,9,1.0,2
81483,HC,11,4,2,1,0.0,4
81483,HC,11,4,2,2,1.0,4
81483,HC,11,4,2,3,1.0,4
81483,HC,11,4,2,4,1.0,4
81483,HC,11,4,2,5,1.0,4
81483,HC,11,4,2,6,1.0,4
81483,HC,11,4,2,7,1.0,4
81483,HC,11,4,2,8,1.0,4
81483,HC,11,4,2,9,1.0,4
81483,HC,12,5,3,1,0.8,5
81483,HC,12,5,3,2,0.8,5
81483,HC,12,5,3,3,0.8,5
81483,HC,12,5,3,4,1.0,5
81483,HC,12,5,3,5,1.0,5
81483,HC,12,5,3,6,1.0,5
81483,HC,12,5,3,7,1.0,5
81483,HC,12,5,3,8,1.0,5
81483,HC,12,5,3,9,1.0,5
81483,HC,13,3,2,1,0.0,3
81483,HC,13,3,2,2,0.3333333333333333,3
81483,HC,13,3,2,3,1.0,3
81483,HC,13,3,2,4,1.0,3
81483,HC,13,3,2,5,1.0,3
81483,HC,13,3,2,6,1.0,3
81483,HC,13,3,2,7,1.0,3
81483,HC,13,3,2,8,1.0,3
81483,HC,13,3,2,9,1.0,3
81527,HC,1,3,1,1,1.0,3
81527,HC,1,3,1,2,1.0,3
81527,HC,1,3,1,3,1.0,3
81527,HC,1,3,1,4,1.0,3
81527,HC,1,3,1,5,1.0,3
81527,HC,1,3,1,6,1.0,3
81527,HC,1,3,1,7,1.0,3
81527,HC,1,3,1,8,1.0,3
81527,HC,1,3,1,9,1.0,3
81527,HC,2,6,1,1,0.5,6
81527,HC,2,6,1,2,0.6666666666666666,6
81527,HC,2,6,1,3,0.5,6
81527,HC,2,6,1,4,0.6666666666666666,6
81527,HC,2,6,1,5,1.0,6
81527,HC,2,6,1,6,1.0,6
81527,HC,2,6,1,7,1.0,6
81527,HC,2,6,1,8,1.0,6
81527,HC,2,6,1,9,1.0,6
81527,HC,3,2,1,1,0.0,2
81527,HC,3,2,1,2,0.5,2
81527,HC,3,2,1,3,1.0,2
81527,HC,3,2,1,4,1.0,2
81527,HC,3,2,1,5,1.0,2
81527,HC,3,2,1,6,1.0,2
81527,HC,3,2,1,7,1.0,2
81527,HC,3,2,1,8,1.0,2
81527,HC,3,2,1,9,1.0,2
81527,HC,4,4,1,1,0.25,4
81527,HC,4,4,1,2,0.75,4
81527,HC,4,4,1,3,0.75,4
81527,HC,4,4,1,4,1.0,4
81527,HC,4,4,1,5,1.0,4
81527,HC,4,4,1,6,1.0,4
81527,HC,4,4,1,7,1.0,4
81527,HC,4,4,1,8,1.0,4
81527,HC,4,4,1,9,1.0,4
81527,HC,5,2,2,1,0.5,2
81527,HC,5,2,2,2,1.0,2
81527,HC,5,2,2,3,1.0,2
81527,HC,5,2,2,4,1.0,2
81527,HC,5,2,2,5,1.0,2
81527,HC,5,2,2,6,1.0,2
81527,HC,5,2,2,7,1.0,2
81527,HC,5,2,2,8,1.0,2
81527,HC,5,2,2,9,1.0,2
81527,HC,6,2,3,1,0.0,2
81527,HC,6,2,3,2,0.5,2
81527,HC,6,2,3,3,1.0,2
81527,HC,6,2,3,4,1.0,2
81527,HC,6,2,3,5,1.0,2
81527,HC,6,2,3,6,1.0,2
81527,HC,6,2,3,7,1.0,2
81527,HC,6,2,3,8,1.0,2
81527,HC,6,2,3,9,1.0,2
81527,HC,7,5,1,1,0.4,5
81527,HC,7,5,1,2,1.0,5
81527,HC,7,5,1,3,1.0,5
81527,HC,7,5,1,4,0.6,5
81527,HC,7,5,1,5,0.6,5
81527,HC,7,5,1,6,0.8,5
81527,HC,7,5,1,7,1.0,5
81527,HC,7,5,1,8,1.0,5
81527,HC,7,5,1,9,1.0,5
81527,HC,8,6,2,1,0.5,6
81527,HC,8,6,2,2,0.6666666666666666,6
81527,HC,8,6,2,3,0.6666666666666666,6
81527,HC,8,6,2,4,0.8333333333333334,6
81527,HC,8,6,2,5,0.6666666666666666,6
81527,HC,8,6,2,6,0.8333333333333334,6
81527,HC,8,6,2,7,0.8333333333333334,6
81527,HC,8,6,2,8,0.5,6
81527,HC,8,6,2,9,1.0,6
81527,HC,9,5,2,1,0.6,5
81527,HC,9,5,2,2,0.6,5
81527,HC,9,5,2,3,0.6,5
81527,HC,9,5,2,4,0.8,5
81527,HC,9,5,2,5,0.8,5
81527,HC,9,5,2,6,1.0,5
81527,HC,9,5,2,7,1.0,5
81527,HC,9,5,2,8,1.0,5
81527,HC,9,5,2,9,1.0,5
81527,HC,10,3,2,1,0.3333333333333333,3
81527,HC,10,3,2,2,0.6666666666666666,3
81527,HC,10,3,2,3,0.6666666666666666,3
81527,HC,10,3,2,4,1.0,3
81527,HC,10,3,2,5,1.0,3
81527,HC,10,3,2,6,1.0,3
81527,HC,10,3,2,7,1.0,3
81527,HC,10,3,2,8,1.0,3
81527,HC,10,3,2,9,1.0,3
81527,HC,11,2,4,1,0.5,2
81527,HC,11,2,4,2,1.0,2
81527,HC,11,2,4,3,1.0,2
81527,HC,11,2,4,4,1.0,2
81527,HC,11,2,4,5,1.0,2
81527,HC,11,2,4,6,1.0,2
81527,HC,11,2,4,7,1.0,2
81527,HC,11,2,4,8,1.0,2
81527,HC,11,2,4,9,1.0,2
81527,HC,12,4,2,1,0.25,4
81527,HC,12,4,2,2,0.5,4
81527,HC,12,4,2,3,0.75,4
81527,HC,12,4,2,4,1.0,4
81527,HC,12,4,2,5,1.0,4
81527,HC,12,4,2,6,1.0,4
81527,HC,12,4,2,7,1.0,4
81527,HC,12,4,2,8,1.0,4
81527,HC,12,4,2,9,1.0,4
81527,HC,13,5,3,1,0.4,5
81527,HC,13,5,3,2,0.4,5
81527,HC,13,5,3,3,1.0,5
81527,HC,13,5,3,4,0.8,5
81527,HC,13,5,3,5,0.8,5
81527,HC,13,5,3,6,1.0,5
81527,HC,13,5,3,7,0.8,5
81527,HC,13,5,3,8,1.0,5
81527,HC,13,5,3,9,1.0,5
81538,HC,1,2,1,1,0.5,2
81538,HC,1,2,1,2,0.5,2
81538,HC,1,2,1,3,1.0,2
81538,HC,1,2,1,4,1.0,2
81538,HC,1,2,1,5,1.0,2
81538,HC,1,2,1,6,1.0,2
81538,HC,1,2,1,7,1.0,2
81538,HC,1,2,1,8,1.0,2
81538,HC,1,2,1,9,1.0,2
81538,HC,2,6,1,1,0.6,5
81538,HC,2,6,1,2,0.5,6
81538,HC,2,6,1,3,0.5,6
81538,HC,2,6,1,4,0.5,6
81538,HC,2,6,1,5,0.6666666666666666,6
81538,HC,2,6,1,6,0.6666666666666666,6
81538,HC,2,6,1,7,1.0,6
81538,HC,2,6,1,8,1.0,6
81538,HC,2,6,1,9,1.0,6
81538,HC,3,2,2,1,0.0,2
81538,HC,3,2,2,2,1.0,2
81538,HC,3,2,2,3,1.0,2
81538,HC,3,2,2,4,1.0,2
81538,HC,3,2,2,5,1.0,2
81538,HC,3,2,2,6,1.0,2
81538,HC,3,2,2,7,1.0,2
81538,HC,3,2,2,8,1.0,2
81538,HC,3,2,2,9,1.0,2
81538,HC,4,5,1,1,0.4,5
81538,HC,4,5,1,2,0.8,5
81538,HC,4,5,1,3,0.8,5
81538,HC,4,5,1,4,1.0,5
81538,HC,4,5,1,5,0.8,5
81538,HC,4,5,1,6,1.0,5
81538,HC,4,5,1,7,1.0,5
81538,HC,4,5,1,8,0.8,5
81538,HC,4,5,1,9,0.8,5
81538,HC,5,3,1,1,0.0,3
81538,HC,5,3,1,2,0.6666666666666666,3
81538,HC,5,3,1,3,1.0,3
81538,HC,5,3,1,4,1.0,3
81538,HC,5,3,1,5,1.0,3
81538,HC,5,3,1,6,1.0,3
81538,HC,5,3,1,7,1.0,3
81538,HC,5,3,1,8,1.0,3
81538,HC,5,3,1,9,1.0,3
81538,HC,6,4,1,1,0.0,4
81538,HC,6,4,1,2,0.0,4
81538,HC,6,4,1,3,0.25,4
81538,HC,6,4,1,4,0.25,4
81538,HC,6,4,1,5,0.75,4
81538,HC,6,4,1,6,0.75,4
81538,HC,6,4,1,7,1.0,4
81538,HC,6,4,1,8,1.0,4
81538,HC,6,4,1,9,1.0,4
81538,HC,7,2,3,1,0.0,2
81538,HC,7,2,3,2,0.5,2
81538,HC,7,2,3,3,1.0,2
81538,HC,7,2,3,4,1.0,2
81538,HC,7,2,3,5,1.0,2
81538,HC,7,2,3,6,1.0,2
81538,HC,7,2,3,7,1.0,2
81538,HC,7,2,3,8,1.0,2
81538,HC,7,2,3,9,1.0,2
81538,HC,8,6,2,1,0.6666666666666666,6
81538,HC,8,6,2,2,0.6666666666666666,6
81538,HC,8,6,2,3,0.8333333333333334,6
81538,HC,8,6,2,4,1.0,6
81538,HC,8,6,2,5,1.0,6
81538,HC,8,6,2,6,1.0,6
81538,HC,8,6,2,7,1.0,6
81538,HC,8,6,2,8,1.0,6
81538,HC,8,6,2,9,1.0,6
81538,HC,9,5,2,1,0.4,5
81538,HC,9,5,2,2,0.8,5
81538,HC,9,5,2,3,1.0,5
81538,HC,9,5,2,4,1.0,5
81538,HC,9,5,2,5,0.8,5
81538,HC,9,5,2,6,0.8,5
81538,HC,9,5,2,7,1.0,5
81538,HC,9,5,2,8,1.0,5
81538,HC,9,5,2,9,1.0,5
81538,HC,10,2,4,1,0.5,2
81538,HC,10,2,4,2,1.0,2
81538,HC,10,2,4,3,1.0,2
81538,HC,10,2,4,4,1.0,2
81538,HC,10,2,4,5,1.0,2
81538,HC,10,2,4,6,1.0,2
81538,HC,10,2,4,7,1.0,2
81538,HC,10,2,4,8,1.0,2
81538,HC,10,2,4,9,1.0,2
81538,HC,11,5,3,1,0.4,5
81538,HC,11,5,3,2,0.6,5
81538,HC,11,5,3,3,1.0,5
81538,HC,11,5,3,4,0.6,5
81538,HC,11,5,3,5,0.6,5
81538,HC,11,5,3,6,0.8,5
81538,HC,11,5,3,7,1.0,5
81538,HC,11,5,3,8,0.8,5
81538,HC,11,5,3,9,1.0,5
81538,HC,12,3,2,1,0.3333333333333333,3
81538,HC,12,3,2,2,0.3333333333333333,3
81538,HC,12,3,2,3,1.0,3
81538,HC,12,3,2,4,0.6666666666666666,3
81538,HC,12,3,2,5,1.0,3
81538,HC,12,3,2,6,1.0,3
81538,HC,12,3,2,7,1.0,3
81538,HC,12,3,2,8,0.6666666666666666,3
81538,HC,12,3,2,9,0.6666666666666666,3
81538,HC,13,4,2,1,0.25,4
81538,HC,13,4,2,2,0.5,4
81538,HC,13,4,2,3,0.25,4
81538,HC,13,4,2,4,1.0,4
81538,HC,13,4,2,5,0.75,4
81538,HC,13,4,2,6,1.0,4
81538,HC,13,4,2,7,0.75,4
81538,HC,13,4,2,8,1.0,4
81538,HC,13,4,2,9,1.0,4
81540,HC,1,6,1,1,0.4,5
81540,HC,1,6,1,2,0.6666666666666666,6
81540,HC,1,6,1,3,0.5,6
81540,HC,1,6,1,4,0.6666666666666666,6
81540,HC,1,6,1,5,0.6666666666666666,6
81540,HC,1,6,1,6,0.6666666666666666,6
81540,HC,1,6,1,7,0.5,6
81540,HC,1,6,1,8,0.6666666666666666,6
81540,HC,1,6,1,9,0.6666666666666666,6
81540,HC,2,5,1,1,0.4,5
81540,HC,2,5,1,2,0.6,5
81540,HC,2,5,1,3,0.8,5
81540,HC,2,5,1,4,0.8,5
81540,HC,2,5,1,5,1.0,5
81540,HC,2,5,1,6,1.0,5
81540,HC,2,5,1,7,1.0,5
81540,HC,2,5,1,8,0.8,5
81540,HC,2,5,1,9,1.0,5
81540,HC,3,2,1,1,1.0,2
81540,HC,3,2,1,2,1.0,2
81540,HC,3,2,1,3,1.0,2
81540,HC,3,2,1,4,1.0,2
81540,HC,3,2,1,5,1.0,2
81540,HC,3,2,1,6,1.0,2
81540,HC,3,2,1,7,1.0,2
81540,HC,3,2,1,8,1.0,2
81540,HC,3,2,1,9,1.0,2
81540,HC,4,4,1,1,0.0,4
81540,HC,4,4,1,2,0.5,4
81540,HC,4,4,1,3,0.75,4
81540,HC,4,4,1,4,1.0,4
81540,HC,4,4,1,5,1.0,4
81540,HC,4,4,1,6,1.0,4
81540,HC,4,4,1,7,1.0,4
81540,HC,4,4,1,8,1.0,4
81540,HC,4,4,1,9,1.0,4
81540,HC,5,2,2,1,0.5,2
81540,HC,5,2,2,2,1.0,2
81540,HC,5,2,2,3,1.0,2
81540,HC,5,2,2,4,1.0,2
81540,HC,5,2,2,5,1.0,2
81540,HC,5,2,2,6,1.0,2
81540,HC,5,2,2,7,1.0,2
81540,HC,5,2,2,8,1.0,2
81540,HC,5,2,2,9,1.0,2
81540,HC,6,3,1,1,1.0,3
81540,HC,6,3,1,2,1.0,3
81540,HC,6,3,1,3,1.0,3
81540,HC,6,3,1,4,1.0,3
81540,HC,6,3,1,5,1.0,3
81540,HC,6,3,1,6,1.0,3
81540,HC,6,3,1,7,1.0,3
81540,HC,6,3,1,8,1.0,3
81540,HC,6,3,1,9,1.0,3
81540,HC,7,2,3,1,0.0,2
81540,HC,7,2,3,2,0.5,2
81540,HC,7,2,3,3,1.0,2
81540,HC,7,2,3,4,1.0,2
81540,HC,7,2,3,5,1.0,2
81540,HC,7,2,3,6,1.0,2
81540,HC,7,2,3,7,1.0,2
81540,HC,7,2,3,8,1.0,2
81540,HC,7,2,3,9,1.0,2
81540,HC,8,5,2,1,0.2,5
81540,HC,8,5,2,2,0.2,5
81540,HC,8,5,2,3,0.4,5
81540,HC,8,5,2,4,0.6,5
81540,HC,8,5,2,5,0.4,5
81540,HC,8,5,2,6,0.6,5
81540,HC,8,5,2,7,0.8,5
81540,HC,8,5,2,8,0.8,5
81540,HC,8,5,2,9,0.8,5
81540,HC,9,6,2,1,0.5,6
81540,HC,9,6,2,2,0.6666666666666666,6
81540,HC,9,6,2,3,0.3333333333333333,6
81540,HC,9,6,2,4,0.6666666666666666,6
81540,HC,9,6,2,5,0.6666666666666666,6
81540,HC,9,6,2,6,0.5,6
81540,HC,9,6,2,7,1.0,6
81540,HC,9,6,2,8,1.0,6
81540,HC,9,6,2,9,1.0,6
81540,HC,10,5,3,1,0.6,5
81540,HC,10,5,3,2,1.0,5
81540,HC,10,5,3,3,1.0,5
81540,HC,10,5,3,4,0.6,5
81540,HC,10,5,3,5,0.8,5
81540,HC,10,5,3,6,1.0,5
81540,HC,10,5,3,7,1.0,5
81540,HC,10,5,3,8,1.0,5
81540,HC,10,5,3,9,1.0,5
81540,HC,11,2,4,1,0.0,2
81540,HC,11,2,4,2,0.5,2
81540,HC,11,2,4,3,1.0,2
81540,HC,11,2,4,4,1.0,2
81540,HC,11,2,4,5,1.0,2
81540,HC,11,2,4,6,1.0,2
81540,HC,11,2,4,7,1.0,2
81540,HC,11,2,4,8,1.0,2
81540,HC,11,2,4,9,1.0,2
81540,HC,12,4,2,1,0.5,4
81540,HC,12,4,2,2,0.5,4
81540,HC,12,4,2,3,0.5,4
81540,HC,12,4,2,4,1.0,4
81540,HC,12,4,2,5,1.0,4
81540,HC,12,4,2,6,1.0,4
81540,HC,12,4,2,7,1.0,4
81540,HC,12,4,2,8,1.0,4
81540,HC,12,4,2,9,0.75,4
81540,HC,13,3,2,1,1.0,3
81540,HC,13,3,2,2,0.6666666666666666,3
81540,HC,13,3,2,3,1.0,3
81540,HC,13,3,2,4,1.0,3
81540,HC,13,3,2,5,1.0,3
81540,HC,13,3,2,6,1.0,3
81540,HC,13,3,2,7,1.0,3
81540,HC,13,3,2,8,1.0,3
81540,HC,13,3,2,9,1.0,3
81551,SZ,1,3,1,1,0.0,3
81551,SZ,1,3,1,2,0.0,3
81551,SZ,1,3,1,3,0.3333333333333333,3
81551,SZ,1,3,1,4,0.3333333333333333,3
81551,SZ,1,3,1,5,0.0,3
81551,SZ,1,3,1,6,0.3333333333333333,3
81551,SZ,1,3,1,7,0.6666666666666666,3
81551,SZ,1,3,1,8,0.6666666666666666,3
81551,SZ,1,3,1,9,0.3333333333333333,3
81551,SZ,2,2,1,1,0.5,2
81551,SZ,2,2,1,2,1.0,2
81551,SZ,2,2,1,3,0.5,2
81551,SZ,2,2,1,4,1.0,2
81551,SZ,2,2,1,5,1.0,2
81551,SZ,2,2,1,6,1.0,2
81551,SZ,2,2,1,7,1.0,2
81551,SZ,2,2,1,8,1.0,2
81551,SZ,2,2,1,9,1.0,2
81551,SZ,3,2,2,1,0.0,2
81551,SZ,3,2,2,2,0.5,2
81551,SZ,3,2,2,3,1.0,2
81551,SZ,3,2,2,4,1.0,2
81551,SZ,3,2,2,5,1.0,2
81551,SZ,3,2,2,6,1.0,2
81551,SZ,3,2,2,7,1.0,2
81551,SZ,3,2,2,8,1.0,2
81551,SZ,3,2,2,9,1.0,2
81551,SZ,4,6,1,1,0.5,6
81551,SZ,4,6,1,2,1.0,6
81551,SZ,4,6,1,3,0.3333333333333333,6
81551,SZ,4,6,1,4,0.5,6
81551,SZ,4,6,1,5,1.0,4
81551,SZ,4,6,1,6,0.6666666666666666,6
81551,SZ,4,6,1,7,0.8333333333333334,6
81551,SZ,4,6,1,8,1.0,6
81551,SZ,4,6,1,9,1.0,6
81551,SZ,5,4,1,1,0.75,4
81551,SZ,5,4,1,2,0.75,4
81551,SZ,5,4,1,3,0.75,4
81551,SZ,5,4,1,4,0.75,4
81551,SZ,5,4,1,5,1.0,4
81551,SZ,5,4,1,6,1.0,4
81551,SZ,5,4,1,7,1.0,4
81551,SZ,5,4,1,8,1.0,4
81551,SZ,5,4,1,9,1.0,4
81551,SZ,6,2,3,1,0.0,2
81551,SZ,6,2,3,2,1.0,1
81551,SZ,6,2,3,3,1.0,2
81551,SZ,6,2,3,4,1.0,2
81551,SZ,6,2,3,5,1.0,2
81551,SZ,6,2,3,6,1.0,2
81551,SZ,6,2,3,7,1.0,2
81551,SZ,6,2,3,8,1.0,2
81551,SZ,6,2,3,9,0.5,2
81551,SZ,7,5,1,1,0.0,5
81551,SZ,7,5,1,2,0.4,5
81551,SZ,7,5,1,3,0.4,5
81551,SZ,7,5,1,4,0.4,5
81551,SZ,7,5,1,5,0.8,5
81551,SZ,7,5,1,6,1.0,5
81551,SZ,7,5,1,7,0.8,5
81551,SZ,7,5,1,8,1.0,5
81551,SZ,7,5,1,9,1.0,5
81551,SZ,8,6,2,1,0.3333333333333333,6
81551,SZ,8,6,2,2,0.3333333333333333,6
81551,SZ,8,6,2,3,0.5,6
81551,SZ,8,6,2,4,0.8333333333333334,6
81551,SZ,8,6,2,5,0.8333333333333334,6
81551,SZ,8,6,2,6,1.0,6
81551,SZ,8,6,2,7,1.0,6
81551,SZ,8,6,2,8,0.8333333333333334,6
81551,SZ,8,6,2,9,1.0,6
81551,SZ,9,5,2,1,0.6,5
81551,SZ,9,5,2,2,0.6,5
81551,SZ,9,5,2,3,0.4,5
81551,SZ,9,5,2,4,0.4,5
81551,SZ,9,5,2,5,0.6,5
81551,SZ,9,5,2,6,1.0,5
81551,SZ,9,5,2,7,0.6,5
81551,SZ,9,5,2,8,0.6,5
81551,SZ,9,5,2,9,1.0,5
81551,SZ,10,3,2,1,0.6666666666666666,3
81551,SZ,10,3,2,2,1.0,3
81551,SZ,10,3,2,3,1.0,3
81551,SZ,10,3,2,4,1.0,3
81551,SZ,10,3,2,5,1.0,3
81551,SZ,10,3,2,6,0.6666666666666666,3
81551,SZ,10,3,2,7,1.0,3
81551,SZ,10,3,2,8,1.0,3
81551,SZ,10,3,2,9,0.6666666666666666,3
81551,SZ,11,2,4,1,0.5,2
81551,SZ,11,2,4,2,0.5,2
81551,SZ,11,2,4,3,1.0,2
81551,SZ,11,2,4,4,1.0,2
81551,SZ,11,2,4,5,1.0,2
81551,SZ,11,2,4,6,1.0,2
81551,SZ,11,2,4,7,1.0,2
81551,SZ,11,2,4,8,1.0,2
81551,SZ,11,2,4,9,1.0,2
81551,SZ,12,4,2,1,0.3333333333333333,3
81551,SZ,12,4,2,2,0.25,4
81551,SZ,12,4,2,3,0.25,4
81551,SZ,12,4,2,4,0.6666666666666666,3
81551,SZ,12,4,2,5,0.0,3
81551,SZ,12,4,2,6,0.25,4
81551,SZ,12,4,2,7,0.5,4
81551,SZ,12,4,2,8,0.5,4
81551,SZ,12,4,2,9,0.6666666666666666,3
81551,SZ,13,5,3,1,0.0,5
81551,SZ,13,5,3,2,0.4,5
81551,SZ,13,5,3,3,0.0,5
81551,SZ,13,5,3,4,0.6,5
81551,SZ,13,5,3,5,0.8,5
81551,SZ,13,5,3,6,0.4,5
81551,SZ,13,5,3,7,0.6,5
81551,SZ,13,5,3,8,0.8,5
81551,SZ,13,5,3,9,0.8,5
81663,HC,1,5,1,1,0.2,5
81663,HC,1,5,1,2,0.4,5
81663,HC,1,5,1,3,0.4,5
81663,HC,1,5,1,4,0.6,5
81663,HC,1,5,1,5,0.2,5
81663,HC,1,5,1,6,0.8,5
81663,HC,1,5,1,7,0.6,5
81663,HC,1,5,1,8,0.6,5
81663,HC,1,5,1,9,0.8,5
81663,HC,2,4,1,1,0.5,4
81663,HC,2,4,1,2,1.0,4
81663,HC,2,4,1,3,1.0,4
81663,HC,2,4,1,4,0.75,4
81663,HC,2,4,1,5,1.0,4
81663,HC,2,4,1,6,1.0,4
81663,HC,2,4,1,7,1.0,4
81663,HC,2,4,1,8,0.75,4
81663,HC,2,4,1,9,1.0,4
81663,HC,3,6,1,1,0.3333333333333333,6
81663,HC,3,6,1,2,0.6666666666666666,6
81663,HC,3,6,1,3,0.5,6
81663,HC,3,6,1,4,0.8333333333333334,6
81663,HC,3,6,1,5,0.6666666666666666,6
81663,HC,3,6,1,6,0.8333333333333334,6
81663,HC,3,6,1,7,1.0,6
81663,HC,3,6,1,8,0.8333333333333334,6
81663,HC,3,6,1,9,1.0,6
81663,HC,4,3,1,1,0.0,3
81663,HC,4,3,1,2,0.0,3
81663,HC,4,3,1,3,0.3333333333333333,3
81663,HC,4,3,1,4,1.0,3
81663,HC,4,3,1,5,1.0,3
81663,HC,4,3,1,6,0.6666666666666666,3
81663,HC,4,3,1,7,1.0,3
81663,HC,4,3,1,8,1.0,3
81663,HC,4,3,1,9,0.6666666666666666,3
81663,HC,5,2,1,1,0.5,2
81663,HC,5,2,1,2,1.0,2
81663,HC,5,2,1,3,1.0,2
81663,HC,5,2,1,4,1.0,2
81663,HC,5,2,1,5,1.0,2
81663,HC,5,2,1,6,1.0,2
81663,HC,5,2,1,7,0.5,2
81663,HC,5,2,1,8,1.0,2
81663,HC,5,2,1,9,1.0,2
81663,HC,6,2,2,1,0.0,2
81663,HC,6,2,2,2,1.0,2
81663,HC,6,2,2,3,1.0,2
81663,HC,6,2,2,4,1.0,2
81663,HC,6,2,2,5,1.0,2
81663,HC,6,2,2,6,1.0,2
81663,HC,6,2,2,7,0.5,2
81663,HC,6,2,2,8,1.0,2
81663,HC,6,2,2,9,1.0,2
81663,HC,7,2,3,1,1.0,2
81663,HC,7,2,3,2,1.0,2
81663,HC,7,2,3,3,1.0,2
81663,HC,7,2,3,4,1.0,2
81663,HC,7,2,3,5,1.0,2
81663,HC,7,2,3,6,1.0,2
81663,HC,7,2,3,7,0.5,2
81663,HC,7,2,3,8,1.0,2
81663,HC,7,2,3,9,1.0,2
81663,HC,8,5,2,1,0.8,5
81663,HC,8,5,2,2,0.4,5
81663,HC,8,5,2,3,0.6,5
81663,HC,8,5,2,4,0.8,5
81663,HC,8,5,2,5,1.0,5
81663,HC,8,5,2,6,1.0,5
81663,HC,8,5,2,7,0.8,5
81663,HC,8,5,2,8,1.0,5
81663,HC,8,5,2,9,1.0,5
81663,HC,9,6,2,1,0.5,6
81663,HC,9,6,2,2,0.8333333333333334,6
81663,HC,9,6,2,3,0.6666666666666666,6
81663,HC,9,6,2,4,0.5,6
81663,HC,9,6,2,5,0.6666666666666666,6
81663,HC,9,6,2,6,0.6666666666666666,6
81663,HC,9,6,2,7,0.6666666666666666,6
81663,HC,9,6,2,8,0.5,6
81663,HC,9,6,2,9,0.8333333333333334,6
81663,HC,10,5,3,1,0.0,5
81663,HC,10,5,3,2,0.6,5
81663,HC,10,5,3,3,0.2,5
81663,HC,10,5,3,4,0.6,5
81663,HC,10,5,3,5,0.4,5
81663,HC,10,5,3,6,0.8,5
81663,HC,10,5,3,7,0.6,5
81663,HC,10,5,3,8,0.4,5
81663,HC,10,5,3,9,0.6,5
81663,HC,11,4,2,1,0.25,4
81663,HC,11,4,2,2,0.5,4
81663,HC,11,4,2,3,0.75,4
81663,HC,11,4,2,4,0.5,4
81663,HC,11,4,2,5,0.75,4
81663,HC,11,4,2,6,0.5,4
81663,HC,11,4,2,7,0.75,4
81663,HC,11,4,2,8,0.75,4
81663,HC,11,4,2,9,1.0,4
81663,HC,12,3,2,1,0.0,3
81663,HC,12,3,2,2,0.6666666666666666,3
81663,HC,12,3,2,3,0.6666666666666666,3
81663,HC,12,3,2,4,1.0,3
81663,HC,12,3,2,5,1.0,3
81663,HC,12,3,2,6,1.0,3
81663,HC,12,3,2,7,1.0,3
81663,HC,12,3,2,8,1.0,3
81663,HC,12,3,2,9,1.0,3
81663,HC,13,2,4,1,1.0,2
81663,HC,13,2,4,2,1.0,2
81663,HC,13,2,4,3,1.0,2
81663,HC,13,2,4,4,1.0,2
81663,HC,13,2,4,5,1.0,2
81663,HC,13,2,4,6,1.0,2
81663,HC,13,2,4,7,1.0,2
81663,HC,13,2,4,8,1.0,2
81663,HC,13,2,4,9,0.5,2
81685,HC,1,2,1,1,1.0,2
81685,HC,1,2,1,2,1.0,2
81685,HC,1,2,1,3,1.0,2
81685,HC,1,2,1,4,1.0,2
81685,HC,1,2,1,5,1.0,2
81685,HC,1,2,1,6,1.0,2
81685,HC,1,2,1,7,1.0,2
81685,HC,1,2,1,8,1.0,2
81685,HC,1,2,1,9,1.0,2
81685,HC,2,3,1,1,0.6666666666666666,3
81685,HC,2,3,1,2,1.0,3
81685,HC,2,3,1,3,1.0,3
81685,HC,2,3,1,4,1.0,3
81685,HC,2,3,1,5,1.0,3
81685,HC,2,3,1,6,1.0,3
81685,HC,2,3,1,7,1.0,3
81685,HC,2,3,1,8,1.0,3
81685,HC,2,3,1,9,1.0,3
81685,HC,3,2,2,1,0.5,2
81685,HC,3,2,2,2,0.5,2
81685,HC,3,2,2,3,1.0,2
81685,HC,3,2,2,4,0.5,2
81685,HC,3,2,2,5,1.0,2
81685,HC,3,2,2,6,1.0,2
81685,HC,3,2,2,7,1.0,2
81685,HC,3,2,2,8,1.0,2
81685,HC,3,2,2,9,1.0,2
81685,HC,4,4,1,1,0.25,4
81685,HC,4,4,1,2,0.25,4
81685,HC,4,4,1,3,0.75,4
81685,HC,4,4,1,4,1.0,4
81685,HC,4,4,1,5,1.0,4
81685,HC,4,4,1,6,1.0,4
81685,HC,4,4,1,7,1.0,4
81685,HC,4,4,1,8,0.75,4
81685,HC,4,4,1,9,1.0,4
81685,HC,5,2,3,1,0.0,2
81685,HC,5,2,3,2,0.5,2
81685,HC,5,2,3,3,1.0,2
81685,HC,5,2,3,4,1.0,2
81685,HC,5,2,3,5,1.0,2
81685,HC,5,2,3,6,1.0,2
81685,HC,5,2,3,7,1.0,2
81685,HC,5,2,3,8,1.0,2
81685,HC,5,2,3,9,1.0,2
81685,HC,6,5,1,1,0.4,5
81685,HC,6,5,1,2,0.8,5
81685,HC,6,5,1,3,0.8,5
81685,HC,6,5,1,4,0.4,5
81685,HC,6,5,1,5,0.6,5
81685,HC,6,5,1,6,1.0,5
81685,HC,6,5,1,7,0.8,5
81685,HC,6,5,1,8,1.0,5
81685,HC,6,5,1,9,1.0,4
81685,HC,7,6,1,1,0.3333333333333333,6
81685,HC,7,6,1,2,0.8,5
81685,HC,7,6,1,3,0.8333333333333334,6
81685,HC,7,6,1,4,0.8333333333333334,6
81685,HC,7,6,1,5,1.0,6
81685,HC,7,6,1,6,0.8333333333333334,6
81685,HC,7,6,1,7,1.0,6
81685,HC,7,6,1,8,1.0,6
81685,HC,7,6,1,9,1.0,6
81685,HC,8,5,2,1,0.4,5
81685,HC,8,5,2,2,0.8,5
81685,HC,8,5,2,3,0.6,5
81685,HC,8,5,2,4,1.0,5
81685,HC,8,5,2,5,1.0,5
81685,HC,8,5,2,6,1.0,5
81685,HC,8,5,2,7,1.0,5
81685,HC,8,5,2,8,0.8,5
81685,HC,8,5,2,9,1.0,5
81685,HC,9,6,2,1,0.3333333333333333,6
81685,HC,9,6,2,2,0.6666666666666666,6
81685,HC,9,6,2,3,0.8333333333333334,6
81685,HC,9,6,2,4,0.8333333333333334,6
81685,HC,9,6,2,5,1.0,6
81685,HC,9,6,2,6,1.0,6
81685,HC,9,6,2,7,1.0,6
81685,HC,9,6,2,8,1.0,6
81685,HC,9,6,2,9,1.0,6
81685,HC,10,2,4,1,0.5,2
81685,HC,10,2,4,2,1.0,2
81685,HC,10,2,4,3,1.0,2
81685,HC,10,2,4,4,0.5,2
81685,HC,10,2,4,5,1.0,2
81685,HC,10,2,4,6,1.0,2
81685,HC,10,2,4,7,1.0,2
81685,HC,10,2,4,8,1.0,2
81685,HC,10,2,4,9,1.0,2
81685,HC,11,3,2,1,0.0,3
81685,HC,11,3,2,2,0.3333333333333333,3
81685,HC,11,3,2,3,1.0,3
81685,HC,11,3,2,4,1.0,3
81685,HC,11,3,2,5,1.0,3
81685,HC,11,3,2,6,1.0,3
81685,HC,11,3,2,7,1.0,3
81685,HC,11,3,2,8,1.0,3
81685,HC,11,3,2,9,1.0,3
81685,HC,12,4,2,1,0.25,4
81685,HC,12,4,2,2,0.75,4
81685,HC,12,4,2,3,1.0,4
81685,HC,12,4,2,4,1.0,4
81685,HC,12,4,2,5,1.0,4
81685,HC,12,4,2,6,1.0,4
81685,HC,12,4,2,7,0.75,4
81685,HC,12,4,2,8,1.0,4
81685,HC,12,4,2,9,1.0,4
81685,HC,13,5,3,1,0.2,5
81685,HC,13,5,3,2,0.6,5
81685,HC,13,5,3,3,0.8,5
81685,HC,13,5,3,4,1.0,5
81685,HC,13,5,3,5,0.8,5
81685,HC,13,5,3,6,1.0,5
81685,HC,13,5,3,7,1.0,5
81685,HC,13,5,3,8,0.8,5
81685,HC,13,5,3,9,1.0,4
81988,HC,1,2,1,1,0.5,2
81988,HC,1,2,1,2,0.5,2
81988,HC,1,2,1,3,0.5,2
81988,HC,1,2,1,4,1.0,2
81988,HC,1,2,1,5,1.0,2
81988,HC,1,2,1,6,1.0,2
81988,HC,1,2,1,7,1.0,2
81988,HC,1,2,1,8,1.0,2
81988,HC,1,2,1,9,1.0,2
81988,HC,2,6,1,1,0.3333333333333333,6
81988,HC,2,6,1,2,0.6666666666666666,6
81988,HC,2,6,1,3,0.5,6
81988,HC,2,6,1,4,0.8333333333333334,6
81988,HC,2,6,1,5,1.0,6
81988,HC,2,6,1,6,1.0,6
81988,HC,2,6,1,7,1.0,6
81988,HC,2,6,1,8,1.0,6
81988,HC,2,6,1,9,1.0,6
81988,HC,3,3,1,1,0.6666666666666666,3
81988,HC,3,3,1,2,0.6666666666666666,3
81988,HC,3,3,1,3,1.0,3
81988,HC,3,3,1,4,1.0,3
81988,HC,3,3,1,5,1.0,3
81988,HC,3,3,1,6,1.0,3
81988,HC,3,3,1,7,1.0,3
81988,HC,3,3,1,8,1.0,3
81988,HC,3,3,1,9,1.0,3
81988,HC,4,2,2,1,1.0,2
81988,HC,4,2,2,2,1.0,2
81988,HC,4,2,2,3,1.0,2
81988,HC,4,2,2,4,1.0,2
81988,HC,4,2,2,5,1.0,2
81988,HC,4,2,2,6,1.0,2
81988,HC,4,2,2,7,1.0,2
81988,HC,4,2,2,8,1.0,2
81988,HC,4,2,2,9,1.0,2
81988,HC,5,4,1,1,0.75,4
81988,HC,5,4,1,2,1.0,4
81988,HC,5,4,1,3,1.0,4
81988,HC,5,4,1,4,1.0,4
81988,HC,5,4,1,5,1.0,4
81988,HC,5,4,1,6,1.0,4
81988,HC,5,4,1,7,1.0,4
81988,HC,5,4,1,8,1.0,4
81988,HC,5,4,1,9,1.0,4
81988,HC,6,5,1,1,0.2,5
81988,HC,6,5,1,2,0.4,5
81988,HC,6,5,1,3,0.8,5
81988,HC,6,5,1,4,1.0,5
81988,HC,6,5,1,5,1.0,5
81988,HC,6,5,1,6,1.0,5
81988,HC,6,5,1,7,1.0,5
81988,HC,6,5,1,8,1.0,5
81988,HC,6,5,1,9,1.0,5
81988,HC,7,2,3,1,0.0,2
81988,HC,7,2,3,2,1.0,2
81988,HC,7,2,3,3,1.0,2
81988,HC,7,2,3,4,1.0,2
81988,HC,7,2,3,5,1.0,2
81988,HC,7,2,3,6,1.0,2
81988,HC,7,2,3,7,1.0,2
81988,HC,7,2,3,8,1.0,2
81988,HC,7,2,3,9,1.0,2
81988,HC,8,6,2,1,0.0,6
81988,HC,8,6,2,2,0.3333333333333333,6
81988,HC,8,6,2,3,0.6666666666666666,6
81988,HC,8,6,2,4,0.8333333333333334,6
81988,HC,8,6,2,5,1.0,6
81988,HC,8,6,2,6,1.0,6
81988,HC,8,6,2,7,1.0,6
81988,HC,8,6,2,8,1.0,6
81988,HC,8,6,2,9,1.0,6
81988,HC,9,5,2,1,0.4,5
81988,HC,9,5,2,2,0.4,5
81988,HC,9,5,2,3,1.0,5
81988,HC,9,5,2,4,1.0,5
81988,HC,9,5,2,5,1.0,5
81988,HC,9,5,2,6,1.0,5
81988,HC,9,5,2,7,1.0,5
81988,HC,9,5,2,8,1.0,5
81988,HC,9,5,2,9,1.0,5
81988,HC,10,2,4,1,0.5,2
81988,HC,10,2,4,2,1.0,2
81988,HC,10,2,4,3,1.0,2
81988,HC,10,2,4,4,1.0,2
81988,HC,10,2,4,5,1.0,2
81988,HC,10,2,4,6,1.0,2
81988,HC,10,2,4,7,1.0,2
81988,HC,10,2,4,8,1.0,2
81988,HC,10,2,4,9,1.0,2
81988,HC,11,3,2,1,0.6666666666666666,3
81988,HC,11,3,2,2,0.6666666666666666,3
81988,HC,11,3,2,3,1.0,3
81988,HC,11,3,2,4,1.0,3
81988,HC,11,3,2,5,1.0,3
81988,HC,11,3,2,6,1.0,3
81988,HC,11,3,2,7,1.0,3
81988,HC,11,3,2,8,1.0,3
81988,HC,11,3,2,9,1.0,3
81988,HC,12,4,2,1,0.5,4
81988,HC,12,4,2,2,0.5,4
81988,HC,12,4,2,3,0.75,4
81988,HC,12,4,2,4,1.0,4
81988,HC,12,4,2,5,1.0,4
81988,HC,12,4,2,6,0.75,4
81988,HC,12,4,2,7,1.0,4
81988,HC,12,4,2,8,1.0,4
81988,HC,12,4,2,9,1.0,4
81988,HC,13,5,3,1,0.0,5
81988,HC,13,5,3,2,0.6,5
81988,HC,13,5,3,3,0.8,5
81988,HC,13,5,3,4,1.0,5
81988,HC,13,5,3,5,1.0,5
81988,HC,13,5,3,6,1.0,5
81988,HC,13,5,3,7,1.0,5
81988,HC,13,5,3,8,1.0,5
81988,HC,13,5,3,9,1.0,5
81990,HC,1,2,1,1,0.5,2
81990,HC,1,2,1,2,1.0,2
81990,HC,1,2,1,3,1.0,2
81990,HC,1,2,1,4,1.0,2
81990,HC,1,2,1,5,1.0,2
81990,HC,1,2,1,6,1.0,2
81990,HC,1,2,1,7,1.0,2
81990,HC,1,2,1,8,1.0,2
81990,HC,1,2,1,9,1.0,2
81990,HC,2,5,1,1,0.0,5
81990,HC,2,5,1,2,0.4,5
81990,HC,2,5,1,3,0.4,5
81990,HC,2,5,1,4,0.4,5
81990,HC,2,5,1,5,0.6,5
81990,HC,2,5,1,6,0.8,5
81990,HC,2,5,1,7,1.0,4
81990,HC,2,5,1,8,1.0,5
81990,HC,2,5,1,9,1.0,5
81990,HC,3,6,1,1,0.16666666666666666,6
81990,HC,3,6,1,2,0.5,6
81990,HC,3,6,1,3,0.3333333333333333,6
81990,HC,3,6,1,4,0.5,6
81990,HC,3,6,1,5,0.5,6
81990,HC,3,6,1,6,0.8333333333333334,6
81990,HC,3,6,1,7,0.6666666666666666,6
81990,HC,3,6,1,8,0.8333333333333334,6
81990,HC,3,6,1,9,0.6666666666666666,6
81990,HC,4,3,1,1,1.0,3
81990,HC,4,3,1,2,1.0,3
81990,HC,4,3,1,3,1.0,3
81990,HC,4,3,1,4,1.0,3
81990,HC,4,3,1,5,1.0,3
81990,HC,4,3,1,6,1.0,3
81990,HC,4,3,1,7,1.0,3
81990,HC,4,3,1,8,1.0,3
81990,HC,4,3,1,9,1.0,3
81990,HC,5,2,2,1,1.0,2
81990,HC,5,2,2,2,1.0,2
81990,HC,5,2,2,3,1.0,2
81990,HC,5,2,2,4,1.0,2
81990,HC,5,2,2,5,1.0,2
81990,HC,5,2,2,6,1.0,2
81990,HC,5,2,2,7,1.0,2
81990,HC,5,2,2,8,1.0,2
81990,HC,5,2,2,9,1.0,2
81990,HC,6,2,3,1,0.5,2
81990,HC,6,2,3,2,1.0,2
81990,HC,6,2,3,3,1.0,2
81990,HC,6,2,3,4,1.0,2
81990,HC,6,2,3,5,1.0,2
81990,HC,6,2,3,6,1.0,2
81990,HC,6,2,3,7,1.0,2
81990,HC,6,2,3,8,1.0,2
81990,HC,6,2,3,9,1.0,2
81990,HC,7,4,1,1,0.5,4
81990,HC,7,4,1,2,0.5,4
81990,HC,7,4,1,3,1.0,4
81990,HC,7,4,1,4,1.0,4
81990,HC,7,4,1,5,1.0,4
81990,HC,7,4,1,6,1.0,4
81990,HC,7,4,1,7,1.0,4
81990,HC,7,4,1,8,1.0,4
81990,HC,7,4,1,9,1.0,4
81990,HC,8,5,2,1,0.6,5
81990,HC,8,5,2,2,1.0,5
81990,HC,8,5,2,3,1.0,5
81990,HC,8,5,2,4,1.0,5
81990,HC,8,5,2,5,1.0,5
81990,HC,8,5,2,6,1.0,5
81990,HC,8,5,2,7,1.0,5
81990,HC,8,5,2,8,1.0,5
81990,HC,8,5,2,9,1.0,5
81990,HC,9,6,2,1,0.5,6
81990,HC,9,6,2,2,0.6666666666666666,6
81990,HC,9,6,2,3,0.8333333333333334,6
81990,HC,9,6,2,4,0.8333333333333334,6
81990,HC,9,6,2,5,0.8,5
81990,HC,9,6,2,6,1.0,6
81990,HC,9,6,2,7,0.8333333333333334,6
81990,HC,9,6,2,8,0.8333333333333334,6
81990,HC,9,6,2,9,0.8333333333333334,6
81990,HC,10,2,4,1,0.5,2
81990,HC,10,2,4,2,1.0,2
81990,HC,10,2,4,3,1.0,2
81990,HC,10,2,4,4,1.0,2
81990,HC,10,2,4,5,1.0,2
81990,HC,10,2,4,6,1.0,2
81990,HC,10,2,4,7,1.0,2
81990,HC,10,2,4,8,1.0,2
81990,HC,10,2,4,9,1.0,2
81990,HC,11,5,3,1,0.4,5
81990,HC,11,5,3,2,0.8,5
81990,HC,11,5,3,3,0.8,5
81990,HC,11,5,3,4,1.0,5
81990,HC,11,5,3,5,1.0,5
81990,HC,11,5,3,6,1.0,5
81990,HC,11,5,3,7,0.8,5
81990,HC,11,5,3,8,1.0,5
81990,HC,11,5,3,9,1.0,5
81990,HC,12,3,2,1,0.3333333333333333,3
81990,HC,12,3,2,2,0.3333333333333333,3
81990,HC,12,3,2,3,1.0,3
81990,HC,12,3,2,4,1.0,3
81990,HC,12,3,2,5,1.0,3
81990,HC,12,3,2,6,1.0,3
81990,HC,12,3,2,7,1.0,3
81990,HC,12,3,2,8,1.0,3
81990,HC,12,3,2,9,1.0,3
81990,HC,13,4,2,1,0.5,4
81990,HC,13,4,2,2,1.0,4
81990,HC,13,4,2,3,1.0,4
81990,HC,13,4,2,4,1.0,4
81990,HC,13,4,2,5,1.0,4
81990,HC,13,4,2,6,1.0,4
81990,HC,13,4,2,7,1.0,4
81990,HC,13,4,2,8,1.0,4
81990,HC,13,4,2,9,1.0,4
82012,HC,1,2,1,1,0.5,2
82012,HC,1,2,1,2,1.0,2
82012,HC,1,2,1,3,1.0,2
82012,HC,1,2,1,4,1.0,2
82012,HC,1,2,1,5,1.0,2
82012,HC,1,2,1,6,1.0,2
82012,HC,1,2,1,7,1.0,2
82012,HC,1,2,1,8,1.0,2
82012,HC,1,2,1,9,1.0,2
82012,HC,2,4,1,1,0.25,4
82012,HC,2,4,1,2,0.25,4
82012,HC,2,4,1,3,0.5,4
82012,HC,2,4,1,4,0.5,4
82012,HC,2,4,1,5,0.25,4
82012,HC,2,4,1,6,0.5,4
82012,HC,2,4,1,7,0.75,4
82012,HC,2,4,1,8,1.0,4
82012,HC,2,4,1,9,1.0,4
82012,HC,3,6,1,1,0.16666666666666666,6
82012,HC,3,6,1,2,0.16666666666666666,6
82012,HC,3,6,1,3,0.6666666666666666,6
82012,HC,3,6,1,4,0.6666666666666666,6
82012,HC,3,6,1,5,0.8333333333333334,6
82012,HC,3,6,1,6,1.0,6
82012,HC,3,6,1,7,0.6666666666666666,6
82012,HC,3,6,1,8,0.8333333333333334,6
82012,HC,3,6,1,9,0.6,5
82012,HC,4,5,1,1,0.2,5
82012,HC,4,5,1,2,0.6,5
82012,HC,4,5,1,3,0.6,5
82012,HC,4,5,1,4,0.8,5
82012,HC,4,5,1,5,0.6,5
82012,HC,4,5,1,6,0.8,5
82012,HC,4,5,1,7,0.8,5
82012,HC,4,5,1,8,1.0,5
82012,HC,4,5,1,9,1.0,5
82012,HC,5,3,1,1,0.3333333333333333,3
82012,HC,5,3,1,2,1.0,3
82012,HC,5,3,1,3,1.0,3
82012,HC,5,3,1,4,1.0,3
82012,HC,5,3,1,5,1.0,3
82012,HC,5,3,1,6,1.0,3
82012,HC,5,3,1,7,1.0,3
82012,HC,5,3,1,8,1.0,3
82012,HC,5,3,1,9,1.0,3
82012,HC,6,2,2,1,0.0,2
82012,HC,6,2,2,2,0.5,2
82012,HC,6,2,2,3,1.0,2
82012,HC,6,2,2,4,1.0,2
82012,HC,6,2,2,5,0.5,2
82012,HC,6,2,2,6,1.0,2
82012,HC,6,2,2,7,1.0,2
82012,HC,6,2,2,8,0.5,2
82012,HC,6,2,2,9,1.0,2
82012,HC,7,2,3,1,0.0,2
82012,HC,7,2,3,2,0.5,2
82012,HC,7,2,3,3,1.0,2
82012,HC,7,2,3,4,0.5,2
82012,HC,7,2,3,5,0.5,2
82012,HC,7,2,3,6,1.0,2
82012,HC,7,2,3,7,1.0,2
82012,HC,7,2,3,8,1.0,2
82012,HC,7,2,3,9,1.0,2
82012,HC,8,6,2,1,0.5,6
82012,HC,8,6,2,2,0.5,6
82012,HC,8,6,2,3,0.5,6
82012,HC,8,6,2,4,0.8333333333333334,6
82012,HC,8,6,2,5,0.6666666666666666,6
82012,HC,8,6,2,6,0.8333333333333334,6
82012,HC,8,6,2,7,0.8333333333333334,6
82012,HC,8,6,2,8,0.8333333333333334,6
82012,HC,8,6,2,9,0.6,5
82012,HC,9,5,2,1,0.8,5
82012,HC,9,5,2,2,0.6,5
82012,HC,9,5,2,3,1.0,5
82012,HC,9,5,2,4,1.0,5
82012,HC,9,5,2,5,1.0,5
82012,HC,9,5,2,6,1.0,5
82012,HC,9,5,2,7,1.0,5
82012,HC,9,5,2,8,0.8,5
82012,HC,9,5,2,9,1.0,5
82012,HC,10,2,4,1,0.5,2
82012,HC,10,2,4,2,0.5,2
82012,HC,10,2,4,3,1.0,2
82012,HC,10,2,4,4,1.0,2
82012,HC,10,2,4,5,1.0,2
82012,HC,10,2,4,6,1.0,2
82012,HC,10,2,4,7,1.0,2
82012,HC,10,2,4,8,1.0,2
82012,HC,10,2,4,9,1.0,2
82012,HC,11,4,2,1,0.25,4
82012,HC,11,4,2,2,0.25,4
82012,HC,11,4,2,3,0.25,4
82012,HC,11,4,2,4,0.5,4
82012,HC,11,4,2,5,0.5,4
82012,HC,11,4,2,6,0.25,4
82012,HC,11,4,2,7,0.25,4
82012,HC,11,4,2,8,1.0,4
82012,HC,11,4,2,9,0.75,4
82012,HC,12,5,3,1,0.6,5
82012,HC,12,5,3,2,0.6,5
82012,HC,12,5,3,3,0.5,4
82012,HC,12,5,3,4,0.8,5
82012,HC,12,5,3,5,0.6,5
82012,HC,12,5,3,6,0.6,5
82012,HC,12,5,3,7,0.6,5
82012,HC,12,5,3,8,0.8,5
82012,HC,12,5,3,9,0.2,5
82012,HC,13,3,2,1,0.3333333333333333,3
82012,HC,13,3,2,2,1.0,3
82012,HC,13,3,2,3,0.6666666666666666,3
82012,HC,13,3,2,4,0.6666666666666666,3
82012,HC,13,3,2,5,1.0,3
82012,HC,13,3,2,6,0.6666666666666666,3
82012,HC,13,3,2,7,0.6666666666666666,3
82012,HC,13,3,2,8,1.0,3
82012,HC,13,3,2,9,1.0,3
82034,HC,1,5,1,1,0.2,5
82034,HC,1,5,1,2,0.6,5
82034,HC,1,5,1,3,0.4,5
82034,HC,1,5,1,4,0.8,5
82034,HC,1,5,1,5,0.8,5
82034,HC,1,5,1,6,1.0,5
82034,HC,1,5,1,7,1.0,5
82034,HC,1,5,1,8,1.0,5
82034,HC,1,5,1,9,1.0,5
82034,HC,2,3,1,1,0.0,3
82034,HC,2,3,1,2,0.3333333333333333,3
82034,HC,2,3,1,3,1.0,3
82034,HC,2,3,1,4,1.0,3
82034,HC,2,3,1,5,1.0,3
82034,HC,2,3,1,6,1.0,3
82034,HC,2,3,1,7,1.0,3
82034,HC,2,3,1,8,1.0,3
82034,HC,2,3,1,9,1.0,3
82034,HC,3,2,1,1,0.5,2
82034,HC,3,2,1,2,0.5,2
82034,HC,3,2,1,3,1.0,2
82034,HC,3,2,1,4,1.0,2
82034,HC,3,2,1,5,1.0,2
82034,HC,3,2,1,6,1.0,2
82034,HC,3,2,1,7,1.0,2
82034,HC,3,2,1,8,1.0,2
82034,HC,3,2,1,9,1.0,2
82034,HC,4,2,2,1,1.0,2
82034,HC,4,2,2,2,1.0,2
82034,HC,4,2,2,3,1.0,2
82034,HC,4,2,2,4,1.0,2
82034,HC,4,2,2,5,1.0,2
82034,HC,4,2,2,6,1.0,2
82034,HC,4,2,2,7,1.0,2
82034,HC,4,2,2,8,1.0,2
82034,HC,4,2,2,9,1.0,2
82034,HC,5,6,1,1,0.3333333333333333,6
82034,HC,5,6,1,2,0.3333333333333333,6
82034,HC,5,6,1,3,0.6666666666666666,6
82034,HC,5,6,1,4,1.0,6
82034,HC,5,6,1,5,1.0,6
82034,HC,5,6,1,6,1.0,6
82034,HC,5,6,1,7,1.0,6
82034,HC,5,6,1,8,1.0,6
82034,HC,5,6,1,9,1.0,6
82034,HC,6,4,1,1,0.25,4
82034,HC,6,4,1,2,1.0,4
82034,HC,6,4,1,3,1.0,4
82034,HC,6,4,1,4,1.0,4
82034,HC,6,4,1,5,1.0,4
82034,HC,6,4,1,6,1.0,4
82034,HC,6,4,1,7,1.0,4
82034,HC,6,4,1,8,1.0,4
82034,HC,6,4,1,9,1.0,4
82034,HC,7,2,3,1,0.0,2
82034,HC,7,2,3,2,0.5,2
82034,HC,7,2,3,3,1.0,2
82034,HC,7,2,3,4,1.0,2
82034,HC,7,2,3,5,1.0,2
82034,HC,7,2,3,6,1.0,2
82034,HC,7,2,3,7,1.0,2
82034,HC,7,2,3,8,1.0,2
82034,HC,7,2,3,9,1.0,2
82034,HC,8,5,2,1,0.8,5
82034,HC,8,5,2,2,1.0,5
82034,HC,8,5,2,3,1.0,5
82034,HC,8,5,2,4,1.0,5
82034,HC,8,5,2,5,1.0,5
82034,HC,8,5,2,6,1.0,5
82034,HC,8,5,2,7,1.0,5
82034,HC,8,5,2,8,1.0,5
82034,HC,8,5,2,9,1.0,5
82034,HC,9,6,2,1,0.16666666666666666,6
82034,HC,9,6,2,2,1.0,6
82034,HC,9,6,2,3,1.0,6
82034,HC,9,6,2,4,1.0,6
82034,HC,9,6,2,5,1.0,6
82034,HC,9,6,2,6,1.0,6
82034,HC,9,6,2,7,1.0,6
82034,HC,9,6,2,8,1.0,6
82034,HC,9,6,2,9,1.0,6
82034,HC,10,5,3,1,0.2,5
82034,HC,10,5,3,2,0.6,5
82034,HC,10,5,3,3,1.0,5
82034,HC,10,5,3,4,1.0,5
82034,HC,10,5,3,5,1.0,5
82034,HC,10,5,3,6,1.0,5
82034,HC,10,5,3,7,1.0,5
82034,HC,10,5,3,8,1.0,5
82034,HC,10,5,3,9,1.0,5
82034,HC,11,3,2,1,0.6666666666666666,3
82034,HC,11,3,2,2,1.0,3
82034,HC,11,3,2,3,1.0,3
82034,HC,11,3,2,4,1.0,3
82034,HC,11,3,2,5,1.0,3
82034,HC,11,3,2,6,1.0,3
82034,HC,11,3,2,7,1.0,3
82034,HC,11,3,2,8,1.0,3
82034,HC,11,3,2,9,1.0,3
82034,HC,12,2,4,1,0.0,2
82034,HC,12,2,4,2,1.0,2
82034,HC,12,2,4,3,1.0,2
82034,HC,12,2,4,4,1.0,2
82034,HC,12,2,4,5,1.0,2
82034,HC,12,2,4,6,1.0,2
82034,HC,12,2,4,7,1.0,2
82034,HC,12,2,4,8,1.0,2
82034,HC,12,2,4,9,1.0,2
82034,HC,13,4,2,1,0.5,4
82034,HC,13,4,2,2,1.0,4
82034,HC,13,4,2,3,1.0,4
82034,HC,13,4,2,4,1.0,4
82034,HC,13,4,2,5,1.0,4
82034,HC,13,4,2,6,1.0,4
82034,HC,13,4,2,7,1.0,4
82034,HC,13,4,2,8,1.0,4
82034,HC,13,4,2,9,1.0,4
82045,SZ,1,4,1,1,0.25,4
82045,SZ,1,4,1,2,0.3333333333333333,3
82045,SZ,1,4,1,3,0.5,4
82045,SZ,1,4,1,4,0.5,4
82045,SZ,1,4,1,5,0.5,4
82045,SZ,1,4,1,6,0.5,4
82045,SZ,1,4,1,7,0.75,4
82045,SZ,1,4,1,8,0.5,4
82045,SZ,1,4,1,9,0.75,4
82045,SZ,2,2,1,1,0.5,2
82045,SZ,2,2,1,2,0.5,2
82045,SZ,2,2,1,3,1.0,2
82045,SZ,2,2,1,4,1.0,2
82045,SZ,2,2,1,5,1.0,2
82045,SZ,2,2,1,6,1.0,2
82045,SZ,2,2,1,7,1.0,2
82045,SZ,2,2,1,8,1.0,2
82045,SZ,2,2,1,9,1.0,2
82045,SZ,3,3,1,1,0.3333333333333333,3
82045,SZ,3,3,1,2,0.6666666666666666,3
82045,SZ,3,3,1,3,0.6666666666666666,3
82045,SZ,3,3,1,4,0.6666666666666666,3
82045,SZ,3,3,1,5,0.6666666666666666,3
82045,SZ,3,3,1,6,1.0,3
82045,SZ,3,3,1,7,1.0,3
82045,SZ,3,3,1,8,1.0,2
82045,SZ,3,3,1,9,1.0,3
82045,SZ,4,5,1,1,0.6,5
82045,SZ,4,5,1,2,0.4,5
82045,SZ,4,5,1,3,0.6,5
82045,SZ,4,5,1,4,0.6,5
82045,SZ,4,5,1,5,0.6,5
82045,SZ,4,5,1,6,0.8,5
82045,SZ,4,5,1,7,0.8,5
82045,SZ,4,5,1,8,1.0,5
82045,SZ,4,5,1,9,1.0,5
82045,SZ,5,2,2,1,1.0,2
82045,SZ,5,2,2,2,1.0,2
82045,SZ,5,2,2,3,0.5,2
82045,SZ,5,2,2,4,1.0,2
82045,SZ,5,2,2,5,1.0,2
82045,SZ,5,2,2,6,0.5,2
82045,SZ,5,2,2,7,1.0,2
82045,SZ,5,2,2,8,1.0,2
82045,SZ,5,2,2,9,0.5,2
82045,SZ,6,6,1,1,0.5,6
82045,SZ,6,6,1,2,0.6666666666666666,6
82045,SZ,6,6,1,3,0.3333333333333333,6
82045,SZ,6,6,1,4,0.5,6
82045,SZ,6,6,1,5,0.5,6
82045,SZ,6,6,1,6,0.5,6
82045,SZ,6,6,1,7,0.16666666666666666,6
82045,SZ,6,6,1,8,0.3333333333333333,6
82045,SZ,6,6,1,9,0.3333333333333333,6
82045,SZ,7,2,3,1,0.0,2
82045,SZ,7,2,3,2,0.0,2
82045,SZ,7,2,3,3,1.0,2
82045,SZ,7,2,3,4,1.0,2
82045,SZ,7,2,3,5,1.0,2
82045,SZ,7,2,3,6,1.0,2
82045,SZ,7,2,3,7,1.0,2
82045,SZ,7,2,3,8,1.0,2
82045,SZ,7,2,3,9,0.5,2
82045,SZ,8,5,2,1,0.2,5
82045,SZ,8,5,2,2,0.4,5
82045,SZ,8,5,2,3,0.2,5
82045,SZ,8,5,2,4,0.6,5
82045,SZ,8,5,2,5,0.8,5
82045,SZ,8,5,2,6,1.0,5
82045,SZ,8,5,2,7,1.0,5
82045,SZ,8,5,2,8,1.0,5
82045,SZ,8,5,2,9,1.0,5
82045,SZ,9,6,2,1,0.5,6
82045,SZ,9,6,2,2,0.6666666666666666,6
82045,SZ,9,6,2,3,0.6666666666666666,6
82045,SZ,9,6,2,4,0.6666666666666666,6
82045,SZ,9,6,2,5,0.8333333333333334,6
82045,SZ,9,6,2,6,1.0,6
82045,SZ,9,6,2,7,1.0,6
82045,SZ,9,6,2,8,1.0,6
82045,SZ,9,6,2,9,0.8333333333333334,6
82045,SZ,10,4,2,1,0.75,4
82045,SZ,10,4,2,2,0.75,4
82045,SZ,10,4,2,3,0.25,4
82045,SZ,10,4,2,4,0.75,4
82045,SZ,10,4,2,5,1.0,4
82045,SZ,10,4,2,6,1.0,4
82045,SZ,10,4,2,7,1.0,4
82045,SZ,10,4,2,8,0.75,4
82045,SZ,10,4,2,9,0.75,4
82045,SZ,11,2,4,1,0.0,2
82045,SZ,11,2,4,2,0.0,2
82045,SZ,11,2,4,3,0.5,2
82045,SZ,11,2,4,4,1.0,2
82045,SZ,11,2,4,5,1.0,2
82045,SZ,11,2,4,6,1.0,2
82045,SZ,11,2,4,7,1.0,2
82045,SZ,11,2,4,8,1.0,2
82045,SZ,11,2,4,9,1.0,2
82045,SZ,12,3,2,1,1.0,3
82045,SZ,12,3,2,2,1.0,3
82045,SZ,12,3,2,3,1.0,3
82045,SZ,12,3,2,4,0.6666666666666666,3
82045,SZ,12,3,2,5,1.0,3
82045,SZ,12,3,2,6,1.0,3
82045,SZ,12,3,2,7,1.0,3
82045,SZ,12,3,2,8,1.0,3
82045,SZ,12,3,2,9,0.6666666666666666,3
82045,SZ,13,5,3,1,0.4,5
82045,SZ,13,5,3,2,0.8,5
82045,SZ,13,5,3,3,0.6,5
82045,SZ,13,5,3,4,0.6,5
82045,SZ,13,5,3,5,0.6,5
82045,SZ,13,5,3,6,0.6,5
82045,SZ,13,5,3,7,0.8,5
82045,SZ,13,5,3,8,0.8,5
82045,SZ,13,5,3,9,0.8,5
82124,HC,1,6,1,1,0.3333333333333333,6
82124,HC,1,6,1,2,0.3333333333333333,6
82124,HC,1,6,1,3,0.5,6
82124,HC,1,6,1,4,0.3333333333333333,6
82124,HC,1,6,1,5,0.3333333333333333,6
82124,HC,1,6,1,6,0.5,6
82124,HC,1,6,1,7,0.6666666666666666,6
82124,HC,1,6,1,8,0.5,6
82124,HC,1,6,1,9,0.8333333333333334,6
82124,HC,2,2,1,1,0.5,2
82124,HC,2,2,1,2,1.0,2
82124,HC,2,2,1,3,1.0,2
82124,HC,2,2,1,4,1.0,2
82124,HC,2,2,1,5,1.0,2
82124,HC,2,2,1,6,1.0,2
82124,HC,2,2,1,7,1.0,2
82124,HC,2,2,1,8,1.0,2
82124,HC,2,2,1,9,1.0,2
82124,HC,3,3,1,1,0.3333333333333333,3
82124,HC,3,3,1,2,0.3333333333333333,3
82124,HC,3,3,1,3,0.6666666666666666,3
82124,HC,3,3,1,4,0.6666666666666666,3
82124,HC,3,3,1,5,0.6666666666666666,3
82124,HC,3,3,1,6,1.0,3
82124,HC,3,3,1,7,1.0,3
82124,HC,3,3,1,8,1.0,3
82124,HC,3,3,1,9,1.0,3
82124,HC,4,4,1,1,0.0,4
82124,HC,4,4,1,2,0.25,4
82124,HC,4,4,1,3,0.5,4
82124,HC,4,4,1,4,1.0,4
82124,HC,4,4,1,5,1.0,4
82124,HC,4,4,1,6,1.0,4
82124,HC,4,4,1,7,1.0,4
82124,HC,4,4,1,8,1.0,4
82124,HC,4,4,1,9,1.0,4
82124,HC,5,2,2,1,1.0,2
82124,HC,5,2,2,2,1.0,2
82124,HC,5,2,2,3,1.0,2
82124,HC,5,2,2,4,1.0,2
82124,HC,5,2,2,5,1.0,2
82124,HC,5,2,2,6,1.0,2
82124,HC,5,2,2,7,1.0,2
82124,HC,5,2,2,8,1.0,2
82124,HC,5,2,2,9,1.0,2
82124,HC,6,5,1,1,0.4,5
82124,HC,6,5,1,2,0.6,5
82124,HC,6,5,1,3,0.8,5
82124,HC,6,5,1,4,0.8,5
82124,HC,6,5,1,5,0.8,5
82124,HC,6,5,1,6,1.0,5
82124,HC,6,5,1,7,1.0,5
82124,HC,6,5,1,8,1.0,5
82124,HC,6,5,1,9,1.0,5
82124,HC,7,2,3,1,0.5,2
82124,HC,7,2,3,2,0.5,2
82124,HC,7,2,3,3,1.0,2
82124,HC,7,2,3,4,1.0,2
82124,HC,7,2,3,5,1.0,2
82124,HC,7,2,3,6,1.0,2
82124,HC,7,2,3,7,1.0,2
82124,HC,7,2,3,8,1.0,2
82124,HC,7,2,3,9,1.0,2
82124,HC,8,6,2,1,0.3333333333333333,6
82124,HC,8,6,2,2,0.3333333333333333,6
82124,HC,8,6,2,3,0.8333333333333334,6
82124,HC,8,6,2,4,0.8333333333333334,6
82124,HC,8,6,2,5,0.8333333333333334,6
82124,HC,8,6,2,6,0.8333333333333334,6
82124,HC,8,6,2,7,0.8333333333333334,6
82124,HC,8,6,2,8,0.8333333333333334,6
82124,HC,8,6,2,9,1.0,6
82124,HC,9,5,2,1,0.2,5
82124,HC,9,5,2,2,0.6,5
82124,HC,9,5,2,3,0.4,5
82124,HC,9,5,2,4,0.6,5
82124,HC,9,5,2,5,0.4,5
82124,HC,9,5,2,6,0.6,5
82124,HC,9,5,2,7,0.6,5
82124,HC,9,5,2,8,0.6,5
82124,HC,9,5,2,9,0.8,5
82124,HC,10,2,4,1,0.0,2
82124,HC,10,2,4,2,0.5,2
82124,HC,10,2,4,3,1.0,2
82124,HC,10,2,4,4,1.0,2
82124,HC,10,2,4,5,1.0,2
82124,HC,10,2,4,6,1.0,2
82124,HC,10,2,4,7,1.0,2
82124,HC,10,2,4,8,1.0,2
82124,HC,10,2,4,9,1.0,2
82124,HC,11,3,2,1,0.3333333333333333,3
82124,HC,11,3,2,2,0.6666666666666666,3
82124,HC,11,3,2,3,0.6666666666666666,3
82124,HC,11,3,2,4,1.0,3
82124,HC,11,3,2,5,1.0,3
82124,HC,11,3,2,6,1.0,3
82124,HC,11,3,2,7,1.0,3
82124,HC,11,3,2,8,0.6666666666666666,3
82124,HC,11,3,2,9,1.0,3
82124,HC,12,4,2,1,0.25,4
82124,HC,12,4,2,2,0.25,4
82124,HC,12,4,2,3,0.75,4
82124,HC,12,4,2,4,0.5,4
82124,HC,12,4,2,5,0.75,4
82124,HC,12,4,2,6,1.0,4
82124,HC,12,4,2,7,1.0,4
82124,HC,12,4,2,8,1.0,4
82124,HC,12,4,2,9,1.0,4
82124,HC,13,5,3,1,0.6,5
82124,HC,13,5,3,2,0.6,5
82124,HC,13,5,3,3,1.0,5
82124,HC,13,5,3,4,0.8,5
82124,HC,13,5,3,5,1.0,5
82124,HC,13,5,3,6,0.8,5
82124,HC,13,5,3,7,1.0,5
82124,HC,13,5,3,8,1.0,5
82124,HC,13,5,3,9,1.0,5
82214,HC,1,3,1,1,0.3333333333333333,3
82214,HC,1,3,1,2,0.6666666666666666,3
82214,HC,1,3,1,3,0.0,1
82214,HC,1,3,1,4,0.6666666666666666,3
82214,HC,1,3,1,5,0.6666666666666666,3
82214,HC,1,3,1,6,0.6666666666666666,3
82214,HC,1,3,1,7,0.6666666666666666,3
82214,HC,1,3,1,8,0.3333333333333333,3
82214,HC,1,3,1,9,0.3333333333333333,3
82214,HC,2,2,1,1,0.0,2
82214,HC,2,2,1,2,0.5,2
82214,HC,2,2,1,3,1.0,2
82214,HC,2,2,1,4,1.0,2
82214,HC,2,2,1,5,1.0,2
82214,HC,2,2,1,6,1.0,2
82214,HC,2,2,1,7,1.0,2
82214,HC,2,2,1,8,1.0,2
82214,HC,2,2,1,9,1.0,2
82214,HC,3,5,1,1,0.4,5
82214,HC,3,5,1,2,0.4,5
82214,HC,3,5,1,3,1.0,5
82214,HC,3,5,1,4,0.8,5
82214,HC,3,5,1,5,1.0,5
82214,HC,3,5,1,6,1.0,5
82214,HC,3,5,1,7,1.0,5
82214,HC,3,5,1,8,1.0,5
82214,HC,3,5,1,9,1.0,5
82214,HC,4,2,2,1,0.5,2
82214,HC,4,2,2,2,0.5,2
82214,HC,4,2,2,3,1.0,2
82214,HC,4,2,2,4,1.0,2
82214,HC,4,2,2,5,1.0,2
82214,HC,4,2,2,6,1.0,2
82214,HC,4,2,2,7,1.0,2
82214,HC,4,2,2,8,0.5,2
82214,HC,4,2,2,9,1.0,2
82214,HC,5,4,1,1,0.5,4
82214,HC,5,4,1,2,0.5,4
82214,HC,5,4,1,3,1.0,4
82214,HC,5,4,1,4,1.0,4
82214,HC,5,4,1,5,1.0,4
82214,HC,5,4,1,6,1.0,4
82214,HC,5,4,1,7,1.0,4
82214,HC,5,4,1,8,1.0,4
82214,HC,5,4,1,9,1.0,4
82214,HC,6,2,3,1,0.5,2
82214,HC,6,2,3,2,0.5,2
82214,HC,6,2,3,3,1.0,2
82214,HC,6,2,3,4,1.0,2
82214,HC,6,2,3,5,1.0,2
82214,HC,6,2,3,6,0.5,2
82214,HC,6,2,3,7,1.0,2
82214,HC,6,2,3,8,1.0,2
82214,HC,6,2,3,9,1.0,2
82214,HC,7,6,1,1,0.3333333333333333,6
82214,HC,7,6,1,2,0.5,6
82214,HC,7,6,1,3,0.5,6
82214,HC,7,6,1,4,0.8333333333333334,6
82214,HC,7,6,1,5,0.8333333333333334,6
82214,HC,7,6,1,6,1.0,6
82214,HC,7,6,1,7,1.0,6
82214,HC,7,6,1,8,1.0,6
82214,HC,7,6,1,9,1.0,6
82214,HC,8,5,2,1,0.2,5
82214,HC,8,5,2,2,0.4,5
82214,HC,8,5,2,3,0.8,5
82214,HC,8,5,2,4,0.8,5
82214,HC,8,5,2,5,0.8,5
82214,HC,8,5,2,6,1.0,5
82214,HC,8,5,2,7,1.0,5
82214,HC,8,5,2,8,1.0,5
82214,HC,8,5,2,9,1.0,5
82214,HC,9,6,2,1,0.16666666666666666,6
82214,HC,9,6,2,2,0.6666666666666666,6
82214,HC,9,6,2,3,0.8333333333333334,6
82214,HC,9,6,2,4,1.0,6
82214,HC,9,6,2,5,1.0,6
82214,HC,9,6,2,6,1.0,6
82214,HC,9,6,2,7,1.0,6
82214,HC,9,6,2,8,1.0,6
82214,HC,9,6,2,9,1.0,6
82214,HC,10,3,2,1,1.0,3
82214,HC,10,3,2,2,1.0,3
82214,HC,10,3,2,3,1.0,3
82214,HC,10,3,2,4,1.0,3
82214,HC,10,3,2,5,1.0,3
82214,HC,10,3,2,6,1.0,3
82214,HC,10,3,2,7,1.0,3
82214,HC,10,3,2,8,1.0,3
82214,HC,10,3,2,9,1.0,3
82214,HC,11,2,4,1,0.0,2
82214,HC,11,2,4,2,1.0,2
82214,HC,11,2,4,3,1.0,2
82214,HC,11,2,4,4,1.0,2
82214,HC,11,2,4,5,1.0,2
82214,HC,11,2,4,6,1.0,2
82214,HC,11,2,4,7,1.0,2
82214,HC,11,2,4,8,1.0,2
82214,HC,11,2,4,9,1.0,2
82214,HC,12,5,3,1,0.4,5
82214,HC,12,5,3,2,0.6,5
82214,HC,12,5,3,3,0.8,5
82214,HC,12,5,3,4,0.8,5
82214,HC,12,5,3,5,1.0,5
82214,HC,12,5,3,6,1.0,5
82214,HC,12,5,3,7,0.8,5
82214,HC,12,5,3,8,1.0,5
82214,HC,12,5,3,9,1.0,5
82214,HC,13,4,2,1,0.5,4
82214,HC,13,4,2,2,0.25,4
82214,HC,13,4,2,3,0.5,4
82214,HC,13,4,2,4,0.75,4
82214,HC,13,4,2,5,0.5,4
82214,HC,13,4,2,6,1.0,4
82214,HC,13,4,2,7,0.75,4
82214,HC,13,4,2,8,1.0,4
82214,HC,13,4,2,9,1.0,4
82236,HC,1,5,1,1,0.2,5
82236,HC,1,5,1,2,0.6,5
82236,HC,1,5,1,3,0.4,5
82236,HC,1,5,1,4,0.8,5
82236,HC,1,5,1,5,0.6,5
82236,HC,1,5,1,6,0.2,5
82236,HC,1,5,1,7,0.8,5
82236,HC,1,5,1,8,0.8,5
82236,HC,1,5,1,9,0.4,5
82236,HC,2,3,1,1,0.0,3
82236,HC,2,3,1,2,0.3333333333333333,3
82236,HC,2,3,1,3,0.6666666666666666,3
82236,HC,2,3,1,4,0.6666666666666666,3
82236,HC,2,3,1,5,0.6666666666666666,3
82236,HC,2,3,1,6,0.6666666666666666,3
82236,HC,2,3,1,7,0.6666666666666666,3
82236,HC,2,3,1,8,1.0,3
82236,HC,2,3,1,9,1.0,3
82236,HC,3,4,1,1,0.0,4
82236,HC,3,4,1,2,1.0,4
82236,HC,3,4,1,3,1.0,4
82236,HC,3,4,1,4,0.75,4
82236,HC,3,4,1,5,1.0,4
82236,HC,3,4,1,6,1.0,4
82236,HC,3,4,1,7,1.0,4
82236,HC,3,4,1,8,1.0,4
82236,HC,3,4,1,9,1.0,4
82236,HC,4,2,1,1,0.0,2
82236,HC,4,2,1,2,0.0,2
82236,HC,4,2,1,3,1.0,2
82236,HC,4,2,1,4,0.5,2
82236,HC,4,2,1,5,0.5,2
82236,HC,4,2,1,6,1.0,2
82236,HC,4,2,1,7,1.0,2
82236,HC,4,2,1,8,1.0,2
82236,HC,4,2,1,9,1.0,2
82236,HC,5,2,2,1,1.0,2
82236,HC,5,2,2,2,1.0,2
82236,HC,5,2,2,3,1.0,2
82236,HC,5,2,2,4,1.0,2
82236,HC,5,2,2,5,1.0,2
82236,HC,5,2,2,6,1.0,2
82236,HC,5,2,2,7,1.0,2
82236,HC,5,2,2,8,1.0,2
82236,HC,5,2,2,9,1.0,2
82236,HC,6,2,3,1,0.5,2
82236,HC,6,2,3,2,0.0,2
82236,HC,6,2,3,3,1.0,2
82236,HC,6,2,3,4,0.0,2
82236,HC,6,2,3,5,1.0,2
82236,HC,6,2,3,6,1.0,2
82236,HC,6,2,3,7,1.0,2
82236,HC,6,2,3,8,0.5,2
82236,HC,6,2,3,9,1.0,2
82236,HC,7,6,1,1,0.16666666666666666,6
82236,HC,7,6,1,2,0.16666666666666666,6
82236,HC,7,6,1,3,0.3333333333333333,6
82236,HC,7,6,1,4,0.3333333333333333,6
82236,HC,7,6,1,5,0.3333333333333333,6
82236,HC,7,6,1,6,0.3333333333333333,6
82236,HC,7,6,1,7,0.3333333333333333,6
82236,HC,7,6,1,8,0.5,6
82236,HC,7,6,1,9,0.3333333333333333,6
82236,HC,8,5,2,1,0.4,5
82236,HC,8,5,2,2,0.8,5
82236,HC,8,5,2,3,0.8,5
82236,HC,8,5,2,4,0.6,5
82236,HC,8,5,2,5,0.8,5
82236,HC,8,5,2,6,0.8,5
82236,HC,8,5,2,7,0.8,5
82236,HC,8,5,2,8,1.0,5
82236,HC,8,5,2,9,1.0,5
82236,HC,9,6,2,1,0.5,6
82236,HC,9,6,2,2,0.6666666666666666,6
82236,HC,9,6,2,3,0.3333333333333333,6
82236,HC,9,6,2,4,0.6666666666666666,6
82236,HC,9,6,2,5,0.6666666666666666,6
82236,HC,9,6,2,6,0.8333333333333334,6
82236,HC,9,6,2,7,0.8333333333333334,6
82236,HC,9,6,2,8,0.8333333333333334,6
82236,HC,9,6,2,9,0.8333333333333334,6
82236,HC,10,5,3,1,0.0,5
82236,HC,10,5,3,2,0.2,5
82236,HC,10,5,3,3,0.8,5
82236,HC,10,5,3,4,0.6,5
82236,HC,10,5,3,5,0.6,5
82236,HC,10,5,3,6,1.0,5
82236,HC,10,5,3,7,1.0,5
82236,HC,10,5,3,8,1.0,5
82236,HC,10,5,3,9,1.0,5
82236,HC,11,3,2,1,0.3333333333333333,3
82236,HC,11,3,2,2,0.6666666666666666,3
82236,HC,11,3,2,3,1.0,3
82236,HC,11,3,2,4,0.6666666666666666,3
82236,HC,11,3,2,5,0.3333333333333333,3
82236,HC,11,3,2,6,0.3333333333333333,3
82236,HC,11,3,2,7,0.3333333333333333,3
82236,HC,11,3,2,8,0.6666666666666666,3
82236,HC,11,3,2,9,1.0,3
82236,HC,12,4,2,1,0.25,4
82236,HC,12,4,2,2,0.75,4
82236,HC,12,4,2,3,0.5,4
82236,HC,12,4,2,4,0.5,4
82236,HC,12,4,2,5,0.5,4
82236,HC,12,4,2,6,0.25,4
82236,HC,12,4,2,7,1.0,4
82236,HC,12,4,2,8,1.0,4
82236,HC,12,4,2,9,0.75,4
82236,HC,13,2,4,1,0.0,2
82236,HC,13,2,4,2,0.5,2
82236,HC,13,2,4,3,1.0,2
82236,HC,13,2,4,4,1.0,2
82236,HC,13,2,4,5,0.5,2
82236,HC,13,2,4,6,1.0,2
82236,HC,13,2,4,7,1.0,2
82236,HC,13,2,4,8,1.0,2
82236,HC,13,2,4,9,1.0,2
82372,HC,1,3,1,1,0.6666666666666666,3
82372,HC,1,3,1,2,1.0,3
82372,HC,1,3,1,3,1.0,3
82372,HC,1,3,1,4,1.0,3
82372,HC,1,3,1,5,1.0,3
82372,HC,1,3,1,6,1.0,3
82372,HC,1,3,1,7,1.0,3
82372,HC,1,3,1,8,1.0,3
82372,HC,1,3,1,9,1.0,3
82372,HC,2,6,1,1,0.3333333333333333,6
82372,HC,2,6,1,2,0.3333333333333333,6
82372,HC,2,6,1,3,0.5,6
82372,HC,2,6,1,4,0.3333333333333333,6
82372,HC,2,6,1,5,0.6666666666666666,6
82372,HC,2,6,1,6,0.6666666666666666,6
82372,HC,2,6,1,7,0.8333333333333334,6
82372,HC,2,6,1,8,0.6666666666666666,6
82372,HC,2,6,1,9,0.5,6
82372,HC,3,2,1,1,0.5,2
82372,HC,3,2,1,2,1.0,2
82372,HC,3,2,1,3,1.0,2
82372,HC,3,2,1,4,0.5,2
82372,HC,3,2,1,5,1.0,2
82372,HC,3,2,1,6,1.0,2
82372,HC,3,2,1,7,1.0,2
82372,HC,3,2,1,8,1.0,2
82372,HC,3,2,1,9,1.0,2
82372,HC,4,2,2,1,0.0,2
82372,HC,4,2,2,2,0.5,2
82372,HC,4,2,2,3,1.0,2
82372,HC,4,2,2,4,1.0,2
82372,HC,4,2,2,5,1.0,2
82372,HC,4,2,2,6,1.0,2
82372,HC,4,2,2,7,1.0,2
82372,HC,4,2,2,8,1.0,2
82372,HC,4,2,2,9,1.0,2
82372,HC,5,2,3,1,0.5,2
82372,HC,5,2,3,2,1.0,2
82372,HC,5,2,3,3,1.0,2
82372,HC,5,2,3,4,1.0,2
82372,HC,5,2,3,5,1.0,2
82372,HC,5,2,3,6,1.0,2
82372,HC,5,2,3,7,1.0,2
82372,HC,5,2,3,8,1.0,2
82372,HC,5,2,3,9,1.0,2
82372,HC,6,4,1,1,0.0,4
82372,HC,6,4,1,2,0.5,4
82372,HC,6,4,1,3,0.75,4
82372,HC,6,4,1,4,0.75,4
82372,HC,6,4,1,5,0.75,4
82372,HC,6,4,1,6,1.0,4
82372,HC,6,4,1,7,1.0,4
82372,HC,6,4,1,8,1.0,4
82372,HC,6,4,1,9,1.0,4
82372,HC,7,5,1,1,0.2,5
82372,HC,7,5,1,2,0.4,5
82372,HC,7,5,1,3,0.4,5
82372,HC,7,5,1,4,0.8,5
82372,HC,7,5,1,5,0.8,5
82372,HC,7,5,1,6,1.0,5
82372,HC,7,5,1,7,0.8,5
82372,HC,7,5,1,8,0.8,5
82372,HC,7,5,1,9,0.8,5
82372,HC,8,6,2,1,0.6666666666666666,6
82372,HC,8,6,2,2,1.0,6
82372,HC,8,6,2,3,0.5,6
82372,HC,8,6,2,4,1.0,6
82372,HC,8,6,2,5,1.0,6
82372,HC,8,6,2,6,1.0,6
82372,HC,8,6,2,7,1.0,6
82372,HC,8,6,2,8,1.0,6
82372,HC,8,6,2,9,1.0,6
82372,HC,9,5,2,1,0.4,5
82372,HC,9,5,2,2,0.4,5
82372,HC,9,5,2,3,1.0,5
82372,HC,9,5,2,4,1.0,5
82372,HC,9,5,2,5,1.0,5
82372,HC,9,5,2,6,1.0,5
82372,HC,9,5,2,7,1.0,5
82372,HC,9,5,2,8,1.0,5
82372,HC,9,5,2,9,1.0,5
82372,HC,10,3,2,1,0.3333333333333333,3
82372,HC,10,3,2,2,0.3333333333333333,3
82372,HC,10,3,2,3,1.0,3
82372,HC,10,3,2,4,1.0,3
82372,HC,10,3,2,5,1.0,3
82372,HC,10,3,2,6,1.0,3
82372,HC,10,3,2,7,1.0,3
82372,HC,10,3,2,8,1.0,3
82372,HC,10,3,2,9,1.0,3
82372,HC,11,2,4,1,0.5,2
82372,HC,11,2,4,2,0.5,2
82372,HC,11,2,4,3,1.0,2
82372,HC,11,2,4,4,1.0,2
82372,HC,11,2,4,5,1.0,2
82372,HC,11,2,4,6,1.0,2
82372,HC,11,2,4,7,1.0,2
82372,HC,11,2,4,8,1.0,2
82372,HC,11,2,4,9,1.0,2
82372,HC,12,4,2,1,0.5,4
82372,HC,12,4,2,2,0.75,4
82372,HC,12,4,2,3,0.75,4
82372,HC,12,4,2,4,1.0,4
82372,HC,12,4,2,5,1.0,4
82372,HC,12,4,2,6,1.0,4
82372,HC,12,4,2,7,1.0,4
82372,HC,12,4,2,8,1.0,4
82372,HC,12,4,2,9,1.0,4
82372,HC,13,5,3,1,0.4,5
82372,HC,13,5,3,2,1.0,5
82372,HC,13,5,3,3,1.0,5
82372,HC,13,5,3,4,1.0,5
82372,HC,13,5,3,5,1.0,5
82372,HC,13,5,3,6,1.0,5
82372,HC,13,5,3,7,1.0,5
82372,HC,13,5,3,8,1.0,5
82372,HC,13,5,3,9,1.0,5
82383,HC,1,2,1,1,0.5,2
82383,HC,1,2,1,2,0.5,2
82383,HC,1,2,1,3,0.5,2
82383,HC,1,2,1,4,1.0,2
82383,HC,1,2,1,5,1.0,2
82383,HC,1,2,1,6,1.0,2
82383,HC,1,2,1,7,1.0,2
82383,HC,1,2,1,8,1.0,2
82383,HC,1,2,1,9,1.0,2
82383,HC,2,2,2,1,0.5,2
82383,HC,2,2,2,2,0.5,2
82383,HC,2,2,2,3,1.0,2
82383,HC,2,2,2,4,1.0,2
82383,HC,2,2,2,5,1.0,2
82383,HC,2,2,2,6,1.0,2
82383,HC,2,2,2,7,1.0,2
82383,HC,2,2,2,8,1.0,2
82383,HC,2,2,2,9,1.0,2
82383,HC,3,3,1,1,1.0,3
82383,HC,3,3,1,2,1.0,3
82383,HC,3,3,1,3,1.0,3
82383,HC,3,3,1,4,1.0,3
82383,HC,3,3,1,5,1.0,3
82383,HC,3,3,1,6,1.0,3
82383,HC,3,3,1,7,1.0,3
82383,HC,3,3,1,8,1.0,3
82383,HC,3,3,1,9,1.0,3
82383,HC,4,5,1,1,0.2,5
82383,HC,4,5,1,2,0.6,5
82383,HC,4,5,1,3,0.4,5
82383,HC,4,5,1,4,0.4,5
82383,HC,4,5,1,5,0.4,5
82383,HC,4,5,1,6,0.4,5
82383,HC,4,5,1,7,0.8,5
82383,HC,4,5,1,8,0.6,5
82383,HC,4,5,1,9,1.0,5
82383,HC,5,6,1,1,0.3333333333333333,6
82383,HC,5,6,1,2,0.6666666666666666,6
82383,HC,5,6,1,3,0.6666666666666666,6
82383,HC,5,6,1,4,0.8333333333333334,6
82383,HC,5,6,1,5,1.0,6
82383,HC,5,6,1,6,1.0,6
82383,HC,5,6,1,7,1.0,6
82383,HC,5,6,1,8,1.0,6
82383,HC,5,6,1,9,1.0,6
82383,HC,6,4,1,1,0.0,4
82383,HC,6,4,1,2,0.5,4
82383,HC,6,4,1,3,0.75,4
82383,HC,6,4,1,4,1.0,4
82383,HC,6,4,1,5,1.0,4
82383,HC,6,4,1,6,1.0,4
82383,HC,6,4,1,7,1.0,4
82383,HC,6,4,1,8,1.0,4
82383,HC,6,4,1,9,1.0,4
82383,HC,7,2,3,1,1.0,2
82383,HC,7,2,3,2,1.0,2
82383,HC,7,2,3,3,1.0,2
82383,HC,7,2,3,4,1.0,2
82383,HC,7,2,3,5,1.0,2
82383,HC,7,2,3,6,1.0,2
82383,HC,7,2,3,7,1.0,2
82383,HC,7,2,3,8,1.0,2
82383,HC,7,2,3,9,1.0,2
82383,HC,8,5,2,1,0.6,5
82383,HC,8,5,2,2,0.6,5
82383,HC,8,5,2,3,1.0,5
82383,HC,8,5,2,4,1.0,5
82383,HC,8,5,2,5,1.0,5
82383,HC,8,5,2,6,1.0,5
82383,HC,8,5,2,7,1.0,5
82383,HC,8,5,2,8,1.0,5
82383,HC,8,5,2,9,1.0,5
82383,HC,9,6,2,1,0.16666666666666666,6
82383,HC,9,6,2,2,0.5,6
82383,HC,9,6,2,3,0.3333333333333333,6
82383,HC,9,6,2,4,0.6666666666666666,6
82383,HC,9,6,2,5,0.8333333333333334,6
82383,HC,9,6,2,6,0.5,6
82383,HC,9,6,2,7,0.6666666666666666,6
82383,HC,9,6,2,8,0.5,6
82383,HC,9,6,2,9,0.8333333333333334,6
82383,HC,10,2,4,1,0.0,2
82383,HC,10,2,4,2,0.5,2
82383,HC,10,2,4,3,1.0,2
82383,HC,10,2,4,4,1.0,2
82383,HC,10,2,4,5,1.0,2
82383,HC,10,2,4,6,1.0,2
82383,HC,10,2,4,7,1.0,2
82383,HC,10,2,4,8,1.0,2
82383,HC,10,2,4,9,1.0,2
82383,HC,11,3,2,1,0.0,3
82383,HC,11,3,2,2,1.0,3
82383,HC,11,3,2,3,0.6666666666666666,3
82383,HC,11,3,2,4,1.0,3
82383,HC,11,3,2,5,1.0,3
82383,HC,11,3,2,6,1.0,3
82383,HC,11,3,2,7,1.0,3
82383,HC,11,3,2,8,1.0,3
82383,HC,11,3,2,9,1.0,3
82383,HC,12,5,3,1,0.4,5
82383,HC,12,5,3,2,0.6,5
82383,HC,12,5,3,3,0.6,5
82383,HC,12,5,3,4,1.0,5
82383,HC,12,5,3,5,1.0,5
82383,HC,12,5,3,6,1.0,5
82383,HC,12,5,3,7,1.0,5
82383,HC,12,5,3,8,1.0,5
82383,HC,12,5,3,9,1.0,5
82383,HC,13,4,2,1,0.25,4
82383,HC,13,4,2,2,0.5,4
82383,HC,13,4,2,3,1.0,4
82383,HC,13,4,2,4,0.75,4
82383,HC,13,4,2,5,1.0,4
82383,HC,13,4,2,6,1.0,4
82383,HC,13,4,2,7,1.0,4
82383,HC,13,4,2,8,1.0,4
82383,HC,13,4,2,9,1.0,4
82462,HC,1,3,1,1,0.0,3
82462,HC,1,3,1,2,0.3333333333333333,3
82462,HC,1,3,1,3,0.6666666666666666,3
82462,HC,1,3,1,4,0.6666666666666666,3
82462,HC,1,3,1,5,1.0,3
82462,HC,1,3,1,6,1.0,3
82462,HC,1,3,1,7,1.0,3
82462,HC,1,3,1,8,1.0,3
82462,HC,1,3,1,9,1.0,3
82462,HC,2,2,1,1,0.0,2
82462,HC,2,2,1,2,0.0,2
82462,HC,2,2,1,3,0.5,2
82462,HC,2,2,1,4,0.5,2
82462,HC,2,2,1,5,1.0,2
82462,HC,2,2,1,6,1.0,2
82462,HC,2,2,1,7,1.0,2
82462,HC,2,2,1,8,1.0,2
82462,HC,2,2,1,9,1.0,2
82462,HC,3,6,1,1,0.3333333333333333,6
82462,HC,3,6,1,2,0.6666666666666666,6
82462,HC,3,6,1,3,0.3333333333333333,6
82462,HC,3,6,1,4,0.6666666666666666,6
82462,HC,3,6,1,5,0.5,6
82462,HC,3,6,1,6,0.6666666666666666,6
82462,HC,3,6,1,7,0.8333333333333334,6
82462,HC,3,6,1,8,0.6666666666666666,6
82462,HC,3,6,1,9,0.8333333333333334,6
82462,HC,4,2,2,1,0.0,2
82462,HC,4,2,2,2,0.0,2
82462,HC,4,2,2,3,0.5,2
82462,HC,4,2,2,4,0.5,2
82462,HC,4,2,2,5,1.0,2
82462,HC,4,2,2,6,0.5,2
82462,HC,4,2,2,7,1.0,2
82462,HC,4,2,2,8,1.0,2
82462,HC,4,2,2,9,0.5,2
82462,HC,5,5,1,1,0.4,5
82462,HC,5,5,1,2,0.6,5
82462,HC,5,5,1,3,0.4,5
82462,HC,5,5,1,4,0.4,5
82462,HC,5,5,1,5,0.4,5
82462,HC,5,5,1,6,0.4,5
82462,HC,5,5,1,7,0.4,5
82462,HC,5,5,1,8,0.2,5
82462,HC,5,5,1,9,0.6,5
82462,HC,6,2,3,1,0.0,2
82462,HC,6,2,3,2,1.0,2
82462,HC,6,2,3,3,1.0,2
82462,HC,6,2,3,4,1.0,2
82462,HC,6,2,3,5,1.0,2
82462,HC,6,2,3,6,1.0,2
82462,HC,6,2,3,7,1.0,2
82462,HC,6,2,3,8,1.0,2
82462,HC,6,2,3,9,1.0,2
82462,HC,7,4,1,1,0.0,4
82462,HC,7,4,1,2,0.5,4
82462,HC,7,4,1,3,0.5,4
82462,HC,7,4,1,4,1.0,4
82462,HC,7,4,1,5,1.0,4
82462,HC,7,4,1,6,0.75,4
82462,HC,7,4,1,7,0.75,4
82462,HC,7,4,1,8,0.75,4
82462,HC,7,4,1,9,0.75,4
82462,HC,8,6,2,1,0.6,5
82462,HC,8,6,2,2,0.5,6
82462,HC,8,6,2,3,0.3333333333333333,6
82462,HC,8,6,2,4,0.6666666666666666,6
82462,HC,8,6,2,5,0.6,5
82462,HC,8,6,2,6,0.8333333333333334,6
82462,HC,8,6,2,7,0.8333333333333334,6
82462,HC,8,6,2,8,0.8333333333333334,6
82462,HC,8,6,2,9,0.8333333333333334,6
82462,HC,9,5,2,1,0.2,5
82462,HC,9,5,2,2,0.4,5
82462,HC,9,5,2,3,0.6,5
82462,HC,9,5,2,4,0.6,5
82462,HC,9,5,2,5,0.6,5
82462,HC,9,5,2,6,0.8,5
82462,HC,9,5,2,7,1.0,5
82462,HC,9,5,2,8,1.0,5
82462,HC,9,5,2,9,1.0,5
82462,HC,10,3,2,1,0.3333333333333333,3
82462,HC,10,3,2,2,0.6666666666666666,3
82462,HC,10,3,2,3,1.0,3
82462,HC,10,3,2,4,0.6666666666666666,3
82462,HC,10,3,2,5,1.0,3
82462,HC,10,3,2,6,1.0,3
82462,HC,10,3,2,7,1.0,3
82462,HC,10,3,2,8,1.0,3
82462,HC,10,3,2,9,1.0,3
82462,HC,11,2,4,1,0.5,2
82462,HC,11,2,4,2,1.0,2
82462,HC,11,2,4,3,1.0,2
82462,HC,11,2,4,4,1.0,2
82462,HC,11,2,4,5,1.0,2
82462,HC,11,2,4,6,1.0,2
82462,HC,11,2,4,7,1.0,2
82462,HC,11,2,4,8,1.0,2
82462,HC,11,2,4,9,1.0,2
82462,HC,12,5,3,1,0.2,5
82462,HC,12,5,3,2,0.4,5
82462,HC,12,5,3,3,0.8,5
82462,HC,12,5,3,4,0.6,5
82462,HC,12,5,3,5,0.6,5
82462,HC,12,5,3,6,0.6,5
82462,HC,12,5,3,7,0.6,5
82462,HC,12,5,3,8,0.6,5
82462,HC,12,5,3,9,0.6,5
82462,HC,13,4,2,1,0.25,4
82462,HC,13,4,2,2,0.75,4
82462,HC,13,4,2,3,0.5,4
82462,HC,13,4,2,4,0.75,4
82462,HC,13,4,2,5,1.0,4
82462,HC,13,4,2,6,1.0,4
82462,HC,13,4,2,7,1.0,4
82462,HC,13,4,2,8,0.75,4
82462,HC,13,4,2,9,1.0,4
