subject,block,set_size,group,block_order,set_size_exposure,accuracy_iter1_9,n_trials_iter1_9,iteration2_accuracy,n_iteration2,positive_retention,n_positive,negative_avoidance,n_negative,correct_after_error,n_correct_after_error,mean_chosen_error,mean_unchosen_error,error_avoidance_D,n_error_trials
1,1,2,All,1,1,0.6111111111111112,18,0.0,2,,0,0.5,2,0.0,2,0.8,1.0,0.2,5.0
1,2,3,All,2,1,0.9259259259259259,27,0.6666666666666666,3,1.0,2,1.0,1,0.0,1,0.0,1.0,1.0,1.0
1,3,2,All,3,2,0.75,16,0.0,2,,0,1.0,2,0.0,2,0.0,1.0,1.0,2.0
1,4,5,All,4,1,0.8444444444444444,45,0.6,5,1.0,2,0.6666666666666666,3,0.3333333333333333,3,0.75,1.0,0.25,4.0
1,5,6,All,5,1,0.42592592592592593,54,0.3333333333333333,6,,0,1.0,6,0.3333333333333333,6,1.8275862068965518,1.9655172413793103,0.13793103448275862,29.0
1,6,4,All,6,1,0.6666666666666666,36,0.5,4,0.5,2,1.0,2,0.5,2,0.8,1.1,0.3,10.0
1,7,2,All,7,3,0.9444444444444444,18,1.0,2,1.0,1,1.0,1,1.0,1,,,,
1,8,3,All,8,2,0.7777777777777778,27,0.3333333333333333,3,,0,0.6666666666666666,3,0.3333333333333333,3,0.6666666666666666,0.6666666666666666,0.0,3.0
1,9,6,All,9,2,0.37037037037037035,54,0.6666666666666666,6,0.75,4,1.0,2,0.5,2,2.0476190476190474,1.8333333333333333,-0.21428571428571427,42.0
1,10,5,All,10,2,0.8444444444444444,45,0.6,5,1.0,2,0.3333333333333333,3,0.3333333333333333,3,0.5,1.0,0.5,6.0
1,11,4,All,11,2,0.9444444444444444,36,0.75,4,1.0,3,1.0,1,0.0,1,0.0,1.0,1.0,1.0
1,12,2,All,12,4,0.7777777777777778,18,0.5,2,,0,1.0,2,0.5,2,0.5,1.0,0.5,2.0
1,13,3,All,13,3,0.9259259259259259,27,1.0,3,1.0,1,1.0,2,1.0,2,,,,
1,14,2,All,14,5,0.8333333333333334,18,0.5,2,1.0,1,1.0,1,0.0,1,0.0,0.5,0.5,2.0
1,15,5,All,15,3,0.6444444444444445,45,0.6,5,0.5,2,1.0,3,0.6666666666666666,3,1.6428571428571428,0.35714285714285715,-1.2857142857142858,14.0
1,16,6,All,16,3,0.8888888888888888,54,0.8333333333333334,6,1.0,3,0.6666666666666666,3,0.6666666666666666,3,1.0,0.0,-1.0,3.0
1,17,4,All,17,3,0.8055555555555556,36,0.75,4,,0,1.0,4,0.75,4,0.3333333333333333,0.6666666666666666,0.3333333333333333,3.0
1,18,2,All,18,6,1.0,18,1.0,2,1.0,2,,0,,0,,,,
2,1,3,All,1,1,0.8888888888888888,27,0.6666666666666666,3,1.0,1,0.5,2,0.5,2,1.0,0.0,-1.0,1.0
2,2,5,All,2,1,0.8181818181818182,44,0.6,5,,0,1.0,5,0.6,5,0.3333333333333333,1.0,0.6666666666666666,3.0
2,3,2,All,3,1,0.9444444444444444,18,1.0,2,1.0,1,1.0,1,1.0,1,,,,
2,4,4,All,4,1,0.9722222222222222,36,1.0,4,1.0,3,1.0,1,1.0,1,,,,
2,5,2,All,5,2,0.7777777777777778,18,0.0,2,,0,1.0,2,0.0,2,0.0,1.0,1.0,2.0
2,6,3,All,6,2,0.9259259259259259,27,1.0,3,1.0,1,1.0,2,1.0,2,,,,
2,7,6,All,7,1,0.8333333333333334,54,0.5,6,1.0,2,1.0,4,0.25,4,0.2,0.8,0.6,5.0
2,8,2,All,8,3,1.0,18,1.0,2,1.0,2,,0,,0,,,,
2,9,4,All,9,2,0.8888888888888888,36,0.75,4,1.0,2,1.0,2,0.5,2,0.0,1.0,1.0,2.0
2,10,5,All,10,2,0.8181818181818182,44,0.8,5,1.0,1,1.0,4,0.75,4,0.5,0.5,0.0,4.0
2,11,6,All,11,2,0.8518518518518519,54,0.6666666666666666,6,1.0,2,0.75,4,0.5,4,0.75,1.0,0.25,4.0
2,12,3,All,12,3,0.8888888888888888,27,0.6666666666666666,3,1.0,2,1.0,1,0.0,1,0.0,0.5,0.5,2.0
2,13,5,All,13,3,0.8888888888888888,45,0.6,5,1.0,2,1.0,3,0.3333333333333333,3,0.0,1.0,1.0,2.0
2,14,2,All,14,4,0.9444444444444444,18,1.0,2,1.0,1,1.0,1,1.0,1,,,,
2,15,4,All,15,3,0.7777777777777778,36,0.5,4,,0,1.0,4,0.5,4,0.75,1.0,0.25,4.0
2,16,2,All,16,5,0.9444444444444444,18,1.0,2,1.0,1,1.0,1,1.0,1,,,,
2,17,3,All,17,4,0.9259259259259259,27,1.0,3,1.0,1,1.0,2,1.0,2,,,,
2,18,6,All,18,3,0.8679245283018868,53,1.0,5,1.0,2,1.0,3,1.0,3,0.3333333333333333,0.6666666666666666,0.3333333333333333,3.0
3,1,5,All,1,1,0.6363636363636364,44,0.6,5,1.0,1,1.0,4,0.5,4,1.25,1.5,0.25,12.0
3,2,4,All,2,1,0.7222222222222222,36,0.25,4,,0,1.0,4,0.25,4,0.3333333333333333,1.0,0.6666666666666666,6.0
3,3,3,All,3,1,0.8888888888888888,27,0.6666666666666666,3,1.0,2,1.0,1,0.0,1,0.0,0.5,0.5,2.0
3,4,3,All,4,2,0.8888888888888888,27,1.0,3,,0,1.0,3,1.0,3,,,,
3,5,2,All,5,1,0.8888888888888888,18,1.0,2,,0,1.0,2,1.0,2,,,,
3,6,2,All,6,2,0.8461538461538461,13,0.5,2,1.0,1,1.0,1,0.0,1,0.0,1.0,1.0,1.0
3,7,2,All,7,3,0.8333333333333334,18,0.5,2,,0,1.0,2,0.5,2,0.0,1.0,1.0,1.0
3,8,6,All,8,1,0.8518518518518519,54,0.6666666666666666,6,0.6666666666666666,3,1.0,3,0.6666666666666666,3,0.6,0.8,0.2,5.0
3,9,5,All,9,2,0.7111111111111111,45,0.6,5,,0,0.8,5,0.6,5,1.25,0.75,-0.5,8.0
3,10,4,All,10,2,0.8611111111111112,36,0.75,4,1.0,1,1.0,3,0.6666666666666666,3,0.5,1.0,0.5,2.0
3,11,6,All,11,2,0.7169811320754716,53,0.5,6,0.5,2,0.6666666666666666,3,0.6666666666666666,3,1.1666666666666667,1.0,-0.16666666666666666,12.0
3,12,5,All,12,3,0.9111111111111111,45,0.8,5,1.0,3,1.0,2,0.5,2,0.5,1.0,0.5,2.0
3,13,4,All,13,3,0.8333333333333334,36,0.5,4,1.0,1,1.0,3,0.3333333333333333,3,0.3333333333333333,1.0,0.6666666666666666,3.0
3,14,3,All,14,3,0.8888888888888888,27,0.6666666666666666,3,1.0,1,1.0,2,0.5,2,0.0,1.0,1.0,1.0
3,15,3,All,15,4,0.8888888888888888,27,1.0,3,1.0,1,1.0,2,1.0,2,1.0,0.0,-1.0,1.0
3,16,2,All,16,4,0.9444444444444444,18,1.0,2,1.0,1,1.0,1,1.0,1,,,,
3,17,2,All,17,5,0.8888888888888888,18,0.5,2,1.0,1,1.0,1,0.0,1,0.0,1.0,1.0,1.0
3,18,2,All,18,6,0.7777777777777778,18,0.5,2,,0,1.0,2,0.5,2,0.0,1.0,1.0,2.0
4,1,4,All,1,1,0.8611111111111112,36,0.5,4,1.0,2,1.0,2,0.0,2,0.3333333333333333,1.0,0.6666666666666666,3.0
4,2,3,All,2,1,0.9259259259259259,27,1.0,3,1.0,2,1.0,1,1.0,1,0.0,0.0,0.0,1.0
4,3,5,All,3,1,0.7555555555555555,45,0.4,5,0.5,2,0.6666666666666666,3,0.3333333333333333,3,0.875,0.875,0.0,8.0
4,4,2,All,4,1,0.8333333333333334,18,0.5,2,,0,1.0,2,0.5,2,0.0,1.0,1.0,1.0
4,5,3,All,5,2,0.7407407407407407,27,0.3333333333333333,3,,0,1.0,3,0.3333333333333333,3,0.75,1.0,0.25,4.0
4,6,6,All,6,1,0.7407407407407407,54,0.6666666666666666,6,1.0,2,0.75,4,0.5,4,1.3,0.9,-0.4,10.0
4,7,2,All,7,2,0.7777777777777778,18,0.0,2,,0,1.0,2,0.0,2,0.0,1.0,1.0,2.0
4,8,2,All,8,3,0.7777777777777778,18,0.0,2,,0,1.0,2,0.0,2,0.0,1.0,1.0,2.0
4,9,6,All,9,2,0.7222222222222222,54,0.5,6,1.0,1,0.6,5,0.4,5,1.1,0.7,-0.4,10.0
4,10,4,All,10,2,0.9166666666666666,36,0.75,4,1.0,2,1.0,2,0.5,2,0.0,1.0,1.0,1.0
4,11,5,All,11,2,0.9111111111111111,45,1.0,5,1.0,3,1.0,2,1.0,2,0.5,0.0,-0.5,2.0
4,12,4,All,12,3,0.8611111111111112,36,0.5,4,0.5,2,1.0,2,0.5,2,0.3333333333333333,0.6666666666666666,0.3333333333333333,3.0
4,13,3,All,13,3,0.8148148148148148,27,0.6666666666666666,3,,0,1.0,3,0.6666666666666666,3,0.0,1.0,1.0,2.0
4,14,5,All,14,3,0.7777777777777778,45,0.6,5,,0,1.0,5,0.6,5,0.4,1.0,0.6,5.0
4,15,2,All,15,4,0.9444444444444444,18,1.0,2,1.0,2,,0,,0,0.0,0.0,0.0,1.0
4,16,3,All,16,4,1.0,27,1.0,3,1.0,3,,0,,0,,,,
4,17,6,All,17,3,0.7169811320754716,53,0.3333333333333333,6,0.0,2,0.75,4,0.5,4,0.5833333333333334,1.0833333333333333,0.5,12.0
4,18,2,All,18,5,0.8888888888888888,18,0.5,2,1.0,1,1.0,1,0.0,1,0.0,1.0,1.0,1.0
5,1,3,All,1,1,0.8846153846153846,26,0.3333333333333333,3,0.5,2,,0,,0,0.0,0.3333333333333333,0.3333333333333333,3.0
5,2,2,All,2,1,0.8888888888888888,18,1.0,2,,0,1.0,2,1.0,2,,,,
5,3,4,All,3,1,0.6764705882352942,34,0.75,4,1.0,1,0.6666666666666666,3,0.6666666666666666,3,1.0,0.75,-0.25,8.0
5,4,6,All,4,1,0.7307692307692307,52,0.5,6,0.6666666666666666,3,0.3333333333333333,3,0.3333333333333333,3,1.5333333333333334,1.4666666666666666,-0.06666666666666667,15.0
5,5,5,All,5,1,0.8181818181818182,44,0.8,5,1.0,2,1.0,2,0.5,2,0.3333333333333333,0.8333333333333334,0.5,6.0
5,6,2,All,6,2,0.7647058823529411,17,0.5,2,,0,1.0,2,0.5,2,0.5,1.0,0.5,2.0
5,7,3,All,7,2,0.8888888888888888,27,0.6666666666666666,3,1.0,1,1.0,2,0.5,2,0.0,1.0,1.0,1.0
5,8,2,All,8,3,0.8888888888888888,18,0.5,2,1.0,1,1.0,1,0.0,1,0.0,1.0,1.0,1.0
5,9,5,All,9,2,0.5952380952380952,42,0.6,5,1.0,1,1.0,3,0.3333333333333333,3,0.9375,1.375,0.4375,16.0
5,10,4,All,10,2,0.6388888888888888,36,0.5,4,,0,0.75,4,0.5,4,2.9285714285714284,1.7142857142857142,-1.2142857142857142,14.0
5,11,6,All,11,2,0.8076923076923077,52,0.6,5,0.6666666666666666,3,1.0,2,0.5,2,0.42857142857142855,0.8571428571428571,0.42857142857142855,7.0
5,12,3,All,12,3,0.6538461538461539,26,0.3333333333333333,3,,0,1.0,2,0.5,2,0.7142857142857143,1.1428571428571428,0.42857142857142855,7.0
5,13,2,All,13,4,0.8333333333333334,18,0.5,2,,0,1.0,2,0.5,2,0.0,1.0,1.0,1.0
5,14,4,All,14,3,0.75,36,0.5,4,0.5,2,0.5,2,0.5,2,0.5714285714285714,0.8571428571428571,0.2857142857142857,7.0
5,15,6,All,15,3,0.6153846153846154,52,0.3333333333333333,6,1.0,1,0.6,5,0.2,5,0.9375,1.375,0.4375,16.0
5,16,5,All,16,3,0.7111111111111111,45,0.8,5,1.0,2,1.0,3,0.6666666666666666,3,1.0833333333333333,0.5,-0.5833333333333334,12.0
5,17,2,All,17,5,0.9444444444444444,18,1.0,2,1.0,1,1.0,1,1.0,1,,,,
5,18,3,All,18,4,0.8461538461538461,26,0.6666666666666666,3,1.0,1,1.0,1,1.0,1,0.6,0.8,0.2,5.0
6,1,2,All,1,1,0.7777777777777778,18,0.5,2,,0,0.5,2,0.5,2,0.5,1.0,0.5,2.0
6,2,6,All,2,1,0.6111111111111112,54,0.3333333333333333,6,0.0,1,0.8,5,0.4,5,1.7777777777777777,0.6666666666666666,-1.1111111111111112,18.0
6,3,3,All,3,1,0.9629629629629629,27,1.0,3,1.0,2,1.0,1,1.0,1,,,,
6,4,2,All,4,2,1.0,17,1.0,2,1.0,2,,0,,0,,,,
6,5,4,All,5,1,0.8333333333333334,36,0.5,4,1.0,1,0.6666666666666666,3,0.3333333333333333,3,0.6666666666666666,0.3333333333333333,-0.3333333333333333,3.0
6,6,2,All,6,3,0.8333333333333334,18,0.5,2,,0,1.0,2,0.5,2,0.0,1.0,1.0,1.0
6,7,5,All,7,1,0.8666666666666667,45,0.6,5,1.0,2,1.0,3,0.3333333333333333,3,0.3333333333333333,1.0,0.6666666666666666,3.0
6,8,3,All,8,2,0.8148148148148148,27,0.3333333333333333,3,,0,1.0,3,0.3333333333333333,3,0.0,1.0,1.0,2.0
6,9,6,All,9,2,0.6666666666666666,54,0.3333333333333333,6,0.5,2,0.25,4,0.25,4,1.3571428571428572,0.8571428571428571,-0.5,14.0
6,10,4,All,10,2,0.8055555555555556,36,0.75,4,1.0,1,1.0,3,0.6666666666666666,3,1.0,1.5,0.5,4.0
6,11,5,All,11,2,0.8444444444444444,45,0.6,5,1.0,1,1.0,4,0.5,4,0.3333333333333333,1.0,0.6666666666666666,3.0
6,12,2,All,12,4,0.8888888888888888,18,0.5,2,1.0,1,1.0,1,0.0,1,0.0,1.0,1.0,1.0
6,13,6,All,13,3,0.7407407407407407,54,0.16666666666666666,6,0.5,2,0.75,4,0.0,4,0.8,0.9,0.1,10.0
6,14,3,All,14,3,0.9259259259259259,27,0.6666666666666666,3,1.0,2,1.0,1,0.0,1,0.0,1.0,1.0,1.0
6,15,2,All,15,5,0.8333333333333334,18,0.5,2,,0,1.0,2,0.5,2,0.0,1.0,1.0,1.0
6,16,4,All,16,3,0.8611111111111112,36,1.0,4,1.0,2,1.0,2,1.0,2,0.3333333333333333,0.3333333333333333,0.0,3.0
6,17,2,All,17,6,1.0,18,1.0,2,1.0,2,,0,,0,,,,
6,18,5,All,18,3,0.7777777777777778,45,0.4,5,1.0,1,1.0,4,0.25,4,0.3333333333333333,1.1666666666666667,0.8333333333333334,6.0
7,1,6,All,1,1,0.6981132075471698,53,0.6666666666666666,6,0.75,4,0.5,2,0.5,2,2.9444444444444446,0.3333333333333333,-2.611111111111111,18.0
7,2,2,All,2,1,0.8888888888888888,18,0.5,2,1.0,1,1.0,1,0.0,1,0.0,1.0,1.0,1.0
7,3,2,All,3,2,0.7857142857142857,14,0.5,2,,0,1.0,2,0.5,2,0.0,1.0,1.0,1.0
7,4,2,All,4,3,0.7777777777777778,18,0.5,2,,0,1.0,2,0.5,2,0.5,1.0,0.5,2.0
7,5,3,All,5,1,0.8888888888888888,27,0.6666666666666666,3,1.0,1,1.0,2,0.5,2,0.0,1.0,1.0,1.0
7,6,3,All,6,2,0.8518518518518519,27,1.0,3,1.0,1,1.0,2,1.0,2,0.5,0.0,-0.5,2.0
7,7,4,All,7,1,0.8333333333333334,36,0.5,4,,0,1.0,4,0.5,4,0.0,1.0,1.0,2.0
7,8,5,All,8,1,0.6222222222222222,45,0.6,5,1.0,1,1.0,4,0.5,4,1.6923076923076923,1.3076923076923077,-0.38461538461538464,13.0
7,9,6,All,9,2,0.660377358490566,53,0.8333333333333334,6,0.6666666666666666,3,1.0,3,1.0,3,1.5,0.3125,-1.1875,16.0
7,10,5,All,10,2,0.7333333333333333,45,0.2,5,1.0,1,0.75,4,0.0,4,0.75,0.875,0.125,8.0
7,11,4,All,11,2,0.7222222222222222,36,0.25,4,1.0,1,0.6666666666666666,3,0.0,3,1.2857142857142858,0.7142857142857143,-0.5714285714285714,7.0
7,12,6,All,12,3,0.8888888888888888,54,0.6666666666666666,6,1.0,2,0.75,4,0.5,4,0.5,0.5,0.0,2.0
7,13,2,All,13,4,0.9444444444444444,18,1.0,2,1.0,1,1.0,1,1.0,1,,,,
7,14,2,All,14,5,0.9444444444444444,18,1.0,2,1.0,1,1.0,1,1.0,1,,,,
7,15,2,All,15,6,0.9444444444444444,18,1.0,2,1.0,1,1.0,1,1.0,1,,,,
7,16,3,All,16,3,0.8888888888888888,27,0.6666666666666666,3,1.0,1,1.0,2,0.5,2,0.0,1.0,1.0,1.0
7,17,3,All,17,4,0.8888888888888888,27,0.6666666666666666,3,1.0,1,1.0,2,0.5,2,0.0,1.0,1.0,1.0
7,18,4,All,18,3,0.8611111111111112,36,0.75,4,1.0,2,1.0,2,0.5,2,0.6666666666666666,1.3333333333333333,0.6666666666666666,3.0
8,1,2,All,1,1,0.9411764705882353,17,1.0,2,,0,1.0,1,1.0,1,,,,
8,2,2,All,2,2,0.8333333333333334,18,0.5,2,,0,1.0,2,0.5,2,0.0,1.0,1.0,1.0
8,3,6,All,3,1,0.4807692307692308,52,0.3333333333333333,6,1.0,1,0.6666666666666666,3,0.3333333333333333,3,1.7037037037037037,0.8888888888888888,-0.8148148148148148,27.0
8,4,3,All,4,1,0.76,25,0.6666666666666666,3,,0,1.0,1,1.0,1,0.8,1.2,0.4,5.0
8,5,2,All,5,3,0.9444444444444444,18,1.0,2,1.0,1,1.0,1,1.0,1,,,,
8,6,5,All,6,1,0.6666666666666666,45,0.6,5,1.0,2,0.6666666666666666,3,0.3333333333333333,3,2.0,0.9285714285714286,-1.0714285714285714,14.0
8,7,3,All,7,2,1.0,27,1.0,3,1.0,3,,0,,0,,,,
8,8,4,All,8,1,0.8888888888888888,36,1.0,4,,0,1.0,4,1.0,4,,,,
8,9,5,All,9,2,0.6444444444444445,45,0.6,5,,0,1.0,5,0.6,5,1.4545454545454546,1.4545454545454546,0.0,11.0
8,10,4,All,10,2,0.9444444444444444,36,0.75,4,1.0,3,1.0,1,0.0,1,0.0,1.0,1.0,1.0
8,11,6,All,11,2,0.6981132075471698,53,0.4,5,0.6666666666666666,3,1.0,2,0.0,2,1.0769230769230769,1.0,-0.07692307692307693,13.0
8,12,2,All,12,4,0.8333333333333334,18,0.5,2,,0,1.0,2,0.5,2,0.0,1.0,1.0,1.0
8,13,2,All,13,5,0.8888888888888888,18,0.5,2,1.0,1,1.0,1,0.0,1,0.0,1.0,1.0,1.0
8,14,6,All,14,3,0.8333333333333334,54,0.5,6,1.0,2,0.5,4,0.25,4,0.6,0.6,0.0,5.0
8,15,3,All,15,3,0.9259259259259259,27,1.0,3,1.0,1,1.0,2,1.0,2,,,,
8,16,2,All,16,6,0.9444444444444444,18,1.0,2,1.0,1,1.0,1,1.0,1,,,,
8,17,5,All,17,3,0.5777777777777777,45,0.4,5,1.0,1,0.75,4,0.25,4,1.5,1.1875,-0.3125,16.0
8,18,3,All,18,4,0.9259259259259259,27,1.0,3,1.0,1,1.0,2,1.0,2,,,,
9,1,6,All,1,1,0.7592592592592593,54,0.6666666666666666,6,1.0,2,0.75,4,0.5,4,0.7,0.9,0.2,10.0
9,2,2,All,2,1,0.9444444444444444,18,1.0,2,1.0,1,1.0,1,1.0,1,,,,
9,3,3,All,3,1,0.8888888888888888,27,1.0,3,1.0,2,1.0,1,1.0,1,0.0,0.0,0.0,2.0
9,4,2,All,4,2,0.7777777777777778,18,0.0,2,,0,1.0,2,0.0,2,0.0,1.0,1.0,2.0
9,5,3,All,5,2,0.8518518518518519,27,0.6666666666666666,3,1.0,1,1.0,2,0.5,2,0.5,0.5,0.0,2.0
9,6,5,All,6,1,0.8666666666666667,45,0.6,5,1.0,2,1.0,3,0.3333333333333333,3,0.0,0.6666666666666666,0.6666666666666666,3.0
9,7,4,All,7,1,0.8333333333333334,36,0.5,4,1.0,2,0.5,2,0.0,2,0.25,0.75,0.5,4.0
9,8,2,All,8,3,0.8888888888888888,18,1.0,2,,0,1.0,2,1.0,2,,,,
9,9,5,All,9,2,0.9333333333333333,45,0.8,5,1.0,3,1.0,2,0.5,2,0.0,1.0,1.0,1.0
9,10,6,All,10,2,0.8867924528301887,53,0.6666666666666666,6,1.0,2,1.0,4,0.5,4,0.0,1.0,1.0,2.0
9,11,4,All,11,2,0.7222222222222222,36,0.5,4,,0,1.0,4,0.5,4,0.6666666666666666,1.3333333333333333,0.6666666666666666,6.0
9,12,6,All,12,3,0.8888888888888888,54,0.8333333333333334,6,1.0,2,0.75,4,0.75,4,0.5,0.0,-0.5,2.0
9,13,2,All,13,4,0.8888888888888888,18,1.0,2,,0,1.0,2,1.0,2,,,,
9,14,3,All,14,3,0.9615384615384616,26,1.0,2,1.0,2,,0,,0,0.0,0.0,0.0,1.0
9,15,2,All,15,5,0.8888888888888888,18,1.0,2,1.0,1,1.0,1,1.0,1,0.0,0.0,0.0,1.0
9,16,3,All,16,4,0.7407407407407407,27,0.0,3,,0,1.0,3,0.0,3,0.25,1.0,0.75,4.0
9,17,5,All,17,3,0.7777777777777778,45,0.4,5,1.0,1,0.75,4,0.25,4,0.3333333333333333,1.0,0.6666666666666666,6.0
9,18,4,All,18,3,0.8333333333333334,36,0.75,4,1.0,1,0.6666666666666666,3,0.6666666666666666,3,0.6666666666666666,0.6666666666666666,0.0,3.0
10,1,2,All,1,1,0.8888888888888888,18,1.0,2,,0,1.0,2,1.0,2,,,,
10,2,2,All,2,2,0.8888888888888888,18,0.5,2,1.0,1,1.0,1,0.0,1,0.0,1.0,1.0,1.0
10,3,6,All,3,1,0.6296296296296297,54,0.3333333333333333,6,1.0,1,0.8,5,0.2,5,1.25,1.25,0.0,16.0
10,4,5,All,4,1,0.9333333333333333,45,0.8,5,1.0,4,1.0,1,0.0,1,0.5,1.0,0.5,2.0
10,5,3,All,5,1,0.8518518518518519,27,0.3333333333333333,3,1.0,1,1.0,2,0.0,2,0.0,1.0,1.0,2.0
10,6,2,All,6,3,0.8888888888888888,18,1.0,2,,0,1.0,2,1.0,2,,,,
10,7,3,All,7,2,0.6666666666666666,27,0.3333333333333333,3,1.0,1,0.5,2,0.0,2,1.4285714285714286,1.1428571428571428,-0.2857142857142857,7.0
10,8,4,All,8,1,0.7777777777777778,36,0.5,4,,0,1.0,4,0.5,4,0.5,0.75,0.25,4.0
10,9,6,All,9,2,0.7962962962962963,54,0.3333333333333333,6,0.3333333333333333,3,1.0,3,0.3333333333333333,3,0.375,0.75,0.375,8.0
10,10,5,All,10,2,0.9111111111111111,45,0.8,5,1.0,3,1.0,2,0.5,2,0.5,1.0,0.5,2.0
10,11,4,All,11,2,0.7222222222222222,36,0.25,4,1.0,1,1.0,3,0.0,3,0.5714285714285714,1.2857142857142858,0.7142857142857143,7.0
10,12,2,All,12,4,0.8333333333333334,18,1.0,2,,0,1.0,2,1.0,2,0.0,1.0,1.0,1.0
10,13,2,All,13,5,1.0,18,1.0,2,1.0,2,,0,,0,,,,
10,14,6,All,14,3,0.6666666666666666,54,0.3333333333333333,6,,0,1.0,6,0.3333333333333333,6,1.25,1.3333333333333333,0.08333333333333333,12.0
10,15,5,All,15,3,0.9333333333333333,45,0.8,5,1.0,3,1.0,2,0.5,2,0.0,1.0,1.0,1.0
10,16,3,All,16,3,0.5925925925925926,27,0.3333333333333333,3,,0,1.0,3,0.3333333333333333,3,1.5,1.0,-0.5,8.0
10,17,2,All,17,6,0.9444444444444444,18,1.0,2,1.0,1,1.0,1,1.0,1,,,,
10,18,3,All,18,4,0.8888888888888888,27,0.6666666666666666,3,1.0,1,1.0,2,0.5,2,0.0,1.0,1.0,1.0
11,1,2,All,1,1,0.875,16,1.0,2,1.0,1,,0,,0,0.5,0.0,-0.5,2.0
11,2,5,All,2,1,0.3333333333333333,39,0.8,5,1.0,2,0.6666666666666666,3,0.6666666666666666,3,2.341463414634146,2.1951219512195124,-0.14634146341463414,41.0
11,3,2,All,3,2,0.7777777777777778,18,0.5,2,1.0,1,1.0,1,0.0,1,0.6666666666666666,1.3333333333333333,0.6666666666666666,3.0
11,4,2,All,4,3,0.7647058823529411,17,1.0,1,,0,1.0,1,1.0,1,1.8333333333333333,0.8333333333333334,-1.0,6.0
11,5,6,All,5,1,0.3333333333333333,42,0.0,5,0.0,1,0.75,4,0.0,4,3.0392156862745097,2.3137254901960786,-0.7254901960784313,51.0
11,6,4,All,6,1,0.47058823529411764,34,0.0,4,0.0,2,0.0,1,0.0,1,1.1818181818181819,1.3181818181818181,0.13636363636363635,22.0
11,7,3,All,7,1,0.5384615384615384,26,0.0,3,,0,0.5,2,0.0,2,2.076923076923077,1.9230769230769231,-0.15384615384615385,13.0
11,8,3,All,8,2,0.56,25,0.3333333333333333,3,,0,0.6666666666666666,3,0.3333333333333333,3,1.0,1.4444444444444444,0.4444444444444444,9.0
11,9,6,All,9,2,0.32432432432432434,37,0.6,5,0.5,2,1.0,2,0.5,2,1.7692307692307692,1.4615384615384615,-0.3076923076923077,39.0
11,10,5,All,10,2,0.4117647058823529,34,0.0,5,0.0,1,0.5,4,0.0,4,1.0,1.1764705882352942,0.17647058823529413,17.0
11,11,4,All,11,2,0.39285714285714285,28,0.25,4,0.0,2,1.0,2,0.5,2,1.7692307692307692,1.8461538461538463,0.07692307692307693,26.0
11,12,2,All,12,4,0.8888888888888888,18,0.5,2,0.5,2,,0,,0,0.0,0.3333333333333333,0.3333333333333333,3.0
11,13,5,All,13,3,0.375,40,0.2,5,1.0,1,0.5,4,0.0,4,2.2,2.3714285714285714,0.17142857142857143,35.0
11,14,2,All,14,5,0.6666666666666666,18,0.0,2,0.0,2,,0,,0,2.272727272727273,0.0,-2.272727272727273,11.0
11,15,2,All,15,6,0.9444444444444444,18,1.0,2,1.0,1,1.0,1,1.0,1,1.0,0.0,-1.0,1.0
11,16,6,All,16,3,0.4166666666666667,48,0.6,5,0.5,2,1.0,2,1.0,2,2.3658536585365852,2.1707317073170733,-0.1951219512195122,41.0
11,17,4,All,17,3,0.8,30,0.6666666666666666,3,1.0,2,0.0,1,0.0,1,0.5,0.5,0.0,4.0
11,18,3,All,18,3,0.625,24,0.3333333333333333,3,,0,1.0,1,1.0,1,1.7272727272727273,0.0,-1.7272727272727273,11.0
12,1,5,All,1,1,0.8222222222222222,45,0.4,5,1.0,1,0.75,4,0.25,4,0.5,0.75,0.25,4.0
12,2,2,All,2,1,0.7777777777777778,18,0.0,2,,0,0.5,2,0.0,2,0.5,0.5,0.0,2.0
12,3,2,All,3,2,0.8125,16,0.5,2,,0,1.0,2,0.5,2,0.0,1.0,1.0,1.0
12,4,4,All,4,1,0.9722222222222222,36,1.0,4,1.0,3,1.0,1,1.0,1,,,,
12,5,2,All,5,3,0.9444444444444444,18,1.0,2,1.0,1,1.0,1,1.0,1,,,,
12,6,3,All,6,1,0.8888888888888888,27,0.6666666666666666,3,1.0,2,1.0,1,0.0,1,0.0,0.5,0.5,2.0
12,7,6,All,7,1,0.7592592592592593,54,0.5,6,0.6666666666666666,3,0.6666666666666666,3,0.3333333333333333,3,1.1666666666666667,0.25,-0.9166666666666666,12.0
12,8,3,All,8,2,0.8888888888888888,27,0.6666666666666666,3,1.0,2,1.0,1,0.0,1,0.0,0.5,0.5,2.0
12,9,4,All,9,2,0.8333333333333334,36,0.5,4,1.0,1,0.6666666666666666,3,0.3333333333333333,3,0.3333333333333333,1.0,0.6666666666666666,3.0
12,10,5,All,10,2,0.6666666666666666,45,0.6,5,1.0,2,1.0,3,0.3333333333333333,3,1.1666666666666667,0.5833333333333334,-0.5833333333333334,12.0
12,11,6,All,11,2,0.7962962962962963,54,0.5,6,1.0,1,1.0,5,0.4,5,0.5,0.6666666666666666,0.16666666666666666,6.0
12,12,5,All,12,3,0.8888888888888888,45,0.8,5,1.0,3,0.5,2,0.5,2,1.0,1.0,0.0,3.0
12,13,2,All,13,4,0.8888888888888888,18,1.0,2,,0,1.0,2,1.0,2,,,,
12,14,2,All,14,5,1.0,18,1.0,2,1.0,2,,0,,0,,,,
12,15,4,All,15,3,0.8611111111111112,36,0.75,4,1.0,1,0.6666666666666666,3,0.6666666666666666,3,1.0,0.0,-1.0,2.0
12,16,2,All,16,6,0.9444444444444444,18,1.0,2,1.0,1,1.0,1,1.0,1,,,,
12,17,3,All,17,3,0.8518518518518519,27,0.6666666666666666,3,,0,1.0,3,0.6666666666666666,3,0.0,1.0,1.0,1.0
12,18,6,All,18,3,0.7407407407407407,54,0.5,6,1.0,2,0.5,4,0.25,4,0.7,1.3,0.6,10.0
13,1,2,All,1,1,0.7222222222222222,18,0.5,2,,0,1.0,2,0.5,2,1.0,1.0,0.0,3.0
13,2,4,All,2,1,0.6111111111111112,36,0.5,4,1.0,1,1.0,3,0.3333333333333333,3,0.9285714285714286,1.1428571428571428,0.21428571428571427,14.0
13,3,5,All,3,1,0.7777777777777778,45,0.4,5,,0,1.0,5,0.4,5,0.6,1.0,0.4,5.0
13,4,3,All,4,1,0.9259259259259259,27,1.0,3,1.0,2,1.0,1,1.0,1,0.0,0.0,0.0,1.0
13,5,2,All,5,2,0.6,10,0.0,2,,0,1.0,2,0.0,2,0.0,1.0,1.0,2.0
13,6,3,All,6,2,0.8888888888888888,27,0.6666666666666666,3,1.0,1,1.0,2,0.5,2,0.0,1.0,1.0,1.0
13,7,2,All,7,3,0.7777777777777778,18,0.5,2,1.0,1,0.0,1,0.0,1,0.3333333333333333,0.6666666666666666,0.3333333333333333,3.0
13,8,6,All,8,1,0.6153846153846154,52,0.6666666666666666,6,0.0,1,1.0,5,0.8,5,1.55,1.85,0.3,20.0
13,9,4,All,9,2,0.8611111111111112,36,0.5,4,1.0,2,1.0,2,0.0,2,0.0,0.6666666666666666,0.6666666666666666,3.0
13,10,6,All,10,2,0.7962962962962963,54,0.5,6,1.0,1,0.8,5,0.4,5,1.0,1.0,0.0,6.0
13,11,5,All,11,2,0.8444444444444444,45,0.6,5,0.6666666666666666,3,1.0,2,0.5,2,0.0,0.4,0.4,5.0
13,12,2,All,12,4,0.8888888888888888,18,1.0,2,1.0,1,1.0,1,1.0,1,0.0,0.0,0.0,1.0
13,13,4,All,13,3,0.7777777777777778,36,0.5,4,,0,1.0,4,0.5,4,0.75,1.0,0.25,4.0
13,14,5,All,14,3,0.8444444444444444,45,0.8,5,1.0,2,1.0,3,0.6666666666666666,3,0.75,1.0,0.25,4.0
13,15,3,All,15,3,0.8888888888888888,27,1.0,3,1.0,1,1.0,2,1.0,2,0.0,0.0,0.0,1.0
13,16,2,All,16,5,0.8333333333333334,18,0.5,2,,0,1.0,2,0.5,2,0.0,1.0,1.0,1.0
13,17,3,All,17,4,0.8518518518518519,27,0.3333333333333333,3,1.0,1,1.0,2,0.0,2,0.0,1.0,1.0,2.0
13,18,2,All,18,6,0.8888888888888888,18,1.0,2,1.0,1,1.0,1,1.0,1,1.0,0.0,-1.0,1.0
14,1,4,All,1,1,0.9444444444444444,36,0.75,4,0.6666666666666666,3,1.0,1,1.0,1,0.0,0.0,0.0,1.0
14,2,3,All,2,1,0.8888888888888888,27,0.6666666666666666,3,0.0,1,1.0,2,1.0,2,0.0,0.0,0.0,1.0
14,3,2,All,3,1,0.8888888888888888,18,1.0,2,,0,1.0,2,1.0,2,,,,
14,4,3,All,4,2,0.8888888888888888,27,0.6666666666666666,3,1.0,2,1.0,1,0.0,1,0.5,1.0,0.5,2.0
14,5,5,All,5,1,0.3181818181818182,44,0.2,5,0.0,1,0.75,4,0.25,4,1.6896551724137931,1.896551724137931,0.20689655172413793,29.0
14,6,6,All,6,1,0.5,54,0.5,6,0.0,2,0.75,4,0.75,4,2.09375,1.09375,-1.0,32.0
14,7,2,All,7,2,0.7058823529411765,17,0.5,2,0.5,2,,0,,0,0.4,0.8,0.4,5.0
14,8,2,All,8,3,0.8333333333333334,18,0.5,2,1.0,1,1.0,1,0.0,1,0.5,1.0,0.5,2.0
14,9,5,All,9,2,0.7111111111111111,45,0.6,5,1.0,1,0.75,4,0.5,4,1.5555555555555556,1.4444444444444444,-0.1111111111111111,9.0
14,10,4,All,10,2,0.8611111111111112,36,0.75,4,1.0,1,1.0,3,0.6666666666666666,3,0.0,0.5,0.5,2.0
14,11,6,All,11,2,0.5370370370370371,54,0.5,6,0.6666666666666666,3,0.6666666666666666,3,0.3333333333333333,3,2.3548387096774195,2.096774193548387,-0.25806451612903225,31.0
14,12,4,All,12,3,0.8857142857142857,35,0.75,4,1.0,1,1.0,2,1.0,2,0.0,1.0,1.0,2.0
14,13,3,All,13,3,0.9629629629629629,27,1.0,3,1.0,2,1.0,1,1.0,1,0.0,0.0,0.0,1.0
14,14,2,All,14,4,0.9444444444444444,18,1.0,2,1.0,1,1.0,1,1.0,1,1.0,0.0,-1.0,1.0
14,15,3,All,15,4,0.9259259259259259,27,0.6666666666666666,3,1.0,2,1.0,1,0.0,1,0.0,1.0,1.0,1.0
14,16,5,All,16,3,0.8888888888888888,45,0.8,5,1.0,3,1.0,2,0.5,2,0.3333333333333333,0.6666666666666666,0.3333333333333333,3.0
14,17,6,All,17,3,0.7222222222222222,54,0.5,6,0.6666666666666666,3,0.6666666666666666,3,0.3333333333333333,3,0.9166666666666666,1.0,0.08333333333333333,12.0
14,18,2,All,18,5,0.7777777777777778,18,0.0,2,,0,1.0,2,0.0,2,0.0,1.0,1.0,2.0
15,1,3,All,1,1,0.8518518518518519,27,0.6666666666666666,3,1.0,1,1.0,2,0.5,2,0.5,1.0,0.5,2.0
15,2,3,All,2,2,0.8148148148148148,27,0.3333333333333333,3,,0,1.0,3,0.3333333333333333,3,0.0,1.0,1.0,2.0
15,3,4,All,3,1,0.6944444444444444,36,0.5,4,0.5,2,1.0,2,0.5,2,0.3333333333333333,0.8888888888888888,0.5555555555555556,9.0
15,4,6,All,4,1,0.5740740740740741,54,0.5,6,0.5,4,0.5,2,0.5,2,1.962962962962963,1.4814814814814814,-0.48148148148148145,27.0
15,5,2,All,5,1,0.7777777777777778,18,0.0,2,,0,1.0,2,0.0,2,0.0,1.0,1.0,2.0
15,6,2,All,6,2,0.8888888888888888,18,0.5,2,1.0,1,1.0,1,0.0,1,0.0,1.0,1.0,1.0
15,7,5,All,7,1,0.6222222222222222,45,0.4,5,1.0,1,0.75,4,0.25,4,1.2142857142857142,1.7142857142857142,0.5,14.0
15,8,2,All,8,3,1.0,18,1.0,2,1.0,2,,0,,0,,,,
15,9,6,All,9,2,0.6666666666666666,54,0.5,6,1.0,2,0.75,4,0.25,4,1.2142857142857142,1.1428571428571428,-0.07142857142857142,14.0
15,10,5,All,10,2,0.7555555555555555,45,0.4,5,1.0,1,1.0,4,0.25,4,0.7142857142857143,1.2857142857142858,0.5714285714285714,7.0
15,11,4,All,11,2,0.8888888888888888,36,0.75,4,1.0,1,1.0,3,0.6666666666666666,3,0.0,1.0,1.0,1.0
15,12,3,All,12,3,0.9259259259259259,27,1.0,3,1.0,1,1.0,2,1.0,2,,,,
15,13,3,All,13,4,1.0,27,1.0,3,1.0,3,,0,,0,,,,
15,14,4,All,14,3,0.7777777777777778,36,0.5,4,1.0,1,0.6666666666666666,3,0.3333333333333333,3,0.8,0.6,-0.2,5.0
15,15,6,All,15,3,0.8333333333333334,54,0.6666666666666666,6,1.0,3,1.0,3,0.3333333333333333,3,0.5,0.8333333333333334,0.3333333333333333,6.0
15,16,2,All,16,4,0.9444444444444444,18,1.0,2,1.0,1,1.0,1,1.0,1,,,,
15,17,2,All,17,5,0.8888888888888888,18,1.0,2,,0,1.0,2,1.0,2,,,,
15,18,5,All,18,3,0.7209302325581395,43,0.8,5,1.0,1,1.0,2,1.0,2,0.3,0.7,0.4,10.0
16,1,3,All,1,1,0.8518518518518519,27,0.3333333333333333,3,1.0,1,1.0,2,0.0,2,0.0,1.0,1.0,2.0
16,2,6,All,2,1,0.5370370370370371,54,0.0,6,0.0,1,0.8,5,0.0,5,1.45,1.35,-0.1,20.0
16,3,3,All,3,2,0.9259259259259259,27,0.6666666666666666,3,1.0,2,1.0,1,0.0,1,0.0,1.0,1.0,1.0
16,4,2,All,4,1,0.9444444444444444,18,1.0,2,1.0,1,1.0,1,1.0,1,,,,
16,5,4,All,5,1,0.8333333333333334,36,0.75,4,,0,1.0,4,0.75,4,0.5,1.0,0.5,2.0
16,6,2,All,6,2,0.8888888888888888,18,1.0,2,,0,1.0,2,1.0,2,,,,
16,7,2,All,7,3,0.8888888888888888,18,0.5,2,1.0,1,1.0,1,0.0,1,0.0,1.0,1.0,1.0
16,8,5,All,8,1,0.9333333333333333,45,0.8,5,1.0,3,1.0,2,0.5,2,0.0,1.0,1.0,1.0
16,9,4,All,9,2,0.75,36,0.25,4,,0,0.75,4,0.25,4,0.4,1.0,0.6,5.0
16,10,6,All,10,2,0.8518518518518519,54,0.8333333333333334,6,1.0,2,1.0,4,0.75,4,0.5,1.0,0.5,4.0
16,11,5,All,11,2,0.9555555555555556,45,1.0,5,1.0,3,1.0,2,1.0,2,,,,
16,12,3,All,12,3,0.8518518518518519,27,0.6666666666666666,3,,0,1.0,3,0.6666666666666666,3,0.0,1.0,1.0,1.0
16,13,6,All,13,3,0.8703703703703703,54,0.5,6,0.6666666666666666,3,1.0,3,0.3333333333333333,3,0.25,0.75,0.5,4.0
16,14,3,All,14,4,0.8518518518518519,27,1.0,3,1.0,1,1.0,2,1.0,2,0.5,0.0,-0.5,2.0
16,15,2,All,15,4,0.9444444444444444,18,1.0,2,1.0,1,1.0,1,1.0,1,,,,
16,16,4,All,16,3,0.9166666666666666,36,0.75,4,1.0,2,1.0,2,0.5,2,0.0,1.0,1.0,1.0
16,17,2,All,17,5,0.8888888888888888,18,0.5,2,1.0,1,1.0,1,0.0,1,0.0,1.0,1.0,1.0
16,18,2,All,18,6,0.8333333333333334,18,0.5,2,,0,1.0,2,0.5,2,0.0,1.0,1.0,1.0
17,1,2,All,1,1,0.7222222222222222,18,0.0,2,0.0,1,0.0,1,0.0,1,0.5,0.5,0.0,4.0
17,2,6,All,2,1,0.7735849056603774,53,1.0,6,1.0,3,1.0,3,1.0,3,0.6,0.7,0.1,10.0
17,3,2,All,3,2,0.6666666666666666,18,0.5,2,,0,1.0,2,0.5,2,0.5,1.25,0.75,4.0
17,4,5,All,4,1,0.5333333333333333,45,0.4,5,1.0,1,0.5,4,0.25,4,2.0,2.0,0.0,20.0
17,5,3,All,5,1,0.8148148148148148,27,1.0,3,1.0,1,1.0,2,1.0,2,1.0,0.16666666666666666,-0.8333333333333334,6.0
17,6,4,All,6,1,0.7777777777777778,36,0.75,4,1.0,1,0.6666666666666666,3,0.6666666666666666,3,1.8333333333333333,1.6666666666666667,-0.16666666666666666,6.0
17,7,2,All,7,3,0.8888888888888888,18,1.0,2,1.0,1,1.0,1,1.0,1,1.0,0.0,-1.0,1.0
17,8,3,All,8,2,0.8846153846153846,26,0.6666666666666666,3,1.0,2,1.0,1,0.0,1,0.5,1.0,0.5,2.0
17,9,4,All,9,2,0.7714285714285715,35,0.5,4,1.0,2,1.0,2,0.0,2,0.42857142857142855,0.5714285714285714,0.14285714285714285,7.0
17,10,6,All,10,2,0.6981132075471698,53,0.5,6,1.0,2,1.0,4,0.25,4,2.0,1.3846153846153846,-0.6153846153846154,13.0
17,11,5,All,11,2,0.37777777777777777,45,0.6,5,,0,1.0,5,0.6,5,3.138888888888889,2.6666666666666665,-0.4722222222222222,36.0
17,12,2,All,12,4,0.8888888888888888,18,1.0,2,1.0,1,1.0,1,1.0,1,0.0,0.5,0.5,2.0
17,13,6,All,13,3,0.6851851851851852,54,0.6666666666666666,6,1.0,2,1.0,4,0.5,4,1.1538461538461537,1.3846153846153846,0.23076923076923078,13.0
17,14,2,All,14,5,0.8333333333333334,18,1.0,2,1.0,1,1.0,1,1.0,1,0.5,1.0,0.5,2.0
17,15,5,All,15,3,0.6590909090909091,44,0.6,5,,0,0.75,4,0.75,4,1.0,0.7272727272727273,-0.2727272727272727,11.0
17,16,3,All,16,3,0.7692307692307693,26,0.6666666666666666,3,1.0,2,1.0,1,0.0,1,0.4,1.0,0.6,5.0
17,17,4,All,17,3,0.8571428571428571,35,0.75,4,1.0,3,1.0,1,0.0,1,0.25,0.5,0.25,4.0
17,18,2,All,18,6,0.8823529411764706,17,1.0,2,1.0,2,,0,,0,0.5,0.0,-0.5,2.0
18,1,6,All,1,1,0.7592592592592593,54,0.5,6,1.0,2,1.0,4,0.25,4,0.5555555555555556,0.8888888888888888,0.3333333333333333,9.0
18,2,5,All,2,1,0.7777777777777778,45,0.6,5,1.0,1,0.75,4,0.5,4,1.0,0.6666666666666666,-0.3333333333333333,6.0
18,3,2,All,3,1,0.9444444444444444,18,1.0,2,1.0,1,1.0,1,1.0,1,,,,
18,4,4,All,4,1,0.75,36,0.75,4,,0,1.0,4,0.75,4,1.2,1.0,-0.2,5.0
18,5,2,All,5,2,0.8888888888888888,18,0.5,2,1.0,1,1.0,1,0.0,1,0.0,1.0,1.0,1.0
18,6,3,All,6,1,0.8518518518518519,27,0.3333333333333333,3,1.0,1,1.0,2,0.0,2,0.0,1.0,1.0,2.0
18,7,3,All,7,2,0.9259259259259259,27,1.0,3,1.0,1,1.0,2,1.0,2,,,,
18,8,2,All,8,3,0.8333333333333334,18,0.5,2,,0,1.0,2,0.5,2,0.0,1.0,1.0,1.0
18,9,5,All,9,2,0.6666666666666666,45,0.4,5,,0,0.6,5,0.4,5,1.1,1.5,0.4,10.0
18,10,6,All,10,2,0.7962962962962963,54,0.3333333333333333,6,0.5,2,1.0,4,0.25,4,0.5714285714285714,0.5714285714285714,0.0,7.0
18,11,4,All,11,2,0.9166666666666666,36,0.75,4,1.0,2,1.0,2,0.5,2,0.0,1.0,1.0,1.0
18,12,6,All,12,3,0.8703703703703703,54,1.0,6,1.0,2,1.0,4,1.0,4,0.6666666666666666,0.6666666666666666,0.0,3.0
18,13,5,All,13,3,0.8222222222222222,45,0.6,5,1.0,2,1.0,3,0.3333333333333333,3,0.4,1.0,0.6,5.0
18,14,2,All,14,4,0.7777777777777778,18,0.0,2,,0,1.0,2,0.0,2,0.0,1.0,1.0,2.0
18,15,4,All,15,3,0.8888888888888888,36,0.5,4,1.0,2,1.0,2,0.0,2,0.0,1.0,1.0,2.0
18,16,2,All,16,5,0.8888888888888888,18,0.5,2,1.0,1,1.0,1,0.0,1,0.0,1.0,1.0,1.0
18,17,3,All,17,3,0.9259259259259259,27,0.6666666666666666,3,1.0,2,1.0,1,0.0,1,0.0,1.0,1.0,1.0
18,18,3,All,18,4,0.8888888888888888,27,0.6666666666666666,3,1.0,1,1.0,2,0.5,2,0.0,1.0,1.0,1.0
19,1,5,All,1,1,0.8888888888888888,45,0.8,5,1.0,2,1.0,3,0.6666666666666666,3,0.5,0.5,0.0,2.0
19,2,4,All,2,1,0.8055555555555556,36,0.75,4,1.0,2,1.0,2,0.5,2,0.6,0.8,0.2,5.0
19,3,6,All,3,1,0.8148148148148148,54,0.5,6,1.0,2,1.0,4,0.25,4,0.5,0.8333333333333334,0.3333333333333333,6.0
19,4,3,All,4,1,0.8888888888888888,27,0.6666666666666666,3,1.0,1,1.0,2,0.5,2,0.0,1.0,1.0,1.0
19,5,2,All,5,1,0.8888888888888888,18,0.5,2,1.0,1,1.0,1,0.0,1,0.0,1.0,1.0,1.0
19,6,2,All,6,2,0.8888888888888888,18,1.0,2,,0,1.0,2,1.0,2,,,,
19,7,2,All,7,3,0.8888888888888888,18,0.5,2,1.0,1,1.0,1,0.0,1,0.0,1.0,1.0,1.0
19,8,3,All,8,2,0.8518518518518519,27,0.6666666666666666,3,,0,1.0,3,0.6666666666666666,3,0.0,1.0,1.0,1.0
19,9,4,All,9,2,0.8055555555555556,36,0.25,4,,0,1.0,4,0.25,4,0.0,1.0,1.0,3.0
19,10,5,All,10,2,0.8444444444444444,45,0.4,5,1.0,1,1.0,4,0.25,4,0.0,1.0,1.0,3.0
19,11,6,All,11,2,0.7735849056603774,53,0.6,5,0.5,2,1.0,3,0.6666666666666666,3,0.625,0.875,0.25,8.0
19,12,5,All,12,3,0.9111111111111111,45,1.0,5,1.0,3,1.0,2,1.0,2,0.0,0.5,0.5,2.0
19,13,4,All,13,3,0.9444444444444444,36,1.0,4,1.0,2,1.0,2,1.0,2,,,,
19,14,6,All,14,3,0.8518518518518519,54,0.5,6,1.0,2,1.0,4,0.25,4,0.25,1.0,0.75,4.0
19,15,3,All,15,3,0.9259259259259259,27,1.0,3,1.0,1,1.0,2,1.0,2,,,,
19,16,2,All,16,4,0.8888888888888888,18,1.0,2,,0,1.0,2,1.0,2,,,,
19,17,2,All,17,5,0.9444444444444444,18,1.0,2,1.0,1,1.0,1,1.0,1,,,,
19,18,2,All,18,6,0.9444444444444444,18,1.0,2,1.0,1,1.0,1,1.0,1,,,,
22,1,2,All,1,1,0.9411764705882353,17,1.0,2,,0,1.0,1,1.0,1,,,,
22,2,3,All,2,1,0.9629629629629629,27,1.0,3,1.0,2,1.0,1,1.0,1,,,,
22,3,3,All,3,2,0.9629629629629629,27,1.0,3,1.0,3,,0,,0,0.0,0.0,0.0,1.0
22,4,2,All,4,2,0.8888888888888888,18,0.5,2,1.0,1,1.0,1,0.0,1,0.0,1.0,1.0,1.0
22,5,4,All,5,1,0.8888888888888888,36,1.0,4,1.0,2,1.0,2,1.0,2,0.5,1.0,0.5,2.0
22,6,2,All,6,3,0.8888888888888888,18,1.0,2,,0,1.0,2,1.0,2,,,,
22,7,5,All,7,1,0.7777777777777778,45,0.4,5,,0,1.0,5,0.4,5,0.6,1.0,0.4,5.0
22,8,6,All,8,1,0.7777777777777778,54,0.8333333333333334,6,0.5,2,1.0,4,1.0,4,0.625,0.75,0.125,8.0
22,9,4,All,9,2,0.8055555555555556,36,0.5,4,,0,1.0,4,0.5,4,0.3333333333333333,1.0,0.6666666666666666,3.0
22,10,5,All,10,2,0.7111111111111111,45,0.6,5,1.0,1,1.0,4,0.5,4,0.8888888888888888,0.8888888888888888,0.0,9.0
22,11,6,All,11,2,0.9074074074074074,54,0.8333333333333334,6,1.0,3,1.0,3,0.6666666666666666,3,0.5,0.5,0.0,2.0
22,12,2,All,12,4,1.0,18,1.0,2,1.0,2,,0,,0,,,,
22,13,3,All,13,3,0.8148148148148148,27,0.3333333333333333,3,,0,1.0,3,0.3333333333333333,3,0.0,1.0,1.0,2.0
22,14,3,All,14,4,0.7777777777777778,27,0.3333333333333333,3,,0,1.0,3,0.3333333333333333,3,0.0,1.0,1.0,3.0
22,15,2,All,15,5,0.8333333333333334,18,0.5,2,,0,1.0,2,0.5,2,0.0,1.0,1.0,1.0
22,16,4,All,16,3,0.9444444444444444,36,0.75,4,1.0,3,1.0,1,0.0,1,0.0,1.0,1.0,1.0
22,17,2,All,17,6,0.8888888888888888,18,0.5,2,1.0,1,1.0,1,0.0,1,0.0,1.0,1.0,1.0
22,18,5,All,18,3,0.7555555555555555,45,0.4,5,0.5,2,1.0,3,0.3333333333333333,3,0.75,0.875,0.125,8.0
23,1,3,All,1,1,1.0,27,1.0,3,1.0,3,,0,,0,,,,
23,2,2,All,2,1,0.8333333333333334,18,0.5,2,,0,1.0,2,0.5,2,0.0,1.0,1.0,1.0
23,3,2,All,3,2,0.8333333333333334,18,0.5,2,,0,1.0,2,0.5,2,0.0,1.0,1.0,1.0
23,4,2,All,4,3,0.7777777777777778,18,0.0,2,,0,1.0,2,0.0,2,0.0,1.0,1.0,2.0
23,5,3,All,5,2,0.8518518518518519,27,0.6666666666666666,3,1.0,1,1.0,2,0.5,2,0.0,1.0,1.0,2.0
23,6,6,All,6,1,0.8148148148148148,54,0.6666666666666666,6,1.0,2,0.5,4,0.5,4,2.1666666666666665,0.0,-2.1666666666666665,6.0
23,7,4,All,7,1,0.8611111111111112,36,0.5,4,1.0,2,1.0,2,0.0,2,0.0,0.6666666666666666,0.6666666666666666,3.0
23,8,5,All,8,1,0.7555555555555555,45,0.4,5,1.0,2,0.6666666666666666,3,0.0,3,0.875,1.0,0.125,8.0
23,9,6,All,9,2,0.39622641509433965,53,0.5,6,1.0,1,0.75,4,0.25,4,1.3793103448275863,1.896551724137931,0.5172413793103449,29.0
23,10,4,All,10,2,0.7777777777777778,36,0.75,4,1.0,1,0.6666666666666666,3,0.6666666666666666,3,0.6666666666666666,0.8333333333333334,0.16666666666666666,6.0
23,11,5,All,11,2,0.6888888888888889,45,0.4,5,0.5,2,0.6666666666666666,3,0.3333333333333333,3,1.2307692307692308,0.6923076923076923,-0.5384615384615384,13.0
23,12,3,All,12,3,0.8461538461538461,26,0.5,2,,0,1.0,2,0.5,2,0.0,1.0,1.0,1.0
23,13,2,All,13,4,0.9444444444444444,18,1.0,2,1.0,1,1.0,1,1.0,1,,,,
23,14,2,All,14,5,0.7777777777777778,18,0.0,2,,0,0.5,2,0.0,2,0.5,0.5,0.0,2.0
23,15,2,All,15,6,0.8333333333333334,18,0.5,2,,0,1.0,2,0.5,2,0.0,1.0,1.0,1.0
23,16,3,All,16,4,1.0,27,1.0,3,1.0,3,,0,,0,,,,
23,17,6,All,17,3,0.7924528301886793,53,0.6,5,1.0,1,1.0,4,0.5,4,0.5,1.0,0.5,6.0
23,18,4,All,18,3,0.9166666666666666,36,0.75,4,1.0,2,1.0,2,0.5,2,0.0,1.0,1.0,1.0
24,1,2,All,1,1,0.7777777777777778,18,0.0,2,,0,0.5,2,0.0,2,0.5,0.5,0.0,2.0
24,2,2,All,2,2,1.0,18,1.0,2,1.0,2,,0,,0,,,,
24,3,3,All,3,1,0.8518518518518519,27,0.3333333333333333,3,0.5,2,1.0,1,0.0,1,0.0,0.3333333333333333,0.3333333333333333,3.0
24,4,6,All,4,1,0.5,54,0.16666666666666666,6,,0,0.5,6,0.16666666666666666,6,2.08,1.6,-0.48,25.0
24,5,2,All,5,3,0.8888888888888888,18,1.0,2,1.0,1,1.0,1,1.0,1,0.5,0.0,-0.5,2.0
24,6,5,All,6,1,0.7777777777777778,45,0.8,5,1.0,2,1.0,3,0.6666666666666666,3,0.8888888888888888,0.6666666666666666,-0.2222222222222222,9.0
24,7,3,All,7,2,0.8888888888888888,27,0.6666666666666666,3,1.0,1,1.0,2,0.5,2,0.5,1.0,0.5,2.0
24,8,4,All,8,1,0.8055555555555556,36,0.5,4,,0,0.75,4,0.5,4,0.3333333333333333,1.0,0.6666666666666666,3.0
24,9,5,All,9,2,0.8444444444444444,45,0.8,5,1.0,3,1.0,2,0.5,2,0.4,1.0,0.6,5.0
24,10,6,All,10,2,0.7222222222222222,54,0.5,6,1.0,2,0.75,4,0.25,4,1.0,1.3636363636363635,0.36363636363636365,11.0
24,11,4,All,11,2,0.8333333333333334,36,0.75,4,1.0,2,1.0,2,0.5,2,0.5,0.5,0.0,4.0
24,12,2,All,12,4,0.8333333333333334,18,0.5,2,1.0,1,1.0,1,0.0,1,0.0,0.5,0.5,2.0
24,13,2,All,13,5,0.8888888888888888,18,1.0,2,1.0,1,1.0,1,1.0,1,1.0,0.0,-1.0,1.0
24,14,3,All,14,3,0.7777777777777778,27,0.0,3,,0,0.6666666666666666,3,0.0,3,0.3333333333333333,0.6666666666666666,0.3333333333333333,3.0
24,15,6,All,15,3,0.8703703703703703,54,0.6666666666666666,6,1.0,2,1.0,4,0.5,4,0.3333333333333333,1.0,0.6666666666666666,3.0
24,16,2,All,16,6,0.8333333333333334,18,1.0,2,,0,1.0,2,1.0,2,0.0,1.0,1.0,1.0
24,17,5,All,17,3,0.8666666666666667,45,0.6,5,0.5,2,1.0,3,0.6666666666666666,3,0.0,0.6666666666666666,0.6666666666666666,3.0
24,18,3,All,18,4,0.8148148148148148,27,0.6666666666666666,3,1.0,1,1.0,2,0.5,2,0.3333333333333333,0.6666666666666666,0.3333333333333333,3.0
25,1,2,All,1,1,0.8333333333333334,18,1.0,2,,0,1.0,2,1.0,2,1.0,0.0,-1.0,1.0
25,2,4,All,2,1,0.8235294117647058,34,0.6666666666666666,3,1.0,1,1.0,2,0.5,2,0.6666666666666666,0.6666666666666666,0.0,3.0
25,3,3,All,3,1,0.8148148148148148,27,1.0,3,1.0,2,1.0,1,1.0,1,1.0,0.0,-1.0,4.0
25,4,3,All,4,2,0.7777777777777778,27,0.6666666666666666,3,1.0,1,1.0,2,0.5,2,0.5,1.0,0.5,4.0
25,5,5,All,5,1,0.7674418604651163,43,0.5,4,0.6666666666666666,3,1.0,1,0.0,1,0.5,0.5,0.0,8.0
25,6,2,All,6,2,0.8823529411764706,17,0.5,2,1.0,1,1.0,1,0.0,1,0.0,1.0,1.0,1.0
25,7,2,All,7,3,0.7222222222222222,18,0.0,2,0.0,1,1.0,1,0.0,1,0.25,0.75,0.5,4.0
25,8,6,All,8,1,0.4528301886792453,53,0.3333333333333333,6,,0,0.6666666666666666,6,0.3333333333333333,6,3.4444444444444446,2.5,-0.9444444444444444,36.0
25,9,4,All,9,2,0.7777777777777778,36,0.5,4,1.0,1,1.0,3,0.3333333333333333,3,0.4,1.2,0.8,5.0
25,10,5,All,10,2,0.8,45,0.6,5,1.0,1,1.0,4,0.5,4,0.8,1.0,0.2,5.0
25,11,6,All,11,2,0.7169811320754716,53,0.3333333333333333,6,1.0,2,0.75,4,0.0,4,1.0,1.1818181818181819,0.18181818181818182,11.0
25,12,2,All,12,4,0.9444444444444444,18,1.0,2,1.0,1,1.0,1,1.0,1,,,,
25,13,4,All,13,3,0.7222222222222222,36,0.25,4,,0,0.75,4,0.25,4,0.8333333333333334,1.1666666666666667,0.3333333333333333,6.0
25,14,3,All,14,3,0.7407407407407407,27,0.3333333333333333,3,,0,0.6666666666666666,3,0.3333333333333333,3,0.5,1.0,0.5,4.0
25,15,3,All,15,4,1.0,25,1.0,3,1.0,3,,0,,0,,,,
25,16,5,All,16,3,0.8888888888888888,45,0.8,5,1.0,2,1.0,3,0.6666666666666666,3,0.5,1.0,0.5,2.0
25,17,2,All,17,5,0.8333333333333334,18,0.5,2,1.0,1,1.0,1,0.0,1,0.5,1.0,0.5,2.0
25,18,2,All,18,6,0.9444444444444444,18,1.0,2,1.0,1,1.0,1,1.0,1,,,,
26,1,4,All,1,1,0.9444444444444444,36,1.0,4,1.0,2,1.0,2,1.0,2,,,,
26,2,3,All,2,1,0.8846153846153846,26,0.6666666666666666,3,1.0,2,1.0,1,0.0,1,0.0,0.5,0.5,2.0
26,3,2,All,3,1,1.0,17,1.0,2,1.0,2,,0,,0,,,,
26,4,2,All,4,2,0.7647058823529411,17,0.0,2,,0,1.0,2,0.0,2,0.0,1.0,1.0,2.0
26,5,3,All,5,2,0.8518518518518519,27,1.0,3,1.0,1,1.0,2,1.0,2,0.5,0.5,0.0,2.0
26,6,6,All,6,1,0.7358490566037735,53,0.8333333333333334,6,1.0,3,1.0,2,1.0,2,1.0,0.4666666666666667,-0.5333333333333333,15.0
26,7,5,All,7,1,0.6976744186046512,43,0.6,5,1.0,1,0.5,4,0.5,4,1.3636363636363635,1.4545454545454546,0.09090909090909091,11.0
26,8,2,All,8,3,0.8333333333333334,18,1.0,2,,0,1.0,2,1.0,2,0.5,0.5,0.0,2.0
26,9,4,All,9,2,0.6944444444444444,36,0.25,4,,0,0.5,4,0.25,4,1.0,0.7142857142857143,-0.2857142857142857,7.0
26,10,5,All,10,2,0.6,45,0.4,5,1.0,1,0.5,4,0.25,4,1.92,1.84,-0.08,25.0
26,11,6,All,11,2,0.4230769230769231,52,0.16666666666666666,6,0.5,2,0.75,4,0.0,4,1.4814814814814814,1.0740740740740742,-0.4074074074074074,27.0
26,12,4,All,12,3,0.6111111111111112,36,0.0,4,0.0,1,0.6666666666666666,3,0.0,3,0.6363636363636364,1.0909090909090908,0.45454545454545453,11.0
26,13,3,All,13,3,0.7777777777777778,27,0.3333333333333333,3,,0,1.0,3,0.3333333333333333,3,0.3333333333333333,1.0,0.6666666666666666,3.0
26,14,2,All,14,4,0.7777777777777778,18,0.0,2,,0,1.0,2,0.0,2,0.0,1.0,1.0,2.0
26,15,2,All,15,5,0.7777777777777778,18,0.5,2,,0,1.0,2,0.5,2,0.5,1.0,0.5,2.0
26,16,3,All,16,4,0.9259259259259259,27,0.6666666666666666,3,1.0,2,1.0,1,0.0,1,0.0,1.0,1.0,1.0
26,17,6,All,17,3,0.49056603773584906,53,0.0,6,,0,0.8333333333333334,6,0.0,6,1.0476190476190477,1.5714285714285714,0.5238095238095238,21.0
26,18,5,All,18,3,0.5581395348837209,43,0.6,5,1.0,1,0.75,4,0.5,4,1.6666666666666667,1.6666666666666667,0.0,18.0
27,1,3,All,1,1,0.6296296296296297,27,0.0,3,,0,1.0,3,0.0,3,0.7142857142857143,1.0,0.2857142857142857,7.0
27,2,2,All,2,1,0.8888888888888888,18,1.0,2,1.0,1,1.0,1,1.0,1,0.0,1.0,1.0,1.0
27,3,4,All,3,1,0.75,36,0.5,4,1.0,1,0.6666666666666666,3,0.3333333333333333,3,1.5,0.625,-0.875,8.0
27,4,6,All,4,1,0.5384615384615384,52,0.2,5,0.5,2,0.3333333333333333,3,0.0,3,1.5909090909090908,1.4545454545454546,-0.13636363636363635,22.0
27,5,2,All,5,2,0.8823529411764706,17,0.5,2,1.0,1,1.0,1,0.0,1,0.0,1.0,1.0,1.0
27,6,2,All,6,3,0.9444444444444444,18,1.0,2,1.0,2,,0,,0,0.0,0.0,0.0,1.0
27,7,3,All,7,2,0.7777777777777778,27,0.6666666666666666,3,1.0,1,1.0,2,0.5,2,0.5,1.25,0.75,4.0
27,8,5,All,8,1,0.3170731707317073,41,0.4,5,0.3333333333333333,3,1.0,2,0.5,2,2.138888888888889,1.7222222222222223,-0.4166666666666667,36.0
27,9,4,All,9,2,0.8888888888888888,36,0.75,4,1.0,2,1.0,2,0.5,2,0.5,1.0,0.5,2.0
27,10,5,All,10,2,0.7333333333333333,45,0.6,5,1.0,1,1.0,4,0.5,4,0.5555555555555556,0.8888888888888888,0.3333333333333333,9.0
27,11,6,All,11,2,0.3541666666666667,48,0.3333333333333333,6,0.5,2,0.5,4,0.25,4,1.775,2.225,0.45,40.0
27,12,3,All,12,3,0.9259259259259259,27,1.0,3,1.0,1,1.0,2,1.0,2,,,,
27,13,2,All,13,4,0.9444444444444444,18,1.0,2,1.0,2,,0,,0,0.0,0.0,0.0,1.0
27,14,4,All,14,3,0.7222222222222222,36,0.5,4,1.0,2,0.0,2,0.0,2,0.875,0.875,0.0,8.0
27,15,6,All,15,3,0.42592592592592593,54,0.0,6,0.0,1,0.2,5,0.0,5,1.9393939393939394,1.9696969696969697,0.030303030303030304,33.0
27,16,2,All,16,5,0.9444444444444444,18,1.0,2,1.0,1,1.0,1,1.0,1,,,,
27,17,2,All,17,6,0.8333333333333334,18,1.0,2,1.0,1,1.0,1,1.0,1,1.0,0.0,-1.0,4.0
27,18,3,All,18,4,0.6666666666666666,27,0.3333333333333333,3,,0,1.0,3,0.3333333333333333,3,1.1428571428571428,1.2857142857142858,0.14285714285714285,7.0
28,1,2,All,1,1,0.8333333333333334,18,0.5,2,,0,1.0,2,0.5,2,0.0,1.0,1.0,1.0
28,2,6,All,2,1,0.5555555555555556,54,0.5,6,0.6666666666666666,3,0.6666666666666666,3,0.3333333333333333,3,2.413793103448276,1.7241379310344827,-0.6896551724137931,29.0
28,3,3,All,3,1,0.8888888888888888,27,0.6666666666666666,3,1.0,1,1.0,2,0.5,2,0.0,1.0,1.0,1.0
28,4,2,All,4,2,0.6666666666666666,12,0.0,2,,0,1.0,1,0.0,1,0.0,0.6666666666666666,0.6666666666666666,3.0
28,5,4,All,5,1,0.8055555555555556,36,0.25,4,,0,0.75,4,0.25,4,0.3333333333333333,0.6666666666666666,0.3333333333333333,3.0
28,6,5,All,6,1,0.8181818181818182,44,0.8,5,1.0,2,1.0,3,0.6666666666666666,3,0.8,0.8,0.0,5.0
28,7,2,All,7,3,0.7777777777777778,18,0.5,2,,0,1.0,2,0.5,2,0.0,1.0,1.0,2.0
28,8,3,All,8,2,0.8518518518518519,27,0.6666666666666666,3,,0,0.6666666666666666,3,0.6666666666666666,3,1.0,0.0,-1.0,1.0
28,9,4,All,9,2,0.8888888888888888,36,0.5,4,1.0,2,1.0,2,0.0,2,0.0,1.0,1.0,2.0
28,10,6,All,10,2,0.7777777777777778,54,0.5,6,1.0,2,0.5,4,0.25,4,0.625,1.25,0.625,8.0
28,11,5,All,11,2,0.6444444444444445,45,0.6,5,1.0,2,1.0,3,0.3333333333333333,3,1.3571428571428572,1.7857142857142858,0.42857142857142855,14.0
28,12,2,All,12,4,0.8888888888888888,18,0.5,2,1.0,1,1.0,1,0.0,1,0.0,1.0,1.0,1.0
28,13,6,All,13,3,0.5471698113207547,53,0.5,6,1.0,2,1.0,4,0.25,4,2.1739130434782608,1.8695652173913044,-0.30434782608695654,23.0
28,14,3,All,14,3,0.8518518518518519,27,0.6666666666666666,3,,0,1.0,3,0.6666666666666666,3,0.0,1.0,1.0,1.0
28,15,2,All,15,5,0.8888888888888888,18,0.5,2,1.0,1,1.0,1,0.0,1,0.0,1.0,1.0,1.0
28,16,4,All,16,3,0.7777777777777778,36,1.0,4,1.0,1,1.0,3,1.0,3,0.3333333333333333,0.8333333333333334,0.5,6.0
28,17,5,All,17,3,0.7555555555555555,45,0.4,5,1.0,1,1.0,4,0.25,4,0.8571428571428571,1.0,0.14285714285714285,7.0
28,18,2,All,18,6,0.8888888888888888,18,0.5,2,1.0,1,1.0,1,0.0,1,0.0,1.0,1.0,1.0
29,1,6,All,1,1,0.8148148148148148,54,0.8333333333333334,6,,0,0.8333333333333334,6,0.8333333333333334,6,0.4,1.0,0.6,5.0
29,2,2,All,2,1,0.8888888888888888,18,1.0,2,1.0,1,1.0,1,1.0,1,1.0,0.0,-1.0,1.0
29,3,2,All,3,2,0.8333333333333334,18,0.5,2,,0,1.0,2,0.5,2,0.0,1.0,1.0,1.0
29,4,5,All,4,1,0.8222222222222222,45,0.6,5,1.0,1,1.0,4,0.5,4,0.25,1.0,0.75,4.0
29,5,3,All,5,1,0.8518518518518519,27,0.6666666666666666,3,1.0,1,1.0,2,0.5,2,0.5,1.0,0.5,2.0
29,6,3,All,6,2,0.8518518518518519,27,0.3333333333333333,3,1.0,1,1.0,2,0.0,2,0.0,1.0,1.0,2.0
29,7,4,All,7,1,0.8333333333333334,36,0.5,4,1.0,2,1.0,2,0.0,2,0.5,1.25,0.75,4.0
29,8,2,All,8,3,0.8888888888888888,18,1.0,2,1.0,1,1.0,1,1.0,1,0.0,0.0,0.0,1.0
29,9,6,All,9,2,0.8148148148148148,54,0.6666666666666666,6,1.0,2,0.75,4,0.5,4,1.1666666666666667,1.0,-0.16666666666666666,6.0
29,10,4,All,10,2,0.9444444444444444,36,0.75,4,1.0,3,1.0,1,0.0,1,0.0,1.0,1.0,1.0
29,11,5,All,11,2,0.6590909090909091,44,0.2,5,,0,1.0,5,0.2,5,0.6,1.0,0.4,10.0
29,12,6,All,12,3,0.8518518518518519,54,0.6666666666666666,6,1.0,2,1.0,4,0.5,4,0.0,1.0,1.0,4.0
29,13,2,All,13,4,0.8333333333333334,18,0.5,2,,0,1.0,2,0.5,2,0.0,1.0,1.0,1.0
29,14,2,All,14,5,0.9444444444444444,18,1.0,2,1.0,1,1.0,1,1.0,1,,,,
29,15,5,All,15,3,0.9090909090909091,44,0.75,4,1.0,2,1.0,2,0.5,2,0.0,1.0,1.0,1.0
29,16,3,All,16,3,0.8518518518518519,27,0.3333333333333333,3,1.0,1,1.0,2,0.0,2,0.0,1.0,1.0,2.0
29,17,3,All,17,4,0.9230769230769231,26,1.0,3,1.0,1,1.0,2,1.0,2,,,,
29,18,4,All,18,3,0.8055555555555556,36,0.5,4,,0,0.75,4,0.5,4,0.3333333333333333,1.0,0.6666666666666666,3.0
30,1,2,All,1,1,1.0,18,1.0,2,1.0,2,,0,,0,,,,
30,2,5,All,2,1,0.7906976744186046,43,0.75,4,1.0,1,1.0,3,0.6666666666666666,3,0.4,0.6,0.2,5.0
30,3,6,All,3,1,0.7169811320754716,53,0.6666666666666666,6,0.6666666666666666,3,1.0,3,0.6666666666666666,3,0.9166666666666666,1.25,0.3333333333333333,12.0
30,4,3,All,4,1,0.8148148148148148,27,0.3333333333333333,3,1.0,1,1.0,2,0.0,2,0.3333333333333333,1.0,0.6666666666666666,3.0
30,5,2,All,5,2,0.7777777777777778,18,0.0,2,,0,1.0,2,0.0,2,0.0,1.0,1.0,2.0
30,6,2,All,6,3,0.9444444444444444,18,1.0,2,1.0,1,1.0,1,1.0,1,,,,
30,7,3,All,7,2,0.8518518518518519,27,0.6666666666666666,3,1.0,1,1.0,2,0.5,2,0.0,0.5,0.5,2.0
30,8,4,All,8,1,0.8333333333333334,36,0.5,4,,0,1.0,4,0.5,4,0.0,1.0,1.0,2.0
30,9,5,All,9,2,0.5853658536585366,41,0.5,4,1.0,2,0.0,2,0.0,2,1.0,1.0714285714285714,0.07142857142857142,14.0
30,10,4,All,10,2,0.8611111111111112,36,0.75,4,1.0,2,1.0,2,0.5,2,0.3333333333333333,1.0,0.6666666666666666,3.0
30,11,6,All,11,2,0.6666666666666666,54,0.5,6,1.0,1,0.8,5,0.4,5,1.3571428571428572,0.9285714285714286,-0.42857142857142855,14.0
30,12,2,All,12,4,0.7777777777777778,18,0.0,2,,0,1.0,2,0.0,2,0.0,1.0,1.0,2.0
30,13,5,All,13,3,0.7333333333333333,45,0.4,5,,0,0.8,5,0.4,5,0.7142857142857143,1.1428571428571428,0.42857142857142855,7.0
30,14,6,All,14,3,0.7924528301886793,53,0.8333333333333334,6,1.0,3,1.0,3,0.6666666666666666,3,0.875,0.375,-0.5,8.0
30,15,3,All,15,3,0.9259259259259259,27,1.0,3,1.0,2,1.0,1,1.0,1,0.0,0.0,0.0,1.0
30,16,2,All,16,5,0.9444444444444444,18,1.0,2,1.0,1,1.0,1,1.0,1,,,,
30,17,2,All,17,6,0.9444444444444444,18,1.0,2,1.0,1,1.0,1,1.0,1,,,,
30,18,3,All,18,4,0.9259259259259259,27,1.0,3,1.0,1,1.0,2,1.0,2,,,,
31,1,5,All,1,1,0.6888888888888889,45,0.4,5,1.0,2,0.0,3,0.0,3,1.1818181818181819,0.2727272727272727,-0.9090909090909091,11.0
31,2,3,All,2,1,0.8846153846153846,26,1.0,2,1.0,1,1.0,1,1.0,1,0.0,1.0,1.0,1.0
31,3,2,All,3,1,0.8888888888888888,18,1.0,2,1.0,1,1.0,1,1.0,1,0.0,1.0,1.0,1.0
31,4,2,All,4,2,0.75,16,0.0,2,0.0,1,0.0,1,0.0,1,0.3333333333333333,0.6666666666666666,0.3333333333333333,3.0
31,5,6,All,5,1,0.5370370370370371,54,0.3333333333333333,6,0.3333333333333333,3,0.6666666666666666,3,0.3333333333333333,3,3.4516129032258065,1.3225806451612903,-2.129032258064516,31.0
31,6,4,All,6,1,0.7777777777777778,36,0.5,4,1.0,1,0.3333333333333333,3,0.3333333333333333,3,2.2,0.0,-2.2,5.0
31,7,2,All,7,3,0.7647058823529411,17,0.5,2,,0,1.0,1,1.0,1,0.3333333333333333,0.3333333333333333,0.0,3.0
31,8,3,All,8,2,0.9259259259259259,27,1.0,3,1.0,1,1.0,2,1.0,2,,,,
31,9,5,All,9,2,0.8,45,0.6,5,1.0,2,0.6666666666666666,3,0.3333333333333333,3,0.6666666666666666,0.8333333333333334,0.16666666666666666,6.0
31,10,4,All,10,2,0.5555555555555556,36,0.5,4,,0,0.5,4,0.5,4,1.3333333333333333,1.5,0.16666666666666666,12.0
31,11,6,All,11,2,0.48148148148148145,54,0.5,6,0.6666666666666666,3,0.6666666666666666,3,0.3333333333333333,3,2.697674418604651,2.744186046511628,0.046511627906976744,43.0
31,12,5,All,12,3,0.6444444444444445,45,0.8,5,1.0,1,0.75,4,0.75,4,3.2777777777777777,1.9444444444444444,-1.3333333333333333,18.0
31,13,3,All,13,3,0.6666666666666666,27,0.0,3,0.0,2,1.0,1,0.0,1,0.875,1.125,0.25,8.0
31,14,2,All,14,4,0.8888888888888888,18,1.0,2,1.0,1,1.0,1,1.0,1,0.0,1.0,1.0,1.0
31,15,2,All,15,5,0.9444444444444444,18,1.0,2,1.0,1,1.0,1,1.0,1,,,,
31,16,6,All,16,3,0.7962962962962963,54,0.6666666666666666,6,1.0,2,1.0,4,0.5,4,1.4285714285714286,1.0,-0.42857142857142855,7.0
31,17,4,All,17,3,0.8611111111111112,36,0.75,4,1.0,2,0.5,2,0.5,2,0.6666666666666666,0.6666666666666666,0.0,3.0
31,18,2,All,18,6,0.8888888888888888,18,1.0,2,1.0,1,1.0,1,1.0,1,0.0,1.0,1.0,1.0
32,1,3,All,1,1,0.7692307692307693,26,1.0,3,1.0,2,1.0,1,1.0,1,0.6,0.2,-0.4,5.0
32,2,2,All,2,1,0.7777777777777778,18,0.0,2,0.0,1,1.0,1,0.0,1,0.3333333333333333,0.6666666666666666,0.3333333333333333,3.0
32,3,5,All,3,1,0.6136363636363636,44,0.4,5,1.0,1,0.25,4,0.25,4,2.0,1.8,-0.2,15.0
32,4,4,All,4,1,0.8611111111111112,36,0.75,4,1.0,1,1.0,3,0.6666666666666666,3,0.75,0.75,0.0,4.0
32,5,2,All,5,2,0.75,12,0.5,2,,0,1.0,2,0.5,2,0.0,1.0,1.0,1.0
32,6,3,All,6,2,0.8148148148148148,27,0.3333333333333333,3,1.0,1,1.0,2,0.0,2,0.3333333333333333,1.0,0.6666666666666666,3.0
32,7,6,All,7,1,0.8518518518518519,54,0.6666666666666666,6,1.0,3,1.0,3,0.3333333333333333,3,0.4,1.0,0.6,5.0
32,8,2,All,8,3,0.7222222222222222,18,0.0,2,,0,1.0,2,0.0,2,0.3333333333333333,1.0,0.6666666666666666,3.0
32,9,4,All,9,2,0.6388888888888888,36,0.25,4,,0,0.75,4,0.25,4,1.0,1.4444444444444444,0.4444444444444444,9.0
32,10,5,All,10,2,0.7777777777777778,45,0.8,5,1.0,4,1.0,1,0.0,1,0.8888888888888888,1.3333333333333333,0.4444444444444444,9.0
32,11,6,All,11,2,0.6226415094339622,53,0.2,5,1.0,1,0.75,4,0.0,4,1.2222222222222223,1.6666666666666667,0.4444444444444444,18.0
32,12,3,All,12,3,0.8518518518518519,27,0.6666666666666666,3,1.0,2,1.0,1,0.0,1,1.0,1.0,0.0,3.0
32,13,2,All,13,4,0.8333333333333334,18,0.5,2,1.0,1,0.0,1,0.0,1,0.5,1.0,0.5,2.0
32,14,5,All,14,3,0.7777777777777778,45,0.6,5,1.0,2,1.0,3,0.3333333333333333,3,0.7142857142857143,1.2857142857142858,0.5714285714285714,7.0
32,15,4,All,15,3,0.9166666666666666,36,1.0,4,1.0,1,1.0,3,1.0,3,,,,
32,16,2,All,16,5,0.8888888888888888,18,0.5,2,0.0,1,1.0,1,1.0,1,0.0,0.0,0.0,1.0
32,17,3,All,17,4,0.8518518518518519,27,0.6666666666666666,3,0.0,1,1.0,2,1.0,2,0.0,0.5,0.5,2.0
32,18,6,All,18,3,0.9444444444444444,54,1.0,6,1.0,5,1.0,1,1.0,1,0.5,0.0,-0.5,2.0
33,1,6,All,1,1,0.7037037037037037,54,0.6666666666666666,6,1.0,2,0.5,4,0.5,4,1.25,0.6666666666666666,-0.5833333333333334,12.0
33,2,2,All,2,1,1.0,18,1.0,2,1.0,2,,0,,0,,,,
33,3,3,All,3,1,0.8518518518518519,27,0.6666666666666666,3,1.0,1,0.5,2,0.5,2,0.5,1.0,0.5,2.0
33,4,4,All,4,1,0.8888888888888888,36,0.75,4,1.0,2,1.0,2,0.5,2,0.0,0.5,0.5,2.0
33,5,2,All,5,2,0.7777777777777778,18,0.0,2,,0,1.0,2,0.0,2,0.0,1.0,1.0,2.0
33,6,5,All,6,1,0.7954545454545454,44,0.4,5,,0,0.8,5,0.4,5,0.5,0.75,0.25,4.0
33,7,2,All,7,3,1.0,18,1.0,2,1.0,2,,0,,0,,,,
33,8,3,All,8,2,0.8518518518518519,27,0.6666666666666666,3,1.0,2,1.0,1,0.0,1,0.3333333333333333,0.3333333333333333,0.0,3.0
33,9,6,All,9,2,0.5740740740740741,54,0.5,6,0.5,2,0.75,4,0.5,4,1.4761904761904763,1.8095238095238095,0.3333333333333333,21.0
33,10,5,All,10,2,0.7555555555555555,45,0.4,5,1.0,1,0.75,4,0.25,4,0.5714285714285714,1.0,0.42857142857142855,7.0
33,11,4,All,11,2,0.75,36,0.5,4,1.0,2,0.5,2,0.0,2,1.0,0.8571428571428571,-0.14285714285714285,7.0
33,12,6,All,12,3,0.7222222222222222,54,1.0,6,1.0,1,1.0,5,1.0,5,1.4,0.8,-0.6,10.0
33,13,2,All,13,4,0.8333333333333334,18,0.5,2,,0,1.0,2,0.5,2,0.0,1.0,1.0,1.0
33,14,3,All,14,3,0.9629629629629629,27,1.0,3,1.0,2,1.0,1,1.0,1,,,,
33,15,4,All,15,3,0.7777777777777778,36,0.5,4,1.0,1,0.6666666666666666,3,0.3333333333333333,3,0.4,0.8,0.4,5.0
33,16,2,All,16,5,0.9444444444444444,18,1.0,2,1.0,2,,0,,0,0.0,0.0,0.0,1.0
33,17,5,All,17,3,0.8,45,0.4,5,1.0,1,0.5,4,0.25,4,0.8,0.6,-0.2,5.0
33,18,2,All,18,6,0.8333333333333334,18,0.5,2,1.0,1,1.0,1,0.0,1,0.5,1.0,0.5,2.0
34,1,2,All,1,1,0.8333333333333334,18,1.0,2,,0,1.0,2,1.0,2,0.0,1.0,1.0,1.0
34,2,4,All,2,1,0.4857142857142857,35,0.5,4,,0,0.6666666666666666,3,0.3333333333333333,3,1.0588235294117647,1.3529411764705883,0.29411764705882354,17.0
34,3,6,All,3,1,0.5,52,0.16666666666666666,6,1.0,1,0.6,5,0.0,5,2.096774193548387,1.8709677419354838,-0.22580645161290322,31.0
34,4,5,All,4,1,0.6888888888888889,45,0.4,5,,0,0.6,5,0.4,5,0.7777777777777778,1.0,0.2222222222222222,9.0
34,5,3,All,5,1,0.7307692307692307,26,0.6666666666666666,3,,0,1.0,3,0.6666666666666666,3,0.5,1.25,0.75,4.0
34,6,3,All,6,2,0.7777777777777778,27,0.3333333333333333,3,,0,0.6666666666666666,3,0.3333333333333333,3,0.6666666666666666,0.6666666666666666,0.0,3.0
34,7,2,All,7,2,0.8823529411764706,17,0.5,2,1.0,1,1.0,1,0.0,1,0.0,1.0,1.0,1.0
34,8,2,All,8,3,0.7777777777777778,18,0.5,2,,0,0.5,2,0.5,2,0.5,1.0,0.5,2.0
34,9,6,All,9,2,0.6792452830188679,53,0.6,5,1.0,2,0.3333333333333333,3,0.3333333333333333,3,1.3076923076923077,1.3846153846153846,0.07692307692307693,13.0
34,10,4,All,10,2,0.75,36,0.25,4,0.0,1,1.0,3,0.3333333333333333,3,0.3333333333333333,0.8333333333333334,0.5,6.0
34,11,5,All,11,2,0.9333333333333333,45,0.8,5,1.0,3,0.5,2,0.5,2,1.0,0.0,-1.0,1.0
34,12,2,All,12,4,0.8333333333333334,18,0.5,2,,0,1.0,2,0.5,2,0.0,1.0,1.0,1.0
34,13,4,All,13,3,0.8333333333333334,36,0.75,4,1.0,1,1.0,3,0.6666666666666666,3,0.3333333333333333,0.3333333333333333,0.0,3.0
34,14,6,All,14,3,0.4716981132075472,53,0.5,6,1.0,2,0.5,4,0.25,4,2.259259259259259,1.8148148148148149,-0.4444444444444444,27.0
34,15,5,All,15,3,0.75,44,0.6,5,1.0,2,0.6666666666666666,3,0.3333333333333333,3,0.625,0.875,0.25,8.0
34,16,3,All,16,3,0.7777777777777778,27,0.6666666666666666,3,1.0,1,1.0,2,0.5,2,0.25,0.75,0.5,4.0
34,17,3,All,17,4,0.8518518518518519,27,0.6666666666666666,3,1.0,1,1.0,2,0.5,2,0.5,1.0,0.5,2.0
34,18,2,All,18,5,0.8888888888888888,18,0.5,2,1.0,1,1.0,1,0.0,1,0.0,1.0,1.0,1.0
36,1,5,All,1,1,0.45454545454545453,44,0.4,5,1.0,1,1.0,4,0.25,4,1.9166666666666667,1.625,-0.2916666666666667,24.0
36,2,3,All,2,1,0.7037037037037037,27,0.3333333333333333,3,1.0,1,0.5,2,0.0,2,0.8333333333333334,0.6666666666666666,-0.16666666666666666,6.0
36,3,4,All,3,1,0.7222222222222222,36,0.0,4,0.0,1,0.3333333333333333,3,0.0,3,0.8571428571428571,0.2857142857142857,-0.5714285714285714,7.0
36,4,2,All,4,1,0.8333333333333334,18,0.5,2,1.0,1,0.0,1,0.0,1,0.5,0.0,-0.5,2.0
36,5,2,All,5,2,0.9411764705882353,17,1.0,2,1.0,1,1.0,1,1.0,1,,,,
36,6,2,All,6,3,0.8888888888888888,18,1.0,2,1.0,1,1.0,1,1.0,1,1.0,0.0,-1.0,1.0
36,7,6,All,7,1,0.7777777777777778,54,0.5,6,0.6666666666666666,3,0.3333333333333333,3,0.3333333333333333,3,1.7777777777777777,0.0,-1.7777777777777777,9.0
36,8,3,All,8,2,0.8148148148148148,27,0.3333333333333333,3,0.0,2,1.0,1,1.0,1,0.75,0.0,-0.75,4.0
36,9,5,All,9,2,0.627906976744186,43,0.6,5,1.0,2,1.0,3,0.3333333333333333,3,2.0555555555555554,2.3333333333333335,0.2777777777777778,18.0
36,10,4,All,10,2,0.8888888888888888,36,0.75,4,1.0,2,1.0,2,0.5,2,0.5,0.5,0.0,2.0
36,11,6,All,11,2,0.5384615384615384,52,0.3333333333333333,6,0.3333333333333333,3,0.5,2,0.5,2,1.6896551724137931,1.1379310344827587,-0.5517241379310345,29.0
36,12,5,All,12,3,0.7209302325581395,43,0.8,5,1.0,1,0.75,4,0.75,4,0.75,1.125,0.375,8.0
36,13,3,All,13,3,0.8518518518518519,27,0.6666666666666666,3,1.0,1,1.0,2,0.5,2,0.5,1.0,0.5,2.0
36,14,4,All,14,3,0.7428571428571429,35,0.5,4,1.0,1,1.0,3,0.3333333333333333,3,1.1666666666666667,1.0,-0.16666666666666666,6.0
36,15,2,All,15,4,0.7647058823529411,17,0.0,2,0.0,1,0.0,1,0.0,1,0.3333333333333333,0.6666666666666666,0.3333333333333333,3.0
36,16,2,All,16,5,0.8333333333333334,18,1.0,2,,0,1.0,2,1.0,2,0.0,1.0,1.0,1.0
36,17,2,All,17,6,0.8888888888888888,18,0.5,2,1.0,1,0.0,1,0.0,1,1.0,0.0,-1.0,1.0
36,18,6,All,18,3,0.7058823529411765,51,0.4,5,,0,0.75,4,0.25,4,1.1666666666666667,1.5833333333333333,0.4166666666666667,12.0
37,1,3,All,1,1,0.8888888888888888,27,0.6666666666666666,3,0.5,2,1.0,1,1.0,1,0.0,0.5,0.5,2.0
37,2,2,All,2,1,0.7777777777777778,18,0.0,2,,0,0.5,2,0.0,2,0.5,0.5,0.0,2.0
37,3,5,All,3,1,0.7954545454545454,44,0.75,4,1.0,2,0.5,2,0.5,2,1.0,0.8571428571428571,-0.14285714285714285,7.0
37,4,2,All,4,2,0.7222222222222222,18,0.5,2,,0,1.0,2,0.5,2,0.6666666666666666,1.3333333333333333,0.6666666666666666,3.0
37,5,4,All,5,1,0.8333333333333334,36,0.75,4,1.0,1,1.0,3,0.6666666666666666,3,0.3333333333333333,0.6666666666666666,0.3333333333333333,3.0
37,6,3,All,6,2,0.8076923076923077,26,0.3333333333333333,3,,0,1.0,2,0.5,2,0.0,0.6666666666666666,0.6666666666666666,3.0
37,7,2,All,7,3,1.0,18,1.0,2,1.0,2,,0,,0,,,,
37,8,6,All,8,1,0.8703703703703703,54,0.8333333333333334,6,0.8,5,1.0,1,1.0,1,0.3333333333333333,0.3333333333333333,0.0,6.0
37,9,4,All,9,2,0.8333333333333334,36,0.5,4,1.0,1,1.0,3,0.3333333333333333,3,0.3333333333333333,1.0,0.6666666666666666,3.0
37,10,5,All,10,2,0.7333333333333333,45,0.6,5,,0,0.8,5,0.6,5,1.2857142857142858,1.0,-0.2857142857142857,7.0
37,11,6,All,11,2,0.5849056603773585,53,0.4,5,1.0,1,0.5,4,0.25,4,2.1739130434782608,2.6956521739130435,0.5217391304347826,23.0
37,12,3,All,12,3,0.9259259259259259,27,0.6666666666666666,3,0.5,2,1.0,1,1.0,1,0.0,0.0,0.0,1.0
37,13,2,All,13,4,0.8333333333333334,18,0.5,2,,0,1.0,2,0.5,2,0.0,1.0,1.0,1.0
37,14,5,All,14,3,0.6976744186046512,43,0.4,5,1.0,2,1.0,3,0.0,3,1.0,1.5454545454545454,0.5454545454545454,11.0
37,15,2,All,15,5,0.8888888888888888,18,1.0,2,,0,1.0,2,1.0,2,,,,
37,16,4,All,16,3,0.8888888888888888,36,0.75,4,1.0,2,1.0,2,0.5,2,0.5,1.0,0.5,2.0
37,17,3,All,17,4,0.8888888888888888,27,0.6666666666666666,3,1.0,1,1.0,2,0.5,2,0.0,1.0,1.0,1.0
37,18,2,All,18,6,0.8333333333333334,18,0.5,2,1.0,1,1.0,1,0.0,1,0.5,1.0,0.5,2.0
38,1,2,All,1,1,0.8333333333333334,18,0.5,2,1.0,1,1.0,1,0.0,1,0.0,0.5,0.5,2.0
38,2,2,All,2,2,0.8333333333333334,18,0.5,2,,0,1.0,2,0.5,2,0.0,1.0,1.0,1.0
38,3,3,All,3,1,0.8888888888888888,27,0.6666666666666666,3,1.0,1,1.0,2,0.5,2,0.0,1.0,1.0,1.0
38,4,3,All,4,2,0.7777777777777778,27,0.3333333333333333,3,1.0,1,0.5,2,0.0,2,0.5,1.0,0.5,4.0
38,5,5,All,5,1,0.7777777777777778,45,0.6,5,,0,0.8,5,0.6,5,1.4,0.8,-0.6,5.0
38,6,6,All,6,1,0.7592592592592593,54,0.5,6,1.0,1,1.0,5,0.4,5,0.5,1.0,0.5,8.0
38,7,4,All,7,1,0.8333333333333334,36,0.5,4,1.0,1,1.0,3,0.3333333333333333,3,0.3333333333333333,1.0,0.6666666666666666,3.0
38,8,2,All,8,3,0.8333333333333334,18,0.5,2,1.0,1,1.0,1,0.0,1,0.0,0.5,0.5,2.0
38,9,5,All,9,2,0.7555555555555555,45,0.4,5,1.0,1,1.0,4,0.25,4,0.5714285714285714,1.2857142857142858,0.7142857142857143,7.0
38,10,6,All,10,2,0.8148148148148148,54,0.3333333333333333,6,0.6666666666666666,3,1.0,3,0.0,3,0.2857142857142857,0.8571428571428571,0.5714285714285714,7.0
38,11,4,All,11,2,0.8888888888888888,36,0.75,4,1.0,2,0.5,2,0.5,2,0.5,1.0,0.5,2.0
38,12,2,All,12,4,0.8888888888888888,18,0.5,2,1.0,1,1.0,1,0.0,1,0.0,1.0,1.0,1.0
38,13,2,All,13,5,0.8333333333333334,18,0.5,2,1.0,1,1.0,1,0.0,1,0.0,0.5,0.5,2.0
38,14,3,All,14,3,0.9259259259259259,27,1.0,3,1.0,2,1.0,1,1.0,1,0.0,1.0,1.0,1.0
38,15,3,All,15,4,0.8888888888888888,27,1.0,3,1.0,1,1.0,2,1.0,2,0.0,0.0,0.0,1.0
38,16,5,All,16,3,0.8,45,0.6,5,1.0,2,0.6666666666666666,3,0.3333333333333333,3,1.1666666666666667,0.3333333333333333,-0.8333333333333334,6.0
38,17,6,All,17,3,0.7962962962962963,54,0.6666666666666666,6,1.0,1,1.0,5,0.6,5,0.6666666666666666,0.8333333333333334,0.16666666666666666,6.0
38,18,4,All,18,3,0.9444444444444444,36,1.0,4,1.0,2,1.0,2,1.0,2,,,,
39,1,2,All,1,1,0.7777777777777778,18,0.5,2,,0,1.0,2,0.5,2,0.5,1.0,0.5,2.0
39,2,3,All,2,1,0.9259259259259259,27,1.0,3,1.0,1,1.0,2,1.0,2,,,,
39,3,2,All,3,2,0.875,16,0.5,2,1.0,1,,0,,0,0.0,0.5,0.5,2.0
39,4,6,All,4,1,0.7962962962962963,54,0.6666666666666666,6,0.6666666666666666,3,0.6666666666666666,3,0.6666666666666666,3,0.875,0.25,-0.625,8.0
39,5,3,All,5,2,0.8,25,0.3333333333333333,3,,0,1.0,1,1.0,1,0.5,0.5,0.0,4.0
39,6,2,All,6,3,0.5882352941176471,17,0.0,2,,0,1.0,1,0.0,1,0.6666666666666666,1.1666666666666667,0.5,6.0
39,7,5,All,7,1,0.6363636363636364,44,0.4,5,,0,0.5,4,0.25,4,1.1176470588235294,1.411764705882353,0.29411764705882354,17.0
39,8,4,All,8,1,0.6944444444444444,36,0.5,4,1.0,1,1.0,3,0.3333333333333333,3,0.5,1.125,0.625,8.0
39,9,6,All,9,2,0.5740740740740741,54,0.6666666666666666,6,1.0,2,1.0,4,0.5,4,2.0689655172413794,2.0,-0.06896551724137931,29.0
39,10,4,All,10,2,0.6388888888888888,36,0.5,4,1.0,2,1.0,2,0.0,2,2.235294117647059,1.7647058823529411,-0.47058823529411764,17.0
39,11,5,All,11,2,0.6818181818181818,44,0.6,5,0.5,2,0.6666666666666666,3,0.6666666666666666,3,1.9230769230769231,1.3461538461538463,-0.5769230769230769,26.0
39,12,2,All,12,4,0.9444444444444444,18,1.0,2,1.0,2,,0,,0,0.0,0.0,0.0,1.0
39,13,3,All,13,3,0.9259259259259259,27,1.0,3,1.0,1,1.0,2,1.0,2,0.0,1.0,1.0,1.0
39,14,2,All,14,5,0.7777777777777778,18,0.5,2,,0,1.0,2,0.5,2,0.5,1.0,0.5,2.0
39,15,6,All,15,3,0.5283018867924528,53,0.16666666666666666,6,0.3333333333333333,3,0.3333333333333333,3,0.0,3,1.8888888888888888,1.8888888888888888,0.0,27.0
39,16,3,All,16,4,0.7037037037037037,27,0.3333333333333333,3,,0,1.0,3,0.3333333333333333,3,0.8,1.0,0.2,5.0
39,17,2,All,17,6,0.9444444444444444,18,1.0,2,1.0,2,,0,,0,0.0,0.0,0.0,1.0
39,18,5,All,18,3,0.6046511627906976,43,0.75,4,1.0,1,1.0,2,1.0,2,1.1875,1.5625,0.375,16.0
40,1,3,All,1,1,0.8888888888888888,27,0.6666666666666666,3,1.0,1,1.0,2,0.5,2,0.0,1.0,1.0,1.0
40,2,6,All,2,1,0.5576923076923077,52,0.16666666666666666,6,0.5,2,0.5,4,0.0,4,1.5,1.5,0.0,20.0
40,3,2,All,3,1,0.9444444444444444,18,1.0,2,1.0,1,1.0,1,1.0,1,,,,
40,4,2,All,4,2,0.8888888888888888,18,0.5,2,1.0,1,1.0,1,0.0,1,0.0,1.0,1.0,1.0
40,5,2,All,5,3,0.8333333333333334,18,0.5,2,,0,1.0,2,0.5,2,0.0,1.0,1.0,1.0
40,6,4,All,6,1,0.8888888888888888,36,0.5,4,1.0,2,1.0,2,0.0,2,0.0,1.0,1.0,2.0
40,7,3,All,7,2,0.8518518518518519,27,0.6666666666666666,3,1.0,1,1.0,2,0.5,2,0.0,1.0,1.0,2.0
40,8,5,All,8,1,0.6888888888888889,45,0.8,5,1.0,2,1.0,3,0.6666666666666666,3,1.1818181818181819,1.7272727272727273,0.5454545454545454,11.0
40,9,6,All,9,2,0.5,52,0.6666666666666666,6,1.0,1,0.8,5,0.6,5,1.3181818181818181,1.0909090909090908,-0.22727272727272727,22.0
40,10,5,All,10,2,0.8636363636363636,44,0.8,5,1.0,3,0.5,2,0.5,2,0.75,1.0,0.25,4.0
40,11,4,All,11,2,0.8055555555555556,36,0.5,4,1.0,1,1.0,3,0.3333333333333333,3,0.5,0.75,0.25,4.0
40,12,3,All,12,3,0.8518518518518519,27,0.6666666666666666,3,,0,1.0,3,0.6666666666666666,3,0.0,1.0,1.0,1.0
40,13,6,All,13,3,0.8269230769230769,52,0.6,5,1.0,1,1.0,4,0.5,4,0.5,0.5,0.0,4.0
40,14,2,All,14,4,0.9444444444444444,18,1.0,2,1.0,1,1.0,1,1.0,1,,,,
40,15,2,All,15,5,0.9444444444444444,18,1.0,2,1.0,1,1.0,1,1.0,1,,,,
40,16,2,All,16,6,0.9444444444444444,18,1.0,2,1.0,2,,0,,0,0.0,0.0,0.0,1.0
40,17,4,All,17,3,0.7777777777777778,36,0.25,4,,0,0.75,4,0.25,4,0.25,1.0,0.75,4.0
40,18,3,All,18,4,0.8888888888888888,27,0.6666666666666666,3,1.0,1,1.0,2,0.5,2,0.0,1.0,1.0,1.0
41,1,3,All,1,1,0.76,25,0.3333333333333333,3,1.0,1,1.0,1,0.0,1,0.2,0.6,0.4,5.0
41,2,2,All,2,1,0.625,16,0.0,2,,0,1.0,1,0.0,1,0.6,0.8,0.2,5.0
41,3,6,All,3,1,0.5490196078431373,51,0.3333333333333333,6,0.5,2,0.3333333333333333,3,0.0,3,1.68,1.8,0.12,25.0
41,4,2,All,4,2,0.7692307692307693,13,0.5,2,,0,1.0,2,0.5,2,0.0,1.0,1.0,1.0
41,5,5,All,5,1,0.45454545454545453,44,0.4,5,1.0,1,0.3333333333333333,3,0.3333333333333333,3,2.121212121212121,2.1515151515151514,0.030303030303030304,33.0
41,6,3,All,6,2,0.8076923076923077,26,0.3333333333333333,3,,0,0.5,2,0.5,2,0.6666666666666666,0.0,-0.6666666666666666,3.0
41,7,2,All,7,3,0.8333333333333334,18,0.5,2,,0,1.0,2,0.5,2,0.0,1.0,1.0,1.0
41,8,4,All,8,1,0.8888888888888888,36,0.75,4,1.0,2,1.0,2,0.5,2,0.0,0.5,0.5,2.0
41,9,6,All,9,2,0.7169811320754716,53,0.6666666666666666,6,1.0,2,1.0,4,0.5,4,1.2727272727272727,1.5454545454545454,0.2727272727272727,11.0
41,10,5,All,10,2,0.6,45,0.4,5,0.5,2,0.6666666666666666,3,0.3333333333333333,3,1.2666666666666666,1.1333333333333333,-0.13333333333333333,15.0
41,11,4,All,11,2,0.7142857142857143,35,0.5,4,1.0,1,0.5,2,0.5,2,0.75,1.25,0.5,8.0
41,12,3,All,12,3,0.8888888888888888,27,0.6666666666666666,3,1.0,1,0.5,2,0.5,2,1.0,0.0,-1.0,1.0
41,13,2,All,13,4,0.9444444444444444,18,1.0,2,1.0,1,1.0,1,1.0,1,,,,
41,14,6,All,14,3,0.6923076923076923,52,0.5,6,0.6666666666666666,3,1.0,2,0.0,2,1.1333333333333333,0.8,-0.3333333333333333,15.0
41,15,2,All,15,5,0.9444444444444444,18,1.0,2,1.0,1,1.0,1,1.0,1,,,,
41,16,5,All,16,3,0.5909090909090909,44,0.4,5,1.0,1,0.5,4,0.25,4,1.2857142857142858,1.2142857142857142,-0.07142857142857142,14.0
41,17,3,All,17,4,0.8461538461538461,26,1.0,3,,0,1.0,3,1.0,3,1.0,0.0,-1.0,1.0
41,18,2,All,18,6,0.8888888888888888,18,1.0,2,1.0,1,1.0,1,1.0,1,1.0,0.0,-1.0,1.0
42,1,2,All,1,1,0.8,15,1.0,2,1.0,1,1.0,1,1.0,1,0.6666666666666666,0.0,-0.6666666666666666,3.0
42,2,2,All,2,2,0.7777777777777778,18,0.0,2,,0,1.0,2,0.0,2,0.0,1.0,1.0,2.0
42,3,3,All,3,1,0.8148148148148148,27,0.6666666666666666,3,,0,1.0,3,0.6666666666666666,3,0.0,1.0,1.0,2.0
42,4,3,All,4,2,0.8888888888888888,27,0.6666666666666666,3,1.0,1,0.5,2,0.5,2,1.0,0.0,-1.0,1.0
42,5,6,All,5,1,0.6,50,0.6666666666666666,6,1.0,1,0.8,5,0.6,5,1.4736842105263157,1.894736842105263,0.42105263157894735,19.0
42,6,4,All,6,1,0.75,36,0.25,4,1.0,1,1.0,3,0.0,3,0.5,1.1666666666666667,0.6666666666666666,6.0
42,7,5,All,7,1,0.7906976744186046,43,0.5,4,1.0,1,1.0,3,0.3333333333333333,3,0.6,0.8,0.2,5.0
42,8,2,All,8,3,0.7777777777777778,18,0.5,2,1.0,1,1.0,1,0.0,1,0.3333333333333333,0.6666666666666666,0.3333333333333333,3.0
42,9,4,All,9,2,0.8285714285714286,35,0.75,4,1.0,1,1.0,3,0.6666666666666666,3,0.0,0.6666666666666666,0.6666666666666666,3.0
42,10,6,All,10,2,0.7169811320754716,53,0.5,6,1.0,1,0.75,4,0.5,4,0.8181818181818182,1.2727272727272727,0.45454545454545453,11.0
42,11,5,All,11,2,0.6744186046511628,43,0.6,5,1.0,1,1.0,4,0.5,4,1.1818181818181819,1.5454545454545454,0.36363636363636365,11.0
42,12,2,All,12,4,0.8888888888888888,18,1.0,2,1.0,2,,0,,0,0.0,0.0,0.0,2.0
42,13,2,All,13,5,1.0,18,1.0,2,1.0,2,,0,,0,,,,
42,14,3,All,14,3,0.9259259259259259,27,0.6666666666666666,3,1.0,2,1.0,1,0.0,1,0.0,1.0,1.0,1.0
42,15,3,All,15,4,0.9629629629629629,27,1.0,3,1.0,2,1.0,1,1.0,1,,,,
42,16,6,All,16,3,0.9259259259259259,54,0.6666666666666666,6,0.8,5,1.0,1,0.0,1,0.3333333333333333,0.3333333333333333,0.0,3.0
42,17,4,All,17,3,0.8333333333333334,36,0.75,4,1.0,1,1.0,3,0.6666666666666666,3,0.0,0.6666666666666666,0.6666666666666666,3.0
42,18,5,All,18,3,0.8222222222222222,45,0.6,5,1.0,2,0.6666666666666666,3,0.3333333333333333,3,0.6,1.0,0.4,5.0
43,1,2,All,1,1,0.8333333333333334,18,0.5,2,,0,1.0,2,0.5,2,0.0,1.0,1.0,1.0
43,2,3,All,2,1,0.7037037037037037,27,0.3333333333333333,3,,0,0.6666666666666666,3,0.3333333333333333,3,0.6,1.0,0.4,5.0
43,3,2,All,3,2,0.9411764705882353,17,1.0,2,1.0,1,1.0,1,1.0,1,,,,
43,4,4,All,4,1,0.9166666666666666,36,1.0,4,1.0,1,1.0,3,1.0,3,,,,
43,5,3,All,5,2,1.0,27,1.0,3,1.0,3,,0,,0,,,,
43,6,2,All,6,3,0.8333333333333334,18,0.5,2,,0,1.0,2,0.5,2,0.0,1.0,1.0,1.0
43,7,6,All,7,1,0.6851851851851852,54,0.3333333333333333,6,0.5,2,0.75,4,0.25,4,0.8571428571428571,1.2142857142857142,0.35714285714285715,14.0
43,8,5,All,8,1,0.6590909090909091,44,0.2,5,,0,1.0,5,0.2,5,0.9090909090909091,1.0,0.09090909090909091,11.0
43,9,4,All,9,2,0.8888888888888888,36,0.5,4,1.0,2,1.0,2,0.0,2,0.0,1.0,1.0,2.0
43,10,6,All,10,2,0.7222222222222222,54,0.5,6,1.0,1,0.8,5,0.4,5,0.8,1.0,0.2,10.0
43,11,5,All,11,2,0.8444444444444444,45,0.8,5,1.0,3,1.0,2,0.5,2,0.0,0.4,0.4,5.0
43,12,2,All,12,4,0.8888888888888888,18,0.5,2,1.0,1,1.0,1,0.0,1,0.0,1.0,1.0,1.0
43,13,3,All,13,3,0.8148148148148148,27,0.6666666666666666,3,1.0,1,1.0,2,0.5,2,1.0,1.0,0.0,3.0
43,14,2,All,14,5,0.8888888888888888,18,1.0,2,1.0,1,1.0,1,1.0,1,0.0,0.0,0.0,1.0
43,15,4,All,15,3,0.7777777777777778,36,0.5,4,1.0,1,0.3333333333333333,3,0.3333333333333333,3,0.4,0.8,0.4,5.0
43,16,3,All,16,4,0.8888888888888888,27,0.6666666666666666,3,1.0,1,1.0,2,0.5,2,0.0,1.0,1.0,1.0
43,17,2,All,17,6,0.7777777777777778,18,0.5,2,,0,1.0,2,0.5,2,0.5,1.0,0.5,2.0
43,18,6,All,18,3,0.7037037037037037,54,0.8333333333333334,6,1.0,3,1.0,3,0.6666666666666666,3,0.5384615384615384,1.0769230769230769,0.5384615384615384,13.0
44,1,3,All,1,1,0.8518518518518519,27,0.6666666666666666,3,1.0,1,1.0,2,0.5,2,0.0,1.0,1.0,2.0
44,2,4,All,2,1,0.9166666666666666,36,1.0,4,1.0,1,1.0,3,1.0,3,,,,
44,3,2,All,3,1,0.9444444444444444,18,1.0,2,1.0,1,1.0,1,1.0,1,,,,
44,4,2,All,4,2,0.8333333333333334,18,0.5,2,,0,1.0,2,0.5,2,0.0,1.0,1.0,1.0
44,5,2,All,5,3,0.9444444444444444,18,1.0,2,1.0,1,1.0,1,1.0,1,,,,
44,6,5,All,6,1,0.8,45,0.6,5,1.0,1,1.0,4,0.5,4,0.6,1.0,0.4,5.0
44,7,3,All,7,2,0.9259259259259259,27,1.0,3,1.0,1,1.0,2,1.0,2,,,,
44,8,6,All,8,1,0.7777777777777778,54,0.6666666666666666,6,1.0,1,1.0,5,0.6,5,0.42857142857142855,1.0,0.5714285714285714,7.0
44,9,4,All,9,2,0.8888888888888888,36,0.75,4,1.0,2,1.0,2,0.5,2,0.0,0.5,0.5,2.0
44,10,6,All,10,2,0.9259259259259259,54,1.0,6,1.0,2,1.0,4,1.0,4,,,,
44,11,5,All,11,2,0.8444444444444444,45,0.6,5,,0,1.0,5,0.6,5,0.0,1.0,1.0,2.0
44,12,3,All,12,3,0.8888888888888888,27,0.6666666666666666,3,1.0,1,1.0,2,0.5,2,0.0,1.0,1.0,1.0
44,13,4,All,13,3,0.9166666666666666,36,0.75,4,1.0,2,1.0,2,0.5,2,0.0,1.0,1.0,1.0
44,14,2,All,14,4,0.9444444444444444,18,1.0,2,1.0,1,1.0,1,1.0,1,,,,
44,15,2,All,15,5,0.8888888888888888,18,0.5,2,1.0,1,1.0,1,0.0,1,0.0,1.0,1.0,1.0
44,16,2,All,16,6,0.8333333333333334,18,0.5,2,,0,1.0,2,0.5,2,0.0,1.0,1.0,1.0
44,17,5,All,17,3,0.8888888888888888,45,0.6,5,1.0,2,1.0,3,0.3333333333333333,3,0.0,1.0,1.0,2.0
44,18,3,All,18,4,1.0,27,1.0,3,1.0,3,,0,,0,,,,
45,1,4,All,1,1,0.8,35,1.0,3,1.0,1,1.0,2,1.0,2,0.75,1.0,0.25,4.0
45,2,2,All,2,1,0.8888888888888888,18,0.5,2,1.0,1,1.0,1,0.0,1,0.0,1.0,1.0,1.0
45,3,3,All,3,1,0.8888888888888888,27,0.6666666666666666,3,1.0,1,1.0,2,0.5,2,0.0,1.0,1.0,1.0
45,4,5,All,4,1,0.7954545454545454,44,0.6,5,1.0,2,0.3333333333333333,3,0.3333333333333333,3,1.0,1.0,0.0,6.0
45,5,2,All,5,2,0.875,16,1.0,2,,0,1.0,2,1.0,2,,,,
45,6,6,All,6,1,0.7777777777777778,54,0.6666666666666666,6,1.0,3,1.0,3,0.3333333333333333,3,0.5555555555555556,0.6666666666666666,0.1111111111111111,9.0
45,7,2,All,7,3,0.8333333333333334,18,1.0,2,1.0,1,1.0,1,1.0,1,0.5,0.0,-0.5,2.0
45,8,3,All,8,2,0.8148148148148148,27,0.6666666666666666,3,1.0,1,1.0,2,0.5,2,0.3333333333333333,0.3333333333333333,0.0,3.0
45,9,5,All,9,2,0.9333333333333333,45,1.0,5,1.0,2,1.0,3,1.0,3,,,,
45,10,4,All,10,2,0.6857142857142857,35,1.0,3,1.0,1,1.0,2,1.0,2,0.7777777777777778,0.3333333333333333,-0.4444444444444444,9.0
45,11,6,All,11,2,0.72,50,0.4,5,,0,0.6666666666666666,3,0.3333333333333333,3,0.8181818181818182,1.1818181818181819,0.36363636363636365,11.0
45,12,4,All,12,3,0.7777777777777778,36,0.25,4,,0,1.0,4,0.25,4,0.0,1.0,1.0,4.0
45,13,2,All,13,4,0.8888888888888888,18,0.5,2,1.0,1,1.0,1,0.0,1,0.0,1.0,1.0,1.0
45,14,3,All,14,3,0.8518518518518519,27,0.6666666666666666,3,,0,1.0,3,0.6666666666666666,3,0.0,1.0,1.0,1.0
45,15,5,All,15,3,0.9111111111111111,45,0.8,5,1.0,3,1.0,2,0.5,2,0.0,1.0,1.0,2.0
45,16,2,All,16,5,0.8888888888888888,18,0.5,2,1.0,1,1.0,1,0.0,1,0.0,1.0,1.0,1.0
45,17,6,All,17,3,0.8113207547169812,53,0.2,5,0.5,2,0.6666666666666666,3,0.0,3,0.42857142857142855,0.5714285714285714,0.14285714285714285,7.0
45,18,2,All,18,6,0.9444444444444444,18,1.0,2,1.0,1,1.0,1,1.0,1,,,,
46,1,2,All,1,1,0.8235294117647058,17,0.5,2,1.0,1,,0,,0,0.3333333333333333,0.6666666666666666,0.3333333333333333,3.0
46,2,5,All,2,1,0.7333333333333333,45,0.2,5,1.0,1,0.5,4,0.0,4,0.75,0.875,0.125,8.0
46,3,4,All,3,1,0.6666666666666666,36,0.5,4,1.0,1,1.0,3,0.3333333333333333,3,1.1111111111111112,1.6666666666666667,0.5555555555555556,9.0
46,4,6,All,4,1,0.6111111111111112,54,0.6666666666666666,6,1.0,1,0.8,5,0.6,5,1.45,1.15,-0.3,20.0
46,5,3,All,5,1,0.7407407407407407,27,0.0,3,0.0,1,1.0,2,0.0,2,0.4,0.8,0.4,5.0
46,6,3,All,6,2,0.7777777777777778,27,0.3333333333333333,3,1.0,1,1.0,2,0.0,2,0.5,1.0,0.5,4.0
46,7,2,All,7,2,0.9444444444444444,18,1.0,2,1.0,1,1.0,1,1.0,1,,,,
46,8,2,All,8,3,0.8888888888888888,18,0.5,2,1.0,1,1.0,1,0.0,1,0.0,1.0,1.0,1.0
46,9,5,All,9,2,0.9555555555555556,45,1.0,5,1.0,4,1.0,1,1.0,1,0.0,0.0,0.0,1.0
46,10,6,All,10,2,0.9074074074074074,54,0.8333333333333334,6,0.75,4,1.0,2,1.0,2,0.3333333333333333,0.3333333333333333,0.0,3.0
46,11,4,All,11,2,0.6944444444444444,36,0.5,4,1.0,2,1.0,2,0.0,2,0.8888888888888888,1.3333333333333333,0.4444444444444444,9.0
46,12,2,All,12,4,0.9444444444444444,18,1.0,2,1.0,1,1.0,1,1.0,1,,,,
46,13,5,All,13,3,0.6666666666666666,45,0.6,5,,0,1.0,5,0.6,5,0.7,1.2,0.5,10.0
46,14,4,All,14,3,0.6764705882352942,34,0.25,4,,0,1.0,2,0.5,2,1.1,0.8,-0.3,10.0
46,15,6,All,15,3,0.4230769230769231,52,0.16666666666666666,6,,0,0.8333333333333334,6,0.16666666666666666,6,1.75,2.09375,0.34375,32.0
46,16,3,All,16,3,0.9259259259259259,27,0.6666666666666666,3,1.0,2,1.0,1,0.0,1,0.0,1.0,1.0,1.0
46,17,3,All,17,4,0.8461538461538461,26,0.3333333333333333,3,,0,1.0,2,0.5,2,0.0,0.5,0.5,2.0
46,18,2,All,18,5,0.7777777777777778,18,0.0,2,,0,1.0,2,0.0,2,0.0,1.0,1.0,2.0
47,1,5,All,1,1,0.37209302325581395,43,0.0,5,,0,0.6,5,0.0,5,2.5142857142857142,2.9714285714285715,0.45714285714285713,35.0
47,2,6,All,2,1,0.5,54,0.5,6,1.0,2,1.0,4,0.25,4,1.7777777777777777,1.6296296296296295,-0.14814814814814814,27.0
47,3,2,All,3,1,0.8888888888888888,18,1.0,2,1.0,1,1.0,1,1.0,1,1.0,0.0,-1.0,1.0
47,4,3,All,4,1,0.7407407407407407,27,0.3333333333333333,3,,0,1.0,3,0.3333333333333333,3,0.25,1.0,0.75,4.0
47,5,4,All,5,1,0.7777777777777778,36,0.5,4,1.0,2,0.5,2,0.0,2,0.8333333333333334,1.3333333333333333,0.5,6.0
47,6,2,All,6,2,0.8666666666666667,15,0.5,2,1.0,1,1.0,1,0.0,1,0.0,1.0,1.0,1.0
47,7,3,All,7,2,0.9629629629629629,27,1.0,3,1.0,2,1.0,1,1.0,1,,,,
47,8,2,All,8,3,0.7777777777777778,18,1.0,2,,0,1.0,2,1.0,2,0.5,0.5,0.0,2.0
47,9,5,All,9,2,0.4888888888888889,45,0.6,5,,0,0.8,5,0.6,5,1.4444444444444444,1.3888888888888888,-0.05555555555555555,18.0
47,10,6,All,10,2,0.660377358490566,53,0.8,5,0.75,4,1.0,1,1.0,1,2.08,1.76,-0.32,25.0
47,11,4,All,11,2,0.7222222222222222,36,0.5,4,,0,1.0,4,0.5,4,0.8333333333333334,1.1666666666666667,0.3333333333333333,6.0
47,12,5,All,12,3,0.7777777777777778,45,0.6,5,1.0,1,0.75,4,0.5,4,0.8333333333333334,0.8333333333333334,0.0,6.0
47,13,6,All,13,3,0.7924528301886793,53,0.8333333333333334,6,1.0,4,1.0,2,0.5,2,3.0714285714285716,3.5,0.42857142857142855,14.0
47,14,2,All,14,4,0.9444444444444444,18,1.0,2,1.0,1,1.0,1,1.0,1,0.0,1.0,1.0,1.0
47,15,3,All,15,3,0.8148148148148148,27,0.6666666666666666,3,,0,1.0,3,0.6666666666666666,3,0.5,0.5,0.0,2.0
47,16,4,All,16,3,0.5833333333333334,36,0.5,4,0.5,2,1.0,2,0.5,2,1.7692307692307692,0.6153846153846154,-1.1538461538461537,13.0
47,17,2,All,17,5,0.8888888888888888,18,0.5,2,1.0,1,1.0,1,0.0,1,0.0,1.0,1.0,1.0
47,18,3,All,18,4,0.8888888888888888,27,0.6666666666666666,3,1.0,1,1.0,2,0.5,2,0.0,1.0,1.0,1.0
48,1,6,All,1,1,0.8518518518518519,54,0.5,6,0.5,2,0.5,4,0.5,4,1.4,0.0,-1.4,5.0
48,2,3,All,2,1,0.9629629629629629,27,1.0,3,1.0,2,1.0,1,1.0,1,,,,
48,3,5,All,3,1,0.8888888888888888,45,0.6,5,1.0,2,1.0,3,0.3333333333333333,3,0.0,1.0,1.0,2.0
48,4,2,All,4,1,0.9444444444444444,18,1.0,2,1.0,1,1.0,1,1.0,1,,,,
48,5,2,All,5,2,0.75,16,0.0,2,,0,1.0,2,0.0,2,0.0,1.0,1.0,2.0
48,6,2,All,6,3,1.0,18,1.0,2,1.0,2,,0,,0,,,,
48,7,4,All,7,1,0.9166666666666666,36,1.0,4,1.0,1,1.0,3,1.0,3,,,,
48,8,3,All,8,2,0.7777777777777778,27,0.3333333333333333,3,,0,0.6666666666666666,3,0.3333333333333333,3,0.3333333333333333,1.0,0.6666666666666666,3.0
48,9,5,All,9,2,0.8444444444444444,45,0.8,5,1.0,2,1.0,3,0.6666666666666666,3,0.75,1.0,0.25,4.0
48,10,6,All,10,2,0.9074074074074074,54,0.6666666666666666,6,0.6666666666666666,3,1.0,3,0.6666666666666666,3,0.0,0.5,0.5,2.0
48,11,4,All,11,2,0.8611111111111112,36,0.5,4,1.0,1,1.0,3,0.3333333333333333,3,0.0,1.0,1.0,2.0
48,12,6,All,12,3,0.7843137254901961,51,0.5,6,1.0,1,0.5,4,0.5,4,1.1428571428571428,0.2857142857142857,-0.8571428571428571,7.0
48,13,3,All,13,3,0.9259259259259259,27,1.0,3,1.0,1,1.0,2,1.0,2,,,,
48,14,5,All,14,3,0.8409090909090909,44,0.6,5,1.0,1,0.75,4,0.5,4,0.3333333333333333,1.0,0.6666666666666666,3.0
48,15,2,All,15,4,0.9444444444444444,18,1.0,2,1.0,1,1.0,1,1.0,1,,,,
48,16,2,All,16,5,0.8888888888888888,18,1.0,2,,0,1.0,2,1.0,2,,,,
48,17,2,All,17,6,0.8888888888888888,18,0.5,2,1.0,1,1.0,1,0.0,1,0.0,1.0,1.0,1.0
48,18,4,All,18,3,0.8055555555555556,36,0.75,4,,0,1.0,4,0.75,4,1.0,1.0,0.0,3.0
49,1,2,All,1,1,0.8888888888888888,18,0.5,2,1.0,1,1.0,1,0.0,1,0.0,1.0,1.0,1.0
49,2,3,All,2,1,0.9259259259259259,27,0.6666666666666666,3,1.0,2,1.0,1,0.0,1,0.0,1.0,1.0,1.0
49,3,6,All,3,1,0.7962962962962963,54,0.5,6,0.5,2,0.75,4,0.5,4,1.5555555555555556,0.1111111111111111,-1.4444444444444444,9.0
49,4,3,All,4,2,0.8518518518518519,27,0.6666666666666666,3,1.0,1,1.0,2,0.5,2,0.0,0.5,0.5,2.0
49,5,2,All,5,2,0.7647058823529411,17,0.0,2,,0,1.0,2,0.0,2,0.0,1.0,1.0,2.0
49,6,2,All,6,3,1.0,18,1.0,2,1.0,2,,0,,0,,,,
49,7,5,All,7,1,0.6888888888888889,45,0.4,5,1.0,1,0.75,4,0.25,4,1.4545454545454546,0.7272727272727273,-0.7272727272727273,11.0
49,8,4,All,8,1,0.7777777777777778,36,0.25,4,1.0,1,1.0,3,0.0,3,0.6,1.0,0.4,5.0
49,9,6,All,9,2,0.5185185185185185,54,0.3333333333333333,6,0.5,2,1.0,4,0.25,4,1.4166666666666667,1.875,0.4583333333333333,24.0
49,10,5,All,10,2,0.9555555555555556,45,1.0,5,1.0,3,1.0,2,1.0,2,,,,
49,11,4,All,11,2,0.6944444444444444,36,0.25,4,,0,1.0,4,0.25,4,0.5714285714285714,1.0,0.42857142857142855,7.0
49,12,2,All,12,4,0.8888888888888888,18,0.5,2,1.0,1,1.0,1,0.0,1,0.0,1.0,1.0,1.0
49,13,3,All,13,3,0.6666666666666666,27,0.0,3,,0,1.0,3,0.0,3,0.6666666666666666,1.0,0.3333333333333333,6.0
49,14,6,All,14,3,0.8148148148148148,54,0.8333333333333334,6,1.0,4,1.0,2,0.5,2,0.875,0.125,-0.75,8.0
49,15,3,All,15,4,0.9259259259259259,27,1.0,3,1.0,1,1.0,2,1.0,2,,,,
49,16,2,All,16,5,0.9444444444444444,18,1.0,2,1.0,1,1.0,1,1.0,1,,,,
49,17,2,All,17,6,0.8888888888888888,18,1.0,2,1.0,1,1.0,1,1.0,1,0.0,1.0,1.0,1.0
49,18,5,All,18,3,0.9333333333333333,45,1.0,5,1.0,3,1.0,2,1.0,2,0.0,1.0,1.0,1.0
50,1,3,All,1,1,0.64,25,0.0,2,,0,1.0,2,0.0,2,1.1428571428571428,1.1428571428571428,0.0,7.0
50,2,3,All,2,2,0.8888888888888888,27,1.0,3,1.0,1,1.0,2,1.0,2,1.0,0.0,-1.0,1.0
50,3,2,All,3,1,0.9444444444444444,18,1.0,2,1.0,1,1.0,1,1.0,1,,,,
50,4,2,All,4,2,0.875,16,1.0,2,,0,1.0,2,1.0,2,,,,
50,5,6,All,5,1,0.7735849056603774,53,0.5,6,1.0,3,1.0,2,0.0,2,0.7,0.8,0.1,10.0
50,6,4,All,6,1,0.8611111111111112,36,1.0,4,1.0,2,1.0,2,1.0,2,1.3333333333333333,0.0,-1.3333333333333333,3.0
50,7,2,All,7,3,0.8235294117647058,17,0.5,2,1.0,1,1.0,1,0.0,1,0.0,0.5,0.5,2.0
50,8,5,All,8,1,0.8444444444444444,45,0.4,5,1.0,1,1.0,4,0.25,4,0.0,1.0,1.0,3.0
50,9,4,All,9,2,0.8888888888888888,36,0.75,4,1.0,2,1.0,2,0.5,2,0.0,0.5,0.5,2.0
50,10,6,All,10,2,0.6037735849056604,53,0.3333333333333333,6,0.5,2,0.3333333333333333,3,0.0,3,1.05,1.15,0.1,20.0
50,11,5,All,11,2,0.9555555555555556,45,1.0,5,1.0,3,1.0,2,1.0,2,,,,
50,12,3,All,12,3,0.8518518518518519,27,0.6666666666666666,3,1.0,1,1.0,2,0.5,2,0.0,0.5,0.5,2.0
50,13,3,All,13,4,0.8888888888888888,27,0.6666666666666666,3,1.0,1,1.0,2,0.5,2,0.0,1.0,1.0,1.0
50,14,2,All,14,4,0.8888888888888888,18,0.5,2,1.0,1,1.0,1,0.0,1,0.0,1.0,1.0,1.0
50,15,2,All,15,5,0.9444444444444444,18,1.0,2,1.0,1,1.0,1,1.0,1,,,,
50,16,6,All,16,3,0.8490566037735849,53,0.5,6,1.0,2,1.0,3,0.3333333333333333,3,0.2,0.8,0.6,5.0
50,17,4,All,17,3,0.6285714285714286,35,0.25,4,,0,0.75,4,0.25,4,1.0,1.3333333333333333,0.3333333333333333,9.0
50,18,2,All,18,6,0.7777777777777778,18,0.5,2,,0,1.0,2,0.5,2,0.5,1.0,0.5,2.0
51,1,3,All,1,1,0.8888888888888888,27,0.6666666666666666,3,1.0,2,1.0,1,0.0,1,0.5,1.0,0.5,2.0
51,2,2,All,2,1,0.9444444444444444,18,1.0,2,1.0,2,,0,,0,0.0,0.0,0.0,1.0
51,3,3,All,3,2,0.7692307692307693,26,0.6666666666666666,3,1.0,1,1.0,2,0.5,2,1.0,0.75,-0.25,4.0
51,4,4,All,4,1,0.7777777777777778,36,0.5,4,1.0,1,0.6666666666666666,3,0.3333333333333333,3,0.6,1.2,0.6,5.0
51,5,2,All,5,2,0.8235294117647058,17,0.5,2,,0,1.0,2,0.5,2,0.0,1.0,1.0,1.0
51,6,5,All,6,1,0.6222222222222222,45,0.4,5,1.0,1,0.75,4,0.25,4,1.7692307692307692,1.2307692307692308,-0.5384615384615384,13.0
51,7,6,All,7,1,0.6415094339622641,53,0.5,6,1.0,2,0.75,4,0.25,4,1.5625,1.375,-0.1875,16.0
51,8,2,All,8,3,0.8333333333333334,18,0.5,2,0.5,2,,0,,0,0.3333333333333333,0.0,-0.3333333333333333,3.0
51,9,5,All,9,2,0.5111111111111111,45,0.4,5,1.0,1,1.0,4,0.25,4,2.16,1.24,-0.92,25.0
51,10,4,All,10,2,0.8055555555555556,36,0.5,4,1.0,2,1.0,2,0.0,2,0.4,0.8,0.4,5.0
51,11,6,All,11,2,0.6415094339622641,53,0.6666666666666666,6,1.0,4,0.5,2,0.0,2,1.2941176470588236,1.3529411764705883,0.058823529411764705,17.0
51,12,3,All,12,3,0.8148148148148148,27,0.6666666666666666,3,1.0,1,1.0,2,0.5,2,0.3333333333333333,0.6666666666666666,0.3333333333333333,3.0
51,13,2,All,13,4,0.7777777777777778,18,0.0,2,,0,1.0,2,0.0,2,0.0,1.0,1.0,2.0
51,14,3,All,14,4,1.0,27,1.0,3,1.0,3,,0,,0,,,,
51,15,4,All,15,3,0.7777777777777778,36,0.75,4,1.0,1,1.0,3,0.6666666666666666,3,0.6,0.8,0.2,5.0
51,16,2,All,16,5,0.8888888888888888,18,1.0,2,,0,1.0,2,1.0,2,,,,
51,17,5,All,17,3,0.8444444444444444,45,0.6,5,1.0,3,0.5,2,0.0,2,0.4,0.8,0.4,5.0
51,18,6,All,18,3,0.7037037037037037,54,0.5,6,1.0,1,0.8,5,0.4,5,1.75,0.9166666666666666,-0.8333333333333334,12.0
52,1,2,All,1,1,0.8888888888888888,18,1.0,2,1.0,1,1.0,1,1.0,1,0.0,0.0,0.0,1.0
52,2,4,All,2,1,0.8055555555555556,36,0.5,4,,0,0.75,4,0.5,4,1.0,0.3333333333333333,-0.6666666666666666,3.0
52,3,3,All,3,1,0.7407407407407407,27,0.3333333333333333,3,1.0,1,1.0,2,0.0,2,0.8,1.4,0.6,5.0
52,4,5,All,4,1,0.8444444444444444,45,0.8,5,1.0,2,1.0,3,0.6666666666666666,3,1.8333333333333333,1.6666666666666667,-0.16666666666666666,6.0
52,5,3,All,5,2,0.7777777777777778,27,0.3333333333333333,3,,0,1.0,3,0.3333333333333333,3,0.3333333333333333,1.0,0.6666666666666666,3.0
52,6,2,All,6,2,0.7333333333333333,15,0.0,2,,0,1.0,2,0.0,2,0.0,1.0,1.0,2.0
52,7,2,All,7,3,0.8888888888888888,18,0.5,2,1.0,1,1.0,1,0.0,1,0.0,1.0,1.0,1.0
52,8,6,All,8,1,0.6296296296296297,54,0.3333333333333333,6,0.5,4,1.0,2,0.0,2,1.2857142857142858,1.4761904761904763,0.19047619047619047,21.0
52,9,4,All,9,2,0.8611111111111112,36,0.75,4,1.0,2,1.0,2,0.5,2,0.0,0.6666666666666666,0.6666666666666666,3.0
52,10,6,All,10,2,0.7407407407407407,54,0.3333333333333333,6,1.0,2,0.75,4,0.0,4,1.0,0.8,-0.2,10.0
52,11,5,All,11,2,0.8222222222222222,45,0.6,5,1.0,2,1.0,3,0.3333333333333333,3,0.8,1.0,0.2,5.0
52,12,2,All,12,4,1.0,18,1.0,2,1.0,2,,0,,0,,,,
52,13,4,All,13,3,0.75,36,0.5,4,1.0,2,1.0,2,0.0,2,1.0,1.2857142857142858,0.2857142857142857,7.0
52,14,3,All,14,3,0.8888888888888888,27,0.6666666666666666,3,1.0,1,1.0,2,0.5,2,0.0,1.0,1.0,1.0
52,15,5,All,15,3,0.37777777777777777,45,0.2,5,0.5,2,0.3333333333333333,3,0.0,3,2.4827586206896552,1.5862068965517242,-0.896551724137931,29.0
52,16,3,All,16,4,1.0,27,1.0,3,1.0,3,,0,,0,,,,
52,17,2,All,17,5,0.8888888888888888,18,1.0,2,,0,1.0,2,1.0,2,,,,
52,18,2,All,18,6,0.9444444444444444,18,1.0,2,1.0,1,1.0,1,1.0,1,,,,
53,1,4,All,1,1,0.8055555555555556,36,0.75,4,1.0,1,1.0,3,0.6666666666666666,3,0.75,0.5,-0.25,4.0
53,2,5,All,2,1,0.8,45,0.6,5,1.0,2,1.0,3,0.3333333333333333,3,0.8333333333333334,1.3333333333333333,0.5,6.0
53,3,2,All,3,1,0.8888888888888888,18,0.5,2,1.0,1,1.0,1,0.0,1,0.0,1.0,1.0,1.0
53,4,2,All,4,2,0.8888888888888888,18,0.5,2,1.0,1,1.0,1,0.0,1,0.0,1.0,1.0,1.0
53,5,3,All,5,1,0.8148148148148148,27,0.3333333333333333,3,,0,1.0,3,0.3333333333333333,3,0.0,1.0,1.0,2.0
53,6,6,All,6,1,0.5384615384615384,52,0.16666666666666666,6,1.0,1,0.8,5,0.0,5,1.2380952380952381,1.4761904761904763,0.23809523809523808,21.0
53,7,3,All,7,2,0.8076923076923077,26,0.5,2,,0,1.0,2,0.5,2,0.0,1.0,1.0,2.0
53,8,2,All,8,3,0.8888888888888888,18,0.5,2,1.0,1,1.0,1,0.0,1,0.0,1.0,1.0,1.0
53,9,5,All,9,2,0.8409090909090909,44,0.4,5,1.0,1,0.6666666666666666,3,0.3333333333333333,3,0.25,0.75,0.5,4.0
53,10,4,All,10,2,0.8611111111111112,36,0.5,4,1.0,1,1.0,3,0.3333333333333333,3,0.0,1.0,1.0,2.0
53,11,6,All,11,2,0.9074074074074074,54,1.0,6,1.0,2,1.0,4,1.0,4,1.0,0.0,-1.0,1.0
53,12,4,All,12,3,0.8333333333333334,36,0.5,4,,0,1.0,4,0.5,4,0.0,1.0,1.0,2.0
53,13,5,All,13,3,0.9111111111111111,45,0.8,5,1.0,2,1.0,3,0.6666666666666666,3,0.0,1.0,1.0,1.0
53,14,2,All,14,4,0.8333333333333334,18,0.5,2,,0,1.0,2,0.5,2,0.0,1.0,1.0,1.0
53,15,2,All,15,5,0.8888888888888888,18,0.5,2,1.0,1,1.0,1,0.0,1,0.0,1.0,1.0,1.0
53,16,3,All,16,3,0.9259259259259259,27,1.0,3,1.0,2,1.0,1,1.0,1,0.0,1.0,1.0,1.0
53,17,6,All,17,3,0.8703703703703703,54,0.8333333333333334,6,1.0,3,1.0,3,0.6666666666666666,3,0.5,0.25,-0.25,4.0
53,18,3,All,18,4,0.9629629629629629,27,1.0,3,1.0,2,1.0,1,1.0,1,,,,
54,1,5,All,1,1,0.8409090909090909,44,0.8,5,1.0,2,1.0,2,1.0,2,0.6,0.8,0.2,5.0
54,2,2,All,2,1,0.7222222222222222,18,0.0,2,,0,0.5,2,0.0,2,0.6666666666666666,0.6666666666666666,0.0,3.0
54,3,4,All,3,1,0.8333333333333334,36,0.5,4,1.0,2,0.5,2,0.0,2,1.0,0.5,-0.5,4.0
54,4,6,All,4,1,0.8125,48,0.25,4,1.0,1,1.0,2,0.0,2,0.375,1.0,0.625,8.0
54,5,2,All,5,2,0.8666666666666667,15,0.5,2,,0,0.0,1,0.0,1,1.0,0.0,-1.0,1.0
54,6,2,All,6,3,0.8888888888888888,18,1.0,2,1.0,1,1.0,1,1.0,1,0.0,1.0,1.0,1.0
54,7,3,All,7,1,0.9230769230769231,26,1.0,3,1.0,1,1.0,1,1.0,1,0.0,0.0,0.0,1.0
54,8,3,All,8,2,0.8518518518518519,27,0.6666666666666666,3,1.0,1,1.0,2,0.5,2,0.0,0.5,0.5,2.0
54,9,5,All,9,2,0.7111111111111111,45,0.2,5,1.0,1,0.5,4,0.0,4,0.6666666666666666,1.0,0.3333333333333333,9.0
54,10,6,All,10,2,0.5961538461538461,52,0.6666666666666666,6,1.0,2,1.0,2,1.0,2,1.7272727272727273,0.6818181818181818,-1.0454545454545454,22.0
54,11,4,All,11,2,0.8888888888888888,36,0.5,4,0.6666666666666666,3,1.0,1,0.0,1,0.0,0.3333333333333333,0.3333333333333333,3.0
54,12,5,All,12,3,0.6888888888888889,45,0.4,5,1.0,2,1.0,3,0.0,3,1.0909090909090908,1.4545454545454546,0.36363636363636365,11.0
54,13,2,All,13,4,0.29411764705882354,17,0.0,2,,0,0.5,2,0.0,2,1.3,1.8,0.5,10.0
54,14,4,All,14,3,0.7714285714285715,35,0.6666666666666666,3,1.0,1,1.0,2,0.5,2,0.8333333333333334,0.6666666666666666,-0.16666666666666666,6.0
54,15,6,All,15,3,0.7962962962962963,54,0.6666666666666666,6,1.0,2,0.75,4,0.5,4,0.7142857142857143,1.2857142857142858,0.5714285714285714,7.0
54,16,2,All,16,5,0.7777777777777778,18,0.5,2,,0,1.0,2,0.5,2,0.0,1.0,1.0,2.0
54,17,2,All,17,6,0.7647058823529411,17,0.0,2,,0,1.0,2,0.0,2,0.0,1.0,1.0,2.0
54,18,3,All,18,3,0.9259259259259259,27,1.0,3,1.0,1,1.0,2,1.0,2,,,,
55,1,2,All,1,1,0.9444444444444444,18,1.0,2,1.0,2,,0,,0,0.0,0.0,0.0,1.0
55,2,6,All,2,1,0.6415094339622641,53,0.6666666666666666,6,0.75,4,1.0,2,0.5,2,2.217391304347826,2.1739130434782608,-0.043478260869565216,23.0
55,3,5,All,3,1,0.5777777777777777,45,0.4,5,0.6666666666666666,3,0.5,2,0.0,2,1.6666666666666667,1.6666666666666667,0.0,21.0
55,4,2,All,4,2,0.8461538461538461,13,1.0,2,,0,1.0,2,1.0,2,,,,
55,5,4,All,5,1,0.75,36,0.25,4,,0,0.75,4,0.25,4,0.5,1.0,0.5,6.0
55,6,3,All,6,1,0.8518518518518519,27,1.0,3,1.0,1,1.0,2,1.0,2,0.0,0.5,0.5,2.0
55,7,2,All,7,3,0.8235294117647058,17,0.0,1,,0,1.0,1,0.0,1,0.0,1.0,1.0,1.0
55,8,3,All,8,2,0.9259259259259259,27,1.0,3,1.0,1,1.0,2,1.0,2,,,,
55,9,6,All,9,2,0.8333333333333334,54,0.5,6,1.0,3,1.0,3,0.0,3,0.5,1.1666666666666667,0.6666666666666666,6.0
55,10,5,All,10,2,0.9090909090909091,44,1.0,4,1.0,3,1.0,1,1.0,1,0.0,0.5,0.5,2.0
55,11,4,All,11,2,0.7777777777777778,36,0.75,4,1.0,2,0.5,2,0.5,2,0.5714285714285714,0.7142857142857143,0.14285714285714285,7.0
55,12,2,All,12,4,0.9444444444444444,18,1.0,2,1.0,1,1.0,1,1.0,1,,,,
55,13,6,All,13,3,0.8148148148148148,54,0.5,6,0.6666666666666666,3,0.6666666666666666,3,0.3333333333333333,3,1.1428571428571428,0.5714285714285714,-0.5714285714285714,7.0
55,14,5,All,14,3,0.7555555555555555,45,0.4,5,1.0,2,0.3333333333333333,3,0.0,3,0.8888888888888888,1.0,0.1111111111111111,9.0
55,15,2,All,15,5,0.7777777777777778,18,0.0,2,0.0,1,1.0,1,0.0,1,0.3333333333333333,0.6666666666666666,0.3333333333333333,3.0
55,16,4,All,16,3,0.75,36,0.5,4,1.0,1,0.6666666666666666,3,0.3333333333333333,3,1.2857142857142858,0.42857142857142855,-0.8571428571428571,7.0
55,17,3,All,17,3,0.7692307692307693,26,1.0,3,1.0,1,1.0,2,1.0,2,1.0,0.75,-0.25,4.0
55,18,2,All,18,6,0.8888888888888888,18,1.0,2,1.0,1,1.0,1,1.0,1,1.0,0.0,-1.0,1.0
56,1,6,All,1,1,0.52,50,0.3333333333333333,6,1.0,2,0.6666666666666666,3,0.0,3,1.3125,1.75,0.4375,32.0
56,2,2,All,2,1,0.8888888888888888,18,1.0,2,,0,1.0,2,1.0,2,,,,
56,3,2,All,3,2,0.7142857142857143,14,0.0,2,,0,1.0,2,0.0,2,0.0,1.0,1.0,2.0
56,4,3,All,4,1,0.7037037037037037,27,0.6666666666666666,3,1.0,1,1.0,2,0.5,2,0.8333333333333334,1.3333333333333333,0.5,6.0
56,5,5,All,5,1,0.8409090909090909,44,0.5,4,1.0,2,1.0,2,0.0,2,0.25,1.0,0.75,4.0
56,6,3,All,6,2,0.7407407407407407,27,0.0,3,,0,1.0,3,0.0,3,0.25,1.0,0.75,4.0
56,7,4,All,7,1,0.7777777777777778,36,0.25,4,,0,1.0,4,0.25,4,0.25,1.0,0.75,4.0
56,8,2,All,8,3,0.9444444444444444,18,1.0,2,1.0,1,1.0,1,1.0,1,,,,
56,9,6,All,9,2,0.8518518518518519,54,0.8333333333333334,6,1.0,3,1.0,3,0.6666666666666666,3,0.8,0.6,-0.2,5.0
56,10,5,All,10,2,0.6888888888888889,45,0.8,5,1.0,2,1.0,3,0.6666666666666666,3,0.9090909090909091,0.8181818181818182,-0.09090909090909091,11.0
56,11,4,All,11,2,0.8055555555555556,36,0.75,4,1.0,1,0.6666666666666666,3,0.6666666666666666,3,1.25,0.0,-1.25,4.0
56,12,6,All,12,3,0.8518518518518519,54,0.8333333333333334,6,1.0,3,1.0,3,0.6666666666666666,3,0.4,0.6,0.2,5.0
56,13,2,All,13,4,0.8333333333333334,18,0.5,2,1.0,1,0.0,1,0.0,1,0.5,1.0,0.5,2.0
56,14,2,All,14,5,0.9444444444444444,18,1.0,2,1.0,1,1.0,1,1.0,1,,,,
56,15,3,All,15,3,0.9629629629629629,27,1.0,3,1.0,2,1.0,1,1.0,1,,,,
56,16,5,All,16,3,0.8222222222222222,45,0.6,5,,0,0.8,5,0.6,5,0.3333333333333333,0.6666666666666666,0.3333333333333333,3.0
56,17,3,All,17,4,0.9629629629629629,27,1.0,3,1.0,2,1.0,1,1.0,1,,,,
56,18,4,All,18,3,0.8333333333333334,36,0.75,4,1.0,2,1.0,2,0.5,2,0.75,1.0,0.25,4.0
57,1,2,All,1,1,0.8888888888888888,18,1.0,2,1.0,1,1.0,1,1.0,1,0.0,1.0,1.0,1.0
57,2,2,All,2,2,0.8333333333333334,18,0.5,2,,0,1.0,2,0.5,2,0.0,1.0,1.0,1.0
57,3,2,All,3,3,0.9444444444444444,18,1.0,2,1.0,1,1.0,1,1.0,1,,,,
57,4,3,All,4,1,0.7037037037037037,27,0.3333333333333333,3,1.0,1,1.0,2,0.0,2,0.3333333333333333,0.8333333333333334,0.5,6.0
57,5,6,All,5,1,0.49056603773584906,53,0.5,6,1.0,2,0.75,4,0.25,4,1.8620689655172413,2.2413793103448274,0.3793103448275862,29.0
57,6,4,All,6,1,0.7777777777777778,36,0.25,4,1.0,1,1.0,3,0.0,3,0.4,1.0,0.6,5.0
57,7,5,All,7,1,0.6590909090909091,44,1.0,4,1.0,1,1.0,3,1.0,3,1.0909090909090908,1.0909090909090908,0.0,11.0
57,8,3,All,8,2,0.8888888888888888,27,0.6666666666666666,3,1.0,2,1.0,1,0.0,1,0.5,1.0,0.5,2.0
57,9,4,All,9,2,0.8055555555555556,36,0.5,4,0.5,2,0.5,2,0.5,2,0.4,1.0,0.6,5.0
57,10,6,All,10,2,0.8333333333333334,54,0.6666666666666666,6,0.6666666666666666,3,0.6666666666666666,3,0.6666666666666666,3,1.3333333333333333,0.0,-1.3333333333333333,6.0
57,11,5,All,11,2,0.6511627906976745,43,0.2,5,1.0,1,0.5,4,0.0,4,1.1818181818181819,0.8181818181818182,-0.36363636363636365,11.0
57,12,2,All,12,4,0.8888888888888888,18,1.0,2,,0,1.0,2,1.0,2,,,,
57,13,2,All,13,5,0.9411764705882353,17,1.0,2,1.0,1,1.0,1,1.0,1,,,,
57,14,2,All,14,6,0.7647058823529411,17,0.0,2,,0,1.0,2,0.0,2,0.0,1.0,1.0,2.0
57,15,3,All,15,3,0.8518518518518519,27,0.6666666666666666,3,1.0,1,1.0,2,0.5,2,0.5,0.5,0.0,2.0
57,16,6,All,16,3,0.48,50,0.0,6,0.0,1,0.25,4,0.0,4,1.5185185185185186,1.6666666666666667,0.14814814814814814,27.0
57,17,4,All,17,3,0.7142857142857143,35,0.75,4,1.0,1,0.6666666666666666,3,0.6666666666666666,3,0.7142857142857143,1.1428571428571428,0.42857142857142855,7.0
57,18,5,All,18,3,0.6590909090909091,44,0.4,5,0.0,1,1.0,4,0.5,4,0.7272727272727273,1.2727272727272727,0.5454545454545454,11.0
58,1,2,All,1,1,0.8888888888888888,18,1.0,2,,0,1.0,2,1.0,2,,,,
58,2,3,All,2,1,0.8888888888888888,27,0.6666666666666666,3,1.0,2,1.0,1,0.0,1,0.0,0.5,0.5,2.0
58,3,2,All,3,2,0.8888888888888888,18,0.5,2,1.0,1,1.0,1,0.0,1,0.0,1.0,1.0,1.0
58,4,4,All,4,1,0.8888888888888888,36,0.5,4,1.0,2,1.0,2,0.0,2,0.0,1.0,1.0,2.0
58,5,2,All,5,3,0.8333333333333334,18,0.5,2,,0,1.0,2,0.5,2,0.0,1.0,1.0,1.0
58,6,3,All,6,2,0.8518518518518519,27,0.3333333333333333,3,1.0,1,1.0,2,0.0,2,0.0,1.0,1.0,2.0
58,7,6,All,7,1,0.8148148148148148,54,0.5,6,,0,0.8333333333333334,6,0.5,6,0.25,1.0,0.75,4.0
58,8,5,All,8,1,0.8,45,0.6,5,1.0,1,1.0,4,0.5,4,0.8,1.0,0.2,5.0
58,9,4,All,9,2,0.8611111111111112,36,1.0,4,1.0,1,1.0,3,1.0,3,0.5,1.0,0.5,2.0
58,10,5,All,10,2,0.8888888888888888,45,0.8,5,1.0,3,1.0,2,0.5,2,0.3333333333333333,1.0,0.6666666666666666,3.0
58,11,6,All,11,2,0.7962962962962963,54,0.8333333333333334,6,1.0,3,1.0,3,0.6666666666666666,3,0.5,0.375,-0.125,8.0
58,12,2,All,12,4,0.9444444444444444,18,1.0,2,1.0,1,1.0,1,1.0,1,,,,
58,13,3,All,13,3,0.9259259259259259,27,0.6666666666666666,3,1.0,2,1.0,1,0.0,1,0.0,1.0,1.0,1.0
58,14,2,All,14,5,0.8888888888888888,18,0.5,2,1.0,1,1.0,1,0.0,1,0.0,1.0,1.0,1.0
58,15,4,All,15,3,0.8333333333333334,36,0.75,4,1.0,1,1.0,3,0.6666666666666666,3,0.3333333333333333,1.0,0.6666666666666666,3.0
58,16,2,All,16,6,0.8333333333333334,18,0.5,2,,0,1.0,2,0.5,2,0.0,1.0,1.0,1.0
58,17,3,All,17,4,0.8148148148148148,27,0.3333333333333333,3,,0,1.0,3,0.3333333333333333,3,0.0,1.0,1.0,2.0
58,18,6,All,18,3,0.8113207547169812,53,0.8,5,1.0,2,1.0,3,0.6666666666666666,3,0.5714285714285714,0.7142857142857143,0.14285714285714285,7.0
59,1,3,All,1,1,0.8148148148148148,27,0.3333333333333333,3,1.0,1,0.5,2,0.0,2,0.6666666666666666,0.6666666666666666,0.0,3.0
59,2,4,All,2,1,0.8611111111111112,36,0.75,4,0.5,2,1.0,2,1.0,2,0.6666666666666666,0.0,-0.6666666666666666,3.0
59,3,2,All,3,1,0.7777777777777778,18,0.0,2,,0,1.0,2,0.0,2,0.0,1.0,1.0,2.0
59,4,3,All,4,2,0.8518518518518519,27,0.6666666666666666,3,1.0,1,1.0,2,0.5,2,0.5,0.5,0.0,2.0
59,5,2,All,5,2,0.875,16,0.5,2,1.0,1,1.0,1,0.0,1,0.0,1.0,1.0,1.0
59,6,5,All,6,1,0.5555555555555556,45,0.4,5,1.0,1,1.0,4,0.25,4,1.95,2.3,0.35,20.0
59,7,2,All,7,3,0.8888888888888888,18,1.0,2,1.0,1,1.0,1,1.0,1,1.0,0.0,-1.0,1.0
59,8,6,All,8,1,0.6296296296296297,54,0.5,6,0.3333333333333333,3,1.0,3,0.6666666666666666,3,0.8333333333333334,1.2222222222222223,0.3888888888888889,18.0
59,9,4,All,9,2,0.6285714285714286,35,0.5,4,1.0,1,0.5,2,0.5,2,2.0625,0.9375,-1.125,16.0
59,10,6,All,10,2,0.7962962962962963,54,0.6666666666666666,6,1.0,3,0.6666666666666666,3,0.3333333333333333,3,0.375,0.875,0.5,8.0
59,11,5,All,11,2,0.9333333333333333,45,1.0,5,1.0,3,1.0,2,1.0,2,0.0,0.0,0.0,1.0
59,12,3,All,12,3,0.8888888888888888,27,1.0,3,1.0,2,1.0,1,1.0,1,0.5,1.0,0.5,2.0
59,13,4,All,13,3,0.8333333333333334,36,0.5,4,1.0,2,1.0,2,0.0,2,0.5,1.25,0.75,4.0
59,14,2,All,14,4,0.8888888888888888,18,0.5,2,1.0,1,0.0,1,0.0,1,1.0,0.0,-1.0,1.0
59,15,3,All,15,4,0.9629629629629629,27,1.0,3,1.0,2,1.0,1,1.0,1,,,,
59,16,2,All,16,5,0.7777777777777778,18,0.5,2,1.0,1,1.0,1,0.0,1,0.3333333333333333,0.6666666666666666,0.3333333333333333,3.0
59,17,5,All,17,3,0.7045454545454546,44,0.6,5,,0,0.75,4,0.5,4,0.5555555555555556,1.1111111111111112,0.5555555555555556,9.0
59,18,2,All,18,6,0.8823529411764706,17,0.5,2,1.0,1,,0,,0,0.0,0.5,0.5,2.0
60,1,4,All,1,1,0.75,36,0.5,4,,0,1.0,4,0.5,4,1.2,1.0,-0.2,5.0
60,2,3,All,2,1,0.9629629629629629,27,1.0,3,1.0,2,1.0,1,1.0,1,,,,
60,3,3,All,3,2,0.8888888888888888,27,0.6666666666666666,3,1.0,1,1.0,2,0.5,2,0.0,1.0,1.0,1.0
60,4,5,All,4,1,0.9333333333333333,45,0.8,5,1.0,3,1.0,2,0.5,2,0.0,1.0,1.0,1.0
60,5,2,All,5,1,0.8888888888888888,18,1.0,2,1.0,1,1.0,1,1.0,1,0.0,0.0,0.0,1.0
60,6,6,All,6,1,0.7547169811320755,53,0.4,5,0.5,2,1.0,3,0.3333333333333333,3,0.6666666666666666,0.7777777777777778,0.1111111111111111,9.0
60,7,2,All,7,2,0.7777777777777778,18,0.0,2,,0,1.0,2,0.0,2,0.0,1.0,1.0,2.0
60,8,2,All,8,3,0.8888888888888888,18,0.5,2,1.0,1,1.0,1,0.0,1,0.0,1.0,1.0,1.0
60,9,5,All,9,2,0.7954545454545454,44,0.5,4,1.0,1,1.0,3,0.3333333333333333,3,0.4,1.0,0.6,5.0
60,10,4,All,10,2,0.8888888888888888,36,0.75,4,1.0,1,1.0,3,0.6666666666666666,3,0.0,1.0,1.0,1.0
60,11,6,All,11,2,0.7592592592592593,54,0.5,6,1.0,2,1.0,4,0.25,4,1.0,1.3333333333333333,0.3333333333333333,9.0
60,12,4,All,12,3,0.8888888888888888,36,0.5,4,1.0,2,1.0,2,0.0,2,0.0,1.0,1.0,2.0
60,13,3,All,13,3,0.8148148148148148,27,0.3333333333333333,3,,0,1.0,3,0.3333333333333333,3,0.0,1.0,1.0,2.0
60,14,3,All,14,4,0.9259259259259259,27,0.6666666666666666,3,1.0,2,1.0,1,0.0,1,0.0,1.0,1.0,1.0
60,15,5,All,15,3,0.8888888888888888,45,0.6,5,1.0,2,1.0,3,0.3333333333333333,3,0.0,1.0,1.0,2.0
60,16,2,All,16,4,0.9444444444444444,18,1.0,2,1.0,1,1.0,1,1.0,1,,,,
60,17,6,All,17,3,0.9074074074074074,54,0.6666666666666666,6,1.0,3,1.0,3,0.3333333333333333,3,0.0,1.0,1.0,2.0
60,18,2,All,18,5,0.7777777777777778,18,0.5,2,,0,1.0,2,0.5,2,0.0,1.0,1.0,2.0
61,1,3,All,1,1,0.9629629629629629,27,1.0,3,1.0,2,1.0,1,1.0,1,,,,
61,2,5,All,2,1,0.813953488372093,43,0.75,4,1.0,3,1.0,1,0.0,1,0.8333333333333334,1.3333333333333333,0.5,6.0
61,3,4,All,3,1,0.7222222222222222,36,0.25,4,1.0,1,0.3333333333333333,3,0.0,3,0.8571428571428571,1.0,0.14285714285714285,7.0
61,4,6,All,4,1,0.48148148148148145,54,0.3333333333333333,6,0.5,2,0.75,4,0.25,4,1.8928571428571428,1.7142857142857142,-0.17857142857142858,28.0
61,5,3,All,5,2,0.8888888888888888,27,0.6666666666666666,3,1.0,1,1.0,2,0.5,2,0.0,1.0,1.0,1.0
61,6,2,All,6,1,0.8333333333333334,18,0.5,2,1.0,1,1.0,1,0.0,1,0.5,1.0,0.5,2.0
61,7,2,All,7,2,0.8333333333333334,18,0.5,2,,0,1.0,2,0.5,2,0.0,1.0,1.0,1.0
61,8,2,All,8,3,0.8333333333333334,18,0.5,2,,0,1.0,2,0.5,2,0.0,1.0,1.0,1.0
61,9,5,All,9,2,0.8666666666666667,45,0.8,5,1.0,2,1.0,3,0.6666666666666666,3,0.6666666666666666,1.3333333333333333,0.6666666666666666,3.0
61,10,4,All,10,2,0.9722222222222222,36,1.0,4,1.0,3,1.0,1,1.0,1,,,,
61,11,6,All,11,2,0.6538461538461539,52,0.5,6,1.0,1,0.75,4,0.5,4,0.9285714285714286,0.7142857142857143,-0.21428571428571427,14.0
61,12,3,All,12,3,0.8148148148148148,27,0.3333333333333333,3,,0,1.0,3,0.3333333333333333,3,0.0,1.0,1.0,2.0
61,13,5,All,13,3,0.4666666666666667,45,0.0,5,,0,0.6,5,0.0,5,1.368421052631579,1.368421052631579,0.0,19.0
61,14,4,All,14,3,0.6944444444444444,36,0.25,4,1.0,1,0.6666666666666666,3,0.0,3,0.875,1.0,0.125,8.0
61,15,6,All,15,3,0.7777777777777778,54,0.3333333333333333,6,1.0,1,0.6,5,0.2,5,0.5714285714285714,0.7142857142857143,0.14285714285714285,7.0
61,16,3,All,16,4,0.8888888888888888,27,0.6666666666666666,3,1.0,1,1.0,2,0.5,2,0.0,1.0,1.0,1.0
61,17,2,All,17,4,0.7777777777777778,18,0.5,2,,0,1.0,2,0.5,2,0.0,1.0,1.0,2.0
61,18,2,All,18,5,0.9444444444444444,18,1.0,2,1.0,1,1.0,1,1.0,1,,,,
62,1,5,All,1,1,0.5555555555555556,45,0.6,5,1.0,1,1.0,4,0.5,4,1.125,1.5625,0.4375,16.0
62,2,6,All,2,1,0.9074074074074074,54,0.8333333333333334,6,1.0,2,1.0,4,0.75,4,0.0,1.0,1.0,1.0
62,3,3,All,3,1,0.8148148148148148,27,0.3333333333333333,3,1.0,1,1.0,2,0.0,2,0.3333333333333333,1.0,0.6666666666666666,3.0
62,4,2,All,4,1,0.9444444444444444,18,1.0,2,1.0,1,1.0,1,1.0,1,,,,
62,5,4,All,5,1,0.8888888888888888,36,0.75,4,1.0,2,1.0,2,0.5,2,0.5,0.5,0.0,2.0
62,6,2,All,6,2,0.8333333333333334,18,1.0,2,,0,1.0,2,1.0,2,1.0,0.0,-1.0,1.0
62,7,3,All,7,2,0.8888888888888888,27,0.6666666666666666,3,1.0,1,1.0,2,0.5,2,0.0,1.0,1.0,1.0
62,8,2,All,8,3,0.8888888888888888,18,0.5,2,1.0,1,1.0,1,0.0,1,0.0,1.0,1.0,1.0
62,9,5,All,9,2,0.7777777777777778,45,0.4,5,0.0,1,0.75,4,0.5,4,0.6666666666666666,0.8333333333333334,0.16666666666666666,6.0
62,10,6,All,10,2,0.8333333333333334,54,0.3333333333333333,6,0.5,2,0.75,4,0.25,4,0.2,0.6,0.4,5.0
62,11,4,All,11,2,0.8888888888888888,36,0.75,4,1.0,3,1.0,1,0.0,1,0.3333333333333333,0.6666666666666666,0.3333333333333333,3.0
62,12,5,All,12,3,0.7777777777777778,45,0.6,5,,0,1.0,5,0.6,5,0.6,1.0,0.4,5.0
62,13,6,All,13,3,0.8518518518518519,54,0.8333333333333334,6,1.0,1,1.0,5,0.8,5,0.3333333333333333,0.6666666666666666,0.3333333333333333,3.0
62,14,3,All,14,3,0.8888888888888888,27,1.0,3,1.0,2,1.0,1,1.0,1,0.5,0.0,-0.5,2.0
62,15,2,All,15,4,0.8888888888888888,18,0.5,2,1.0,1,1.0,1,0.0,1,0.0,1.0,1.0,1.0
62,16,4,All,16,3,0.7777777777777778,36,0.5,4,,0,1.0,4,0.5,4,0.75,1.0,0.25,4.0
62,17,2,All,17,5,0.8333333333333334,18,0.5,2,1.0,1,0.0,1,0.0,1,0.5,1.0,0.5,2.0
62,18,3,All,18,4,0.8888888888888888,27,0.6666666666666666,3,1.0,1,1.0,2,0.5,2,0.0,1.0,1.0,1.0
64,1,2,All,1,1,0.8235294117647058,17,0.5,2,,0,0.0,1,0.0,1,0.5,0.5,0.0,2.0
64,2,2,All,2,2,0.4,5,0.5,2,,0,1.0,2,0.5,2,0.0,1.0,1.0,1.0
64,3,6,All,3,1,0.6666666666666666,54,0.5,6,0.6666666666666666,3,0.6666666666666666,3,0.3333333333333333,3,0.8666666666666667,1.4,0.5333333333333333,15.0
64,4,2,All,4,3,0.7647058823529411,17,0.0,1,,0,1.0,1,0.0,1,0.5,1.0,0.5,2.0
64,5,5,All,5,1,0.8,45,0.4,5,1.0,1,0.75,4,0.25,4,0.4,1.2,0.8,5.0
64,6,3,All,6,1,0.8148148148148148,27,0.6666666666666666,3,1.0,1,1.0,2,0.5,2,0.0,0.6666666666666666,0.6666666666666666,3.0
64,7,3,All,7,2,0.9629629629629629,27,1.0,3,1.0,2,1.0,1,1.0,1,,,,
64,8,4,All,8,1,0.8055555555555556,36,0.75,4,1.0,1,1.0,3,0.6666666666666666,3,0.25,0.75,0.5,4.0
64,9,5,All,9,2,0.8888888888888888,45,0.6,5,0.6666666666666666,3,0.5,2,0.5,2,0.3333333333333333,0.3333333333333333,0.0,3.0
64,10,4,All,10,2,0.6944444444444444,36,0.5,4,1.0,1,1.0,3,0.3333333333333333,3,0.875,0.875,0.0,8.0
64,11,6,All,11,2,0.6666666666666666,54,0.16666666666666666,6,1.0,1,0.6,5,0.0,5,0.9230769230769231,1.0769230769230769,0.15384615384615385,13.0
64,12,2,All,12,4,0.8888888888888888,18,1.0,2,,0,1.0,2,1.0,2,,,,
64,13,2,All,13,5,0.9444444444444444,18,1.0,2,1.0,1,1.0,1,1.0,1,,,,
64,14,6,All,14,3,0.8333333333333334,54,0.5,6,0.6666666666666666,3,0.3333333333333333,3,0.3333333333333333,3,0.5,0.3333333333333333,-0.16666666666666666,6.0
64,15,2,All,15,6,1.0,18,1.0,2,1.0,2,,0,,0,,,,
64,16,5,All,16,3,0.7111111111111111,45,0.4,5,0.0,1,1.0,4,0.5,4,0.5555555555555556,1.1111111111111112,0.5555555555555556,9.0
64,17,3,All,17,3,0.7777777777777778,27,0.6666666666666666,3,1.0,1,1.0,2,0.5,2,1.0,0.75,-0.25,4.0
64,18,3,All,18,4,0.8518518518518519,27,0.3333333333333333,3,0.0,1,1.0,2,0.5,2,0.0,0.5,0.5,2.0
65,1,2,All,1,1,0.8333333333333334,18,0.5,2,,0,1.0,2,0.5,2,0.0,1.0,1.0,1.0
65,2,5,All,2,1,0.8666666666666667,45,0.8,5,1.0,2,1.0,3,0.6666666666666666,3,0.3333333333333333,1.0,0.6666666666666666,3.0
65,3,3,All,3,1,0.7777777777777778,27,0.6666666666666666,3,1.0,1,1.0,2,0.5,2,0.25,0.5,0.25,4.0
65,4,2,All,4,2,1.0,16,1.0,2,1.0,2,,0,,0,,,,
65,5,2,All,5,3,0.9444444444444444,18,1.0,2,1.0,1,1.0,1,1.0,1,,,,
65,6,3,All,6,2,0.9629629629629629,27,1.0,3,1.0,2,1.0,1,1.0,1,,,,
65,7,4,All,7,1,0.9444444444444444,36,0.75,4,1.0,3,1.0,1,0.0,1,0.0,1.0,1.0,1.0
65,8,6,All,8,1,0.6666666666666666,54,0.5,6,1.0,1,0.8,5,0.4,5,1.2307692307692308,1.7692307692307692,0.5384615384615384,13.0
65,9,5,All,9,2,0.8666666666666667,45,0.8,5,1.0,1,1.0,4,0.75,4,0.0,1.0,1.0,2.0
65,10,6,All,10,2,0.7407407407407407,54,0.6666666666666666,6,1.0,1,1.0,5,0.6,5,0.8888888888888888,0.8888888888888888,0.0,9.0
65,11,4,All,11,2,0.7777777777777778,36,0.5,4,,0,1.0,4,0.5,4,0.25,1.0,0.75,4.0
65,12,2,All,12,4,0.8888888888888888,18,0.5,2,1.0,1,1.0,1,0.0,1,0.0,1.0,1.0,1.0
65,13,5,All,13,3,0.9555555555555556,45,1.0,5,1.0,3,1.0,2,1.0,2,,,,
65,14,3,All,14,3,0.8888888888888888,27,1.0,3,,0,1.0,3,1.0,3,,,,
65,15,2,All,15,5,0.8888888888888888,18,0.5,2,1.0,1,1.0,1,0.0,1,0.0,1.0,1.0,1.0
65,16,2,All,16,6,0.8333333333333334,18,0.5,2,,0,1.0,2,0.5,2,0.0,1.0,1.0,1.0
65,17,3,All,17,4,0.8888888888888888,27,1.0,3,1.0,1,1.0,2,1.0,2,1.0,0.0,-1.0,1.0
65,18,4,All,18,3,0.8888888888888888,36,0.75,4,1.0,1,1.0,3,0.6666666666666666,3,0.0,1.0,1.0,1.0
66,1,5,All,1,1,0.8409090909090909,44,0.4,5,1.0,2,0.5,2,0.0,2,0.4,1.0,0.6,5.0
66,2,2,All,2,1,0.8333333333333334,18,0.5,2,,0,1.0,2,0.5,2,0.0,1.0,1.0,1.0
66,3,2,All,3,2,0.7647058823529411,17,0.0,2,,0,1.0,2,0.0,2,0.0,1.0,1.0,2.0
66,4,3,All,4,1,0.8148148148148148,27,0.6666666666666666,3,1.0,1,1.0,2,0.5,2,0.0,0.6666666666666666,0.6666666666666666,3.0
66,5,3,All,5,2,0.9259259259259259,27,1.0,3,1.0,1,1.0,2,1.0,2,,,,
66,6,6,All,6,1,0.6666666666666666,54,0.5,6,0.6666666666666666,3,0.6666666666666666,3,0.3333333333333333,3,1.1764705882352942,1.4705882352941178,0.29411764705882354,17.0
66,7,2,All,7,3,0.8333333333333334,18,0.5,2,,0,1.0,2,0.5,2,0.0,1.0,1.0,1.0
66,8,4,All,8,1,0.8611111111111112,36,0.75,4,1.0,3,1.0,1,0.0,1,0.25,0.75,0.5,4.0
66,9,6,All,9,2,0.8518518518518519,54,0.8333333333333334,6,1.0,5,0.0,1,0.0,1,0.42857142857142855,0.0,-0.42857142857142855,7.0
66,10,5,All,10,2,0.7777777777777778,45,0.4,5,1.0,1,0.75,4,0.25,4,0.6666666666666666,1.3333333333333333,0.6666666666666666,6.0
66,11,4,All,11,2,0.8333333333333334,36,0.5,4,1.0,1,1.0,3,0.3333333333333333,3,0.3333333333333333,1.0,0.6666666666666666,3.0
66,12,5,All,12,3,0.7555555555555555,45,0.6,5,,0,1.0,5,0.6,5,0.6666666666666666,1.0,0.3333333333333333,6.0
66,13,2,All,13,4,0.8333333333333334,18,0.5,2,1.0,1,1.0,1,0.0,1,0.5,1.0,0.5,2.0
66,14,2,All,14,5,0.8888888888888888,18,1.0,2,,0,1.0,2,1.0,2,,,,
66,15,3,All,15,3,0.8888888888888888,27,1.0,3,1.0,1,1.0,2,1.0,2,1.0,0.0,-1.0,1.0
66,16,3,All,16,4,1.0,27,1.0,3,1.0,3,,0,,0,,,,
66,17,6,All,17,3,0.6111111111111112,54,0.3333333333333333,6,0.5,2,0.75,4,0.25,4,1.7,1.3,-0.4,20.0
66,18,2,All,18,6,0.8823529411764706,17,0.5,2,,0,1.0,1,1.0,1,0.0,1.0,1.0,1.0
67,1,2,All,1,1,0.8888888888888888,18,1.0,2,1.0,1,1.0,1,1.0,1,0.0,1.0,1.0,1.0
67,2,3,All,2,1,0.8518518518518519,27,0.6666666666666666,3,1.0,1,0.5,2,0.5,2,0.5,0.0,-0.5,2.0
67,3,5,All,3,1,0.8,45,0.6,5,1.0,1,0.75,4,0.5,4,0.6,1.0,0.4,5.0
67,4,6,All,4,1,0.7843137254901961,51,0.5,6,1.0,2,0.75,4,0.25,4,0.2857142857142857,0.5714285714285714,0.2857142857142857,7.0
67,5,2,All,5,2,0.875,16,1.0,2,,0,1.0,2,1.0,2,,,,
67,6,4,All,6,1,0.6666666666666666,36,0.0,4,,0,1.0,4,0.0,4,0.875,1.0,0.125,8.0
67,7,3,All,7,2,0.9259259259259259,27,0.6666666666666666,3,0.6666666666666666,3,,0,,0,0.5,0.0,-0.5,2.0
67,8,2,All,8,3,0.8888888888888888,18,0.5,2,1.0,1,1.0,1,0.0,1,0.0,1.0,1.0,1.0
67,9,5,All,9,2,0.8,45,0.6,5,1.0,3,0.5,2,0.0,2,1.0,0.8571428571428571,-0.14285714285714285,7.0
67,10,4,All,10,2,0.8857142857142857,35,1.0,4,1.0,2,1.0,2,1.0,2,0.5,0.0,-0.5,2.0
67,11,6,All,11,2,0.7592592592592593,54,0.5,6,0.6666666666666666,3,1.0,3,0.3333333333333333,3,1.0,0.9,-0.1,10.0
67,12,2,All,12,4,0.9444444444444444,18,1.0,2,1.0,1,1.0,1,1.0,1,,,,
67,13,3,All,13,3,0.8076923076923077,26,0.3333333333333333,3,0.5,2,1.0,1,0.0,1,0.75,0.75,0.0,4.0
67,14,5,All,14,3,0.6363636363636364,44,0.6,5,,0,1.0,4,0.75,4,1.5,1.6666666666666667,0.16666666666666666,12.0
67,15,6,All,15,3,0.6415094339622641,53,0.5,6,0.5,2,0.75,4,0.5,4,1.3125,1.4375,0.125,16.0
67,16,2,All,16,5,0.8333333333333334,18,0.5,2,,0,1.0,2,0.5,2,0.0,1.0,1.0,1.0
67,17,4,All,17,3,0.8055555555555556,36,0.25,4,0.0,1,1.0,3,0.3333333333333333,3,0.25,0.5,0.25,4.0
67,18,3,All,18,4,0.8518518518518519,27,0.6666666666666666,3,,0,1.0,3,0.6666666666666666,3,0.0,1.0,1.0,1.0
68,1,3,All,1,1,0.7777777777777778,27,0.3333333333333333,3,,0,1.0,3,0.3333333333333333,3,0.3333333333333333,1.0,0.6666666666666666,3.0
68,2,6,All,2,1,0.7358490566037735,53,0.4,5,0.6666666666666666,3,1.0,2,0.0,2,0.6363636363636364,0.8181818181818182,0.18181818181818182,11.0
68,3,2,All,3,1,0.7777777777777778,18,0.0,2,,0,1.0,2,0.0,2,0.0,1.0,1.0,2.0
68,4,4,All,4,1,0.7647058823529411,34,0.3333333333333333,3,1.0,1,1.0,2,0.0,2,0.8,1.0,0.2,5.0
68,5,5,All,5,1,0.8181818181818182,44,0.8,5,1.0,2,1.0,3,0.6666666666666666,3,0.8,1.2,0.4,5.0
68,6,2,All,6,2,0.8235294117647058,17,0.5,2,,0,1.0,2,0.5,2,0.0,1.0,1.0,1.0
68,7,2,All,7,3,0.7777777777777778,18,0.0,2,,0,1.0,2,0.0,2,0.0,1.0,1.0,2.0
68,8,3,All,8,2,0.7407407407407407,27,0.0,3,0.0,1,1.0,2,0.0,2,0.2,0.8,0.6,5.0
68,9,5,All,9,2,0.7777777777777778,45,0.6,5,1.0,1,0.75,4,0.5,4,1.8333333333333333,0.16666666666666666,-1.6666666666666667,6.0
68,10,6,All,10,2,0.7592592592592593,54,0.5,6,1.0,2,0.75,4,0.25,4,1.2222222222222223,0.7777777777777778,-0.4444444444444444,9.0
68,11,4,All,11,2,0.7428571428571429,35,0.5,4,1.0,1,0.6666666666666666,3,0.3333333333333333,3,1.3333333333333333,0.6666666666666666,-0.6666666666666666,6.0
68,12,3,All,12,3,0.9629629629629629,27,1.0,3,1.0,2,1.0,1,1.0,1,,,,
68,13,6,All,13,3,0.7407407407407407,54,0.3333333333333333,6,0.5,2,0.5,4,0.25,4,1.0,0.6,-0.4,10.0
68,14,2,All,14,4,0.8333333333333334,18,0.5,2,,0,1.0,2,0.5,2,0.0,1.0,1.0,1.0
68,15,4,All,15,3,0.8055555555555556,36,0.75,4,1.0,2,1.0,2,0.5,2,0.2,0.6,0.4,5.0
68,16,5,All,16,3,0.8409090909090909,44,0.8,5,1.0,2,1.0,3,0.6666666666666666,3,1.0,0.25,-0.75,4.0
68,17,2,All,17,5,0.8888888888888888,18,0.5,2,1.0,1,0.0,1,0.0,1,1.0,0.0,-1.0,1.0
68,18,2,All,18,6,1.0,18,1.0,2,1.0,2,,0,,0,,,,
69,1,6,All,1,1,0.5961538461538461,52,0.2,5,0.3333333333333333,3,0.5,2,0.0,2,1.2380952380952381,0.9047619047619048,-0.3333333333333333,21.0
69,2,4,All,2,1,0.7222222222222222,36,0.25,4,,0,0.75,4,0.25,4,0.6666666666666666,1.0,0.3333333333333333,6.0
69,3,3,All,3,1,0.7407407407407407,27,0.0,3,,0,1.0,3,0.0,3,0.25,1.0,0.75,4.0
69,4,2,All,4,1,0.8888888888888888,18,1.0,2,,0,1.0,2,1.0,2,,,,
69,5,2,All,5,2,0.7777777777777778,18,0.0,2,,0,1.0,2,0.0,2,0.0,1.0,1.0,2.0
69,6,3,All,6,2,0.8888888888888888,27,0.6666666666666666,3,1.0,1,1.0,2,0.5,2,0.0,1.0,1.0,1.0
69,7,5,All,7,1,0.7333333333333333,45,0.4,5,,0,0.8,5,0.4,5,1.1428571428571428,0.8571428571428571,-0.2857142857142857,7.0
69,8,2,All,8,3,1.0,18,1.0,2,1.0,2,,0,,0,,,,
69,9,4,All,9,2,0.8055555555555556,36,0.75,4,,0,1.0,4,0.75,4,1.0,1.0,0.0,3.0
69,10,6,All,10,2,0.5,54,0.5,6,1.0,1,0.6,5,0.4,5,1.7916666666666667,2.125,0.3333333333333333,24.0
69,11,5,All,11,2,0.6444444444444445,45,0.2,5,1.0,1,1.0,4,0.0,4,1.5384615384615385,1.3846153846153846,-0.15384615384615385,13.0
69,12,6,All,12,3,0.9444444444444444,54,1.0,6,1.0,4,1.0,2,1.0,2,0.0,0.0,0.0,1.0
69,13,4,All,13,3,0.8611111111111112,36,0.75,4,1.0,1,0.6666666666666666,3,0.6666666666666666,3,0.5,1.0,0.5,2.0
69,14,3,All,14,3,0.8148148148148148,27,0.6666666666666666,3,0.0,1,1.0,2,1.0,2,0.3333333333333333,0.3333333333333333,0.0,3.0
69,15,2,All,15,4,0.8888888888888888,18,0.5,2,1.0,1,1.0,1,0.0,1,0.0,1.0,1.0,1.0
69,16,2,All,16,5,0.8888888888888888,18,1.0,2,,0,1.0,2,1.0,2,,,,
69,17,3,All,17,4,0.8076923076923077,26,0.3333333333333333,3,1.0,1,1.0,1,0.0,1,0.25,0.75,0.5,4.0
69,18,5,All,18,3,0.6444444444444445,45,0.6,5,0.5,2,1.0,3,0.6666666666666666,3,1.5384615384615385,1.3076923076923077,-0.23076923076923078,13.0
70,1,4,All,1,1,0.8888888888888888,36,1.0,4,1.0,1,1.0,3,1.0,3,1.0,0.0,-1.0,1.0
70,2,2,All,2,1,0.7058823529411765,17,0.0,1,,0,1.0,1,0.0,1,1.0,1.2,0.2,5.0
70,3,6,All,3,1,0.5384615384615384,52,0.5,6,0.5,2,0.75,4,0.5,4,2.2580645161290325,1.8064516129032258,-0.45161290322580644,31.0
70,4,3,All,4,1,0.9230769230769231,26,1.0,3,1.0,3,,0,,0,0.0,0.0,0.0,2.0
70,5,3,All,5,2,0.6923076923076923,26,0.5,2,1.0,1,1.0,1,0.0,1,0.5,1.0,0.5,6.0
70,6,2,All,6,2,0.8125,16,0.5,2,1.0,1,1.0,1,0.0,1,0.5,1.0,0.5,2.0
70,7,2,All,7,3,0.6666666666666666,18,0.5,2,,0,1.0,2,0.5,2,0.75,1.0,0.25,4.0
70,8,5,All,8,1,0.7272727272727273,44,0.2,5,0.3333333333333333,3,0.5,2,0.0,2,0.7,0.7,0.0,10.0
70,9,4,All,9,2,0.8333333333333334,36,0.5,4,0.6666666666666666,3,1.0,1,0.0,1,0.6,0.8,0.2,5.0
70,10,6,All,10,2,0.9074074074074074,54,0.6666666666666666,6,1.0,3,0.6666666666666666,3,0.3333333333333333,3,0.5,0.5,0.0,2.0
70,11,5,All,11,2,0.7272727272727273,44,0.6,5,,0,0.8,5,0.6,5,1.0,1.375,0.375,8.0
70,12,4,All,12,3,0.7222222222222222,36,0.5,4,1.0,2,0.5,2,0.0,2,0.875,1.125,0.25,8.0
70,13,2,All,13,4,0.8333333333333334,18,1.0,2,1.0,1,1.0,1,1.0,1,0.5,0.0,-0.5,2.0
70,14,6,All,14,3,0.8461538461538461,52,0.5,6,1.0,2,0.75,4,0.25,4,0.25,1.0,0.75,4.0
70,15,3,All,15,3,0.6296296296296297,27,0.3333333333333333,3,,0,1.0,3,0.3333333333333333,3,1.1428571428571428,1.1428571428571428,0.0,7.0
70,16,3,All,16,4,0.8888888888888888,27,0.6666666666666666,3,1.0,1,1.0,2,0.5,2,0.0,1.0,1.0,1.0
70,17,2,All,17,5,0.9444444444444444,18,1.0,2,1.0,1,1.0,1,1.0,1,,,,
70,18,2,All,18,6,0.8333333333333334,18,0.5,2,,0,1.0,2,0.5,2,0.0,1.0,1.0,1.0
71,1,2,All,1,1,0.8888888888888888,18,0.5,2,1.0,1,1.0,1,0.0,1,0.0,1.0,1.0,1.0
71,2,3,All,2,1,0.8148148148148148,27,0.6666666666666666,3,1.0,1,0.5,2,0.5,2,1.0,1.0,0.0,3.0
71,3,4,All,3,1,0.8055555555555556,36,0.75,4,1.0,2,1.0,2,0.5,2,1.0,1.2,0.2,5.0
71,4,2,All,4,2,0.7647058823529411,17,0.0,2,,0,1.0,1,0.0,1,0.3333333333333333,1.0,0.6666666666666666,3.0
71,5,6,All,5,1,0.7735849056603774,53,0.6,5,1.0,2,1.0,3,0.3333333333333333,3,1.0,1.5555555555555556,0.5555555555555556,9.0
71,6,5,All,6,1,0.6904761904761905,42,0.6666666666666666,3,0.5,2,1.0,1,1.0,1,1.0,0.6666666666666666,-0.3333333333333333,12.0
71,7,3,All,7,2,0.7777777777777778,27,0.3333333333333333,3,1.0,1,0.0,2,0.0,2,0.5,0.5,0.0,4.0
71,8,2,All,8,3,0.8333333333333334,18,0.5,2,,0,1.0,2,0.5,2,0.0,1.0,1.0,1.0
71,9,5,All,9,2,0.8636363636363636,44,0.6,5,1.0,2,0.5,2,0.5,2,0.5,0.5,0.0,4.0
71,10,6,All,10,2,0.6481481481481481,54,0.5,6,1.0,1,0.4,5,0.4,5,2.2777777777777777,1.1111111111111112,-1.1666666666666667,18.0
71,11,4,All,11,2,0.75,36,0.5,4,1.0,1,1.0,3,0.3333333333333333,3,1.375,1.0,-0.375,8.0
71,12,2,All,12,4,0.8333333333333334,18,0.5,2,1.0,1,1.0,1,0.0,1,0.5,1.0,0.5,2.0
71,13,3,All,13,3,0.7777777777777778,27,0.6666666666666666,3,1.0,2,1.0,1,0.0,1,0.4,0.4,0.0,5.0
71,14,4,All,14,3,0.8055555555555556,36,0.5,4,1.0,1,1.0,3,0.3333333333333333,3,0.25,1.0,0.75,4.0
71,15,2,All,15,5,0.9444444444444444,18,1.0,2,1.0,1,1.0,1,1.0,1,,,,
71,16,6,All,16,3,0.37735849056603776,53,0.16666666666666666,6,0.0,1,0.6,5,0.2,5,2.0588235294117645,2.323529411764706,0.2647058823529412,34.0
71,17,5,All,17,3,0.7333333333333333,45,0.6,5,1.0,1,0.75,4,0.5,4,0.7777777777777778,1.1111111111111112,0.3333333333333333,9.0
71,18,3,All,18,4,0.9259259259259259,27,1.0,3,1.0,1,1.0,2,1.0,2,1.0,0.0,-1.0,1.0
72,1,3,All,1,1,0.8518518518518519,27,0.6666666666666666,3,1.0,2,1.0,1,0.0,1,0.3333333333333333,0.6666666666666666,0.3333333333333333,3.0
72,2,2,All,2,1,0.9444444444444444,18,1.0,2,1.0,1,1.0,1,1.0,1,,,,
72,3,2,All,3,2,0.8823529411764706,17,0.5,2,1.0,1,1.0,1,0.0,1,0.0,1.0,1.0,1.0
72,4,5,All,4,1,0.3409090909090909,44,0.2,5,0.5,2,0.3333333333333333,3,0.0,3,1.4666666666666666,1.9,0.43333333333333335,30.0
72,5,4,All,5,1,0.6571428571428571,35,0.0,4,,0,0.75,4,0.0,4,0.875,0.75,-0.125,8.0
72,6,2,All,6,3,0.8888888888888888,18,0.5,2,1.0,1,1.0,1,0.0,1,0.0,1.0,1.0,1.0
72,7,6,All,7,1,0.7115384615384616,52,0.5,6,1.0,2,0.3333333333333333,3,0.3333333333333333,3,1.1666666666666667,0.75,-0.4166666666666667,12.0
72,8,3,All,8,2,0.8571428571428571,21,0.6666666666666666,3,1.0,1,1.0,2,0.5,2,0.0,1.0,1.0,1.0
72,9,4,All,9,2,0.7941176470588235,34,0.5,4,1.0,2,,0,,0,0.7142857142857143,0.8571428571428571,0.14285714285714285,7.0
72,10,6,All,10,2,0.6415094339622641,53,0.3333333333333333,6,0.6666666666666666,3,0.3333333333333333,3,0.0,3,1.6875,0.8125,-0.875,16.0
72,11,5,All,11,2,0.7777777777777778,45,0.8,5,0.6666666666666666,3,1.0,2,1.0,2,0.875,1.25,0.375,8.0
72,12,3,All,12,3,0.7777777777777778,27,0.6666666666666666,3,,0,1.0,3,0.6666666666666666,3,0.0,1.0,1.0,3.0
72,13,2,All,13,4,0.7222222222222222,18,0.5,2,,0,0.5,2,0.5,2,0.3333333333333333,1.0,0.6666666666666666,3.0
72,14,2,All,14,5,0.9444444444444444,18,1.0,2,1.0,1,1.0,1,1.0,1,,,,
72,15,5,All,15,3,0.7777777777777778,45,0.6,5,0.6666666666666666,3,0.5,2,0.5,2,0.625,0.875,0.25,8.0
72,16,4,All,16,3,0.8611111111111112,36,0.75,4,1.0,1,1.0,3,0.6666666666666666,3,0.0,0.5,0.5,2.0
72,17,2,All,17,6,0.9444444444444444,18,1.0,2,1.0,1,1.0,1,1.0,1,,,,
72,18,6,All,18,3,0.5283018867924528,53,0.3333333333333333,6,1.0,1,0.8,5,0.2,5,1.9,1.3,-0.6,20.0
73,1,2,All,1,1,0.8888888888888888,18,1.0,2,,0,1.0,2,1.0,2,,,,
73,2,5,All,2,1,0.6363636363636364,44,0.5,4,1.0,2,0.0,2,0.0,2,1.9333333333333333,1.3333333333333333,-0.6,15.0
73,3,2,All,3,2,0.6666666666666666,18,0.0,2,,0,1.0,2,0.0,2,0.5,1.25,0.75,4.0
73,4,4,All,4,1,0.8285714285714286,35,0.25,4,1.0,1,0.6666666666666666,3,0.0,3,0.3333333333333333,0.6666666666666666,0.3333333333333333,3.0
73,5,6,All,5,1,0.2692307692307692,52,0.3333333333333333,6,0.6666666666666666,3,0.3333333333333333,3,0.0,3,1.9,1.625,-0.275,40.0
73,6,3,All,6,1,0.9259259259259259,27,1.0,3,1.0,1,1.0,2,1.0,2,,,,
73,7,3,All,7,2,0.7407407407407407,27,0.3333333333333333,3,1.0,1,0.5,2,0.0,2,1.0,0.8,-0.2,5.0
73,8,2,All,8,3,0.8888888888888888,18,1.0,2,,0,1.0,2,1.0,2,,,,
73,9,5,All,9,2,0.7045454545454546,44,0.6,5,1.0,1,0.3333333333333333,3,0.3333333333333333,3,1.3,0.6,-0.7,10.0
73,10,6,All,10,2,0.5185185185185185,54,1.0,6,1.0,2,1.0,4,1.0,4,3.6875,1.4375,-2.25,32.0
73,11,4,All,11,2,0.6666666666666666,36,0.5,4,,0,1.0,4,0.5,4,0.75,1.125,0.375,8.0
73,12,2,All,12,4,0.9444444444444444,18,1.0,2,1.0,1,1.0,1,1.0,1,,,,
73,13,5,All,13,3,0.7555555555555555,45,0.6,5,0.6666666666666666,3,1.0,2,0.5,2,1.1111111111111112,1.0,-0.1111111111111111,9.0
73,14,2,All,14,5,0.8333333333333334,18,0.5,2,1.0,1,1.0,1,0.0,1,0.5,1.0,0.5,2.0
73,15,4,All,15,3,0.8611111111111112,36,0.5,4,0.6666666666666666,3,0.0,1,0.0,1,0.5,0.0,-0.5,4.0
73,16,6,All,16,3,0.5740740740740741,54,0.6666666666666666,6,1.0,3,0.6666666666666666,3,0.3333333333333333,3,2.892857142857143,1.6428571428571428,-1.25,28.0
73,17,3,All,17,3,0.9259259259259259,27,0.6666666666666666,3,1.0,2,1.0,1,0.0,1,0.0,1.0,1.0,1.0
73,18,3,All,18,4,0.8148148148148148,27,0.6666666666666666,3,1.0,1,1.0,2,0.5,2,0.6666666666666666,0.6666666666666666,0.0,3.0
74,1,5,All,1,1,0.7111111111111111,45,0.6,5,1.0,1,0.75,4,0.5,4,1.8888888888888888,0.4444444444444444,-1.4444444444444444,9.0
74,2,4,All,2,1,0.9166666666666666,36,1.0,4,1.0,3,1.0,1,1.0,1,0.0,0.0,0.0,2.0
74,3,2,All,3,1,0.7777777777777778,18,0.5,2,1.0,1,1.0,1,0.0,1,0.6666666666666666,1.3333333333333333,0.6666666666666666,3.0
74,4,3,All,4,1,0.5555555555555556,27,0.0,3,0.0,1,1.0,2,0.0,2,0.9,1.3,0.4,10.0
74,5,2,All,5,2,0.8235294117647058,17,0.5,2,,0,1.0,2,0.5,2,0.0,1.0,1.0,1.0
74,6,2,All,6,3,0.6666666666666666,18,0.0,2,,0,0.5,2,0.0,2,0.5,1.0,0.5,4.0
74,7,6,All,7,1,0.9259259259259259,54,0.8333333333333334,6,1.0,4,1.0,2,0.5,2,0.5,1.0,0.5,2.0
74,8,3,All,8,2,0.9259259259259259,27,1.0,3,1.0,2,1.0,1,1.0,1,0.0,0.0,0.0,1.0
74,9,5,All,9,2,0.5777777777777777,45,0.4,5,,0,1.0,5,0.4,5,1.6,1.8,0.2,15.0
74,10,4,All,10,2,0.5428571428571428,35,0.5,4,,0,1.0,4,0.5,4,1.9375,1.5,-0.4375,16.0
74,11,6,All,11,2,0.9444444444444444,54,1.0,6,1.0,4,1.0,2,1.0,2,1.0,0.0,-1.0,1.0
74,12,5,All,12,3,0.8,45,0.6,5,1.0,3,1.0,2,0.0,2,0.7142857142857143,1.1428571428571428,0.42857142857142855,7.0
74,13,4,All,13,3,0.8333333333333334,36,0.5,4,1.0,1,1.0,3,0.3333333333333333,3,0.3333333333333333,1.0,0.6666666666666666,3.0
74,14,2,All,14,4,0.9444444444444444,18,1.0,2,1.0,1,1.0,1,1.0,1,,,,
74,15,3,All,15,3,0.6296296296296297,27,0.3333333333333333,3,,0,1.0,3,0.3333333333333333,3,0.7142857142857143,1.1428571428571428,0.42857142857142855,7.0
74,16,2,All,16,5,0.9444444444444444,18,1.0,2,1.0,1,1.0,1,1.0,1,,,,
74,17,2,All,17,6,0.7777777777777778,18,1.0,2,,0,1.0,2,1.0,2,0.5,0.5,0.0,2.0
74,18,6,All,18,3,0.5925925925925926,54,0.3333333333333333,6,1.0,2,0.75,4,0.0,4,1.2222222222222223,1.5555555555555556,0.3333333333333333,18.0
75,1,4,All,1,1,0.3235294117647059,34,0.0,3,,0,0.6666666666666666,3,0.0,3,1.3,1.75,0.45,20.0
75,2,3,All,2,1,0.7037037037037037,27,0.0,3,,0,0.3333333333333333,3,0.0,3,0.4,1.0,0.6,5.0
75,3,5,All,3,1,0.8181818181818182,44,0.75,4,1.0,2,1.0,2,0.5,2,0.6,0.8,0.2,5.0
75,4,2,All,4,1,0.9444444444444444,18,1.0,2,1.0,1,1.0,1,1.0,1,,,,
75,5,2,All,5,2,0.5,8,0.0,2,,0,1.0,2,0.0,2,0.0,1.0,1.0,2.0
75,6,3,All,6,2,0.9629629629629629,27,1.0,3,1.0,2,1.0,1,1.0,1,,,,
75,7,2,All,7,3,0.9444444444444444,18,1.0,2,1.0,1,1.0,1,1.0,1,,,,
75,8,6,All,8,1,0.8518518518518519,54,0.8333333333333334,6,1.0,3,1.0,3,0.6666666666666666,3,1.0,1.2,0.2,5.0
75,9,4,All,9,2,0.6944444444444444,36,0.25,4,,0,0.75,4,0.25,4,0.5714285714285714,1.2857142857142858,0.7142857142857143,7.0
75,10,5,All,10,2,0.8444444444444444,45,0.6,5,1.0,3,1.0,2,0.0,2,0.4,1.0,0.6,5.0
75,11,6,All,11,2,0.9074074074074074,54,1.0,6,1.0,2,1.0,4,1.0,4,0.0,0.0,0.0,1.0
75,12,4,All,12,3,0.9166666666666666,36,0.75,4,1.0,2,1.0,2,0.5,2,0.0,1.0,1.0,1.0
75,13,3,All,13,3,0.9259259259259259,27,1.0,3,1.0,1,1.0,2,1.0,2,,,,
75,14,5,All,14,3,0.7111111111111111,45,0.4,5,1.0,1,0.75,4,0.25,4,1.0,1.1111111111111112,0.1111111111111111,9.0
75,15,2,All,15,4,0.8888888888888888,18,0.5,2,1.0,1,1.0,1,0.0,1,0.0,1.0,1.0,1.0
75,16,2,All,16,5,0.9444444444444444,18,1.0,2,1.0,1,1.0,1,1.0,1,,,,
75,17,3,All,17,4,0.9629629629629629,27,1.0,3,1.0,2,1.0,1,1.0,1,,,,
75,18,2,All,18,6,0.8333333333333334,18,0.5,2,,0,1.0,2,0.5,2,0.0,1.0,1.0,1.0
76,1,3,All,1,1,0.4444444444444444,27,0.6666666666666666,3,1.0,1,1.0,2,0.5,2,0.9230769230769231,1.3846153846153846,0.46153846153846156,13.0
76,2,2,All,2,1,0.8888888888888888,18,1.0,2,1.0,1,1.0,1,1.0,1,0.0,0.0,0.0,1.0
76,3,4,All,3,1,0.7222222222222222,36,0.25,4,1.0,1,0.3333333333333333,3,0.0,3,1.1428571428571428,0.8571428571428571,-0.2857142857142857,7.0
76,4,3,All,4,2,0.8846153846153846,26,0.6666666666666666,3,1.0,1,1.0,2,0.5,2,0.0,1.0,1.0,1.0
76,5,5,All,5,1,0.36363636363636365,44,0.25,4,,0,0.75,4,0.25,4,1.903225806451613,2.225806451612903,0.3225806451612903,31.0
76,6,6,All,6,1,0.5384615384615384,52,0.3333333333333333,6,1.0,1,0.5,4,0.25,4,1.5,0.85,-0.65,20.0
76,7,2,All,7,2,0.9375,16,1.0,2,1.0,1,1.0,1,1.0,1,,,,
76,8,2,All,8,3,0.8888888888888888,18,1.0,2,,0,1.0,2,1.0,2,,,,
76,9,4,All,9,2,0.5294117647058824,34,0.3333333333333333,3,,0,1.0,3,0.3333333333333333,3,1.1538461538461537,1.2307692307692308,0.07692307692307693,13.0
76,10,6,All,10,2,0.7735849056603774,53,0.5,6,1.0,2,1.0,4,0.25,4,1.0,0.75,-0.25,8.0
76,11,5,All,11,2,0.8,45,0.6,5,0.5,2,1.0,3,0.6666666666666666,3,1.1666666666666667,0.6666666666666666,-0.5,6.0
76,12,3,All,12,3,0.6666666666666666,27,0.3333333333333333,3,0.5,2,0.0,1,0.0,1,1.0,1.25,0.25,8.0
76,13,2,All,13,4,0.9444444444444444,18,1.0,2,1.0,1,1.0,1,1.0,1,,,,
76,14,4,All,14,3,0.7428571428571429,35,0.5,4,1.0,1,1.0,3,0.3333333333333333,3,0.5,0.8333333333333334,0.3333333333333333,6.0
76,15,3,All,15,4,0.8148148148148148,27,0.3333333333333333,3,1.0,1,1.0,2,0.0,2,0.3333333333333333,1.0,0.6666666666666666,3.0
76,16,5,All,16,3,0.6046511627906976,43,0.2,5,0.0,1,0.25,4,0.25,4,1.25,1.4375,0.1875,16.0
76,17,6,All,17,3,0.6226415094339622,53,0.5,6,0.0,1,0.6,5,0.6,5,2.48,2.56,0.08,25.0
76,18,2,All,18,5,0.8888888888888888,18,0.5,2,1.0,1,1.0,1,0.0,1,0.0,1.0,1.0,1.0
77,1,2,All,1,1,0.9444444444444444,18,1.0,2,1.0,1,1.0,1,1.0,1,,,,
77,2,3,All,2,1,0.8888888888888888,27,0.6666666666666666,3,1.0,1,1.0,2,0.5,2,0.0,1.0,1.0,1.0
77,3,3,All,3,2,0.9259259259259259,27,1.0,3,1.0,2,1.0,1,1.0,1,0.0,0.0,0.0,1.0
77,4,6,All,4,1,0.8076923076923077,52,0.4,5,1.0,1,0.6666666666666666,3,0.3333333333333333,3,0.5,0.5,0.0,8.0
77,5,4,All,5,1,0.6944444444444444,36,0.25,4,0.5,2,0.5,2,0.0,2,0.6666666666666666,1.1111111111111112,0.4444444444444444,9.0
77,6,2,All,6,2,0.8235294117647058,17,0.5,2,,0,1.0,2,0.5,2,0.0,1.0,1.0,1.0
77,7,5,All,7,1,0.7777777777777778,45,0.6,5,0.6666666666666666,3,1.0,2,0.5,2,0.625,0.875,0.25,8.0
77,8,2,All,8,3,0.9444444444444444,18,1.0,2,1.0,1,1.0,1,1.0,1,,,,
77,9,6,All,9,2,0.8148148148148148,54,0.5,6,0.75,4,0.5,2,0.0,2,1.0,0.5,-0.5,8.0
77,10,4,All,10,2,0.8285714285714286,35,0.5,4,0.0,1,1.0,3,0.6666666666666666,3,0.0,0.6666666666666666,0.6666666666666666,3.0
77,11,5,All,11,2,0.5777777777777777,45,0.2,5,0.5,2,1.0,3,0.0,3,1.3888888888888888,1.8333333333333333,0.4444444444444444,18.0
77,12,2,All,12,4,0.9444444444444444,18,1.0,2,1.0,1,1.0,1,1.0,1,,,,
77,13,3,All,13,3,0.9259259259259259,27,1.0,3,1.0,1,1.0,2,1.0,2,,,,
77,14,3,All,14,4,0.8888888888888888,27,0.6666666666666666,3,1.0,1,1.0,2,0.5,2,0.0,1.0,1.0,1.0
77,15,6,All,15,3,0.8888888888888888,54,1.0,6,1.0,3,1.0,3,1.0,3,0.3333333333333333,0.6666666666666666,0.3333333333333333,3.0
77,16,4,All,16,3,0.8888888888888888,36,0.75,4,1.0,2,1.0,2,0.5,2,0.0,0.5,0.5,2.0
77,17,2,All,17,5,0.8333333333333334,18,0.5,2,,0,1.0,2,0.5,2,0.0,1.0,1.0,1.0
77,18,5,All,18,3,0.8888888888888888,45,0.6,5,1.0,2,1.0,3,0.3333333333333333,3,0.0,1.0,1.0,2.0
78,1,3,All,1,1,0.9259259259259259,27,1.0,3,1.0,2,1.0,1,1.0,1,0.0,0.0,0.0,1.0
78,2,6,All,2,1,0.5961538461538461,52,0.16666666666666666,6,1.0,1,0.4,5,0.0,5,1.0,1.125,0.125,16.0
78,3,2,All,3,1,0.9444444444444444,18,1.0,2,1.0,1,1.0,1,1.0,1,,,,
78,4,2,All,4,2,0.7647058823529411,17,0.0,2,,0,1.0,2,0.0,2,0.0,1.0,1.0,2.0
78,5,3,All,5,2,0.7777777777777778,27,1.0,3,,0,1.0,3,1.0,3,1.0,0.3333333333333333,-0.6666666666666666,3.0
78,6,2,All,6,3,0.8823529411764706,17,0.5,2,1.0,1,,0,,0,0.0,0.5,0.5,2.0
78,7,4,All,7,1,0.6111111111111112,36,0.25,4,,0,1.0,4,0.25,4,1.0,1.4,0.4,10.0
78,8,5,All,8,1,0.9333333333333333,45,0.8,5,1.0,3,0.5,2,0.5,2,1.0,0.0,-1.0,1.0
78,9,6,All,9,2,0.9074074074074074,54,0.6666666666666666,6,1.0,4,0.5,2,0.0,2,0.3333333333333333,0.3333333333333333,0.0,3.0
78,10,5,All,10,2,0.7555555555555555,45,0.6,5,1.0,1,0.75,4,0.5,4,0.7142857142857143,1.1428571428571428,0.42857142857142855,7.0
78,11,4,All,11,2,0.8333333333333334,36,0.5,4,1.0,1,1.0,3,0.3333333333333333,3,0.3333333333333333,1.0,0.6666666666666666,3.0
78,12,3,All,12,3,0.7037037037037037,27,0.3333333333333333,3,,0,0.6666666666666666,3,0.3333333333333333,3,0.4,1.0,0.6,5.0
78,13,6,All,13,3,0.8518518518518519,54,0.5,6,0.5,4,0.5,2,0.5,2,0.16666666666666666,0.6666666666666666,0.5,6.0
78,14,2,All,14,4,1.0,18,1.0,2,1.0,2,,0,,0,,,,
78,15,2,All,15,5,0.9444444444444444,18,1.0,2,1.0,1,1.0,1,1.0,1,,,,
78,16,3,All,16,4,1.0,27,1.0,3,1.0,3,,0,,0,,,,
78,17,2,All,17,6,0.7777777777777778,18,0.0,2,,0,1.0,2,0.0,2,0.0,1.0,1.0,2.0
78,18,4,All,18,3,0.7222222222222222,36,0.5,4,,0,0.75,4,0.5,4,0.8333333333333334,1.3333333333333333,0.5,6.0
79,1,6,All,1,1,0.5740740740740741,54,0.3333333333333333,6,0.0,2,0.75,4,0.5,4,1.72,1.52,-0.2,25.0
79,2,2,All,2,1,0.7777777777777778,18,0.5,2,,0,1.0,2,0.5,2,0.5,1.0,0.5,2.0
79,3,3,All,3,1,0.8148148148148148,27,0.6666666666666666,3,1.0,1,0.5,2,0.5,2,0.3333333333333333,1.0,0.6666666666666666,3.0
79,4,2,All,4,2,0.875,16,0.5,2,1.0,1,1.0,1,0.0,1,0.0,1.0,1.0,1.0
79,5,2,All,5,3,0.9444444444444444,18,1.0,2,1.0,2,,0,,0,0.0,0.0,0.0,1.0
79,6,5,All,6,1,0.6590909090909091,44,0.4,5,0.5,2,0.6666666666666666,3,0.3333333333333333,3,1.0,1.0,0.0,12.0
79,7,3,All,7,2,0.8148148148148148,27,0.6666666666666666,3,,0,1.0,3,0.6666666666666666,3,0.5,1.0,0.5,2.0
79,8,4,All,8,1,0.6111111111111112,36,0.5,4,1.0,1,0.6666666666666666,3,0.3333333333333333,3,1.3636363636363635,1.1818181818181819,-0.18181818181818182,11.0
79,9,5,All,9,2,0.7333333333333333,45,0.8,5,1.0,1,1.0,4,0.75,4,1.0,0.875,-0.125,8.0
79,10,6,All,10,2,0.8148148148148148,54,0.6666666666666666,6,0.8,5,0.0,1,0.0,1,1.4444444444444444,0.3333333333333333,-1.1111111111111112,9.0
79,11,4,All,11,2,0.8333333333333334,36,0.5,4,1.0,2,1.0,2,0.0,2,0.5,1.25,0.75,4.0
79,12,6,All,12,3,0.8148148148148148,54,0.8333333333333334,6,1.0,4,1.0,2,0.5,2,1.0,1.0,0.0,8.0
79,13,2,All,13,4,0.8888888888888888,18,1.0,2,1.0,1,1.0,1,1.0,1,0.0,0.0,0.0,1.0
79,14,3,All,14,3,0.8518518518518519,27,0.3333333333333333,3,1.0,1,1.0,2,0.0,2,0.0,1.0,1.0,2.0
79,15,2,All,15,5,0.7777777777777778,18,0.5,2,,0,1.0,2,0.5,2,0.5,1.0,0.5,2.0
79,16,2,All,16,6,0.8333333333333334,18,0.5,2,,0,1.0,2,0.5,2,0.0,1.0,1.0,1.0
79,17,5,All,17,3,0.6444444444444445,45,0.2,5,1.0,1,1.0,4,0.0,4,0.8333333333333334,1.4166666666666667,0.5833333333333334,12.0
79,18,3,All,18,4,0.9259259259259259,27,0.6666666666666666,3,1.0,2,1.0,1,0.0,1,0.0,1.0,1.0,1.0
80,1,2,All,1,1,0.9444444444444444,18,1.0,2,1.0,1,1.0,1,1.0,1,,,,
80,2,2,All,2,2,0.6923076923076923,13,0.0,2,,0,1.0,2,0.0,2,0.0,1.0,1.0,2.0
80,3,6,All,3,1,0.7592592592592593,54,0.6666666666666666,6,1.0,2,1.0,4,0.5,4,0.7777777777777778,1.0,0.2222222222222222,9.0
80,4,5,All,4,1,0.8444444444444444,45,0.4,5,1.0,2,1.0,3,0.0,3,0.0,0.75,0.75,4.0
80,5,3,All,5,1,0.9629629629629629,27,1.0,3,1.0,2,1.0,1,1.0,1,,,,
80,6,4,All,6,1,0.7222222222222222,36,0.25,4,0.5,2,1.0,2,0.0,2,1.1111111111111112,0.7777777777777778,-0.3333333333333333,9.0
80,7,2,All,7,3,0.8888888888888888,18,0.5,2,1.0,1,1.0,1,0.0,1,0.0,1.0,1.0,1.0
80,8,3,All,8,2,0.7777777777777778,27,0.0,3,,0,1.0,3,0.0,3,0.0,1.0,1.0,3.0
80,9,6,All,9,2,0.7735849056603774,53,0.6666666666666666,6,0.5,2,1.0,4,0.75,4,0.375,0.875,0.5,8.0
80,10,5,All,10,2,0.6888888888888889,45,0.4,5,,0,1.0,5,0.4,5,0.7777777777777778,1.3333333333333333,0.5555555555555556,9.0
80,11,4,All,11,2,0.8055555555555556,36,0.75,4,1.0,1,1.0,3,0.6666666666666666,3,0.25,1.0,0.75,4.0
80,12,2,All,12,4,0.8333333333333334,18,0.5,2,,0,1.0,2,0.5,2,0.0,1.0,1.0,1.0
80,13,2,All,13,5,0.9444444444444444,18,1.0,2,1.0,1,1.0,1,1.0,1,,,,
80,14,6,All,14,3,0.7592592592592593,54,0.6666666666666666,6,1.0,2,1.0,4,0.5,4,0.6666666666666666,1.1111111111111112,0.4444444444444444,9.0
80,15,5,All,15,3,0.8,45,0.8,5,1.0,3,1.0,2,0.5,2,0.7142857142857143,1.1428571428571428,0.42857142857142855,7.0
80,16,3,All,16,3,0.8888888888888888,27,0.6666666666666666,3,1.0,1,1.0,2,0.5,2,0.0,1.0,1.0,1.0
80,17,4,All,17,3,0.8611111111111112,36,0.75,4,,0,1.0,4,0.75,4,0.0,1.0,1.0,1.0
80,18,2,All,18,6,0.9444444444444444,18,1.0,2,1.0,1,1.0,1,1.0,1,,,,
88,1,6,All,1,1,0.7222222222222222,54,0.5,6,1.0,2,0.75,4,0.25,4,0.9090909090909091,1.4545454545454546,0.5454545454545454,11.0
88,2,4,All,2,1,0.8333333333333334,36,0.75,4,1.0,1,1.0,3,0.6666666666666666,3,1.0,1.0,0.0,3.0
88,3,2,All,3,1,1.0,18,1.0,2,1.0,2,,0,,0,,,,
88,4,2,All,4,2,0.75,12,0.5,2,,0,1.0,2,0.5,2,0.0,1.0,1.0,1.0
88,5,2,All,5,3,0.9444444444444444,18,1.0,2,1.0,1,1.0,1,1.0,1,,,,
88,6,3,All,6,1,0.9259259259259259,27,0.6666666666666666,3,0.5,2,1.0,1,1.0,1,0.0,0.0,0.0,1.0
88,7,5,All,7,1,0.8666666666666667,45,0.6,5,1.0,2,1.0,3,0.3333333333333333,3,0.0,1.0,1.0,3.0
88,8,3,All,8,2,0.8518518518518519,27,0.3333333333333333,3,1.0,1,1.0,2,0.0,2,0.0,1.0,1.0,2.0
88,9,6,All,9,2,0.7037037037037037,54,0.16666666666666666,6,,0,0.8333333333333334,6,0.16666666666666666,6,0.8,1.0,0.2,10.0
88,10,4,All,10,2,0.9166666666666666,36,0.75,4,1.0,2,1.0,2,0.5,2,0.0,1.0,1.0,1.0
88,11,5,All,11,2,0.8444444444444444,45,0.8,5,1.0,1,1.0,4,0.75,4,0.6666666666666666,0.3333333333333333,-0.3333333333333333,3.0
88,12,6,All,12,3,0.8148148148148148,54,0.8333333333333334,6,1.0,3,1.0,3,0.6666666666666666,3,0.7142857142857143,1.0,0.2857142857142857,7.0
88,13,4,All,13,3,0.7142857142857143,35,0.5,4,1.0,1,0.6666666666666666,3,0.3333333333333333,3,1.2857142857142858,0.5714285714285714,-0.7142857142857143,7.0
88,14,2,All,14,4,0.9444444444444444,18,1.0,2,1.0,1,1.0,1,1.0,1,,,,
88,15,2,All,15,5,0.8888888888888888,18,1.0,2,,0,1.0,2,1.0,2,,,,
88,16,2,All,16,6,1.0,18,1.0,2,1.0,2,,0,,0,,,,
88,17,3,All,17,3,0.9629629629629629,27,1.0,3,1.0,2,1.0,1,1.0,1,,,,
88,18,5,All,18,3,0.7555555555555555,45,0.4,5,1.0,1,1.0,4,0.25,4,0.8571428571428571,0.8571428571428571,0.0,7.0
96,1,2,All,1,1,0.8888888888888888,18,0.5,2,1.0,1,1.0,1,0.0,1,0.0,1.0,1.0,1.0
96,2,2,All,2,2,0.8823529411764706,17,0.5,2,1.0,1,1.0,1,0.0,1,0.0,1.0,1.0,1.0
96,3,2,All,3,3,0.8333333333333334,18,1.0,2,,0,1.0,2,1.0,2,0.0,1.0,1.0,1.0
96,4,6,All,4,1,0.9230769230769231,52,1.0,6,1.0,4,1.0,2,1.0,2,0.0,0.0,0.0,2.0
96,5,3,All,5,1,0.9629629629629629,27,1.0,3,1.0,2,1.0,1,1.0,1,,,,
96,6,3,All,6,2,0.9259259259259259,27,0.6666666666666666,3,1.0,2,1.0,1,0.0,1,0.0,1.0,1.0,1.0
96,7,4,All,7,1,0.7777777777777778,36,0.75,4,,0,0.75,4,0.75,4,0.4,1.0,0.6,5.0
96,8,5,All,8,1,0.8888888888888888,45,1.0,5,1.0,3,1.0,2,1.0,2,0.6666666666666666,0.0,-0.6666666666666666,3.0
96,9,6,All,9,2,0.7169811320754716,53,0.5,6,1.0,2,1.0,4,0.25,4,1.0,1.5833333333333333,0.5833333333333334,12.0
96,10,5,All,10,2,0.7777777777777778,45,0.6,5,1.0,1,0.75,4,0.5,4,0.6666666666666666,0.8333333333333334,0.16666666666666666,6.0
96,11,4,All,11,2,0.8888888888888888,36,0.75,4,1.0,2,1.0,2,0.5,2,0.0,1.0,1.0,2.0
96,12,2,All,12,4,1.0,18,1.0,2,1.0,2,,0,,0,,,,
96,13,2,All,13,5,0.8888888888888888,18,1.0,2,,0,1.0,2,1.0,2,,,,
96,14,2,All,14,6,0.8888888888888888,18,0.5,2,1.0,1,1.0,1,0.0,1,0.0,1.0,1.0,1.0
96,15,6,All,15,3,0.7962962962962963,54,0.6666666666666666,6,1.0,3,1.0,3,0.3333333333333333,3,0.875,1.25,0.375,8.0
96,16,3,All,16,3,0.8846153846153846,26,0.6666666666666666,3,1.0,1,1.0,2,0.5,2,0.0,1.0,1.0,1.0
96,17,3,All,17,4,0.7777777777777778,27,0.3333333333333333,3,,0,1.0,3,0.3333333333333333,3,0.3333333333333333,1.0,0.6666666666666666,3.0
96,18,4,All,18,3,0.8571428571428571,35,0.75,4,,0,1.0,4,0.75,4,0.0,1.0,1.0,1.0
102,1,6,All,1,1,0.3469387755102041,49,0.0,5,,0,0.5,2,0.0,2,2.2666666666666666,2.577777777777778,0.3111111111111111,45.0
102,2,5,All,2,1,0.5111111111111111,45,0.0,5,0.0,1,0.25,4,0.0,4,1.736842105263158,1.2105263157894737,-0.5263157894736842,19.0
102,3,2,All,3,1,0.8888888888888888,18,0.5,2,1.0,1,1.0,1,0.0,1,0.0,1.0,1.0,1.0
102,4,3,All,4,1,0.9259259259259259,27,0.6666666666666666,3,1.0,2,1.0,1,0.0,1,0.0,1.0,1.0,1.0
102,5,2,All,5,2,0.8235294117647058,17,0.5,2,,0,1.0,2,0.5,2,0.0,1.0,1.0,1.0
102,6,3,All,6,2,0.9259259259259259,27,1.0,3,1.0,2,1.0,1,1.0,1,0.0,1.0,1.0,1.0
102,7,2,All,7,3,0.8888888888888888,18,1.0,2,,0,1.0,2,1.0,2,,,,
102,8,4,All,8,1,0.5428571428571428,35,0.3333333333333333,3,1.0,1,0.5,2,0.0,2,2.1333333333333333,2.2666666666666666,0.13333333333333333,15.0
102,9,6,All,9,2,0.8148148148148148,54,0.5,6,1.0,3,1.0,3,0.0,3,0.7142857142857143,1.0,0.2857142857142857,7.0
102,10,5,All,10,2,0.5111111111111111,45,0.2,5,1.0,1,0.25,4,0.0,4,1.263157894736842,1.7894736842105263,0.5263157894736842,19.0
102,11,4,All,11,2,0.6944444444444444,36,0.5,4,,0,1.0,4,0.5,4,0.42857142857142855,1.0,0.5714285714285714,7.0
102,12,6,All,12,3,0.6981132075471698,53,1.0,6,1.0,5,1.0,1,1.0,1,1.7272727272727273,1.7727272727272727,0.045454545454545456,22.0
102,13,5,All,13,3,0.8,45,0.4,5,1.0,1,1.0,4,0.25,4,0.4,1.2,0.8,5.0
102,14,2,All,14,4,0.9444444444444444,18,1.0,2,1.0,1,1.0,1,1.0,1,,,,
102,15,3,All,15,3,0.6666666666666666,27,0.3333333333333333,3,,0,1.0,3,0.3333333333333333,3,1.0,0.6666666666666666,-0.3333333333333333,6.0
102,16,2,All,16,5,1.0,18,1.0,2,1.0,2,,0,,0,,,,
102,17,3,All,17,4,0.8888888888888888,27,1.0,3,1.0,1,1.0,2,1.0,2,0.0,0.0,0.0,1.0
102,18,2,All,18,6,0.8333333333333334,18,0.5,2,,0,1.0,2,0.5,2,0.0,1.0,1.0,1.0
