subject,group,block,set_size,set_size_exposure,stimulus,iteration,chosen_error_count,unchosen_error_count,error_avoidance_D
1,All,1,2,1,1,2,1,0,-1
1,All,1,2,1,1,3,2,0,-2
1,All,1,2,1,1,4,0,3,3
1,All,1,2,1,2,2,0,1,1
1,All,1,2,1,2,3,1,1,0
1,All,2,3,1,3,2,0,1,1
1,All,3,2,2,1,2,0,1,1
1,All,3,2,2,2,2,0,1,1
1,All,4,5,1,1,2,1,0,-1
1,All,4,5,1,1,3,2,0,-2
1,All,4,5,1,1,4,0,3,3
1,All,4,5,1,4,2,0,1,1
1,All,5,6,1,1,2,0,1,1
1,All,5,6,1,1,3,1,1,0
1,All,5,6,1,1,4,2,1,-1
1,All,5,6,1,1,5,1,3,2
1,All,5,6,1,1,6,2,3,1
1,All,5,6,1,1,8,3,3,0
1,All,5,6,1,1,11,4,3,-1
1,All,5,6,1,2,2,0,1,1
1,All,5,6,1,2,3,1,1,0
1,All,5,6,1,2,4,1,2,1
1,All,5,6,1,2,5,2,2,0
1,All,5,6,1,2,6,2,3,1
1,All,5,6,1,2,7,3,3,0
1,All,5,6,1,2,8,3,4,1
1,All,5,6,1,2,11,4,4,0
1,All,5,6,1,3,3,1,0,-1
1,All,5,6,1,3,5,0,2,2
1,All,5,6,1,3,6,2,1,-1
1,All,5,6,1,3,7,3,1,-2
1,All,5,6,1,3,8,1,4,3
1,All,5,6,1,3,11,4,2,-2
1,All,5,6,1,3,14,5,2,-3
1,All,5,6,1,4,2,0,1,1
1,All,5,6,1,4,3,1,1,0
1,All,5,6,1,4,5,2,1,-1
1,All,5,6,1,4,7,3,1,-2
1,All,5,6,1,4,9,1,4,3
1,All,5,6,1,5,2,0,1,1
1,All,5,6,1,5,3,1,1,0
1,All,6,4,1,1,2,0,1,1
1,All,6,4,1,1,3,1,1,0
1,All,6,4,1,1,4,1,2,1
1,All,6,4,1,1,5,2,2,0
1,All,6,4,1,2,5,1,0,-1
1,All,6,4,1,2,7,0,2,2
1,All,6,4,1,3,2,0,0,0
1,All,6,4,1,3,3,0,1,1
1,All,6,4,1,3,4,1,1,0
1,All,6,4,1,3,6,2,1,-1
1,All,8,3,2,1,2,0,1,1
1,All,8,3,2,1,3,1,1,0
1,All,8,3,2,2,2,1,0,-1
1,All,9,6,2,1,2,0,0,0
1,All,9,6,2,1,3,0,1,1
1,All,9,6,2,1,4,1,1,0
1,All,9,6,2,1,6,2,1,-1
1,All,9,6,2,1,7,3,1,-2
1,All,9,6,2,1,8,4,1,-3
1,All,9,6,2,1,9,1,5,4
1,All,9,6,2,1,11,5,2,-3
1,All,9,6,2,1,12,2,6,4
1,All,9,6,2,1,14,6,3,-3
1,All,9,6,2,2,3,0,0,0
1,All,9,6,2,2,4,1,0,-1
1,All,9,6,2,2,6,2,0,-2
1,All,9,6,2,2,8,0,3,3
1,All,9,6,2,2,11,1,3,2
1,All,9,6,2,2,12,3,2,-1
1,All,9,6,2,3,3,1,0,-1
1,All,9,6,2,3,4,2,0,-2
1,All,9,6,2,3,5,3,0,-3
1,All,9,6,2,3,6,0,4,4
1,All,9,6,2,3,7,1,4,3
1,All,9,6,2,3,8,2,4,2
1,All,9,6,2,3,9,3,4,1
1,All,9,6,2,3,13,4,4,0
1,All,9,6,2,4,3,0,0,0
1,All,9,6,2,4,4,1,0,-1
1,All,9,6,2,4,5,2,0,-2
1,All,9,6,2,4,8,0,3,3
1,All,9,6,2,4,9,1,3,2
1,All,9,6,2,4,10,2,3,1
1,All,9,6,2,4,13,3,3,0
1,All,9,6,2,5,2,0,1,1
1,All,9,6,2,5,3,1,1,0
1,All,9,6,2,5,4,1,2,1
1,All,9,6,2,5,5,2,2,0
1,All,9,6,2,5,6,3,2,-1
1,All,9,6,2,5,7,4,2,-2
1,All,9,6,2,5,9,5,2,-3
1,All,9,6,2,5,10,6,2,-4
1,All,9,6,2,5,13,7,2,-5
1,All,9,6,2,6,3,0,0,0
1,All,9,6,2,6,7,1,0,-1
1,All,10,5,2,1,2,1,0,-1
1,All,10,5,2,1,3,0,2,2
1,All,10,5,2,4,2,1,0,-1
1,All,10,5,2,4,4,0,2,2
1,All,10,5,2,4,10,1,2,1
1,All,10,5,2,5,15,0,0,0
1,All,11,4,2,1,2,0,1,1
1,All,12,2,4,1,2,0,1,1
1,All,12,2,4,1,3,1,1,0
1,All,14,2,5,1,2,0,1,1
1,All,14,2,5,2,3,0,0,0
1,All,15,5,3,1,2,0,1,1
1,All,15,5,3,1,3,1,1,0
1,All,15,5,3,1,5,2,1,-1
1,All,15,5,3,1,6,3,1,-2
1,All,15,5,3,1,7,4,1,-3
1,All,15,5,3,2,5,1,0,-1
1,All,15,5,3,2,6,2,0,-2
1,All,15,5,3,2,7,3,0,-3
1,All,15,5,3,3,6,0,0,0
1,All,15,5,3,4,3,1,0,-1
1,All,15,5,3,5,2,0,0,0
1,All,15,5,3,5,4,1,0,-1
1,All,15,5,3,5,6,2,0,-2
1,All,15,5,3,5,11,3,0,-3
1,All,16,6,3,1,2,1,0,-1
1,All,16,6,3,1,4,2,0,-2
1,All,16,6,3,6,5,0,0,0
1,All,17,4,3,1,4,1,0,-1
1,All,17,4,3,3,2,0,1,1
1,All,17,4,3,4,4,0,1,1
2,All,1,3,1,3,2,1,0,-1
2,All,2,5,1,2,2,0,1,1
2,All,2,5,1,2,3,1,1,0
2,All,2,5,1,3,2,0,1,1
2,All,5,2,2,1,2,0,1,1
2,All,5,2,2,2,2,0,1,1
2,All,7,6,1,1,2,0,1,1
2,All,7,6,1,2,2,0,1,1
2,All,7,6,1,2,4,1,1,0
2,All,7,6,1,3,7,0,0,0
2,All,7,6,1,6,2,0,1,1
2,All,9,4,2,1,6,0,1,1
2,All,9,4,2,4,2,0,1,1
2,All,10,5,2,1,2,0,1,1
2,All,10,5,2,1,6,1,1,0
2,All,10,5,2,2,4,0,0,0
2,All,10,5,2,3,3,1,0,-1
2,All,11,6,2,1,2,0,1,1
2,All,11,6,2,2,2,1,0,-1
2,All,11,6,2,2,3,0,2,2
2,All,11,6,2,2,9,2,1,-1
2,All,12,3,3,1,2,0,1,1
2,All,12,3,3,3,8,0,0,0
2,All,13,5,3,1,2,0,1,1
2,All,13,5,3,2,2,0,1,1
2,All,15,4,3,1,2,0,1,1
2,All,15,4,3,2,2,0,1,1
2,All,15,4,3,2,3,1,1,0
2,All,15,4,3,2,5,2,1,-1
2,All,18,6,3,1,3,0,1,1
2,All,18,6,3,2,3,0,1,1
2,All,18,6,3,5,3,1,0,-1
3,All,1,5,1,1,3,1,0,-1
3,All,1,5,1,1,4,0,2,2
3,All,1,5,1,1,5,2,1,-1
3,All,1,5,1,1,6,1,3,2
3,All,1,5,1,1,7,3,2,-1
3,All,1,5,1,2,2,0,1,1
3,All,1,5,1,2,3,1,1,0
3,All,1,5,1,5,2,0,1,1
3,All,1,5,1,5,5,1,1,0
3,All,1,5,1,5,6,2,1,-1
3,All,1,5,1,5,7,1,3,2
3,All,1,5,1,5,8,3,2,-1
3,All,2,4,1,1,4,0,1,1
3,All,2,4,1,1,9,1,1,0
3,All,2,4,1,2,2,0,1,1
3,All,2,4,1,3,2,0,1,1
3,All,2,4,1,4,2,0,1,1
3,All,2,4,1,4,3,1,1,0
3,All,3,3,1,1,2,0,1,1
3,All,3,3,1,3,7,0,0,0
3,All,6,2,2,1,2,0,1,1
3,All,7,2,3,2,2,0,1,1
3,All,8,6,1,1,8,1,0,-1
3,All,8,6,1,3,2,0,1,1
3,All,8,6,1,3,3,1,1,0
3,All,8,6,1,3,4,1,2,1
3,All,8,6,1,6,2,0,0,0
3,All,9,5,2,3,2,1,0,-1
3,All,9,5,2,3,3,2,0,-2
3,All,9,5,2,3,4,0,3,3
3,All,9,5,2,3,7,3,1,-2
3,All,9,5,2,4,2,0,1,1
3,All,9,5,2,4,3,1,1,0
3,All,9,5,2,5,4,1,0,-1
3,All,9,5,2,5,5,2,0,-2
3,All,10,4,2,4,2,0,1,1
3,All,10,4,2,4,8,1,1,0
3,All,11,6,2,1,5,1,0,-1
3,All,11,6,2,2,2,0,0,0
3,All,11,6,2,2,3,1,0,-1
3,All,11,6,2,2,4,0,2,2
3,All,11,6,2,2,5,2,1,-1
3,All,11,6,2,2,6,3,1,-2
3,All,11,6,2,3,2,0,0,0
3,All,11,6,2,5,2,1,0,-1
3,All,11,6,2,5,3,2,0,-2
3,All,11,6,2,5,4,0,3,3
3,All,11,6,2,5,5,3,1,-2
3,All,11,6,2,5,6,1,4,3
3,All,12,5,3,2,2,0,1,1
3,All,12,5,3,2,9,1,1,0
3,All,13,4,3,2,2,0,1,1
3,All,13,4,3,2,6,1,1,0
3,All,13,4,3,3,2,0,1,1
3,All,14,3,3,2,2,0,1,1
3,All,15,3,4,1,3,1,0,-1
3,All,17,2,5,2,2,0,1,1
3,All,18,2,6,1,5,0,1,1
3,All,18,2,6,2,2,0,1,1
4,All,1,4,1,1,2,0,1,1
4,All,1,4,1,1,3,1,1,0
4,All,1,4,1,3,2,0,1,1
4,All,2,3,1,1,7,0,0,0
4,All,3,5,1,1,2,0,1,1
4,All,3,5,1,3,2,1,0,-1
4,All,3,5,1,3,3,0,2,2
4,All,3,5,1,3,4,1,2,1
4,All,3,5,1,3,5,2,2,0
4,All,3,5,1,5,2,0,0,0
4,All,3,5,1,5,4,1,0,-1
4,All,3,5,1,5,7,2,0,-2
4,All,4,2,1,2,2,0,1,1
4,All,5,3,2,2,2,0,1,1
4,All,5,3,2,2,3,1,1,0
4,All,5,3,2,2,9,2,1,-1
4,All,5,3,2,3,2,0,1,1
4,All,6,6,1,1,2,0,1,1
4,All,6,6,1,1,3,1,1,0
4,All,6,6,1,1,5,1,2,1
4,All,6,6,1,1,6,2,2,0
4,All,6,6,1,3,2,1,0,-1
4,All,6,6,1,3,3,2,0,-2
4,All,6,6,1,3,5,3,0,-3
4,All,6,6,1,4,3,0,1,1
4,All,6,6,1,4,4,1,1,0
4,All,6,6,1,4,5,2,1,-1
4,All,7,2,2,1,2,0,1,1
4,All,7,2,2,2,2,0,1,1
4,All,8,2,3,1,2,0,1,1
4,All,8,2,3,2,2,0,1,1
4,All,9,6,2,1,2,0,1,1
4,All,9,6,2,2,5,1,0,-1
4,All,9,6,2,2,7,2,0,-2
4,All,9,6,2,3,2,1,0,-1
4,All,9,6,2,4,3,1,0,-1
4,All,9,6,2,4,4,0,2,2
4,All,9,6,2,5,2,1,0,-1
4,All,9,6,2,5,4,2,0,-2
4,All,9,6,2,5,5,0,3,3
4,All,9,6,2,5,6,3,1,-2
4,All,10,4,2,1,2,0,1,1
4,All,11,5,2,1,6,0,0,0
4,All,11,5,2,4,3,1,0,-1
4,All,12,4,3,1,2,0,1,1
4,All,12,4,3,1,7,1,1,0
4,All,12,4,3,3,2,0,0,0
4,All,13,3,3,2,2,0,1,1
4,All,13,3,3,3,4,0,1,1
4,All,14,5,3,1,2,0,1,1
4,All,14,5,3,2,2,0,1,1
4,All,14,5,3,2,7,1,1,0
4,All,14,5,3,4,4,0,1,1
4,All,14,5,3,4,5,1,1,0
4,All,15,2,4,1,7,0,0,0
4,All,17,6,3,1,2,0,0,0
4,All,17,6,3,2,2,1,0,-1
4,All,17,6,3,2,3,0,2,2
4,All,17,6,3,2,4,1,2,1
4,All,17,6,3,2,6,2,2,0
4,All,17,6,3,3,2,0,1,1
4,All,17,6,3,3,3,1,1,0
4,All,17,6,3,3,10,1,2,1
4,All,17,6,3,4,2,0,0,0
4,All,17,6,3,4,5,0,1,1
4,All,17,6,3,5,3,1,0,-1
4,All,17,6,3,5,4,0,2,2
4,All,18,2,5,1,2,0,1,1
5,All,1,3,1,1,2,0,0,0
5,All,1,3,1,1,3,0,1,1
5,All,1,3,1,2,2,0,0,0
5,All,3,4,1,1,3,1,0,-1
5,All,3,4,1,1,4,2,0,-2
5,All,3,4,1,2,3,0,0,0
5,All,3,4,1,2,4,1,0,-1
5,All,3,4,1,3,2,1,0,-1
5,All,3,4,1,3,3,0,2,2
5,All,3,4,1,3,5,1,2,1
5,All,3,4,1,3,6,2,2,0
5,All,4,6,1,2,2,1,0,-1
5,All,4,6,1,2,3,0,2,2
5,All,4,6,1,2,4,2,1,-1
5,All,4,6,1,2,10,1,3,2
5,All,4,6,1,2,11,2,3,1
5,All,4,6,1,2,12,3,3,0
5,All,4,6,1,5,2,1,0,-1
5,All,4,6,1,5,3,2,0,-2
5,All,4,6,1,5,4,3,0,-3
5,All,4,6,1,5,5,0,4,4
5,All,4,6,1,5,7,4,1,-3
5,All,4,6,1,5,13,1,5,4
5,All,4,6,1,6,2,0,0,0
5,All,4,6,1,6,3,1,0,-1
5,All,4,6,1,6,4,2,0,-2
5,All,5,5,1,1,5,0,0,0
5,All,5,5,1,2,3,0,0,0
5,All,5,5,1,3,2,0,1,1
5,All,5,5,1,3,3,1,1,0
5,All,5,5,1,3,4,1,2,1
5,All,5,5,1,5,9,0,1,1
5,All,6,2,2,1,2,0,1,1
5,All,6,2,2,1,3,1,1,0
5,All,7,3,2,2,2,0,1,1
5,All,8,2,3,2,2,0,1,1
5,All,9,5,2,1,3,0,0,0
5,All,9,5,2,2,2,0,1,1
5,All,9,5,2,2,3,1,1,0
5,All,9,5,2,2,4,1,2,1
5,All,9,5,2,2,5,2,2,0
5,All,9,5,2,2,6,2,3,1
5,All,9,5,2,3,2,0,1,1
5,All,9,5,2,3,5,1,1,0
5,All,9,5,2,3,12,1,2,1
5,All,9,5,2,4,3,0,0,0
5,All,9,5,2,4,4,0,1,1
5,All,9,5,2,4,5,1,1,0
5,All,9,5,2,4,7,2,1,-1
5,All,9,5,2,4,8,1,3,2
5,All,9,5,2,4,10,3,2,-1
5,All,9,5,2,5,3,0,1,1
5,All,10,4,2,1,2,0,1,1
5,All,10,4,2,1,3,1,1,0
5,All,10,4,2,1,9,1,2,1
5,All,10,4,2,1,10,2,2,0
5,All,10,4,2,2,2,1,0,-1
5,All,10,4,2,2,3,2,0,-2
5,All,10,4,2,2,4,0,3,3
5,All,10,4,2,2,5,3,1,-2
5,All,10,4,2,2,6,1,4,3
5,All,10,4,2,2,7,4,2,-2
5,All,10,4,2,2,12,5,2,-3
5,All,10,4,2,2,13,6,2,-4
5,All,10,4,2,2,14,7,2,-5
5,All,10,4,2,2,15,8,2,-6
5,All,11,6,2,3,2,0,1,1
5,All,11,6,2,3,3,1,1,0
5,All,11,6,2,4,3,0,1,1
5,All,11,6,2,4,5,1,1,0
5,All,11,6,2,6,2,0,0,0
5,All,11,6,2,6,3,0,1,1
5,All,11,6,2,6,6,1,1,0
5,All,12,3,3,2,2,0,0,0
5,All,12,3,3,2,3,1,0,-1
5,All,12,3,3,2,4,0,2,2
5,All,12,3,3,3,2,0,1,1
5,All,12,3,3,3,3,1,1,0
5,All,12,3,3,3,8,1,2,1
5,All,12,3,3,3,9,2,2,0
5,All,13,2,4,1,2,0,1,1
5,All,14,4,3,1,3,0,1,1
5,All,14,4,3,1,4,1,1,0
5,All,14,4,3,1,5,1,2,1
5,All,14,4,3,3,2,0,0,0
5,All,14,4,3,3,3,0,1,1
5,All,14,4,3,3,6,1,1,0
5,All,14,4,3,4,2,1,0,-1
5,All,15,6,3,2,2,0,1,1
5,All,15,6,3,2,3,1,1,0
5,All,15,6,3,2,4,1,2,1
5,All,15,6,3,2,9,2,2,0
5,All,15,6,3,2,11,3,2,-1
5,All,15,6,3,3,2,1,0,-1
5,All,15,6,3,3,6,0,2,2
5,All,15,6,3,4,2,0,1,1
5,All,15,6,3,4,3,1,1,0
5,All,15,6,3,4,5,1,2,1
5,All,15,6,3,5,3,1,0,-1
5,All,15,6,3,5,4,0,2,2
5,All,15,6,3,6,2,1,0,-1
5,All,15,6,3,6,3,0,2,2
5,All,15,6,3,6,5,2,1,-1
5,All,15,6,3,6,6,1,3,2
5,All,16,5,3,1,3,0,0,0
5,All,16,5,3,1,4,0,1,1
5,All,16,5,3,1,5,1,1,0
5,All,16,5,3,2,2,0,1,1
5,All,16,5,3,2,3,1,1,0
5,All,16,5,3,3,15,0,0,0
5,All,16,5,3,4,4,1,0,-1
5,All,16,5,3,4,5,2,0,-2
5,All,16,5,3,4,6,3,0,-3
5,All,16,5,3,4,8,4,0,-4
5,All,16,5,3,5,3,1,0,-1
5,All,16,5,3,5,14,0,2,2
5,All,18,3,4,1,9,0,1,1
5,All,18,3,4,1,13,1,1,0
5,All,18,3,4,1,15,2,1,-1
5,All,18,3,4,3,2,0,0,0
5,All,18,3,4,3,3,0,1,1
6,All,1,2,1,2,2,1,0,-1
6,All,1,2,1,2,3,0,2,2
6,All,2,6,1,1,2,1,0,-1
6,All,2,6,1,2,2,0,0,0
6,All,2,6,1,2,4,0,1,1
6,All,2,6,1,2,7,1,1,0
6,All,2,6,1,2,13,2,1,-1
6,All,2,6,1,3,2,0,1,1
6,All,2,6,1,3,3,1,1,0
6,All,2,6,1,3,5,2,1,-1
6,All,2,6,1,5,3,1,0,-1
6,All,2,6,1,5,4,2,0,-2
6,All,2,6,1,5,5,3,0,-3
6,All,2,6,1,5,7,4,0,-4
6,All,2,6,1,6,2,0,1,1
6,All,2,6,1,6,3,1,1,0
6,All,2,6,1,6,4,2,1,-1
6,All,2,6,1,6,7,3,1,-2
6,All,2,6,1,6,8,4,1,-3
6,All,2,6,1,6,11,5,1,-4
6,All,5,4,1,1,2,1,0,-1
6,All,5,4,1,3,2,0,1,1
6,All,5,4,1,4,7,1,0,-1
6,All,6,2,3,2,2,0,1,1
6,All,7,5,1,4,2,0,1,1
6,All,7,5,1,4,7,1,1,0
6,All,7,5,1,5,2,0,1,1
6,All,8,3,2,2,2,0,1,1
6,All,8,3,2,3,2,0,1,1
6,All,9,6,2,1,3,0,0,0
6,All,9,6,2,2,2,0,0,0
6,All,9,6,2,3,2,1,0,-1
6,All,9,6,2,4,3,1,0,-1
6,All,9,6,2,4,4,2,0,-2
6,All,9,6,2,4,5,3,0,-3
6,All,9,6,2,4,6,0,4,4
6,All,9,6,2,4,7,1,4,3
6,All,9,6,2,4,8,4,2,-2
6,All,9,6,2,5,2,1,0,-1
6,All,9,6,2,5,3,0,2,2
6,All,9,6,2,6,2,1,0,-1
6,All,9,6,2,6,3,2,0,-2
6,All,9,6,2,6,6,3,0,-3
6,All,10,4,2,4,2,0,1,1
6,All,10,4,2,4,3,1,1,0
6,All,10,4,2,4,4,2,1,-1
6,All,10,4,2,4,5,1,3,2
6,All,11,5,2,2,2,0,1,1
6,All,11,5,2,5,2,0,1,1
6,All,11,5,2,5,4,1,1,0
6,All,12,2,4,2,2,0,1,1
6,All,13,6,3,1,2,0,1,1
6,All,13,6,3,3,2,1,0,-1
6,All,13,6,3,3,3,0,2,2
6,All,13,6,3,4,2,0,0,0
6,All,13,6,3,5,2,0,1,1
6,All,13,6,3,5,4,1,1,0
6,All,13,6,3,5,5,2,1,-1
6,All,13,6,3,5,6,3,1,-2
6,All,13,6,3,6,2,0,1,1
6,All,13,6,3,6,8,1,1,0
6,All,14,3,3,3,2,0,1,1
6,All,15,2,5,2,2,0,1,1
6,All,16,4,3,1,3,0,0,0
6,All,16,4,3,1,8,0,1,1
6,All,16,4,3,3,3,1,0,-1
6,All,18,5,3,2,3,0,1,1
6,All,18,5,3,3,2,0,1,1
6,All,18,5,3,3,3,1,1,0
6,All,18,5,3,3,4,1,2,1
6,All,18,5,3,4,2,0,1,1
6,All,18,5,3,5,2,0,1,1
7,All,1,6,1,1,4,0,0,0
7,All,1,6,1,1,5,1,0,-1
7,All,1,6,1,2,2,1,0,-1
7,All,1,6,1,2,4,2,0,-2
7,All,1,6,1,2,5,3,0,-3
7,All,1,6,1,2,6,4,0,-4
7,All,1,6,1,2,7,5,0,-5
7,All,1,6,1,2,8,6,0,-6
7,All,1,6,1,2,10,7,0,-7
7,All,1,6,1,2,12,8,0,-8
7,All,1,6,1,5,2,0,0,0
7,All,1,6,1,5,7,1,0,-1
7,All,1,6,1,6,4,0,1,1
7,All,1,6,1,6,6,1,1,0
7,All,1,6,1,6,8,2,1,-1
7,All,1,6,1,6,9,3,1,-2
7,All,1,6,1,6,10,4,1,-3
7,All,1,6,1,6,15,5,1,-4
7,All,2,2,1,2,2,0,1,1
7,All,3,2,2,1,2,0,1,1
7,All,4,2,3,1,2,0,1,1
7,All,4,2,3,1,3,1,1,0
7,All,5,3,1,3,2,0,1,1
7,All,6,3,2,1,3,1,0,-1
7,All,6,3,2,2,5,0,0,0
7,All,7,4,1,3,2,0,1,1
7,All,7,4,1,4,2,0,1,1
7,All,8,5,1,1,2,0,1,1
7,All,8,5,1,1,3,1,1,0
7,All,8,5,1,1,4,2,1,-1
7,All,8,5,1,1,5,3,1,-2
7,All,8,5,1,1,6,1,4,3
7,All,8,5,1,1,7,4,2,-2
7,All,8,5,1,1,8,5,2,-3
7,All,8,5,1,2,3,0,0,0
7,All,8,5,1,2,5,0,1,1
7,All,8,5,1,5,2,0,1,1
7,All,8,5,1,5,3,1,1,0
7,All,8,5,1,5,4,2,1,-1
7,All,8,5,1,5,6,3,1,-2
7,All,9,6,2,1,3,1,0,-1
7,All,9,6,2,1,4,0,2,2
7,All,9,6,2,1,5,2,1,-1
7,All,9,6,2,1,6,3,1,-2
7,All,9,6,2,1,8,4,1,-3
7,All,9,6,2,3,3,0,0,0
7,All,9,6,2,3,4,1,0,-1
7,All,9,6,2,4,2,0,0,0
7,All,9,6,2,4,3,1,0,-1
7,All,9,6,2,4,5,2,0,-2
7,All,9,6,2,4,6,3,0,-3
7,All,9,6,2,5,3,1,0,-1
7,All,9,6,2,5,4,2,0,-2
7,All,9,6,2,5,10,3,0,-3
7,All,9,6,2,6,6,0,0,0
7,All,9,6,2,6,7,1,0,-1
7,All,10,5,2,1,2,1,0,-1
7,All,10,5,2,1,3,2,0,-2
7,All,10,5,2,1,4,0,3,3
7,All,10,5,2,1,5,3,1,-2
7,All,10,5,2,2,3,0,0,0
7,All,10,5,2,3,2,0,1,1
7,All,10,5,2,4,2,0,1,1
7,All,10,5,2,5,2,0,1,1
7,All,11,4,2,1,2,0,1,1
7,All,11,4,2,3,2,0,1,1
7,All,11,4,2,3,3,1,1,0
7,All,11,4,2,3,4,2,1,-1
7,All,11,4,2,3,5,3,1,-2
7,All,11,4,2,4,2,1,0,-1
7,All,11,4,2,4,4,2,0,-2
7,All,12,6,3,4,2,0,1,1
7,All,12,6,3,5,2,1,0,-1
7,All,16,3,3,1,2,0,1,1
7,All,17,3,4,3,2,0,1,1
7,All,18,4,3,1,2,0,1,1
7,All,18,4,3,1,3,1,1,0
7,All,18,4,3,1,4,1,2,1
8,All,2,2,2,2,2,0,1,1
8,All,3,6,1,1,2,0,1,1
8,All,3,6,1,1,3,1,1,0
8,All,3,6,1,1,4,2,1,-1
8,All,3,6,1,1,5,3,1,-2
8,All,3,6,1,1,6,4,1,-3
8,All,3,6,1,1,7,1,5,4
8,All,3,6,1,1,8,5,2,-3
8,All,3,6,1,2,3,1,0,-1
8,All,3,6,1,2,8,2,0,-2
8,All,3,6,1,2,9,3,0,-3
8,All,3,6,1,2,14,4,0,-4
8,All,3,6,1,3,2,1,0,-1
8,All,3,6,1,3,11,2,0,-2
8,All,3,6,1,3,13,3,0,-3
8,All,3,6,1,4,3,0,0,0
8,All,3,6,1,4,4,1,0,-1
8,All,3,6,1,5,2,0,0,0
8,All,3,6,1,5,3,0,1,1
8,All,3,6,1,5,4,1,1,0
8,All,3,6,1,5,5,2,1,-1
8,All,3,6,1,5,7,3,1,-2
8,All,3,6,1,6,2,0,0,0
8,All,3,6,1,6,4,1,0,-1
8,All,3,6,1,6,5,0,2,2
8,All,3,6,1,6,6,1,2,1
8,All,3,6,1,6,7,2,2,0
8,All,3,6,1,6,8,3,2,-1
8,All,4,3,1,2,2,0,0,0
8,All,4,3,1,2,3,0,1,1
8,All,4,3,1,2,4,1,1,0
8,All,4,3,1,2,5,1,2,1
8,All,4,3,1,2,6,2,2,0
8,All,6,5,1,3,3,0,0,0
8,All,6,5,1,3,5,1,0,-1
8,All,6,5,1,3,6,0,2,2
8,All,6,5,1,4,2,1,0,-1
8,All,6,5,1,4,3,0,2,2
8,All,6,5,1,4,5,2,1,-1
8,All,6,5,1,4,6,3,1,-2
8,All,6,5,1,4,9,4,1,-3
8,All,6,5,1,4,11,5,1,-4
8,All,6,5,1,4,15,6,1,-5
8,All,6,5,1,5,2,0,1,1
8,All,6,5,1,5,3,1,1,0
8,All,6,5,1,5,7,2,1,-1
8,All,6,5,1,5,9,3,1,-2
8,All,9,5,2,1,2,0,1,1
8,All,9,5,2,1,3,1,1,0
8,All,9,5,2,1,4,2,1,-1
8,All,9,5,2,1,5,3,1,-2
8,All,9,5,2,1,6,1,4,3
8,All,9,5,2,1,8,4,2,-2
8,All,9,5,2,4,2,0,1,1
8,All,9,5,2,4,3,1,1,0
8,All,9,5,2,4,4,1,2,1
8,All,9,5,2,4,6,2,2,0
8,All,9,5,2,5,4,1,0,-1
8,All,10,4,2,4,2,0,1,1
8,All,11,6,2,1,2,0,0,0
8,All,11,6,2,1,4,0,1,1
8,All,11,6,2,3,3,0,1,1
8,All,11,6,2,3,4,1,1,0
8,All,11,6,2,3,5,1,2,1
8,All,11,6,2,3,6,2,2,0
8,All,11,6,2,4,3,0,0,0
8,All,11,6,2,5,2,0,1,1
8,All,11,6,2,6,2,0,1,1
8,All,11,6,2,6,3,1,1,0
8,All,11,6,2,6,4,2,1,-1
8,All,11,6,2,6,5,3,1,-2
8,All,11,6,2,6,7,4,1,-3
8,All,12,2,4,2,2,0,1,1
8,All,13,2,5,2,2,0,1,1
8,All,14,6,3,1,2,1,0,-1
8,All,14,6,3,2,2,1,0,-1
8,All,14,6,3,5,3,1,0,-1
8,All,14,6,3,5,9,0,2,2
8,All,14,6,3,6,2,0,1,1
8,All,17,5,3,1,2,1,0,-1
8,All,17,5,3,1,4,2,0,-2
8,All,17,5,3,1,6,3,0,-3
8,All,17,5,3,1,8,4,0,-4
8,All,17,5,3,1,9,0,5,5
8,All,17,5,3,1,10,5,1,-4
8,All,17,5,3,2,2,0,1,1
8,All,17,5,3,2,6,1,1,0
8,All,17,5,3,2,7,1,2,1
8,All,17,5,3,2,8,2,2,0
8,All,17,5,3,2,9,2,3,1
8,All,17,5,3,3,3,0,0,0
8,All,17,5,3,3,4,1,0,-1
8,All,17,5,3,3,5,2,0,-2
8,All,17,5,3,3,6,0,3,3
8,All,17,5,3,4,2,0,1,1
9,All,1,6,1,1,2,0,1,1
9,All,1,6,1,1,3,1,1,0
9,All,1,6,1,1,4,2,1,-1
9,All,1,6,1,2,5,0,1,1
9,All,1,6,1,2,7,1,1,0
9,All,1,6,1,4,2,1,0,-1
9,All,1,6,1,4,3,0,2,2
9,All,1,6,1,4,9,2,1,-1
9,All,1,6,1,5,3,0,0,0
9,All,1,6,1,5,11,0,1,1
9,All,3,3,1,2,6,0,0,0
9,All,3,3,1,3,9,0,0,0
9,All,4,2,2,1,2,0,1,1
9,All,4,2,2,2,2,0,1,1
9,All,5,3,2,1,2,0,1,1
9,All,5,3,2,2,7,1,0,-1
9,All,6,5,1,1,2,0,1,1
9,All,6,5,1,2,2,0,1,1
9,All,6,5,1,5,4,0,0,0
9,All,7,4,1,1,2,0,1,1
9,All,7,4,1,2,2,1,0,-1
9,All,7,4,1,2,3,0,2,2
9,All,7,4,1,3,8,0,0,0
9,All,9,5,2,1,2,0,1,1
9,All,10,6,2,1,2,0,1,1
9,All,10,6,2,2,2,0,1,1
9,All,11,4,2,1,2,0,1,1
9,All,11,4,2,1,3,1,1,0
9,All,11,4,2,1,4,1,2,1
9,All,11,4,2,3,2,0,1,1
9,All,11,4,2,3,3,1,1,0
9,All,11,4,2,3,4,1,2,1
9,All,12,6,3,1,2,1,0,-1
9,All,12,6,3,6,3,0,0,0
9,All,14,3,3,1,4,0,0,0
9,All,15,2,5,2,8,0,0,0
9,All,16,3,4,1,2,0,1,1
9,All,16,3,4,2,2,0,1,1
9,All,16,3,4,2,7,1,1,0
9,All,16,3,4,3,2,0,1,1
9,All,17,5,3,1,2,1,0,-1
9,All,17,5,3,1,3,0,2,2
9,All,17,5,3,2,2,0,1,1
9,All,17,5,3,2,6,1,1,0
9,All,17,5,3,3,7,0,1,1
9,All,17,5,3,4,2,0,1,1
9,All,18,4,3,1,2,1,0,-1
9,All,18,4,3,3,3,0,1,1
9,All,18,4,3,3,4,1,1,0
10,All,2,2,2,2,2,0,1,1
10,All,3,6,1,1,2,0,1,1
10,All,3,6,1,1,3,1,1,0
10,All,3,6,1,3,2,0,1,1
10,All,3,6,1,3,3,1,1,0
10,All,3,6,1,3,4,2,1,-1
10,All,3,6,1,3,5,1,3,2
10,All,3,6,1,3,6,2,3,1
10,All,3,6,1,4,2,0,1,1
10,All,3,6,1,4,3,1,1,0
10,All,3,6,1,4,4,1,2,1
10,All,3,6,1,4,5,2,2,0
10,All,3,6,1,4,13,2,3,1
10,All,3,6,1,5,8,1,0,-1
10,All,3,6,1,6,2,1,0,-1
10,All,3,6,1,6,4,2,0,-2
10,All,3,6,1,6,6,3,0,-3
10,All,4,5,1,5,2,0,1,1
10,All,4,5,1,5,3,1,1,0
10,All,5,3,1,2,2,0,1,1
10,All,5,3,1,3,2,0,1,1
10,All,7,3,2,1,2,1,0,-1
10,All,7,3,2,1,4,2,0,-2
10,All,7,3,2,3,2,0,1,1
10,All,7,3,2,3,3,1,1,0
10,All,7,3,2,3,4,1,2,1
10,All,7,3,2,3,5,2,2,0
10,All,7,3,2,3,7,3,2,-1
10,All,8,4,1,2,2,0,1,1
10,All,8,4,1,3,8,1,0,-1
10,All,8,4,1,4,2,0,1,1
10,All,8,4,1,4,4,1,1,0
10,All,9,6,2,2,2,0,1,1
10,All,9,6,2,3,2,0,0,0
10,All,9,6,2,4,5,1,0,-1
10,All,9,6,2,5,2,0,0,0
10,All,9,6,2,5,3,0,1,1
10,All,9,6,2,6,2,0,1,1
10,All,9,6,2,6,3,1,1,0
10,All,9,6,2,6,8,1,2,1
10,All,10,5,2,2,2,0,1,1
10,All,10,5,2,2,3,1,1,0
10,All,11,4,2,2,2,0,1,1
10,All,11,4,2,2,3,1,1,0
10,All,11,4,2,2,4,1,2,1
10,All,11,4,2,3,2,0,1,1
10,All,11,4,2,4,2,0,1,1
10,All,11,4,2,4,7,1,1,0
10,All,11,4,2,4,9,1,2,1
10,All,12,2,4,2,9,0,1,1
10,All,14,6,3,1,2,0,1,1
10,All,14,6,3,1,3,1,1,0
10,All,14,6,3,1,4,2,1,-1
10,All,14,6,3,2,2,0,1,1
10,All,14,6,3,2,3,1,1,0
10,All,14,6,3,2,4,2,1,-1
10,All,14,6,3,2,5,3,1,-2
10,All,14,6,3,2,6,4,1,-3
10,All,14,6,3,2,7,1,5,4
10,All,14,6,3,5,2,0,1,1
10,All,14,6,3,5,3,1,1,0
10,All,14,6,3,6,2,0,1,1
10,All,15,5,3,4,2,0,1,1
10,All,16,3,3,1,2,0,1,1
10,All,16,3,3,1,3,1,1,0
10,All,16,3,3,1,6,2,1,-1
10,All,16,3,3,1,8,3,1,-2
10,All,16,3,3,3,2,0,1,1
10,All,16,3,3,3,3,1,1,0
10,All,16,3,3,3,6,2,1,-1
10,All,16,3,3,3,9,3,1,-2
10,All,18,3,4,2,2,0,1,1
11,All,1,2,1,2,7,0,0,0
11,All,1,2,1,2,9,1,0,-1
11,All,2,5,1,1,3,0,0,0
11,All,2,5,1,1,4,0,1,1
11,All,2,5,1,1,5,1,1,0
11,All,2,5,1,1,6,1,2,1
11,All,2,5,1,1,7,2,2,0
11,All,2,5,1,1,9,2,3,1
11,All,2,5,1,1,10,3,3,0
11,All,2,5,1,1,11,3,4,1
11,All,2,5,1,1,12,4,4,0
11,All,2,5,1,1,14,5,4,-1
11,All,2,5,1,2,2,1,0,-1
11,All,2,5,1,2,3,0,2,2
11,All,2,5,1,2,4,2,1,-1
11,All,2,5,1,2,6,3,1,-2
11,All,2,5,1,2,7,4,1,-3
11,All,2,5,1,2,9,5,1,-4
11,All,2,5,1,2,10,1,6,5
11,All,2,5,1,2,11,6,2,-4
11,All,2,5,1,2,12,7,2,-5
11,All,2,5,1,2,14,2,8,6
11,All,2,5,1,3,3,1,0,-1
11,All,2,5,1,3,4,0,2,2
11,All,2,5,1,3,5,1,2,1
11,All,2,5,1,3,8,2,2,0
11,All,2,5,1,3,12,2,3,1
11,All,2,5,1,3,15,3,3,0
11,All,2,5,1,4,4,0,0,0
11,All,2,5,1,4,5,1,0,-1
11,All,2,5,1,4,6,2,0,-2
11,All,2,5,1,4,9,3,0,-3
11,All,2,5,1,4,14,4,0,-4
11,All,2,5,1,5,3,0,1,1
11,All,2,5,1,5,4,1,1,0
11,All,2,5,1,5,5,1,2,1
11,All,2,5,1,5,7,2,2,0
11,All,2,5,1,5,8,2,3,1
11,All,2,5,1,5,9,3,3,0
11,All,2,5,1,5,11,3,4,1
11,All,2,5,1,5,12,4,4,0
11,All,2,5,1,5,13,5,4,-1
11,All,2,5,1,5,15,4,6,2
11,All,3,2,2,1,2,0,1,1
11,All,3,2,2,1,3,1,1,0
11,All,3,2,2,1,4,1,2,1
11,All,4,2,3,1,2,0,1,1
11,All,4,2,3,1,3,1,1,0
11,All,4,2,3,1,5,2,1,-1
11,All,4,2,3,1,11,3,1,-2
11,All,4,2,3,1,12,4,1,-3
11,All,4,2,3,2,12,1,0,-1
11,All,5,6,1,1,2,0,0,0
11,All,5,6,1,1,3,1,0,-1
11,All,5,6,1,2,2,0,1,1
11,All,5,6,1,2,3,1,1,0
11,All,5,6,1,2,9,1,2,1
11,All,5,6,1,2,10,2,2,0
11,All,5,6,1,2,11,2,3,1
11,All,5,6,1,2,12,3,3,0
11,All,5,6,1,2,13,4,3,-1
11,All,5,6,1,2,14,5,3,-2
11,All,5,6,1,2,15,6,3,-3
11,All,5,6,1,3,2,0,1,1
11,All,5,6,1,3,3,1,1,0
11,All,5,6,1,3,4,2,1,-1
11,All,5,6,1,3,6,3,1,-2
11,All,5,6,1,3,7,1,4,3
11,All,5,6,1,3,8,4,2,-2
11,All,5,6,1,3,9,2,5,3
11,All,5,6,1,3,10,5,3,-2
11,All,5,6,1,3,11,6,3,-3
11,All,5,6,1,3,12,7,3,-4
11,All,5,6,1,3,13,3,8,5
11,All,5,6,1,3,14,4,8,4
11,All,5,6,1,3,15,8,5,-3
11,All,5,6,1,4,2,0,1,1
11,All,5,6,1,4,3,1,1,0
11,All,5,6,1,4,4,2,1,-1
11,All,5,6,1,4,5,1,3,2
11,All,5,6,1,4,6,2,3,1
11,All,5,6,1,4,9,3,3,0
11,All,5,6,1,4,10,4,3,-1
11,All,5,6,1,4,14,5,3,-2
11,All,5,6,1,5,2,1,0,-1
11,All,5,6,1,5,3,0,2,2
11,All,5,6,1,5,6,2,1,-1
11,All,5,6,1,5,7,3,1,-2
11,All,5,6,1,5,9,4,1,-3
11,All,5,6,1,5,10,5,1,-4
11,All,5,6,1,5,12,6,1,-5
11,All,5,6,1,5,13,7,1,-6
11,All,5,6,1,5,14,8,1,-7
11,All,5,6,1,5,15,9,1,-8
11,All,5,6,1,6,2,0,1,1
11,All,5,6,1,6,3,1,1,0
11,All,5,6,1,6,4,2,1,-1
11,All,5,6,1,6,5,3,1,-2
11,All,5,6,1,6,7,4,1,-3
11,All,5,6,1,6,9,1,5,4
11,All,5,6,1,6,11,2,5,3
11,All,5,6,1,6,12,3,5,2
11,All,5,6,1,6,14,5,4,-1
11,All,6,4,1,1,2,0,0,0
11,All,6,4,1,1,3,0,1,1
11,All,6,4,1,1,4,1,1,0
11,All,6,4,1,1,5,2,1,-1
11,All,6,4,1,1,7,3,1,-2
11,All,6,4,1,2,2,0,0,0
11,All,6,4,1,2,4,0,1,1
11,All,6,4,1,2,5,1,1,0
11,All,6,4,1,2,6,2,1,-1
11,All,6,4,1,2,8,3,1,-2
11,All,6,4,1,2,12,1,4,3
11,All,6,4,1,3,2,1,0,-1
11,All,6,4,1,3,3,0,2,2
11,All,6,4,1,3,6,1,2,1
11,All,6,4,1,3,11,2,2,0
11,All,6,4,1,3,14,2,3,1
11,All,6,4,1,4,2,0,0,0
11,All,6,4,1,4,4,1,0,-1
11,All,6,4,1,4,5,0,2,2
11,All,6,4,1,4,8,1,2,1
11,All,6,4,1,4,10,2,2,0
11,All,6,4,1,4,12,3,2,-1
11,All,7,3,1,1,2,0,1,1
11,All,7,3,1,2,2,1,0,-1
11,All,7,3,1,2,3,2,0,-2
11,All,7,3,1,2,4,0,3,3
11,All,7,3,1,2,6,1,3,2
11,All,7,3,1,2,7,2,3,1
11,All,7,3,1,2,9,3,3,0
11,All,7,3,1,2,10,4,3,-1
11,All,7,3,1,2,14,5,3,-2
11,All,7,3,1,2,15,6,3,-3
11,All,7,3,1,3,2,1,0,-1
11,All,7,3,1,3,3,2,0,-2
11,All,7,3,1,3,5,0,3,3
11,All,8,3,2,1,2,0,1,1
11,All,8,3,2,1,3,1,1,0
11,All,8,3,2,1,4,1,2,1
11,All,8,3,2,1,5,2,2,0
11,All,8,3,2,1,9,2,3,1
11,All,8,3,2,2,13,1,0,-1
11,All,8,3,2,3,2,1,0,-1
11,All,8,3,2,3,3,0,2,2
11,All,8,3,2,3,9,1,2,1
11,All,9,6,2,1,4,0,0,0
11,All,9,6,2,1,6,1,0,-1
11,All,9,6,2,1,7,2,0,-2
11,All,9,6,2,1,8,3,0,-3
11,All,9,6,2,1,9,0,4,4
11,All,9,6,2,1,10,4,1,-3
11,All,9,6,2,1,11,5,1,-4
11,All,9,6,2,2,3,1,0,-1
11,All,9,6,2,2,4,2,0,-2
11,All,9,6,2,2,7,0,3,3
11,All,9,6,2,2,10,3,1,-2
11,All,9,6,2,3,2,0,1,1
11,All,9,6,2,3,3,1,1,0
11,All,9,6,2,3,4,2,1,-1
11,All,9,6,2,3,5,3,1,-2
11,All,9,6,2,3,7,4,1,-3
11,All,9,6,2,3,8,5,1,-4
11,All,9,6,2,3,9,1,6,5
11,All,9,6,2,3,10,6,2,-4
11,All,9,6,2,4,2,0,0,0
11,All,9,6,2,4,4,1,0,-1
11,All,9,6,2,4,7,0,2,2
11,All,9,6,2,4,11,1,2,1
11,All,9,6,2,4,12,2,2,0
11,All,9,6,2,5,3,0,0,0
11,All,9,6,2,5,4,0,1,1
11,All,9,6,2,5,5,1,1,0
11,All,9,6,2,5,7,1,2,1
11,All,9,6,2,5,9,2,2,0
11,All,9,6,2,5,11,2,3,1
11,All,9,6,2,5,12,3,3,0
11,All,9,6,2,6,2,0,0,0
11,All,9,6,2,6,3,0,1,1
11,All,9,6,2,6,4,1,1,0
11,All,9,6,2,6,5,2,1,-1
11,All,9,6,2,6,7,3,1,-2
11,All,9,6,2,6,9,4,1,-3
11,All,9,6,2,6,11,1,5,4
11,All,9,6,2,6,12,2,5,3
11,All,10,5,2,1,2,0,1,1
11,All,10,5,2,1,4,1,1,0
11,All,10,5,2,1,9,2,1,-1
11,All,10,5,2,2,2,0,0,0
11,All,10,5,2,2,4,0,1,1
11,All,10,5,2,2,5,1,1,0
11,All,10,5,2,3,2,0,1,1
11,All,10,5,2,3,3,1,1,0
11,All,10,5,2,3,7,2,1,-1
11,All,10,5,2,3,9,1,3,2
11,All,10,5,2,3,12,2,3,1
11,All,10,5,2,4,2,1,0,-1
11,All,10,5,2,4,7,0,2,2
11,All,10,5,2,5,2,1,0,-1
11,All,10,5,2,5,4,2,0,-2
11,All,10,5,2,5,5,3,0,-3
11,All,10,5,2,5,7,0,4,4
11,All,11,4,2,1,4,1,0,-1
11,All,11,4,2,1,7,0,2,2
11,All,11,4,2,1,8,2,1,-1
11,All,11,4,2,2,2,0,0,0
11,All,11,4,2,2,4,1,0,-1
11,All,11,4,2,2,8,0,2,2
11,All,11,4,2,2,10,1,2,1
11,All,11,4,2,2,12,2,2,0
11,All,11,4,2,2,14,2,3,1
11,All,11,4,2,3,2,0,1,1
11,All,11,4,2,3,3,1,1,0
11,All,11,4,2,3,5,1,2,1
11,All,11,4,2,3,6,2,2,0
11,All,11,4,2,3,10,2,3,1
11,All,11,4,2,3,11,3,3,0
11,All,11,4,2,3,12,4,3,-1
11,All,11,4,2,3,13,5,3,-2
11,All,11,4,2,3,14,6,3,-3
11,All,11,4,2,4,2,0,0,0
11,All,11,4,2,4,3,0,1,1
11,All,11,4,2,4,4,1,1,0
11,All,11,4,2,4,6,1,2,1
11,All,11,4,2,4,9,2,2,0
11,All,11,4,2,4,10,2,3,1
11,All,11,4,2,4,13,3,3,0
11,All,11,4,2,4,14,4,3,-1
11,All,12,2,4,1,3,0,0,0
11,All,12,2,4,2,2,0,0,0
11,All,12,2,4,2,10,0,1,1
11,All,13,5,3,1,2,1,0,-1
11,All,13,5,3,1,6,0,2,2
11,All,13,5,3,1,7,2,1,-1
11,All,13,5,3,1,8,3,1,-2
11,All,13,5,3,1,10,1,4,3
11,All,13,5,3,1,12,2,4,2
11,All,13,5,3,2,2,1,0,-1
11,All,13,5,3,2,3,0,2,2
11,All,13,5,3,2,5,2,1,-1
11,All,13,5,3,2,6,1,3,2
11,All,13,5,3,2,8,2,3,1
11,All,13,5,3,2,10,3,3,0
11,All,13,5,3,2,11,4,3,-1
11,All,13,5,3,2,12,3,5,2
11,All,13,5,3,2,13,5,4,-1
11,All,13,5,3,2,14,6,4,-2
11,All,13,5,3,3,2,0,1,1
11,All,13,5,3,3,3,1,1,0
11,All,13,5,3,3,5,2,1,-1
11,All,13,5,3,3,7,3,1,-2
11,All,13,5,3,3,8,1,4,3
11,All,13,5,3,3,10,2,4,2
11,All,13,5,3,3,12,4,3,-1
11,All,13,5,3,4,7,0,0,0
11,All,13,5,3,4,10,1,0,-1
11,All,13,5,3,5,2,0,1,1
11,All,13,5,3,5,3,1,1,0
11,All,13,5,3,5,4,2,1,-1
11,All,13,5,3,5,5,1,3,2
11,All,13,5,3,5,6,3,2,-1
11,All,13,5,3,5,7,4,2,-2
11,All,13,5,3,5,9,5,2,-3
11,All,13,5,3,5,10,6,2,-4
11,All,13,5,3,5,11,2,7,5
11,All,13,5,3,5,13,3,7,4
11,All,14,2,5,1,2,0,0,0
11,All,14,2,5,1,5,1,0,-1
11,All,14,2,5,1,12,2,0,-2
11,All,14,2,5,1,13,3,0,-3
11,All,14,2,5,1,15,4,0,-4
11,All,14,2,5,2,2,0,0,0
11,All,14,2,5,2,5,1,0,-1
11,All,14,2,5,2,6,2,0,-2
11,All,14,2,5,2,8,3,0,-3
11,All,14,2,5,2,13,4,0,-4
11,All,14,2,5,2,14,5,0,-5
11,All,15,2,6,1,12,1,0,-1
11,All,16,6,3,1,2,0,1,1
11,All,16,6,3,1,3,1,1,0
11,All,16,6,3,1,4,1,2,1
11,All,16,6,3,1,5,2,2,0
11,All,16,6,3,1,7,2,3,1
11,All,16,6,3,1,9,3,3,0
11,All,16,6,3,1,10,3,4,1
11,All,16,6,3,1,11,4,4,0
11,All,16,6,3,1,12,4,5,1
11,All,16,6,3,1,13,5,5,0
11,All,16,6,3,1,14,6,5,-1
11,All,16,6,3,1,15,5,7,2
11,All,16,6,3,2,3,1,0,-1
11,All,16,6,3,2,6,2,0,-2
11,All,16,6,3,2,7,3,0,-3
11,All,16,6,3,2,8,0,4,4
11,All,16,6,3,2,9,4,1,-3
11,All,16,6,3,2,11,5,1,-4
11,All,16,6,3,2,12,1,6,5
11,All,16,6,3,2,13,6,2,-4
11,All,16,6,3,2,14,7,2,-5
11,All,16,6,3,2,15,8,2,-6
11,All,16,6,3,3,3,0,1,1
11,All,16,6,3,3,5,1,1,0
11,All,16,6,3,3,6,2,1,-1
11,All,16,6,3,3,7,3,1,-2
11,All,16,6,3,3,8,1,4,3
11,All,16,6,3,3,10,4,2,-2
11,All,16,6,3,4,2,0,0,0
11,All,16,6,3,4,3,1,0,-1
11,All,16,6,3,4,4,0,2,2
11,All,16,6,3,4,5,1,2,1
11,All,16,6,3,4,6,2,2,0
11,All,16,6,3,5,4,0,0,0
11,All,16,6,3,5,10,0,1,1
11,All,16,6,3,6,3,0,1,1
11,All,16,6,3,6,4,1,1,0
11,All,16,6,3,6,6,2,1,-1
11,All,16,6,3,6,7,3,1,-2
11,All,16,6,3,6,10,1,4,3
11,All,16,6,3,6,12,2,4,2
11,All,17,4,3,1,2,1,0,-1
11,All,17,4,3,3,4,0,0,0
11,All,17,4,3,4,3,0,1,1
11,All,17,4,3,4,5,1,1,0
11,All,18,3,3,1,2,0,0,0
11,All,18,3,3,1,5,1,0,-1
11,All,18,3,3,1,8,2,0,-2
11,All,18,3,3,1,15,3,0,-3
11,All,18,3,3,2,2,0,0,0
11,All,18,3,3,2,14,1,0,-1
11,All,18,3,3,2,15,2,0,-2
11,All,18,3,3,3,3,1,0,-1
11,All,18,3,3,3,4,2,0,-2
11,All,18,3,3,3,7,3,0,-3
11,All,18,3,3,3,8,4,0,-4
12,All,1,5,1,3,2,1,0,-1
12,All,1,5,1,4,2,0,1,1
12,All,1,5,1,5,2,0,1,1
12,All,1,5,1,5,3,1,1,0
12,All,2,2,1,1,2,0,1,1
12,All,2,2,1,2,2,1,0,-1
12,All,3,2,2,1,2,0,1,1
12,All,6,3,1,2,2,0,1,1
12,All,6,3,1,3,9,0,0,0
12,All,7,6,1,1,2,0,0,0
12,All,7,6,1,1,4,1,0,-1
12,All,7,6,1,1,5,2,0,-2
12,All,7,6,1,1,8,3,0,-3
12,All,7,6,1,1,10,4,0,-4
12,All,7,6,1,2,3,0,1,1
12,All,7,6,1,2,6,1,1,0
12,All,7,6,1,3,3,0,0,0
12,All,7,6,1,4,2,1,0,-1
12,All,7,6,1,4,7,2,0,-2
12,All,7,6,1,5,2,0,1,1
12,All,7,6,1,6,10,0,0,0
12,All,8,3,2,1,7,0,0,0
12,All,8,3,2,2,2,0,1,1
12,All,9,4,2,3,2,1,0,-1
12,All,9,4,2,3,3,0,2,2
12,All,9,4,2,4,2,0,1,1
12,All,10,5,2,1,2,0,1,1
12,All,10,5,2,1,3,1,1,0
12,All,10,5,2,1,4,1,2,1
12,All,10,5,2,2,4,0,0,0
12,All,10,5,2,2,6,1,0,-1
12,All,10,5,2,2,8,2,0,-2
12,All,10,5,2,3,2,0,1,1
12,All,10,5,2,3,3,1,1,0
12,All,10,5,2,3,4,2,1,-1
12,All,10,5,2,4,4,1,0,-1
12,All,10,5,2,4,5,2,0,-2
12,All,10,5,2,4,6,3,0,-3
12,All,11,6,2,1,3,1,0,-1
12,All,11,6,2,2,2,0,1,1
12,All,11,6,2,3,6,1,0,-1
12,All,11,6,2,4,2,0,1,1
12,All,11,6,2,5,2,0,1,1
12,All,11,6,2,5,3,1,1,0
12,All,12,5,3,2,2,1,0,-1
12,All,12,5,3,2,3,2,0,-2
12,All,12,5,3,2,4,0,3,3
12,All,15,4,3,1,2,1,0,-1
12,All,15,4,3,2,9,1,0,-1
12,All,17,3,3,3,2,0,1,1
12,All,18,6,3,1,2,1,0,-1
12,All,18,6,3,1,3,0,2,2
12,All,18,6,3,1,4,2,1,-1
12,All,18,6,3,1,5,1,3,2
12,All,18,6,3,2,2,0,1,1
12,All,18,6,3,2,3,1,1,0
12,All,18,6,3,3,2,1,0,-1
12,All,18,6,3,3,3,0,2,2
12,All,18,6,3,3,5,1,2,1
12,All,18,6,3,4,5,0,1,1
13,All,1,2,1,1,2,0,1,1
13,All,1,2,1,1,5,1,1,0
13,All,1,2,1,1,9,2,1,-1
13,All,2,4,1,1,2,0,1,1
13,All,2,4,1,1,5,1,1,0
13,All,2,4,1,1,10,2,1,-1
13,All,2,4,1,1,13,3,1,-2
13,All,2,4,1,2,2,0,1,1
13,All,2,4,1,2,3,1,1,0
13,All,2,4,1,2,4,1,2,1
13,All,2,4,1,3,4,0,1,1
13,All,2,4,1,3,5,1,1,0
13,All,2,4,1,3,8,2,1,-1
13,All,2,4,1,3,12,1,3,2
13,All,2,4,1,4,3,0,0,0
13,All,2,4,1,4,4,0,1,1
13,All,2,4,1,4,7,1,1,0
13,All,3,5,1,1,2,0,1,1
13,All,3,5,1,2,2,0,1,1
13,All,3,5,1,2,3,1,1,0
13,All,3,5,1,2,7,2,1,-1
13,All,3,5,1,3,2,0,1,1
13,All,4,3,1,1,5,0,0,0
13,All,5,2,2,1,2,0,1,1
13,All,5,2,2,2,2,0,1,1
13,All,6,3,2,1,2,0,1,1
13,All,7,2,3,1,2,1,0,-1
13,All,7,2,3,1,3,0,2,2
13,All,7,2,3,2,6,0,0,0
13,All,8,6,1,1,3,0,1,1
13,All,8,6,1,1,5,1,1,0
13,All,8,6,1,1,6,1,2,1
13,All,8,6,1,1,7,2,2,0
13,All,8,6,1,2,2,0,0,0
13,All,8,6,1,3,3,0,1,1
13,All,8,6,1,5,5,1,0,-1
13,All,8,6,1,5,6,0,2,2
13,All,8,6,1,5,8,2,1,-1
13,All,8,6,1,5,9,3,1,-2
13,All,8,6,1,5,10,1,4,3
13,All,8,6,1,5,11,4,2,-2
13,All,8,6,1,6,2,0,1,1
13,All,8,6,1,6,3,1,1,0
13,All,8,6,1,6,5,1,2,1
13,All,8,6,1,6,7,2,2,0
13,All,8,6,1,6,9,2,3,1
13,All,8,6,1,6,11,3,3,0
13,All,8,6,1,6,12,3,4,1
13,All,8,6,1,6,13,4,4,0
13,All,9,4,2,1,2,0,1,1
13,All,9,4,2,3,2,0,1,1
13,All,9,4,2,4,4,0,0,0
13,All,10,6,2,1,2,0,1,1
13,All,10,6,2,2,2,0,1,1
13,All,10,6,2,5,2,1,0,-1
13,All,10,6,2,5,3,2,0,-2
13,All,10,6,2,5,4,0,3,3
13,All,10,6,2,5,6,3,1,-2
13,All,11,5,2,1,2,0,0,0
13,All,11,5,2,2,5,0,0,0
13,All,11,5,2,4,2,0,1,1
13,All,11,5,2,5,3,0,0,0
13,All,11,5,2,5,4,0,1,1
13,All,12,2,4,1,4,0,0,0
13,All,13,4,3,1,2,0,1,1
13,All,13,4,3,1,6,1,1,0
13,All,13,4,3,1,8,2,1,-1
13,All,13,4,3,2,2,0,1,1
13,All,14,5,3,2,2,0,1,1
13,All,14,5,3,2,3,1,1,0
13,All,14,5,3,2,6,2,1,-1
13,All,14,5,3,5,3,0,1,1
13,All,15,3,3,1,5,0,0,0
13,All,16,2,5,1,2,0,1,1
13,All,17,3,4,1,2,0,1,1
13,All,17,3,4,2,2,0,1,1
13,All,18,2,6,2,6,1,0,-1
14,All,1,4,1,3,2,0,0,0
14,All,2,3,1,1,2,0,0,0
14,All,4,3,2,1,2,0,1,1
14,All,4,3,2,1,4,1,1,0
14,All,5,5,1,1,2,1,0,-1
14,All,5,5,1,1,4,2,0,-2
14,All,5,5,1,1,5,0,3,3
14,All,5,5,1,2,2,0,0,0
14,All,5,5,1,2,3,1,0,-1
14,All,5,5,1,2,4,2,0,-2
14,All,5,5,1,2,5,0,3,3
14,All,5,5,1,2,6,1,3,2
14,All,5,5,1,2,7,3,2,-1
14,All,5,5,1,2,8,2,4,2
14,All,5,5,1,2,10,3,4,1
14,All,5,5,1,3,2,0,1,1
14,All,5,5,1,3,3,1,1,0
14,All,5,5,1,3,4,1,2,1
14,All,5,5,1,3,5,2,2,0
14,All,5,5,1,3,6,2,3,1
14,All,5,5,1,3,7,3,3,0
14,All,5,5,1,3,8,3,4,1
14,All,5,5,1,3,9,4,4,0
14,All,5,5,1,4,2,0,1,1
14,All,5,5,1,4,3,1,1,0
14,All,5,5,1,4,4,1,2,1
14,All,5,5,1,4,5,2,2,0
14,All,5,5,1,4,7,2,3,1
14,All,5,5,1,4,9,3,3,0
14,All,5,5,1,4,12,3,4,1
14,All,5,5,1,5,6,1,0,-1
14,All,5,5,1,5,9,2,0,-2
14,All,5,5,1,5,13,3,0,-3
14,All,6,6,1,1,2,1,0,-1
14,All,6,6,1,1,3,2,0,-2
14,All,6,6,1,1,5,0,3,3
14,All,6,6,1,1,6,1,3,2
14,All,6,6,1,1,8,2,3,1
14,All,6,6,1,1,9,3,3,0
14,All,6,6,1,2,2,0,0,0
14,All,6,6,1,2,4,1,0,-1
14,All,6,6,1,2,6,2,0,-2
14,All,6,6,1,2,7,0,3,3
14,All,6,6,1,2,8,1,3,2
14,All,6,6,1,2,10,3,2,-1
14,All,6,6,1,2,12,4,2,-2
14,All,6,6,1,3,4,0,1,1
14,All,6,6,1,3,5,1,1,0
14,All,6,6,1,3,8,2,1,-1
14,All,6,6,1,3,9,3,1,-2
14,All,6,6,1,3,10,4,1,-3
14,All,6,6,1,3,11,5,1,-4
14,All,6,6,1,4,4,1,0,-1
14,All,6,6,1,4,8,2,0,-2
14,All,6,6,1,4,9,3,0,-3
14,All,6,6,1,4,10,4,0,-4
14,All,6,6,1,5,4,1,0,-1
14,All,6,6,1,6,2,0,0,0
14,All,6,6,1,6,3,0,1,1
14,All,6,6,1,6,7,1,1,0
14,All,6,6,1,6,9,2,1,-1
14,All,6,6,1,6,10,3,1,-2
14,All,6,6,1,6,11,4,1,-3
14,All,6,6,1,6,13,5,1,-4
14,All,6,6,1,6,14,6,1,-5
14,All,7,2,2,1,4,0,0,0
14,All,7,2,2,2,2,0,0,0
14,All,7,2,2,2,3,0,1,1
14,All,7,2,2,2,4,1,1,0
14,All,7,2,2,2,5,1,2,1
14,All,8,2,3,1,2,0,1,1
14,All,8,2,3,1,3,1,1,0
14,All,9,5,2,1,2,1,0,-1
14,All,9,5,2,1,3,2,0,-2
14,All,9,5,2,1,4,0,3,3
14,All,9,5,2,3,2,0,1,1
14,All,9,5,2,3,3,1,1,0
14,All,9,5,2,3,4,1,2,1
14,All,9,5,2,3,6,2,2,0
14,All,9,5,2,3,8,3,2,-1
14,All,9,5,2,3,9,4,2,-2
14,All,10,4,2,1,4,0,0,0
14,All,10,4,2,3,2,0,1,1
14,All,11,6,2,1,2,0,1,1
14,All,11,6,2,1,3,1,1,0
14,All,11,6,2,1,4,1,2,1
14,All,11,6,2,1,5,2,2,0
14,All,11,6,2,1,6,3,2,-1
14,All,11,6,2,1,7,4,2,-2
14,All,11,6,2,1,8,5,2,-3
14,All,11,6,2,1,9,2,6,4
14,All,11,6,2,1,11,6,3,-3
14,All,11,6,2,1,13,7,3,-4
14,All,11,6,2,1,15,8,3,-5
14,All,11,6,2,2,2,0,0,0
14,All,11,6,2,2,3,0,1,1
14,All,11,6,2,2,4,1,1,0
14,All,11,6,2,2,5,1,2,1
14,All,11,6,2,3,2,1,0,-1
14,All,11,6,2,3,3,2,0,-2
14,All,11,6,2,3,4,0,3,3
14,All,11,6,2,3,5,3,1,-2
14,All,11,6,2,3,6,1,4,3
14,All,11,6,2,3,7,2,4,2
14,All,11,6,2,3,10,3,4,1
14,All,11,6,2,3,11,4,4,0
14,All,11,6,2,3,14,5,4,-1
14,All,11,6,2,4,3,0,0,0
14,All,11,6,2,6,4,1,0,-1
14,All,11,6,2,6,5,2,0,-2
14,All,11,6,2,6,6,0,3,3
14,All,11,6,2,6,10,1,3,2
14,All,11,6,2,6,12,3,2,-1
14,All,11,6,2,6,14,4,2,-2
14,All,12,4,3,2,2,0,1,1
14,All,12,4,3,4,8,0,1,1
14,All,13,3,3,3,14,0,0,0
14,All,14,2,4,2,10,1,0,-1
14,All,15,3,4,3,2,0,1,1
14,All,16,5,3,2,2,0,1,1
14,All,16,5,3,2,3,1,1,0
14,All,16,5,3,3,8,0,0,0
14,All,17,6,3,1,2,0,0,0
14,All,17,6,3,1,3,1,0,-1
14,All,17,6,3,1,4,2,0,-2
14,All,17,6,3,4,2,0,1,1
14,All,17,6,3,4,3,1,1,0
14,All,17,6,3,4,4,2,1,-1
14,All,17,6,3,4,5,1,3,2
14,All,17,6,3,5,5,0,0,0
14,All,17,6,3,6,2,1,0,-1
14,All,17,6,3,6,3,0,2,2
14,All,17,6,3,6,6,1,2,1
14,All,17,6,3,6,7,2,2,0
14,All,18,2,5,1,2,0,1,1
14,All,18,2,5,2,2,0,1,1
15,All,1,3,1,2,2,0,1,1
15,All,1,3,1,2,3,1,1,0
15,All,2,3,2,2,2,0,1,1
15,All,2,3,2,3,2,0,1,1
15,All,3,4,1,1,2,0,0,0
15,All,3,4,1,1,5,0,1,1
15,All,3,4,1,1,6,1,1,0
15,All,3,4,1,2,3,0,1,1
15,All,3,4,1,3,6,0,0,0
15,All,3,4,1,3,7,0,1,1
15,All,3,4,1,4,2,0,1,1
15,All,3,4,1,4,4,1,1,0
15,All,3,4,1,4,5,1,2,1
15,All,4,6,1,1,3,0,0,0
15,All,4,6,1,2,5,0,1,1
15,All,4,6,1,2,7,1,1,0
15,All,4,6,1,2,8,2,1,-1
15,All,4,6,1,2,9,1,3,2
15,All,4,6,1,2,15,3,2,-1
15,All,4,6,1,3,2,1,0,-1
15,All,4,6,1,3,3,0,2,2
15,All,4,6,1,3,4,1,2,1
15,All,4,6,1,3,5,2,2,0
15,All,4,6,1,3,8,3,2,-1
15,All,4,6,1,3,9,4,2,-2
15,All,4,6,1,3,10,5,2,-3
15,All,4,6,1,3,15,6,2,-4
15,All,4,6,1,4,2,0,0,0
15,All,4,6,1,4,4,1,0,-1
15,All,4,6,1,4,5,0,2,2
15,All,4,6,1,4,7,1,2,1
15,All,4,6,1,5,2,0,0,0
15,All,4,6,1,5,4,1,0,-1
15,All,4,6,1,5,5,2,0,-2
15,All,4,6,1,5,6,3,0,-3
15,All,4,6,1,5,7,4,0,-4
15,All,4,6,1,5,8,0,5,5
15,All,4,6,1,5,11,5,1,-4
15,All,4,6,1,5,12,6,1,-5
15,All,4,6,1,5,15,1,7,6
15,All,5,2,1,1,2,0,1,1
15,All,5,2,1,2,2,0,1,1
15,All,6,2,2,1,2,0,1,1
15,All,7,5,1,1,2,1,0,-1
15,All,7,5,1,1,3,0,2,2
15,All,7,5,1,1,5,1,2,1
15,All,7,5,1,2,3,0,1,1
15,All,7,5,1,2,5,1,1,0
15,All,7,5,1,2,7,1,2,1
15,All,7,5,1,3,2,0,1,1
15,All,7,5,1,3,3,1,1,0
15,All,7,5,1,3,4,1,2,1
15,All,7,5,1,3,5,2,2,0
15,All,7,5,1,3,6,3,2,-1
15,All,7,5,1,3,7,2,4,2
15,All,7,5,1,3,10,4,3,-1
15,All,7,5,1,4,2,0,1,1
15,All,9,6,2,2,2,1,0,-1
15,All,9,6,2,2,3,2,0,-2
15,All,9,6,2,4,2,0,1,1
15,All,9,6,2,4,3,1,1,0
15,All,9,6,2,4,5,2,1,-1
15,All,9,6,2,4,6,3,1,-2
15,All,9,6,2,5,2,0,1,1
15,All,9,6,2,5,4,1,1,0
15,All,9,6,2,5,5,1,2,1
15,All,9,6,2,5,6,2,2,0
15,All,9,6,2,6,3,1,0,-1
15,All,9,6,2,6,4,0,2,2
15,All,9,6,2,6,5,1,2,1
15,All,9,6,2,6,6,2,2,0
15,All,10,5,2,1,2,0,1,1
15,All,10,5,2,3,2,0,1,1
15,All,10,5,2,3,3,1,1,0
15,All,10,5,2,5,2,0,1,1
15,All,10,5,2,5,3,1,1,0
15,All,10,5,2,5,4,1,2,1
15,All,10,5,2,5,5,2,2,0
15,All,11,4,2,4,2,0,1,1
15,All,14,4,3,1,3,0,0,0
15,All,14,4,3,2,2,1,0,-1
15,All,14,4,3,4,2,0,1,1
15,All,14,4,3,4,3,1,1,0
15,All,14,4,3,4,4,2,1,-1
15,All,15,6,3,3,3,0,0,0
15,All,15,6,3,3,4,1,0,-1
15,All,15,6,3,3,5,2,0,-2
15,All,15,6,3,3,6,0,3,3
15,All,15,6,3,4,2,0,1,1
15,All,15,6,3,6,2,0,1,1
15,All,18,5,3,2,3,0,0,0
15,All,18,5,3,2,5,0,1,1
15,All,18,5,3,2,9,1,1,0
15,All,18,5,3,3,2,0,0,0
15,All,18,5,3,3,5,1,0,-1
15,All,18,5,3,3,6,0,2,2
15,All,18,5,3,4,3,0,0,0
15,All,18,5,3,4,4,0,1,1
15,All,18,5,3,5,3,1,0,-1
15,All,18,5,3,5,4,0,2,2
16,All,1,3,1,1,2,0,1,1
16,All,1,3,1,2,2,0,1,1
16,All,2,6,1,1,2,1,0,-1
16,All,2,6,1,1,3,0,2,2
16,All,2,6,1,1,4,2,1,-1
16,All,2,6,1,1,6,3,1,-2
16,All,2,6,1,1,7,4,1,-3
16,All,2,6,1,1,8,5,1,-4
16,All,2,6,1,2,2,0,1,1
16,All,2,6,1,2,3,1,1,0
16,All,2,6,1,3,2,0,1,1
16,All,2,6,1,3,5,1,1,0
16,All,2,6,1,3,6,2,1,-1
16,All,2,6,1,3,7,1,3,2
16,All,2,6,1,4,2,0,1,1
16,All,2,6,1,5,2,0,1,1
16,All,2,6,1,5,3,1,1,0
16,All,2,6,1,5,5,2,1,-1
16,All,2,6,1,5,6,1,3,2
16,All,2,6,1,5,7,2,3,1
16,All,2,6,1,5,8,3,3,0
16,All,2,6,1,6,2,0,0,0
16,All,3,3,2,2,2,0,1,1
16,All,5,4,1,3,2,0,1,1
16,All,5,4,1,3,3,1,1,0
16,All,7,2,3,1,2,0,1,1
16,All,8,5,1,3,2,0,1,1
16,All,9,4,2,2,2,0,1,1
16,All,9,4,2,3,2,0,1,1
16,All,9,4,2,3,3,1,1,0
16,All,9,4,2,4,2,1,0,-1
16,All,9,4,2,4,3,0,2,2
16,All,10,6,2,2,3,0,1,1
16,All,10,6,2,2,4,1,1,0
16,All,10,6,2,4,2,0,1,1
16,All,10,6,2,4,4,1,1,0
16,All,12,3,3,3,2,0,1,1
16,All,13,6,3,2,2,0,0,0
16,All,13,6,3,3,2,0,1,1
16,All,13,6,3,4,2,0,1,1
16,All,13,6,3,4,7,1,1,0
16,All,14,3,4,2,7,1,0,-1
16,All,14,3,4,3,3,0,0,0
16,All,16,4,3,4,2,0,1,1
16,All,17,2,5,1,2,0,1,1
16,All,18,2,6,2,2,0,1,1
17,All,1,2,1,1,2,0,0,0
17,All,1,2,1,1,6,1,0,-1
17,All,1,2,1,2,2,1,0,-1
17,All,1,2,1,2,3,0,2,2
17,All,2,6,1,1,3,0,0,0
17,All,2,6,1,2,3,1,0,-1
17,All,2,6,1,2,4,2,0,-2
17,All,2,6,1,3,4,0,1,1
17,All,2,6,1,3,5,1,1,0
17,All,2,6,1,5,4,0,0,0
17,All,2,6,1,5,7,0,1,1
17,All,2,6,1,6,5,0,1,1
17,All,2,6,1,6,8,1,1,0
17,All,2,6,1,6,10,1,2,1
17,All,3,2,2,1,2,0,1,1
17,All,3,2,2,1,3,1,1,0
17,All,3,2,2,1,4,1,2,1
17,All,3,2,2,2,4,0,1,1
17,All,4,5,1,1,2,1,0,-1
17,All,4,5,1,3,2,0,1,1
17,All,4,5,1,3,3,1,1,0
17,All,4,5,1,3,4,2,1,-1
17,All,4,5,1,3,5,3,1,-2
17,All,4,5,1,3,8,1,4,3
17,All,4,5,1,3,9,2,4,2
17,All,4,5,1,3,12,4,3,-1
17,All,4,5,1,4,2,1,0,-1
17,All,4,5,1,4,3,0,2,2
17,All,4,5,1,4,4,2,1,-1
17,All,4,5,1,4,5,1,3,2
17,All,4,5,1,4,7,3,2,-1
17,All,4,5,1,4,8,4,2,-2
17,All,4,5,1,4,9,5,2,-3
17,All,4,5,1,4,12,6,2,-4
17,All,4,5,1,4,13,2,7,5
17,All,4,5,1,5,6,0,1,1
17,All,4,5,1,5,7,1,1,0
17,All,4,5,1,5,9,1,2,1
17,All,5,3,1,1,15,0,1,1
17,All,5,3,1,2,11,1,0,-1
17,All,5,3,1,2,15,2,0,-2
17,All,5,3,1,3,4,0,0,0
17,All,5,3,1,3,6,1,0,-1
17,All,5,3,1,3,8,2,0,-2
17,All,6,4,1,4,2,1,0,-1
17,All,6,4,1,4,3,0,2,2
17,All,6,4,1,4,4,1,2,1
17,All,6,4,1,4,8,2,2,0
17,All,6,4,1,4,9,3,2,-1
17,All,6,4,1,4,10,4,2,-2
17,All,7,2,3,2,4,1,0,-1
17,All,8,3,2,3,2,0,1,1
17,All,8,3,2,3,8,1,1,0
17,All,9,4,2,1,3,0,0,0
17,All,9,4,2,1,6,1,0,-1
17,All,9,4,2,2,2,0,1,1
17,All,9,4,2,2,6,1,1,0
17,All,9,4,2,3,3,0,0,0
17,All,9,4,2,4,2,0,1,1
17,All,9,4,2,4,7,1,1,0
17,All,10,6,2,2,2,0,1,1
17,All,10,6,2,2,4,1,1,0
17,All,10,6,2,2,5,2,1,-1
17,All,10,6,2,2,9,3,1,-2
17,All,10,6,2,2,14,4,1,-3
17,All,10,6,2,5,2,0,1,1
17,All,10,6,2,6,2,0,1,1
17,All,10,6,2,6,3,1,1,0
17,All,10,6,2,6,4,2,1,-1
17,All,10,6,2,6,6,3,1,-2
17,All,10,6,2,6,7,1,4,3
17,All,10,6,2,6,8,4,2,-2
17,All,10,6,2,6,9,5,2,-3
17,All,11,5,2,1,3,0,1,1
17,All,11,5,2,1,4,1,1,0
17,All,11,5,2,1,5,2,1,-1
17,All,11,5,2,1,6,1,3,2
17,All,11,5,2,1,7,2,3,1
17,All,11,5,2,1,8,3,3,0
17,All,11,5,2,1,9,4,3,-1
17,All,11,5,2,2,4,1,0,-1
17,All,11,5,2,2,7,2,0,-2
17,All,11,5,2,2,9,3,0,-3
17,All,11,5,2,2,15,4,0,-4
17,All,11,5,2,4,2,0,1,1
17,All,11,5,2,4,3,1,1,0
17,All,11,5,2,4,4,2,1,-1
17,All,11,5,2,4,5,3,1,-2
17,All,11,5,2,4,6,4,1,-3
17,All,11,5,2,4,7,5,1,-4
17,All,11,5,2,4,8,1,6,5
17,All,11,5,2,4,9,2,6,4
17,All,11,5,2,4,10,3,6,3
17,All,11,5,2,4,11,6,4,-2
17,All,11,5,2,4,12,4,7,3
17,All,11,5,2,4,13,5,7,2
17,All,11,5,2,4,14,7,6,-1
17,All,11,5,2,4,15,8,6,-2
17,All,11,5,2,5,2,0,1,1
17,All,11,5,2,5,4,1,1,0
17,All,11,5,2,5,5,1,2,1
17,All,11,5,2,5,6,2,2,0
17,All,11,5,2,5,8,3,2,-1
17,All,11,5,2,5,10,4,2,-2
17,All,11,5,2,5,11,5,2,-3
17,All,11,5,2,5,12,6,2,-4
17,All,11,5,2,5,13,7,2,-5
17,All,11,5,2,5,14,2,8,6
17,All,11,5,2,5,15,8,3,-5
17,All,12,2,4,1,11,0,0,0
17,All,12,2,4,2,7,0,1,1
17,All,13,6,3,1,3,0,1,1
17,All,13,6,3,1,4,1,1,0
17,All,13,6,3,1,5,1,2,1
17,All,13,6,3,1,6,2,2,0
17,All,13,6,3,1,7,3,2,-1
17,All,13,6,3,1,9,4,2,-2
17,All,13,6,3,3,2,0,1,1
17,All,13,6,3,3,4,1,1,0
17,All,13,6,3,3,5,1,2,1
17,All,13,6,3,3,7,2,2,0
17,All,13,6,3,4,3,0,0,0
17,All,13,6,3,5,2,0,1,1
17,All,13,6,3,6,6,0,1,1
17,All,14,2,5,2,4,0,1,1
17,All,14,2,5,2,7,1,1,0
17,All,15,5,3,1,4,1,0,-1
17,All,15,5,3,1,9,2,0,-2
17,All,15,5,3,2,2,0,0,0
17,All,15,5,3,2,3,0,1,1
17,All,15,5,3,2,6,1,1,0
17,All,15,5,3,4,2,1,0,-1
17,All,15,5,3,4,3,0,2,2
17,All,15,5,3,5,3,0,1,1
17,All,15,5,3,5,4,1,1,0
17,All,15,5,3,5,6,2,1,-1
17,All,15,5,3,5,7,3,1,-2
17,All,16,3,3,1,5,0,0,0
17,All,16,3,3,1,8,0,1,1
17,All,16,3,3,3,2,0,1,1
17,All,16,3,3,3,4,1,1,0
17,All,16,3,3,3,7,1,2,1
17,All,17,4,3,1,9,0,0,0
17,All,17,4,3,3,2,0,1,1
17,All,17,4,3,3,3,1,1,0
17,All,17,4,3,4,5,0,0,0
17,All,18,2,6,2,5,0,0,0
17,All,18,2,6,2,7,1,0,-1
18,All,1,6,1,2,2,0,1,1
18,All,1,6,1,2,3,1,1,0
18,All,1,6,1,2,5,1,2,1
18,All,1,6,1,3,2,0,1,1
18,All,1,6,1,3,4,1,1,0
18,All,1,6,1,4,3,1,0,-1
18,All,1,6,1,5,6,0,0,0
18,All,1,6,1,6,2,0,1,1
18,All,1,6,1,6,3,1,1,0
18,All,2,5,1,2,4,0,1,1
18,All,2,5,1,3,2,0,1,1
18,All,2,5,1,3,3,1,1,0
18,All,2,5,1,3,4,2,1,-1
18,All,2,5,1,5,2,1,0,-1
18,All,2,5,1,5,9,2,0,-2
18,All,4,4,1,1,3,0,1,1
18,All,4,4,1,4,2,0,1,1
18,All,4,4,1,4,3,1,1,0
18,All,4,4,1,4,4,2,1,-1
18,All,4,4,1,4,5,3,1,-2
18,All,5,2,2,1,2,0,1,1
18,All,6,3,1,2,2,0,1,1
18,All,6,3,1,3,2,0,1,1
18,All,8,2,3,2,2,0,1,1
18,All,9,5,2,2,2,1,0,-1
18,All,9,5,2,2,4,2,0,-2
18,All,9,5,2,2,5,0,3,3
18,All,9,5,2,2,6,1,3,2
18,All,9,5,2,2,7,3,2,-1
18,All,9,5,2,3,2,1,0,-1
18,All,9,5,2,3,3,0,2,2
18,All,9,5,2,3,4,1,2,1
18,All,9,5,2,3,5,2,2,0
18,All,9,5,2,5,2,0,1,1
18,All,10,6,2,1,2,0,0,0
18,All,10,6,2,1,5,1,0,-1
18,All,10,6,2,1,6,2,0,-2
18,All,10,6,2,4,2,0,1,1
18,All,10,6,2,5,2,0,1,1
18,All,10,6,2,5,3,1,1,0
18,All,10,6,2,6,2,0,1,1
18,All,11,4,2,3,2,0,1,1
18,All,12,6,3,2,7,1,0,-1
18,All,12,6,3,3,3,0,1,1
18,All,12,6,3,3,4,1,1,0
18,All,13,5,3,1,2,0,1,1
18,All,13,5,3,1,4,1,1,0
18,All,13,5,3,2,4,0,1,1
18,All,13,5,3,4,2,0,1,1
18,All,13,5,3,4,3,1,1,0
18,All,14,2,4,1,2,0,1,1
18,All,14,2,4,2,2,0,1,1
18,All,15,4,3,3,2,0,1,1
18,All,15,4,3,4,2,0,1,1
18,All,16,2,5,1,2,0,1,1
18,All,17,3,3,3,2,0,1,1
18,All,18,3,4,3,2,0,1,1
19,All,1,5,1,1,3,1,0,-1
19,All,1,5,1,2,2,0,1,1
19,All,2,4,1,2,6,1,0,-1
19,All,2,4,1,3,2,0,1,1
19,All,2,4,1,3,3,1,1,0
19,All,2,4,1,3,5,1,2,1
19,All,2,4,1,4,4,0,0,0
19,All,3,6,1,1,6,1,0,-1
19,All,3,6,1,2,2,0,1,1
19,All,3,6,1,2,3,1,1,0
19,All,3,6,1,3,2,0,1,1
19,All,3,6,1,4,2,0,1,1
19,All,3,6,1,4,3,1,1,0
19,All,4,3,1,2,2,0,1,1
19,All,5,2,1,1,2,0,1,1
19,All,7,2,3,1,2,0,1,1
19,All,8,3,2,2,2,0,1,1
19,All,9,4,2,2,2,0,1,1
19,All,9,4,2,3,2,0,1,1
19,All,9,4,2,4,2,0,1,1
19,All,10,5,2,2,2,0,1,1
19,All,10,5,2,3,2,0,1,1
19,All,10,5,2,4,2,0,1,1
19,All,11,6,2,2,3,1,0,-1
19,All,11,6,2,2,4,2,0,-2
19,All,11,6,2,2,7,0,3,3
19,All,11,6,2,3,2,0,1,1
19,All,11,6,2,3,9,1,1,0
19,All,11,6,2,6,2,0,0,0
19,All,11,6,2,6,3,0,1,1
19,All,11,6,2,6,4,1,1,0
19,All,12,5,3,1,7,0,0,0
19,All,12,5,3,3,3,0,1,1
19,All,14,6,3,2,2,0,1,1
19,All,14,6,3,3,2,0,1,1
19,All,14,6,3,4,2,0,1,1
19,All,14,6,3,4,4,1,1,0
22,All,3,3,2,2,3,0,0,0
22,All,4,2,2,1,2,0,1,1
22,All,5,4,1,3,3,0,1,1
22,All,5,4,1,3,6,1,1,0
22,All,7,5,1,1,2,0,1,1
22,All,7,5,1,3,2,0,1,1
22,All,7,5,1,5,2,0,1,1
22,All,7,5,1,5,4,1,1,0
22,All,7,5,1,5,6,2,1,-1
22,All,8,6,1,1,2,0,0,0
22,All,8,6,1,1,4,0,1,1
22,All,8,6,1,1,6,1,1,0
22,All,8,6,1,4,4,1,0,-1
22,All,8,6,1,5,3,1,0,-1
22,All,8,6,1,6,3,1,0,-1
22,All,8,6,1,6,4,0,2,2
22,All,8,6,1,6,5,1,2,1
22,All,9,4,2,3,2,0,1,1
22,All,9,4,2,4,2,0,1,1
22,All,9,4,2,4,3,1,1,0
22,All,10,5,2,2,3,0,1,1
22,All,10,5,2,2,5,1,1,0
22,All,10,5,2,2,6,2,1,-1
22,All,10,5,2,3,2,0,1,1
22,All,10,5,2,3,3,1,1,0
22,All,10,5,2,3,5,2,1,-1
22,All,10,5,2,4,2,0,1,1
22,All,10,5,2,4,4,1,1,0
22,All,10,5,2,5,6,1,0,-1
22,All,11,6,2,2,8,1,0,-1
22,All,11,6,2,3,2,0,1,1
22,All,13,3,3,1,2,0,1,1
22,All,13,3,3,2,2,0,1,1
22,All,14,3,4,1,2,0,1,1
22,All,14,3,4,2,2,0,1,1
22,All,14,3,4,3,4,0,1,1
22,All,15,2,5,1,2,0,1,1
22,All,16,4,3,2,2,0,1,1
22,All,17,2,6,1,2,0,1,1
22,All,18,5,3,1,2,0,0,0
22,All,18,5,3,1,3,1,0,-1
22,All,18,5,3,2,8,1,0,-1
22,All,18,5,3,3,2,0,1,1
22,All,18,5,3,3,3,1,1,0
22,All,18,5,3,3,4,1,2,1
22,All,18,5,3,3,5,2,2,0
22,All,18,5,3,5,2,0,1,1
23,All,2,2,1,1,2,0,1,1
23,All,3,2,2,1,2,0,1,1
23,All,4,2,3,1,2,0,1,1
23,All,4,2,3,2,2,0,1,1
23,All,5,3,2,2,2,0,1,1
23,All,5,3,2,3,4,0,1,1
23,All,6,6,1,2,2,1,0,-1
23,All,6,6,1,2,4,2,0,-2
23,All,6,6,1,5,2,1,0,-1
23,All,6,6,1,5,4,2,0,-2
23,All,6,6,1,5,5,3,0,-3
23,All,6,6,1,5,7,4,0,-4
23,All,7,4,1,1,7,0,0,0
23,All,7,4,1,3,2,0,1,1
23,All,7,4,1,4,2,0,1,1
23,All,8,5,1,3,2,0,1,1
23,All,8,5,1,3,3,1,1,0
23,All,8,5,1,3,6,2,1,-1
23,All,8,5,1,4,2,1,0,-1
23,All,8,5,1,4,3,0,2,2
23,All,8,5,1,5,2,0,1,1
23,All,8,5,1,5,3,1,1,0
23,All,8,5,1,5,9,2,1,-1
23,All,9,6,2,2,3,0,0,0
23,All,9,6,2,2,4,0,1,1
23,All,9,6,2,2,5,1,1,0
23,All,9,6,2,2,6,1,2,1
23,All,9,6,2,2,8,2,2,0
23,All,9,6,2,2,12,2,3,1
23,All,9,6,2,3,2,0,1,1
23,All,9,6,2,3,3,1,1,0
23,All,9,6,2,3,4,1,2,1
23,All,9,6,2,3,5,2,2,0
23,All,9,6,2,3,6,2,3,1
23,All,9,6,2,3,7,3,3,0
23,All,9,6,2,3,8,3,4,1
23,All,9,6,2,4,2,1,0,-1
23,All,9,6,2,4,5,2,0,-2
23,All,9,6,2,4,6,0,3,3
23,All,9,6,2,4,7,1,3,2
23,All,9,6,2,4,8,2,3,1
23,All,9,6,2,4,9,3,3,0
23,All,9,6,2,5,3,0,1,1
23,All,9,6,2,5,6,1,1,0
23,All,9,6,2,5,7,2,1,-1
23,All,9,6,2,5,8,1,3,2
23,All,9,6,2,6,2,0,1,1
23,All,9,6,2,6,3,1,1,0
23,All,9,6,2,6,4,2,1,-1
23,All,9,6,2,6,5,1,3,2
23,All,9,6,2,6,6,2,3,1
23,All,9,6,2,6,9,3,3,0
23,All,10,4,2,1,12,0,0,0
23,All,10,4,2,2,3,1,0,-1
23,All,10,4,2,2,8,0,2,2
23,All,10,4,2,4,2,1,0,-1
23,All,10,4,2,4,3,0,2,2
23,All,10,4,2,4,9,2,1,-1
23,All,11,5,2,2,3,1,0,-1
23,All,11,5,2,2,12,2,0,-2
23,All,11,5,2,3,2,0,0,0
23,All,11,5,2,3,3,0,1,1
23,All,11,5,2,3,4,1,1,0
23,All,11,5,2,3,5,2,1,-1
23,All,11,5,2,4,2,0,1,1
23,All,11,5,2,4,3,1,1,0
23,All,11,5,2,4,4,1,2,1
23,All,11,5,2,4,10,2,2,0
23,All,11,5,2,5,2,1,0,-1
23,All,11,5,2,5,4,2,0,-2
23,All,11,5,2,5,8,3,0,-3
23,All,12,3,3,2,2,0,1,1
23,All,14,2,5,1,2,0,1,1
23,All,14,2,5,2,2,1,0,-1
23,All,15,2,6,1,2,0,1,1
23,All,17,6,3,3,2,0,1,1
23,All,17,6,3,3,3,1,1,0
23,All,17,6,3,4,2,0,1,1
23,All,17,6,3,4,3,1,1,0
23,All,17,6,3,6,4,0,1,1
23,All,17,6,3,6,7,1,1,0
23,All,18,4,3,2,2,0,1,1
24,All,1,2,1,1,2,0,1,1
24,All,1,2,1,2,2,1,0,-1
24,All,3,3,1,1,2,0,0,0
24,All,3,3,1,2,3,0,0,0
24,All,3,3,1,3,2,0,1,1
24,All,4,6,1,1,2,0,1,1
24,All,4,6,1,1,4,1,1,0
24,All,4,6,1,1,6,2,1,-1
24,All,4,6,1,1,8,3,1,-2
24,All,4,6,1,2,2,1,0,-1
24,All,4,6,1,2,4,2,0,-2
24,All,4,6,1,2,5,3,0,-3
24,All,4,6,1,4,2,1,0,-1
24,All,4,6,1,4,3,2,0,-2
24,All,4,6,1,4,4,3,0,-3
24,All,4,6,1,4,5,0,4,4
24,All,4,6,1,4,6,1,4,3
24,All,4,6,1,4,12,4,2,-2
24,All,4,6,1,4,15,5,2,-3
24,All,4,6,1,5,2,1,0,-1
24,All,4,6,1,5,4,2,0,-2
24,All,4,6,1,6,2,0,1,1
24,All,4,6,1,6,3,1,1,0
24,All,4,6,1,6,4,1,2,1
24,All,4,6,1,6,5,2,2,0
24,All,4,6,1,6,6,3,2,-1
24,All,4,6,1,6,7,2,4,2
24,All,4,6,1,6,8,4,3,-1
24,All,4,6,1,6,11,5,3,-2
24,All,4,6,1,6,14,3,6,3
24,All,5,2,3,1,6,1,0,-1
24,All,5,2,3,2,12,0,0,0
24,All,6,5,1,1,3,0,0,0
24,All,6,5,1,1,6,1,0,-1
24,All,6,5,1,2,3,0,1,1
24,All,6,5,1,2,5,1,1,0
24,All,6,5,1,2,10,2,1,-1
24,All,6,5,1,3,2,0,1,1
24,All,6,5,1,3,3,1,1,0
24,All,6,5,1,3,4,2,1,-1
24,All,6,5,1,4,10,1,0,-1
24,All,7,3,2,1,2,0,1,1
24,All,7,3,2,1,10,1,1,0
24,All,8,4,1,1,2,1,0,-1
24,All,8,4,1,1,3,0,2,2
24,All,8,4,1,4,2,0,1,1
24,All,9,5,2,1,2,0,1,1
24,All,9,5,2,1,3,1,1,0
24,All,9,5,2,1,4,1,2,1
24,All,9,5,2,2,5,0,0,0
24,All,9,5,2,4,5,0,1,1
24,All,10,6,2,1,3,0,1,1
24,All,10,6,2,2,2,0,1,1
24,All,10,6,2,2,3,1,1,0
24,All,10,6,2,2,4,1,2,1
24,All,10,6,2,2,5,2,2,0
24,All,10,6,2,2,6,3,2,-1
24,All,10,6,2,2,9,2,4,2
24,All,10,6,2,4,3,0,0,0
24,All,10,6,2,5,2,0,1,1
24,All,10,6,2,5,4,1,1,0
24,All,10,6,2,6,2,1,0,-1
24,All,11,4,2,1,2,0,1,1
24,All,11,4,2,1,7,1,1,0
24,All,11,4,2,3,3,1,0,-1
24,All,11,4,2,4,7,0,0,0
24,All,12,2,4,1,9,0,0,0
24,All,12,2,4,2,2,0,1,1
24,All,13,2,5,1,3,1,0,-1
24,All,14,3,3,1,2,1,0,-1
24,All,14,3,3,2,2,0,1,1
24,All,14,3,3,3,2,0,1,1
24,All,15,6,3,2,2,0,1,1
24,All,15,6,3,2,3,1,1,0
24,All,15,6,3,6,2,0,1,1
24,All,16,2,6,2,8,0,1,1
24,All,17,5,3,3,2,0,0,0
24,All,17,5,3,3,3,0,1,1
24,All,17,5,3,4,2,0,1,1
24,All,18,3,4,1,9,0,0,0
24,All,18,3,4,3,2,0,1,1
24,All,18,3,4,3,3,1,1,0
25,All,1,2,1,1,9,1,0,-1
25,All,2,4,1,2,4,1,0,-1
25,All,2,4,1,3,2,0,1,1
25,All,2,4,1,3,3,1,1,0
25,All,3,3,1,2,5,1,0,-1
25,All,3,3,1,2,8,2,0,-2
25,All,3,3,1,3,3,0,0,0
25,All,3,3,1,3,5,1,0,-1
25,All,4,3,2,1,2,0,1,1
25,All,4,3,2,1,3,1,1,0
25,All,4,3,2,3,3,1,0,-1
25,All,4,3,2,3,4,0,2,2
25,All,5,5,1,1,3,0,0,0
25,All,5,5,1,2,2,0,0,0
25,All,5,5,1,3,3,0,0,0
25,All,5,5,1,3,4,1,0,-1
25,All,5,5,1,4,6,1,0,-1
25,All,5,5,1,5,2,0,1,1
25,All,5,5,1,5,4,1,1,0
25,All,5,5,1,5,6,1,2,1
25,All,6,2,2,1,2,0,1,1
25,All,7,2,3,1,2,0,0,0
25,All,7,2,3,1,3,0,1,1
25,All,7,2,3,2,2,0,1,1
25,All,7,2,3,2,3,1,1,0
25,All,8,6,1,2,2,1,0,-1
25,All,8,6,1,2,5,2,0,-2
25,All,8,6,1,2,8,0,3,3
25,All,8,6,1,2,9,1,3,2
25,All,8,6,1,2,10,3,2,-1
25,All,8,6,1,2,11,4,2,-2
25,All,8,6,1,3,2,0,1,1
25,All,8,6,1,3,3,1,1,0
25,All,8,6,1,3,4,2,1,-1
25,All,8,6,1,3,5,3,1,-2
25,All,8,6,1,3,6,4,1,-3
25,All,8,6,1,3,7,5,1,-4
25,All,8,6,1,3,8,6,1,-5
25,All,8,6,1,3,9,7,1,-6
25,All,8,6,1,3,10,8,1,-7
25,All,8,6,1,3,11,1,9,8
25,All,8,6,1,3,12,2,9,7
25,All,8,6,1,3,13,9,3,-6
25,All,8,6,1,3,14,3,10,7
25,All,8,6,1,3,15,10,4,-6
25,All,8,6,1,4,2,0,1,1
25,All,8,6,1,4,3,1,1,0
25,All,8,6,1,4,4,2,1,-1
25,All,8,6,1,4,5,1,3,2
25,All,8,6,1,4,6,3,2,-1
25,All,8,6,1,4,7,2,4,2
25,All,8,6,1,4,8,4,3,-1
25,All,8,6,1,4,9,5,3,-2
25,All,8,6,1,4,10,6,3,-3
25,All,8,6,1,4,11,3,7,4
25,All,8,6,1,4,12,7,4,-3
25,All,8,6,1,4,13,8,4,-4
25,All,8,6,1,6,2,1,0,-1
25,All,8,6,1,6,3,2,0,-2
25,All,8,6,1,6,5,3,0,-3
25,All,8,6,1,6,10,4,0,-4
25,All,9,4,2,2,2,0,1,1
25,All,9,4,2,3,4,0,1,1
25,All,9,4,2,4,2,0,1,1
25,All,9,4,2,4,5,1,1,0
25,All,9,4,2,4,6,1,2,1
25,All,10,5,2,1,2,0,1,1
25,All,10,5,2,1,3,1,1,0
25,All,10,5,2,1,6,2,1,-1
25,All,10,5,2,5,2,0,1,1
25,All,10,5,2,5,3,1,1,0
25,All,11,6,2,3,2,0,1,1
25,All,11,6,2,3,3,1,1,0
25,All,11,6,2,3,4,1,2,1
25,All,11,6,2,3,5,2,2,0
25,All,11,6,2,4,2,0,1,1
25,All,11,6,2,5,2,1,0,-1
25,All,11,6,2,5,4,2,0,-2
25,All,11,6,2,5,5,3,0,-3
25,All,11,6,2,5,6,0,4,4
25,All,11,6,2,6,2,0,1,1
25,All,11,6,2,6,3,1,1,0
25,All,13,4,3,1,2,0,1,1
25,All,13,4,3,3,2,1,0,-1
25,All,13,4,3,4,2,0,1,1
25,All,13,4,3,4,3,1,1,0
25,All,13,4,3,4,4,1,2,1
25,All,13,4,3,4,5,2,2,0
25,All,14,3,3,1,2,0,1,1
25,All,14,3,3,1,6,1,1,0
25,All,14,3,3,3,2,1,0,-1
25,All,14,3,3,3,7,0,2,2
25,All,16,5,3,3,2,0,1,1
25,All,16,5,3,3,3,1,1,0
25,All,17,2,5,1,2,0,1,1
25,All,17,2,5,1,3,1,1,0
26,All,2,3,1,1,2,0,1,1
26,All,2,3,1,3,3,0,0,0
26,All,4,2,2,1,2,0,1,1
26,All,4,2,2,2,2,0,1,1
26,All,5,3,2,1,3,0,1,1
26,All,5,3,2,3,3,1,0,-1
26,All,6,6,1,1,7,0,0,0
26,All,6,6,1,1,9,1,0,-1
26,All,6,6,1,1,10,2,0,-2
26,All,6,6,1,2,4,0,1,1
26,All,6,6,1,2,6,1,1,0
26,All,6,6,1,2,13,2,1,-1
26,All,6,6,1,3,3,0,0,0
26,All,6,6,1,3,8,1,0,-1
26,All,6,6,1,3,10,2,0,-2
26,All,6,6,1,4,2,0,0,0
26,All,6,6,1,4,3,0,1,1
26,All,6,6,1,4,4,1,1,0
26,All,6,6,1,4,5,2,1,-1
26,All,6,6,1,4,6,3,1,-2
26,All,6,6,1,6,4,0,0,0
26,All,7,5,1,1,2,1,0,-1
26,All,7,5,1,2,3,1,0,-1
26,All,7,5,1,3,2,1,0,-1
26,All,7,5,1,3,3,0,2,2
26,All,7,5,1,3,4,2,1,-1
26,All,7,5,1,3,5,1,3,2
26,All,7,5,1,3,6,2,3,1
26,All,7,5,1,3,7,3,3,0
26,All,7,5,1,3,11,4,3,-1
26,All,7,5,1,4,15,0,0,0
26,All,7,5,1,5,4,0,1,1
26,All,8,2,3,1,14,0,1,1
26,All,8,2,3,2,8,1,0,-1
26,All,9,4,2,1,2,0,1,1
26,All,9,4,2,1,4,1,1,0
26,All,9,4,2,2,2,1,0,-1
26,All,9,4,2,2,3,2,0,-2
26,All,9,4,2,4,2,1,0,-1
26,All,9,4,2,4,3,2,0,-2
26,All,9,4,2,4,5,0,3,3
26,All,10,5,2,2,3,0,1,1
26,All,10,5,2,2,4,1,1,0
26,All,10,5,2,2,5,1,2,1
26,All,10,5,2,2,6,2,2,0
26,All,10,5,2,2,10,3,2,-1
26,All,10,5,2,2,12,4,2,-2
26,All,10,5,2,2,15,2,5,3
26,All,10,5,2,3,2,1,0,-1
26,All,10,5,2,3,3,0,2,2
26,All,10,5,2,3,5,1,2,1
26,All,10,5,2,3,8,2,2,0
26,All,10,5,2,3,12,2,3,1
26,All,10,5,2,4,2,0,1,1
26,All,10,5,2,4,4,1,1,0
26,All,10,5,2,4,10,2,1,-1
26,All,10,5,2,4,11,1,3,2
26,All,10,5,2,4,12,3,2,-1
26,All,10,5,2,5,2,1,0,-1
26,All,10,5,2,5,6,2,0,-2
26,All,10,5,2,5,8,0,3,3
26,All,10,5,2,5,9,3,1,-2
26,All,10,5,2,5,11,4,1,-3
26,All,10,5,2,5,12,1,5,4
26,All,10,5,2,5,13,5,2,-3
26,All,10,5,2,5,15,6,2,-4
26,All,11,6,2,1,2,0,1,1
26,All,11,6,2,1,3,1,1,0
26,All,11,6,2,1,4,2,1,-1
26,All,11,6,2,1,5,3,1,-2
26,All,11,6,2,1,6,4,1,-3
26,All,11,6,2,2,2,1,0,-1
26,All,11,6,2,2,3,2,0,-2
26,All,11,6,2,2,4,0,3,3
26,All,11,6,2,3,2,0,0,0
26,All,11,6,2,3,3,1,0,-1
26,All,11,6,2,3,4,2,0,-2
26,All,11,6,2,3,5,0,3,3
26,All,11,6,2,3,8,1,3,2
26,All,11,6,2,3,9,3,2,-1
26,All,11,6,2,4,2,0,1,1
26,All,11,6,2,4,4,1,1,0
26,All,11,6,2,4,5,2,1,-1
26,All,11,6,2,5,2,0,1,1
26,All,11,6,2,5,3,1,1,0
26,All,11,6,2,5,4,2,1,-1
26,All,11,6,2,5,5,3,1,-2
26,All,11,6,2,5,6,1,4,3
26,All,11,6,2,5,9,4,2,-2
26,All,11,6,2,6,3,0,0,0
26,All,11,6,2,6,4,1,0,-1
26,All,11,6,2,6,5,2,0,-2
26,All,11,6,2,6,6,3,0,-3
26,All,12,4,3,1,2,0,1,1
26,All,12,4,3,1,3,1,1,0
26,All,12,4,3,2,2,0,0,0
26,All,12,4,3,2,3,1,0,-1
26,All,12,4,3,2,4,0,2,2
26,All,12,4,3,3,2,1,0,-1
26,All,12,4,3,3,7,0,2,2
26,All,12,4,3,4,2,0,1,1
26,All,12,4,3,4,3,1,1,0
26,All,12,4,3,4,7,1,2,1
26,All,12,4,3,4,9,2,2,0
26,All,13,3,3,1,2,0,1,1
26,All,13,3,3,3,2,0,1,1
26,All,13,3,3,3,3,1,1,0
26,All,14,2,4,1,2,0,1,1
26,All,14,2,4,2,2,0,1,1
26,All,15,2,5,2,2,0,1,1
26,All,15,2,5,2,8,1,1,0
26,All,16,3,4,3,2,0,1,1
26,All,17,6,3,1,2,0,1,1
26,All,17,6,3,1,3,1,1,0
26,All,17,6,3,1,4,1,2,1
26,All,17,6,3,1,5,2,2,0
26,All,17,6,3,2,2,0,1,1
26,All,17,6,3,3,2,0,1,1
26,All,17,6,3,3,3,1,1,0
26,All,17,6,3,3,4,1,2,1
26,All,17,6,3,3,6,2,2,0
26,All,17,6,3,4,2,1,0,-1
26,All,17,6,3,4,3,0,2,2
26,All,17,6,3,5,2,0,1,1
26,All,17,6,3,5,4,1,1,0
26,All,17,6,3,5,5,1,2,1
26,All,17,6,3,5,7,2,2,0
26,All,17,6,3,5,8,2,3,1
26,All,17,6,3,5,9,3,3,0
26,All,17,6,3,6,2,0,1,1
26,All,17,6,3,6,3,1,1,0
26,All,17,6,3,6,4,1,2,1
26,All,17,6,3,6,5,2,2,0
26,All,18,5,3,1,5,1,0,-1
26,All,18,5,3,2,2,0,1,1
26,All,18,5,3,2,3,1,1,0
26,All,18,5,3,2,4,2,1,-1
26,All,18,5,3,2,7,3,1,-2
26,All,18,5,3,2,9,4,1,-3
26,All,18,5,3,2,10,5,1,-4
26,All,18,5,3,2,11,1,6,5
26,All,18,5,3,4,2,1,0,-1
26,All,18,5,3,4,3,2,0,-2
26,All,18,5,3,4,4,3,0,-3
26,All,18,5,3,4,5,0,4,4
26,All,18,5,3,4,7,1,4,3
26,All,18,5,3,4,14,2,4,2
26,All,18,5,3,5,3,0,1,1
26,All,18,5,3,5,4,1,1,0
26,All,18,5,3,5,7,1,2,1
26,All,18,5,3,5,9,2,2,0
27,All,1,3,1,1,2,0,1,1
27,All,1,3,1,1,4,1,1,0
27,All,1,3,1,1,7,2,1,-1
27,All,1,3,1,2,2,0,1,1
27,All,1,3,1,2,6,1,1,0
27,All,1,3,1,3,2,0,1,1
27,All,1,3,1,3,3,1,1,0
27,All,2,2,1,1,7,0,1,1
27,All,3,4,1,1,3,0,0,0
27,All,3,4,1,2,2,0,1,1
27,All,3,4,1,2,6,1,1,0
27,All,3,4,1,2,9,2,1,-1
27,All,3,4,1,2,10,3,1,-2
27,All,3,4,1,2,12,4,1,-3
27,All,3,4,1,3,2,1,0,-1
27,All,3,4,1,4,5,1,0,-1
27,All,4,6,1,1,2,0,0,0
27,All,4,6,1,1,3,1,0,-1
27,All,4,6,1,3,3,1,0,-1
27,All,4,6,1,3,4,2,0,-2
27,All,4,6,1,3,5,3,0,-3
27,All,4,6,1,3,7,4,0,-4
27,All,4,6,1,3,8,5,0,-5
27,All,4,6,1,3,9,0,6,6
27,All,4,6,1,4,2,0,1,1
27,All,4,6,1,4,4,1,1,0
27,All,4,6,1,5,2,1,0,-1
27,All,4,6,1,5,3,0,2,2
27,All,4,6,1,5,4,1,2,1
27,All,4,6,1,5,6,2,2,0
27,All,4,6,1,5,7,2,3,1
27,All,4,6,1,5,8,3,3,0
27,All,4,6,1,6,2,1,0,-1
27,All,4,6,1,6,4,0,2,2
27,All,4,6,1,6,5,1,2,1
27,All,4,6,1,6,7,2,2,0
27,All,4,6,1,6,10,3,2,-1
27,All,4,6,1,6,11,2,4,2
27,All,5,2,2,2,2,0,1,1
27,All,6,2,3,1,9,0,0,0
27,All,7,3,2,2,2,0,1,1
27,All,7,3,2,2,3,1,1,0
27,All,7,3,2,2,8,1,2,1
27,All,7,3,2,3,3,0,1,1
27,All,8,5,1,1,2,0,1,1
27,All,8,5,1,1,3,1,1,0
27,All,8,5,1,1,4,2,1,-1
27,All,8,5,1,1,5,3,1,-2
27,All,8,5,1,1,6,4,1,-3
27,All,8,5,1,1,7,5,1,-4
27,All,8,5,1,1,10,1,6,5
27,All,8,5,1,1,11,6,2,-4
27,All,8,5,1,1,12,7,2,-5
27,All,8,5,1,1,13,8,2,-6
27,All,8,5,1,2,2,0,0,0
27,All,8,5,1,2,5,0,1,1
27,All,8,5,1,2,7,1,1,0
27,All,8,5,1,2,8,1,2,1
27,All,8,5,1,2,9,2,2,0
27,All,8,5,1,2,10,3,2,-1
27,All,8,5,1,2,11,4,2,-2
27,All,8,5,1,3,3,0,0,0
27,All,8,5,1,3,4,1,0,-1
27,All,8,5,1,3,6,0,2,2
27,All,8,5,1,3,7,1,2,1
27,All,8,5,1,4,2,0,0,0
27,All,8,5,1,4,3,1,0,-1
27,All,8,5,1,4,5,0,2,2
27,All,8,5,1,4,7,1,2,1
27,All,8,5,1,4,8,2,2,0
27,All,8,5,1,4,9,3,2,-1
27,All,8,5,1,4,13,2,4,2
27,All,8,5,1,5,3,0,1,1
27,All,8,5,1,5,4,1,1,0
27,All,8,5,1,5,5,1,2,1
27,All,8,5,1,5,6,2,2,0
27,All,8,5,1,5,8,2,3,1
27,All,8,5,1,5,9,3,3,0
27,All,8,5,1,5,12,4,3,-1
27,All,8,5,1,5,13,5,3,-2
27,All,9,4,2,1,2,0,1,1
27,All,9,4,2,1,9,1,1,0
27,All,10,5,2,1,2,0,1,1
27,All,10,5,2,1,3,1,1,0
27,All,10,5,2,1,4,2,1,-1
27,All,10,5,2,2,2,0,1,1
27,All,10,5,2,2,3,1,1,0
27,All,10,5,2,3,10,0,0,0
27,All,10,5,2,4,3,0,1,1
27,All,10,5,2,5,3,0,1,1
27,All,10,5,2,5,5,1,1,0
27,All,11,6,2,1,2,1,0,-1
27,All,11,6,2,1,3,0,2,2
27,All,11,6,2,1,5,1,2,1
27,All,11,6,2,1,6,2,2,0
27,All,11,6,2,2,2,0,0,0
27,All,11,6,2,2,3,1,0,-1
27,All,11,6,2,2,4,2,0,-2
27,All,11,6,2,2,5,0,3,3
27,All,11,6,2,2,7,3,1,-2
27,All,11,6,2,2,8,1,4,3
27,All,11,6,2,2,9,2,4,2
27,All,11,6,2,2,10,4,3,-1
27,All,11,6,2,2,11,3,5,2
27,All,11,6,2,3,4,0,0,0
27,All,11,6,2,3,6,0,1,1
27,All,11,6,2,3,11,1,1,0
27,All,11,6,2,4,3,0,1,1
27,All,11,6,2,4,4,1,1,0
27,All,11,6,2,4,5,1,2,1
27,All,11,6,2,4,6,2,2,0
27,All,11,6,2,4,7,2,3,1
27,All,11,6,2,4,9,3,3,0
27,All,11,6,2,4,10,4,3,-1
27,All,11,6,2,4,11,3,5,2
27,All,11,6,2,4,12,4,5,1
27,All,11,6,2,5,2,1,0,-1
27,All,11,6,2,5,5,2,0,-2
27,All,11,6,2,5,6,0,3,3
27,All,11,6,2,5,7,1,3,2
27,All,11,6,2,5,8,2,3,1
27,All,11,6,2,5,9,3,3,0
27,All,11,6,2,5,10,3,4,1
27,All,11,6,2,5,12,4,4,0
27,All,11,6,2,5,14,5,4,-1
27,All,11,6,2,6,2,0,1,1
27,All,11,6,2,6,3,1,1,0
27,All,11,6,2,6,4,2,1,-1
27,All,11,6,2,6,5,1,3,2
27,All,11,6,2,6,6,2,3,1
27,All,11,6,2,6,8,3,3,0
27,All,13,2,4,2,5,0,0,0
27,All,14,4,3,1,3,0,0,0
27,All,14,4,3,1,4,0,1,1
27,All,14,4,3,2,2,1,0,-1
27,All,14,4,3,2,3,2,0,-2
27,All,14,4,3,3,2,1,0,-1
27,All,14,4,3,3,3,0,2,2
27,All,14,4,3,3,4,1,2,1
27,All,14,4,3,3,5,2,2,0
27,All,15,6,3,1,2,0,1,1
27,All,15,6,3,1,3,1,1,0
27,All,15,6,3,1,6,2,1,-1
27,All,15,6,3,2,2,1,0,-1
27,All,15,6,3,2,5,0,2,2
27,All,15,6,3,2,9,1,2,1
27,All,15,6,3,2,10,2,2,0
27,All,15,6,3,2,13,3,2,-1
27,All,15,6,3,3,2,1,0,-1
27,All,15,6,3,3,3,0,2,2
27,All,15,6,3,3,4,1,2,1
27,All,15,6,3,3,9,2,2,0
27,All,15,6,3,4,2,1,0,-1
27,All,15,6,3,4,3,0,2,2
27,All,15,6,3,4,4,2,1,-1
27,All,15,6,3,4,5,3,1,-2
27,All,15,6,3,4,6,4,1,-3
27,All,15,6,3,4,7,1,5,4
27,All,15,6,3,4,8,2,5,3
27,All,15,6,3,4,9,3,5,2
27,All,15,6,3,4,10,4,5,1
27,All,15,6,3,4,11,5,5,0
27,All,15,6,3,4,12,5,6,1
27,All,15,6,3,4,15,6,6,0
27,All,15,6,3,5,2,0,0,0
27,All,15,6,3,5,4,1,0,-1
27,All,15,6,3,5,7,2,0,-2
27,All,15,6,3,5,8,3,0,-3
27,All,15,6,3,5,10,4,0,-4
27,All,15,6,3,6,2,1,0,-1
27,All,15,6,3,6,3,2,0,-2
27,All,15,6,3,6,4,0,3,3
27,All,15,6,3,6,6,1,3,2
27,All,17,2,6,1,4,1,0,-1
27,All,17,2,6,1,8,2,0,-2
27,All,17,2,6,2,12,0,0,0
27,All,17,2,6,2,15,1,0,-1
27,All,18,3,4,1,9,1,0,-1
27,All,18,3,4,2,2,0,1,1
27,All,18,3,4,3,2,0,1,1
27,All,18,3,4,3,3,1,1,0
27,All,18,3,4,3,4,2,1,-1
27,All,18,3,4,3,5,3,1,-2
27,All,18,3,4,3,14,1,4,3
28,All,1,2,1,2,2,0,1,1
28,All,2,6,1,1,2,0,1,1
28,All,2,6,1,1,5,1,1,0
28,All,2,6,1,1,6,1,2,1
28,All,2,6,1,1,7,2,2,0
28,All,2,6,1,1,8,2,3,1
28,All,2,6,1,1,9,3,3,0
28,All,2,6,1,1,10,3,4,1
28,All,2,6,1,1,11,4,4,0
28,All,2,6,1,1,13,5,4,-1
28,All,2,6,1,1,14,6,4,-2
28,All,2,6,1,2,13,0,0,0
28,All,2,6,1,3,2,1,0,-1
28,All,2,6,1,3,3,0,2,2
28,All,2,6,1,3,5,1,2,1
28,All,2,6,1,3,6,2,2,0
28,All,2,6,1,3,7,3,2,-1
28,All,2,6,1,3,8,4,2,-2
28,All,2,6,1,3,9,5,2,-3
28,All,2,6,1,3,12,6,2,-4
28,All,2,6,1,3,13,7,2,-5
28,All,2,6,1,4,5,1,0,-1
28,All,2,6,1,4,6,2,0,-2
28,All,2,6,1,4,9,3,0,-3
28,All,2,6,1,4,13,4,0,-4
28,All,2,6,1,6,2,0,0,0
28,All,2,6,1,6,4,0,1,1
28,All,2,6,1,6,5,1,1,0
28,All,2,6,1,6,6,1,2,1
28,All,2,6,1,6,7,2,2,0
28,All,3,3,1,2,2,0,1,1
28,All,4,2,2,1,2,0,1,1
28,All,4,2,2,2,2,0,0,0
28,All,4,2,2,2,3,0,1,1
28,All,5,4,1,1,2,1,0,-1
28,All,5,4,1,2,2,0,1,1
28,All,5,4,1,4,2,0,1,1
28,All,6,5,1,1,4,1,0,-1
28,All,6,5,1,2,3,1,0,-1
28,All,6,5,1,5,2,0,1,1
28,All,6,5,1,5,4,1,1,0
28,All,6,5,1,5,5,1,2,1
28,All,7,2,3,1,5,0,1,1
28,All,7,2,3,2,2,0,1,1
28,All,8,3,2,2,2,1,0,-1
28,All,9,4,2,2,2,0,1,1
28,All,9,4,2,4,2,0,1,1
28,All,10,6,2,2,2,0,1,1
28,All,10,6,2,2,3,1,1,0
28,All,10,6,2,3,2,1,0,-1
28,All,10,6,2,3,3,0,2,2
28,All,10,6,2,3,4,1,2,1
28,All,10,6,2,4,2,1,0,-1
28,All,10,6,2,4,3,0,2,2
28,All,10,6,2,4,4,1,2,1
28,All,11,5,2,1,3,1,0,-1
28,All,11,5,2,1,7,0,2,2
28,All,11,5,2,1,8,1,2,1
28,All,11,5,2,2,3,0,0,0
28,All,11,5,2,2,8,1,0,-1
28,All,11,5,2,3,2,0,1,1
28,All,11,5,2,3,3,1,1,0
28,All,11,5,2,3,5,1,2,1
28,All,11,5,2,3,6,2,2,0
28,All,11,5,2,3,7,3,2,-1
28,All,11,5,2,3,8,2,4,2
28,All,11,5,2,3,9,4,3,-1
28,All,11,5,2,3,10,3,5,2
28,All,11,5,2,4,2,0,1,1
28,All,12,2,4,2,2,0,1,1
28,All,13,6,3,1,4,1,0,-1
28,All,13,6,3,1,5,0,2,2
28,All,13,6,3,1,6,2,1,-1
28,All,13,6,3,1,7,3,1,-2
28,All,13,6,3,1,8,4,1,-3
28,All,13,6,3,1,9,5,1,-4
28,All,13,6,3,1,10,1,6,5
28,All,13,6,3,4,2,0,1,1
28,All,13,6,3,4,3,1,1,0
28,All,13,6,3,4,4,1,2,1
28,All,13,6,3,4,5,2,2,0
28,All,13,6,3,4,6,3,2,-1
28,All,13,6,3,4,7,4,2,-2
28,All,13,6,3,4,8,5,2,-3
28,All,13,6,3,4,10,6,2,-4
28,All,13,6,3,5,2,0,1,1
28,All,13,6,3,5,3,1,1,0
28,All,13,6,3,5,4,1,2,1
28,All,13,6,3,5,5,2,2,0
28,All,13,6,3,5,7,3,2,-1
28,All,13,6,3,5,8,2,4,2
28,All,13,6,3,5,11,3,4,1
28,All,13,6,3,6,2,0,1,1
28,All,14,3,3,1,2,0,1,1
28,All,15,2,5,2,2,0,1,1
28,All,16,4,3,1,11,0,1,1
28,All,16,4,3,2,3,0,1,1
28,All,16,4,3,2,4,1,1,0
28,All,16,4,3,3,3,0,1,1
28,All,16,4,3,3,5,1,1,0
28,All,16,4,3,4,3,0,0,0
28,All,17,5,3,1,2,0,1,1
28,All,17,5,3,2,2,0,1,1
28,All,17,5,3,3,2,0,1,1
28,All,17,5,3,3,3,1,1,0
28,All,17,5,3,3,4,2,1,-1
28,All,17,5,3,3,8,3,1,-2
28,All,17,5,3,5,5,0,1,1
28,All,18,2,6,1,2,0,1,1
29,All,1,6,1,1,2,1,0,-1
29,All,1,6,1,1,3,0,2,2
29,All,1,6,1,5,12,0,1,1
29,All,1,6,1,6,3,0,1,1
29,All,1,6,1,6,4,1,1,0
29,All,2,2,1,2,5,1,0,-1
29,All,3,2,2,1,2,0,1,1
29,All,4,5,1,1,2,0,1,1
29,All,4,5,1,1,5,1,1,0
29,All,4,5,1,2,2,0,1,1
29,All,4,5,1,5,3,0,1,1
29,All,5,3,1,1,2,0,1,1
29,All,5,3,1,1,9,1,1,0
29,All,6,3,2,1,2,0,1,1
29,All,6,3,2,2,2,0,1,1
29,All,7,4,1,1,2,0,1,1
29,All,7,4,1,4,2,0,1,1
29,All,7,4,1,4,3,1,1,0
29,All,7,4,1,4,7,1,2,1
29,All,8,2,3,1,9,0,0,0
29,All,9,6,2,1,2,0,1,1
29,All,9,6,2,1,3,1,1,0
29,All,9,6,2,2,2,1,0,-1
29,All,9,6,2,2,3,0,2,2
29,All,9,6,2,2,8,2,1,-1
29,All,9,6,2,2,9,3,1,-2
29,All,10,4,2,1,2,0,1,1
29,All,11,5,2,1,2,0,1,1
29,All,11,5,2,2,2,0,1,1
29,All,11,5,2,2,3,1,1,0
29,All,11,5,2,3,3,0,1,1
29,All,11,5,2,3,4,1,1,0
29,All,11,5,2,4,2,0,1,1
29,All,11,5,2,4,4,1,1,0
29,All,11,5,2,4,9,2,1,-1
29,All,11,5,2,5,2,0,1,1
29,All,11,5,2,5,4,1,1,0
29,All,12,6,3,1,2,0,1,1
29,All,12,6,3,2,2,0,1,1
29,All,12,6,3,5,3,0,1,1
29,All,12,6,3,6,3,0,1,1
29,All,13,2,4,1,2,0,1,1
29,All,15,5,3,1,2,0,1,1
29,All,16,3,3,1,2,0,1,1
29,All,16,3,3,2,2,0,1,1
29,All,18,4,3,1,2,0,1,1
29,All,18,4,3,2,2,1,0,-1
29,All,18,4,3,2,6,0,2,2
30,All,2,5,1,1,3,1,0,-1
30,All,2,5,1,2,2,0,1,1
30,All,2,5,1,2,3,1,1,0
30,All,2,5,1,3,3,0,0,0
30,All,2,5,1,5,6,0,1,1
30,All,3,6,1,1,2,0,0,0
30,All,3,6,1,1,3,1,0,-1
30,All,3,6,1,1,4,0,2,2
30,All,3,6,1,1,5,2,1,-1
30,All,3,6,1,1,6,1,3,2
30,All,3,6,1,2,3,0,0,0
30,All,3,6,1,3,3,1,0,-1
30,All,3,6,1,5,2,0,1,1
30,All,3,6,1,5,3,1,1,0
30,All,3,6,1,5,5,1,2,1
30,All,3,6,1,5,7,2,2,0
30,All,3,6,1,5,8,2,3,1
30,All,4,3,1,1,2,0,1,1
30,All,4,3,1,1,3,1,1,0
30,All,4,3,1,2,2,0,1,1
30,All,5,2,2,1,2,0,1,1
30,All,5,2,2,2,2,0,1,1
30,All,7,3,2,1,2,0,1,1
30,All,7,3,2,2,9,0,0,0
30,All,8,4,1,1,2,0,1,1
30,All,8,4,1,2,2,0,1,1
30,All,9,5,2,1,2,1,0,-1
30,All,9,5,2,1,3,0,2,2
30,All,9,5,2,1,5,1,2,1
30,All,9,5,2,1,8,2,2,0
30,All,9,5,2,2,3,0,1,1
30,All,9,5,2,2,5,1,1,0
30,All,9,5,2,2,7,2,1,-1
30,All,9,5,2,3,4,0,0,0
30,All,9,5,2,3,5,0,1,1
30,All,9,5,2,3,6,1,1,0
30,All,9,5,2,5,2,1,0,-1
30,All,9,5,2,5,5,2,0,-2
30,All,9,5,2,5,7,3,0,-3
30,All,9,5,2,5,9,0,4,4
30,All,10,4,2,1,2,0,1,1
30,All,10,4,2,1,3,1,1,0
30,All,10,4,2,4,8,0,1,1
30,All,11,6,2,1,2,0,1,1
30,All,11,6,2,1,4,1,1,0
30,All,11,6,2,1,5,2,1,-1
30,All,11,6,2,1,8,3,1,-2
30,All,11,6,2,2,2,1,0,-1
30,All,11,6,2,2,3,2,0,-2
30,All,11,6,2,2,8,3,0,-3
30,All,11,6,2,3,6,0,1,1
30,All,11,6,2,3,9,1,1,0
30,All,11,6,2,3,11,2,1,-1
30,All,11,6,2,4,2,0,1,1
30,All,11,6,2,4,7,1,1,0
30,All,11,6,2,4,8,1,2,1
30,All,11,6,2,4,9,2,2,0
30,All,12,2,4,1,2,0,1,1
30,All,12,2,4,2,2,0,1,1
30,All,13,5,3,1,2,0,1,1
30,All,13,5,3,3,2,0,1,1
30,All,13,5,3,3,3,1,1,0
30,All,13,5,3,3,8,2,1,-1
30,All,13,5,3,4,2,1,0,-1
30,All,13,5,3,4,3,0,2,2
30,All,13,5,3,4,4,1,2,1
30,All,14,6,3,1,2,0,1,1
30,All,14,6,3,1,7,1,1,0
30,All,14,6,3,1,9,2,1,-1
30,All,14,6,3,2,4,1,0,-1
30,All,14,6,3,4,5,0,0,0
30,All,14,6,3,6,3,0,0,0
30,All,14,6,3,6,4,1,0,-1
30,All,14,6,3,6,5,2,0,-2
30,All,15,3,3,2,3,0,0,0
31,All,1,5,1,1,2,1,0,-1
31,All,1,5,1,1,3,0,2,2
31,All,1,5,1,1,4,2,1,-1
31,All,1,5,1,2,2,1,0,-1
31,All,1,5,1,2,3,2,0,-2
31,All,1,5,1,2,7,3,0,-3
31,All,1,5,1,3,3,0,0,0
31,All,1,5,1,3,5,1,0,-1
31,All,1,5,1,4,7,0,0,0
31,All,1,5,1,5,2,1,0,-1
31,All,1,5,1,5,3,2,0,-2
31,All,2,3,1,2,7,0,1,1
31,All,3,2,1,2,4,0,1,1
31,All,4,2,2,1,2,0,0,0
31,All,4,2,2,2,2,1,0,-1
31,All,4,2,2,2,3,0,2,2
31,All,5,6,1,1,2,0,0,0
31,All,5,6,1,2,2,1,0,-1
31,All,5,6,1,2,3,2,0,-2
31,All,5,6,1,2,4,3,0,-3
31,All,5,6,1,2,7,4,0,-4
31,All,5,6,1,2,9,5,0,-5
31,All,5,6,1,2,10,6,0,-6
31,All,5,6,1,2,14,7,0,-7
31,All,5,6,1,3,2,0,1,1
31,All,5,6,1,4,2,0,0,0
31,All,5,6,1,4,3,0,1,1
31,All,5,6,1,4,4,1,1,0
31,All,5,6,1,4,5,2,1,-1
31,All,5,6,1,4,6,3,1,-2
31,All,5,6,1,4,7,4,1,-3
31,All,5,6,1,4,8,5,1,-4
31,All,5,6,1,4,9,6,1,-5
31,All,5,6,1,4,10,7,1,-6
31,All,5,6,1,4,11,8,1,-7
31,All,5,6,1,4,12,9,1,-8
31,All,5,6,1,4,13,10,1,-9
31,All,5,6,1,4,14,1,11,10
31,All,5,6,1,4,15,11,2,-9
31,All,5,6,1,5,3,0,1,1
31,All,5,6,1,5,4,1,1,0
31,All,5,6,1,5,5,2,1,-1
31,All,5,6,1,5,6,1,3,2
31,All,5,6,1,5,8,3,2,-1
31,All,5,6,1,5,9,2,4,2
31,All,5,6,1,5,13,3,4,1
31,All,5,6,1,6,8,0,0,0
31,All,6,4,1,1,2,1,0,-1
31,All,6,4,1,1,3,2,0,-2
31,All,6,4,1,1,6,3,0,-3
31,All,6,4,1,1,9,4,0,-4
31,All,6,4,1,4,2,1,0,-1
31,All,7,2,3,1,2,0,0,0
31,All,7,2,3,1,8,0,1,1
31,All,7,2,3,2,5,1,0,-1
31,All,9,5,2,2,2,1,0,-1
31,All,9,5,2,2,4,0,2,2
31,All,9,5,2,4,5,0,0,0
31,All,9,5,2,5,2,0,1,1
31,All,9,5,2,5,8,1,1,0
31,All,9,5,2,5,9,2,1,-1
31,All,10,4,2,1,2,1,0,-1
31,All,10,4,2,1,3,0,2,2
31,All,10,4,2,1,4,1,2,1
31,All,10,4,2,1,5,2,2,0
31,All,10,4,2,1,6,2,3,1
31,All,10,4,2,1,7,3,3,0
31,All,10,4,2,2,2,1,0,-1
31,All,10,4,2,2,3,2,0,-2
31,All,10,4,2,3,3,0,1,1
31,All,10,4,2,3,4,1,1,0
31,All,10,4,2,3,5,2,1,-1
31,All,10,4,2,3,6,1,3,2
31,All,11,6,2,2,2,1,0,-1
31,All,11,6,2,2,3,2,0,-2
31,All,11,6,2,2,4,3,0,-3
31,All,11,6,2,2,5,4,0,-4
31,All,11,6,2,2,6,0,5,5
31,All,11,6,2,2,7,5,1,-4
31,All,11,6,2,2,8,1,6,5
31,All,11,6,2,2,9,6,2,-4
31,All,11,6,2,2,10,7,2,-5
31,All,11,6,2,2,11,8,2,-6
31,All,11,6,2,2,12,2,9,7
31,All,11,6,2,2,13,3,9,6
31,All,11,6,2,2,15,9,4,-5
31,All,11,6,2,3,5,1,0,-1
31,All,11,6,2,3,6,2,0,-2
31,All,11,6,2,3,7,3,0,-3
31,All,11,6,2,3,8,0,4,4
31,All,11,6,2,3,9,1,4,3
31,All,11,6,2,3,11,2,4,2
31,All,11,6,2,3,12,3,4,1
31,All,11,6,2,3,13,4,4,0
31,All,11,6,2,3,14,5,4,-1
31,All,11,6,2,3,15,4,6,2
31,All,11,6,2,4,2,0,0,0
31,All,11,6,2,4,3,1,0,-1
31,All,11,6,2,4,4,2,0,-2
31,All,11,6,2,4,7,3,0,-3
31,All,11,6,2,4,8,0,4,4
31,All,11,6,2,4,9,1,4,3
31,All,11,6,2,4,10,2,4,2
31,All,11,6,2,4,11,3,4,1
31,All,11,6,2,4,12,4,4,0
31,All,11,6,2,4,13,4,5,1
31,All,11,6,2,4,14,5,5,0
31,All,11,6,2,4,15,6,5,-1
31,All,11,6,2,5,2,0,1,1
31,All,11,6,2,5,3,1,1,0
31,All,11,6,2,5,5,1,2,1
31,All,11,6,2,5,6,2,2,0
31,All,11,6,2,5,9,3,2,-1
31,All,11,6,2,5,10,2,4,2
31,All,11,6,2,6,8,0,0,0
31,All,11,6,2,6,10,0,1,1
31,All,12,5,3,1,2,1,0,-1
31,All,12,5,3,1,3,0,2,2
31,All,12,5,3,1,4,1,2,1
31,All,12,5,3,1,5,2,2,0
31,All,12,5,3,1,6,2,3,1
31,All,12,5,3,1,7,3,3,0
31,All,12,5,3,1,8,4,3,-1
31,All,12,5,3,1,9,3,5,2
31,All,12,5,3,1,10,5,4,-1
31,All,12,5,3,1,11,6,4,-2
31,All,12,5,3,1,12,4,7,3
31,All,12,5,3,4,3,1,0,-1
31,All,12,5,3,4,5,2,0,-2
31,All,12,5,3,4,6,3,0,-3
31,All,12,5,3,4,7,4,0,-4
31,All,12,5,3,4,13,5,0,-5
31,All,12,5,3,4,14,6,0,-6
31,All,12,5,3,4,15,7,0,-7
31,All,13,3,3,1,2,0,0,0
31,All,13,3,3,2,2,0,1,1
31,All,13,3,3,2,3,1,1,0
31,All,13,3,3,2,4,1,2,1
31,All,13,3,3,2,5,2,2,0
31,All,13,3,3,2,6,2,3,1
31,All,13,3,3,3,2,0,0,0
31,All,13,3,3,3,8,1,0,-1
31,All,14,2,4,1,5,0,1,1
31,All,16,6,3,1,3,0,1,1
31,All,16,6,3,2,2,0,1,1
31,All,16,6,3,5,2,0,1,1
31,All,16,6,3,5,3,1,1,0
31,All,16,6,3,5,4,2,1,-1
31,All,16,6,3,5,5,3,1,-2
31,All,16,6,3,5,6,4,1,-3
31,All,17,4,3,1,7,1,0,-1
31,All,17,4,3,4,2,1,0,-1
31,All,17,4,3,4,4,0,2,2
31,All,18,2,6,2,8,0,1,1
32,All,1,3,1,1,3,0,1,1
32,All,1,3,1,2,3,0,0,0
32,All,1,3,1,2,8,1,0,-1
32,All,1,3,1,2,9,2,0,-2
32,All,1,3,1,3,3,0,0,0
32,All,2,2,1,1,2,0,1,1
32,All,2,2,1,1,8,1,1,0
32,All,2,2,1,2,2,0,0,0
32,All,3,5,1,1,2,1,0,-1
32,All,3,5,1,1,3,0,2,2
32,All,3,5,1,1,5,1,2,1
32,All,3,5,1,1,6,2,2,0
32,All,3,5,1,1,7,3,2,-1
32,All,3,5,1,1,8,4,2,-2
32,All,3,5,1,1,9,2,5,3
32,All,3,5,1,1,10,5,3,-2
32,All,3,5,1,1,13,6,3,-3
32,All,3,5,1,3,2,1,0,-1
32,All,3,5,1,4,6,1,0,-1
32,All,3,5,1,5,2,1,0,-1
32,All,3,5,1,5,4,2,0,-2
32,All,3,5,1,5,7,0,3,3
32,All,3,5,1,5,8,1,3,2
32,All,4,4,1,1,10,0,0,0
32,All,4,4,1,2,2,0,1,1
32,All,4,4,1,2,3,1,1,0
32,All,4,4,1,2,11,2,1,-1
32,All,5,2,2,2,2,0,1,1
32,All,6,3,2,2,2,0,1,1
32,All,6,3,2,2,3,1,1,0
32,All,6,3,2,3,2,0,1,1
32,All,7,6,1,3,2,0,1,1
32,All,7,6,1,4,3,0,1,1
32,All,7,6,1,4,4,1,1,0
32,All,7,6,1,5,2,0,1,1
32,All,7,6,1,5,3,1,1,0
32,All,8,2,3,1,2,0,1,1
32,All,8,2,3,2,2,0,1,1
32,All,8,2,3,2,8,1,1,0
32,All,9,4,2,2,2,1,0,-1
32,All,9,4,2,2,3,0,2,2
32,All,9,4,2,2,4,1,2,1
32,All,9,4,2,2,5,2,2,0
32,All,9,4,2,2,9,3,2,-1
32,All,9,4,2,3,2,0,1,1
32,All,9,4,2,3,3,1,1,0
32,All,9,4,2,3,5,1,2,1
32,All,9,4,2,4,2,0,1,1
32,All,10,5,2,1,2,0,1,1
32,All,10,5,2,1,3,1,1,0
32,All,10,5,2,1,4,2,1,-1
32,All,10,5,2,1,5,1,3,2
32,All,10,5,2,3,3,0,0,0
32,All,10,5,2,3,4,1,0,-1
32,All,10,5,2,3,7,0,2,2
32,All,10,5,2,3,8,2,1,-1
32,All,10,5,2,3,9,1,3,2
32,All,11,6,2,1,3,0,1,1
32,All,11,6,2,1,4,1,1,0
32,All,11,6,2,1,5,1,2,1
32,All,11,6,2,1,6,2,2,0
32,All,11,6,2,1,7,2,3,1
32,All,11,6,2,1,10,3,3,0
32,All,11,6,2,3,2,0,1,1
32,All,11,6,2,3,4,1,1,0
32,All,11,6,2,3,5,1,2,1
32,All,11,6,2,3,6,2,2,0
32,All,11,6,2,3,7,2,3,1
32,All,11,6,2,3,10,3,3,0
32,All,11,6,2,4,2,0,1,1
32,All,11,6,2,4,3,1,1,0
32,All,11,6,2,4,4,1,2,1
32,All,11,6,2,5,2,1,0,-1
32,All,11,6,2,6,2,0,1,1
32,All,11,6,2,6,11,1,1,0
32,All,12,3,3,2,2,0,1,1
32,All,12,3,3,2,6,1,1,0
32,All,12,3,3,2,9,2,1,-1
32,All,13,2,4,1,2,1,0,-1
32,All,13,2,4,1,3,0,2,2
32,All,14,5,3,1,4,0,1,1
32,All,14,5,3,1,9,1,1,0
32,All,14,5,3,2,2,0,1,1
32,All,14,5,3,2,3,1,1,0
32,All,14,5,3,2,4,2,1,-1
32,All,14,5,3,2,5,1,3,2
32,All,14,5,3,3,2,0,1,1
32,All,16,2,5,2,2,0,0,0
32,All,17,3,4,3,2,0,0,0
32,All,17,3,4,3,7,0,1,1
32,All,18,6,3,1,4,0,0,0
32,All,18,6,3,5,3,1,0,-1
33,All,1,6,1,1,2,1,0,-1
33,All,1,6,1,1,3,2,0,-2
33,All,1,6,1,1,5,3,0,-3
33,All,1,6,1,1,9,4,0,-4
33,All,1,6,1,2,3,0,1,1
33,All,1,6,1,2,4,1,1,0
33,All,1,6,1,2,5,1,2,1
33,All,1,6,1,3,3,0,0,0
33,All,1,6,1,4,2,1,0,-1
33,All,1,6,1,6,3,1,0,-1
33,All,1,6,1,6,4,0,2,2
33,All,1,6,1,6,7,1,2,1
33,All,3,3,1,1,2,1,0,-1
33,All,3,3,1,1,3,0,2,2
33,All,4,4,1,2,2,0,1,1
33,All,4,4,1,3,8,0,0,0
33,All,5,2,2,1,2,0,1,1
33,All,5,2,2,2,2,0,1,1
33,All,6,5,1,1,2,1,0,-1
33,All,6,5,1,2,2,0,1,1
33,All,6,5,1,2,9,1,1,0
33,All,6,5,1,4,2,0,1,1
33,All,8,3,2,1,6,0,0,0
33,All,8,3,2,1,9,1,0,-1
33,All,8,3,2,3,2,0,1,1
33,All,9,6,2,1,2,1,0,-1
33,All,9,6,2,2,2,0,0,0
33,All,9,6,2,2,3,1,0,-1
33,All,9,6,2,3,2,0,1,1
33,All,9,6,2,3,3,1,1,0
33,All,9,6,2,3,4,1,2,1
33,All,9,6,2,3,5,2,2,0
33,All,9,6,2,3,6,2,3,1
33,All,9,6,2,3,7,3,3,0
33,All,9,6,2,3,8,3,4,1
33,All,9,6,2,3,9,4,4,0
33,All,9,6,2,5,3,0,1,1
33,All,9,6,2,5,4,1,1,0
33,All,9,6,2,5,6,1,2,1
33,All,9,6,2,5,7,2,2,0
33,All,9,6,2,5,10,2,3,1
33,All,9,6,2,5,12,3,3,0
33,All,9,6,2,6,3,1,0,-1
33,All,9,6,2,6,4,2,0,-2
33,All,9,6,2,6,6,0,3,3
33,All,9,6,2,6,7,1,3,2
33,All,10,5,2,1,2,0,1,1
33,All,10,5,2,1,3,1,1,0
33,All,10,5,2,1,4,1,2,1
33,All,10,5,2,2,3,0,1,1
33,All,10,5,2,2,5,1,1,0
33,All,10,5,2,3,2,0,1,1
33,All,10,5,2,4,2,1,0,-1
33,All,11,4,2,1,2,1,0,-1
33,All,11,4,2,1,3,0,2,2
33,All,11,4,2,1,5,2,1,-1
33,All,11,4,2,1,8,3,1,-2
33,All,11,4,2,2,2,0,1,1
33,All,11,4,2,2,3,1,1,0
33,All,11,4,2,3,4,0,0,0
33,All,12,6,3,1,3,0,1,1
33,All,12,6,3,2,4,1,0,-1
33,All,12,6,3,2,5,2,0,-2
33,All,12,6,3,2,6,3,0,-3
33,All,12,6,3,2,7,4,0,-4
33,All,12,6,3,2,8,0,5,5
33,All,12,6,3,3,5,1,0,-1
33,All,12,6,3,3,9,2,0,-2
33,All,12,6,3,5,3,0,1,1
33,All,12,6,3,5,4,1,1,0
33,All,13,2,4,1,2,0,1,1
33,All,15,4,3,1,2,0,1,1
33,All,15,4,3,1,3,1,1,0
33,All,15,4,3,2,2,1,0,-1
33,All,15,4,3,2,3,0,2,2
33,All,15,4,3,4,5,0,0,0
33,All,16,2,5,2,3,0,0,0
33,All,17,5,3,1,2,1,0,-1
33,All,17,5,3,1,4,2,0,-2
33,All,17,5,3,4,2,1,0,-1
33,All,17,5,3,4,3,0,2,2
33,All,17,5,3,5,2,0,1,1
33,All,18,2,6,1,2,0,1,1
33,All,18,2,6,1,8,1,1,0
34,All,1,2,1,2,9,0,1,1
34,All,2,4,1,1,4,0,0,0
34,All,2,4,1,1,5,0,1,1
34,All,2,4,1,1,6,1,1,0
34,All,2,4,1,1,10,2,1,-1
34,All,2,4,1,1,11,3,1,-2
34,All,2,4,1,2,3,1,0,-1
34,All,2,4,1,2,4,0,2,2
34,All,2,4,1,2,5,2,1,-1
34,All,2,4,1,2,6,1,3,2
34,All,2,4,1,2,8,2,3,1
34,All,2,4,1,3,2,0,1,1
34,All,2,4,1,3,3,1,1,0
34,All,2,4,1,3,4,1,2,1
34,All,2,4,1,4,2,1,0,-1
34,All,2,4,1,4,5,0,2,2
34,All,2,4,1,4,6,1,2,1
34,All,2,4,1,4,7,2,2,0
34,All,3,6,1,1,2,0,1,1
34,All,3,6,1,1,3,1,1,0
34,All,3,6,1,1,5,2,1,-1
34,All,3,6,1,2,2,0,1,1
34,All,3,6,1,2,3,1,1,0
34,All,3,6,1,2,5,1,2,1
34,All,3,6,1,2,8,2,2,0
34,All,3,6,1,2,10,2,3,1
34,All,3,6,1,2,11,3,3,0
34,All,3,6,1,2,12,3,4,1
34,All,3,6,1,2,13,4,4,0
34,All,3,6,1,2,15,5,4,-1
34,All,3,6,1,3,2,1,0,-1
34,All,3,6,1,3,4,0,2,2
34,All,3,6,1,3,5,1,2,1
34,All,3,6,1,3,6,2,2,0
34,All,3,6,1,3,7,3,2,-1
34,All,3,6,1,3,8,4,2,-2
34,All,3,6,1,3,9,2,5,3
34,All,3,6,1,3,14,3,5,2
34,All,3,6,1,5,2,0,1,1
34,All,3,6,1,5,9,1,1,0
34,All,3,6,1,5,11,2,1,-1
34,All,3,6,1,5,12,3,1,-2
34,All,3,6,1,5,13,4,1,-3
34,All,3,6,1,5,14,5,1,-4
34,All,3,6,1,6,2,1,0,-1
34,All,3,6,1,6,3,0,2,2
34,All,3,6,1,6,5,2,1,-1
34,All,3,6,1,6,6,3,1,-2
34,All,3,6,1,6,9,4,1,-3
34,All,4,5,1,1,2,1,0,-1
34,All,4,5,1,1,3,0,2,2
34,All,4,5,1,1,5,2,1,-1
34,All,4,5,1,2,2,0,1,1
34,All,4,5,1,3,3,0,1,1
34,All,4,5,1,3,5,1,1,0
34,All,4,5,1,5,2,1,0,-1
34,All,4,5,1,5,3,0,2,2
34,All,4,5,1,5,4,2,1,-1
34,All,5,3,1,2,2,0,1,1
34,All,5,3,1,2,3,1,1,0
34,All,5,3,1,2,6,1,2,1
34,All,5,3,1,3,4,0,1,1
34,All,6,3,2,2,2,1,0,-1
34,All,6,3,2,3,2,0,1,1
34,All,6,3,2,3,7,1,1,0
34,All,7,2,2,1,2,0,1,1
34,All,8,2,3,1,2,1,0,-1
34,All,8,2,3,1,3,0,2,2
34,All,9,6,2,2,4,0,0,0
34,All,9,6,2,2,5,1,0,-1
34,All,9,6,2,4,2,1,0,-1
34,All,9,6,2,4,3,0,2,2
34,All,9,6,2,5,2,1,0,-1
34,All,9,6,2,5,3,0,2,2
34,All,9,6,2,5,4,1,2,1
34,All,9,6,2,5,5,2,2,0
34,All,9,6,2,5,6,2,3,1
34,All,9,6,2,5,7,3,3,0
34,All,9,6,2,5,8,3,4,1
34,All,9,6,2,6,3,1,0,-1
34,All,9,6,2,6,4,2,0,-2
34,All,10,4,2,1,2,0,0,0
34,All,10,4,2,1,3,1,0,-1
34,All,10,4,2,1,4,0,2,2
34,All,10,4,2,3,2,0,1,1
34,All,10,4,2,3,7,1,1,0
34,All,10,4,2,4,2,0,1,1
34,All,11,5,2,1,2,1,0,-1
34,All,12,2,4,2,2,0,1,1
34,All,13,4,3,1,4,0,0,0
34,All,13,4,3,1,6,1,0,-1
34,All,13,4,3,4,2,0,1,1
34,All,14,6,3,1,2,1,0,-1
34,All,14,6,3,1,4,2,0,-2
34,All,14,6,3,1,5,0,3,3
34,All,14,6,3,1,6,3,1,-2
34,All,14,6,3,1,7,4,1,-3
34,All,14,6,3,1,8,1,5,4
34,All,14,6,3,1,9,5,2,-3
34,All,14,6,3,1,13,6,2,-4
34,All,14,6,3,1,15,7,2,-5
34,All,14,6,3,2,3,0,0,0
34,All,14,6,3,3,2,0,1,1
34,All,14,6,3,3,3,1,1,0
34,All,14,6,3,3,4,2,1,-1
34,All,14,6,3,3,6,1,3,2
34,All,14,6,3,3,7,2,3,1
34,All,14,6,3,3,8,3,3,0
34,All,14,6,3,3,11,4,3,-1
34,All,14,6,3,4,3,0,0,0
34,All,14,6,3,5,3,1,0,-1
34,All,14,6,3,6,2,1,0,-1
34,All,14,6,3,6,3,2,0,-2
34,All,14,6,3,6,4,0,3,3
34,All,14,6,3,6,5,1,3,2
34,All,14,6,3,6,6,3,2,-1
34,All,14,6,3,6,7,2,4,2
34,All,14,6,3,6,8,4,3,-1
34,All,14,6,3,6,9,5,3,-2
34,All,15,5,3,1,3,0,0,0
34,All,15,5,3,1,4,0,1,1
34,All,15,5,3,1,5,1,1,0
34,All,15,5,3,2,2,1,0,-1
34,All,15,5,3,2,3,0,2,2
34,All,15,5,3,2,5,2,1,-1
34,All,15,5,3,4,2,0,1,1
34,All,15,5,3,4,9,1,1,0
34,All,16,3,3,1,3,0,1,1
34,All,16,3,3,2,2,0,1,1
34,All,16,3,3,2,3,1,1,0
34,All,16,3,3,3,3,0,0,0
34,All,17,3,4,1,2,0,1,1
34,All,17,3,4,1,4,1,1,0
34,All,18,2,5,2,2,0,1,1
36,All,1,5,1,1,5,0,0,0
36,All,1,5,1,1,6,1,0,-1
36,All,1,5,1,1,7,2,0,-2
36,All,1,5,1,1,8,3,0,-3
36,All,1,5,1,2,2,0,1,1
36,All,1,5,1,2,3,1,1,0
36,All,1,5,1,2,4,2,1,-1
36,All,1,5,1,2,6,1,3,2
36,All,1,5,1,2,7,2,3,1
36,All,1,5,1,2,8,3,3,0
36,All,1,5,1,2,9,3,4,1
36,All,1,5,1,2,12,4,4,0
36,All,1,5,1,2,13,5,4,-1
36,All,1,5,1,2,14,6,4,-2
36,All,1,5,1,3,2,0,1,1
36,All,1,5,1,3,9,1,1,0
36,All,1,5,1,4,3,1,0,-1
36,All,1,5,1,4,4,2,0,-2
36,All,1,5,1,4,6,0,3,3
36,All,1,5,1,4,7,3,1,-2
36,All,1,5,1,4,12,4,1,-3
36,All,1,5,1,5,2,0,1,1
36,All,1,5,1,5,4,1,1,0
36,All,1,5,1,5,6,1,2,1
36,All,2,3,1,1,7,0,0,0
36,All,2,3,1,2,2,1,0,-1
36,All,2,3,1,2,6,2,0,-2
36,All,2,3,1,3,2,0,1,1
36,All,2,3,1,3,3,1,1,0
36,All,2,3,1,3,6,1,2,1
36,All,3,4,1,1,2,0,0,0
36,All,3,4,1,1,7,1,0,-1
36,All,3,4,1,2,2,1,0,-1
36,All,3,4,1,2,4,2,0,-2
36,All,3,4,1,3,2,0,1,1
36,All,3,4,1,3,4,1,1,0
36,All,3,4,1,4,2,1,0,-1
36,All,4,2,1,1,5,0,0,0
36,All,4,2,1,2,2,1,0,-1
36,All,6,2,3,2,8,1,0,-1
36,All,7,6,1,2,2,0,0,0
36,All,7,6,1,2,5,1,0,-1
36,All,7,6,1,2,7,2,0,-2
36,All,7,6,1,3,2,1,0,-1
36,All,7,6,1,3,4,2,0,-2
36,All,7,6,1,5,2,1,0,-1
36,All,7,6,1,5,4,2,0,-2
36,All,7,6,1,5,7,3,0,-3
36,All,7,6,1,5,9,4,0,-4
36,All,8,3,2,1,2,0,0,0
36,All,8,3,2,2,3,1,0,-1
36,All,8,3,2,2,7,2,0,-2
36,All,8,3,2,3,2,0,0,0
36,All,9,5,2,1,2,0,1,1
36,All,9,5,2,1,4,1,1,0
36,All,9,5,2,1,5,2,1,-1
36,All,9,5,2,1,6,1,3,2
36,All,9,5,2,1,7,3,2,-1
36,All,9,5,2,1,13,4,2,-2
36,All,9,5,2,4,3,0,1,1
36,All,9,5,2,4,5,1,1,0
36,All,9,5,2,4,6,1,2,1
36,All,9,5,2,4,7,2,2,0
36,All,9,5,2,4,8,2,3,1
36,All,9,5,2,4,9,3,3,0
36,All,9,5,2,4,10,3,4,1
36,All,9,5,2,4,12,4,4,0
36,All,9,5,2,4,13,4,5,1
36,All,9,5,2,4,14,5,5,0
36,All,9,5,2,5,2,0,1,1
36,All,9,5,2,5,3,1,1,0
36,All,10,4,2,3,6,1,0,-1
36,All,10,4,2,4,2,0,1,1
36,All,11,6,2,1,7,0,0,0
36,All,11,6,2,2,2,0,1,1
36,All,11,6,2,2,3,1,1,0
36,All,11,6,2,2,6,2,1,-1
36,All,11,6,2,2,7,1,3,2
36,All,11,6,2,3,3,1,0,-1
36,All,11,6,2,3,4,2,0,-2
36,All,11,6,2,3,5,3,0,-3
36,All,11,6,2,3,6,0,4,4
36,All,11,6,2,3,9,1,4,3
36,All,11,6,2,3,11,4,2,-2
36,All,11,6,2,4,2,0,0,0
36,All,11,6,2,4,3,1,0,-1
36,All,11,6,2,4,4,2,0,-2
36,All,11,6,2,4,6,3,0,-3
36,All,11,6,2,4,11,4,0,-4
36,All,11,6,2,4,13,5,0,-5
36,All,11,6,2,4,15,6,0,-6
36,All,11,6,2,5,2,0,0,0
36,All,11,6,2,5,3,0,1,1
36,All,11,6,2,5,5,1,1,0
36,All,11,6,2,5,8,1,2,1
36,All,11,6,2,5,12,2,2,0
36,All,11,6,2,5,14,3,2,-1
36,All,11,6,2,6,2,1,0,-1
36,All,11,6,2,6,3,0,2,2
36,All,11,6,2,6,5,2,1,-1
36,All,11,6,2,6,6,1,3,2
36,All,11,6,2,6,10,2,3,1
36,All,12,5,3,1,2,1,0,-1
36,All,12,5,3,1,3,2,0,-2
36,All,12,5,3,1,4,0,3,3
36,All,12,5,3,3,3,0,1,1
36,All,12,5,3,3,5,1,1,0
36,All,12,5,3,3,6,1,2,1
36,All,12,5,3,4,4,0,1,1
36,All,12,5,3,4,7,1,1,0
36,All,13,3,3,3,2,0,1,1
36,All,13,3,3,3,7,1,1,0
36,All,14,4,3,2,2,0,1,1
36,All,14,4,3,2,3,1,1,0
36,All,14,4,3,2,4,2,1,-1
36,All,14,4,3,2,6,3,1,-2
36,All,14,4,3,4,2,0,1,1
36,All,14,4,3,4,3,1,1,0
36,All,15,2,4,1,2,0,0,0
36,All,15,2,4,2,2,1,0,-1
36,All,15,2,4,2,4,0,2,2
36,All,16,2,5,1,7,0,1,1
36,All,17,2,6,2,2,1,0,-1
36,All,18,6,3,2,2,0,1,1
36,All,18,6,3,2,3,1,1,0
36,All,18,6,3,2,4,1,2,1
36,All,18,6,3,2,5,2,2,0
36,All,18,6,3,3,3,1,0,-1
36,All,18,6,3,4,2,1,0,-1
36,All,18,6,3,4,3,0,2,2
36,All,18,6,3,4,4,2,1,-1
36,All,18,6,3,4,6,1,3,2
36,All,18,6,3,4,9,2,3,1
36,All,18,6,3,4,14,3,3,0
36,All,18,6,3,5,2,0,1,1
37,All,1,3,1,1,4,0,1,1
37,All,1,3,1,2,2,0,0,0
37,All,2,2,1,1,2,0,1,1
37,All,2,2,1,2,2,1,0,-1
37,All,3,5,1,2,3,0,0,0
37,All,3,5,1,2,5,1,0,-1
37,All,3,5,1,2,6,0,2,2
37,All,3,5,1,4,2,1,0,-1
37,All,3,5,1,4,3,2,0,-2
37,All,3,5,1,4,4,0,3,3
37,All,3,5,1,4,8,3,1,-2
37,All,4,2,2,2,2,0,1,1
37,All,4,2,2,2,3,1,1,0
37,All,4,2,2,2,4,1,2,1
37,All,5,4,1,2,2,0,1,1
37,All,5,4,1,3,7,0,1,1
37,All,5,4,1,4,3,1,0,-1
37,All,6,3,2,1,2,0,0,0
37,All,6,3,2,1,3,0,1,1
37,All,6,3,2,2,2,0,1,1
37,All,8,6,1,1,2,0,0,0
37,All,8,6,1,1,3,1,0,-1
37,All,8,6,1,1,4,0,2,2
37,All,8,6,1,2,5,0,0,0
37,All,8,6,1,2,7,1,0,-1
37,All,8,6,1,5,3,0,0,0
37,All,9,4,2,2,2,0,1,1
37,All,9,4,2,2,3,1,1,0
37,All,9,4,2,4,2,0,1,1
37,All,10,5,2,3,2,0,1,1
37,All,10,5,2,3,3,1,1,0
37,All,10,5,2,3,4,2,1,-1
37,All,10,5,2,4,2,1,0,-1
37,All,10,5,2,4,3,2,0,-2
37,All,10,5,2,4,4,3,0,-3
37,All,10,5,2,4,5,0,4,4
37,All,11,6,2,2,2,0,1,1
37,All,11,6,2,2,3,1,1,0
37,All,11,6,2,2,4,1,2,1
37,All,11,6,2,2,5,2,2,0
37,All,11,6,2,2,6,2,3,1
37,All,11,6,2,2,7,3,3,0
37,All,11,6,2,2,9,3,4,1
37,All,11,6,2,2,10,4,4,0
37,All,11,6,2,2,11,4,5,1
37,All,11,6,2,2,12,5,5,0
37,All,11,6,2,2,13,5,6,1
37,All,11,6,2,3,2,1,0,-1
37,All,11,6,2,3,3,0,2,2
37,All,11,6,2,3,4,1,2,1
37,All,11,6,2,3,5,2,2,0
37,All,11,6,2,3,7,2,3,1
37,All,11,6,2,3,8,3,3,0
37,All,11,6,2,3,9,3,4,1
37,All,11,6,2,3,10,4,4,0
37,All,11,6,2,6,2,1,0,-1
37,All,11,6,2,6,5,0,2,2
37,All,11,6,2,6,7,1,2,1
37,All,11,6,2,6,10,2,2,0
37,All,12,3,3,1,2,0,0,0
37,All,13,2,4,2,2,0,1,1
37,All,14,5,3,3,2,0,1,1
37,All,14,5,3,3,3,1,1,0
37,All,14,5,3,3,4,1,2,1
37,All,14,5,3,3,5,2,2,0
37,All,14,5,3,3,6,2,3,1
37,All,14,5,3,4,2,0,1,1
37,All,14,5,3,4,3,1,1,0
37,All,14,5,3,4,5,2,1,-1
37,All,14,5,3,4,10,1,3,2
37,All,14,5,3,5,2,0,1,1
37,All,14,5,3,5,3,1,1,0
37,All,16,4,3,4,2,0,1,1
37,All,16,4,3,4,3,1,1,0
37,All,17,3,4,1,2,0,1,1
37,All,18,2,6,2,2,0,1,1
37,All,18,2,6,2,8,1,1,0
38,All,1,2,1,1,4,0,0,0
38,All,1,2,1,2,2,0,1,1
38,All,2,2,2,1,2,0,1,1
38,All,3,3,1,1,2,0,1,1
38,All,4,3,2,2,2,1,0,-1
38,All,4,3,2,2,3,0,2,2
38,All,4,3,2,3,2,0,1,1
38,All,4,3,2,3,3,1,1,0
38,All,5,5,1,4,2,0,1,1
38,All,5,5,1,4,3,1,1,0
38,All,5,5,1,4,5,2,1,-1
38,All,5,5,1,4,7,3,1,-2
38,All,5,5,1,5,2,1,0,-1
38,All,6,6,1,2,3,0,1,1
38,All,6,6,1,2,4,1,1,0
38,All,6,6,1,4,2,0,1,1
38,All,6,6,1,4,4,1,1,0
38,All,6,6,1,5,2,0,1,1
38,All,6,6,1,5,3,1,1,0
38,All,6,6,1,6,2,0,1,1
38,All,6,6,1,6,3,1,1,0
38,All,7,4,1,3,2,0,1,1
38,All,7,4,1,4,2,0,1,1
38,All,7,4,1,4,4,1,1,0
38,All,8,2,3,1,7,0,0,0
38,All,8,2,3,2,2,0,1,1
38,All,9,5,2,1,5,0,1,1
38,All,9,5,2,3,2,0,1,1
38,All,9,5,2,4,2,0,1,1
38,All,9,5,2,4,3,1,1,0
38,All,9,5,2,4,4,1,2,1
38,All,9,5,2,4,5,2,2,0
38,All,9,5,2,5,2,0,1,1
38,All,10,6,2,1,2,0,1,1
38,All,10,6,2,1,9,1,1,0
38,All,10,6,2,3,2,0,0,0
38,All,10,6,2,3,3,0,1,1
38,All,10,6,2,5,2,0,1,1
38,All,10,6,2,5,3,1,1,0
38,All,10,6,2,6,2,0,1,1
38,All,11,4,2,4,2,1,0,-1
38,All,11,4,2,4,3,0,2,2
38,All,12,2,4,2,2,0,1,1
38,All,13,2,5,1,7,0,0,0
38,All,13,2,5,2,2,0,1,1
38,All,14,3,3,1,7,0,1,1
38,All,15,3,4,2,3,0,0,0
38,All,16,5,3,2,2,1,0,-1
38,All,16,5,3,2,4,2,0,-2
38,All,16,5,3,3,3,1,0,-1
38,All,16,5,3,3,8,2,0,-2
38,All,16,5,3,5,2,0,1,1
38,All,16,5,3,5,3,1,1,0
38,All,17,6,3,2,6,1,0,-1
38,All,17,6,3,4,3,0,1,1
38,All,17,6,3,5,2,0,1,1
38,All,17,6,3,6,2,0,1,1
38,All,17,6,3,6,3,1,1,0
38,All,17,6,3,6,4,2,1,-1
39,All,1,2,1,2,2,0,1,1
39,All,1,2,1,2,3,1,1,0
39,All,3,2,2,1,2,0,0,0
39,All,3,2,2,1,3,0,1,1
39,All,4,6,1,1,3,0,0,0
39,All,4,6,1,1,4,0,1,1
39,All,4,6,1,1,5,1,1,0
39,All,4,6,1,3,2,0,0,0
39,All,4,6,1,3,3,1,0,-1
39,All,4,6,1,3,4,2,0,-2
39,All,4,6,1,6,2,1,0,-1
39,All,4,6,1,6,3,2,0,-2
39,All,5,3,2,1,2,1,0,-1
39,All,5,3,2,1,3,0,2,2
39,All,5,3,2,3,2,0,0,0
39,All,5,3,2,3,3,1,0,-1
39,All,6,2,3,1,2,0,0,0
39,All,6,2,3,1,5,0,1,1
39,All,6,2,3,2,2,0,1,1
39,All,6,2,3,2,3,1,1,0
39,All,6,2,3,2,6,1,2,1
39,All,6,2,3,2,9,2,2,0
39,All,7,5,1,1,7,0,0,0
39,All,7,5,1,2,2,1,0,-1
39,All,7,5,1,2,3,0,2,2
39,All,7,5,1,2,6,1,2,1
39,All,7,5,1,2,8,2,2,0
39,All,7,5,1,3,2,0,1,1
39,All,7,5,1,3,4,1,1,0
39,All,7,5,1,3,5,1,2,1
39,All,7,5,1,3,10,2,2,0
39,All,7,5,1,3,13,3,2,-1
39,All,7,5,1,4,5,0,1,1
39,All,7,5,1,4,12,1,1,0
39,All,7,5,1,5,2,1,0,-1
39,All,7,5,1,5,3,0,2,2
39,All,7,5,1,5,6,1,2,1
39,All,7,5,1,5,10,2,2,0
39,All,7,5,1,5,12,3,2,-1
39,All,8,4,1,1,2,0,1,1
39,All,8,4,1,1,3,1,1,0
39,All,8,4,1,1,8,1,2,1
39,All,8,4,1,2,3,0,1,1
39,All,8,4,1,2,6,1,1,0
39,All,8,4,1,2,7,1,2,1
39,All,8,4,1,3,2,0,1,1
39,All,8,4,1,4,3,0,0,0
39,All,9,6,2,1,13,0,1,1
39,All,9,6,2,2,3,0,1,1
39,All,9,6,2,2,4,1,1,0
39,All,9,6,2,2,6,1,2,1
39,All,9,6,2,2,7,2,2,0
39,All,9,6,2,2,8,2,3,1
39,All,9,6,2,2,9,3,3,0
39,All,9,6,2,2,10,4,3,-1
39,All,9,6,2,2,12,5,3,-2
39,All,9,6,2,2,13,6,3,-3
39,All,9,6,2,2,15,7,3,-4
39,All,9,6,2,3,3,0,0,0
39,All,9,6,2,3,4,0,1,1
39,All,9,6,2,4,2,0,1,1
39,All,9,6,2,4,3,1,1,0
39,All,9,6,2,4,4,1,2,1
39,All,9,6,2,4,5,2,2,0
39,All,9,6,2,4,6,3,2,-1
39,All,9,6,2,5,3,0,0,0
39,All,9,6,2,5,12,1,0,-1
39,All,9,6,2,6,2,0,1,1
39,All,9,6,2,6,3,1,1,0
39,All,9,6,2,6,4,1,2,1
39,All,9,6,2,6,8,2,2,0
39,All,9,6,2,6,9,3,2,-1
39,All,9,6,2,6,11,2,4,2
39,All,9,6,2,6,12,3,4,1
39,All,9,6,2,6,14,4,4,0
39,All,9,6,2,6,15,5,4,-1
39,All,10,4,2,1,10,0,0,0
39,All,10,4,2,1,14,1,0,-1
39,All,10,4,2,1,15,2,0,-2
39,All,10,4,2,2,2,0,1,1
39,All,10,4,2,2,3,1,1,0
39,All,10,4,2,2,4,1,2,1
39,All,10,4,2,2,5,2,2,0
39,All,10,4,2,4,2,0,1,1
39,All,10,4,2,4,3,1,1,0
39,All,10,4,2,4,4,2,1,-1
39,All,10,4,2,4,5,1,3,2
39,All,10,4,2,4,6,3,2,-1
39,All,10,4,2,4,7,2,4,2
39,All,10,4,2,4,8,4,3,-1
39,All,10,4,2,4,11,5,3,-2
39,All,10,4,2,4,12,6,3,-3
39,All,10,4,2,4,14,7,3,-4
39,All,11,5,2,1,10,1,0,-1
39,All,11,5,2,2,6,0,0,0
39,All,11,5,2,2,7,0,1,1
39,All,11,5,2,2,8,1,1,0
39,All,11,5,2,2,9,2,1,-1
39,All,11,5,2,2,10,3,1,-2
39,All,11,5,2,2,12,4,1,-3
39,All,11,5,2,2,13,5,1,-4
39,All,11,5,2,2,14,6,1,-5
39,All,11,5,2,2,15,7,1,-6
39,All,11,5,2,3,2,1,0,-1
39,All,11,5,2,3,8,2,0,-2
39,All,11,5,2,3,13,0,3,3
39,All,11,5,2,4,2,0,0,0
39,All,11,5,2,4,3,1,0,-1
39,All,11,5,2,4,6,0,2,2
39,All,11,5,2,4,10,1,2,1
39,All,11,5,2,4,11,2,2,0
39,All,11,5,2,4,12,3,2,-1
39,All,11,5,2,4,13,2,4,2
39,All,11,5,2,5,7,0,1,1
39,All,11,5,2,5,9,1,1,0
39,All,11,5,2,5,12,2,1,-1
39,All,11,5,2,5,13,3,1,-2
39,All,11,5,2,5,14,1,4,3
39,All,11,5,2,5,15,2,4,2
39,All,12,2,4,1,5,0,0,0
39,All,13,3,3,1,12,0,1,1
39,All,14,2,5,2,2,0,1,1
39,All,14,2,5,2,6,1,1,0
39,All,15,6,3,1,2,0,1,1
39,All,15,6,3,1,3,1,1,0
39,All,15,6,3,1,4,1,2,1
39,All,15,6,3,1,7,2,2,0
39,All,15,6,3,2,2,0,0,0
39,All,15,6,3,2,5,0,1,1
39,All,15,6,3,2,6,1,1,0
39,All,15,6,3,2,9,2,1,-1
39,All,15,6,3,2,10,3,1,-2
39,All,15,6,3,2,11,4,1,-3
39,All,15,6,3,3,2,0,0,0
39,All,15,6,3,3,4,0,1,1
39,All,15,6,3,4,2,1,0,-1
39,All,15,6,3,4,3,0,2,2
39,All,15,6,3,4,4,2,1,-1
39,All,15,6,3,4,5,1,3,2
39,All,15,6,3,4,6,2,3,1
39,All,15,6,3,4,7,3,3,0
39,All,15,6,3,4,8,4,3,-1
39,All,15,6,3,4,9,5,3,-2
39,All,15,6,3,4,10,3,6,3
39,All,15,6,3,4,12,6,4,-2
39,All,15,6,3,4,14,4,7,3
39,All,15,6,3,5,2,1,0,-1
39,All,15,6,3,5,3,2,0,-2
39,All,15,6,3,5,4,3,0,-3
39,All,15,6,3,5,5,0,4,4
39,All,16,3,4,2,2,0,1,1
39,All,16,3,4,2,3,1,1,0
39,All,16,3,4,2,4,2,1,-1
39,All,16,3,4,3,2,0,1,1
39,All,16,3,4,3,3,1,1,0
39,All,17,2,6,2,5,0,0,0
39,All,18,5,3,1,4,1,0,-1
39,All,18,5,3,1,5,0,2,2
39,All,18,5,3,1,13,1,2,1
39,All,18,5,3,3,2,0,0,0
39,All,18,5,3,3,5,0,1,1
39,All,18,5,3,3,6,1,1,0
39,All,18,5,3,3,7,2,1,-1
39,All,18,5,3,3,8,1,3,2
39,All,18,5,3,4,3,0,0,0
39,All,18,5,3,4,4,0,1,1
39,All,18,5,3,4,5,1,1,0
39,All,18,5,3,4,6,1,2,1
39,All,18,5,3,4,7,2,2,0
39,All,18,5,3,4,8,2,3,1
39,All,18,5,3,4,9,3,3,0
39,All,18,5,3,4,10,4,3,-1
40,All,1,3,1,3,2,0,1,1
40,All,2,6,1,1,2,1,0,-1
40,All,2,6,1,1,3,0,2,2
40,All,2,6,1,1,4,1,2,1
40,All,2,6,1,1,5,2,2,0
40,All,2,6,1,1,6,3,2,-1
40,All,2,6,1,3,2,0,0,0
40,All,2,6,1,3,11,1,0,-1
40,All,2,6,1,4,2,0,1,1
40,All,2,6,1,4,3,1,1,0
40,All,2,6,1,4,4,1,2,1
40,All,2,6,1,4,6,2,2,0
40,All,2,6,1,4,7,2,3,1
40,All,2,6,1,5,2,1,0,-1
40,All,2,6,1,5,4,0,2,2
40,All,2,6,1,5,5,2,1,-1
40,All,2,6,1,5,6,1,3,2
40,All,2,6,1,5,7,3,2,-1
40,All,2,6,1,5,8,4,2,-2
40,All,2,6,1,5,9,5,2,-3
40,All,2,6,1,6,2,0,1,1
40,All,4,2,2,1,2,0,1,1
40,All,5,2,3,1,2,0,1,1
40,All,6,4,1,1,2,0,1,1
40,All,6,4,1,4,2,0,1,1
40,All,7,3,2,1,2,0,1,1
40,All,7,3,2,3,9,0,1,1
40,All,8,5,1,1,3,0,1,1
40,All,8,5,1,2,2,0,1,1
40,All,8,5,1,2,3,1,1,0
40,All,8,5,1,2,6,1,2,1
40,All,8,5,1,2,7,2,2,0
40,All,8,5,1,5,3,1,0,-1
40,All,8,5,1,5,4,0,2,2
40,All,8,5,1,5,5,1,2,1
40,All,8,5,1,5,6,2,2,0
40,All,8,5,1,5,7,3,2,-1
40,All,8,5,1,5,8,2,4,2
40,All,9,6,2,1,3,1,0,-1
40,All,9,6,2,2,2,0,1,1
40,All,9,6,2,2,3,1,1,0
40,All,9,6,2,2,4,2,1,-1
40,All,9,6,2,3,3,0,0,0
40,All,9,6,2,3,4,1,0,-1
40,All,9,6,2,3,5,2,0,-2
40,All,9,6,2,3,6,3,0,-3
40,All,9,6,2,4,2,1,0,-1
40,All,9,6,2,4,8,2,0,-2
40,All,9,6,2,4,9,0,3,3
40,All,9,6,2,4,10,3,1,-2
40,All,9,6,2,5,3,0,1,1
40,All,9,6,2,5,5,1,1,0
40,All,9,6,2,5,6,2,1,-1
40,All,9,6,2,5,7,1,3,2
40,All,9,6,2,5,8,3,2,-1
40,All,9,6,2,6,3,0,1,1
40,All,9,6,2,6,5,1,1,0
40,All,9,6,2,6,6,1,2,1
40,All,9,6,2,6,7,2,2,0
40,All,9,6,2,6,9,2,3,1
40,All,10,5,2,3,3,0,1,1
40,All,10,5,2,3,5,1,1,0
40,All,10,5,2,3,6,1,2,1
40,All,10,5,2,4,2,1,0,-1
40,All,11,4,2,1,2,0,1,1
40,All,11,4,2,3,2,0,1,1
40,All,11,4,2,3,3,1,1,0
40,All,11,4,2,4,8,1,0,-1
40,All,12,3,3,1,2,0,1,1
40,All,13,6,3,1,2,0,1,1
40,All,13,6,3,2,2,0,1,1
40,All,13,6,3,5,9,1,0,-1
40,All,13,6,3,6,4,1,0,-1
40,All,16,2,6,2,3,0,0,0
40,All,17,4,3,1,2,0,1,1
40,All,17,4,3,2,2,0,1,1
40,All,17,4,3,3,2,1,0,-1
40,All,17,4,3,3,3,0,2,2
40,All,18,3,4,2,2,0,1,1
41,All,1,3,1,1,9,0,0,0
41,All,1,3,1,2,2,0,1,1
41,All,1,3,1,2,4,1,1,0
41,All,1,3,1,3,2,0,0,0
41,All,1,3,1,3,3,0,1,1
41,All,2,2,1,1,2,0,0,0
41,All,2,2,1,1,3,0,1,1
41,All,2,2,1,1,8,1,1,0
41,All,2,2,1,1,9,2,1,-1
41,All,2,2,1,2,2,0,1,1
41,All,3,6,1,1,2,0,1,1
41,All,3,6,1,1,3,1,1,0
41,All,3,6,1,1,8,2,1,-1
41,All,3,6,1,1,10,3,1,-2
41,All,3,6,1,1,12,1,4,3
41,All,3,6,1,3,2,0,0,0
41,All,3,6,1,3,3,1,0,-1
41,All,3,6,1,3,4,2,0,-2
41,All,3,6,1,3,5,0,3,3
41,All,3,6,1,4,2,1,0,-1
41,All,3,6,1,4,3,2,0,-2
41,All,3,6,1,4,4,0,3,3
41,All,3,6,1,4,7,3,1,-2
41,All,3,6,1,4,8,1,4,3
41,All,3,6,1,4,9,4,2,-2
41,All,3,6,1,5,2,1,0,-1
41,All,3,6,1,5,3,2,0,-2
41,All,3,6,1,5,4,0,3,3
41,All,3,6,1,5,5,3,1,-2
41,All,3,6,1,5,7,1,4,3
41,All,3,6,1,5,8,2,4,2
41,All,3,6,1,5,9,4,3,-1
41,All,3,6,1,5,10,3,5,2
41,All,3,6,1,5,12,5,4,-1
41,All,3,6,1,6,14,0,0,0
41,All,4,2,2,2,2,0,1,1
41,All,5,5,1,1,4,0,0,0
41,All,5,5,1,1,5,0,1,1
41,All,5,5,1,1,6,1,1,0
41,All,5,5,1,1,7,2,1,-1
41,All,5,5,1,1,8,3,1,-2
41,All,5,5,1,1,9,4,1,-3
41,All,5,5,1,1,10,1,5,4
41,All,5,5,1,1,11,2,5,3
41,All,5,5,1,1,12,5,3,-2
41,All,5,5,1,1,13,6,3,-3
41,All,5,5,1,1,14,3,7,4
41,All,5,5,1,1,15,4,7,3
41,All,5,5,1,2,2,1,0,-1
41,All,5,5,1,3,2,1,0,-1
41,All,5,5,1,3,3,2,0,-2
41,All,5,5,1,3,5,3,0,-3
41,All,5,5,1,3,7,4,0,-4
41,All,5,5,1,3,8,5,0,-5
41,All,5,5,1,3,12,0,6,6
41,All,5,5,1,3,13,6,1,-5
41,All,5,5,1,3,14,1,7,6
41,All,5,5,1,4,3,1,0,-1
41,All,5,5,1,4,4,0,2,2
41,All,5,5,1,4,5,2,1,-1
41,All,5,5,1,4,6,3,1,-2
41,All,5,5,1,4,7,1,4,3
41,All,5,5,1,4,10,2,4,2
41,All,5,5,1,4,11,3,4,1
41,All,5,5,1,5,2,0,0,0
41,All,5,5,1,5,3,1,0,-1
41,All,5,5,1,5,5,2,0,-2
41,All,5,5,1,5,7,0,3,3
41,All,5,5,1,5,13,1,3,2
41,All,6,3,2,2,2,1,0,-1
41,All,6,3,2,3,2,0,0,0
41,All,6,3,2,3,3,1,0,-1
41,All,7,2,3,2,2,0,1,1
41,All,8,4,1,1,8,0,0,0
41,All,8,4,1,4,2,0,1,1
41,All,9,6,2,1,4,1,0,-1
41,All,9,6,2,4,2,0,1,1
41,All,9,6,2,4,3,1,1,0
41,All,9,6,2,4,4,2,1,-1
41,All,9,6,2,4,5,1,3,2
41,All,9,6,2,4,9,2,3,1
41,All,9,6,2,5,2,0,1,1
41,All,9,6,2,5,3,1,1,0
41,All,9,6,2,5,4,1,2,1
41,All,9,6,2,5,6,2,2,0
41,All,9,6,2,5,7,3,2,-1
41,All,10,5,2,1,3,0,1,1
41,All,10,5,2,1,4,1,1,0
41,All,10,5,2,1,5,2,1,-1
41,All,10,5,2,1,6,3,1,-2
41,All,10,5,2,1,7,1,4,3
41,All,10,5,2,1,9,2,4,2
41,All,10,5,2,3,2,0,1,1
41,All,10,5,2,3,3,1,1,0
41,All,10,5,2,4,2,1,0,-1
41,All,10,5,2,4,3,2,0,-2
41,All,10,5,2,4,4,0,3,3
41,All,10,5,2,5,2,0,0,0
41,All,10,5,2,5,4,1,0,-1
41,All,10,5,2,5,5,2,0,-2
41,All,10,5,2,5,7,3,0,-3
41,All,11,4,2,2,2,0,0,0
41,All,11,4,2,2,3,0,1,1
41,All,11,4,2,2,4,1,1,0
41,All,11,4,2,2,5,1,2,1
41,All,11,4,2,3,2,1,0,-1
41,All,11,4,2,3,4,0,2,2
41,All,11,4,2,3,6,1,2,1
41,All,11,4,2,3,8,2,2,0
41,All,12,3,3,2,2,1,0,-1
41,All,14,6,3,1,3,0,0,0
41,All,14,6,3,3,2,0,1,1
41,All,14,6,3,3,3,1,1,0
41,All,14,6,3,4,2,0,1,1
41,All,14,6,3,4,3,1,1,0
41,All,14,6,3,4,4,1,2,1
41,All,14,6,3,4,5,2,2,0
41,All,14,6,3,4,7,2,3,1
41,All,14,6,3,5,2,0,0,0
41,All,14,6,3,5,3,1,0,-1
41,All,14,6,3,5,4,2,0,-2
41,All,14,6,3,5,5,3,0,-3
41,All,14,6,3,5,6,4,0,-4
41,All,14,6,3,6,3,0,0,0
41,All,14,6,3,6,10,0,1,1
41,All,16,5,3,1,2,0,1,1
41,All,16,5,3,1,3,1,1,0
41,All,16,5,3,1,4,2,1,-1
41,All,16,5,3,1,5,1,3,2
41,All,16,5,3,1,9,2,3,1
41,All,16,5,3,2,2,1,0,-1
41,All,16,5,3,2,3,2,0,-2
41,All,16,5,3,2,4,3,0,-3
41,All,16,5,3,2,5,0,4,4
41,All,16,5,3,3,2,1,0,-1
41,All,16,5,3,3,3,2,0,-2
41,All,16,5,3,3,4,0,3,3
41,All,16,5,3,3,9,3,1,-2
41,All,16,5,3,5,3,0,0,0
41,All,17,3,4,1,6,1,0,-1
41,All,18,2,6,2,9,1,0,-1
42,All,1,2,1,1,3,1,0,-1
42,All,1,2,1,2,3,0,0,0
42,All,1,2,1,2,7,1,0,-1
42,All,2,2,2,1,2,0,1,1
42,All,2,2,2,2,2,0,1,1
42,All,3,3,1,1,2,0,1,1
42,All,3,3,1,3,9,0,1,1
42,All,4,3,2,1,2,1,0,-1
42,All,5,6,1,1,2,0,1,1
42,All,5,6,1,1,3,1,1,0
42,All,5,6,1,1,4,1,2,1
42,All,5,6,1,1,5,2,2,0
42,All,5,6,1,3,3,0,1,1
42,All,5,6,1,3,10,1,1,0
42,All,5,6,1,4,4,1,0,-1
42,All,5,6,1,4,5,2,0,-2
42,All,5,6,1,4,6,3,0,-3
42,All,5,6,1,4,9,0,4,4
42,All,5,6,1,4,10,1,4,3
42,All,5,6,1,5,2,1,0,-1
42,All,5,6,1,5,3,2,0,-2
42,All,5,6,1,5,4,0,3,3
42,All,5,6,1,5,5,1,3,2
42,All,5,6,1,5,7,3,2,-1
42,All,5,6,1,5,9,2,4,2
42,All,5,6,1,5,10,3,4,1
42,All,5,6,1,5,11,4,4,0
42,All,6,4,1,1,2,0,1,1
42,All,6,4,1,1,3,1,1,0
42,All,6,4,1,2,2,0,1,1
42,All,6,4,1,3,2,0,1,1
42,All,6,4,1,3,3,1,1,0
42,All,6,4,1,3,4,1,2,1
42,All,7,5,1,2,2,0,1,1
42,All,7,5,1,4,2,0,1,1
42,All,7,5,1,4,3,1,1,0
42,All,7,5,1,4,4,2,1,-1
42,All,7,5,1,5,3,0,0,0
42,All,8,2,3,1,2,0,1,1
42,All,8,2,3,1,5,1,1,0
42,All,8,2,3,2,6,0,0,0
42,All,9,4,2,2,6,0,1,1
42,All,9,4,2,3,2,0,1,1
42,All,9,4,2,4,3,0,0,0
42,All,10,6,2,2,2,0,1,1
42,All,10,6,2,2,3,1,1,0
42,All,10,6,2,2,4,2,1,-1
42,All,10,6,2,2,5,1,3,2
42,All,10,6,2,4,2,1,0,-1
42,All,10,6,2,4,3,0,2,2
42,All,10,6,2,4,4,1,2,1
42,All,10,6,2,4,5,2,2,0
42,All,10,6,2,5,2,0,0,0
42,All,10,6,2,5,3,0,1,1
42,All,10,6,2,5,4,1,1,0
42,All,11,5,2,3,2,0,1,1
42,All,11,5,2,3,3,1,1,0
42,All,11,5,2,3,4,2,1,-1
42,All,11,5,2,3,5,1,3,2
42,All,11,5,2,3,10,3,2,-1
42,All,11,5,2,4,6,0,0,0
42,All,11,5,2,5,2,0,1,1
42,All,11,5,2,5,3,1,1,0
42,All,11,5,2,5,4,1,2,1
42,All,11,5,2,5,6,2,2,0
42,All,11,5,2,5,7,2,3,1
42,All,12,2,4,1,8,0,0,0
42,All,12,2,4,2,3,0,0,0
42,All,14,3,3,2,2,0,1,1
42,All,16,6,3,2,2,0,1,1
42,All,16,6,3,3,2,0,0,0
42,All,16,6,3,3,7,1,0,-1
42,All,17,4,3,1,6,0,0,0
42,All,17,4,3,2,3,0,1,1
42,All,17,4,3,4,2,0,1,1
42,All,18,5,3,1,2,0,1,1
42,All,18,5,3,4,2,1,0,-1
42,All,18,5,3,4,3,2,0,-2
42,All,18,5,3,4,4,0,3,3
42,All,18,5,3,5,3,0,1,1
43,All,1,2,1,2,2,0,1,1
43,All,2,3,1,1,6,0,1,1
43,All,2,3,1,2,2,0,1,1
43,All,2,3,1,3,2,1,0,-1
43,All,2,3,1,3,3,2,0,-2
43,All,2,3,1,3,4,0,3,3
43,All,6,2,3,2,2,0,1,1
43,All,7,6,1,1,2,0,1,1
43,All,7,6,1,2,2,0,0,0
43,All,7,6,1,2,3,0,1,1
43,All,7,6,1,2,4,1,1,0
43,All,7,6,1,2,5,2,1,-1
43,All,7,6,1,2,6,1,3,2
43,All,7,6,1,2,11,3,2,-1
43,All,7,6,1,3,3,0,0,0
43,All,7,6,1,5,2,1,0,-1
43,All,7,6,1,5,3,0,2,2
43,All,7,6,1,6,2,0,1,1
43,All,7,6,1,6,3,1,1,0
43,All,7,6,1,6,5,1,2,1
43,All,7,6,1,6,6,2,2,0
43,All,8,5,1,1,2,0,1,1
43,All,8,5,1,1,3,1,1,0
43,All,8,5,1,2,12,0,1,1
43,All,8,5,1,3,2,0,1,1
43,All,8,5,1,3,3,1,1,0
43,All,8,5,1,3,4,2,1,-1
43,All,8,5,1,3,6,3,1,-2
43,All,8,5,1,4,2,0,1,1
43,All,8,5,1,5,2,0,1,1
43,All,8,5,1,5,6,1,1,0
43,All,8,5,1,5,9,2,1,-1
43,All,9,4,2,3,2,0,1,1
43,All,9,4,2,4,2,0,1,1
43,All,10,6,2,2,4,0,1,1
43,All,10,6,2,3,2,1,0,-1
43,All,10,6,2,3,4,0,2,2
43,All,10,6,2,4,4,0,1,1
43,All,10,6,2,4,9,1,1,0
43,All,10,6,2,5,2,0,1,1
43,All,10,6,2,6,2,0,1,1
43,All,10,6,2,6,3,1,1,0
43,All,10,6,2,6,4,2,1,-1
43,All,10,6,2,6,5,3,1,-2
43,All,11,5,2,1,5,0,0,0
43,All,11,5,2,2,3,0,0,0
43,All,11,5,2,3,4,0,1,1
43,All,11,5,2,4,4,0,0,0
43,All,11,5,2,5,2,0,1,1
43,All,12,2,4,2,2,0,1,1
43,All,13,3,3,3,2,0,1,1
43,All,13,3,3,3,3,1,1,0
43,All,13,3,3,3,6,2,1,-1
43,All,14,2,5,1,7,0,0,0
43,All,15,4,3,1,6,0,0,0
43,All,15,4,3,2,2,1,0,-1
43,All,15,4,3,2,3,0,2,2
43,All,15,4,3,4,2,1,0,-1
43,All,15,4,3,4,3,0,2,2
43,All,16,3,4,2,2,0,1,1
43,All,17,2,6,2,2,0,1,1
43,All,17,2,6,2,5,1,1,0
43,All,18,6,3,1,3,0,0,0
43,All,18,6,3,1,4,1,0,-1
43,All,18,6,3,1,5,0,2,2
43,All,18,6,3,3,3,0,1,1
43,All,18,6,3,4,3,0,0,0
43,All,18,6,3,4,4,1,0,-1
43,All,18,6,3,4,5,2,0,-2
43,All,18,6,3,4,6,0,3,3
43,All,18,6,3,4,8,1,3,2
43,All,18,6,3,5,2,0,1,1
43,All,18,6,3,5,3,1,1,0
43,All,18,6,3,5,4,1,2,1
43,All,18,6,3,6,8,0,1,1
44,All,1,3,1,1,6,0,1,1
44,All,1,3,1,2,2,0,1,1
44,All,4,2,2,2,2,0,1,1
44,All,6,5,1,1,2,0,1,1
44,All,6,5,1,3,4,1,0,-1
44,All,6,5,1,5,2,0,1,1
44,All,6,5,1,5,3,1,1,0
44,All,6,5,1,5,4,1,2,1
44,All,8,6,1,1,5,0,1,1
44,All,8,6,1,2,2,0,1,1
44,All,8,6,1,3,7,1,0,-1
44,All,8,6,1,5,2,0,1,1
44,All,8,6,1,5,3,1,1,0
44,All,8,6,1,5,4,1,2,1
44,All,8,6,1,6,3,0,1,1
44,All,9,4,2,1,8,0,0,0
44,All,9,4,2,2,2,0,1,1
44,All,11,5,2,3,2,0,1,1
44,All,11,5,2,4,2,0,1,1
44,All,12,3,3,2,2,0,1,1
44,All,13,4,3,1,2,0,1,1
44,All,15,2,5,2,2,0,1,1
44,All,16,2,6,1,2,0,1,1
44,All,17,5,3,1,2,0,1,1
44,All,17,5,3,2,2,0,1,1
45,All,1,4,1,2,3,0,1,1
45,All,1,4,1,2,5,1,1,0
45,All,1,4,1,2,6,1,2,1
45,All,1,4,1,3,3,1,0,-1
45,All,2,2,1,1,2,0,1,1
45,All,3,3,1,2,2,0,1,1
45,All,4,5,1,3,2,1,0,-1
45,All,4,5,1,3,3,2,0,-2
45,All,4,5,1,3,4,0,3,3
45,All,4,5,1,4,2,1,0,-1
45,All,4,5,1,4,3,2,0,-2
45,All,4,5,1,4,5,0,3,3
45,All,6,6,1,1,3,0,0,0
45,All,6,6,1,2,3,0,1,1
45,All,6,6,1,3,2,0,1,1
45,All,6,6,1,4,2,0,1,1
45,All,6,6,1,4,5,1,1,0
45,All,6,6,1,4,6,1,2,1
45,All,6,6,1,5,3,0,0,0
45,All,6,6,1,5,4,1,0,-1
45,All,6,6,1,5,5,2,0,-2
45,All,7,2,3,1,5,1,0,-1
45,All,7,2,3,2,8,0,0,0
45,All,8,3,2,1,5,1,0,-1
45,All,8,3,2,2,2,0,1,1
45,All,8,3,2,3,3,0,0,0
45,All,10,4,2,1,3,1,0,-1
45,All,10,4,2,1,6,2,0,-2
45,All,10,4,2,2,4,1,0,-1
45,All,10,4,2,2,6,0,2,2
45,All,10,4,2,3,3,0,0,0
45,All,10,4,2,3,4,1,0,-1
45,All,10,4,2,3,5,2,0,-2
45,All,10,4,2,4,4,0,0,0
45,All,10,4,2,4,5,0,1,1
45,All,11,6,2,1,4,1,0,-1
45,All,11,6,2,2,2,1,0,-1
45,All,11,6,2,2,3,0,2,2
45,All,11,6,2,2,5,1,2,1
45,All,11,6,2,2,6,2,2,0
45,All,11,6,2,3,2,0,0,0
45,All,11,6,2,3,3,0,1,1
45,All,11,6,2,3,4,1,1,0
45,All,11,6,2,3,5,2,1,-1
45,All,11,6,2,3,6,1,3,2
45,All,11,6,2,4,2,0,1,1
45,All,12,4,3,1,3,0,1,1
45,All,12,4,3,2,2,0,1,1
45,All,12,4,3,3,2,0,1,1
45,All,12,4,3,4,2,0,1,1
45,All,13,2,4,1,2,0,1,1
45,All,14,3,3,3,2,0,1,1
45,All,15,5,3,1,3,0,1,1
45,All,15,5,3,2,2,0,1,1
45,All,16,2,5,1,2,0,1,1
45,All,17,6,3,1,8,0,0,0
45,All,17,6,3,2,2,0,1,1
45,All,17,6,3,2,3,1,1,0
45,All,17,6,3,3,2,1,0,-1
45,All,17,6,3,4,2,0,1,1
45,All,17,6,3,4,3,1,1,0
45,All,17,6,3,6,2,0,0,0
46,All,1,2,1,1,2,0,0,0
46,All,1,2,1,1,3,0,1,1
46,All,1,2,1,1,4,1,1,0
46,All,2,5,1,1,2,0,1,1
46,All,2,5,1,1,3,1,1,0
46,All,2,5,1,2,2,1,0,-1
46,All,2,5,1,4,2,1,0,-1
46,All,2,5,1,4,3,0,2,2
46,All,2,5,1,5,2,0,1,1
46,All,2,5,1,5,4,1,1,0
46,All,2,5,1,5,8,2,1,-1
46,All,3,4,1,2,2,0,1,1
46,All,3,4,1,2,3,1,1,0
46,All,3,4,1,2,4,1,2,1
46,All,3,4,1,2,5,2,2,0
46,All,3,4,1,2,6,2,3,1
46,All,3,4,1,2,7,3,3,0
46,All,3,4,1,3,2,0,1,1
46,All,3,4,1,3,5,1,1,0
46,All,3,4,1,4,9,0,1,1
46,All,4,6,1,1,3,0,0,0
46,All,4,6,1,2,3,0,1,1
46,All,4,6,1,2,4,1,1,0
46,All,4,6,1,2,7,1,2,1
46,All,4,6,1,2,9,2,2,0
46,All,4,6,1,2,12,2,3,1
46,All,4,6,1,3,3,1,0,-1
46,All,4,6,1,3,7,2,0,-2
46,All,4,6,1,3,9,3,0,-3
46,All,4,6,1,3,11,0,4,4
46,All,4,6,1,3,12,4,1,-3
46,All,4,6,1,3,14,5,1,-4
46,All,4,6,1,4,2,1,0,-1
46,All,4,6,1,4,3,0,2,2
46,All,4,6,1,5,3,1,0,-1
46,All,4,6,1,5,9,2,0,-2
46,All,4,6,1,6,2,0,1,1
46,All,4,6,1,6,5,1,1,0
46,All,4,6,1,6,6,2,1,-1
46,All,4,6,1,6,9,1,3,2
46,All,5,3,1,1,2,0,1,1
46,All,5,3,1,1,3,1,1,0
46,All,5,3,1,2,2,0,0,0
46,All,5,3,1,3,2,0,1,1
46,All,5,3,1,3,7,1,1,0
46,All,6,3,2,1,2,0,1,1
46,All,6,3,2,1,3,1,1,0
46,All,6,3,2,3,2,0,1,1
46,All,6,3,2,3,6,1,1,0
46,All,8,2,3,1,2,0,1,1
46,All,9,5,2,4,4,0,0,0
46,All,10,6,2,2,2,0,0,0
46,All,10,6,2,3,9,1,0,-1
46,All,10,6,2,5,3,0,1,1
46,All,11,4,2,2,6,0,0,0
46,All,11,4,2,3,2,0,1,1
46,All,11,4,2,3,3,1,1,0
46,All,11,4,2,3,4,1,2,1
46,All,11,4,2,3,5,2,2,0
46,All,11,4,2,4,2,0,1,1
46,All,11,4,2,4,3,1,1,0
46,All,11,4,2,4,4,1,2,1
46,All,11,4,2,4,5,2,2,0
46,All,13,5,3,1,3,0,1,1
46,All,13,5,3,2,2,0,1,1
46,All,13,5,3,3,2,0,1,1
46,All,13,5,3,3,3,1,1,0
46,All,13,5,3,3,6,2,1,-1
46,All,13,5,3,3,8,1,3,2
46,All,13,5,3,4,3,1,0,-1
46,All,13,5,3,5,3,0,1,1
46,All,13,5,3,5,5,1,1,0
46,All,13,5,3,5,6,1,2,1
46,All,14,4,3,1,2,0,0,0
46,All,14,4,3,1,4,1,0,-1
46,All,14,4,3,2,2,0,1,1
46,All,14,4,3,2,3,1,1,0
46,All,14,4,3,2,4,1,2,1
46,All,14,4,3,2,6,2,2,0
46,All,14,4,3,2,7,3,2,-1
46,All,14,4,3,3,2,0,0,0
46,All,14,4,3,3,3,1,0,-1
46,All,14,4,3,3,11,2,0,-2
46,All,15,6,3,1,2,0,1,1
46,All,15,6,3,1,3,1,1,0
46,All,15,6,3,1,4,1,2,1
46,All,15,6,3,1,6,2,2,0
46,All,15,6,3,1,8,2,3,1
46,All,15,6,3,2,3,0,1,1
46,All,15,6,3,2,9,1,1,0
46,All,15,6,3,2,10,1,2,1
46,All,15,6,3,2,11,2,2,0
46,All,15,6,3,2,12,2,3,1
46,All,15,6,3,3,2,0,1,1
46,All,15,6,3,3,3,1,1,0
46,All,15,6,3,3,4,1,2,1
46,All,15,6,3,3,7,2,2,0
46,All,15,6,3,3,8,3,2,-1
46,All,15,6,3,4,2,0,1,1
46,All,15,6,3,4,6,1,1,0
46,All,15,6,3,4,7,2,1,-1
46,All,15,6,3,5,2,1,0,-1
46,All,15,6,3,5,3,0,2,2
46,All,15,6,3,5,5,1,2,1
46,All,15,6,3,5,6,2,2,0
46,All,15,6,3,5,7,2,3,1
46,All,15,6,3,5,8,3,3,0
46,All,15,6,3,5,9,4,3,-1
46,All,15,6,3,5,10,5,3,-2
46,All,15,6,3,5,12,6,3,-3
46,All,15,6,3,5,14,3,7,4
46,All,15,6,3,5,15,4,7,3
46,All,15,6,3,6,2,0,1,1
46,All,15,6,3,6,3,1,1,0
46,All,15,6,3,6,11,2,1,-1
46,All,16,3,3,1,2,0,1,1
46,All,17,3,4,1,2,0,0,0
46,All,17,3,4,3,2,0,1,1
46,All,18,2,5,1,2,0,1,1
46,All,18,2,5,2,2,0,1,1
47,All,1,5,1,1,2,1,0,-1
47,All,1,5,1,1,11,0,2,2
47,All,1,5,1,1,12,1,2,1
47,All,1,5,1,2,2,0,1,1
47,All,1,5,1,2,3,1,1,0
47,All,1,5,1,2,4,1,2,1
47,All,1,5,1,2,5,2,2,0
47,All,1,5,1,2,7,3,2,-1
47,All,1,5,1,2,8,2,4,2
47,All,1,5,1,2,9,3,4,1
47,All,1,5,1,2,10,4,4,0
47,All,1,5,1,2,11,4,5,1
47,All,1,5,1,2,12,5,5,0
47,All,1,5,1,2,13,5,6,1
47,All,1,5,1,2,14,6,6,0
47,All,1,5,1,2,15,6,7,1
47,All,1,5,1,3,2,0,1,1
47,All,1,5,1,3,3,1,1,0
47,All,1,5,1,3,4,1,2,1
47,All,1,5,1,3,5,2,2,0
47,All,1,5,1,3,7,2,3,1
47,All,1,5,1,3,8,3,3,0
47,All,1,5,1,3,9,4,3,-1
47,All,1,5,1,3,11,3,5,2
47,All,1,5,1,3,12,5,4,-1
47,All,1,5,1,3,13,6,4,-2
47,All,1,5,1,3,14,4,7,3
47,All,1,5,1,4,2,0,1,1
47,All,1,5,1,5,2,1,0,-1
47,All,1,5,1,5,3,0,2,2
47,All,1,5,1,5,4,2,1,-1
47,All,1,5,1,5,5,1,3,2
47,All,1,5,1,5,8,3,2,-1
47,All,1,5,1,5,9,4,2,-2
47,All,1,5,1,5,11,2,5,3
47,All,2,6,1,1,2,0,1,1
47,All,2,6,1,1,3,1,1,0
47,All,2,6,1,1,4,1,2,1
47,All,2,6,1,1,6,2,2,0
47,All,2,6,1,2,3,0,0,0
47,All,2,6,1,2,4,1,0,-1
47,All,2,6,1,2,5,2,0,-2
47,All,2,6,1,2,6,3,0,-3
47,All,2,6,1,2,7,4,0,-4
47,All,2,6,1,3,2,0,1,1
47,All,2,6,1,3,3,1,1,0
47,All,2,6,1,3,4,1,2,1
47,All,2,6,1,4,3,1,0,-1
47,All,2,6,1,4,4,0,2,2
47,All,2,6,1,4,5,2,1,-1
47,All,2,6,1,4,6,1,3,2
47,All,2,6,1,4,7,3,2,-1
47,All,2,6,1,4,8,2,4,2
47,All,2,6,1,4,9,3,4,1
47,All,2,6,1,4,10,4,4,0
47,All,2,6,1,4,12,5,4,-1
47,All,2,6,1,6,2,0,1,1
47,All,2,6,1,6,3,1,1,0
47,All,2,6,1,6,5,1,2,1
47,All,2,6,1,6,6,2,2,0
47,All,2,6,1,6,10,3,2,-1
47,All,2,6,1,6,13,4,2,-2
47,All,3,2,1,1,9,1,0,-1
47,All,4,3,1,1,2,0,1,1
47,All,4,3,1,1,4,1,1,0
47,All,4,3,1,2,2,0,1,1
47,All,4,3,1,3,9,0,1,1
47,All,5,4,1,2,2,0,1,1
47,All,5,4,1,2,6,1,1,0
47,All,5,4,1,4,2,1,0,-1
47,All,5,4,1,4,3,0,2,2
47,All,5,4,1,4,6,1,2,1
47,All,5,4,1,4,8,2,2,0
47,All,6,2,2,2,2,0,1,1
47,All,8,2,3,1,6,1,0,-1
47,All,8,2,3,2,6,0,1,1
47,All,9,5,2,1,3,1,0,-1
47,All,9,5,2,1,5,2,0,-2
47,All,9,5,2,1,6,0,3,3
47,All,9,5,2,2,3,1,0,-1
47,All,9,5,2,2,4,0,2,2
47,All,9,5,2,2,5,2,1,-1
47,All,9,5,2,2,6,1,3,2
47,All,9,5,2,2,8,2,3,1
47,All,9,5,2,4,2,1,0,-1
47,All,9,5,2,4,3,2,0,-2
47,All,9,5,2,4,4,0,3,3
47,All,9,5,2,4,6,1,3,2
47,All,9,5,2,4,9,3,2,-1
47,All,9,5,2,5,2,0,1,1
47,All,9,5,2,5,3,1,1,0
47,All,9,5,2,5,5,2,1,-1
47,All,9,5,2,5,6,3,1,-2
47,All,9,5,2,5,9,4,1,-3
47,All,10,6,2,1,4,0,0,0
47,All,10,6,2,2,3,0,1,1
47,All,10,6,2,2,4,1,1,0
47,All,10,6,2,3,3,0,0,0
47,All,10,6,2,3,5,1,0,-1
47,All,10,6,2,3,6,2,0,-2
47,All,10,6,2,4,7,1,0,-1
47,All,10,6,2,4,8,0,2,2
47,All,10,6,2,4,9,1,2,1
47,All,10,6,2,4,10,2,2,0
47,All,10,6,2,4,11,3,2,-1
47,All,10,6,2,4,12,4,2,-2
47,All,10,6,2,4,13,5,2,-3
47,All,10,6,2,4,14,2,6,4
47,All,10,6,2,4,15,6,3,-3
47,All,10,6,2,6,2,0,0,0
47,All,10,6,2,6,3,0,1,1
47,All,10,6,2,6,4,1,1,0
47,All,10,6,2,6,5,1,2,1
47,All,10,6,2,6,7,2,2,0
47,All,10,6,2,6,8,2,3,1
47,All,10,6,2,6,9,3,3,0
47,All,10,6,2,6,10,4,3,-1
47,All,10,6,2,6,13,5,3,-2
47,All,10,6,2,6,14,6,3,-3
47,All,11,4,2,1,2,0,1,1
47,All,11,4,2,1,3,1,1,0
47,All,11,4,2,1,4,1,2,1
47,All,11,4,2,3,2,0,1,1
47,All,11,4,2,3,3,1,1,0
47,All,11,4,2,3,5,2,1,-1
47,All,12,5,3,2,3,1,0,-1
47,All,12,5,3,3,2,0,1,1
47,All,12,5,3,3,4,1,1,0
47,All,12,5,3,3,6,2,1,-1
47,All,12,5,3,4,2,1,0,-1
47,All,12,5,3,4,3,0,2,2
47,All,13,6,3,2,3,0,1,1
47,All,13,6,3,3,2,0,1,1
47,All,13,6,3,3,3,1,1,0
47,All,13,6,3,3,4,1,2,1
47,All,13,6,3,3,5,2,2,0
47,All,13,6,3,3,6,2,3,1
47,All,13,6,3,3,7,3,3,0
47,All,13,6,3,3,8,4,3,-1
47,All,13,6,3,3,9,3,5,2
47,All,13,6,3,3,10,5,4,-1
47,All,13,6,3,3,11,4,6,2
47,All,13,6,3,3,12,6,5,-1
47,All,13,6,3,3,13,7,5,-2
47,All,13,6,3,3,15,5,8,3
47,All,14,2,4,1,12,0,1,1
47,All,15,3,3,1,2,0,1,1
47,All,15,3,3,2,6,1,0,-1
47,All,16,4,3,2,2,0,1,1
47,All,16,4,3,2,3,1,1,0
47,All,16,4,3,2,5,2,1,-1
47,All,16,4,3,2,7,3,1,-2
47,All,16,4,3,2,8,4,1,-3
47,All,16,4,3,3,4,1,0,-1
47,All,16,4,3,3,6,2,0,-2
47,All,16,4,3,3,7,0,3,3
47,All,16,4,3,4,2,0,0,0
47,All,16,4,3,4,3,1,0,-1
47,All,16,4,3,4,4,2,0,-2
47,All,16,4,3,4,5,3,0,-3
47,All,16,4,3,4,6,4,0,-4
47,All,17,2,5,1,2,0,1,1
47,All,18,3,4,2,2,0,1,1
48,All,1,6,1,1,2,1,0,-1
48,All,1,6,1,2,2,1,0,-1
48,All,1,6,1,2,4,2,0,-2
48,All,1,6,1,2,11,3,0,-3
48,All,1,6,1,6,2,0,0,0
48,All,3,5,1,1,2,0,1,1
48,All,3,5,1,3,2,0,1,1
48,All,5,2,2,1,2,0,1,1
48,All,5,2,2,2,2,0,1,1
48,All,8,3,2,1,2,1,0,-1
48,All,8,3,2,1,3,0,2,2
48,All,8,3,2,2,2,0,1,1
48,All,9,5,2,1,2,0,1,1
48,All,9,5,2,1,3,1,1,0
48,All,9,5,2,1,4,1,2,1
48,All,9,5,2,4,6,1,0,-1
48,All,10,6,2,2,2,0,1,1
48,All,10,6,2,6,2,0,0,0
48,All,11,4,2,1,2,0,1,1
48,All,11,4,2,2,2,0,1,1
48,All,12,6,3,1,2,1,0,-1
48,All,12,6,3,2,2,0,0,0
48,All,12,6,3,2,3,1,0,-1
48,All,12,6,3,2,5,2,0,-2
48,All,12,6,3,2,9,3,0,-3
48,All,12,6,3,3,2,1,0,-1
48,All,12,6,3,3,4,0,2,2
48,All,14,5,3,1,2,0,1,1
48,All,14,5,3,4,2,1,0,-1
48,All,14,5,3,4,3,0,2,2
48,All,17,2,6,1,2,0,1,1
48,All,18,4,3,1,2,0,1,1
48,All,18,4,3,1,5,1,1,0
48,All,18,4,3,1,9,2,1,-1
49,All,1,2,1,2,2,0,1,1
49,All,2,3,1,3,2,0,1,1
49,All,3,6,1,1,2,1,0,-1
49,All,3,6,1,2,2,0,0,0
49,All,3,6,1,2,3,1,0,-1
49,All,3,6,1,2,8,2,0,-2
49,All,3,6,1,4,7,1,0,-1
49,All,3,6,1,4,9,2,0,-2
49,All,3,6,1,4,10,3,0,-3
49,All,3,6,1,4,12,4,0,-4
49,All,3,6,1,5,2,0,1,1
49,All,4,3,2,1,6,0,0,0
49,All,4,3,2,2,2,0,1,1
49,All,5,2,2,1,2,0,1,1
49,All,5,2,2,2,2,0,1,1
49,All,7,5,1,1,2,1,0,-1
49,All,7,5,1,1,6,2,0,-2
49,All,7,5,1,2,6,0,0,0
49,All,7,5,1,3,2,0,1,1
49,All,7,5,1,3,3,1,1,0
49,All,7,5,1,3,5,2,1,-1
49,All,7,5,1,5,2,0,1,1
49,All,7,5,1,5,3,1,1,0
49,All,7,5,1,5,4,2,1,-1
49,All,7,5,1,5,6,3,1,-2
49,All,7,5,1,5,10,4,1,-3
49,All,8,4,1,1,2,0,1,1
49,All,8,4,1,1,3,1,1,0
49,All,8,4,1,1,4,2,1,-1
49,All,8,4,1,3,2,0,1,1
49,All,8,4,1,4,2,0,1,1
49,All,9,6,2,1,2,0,1,1
49,All,9,6,2,1,3,1,1,0
49,All,9,6,2,1,4,1,2,1
49,All,9,6,2,2,2,0,1,1
49,All,9,6,2,2,3,1,1,0
49,All,9,6,2,2,6,2,1,-1
49,All,9,6,2,3,2,0,1,1
49,All,9,6,2,3,3,1,1,0
49,All,9,6,2,3,5,1,2,1
49,All,9,6,2,3,6,2,2,0
49,All,9,6,2,3,7,2,3,1
49,All,9,6,2,3,8,3,3,0
49,All,9,6,2,3,10,3,4,1
49,All,9,6,2,3,11,4,4,0
49,All,9,6,2,4,2,0,0,0
49,All,9,6,2,4,3,0,1,1
49,All,9,6,2,4,4,1,1,0
49,All,9,6,2,4,5,1,2,1
49,All,9,6,2,4,6,2,2,0
49,All,9,6,2,4,7,2,3,1
49,All,9,6,2,4,8,3,3,0
49,All,9,6,2,4,9,3,4,1
49,All,9,6,2,5,6,1,0,-1
49,All,9,6,2,5,8,0,2,2
49,All,11,4,2,1,9,1,0,-1
49,All,11,4,2,2,2,0,1,1
49,All,11,4,2,2,3,1,1,0
49,All,11,4,2,3,2,0,1,1
49,All,11,4,2,3,3,1,1,0
49,All,11,4,2,3,6,1,2,1
49,All,11,4,2,4,2,0,1,1
49,All,12,2,4,1,2,0,1,1
49,All,13,3,3,1,2,0,1,1
49,All,13,3,3,1,3,1,1,0
49,All,13,3,3,2,2,0,1,1
49,All,13,3,3,3,2,0,1,1
49,All,13,3,3,3,4,1,1,0
49,All,13,3,3,3,9,2,1,-1
49,All,14,6,3,1,4,1,0,-1
49,All,14,6,3,2,3,0,0,0
49,All,14,6,3,2,6,1,0,-1
49,All,14,6,3,2,8,2,0,-2
49,All,14,6,3,5,2,0,1,1
49,All,14,6,3,6,3,0,0,0
49,All,14,6,3,6,4,1,0,-1
49,All,14,6,3,6,5,2,0,-2
49,All,17,2,6,1,5,0,1,1
49,All,18,5,3,3,4,0,1,1
50,All,1,3,1,1,2,0,1,1
50,All,1,3,1,1,4,1,1,0
50,All,1,3,1,1,5,2,1,-1
50,All,1,3,1,1,8,3,1,-2
50,All,1,3,1,3,2,0,1,1
50,All,1,3,1,3,3,1,1,0
50,All,1,3,1,3,4,1,2,1
50,All,2,3,2,1,7,1,0,-1
50,All,5,6,1,1,2,0,0,0
50,All,5,6,1,1,3,0,1,1
50,All,5,6,1,1,4,1,1,0
50,All,5,6,1,1,5,2,1,-1
50,All,5,6,1,2,2,0,1,1
50,All,5,6,1,2,8,1,1,0
50,All,5,6,1,3,5,0,0,0
50,All,5,6,1,5,2,0,1,1
50,All,5,6,1,5,5,1,1,0
50,All,5,6,1,5,6,2,1,-1
50,All,6,4,1,1,3,1,0,-1
50,All,6,4,1,1,5,2,0,-2
50,All,6,4,1,4,8,1,0,-1
50,All,7,2,3,1,5,0,0,0
50,All,7,2,3,2,2,0,1,1
50,All,8,5,1,3,2,0,1,1
50,All,8,5,1,4,2,0,1,1
50,All,8,5,1,5,2,0,1,1
50,All,9,4,2,3,7,0,0,0
50,All,9,4,2,4,2,0,1,1
50,All,10,6,2,1,2,1,0,-1
50,All,10,6,2,1,3,0,2,2
50,All,10,6,2,1,4,1,2,1
50,All,10,6,2,1,5,2,2,0
50,All,10,6,2,1,6,3,2,-1
50,All,10,6,2,1,7,2,4,2
50,All,10,6,2,2,3,0,0,0
50,All,10,6,2,2,13,0,1,1
50,All,10,6,2,3,13,0,0,0
50,All,10,6,2,4,2,0,0,0
50,All,10,6,2,4,3,0,1,1
50,All,10,6,2,4,4,1,1,0
50,All,10,6,2,4,5,2,1,-1
50,All,10,6,2,5,2,0,1,1
50,All,10,6,2,5,3,1,1,0
50,All,10,6,2,5,6,2,1,-1
50,All,10,6,2,5,8,3,1,-2
50,All,10,6,2,6,2,1,0,-1
50,All,10,6,2,6,4,0,2,2
50,All,10,6,2,6,7,2,1,-1
50,All,12,3,3,1,5,0,0,0
50,All,12,3,3,3,2,0,1,1
50,All,13,3,4,3,2,0,1,1
50,All,14,2,4,2,2,0,1,1
50,All,16,6,3,3,2,0,0,0
50,All,16,6,3,3,3,0,1,1
50,All,16,6,3,3,6,1,1,0
50,All,16,6,3,5,2,0,1,1
50,All,16,6,3,6,2,0,1,1
50,All,17,4,3,2,2,1,0,-1
50,All,17,4,3,2,3,0,2,2
50,All,17,4,3,3,2,0,1,1
50,All,17,4,3,3,3,1,1,0
50,All,17,4,3,3,4,2,1,-1
50,All,17,4,3,3,5,3,1,-2
50,All,17,4,3,3,6,1,4,3
50,All,17,4,3,4,2,0,1,1
50,All,17,4,3,4,3,1,1,0
50,All,18,2,6,2,2,0,1,1
50,All,18,2,6,2,8,1,1,0
51,All,1,3,1,3,2,0,1,1
51,All,1,3,1,3,6,1,1,0
51,All,2,2,1,1,5,0,0,0
51,All,3,3,2,1,5,1,0,-1
51,All,3,3,2,3,2,0,1,1
51,All,3,3,2,3,3,1,1,0
51,All,3,3,2,3,4,2,1,-1
51,All,4,4,1,2,2,1,0,-1
51,All,4,4,1,2,3,0,2,2
51,All,4,4,1,2,9,1,2,1
51,All,4,4,1,4,2,0,1,1
51,All,4,4,1,4,6,1,1,0
51,All,5,2,2,2,2,0,1,1
51,All,6,5,1,2,2,0,1,1
51,All,6,5,1,2,3,1,1,0
51,All,6,5,1,2,4,1,2,1
51,All,6,5,1,2,5,2,2,0
51,All,6,5,1,2,9,3,2,-1
51,All,6,5,1,3,2,1,0,-1
51,All,6,5,1,3,3,0,2,2
51,All,6,5,1,5,2,0,1,1
51,All,6,5,1,5,3,1,1,0
51,All,6,5,1,5,4,2,1,-1
51,All,6,5,1,5,5,3,1,-2
51,All,6,5,1,5,6,4,1,-3
51,All,6,5,1,5,7,5,1,-4
51,All,7,6,1,1,2,0,1,1
51,All,7,6,1,1,5,1,1,0
51,All,7,6,1,2,2,1,0,-1
51,All,7,6,1,2,3,2,0,-2
51,All,7,6,1,2,4,3,0,-3
51,All,7,6,1,2,5,0,4,4
51,All,7,6,1,2,6,4,1,-3
51,All,7,6,1,2,7,1,5,4
51,All,7,6,1,2,8,5,2,-3
51,All,7,6,1,4,2,0,1,1
51,All,7,6,1,4,3,1,1,0
51,All,7,6,1,4,4,1,2,1
51,All,7,6,1,4,6,2,2,0
51,All,7,6,1,4,7,3,2,-1
51,All,7,6,1,5,5,0,0,0
51,All,7,6,1,5,11,1,0,-1
51,All,8,2,3,1,2,0,0,0
51,All,8,2,3,1,7,1,0,-1
51,All,8,2,3,2,3,0,0,0
51,All,9,5,2,1,4,0,0,0
51,All,9,5,2,1,5,0,1,1
51,All,9,5,2,1,8,1,1,0
51,All,9,5,2,2,2,0,1,1
51,All,9,5,2,2,3,1,1,0
51,All,9,5,2,2,5,2,1,-1
51,All,9,5,2,2,12,3,1,-2
51,All,9,5,2,3,2,0,1,1
51,All,9,5,2,3,4,1,1,0
51,All,9,5,2,3,7,2,1,-1
51,All,9,5,2,3,8,3,1,-2
51,All,9,5,2,3,10,4,1,-3
51,All,9,5,2,3,11,5,1,-4
51,All,9,5,2,3,13,6,1,-5
51,All,9,5,2,3,14,7,1,-6
51,All,9,5,2,3,15,1,8,7
51,All,9,5,2,4,4,1,0,-1
51,All,9,5,2,4,5,2,0,-2
51,All,9,5,2,4,6,3,0,-3
51,All,9,5,2,4,7,4,0,-4
51,All,9,5,2,4,8,0,5,5
51,All,9,5,2,4,12,5,1,-4
51,All,9,5,2,5,2,0,1,1
51,All,9,5,2,5,3,1,1,0
51,All,9,5,2,5,4,2,1,-1
51,All,10,4,2,1,4,0,0,0
51,All,10,4,2,2,2,0,1,1
51,All,10,4,2,2,3,1,1,0
51,All,10,4,2,3,2,0,1,1
51,All,10,4,2,3,3,1,1,0
51,All,11,6,2,1,3,0,0,0
51,All,11,6,2,1,4,1,0,-1
51,All,11,6,2,1,5,2,0,-2
51,All,11,6,2,1,7,3,0,-3
51,All,11,6,2,3,2,1,0,-1
51,All,11,6,2,3,3,0,2,2
51,All,11,6,2,3,7,1,2,1
51,All,11,6,2,3,8,2,2,0
51,All,11,6,2,4,3,0,0,0
51,All,11,6,2,4,9,0,1,1
51,All,11,6,2,5,2,0,1,1
51,All,11,6,2,5,3,1,1,0
51,All,11,6,2,5,4,2,1,-1
51,All,11,6,2,5,5,1,3,2
51,All,11,6,2,5,6,3,2,-1
51,All,11,6,2,5,7,2,4,2
51,All,11,6,2,5,9,3,4,1
51,All,12,3,3,1,4,0,0,0
51,All,12,3,3,2,2,0,1,1
51,All,12,3,3,2,3,1,1,0
51,All,13,2,4,1,2,0,1,1
51,All,13,2,4,2,2,0,1,1
51,All,15,4,3,1,2,0,1,1
51,All,15,4,3,1,3,1,1,0
51,All,15,4,3,1,4,2,1,-1
51,All,15,4,3,3,3,0,0,0
51,All,15,4,3,3,4,0,1,1
51,All,17,5,3,1,2,1,0,-1
51,All,17,5,3,1,3,0,2,2
51,All,17,5,3,2,3,0,0,0
51,All,17,5,3,4,2,0,1,1
51,All,17,5,3,4,3,1,1,0
51,All,18,6,3,1,2,0,1,1
51,All,18,6,3,1,3,1,1,0
51,All,18,6,3,1,6,1,2,1
51,All,18,6,3,1,7,2,2,0
51,All,18,6,3,1,8,3,2,-1
51,All,18,6,3,1,10,4,2,-2
51,All,18,6,3,2,2,0,1,1
51,All,18,6,3,5,7,0,0,0
51,All,18,6,3,6,2,1,0,-1
51,All,18,6,3,6,3,2,0,-2
51,All,18,6,3,6,6,3,0,-3
51,All,18,6,3,6,7,4,0,-4
52,All,1,2,1,2,4,0,0,0
52,All,2,4,1,1,2,0,1,1
52,All,2,4,1,3,2,1,0,-1
52,All,2,4,1,3,3,2,0,-2
52,All,3,3,1,1,2,0,1,1
52,All,3,3,1,1,3,1,1,0
52,All,3,3,1,1,4,2,1,-1
52,All,3,3,1,1,5,1,3,2
52,All,3,3,1,2,2,0,1,1
52,All,4,5,1,4,2,0,1,1
52,All,4,5,1,4,3,1,1,0
52,All,4,5,1,4,4,1,2,1
52,All,4,5,1,4,7,2,2,0
52,All,4,5,1,4,10,3,2,-1
52,All,4,5,1,4,12,4,2,-2
52,All,5,3,2,2,2,0,1,1
52,All,5,3,2,3,2,0,1,1
52,All,5,3,2,3,3,1,1,0
52,All,6,2,2,1,2,0,1,1
52,All,6,2,2,2,2,0,1,1
52,All,7,2,3,1,2,0,1,1
52,All,8,6,1,1,2,0,0,0
52,All,8,6,1,1,3,0,1,1
52,All,8,6,1,1,4,1,1,0
52,All,8,6,1,1,10,2,1,-1
52,All,8,6,1,2,2,0,1,1
52,All,8,6,1,2,4,1,1,0
52,All,8,6,1,2,6,1,2,1
52,All,8,6,1,2,13,2,2,0
52,All,8,6,1,3,2,0,0,0
52,All,8,6,1,3,3,1,0,-1
52,All,8,6,1,3,4,2,0,-2
52,All,8,6,1,3,5,3,0,-3
52,All,8,6,1,3,7,0,4,4
52,All,8,6,1,3,8,1,4,3
52,All,8,6,1,3,14,4,2,-2
52,All,8,6,1,6,2,0,1,1
52,All,8,6,1,6,3,1,1,0
52,All,8,6,1,6,4,1,2,1
52,All,8,6,1,6,6,2,2,0
52,All,8,6,1,6,7,2,3,1
52,All,8,6,1,6,8,3,3,0
52,All,9,4,2,1,6,0,1,1
52,All,9,4,2,2,2,0,1,1
52,All,9,4,2,3,3,0,0,0
52,All,10,6,2,2,2,0,1,1
52,All,10,6,2,2,4,1,1,0
52,All,10,6,2,2,8,2,1,-1
52,All,10,6,2,4,2,0,1,1
52,All,10,6,2,4,3,1,1,0
52,All,10,6,2,5,2,0,1,1
52,All,10,6,2,5,3,1,1,0
52,All,10,6,2,5,4,2,1,-1
52,All,10,6,2,6,2,1,0,-1
52,All,10,6,2,6,3,2,0,-2
52,All,11,5,2,1,2,0,1,1
52,All,11,5,2,1,3,1,1,0
52,All,11,5,2,1,4,2,1,-1
52,All,11,5,2,2,2,0,1,1
52,All,11,5,2,2,3,1,1,0
52,All,13,4,3,1,2,0,1,1
52,All,13,4,3,1,3,1,1,0
52,All,13,4,3,1,4,2,1,-1
52,All,13,4,3,3,2,0,1,1
52,All,13,4,3,3,3,1,1,0
52,All,13,4,3,3,4,1,2,1
52,All,13,4,3,3,5,2,2,0
52,All,14,3,3,2,2,0,1,1
52,All,15,5,3,2,2,1,0,-1
52,All,15,5,3,2,3,2,0,-2
52,All,15,5,3,2,4,3,0,-3
52,All,15,5,3,2,5,4,0,-4
52,All,15,5,3,2,6,0,5,5
52,All,15,5,3,2,7,1,5,4
52,All,15,5,3,3,2,0,0,0
52,All,15,5,3,3,3,1,0,-1
52,All,15,5,3,3,4,2,0,-2
52,All,15,5,3,3,5,3,0,-3
52,All,15,5,3,3,6,4,0,-4
52,All,15,5,3,3,7,5,0,-5
52,All,15,5,3,3,8,6,0,-6
52,All,15,5,3,3,9,0,7,7
52,All,15,5,3,3,10,7,1,-6
52,All,15,5,3,3,11,1,8,7
52,All,15,5,3,3,15,2,8,6
52,All,15,5,3,4,2,0,1,1
52,All,15,5,3,4,3,1,1,0
52,All,15,5,3,4,4,1,2,1
52,All,15,5,3,4,5,2,2,0
52,All,15,5,3,4,6,3,2,-1
52,All,15,5,3,4,12,2,4,2
52,All,15,5,3,5,2,1,0,-1
52,All,15,5,3,5,3,2,0,-2
52,All,15,5,3,5,4,3,0,-3
52,All,15,5,3,5,5,4,0,-4
52,All,15,5,3,5,6,5,0,-5
52,All,15,5,3,5,7,6,0,-6
53,All,1,4,1,1,2,0,1,1
53,All,1,4,1,1,3,1,1,0
53,All,1,4,1,2,3,1,0,-1
53,All,1,4,1,4,6,1,0,-1
53,All,2,5,1,1,2,0,1,1
53,All,2,5,1,1,3,1,1,0
53,All,2,5,1,1,4,1,2,1
53,All,2,5,1,1,6,2,2,0
53,All,2,5,1,2,2,0,1,1
53,All,2,5,1,2,3,1,1,0
53,All,3,2,1,1,2,0,1,1
53,All,4,2,2,2,2,0,1,1
53,All,5,3,1,1,2,0,1,1
53,All,5,3,1,2,2,0,1,1
53,All,6,6,1,1,2,0,1,1
53,All,6,6,1,1,3,1,1,0
53,All,6,6,1,1,4,1,2,1
53,All,6,6,1,1,6,2,2,0
53,All,6,6,1,1,8,3,2,-1
53,All,6,6,1,1,10,4,2,-2
53,All,6,6,1,2,2,1,0,-1
53,All,6,6,1,2,3,0,2,2
53,All,6,6,1,2,4,1,2,1
53,All,6,6,1,2,5,2,2,0
53,All,6,6,1,3,2,0,1,1
53,All,6,6,1,4,2,0,1,1
53,All,6,6,1,4,3,1,1,0
53,All,6,6,1,4,4,1,2,1
53,All,6,6,1,4,6,2,2,0
53,All,6,6,1,4,7,3,2,-1
53,All,6,6,1,5,2,0,1,1
53,All,6,6,1,5,3,1,1,0
53,All,6,6,1,5,4,1,2,1
53,All,6,6,1,5,13,2,2,0
53,All,6,6,1,6,3,0,0,0
53,All,7,3,2,2,3,0,1,1
53,All,7,3,2,3,2,0,1,1
53,All,8,2,3,2,2,0,1,1
53,All,9,5,2,3,2,1,0,-1
53,All,9,5,2,3,3,0,2,2
53,All,9,5,2,4,2,0,1,1
53,All,9,5,2,5,2,0,0,0
53,All,10,4,2,3,2,0,1,1
53,All,10,4,2,4,2,0,1,1
53,All,11,6,2,3,3,1,0,-1
53,All,12,4,3,2,2,0,1,1
53,All,12,4,3,4,2,0,1,1
53,All,13,5,3,5,2,0,1,1
53,All,14,2,4,2,2,0,1,1
53,All,15,2,5,2,2,0,1,1
53,All,16,3,3,3,3,0,1,1
53,All,17,6,3,1,4,0,0,0
53,All,17,6,3,2,3,1,0,-1
53,All,17,6,3,3,3,1,0,-1
53,All,17,6,3,5,2,0,1,1
54,All,1,5,1,1,4,1,0,-1
54,All,1,5,1,3,2,0,0,0
54,All,1,5,1,3,3,0,1,1
54,All,1,5,1,3,4,1,1,0
54,All,1,5,1,3,5,1,2,1
54,All,2,2,1,1,2,0,1,1
54,All,2,2,1,1,3,1,1,0
54,All,2,2,1,2,2,1,0,-1
54,All,3,4,1,1,2,1,0,-1
54,All,3,4,1,1,6,2,0,-2
54,All,3,4,1,3,2,0,1,1
54,All,3,4,1,3,3,1,1,0
54,All,4,6,1,1,2,0,0,0
54,All,4,6,1,1,3,0,1,1
54,All,4,6,1,2,2,0,1,1
54,All,4,6,1,4,2,0,1,1
54,All,4,6,1,4,3,1,1,0
54,All,4,6,1,4,4,1,2,1
54,All,4,6,1,5,2,0,1,1
54,All,4,6,1,5,3,1,1,0
54,All,5,2,2,2,2,1,0,-1
54,All,6,2,3,1,4,0,1,1
54,All,7,3,1,3,6,0,0,0
54,All,8,3,2,1,4,0,0,0
54,All,8,3,2,3,2,0,1,1
54,All,9,5,2,1,2,0,1,1
54,All,9,5,2,1,3,1,1,0
54,All,9,5,2,1,6,2,1,-1
54,All,9,5,2,2,2,0,1,1
54,All,9,5,2,2,3,1,1,0
54,All,9,5,2,3,2,1,0,-1
54,All,9,5,2,3,3,0,2,2
54,All,9,5,2,5,2,1,0,-1
54,All,9,5,2,5,3,0,2,2
54,All,10,6,2,1,2,0,0,0
54,All,10,6,2,1,3,0,1,1
54,All,10,6,2,1,4,1,1,0
54,All,10,6,2,1,6,2,1,-1
54,All,10,6,2,2,3,0,0,0
54,All,10,6,2,2,4,1,0,-1
54,All,10,6,2,2,5,2,0,-2
54,All,10,6,2,2,6,3,0,-3
54,All,10,6,2,2,7,4,0,-4
54,All,10,6,2,2,10,5,0,-5
54,All,10,6,2,3,2,0,0,0
54,All,10,6,2,3,3,0,1,1
54,All,10,6,2,3,4,1,1,0
54,All,10,6,2,3,6,2,1,-1
54,All,10,6,2,3,8,1,3,2
54,All,10,6,2,3,9,2,3,1
54,All,10,6,2,3,11,3,3,0
54,All,10,6,2,4,5,1,0,-1
54,All,10,6,2,4,6,2,0,-2
54,All,10,6,2,4,7,3,0,-3
54,All,10,6,2,4,10,4,0,-4
54,All,10,6,2,6,4,1,0,-1
54,All,11,4,2,1,2,0,0,0
54,All,11,4,2,2,2,0,1,1
54,All,11,4,2,3,9,0,0,0
54,All,12,5,3,1,2,0,1,1
54,All,12,5,3,1,3,1,1,0
54,All,12,5,3,1,4,1,2,1
54,All,12,5,3,1,5,2,2,0
54,All,12,5,3,3,2,0,1,1
54,All,12,5,3,3,3,1,1,0
54,All,12,5,3,3,4,1,2,1
54,All,12,5,3,3,5,2,2,0
54,All,12,5,3,3,9,3,2,-1
54,All,12,5,3,5,2,0,1,1
54,All,12,5,3,5,5,1,1,0
54,All,13,2,4,1,2,1,0,-1
54,All,13,2,4,1,3,0,2,2
54,All,13,2,4,1,4,1,2,1
54,All,13,2,4,1,5,2,2,0
54,All,13,2,4,2,2,0,1,1
54,All,13,2,4,2,3,1,1,0
54,All,13,2,4,2,4,2,1,-1
54,All,13,2,4,2,5,1,3,2
54,All,13,2,4,2,6,3,2,-1
54,All,13,2,4,2,7,2,4,2
54,All,14,4,3,1,4,0,1,1
54,All,14,4,3,1,7,1,1,0
54,All,14,4,3,2,2,0,1,1
54,All,14,4,3,2,3,1,1,0
54,All,14,4,3,4,2,1,0,-1
54,All,14,4,3,4,3,2,0,-2
54,All,15,6,3,1,2,1,0,-1
54,All,15,6,3,1,3,0,2,2
54,All,15,6,3,1,4,1,2,1
54,All,15,6,3,1,8,2,2,0
54,All,15,6,3,3,6,0,1,1
54,All,15,6,3,6,2,0,1,1
54,All,15,6,3,6,4,1,1,0
54,All,16,2,5,1,3,0,1,1
54,All,16,2,5,2,2,0,1,1
54,All,17,2,6,1,2,0,1,1
54,All,17,2,6,2,2,0,1,1
55,All,1,2,1,1,9,0,0,0
55,All,2,6,1,1,3,0,1,1
55,All,2,6,1,1,4,1,1,0
55,All,2,6,1,1,5,1,2,1
55,All,2,6,1,1,8,2,2,0
55,All,2,6,1,1,10,3,2,-1
55,All,2,6,1,1,11,4,2,-2
55,All,2,6,1,1,12,2,5,3
55,All,2,6,1,1,14,5,3,-2
55,All,2,6,1,2,2,0,1,1
55,All,2,6,1,2,3,1,1,0
55,All,2,6,1,2,4,2,1,-1
55,All,2,6,1,2,5,3,1,-2
55,All,2,6,1,2,6,1,4,3
55,All,2,6,1,2,7,4,2,-2
55,All,2,6,1,2,8,2,5,3
55,All,2,6,1,2,9,5,3,-2
55,All,2,6,1,2,10,6,3,-3
55,All,2,6,1,2,11,3,7,4
55,All,2,6,1,6,2,0,0,0
55,All,2,6,1,6,3,1,0,-1
55,All,2,6,1,6,5,0,2,2
55,All,2,6,1,6,6,2,1,-1
55,All,2,6,1,6,8,3,1,-2
55,All,3,5,1,1,2,0,1,1
55,All,3,5,1,1,3,1,1,0
55,All,3,5,1,1,4,1,2,1
55,All,3,5,1,1,5,2,2,0
55,All,3,5,1,1,6,2,3,1
55,All,3,5,1,1,8,3,3,0
55,All,3,5,1,1,10,4,3,-1
55,All,3,5,1,2,2,1,0,-1
55,All,3,5,1,2,3,0,2,2
55,All,3,5,1,2,4,2,1,-1
55,All,3,5,1,2,9,1,3,2
55,All,3,5,1,2,11,3,2,-1
55,All,3,5,1,2,12,4,2,-2
55,All,3,5,1,4,2,0,0,0
55,All,3,5,1,4,3,0,1,1
55,All,3,5,1,4,5,1,1,0
55,All,3,5,1,4,7,1,2,1
55,All,3,5,1,4,8,2,2,0
55,All,3,5,1,4,9,3,2,-1
55,All,3,5,1,4,10,4,2,-2
55,All,3,5,1,5,5,0,0,0
55,All,5,4,1,1,2,1,0,-1
55,All,5,4,1,1,13,0,2,2
55,All,5,4,1,2,2,0,1,1
55,All,5,4,1,2,7,1,1,0
55,All,5,4,1,4,2,0,1,1
55,All,5,4,1,4,3,1,1,0
55,All,6,3,1,2,4,0,1,1
55,All,6,3,1,3,4,0,0,0
55,All,7,2,3,1,2,0,1,1
55,All,9,6,2,1,2,0,1,1
55,All,9,6,2,1,6,1,1,0
55,All,9,6,2,1,8,1,2,1
55,All,9,6,2,3,2,0,1,1
55,All,9,6,2,3,4,1,1,0
55,All,9,6,2,4,2,0,1,1
55,All,10,5,2,3,6,0,1,1
55,All,10,5,2,5,4,0,0,0
55,All,11,4,2,1,2,1,0,-1
55,All,11,4,2,1,3,0,2,2
55,All,11,4,2,1,7,2,1,-1
55,All,11,4,2,2,5,0,0,0
55,All,11,4,2,3,10,0,0,0
55,All,11,4,2,4,7,0,1,1
55,All,11,4,2,4,9,1,1,0
55,All,13,6,3,2,2,0,1,1
55,All,13,6,3,2,4,1,1,0
55,All,13,6,3,2,7,2,1,-1
55,All,13,6,3,2,8,3,1,-2
55,All,13,6,3,3,2,1,0,-1
55,All,13,6,3,4,2,0,0,0
55,All,13,6,3,4,5,1,0,-1
55,All,14,5,3,1,10,0,0,0
55,All,14,5,3,2,2,1,0,-1
55,All,14,5,3,2,3,2,0,-2
55,All,14,5,3,2,4,0,3,3
55,All,14,5,3,2,8,3,1,-2
55,All,14,5,3,3,2,1,0,-1
55,All,14,5,3,3,4,0,2,2
55,All,14,5,3,3,6,1,2,1
55,All,14,5,3,4,2,0,1,1
55,All,15,2,5,1,2,0,1,1
55,All,15,2,5,1,8,1,1,0
55,All,15,2,5,2,2,0,0,0
55,All,16,4,3,1,4,1,0,-1
55,All,16,4,3,1,6,2,0,-2
55,All,16,4,3,2,2,0,1,1
55,All,16,4,3,2,7,1,1,0
55,All,16,4,3,2,8,2,1,-1
55,All,16,4,3,3,2,1,0,-1
55,All,16,4,3,3,10,2,0,-2
55,All,17,3,3,1,4,1,0,-1
55,All,17,3,3,2,3,0,1,1
55,All,17,3,3,2,5,1,1,0
55,All,17,3,3,2,9,2,1,-1
55,All,18,2,6,1,8,1,0,-1
56,All,1,6,1,1,2,0,1,1
56,All,1,6,1,1,3,1,1,0
56,All,1,6,1,1,11,1,2,1
56,All,1,6,1,2,2,1,0,-1
56,All,1,6,1,2,3,0,2,2
56,All,1,6,1,3,2,0,1,1
56,All,1,6,1,3,3,1,1,0
56,All,1,6,1,3,5,1,2,1
56,All,1,6,1,3,6,2,2,0
56,All,1,6,1,3,7,3,2,-1
56,All,1,6,1,3,9,2,4,2
56,All,1,6,1,3,10,3,4,1
56,All,1,6,1,3,13,4,4,0
56,All,1,6,1,4,3,0,0,0
56,All,1,6,1,4,8,0,1,1
56,All,1,6,1,4,10,1,1,0
56,All,1,6,1,4,11,1,2,1
56,All,1,6,1,4,12,2,2,0
56,All,1,6,1,4,14,3,2,-1
56,All,1,6,1,5,2,0,0,0
56,All,1,6,1,5,3,0,1,1
56,All,1,6,1,5,4,1,1,0
56,All,1,6,1,5,6,1,2,1
56,All,1,6,1,5,7,2,2,0
56,All,1,6,1,5,8,2,3,1
56,All,1,6,1,5,10,3,3,0
56,All,1,6,1,5,11,3,4,1
56,All,1,6,1,6,3,0,0,0
56,All,1,6,1,6,6,0,1,1
56,All,1,6,1,6,7,1,1,0
56,All,1,6,1,6,10,1,2,1
56,All,1,6,1,6,12,2,2,0
56,All,3,2,2,1,2,0,1,1
56,All,3,2,2,2,2,0,1,1
56,All,4,3,1,1,3,1,0,-1
56,All,4,3,1,1,4,0,2,2
56,All,4,3,1,1,5,2,1,-1
56,All,4,3,1,1,6,1,3,2
56,All,4,3,1,2,2,0,1,1
56,All,4,3,1,2,3,1,1,0
56,All,5,5,1,1,3,0,1,1
56,All,5,5,1,2,2,0,1,1
56,All,5,5,1,2,5,1,1,0
56,All,5,5,1,3,2,0,1,1
56,All,6,3,2,1,2,0,1,1
56,All,6,3,2,2,2,0,1,1
56,All,6,3,2,2,3,1,1,0
56,All,6,3,2,3,2,0,1,1
56,All,7,4,1,1,2,0,1,1
56,All,7,4,1,1,9,1,1,0
56,All,7,4,1,2,2,0,1,1
56,All,7,4,1,4,2,0,1,1
56,All,9,6,2,3,2,0,1,1
56,All,9,6,2,3,4,1,1,0
56,All,9,6,2,3,8,2,1,-1
56,All,9,6,2,4,5,0,0,0
56,All,9,6,2,5,7,1,0,-1
56,All,10,5,2,1,2,0,1,1
56,All,10,5,2,1,3,1,1,0
56,All,10,5,2,1,4,1,2,1
56,All,10,5,2,1,5,2,2,0
56,All,10,5,2,2,4,0,0,0
56,All,10,5,2,3,4,0,0,0
56,All,10,5,2,3,5,1,0,-1
56,All,10,5,2,3,7,2,0,-2
56,All,10,5,2,5,3,1,0,-1
56,All,10,5,2,5,4,0,2,2
56,All,10,5,2,5,5,2,1,-1
56,All,11,4,2,1,2,1,0,-1
56,All,11,4,2,1,3,2,0,-2
56,All,11,4,2,2,3,1,0,-1
56,All,11,4,2,3,8,1,0,-1
56,All,12,6,3,1,2,0,1,1
56,All,12,6,3,1,3,1,1,0
56,All,12,6,3,3,4,0,1,1
56,All,12,6,3,4,4,0,0,0
56,All,12,6,3,4,8,1,0,-1
56,All,13,2,4,1,2,1,0,-1
56,All,13,2,4,1,3,0,2,2
56,All,16,5,3,1,2,0,1,1
56,All,16,5,3,2,2,1,0,-1
56,All,16,5,3,3,5,0,1,1
56,All,18,4,3,1,2,0,1,1
56,All,18,4,3,1,3,1,1,0
56,All,18,4,3,1,4,1,2,1
56,All,18,4,3,3,6,1,0,-1
57,All,1,2,1,2,9,0,1,1
57,All,2,2,2,1,2,0,1,1
57,All,4,3,1,1,2,0,1,1
57,All,4,3,1,1,4,1,1,0
57,All,4,3,1,2,2,0,1,1
57,All,4,3,1,3,4,0,0,0
57,All,4,3,1,3,5,0,1,1
57,All,4,3,1,3,8,1,1,0
57,All,5,6,1,1,2,1,0,-1
57,All,5,6,1,1,3,0,2,2
57,All,5,6,1,1,4,1,2,1
57,All,5,6,1,1,15,2,2,0
57,All,5,6,1,2,3,1,0,-1
57,All,5,6,1,2,4,0,2,2
57,All,5,6,1,2,5,1,2,1
57,All,5,6,1,2,6,2,2,0
57,All,5,6,1,2,7,3,2,-1
57,All,5,6,1,2,8,4,2,-2
57,All,5,6,1,2,9,2,5,3
57,All,5,6,1,2,10,3,5,2
57,All,5,6,1,2,12,5,4,-1
57,All,5,6,1,4,2,0,1,1
57,All,5,6,1,4,3,1,1,0
57,All,5,6,1,4,4,1,2,1
57,All,5,6,1,4,6,2,2,0
57,All,5,6,1,4,7,3,2,-1
57,All,5,6,1,4,11,2,4,2
57,All,5,6,1,4,15,4,3,-1
57,All,5,6,1,5,5,0,0,0
57,All,5,6,1,6,2,0,1,1
57,All,5,6,1,6,4,1,1,0
57,All,5,6,1,6,5,2,1,-1
57,All,5,6,1,6,6,3,1,-2
57,All,5,6,1,6,7,1,4,3
57,All,5,6,1,6,8,4,2,-2
57,All,5,6,1,6,9,2,5,3
57,All,5,6,1,6,15,3,5,2
57,All,6,4,1,1,2,0,1,1
57,All,6,4,1,1,6,1,1,0
57,All,6,4,1,3,2,0,1,1
57,All,6,4,1,4,2,0,1,1
57,All,6,4,1,4,3,1,1,0
57,All,7,5,1,1,3,0,1,1
57,All,7,5,1,1,5,1,1,0
57,All,7,5,1,2,3,1,0,-1
57,All,7,5,1,3,3,0,1,1
57,All,7,5,1,3,4,1,1,0
57,All,7,5,1,3,6,2,1,-1
57,All,7,5,1,3,8,3,1,-2
57,All,7,5,1,5,3,0,1,1
57,All,7,5,1,5,5,1,1,0
57,All,7,5,1,5,7,2,1,-1
57,All,7,5,1,5,8,1,3,2
57,All,8,3,2,2,2,0,1,1
57,All,8,3,2,2,3,1,1,0
57,All,9,4,2,1,2,1,0,-1
57,All,9,4,2,1,3,0,2,2
57,All,9,4,2,1,7,1,2,1
57,All,9,4,2,3,2,0,0,0
57,All,9,4,2,3,4,0,1,1
57,All,10,6,2,1,3,1,0,-1
57,All,10,6,2,1,4,2,0,-2
57,All,10,6,2,1,5,3,0,-3
57,All,10,6,2,4,2,1,0,-1
57,All,10,6,2,5,2,0,0,0
57,All,10,6,2,5,3,1,0,-1
57,All,11,5,2,1,2,0,1,1
57,All,11,5,2,1,3,1,1,0
57,All,11,5,2,1,6,2,1,-1
57,All,11,5,2,2,2,1,0,-1
57,All,11,5,2,2,5,0,2,2
57,All,11,5,2,3,2,0,1,1
57,All,11,5,2,3,3,1,1,0
57,All,11,5,2,3,4,2,1,-1
57,All,11,5,2,3,9,3,1,-2
57,All,11,5,2,5,2,1,0,-1
57,All,11,5,2,5,3,2,0,-2
57,All,14,2,6,1,2,0,1,1
57,All,14,2,6,2,2,0,1,1
57,All,15,3,3,2,2,0,1,1
57,All,15,3,3,3,9,1,0,-1
57,All,16,6,3,1,2,1,0,-1
57,All,16,6,3,1,3,2,0,-2
57,All,16,6,3,1,4,0,3,3
57,All,16,6,3,1,5,3,1,-2
57,All,16,6,3,1,7,4,1,-3
57,All,16,6,3,1,8,1,5,4
57,All,16,6,3,1,14,5,2,-3
57,All,16,6,3,2,2,1,0,-1
57,All,16,6,3,2,3,2,0,-2
57,All,16,6,3,2,5,0,3,3
57,All,16,6,3,2,6,3,1,-2
57,All,16,6,3,2,8,1,4,3
57,All,16,6,3,2,10,2,4,2
57,All,16,6,3,2,11,3,4,1
57,All,16,6,3,2,12,4,4,0
57,All,16,6,3,3,2,1,0,-1
57,All,16,6,3,3,3,0,2,2
57,All,16,6,3,3,7,2,1,-1
57,All,16,6,3,3,8,1,3,2
57,All,16,6,3,4,2,0,1,1
57,All,16,6,3,4,5,1,1,0
57,All,16,6,3,4,6,1,2,1
57,All,16,6,3,4,11,2,2,0
57,All,16,6,3,5,2,0,0,0
57,All,16,6,3,5,3,0,1,1
57,All,16,6,3,6,2,0,0,0
57,All,16,6,3,6,3,1,0,-1
57,All,17,4,3,1,2,1,0,-1
57,All,17,4,3,1,3,0,2,2
57,All,17,4,3,1,4,1,2,1
57,All,17,4,3,2,3,0,1,1
57,All,17,4,3,2,4,1,1,0
57,All,17,4,3,2,6,2,1,-1
57,All,17,4,3,3,4,0,1,1
57,All,18,5,3,2,2,0,1,1
57,All,18,5,3,2,3,1,1,0
57,All,18,5,3,2,4,1,2,1
57,All,18,5,3,2,5,2,2,0
57,All,18,5,3,3,3,0,1,1
57,All,18,5,3,4,2,0,1,1
57,All,18,5,3,4,4,1,1,0
57,All,18,5,3,4,7,1,2,1
57,All,18,5,3,4,8,2,2,0
57,All,18,5,3,5,2,0,0,0
57,All,18,5,3,5,4,0,1,1
58,All,2,3,1,1,2,0,1,1
58,All,2,3,1,3,8,0,0,0
58,All,3,2,2,1,2,0,1,1
58,All,4,4,1,3,2,0,1,1
58,All,4,4,1,4,2,0,1,1
58,All,5,2,3,2,2,0,1,1
58,All,6,3,2,2,2,0,1,1
58,All,6,3,2,3,2,0,1,1
58,All,7,6,1,1,2,0,1,1
58,All,7,6,1,5,2,1,0,-1
58,All,7,6,1,5,3,0,2,2
58,All,7,6,1,6,2,0,1,1
58,All,8,5,1,4,2,0,1,1
58,All,8,5,1,4,3,1,1,0
58,All,8,5,1,4,4,2,1,-1
58,All,8,5,1,5,2,0,1,1
58,All,8,5,1,5,3,1,1,0
58,All,9,4,2,4,3,1,0,-1
58,All,9,4,2,4,4,0,2,2
58,All,10,5,2,4,3,0,1,1
58,All,10,5,2,5,2,0,1,1
58,All,10,5,2,5,3,1,1,0
58,All,11,6,2,2,3,0,0,0
58,All,11,6,2,2,4,1,0,-1
58,All,11,6,2,3,3,0,0,0
58,All,11,6,2,3,4,1,0,-1
58,All,11,6,2,4,4,1,0,-1
58,All,11,6,2,5,3,0,1,1
58,All,11,6,2,5,4,1,1,0
58,All,11,6,2,6,2,0,1,1
58,All,13,3,3,3,2,0,1,1
58,All,14,2,5,2,2,0,1,1
58,All,15,4,3,2,8,0,1,1
58,All,15,4,3,4,2,0,1,1
58,All,15,4,3,4,3,1,1,0
58,All,16,2,6,2,2,0,1,1
58,All,17,3,4,2,2,0,1,1
58,All,17,3,4,3,2,0,1,1
58,All,18,6,3,1,3,0,0,0
58,All,18,6,3,1,4,1,0,-1
58,All,18,6,3,1,5,0,2,2
58,All,18,6,3,1,6,1,2,1
58,All,18,6,3,3,5,1,0,-1
58,All,18,6,3,4,3,1,0,-1
58,All,18,6,3,5,2,0,1,1
59,All,1,3,1,1,2,1,0,-1
59,All,1,3,1,3,2,0,1,1
59,All,1,3,1,3,4,1,1,0
59,All,2,4,1,1,3,1,0,-1
59,All,2,4,1,3,6,1,0,-1
59,All,2,4,1,4,2,0,0,0
59,All,3,2,1,1,2,0,1,1
59,All,3,2,1,2,2,0,1,1
59,All,4,3,2,1,4,1,0,-1
59,All,4,3,2,2,2,0,1,1
59,All,5,2,2,2,2,0,1,1
59,All,6,5,1,1,2,0,1,1
59,All,6,5,1,1,3,1,1,0
59,All,6,5,1,1,5,1,2,1
59,All,6,5,1,1,6,2,2,0
59,All,6,5,1,1,7,3,2,-1
59,All,6,5,1,1,8,2,4,2
59,All,6,5,1,1,11,3,4,1
59,All,6,5,1,1,14,4,4,0
59,All,6,5,1,2,6,1,0,-1
59,All,6,5,1,3,2,0,1,1
59,All,6,5,1,3,3,1,1,0
59,All,6,5,1,5,2,0,1,1
59,All,6,5,1,5,3,1,1,0
59,All,6,5,1,5,4,1,2,1
59,All,6,5,1,5,5,2,2,0
59,All,6,5,1,5,6,2,3,1
59,All,6,5,1,5,7,3,3,0
59,All,6,5,1,5,8,3,4,1
59,All,6,5,1,5,12,4,4,0
59,All,6,5,1,5,15,5,4,-1
59,All,7,2,3,1,5,1,0,-1
59,All,8,6,1,1,2,0,0,0
59,All,8,6,1,1,7,1,0,-1
59,All,8,6,1,3,2,0,1,1
59,All,8,6,1,3,3,1,1,0
59,All,8,6,1,3,4,1,2,1
59,All,8,6,1,4,3,0,1,1
59,All,8,6,1,4,4,1,1,0
59,All,8,6,1,4,5,1,2,1
59,All,8,6,1,4,11,2,2,0
59,All,8,6,1,5,3,1,0,-1
59,All,8,6,1,5,4,0,2,2
59,All,8,6,1,5,5,2,1,-1
59,All,8,6,1,5,6,1,3,2
59,All,8,6,1,6,2,0,0,0
59,All,8,6,1,6,3,0,1,1
59,All,8,6,1,6,4,1,1,0
59,All,8,6,1,6,5,2,1,-1
59,All,8,6,1,6,6,1,3,2
59,All,9,4,2,1,3,0,0,0
59,All,9,4,2,1,5,1,0,-1
59,All,9,4,2,1,7,2,0,-2
59,All,9,4,2,1,14,3,0,-3
59,All,9,4,2,1,15,4,0,-4
59,All,9,4,2,2,2,1,0,-1
59,All,9,4,2,2,3,0,2,2
59,All,9,4,2,2,4,2,1,-1
59,All,9,4,2,2,5,1,3,2
59,All,9,4,2,2,6,3,2,-1
59,All,9,4,2,2,7,4,2,-2
59,All,9,4,2,2,12,5,2,-3
59,All,9,4,2,2,15,6,2,-4
59,All,9,4,2,3,2,0,0,0
59,All,9,4,2,3,3,0,1,1
59,All,9,4,2,4,10,1,0,-1
59,All,10,6,2,1,3,1,0,-1
59,All,10,6,2,1,4,0,2,2
59,All,10,6,2,2,2,0,1,1
59,All,10,6,2,3,3,0,0,0
59,All,10,6,2,3,4,0,1,1
59,All,10,6,2,3,5,1,1,0
59,All,10,6,2,4,2,1,0,-1
59,All,10,6,2,4,3,0,2,2
59,All,11,5,2,3,9,0,0,0
59,All,12,3,3,3,5,0,1,1
59,All,12,3,3,3,7,1,1,0
59,All,13,4,3,3,2,0,1,1
59,All,13,4,3,4,2,0,1,1
59,All,13,4,3,4,3,1,1,0
59,All,13,4,3,4,4,1,2,1
59,All,14,2,4,2,2,1,0,-1
59,All,16,2,5,1,9,0,0,0
59,All,16,2,5,2,2,0,1,1
59,All,16,2,5,2,6,1,1,0
59,All,17,5,3,1,3,0,0,0
59,All,17,5,3,2,4,0,1,1
59,All,17,5,3,3,2,1,0,-1
59,All,17,5,3,3,3,0,2,2
59,All,17,5,3,3,4,1,2,1
59,All,17,5,3,3,6,2,2,0
59,All,17,5,3,4,4,0,1,1
59,All,17,5,3,4,9,1,1,0
59,All,17,5,3,5,2,0,1,1
59,All,18,2,6,1,2,0,0,0
59,All,18,2,6,1,3,0,1,1
60,All,1,4,1,1,2,0,1,1
60,All,1,4,1,1,3,1,1,0
60,All,1,4,1,1,6,2,1,-1
60,All,1,4,1,1,9,3,1,-2
60,All,1,4,1,2,2,0,1,1
60,All,3,3,2,1,2,0,1,1
60,All,4,5,1,1,2,0,1,1
60,All,5,2,1,2,3,0,0,0
60,All,6,6,1,1,2,0,1,1
60,All,6,6,1,1,7,1,1,0
60,All,6,6,1,2,2,0,1,1
60,All,6,6,1,2,3,1,1,0
60,All,6,6,1,2,5,2,1,-1
60,All,6,6,1,4,4,0,1,1
60,All,6,6,1,4,7,1,1,0
60,All,6,6,1,5,2,0,0,0
60,All,6,6,1,5,3,1,0,-1
60,All,7,2,2,1,2,0,1,1
60,All,7,2,2,2,2,0,1,1
60,All,8,2,3,1,2,0,1,1
60,All,9,5,2,1,3,0,1,1
60,All,9,5,2,1,4,1,1,0
60,All,9,5,2,2,2,0,1,1
60,All,9,5,2,3,2,0,1,1
60,All,9,5,2,3,3,1,1,0
60,All,10,4,2,1,2,0,1,1
60,All,11,6,2,1,2,0,1,1
60,All,11,6,2,1,3,1,1,0
60,All,11,6,2,4,2,0,1,1
60,All,11,6,2,4,3,1,1,0
60,All,11,6,2,4,4,1,2,1
60,All,11,6,2,4,5,2,2,0
60,All,11,6,2,4,6,3,2,-1
60,All,11,6,2,6,2,0,1,1
60,All,11,6,2,6,3,1,1,0
60,All,12,4,3,1,2,0,1,1
60,All,12,4,3,2,2,0,1,1
60,All,13,3,3,1,2,0,1,1
60,All,13,3,3,2,2,0,1,1
60,All,14,3,4,1,2,0,1,1
60,All,15,5,3,1,2,0,1,1
60,All,15,5,3,3,2,0,1,1
60,All,17,6,3,1,2,0,1,1
60,All,17,6,3,2,2,0,1,1
60,All,18,2,5,1,2,0,1,1
60,All,18,2,5,2,5,0,1,1
61,All,2,5,1,2,3,0,1,1
61,All,2,5,1,2,5,1,1,0
61,All,2,5,1,3,2,0,1,1
61,All,2,5,1,3,3,1,1,0
61,All,2,5,1,3,5,2,1,-1
61,All,2,5,1,3,7,1,3,2
61,All,3,4,1,1,2,1,0,-1
61,All,3,4,1,1,3,2,0,-2
61,All,3,4,1,1,7,0,3,3
61,All,3,4,1,3,2,1,0,-1
61,All,3,4,1,3,4,0,2,2
61,All,3,4,1,3,5,2,1,-1
61,All,3,4,1,4,2,0,1,1
61,All,4,6,1,1,2,0,1,1
61,All,4,6,1,1,3,1,1,0
61,All,4,6,1,1,4,2,1,-1
61,All,4,6,1,1,5,3,1,-2
61,All,4,6,1,1,6,1,4,3
61,All,4,6,1,1,7,4,2,-2
61,All,4,6,1,1,9,5,2,-3
61,All,4,6,1,1,10,2,6,4
61,All,4,6,1,1,14,6,3,-3
61,All,4,6,1,2,3,1,0,-1
61,All,4,6,1,2,4,2,0,-2
61,All,4,6,1,3,2,1,0,-1
61,All,4,6,1,3,3,0,2,2
61,All,4,6,1,3,5,1,2,1
61,All,4,6,1,3,6,2,2,0
61,All,4,6,1,3,7,2,3,1
61,All,4,6,1,3,8,3,3,0
61,All,4,6,1,3,13,4,3,-1
61,All,4,6,1,4,2,0,1,1
61,All,4,6,1,4,5,1,1,0
61,All,4,6,1,4,6,2,1,-1
61,All,4,6,1,4,10,3,1,-2
61,All,4,6,1,6,2,0,0,0
61,All,4,6,1,6,3,1,0,-1
61,All,4,6,1,6,4,2,0,-2
61,All,4,6,1,6,5,3,0,-3
61,All,4,6,1,6,6,0,4,4
61,All,4,6,1,6,8,1,4,3
61,All,5,3,2,3,2,0,1,1
61,All,6,2,1,1,2,0,1,1
61,All,6,2,1,1,3,1,1,0
61,All,7,2,2,2,2,0,1,1
61,All,8,2,3,1,2,0,1,1
61,All,9,5,2,1,2,0,1,1
61,All,9,5,2,1,3,1,1,0
61,All,9,5,2,1,8,1,2,1
61,All,11,6,2,1,3,1,0,-1
61,All,11,6,2,2,3,1,0,-1
61,All,11,6,2,2,4,2,0,-2
61,All,11,6,2,3,2,0,0,0
61,All,11,6,2,3,3,1,0,-1
61,All,11,6,2,3,4,0,2,2
61,All,11,6,2,3,5,1,2,1
61,All,11,6,2,3,6,2,2,0
61,All,11,6,2,4,2,1,0,-1
61,All,11,6,2,4,3,2,0,-2
61,All,11,6,2,5,2,0,1,1
61,All,11,6,2,5,3,1,1,0
61,All,11,6,2,5,4,1,2,1
61,All,11,6,2,6,3,0,0,0
61,All,12,3,3,1,2,0,1,1
61,All,12,3,3,3,2,0,1,1
61,All,13,5,3,1,2,0,1,1
61,All,13,5,3,1,3,1,1,0
61,All,13,5,3,1,4,1,2,1
61,All,13,5,3,1,6,2,2,0
61,All,13,5,3,1,7,2,3,1
61,All,13,5,3,2,2,1,0,-1
61,All,13,5,3,2,3,2,0,-2
61,All,13,5,3,2,4,3,0,-3
61,All,13,5,3,2,5,0,4,4
61,All,13,5,3,2,6,4,1,-3
61,All,13,5,3,3,2,0,1,1
61,All,13,5,3,3,3,1,1,0
61,All,13,5,3,3,6,2,1,-1
61,All,13,5,3,4,2,1,0,-1
61,All,13,5,3,5,2,0,1,1
61,All,13,5,3,5,3,1,1,0
61,All,13,5,3,5,4,1,2,1
61,All,13,5,3,5,5,2,2,0
61,All,13,5,3,5,9,2,3,1
61,All,14,4,3,1,2,1,0,-1
61,All,14,4,3,1,8,0,2,2
61,All,14,4,3,2,2,0,1,1
61,All,14,4,3,2,4,1,1,0
61,All,14,4,3,2,5,2,1,-1
61,All,14,4,3,3,2,0,1,1
61,All,14,4,3,3,3,1,1,0
61,All,14,4,3,3,4,2,1,-1
61,All,15,6,3,1,8,0,1,1
61,All,15,6,3,2,2,1,0,-1
61,All,15,6,3,3,2,1,0,-1
61,All,15,6,3,4,2,0,1,1
61,All,15,6,3,4,3,1,1,0
61,All,15,6,3,6,2,0,1,1
61,All,15,6,3,6,3,1,1,0
61,All,16,3,4,2,2,0,1,1
61,All,17,2,4,1,4,0,1,1
61,All,17,2,4,2,2,0,1,1
62,All,1,5,1,1,2,0,1,1
62,All,1,5,1,1,4,1,1,0
62,All,1,5,1,1,5,1,2,1
62,All,1,5,1,1,6,2,2,0
62,All,1,5,1,1,7,2,3,1
62,All,1,5,1,2,3,0,1,1
62,All,1,5,1,2,4,1,1,0
62,All,1,5,1,2,5,2,1,-1
62,All,1,5,1,2,6,1,3,2
62,All,1,5,1,3,4,1,0,-1
62,All,1,5,1,3,8,0,2,2
62,All,1,5,1,5,2,0,1,1
62,All,1,5,1,5,3,1,1,0
62,All,1,5,1,5,4,2,1,-1
62,All,1,5,1,5,5,3,1,-2
62,All,1,5,1,5,6,1,4,3
62,All,2,6,1,6,2,0,1,1
62,All,3,3,1,2,2,0,1,1
62,All,3,3,1,3,2,0,1,1
62,All,3,3,1,3,9,1,1,0
62,All,5,4,1,1,7,1,0,-1
62,All,5,4,1,4,2,0,1,1
62,All,6,2,2,2,3,1,0,-1
62,All,7,3,2,3,2,0,1,1
62,All,8,2,3,2,2,0,1,1
62,All,9,5,2,2,2,0,0,0
62,All,9,5,2,3,2,1,0,-1
62,All,9,5,2,3,3,0,2,2
62,All,9,5,2,4,2,0,1,1
62,All,9,5,2,4,4,1,1,0
62,All,9,5,2,4,6,2,1,-1
62,All,10,6,2,1,3,0,1,1
62,All,10,6,2,2,2,0,0,0
62,All,10,6,2,4,2,0,1,1
62,All,10,6,2,5,2,0,1,1
62,All,10,6,2,6,2,1,0,-1
62,All,11,4,2,1,4,0,0,0
62,All,11,4,2,2,2,0,1,1
62,All,11,4,2,2,6,1,1,0
62,All,12,5,3,3,4,0,1,1
62,All,12,5,3,3,5,1,1,0
62,All,12,5,3,3,8,2,1,-1
62,All,12,5,3,4,2,0,1,1
62,All,12,5,3,5,2,0,1,1
62,All,13,6,3,2,3,1,0,-1
62,All,13,6,3,3,3,0,1,1
62,All,13,6,3,6,2,0,1,1
62,All,14,3,3,2,5,1,0,-1
62,All,14,3,3,3,4,0,0,0
62,All,15,2,4,1,2,0,1,1
62,All,16,4,3,3,2,0,1,1
62,All,16,4,3,3,4,1,1,0
62,All,16,4,3,3,6,2,1,-1
62,All,16,4,3,4,2,0,1,1
62,All,17,2,5,2,2,1,0,-1
62,All,17,2,5,2,3,0,2,2
62,All,18,3,4,3,2,0,1,1
64,All,1,2,1,1,2,1,0,-1
64,All,1,2,1,2,4,0,1,1
64,All,2,2,2,2,2,0,1,1
64,All,3,6,1,1,3,0,1,1
64,All,3,6,1,1,5,1,1,0
64,All,3,6,1,2,2,0,1,1
64,All,3,6,1,2,3,1,1,0
64,All,3,6,1,2,4,2,1,-1
64,All,3,6,1,2,5,1,3,2
64,All,3,6,1,3,2,1,0,-1
64,All,3,6,1,3,3,0,2,2
64,All,3,6,1,3,5,1,2,1
64,All,3,6,1,5,2,0,0,0
64,All,3,6,1,5,3,1,0,-1
64,All,3,6,1,5,4,0,2,2
64,All,3,6,1,5,6,1,2,1
64,All,3,6,1,5,7,2,2,0
64,All,3,6,1,5,8,2,3,1
64,All,4,2,3,1,2,0,1,1
64,All,4,2,3,1,4,1,1,0
64,All,5,5,1,1,2,1,0,-1
64,All,5,5,1,1,3,0,2,2
64,All,5,5,1,1,5,1,2,1
64,All,5,5,1,3,2,0,1,1
64,All,5,5,1,4,2,0,1,1
64,All,6,3,1,1,7,0,1,1
64,All,6,3,1,2,7,0,0,0
64,All,6,3,1,3,2,0,1,1
64,All,8,4,1,1,4,0,0,0
64,All,8,4,1,3,2,0,1,1
64,All,8,4,1,3,5,1,1,0
64,All,8,4,1,4,6,0,1,1
64,All,9,5,2,1,3,0,1,1
64,All,9,5,2,2,2,0,0,0
64,All,9,5,2,3,2,1,0,-1
64,All,10,4,2,1,5,0,0,0
64,All,10,4,2,2,3,0,1,1
64,All,10,4,2,2,6,1,1,0
64,All,10,4,2,2,7,2,1,-1
64,All,10,4,2,2,8,3,1,-2
64,All,10,4,2,3,2,0,1,1
64,All,10,4,2,4,2,0,1,1
64,All,10,4,2,4,3,1,1,0
64,All,11,6,2,1,2,0,1,1
64,All,11,6,2,1,3,1,1,0
64,All,11,6,2,1,4,1,2,1
64,All,11,6,2,3,2,1,0,-1
64,All,11,6,2,3,4,2,0,-2
64,All,11,6,2,3,5,0,3,3
64,All,11,6,2,3,8,3,1,-2
64,All,11,6,2,4,2,0,1,1
64,All,11,6,2,5,2,0,1,1
64,All,11,6,2,5,4,1,1,0
64,All,11,6,2,6,2,1,0,-1
64,All,11,6,2,6,3,0,2,2
64,All,11,6,2,6,4,2,1,-1
64,All,14,6,3,1,3,0,0,0
64,All,14,6,3,1,4,1,0,-1
64,All,14,6,3,2,2,1,0,-1
64,All,14,6,3,2,3,0,2,2
64,All,14,6,3,3,2,0,0,0
64,All,14,6,3,5,2,1,0,-1
64,All,16,5,3,1,2,0,0,0
64,All,16,5,3,1,3,0,1,1
64,All,16,5,3,1,5,1,1,0
64,All,16,5,3,2,2,0,1,1
64,All,16,5,3,2,3,1,1,0
64,All,16,5,3,2,5,1,2,1
64,All,16,5,3,3,2,0,1,1
64,All,16,5,3,3,3,1,1,0
64,All,16,5,3,3,4,1,2,1
64,All,17,3,3,2,4,1,0,-1
64,All,17,3,3,3,2,0,1,1
64,All,17,3,3,3,4,1,1,0
64,All,17,3,3,3,5,2,1,-1
64,All,18,3,4,2,2,0,1,1
64,All,18,3,4,3,2,0,0,0
65,All,1,2,1,1,2,0,1,1
65,All,2,5,1,3,2,0,1,1
65,All,2,5,1,3,3,1,1,0
65,All,2,5,1,5,3,0,1,1
65,All,3,3,1,1,3,0,0,0
65,All,3,3,1,1,5,1,0,-1
65,All,3,3,1,2,2,0,1,1
65,All,3,3,1,3,5,0,1,1
65,All,7,4,1,2,2,0,1,1
65,All,8,6,1,1,2,0,1,1
65,All,8,6,1,1,3,1,1,0
65,All,8,6,1,1,5,1,2,1
65,All,8,6,1,1,6,2,2,0
65,All,8,6,1,1,7,2,3,1
65,All,8,6,1,3,2,0,1,1
65,All,8,6,1,3,3,1,1,0
65,All,8,6,1,3,4,1,2,1
65,All,8,6,1,3,6,2,2,0
65,All,8,6,1,3,7,2,3,1
65,All,8,6,1,3,8,3,3,0
65,All,8,6,1,5,2,1,0,-1
65,All,8,6,1,5,3,0,2,2
65,All,9,5,2,2,2,0,1,1
65,All,9,5,2,4,3,0,1,1
65,All,10,6,2,2,3,1,0,-1
65,All,10,6,2,3,2,0,1,1
65,All,10,6,2,3,3,1,1,0
65,All,10,6,2,3,5,2,1,-1
65,All,10,6,2,4,2,0,1,1
65,All,10,6,2,4,3,1,1,0
65,All,10,6,2,4,4,2,1,-1
65,All,10,6,2,5,4,0,1,1
65,All,10,6,2,5,5,1,1,0
65,All,11,4,2,1,3,0,1,1
65,All,11,4,2,1,8,1,1,0
65,All,11,4,2,2,2,0,1,1
65,All,11,4,2,3,2,0,1,1
65,All,12,2,4,1,2,0,1,1
65,All,15,2,5,2,2,0,1,1
65,All,16,2,6,1,2,0,1,1
65,All,17,3,4,3,9,1,0,-1
65,All,18,4,3,1,2,0,1,1
66,All,1,5,1,2,2,0,1,1
66,All,1,5,1,3,2,0,1,1
66,All,1,5,1,3,7,1,1,0
66,All,1,5,1,4,2,1,0,-1
66,All,1,5,1,4,3,0,2,2
66,All,2,2,1,1,2,0,1,1
66,All,3,2,2,1,2,0,1,1
66,All,3,2,2,2,2,0,1,1
66,All,4,3,1,1,6,0,1,1
66,All,4,3,1,2,2,0,1,1
66,All,4,3,1,3,5,0,0,0
66,All,6,6,1,1,2,1,0,-1
66,All,6,6,1,1,3,0,2,2
66,All,6,6,1,1,4,1,2,1
66,All,6,6,1,1,6,2,2,0
66,All,6,6,1,3,2,0,0,0
66,All,6,6,1,3,3,0,1,1
66,All,6,6,1,3,4,1,1,0
66,All,6,6,1,3,5,2,1,-1
66,All,6,6,1,4,2,0,1,1
66,All,6,6,1,4,3,1,1,0
66,All,6,6,1,4,5,2,1,-1
66,All,6,6,1,4,6,1,3,2
66,All,6,6,1,4,7,2,3,1
66,All,6,6,1,4,10,3,3,0
66,All,6,6,1,4,12,4,3,-1
66,All,6,6,1,5,3,0,0,0
66,All,6,6,1,6,4,0,1,1
66,All,7,2,3,1,2,0,1,1
66,All,8,4,1,2,2,0,1,1
66,All,8,4,1,2,3,1,1,0
66,All,8,4,1,3,3,0,0,0
66,All,8,4,1,3,6,0,1,1
66,All,9,6,2,1,3,0,0,0
66,All,9,6,2,2,2,1,0,-1
66,All,9,6,2,3,3,0,0,0
66,All,9,6,2,3,5,1,0,-1
66,All,9,6,2,4,3,0,0,0
66,All,9,6,2,4,5,1,0,-1
66,All,9,6,2,6,3,0,0,0
66,All,10,5,2,1,2,0,1,1
66,All,10,5,2,3,2,1,0,-1
66,All,10,5,2,3,3,0,2,2
66,All,10,5,2,3,4,2,1,-1
66,All,10,5,2,3,5,1,3,2
66,All,10,5,2,4,2,0,1,1
66,All,11,4,2,2,2,0,1,1
66,All,11,4,2,3,2,0,1,1
66,All,11,4,2,3,3,1,1,0
66,All,12,5,3,1,4,1,0,-1
66,All,12,5,3,2,2,0,1,1
66,All,12,5,3,2,8,1,1,0
66,All,12,5,3,4,2,0,1,1
66,All,12,5,3,4,3,1,1,0
66,All,12,5,3,4,4,1,2,1
66,All,13,2,4,1,2,0,1,1
66,All,13,2,4,1,9,1,1,0
66,All,15,3,3,3,4,1,0,-1
66,All,17,6,3,1,3,1,0,-1
66,All,17,6,3,1,4,2,0,-2
66,All,17,6,3,2,2,0,1,1
66,All,17,6,3,2,3,1,1,0
66,All,17,6,3,2,4,1,2,1
66,All,17,6,3,3,10,0,0,0
66,All,17,6,3,4,2,1,0,-1
66,All,17,6,3,4,3,0,2,2
66,All,17,6,3,4,4,1,2,1
66,All,17,6,3,4,5,2,2,0
66,All,17,6,3,4,7,3,2,-1
66,All,17,6,3,5,2,0,0,0
66,All,17,6,3,6,2,0,1,1
66,All,17,6,3,6,3,1,1,0
66,All,17,6,3,6,4,2,1,-1
66,All,17,6,3,6,6,1,3,2
66,All,17,6,3,6,7,3,2,-1
66,All,17,6,3,6,8,4,2,-2
66,All,17,6,3,6,12,5,2,-3
66,All,17,6,3,6,14,6,2,-4
66,All,18,2,6,2,2,0,1,1
67,All,1,2,1,1,9,0,1,1
67,All,2,3,1,2,2,1,0,-1
67,All,2,3,1,3,3,0,0,0
67,All,3,5,1,2,3,0,1,1
67,All,3,5,1,3,2,1,0,-1
67,All,3,5,1,3,3,2,0,-2
67,All,3,5,1,3,7,0,3,3
67,All,3,5,1,4,2,0,1,1
67,All,4,6,1,1,3,0,1,1
67,All,4,6,1,2,3,0,0,0
67,All,4,6,1,3,2,0,1,1
67,All,4,6,1,4,2,1,0,-1
67,All,4,6,1,5,3,0,0,0
67,All,4,6,1,6,2,0,1,1
67,All,4,6,1,6,3,1,1,0
67,All,6,4,1,1,2,0,1,1
67,All,6,4,1,1,3,1,1,0
67,All,6,4,1,1,4,2,1,-1
67,All,6,4,1,1,7,3,1,-2
67,All,6,4,1,2,2,0,1,1
67,All,6,4,1,2,3,1,1,0
67,All,6,4,1,3,2,0,1,1
67,All,6,4,1,4,2,0,1,1
67,All,7,3,2,1,2,0,0,0
67,All,7,3,2,1,9,1,0,-1
67,All,8,2,3,1,2,0,1,1
67,All,9,5,2,1,2,1,0,-1
67,All,9,5,2,1,3,2,0,-2
67,All,9,5,2,2,2,0,1,1
67,All,9,5,2,2,3,1,1,0
67,All,9,5,2,2,4,1,2,1
67,All,9,5,2,2,6,2,2,0
67,All,9,5,2,3,9,0,0,0
67,All,10,4,2,1,5,1,0,-1
67,All,10,4,2,3,3,0,0,0
67,All,11,6,2,1,2,0,1,1
67,All,11,6,2,1,4,1,1,0
67,All,11,6,2,1,6,2,1,-1
67,All,11,6,2,2,3,1,0,-1
67,All,11,6,2,2,4,0,2,2
67,All,11,6,2,3,2,0,1,1
67,All,11,6,2,3,3,1,1,0
67,All,11,6,2,3,4,2,1,-1
67,All,11,6,2,3,5,3,1,-2
67,All,11,6,2,6,2,0,0,0
67,All,13,3,3,1,2,0,1,1
67,All,13,3,3,1,4,1,1,0
67,All,13,3,3,1,7,2,1,-1
67,All,13,3,3,3,2,0,0,0
67,All,14,5,3,1,2,0,1,1
67,All,14,5,3,1,3,1,1,0
67,All,14,5,3,1,4,1,2,1
67,All,14,5,3,1,5,2,2,0
67,All,14,5,3,1,6,2,3,1
67,All,14,5,3,1,7,3,3,0
67,All,14,5,3,1,8,3,4,1
67,All,14,5,3,5,2,0,0,0
67,All,14,5,3,5,3,1,0,-1
67,All,14,5,3,5,4,0,2,2
67,All,14,5,3,5,5,2,1,-1
67,All,14,5,3,5,7,3,1,-2
67,All,15,6,3,1,3,1,0,-1
67,All,15,6,3,1,5,2,0,-2
67,All,15,6,3,2,4,1,0,-1
67,All,15,6,3,2,5,0,2,2
67,All,15,6,3,3,2,1,0,-1
67,All,15,6,3,3,3,0,2,2
67,All,15,6,3,3,4,1,2,1
67,All,15,6,3,3,5,2,2,0
67,All,15,6,3,3,6,3,2,-1
67,All,15,6,3,3,7,2,4,2
67,All,15,6,3,3,9,3,4,1
67,All,15,6,3,3,10,4,4,0
67,All,15,6,3,4,2,0,1,1
67,All,15,6,3,5,3,0,0,0
67,All,15,6,3,5,6,1,0,-1
67,All,15,6,3,6,2,0,0,0
67,All,16,2,5,2,2,0,1,1
67,All,17,4,3,1,3,1,0,-1
67,All,17,4,3,2,2,0,1,1
67,All,17,4,3,3,2,0,1,1
67,All,17,4,3,4,2,0,0,0
67,All,18,3,4,3,2,0,1,1
68,All,1,3,1,1,2,0,1,1
68,All,1,3,1,2,2,0,1,1
68,All,1,3,1,2,3,1,1,0
68,All,2,6,1,1,2,0,1,1
68,All,2,6,1,3,2,0,1,1
68,All,2,6,1,3,3,1,1,0
68,All,2,6,1,3,6,2,1,-1
68,All,2,6,1,4,5,0,0,0
68,All,2,6,1,5,2,0,0,0
68,All,2,6,1,5,3,0,1,1
68,All,2,6,1,5,5,1,1,0
68,All,2,6,1,5,9,2,1,-1
68,All,2,6,1,6,3,0,1,1
68,All,2,6,1,6,5,1,1,0
68,All,3,2,1,1,2,0,1,1
68,All,3,2,1,2,2,0,1,1
68,All,4,4,1,1,2,0,1,1
68,All,4,4,1,1,3,1,1,0
68,All,4,4,1,1,5,2,1,-1
68,All,4,4,1,3,2,0,1,1
68,All,4,4,1,3,6,1,1,0
68,All,5,5,1,2,2,0,1,1
68,All,5,5,1,2,4,1,1,0
68,All,5,5,1,2,5,1,2,1
68,All,5,5,1,2,9,2,2,0
68,All,5,5,1,5,3,0,0,0
68,All,6,2,2,1,2,0,1,1
68,All,7,2,3,1,2,0,1,1
68,All,7,2,3,2,2,0,1,1
68,All,8,3,2,1,2,0,1,1
68,All,8,3,2,1,3,1,1,0
68,All,8,3,2,2,2,0,1,1
68,All,8,3,2,3,2,0,0,0
68,All,8,3,2,3,3,0,1,1
68,All,9,5,2,2,2,1,0,-1
68,All,9,5,2,4,3,1,0,-1
68,All,9,5,2,4,4,2,0,-2
68,All,9,5,2,4,5,3,0,-3
68,All,9,5,2,4,6,4,0,-4
68,All,9,5,2,5,2,0,1,1
68,All,10,6,2,1,2,1,0,-1
68,All,10,6,2,3,2,0,1,1
68,All,10,6,2,3,3,1,1,0
68,All,10,6,2,3,4,2,1,-1
68,All,10,6,2,3,5,3,1,-2
68,All,10,6,2,5,3,1,0,-1
68,All,10,6,2,6,2,0,1,1
68,All,10,6,2,6,3,1,1,0
68,All,10,6,2,6,6,2,1,-1
68,All,11,4,2,3,2,0,1,1
68,All,11,4,2,3,3,1,1,0
68,All,11,4,2,3,4,1,2,1
68,All,11,4,2,4,2,1,0,-1
68,All,11,4,2,4,5,2,0,-2
68,All,11,4,2,4,6,3,0,-3
68,All,13,6,3,1,2,0,1,1
68,All,13,6,3,1,3,1,1,0
68,All,13,6,3,2,2,1,0,-1
68,All,13,6,3,4,2,1,0,-1
68,All,13,6,3,4,3,2,0,-2
68,All,13,6,3,4,6,3,0,-3
68,All,13,6,3,6,2,0,0,0
68,All,13,6,3,6,3,1,0,-1
68,All,13,6,3,6,4,0,2,2
68,All,13,6,3,6,8,1,2,1
68,All,14,2,4,2,2,0,1,1
68,All,15,4,3,1,6,0,1,1
68,All,15,4,3,2,5,0,0,0
68,All,15,4,3,3,2,0,1,1
68,All,15,4,3,3,3,1,1,0
68,All,15,4,3,4,9,0,0,0
68,All,16,5,3,1,3,1,0,-1
68,All,16,5,3,1,9,2,0,-2
68,All,16,5,3,4,3,1,0,-1
68,All,16,5,3,5,2,0,1,1
68,All,17,2,5,1,2,1,0,-1
69,All,1,6,1,1,3,0,0,0
69,All,1,6,1,1,11,0,1,1
69,All,1,6,1,2,2,0,0,0
69,All,1,6,1,2,3,0,1,1
69,All,1,6,1,2,4,1,1,0
69,All,1,6,1,2,5,2,1,-1
69,All,1,6,1,3,2,1,0,-1
69,All,1,6,1,3,3,2,0,-2
69,All,1,6,1,3,4,0,3,3
69,All,1,6,1,3,6,3,1,-2
69,All,1,6,1,3,7,1,4,3
69,All,1,6,1,3,9,4,2,-2
69,All,1,6,1,3,11,5,2,-3
69,All,1,6,1,4,2,0,0,0
69,All,1,6,1,4,3,1,0,-1
69,All,1,6,1,4,5,2,0,-2
69,All,1,6,1,5,3,0,0,0
69,All,1,6,1,5,5,1,0,-1
69,All,1,6,1,6,2,0,1,1
69,All,1,6,1,6,8,1,1,0
69,All,1,6,1,6,9,2,1,-1
69,All,2,4,1,1,2,0,1,1
69,All,2,4,1,1,3,1,1,0
69,All,2,4,1,1,5,1,2,1
69,All,2,4,1,2,2,0,1,1
69,All,2,4,1,2,9,1,1,0
69,All,2,4,1,4,2,1,0,-1
69,All,3,3,1,1,2,0,1,1
69,All,3,3,1,2,2,0,1,1
69,All,3,3,1,3,2,0,1,1
69,All,3,3,1,3,7,1,1,0
69,All,5,2,2,1,2,0,1,1
69,All,5,2,2,2,2,0,1,1
69,All,6,3,2,1,2,0,1,1
69,All,7,5,1,1,2,1,0,-1
69,All,7,5,1,2,2,0,1,1
69,All,7,5,1,2,3,1,1,0
69,All,7,5,1,2,6,2,1,-1
69,All,7,5,1,2,8,3,1,-2
69,All,7,5,1,3,2,0,1,1
69,All,7,5,1,3,3,1,1,0
69,All,9,4,2,1,2,0,1,1
69,All,9,4,2,1,3,1,1,0
69,All,9,4,2,1,6,2,1,-1
69,All,10,6,2,2,3,0,1,1
69,All,10,6,2,2,4,1,1,0
69,All,10,6,2,2,5,1,2,1
69,All,10,6,2,2,6,2,2,0
69,All,10,6,2,2,7,2,3,1
69,All,10,6,2,2,8,3,3,0
69,All,10,6,2,2,9,4,3,-1
69,All,10,6,2,2,10,5,3,-2
69,All,10,6,2,2,12,3,6,3
69,All,10,6,2,3,2,1,0,-1
69,All,10,6,2,3,3,0,2,2
69,All,10,6,2,3,4,2,1,-1
69,All,10,6,2,3,5,1,3,2
69,All,10,6,2,3,6,3,2,-1
69,All,10,6,2,3,7,2,4,2
69,All,10,6,2,3,8,3,4,1
69,All,10,6,2,4,2,0,1,1
69,All,10,6,2,4,4,1,1,0
69,All,10,6,2,4,5,2,1,-1
69,All,10,6,2,4,7,1,3,2
69,All,10,6,2,4,8,3,2,-1
69,All,10,6,2,5,2,1,0,-1
69,All,10,6,2,5,3,2,0,-2
69,All,10,6,2,5,6,0,3,3
69,All,11,5,2,1,2,0,1,1
69,All,11,5,2,1,5,1,1,0
69,All,11,5,2,2,2,0,1,1
69,All,11,5,2,2,3,1,1,0
69,All,11,5,2,2,4,1,2,1
69,All,11,5,2,2,5,2,2,0
69,All,11,5,2,2,6,3,2,-1
69,All,11,5,2,2,8,4,2,-2
69,All,11,5,2,2,10,5,2,-3
69,All,11,5,2,3,2,0,1,1
69,All,11,5,2,3,3,1,1,0
69,All,11,5,2,3,4,2,1,-1
69,All,11,5,2,4,2,0,1,1
69,All,12,6,3,5,7,0,0,0
69,All,13,4,3,2,2,1,0,-1
69,All,13,4,3,2,5,0,2,2
69,All,14,3,3,1,5,1,0,-1
69,All,14,3,3,2,2,0,0,0
69,All,14,3,3,2,3,0,1,1
69,All,15,2,4,1,2,0,1,1
69,All,17,3,4,2,2,0,1,1
69,All,17,3,4,2,3,1,1,0
69,All,17,3,4,3,2,0,0,0
69,All,17,3,4,3,3,0,1,1
69,All,18,5,3,1,3,1,0,-1
69,All,18,5,3,3,2,0,0,0
69,All,18,5,3,3,3,1,0,-1
69,All,18,5,3,3,4,0,2,2
69,All,18,5,3,3,5,2,1,-1
69,All,18,5,3,3,7,3,1,-2
69,All,18,5,3,3,8,4,1,-3
69,All,18,5,3,4,2,0,1,1
69,All,18,5,3,4,3,1,1,0
69,All,18,5,3,4,4,1,2,1
69,All,18,5,3,4,5,2,2,0
69,All,18,5,3,4,6,3,2,-1
69,All,18,5,3,4,7,2,4,2
70,All,1,4,1,3,3,1,0,-1
70,All,2,2,1,1,2,0,1,1
70,All,2,2,1,1,6,1,1,0
70,All,2,2,1,1,7,1,2,1
70,All,2,2,1,1,10,2,2,0
70,All,2,2,1,2,10,1,0,-1
70,All,3,6,1,1,5,1,0,-1
70,All,3,6,1,1,6,0,2,2
70,All,3,6,1,1,8,1,2,1
70,All,3,6,1,1,10,2,2,0
70,All,3,6,1,1,11,2,3,1
70,All,3,6,1,1,12,3,3,0
70,All,3,6,1,1,13,4,3,-1
70,All,3,6,1,1,14,5,3,-2
70,All,3,6,1,2,2,0,0,0
70,All,3,6,1,2,3,0,1,1
70,All,3,6,1,2,4,1,1,0
70,All,3,6,1,2,5,2,1,-1
70,All,3,6,1,2,6,1,3,2
70,All,3,6,1,2,8,2,3,1
70,All,3,6,1,2,11,3,3,0
70,All,3,6,1,2,12,4,3,-1
70,All,3,6,1,2,14,5,3,-2
70,All,3,6,1,3,2,1,0,-1
70,All,3,6,1,3,4,0,2,2
70,All,3,6,1,3,6,1,2,1
70,All,3,6,1,3,7,2,2,0
70,All,3,6,1,3,8,3,2,-1
70,All,3,6,1,3,9,4,2,-2
70,All,3,6,1,3,11,5,2,-3
70,All,3,6,1,3,12,6,2,-4
70,All,3,6,1,3,15,7,2,-5
70,All,3,6,1,4,4,1,0,-1
70,All,3,6,1,4,5,2,0,-2
70,All,3,6,1,5,2,0,1,1
70,All,3,6,1,5,3,1,1,0
70,All,3,6,1,5,4,1,2,1
70,All,4,3,1,1,5,0,0,0
70,All,4,3,1,2,3,0,0,0
70,All,5,3,2,1,5,0,0,0
70,All,5,3,2,2,2,0,1,1
70,All,5,3,2,2,3,1,1,0
70,All,5,3,2,3,3,1,0,-1
70,All,5,3,2,3,5,0,2,2
70,All,5,3,2,3,6,1,2,1
70,All,6,2,2,2,2,0,1,1
70,All,6,2,2,2,3,1,1,0
70,All,7,2,3,1,8,0,1,1
70,All,7,2,3,2,2,0,1,1
70,All,7,2,3,2,8,1,1,0
70,All,7,2,3,2,9,2,1,-1
70,All,8,5,1,2,2,0,0,0
70,All,8,5,1,2,6,1,0,-1
70,All,8,5,1,3,2,0,1,1
70,All,8,5,1,3,3,1,1,0
70,All,8,5,1,3,9,1,2,1
70,All,8,5,1,4,2,0,0,0
70,All,8,5,1,4,3,1,0,-1
70,All,8,5,1,4,5,0,2,2
70,All,8,5,1,4,6,2,1,-1
70,All,8,5,1,5,2,1,0,-1
70,All,9,4,2,1,2,0,1,1
70,All,9,4,2,1,3,1,1,0
70,All,9,4,2,1,5,1,2,1
70,All,9,4,2,3,2,0,0,0
70,All,9,4,2,3,3,1,0,-1
70,All,10,6,2,1,2,1,0,-1
70,All,10,6,2,3,2,0,1,1
70,All,11,5,2,1,2,0,1,1
70,All,11,5,2,1,3,1,1,0
70,All,11,5,2,1,4,1,2,1
70,All,11,5,2,1,5,2,2,0
70,All,11,5,2,1,10,3,2,-1
70,All,11,5,2,2,3,0,1,1
70,All,11,5,2,4,2,1,0,-1
70,All,11,5,2,4,3,0,2,2
70,All,12,4,3,1,3,0,0,0
70,All,12,4,3,2,2,0,1,1
70,All,12,4,3,2,3,1,1,0
70,All,12,4,3,2,8,2,1,-1
70,All,12,4,3,3,2,1,0,-1
70,All,12,4,3,3,3,2,0,-2
70,All,12,4,3,3,4,0,3,3
70,All,12,4,3,3,7,1,3,2
70,All,13,2,4,1,9,1,0,-1
70,All,13,2,4,2,6,0,0,0
70,All,14,6,3,1,2,1,0,-1
70,All,14,6,3,1,3,0,2,2
70,All,14,6,3,3,2,0,1,1
70,All,14,6,3,5,2,0,1,1
70,All,15,3,3,1,2,0,1,1
70,All,15,3,3,1,3,1,1,0
70,All,15,3,3,1,4,2,1,-1
70,All,15,3,3,1,6,3,1,-2
70,All,15,3,3,3,2,0,1,1
70,All,15,3,3,3,3,1,1,0
70,All,15,3,3,3,4,1,2,1
70,All,16,3,4,2,2,0,1,1
70,All,18,2,6,1,2,0,1,1
71,All,1,2,1,1,2,0,1,1
71,All,2,3,1,2,2,1,0,-1
71,All,2,3,1,2,3,2,0,-2
71,All,2,3,1,2,4,0,3,3
71,All,3,4,1,1,6,1,0,-1
71,All,3,4,1,2,2,0,1,1
71,All,3,4,1,2,3,1,1,0
71,All,3,4,1,2,4,1,2,1
71,All,3,4,1,2,6,2,2,0
71,All,4,2,2,1,2,0,1,1
71,All,4,2,2,1,3,1,1,0
71,All,4,2,2,2,2,0,1,1
71,All,5,6,1,1,3,0,1,1
71,All,5,6,1,3,2,0,1,1
71,All,5,6,1,3,3,1,1,0
71,All,5,6,1,3,4,1,2,1
71,All,5,6,1,3,5,2,2,0
71,All,5,6,1,3,6,2,3,1
71,All,5,6,1,3,7,3,3,0
71,All,5,6,1,4,8,0,0,0
71,All,5,6,1,5,2,0,1,1
71,All,6,5,1,1,4,1,0,-1
71,All,6,5,1,3,3,0,0,0
71,All,6,5,1,3,4,1,0,-1
71,All,6,5,1,3,5,2,0,-2
71,All,6,5,1,3,6,0,3,3
71,All,6,5,1,3,8,3,1,-2
71,All,6,5,1,3,9,1,4,3
71,All,6,5,1,4,3,0,0,0
71,All,6,5,1,4,4,1,0,-1
71,All,6,5,1,5,2,0,0,0
71,All,6,5,1,5,6,1,0,-1
71,All,6,5,1,5,7,2,0,-2
71,All,7,3,2,1,7,0,0,0
71,All,7,3,2,2,2,1,0,-1
71,All,7,3,2,3,2,1,0,-1
71,All,7,3,2,3,3,0,2,2
71,All,8,2,3,1,2,0,1,1
71,All,9,5,2,2,2,0,0,0
71,All,9,5,2,2,3,1,0,-1
71,All,9,5,2,2,4,0,2,2
71,All,9,5,2,4,2,1,0,-1
71,All,10,6,2,2,2,1,0,-1
71,All,10,6,2,2,5,0,2,2
71,All,10,6,2,2,6,1,2,1
71,All,10,6,2,2,7,2,2,0
71,All,10,6,2,2,8,2,3,1
71,All,10,6,2,2,9,3,3,0
71,All,10,6,2,2,10,3,4,1
71,All,10,6,2,2,11,4,4,0
71,All,10,6,2,4,2,1,0,-1
71,All,10,6,2,4,3,2,0,-2
71,All,10,6,2,4,4,3,0,-3
71,All,10,6,2,4,5,4,0,-4
71,All,10,6,2,5,4,0,0,0
71,All,10,6,2,6,2,1,0,-1
71,All,10,6,2,6,5,2,0,-2
71,All,10,6,2,6,6,3,0,-3
71,All,10,6,2,6,12,4,0,-4
71,All,10,6,2,6,13,5,0,-5
71,All,11,4,2,1,4,0,1,1
71,All,11,4,2,2,2,0,1,1
71,All,11,4,2,2,6,1,1,0
71,All,11,4,2,2,7,2,1,-1
71,All,11,4,2,2,12,3,1,-2
71,All,11,4,2,2,13,4,1,-3
71,All,11,4,2,4,2,0,1,1
71,All,11,4,2,4,3,1,1,0
71,All,12,2,4,1,2,0,1,1
71,All,12,2,4,1,3,1,1,0
71,All,13,3,3,1,8,0,0,0
71,All,13,3,3,2,5,0,0,0
71,All,13,3,3,2,9,1,0,-1
71,All,13,3,3,3,2,0,1,1
71,All,13,3,3,3,5,1,1,0
71,All,14,4,3,1,2,0,1,1
71,All,14,4,3,1,3,1,1,0
71,All,14,4,3,2,9,0,1,1
71,All,14,4,3,4,2,0,1,1
71,All,16,6,3,1,2,0,1,1
71,All,16,6,3,1,3,1,1,0
71,All,16,6,3,1,5,1,2,1
71,All,16,6,3,1,6,2,2,0
71,All,16,6,3,2,2,0,1,1
71,All,16,6,3,2,3,1,1,0
71,All,16,6,3,2,4,1,2,1
71,All,16,6,3,2,5,2,2,0
71,All,16,6,3,2,6,2,3,1
71,All,16,6,3,2,7,3,3,0
71,All,16,6,3,2,8,4,3,-1
71,All,16,6,3,2,9,5,3,-2
71,All,16,6,3,3,2,1,0,-1
71,All,16,6,3,3,3,0,2,2
71,All,16,6,3,3,4,1,2,1
71,All,16,6,3,3,5,2,2,0
71,All,16,6,3,3,6,2,3,1
71,All,16,6,3,3,7,3,3,0
71,All,16,6,3,3,8,4,3,-1
71,All,16,6,3,3,9,5,3,-2
71,All,16,6,3,3,10,6,3,-3
71,All,16,6,3,3,11,3,7,4
71,All,16,6,3,3,12,4,7,3
71,All,16,6,3,3,14,5,7,2
71,All,16,6,3,4,12,0,1,1
71,All,16,6,3,5,2,0,0,0
71,All,16,6,3,5,8,1,0,-1
71,All,16,6,3,5,12,2,0,-2
71,All,16,6,3,6,2,1,0,-1
71,All,16,6,3,6,3,2,0,-2
71,All,16,6,3,6,4,0,3,3
71,All,16,6,3,6,5,1,3,2
71,All,16,6,3,6,6,2,3,1
71,All,16,6,3,6,7,3,3,0
71,All,17,5,3,1,2,1,0,-1
71,All,17,5,3,1,3,0,2,2
71,All,17,5,3,1,4,2,1,-1
71,All,17,5,3,4,2,0,1,1
71,All,17,5,3,4,3,1,1,0
71,All,17,5,3,4,4,1,2,1
71,All,17,5,3,4,5,2,2,0
71,All,17,5,3,5,9,0,0,0
71,All,17,5,3,5,12,0,1,1
71,All,18,3,4,2,13,1,0,-1
72,All,1,3,1,1,2,0,1,1
72,All,1,3,1,1,8,1,1,0
72,All,1,3,1,3,3,0,0,0
72,All,3,2,2,1,2,0,1,1
72,All,4,5,1,1,2,1,0,-1
72,All,4,5,1,1,4,2,0,-2
72,All,4,5,1,1,5,3,0,-3
72,All,4,5,1,1,9,0,4,4
72,All,4,5,1,1,10,1,4,3
72,All,4,5,1,1,12,2,4,2
72,All,4,5,1,2,2,0,0,0
72,All,4,5,1,2,4,0,1,1
72,All,4,5,1,2,5,1,1,0
72,All,4,5,1,2,6,1,2,1
72,All,4,5,1,2,7,2,2,0
72,All,4,5,1,2,9,2,3,1
72,All,4,5,1,2,10,3,3,0
72,All,4,5,1,2,12,4,3,-1
72,All,4,5,1,3,2,0,1,1
72,All,4,5,1,3,3,1,1,0
72,All,4,5,1,3,4,1,2,1
72,All,4,5,1,3,5,2,2,0
72,All,4,5,1,3,6,3,2,-1
72,All,4,5,1,3,7,2,4,2
72,All,4,5,1,4,2,1,0,-1
72,All,4,5,1,4,3,2,0,-2
72,All,4,5,1,4,4,0,3,3
72,All,4,5,1,4,6,1,3,2
72,All,4,5,1,4,7,2,3,1
72,All,4,5,1,4,8,3,3,0
72,All,4,5,1,4,9,3,4,1
72,All,4,5,1,5,4,0,0,0
72,All,4,5,1,5,5,0,1,1
72,All,4,5,1,5,6,1,1,0
72,All,5,4,1,1,2,0,1,1
72,All,5,4,1,1,4,1,1,0
72,All,5,4,1,1,5,2,1,-1
72,All,5,4,1,2,2,1,0,-1
72,All,5,4,1,2,3,2,0,-2
72,All,5,4,1,3,2,0,1,1
72,All,5,4,1,4,2,0,1,1
72,All,5,4,1,4,3,1,1,0
72,All,6,2,3,1,2,0,1,1
72,All,7,6,1,1,2,1,0,-1
72,All,7,6,1,1,3,2,0,-2
72,All,7,6,1,1,4,3,0,-3
72,All,7,6,1,1,5,0,4,4
72,All,7,6,1,1,6,1,4,3
72,All,7,6,1,2,3,0,1,1
72,All,7,6,1,3,2,1,0,-1
72,All,7,6,1,4,2,0,0,0
72,All,7,6,1,6,3,0,0,0
72,All,7,6,1,6,4,1,0,-1
72,All,7,6,1,6,5,2,0,-2
72,All,7,6,1,6,9,3,0,-3
72,All,8,3,2,2,2,0,1,1
72,All,9,4,2,1,2,0,0,0
72,All,9,4,2,1,4,1,0,-1
72,All,9,4,2,2,2,1,0,-1
72,All,9,4,2,2,3,0,2,2
72,All,9,4,2,2,4,2,1,-1
72,All,9,4,2,2,5,1,3,2
72,All,9,4,2,3,6,0,0,0
72,All,10,6,2,1,2,1,0,-1
72,All,10,6,2,1,3,2,0,-2
72,All,10,6,2,3,2,0,1,1
72,All,10,6,2,3,3,1,1,0
72,All,10,6,2,3,9,2,1,-1
72,All,10,6,2,4,2,1,0,-1
72,All,10,6,2,4,3,2,0,-2
72,All,10,6,2,4,4,3,0,-3
72,All,10,6,2,4,5,0,4,4
72,All,10,6,2,6,2,0,0,0
72,All,10,6,2,6,3,1,0,-1
72,All,10,6,2,6,4,2,0,-2
72,All,10,6,2,6,5,3,0,-3
72,All,10,6,2,6,6,4,0,-4
72,All,10,6,2,6,7,0,5,5
72,All,10,6,2,6,9,5,1,-4
72,All,11,5,2,1,2,0,0,0
72,All,11,5,2,1,3,0,1,1
72,All,11,5,2,1,4,1,1,0
72,All,11,5,2,1,5,1,2,1
72,All,11,5,2,1,6,2,2,0
72,All,11,5,2,1,7,2,3,1
72,All,11,5,2,2,9,0,1,1
72,All,11,5,2,3,4,1,0,-1
72,All,12,3,3,1,4,0,1,1
72,All,12,3,3,2,2,0,1,1
72,All,12,3,3,3,3,0,1,1
72,All,13,2,4,1,4,0,1,1
72,All,13,2,4,2,2,1,0,-1
72,All,13,2,4,2,6,0,2,2
72,All,15,5,3,1,2,1,0,-1
72,All,15,5,3,2,3,0,1,1
72,All,15,5,3,4,2,0,0,0
72,All,15,5,3,4,3,0,1,1
72,All,15,5,3,4,4,1,1,0
72,All,15,5,3,4,5,2,1,-1
72,All,15,5,3,4,6,1,3,2
72,All,15,5,3,5,9,0,0,0
72,All,16,4,3,2,2,0,1,1
72,All,16,4,3,4,7,0,0,0
72,All,18,6,3,1,2,0,1,1
72,All,18,6,3,1,3,1,1,0
72,All,18,6,3,1,4,1,2,1
72,All,18,6,3,1,5,2,2,0
72,All,18,6,3,1,7,3,2,-1
72,All,18,6,3,3,2,1,0,-1
72,All,18,6,3,3,9,2,0,-2
72,All,18,6,3,4,2,0,1,1
72,All,18,6,3,4,3,1,1,0
72,All,18,6,3,4,4,2,1,-1
72,All,18,6,3,4,5,3,1,-2
72,All,18,6,3,5,2,0,1,1
72,All,18,6,3,5,3,1,1,0
72,All,18,6,3,5,4,2,1,-1
72,All,18,6,3,5,5,3,1,-2
72,All,18,6,3,5,6,4,1,-3
72,All,18,6,3,5,7,5,1,-4
72,All,18,6,3,5,8,1,6,5
72,All,18,6,3,5,9,6,2,-4
72,All,18,6,3,6,6,0,0,0
73,All,2,5,1,1,2,1,0,-1
73,All,2,5,1,1,3,0,2,2
73,All,2,5,1,1,4,1,2,1
73,All,2,5,1,1,6,2,2,0
73,All,2,5,1,1,7,3,2,-1
73,All,2,5,1,1,8,4,2,-2
73,All,2,5,1,1,10,5,2,-3
73,All,2,5,1,2,3,0,1,1
73,All,2,5,1,2,4,1,1,0
73,All,2,5,1,2,6,1,2,1
73,All,2,5,1,2,8,2,2,0
73,All,2,5,1,2,12,3,2,-1
73,All,2,5,1,4,2,1,0,-1
73,All,2,5,1,4,3,2,0,-2
73,All,2,5,1,4,4,3,0,-3
73,All,3,2,2,1,2,0,1,1
73,All,3,2,2,2,2,0,1,1
73,All,3,2,2,2,3,1,1,0
73,All,3,2,2,2,4,1,2,1
73,All,4,4,1,1,2,1,0,-1
73,All,4,4,1,2,2,0,1,1
73,All,4,4,1,3,2,0,1,1
73,All,5,6,1,1,3,0,0,0
73,All,5,6,1,1,4,0,1,1
73,All,5,6,1,1,5,1,1,0
73,All,5,6,1,1,6,1,2,1
73,All,5,6,1,1,7,2,2,0
73,All,5,6,1,1,8,3,2,-1
73,All,5,6,1,1,9,2,4,2
73,All,5,6,1,2,2,0,1,1
73,All,5,6,1,2,3,1,1,0
73,All,5,6,1,2,4,1,2,1
73,All,5,6,1,2,5,2,2,0
73,All,5,6,1,2,6,3,2,-1
73,All,5,6,1,2,7,4,2,-2
73,All,5,6,1,2,8,2,5,3
73,All,5,6,1,3,2,1,0,-1
73,All,5,6,1,3,3,0,2,2
73,All,5,6,1,3,4,1,2,1
73,All,5,6,1,3,5,2,2,0
73,All,5,6,1,4,2,1,0,-1
73,All,5,6,1,4,4,0,2,2
73,All,5,6,1,4,5,1,2,1
73,All,5,6,1,4,7,2,2,0
73,All,5,6,1,4,8,2,3,1
73,All,5,6,1,4,9,3,3,0
73,All,5,6,1,4,10,4,3,-1
73,All,5,6,1,4,11,5,3,-2
73,All,5,6,1,5,2,0,0,0
73,All,5,6,1,5,4,0,1,1
73,All,5,6,1,5,5,1,1,0
73,All,5,6,1,5,7,1,2,1
73,All,5,6,1,5,14,2,2,0
73,All,5,6,1,6,3,0,0,0
73,All,5,6,1,6,4,0,1,1
73,All,5,6,1,6,5,1,1,0
73,All,5,6,1,6,6,2,1,-1
73,All,5,6,1,6,7,3,1,-2
73,All,5,6,1,6,8,4,1,-3
73,All,5,6,1,6,9,5,1,-4
73,All,5,6,1,6,10,6,1,-5
73,All,5,6,1,6,14,7,1,-6
73,All,7,3,2,1,2,1,0,-1
73,All,7,3,2,1,3,2,0,-2
73,All,7,3,2,2,2,0,1,1
73,All,7,3,2,2,3,1,1,0
73,All,7,3,2,2,4,1,2,1
73,All,9,5,2,1,2,1,0,-1
73,All,9,5,2,1,3,0,2,2
73,All,9,5,2,1,4,1,2,1
73,All,9,5,2,1,5,2,2,0
73,All,9,5,2,2,2,1,0,-1
73,All,9,5,2,2,4,2,0,-2
73,All,9,5,2,3,3,0,0,0
73,All,9,5,2,3,4,1,0,-1
73,All,9,5,2,3,5,2,0,-2
73,All,9,5,2,3,7,3,0,-3
73,All,10,6,2,2,3,1,0,-1
73,All,10,6,2,2,4,0,2,2
73,All,10,6,2,2,5,2,1,-1
73,All,10,6,2,2,6,3,1,-2
73,All,10,6,2,3,3,1,0,-1
73,All,10,6,2,3,4,2,0,-2
73,All,10,6,2,3,5,0,3,3
73,All,10,6,2,3,7,1,3,2
73,All,10,6,2,3,8,2,3,1
73,All,10,6,2,3,9,3,3,0
73,All,10,6,2,3,10,3,4,1
73,All,10,6,2,3,11,4,4,0
73,All,10,6,2,3,12,4,5,1
73,All,10,6,2,3,13,5,5,0
73,All,10,6,2,3,14,5,6,1
73,All,10,6,2,3,15,6,6,0
73,All,10,6,2,4,3,1,0,-1
73,All,10,6,2,4,4,2,0,-2
73,All,10,6,2,4,5,3,0,-3
73,All,10,6,2,4,6,4,0,-4
73,All,10,6,2,4,7,5,0,-5
73,All,10,6,2,4,8,6,0,-6
73,All,10,6,2,4,9,7,0,-7
73,All,10,6,2,4,10,8,0,-8
73,All,10,6,2,4,12,9,0,-9
73,All,10,6,2,4,13,10,0,-10
73,All,10,6,2,4,14,11,0,-11
73,All,10,6,2,5,3,1,0,-1
73,All,10,6,2,5,4,2,0,-2
73,All,10,6,2,5,6,3,0,-3
73,All,10,6,2,5,7,4,0,-4
73,All,10,6,2,6,3,0,0,0
73,All,11,4,2,1,2,0,1,1
73,All,11,4,2,1,9,1,1,0
73,All,11,4,2,2,2,0,1,1
73,All,11,4,2,2,3,1,1,0
73,All,11,4,2,2,4,2,1,-1
73,All,11,4,2,2,5,1,3,2
73,All,11,4,2,3,3,1,0,-1
73,All,11,4,2,4,3,0,1,1
73,All,13,5,3,1,2,0,0,0
73,All,13,5,3,1,5,0,1,1
73,All,13,5,3,2,2,0,1,1
73,All,13,5,3,2,3,1,1,0
73,All,13,5,3,2,4,1,2,1
73,All,13,5,3,2,6,2,2,0
73,All,13,5,3,2,8,3,2,-1
73,All,13,5,3,4,3,1,0,-1
73,All,13,5,3,4,6,2,0,-2
73,All,14,2,5,1,2,0,1,1
73,All,14,2,5,1,6,1,1,0
73,All,15,4,3,2,2,1,0,-1
73,All,15,4,3,3,4,0,0,0
73,All,15,4,3,4,2,0,0,0
73,All,15,4,3,4,4,1,0,-1
73,All,16,6,3,1,2,1,0,-1
73,All,16,6,3,1,4,2,0,-2
73,All,16,6,3,1,5,0,3,3
73,All,16,6,3,1,6,3,1,-2
73,All,16,6,3,1,7,4,1,-3
73,All,16,6,3,1,9,5,1,-4
73,All,16,6,3,1,10,6,1,-5
73,All,16,6,3,1,14,7,1,-6
73,All,16,6,3,1,15,8,1,-7
73,All,16,6,3,2,3,0,0,0
73,All,16,6,3,3,5,0,0,0
73,All,16,6,3,3,7,1,0,-1
73,All,16,6,3,4,4,0,1,1
73,All,16,6,3,4,5,1,1,0
73,All,16,6,3,4,7,2,1,-1
73,All,16,6,3,4,12,3,1,-2
73,All,16,6,3,4,15,4,1,-3
73,All,16,6,3,6,2,0,1,1
73,All,16,6,3,6,3,1,1,0
73,All,16,6,3,6,4,2,1,-1
73,All,16,6,3,6,5,1,3,2
73,All,16,6,3,6,6,3,2,-1
73,All,16,6,3,6,7,4,2,-2
73,All,16,6,3,6,8,5,2,-3
73,All,16,6,3,6,9,6,2,-4
73,All,16,6,3,6,10,2,7,5
73,All,16,6,3,6,11,7,3,-4
73,All,16,6,3,6,12,3,8,5
73,All,17,3,3,3,2,0,1,1
73,All,18,3,4,1,2,0,1,1
73,All,18,3,4,1,4,1,1,0
73,All,18,3,4,2,4,1,0,-1
74,All,1,5,1,2,3,1,0,-1
74,All,1,5,1,2,4,0,2,2
74,All,1,5,1,3,2,1,0,-1
74,All,1,5,1,3,3,2,0,-2
74,All,1,5,1,3,4,3,0,-3
74,All,1,5,1,3,5,4,0,-4
74,All,1,5,1,3,6,5,0,-5
74,All,1,5,1,4,2,0,1,1
74,All,1,5,1,4,3,1,1,0
74,All,2,4,1,1,9,0,0,0
74,All,2,4,1,4,6,0,0,0
74,All,3,2,1,1,2,0,1,1
74,All,3,2,1,1,3,1,1,0
74,All,3,2,1,1,4,1,2,1
74,All,4,3,1,1,2,0,1,1
74,All,4,3,1,1,3,1,1,0
74,All,4,3,1,1,4,1,2,1
74,All,4,3,1,1,5,2,2,0
74,All,4,3,1,1,6,3,2,-1
74,All,4,3,1,2,2,0,0,0
74,All,4,3,1,2,3,0,1,1
74,All,4,3,1,2,4,1,1,0
74,All,4,3,1,2,5,1,2,1
74,All,4,3,1,3,2,0,1,1
74,All,5,2,2,2,2,0,1,1
74,All,6,2,3,1,2,1,0,-1
74,All,6,2,3,1,3,0,2,2
74,All,6,2,3,2,2,0,1,1
74,All,6,2,3,2,3,1,1,0
74,All,7,6,1,3,2,0,1,1
74,All,7,6,1,3,3,1,1,0
74,All,8,3,2,2,4,0,0,0
74,All,9,5,2,1,6,0,1,1
74,All,9,5,2,2,2,0,1,1
74,All,9,5,2,2,3,1,1,0
74,All,9,5,2,2,4,1,2,1
74,All,9,5,2,2,6,2,2,0
74,All,9,5,2,2,9,3,2,-1
74,All,9,5,2,2,12,4,2,-2
74,All,9,5,2,3,2,0,1,1
74,All,9,5,2,4,2,0,1,1
74,All,9,5,2,4,3,1,1,0
74,All,9,5,2,4,4,1,2,1
74,All,9,5,2,4,5,2,2,0
74,All,9,5,2,4,6,2,3,1
74,All,9,5,2,4,7,3,3,0
74,All,9,5,2,4,9,4,3,-1
74,All,10,4,2,1,2,0,1,1
74,All,10,4,2,1,5,1,1,0
74,All,10,4,2,1,7,2,1,-1
74,All,10,4,2,1,8,3,1,-2
74,All,10,4,2,1,10,4,1,-3
74,All,10,4,2,2,3,1,0,-1
74,All,10,4,2,2,5,2,0,-2
74,All,10,4,2,3,7,0,1,1
74,All,10,4,2,4,2,0,1,1
74,All,10,4,2,4,3,1,1,0
74,All,10,4,2,4,4,2,1,-1
74,All,10,4,2,4,5,1,3,2
74,All,10,4,2,4,6,2,3,1
74,All,10,4,2,4,9,3,3,0
74,All,10,4,2,4,10,4,3,-1
74,All,10,4,2,4,12,5,3,-2
74,All,11,6,2,3,6,1,0,-1
74,All,12,5,3,2,3,0,0,0
74,All,12,5,3,3,2,0,1,1
74,All,12,5,3,3,4,1,1,0
74,All,12,5,3,5,2,0,1,1
74,All,12,5,3,5,3,1,1,0
74,All,12,5,3,5,4,2,1,-1
74,All,12,5,3,5,5,1,3,2
74,All,13,4,3,2,2,0,1,1
74,All,13,4,3,2,3,1,1,0
74,All,13,4,3,3,2,0,1,1
74,All,15,3,3,1,2,0,1,1
74,All,15,3,3,1,7,1,1,0
74,All,15,3,3,1,9,2,1,-1
74,All,15,3,3,2,4,0,1,1
74,All,15,3,3,3,2,0,1,1
74,All,15,3,3,3,3,1,1,0
74,All,15,3,3,3,4,1,2,1
74,All,17,2,6,1,6,0,1,1
74,All,17,2,6,2,9,1,0,-1
74,All,18,6,3,1,2,1,0,-1
74,All,18,6,3,1,3,0,2,2
74,All,18,6,3,1,5,2,1,-1
74,All,18,6,3,2,2,0,1,1
74,All,18,6,3,2,3,1,1,0
74,All,18,6,3,2,5,1,2,1
74,All,18,6,3,3,3,0,0,0
74,All,18,6,3,4,2,0,1,1
74,All,18,6,3,4,3,1,1,0
74,All,18,6,3,4,4,2,1,-1
74,All,18,6,3,4,5,3,1,-2
74,All,18,6,3,4,6,1,4,3
74,All,18,6,3,4,7,2,4,2
74,All,18,6,3,4,8,4,3,-1
74,All,18,6,3,6,2,0,1,1
74,All,18,6,3,6,4,1,1,0
74,All,18,6,3,6,6,2,1,-1
74,All,18,6,3,6,8,1,3,2
75,All,1,4,1,1,2,0,1,1
75,All,1,4,1,1,3,1,1,0
75,All,1,4,1,1,4,1,2,1
75,All,1,4,1,1,8,2,2,0
75,All,1,4,1,1,9,3,2,-1
75,All,1,4,1,2,2,1,0,-1
75,All,1,4,1,2,3,0,2,2
75,All,1,4,1,2,4,2,1,-1
75,All,1,4,1,2,6,1,3,2
75,All,1,4,1,3,3,0,1,1
75,All,1,4,1,3,4,1,1,0
75,All,1,4,1,3,5,2,1,-1
75,All,1,4,1,3,8,1,3,2
75,All,1,4,1,3,9,3,2,-1
75,All,1,4,1,3,10,2,4,2
75,All,1,4,1,4,2,0,1,1
75,All,1,4,1,4,3,1,1,0
75,All,1,4,1,4,4,1,2,1
75,All,1,4,1,4,8,2,2,0
75,All,1,4,1,4,9,2,3,1
75,All,2,3,1,1,2,0,1,1
75,All,2,3,1,2,2,1,0,-1
75,All,2,3,1,2,3,0,2,2
75,All,2,3,1,3,2,1,0,-1
75,All,2,3,1,3,4,0,2,2
75,All,3,5,1,1,2,0,1,1
75,All,3,5,1,1,3,1,1,0
75,All,3,5,1,1,4,2,1,-1
75,All,3,5,1,2,3,0,1,1
75,All,3,5,1,4,3,0,0,0
75,All,5,2,2,1,2,0,1,1
75,All,5,2,2,2,2,0,1,1
75,All,8,6,1,2,2,0,1,1
75,All,8,6,1,2,3,1,1,0
75,All,8,6,1,2,4,1,2,1
75,All,8,6,1,2,5,2,2,0
75,All,8,6,1,3,3,1,0,-1
75,All,9,4,2,1,2,1,0,-1
75,All,9,4,2,1,3,0,2,2
75,All,9,4,2,1,6,1,2,1
75,All,9,4,2,2,2,0,1,1
75,All,9,4,2,4,2,0,1,1
75,All,9,4,2,4,3,1,1,0
75,All,9,4,2,4,4,1,2,1
75,All,10,5,2,1,2,0,1,1
75,All,10,5,2,1,3,1,1,0
75,All,10,5,2,1,4,1,2,1
75,All,10,5,2,2,2,0,1,1
75,All,10,5,2,4,3,0,0,0
75,All,11,6,2,5,3,0,0,0
75,All,12,4,3,1,2,0,1,1
75,All,14,5,3,1,2,0,1,1
75,All,14,5,3,1,4,1,1,0
75,All,14,5,3,1,6,1,2,1
75,All,14,5,3,2,2,0,1,1
75,All,14,5,3,2,3,1,1,0
75,All,14,5,3,2,4,1,2,1
75,All,14,5,3,2,6,2,2,0
75,All,14,5,3,4,2,1,0,-1
75,All,14,5,3,4,3,2,0,-2
75,All,15,2,4,1,2,0,1,1
75,All,18,2,6,1,2,0,1,1
76,All,1,3,1,1,3,0,0,0
76,All,1,3,1,1,4,1,0,-1
76,All,1,3,1,1,5,0,2,2
76,All,1,3,1,1,7,1,2,1
76,All,1,3,1,1,9,2,2,0
76,All,1,3,1,2,3,0,1,1
76,All,1,3,1,2,4,1,1,0
76,All,1,3,1,2,5,2,1,-1
76,All,1,3,1,2,6,1,3,2
76,All,1,3,1,3,2,0,1,1
76,All,1,3,1,3,4,1,1,0
76,All,1,3,1,3,5,2,1,-1
76,All,1,3,1,3,6,1,3,2
76,All,2,2,1,2,8,0,0,0
76,All,3,4,1,2,2,1,0,-1
76,All,3,4,1,2,3,2,0,-2
76,All,3,4,1,2,4,0,3,3
76,All,3,4,1,2,5,3,1,-2
76,All,3,4,1,3,2,1,0,-1
76,All,3,4,1,4,2,0,1,1
76,All,3,4,1,4,8,1,1,0
76,All,4,3,2,1,2,0,1,1
76,All,5,5,1,1,2,1,0,-1
76,All,5,5,1,1,4,2,0,-2
76,All,5,5,1,1,5,0,3,3
76,All,5,5,1,1,6,3,1,-2
76,All,5,5,1,1,7,1,4,3
76,All,5,5,1,1,8,2,4,2
76,All,5,5,1,1,9,4,3,-1
76,All,5,5,1,1,10,3,5,2
76,All,5,5,1,1,11,5,4,-1
76,All,5,5,1,1,12,6,4,-2
76,All,5,5,1,1,13,4,7,3
76,All,5,5,1,2,2,0,1,1
76,All,5,5,1,2,3,1,1,0
76,All,5,5,1,2,5,1,2,1
76,All,5,5,1,2,6,2,2,0
76,All,5,5,1,2,7,2,3,1
76,All,5,5,1,2,9,3,3,0
76,All,5,5,1,2,10,3,4,1
76,All,5,5,1,3,4,0,1,1
76,All,5,5,1,3,6,1,1,0
76,All,5,5,1,4,2,0,1,1
76,All,5,5,1,4,3,1,1,0
76,All,5,5,1,4,4,1,2,1
76,All,5,5,1,4,5,2,2,0
76,All,5,5,1,5,3,0,0,0
76,All,5,5,1,5,4,0,1,1
76,All,5,5,1,5,5,1,1,0
76,All,5,5,1,5,6,2,1,-1
76,All,5,5,1,5,7,1,3,2
76,All,5,5,1,5,12,3,2,-1
76,All,5,5,1,5,15,4,2,-2
76,All,6,6,1,1,2,1,0,-1
76,All,6,6,1,1,5,2,0,-2
76,All,6,6,1,1,7,0,3,3
76,All,6,6,1,2,2,0,0,0
76,All,6,6,1,2,5,1,0,-1
76,All,6,6,1,4,2,0,1,1
76,All,6,6,1,4,3,1,1,0
76,All,6,6,1,4,5,2,1,-1
76,All,6,6,1,4,6,3,1,-2
76,All,6,6,1,4,8,4,1,-3
76,All,6,6,1,5,4,0,0,0
76,All,6,6,1,5,5,1,0,-1
76,All,6,6,1,5,6,2,0,-2
76,All,6,6,1,5,7,3,0,-3
76,All,6,6,1,5,8,4,0,-4
76,All,6,6,1,6,2,1,0,-1
76,All,6,6,1,6,3,0,2,2
76,All,6,6,1,6,4,1,2,1
76,All,6,6,1,6,5,2,2,0
76,All,6,6,1,6,7,2,3,1
76,All,9,4,2,1,3,0,1,1
76,All,9,4,2,1,4,1,1,0
76,All,9,4,2,1,6,1,2,1
76,All,9,4,2,1,7,2,2,0
76,All,9,4,2,1,8,3,2,-1
76,All,9,4,2,2,2,0,1,1
76,All,9,4,2,2,4,1,1,0
76,All,9,4,2,3,5,0,1,1
76,All,9,4,2,3,6,1,1,0
76,All,9,4,2,3,7,2,1,-1
76,All,9,4,2,3,10,3,1,-2
76,All,9,4,2,4,2,0,1,1
76,All,9,4,2,4,7,1,1,0
76,All,10,6,2,1,2,0,1,1
76,All,10,6,2,1,3,1,1,0
76,All,10,6,2,1,4,1,2,1
76,All,10,6,2,2,4,1,0,-1
76,All,10,6,2,2,6,2,0,-2
76,All,10,6,2,2,8,3,0,-3
76,All,10,6,2,3,2,0,1,1
76,All,10,6,2,4,2,0,1,1
76,All,11,5,2,1,2,0,1,1
76,All,11,5,2,1,4,1,1,0
76,All,11,5,2,1,5,2,1,-1
76,All,11,5,2,1,7,3,1,-2
76,All,11,5,2,2,3,1,0,-1
76,All,11,5,2,4,2,0,0,0
76,All,12,3,3,1,2,1,0,-1
76,All,12,3,3,1,3,2,0,-2
76,All,12,3,3,1,4,0,3,3
76,All,12,3,3,1,5,3,1,-2
76,All,12,3,3,1,6,1,4,3
76,All,12,3,3,2,2,0,0,0
76,All,12,3,3,2,3,0,1,1
76,All,12,3,3,2,4,1,1,0
76,All,14,4,3,1,4,0,1,1
76,All,14,4,3,2,2,0,1,1
76,All,14,4,3,3,2,0,1,1
76,All,14,4,3,3,3,1,1,0
76,All,14,4,3,3,4,2,1,-1
76,All,14,4,3,4,3,0,0,0
76,All,15,3,4,1,2,0,1,1
76,All,15,3,4,1,4,1,1,0
76,All,15,3,4,2,2,0,1,1
76,All,16,5,3,1,2,1,0,-1
76,All,16,5,3,1,3,0,2,2
76,All,16,5,3,1,7,1,2,1
76,All,16,5,3,1,11,2,2,0
76,All,16,5,3,2,10,0,1,1
76,All,16,5,3,2,12,1,1,0
76,All,16,5,3,3,2,1,0,-1
76,All,16,5,3,4,2,1,0,-1
76,All,16,5,3,4,3,0,2,2
76,All,16,5,3,4,4,2,1,-1
76,All,16,5,3,4,5,3,1,-2
76,All,16,5,3,4,6,4,1,-3
76,All,16,5,3,4,7,1,5,4
76,All,16,5,3,4,8,2,5,3
76,All,16,5,3,5,2,0,0,0
76,All,16,5,3,5,3,1,0,-1
76,All,17,6,3,1,6,1,0,-1
76,All,17,6,3,2,3,1,0,-1
76,All,17,6,3,2,8,0,2,2
76,All,17,6,3,2,12,1,2,1
76,All,17,6,3,3,2,1,0,-1
76,All,17,6,3,3,3,0,2,2
76,All,17,6,3,3,6,1,2,1
76,All,17,6,3,3,8,2,2,0
76,All,17,6,3,3,11,3,2,-1
76,All,17,6,3,3,12,4,2,-2
76,All,17,6,3,3,14,5,2,-3
76,All,17,6,3,5,2,0,0,0
76,All,17,6,3,6,2,1,0,-1
76,All,17,6,3,6,3,2,0,-2
76,All,17,6,3,6,4,0,3,3
76,All,17,6,3,6,6,1,3,2
76,All,17,6,3,6,7,2,3,1
76,All,17,6,3,6,8,3,3,0
76,All,17,6,3,6,9,4,3,-1
76,All,17,6,3,6,10,3,5,2
76,All,17,6,3,6,11,5,4,-1
76,All,17,6,3,6,12,6,4,-2
76,All,17,6,3,6,13,4,7,3
76,All,17,6,3,6,14,5,7,2
76,All,17,6,3,6,15,7,6,-1
76,All,18,2,5,1,2,0,1,1
77,All,2,3,1,2,2,0,1,1
77,All,3,3,2,1,3,0,0,0
77,All,4,6,1,1,2,0,0,0
77,All,4,6,1,1,4,1,0,-1
77,All,4,6,1,3,2,0,0,0
77,All,4,6,1,3,3,1,0,-1
77,All,4,6,1,4,2,0,1,1
77,All,4,6,1,4,3,1,1,0
77,All,4,6,1,6,2,1,0,-1
77,All,4,6,1,6,3,0,2,2
77,All,5,4,1,1,2,0,0,0
77,All,5,4,1,2,4,0,0,0
77,All,5,4,1,3,2,0,1,1
77,All,5,4,1,3,3,1,1,0
77,All,5,4,1,3,4,2,1,-1
77,All,5,4,1,3,5,1,3,2
77,All,5,4,1,4,2,1,0,-1
77,All,5,4,1,4,3,0,2,2
77,All,5,4,1,4,4,1,2,1
77,All,6,2,2,1,2,0,1,1
77,All,7,5,1,1,2,0,1,1
77,All,7,5,1,1,3,1,1,0
77,All,7,5,1,1,7,2,1,-1
77,All,7,5,1,3,2,0,0,0
77,All,7,5,1,3,4,1,0,-1
77,All,7,5,1,3,5,0,2,2
77,All,7,5,1,4,3,1,0,-1
77,All,7,5,1,4,4,0,2,2
77,All,9,6,2,1,2,1,0,-1
77,All,9,6,2,3,4,0,0,0
77,All,9,6,2,5,2,0,1,1
77,All,9,6,2,5,3,1,1,0
77,All,9,6,2,5,4,2,1,-1
77,All,9,6,2,5,5,3,1,-2
77,All,9,6,2,6,2,0,0,0
77,All,9,6,2,6,3,1,0,-1
77,All,10,4,2,1,2,0,0,0
77,All,10,4,2,2,2,0,1,1
77,All,10,4,2,3,4,0,1,1
77,All,11,5,2,1,2,0,0,0
77,All,11,5,2,3,2,0,1,1
77,All,11,5,2,3,3,1,1,0
77,All,11,5,2,3,5,2,1,-1
77,All,11,5,2,3,7,1,3,2
77,All,11,5,2,3,10,2,3,1
77,All,11,5,2,4,2,0,1,1
77,All,11,5,2,4,3,1,1,0
77,All,11,5,2,4,5,2,1,-1
77,All,11,5,2,4,6,1,3,2
77,All,11,5,2,4,7,3,2,-1
77,All,11,5,2,5,2,0,1,1
77,All,11,5,2,5,4,1,1,0
77,All,11,5,2,5,5,1,2,1
77,All,11,5,2,5,6,2,2,0
77,All,11,5,2,5,7,2,3,1
77,All,11,5,2,5,9,3,3,0
77,All,11,5,2,5,10,3,4,1
77,All,14,3,4,3,2,0,1,1
77,All,15,6,3,4,3,0,0,0
77,All,15,6,3,5,4,1,0,-1
77,All,15,6,3,5,5,0,2,2
77,All,16,4,3,1,2,0,1,1
77,All,16,4,3,4,9,0,0,0
77,All,17,2,5,1,2,0,1,1
77,All,18,5,3,4,2,0,1,1
77,All,18,5,3,5,2,0,1,1
78,All,1,3,1,3,3,0,0,0
78,All,2,6,1,1,2,0,1,1
78,All,2,6,1,1,3,1,1,0
78,All,2,6,1,1,5,2,1,-1
78,All,2,6,1,2,2,0,1,1
78,All,2,6,1,2,3,1,1,0
78,All,2,6,1,2,5,2,1,-1
78,All,2,6,1,3,2,1,0,-1
78,All,2,6,1,3,6,0,2,2
78,All,2,6,1,3,9,2,1,-1
78,All,2,6,1,4,2,1,0,-1
78,All,2,6,1,4,3,0,2,2
78,All,2,6,1,4,4,1,2,1
78,All,2,6,1,4,6,2,2,0
78,All,2,6,1,6,2,1,0,-1
78,All,2,6,1,6,3,0,2,2
78,All,2,6,1,6,4,2,1,-1
78,All,4,2,2,1,2,0,1,1
78,All,4,2,2,2,2,0,1,1
78,All,5,3,2,1,4,1,0,-1
78,All,5,3,2,1,9,2,0,-2
78,All,5,3,2,3,6,0,1,1
78,All,6,2,3,2,2,0,0,0
78,All,6,2,3,2,3,0,1,1
78,All,7,4,1,1,2,0,1,1
78,All,7,4,1,1,3,1,1,0
78,All,7,4,1,1,4,2,1,-1
78,All,7,4,1,1,5,3,1,-2
78,All,7,4,1,1,9,1,4,3
78,All,7,4,1,2,2,0,1,1
78,All,7,4,1,2,7,1,1,0
78,All,7,4,1,4,2,0,1,1
78,All,7,4,1,4,4,1,1,0
78,All,7,4,1,4,5,1,2,1
78,All,8,5,1,3,2,1,0,-1
78,All,9,6,2,1,2,1,0,-1
78,All,9,6,2,2,3,0,0,0
78,All,9,6,2,3,2,0,1,1
78,All,10,5,2,1,2,1,0,-1
78,All,10,5,2,2,2,0,1,1
78,All,10,5,2,2,3,1,1,0
78,All,10,5,2,2,4,1,2,1
78,All,10,5,2,2,5,2,2,0
78,All,10,5,2,3,7,0,1,1
78,All,10,5,2,5,8,0,1,1
78,All,11,4,2,1,2,0,1,1
78,All,11,4,2,1,8,1,1,0
78,All,11,4,2,2,2,0,1,1
78,All,12,3,3,1,2,0,1,1
78,All,12,3,3,1,3,1,1,0
78,All,12,3,3,2,5,0,1,1
78,All,12,3,3,3,2,1,0,-1
78,All,12,3,3,3,6,0,2,2
78,All,13,6,3,1,2,1,0,-1
78,All,13,6,3,1,3,0,2,2
78,All,13,6,3,2,2,0,0,0
78,All,13,6,3,2,8,0,1,1
78,All,13,6,3,3,3,0,1,1
78,All,13,6,3,4,2,0,0,0
78,All,17,2,6,1,2,0,1,1
78,All,17,2,6,2,2,0,1,1
78,All,18,4,3,1,2,0,1,1
78,All,18,4,3,1,3,1,1,0
78,All,18,4,3,4,2,1,0,-1
78,All,18,4,3,4,3,0,2,2
78,All,18,4,3,4,4,2,1,-1
78,All,18,4,3,4,5,1,3,2
79,All,1,6,1,1,2,0,0,0
79,All,1,6,1,1,6,0,1,1
79,All,1,6,1,1,7,1,1,0
79,All,1,6,1,1,9,2,1,-1
79,All,1,6,1,1,13,3,1,-2
79,All,1,6,1,2,2,1,0,-1
79,All,1,6,1,2,3,2,0,-2
79,All,1,6,1,3,7,1,0,-1
79,All,1,6,1,4,5,0,1,1
79,All,1,6,1,4,6,1,1,0
79,All,1,6,1,4,8,1,2,1
79,All,1,6,1,4,9,2,2,0
79,All,1,6,1,4,10,2,3,1
79,All,1,6,1,4,11,3,3,0
79,All,1,6,1,4,12,4,3,-1
79,All,1,6,1,4,13,5,3,-2
79,All,1,6,1,4,15,6,3,-3
79,All,1,6,1,5,2,0,1,1
79,All,1,6,1,5,3,1,1,0
79,All,1,6,1,5,4,2,1,-1
79,All,1,6,1,5,6,1,3,2
79,All,1,6,1,5,7,3,2,-1
79,All,1,6,1,5,9,2,4,2
79,All,1,6,1,6,2,0,0,0
79,All,1,6,1,6,3,0,1,1
79,All,2,2,1,2,2,0,1,1
79,All,2,2,1,2,3,1,1,0
79,All,3,3,1,1,4,0,1,1
79,All,3,3,1,2,2,1,0,-1
79,All,3,3,1,2,3,0,2,2
79,All,4,2,2,2,2,0,1,1
79,All,5,2,3,1,4,0,0,0
79,All,6,5,1,2,2,1,0,-1
79,All,6,5,1,2,3,0,2,2
79,All,6,5,1,3,6,1,0,-1
79,All,6,5,1,3,8,2,0,-2
79,All,6,5,1,4,2,0,1,1
79,All,6,5,1,4,3,1,1,0
79,All,6,5,1,4,4,1,2,1
79,All,6,5,1,4,5,2,2,0
79,All,6,5,1,4,8,3,2,-1
79,All,6,5,1,5,2,0,0,0
79,All,6,5,1,5,3,1,0,-1
79,All,6,5,1,5,4,0,2,2
79,All,7,3,2,2,2,0,1,1
79,All,7,3,2,2,4,1,1,0
79,All,8,4,1,1,2,1,0,-1
79,All,8,4,1,1,3,2,0,-2
79,All,8,4,1,1,4,0,3,3
79,All,8,4,1,2,7,0,0,0
79,All,8,4,1,3,3,1,0,-1
79,All,8,4,1,4,2,0,1,1
79,All,8,4,1,4,3,1,1,0
79,All,8,4,1,4,4,1,2,1
79,All,8,4,1,4,5,2,2,0
79,All,8,4,1,4,7,3,2,-1
79,All,8,4,1,4,9,4,2,-2
79,All,9,5,2,2,3,1,0,-1
79,All,9,5,2,2,5,2,0,-2
79,All,9,5,2,3,4,0,1,1
79,All,9,5,2,3,5,1,1,0
79,All,9,5,2,3,8,2,1,-1
79,All,9,5,2,4,2,0,1,1
79,All,9,5,2,4,3,1,1,0
79,All,9,5,2,4,6,1,2,1
79,All,10,6,2,1,2,0,0,0
79,All,10,6,2,2,3,0,0,0
79,All,10,6,2,2,4,0,1,1
79,All,10,6,2,2,5,1,1,0
79,All,10,6,2,2,7,2,1,-1
79,All,10,6,2,4,2,1,0,-1
79,All,10,6,2,4,3,2,0,-2
79,All,10,6,2,4,4,3,0,-3
79,All,10,6,2,4,5,4,0,-4
79,All,11,4,2,2,2,0,1,1
79,All,11,4,2,2,3,1,1,0
79,All,11,4,2,2,4,1,2,1
79,All,11,4,2,3,2,0,1,1
79,All,12,6,3,1,3,0,0,0
79,All,12,6,3,1,4,1,0,-1
79,All,12,6,3,1,5,0,2,2
79,All,12,6,3,1,6,1,2,1
79,All,12,6,3,4,2,0,1,1
79,All,12,6,3,4,3,1,1,0
79,All,12,6,3,4,4,2,1,-1
79,All,12,6,3,4,5,3,1,-2
79,All,13,2,4,1,8,0,0,0
79,All,14,3,3,2,2,0,1,1
79,All,14,3,3,3,2,0,1,1
79,All,15,2,5,2,2,0,1,1
79,All,15,2,5,2,9,1,1,0
79,All,16,2,6,2,2,0,1,1
79,All,17,5,3,2,2,0,1,1
79,All,17,5,3,2,3,1,1,0
79,All,17,5,3,2,4,1,2,1
79,All,17,5,3,2,5,2,2,0
79,All,17,5,3,2,6,2,3,1
79,All,17,5,3,3,2,0,1,1
79,All,17,5,3,3,4,1,1,0
79,All,17,5,3,4,2,0,1,1
79,All,17,5,3,4,3,1,1,0
79,All,17,5,3,5,2,0,1,1
79,All,17,5,3,5,3,1,1,0
79,All,17,5,3,5,4,1,2,1
79,All,18,3,4,3,2,0,1,1
80,All,2,2,2,1,2,0,1,1
80,All,2,2,2,2,2,0,1,1
80,All,3,6,1,1,2,0,1,1
80,All,3,6,1,1,6,1,1,0
80,All,3,6,1,2,3,0,1,1
80,All,3,6,1,2,5,1,1,0
80,All,3,6,1,2,6,1,2,1
80,All,3,6,1,3,4,1,0,-1
80,All,3,6,1,4,2,0,1,1
80,All,3,6,1,4,4,1,1,0
80,All,3,6,1,4,5,2,1,-1
80,All,4,5,1,1,2,0,1,1
80,All,4,5,1,2,2,0,1,1
80,All,4,5,1,3,2,0,1,1
80,All,4,5,1,4,7,0,0,0
80,All,6,4,1,1,2,0,1,1
80,All,6,4,1,1,3,1,1,0
80,All,6,4,1,1,6,2,1,-1
80,All,6,4,1,1,7,3,1,-2
80,All,6,4,1,2,2,0,1,1
80,All,6,4,1,2,6,1,1,0
80,All,6,4,1,2,10,2,1,-1
80,All,6,4,1,3,2,0,0,0
80,All,6,4,1,3,7,1,0,-1
80,All,7,2,3,1,2,0,1,1
80,All,8,3,2,1,2,0,1,1
80,All,8,3,2,2,2,0,1,1
80,All,8,3,2,3,2,0,1,1
80,All,9,6,2,1,2,0,1,1
80,All,9,6,2,1,4,1,1,0
80,All,9,6,2,2,7,0,1,1
80,All,9,6,2,2,8,1,1,0
80,All,9,6,2,4,3,0,1,1
80,All,9,6,2,6,2,0,0,0
80,All,9,6,2,6,3,0,1,1
80,All,9,6,2,6,4,1,1,0
80,All,10,5,2,1,2,0,1,1
80,All,10,5,2,1,5,1,1,0
80,All,10,5,2,1,6,1,2,1
80,All,10,5,2,2,2,0,1,1
80,All,10,5,2,2,3,1,1,0
80,All,10,5,2,5,2,0,1,1
80,All,10,5,2,5,3,1,1,0
80,All,10,5,2,5,4,1,2,1
80,All,10,5,2,5,9,2,2,0
80,All,11,4,2,1,2,0,1,1
80,All,11,4,2,1,4,1,1,0
80,All,11,4,2,2,5,0,1,1
80,All,11,4,2,3,3,0,1,1
80,All,12,2,4,1,2,0,1,1
80,All,14,6,3,1,2,0,1,1
80,All,14,6,3,1,3,1,1,0
80,All,14,6,3,1,4,2,1,-1
80,All,14,6,3,1,5,1,3,2
80,All,14,6,3,2,2,0,1,1
80,All,14,6,3,2,3,1,1,0
80,All,14,6,3,3,4,0,1,1
80,All,14,6,3,3,7,1,1,0
80,All,14,6,3,6,3,0,0,0
80,All,15,5,3,1,2,0,1,1
80,All,15,5,3,1,3,1,1,0
80,All,15,5,3,1,4,1,2,1
80,All,15,5,3,1,5,2,2,0
80,All,15,5,3,2,3,1,0,-1
80,All,15,5,3,2,4,0,2,2
80,All,15,5,3,3,4,0,0,0
80,All,16,3,3,1,2,0,1,1
80,All,17,4,3,1,2,0,1,1
88,All,1,6,1,1,2,1,0,-1
88,All,1,6,1,1,3,0,2,2
88,All,1,6,1,1,4,1,2,1
88,All,1,6,1,4,2,0,1,1
88,All,1,6,1,4,3,1,1,0
88,All,1,6,1,4,4,2,1,-1
88,All,1,6,1,4,5,1,3,2
88,All,1,6,1,6,2,0,1,1
88,All,1,6,1,6,3,1,1,0
88,All,1,6,1,6,4,2,1,-1
88,All,1,6,1,6,5,1,3,2
88,All,2,4,1,1,2,0,1,1
88,All,2,4,1,1,4,1,1,0
88,All,2,4,1,1,8,2,1,-1
88,All,4,2,2,1,2,0,1,1
88,All,6,3,1,2,2,0,0,0
88,All,7,5,1,1,2,0,1,1
88,All,7,5,1,2,2,0,1,1
88,All,7,5,1,4,6,0,1,1
88,All,8,3,2,1,2,0,1,1
88,All,8,3,2,2,2,0,1,1
88,All,9,6,2,1,2,0,1,1
88,All,9,6,2,1,4,1,1,0
88,All,9,6,2,2,2,0,1,1
88,All,9,6,2,3,2,0,1,1
88,All,9,6,2,5,2,0,1,1
88,All,9,6,2,5,3,1,1,0
88,All,9,6,2,5,4,1,2,1
88,All,9,6,2,5,6,2,2,0
88,All,9,6,2,6,2,1,0,-1
88,All,9,6,2,6,3,2,0,-2
88,All,10,4,2,1,2,0,1,1
88,All,11,5,2,1,2,0,1,1
88,All,11,5,2,3,3,1,0,-1
88,All,11,5,2,4,9,1,0,-1
88,All,12,6,3,2,3,0,0,0
88,All,12,6,3,3,2,0,1,1
88,All,12,6,3,3,3,1,1,0
88,All,12,6,3,3,5,2,1,-1
88,All,12,6,3,6,3,0,1,1
88,All,12,6,3,6,4,1,1,0
88,All,12,6,3,6,5,1,2,1
88,All,13,4,3,1,3,1,0,-1
88,All,13,4,3,1,4,2,0,-2
88,All,13,4,3,1,6,3,0,-3
88,All,13,4,3,2,2,0,1,1
88,All,13,4,3,4,2,1,0,-1
88,All,13,4,3,4,3,2,0,-2
88,All,13,4,3,4,4,0,3,3
88,All,18,5,3,1,2,0,1,1
88,All,18,5,3,2,2,0,1,1
88,All,18,5,3,4,2,0,1,1
88,All,18,5,3,4,3,1,1,0
88,All,18,5,3,4,4,2,1,-1
88,All,18,5,3,4,5,3,1,-2
88,All,18,5,3,5,3,0,0,0
96,All,1,2,1,2,2,0,1,1
96,All,2,2,2,1,2,0,1,1
96,All,3,2,3,2,5,0,1,1
96,All,4,6,1,1,3,0,0,0
96,All,4,6,1,5,3,0,0,0
96,All,6,3,2,3,2,0,1,1
96,All,7,4,1,1,9,0,1,1
96,All,7,4,1,1,10,1,1,0
96,All,7,4,1,3,2,1,0,-1
96,All,7,4,1,3,3,0,2,2
96,All,7,4,1,4,4,0,1,1
96,All,8,5,1,3,8,1,0,-1
96,All,8,5,1,4,3,0,0,0
96,All,8,5,1,5,3,1,0,-1
96,All,9,6,2,2,3,0,0,0
96,All,9,6,2,3,2,0,1,1
96,All,9,6,2,3,3,1,1,0
96,All,9,6,2,3,5,2,1,-1
96,All,9,6,2,3,6,1,3,2
96,All,9,6,2,3,10,2,3,1
96,All,9,6,2,4,2,0,1,1
96,All,9,6,2,6,2,0,1,1
96,All,9,6,2,6,3,1,1,0
96,All,9,6,2,6,4,1,2,1
96,All,9,6,2,6,5,2,2,0
96,All,9,6,2,6,7,2,3,1
96,All,10,5,2,2,3,0,0,0
96,All,10,5,2,3,2,0,1,1
96,All,10,5,2,3,3,1,1,0
96,All,10,5,2,3,4,2,1,-1
96,All,10,5,2,4,2,1,0,-1
96,All,10,5,2,4,3,0,2,2
96,All,11,4,2,2,5,0,1,1
96,All,11,4,2,4,2,0,1,1
96,All,14,2,6,2,2,0,1,1
96,All,15,6,3,2,3,0,1,1
96,All,15,6,3,5,2,0,1,1
96,All,15,6,3,5,3,1,1,0
96,All,15,6,3,5,5,2,1,-1
96,All,15,6,3,5,6,1,3,2
96,All,15,6,3,6,2,0,1,1
96,All,15,6,3,6,4,1,1,0
96,All,15,6,3,6,5,2,1,-1
96,All,16,3,3,2,2,0,1,1
96,All,17,3,4,1,2,0,1,1
96,All,17,3,4,1,8,1,1,0
96,All,17,3,4,3,2,0,1,1
96,All,18,4,3,4,2,0,1,1
102,All,1,6,1,1,2,1,0,-1
102,All,1,6,1,1,4,2,0,-2
102,All,1,6,1,1,8,3,0,-3
102,All,1,6,1,1,9,0,4,4
102,All,1,6,1,1,10,1,4,3
102,All,1,6,1,1,11,2,4,2
102,All,1,6,1,1,13,3,4,1
102,All,1,6,1,1,15,4,4,0
102,All,1,6,1,2,2,0,0,0
102,All,1,6,1,2,3,0,1,1
102,All,1,6,1,2,4,1,1,0
102,All,1,6,1,2,6,1,2,1
102,All,1,6,1,2,7,2,2,0
102,All,1,6,1,2,8,2,3,1
102,All,1,6,1,2,9,3,3,0
102,All,1,6,1,2,11,4,3,-1
102,All,1,6,1,3,2,0,0,0
102,All,1,6,1,3,3,1,0,-1
102,All,1,6,1,3,4,2,0,-2
102,All,1,6,1,3,5,3,0,-3
102,All,1,6,1,3,6,0,4,4
102,All,1,6,1,3,8,4,1,-3
102,All,1,6,1,3,9,5,1,-4
102,All,1,6,1,3,10,6,1,-5
102,All,1,6,1,3,11,1,7,6
102,All,1,6,1,3,12,2,7,5
102,All,1,6,1,3,13,3,7,4
102,All,1,6,1,3,14,7,4,-3
102,All,1,6,1,3,15,4,8,4
102,All,1,6,1,4,2,0,1,1
102,All,1,6,1,4,3,1,1,0
102,All,1,6,1,4,4,1,2,1
102,All,1,6,1,4,8,2,2,0
102,All,1,6,1,6,2,0,0,0
102,All,1,6,1,6,3,1,0,-1
102,All,1,6,1,6,4,0,2,2
102,All,1,6,1,6,5,1,2,1
102,All,1,6,1,6,6,2,2,0
102,All,1,6,1,6,7,2,3,1
102,All,1,6,1,6,8,3,3,0
102,All,1,6,1,6,9,3,4,1
102,All,1,6,1,6,10,4,4,0
102,All,1,6,1,6,12,5,4,-1
102,All,1,6,1,6,14,6,4,-2
102,All,1,6,1,6,15,4,7,3
102,All,2,5,1,1,2,1,0,-1
102,All,2,5,1,1,3,2,0,-2
102,All,2,5,1,1,4,0,3,3
102,All,2,5,1,1,5,3,1,-2
102,All,2,5,1,1,6,4,1,-3
102,All,2,5,1,1,7,5,1,-4
102,All,2,5,1,1,12,6,1,-5
102,All,2,5,1,2,2,0,0,0
102,All,2,5,1,2,5,1,0,-1
102,All,2,5,1,3,2,0,1,1
102,All,2,5,1,3,3,1,1,0
102,All,2,5,1,4,2,1,0,-1
102,All,2,5,1,4,3,0,2,2
102,All,2,5,1,5,2,1,0,-1
102,All,2,5,1,5,3,0,2,2
102,All,2,5,1,5,4,1,2,1
102,All,2,5,1,5,5,2,2,0
102,All,2,5,1,5,6,3,2,-1
102,All,2,5,1,5,8,2,4,2
102,All,3,2,1,1,2,0,1,1
102,All,4,3,1,1,2,0,1,1
102,All,5,2,2,1,2,0,1,1
102,All,6,3,2,1,5,0,1,1
102,All,8,4,1,1,2,0,1,1
102,All,8,4,1,1,4,1,1,0
102,All,8,4,1,1,5,2,1,-1
102,All,8,4,1,1,6,1,3,2
102,All,8,4,1,1,7,3,2,-1
102,All,8,4,1,1,8,2,4,2
102,All,8,4,1,1,9,4,3,-1
102,All,8,4,1,1,10,3,5,2
102,All,8,4,1,1,11,5,4,-1
102,All,8,4,1,2,2,1,0,-1
102,All,8,4,1,2,3,2,0,-2
102,All,8,4,1,2,4,3,0,-3
102,All,8,4,1,2,5,0,4,4
102,All,8,4,1,2,6,4,1,-3
102,All,8,4,1,2,8,1,5,4
102,All,9,6,2,1,2,0,1,1
102,All,9,6,2,1,5,1,1,0
102,All,9,6,2,3,2,0,1,1
102,All,9,6,2,3,4,1,1,0
102,All,9,6,2,5,2,0,1,1
102,All,9,6,2,5,3,1,1,0
102,All,9,6,2,5,5,2,1,-1
102,All,10,5,2,1,2,1,0,-1
102,All,10,5,2,1,3,0,2,2
102,All,10,5,2,2,4,0,0,0
102,All,10,5,2,3,2,1,0,-1
102,All,10,5,2,3,3,0,2,2
102,All,10,5,2,3,5,2,1,-1
102,All,10,5,2,3,6,1,3,2
102,All,10,5,2,3,7,2,3,1
102,All,10,5,2,3,8,3,3,0
102,All,10,5,2,4,2,0,1,1
102,All,10,5,2,4,3,1,1,0
102,All,10,5,2,4,4,1,2,1
102,All,10,5,2,5,2,1,0,-1
102,All,10,5,2,5,4,0,2,2
102,All,10,5,2,5,5,1,2,1
102,All,10,5,2,5,7,2,2,0
102,All,10,5,2,5,8,2,3,1
102,All,10,5,2,5,9,3,3,0
102,All,10,5,2,5,10,3,4,1
102,All,11,4,2,1,5,0,1,1
102,All,11,4,2,1,9,1,1,0
102,All,11,4,2,2,2,0,1,1
102,All,11,4,2,2,3,1,1,0
102,All,11,4,2,3,2,0,1,1
102,All,11,4,2,3,3,1,1,0
102,All,11,4,2,4,4,0,1,1
102,All,12,6,3,1,3,0,0,0
102,All,12,6,3,1,4,1,0,-1
102,All,12,6,3,1,5,2,0,-2
102,All,12,6,3,1,6,0,3,3
102,All,12,6,3,1,7,3,1,-2
102,All,12,6,3,1,8,1,4,3
102,All,12,6,3,1,9,4,2,-2
102,All,12,6,3,1,10,2,5,3
102,All,12,6,3,1,11,5,3,-2
102,All,12,6,3,1,12,6,3,-3
102,All,12,6,3,1,15,3,7,4
102,All,12,6,3,2,3,1,0,-1
102,All,12,6,3,4,3,0,0,0
102,All,12,6,3,4,6,1,0,-1
102,All,12,6,3,4,7,2,0,-2
102,All,12,6,3,4,8,3,0,-3
102,All,12,6,3,4,10,0,4,4
102,All,12,6,3,4,11,1,4,3
102,All,12,6,3,6,4,0,0,0
102,All,12,6,3,6,5,1,0,-1
102,All,12,6,3,6,6,0,2,2
102,All,12,6,3,6,11,2,1,-1
102,All,13,5,3,2,2,0,1,1
102,All,13,5,3,3,2,0,1,1
102,All,13,5,3,4,2,0,1,1
102,All,13,5,3,4,4,1,1,0
102,All,13,5,3,4,5,1,2,1
102,All,15,3,3,1,7,1,0,-1
102,All,15,3,3,1,9,2,0,-2
102,All,15,3,3,2,2,0,1,1
102,All,15,3,3,2,3,1,1,0
102,All,15,3,3,2,4,2,1,-1
102,All,15,3,3,3,2,0,1,1
102,All,17,3,4,3,3,0,0,0
102,All,18,2,6,2,2,0,1,1
