subject,group,block,set_size,set_size_exposure,stimulus,choice1,correct1,correct_action1,choice2,correct2,correct_action2,positive_retention,negative_avoidance,correct_after_error
1,All,1,2,1,1,3,0,2,3,0,2,,0.0,0.0
1,All,1,2,1,2,2,0,3,1,0,3,,1.0,0.0
1,All,2,3,1,1,2,1,2,2,1,2,1.0,,
1,All,2,3,1,2,3,1,3,3,1,3,1.0,,
1,All,2,3,1,3,1,0,3,2,0,3,,1.0,0.0
1,All,3,2,2,1,3,0,1,2,0,1,,1.0,0.0
1,All,3,2,2,2,2,0,1,3,0,1,,1.0,0.0
1,All,4,5,1,5,3,1,3,3,1,3,1.0,,
1,All,4,5,1,4,3,0,2,1,0,2,,1.0,0.0
1,All,4,5,1,1,2,0,1,2,0,1,,0.0,0.0
1,All,4,5,1,3,1,0,2,2,1,2,,1.0,1.0
1,All,4,5,1,2,1,1,1,1,1,1,1.0,,
1,All,5,6,1,1,3,0,1,2,0,1,,1.0,0.0
1,All,5,6,1,4,1,0,2,3,0,2,,1.0,0.0
1,All,5,6,1,6,2,0,3,3,1,3,,1.0,1.0
1,All,5,6,1,2,3,0,1,2,0,1,,1.0,0.0
1,All,5,6,1,5,2,0,3,1,0,3,,1.0,0.0
1,All,5,6,1,3,1,0,2,2,1,2,,1.0,1.0
1,All,6,4,1,4,3,1,3,3,1,3,1.0,,
1,All,6,4,1,1,2,0,1,3,0,1,,1.0,0.0
1,All,6,4,1,2,1,0,2,2,1,2,,1.0,1.0
1,All,6,4,1,3,2,1,2,1,0,2,0.0,,
1,All,7,2,3,1,3,0,2,2,1,2,,1.0,1.0
1,All,7,2,3,2,3,1,3,3,1,3,1.0,,
1,All,8,3,2,1,3,0,1,2,0,1,,1.0,0.0
1,All,8,3,2,2,3,0,2,3,0,2,,0.0,0.0
1,All,8,3,2,3,2,0,3,3,1,3,,1.0,1.0
1,All,9,6,2,3,3,0,2,2,1,2,,1.0,1.0
1,All,9,6,2,6,3,1,3,3,1,3,1.0,,
1,All,9,6,2,4,2,1,2,2,1,2,1.0,,
1,All,9,6,2,5,1,0,3,2,0,3,,1.0,0.0
1,All,9,6,2,2,1,1,1,1,1,1,1.0,,
1,All,9,6,2,1,1,1,1,2,0,1,0.0,,
1,All,10,5,2,5,3,1,3,3,1,3,1.0,,
1,All,10,5,2,4,2,0,3,2,0,3,,0.0,0.0
1,All,10,5,2,3,1,1,1,1,1,1,1.0,,
1,All,10,5,2,2,2,0,1,1,1,1,,1.0,1.0
1,All,10,5,2,1,3,0,1,3,0,1,,0.0,0.0
1,All,11,4,2,1,3,0,1,2,0,1,,1.0,0.0
1,All,11,4,2,3,3,1,3,3,1,3,1.0,,
1,All,11,4,2,4,3,1,3,3,1,3,1.0,,
1,All,11,4,2,2,1,1,1,1,1,1,1.0,,
1,All,12,2,4,1,3,0,1,2,0,1,,1.0,0.0
1,All,12,2,4,2,3,0,2,2,1,2,,1.0,1.0
1,All,13,3,3,2,3,0,2,2,1,2,,1.0,1.0
1,All,13,3,3,3,3,1,3,3,1,3,1.0,,
1,All,13,3,3,1,3,0,1,1,1,1,,1.0,1.0
1,All,14,2,5,2,3,1,3,3,1,3,1.0,,
1,All,14,2,5,1,3,0,1,2,0,1,,1.0,0.0
1,All,15,5,3,3,3,1,3,3,1,3,1.0,,
1,All,15,5,3,5,3,1,3,2,0,3,0.0,,
1,All,15,5,3,2,3,0,2,2,1,2,,1.0,1.0
1,All,15,5,3,1,2,0,1,3,0,1,,1.0,0.0
1,All,15,5,3,4,2,0,3,3,1,3,,1.0,1.0
1,All,16,6,3,3,3,0,2,2,1,2,,1.0,1.0
1,All,16,6,3,5,3,1,3,3,1,3,1.0,,
1,All,16,6,3,1,3,0,1,3,0,1,,0.0,0.0
1,All,16,6,3,4,2,1,2,2,1,2,1.0,,
1,All,16,6,3,2,3,0,2,2,1,2,,1.0,1.0
1,All,16,6,3,6,3,1,3,3,1,3,1.0,,
1,All,17,4,3,3,3,0,2,1,0,2,,1.0,0.0
1,All,17,4,3,4,3,0,2,2,1,2,,1.0,1.0
1,All,17,4,3,2,3,0,2,2,1,2,,1.0,1.0
1,All,17,4,3,1,2,0,1,1,1,1,,1.0,1.0
1,All,18,2,6,2,3,1,3,3,1,3,1.0,,
1,All,18,2,6,1,2,1,2,2,1,2,1.0,,
2,All,1,3,1,3,2,0,3,2,0,3,,0.0,0.0
2,All,1,3,1,2,2,1,2,2,1,2,1.0,,
2,All,1,3,1,1,3,0,1,1,1,1,,1.0,1.0
2,All,2,5,1,1,2,0,1,1,1,1,,1.0,1.0
2,All,2,5,1,4,2,0,3,3,1,3,,1.0,1.0
2,All,2,5,1,3,2,0,1,3,0,1,,1.0,0.0
2,All,2,5,1,2,2,0,1,3,0,1,,1.0,0.0
2,All,2,5,1,5,2,0,3,3,1,3,,1.0,1.0
2,All,3,2,1,2,2,0,3,3,1,3,,1.0,1.0
2,All,3,2,1,1,2,1,2,2,1,2,1.0,,
2,All,4,4,1,3,2,1,2,2,1,2,1.0,,
2,All,4,4,1,1,2,0,1,1,1,1,,1.0,1.0
2,All,4,4,1,2,2,1,2,2,1,2,1.0,,
2,All,4,4,1,4,3,1,3,3,1,3,1.0,,
2,All,5,2,2,1,2,0,1,3,0,1,,1.0,0.0
2,All,5,2,2,2,2,0,1,3,0,1,,1.0,0.0
2,All,6,3,2,3,2,0,3,3,1,3,,1.0,1.0
2,All,6,3,2,1,2,0,1,1,1,1,,1.0,1.0
2,All,6,3,2,2,2,1,2,2,1,2,1.0,,
2,All,7,6,1,2,2,0,1,3,0,1,,1.0,0.0
2,All,7,6,1,6,2,0,3,1,0,3,,1.0,0.0
2,All,7,6,1,5,2,0,3,3,1,3,,1.0,1.0
2,All,7,6,1,4,2,1,2,2,1,2,1.0,,
2,All,7,6,1,1,2,0,1,3,0,1,,1.0,0.0
2,All,7,6,1,3,2,1,2,2,1,2,1.0,,
2,All,8,2,3,1,2,1,2,2,1,2,1.0,,
2,All,8,2,3,2,3,1,3,3,1,3,1.0,,
2,All,9,4,2,2,2,1,2,2,1,2,1.0,,
2,All,9,4,2,3,2,1,2,2,1,2,1.0,,
2,All,9,4,2,1,3,0,1,1,1,1,,1.0,1.0
2,All,9,4,2,4,3,0,2,1,0,2,,1.0,0.0
2,All,10,5,2,1,2,0,1,3,0,1,,1.0,0.0
2,All,10,5,2,4,2,0,3,3,1,3,,1.0,1.0
2,All,10,5,2,3,2,0,3,3,1,3,,1.0,1.0
2,All,10,5,2,2,2,1,2,2,1,2,1.0,,
2,All,10,5,2,5,2,0,3,3,1,3,,1.0,1.0
2,All,11,6,2,2,2,0,1,2,0,1,,0.0,0.0
2,All,11,6,2,3,2,1,2,2,1,2,1.0,,
2,All,11,6,2,6,2,0,3,3,1,3,,1.0,1.0
2,All,11,6,2,1,2,0,1,3,0,1,,1.0,0.0
2,All,11,6,2,4,2,1,2,2,1,2,1.0,,
2,All,11,6,2,5,2,0,3,3,1,3,,1.0,1.0
2,All,12,3,3,3,2,1,2,2,1,2,1.0,,
2,All,12,3,3,1,2,0,1,3,0,1,,1.0,0.0
2,All,12,3,3,2,1,1,1,1,1,1,1.0,,
2,All,13,5,3,3,2,1,2,2,1,2,1.0,,
2,All,13,5,3,4,2,1,2,2,1,2,1.0,,
2,All,13,5,3,2,2,0,1,3,0,1,,1.0,0.0
2,All,13,5,3,5,2,0,3,3,1,3,,1.0,1.0
2,All,13,5,3,1,2,0,1,3,0,1,,1.0,0.0
2,All,14,2,4,2,2,1,2,2,1,2,1.0,,
2,All,14,2,4,1,3,0,1,1,1,1,,1.0,1.0
2,All,15,4,3,1,2,0,1,3,0,1,,1.0,0.0
2,All,15,4,3,2,2,0,1,3,0,1,,1.0,0.0
2,All,15,4,3,4,2,0,3,3,1,3,,1.0,1.0
2,All,15,4,3,3,2,0,3,3,1,3,,1.0,1.0
2,All,16,2,5,1,2,1,2,2,1,2,1.0,,
2,All,16,2,5,2,1,0,3,3,1,3,,1.0,1.0
2,All,17,3,4,1,2,1,2,2,1,2,1.0,,
2,All,17,3,4,3,1,0,3,3,1,3,,1.0,1.0
2,All,17,3,4,2,1,0,3,3,1,3,,1.0,1.0
2,All,18,6,3,5,2,0,3,3,1,3,,1.0,1.0
2,All,18,6,3,6,2,0,3,3,1,3,,1.0,1.0
2,All,18,6,3,4,2,1,2,2,1,2,1.0,,
2,All,18,6,3,3,2,1,2,2,1,2,1.0,,
2,All,18,6,3,2,1,0,2,2,1,2,,1.0,1.0
3,All,1,5,1,1,3,0,1,1,1,1,,1.0,1.0
3,All,1,5,1,5,1,0,3,2,0,3,,1.0,0.0
3,All,1,5,1,3,2,1,2,2,1,2,1.0,,
3,All,1,5,1,2,3,0,1,2,0,1,,1.0,0.0
3,All,1,5,1,4,1,0,2,2,1,2,,1.0,1.0
3,All,2,4,1,3,3,0,2,1,0,2,,1.0,0.0
3,All,2,4,1,2,3,0,2,1,0,2,,1.0,0.0
3,All,2,4,1,4,3,0,2,1,0,2,,1.0,0.0
3,All,2,4,1,1,3,0,1,1,1,1,,1.0,1.0
3,All,3,3,1,3,3,1,3,3,1,3,1.0,,
3,All,3,3,1,2,3,1,3,3,1,3,1.0,,
3,All,3,3,1,1,3,0,2,1,0,2,,1.0,0.0
3,All,4,3,2,2,3,0,1,1,1,1,,1.0,1.0
3,All,4,3,2,1,3,0,1,1,1,1,,1.0,1.0
3,All,4,3,2,3,3,0,2,2,1,2,,1.0,1.0
3,All,5,2,1,1,1,0,2,2,1,2,,1.0,1.0
3,All,5,2,1,2,1,0,3,3,1,3,,1.0,1.0
3,All,6,2,2,2,1,1,1,1,1,1,1.0,,
3,All,6,2,2,1,2,0,1,3,0,1,,1.0,0.0
3,All,7,2,3,1,2,0,1,1,1,1,,1.0,1.0
3,All,7,2,3,2,2,0,3,1,0,3,,1.0,0.0
3,All,8,6,1,4,2,1,2,2,1,2,1.0,,
3,All,8,6,1,1,2,0,1,1,1,1,,1.0,1.0
3,All,8,6,1,2,3,0,1,1,1,1,,1.0,1.0
3,All,8,6,1,5,3,1,3,3,1,3,1.0,,
3,All,8,6,1,6,3,1,3,1,0,3,0.0,,
3,All,8,6,1,3,3,0,2,1,0,2,,1.0,0.0
3,All,9,5,2,2,2,0,1,1,1,1,,1.0,1.0
3,All,9,5,2,1,2,0,1,1,1,1,,1.0,1.0
3,All,9,5,2,4,2,0,3,1,0,3,,1.0,0.0
3,All,9,5,2,5,1,0,3,3,1,3,,1.0,1.0
3,All,9,5,2,3,3,0,1,3,0,1,,0.0,0.0
3,All,10,4,2,2,3,0,1,1,1,1,,1.0,1.0
3,All,10,4,2,3,3,1,3,3,1,3,1.0,,
3,All,10,4,2,1,3,0,1,1,1,1,,1.0,1.0
3,All,10,4,2,4,2,0,3,1,0,3,,1.0,0.0
3,All,11,6,2,1,2,0,1,1,1,1,,1.0,1.0
3,All,11,6,2,4,2,1,2,2,1,2,1.0,,
3,All,11,6,2,6,2,0,3,3,1,3,,1.0,1.0
3,All,11,6,2,5,2,0,3,2,0,3,,0.0,0.0
3,All,11,6,2,3,2,1,2,3,0,2,0.0,,
3,All,12,5,3,4,3,1,3,3,1,3,1.0,,
3,All,12,5,3,1,3,0,1,1,1,1,,1.0,1.0
3,All,12,5,3,5,3,1,3,3,1,3,1.0,,
3,All,12,5,3,2,3,0,2,1,0,2,,1.0,0.0
3,All,12,5,3,3,3,1,3,3,1,3,1.0,,
3,All,13,4,3,3,3,0,2,1,0,2,,1.0,0.0
3,All,13,4,3,2,3,0,2,1,0,2,,1.0,0.0
3,All,13,4,3,4,3,1,3,3,1,3,1.0,,
3,All,13,4,3,1,3,0,1,1,1,1,,1.0,1.0
3,All,14,3,3,3,3,1,3,3,1,3,1.0,,
3,All,14,3,3,2,3,0,2,1,0,2,,1.0,0.0
3,All,14,3,3,1,3,0,1,1,1,1,,1.0,1.0
3,All,15,3,4,3,3,1,3,3,1,3,1.0,,
3,All,15,3,4,2,3,0,2,2,1,2,,1.0,1.0
3,All,15,3,4,1,3,0,1,1,1,1,,1.0,1.0
3,All,16,2,4,1,3,0,2,2,1,2,,1.0,1.0
3,All,16,2,4,2,3,1,3,3,1,3,1.0,,
3,All,17,2,5,1,2,1,2,2,1,2,1.0,,
3,All,17,2,5,2,2,0,3,1,0,3,,1.0,0.0
3,All,18,2,6,2,3,0,2,1,0,2,,1.0,0.0
3,All,18,2,6,1,3,0,1,1,1,1,,1.0,1.0
4,All,1,4,1,3,3,0,2,1,0,2,,1.0,0.0
4,All,1,4,1,1,3,0,1,2,0,1,,1.0,0.0
4,All,1,4,1,2,2,1,2,2,1,2,1.0,,
4,All,1,4,1,4,2,1,2,2,1,2,1.0,,
4,All,2,3,1,1,2,1,2,2,1,2,1.0,,
4,All,2,3,1,2,3,1,3,3,1,3,1.0,,
4,All,2,3,1,3,1,0,3,3,1,3,,1.0,1.0
4,All,3,5,1,1,2,0,1,3,0,1,,1.0,0.0
4,All,3,5,1,2,2,0,1,1,1,1,,1.0,1.0
4,All,3,5,1,5,3,1,3,1,0,3,0.0,,
4,All,3,5,1,3,1,0,2,1,0,2,,0.0,0.0
4,All,3,5,1,4,2,1,2,2,1,2,1.0,,
4,All,4,2,1,2,2,0,3,1,0,3,,1.0,0.0
4,All,4,2,1,1,3,0,2,2,1,2,,1.0,1.0
4,All,5,3,2,2,3,0,2,1,0,2,,1.0,0.0
4,All,5,3,2,3,2,0,3,1,0,3,,1.0,0.0
4,All,5,3,2,1,2,0,1,1,1,1,,1.0,1.0
4,All,6,6,1,1,2,0,1,3,0,1,,1.0,0.0
4,All,6,6,1,2,2,1,2,2,1,2,1.0,,
4,All,6,6,1,3,3,0,2,3,0,2,,0.0,0.0
4,All,6,6,1,5,1,0,3,3,1,3,,1.0,1.0
4,All,6,6,1,6,3,1,3,3,1,3,1.0,,
4,All,6,6,1,4,1,0,2,2,1,2,,1.0,1.0
4,All,7,2,2,2,3,0,1,2,0,1,,1.0,0.0
4,All,7,2,2,1,3,0,1,2,0,1,,1.0,0.0
4,All,8,2,3,2,1,0,2,3,0,2,,1.0,0.0
4,All,8,2,3,1,3,0,1,2,0,1,,1.0,0.0
4,All,9,6,2,5,2,0,3,2,0,3,,0.0,0.0
4,All,9,6,2,1,2,0,1,3,0,1,,1.0,0.0
4,All,9,6,2,6,3,1,3,3,1,3,1.0,,
4,All,9,6,2,2,3,0,1,1,1,1,,1.0,1.0
4,All,9,6,2,4,1,0,2,2,1,2,,1.0,1.0
4,All,9,6,2,3,1,0,2,1,0,2,,0.0,0.0
4,All,10,4,2,1,2,0,1,3,0,1,,1.0,0.0
4,All,10,4,2,4,3,1,3,3,1,3,1.0,,
4,All,10,4,2,3,2,0,3,3,1,3,,1.0,1.0
4,All,10,4,2,2,1,1,1,1,1,1,1.0,,
4,All,11,5,2,3,2,0,3,3,1,3,,1.0,1.0
4,All,11,5,2,2,2,1,2,2,1,2,1.0,,
4,All,11,5,2,5,3,1,3,3,1,3,1.0,,
4,All,11,5,2,1,1,1,1,1,1,1,1.0,,
4,All,11,5,2,4,1,0,3,3,1,3,,1.0,1.0
4,All,12,4,3,2,2,1,2,2,1,2,1.0,,
4,All,12,4,3,1,3,0,1,2,0,1,,1.0,0.0
4,All,12,4,3,4,1,0,3,3,1,3,,1.0,1.0
4,All,12,4,3,3,2,1,2,1,0,2,0.0,,
4,All,13,3,3,2,3,0,1,2,0,1,,1.0,0.0
4,All,13,3,3,3,3,0,2,2,1,2,,1.0,1.0
4,All,13,3,3,1,3,0,1,1,1,1,,1.0,1.0
4,All,14,5,3,4,2,0,3,3,1,3,,1.0,1.0
4,All,14,5,3,5,2,0,3,3,1,3,,1.0,1.0
4,All,14,5,3,1,2,0,1,3,0,1,,1.0,0.0
4,All,14,5,3,2,2,0,1,3,0,1,,1.0,0.0
4,All,14,5,3,3,3,0,1,1,1,1,,1.0,1.0
4,All,15,2,4,1,1,1,1,1,1,1,1.0,,
4,All,15,2,4,2,3,1,3,3,1,3,1.0,,
4,All,16,3,4,1,1,1,1,1,1,1,1.0,,
4,All,16,3,4,3,3,1,3,3,1,3,1.0,,
4,All,16,3,4,2,2,1,2,2,1,2,1.0,,
4,All,17,6,3,6,1,0,3,3,1,3,,1.0,1.0
4,All,17,6,3,5,2,0,3,3,1,3,,1.0,1.0
4,All,17,6,3,2,2,0,1,2,0,1,,0.0,0.0
4,All,17,6,3,4,2,1,2,3,0,2,0.0,,
4,All,17,6,3,3,1,0,2,3,0,2,,1.0,0.0
4,All,17,6,3,1,1,1,1,3,0,1,0.0,,
4,All,18,2,5,1,3,0,2,1,0,2,,1.0,0.0
4,All,18,2,5,2,3,1,3,3,1,3,1.0,,
5,All,1,3,1,2,2,1,2,3,0,2,0.0,,
5,All,1,3,1,3,3,1,3,3,1,3,1.0,,
5,All,2,2,1,1,3,0,2,2,1,2,,1.0,1.0
5,All,2,2,1,2,2,0,3,3,1,3,,1.0,1.0
5,All,3,4,1,3,3,0,2,3,0,2,,0.0,0.0
5,All,3,4,1,2,2,1,2,2,1,2,1.0,,
5,All,3,4,1,1,3,0,1,1,1,1,,1.0,1.0
5,All,3,4,1,4,1,0,3,3,1,3,,1.0,1.0
5,All,4,6,1,2,2,0,1,2,0,1,,0.0,0.0
5,All,4,6,1,1,3,0,1,1,1,1,,1.0,1.0
5,All,4,6,1,5,1,0,3,1,0,3,,0.0,0.0
5,All,4,6,1,3,2,1,2,2,1,2,1.0,,
5,All,4,6,1,4,2,1,2,2,1,2,1.0,,
5,All,4,6,1,6,3,1,3,1,0,3,0.0,,
5,All,5,5,1,4,3,1,3,3,1,3,1.0,,
5,All,5,5,1,5,1,0,3,3,1,3,,1.0,1.0
5,All,5,5,1,3,2,0,3,1,0,3,,1.0,0.0
5,All,5,5,1,1,1,1,1,1,1,1,1.0,,
5,All,6,2,2,2,3,0,1,1,1,1,,1.0,1.0
5,All,6,2,2,1,2,0,1,3,0,1,,1.0,0.0
5,All,7,3,2,2,3,0,2,1,0,2,,1.0,0.0
5,All,7,3,2,1,2,0,1,1,1,1,,1.0,1.0
5,All,7,3,2,3,3,1,3,3,1,3,1.0,,
5,All,8,2,3,2,1,0,2,3,0,2,,1.0,0.0
5,All,8,2,3,1,1,1,1,1,1,1,1.0,,
5,All,9,5,2,3,3,0,2,1,0,2,,1.0,0.0
5,All,9,5,2,1,1,1,1,1,1,1,1.0,,
5,All,9,5,2,5,1,0,3,3,1,3,,1.0,1.0
5,All,9,5,2,2,3,0,1,2,0,1,,1.0,0.0
5,All,10,4,2,1,2,0,1,3,0,1,,1.0,0.0
5,All,10,4,2,2,1,0,2,1,0,2,,0.0,0.0
5,All,10,4,2,3,3,0,2,2,1,2,,1.0,1.0
5,All,10,4,2,4,1,0,2,2,1,2,,1.0,1.0
5,All,11,6,2,2,2,1,2,2,1,2,1.0,,
5,All,11,6,2,4,3,0,2,2,1,2,,1.0,1.0
5,All,11,6,2,6,3,1,3,1,0,3,0.0,,
5,All,11,6,2,3,1,0,2,3,0,2,,1.0,0.0
5,All,11,6,2,5,3,1,3,3,1,3,1.0,,
5,All,12,3,3,3,3,0,2,1,0,2,,1.0,0.0
5,All,12,3,3,1,2,0,1,1,1,1,,1.0,1.0
5,All,13,2,4,1,3,0,1,2,0,1,,1.0,0.0
5,All,13,2,4,2,2,0,3,3,1,3,,1.0,1.0
5,All,14,4,3,4,2,0,3,2,0,3,,0.0,0.0
5,All,14,4,3,1,3,0,1,1,1,1,,1.0,1.0
5,All,14,4,3,2,1,1,1,1,1,1,1.0,,
5,All,14,4,3,3,3,1,3,1,0,3,0.0,,
5,All,15,6,3,1,1,1,1,1,1,1,1.0,,
5,All,15,6,3,3,1,0,2,1,0,2,,0.0,0.0
5,All,15,6,3,4,3,0,2,1,0,2,,1.0,0.0
5,All,15,6,3,5,2,0,3,3,1,3,,1.0,1.0
5,All,15,6,3,2,2,0,1,3,0,1,,1.0,0.0
5,All,15,6,3,6,2,0,3,2,0,3,,0.0,0.0
5,All,16,5,3,5,2,0,3,3,1,3,,1.0,1.0
5,All,16,5,3,4,1,0,3,3,1,3,,1.0,1.0
5,All,16,5,3,2,3,0,1,2,0,1,,1.0,0.0
5,All,16,5,3,3,1,1,1,1,1,1,1.0,,
5,All,16,5,3,1,1,1,1,1,1,1,1.0,,
5,All,17,2,5,1,1,0,2,2,1,2,,1.0,1.0
5,All,17,2,5,2,3,1,3,3,1,3,1.0,,
5,All,18,3,4,2,3,1,3,3,1,3,1.0,,
5,All,18,3,4,1,1,0,2,2,1,2,,1.0,1.0
6,All,1,2,1,2,1,0,3,1,0,3,,0.0,0.0
6,All,1,2,1,1,1,0,2,2,1,2,,1.0,1.0
6,All,2,6,1,6,1,0,3,2,0,3,,1.0,0.0
6,All,2,6,1,2,2,1,2,1,0,2,0.0,,
6,All,2,6,1,3,3,0,2,1,0,2,,1.0,0.0
6,All,2,6,1,4,1,0,2,2,1,2,,1.0,1.0
6,All,2,6,1,5,2,0,3,3,1,3,,1.0,1.0
6,All,2,6,1,1,2,0,1,2,0,1,,0.0,0.0
6,All,3,3,1,2,1,1,1,1,1,1,1.0,,
6,All,3,3,1,3,2,1,2,2,1,2,1.0,,
6,All,3,3,1,1,3,0,1,1,1,1,,1.0,1.0
6,All,4,2,2,2,1,1,1,1,1,1,1.0,,
6,All,4,2,2,1,1,1,1,1,1,1,1.0,,
6,All,5,4,1,2,1,1,1,1,1,1,1.0,,
6,All,5,4,1,4,1,0,3,3,1,3,,1.0,1.0
6,All,5,4,1,1,2,0,1,2,0,1,,0.0,0.0
6,All,5,4,1,3,1,0,3,2,0,3,,1.0,0.0
6,All,6,2,3,2,1,0,3,2,0,3,,1.0,0.0
6,All,6,2,3,1,1,0,2,2,1,2,,1.0,1.0
6,All,7,5,1,3,1,1,1,1,1,1,1.0,,
6,All,7,5,1,2,1,1,1,1,1,1,1.0,,
6,All,7,5,1,1,2,0,1,1,1,1,,1.0,1.0
6,All,7,5,1,5,1,0,3,2,0,3,,1.0,0.0
6,All,7,5,1,4,1,0,3,2,0,3,,1.0,0.0
6,All,8,3,2,1,1,0,2,2,1,2,,1.0,1.0
6,All,8,3,2,3,1,0,3,2,0,3,,1.0,0.0
6,All,8,3,2,2,1,0,3,2,0,3,,1.0,0.0
6,All,9,6,2,4,1,0,2,2,1,2,,1.0,1.0
6,All,9,6,2,3,1,0,2,1,0,2,,0.0,0.0
6,All,9,6,2,2,1,1,1,2,0,1,0.0,,
6,All,9,6,2,5,1,0,3,1,0,3,,0.0,0.0
6,All,9,6,2,1,1,1,1,1,1,1,1.0,,
6,All,9,6,2,6,2,0,3,2,0,3,,0.0,0.0
6,All,10,4,2,3,1,0,2,2,1,2,,1.0,1.0
6,All,10,4,2,2,1,0,2,2,1,2,,1.0,1.0
6,All,10,4,2,1,1,1,1,1,1,1,1.0,,
6,All,10,4,2,4,2,0,3,1,0,3,,1.0,0.0
6,All,11,5,2,4,1,0,2,2,1,2,,1.0,1.0
6,All,11,5,2,3,1,0,2,2,1,2,,1.0,1.0
6,All,11,5,2,1,1,1,1,1,1,1,1.0,,
6,All,11,5,2,5,1,0,3,2,0,3,,1.0,0.0
6,All,11,5,2,2,2,0,1,3,0,1,,1.0,0.0
6,All,12,2,4,2,1,0,3,2,0,3,,1.0,0.0
6,All,12,2,4,1,1,1,1,1,1,1,1.0,,
6,All,13,6,3,3,1,0,2,1,0,2,,0.0,0.0
6,All,13,6,3,6,1,0,3,2,0,3,,1.0,0.0
6,All,13,6,3,2,1,1,1,1,1,1,1.0,,
6,All,13,6,3,5,1,0,3,2,0,3,,1.0,0.0
6,All,13,6,3,1,2,0,1,3,0,1,,1.0,0.0
6,All,13,6,3,4,2,1,2,3,0,2,0.0,,
6,All,14,3,3,1,1,1,1,1,1,1,1.0,,
6,All,14,3,3,2,2,1,2,2,1,2,1.0,,
6,All,14,3,3,3,2,0,3,1,0,3,,1.0,0.0
6,All,15,2,5,1,1,0,2,2,1,2,,1.0,1.0
6,All,15,2,5,2,1,0,3,2,0,3,,1.0,0.0
6,All,16,4,3,3,1,0,2,2,1,2,,1.0,1.0
6,All,16,4,3,1,1,1,1,1,1,1,1.0,,
6,All,16,4,3,2,3,0,2,2,1,2,,1.0,1.0
6,All,16,4,3,4,2,1,2,2,1,2,1.0,,
6,All,17,2,6,1,1,1,1,1,1,1,1.0,,
6,All,17,2,6,2,2,1,2,2,1,2,1.0,,
6,All,18,5,3,1,1,1,1,1,1,1,1.0,,
6,All,18,5,3,4,1,0,3,2,0,3,,1.0,0.0
6,All,18,5,3,3,1,0,3,2,0,3,,1.0,0.0
6,All,18,5,3,2,1,0,2,2,1,2,,1.0,1.0
6,All,18,5,3,5,1,0,3,2,0,3,,1.0,0.0
7,All,1,6,1,6,2,0,3,3,1,3,,1.0,1.0
7,All,1,6,1,1,1,1,1,1,1,1,1.0,,
7,All,1,6,1,2,3,0,1,3,0,1,,0.0,0.0
7,All,1,6,1,3,2,1,2,2,1,2,1.0,,
7,All,1,6,1,5,3,1,3,1,0,3,0.0,,
7,All,1,6,1,4,2,1,2,2,1,2,1.0,,
7,All,2,2,1,2,2,0,3,1,0,3,,1.0,0.0
7,All,2,2,1,1,2,1,2,2,1,2,1.0,,
7,All,3,2,2,2,3,0,1,1,1,1,,1.0,1.0
7,All,3,2,2,1,2,0,1,3,0,1,,1.0,0.0
7,All,4,2,3,1,3,0,2,1,0,2,,1.0,0.0
7,All,4,2,3,2,1,0,3,3,1,3,,1.0,1.0
7,All,5,3,1,3,2,0,3,1,0,3,,1.0,0.0
7,All,5,3,1,2,2,0,3,3,1,3,,1.0,1.0
7,All,5,3,1,1,2,1,2,2,1,2,1.0,,
7,All,6,3,2,3,1,0,3,3,1,3,,1.0,1.0
7,All,6,3,2,2,2,1,2,2,1,2,1.0,,
7,All,6,3,2,1,2,0,1,1,1,1,,1.0,1.0
7,All,7,4,1,1,2,0,1,1,1,1,,1.0,1.0
7,All,7,4,1,4,2,0,3,1,0,3,,1.0,0.0
7,All,7,4,1,2,2,0,1,1,1,1,,1.0,1.0
7,All,7,4,1,3,2,0,3,1,0,3,,1.0,0.0
7,All,8,5,1,3,3,0,2,2,1,2,,1.0,1.0
7,All,8,5,1,1,3,0,1,2,0,1,,1.0,0.0
7,All,8,5,1,4,1,0,2,2,1,2,,1.0,1.0
7,All,8,5,1,5,2,0,3,1,0,3,,1.0,0.0
7,All,8,5,1,2,1,1,1,1,1,1,1.0,,
7,All,9,6,2,2,2,0,1,1,1,1,,1.0,1.0
7,All,9,6,2,4,2,1,2,3,0,2,0.0,,
7,All,9,6,2,5,2,0,3,3,1,3,,1.0,1.0
7,All,9,6,2,3,2,1,2,2,1,2,1.0,,
7,All,9,6,2,6,3,1,3,3,1,3,1.0,,
7,All,9,6,2,1,2,0,1,1,1,1,,1.0,1.0
7,All,10,5,2,5,2,0,3,1,0,3,,1.0,0.0
7,All,10,5,2,4,2,0,3,1,0,3,,1.0,0.0
7,All,10,5,2,1,2,0,1,2,0,1,,0.0,0.0
7,All,10,5,2,2,2,1,2,2,1,2,1.0,,
7,All,10,5,2,3,1,0,3,2,0,3,,1.0,0.0
7,All,11,4,2,2,2,1,2,2,1,2,1.0,,
7,All,11,4,2,3,1,0,2,3,0,2,,1.0,0.0
7,All,11,4,2,1,3,0,1,2,0,1,,1.0,0.0
7,All,11,4,2,4,2,0,3,2,0,3,,0.0,0.0
7,All,12,6,3,2,2,1,2,2,1,2,1.0,,
7,All,12,6,3,3,2,1,2,2,1,2,1.0,,
7,All,12,6,3,4,1,0,2,3,0,2,,1.0,0.0
7,All,12,6,3,5,1,0,3,1,0,3,,0.0,0.0
7,All,12,6,3,1,3,0,1,1,1,1,,1.0,1.0
7,All,12,6,3,6,1,0,3,3,1,3,,1.0,1.0
7,All,13,2,4,1,2,1,2,2,1,2,1.0,,
7,All,13,2,4,2,1,0,3,3,1,3,,1.0,1.0
7,All,14,2,5,1,2,0,1,1,1,1,,1.0,1.0
7,All,14,2,5,2,2,1,2,2,1,2,1.0,,
7,All,15,2,6,1,3,0,1,1,1,1,,1.0,1.0
7,All,15,2,6,2,3,1,3,3,1,3,1.0,,
7,All,16,3,3,2,2,0,1,1,1,1,,1.0,1.0
7,All,16,3,3,3,2,1,2,2,1,2,1.0,,
7,All,16,3,3,1,3,0,1,2,0,1,,1.0,0.0
7,All,17,3,4,1,2,0,1,1,1,1,,1.0,1.0
7,All,17,3,4,3,2,0,3,1,0,3,,1.0,0.0
7,All,17,3,4,2,2,1,2,2,1,2,1.0,,
7,All,18,4,3,4,2,1,2,2,1,2,1.0,,
7,All,18,4,3,3,1,0,2,2,1,2,,1.0,1.0
7,All,18,4,3,1,3,0,1,2,0,1,,1.0,0.0
7,All,18,4,3,2,2,1,2,2,1,2,1.0,,
8,All,1,2,1,2,1,0,3,3,1,3,,1.0,1.0
8,All,2,2,2,1,2,0,1,1,1,1,,1.0,1.0
8,All,2,2,2,2,2,0,1,3,0,1,,1.0,0.0
8,All,3,6,1,2,2,0,1,1,1,1,,1.0,1.0
8,All,3,6,1,4,2,1,2,2,1,2,1.0,,
8,All,3,6,1,3,1,0,2,1,0,2,,0.0,0.0
8,All,3,6,1,1,3,0,1,2,0,1,,1.0,0.0
8,All,4,3,1,3,2,0,3,3,1,3,,1.0,1.0
8,All,5,2,3,1,2,1,2,2,1,2,1.0,,
8,All,5,2,3,2,1,0,3,3,1,3,,1.0,1.0
8,All,6,5,1,3,2,1,2,2,1,2,1.0,,
8,All,6,5,1,2,1,1,1,1,1,1,1.0,,
8,All,6,5,1,1,3,0,1,1,1,1,,1.0,1.0
8,All,6,5,1,4,3,0,2,3,0,2,,0.0,0.0
8,All,6,5,1,5,2,0,3,1,0,3,,1.0,0.0
8,All,7,3,2,2,2,1,2,2,1,2,1.0,,
8,All,7,3,2,1,1,1,1,1,1,1,1.0,,
8,All,7,3,2,3,3,1,3,3,1,3,1.0,,
8,All,8,4,1,4,2,0,3,3,1,3,,1.0,1.0
8,All,8,4,1,3,2,0,3,3,1,3,,1.0,1.0
8,All,8,4,1,2,2,0,1,1,1,1,,1.0,1.0
8,All,8,4,1,1,2,0,1,1,1,1,,1.0,1.0
8,All,9,5,2,3,2,0,1,1,1,1,,1.0,1.0
8,All,9,5,2,2,2,0,1,1,1,1,,1.0,1.0
8,All,9,5,2,4,2,0,3,1,0,3,,1.0,0.0
8,All,9,5,2,5,2,0,3,3,1,3,,1.0,1.0
8,All,9,5,2,1,3,0,1,2,0,1,,1.0,0.0
8,All,10,4,2,3,2,1,2,2,1,2,1.0,,
8,All,10,4,2,1,1,1,1,1,1,1,1.0,,
8,All,10,4,2,4,3,0,2,1,0,2,,1.0,0.0
8,All,10,4,2,2,2,1,2,2,1,2,1.0,,
8,All,11,6,2,2,2,1,2,2,1,2,1.0,,
8,All,11,6,2,6,2,0,3,1,0,3,,1.0,0.0
8,All,11,6,2,4,2,1,2,2,1,2,1.0,,
8,All,11,6,2,5,1,0,3,2,0,3,,1.0,0.0
8,All,11,6,2,1,1,1,1,3,0,1,0.0,,
8,All,12,2,4,2,2,0,3,1,0,3,,1.0,0.0
8,All,12,2,4,1,2,0,1,1,1,1,,1.0,1.0
8,All,13,2,5,2,2,0,3,1,0,3,,1.0,0.0
8,All,13,2,5,1,2,1,2,2,1,2,1.0,,
8,All,14,6,3,4,2,1,2,2,1,2,1.0,,
8,All,14,6,3,2,2,0,1,2,0,1,,0.0,0.0
8,All,14,6,3,5,2,0,3,3,1,3,,1.0,1.0
8,All,14,6,3,1,2,0,1,2,0,1,,0.0,0.0
8,All,14,6,3,6,1,0,3,2,0,3,,1.0,0.0
8,All,14,6,3,3,2,1,2,2,1,2,1.0,,
8,All,15,3,3,3,2,1,2,2,1,2,1.0,,
8,All,15,3,3,1,2,0,1,1,1,1,,1.0,1.0
8,All,15,3,3,2,2,0,1,1,1,1,,1.0,1.0
8,All,16,2,6,1,2,0,1,1,1,1,,1.0,1.0
8,All,16,2,6,2,2,1,2,2,1,2,1.0,,
8,All,17,5,3,1,2,0,1,2,0,1,,0.0,0.0
8,All,17,5,3,5,1,0,3,3,1,3,,1.0,1.0
8,All,17,5,3,3,3,1,3,3,1,3,1.0,,
8,All,17,5,3,2,3,0,2,1,0,2,,1.0,0.0
8,All,17,5,3,4,1,0,3,2,0,3,,1.0,0.0
8,All,18,3,4,2,2,1,2,2,1,2,1.0,,
8,All,18,3,4,3,2,0,3,3,1,3,,1.0,1.0
8,All,18,3,4,1,2,0,1,1,1,1,,1.0,1.0
9,All,1,6,1,6,3,1,3,3,1,3,1.0,,
9,All,1,6,1,2,3,0,2,2,1,2,,1.0,1.0
9,All,1,6,1,1,3,0,1,2,0,1,,1.0,0.0
9,All,1,6,1,4,3,0,2,3,0,2,,0.0,0.0
9,All,1,6,1,5,3,1,3,3,1,3,1.0,,
9,All,1,6,1,3,3,0,2,2,1,2,,1.0,1.0
9,All,2,2,1,1,3,0,2,2,1,2,,1.0,1.0
9,All,2,2,1,2,3,1,3,3,1,3,1.0,,
9,All,3,3,1,2,3,1,3,3,1,3,1.0,,
9,All,3,3,1,3,3,1,3,3,1,3,1.0,,
9,All,3,3,1,1,3,0,2,2,1,2,,1.0,1.0
9,All,4,2,2,2,3,0,1,2,0,1,,1.0,0.0
9,All,4,2,2,1,3,0,1,2,0,1,,1.0,0.0
9,All,5,3,2,1,3,0,1,2,0,1,,1.0,0.0
9,All,5,3,2,3,3,1,3,3,1,3,1.0,,
9,All,5,3,2,2,3,0,2,2,1,2,,1.0,1.0
9,All,6,5,1,5,3,1,3,3,1,3,1.0,,
9,All,6,5,1,1,3,0,1,2,0,1,,1.0,0.0
9,All,6,5,1,2,3,0,1,2,0,1,,1.0,0.0
9,All,6,5,1,4,3,1,3,3,1,3,1.0,,
9,All,6,5,1,3,2,0,1,1,1,1,,1.0,1.0
9,All,7,4,1,3,3,1,3,3,1,3,1.0,,
9,All,7,4,1,4,3,1,3,3,1,3,1.0,,
9,All,7,4,1,2,3,0,1,3,0,1,,0.0,0.0
9,All,7,4,1,1,3,0,1,2,0,1,,1.0,0.0
9,All,8,2,3,1,3,0,2,2,1,2,,1.0,1.0
9,All,8,2,3,2,1,0,3,3,1,3,,1.0,1.0
9,All,9,5,2,1,3,0,1,2,0,1,,1.0,0.0
9,All,9,5,2,5,3,1,3,3,1,3,1.0,,
9,All,9,5,2,3,3,1,3,3,1,3,1.0,,
9,All,9,5,2,4,2,0,3,3,1,3,,1.0,1.0
9,All,9,5,2,2,2,1,2,2,1,2,1.0,,
9,All,10,6,2,6,3,1,3,3,1,3,1.0,,
9,All,10,6,2,2,3,0,1,2,0,1,,1.0,0.0
9,All,10,6,2,4,3,0,2,2,1,2,,1.0,1.0
9,All,10,6,2,3,3,0,2,2,1,2,,1.0,1.0
9,All,10,6,2,1,3,0,1,2,0,1,,1.0,0.0
9,All,10,6,2,5,3,1,3,3,1,3,1.0,,
9,All,11,4,2,3,3,0,2,1,0,2,,1.0,0.0
9,All,11,4,2,4,3,0,2,2,1,2,,1.0,1.0
9,All,11,4,2,2,3,0,2,2,1,2,,1.0,1.0
9,All,11,4,2,1,2,0,1,3,0,1,,1.0,0.0
9,All,12,6,3,2,3,0,1,1,1,1,,1.0,1.0
9,All,12,6,3,4,3,0,2,2,1,2,,1.0,1.0
9,All,12,6,3,6,3,1,3,3,1,3,1.0,,
9,All,12,6,3,5,3,1,3,3,1,3,1.0,,
9,All,12,6,3,1,3,0,1,3,0,1,,0.0,0.0
9,All,12,6,3,3,3,0,2,2,1,2,,1.0,1.0
9,All,13,2,4,2,3,0,2,2,1,2,,1.0,1.0
9,All,13,2,4,1,3,0,1,1,1,1,,1.0,1.0
9,All,14,3,3,3,3,1,3,3,1,3,1.0,,
9,All,14,3,3,2,2,1,2,2,1,2,1.0,,
9,All,15,2,5,2,3,1,3,3,1,3,1.0,,
9,All,15,2,5,1,2,0,1,1,1,1,,1.0,1.0
9,All,16,3,4,2,3,0,1,2,0,1,,1.0,0.0
9,All,16,3,4,1,3,0,1,2,0,1,,1.0,0.0
9,All,16,3,4,3,3,0,2,1,0,2,,1.0,0.0
9,All,17,5,3,1,3,0,1,3,0,1,,0.0,0.0
9,All,17,5,3,5,3,1,3,3,1,3,1.0,,
9,All,17,5,3,2,3,0,1,2,0,1,,1.0,0.0
9,All,17,5,3,3,3,0,2,2,1,2,,1.0,1.0
9,All,17,5,3,4,3,0,2,1,0,2,,1.0,0.0
9,All,18,4,3,3,3,0,2,2,1,2,,1.0,1.0
9,All,18,4,3,2,3,0,2,2,1,2,,1.0,1.0
9,All,18,4,3,1,3,0,1,3,0,1,,0.0,0.0
9,All,18,4,3,4,3,1,3,3,1,3,1.0,,
10,All,1,2,1,2,1,0,3,3,1,3,,1.0,1.0
10,All,1,2,1,1,3,0,2,2,1,2,,1.0,1.0
10,All,2,2,2,1,1,1,1,1,1,1,1.0,,
10,All,2,2,2,2,3,0,1,2,0,1,,1.0,0.0
10,All,3,6,1,2,1,1,1,1,1,1,1.0,,
10,All,3,6,1,3,3,0,2,1,0,2,,1.0,0.0
10,All,3,6,1,6,2,0,3,2,0,3,,0.0,0.0
10,All,3,6,1,1,2,0,1,3,0,1,,1.0,0.0
10,All,3,6,1,5,1,0,3,3,1,3,,1.0,1.0
10,All,3,6,1,4,1,0,2,3,0,2,,1.0,0.0
10,All,4,5,1,1,1,1,1,1,1,1,1.0,,
10,All,4,5,1,4,3,1,3,3,1,3,1.0,,
10,All,4,5,1,5,1,0,3,2,0,3,,1.0,0.0
10,All,4,5,1,3,1,1,1,1,1,1,1.0,,
10,All,4,5,1,2,1,1,1,1,1,1,1.0,,
10,All,5,3,1,3,1,0,2,3,0,2,,1.0,0.0
10,All,5,3,1,1,1,1,1,1,1,1,1.0,,
10,All,5,3,1,2,3,0,1,2,0,1,,1.0,0.0
10,All,6,2,3,2,1,0,3,3,1,3,,1.0,1.0
10,All,6,2,3,1,1,0,2,2,1,2,,1.0,1.0
10,All,7,3,2,3,2,0,3,1,0,3,,1.0,0.0
10,All,7,3,2,2,2,1,2,2,1,2,1.0,,
10,All,7,3,2,1,3,0,1,3,0,1,,0.0,0.0
10,All,8,4,1,3,1,0,3,3,1,3,,1.0,1.0
10,All,8,4,1,1,2,0,1,1,1,1,,1.0,1.0
10,All,8,4,1,2,2,0,1,3,0,1,,1.0,0.0
10,All,8,4,1,4,2,0,3,1,0,3,,1.0,0.0
10,All,9,6,2,1,1,1,1,1,1,1,1.0,,
10,All,9,6,2,2,3,0,1,2,0,1,,1.0,0.0
10,All,9,6,2,5,3,1,3,1,0,3,0.0,,
10,All,9,6,2,4,3,0,2,2,1,2,,1.0,1.0
10,All,9,6,2,6,1,0,3,2,0,3,,1.0,0.0
10,All,9,6,2,3,2,1,2,3,0,2,0.0,,
10,All,10,5,2,1,1,1,1,1,1,1,1.0,,
10,All,10,5,2,5,3,1,3,3,1,3,1.0,,
10,All,10,5,2,4,2,0,3,3,1,3,,1.0,1.0
10,All,10,5,2,3,3,1,3,3,1,3,1.0,,
10,All,10,5,2,2,3,0,2,1,0,2,,1.0,0.0
10,All,11,4,2,2,3,0,2,1,0,2,,1.0,0.0
10,All,11,4,2,4,2,0,3,1,0,3,,1.0,0.0
10,All,11,4,2,3,1,0,2,3,0,2,,1.0,0.0
10,All,11,4,2,1,1,1,1,1,1,1,1.0,,
10,All,12,2,4,2,1,0,3,3,1,3,,1.0,1.0
10,All,12,2,4,1,1,0,2,2,1,2,,1.0,1.0
10,All,13,2,5,1,1,1,1,1,1,1,1.0,,
10,All,13,2,5,2,3,1,3,3,1,3,1.0,,
10,All,14,6,3,6,1,0,3,2,0,3,,1.0,0.0
10,All,14,6,3,5,1,0,3,2,0,3,,1.0,0.0
10,All,14,6,3,3,1,0,2,2,1,2,,1.0,1.0
10,All,14,6,3,2,3,0,2,1,0,2,,1.0,0.0
10,All,14,6,3,1,2,0,1,3,0,1,,1.0,0.0
10,All,14,6,3,4,3,0,2,2,1,2,,1.0,1.0
10,All,15,5,3,5,1,0,3,3,1,3,,1.0,1.0
10,All,15,5,3,2,1,1,1,1,1,1,1.0,,
10,All,15,5,3,4,1,0,2,3,0,2,,1.0,0.0
10,All,15,5,3,1,1,1,1,1,1,1,1.0,,
10,All,15,5,3,3,2,1,2,2,1,2,1.0,,
10,All,16,3,3,1,1,0,2,3,0,2,,1.0,0.0
10,All,16,3,3,2,1,0,3,3,1,3,,1.0,1.0
10,All,16,3,3,3,1,0,3,2,0,3,,1.0,0.0
10,All,17,2,6,1,1,1,1,1,1,1,1.0,,
10,All,17,2,6,2,3,0,2,2,1,2,,1.0,1.0
10,All,18,3,4,1,1,1,1,1,1,1,1.0,,
10,All,18,3,4,3,1,0,3,3,1,3,,1.0,1.0
10,All,18,3,4,2,3,0,2,1,0,2,,1.0,0.0
11,All,1,2,1,1,2,1,2,2,1,2,1.0,,
11,All,2,5,1,3,2,0,1,1,1,1,,1.0,1.0
11,All,2,5,1,4,3,1,3,3,1,3,1.0,,
11,All,2,5,1,2,2,0,1,2,0,1,,0.0,0.0
11,All,2,5,1,5,2,0,3,3,1,3,,1.0,1.0
11,All,2,5,1,1,1,1,1,1,1,1,1.0,,
11,All,3,2,2,1,2,0,1,3,0,1,,1.0,0.0
11,All,3,2,2,2,1,1,1,1,1,1,1.0,,
11,All,4,2,3,2,2,0,3,3,1,3,,1.0,1.0
11,All,5,6,1,6,2,0,3,1,0,3,,1.0,0.0
11,All,5,6,1,2,3,0,1,2,0,1,,1.0,0.0
11,All,5,6,1,4,1,0,2,3,0,2,,1.0,0.0
11,All,5,6,1,5,2,0,3,2,0,3,,0.0,0.0
11,All,5,6,1,1,1,1,1,3,0,1,0.0,,
11,All,6,4,1,3,3,0,2,3,0,2,,0.0,0.0
11,All,6,4,1,1,1,1,1,2,0,1,0.0,,
11,All,6,4,1,2,2,1,2,1,0,2,0.0,,
11,All,7,3,1,1,2,0,1,3,0,1,,1.0,0.0
11,All,7,3,1,3,1,0,2,1,0,2,,0.0,0.0
11,All,8,3,2,2,2,0,3,3,1,3,,1.0,1.0
11,All,8,3,2,1,3,0,2,1,0,2,,1.0,0.0
11,All,8,3,2,3,1,0,3,1,0,3,,0.0,0.0
11,All,9,6,2,1,1,1,1,1,1,1,1.0,,
11,All,9,6,2,4,2,1,2,3,0,2,0.0,,
11,All,9,6,2,3,3,0,2,1,0,2,,1.0,0.0
11,All,9,6,2,2,2,0,1,1,1,1,,1.0,1.0
11,All,10,5,2,5,2,0,3,2,0,3,,0.0,0.0
11,All,10,5,2,1,3,0,1,2,0,1,,1.0,0.0
11,All,10,5,2,4,1,0,2,1,0,2,,0.0,0.0
11,All,10,5,2,3,3,0,2,1,0,2,,1.0,0.0
11,All,10,5,2,2,1,1,1,3,0,1,0.0,,
11,All,11,4,2,1,2,0,1,1,1,1,,1.0,1.0
11,All,11,4,2,4,3,1,3,2,0,3,0.0,,
11,All,11,4,2,2,1,1,1,3,0,1,0.0,,
11,All,11,4,2,3,2,0,3,1,0,3,,1.0,0.0
11,All,12,2,4,2,2,1,2,3,0,2,0.0,,
11,All,12,2,4,1,1,1,1,1,1,1,1.0,,
11,All,13,5,3,3,2,0,3,1,0,3,,1.0,0.0
11,All,13,5,3,1,3,0,1,3,0,1,,0.0,0.0
11,All,13,5,3,4,3,1,3,3,1,3,1.0,,
11,All,13,5,3,5,2,0,3,1,0,3,,1.0,0.0
11,All,13,5,3,2,1,0,2,1,0,2,,0.0,0.0
11,All,14,2,5,2,3,1,3,2,0,3,0.0,,
11,All,14,2,5,1,2,1,2,3,0,2,0.0,,
11,All,15,2,6,1,3,0,1,1,1,1,,1.0,1.0
11,All,15,2,6,2,3,1,3,3,1,3,1.0,,
11,All,16,6,3,5,3,1,3,3,1,3,1.0,,
11,All,16,6,3,6,1,0,3,3,1,3,,1.0,1.0
11,All,16,6,3,2,3,0,2,2,1,2,,1.0,1.0
11,All,16,6,3,4,2,1,2,1,0,2,0.0,,
11,All,17,4,3,1,3,0,1,3,0,1,,0.0,0.0
11,All,17,4,3,3,2,1,2,2,1,2,1.0,,
11,All,17,4,3,2,2,1,2,2,1,2,1.0,,
11,All,18,3,3,3,1,0,3,3,1,3,,1.0,1.0
12,All,1,5,1,3,3,0,2,3,0,2,,0.0,0.0
12,All,1,5,1,1,1,1,1,1,1,1,1.0,,
12,All,1,5,1,5,2,0,3,1,0,3,,1.0,0.0
12,All,1,5,1,4,3,0,2,1,0,2,,1.0,0.0
12,All,1,5,1,2,3,0,1,1,1,1,,1.0,1.0
12,All,2,2,1,2,2,0,3,2,0,3,,0.0,0.0
12,All,2,2,1,1,1,0,2,3,0,2,,1.0,0.0
12,All,3,2,2,2,3,0,1,1,1,1,,1.0,1.0
12,All,3,2,2,1,3,0,1,2,0,1,,1.0,0.0
12,All,4,4,1,4,3,1,3,3,1,3,1.0,,
12,All,4,4,1,1,1,1,1,1,1,1,1.0,,
12,All,4,4,1,3,2,1,2,2,1,2,1.0,,
12,All,4,4,1,2,3,0,2,2,1,2,,1.0,1.0
12,All,5,2,3,2,3,1,3,3,1,3,1.0,,
12,All,5,2,3,1,1,0,2,2,1,2,,1.0,1.0
12,All,6,3,1,2,3,0,2,1,0,2,,1.0,0.0
12,All,6,3,1,1,1,1,1,1,1,1,1.0,,
12,All,6,3,1,3,3,1,3,3,1,3,1.0,,
12,All,7,6,1,6,3,1,3,3,1,3,1.0,,
12,All,7,6,1,2,3,0,1,1,1,1,,1.0,1.0
12,All,7,6,1,1,1,1,1,3,0,1,0.0,,
12,All,7,6,1,3,2,1,2,2,1,2,1.0,,
12,All,7,6,1,5,2,0,3,1,0,3,,1.0,0.0
12,All,7,6,1,4,3,0,2,3,0,2,,0.0,0.0
12,All,8,3,2,3,3,1,3,3,1,3,1.0,,
12,All,8,3,2,2,1,0,3,2,0,3,,1.0,0.0
12,All,8,3,2,1,2,1,2,2,1,2,1.0,,
12,All,9,4,2,3,3,0,2,3,0,2,,0.0,0.0
12,All,9,4,2,4,1,0,2,3,0,2,,1.0,0.0
12,All,9,4,2,2,2,1,2,2,1,2,1.0,,
12,All,9,4,2,1,3,0,1,1,1,1,,1.0,1.0
12,All,10,5,2,1,3,0,1,2,0,1,,1.0,0.0
12,All,10,5,2,4,1,0,3,3,1,3,,1.0,1.0
12,All,10,5,2,3,3,0,1,2,0,1,,1.0,0.0
12,All,10,5,2,5,3,1,3,3,1,3,1.0,,
12,All,10,5,2,2,1,1,1,1,1,1,1.0,,
12,All,11,6,2,2,3,0,1,2,0,1,,1.0,0.0
12,All,11,6,2,4,3,0,2,1,0,2,,1.0,0.0
12,All,11,6,2,3,3,0,2,2,1,2,,1.0,1.0
12,All,11,6,2,6,3,1,3,3,1,3,1.0,,
12,All,11,6,2,5,1,0,3,2,0,3,,1.0,0.0
12,All,11,6,2,1,3,0,1,1,1,1,,1.0,1.0
12,All,12,5,3,5,3,1,3,3,1,3,1.0,,
12,All,12,5,3,2,1,0,2,1,0,2,,0.0,0.0
12,All,12,5,3,4,3,1,3,3,1,3,1.0,,
12,All,12,5,3,1,1,1,1,1,1,1,1.0,,
12,All,12,5,3,3,2,0,3,3,1,3,,1.0,1.0
12,All,13,2,4,1,3,0,1,1,1,1,,1.0,1.0
12,All,13,2,4,2,3,0,2,2,1,2,,1.0,1.0
12,All,14,2,5,2,3,1,3,3,1,3,1.0,,
12,All,14,2,5,1,1,1,1,1,1,1,1.0,,
12,All,15,4,3,4,3,1,3,3,1,3,1.0,,
12,All,15,4,3,1,3,0,1,3,0,1,,0.0,0.0
12,All,15,4,3,2,3,0,1,1,1,1,,1.0,1.0
12,All,15,4,3,3,1,0,3,3,1,3,,1.0,1.0
12,All,16,2,6,2,3,1,3,3,1,3,1.0,,
12,All,16,2,6,1,1,0,2,2,1,2,,1.0,1.0
12,All,17,3,3,3,3,0,2,1,0,2,,1.0,0.0
12,All,17,3,3,1,3,0,1,1,1,1,,1.0,1.0
12,All,17,3,3,2,3,0,1,1,1,1,,1.0,1.0
12,All,18,6,3,2,3,0,2,1,0,2,,1.0,0.0
12,All,18,6,3,1,3,0,1,3,0,1,,0.0,0.0
12,All,18,6,3,6,3,1,3,3,1,3,1.0,,
12,All,18,6,3,5,3,1,3,3,1,3,1.0,,
12,All,18,6,3,4,1,0,2,2,1,2,,1.0,1.0
12,All,18,6,3,3,1,0,2,1,0,2,,0.0,0.0
13,All,1,2,1,2,2,0,3,3,1,3,,1.0,1.0
13,All,1,2,1,1,3,0,2,1,0,2,,1.0,0.0
13,All,2,4,1,2,3,0,2,1,0,2,,1.0,0.0
13,All,2,4,1,1,3,0,1,2,0,1,,1.0,0.0
13,All,2,4,1,4,3,1,3,3,1,3,1.0,,
13,All,2,4,1,3,1,0,2,2,1,2,,1.0,1.0
13,All,3,5,1,5,2,0,3,3,1,3,,1.0,1.0
13,All,3,5,1,3,2,0,1,3,0,1,,1.0,0.0
13,All,3,5,1,4,2,0,3,3,1,3,,1.0,1.0
13,All,3,5,1,1,2,0,1,3,0,1,,1.0,0.0
13,All,3,5,1,2,2,0,1,3,0,1,,1.0,0.0
13,All,4,3,1,3,2,0,3,3,1,3,,1.0,1.0
13,All,4,3,1,2,2,1,2,2,1,2,1.0,,
13,All,4,3,1,1,1,1,1,1,1,1,1.0,,
13,All,5,2,2,2,2,0,1,3,0,1,,1.0,0.0
13,All,5,2,2,1,2,0,1,3,0,1,,1.0,0.0
13,All,6,3,2,3,2,0,3,3,1,3,,1.0,1.0
13,All,6,3,2,2,2,1,2,2,1,2,1.0,,
13,All,6,3,2,1,2,0,1,3,0,1,,1.0,0.0
13,All,7,2,3,1,2,0,1,2,0,1,,0.0,0.0
13,All,7,2,3,2,2,1,2,2,1,2,1.0,,
13,All,8,6,1,5,2,0,3,3,1,3,,1.0,1.0
13,All,8,6,1,3,3,0,2,2,1,2,,1.0,1.0
13,All,8,6,1,1,2,0,1,1,1,1,,1.0,1.0
13,All,8,6,1,6,2,0,3,1,0,3,,1.0,0.0
13,All,8,6,1,2,2,1,2,1,0,2,0.0,,
13,All,8,6,1,4,3,0,2,2,1,2,,1.0,1.0
13,All,9,4,2,4,2,1,2,2,1,2,1.0,,
13,All,9,4,2,2,2,1,2,2,1,2,1.0,,
13,All,9,4,2,1,2,0,1,3,0,1,,1.0,0.0
13,All,9,4,2,3,3,0,2,1,0,2,,1.0,0.0
13,All,10,6,2,6,2,0,3,3,1,3,,1.0,1.0
13,All,10,6,2,2,2,0,1,3,0,1,,1.0,0.0
13,All,10,6,2,1,2,0,1,3,0,1,,1.0,0.0
13,All,10,6,2,5,2,0,3,2,0,3,,0.0,0.0
13,All,10,6,2,4,2,1,2,2,1,2,1.0,,
13,All,10,6,2,3,1,0,2,2,1,2,,1.0,1.0
13,All,11,5,2,4,2,0,3,1,0,3,,1.0,0.0
13,All,11,5,2,3,2,0,3,3,1,3,,1.0,1.0
13,All,11,5,2,5,3,1,3,3,1,3,1.0,,
13,All,11,5,2,2,2,1,2,2,1,2,1.0,,
13,All,11,5,2,1,1,1,1,3,0,1,0.0,,
13,All,12,2,4,2,2,0,3,3,1,3,,1.0,1.0
13,All,12,2,4,1,2,1,2,2,1,2,1.0,,
13,All,13,4,3,4,2,0,3,3,1,3,,1.0,1.0
13,All,13,4,3,1,2,0,1,3,0,1,,1.0,0.0
13,All,13,4,3,2,2,0,1,3,0,1,,1.0,0.0
13,All,13,4,3,3,2,0,3,3,1,3,,1.0,1.0
13,All,14,5,3,4,2,1,2,2,1,2,1.0,,
13,All,14,5,3,3,2,1,2,2,1,2,1.0,,
13,All,14,5,3,2,2,0,1,3,0,1,,1.0,0.0
13,All,14,5,3,5,2,0,3,3,1,3,,1.0,1.0
13,All,14,5,3,1,3,0,1,1,1,1,,1.0,1.0
13,All,15,3,3,3,2,0,3,3,1,3,,1.0,1.0
13,All,15,3,3,1,2,1,2,2,1,2,1.0,,
13,All,15,3,3,2,2,0,3,3,1,3,,1.0,1.0
13,All,16,2,5,2,2,0,3,3,1,3,,1.0,1.0
13,All,16,2,5,1,2,0,1,3,0,1,,1.0,0.0
13,All,17,3,4,3,2,1,2,2,1,2,1.0,,
13,All,17,3,4,1,2,0,1,3,0,1,,1.0,0.0
13,All,17,3,4,2,2,0,1,3,0,1,,1.0,0.0
13,All,18,2,6,2,2,0,3,3,1,3,,1.0,1.0
13,All,18,2,6,1,2,1,2,2,1,2,1.0,,
14,All,1,4,1,4,1,0,3,3,1,3,,1.0,1.0
14,All,1,4,1,1,1,1,1,1,1,1,1.0,,
14,All,1,4,1,3,2,1,2,3,0,2,0.0,,
14,All,1,4,1,2,2,1,2,2,1,2,1.0,,
14,All,2,3,1,2,1,0,2,2,1,2,,1.0,1.0
14,All,2,3,1,3,1,0,3,3,1,3,,1.0,1.0
14,All,2,3,1,1,1,1,1,3,0,1,0.0,,
14,All,3,2,1,1,1,0,2,2,1,2,,1.0,1.0
14,All,3,2,1,2,1,0,3,3,1,3,,1.0,1.0
14,All,4,3,2,3,2,1,2,2,1,2,1.0,,
14,All,4,3,2,1,3,0,1,2,0,1,,1.0,0.0
14,All,4,3,2,2,1,1,1,1,1,1,1.0,,
14,All,5,5,1,3,1,0,2,3,0,2,,1.0,0.0
14,All,5,5,1,4,1,0,2,3,0,2,,1.0,0.0
14,All,5,5,1,5,1,0,3,3,1,3,,1.0,1.0
14,All,5,5,1,2,1,1,1,2,0,1,0.0,,
14,All,5,5,1,1,3,0,1,3,0,1,,0.0,0.0
14,All,6,6,1,4,3,0,2,2,1,2,,1.0,1.0
14,All,6,6,1,1,3,0,1,3,0,1,,0.0,0.0
14,All,6,6,1,6,3,1,3,1,0,3,0.0,,
14,All,6,6,1,5,1,0,3,3,1,3,,1.0,1.0
14,All,6,6,1,3,1,0,2,2,1,2,,1.0,1.0
14,All,6,6,1,2,1,1,1,3,0,1,0.0,,
14,All,7,2,2,2,1,1,1,2,0,1,0.0,,
14,All,7,2,2,1,1,1,1,1,1,1,1.0,,
14,All,8,2,3,1,3,0,2,1,0,2,,1.0,0.0
14,All,8,2,3,2,3,1,3,3,1,3,1.0,,
14,All,9,5,2,4,1,0,3,3,1,3,,1.0,1.0
14,All,9,5,2,5,1,0,3,3,1,3,,1.0,1.0
14,All,9,5,2,2,1,1,1,1,1,1,1.0,,
14,All,9,5,2,3,3,0,1,2,0,1,,1.0,0.0
14,All,9,5,2,1,2,0,1,2,0,1,,0.0,0.0
14,All,10,4,2,1,1,1,1,1,1,1,1.0,,
14,All,10,4,2,2,3,0,2,2,1,2,,1.0,1.0
14,All,10,4,2,4,3,0,2,2,1,2,,1.0,1.0
14,All,10,4,2,3,3,0,2,1,0,2,,1.0,0.0
14,All,11,6,2,5,3,1,3,3,1,3,1.0,,
14,All,11,6,2,1,3,0,1,2,0,1,,1.0,0.0
14,All,11,6,2,2,1,1,1,3,0,1,0.0,,
14,All,11,6,2,4,2,1,2,2,1,2,1.0,,
14,All,11,6,2,6,2,0,3,3,1,3,,1.0,1.0
14,All,11,6,2,3,1,0,2,1,0,2,,0.0,0.0
14,All,12,4,3,3,3,1,3,3,1,3,1.0,,
14,All,12,4,3,1,3,0,1,1,1,1,,1.0,1.0
14,All,12,4,3,4,2,0,3,3,1,3,,1.0,1.0
14,All,13,3,3,2,1,0,2,2,1,2,,1.0,1.0
14,All,13,3,3,1,1,1,1,1,1,1,1.0,,
14,All,13,3,3,3,3,1,3,3,1,3,1.0,,
14,All,14,2,4,2,1,0,3,3,1,3,,1.0,1.0
14,All,14,2,4,1,1,1,1,1,1,1,1.0,,
14,All,15,3,4,2,3,1,3,3,1,3,1.0,,
14,All,15,3,4,3,1,0,3,2,0,3,,1.0,0.0
14,All,15,3,4,1,2,1,2,2,1,2,1.0,,
14,All,16,5,3,1,1,1,1,1,1,1,1.0,,
14,All,16,5,3,2,1,0,2,3,0,2,,1.0,0.0
14,All,16,5,3,4,3,1,3,3,1,3,1.0,,
14,All,16,5,3,3,3,1,3,3,1,3,1.0,,
14,All,16,5,3,5,2,0,3,3,1,3,,1.0,1.0
14,All,17,6,3,4,3,0,2,1,0,2,,1.0,0.0
14,All,17,6,3,5,3,1,3,3,1,3,1.0,,
14,All,17,6,3,3,3,0,2,2,1,2,,1.0,1.0
14,All,17,6,3,1,1,1,1,3,0,1,0.0,,
14,All,17,6,3,6,2,0,3,2,0,3,,0.0,0.0
14,All,17,6,3,2,2,1,2,2,1,2,1.0,,
14,All,18,2,5,2,1,0,2,3,0,2,,1.0,0.0
14,All,18,2,5,1,3,0,1,2,0,1,,1.0,0.0
15,All,1,3,1,3,3,0,2,2,1,2,,1.0,1.0
15,All,1,3,1,1,1,1,1,1,1,1,1.0,,
15,All,1,3,1,2,3,0,1,2,0,1,,1.0,0.0
15,All,2,3,2,1,1,0,2,2,1,2,,1.0,1.0
15,All,2,3,2,2,1,0,3,2,0,3,,1.0,0.0
15,All,2,3,2,3,1,0,3,2,0,3,,1.0,0.0
15,All,3,4,1,4,1,0,3,2,0,3,,1.0,0.0
15,All,3,4,1,1,1,1,1,2,0,1,0.0,,
15,All,3,4,1,2,2,0,1,1,1,1,,1.0,1.0
15,All,3,4,1,3,3,1,3,3,1,3,1.0,,
15,All,4,6,1,1,1,1,1,1,1,1,1.0,,
15,All,4,6,1,4,2,1,2,1,0,2,0.0,,
15,All,4,6,1,5,3,1,3,1,0,3,0.0,,
15,All,4,6,1,2,2,0,1,1,1,1,,1.0,1.0
15,All,4,6,1,6,3,1,3,3,1,3,1.0,,
15,All,4,6,1,3,3,0,2,3,0,2,,0.0,0.0
15,All,5,2,1,2,2,0,3,1,0,3,,1.0,0.0
15,All,5,2,1,1,1,0,2,3,0,2,,1.0,0.0
15,All,6,2,2,2,1,1,1,1,1,1,1.0,,
15,All,6,2,2,1,2,0,1,3,0,1,,1.0,0.0
15,All,7,5,1,5,3,1,3,3,1,3,1.0,,
15,All,7,5,1,2,1,0,2,2,1,2,,1.0,1.0
15,All,7,5,1,1,3,0,1,3,0,1,,0.0,0.0
15,All,7,5,1,4,2,0,3,1,0,3,,1.0,0.0
15,All,7,5,1,3,1,0,3,2,0,3,,1.0,0.0
15,All,8,2,3,1,1,1,1,1,1,1,1.0,,
15,All,8,2,3,2,2,1,2,2,1,2,1.0,,
15,All,9,6,2,1,1,1,1,1,1,1,1.0,,
15,All,9,6,2,5,2,0,3,1,0,3,,1.0,0.0
15,All,9,6,2,4,3,0,2,1,0,2,,1.0,0.0
15,All,9,6,2,6,1,0,3,3,1,3,,1.0,1.0
15,All,9,6,2,3,2,1,2,2,1,2,1.0,,
15,All,9,6,2,2,3,0,2,3,0,2,,0.0,0.0
15,All,10,5,2,2,1,1,1,1,1,1,1.0,,
15,All,10,5,2,5,2,0,3,1,0,3,,1.0,0.0
15,All,10,5,2,1,2,0,1,3,0,1,,1.0,0.0
15,All,10,5,2,4,2,0,3,3,1,3,,1.0,1.0
15,All,10,5,2,3,2,0,1,3,0,1,,1.0,0.0
15,All,11,4,2,3,1,0,2,2,1,2,,1.0,1.0
15,All,11,4,2,1,1,1,1,1,1,1,1.0,,
15,All,11,4,2,4,3,0,2,1,0,2,,1.0,0.0
15,All,11,4,2,2,1,0,2,2,1,2,,1.0,1.0
15,All,12,3,3,1,1,1,1,1,1,1,1.0,,
15,All,12,3,3,3,2,0,3,3,1,3,,1.0,1.0
15,All,12,3,3,2,3,0,2,2,1,2,,1.0,1.0
15,All,13,3,4,1,1,1,1,1,1,1,1.0,,
15,All,13,3,4,2,2,1,2,2,1,2,1.0,,
15,All,13,3,4,3,3,1,3,3,1,3,1.0,,
15,All,14,4,3,4,1,0,3,2,0,3,,1.0,0.0
15,All,14,4,3,2,1,0,2,1,0,2,,0.0,0.0
15,All,14,4,3,1,1,1,1,1,1,1,1.0,,
15,All,14,4,3,3,3,0,2,2,1,2,,1.0,1.0
15,All,15,6,3,1,1,1,1,1,1,1,1.0,,
15,All,15,6,3,2,1,1,1,1,1,1,1.0,,
15,All,15,6,3,3,2,1,2,2,1,2,1.0,,
15,All,15,6,3,6,2,0,3,1,0,3,,1.0,0.0
15,All,15,6,3,5,1,0,3,3,1,3,,1.0,1.0
15,All,15,6,3,4,1,0,2,3,0,2,,1.0,0.0
15,All,16,2,4,1,1,1,1,1,1,1,1.0,,
15,All,16,2,4,2,2,0,3,3,1,3,,1.0,1.0
15,All,17,2,5,1,1,0,2,2,1,2,,1.0,1.0
15,All,17,2,5,2,1,0,3,3,1,3,,1.0,1.0
15,All,18,5,3,4,2,1,2,2,1,2,1.0,,
15,All,18,5,3,5,1,0,3,3,1,3,,1.0,1.0
15,All,18,5,3,1,3,0,1,1,1,1,,1.0,1.0
16,All,1,3,1,1,3,0,2,1,0,2,,1.0,0.0
16,All,1,3,1,3,3,1,3,3,1,3,1.0,,
16,All,1,3,1,2,1,0,3,2,0,3,,1.0,0.0
16,All,2,6,1,6,3,1,3,2,0,3,0.0,,
16,All,2,6,1,1,3,0,1,3,0,1,,0.0,0.0
16,All,2,6,1,4,3,0,2,1,0,2,,1.0,0.0
16,All,2,6,1,3,3,0,2,1,0,2,,1.0,0.0
16,All,2,6,1,2,3,0,2,1,0,2,,1.0,0.0
16,All,2,6,1,5,1,0,3,2,0,3,,1.0,0.0
16,All,3,3,2,2,3,0,2,1,0,2,,1.0,0.0
16,All,3,3,2,3,3,1,3,3,1,3,1.0,,
16,All,3,3,2,1,1,1,1,1,1,1,1.0,,
16,All,4,2,1,2,3,1,3,3,1,3,1.0,,
16,All,4,2,1,1,3,0,2,2,1,2,,1.0,1.0
16,All,5,4,1,3,3,0,2,1,0,2,,1.0,0.0
16,All,5,4,1,1,3,0,1,1,1,1,,1.0,1.0
16,All,5,4,1,4,1,0,3,3,1,3,,1.0,1.0
16,All,5,4,1,2,1,0,2,2,1,2,,1.0,1.0
16,All,6,2,2,2,3,0,1,1,1,1,,1.0,1.0
16,All,6,2,2,1,3,0,1,1,1,1,,1.0,1.0
16,All,7,2,3,1,3,0,2,1,0,2,,1.0,0.0
16,All,7,2,3,2,3,1,3,3,1,3,1.0,,
16,All,8,5,1,1,3,0,1,1,1,1,,1.0,1.0
16,All,8,5,1,4,3,1,3,3,1,3,1.0,,
16,All,8,5,1,5,3,1,3,3,1,3,1.0,,
16,All,8,5,1,2,2,1,2,2,1,2,1.0,,
16,All,8,5,1,3,2,0,3,1,0,3,,1.0,0.0
16,All,9,4,2,2,3,0,2,1,0,2,,1.0,0.0
16,All,9,4,2,4,3,0,2,3,0,2,,0.0,0.0
16,All,9,4,2,1,3,0,1,1,1,1,,1.0,1.0
16,All,9,4,2,3,3,0,2,1,0,2,,1.0,0.0
16,All,10,6,2,1,3,0,1,1,1,1,,1.0,1.0
16,All,10,6,2,5,3,1,3,3,1,3,1.0,,
16,All,10,6,2,6,3,1,3,3,1,3,1.0,,
16,All,10,6,2,2,3,0,1,1,1,1,,1.0,1.0
16,All,10,6,2,4,3,0,2,1,0,2,,1.0,0.0
16,All,10,6,2,3,1,0,2,2,1,2,,1.0,1.0
16,All,11,5,2,1,3,0,1,1,1,1,,1.0,1.0
16,All,11,5,2,4,3,1,3,3,1,3,1.0,,
16,All,11,5,2,5,3,1,3,3,1,3,1.0,,
16,All,11,5,2,2,1,1,1,1,1,1,1.0,,
16,All,11,5,2,3,2,0,1,1,1,1,,1.0,1.0
16,All,12,3,3,3,3,0,2,1,0,2,,1.0,0.0
16,All,12,3,3,2,3,0,1,1,1,1,,1.0,1.0
16,All,12,3,3,1,3,0,1,1,1,1,,1.0,1.0
16,All,13,6,3,5,3,1,3,3,1,3,1.0,,
16,All,13,6,3,4,3,0,2,1,0,2,,1.0,0.0
16,All,13,6,3,1,3,0,1,1,1,1,,1.0,1.0
16,All,13,6,3,6,3,1,3,3,1,3,1.0,,
16,All,13,6,3,3,3,0,2,1,0,2,,1.0,0.0
16,All,13,6,3,2,1,1,1,2,0,1,0.0,,
16,All,14,3,4,1,3,0,1,1,1,1,,1.0,1.0
16,All,14,3,4,3,3,1,3,3,1,3,1.0,,
16,All,14,3,4,2,3,0,2,2,1,2,,1.0,1.0
16,All,15,2,4,2,3,1,3,3,1,3,1.0,,
16,All,15,2,4,1,1,0,2,2,1,2,,1.0,1.0
16,All,16,4,3,3,3,1,3,3,1,3,1.0,,
16,All,16,4,3,4,1,0,3,2,0,3,,1.0,0.0
16,All,16,4,3,1,1,1,1,1,1,1,1.0,,
16,All,16,4,3,2,2,0,1,1,1,1,,1.0,1.0
16,All,17,2,5,1,3,0,1,2,0,1,,1.0,0.0
16,All,17,2,5,2,3,1,3,3,1,3,1.0,,
16,All,18,2,6,2,3,0,2,1,0,2,,1.0,0.0
16,All,18,2,6,1,3,0,1,1,1,1,,1.0,1.0
17,All,1,2,1,2,2,0,3,2,0,3,,0.0,0.0
17,All,1,2,1,1,2,1,2,3,0,2,0.0,,
17,All,2,6,1,4,2,1,2,2,1,2,1.0,,
17,All,2,6,1,1,1,1,1,1,1,1,1.0,,
17,All,2,6,1,5,3,1,3,3,1,3,1.0,,
17,All,2,6,1,6,2,0,3,3,1,3,,1.0,1.0
17,All,2,6,1,2,1,0,2,2,1,2,,1.0,1.0
17,All,2,6,1,3,1,0,2,2,1,2,,1.0,1.0
17,All,3,2,2,2,2,0,1,1,1,1,,1.0,1.0
17,All,3,2,2,1,2,0,1,3,0,1,,1.0,0.0
17,All,4,5,1,5,2,0,3,3,1,3,,1.0,1.0
17,All,4,5,1,3,2,0,3,1,0,3,,1.0,0.0
17,All,4,5,1,1,2,0,1,2,0,1,,0.0,0.0
17,All,4,5,1,4,1,0,3,1,0,3,,0.0,0.0
17,All,4,5,1,2,2,1,2,2,1,2,1.0,,
17,All,5,3,1,2,2,0,1,1,1,1,,1.0,1.0
17,All,5,3,1,3,2,1,2,2,1,2,1.0,,
17,All,5,3,1,1,3,0,1,1,1,1,,1.0,1.0
17,All,6,4,1,4,2,0,3,2,0,3,,0.0,0.0
17,All,6,4,1,3,2,0,3,3,1,3,,1.0,1.0
17,All,6,4,1,2,2,0,1,1,1,1,,1.0,1.0
17,All,6,4,1,1,1,1,1,1,1,1,1.0,,
17,All,7,2,3,2,1,0,3,3,1,3,,1.0,1.0
17,All,7,2,3,1,1,1,1,1,1,1,1.0,,
17,All,8,3,2,3,2,0,3,1,0,3,,1.0,0.0
17,All,8,3,2,2,2,1,2,2,1,2,1.0,,
17,All,8,3,2,1,1,1,1,1,1,1,1.0,,
17,All,9,4,2,3,2,1,2,2,1,2,1.0,,
17,All,9,4,2,4,1,0,2,3,0,2,,1.0,0.0
17,All,9,4,2,1,1,1,1,1,1,1,1.0,,
17,All,9,4,2,2,3,0,2,1,0,2,,1.0,0.0
17,All,10,6,2,3,2,1,2,2,1,2,1.0,,
17,All,10,6,2,4,2,1,2,2,1,2,1.0,,
17,All,10,6,2,1,2,0,1,1,1,1,,1.0,1.0
17,All,10,6,2,6,2,0,3,1,0,3,,1.0,0.0
17,All,10,6,2,5,2,0,3,1,0,3,,1.0,0.0
17,All,10,6,2,2,2,0,1,3,0,1,,1.0,0.0
17,All,11,5,2,2,2,0,1,1,1,1,,1.0,1.0
17,All,11,5,2,5,2,0,3,1,0,3,,1.0,0.0
17,All,11,5,2,1,2,0,1,1,1,1,,1.0,1.0
17,All,11,5,2,4,1,0,2,3,0,2,,1.0,0.0
17,All,11,5,2,3,3,0,2,2,1,2,,1.0,1.0
17,All,12,2,4,1,2,1,2,2,1,2,1.0,,
17,All,12,2,4,2,1,0,3,3,1,3,,1.0,1.0
17,All,13,6,3,6,2,0,3,3,1,3,,1.0,1.0
17,All,13,6,3,5,2,0,3,1,0,3,,1.0,0.0
17,All,13,6,3,1,2,0,1,1,1,1,,1.0,1.0
17,All,13,6,3,4,2,1,2,2,1,2,1.0,,
17,All,13,6,3,3,1,0,2,3,0,2,,1.0,0.0
17,All,13,6,3,2,1,1,1,1,1,1,1.0,,
17,All,14,2,5,1,2,1,2,2,1,2,1.0,,
17,All,14,2,5,2,1,0,3,3,1,3,,1.0,1.0
17,All,15,5,3,3,2,0,1,1,1,1,,1.0,1.0
17,All,15,5,3,1,3,0,1,1,1,1,,1.0,1.0
17,All,15,5,3,4,2,0,3,2,0,3,,0.0,0.0
17,All,15,5,3,5,2,0,3,3,1,3,,1.0,1.0
17,All,16,3,3,2,2,1,2,2,1,2,1.0,,
17,All,16,3,3,3,1,0,3,2,0,3,,1.0,0.0
17,All,16,3,3,1,1,1,1,1,1,1,1.0,,
17,All,17,4,3,2,2,1,2,2,1,2,1.0,,
17,All,17,4,3,1,1,1,1,1,1,1,1.0,,
17,All,17,4,3,3,1,0,2,3,0,2,,1.0,0.0
17,All,17,4,3,4,3,1,3,3,1,3,1.0,,
17,All,18,2,6,2,2,1,2,2,1,2,1.0,,
17,All,18,2,6,1,1,1,1,1,1,1,1.0,,
18,All,1,6,1,2,2,0,1,3,0,1,,1.0,0.0
18,All,1,6,1,1,1,1,1,1,1,1,1.0,,
18,All,1,6,1,5,3,1,3,3,1,3,1.0,,
18,All,1,6,1,6,2,0,3,1,0,3,,1.0,0.0
18,All,1,6,1,4,1,0,2,2,1,2,,1.0,1.0
18,All,1,6,1,3,1,0,2,3,0,2,,1.0,0.0
18,All,2,5,1,2,2,0,1,1,1,1,,1.0,1.0
18,All,2,5,1,4,2,1,2,2,1,2,1.0,,
18,All,2,5,1,1,2,0,1,1,1,1,,1.0,1.0
18,All,2,5,1,3,3,0,2,1,0,2,,1.0,0.0
18,All,2,5,1,5,1,0,3,1,0,3,,0.0,0.0
18,All,3,2,1,1,2,1,2,2,1,2,1.0,,
18,All,3,2,1,2,1,0,3,3,1,3,,1.0,1.0
18,All,4,4,1,3,2,0,3,3,1,3,,1.0,1.0
18,All,4,4,1,4,2,0,3,1,0,3,,1.0,0.0
18,All,4,4,1,2,2,0,1,1,1,1,,1.0,1.0
18,All,4,4,1,1,3,0,1,1,1,1,,1.0,1.0
18,All,5,2,2,2,1,1,1,1,1,1,1.0,,
18,All,5,2,2,1,3,0,1,2,0,1,,1.0,0.0
18,All,6,3,1,3,2,0,3,1,0,3,,1.0,0.0
18,All,6,3,1,2,2,0,3,1,0,3,,1.0,0.0
18,All,6,3,1,1,2,1,2,2,1,2,1.0,,
18,All,7,3,2,3,3,0,2,2,1,2,,1.0,1.0
18,All,7,3,2,1,3,0,1,1,1,1,,1.0,1.0
18,All,7,3,2,2,1,1,1,1,1,1,1.0,,
18,All,8,2,3,1,3,0,1,1,1,1,,1.0,1.0
18,All,8,2,3,2,3,0,2,1,0,2,,1.0,0.0
18,All,9,5,2,5,2,0,3,1,0,3,,1.0,0.0
18,All,9,5,2,3,1,0,3,1,0,3,,0.0,0.0
18,All,9,5,2,1,2,0,1,1,1,1,,1.0,1.0
18,All,9,5,2,4,1,0,3,3,1,3,,1.0,1.0
18,All,9,5,2,2,1,0,2,1,0,2,,0.0,0.0
18,All,10,6,2,5,2,0,3,1,0,3,,1.0,0.0
18,All,10,6,2,2,2,1,2,2,1,2,1.0,,
18,All,10,6,2,3,1,0,2,2,1,2,,1.0,1.0
18,All,10,6,2,1,1,1,1,2,0,1,0.0,,
18,All,10,6,2,4,3,0,2,1,0,2,,1.0,0.0
18,All,10,6,2,6,2,0,3,1,0,3,,1.0,0.0
18,All,11,4,2,2,3,0,2,2,1,2,,1.0,1.0
18,All,11,4,2,4,3,1,3,3,1,3,1.0,,
18,All,11,4,2,1,1,1,1,1,1,1,1.0,,
18,All,11,4,2,3,1,0,2,3,0,2,,1.0,0.0
18,All,12,6,3,1,1,1,1,1,1,1,1.0,,
18,All,12,6,3,6,1,0,3,3,1,3,,1.0,1.0
18,All,12,6,3,3,3,0,2,2,1,2,,1.0,1.0
18,All,12,6,3,5,2,0,3,3,1,3,,1.0,1.0
18,All,12,6,3,2,2,0,1,1,1,1,,1.0,1.0
18,All,12,6,3,4,2,1,2,2,1,2,1.0,,
18,All,13,5,3,4,2,0,3,1,0,3,,1.0,0.0
18,All,13,5,3,1,2,0,1,3,0,1,,1.0,0.0
18,All,13,5,3,2,2,0,1,1,1,1,,1.0,1.0
18,All,13,5,3,5,3,1,3,3,1,3,1.0,,
18,All,13,5,3,3,1,1,1,1,1,1,1.0,,
18,All,14,2,4,1,1,0,2,3,0,2,,1.0,0.0
18,All,14,2,4,2,1,0,3,2,0,3,,1.0,0.0
18,All,15,4,3,2,2,1,2,2,1,2,1.0,,
18,All,15,4,3,4,1,0,2,3,0,2,,1.0,0.0
18,All,15,4,3,1,1,1,1,1,1,1,1.0,,
18,All,15,4,3,3,1,0,2,3,0,2,,1.0,0.0
18,All,16,2,5,1,3,0,2,1,0,2,,1.0,0.0
18,All,16,2,5,2,3,1,3,3,1,3,1.0,,
18,All,17,3,3,3,2,0,3,1,0,3,,1.0,0.0
18,All,17,3,3,2,2,1,2,2,1,2,1.0,,
18,All,17,3,3,1,1,1,1,1,1,1,1.0,,
18,All,18,3,4,2,1,0,2,2,1,2,,1.0,1.0
18,All,18,3,4,1,1,1,1,1,1,1,1.0,,
18,All,18,3,4,3,2,0,3,1,0,3,,1.0,0.0
19,All,1,5,1,1,3,0,1,1,1,1,,1.0,1.0
19,All,1,5,1,4,3,1,3,3,1,3,1.0,,
19,All,1,5,1,3,3,1,3,3,1,3,1.0,,
19,All,1,5,1,5,2,0,3,3,1,3,,1.0,1.0
19,All,1,5,1,2,3,0,2,1,0,2,,1.0,0.0
19,All,2,4,1,4,3,1,3,3,1,3,1.0,,
19,All,2,4,1,2,1,0,2,2,1,2,,1.0,1.0
19,All,2,4,1,1,1,1,1,1,1,1,1.0,,
19,All,2,4,1,3,3,0,2,1,0,2,,1.0,0.0
19,All,3,6,1,4,3,0,2,1,0,2,,1.0,0.0
19,All,3,6,1,1,3,0,1,1,1,1,,1.0,1.0
19,All,3,6,1,5,3,1,3,3,1,3,1.0,,
19,All,3,6,1,2,3,0,2,1,0,2,,1.0,0.0
19,All,3,6,1,6,3,1,3,3,1,3,1.0,,
19,All,3,6,1,3,3,0,2,1,0,2,,1.0,0.0
19,All,4,3,1,3,3,1,3,3,1,3,1.0,,
19,All,4,3,1,2,1,0,2,3,0,2,,1.0,0.0
19,All,4,3,1,1,3,0,1,1,1,1,,1.0,1.0
19,All,5,2,1,1,3,0,2,1,0,2,,1.0,0.0
19,All,5,2,1,2,3,1,3,3,1,3,1.0,,
19,All,6,2,2,1,3,0,1,1,1,1,,1.0,1.0
19,All,6,2,2,2,3,0,1,1,1,1,,1.0,1.0
19,All,7,2,3,2,3,1,3,3,1,3,1.0,,
19,All,7,2,3,1,3,0,2,1,0,2,,1.0,0.0
19,All,8,3,2,2,3,0,1,2,0,1,,1.0,0.0
19,All,8,3,2,1,3,0,1,1,1,1,,1.0,1.0
19,All,8,3,2,3,3,0,2,2,1,2,,1.0,1.0
19,All,9,4,2,3,3,0,2,1,0,2,,1.0,0.0
19,All,9,4,2,1,3,0,1,1,1,1,,1.0,1.0
19,All,9,4,2,2,3,0,2,1,0,2,,1.0,0.0
19,All,9,4,2,4,3,0,2,1,0,2,,1.0,0.0
19,All,10,5,2,3,3,0,2,1,0,2,,1.0,0.0
19,All,10,5,2,5,3,1,3,3,1,3,1.0,,
19,All,10,5,2,1,3,0,1,1,1,1,,1.0,1.0
19,All,10,5,2,2,3,0,1,2,0,1,,1.0,0.0
19,All,10,5,2,4,3,0,2,1,0,2,,1.0,0.0
19,All,11,6,2,5,3,1,3,3,1,3,1.0,,
19,All,11,6,2,1,3,0,1,1,1,1,,1.0,1.0
19,All,11,6,2,6,3,1,3,1,0,3,0.0,,
19,All,11,6,2,2,3,0,1,1,1,1,,1.0,1.0
19,All,11,6,2,3,3,0,2,1,0,2,,1.0,0.0
19,All,12,5,3,4,3,1,3,3,1,3,1.0,,
19,All,12,5,3,5,3,1,3,3,1,3,1.0,,
19,All,12,5,3,1,1,1,1,1,1,1,1.0,,
19,All,12,5,3,3,2,0,1,1,1,1,,1.0,1.0
19,All,12,5,3,2,2,0,1,1,1,1,,1.0,1.0
19,All,13,4,3,2,3,0,1,1,1,1,,1.0,1.0
19,All,13,4,3,3,3,1,3,3,1,3,1.0,,
19,All,13,4,3,1,2,0,1,1,1,1,,1.0,1.0
19,All,13,4,3,4,3,1,3,3,1,3,1.0,,
19,All,14,6,3,6,3,1,3,3,1,3,1.0,,
19,All,14,6,3,4,3,0,2,1,0,2,,1.0,0.0
19,All,14,6,3,1,3,0,1,1,1,1,,1.0,1.0
19,All,14,6,3,3,3,0,2,1,0,2,,1.0,0.0
19,All,14,6,3,5,3,1,3,3,1,3,1.0,,
19,All,14,6,3,2,3,0,1,2,0,1,,1.0,0.0
19,All,15,3,3,3,3,1,3,3,1,3,1.0,,
19,All,15,3,3,1,1,0,2,2,1,2,,1.0,1.0
19,All,15,3,3,2,1,0,3,3,1,3,,1.0,1.0
19,All,16,2,4,2,3,0,2,2,1,2,,1.0,1.0
19,All,16,2,4,1,3,0,1,1,1,1,,1.0,1.0
19,All,17,2,5,2,3,1,3,3,1,3,1.0,,
19,All,17,2,5,1,1,0,2,2,1,2,,1.0,1.0
19,All,18,2,6,1,3,0,1,1,1,1,,1.0,1.0
19,All,18,2,6,2,3,1,3,3,1,3,1.0,,
22,All,1,2,1,2,1,0,3,3,1,3,,1.0,1.0
22,All,2,3,1,2,2,1,2,2,1,2,1.0,,
22,All,2,3,1,3,1,0,3,3,1,3,,1.0,1.0
22,All,2,3,1,1,1,1,1,1,1,1,1.0,,
22,All,3,3,2,3,3,1,3,3,1,3,1.0,,
22,All,3,3,2,1,2,1,2,2,1,2,1.0,,
22,All,3,3,2,2,3,1,3,3,1,3,1.0,,
22,All,4,2,2,1,2,0,1,3,0,1,,1.0,0.0
22,All,4,2,2,2,1,1,1,1,1,1,1.0,,
22,All,5,4,1,3,3,0,2,2,1,2,,1.0,1.0
22,All,5,4,1,2,3,0,2,2,1,2,,1.0,1.0
22,All,5,4,1,4,3,1,3,3,1,3,1.0,,
22,All,5,4,1,1,1,1,1,1,1,1,1.0,,
22,All,6,2,3,1,3,0,2,2,1,2,,1.0,1.0
22,All,6,2,3,2,2,0,3,3,1,3,,1.0,1.0
22,All,7,5,1,1,3,0,1,2,0,1,,1.0,0.0
22,All,7,5,1,2,3,0,2,2,1,2,,1.0,1.0
22,All,7,5,1,3,2,0,3,1,0,3,,1.0,0.0
22,All,7,5,1,5,2,0,3,1,0,3,,1.0,0.0
22,All,7,5,1,4,1,0,3,3,1,3,,1.0,1.0
22,All,8,6,1,4,3,0,2,2,1,2,,1.0,1.0
22,All,8,6,1,2,3,0,2,2,1,2,,1.0,1.0
22,All,8,6,1,5,2,0,3,3,1,3,,1.0,1.0
22,All,8,6,1,3,2,1,2,2,1,2,1.0,,
22,All,8,6,1,6,1,0,3,3,1,3,,1.0,1.0
22,All,8,6,1,1,1,1,1,3,0,1,0.0,,
22,All,9,4,2,3,3,0,2,1,0,2,,1.0,0.0
22,All,9,4,2,4,3,0,2,1,0,2,,1.0,0.0
22,All,9,4,2,2,3,0,2,2,1,2,,1.0,1.0
22,All,9,4,2,1,3,0,1,1,1,1,,1.0,1.0
22,All,10,5,2,1,1,1,1,1,1,1,1.0,,
22,All,10,5,2,4,2,0,3,1,0,3,,1.0,0.0
22,All,10,5,2,3,3,0,1,2,0,1,,1.0,0.0
22,All,10,5,2,5,1,0,3,3,1,3,,1.0,1.0
22,All,10,5,2,2,2,0,1,1,1,1,,1.0,1.0
22,All,11,6,2,2,2,0,1,1,1,1,,1.0,1.0
22,All,11,6,2,4,2,1,2,2,1,2,1.0,,
22,All,11,6,2,1,2,0,1,1,1,1,,1.0,1.0
22,All,11,6,2,6,3,1,3,3,1,3,1.0,,
22,All,11,6,2,5,3,1,3,3,1,3,1.0,,
22,All,11,6,2,3,3,0,2,1,0,2,,1.0,0.0
22,All,12,2,4,2,3,1,3,3,1,3,1.0,,
22,All,12,2,4,1,2,1,2,2,1,2,1.0,,
22,All,13,3,3,1,3,0,1,2,0,1,,1.0,0.0
22,All,13,3,3,2,3,0,2,1,0,2,,1.0,0.0
22,All,13,3,3,3,2,0,3,3,1,3,,1.0,1.0
22,All,14,3,4,3,3,0,2,2,1,2,,1.0,1.0
22,All,14,3,4,2,3,0,1,2,0,1,,1.0,0.0
22,All,14,3,4,1,3,0,1,2,0,1,,1.0,0.0
22,All,15,2,5,1,3,0,1,2,0,1,,1.0,0.0
22,All,15,2,5,2,3,0,2,2,1,2,,1.0,1.0
22,All,16,4,3,4,3,1,3,3,1,3,1.0,,
22,All,16,4,3,3,3,1,3,3,1,3,1.0,,
22,All,16,4,3,2,2,0,1,3,0,1,,1.0,0.0
22,All,16,4,3,1,1,1,1,1,1,1,1.0,,
22,All,17,2,6,1,3,0,1,2,0,1,,1.0,0.0
22,All,17,2,6,2,3,1,3,3,1,3,1.0,,
22,All,18,5,3,3,1,0,2,3,0,2,,1.0,0.0
22,All,18,5,3,5,1,0,3,2,0,3,,1.0,0.0
22,All,18,5,3,1,1,1,1,3,0,1,0.0,,
22,All,18,5,3,2,2,0,1,1,1,1,,1.0,1.0
22,All,18,5,3,4,2,1,2,2,1,2,1.0,,
23,All,1,3,1,1,1,1,1,1,1,1,1.0,,
23,All,1,3,1,3,3,1,3,3,1,3,1.0,,
23,All,1,3,1,2,2,1,2,2,1,2,1.0,,
23,All,2,2,1,1,1,0,2,3,0,2,,1.0,0.0
23,All,2,2,1,2,1,0,3,3,1,3,,1.0,1.0
23,All,3,2,2,2,3,0,1,1,1,1,,1.0,1.0
23,All,3,2,2,1,3,0,1,2,0,1,,1.0,0.0
23,All,4,2,3,2,1,0,2,3,0,2,,1.0,0.0
23,All,4,2,3,1,3,0,1,2,0,1,,1.0,0.0
23,All,5,3,2,1,1,1,1,1,1,1,1.0,,
23,All,5,3,2,3,3,0,2,2,1,2,,1.0,1.0
23,All,5,3,2,2,3,0,1,2,0,1,,1.0,0.0
23,All,6,6,1,6,1,0,3,3,1,3,,1.0,1.0
23,All,6,6,1,5,1,0,3,1,0,3,,0.0,0.0
23,All,6,6,1,1,1,1,1,1,1,1,1.0,,
23,All,6,6,1,4,1,0,2,2,1,2,,1.0,1.0
23,All,6,6,1,2,3,0,1,3,0,1,,0.0,0.0
23,All,6,6,1,3,2,1,2,2,1,2,1.0,,
23,All,7,4,1,3,1,0,2,3,0,2,,1.0,0.0
23,All,7,4,1,1,1,1,1,1,1,1,1.0,,
23,All,7,4,1,4,3,0,2,1,0,2,,1.0,0.0
23,All,7,4,1,2,2,1,2,2,1,2,1.0,,
23,All,8,5,1,4,1,0,2,1,0,2,,0.0,0.0
23,All,8,5,1,2,1,1,1,1,1,1,1.0,,
23,All,8,5,1,1,1,1,1,1,1,1,1.0,,
23,All,8,5,1,3,1,0,2,3,0,2,,1.0,0.0
23,All,8,5,1,5,1,0,3,2,0,3,,1.0,0.0
23,All,9,6,2,6,1,0,3,2,0,3,,1.0,0.0
23,All,9,6,2,5,1,0,3,3,1,3,,1.0,1.0
23,All,9,6,2,1,1,1,1,1,1,1,1.0,,
23,All,9,6,2,3,1,0,2,3,0,2,,1.0,0.0
23,All,9,6,2,4,1,0,2,1,0,2,,0.0,0.0
23,All,10,4,2,3,1,0,3,3,1,3,,1.0,1.0
23,All,10,4,2,1,1,1,1,1,1,1,1.0,,
23,All,10,4,2,2,2,0,1,1,1,1,,1.0,1.0
23,All,10,4,2,4,1,0,3,1,0,3,,0.0,0.0
23,All,11,5,2,3,1,1,1,3,0,1,0.0,,
23,All,11,5,2,5,1,0,3,1,0,3,,0.0,0.0
23,All,11,5,2,4,1,0,3,2,0,3,,1.0,0.0
23,All,11,5,2,2,3,0,1,1,1,1,,1.0,1.0
23,All,11,5,2,1,1,1,1,1,1,1,1.0,,
23,All,12,3,3,3,1,0,3,3,1,3,,1.0,1.0
23,All,12,3,3,2,1,0,3,2,0,3,,1.0,0.0
23,All,13,2,4,1,1,1,1,1,1,1,1.0,,
23,All,13,2,4,2,1,0,3,3,1,3,,1.0,1.0
23,All,14,2,5,2,1,0,3,1,0,3,,0.0,0.0
23,All,14,2,5,1,1,0,2,3,0,2,,1.0,0.0
23,All,15,2,6,2,1,0,3,3,1,3,,1.0,1.0
23,All,15,2,6,1,1,0,2,3,0,2,,1.0,0.0
23,All,16,3,4,1,1,1,1,1,1,1,1.0,,
23,All,16,3,4,3,3,1,3,3,1,3,1.0,,
23,All,16,3,4,2,2,1,2,2,1,2,1.0,,
23,All,17,6,3,4,1,0,2,3,0,2,,1.0,0.0
23,All,17,6,3,3,1,0,2,3,0,2,,1.0,0.0
23,All,17,6,3,1,1,1,1,1,1,1,1.0,,
23,All,17,6,3,2,3,0,2,2,1,2,,1.0,1.0
23,All,17,6,3,6,1,0,3,3,1,3,,1.0,1.0
23,All,18,4,3,4,1,0,3,3,1,3,,1.0,1.0
23,All,18,4,3,1,1,1,1,1,1,1,1.0,,
23,All,18,4,3,2,3,0,2,1,0,2,,1.0,0.0
23,All,18,4,3,3,2,1,2,2,1,2,1.0,,
24,All,1,2,1,2,2,0,3,2,0,3,,0.0,0.0
24,All,1,2,1,1,1,0,2,3,0,2,,1.0,0.0
24,All,2,2,2,1,1,1,1,1,1,1,1.0,,
24,All,2,2,2,2,1,1,1,1,1,1,1.0,,
24,All,3,3,1,3,2,0,3,1,0,3,,1.0,0.0
24,All,3,3,1,2,2,1,2,2,1,2,1.0,,
24,All,3,3,1,1,1,1,1,3,0,1,0.0,,
24,All,4,6,1,1,3,0,1,2,0,1,,1.0,0.0
24,All,4,6,1,4,3,0,2,3,0,2,,0.0,0.0
24,All,4,6,1,5,1,0,3,1,0,3,,0.0,0.0
24,All,4,6,1,3,1,0,2,2,1,2,,1.0,1.0
24,All,4,6,1,2,2,0,1,2,0,1,,0.0,0.0
24,All,4,6,1,6,2,0,3,1,0,3,,1.0,0.0
24,All,5,2,3,2,3,1,3,3,1,3,1.0,,
24,All,5,2,3,1,3,0,1,1,1,1,,1.0,1.0
24,All,6,5,1,3,3,0,2,1,0,2,,1.0,0.0
24,All,6,5,1,4,3,0,2,2,1,2,,1.0,1.0
24,All,6,5,1,2,3,0,1,1,1,1,,1.0,1.0
24,All,6,5,1,1,1,1,1,1,1,1,1.0,,
24,All,6,5,1,5,3,1,3,3,1,3,1.0,,
24,All,7,3,2,3,1,0,2,2,1,2,,1.0,1.0
24,All,7,3,2,2,1,1,1,1,1,1,1.0,,
24,All,7,3,2,1,2,0,1,3,0,1,,1.0,0.0
24,All,8,4,1,3,2,0,3,3,1,3,,1.0,1.0
24,All,8,4,1,1,2,0,1,2,0,1,,0.0,0.0
24,All,8,4,1,4,2,0,3,1,0,3,,1.0,0.0
24,All,8,4,1,2,2,0,1,1,1,1,,1.0,1.0
24,All,9,5,2,5,3,1,3,3,1,3,1.0,,
24,All,9,5,2,1,3,0,1,2,0,1,,1.0,0.0
24,All,9,5,2,2,2,1,2,2,1,2,1.0,,
24,All,9,5,2,4,1,0,3,3,1,3,,1.0,1.0
24,All,9,5,2,3,3,1,3,3,1,3,1.0,,
24,All,10,6,2,3,2,1,2,2,1,2,1.0,,
24,All,10,6,2,4,2,1,2,2,1,2,1.0,,
24,All,10,6,2,1,2,0,1,1,1,1,,1.0,1.0
24,All,10,6,2,6,1,0,3,1,0,3,,0.0,0.0
24,All,10,6,2,2,1,0,2,3,0,2,,1.0,0.0
24,All,10,6,2,5,1,0,3,2,0,3,,1.0,0.0
24,All,11,4,2,2,2,1,2,2,1,2,1.0,,
24,All,11,4,2,1,2,0,1,3,0,1,,1.0,0.0
24,All,11,4,2,4,3,1,3,3,1,3,1.0,,
24,All,11,4,2,3,1,0,2,2,1,2,,1.0,1.0
24,All,12,2,4,1,2,1,2,2,1,2,1.0,,
24,All,12,2,4,2,1,0,3,2,0,3,,1.0,0.0
24,All,13,2,5,2,2,1,2,2,1,2,1.0,,
24,All,13,2,5,1,2,0,1,1,1,1,,1.0,1.0
24,All,14,3,3,3,2,0,3,1,0,3,,1.0,0.0
24,All,14,3,3,1,2,0,1,2,0,1,,0.0,0.0
24,All,14,3,3,2,1,0,2,3,0,2,,1.0,0.0
24,All,15,6,3,2,2,0,1,3,0,1,,1.0,0.0
24,All,15,6,3,4,2,1,2,2,1,2,1.0,,
24,All,15,6,3,6,2,0,3,1,0,3,,1.0,0.0
24,All,15,6,3,3,1,0,2,2,1,2,,1.0,1.0
24,All,15,6,3,1,3,0,1,1,1,1,,1.0,1.0
24,All,15,6,3,5,3,1,3,3,1,3,1.0,,
24,All,16,2,6,2,1,0,3,3,1,3,,1.0,1.0
24,All,16,2,6,1,1,0,2,2,1,2,,1.0,1.0
24,All,17,5,3,1,3,0,1,1,1,1,,1.0,1.0
24,All,17,5,3,4,1,0,3,2,0,3,,1.0,0.0
24,All,17,5,3,3,1,1,1,2,0,1,0.0,,
24,All,17,5,3,5,2,0,3,3,1,3,,1.0,1.0
24,All,17,5,3,2,1,1,1,1,1,1,1.0,,
24,All,18,3,4,3,2,0,3,1,0,3,,1.0,0.0
24,All,18,3,4,2,2,0,3,3,1,3,,1.0,1.0
24,All,18,3,4,1,2,1,2,2,1,2,1.0,,
25,All,1,2,1,1,3,0,2,2,1,2,,1.0,1.0
25,All,1,2,1,2,1,0,3,3,1,3,,1.0,1.0
25,All,2,4,1,3,1,0,3,2,0,3,,1.0,0.0
25,All,2,4,1,1,2,0,1,1,1,1,,1.0,1.0
25,All,2,4,1,4,3,1,3,3,1,3,1.0,,
25,All,3,3,1,1,1,1,1,1,1,1,1.0,,
25,All,3,3,1,2,3,0,2,2,1,2,,1.0,1.0
25,All,3,3,1,3,3,1,3,3,1,3,1.0,,
25,All,4,3,2,3,1,0,2,2,1,2,,1.0,1.0
25,All,4,3,2,2,1,1,1,1,1,1,1.0,,
25,All,4,3,2,1,3,0,1,2,0,1,,1.0,0.0
25,All,5,5,1,2,1,1,1,2,0,1,0.0,,
25,All,5,5,1,5,1,0,3,2,0,3,,1.0,0.0
25,All,5,5,1,1,1,1,1,1,1,1,1.0,,
25,All,5,5,1,3,2,1,2,2,1,2,1.0,,
25,All,6,2,2,2,1,1,1,1,1,1,1.0,,
25,All,6,2,2,1,3,0,1,2,0,1,,1.0,0.0
25,All,7,2,3,1,1,1,1,3,0,1,0.0,,
25,All,7,2,3,2,1,0,3,2,0,3,,1.0,0.0
25,All,8,6,1,4,1,0,2,3,0,2,,1.0,0.0
25,All,8,6,1,6,1,0,3,1,0,3,,0.0,0.0
25,All,8,6,1,5,1,0,3,3,1,3,,1.0,1.0
25,All,8,6,1,3,1,0,2,3,0,2,,1.0,0.0
25,All,8,6,1,1,2,0,1,1,1,1,,1.0,1.0
25,All,8,6,1,2,2,0,1,2,0,1,,0.0,0.0
25,All,9,4,2,1,1,1,1,1,1,1,1.0,,
25,All,9,4,2,2,3,0,2,1,0,2,,1.0,0.0
25,All,9,4,2,3,3,0,2,2,1,2,,1.0,1.0
25,All,9,4,2,4,2,0,3,1,0,3,,1.0,0.0
25,All,10,5,2,4,3,1,3,3,1,3,1.0,,
25,All,10,5,2,3,2,0,1,1,1,1,,1.0,1.0
25,All,10,5,2,1,2,0,1,3,0,1,,1.0,0.0
25,All,10,5,2,2,2,0,1,1,1,1,,1.0,1.0
25,All,10,5,2,5,2,0,3,1,0,3,,1.0,0.0
25,All,11,6,2,4,1,0,2,3,0,2,,1.0,0.0
25,All,11,6,2,5,1,0,3,1,0,3,,0.0,0.0
25,All,11,6,2,3,3,0,2,1,0,2,,1.0,0.0
25,All,11,6,2,6,2,0,3,1,0,3,,1.0,0.0
25,All,11,6,2,2,2,1,2,2,1,2,1.0,,
25,All,11,6,2,1,1,1,1,1,1,1,1.0,,
25,All,12,2,4,1,2,0,1,1,1,1,,1.0,1.0
25,All,12,2,4,2,2,1,2,2,1,2,1.0,,
25,All,13,4,3,4,3,0,2,1,0,2,,1.0,0.0
25,All,13,4,3,3,3,0,2,3,0,2,,0.0,0.0
25,All,13,4,3,2,3,0,2,2,1,2,,1.0,1.0
25,All,13,4,3,1,2,0,1,3,0,1,,1.0,0.0
25,All,14,3,3,3,1,0,3,1,0,3,,0.0,0.0
25,All,14,3,3,1,1,0,2,3,0,2,,1.0,0.0
25,All,14,3,3,2,1,0,3,3,1,3,,1.0,1.0
25,All,15,3,4,1,1,1,1,1,1,1,1.0,,
25,All,15,3,4,2,2,1,2,2,1,2,1.0,,
25,All,15,3,4,3,3,1,3,3,1,3,1.0,,
25,All,16,5,3,2,1,0,2,2,1,2,,1.0,1.0
25,All,16,5,3,3,1,0,3,2,0,3,,1.0,0.0
25,All,16,5,3,5,1,0,3,3,1,3,,1.0,1.0
25,All,16,5,3,1,1,1,1,1,1,1,1.0,,
25,All,16,5,3,4,3,1,3,3,1,3,1.0,,
25,All,17,2,5,1,3,0,2,1,0,2,,1.0,0.0
25,All,17,2,5,2,3,1,3,3,1,3,1.0,,
25,All,18,2,6,2,2,0,3,3,1,3,,1.0,1.0
25,All,18,2,6,1,2,1,2,2,1,2,1.0,,
26,All,1,4,1,3,3,0,2,2,1,2,,1.0,1.0
26,All,1,4,1,2,1,0,2,2,1,2,,1.0,1.0
26,All,1,4,1,4,3,1,3,3,1,3,1.0,,
26,All,1,4,1,1,1,1,1,1,1,1,1.0,,
26,All,2,3,1,1,3,0,1,2,0,1,,1.0,0.0
26,All,2,3,1,2,2,1,2,2,1,2,1.0,,
26,All,2,3,1,3,3,1,3,3,1,3,1.0,,
26,All,3,2,1,1,2,1,2,2,1,2,1.0,,
26,All,3,2,1,2,3,1,3,3,1,3,1.0,,
26,All,4,2,2,2,3,0,1,2,0,1,,1.0,0.0
26,All,4,2,2,1,3,0,1,2,0,1,,1.0,0.0
26,All,5,3,2,1,2,0,1,1,1,1,,1.0,1.0
26,All,5,3,2,3,2,0,3,3,1,3,,1.0,1.0
26,All,5,3,2,2,2,1,2,2,1,2,1.0,,
26,All,6,6,1,3,2,1,2,2,1,2,1.0,,
26,All,6,6,1,2,1,0,2,2,1,2,,1.0,1.0
26,All,6,6,1,6,3,1,3,3,1,3,1.0,,
26,All,6,6,1,5,1,0,3,3,1,3,,1.0,1.0
26,All,6,6,1,1,1,1,1,1,1,1,1.0,,
26,All,7,5,1,2,3,0,1,1,1,1,,1.0,1.0
26,All,7,5,1,1,2,0,1,2,0,1,,0.0,0.0
26,All,7,5,1,5,2,0,3,3,1,3,,1.0,1.0
26,All,7,5,1,3,2,0,1,2,0,1,,0.0,0.0
26,All,7,5,1,4,3,1,3,3,1,3,1.0,,
26,All,8,2,3,2,1,0,2,2,1,2,,1.0,1.0
26,All,8,2,3,1,3,0,1,1,1,1,,1.0,1.0
26,All,9,4,2,1,3,0,1,2,0,1,,1.0,0.0
26,All,9,4,2,3,3,0,2,2,1,2,,1.0,1.0
26,All,9,4,2,4,3,0,2,3,0,2,,0.0,0.0
26,All,9,4,2,2,1,0,2,1,0,2,,0.0,0.0
26,All,10,5,2,4,3,0,2,1,0,2,,1.0,0.0
26,All,10,5,2,2,2,0,1,1,1,1,,1.0,1.0
26,All,10,5,2,1,1,1,1,1,1,1,1.0,,
26,All,10,5,2,3,1,0,2,1,0,2,,0.0,0.0
26,All,10,5,2,5,1,0,3,1,0,3,,0.0,0.0
26,All,11,6,2,2,3,0,1,3,0,1,,0.0,0.0
26,All,11,6,2,3,2,1,2,1,0,2,0.0,,
26,All,11,6,2,4,1,0,2,3,0,2,,1.0,0.0
26,All,11,6,2,5,2,0,3,1,0,3,,1.0,0.0
26,All,11,6,2,1,2,0,1,3,0,1,,1.0,0.0
26,All,11,6,2,6,3,1,3,3,1,3,1.0,,
26,All,12,4,3,1,3,0,1,2,0,1,,1.0,0.0
26,All,12,4,3,3,2,0,3,2,0,3,,0.0,0.0
26,All,12,4,3,2,1,1,1,2,0,1,0.0,,
26,All,12,4,3,4,2,0,3,1,0,3,,1.0,0.0
26,All,13,3,3,1,3,0,1,2,0,1,,1.0,0.0
26,All,13,3,3,2,2,0,1,1,1,1,,1.0,1.0
26,All,13,3,3,3,3,0,2,1,0,2,,1.0,0.0
26,All,14,2,4,2,2,0,3,1,0,3,,1.0,0.0
26,All,14,2,4,1,3,0,2,1,0,2,,1.0,0.0
26,All,15,2,5,1,3,0,2,2,1,2,,1.0,1.0
26,All,15,2,5,2,1,0,3,2,0,3,,1.0,0.0
26,All,16,3,4,2,3,1,3,3,1,3,1.0,,
26,All,16,3,4,1,2,1,2,2,1,2,1.0,,
26,All,16,3,4,3,1,0,3,2,0,3,,1.0,0.0
26,All,17,6,3,2,3,0,1,2,0,1,,1.0,0.0
26,All,17,6,3,5,2,0,3,1,0,3,,1.0,0.0
26,All,17,6,3,1,3,0,1,2,0,1,,1.0,0.0
26,All,17,6,3,3,3,0,2,1,0,2,,1.0,0.0
26,All,17,6,3,6,2,0,3,1,0,3,,1.0,0.0
26,All,17,6,3,4,1,0,2,1,0,2,,0.0,0.0
26,All,18,5,3,3,3,1,3,3,1,3,1.0,,
26,All,18,5,3,1,2,0,1,1,1,1,,1.0,1.0
26,All,18,5,3,5,1,0,3,3,1,3,,1.0,1.0
26,All,18,5,3,2,3,0,2,1,0,2,,1.0,0.0
26,All,18,5,3,4,2,0,3,2,0,3,,0.0,0.0
27,All,1,3,1,3,2,0,3,1,0,3,,1.0,0.0
27,All,1,3,1,1,2,0,1,3,0,1,,1.0,0.0
27,All,1,3,1,2,3,0,2,1,0,2,,1.0,0.0
27,All,2,2,1,2,3,1,3,3,1,3,1.0,,
27,All,2,2,1,1,1,0,2,2,1,2,,1.0,1.0
27,All,3,4,1,4,1,0,3,3,1,3,,1.0,1.0
27,All,3,4,1,2,3,0,1,2,0,1,,1.0,0.0
27,All,3,4,1,3,2,0,3,2,0,3,,0.0,0.0
27,All,3,4,1,1,1,1,1,1,1,1,1.0,,
27,All,4,6,1,1,1,1,1,2,0,1,0.0,,
27,All,4,6,1,2,2,1,2,2,1,2,1.0,,
27,All,4,6,1,5,1,0,3,1,0,3,,0.0,0.0
27,All,4,6,1,4,3,0,2,1,0,2,,1.0,0.0
27,All,4,6,1,6,1,0,3,1,0,3,,0.0,0.0
27,All,5,2,2,2,2,0,1,3,0,1,,1.0,0.0
27,All,5,2,2,1,1,1,1,1,1,1,1.0,,
27,All,6,2,3,2,3,1,3,3,1,3,1.0,,
27,All,6,2,3,1,1,1,1,1,1,1,1.0,,
27,All,7,3,2,1,1,1,1,1,1,1,1.0,,
27,All,7,3,2,2,2,0,1,3,0,1,,1.0,0.0
27,All,7,3,2,3,3,0,2,2,1,2,,1.0,1.0
27,All,8,5,1,3,3,1,3,3,1,3,1.0,,
27,All,8,5,1,5,1,0,3,3,1,3,,1.0,1.0
27,All,8,5,1,2,2,1,2,1,0,2,0.0,,
27,All,8,5,1,1,3,0,1,2,0,1,,1.0,0.0
27,All,8,5,1,4,3,1,3,2,0,3,0.0,,
27,All,9,4,2,1,3,0,1,2,0,1,,1.0,0.0
27,All,9,4,2,2,2,1,2,2,1,2,1.0,,
27,All,9,4,2,4,3,1,3,3,1,3,1.0,,
27,All,9,4,2,3,1,0,2,2,1,2,,1.0,1.0
27,All,10,5,2,3,1,1,1,1,1,1,1.0,,
27,All,10,5,2,2,2,0,1,3,0,1,,1.0,0.0
27,All,10,5,2,5,2,0,3,3,1,3,,1.0,1.0
27,All,10,5,2,4,2,0,3,3,1,3,,1.0,1.0
27,All,10,5,2,1,2,0,1,3,0,1,,1.0,0.0
27,All,11,6,2,3,2,1,2,2,1,2,1.0,,
27,All,11,6,2,5,1,0,3,1,0,3,,0.0,0.0
27,All,11,6,2,1,3,0,1,3,0,1,,0.0,0.0
27,All,11,6,2,2,1,1,1,2,0,1,0.0,,
27,All,11,6,2,6,2,0,3,1,0,3,,1.0,0.0
27,All,11,6,2,4,3,0,2,2,1,2,,1.0,1.0
27,All,12,3,3,1,1,1,1,1,1,1,1.0,,
27,All,12,3,3,3,2,0,3,3,1,3,,1.0,1.0
27,All,12,3,3,2,3,0,2,2,1,2,,1.0,1.0
27,All,13,2,4,1,2,1,2,2,1,2,1.0,,
27,All,13,2,4,2,3,1,3,3,1,3,1.0,,
27,All,14,4,3,4,2,1,2,2,1,2,1.0,,
27,All,14,4,3,1,1,1,1,1,1,1,1.0,,
27,All,14,4,3,3,3,0,2,3,0,2,,0.0,0.0
27,All,14,4,3,2,1,0,2,1,0,2,,0.0,0.0
27,All,15,6,3,6,2,0,3,2,0,3,,0.0,0.0
27,All,15,6,3,4,1,0,2,1,0,2,,0.0,0.0
27,All,15,6,3,3,3,0,2,3,0,2,,0.0,0.0
27,All,15,6,3,2,2,0,1,2,0,1,,0.0,0.0
27,All,15,6,3,5,3,1,3,1,0,3,0.0,,
27,All,15,6,3,1,3,0,1,2,0,1,,1.0,0.0
27,All,16,2,5,1,1,1,1,1,1,1,1.0,,
27,All,16,2,5,2,3,0,2,2,1,2,,1.0,1.0
27,All,17,2,6,1,3,0,2,2,1,2,,1.0,1.0
27,All,17,2,6,2,3,1,3,3,1,3,1.0,,
27,All,18,3,4,3,1,0,3,2,0,3,,1.0,0.0
27,All,18,3,4,1,3,0,2,2,1,2,,1.0,1.0
27,All,18,3,4,2,2,0,3,1,0,3,,1.0,0.0
28,All,1,2,1,2,2,0,3,1,0,3,,1.0,0.0
28,All,1,2,1,1,1,0,2,2,1,2,,1.0,1.0
28,All,2,6,1,5,3,1,3,3,1,3,1.0,,
28,All,2,6,1,4,1,0,2,2,1,2,,1.0,1.0
28,All,2,6,1,1,2,0,1,3,0,1,,1.0,0.0
28,All,2,6,1,3,3,0,2,3,0,2,,0.0,0.0
28,All,2,6,1,6,3,1,3,2,0,3,0.0,,
28,All,2,6,1,2,1,1,1,1,1,1,1.0,,
28,All,3,3,1,2,1,0,2,3,0,2,,1.0,0.0
28,All,3,3,1,3,1,0,3,3,1,3,,1.0,1.0
28,All,3,3,1,1,1,1,1,1,1,1,1.0,,
28,All,4,2,2,1,3,0,1,2,0,1,,1.0,0.0
28,All,5,4,1,2,2,0,1,3,0,1,,1.0,0.0
28,All,5,4,1,1,2,0,1,2,0,1,,0.0,0.0
28,All,5,4,1,3,2,0,3,3,1,3,,1.0,1.0
28,All,5,4,1,4,2,0,3,1,0,3,,1.0,0.0
28,All,6,5,1,4,3,1,3,3,1,3,1.0,,
28,All,6,5,1,3,3,1,3,3,1,3,1.0,,
28,All,6,5,1,1,3,0,1,1,1,1,,1.0,1.0
28,All,6,5,1,5,2,0,3,1,0,3,,1.0,0.0
28,All,6,5,1,2,1,0,2,2,1,2,,1.0,1.0
28,All,7,2,3,2,3,0,2,1,0,2,,1.0,0.0
28,All,7,2,3,1,3,0,1,1,1,1,,1.0,1.0
28,All,8,3,2,2,1,0,3,1,0,3,,0.0,0.0
28,All,8,3,2,1,1,0,2,2,1,2,,1.0,1.0
28,All,8,3,2,3,1,0,3,3,1,3,,1.0,1.0
28,All,9,4,2,3,2,1,2,2,1,2,1.0,,
28,All,9,4,2,2,3,0,2,1,0,2,,1.0,0.0
28,All,9,4,2,1,1,1,1,1,1,1,1.0,,
28,All,9,4,2,4,3,0,2,1,0,2,,1.0,0.0
28,All,10,6,2,3,3,0,2,3,0,2,,0.0,0.0
28,All,10,6,2,4,3,0,2,3,0,2,,0.0,0.0
28,All,10,6,2,2,3,0,1,2,0,1,,1.0,0.0
28,All,10,6,2,6,3,1,3,3,1,3,1.0,,
28,All,10,6,2,1,3,0,1,1,1,1,,1.0,1.0
28,All,10,6,2,5,3,1,3,3,1,3,1.0,,
28,All,11,5,2,1,2,0,1,1,1,1,,1.0,1.0
28,All,11,5,2,5,3,1,3,3,1,3,1.0,,
28,All,11,5,2,4,3,0,2,1,0,2,,1.0,0.0
28,All,11,5,2,3,1,0,2,3,0,2,,1.0,0.0
28,All,11,5,2,2,1,1,1,1,1,1,1.0,,
28,All,12,2,4,2,2,0,3,1,0,3,,1.0,0.0
28,All,12,2,4,1,2,1,2,2,1,2,1.0,,
28,All,13,6,3,2,2,1,2,2,1,2,1.0,,
28,All,13,6,3,5,2,0,3,1,0,3,,1.0,0.0
28,All,13,6,3,6,2,0,3,1,0,3,,1.0,0.0
28,All,13,6,3,3,2,1,2,2,1,2,1.0,,
28,All,13,6,3,4,1,0,2,3,0,2,,1.0,0.0
28,All,13,6,3,1,3,0,1,1,1,1,,1.0,1.0
28,All,14,3,3,3,3,0,2,2,1,2,,1.0,1.0
28,All,14,3,3,2,3,0,1,1,1,1,,1.0,1.0
28,All,14,3,3,1,3,0,1,2,0,1,,1.0,0.0
28,All,15,2,5,2,2,0,3,1,0,3,,1.0,0.0
28,All,15,2,5,1,2,1,2,2,1,2,1.0,,
28,All,16,4,3,1,3,0,1,1,1,1,,1.0,1.0
28,All,16,4,3,3,3,0,2,2,1,2,,1.0,1.0
28,All,16,4,3,4,3,1,3,3,1,3,1.0,,
28,All,16,4,3,2,3,0,2,2,1,2,,1.0,1.0
28,All,17,5,3,2,2,0,1,3,0,1,,1.0,0.0
28,All,17,5,3,5,2,0,3,3,1,3,,1.0,1.0
28,All,17,5,3,3,2,0,1,3,0,1,,1.0,0.0
28,All,17,5,3,1,2,0,1,3,0,1,,1.0,0.0
28,All,17,5,3,4,3,1,3,3,1,3,1.0,,
28,All,18,2,6,2,3,1,3,3,1,3,1.0,,
28,All,18,2,6,1,2,0,1,3,0,1,,1.0,0.0
29,All,1,6,1,4,3,0,2,2,1,2,,1.0,1.0
29,All,1,6,1,5,1,0,3,3,1,3,,1.0,1.0
29,All,1,6,1,1,3,0,1,3,0,1,,0.0,0.0
29,All,1,6,1,6,1,0,3,3,1,3,,1.0,1.0
29,All,1,6,1,3,1,0,2,2,1,2,,1.0,1.0
29,All,1,6,1,2,3,0,2,2,1,2,,1.0,1.0
29,All,2,2,1,1,2,1,2,2,1,2,1.0,,
29,All,2,2,1,2,2,0,3,3,1,3,,1.0,1.0
29,All,3,2,2,1,3,0,1,2,0,1,,1.0,0.0
29,All,3,2,2,2,3,0,1,1,1,1,,1.0,1.0
29,All,4,5,1,2,2,0,1,3,0,1,,1.0,0.0
29,All,4,5,1,4,3,0,2,2,1,2,,1.0,1.0
29,All,4,5,1,3,2,1,2,2,1,2,1.0,,
29,All,4,5,1,5,2,0,3,3,1,3,,1.0,1.0
29,All,4,5,1,1,2,0,1,3,0,1,,1.0,0.0
29,All,5,3,1,3,3,1,3,3,1,3,1.0,,
29,All,5,3,1,1,3,0,1,2,0,1,,1.0,0.0
29,All,5,3,1,2,3,0,2,2,1,2,,1.0,1.0
29,All,6,3,2,1,3,0,1,2,0,1,,1.0,0.0
29,All,6,3,2,3,3,1,3,3,1,3,1.0,,
29,All,6,3,2,2,1,0,2,3,0,2,,1.0,0.0
29,All,7,4,1,2,2,1,2,2,1,2,1.0,,
29,All,7,4,1,3,2,1,2,2,1,2,1.0,,
29,All,7,4,1,4,2,0,3,1,0,3,,1.0,0.0
29,All,7,4,1,1,3,0,1,2,0,1,,1.0,0.0
29,All,8,2,3,1,2,1,2,2,1,2,1.0,,
29,All,8,2,3,2,2,0,3,3,1,3,,1.0,1.0
29,All,9,6,2,5,2,0,3,3,1,3,,1.0,1.0
29,All,9,6,2,2,2,0,1,2,0,1,,0.0,0.0
29,All,9,6,2,6,2,0,3,3,1,3,,1.0,1.0
29,All,9,6,2,4,2,1,2,2,1,2,1.0,,
29,All,9,6,2,1,2,0,1,3,0,1,,1.0,0.0
29,All,9,6,2,3,2,1,2,2,1,2,1.0,,
29,All,10,4,2,4,2,1,2,2,1,2,1.0,,
29,All,10,4,2,3,2,1,2,2,1,2,1.0,,
29,All,10,4,2,2,2,1,2,2,1,2,1.0,,
29,All,10,4,2,1,2,0,1,3,0,1,,1.0,0.0
29,All,11,5,2,1,2,0,1,3,0,1,,1.0,0.0
29,All,11,5,2,5,2,0,3,1,0,3,,1.0,0.0
29,All,11,5,2,2,2,0,1,3,0,1,,1.0,0.0
29,All,11,5,2,3,2,0,1,1,1,1,,1.0,1.0
29,All,11,5,2,4,2,0,3,1,0,3,,1.0,0.0
29,All,12,6,3,6,2,0,3,3,1,3,,1.0,1.0
29,All,12,6,3,3,2,1,2,2,1,2,1.0,,
29,All,12,6,3,4,2,1,2,2,1,2,1.0,,
29,All,12,6,3,2,2,0,1,3,0,1,,1.0,0.0
29,All,12,6,3,5,2,0,3,3,1,3,,1.0,1.0
29,All,12,6,3,1,2,0,1,3,0,1,,1.0,0.0
29,All,13,2,4,1,2,0,1,3,0,1,,1.0,0.0
29,All,13,2,4,2,2,0,3,3,1,3,,1.0,1.0
29,All,14,2,5,2,2,0,3,3,1,3,,1.0,1.0
29,All,14,2,5,1,2,1,2,2,1,2,1.0,,
29,All,15,5,3,2,2,1,2,2,1,2,1.0,,
29,All,15,5,3,1,2,0,1,3,0,1,,1.0,0.0
29,All,15,5,3,4,2,0,3,3,1,3,,1.0,1.0
29,All,15,5,3,5,3,1,3,3,1,3,1.0,,
29,All,16,3,3,3,2,1,2,2,1,2,1.0,,
29,All,16,3,3,1,2,0,1,3,0,1,,1.0,0.0
29,All,16,3,3,2,2,0,1,3,0,1,,1.0,0.0
29,All,17,3,4,1,2,1,2,2,1,2,1.0,,
29,All,17,3,4,3,2,0,3,3,1,3,,1.0,1.0
29,All,17,3,4,2,2,0,3,3,1,3,,1.0,1.0
29,All,18,4,3,2,2,0,1,2,0,1,,0.0,0.0
29,All,18,4,3,1,2,0,1,3,0,1,,1.0,0.0
29,All,18,4,3,4,2,0,3,3,1,3,,1.0,1.0
29,All,18,4,3,3,2,0,3,3,1,3,,1.0,1.0
30,All,1,2,1,1,2,1,2,2,1,2,1.0,,
30,All,1,2,1,2,3,1,3,3,1,3,1.0,,
30,All,2,5,1,5,2,0,3,3,1,3,,1.0,1.0
30,All,2,5,1,2,2,0,1,3,0,1,,1.0,0.0
30,All,2,5,1,3,1,1,1,1,1,1,1.0,,
30,All,2,5,1,4,2,0,3,3,1,3,,1.0,1.0
30,All,3,6,1,6,2,0,3,3,1,3,,1.0,1.0
30,All,3,6,1,2,2,1,2,2,1,2,1.0,,
30,All,3,6,1,4,2,1,2,2,1,2,1.0,,
30,All,3,6,1,1,1,1,1,2,0,1,0.0,,
30,All,3,6,1,3,3,0,2,2,1,2,,1.0,1.0
30,All,3,6,1,5,1,0,3,2,0,3,,1.0,0.0
30,All,4,3,1,2,2,0,1,3,0,1,,1.0,0.0
30,All,4,3,1,1,2,0,1,3,0,1,,1.0,0.0
30,All,4,3,1,3,2,1,2,2,1,2,1.0,,
30,All,5,2,2,1,2,0,1,3,0,1,,1.0,0.0
30,All,5,2,2,2,2,0,1,3,0,1,,1.0,0.0
30,All,6,2,3,2,2,1,2,2,1,2,1.0,,
30,All,6,2,3,1,3,0,1,1,1,1,,1.0,1.0
30,All,7,3,2,3,2,0,3,3,1,3,,1.0,1.0
30,All,7,3,2,1,2,0,1,3,0,1,,1.0,0.0
30,All,7,3,2,2,2,1,2,2,1,2,1.0,,
30,All,8,4,1,1,2,0,1,3,0,1,,1.0,0.0
30,All,8,4,1,2,2,0,1,3,0,1,,1.0,0.0
30,All,8,4,1,4,2,0,3,3,1,3,,1.0,1.0
30,All,8,4,1,3,2,0,3,3,1,3,,1.0,1.0
30,All,9,5,2,1,2,0,1,2,0,1,,0.0,0.0
30,All,9,5,2,4,2,1,2,2,1,2,1.0,,
30,All,9,5,2,5,2,0,3,2,0,3,,0.0,0.0
30,All,9,5,2,3,2,1,2,2,1,2,1.0,,
30,All,10,4,2,1,2,0,1,3,0,1,,1.0,0.0
30,All,10,4,2,3,2,1,2,2,1,2,1.0,,
30,All,10,4,2,4,3,0,2,2,1,2,,1.0,1.0
30,All,10,4,2,2,2,1,2,2,1,2,1.0,,
30,All,11,6,2,1,2,0,1,3,0,1,,1.0,0.0
30,All,11,6,2,6,2,0,3,3,1,3,,1.0,1.0
30,All,11,6,2,2,2,0,1,2,0,1,,0.0,0.0
30,All,11,6,2,5,3,1,3,3,1,3,1.0,,
30,All,11,6,2,3,1,0,2,2,1,2,,1.0,1.0
30,All,11,6,2,4,1,0,2,3,0,2,,1.0,0.0
30,All,12,2,4,1,2,0,1,3,0,1,,1.0,0.0
30,All,12,2,4,2,1,0,3,2,0,3,,1.0,0.0
30,All,13,5,3,1,2,0,1,3,0,1,,1.0,0.0
30,All,13,5,3,5,2,0,3,3,1,3,,1.0,1.0
30,All,13,5,3,3,2,0,3,1,0,3,,1.0,0.0
30,All,13,5,3,4,2,0,3,2,0,3,,0.0,0.0
30,All,13,5,3,2,3,0,2,2,1,2,,1.0,1.0
30,All,14,6,3,5,2,0,3,3,1,3,,1.0,1.0
30,All,14,6,3,4,2,1,2,2,1,2,1.0,,
30,All,14,6,3,1,2,0,1,3,0,1,,1.0,0.0
30,All,14,6,3,3,2,1,2,2,1,2,1.0,,
30,All,14,6,3,2,2,0,1,1,1,1,,1.0,1.0
30,All,14,6,3,6,3,1,3,3,1,3,1.0,,
30,All,15,3,3,1,2,1,2,2,1,2,1.0,,
30,All,15,3,3,2,3,1,3,3,1,3,1.0,,
30,All,15,3,3,3,2,0,3,3,1,3,,1.0,1.0
30,All,16,2,5,2,2,0,3,3,1,3,,1.0,1.0
30,All,16,2,5,1,2,1,2,2,1,2,1.0,,
30,All,17,2,6,2,2,0,3,3,1,3,,1.0,1.0
30,All,17,2,6,1,2,1,2,2,1,2,1.0,,
30,All,18,3,4,3,2,0,3,3,1,3,,1.0,1.0
30,All,18,3,4,1,2,0,1,1,1,1,,1.0,1.0
30,All,18,3,4,2,2,1,2,2,1,2,1.0,,
31,All,1,5,1,5,1,0,3,1,0,3,,0.0,0.0
31,All,1,5,1,1,2,0,1,2,0,1,,0.0,0.0
31,All,1,5,1,4,3,1,3,3,1,3,1.0,,
31,All,1,5,1,3,3,1,3,3,1,3,1.0,,
31,All,1,5,1,2,3,0,2,3,0,2,,0.0,0.0
31,All,2,3,1,3,2,0,3,3,1,3,,1.0,1.0
31,All,2,3,1,1,1,1,1,1,1,1,1.0,,
31,All,3,2,1,2,1,0,3,3,1,3,,1.0,1.0
31,All,3,2,1,1,2,1,2,2,1,2,1.0,,
31,All,4,2,2,1,1,1,1,3,0,1,0.0,,
31,All,4,2,2,2,2,0,1,2,0,1,,0.0,0.0
31,All,5,6,1,1,1,1,1,2,0,1,0.0,,
31,All,5,6,1,2,2,0,1,2,0,1,,0.0,0.0
31,All,5,6,1,3,3,0,2,1,0,2,,1.0,0.0
31,All,5,6,1,5,2,0,3,3,1,3,,1.0,1.0
31,All,5,6,1,6,3,1,3,3,1,3,1.0,,
31,All,5,6,1,4,2,1,2,3,0,2,0.0,,
31,All,6,4,1,2,1,0,2,2,1,2,,1.0,1.0
31,All,6,4,1,1,3,0,1,3,0,1,,0.0,0.0
31,All,6,4,1,4,1,0,3,1,0,3,,0.0,0.0
31,All,6,4,1,3,2,1,2,2,1,2,1.0,,
31,All,7,2,3,2,2,0,3,3,1,3,,1.0,1.0
31,All,8,3,2,3,2,0,3,3,1,3,,1.0,1.0
31,All,8,3,2,1,1,1,1,1,1,1,1.0,,
31,All,8,3,2,2,3,0,2,2,1,2,,1.0,1.0
31,All,9,5,2,1,1,1,1,1,1,1,1.0,,
31,All,9,5,2,3,2,0,1,1,1,1,,1.0,1.0
31,All,9,5,2,4,3,1,3,3,1,3,1.0,,
31,All,9,5,2,2,2,0,1,2,0,1,,0.0,0.0
31,All,9,5,2,5,2,0,3,1,0,3,,1.0,0.0
31,All,10,4,2,2,1,0,2,1,0,2,,0.0,0.0
31,All,10,4,2,1,2,0,1,2,0,1,,0.0,0.0
31,All,10,4,2,4,3,0,2,2,1,2,,1.0,1.0
31,All,10,4,2,3,3,0,2,2,1,2,,1.0,1.0
31,All,11,6,2,3,1,0,2,2,1,2,,1.0,1.0
31,All,11,6,2,6,3,1,3,3,1,3,1.0,,
31,All,11,6,2,1,1,1,1,1,1,1,1.0,,
31,All,11,6,2,5,2,0,3,1,0,3,,1.0,0.0
31,All,11,6,2,2,3,0,1,3,0,1,,0.0,0.0
31,All,11,6,2,4,2,1,2,1,0,2,0.0,,
31,All,12,5,3,3,1,0,2,2,1,2,,1.0,1.0
31,All,12,5,3,1,2,0,1,2,0,1,,0.0,0.0
31,All,12,5,3,5,3,1,3,3,1,3,1.0,,
31,All,12,5,3,4,1,0,2,2,1,2,,1.0,1.0
31,All,12,5,3,2,3,0,1,1,1,1,,1.0,1.0
31,All,13,3,3,2,1,0,3,2,0,3,,1.0,0.0
31,All,13,3,3,3,3,1,3,2,0,3,0.0,,
31,All,13,3,3,1,2,1,2,3,0,2,0.0,,
31,All,14,2,4,2,2,1,2,2,1,2,1.0,,
31,All,14,2,4,1,3,0,1,1,1,1,,1.0,1.0
31,All,15,2,5,1,1,1,1,1,1,1,1.0,,
31,All,15,2,5,2,2,0,3,3,1,3,,1.0,1.0
31,All,16,6,3,2,1,0,2,3,0,2,,1.0,0.0
31,All,16,6,3,3,2,1,2,2,1,2,1.0,,
31,All,16,6,3,4,3,0,2,2,1,2,,1.0,1.0
31,All,16,6,3,5,1,0,3,2,0,3,,1.0,0.0
31,All,16,6,3,1,3,0,1,1,1,1,,1.0,1.0
31,All,16,6,3,6,3,1,3,3,1,3,1.0,,
31,All,17,4,3,4,2,0,3,2,0,3,,0.0,0.0
31,All,17,4,3,1,3,0,1,1,1,1,,1.0,1.0
31,All,17,4,3,2,1,1,1,1,1,1,1.0,,
31,All,17,4,3,3,3,1,3,3,1,3,1.0,,
31,All,18,2,6,2,1,0,3,3,1,3,,1.0,1.0
31,All,18,2,6,1,2,1,2,2,1,2,1.0,,
32,All,1,3,1,2,1,1,1,1,1,1,1.0,,
32,All,1,3,1,3,2,1,2,2,1,2,1.0,,
32,All,1,3,1,1,3,0,1,1,1,1,,1.0,1.0
32,All,2,2,1,2,3,1,3,1,0,3,0.0,,
32,All,2,2,1,1,1,0,2,3,0,2,,1.0,0.0
32,All,3,5,1,3,3,0,1,3,0,1,,0.0,0.0
32,All,3,5,1,2,1,1,1,1,1,1,1.0,,
32,All,3,5,1,5,2,0,3,2,0,3,,0.0,0.0
32,All,3,5,1,1,3,0,1,3,0,1,,0.0,0.0
32,All,3,5,1,4,1,0,3,3,1,3,,1.0,1.0
32,All,4,4,1,4,1,0,2,2,1,2,,1.0,1.0
32,All,4,4,1,3,3,0,2,2,1,2,,1.0,1.0
32,All,4,4,1,1,1,1,1,1,1,1,1.0,,
32,All,4,4,1,2,3,0,2,1,0,2,,1.0,0.0
32,All,5,2,2,1,3,0,1,1,1,1,,1.0,1.0
32,All,5,2,2,2,3,0,1,2,0,1,,1.0,0.0
32,All,6,3,2,2,1,0,2,3,0,2,,1.0,0.0
32,All,6,3,2,3,1,0,3,2,0,3,,1.0,0.0
32,All,6,3,2,1,1,1,1,1,1,1,1.0,,
32,All,7,6,1,3,3,0,2,1,0,2,,1.0,0.0
32,All,7,6,1,2,1,1,1,1,1,1,1.0,,
32,All,7,6,1,5,2,0,3,1,0,3,,1.0,0.0
32,All,7,6,1,4,3,0,2,2,1,2,,1.0,1.0
32,All,7,6,1,1,1,1,1,1,1,1,1.0,,
32,All,7,6,1,6,3,1,3,3,1,3,1.0,,
32,All,8,2,3,2,1,0,3,2,0,3,,1.0,0.0
32,All,8,2,3,1,3,0,2,1,0,2,,1.0,0.0
32,All,9,4,2,2,1,0,2,1,0,2,,0.0,0.0
32,All,9,4,2,4,2,0,3,1,0,3,,1.0,0.0
32,All,9,4,2,3,1,0,2,3,0,2,,1.0,0.0
32,All,9,4,2,1,2,0,1,1,1,1,,1.0,1.0
32,All,10,5,2,5,3,1,3,3,1,3,1.0,,
32,All,10,5,2,2,1,1,1,1,1,1,1.0,,
32,All,10,5,2,3,2,1,2,2,1,2,1.0,,
32,All,10,5,2,4,2,1,2,2,1,2,1.0,,
32,All,10,5,2,1,3,0,1,2,0,1,,1.0,0.0
32,All,11,6,2,4,1,0,2,3,0,2,,1.0,0.0
32,All,11,6,2,6,2,0,3,1,0,3,,1.0,0.0
32,All,11,6,2,3,3,0,2,1,0,2,,1.0,0.0
32,All,11,6,2,2,2,1,2,2,1,2,1.0,,
32,All,11,6,2,5,2,0,3,2,0,3,,0.0,0.0
32,All,12,3,3,3,3,1,3,3,1,3,1.0,,
32,All,12,3,3,1,2,1,2,2,1,2,1.0,,
32,All,12,3,3,2,1,0,3,2,0,3,,1.0,0.0
32,All,13,2,4,1,1,0,2,1,0,2,,0.0,0.0
32,All,13,2,4,2,3,1,3,3,1,3,1.0,,
32,All,14,5,3,2,3,0,2,1,0,2,,1.0,0.0
32,All,14,5,3,1,3,0,1,1,1,1,,1.0,1.0
32,All,14,5,3,3,2,0,3,1,0,3,,1.0,0.0
32,All,14,5,3,5,3,1,3,3,1,3,1.0,,
32,All,14,5,3,4,3,1,3,3,1,3,1.0,,
32,All,15,4,3,2,3,0,1,1,1,1,,1.0,1.0
32,All,15,4,3,3,2,0,3,3,1,3,,1.0,1.0
32,All,15,4,3,4,1,0,3,3,1,3,,1.0,1.0
32,All,15,4,3,1,1,1,1,1,1,1,1.0,,
32,All,16,2,5,1,3,0,1,1,1,1,,1.0,1.0
32,All,16,2,5,2,3,1,3,1,0,3,0.0,,
32,All,17,3,4,1,3,0,1,1,1,1,,1.0,1.0
32,All,17,3,4,2,3,0,2,2,1,2,,1.0,1.0
32,All,17,3,4,3,3,1,3,2,0,3,0.0,,
32,All,18,6,3,6,3,1,3,3,1,3,1.0,,
32,All,18,6,3,2,1,1,1,1,1,1,1.0,,
32,All,18,6,3,4,2,1,2,2,1,2,1.0,,
32,All,18,6,3,3,2,1,2,2,1,2,1.0,,
32,All,18,6,3,1,1,1,1,1,1,1,1.0,,
32,All,18,6,3,5,2,0,3,3,1,3,,1.0,1.0
33,All,1,6,1,6,2,0,3,3,1,3,,1.0,1.0
33,All,1,6,1,5,3,1,3,3,1,3,1.0,,
33,All,1,6,1,4,1,0,2,1,0,2,,0.0,0.0
33,All,1,6,1,2,3,0,1,1,1,1,,1.0,1.0
33,All,1,6,1,1,3,0,1,3,0,1,,0.0,0.0
33,All,1,6,1,3,2,1,2,2,1,2,1.0,,
33,All,2,2,1,2,3,1,3,3,1,3,1.0,,
33,All,2,2,1,1,2,1,2,2,1,2,1.0,,
33,All,3,3,1,2,3,0,1,1,1,1,,1.0,1.0
33,All,3,3,1,1,3,0,1,3,0,1,,0.0,0.0
33,All,3,3,1,3,2,1,2,2,1,2,1.0,,
33,All,4,4,1,2,3,0,1,2,0,1,,1.0,0.0
33,All,4,4,1,1,1,1,1,1,1,1,1.0,,
33,All,4,4,1,3,3,1,3,3,1,3,1.0,,
33,All,4,4,1,4,2,0,3,3,1,3,,1.0,1.0
33,All,5,2,2,1,3,0,1,2,0,1,,1.0,0.0
33,All,5,2,2,2,3,0,1,2,0,1,,1.0,0.0
33,All,6,5,1,1,2,0,1,2,0,1,,0.0,0.0
33,All,6,5,1,3,3,0,1,1,1,1,,1.0,1.0
33,All,6,5,1,4,1,0,3,2,0,3,,1.0,0.0
33,All,6,5,1,5,2,0,3,3,1,3,,1.0,1.0
33,All,6,5,1,2,2,0,1,3,0,1,,1.0,0.0
33,All,7,2,3,2,3,1,3,3,1,3,1.0,,
33,All,7,2,3,1,2,1,2,2,1,2,1.0,,
33,All,8,3,2,2,3,1,3,3,1,3,1.0,,
33,All,8,3,2,1,2,1,2,2,1,2,1.0,,
33,All,8,3,2,3,1,0,3,2,0,3,,1.0,0.0
33,All,9,6,2,1,3,0,1,3,0,1,,0.0,0.0
33,All,9,6,2,4,2,1,2,2,1,2,1.0,,
33,All,9,6,2,2,1,1,1,3,0,1,0.0,,
33,All,9,6,2,3,3,0,2,1,0,2,,1.0,0.0
33,All,9,6,2,6,2,0,3,3,1,3,,1.0,1.0
33,All,9,6,2,5,2,0,3,3,1,3,,1.0,1.0
33,All,10,5,2,1,2,0,1,3,0,1,,1.0,0.0
33,All,10,5,2,2,2,0,1,1,1,1,,1.0,1.0
33,All,10,5,2,5,3,1,3,3,1,3,1.0,,
33,All,10,5,2,3,1,0,2,3,0,2,,1.0,0.0
33,All,10,5,2,4,3,0,2,3,0,2,,0.0,0.0
33,All,11,4,2,3,2,1,2,2,1,2,1.0,,
33,All,11,4,2,4,3,1,3,3,1,3,1.0,,
33,All,11,4,2,2,1,0,2,3,0,2,,1.0,0.0
33,All,11,4,2,1,2,0,1,2,0,1,,0.0,0.0
33,All,12,6,3,6,3,1,3,3,1,3,1.0,,
33,All,12,6,3,2,3,0,2,2,1,2,,1.0,1.0
33,All,12,6,3,5,2,0,3,3,1,3,,1.0,1.0
33,All,12,6,3,1,2,0,1,1,1,1,,1.0,1.0
33,All,12,6,3,3,3,0,2,2,1,2,,1.0,1.0
33,All,12,6,3,4,1,0,2,2,1,2,,1.0,1.0
33,All,13,2,4,1,3,0,1,2,0,1,,1.0,0.0
33,All,13,2,4,2,3,0,2,2,1,2,,1.0,1.0
33,All,14,3,3,2,2,1,2,2,1,2,1.0,,
33,All,14,3,3,3,3,1,3,3,1,3,1.0,,
33,All,14,3,3,1,3,0,1,1,1,1,,1.0,1.0
33,All,15,4,3,1,2,0,1,3,0,1,,1.0,0.0
33,All,15,4,3,4,2,1,2,2,1,2,1.0,,
33,All,15,4,3,3,3,0,2,2,1,2,,1.0,1.0
33,All,15,4,3,2,3,0,2,3,0,2,,0.0,0.0
33,All,16,2,5,1,2,1,2,2,1,2,1.0,,
33,All,16,2,5,2,3,1,3,3,1,3,1.0,,
33,All,17,5,3,3,3,1,3,3,1,3,1.0,,
33,All,17,5,3,2,3,0,2,2,1,2,,1.0,1.0
33,All,17,5,3,1,2,0,1,2,0,1,,0.0,0.0
33,All,17,5,3,5,2,0,3,1,0,3,,1.0,0.0
33,All,17,5,3,4,2,0,3,2,0,3,,0.0,0.0
33,All,18,2,6,2,3,1,3,3,1,3,1.0,,
33,All,18,2,6,1,3,0,1,2,0,1,,1.0,0.0
34,All,1,2,1,1,1,0,2,2,1,2,,1.0,1.0
34,All,1,2,1,2,1,0,3,3,1,3,,1.0,1.0
34,All,2,4,1,3,2,0,3,1,0,3,,1.0,0.0
34,All,2,4,1,2,2,0,1,1,1,1,,1.0,1.0
34,All,2,4,1,4,2,0,3,2,0,3,,0.0,0.0
34,All,3,6,1,6,1,0,3,1,0,3,,0.0,0.0
34,All,3,6,1,2,3,0,1,2,0,1,,1.0,0.0
34,All,3,6,1,1,2,0,1,3,0,1,,1.0,0.0
34,All,3,6,1,5,1,0,3,2,0,3,,1.0,0.0
34,All,3,6,1,4,2,1,2,2,1,2,1.0,,
34,All,3,6,1,3,1,0,2,1,0,2,,0.0,0.0
34,All,4,5,1,1,2,0,1,2,0,1,,0.0,0.0
34,All,4,5,1,4,1,0,3,3,1,3,,1.0,1.0
34,All,4,5,1,3,1,0,3,3,1,3,,1.0,1.0
34,All,4,5,1,5,2,0,3,2,0,3,,0.0,0.0
34,All,4,5,1,2,1,0,2,3,0,2,,1.0,0.0
34,All,5,3,1,1,2,0,1,1,1,1,,1.0,1.0
34,All,5,3,1,2,2,0,1,3,0,1,,1.0,0.0
34,All,5,3,1,3,3,0,2,2,1,2,,1.0,1.0
34,All,6,3,2,2,3,0,2,3,0,2,,0.0,0.0
34,All,6,3,2,1,2,0,1,1,1,1,,1.0,1.0
34,All,6,3,2,3,1,0,3,2,0,3,,1.0,0.0
34,All,7,2,2,2,1,1,1,1,1,1,1.0,,
34,All,7,2,2,1,2,0,1,3,0,1,,1.0,0.0
34,All,8,2,3,2,1,0,2,2,1,2,,1.0,1.0
34,All,8,2,3,1,3,0,1,3,0,1,,0.0,0.0
34,All,9,6,2,5,2,0,3,2,0,3,,0.0,0.0
34,All,9,6,2,2,2,1,2,2,1,2,1.0,,
34,All,9,6,2,1,1,1,1,1,1,1,1.0,,
34,All,9,6,2,6,1,0,3,3,1,3,,1.0,1.0
34,All,9,6,2,4,3,0,2,3,0,2,,0.0,0.0
34,All,10,4,2,2,1,0,2,2,1,2,,1.0,1.0
34,All,10,4,2,4,1,0,3,2,0,3,,1.0,0.0
34,All,10,4,2,1,1,1,1,2,0,1,0.0,,
34,All,10,4,2,3,1,0,2,3,0,2,,1.0,0.0
34,All,11,5,2,4,1,0,2,2,1,2,,1.0,1.0
34,All,11,5,2,2,1,1,1,1,1,1,1.0,,
34,All,11,5,2,1,2,0,1,2,0,1,,0.0,0.0
34,All,11,5,2,5,3,1,3,3,1,3,1.0,,
34,All,11,5,2,3,2,1,2,2,1,2,1.0,,
34,All,12,2,4,2,1,0,3,2,0,3,,1.0,0.0
34,All,12,2,4,1,1,0,2,2,1,2,,1.0,1.0
34,All,13,4,3,4,1,0,2,3,0,2,,1.0,0.0
34,All,13,4,3,3,1,0,2,2,1,2,,1.0,1.0
34,All,13,4,3,2,3,0,2,2,1,2,,1.0,1.0
34,All,13,4,3,1,1,1,1,1,1,1,1.0,,
34,All,14,6,3,6,1,0,3,1,0,3,,0.0,0.0
34,All,14,6,3,4,2,1,2,2,1,2,1.0,,
34,All,14,6,3,2,1,1,1,1,1,1,1.0,,
34,All,14,6,3,1,3,0,1,3,0,1,,0.0,0.0
34,All,14,6,3,5,2,0,3,3,1,3,,1.0,1.0
34,All,14,6,3,3,1,0,2,3,0,2,,1.0,0.0
34,All,15,5,3,3,2,0,1,1,1,1,,1.0,1.0
34,All,15,5,3,4,2,0,3,1,0,3,,1.0,0.0
34,All,15,5,3,1,1,1,1,1,1,1,1.0,,
34,All,15,5,3,5,3,1,3,3,1,3,1.0,,
34,All,15,5,3,2,2,0,1,2,0,1,,0.0,0.0
34,All,16,3,3,2,1,0,3,2,0,3,,1.0,0.0
34,All,16,3,3,1,1,0,2,2,1,2,,1.0,1.0
34,All,16,3,3,3,3,1,3,3,1,3,1.0,,
34,All,17,3,4,1,3,0,1,2,0,1,,1.0,0.0
34,All,17,3,4,2,3,0,2,2,1,2,,1.0,1.0
34,All,17,3,4,3,3,1,3,3,1,3,1.0,,
34,All,18,2,5,2,1,0,3,2,0,3,,1.0,0.0
34,All,18,2,5,1,1,1,1,1,1,1,1.0,,
36,All,1,5,1,1,1,1,1,1,1,1,1.0,,
36,All,1,5,1,4,2,0,3,3,1,3,,1.0,1.0
36,All,1,5,1,5,2,0,3,1,0,3,,1.0,0.0
36,All,1,5,1,2,1,0,2,3,0,2,,1.0,0.0
36,All,1,5,1,3,1,0,3,2,0,3,,1.0,0.0
36,All,2,3,1,1,1,1,1,1,1,1,1.0,,
36,All,2,3,1,2,2,0,1,2,0,1,,0.0,0.0
36,All,2,3,1,3,3,0,2,1,0,2,,1.0,0.0
36,All,3,4,1,3,1,0,2,3,0,2,,1.0,0.0
36,All,3,4,1,2,1,0,2,1,0,2,,0.0,0.0
36,All,3,4,1,1,1,1,1,2,0,1,0.0,,
36,All,3,4,1,4,3,0,2,3,0,2,,0.0,0.0
36,All,4,2,1,2,1,0,3,1,0,3,,0.0,0.0
36,All,4,2,1,1,2,1,2,2,1,2,1.0,,
36,All,5,2,2,2,1,1,1,1,1,1,1.0,,
36,All,5,2,2,1,2,0,1,1,1,1,,1.0,1.0
36,All,6,2,3,2,1,0,2,2,1,2,,1.0,1.0
36,All,6,2,3,1,1,1,1,1,1,1,1.0,,
36,All,7,6,1,2,1,1,1,3,0,1,0.0,,
36,All,7,6,1,1,2,0,1,1,1,1,,1.0,1.0
36,All,7,6,1,6,3,1,3,3,1,3,1.0,,
36,All,7,6,1,4,2,1,2,2,1,2,1.0,,
36,All,7,6,1,5,2,0,3,2,0,3,,0.0,0.0
36,All,7,6,1,3,1,0,2,1,0,2,,0.0,0.0
36,All,8,3,2,2,1,0,2,2,1,2,,1.0,1.0
36,All,8,3,2,1,1,1,1,2,0,1,0.0,,
36,All,8,3,2,3,3,1,3,2,0,3,0.0,,
36,All,9,5,2,4,1,0,3,3,1,3,,1.0,1.0
36,All,9,5,2,5,1,0,3,2,0,3,,1.0,0.0
36,All,9,5,2,3,1,1,1,1,1,1,1.0,,
36,All,9,5,2,2,1,1,1,1,1,1,1.0,,
36,All,9,5,2,1,2,0,1,3,0,1,,1.0,0.0
36,All,10,4,2,2,1,1,1,1,1,1,1.0,,
36,All,10,4,2,1,1,1,1,1,1,1,1.0,,
36,All,10,4,2,4,1,0,3,2,0,3,,1.0,0.0
36,All,10,4,2,3,1,0,3,3,1,3,,1.0,1.0
36,All,11,6,2,1,1,1,1,1,1,1,1.0,,
36,All,11,6,2,4,2,1,2,1,0,2,0.0,,
36,All,11,6,2,3,3,0,2,2,1,2,,1.0,1.0
36,All,11,6,2,6,1,0,3,1,0,3,,0.0,0.0
36,All,11,6,2,5,3,1,3,2,0,3,0.0,,
36,All,12,5,3,2,1,1,1,1,1,1,1.0,,
36,All,12,5,3,5,2,0,3,3,1,3,,1.0,1.0
36,All,12,5,3,4,1,0,2,2,1,2,,1.0,1.0
36,All,12,5,3,3,1,0,2,2,1,2,,1.0,1.0
36,All,12,5,3,1,3,0,1,3,0,1,,0.0,0.0
36,All,13,3,3,2,1,0,2,2,1,2,,1.0,1.0
36,All,13,3,3,3,1,0,3,2,0,3,,1.0,0.0
36,All,13,3,3,1,1,1,1,1,1,1,1.0,,
36,All,14,4,3,2,1,0,2,3,0,2,,1.0,0.0
36,All,14,4,3,4,2,0,3,1,0,3,,1.0,0.0
36,All,14,4,3,3,1,0,2,2,1,2,,1.0,1.0
36,All,14,4,3,1,1,1,1,1,1,1,1.0,,
36,All,15,2,4,1,1,1,1,2,0,1,0.0,,
36,All,15,2,4,2,1,0,3,1,0,3,,0.0,0.0
36,All,16,2,5,2,1,0,3,3,1,3,,1.0,1.0
36,All,16,2,5,1,1,0,2,2,1,2,,1.0,1.0
36,All,17,2,6,2,1,0,3,1,0,3,,0.0,0.0
36,All,17,2,6,1,2,1,2,2,1,2,1.0,,
36,All,18,6,3,3,1,0,2,2,1,2,,1.0,1.0
36,All,18,6,3,5,1,0,3,2,0,3,,1.0,0.0
36,All,18,6,3,4,1,0,2,1,0,2,,0.0,0.0
36,All,18,6,3,2,2,0,1,3,0,1,,1.0,0.0
37,All,1,3,1,1,2,0,1,1,1,1,,1.0,1.0
37,All,1,3,1,2,2,1,2,1,0,2,0.0,,
37,All,1,3,1,3,3,1,3,3,1,3,1.0,,
37,All,2,2,1,1,1,0,2,3,0,2,,1.0,0.0
37,All,2,2,1,2,2,0,3,2,0,3,,0.0,0.0
37,All,3,5,1,3,2,1,2,2,1,2,1.0,,
37,All,3,5,1,4,3,0,2,3,0,2,,0.0,0.0
37,All,3,5,1,5,2,0,3,3,1,3,,1.0,1.0
37,All,3,5,1,1,1,1,1,1,1,1,1.0,,
37,All,4,2,2,2,2,0,1,3,0,1,,1.0,0.0
37,All,4,2,2,1,2,0,1,1,1,1,,1.0,1.0
37,All,5,4,1,1,1,1,1,1,1,1,1.0,,
37,All,5,4,1,2,1,0,2,3,0,2,,1.0,0.0
37,All,5,4,1,4,2,0,3,3,1,3,,1.0,1.0
37,All,5,4,1,3,3,0,2,2,1,2,,1.0,1.0
37,All,6,3,2,2,1,0,3,2,0,3,,1.0,0.0
37,All,6,3,2,3,2,0,3,3,1,3,,1.0,1.0
37,All,7,2,3,1,1,1,1,1,1,1,1.0,,
37,All,7,2,3,2,2,1,2,2,1,2,1.0,,
37,All,8,6,1,3,1,0,2,2,1,2,,1.0,1.0
37,All,8,6,1,2,2,1,2,2,1,2,1.0,,
37,All,8,6,1,5,3,1,3,3,1,3,1.0,,
37,All,8,6,1,6,3,1,3,3,1,3,1.0,,
37,All,8,6,1,1,1,1,1,3,0,1,0.0,,
37,All,8,6,1,4,2,1,2,2,1,2,1.0,,
37,All,9,4,2,4,1,0,3,2,0,3,,1.0,0.0
37,All,9,4,2,2,3,0,1,2,0,1,,1.0,0.0
37,All,9,4,2,3,3,1,3,3,1,3,1.0,,
37,All,9,4,2,1,3,0,1,1,1,1,,1.0,1.0
37,All,10,5,2,4,1,0,3,1,0,3,,0.0,0.0
37,All,10,5,2,5,2,0,3,3,1,3,,1.0,1.0
37,All,10,5,2,1,3,0,1,1,1,1,,1.0,1.0
37,All,10,5,2,3,1,0,3,2,0,3,,1.0,0.0
37,All,10,5,2,2,1,0,2,2,1,2,,1.0,1.0
37,All,11,6,2,2,2,0,1,3,0,1,,1.0,0.0
37,All,11,6,2,6,1,0,3,1,0,3,,0.0,0.0
37,All,11,6,2,3,1,0,2,1,0,2,,0.0,0.0
37,All,11,6,2,1,1,1,1,1,1,1,1.0,,
37,All,11,6,2,5,2,0,3,3,1,3,,1.0,1.0
37,All,12,3,3,1,1,1,1,3,0,1,0.0,,
37,All,12,3,3,3,2,1,2,2,1,2,1.0,,
37,All,12,3,3,2,2,0,1,1,1,1,,1.0,1.0
37,All,13,2,4,1,1,0,2,2,1,2,,1.0,1.0
37,All,13,2,4,2,1,0,3,2,0,3,,1.0,0.0
37,All,14,5,3,3,2,0,1,3,0,1,,1.0,0.0
37,All,14,5,3,5,1,0,3,2,0,3,,1.0,0.0
37,All,14,5,3,1,1,1,1,1,1,1,1.0,,
37,All,14,5,3,4,1,0,3,2,0,3,,1.0,0.0
37,All,14,5,3,2,1,1,1,1,1,1,1.0,,
37,All,15,2,5,2,1,0,3,3,1,3,,1.0,1.0
37,All,15,2,5,1,1,0,2,2,1,2,,1.0,1.0
37,All,16,4,3,1,1,1,1,1,1,1,1.0,,
37,All,16,4,3,2,2,1,2,2,1,2,1.0,,
37,All,16,4,3,4,3,0,2,1,0,2,,1.0,0.0
37,All,16,4,3,3,3,0,2,2,1,2,,1.0,1.0
37,All,17,3,4,2,1,0,2,2,1,2,,1.0,1.0
37,All,17,3,4,1,3,0,1,2,0,1,,1.0,0.0
37,All,17,3,4,3,3,1,3,3,1,3,1.0,,
37,All,18,2,6,1,1,1,1,1,1,1,1.0,,
37,All,18,2,6,2,2,0,3,1,0,3,,1.0,0.0
38,All,1,2,1,2,2,0,3,1,0,3,,1.0,0.0
38,All,1,2,1,1,2,1,2,2,1,2,1.0,,
38,All,2,2,2,2,2,0,1,1,1,1,,1.0,1.0
38,All,2,2,2,1,2,0,1,3,0,1,,1.0,0.0
38,All,3,3,1,2,2,0,1,1,1,1,,1.0,1.0
38,All,3,3,1,1,2,0,1,3,0,1,,1.0,0.0
38,All,3,3,1,3,2,1,2,2,1,2,1.0,,
38,All,4,3,2,2,2,0,3,2,0,3,,0.0,0.0
38,All,4,3,2,1,2,1,2,2,1,2,1.0,,
38,All,4,3,2,3,1,0,3,2,0,3,,1.0,0.0
38,All,5,5,1,3,2,0,1,1,1,1,,1.0,1.0
38,All,5,5,1,2,2,0,1,1,1,1,,1.0,1.0
38,All,5,5,1,4,2,0,3,1,0,3,,1.0,0.0
38,All,5,5,1,5,2,0,3,2,0,3,,0.0,0.0
38,All,5,5,1,1,2,0,1,1,1,1,,1.0,1.0
38,All,6,6,1,1,2,0,1,1,1,1,,1.0,1.0
38,All,6,6,1,5,2,0,3,1,0,3,,1.0,0.0
38,All,6,6,1,6,2,0,3,1,0,3,,1.0,0.0
38,All,6,6,1,2,1,0,2,2,1,2,,1.0,1.0
38,All,6,6,1,3,2,1,2,2,1,2,1.0,,
38,All,6,6,1,4,3,0,2,1,0,2,,1.0,0.0
38,All,7,4,1,3,2,0,3,1,0,3,,1.0,0.0
38,All,7,4,1,4,2,0,3,1,0,3,,1.0,0.0
38,All,7,4,1,2,2,0,1,1,1,1,,1.0,1.0
38,All,7,4,1,1,1,1,1,1,1,1,1.0,,
38,All,8,2,3,2,2,0,3,1,0,3,,1.0,0.0
38,All,8,2,3,1,1,1,1,1,1,1,1.0,,
38,All,9,5,2,5,2,0,3,1,0,3,,1.0,0.0
38,All,9,5,2,1,2,0,1,1,1,1,,1.0,1.0
38,All,9,5,2,3,2,0,3,1,0,3,,1.0,0.0
38,All,9,5,2,4,2,0,3,1,0,3,,1.0,0.0
38,All,9,5,2,2,2,1,2,2,1,2,1.0,,
38,All,10,6,2,5,2,0,3,1,0,3,,1.0,0.0
38,All,10,6,2,4,2,1,2,2,1,2,1.0,,
38,All,10,6,2,6,2,0,3,1,0,3,,1.0,0.0
38,All,10,6,2,3,2,1,2,1,0,2,0.0,,
38,All,10,6,2,2,1,1,1,1,1,1,1.0,,
38,All,10,6,2,1,2,0,1,3,0,1,,1.0,0.0
38,All,11,4,2,4,2,0,3,2,0,3,,0.0,0.0
38,All,11,4,2,2,2,1,2,2,1,2,1.0,,
38,All,11,4,2,1,2,0,1,1,1,1,,1.0,1.0
38,All,11,4,2,3,2,1,2,2,1,2,1.0,,
38,All,12,2,4,2,2,0,3,1,0,3,,1.0,0.0
38,All,12,2,4,1,2,1,2,2,1,2,1.0,,
38,All,13,2,5,1,2,1,2,2,1,2,1.0,,
38,All,13,2,5,2,1,0,3,2,0,3,,1.0,0.0
38,All,14,3,3,1,2,0,1,1,1,1,,1.0,1.0
38,All,14,3,3,2,2,1,2,2,1,2,1.0,,
38,All,14,3,3,3,3,1,3,3,1,3,1.0,,
38,All,15,3,4,2,2,1,2,2,1,2,1.0,,
38,All,15,3,4,3,1,0,3,3,1,3,,1.0,1.0
38,All,15,3,4,1,2,0,1,1,1,1,,1.0,1.0
38,All,16,5,3,2,2,0,1,2,0,1,,0.0,0.0
38,All,16,5,3,4,2,1,2,2,1,2,1.0,,
38,All,16,5,3,3,1,0,2,2,1,2,,1.0,1.0
38,All,16,5,3,5,2,0,3,1,0,3,,1.0,0.0
38,All,16,5,3,1,1,1,1,1,1,1,1.0,,
38,All,17,6,3,1,2,0,1,1,1,1,,1.0,1.0
38,All,17,6,3,6,2,0,3,1,0,3,,1.0,0.0
38,All,17,6,3,3,2,1,2,2,1,2,1.0,,
38,All,17,6,3,4,1,0,2,2,1,2,,1.0,1.0
38,All,17,6,3,5,1,0,3,2,0,3,,1.0,0.0
38,All,17,6,3,2,3,0,1,1,1,1,,1.0,1.0
38,All,18,4,3,1,2,0,1,1,1,1,,1.0,1.0
38,All,18,4,3,2,2,1,2,2,1,2,1.0,,
38,All,18,4,3,3,2,1,2,2,1,2,1.0,,
38,All,18,4,3,4,1,0,2,2,1,2,,1.0,1.0
39,All,1,2,1,2,2,0,3,1,0,3,,1.0,0.0
39,All,1,2,1,1,1,0,2,2,1,2,,1.0,1.0
39,All,2,3,1,2,2,1,2,2,1,2,1.0,,
39,All,2,3,1,3,1,0,3,3,1,3,,1.0,1.0
39,All,2,3,1,1,3,0,1,1,1,1,,1.0,1.0
39,All,3,2,2,2,1,1,1,1,1,1,1.0,,
39,All,4,6,1,3,2,1,2,1,0,2,0.0,,
39,All,4,6,1,1,1,1,1,1,1,1,1.0,,
39,All,4,6,1,5,3,1,3,3,1,3,1.0,,
39,All,4,6,1,2,1,0,2,2,1,2,,1.0,1.0
39,All,4,6,1,4,3,0,2,2,1,2,,1.0,1.0
39,All,4,6,1,6,1,0,3,1,0,3,,0.0,0.0
39,All,5,3,2,2,3,0,2,2,1,2,,1.0,1.0
39,All,6,2,3,2,1,0,3,2,0,3,,1.0,0.0
39,All,7,5,1,3,2,0,1,3,0,1,,1.0,0.0
39,All,7,5,1,5,1,0,3,1,0,3,,0.0,0.0
39,All,7,5,1,2,2,0,1,2,0,1,,0.0,0.0
39,All,7,5,1,4,2,0,3,3,1,3,,1.0,1.0
39,All,8,4,1,3,2,0,3,1,0,3,,1.0,0.0
39,All,8,4,1,1,2,0,1,3,0,1,,1.0,0.0
39,All,8,4,1,4,3,1,3,3,1,3,1.0,,
39,All,8,4,1,2,3,0,1,1,1,1,,1.0,1.0
39,All,9,6,2,2,2,0,1,1,1,1,,1.0,1.0
39,All,9,6,2,1,3,0,1,1,1,1,,1.0,1.0
39,All,9,6,2,5,3,1,3,3,1,3,1.0,,
39,All,9,6,2,6,2,0,3,1,0,3,,1.0,0.0
39,All,9,6,2,3,2,1,2,2,1,2,1.0,,
39,All,9,6,2,4,1,0,2,3,0,2,,1.0,0.0
39,All,10,4,2,3,2,1,2,2,1,2,1.0,,
39,All,10,4,2,2,1,0,2,3,0,2,,1.0,0.0
39,All,10,4,2,4,3,0,2,1,0,2,,1.0,0.0
39,All,10,4,2,1,1,1,1,1,1,1,1.0,,
39,All,11,5,2,5,2,0,3,3,1,3,,1.0,1.0
39,All,11,5,2,3,3,0,2,3,0,2,,0.0,0.0
39,All,11,5,2,2,1,1,1,1,1,1,1.0,,
39,All,11,5,2,4,2,1,2,1,0,2,0.0,,
39,All,11,5,2,1,2,0,1,1,1,1,,1.0,1.0
39,All,12,2,4,2,2,1,2,2,1,2,1.0,,
39,All,12,2,4,1,1,1,1,1,1,1,1.0,,
39,All,13,3,3,3,2,1,2,2,1,2,1.0,,
39,All,13,3,3,1,3,0,1,1,1,1,,1.0,1.0
39,All,13,3,3,2,3,0,1,1,1,1,,1.0,1.0
39,All,14,2,5,1,1,0,2,2,1,2,,1.0,1.0
39,All,14,2,5,2,1,0,3,2,0,3,,1.0,0.0
39,All,15,6,3,5,2,0,3,2,0,3,,0.0,0.0
39,All,15,6,3,3,2,1,2,1,0,2,0.0,,
39,All,15,6,3,2,1,1,1,3,0,1,0.0,,
39,All,15,6,3,6,3,1,3,3,1,3,1.0,,
39,All,15,6,3,4,1,0,2,1,0,2,,0.0,0.0
39,All,15,6,3,1,3,0,1,2,0,1,,1.0,0.0
39,All,16,3,4,2,1,0,3,2,0,3,,1.0,0.0
39,All,16,3,4,3,1,0,3,2,0,3,,1.0,0.0
39,All,16,3,4,1,3,0,2,2,1,2,,1.0,1.0
39,All,17,2,6,1,1,1,1,1,1,1,1.0,,
39,All,17,2,6,2,3,1,3,3,1,3,1.0,,
39,All,18,5,3,1,2,0,1,1,1,1,,1.0,1.0
39,All,18,5,3,4,3,1,3,3,1,3,1.0,,
39,All,18,5,3,2,3,0,2,2,1,2,,1.0,1.0
40,All,1,3,1,2,2,0,3,3,1,3,,1.0,1.0
40,All,1,3,1,1,2,1,2,2,1,2,1.0,,
40,All,1,3,1,3,1,0,3,2,0,3,,1.0,0.0
40,All,2,6,1,5,2,0,3,2,0,3,,0.0,0.0
40,All,2,6,1,3,2,1,2,3,0,2,0.0,,
40,All,2,6,1,1,2,0,1,2,0,1,,0.0,0.0
40,All,2,6,1,6,2,0,3,1,0,3,,1.0,0.0
40,All,2,6,1,4,3,0,2,1,0,2,,1.0,0.0
40,All,2,6,1,2,2,1,2,2,1,2,1.0,,
40,All,3,2,1,2,2,0,3,3,1,3,,1.0,1.0
40,All,3,2,1,1,2,1,2,2,1,2,1.0,,
40,All,4,2,2,1,3,0,1,2,0,1,,1.0,0.0
40,All,4,2,2,2,1,1,1,1,1,1,1.0,,
40,All,5,2,3,1,1,0,2,3,0,2,,1.0,0.0
40,All,5,2,3,2,1,0,3,3,1,3,,1.0,1.0
40,All,6,4,1,3,2,1,2,2,1,2,1.0,,
40,All,6,4,1,2,2,1,2,2,1,2,1.0,,
40,All,6,4,1,1,2,0,1,3,0,1,,1.0,0.0
40,All,6,4,1,4,1,0,2,3,0,2,,1.0,0.0
40,All,7,3,2,3,2,0,3,3,1,3,,1.0,1.0
40,All,7,3,2,1,2,0,1,3,0,1,,1.0,0.0
40,All,7,3,2,2,2,1,2,2,1,2,1.0,,
40,All,8,5,1,4,2,1,2,2,1,2,1.0,,
40,All,8,5,1,3,2,1,2,2,1,2,1.0,,
40,All,8,5,1,2,2,0,1,3,0,1,,1.0,0.0
40,All,8,5,1,1,2,0,1,1,1,1,,1.0,1.0
40,All,8,5,1,5,2,0,3,3,1,3,,1.0,1.0
40,All,9,6,2,6,2,0,3,3,1,3,,1.0,1.0
40,All,9,6,2,1,2,0,1,1,1,1,,1.0,1.0
40,All,9,6,2,2,2,0,1,3,0,1,,1.0,0.0
40,All,9,6,2,3,2,1,2,2,1,2,1.0,,
40,All,9,6,2,4,1,0,2,1,0,2,,0.0,0.0
40,All,9,6,2,5,2,0,3,3,1,3,,1.0,1.0
40,All,10,5,2,4,2,0,3,2,0,3,,0.0,0.0
40,All,10,5,2,2,2,1,2,2,1,2,1.0,,
40,All,10,5,2,5,3,1,3,3,1,3,1.0,,
40,All,10,5,2,3,1,0,3,3,1,3,,1.0,1.0
40,All,10,5,2,1,1,1,1,1,1,1,1.0,,
40,All,11,4,2,4,2,0,3,3,1,3,,1.0,1.0
40,All,11,4,2,1,2,0,1,3,0,1,,1.0,0.0
40,All,11,4,2,2,2,1,2,2,1,2,1.0,,
40,All,11,4,2,3,1,0,2,3,0,2,,1.0,0.0
40,All,12,3,3,3,2,0,3,3,1,3,,1.0,1.0
40,All,12,3,3,1,2,0,1,3,0,1,,1.0,0.0
40,All,12,3,3,2,3,0,2,2,1,2,,1.0,1.0
40,All,13,6,3,1,2,0,1,3,0,1,,1.0,0.0
40,All,13,6,3,2,2,0,1,3,0,1,,1.0,0.0
40,All,13,6,3,4,2,1,2,2,1,2,1.0,,
40,All,13,6,3,6,2,0,3,3,1,3,,1.0,1.0
40,All,13,6,3,3,3,0,2,2,1,2,,1.0,1.0
40,All,14,2,4,1,1,1,1,1,1,1,1.0,,
40,All,14,2,4,2,3,0,2,2,1,2,,1.0,1.0
40,All,15,2,5,2,2,0,3,3,1,3,,1.0,1.0
40,All,15,2,5,1,1,1,1,1,1,1,1.0,,
40,All,16,2,6,1,2,1,2,2,1,2,1.0,,
40,All,16,2,6,2,3,1,3,3,1,3,1.0,,
40,All,17,4,3,4,2,0,3,3,1,3,,1.0,1.0
40,All,17,4,3,1,2,0,1,3,0,1,,1.0,0.0
40,All,17,4,3,2,2,0,1,3,0,1,,1.0,0.0
40,All,17,4,3,3,2,0,3,2,0,3,,0.0,0.0
40,All,18,3,4,2,2,0,1,3,0,1,,1.0,0.0
40,All,18,3,4,3,2,1,2,2,1,2,1.0,,
40,All,18,3,4,1,3,0,1,1,1,1,,1.0,1.0
41,All,1,3,1,2,2,0,3,1,0,3,,1.0,0.0
41,All,1,3,1,1,2,1,2,2,1,2,1.0,,
41,All,2,2,1,2,2,0,3,1,0,3,,1.0,0.0
41,All,3,6,1,1,3,0,1,2,0,1,,1.0,0.0
41,All,3,6,1,4,3,0,2,3,0,2,,0.0,0.0
41,All,3,6,1,6,3,1,3,3,1,3,1.0,,
41,All,3,6,1,5,2,0,3,2,0,3,,0.0,0.0
41,All,3,6,1,3,2,1,2,3,0,2,0.0,,
41,All,4,2,2,1,3,0,1,1,1,1,,1.0,1.0
41,All,4,2,2,2,2,0,1,3,0,1,,1.0,0.0
41,All,5,5,1,2,3,0,1,3,0,1,,0.0,0.0
41,All,5,5,1,1,1,1,1,1,1,1,1.0,,
41,All,5,5,1,4,3,0,2,2,1,2,,1.0,1.0
41,All,5,5,1,3,1,0,2,1,0,2,,0.0,0.0
41,All,6,3,2,1,3,0,1,1,1,1,,1.0,1.0
41,All,6,3,2,2,3,0,2,3,0,2,,0.0,0.0
41,All,7,2,3,2,2,0,3,1,0,3,,1.0,0.0
41,All,7,2,3,1,1,0,2,2,1,2,,1.0,1.0
41,All,8,4,1,3,2,1,2,2,1,2,1.0,,
41,All,8,4,1,1,1,1,1,1,1,1,1.0,,
41,All,8,4,1,4,3,0,2,1,0,2,,1.0,0.0
41,All,8,4,1,2,3,0,2,2,1,2,,1.0,1.0
41,All,9,6,2,3,2,1,2,2,1,2,1.0,,
41,All,9,6,2,1,2,0,1,1,1,1,,1.0,1.0
41,All,9,6,2,5,2,0,3,1,0,3,,1.0,0.0
41,All,9,6,2,4,1,0,2,3,0,2,,1.0,0.0
41,All,9,6,2,2,3,0,1,1,1,1,,1.0,1.0
41,All,9,6,2,6,3,1,3,3,1,3,1.0,,
41,All,10,5,2,5,3,1,3,1,0,3,0.0,,
41,All,10,5,2,2,1,1,1,1,1,1,1.0,,
41,All,10,5,2,3,2,0,1,3,0,1,,1.0,0.0
41,All,10,5,2,4,2,0,3,2,0,3,,0.0,0.0
41,All,10,5,2,1,2,0,1,1,1,1,,1.0,1.0
41,All,11,4,2,1,2,0,1,1,1,1,,1.0,1.0
41,All,11,4,2,3,2,0,3,2,0,3,,0.0,0.0
41,All,11,4,2,4,3,1,3,3,1,3,1.0,,
41,All,12,3,3,1,3,0,1,1,1,1,,1.0,1.0
41,All,12,3,3,2,3,0,1,3,0,1,,0.0,0.0
41,All,12,3,3,3,2,1,2,2,1,2,1.0,,
41,All,13,2,4,2,3,1,3,3,1,3,1.0,,
41,All,13,2,4,1,1,0,2,2,1,2,,1.0,1.0
41,All,14,6,3,3,3,0,2,1,0,2,,1.0,0.0
41,All,14,6,3,5,3,1,3,1,0,3,0.0,,
41,All,14,6,3,4,1,0,2,3,0,2,,1.0,0.0
41,All,14,6,3,1,1,1,1,1,1,1,1.0,,
41,All,14,6,3,2,2,1,2,2,1,2,1.0,,
41,All,15,2,5,2,2,0,3,3,1,3,,1.0,1.0
41,All,15,2,5,1,1,1,1,1,1,1,1.0,,
41,All,16,5,3,2,3,0,2,3,0,2,,0.0,0.0
41,All,16,5,3,3,1,0,3,1,0,3,,0.0,0.0
41,All,16,5,3,1,2,0,1,3,0,1,,1.0,0.0
41,All,16,5,3,5,3,1,3,3,1,3,1.0,,
41,All,16,5,3,4,1,0,3,3,1,3,,1.0,1.0
41,All,17,3,4,2,3,0,2,2,1,2,,1.0,1.0
41,All,17,3,4,1,3,0,1,1,1,1,,1.0,1.0
41,All,17,3,4,3,2,0,3,3,1,3,,1.0,1.0
41,All,18,2,6,2,1,0,2,2,1,2,,1.0,1.0
41,All,18,2,6,1,1,1,1,1,1,1,1.0,,
42,All,1,2,1,2,3,1,3,3,1,3,1.0,,
42,All,1,2,1,1,3,0,2,2,1,2,,1.0,1.0
42,All,2,2,2,2,3,0,1,2,0,1,,1.0,0.0
42,All,2,2,2,1,3,0,1,2,0,1,,1.0,0.0
42,All,3,3,1,1,3,0,1,2,0,1,,1.0,0.0
42,All,3,3,1,2,3,0,1,1,1,1,,1.0,1.0
42,All,3,3,1,3,3,0,2,2,1,2,,1.0,1.0
42,All,4,3,2,2,3,0,2,2,1,2,,1.0,1.0
42,All,4,3,2,1,3,0,1,3,0,1,,0.0,0.0
42,All,4,3,2,3,3,1,3,3,1,3,1.0,,
42,All,5,6,1,1,3,0,1,2,0,1,,1.0,0.0
42,All,5,6,1,4,3,0,2,2,1,2,,1.0,1.0
42,All,5,6,1,6,3,1,3,3,1,3,1.0,,
42,All,5,6,1,3,1,0,2,2,1,2,,1.0,1.0
42,All,5,6,1,5,1,0,3,1,0,3,,0.0,0.0
42,All,5,6,1,2,2,0,1,1,1,1,,1.0,1.0
42,All,6,4,1,1,3,0,1,2,0,1,,1.0,0.0
42,All,6,4,1,3,3,0,2,1,0,2,,1.0,0.0
42,All,6,4,1,4,3,1,3,3,1,3,1.0,,
42,All,6,4,1,2,1,0,2,3,0,2,,1.0,0.0
42,All,7,5,1,2,3,0,1,2,0,1,,1.0,0.0
42,All,7,5,1,3,3,0,2,2,1,2,,1.0,1.0
42,All,7,5,1,4,3,0,2,1,0,2,,1.0,0.0
42,All,7,5,1,5,3,1,3,3,1,3,1.0,,
42,All,8,2,3,1,3,0,1,2,0,1,,1.0,0.0
42,All,8,2,3,2,2,1,2,2,1,2,1.0,,
42,All,9,4,2,4,3,1,3,3,1,3,1.0,,
42,All,9,4,2,2,2,0,1,1,1,1,,1.0,1.0
42,All,9,4,2,1,2,0,1,1,1,1,,1.0,1.0
42,All,9,4,2,3,2,0,3,1,0,3,,1.0,0.0
42,All,10,6,2,4,3,0,2,3,0,2,,0.0,0.0
42,All,10,6,2,3,3,0,2,2,1,2,,1.0,1.0
42,All,10,6,2,2,3,0,1,2,0,1,,1.0,0.0
42,All,10,6,2,1,3,0,1,1,1,1,,1.0,1.0
42,All,10,6,2,6,3,1,3,3,1,3,1.0,,
42,All,11,5,2,4,3,1,3,3,1,3,1.0,,
42,All,11,5,2,3,2,0,1,3,0,1,,1.0,0.0
42,All,11,5,2,1,2,0,1,1,1,1,,1.0,1.0
42,All,11,5,2,5,2,0,3,1,0,3,,1.0,0.0
42,All,11,5,2,2,2,0,1,1,1,1,,1.0,1.0
42,All,12,2,4,2,3,1,3,3,1,3,1.0,,
42,All,12,2,4,1,2,1,2,2,1,2,1.0,,
42,All,13,2,5,1,2,1,2,2,1,2,1.0,,
42,All,13,2,5,2,3,1,3,3,1,3,1.0,,
42,All,14,3,3,3,3,1,3,3,1,3,1.0,,
42,All,14,3,3,2,2,0,3,1,0,3,,1.0,0.0
42,All,14,3,3,1,2,1,2,2,1,2,1.0,,
42,All,15,3,4,3,3,1,3,3,1,3,1.0,,
42,All,15,3,4,2,2,1,2,2,1,2,1.0,,
42,All,15,3,4,1,3,0,1,1,1,1,,1.0,1.0
42,All,16,6,3,2,3,0,2,1,0,2,,1.0,0.0
42,All,16,6,3,5,3,1,3,3,1,3,1.0,,
42,All,16,6,3,6,3,1,3,3,1,3,1.0,,
42,All,16,6,3,3,2,1,2,1,0,2,0.0,,
42,All,16,6,3,4,2,1,2,2,1,2,1.0,,
42,All,16,6,3,1,1,1,1,1,1,1,1.0,,
42,All,17,4,3,3,3,0,2,2,1,2,,1.0,1.0
42,All,17,4,3,2,3,0,2,2,1,2,,1.0,1.0
42,All,17,4,3,1,1,1,1,1,1,1,1.0,,
42,All,17,4,3,4,1,0,2,3,0,2,,1.0,0.0
42,All,18,5,3,1,3,0,1,2,0,1,,1.0,0.0
42,All,18,5,3,3,3,1,3,3,1,3,1.0,,
42,All,18,5,3,2,2,1,2,2,1,2,1.0,,
42,All,18,5,3,5,2,0,3,3,1,3,,1.0,1.0
42,All,18,5,3,4,2,0,3,2,0,3,,0.0,0.0
43,All,1,2,1,2,1,0,3,2,0,3,,1.0,0.0
43,All,1,2,1,1,1,0,2,2,1,2,,1.0,1.0
43,All,2,3,1,2,1,0,3,2,0,3,,1.0,0.0
43,All,2,3,1,1,1,0,2,2,1,2,,1.0,1.0
43,All,2,3,1,3,1,0,3,1,0,3,,0.0,0.0
43,All,3,2,2,1,1,1,1,1,1,1,1.0,,
43,All,3,2,2,2,2,0,1,1,1,1,,1.0,1.0
43,All,4,4,1,3,1,0,2,2,1,2,,1.0,1.0
43,All,4,4,1,2,1,0,2,2,1,2,,1.0,1.0
43,All,4,4,1,1,1,1,1,1,1,1,1.0,,
43,All,4,4,1,4,1,0,2,2,1,2,,1.0,1.0
43,All,5,3,2,1,1,1,1,1,1,1,1.0,,
43,All,5,3,2,2,2,1,2,2,1,2,1.0,,
43,All,5,3,2,3,3,1,3,3,1,3,1.0,,
43,All,6,2,3,1,1,0,2,2,1,2,,1.0,1.0
43,All,6,2,3,2,1,0,3,2,0,3,,1.0,0.0
43,All,7,6,1,4,1,0,2,2,1,2,,1.0,1.0
43,All,7,6,1,6,1,0,3,2,0,3,,1.0,0.0
43,All,7,6,1,5,1,0,3,1,0,3,,0.0,0.0
43,All,7,6,1,2,1,1,1,2,0,1,0.0,,
43,All,7,6,1,3,2,1,2,2,1,2,1.0,,
43,All,7,6,1,1,3,0,1,2,0,1,,1.0,0.0
43,All,8,5,1,5,1,0,3,2,0,3,,1.0,0.0
43,All,8,5,1,4,1,0,3,2,0,3,,1.0,0.0
43,All,8,5,1,3,1,0,3,2,0,3,,1.0,0.0
43,All,8,5,1,2,1,0,2,2,1,2,,1.0,1.0
43,All,8,5,1,1,2,0,1,3,0,1,,1.0,0.0
43,All,9,4,2,2,1,1,1,1,1,1,1.0,,
43,All,9,4,2,4,1,0,3,2,0,3,,1.0,0.0
43,All,9,4,2,1,1,1,1,1,1,1,1.0,,
43,All,9,4,2,3,1,0,3,2,0,3,,1.0,0.0
43,All,10,6,2,5,1,0,3,2,0,3,,1.0,0.0
43,All,10,6,2,2,1,0,2,2,1,2,,1.0,1.0
43,All,10,6,2,6,1,0,3,2,0,3,,1.0,0.0
43,All,10,6,2,1,1,1,1,1,1,1,1.0,,
43,All,10,6,2,4,1,0,2,2,1,2,,1.0,1.0
43,All,10,6,2,3,1,0,2,1,0,2,,0.0,0.0
43,All,11,5,2,1,1,1,1,1,1,1,1.0,,
43,All,11,5,2,5,1,0,3,2,0,3,,1.0,0.0
43,All,11,5,2,3,1,0,2,2,1,2,,1.0,1.0
43,All,11,5,2,2,1,1,1,1,1,1,1.0,,
43,All,11,5,2,4,2,1,2,2,1,2,1.0,,
43,All,12,2,4,2,1,0,3,2,0,3,,1.0,0.0
43,All,12,2,4,1,1,1,1,1,1,1,1.0,,
43,All,13,3,3,1,1,1,1,1,1,1,1.0,,
43,All,13,3,3,3,1,0,3,2,0,3,,1.0,0.0
43,All,13,3,3,2,1,0,2,2,1,2,,1.0,1.0
43,All,14,2,5,2,1,0,2,2,1,2,,1.0,1.0
43,All,14,2,5,1,1,1,1,1,1,1,1.0,,
43,All,15,4,3,3,1,0,2,2,1,2,,1.0,1.0
43,All,15,4,3,1,1,1,1,1,1,1,1.0,,
43,All,15,4,3,2,1,0,2,1,0,2,,0.0,0.0
43,All,15,4,3,4,1,0,3,1,0,3,,0.0,0.0
43,All,16,3,4,1,1,1,1,1,1,1,1.0,,
43,All,16,3,4,3,1,0,2,2,1,2,,1.0,1.0
43,All,16,3,4,2,3,0,1,2,0,1,,1.0,0.0
43,All,17,2,6,2,1,0,3,2,0,3,,1.0,0.0
43,All,17,2,6,1,1,0,2,2,1,2,,1.0,1.0
43,All,18,6,3,2,1,1,1,1,1,1,1.0,,
43,All,18,6,3,3,1,0,2,2,1,2,,1.0,1.0
43,All,18,6,3,1,1,1,1,1,1,1,1.0,,
43,All,18,6,3,6,1,0,3,3,1,3,,1.0,1.0
43,All,18,6,3,5,1,0,3,2,0,3,,1.0,0.0
43,All,18,6,3,4,2,1,2,2,1,2,1.0,,
44,All,1,3,1,2,1,0,3,2,0,3,,1.0,0.0
44,All,1,3,1,1,1,0,2,2,1,2,,1.0,1.0
44,All,1,3,1,3,3,1,3,3,1,3,1.0,,
44,All,2,4,1,4,2,0,3,3,1,3,,1.0,1.0
44,All,2,4,1,3,2,0,3,3,1,3,,1.0,1.0
44,All,2,4,1,2,2,0,1,1,1,1,,1.0,1.0
44,All,2,4,1,1,1,1,1,1,1,1,1.0,,
44,All,3,2,1,1,2,1,2,2,1,2,1.0,,
44,All,3,2,1,2,2,0,3,3,1,3,,1.0,1.0
44,All,4,2,2,1,2,0,1,1,1,1,,1.0,1.0
44,All,4,2,2,2,3,0,1,2,0,1,,1.0,0.0
44,All,5,2,3,2,2,1,2,2,1,2,1.0,,
44,All,5,2,3,1,3,0,1,1,1,1,,1.0,1.0
44,All,6,5,1,3,2,0,3,3,1,3,,1.0,1.0
44,All,6,5,1,4,2,0,3,3,1,3,,1.0,1.0
44,All,6,5,1,5,2,0,3,1,0,3,,1.0,0.0
44,All,6,5,1,1,2,0,1,3,0,1,,1.0,0.0
44,All,6,5,1,2,2,1,2,2,1,2,1.0,,
44,All,7,3,2,3,2,0,3,3,1,3,,1.0,1.0
44,All,7,3,2,1,2,0,1,1,1,1,,1.0,1.0
44,All,7,3,2,2,2,1,2,2,1,2,1.0,,
44,All,8,6,1,5,2,0,3,1,0,3,,1.0,0.0
44,All,8,6,1,3,3,0,2,2,1,2,,1.0,1.0
44,All,8,6,1,4,2,1,2,2,1,2,1.0,,
44,All,8,6,1,1,2,0,1,1,1,1,,1.0,1.0
44,All,8,6,1,2,2,0,1,3,0,1,,1.0,0.0
44,All,8,6,1,6,2,0,3,3,1,3,,1.0,1.0
44,All,9,4,2,2,1,0,2,3,0,2,,1.0,0.0
44,All,9,4,2,1,1,1,1,1,1,1,1.0,,
44,All,9,4,2,3,1,0,2,2,1,2,,1.0,1.0
44,All,9,4,2,4,3,1,3,3,1,3,1.0,,
44,All,10,6,2,4,2,1,2,2,1,2,1.0,,
44,All,10,6,2,3,2,1,2,2,1,2,1.0,,
44,All,10,6,2,6,2,0,3,3,1,3,,1.0,1.0
44,All,10,6,2,5,2,0,3,3,1,3,,1.0,1.0
44,All,10,6,2,2,2,0,1,1,1,1,,1.0,1.0
44,All,10,6,2,1,2,0,1,1,1,1,,1.0,1.0
44,All,11,5,2,4,2,0,3,1,0,3,,1.0,0.0
44,All,11,5,2,3,2,0,1,3,0,1,,1.0,0.0
44,All,11,5,2,1,2,0,1,1,1,1,,1.0,1.0
44,All,11,5,2,5,2,0,3,3,1,3,,1.0,1.0
44,All,11,5,2,2,2,0,1,1,1,1,,1.0,1.0
44,All,12,3,3,1,2,0,1,1,1,1,,1.0,1.0
44,All,12,3,3,2,2,0,1,3,0,1,,1.0,0.0
44,All,12,3,3,3,2,1,2,2,1,2,1.0,,
44,All,13,4,3,3,2,1,2,2,1,2,1.0,,
44,All,13,4,3,2,2,1,2,2,1,2,1.0,,
44,All,13,4,3,1,3,0,1,2,0,1,,1.0,0.0
44,All,13,4,3,4,1,0,2,2,1,2,,1.0,1.0
44,All,14,2,4,1,2,1,2,2,1,2,1.0,,
44,All,14,2,4,2,2,0,3,3,1,3,,1.0,1.0
44,All,15,2,5,2,2,0,3,1,0,3,,1.0,0.0
44,All,15,2,5,1,2,1,2,2,1,2,1.0,,
44,All,16,2,6,1,2,0,1,3,0,1,,1.0,0.0
44,All,16,2,6,2,2,0,3,3,1,3,,1.0,1.0
44,All,17,5,3,1,2,0,1,3,0,1,,1.0,0.0
44,All,17,5,3,2,2,0,1,3,0,1,,1.0,0.0
44,All,17,5,3,5,2,0,3,3,1,3,,1.0,1.0
44,All,17,5,3,4,2,1,2,2,1,2,1.0,,
44,All,17,5,3,3,2,1,2,2,1,2,1.0,,
44,All,18,3,4,2,2,1,2,2,1,2,1.0,,
44,All,18,3,4,3,3,1,3,3,1,3,1.0,,
44,All,18,3,4,1,1,1,1,1,1,1,1.0,,
45,All,1,4,1,1,3,0,1,1,1,1,,1.0,1.0
45,All,1,4,1,4,3,1,3,3,1,3,1.0,,
45,All,1,4,1,3,1,0,2,2,1,2,,1.0,1.0
45,All,2,2,1,1,3,0,2,1,0,2,,1.0,0.0
45,All,2,2,1,2,3,1,3,3,1,3,1.0,,
45,All,3,3,1,2,3,0,2,1,0,2,,1.0,0.0
45,All,3,3,1,1,3,0,1,1,1,1,,1.0,1.0
45,All,3,3,1,3,3,1,3,3,1,3,1.0,,
45,All,4,5,1,5,3,1,3,3,1,3,1.0,,
45,All,4,5,1,2,1,1,1,1,1,1,1.0,,
45,All,4,5,1,4,3,0,2,3,0,2,,0.0,0.0
45,All,4,5,1,1,2,0,1,1,1,1,,1.0,1.0
45,All,4,5,1,3,3,0,2,3,0,2,,0.0,0.0
45,All,5,2,2,2,3,0,1,1,1,1,,1.0,1.0
45,All,5,2,2,1,3,0,1,1,1,1,,1.0,1.0
45,All,6,6,1,4,3,0,2,1,0,2,,1.0,0.0
45,All,6,6,1,6,3,1,3,3,1,3,1.0,,
45,All,6,6,1,5,3,1,3,3,1,3,1.0,,
45,All,6,6,1,3,3,0,2,1,0,2,,1.0,0.0
45,All,6,6,1,2,3,0,1,1,1,1,,1.0,1.0
45,All,6,6,1,1,1,1,1,1,1,1,1.0,,
45,All,7,2,3,1,3,0,1,1,1,1,,1.0,1.0
45,All,7,2,3,2,3,1,3,3,1,3,1.0,,
45,All,8,3,2,2,3,0,2,1,0,2,,1.0,0.0
45,All,8,3,2,3,3,1,3,3,1,3,1.0,,
45,All,8,3,2,1,3,0,1,1,1,1,,1.0,1.0
45,All,9,5,2,5,3,1,3,3,1,3,1.0,,
45,All,9,5,2,1,3,0,1,1,1,1,,1.0,1.0
45,All,9,5,2,2,3,0,1,1,1,1,,1.0,1.0
45,All,9,5,2,4,3,1,3,3,1,3,1.0,,
45,All,9,5,2,3,3,0,1,1,1,1,,1.0,1.0
45,All,10,4,2,1,3,0,1,1,1,1,,1.0,1.0
45,All,10,4,2,2,3,0,1,1,1,1,,1.0,1.0
45,All,10,4,2,4,3,1,3,3,1,3,1.0,,
45,All,11,6,2,2,3,0,1,3,0,1,,0.0,0.0
45,All,11,6,2,4,3,0,2,1,0,2,,1.0,0.0
45,All,11,6,2,1,3,0,1,1,1,1,,1.0,1.0
45,All,12,4,3,4,3,0,2,1,0,2,,1.0,0.0
45,All,12,4,3,3,3,0,2,1,0,2,,1.0,0.0
45,All,12,4,3,2,3,0,2,1,0,2,,1.0,0.0
45,All,12,4,3,1,3,0,1,1,1,1,,1.0,1.0
45,All,13,2,4,1,3,0,2,1,0,2,,1.0,0.0
45,All,13,2,4,2,3,1,3,3,1,3,1.0,,
45,All,14,3,3,1,3,0,1,1,1,1,,1.0,1.0
45,All,14,3,3,2,3,0,1,1,1,1,,1.0,1.0
45,All,14,3,3,3,3,0,2,1,0,2,,1.0,0.0
45,All,15,5,3,4,3,1,3,3,1,3,1.0,,
45,All,15,5,3,2,3,0,2,1,0,2,,1.0,0.0
45,All,15,5,3,5,3,1,3,3,1,3,1.0,,
45,All,15,5,3,1,3,0,1,1,1,1,,1.0,1.0
45,All,15,5,3,3,3,1,3,3,1,3,1.0,,
45,All,16,2,5,2,3,1,3,3,1,3,1.0,,
45,All,16,2,5,1,3,0,2,1,0,2,,1.0,0.0
45,All,17,6,3,4,3,0,2,1,0,2,,1.0,0.0
45,All,17,6,3,5,3,1,3,3,1,3,1.0,,
45,All,17,6,3,2,3,0,2,1,0,2,,1.0,0.0
45,All,17,6,3,6,3,1,3,1,0,3,0.0,,
45,All,17,6,3,3,1,0,2,1,0,2,,0.0,0.0
45,All,18,2,6,2,2,1,2,2,1,2,1.0,,
45,All,18,2,6,1,2,0,1,1,1,1,,1.0,1.0
46,All,1,2,1,2,3,1,3,3,1,3,1.0,,
46,All,2,5,1,3,2,1,2,2,1,2,1.0,,
46,All,2,5,1,2,2,0,1,2,0,1,,0.0,0.0
46,All,2,5,1,5,2,0,3,1,0,3,,1.0,0.0
46,All,2,5,1,1,3,0,1,2,0,1,,1.0,0.0
46,All,2,5,1,4,3,0,2,3,0,2,,0.0,0.0
46,All,3,4,1,1,1,1,1,1,1,1,1.0,,
46,All,3,4,1,4,1,0,3,3,1,3,,1.0,1.0
46,All,3,4,1,3,1,0,3,2,0,3,,1.0,0.0
46,All,3,4,1,2,3,0,1,2,0,1,,1.0,0.0
46,All,4,6,1,5,1,0,3,3,1,3,,1.0,1.0
46,All,4,6,1,6,1,0,3,2,0,3,,1.0,0.0
46,All,4,6,1,3,1,0,2,2,1,2,,1.0,1.0
46,All,4,6,1,1,1,1,1,1,1,1,1.0,,
46,All,4,6,1,2,3,0,1,1,1,1,,1.0,1.0
46,All,4,6,1,4,1,0,2,1,0,2,,0.0,0.0
46,All,5,3,1,2,3,1,3,2,0,3,0.0,,
46,All,5,3,1,1,1,0,2,3,0,2,,1.0,0.0
46,All,5,3,1,3,1,0,3,2,0,3,,1.0,0.0
46,All,6,3,2,3,3,0,2,1,0,2,,1.0,0.0
46,All,6,3,2,2,1,1,1,1,1,1,1.0,,
46,All,6,3,2,1,3,0,1,2,0,1,,1.0,0.0
46,All,7,2,2,2,2,0,1,1,1,1,,1.0,1.0
46,All,7,2,2,1,1,1,1,1,1,1,1.0,,
46,All,8,2,3,2,3,1,3,3,1,3,1.0,,
46,All,8,2,3,1,3,0,1,2,0,1,,1.0,0.0
46,All,9,5,2,3,2,0,1,1,1,1,,1.0,1.0
46,All,9,5,2,5,3,1,3,3,1,3,1.0,,
46,All,9,5,2,4,3,1,3,3,1,3,1.0,,
46,All,9,5,2,1,1,1,1,1,1,1,1.0,,
46,All,9,5,2,2,1,1,1,1,1,1,1.0,,
46,All,10,6,2,1,1,1,1,1,1,1,1.0,,
46,All,10,6,2,5,1,0,3,3,1,3,,1.0,1.0
46,All,10,6,2,2,1,1,1,2,0,1,0.0,,
46,All,10,6,2,3,1,0,2,2,1,2,,1.0,1.0
46,All,10,6,2,4,2,1,2,2,1,2,1.0,,
46,All,10,6,2,6,3,1,3,3,1,3,1.0,,
46,All,11,4,2,2,2,1,2,2,1,2,1.0,,
46,All,11,4,2,1,1,1,1,1,1,1,1.0,,
46,All,11,4,2,4,1,0,2,3,0,2,,1.0,0.0
46,All,11,4,2,3,1,0,2,3,0,2,,1.0,0.0
46,All,12,2,4,1,1,1,1,1,1,1,1.0,,
46,All,12,2,4,2,1,0,2,2,1,2,,1.0,1.0
46,All,13,5,3,4,1,0,3,3,1,3,,1.0,1.0
46,All,13,5,3,5,1,0,3,3,1,3,,1.0,1.0
46,All,13,5,3,2,3,0,2,1,0,2,,1.0,0.0
46,All,13,5,3,1,2,0,1,1,1,1,,1.0,1.0
46,All,13,5,3,3,2,0,3,1,0,3,,1.0,0.0
46,All,14,4,3,4,1,0,3,3,1,3,,1.0,1.0
46,All,14,4,3,2,3,0,2,1,0,2,,1.0,0.0
46,All,15,6,3,6,2,0,3,1,0,3,,1.0,0.0
46,All,15,6,3,4,1,0,2,3,0,2,,1.0,0.0
46,All,15,6,3,2,1,0,2,2,1,2,,1.0,1.0
46,All,15,6,3,5,1,0,3,1,0,3,,0.0,0.0
46,All,15,6,3,1,3,0,1,2,0,1,,1.0,0.0
46,All,15,6,3,3,3,0,2,1,0,2,,1.0,0.0
46,All,16,3,3,1,3,0,1,2,0,1,,1.0,0.0
46,All,16,3,3,2,2,1,2,2,1,2,1.0,,
46,All,16,3,3,3,3,1,3,3,1,3,1.0,,
46,All,17,3,4,3,2,0,3,1,0,3,,1.0,0.0
46,All,17,3,4,2,1,0,2,2,1,2,,1.0,1.0
46,All,18,2,5,1,1,0,2,3,0,2,,1.0,0.0
46,All,18,2,5,2,1,0,3,2,0,3,,1.0,0.0
47,All,1,5,1,2,3,0,2,1,0,2,,1.0,0.0
47,All,1,5,1,4,2,0,3,1,0,3,,1.0,0.0
47,All,1,5,1,3,1,0,3,2,0,3,,1.0,0.0
47,All,1,5,1,5,2,0,3,2,0,3,,0.0,0.0
47,All,1,5,1,1,2,0,1,2,0,1,,0.0,0.0
47,All,2,6,1,5,3,1,3,3,1,3,1.0,,
47,All,2,6,1,6,2,0,3,1,0,3,,1.0,0.0
47,All,2,6,1,4,1,0,2,2,1,2,,1.0,1.0
47,All,2,6,1,3,1,0,2,3,0,2,,1.0,0.0
47,All,2,6,1,1,3,0,1,2,0,1,,1.0,0.0
47,All,2,6,1,2,1,1,1,1,1,1,1.0,,
47,All,3,2,1,1,3,0,2,2,1,2,,1.0,1.0
47,All,3,2,1,2,3,1,3,3,1,3,1.0,,
47,All,4,3,1,1,3,0,1,2,0,1,,1.0,0.0
47,All,4,3,1,2,2,0,1,3,0,1,,1.0,0.0
47,All,4,3,1,3,3,0,2,2,1,2,,1.0,1.0
47,All,5,4,1,3,3,1,3,3,1,3,1.0,,
47,All,5,4,1,4,2,0,3,2,0,3,,0.0,0.0
47,All,5,4,1,1,1,1,1,1,1,1,1.0,,
47,All,5,4,1,2,2,0,1,3,0,1,,1.0,0.0
47,All,6,2,2,2,3,0,1,2,0,1,,1.0,0.0
47,All,6,2,2,1,1,1,1,1,1,1,1.0,,
47,All,7,3,2,3,3,1,3,3,1,3,1.0,,
47,All,7,3,2,1,2,0,1,1,1,1,,1.0,1.0
47,All,7,3,2,2,2,1,2,2,1,2,1.0,,
47,All,8,2,3,1,3,0,2,2,1,2,,1.0,1.0
47,All,8,2,3,2,1,0,3,3,1,3,,1.0,1.0
47,All,9,5,2,2,3,0,1,1,1,1,,1.0,1.0
47,All,9,5,2,1,2,0,1,1,1,1,,1.0,1.0
47,All,9,5,2,4,3,0,2,3,0,2,,0.0,0.0
47,All,9,5,2,5,2,0,3,1,0,3,,1.0,0.0
47,All,9,5,2,3,3,0,2,2,1,2,,1.0,1.0
47,All,10,6,2,5,3,1,3,3,1,3,1.0,,
47,All,10,6,2,3,2,1,2,2,1,2,1.0,,
47,All,10,6,2,4,1,0,2,2,1,2,,1.0,1.0
47,All,10,6,2,6,3,1,3,1,0,3,0.0,,
47,All,10,6,2,1,1,1,1,1,1,1,1.0,,
47,All,11,4,2,4,3,0,2,2,1,2,,1.0,1.0
47,All,11,4,2,1,2,0,1,3,0,1,,1.0,0.0
47,All,11,4,2,2,1,0,2,2,1,2,,1.0,1.0
47,All,11,4,2,3,3,0,2,1,0,2,,1.0,0.0
47,All,12,5,3,3,3,0,1,2,0,1,,1.0,0.0
47,All,12,5,3,4,2,0,3,2,0,3,,0.0,0.0
47,All,12,5,3,5,3,1,3,3,1,3,1.0,,
47,All,12,5,3,1,2,0,1,1,1,1,,1.0,1.0
47,All,12,5,3,2,2,0,1,1,1,1,,1.0,1.0
47,All,13,6,3,5,3,1,3,3,1,3,1.0,,
47,All,13,6,3,4,2,1,2,2,1,2,1.0,,
47,All,13,6,3,1,1,1,1,1,1,1,1.0,,
47,All,13,6,3,3,3,0,2,1,0,2,,1.0,0.0
47,All,13,6,3,6,3,1,3,3,1,3,1.0,,
47,All,13,6,3,2,1,0,2,2,1,2,,1.0,1.0
47,All,14,2,4,1,3,0,1,1,1,1,,1.0,1.0
47,All,14,2,4,2,2,1,2,2,1,2,1.0,,
47,All,15,3,3,1,3,0,1,2,0,1,,1.0,0.0
47,All,15,3,3,3,2,0,3,3,1,3,,1.0,1.0
47,All,15,3,3,2,1,0,2,2,1,2,,1.0,1.0
47,All,16,4,3,3,3,0,2,2,1,2,,1.0,1.0
47,All,16,4,3,1,1,1,1,1,1,1,1.0,,
47,All,16,4,3,2,3,0,2,1,0,2,,1.0,0.0
47,All,16,4,3,4,3,1,3,1,0,3,0.0,,
47,All,17,2,5,1,3,0,1,2,0,1,,1.0,0.0
47,All,17,2,5,2,3,1,3,3,1,3,1.0,,
47,All,18,3,4,3,3,1,3,3,1,3,1.0,,
47,All,18,3,4,2,2,0,3,1,0,3,,1.0,0.0
47,All,18,3,4,1,3,0,2,2,1,2,,1.0,1.0
48,All,1,6,1,4,3,0,2,2,1,2,,1.0,1.0
48,All,1,6,1,5,3,1,3,3,1,3,1.0,,
48,All,1,6,1,1,2,0,1,2,0,1,,0.0,0.0
48,All,1,6,1,3,1,0,2,2,1,2,,1.0,1.0
48,All,1,6,1,2,3,0,1,3,0,1,,0.0,0.0
48,All,1,6,1,6,3,1,3,2,0,3,0.0,,
48,All,2,3,1,2,2,1,2,2,1,2,1.0,,
48,All,2,3,1,1,3,0,1,1,1,1,,1.0,1.0
48,All,2,3,1,3,3,1,3,3,1,3,1.0,,
48,All,3,5,1,1,3,0,1,2,0,1,,1.0,0.0
48,All,3,5,1,4,3,1,3,3,1,3,1.0,,
48,All,3,5,1,5,3,1,3,3,1,3,1.0,,
48,All,3,5,1,3,2,0,1,3,0,1,,1.0,0.0
48,All,3,5,1,2,2,0,1,1,1,1,,1.0,1.0
48,All,4,2,1,1,3,0,2,2,1,2,,1.0,1.0
48,All,4,2,1,2,3,1,3,3,1,3,1.0,,
48,All,5,2,2,2,3,0,1,2,0,1,,1.0,0.0
48,All,5,2,2,1,3,0,1,2,0,1,,1.0,0.0
48,All,6,2,3,2,2,1,2,2,1,2,1.0,,
48,All,6,2,3,1,1,1,1,1,1,1,1.0,,
48,All,7,4,1,3,3,0,2,2,1,2,,1.0,1.0
48,All,7,4,1,4,3,1,3,3,1,3,1.0,,
48,All,7,4,1,2,3,0,2,2,1,2,,1.0,1.0
48,All,7,4,1,1,3,0,1,1,1,1,,1.0,1.0
48,All,8,3,2,1,3,0,1,3,0,1,,0.0,0.0
48,All,8,3,2,3,3,0,2,2,1,2,,1.0,1.0
48,All,8,3,2,2,3,0,1,2,0,1,,1.0,0.0
48,All,9,5,2,1,3,0,1,2,0,1,,1.0,0.0
48,All,9,5,2,3,3,1,3,3,1,3,1.0,,
48,All,9,5,2,2,3,0,2,2,1,2,,1.0,1.0
48,All,9,5,2,5,3,1,3,3,1,3,1.0,,
48,All,9,5,2,4,2,0,3,3,1,3,,1.0,1.0
48,All,10,6,2,4,3,0,2,2,1,2,,1.0,1.0
48,All,10,6,2,5,3,1,3,3,1,3,1.0,,
48,All,10,6,2,3,3,0,2,2,1,2,,1.0,1.0
48,All,10,6,2,2,3,0,1,2,0,1,,1.0,0.0
48,All,10,6,2,6,3,1,3,2,0,3,0.0,,
48,All,10,6,2,1,1,1,1,1,1,1,1.0,,
48,All,11,4,2,4,3,1,3,3,1,3,1.0,,
48,All,11,4,2,2,3,0,1,2,0,1,,1.0,0.0
48,All,11,4,2,1,3,0,1,2,0,1,,1.0,0.0
48,All,11,4,2,3,2,0,3,3,1,3,,1.0,1.0
48,All,12,6,3,1,3,0,1,3,0,1,,0.0,0.0
48,All,12,6,3,4,3,0,2,2,1,2,,1.0,1.0
48,All,12,6,3,6,3,1,3,3,1,3,1.0,,
48,All,12,6,3,3,3,0,2,3,0,2,,0.0,0.0
48,All,12,6,3,5,2,0,3,3,1,3,,1.0,1.0
48,All,13,3,3,3,3,1,3,3,1,3,1.0,,
48,All,13,3,3,2,3,0,2,2,1,2,,1.0,1.0
48,All,13,3,3,1,2,0,1,1,1,1,,1.0,1.0
48,All,14,5,3,3,3,0,2,2,1,2,,1.0,1.0
48,All,14,5,3,1,3,0,1,2,0,1,,1.0,0.0
48,All,14,5,3,4,3,0,2,3,0,2,,0.0,0.0
48,All,14,5,3,5,3,1,3,3,1,3,1.0,,
48,All,14,5,3,2,3,0,1,1,1,1,,1.0,1.0
48,All,15,2,4,1,3,0,2,2,1,2,,1.0,1.0
48,All,15,2,4,2,3,1,3,3,1,3,1.0,,
48,All,16,2,5,1,3,0,2,2,1,2,,1.0,1.0
48,All,16,2,5,2,2,0,3,3,1,3,,1.0,1.0
48,All,17,2,6,1,3,0,1,2,0,1,,1.0,0.0
48,All,17,2,6,2,3,1,3,3,1,3,1.0,,
48,All,18,4,3,1,3,0,1,2,0,1,,1.0,0.0
48,All,18,4,3,3,3,0,2,2,1,2,,1.0,1.0
48,All,18,4,3,2,3,0,2,2,1,2,,1.0,1.0
48,All,18,4,3,4,3,0,2,2,1,2,,1.0,1.0
49,All,1,2,1,2,2,0,3,1,0,3,,1.0,0.0
49,All,1,2,1,1,2,1,2,2,1,2,1.0,,
49,All,2,3,1,2,3,1,3,3,1,3,1.0,,
49,All,2,3,1,3,2,0,3,1,0,3,,1.0,0.0
49,All,2,3,1,1,2,1,2,2,1,2,1.0,,
49,All,3,6,1,3,3,0,2,2,1,2,,1.0,1.0
49,All,3,6,1,6,3,1,3,3,1,3,1.0,,
49,All,3,6,1,1,3,0,1,3,0,1,,0.0,0.0
49,All,3,6,1,5,2,0,3,1,0,3,,1.0,0.0
49,All,3,6,1,2,1,1,1,2,0,1,0.0,,
49,All,3,6,1,4,1,0,2,2,1,2,,1.0,1.0
49,All,4,3,2,3,3,0,2,2,1,2,,1.0,1.0
49,All,4,3,2,1,1,1,1,1,1,1,1.0,,
49,All,4,3,2,2,3,0,1,2,0,1,,1.0,0.0
49,All,5,2,2,1,3,0,1,2,0,1,,1.0,0.0
49,All,5,2,2,2,2,0,1,3,0,1,,1.0,0.0
49,All,6,2,3,2,3,1,3,3,1,3,1.0,,
49,All,6,2,3,1,2,1,2,2,1,2,1.0,,
49,All,7,5,1,5,2,0,3,1,0,3,,1.0,0.0
49,All,7,5,1,3,2,0,1,3,0,1,,1.0,0.0
49,All,7,5,1,4,2,0,3,3,1,3,,1.0,1.0
49,All,7,5,1,1,3,0,1,3,0,1,,0.0,0.0
49,All,7,5,1,2,1,1,1,1,1,1,1.0,,
49,All,8,4,1,2,2,1,2,2,1,2,1.0,,
49,All,8,4,1,1,3,0,1,2,0,1,,1.0,0.0
49,All,8,4,1,3,3,0,2,1,0,2,,1.0,0.0
49,All,8,4,1,4,1,0,2,3,0,2,,1.0,0.0
49,All,9,6,2,6,3,1,3,3,1,3,1.0,,
49,All,9,6,2,1,2,0,1,3,0,1,,1.0,0.0
49,All,9,6,2,4,2,1,2,1,0,2,0.0,,
49,All,9,6,2,5,2,0,3,3,1,3,,1.0,1.0
49,All,9,6,2,2,2,0,1,3,0,1,,1.0,0.0
49,All,9,6,2,3,1,0,2,3,0,2,,1.0,0.0
49,All,10,5,2,3,2,1,2,2,1,2,1.0,,
49,All,10,5,2,5,2,0,3,3,1,3,,1.0,1.0
49,All,10,5,2,1,1,1,1,1,1,1,1.0,,
49,All,10,5,2,2,1,1,1,1,1,1,1.0,,
49,All,10,5,2,4,3,0,2,2,1,2,,1.0,1.0
49,All,11,4,2,4,2,0,3,1,0,3,,1.0,0.0
49,All,11,4,2,1,3,0,1,1,1,1,,1.0,1.0
49,All,11,4,2,3,2,0,3,1,0,3,,1.0,0.0
49,All,11,4,2,2,2,0,1,3,0,1,,1.0,0.0
49,All,12,2,4,1,3,0,1,2,0,1,,1.0,0.0
49,All,12,2,4,2,2,1,2,2,1,2,1.0,,
49,All,13,3,3,3,2,0,3,1,0,3,,1.0,0.0
49,All,13,3,3,2,3,0,2,1,0,2,,1.0,0.0
49,All,13,3,3,1,3,0,1,2,0,1,,1.0,0.0
49,All,14,6,3,4,2,1,2,2,1,2,1.0,,
49,All,14,6,3,3,2,1,2,2,1,2,1.0,,
49,All,14,6,3,1,3,0,1,1,1,1,,1.0,1.0
49,All,14,6,3,6,3,1,3,3,1,3,1.0,,
49,All,14,6,3,2,2,1,2,2,1,2,1.0,,
49,All,14,6,3,5,2,0,3,1,0,3,,1.0,0.0
49,All,15,3,4,2,3,0,2,2,1,2,,1.0,1.0
49,All,15,3,4,3,1,0,3,3,1,3,,1.0,1.0
49,All,15,3,4,1,1,1,1,1,1,1,1.0,,
49,All,16,2,5,2,2,0,3,3,1,3,,1.0,1.0
49,All,16,2,5,1,2,1,2,2,1,2,1.0,,
49,All,17,2,6,2,3,1,3,3,1,3,1.0,,
49,All,17,2,6,1,2,0,1,1,1,1,,1.0,1.0
49,All,18,5,3,4,3,1,3,3,1,3,1.0,,
49,All,18,5,3,5,3,1,3,3,1,3,1.0,,
49,All,18,5,3,1,2,0,1,1,1,1,,1.0,1.0
49,All,18,5,3,2,2,1,2,2,1,2,1.0,,
49,All,18,5,3,3,1,0,3,3,1,3,,1.0,1.0
50,All,1,3,1,1,2,0,1,3,0,1,,1.0,0.0
50,All,1,3,1,3,2,0,3,1,0,3,,1.0,0.0
50,All,2,3,2,3,2,1,2,2,1,2,1.0,,
50,All,2,3,2,1,2,0,1,1,1,1,,1.0,1.0
50,All,2,3,2,2,2,0,1,1,1,1,,1.0,1.0
50,All,3,2,1,1,2,1,2,2,1,2,1.0,,
50,All,3,2,1,2,1,0,3,3,1,3,,1.0,1.0
50,All,4,2,2,1,2,0,1,1,1,1,,1.0,1.0
50,All,4,2,2,2,2,0,1,1,1,1,,1.0,1.0
50,All,5,6,1,3,2,1,2,2,1,2,1.0,,
50,All,5,6,1,4,2,1,2,2,1,2,1.0,,
50,All,5,6,1,2,2,0,1,3,0,1,,1.0,0.0
50,All,5,6,1,5,2,0,3,1,0,3,,1.0,0.0
50,All,5,6,1,6,3,1,3,3,1,3,1.0,,
50,All,6,4,1,2,2,1,2,2,1,2,1.0,,
50,All,6,4,1,3,2,1,2,2,1,2,1.0,,
50,All,6,4,1,1,2,0,1,1,1,1,,1.0,1.0
50,All,6,4,1,4,1,0,2,2,1,2,,1.0,1.0
50,All,7,2,3,2,2,0,3,1,0,3,,1.0,0.0
50,All,7,2,3,1,2,1,2,2,1,2,1.0,,
50,All,8,5,1,5,2,0,3,1,0,3,,1.0,0.0
50,All,8,5,1,4,2,0,3,1,0,3,,1.0,0.0
50,All,8,5,1,1,2,0,1,1,1,1,,1.0,1.0
50,All,8,5,1,3,2,0,3,1,0,3,,1.0,0.0
50,All,8,5,1,2,2,1,2,2,1,2,1.0,,
50,All,9,4,2,2,2,1,2,2,1,2,1.0,,
50,All,9,4,2,3,2,1,2,2,1,2,1.0,,
50,All,9,4,2,1,2,0,1,1,1,1,,1.0,1.0
50,All,9,4,2,4,2,0,3,1,0,3,,1.0,0.0
50,All,10,6,2,3,2,1,2,2,1,2,1.0,,
50,All,10,6,2,6,2,0,3,2,0,3,,0.0,0.0
50,All,10,6,2,4,2,1,2,1,0,2,0.0,,
50,All,10,6,2,5,2,0,3,1,0,3,,1.0,0.0
50,All,10,6,2,1,2,0,1,2,0,1,,0.0,0.0
50,All,11,5,2,5,2,0,3,3,1,3,,1.0,1.0
50,All,11,5,2,2,2,0,1,1,1,1,,1.0,1.0
50,All,11,5,2,4,2,1,2,2,1,2,1.0,,
50,All,11,5,2,3,2,1,2,2,1,2,1.0,,
50,All,11,5,2,1,1,1,1,1,1,1,1.0,,
50,All,12,3,3,3,2,0,3,1,0,3,,1.0,0.0
50,All,12,3,3,1,2,1,2,2,1,2,1.0,,
50,All,12,3,3,2,1,0,3,3,1,3,,1.0,1.0
50,All,13,3,4,1,2,0,1,1,1,1,,1.0,1.0
50,All,13,3,4,2,2,1,2,2,1,2,1.0,,
50,All,13,3,4,3,2,0,3,1,0,3,,1.0,0.0
50,All,14,2,4,2,2,0,3,1,0,3,,1.0,0.0
50,All,14,2,4,1,2,1,2,2,1,2,1.0,,
50,All,15,2,5,1,2,0,1,1,1,1,,1.0,1.0
50,All,15,2,5,2,2,1,2,2,1,2,1.0,,
50,All,16,6,3,1,2,0,1,1,1,1,,1.0,1.0
50,All,16,6,3,4,2,1,2,2,1,2,1.0,,
50,All,16,6,3,2,2,1,2,2,1,2,1.0,,
50,All,16,6,3,6,2,0,3,1,0,3,,1.0,0.0
50,All,16,6,3,5,2,0,3,1,0,3,,1.0,0.0
50,All,17,4,3,4,2,0,3,1,0,3,,1.0,0.0
50,All,17,4,3,1,2,0,1,1,1,1,,1.0,1.0
50,All,17,4,3,3,2,0,3,1,0,3,,1.0,0.0
50,All,17,4,3,2,3,0,1,3,0,1,,0.0,0.0
50,All,18,2,6,2,2,0,3,1,0,3,,1.0,0.0
50,All,18,2,6,1,2,0,1,1,1,1,,1.0,1.0
51,All,1,3,1,2,3,1,3,3,1,3,1.0,,
51,All,1,3,1,1,2,1,2,2,1,2,1.0,,
51,All,1,3,1,3,1,0,3,2,0,3,,1.0,0.0
51,All,2,2,1,2,3,1,3,3,1,3,1.0,,
51,All,2,2,1,1,2,1,2,2,1,2,1.0,,
51,All,3,3,2,1,3,0,1,1,1,1,,1.0,1.0
51,All,3,3,2,3,2,0,3,1,0,3,,1.0,0.0
51,All,3,3,2,2,2,1,2,2,1,2,1.0,,
51,All,4,4,1,3,3,1,3,3,1,3,1.0,,
51,All,4,4,1,1,2,0,1,1,1,1,,1.0,1.0
51,All,4,4,1,2,2,0,1,2,0,1,,0.0,0.0
51,All,4,4,1,4,2,0,3,1,0,3,,1.0,0.0
51,All,5,2,2,2,3,0,1,2,0,1,,1.0,0.0
51,All,5,2,2,1,3,0,1,1,1,1,,1.0,1.0
51,All,6,5,1,2,3,0,1,2,0,1,,1.0,0.0
51,All,6,5,1,4,2,1,2,2,1,2,1.0,,
51,All,6,5,1,5,1,0,3,2,0,3,,1.0,0.0
51,All,6,5,1,3,1,0,2,1,0,2,,0.0,0.0
51,All,6,5,1,1,3,0,1,1,1,1,,1.0,1.0
51,All,7,6,1,6,3,1,3,3,1,3,1.0,,
51,All,7,6,1,1,3,0,1,2,0,1,,1.0,0.0
51,All,7,6,1,2,3,0,1,3,0,1,,0.0,0.0
51,All,7,6,1,3,1,0,2,2,1,2,,1.0,1.0
51,All,7,6,1,5,3,1,3,3,1,3,1.0,,
51,All,7,6,1,4,3,0,2,1,0,2,,1.0,0.0
51,All,8,2,3,2,3,1,3,3,1,3,1.0,,
51,All,8,2,3,1,2,1,2,3,0,2,0.0,,
51,All,9,5,2,2,3,0,1,2,0,1,,1.0,0.0
51,All,9,5,2,3,3,0,1,2,0,1,,1.0,0.0
51,All,9,5,2,1,1,1,1,1,1,1,1.0,,
51,All,9,5,2,4,1,0,3,3,1,3,,1.0,1.0
51,All,9,5,2,5,2,0,3,1,0,3,,1.0,0.0
51,All,10,4,2,2,3,0,2,1,0,2,,1.0,0.0
51,All,10,4,2,4,3,1,3,3,1,3,1.0,,
51,All,10,4,2,3,3,0,2,1,0,2,,1.0,0.0
51,All,10,4,2,1,1,1,1,1,1,1,1.0,,
51,All,11,6,2,6,3,1,3,3,1,3,1.0,,
51,All,11,6,2,5,2,0,3,1,0,3,,1.0,0.0
51,All,11,6,2,1,1,1,1,1,1,1,1.0,,
51,All,11,6,2,3,3,0,2,3,0,2,,0.0,0.0
51,All,11,6,2,2,2,1,2,2,1,2,1.0,,
51,All,11,6,2,4,2,1,2,2,1,2,1.0,,
51,All,12,3,3,2,2,0,1,3,0,1,,1.0,0.0
51,All,12,3,3,1,1,1,1,1,1,1,1.0,,
51,All,12,3,3,3,3,0,2,2,1,2,,1.0,1.0
51,All,13,2,4,2,1,0,3,2,0,3,,1.0,0.0
51,All,13,2,4,1,2,0,1,3,0,1,,1.0,0.0
51,All,14,3,4,3,3,1,3,3,1,3,1.0,,
51,All,14,3,4,2,2,1,2,2,1,2,1.0,,
51,All,14,3,4,1,1,1,1,1,1,1,1.0,,
51,All,15,4,3,4,3,0,2,2,1,2,,1.0,1.0
51,All,15,4,3,1,3,0,1,2,0,1,,1.0,0.0
51,All,15,4,3,3,2,1,2,2,1,2,1.0,,
51,All,15,4,3,2,1,0,2,2,1,2,,1.0,1.0
51,All,16,2,5,1,3,0,1,1,1,1,,1.0,1.0
51,All,16,2,5,2,3,0,2,2,1,2,,1.0,1.0
51,All,17,5,3,3,3,1,3,3,1,3,1.0,,
51,All,17,5,3,5,3,1,3,3,1,3,1.0,,
51,All,17,5,3,2,2,1,2,2,1,2,1.0,,
51,All,17,5,3,4,2,0,3,1,0,3,,1.0,0.0
51,All,17,5,3,1,2,0,1,2,0,1,,0.0,0.0
51,All,18,6,3,3,3,0,2,2,1,2,,1.0,1.0
51,All,18,6,3,1,3,0,1,2,0,1,,1.0,0.0
51,All,18,6,3,2,3,0,1,2,0,1,,1.0,0.0
51,All,18,6,3,4,3,0,2,2,1,2,,1.0,1.0
51,All,18,6,3,6,1,0,3,1,0,3,,0.0,0.0
51,All,18,6,3,5,3,1,3,3,1,3,1.0,,
52,All,1,2,1,2,3,1,3,3,1,3,1.0,,
52,All,1,2,1,1,1,0,2,2,1,2,,1.0,1.0
52,All,2,4,1,3,3,0,2,3,0,2,,0.0,0.0
52,All,2,4,1,2,3,0,2,2,1,2,,1.0,1.0
52,All,2,4,1,4,1,0,2,2,1,2,,1.0,1.0
52,All,2,4,1,1,3,0,1,2,0,1,,1.0,0.0
52,All,3,3,1,2,3,0,2,1,0,2,,1.0,0.0
52,All,3,3,1,1,3,0,1,2,0,1,,1.0,0.0
52,All,3,3,1,3,3,1,3,3,1,3,1.0,,
52,All,4,5,1,5,3,1,3,3,1,3,1.0,,
52,All,4,5,1,3,2,1,2,2,1,2,1.0,,
52,All,4,5,1,4,1,0,2,3,0,2,,1.0,0.0
52,All,4,5,1,1,2,0,1,1,1,1,,1.0,1.0
52,All,4,5,1,2,3,0,1,1,1,1,,1.0,1.0
52,All,5,3,2,3,3,0,2,1,0,2,,1.0,0.0
52,All,5,3,2,2,3,0,1,2,0,1,,1.0,0.0
52,All,5,3,2,1,3,0,1,1,1,1,,1.0,1.0
52,All,6,2,2,2,3,0,1,2,0,1,,1.0,0.0
52,All,6,2,2,1,3,0,1,2,0,1,,1.0,0.0
52,All,7,2,3,1,3,0,1,2,0,1,,1.0,0.0
52,All,7,2,3,2,3,1,3,3,1,3,1.0,,
52,All,8,6,1,5,3,1,3,3,1,3,1.0,,
52,All,8,6,1,4,2,1,2,2,1,2,1.0,,
52,All,8,6,1,1,1,1,1,3,0,1,0.0,,
52,All,8,6,1,6,1,0,3,2,0,3,,1.0,0.0
52,All,8,6,1,2,3,0,1,2,0,1,,1.0,0.0
52,All,8,6,1,3,2,1,2,3,0,2,0.0,,
52,All,9,4,2,2,3,0,1,2,0,1,,1.0,0.0
52,All,9,4,2,3,3,1,3,3,1,3,1.0,,
52,All,9,4,2,1,2,0,1,1,1,1,,1.0,1.0
52,All,9,4,2,4,3,1,3,3,1,3,1.0,,
52,All,10,6,2,4,3,0,2,1,0,2,,1.0,0.0
52,All,10,6,2,3,2,1,2,2,1,2,1.0,,
52,All,10,6,2,6,1,0,3,1,0,3,,0.0,0.0
52,All,10,6,2,2,3,0,1,2,0,1,,1.0,0.0
52,All,10,6,2,1,1,1,1,1,1,1,1.0,,
52,All,10,6,2,5,2,0,3,1,0,3,,1.0,0.0
52,All,11,5,2,4,3,1,3,3,1,3,1.0,,
52,All,11,5,2,5,2,0,3,3,1,3,,1.0,1.0
52,All,11,5,2,3,3,1,3,3,1,3,1.0,,
52,All,11,5,2,1,2,0,1,3,0,1,,1.0,0.0
52,All,11,5,2,2,3,0,2,1,0,2,,1.0,0.0
52,All,12,2,4,2,3,1,3,3,1,3,1.0,,
52,All,12,2,4,1,2,1,2,2,1,2,1.0,,
52,All,13,4,3,4,3,1,3,3,1,3,1.0,,
52,All,13,4,3,2,2,1,2,2,1,2,1.0,,
52,All,13,4,3,3,1,0,2,3,0,2,,1.0,0.0
52,All,13,4,3,1,2,0,1,3,0,1,,1.0,0.0
52,All,14,3,3,1,3,0,2,2,1,2,,1.0,1.0
52,All,14,3,3,3,3,1,3,3,1,3,1.0,,
52,All,14,3,3,2,1,0,3,2,0,3,,1.0,0.0
52,All,15,5,3,2,3,0,1,3,0,1,,0.0,0.0
52,All,15,5,3,5,2,0,3,2,0,3,,0.0,0.0
52,All,15,5,3,3,1,1,1,2,0,1,0.0,,
52,All,15,5,3,1,1,1,1,1,1,1,1.0,,
52,All,15,5,3,4,1,0,3,2,0,3,,1.0,0.0
52,All,16,3,4,3,3,1,3,3,1,3,1.0,,
52,All,16,3,4,2,2,1,2,2,1,2,1.0,,
52,All,16,3,4,1,1,1,1,1,1,1,1.0,,
52,All,17,2,5,2,2,0,3,3,1,3,,1.0,1.0
52,All,17,2,5,1,1,0,2,2,1,2,,1.0,1.0
52,All,18,2,6,2,2,1,2,2,1,2,1.0,,
52,All,18,2,6,1,3,0,1,1,1,1,,1.0,1.0
53,All,1,4,1,3,3,1,3,3,1,3,1.0,,
53,All,1,4,1,4,1,0,3,3,1,3,,1.0,1.0
53,All,1,4,1,2,2,0,1,1,1,1,,1.0,1.0
53,All,1,4,1,1,2,0,1,3,0,1,,1.0,0.0
53,All,2,5,1,1,3,0,1,2,0,1,,1.0,0.0
53,All,2,5,1,5,3,1,3,3,1,3,1.0,,
53,All,2,5,1,2,1,0,2,3,0,2,,1.0,0.0
53,All,2,5,1,3,3,1,3,3,1,3,1.0,,
53,All,2,5,1,4,1,0,3,3,1,3,,1.0,1.0
53,All,3,2,1,1,1,0,2,3,0,2,,1.0,0.0
53,All,3,2,1,2,3,1,3,3,1,3,1.0,,
53,All,4,2,2,1,1,1,1,1,1,1,1.0,,
53,All,4,2,2,2,3,0,1,2,0,1,,1.0,0.0
53,All,5,3,1,3,3,0,2,2,1,2,,1.0,1.0
53,All,5,3,1,1,3,0,1,2,0,1,,1.0,0.0
53,All,5,3,1,2,3,0,1,2,0,1,,1.0,0.0
53,All,6,6,1,3,3,0,2,1,0,2,,1.0,0.0
53,All,6,6,1,1,2,0,1,3,0,1,,1.0,0.0
53,All,6,6,1,4,1,0,2,3,0,2,,1.0,0.0
53,All,6,6,1,5,2,0,3,1,0,3,,1.0,0.0
53,All,6,6,1,6,3,1,3,3,1,3,1.0,,
53,All,6,6,1,2,2,0,1,2,0,1,,0.0,0.0
53,All,7,3,2,1,1,0,2,2,1,2,,1.0,1.0
53,All,7,3,2,3,1,0,3,2,0,3,,1.0,0.0
53,All,8,2,3,2,2,0,3,1,0,3,,1.0,0.0
53,All,8,2,3,1,2,1,2,2,1,2,1.0,,
53,All,9,5,2,4,1,0,2,3,0,2,,1.0,0.0
53,All,9,5,2,3,1,0,2,1,0,2,,0.0,0.0
53,All,9,5,2,1,3,0,1,1,1,1,,1.0,1.0
53,All,9,5,2,2,1,1,1,1,1,1,1.0,,
53,All,10,4,2,1,1,1,1,1,1,1,1.0,,
53,All,10,4,2,4,2,0,3,1,0,3,,1.0,0.0
53,All,10,4,2,3,3,0,2,1,0,2,,1.0,0.0
53,All,10,4,2,2,1,0,2,2,1,2,,1.0,1.0
53,All,11,6,2,3,1,0,2,2,1,2,,1.0,1.0
53,All,11,6,2,2,1,1,1,1,1,1,1.0,,
53,All,11,6,2,1,2,0,1,1,1,1,,1.0,1.0
53,All,11,6,2,5,1,0,3,3,1,3,,1.0,1.0
53,All,11,6,2,4,3,0,2,2,1,2,,1.0,1.0
53,All,11,6,2,6,3,1,3,3,1,3,1.0,,
53,All,12,4,3,1,2,0,1,1,1,1,,1.0,1.0
53,All,12,4,3,4,3,0,2,1,0,2,,1.0,0.0
53,All,12,4,3,3,3,0,2,2,1,2,,1.0,1.0
53,All,12,4,3,2,3,0,2,1,0,2,,1.0,0.0
53,All,13,5,3,3,1,1,1,1,1,1,1.0,,
53,All,13,5,3,2,2,0,1,1,1,1,,1.0,1.0
53,All,13,5,3,1,2,0,1,1,1,1,,1.0,1.0
53,All,13,5,3,4,3,1,3,3,1,3,1.0,,
53,All,13,5,3,5,2,0,3,1,0,3,,1.0,0.0
53,All,14,2,4,2,1,0,2,3,0,2,,1.0,0.0
53,All,14,2,4,1,2,0,1,1,1,1,,1.0,1.0
53,All,15,2,5,1,1,1,1,1,1,1,1.0,,
53,All,15,2,5,2,1,0,3,2,0,3,,1.0,0.0
53,All,16,3,3,1,1,1,1,1,1,1,1.0,,
53,All,16,3,3,3,2,0,3,3,1,3,,1.0,1.0
53,All,16,3,3,2,2,1,2,2,1,2,1.0,,
53,All,17,6,3,6,3,1,3,3,1,3,1.0,,
53,All,17,6,3,3,1,0,2,2,1,2,,1.0,1.0
53,All,17,6,3,5,2,0,3,1,0,3,,1.0,0.0
53,All,17,6,3,4,2,1,2,2,1,2,1.0,,
53,All,17,6,3,1,1,1,1,1,1,1,1.0,,
53,All,17,6,3,2,1,0,2,2,1,2,,1.0,1.0
53,All,18,3,4,2,1,0,2,2,1,2,,1.0,1.0
53,All,18,3,4,1,1,1,1,1,1,1,1.0,,
53,All,18,3,4,3,3,1,3,3,1,3,1.0,,
54,All,1,5,1,1,3,0,1,1,1,1,,1.0,1.0
54,All,1,5,1,4,3,1,3,3,1,3,1.0,,
54,All,1,5,1,2,1,0,2,2,1,2,,1.0,1.0
54,All,1,5,1,5,3,1,3,3,1,3,1.0,,
54,All,2,2,1,1,3,0,2,1,0,2,,1.0,0.0
54,All,2,2,1,2,2,0,3,2,0,3,,0.0,0.0
54,All,3,4,1,2,1,1,1,1,1,1,1.0,,
54,All,3,4,1,3,1,0,3,2,0,3,,1.0,0.0
54,All,3,4,1,4,3,1,3,3,1,3,1.0,,
54,All,3,4,1,1,3,0,1,3,0,1,,0.0,0.0
54,All,4,6,1,4,1,0,2,3,0,2,,1.0,0.0
54,All,4,6,1,3,2,1,2,2,1,2,1.0,,
54,All,4,6,1,5,1,0,3,2,0,3,,1.0,0.0
54,All,5,2,2,2,3,0,1,3,0,1,,0.0,0.0
54,All,6,2,3,1,1,0,2,2,1,2,,1.0,1.0
54,All,6,2,3,2,3,1,3,3,1,3,1.0,,
54,All,7,3,1,2,1,1,1,1,1,1,1.0,,
54,All,7,3,1,1,3,0,1,1,1,1,,1.0,1.0
54,All,8,3,2,1,1,1,1,1,1,1,1.0,,
54,All,8,3,2,3,2,0,3,1,0,3,,1.0,0.0
54,All,8,3,2,2,3,0,2,2,1,2,,1.0,1.0
54,All,9,5,2,5,1,0,3,1,0,3,,0.0,0.0
54,All,9,5,2,2,3,0,1,2,0,1,,1.0,0.0
54,All,9,5,2,1,2,0,1,3,0,1,,1.0,0.0
54,All,9,5,2,4,3,1,3,3,1,3,1.0,,
54,All,9,5,2,3,3,0,1,3,0,1,,0.0,0.0
54,All,10,6,2,2,1,1,1,1,1,1,1.0,,
54,All,10,6,2,6,1,0,3,3,1,3,,1.0,1.0
54,All,10,6,2,4,1,0,2,2,1,2,,1.0,1.0
54,All,10,6,2,5,3,1,3,3,1,3,1.0,,
54,All,11,4,2,4,3,1,3,3,1,3,1.0,,
54,All,11,4,2,1,1,1,1,2,0,1,0.0,,
54,All,11,4,2,3,2,1,2,2,1,2,1.0,,
54,All,11,4,2,2,1,0,2,3,0,2,,1.0,0.0
54,All,12,5,3,2,1,1,1,1,1,1,1.0,,
54,All,12,5,3,3,3,0,2,1,0,2,,1.0,0.0
54,All,12,5,3,1,2,0,1,3,0,1,,1.0,0.0
54,All,12,5,3,5,1,0,3,2,0,3,,1.0,0.0
54,All,12,5,3,4,2,1,2,2,1,2,1.0,,
54,All,13,2,4,1,2,0,1,2,0,1,,0.0,0.0
54,All,13,2,4,2,1,0,2,3,0,2,,1.0,0.0
54,All,14,4,3,1,3,0,1,1,1,1,,1.0,1.0
54,All,14,4,3,3,2,1,2,2,1,2,1.0,,
54,All,14,4,3,2,3,0,2,1,0,2,,1.0,0.0
54,All,15,6,3,4,2,1,2,2,1,2,1.0,,
54,All,15,6,3,5,1,0,3,3,1,3,,1.0,1.0
54,All,15,6,3,1,3,0,1,3,0,1,,0.0,0.0
54,All,15,6,3,6,2,0,3,1,0,3,,1.0,0.0
54,All,15,6,3,2,1,1,1,1,1,1,1.0,,
54,All,15,6,3,3,3,0,2,2,1,2,,1.0,1.0
54,All,16,2,5,1,1,0,2,2,1,2,,1.0,1.0
54,All,16,2,5,2,1,0,3,2,0,3,,1.0,0.0
54,All,17,2,6,1,2,0,1,3,0,1,,1.0,0.0
54,All,17,2,6,2,1,0,3,2,0,3,,1.0,0.0
54,All,18,3,3,3,1,0,3,3,1,3,,1.0,1.0
54,All,18,3,3,1,1,0,2,2,1,2,,1.0,1.0
54,All,18,3,3,2,3,1,3,3,1,3,1.0,,
55,All,1,2,1,1,2,1,2,2,1,2,1.0,,
55,All,1,2,1,2,3,1,3,3,1,3,1.0,,
55,All,2,6,1,5,3,1,3,3,1,3,1.0,,
55,All,2,6,1,2,1,0,2,3,0,2,,1.0,0.0
55,All,2,6,1,6,3,1,3,1,0,3,0.0,,
55,All,2,6,1,4,2,1,2,2,1,2,1.0,,
55,All,2,6,1,1,3,0,1,1,1,1,,1.0,1.0
55,All,2,6,1,3,2,1,2,2,1,2,1.0,,
55,All,3,5,1,3,3,1,3,3,1,3,1.0,,
55,All,3,5,1,1,3,0,1,2,0,1,,1.0,0.0
55,All,3,5,1,2,1,0,2,1,0,2,,0.0,0.0
55,All,3,5,1,4,3,1,3,2,0,3,0.0,,
55,All,3,5,1,5,3,1,3,3,1,3,1.0,,
55,All,4,2,2,2,3,0,1,1,1,1,,1.0,1.0
55,All,4,2,2,1,3,0,1,1,1,1,,1.0,1.0
55,All,5,4,1,2,3,0,2,1,0,2,,1.0,0.0
55,All,5,4,1,4,3,0,2,1,0,2,,1.0,0.0
55,All,5,4,1,1,3,0,1,3,0,1,,0.0,0.0
55,All,5,4,1,3,3,0,2,2,1,2,,1.0,1.0
55,All,6,3,1,2,3,0,1,1,1,1,,1.0,1.0
55,All,6,3,1,3,2,1,2,2,1,2,1.0,,
55,All,6,3,1,1,2,0,1,1,1,1,,1.0,1.0
55,All,7,2,3,1,1,0,2,3,0,2,,1.0,0.0
55,All,8,3,2,3,3,1,3,3,1,3,1.0,,
55,All,8,3,2,1,3,0,1,1,1,1,,1.0,1.0
55,All,8,3,2,2,1,0,2,2,1,2,,1.0,1.0
55,All,9,6,2,5,3,1,3,3,1,3,1.0,,
55,All,9,6,2,3,1,0,2,3,0,2,,1.0,0.0
55,All,9,6,2,4,3,0,2,1,0,2,,1.0,0.0
55,All,9,6,2,6,3,1,3,3,1,3,1.0,,
55,All,9,6,2,2,1,1,1,1,1,1,1.0,,
55,All,9,6,2,1,2,0,1,3,0,1,,1.0,0.0
55,All,10,5,2,5,3,1,3,3,1,3,1.0,,
55,All,10,5,2,4,3,1,3,3,1,3,1.0,,
55,All,10,5,2,1,1,1,1,1,1,1,1.0,,
55,All,10,5,2,2,2,0,1,1,1,1,,1.0,1.0
55,All,11,4,2,1,3,0,1,3,0,1,,0.0,0.0
55,All,11,4,2,3,3,1,3,3,1,3,1.0,,
55,All,11,4,2,2,1,1,1,1,1,1,1.0,,
55,All,11,4,2,4,2,0,3,3,1,3,,1.0,1.0
55,All,12,2,4,1,1,1,1,1,1,1,1.0,,
55,All,12,2,4,2,1,0,2,2,1,2,,1.0,1.0
55,All,13,6,3,2,3,0,1,2,0,1,,1.0,0.0
55,All,13,6,3,6,3,1,3,3,1,3,1.0,,
55,All,13,6,3,5,3,1,3,3,1,3,1.0,,
55,All,13,6,3,3,1,0,2,1,0,2,,0.0,0.0
55,All,13,6,3,1,2,0,1,1,1,1,,1.0,1.0
55,All,13,6,3,4,2,1,2,1,0,2,0.0,,
55,All,14,5,3,3,3,0,2,3,0,2,,0.0,0.0
55,All,14,5,3,4,3,0,2,1,0,2,,1.0,0.0
55,All,14,5,3,5,3,1,3,3,1,3,1.0,,
55,All,14,5,3,1,1,1,1,1,1,1,1.0,,
55,All,14,5,3,2,2,0,1,2,0,1,,0.0,0.0
55,All,15,2,5,1,3,0,2,1,0,2,,1.0,0.0
55,All,15,2,5,2,3,1,3,1,0,3,0.0,,
55,All,16,4,3,3,3,0,2,3,0,2,,0.0,0.0
55,All,16,4,3,2,3,0,2,1,0,2,,1.0,0.0
55,All,16,4,3,4,3,1,3,3,1,3,1.0,,
55,All,16,4,3,1,3,0,1,1,1,1,,1.0,1.0
55,All,17,3,3,3,3,1,3,3,1,3,1.0,,
55,All,17,3,3,1,3,0,1,1,1,1,,1.0,1.0
55,All,17,3,3,2,3,0,2,2,1,2,,1.0,1.0
55,All,18,2,6,2,3,1,3,3,1,3,1.0,,
55,All,18,2,6,1,3,0,1,1,1,1,,1.0,1.0
56,All,1,6,1,3,1,0,2,3,0,2,,1.0,0.0
56,All,1,6,1,4,2,1,2,2,1,2,1.0,,
56,All,1,6,1,1,3,0,1,2,0,1,,1.0,0.0
56,All,1,6,1,6,3,1,3,3,1,3,1.0,,
56,All,1,6,1,2,3,0,1,3,0,1,,0.0,0.0
56,All,2,2,1,1,3,0,2,2,1,2,,1.0,1.0
56,All,2,2,1,2,1,0,3,3,1,3,,1.0,1.0
56,All,3,2,2,1,3,0,1,2,0,1,,1.0,0.0
56,All,3,2,2,2,2,0,1,3,0,1,,1.0,0.0
56,All,4,3,1,2,2,0,3,1,0,3,,1.0,0.0
56,All,4,3,1,1,3,0,2,2,1,2,,1.0,1.0
56,All,4,3,1,3,3,1,3,3,1,3,1.0,,
56,All,5,5,1,3,3,0,1,2,0,1,,1.0,0.0
56,All,5,5,1,2,3,0,1,2,0,1,,1.0,0.0
56,All,5,5,1,5,3,1,3,3,1,3,1.0,,
56,All,5,5,1,4,3,1,3,3,1,3,1.0,,
56,All,6,3,2,1,3,0,1,2,0,1,,1.0,0.0
56,All,6,3,2,3,3,0,2,1,0,2,,1.0,0.0
56,All,6,3,2,2,3,0,1,2,0,1,,1.0,0.0
56,All,7,4,1,4,1,0,3,2,0,3,,1.0,0.0
56,All,7,4,1,3,2,0,3,3,1,3,,1.0,1.0
56,All,7,4,1,2,2,0,1,3,0,1,,1.0,0.0
56,All,7,4,1,1,2,0,1,3,0,1,,1.0,0.0
56,All,8,2,3,2,3,1,3,3,1,3,1.0,,
56,All,8,2,3,1,1,0,2,2,1,2,,1.0,1.0
56,All,9,6,2,6,1,0,3,3,1,3,,1.0,1.0
56,All,9,6,2,1,1,1,1,1,1,1,1.0,,
56,All,9,6,2,3,1,0,2,3,0,2,,1.0,0.0
56,All,9,6,2,2,1,1,1,1,1,1,1.0,,
56,All,9,6,2,4,2,1,2,2,1,2,1.0,,
56,All,9,6,2,5,2,0,3,3,1,3,,1.0,1.0
56,All,10,5,2,4,2,0,3,3,1,3,,1.0,1.0
56,All,10,5,2,3,3,1,3,3,1,3,1.0,,
56,All,10,5,2,2,2,1,2,2,1,2,1.0,,
56,All,10,5,2,5,1,0,3,3,1,3,,1.0,1.0
56,All,10,5,2,1,3,0,1,2,0,1,,1.0,0.0
56,All,11,4,2,3,1,0,2,2,1,2,,1.0,1.0
56,All,11,4,2,2,3,0,2,2,1,2,,1.0,1.0
56,All,11,4,2,1,3,0,1,3,0,1,,0.0,0.0
56,All,11,4,2,4,3,1,3,3,1,3,1.0,,
56,All,12,6,3,2,3,0,2,2,1,2,,1.0,1.0
56,All,12,6,3,1,3,0,1,2,0,1,,1.0,0.0
56,All,12,6,3,3,3,0,2,2,1,2,,1.0,1.0
56,All,12,6,3,5,3,1,3,3,1,3,1.0,,
56,All,12,6,3,6,3,1,3,3,1,3,1.0,,
56,All,12,6,3,4,2,1,2,2,1,2,1.0,,
56,All,13,2,4,1,3,0,1,3,0,1,,0.0,0.0
56,All,13,2,4,2,2,1,2,2,1,2,1.0,,
56,All,14,2,5,1,3,0,2,2,1,2,,1.0,1.0
56,All,14,2,5,2,3,1,3,3,1,3,1.0,,
56,All,15,3,3,3,1,0,3,3,1,3,,1.0,1.0
56,All,15,3,3,1,1,1,1,1,1,1,1.0,,
56,All,15,3,3,2,2,1,2,2,1,2,1.0,,
56,All,16,5,3,5,1,0,3,3,1,3,,1.0,1.0
56,All,16,5,3,4,3,0,2,2,1,2,,1.0,1.0
56,All,16,5,3,1,3,0,1,2,0,1,,1.0,0.0
56,All,16,5,3,2,3,0,1,3,0,1,,0.0,0.0
56,All,16,5,3,3,3,0,2,2,1,2,,1.0,1.0
56,All,17,3,4,3,1,0,3,3,1,3,,1.0,1.0
56,All,17,3,4,2,2,1,2,2,1,2,1.0,,
56,All,17,3,4,1,1,1,1,1,1,1,1.0,,
56,All,18,4,3,2,2,1,2,2,1,2,1.0,,
56,All,18,4,3,3,1,0,2,2,1,2,,1.0,1.0
56,All,18,4,3,1,3,0,1,2,0,1,,1.0,0.0
56,All,18,4,3,4,2,1,2,2,1,2,1.0,,
57,All,1,2,1,1,2,1,2,2,1,2,1.0,,
57,All,1,2,1,2,1,0,3,3,1,3,,1.0,1.0
57,All,2,2,2,1,3,0,1,2,0,1,,1.0,0.0
57,All,2,2,2,2,3,0,1,1,1,1,,1.0,1.0
57,All,3,2,3,1,3,0,1,1,1,1,,1.0,1.0
57,All,3,2,3,2,3,1,3,3,1,3,1.0,,
57,All,4,3,1,2,2,0,1,3,0,1,,1.0,0.0
57,All,4,3,1,1,2,0,1,3,0,1,,1.0,0.0
57,All,4,3,1,3,2,1,2,2,1,2,1.0,,
57,All,5,6,1,1,3,0,1,3,0,1,,0.0,0.0
57,All,5,6,1,5,3,1,3,3,1,3,1.0,,
57,All,5,6,1,6,1,0,3,2,0,3,,1.0,0.0
57,All,5,6,1,3,2,1,2,2,1,2,1.0,,
57,All,5,6,1,4,3,0,2,1,0,2,,1.0,0.0
57,All,5,6,1,2,3,0,1,1,1,1,,1.0,1.0
57,All,6,4,1,2,2,1,2,2,1,2,1.0,,
57,All,6,4,1,1,3,0,1,2,0,1,,1.0,0.0
57,All,6,4,1,4,1,0,2,3,0,2,,1.0,0.0
57,All,6,4,1,3,1,0,2,3,0,2,,1.0,0.0
57,All,7,5,1,5,2,0,3,3,1,3,,1.0,1.0
57,All,7,5,1,4,2,1,2,2,1,2,1.0,,
57,All,7,5,1,2,2,0,1,1,1,1,,1.0,1.0
57,All,7,5,1,3,3,0,2,2,1,2,,1.0,1.0
57,All,8,3,2,2,3,0,2,1,0,2,,1.0,0.0
57,All,8,3,2,3,3,1,3,3,1,3,1.0,,
57,All,8,3,2,1,1,1,1,1,1,1,1.0,,
57,All,9,4,2,4,3,1,3,3,1,3,1.0,,
57,All,9,4,2,2,2,0,1,1,1,1,,1.0,1.0
57,All,9,4,2,3,3,1,3,2,0,3,0.0,,
57,All,9,4,2,1,2,0,1,2,0,1,,0.0,0.0
57,All,10,6,2,5,3,1,3,2,0,3,0.0,,
57,All,10,6,2,3,2,1,2,2,1,2,1.0,,
57,All,10,6,2,2,1,0,2,2,1,2,,1.0,1.0
57,All,10,6,2,4,3,0,2,3,0,2,,0.0,0.0
57,All,10,6,2,6,3,1,3,3,1,3,1.0,,
57,All,10,6,2,1,2,0,1,1,1,1,,1.0,1.0
57,All,11,5,2,4,3,1,3,3,1,3,1.0,,
57,All,11,5,2,1,2,0,1,3,0,1,,1.0,0.0
57,All,11,5,2,3,2,0,3,1,0,3,,1.0,0.0
57,All,11,5,2,2,1,0,2,1,0,2,,0.0,0.0
57,All,11,5,2,5,2,0,3,2,0,3,,0.0,0.0
57,All,12,2,4,2,2,0,3,3,1,3,,1.0,1.0
57,All,12,2,4,1,3,0,2,2,1,2,,1.0,1.0
57,All,13,2,5,1,3,0,2,2,1,2,,1.0,1.0
57,All,13,2,5,2,3,1,3,3,1,3,1.0,,
57,All,14,2,6,2,3,0,2,1,0,2,,1.0,0.0
57,All,14,2,6,1,2,0,1,3,0,1,,1.0,0.0
57,All,15,3,3,3,2,0,3,3,1,3,,1.0,1.0
57,All,15,3,3,2,2,0,3,1,0,3,,1.0,0.0
57,All,15,3,3,1,2,1,2,2,1,2,1.0,,
57,All,16,6,3,5,3,1,3,2,0,3,0.0,,
57,All,16,6,3,4,1,0,2,3,0,2,,1.0,0.0
57,All,16,6,3,1,2,0,1,2,0,1,,0.0,0.0
57,All,16,6,3,2,3,0,1,3,0,1,,0.0,0.0
57,All,16,6,3,3,1,0,2,1,0,2,,0.0,0.0
57,All,17,4,3,1,3,0,1,3,0,1,,0.0,0.0
57,All,17,4,3,2,3,0,2,2,1,2,,1.0,1.0
57,All,17,4,3,3,3,0,2,2,1,2,,1.0,1.0
57,All,17,4,3,4,3,1,3,3,1,3,1.0,,
57,All,18,5,3,3,3,0,1,1,1,1,,1.0,1.0
57,All,18,5,3,5,3,1,3,1,0,3,0.0,,
57,All,18,5,3,1,2,0,1,1,1,1,,1.0,1.0
57,All,18,5,3,4,2,0,3,1,0,3,,1.0,0.0
57,All,18,5,3,2,3,0,1,2,0,1,,1.0,0.0
58,All,1,2,1,1,1,0,2,2,1,2,,1.0,1.0
58,All,1,2,1,2,1,0,3,3,1,3,,1.0,1.0
58,All,2,3,1,2,1,1,1,1,1,1,1.0,,
58,All,2,3,1,1,2,0,1,3,0,1,,1.0,0.0
58,All,2,3,1,3,2,1,2,2,1,2,1.0,,
58,All,3,2,2,2,1,1,1,1,1,1,1.0,,
58,All,3,2,2,1,2,0,1,3,0,1,,1.0,0.0
58,All,4,4,1,1,1,1,1,1,1,1,1.0,,
58,All,4,4,1,4,2,0,3,1,0,3,,1.0,0.0
58,All,4,4,1,3,1,0,3,2,0,3,,1.0,0.0
58,All,4,4,1,2,1,1,1,1,1,1,1.0,,
58,All,5,2,3,2,1,0,3,2,0,3,,1.0,0.0
58,All,5,2,3,1,1,0,2,2,1,2,,1.0,1.0
58,All,6,3,2,3,1,0,3,2,0,3,,1.0,0.0
58,All,6,3,2,1,1,1,1,1,1,1,1.0,,
58,All,6,3,2,2,3,0,2,1,0,2,,1.0,0.0
58,All,7,6,1,5,1,0,3,1,0,3,,0.0,0.0
58,All,7,6,1,4,1,0,2,2,1,2,,1.0,1.0
58,All,7,6,1,2,1,0,2,2,1,2,,1.0,1.0
58,All,7,6,1,6,1,0,3,2,0,3,,1.0,0.0
58,All,7,6,1,3,1,0,2,2,1,2,,1.0,1.0
58,All,7,6,1,1,2,0,1,3,0,1,,1.0,0.0
58,All,8,5,1,5,1,0,3,2,0,3,,1.0,0.0
58,All,8,5,1,2,1,0,2,2,1,2,,1.0,1.0
58,All,8,5,1,4,1,0,3,2,0,3,,1.0,0.0
58,All,8,5,1,3,1,0,3,3,1,3,,1.0,1.0
58,All,8,5,1,1,1,1,1,1,1,1,1.0,,
58,All,9,4,2,3,3,0,2,2,1,2,,1.0,1.0
58,All,9,4,2,4,1,0,2,2,1,2,,1.0,1.0
58,All,9,4,2,1,1,1,1,1,1,1,1.0,,
58,All,9,4,2,2,3,0,2,2,1,2,,1.0,1.0
58,All,10,5,2,1,1,1,1,1,1,1,1.0,,
58,All,10,5,2,2,1,1,1,1,1,1,1.0,,
58,All,10,5,2,3,1,1,1,1,1,1,1.0,,
58,All,10,5,2,5,1,0,3,2,0,3,,1.0,0.0
58,All,10,5,2,4,2,0,3,3,1,3,,1.0,1.0
58,All,11,6,2,1,1,1,1,1,1,1,1.0,,
58,All,11,6,2,4,1,0,2,2,1,2,,1.0,1.0
58,All,11,6,2,5,1,0,3,3,1,3,,1.0,1.0
58,All,11,6,2,6,1,0,3,2,0,3,,1.0,0.0
58,All,11,6,2,2,1,1,1,1,1,1,1.0,,
58,All,11,6,2,3,2,1,2,2,1,2,1.0,,
58,All,12,2,4,1,1,1,1,1,1,1,1.0,,
58,All,12,2,4,2,1,0,2,2,1,2,,1.0,1.0
58,All,13,3,3,3,1,0,3,2,0,3,,1.0,0.0
58,All,13,3,3,1,1,1,1,1,1,1,1.0,,
58,All,13,3,3,2,2,1,2,2,1,2,1.0,,
58,All,14,2,5,1,1,1,1,1,1,1,1.0,,
58,All,14,2,5,2,1,0,3,2,0,3,,1.0,0.0
58,All,15,4,3,4,1,0,3,2,0,3,,1.0,0.0
58,All,15,4,3,3,1,0,2,2,1,2,,1.0,1.0
58,All,15,4,3,1,1,1,1,1,1,1,1.0,,
58,All,15,4,3,2,1,0,2,2,1,2,,1.0,1.0
58,All,16,2,6,2,1,0,3,2,0,3,,1.0,0.0
58,All,16,2,6,1,1,0,2,2,1,2,,1.0,1.0
58,All,17,3,4,3,1,0,3,2,0,3,,1.0,0.0
58,All,17,3,4,1,1,0,2,2,1,2,,1.0,1.0
58,All,17,3,4,2,1,0,3,2,0,3,,1.0,0.0
58,All,18,6,3,4,1,0,2,2,1,2,,1.0,1.0
58,All,18,6,3,2,1,1,1,1,1,1,1.0,,
58,All,18,6,3,3,1,0,2,2,1,2,,1.0,1.0
58,All,18,6,3,5,1,0,3,2,0,3,,1.0,0.0
58,All,18,6,3,6,3,1,3,3,1,3,1.0,,
59,All,1,3,1,3,1,0,3,2,0,3,,1.0,0.0
59,All,1,3,1,1,2,0,1,2,0,1,,0.0,0.0
59,All,1,3,1,2,2,1,2,2,1,2,1.0,,
59,All,2,4,1,4,3,1,3,1,0,3,0.0,,
59,All,2,4,1,2,2,1,2,2,1,2,1.0,,
59,All,2,4,1,3,1,0,2,2,1,2,,1.0,1.0
59,All,2,4,1,1,2,0,1,1,1,1,,1.0,1.0
59,All,3,2,1,1,3,0,2,1,0,2,,1.0,0.0
59,All,3,2,1,2,2,0,3,1,0,3,,1.0,0.0
59,All,4,3,2,1,2,0,1,1,1,1,,1.0,1.0
59,All,4,3,2,3,2,1,2,2,1,2,1.0,,
59,All,4,3,2,2,3,0,1,2,0,1,,1.0,0.0
59,All,5,2,2,2,2,0,1,3,0,1,,1.0,0.0
59,All,5,2,2,1,1,1,1,1,1,1,1.0,,
59,All,6,5,1,5,2,0,3,1,0,3,,1.0,0.0
59,All,6,5,1,3,1,0,3,2,0,3,,1.0,0.0
59,All,6,5,1,2,3,0,2,2,1,2,,1.0,1.0
59,All,6,5,1,4,3,1,3,3,1,3,1.0,,
59,All,6,5,1,1,3,0,1,2,0,1,,1.0,0.0
59,All,7,2,3,1,3,0,2,2,1,2,,1.0,1.0
59,All,7,2,3,2,3,1,3,3,1,3,1.0,,
59,All,8,6,1,4,3,0,2,2,1,2,,1.0,1.0
59,All,8,6,1,1,1,1,1,2,0,1,0.0,,
59,All,8,6,1,3,1,0,2,3,0,2,,1.0,0.0
59,All,8,6,1,5,1,0,3,3,1,3,,1.0,1.0
59,All,8,6,1,2,1,1,1,1,1,1,1.0,,
59,All,8,6,1,6,3,1,3,1,0,3,0.0,,
59,All,9,4,2,4,1,0,2,2,1,2,,1.0,1.0
59,All,9,4,2,1,1,1,1,1,1,1,1.0,,
59,All,9,4,2,2,1,0,2,1,0,2,,0.0,0.0
59,All,10,6,2,1,2,0,1,1,1,1,,1.0,1.0
59,All,10,6,2,3,2,1,2,2,1,2,1.0,,
59,All,10,6,2,2,1,0,2,3,0,2,,1.0,0.0
59,All,10,6,2,6,3,1,3,3,1,3,1.0,,
59,All,10,6,2,5,3,1,3,3,1,3,1.0,,
59,All,10,6,2,4,1,0,2,1,0,2,,0.0,0.0
59,All,11,5,2,4,2,1,2,2,1,2,1.0,,
59,All,11,5,2,3,2,1,2,2,1,2,1.0,,
59,All,11,5,2,1,1,1,1,1,1,1,1.0,,
59,All,11,5,2,2,3,0,1,1,1,1,,1.0,1.0
59,All,11,5,2,5,1,0,3,3,1,3,,1.0,1.0
59,All,12,3,3,1,1,1,1,1,1,1,1.0,,
59,All,12,3,3,3,2,0,3,3,1,3,,1.0,1.0
59,All,12,3,3,2,2,1,2,2,1,2,1.0,,
59,All,13,4,3,3,2,0,3,1,0,3,,1.0,0.0
59,All,13,4,3,1,1,1,1,1,1,1,1.0,,
59,All,13,4,3,4,1,0,3,2,0,3,,1.0,0.0
59,All,13,4,3,2,1,1,1,1,1,1,1.0,,
59,All,14,2,4,1,2,1,2,2,1,2,1.0,,
59,All,14,2,4,2,2,0,3,2,0,3,,0.0,0.0
59,All,15,3,4,1,2,1,2,2,1,2,1.0,,
59,All,15,3,4,3,1,0,3,3,1,3,,1.0,1.0
59,All,15,3,4,2,3,1,3,3,1,3,1.0,,
59,All,16,2,5,2,1,0,3,2,0,3,,1.0,0.0
59,All,16,2,5,1,1,1,1,1,1,1,1.0,,
59,All,17,5,3,5,1,0,3,2,0,3,,1.0,0.0
59,All,17,5,3,4,1,0,3,3,1,3,,1.0,1.0
59,All,17,5,3,2,2,0,1,1,1,1,,1.0,1.0
59,All,17,5,3,3,3,0,1,3,0,1,,0.0,0.0
59,All,18,2,6,2,2,1,2,2,1,2,1.0,,
60,All,1,4,1,3,3,0,2,2,1,2,,1.0,1.0
60,All,1,4,1,2,3,0,2,1,0,2,,1.0,0.0
60,All,1,4,1,4,3,0,2,2,1,2,,1.0,1.0
60,All,1,4,1,1,3,0,1,2,0,1,,1.0,0.0
60,All,2,3,1,2,3,1,3,3,1,3,1.0,,
60,All,2,3,1,3,3,1,3,3,1,3,1.0,,
60,All,2,3,1,1,3,0,2,2,1,2,,1.0,1.0
60,All,3,3,2,2,3,0,2,2,1,2,,1.0,1.0
60,All,3,3,2,3,3,1,3,3,1,3,1.0,,
60,All,3,3,2,1,3,0,1,2,0,1,,1.0,0.0
60,All,4,5,1,3,3,1,3,3,1,3,1.0,,
60,All,4,5,1,2,3,0,2,2,1,2,,1.0,1.0
60,All,4,5,1,1,3,0,1,2,0,1,,1.0,0.0
60,All,4,5,1,5,3,1,3,3,1,3,1.0,,
60,All,4,5,1,4,3,1,3,3,1,3,1.0,,
60,All,5,2,1,1,3,0,2,2,1,2,,1.0,1.0
60,All,5,2,1,2,3,1,3,3,1,3,1.0,,
60,All,6,6,1,1,3,0,1,2,0,1,,1.0,0.0
60,All,6,6,1,6,3,1,3,3,1,3,1.0,,
60,All,6,6,1,2,3,0,1,2,0,1,,1.0,0.0
60,All,6,6,1,3,3,0,2,2,1,2,,1.0,1.0
60,All,6,6,1,5,3,1,3,1,0,3,0.0,,
60,All,7,2,2,2,3,0,1,2,0,1,,1.0,0.0
60,All,7,2,2,1,3,0,1,2,0,1,,1.0,0.0
60,All,8,2,3,1,3,0,2,1,0,2,,1.0,0.0
60,All,8,2,3,2,3,1,3,3,1,3,1.0,,
60,All,9,5,2,5,3,1,3,3,1,3,1.0,,
60,All,9,5,2,4,3,0,2,2,1,2,,1.0,1.0
60,All,9,5,2,2,3,0,1,2,0,1,,1.0,0.0
60,All,9,5,2,3,3,0,2,1,0,2,,1.0,0.0
60,All,10,4,2,4,3,1,3,3,1,3,1.0,,
60,All,10,4,2,2,3,0,2,2,1,2,,1.0,1.0
60,All,10,4,2,1,3,0,1,2,0,1,,1.0,0.0
60,All,10,4,2,3,3,0,2,2,1,2,,1.0,1.0
60,All,11,6,2,5,3,1,3,3,1,3,1.0,,
60,All,11,6,2,3,3,0,2,2,1,2,,1.0,1.0
60,All,11,6,2,4,3,0,2,1,0,2,,1.0,0.0
60,All,11,6,2,1,3,0,1,2,0,1,,1.0,0.0
60,All,11,6,2,2,2,1,2,2,1,2,1.0,,
60,All,11,6,2,6,2,0,3,1,0,3,,1.0,0.0
60,All,12,4,3,1,3,0,1,2,0,1,,1.0,0.0
60,All,12,4,3,3,3,1,3,3,1,3,1.0,,
60,All,12,4,3,4,3,1,3,3,1,3,1.0,,
60,All,12,4,3,2,2,0,1,3,0,1,,1.0,0.0
60,All,13,3,3,2,3,0,1,2,0,1,,1.0,0.0
60,All,13,3,3,1,3,0,1,2,0,1,,1.0,0.0
60,All,13,3,3,3,3,0,2,2,1,2,,1.0,1.0
60,All,14,3,4,3,3,1,3,3,1,3,1.0,,
60,All,14,3,4,1,3,0,1,2,0,1,,1.0,0.0
60,All,14,3,4,2,2,1,2,2,1,2,1.0,,
60,All,15,5,3,4,3,1,3,3,1,3,1.0,,
60,All,15,5,3,5,3,1,3,3,1,3,1.0,,
60,All,15,5,3,1,3,0,1,2,0,1,,1.0,0.0
60,All,15,5,3,3,3,0,1,2,0,1,,1.0,0.0
60,All,15,5,3,2,2,0,1,1,1,1,,1.0,1.0
60,All,16,2,4,1,3,0,2,2,1,2,,1.0,1.0
60,All,16,2,4,2,3,1,3,3,1,3,1.0,,
60,All,17,6,3,4,3,0,2,2,1,2,,1.0,1.0
60,All,17,6,3,6,3,1,3,3,1,3,1.0,,
60,All,17,6,3,2,3,0,1,2,0,1,,1.0,0.0
60,All,17,6,3,1,3,0,1,2,0,1,,1.0,0.0
60,All,17,6,3,5,3,1,3,3,1,3,1.0,,
60,All,17,6,3,3,2,1,2,2,1,2,1.0,,
60,All,18,2,5,2,3,0,2,2,1,2,,1.0,1.0
60,All,18,2,5,1,3,0,1,2,0,1,,1.0,0.0
61,All,1,3,1,1,3,0,1,1,1,1,,1.0,1.0
61,All,1,3,1,3,3,1,3,3,1,3,1.0,,
61,All,1,3,1,2,2,1,2,2,1,2,1.0,,
61,All,2,5,1,5,3,1,3,3,1,3,1.0,,
61,All,2,5,1,4,3,1,3,3,1,3,1.0,,
61,All,2,5,1,1,1,1,1,1,1,1,1.0,,
61,All,2,5,1,3,2,0,3,1,0,3,,1.0,0.0
61,All,3,4,1,4,3,0,2,1,0,2,,1.0,0.0
61,All,3,4,1,1,3,0,1,3,0,1,,0.0,0.0
61,All,3,4,1,3,1,0,2,1,0,2,,0.0,0.0
61,All,3,4,1,2,2,1,2,2,1,2,1.0,,
61,All,4,6,1,2,3,0,1,1,1,1,,1.0,1.0
61,All,4,6,1,3,3,0,2,3,0,2,,0.0,0.0
61,All,4,6,1,6,3,1,3,1,0,3,0.0,,
61,All,4,6,1,4,3,0,2,1,0,2,,1.0,0.0
61,All,4,6,1,1,2,0,1,3,0,1,,1.0,0.0
61,All,4,6,1,5,3,1,3,3,1,3,1.0,,
61,All,5,3,2,2,3,1,3,3,1,3,1.0,,
61,All,5,3,2,1,1,0,2,2,1,2,,1.0,1.0
61,All,5,3,2,3,1,0,3,2,0,3,,1.0,0.0
61,All,6,2,1,2,3,1,3,3,1,3,1.0,,
61,All,6,2,1,1,3,0,2,1,0,2,,1.0,0.0
61,All,7,2,2,1,3,0,1,1,1,1,,1.0,1.0
61,All,7,2,2,2,2,0,1,3,0,1,,1.0,0.0
61,All,8,2,3,1,3,0,2,1,0,2,,1.0,0.0
61,All,8,2,3,2,2,0,3,3,1,3,,1.0,1.0
61,All,9,5,2,5,3,1,3,3,1,3,1.0,,
61,All,9,5,2,3,3,0,1,1,1,1,,1.0,1.0
61,All,9,5,2,1,3,0,1,2,0,1,,1.0,0.0
61,All,9,5,2,2,3,0,1,1,1,1,,1.0,1.0
61,All,9,5,2,4,3,1,3,3,1,3,1.0,,
61,All,10,4,2,3,3,1,3,3,1,3,1.0,,
61,All,10,4,2,4,3,1,3,3,1,3,1.0,,
61,All,10,4,2,2,3,0,1,1,1,1,,1.0,1.0
61,All,10,4,2,1,1,1,1,1,1,1,1.0,,
61,All,11,6,2,6,3,1,3,3,1,3,1.0,,
61,All,11,6,2,2,3,0,2,2,1,2,,1.0,1.0
61,All,11,6,2,4,3,0,2,3,0,2,,0.0,0.0
61,All,11,6,2,5,1,0,3,2,0,3,,1.0,0.0
61,All,11,6,2,1,3,0,1,1,1,1,,1.0,1.0
61,All,12,3,3,2,3,0,1,1,1,1,,1.0,1.0
61,All,12,3,3,1,3,0,1,2,0,1,,1.0,0.0
61,All,12,3,3,3,3,0,2,1,0,2,,1.0,0.0
61,All,13,5,3,4,3,0,2,3,0,2,,0.0,0.0
61,All,13,5,3,3,3,0,2,1,0,2,,1.0,0.0
61,All,13,5,3,1,3,0,1,2,0,1,,1.0,0.0
61,All,13,5,3,2,2,0,1,2,0,1,,0.0,0.0
61,All,13,5,3,5,1,0,3,2,0,3,,1.0,0.0
61,All,14,4,3,1,3,0,1,3,0,1,,0.0,0.0
61,All,14,4,3,4,3,1,3,3,1,3,1.0,,
61,All,14,4,3,3,3,0,2,1,0,2,,1.0,0.0
61,All,14,4,3,2,3,0,2,1,0,2,,1.0,0.0
61,All,15,6,3,5,3,1,3,3,1,3,1.0,,
61,All,15,6,3,4,3,0,2,1,0,2,,1.0,0.0
61,All,15,6,3,1,3,0,1,1,1,1,,1.0,1.0
61,All,15,6,3,3,1,0,2,1,0,2,,0.0,0.0
61,All,15,6,3,6,1,0,3,2,0,3,,1.0,0.0
61,All,15,6,3,2,3,0,1,3,0,1,,0.0,0.0
61,All,16,3,4,3,3,1,3,3,1,3,1.0,,
61,All,16,3,4,1,3,0,1,1,1,1,,1.0,1.0
61,All,16,3,4,2,3,0,2,1,0,2,,1.0,0.0
61,All,17,2,4,2,3,0,2,1,0,2,,1.0,0.0
61,All,17,2,4,1,3,0,1,1,1,1,,1.0,1.0
61,All,18,2,5,2,3,1,3,3,1,3,1.0,,
61,All,18,2,5,1,1,0,2,2,1,2,,1.0,1.0
62,All,1,5,1,1,2,0,1,3,0,1,,1.0,0.0
62,All,1,5,1,3,1,0,2,2,1,2,,1.0,1.0
62,All,1,5,1,2,2,0,1,1,1,1,,1.0,1.0
62,All,1,5,1,4,2,1,2,2,1,2,1.0,,
62,All,1,5,1,5,2,0,3,1,0,3,,1.0,0.0
62,All,2,6,1,2,2,0,1,1,1,1,,1.0,1.0
62,All,2,6,1,6,2,0,3,1,0,3,,1.0,0.0
62,All,2,6,1,5,2,0,3,3,1,3,,1.0,1.0
62,All,2,6,1,3,2,1,2,2,1,2,1.0,,
62,All,2,6,1,1,2,0,1,1,1,1,,1.0,1.0
62,All,2,6,1,4,2,1,2,2,1,2,1.0,,
62,All,3,3,1,3,2,0,3,1,0,3,,1.0,0.0
62,All,3,3,1,1,2,1,2,2,1,2,1.0,,
62,All,3,3,1,2,2,0,3,1,0,3,,1.0,0.0
62,All,4,2,1,1,2,1,2,2,1,2,1.0,,
62,All,4,2,1,2,2,0,3,3,1,3,,1.0,1.0
62,All,5,4,1,3,2,1,2,2,1,2,1.0,,
62,All,5,4,1,4,2,0,3,1,0,3,,1.0,0.0
62,All,5,4,1,2,2,1,2,2,1,2,1.0,,
62,All,5,4,1,1,2,0,1,1,1,1,,1.0,1.0
62,All,6,2,2,1,3,0,1,1,1,1,,1.0,1.0
62,All,6,2,2,2,3,0,1,1,1,1,,1.0,1.0
62,All,7,3,2,2,2,1,2,2,1,2,1.0,,
62,All,7,3,2,1,2,0,1,1,1,1,,1.0,1.0
62,All,7,3,2,3,2,0,3,1,0,3,,1.0,0.0
62,All,8,2,3,2,2,0,3,1,0,3,,1.0,0.0
62,All,8,2,3,1,2,1,2,2,1,2,1.0,,
62,All,9,5,2,4,2,0,3,1,0,3,,1.0,0.0
62,All,9,5,2,1,2,0,1,1,1,1,,1.0,1.0
62,All,9,5,2,5,2,0,3,3,1,3,,1.0,1.0
62,All,9,5,2,3,2,0,3,2,0,3,,0.0,0.0
62,All,9,5,2,2,2,1,2,3,0,2,0.0,,
62,All,10,6,2,5,2,0,3,1,0,3,,1.0,0.0
62,All,10,6,2,3,2,1,2,2,1,2,1.0,,
62,All,10,6,2,1,2,0,1,1,1,1,,1.0,1.0
62,All,10,6,2,2,2,1,2,1,0,2,0.0,,
62,All,10,6,2,6,1,0,3,1,0,3,,0.0,0.0
62,All,10,6,2,4,3,0,2,1,0,2,,1.0,0.0
62,All,11,4,2,4,2,1,2,2,1,2,1.0,,
62,All,11,4,2,3,2,1,2,2,1,2,1.0,,
62,All,11,4,2,1,1,1,1,1,1,1,1.0,,
62,All,11,4,2,2,1,0,2,3,0,2,,1.0,0.0
62,All,12,5,3,2,2,0,1,1,1,1,,1.0,1.0
62,All,12,5,3,5,2,0,3,1,0,3,,1.0,0.0
62,All,12,5,3,1,2,0,1,1,1,1,,1.0,1.0
62,All,12,5,3,4,2,0,3,1,0,3,,1.0,0.0
62,All,12,5,3,3,2,0,1,1,1,1,,1.0,1.0
62,All,13,6,3,4,2,1,2,2,1,2,1.0,,
62,All,13,6,3,6,2,0,3,1,0,3,,1.0,0.0
62,All,13,6,3,1,2,0,1,1,1,1,,1.0,1.0
62,All,13,6,3,3,1,0,2,2,1,2,,1.0,1.0
62,All,13,6,3,2,2,0,1,1,1,1,,1.0,1.0
62,All,13,6,3,5,2,0,3,3,1,3,,1.0,1.0
62,All,14,3,3,2,2,0,1,1,1,1,,1.0,1.0
62,All,14,3,3,3,2,1,2,2,1,2,1.0,,
62,All,14,3,3,1,1,1,1,1,1,1,1.0,,
62,All,15,2,4,2,2,1,2,2,1,2,1.0,,
62,All,15,2,4,1,2,0,1,3,0,1,,1.0,0.0
62,All,16,4,3,3,2,0,3,1,0,3,,1.0,0.0
62,All,16,4,3,4,2,0,3,1,0,3,,1.0,0.0
62,All,16,4,3,2,2,0,1,1,1,1,,1.0,1.0
62,All,16,4,3,1,2,0,1,1,1,1,,1.0,1.0
62,All,17,2,5,1,2,1,2,2,1,2,1.0,,
62,All,17,2,5,2,2,0,3,2,0,3,,0.0,0.0
62,All,18,3,4,1,2,0,1,1,1,1,,1.0,1.0
62,All,18,3,4,2,2,1,2,2,1,2,1.0,,
62,All,18,3,4,3,1,0,3,2,0,3,,1.0,0.0
64,All,1,2,1,1,3,0,2,3,0,2,,0.0,0.0
64,All,2,2,2,1,3,0,1,1,1,1,,1.0,1.0
64,All,2,2,2,2,2,0,1,3,0,1,,1.0,0.0
64,All,3,6,1,3,3,0,2,3,0,2,,0.0,0.0
64,All,3,6,1,1,3,0,1,1,1,1,,1.0,1.0
64,All,3,6,1,5,3,1,3,1,0,3,0.0,,
64,All,3,6,1,4,2,1,2,2,1,2,1.0,,
64,All,3,6,1,2,1,0,2,3,0,2,,1.0,0.0
64,All,3,6,1,6,3,1,3,3,1,3,1.0,,
64,All,4,2,3,1,1,0,2,3,0,2,,1.0,0.0
64,All,5,5,1,4,3,0,2,1,0,2,,1.0,0.0
64,All,5,5,1,1,3,0,1,3,0,1,,0.0,0.0
64,All,5,5,1,3,3,0,2,1,0,2,,1.0,0.0
64,All,5,5,1,5,1,0,3,3,1,3,,1.0,1.0
64,All,5,5,1,2,1,1,1,1,1,1,1.0,,
64,All,6,3,1,3,2,0,3,1,0,3,,1.0,0.0
64,All,6,3,1,2,3,1,3,3,1,3,1.0,,
64,All,6,3,1,1,1,0,2,2,1,2,,1.0,1.0
64,All,7,3,2,2,1,1,1,1,1,1,1.0,,
64,All,7,3,2,3,2,1,2,2,1,2,1.0,,
64,All,7,3,2,1,3,0,1,1,1,1,,1.0,1.0
64,All,8,4,1,4,2,0,3,3,1,3,,1.0,1.0
64,All,8,4,1,1,1,1,1,1,1,1,1.0,,
64,All,8,4,1,3,3,0,2,1,0,2,,1.0,0.0
64,All,8,4,1,2,3,0,2,2,1,2,,1.0,1.0
64,All,9,5,2,1,3,0,1,1,1,1,,1.0,1.0
64,All,9,5,2,4,3,1,3,3,1,3,1.0,,
64,All,9,5,2,5,3,1,3,3,1,3,1.0,,
64,All,9,5,2,2,1,1,1,2,0,1,0.0,,
64,All,9,5,2,3,2,0,1,2,0,1,,0.0,0.0
64,All,10,4,2,4,1,0,3,2,0,3,,1.0,0.0
64,All,10,4,2,3,2,0,3,1,0,3,,1.0,0.0
64,All,10,4,2,1,1,1,1,1,1,1,1.0,,
64,All,10,4,2,2,2,0,1,1,1,1,,1.0,1.0
64,All,11,6,2,2,1,1,1,1,1,1,1.0,,
64,All,11,6,2,6,2,0,3,2,0,3,,0.0,0.0
64,All,11,6,2,3,3,0,2,3,0,2,,0.0,0.0
64,All,11,6,2,5,1,0,3,2,0,3,,1.0,0.0
64,All,11,6,2,1,2,0,1,3,0,1,,1.0,0.0
64,All,11,6,2,4,3,0,2,1,0,2,,1.0,0.0
64,All,12,2,4,2,1,0,2,2,1,2,,1.0,1.0
64,All,12,2,4,1,2,0,1,1,1,1,,1.0,1.0
64,All,13,2,5,2,2,0,3,3,1,3,,1.0,1.0
64,All,13,2,5,1,1,1,1,1,1,1,1.0,,
64,All,14,6,3,6,3,1,3,3,1,3,1.0,,
64,All,14,6,3,4,1,0,2,2,1,2,,1.0,1.0
64,All,14,6,3,3,2,1,2,1,0,2,0.0,,
64,All,14,6,3,1,1,1,1,1,1,1,1.0,,
64,All,14,6,3,5,1,0,3,1,0,3,,0.0,0.0
64,All,14,6,3,2,2,0,1,2,0,1,,0.0,0.0
64,All,15,2,6,2,3,1,3,3,1,3,1.0,,
64,All,15,2,6,1,2,1,2,2,1,2,1.0,,
64,All,16,5,3,2,1,0,2,3,0,2,,1.0,0.0
64,All,16,5,3,4,2,0,3,3,1,3,,1.0,1.0
64,All,16,5,3,5,1,0,3,3,1,3,,1.0,1.0
64,All,16,5,3,3,1,0,3,2,0,3,,1.0,0.0
64,All,16,5,3,1,1,1,1,3,0,1,0.0,,
64,All,17,3,3,3,1,0,3,2,0,3,,1.0,0.0
64,All,17,3,3,1,1,1,1,1,1,1,1.0,,
64,All,17,3,3,2,3,0,2,2,1,2,,1.0,1.0
64,All,18,3,4,1,3,0,1,1,1,1,,1.0,1.0
64,All,18,3,4,2,1,0,2,3,0,2,,1.0,0.0
64,All,18,3,4,3,3,1,3,2,0,3,0.0,,
65,All,1,2,1,1,3,0,2,1,0,2,,1.0,0.0
65,All,1,2,1,2,1,0,3,3,1,3,,1.0,1.0
65,All,2,5,1,4,1,0,2,2,1,2,,1.0,1.0
65,All,2,5,1,5,1,0,3,3,1,3,,1.0,1.0
65,All,2,5,1,2,1,1,1,1,1,1,1.0,,
65,All,2,5,1,1,1,1,1,1,1,1,1.0,,
65,All,2,5,1,3,1,0,2,3,0,2,,1.0,0.0
65,All,3,3,1,2,1,0,2,3,0,2,,1.0,0.0
65,All,3,3,1,1,1,1,1,1,1,1,1.0,,
65,All,3,3,1,3,1,0,3,3,1,3,,1.0,1.0
65,All,4,2,2,1,1,1,1,1,1,1,1.0,,
65,All,4,2,2,2,1,1,1,1,1,1,1.0,,
65,All,5,2,3,1,1,1,1,1,1,1,1.0,,
65,All,5,2,3,2,1,0,2,2,1,2,,1.0,1.0
65,All,6,3,2,3,3,1,3,3,1,3,1.0,,
65,All,6,3,2,2,1,0,2,2,1,2,,1.0,1.0
65,All,6,3,2,1,1,1,1,1,1,1,1.0,,
65,All,7,4,1,1,1,1,1,1,1,1,1.0,,
65,All,7,4,1,4,3,1,3,3,1,3,1.0,,
65,All,7,4,1,3,2,1,2,2,1,2,1.0,,
65,All,7,4,1,2,1,0,2,3,0,2,,1.0,0.0
65,All,8,6,1,6,1,0,3,3,1,3,,1.0,1.0
65,All,8,6,1,4,1,0,2,2,1,2,,1.0,1.0
65,All,8,6,1,3,1,0,2,3,0,2,,1.0,0.0
65,All,8,6,1,2,1,1,1,1,1,1,1.0,,
65,All,8,6,1,1,3,0,1,2,0,1,,1.0,0.0
65,All,8,6,1,5,1,0,3,1,0,3,,0.0,0.0
65,All,9,5,2,4,1,0,3,3,1,3,,1.0,1.0
65,All,9,5,2,3,1,0,3,3,1,3,,1.0,1.0
65,All,9,5,2,1,1,1,1,1,1,1,1.0,,
65,All,9,5,2,2,1,0,2,3,0,2,,1.0,0.0
65,All,9,5,2,5,2,0,3,3,1,3,,1.0,1.0
65,All,10,6,2,6,1,0,3,3,1,3,,1.0,1.0
65,All,10,6,2,3,1,0,2,3,0,2,,1.0,0.0
65,All,10,6,2,4,1,0,2,3,0,2,,1.0,0.0
65,All,10,6,2,5,1,0,3,3,1,3,,1.0,1.0
65,All,10,6,2,1,1,1,1,1,1,1,1.0,,
65,All,10,6,2,2,3,0,2,2,1,2,,1.0,1.0
65,All,11,4,2,1,3,0,1,1,1,1,,1.0,1.0
65,All,11,4,2,2,1,0,2,3,0,2,,1.0,0.0
65,All,11,4,2,3,1,0,2,3,0,2,,1.0,0.0
65,All,11,4,2,4,1,0,2,2,1,2,,1.0,1.0
65,All,12,2,4,2,3,1,3,3,1,3,1.0,,
65,All,12,2,4,1,1,0,2,3,0,2,,1.0,0.0
65,All,13,5,3,4,1,0,3,3,1,3,,1.0,1.0
65,All,13,5,3,5,1,0,3,3,1,3,,1.0,1.0
65,All,13,5,3,3,1,1,1,1,1,1,1.0,,
65,All,13,5,3,2,1,1,1,1,1,1,1.0,,
65,All,13,5,3,1,1,1,1,1,1,1,1.0,,
65,All,14,3,3,3,1,0,3,3,1,3,,1.0,1.0
65,All,14,3,3,1,1,0,2,2,1,2,,1.0,1.0
65,All,14,3,3,2,1,0,3,3,1,3,,1.0,1.0
65,All,15,2,5,2,1,0,3,2,0,3,,1.0,0.0
65,All,15,2,5,1,1,1,1,1,1,1,1.0,,
65,All,16,2,6,1,1,0,2,3,0,2,,1.0,0.0
65,All,16,2,6,2,1,0,3,3,1,3,,1.0,1.0
65,All,17,3,4,1,1,1,1,1,1,1,1.0,,
65,All,17,3,4,2,3,0,1,1,1,1,,1.0,1.0
65,All,17,3,4,3,1,0,2,2,1,2,,1.0,1.0
65,All,18,4,3,4,1,0,3,3,1,3,,1.0,1.0
65,All,18,4,3,3,1,0,3,3,1,3,,1.0,1.0
65,All,18,4,3,2,1,1,1,1,1,1,1.0,,
65,All,18,4,3,1,3,0,1,2,0,1,,1.0,0.0
66,All,1,5,1,3,1,0,2,3,0,2,,1.0,0.0
66,All,1,5,1,4,1,0,2,1,0,2,,0.0,0.0
66,All,1,5,1,5,3,1,3,3,1,3,1.0,,
66,All,1,5,1,1,1,1,1,1,1,1,1.0,,
66,All,2,2,1,1,1,0,2,3,0,2,,1.0,0.0
66,All,2,2,1,2,1,0,3,3,1,3,,1.0,1.0
66,All,3,2,2,1,2,0,1,3,0,1,,1.0,0.0
66,All,3,2,2,2,3,0,1,2,0,1,,1.0,0.0
66,All,4,3,1,3,3,1,3,3,1,3,1.0,,
66,All,4,3,1,2,2,0,3,1,0,3,,1.0,0.0
66,All,4,3,1,1,1,0,2,2,1,2,,1.0,1.0
66,All,5,3,2,2,3,0,1,1,1,1,,1.0,1.0
66,All,5,3,2,3,2,1,2,2,1,2,1.0,,
66,All,5,3,2,1,3,0,1,1,1,1,,1.0,1.0
66,All,6,6,1,4,1,0,2,3,0,2,,1.0,0.0
66,All,6,6,1,1,3,0,1,3,0,1,,0.0,0.0
66,All,6,6,1,2,1,1,1,1,1,1,1.0,,
66,All,6,6,1,3,2,1,2,3,0,2,0.0,,
66,All,6,6,1,6,1,0,3,3,1,3,,1.0,1.0
66,All,6,6,1,5,3,1,3,3,1,3,1.0,,
66,All,7,2,3,1,3,0,1,2,0,1,,1.0,0.0
66,All,7,2,3,2,1,0,3,3,1,3,,1.0,1.0
66,All,8,4,1,1,1,1,1,1,1,1,1.0,,
66,All,8,4,1,4,3,1,3,3,1,3,1.0,,
66,All,8,4,1,2,2,0,1,3,0,1,,1.0,0.0
66,All,8,4,1,3,3,1,3,3,1,3,1.0,,
66,All,9,6,2,5,3,1,3,3,1,3,1.0,,
66,All,9,6,2,2,1,0,2,1,0,2,,0.0,0.0
66,All,9,6,2,3,2,1,2,2,1,2,1.0,,
66,All,9,6,2,6,3,1,3,3,1,3,1.0,,
66,All,9,6,2,1,1,1,1,1,1,1,1.0,,
66,All,9,6,2,4,2,1,2,2,1,2,1.0,,
66,All,10,5,2,1,3,0,1,2,0,1,,1.0,0.0
66,All,10,5,2,5,3,1,3,3,1,3,1.0,,
66,All,10,5,2,4,1,0,3,2,0,3,,1.0,0.0
66,All,10,5,2,3,3,0,1,3,0,1,,0.0,0.0
66,All,10,5,2,2,2,0,1,1,1,1,,1.0,1.0
66,All,11,4,2,1,1,1,1,1,1,1,1.0,,
66,All,11,4,2,4,3,0,2,2,1,2,,1.0,1.0
66,All,11,4,2,3,3,0,2,1,0,2,,1.0,0.0
66,All,11,4,2,2,3,0,2,1,0,2,,1.0,0.0
66,All,12,5,3,1,3,0,1,1,1,1,,1.0,1.0
66,All,12,5,3,3,2,0,3,3,1,3,,1.0,1.0
66,All,12,5,3,2,1,0,2,3,0,2,,1.0,0.0
66,All,12,5,3,5,1,0,3,3,1,3,,1.0,1.0
66,All,12,5,3,4,2,0,3,1,0,3,,1.0,0.0
66,All,13,2,4,1,1,0,2,3,0,2,,1.0,0.0
66,All,13,2,4,2,3,1,3,3,1,3,1.0,,
66,All,14,2,5,2,2,0,3,3,1,3,,1.0,1.0
66,All,14,2,5,1,1,0,2,2,1,2,,1.0,1.0
66,All,15,3,3,3,1,0,3,3,1,3,,1.0,1.0
66,All,15,3,3,2,1,0,2,2,1,2,,1.0,1.0
66,All,15,3,3,1,1,1,1,1,1,1,1.0,,
66,All,16,3,4,3,3,1,3,3,1,3,1.0,,
66,All,16,3,4,1,1,1,1,1,1,1,1.0,,
66,All,16,3,4,2,2,1,2,2,1,2,1.0,,
66,All,17,6,3,4,1,0,2,1,0,2,,0.0,0.0
66,All,17,6,3,1,3,0,1,1,1,1,,1.0,1.0
66,All,17,6,3,5,3,1,3,2,0,3,0.0,,
66,All,17,6,3,3,2,1,2,2,1,2,1.0,,
66,All,17,6,3,2,3,0,1,2,0,1,,1.0,0.0
66,All,17,6,3,6,2,0,3,1,0,3,,1.0,0.0
66,All,18,2,6,1,3,0,1,1,1,1,,1.0,1.0
67,All,1,2,1,2,3,1,3,3,1,3,1.0,,
67,All,1,2,1,1,1,0,2,2,1,2,,1.0,1.0
67,All,2,3,1,2,3,0,2,3,0,2,,0.0,0.0
67,All,2,3,1,1,3,0,1,1,1,1,,1.0,1.0
67,All,2,3,1,3,3,1,3,3,1,3,1.0,,
67,All,3,5,1,3,3,0,2,3,0,2,,0.0,0.0
67,All,3,5,1,4,3,0,2,1,0,2,,1.0,0.0
67,All,3,5,1,5,3,1,3,3,1,3,1.0,,
67,All,3,5,1,2,3,0,1,1,1,1,,1.0,1.0
67,All,3,5,1,1,3,0,1,1,1,1,,1.0,1.0
67,All,4,6,1,3,3,0,2,1,0,2,,1.0,0.0
67,All,4,6,1,5,3,1,3,3,1,3,1.0,,
67,All,4,6,1,4,3,0,2,3,0,2,,0.0,0.0
67,All,4,6,1,1,3,0,1,1,1,1,,1.0,1.0
67,All,4,6,1,2,2,1,2,2,1,2,1.0,,
67,All,4,6,1,6,2,0,3,1,0,3,,1.0,0.0
67,All,5,2,2,2,3,0,1,1,1,1,,1.0,1.0
67,All,5,2,2,1,3,0,1,1,1,1,,1.0,1.0
67,All,6,4,1,2,3,0,2,1,0,2,,1.0,0.0
67,All,6,4,1,3,3,0,2,1,0,2,,1.0,0.0
67,All,6,4,1,4,3,0,2,1,0,2,,1.0,0.0
67,All,6,4,1,1,2,0,1,3,0,1,,1.0,0.0
67,All,7,3,2,3,3,1,3,3,1,3,1.0,,
67,All,7,3,2,1,1,1,1,3,0,1,0.0,,
67,All,7,3,2,2,2,1,2,2,1,2,1.0,,
67,All,8,2,3,1,3,0,2,1,0,2,,1.0,0.0
67,All,8,2,3,2,3,1,3,3,1,3,1.0,,
67,All,9,5,2,2,3,0,2,1,0,2,,1.0,0.0
67,All,9,5,2,5,3,1,3,3,1,3,1.0,,
67,All,9,5,2,4,3,1,3,3,1,3,1.0,,
67,All,9,5,2,1,3,0,1,3,0,1,,0.0,0.0
67,All,9,5,2,3,3,1,3,3,1,3,1.0,,
67,All,10,4,2,4,3,1,3,3,1,3,1.0,,
67,All,10,4,2,1,3,0,1,1,1,1,,1.0,1.0
67,All,10,4,2,2,3,0,1,1,1,1,,1.0,1.0
67,All,10,4,2,3,3,1,3,3,1,3,1.0,,
67,All,11,6,2,2,3,0,1,1,1,1,,1.0,1.0
67,All,11,6,2,5,3,1,3,3,1,3,1.0,,
67,All,11,6,2,6,3,1,3,2,0,3,0.0,,
67,All,11,6,2,3,3,0,2,1,0,2,,1.0,0.0
67,All,11,6,2,1,3,0,1,2,0,1,,1.0,0.0
67,All,11,6,2,4,2,1,2,2,1,2,1.0,,
67,All,12,2,4,2,3,1,3,3,1,3,1.0,,
67,All,12,2,4,1,1,0,2,2,1,2,,1.0,1.0
67,All,13,3,3,2,3,1,3,3,1,3,1.0,,
67,All,13,3,3,1,3,0,2,1,0,2,,1.0,0.0
67,All,13,3,3,3,3,1,3,2,0,3,0.0,,
67,All,14,5,3,3,3,0,1,1,1,1,,1.0,1.0
67,All,14,5,3,2,3,0,1,1,1,1,,1.0,1.0
67,All,14,5,3,1,3,0,1,2,0,1,,1.0,0.0
67,All,14,5,3,4,2,0,3,3,1,3,,1.0,1.0
67,All,15,6,3,1,3,0,1,1,1,1,,1.0,1.0
67,All,15,6,3,3,3,0,2,3,0,2,,0.0,0.0
67,All,15,6,3,2,3,0,1,1,1,1,,1.0,1.0
67,All,15,6,3,5,3,1,3,3,1,3,1.0,,
67,All,15,6,3,6,3,1,3,1,0,3,0.0,,
67,All,15,6,3,4,3,0,2,1,0,2,,1.0,0.0
67,All,16,2,5,2,3,0,2,1,0,2,,1.0,0.0
67,All,16,2,5,1,3,0,1,1,1,1,,1.0,1.0
67,All,17,4,3,3,3,0,2,1,0,2,,1.0,0.0
67,All,17,4,3,2,3,0,2,1,0,2,,1.0,0.0
67,All,17,4,3,4,3,1,3,1,0,3,0.0,,
67,All,17,4,3,1,3,0,1,1,1,1,,1.0,1.0
67,All,18,3,4,1,3,0,1,1,1,1,,1.0,1.0
67,All,18,3,4,3,3,0,2,1,0,2,,1.0,0.0
67,All,18,3,4,2,3,0,1,1,1,1,,1.0,1.0
68,All,1,3,1,1,1,0,2,3,0,2,,1.0,0.0
68,All,1,3,1,2,2,0,3,1,0,3,,1.0,0.0
68,All,1,3,1,3,1,0,3,3,1,3,,1.0,1.0
68,All,2,6,1,1,3,0,1,2,0,1,,1.0,0.0
68,All,2,6,1,2,1,1,1,1,1,1,1.0,,
68,All,2,6,1,4,2,1,2,2,1,2,1.0,,
68,All,2,6,1,5,3,1,3,2,0,3,0.0,,
68,All,2,6,1,3,3,0,2,1,0,2,,1.0,0.0
68,All,3,2,1,1,3,0,2,1,0,2,,1.0,0.0
68,All,3,2,1,2,2,0,3,1,0,3,,1.0,0.0
68,All,4,4,1,1,2,0,1,3,0,1,,1.0,0.0
68,All,4,4,1,2,1,1,1,1,1,1,1.0,,
68,All,4,4,1,3,2,0,3,1,0,3,,1.0,0.0
68,All,5,5,1,2,3,0,1,2,0,1,,1.0,0.0
68,All,5,5,1,3,3,0,1,1,1,1,,1.0,1.0
68,All,5,5,1,1,1,1,1,1,1,1,1.0,,
68,All,5,5,1,4,2,0,3,3,1,3,,1.0,1.0
68,All,5,5,1,5,3,1,3,3,1,3,1.0,,
68,All,6,2,2,2,3,0,1,1,1,1,,1.0,1.0
68,All,6,2,2,1,3,0,1,2,0,1,,1.0,0.0
68,All,7,2,3,1,1,0,2,3,0,2,,1.0,0.0
68,All,7,2,3,2,1,0,3,2,0,3,,1.0,0.0
68,All,8,3,2,1,3,0,1,2,0,1,,1.0,0.0
68,All,8,3,2,2,3,0,2,1,0,2,,1.0,0.0
68,All,8,3,2,3,3,1,3,1,0,3,0.0,,
68,All,9,5,2,3,3,0,2,2,1,2,,1.0,1.0
68,All,9,5,2,5,1,0,3,2,0,3,,1.0,0.0
68,All,9,5,2,2,3,0,1,3,0,1,,0.0,0.0
68,All,9,5,2,1,1,1,1,1,1,1,1.0,,
68,All,9,5,2,4,3,0,2,2,1,2,,1.0,1.0
68,All,10,6,2,3,3,0,2,1,0,2,,1.0,0.0
68,All,10,6,2,6,2,0,3,1,0,3,,1.0,0.0
68,All,10,6,2,5,2,0,3,3,1,3,,1.0,1.0
68,All,10,6,2,1,3,0,1,3,0,1,,0.0,0.0
68,All,10,6,2,4,2,1,2,2,1,2,1.0,,
68,All,10,6,2,2,1,1,1,1,1,1,1.0,,
68,All,11,4,2,3,1,0,2,3,0,2,,1.0,0.0
68,All,11,4,2,1,2,0,1,1,1,1,,1.0,1.0
68,All,11,4,2,4,3,0,2,3,0,2,,0.0,0.0
68,All,11,4,2,2,2,1,2,2,1,2,1.0,,
68,All,12,3,3,3,2,0,3,3,1,3,,1.0,1.0
68,All,12,3,3,2,2,1,2,2,1,2,1.0,,
68,All,12,3,3,1,1,1,1,1,1,1,1.0,,
68,All,13,6,3,5,2,0,3,3,1,3,,1.0,1.0
68,All,13,6,3,3,2,1,2,2,1,2,1.0,,
68,All,13,6,3,4,1,0,2,1,0,2,,0.0,0.0
68,All,13,6,3,1,3,0,1,2,0,1,,1.0,0.0
68,All,13,6,3,2,1,0,2,1,0,2,,0.0,0.0
68,All,13,6,3,6,3,1,3,1,0,3,0.0,,
68,All,14,2,4,2,3,0,2,1,0,2,,1.0,0.0
68,All,14,2,4,1,3,0,1,1,1,1,,1.0,1.0
68,All,15,4,3,2,2,1,2,2,1,2,1.0,,
68,All,15,4,3,1,3,0,1,1,1,1,,1.0,1.0
68,All,15,4,3,4,3,1,3,3,1,3,1.0,,
68,All,15,4,3,3,3,0,2,1,0,2,,1.0,0.0
68,All,16,5,3,2,2,1,2,2,1,2,1.0,,
68,All,16,5,3,3,3,1,3,3,1,3,1.0,,
68,All,16,5,3,1,3,0,1,1,1,1,,1.0,1.0
68,All,16,5,3,4,1,0,3,3,1,3,,1.0,1.0
68,All,16,5,3,5,2,0,3,1,0,3,,1.0,0.0
68,All,17,2,5,1,3,0,2,3,0,2,,0.0,0.0
68,All,17,2,5,2,3,1,3,3,1,3,1.0,,
68,All,18,2,6,2,3,1,3,3,1,3,1.0,,
68,All,18,2,6,1,1,1,1,1,1,1,1.0,,
69,All,1,6,1,5,3,1,3,3,1,3,1.0,,
69,All,1,6,1,2,2,1,2,3,0,2,0.0,,
69,All,1,6,1,6,1,0,3,2,0,3,,1.0,0.0
69,All,1,6,1,4,2,1,2,3,0,2,0.0,,
69,All,1,6,1,3,1,0,2,1,0,2,,0.0,0.0
69,All,2,4,1,1,3,0,1,2,0,1,,1.0,0.0
69,All,2,4,1,2,2,0,1,3,0,1,,1.0,0.0
69,All,2,4,1,4,1,0,3,1,0,3,,0.0,0.0
69,All,2,4,1,3,1,0,3,3,1,3,,1.0,1.0
69,All,3,3,1,2,3,0,1,2,0,1,,1.0,0.0
69,All,3,3,1,1,3,0,1,2,0,1,,1.0,0.0
69,All,3,3,1,3,1,0,2,3,0,2,,1.0,0.0
69,All,4,2,1,1,3,0,2,2,1,2,,1.0,1.0
69,All,4,2,1,2,1,0,3,3,1,3,,1.0,1.0
69,All,5,2,2,2,3,0,1,2,0,1,,1.0,0.0
69,All,5,2,2,1,3,0,1,2,0,1,,1.0,0.0
69,All,6,3,2,1,3,0,1,2,0,1,,1.0,0.0
69,All,6,3,2,2,3,0,2,2,1,2,,1.0,1.0
69,All,6,3,2,3,3,1,3,3,1,3,1.0,,
69,All,7,5,1,1,3,0,1,3,0,1,,0.0,0.0
69,All,7,5,1,3,3,0,1,2,0,1,,1.0,0.0
69,All,7,5,1,2,3,0,1,2,0,1,,1.0,0.0
69,All,7,5,1,5,2,0,3,3,1,3,,1.0,1.0
69,All,7,5,1,4,1,0,3,3,1,3,,1.0,1.0
69,All,8,2,3,2,3,1,3,3,1,3,1.0,,
69,All,8,2,3,1,2,1,2,2,1,2,1.0,,
69,All,9,4,2,4,3,0,2,2,1,2,,1.0,1.0
69,All,9,4,2,3,3,0,2,2,1,2,,1.0,1.0
69,All,9,4,2,1,3,0,1,2,0,1,,1.0,0.0
69,All,9,4,2,2,1,0,2,2,1,2,,1.0,1.0
69,All,10,6,2,6,3,1,3,3,1,3,1.0,,
69,All,10,6,2,3,3,0,2,3,0,2,,0.0,0.0
69,All,10,6,2,2,2,0,1,1,1,1,,1.0,1.0
69,All,10,6,2,5,1,0,3,1,0,3,,0.0,0.0
69,All,10,6,2,4,1,0,2,3,0,2,,1.0,0.0
69,All,10,6,2,1,3,0,1,1,1,1,,1.0,1.0
69,All,11,5,2,3,1,0,3,2,0,3,,1.0,0.0
69,All,11,5,2,4,1,0,3,2,0,3,,1.0,0.0
69,All,11,5,2,2,1,0,2,3,0,2,,1.0,0.0
69,All,11,5,2,5,3,1,3,3,1,3,1.0,,
69,All,11,5,2,1,3,0,1,2,0,1,,1.0,0.0
69,All,12,6,3,5,3,1,3,3,1,3,1.0,,
69,All,12,6,3,6,3,1,3,3,1,3,1.0,,
69,All,12,6,3,3,3,0,2,2,1,2,,1.0,1.0
69,All,12,6,3,4,2,1,2,2,1,2,1.0,,
69,All,12,6,3,2,1,1,1,1,1,1,1.0,,
69,All,12,6,3,1,3,0,1,1,1,1,,1.0,1.0
69,All,13,4,3,3,3,0,2,2,1,2,,1.0,1.0
69,All,13,4,3,2,3,0,2,3,0,2,,0.0,0.0
69,All,13,4,3,4,3,1,3,3,1,3,1.0,,
69,All,13,4,3,1,2,0,1,1,1,1,,1.0,1.0
69,All,14,3,3,2,3,1,3,1,0,3,0.0,,
69,All,14,3,3,1,3,0,2,2,1,2,,1.0,1.0
69,All,14,3,3,3,2,0,3,3,1,3,,1.0,1.0
69,All,15,2,4,1,3,0,1,2,0,1,,1.0,0.0
69,All,15,2,4,2,3,1,3,3,1,3,1.0,,
69,All,16,2,5,1,1,0,2,2,1,2,,1.0,1.0
69,All,16,2,5,2,2,0,3,3,1,3,,1.0,1.0
69,All,17,3,4,1,1,1,1,1,1,1,1.0,,
69,All,17,3,4,2,1,0,2,3,0,2,,1.0,0.0
69,All,18,5,3,5,3,1,3,3,1,3,1.0,,
69,All,18,5,3,2,2,0,1,1,1,1,,1.0,1.0
69,All,18,5,3,4,3,0,2,1,0,2,,1.0,0.0
69,All,18,5,3,3,2,1,2,3,0,2,0.0,,
69,All,18,5,3,1,2,0,1,1,1,1,,1.0,1.0
70,All,1,4,1,4,2,0,3,3,1,3,,1.0,1.0
70,All,1,4,1,1,2,0,1,1,1,1,,1.0,1.0
70,All,1,4,1,2,2,1,2,2,1,2,1.0,,
70,All,1,4,1,3,3,0,2,2,1,2,,1.0,1.0
70,All,2,2,1,1,1,0,2,3,0,2,,1.0,0.0
70,All,3,6,1,1,3,0,1,1,1,1,,1.0,1.0
70,All,3,6,1,2,1,1,1,2,0,1,0.0,,
70,All,3,6,1,5,1,0,3,2,0,3,,1.0,0.0
70,All,3,6,1,3,3,0,2,3,0,2,,0.0,0.0
70,All,3,6,1,6,3,1,3,3,1,3,1.0,,
70,All,3,6,1,4,1,0,2,2,1,2,,1.0,1.0
70,All,4,3,1,3,3,1,3,3,1,3,1.0,,
70,All,4,3,1,1,1,1,1,1,1,1,1.0,,
70,All,4,3,1,2,2,1,2,2,1,2,1.0,,
70,All,5,3,2,2,3,0,1,2,0,1,,1.0,0.0
70,All,5,3,2,1,1,1,1,1,1,1,1.0,,
70,All,6,2,2,2,3,0,1,2,0,1,,1.0,0.0
70,All,6,2,2,1,1,1,1,1,1,1,1.0,,
70,All,7,2,3,2,1,0,3,2,0,3,,1.0,0.0
70,All,7,2,3,1,2,0,1,1,1,1,,1.0,1.0
70,All,8,5,1,3,2,0,3,1,0,3,,1.0,0.0
70,All,8,5,1,1,1,1,1,1,1,1,1.0,,
70,All,8,5,1,4,3,1,3,1,0,3,0.0,,
70,All,8,5,1,5,2,0,3,2,0,3,,0.0,0.0
70,All,8,5,1,2,2,1,2,3,0,2,0.0,,
70,All,9,4,2,2,1,1,1,1,1,1,1.0,,
70,All,9,4,2,1,3,0,1,2,0,1,,1.0,0.0
70,All,9,4,2,3,3,1,3,1,0,3,0.0,,
70,All,9,4,2,4,3,1,3,3,1,3,1.0,,
70,All,10,6,2,4,2,1,2,2,1,2,1.0,,
70,All,10,6,2,1,2,0,1,2,0,1,,0.0,0.0
70,All,10,6,2,2,2,1,2,2,1,2,1.0,,
70,All,10,6,2,5,3,1,3,3,1,3,1.0,,
70,All,10,6,2,6,1,0,3,3,1,3,,1.0,1.0
70,All,10,6,2,3,1,0,2,3,0,2,,1.0,0.0
70,All,11,5,2,1,2,0,1,3,0,1,,1.0,0.0
70,All,11,5,2,5,1,0,3,3,1,3,,1.0,1.0
70,All,11,5,2,2,3,0,1,1,1,1,,1.0,1.0
70,All,11,5,2,3,3,0,2,2,1,2,,1.0,1.0
70,All,11,5,2,4,3,0,2,3,0,2,,0.0,0.0
70,All,12,4,3,2,3,0,2,1,0,2,,1.0,0.0
70,All,12,4,3,3,3,0,2,3,0,2,,0.0,0.0
70,All,12,4,3,4,2,1,2,2,1,2,1.0,,
70,All,12,4,3,1,1,1,1,1,1,1,1.0,,
70,All,13,2,4,2,2,1,2,2,1,2,1.0,,
70,All,13,2,4,1,2,0,1,1,1,1,,1.0,1.0
70,All,14,6,3,1,3,0,1,3,0,1,,0.0,0.0
70,All,14,6,3,5,1,0,3,2,0,3,,1.0,0.0
70,All,14,6,3,3,3,0,2,1,0,2,,1.0,0.0
70,All,14,6,3,2,2,0,1,1,1,1,,1.0,1.0
70,All,14,6,3,6,3,1,3,3,1,3,1.0,,
70,All,14,6,3,4,2,1,2,2,1,2,1.0,,
70,All,15,3,3,3,1,0,3,2,0,3,,1.0,0.0
70,All,15,3,3,2,2,0,3,3,1,3,,1.0,1.0
70,All,15,3,3,1,3,0,2,1,0,2,,1.0,0.0
70,All,16,3,4,1,1,1,1,1,1,1,1.0,,
70,All,16,3,4,2,1,0,2,3,0,2,,1.0,0.0
70,All,16,3,4,3,2,0,3,3,1,3,,1.0,1.0
70,All,17,2,5,1,2,1,2,2,1,2,1.0,,
70,All,17,2,5,2,1,0,3,3,1,3,,1.0,1.0
70,All,18,2,6,1,1,0,2,3,0,2,,1.0,0.0
70,All,18,2,6,2,1,0,3,3,1,3,,1.0,1.0
71,All,1,2,1,2,3,1,3,3,1,3,1.0,,
71,All,1,2,1,1,1,0,2,3,0,2,,1.0,0.0
71,All,2,3,1,2,3,0,1,3,0,1,,0.0,0.0
71,All,2,3,1,3,2,1,2,2,1,2,1.0,,
71,All,2,3,1,1,3,0,1,1,1,1,,1.0,1.0
71,All,3,4,1,4,3,1,3,3,1,3,1.0,,
71,All,3,4,1,3,2,1,2,2,1,2,1.0,,
71,All,3,4,1,2,1,0,2,3,0,2,,1.0,0.0
71,All,3,4,1,1,2,0,1,1,1,1,,1.0,1.0
71,All,4,2,2,1,2,0,1,3,0,1,,1.0,0.0
71,All,5,6,1,1,3,0,1,1,1,1,,1.0,1.0
71,All,5,6,1,4,2,1,2,2,1,2,1.0,,
71,All,5,6,1,3,1,0,2,3,0,2,,1.0,0.0
71,All,5,6,1,2,1,1,1,1,1,1,1.0,,
71,All,5,6,1,5,1,0,3,2,0,3,,1.0,0.0
71,All,6,5,1,1,3,0,1,1,1,1,,1.0,1.0
71,All,6,5,1,2,2,1,2,2,1,2,1.0,,
71,All,6,5,1,5,3,1,3,1,0,3,0.0,,
71,All,7,3,2,2,3,0,2,3,0,2,,0.0,0.0
71,All,7,3,2,3,2,0,3,2,0,3,,0.0,0.0
71,All,7,3,2,1,1,1,1,1,1,1,1.0,,
71,All,8,2,3,2,2,0,3,3,1,3,,1.0,1.0
71,All,8,2,3,1,1,0,2,3,0,2,,1.0,0.0
71,All,9,5,2,1,2,0,1,1,1,1,,1.0,1.0
71,All,9,5,2,5,3,1,3,3,1,3,1.0,,
71,All,9,5,2,3,1,1,1,1,1,1,1.0,,
71,All,9,5,2,4,2,0,3,2,0,3,,0.0,0.0
71,All,10,6,2,1,3,0,1,1,1,1,,1.0,1.0
71,All,10,6,2,2,2,0,1,2,0,1,,0.0,0.0
71,All,10,6,2,6,1,0,3,1,0,3,,0.0,0.0
71,All,10,6,2,3,3,0,2,2,1,2,,1.0,1.0
71,All,10,6,2,5,3,1,3,3,1,3,1.0,,
71,All,10,6,2,4,1,0,2,1,0,2,,0.0,0.0
71,All,11,4,2,1,3,0,1,1,1,1,,1.0,1.0
71,All,11,4,2,3,2,1,2,2,1,2,1.0,,
71,All,11,4,2,2,3,0,2,1,0,2,,1.0,0.0
71,All,11,4,2,4,3,0,2,1,0,2,,1.0,0.0
71,All,12,2,4,2,3,1,3,3,1,3,1.0,,
71,All,12,2,4,1,2,0,1,3,0,1,,1.0,0.0
71,All,13,3,3,2,3,1,3,3,1,3,1.0,,
71,All,13,3,3,1,2,1,2,2,1,2,1.0,,
71,All,13,3,3,3,1,0,3,2,0,3,,1.0,0.0
71,All,14,4,3,2,2,0,1,1,1,1,,1.0,1.0
71,All,14,4,3,3,3,1,3,3,1,3,1.0,,
71,All,14,4,3,1,3,0,1,2,0,1,,1.0,0.0
71,All,14,4,3,4,1,0,3,2,0,3,,1.0,0.0
71,All,15,2,5,1,3,0,1,1,1,1,,1.0,1.0
71,All,15,2,5,2,2,1,2,2,1,2,1.0,,
71,All,16,6,3,1,2,0,1,3,0,1,,1.0,0.0
71,All,16,6,3,6,2,0,3,2,0,3,,0.0,0.0
71,All,16,6,3,3,3,0,2,3,0,2,,0.0,0.0
71,All,16,6,3,2,1,0,2,3,0,2,,1.0,0.0
71,All,16,6,3,5,3,1,3,2,0,3,0.0,,
71,All,16,6,3,4,1,0,2,2,1,2,,1.0,1.0
71,All,17,5,3,1,2,0,1,2,0,1,,0.0,0.0
71,All,17,5,3,5,3,1,3,3,1,3,1.0,,
71,All,17,5,3,3,1,0,2,2,1,2,,1.0,1.0
71,All,17,5,3,4,1,0,2,3,0,2,,1.0,0.0
71,All,17,5,3,2,2,0,1,1,1,1,,1.0,1.0
71,All,18,3,4,3,2,0,3,3,1,3,,1.0,1.0
71,All,18,3,4,1,1,1,1,1,1,1,1.0,,
71,All,18,3,4,2,3,0,2,2,1,2,,1.0,1.0
72,All,1,3,1,3,3,1,3,3,1,3,1.0,,
72,All,1,3,1,2,3,1,3,3,1,3,1.0,,
72,All,1,3,1,1,3,0,2,1,0,2,,1.0,0.0
72,All,2,2,1,1,3,0,2,2,1,2,,1.0,1.0
72,All,2,2,1,2,3,1,3,3,1,3,1.0,,
72,All,3,2,2,1,3,0,1,2,0,1,,1.0,0.0
72,All,3,2,2,2,1,1,1,1,1,1,1.0,,
72,All,4,5,1,3,1,0,3,2,0,3,,1.0,0.0
72,All,4,5,1,1,3,0,1,3,0,1,,0.0,0.0
72,All,4,5,1,4,1,0,3,1,0,3,,0.0,0.0
72,All,4,5,1,2,2,1,2,1,0,2,0.0,,
72,All,4,5,1,5,3,1,3,3,1,3,1.0,,
72,All,5,4,1,3,3,0,2,1,0,2,,1.0,0.0
72,All,5,4,1,4,3,0,2,1,0,2,,1.0,0.0
72,All,5,4,1,1,2,0,1,3,0,1,,1.0,0.0
72,All,5,4,1,2,1,0,2,1,0,2,,0.0,0.0
72,All,6,2,3,2,3,1,3,3,1,3,1.0,,
72,All,6,2,3,1,3,0,2,1,0,2,,1.0,0.0
72,All,7,6,1,6,3,1,3,3,1,3,1.0,,
72,All,7,6,1,5,3,1,3,3,1,3,1.0,,
72,All,7,6,1,1,3,0,1,3,0,1,,0.0,0.0
72,All,7,6,1,2,3,0,2,2,1,2,,1.0,1.0
72,All,7,6,1,3,3,0,2,3,0,2,,0.0,0.0
72,All,8,3,2,2,3,0,2,1,0,2,,1.0,0.0
72,All,8,3,2,3,3,1,3,3,1,3,1.0,,
72,All,8,3,2,1,3,0,1,1,1,1,,1.0,1.0
72,All,9,4,2,4,3,1,3,3,1,3,1.0,,
72,All,9,4,2,3,3,1,3,3,1,3,1.0,,
72,All,10,6,2,5,3,1,3,3,1,3,1.0,,
72,All,10,6,2,1,3,0,1,3,0,1,,0.0,0.0
72,All,10,6,2,3,3,0,2,1,0,2,,1.0,0.0
72,All,10,6,2,4,3,0,2,3,0,2,,0.0,0.0
72,All,10,6,2,6,3,1,3,2,0,3,0.0,,
72,All,10,6,2,2,1,1,1,1,1,1,1.0,,
72,All,11,5,2,5,3,1,3,3,1,3,1.0,,
72,All,11,5,2,2,3,0,1,1,1,1,,1.0,1.0
72,All,11,5,2,4,2,1,2,2,1,2,1.0,,
72,All,11,5,2,3,1,0,2,2,1,2,,1.0,1.0
72,All,11,5,2,1,1,1,1,3,0,1,0.0,,
72,All,12,3,3,2,3,0,2,1,0,2,,1.0,0.0
72,All,12,3,3,1,3,0,1,1,1,1,,1.0,1.0
72,All,12,3,3,3,2,0,3,3,1,3,,1.0,1.0
72,All,13,2,4,2,3,0,2,3,0,2,,0.0,0.0
72,All,13,2,4,1,3,0,1,1,1,1,,1.0,1.0
72,All,14,2,5,2,3,1,3,3,1,3,1.0,,
72,All,14,2,5,1,3,0,1,1,1,1,,1.0,1.0
72,All,15,5,3,2,3,0,1,1,1,1,,1.0,1.0
72,All,15,5,3,1,3,0,1,3,0,1,,0.0,0.0
72,All,15,5,3,5,3,1,3,3,1,3,1.0,,
72,All,15,5,3,4,3,1,3,2,0,3,0.0,,
72,All,15,5,3,3,1,1,1,1,1,1,1.0,,
72,All,16,4,3,4,3,1,3,3,1,3,1.0,,
72,All,16,4,3,3,3,0,2,2,1,2,,1.0,1.0
72,All,16,4,3,1,3,0,1,1,1,1,,1.0,1.0
72,All,16,4,3,2,3,0,2,1,0,2,,1.0,0.0
72,All,17,2,6,2,3,1,3,3,1,3,1.0,,
72,All,17,2,6,1,1,0,2,2,1,2,,1.0,1.0
72,All,18,6,3,6,3,1,3,3,1,3,1.0,,
72,All,18,6,3,4,3,0,2,1,0,2,,1.0,0.0
72,All,18,6,3,1,3,0,1,2,0,1,,1.0,0.0
72,All,18,6,3,2,2,0,1,1,1,1,,1.0,1.0
72,All,18,6,3,3,1,0,2,1,0,2,,0.0,0.0
72,All,18,6,3,5,1,0,3,2,0,3,,1.0,0.0
73,All,1,2,1,2,2,0,3,3,1,3,,1.0,1.0
73,All,1,2,1,1,1,0,2,2,1,2,,1.0,1.0
73,All,2,5,1,1,3,0,1,3,0,1,,0.0,0.0
73,All,2,5,1,5,3,1,3,3,1,3,1.0,,
73,All,2,5,1,4,2,0,3,2,0,3,,0.0,0.0
73,All,2,5,1,3,1,1,1,1,1,1,1.0,,
73,All,3,2,2,2,3,0,1,2,0,1,,1.0,0.0
73,All,3,2,2,1,3,0,1,2,0,1,,1.0,0.0
73,All,4,4,1,2,3,0,1,2,0,1,,1.0,0.0
73,All,4,4,1,4,3,1,3,3,1,3,1.0,,
73,All,4,4,1,1,2,0,1,2,0,1,,0.0,0.0
73,All,4,4,1,3,1,0,3,2,0,3,,1.0,0.0
73,All,5,6,1,3,3,0,2,3,0,2,,0.0,0.0
73,All,5,6,1,2,3,0,1,2,0,1,,1.0,0.0
73,All,5,6,1,4,3,0,2,3,0,2,,0.0,0.0
73,All,5,6,1,5,3,1,3,2,0,3,0.0,,
73,All,5,6,1,6,3,1,3,3,1,3,1.0,,
73,All,5,6,1,1,1,1,1,1,1,1,1.0,,
73,All,6,3,1,1,3,0,1,1,1,1,,1.0,1.0
73,All,6,3,1,2,3,0,2,2,1,2,,1.0,1.0
73,All,6,3,1,3,3,1,3,3,1,3,1.0,,
73,All,7,3,2,1,2,0,1,2,0,1,,0.0,0.0
73,All,7,3,2,2,3,0,2,1,0,2,,1.0,0.0
73,All,7,3,2,3,3,1,3,3,1,3,1.0,,
73,All,8,2,3,2,2,0,3,3,1,3,,1.0,1.0
73,All,8,2,3,1,2,0,1,1,1,1,,1.0,1.0
73,All,9,5,2,5,2,0,3,3,1,3,,1.0,1.0
73,All,9,5,2,2,3,0,2,3,0,2,,0.0,0.0
73,All,9,5,2,1,3,0,1,3,0,1,,0.0,0.0
73,All,9,5,2,3,3,1,3,3,1,3,1.0,,
73,All,10,6,2,3,1,0,2,2,1,2,,1.0,1.0
73,All,10,6,2,1,1,1,1,1,1,1,1.0,,
73,All,10,6,2,4,3,0,2,2,1,2,,1.0,1.0
73,All,10,6,2,2,3,0,2,2,1,2,,1.0,1.0
73,All,10,6,2,6,3,1,3,3,1,3,1.0,,
73,All,10,6,2,5,2,0,3,3,1,3,,1.0,1.0
73,All,11,4,2,1,3,0,1,2,0,1,,1.0,0.0
73,All,11,4,2,2,3,0,2,1,0,2,,1.0,0.0
73,All,11,4,2,3,3,0,2,2,1,2,,1.0,1.0
73,All,11,4,2,4,1,0,2,2,1,2,,1.0,1.0
73,All,12,2,4,1,3,0,2,2,1,2,,1.0,1.0
73,All,12,2,4,2,3,1,3,3,1,3,1.0,,
73,All,13,5,3,2,3,0,1,2,0,1,,1.0,0.0
73,All,13,5,3,5,3,1,3,3,1,3,1.0,,
73,All,13,5,3,3,2,1,2,2,1,2,1.0,,
73,All,13,5,3,4,1,0,2,2,1,2,,1.0,1.0
73,All,13,5,3,1,1,1,1,3,0,1,0.0,,
73,All,14,2,5,2,2,1,2,2,1,2,1.0,,
73,All,14,2,5,1,2,0,1,3,0,1,,1.0,0.0
73,All,15,4,3,2,3,0,2,3,0,2,,0.0,0.0
73,All,15,4,3,4,3,1,3,1,0,3,0.0,,
73,All,15,4,3,3,2,1,2,2,1,2,1.0,,
73,All,15,4,3,1,1,1,1,1,1,1,1.0,,
73,All,16,6,3,5,3,1,3,3,1,3,1.0,,
73,All,16,6,3,4,3,0,2,2,1,2,,1.0,1.0
73,All,16,6,3,1,2,0,1,2,0,1,,0.0,0.0
73,All,16,6,3,3,2,1,2,2,1,2,1.0,,
73,All,16,6,3,6,2,0,3,1,0,3,,1.0,0.0
73,All,16,6,3,2,1,1,1,1,1,1,1.0,,
73,All,17,3,3,1,2,1,2,2,1,2,1.0,,
73,All,17,3,3,2,3,1,3,3,1,3,1.0,,
73,All,17,3,3,3,1,0,3,2,0,3,,1.0,0.0
73,All,18,3,4,1,2,0,1,3,0,1,,1.0,0.0
73,All,18,3,4,2,2,0,1,1,1,1,,1.0,1.0
73,All,18,3,4,3,2,1,2,2,1,2,1.0,,
74,All,1,5,1,1,3,0,1,1,1,1,,1.0,1.0
74,All,1,5,1,5,3,1,3,3,1,3,1.0,,
74,All,1,5,1,3,2,0,1,2,0,1,,0.0,0.0
74,All,1,5,1,2,3,0,1,1,1,1,,1.0,1.0
74,All,1,5,1,4,2,0,3,1,0,3,,1.0,0.0
74,All,2,4,1,2,3,0,1,1,1,1,,1.0,1.0
74,All,2,4,1,4,3,1,3,3,1,3,1.0,,
74,All,2,4,1,1,1,1,1,1,1,1,1.0,,
74,All,2,4,1,3,3,1,3,3,1,3,1.0,,
74,All,3,2,1,1,3,0,2,1,0,2,,1.0,0.0
74,All,3,2,1,2,3,1,3,3,1,3,1.0,,
74,All,4,3,1,3,2,0,3,1,0,3,,1.0,0.0
74,All,4,3,1,1,1,0,2,3,0,2,,1.0,0.0
74,All,4,3,1,2,3,1,3,2,0,3,0.0,,
74,All,5,2,2,1,3,0,1,1,1,1,,1.0,1.0
74,All,5,2,2,2,3,0,1,2,0,1,,1.0,0.0
74,All,6,2,3,1,3,0,2,3,0,2,,0.0,0.0
74,All,6,2,3,2,1,0,3,2,0,3,,1.0,0.0
74,All,7,6,1,3,3,0,2,1,0,2,,1.0,0.0
74,All,7,6,1,5,3,1,3,3,1,3,1.0,,
74,All,7,6,1,6,3,1,3,3,1,3,1.0,,
74,All,7,6,1,2,1,1,1,1,1,1,1.0,,
74,All,7,6,1,4,2,1,2,2,1,2,1.0,,
74,All,7,6,1,1,2,0,1,1,1,1,,1.0,1.0
74,All,8,3,2,3,2,0,3,3,1,3,,1.0,1.0
74,All,8,3,2,2,2,1,2,2,1,2,1.0,,
74,All,8,3,2,1,1,1,1,1,1,1,1.0,,
74,All,9,5,2,2,3,0,1,2,0,1,,1.0,0.0
74,All,9,5,2,4,3,0,2,1,0,2,,1.0,0.0
74,All,9,5,2,3,3,0,2,1,0,2,,1.0,0.0
74,All,9,5,2,1,3,0,1,1,1,1,,1.0,1.0
74,All,9,5,2,5,2,0,3,3,1,3,,1.0,1.0
74,All,10,4,2,1,2,0,1,3,0,1,,1.0,0.0
74,All,10,4,2,4,1,0,2,3,0,2,,1.0,0.0
74,All,10,4,2,3,3,0,2,2,1,2,,1.0,1.0
74,All,10,4,2,2,1,0,2,2,1,2,,1.0,1.0
74,All,11,6,2,6,3,1,3,3,1,3,1.0,,
74,All,11,6,2,3,3,0,2,2,1,2,,1.0,1.0
74,All,11,6,2,4,1,0,2,2,1,2,,1.0,1.0
74,All,11,6,2,2,1,1,1,1,1,1,1.0,,
74,All,11,6,2,5,3,1,3,3,1,3,1.0,,
74,All,11,6,2,1,1,1,1,1,1,1,1.0,,
74,All,12,5,3,4,3,1,3,3,1,3,1.0,,
74,All,12,5,3,3,1,0,3,2,0,3,,1.0,0.0
74,All,12,5,3,1,1,1,1,1,1,1,1.0,,
74,All,12,5,3,5,2,0,3,1,0,3,,1.0,0.0
74,All,12,5,3,2,2,1,2,2,1,2,1.0,,
74,All,13,4,3,3,3,0,2,1,0,2,,1.0,0.0
74,All,13,4,3,4,3,1,3,3,1,3,1.0,,
74,All,13,4,3,1,3,0,1,1,1,1,,1.0,1.0
74,All,13,4,3,2,1,0,2,3,0,2,,1.0,0.0
74,All,14,2,4,1,1,0,2,2,1,2,,1.0,1.0
74,All,14,2,4,2,3,1,3,3,1,3,1.0,,
74,All,15,3,3,3,1,0,2,3,0,2,,1.0,0.0
74,All,15,3,3,2,3,0,1,1,1,1,,1.0,1.0
74,All,15,3,3,1,3,0,1,2,0,1,,1.0,0.0
74,All,16,2,5,1,1,1,1,1,1,1,1.0,,
74,All,16,2,5,2,2,0,3,3,1,3,,1.0,1.0
74,All,17,2,6,1,3,0,1,1,1,1,,1.0,1.0
74,All,17,2,6,2,1,0,2,2,1,2,,1.0,1.0
74,All,18,6,3,1,3,0,1,3,0,1,,0.0,0.0
74,All,18,6,3,5,3,1,3,3,1,3,1.0,,
74,All,18,6,3,4,1,0,2,3,0,2,,1.0,0.0
74,All,18,6,3,6,2,0,3,1,0,3,,1.0,0.0
74,All,18,6,3,2,3,0,2,1,0,2,,1.0,0.0
74,All,18,6,3,3,2,1,2,2,1,2,1.0,,
75,All,1,4,1,1,3,0,1,2,0,1,,1.0,0.0
75,All,1,4,1,2,3,0,2,3,0,2,,0.0,0.0
75,All,1,4,1,4,1,0,3,2,0,3,,1.0,0.0
75,All,2,3,1,2,3,0,1,3,0,1,,0.0,0.0
75,All,2,3,1,3,3,0,2,3,0,2,,0.0,0.0
75,All,2,3,1,1,3,0,1,2,0,1,,1.0,0.0
75,All,3,5,1,1,3,0,1,2,0,1,,1.0,0.0
75,All,3,5,1,5,3,1,3,3,1,3,1.0,,
75,All,3,5,1,4,3,1,3,3,1,3,1.0,,
75,All,3,5,1,3,2,0,1,1,1,1,,1.0,1.0
75,All,4,2,1,1,3,0,2,2,1,2,,1.0,1.0
75,All,4,2,1,2,3,1,3,3,1,3,1.0,,
75,All,5,2,2,2,3,0,1,2,0,1,,1.0,0.0
75,All,5,2,2,1,3,0,1,2,0,1,,1.0,0.0
75,All,6,3,2,3,3,1,3,3,1,3,1.0,,
75,All,6,3,2,2,2,1,2,2,1,2,1.0,,
75,All,6,3,2,1,3,0,1,1,1,1,,1.0,1.0
75,All,7,2,3,1,3,0,2,2,1,2,,1.0,1.0
75,All,7,2,3,2,3,1,3,3,1,3,1.0,,
75,All,8,6,1,4,3,0,2,2,1,2,,1.0,1.0
75,All,8,6,1,2,3,0,2,1,0,2,,1.0,0.0
75,All,8,6,1,5,3,1,3,3,1,3,1.0,,
75,All,8,6,1,6,3,1,3,3,1,3,1.0,,
75,All,8,6,1,3,1,0,2,2,1,2,,1.0,1.0
75,All,8,6,1,1,1,1,1,1,1,1,1.0,,
75,All,9,4,2,3,3,0,2,2,1,2,,1.0,1.0
75,All,9,4,2,1,3,0,1,3,0,1,,0.0,0.0
75,All,9,4,2,2,3,0,2,1,0,2,,1.0,0.0
75,All,9,4,2,4,3,0,2,1,0,2,,1.0,0.0
75,All,10,5,2,3,3,1,3,3,1,3,1.0,,
75,All,10,5,2,5,3,1,3,3,1,3,1.0,,
75,All,10,5,2,1,3,0,1,2,0,1,,1.0,0.0
75,All,10,5,2,4,3,1,3,3,1,3,1.0,,
75,All,10,5,2,2,3,0,2,1,0,2,,1.0,0.0
75,All,11,6,2,4,3,0,2,2,1,2,,1.0,1.0
75,All,11,6,2,1,3,0,1,1,1,1,,1.0,1.0
75,All,11,6,2,3,3,0,2,2,1,2,,1.0,1.0
75,All,11,6,2,5,3,1,3,3,1,3,1.0,,
75,All,11,6,2,6,2,0,3,3,1,3,,1.0,1.0
75,All,11,6,2,2,1,1,1,1,1,1,1.0,,
75,All,12,4,3,3,3,1,3,3,1,3,1.0,,
75,All,12,4,3,1,3,0,1,2,0,1,,1.0,0.0
75,All,12,4,3,4,3,1,3,3,1,3,1.0,,
75,All,12,4,3,2,2,0,1,1,1,1,,1.0,1.0
75,All,13,3,3,1,3,0,2,2,1,2,,1.0,1.0
75,All,13,3,3,2,3,1,3,3,1,3,1.0,,
75,All,13,3,3,3,1,0,3,3,1,3,,1.0,1.0
75,All,14,5,3,1,3,0,1,2,0,1,,1.0,0.0
75,All,14,5,3,2,3,0,1,2,0,1,,1.0,0.0
75,All,14,5,3,3,3,0,2,2,1,2,,1.0,1.0
75,All,14,5,3,5,3,1,3,3,1,3,1.0,,
75,All,14,5,3,4,1,0,2,1,0,2,,0.0,0.0
75,All,15,2,4,1,3,0,1,2,0,1,,1.0,0.0
75,All,15,2,4,2,3,1,3,3,1,3,1.0,,
75,All,16,2,5,2,3,1,3,3,1,3,1.0,,
75,All,16,2,5,1,3,0,2,2,1,2,,1.0,1.0
75,All,17,3,4,2,3,0,2,2,1,2,,1.0,1.0
75,All,17,3,4,3,3,1,3,3,1,3,1.0,,
75,All,17,3,4,1,1,1,1,1,1,1,1.0,,
75,All,18,2,6,1,3,0,1,2,0,1,,1.0,0.0
75,All,18,2,6,2,3,0,2,2,1,2,,1.0,1.0
76,All,1,3,1,2,3,0,2,2,1,2,,1.0,1.0
76,All,1,3,1,3,2,0,3,1,0,3,,1.0,0.0
76,All,1,3,1,1,1,1,1,1,1,1,1.0,,
76,All,2,2,1,1,1,0,2,2,1,2,,1.0,1.0
76,All,2,2,1,2,3,1,3,3,1,3,1.0,,
76,All,3,4,1,4,1,0,3,2,0,3,,1.0,0.0
76,All,3,4,1,2,3,0,1,3,0,1,,0.0,0.0
76,All,3,4,1,1,1,1,1,1,1,1,1.0,,
76,All,3,4,1,3,2,0,3,2,0,3,,0.0,0.0
76,All,4,3,2,3,3,0,2,2,1,2,,1.0,1.0
76,All,4,3,2,2,1,1,1,1,1,1,1.0,,
76,All,4,3,2,1,3,0,1,2,0,1,,1.0,0.0
76,All,5,5,1,1,3,0,1,3,0,1,,0.0,0.0
76,All,5,5,1,3,1,0,3,3,1,3,,1.0,1.0
76,All,5,5,1,4,1,0,3,2,0,3,,1.0,0.0
76,All,5,5,1,2,3,0,2,1,0,2,,1.0,0.0
76,All,6,6,1,3,3,0,2,2,1,2,,1.0,1.0
76,All,6,6,1,6,1,0,3,1,0,3,,0.0,0.0
76,All,6,6,1,4,3,0,2,1,0,2,,1.0,0.0
76,All,6,6,1,1,3,0,1,3,0,1,,0.0,0.0
76,All,6,6,1,5,3,1,3,3,1,3,1.0,,
76,All,7,2,2,1,3,0,1,1,1,1,,1.0,1.0
76,All,7,2,2,2,1,1,1,1,1,1,1.0,,
76,All,8,2,3,1,3,0,1,1,1,1,,1.0,1.0
76,All,8,2,3,2,3,0,2,2,1,2,,1.0,1.0
76,All,9,4,2,4,3,0,2,1,0,2,,1.0,0.0
76,All,9,4,2,2,3,0,2,1,0,2,,1.0,0.0
76,All,9,4,2,3,3,0,2,2,1,2,,1.0,1.0
76,All,10,6,2,4,3,0,2,1,0,2,,1.0,0.0
76,All,10,6,2,3,3,0,2,1,0,2,,1.0,0.0
76,All,10,6,2,1,3,0,1,2,0,1,,1.0,0.0
76,All,10,6,2,6,3,1,3,3,1,3,1.0,,
76,All,10,6,2,5,3,1,3,3,1,3,1.0,,
76,All,10,6,2,2,1,0,2,2,1,2,,1.0,1.0
76,All,11,5,2,5,3,1,3,3,1,3,1.0,,
76,All,11,5,2,3,3,0,1,1,1,1,,1.0,1.0
76,All,11,5,2,1,2,0,1,3,0,1,,1.0,0.0
76,All,11,5,2,4,3,1,3,1,0,3,0.0,,
76,All,11,5,2,2,3,0,1,1,1,1,,1.0,1.0
76,All,12,3,3,3,3,1,3,3,1,3,1.0,,
76,All,12,3,3,2,3,1,3,1,0,3,0.0,,
76,All,12,3,3,1,3,0,2,3,0,2,,0.0,0.0
76,All,13,2,4,2,3,1,3,3,1,3,1.0,,
76,All,13,2,4,1,3,0,1,1,1,1,,1.0,1.0
76,All,14,4,3,4,3,1,3,3,1,3,1.0,,
76,All,14,4,3,1,3,0,1,1,1,1,,1.0,1.0
76,All,14,4,3,3,3,0,2,1,0,2,,1.0,0.0
76,All,14,4,3,2,3,0,2,1,0,2,,1.0,0.0
76,All,15,3,4,2,3,0,2,1,0,2,,1.0,0.0
76,All,15,3,4,3,3,1,3,3,1,3,1.0,,
76,All,15,3,4,1,3,0,1,2,0,1,,1.0,0.0
76,All,16,5,3,4,3,0,2,3,0,2,,0.0,0.0
76,All,16,5,3,2,3,0,1,1,1,1,,1.0,1.0
76,All,16,5,3,5,3,1,3,1,0,3,0.0,,
76,All,16,5,3,1,3,0,1,3,0,1,,0.0,0.0
76,All,16,5,3,3,1,0,2,1,0,2,,0.0,0.0
76,All,17,6,3,2,3,0,1,1,1,1,,1.0,1.0
76,All,17,6,3,3,1,0,2,1,0,2,,0.0,0.0
76,All,17,6,3,5,3,1,3,1,0,3,0.0,,
76,All,17,6,3,1,3,0,1,1,1,1,,1.0,1.0
76,All,17,6,3,4,3,0,2,2,1,2,,1.0,1.0
76,All,17,6,3,6,1,0,3,1,0,3,,0.0,0.0
76,All,18,2,5,1,3,0,2,1,0,2,,1.0,0.0
76,All,18,2,5,2,3,1,3,3,1,3,1.0,,
77,All,1,2,1,2,1,0,3,3,1,3,,1.0,1.0
77,All,1,2,1,1,2,1,2,2,1,2,1.0,,
77,All,2,3,1,1,3,0,1,1,1,1,,1.0,1.0
77,All,2,3,1,2,1,0,2,3,0,2,,1.0,0.0
77,All,2,3,1,3,3,1,3,3,1,3,1.0,,
77,All,3,3,2,3,2,1,2,2,1,2,1.0,,
77,All,3,3,2,1,1,1,1,1,1,1,1.0,,
77,All,3,3,2,2,3,0,1,1,1,1,,1.0,1.0
77,All,4,6,1,2,1,0,2,2,1,2,,1.0,1.0
77,All,4,6,1,5,3,1,3,3,1,3,1.0,,
77,All,4,6,1,4,3,0,2,1,0,2,,1.0,0.0
77,All,4,6,1,6,2,0,3,2,0,3,,0.0,0.0
77,All,5,4,1,2,2,1,2,2,1,2,1.0,,
77,All,5,4,1,3,3,0,2,1,0,2,,1.0,0.0
77,All,5,4,1,4,2,0,3,2,0,3,,0.0,0.0
77,All,5,4,1,1,1,1,1,2,0,1,0.0,,
77,All,6,2,2,2,2,0,1,1,1,1,,1.0,1.0
77,All,6,2,2,1,3,0,1,2,0,1,,1.0,0.0
77,All,7,5,1,2,1,1,1,1,1,1,1.0,,
77,All,7,5,1,1,3,0,1,2,0,1,,1.0,0.0
77,All,7,5,1,3,2,1,2,1,0,2,0.0,,
77,All,7,5,1,4,3,0,2,2,1,2,,1.0,1.0
77,All,7,5,1,5,3,1,3,3,1,3,1.0,,
77,All,8,2,3,1,3,0,2,2,1,2,,1.0,1.0
77,All,8,2,3,2,3,1,3,3,1,3,1.0,,
77,All,9,6,2,6,3,1,3,2,0,3,0.0,,
77,All,9,6,2,3,2,1,2,2,1,2,1.0,,
77,All,9,6,2,2,1,1,1,1,1,1,1.0,,
77,All,9,6,2,1,3,0,1,3,0,1,,0.0,0.0
77,All,9,6,2,5,1,0,3,2,0,3,,1.0,0.0
77,All,9,6,2,4,2,1,2,2,1,2,1.0,,
77,All,10,4,2,4,1,0,2,2,1,2,,1.0,1.0
77,All,10,4,2,1,1,1,1,3,0,1,0.0,,
77,All,10,4,2,2,3,0,2,1,0,2,,1.0,0.0
77,All,10,4,2,3,1,0,2,2,1,2,,1.0,1.0
77,All,11,5,2,3,2,0,3,1,0,3,,1.0,0.0
77,All,11,5,2,1,1,1,1,2,0,1,0.0,,
77,All,11,5,2,2,2,1,2,2,1,2,1.0,,
77,All,11,5,2,5,1,0,3,2,0,3,,1.0,0.0
77,All,11,5,2,4,1,0,3,2,0,3,,1.0,0.0
77,All,12,2,4,1,1,1,1,1,1,1,1.0,,
77,All,12,2,4,2,2,0,3,3,1,3,,1.0,1.0
77,All,13,3,3,1,3,0,1,1,1,1,,1.0,1.0
77,All,13,3,3,3,3,1,3,3,1,3,1.0,,
77,All,13,3,3,2,1,0,2,2,1,2,,1.0,1.0
77,All,14,3,4,2,3,1,3,3,1,3,1.0,,
77,All,14,3,4,1,1,0,2,2,1,2,,1.0,1.0
77,All,14,3,4,3,1,0,3,2,0,3,,1.0,0.0
77,All,15,6,3,2,2,0,1,1,1,1,,1.0,1.0
77,All,15,6,3,1,2,0,1,1,1,1,,1.0,1.0
77,All,15,6,3,3,2,1,2,2,1,2,1.0,,
77,All,15,6,3,5,2,0,3,3,1,3,,1.0,1.0
77,All,15,6,3,4,2,1,2,2,1,2,1.0,,
77,All,15,6,3,6,3,1,3,3,1,3,1.0,,
77,All,16,4,3,2,1,1,1,1,1,1,1.0,,
77,All,16,4,3,1,3,0,1,2,0,1,,1.0,0.0
77,All,16,4,3,4,3,1,3,3,1,3,1.0,,
77,All,16,4,3,3,2,0,3,3,1,3,,1.0,1.0
77,All,17,2,5,1,2,0,1,3,0,1,,1.0,0.0
77,All,17,2,5,2,3,0,2,2,1,2,,1.0,1.0
77,All,18,5,3,5,1,0,3,2,0,3,,1.0,0.0
77,All,18,5,3,1,1,1,1,1,1,1,1.0,,
77,All,18,5,3,4,1,0,3,2,0,3,,1.0,0.0
77,All,18,5,3,2,1,1,1,1,1,1,1.0,,
77,All,18,5,3,3,3,0,1,1,1,1,,1.0,1.0
78,All,1,3,1,3,3,1,3,3,1,3,1.0,,
78,All,1,3,1,1,2,0,1,1,1,1,,1.0,1.0
78,All,1,3,1,2,2,1,2,2,1,2,1.0,,
78,All,2,6,1,4,3,0,2,3,0,2,,0.0,0.0
78,All,2,6,1,5,3,1,3,3,1,3,1.0,,
78,All,2,6,1,6,2,0,3,2,0,3,,0.0,0.0
78,All,2,6,1,3,1,0,2,1,0,2,,0.0,0.0
78,All,2,6,1,2,2,0,1,3,0,1,,1.0,0.0
78,All,2,6,1,1,3,0,1,2,0,1,,1.0,0.0
78,All,3,2,1,1,3,0,2,2,1,2,,1.0,1.0
78,All,3,2,1,2,3,1,3,3,1,3,1.0,,
78,All,4,2,2,2,3,0,1,2,0,1,,1.0,0.0
78,All,4,2,2,1,2,0,1,3,0,1,,1.0,0.0
78,All,5,3,2,1,3,0,2,2,1,2,,1.0,1.0
78,All,5,3,2,3,1,0,3,3,1,3,,1.0,1.0
78,All,5,3,2,2,1,0,3,3,1,3,,1.0,1.0
78,All,6,2,3,1,1,1,1,1,1,1,1.0,,
78,All,7,4,1,1,3,0,1,2,0,1,,1.0,0.0
78,All,7,4,1,3,3,0,2,2,1,2,,1.0,1.0
78,All,7,4,1,4,1,0,3,2,0,3,,1.0,0.0
78,All,7,4,1,2,3,0,2,1,0,2,,1.0,0.0
78,All,8,5,1,5,3,1,3,3,1,3,1.0,,
78,All,8,5,1,4,2,1,2,2,1,2,1.0,,
78,All,8,5,1,2,1,1,1,1,1,1,1.0,,
78,All,8,5,1,3,3,0,2,3,0,2,,0.0,0.0
78,All,8,5,1,1,2,0,1,1,1,1,,1.0,1.0
78,All,9,6,2,1,3,0,1,3,0,1,,0.0,0.0
78,All,9,6,2,3,3,0,2,1,0,2,,1.0,0.0
78,All,9,6,2,6,3,1,3,3,1,3,1.0,,
78,All,9,6,2,5,3,1,3,3,1,3,1.0,,
78,All,9,6,2,2,2,1,2,2,1,2,1.0,,
78,All,9,6,2,4,2,1,2,2,1,2,1.0,,
78,All,10,5,2,4,3,1,3,3,1,3,1.0,,
78,All,10,5,2,5,2,0,3,3,1,3,,1.0,1.0
78,All,10,5,2,3,2,0,1,1,1,1,,1.0,1.0
78,All,10,5,2,1,2,0,1,2,0,1,,0.0,0.0
78,All,10,5,2,2,2,0,1,3,0,1,,1.0,0.0
78,All,11,4,2,1,3,0,1,2,0,1,,1.0,0.0
78,All,11,4,2,2,3,0,1,2,0,1,,1.0,0.0
78,All,11,4,2,4,3,1,3,3,1,3,1.0,,
78,All,11,4,2,3,2,0,3,3,1,3,,1.0,1.0
78,All,12,3,3,1,3,0,1,2,0,1,,1.0,0.0
78,All,12,3,3,3,3,0,2,3,0,2,,0.0,0.0
78,All,12,3,3,2,3,0,1,1,1,1,,1.0,1.0
78,All,13,6,3,3,3,0,2,2,1,2,,1.0,1.0
78,All,13,6,3,6,3,1,3,3,1,3,1.0,,
78,All,13,6,3,5,3,1,3,3,1,3,1.0,,
78,All,13,6,3,1,2,0,1,2,0,1,,0.0,0.0
78,All,13,6,3,4,2,1,2,1,0,2,0.0,,
78,All,13,6,3,2,1,1,1,3,0,1,0.0,,
78,All,14,2,4,2,3,1,3,3,1,3,1.0,,
78,All,14,2,4,1,2,1,2,2,1,2,1.0,,
78,All,15,2,5,1,2,0,1,1,1,1,,1.0,1.0
78,All,15,2,5,2,2,1,2,2,1,2,1.0,,
78,All,16,3,4,3,3,1,3,3,1,3,1.0,,
78,All,16,3,4,2,2,1,2,2,1,2,1.0,,
78,All,16,3,4,1,1,1,1,1,1,1,1.0,,
78,All,17,2,6,2,2,0,3,1,0,3,,1.0,0.0
78,All,17,2,6,1,1,0,2,3,0,2,,1.0,0.0
78,All,18,4,3,2,3,0,2,2,1,2,,1.0,1.0
78,All,18,4,3,4,3,0,2,3,0,2,,0.0,0.0
78,All,18,4,3,1,3,0,1,2,0,1,,1.0,0.0
78,All,18,4,3,3,3,0,2,2,1,2,,1.0,1.0
79,All,1,6,1,1,1,1,1,3,0,1,0.0,,
79,All,1,6,1,5,2,0,3,1,0,3,,1.0,0.0
79,All,1,6,1,2,1,0,2,1,0,2,,0.0,0.0
79,All,1,6,1,4,1,0,2,2,1,2,,1.0,1.0
79,All,1,6,1,6,3,1,3,2,0,3,0.0,,
79,All,1,6,1,3,1,0,2,2,1,2,,1.0,1.0
79,All,2,2,1,2,1,0,3,2,0,3,,1.0,0.0
79,All,2,2,1,1,1,0,2,2,1,2,,1.0,1.0
79,All,3,3,1,1,1,0,2,2,1,2,,1.0,1.0
79,All,3,3,1,2,1,0,3,1,0,3,,0.0,0.0
79,All,3,3,1,3,3,1,3,3,1,3,1.0,,
79,All,4,2,2,1,1,1,1,1,1,1,1.0,,
79,All,4,2,2,2,3,0,1,2,0,1,,1.0,0.0
79,All,5,2,3,1,1,1,1,1,1,1,1.0,,
79,All,5,2,3,2,2,1,2,2,1,2,1.0,,
79,All,6,5,1,1,1,1,1,1,1,1,1.0,,
79,All,6,5,1,2,2,0,1,2,0,1,,0.0,0.0
79,All,6,5,1,5,3,1,3,1,0,3,0.0,,
79,All,6,5,1,4,1,0,2,3,0,2,,1.0,0.0
79,All,6,5,1,3,3,0,2,2,1,2,,1.0,1.0
79,All,7,3,2,2,3,0,1,2,0,1,,1.0,0.0
79,All,7,3,2,3,3,0,2,2,1,2,,1.0,1.0
79,All,7,3,2,1,3,0,1,1,1,1,,1.0,1.0
79,All,8,4,1,4,1,0,3,2,0,3,,1.0,0.0
79,All,8,4,1,3,1,0,3,3,1,3,,1.0,1.0
79,All,8,4,1,2,1,1,1,1,1,1,1.0,,
79,All,8,4,1,1,2,0,1,2,0,1,,0.0,0.0
79,All,9,5,2,1,1,1,1,1,1,1,1.0,,
79,All,9,5,2,4,2,0,3,1,0,3,,1.0,0.0
79,All,9,5,2,2,3,0,1,1,1,1,,1.0,1.0
79,All,9,5,2,5,1,0,3,3,1,3,,1.0,1.0
79,All,9,5,2,3,2,0,1,1,1,1,,1.0,1.0
79,All,10,6,2,4,1,0,2,1,0,2,,0.0,0.0
79,All,10,6,2,2,1,1,1,1,1,1,1.0,,
79,All,10,6,2,3,2,1,2,2,1,2,1.0,,
79,All,10,6,2,1,1,1,1,2,0,1,0.0,,
79,All,10,6,2,5,3,1,3,3,1,3,1.0,,
79,All,10,6,2,6,3,1,3,3,1,3,1.0,,
79,All,11,4,2,1,1,1,1,1,1,1,1.0,,
79,All,11,4,2,4,2,1,2,2,1,2,1.0,,
79,All,11,4,2,2,3,0,2,1,0,2,,1.0,0.0
79,All,11,4,2,3,3,0,2,1,0,2,,1.0,0.0
79,All,12,6,3,4,1,0,2,3,0,2,,1.0,0.0
79,All,12,6,3,2,1,1,1,1,1,1,1.0,,
79,All,12,6,3,3,2,1,2,2,1,2,1.0,,
79,All,12,6,3,1,1,1,1,1,1,1,1.0,,
79,All,12,6,3,6,3,1,3,3,1,3,1.0,,
79,All,12,6,3,5,2,0,3,3,1,3,,1.0,1.0
79,All,13,2,4,1,1,1,1,1,1,1,1.0,,
79,All,13,2,4,2,2,0,3,3,1,3,,1.0,1.0
79,All,14,3,3,2,1,0,2,3,0,2,,1.0,0.0
79,All,14,3,3,3,1,0,3,2,0,3,,1.0,0.0
79,All,14,3,3,1,1,1,1,1,1,1,1.0,,
79,All,15,2,5,1,1,0,2,2,1,2,,1.0,1.0
79,All,15,2,5,2,1,0,3,2,0,3,,1.0,0.0
79,All,16,2,6,2,1,0,3,2,0,3,,1.0,0.0
79,All,16,2,6,1,1,0,2,2,1,2,,1.0,1.0
79,All,17,5,3,3,1,0,3,2,0,3,,1.0,0.0
79,All,17,5,3,4,1,0,3,2,0,3,,1.0,0.0
79,All,17,5,3,5,1,0,3,2,0,3,,1.0,0.0
79,All,17,5,3,1,1,1,1,1,1,1,1.0,,
79,All,17,5,3,2,1,0,2,3,0,2,,1.0,0.0
79,All,18,3,4,3,1,0,3,2,0,3,,1.0,0.0
79,All,18,3,4,1,1,1,1,1,1,1,1.0,,
79,All,18,3,4,2,2,1,2,2,1,2,1.0,,
80,All,1,2,1,2,3,1,3,3,1,3,1.0,,
80,All,1,2,1,1,3,0,2,2,1,2,,1.0,1.0
80,All,2,2,2,2,3,0,1,2,0,1,,1.0,0.0
80,All,2,2,2,1,3,0,1,2,0,1,,1.0,0.0
80,All,3,6,1,1,3,0,1,2,0,1,,1.0,0.0
80,All,3,6,1,5,3,1,3,3,1,3,1.0,,
80,All,3,6,1,2,3,0,2,2,1,2,,1.0,1.0
80,All,3,6,1,6,3,1,3,3,1,3,1.0,,
80,All,3,6,1,3,3,0,2,2,1,2,,1.0,1.0
80,All,3,6,1,4,1,0,2,3,0,2,,1.0,0.0
80,All,4,5,1,1,3,0,1,2,0,1,,1.0,0.0
80,All,4,5,1,2,3,0,1,2,0,1,,1.0,0.0
80,All,4,5,1,3,3,0,1,2,0,1,,1.0,0.0
80,All,4,5,1,4,3,1,3,3,1,3,1.0,,
80,All,4,5,1,5,3,1,3,3,1,3,1.0,,
80,All,5,3,1,3,3,1,3,3,1,3,1.0,,
80,All,5,3,1,2,3,1,3,3,1,3,1.0,,
80,All,5,3,1,1,3,0,2,2,1,2,,1.0,1.0
80,All,6,4,1,4,3,1,3,3,1,3,1.0,,
80,All,6,4,1,2,3,0,1,2,0,1,,1.0,0.0
80,All,6,4,1,1,3,0,1,2,0,1,,1.0,0.0
80,All,6,4,1,3,3,1,3,1,0,3,0.0,,
80,All,7,2,3,2,3,1,3,3,1,3,1.0,,
80,All,7,2,3,1,3,0,1,2,0,1,,1.0,0.0
80,All,8,3,2,2,3,0,1,2,0,1,,1.0,0.0
80,All,8,3,2,1,3,0,1,2,0,1,,1.0,0.0
80,All,8,3,2,3,3,0,2,1,0,2,,1.0,0.0
80,All,9,6,2,1,3,0,1,2,0,1,,1.0,0.0
80,All,9,6,2,3,3,0,2,2,1,2,,1.0,1.0
80,All,9,6,2,4,3,0,2,2,1,2,,1.0,1.0
80,All,9,6,2,5,3,1,3,3,1,3,1.0,,
80,All,9,6,2,6,3,1,3,2,0,3,0.0,,
80,All,9,6,2,2,3,0,1,1,1,1,,1.0,1.0
80,All,10,5,2,1,3,0,1,2,0,1,,1.0,0.0
80,All,10,5,2,2,3,0,1,2,0,1,,1.0,0.0
80,All,10,5,2,3,3,0,2,2,1,2,,1.0,1.0
80,All,10,5,2,5,2,0,3,1,0,3,,1.0,0.0
80,All,10,5,2,4,3,0,2,2,1,2,,1.0,1.0
80,All,11,4,2,2,3,0,2,2,1,2,,1.0,1.0
80,All,11,4,2,4,3,1,3,3,1,3,1.0,,
80,All,11,4,2,3,3,0,2,2,1,2,,1.0,1.0
80,All,11,4,2,1,3,0,1,2,0,1,,1.0,0.0
80,All,12,2,4,1,3,0,1,2,0,1,,1.0,0.0
80,All,12,2,4,2,3,0,2,2,1,2,,1.0,1.0
80,All,13,2,5,2,3,1,3,3,1,3,1.0,,
80,All,13,2,5,1,3,0,2,2,1,2,,1.0,1.0
80,All,14,6,3,4,3,0,2,2,1,2,,1.0,1.0
80,All,14,6,3,3,3,0,2,2,1,2,,1.0,1.0
80,All,14,6,3,2,3,0,1,2,0,1,,1.0,0.0
80,All,14,6,3,5,3,1,3,3,1,3,1.0,,
80,All,14,6,3,6,3,1,3,3,1,3,1.0,,
80,All,14,6,3,1,3,0,1,2,0,1,,1.0,0.0
80,All,15,5,3,1,3,0,1,2,0,1,,1.0,0.0
80,All,15,5,3,4,3,1,3,3,1,3,1.0,,
80,All,15,5,3,5,3,1,3,3,1,3,1.0,,
80,All,15,5,3,2,3,0,2,2,1,2,,1.0,1.0
80,All,15,5,3,3,3,1,3,3,1,3,1.0,,
80,All,16,3,3,1,3,0,1,2,0,1,,1.0,0.0
80,All,16,3,3,2,3,0,2,2,1,2,,1.0,1.0
80,All,16,3,3,3,3,1,3,3,1,3,1.0,,
80,All,17,4,3,2,3,0,2,2,1,2,,1.0,1.0
80,All,17,4,3,3,3,0,2,2,1,2,,1.0,1.0
80,All,17,4,3,1,3,0,1,2,0,1,,1.0,0.0
80,All,17,4,3,4,3,0,2,2,1,2,,1.0,1.0
80,All,18,2,6,1,3,0,2,2,1,2,,1.0,1.0
80,All,18,2,6,2,3,1,3,3,1,3,1.0,,
88,All,1,6,1,1,2,0,1,2,0,1,,0.0,0.0
88,All,1,6,1,6,2,0,3,1,0,3,,1.0,0.0
88,All,1,6,1,5,2,0,3,3,1,3,,1.0,1.0
88,All,1,6,1,3,2,1,2,2,1,2,1.0,,
88,All,1,6,1,4,3,0,2,1,0,2,,1.0,0.0
88,All,1,6,1,2,1,1,1,1,1,1,1.0,,
88,All,2,4,1,4,2,0,3,3,1,3,,1.0,1.0
88,All,2,4,1,1,2,0,1,3,0,1,,1.0,0.0
88,All,2,4,1,2,2,1,2,2,1,2,1.0,,
88,All,2,4,1,3,3,0,2,2,1,2,,1.0,1.0
88,All,3,2,1,1,2,1,2,2,1,2,1.0,,
88,All,3,2,1,2,3,1,3,3,1,3,1.0,,
88,All,4,2,2,1,3,0,1,2,0,1,,1.0,0.0
88,All,4,2,2,2,3,0,1,1,1,1,,1.0,1.0
88,All,5,2,3,2,2,1,2,2,1,2,1.0,,
88,All,5,2,3,1,3,0,1,1,1,1,,1.0,1.0
88,All,6,3,1,1,2,0,1,1,1,1,,1.0,1.0
88,All,6,3,1,2,2,1,2,3,0,2,0.0,,
88,All,6,3,1,3,3,1,3,3,1,3,1.0,,
88,All,7,5,1,2,2,0,1,3,0,1,,1.0,0.0
88,All,7,5,1,4,2,0,3,3,1,3,,1.0,1.0
88,All,7,5,1,3,1,1,1,1,1,1,1.0,,
88,All,7,5,1,1,3,0,1,2,0,1,,1.0,0.0
88,All,7,5,1,5,3,1,3,3,1,3,1.0,,
88,All,8,3,2,1,2,0,1,3,0,1,,1.0,0.0
88,All,8,3,2,2,2,0,1,3,0,1,,1.0,0.0
88,All,8,3,2,3,2,1,2,2,1,2,1.0,,
88,All,9,6,2,3,1,0,2,3,0,2,,1.0,0.0
88,All,9,6,2,4,3,0,2,2,1,2,,1.0,1.0
88,All,9,6,2,2,3,0,2,1,0,2,,1.0,0.0
88,All,9,6,2,5,1,0,3,2,0,3,,1.0,0.0
88,All,9,6,2,6,1,0,3,1,0,3,,0.0,0.0
88,All,9,6,2,1,3,0,1,2,0,1,,1.0,0.0
88,All,10,4,2,1,2,0,1,3,0,1,,1.0,0.0
88,All,10,4,2,4,2,0,3,3,1,3,,1.0,1.0
88,All,10,4,2,2,1,1,1,1,1,1,1.0,,
88,All,10,4,2,3,3,1,3,3,1,3,1.0,,
88,All,11,5,2,1,2,0,1,3,0,1,,1.0,0.0
88,All,11,5,2,2,2,0,1,1,1,1,,1.0,1.0
88,All,11,5,2,5,3,1,3,3,1,3,1.0,,
88,All,11,5,2,4,1,0,2,2,1,2,,1.0,1.0
88,All,11,5,2,3,3,0,2,2,1,2,,1.0,1.0
88,All,12,6,3,5,2,0,3,3,1,3,,1.0,1.0
88,All,12,6,3,6,2,0,3,3,1,3,,1.0,1.0
88,All,12,6,3,1,1,1,1,1,1,1,1.0,,
88,All,12,6,3,4,2,1,2,2,1,2,1.0,,
88,All,12,6,3,2,1,1,1,1,1,1,1.0,,
88,All,12,6,3,3,1,0,2,3,0,2,,1.0,0.0
88,All,13,4,3,1,2,0,1,1,1,1,,1.0,1.0
88,All,13,4,3,3,2,1,2,2,1,2,1.0,,
88,All,13,4,3,4,3,0,2,3,0,2,,0.0,0.0
88,All,13,4,3,2,1,0,2,3,0,2,,1.0,0.0
88,All,14,2,4,1,3,0,1,1,1,1,,1.0,1.0
88,All,14,2,4,2,3,1,3,3,1,3,1.0,,
88,All,15,2,5,2,1,0,3,3,1,3,,1.0,1.0
88,All,15,2,5,1,1,0,2,2,1,2,,1.0,1.0
88,All,16,2,6,1,2,1,2,2,1,2,1.0,,
88,All,16,2,6,2,3,1,3,3,1,3,1.0,,
88,All,17,3,3,1,1,1,1,1,1,1,1.0,,
88,All,17,3,3,2,3,0,2,2,1,2,,1.0,1.0
88,All,17,3,3,3,3,1,3,3,1,3,1.0,,
88,All,18,5,3,1,2,0,1,3,0,1,,1.0,0.0
88,All,18,5,3,4,1,0,3,2,0,3,,1.0,0.0
88,All,18,5,3,2,3,0,2,1,0,2,,1.0,0.0
88,All,18,5,3,3,2,0,3,3,1,3,,1.0,1.0
88,All,18,5,3,5,3,1,3,3,1,3,1.0,,
96,All,1,2,1,2,2,0,3,1,0,3,,1.0,0.0
96,All,1,2,1,1,2,1,2,2,1,2,1.0,,
96,All,2,2,2,2,1,1,1,1,1,1,1.0,,
96,All,2,2,2,1,3,0,1,2,0,1,,1.0,0.0
96,All,3,2,3,1,3,0,1,1,1,1,,1.0,1.0
96,All,3,2,3,2,2,0,3,3,1,3,,1.0,1.0
96,All,4,6,1,3,2,1,2,2,1,2,1.0,,
96,All,4,6,1,6,1,0,3,3,1,3,,1.0,1.0
96,All,4,6,1,1,1,1,1,1,1,1,1.0,,
96,All,4,6,1,4,2,1,2,2,1,2,1.0,,
96,All,4,6,1,5,3,1,3,3,1,3,1.0,,
96,All,4,6,1,2,1,0,2,2,1,2,,1.0,1.0
96,All,5,3,1,1,2,0,1,1,1,1,,1.0,1.0
96,All,5,3,1,2,2,1,2,2,1,2,1.0,,
96,All,5,3,1,3,3,1,3,3,1,3,1.0,,
96,All,6,3,2,3,2,0,3,1,0,3,,1.0,0.0
96,All,6,3,2,2,2,1,2,2,1,2,1.0,,
96,All,6,3,2,1,1,1,1,1,1,1,1.0,,
96,All,7,4,1,2,1,0,2,2,1,2,,1.0,1.0
96,All,7,4,1,3,1,0,2,1,0,2,,0.0,0.0
96,All,7,4,1,4,1,0,3,3,1,3,,1.0,1.0
96,All,7,4,1,1,2,0,1,1,1,1,,1.0,1.0
96,All,8,5,1,4,2,1,2,2,1,2,1.0,,
96,All,8,5,1,3,1,0,2,2,1,2,,1.0,1.0
96,All,8,5,1,5,1,0,3,3,1,3,,1.0,1.0
96,All,8,5,1,2,1,1,1,1,1,1,1.0,,
96,All,8,5,1,1,1,1,1,1,1,1,1.0,,
96,All,9,6,2,6,2,0,3,1,0,3,,1.0,0.0
96,All,9,6,2,1,2,0,1,1,1,1,,1.0,1.0
96,All,9,6,2,4,3,0,2,1,0,2,,1.0,0.0
96,All,9,6,2,3,3,0,2,1,0,2,,1.0,0.0
96,All,9,6,2,5,3,1,3,3,1,3,1.0,,
96,All,9,6,2,2,1,1,1,1,1,1,1.0,,
96,All,10,5,2,1,2,0,1,1,1,1,,1.0,1.0
96,All,10,5,2,3,2,0,3,1,0,3,,1.0,0.0
96,All,10,5,2,5,2,0,3,3,1,3,,1.0,1.0
96,All,10,5,2,4,2,0,3,2,0,3,,0.0,0.0
96,All,10,5,2,2,2,1,2,2,1,2,1.0,,
96,All,11,4,2,3,2,1,2,2,1,2,1.0,,
96,All,11,4,2,1,1,1,1,1,1,1,1.0,,
96,All,11,4,2,2,3,0,2,2,1,2,,1.0,1.0
96,All,11,4,2,4,3,0,2,1,0,2,,1.0,0.0
96,All,12,2,4,2,2,1,2,2,1,2,1.0,,
96,All,12,2,4,1,1,1,1,1,1,1,1.0,,
96,All,13,2,5,2,1,0,3,3,1,3,,1.0,1.0
96,All,13,2,5,1,1,0,2,2,1,2,,1.0,1.0
96,All,14,2,6,2,2,0,3,1,0,3,,1.0,0.0
96,All,14,2,6,1,2,1,2,2,1,2,1.0,,
96,All,15,6,3,2,2,0,1,1,1,1,,1.0,1.0
96,All,15,6,3,5,2,0,3,1,0,3,,1.0,0.0
96,All,15,6,3,4,2,1,2,2,1,2,1.0,,
96,All,15,6,3,6,1,0,3,2,0,3,,1.0,0.0
96,All,15,6,3,3,2,1,2,2,1,2,1.0,,
96,All,15,6,3,1,1,1,1,1,1,1,1.0,,
96,All,16,3,3,1,2,0,1,1,1,1,,1.0,1.0
96,All,16,3,3,2,2,0,1,3,0,1,,1.0,0.0
96,All,16,3,3,3,2,1,2,2,1,2,1.0,,
96,All,17,3,4,1,1,0,2,3,0,2,,1.0,0.0
96,All,17,3,4,2,1,0,3,3,1,3,,1.0,1.0
96,All,17,3,4,3,2,0,3,1,0,3,,1.0,0.0
96,All,18,4,3,1,2,0,1,1,1,1,,1.0,1.0
96,All,18,4,3,2,2,0,1,1,1,1,,1.0,1.0
96,All,18,4,3,3,2,0,3,3,1,3,,1.0,1.0
96,All,18,4,3,4,2,0,3,1,0,3,,1.0,0.0
102,All,1,6,1,1,3,0,1,3,0,1,,0.0,0.0
102,All,1,6,1,4,1,0,2,3,0,2,,1.0,0.0
102,All,2,5,1,3,2,0,3,1,0,3,,1.0,0.0
102,All,2,5,1,1,2,0,1,2,0,1,,0.0,0.0
102,All,2,5,1,4,1,0,3,1,0,3,,0.0,0.0
102,All,2,5,1,2,2,1,2,1,0,2,0.0,,
102,All,2,5,1,5,2,0,3,2,0,3,,0.0,0.0
102,All,3,2,1,1,3,0,2,1,0,2,,1.0,0.0
102,All,3,2,1,2,3,1,3,3,1,3,1.0,,
102,All,4,3,1,1,2,0,1,3,0,1,,1.0,0.0
102,All,4,3,1,2,2,1,2,2,1,2,1.0,,
102,All,4,3,1,3,3,1,3,3,1,3,1.0,,
102,All,5,2,2,2,2,0,1,1,1,1,,1.0,1.0
102,All,5,2,2,1,3,0,1,2,0,1,,1.0,0.0
102,All,6,3,2,1,2,0,1,1,1,1,,1.0,1.0
102,All,6,3,2,2,2,1,2,2,1,2,1.0,,
102,All,6,3,2,3,3,1,3,3,1,3,1.0,,
102,All,7,2,3,1,2,0,1,1,1,1,,1.0,1.0
102,All,7,2,3,2,3,0,2,2,1,2,,1.0,1.0
102,All,8,4,1,3,2,1,2,2,1,2,1.0,,
102,All,8,4,1,1,3,0,1,2,0,1,,1.0,0.0
102,All,8,4,1,2,1,0,2,1,0,2,,0.0,0.0
102,All,9,6,2,5,2,0,3,1,0,3,,1.0,0.0
102,All,9,6,2,4,2,1,2,2,1,2,1.0,,
102,All,9,6,2,1,2,0,1,3,0,1,,1.0,0.0
102,All,9,6,2,6,3,1,3,3,1,3,1.0,,
102,All,9,6,2,2,1,1,1,1,1,1,1.0,,
102,All,9,6,2,3,3,0,2,1,0,2,,1.0,0.0
102,All,10,5,2,1,2,0,1,2,0,1,,0.0,0.0
102,All,10,5,2,4,2,0,3,1,0,3,,1.0,0.0
102,All,10,5,2,3,3,0,1,3,0,1,,0.0,0.0
102,All,10,5,2,2,1,1,1,1,1,1,1.0,,
102,All,10,5,2,5,2,0,3,2,0,3,,0.0,0.0
102,All,11,4,2,1,3,0,1,1,1,1,,1.0,1.0
102,All,11,4,2,4,3,0,2,2,1,2,,1.0,1.0
102,All,11,4,2,2,3,0,2,1,0,2,,1.0,0.0
102,All,11,4,2,3,3,0,2,1,0,2,,1.0,0.0
102,All,12,6,3,2,2,0,1,1,1,1,,1.0,1.0
102,All,12,6,3,3,2,1,2,2,1,2,1.0,,
102,All,12,6,3,4,2,1,2,2,1,2,1.0,,
102,All,12,6,3,5,3,1,3,3,1,3,1.0,,
102,All,12,6,3,6,3,1,3,3,1,3,1.0,,
102,All,12,6,3,1,1,1,1,1,1,1,1.0,,
102,All,13,5,3,1,3,0,1,1,1,1,,1.0,1.0
102,All,13,5,3,2,3,0,1,2,0,1,,1.0,0.0
102,All,13,5,3,4,3,0,2,1,0,2,,1.0,0.0
102,All,13,5,3,3,3,0,2,1,0,2,,1.0,0.0
102,All,13,5,3,5,3,1,3,3,1,3,1.0,,
102,All,14,2,4,1,2,1,2,2,1,2,1.0,,
102,All,14,2,4,2,1,0,3,3,1,3,,1.0,1.0
102,All,15,3,3,3,2,0,3,1,0,3,,1.0,0.0
102,All,15,3,3,2,1,0,3,2,0,3,,1.0,0.0
102,All,15,3,3,1,3,0,2,2,1,2,,1.0,1.0
102,All,16,2,5,1,2,1,2,2,1,2,1.0,,
102,All,16,2,5,2,3,1,3,3,1,3,1.0,,
102,All,17,3,4,2,3,0,1,1,1,1,,1.0,1.0
102,All,17,3,4,3,2,1,2,2,1,2,1.0,,
102,All,17,3,4,1,3,0,1,1,1,1,,1.0,1.0
102,All,18,2,6,2,2,0,3,1,0,3,,1.0,0.0
102,All,18,2,6,1,2,0,1,1,1,1,,1.0,1.0
