subject,block,condition,set_size,n_trials,n_stimuli,min_iteration,max_iteration,accuracy,stimuli_match_setsize,block_order,set_size_exposure,group
11,1,1.0,2,23,2,1,13,0.7391304347826086,True,1,1,Kids
11,2,1.0,3,38,3,1,13,0.6578947368421053,True,2,1,Kids
11,3,1.0,4,52,4,1,14,0.6153846153846154,True,3,1,Kids
11,4,1.0,5,58,5,1,13,0.6551724137931034,True,4,1,Kids
11,5,1.0,3,39,3,1,13,0.7692307692307693,True,5,2,Kids
11,6,1.0,5,61,5,1,13,0.7377049180327869,True,6,2,Kids
11,7,1.0,2,26,2,1,13,0.8461538461538461,True,7,2,Kids
11,8,1.0,3,39,3,1,13,0.7435897435897436,True,8,3,Kids
11,9,1.0,4,50,4,1,14,0.8,True,9,2,Kids
11,10,1.0,5,61,5,1,13,0.6885245901639344,True,10,3,Kids
13,1,1.0,2,25,2,1,13,1.0,True,1,1,Kids
13,2,1.0,3,38,3,1,13,0.8947368421052632,True,2,1,Kids
13,3,1.0,5,64,5,1,13,0.578125,True,3,1,Kids
13,4,1.0,4,51,4,1,14,0.7450980392156863,True,4,1,Kids
13,5,1.0,3,37,3,1,13,0.6216216216216216,True,5,2,Kids
13,6,1.0,5,63,5,1,13,0.7301587301587301,True,6,2,Kids
13,7,1.0,2,25,2,1,13,0.84,True,7,2,Kids
13,8,1.0,3,39,3,1,13,0.8717948717948718,True,8,3,Kids
13,9,1.0,5,63,5,1,13,0.6507936507936508,True,9,3,Kids
13,10,1.0,4,49,4,1,14,0.8163265306122449,True,10,2,Kids
16,1,1.0,2,26,2,1,13,0.9230769230769231,True,1,1,Kids
16,2,1.0,3,39,3,1,13,0.6923076923076923,True,2,1,Kids
16,3,1.0,4,52,4,1,13,0.6730769230769231,True,3,1,Kids
16,4,1.0,5,65,5,1,14,0.7538461538461538,True,4,1,Kids
16,5,1.0,3,39,3,1,13,0.9230769230769231,True,5,2,Kids
16,6,1.0,5,65,5,1,14,0.8923076923076924,True,6,2,Kids
16,7,1.0,2,26,2,1,13,0.9230769230769231,True,7,2,Kids
16,8,1.0,3,39,3,1,13,0.8461538461538461,True,8,3,Kids
16,9,1.0,4,52,4,1,13,0.9038461538461539,True,9,2,Kids
16,10,1.0,5,65,5,1,14,0.7846153846153846,True,10,3,Kids
17,1,1.0,2,26,2,1,13,0.9230769230769231,True,1,1,Kids
17,2,1.0,3,38,3,1,13,0.9473684210526315,True,2,1,Kids
17,3,1.0,4,52,4,1,13,0.9615384615384616,True,3,1,Kids
17,4,1.0,5,64,5,1,14,0.671875,True,4,1,Kids
17,5,1.0,3,39,3,1,13,0.7948717948717948,True,5,2,Kids
17,6,1.0,5,65,5,1,14,0.8,True,6,2,Kids
17,7,1.0,2,26,2,1,13,0.8846153846153846,True,7,2,Kids
17,8,1.0,3,39,3,1,13,0.9230769230769231,True,8,3,Kids
17,9,1.0,4,52,4,1,13,0.7884615384615384,True,9,2,Kids
17,10,1.0,5,65,5,1,14,0.8923076923076924,True,10,3,Kids
18,1,1.0,2,26,2,1,13,1.0,True,1,1,Kids
18,2,1.0,4,52,4,1,13,0.8653846153846154,True,2,1,Kids
18,3,1.0,3,39,3,1,13,0.8205128205128205,True,3,1,Kids
18,4,1.0,5,65,5,1,14,0.8461538461538461,True,4,1,Kids
18,5,1.0,3,39,3,1,13,0.9230769230769231,True,5,2,Kids
18,6,1.0,5,65,5,1,14,0.7692307692307693,True,6,2,Kids
18,7,1.0,2,26,2,1,13,0.8461538461538461,True,7,2,Kids
18,8,1.0,4,52,4,1,13,0.9423076923076923,True,8,2,Kids
18,9,1.0,3,39,3,1,13,0.9487179487179487,True,9,3,Kids
18,10,1.0,5,65,5,1,14,0.9230769230769231,True,10,3,Kids
19,1,1.0,2,26,2,1,13,1.0,True,1,1,Kids
19,2,1.0,3,39,3,1,13,0.7948717948717948,True,2,1,Kids
19,3,1.0,4,52,4,1,14,0.9038461538461539,True,3,1,Kids
19,4,1.0,5,65,5,1,13,0.7692307692307693,True,4,1,Kids
19,5,1.0,3,39,3,1,13,0.8717948717948718,True,5,2,Kids
19,6,1.0,5,65,5,1,13,0.7692307692307693,True,6,2,Kids
19,7,1.0,2,26,2,1,13,1.0,True,7,2,Kids
19,8,1.0,3,39,3,1,13,0.9487179487179487,True,8,3,Kids
19,9,1.0,4,52,4,1,14,0.8846153846153846,True,9,2,Kids
19,10,1.0,5,65,5,1,13,0.7692307692307693,True,10,3,Kids
20,1,2.0,2,26,2,1,13,0.7692307692307693,True,1,1,Teens
20,2,2.0,3,39,3,1,13,0.8717948717948718,True,2,1,Teens
20,3,2.0,4,52,4,1,14,0.8461538461538461,True,3,1,Teens
20,4,2.0,5,65,5,1,14,0.9076923076923077,True,4,1,Teens
20,5,2.0,3,39,3,1,13,0.717948717948718,True,5,2,Teens
20,6,2.0,5,65,5,1,14,0.8615384615384616,True,6,2,Teens
20,7,2.0,2,26,2,1,13,0.8846153846153846,True,7,2,Teens
20,8,2.0,3,39,3,1,13,0.9487179487179487,True,8,3,Teens
20,9,2.0,4,52,4,1,14,0.8076923076923077,True,9,2,Teens
20,10,2.0,5,65,5,1,14,0.9384615384615385,True,10,3,Teens
22,1,2.0,2,26,2,1,13,0.8461538461538461,True,1,1,Teens
22,2,2.0,3,39,3,1,13,0.8717948717948718,True,2,1,Teens
22,3,2.0,5,65,5,1,14,0.6307692307692307,True,3,1,Teens
22,4,2.0,4,52,4,1,13,0.8269230769230769,True,4,1,Teens
22,5,2.0,3,39,3,1,13,0.8717948717948718,True,5,2,Teens
22,6,2.0,5,65,5,1,14,0.8615384615384616,True,6,2,Teens
22,7,2.0,2,26,2,1,13,0.9230769230769231,True,7,2,Teens
22,8,2.0,3,39,3,1,13,0.8974358974358975,True,8,3,Teens
22,9,2.0,5,65,5,1,14,0.9076923076923077,True,9,3,Teens
22,10,2.0,4,52,4,1,13,0.8653846153846154,True,10,2,Teens
23,1,1.0,2,26,2,1,13,0.8461538461538461,True,1,1,Kids
23,2,1.0,3,39,3,1,13,0.8974358974358975,True,2,1,Kids
23,3,1.0,5,65,5,1,13,0.9230769230769231,True,3,1,Kids
23,4,1.0,4,52,4,1,14,0.8269230769230769,True,4,1,Kids
23,5,1.0,3,39,3,1,13,0.8461538461538461,True,5,2,Kids
23,6,1.0,5,65,5,1,13,0.8769230769230769,True,6,2,Kids
23,7,1.0,2,26,2,1,13,0.8846153846153846,True,7,2,Kids
23,8,1.0,3,39,3,1,13,0.8974358974358975,True,8,3,Kids
23,9,1.0,5,65,5,1,13,0.8461538461538461,True,9,3,Kids
23,10,1.0,4,52,4,1,14,0.8269230769230769,True,10,2,Kids
24,1,1.0,2,26,2,1,13,0.8846153846153846,True,1,1,Kids
24,2,1.0,3,39,3,1,13,0.8205128205128205,True,2,1,Kids
24,3,1.0,5,65,5,1,14,0.8923076923076924,True,3,1,Kids
24,4,1.0,4,52,4,1,14,0.8269230769230769,True,4,1,Kids
24,5,1.0,3,39,3,1,13,0.9487179487179487,True,5,2,Kids
24,6,1.0,5,65,5,1,14,0.8923076923076924,True,6,2,Kids
24,7,1.0,2,26,2,1,13,0.8846153846153846,True,7,2,Kids
24,8,1.0,3,38,3,1,13,0.8421052631578947,True,8,3,Kids
24,9,1.0,5,65,5,1,14,0.8769230769230769,True,9,3,Kids
24,10,1.0,4,52,4,1,14,0.75,True,10,2,Kids
25,1,2.0,2,26,2,1,13,0.8846153846153846,True,1,1,Teens
25,2,2.0,3,39,3,1,13,0.6923076923076923,True,2,1,Teens
25,3,2.0,4,52,4,1,14,0.8461538461538461,True,3,1,Teens
25,4,2.0,5,65,5,1,13,0.9384615384615385,True,4,1,Teens
25,5,2.0,3,39,3,1,13,0.9743589743589743,True,5,2,Teens
25,6,2.0,5,65,5,1,13,0.9384615384615385,True,6,2,Teens
25,7,2.0,2,26,2,1,13,0.8461538461538461,True,7,2,Teens
25,8,2.0,3,39,3,1,13,0.9230769230769231,True,8,3,Teens
25,9,2.0,4,52,4,1,14,0.9038461538461539,True,9,2,Teens
25,10,2.0,5,65,5,1,13,0.7538461538461538,True,10,3,Teens
27,1,1.0,2,26,2,1,13,0.7692307692307693,True,1,1,Kids
27,2,1.0,3,39,3,1,13,0.6923076923076923,True,2,1,Kids
27,3,1.0,4,52,4,1,13,0.6923076923076923,True,3,1,Kids
27,4,1.0,5,65,5,1,14,0.4307692307692308,True,4,1,Kids
27,5,1.0,3,39,3,1,13,0.8974358974358975,True,5,2,Kids
27,6,1.0,5,65,5,1,14,0.9076923076923077,True,6,2,Kids
27,7,1.0,2,26,2,1,13,0.7307692307692307,True,7,2,Kids
27,8,1.0,3,39,3,1,13,0.9230769230769231,True,8,3,Kids
27,9,1.0,4,52,4,1,13,0.7307692307692307,True,9,2,Kids
27,10,1.0,5,65,5,1,14,0.8153846153846154,True,10,3,Kids
29,1,1.0,2,26,2,1,13,0.8076923076923077,True,1,1,Kids
29,2,1.0,3,39,3,1,13,0.6923076923076923,True,2,1,Kids
29,3,1.0,4,52,4,1,14,0.7884615384615384,True,3,1,Kids
29,4,1.0,5,65,5,1,13,0.9076923076923077,True,4,1,Kids
29,5,1.0,3,39,3,1,13,0.8461538461538461,True,5,2,Kids
29,6,1.0,5,65,5,1,13,0.6461538461538462,True,6,2,Kids
29,7,1.0,2,26,2,1,13,0.8461538461538461,True,7,2,Kids
29,8,1.0,3,39,3,1,13,0.9743589743589743,True,8,3,Kids
29,9,1.0,4,52,4,1,14,0.9807692307692307,True,9,2,Kids
29,10,1.0,5,65,5,1,13,0.676923076923077,True,10,3,Kids
30,1,2.0,2,26,2,1,13,1.0,True,1,1,Teens
30,2,2.0,3,39,3,1,13,0.7435897435897436,True,2,1,Teens
30,3,2.0,4,52,4,1,14,0.6538461538461539,True,3,1,Teens
30,4,2.0,5,65,5,1,14,0.8307692307692308,True,4,1,Teens
30,5,2.0,3,39,3,1,13,0.8974358974358975,True,5,2,Teens
30,6,2.0,5,65,5,1,14,0.8461538461538461,True,6,2,Teens
30,7,2.0,2,26,2,1,13,0.9615384615384616,True,7,2,Teens
30,8,2.0,3,39,3,1,13,0.9230769230769231,True,8,3,Teens
30,9,2.0,4,52,4,1,14,0.9423076923076923,True,9,2,Teens
30,10,2.0,5,65,5,1,14,0.7692307692307693,True,10,3,Teens
31,1,1.0,2,26,2,1,13,0.8076923076923077,True,1,1,Kids
31,2,1.0,3,39,3,1,13,0.7948717948717948,True,2,1,Kids
31,3,1.0,4,52,4,1,14,0.8461538461538461,True,3,1,Kids
31,4,1.0,5,65,5,1,13,0.6615384615384615,True,4,1,Kids
31,5,1.0,3,39,3,1,13,0.7435897435897436,True,5,2,Kids
31,6,1.0,5,65,5,1,13,0.7230769230769231,True,6,2,Kids
31,7,1.0,2,26,2,1,13,0.8076923076923077,True,7,2,Kids
31,8,1.0,3,39,3,1,13,0.7435897435897436,True,8,3,Kids
31,9,1.0,4,52,4,1,14,0.8653846153846154,True,9,2,Kids
31,10,1.0,5,65,5,1,13,0.6923076923076923,True,10,3,Kids
32,1,1.0,2,26,2,1,13,0.8846153846153846,True,1,1,Kids
32,2,1.0,3,39,3,1,13,0.7948717948717948,True,2,1,Kids
32,3,1.0,5,65,5,1,14,0.9692307692307692,True,3,1,Kids
32,4,1.0,4,52,4,1,13,0.8846153846153846,True,4,1,Kids
32,5,1.0,3,39,3,1,13,0.9230769230769231,True,5,2,Kids
32,6,1.0,5,65,5,1,14,0.8615384615384616,True,6,2,Kids
32,7,1.0,2,26,2,1,13,0.8461538461538461,True,7,2,Kids
32,8,1.0,3,39,3,1,13,0.9487179487179487,True,8,3,Kids
32,9,1.0,5,65,5,1,14,0.8,True,9,3,Kids
32,10,1.0,4,52,4,1,13,0.9038461538461539,True,10,2,Kids
33,1,1.0,2,26,2,1,13,0.9615384615384616,True,1,1,Kids
33,2,1.0,3,39,3,1,13,0.8974358974358975,True,2,1,Kids
33,3,1.0,5,65,5,1,13,0.7538461538461538,True,3,1,Kids
33,4,1.0,4,52,4,1,14,0.7884615384615384,True,4,1,Kids
33,5,1.0,3,39,3,1,13,0.8717948717948718,True,5,2,Kids
33,6,1.0,5,65,5,1,13,0.8461538461538461,True,6,2,Kids
33,7,1.0,2,26,2,1,13,0.9230769230769231,True,7,2,Kids
33,8,1.0,3,39,3,1,13,0.8717948717948718,True,8,3,Kids
33,9,1.0,5,65,5,1,13,0.5538461538461539,True,9,3,Kids
33,10,1.0,4,52,4,1,14,0.8846153846153846,True,10,2,Kids
35,1,1.0,2,26,2,1,13,0.9230769230769231,True,1,1,Kids
35,2,1.0,3,39,3,1,13,0.7948717948717948,True,2,1,Kids
35,3,1.0,4,52,4,1,14,0.8461538461538461,True,3,1,Kids
35,4,1.0,5,65,5,1,13,0.8615384615384616,True,4,1,Kids
35,5,1.0,3,39,3,1,13,0.8461538461538461,True,5,2,Kids
35,6,1.0,5,65,5,1,13,0.8153846153846154,True,6,2,Kids
35,7,1.0,2,26,2,1,13,1.0,True,7,2,Kids
35,8,1.0,3,39,3,1,13,0.9230769230769231,True,8,3,Kids
35,9,1.0,4,52,4,1,14,0.8653846153846154,True,9,2,Kids
35,10,1.0,5,65,5,1,13,0.8307692307692308,True,10,3,Kids
36,1,2.0,2,26,2,1,13,0.9230769230769231,True,1,1,Teens
36,2,2.0,3,39,3,1,13,0.717948717948718,True,2,1,Teens
36,3,2.0,4,52,4,1,13,0.7115384615384616,True,3,1,Teens
36,4,2.0,5,65,5,1,14,0.7384615384615385,True,4,1,Teens
36,5,2.0,3,39,3,1,13,0.9230769230769231,True,5,2,Teens
36,6,2.0,5,65,5,1,14,0.9076923076923077,True,6,2,Teens
36,7,2.0,2,26,2,1,13,0.8846153846153846,True,7,2,Teens
36,8,2.0,3,39,3,1,13,0.7692307692307693,True,8,3,Teens
36,9,2.0,4,52,4,1,13,0.8846153846153846,True,9,2,Teens
36,10,2.0,5,65,5,1,14,0.8615384615384616,True,10,3,Teens
37,1,2.0,2,26,2,1,13,0.8846153846153846,True,1,1,Teens
37,2,2.0,3,39,3,1,13,0.8974358974358975,True,2,1,Teens
37,3,2.0,4,52,4,1,13,0.8461538461538461,True,3,1,Teens
37,4,2.0,5,65,5,1,14,0.9076923076923077,True,4,1,Teens
37,5,2.0,3,39,3,1,13,0.8974358974358975,True,5,2,Teens
37,6,2.0,5,65,5,1,14,0.8769230769230769,True,6,2,Teens
37,7,2.0,2,26,2,1,13,0.9230769230769231,True,7,2,Teens
37,8,2.0,3,39,3,1,13,0.9230769230769231,True,8,3,Teens
37,9,2.0,4,52,4,1,13,0.8846153846153846,True,9,2,Teens
37,10,2.0,5,65,5,1,14,0.9076923076923077,True,10,3,Teens
38,1,2.0,2,26,2,1,13,0.8846153846153846,True,1,1,Teens
38,2,2.0,4,52,4,1,13,0.8846153846153846,True,2,1,Teens
38,3,2.0,3,39,3,1,13,0.8974358974358975,True,3,1,Teens
38,4,2.0,5,65,5,1,14,0.9076923076923077,True,4,1,Teens
38,5,2.0,3,39,3,1,13,0.9230769230769231,True,5,2,Teens
38,6,2.0,5,65,5,1,14,0.9230769230769231,True,6,2,Teens
38,7,2.0,2,26,2,1,13,0.8846153846153846,True,7,2,Teens
38,8,2.0,4,52,4,1,13,0.9423076923076923,True,8,2,Teens
38,9,2.0,3,39,3,1,13,0.9230769230769231,True,9,3,Teens
38,10,2.0,5,65,5,1,14,0.8923076923076924,True,10,3,Teens
40,1,2.0,2,26,2,1,13,0.9615384615384616,True,1,1,Teens
40,2,2.0,3,39,3,1,13,0.9230769230769231,True,2,1,Teens
40,3,2.0,4,52,4,1,14,0.9230769230769231,True,3,1,Teens
40,4,2.0,5,65,5,1,14,0.9230769230769231,True,4,1,Teens
40,5,2.0,3,39,3,1,13,0.9487179487179487,True,5,2,Teens
40,6,2.0,5,65,5,1,14,0.9230769230769231,True,6,2,Teens
40,7,2.0,2,26,2,1,13,0.9230769230769231,True,7,2,Teens
40,8,2.0,3,39,3,1,13,0.9743589743589743,True,8,3,Teens
40,9,2.0,4,52,4,1,14,0.9230769230769231,True,9,2,Teens
40,10,2.0,5,65,5,1,14,0.9076923076923077,True,10,3,Teens
41,1,1.0,2,26,2,1,13,0.8461538461538461,True,1,1,Kids
41,2,1.0,3,39,3,1,13,0.8717948717948718,True,2,1,Kids
41,3,1.0,4,52,4,1,14,0.8461538461538461,True,3,1,Kids
41,4,1.0,5,65,5,1,13,0.6307692307692307,True,4,1,Kids
41,5,1.0,3,39,3,1,13,0.8974358974358975,True,5,2,Kids
41,6,1.0,5,65,5,1,13,0.7846153846153846,True,6,2,Kids
41,7,1.0,2,26,2,1,13,0.8461538461538461,True,7,2,Kids
41,8,1.0,3,39,3,1,13,0.8461538461538461,True,8,3,Kids
41,9,1.0,4,52,4,1,14,0.7884615384615384,True,9,2,Kids
41,10,1.0,5,65,5,1,13,0.9384615384615385,True,10,3,Kids
42,1,1.0,2,26,2,1,13,0.8461538461538461,True,1,1,Kids
42,2,1.0,3,39,3,1,13,0.8717948717948718,True,2,1,Kids
42,3,1.0,5,65,5,1,14,0.8,True,3,1,Kids
42,4,1.0,4,52,4,1,13,0.8269230769230769,True,4,1,Kids
42,5,1.0,3,39,3,1,13,0.8974358974358975,True,5,2,Kids
42,6,1.0,5,65,5,1,14,0.7846153846153846,True,6,2,Kids
42,7,1.0,2,26,2,1,13,0.9615384615384616,True,7,2,Kids
42,8,1.0,3,39,3,1,13,0.8974358974358975,True,8,3,Kids
42,9,1.0,5,65,5,1,14,0.7692307692307693,True,9,3,Kids
42,10,1.0,4,52,4,1,13,0.9230769230769231,True,10,2,Kids
43,1,1.0,2,26,2,1,13,0.9230769230769231,True,1,1,Kids
43,2,1.0,3,39,3,1,13,0.7948717948717948,True,2,1,Kids
43,3,1.0,5,65,5,1,13,0.8307692307692308,True,3,1,Kids
43,4,1.0,4,52,4,1,14,0.75,True,4,1,Kids
43,5,1.0,3,38,3,1,13,0.5789473684210527,True,5,2,Kids
43,6,1.0,5,65,5,1,13,0.7384615384615385,True,6,2,Kids
43,7,1.0,2,26,2,1,13,0.8076923076923077,True,7,2,Kids
43,8,1.0,3,39,3,1,13,0.9487179487179487,True,8,3,Kids
43,9,1.0,5,65,5,1,13,0.9076923076923077,True,9,3,Kids
43,10,1.0,4,52,4,1,14,0.6730769230769231,True,10,2,Kids
44,1,2.0,2,26,2,1,13,0.7307692307692307,True,1,1,Teens
44,2,2.0,3,39,3,1,13,0.8717948717948718,True,2,1,Teens
44,3,2.0,5,65,5,1,14,0.8615384615384616,True,3,1,Teens
44,4,2.0,4,52,4,1,14,0.8269230769230769,True,4,1,Teens
44,5,2.0,3,39,3,1,13,0.8974358974358975,True,5,2,Teens
44,6,2.0,5,65,5,1,14,0.7384615384615385,True,6,2,Teens
44,7,2.0,2,26,2,1,13,0.9615384615384616,True,7,2,Teens
44,8,2.0,3,39,3,1,13,0.8205128205128205,True,8,3,Teens
44,9,2.0,5,65,5,1,14,0.6923076923076923,True,9,3,Teens
44,10,2.0,4,52,4,1,14,0.8846153846153846,True,10,2,Teens
45,1,1.0,2,26,2,1,13,0.6923076923076923,True,1,1,Kids
45,2,1.0,3,39,3,1,13,0.717948717948718,True,2,1,Kids
45,3,1.0,4,51,4,1,14,0.3137254901960784,True,3,1,Kids
45,4,1.0,5,65,5,1,13,0.8461538461538461,True,4,1,Kids
45,5,1.0,3,37,3,1,13,0.7297297297297297,True,5,2,Kids
45,6,1.0,5,65,5,1,13,0.7384615384615385,True,6,2,Kids
45,7,1.0,2,26,2,1,13,0.6538461538461539,True,7,2,Kids
45,8,1.0,3,39,3,1,13,0.6923076923076923,True,8,3,Kids
45,9,1.0,4,52,4,1,14,0.6538461538461539,True,9,2,Kids
45,10,1.0,5,65,5,1,13,0.8153846153846154,True,10,3,Kids
46,1,2.0,2,26,2,1,13,0.8461538461538461,True,1,1,Teens
46,2,2.0,3,39,3,1,13,0.7948717948717948,True,2,1,Teens
46,3,2.0,4,52,4,1,13,0.8076923076923077,True,3,1,Teens
46,4,2.0,5,65,5,1,14,0.6307692307692307,True,4,1,Teens
46,5,2.0,3,39,3,1,13,0.9743589743589743,True,5,2,Teens
46,6,2.0,5,65,5,1,14,0.8,True,6,2,Teens
46,7,2.0,2,26,2,1,13,0.9615384615384616,True,7,2,Teens
46,8,2.0,3,39,3,1,13,0.7948717948717948,True,8,3,Teens
46,9,2.0,4,52,4,1,13,0.8076923076923077,True,9,2,Teens
46,10,2.0,5,65,5,1,14,0.6307692307692307,True,10,3,Teens
48,1,1.0,2,26,2,1,13,0.8461538461538461,True,1,1,Kids
48,2,1.0,4,52,4,1,13,0.8653846153846154,True,2,1,Kids
48,3,1.0,3,39,3,1,13,0.5384615384615384,True,3,1,Kids
48,4,1.0,5,65,5,1,14,0.8769230769230769,True,4,1,Kids
48,5,1.0,3,39,3,1,13,0.8717948717948718,True,5,2,Kids
48,6,1.0,5,65,5,1,14,0.8153846153846154,True,6,2,Kids
48,7,1.0,2,26,2,1,13,0.8461538461538461,True,7,2,Kids
48,8,1.0,4,52,4,1,13,0.8269230769230769,True,8,2,Kids
48,9,1.0,3,39,3,1,13,0.9487179487179487,True,9,3,Kids
48,10,1.0,5,65,5,1,14,0.8461538461538461,True,10,3,Kids
49,1,1.0,2,26,2,1,13,0.9230769230769231,True,1,1,Kids
49,2,1.0,3,39,3,1,13,0.8717948717948718,True,2,1,Kids
49,3,1.0,4,52,4,1,14,0.8076923076923077,True,3,1,Kids
49,4,1.0,5,65,5,1,13,0.9230769230769231,True,4,1,Kids
49,5,1.0,3,39,3,1,13,0.9230769230769231,True,5,2,Kids
49,6,1.0,5,65,5,1,13,0.8769230769230769,True,6,2,Kids
49,7,1.0,2,26,2,1,13,0.8846153846153846,True,7,2,Kids
49,8,1.0,3,39,3,1,13,0.8461538461538461,True,8,3,Kids
49,9,1.0,4,52,4,1,14,0.9038461538461539,True,9,2,Kids
49,10,1.0,5,65,5,1,13,0.8923076923076924,True,10,3,Kids
50,1,1.0,2,26,2,1,13,0.6923076923076923,True,1,1,Kids
50,2,1.0,3,39,3,1,13,0.8974358974358975,True,2,1,Kids
50,3,1.0,4,52,4,1,14,0.8076923076923077,True,3,1,Kids
50,4,1.0,5,65,5,1,14,0.9230769230769231,True,4,1,Kids
50,5,1.0,3,39,3,1,13,0.8205128205128205,True,5,2,Kids
50,6,1.0,5,65,5,1,14,0.8,True,6,2,Kids
50,7,1.0,2,26,2,1,13,0.9230769230769231,True,7,2,Kids
50,8,1.0,3,39,3,1,13,0.8974358974358975,True,8,3,Kids
50,9,1.0,4,52,4,1,14,0.6923076923076923,True,9,2,Kids
50,10,1.0,5,65,5,1,14,0.8923076923076924,True,10,3,Kids
51,1,2.0,2,26,2,1,13,0.8846153846153846,True,1,1,Teens
51,2,2.0,3,39,3,1,13,0.8461538461538461,True,2,1,Teens
51,3,2.0,4,52,4,1,14,0.9615384615384616,True,3,1,Teens
51,4,2.0,5,65,5,1,13,0.8923076923076924,True,4,1,Teens
51,5,2.0,3,39,3,1,13,0.9230769230769231,True,5,2,Teens
51,6,2.0,5,65,5,1,13,0.9384615384615385,True,6,2,Teens
51,7,2.0,2,26,2,1,13,0.8846153846153846,True,7,2,Teens
51,8,2.0,3,39,3,1,13,0.6923076923076923,True,8,3,Teens
51,9,2.0,4,52,4,1,14,0.9038461538461539,True,9,2,Teens
51,10,2.0,5,65,5,1,13,0.9076923076923077,True,10,3,Teens
52,1,1.0,2,26,2,1,13,0.5769230769230769,True,1,1,Kids
52,2,1.0,3,38,3,1,13,0.6052631578947368,True,2,1,Kids
52,3,1.0,5,65,5,1,14,0.6307692307692307,True,3,1,Kids
52,4,1.0,4,51,4,1,13,0.7843137254901961,True,4,1,Kids
52,5,1.0,3,39,3,1,13,0.8205128205128205,True,5,2,Kids
52,6,1.0,5,65,5,1,14,0.5230769230769231,True,6,2,Kids
52,7,1.0,2,25,2,1,13,0.64,True,7,2,Kids
52,8,1.0,3,39,3,1,13,0.7692307692307693,True,8,3,Kids
52,9,1.0,5,65,5,1,14,0.676923076923077,True,9,3,Kids
52,10,1.0,4,52,4,1,13,0.75,True,10,2,Kids
55,1,2.0,2,26,2,1,13,0.8461538461538461,True,1,1,Teens
55,2,2.0,3,39,3,1,13,0.7692307692307693,True,2,1,Teens
55,3,2.0,4,52,4,1,14,0.6730769230769231,True,3,1,Teens
55,4,2.0,5,65,5,1,13,0.5230769230769231,True,4,1,Teens
55,5,2.0,3,39,3,1,13,0.9230769230769231,True,5,2,Teens
55,6,2.0,5,65,5,1,13,0.5230769230769231,True,6,2,Teens
55,7,2.0,2,26,2,1,13,0.9230769230769231,True,7,2,Teens
55,8,2.0,3,39,3,1,13,0.9230769230769231,True,8,3,Teens
55,9,2.0,4,52,4,1,14,0.75,True,9,2,Teens
55,10,2.0,5,65,5,1,13,0.6,True,10,3,Teens
56,1,1.0,2,26,2,1,13,0.8846153846153846,True,1,1,Kids
56,2,1.0,3,39,3,1,13,0.8461538461538461,True,2,1,Kids
56,3,1.0,4,52,4,1,13,0.8461538461538461,True,3,1,Kids
56,4,1.0,5,65,5,1,14,0.6153846153846154,True,4,1,Kids
56,5,1.0,3,39,3,1,13,0.8974358974358975,True,5,2,Kids
56,6,1.0,5,65,5,1,14,0.8,True,6,2,Kids
56,7,1.0,2,26,2,1,13,0.8461538461538461,True,7,2,Kids
56,8,1.0,3,39,3,1,13,0.8974358974358975,True,8,3,Kids
56,9,1.0,4,52,4,1,13,0.8461538461538461,True,9,2,Kids
56,10,1.0,5,65,5,1,14,0.8461538461538461,True,10,3,Kids
57,1,1.0,2,26,2,1,13,0.8076923076923077,True,1,1,Kids
57,2,1.0,3,39,3,1,13,0.8205128205128205,True,2,1,Kids
57,3,1.0,4,52,4,1,13,0.8076923076923077,True,3,1,Kids
57,4,1.0,5,65,5,1,14,0.8307692307692308,True,4,1,Kids
57,5,1.0,3,39,3,1,13,0.7435897435897436,True,5,2,Kids
57,6,1.0,5,65,5,1,14,0.6,True,6,2,Kids
57,7,1.0,2,26,2,1,13,0.8076923076923077,True,7,2,Kids
57,8,1.0,3,39,3,1,13,0.8205128205128205,True,8,3,Kids
57,9,1.0,4,51,4,1,13,0.7254901960784313,True,9,2,Kids
57,10,1.0,5,65,5,1,14,0.9230769230769231,True,10,3,Kids
58,1,2.0,2,26,2,1,13,0.8846153846153846,True,1,1,Teens
58,2,2.0,4,52,4,1,13,0.9423076923076923,True,2,1,Teens
58,3,2.0,3,39,3,1,13,0.8717948717948718,True,3,1,Teens
58,4,2.0,5,65,5,1,14,0.7692307692307693,True,4,1,Teens
58,5,2.0,3,39,3,1,13,0.9743589743589743,True,5,2,Teens
58,6,2.0,5,65,5,1,14,0.8,True,6,2,Teens
58,7,2.0,2,26,2,1,13,0.9230769230769231,True,7,2,Teens
58,8,2.0,4,52,4,1,13,0.8846153846153846,True,8,2,Teens
58,9,2.0,3,39,3,1,13,0.8461538461538461,True,9,3,Teens
58,10,2.0,5,65,5,1,14,0.8461538461538461,True,10,3,Teens
60,1,2.0,2,26,2,1,13,0.8461538461538461,True,1,1,Teens
60,2,2.0,3,39,3,1,13,0.8717948717948718,True,2,1,Teens
60,3,2.0,4,52,4,1,14,0.9230769230769231,True,3,1,Teens
60,4,2.0,5,65,5,1,14,0.5538461538461539,True,4,1,Teens
60,5,2.0,3,39,3,1,13,1.0,True,5,2,Teens
60,6,2.0,5,65,5,1,14,0.9384615384615385,True,6,2,Teens
60,7,2.0,2,26,2,1,13,0.9615384615384616,True,7,2,Teens
60,8,2.0,3,39,3,1,13,0.9230769230769231,True,8,3,Teens
60,9,2.0,4,52,4,1,14,0.9230769230769231,True,9,2,Teens
60,10,2.0,5,65,5,1,14,0.7230769230769231,True,10,3,Teens
61,1,1.0,2,25,2,1,13,0.8,True,1,1,Kids
61,2,1.0,3,39,3,1,13,0.8974358974358975,True,2,1,Kids
61,3,1.0,4,52,4,1,14,0.9615384615384616,True,3,1,Kids
61,4,1.0,5,65,5,1,13,0.8,True,4,1,Kids
61,5,1.0,3,39,3,1,13,0.8461538461538461,True,5,2,Kids
61,6,1.0,5,64,5,1,13,0.609375,True,6,2,Kids
61,7,1.0,2,26,2,1,13,0.8461538461538461,True,7,2,Kids
61,8,1.0,3,39,3,1,13,0.8974358974358975,True,8,3,Kids
61,9,1.0,4,52,4,1,14,0.8269230769230769,True,9,2,Kids
61,10,1.0,5,64,5,1,13,0.890625,True,10,3,Kids
63,1,1.0,2,26,2,1,13,0.9230769230769231,True,1,1,Kids
63,2,1.0,3,39,3,1,13,0.9230769230769231,True,2,1,Kids
63,3,1.0,5,65,5,1,13,0.5230769230769231,True,3,1,Kids
63,4,1.0,4,51,4,1,14,0.7647058823529411,True,4,1,Kids
63,5,1.0,3,39,3,1,13,0.7435897435897436,True,5,2,Kids
63,6,1.0,5,65,5,1,13,0.7846153846153846,True,6,2,Kids
63,7,1.0,2,26,2,1,13,0.8076923076923077,True,7,2,Kids
63,8,1.0,3,39,3,1,13,0.7948717948717948,True,8,3,Kids
63,9,1.0,5,65,5,1,13,0.3384615384615385,True,9,3,Kids
63,10,1.0,4,52,4,1,14,0.4230769230769231,True,10,2,Kids
65,1,1.0,2,26,2,1,13,0.5769230769230769,True,1,1,Kids
65,2,1.0,3,37,3,1,13,0.8108108108108109,True,2,1,Kids
65,3,1.0,4,50,4,1,14,0.26,True,3,1,Kids
65,4,1.0,5,63,5,1,13,0.4126984126984127,True,4,1,Kids
65,5,1.0,3,39,3,1,13,0.6666666666666666,True,5,2,Kids
65,6,1.0,5,64,5,1,13,0.5,True,6,2,Kids
65,7,1.0,2,26,2,1,13,0.46153846153846156,True,7,2,Kids
65,8,1.0,3,39,3,1,13,0.6666666666666666,True,8,3,Kids
65,9,1.0,4,51,4,1,14,0.5294117647058824,True,9,2,Kids
65,10,1.0,5,61,5,1,13,0.32786885245901637,True,10,3,Kids
66,1,1.0,2,26,2,1,13,0.8461538461538461,True,1,1,Kids
66,2,1.0,3,39,3,1,13,0.6153846153846154,True,2,1,Kids
66,3,1.0,4,52,4,1,13,0.7692307692307693,True,3,1,Kids
66,4,1.0,5,63,5,1,14,0.873015873015873,True,4,1,Kids
66,5,1.0,3,39,3,1,13,0.8205128205128205,True,5,2,Kids
66,6,1.0,5,63,5,1,14,0.7619047619047619,True,6,2,Kids
66,7,1.0,2,26,2,1,13,0.7307692307692307,True,7,2,Kids
66,8,1.0,3,39,3,1,13,0.7948717948717948,True,8,3,Kids
66,9,1.0,4,50,4,1,13,0.58,True,9,2,Kids
66,10,1.0,5,65,5,1,14,0.6,True,10,3,Kids
67,1,1.0,2,26,2,1,13,0.6153846153846154,True,1,1,Kids
67,2,1.0,3,39,3,1,13,0.9230769230769231,True,2,1,Kids
67,3,1.0,4,52,4,1,13,0.8846153846153846,True,3,1,Kids
67,4,1.0,5,65,5,1,14,0.8307692307692308,True,4,1,Kids
67,5,1.0,3,39,3,1,13,0.8461538461538461,True,5,2,Kids
67,6,1.0,5,64,5,1,14,0.390625,True,6,2,Kids
67,7,1.0,2,26,2,1,13,0.9615384615384616,True,7,2,Kids
67,8,1.0,3,39,3,1,13,0.8461538461538461,True,8,3,Kids
67,9,1.0,4,51,4,1,13,0.8235294117647058,True,9,2,Kids
67,10,1.0,5,65,5,1,14,0.8923076923076924,True,10,3,Kids
68,1,1.0,2,26,2,1,13,0.9230769230769231,True,1,1,Kids
68,2,1.0,4,52,4,1,13,0.7692307692307693,True,2,1,Kids
68,3,1.0,3,39,3,1,13,0.7948717948717948,True,3,1,Kids
68,4,1.0,5,65,5,1,14,0.7538461538461538,True,4,1,Kids
68,5,1.0,3,39,3,1,13,0.8717948717948718,True,5,2,Kids
68,6,1.0,5,65,5,1,14,0.7692307692307693,True,6,2,Kids
68,7,1.0,2,26,2,1,13,0.8846153846153846,True,7,2,Kids
68,8,1.0,4,52,4,1,13,0.9230769230769231,True,8,2,Kids
68,9,1.0,3,39,3,1,13,0.9487179487179487,True,9,3,Kids
68,10,1.0,5,65,5,1,14,0.8923076923076924,True,10,3,Kids
69,1,1.0,2,26,2,1,13,0.9230769230769231,True,1,1,Kids
69,2,1.0,3,39,3,1,13,0.46153846153846156,True,2,1,Kids
69,3,1.0,4,52,4,1,14,0.7692307692307693,True,3,1,Kids
69,4,1.0,5,65,5,1,13,0.6923076923076923,True,4,1,Kids
69,5,1.0,3,39,3,1,13,0.9230769230769231,True,5,2,Kids
69,6,1.0,5,65,5,1,13,0.8923076923076924,True,6,2,Kids
69,7,1.0,2,26,2,1,13,0.9230769230769231,True,7,2,Kids
69,8,1.0,3,39,3,1,13,0.9230769230769231,True,8,3,Kids
69,9,1.0,4,52,4,1,14,0.9423076923076923,True,9,2,Kids
69,10,1.0,5,65,5,1,13,0.6923076923076923,True,10,3,Kids
70,1,2.0,2,26,2,1,13,0.9230769230769231,True,1,1,Teens
70,2,2.0,3,39,3,1,13,0.9230769230769231,True,2,1,Teens
70,3,2.0,4,52,4,1,14,0.8846153846153846,True,3,1,Teens
70,4,2.0,5,65,5,1,14,0.8769230769230769,True,4,1,Teens
70,5,2.0,3,39,3,1,13,0.7948717948717948,True,5,2,Teens
70,6,2.0,5,65,5,1,14,0.8307692307692308,True,6,2,Teens
70,7,2.0,2,26,2,1,13,0.8846153846153846,True,7,2,Teens
70,8,2.0,3,39,3,1,13,0.9743589743589743,True,8,3,Teens
70,9,2.0,4,52,4,1,14,0.8461538461538461,True,9,2,Teens
70,10,2.0,5,65,5,1,14,0.8923076923076924,True,10,3,Teens
71,1,2.0,2,26,2,1,13,1.0,True,1,1,Teens
71,2,2.0,3,39,3,1,13,0.9487179487179487,True,2,1,Teens
71,3,2.0,4,52,4,1,14,0.9230769230769231,True,3,1,Teens
71,4,2.0,5,65,5,1,13,0.9230769230769231,True,4,1,Teens
71,5,2.0,3,39,3,1,13,0.9743589743589743,True,5,2,Teens
71,6,2.0,5,65,5,1,13,0.9692307692307692,True,6,2,Teens
71,7,2.0,2,26,2,1,13,0.9615384615384616,True,7,2,Teens
71,8,2.0,3,39,3,1,13,0.9230769230769231,True,8,3,Teens
71,9,2.0,4,52,4,1,14,0.9807692307692307,True,9,2,Teens
71,10,2.0,5,65,5,1,13,0.8615384615384616,True,10,3,Teens
72,1,1.0,2,26,2,1,13,0.8846153846153846,True,1,1,Kids
72,2,1.0,3,39,3,1,13,0.7692307692307693,True,2,1,Kids
72,3,1.0,5,65,5,1,14,0.5692307692307692,True,3,1,Kids
72,4,1.0,4,52,4,1,13,0.8269230769230769,True,4,1,Kids
72,5,1.0,3,39,3,1,13,0.8461538461538461,True,5,2,Kids
72,6,1.0,5,65,5,1,14,0.7384615384615385,True,6,2,Kids
72,7,1.0,2,26,2,1,13,0.5,True,7,2,Kids
72,8,1.0,3,39,3,1,13,0.8717948717948718,True,8,3,Kids
72,9,1.0,5,65,5,1,14,0.5230769230769231,True,9,3,Kids
72,10,1.0,4,52,4,1,13,0.8461538461538461,True,10,2,Kids
73,1,1.0,2,26,2,1,13,0.8076923076923077,True,1,1,Kids
73,2,1.0,3,39,3,1,13,0.7948717948717948,True,2,1,Kids
73,3,1.0,5,65,5,1,13,0.49230769230769234,True,3,1,Kids
73,4,1.0,4,52,4,1,14,0.9230769230769231,True,4,1,Kids
73,5,1.0,3,39,3,1,13,0.8205128205128205,True,5,2,Kids
73,6,1.0,5,65,5,1,13,0.8153846153846154,True,6,2,Kids
73,7,1.0,2,26,2,1,13,0.9615384615384616,True,7,2,Kids
73,8,1.0,3,39,3,1,13,0.8717948717948718,True,8,3,Kids
73,9,1.0,5,64,5,1,13,0.734375,True,9,3,Kids
73,10,1.0,4,52,4,1,14,0.8269230769230769,True,10,2,Kids
74,1,1.0,2,26,2,1,13,1.0,True,1,1,Kids
74,2,1.0,3,39,3,1,13,0.8974358974358975,True,2,1,Kids
74,3,1.0,5,65,5,1,14,0.6,True,3,1,Kids
74,4,1.0,4,52,4,1,14,0.5769230769230769,True,4,1,Kids
74,5,1.0,3,39,3,1,13,0.8205128205128205,True,5,2,Kids
74,6,1.0,5,65,5,1,14,0.6923076923076923,True,6,2,Kids
74,7,1.0,2,26,2,1,13,1.0,True,7,2,Kids
74,8,1.0,3,39,3,1,13,0.9230769230769231,True,8,3,Kids
74,9,1.0,5,65,5,1,14,0.7384615384615385,True,9,3,Kids
74,10,1.0,4,52,4,1,14,0.7692307692307693,True,10,2,Kids
75,1,1.0,2,26,2,1,13,0.7307692307692307,True,1,1,Kids
75,2,1.0,3,39,3,1,13,0.8717948717948718,True,2,1,Kids
75,3,1.0,4,51,4,1,14,0.9019607843137255,True,3,1,Kids
75,4,1.0,5,65,5,1,13,0.6,True,4,1,Kids
75,5,1.0,3,39,3,1,13,1.0,True,5,2,Kids
75,6,1.0,5,65,5,1,13,0.676923076923077,True,6,2,Kids
75,7,1.0,2,26,2,1,13,0.8846153846153846,True,7,2,Kids
75,8,1.0,3,39,3,1,13,0.8974358974358975,True,8,3,Kids
75,9,1.0,4,52,4,1,14,0.9423076923076923,True,9,2,Kids
75,10,1.0,5,65,5,1,13,0.8461538461538461,True,10,3,Kids
76,1,1.0,2,26,2,1,13,0.9230769230769231,True,1,1,Kids
76,2,1.0,3,39,3,1,13,0.717948717948718,True,2,1,Kids
76,3,1.0,4,52,4,1,13,0.6923076923076923,True,3,1,Kids
76,4,1.0,5,64,5,1,14,0.5,True,4,1,Kids
76,5,1.0,3,39,3,1,13,0.8974358974358975,True,5,2,Kids
76,6,1.0,5,65,5,1,14,0.8923076923076924,True,6,2,Kids
76,7,1.0,2,26,2,1,13,0.9615384615384616,True,7,2,Kids
76,8,1.0,3,39,3,1,13,0.8974358974358975,True,8,3,Kids
76,9,1.0,4,51,4,1,13,0.6470588235294118,True,9,2,Kids
76,10,1.0,5,62,5,1,14,0.6612903225806451,True,10,3,Kids
77,1,1.0,2,26,2,1,13,0.9230769230769231,True,1,1,Kids
77,2,1.0,3,39,3,1,13,0.7948717948717948,True,2,1,Kids
77,3,1.0,4,52,4,1,13,0.8269230769230769,True,3,1,Kids
77,4,1.0,5,65,5,1,14,0.9538461538461539,True,4,1,Kids
77,5,1.0,3,39,3,1,13,0.9230769230769231,True,5,2,Kids
77,6,1.0,5,65,5,1,14,0.7692307692307693,True,6,2,Kids
77,7,1.0,2,26,2,1,13,0.9230769230769231,True,7,2,Kids
77,8,1.0,3,39,3,1,13,0.8717948717948718,True,8,3,Kids
77,9,1.0,4,52,4,1,13,0.8846153846153846,True,9,2,Kids
77,10,1.0,5,65,5,1,14,0.9384615384615385,True,10,3,Kids
78,1,1.0,2,26,2,1,13,0.7307692307692307,True,1,1,Kids
78,2,1.0,4,52,4,1,13,0.8269230769230769,True,2,1,Kids
78,3,1.0,3,39,3,1,13,0.7948717948717948,True,3,1,Kids
78,4,1.0,5,65,5,1,14,0.6153846153846154,True,4,1,Kids
78,5,1.0,3,39,3,1,13,0.9230769230769231,True,5,2,Kids
78,6,1.0,5,65,5,1,14,0.8,True,6,2,Kids
78,7,1.0,2,26,2,1,13,0.8461538461538461,True,7,2,Kids
78,8,1.0,4,52,4,1,13,0.8846153846153846,True,8,2,Kids
78,9,1.0,3,39,3,1,13,0.9487179487179487,True,9,3,Kids
78,10,1.0,5,65,5,1,14,0.8923076923076924,True,10,3,Kids
79,1,1.0,2,26,2,1,13,0.8076923076923077,True,1,1,Kids
79,2,1.0,3,39,3,1,13,0.8205128205128205,True,2,1,Kids
79,3,1.0,4,52,4,1,14,0.8846153846153846,True,3,1,Kids
79,4,1.0,5,65,5,1,13,0.6923076923076923,True,4,1,Kids
79,5,1.0,3,39,3,1,13,0.6923076923076923,True,5,2,Kids
79,6,1.0,5,65,5,1,13,0.6153846153846154,True,6,2,Kids
79,7,1.0,2,26,2,1,13,0.9230769230769231,True,7,2,Kids
79,8,1.0,3,39,3,1,13,0.9487179487179487,True,8,3,Kids
79,9,1.0,4,52,4,1,14,0.8461538461538461,True,9,2,Kids
79,10,1.0,5,65,5,1,13,0.8153846153846154,True,10,3,Kids
80,1,2.0,2,26,2,1,13,0.6538461538461539,True,1,1,Teens
80,2,2.0,3,39,3,1,13,0.8461538461538461,True,2,1,Teens
80,3,2.0,4,52,4,1,14,0.9423076923076923,True,3,1,Teens
80,4,2.0,5,64,5,1,14,0.765625,True,4,1,Teens
80,5,2.0,3,38,3,1,13,0.8157894736842105,True,5,2,Teens
80,6,2.0,5,65,5,1,14,0.5692307692307692,True,6,2,Teens
80,7,2.0,2,26,2,1,13,0.9615384615384616,True,7,2,Teens
80,8,2.0,3,39,3,1,13,0.7435897435897436,True,8,3,Teens
80,9,2.0,4,52,4,1,14,0.8076923076923077,True,9,2,Teens
80,10,2.0,5,65,5,1,14,0.8307692307692308,True,10,3,Teens
81,1,2.0,2,26,2,1,13,0.8846153846153846,True,1,1,Teens
81,2,2.0,3,39,3,1,13,0.8205128205128205,True,2,1,Teens
81,3,2.0,4,52,4,1,14,0.8846153846153846,True,3,1,Teens
81,4,2.0,5,65,5,1,13,0.6615384615384615,True,4,1,Teens
81,5,2.0,3,39,3,1,13,0.9230769230769231,True,5,2,Teens
81,6,2.0,5,65,5,1,13,0.49230769230769234,True,6,2,Teens
81,7,2.0,2,26,2,1,13,0.8076923076923077,True,7,2,Teens
81,8,2.0,3,39,3,1,13,0.7692307692307693,True,8,3,Teens
81,9,2.0,4,52,4,1,14,0.9615384615384616,True,9,2,Teens
81,10,2.0,5,64,5,1,13,0.96875,True,10,3,Teens
82,1,2.0,2,26,2,1,13,0.9615384615384616,True,1,1,Teens
82,2,2.0,3,39,3,1,13,0.7692307692307693,True,2,1,Teens
82,3,2.0,5,65,5,1,14,0.8923076923076924,True,3,1,Teens
82,4,2.0,4,52,4,1,13,0.9423076923076923,True,4,1,Teens
82,5,2.0,3,39,3,1,13,0.8974358974358975,True,5,2,Teens
82,6,2.0,5,65,5,1,14,0.8923076923076924,True,6,2,Teens
82,7,2.0,2,26,2,1,13,0.9615384615384616,True,7,2,Teens
82,8,2.0,3,39,3,1,13,1.0,True,8,3,Teens
82,9,2.0,5,65,5,1,14,0.8923076923076924,True,9,3,Teens
82,10,2.0,4,52,4,1,13,0.8846153846153846,True,10,2,Teens
83,1,1.0,2,26,2,1,13,0.6923076923076923,True,1,1,Kids
83,2,1.0,3,39,3,1,13,0.7435897435897436,True,2,1,Kids
83,3,1.0,5,65,5,1,13,0.3076923076923077,True,3,1,Kids
83,4,1.0,4,52,4,1,14,0.7884615384615384,True,4,1,Kids
83,5,1.0,3,39,3,1,13,0.5128205128205128,True,5,2,Kids
83,6,1.0,5,65,5,1,13,0.6461538461538462,True,6,2,Kids
83,7,1.0,2,25,2,1,13,0.56,True,7,2,Kids
83,8,1.0,3,39,3,1,13,0.6923076923076923,True,8,3,Kids
83,9,1.0,5,65,5,1,13,0.7538461538461538,True,9,3,Kids
83,10,1.0,4,52,4,1,14,0.36538461538461536,True,10,2,Kids
84,1,1.0,2,26,2,1,13,0.8461538461538461,True,1,1,Kids
84,2,1.0,3,39,3,1,13,0.7948717948717948,True,2,1,Kids
84,3,1.0,5,65,5,1,14,0.7538461538461538,True,3,1,Kids
84,4,1.0,4,52,4,1,14,0.7692307692307693,True,4,1,Kids
84,5,1.0,3,39,3,1,13,0.9230769230769231,True,5,2,Kids
84,6,1.0,5,65,5,1,14,0.7538461538461538,True,6,2,Kids
84,7,1.0,2,26,2,1,13,0.9615384615384616,True,7,2,Kids
84,8,1.0,3,39,3,1,13,0.7435897435897436,True,8,3,Kids
84,9,1.0,5,65,5,1,14,0.8153846153846154,True,9,3,Kids
84,10,1.0,4,52,4,1,14,0.9423076923076923,True,10,2,Kids
85,1,1.0,2,25,2,1,13,0.84,True,1,1,Kids
85,2,1.0,3,39,3,1,13,0.8205128205128205,True,2,1,Kids
85,3,1.0,4,52,4,1,14,0.9038461538461539,True,3,1,Kids
85,4,1.0,5,65,5,1,13,0.676923076923077,True,4,1,Kids
85,5,1.0,3,39,3,1,13,0.8974358974358975,True,5,2,Kids
85,6,1.0,5,65,5,1,13,0.8307692307692308,True,6,2,Kids
85,7,1.0,2,26,2,1,13,0.8076923076923077,True,7,2,Kids
85,8,1.0,3,39,3,1,13,0.9743589743589743,True,8,3,Kids
85,9,1.0,4,52,4,1,14,0.8846153846153846,True,9,2,Kids
85,10,1.0,5,65,5,1,13,0.8,True,10,3,Kids
86,1,1.0,2,26,2,1,13,0.8076923076923077,True,1,1,Kids
86,2,1.0,3,39,3,1,13,0.6923076923076923,True,2,1,Kids
86,3,1.0,4,52,4,1,13,0.6538461538461539,True,3,1,Kids
86,4,1.0,5,65,5,1,14,0.8307692307692308,True,4,1,Kids
86,5,1.0,3,39,3,1,13,0.8461538461538461,True,5,2,Kids
86,6,1.0,5,64,5,1,14,0.890625,True,6,2,Kids
86,7,1.0,2,26,2,1,13,0.8076923076923077,True,7,2,Kids
86,8,1.0,3,39,3,1,13,0.8974358974358975,True,8,3,Kids
86,9,1.0,4,48,4,1,13,0.3958333333333333,True,9,2,Kids
86,10,1.0,5,65,5,1,14,0.3384615384615385,True,10,3,Kids
87,1,1.0,2,26,2,1,13,0.8461538461538461,True,1,1,Kids
87,2,1.0,3,39,3,1,13,0.7692307692307693,True,2,1,Kids
87,3,1.0,4,52,4,1,13,0.8461538461538461,True,3,1,Kids
87,4,1.0,5,65,5,1,14,0.8307692307692308,True,4,1,Kids
87,5,1.0,3,39,3,1,13,0.9743589743589743,True,5,2,Kids
87,6,1.0,5,65,5,1,14,0.6461538461538462,True,6,2,Kids
87,7,1.0,2,26,2,1,13,0.8461538461538461,True,7,2,Kids
87,8,1.0,3,39,3,1,13,0.9230769230769231,True,8,3,Kids
87,9,1.0,4,52,4,1,13,0.8076923076923077,True,9,2,Kids
87,10,1.0,5,65,5,1,14,0.8769230769230769,True,10,3,Kids
88,1,1.0,2,26,2,1,13,0.9230769230769231,True,1,1,Kids
88,2,1.0,4,51,4,1,13,0.8823529411764706,True,2,1,Kids
88,3,1.0,3,39,3,1,13,0.7948717948717948,True,3,1,Kids
88,4,1.0,5,64,5,1,14,0.6875,True,4,1,Kids
88,5,1.0,3,37,3,1,13,0.8378378378378378,True,5,2,Kids
88,6,1.0,5,64,5,1,14,0.859375,True,6,2,Kids
88,7,1.0,2,26,2,1,13,0.9230769230769231,True,7,2,Kids
88,8,1.0,4,49,4,1,13,0.7959183673469388,True,8,2,Kids
88,9,1.0,3,35,3,1,13,0.8571428571428571,True,9,3,Kids
88,10,1.0,5,63,5,1,14,0.7936507936507936,True,10,3,Kids
90,1,1.0,2,26,2,1,13,0.7307692307692307,True,1,1,Kids
90,2,1.0,3,39,3,1,13,0.8717948717948718,True,2,1,Kids
90,3,1.0,4,52,4,1,13,0.8846153846153846,True,3,1,Kids
90,4,1.0,5,65,5,1,14,0.8769230769230769,True,4,1,Kids
90,5,1.0,3,36,3,1,13,0.7222222222222222,True,5,2,Kids
90,6,1.0,5,63,5,1,14,0.5555555555555556,True,6,2,Kids
90,7,1.0,2,26,2,1,13,0.5769230769230769,True,7,2,Kids
90,8,1.0,3,38,3,1,13,0.2631578947368421,True,8,3,Kids
90,9,1.0,4,51,4,1,13,0.23529411764705882,True,9,2,Kids
90,10,1.0,5,64,5,1,14,0.515625,True,10,3,Kids
91,1,1.0,2,26,2,1,13,0.8846153846153846,True,1,1,Kids
91,2,1.0,3,39,3,1,13,0.717948717948718,True,2,1,Kids
91,3,1.0,4,52,4,1,14,0.36538461538461536,True,3,1,Kids
91,4,1.0,5,65,5,1,13,0.7846153846153846,True,4,1,Kids
91,5,1.0,3,39,3,1,13,0.7435897435897436,True,5,2,Kids
91,6,1.0,5,65,5,1,13,0.6153846153846154,True,6,2,Kids
91,7,1.0,2,26,2,1,13,0.9230769230769231,True,7,2,Kids
91,8,1.0,3,39,3,1,13,0.9230769230769231,True,8,3,Kids
91,9,1.0,4,52,4,1,14,0.9038461538461539,True,9,2,Kids
91,10,1.0,5,64,5,1,13,0.75,True,10,3,Kids
92,1,2.0,2,26,2,1,13,0.6923076923076923,True,1,1,Teens
92,2,2.0,3,39,3,1,13,0.48717948717948717,True,2,1,Teens
92,3,2.0,5,65,5,1,14,0.5846153846153846,True,3,1,Teens
92,4,2.0,4,52,4,1,13,0.6730769230769231,True,4,1,Teens
92,5,2.0,3,39,3,1,13,0.6410256410256411,True,5,2,Teens
92,6,2.0,5,63,5,1,14,0.47619047619047616,True,6,2,Teens
92,7,2.0,2,26,2,1,13,0.7692307692307693,True,7,2,Teens
92,8,2.0,3,39,3,1,13,0.8974358974358975,True,8,3,Teens
92,9,2.0,5,65,5,1,14,0.8461538461538461,True,9,3,Teens
92,10,2.0,4,52,4,1,13,0.8461538461538461,True,10,2,Teens
93,1,1.0,2,26,2,1,13,0.9615384615384616,True,1,1,Kids
93,2,1.0,3,38,3,1,13,0.9736842105263158,True,2,1,Kids
93,3,1.0,5,65,5,1,13,0.8153846153846154,True,3,1,Kids
93,4,1.0,4,52,4,1,14,0.6153846153846154,True,4,1,Kids
93,5,1.0,3,39,3,1,13,0.8461538461538461,True,5,2,Kids
93,6,1.0,5,65,5,1,13,0.8923076923076924,True,6,2,Kids
93,7,1.0,2,26,2,1,13,0.7307692307692307,True,7,2,Kids
93,8,1.0,3,38,3,1,13,0.7894736842105263,True,8,3,Kids
93,9,1.0,5,63,5,1,13,0.6031746031746031,True,9,3,Kids
93,10,1.0,4,52,4,1,14,0.5769230769230769,True,10,2,Kids
94,1,1.0,2,26,2,1,13,0.8461538461538461,True,1,1,Kids
94,2,1.0,3,39,3,1,13,0.7692307692307693,True,2,1,Kids
94,3,1.0,5,65,5,1,14,0.8461538461538461,True,3,1,Kids
94,4,1.0,4,52,4,1,14,0.7115384615384616,True,4,1,Kids
94,5,1.0,3,39,3,1,13,0.9743589743589743,True,5,2,Kids
94,6,1.0,5,64,5,1,14,0.859375,True,6,2,Kids
94,7,1.0,2,26,2,1,13,0.9230769230769231,True,7,2,Kids
94,8,1.0,3,39,3,1,13,0.9743589743589743,True,8,3,Kids
94,9,1.0,5,65,5,1,14,0.7538461538461538,True,9,3,Kids
94,10,1.0,4,52,4,1,14,1.0,True,10,2,Kids
95,1,1.0,2,26,2,1,13,0.7692307692307693,True,1,1,Kids
95,2,1.0,3,39,3,1,13,0.717948717948718,True,2,1,Kids
95,3,1.0,4,52,4,1,14,0.5961538461538461,True,3,1,Kids
95,4,1.0,5,64,5,1,13,0.515625,True,4,1,Kids
95,5,1.0,3,39,3,1,13,0.9230769230769231,True,5,2,Kids
95,6,1.0,5,65,5,1,13,0.7230769230769231,True,6,2,Kids
95,7,1.0,2,26,2,1,13,0.9230769230769231,True,7,2,Kids
95,8,1.0,3,39,3,1,13,0.9230769230769231,True,8,3,Kids
95,9,1.0,4,52,4,1,14,0.7692307692307693,True,9,2,Kids
95,10,1.0,5,65,5,1,13,0.7538461538461538,True,10,3,Kids
96,1,2.0,2,26,2,1,13,0.8846153846153846,True,1,1,Teens
96,2,2.0,3,39,3,1,13,0.7948717948717948,True,2,1,Teens
96,3,2.0,4,52,4,1,13,0.8076923076923077,True,3,1,Teens
96,4,2.0,5,65,5,1,14,0.8307692307692308,True,4,1,Teens
96,5,2.0,3,39,3,1,13,0.8461538461538461,True,5,2,Teens
96,6,2.0,5,65,5,1,14,0.8,True,6,2,Teens
96,7,2.0,2,26,2,1,13,0.8846153846153846,True,7,2,Teens
96,8,2.0,3,39,3,1,13,0.8205128205128205,True,8,3,Teens
96,9,2.0,4,52,4,1,13,0.9038461538461539,True,9,2,Teens
96,10,2.0,5,65,5,1,14,0.8461538461538461,True,10,3,Teens
97,1,2.0,2,26,2,1,13,0.9230769230769231,True,1,1,Teens
97,2,2.0,3,39,3,1,13,0.9230769230769231,True,2,1,Teens
97,3,2.0,4,52,4,1,13,0.9038461538461539,True,3,1,Teens
97,4,2.0,5,65,5,1,14,0.9230769230769231,True,4,1,Teens
97,5,2.0,3,39,3,1,13,0.9743589743589743,True,5,2,Teens
97,6,2.0,5,65,5,1,14,0.9230769230769231,True,6,2,Teens
97,7,2.0,2,26,2,1,13,0.8846153846153846,True,7,2,Teens
97,8,2.0,3,39,3,1,13,0.9743589743589743,True,8,3,Teens
97,9,2.0,4,52,4,1,13,0.9423076923076923,True,9,2,Teens
97,10,2.0,5,65,5,1,14,0.9076923076923077,True,10,3,Teens
98,1,2.0,2,26,2,1,13,0.8461538461538461,True,1,1,Teens
98,2,2.0,4,52,4,1,13,0.8846153846153846,True,2,1,Teens
98,3,2.0,3,39,3,1,13,0.9487179487179487,True,3,1,Teens
98,4,2.0,5,65,5,1,14,0.9076923076923077,True,4,1,Teens
98,5,2.0,3,39,3,1,13,0.8974358974358975,True,5,2,Teens
98,6,2.0,5,65,5,1,14,0.9230769230769231,True,6,2,Teens
98,7,2.0,2,26,2,1,13,1.0,True,7,2,Teens
98,8,2.0,4,52,4,1,13,0.9423076923076923,True,8,2,Teens
98,9,2.0,3,39,3,1,13,0.9230769230769231,True,9,3,Teens
98,10,2.0,5,65,5,1,14,0.6923076923076923,True,10,3,Teens
99,1,2.0,2,26,2,1,13,0.9230769230769231,True,1,1,Teens
99,2,2.0,3,39,3,1,13,0.9487179487179487,True,2,1,Teens
99,3,2.0,4,52,4,1,14,0.8846153846153846,True,3,1,Teens
99,4,2.0,5,65,5,1,13,0.9076923076923077,True,4,1,Teens
99,5,2.0,3,39,3,1,13,0.9487179487179487,True,5,2,Teens
99,6,2.0,5,65,5,1,13,0.9384615384615385,True,6,2,Teens
99,7,2.0,2,26,2,1,13,0.9230769230769231,True,7,2,Teens
99,8,2.0,3,39,3,1,13,0.9743589743589743,True,8,3,Teens
99,9,2.0,4,52,4,1,14,0.9230769230769231,True,9,2,Teens
99,10,2.0,5,65,5,1,13,0.8615384615384616,True,10,3,Teens
100,1,1.0,2,26,2,1,13,0.9230769230769231,True,1,1,Kids
100,2,1.0,3,39,3,1,13,0.9230769230769231,True,2,1,Kids
100,3,1.0,4,52,4,1,14,0.8269230769230769,True,3,1,Kids
100,4,1.0,5,65,5,1,14,0.8769230769230769,True,4,1,Kids
100,5,1.0,3,39,3,1,13,0.8205128205128205,True,5,2,Kids
100,6,1.0,5,65,5,1,14,0.7692307692307693,True,6,2,Kids
100,7,1.0,2,26,2,1,13,0.8846153846153846,True,7,2,Kids
100,8,1.0,3,39,3,1,13,0.9743589743589743,True,8,3,Kids
100,9,1.0,4,52,4,1,14,0.8846153846153846,True,9,2,Kids
100,10,1.0,5,65,5,1,14,0.8769230769230769,True,10,3,Kids
101,1,1.0,2,26,2,1,13,0.8846153846153846,True,1,1,Kids
101,2,1.0,3,39,3,1,13,0.8205128205128205,True,2,1,Kids
101,3,1.0,4,52,4,1,14,0.9038461538461539,True,3,1,Kids
101,4,1.0,5,59,5,1,13,0.2542372881355932,True,4,1,Kids
101,5,1.0,3,39,3,1,13,0.8974358974358975,True,5,2,Kids
101,6,1.0,5,65,5,1,13,0.7384615384615385,True,6,2,Kids
101,7,1.0,2,26,2,1,13,0.8076923076923077,True,7,2,Kids
101,8,1.0,3,38,3,1,13,0.868421052631579,True,8,3,Kids
101,9,1.0,4,52,4,1,14,0.8846153846153846,True,9,2,Kids
101,10,1.0,5,65,5,1,13,0.8615384615384616,True,10,3,Kids
102,1,1.0,2,26,2,1,13,0.6923076923076923,True,1,1,Kids
102,2,1.0,3,39,3,1,13,0.7692307692307693,True,2,1,Kids
102,3,1.0,5,65,5,1,14,0.49230769230769234,True,3,1,Kids
102,4,1.0,4,52,4,1,13,0.4230769230769231,True,4,1,Kids
102,5,1.0,3,39,3,1,13,0.717948717948718,True,5,2,Kids
102,6,1.0,5,65,5,1,14,0.5692307692307692,True,6,2,Kids
102,7,1.0,2,26,2,1,13,0.6923076923076923,True,7,2,Kids
102,8,1.0,3,39,3,1,13,0.7692307692307693,True,8,3,Kids
102,9,1.0,5,64,5,1,14,0.34375,True,9,3,Kids
102,10,1.0,4,52,4,1,13,0.46153846153846156,True,10,2,Kids
103,1,1.0,2,26,2,1,13,0.7692307692307693,True,1,1,Kids
103,2,1.0,3,38,3,1,13,0.7368421052631579,True,2,1,Kids
103,3,1.0,5,65,5,1,13,0.7846153846153846,True,3,1,Kids
103,4,1.0,4,52,4,1,14,0.8269230769230769,True,4,1,Kids
103,5,1.0,3,39,3,1,13,0.8717948717948718,True,5,2,Kids
103,6,1.0,5,64,5,1,13,0.6875,True,6,2,Kids
103,7,1.0,2,26,2,1,13,0.7307692307692307,True,7,2,Kids
103,8,1.0,3,39,3,1,13,0.9743589743589743,True,8,3,Kids
103,9,1.0,5,64,5,1,13,0.671875,True,9,3,Kids
103,10,1.0,4,52,4,1,14,0.8076923076923077,True,10,2,Kids
104,1,2.0,2,26,2,1,13,0.9230769230769231,True,1,1,Teens
104,2,2.0,3,39,3,1,13,0.8717948717948718,True,2,1,Teens
104,3,2.0,5,63,5,1,14,0.6349206349206349,True,3,1,Teens
104,4,2.0,4,52,4,1,14,0.5192307692307693,True,4,1,Teens
104,5,2.0,3,39,3,1,13,0.8974358974358975,True,5,2,Teens
104,6,2.0,5,65,5,1,14,0.9076923076923077,True,6,2,Teens
104,7,2.0,2,26,2,1,13,0.8461538461538461,True,7,2,Teens
104,8,2.0,3,39,3,1,13,0.9230769230769231,True,8,3,Teens
104,9,2.0,5,65,5,1,14,0.8461538461538461,True,9,3,Teens
104,10,2.0,4,52,4,1,14,0.9038461538461539,True,10,2,Teens
105,1,2.0,2,26,2,1,13,0.9615384615384616,True,1,1,Teens
105,2,2.0,3,39,3,1,13,0.9230769230769231,True,2,1,Teens
105,3,2.0,4,52,4,1,14,0.7692307692307693,True,3,1,Teens
105,4,2.0,5,65,5,1,13,0.6923076923076923,True,4,1,Teens
105,5,2.0,3,39,3,1,13,0.8717948717948718,True,5,2,Teens
105,6,2.0,5,65,5,1,13,0.8769230769230769,True,6,2,Teens
105,7,2.0,2,26,2,1,13,0.8461538461538461,True,7,2,Teens
105,8,2.0,3,39,3,1,13,0.9230769230769231,True,8,3,Teens
105,9,2.0,4,52,4,1,14,0.8653846153846154,True,9,2,Teens
105,10,2.0,5,65,5,1,13,0.8153846153846154,True,10,3,Teens
106,1,2.0,2,26,2,1,13,0.8846153846153846,True,1,1,Teens
106,2,2.0,3,39,3,1,13,0.8974358974358975,True,2,1,Teens
106,3,2.0,4,52,4,1,13,0.8269230769230769,True,3,1,Teens
106,4,2.0,5,65,5,1,14,0.7230769230769231,True,4,1,Teens
106,5,2.0,3,39,3,1,13,1.0,True,5,2,Teens
106,6,2.0,5,65,5,1,14,0.8153846153846154,True,6,2,Teens
106,7,2.0,2,26,2,1,13,0.8076923076923077,True,7,2,Teens
106,8,2.0,3,39,3,1,13,0.9487179487179487,True,8,3,Teens
106,9,2.0,4,52,4,1,13,0.9230769230769231,True,9,2,Teens
106,10,2.0,5,65,5,1,14,0.7230769230769231,True,10,3,Teens
108,1,1.0,2,26,2,1,13,0.8461538461538461,True,1,1,Kids
108,2,1.0,4,52,4,1,13,0.8269230769230769,True,2,1,Kids
108,3,1.0,3,39,3,1,13,0.48717948717948717,True,3,1,Kids
108,4,1.0,5,65,5,1,14,0.6,True,4,1,Kids
108,5,1.0,3,38,3,1,13,0.8947368421052632,True,5,2,Kids
108,6,1.0,5,63,5,1,14,0.5555555555555556,True,6,2,Kids
108,7,1.0,2,26,2,1,13,0.7692307692307693,True,7,2,Kids
108,8,1.0,4,52,4,1,13,0.8076923076923077,True,8,2,Kids
108,9,1.0,3,39,3,1,13,0.7948717948717948,True,9,3,Kids
108,10,1.0,5,62,5,1,14,0.7903225806451613,True,10,3,Kids
109,1,1.0,2,26,2,1,13,0.8846153846153846,True,1,1,Kids
109,2,1.0,3,39,3,1,13,0.9230769230769231,True,2,1,Kids
109,3,1.0,4,52,4,1,14,0.7884615384615384,True,3,1,Kids
109,4,1.0,5,65,5,1,13,0.5538461538461539,True,4,1,Kids
109,5,1.0,3,39,3,1,13,0.7692307692307693,True,5,2,Kids
109,6,1.0,5,65,5,1,13,0.7538461538461538,True,6,2,Kids
109,7,1.0,2,26,2,1,13,0.7692307692307693,True,7,2,Kids
109,8,1.0,3,39,3,1,13,0.9487179487179487,True,8,3,Kids
109,9,1.0,4,52,4,1,14,0.8269230769230769,True,9,2,Kids
109,10,1.0,5,65,5,1,13,0.46153846153846156,True,10,3,Kids
110,1,1.0,2,26,2,1,13,0.8076923076923077,True,1,1,Kids
110,2,1.0,3,39,3,1,13,0.7692307692307693,True,2,1,Kids
110,3,1.0,4,52,4,1,14,0.5769230769230769,True,3,1,Kids
110,4,1.0,5,65,5,1,14,0.49230769230769234,True,4,1,Kids
110,5,1.0,3,39,3,1,13,0.8461538461538461,True,5,2,Kids
110,6,1.0,5,65,5,1,14,0.6615384615384615,True,6,2,Kids
110,7,1.0,2,26,2,1,13,0.8461538461538461,True,7,2,Kids
110,8,1.0,3,39,3,1,13,0.8205128205128205,True,8,3,Kids
110,9,1.0,4,52,4,1,14,0.75,True,9,2,Kids
110,10,1.0,5,65,5,1,14,0.7692307692307693,True,10,3,Kids
111,1,2.0,2,26,2,1,13,0.8846153846153846,True,1,1,Teens
111,2,2.0,3,39,3,1,13,0.8205128205128205,True,2,1,Teens
111,3,2.0,4,52,4,1,14,0.8653846153846154,True,3,1,Teens
111,4,2.0,5,65,5,1,13,0.8615384615384616,True,4,1,Teens
111,5,2.0,3,39,3,1,13,0.8974358974358975,True,5,2,Teens
111,6,2.0,5,65,5,1,13,0.7846153846153846,True,6,2,Teens
111,7,2.0,2,26,2,1,13,0.8846153846153846,True,7,2,Teens
111,8,2.0,3,39,3,1,13,0.9230769230769231,True,8,3,Teens
111,9,2.0,4,52,4,1,14,0.9807692307692307,True,9,2,Teens
111,10,2.0,5,65,5,1,13,0.9230769230769231,True,10,3,Teens
112,1,1.0,2,26,2,1,13,0.8846153846153846,True,1,1,Kids
112,2,1.0,3,39,3,1,13,0.8974358974358975,True,2,1,Kids
112,3,1.0,5,65,5,1,14,0.8615384615384616,True,3,1,Kids
112,4,1.0,4,51,4,1,13,0.7843137254901961,True,4,1,Kids
112,5,1.0,3,39,3,1,13,0.9230769230769231,True,5,2,Kids
112,6,1.0,5,65,5,1,14,0.36923076923076925,True,6,2,Kids
112,7,1.0,2,25,2,1,13,0.96,True,7,2,Kids
112,8,1.0,3,39,3,1,13,0.8717948717948718,True,8,3,Kids
112,9,1.0,5,65,5,1,14,0.9384615384615385,True,9,3,Kids
112,10,1.0,4,52,4,1,13,0.9230769230769231,True,10,2,Kids
113,1,2.0,2,26,2,1,13,0.9230769230769231,True,1,1,Teens
113,2,2.0,3,39,3,1,13,0.7435897435897436,True,2,1,Teens
113,3,2.0,5,65,5,1,13,0.46153846153846156,True,3,1,Teens
113,4,2.0,4,52,4,1,14,0.6346153846153846,True,4,1,Teens
113,5,2.0,3,39,3,1,13,0.8974358974358975,True,5,2,Teens
113,6,2.0,5,65,5,1,13,0.8615384615384616,True,6,2,Teens
113,7,2.0,2,26,2,1,13,0.8461538461538461,True,7,2,Teens
113,8,2.0,3,39,3,1,13,0.9743589743589743,True,8,3,Teens
113,9,2.0,5,65,5,1,13,0.6,True,9,3,Teens
113,10,2.0,4,51,4,1,14,0.39215686274509803,True,10,2,Teens
114,1,2.0,2,26,2,1,13,0.7692307692307693,True,1,1,Teens
114,2,2.0,3,39,3,1,13,0.8205128205128205,True,2,1,Teens
114,3,2.0,5,65,5,1,14,0.6461538461538462,True,3,1,Teens
114,4,2.0,4,52,4,1,14,0.6153846153846154,True,4,1,Teens
114,5,2.0,3,39,3,1,13,0.8461538461538461,True,5,2,Teens
114,6,2.0,5,65,5,1,14,0.4461538461538462,True,6,2,Teens
114,7,2.0,2,26,2,1,13,0.9615384615384616,True,7,2,Teens
114,8,2.0,3,39,3,1,13,0.8461538461538461,True,8,3,Teens
114,9,2.0,5,64,5,1,14,0.453125,True,9,3,Teens
114,10,2.0,4,52,4,1,14,0.8846153846153846,True,10,2,Teens
115,1,1.0,2,25,2,1,13,0.8,True,1,1,Kids
115,2,1.0,3,39,3,1,13,0.7948717948717948,True,2,1,Kids
115,3,1.0,4,52,4,1,14,0.7884615384615384,True,3,1,Kids
115,4,1.0,5,65,5,1,13,0.7692307692307693,True,4,1,Kids
115,5,1.0,3,39,3,1,13,0.8205128205128205,True,5,2,Kids
115,6,1.0,5,65,5,1,13,0.8307692307692308,True,6,2,Kids
115,7,1.0,2,26,2,1,13,0.9615384615384616,True,7,2,Kids
115,8,1.0,3,38,3,1,13,0.9473684210526315,True,8,3,Kids
115,9,1.0,4,52,4,1,14,0.9423076923076923,True,9,2,Kids
115,10,1.0,5,62,5,1,13,0.7258064516129032,True,10,3,Kids
116,1,1.0,2,26,2,1,13,0.7307692307692307,True,1,1,Kids
116,2,1.0,3,39,3,1,13,0.8974358974358975,True,2,1,Kids
116,3,1.0,4,52,4,1,13,0.8653846153846154,True,3,1,Kids
116,4,1.0,5,65,5,1,14,0.6307692307692307,True,4,1,Kids
116,5,1.0,3,39,3,1,13,0.8461538461538461,True,5,2,Kids
116,6,1.0,5,64,5,1,14,0.703125,True,6,2,Kids
116,7,1.0,2,26,2,1,13,0.8461538461538461,True,7,2,Kids
116,8,1.0,3,39,3,1,13,0.9743589743589743,True,8,3,Kids
116,9,1.0,4,49,4,1,13,0.7346938775510204,True,9,2,Kids
116,10,1.0,5,65,5,1,14,0.4,True,10,3,Kids
117,1,1.0,2,26,2,1,13,0.5769230769230769,True,1,1,Kids
117,2,1.0,3,39,3,1,13,0.6153846153846154,True,2,1,Kids
117,3,1.0,4,51,4,1,13,0.35294117647058826,True,3,1,Kids
117,4,1.0,5,64,5,1,14,0.4375,True,4,1,Kids
117,5,1.0,3,38,3,1,13,0.47368421052631576,True,5,2,Kids
117,6,1.0,5,58,5,1,14,0.3620689655172414,True,6,2,Kids
117,7,1.0,2,26,2,1,13,0.8076923076923077,True,7,2,Kids
117,8,1.0,3,39,3,1,13,0.5641025641025641,True,8,3,Kids
117,9,1.0,4,50,4,1,13,0.36,True,9,2,Kids
117,10,1.0,5,65,5,1,14,0.7384615384615385,True,10,3,Kids
118,1,1.0,2,25,2,1,13,0.88,True,1,1,Kids
118,2,1.0,4,52,4,1,13,0.6538461538461539,True,2,1,Kids
118,3,1.0,3,37,3,1,13,0.7837837837837838,True,3,1,Kids
118,4,1.0,5,64,5,1,14,0.59375,True,4,1,Kids
118,5,1.0,3,38,3,1,13,0.7894736842105263,True,5,2,Kids
118,6,1.0,5,65,5,1,14,0.8153846153846154,True,6,2,Kids
118,7,1.0,2,26,2,1,13,0.8461538461538461,True,7,2,Kids
118,8,1.0,4,51,4,1,13,0.45098039215686275,True,8,2,Kids
118,9,1.0,3,38,3,1,13,0.8947368421052632,True,9,3,Kids
118,10,1.0,5,64,5,1,14,0.59375,True,10,3,Kids
119,1,1.0,2,26,2,1,13,0.6153846153846154,True,1,1,Kids
119,2,1.0,3,39,3,1,13,0.6923076923076923,True,2,1,Kids
119,3,1.0,4,52,4,1,14,0.4807692307692308,True,3,1,Kids
119,4,1.0,5,65,5,1,13,0.7692307692307693,True,4,1,Kids
119,5,1.0,3,39,3,1,13,0.8717948717948718,True,5,2,Kids
119,6,1.0,5,65,5,1,13,0.5692307692307692,True,6,2,Kids
119,7,1.0,2,26,2,1,13,0.9615384615384616,True,7,2,Kids
119,8,1.0,3,39,3,1,13,0.8974358974358975,True,8,3,Kids
119,9,1.0,4,52,4,1,14,0.8653846153846154,True,9,2,Kids
119,10,1.0,5,65,5,1,13,0.7538461538461538,True,10,3,Kids
120,1,1.0,2,25,2,1,13,0.96,True,1,1,Kids
120,2,1.0,3,39,3,1,13,0.6666666666666666,True,2,1,Kids
120,3,1.0,4,52,4,1,14,0.75,True,3,1,Kids
120,4,1.0,5,65,5,1,14,0.8,True,4,1,Kids
120,5,1.0,3,39,3,1,13,0.9487179487179487,True,5,2,Kids
120,6,1.0,5,65,5,1,14,0.5846153846153846,True,6,2,Kids
120,7,1.0,2,26,2,1,13,0.9615384615384616,True,7,2,Kids
120,8,1.0,3,39,3,1,13,0.8717948717948718,True,8,3,Kids
120,9,1.0,4,52,4,1,14,0.9038461538461539,True,9,2,Kids
120,10,1.0,5,65,5,1,14,0.8,True,10,3,Kids
121,1,1.0,2,26,2,1,13,0.8846153846153846,True,1,1,Kids
121,2,1.0,3,39,3,1,13,0.8717948717948718,True,2,1,Kids
121,3,1.0,4,52,4,1,14,0.8653846153846154,True,3,1,Kids
121,4,1.0,5,65,5,1,13,0.8461538461538461,True,4,1,Kids
121,5,1.0,3,39,3,1,13,0.8974358974358975,True,5,2,Kids
121,6,1.0,5,65,5,1,13,0.8615384615384616,True,6,2,Kids
121,7,1.0,2,26,2,1,13,0.9615384615384616,True,7,2,Kids
121,8,1.0,3,39,3,1,13,0.8974358974358975,True,8,3,Kids
121,9,1.0,4,52,4,1,14,0.8461538461538461,True,9,2,Kids
121,10,1.0,5,65,5,1,13,0.9692307692307692,True,10,3,Kids
122,1,1.0,2,26,2,1,13,0.7307692307692307,True,1,1,Kids
122,2,1.0,3,39,3,1,13,0.7948717948717948,True,2,1,Kids
122,3,1.0,5,65,5,1,14,0.6153846153846154,True,3,1,Kids
122,4,1.0,4,52,4,1,13,0.75,True,4,1,Kids
122,5,1.0,3,39,3,1,13,0.8205128205128205,True,5,2,Kids
122,6,1.0,5,65,5,1,14,0.676923076923077,True,6,2,Kids
122,7,1.0,2,26,2,1,13,0.9230769230769231,True,7,2,Kids
122,8,1.0,3,39,3,1,13,0.8461538461538461,True,8,3,Kids
122,9,1.0,5,65,5,1,14,0.8,True,9,3,Kids
122,10,1.0,4,52,4,1,13,0.7692307692307693,True,10,2,Kids
123,1,2.0,2,26,2,1,13,1.0,True,1,1,Teens
123,2,2.0,3,39,3,1,13,0.9487179487179487,True,2,1,Teens
123,3,2.0,5,65,5,1,13,0.9538461538461539,True,3,1,Teens
123,4,2.0,4,52,4,1,14,0.8653846153846154,True,4,1,Teens
123,5,2.0,3,39,3,1,13,0.8974358974358975,True,5,2,Teens
123,6,2.0,5,65,5,1,13,0.9230769230769231,True,6,2,Teens
123,7,2.0,2,26,2,1,13,0.8846153846153846,True,7,2,Teens
123,8,2.0,3,39,3,1,13,0.9743589743589743,True,8,3,Teens
123,9,2.0,5,65,5,1,13,0.9076923076923077,True,9,3,Teens
123,10,2.0,4,52,4,1,14,0.8846153846153846,True,10,2,Teens
124,1,2.0,2,26,2,1,13,0.9615384615384616,True,1,1,Teens
124,2,2.0,3,39,3,1,13,0.9487179487179487,True,2,1,Teens
124,3,2.0,5,65,5,1,14,0.9538461538461539,True,3,1,Teens
124,4,2.0,4,52,4,1,14,0.7115384615384616,True,4,1,Teens
124,5,2.0,3,39,3,1,13,0.8461538461538461,True,5,2,Teens
124,6,2.0,5,65,5,1,14,0.7846153846153846,True,6,2,Teens
124,7,2.0,2,26,2,1,13,0.8461538461538461,True,7,2,Teens
124,8,2.0,3,39,3,1,13,0.9743589743589743,True,8,3,Teens
124,9,2.0,5,65,5,1,14,0.5846153846153846,True,9,3,Teens
124,10,2.0,4,52,4,1,14,0.8269230769230769,True,10,2,Teens
125,1,2.0,2,26,2,1,13,0.9615384615384616,True,1,1,Teens
125,2,2.0,3,39,3,1,13,0.8717948717948718,True,2,1,Teens
125,3,2.0,4,52,4,1,14,0.9038461538461539,True,3,1,Teens
125,4,2.0,5,65,5,1,13,0.9076923076923077,True,4,1,Teens
125,5,2.0,3,39,3,1,13,0.7948717948717948,True,5,2,Teens
125,6,2.0,5,65,5,1,13,0.9384615384615385,True,6,2,Teens
125,7,2.0,2,26,2,1,13,0.8461538461538461,True,7,2,Teens
125,8,2.0,3,39,3,1,13,0.8461538461538461,True,8,3,Teens
125,9,2.0,4,52,4,1,14,0.9230769230769231,True,9,2,Teens
125,10,2.0,5,65,5,1,13,0.8923076923076924,True,10,3,Teens
126,1,1.0,2,26,2,1,13,0.6923076923076923,True,1,1,Kids
126,2,1.0,3,39,3,1,13,0.6666666666666666,True,2,1,Kids
126,3,1.0,4,50,4,1,13,0.74,True,3,1,Kids
126,4,1.0,5,65,5,1,14,0.7384615384615385,True,4,1,Kids
126,5,1.0,3,39,3,1,13,0.8717948717948718,True,5,2,Kids
126,6,1.0,5,65,5,1,14,0.8153846153846154,True,6,2,Kids
126,7,1.0,2,26,2,1,13,0.8846153846153846,True,7,2,Kids
126,8,1.0,3,39,3,1,13,0.8717948717948718,True,8,3,Kids
126,9,1.0,4,52,4,1,13,0.8846153846153846,True,9,2,Kids
126,10,1.0,5,65,5,1,14,0.7076923076923077,True,10,3,Kids
127,1,1.0,2,26,2,1,13,0.5,True,1,1,Kids
127,2,1.0,3,39,3,1,13,0.48717948717948717,True,2,1,Kids
127,3,1.0,4,52,4,1,13,0.8461538461538461,True,3,1,Kids
127,4,1.0,5,65,5,1,14,0.6307692307692307,True,4,1,Kids
127,5,1.0,3,39,3,1,13,0.6923076923076923,True,5,2,Kids
127,6,1.0,5,65,5,1,14,0.8307692307692308,True,6,2,Kids
127,7,1.0,2,26,2,1,13,0.7307692307692307,True,7,2,Kids
127,8,1.0,3,39,3,1,13,0.7435897435897436,True,8,3,Kids
127,9,1.0,4,52,4,1,13,0.40384615384615385,True,9,2,Kids
127,10,1.0,5,65,5,1,14,0.5076923076923077,True,10,3,Kids
128,1,2.0,2,26,2,1,13,0.8846153846153846,True,1,1,Teens
128,2,2.0,4,52,4,1,13,0.8076923076923077,True,2,1,Teens
128,3,2.0,3,39,3,1,13,0.8461538461538461,True,3,1,Teens
128,4,2.0,5,65,5,1,14,0.7692307692307693,True,4,1,Teens
128,5,2.0,3,39,3,1,13,0.9230769230769231,True,5,2,Teens
128,6,2.0,5,65,5,1,14,0.8307692307692308,True,6,2,Teens
128,7,2.0,2,26,2,1,13,0.6923076923076923,True,7,2,Teens
128,8,2.0,4,52,4,1,13,0.9230769230769231,True,8,2,Teens
128,9,2.0,3,39,3,1,13,0.8461538461538461,True,9,3,Teens
128,10,2.0,5,65,5,1,14,0.7692307692307693,True,10,3,Teens
129,1,1.0,2,26,2,1,13,0.7692307692307693,True,1,1,Kids
129,2,1.0,3,39,3,1,13,0.9230769230769231,True,2,1,Kids
129,3,1.0,4,52,4,1,14,0.6538461538461539,True,3,1,Kids
129,4,1.0,5,65,5,1,13,0.8461538461538461,True,4,1,Kids
129,5,1.0,3,39,3,1,13,0.8717948717948718,True,5,2,Kids
129,6,1.0,5,65,5,1,13,0.8,True,6,2,Kids
129,7,1.0,2,26,2,1,13,1.0,True,7,2,Kids
129,8,1.0,3,39,3,1,13,0.7692307692307693,True,8,3,Kids
129,9,1.0,4,52,4,1,14,0.8076923076923077,True,9,2,Kids
129,10,1.0,5,65,5,1,13,0.8,True,10,3,Kids
130,1,2.0,2,26,2,1,13,0.8076923076923077,True,1,1,Teens
130,2,2.0,3,39,3,1,13,0.9230769230769231,True,2,1,Teens
130,3,2.0,4,52,4,1,14,0.8461538461538461,True,3,1,Teens
130,4,2.0,5,65,5,1,14,0.8769230769230769,True,4,1,Teens
130,5,2.0,3,39,3,1,13,0.9743589743589743,True,5,2,Teens
130,6,2.0,5,64,5,1,14,0.71875,True,6,2,Teens
130,7,2.0,2,26,2,1,13,0.9230769230769231,True,7,2,Teens
130,8,2.0,3,39,3,1,13,0.9230769230769231,True,8,3,Teens
130,9,2.0,4,52,4,1,14,0.9423076923076923,True,9,2,Teens
130,10,2.0,5,65,5,1,14,0.5538461538461539,True,10,3,Teens
131,1,2.0,2,26,2,1,13,0.9230769230769231,True,1,1,Teens
131,2,2.0,3,38,3,1,13,0.7894736842105263,True,2,1,Teens
131,3,2.0,4,52,4,1,14,0.6923076923076923,True,3,1,Teens
131,4,2.0,5,65,5,1,13,0.8,True,4,1,Teens
131,5,2.0,3,39,3,1,13,0.8974358974358975,True,5,2,Teens
131,6,2.0,5,65,5,1,13,0.7384615384615385,True,6,2,Teens
131,7,2.0,2,26,2,1,13,0.9230769230769231,True,7,2,Teens
131,8,2.0,3,39,3,1,13,0.8974358974358975,True,8,3,Teens
131,9,2.0,4,52,4,1,14,0.9230769230769231,True,9,2,Teens
131,10,2.0,5,65,5,1,13,0.8615384615384616,True,10,3,Teens
132,1,2.0,2,26,2,1,13,0.8461538461538461,True,1,1,Teens
132,2,2.0,3,39,3,1,13,0.7692307692307693,True,2,1,Teens
132,3,2.0,5,65,5,1,14,0.8923076923076924,True,3,1,Teens
132,4,2.0,4,52,4,1,13,0.8076923076923077,True,4,1,Teens
132,5,2.0,3,39,3,1,13,0.9230769230769231,True,5,2,Teens
132,6,2.0,5,65,5,1,14,0.8153846153846154,True,6,2,Teens
132,7,2.0,2,26,2,1,13,0.8461538461538461,True,7,2,Teens
132,8,2.0,3,39,3,1,13,0.9230769230769231,True,8,3,Teens
132,9,2.0,5,65,5,1,14,0.7846153846153846,True,9,3,Teens
132,10,2.0,4,52,4,1,13,0.9423076923076923,True,10,2,Teens
133,1,1.0,2,26,2,1,13,0.8461538461538461,True,1,1,Kids
133,2,1.0,3,38,3,1,13,0.631578947368421,True,2,1,Kids
133,3,1.0,5,63,5,1,13,0.5396825396825397,True,3,1,Kids
133,4,1.0,4,52,4,1,14,0.6923076923076923,True,4,1,Kids
133,5,1.0,3,39,3,1,13,0.28205128205128205,True,5,2,Kids
133,6,1.0,5,65,5,1,13,0.8,True,6,2,Kids
133,7,1.0,2,26,2,1,13,0.8461538461538461,True,7,2,Kids
133,8,1.0,3,39,3,1,13,0.8461538461538461,True,8,3,Kids
133,9,1.0,5,61,5,1,13,0.32786885245901637,True,9,3,Kids
133,10,1.0,4,52,4,1,14,0.8846153846153846,True,10,2,Kids
134,1,1.0,2,26,2,1,13,0.7692307692307693,True,1,1,Kids
134,2,1.0,3,38,3,1,13,0.6842105263157895,True,2,1,Kids
134,3,1.0,5,65,5,1,14,0.7076923076923077,True,3,1,Kids
134,4,1.0,4,52,4,1,14,0.7692307692307693,True,4,1,Kids
134,5,1.0,3,39,3,1,13,0.9230769230769231,True,5,2,Kids
134,6,1.0,5,65,5,1,14,0.7538461538461538,True,6,2,Kids
134,7,1.0,2,26,2,1,13,0.7692307692307693,True,7,2,Kids
134,8,1.0,3,39,3,1,13,0.9487179487179487,True,8,3,Kids
134,9,1.0,5,65,5,1,14,0.8461538461538461,True,9,3,Kids
134,10,1.0,4,52,4,1,14,0.8653846153846154,True,10,2,Kids
135,1,2.0,2,26,2,1,13,0.9230769230769231,True,1,1,Teens
135,2,2.0,3,39,3,1,13,0.9230769230769231,True,2,1,Teens
135,3,2.0,4,52,4,1,14,0.8653846153846154,True,3,1,Teens
135,4,2.0,5,65,5,1,13,0.9076923076923077,True,4,1,Teens
135,5,2.0,3,39,3,1,13,0.9230769230769231,True,5,2,Teens
135,6,2.0,5,65,5,1,13,0.9076923076923077,True,6,2,Teens
135,7,2.0,2,26,2,1,13,0.8461538461538461,True,7,2,Teens
135,8,2.0,3,39,3,1,13,0.9230769230769231,True,8,3,Teens
135,9,2.0,4,52,4,1,14,0.9038461538461539,True,9,2,Teens
135,10,2.0,5,65,5,1,13,0.8307692307692308,True,10,3,Teens
136,1,2.0,2,26,2,1,13,0.9230769230769231,True,1,1,Teens
136,2,2.0,3,39,3,1,13,0.8461538461538461,True,2,1,Teens
136,3,2.0,4,52,4,1,13,0.8076923076923077,True,3,1,Teens
136,4,2.0,5,65,5,1,14,0.7384615384615385,True,4,1,Teens
136,5,2.0,3,39,3,1,13,0.8461538461538461,True,5,2,Teens
136,6,2.0,5,64,5,1,14,0.4375,True,6,2,Teens
136,7,2.0,2,26,2,1,13,0.7692307692307693,True,7,2,Teens
136,8,2.0,3,39,3,1,13,0.9487179487179487,True,8,3,Teens
136,9,2.0,4,52,4,1,13,0.8461538461538461,True,9,2,Teens
136,10,2.0,5,65,5,1,14,0.6461538461538462,True,10,3,Teens
137,1,2.0,2,26,2,1,13,0.8076923076923077,True,1,1,Teens
137,2,2.0,3,39,3,1,13,0.7435897435897436,True,2,1,Teens
137,3,2.0,4,52,4,1,13,0.8653846153846154,True,3,1,Teens
137,4,2.0,5,65,5,1,14,0.8615384615384616,True,4,1,Teens
137,5,2.0,3,39,3,1,13,0.7435897435897436,True,5,2,Teens
137,6,2.0,5,65,5,1,14,0.9076923076923077,True,6,2,Teens
137,7,2.0,2,26,2,1,13,0.9615384615384616,True,7,2,Teens
137,8,2.0,3,39,3,1,13,0.7948717948717948,True,8,3,Teens
137,9,2.0,4,52,4,1,13,0.8846153846153846,True,9,2,Teens
137,10,2.0,5,65,5,1,14,0.9384615384615385,True,10,3,Teens
138,1,1.0,2,26,2,1,13,0.6153846153846154,True,1,1,Kids
138,2,1.0,4,52,4,1,13,0.8846153846153846,True,2,1,Kids
138,3,1.0,3,39,3,1,13,0.7435897435897436,True,3,1,Kids
138,4,1.0,5,65,5,1,14,0.5846153846153846,True,4,1,Kids
138,5,1.0,3,39,3,1,13,0.8205128205128205,True,5,2,Kids
138,6,1.0,5,65,5,1,14,0.6,True,6,2,Kids
138,7,1.0,2,26,2,1,13,0.8846153846153846,True,7,2,Kids
138,8,1.0,4,52,4,1,13,0.9423076923076923,True,8,2,Kids
138,9,1.0,3,38,3,1,13,0.9210526315789473,True,9,3,Kids
138,10,1.0,5,63,5,1,14,0.30158730158730157,True,10,3,Kids
139,1,2.0,2,26,2,1,13,0.8846153846153846,True,1,1,Teens
139,2,2.0,3,39,3,1,13,0.6923076923076923,True,2,1,Teens
139,3,2.0,4,52,4,1,14,0.46153846153846156,True,3,1,Teens
139,4,2.0,5,65,5,1,13,0.6615384615384615,True,4,1,Teens
139,5,2.0,3,39,3,1,13,0.7948717948717948,True,5,2,Teens
139,6,2.0,5,65,5,1,13,0.8153846153846154,True,6,2,Teens
139,7,2.0,2,26,2,1,13,0.7307692307692307,True,7,2,Teens
139,8,2.0,3,39,3,1,13,0.8974358974358975,True,8,3,Teens
139,9,2.0,4,52,4,1,14,0.8076923076923077,True,9,2,Teens
139,10,2.0,5,64,5,1,13,0.703125,True,10,3,Teens
140,1,1.0,2,26,2,1,13,0.8846153846153846,True,1,1,Kids
140,2,1.0,3,39,3,1,13,0.9487179487179487,True,2,1,Kids
140,3,1.0,4,52,4,1,14,0.6730769230769231,True,3,1,Kids
140,4,1.0,5,65,5,1,14,0.8153846153846154,True,4,1,Kids
140,5,1.0,3,39,3,1,13,0.9487179487179487,True,5,2,Kids
140,6,1.0,5,65,5,1,14,0.7846153846153846,True,6,2,Kids
140,7,1.0,2,26,2,1,13,0.9615384615384616,True,7,2,Kids
140,8,1.0,3,39,3,1,13,0.8717948717948718,True,8,3,Kids
140,9,1.0,4,52,4,1,14,0.9423076923076923,True,9,2,Kids
140,10,1.0,5,65,5,1,14,0.7692307692307693,True,10,3,Kids
141,1,1.0,2,26,2,1,13,1.0,True,1,1,Kids
141,2,1.0,3,39,3,1,13,0.7948717948717948,True,2,1,Kids
141,3,1.0,4,52,4,1,14,0.6538461538461539,True,3,1,Kids
141,4,1.0,5,65,5,1,13,0.7384615384615385,True,4,1,Kids
141,5,1.0,3,39,3,1,13,0.8974358974358975,True,5,2,Kids
141,6,1.0,5,65,5,1,13,0.5384615384615384,True,6,2,Kids
141,7,1.0,2,26,2,1,13,0.9230769230769231,True,7,2,Kids
141,8,1.0,3,39,3,1,13,0.7948717948717948,True,8,3,Kids
141,9,1.0,4,52,4,1,14,0.40384615384615385,True,9,2,Kids
141,10,1.0,5,65,5,1,13,0.6461538461538462,True,10,3,Kids
142,1,1.0,2,25,2,1,13,0.76,True,1,1,Kids
142,2,1.0,3,39,3,1,13,0.7692307692307693,True,2,1,Kids
142,3,1.0,5,65,5,1,14,0.8923076923076924,True,3,1,Kids
142,4,1.0,4,52,4,1,13,0.8846153846153846,True,4,1,Kids
142,5,1.0,3,39,3,1,13,0.7948717948717948,True,5,2,Kids
142,6,1.0,5,65,5,1,14,0.8615384615384616,True,6,2,Kids
142,7,1.0,2,26,2,1,13,0.9615384615384616,True,7,2,Kids
142,8,1.0,3,39,3,1,13,0.8974358974358975,True,8,3,Kids
142,9,1.0,5,65,5,1,14,0.8461538461538461,True,9,3,Kids
142,10,1.0,4,52,4,1,13,0.9038461538461539,True,10,2,Kids
143,1,1.0,2,26,2,1,13,0.8076923076923077,True,1,1,Kids
143,2,1.0,3,39,3,1,13,0.7948717948717948,True,2,1,Kids
143,3,1.0,5,65,5,1,13,0.6923076923076923,True,3,1,Kids
143,4,1.0,4,51,4,1,13,0.7843137254901961,True,4,1,Kids
143,5,1.0,3,39,3,1,13,0.717948717948718,True,5,2,Kids
143,6,1.0,5,65,5,1,13,0.8615384615384616,True,6,2,Kids
143,7,1.0,2,26,2,1,13,0.8846153846153846,True,7,2,Kids
143,8,1.0,3,39,3,1,13,0.6923076923076923,True,8,3,Kids
143,9,1.0,5,63,5,1,13,0.3333333333333333,True,9,3,Kids
143,10,1.0,4,52,4,1,14,0.5769230769230769,True,10,2,Kids
144,1,1.0,2,26,2,1,13,0.8846153846153846,True,1,1,Kids
144,2,1.0,3,39,3,1,13,0.7948717948717948,True,2,1,Kids
144,3,1.0,5,63,5,1,14,0.7301587301587301,True,3,1,Kids
144,4,1.0,4,52,4,1,14,0.9807692307692307,True,4,1,Kids
144,5,1.0,3,39,3,1,13,0.8717948717948718,True,5,2,Kids
144,6,1.0,5,65,5,1,14,0.9076923076923077,True,6,2,Kids
144,7,1.0,2,25,2,1,13,0.92,True,7,2,Kids
144,8,1.0,3,39,3,1,13,0.8717948717948718,True,8,3,Kids
144,9,1.0,5,65,5,1,14,0.7384615384615385,True,9,3,Kids
144,10,1.0,4,51,4,1,14,0.9019607843137255,True,10,2,Kids
145,1,1.0,2,26,2,1,13,0.8076923076923077,True,1,1,Kids
145,2,1.0,3,39,3,1,13,0.8974358974358975,True,2,1,Kids
145,3,1.0,4,52,4,1,14,0.8269230769230769,True,3,1,Kids
145,4,1.0,5,65,5,1,13,0.8615384615384616,True,4,1,Kids
145,5,1.0,3,39,3,1,13,0.8717948717948718,True,5,2,Kids
145,6,1.0,5,65,5,1,13,0.7692307692307693,True,6,2,Kids
145,7,1.0,2,26,2,1,13,0.7692307692307693,True,7,2,Kids
145,8,1.0,3,39,3,1,13,0.6153846153846154,True,8,3,Kids
145,9,1.0,4,52,4,1,14,0.8846153846153846,True,9,2,Kids
145,10,1.0,5,65,5,1,13,0.8923076923076924,True,10,3,Kids
146,1,1.0,2,26,2,1,13,0.8461538461538461,True,1,1,Kids
146,2,1.0,3,39,3,1,13,0.7692307692307693,True,2,1,Kids
146,3,1.0,4,52,4,1,13,0.8653846153846154,True,3,1,Kids
146,4,1.0,5,65,5,1,14,0.7076923076923077,True,4,1,Kids
146,5,1.0,3,39,3,1,13,0.7692307692307693,True,5,2,Kids
146,6,1.0,5,65,5,1,14,0.7846153846153846,True,6,2,Kids
146,7,1.0,2,26,2,1,13,1.0,True,7,2,Kids
146,8,1.0,3,38,3,1,13,0.8947368421052632,True,8,3,Kids
146,9,1.0,4,52,4,1,13,0.7692307692307693,True,9,2,Kids
146,10,1.0,5,65,5,1,14,0.5384615384615384,True,10,3,Kids
147,1,1.0,2,26,2,1,13,0.7692307692307693,True,1,1,Kids
147,2,1.0,3,39,3,1,13,0.8717948717948718,True,2,1,Kids
147,3,1.0,4,52,4,1,13,0.34615384615384615,True,3,1,Kids
147,4,1.0,5,65,5,1,14,0.8461538461538461,True,4,1,Kids
147,5,1.0,3,39,3,1,13,0.8205128205128205,True,5,2,Kids
147,6,1.0,5,65,5,1,14,0.7230769230769231,True,6,2,Kids
147,7,1.0,2,26,2,1,13,0.8461538461538461,True,7,2,Kids
147,8,1.0,3,39,3,1,13,0.9230769230769231,True,8,3,Kids
147,9,1.0,4,52,4,1,13,0.8653846153846154,True,9,2,Kids
147,10,1.0,5,65,5,1,14,0.8461538461538461,True,10,3,Kids
148,1,2.0,2,26,2,1,13,0.8461538461538461,True,1,1,Teens
148,2,2.0,4,52,4,1,13,0.7115384615384616,True,2,1,Teens
148,3,2.0,3,39,3,1,13,0.8461538461538461,True,3,1,Teens
148,4,2.0,5,65,5,1,14,0.6923076923076923,True,4,1,Teens
148,5,2.0,3,39,3,1,13,0.8717948717948718,True,5,2,Teens
148,6,2.0,5,65,5,1,14,0.8769230769230769,True,6,2,Teens
148,7,2.0,2,26,2,1,13,0.8846153846153846,True,7,2,Teens
148,8,2.0,4,52,4,1,13,0.75,True,8,2,Teens
148,9,2.0,3,39,3,1,13,0.7948717948717948,True,9,3,Teens
148,10,2.0,5,65,5,1,14,0.8461538461538461,True,10,3,Teens
149,1,1.0,2,26,2,1,13,0.8846153846153846,True,1,1,Kids
149,2,1.0,3,39,3,1,13,0.8205128205128205,True,2,1,Kids
149,3,1.0,4,52,4,1,14,0.46153846153846156,True,3,1,Kids
149,4,1.0,5,65,5,1,13,0.5538461538461539,True,4,1,Kids
149,5,1.0,3,39,3,1,13,0.8974358974358975,True,5,2,Kids
149,6,1.0,5,65,5,1,13,0.8,True,6,2,Kids
149,7,1.0,2,26,2,1,13,0.9230769230769231,True,7,2,Kids
149,8,1.0,3,39,3,1,13,0.9230769230769231,True,8,3,Kids
149,9,1.0,4,52,4,1,14,0.9038461538461539,True,9,2,Kids
149,10,1.0,5,65,5,1,13,0.8461538461538461,True,10,3,Kids
150,1,1.0,2,26,2,1,13,0.9615384615384616,True,1,1,Kids
150,2,1.0,3,39,3,1,13,0.8974358974358975,True,2,1,Kids
150,3,1.0,4,52,4,1,14,0.9038461538461539,True,3,1,Kids
150,4,1.0,5,65,5,1,14,0.9846153846153847,True,4,1,Kids
150,5,1.0,3,39,3,1,13,0.9487179487179487,True,5,2,Kids
150,6,1.0,5,65,5,1,14,0.8923076923076924,True,6,2,Kids
150,7,1.0,2,26,2,1,13,0.9615384615384616,True,7,2,Kids
150,8,1.0,3,39,3,1,13,0.8717948717948718,True,8,3,Kids
150,9,1.0,4,52,4,1,14,0.8269230769230769,True,9,2,Kids
150,10,1.0,5,65,5,1,14,0.8615384615384616,True,10,3,Kids
151,1,1.0,2,26,2,1,13,0.8076923076923077,True,1,1,Kids
151,2,1.0,3,39,3,1,13,0.8461538461538461,True,2,1,Kids
151,3,1.0,4,52,4,1,14,0.9038461538461539,True,3,1,Kids
151,4,1.0,5,64,5,1,13,0.859375,True,4,1,Kids
151,5,1.0,3,39,3,1,13,0.9743589743589743,True,5,2,Kids
151,6,1.0,5,63,5,1,13,0.4603174603174603,True,6,2,Kids
151,7,1.0,2,26,2,1,13,0.9230769230769231,True,7,2,Kids
151,8,1.0,3,39,3,1,13,0.7692307692307693,True,8,3,Kids
151,9,1.0,4,52,4,1,14,0.9038461538461539,True,9,2,Kids
151,10,1.0,5,65,5,1,13,0.8461538461538461,True,10,3,Kids
152,1,2.0,2,26,2,1,13,0.7307692307692307,True,1,1,Teens
152,2,2.0,3,39,3,1,13,0.6410256410256411,True,2,1,Teens
152,3,2.0,5,65,5,1,14,0.4461538461538462,True,3,1,Teens
152,4,2.0,4,52,4,1,13,0.40384615384615385,True,4,1,Teens
152,5,2.0,3,39,3,1,13,0.7948717948717948,True,5,2,Teens
152,6,2.0,5,65,5,1,14,0.6615384615384615,True,6,2,Teens
152,7,2.0,2,26,2,1,13,0.7692307692307693,True,7,2,Teens
152,8,2.0,3,39,3,1,13,0.8461538461538461,True,8,3,Teens
152,9,2.0,5,65,5,1,14,0.5846153846153846,True,9,3,Teens
152,10,2.0,4,52,4,1,13,0.40384615384615385,True,10,2,Teens
153,1,1.0,2,26,2,1,13,0.9615384615384616,True,1,1,Kids
153,2,1.0,3,39,3,1,13,0.9230769230769231,True,2,1,Kids
153,3,1.0,5,65,5,1,13,0.8,True,3,1,Kids
153,4,1.0,4,52,4,1,14,0.6923076923076923,True,4,1,Kids
153,5,1.0,3,39,3,1,13,0.7948717948717948,True,5,2,Kids
153,6,1.0,5,65,5,1,13,0.7692307692307693,True,6,2,Kids
153,7,1.0,2,26,2,1,13,0.7307692307692307,True,7,2,Kids
153,8,1.0,3,39,3,1,13,0.8461538461538461,True,8,3,Kids
153,9,1.0,5,65,5,1,13,0.5692307692307692,True,9,3,Kids
153,10,1.0,4,52,4,1,14,0.8653846153846154,True,10,2,Kids
154,1,2.0,2,26,2,1,13,0.8461538461538461,True,1,1,Teens
154,2,2.0,3,39,3,1,13,0.8974358974358975,True,2,1,Teens
154,3,2.0,5,65,5,1,14,0.7692307692307693,True,3,1,Teens
154,4,2.0,4,52,4,1,14,0.9038461538461539,True,4,1,Teens
154,5,2.0,3,39,3,1,13,0.9487179487179487,True,5,2,Teens
154,6,2.0,5,65,5,1,14,0.8307692307692308,True,6,2,Teens
154,7,2.0,2,26,2,1,13,0.9615384615384616,True,7,2,Teens
154,8,2.0,3,39,3,1,13,0.9743589743589743,True,8,3,Teens
154,9,2.0,5,65,5,1,14,0.8615384615384616,True,9,3,Teens
154,10,2.0,4,52,4,1,14,0.6923076923076923,True,10,2,Teens
155,1,1.0,2,26,2,1,13,0.9230769230769231,True,1,1,Kids
155,2,1.0,3,39,3,1,13,0.7948717948717948,True,2,1,Kids
155,3,1.0,4,52,4,1,14,0.7884615384615384,True,3,1,Kids
155,4,1.0,5,65,5,1,13,0.5384615384615384,True,4,1,Kids
155,5,1.0,3,39,3,1,13,0.8974358974358975,True,5,2,Kids
155,6,1.0,5,65,5,1,13,0.8,True,6,2,Kids
155,7,1.0,2,26,2,1,13,0.9230769230769231,True,7,2,Kids
155,8,1.0,3,39,3,1,13,0.7948717948717948,True,8,3,Kids
155,9,1.0,4,52,4,1,14,0.8461538461538461,True,9,2,Kids
155,10,1.0,5,65,5,1,13,0.6,True,10,3,Kids
156,1,1.0,2,26,2,1,13,0.8461538461538461,True,1,1,Kids
156,2,1.0,3,39,3,1,13,0.9230769230769231,True,2,1,Kids
156,3,1.0,4,52,4,1,13,0.9230769230769231,True,3,1,Kids
156,4,1.0,5,65,5,1,14,0.8153846153846154,True,4,1,Kids
156,5,1.0,3,38,3,1,13,0.9473684210526315,True,5,2,Kids
156,6,1.0,5,65,5,1,14,0.8769230769230769,True,6,2,Kids
156,7,1.0,2,26,2,1,13,0.9230769230769231,True,7,2,Kids
156,8,1.0,3,39,3,1,13,0.7948717948717948,True,8,3,Kids
156,9,1.0,4,52,4,1,13,0.7692307692307693,True,9,2,Kids
156,10,1.0,5,65,5,1,14,0.5230769230769231,True,10,3,Kids
157,1,1.0,2,26,2,1,13,0.8461538461538461,True,1,1,Kids
157,2,1.0,3,39,3,1,13,0.6923076923076923,True,2,1,Kids
157,3,1.0,4,52,4,1,13,0.5769230769230769,True,3,1,Kids
157,4,1.0,5,65,5,1,14,0.8461538461538461,True,4,1,Kids
157,5,1.0,3,39,3,1,13,0.8717948717948718,True,5,2,Kids
157,6,1.0,5,64,5,1,14,0.796875,True,6,2,Kids
157,7,1.0,2,26,2,1,13,0.8076923076923077,True,7,2,Kids
157,8,1.0,3,39,3,1,13,0.6666666666666666,True,8,3,Kids
157,9,1.0,4,52,4,1,13,0.8076923076923077,True,9,2,Kids
157,10,1.0,5,65,5,1,14,0.8461538461538461,True,10,3,Kids
158,1,1.0,2,26,2,1,13,0.9230769230769231,True,1,1,Kids
158,2,1.0,4,52,4,1,13,0.9423076923076923,True,2,1,Kids
158,3,1.0,3,39,3,1,13,0.9743589743589743,True,3,1,Kids
158,4,1.0,5,65,5,1,14,0.8307692307692308,True,4,1,Kids
158,5,1.0,3,39,3,1,13,0.8717948717948718,True,5,2,Kids
158,6,1.0,5,65,5,1,14,0.8461538461538461,True,6,2,Kids
158,7,1.0,2,26,2,1,13,0.7692307692307693,True,7,2,Kids
158,8,1.0,4,52,4,1,13,0.7307692307692307,True,8,2,Kids
158,9,1.0,3,39,3,1,13,0.8461538461538461,True,9,3,Kids
158,10,1.0,5,65,5,1,14,0.6615384615384615,True,10,3,Kids
159,1,2.0,2,25,2,1,13,0.92,True,1,1,Teens
159,2,2.0,3,39,3,1,13,0.717948717948718,True,2,1,Teens
159,3,2.0,4,52,4,1,14,0.5,True,3,1,Teens
159,4,2.0,5,65,5,1,13,0.6,True,4,1,Teens
159,5,2.0,3,39,3,1,13,0.8974358974358975,True,5,2,Teens
159,6,2.0,5,65,5,1,13,0.7846153846153846,True,6,2,Teens
159,7,2.0,2,26,2,1,13,0.8461538461538461,True,7,2,Teens
159,8,2.0,3,39,3,1,13,0.9230769230769231,True,8,3,Teens
159,9,2.0,4,52,4,1,14,0.9038461538461539,True,9,2,Teens
159,10,2.0,5,65,5,1,13,0.6,True,10,3,Teens
160,1,2.0,2,26,2,1,13,0.9615384615384616,True,1,1,Teens
160,2,2.0,3,39,3,1,13,0.8974358974358975,True,2,1,Teens
160,3,2.0,4,52,4,1,14,0.8653846153846154,True,3,1,Teens
160,4,2.0,5,65,5,1,14,0.7384615384615385,True,4,1,Teens
160,5,2.0,3,39,3,1,13,0.7948717948717948,True,5,2,Teens
160,6,2.0,5,65,5,1,14,0.9384615384615385,True,6,2,Teens
160,7,2.0,2,26,2,1,13,0.8846153846153846,True,7,2,Teens
160,8,2.0,3,39,3,1,13,0.9230769230769231,True,8,3,Teens
160,9,2.0,4,52,4,1,14,0.9423076923076923,True,9,2,Teens
160,10,2.0,5,65,5,1,14,0.8923076923076924,True,10,3,Teens
161,1,2.0,2,26,2,1,13,1.0,True,1,1,Teens
161,2,2.0,3,39,3,1,13,0.9487179487179487,True,2,1,Teens
161,3,2.0,4,52,4,1,14,0.8653846153846154,True,3,1,Teens
161,4,2.0,5,65,5,1,13,0.9076923076923077,True,4,1,Teens
161,5,2.0,3,38,3,1,13,0.8947368421052632,True,5,2,Teens
161,6,2.0,5,65,5,1,13,0.8923076923076924,True,6,2,Teens
161,7,2.0,2,26,2,1,13,0.8461538461538461,True,7,2,Teens
161,8,2.0,3,39,3,1,13,0.8461538461538461,True,8,3,Teens
161,9,2.0,4,52,4,1,14,0.8846153846153846,True,9,2,Teens
161,10,2.0,5,65,5,1,13,0.9384615384615385,True,10,3,Teens
162,1,2.0,2,26,2,1,13,0.8076923076923077,True,1,1,Teens
162,2,2.0,3,39,3,1,13,0.7435897435897436,True,2,1,Teens
162,3,2.0,5,65,5,1,14,0.8923076923076924,True,3,1,Teens
162,4,2.0,4,51,4,1,13,0.803921568627451,True,4,1,Teens
162,5,2.0,3,39,3,1,13,0.8461538461538461,True,5,2,Teens
162,6,2.0,5,65,5,1,14,0.7538461538461538,True,6,2,Teens
162,7,2.0,2,26,2,1,13,0.8461538461538461,True,7,2,Teens
162,8,2.0,3,39,3,1,13,0.8974358974358975,True,8,3,Teens
162,9,2.0,5,65,5,1,14,0.9076923076923077,True,9,3,Teens
162,10,2.0,4,52,4,1,13,0.8846153846153846,True,10,2,Teens
163,1,2.0,2,26,2,1,13,0.9615384615384616,True,1,1,Teens
163,2,2.0,3,39,3,1,13,0.9487179487179487,True,2,1,Teens
163,3,2.0,5,65,5,1,13,0.8153846153846154,True,3,1,Teens
163,4,2.0,4,52,4,1,14,0.8846153846153846,True,4,1,Teens
163,5,2.0,3,39,3,1,13,0.8974358974358975,True,5,2,Teens
163,6,2.0,5,65,5,1,13,0.8461538461538461,True,6,2,Teens
163,7,2.0,2,26,2,1,13,0.8461538461538461,True,7,2,Teens
163,8,2.0,3,39,3,1,13,0.8461538461538461,True,8,3,Teens
163,9,2.0,5,65,5,1,13,0.8461538461538461,True,9,3,Teens
163,10,2.0,4,52,4,1,14,0.8461538461538461,True,10,2,Teens
164,1,2.0,2,26,2,1,13,0.9615384615384616,True,1,1,Teens
164,2,2.0,3,39,3,1,13,0.8974358974358975,True,2,1,Teens
164,3,2.0,5,65,5,1,14,0.6923076923076923,True,3,1,Teens
164,4,2.0,4,52,4,1,14,0.6730769230769231,True,4,1,Teens
164,5,2.0,3,39,3,1,13,0.9487179487179487,True,5,2,Teens
164,6,2.0,5,65,5,1,14,0.7538461538461538,True,6,2,Teens
164,7,2.0,2,26,2,1,13,0.9230769230769231,True,7,2,Teens
164,8,2.0,3,39,3,1,13,0.8717948717948718,True,8,3,Teens
164,9,2.0,5,65,5,1,14,0.9538461538461539,True,9,3,Teens
164,10,2.0,4,52,4,1,14,0.5769230769230769,True,10,2,Teens
165,1,2.0,2,26,2,1,13,0.9615384615384616,True,1,1,Teens
165,2,2.0,3,39,3,1,13,0.7948717948717948,True,2,1,Teens
165,3,2.0,4,52,4,1,14,0.8269230769230769,True,3,1,Teens
165,4,2.0,5,65,5,1,13,0.7384615384615385,True,4,1,Teens
165,5,2.0,3,39,3,1,13,0.9230769230769231,True,5,2,Teens
165,6,2.0,5,65,5,1,13,0.8769230769230769,True,6,2,Teens
165,7,2.0,2,26,2,1,13,0.9230769230769231,True,7,2,Teens
165,8,2.0,3,38,3,1,13,0.8947368421052632,True,8,3,Teens
165,9,2.0,4,52,4,1,14,0.9615384615384616,True,9,2,Teens
165,10,2.0,5,65,5,1,13,0.6923076923076923,True,10,3,Teens
166,1,2.0,2,26,2,1,13,0.8076923076923077,True,1,1,Teens
166,2,2.0,3,39,3,1,13,0.8717948717948718,True,2,1,Teens
166,3,2.0,4,52,4,1,13,0.9230769230769231,True,3,1,Teens
166,4,2.0,5,65,5,1,14,0.7076923076923077,True,4,1,Teens
166,5,2.0,3,39,3,1,13,0.9487179487179487,True,5,2,Teens
166,6,2.0,5,65,5,1,14,0.8923076923076924,True,6,2,Teens
166,7,2.0,2,26,2,1,13,0.8461538461538461,True,7,2,Teens
166,8,2.0,3,39,3,1,13,0.9487179487179487,True,8,3,Teens
166,9,2.0,4,52,4,1,13,0.8653846153846154,True,9,2,Teens
166,10,2.0,5,65,5,1,14,0.8461538461538461,True,10,3,Teens
167,1,2.0,2,26,2,1,13,0.9230769230769231,True,1,1,Teens
167,2,2.0,3,39,3,1,13,0.8205128205128205,True,2,1,Teens
167,3,2.0,4,52,4,1,13,0.9423076923076923,True,3,1,Teens
167,4,2.0,5,65,5,1,14,0.8,True,4,1,Teens
167,5,2.0,3,39,3,1,13,0.8717948717948718,True,5,2,Teens
167,6,2.0,5,65,5,1,14,0.9384615384615385,True,6,2,Teens
167,7,2.0,2,26,2,1,13,0.9230769230769231,True,7,2,Teens
167,8,2.0,3,39,3,1,13,0.9487179487179487,True,8,3,Teens
167,9,2.0,4,52,4,1,13,0.9038461538461539,True,9,2,Teens
167,10,2.0,5,65,5,1,14,0.8769230769230769,True,10,3,Teens
168,1,2.0,2,26,2,1,13,0.9615384615384616,True,1,1,Teens
168,2,2.0,4,52,4,1,13,0.9230769230769231,True,2,1,Teens
168,3,2.0,3,39,3,1,13,0.7435897435897436,True,3,1,Teens
168,4,2.0,5,65,5,1,14,0.8,True,4,1,Teens
168,5,2.0,3,39,3,1,13,0.9487179487179487,True,5,2,Teens
168,6,2.0,5,65,5,1,14,0.8307692307692308,True,6,2,Teens
168,7,2.0,2,26,2,1,13,0.9230769230769231,True,7,2,Teens
168,8,2.0,4,52,4,1,13,0.9230769230769231,True,8,2,Teens
168,9,2.0,3,39,3,1,13,1.0,True,9,3,Teens
168,10,2.0,5,65,5,1,14,0.7230769230769231,True,10,3,Teens
169,1,2.0,2,26,2,1,13,0.7307692307692307,True,1,1,Teens
169,2,2.0,3,39,3,1,13,0.717948717948718,True,2,1,Teens
169,3,2.0,4,52,4,1,14,0.5961538461538461,True,3,1,Teens
169,4,2.0,5,65,5,1,13,0.6923076923076923,True,4,1,Teens
169,5,2.0,3,39,3,1,13,0.8974358974358975,True,5,2,Teens
169,6,2.0,5,65,5,1,13,0.7846153846153846,True,6,2,Teens
169,7,2.0,2,26,2,1,13,0.8461538461538461,True,7,2,Teens
169,8,2.0,3,39,3,1,13,0.8461538461538461,True,8,3,Teens
169,9,2.0,4,52,4,1,14,0.7115384615384616,True,9,2,Teens
169,10,2.0,5,65,5,1,13,0.7538461538461538,True,10,3,Teens
170,1,2.0,2,26,2,1,13,0.8461538461538461,True,1,1,Teens
170,2,2.0,3,39,3,1,13,0.9230769230769231,True,2,1,Teens
170,3,2.0,4,51,4,1,14,0.7843137254901961,True,3,1,Teens
170,4,2.0,5,65,5,1,14,0.8615384615384616,True,4,1,Teens
170,5,2.0,3,39,3,1,13,1.0,True,5,2,Teens
170,6,2.0,5,65,5,1,14,0.8769230769230769,True,6,2,Teens
170,7,2.0,2,26,2,1,13,0.9615384615384616,True,7,2,Teens
170,8,2.0,3,39,3,1,13,0.9487179487179487,True,8,3,Teens
170,9,2.0,4,52,4,1,14,0.9807692307692307,True,9,2,Teens
170,10,2.0,5,64,5,1,14,0.640625,True,10,3,Teens
171,1,2.0,2,26,2,1,13,0.9615384615384616,True,1,1,Teens
171,2,2.0,3,39,3,1,13,0.8974358974358975,True,2,1,Teens
171,3,2.0,4,52,4,1,14,0.9230769230769231,True,3,1,Teens
171,4,2.0,5,64,5,1,13,0.671875,True,4,1,Teens
171,5,2.0,3,39,3,1,13,0.9487179487179487,True,5,2,Teens
171,6,2.0,5,65,5,1,13,0.5538461538461539,True,6,2,Teens
171,7,2.0,2,26,2,1,13,0.8461538461538461,True,7,2,Teens
171,8,2.0,3,39,3,1,13,0.8974358974358975,True,8,3,Teens
171,9,2.0,4,52,4,1,14,0.8653846153846154,True,9,2,Teens
171,10,2.0,5,65,5,1,13,0.8769230769230769,True,10,3,Teens
172,1,2.0,2,26,2,1,13,0.9615384615384616,True,1,1,Teens
172,2,2.0,3,39,3,1,13,0.7948717948717948,True,2,1,Teens
172,3,2.0,5,65,5,1,14,0.8461538461538461,True,3,1,Teens
172,4,2.0,4,52,4,1,13,0.8653846153846154,True,4,1,Teens
172,5,2.0,3,39,3,1,13,0.9743589743589743,True,5,2,Teens
172,6,2.0,5,65,5,1,14,0.4307692307692308,True,6,2,Teens
172,7,2.0,2,26,2,1,13,0.8846153846153846,True,7,2,Teens
172,8,2.0,3,39,3,1,13,0.9743589743589743,True,8,3,Teens
172,9,2.0,5,65,5,1,14,0.5846153846153846,True,9,3,Teens
172,10,2.0,4,52,4,1,13,0.9615384615384616,True,10,2,Teens
173,1,2.0,2,26,2,1,13,0.23076923076923078,True,1,1,Teens
173,2,2.0,3,39,3,1,13,0.9230769230769231,True,2,1,Teens
173,3,2.0,5,65,5,1,13,0.7538461538461538,True,3,1,Teens
173,4,2.0,4,52,4,1,14,0.8846153846153846,True,4,1,Teens
173,5,2.0,3,39,3,1,13,0.9230769230769231,True,5,2,Teens
173,6,2.0,5,64,5,1,13,0.734375,True,6,2,Teens
173,7,2.0,2,25,2,1,13,0.72,True,7,2,Teens
173,8,2.0,3,39,3,1,13,1.0,True,8,3,Teens
173,9,2.0,5,65,5,1,13,0.676923076923077,True,9,3,Teens
173,10,2.0,4,52,4,1,14,0.7884615384615384,True,10,2,Teens
174,1,2.0,2,26,2,1,13,0.9615384615384616,True,1,1,Teens
174,2,2.0,3,39,3,1,13,0.717948717948718,True,2,1,Teens
174,3,2.0,5,65,5,1,14,0.8,True,3,1,Teens
174,4,2.0,4,52,4,1,14,0.8269230769230769,True,4,1,Teens
174,5,2.0,3,39,3,1,13,0.9487179487179487,True,5,2,Teens
174,6,2.0,5,65,5,1,14,0.7692307692307693,True,6,2,Teens
174,7,2.0,2,26,2,1,13,0.8076923076923077,True,7,2,Teens
174,8,2.0,3,39,3,1,13,0.9743589743589743,True,8,3,Teens
174,9,2.0,5,65,5,1,14,0.8769230769230769,True,9,3,Teens
174,10,2.0,4,52,4,1,14,0.8846153846153846,True,10,2,Teens
175,1,2.0,2,26,2,1,13,0.9615384615384616,True,1,1,Teens
175,2,2.0,3,39,3,1,13,0.8717948717948718,True,2,1,Teens
175,3,2.0,4,52,4,1,14,0.9038461538461539,True,3,1,Teens
175,4,2.0,5,65,5,1,13,0.8923076923076924,True,4,1,Teens
175,5,2.0,3,39,3,1,13,0.9487179487179487,True,5,2,Teens
175,6,2.0,5,65,5,1,13,0.8615384615384616,True,6,2,Teens
175,7,2.0,2,26,2,1,13,0.9230769230769231,True,7,2,Teens
175,8,2.0,3,39,3,1,13,0.9487179487179487,True,8,3,Teens
175,9,2.0,4,52,4,1,14,0.9230769230769231,True,9,2,Teens
175,10,2.0,5,65,5,1,13,0.8923076923076924,True,10,3,Teens
176,1,2.0,2,26,2,1,13,0.8846153846153846,True,1,1,Teens
176,2,2.0,3,39,3,1,13,0.8717948717948718,True,2,1,Teens
176,3,2.0,4,52,4,1,13,0.8846153846153846,True,3,1,Teens
176,4,2.0,5,65,5,1,14,0.7384615384615385,True,4,1,Teens
176,5,2.0,3,39,3,1,13,0.9487179487179487,True,5,2,Teens
176,6,2.0,5,65,5,1,14,0.9076923076923077,True,6,2,Teens
176,7,2.0,2,26,2,1,13,0.8076923076923077,True,7,2,Teens
176,8,2.0,3,39,3,1,13,1.0,True,8,3,Teens
176,9,2.0,4,52,4,1,13,0.8846153846153846,True,9,2,Teens
176,10,2.0,5,65,5,1,14,0.9384615384615385,True,10,3,Teens
177,1,2.0,2,26,2,1,13,0.8461538461538461,True,1,1,Teens
177,2,2.0,3,39,3,1,13,0.7948717948717948,True,2,1,Teens
177,3,2.0,4,51,4,1,13,1.0,True,3,1,Teens
177,4,2.0,5,65,5,1,14,0.7846153846153846,True,4,1,Teens
177,5,2.0,3,39,3,1,13,0.7692307692307693,True,5,2,Teens
177,6,2.0,5,65,5,1,14,0.9076923076923077,True,6,2,Teens
177,7,2.0,2,26,2,1,13,0.9615384615384616,True,7,2,Teens
177,8,2.0,3,39,3,1,13,0.8461538461538461,True,8,3,Teens
177,9,2.0,4,52,4,1,13,0.5576923076923077,True,9,2,Teens
177,10,2.0,5,65,5,1,14,0.6615384615384615,True,10,3,Teens
178,1,2.0,2,26,2,1,13,0.8846153846153846,True,1,1,Teens
178,2,2.0,4,52,4,1,13,0.9423076923076923,True,2,1,Teens
178,3,2.0,3,39,3,1,13,0.7948717948717948,True,3,1,Teens
178,4,2.0,5,65,5,1,14,0.8615384615384616,True,4,1,Teens
178,5,2.0,3,39,3,1,13,0.9230769230769231,True,5,2,Teens
178,6,2.0,5,65,5,1,14,0.7846153846153846,True,6,2,Teens
178,7,2.0,2,26,2,1,13,0.9615384615384616,True,7,2,Teens
178,8,2.0,4,52,4,1,13,0.7692307692307693,True,8,2,Teens
178,9,2.0,3,39,3,1,13,0.9230769230769231,True,9,3,Teens
178,10,2.0,5,65,5,1,14,0.7230769230769231,True,10,3,Teens
179,1,1.0,2,26,2,1,13,0.8461538461538461,True,1,1,Kids
179,2,1.0,3,39,3,1,13,0.6666666666666666,True,2,1,Kids
179,3,1.0,4,52,4,1,14,0.6923076923076923,True,3,1,Kids
179,4,1.0,5,65,5,1,13,0.676923076923077,True,4,1,Kids
179,5,1.0,3,39,3,1,13,0.8717948717948718,True,5,2,Kids
179,6,1.0,5,62,5,1,13,0.43548387096774194,True,6,2,Kids
179,7,1.0,2,26,2,1,13,0.6538461538461539,True,7,2,Kids
179,8,1.0,3,39,3,1,13,0.8717948717948718,True,8,3,Kids
179,9,1.0,4,52,4,1,14,0.8461538461538461,True,9,2,Kids
179,10,1.0,5,64,5,1,13,0.59375,True,10,3,Kids
180,1,1.0,2,26,2,1,13,0.9615384615384616,True,1,1,Kids
180,2,1.0,3,39,3,1,13,0.9230769230769231,True,2,1,Kids
180,3,1.0,4,52,4,1,14,0.9038461538461539,True,3,1,Kids
180,4,1.0,5,65,5,1,14,0.8923076923076924,True,4,1,Kids
180,5,1.0,3,39,3,1,13,0.7435897435897436,True,5,2,Kids
180,6,1.0,5,65,5,1,14,0.5384615384615384,True,6,2,Kids
180,7,1.0,2,26,2,1,13,0.9230769230769231,True,7,2,Kids
180,8,1.0,3,39,3,1,13,0.6153846153846154,True,8,3,Kids
180,9,1.0,4,52,4,1,14,0.7692307692307693,True,9,2,Kids
180,10,1.0,5,65,5,1,14,0.8769230769230769,True,10,3,Kids
181,1,1.0,2,26,2,1,13,1.0,True,1,1,Kids
181,2,1.0,3,39,3,1,13,0.8974358974358975,True,2,1,Kids
181,3,1.0,4,52,4,1,14,0.4807692307692308,True,3,1,Kids
181,4,1.0,5,65,5,1,13,0.7384615384615385,True,4,1,Kids
181,5,1.0,3,39,3,1,13,0.8461538461538461,True,5,2,Kids
181,6,1.0,5,65,5,1,13,0.8615384615384616,True,6,2,Kids
181,7,1.0,2,26,2,1,13,0.9230769230769231,True,7,2,Kids
181,8,1.0,3,39,3,1,13,0.8205128205128205,True,8,3,Kids
181,9,1.0,4,52,4,1,14,0.6730769230769231,True,9,2,Kids
181,10,1.0,5,65,5,1,13,0.7230769230769231,True,10,3,Kids
182,1,2.0,2,26,2,1,13,0.8846153846153846,True,1,1,Teens
182,2,2.0,3,39,3,1,13,0.8717948717948718,True,2,1,Teens
182,3,2.0,5,65,5,1,14,0.8769230769230769,True,3,1,Teens
182,4,2.0,4,52,4,1,13,0.8846153846153846,True,4,1,Teens
182,5,2.0,3,39,3,1,13,0.9487179487179487,True,5,2,Teens
182,6,2.0,5,65,5,1,14,0.9076923076923077,True,6,2,Teens
182,7,2.0,2,26,2,1,13,0.8461538461538461,True,7,2,Teens
182,8,2.0,3,39,3,1,13,0.9487179487179487,True,8,3,Teens
182,9,2.0,5,65,5,1,14,0.8923076923076924,True,9,3,Teens
182,10,2.0,4,52,4,1,13,0.8846153846153846,True,10,2,Teens
183,1,1.0,2,26,2,1,13,0.8076923076923077,True,1,1,Kids
183,2,1.0,3,39,3,1,13,0.8461538461538461,True,2,1,Kids
183,3,1.0,5,65,5,1,13,0.8615384615384616,True,3,1,Kids
183,4,1.0,4,52,4,1,14,0.8846153846153846,True,4,1,Kids
183,5,1.0,3,39,3,1,13,0.717948717948718,True,5,2,Kids
183,6,1.0,5,65,5,1,13,0.7846153846153846,True,6,2,Kids
183,7,1.0,2,26,2,1,13,1.0,True,7,2,Kids
183,8,1.0,3,39,3,1,13,1.0,True,8,3,Kids
183,9,1.0,5,65,5,1,13,0.7846153846153846,True,9,3,Kids
183,10,1.0,4,51,4,1,14,0.7647058823529411,True,10,2,Kids
184,1,2.0,2,26,2,1,13,0.9230769230769231,True,1,1,Teens
184,2,2.0,3,39,3,1,13,0.8205128205128205,True,2,1,Teens
184,3,2.0,5,65,5,1,14,0.6923076923076923,True,3,1,Teens
184,4,2.0,4,52,4,1,14,0.75,True,4,1,Teens
184,5,2.0,3,39,3,1,13,0.8717948717948718,True,5,2,Teens
184,6,2.0,5,65,5,1,14,0.8615384615384616,True,6,2,Teens
184,7,2.0,2,26,2,1,13,0.9615384615384616,True,7,2,Teens
184,8,2.0,3,39,3,1,13,0.9487179487179487,True,8,3,Teens
184,9,2.0,5,65,5,1,14,0.9230769230769231,True,9,3,Teens
184,10,2.0,4,52,4,1,14,0.9230769230769231,True,10,2,Teens
185,1,2.0,2,26,2,1,13,0.9615384615384616,True,1,1,Teens
185,2,2.0,3,39,3,1,13,0.8717948717948718,True,2,1,Teens
185,3,2.0,4,52,4,1,14,0.8461538461538461,True,3,1,Teens
185,4,2.0,5,65,5,1,13,0.5384615384615384,True,4,1,Teens
185,5,2.0,3,39,3,1,13,0.8205128205128205,True,5,2,Teens
185,6,2.0,5,65,5,1,13,0.8923076923076924,True,6,2,Teens
185,7,2.0,2,26,2,1,13,0.8846153846153846,True,7,2,Teens
185,8,2.0,3,39,3,1,13,0.9230769230769231,True,8,3,Teens
185,9,2.0,4,52,4,1,14,0.9230769230769231,True,9,2,Teens
185,10,2.0,5,65,5,1,13,0.7846153846153846,True,10,3,Teens
188,1,2.0,2,26,2,1,13,0.9230769230769231,True,1,1,Teens
188,2,2.0,4,52,4,1,13,0.8461538461538461,True,2,1,Teens
188,3,2.0,3,39,3,1,13,0.8974358974358975,True,3,1,Teens
188,4,2.0,5,65,5,1,14,0.6615384615384615,True,4,1,Teens
188,5,2.0,3,39,3,1,13,0.9230769230769231,True,5,2,Teens
188,6,2.0,5,65,5,1,14,0.9076923076923077,True,6,2,Teens
188,7,2.0,2,26,2,1,13,0.8846153846153846,True,7,2,Teens
188,8,2.0,4,52,4,1,13,0.8076923076923077,True,8,2,Teens
188,9,2.0,3,39,3,1,13,0.9487179487179487,True,9,3,Teens
188,10,2.0,5,65,5,1,14,0.8923076923076924,True,10,3,Teens
189,1,2.0,2,26,2,1,13,0.7692307692307693,True,1,1,Teens
189,2,2.0,3,39,3,1,13,0.8461538461538461,True,2,1,Teens
189,3,2.0,4,52,4,1,14,0.8846153846153846,True,3,1,Teens
189,4,2.0,5,64,5,1,13,0.65625,True,4,1,Teens
189,5,2.0,3,39,3,1,13,0.9230769230769231,True,5,2,Teens
189,6,2.0,5,65,5,1,13,0.7692307692307693,True,6,2,Teens
189,7,2.0,2,26,2,1,13,0.9230769230769231,True,7,2,Teens
189,8,2.0,3,39,3,1,13,0.9230769230769231,True,8,3,Teens
189,9,2.0,4,52,4,1,14,0.9038461538461539,True,9,2,Teens
189,10,2.0,5,65,5,1,13,0.8153846153846154,True,10,3,Teens
190,1,2.0,2,26,2,1,13,0.9230769230769231,True,1,1,Teens
190,2,2.0,3,39,3,1,13,0.8461538461538461,True,2,1,Teens
190,3,2.0,4,52,4,1,14,0.9423076923076923,True,3,1,Teens
190,4,2.0,5,65,5,1,14,0.9076923076923077,True,4,1,Teens
190,5,2.0,3,39,3,1,13,0.9230769230769231,True,5,2,Teens
190,6,2.0,5,65,5,1,14,0.9076923076923077,True,6,2,Teens
190,7,2.0,2,26,2,1,13,0.8846153846153846,True,7,2,Teens
190,8,2.0,3,39,3,1,13,0.9487179487179487,True,8,3,Teens
190,9,2.0,4,52,4,1,14,0.9038461538461539,True,9,2,Teens
190,10,2.0,5,65,5,1,14,0.9538461538461539,True,10,3,Teens
191,1,2.0,2,26,2,1,13,0.9230769230769231,True,1,1,Teens
191,2,2.0,3,39,3,1,13,0.9487179487179487,True,2,1,Teens
191,3,2.0,4,52,4,1,14,0.8076923076923077,True,3,1,Teens
191,4,2.0,5,65,5,1,13,0.8461538461538461,True,4,1,Teens
191,5,2.0,3,39,3,1,13,0.9230769230769231,True,5,2,Teens
191,6,2.0,5,65,5,1,13,0.9076923076923077,True,6,2,Teens
191,7,2.0,2,26,2,1,13,0.8461538461538461,True,7,2,Teens
191,8,2.0,3,39,3,1,13,0.9230769230769231,True,8,3,Teens
191,9,2.0,4,52,4,1,14,0.9615384615384616,True,9,2,Teens
191,10,2.0,5,65,5,1,13,0.8923076923076924,True,10,3,Teens
193,1,2.0,2,26,2,1,13,0.9230769230769231,True,1,1,Teens
193,2,2.0,3,39,3,1,13,0.8974358974358975,True,2,1,Teens
193,3,2.0,5,65,5,1,13,0.8923076923076924,True,3,1,Teens
193,4,2.0,4,52,4,1,14,0.9038461538461539,True,4,1,Teens
193,5,2.0,3,39,3,1,13,0.8717948717948718,True,5,2,Teens
193,6,2.0,5,65,5,1,13,0.9384615384615385,True,6,2,Teens
193,7,2.0,2,26,2,1,13,1.0,True,7,2,Teens
193,8,2.0,3,39,3,1,13,0.8205128205128205,True,8,3,Teens
193,9,2.0,5,65,5,1,13,0.9076923076923077,True,9,3,Teens
193,10,2.0,4,52,4,1,14,0.9038461538461539,True,10,2,Teens
194,1,2.0,2,25,2,1,13,0.64,True,1,1,Teens
194,2,2.0,3,39,3,1,13,0.8974358974358975,True,2,1,Teens
194,3,2.0,5,64,5,1,14,0.890625,True,3,1,Teens
194,4,2.0,4,52,4,1,14,0.8461538461538461,True,4,1,Teens
194,5,2.0,3,39,3,1,13,1.0,True,5,2,Teens
194,6,2.0,5,65,5,1,14,0.7538461538461538,True,6,2,Teens
194,7,2.0,2,26,2,1,13,0.9615384615384616,True,7,2,Teens
194,8,2.0,3,39,3,1,13,0.8205128205128205,True,8,3,Teens
194,9,2.0,5,65,5,1,14,0.9692307692307692,True,9,3,Teens
194,10,2.0,4,52,4,1,14,0.9615384615384616,True,10,2,Teens
195,1,2.0,2,26,2,1,13,0.8461538461538461,True,1,1,Teens
195,2,2.0,3,39,3,1,13,0.8205128205128205,True,2,1,Teens
195,3,2.0,4,52,4,1,14,0.46153846153846156,True,3,1,Teens
195,4,2.0,5,65,5,1,13,0.6615384615384615,True,4,1,Teens
195,5,2.0,3,39,3,1,13,0.7692307692307693,True,5,2,Teens
195,6,2.0,5,65,5,1,13,0.8461538461538461,True,6,2,Teens
195,7,2.0,2,26,2,1,13,0.9615384615384616,True,7,2,Teens
195,8,2.0,3,39,3,1,13,0.9230769230769231,True,8,3,Teens
195,9,2.0,4,52,4,1,14,0.6346153846153846,True,9,2,Teens
195,10,2.0,5,65,5,1,13,0.8,True,10,3,Teens
196,1,2.0,2,26,2,1,13,0.6923076923076923,True,1,1,Teens
196,2,2.0,3,39,3,1,13,0.8974358974358975,True,2,1,Teens
196,3,2.0,4,52,4,1,13,0.9038461538461539,True,3,1,Teens
196,4,2.0,5,65,5,1,14,0.9076923076923077,True,4,1,Teens
196,5,2.0,3,39,3,1,13,0.8461538461538461,True,5,2,Teens
196,6,2.0,5,65,5,1,14,0.9230769230769231,True,6,2,Teens
196,7,2.0,2,26,2,1,13,0.8076923076923077,True,7,2,Teens
196,8,2.0,3,39,3,1,13,0.8717948717948718,True,8,3,Teens
196,9,2.0,4,52,4,1,13,0.9230769230769231,True,9,2,Teens
196,10,2.0,5,65,5,1,14,0.9076923076923077,True,10,3,Teens
197,1,1.0,2,26,2,1,13,0.7692307692307693,True,1,1,Kids
197,2,1.0,3,39,3,1,13,0.7692307692307693,True,2,1,Kids
197,3,1.0,4,52,4,1,13,0.8846153846153846,True,3,1,Kids
197,4,1.0,5,65,5,1,14,0.6615384615384615,True,4,1,Kids
197,5,1.0,3,39,3,1,13,0.9487179487179487,True,5,2,Kids
197,6,1.0,5,65,5,1,14,0.9230769230769231,True,6,2,Kids
197,7,1.0,2,26,2,1,13,0.8461538461538461,True,7,2,Kids
197,8,1.0,3,39,3,1,13,0.8717948717948718,True,8,3,Kids
197,9,1.0,4,52,4,1,13,0.8461538461538461,True,9,2,Kids
197,10,1.0,5,65,5,1,14,0.8153846153846154,True,10,3,Kids
198,1,2.0,2,26,2,1,13,0.8076923076923077,True,1,1,Teens
198,2,2.0,4,52,4,1,13,0.7884615384615384,True,2,1,Teens
198,3,2.0,3,39,3,1,13,0.8461538461538461,True,3,1,Teens
198,4,2.0,5,65,5,1,14,0.8,True,4,1,Teens
198,5,2.0,3,39,3,1,13,0.9743589743589743,True,5,2,Teens
198,6,2.0,5,65,5,1,14,0.8769230769230769,True,6,2,Teens
198,7,2.0,2,26,2,1,13,0.9230769230769231,True,7,2,Teens
198,8,2.0,4,52,4,1,13,0.6730769230769231,True,8,2,Teens
198,9,2.0,3,39,3,1,13,0.8974358974358975,True,9,3,Teens
198,10,2.0,5,65,5,1,14,0.8307692307692308,True,10,3,Teens
199,1,2.0,2,26,2,1,13,0.8461538461538461,True,1,1,Teens
199,2,2.0,3,39,3,1,13,0.7435897435897436,True,2,1,Teens
199,3,2.0,4,52,4,1,14,0.9230769230769231,True,3,1,Teens
199,4,2.0,5,65,5,1,13,0.7076923076923077,True,4,1,Teens
199,5,2.0,3,39,3,1,13,0.8461538461538461,True,5,2,Teens
199,6,2.0,5,65,5,1,13,0.8615384615384616,True,6,2,Teens
199,7,2.0,2,26,2,1,13,0.7692307692307693,True,7,2,Teens
199,8,2.0,3,39,3,1,13,0.8974358974358975,True,8,3,Teens
199,9,2.0,4,51,4,1,14,0.8431372549019608,True,9,2,Teens
199,10,2.0,5,65,5,1,13,0.8,True,10,3,Teens
200,1,1.0,2,26,2,1,13,0.7307692307692307,True,1,1,Kids
200,2,1.0,3,39,3,1,13,0.8461538461538461,True,2,1,Kids
200,3,1.0,4,52,4,1,14,0.7115384615384616,True,3,1,Kids
200,4,1.0,5,65,5,1,14,0.7846153846153846,True,4,1,Kids
200,5,1.0,3,39,3,1,13,0.7435897435897436,True,5,2,Kids
200,6,1.0,5,65,5,1,14,0.7846153846153846,True,6,2,Kids
200,7,1.0,2,26,2,1,13,0.9615384615384616,True,7,2,Kids
200,8,1.0,3,38,3,1,13,0.8421052631578947,True,8,3,Kids
200,9,1.0,4,52,4,1,14,0.8461538461538461,True,9,2,Kids
200,10,1.0,5,64,5,1,14,0.796875,True,10,3,Kids
201,1,2.0,2,26,2,1,13,0.8846153846153846,True,1,1,Teens
201,2,2.0,3,39,3,1,13,0.9230769230769231,True,2,1,Teens
201,3,2.0,4,52,4,1,14,0.9230769230769231,True,3,1,Teens
201,4,2.0,5,65,5,1,13,0.9230769230769231,True,4,1,Teens
201,5,2.0,3,39,3,1,13,0.9230769230769231,True,5,2,Teens
201,6,2.0,5,65,5,1,13,0.9076923076923077,True,6,2,Teens
201,7,2.0,2,26,2,1,13,0.9615384615384616,True,7,2,Teens
201,8,2.0,3,39,3,1,13,0.9230769230769231,True,8,3,Teens
201,9,2.0,4,52,4,1,14,0.8653846153846154,True,9,2,Teens
201,10,2.0,5,65,5,1,13,0.9076923076923077,True,10,3,Teens
202,1,2.0,2,26,2,1,13,0.9615384615384616,True,1,1,Teens
202,2,2.0,3,39,3,1,13,0.7948717948717948,True,2,1,Teens
202,3,2.0,5,65,5,1,14,0.8769230769230769,True,3,1,Teens
202,4,2.0,4,52,4,1,13,0.8846153846153846,True,4,1,Teens
202,5,2.0,3,39,3,1,13,0.9230769230769231,True,5,2,Teens
202,6,2.0,5,65,5,1,14,0.8769230769230769,True,6,2,Teens
202,7,2.0,2,26,2,1,13,0.9615384615384616,True,7,2,Teens
202,8,2.0,3,39,3,1,13,0.9230769230769231,True,8,3,Teens
202,9,2.0,5,65,5,1,14,0.8923076923076924,True,9,3,Teens
202,10,2.0,4,52,4,1,13,0.9038461538461539,True,10,2,Teens
204,1,2.0,2,26,2,1,13,0.9230769230769231,True,1,1,Teens
204,2,2.0,3,39,3,1,13,0.8205128205128205,True,2,1,Teens
204,3,2.0,5,65,5,1,14,0.8461538461538461,True,3,1,Teens
204,4,2.0,4,52,4,1,14,0.8653846153846154,True,4,1,Teens
204,5,2.0,3,39,3,1,13,0.9230769230769231,True,5,2,Teens
204,6,2.0,5,65,5,1,14,0.8769230769230769,True,6,2,Teens
204,7,2.0,2,26,2,1,13,0.9230769230769231,True,7,2,Teens
204,8,2.0,3,39,3,1,13,0.9487179487179487,True,8,3,Teens
204,9,2.0,5,65,5,1,14,0.7846153846153846,True,9,3,Teens
204,10,2.0,4,52,4,1,14,0.9423076923076923,True,10,2,Teens
205,1,2.0,2,26,2,1,13,0.8846153846153846,True,1,1,Teens
205,2,2.0,3,39,3,1,13,0.7435897435897436,True,2,1,Teens
205,3,2.0,4,52,4,1,14,0.6346153846153846,True,3,1,Teens
205,4,2.0,5,65,5,1,13,0.6,True,4,1,Teens
205,5,2.0,3,39,3,1,13,0.8717948717948718,True,5,2,Teens
205,6,2.0,5,65,5,1,13,0.8,True,6,2,Teens
205,7,2.0,2,26,2,1,13,0.8076923076923077,True,7,2,Teens
205,8,2.0,3,39,3,1,13,0.8974358974358975,True,8,3,Teens
205,9,2.0,4,52,4,1,14,0.8269230769230769,True,9,2,Teens
205,10,2.0,5,65,5,1,13,0.6307692307692307,True,10,3,Teens
206,1,1.0,2,26,2,1,13,0.8846153846153846,True,1,1,Kids
206,2,1.0,3,39,3,1,13,0.5384615384615384,True,2,1,Kids
206,3,1.0,4,52,4,1,13,0.5769230769230769,True,3,1,Kids
206,4,1.0,5,61,5,1,14,0.32786885245901637,True,4,1,Kids
206,5,1.0,3,39,3,1,13,0.5897435897435898,True,5,2,Kids
206,6,1.0,5,63,5,1,14,0.5079365079365079,True,6,2,Kids
206,7,1.0,2,26,2,1,13,0.7307692307692307,True,7,2,Kids
206,8,1.0,3,39,3,1,13,0.46153846153846156,True,8,3,Kids
206,9,1.0,4,50,4,1,13,0.36,True,9,2,Kids
206,10,1.0,5,61,5,1,14,0.29508196721311475,True,10,3,Kids
207,1,1.0,2,26,2,1,13,0.8461538461538461,True,1,1,Kids
207,2,1.0,3,39,3,1,13,0.8974358974358975,True,2,1,Kids
207,3,1.0,4,52,4,1,13,0.9423076923076923,True,3,1,Kids
207,4,1.0,5,65,5,1,14,0.8923076923076924,True,4,1,Kids
207,5,1.0,3,39,3,1,13,0.7435897435897436,True,5,2,Kids
207,6,1.0,5,65,5,1,14,0.7538461538461538,True,6,2,Kids
207,7,1.0,2,26,2,1,13,0.9615384615384616,True,7,2,Kids
207,8,1.0,3,39,3,1,13,0.8461538461538461,True,8,3,Kids
207,9,1.0,4,52,4,1,13,0.8653846153846154,True,9,2,Kids
207,10,1.0,5,65,5,1,14,0.9846153846153847,True,10,3,Kids
208,1,2.0,2,26,2,1,13,0.8461538461538461,True,1,1,Teens
208,2,2.0,4,52,4,1,13,0.8461538461538461,True,2,1,Teens
208,3,2.0,3,39,3,1,13,0.9487179487179487,True,3,1,Teens
208,4,2.0,5,65,5,1,14,0.7846153846153846,True,4,1,Teens
208,5,2.0,3,39,3,1,13,0.9487179487179487,True,5,2,Teens
208,6,2.0,5,65,5,1,14,1.0,True,6,2,Teens
208,7,2.0,2,26,2,1,13,0.8461538461538461,True,7,2,Teens
208,8,2.0,4,52,4,1,13,0.8653846153846154,True,8,2,Teens
208,9,2.0,3,39,3,1,13,0.9743589743589743,True,9,3,Teens
208,10,2.0,5,65,5,1,14,0.6461538461538462,True,10,3,Teens
209,1,2.0,2,26,2,1,13,0.8846153846153846,True,1,1,Teens
209,2,2.0,3,39,3,1,13,0.7435897435897436,True,2,1,Teens
209,3,2.0,4,52,4,1,14,0.9230769230769231,True,3,1,Teens
209,4,2.0,5,65,5,1,13,0.7230769230769231,True,4,1,Teens
209,5,2.0,3,39,3,1,13,0.6410256410256411,True,5,2,Teens
209,6,2.0,5,65,5,1,13,0.8307692307692308,True,6,2,Teens
209,7,2.0,2,26,2,1,13,0.8846153846153846,True,7,2,Teens
209,8,2.0,3,39,3,1,13,0.8974358974358975,True,8,3,Teens
209,9,2.0,4,52,4,1,14,0.8846153846153846,True,9,2,Teens
209,10,2.0,5,65,5,1,13,0.5538461538461539,True,10,3,Teens
210,1,2.0,2,26,2,1,13,0.6923076923076923,True,1,1,Teens
210,2,2.0,3,39,3,1,13,0.8205128205128205,True,2,1,Teens
210,3,2.0,4,52,4,1,14,0.9423076923076923,True,3,1,Teens
210,4,2.0,5,65,5,1,14,0.8307692307692308,True,4,1,Teens
210,5,2.0,3,39,3,1,13,0.9230769230769231,True,5,2,Teens
210,6,2.0,5,65,5,1,14,0.7384615384615385,True,6,2,Teens
210,7,2.0,2,26,2,1,13,0.8461538461538461,True,7,2,Teens
210,8,2.0,3,39,3,1,13,0.9743589743589743,True,8,3,Teens
210,9,2.0,4,52,4,1,14,0.7307692307692307,True,9,2,Teens
210,10,2.0,5,65,5,1,14,0.9076923076923077,True,10,3,Teens
212,1,2.0,2,26,2,1,13,0.8076923076923077,True,1,1,Teens
212,2,2.0,3,39,3,1,13,0.7435897435897436,True,2,1,Teens
212,3,2.0,5,65,5,1,14,0.7384615384615385,True,3,1,Teens
212,4,2.0,4,52,4,1,13,0.7884615384615384,True,4,1,Teens
212,5,2.0,3,39,3,1,13,1.0,True,5,2,Teens
212,6,2.0,5,65,5,1,14,0.9076923076923077,True,6,2,Teens
212,7,2.0,2,26,2,1,13,0.9230769230769231,True,7,2,Teens
212,8,2.0,3,39,3,1,13,0.9743589743589743,True,8,3,Teens
212,9,2.0,5,65,5,1,14,0.8461538461538461,True,9,3,Teens
212,10,2.0,4,52,4,1,13,0.8461538461538461,True,10,2,Teens
213,1,1.0,2,26,2,1,13,0.8461538461538461,True,1,1,Kids
213,2,1.0,3,39,3,1,13,0.8205128205128205,True,2,1,Kids
213,3,1.0,5,65,5,1,13,0.8153846153846154,True,3,1,Kids
213,4,1.0,4,52,4,1,14,0.8846153846153846,True,4,1,Kids
213,5,1.0,3,39,3,1,13,0.8974358974358975,True,5,2,Kids
213,6,1.0,5,64,5,1,13,0.890625,True,6,2,Kids
213,7,1.0,2,26,2,1,13,0.7692307692307693,True,7,2,Kids
213,8,1.0,3,38,3,1,13,0.7105263157894737,True,8,3,Kids
213,9,1.0,5,65,5,1,13,0.7538461538461538,True,9,3,Kids
213,10,1.0,4,52,4,1,14,0.9807692307692307,True,10,2,Kids
214,1,1.0,2,26,2,1,13,0.9230769230769231,True,1,1,Kids
214,2,1.0,3,39,3,1,13,0.7692307692307693,True,2,1,Kids
214,3,1.0,5,65,5,1,14,0.7076923076923077,True,3,1,Kids
214,4,1.0,4,52,4,1,14,0.8653846153846154,True,4,1,Kids
214,5,1.0,3,39,3,1,13,0.8461538461538461,True,5,2,Kids
214,6,1.0,5,65,5,1,14,0.5076923076923077,True,6,2,Kids
214,7,1.0,2,26,2,1,13,0.8846153846153846,True,7,2,Kids
214,8,1.0,3,39,3,1,13,0.9743589743589743,True,8,3,Kids
214,9,1.0,5,65,5,1,14,0.9076923076923077,True,9,3,Kids
214,10,1.0,4,52,4,1,14,0.6730769230769231,True,10,2,Kids
215,1,2.0,2,26,2,1,13,0.9615384615384616,True,1,1,Teens
215,2,2.0,3,39,3,1,13,0.8461538461538461,True,2,1,Teens
215,3,2.0,4,52,4,1,14,0.9230769230769231,True,3,1,Teens
215,4,2.0,5,65,5,1,13,0.8615384615384616,True,4,1,Teens
215,5,2.0,3,39,3,1,13,0.8205128205128205,True,5,2,Teens
215,6,2.0,5,65,5,1,13,0.8769230769230769,True,6,2,Teens
215,7,2.0,2,26,2,1,13,0.8461538461538461,True,7,2,Teens
215,8,2.0,3,39,3,1,13,0.9487179487179487,True,8,3,Teens
215,9,2.0,4,52,4,1,14,0.9230769230769231,True,9,2,Teens
215,10,2.0,5,65,5,1,13,0.9230769230769231,True,10,3,Teens
217,1,1.0,2,26,2,1,13,0.8076923076923077,True,1,1,Kids
217,2,1.0,3,39,3,1,13,0.8205128205128205,True,2,1,Kids
217,3,1.0,4,52,4,1,13,0.7692307692307693,True,3,1,Kids
217,4,1.0,5,65,5,1,14,0.7692307692307693,True,4,1,Kids
217,5,1.0,3,38,3,1,13,0.7368421052631579,True,5,2,Kids
217,6,1.0,5,62,5,1,14,0.5483870967741935,True,6,2,Kids
217,7,1.0,2,26,2,1,13,0.7307692307692307,True,7,2,Kids
217,8,1.0,3,38,3,1,13,0.868421052631579,True,8,3,Kids
217,9,1.0,4,47,4,1,13,0.48936170212765956,True,9,2,Kids
217,10,1.0,5,62,5,1,14,0.5967741935483871,True,10,3,Kids
218,1,2.0,2,26,2,1,13,0.8461538461538461,True,1,1,Teens
218,2,2.0,4,52,4,1,13,0.8269230769230769,True,2,1,Teens
218,3,2.0,3,39,3,1,13,0.8717948717948718,True,3,1,Teens
218,4,2.0,5,65,5,1,14,0.9538461538461539,True,4,1,Teens
218,5,2.0,3,39,3,1,13,0.8974358974358975,True,5,2,Teens
218,6,2.0,5,65,5,1,14,0.8769230769230769,True,6,2,Teens
218,7,2.0,2,26,2,1,13,0.9230769230769231,True,7,2,Teens
218,8,2.0,4,52,4,1,13,0.9038461538461539,True,8,2,Teens
218,9,2.0,3,39,3,1,13,0.9230769230769231,True,9,3,Teens
218,10,2.0,5,65,5,1,14,0.9076923076923077,True,10,3,Teens
219,1,2.0,2,26,2,1,13,0.8461538461538461,True,1,1,Teens
219,2,2.0,3,39,3,1,13,0.9230769230769231,True,2,1,Teens
219,3,2.0,4,52,4,1,14,0.5961538461538461,True,3,1,Teens
219,4,2.0,5,65,5,1,13,0.7384615384615385,True,4,1,Teens
219,5,2.0,3,39,3,1,13,0.8461538461538461,True,5,2,Teens
219,6,2.0,5,65,5,1,13,0.9076923076923077,True,6,2,Teens
219,7,2.0,2,26,2,1,13,0.9615384615384616,True,7,2,Teens
219,8,2.0,3,39,3,1,13,0.8461538461538461,True,8,3,Teens
219,9,2.0,4,52,4,1,14,0.9230769230769231,True,9,2,Teens
219,10,2.0,5,65,5,1,13,0.8615384615384616,True,10,3,Teens
220,1,2.0,2,26,2,1,13,0.9615384615384616,True,1,1,Teens
220,2,2.0,3,39,3,1,13,0.8974358974358975,True,2,1,Teens
220,3,2.0,4,52,4,1,14,0.8653846153846154,True,3,1,Teens
220,4,2.0,5,65,5,1,14,0.9230769230769231,True,4,1,Teens
220,5,2.0,3,39,3,1,13,0.9230769230769231,True,5,2,Teens
220,6,2.0,5,65,5,1,14,0.8615384615384616,True,6,2,Teens
220,7,2.0,2,26,2,1,13,0.9615384615384616,True,7,2,Teens
220,8,2.0,3,39,3,1,13,0.9743589743589743,True,8,3,Teens
220,9,2.0,4,52,4,1,14,0.9423076923076923,True,9,2,Teens
220,10,2.0,5,65,5,1,14,0.7692307692307693,True,10,3,Teens
221,1,1.0,2,26,2,1,13,0.8846153846153846,True,1,1,Kids
221,2,1.0,3,39,3,1,13,0.8461538461538461,True,2,1,Kids
221,3,1.0,4,52,4,1,14,0.8461538461538461,True,3,1,Kids
221,4,1.0,5,65,5,1,13,0.7384615384615385,True,4,1,Kids
221,5,1.0,3,39,3,1,13,0.9487179487179487,True,5,2,Kids
221,6,1.0,5,65,5,1,13,0.7384615384615385,True,6,2,Kids
221,7,1.0,2,26,2,1,13,0.8846153846153846,True,7,2,Kids
221,8,1.0,3,39,3,1,13,0.9743589743589743,True,8,3,Kids
221,9,1.0,4,52,4,1,14,0.8461538461538461,True,9,2,Kids
221,10,1.0,5,65,5,1,13,0.7384615384615385,True,10,3,Kids
300,1,4.0,2,26,2,1,13,0.9230769230769231,True,1,1,Age>25
300,2,4.0,3,39,3,1,13,0.9487179487179487,True,2,1,Age>25
300,3,4.0,4,52,4,1,14,0.8846153846153846,True,3,1,Age>25
300,4,4.0,5,65,5,1,14,0.9076923076923077,True,4,1,Age>25
300,5,4.0,3,39,3,1,13,0.8205128205128205,True,5,2,Age>25
300,6,4.0,5,65,5,1,14,0.9230769230769231,True,6,2,Age>25
300,7,4.0,2,26,2,1,13,0.9230769230769231,True,7,2,Age>25
300,8,4.0,3,39,3,1,13,0.9230769230769231,True,8,3,Age>25
300,9,4.0,4,52,4,1,14,0.9423076923076923,True,9,2,Age>25
300,10,4.0,5,65,5,1,14,0.8307692307692308,True,10,3,Age>25
301,1,3.0,2,26,2,1,13,0.8846153846153846,True,1,1,RPP
301,2,3.0,3,39,3,1,13,0.8974358974358975,True,2,1,RPP
301,3,3.0,4,52,4,1,14,0.9038461538461539,True,3,1,RPP
301,4,3.0,5,65,5,1,13,0.9076923076923077,True,4,1,RPP
301,5,3.0,3,39,3,1,13,0.9230769230769231,True,5,2,RPP
301,6,3.0,5,65,5,1,13,0.8923076923076924,True,6,2,RPP
301,7,3.0,2,26,2,1,13,0.8846153846153846,True,7,2,RPP
301,8,3.0,3,39,3,1,13,0.9230769230769231,True,8,3,RPP
301,9,3.0,4,52,4,1,14,0.9423076923076923,True,9,2,RPP
301,10,3.0,5,65,5,1,13,0.9076923076923077,True,10,3,RPP
302,1,4.0,2,26,2,1,13,0.8461538461538461,True,1,1,Age>25
302,2,4.0,3,39,3,1,13,0.5641025641025641,True,2,1,Age>25
302,3,4.0,5,65,5,1,14,0.8615384615384616,True,3,1,Age>25
302,4,4.0,4,52,4,1,13,0.5384615384615384,True,4,1,Age>25
302,5,4.0,3,39,3,1,13,0.9487179487179487,True,5,2,Age>25
302,6,4.0,5,65,5,1,14,0.676923076923077,True,6,2,Age>25
302,7,4.0,2,26,2,1,13,0.8461538461538461,True,7,2,Age>25
302,8,4.0,3,39,3,1,13,0.9230769230769231,True,8,3,Age>25
302,9,4.0,5,65,5,1,14,0.5846153846153846,True,9,3,Age>25
302,10,4.0,4,52,4,1,13,0.8076923076923077,True,10,2,Age>25
303,1,4.0,2,26,2,1,13,0.9230769230769231,True,1,1,Age>25
303,2,4.0,3,39,3,1,13,0.9230769230769231,True,2,1,Age>25
303,3,4.0,5,65,5,1,13,0.8,True,3,1,Age>25
303,4,4.0,4,52,4,1,14,0.8846153846153846,True,4,1,Age>25
303,5,4.0,3,39,3,1,13,0.9487179487179487,True,5,2,Age>25
303,6,4.0,5,65,5,1,13,0.9384615384615385,True,6,2,Age>25
303,7,4.0,2,26,2,1,13,0.8076923076923077,True,7,2,Age>25
303,8,4.0,3,39,3,1,13,0.7948717948717948,True,8,3,Age>25
303,9,4.0,5,65,5,1,13,0.9230769230769231,True,9,3,Age>25
303,10,4.0,4,52,4,1,14,0.8653846153846154,True,10,2,Age>25
304,1,4.0,2,26,2,1,13,0.9230769230769231,True,1,1,Age>25
304,2,4.0,3,39,3,1,13,0.9230769230769231,True,2,1,Age>25
304,3,4.0,5,65,5,1,14,0.8923076923076924,True,3,1,Age>25
304,4,4.0,4,52,4,1,14,0.9038461538461539,True,4,1,Age>25
304,5,4.0,3,39,3,1,13,0.9230769230769231,True,5,2,Age>25
304,6,4.0,5,65,5,1,14,0.8615384615384616,True,6,2,Age>25
304,7,4.0,2,26,2,1,13,0.8846153846153846,True,7,2,Age>25
304,8,4.0,3,39,3,1,13,0.9230769230769231,True,8,3,Age>25
304,9,4.0,5,65,5,1,14,0.9076923076923077,True,9,3,Age>25
304,10,4.0,4,52,4,1,14,0.9423076923076923,True,10,2,Age>25
305,1,4.0,2,26,2,1,13,1.0,True,1,1,Age>25
305,2,4.0,3,39,3,1,13,0.8717948717948718,True,2,1,Age>25
305,3,4.0,4,52,4,1,14,0.8846153846153846,True,3,1,Age>25
305,4,4.0,5,65,5,1,13,0.9230769230769231,True,4,1,Age>25
305,5,4.0,3,39,3,1,13,0.9487179487179487,True,5,2,Age>25
305,6,4.0,5,65,5,1,13,0.9230769230769231,True,6,2,Age>25
305,7,4.0,2,26,2,1,13,0.8846153846153846,True,7,2,Age>25
305,8,4.0,3,39,3,1,13,0.8205128205128205,True,8,3,Age>25
305,9,4.0,4,52,4,1,14,0.9230769230769231,True,9,2,Age>25
305,10,4.0,5,65,5,1,13,0.9076923076923077,True,10,3,Age>25
306,1,4.0,2,26,2,1,13,0.8846153846153846,True,1,1,Age>25
306,2,4.0,3,39,3,1,13,0.8717948717948718,True,2,1,Age>25
306,3,4.0,4,52,4,1,13,0.9615384615384616,True,3,1,Age>25
306,4,4.0,5,65,5,1,14,0.8,True,4,1,Age>25
306,5,4.0,3,39,3,1,13,0.8974358974358975,True,5,2,Age>25
306,6,4.0,5,65,5,1,14,0.8769230769230769,True,6,2,Age>25
306,7,4.0,2,26,2,1,13,0.9230769230769231,True,7,2,Age>25
306,8,4.0,3,39,3,1,13,1.0,True,8,3,Age>25
306,9,4.0,4,52,4,1,13,0.9615384615384616,True,9,2,Age>25
306,10,4.0,5,65,5,1,14,0.8769230769230769,True,10,3,Age>25
308,1,4.0,2,26,2,1,13,0.9615384615384616,True,1,1,Age>25
308,2,4.0,4,52,4,1,13,0.9423076923076923,True,2,1,Age>25
308,3,4.0,3,39,3,1,13,0.9487179487179487,True,3,1,Age>25
308,4,4.0,5,65,5,1,14,0.9076923076923077,True,4,1,Age>25
308,5,4.0,3,39,3,1,13,0.9230769230769231,True,5,2,Age>25
308,6,4.0,5,65,5,1,14,0.9846153846153847,True,6,2,Age>25
308,7,4.0,2,26,2,1,13,0.8846153846153846,True,7,2,Age>25
308,8,4.0,4,52,4,1,13,0.9423076923076923,True,8,2,Age>25
308,9,4.0,3,39,3,1,13,0.8974358974358975,True,9,3,Age>25
308,10,4.0,5,65,5,1,14,0.8461538461538461,True,10,3,Age>25
309,1,4.0,2,26,2,1,13,0.9615384615384616,True,1,1,Age>25
309,2,4.0,3,39,3,1,13,0.8717948717948718,True,2,1,Age>25
309,3,4.0,4,52,4,1,14,0.9423076923076923,True,3,1,Age>25
309,4,4.0,5,65,5,1,13,0.9538461538461539,True,4,1,Age>25
309,5,4.0,3,39,3,1,13,0.9487179487179487,True,5,2,Age>25
309,6,4.0,5,65,5,1,13,0.8923076923076924,True,6,2,Age>25
309,7,4.0,2,26,2,1,13,0.9230769230769231,True,7,2,Age>25
309,8,4.0,3,39,3,1,13,0.9487179487179487,True,8,3,Age>25
309,9,4.0,4,52,4,1,14,0.6346153846153846,True,9,2,Age>25
309,10,4.0,5,65,5,1,13,0.8769230769230769,True,10,3,Age>25
310,1,4.0,2,26,2,1,13,0.8461538461538461,True,1,1,Age>25
310,2,4.0,3,39,3,1,13,0.8717948717948718,True,2,1,Age>25
310,3,4.0,4,52,4,1,14,0.9423076923076923,True,3,1,Age>25
310,4,4.0,5,65,5,1,14,0.9384615384615385,True,4,1,Age>25
310,5,4.0,3,39,3,1,13,0.9230769230769231,True,5,2,Age>25
310,6,4.0,5,65,5,1,14,0.676923076923077,True,6,2,Age>25
310,7,4.0,2,26,2,1,13,0.8461538461538461,True,7,2,Age>25
310,8,4.0,3,39,3,1,13,0.8717948717948718,True,8,3,Age>25
310,9,4.0,4,52,4,1,14,0.8846153846153846,True,9,2,Age>25
310,10,4.0,5,65,5,1,14,0.8769230769230769,True,10,3,Age>25
311,1,3.0,2,26,2,1,13,0.9615384615384616,True,1,1,RPP
311,2,3.0,3,39,3,1,13,0.8974358974358975,True,2,1,RPP
311,3,3.0,4,52,4,1,14,0.9038461538461539,True,3,1,RPP
311,4,3.0,5,65,5,1,13,0.9076923076923077,True,4,1,RPP
311,5,3.0,3,39,3,1,13,0.9230769230769231,True,5,2,RPP
311,6,3.0,5,65,5,1,13,0.9076923076923077,True,6,2,RPP
311,7,3.0,2,26,2,1,13,0.9230769230769231,True,7,2,RPP
311,8,3.0,3,39,3,1,13,0.9487179487179487,True,8,3,RPP
311,9,3.0,4,52,4,1,14,0.8846153846153846,True,9,2,RPP
311,10,3.0,5,65,5,1,13,0.9384615384615385,True,10,3,RPP
312,1,4.0,2,26,2,1,13,0.8461538461538461,True,1,1,Age>25
312,2,4.0,3,39,3,1,13,0.8717948717948718,True,2,1,Age>25
312,3,4.0,5,65,5,1,14,0.9846153846153847,True,3,1,Age>25
312,4,4.0,4,52,4,1,13,0.8846153846153846,True,4,1,Age>25
312,5,4.0,3,39,3,1,13,0.9230769230769231,True,5,2,Age>25
312,6,4.0,5,65,5,1,14,0.9076923076923077,True,6,2,Age>25
312,7,4.0,2,26,2,1,13,0.9230769230769231,True,7,2,Age>25
312,8,4.0,3,39,3,1,13,1.0,True,8,3,Age>25
312,9,4.0,5,65,5,1,14,0.9230769230769231,True,9,3,Age>25
312,10,4.0,4,52,4,1,13,0.9807692307692307,True,10,2,Age>25
313,1,4.0,2,26,2,1,13,1.0,True,1,1,Age>25
313,2,4.0,3,39,3,1,13,0.6410256410256411,True,2,1,Age>25
313,3,4.0,5,64,5,1,13,0.515625,True,3,1,Age>25
313,4,4.0,4,52,4,1,14,0.8076923076923077,True,4,1,Age>25
313,5,4.0,3,39,3,1,13,0.6666666666666666,True,5,2,Age>25
313,6,4.0,5,65,5,1,13,0.7076923076923077,True,6,2,Age>25
313,7,4.0,2,26,2,1,13,0.8461538461538461,True,7,2,Age>25
313,8,4.0,3,39,3,1,13,0.9487179487179487,True,8,3,Age>25
313,9,4.0,5,65,5,1,13,0.8153846153846154,True,9,3,Age>25
313,10,4.0,4,52,4,1,14,0.75,True,10,2,Age>25
314,1,3.0,2,26,2,1,13,0.6153846153846154,True,1,1,RPP
314,2,3.0,3,39,3,1,13,0.8461538461538461,True,2,1,RPP
314,3,3.0,5,65,5,1,14,0.8615384615384616,True,3,1,RPP
314,4,3.0,4,52,4,1,14,0.9615384615384616,True,4,1,RPP
314,5,3.0,3,39,3,1,13,1.0,True,5,2,RPP
314,6,3.0,5,65,5,1,14,0.7846153846153846,True,6,2,RPP
314,7,3.0,2,26,2,1,13,0.9615384615384616,True,7,2,RPP
314,8,3.0,3,39,3,1,13,0.9487179487179487,True,8,3,RPP
314,9,3.0,5,65,5,1,14,0.8153846153846154,True,9,3,RPP
314,10,3.0,4,52,4,1,14,0.8653846153846154,True,10,2,RPP
316,1,3.0,2,26,2,1,13,0.9615384615384616,True,1,1,RPP
316,2,3.0,3,39,3,1,13,0.9230769230769231,True,2,1,RPP
316,3,3.0,4,52,4,1,13,0.9807692307692307,True,3,1,RPP
316,4,3.0,5,65,5,1,14,0.8307692307692308,True,4,1,RPP
316,5,3.0,3,39,3,1,13,0.9487179487179487,True,5,2,RPP
316,6,3.0,5,65,5,1,14,0.9692307692307692,True,6,2,RPP
316,7,3.0,2,26,2,1,13,0.8846153846153846,True,7,2,RPP
316,8,3.0,3,39,3,1,13,0.9743589743589743,True,8,3,RPP
316,9,3.0,4,52,4,1,13,0.8846153846153846,True,9,2,RPP
316,10,3.0,5,65,5,1,14,0.8923076923076924,True,10,3,RPP
317,1,4.0,2,26,2,1,13,0.8461538461538461,True,1,1,Age>25
317,2,4.0,3,39,3,1,13,0.717948717948718,True,2,1,Age>25
317,3,4.0,4,52,4,1,13,0.8076923076923077,True,3,1,Age>25
317,4,4.0,5,65,5,1,14,0.8153846153846154,True,4,1,Age>25
317,5,4.0,3,39,3,1,13,0.9743589743589743,True,5,2,Age>25
317,6,4.0,5,65,5,1,14,0.7846153846153846,True,6,2,Age>25
317,7,4.0,2,26,2,1,13,0.9230769230769231,True,7,2,Age>25
317,8,4.0,3,39,3,1,13,0.8974358974358975,True,8,3,Age>25
317,9,4.0,4,52,4,1,13,0.75,True,9,2,Age>25
317,10,4.0,5,65,5,1,14,0.8615384615384616,True,10,3,Age>25
318,1,4.0,2,26,2,1,13,0.9230769230769231,True,1,1,Age>25
318,2,4.0,4,52,4,1,13,0.8269230769230769,True,2,1,Age>25
318,3,4.0,3,39,3,1,13,0.8717948717948718,True,3,1,Age>25
318,4,4.0,5,65,5,1,14,0.6615384615384615,True,4,1,Age>25
318,5,4.0,3,39,3,1,13,0.9230769230769231,True,5,2,Age>25
318,6,4.0,5,65,5,1,14,0.8153846153846154,True,6,2,Age>25
318,7,4.0,2,26,2,1,13,0.9230769230769231,True,7,2,Age>25
318,8,4.0,4,52,4,1,13,0.8846153846153846,True,8,2,Age>25
318,9,4.0,3,39,3,1,13,0.9487179487179487,True,9,3,Age>25
318,10,4.0,5,65,5,1,14,0.6307692307692307,True,10,3,Age>25
319,1,3.0,2,26,2,1,13,0.8846153846153846,True,1,1,RPP
319,2,3.0,3,39,3,1,13,0.8205128205128205,True,2,1,RPP
319,3,3.0,4,52,4,1,14,0.7692307692307693,True,3,1,RPP
319,4,3.0,5,65,5,1,13,0.6615384615384615,True,4,1,RPP
319,5,3.0,3,39,3,1,13,0.9230769230769231,True,5,2,RPP
319,6,3.0,5,65,5,1,13,0.9230769230769231,True,6,2,RPP
319,7,3.0,2,26,2,1,13,0.9615384615384616,True,7,2,RPP
319,8,3.0,3,39,3,1,13,0.8717948717948718,True,8,3,RPP
319,9,3.0,4,52,4,1,14,0.8076923076923077,True,9,2,RPP
319,10,3.0,5,64,5,1,13,0.90625,True,10,3,RPP
320,1,4.0,2,26,2,1,13,1.0,True,1,1,Age>25
320,2,4.0,3,39,3,1,13,0.8974358974358975,True,2,1,Age>25
320,3,4.0,4,52,4,1,14,0.8846153846153846,True,3,1,Age>25
320,4,4.0,5,65,5,1,14,0.8769230769230769,True,4,1,Age>25
320,5,4.0,3,39,3,1,13,0.9230769230769231,True,5,2,Age>25
320,6,4.0,5,65,5,1,14,0.8615384615384616,True,6,2,Age>25
320,7,4.0,2,26,2,1,13,0.9230769230769231,True,7,2,Age>25
320,8,4.0,3,39,3,1,13,0.9487179487179487,True,8,3,Age>25
320,9,4.0,4,52,4,1,14,0.9038461538461539,True,9,2,Age>25
320,10,4.0,5,65,5,1,14,0.9384615384615385,True,10,3,Age>25
321,1,4.0,2,26,2,1,13,0.8076923076923077,True,1,1,Age>25
321,2,4.0,3,39,3,1,13,0.8461538461538461,True,2,1,Age>25
321,3,4.0,4,52,4,1,14,0.8269230769230769,True,3,1,Age>25
321,4,4.0,5,63,5,1,13,0.5714285714285714,True,4,1,Age>25
321,5,4.0,3,39,3,1,13,0.8461538461538461,True,5,2,Age>25
321,6,4.0,5,63,5,1,13,0.5555555555555556,True,6,2,Age>25
321,7,4.0,2,26,2,1,13,0.7692307692307693,True,7,2,Age>25
321,8,4.0,3,39,3,1,13,0.8974358974358975,True,8,3,Age>25
321,9,4.0,4,51,4,1,14,0.45098039215686275,True,9,2,Age>25
321,10,4.0,5,65,5,1,13,0.7846153846153846,True,10,3,Age>25
322,1,3.0,2,26,2,1,13,0.8076923076923077,True,1,1,RPP
322,2,3.0,3,39,3,1,13,0.717948717948718,True,2,1,RPP
322,3,3.0,5,65,5,1,14,0.6923076923076923,True,3,1,RPP
322,4,3.0,4,52,4,1,13,0.8076923076923077,True,4,1,RPP
322,5,3.0,3,39,3,1,13,0.8974358974358975,True,5,2,RPP
322,6,3.0,5,65,5,1,14,0.6153846153846154,True,6,2,RPP
322,7,3.0,2,26,2,1,13,0.9615384615384616,True,7,2,RPP
322,8,3.0,3,39,3,1,13,0.9230769230769231,True,8,3,RPP
322,9,3.0,5,65,5,1,14,0.676923076923077,True,9,3,RPP
322,10,3.0,4,52,4,1,13,0.8653846153846154,True,10,2,RPP
323,1,3.0,2,26,2,1,13,0.6923076923076923,True,1,1,RPP
323,2,3.0,3,39,3,1,13,0.7948717948717948,True,2,1,RPP
323,3,3.0,5,65,5,1,13,0.6923076923076923,True,3,1,RPP
323,4,3.0,4,52,4,1,14,0.8269230769230769,True,4,1,RPP
323,5,3.0,3,39,3,1,13,0.9487179487179487,True,5,2,RPP
323,6,3.0,5,65,5,1,13,0.6,True,6,2,RPP
323,7,3.0,2,26,2,1,13,0.7692307692307693,True,7,2,RPP
323,8,3.0,3,39,3,1,13,0.8717948717948718,True,8,3,RPP
323,9,3.0,5,65,5,1,13,0.6153846153846154,True,9,3,RPP
323,10,3.0,4,52,4,1,14,0.8653846153846154,True,10,2,RPP
325,1,3.0,2,26,2,1,13,0.9230769230769231,True,1,1,RPP
325,2,3.0,3,39,3,1,13,0.8717948717948718,True,2,1,RPP
325,3,3.0,4,52,4,1,14,0.9615384615384616,True,3,1,RPP
325,4,3.0,5,65,5,1,13,0.8307692307692308,True,4,1,RPP
325,5,3.0,3,39,3,1,13,0.8974358974358975,True,5,2,RPP
325,6,3.0,5,65,5,1,13,0.7846153846153846,True,6,2,RPP
325,7,3.0,2,26,2,1,13,0.9615384615384616,True,7,2,RPP
325,8,3.0,3,39,3,1,13,0.9487179487179487,True,8,3,RPP
325,9,3.0,4,52,4,1,14,0.8076923076923077,True,9,2,RPP
325,10,3.0,5,65,5,1,13,0.9076923076923077,True,10,3,RPP
326,1,4.0,2,26,2,1,13,0.8076923076923077,True,1,1,Age>25
326,2,4.0,3,39,3,1,13,0.7435897435897436,True,2,1,Age>25
326,3,4.0,4,52,4,1,13,0.8461538461538461,True,3,1,Age>25
326,4,4.0,5,65,5,1,14,0.676923076923077,True,4,1,Age>25
326,5,4.0,3,39,3,1,13,0.9230769230769231,True,5,2,Age>25
326,6,4.0,5,65,5,1,14,0.8461538461538461,True,6,2,Age>25
326,7,4.0,2,26,2,1,13,0.9230769230769231,True,7,2,Age>25
326,8,4.0,3,39,3,1,13,0.9487179487179487,True,8,3,Age>25
326,9,4.0,4,52,4,1,13,0.7884615384615384,True,9,2,Age>25
326,10,4.0,5,65,5,1,14,0.8923076923076924,True,10,3,Age>25
328,1,3.0,2,26,2,1,13,0.9615384615384616,True,1,1,RPP
328,2,3.0,4,52,4,1,13,0.8846153846153846,True,2,1,RPP
328,3,3.0,3,39,3,1,13,0.8717948717948718,True,3,1,RPP
328,4,3.0,5,65,5,1,14,0.9384615384615385,True,4,1,RPP
328,5,3.0,3,39,3,1,13,0.9230769230769231,True,5,2,RPP
328,6,3.0,5,65,5,1,14,0.8923076923076924,True,6,2,RPP
328,7,3.0,2,26,2,1,13,0.8846153846153846,True,7,2,RPP
328,8,3.0,4,52,4,1,13,0.9230769230769231,True,8,2,RPP
328,9,3.0,3,39,3,1,13,1.0,True,9,3,RPP
328,10,3.0,5,65,5,1,14,0.9230769230769231,True,10,3,RPP
329,1,4.0,2,26,2,1,13,1.0,True,1,1,Age>25
329,2,4.0,3,39,3,1,13,0.6153846153846154,True,2,1,Age>25
329,3,4.0,4,52,4,1,14,0.9038461538461539,True,3,1,Age>25
329,4,4.0,5,65,5,1,13,0.9230769230769231,True,4,1,Age>25
329,5,4.0,3,39,3,1,13,0.9487179487179487,True,5,2,Age>25
329,6,4.0,5,65,5,1,13,0.9230769230769231,True,6,2,Age>25
329,7,4.0,2,26,2,1,13,0.9230769230769231,True,7,2,Age>25
329,8,4.0,3,39,3,1,13,0.9487179487179487,True,8,3,Age>25
329,9,4.0,4,52,4,1,14,0.9423076923076923,True,9,2,Age>25
329,10,4.0,5,65,5,1,13,0.8769230769230769,True,10,3,Age>25
330,1,3.0,2,26,2,1,13,0.9230769230769231,True,1,1,RPP
330,2,3.0,3,39,3,1,13,0.8974358974358975,True,2,1,RPP
330,3,3.0,4,52,4,1,14,0.8461538461538461,True,3,1,RPP
330,4,3.0,5,65,5,1,14,0.8615384615384616,True,4,1,RPP
330,5,3.0,3,39,3,1,13,0.8974358974358975,True,5,2,RPP
330,6,3.0,5,65,5,1,14,0.8923076923076924,True,6,2,RPP
330,7,3.0,2,26,2,1,13,1.0,True,7,2,RPP
330,8,3.0,3,39,3,1,13,0.9487179487179487,True,8,3,RPP
330,9,3.0,4,52,4,1,14,0.9038461538461539,True,9,2,RPP
330,10,3.0,5,65,5,1,14,0.9230769230769231,True,10,3,RPP
331,1,3.0,2,26,2,1,13,0.9230769230769231,True,1,1,RPP
331,2,3.0,3,39,3,1,13,0.7692307692307693,True,2,1,RPP
331,3,3.0,4,52,4,1,14,0.8653846153846154,True,3,1,RPP
331,4,3.0,5,65,5,1,13,0.8769230769230769,True,4,1,RPP
331,5,3.0,3,39,3,1,13,0.8974358974358975,True,5,2,RPP
331,6,3.0,5,65,5,1,13,0.9076923076923077,True,6,2,RPP
331,7,3.0,2,25,2,1,13,0.72,True,7,2,RPP
331,8,3.0,3,39,3,1,13,0.8717948717948718,True,8,3,RPP
331,9,3.0,4,51,4,1,14,0.7450980392156863,True,9,2,RPP
331,10,3.0,5,65,5,1,13,0.8307692307692308,True,10,3,RPP
332,1,4.0,2,26,2,1,13,0.7692307692307693,True,1,1,Age>25
332,2,4.0,3,39,3,1,13,0.7692307692307693,True,2,1,Age>25
332,3,4.0,5,65,5,1,14,0.9076923076923077,True,3,1,Age>25
332,4,4.0,4,52,4,1,13,0.9230769230769231,True,4,1,Age>25
332,5,4.0,3,39,3,1,13,0.9230769230769231,True,5,2,Age>25
332,6,4.0,5,65,5,1,14,0.8923076923076924,True,6,2,Age>25
332,7,4.0,2,26,2,1,13,0.8461538461538461,True,7,2,Age>25
332,8,4.0,3,39,3,1,13,0.9743589743589743,True,8,3,Age>25
332,9,4.0,5,65,5,1,14,0.8461538461538461,True,9,3,Age>25
332,10,4.0,4,52,4,1,13,0.9230769230769231,True,10,2,Age>25
333,1,4.0,2,26,2,1,13,0.9615384615384616,True,1,1,Age>25
333,2,4.0,3,39,3,1,13,0.8461538461538461,True,2,1,Age>25
333,3,4.0,5,65,5,1,13,0.8769230769230769,True,3,1,Age>25
333,4,4.0,4,52,4,1,14,0.8076923076923077,True,4,1,Age>25
333,5,4.0,3,39,3,1,13,0.9743589743589743,True,5,2,Age>25
333,6,4.0,5,65,5,1,13,0.9384615384615385,True,6,2,Age>25
333,7,4.0,2,26,2,1,13,0.8461538461538461,True,7,2,Age>25
333,8,4.0,3,39,3,1,13,0.9487179487179487,True,8,3,Age>25
333,9,4.0,5,65,5,1,13,0.8461538461538461,True,9,3,Age>25
333,10,4.0,4,52,4,1,14,0.8461538461538461,True,10,2,Age>25
334,1,4.0,2,26,2,1,13,1.0,True,1,1,Age>25
334,2,4.0,3,39,3,1,13,0.9487179487179487,True,2,1,Age>25
334,3,4.0,5,65,5,1,14,0.5846153846153846,True,3,1,Age>25
334,4,4.0,4,52,4,1,14,0.8461538461538461,True,4,1,Age>25
334,5,4.0,3,39,3,1,13,0.8974358974358975,True,5,2,Age>25
334,6,4.0,5,65,5,1,14,0.7384615384615385,True,6,2,Age>25
334,7,4.0,2,26,2,1,13,0.7307692307692307,True,7,2,Age>25
334,8,4.0,3,39,3,1,13,0.8461538461538461,True,8,3,Age>25
334,9,4.0,5,65,5,1,14,0.9076923076923077,True,9,3,Age>25
334,10,4.0,4,52,4,1,14,0.8269230769230769,True,10,2,Age>25
335,1,3.0,2,26,2,1,13,0.9230769230769231,True,1,1,RPP
335,2,3.0,3,39,3,1,13,0.8461538461538461,True,2,1,RPP
335,3,3.0,4,52,4,1,14,0.8269230769230769,True,3,1,RPP
335,4,3.0,5,65,5,1,13,0.8769230769230769,True,4,1,RPP
335,5,3.0,3,39,3,1,13,0.8974358974358975,True,5,2,RPP
335,6,3.0,5,65,5,1,13,0.9230769230769231,True,6,2,RPP
335,7,3.0,2,26,2,1,13,0.8846153846153846,True,7,2,RPP
335,8,3.0,3,39,3,1,13,0.9230769230769231,True,8,3,RPP
335,9,3.0,4,52,4,1,14,0.9230769230769231,True,9,2,RPP
335,10,3.0,5,65,5,1,13,0.9076923076923077,True,10,3,RPP
337,1,4.0,2,26,2,1,13,0.8846153846153846,True,1,1,Age>25
337,2,4.0,3,39,3,1,13,0.8974358974358975,True,2,1,Age>25
337,3,4.0,4,52,4,1,13,0.7884615384615384,True,3,1,Age>25
337,4,4.0,5,65,5,1,14,0.9076923076923077,True,4,1,Age>25
337,5,4.0,3,39,3,1,13,0.8974358974358975,True,5,2,Age>25
337,6,4.0,5,65,5,1,14,0.8461538461538461,True,6,2,Age>25
337,7,4.0,2,26,2,1,13,0.8846153846153846,True,7,2,Age>25
337,8,4.0,3,39,3,1,13,0.9230769230769231,True,8,3,Age>25
337,9,4.0,4,52,4,1,13,0.9615384615384616,True,9,2,Age>25
337,10,4.0,5,65,5,1,14,0.9384615384615385,True,10,3,Age>25
338,1,3.0,2,26,2,1,13,0.8461538461538461,True,1,1,RPP
338,2,3.0,4,52,4,1,13,0.8653846153846154,True,2,1,RPP
338,3,3.0,3,39,3,1,13,0.8717948717948718,True,3,1,RPP
338,4,3.0,5,65,5,1,14,0.6923076923076923,True,4,1,RPP
338,5,3.0,3,39,3,1,13,0.9230769230769231,True,5,2,RPP
338,6,3.0,5,65,5,1,14,0.9076923076923077,True,6,2,RPP
338,7,3.0,2,26,2,1,13,0.9615384615384616,True,7,2,RPP
338,8,3.0,4,52,4,1,13,0.9038461538461539,True,8,2,RPP
338,9,3.0,3,39,3,1,13,0.9230769230769231,True,9,3,RPP
338,10,3.0,5,65,5,1,14,0.8923076923076924,True,10,3,RPP
339,1,4.0,2,26,2,1,13,0.8846153846153846,True,1,1,Age>25
339,2,4.0,3,39,3,1,13,0.8717948717948718,True,2,1,Age>25
339,3,4.0,4,52,4,1,14,0.8846153846153846,True,3,1,Age>25
339,4,4.0,5,65,5,1,13,0.8923076923076924,True,4,1,Age>25
339,5,4.0,3,39,3,1,13,0.8974358974358975,True,5,2,Age>25
339,6,4.0,5,65,5,1,13,0.9230769230769231,True,6,2,Age>25
339,7,4.0,2,26,2,1,13,0.8846153846153846,True,7,2,Age>25
339,8,4.0,3,39,3,1,13,0.9230769230769231,True,8,3,Age>25
339,9,4.0,4,52,4,1,14,0.9230769230769231,True,9,2,Age>25
339,10,4.0,5,65,5,1,13,0.9230769230769231,True,10,3,Age>25
342,1,4.0,2,25,2,1,13,0.84,True,1,1,Age>25
342,2,4.0,3,39,3,1,13,0.8717948717948718,True,2,1,Age>25
342,3,4.0,5,65,5,1,14,0.9076923076923077,True,3,1,Age>25
342,4,4.0,4,52,4,1,13,0.8461538461538461,True,4,1,Age>25
342,5,4.0,3,39,3,1,13,0.8717948717948718,True,5,2,Age>25
342,6,4.0,5,65,5,1,14,0.8923076923076924,True,6,2,Age>25
342,7,4.0,2,26,2,1,13,0.9615384615384616,True,7,2,Age>25
342,8,4.0,3,39,3,1,13,0.9743589743589743,True,8,3,Age>25
342,9,4.0,5,65,5,1,14,0.8,True,9,3,Age>25
342,10,4.0,4,52,4,1,13,0.9038461538461539,True,10,2,Age>25
343,1,3.0,2,26,2,1,13,0.8076923076923077,True,1,1,RPP
343,2,3.0,3,39,3,1,13,0.7692307692307693,True,2,1,RPP
343,3,3.0,5,65,5,1,13,0.8769230769230769,True,3,1,RPP
343,4,3.0,4,52,4,1,14,0.9038461538461539,True,4,1,RPP
343,5,3.0,3,39,3,1,13,0.8974358974358975,True,5,2,RPP
343,6,3.0,5,65,5,1,13,0.9076923076923077,True,6,2,RPP
343,7,3.0,2,26,2,1,13,0.9230769230769231,True,7,2,RPP
343,8,3.0,3,39,3,1,13,0.9230769230769231,True,8,3,RPP
343,9,3.0,5,65,5,1,13,0.6923076923076923,True,9,3,RPP
343,10,3.0,4,52,4,1,14,0.8653846153846154,True,10,2,RPP
345,1,4.0,2,26,2,1,13,0.8461538461538461,True,1,1,Age>25
345,2,4.0,3,39,3,1,13,0.8717948717948718,True,2,1,Age>25
345,3,4.0,4,52,4,1,14,0.9615384615384616,True,3,1,Age>25
345,4,4.0,5,65,5,1,13,0.8307692307692308,True,4,1,Age>25
345,5,4.0,3,39,3,1,13,0.8974358974358975,True,5,2,Age>25
345,6,4.0,5,65,5,1,13,0.9230769230769231,True,6,2,Age>25
345,7,4.0,2,26,2,1,13,0.9615384615384616,True,7,2,Age>25
345,8,4.0,3,39,3,1,13,0.9487179487179487,True,8,3,Age>25
345,9,4.0,4,52,4,1,14,0.9423076923076923,True,9,2,Age>25
345,10,4.0,5,65,5,1,13,0.7384615384615385,True,10,3,Age>25
347,1,4.0,2,26,2,1,13,0.9230769230769231,True,1,1,Age>25
347,2,4.0,3,39,3,1,13,0.8974358974358975,True,2,1,Age>25
347,3,4.0,4,52,4,1,13,0.9038461538461539,True,3,1,Age>25
347,4,4.0,5,65,5,1,14,0.7846153846153846,True,4,1,Age>25
347,5,4.0,3,39,3,1,13,0.8974358974358975,True,5,2,Age>25
347,6,4.0,5,65,5,1,14,0.8769230769230769,True,6,2,Age>25
347,7,4.0,2,26,2,1,13,0.8076923076923077,True,7,2,Age>25
347,8,4.0,3,39,3,1,13,0.8717948717948718,True,8,3,Age>25
347,9,4.0,4,52,4,1,13,0.9423076923076923,True,9,2,Age>25
347,10,4.0,5,65,5,1,14,0.8923076923076924,True,10,3,Age>25
348,1,4.0,2,26,2,1,13,0.9230769230769231,True,1,1,Age>25
348,2,4.0,4,52,4,1,13,0.6346153846153846,True,2,1,Age>25
348,3,4.0,3,39,3,1,13,0.8717948717948718,True,3,1,Age>25
348,4,4.0,5,65,5,1,14,0.8769230769230769,True,4,1,Age>25
348,5,4.0,3,39,3,1,13,0.8974358974358975,True,5,2,Age>25
348,6,4.0,5,65,5,1,14,0.8307692307692308,True,6,2,Age>25
348,7,4.0,2,26,2,1,13,0.6538461538461539,True,7,2,Age>25
348,8,4.0,4,52,4,1,13,0.8846153846153846,True,8,2,Age>25
348,9,4.0,3,39,3,1,13,0.9743589743589743,True,9,3,Age>25
348,10,4.0,5,65,5,1,14,0.6923076923076923,True,10,3,Age>25
349,1,4.0,2,26,2,1,13,0.9615384615384616,True,1,1,Age>25
349,2,4.0,3,39,3,1,13,0.717948717948718,True,2,1,Age>25
349,3,4.0,4,52,4,1,14,0.8846153846153846,True,3,1,Age>25
349,4,4.0,5,65,5,1,13,0.8461538461538461,True,4,1,Age>25
349,5,4.0,3,39,3,1,13,0.8974358974358975,True,5,2,Age>25
349,6,4.0,5,65,5,1,13,0.8769230769230769,True,6,2,Age>25
349,7,4.0,2,26,2,1,13,0.8846153846153846,True,7,2,Age>25
349,8,4.0,3,39,3,1,13,0.9743589743589743,True,8,3,Age>25
349,9,4.0,4,52,4,1,14,0.9230769230769231,True,9,2,Age>25
349,10,4.0,5,65,5,1,13,0.7384615384615385,True,10,3,Age>25
350,1,4.0,2,26,2,1,13,0.9615384615384616,True,1,1,Age>25
350,2,4.0,3,39,3,1,13,0.7948717948717948,True,2,1,Age>25
350,3,4.0,4,52,4,1,14,0.8653846153846154,True,3,1,Age>25
350,4,4.0,5,65,5,1,14,0.46153846153846156,True,4,1,Age>25
350,5,4.0,3,39,3,1,13,0.28205128205128205,True,5,2,Age>25
350,6,4.0,5,63,5,1,14,0.3492063492063492,True,6,2,Age>25
350,7,4.0,2,26,2,1,13,0.38461538461538464,True,7,2,Age>25
350,8,4.0,3,39,3,1,13,0.3076923076923077,True,8,3,Age>25
350,9,4.0,4,51,4,1,14,0.29411764705882354,True,9,2,Age>25
350,10,4.0,5,64,5,1,14,0.328125,True,10,3,Age>25
351,1,4.0,2,26,2,1,13,0.9230769230769231,True,1,1,Age>25
351,2,4.0,3,39,3,1,13,0.8717948717948718,True,2,1,Age>25
351,3,4.0,4,52,4,1,14,0.9230769230769231,True,3,1,Age>25
351,4,4.0,5,65,5,1,13,0.8769230769230769,True,4,1,Age>25
351,5,4.0,3,39,3,1,13,0.9230769230769231,True,5,2,Age>25
351,6,4.0,5,65,5,1,13,0.8769230769230769,True,6,2,Age>25
351,7,4.0,2,26,2,1,13,0.8846153846153846,True,7,2,Age>25
351,8,4.0,3,39,3,1,13,0.9230769230769231,True,8,3,Age>25
351,9,4.0,4,52,4,1,14,0.9038461538461539,True,9,2,Age>25
351,10,4.0,5,65,5,1,13,0.8615384615384616,True,10,3,Age>25
352,1,4.0,2,26,2,1,13,0.8846153846153846,True,1,1,Age>25
352,2,4.0,3,39,3,1,13,0.7948717948717948,True,2,1,Age>25
352,3,4.0,5,65,5,1,14,0.9076923076923077,True,3,1,Age>25
352,4,4.0,4,52,4,1,13,0.8653846153846154,True,4,1,Age>25
352,5,4.0,3,39,3,1,13,0.9230769230769231,True,5,2,Age>25
352,6,4.0,5,65,5,1,14,0.7692307692307693,True,6,2,Age>25
352,7,4.0,2,26,2,1,13,0.8846153846153846,True,7,2,Age>25
352,8,4.0,3,39,3,1,13,0.9743589743589743,True,8,3,Age>25
352,9,4.0,5,65,5,1,14,0.8769230769230769,True,9,3,Age>25
352,10,4.0,4,52,4,1,13,0.9038461538461539,True,10,2,Age>25
353,1,4.0,2,26,2,1,13,0.9230769230769231,True,1,1,Age>25
353,2,4.0,3,39,3,1,13,0.8205128205128205,True,2,1,Age>25
353,3,4.0,5,65,5,1,13,0.8769230769230769,True,3,1,Age>25
353,4,4.0,4,52,4,1,14,0.9230769230769231,True,4,1,Age>25
353,5,4.0,3,39,3,1,13,0.8205128205128205,True,5,2,Age>25
353,6,4.0,5,65,5,1,13,0.9538461538461539,True,6,2,Age>25
353,7,4.0,2,26,2,1,13,0.8846153846153846,True,7,2,Age>25
353,8,4.0,3,39,3,1,13,0.9230769230769231,True,8,3,Age>25
353,9,4.0,5,65,5,1,13,0.9384615384615385,True,9,3,Age>25
353,10,4.0,4,52,4,1,14,0.8846153846153846,True,10,2,Age>25
354,1,4.0,2,26,2,1,13,0.9230769230769231,True,1,1,Age>25
354,2,4.0,3,39,3,1,13,0.717948717948718,True,2,1,Age>25
354,3,4.0,5,65,5,1,14,0.7076923076923077,True,3,1,Age>25
354,4,4.0,4,52,4,1,14,0.9038461538461539,True,4,1,Age>25
354,5,4.0,3,39,3,1,13,0.6923076923076923,True,5,2,Age>25
354,6,4.0,5,65,5,1,14,0.49230769230769234,True,6,2,Age>25
354,7,4.0,2,26,2,1,13,0.7692307692307693,True,7,2,Age>25
354,8,4.0,3,39,3,1,13,1.0,True,8,3,Age>25
354,9,4.0,5,65,5,1,14,0.676923076923077,True,9,3,Age>25
354,10,4.0,4,52,4,1,14,0.7692307692307693,True,10,2,Age>25
357,1,4.0,2,26,2,1,13,0.8076923076923077,True,1,1,Age>25
357,2,4.0,3,39,3,1,13,0.8205128205128205,True,2,1,Age>25
357,3,4.0,4,52,4,1,13,0.9423076923076923,True,3,1,Age>25
357,4,4.0,5,65,5,1,14,0.8615384615384616,True,4,1,Age>25
357,5,4.0,3,39,3,1,13,0.8974358974358975,True,5,2,Age>25
357,6,4.0,5,65,5,1,14,0.9538461538461539,True,6,2,Age>25
357,7,4.0,2,26,2,1,13,0.8846153846153846,True,7,2,Age>25
357,8,4.0,3,39,3,1,13,0.8461538461538461,True,8,3,Age>25
357,9,4.0,4,52,4,1,13,0.75,True,9,2,Age>25
357,10,4.0,5,65,5,1,14,0.7692307692307693,True,10,3,Age>25
359,1,4.0,2,26,2,1,13,0.8461538461538461,True,1,1,Age>25
359,2,4.0,3,39,3,1,13,0.7948717948717948,True,2,1,Age>25
359,3,4.0,4,52,4,1,14,0.5769230769230769,True,3,1,Age>25
359,4,4.0,5,65,5,1,13,0.46153846153846156,True,4,1,Age>25
359,5,4.0,3,39,3,1,13,0.6923076923076923,True,5,2,Age>25
359,6,4.0,5,65,5,1,13,0.7846153846153846,True,6,2,Age>25
359,7,4.0,2,26,2,1,13,0.9230769230769231,True,7,2,Age>25
359,8,4.0,3,39,3,1,13,0.8717948717948718,True,8,3,Age>25
359,9,4.0,4,52,4,1,14,0.9038461538461539,True,9,2,Age>25
359,10,4.0,5,65,5,1,13,0.4461538461538462,True,10,3,Age>25
360,1,4.0,2,26,2,1,13,0.8846153846153846,True,1,1,Age>25
360,2,4.0,3,39,3,1,13,0.8717948717948718,True,2,1,Age>25
360,3,4.0,4,52,4,1,14,0.8269230769230769,True,3,1,Age>25
360,4,4.0,5,65,5,1,14,0.6461538461538462,True,4,1,Age>25
360,5,4.0,3,39,3,1,13,0.8461538461538461,True,5,2,Age>25
360,6,4.0,5,65,5,1,14,0.7538461538461538,True,6,2,Age>25
360,7,4.0,2,26,2,1,13,0.9230769230769231,True,7,2,Age>25
360,8,4.0,3,39,3,1,13,0.9230769230769231,True,8,3,Age>25
360,9,4.0,4,52,4,1,14,1.0,True,9,2,Age>25
360,10,4.0,5,65,5,1,14,0.9384615384615385,True,10,3,Age>25
361,1,4.0,2,26,2,1,13,0.9615384615384616,True,1,1,Age>25
361,2,4.0,3,39,3,1,13,0.8717948717948718,True,2,1,Age>25
361,3,4.0,4,52,4,1,14,0.8461538461538461,True,3,1,Age>25
361,4,4.0,5,65,5,1,13,0.7538461538461538,True,4,1,Age>25
361,5,4.0,3,39,3,1,13,0.8974358974358975,True,5,2,Age>25
361,6,4.0,5,65,5,1,13,0.6461538461538462,True,6,2,Age>25
361,7,4.0,2,26,2,1,13,0.8846153846153846,True,7,2,Age>25
361,8,4.0,3,39,3,1,13,0.717948717948718,True,8,3,Age>25
361,9,4.0,4,52,4,1,14,0.6923076923076923,True,9,2,Age>25
361,10,4.0,5,65,5,1,13,0.8615384615384616,True,10,3,Age>25
362,1,4.0,2,26,2,1,13,0.9615384615384616,True,1,1,Age>25
362,2,4.0,3,39,3,1,13,0.8461538461538461,True,2,1,Age>25
362,3,4.0,5,65,5,1,14,0.8615384615384616,True,3,1,Age>25
362,4,4.0,4,52,4,1,13,0.9423076923076923,True,4,1,Age>25
362,5,4.0,3,39,3,1,13,0.8974358974358975,True,5,2,Age>25
362,6,4.0,5,65,5,1,14,0.7076923076923077,True,6,2,Age>25
362,7,4.0,2,26,2,1,13,0.9615384615384616,True,7,2,Age>25
362,8,4.0,3,39,3,1,13,0.9230769230769231,True,8,3,Age>25
362,9,4.0,5,65,5,1,14,0.8769230769230769,True,9,3,Age>25
362,10,4.0,4,52,4,1,13,0.9230769230769231,True,10,2,Age>25
363,1,4.0,2,26,2,1,13,0.9615384615384616,True,1,1,Age>25
363,2,4.0,3,39,3,1,13,0.8461538461538461,True,2,1,Age>25
363,3,4.0,5,65,5,1,13,0.8923076923076924,True,3,1,Age>25
363,4,4.0,4,52,4,1,14,0.9615384615384616,True,4,1,Age>25
363,5,4.0,3,39,3,1,13,0.9487179487179487,True,5,2,Age>25
363,6,4.0,5,65,5,1,13,0.9846153846153847,True,6,2,Age>25
363,7,4.0,2,26,2,1,13,0.9615384615384616,True,7,2,Age>25
363,8,4.0,3,39,3,1,13,0.9230769230769231,True,8,3,Age>25
363,9,4.0,5,65,5,1,13,0.9538461538461539,True,9,3,Age>25
363,10,4.0,4,52,4,1,14,0.9230769230769231,True,10,2,Age>25
364,1,4.0,2,26,2,1,13,0.9230769230769231,True,1,1,Age>25
364,2,4.0,3,39,3,1,13,0.8717948717948718,True,2,1,Age>25
364,3,4.0,5,65,5,1,14,0.8,True,3,1,Age>25
364,4,4.0,4,52,4,1,14,0.8846153846153846,True,4,1,Age>25
364,5,4.0,3,39,3,1,13,0.9230769230769231,True,5,2,Age>25
364,6,4.0,5,65,5,1,14,0.8769230769230769,True,6,2,Age>25
364,7,4.0,2,26,2,1,13,0.8846153846153846,True,7,2,Age>25
364,8,4.0,3,39,3,1,13,0.9487179487179487,True,8,3,Age>25
364,9,4.0,5,65,5,1,14,0.9230769230769231,True,9,3,Age>25
364,10,4.0,4,52,4,1,14,0.8846153846153846,True,10,2,Age>25
365,1,4.0,2,26,2,1,13,0.8846153846153846,True,1,1,Age>25
365,2,4.0,3,39,3,1,13,0.9230769230769231,True,2,1,Age>25
365,3,4.0,4,52,4,1,14,0.8653846153846154,True,3,1,Age>25
365,4,4.0,5,65,5,1,13,0.9692307692307692,True,4,1,Age>25
365,5,4.0,3,39,3,1,13,0.9487179487179487,True,5,2,Age>25
365,6,4.0,5,65,5,1,13,0.6923076923076923,True,6,2,Age>25
365,7,4.0,2,26,2,1,13,1.0,True,7,2,Age>25
365,8,4.0,3,39,3,1,13,0.9230769230769231,True,8,3,Age>25
365,9,4.0,4,52,4,1,14,0.9807692307692307,True,9,2,Age>25
365,10,4.0,5,65,5,1,13,0.8769230769230769,True,10,3,Age>25
409,1,3.0,2,26,2,1,13,0.8076923076923077,True,1,1,RPP
409,2,3.0,3,39,3,1,13,0.8205128205128205,True,2,1,RPP
409,3,3.0,4,52,4,1,14,0.6730769230769231,True,3,1,RPP
409,4,3.0,5,65,5,1,13,0.6615384615384615,True,4,1,RPP
409,5,3.0,3,39,3,1,13,0.7692307692307693,True,5,2,RPP
409,6,3.0,5,65,5,1,13,0.7846153846153846,True,6,2,RPP
409,7,3.0,2,26,2,1,13,0.8461538461538461,True,7,2,RPP
409,8,3.0,3,39,3,1,13,0.9230769230769231,True,8,3,RPP
409,9,3.0,4,52,4,1,14,0.9038461538461539,True,9,2,RPP
409,10,3.0,5,65,5,1,13,0.8615384615384616,True,10,3,RPP
410,1,3.0,2,26,2,1,13,0.9615384615384616,True,1,1,RPP
410,2,3.0,3,39,3,1,13,0.8717948717948718,True,2,1,RPP
410,3,3.0,4,52,4,1,14,0.9230769230769231,True,3,1,RPP
410,4,3.0,5,65,5,1,14,0.9230769230769231,True,4,1,RPP
410,5,3.0,3,39,3,1,13,0.9743589743589743,True,5,2,RPP
410,6,3.0,5,65,5,1,14,0.9692307692307692,True,6,2,RPP
410,7,3.0,2,26,2,1,13,0.9615384615384616,True,7,2,RPP
410,8,3.0,3,39,3,1,13,0.9487179487179487,True,8,3,RPP
410,9,3.0,4,52,4,1,14,0.9038461538461539,True,9,2,RPP
410,10,3.0,5,65,5,1,14,0.9538461538461539,True,10,3,RPP
411,1,3.0,2,26,2,1,13,0.9230769230769231,True,1,1,RPP
411,2,3.0,3,39,3,1,13,0.8717948717948718,True,2,1,RPP
411,3,3.0,4,52,4,1,14,0.8461538461538461,True,3,1,RPP
411,4,3.0,5,65,5,1,13,0.8615384615384616,True,4,1,RPP
411,5,3.0,3,39,3,1,13,1.0,True,5,2,RPP
411,6,3.0,5,65,5,1,13,0.8307692307692308,True,6,2,RPP
411,7,3.0,2,26,2,1,13,0.8846153846153846,True,7,2,RPP
411,8,3.0,3,39,3,1,13,0.9487179487179487,True,8,3,RPP
411,9,3.0,4,52,4,1,14,0.7884615384615384,True,9,2,RPP
411,10,3.0,5,65,5,1,13,0.9692307692307692,True,10,3,RPP
412,1,3.0,2,26,2,1,13,0.8461538461538461,True,1,1,RPP
412,2,3.0,3,39,3,1,13,0.7692307692307693,True,2,1,RPP
412,3,3.0,5,65,5,1,14,0.8307692307692308,True,3,1,RPP
412,4,3.0,4,52,4,1,13,0.8846153846153846,True,4,1,RPP
412,5,3.0,3,39,3,1,13,0.7692307692307693,True,5,2,RPP
412,6,3.0,5,65,5,1,14,0.6923076923076923,True,6,2,RPP
412,7,3.0,2,26,2,1,13,0.9230769230769231,True,7,2,RPP
412,8,3.0,3,39,3,1,13,1.0,True,8,3,RPP
412,9,3.0,5,65,5,1,14,0.8615384615384616,True,9,3,RPP
412,10,3.0,4,52,4,1,13,0.9615384615384616,True,10,2,RPP
413,1,3.0,2,26,2,1,13,0.9230769230769231,True,1,1,RPP
413,2,3.0,3,37,3,1,13,0.6486486486486487,True,2,1,RPP
413,3,3.0,5,65,5,1,13,0.7692307692307693,True,3,1,RPP
413,4,3.0,4,52,4,1,14,0.8653846153846154,True,4,1,RPP
413,5,3.0,3,39,3,1,13,0.8461538461538461,True,5,2,RPP
413,6,3.0,5,65,5,1,13,0.8615384615384616,True,6,2,RPP
413,7,3.0,2,26,2,1,13,0.7692307692307693,True,7,2,RPP
413,8,3.0,3,39,3,1,13,0.8717948717948718,True,8,3,RPP
413,9,3.0,5,65,5,1,13,0.8461538461538461,True,9,3,RPP
413,10,3.0,4,52,4,1,14,0.75,True,10,2,RPP
414,1,1.0,2,26,2,1,13,0.8846153846153846,True,1,1,Kids
414,2,1.0,3,39,3,1,13,0.9230769230769231,True,2,1,Kids
414,3,1.0,5,65,5,1,14,0.8923076923076924,True,3,1,Kids
414,4,1.0,4,52,4,1,14,0.9038461538461539,True,4,1,Kids
414,5,1.0,3,39,3,1,13,0.9487179487179487,True,5,2,Kids
414,6,1.0,5,65,5,1,14,0.7384615384615385,True,6,2,Kids
414,7,1.0,2,26,2,1,13,0.8076923076923077,True,7,2,Kids
414,8,1.0,3,39,3,1,13,0.9487179487179487,True,8,3,Kids
414,9,1.0,5,65,5,1,14,0.9076923076923077,True,9,3,Kids
414,10,1.0,4,52,4,1,14,0.9230769230769231,True,10,2,Kids
415,1,3.0,2,26,2,1,13,0.8846153846153846,True,1,1,RPP
415,2,3.0,3,39,3,1,13,0.8717948717948718,True,2,1,RPP
415,3,3.0,4,52,4,1,14,0.7692307692307693,True,3,1,RPP
415,4,3.0,5,65,5,1,13,0.7692307692307693,True,4,1,RPP
415,5,3.0,3,39,3,1,13,0.7692307692307693,True,5,2,RPP
415,6,3.0,5,65,5,1,13,0.9230769230769231,True,6,2,RPP
415,7,3.0,2,26,2,1,13,0.8461538461538461,True,7,2,RPP
415,8,3.0,3,39,3,1,13,0.9487179487179487,True,8,3,RPP
415,9,3.0,4,52,4,1,14,0.9230769230769231,True,9,2,RPP
415,10,3.0,5,65,5,1,13,0.8153846153846154,True,10,3,RPP
416,1,3.0,2,26,2,1,13,0.9615384615384616,True,1,1,RPP
416,2,3.0,3,39,3,1,13,0.8461538461538461,True,2,1,RPP
416,3,3.0,4,52,4,1,13,0.9038461538461539,True,3,1,RPP
416,4,3.0,5,65,5,1,14,0.7692307692307693,True,4,1,RPP
416,5,3.0,3,39,3,1,13,0.9487179487179487,True,5,2,RPP
416,6,3.0,5,65,5,1,14,0.8923076923076924,True,6,2,RPP
416,7,3.0,2,26,2,1,13,0.8846153846153846,True,7,2,RPP
416,8,3.0,3,39,3,1,13,0.9230769230769231,True,8,3,RPP
416,9,3.0,4,52,4,1,13,0.9230769230769231,True,9,2,RPP
416,10,3.0,5,65,5,1,14,0.9076923076923077,True,10,3,RPP
417,1,3.0,2,26,2,1,13,0.6923076923076923,True,1,1,RPP
417,2,3.0,3,39,3,1,13,0.8205128205128205,True,2,1,RPP
417,3,3.0,4,52,4,1,13,0.9230769230769231,True,3,1,RPP
417,4,3.0,5,65,5,1,14,0.7384615384615385,True,4,1,RPP
417,5,3.0,3,39,3,1,13,0.8974358974358975,True,5,2,RPP
417,6,3.0,5,65,5,1,14,0.7692307692307693,True,6,2,RPP
417,7,3.0,2,26,2,1,13,1.0,True,7,2,RPP
417,8,3.0,3,39,3,1,13,0.9230769230769231,True,8,3,RPP
417,9,3.0,4,52,4,1,13,0.9423076923076923,True,9,2,RPP
417,10,3.0,5,65,5,1,14,0.8153846153846154,True,10,3,RPP
418,1,4.0,2,26,2,1,13,0.9615384615384616,True,1,1,Age>25
418,2,4.0,4,52,4,1,13,0.8269230769230769,True,2,1,Age>25
418,3,4.0,3,39,3,1,13,0.9487179487179487,True,3,1,Age>25
418,4,4.0,5,65,5,1,14,0.8923076923076924,True,4,1,Age>25
418,5,4.0,3,39,3,1,13,0.8974358974358975,True,5,2,Age>25
418,6,4.0,5,65,5,1,14,0.7076923076923077,True,6,2,Age>25
418,7,4.0,2,26,2,1,13,0.8076923076923077,True,7,2,Age>25
418,8,4.0,4,52,4,1,13,0.7307692307692307,True,8,2,Age>25
418,9,4.0,3,39,3,1,13,1.0,True,9,3,Age>25
418,10,4.0,5,62,5,1,14,0.3548387096774194,True,10,3,Age>25
419,1,3.0,2,26,2,1,13,0.8846153846153846,True,1,1,RPP
419,2,3.0,3,39,3,1,13,0.8461538461538461,True,2,1,RPP
419,3,3.0,4,52,4,1,14,0.7115384615384616,True,3,1,RPP
419,4,3.0,5,65,5,1,13,0.7692307692307693,True,4,1,RPP
419,5,3.0,3,39,3,1,13,1.0,True,5,2,RPP
419,6,3.0,5,65,5,1,13,0.7846153846153846,True,6,2,RPP
419,7,3.0,2,26,2,1,13,0.9230769230769231,True,7,2,RPP
419,8,3.0,3,39,3,1,13,0.9743589743589743,True,8,3,RPP
419,9,3.0,4,52,4,1,14,0.7692307692307693,True,9,2,RPP
419,10,3.0,5,65,5,1,13,0.8923076923076924,True,10,3,RPP
420,1,3.0,2,26,2,1,13,0.9615384615384616,True,1,1,RPP
420,2,3.0,3,39,3,1,13,0.7692307692307693,True,2,1,RPP
420,3,3.0,4,52,4,1,14,0.7307692307692307,True,3,1,RPP
420,4,3.0,5,65,5,1,14,0.8769230769230769,True,4,1,RPP
420,5,3.0,3,39,3,1,13,0.7435897435897436,True,5,2,RPP
420,6,3.0,5,65,5,1,14,0.6461538461538462,True,6,2,RPP
420,7,3.0,2,26,2,1,13,0.9615384615384616,True,7,2,RPP
420,8,3.0,3,39,3,1,13,0.9743589743589743,True,8,3,RPP
420,9,3.0,4,52,4,1,14,0.8846153846153846,True,9,2,RPP
420,10,3.0,5,65,5,1,14,0.8923076923076924,True,10,3,RPP
421,1,3.0,2,26,2,1,13,0.9615384615384616,True,1,1,RPP
421,2,3.0,3,39,3,1,13,0.7948717948717948,True,2,1,RPP
421,3,3.0,4,52,4,1,14,0.8076923076923077,True,3,1,RPP
421,4,3.0,5,65,5,1,13,0.6307692307692307,True,4,1,RPP
421,5,3.0,3,39,3,1,13,0.8717948717948718,True,5,2,RPP
421,6,3.0,5,64,5,1,13,0.8125,True,6,2,RPP
421,7,3.0,2,26,2,1,13,1.0,True,7,2,RPP
421,8,3.0,3,39,3,1,13,0.717948717948718,True,8,3,RPP
421,9,3.0,4,52,4,1,14,0.8846153846153846,True,9,2,RPP
421,10,3.0,5,65,5,1,13,0.8307692307692308,True,10,3,RPP
422,1,3.0,2,26,2,1,13,0.8461538461538461,True,1,1,RPP
422,2,3.0,3,39,3,1,13,0.9230769230769231,True,2,1,RPP
422,3,3.0,5,65,5,1,14,0.8,True,3,1,RPP
422,4,3.0,4,52,4,1,13,0.9230769230769231,True,4,1,RPP
422,5,3.0,3,39,3,1,13,0.9230769230769231,True,5,2,RPP
422,6,3.0,5,65,5,1,14,0.9076923076923077,True,6,2,RPP
422,7,3.0,2,26,2,1,13,0.8076923076923077,True,7,2,RPP
422,8,3.0,3,39,3,1,13,0.8974358974358975,True,8,3,RPP
422,9,3.0,5,65,5,1,14,0.8615384615384616,True,9,3,RPP
422,10,3.0,4,52,4,1,13,0.8653846153846154,True,10,2,RPP
423,1,3.0,2,26,2,1,13,0.9615384615384616,True,1,1,RPP
423,2,3.0,3,39,3,1,13,0.717948717948718,True,2,1,RPP
423,3,3.0,5,65,5,1,13,0.8,True,3,1,RPP
423,4,3.0,4,52,4,1,14,0.9038461538461539,True,4,1,RPP
423,5,3.0,3,39,3,1,13,0.8974358974358975,True,5,2,RPP
423,6,3.0,5,65,5,1,13,0.8769230769230769,True,6,2,RPP
423,7,3.0,2,26,2,1,13,0.8846153846153846,True,7,2,RPP
423,8,3.0,3,39,3,1,13,0.9487179487179487,True,8,3,RPP
423,9,3.0,5,65,5,1,13,0.8923076923076924,True,9,3,RPP
423,10,3.0,4,52,4,1,14,0.8461538461538461,True,10,2,RPP
424,1,3.0,2,26,2,1,13,0.8461538461538461,True,1,1,RPP
424,2,3.0,3,39,3,1,13,0.8205128205128205,True,2,1,RPP
424,3,3.0,5,65,5,1,14,0.9538461538461539,True,3,1,RPP
424,4,3.0,4,52,4,1,14,0.8653846153846154,True,4,1,RPP
424,5,3.0,3,39,3,1,13,0.8974358974358975,True,5,2,RPP
424,6,3.0,5,65,5,1,14,0.9230769230769231,True,6,2,RPP
424,7,3.0,2,25,2,1,13,0.8,True,7,2,RPP
424,8,3.0,3,39,3,1,13,0.8717948717948718,True,8,3,RPP
424,9,3.0,5,65,5,1,14,0.8769230769230769,True,9,3,RPP
424,10,3.0,4,52,4,1,14,0.9423076923076923,True,10,2,RPP
425,1,4.0,2,26,2,1,13,0.7692307692307693,True,1,1,Age>25
425,2,4.0,3,39,3,1,13,0.8717948717948718,True,2,1,Age>25
425,3,4.0,4,52,4,1,14,0.8269230769230769,True,3,1,Age>25
425,4,4.0,5,65,5,1,13,0.6923076923076923,True,4,1,Age>25
425,5,4.0,3,39,3,1,13,0.8717948717948718,True,5,2,Age>25
425,6,4.0,5,65,5,1,13,0.8461538461538461,True,6,2,Age>25
425,7,4.0,2,26,2,1,13,0.8076923076923077,True,7,2,Age>25
425,8,4.0,3,39,3,1,13,0.9487179487179487,True,8,3,Age>25
425,9,4.0,4,52,4,1,14,0.8846153846153846,True,9,2,Age>25
425,10,4.0,5,65,5,1,13,0.7384615384615385,True,10,3,Age>25
427,1,3.0,2,26,2,1,13,0.9615384615384616,True,1,1,RPP
427,2,3.0,3,39,3,1,13,0.8717948717948718,True,2,1,RPP
427,3,3.0,4,52,4,1,13,0.9423076923076923,True,3,1,RPP
427,4,3.0,5,65,5,1,14,0.9230769230769231,True,4,1,RPP
427,5,3.0,3,39,3,1,13,0.8974358974358975,True,5,2,RPP
427,6,3.0,5,65,5,1,14,0.9076923076923077,True,6,2,RPP
427,7,3.0,2,26,2,1,13,0.9615384615384616,True,7,2,RPP
427,8,3.0,3,39,3,1,13,0.9230769230769231,True,8,3,RPP
427,9,3.0,4,52,4,1,13,0.8846153846153846,True,9,2,RPP
427,10,3.0,5,65,5,1,14,0.9230769230769231,True,10,3,RPP
428,1,3.0,2,26,2,1,13,0.7307692307692307,True,1,1,RPP
428,2,3.0,4,52,4,1,13,0.9038461538461539,True,2,1,RPP
428,3,3.0,3,39,3,1,13,0.8974358974358975,True,3,1,RPP
428,4,3.0,5,65,5,1,14,0.8615384615384616,True,4,1,RPP
428,5,3.0,3,39,3,1,13,0.8974358974358975,True,5,2,RPP
428,6,3.0,5,65,5,1,14,0.8461538461538461,True,6,2,RPP
428,7,3.0,2,26,2,1,13,0.9615384615384616,True,7,2,RPP
428,8,3.0,4,52,4,1,13,0.9038461538461539,True,8,2,RPP
428,9,3.0,3,39,3,1,13,0.8205128205128205,True,9,3,RPP
428,10,3.0,5,65,5,1,14,0.8769230769230769,True,10,3,RPP
429,1,3.0,2,26,2,1,13,0.9230769230769231,True,1,1,RPP
429,2,3.0,3,39,3,1,13,0.8717948717948718,True,2,1,RPP
429,3,3.0,4,52,4,1,14,0.8846153846153846,True,3,1,RPP
429,4,3.0,5,65,5,1,13,0.8615384615384616,True,4,1,RPP
429,5,3.0,3,39,3,1,13,0.9230769230769231,True,5,2,RPP
429,6,3.0,5,65,5,1,13,0.9076923076923077,True,6,2,RPP
429,7,3.0,2,26,2,1,13,0.8846153846153846,True,7,2,RPP
429,8,3.0,3,39,3,1,13,0.8974358974358975,True,8,3,RPP
429,9,3.0,4,52,4,1,14,0.9038461538461539,True,9,2,RPP
429,10,3.0,5,64,5,1,13,0.78125,True,10,3,RPP
430,1,3.0,2,26,2,1,13,1.0,True,1,1,RPP
430,2,3.0,3,39,3,1,13,0.9487179487179487,True,2,1,RPP
430,3,3.0,4,52,4,1,14,0.5961538461538461,True,3,1,RPP
430,4,3.0,5,65,5,1,14,0.9230769230769231,True,4,1,RPP
430,5,3.0,3,39,3,1,13,1.0,True,5,2,RPP
430,6,3.0,5,65,5,1,14,0.8615384615384616,True,6,2,RPP
430,7,3.0,2,26,2,1,13,0.9230769230769231,True,7,2,RPP
430,8,3.0,3,39,3,1,13,0.8717948717948718,True,8,3,RPP
430,9,3.0,4,52,4,1,14,0.8846153846153846,True,9,2,RPP
430,10,3.0,5,65,5,1,14,0.8923076923076924,True,10,3,RPP
431,1,3.0,2,26,2,1,13,0.9615384615384616,True,1,1,RPP
431,2,3.0,3,39,3,1,13,0.9487179487179487,True,2,1,RPP
431,3,3.0,4,52,4,1,14,0.8076923076923077,True,3,1,RPP
431,4,3.0,5,65,5,1,13,0.8769230769230769,True,4,1,RPP
431,5,3.0,3,39,3,1,13,0.9487179487179487,True,5,2,RPP
431,6,3.0,5,65,5,1,13,0.7846153846153846,True,6,2,RPP
431,7,3.0,2,26,2,1,13,0.7692307692307693,True,7,2,RPP
431,8,3.0,3,39,3,1,13,0.9230769230769231,True,8,3,RPP
431,9,3.0,4,52,4,1,14,0.9230769230769231,True,9,2,RPP
431,10,3.0,5,65,5,1,13,0.9230769230769231,True,10,3,RPP
432,1,3.0,2,26,2,1,13,0.8846153846153846,True,1,1,RPP
432,2,3.0,3,39,3,1,13,0.7948717948717948,True,2,1,RPP
432,3,3.0,5,65,5,1,14,0.8615384615384616,True,3,1,RPP
432,4,3.0,4,52,4,1,13,0.9230769230769231,True,4,1,RPP
432,5,3.0,3,39,3,1,13,0.8717948717948718,True,5,2,RPP
432,6,3.0,5,65,5,1,14,0.7076923076923077,True,6,2,RPP
432,7,3.0,2,26,2,1,13,0.9615384615384616,True,7,2,RPP
432,8,3.0,3,39,3,1,13,0.9743589743589743,True,8,3,RPP
432,9,3.0,5,65,5,1,14,0.8307692307692308,True,9,3,RPP
432,10,3.0,4,52,4,1,13,0.9038461538461539,True,10,2,RPP
434,1,3.0,2,26,2,1,13,0.8076923076923077,True,1,1,RPP
434,2,3.0,3,39,3,1,13,0.8974358974358975,True,2,1,RPP
434,3,3.0,5,65,5,1,14,0.7692307692307693,True,3,1,RPP
434,4,3.0,4,52,4,1,14,0.8846153846153846,True,4,1,RPP
434,5,3.0,3,39,3,1,13,0.9487179487179487,True,5,2,RPP
434,6,3.0,5,65,5,1,14,0.8,True,6,2,RPP
434,7,3.0,2,26,2,1,13,0.7692307692307693,True,7,2,RPP
434,8,3.0,3,39,3,1,13,0.9487179487179487,True,8,3,RPP
434,9,3.0,5,65,5,1,14,0.6153846153846154,True,9,3,RPP
434,10,3.0,4,52,4,1,14,0.7692307692307693,True,10,2,RPP
435,1,3.0,2,26,2,1,13,0.9230769230769231,True,1,1,RPP
435,2,3.0,3,39,3,1,13,0.9230769230769231,True,2,1,RPP
435,3,3.0,4,52,4,1,14,0.8846153846153846,True,3,1,RPP
435,4,3.0,5,65,5,1,13,0.8769230769230769,True,4,1,RPP
435,5,3.0,3,39,3,1,13,0.9230769230769231,True,5,2,RPP
435,6,3.0,5,65,5,1,13,0.9230769230769231,True,6,2,RPP
435,7,3.0,2,26,2,1,13,0.9230769230769231,True,7,2,RPP
435,8,3.0,3,39,3,1,13,0.9230769230769231,True,8,3,RPP
435,9,3.0,4,52,4,1,14,0.9423076923076923,True,9,2,RPP
435,10,3.0,5,65,5,1,13,0.9076923076923077,True,10,3,RPP
436,1,3.0,2,26,2,1,13,0.9230769230769231,True,1,1,RPP
436,2,3.0,3,39,3,1,13,0.9230769230769231,True,2,1,RPP
436,3,3.0,4,52,4,1,13,0.9230769230769231,True,3,1,RPP
436,4,3.0,5,65,5,1,14,0.7538461538461538,True,4,1,RPP
436,5,3.0,3,39,3,1,13,0.8461538461538461,True,5,2,RPP
436,6,3.0,5,65,5,1,14,0.8769230769230769,True,6,2,RPP
436,7,3.0,2,26,2,1,13,0.8461538461538461,True,7,2,RPP
436,8,3.0,3,39,3,1,13,0.9743589743589743,True,8,3,RPP
436,9,3.0,4,52,4,1,13,0.9038461538461539,True,9,2,RPP
436,10,3.0,5,65,5,1,14,0.8461538461538461,True,10,3,RPP
437,1,3.0,2,26,2,1,13,0.8076923076923077,True,1,1,RPP
437,2,3.0,3,39,3,1,13,0.8717948717948718,True,2,1,RPP
437,3,3.0,4,52,4,1,13,0.9615384615384616,True,3,1,RPP
437,4,3.0,5,65,5,1,14,0.9384615384615385,True,4,1,RPP
437,5,3.0,3,39,3,1,13,0.9487179487179487,True,5,2,RPP
437,6,3.0,5,65,5,1,14,0.9076923076923077,True,6,2,RPP
437,7,3.0,2,26,2,1,13,0.8846153846153846,True,7,2,RPP
437,8,3.0,3,39,3,1,13,0.9743589743589743,True,8,3,RPP
437,9,3.0,4,52,4,1,13,0.9038461538461539,True,9,2,RPP
437,10,3.0,5,65,5,1,14,0.9076923076923077,True,10,3,RPP
438,1,3.0,2,26,2,1,13,0.9615384615384616,True,1,1,RPP
438,2,3.0,4,52,4,1,13,0.75,True,2,1,RPP
438,3,3.0,3,39,3,1,13,0.8974358974358975,True,3,1,RPP
438,4,3.0,5,65,5,1,14,0.9076923076923077,True,4,1,RPP
438,5,3.0,3,39,3,1,13,0.9487179487179487,True,5,2,RPP
438,6,3.0,5,65,5,1,14,0.9076923076923077,True,6,2,RPP
438,7,3.0,2,26,2,1,13,0.9230769230769231,True,7,2,RPP
438,8,3.0,4,52,4,1,13,0.75,True,8,2,RPP
438,9,3.0,3,39,3,1,13,1.0,True,9,3,RPP
438,10,3.0,5,65,5,1,14,0.8769230769230769,True,10,3,RPP
439,1,3.0,2,26,2,1,13,0.8846153846153846,True,1,1,RPP
439,2,3.0,3,39,3,1,13,0.8461538461538461,True,2,1,RPP
439,3,3.0,4,52,4,1,14,0.8653846153846154,True,3,1,RPP
439,4,3.0,5,65,5,1,13,0.9076923076923077,True,4,1,RPP
439,5,3.0,3,39,3,1,13,0.9487179487179487,True,5,2,RPP
439,6,3.0,5,65,5,1,13,0.9538461538461539,True,6,2,RPP
439,7,3.0,2,26,2,1,13,0.8076923076923077,True,7,2,RPP
439,8,3.0,3,39,3,1,13,0.8461538461538461,True,8,3,RPP
439,9,3.0,4,52,4,1,14,0.9230769230769231,True,9,2,RPP
439,10,3.0,5,65,5,1,13,0.8615384615384616,True,10,3,RPP
440,1,3.0,2,26,2,1,13,0.8846153846153846,True,1,1,RPP
440,2,3.0,3,39,3,1,13,0.8717948717948718,True,2,1,RPP
440,3,3.0,4,52,4,1,14,0.8076923076923077,True,3,1,RPP
440,4,3.0,5,65,5,1,14,0.9076923076923077,True,4,1,RPP
440,5,3.0,3,39,3,1,13,0.7948717948717948,True,5,2,RPP
440,6,3.0,5,65,5,1,14,0.7692307692307693,True,6,2,RPP
440,7,3.0,2,26,2,1,13,0.9230769230769231,True,7,2,RPP
440,8,3.0,3,39,3,1,13,0.9487179487179487,True,8,3,RPP
440,9,3.0,4,52,4,1,14,0.9423076923076923,True,9,2,RPP
440,10,3.0,5,65,5,1,14,0.8615384615384616,True,10,3,RPP
441,1,3.0,2,26,2,1,13,0.9615384615384616,True,1,1,RPP
441,2,3.0,3,39,3,1,13,0.8974358974358975,True,2,1,RPP
441,3,3.0,4,52,4,1,14,0.8269230769230769,True,3,1,RPP
441,4,3.0,5,65,5,1,13,0.9076923076923077,True,4,1,RPP
441,5,3.0,3,39,3,1,13,0.9487179487179487,True,5,2,RPP
441,6,3.0,5,65,5,1,13,0.9384615384615385,True,6,2,RPP
441,7,3.0,2,26,2,1,13,0.9230769230769231,True,7,2,RPP
441,8,3.0,3,39,3,1,13,0.9743589743589743,True,8,3,RPP
441,9,3.0,4,52,4,1,14,0.9038461538461539,True,9,2,RPP
441,10,3.0,5,65,5,1,13,0.8769230769230769,True,10,3,RPP
442,1,3.0,2,26,2,1,13,0.9230769230769231,True,1,1,RPP
442,2,3.0,3,39,3,1,13,0.8974358974358975,True,2,1,RPP
442,3,3.0,5,65,5,1,14,0.7538461538461538,True,3,1,RPP
442,4,3.0,4,52,4,1,13,0.8846153846153846,True,4,1,RPP
442,5,3.0,3,39,3,1,13,0.8461538461538461,True,5,2,RPP
442,6,3.0,5,65,5,1,14,0.8461538461538461,True,6,2,RPP
442,7,3.0,2,26,2,1,13,0.8461538461538461,True,7,2,RPP
442,8,3.0,3,39,3,1,13,0.9487179487179487,True,8,3,RPP
442,9,3.0,5,65,5,1,14,0.8769230769230769,True,9,3,RPP
442,10,3.0,4,52,4,1,13,0.8076923076923077,True,10,2,RPP
443,1,3.0,2,26,2,1,13,0.8461538461538461,True,1,1,RPP
443,2,3.0,3,39,3,1,13,0.8461538461538461,True,2,1,RPP
443,3,3.0,5,65,5,1,13,0.8769230769230769,True,3,1,RPP
443,4,3.0,4,52,4,1,14,0.9423076923076923,True,4,1,RPP
443,5,3.0,3,39,3,1,13,0.9487179487179487,True,5,2,RPP
443,6,3.0,5,65,5,1,13,0.7076923076923077,True,6,2,RPP
443,7,3.0,2,26,2,1,13,0.9230769230769231,True,7,2,RPP
443,8,3.0,3,39,3,1,13,0.9230769230769231,True,8,3,RPP
443,9,3.0,5,65,5,1,13,0.9230769230769231,True,9,3,RPP
443,10,3.0,4,52,4,1,14,0.9230769230769231,True,10,2,RPP
444,1,3.0,2,26,2,1,13,0.8461538461538461,True,1,1,RPP
444,2,3.0,3,39,3,1,13,0.8461538461538461,True,2,1,RPP
444,3,3.0,5,65,5,1,14,0.8923076923076924,True,3,1,RPP
444,4,3.0,4,52,4,1,14,0.9038461538461539,True,4,1,RPP
444,5,3.0,3,39,3,1,13,0.9487179487179487,True,5,2,RPP
444,6,3.0,5,65,5,1,14,0.8923076923076924,True,6,2,RPP
444,7,3.0,2,26,2,1,13,1.0,True,7,2,RPP
444,8,3.0,3,39,3,1,13,0.9487179487179487,True,8,3,RPP
444,9,3.0,5,65,5,1,14,0.9076923076923077,True,9,3,RPP
444,10,3.0,4,52,4,1,14,0.9230769230769231,True,10,2,RPP
445,1,3.0,2,26,2,1,13,0.9230769230769231,True,1,1,RPP
445,2,3.0,3,39,3,1,13,0.9487179487179487,True,2,1,RPP
445,3,3.0,4,52,4,1,14,0.8269230769230769,True,3,1,RPP
445,4,3.0,5,65,5,1,13,0.8769230769230769,True,4,1,RPP
445,5,3.0,3,39,3,1,13,0.8717948717948718,True,5,2,RPP
445,6,3.0,5,65,5,1,13,0.8307692307692308,True,6,2,RPP
445,7,3.0,2,26,2,1,13,0.8846153846153846,True,7,2,RPP
445,8,3.0,3,39,3,1,13,0.9487179487179487,True,8,3,RPP
445,9,3.0,4,52,4,1,14,0.9038461538461539,True,9,2,RPP
445,10,3.0,5,65,5,1,13,0.9076923076923077,True,10,3,RPP
447,1,3.0,2,26,2,1,13,0.8846153846153846,True,1,1,RPP
447,2,3.0,3,39,3,1,13,0.8717948717948718,True,2,1,RPP
447,3,3.0,4,52,4,1,13,0.9038461538461539,True,3,1,RPP
447,4,3.0,5,65,5,1,14,0.9230769230769231,True,4,1,RPP
447,5,3.0,3,39,3,1,13,0.9230769230769231,True,5,2,RPP
447,6,3.0,5,64,5,1,14,0.703125,True,6,2,RPP
447,7,3.0,2,26,2,1,13,0.9230769230769231,True,7,2,RPP
447,8,3.0,3,39,3,1,13,0.7435897435897436,True,8,3,RPP
447,9,3.0,4,52,4,1,13,0.8653846153846154,True,9,2,RPP
447,10,3.0,5,65,5,1,14,0.7846153846153846,True,10,3,RPP
448,1,4.0,2,26,2,1,13,0.8461538461538461,True,1,1,Age>25
448,2,4.0,4,52,4,1,13,0.9423076923076923,True,2,1,Age>25
448,3,4.0,3,39,3,1,13,0.8717948717948718,True,3,1,Age>25
448,4,4.0,5,65,5,1,14,0.9538461538461539,True,4,1,Age>25
448,5,4.0,3,38,3,1,13,0.9210526315789473,True,5,2,Age>25
448,6,4.0,5,65,5,1,14,0.7538461538461538,True,6,2,Age>25
448,7,4.0,2,26,2,1,13,0.6923076923076923,True,7,2,Age>25
448,8,4.0,4,52,4,1,13,0.9230769230769231,True,8,2,Age>25
448,9,4.0,3,38,3,1,13,0.9736842105263158,True,9,3,Age>25
448,10,4.0,5,65,5,1,14,0.9076923076923077,True,10,3,Age>25
449,1,3.0,2,26,2,1,13,0.9230769230769231,True,1,1,RPP
449,2,3.0,3,39,3,1,13,0.8974358974358975,True,2,1,RPP
449,3,3.0,4,52,4,1,14,0.7692307692307693,True,3,1,RPP
449,4,3.0,5,65,5,1,13,0.7538461538461538,True,4,1,RPP
449,5,3.0,3,39,3,1,13,0.9743589743589743,True,5,2,RPP
449,6,3.0,5,65,5,1,13,0.8923076923076924,True,6,2,RPP
449,7,3.0,2,26,2,1,13,0.7692307692307693,True,7,2,RPP
449,8,3.0,3,39,3,1,13,0.9230769230769231,True,8,3,RPP
449,9,3.0,4,52,4,1,14,0.9230769230769231,True,9,2,RPP
449,10,3.0,5,65,5,1,13,0.8307692307692308,True,10,3,RPP
450,1,3.0,2,26,2,1,13,0.9615384615384616,True,1,1,RPP
450,2,3.0,3,39,3,1,13,0.8461538461538461,True,2,1,RPP
450,3,3.0,4,52,4,1,14,0.75,True,3,1,RPP
450,4,3.0,5,65,5,1,14,0.7846153846153846,True,4,1,RPP
450,5,3.0,3,39,3,1,13,0.8974358974358975,True,5,2,RPP
450,6,3.0,5,65,5,1,14,0.7692307692307693,True,6,2,RPP
450,7,3.0,2,26,2,1,13,0.9230769230769231,True,7,2,RPP
450,8,3.0,3,39,3,1,13,0.8717948717948718,True,8,3,RPP
450,9,3.0,4,52,4,1,14,0.7692307692307693,True,9,2,RPP
450,10,3.0,5,65,5,1,14,0.6307692307692307,True,10,3,RPP
451,1,3.0,2,26,2,1,13,0.7692307692307693,True,1,1,RPP
451,2,3.0,3,39,3,1,13,0.8974358974358975,True,2,1,RPP
451,3,3.0,4,52,4,1,14,0.8269230769230769,True,3,1,RPP
451,4,3.0,5,65,5,1,13,0.8,True,4,1,RPP
451,5,3.0,3,39,3,1,13,0.8974358974358975,True,5,2,RPP
451,6,3.0,5,65,5,1,13,0.8153846153846154,True,6,2,RPP
451,7,3.0,2,26,2,1,13,0.8846153846153846,True,7,2,RPP
451,8,3.0,3,39,3,1,13,0.7948717948717948,True,8,3,RPP
451,9,3.0,4,52,4,1,14,0.9230769230769231,True,9,2,RPP
451,10,3.0,5,65,5,1,13,0.8923076923076924,True,10,3,RPP
452,1,3.0,2,26,2,1,13,0.8461538461538461,True,1,1,RPP
452,2,3.0,3,39,3,1,13,0.8461538461538461,True,2,1,RPP
452,3,3.0,5,65,5,1,14,0.8,True,3,1,RPP
452,4,3.0,4,52,4,1,13,0.9230769230769231,True,4,1,RPP
452,5,3.0,3,39,3,1,13,0.9230769230769231,True,5,2,RPP
452,6,3.0,5,65,5,1,14,0.8769230769230769,True,6,2,RPP
452,7,3.0,2,26,2,1,13,0.9230769230769231,True,7,2,RPP
452,8,3.0,3,39,3,1,13,0.9743589743589743,True,8,3,RPP
452,9,3.0,5,65,5,1,14,0.8153846153846154,True,9,3,RPP
452,10,3.0,4,52,4,1,13,0.9038461538461539,True,10,2,RPP
453,1,3.0,2,26,2,1,13,0.8461538461538461,True,1,1,RPP
453,2,3.0,3,39,3,1,13,0.8717948717948718,True,2,1,RPP
453,3,3.0,5,65,5,1,13,0.9538461538461539,True,3,1,RPP
453,4,3.0,4,52,4,1,14,0.8653846153846154,True,4,1,RPP
453,5,3.0,3,39,3,1,13,0.9230769230769231,True,5,2,RPP
453,6,3.0,5,65,5,1,13,0.8923076923076924,True,6,2,RPP
453,7,3.0,2,26,2,1,13,0.9230769230769231,True,7,2,RPP
453,8,3.0,3,39,3,1,13,0.8974358974358975,True,8,3,RPP
453,9,3.0,5,65,5,1,13,0.8769230769230769,True,9,3,RPP
453,10,3.0,4,52,4,1,14,0.9615384615384616,True,10,2,RPP
454,1,3.0,2,26,2,1,13,0.8846153846153846,True,1,1,RPP
454,2,3.0,3,39,3,1,13,0.8974358974358975,True,2,1,RPP
454,3,3.0,5,65,5,1,14,0.8923076923076924,True,3,1,RPP
454,4,3.0,4,52,4,1,14,0.8846153846153846,True,4,1,RPP
454,5,3.0,3,39,3,1,13,0.9230769230769231,True,5,2,RPP
454,6,3.0,5,65,5,1,14,0.8923076923076924,True,6,2,RPP
454,7,3.0,2,26,2,1,13,0.8461538461538461,True,7,2,RPP
454,8,3.0,3,39,3,1,13,0.9230769230769231,True,8,3,RPP
454,9,3.0,5,65,5,1,14,0.8461538461538461,True,9,3,RPP
454,10,3.0,4,52,4,1,14,0.6923076923076923,True,10,2,RPP
455,1,3.0,2,26,2,1,13,0.8846153846153846,True,1,1,RPP
455,2,3.0,3,39,3,1,13,0.8717948717948718,True,2,1,RPP
455,3,3.0,4,52,4,1,14,0.9230769230769231,True,3,1,RPP
455,4,3.0,5,65,5,1,13,0.9384615384615385,True,4,1,RPP
455,5,3.0,3,39,3,1,13,0.9487179487179487,True,5,2,RPP
455,6,3.0,5,65,5,1,13,0.9384615384615385,True,6,2,RPP
455,7,3.0,2,26,2,1,13,0.9230769230769231,True,7,2,RPP
455,8,3.0,3,39,3,1,13,0.9487179487179487,True,8,3,RPP
455,9,3.0,4,52,4,1,14,0.8269230769230769,True,9,2,RPP
455,10,3.0,5,65,5,1,13,0.8923076923076924,True,10,3,RPP
456,1,3.0,2,26,2,1,13,1.0,True,1,1,RPP
456,2,3.0,3,39,3,1,13,0.7948717948717948,True,2,1,RPP
456,3,3.0,4,52,4,1,13,0.8846153846153846,True,3,1,RPP
456,4,3.0,5,65,5,1,14,0.7692307692307693,True,4,1,RPP
456,5,3.0,3,39,3,1,13,0.9230769230769231,True,5,2,RPP
456,6,3.0,5,65,5,1,14,0.8,True,6,2,RPP
456,7,3.0,2,26,2,1,13,0.8846153846153846,True,7,2,RPP
456,8,3.0,3,39,3,1,13,1.0,True,8,3,RPP
456,9,3.0,4,52,4,1,13,0.9423076923076923,True,9,2,RPP
456,10,3.0,5,65,5,1,14,0.9692307692307692,True,10,3,RPP
457,1,3.0,2,26,2,1,13,0.9615384615384616,True,1,1,RPP
457,2,3.0,3,39,3,1,13,0.9743589743589743,True,2,1,RPP
457,3,3.0,4,52,4,1,13,0.9038461538461539,True,3,1,RPP
457,4,3.0,5,65,5,1,14,0.8461538461538461,True,4,1,RPP
457,5,3.0,3,39,3,1,13,0.8461538461538461,True,5,2,RPP
457,6,3.0,5,65,5,1,14,0.9230769230769231,True,6,2,RPP
457,7,3.0,2,26,2,1,13,0.9230769230769231,True,7,2,RPP
457,8,3.0,3,39,3,1,13,0.8717948717948718,True,8,3,RPP
457,9,3.0,4,52,4,1,13,0.9038461538461539,True,9,2,RPP
457,10,3.0,5,65,5,1,14,0.9538461538461539,True,10,3,RPP
458,1,3.0,2,26,2,1,13,0.9615384615384616,True,1,1,RPP
458,2,3.0,4,52,4,1,13,0.8653846153846154,True,2,1,RPP
458,3,3.0,3,39,3,1,13,0.9230769230769231,True,3,1,RPP
458,4,3.0,5,65,5,1,14,0.9384615384615385,True,4,1,RPP
458,5,3.0,3,39,3,1,13,0.9487179487179487,True,5,2,RPP
458,6,3.0,5,65,5,1,14,0.9538461538461539,True,6,2,RPP
458,7,3.0,2,26,2,1,13,0.9615384615384616,True,7,2,RPP
458,8,3.0,4,52,4,1,13,0.9038461538461539,True,8,2,RPP
458,9,3.0,3,39,3,1,13,1.0,True,9,3,RPP
458,10,3.0,5,65,5,1,14,0.9076923076923077,True,10,3,RPP
459,1,3.0,2,26,2,1,13,0.9230769230769231,True,1,1,RPP
459,2,3.0,3,39,3,1,13,0.7948717948717948,True,2,1,RPP
459,3,3.0,4,52,4,1,14,0.8269230769230769,True,3,1,RPP
459,4,3.0,5,65,5,1,13,0.8307692307692308,True,4,1,RPP
459,5,3.0,3,39,3,1,13,0.9487179487179487,True,5,2,RPP
459,6,3.0,5,65,5,1,13,0.8923076923076924,True,6,2,RPP
459,7,3.0,2,26,2,1,13,1.0,True,7,2,RPP
459,8,3.0,3,39,3,1,13,0.9743589743589743,True,8,3,RPP
459,9,3.0,4,52,4,1,14,0.8269230769230769,True,9,2,RPP
459,10,3.0,5,65,5,1,13,0.8307692307692308,True,10,3,RPP
460,1,3.0,2,26,2,1,13,0.8461538461538461,True,1,1,RPP
460,2,3.0,3,39,3,1,13,0.7692307692307693,True,2,1,RPP
460,3,3.0,4,52,4,1,14,0.8846153846153846,True,3,1,RPP
460,4,3.0,5,65,5,1,14,0.8307692307692308,True,4,1,RPP
460,5,3.0,3,39,3,1,13,0.9487179487179487,True,5,2,RPP
460,6,3.0,5,65,5,1,14,0.9384615384615385,True,6,2,RPP
460,7,3.0,2,26,2,1,13,0.9230769230769231,True,7,2,RPP
460,8,3.0,3,39,3,1,13,0.9487179487179487,True,8,3,RPP
460,9,3.0,4,52,4,1,14,0.9807692307692307,True,9,2,RPP
460,10,3.0,5,65,5,1,14,0.9538461538461539,True,10,3,RPP
461,1,3.0,2,26,2,1,13,1.0,True,1,1,RPP
461,2,3.0,3,39,3,1,13,0.9230769230769231,True,2,1,RPP
461,3,3.0,4,52,4,1,14,0.9038461538461539,True,3,1,RPP
461,4,3.0,5,65,5,1,13,0.8,True,4,1,RPP
461,5,3.0,3,39,3,1,13,1.0,True,5,2,RPP
461,6,3.0,5,65,5,1,13,0.9230769230769231,True,6,2,RPP
461,7,3.0,2,26,2,1,13,0.8846153846153846,True,7,2,RPP
461,8,3.0,3,39,3,1,13,0.9230769230769231,True,8,3,RPP
461,9,3.0,4,52,4,1,14,0.9038461538461539,True,9,2,RPP
461,10,3.0,5,65,5,1,13,0.7846153846153846,True,10,3,RPP
463,1,3.0,2,26,2,1,13,0.9615384615384616,True,1,1,RPP
463,2,3.0,3,39,3,1,13,0.8205128205128205,True,2,1,RPP
463,3,3.0,5,65,5,1,13,0.6461538461538462,True,3,1,RPP
463,4,3.0,4,52,4,1,14,0.8461538461538461,True,4,1,RPP
463,5,3.0,3,39,3,1,13,0.7948717948717948,True,5,2,RPP
463,6,3.0,5,65,5,1,13,0.7230769230769231,True,6,2,RPP
463,7,3.0,2,26,2,1,13,0.9615384615384616,True,7,2,RPP
463,8,3.0,3,39,3,1,13,0.8717948717948718,True,8,3,RPP
463,9,3.0,5,65,5,1,13,0.8769230769230769,True,9,3,RPP
463,10,3.0,4,52,4,1,14,0.7692307692307693,True,10,2,RPP
464,1,3.0,2,26,2,1,13,0.7692307692307693,True,1,1,RPP
464,2,3.0,3,39,3,1,13,0.6923076923076923,True,2,1,RPP
464,3,3.0,5,65,5,1,14,0.9076923076923077,True,3,1,RPP
464,4,3.0,4,52,4,1,14,0.9038461538461539,True,4,1,RPP
464,5,3.0,3,39,3,1,13,0.9743589743589743,True,5,2,RPP
464,6,3.0,5,65,5,1,14,0.8461538461538461,True,6,2,RPP
464,7,3.0,2,26,2,1,13,0.8461538461538461,True,7,2,RPP
464,8,3.0,3,39,3,1,13,0.9487179487179487,True,8,3,RPP
464,9,3.0,5,65,5,1,14,0.8923076923076924,True,9,3,RPP
464,10,3.0,4,52,4,1,14,0.8846153846153846,True,10,2,RPP
465,1,3.0,2,26,2,1,13,0.8461538461538461,True,1,1,RPP
465,2,3.0,3,39,3,1,13,0.8717948717948718,True,2,1,RPP
465,3,3.0,4,52,4,1,14,0.8653846153846154,True,3,1,RPP
465,4,3.0,5,65,5,1,13,0.8769230769230769,True,4,1,RPP
465,5,3.0,3,39,3,1,13,0.9230769230769231,True,5,2,RPP
465,6,3.0,5,65,5,1,13,0.8615384615384616,True,6,2,RPP
465,7,3.0,2,26,2,1,13,0.8076923076923077,True,7,2,RPP
465,8,3.0,3,39,3,1,13,0.9743589743589743,True,8,3,RPP
465,9,3.0,4,52,4,1,14,0.7692307692307693,True,9,2,RPP
465,10,3.0,5,65,5,1,13,0.8,True,10,3,RPP
466,1,3.0,2,26,2,1,13,0.9615384615384616,True,1,1,RPP
466,2,3.0,3,39,3,1,13,0.8717948717948718,True,2,1,RPP
466,3,3.0,4,52,4,1,13,0.9230769230769231,True,3,1,RPP
466,4,3.0,5,65,5,1,14,0.8307692307692308,True,4,1,RPP
466,5,3.0,3,39,3,1,13,0.9230769230769231,True,5,2,RPP
466,6,3.0,5,65,5,1,14,0.8923076923076924,True,6,2,RPP
466,7,3.0,2,26,2,1,13,0.9230769230769231,True,7,2,RPP
466,8,3.0,3,39,3,1,13,0.9230769230769231,True,8,3,RPP
466,9,3.0,4,52,4,1,13,0.8653846153846154,True,9,2,RPP
466,10,3.0,5,65,5,1,14,0.8923076923076924,True,10,3,RPP
467,1,3.0,2,26,2,1,13,0.8461538461538461,True,1,1,RPP
467,2,3.0,3,39,3,1,13,0.8717948717948718,True,2,1,RPP
467,3,3.0,4,52,4,1,13,0.75,True,3,1,RPP
467,4,3.0,5,65,5,1,14,0.9384615384615385,True,4,1,RPP
467,5,3.0,3,39,3,1,13,0.8974358974358975,True,5,2,RPP
467,6,3.0,5,65,5,1,14,0.7846153846153846,True,6,2,RPP
467,7,3.0,2,26,2,1,13,0.8461538461538461,True,7,2,RPP
467,8,3.0,3,39,3,1,13,0.8974358974358975,True,8,3,RPP
467,9,3.0,4,52,4,1,13,0.8846153846153846,True,9,2,RPP
467,10,3.0,5,65,5,1,14,0.9230769230769231,True,10,3,RPP
468,1,3.0,2,26,2,1,13,0.8461538461538461,True,1,1,RPP
468,2,3.0,4,52,4,1,13,0.9038461538461539,True,2,1,RPP
468,3,3.0,3,39,3,1,13,0.9230769230769231,True,3,1,RPP
468,4,3.0,5,64,5,1,14,0.71875,True,4,1,RPP
468,5,3.0,3,39,3,1,13,0.9487179487179487,True,5,2,RPP
468,6,3.0,5,65,5,1,14,0.8923076923076924,True,6,2,RPP
468,7,3.0,2,26,2,1,13,0.8461538461538461,True,7,2,RPP
468,8,3.0,4,52,4,1,13,0.9230769230769231,True,8,2,RPP
468,9,3.0,3,39,3,1,13,0.8974358974358975,True,9,3,RPP
468,10,3.0,5,65,5,1,14,0.8923076923076924,True,10,3,RPP
469,1,3.0,2,26,2,1,13,0.9615384615384616,True,1,1,RPP
469,2,3.0,3,39,3,1,13,0.9230769230769231,True,2,1,RPP
469,3,3.0,4,52,4,1,14,0.8076923076923077,True,3,1,RPP
469,4,3.0,5,65,5,1,13,0.7230769230769231,True,4,1,RPP
469,5,3.0,3,39,3,1,13,0.7435897435897436,True,5,2,RPP
469,6,3.0,5,65,5,1,13,0.9230769230769231,True,6,2,RPP
469,7,3.0,2,26,2,1,13,0.8461538461538461,True,7,2,RPP
469,8,3.0,3,39,3,1,13,0.7948717948717948,True,8,3,RPP
469,9,3.0,4,52,4,1,14,0.9038461538461539,True,9,2,RPP
469,10,3.0,5,65,5,1,13,0.8615384615384616,True,10,3,RPP
