subject,group,block,set_size,set_size_exposure,stimulus,iteration,chosen_error_count,unchosen_error_count,error_avoidance_D
101,All,1,2,1,1,11,0,0,0
101,All,1,2,1,2,10,0,0,0
101,All,2,5,1,1,2,0,1,1
101,All,2,5,1,1,6,1,1,0
101,All,2,5,1,1,9,2,1,-1
101,All,2,5,1,1,10,3,1,-2
101,All,2,5,1,3,5,0,0,0
101,All,2,5,1,3,6,0,1,1
101,All,2,5,1,4,7,0,0,0
101,All,2,5,1,4,8,1,0,-1
101,All,2,5,1,4,10,2,0,-2
101,All,2,5,1,4,11,0,3,3
101,All,2,5,1,4,12,1,3,2
101,All,2,5,1,5,2,0,1,1
101,All,2,5,1,5,5,1,1,0
101,All,2,5,1,5,6,2,1,-1
101,All,3,4,1,1,3,0,1,1
101,All,3,4,1,1,4,1,1,0
101,All,3,4,1,1,6,2,1,-1
101,All,3,4,1,2,4,0,1,1
101,All,3,4,1,2,6,1,1,0
101,All,3,4,1,3,2,0,1,1
101,All,3,4,1,3,3,1,1,0
101,All,3,4,1,3,4,2,1,-1
101,All,3,4,1,4,2,0,0,0
101,All,4,6,1,1,2,1,0,-1
101,All,4,6,1,1,3,2,0,-2
101,All,4,6,1,2,2,0,1,1
101,All,4,6,1,3,4,1,0,-1
101,All,4,6,1,4,2,0,0,0
101,All,4,6,1,4,4,1,0,-1
101,All,4,6,1,4,5,2,0,-2
101,All,4,6,1,5,2,0,0,0
101,All,4,6,1,5,6,0,1,1
101,All,4,6,1,5,8,1,1,0
101,All,4,6,1,6,2,0,1,1
101,All,4,6,1,6,3,1,1,0
101,All,5,4,2,2,4,0,1,1
101,All,5,4,2,3,2,0,1,1
101,All,6,3,1,1,2,1,0,-1
101,All,6,3,1,1,3,0,2,2
101,All,6,3,1,2,4,0,0,0
101,All,6,3,1,3,3,1,0,-1
101,All,6,3,1,3,8,2,0,-2
101,All,7,5,2,1,3,0,1,1
101,All,7,5,2,2,2,1,0,-1
101,All,7,5,2,3,5,1,0,-1
101,All,7,5,2,3,6,2,0,-2
101,All,7,5,2,3,13,0,3,3
101,All,7,5,2,5,6,1,0,-1
101,All,8,3,2,2,2,1,0,-1
101,All,8,3,2,2,3,0,2,2
101,All,8,3,2,3,3,0,0,0
101,All,8,3,2,3,9,1,0,-1
101,All,10,6,2,1,2,1,0,-1
101,All,10,6,2,1,6,2,0,-2
101,All,10,6,2,2,3,0,1,1
101,All,10,6,2,2,5,1,1,0
101,All,10,6,2,3,2,0,0,0
101,All,10,6,2,3,4,0,1,1
101,All,10,6,2,4,2,1,0,-1
101,All,10,6,2,4,3,0,2,2
101,All,10,6,2,5,6,0,0,0
101,All,10,6,2,6,2,1,0,-1
101,All,10,6,2,6,3,2,0,-2
101,All,10,6,2,6,5,0,3,3
101,All,10,6,2,6,8,3,1,-2
101,All,11,6,3,1,4,0,1,1
101,All,11,6,3,2,2,0,0,0
101,All,11,6,3,2,3,0,1,1
101,All,11,6,3,2,4,1,1,0
101,All,11,6,3,2,6,2,1,-1
101,All,11,6,3,4,2,1,0,-1
101,All,11,6,3,5,4,0,0,0
101,All,11,6,3,6,2,1,0,-1
101,All,11,6,3,6,3,0,2,2
101,All,11,6,3,6,9,2,1,-1
101,All,12,4,3,3,2,0,1,1
101,All,12,4,3,3,3,1,1,0
101,All,12,4,3,3,9,2,1,-1
101,All,13,2,3,1,6,0,0,0
101,All,13,2,3,1,13,1,0,-1
101,All,14,3,3,1,2,0,1,1
101,All,14,3,3,1,3,1,1,0
101,All,14,3,3,1,4,1,2,1
101,All,14,3,3,1,5,2,2,0
101,All,14,3,3,1,6,3,2,-1
101,All,14,3,3,1,13,4,2,-2
101,All,14,3,3,2,2,0,1,1
101,All,14,3,3,2,3,1,1,0
101,All,14,3,3,2,4,1,2,1
101,All,14,3,3,2,5,2,2,0
101,All,15,4,4,2,7,1,0,-1
101,All,15,4,4,3,2,0,1,1
101,All,15,4,4,3,3,1,1,0
101,All,15,4,4,3,14,1,2,1
101,All,15,4,4,4,2,0,1,1
101,All,15,4,4,4,3,1,1,0
101,All,16,5,3,2,2,1,0,-1
101,All,16,5,3,2,3,0,2,2
101,All,16,5,3,2,4,2,1,-1
101,All,16,5,3,2,5,3,1,-2
101,All,16,5,3,2,6,1,4,3
101,All,16,5,3,2,8,4,2,-2
101,All,16,5,3,2,9,5,2,-3
101,All,16,5,3,2,11,6,2,-4
101,All,16,5,3,2,13,7,2,-5
101,All,16,5,3,3,2,0,1,1
101,All,16,5,3,3,5,1,1,0
101,All,16,5,3,3,6,1,2,1
101,All,16,5,3,3,7,2,2,0
101,All,16,5,3,3,8,3,2,-1
101,All,16,5,3,3,9,4,2,-2
101,All,16,5,3,3,10,5,2,-3
101,All,16,5,3,3,11,2,6,4
101,All,16,5,3,4,2,0,1,1
101,All,16,5,3,4,3,1,1,0
101,All,16,5,3,5,2,0,0,0
101,All,16,5,3,5,3,1,0,-1
101,All,16,5,3,5,4,2,0,-2
101,All,16,5,3,5,5,0,3,3
101,All,17,3,4,1,10,0,0,0
101,All,17,3,4,1,13,1,0,-1
101,All,18,2,4,1,2,0,1,1
101,All,18,2,4,1,4,1,1,0
101,All,18,2,4,2,6,0,0,0
102,All,2,5,1,4,3,0,0,0
102,All,2,5,1,4,10,1,0,-1
102,All,3,4,1,2,8,0,0,0
102,All,3,4,1,4,8,0,0,0
102,All,4,6,1,1,2,0,1,1
102,All,4,6,1,1,3,1,1,0
102,All,4,6,1,1,5,2,1,-1
102,All,4,6,1,1,6,1,3,2
102,All,4,6,1,1,8,2,3,1
102,All,4,6,1,1,9,3,3,0
102,All,4,6,1,2,3,0,1,1
102,All,4,6,1,2,5,1,1,0
102,All,4,6,1,2,6,2,1,-1
102,All,4,6,1,2,7,1,3,2
102,All,4,6,1,2,11,2,3,1
102,All,4,6,1,3,2,0,1,1
102,All,4,6,1,3,3,1,1,0
102,All,4,6,1,3,4,1,2,1
102,All,4,6,1,3,6,2,2,0
102,All,4,6,1,6,2,0,1,1
102,All,4,6,1,6,3,1,1,0
102,All,4,6,1,6,4,2,1,-1
102,All,4,6,1,6,5,1,3,2
102,All,4,6,1,6,6,3,2,-1
102,All,5,4,2,2,2,0,0,0
102,All,5,4,2,2,9,0,1,1
102,All,5,4,2,4,2,0,1,1
102,All,5,4,2,4,10,1,1,0
102,All,6,3,1,1,5,0,1,1
102,All,6,3,1,2,2,0,1,1
102,All,6,3,1,2,3,1,1,0
102,All,6,3,1,3,4,0,1,1
102,All,6,3,1,3,7,1,1,0
102,All,7,5,2,1,4,0,1,1
102,All,7,5,2,1,6,1,1,0
102,All,7,5,2,3,12,0,0,0
102,All,7,5,2,4,2,1,0,-1
102,All,7,5,2,4,3,2,0,-2
102,All,8,3,2,1,3,0,1,1
102,All,8,3,2,2,3,0,0,0
102,All,8,3,2,3,2,0,0,0
102,All,8,3,2,3,3,1,0,-1
102,All,8,3,2,3,4,0,2,2
102,All,10,6,2,1,3,1,0,-1
102,All,10,6,2,1,4,2,0,-2
102,All,10,6,2,1,6,3,0,-3
102,All,10,6,2,1,11,0,4,4
102,All,10,6,2,3,2,0,0,0
102,All,10,6,2,3,3,1,0,-1
102,All,10,6,2,4,3,1,0,-1
102,All,10,6,2,4,8,2,0,-2
102,All,10,6,2,6,2,0,1,1
102,All,10,6,2,6,3,1,1,0
102,All,10,6,2,6,5,2,1,-1
102,All,10,6,2,6,11,3,1,-2
102,All,11,6,3,1,2,1,0,-1
102,All,11,6,3,1,4,2,0,-2
102,All,11,6,3,1,5,0,3,3
102,All,11,6,3,1,11,1,3,2
102,All,11,6,3,2,2,1,0,-1
102,All,11,6,3,4,4,1,0,-1
102,All,11,6,3,4,6,2,0,-2
102,All,11,6,3,4,11,3,0,-3
102,All,11,6,3,6,2,1,0,-1
102,All,11,6,3,6,3,0,2,2
102,All,11,6,3,6,4,2,1,-1
102,All,11,6,3,6,5,1,3,2
102,All,11,6,3,6,6,2,3,1
102,All,11,6,3,6,7,3,3,0
102,All,12,4,3,1,2,0,1,1
102,All,12,4,3,3,2,1,0,-1
102,All,12,4,3,3,4,2,0,-2
102,All,12,4,3,3,5,3,0,-3
102,All,12,4,3,3,12,0,4,4
102,All,13,2,3,1,6,0,0,0
102,All,14,3,3,1,2,0,0,0
102,All,14,3,3,1,9,1,0,-1
102,All,14,3,3,1,13,2,0,-2
102,All,14,3,3,3,2,0,1,1
102,All,15,4,4,1,3,1,0,-1
102,All,15,4,4,3,9,0,0,0
102,All,15,4,4,4,6,0,1,1
102,All,15,4,4,4,12,1,1,0
102,All,16,5,3,2,12,0,1,1
102,All,16,5,3,4,5,0,0,0
102,All,16,5,3,5,3,0,1,1
102,All,18,2,4,1,4,1,0,-1
102,All,18,2,4,1,9,2,0,-2
102,All,18,2,4,1,14,3,0,-3
102,All,18,2,4,2,2,0,0,0
102,All,18,2,4,2,5,0,1,1
102,All,18,2,4,2,12,1,1,0
103,All,1,2,1,1,4,0,1,1
103,All,1,2,1,2,9,0,0,0
103,All,1,2,1,2,14,1,0,-1
103,All,2,5,1,2,3,1,0,-1
103,All,2,5,1,4,2,0,1,1
103,All,3,4,1,1,2,0,1,1
103,All,3,4,1,1,3,1,1,0
103,All,3,4,1,1,4,1,2,1
103,All,3,4,1,1,7,2,2,0
103,All,3,4,1,1,9,3,2,-1
103,All,3,4,1,1,13,4,2,-2
103,All,3,4,1,2,5,1,0,-1
103,All,3,4,1,2,6,0,2,2
103,All,3,4,1,2,11,1,2,1
103,All,3,4,1,2,12,2,2,0
103,All,3,4,1,4,2,1,0,-1
103,All,3,4,1,4,3,0,2,2
103,All,3,4,1,4,5,2,1,-1
103,All,3,4,1,4,6,3,1,-2
103,All,3,4,1,4,7,1,4,3
103,All,3,4,1,4,13,4,2,-2
103,All,4,6,1,1,7,1,0,-1
103,All,4,6,1,1,9,2,0,-2
103,All,4,6,1,1,13,3,0,-3
103,All,4,6,1,2,2,0,1,1
103,All,4,6,1,2,4,1,1,0
103,All,4,6,1,2,6,1,2,1
103,All,4,6,1,2,9,2,2,0
103,All,4,6,1,2,10,3,2,-1
103,All,4,6,1,2,11,4,2,-2
103,All,4,6,1,3,2,0,1,1
103,All,4,6,1,3,3,1,1,0
103,All,4,6,1,3,4,1,2,1
103,All,4,6,1,3,5,2,2,0
103,All,4,6,1,3,6,2,3,1
103,All,4,6,1,3,7,3,3,0
103,All,4,6,1,3,8,3,4,1
103,All,4,6,1,3,9,4,4,0
103,All,4,6,1,3,10,4,5,1
103,All,4,6,1,3,11,5,5,0
103,All,4,6,1,3,12,6,5,-1
103,All,4,6,1,4,2,1,0,-1
103,All,4,6,1,5,9,0,1,1
103,All,4,6,1,6,2,0,1,1
103,All,4,6,1,6,4,1,1,0
103,All,4,6,1,6,5,1,2,1
103,All,4,6,1,6,8,2,2,0
103,All,5,4,2,2,6,0,0,0
103,All,6,3,1,2,2,1,0,-1
103,All,6,3,1,2,3,0,2,2
103,All,6,3,1,2,4,2,1,-1
103,All,6,3,1,2,10,3,1,-2
103,All,6,3,1,3,2,0,1,1
103,All,6,3,1,3,4,1,1,0
103,All,6,3,1,3,5,2,1,-1
103,All,7,5,2,1,2,0,1,1
103,All,7,5,2,3,2,0,1,1
103,All,7,5,2,3,3,1,1,0
103,All,7,5,2,3,4,1,2,1
103,All,7,5,2,5,2,1,0,-1
103,All,7,5,2,5,3,2,0,-2
103,All,7,5,2,5,4,3,0,-3
103,All,7,5,2,5,5,0,4,4
103,All,7,5,2,5,6,1,4,3
103,All,7,5,2,5,7,4,2,-2
103,All,7,5,2,5,11,5,2,-3
103,All,8,3,2,2,2,1,0,-1
103,All,9,2,2,1,9,0,0,0
103,All,9,2,2,2,2,0,1,1
103,All,10,6,2,1,2,0,1,1
103,All,10,6,2,1,3,1,1,0
103,All,10,6,2,1,7,1,2,1
103,All,10,6,2,2,7,0,0,0
103,All,10,6,2,4,2,1,0,-1
103,All,10,6,2,4,3,0,2,2
103,All,10,6,2,4,6,2,1,-1
103,All,10,6,2,5,2,0,1,1
103,All,10,6,2,6,2,1,0,-1
103,All,10,6,2,6,3,0,2,2
103,All,10,6,2,6,4,2,1,-1
103,All,10,6,2,6,10,3,1,-2
103,All,11,6,3,1,2,1,0,-1
103,All,11,6,3,1,7,2,0,-2
103,All,11,6,3,3,2,0,1,1
103,All,11,6,3,4,2,1,0,-1
103,All,11,6,3,4,3,0,2,2
103,All,11,6,3,4,7,2,1,-1
103,All,11,6,3,4,8,3,1,-2
103,All,11,6,3,4,12,4,1,-3
103,All,11,6,3,5,2,0,1,1
103,All,11,6,3,5,3,1,1,0
103,All,11,6,3,5,5,2,1,-1
103,All,11,6,3,5,9,3,1,-2
103,All,11,6,3,5,13,4,1,-3
103,All,11,6,3,6,2,1,0,-1
103,All,11,6,3,6,3,0,2,2
103,All,12,4,3,3,6,0,0,0
103,All,14,3,3,1,2,1,0,-1
103,All,15,4,4,1,2,1,0,-1
103,All,15,4,4,2,2,1,0,-1
103,All,15,4,4,3,2,0,1,1
103,All,15,4,4,4,2,1,0,-1
103,All,15,4,4,4,4,2,0,-2
103,All,15,4,4,4,7,0,3,3
103,All,15,4,4,4,10,3,1,-2
103,All,16,5,3,1,7,0,0,0
103,All,16,5,3,2,2,0,1,1
103,All,16,5,3,2,5,1,1,0
103,All,16,5,3,3,2,1,0,-1
103,All,16,5,3,3,7,0,2,2
103,All,16,5,3,5,2,0,1,1
103,All,16,5,3,5,3,1,1,0
103,All,16,5,3,5,6,1,2,1
103,All,17,3,4,1,2,1,0,-1
103,All,17,3,4,1,3,0,2,2
103,All,17,3,4,1,4,2,1,-1
103,All,18,2,4,1,2,1,0,-1
103,All,18,2,4,1,10,2,0,-2
103,All,18,2,4,2,2,0,1,1
103,All,18,2,4,2,3,1,1,0
103,All,18,2,4,2,4,2,1,-1
103,All,18,2,4,2,5,1,3,2
103,All,18,2,4,2,9,2,3,1
104,All,1,2,1,1,2,0,1,1
104,All,1,2,1,1,7,1,1,0
104,All,1,2,1,1,14,2,1,-1
104,All,1,2,1,2,2,0,1,1
104,All,1,2,1,2,3,1,1,0
104,All,1,2,1,2,6,2,1,-1
104,All,1,2,1,2,7,3,1,-2
104,All,1,2,1,2,9,4,1,-3
104,All,2,5,1,1,5,0,0,0
104,All,2,5,1,1,9,0,1,1
104,All,2,5,1,2,4,1,0,-1
104,All,2,5,1,2,6,0,2,2
104,All,2,5,1,2,12,2,1,-1
104,All,2,5,1,3,2,1,0,-1
104,All,2,5,1,3,11,0,2,2
104,All,2,5,1,4,4,0,0,0
104,All,2,5,1,4,6,1,0,-1
104,All,2,5,1,4,14,2,0,-2
104,All,2,5,1,5,10,0,0,0
104,All,2,5,1,5,11,0,1,1
104,All,3,4,1,1,2,0,0,0
104,All,3,4,1,1,3,1,0,-1
104,All,3,4,1,2,2,1,0,-1
104,All,3,4,1,2,4,0,2,2
104,All,3,4,1,2,7,2,1,-1
104,All,3,4,1,2,8,1,3,2
104,All,3,4,1,3,4,0,1,1
104,All,3,4,1,3,5,1,1,0
104,All,3,4,1,3,6,2,1,-1
104,All,3,4,1,3,7,1,3,2
104,All,3,4,1,3,9,2,3,1
104,All,3,4,1,3,13,3,3,0
104,All,3,4,1,4,2,1,0,-1
104,All,3,4,1,4,3,2,0,-2
104,All,3,4,1,4,4,0,3,3
104,All,3,4,1,4,5,3,1,-2
104,All,3,4,1,4,8,1,4,3
104,All,3,4,1,4,9,4,2,-2
104,All,3,4,1,4,12,2,5,3
104,All,4,6,1,1,2,0,1,1
104,All,4,6,1,1,3,1,1,0
104,All,4,6,1,1,4,2,1,-1
104,All,4,6,1,1,5,3,1,-2
104,All,4,6,1,1,8,1,4,3
104,All,4,6,1,1,9,4,2,-2
104,All,4,6,1,2,2,0,1,1
104,All,4,6,1,2,3,1,1,0
104,All,4,6,1,2,7,1,2,1
104,All,4,6,1,4,2,0,1,1
104,All,4,6,1,4,3,1,1,0
104,All,4,6,1,4,5,1,2,1
104,All,4,6,1,4,8,2,2,0
104,All,4,6,1,4,13,3,2,-1
104,All,4,6,1,5,2,1,0,-1
104,All,4,6,1,5,6,2,0,-2
104,All,4,6,1,6,2,1,0,-1
104,All,4,6,1,6,3,0,2,2
104,All,4,6,1,6,4,1,2,1
104,All,4,6,1,6,6,2,2,0
104,All,4,6,1,6,8,3,2,-1
104,All,4,6,1,6,9,2,4,2
104,All,5,4,2,1,14,0,0,0
104,All,5,4,2,2,3,1,0,-1
104,All,5,4,2,2,4,0,2,2
104,All,5,4,2,2,7,2,1,-1
104,All,5,4,2,2,9,3,1,-2
104,All,5,4,2,2,12,4,1,-3
104,All,5,4,2,3,3,0,0,0
104,All,5,4,2,3,5,0,1,1
104,All,5,4,2,3,6,1,1,0
104,All,5,4,2,3,8,1,2,1
104,All,5,4,2,3,10,2,2,0
104,All,5,4,2,4,2,1,0,-1
104,All,5,4,2,4,3,2,0,-2
104,All,6,3,1,1,2,0,1,1
104,All,6,3,1,2,3,0,0,0
104,All,6,3,1,2,4,0,1,1
104,All,6,3,1,2,8,1,1,0
104,All,6,3,1,2,10,2,1,-1
104,All,6,3,1,3,3,0,1,1
104,All,6,3,1,3,5,1,1,0
104,All,6,3,1,3,7,2,1,-1
104,All,6,3,1,3,8,3,1,-2
104,All,7,5,2,1,2,0,0,0
104,All,7,5,2,1,3,1,0,-1
104,All,7,5,2,1,4,2,0,-2
104,All,7,5,2,1,6,3,0,-3
104,All,7,5,2,1,9,4,0,-4
104,All,7,5,2,1,11,5,0,-5
104,All,7,5,2,1,12,6,0,-6
104,All,7,5,2,1,13,7,0,-7
104,All,7,5,2,2,4,0,0,0
104,All,7,5,2,3,10,0,1,1
104,All,7,5,2,3,13,1,1,0
104,All,7,5,2,4,2,0,1,1
104,All,7,5,2,4,3,1,1,0
104,All,7,5,2,4,4,2,1,-1
104,All,7,5,2,4,5,3,1,-2
104,All,7,5,2,4,11,4,1,-3
104,All,7,5,2,5,3,1,0,-1
104,All,8,3,2,1,3,0,0,0
104,All,8,3,2,1,11,0,1,1
104,All,8,3,2,2,2,0,1,1
104,All,8,3,2,3,2,0,1,1
104,All,8,3,2,3,6,1,1,0
104,All,10,6,2,1,12,0,0,0
104,All,10,6,2,2,2,0,0,0
104,All,10,6,2,3,2,1,0,-1
104,All,10,6,2,3,8,2,0,-2
104,All,10,6,2,4,11,1,0,-1
104,All,10,6,2,5,2,0,0,0
104,All,10,6,2,5,5,1,0,-1
104,All,10,6,2,6,2,1,0,-1
104,All,11,6,3,2,2,0,0,0
104,All,11,6,3,2,4,0,1,1
104,All,11,6,3,2,5,1,1,0
104,All,11,6,3,2,7,1,2,1
104,All,11,6,3,3,2,0,1,1
104,All,11,6,3,4,2,1,0,-1
104,All,11,6,3,4,3,2,0,-2
104,All,11,6,3,4,11,0,3,3
104,All,11,6,3,5,2,1,0,-1
104,All,11,6,3,5,3,0,2,2
104,All,11,6,3,5,7,2,1,-1
104,All,11,6,3,5,8,3,1,-2
104,All,11,6,3,6,7,0,0,0
104,All,12,4,3,1,6,0,0,0
104,All,12,4,3,1,8,1,0,-1
104,All,12,4,3,1,10,0,2,2
104,All,12,4,3,2,2,0,1,1
104,All,12,4,3,2,13,1,1,0
104,All,12,4,3,3,2,0,1,1
104,All,12,4,3,3,3,1,1,0
104,All,12,4,3,3,11,1,2,1
104,All,12,4,3,4,6,1,0,-1
104,All,12,4,3,4,8,2,0,-2
104,All,13,2,3,1,2,0,1,1
104,All,14,3,3,1,7,0,1,1
104,All,15,4,4,1,2,0,1,1
104,All,15,4,4,1,7,1,1,0
104,All,16,5,3,2,2,1,0,-1
104,All,16,5,3,2,3,2,0,-2
104,All,16,5,3,2,4,0,3,3
104,All,16,5,3,2,5,3,1,-2
104,All,16,5,3,2,6,4,1,-3
104,All,16,5,3,2,7,5,1,-4
104,All,16,5,3,2,8,6,1,-5
104,All,16,5,3,3,2,1,0,-1
104,All,16,5,3,3,3,0,2,2
104,All,16,5,3,3,4,1,2,1
104,All,16,5,3,3,5,2,2,0
104,All,16,5,3,3,6,2,3,1
104,All,16,5,3,4,2,1,0,-1
104,All,16,5,3,4,3,0,2,2
104,All,16,5,3,4,6,1,2,1
104,All,16,5,3,5,2,1,0,-1
104,All,16,5,3,5,6,0,2,2
104,All,17,3,4,1,13,0,0,0
104,All,17,3,4,3,2,0,1,1
104,All,17,3,4,3,12,1,1,0
104,All,18,2,4,2,5,0,1,1
104,All,18,2,4,2,10,1,1,0
104,All,18,2,4,2,14,2,1,-1
105,All,1,2,1,1,2,0,1,1
105,All,1,2,1,2,4,0,1,1
105,All,1,2,1,2,6,1,1,0
105,All,1,2,1,2,11,2,1,-1
105,All,2,5,1,1,6,0,0,0
105,All,3,4,1,1,5,0,1,1
105,All,3,4,1,1,10,1,1,0
105,All,3,4,1,3,8,0,0,0
105,All,4,6,1,1,2,1,0,-1
105,All,4,6,1,1,3,0,2,2
105,All,4,6,1,1,4,1,2,1
105,All,4,6,1,1,5,2,2,0
105,All,4,6,1,1,6,3,2,-1
105,All,4,6,1,1,9,4,2,-2
105,All,4,6,1,2,2,0,1,1
105,All,4,6,1,2,12,1,1,0
105,All,4,6,1,4,3,0,0,0
105,All,4,6,1,4,4,1,0,-1
105,All,4,6,1,4,5,0,2,2
105,All,4,6,1,4,8,2,1,-1
105,All,4,6,1,4,9,1,3,2
105,All,4,6,1,4,10,3,2,-1
105,All,4,6,1,5,3,0,1,1
105,All,4,6,1,5,5,1,1,0
105,All,4,6,1,5,6,1,2,1
105,All,4,6,1,5,7,2,2,0
105,All,4,6,1,5,8,2,3,1
105,All,4,6,1,5,9,3,3,0
105,All,4,6,1,5,14,4,3,-1
105,All,4,6,1,6,4,0,1,1
105,All,5,4,2,1,2,1,0,-1
105,All,5,4,2,1,5,2,0,-2
105,All,5,4,2,1,7,0,3,3
105,All,6,3,1,1,2,0,1,1
105,All,6,3,1,2,2,0,1,1
105,All,6,3,1,3,7,0,1,1
105,All,6,3,1,3,10,1,1,0
105,All,7,5,2,1,2,0,1,1
105,All,7,5,2,1,3,1,1,0
105,All,7,5,2,2,2,0,1,1
105,All,7,5,2,2,5,1,1,0
105,All,7,5,2,3,7,0,0,0
105,All,7,5,2,3,11,1,0,-1
105,All,7,5,2,3,12,2,0,-2
105,All,8,3,2,1,2,1,0,-1
105,All,8,3,2,1,13,0,2,2
105,All,8,3,2,2,2,0,1,1
105,All,8,3,2,2,13,1,1,0
105,All,9,2,2,1,10,0,0,0
105,All,10,6,2,1,2,0,1,1
105,All,10,6,2,2,2,0,1,1
105,All,11,6,3,1,2,1,0,-1
105,All,11,6,3,1,4,0,2,2
105,All,11,6,3,1,5,1,2,1
105,All,11,6,3,1,6,2,2,0
105,All,11,6,3,1,7,2,3,1
105,All,11,6,3,1,9,3,3,0
105,All,11,6,3,1,10,4,3,-1
105,All,11,6,3,1,11,3,5,2
105,All,11,6,3,1,13,5,4,-1
105,All,11,6,3,2,5,0,1,1
105,All,11,6,3,2,6,1,1,0
105,All,11,6,3,2,7,2,1,-1
105,All,11,6,3,4,3,0,1,1
105,All,11,6,3,4,4,1,1,0
105,All,11,6,3,4,5,2,1,-1
105,All,11,6,3,4,6,3,1,-2
105,All,11,6,3,4,8,1,4,3
105,All,11,6,3,4,13,4,2,-2
105,All,11,6,3,5,2,0,0,0
105,All,11,6,3,5,6,1,0,-1
105,All,11,6,3,5,7,0,2,2
105,All,11,6,3,5,11,1,2,1
105,All,11,6,3,5,12,2,2,0
105,All,11,6,3,6,2,0,0,0
105,All,11,6,3,6,3,0,1,1
105,All,11,6,3,6,4,1,1,0
105,All,11,6,3,6,5,1,2,1
105,All,11,6,3,6,6,2,2,0
105,All,12,4,3,1,2,0,1,1
105,All,12,4,3,1,5,1,1,0
105,All,12,4,3,3,3,0,0,0
105,All,12,4,3,3,5,0,1,1
105,All,12,4,3,3,6,1,1,0
105,All,12,4,3,4,3,0,1,1
105,All,12,4,3,4,8,1,1,0
105,All,14,3,3,1,8,0,0,0
105,All,14,3,3,3,2,0,1,1
105,All,15,4,4,1,2,0,1,1
105,All,15,4,4,1,12,1,1,0
105,All,15,4,4,2,2,0,1,1
105,All,15,4,4,4,9,0,1,1
105,All,16,5,3,1,2,0,1,1
105,All,16,5,3,1,3,1,1,0
105,All,16,5,3,1,4,1,2,1
105,All,16,5,3,1,7,2,2,0
105,All,16,5,3,2,2,0,1,1
105,All,16,5,3,2,9,1,1,0
105,All,16,5,3,5,3,0,1,1
105,All,16,5,3,5,4,1,1,0
105,All,16,5,3,5,9,2,1,-1
105,All,17,3,4,1,5,0,0,0
105,All,17,3,4,1,7,1,0,-1
105,All,17,3,4,3,2,0,1,1
105,All,18,2,4,1,2,0,1,1
105,All,18,2,4,2,11,0,0,0
106,All,1,2,1,1,2,0,1,1
106,All,1,2,1,2,2,0,1,1
106,All,2,3,1,1,10,0,0,0
106,All,3,3,2,3,2,0,1,1
106,All,4,4,1,3,3,0,1,1
106,All,5,5,1,1,2,0,1,1
106,All,5,5,1,1,3,1,1,0
106,All,5,5,1,1,10,1,2,1
106,All,5,5,1,4,2,0,1,1
106,All,5,5,1,4,4,1,1,0
106,All,5,5,1,5,2,0,1,1
106,All,6,4,2,1,2,0,1,1
106,All,6,4,2,1,3,1,1,0
106,All,6,4,2,3,2,0,1,1
106,All,6,4,2,4,2,0,1,1
106,All,6,4,2,4,3,1,1,0
106,All,7,2,2,1,6,0,0,0
106,All,8,5,2,5,2,1,0,-1
106,All,9,6,1,3,2,1,0,-1
106,All,9,6,1,4,2,0,1,1
106,All,9,6,1,4,3,1,1,0
106,All,9,6,1,4,4,1,2,1
106,All,9,6,1,4,6,2,2,0
106,All,9,6,1,6,2,0,1,1
106,All,9,6,1,6,3,1,1,0
106,All,9,6,1,6,6,1,2,1
106,All,11,6,2,1,2,1,0,-1
106,All,11,6,2,1,4,2,0,-2
106,All,11,6,2,1,6,3,0,-3
106,All,11,6,2,1,7,0,4,4
106,All,11,6,2,4,13,0,0,0
106,All,11,6,2,5,2,0,1,1
106,All,11,6,2,5,3,1,1,0
106,All,11,6,2,5,4,2,1,-1
106,All,12,5,3,2,3,1,0,-1
106,All,12,5,3,2,4,0,2,2
106,All,12,5,3,2,6,2,1,-1
106,All,12,5,3,3,2,0,1,1
106,All,12,5,3,3,4,1,1,0
106,All,12,5,3,3,8,1,2,1
106,All,12,5,3,5,2,1,0,-1
106,All,12,5,3,5,4,2,0,-2
106,All,12,5,3,5,6,0,3,3
106,All,13,4,4,1,2,0,1,1
106,All,13,4,4,3,2,0,1,1
106,All,13,4,4,4,2,0,1,1
106,All,13,4,4,4,3,1,1,0
106,All,14,6,3,1,2,1,0,-1
106,All,14,6,3,1,3,2,0,-2
106,All,14,6,3,1,4,3,0,-3
106,All,14,6,3,1,8,0,4,4
106,All,14,6,3,5,2,0,1,1
106,All,14,6,3,5,4,1,1,0
106,All,14,6,3,5,5,2,1,-1
106,All,14,6,3,5,6,1,3,2
106,All,14,6,3,6,2,0,0,0
106,All,15,3,3,3,2,0,1,1
106,All,16,2,3,2,2,0,1,1
106,All,17,3,4,2,2,0,0,0
106,All,17,3,4,2,3,0,1,1
106,All,17,3,4,2,5,1,1,0
107,All,1,2,1,2,9,0,1,1
107,All,2,3,1,1,2,0,1,1
107,All,2,3,1,2,2,0,1,1
107,All,2,3,1,2,3,1,1,0
107,All,2,3,1,3,3,0,0,0
107,All,3,3,2,1,10,0,1,1
107,All,3,3,2,2,2,0,1,1
107,All,3,3,2,2,3,1,1,0
107,All,3,3,2,2,4,1,2,1
107,All,3,3,2,3,2,0,1,1
107,All,3,3,2,3,4,1,1,0
107,All,3,3,2,3,9,2,1,-1
107,All,3,3,2,3,13,3,1,-2
107,All,4,4,1,2,2,0,1,1
107,All,4,4,1,2,3,1,1,0
107,All,4,4,1,3,2,1,0,-1
107,All,4,4,1,3,3,0,2,2
107,All,4,4,1,3,4,2,1,-1
107,All,5,5,1,1,2,1,0,-1
107,All,5,5,1,2,4,0,0,0
107,All,5,5,1,2,12,0,1,1
107,All,5,5,1,3,3,0,1,1
107,All,5,5,1,5,2,0,1,1
107,All,5,5,1,5,3,1,1,0
107,All,5,5,1,5,6,2,1,-1
107,All,6,4,2,1,5,0,1,1
107,All,6,4,2,2,2,0,1,1
107,All,6,4,2,2,6,1,1,0
107,All,6,4,2,2,7,2,1,-1
107,All,6,4,2,4,2,0,0,0
107,All,6,4,2,4,3,0,1,1
107,All,6,4,2,4,4,1,1,0
107,All,6,4,2,4,5,1,2,1
107,All,6,4,2,4,6,2,2,0
107,All,6,4,2,4,7,2,3,1
107,All,6,4,2,4,9,3,3,0
107,All,6,4,2,4,11,3,4,1
107,All,7,2,2,1,2,0,1,1
107,All,7,2,2,1,6,1,1,0
107,All,7,2,2,1,13,2,1,-1
107,All,7,2,2,2,2,0,1,1
107,All,8,5,2,1,2,1,0,-1
107,All,8,5,2,1,3,0,2,2
107,All,8,5,2,1,4,2,1,-1
107,All,8,5,2,1,5,1,3,2
107,All,8,5,2,1,8,3,2,-1
107,All,8,5,2,1,13,4,2,-2
107,All,8,5,2,3,2,1,0,-1
107,All,8,5,2,3,11,2,0,-2
107,All,8,5,2,4,2,1,0,-1
107,All,8,5,2,4,3,0,2,2
107,All,8,5,2,4,4,2,1,-1
107,All,8,5,2,5,3,0,0,0
107,All,9,6,1,1,3,1,0,-1
107,All,9,6,1,1,4,0,2,2
107,All,9,6,1,1,10,1,2,1
107,All,9,6,1,1,11,2,2,0
107,All,9,6,1,2,2,0,0,0
107,All,9,6,1,3,6,0,0,0
107,All,9,6,1,3,9,1,0,-1
107,All,9,6,1,4,2,1,0,-1
107,All,9,6,1,4,3,2,0,-2
107,All,9,6,1,4,12,0,3,3
107,All,9,6,1,5,2,0,1,1
107,All,9,6,1,5,3,1,1,0
107,All,9,6,1,5,4,1,2,1
107,All,9,6,1,5,6,2,2,0
107,All,9,6,1,5,12,3,2,-1
107,All,10,4,3,3,2,0,1,1
107,All,10,4,3,3,3,1,1,0
107,All,10,4,3,4,3,0,0,0
107,All,10,4,3,4,11,0,1,1
107,All,11,6,2,1,10,1,0,-1
107,All,11,6,2,1,11,0,2,2
107,All,11,6,2,3,2,1,0,-1
107,All,11,6,2,3,4,2,0,-2
107,All,11,6,2,3,10,3,0,-3
107,All,11,6,2,3,11,4,0,-4
107,All,11,6,2,3,12,0,5,5
107,All,11,6,2,4,2,0,1,1
107,All,11,6,2,4,3,1,1,0
107,All,11,6,2,4,4,2,1,-1
107,All,11,6,2,4,5,3,1,-2
107,All,11,6,2,4,7,4,1,-3
107,All,11,6,2,4,11,1,5,4
107,All,11,6,2,5,4,1,0,-1
107,All,11,6,2,5,5,2,0,-2
107,All,11,6,2,5,6,0,3,3
107,All,11,6,2,5,7,3,1,-2
107,All,11,6,2,5,10,4,1,-3
107,All,11,6,2,6,3,0,0,0
107,All,11,6,2,6,4,1,0,-1
107,All,11,6,2,6,8,2,0,-2
107,All,11,6,2,6,9,3,0,-3
107,All,11,6,2,6,10,4,0,-4
107,All,11,6,2,6,11,5,0,-5
107,All,11,6,2,6,12,0,6,6
107,All,12,5,3,1,2,0,0,0
107,All,12,5,3,1,4,1,0,-1
107,All,12,5,3,1,6,0,2,2
107,All,12,5,3,1,11,2,1,-1
107,All,12,5,3,2,2,0,1,1
107,All,12,5,3,2,3,1,1,0
107,All,12,5,3,2,4,1,2,1
107,All,12,5,3,2,6,2,2,0
107,All,12,5,3,2,7,2,3,1
107,All,12,5,3,2,10,3,3,0
107,All,12,5,3,4,2,1,0,-1
107,All,12,5,3,4,3,0,2,2
107,All,12,5,3,4,4,1,2,1
107,All,12,5,3,5,3,1,0,-1
107,All,12,5,3,5,4,0,2,2
107,All,12,5,3,5,10,2,1,-1
107,All,13,4,4,1,2,0,1,1
107,All,13,4,4,2,2,0,1,1
107,All,13,4,4,4,2,0,1,1
107,All,13,4,4,4,9,1,1,0
107,All,14,6,3,1,2,1,0,-1
107,All,14,6,3,1,3,0,2,2
107,All,14,6,3,1,4,1,2,1
107,All,14,6,3,3,2,0,1,1
107,All,14,6,3,3,3,1,1,0
107,All,14,6,3,3,4,2,1,-1
107,All,14,6,3,3,5,3,1,-2
107,All,14,6,3,3,9,4,1,-3
107,All,14,6,3,3,12,5,1,-4
107,All,14,6,3,4,3,0,0,0
107,All,14,6,3,4,4,1,0,-1
107,All,14,6,3,4,5,0,2,2
107,All,14,6,3,4,6,2,1,-1
107,All,14,6,3,4,7,1,3,2
107,All,14,6,3,4,10,2,3,1
107,All,14,6,3,4,12,3,3,0
107,All,14,6,3,5,2,1,0,-1
107,All,14,6,3,5,3,2,0,-2
107,All,14,6,3,5,4,3,0,-3
107,All,14,6,3,5,5,0,4,4
107,All,14,6,3,5,7,4,1,-3
107,All,14,6,3,5,8,1,5,4
107,All,14,6,3,5,10,2,5,3
107,All,14,6,3,5,13,5,3,-2
107,All,14,6,3,6,2,0,1,1
107,All,14,6,3,6,3,1,1,0
107,All,14,6,3,6,4,1,2,1
107,All,14,6,3,6,9,2,2,0
107,All,14,6,3,6,10,3,2,-1
107,All,14,6,3,6,11,4,2,-2
107,All,14,6,3,6,12,5,2,-3
107,All,15,3,3,1,4,0,0,0
107,All,15,3,3,2,2,0,1,1
107,All,15,3,3,2,3,1,1,0
107,All,15,3,3,2,4,1,2,1
107,All,15,3,3,2,5,2,2,0
107,All,15,3,3,2,6,2,3,1
107,All,15,3,3,2,11,3,3,0
107,All,16,2,3,1,13,0,0,0
107,All,17,3,4,2,9,0,1,1
107,All,17,3,4,3,2,0,1,1
107,All,18,2,4,2,3,0,1,1
108,All,1,2,1,1,2,0,1,1
108,All,1,2,1,2,2,0,1,1
108,All,1,2,1,2,3,1,1,0
108,All,1,2,1,2,11,1,2,1
108,All,2,3,1,1,2,0,1,1
108,All,2,3,1,1,3,1,1,0
108,All,2,3,1,1,4,2,1,-1
108,All,2,3,1,1,5,1,3,2
108,All,2,3,1,1,13,3,2,-1
108,All,2,3,1,2,2,0,1,1
108,All,2,3,1,2,3,1,1,0
108,All,2,3,1,2,4,2,1,-1
108,All,2,3,1,3,2,1,0,-1
108,All,3,3,2,1,2,0,1,1
108,All,3,3,2,1,3,1,1,0
108,All,4,4,1,1,2,0,1,1
108,All,4,4,1,2,2,0,1,1
108,All,4,4,1,3,2,0,0,0
108,All,5,5,1,1,2,1,0,-1
108,All,5,5,1,1,3,0,2,2
108,All,5,5,1,2,5,0,1,1
108,All,5,5,1,3,13,0,1,1
108,All,6,4,2,1,2,0,1,1
108,All,6,4,2,3,3,0,0,0
108,All,7,2,2,1,9,0,0,0
108,All,7,2,2,2,8,0,0,0
108,All,8,5,2,1,2,0,1,1
108,All,8,5,2,1,4,1,1,0
108,All,8,5,2,2,2,0,1,1
108,All,9,6,1,1,2,0,1,1
108,All,9,6,1,2,2,0,1,1
108,All,9,6,1,4,9,0,1,1
108,All,9,6,1,5,4,0,0,0
108,All,10,4,3,1,2,0,1,1
108,All,10,4,3,4,9,0,0,0
108,All,12,5,3,2,2,0,1,1
108,All,12,5,3,4,4,0,1,1
108,All,12,5,3,4,7,1,1,0
108,All,12,5,3,5,2,0,0,0
108,All,12,5,3,5,13,1,0,-1
108,All,13,4,4,2,2,0,1,1
108,All,13,4,4,2,3,1,1,0
108,All,13,4,4,3,2,0,1,1
108,All,14,6,3,1,2,0,1,1
108,All,14,6,3,2,2,0,1,1
108,All,14,6,3,2,3,1,1,0
108,All,14,6,3,6,2,0,0,0
108,All,15,3,3,3,3,0,0,0
108,All,17,3,4,1,2,0,1,1
108,All,17,3,4,3,2,1,0,-1
108,All,17,3,4,3,3,0,2,2
108,All,18,2,4,1,2,0,1,1
109,All,1,2,1,1,2,1,0,-1
109,All,1,2,1,2,4,0,0,0
109,All,1,2,1,2,10,1,0,-1
109,All,2,3,1,1,2,0,1,1
109,All,2,3,1,1,3,1,1,0
109,All,2,3,1,1,5,2,1,-1
109,All,2,3,1,3,2,1,0,-1
109,All,3,3,2,1,2,0,1,1
109,All,4,4,1,1,3,0,1,1
109,All,4,4,1,1,4,1,1,0
109,All,4,4,1,1,6,1,2,1
109,All,5,5,1,1,4,0,1,1
109,All,5,5,1,1,5,1,1,0
109,All,5,5,1,1,9,1,2,1
109,All,5,5,1,2,2,0,1,1
109,All,5,5,1,2,4,1,1,0
109,All,5,5,1,2,6,2,1,-1
109,All,5,5,1,3,2,1,0,-1
109,All,5,5,1,3,3,0,2,2
109,All,5,5,1,3,4,1,2,1
109,All,5,5,1,3,5,2,2,0
109,All,5,5,1,3,6,2,3,1
109,All,5,5,1,3,7,3,3,0
109,All,5,5,1,3,8,4,3,-1
109,All,5,5,1,4,4,0,1,1
109,All,5,5,1,4,10,1,1,0
109,All,5,5,1,5,5,0,0,0
109,All,5,5,1,5,13,0,1,1
109,All,6,4,2,1,3,0,1,1
109,All,6,4,2,1,4,1,1,0
109,All,6,4,2,2,5,1,0,-1
109,All,6,4,2,3,10,0,0,0
109,All,6,4,2,3,12,1,0,-1
109,All,6,4,2,4,6,0,0,0
109,All,7,2,2,1,2,0,1,1
109,All,7,2,2,2,3,0,0,0
109,All,7,2,2,2,9,0,1,1
109,All,7,2,2,2,13,1,1,0
109,All,8,5,2,1,6,0,1,1
109,All,8,5,2,1,8,1,1,0
109,All,8,5,2,2,5,1,0,-1
109,All,8,5,2,2,6,0,2,2
109,All,8,5,2,2,9,1,2,1
109,All,8,5,2,3,2,1,0,-1
109,All,8,5,2,3,5,2,0,-2
109,All,8,5,2,3,6,0,3,3
109,All,8,5,2,4,2,1,0,-1
109,All,8,5,2,4,5,0,2,2
109,All,8,5,2,5,3,0,0,0
109,All,8,5,2,5,4,0,1,1
109,All,8,5,2,5,6,1,1,0
109,All,8,5,2,5,7,2,1,-1
109,All,8,5,2,5,9,1,3,2
109,All,8,5,2,5,13,3,2,-1
109,All,9,6,1,3,5,1,0,-1
109,All,9,6,1,3,6,2,0,-2
109,All,9,6,1,3,8,3,0,-3
109,All,9,6,1,3,11,0,4,4
109,All,9,6,1,5,2,0,1,1
109,All,9,6,1,6,2,0,1,1
109,All,9,6,1,6,4,1,1,0
109,All,10,4,3,2,2,0,1,1
109,All,10,4,3,2,8,1,1,0
109,All,10,4,3,3,2,0,0,0
109,All,10,4,3,4,2,0,0,0
109,All,10,4,3,4,4,0,1,1
109,All,11,6,2,1,13,1,0,-1
109,All,11,6,2,2,3,0,1,1
109,All,11,6,2,2,4,1,1,0
109,All,11,6,2,3,6,0,1,1
109,All,11,6,2,3,8,1,1,0
109,All,11,6,2,4,3,0,0,0
109,All,11,6,2,4,4,1,0,-1
109,All,11,6,2,4,8,0,2,2
109,All,11,6,2,5,3,1,0,-1
109,All,11,6,2,5,4,0,2,2
109,All,12,5,3,3,12,1,0,-1
109,All,12,5,3,4,2,0,1,1
109,All,12,5,3,4,3,1,1,0
109,All,12,5,3,5,13,0,0,0
109,All,13,4,4,3,12,0,0,0
109,All,13,4,4,4,2,0,0,0
109,All,14,6,3,1,2,1,0,-1
109,All,14,6,3,2,2,0,1,1
109,All,14,6,3,2,13,1,1,0
109,All,14,6,3,3,5,0,1,1
109,All,14,6,3,3,10,1,1,0
109,All,14,6,3,4,2,1,0,-1
109,All,14,6,3,6,3,0,1,1
109,All,14,6,3,6,5,1,1,0
109,All,15,3,3,1,2,0,1,1
109,All,15,3,3,1,3,1,1,0
109,All,15,3,3,1,4,1,2,1
109,All,15,3,3,1,5,2,2,0
109,All,15,3,3,2,2,0,1,1
109,All,15,3,3,2,3,1,1,0
109,All,15,3,3,2,6,2,1,-1
109,All,15,3,3,2,11,3,1,-2
109,All,16,2,3,2,2,0,1,1
109,All,16,2,3,2,6,1,1,0
109,All,16,2,3,2,11,2,1,-1
109,All,17,3,4,1,12,0,0,0
109,All,17,3,4,2,4,0,0,0
109,All,17,3,4,3,2,0,1,1
109,All,17,3,4,3,11,1,1,0
109,All,18,2,4,1,2,0,1,1
109,All,18,2,4,1,6,1,1,0
110,All,2,3,1,1,2,0,0,0
110,All,2,3,1,2,2,0,1,1
110,All,3,3,2,1,2,0,1,1
110,All,3,3,2,1,3,1,1,0
110,All,3,3,2,1,4,2,1,-1
110,All,3,3,2,1,5,1,3,2
110,All,3,3,2,3,3,0,0,0
110,All,3,3,2,3,4,1,0,-1
110,All,3,3,2,3,8,2,0,-2
110,All,4,4,1,1,2,0,1,1
110,All,4,4,1,1,3,1,1,0
110,All,4,4,1,1,4,2,1,-1
110,All,4,4,1,1,7,3,1,-2
110,All,4,4,1,1,13,4,1,-3
110,All,4,4,1,3,2,1,0,-1
110,All,4,4,1,3,3,2,0,-2
110,All,4,4,1,3,4,0,3,3
110,All,4,4,1,3,7,1,3,2
110,All,4,4,1,3,8,3,2,-1
110,All,4,4,1,4,2,0,1,1
110,All,4,4,1,4,3,1,1,0
110,All,4,4,1,4,8,2,1,-1
110,All,5,5,1,3,2,0,1,1
110,All,5,5,1,3,3,1,1,0
110,All,5,5,1,4,2,0,1,1
110,All,5,5,1,4,5,1,1,0
110,All,6,4,2,1,2,0,0,0
110,All,6,4,2,3,2,0,1,1
110,All,6,4,2,3,3,1,1,0
110,All,6,4,2,4,8,0,0,0
110,All,8,5,2,1,2,0,1,1
110,All,8,5,2,1,5,1,1,0
110,All,8,5,2,1,6,2,1,-1
110,All,8,5,2,1,7,1,3,2
110,All,8,5,2,2,2,1,0,-1
110,All,8,5,2,3,5,0,1,1
110,All,8,5,2,4,2,0,1,1
110,All,8,5,2,4,3,1,1,0
110,All,8,5,2,4,5,2,1,-1
110,All,8,5,2,4,6,1,3,2
110,All,8,5,2,5,2,1,0,-1
110,All,9,6,1,5,8,1,0,-1
110,All,10,4,3,4,4,0,0,0
110,All,11,6,2,2,3,0,1,1
110,All,11,6,2,2,4,1,1,0
110,All,11,6,2,2,5,2,1,-1
110,All,11,6,2,2,6,3,1,-2
110,All,11,6,2,2,8,4,1,-3
110,All,11,6,2,3,2,0,1,1
110,All,11,6,2,3,3,1,1,0
110,All,11,6,2,3,4,2,1,-1
110,All,11,6,2,3,6,3,1,-2
110,All,11,6,2,3,12,4,1,-3
110,All,11,6,2,4,6,0,1,1
110,All,11,6,2,5,2,0,0,0
110,All,11,6,2,5,3,0,1,1
110,All,11,6,2,6,4,0,0,0
110,All,12,5,3,1,2,0,1,1
110,All,12,5,3,2,10,0,1,1
110,All,12,5,3,4,2,0,1,1
110,All,12,5,3,5,6,0,0,0
110,All,13,4,4,2,2,0,1,1
110,All,13,4,4,2,3,1,1,0
110,All,13,4,4,2,4,2,1,-1
110,All,14,6,3,1,2,0,1,1
110,All,14,6,3,3,2,0,1,1
110,All,14,6,3,3,4,1,1,0
110,All,14,6,3,5,2,0,0,0
110,All,14,6,3,6,2,0,0,0
110,All,15,3,3,3,2,0,1,1
110,All,18,2,4,1,2,0,1,1
111,All,1,2,1,1,2,1,0,-1
111,All,1,2,1,2,4,0,0,0
111,All,1,2,1,2,6,1,0,-1
111,All,2,3,1,1,2,0,1,1
111,All,2,3,1,1,13,1,1,0
111,All,3,3,2,1,2,0,0,0
111,All,3,3,2,1,3,1,0,-1
111,All,3,3,2,2,2,0,1,1
111,All,3,3,2,2,4,1,1,0
111,All,3,3,2,3,2,0,0,0
111,All,4,4,1,1,2,0,1,1
111,All,4,4,1,1,3,1,1,0
111,All,4,4,1,1,4,1,2,1
111,All,4,4,1,1,5,2,2,0
111,All,4,4,1,2,2,0,1,1
111,All,4,4,1,3,2,1,0,-1
111,All,4,4,1,3,5,0,2,2
111,All,4,4,1,3,6,2,1,-1
111,All,4,4,1,3,7,3,1,-2
111,All,4,4,1,4,4,0,0,0
111,All,4,4,1,4,6,0,1,1
111,All,5,5,1,1,2,1,0,-1
111,All,5,5,1,1,3,0,2,2
111,All,5,5,1,1,4,2,1,-1
111,All,5,5,1,1,6,3,1,-2
111,All,5,5,1,1,7,1,4,3
111,All,5,5,1,1,9,2,4,2
111,All,5,5,1,1,10,3,4,1
111,All,5,5,1,1,13,4,4,0
111,All,5,5,1,2,2,0,0,0
111,All,5,5,1,2,3,0,1,1
111,All,5,5,1,2,6,1,1,0
111,All,5,5,1,2,10,1,2,1
111,All,5,5,1,3,3,0,1,1
111,All,5,5,1,3,5,1,1,0
111,All,5,5,1,3,6,2,1,-1
111,All,5,5,1,3,8,3,1,-2
111,All,5,5,1,3,10,1,4,3
111,All,5,5,1,3,14,4,2,-2
111,All,5,5,1,4,4,0,0,0
111,All,5,5,1,4,5,1,0,-1
111,All,5,5,1,4,6,0,2,2
111,All,5,5,1,4,7,2,1,-1
111,All,5,5,1,5,6,0,0,0
111,All,6,4,2,1,2,0,1,1
111,All,6,4,2,1,4,1,1,0
111,All,6,4,2,1,5,2,1,-1
111,All,6,4,2,1,6,3,1,-2
111,All,6,4,2,1,7,4,1,-3
111,All,6,4,2,1,8,5,1,-4
111,All,6,4,2,2,5,1,0,-1
111,All,6,4,2,3,4,0,0,0
111,All,6,4,2,3,5,1,0,-1
111,All,6,4,2,3,6,0,2,2
111,All,6,4,2,3,7,1,2,1
111,All,6,4,2,3,9,2,2,0
111,All,6,4,2,3,10,3,2,-1
111,All,6,4,2,4,11,0,0,0
111,All,7,2,2,1,2,1,0,-1
111,All,8,5,2,1,2,0,1,1
111,All,8,5,2,1,3,1,1,0
111,All,8,5,2,1,6,2,1,-1
111,All,8,5,2,2,5,0,1,1
111,All,8,5,2,3,12,0,1,1
111,All,8,5,2,4,3,0,1,1
111,All,8,5,2,4,5,1,1,0
111,All,8,5,2,4,6,2,1,-1
111,All,9,6,1,1,2,0,1,1
111,All,9,6,1,2,2,0,1,1
111,All,9,6,1,2,3,1,1,0
111,All,9,6,1,2,13,2,1,-1
111,All,9,6,1,3,3,0,1,1
111,All,9,6,1,3,5,1,1,0
111,All,9,6,1,3,8,2,1,-1
111,All,9,6,1,5,5,0,0,0
111,All,9,6,1,5,8,0,1,1
111,All,9,6,1,5,9,1,1,0
111,All,10,4,3,1,2,0,1,1
111,All,10,4,3,1,3,1,1,0
111,All,10,4,3,1,4,1,2,1
111,All,10,4,3,1,5,2,2,0
111,All,10,4,3,2,7,0,1,1
111,All,10,4,3,2,11,1,1,0
111,All,10,4,3,3,9,0,1,1
111,All,10,4,3,4,2,0,0,0
111,All,10,4,3,4,3,1,0,-1
111,All,10,4,3,4,4,2,0,-2
111,All,10,4,3,4,5,0,3,3
111,All,11,6,2,1,2,1,0,-1
111,All,11,6,2,2,3,0,1,1
111,All,11,6,2,2,4,1,1,0
111,All,11,6,2,2,7,2,1,-1
111,All,11,6,2,2,8,1,3,2
111,All,11,6,2,2,9,2,3,1
111,All,11,6,2,2,10,3,3,0
111,All,11,6,2,4,3,1,0,-1
111,All,11,6,2,4,5,2,0,-2
111,All,11,6,2,5,3,0,0,0
111,All,11,6,2,6,2,0,0,0
111,All,11,6,2,6,5,1,0,-1
111,All,11,6,2,6,6,0,2,2
111,All,12,5,3,1,2,1,0,-1
111,All,12,5,3,1,3,0,2,2
111,All,12,5,3,1,4,1,2,1
111,All,12,5,3,2,3,0,1,1
111,All,12,5,3,3,3,0,1,1
111,All,12,5,3,4,2,0,1,1
111,All,12,5,3,4,3,1,1,0
111,All,12,5,3,4,4,2,1,-1
111,All,12,5,3,4,9,1,3,2
111,All,12,5,3,4,10,2,3,1
111,All,12,5,3,4,11,3,3,0
111,All,12,5,3,5,7,0,0,0
111,All,13,4,4,2,2,0,1,1
111,All,13,4,4,2,3,1,1,0
111,All,14,6,3,1,2,0,1,1
111,All,14,6,3,1,4,1,1,0
111,All,14,6,3,1,5,2,1,-1
111,All,14,6,3,2,2,0,1,1
111,All,14,6,3,3,3,0,1,1
111,All,14,6,3,3,5,1,1,0
111,All,14,6,3,6,7,0,0,0
111,All,14,6,3,6,10,0,1,1
111,All,15,3,3,1,4,1,0,-1
111,All,15,3,3,1,11,2,0,-2
111,All,16,2,3,1,6,1,0,-1
111,All,16,2,3,1,8,2,0,-2
111,All,17,3,4,1,12,1,0,-1
111,All,18,2,4,1,2,0,1,1
112,All,1,2,1,2,4,0,0,0
112,All,2,3,1,2,2,0,0,0
112,All,2,3,1,3,2,0,1,1
112,All,2,3,1,3,3,1,1,0
112,All,3,3,2,1,2,0,1,1
112,All,3,3,2,2,3,0,1,1
112,All,3,3,2,3,3,0,1,1
112,All,3,3,2,3,4,1,1,0
112,All,3,3,2,3,5,2,1,-1
112,All,3,3,2,3,12,3,1,-2
112,All,5,5,1,1,2,1,0,-1
112,All,5,5,1,1,10,2,0,-2
112,All,5,5,1,2,2,1,0,-1
112,All,5,5,1,2,3,2,0,-2
112,All,5,5,1,2,4,0,3,3
112,All,5,5,1,2,5,3,1,-2
112,All,5,5,1,5,2,1,0,-1
112,All,6,4,2,1,2,0,1,1
112,All,6,4,2,1,5,1,1,0
112,All,6,4,2,2,2,0,1,1
112,All,6,4,2,2,4,1,1,0
112,All,6,4,2,2,13,1,2,1
112,All,6,4,2,4,2,1,0,-1
112,All,6,4,2,4,3,0,2,2
112,All,6,4,2,4,4,2,1,-1
112,All,6,4,2,4,10,1,3,2
112,All,7,2,2,1,9,0,0,0
112,All,8,5,2,3,6,1,0,-1
112,All,8,5,2,4,13,0,1,1
112,All,9,6,1,1,3,0,1,1
112,All,9,6,1,1,4,1,1,0
112,All,9,6,1,1,5,2,1,-1
112,All,9,6,1,1,7,3,1,-2
112,All,9,6,1,4,2,0,1,1
112,All,9,6,1,4,3,1,1,0
112,All,9,6,1,4,4,2,1,-1
112,All,9,6,1,4,5,1,3,2
112,All,9,6,1,4,6,2,3,1
112,All,9,6,1,4,8,3,3,0
112,All,9,6,1,6,2,1,0,-1
112,All,9,6,1,6,6,2,0,-2
112,All,10,4,3,2,8,0,1,1
112,All,10,4,3,3,2,0,1,1
112,All,11,6,2,3,2,1,0,-1
112,All,11,6,2,3,3,0,2,2
112,All,11,6,2,3,4,1,2,1
112,All,11,6,2,3,7,2,2,0
112,All,11,6,2,4,3,0,1,1
112,All,11,6,2,5,2,0,1,1
112,All,11,6,2,5,5,1,1,0
112,All,11,6,2,6,3,1,0,-1
112,All,11,6,2,6,4,2,0,-2
112,All,11,6,2,6,5,3,0,-3
112,All,11,6,2,6,6,4,0,-4
112,All,12,5,3,1,6,1,0,-1
112,All,12,5,3,2,4,0,0,0
112,All,12,5,3,2,5,0,1,1
112,All,12,5,3,2,8,1,1,0
112,All,12,5,3,2,9,1,2,1
112,All,12,5,3,2,10,2,2,0
112,All,12,5,3,2,12,3,2,-1
112,All,12,5,3,2,13,4,2,-2
112,All,12,5,3,3,4,0,1,1
112,All,12,5,3,3,5,1,1,0
112,All,12,5,3,3,6,1,2,1
112,All,12,5,3,3,7,2,2,0
112,All,12,5,3,3,12,2,3,1
112,All,12,5,3,4,2,0,0,0
112,All,12,5,3,4,3,0,1,1
112,All,12,5,3,4,4,1,1,0
112,All,12,5,3,5,3,0,0,0
112,All,12,5,3,5,4,0,1,1
112,All,12,5,3,5,5,1,1,0
112,All,12,5,3,5,6,2,1,-1
112,All,12,5,3,5,7,3,1,-2
112,All,12,5,3,5,8,1,4,3
112,All,12,5,3,5,9,4,2,-2
112,All,12,5,3,5,10,5,2,-3
112,All,12,5,3,5,12,6,2,-4
112,All,12,5,3,5,13,7,2,-5
112,All,13,4,4,2,2,0,1,1
112,All,13,4,4,3,2,0,0,0
112,All,13,4,4,3,3,1,0,-1
112,All,13,4,4,3,5,0,2,2
112,All,13,4,4,3,9,1,2,1
112,All,13,4,4,4,11,0,1,1
112,All,14,6,3,5,2,0,1,1
112,All,14,6,3,6,3,1,0,-1
112,All,15,3,3,2,2,0,1,1
112,All,15,3,3,2,3,1,1,0
112,All,15,3,3,2,4,1,2,1
112,All,16,2,3,2,2,0,1,1
112,All,16,2,3,2,11,1,1,0
112,All,17,3,4,1,2,1,0,-1
112,All,17,3,4,1,9,0,2,2
112,All,17,3,4,3,2,0,1,1
112,All,17,3,4,3,9,1,1,0
112,All,18,2,4,1,2,1,0,-1
113,All,1,2,1,1,2,0,0,0
113,All,1,2,1,2,5,0,0,0
113,All,2,3,1,1,2,1,0,-1
113,All,2,3,1,1,3,0,2,2
113,All,2,3,1,1,4,1,2,1
113,All,2,3,1,3,2,0,1,1
113,All,2,3,1,3,3,1,1,0
113,All,2,3,1,3,13,1,2,1
113,All,3,3,2,1,2,0,1,1
113,All,3,3,2,1,3,1,1,0
113,All,3,3,2,1,4,1,2,1
113,All,3,3,2,2,3,1,0,-1
113,All,3,3,2,2,4,0,2,2
113,All,3,3,2,2,5,1,2,1
113,All,3,3,2,2,6,2,2,0
113,All,4,4,1,1,2,1,0,-1
113,All,4,4,1,3,4,0,0,0
113,All,4,4,1,4,2,0,0,0
113,All,5,5,1,1,2,0,1,1
113,All,5,5,1,1,3,1,1,0
113,All,5,5,1,1,4,1,2,1
113,All,5,5,1,1,5,2,2,0
113,All,5,5,1,1,6,3,2,-1
113,All,5,5,1,1,10,4,2,-2
113,All,5,5,1,2,2,1,0,-1
113,All,5,5,1,2,3,2,0,-2
113,All,5,5,1,3,2,0,1,1
113,All,5,5,1,3,3,1,1,0
113,All,5,5,1,3,4,2,1,-1
113,All,5,5,1,3,5,1,3,2
113,All,5,5,1,3,6,2,3,1
113,All,5,5,1,3,7,3,3,0
113,All,5,5,1,3,10,3,4,1
113,All,5,5,1,4,3,0,0,0
113,All,6,4,2,1,2,0,1,1
113,All,6,4,2,1,4,1,1,0
113,All,6,4,2,2,5,0,1,1
113,All,6,4,2,2,8,1,1,0
113,All,6,4,2,2,9,1,2,1
113,All,6,4,2,2,13,2,2,0
113,All,7,2,2,1,2,1,0,-1
113,All,8,5,2,1,2,0,1,1
113,All,8,5,2,1,3,1,1,0
113,All,8,5,2,1,5,1,2,1
113,All,8,5,2,2,2,0,1,1
113,All,8,5,2,3,8,0,1,1
113,All,8,5,2,3,9,1,1,0
113,All,8,5,2,3,10,2,1,-1
113,All,8,5,2,4,5,1,0,-1
113,All,9,6,1,3,2,1,0,-1
113,All,9,6,1,3,3,2,0,-2
113,All,9,6,1,3,5,0,3,3
113,All,9,6,1,4,3,0,1,1
113,All,9,6,1,4,4,1,1,0
113,All,9,6,1,4,6,2,1,-1
113,All,9,6,1,4,11,3,1,-2
113,All,9,6,1,4,13,4,1,-3
113,All,9,6,1,5,2,1,0,-1
113,All,9,6,1,5,3,0,2,2
113,All,9,6,1,5,4,1,2,1
113,All,9,6,1,6,3,1,0,-1
113,All,9,6,1,6,4,0,2,2
113,All,9,6,1,6,6,1,2,1
113,All,9,6,1,6,7,2,2,0
113,All,9,6,1,6,8,2,3,1
113,All,10,4,3,2,4,0,1,1
113,All,10,4,3,3,3,0,1,1
113,All,10,4,3,4,4,0,0,0
113,All,11,6,2,1,2,0,1,1
113,All,11,6,2,1,6,1,1,0
113,All,11,6,2,1,7,1,2,1
113,All,11,6,2,2,2,0,1,1
113,All,11,6,2,2,3,1,1,0
113,All,11,6,2,2,5,2,1,-1
113,All,11,6,2,2,7,3,1,-2
113,All,11,6,2,3,2,1,0,-1
113,All,11,6,2,3,3,0,2,2
113,All,11,6,2,3,4,1,2,1
113,All,11,6,2,4,4,0,1,1
113,All,12,5,3,1,2,0,1,1
113,All,12,5,3,2,2,1,0,-1
113,All,12,5,3,2,11,0,2,2
113,All,12,5,3,3,2,1,0,-1
113,All,12,5,3,3,8,0,2,2
113,All,12,5,3,5,4,0,0,0
113,All,13,4,4,1,2,0,1,1
113,All,13,4,4,1,5,1,1,0
113,All,13,4,4,2,2,0,1,1
113,All,13,4,4,3,3,0,1,1
113,All,13,4,4,3,6,1,1,0
113,All,13,4,4,4,8,0,0,0
113,All,14,6,3,2,2,0,1,1
113,All,14,6,3,2,5,1,1,0
113,All,14,6,3,3,2,0,1,1
113,All,14,6,3,4,3,0,1,1
113,All,15,3,3,1,10,1,0,-1
113,All,18,2,4,1,2,0,1,1
113,All,18,2,4,2,8,0,1,1
114,All,1,2,1,1,6,0,1,1
114,All,1,2,1,2,2,0,0,0
114,All,2,3,1,1,3,0,0,0
114,All,2,3,1,1,10,1,0,-1
114,All,2,3,1,1,13,2,0,-2
114,All,3,3,2,1,3,0,0,0
114,All,3,3,2,2,2,0,1,1
114,All,3,3,2,2,3,1,1,0
114,All,3,3,2,2,4,1,2,1
114,All,3,3,2,2,5,2,2,0
114,All,3,3,2,3,2,1,0,-1
114,All,3,3,2,3,3,0,2,2
114,All,3,3,2,3,4,1,2,1
114,All,4,4,1,1,4,1,0,-1
114,All,4,4,1,2,12,0,0,0
114,All,4,4,1,3,2,0,1,1
114,All,4,4,1,4,2,0,1,1
114,All,5,5,1,1,2,1,0,-1
114,All,5,5,1,1,3,0,2,2
114,All,5,5,1,1,4,1,2,1
114,All,5,5,1,1,9,2,2,0
114,All,5,5,1,1,10,3,2,-1
114,All,5,5,1,2,3,0,1,1
114,All,5,5,1,2,8,1,1,0
114,All,5,5,1,5,2,1,0,-1
114,All,6,4,2,1,2,0,0,0
114,All,6,4,2,1,3,1,0,-1
114,All,6,4,2,1,4,0,2,2
114,All,6,4,2,1,5,1,2,1
114,All,6,4,2,1,6,2,2,0
114,All,6,4,2,3,7,0,0,0
114,All,6,4,2,4,2,1,0,-1
114,All,6,4,2,4,3,0,2,2
114,All,6,4,2,4,4,2,1,-1
114,All,6,4,2,4,9,3,1,-2
114,All,7,2,2,1,2,0,0,0
114,All,7,2,2,1,5,1,0,-1
114,All,7,2,2,2,6,0,0,0
114,All,7,2,2,2,9,1,0,-1
114,All,8,5,2,1,3,0,1,1
114,All,8,5,2,1,4,1,1,0
114,All,8,5,2,1,5,2,1,-1
114,All,8,5,2,1,6,3,1,-2
114,All,8,5,2,1,7,4,1,-3
114,All,8,5,2,1,8,5,1,-4
114,All,8,5,2,1,9,1,6,5
114,All,8,5,2,2,2,0,1,1
114,All,8,5,2,2,5,1,1,0
114,All,8,5,2,2,10,1,2,1
114,All,8,5,2,2,12,2,2,0
114,All,8,5,2,3,2,0,0,0
114,All,8,5,2,3,4,0,1,1
114,All,8,5,2,3,5,1,1,0
114,All,8,5,2,3,6,1,2,1
114,All,8,5,2,3,10,2,2,0
114,All,8,5,2,3,12,3,2,-1
114,All,8,5,2,4,2,1,0,-1
114,All,8,5,2,4,3,0,2,2
114,All,8,5,2,4,4,2,1,-1
114,All,8,5,2,4,6,3,1,-2
114,All,8,5,2,4,13,1,4,3
114,All,8,5,2,5,2,0,1,1
114,All,8,5,2,5,3,1,1,0
114,All,8,5,2,5,4,1,2,1
114,All,8,5,2,5,5,2,2,0
114,All,8,5,2,5,6,3,2,-1
114,All,8,5,2,5,7,4,2,-2
114,All,8,5,2,5,9,2,5,3
114,All,8,5,2,5,10,5,3,-2
114,All,8,5,2,5,11,3,6,3
114,All,8,5,2,5,12,6,4,-2
114,All,8,5,2,5,13,4,7,3
114,All,9,6,1,1,2,1,0,-1
114,All,9,6,1,1,3,0,2,2
114,All,9,6,1,1,5,2,1,-1
114,All,9,6,1,4,2,0,1,1
114,All,9,6,1,4,3,1,1,0
114,All,9,6,1,4,6,1,2,1
114,All,9,6,1,4,8,2,2,0
114,All,9,6,1,4,9,2,3,1
114,All,9,6,1,5,2,0,1,1
114,All,9,6,1,5,5,1,1,0
114,All,9,6,1,6,2,1,0,-1
114,All,9,6,1,6,4,0,2,2
114,All,10,4,3,1,3,0,0,0
114,All,10,4,3,4,4,1,0,-1
114,All,10,4,3,4,11,0,2,2
114,All,11,6,2,1,3,0,0,0
114,All,11,6,2,2,2,1,0,-1
114,All,11,6,2,2,3,0,2,2
114,All,11,6,2,2,5,1,2,1
114,All,11,6,2,2,6,2,2,0
114,All,11,6,2,2,7,2,3,1
114,All,11,6,2,2,9,3,3,0
114,All,11,6,2,2,10,4,3,-1
114,All,11,6,2,2,11,3,5,2
114,All,11,6,2,2,12,5,4,-1
114,All,11,6,2,3,2,0,1,1
114,All,11,6,2,3,3,1,1,0
114,All,11,6,2,3,6,2,1,-1
114,All,11,6,2,3,10,3,1,-2
114,All,11,6,2,3,11,1,4,3
114,All,11,6,2,3,12,4,2,-2
114,All,11,6,2,3,13,2,5,3
114,All,11,6,2,4,4,0,0,0
114,All,11,6,2,5,2,1,0,-1
114,All,11,6,2,5,3,0,2,2
114,All,11,6,2,5,4,1,2,1
114,All,11,6,2,5,6,2,2,0
114,All,11,6,2,5,7,2,3,1
114,All,11,6,2,5,8,3,3,0
114,All,11,6,2,5,9,4,3,-1
114,All,11,6,2,5,10,5,3,-2
114,All,11,6,2,5,11,6,3,-3
114,All,11,6,2,5,12,7,3,-4
114,All,11,6,2,5,13,3,8,5
114,All,11,6,2,6,6,0,1,1
114,All,12,5,3,1,11,0,0,0
114,All,12,5,3,2,3,0,1,1
114,All,12,5,3,2,4,1,1,0
114,All,12,5,3,2,6,2,1,-1
114,All,12,5,3,2,7,1,3,2
114,All,12,5,3,2,9,3,2,-1
114,All,12,5,3,2,11,4,2,-2
114,All,12,5,3,4,9,0,0,0
114,All,12,5,3,5,2,1,0,-1
114,All,12,5,3,5,3,0,2,2
114,All,12,5,3,5,4,1,2,1
114,All,12,5,3,5,5,2,2,0
114,All,12,5,3,5,8,3,2,-1
114,All,12,5,3,5,13,2,4,2
114,All,13,4,4,1,2,1,0,-1
114,All,13,4,4,1,3,0,2,2
114,All,13,4,4,1,4,2,1,-1
114,All,13,4,4,1,7,1,3,2
114,All,13,4,4,2,2,0,1,1
114,All,13,4,4,2,5,1,1,0
114,All,13,4,4,2,6,1,2,1
114,All,13,4,4,3,2,0,0,0
114,All,13,4,4,4,2,0,1,1
114,All,13,4,4,4,3,1,1,0
114,All,13,4,4,4,4,1,2,1
114,All,13,4,4,4,5,2,2,0
114,All,13,4,4,4,6,3,2,-1
114,All,13,4,4,4,7,2,4,2
114,All,13,4,4,4,8,4,3,-1
114,All,13,4,4,4,9,5,3,-2
114,All,14,6,3,1,3,0,0,0
114,All,14,6,3,2,5,0,0,0
114,All,14,6,3,3,2,0,1,1
114,All,14,6,3,3,3,1,1,0
114,All,14,6,3,3,5,1,2,1
114,All,14,6,3,3,6,2,2,0
114,All,14,6,3,3,7,2,3,1
114,All,14,6,3,3,8,3,3,0
114,All,14,6,3,5,2,0,1,1
114,All,14,6,3,5,3,1,1,0
114,All,14,6,3,5,4,2,1,-1
114,All,14,6,3,5,5,3,1,-2
114,All,14,6,3,5,6,1,4,3
114,All,14,6,3,5,7,2,4,2
114,All,14,6,3,5,8,4,3,-1
114,All,14,6,3,5,12,3,5,2
114,All,14,6,3,6,2,1,0,-1
114,All,14,6,3,6,3,2,0,-2
114,All,14,6,3,6,4,3,0,-3
114,All,14,6,3,6,5,0,4,4
114,All,15,3,3,1,11,0,0,0
114,All,15,3,3,2,2,1,0,-1
114,All,15,3,3,2,3,2,0,-2
114,All,15,3,3,2,6,3,0,-3
114,All,15,3,3,2,12,4,0,-4
114,All,15,3,3,3,2,1,0,-1
114,All,15,3,3,3,5,0,2,2
114,All,16,2,3,1,4,0,0,0
114,All,17,3,4,1,8,1,0,-1
114,All,17,3,4,1,12,2,0,-2
114,All,17,3,4,2,2,0,1,1
114,All,17,3,4,2,7,1,1,0
114,All,18,2,4,1,2,0,1,1
114,All,18,2,4,1,7,1,1,0
115,All,1,2,1,1,2,0,1,1
115,All,1,2,1,2,12,0,0,0
115,All,2,3,1,1,2,0,1,1
115,All,2,3,1,3,6,0,1,1
115,All,3,3,2,2,2,0,1,1
115,All,4,4,1,1,2,0,1,1
115,All,4,4,1,2,2,1,0,-1
115,All,4,4,1,2,4,0,2,2
115,All,4,4,1,3,7,0,0,0
115,All,5,5,1,5,12,0,0,0
115,All,6,4,2,1,2,0,1,1
115,All,6,4,2,1,3,1,1,0
115,All,6,4,2,1,5,2,1,-1
115,All,6,4,2,1,6,3,1,-2
115,All,6,4,2,1,7,1,4,3
115,All,6,4,2,1,9,4,2,-2
115,All,6,4,2,2,2,1,0,-1
115,All,6,4,2,2,4,0,2,2
115,All,6,4,2,2,5,1,2,1
115,All,6,4,2,3,2,0,0,0
115,All,6,4,2,3,3,0,1,1
115,All,6,4,2,3,4,1,1,0
115,All,6,4,2,3,5,2,1,-1
115,All,6,4,2,3,10,3,1,-2
115,All,6,4,2,3,11,4,1,-3
115,All,8,5,2,1,2,0,1,1
115,All,8,5,2,1,3,1,1,0
115,All,8,5,2,1,8,1,2,1
115,All,8,5,2,3,4,0,1,1
115,All,8,5,2,3,8,1,1,0
115,All,8,5,2,4,2,0,1,1
115,All,8,5,2,5,2,0,0,0
115,All,9,6,1,1,2,0,1,1
115,All,9,6,1,2,2,0,1,1
115,All,9,6,1,3,2,0,1,1
115,All,9,6,1,4,3,0,1,1
115,All,9,6,1,5,2,0,0,0
115,All,9,6,1,5,3,1,0,-1
115,All,9,6,1,5,12,0,2,2
115,All,10,4,3,1,2,0,1,1
115,All,10,4,3,2,3,0,1,1
115,All,10,4,3,2,4,1,1,0
115,All,10,4,3,3,2,1,0,-1
115,All,10,4,3,3,3,0,2,2
115,All,10,4,3,3,10,2,1,-1
115,All,10,4,3,4,2,0,0,0
115,All,10,4,3,4,10,1,0,-1
115,All,11,6,2,1,2,0,1,1
115,All,11,6,2,2,2,0,1,1
115,All,11,6,2,3,6,0,1,1
115,All,11,6,2,4,2,1,0,-1
115,All,11,6,2,4,3,2,0,-2
115,All,11,6,2,4,6,0,3,3
115,All,11,6,2,6,7,0,0,0
115,All,11,6,2,6,12,1,0,-1
115,All,12,5,3,1,2,0,1,1
115,All,12,5,3,1,5,1,1,0
115,All,12,5,3,1,6,2,1,-1
115,All,12,5,3,2,2,0,1,1
115,All,12,5,3,2,11,1,1,0
115,All,12,5,3,4,3,0,1,1
115,All,12,5,3,5,8,0,0,0
115,All,13,4,4,1,2,0,1,1
115,All,13,4,4,1,8,1,1,0
115,All,13,4,4,1,9,2,1,-1
115,All,13,4,4,2,2,0,1,1
115,All,13,4,4,2,3,1,1,0
115,All,13,4,4,3,4,0,1,1
115,All,14,6,3,1,2,0,1,1
115,All,14,6,3,1,3,1,1,0
115,All,14,6,3,2,2,0,1,1
115,All,14,6,3,2,3,1,1,0
115,All,14,6,3,2,6,1,2,1
115,All,14,6,3,3,2,0,1,1
115,All,14,6,3,4,3,0,1,1
115,All,14,6,3,6,2,0,0,0
115,All,14,6,3,6,7,1,0,-1
115,All,15,3,3,1,13,1,0,-1
115,All,18,2,4,1,2,0,1,1
116,All,2,3,1,1,13,0,1,1
116,All,2,3,1,2,2,1,0,-1
116,All,2,3,1,2,3,0,2,2
116,All,2,3,1,2,6,2,1,-1
116,All,3,3,2,1,4,0,1,1
116,All,3,3,2,1,9,1,1,0
116,All,3,3,2,2,2,0,1,1
116,All,3,3,2,2,3,1,1,0
116,All,3,3,2,2,4,2,1,-1
116,All,3,3,2,2,5,1,3,2
116,All,3,3,2,2,6,3,2,-1
116,All,3,3,2,3,2,1,0,-1
116,All,3,3,2,3,4,0,2,2
116,All,3,3,2,3,5,2,1,-1
116,All,3,3,2,3,6,1,3,2
116,All,3,3,2,3,7,2,3,1
116,All,4,4,1,2,2,1,0,-1
116,All,4,4,1,3,2,1,0,-1
116,All,4,4,1,3,3,0,2,2
116,All,5,5,1,1,12,0,0,0
116,All,5,5,1,2,2,1,0,-1
116,All,5,5,1,2,4,2,0,-2
116,All,5,5,1,3,2,0,0,0
116,All,5,5,1,4,3,0,0,0
116,All,6,4,2,2,2,0,1,1
116,All,6,4,2,2,3,1,1,0
116,All,6,4,2,4,2,1,0,-1
116,All,6,4,2,4,4,2,0,-2
116,All,6,4,2,4,8,0,3,3
116,All,7,2,2,2,2,1,0,-1
116,All,7,2,2,2,13,2,0,-2
116,All,8,5,2,1,2,0,1,1
116,All,8,5,2,1,3,1,1,0
116,All,8,5,2,1,8,1,2,1
116,All,8,5,2,1,13,2,2,0
116,All,8,5,2,2,2,0,1,1
116,All,8,5,2,2,3,1,1,0
116,All,8,5,2,2,5,1,2,1
116,All,8,5,2,4,2,0,1,1
116,All,8,5,2,4,3,1,1,0
116,All,8,5,2,4,4,1,2,1
116,All,8,5,2,4,5,2,2,0
116,All,8,5,2,4,6,2,3,1
116,All,8,5,2,4,7,3,3,0
116,All,8,5,2,5,2,1,0,-1
116,All,9,6,1,2,7,0,0,0
116,All,9,6,1,6,12,1,0,-1
116,All,10,4,3,2,3,0,0,0
116,All,11,6,2,1,3,0,0,0
116,All,11,6,2,2,2,0,1,1
116,All,11,6,2,3,2,0,0,0
116,All,11,6,2,3,3,1,0,-1
116,All,11,6,2,4,2,1,0,-1
116,All,11,6,2,4,3,2,0,-2
116,All,11,6,2,4,4,3,0,-3
116,All,11,6,2,4,5,4,0,-4
116,All,11,6,2,4,7,0,5,5
116,All,11,6,2,6,2,0,1,1
116,All,11,6,2,6,4,1,1,0
116,All,11,6,2,6,5,2,1,-1
116,All,11,6,2,6,6,3,1,-2
116,All,11,6,2,6,7,1,4,3
116,All,12,5,3,2,2,1,0,-1
116,All,12,5,3,4,8,0,0,0
116,All,12,5,3,5,2,0,1,1
116,All,13,4,4,1,5,1,0,-1
116,All,13,4,4,2,2,0,0,0
116,All,13,4,4,2,3,0,1,1
116,All,13,4,4,2,5,1,1,0
116,All,13,4,4,3,2,0,1,1
116,All,14,6,3,2,8,1,0,-1
116,All,14,6,3,3,2,1,0,-1
116,All,14,6,3,3,3,0,2,2
116,All,14,6,3,3,5,1,2,1
116,All,14,6,3,3,6,2,2,0
116,All,14,6,3,5,2,1,0,-1
116,All,15,3,3,2,8,1,0,-1
116,All,15,3,3,3,2,0,0,0
116,All,16,2,3,1,2,0,1,1
116,All,16,2,3,2,6,1,0,-1
116,All,17,3,4,2,2,0,1,1
116,All,17,3,4,2,7,1,1,0
116,All,17,3,4,3,2,0,1,1
116,All,18,2,4,1,12,1,0,-1
116,All,18,2,4,2,2,1,0,-1
116,All,18,2,4,2,7,0,2,2
117,All,1,2,1,1,3,0,1,1
117,All,1,2,1,1,5,1,1,0
117,All,1,2,1,1,6,1,2,1
117,All,1,2,1,1,7,2,2,0
117,All,1,2,1,1,8,2,3,1
117,All,1,2,1,1,9,3,3,0
117,All,1,2,1,1,10,3,4,1
117,All,1,2,1,1,11,4,4,0
117,All,1,2,1,1,12,4,5,1
117,All,1,2,1,1,13,5,5,0
117,All,1,2,1,2,3,0,0,0
117,All,1,2,1,2,4,1,0,-1
117,All,1,2,1,2,5,0,2,2
117,All,1,2,1,2,6,1,2,1
117,All,1,2,1,2,7,2,2,0
117,All,1,2,1,2,10,3,2,-1
117,All,1,2,1,2,13,4,2,-2
117,All,2,3,1,1,2,0,0,0
117,All,2,3,1,1,8,1,0,-1
117,All,2,3,1,1,9,2,0,-2
117,All,2,3,1,1,10,0,3,3
117,All,2,3,1,1,12,3,1,-2
117,All,2,3,1,2,3,0,1,1
117,All,2,3,1,2,4,1,1,0
117,All,2,3,1,2,10,1,2,1
117,All,2,3,1,2,11,2,2,0
117,All,2,3,1,2,12,2,3,1
117,All,2,3,1,3,2,0,0,0
117,All,2,3,1,3,5,0,1,1
117,All,2,3,1,3,7,1,1,0
117,All,2,3,1,3,8,1,2,1
117,All,2,3,1,3,9,2,2,0
117,All,3,3,2,1,3,0,0,0
117,All,3,3,2,1,4,1,0,-1
117,All,3,3,2,1,5,2,0,-2
117,All,3,3,2,1,6,0,3,3
117,All,3,3,2,1,8,3,1,-2
117,All,3,3,2,1,9,4,1,-3
117,All,3,3,2,1,11,5,1,-4
117,All,3,3,2,1,12,6,1,-5
117,All,3,3,2,1,13,1,7,6
117,All,3,3,2,2,3,1,0,-1
117,All,3,3,2,2,6,0,2,2
117,All,3,3,2,2,7,1,2,1
117,All,3,3,2,2,8,2,2,0
117,All,3,3,2,2,10,2,3,1
117,All,3,3,2,2,11,3,3,0
117,All,3,3,2,2,13,3,4,1
117,All,3,3,2,3,2,1,0,-1
117,All,3,3,2,3,3,0,2,2
117,All,3,3,2,3,4,1,2,1
117,All,3,3,2,3,6,2,2,0
117,All,3,3,2,3,7,3,2,-1
117,All,3,3,2,3,8,4,2,-2
117,All,3,3,2,3,9,5,2,-3
117,All,3,3,2,3,10,6,2,-4
117,All,3,3,2,3,12,7,2,-5
117,All,3,3,2,3,13,8,2,-6
117,All,4,4,1,1,2,0,0,0
117,All,4,4,1,1,4,1,0,-1
117,All,4,4,1,1,7,0,2,2
117,All,4,4,1,1,8,1,2,1
117,All,4,4,1,1,9,2,2,0
117,All,4,4,1,1,10,2,3,1
117,All,4,4,1,3,2,0,0,0
117,All,4,4,1,3,3,0,1,1
117,All,4,4,1,3,6,1,1,0
117,All,4,4,1,3,9,1,2,1
117,All,4,4,1,4,2,0,1,1
117,All,4,4,1,4,3,1,1,0
117,All,4,4,1,4,4,1,2,1
117,All,4,4,1,4,5,2,2,0
117,All,4,4,1,4,7,3,2,-1
117,All,4,4,1,4,8,4,2,-2
117,All,4,4,1,4,9,2,5,3
117,All,4,4,1,4,10,3,5,2
117,All,4,4,1,4,11,4,5,1
117,All,4,4,1,4,12,5,5,0
117,All,4,4,1,4,13,6,5,-1
117,All,5,5,1,1,2,1,0,-1
117,All,5,5,1,1,3,0,2,2
117,All,5,5,1,1,9,2,1,-1
117,All,5,5,1,3,3,1,0,-1
117,All,5,5,1,3,4,0,2,2
117,All,5,5,1,3,5,2,1,-1
117,All,5,5,1,3,6,3,1,-2
117,All,5,5,1,3,8,1,4,3
117,All,5,5,1,3,9,4,2,-2
117,All,5,5,1,3,10,5,2,-3
117,All,5,5,1,4,2,1,0,-1
117,All,5,5,1,5,2,1,0,-1
117,All,6,4,2,2,4,0,0,0
117,All,6,4,2,2,5,1,0,-1
117,All,6,4,2,3,2,0,1,1
117,All,6,4,2,3,12,1,1,0
117,All,6,4,2,4,2,1,0,-1
117,All,6,4,2,4,3,0,2,2
117,All,6,4,2,4,5,1,2,1
117,All,6,4,2,4,6,2,2,0
117,All,6,4,2,4,7,2,3,1
117,All,6,4,2,4,10,3,3,0
117,All,7,2,2,1,9,0,0,0
117,All,7,2,2,2,2,1,0,-1
117,All,8,5,2,1,2,1,0,-1
117,All,8,5,2,1,5,0,2,2
117,All,8,5,2,1,8,2,1,-1
117,All,8,5,2,1,9,1,3,2
117,All,8,5,2,4,2,0,0,0
117,All,8,5,2,4,3,0,1,1
117,All,8,5,2,4,5,1,1,0
117,All,8,5,2,4,6,2,1,-1
117,All,8,5,2,4,8,1,3,2
117,All,8,5,2,4,10,2,3,1
117,All,8,5,2,5,6,1,0,-1
117,All,9,6,1,1,2,1,0,-1
117,All,9,6,1,1,5,2,0,-2
117,All,9,6,1,2,2,0,0,0
117,All,9,6,1,2,5,1,0,-1
117,All,9,6,1,2,12,2,0,-2
117,All,9,6,1,3,2,1,0,-1
117,All,9,6,1,3,3,0,2,2
117,All,9,6,1,3,4,2,1,-1
117,All,9,6,1,3,6,1,3,2
117,All,9,6,1,3,7,2,3,1
117,All,9,6,1,3,8,3,3,0
117,All,9,6,1,3,9,4,3,-1
117,All,9,6,1,3,10,5,3,-2
117,All,9,6,1,3,11,3,6,3
117,All,9,6,1,3,12,6,4,-2
117,All,9,6,1,3,13,4,7,3
117,All,9,6,1,5,2,0,0,0
117,All,9,6,1,5,3,1,0,-1
117,All,9,6,1,5,6,2,0,-2
117,All,9,6,1,5,10,3,0,-3
117,All,9,6,1,5,12,4,0,-4
117,All,9,6,1,5,13,5,0,-5
117,All,9,6,1,6,2,1,0,-1
117,All,9,6,1,6,3,2,0,-2
117,All,9,6,1,6,4,3,0,-3
117,All,9,6,1,6,5,4,0,-4
117,All,9,6,1,6,6,0,5,5
117,All,10,4,3,3,2,0,1,1
117,All,10,4,3,3,3,1,1,0
117,All,10,4,3,3,6,1,2,1
117,All,10,4,3,3,7,2,2,0
117,All,10,4,3,3,10,3,2,-1
117,All,10,4,3,4,2,0,0,0
117,All,10,4,3,4,5,1,0,-1
117,All,10,4,3,4,6,2,0,-2
117,All,11,6,2,1,3,1,0,-1
117,All,11,6,2,1,4,0,2,2
117,All,11,6,2,2,2,1,0,-1
117,All,11,6,2,2,3,2,0,-2
117,All,11,6,2,2,4,3,0,-3
117,All,11,6,2,2,5,4,0,-4
117,All,11,6,2,2,6,5,0,-5
117,All,11,6,2,2,10,0,6,6
117,All,11,6,2,2,11,6,1,-5
117,All,11,6,2,2,12,7,1,-6
117,All,11,6,2,2,13,1,8,7
117,All,11,6,2,3,3,0,0,0
117,All,11,6,2,3,4,0,1,1
117,All,11,6,2,3,8,1,1,0
117,All,11,6,2,3,12,2,1,-1
117,All,11,6,2,5,2,1,0,-1
117,All,11,6,2,5,3,2,0,-2
117,All,11,6,2,5,4,3,0,-3
117,All,11,6,2,5,5,4,0,-4
117,All,11,6,2,5,6,5,0,-5
117,All,11,6,2,5,8,6,0,-6
117,All,11,6,2,5,9,7,0,-7
117,All,11,6,2,5,10,8,0,-8
117,All,11,6,2,5,11,9,0,-9
117,All,11,6,2,5,12,10,0,-10
117,All,11,6,2,6,2,0,1,1
117,All,11,6,2,6,3,1,1,0
117,All,11,6,2,6,8,2,1,-1
117,All,12,5,3,1,2,1,0,-1
117,All,12,5,3,1,3,0,2,2
117,All,12,5,3,1,4,2,1,-1
117,All,12,5,3,1,5,3,1,-2
117,All,12,5,3,1,6,4,1,-3
117,All,12,5,3,1,8,5,1,-4
117,All,12,5,3,1,9,1,6,5
117,All,12,5,3,1,11,6,2,-4
117,All,12,5,3,2,4,1,0,-1
117,All,12,5,3,2,5,2,0,-2
117,All,12,5,3,2,6,3,0,-3
117,All,12,5,3,2,7,4,0,-4
117,All,12,5,3,2,8,5,0,-5
117,All,12,5,3,2,9,6,0,-6
117,All,12,5,3,2,10,0,7,7
117,All,12,5,3,2,13,1,7,6
117,All,12,5,3,3,5,0,0,0
117,All,12,5,3,4,5,0,0,0
117,All,12,5,3,5,2,0,1,1
117,All,12,5,3,5,3,1,1,0
117,All,12,5,3,5,4,1,2,1
117,All,12,5,3,5,5,2,2,0
117,All,12,5,3,5,6,3,2,-1
117,All,12,5,3,5,9,4,2,-2
117,All,13,4,4,3,2,0,1,1
117,All,13,4,4,4,2,0,1,1
117,All,13,4,4,4,3,1,1,0
117,All,13,4,4,4,4,2,1,-1
117,All,13,4,4,4,6,1,3,2
117,All,13,4,4,4,9,2,3,1
117,All,14,6,3,1,2,0,0,0
117,All,14,6,3,1,3,1,0,-1
117,All,14,6,3,1,4,0,2,2
117,All,14,6,3,1,5,1,2,1
117,All,14,6,3,1,11,2,2,0
117,All,14,6,3,2,2,0,0,0
117,All,14,6,3,2,3,0,1,1
117,All,14,6,3,2,4,1,1,0
117,All,14,6,3,2,5,1,2,1
117,All,14,6,3,2,6,2,2,0
117,All,14,6,3,2,7,3,2,-1
117,All,14,6,3,2,13,4,2,-2
117,All,14,6,3,2,14,2,5,3
117,All,14,6,3,3,2,1,0,-1
117,All,14,6,3,3,3,0,2,2
117,All,14,6,3,3,5,2,1,-1
117,All,14,6,3,3,6,1,3,2
117,All,14,6,3,3,7,2,3,1
117,All,14,6,3,3,8,3,3,0
117,All,14,6,3,3,9,4,3,-1
117,All,14,6,3,3,10,5,3,-2
117,All,14,6,3,3,11,3,6,3
117,All,14,6,3,3,13,4,6,2
117,All,14,6,3,4,5,1,0,-1
117,All,14,6,3,4,8,2,0,-2
117,All,14,6,3,4,10,3,0,-3
117,All,14,6,3,4,12,4,0,-4
117,All,14,6,3,5,2,0,1,1
117,All,14,6,3,5,3,1,1,0
117,All,14,6,3,5,4,2,1,-1
117,All,14,6,3,5,5,3,1,-2
117,All,14,6,3,5,6,1,4,3
117,All,14,6,3,5,9,4,2,-2
117,All,14,6,3,5,10,2,5,3
117,All,14,6,3,5,11,3,5,2
117,All,14,6,3,5,13,5,4,-1
117,All,14,6,3,5,14,4,6,2
117,All,14,6,3,6,2,1,0,-1
117,All,14,6,3,6,3,2,0,-2
117,All,14,6,3,6,4,3,0,-3
117,All,14,6,3,6,11,4,0,-4
117,All,15,3,3,2,2,0,1,1
117,All,15,3,3,2,3,1,1,0
117,All,15,3,3,2,4,1,2,1
117,All,16,2,3,2,6,0,0,0
117,All,17,3,4,1,2,0,0,0
117,All,17,3,4,2,2,0,1,1
117,All,17,3,4,3,4,1,0,-1
117,All,18,2,4,1,2,0,1,1
118,All,1,2,1,1,2,0,1,1
118,All,1,2,1,1,4,1,1,0
118,All,1,2,1,1,6,1,2,1
118,All,1,2,1,1,8,2,2,0
118,All,2,3,1,1,2,1,0,-1
118,All,2,3,1,1,3,0,2,2
118,All,2,3,1,1,4,1,2,1
118,All,2,3,1,1,5,2,2,0
118,All,2,3,1,1,9,2,3,1
118,All,2,3,1,1,13,3,3,0
118,All,2,3,1,3,2,0,0,0
118,All,2,3,1,3,3,1,0,-1
118,All,2,3,1,3,13,2,0,-2
118,All,3,3,2,1,2,0,1,1
118,All,3,3,2,1,3,1,1,0
118,All,3,3,2,1,7,1,2,1
118,All,3,3,2,2,2,0,1,1
118,All,3,3,2,2,4,1,1,0
118,All,3,3,2,3,4,0,0,0
118,All,3,3,2,3,8,0,1,1
118,All,4,4,1,1,2,0,1,1
118,All,4,4,1,1,3,1,1,0
118,All,4,4,1,1,4,2,1,-1
118,All,4,4,1,1,5,1,3,2
118,All,4,4,1,1,7,2,3,1
118,All,4,4,1,1,9,3,3,0
118,All,4,4,1,2,3,1,0,-1
118,All,4,4,1,2,9,0,2,2
118,All,4,4,1,3,2,0,1,1
118,All,4,4,1,4,2,1,0,-1
118,All,4,4,1,4,13,2,0,-2
118,All,5,5,1,1,2,1,0,-1
118,All,5,5,1,1,3,0,2,2
118,All,5,5,1,2,6,1,0,-1
118,All,5,5,1,3,2,1,0,-1
118,All,5,5,1,3,4,0,2,2
118,All,5,5,1,3,6,1,2,1
118,All,5,5,1,3,10,2,2,0
118,All,5,5,1,3,11,3,2,-1
118,All,5,5,1,4,2,0,0,0
118,All,5,5,1,4,3,0,1,1
118,All,5,5,1,5,2,0,0,0
118,All,5,5,1,5,3,1,0,-1
118,All,5,5,1,5,5,0,2,2
118,All,5,5,1,5,11,1,2,1
118,All,6,4,2,1,2,0,1,1
118,All,6,4,2,1,3,1,1,0
118,All,6,4,2,1,4,1,2,1
118,All,6,4,2,1,7,2,2,0
118,All,6,4,2,1,8,3,2,-1
118,All,6,4,2,3,8,0,0,0
118,All,6,4,2,3,14,0,1,1
118,All,7,2,2,1,2,1,0,-1
118,All,7,2,2,1,3,0,2,2
118,All,7,2,2,2,3,0,0,0
118,All,7,2,2,2,9,1,0,-1
118,All,7,2,2,2,12,2,0,-2
118,All,8,5,2,1,2,0,1,1
118,All,8,5,2,1,3,1,1,0
118,All,8,5,2,1,5,2,1,-1
118,All,8,5,2,1,6,1,3,2
118,All,8,5,2,1,7,3,2,-1
118,All,8,5,2,1,8,4,2,-2
118,All,8,5,2,1,10,5,2,-3
118,All,8,5,2,1,11,2,6,4
118,All,8,5,2,2,2,0,1,1
118,All,8,5,2,2,3,1,1,0
118,All,8,5,2,2,5,1,2,1
118,All,8,5,2,2,7,2,2,0
118,All,8,5,2,2,9,3,2,-1
118,All,8,5,2,3,2,1,0,-1
118,All,8,5,2,3,3,0,2,2
118,All,8,5,2,3,6,1,2,1
118,All,8,5,2,3,8,2,2,0
118,All,8,5,2,3,9,2,3,1
118,All,8,5,2,3,11,3,3,0
118,All,8,5,2,4,2,1,0,-1
118,All,8,5,2,4,5,0,2,2
118,All,8,5,2,4,6,1,2,1
118,All,8,5,2,4,8,2,2,0
118,All,8,5,2,4,9,3,2,-1
118,All,9,6,1,1,2,1,0,-1
118,All,9,6,1,1,4,2,0,-2
118,All,9,6,1,1,6,0,3,3
118,All,9,6,1,1,7,1,3,2
118,All,9,6,1,1,8,2,3,1
118,All,9,6,1,2,2,0,1,1
118,All,9,6,1,2,5,1,1,0
118,All,9,6,1,2,7,2,1,-1
118,All,9,6,1,3,8,0,1,1
118,All,9,6,1,4,4,1,0,-1
118,All,9,6,1,4,6,0,2,2
118,All,9,6,1,4,12,2,1,-1
118,All,9,6,1,4,13,1,3,2
118,All,10,4,3,1,7,1,0,-1
118,All,10,4,3,2,3,1,0,-1
118,All,10,4,3,3,2,0,1,1
118,All,10,4,3,3,9,1,1,0
118,All,10,4,3,4,4,0,0,0
118,All,10,4,3,4,6,0,1,1
118,All,10,4,3,4,8,1,1,0
118,All,10,4,3,4,9,1,2,1
118,All,11,6,2,1,5,0,1,1
118,All,11,6,2,1,13,1,1,0
118,All,11,6,2,2,2,1,0,-1
118,All,11,6,2,2,3,2,0,-2
118,All,11,6,2,2,4,0,3,3
118,All,11,6,2,2,5,1,3,2
118,All,11,6,2,2,6,2,3,1
118,All,11,6,2,2,7,3,3,0
118,All,11,6,2,2,9,4,3,-1
118,All,11,6,2,2,10,5,3,-2
118,All,11,6,2,2,12,6,3,-3
118,All,11,6,2,3,2,1,0,-1
118,All,11,6,2,3,11,0,2,2
118,All,11,6,2,4,4,0,1,1
118,All,11,6,2,4,5,1,1,0
118,All,11,6,2,4,8,2,1,-1
118,All,11,6,2,4,9,3,1,-2
118,All,11,6,2,4,12,4,1,-3
118,All,11,6,2,5,2,0,0,0
118,All,11,6,2,5,5,1,0,-1
118,All,11,6,2,5,12,0,2,2
118,All,11,6,2,6,4,0,0,0
118,All,11,6,2,6,5,0,1,1
118,All,11,6,2,6,7,1,1,0
118,All,12,5,3,1,2,1,0,-1
118,All,12,5,3,1,3,2,0,-2
118,All,12,5,3,1,7,3,0,-3
118,All,12,5,3,2,2,0,0,0
118,All,12,5,3,2,6,1,0,-1
118,All,12,5,3,2,8,0,2,2
118,All,12,5,3,2,9,1,2,1
118,All,12,5,3,2,10,2,2,0
118,All,12,5,3,3,2,0,0,0
118,All,12,5,3,3,12,1,0,-1
118,All,12,5,3,4,2,1,0,-1
118,All,12,5,3,5,2,1,0,-1
118,All,12,5,3,5,3,2,0,-2
118,All,12,5,3,5,4,0,3,3
118,All,12,5,3,5,5,1,3,2
118,All,12,5,3,5,8,2,3,1
118,All,12,5,3,5,9,3,3,0
118,All,12,5,3,5,13,3,4,1
118,All,13,4,4,1,2,0,0,0
118,All,13,4,4,1,3,0,1,1
118,All,13,4,4,1,8,1,1,0
118,All,13,4,4,1,9,1,2,1
118,All,13,4,4,2,2,1,0,-1
118,All,13,4,4,2,3,2,0,-2
118,All,13,4,4,2,5,3,0,-3
118,All,13,4,4,2,9,0,4,4
118,All,13,4,4,2,12,1,4,3
118,All,13,4,4,3,9,1,0,-1
118,All,13,4,4,3,12,2,0,-2
118,All,13,4,4,4,2,0,0,0
118,All,13,4,4,4,8,0,1,1
118,All,14,6,3,1,2,0,1,1
118,All,14,6,3,1,3,1,1,0
118,All,14,6,3,1,5,2,1,-1
118,All,14,6,3,1,8,3,1,-2
118,All,14,6,3,1,12,4,1,-3
118,All,14,6,3,2,2,0,1,1
118,All,14,6,3,2,5,1,1,0
118,All,14,6,3,2,6,1,2,1
118,All,14,6,3,3,2,0,1,1
118,All,14,6,3,3,7,1,1,0
118,All,14,6,3,3,13,1,2,1
118,All,14,6,3,4,6,0,1,1
118,All,14,6,3,4,11,1,1,0
118,All,14,6,3,4,12,1,2,1
118,All,14,6,3,5,3,0,0,0
118,All,14,6,3,5,8,1,0,-1
118,All,14,6,3,5,9,0,2,2
118,All,14,6,3,5,11,2,1,-1
118,All,14,6,3,5,13,1,3,2
118,All,15,3,3,1,2,1,0,-1
118,All,15,3,3,1,5,2,0,-2
118,All,15,3,3,1,7,3,0,-3
118,All,15,3,3,1,11,4,0,-4
118,All,15,3,3,2,8,0,0,0
118,All,15,3,3,3,11,0,0,0
118,All,15,3,3,3,13,1,0,-1
118,All,16,2,3,1,13,1,0,-1
118,All,17,3,4,1,8,0,0,0
118,All,17,3,4,1,10,1,0,-1
118,All,17,3,4,1,11,2,0,-2
118,All,18,2,4,1,2,0,1,1
118,All,18,2,4,1,3,1,1,0
118,All,18,2,4,1,4,1,2,1
118,All,18,2,4,1,12,2,2,0
118,All,18,2,4,2,2,0,1,1
118,All,18,2,4,2,6,1,1,0
119,All,1,2,1,1,6,0,0,0
119,All,1,2,1,1,7,1,0,-1
119,All,1,2,1,2,7,0,1,1
119,All,1,2,1,2,10,1,1,0
119,All,2,3,1,1,2,0,1,1
119,All,2,3,1,1,4,1,1,0
119,All,2,3,1,1,6,1,2,1
119,All,2,3,1,1,7,2,2,0
119,All,2,3,1,2,2,0,1,1
119,All,2,3,1,2,3,1,1,0
119,All,2,3,1,2,4,2,1,-1
119,All,2,3,1,2,6,1,3,2
119,All,2,3,1,2,7,2,3,1
119,All,2,3,1,2,8,3,3,0
119,All,2,3,1,2,9,3,4,1
119,All,2,3,1,2,10,4,4,0
119,All,2,3,1,2,11,4,5,1
119,All,2,3,1,2,13,5,5,0
119,All,2,3,1,3,3,0,0,0
119,All,2,3,1,3,5,1,0,-1
119,All,2,3,1,3,6,0,2,2
119,All,2,3,1,3,9,2,1,-1
119,All,2,3,1,3,11,3,1,-2
119,All,2,3,1,3,12,1,4,3
119,All,3,3,2,1,2,0,1,1
119,All,3,3,2,1,9,1,1,0
119,All,3,3,2,2,3,1,0,-1
119,All,3,3,2,2,4,2,0,-2
119,All,3,3,2,2,5,0,3,3
119,All,3,3,2,2,6,3,1,-2
119,All,3,3,2,3,3,1,0,-1
119,All,3,3,2,3,5,2,0,-2
119,All,3,3,2,3,11,3,0,-3
119,All,4,4,1,1,2,0,0,0
119,All,4,4,1,1,13,0,1,1
119,All,4,4,1,2,4,0,1,1
119,All,4,4,1,3,2,0,1,1
119,All,4,4,1,3,3,1,1,0
119,All,4,4,1,3,4,1,2,1
119,All,4,4,1,4,2,0,1,1
119,All,5,5,1,1,2,0,1,1
119,All,5,5,1,1,4,1,1,0
119,All,5,5,1,1,5,2,1,-1
119,All,5,5,1,1,6,1,3,2
119,All,5,5,1,1,7,3,2,-1
119,All,5,5,1,2,4,0,0,0
119,All,5,5,1,2,6,0,1,1
119,All,5,5,1,2,7,1,1,0
119,All,5,5,1,3,2,0,1,1
119,All,5,5,1,3,3,1,1,0
119,All,5,5,1,3,4,1,2,1
119,All,5,5,1,3,5,2,2,0
119,All,5,5,1,3,6,3,2,-1
119,All,5,5,1,3,8,4,2,-2
119,All,5,5,1,3,9,5,2,-3
119,All,5,5,1,3,11,6,2,-4
119,All,5,5,1,3,14,2,7,5
119,All,5,5,1,4,3,1,0,-1
119,All,5,5,1,4,4,0,2,2
119,All,5,5,1,4,6,1,2,1
119,All,5,5,1,4,7,2,2,0
119,All,5,5,1,5,2,0,1,1
119,All,5,5,1,5,3,1,1,0
119,All,5,5,1,5,5,1,2,1
119,All,5,5,1,5,7,2,2,0
119,All,5,5,1,5,8,3,2,-1
119,All,6,4,2,1,2,0,1,1
119,All,6,4,2,1,3,1,1,0
119,All,6,4,2,1,4,1,2,1
119,All,6,4,2,1,5,2,2,0
119,All,6,4,2,1,8,3,2,-1
119,All,6,4,2,1,9,2,4,2
119,All,6,4,2,1,10,4,3,-1
119,All,6,4,2,1,11,3,5,2
119,All,6,4,2,2,2,0,0,0
119,All,6,4,2,2,3,0,1,1
119,All,6,4,2,2,4,1,1,0
119,All,6,4,2,2,5,2,1,-1
119,All,6,4,2,2,7,3,1,-2
119,All,6,4,2,2,8,4,1,-3
119,All,6,4,2,2,9,1,5,4
119,All,6,4,2,2,10,5,2,-3
119,All,6,4,2,2,11,2,6,4
119,All,6,4,2,2,13,6,3,-3
119,All,6,4,2,3,3,1,0,-1
119,All,6,4,2,3,5,0,2,2
119,All,6,4,2,3,7,1,2,1
119,All,6,4,2,3,9,2,2,0
119,All,6,4,2,3,10,3,2,-1
119,All,6,4,2,3,11,4,2,-2
119,All,6,4,2,3,13,2,5,3
119,All,6,4,2,4,2,1,0,-1
119,All,6,4,2,4,3,0,2,2
119,All,6,4,2,4,4,1,2,1
119,All,6,4,2,4,5,2,2,0
119,All,6,4,2,4,8,3,2,-1
119,All,6,4,2,4,9,4,2,-2
119,All,6,4,2,4,10,2,5,3
119,All,6,4,2,4,12,5,3,-2
119,All,6,4,2,4,13,6,3,-3
119,All,7,2,2,1,2,0,1,1
119,All,7,2,2,1,3,1,1,0
119,All,7,2,2,1,6,1,2,1
119,All,7,2,2,2,3,0,1,1
119,All,8,5,2,1,2,0,1,1
119,All,8,5,2,1,4,1,1,0
119,All,8,5,2,1,7,2,1,-1
119,All,8,5,2,1,8,1,3,2
119,All,8,5,2,1,10,2,3,1
119,All,8,5,2,1,11,3,3,0
119,All,8,5,2,1,12,4,3,-1
119,All,8,5,2,1,13,5,3,-2
119,All,8,5,2,2,2,1,0,-1
119,All,8,5,2,2,4,0,2,2
119,All,8,5,2,2,6,1,2,1
119,All,8,5,2,2,7,2,2,0
119,All,8,5,2,2,8,3,2,-1
119,All,8,5,2,2,9,4,2,-2
119,All,8,5,2,3,2,0,0,0
119,All,8,5,2,3,4,0,1,1
119,All,8,5,2,3,6,1,1,0
119,All,8,5,2,3,8,2,1,-1
119,All,8,5,2,3,9,1,3,2
119,All,8,5,2,4,3,0,0,0
119,All,8,5,2,4,5,1,0,-1
119,All,8,5,2,4,6,2,0,-2
119,All,8,5,2,4,7,0,3,3
119,All,8,5,2,4,9,1,3,2
119,All,8,5,2,5,2,1,0,-1
119,All,8,5,2,5,3,0,2,2
119,All,8,5,2,5,5,2,1,-1
119,All,8,5,2,5,6,1,3,2
119,All,8,5,2,5,7,3,2,-1
119,All,8,5,2,5,9,4,2,-2
119,All,8,5,2,5,10,2,5,3
119,All,8,5,2,5,13,5,3,-2
119,All,9,6,1,1,2,0,0,0
119,All,9,6,1,1,3,0,1,1
119,All,9,6,1,1,4,1,1,0
119,All,9,6,1,1,5,2,1,-1
119,All,9,6,1,1,6,1,3,2
119,All,9,6,1,1,7,3,2,-1
119,All,9,6,1,1,8,4,2,-2
119,All,9,6,1,1,9,2,5,3
119,All,9,6,1,1,10,5,3,-2
119,All,9,6,1,1,11,6,3,-3
119,All,9,6,1,2,2,0,1,1
119,All,9,6,1,2,3,1,1,0
119,All,9,6,1,2,6,1,2,1
119,All,9,6,1,2,7,2,2,0
119,All,9,6,1,2,9,2,3,1
119,All,9,6,1,2,10,3,3,0
119,All,9,6,1,2,12,3,4,1
119,All,9,6,1,2,13,4,4,0
119,All,9,6,1,3,2,0,0,0
119,All,9,6,1,3,3,0,1,1
119,All,9,6,1,3,4,1,1,0
119,All,9,6,1,3,5,1,2,1
119,All,9,6,1,3,6,2,2,0
119,All,9,6,1,3,8,3,2,-1
119,All,9,6,1,3,10,4,2,-2
119,All,9,6,1,3,12,5,2,-3
119,All,9,6,1,4,2,0,1,1
119,All,9,6,1,4,3,1,1,0
119,All,9,6,1,4,5,1,2,1
119,All,9,6,1,4,10,2,2,0
119,All,9,6,1,4,11,3,2,-1
119,All,9,6,1,4,12,2,4,2
119,All,9,6,1,4,13,4,3,-1
119,All,9,6,1,5,2,1,0,-1
119,All,9,6,1,5,3,0,2,2
119,All,9,6,1,5,4,1,2,1
119,All,9,6,1,5,6,2,2,0
119,All,9,6,1,5,7,3,2,-1
119,All,9,6,1,5,9,2,4,2
119,All,9,6,1,5,12,3,4,1
119,All,9,6,1,6,3,0,1,1
119,All,9,6,1,6,4,1,1,0
119,All,9,6,1,6,6,1,2,1
119,All,9,6,1,6,7,2,2,0
119,All,9,6,1,6,8,3,2,-1
119,All,9,6,1,6,9,4,2,-2
119,All,9,6,1,6,10,2,5,3
119,All,9,6,1,6,11,3,5,2
119,All,9,6,1,6,14,4,5,1
119,All,10,4,3,1,2,0,0,0
119,All,10,4,3,1,13,1,0,-1
119,All,10,4,3,2,4,1,0,-1
119,All,10,4,3,2,5,0,2,2
119,All,10,4,3,3,2,1,0,-1
119,All,10,4,3,3,3,2,0,-2
119,All,10,4,3,4,2,0,1,1
119,All,10,4,3,4,4,1,1,0
119,All,10,4,3,4,6,1,2,1
119,All,10,4,3,4,9,2,2,0
119,All,10,4,3,4,12,2,3,1
119,All,11,6,2,1,2,0,1,1
119,All,11,6,2,1,3,1,1,0
119,All,11,6,2,1,4,1,2,1
119,All,11,6,2,1,5,2,2,0
119,All,11,6,2,1,7,2,3,1
119,All,11,6,2,1,8,3,3,0
119,All,11,6,2,1,11,4,3,-1
119,All,11,6,2,1,13,5,3,-2
119,All,11,6,2,2,2,0,0,0
119,All,11,6,2,2,4,1,0,-1
119,All,11,6,2,2,5,2,0,-2
119,All,11,6,2,2,6,3,0,-3
119,All,11,6,2,2,8,0,4,4
119,All,11,6,2,2,10,4,1,-3
119,All,11,6,2,3,6,0,0,0
119,All,11,6,2,3,8,0,1,1
119,All,11,6,2,3,11,1,1,0
119,All,11,6,2,4,3,0,1,1
119,All,11,6,2,4,4,1,1,0
119,All,11,6,2,4,5,2,1,-1
119,All,11,6,2,4,6,3,1,-2
119,All,11,6,2,4,7,1,4,3
119,All,11,6,2,4,8,4,2,-2
119,All,11,6,2,4,9,2,5,3
119,All,11,6,2,4,10,3,5,2
119,All,11,6,2,5,3,0,1,1
119,All,11,6,2,5,4,1,1,0
119,All,11,6,2,5,8,1,2,1
119,All,11,6,2,5,11,2,2,0
119,All,11,6,2,6,2,0,1,1
119,All,11,6,2,6,3,1,1,0
119,All,11,6,2,6,4,2,1,-1
119,All,11,6,2,6,5,1,3,2
119,All,11,6,2,6,6,3,2,-1
119,All,11,6,2,6,7,4,2,-2
119,All,11,6,2,6,8,2,5,3
119,All,11,6,2,6,9,5,3,-2
119,All,11,6,2,6,10,6,3,-3
119,All,11,6,2,6,11,7,3,-4
119,All,11,6,2,6,12,3,8,5
119,All,11,6,2,6,13,4,8,4
119,All,12,5,3,1,2,0,0,0
119,All,12,5,3,1,11,0,1,1
119,All,12,5,3,1,13,1,1,0
119,All,12,5,3,2,3,0,1,1
119,All,12,5,3,2,4,1,1,0
119,All,12,5,3,2,6,1,2,1
119,All,12,5,3,2,10,2,2,0
119,All,12,5,3,2,12,3,2,-1
119,All,12,5,3,3,5,1,0,-1
119,All,12,5,3,3,7,2,0,-2
119,All,12,5,3,3,11,3,0,-3
119,All,12,5,3,3,13,4,0,-4
119,All,13,4,4,1,4,0,0,0
119,All,13,4,4,1,6,1,0,-1
119,All,13,4,4,1,7,2,0,-2
119,All,13,4,4,1,8,0,3,3
119,All,13,4,4,1,9,3,1,-2
119,All,13,4,4,1,12,1,4,3
119,All,13,4,4,2,3,0,0,0
119,All,13,4,4,2,4,1,0,-1
119,All,13,4,4,2,5,2,0,-2
119,All,13,4,4,2,9,3,0,-3
119,All,13,4,4,2,11,4,0,-4
119,All,13,4,4,2,12,5,0,-5
119,All,13,4,4,3,3,0,0,0
119,All,13,4,4,3,4,1,0,-1
119,All,13,4,4,3,5,0,2,2
119,All,13,4,4,3,7,1,2,1
119,All,13,4,4,3,8,2,2,0
119,All,13,4,4,3,10,2,3,1
119,All,13,4,4,3,11,3,3,0
119,All,13,4,4,4,6,0,0,0
119,All,13,4,4,4,9,1,0,-1
119,All,13,4,4,4,10,2,0,-2
119,All,13,4,4,4,12,3,0,-3
119,All,14,6,3,1,2,0,1,1
119,All,14,6,3,1,3,1,1,0
119,All,14,6,3,1,4,2,1,-1
119,All,14,6,3,1,5,1,3,2
119,All,14,6,3,1,6,3,2,-1
119,All,14,6,3,1,7,4,2,-2
119,All,14,6,3,1,8,5,2,-3
119,All,14,6,3,1,10,2,6,4
119,All,14,6,3,1,11,6,3,-3
119,All,14,6,3,1,12,7,3,-4
119,All,14,6,3,2,3,0,1,1
119,All,14,6,3,2,6,1,1,0
119,All,14,6,3,2,7,2,1,-1
119,All,14,6,3,2,8,3,1,-2
119,All,14,6,3,2,11,1,4,3
119,All,14,6,3,3,2,0,1,1
119,All,14,6,3,3,3,1,1,0
119,All,14,6,3,3,4,2,1,-1
119,All,14,6,3,3,12,3,1,-2
119,All,14,6,3,3,13,4,1,-3
119,All,14,6,3,4,3,0,0,0
119,All,14,6,3,4,7,1,0,-1
119,All,14,6,3,4,8,0,2,2
119,All,14,6,3,4,9,1,2,1
119,All,14,6,3,4,10,2,2,0
119,All,14,6,3,5,2,1,0,-1
119,All,14,6,3,5,3,2,0,-2
119,All,14,6,3,5,4,3,0,-3
119,All,14,6,3,5,5,4,0,-4
119,All,14,6,3,5,6,5,0,-5
119,All,14,6,3,5,7,6,0,-6
119,All,14,6,3,5,8,0,7,7
119,All,14,6,3,5,9,1,7,6
119,All,14,6,3,5,10,7,2,-5
119,All,14,6,3,5,11,8,2,-6
119,All,14,6,3,5,12,2,9,7
119,All,14,6,3,5,13,3,9,6
119,All,14,6,3,5,14,4,9,5
119,All,14,6,3,6,11,0,0,0
119,All,15,3,3,1,8,0,0,0
119,All,15,3,3,1,9,1,0,-1
119,All,15,3,3,1,11,2,0,-2
119,All,15,3,3,1,12,3,0,-3
119,All,15,3,3,1,13,4,0,-4
119,All,15,3,3,3,2,1,0,-1
119,All,15,3,3,3,3,0,2,2
119,All,15,3,3,3,6,1,2,1
119,All,15,3,3,3,8,2,2,0
119,All,16,2,3,1,3,0,0,0
119,All,16,2,3,1,10,1,0,-1
119,All,16,2,3,1,11,2,0,-2
119,All,16,2,3,2,2,0,1,1
119,All,16,2,3,2,3,1,1,0
119,All,16,2,3,2,6,2,1,-1
119,All,16,2,3,2,10,3,1,-2
119,All,17,3,4,1,2,0,0,0
119,All,17,3,4,1,3,1,0,-1
119,All,17,3,4,1,4,2,0,-2
119,All,17,3,4,1,5,3,0,-3
119,All,17,3,4,1,6,0,4,4
119,All,17,3,4,1,11,4,1,-3
119,All,17,3,4,2,2,0,1,1
119,All,17,3,4,2,3,1,1,0
119,All,17,3,4,2,7,1,2,1
119,All,17,3,4,2,10,2,2,0
119,All,17,3,4,3,3,0,0,0
119,All,17,3,4,3,11,1,0,-1
119,All,18,2,4,1,2,0,1,1
119,All,18,2,4,1,11,1,1,0
119,All,18,2,4,1,12,2,1,-1
119,All,18,2,4,1,13,3,1,-2
119,All,18,2,4,2,2,1,0,-1
119,All,18,2,4,2,3,0,2,2
120,All,1,2,1,1,2,0,1,1
120,All,1,2,1,1,6,1,1,0
120,All,1,2,1,1,9,2,1,-1
120,All,1,2,1,1,12,3,1,-2
120,All,1,2,1,2,2,1,0,-1
120,All,1,2,1,2,3,2,0,-2
120,All,1,2,1,2,6,0,3,3
120,All,1,2,1,2,9,1,3,2
120,All,2,3,1,1,2,1,0,-1
120,All,2,3,1,1,3,0,2,2
120,All,2,3,1,1,4,1,2,1
120,All,2,3,1,1,6,2,2,0
120,All,2,3,1,1,8,3,2,-1
120,All,2,3,1,1,9,4,2,-2
120,All,2,3,1,1,10,5,2,-3
120,All,2,3,1,1,11,6,2,-4
120,All,2,3,1,1,12,7,2,-5
120,All,2,3,1,2,2,1,0,-1
120,All,2,3,1,2,3,0,2,2
120,All,2,3,1,2,6,2,1,-1
120,All,2,3,1,2,10,3,1,-2
120,All,2,3,1,3,5,0,0,0
120,All,2,3,1,3,9,1,0,-1
120,All,2,3,1,3,10,0,2,2
120,All,2,3,1,3,11,2,1,-1
120,All,2,3,1,3,13,3,1,-2
120,All,3,3,2,1,2,1,0,-1
120,All,3,3,2,1,9,2,0,-2
120,All,3,3,2,1,10,3,0,-3
120,All,3,3,2,2,3,0,1,1
120,All,3,3,2,2,4,1,1,0
120,All,3,3,2,2,5,1,2,1
120,All,3,3,2,2,6,2,2,0
120,All,3,3,2,2,7,2,3,1
120,All,3,3,2,3,9,0,0,0
120,All,3,3,2,3,10,1,0,-1
120,All,3,3,2,3,11,2,0,-2
120,All,3,3,2,3,12,3,0,-3
120,All,3,3,2,3,13,4,0,-4
120,All,4,4,1,1,5,0,0,0
120,All,4,4,1,1,7,1,0,-1
120,All,4,4,1,1,11,0,2,2
120,All,4,4,1,2,2,1,0,-1
120,All,4,4,1,2,3,0,2,2
120,All,4,4,1,2,5,2,1,-1
120,All,4,4,1,2,6,1,3,2
120,All,4,4,1,2,9,2,3,1
120,All,4,4,1,2,10,3,3,0
120,All,4,4,1,2,11,3,4,1
120,All,4,4,1,2,13,4,4,0
120,All,4,4,1,3,2,0,0,0
120,All,4,4,1,3,3,0,1,1
120,All,4,4,1,3,4,1,1,0
120,All,4,4,1,3,5,1,2,1
120,All,4,4,1,3,6,2,2,0
120,All,4,4,1,3,7,3,2,-1
120,All,4,4,1,3,9,2,4,2
120,All,4,4,1,3,10,4,3,-1
120,All,4,4,1,3,13,3,5,2
120,All,4,4,1,4,2,0,0,0
120,All,4,4,1,4,5,0,1,1
120,All,4,4,1,4,6,1,1,0
120,All,4,4,1,4,8,1,2,1
120,All,4,4,1,4,9,2,2,0
120,All,4,4,1,4,11,3,2,-1
120,All,5,5,1,2,2,0,1,1
120,All,5,5,1,2,3,1,1,0
120,All,5,5,1,2,5,2,1,-1
120,All,5,5,1,2,6,1,3,2
120,All,5,5,1,2,12,3,2,-1
120,All,5,5,1,4,3,1,0,-1
120,All,5,5,1,4,4,2,0,-2
120,All,5,5,1,4,5,3,0,-3
120,All,5,5,1,4,7,4,0,-4
120,All,5,5,1,4,8,5,0,-5
120,All,5,5,1,4,9,0,6,6
120,All,6,4,2,1,2,0,0,0
120,All,6,4,2,1,3,0,1,1
120,All,6,4,2,1,4,1,1,0
120,All,6,4,2,3,3,0,1,1
120,All,6,4,2,4,2,0,0,0
120,All,6,4,2,4,3,1,0,-1
120,All,6,4,2,4,6,2,0,-2
120,All,6,4,2,4,10,3,0,-3
120,All,6,4,2,4,11,0,4,4
120,All,6,4,2,4,13,4,1,-3
120,All,7,2,2,1,4,0,0,0
120,All,7,2,2,1,7,1,0,-1
120,All,7,2,2,1,9,2,0,-2
120,All,7,2,2,1,12,3,0,-3
120,All,7,2,2,2,7,0,1,1
120,All,7,2,2,2,8,1,1,0
120,All,7,2,2,2,10,2,1,-1
120,All,7,2,2,2,13,3,1,-2
120,All,8,5,2,1,2,0,1,1
120,All,8,5,2,1,6,1,1,0
120,All,8,5,2,1,7,2,1,-1
120,All,8,5,2,1,8,1,3,2
120,All,8,5,2,1,11,3,2,-1
120,All,8,5,2,2,4,0,0,0
120,All,8,5,2,3,2,0,0,0
120,All,8,5,2,3,6,0,1,1
120,All,8,5,2,3,7,1,1,0
120,All,8,5,2,4,2,1,0,-1
120,All,8,5,2,4,3,0,2,2
120,All,8,5,2,4,4,2,1,-1
120,All,8,5,2,4,5,3,1,-2
120,All,8,5,2,4,6,1,4,3
120,All,8,5,2,4,7,4,2,-2
120,All,8,5,2,4,8,5,2,-3
120,All,8,5,2,4,12,6,2,-4
120,All,8,5,2,5,3,0,1,1
120,All,8,5,2,5,4,1,1,0
120,All,8,5,2,5,5,1,2,1
120,All,8,5,2,5,6,2,2,0
120,All,8,5,2,5,7,2,3,1
120,All,8,5,2,5,9,3,3,0
120,All,8,5,2,5,10,4,3,-1
120,All,9,6,1,1,10,0,1,1
120,All,9,6,1,2,2,1,0,-1
120,All,9,6,1,2,3,2,0,-2
120,All,9,6,1,2,4,3,0,-3
120,All,9,6,1,2,5,4,0,-4
120,All,9,6,1,2,6,5,0,-5
120,All,9,6,1,2,7,6,0,-6
120,All,9,6,1,3,5,0,0,0
120,All,9,6,1,4,3,1,0,-1
120,All,9,6,1,4,8,0,2,2
120,All,9,6,1,6,2,0,1,1
120,All,9,6,1,6,4,1,1,0
120,All,9,6,1,6,5,2,1,-1
120,All,9,6,1,6,6,3,1,-2
120,All,9,6,1,6,7,1,4,3
120,All,9,6,1,6,8,2,4,2
120,All,10,4,3,1,3,1,0,-1
120,All,10,4,3,1,5,2,0,-2
120,All,10,4,3,1,7,0,3,3
120,All,10,4,3,3,3,1,0,-1
120,All,11,6,2,1,2,0,1,1
120,All,11,6,2,1,3,1,1,0
120,All,11,6,2,1,4,2,1,-1
120,All,11,6,2,1,6,3,1,-2
120,All,11,6,2,2,2,1,0,-1
120,All,11,6,2,2,3,0,2,2
120,All,11,6,2,2,4,2,1,-1
120,All,11,6,2,2,5,3,1,-2
120,All,11,6,2,2,6,4,1,-3
120,All,11,6,2,2,7,5,1,-4
120,All,11,6,2,2,8,6,1,-5
120,All,11,6,2,2,9,1,7,6
120,All,11,6,2,2,10,2,7,5
120,All,11,6,2,2,12,7,3,-4
120,All,11,6,2,3,2,0,1,1
120,All,11,6,2,3,3,1,1,0
120,All,11,6,2,3,4,1,2,1
120,All,11,6,2,3,6,2,2,0
120,All,11,6,2,3,7,3,2,-1
120,All,11,6,2,3,8,4,2,-2
120,All,11,6,2,3,9,2,5,3
120,All,11,6,2,3,10,5,3,-2
120,All,11,6,2,3,11,3,6,3
120,All,11,6,2,4,2,0,1,1
120,All,11,6,2,5,2,1,0,-1
120,All,11,6,2,5,3,0,2,2
120,All,11,6,2,5,4,1,2,1
120,All,11,6,2,6,9,1,0,-1
120,All,12,5,3,1,2,1,0,-1
120,All,12,5,3,1,3,0,2,2
120,All,12,5,3,1,4,2,1,-1
120,All,12,5,3,1,5,3,1,-2
120,All,12,5,3,1,6,4,1,-3
120,All,12,5,3,1,7,1,5,4
120,All,12,5,3,1,8,5,2,-3
120,All,12,5,3,1,9,2,6,4
120,All,12,5,3,1,10,3,6,3
120,All,12,5,3,1,12,6,4,-2
120,All,12,5,3,1,13,7,4,-3
120,All,12,5,3,2,3,0,1,1
120,All,12,5,3,2,4,1,1,0
120,All,12,5,3,2,6,2,1,-1
120,All,12,5,3,2,11,3,1,-2
120,All,12,5,3,3,3,0,0,0
120,All,12,5,3,3,5,1,0,-1
120,All,12,5,3,4,2,1,0,-1
120,All,12,5,3,4,3,0,2,2
120,All,12,5,3,4,4,2,1,-1
120,All,12,5,3,4,5,1,3,2
120,All,12,5,3,4,6,3,2,-1
120,All,12,5,3,4,7,2,4,2
120,All,12,5,3,4,8,4,3,-1
120,All,12,5,3,4,9,3,5,2
120,All,12,5,3,4,10,4,5,1
120,All,12,5,3,4,11,5,5,0
120,All,12,5,3,4,12,5,6,1
120,All,12,5,3,4,13,6,6,0
120,All,12,5,3,5,2,1,0,-1
120,All,12,5,3,5,3,2,0,-2
120,All,12,5,3,5,4,0,3,3
120,All,12,5,3,5,5,3,1,-2
120,All,12,5,3,5,6,1,4,3
120,All,12,5,3,5,7,2,4,2
120,All,12,5,3,5,8,3,4,1
120,All,12,5,3,5,10,4,4,0
120,All,12,5,3,5,13,5,4,-1
120,All,13,4,4,1,2,1,0,-1
120,All,13,4,4,1,3,0,2,2
120,All,13,4,4,1,4,1,2,1
120,All,13,4,4,1,5,2,2,0
120,All,13,4,4,1,6,2,3,1
120,All,13,4,4,2,2,0,0,0
120,All,13,4,4,2,3,0,1,1
120,All,13,4,4,3,2,0,0,0
120,All,13,4,4,3,3,1,0,-1
120,All,13,4,4,3,4,0,2,2
120,All,13,4,4,3,5,2,1,-1
120,All,13,4,4,3,6,3,1,-2
120,All,13,4,4,3,7,1,4,3
120,All,13,4,4,3,9,2,4,2
120,All,13,4,4,3,10,4,3,-1
120,All,13,4,4,3,11,5,3,-2
120,All,13,4,4,3,12,6,3,-3
120,All,13,4,4,4,2,1,0,-1
120,All,13,4,4,4,5,2,0,-2
120,All,13,4,4,4,7,3,0,-3
120,All,13,4,4,4,8,0,4,4
120,All,13,4,4,4,9,1,4,3
120,All,13,4,4,4,10,4,2,-2
120,All,13,4,4,4,11,5,2,-3
120,All,14,6,3,1,4,0,1,1
120,All,14,6,3,1,6,1,1,0
120,All,14,6,3,3,3,0,0,0
120,All,14,6,3,5,2,0,1,1
120,All,14,6,3,5,6,1,1,0
120,All,14,6,3,6,2,0,1,1
120,All,15,3,3,1,8,0,0,0
120,All,15,3,3,2,6,1,0,-1
120,All,15,3,3,3,2,1,0,-1
120,All,15,3,3,3,3,0,2,2
120,All,15,3,3,3,13,2,1,-1
120,All,16,2,3,1,7,1,0,-1
120,All,16,2,3,1,9,2,0,-2
120,All,16,2,3,1,11,3,0,-3
120,All,16,2,3,2,8,0,0,0
120,All,16,2,3,2,11,1,0,-1
120,All,17,3,4,1,2,0,1,1
120,All,17,3,4,1,3,1,1,0
120,All,17,3,4,1,10,2,1,-1
120,All,17,3,4,2,2,0,0,0
120,All,17,3,4,2,6,1,0,-1
120,All,17,3,4,3,9,0,0,0
120,All,17,3,4,3,11,1,0,-1
120,All,18,2,4,1,2,0,1,1
120,All,18,2,4,1,12,1,1,0
120,All,18,2,4,2,7,0,1,1
121,All,1,2,1,1,2,0,1,1
121,All,1,2,1,2,2,0,0,0
121,All,1,2,1,2,5,1,0,-1
121,All,2,3,1,1,13,0,1,1
121,All,2,3,1,3,2,0,1,1
121,All,3,3,2,1,2,0,1,1
121,All,3,3,2,2,8,0,0,0
121,All,4,4,1,1,2,0,1,1
121,All,4,4,1,2,2,0,1,1
121,All,4,4,1,3,11,0,1,1
121,All,5,5,1,3,2,0,1,1
121,All,6,4,2,1,2,0,1,1
121,All,6,4,2,1,3,1,1,0
121,All,7,2,2,1,4,0,0,0
121,All,8,5,2,1,2,0,1,1
121,All,8,5,2,2,2,0,1,1
121,All,8,5,2,5,5,0,0,0
121,All,9,6,1,1,6,1,0,-1
121,All,9,6,1,2,2,0,1,1
121,All,9,6,1,3,7,1,0,-1
121,All,9,6,1,4,3,0,1,1
121,All,10,4,3,1,2,0,1,1
121,All,10,4,3,3,2,0,1,1
121,All,10,4,3,4,2,0,0,0
121,All,11,6,2,2,2,0,1,1
121,All,11,6,2,2,4,1,1,0
121,All,11,6,2,2,5,2,1,-1
121,All,11,6,2,2,7,3,1,-2
121,All,11,6,2,3,2,0,0,0
121,All,11,6,2,3,4,0,1,1
121,All,11,6,2,4,2,0,1,1
121,All,11,6,2,4,12,1,1,0
121,All,11,6,2,5,13,0,0,0
121,All,11,6,2,6,8,0,0,0
121,All,12,5,3,3,12,1,0,-1
121,All,13,4,4,1,2,0,1,1
121,All,13,4,4,2,2,0,1,1
121,All,13,4,4,2,5,1,1,0
121,All,14,6,3,2,2,0,1,1
121,All,14,6,3,3,3,0,0,0
121,All,14,6,3,4,6,0,0,0
121,All,14,6,3,6,6,0,0,0
121,All,17,3,4,2,11,0,0,0
121,All,17,3,4,3,2,0,1,1
121,All,18,2,4,1,2,0,1,1
121,All,18,2,4,1,9,1,1,0
122,All,1,2,1,1,5,1,0,-1
122,All,1,2,1,1,8,2,0,-2
122,All,1,2,1,2,2,0,0,0
122,All,1,2,1,2,3,1,0,-1
122,All,1,2,1,2,5,0,2,2
122,All,1,2,1,2,11,1,2,1
122,All,1,2,1,2,13,2,2,0
122,All,2,3,1,1,2,0,1,1
122,All,2,3,1,1,3,1,1,0
122,All,2,3,1,1,5,2,1,-1
122,All,2,3,1,1,6,3,1,-2
122,All,2,3,1,1,7,4,1,-3
122,All,2,3,1,1,8,5,1,-4
122,All,2,3,1,1,9,6,1,-5
122,All,2,3,1,2,2,0,1,1
122,All,2,3,1,2,3,1,1,0
122,All,2,3,1,2,6,1,2,1
122,All,2,3,1,2,8,2,2,0
122,All,2,3,1,2,11,2,3,1
122,All,2,3,1,2,13,3,3,0
122,All,2,3,1,3,2,1,0,-1
122,All,2,3,1,3,3,0,2,2
122,All,2,3,1,3,4,2,1,-1
122,All,2,3,1,3,8,1,3,2
122,All,2,3,1,3,10,2,3,1
122,All,2,3,1,3,11,3,3,0
122,All,2,3,1,3,12,3,4,1
122,All,2,3,1,3,13,4,4,0
122,All,3,3,2,1,5,1,0,-1
122,All,3,3,2,1,8,2,0,-2
122,All,3,3,2,1,12,3,0,-3
122,All,3,3,2,2,3,0,1,1
122,All,3,3,2,2,8,1,1,0
122,All,3,3,2,2,9,2,1,-1
122,All,3,3,2,2,12,3,1,-2
122,All,3,3,2,3,4,0,0,0
122,All,3,3,2,3,8,0,1,1
122,All,3,3,2,3,9,1,1,0
122,All,3,3,2,3,10,2,1,-1
122,All,3,3,2,3,12,3,1,-2
122,All,3,3,2,3,13,4,1,-3
122,All,4,4,1,1,4,0,0,0
122,All,4,4,1,1,7,0,1,1
122,All,4,4,1,1,8,1,1,0
122,All,4,4,1,1,9,1,2,1
122,All,4,4,1,1,10,2,2,0
122,All,4,4,1,2,2,0,1,1
122,All,4,4,1,2,4,1,1,0
122,All,4,4,1,2,5,1,2,1
122,All,4,4,1,2,6,2,2,0
122,All,4,4,1,3,2,0,1,1
122,All,4,4,1,3,3,1,1,0
122,All,4,4,1,3,5,2,1,-1
122,All,4,4,1,3,6,1,3,2
122,All,4,4,1,3,7,3,2,-1
122,All,4,4,1,3,9,4,2,-2
122,All,4,4,1,3,10,2,5,3
122,All,4,4,1,4,2,0,0,0
122,All,4,4,1,4,3,0,1,1
122,All,4,4,1,4,6,1,1,0
122,All,4,4,1,4,7,2,1,-1
122,All,4,4,1,4,8,3,1,-2
122,All,4,4,1,4,9,4,1,-3
122,All,5,5,1,1,6,0,0,0
122,All,5,5,1,1,9,0,1,1
122,All,5,5,1,2,4,0,0,0
122,All,5,5,1,2,5,1,0,-1
122,All,5,5,1,2,6,0,2,2
122,All,5,5,1,2,7,2,1,-1
122,All,5,5,1,3,2,1,0,-1
122,All,5,5,1,3,3,0,2,2
122,All,5,5,1,3,4,2,1,-1
122,All,5,5,1,3,5,3,1,-2
122,All,5,5,1,3,7,1,4,3
122,All,5,5,1,3,8,2,4,2
122,All,5,5,1,3,9,3,4,1
122,All,5,5,1,3,10,4,4,0
122,All,5,5,1,3,12,4,5,1
122,All,5,5,1,3,13,5,5,0
122,All,5,5,1,3,14,6,5,-1
122,All,5,5,1,4,3,0,1,1
122,All,5,5,1,4,5,1,1,0
122,All,5,5,1,4,6,1,2,1
122,All,5,5,1,4,7,2,2,0
122,All,5,5,1,4,8,3,2,-1
122,All,5,5,1,4,11,2,4,2
122,All,5,5,1,4,12,4,3,-1
122,All,5,5,1,5,2,1,0,-1
122,All,5,5,1,5,3,2,0,-2
122,All,5,5,1,5,4,0,3,3
122,All,5,5,1,5,5,3,1,-2
122,All,5,5,1,5,8,1,4,3
122,All,5,5,1,5,11,4,2,-2
122,All,5,5,1,5,12,2,5,3
122,All,6,4,2,1,2,1,0,-1
122,All,6,4,2,1,3,2,0,-2
122,All,6,4,2,1,4,0,3,3
122,All,6,4,2,1,5,3,1,-2
122,All,6,4,2,1,6,4,1,-3
122,All,6,4,2,1,7,5,1,-4
122,All,6,4,2,1,8,1,6,5
122,All,6,4,2,1,9,2,6,4
122,All,6,4,2,1,10,3,6,3
122,All,6,4,2,1,11,6,4,-2
122,All,6,4,2,1,12,4,7,3
122,All,6,4,2,2,4,0,1,1
122,All,6,4,2,2,5,1,1,0
122,All,6,4,2,2,6,1,2,1
122,All,6,4,2,2,8,2,2,0
122,All,6,4,2,2,9,3,2,-1
122,All,6,4,2,2,10,4,2,-2
122,All,6,4,2,2,11,5,2,-3
122,All,6,4,2,2,12,2,6,4
122,All,6,4,2,2,13,6,3,-3
122,All,6,4,2,3,4,1,0,-1
122,All,6,4,2,3,5,0,2,2
122,All,6,4,2,3,6,2,1,-1
122,All,6,4,2,3,11,3,1,-2
122,All,6,4,2,3,12,1,4,3
122,All,6,4,2,3,13,4,2,-2
122,All,6,4,2,4,3,1,0,-1
122,All,6,4,2,4,6,2,0,-2
122,All,6,4,2,4,7,3,0,-3
122,All,6,4,2,4,10,0,4,4
122,All,6,4,2,4,12,4,1,-3
122,All,7,2,2,1,9,0,0,0
122,All,8,5,2,1,2,0,1,1
122,All,8,5,2,1,4,1,1,0
122,All,8,5,2,1,6,2,1,-1
122,All,8,5,2,2,2,0,1,1
122,All,8,5,2,2,5,1,1,0
122,All,8,5,2,5,2,1,0,-1
122,All,8,5,2,5,5,2,0,-2
122,All,8,5,2,5,10,3,0,-3
122,All,9,6,1,1,3,0,1,1
122,All,9,6,1,1,5,1,1,0
122,All,9,6,1,1,6,2,1,-1
122,All,9,6,1,1,11,1,3,2
122,All,9,6,1,1,12,2,3,1
122,All,9,6,1,2,2,0,1,1
122,All,9,6,1,2,4,1,1,0
122,All,9,6,1,2,5,1,2,1
122,All,9,6,1,2,6,2,2,0
122,All,9,6,1,2,11,3,2,-1
122,All,9,6,1,2,12,2,4,2
122,All,9,6,1,2,13,4,3,-1
122,All,9,6,1,3,3,1,0,-1
122,All,9,6,1,3,5,0,2,2
122,All,9,6,1,3,8,1,2,1
122,All,9,6,1,3,11,2,2,0
122,All,9,6,1,3,12,3,2,-1
122,All,9,6,1,3,13,2,4,2
122,All,9,6,1,4,8,1,0,-1
122,All,9,6,1,4,11,0,2,2
122,All,9,6,1,4,13,1,2,1
122,All,9,6,1,6,2,1,0,-1
122,All,9,6,1,6,3,2,0,-2
122,All,9,6,1,6,4,0,3,3
122,All,9,6,1,6,5,1,3,2
122,All,9,6,1,6,8,2,3,1
122,All,9,6,1,6,10,3,3,0
122,All,9,6,1,6,11,4,3,-1
122,All,10,4,3,1,2,1,0,-1
122,All,10,4,3,1,3,0,2,2
122,All,10,4,3,1,5,1,2,1
122,All,10,4,3,1,6,2,2,0
122,All,10,4,3,1,7,3,2,-1
122,All,10,4,3,1,8,2,4,2
122,All,10,4,3,1,9,3,4,1
122,All,10,4,3,1,10,4,4,0
122,All,10,4,3,1,11,4,5,1
122,All,10,4,3,1,12,5,5,0
122,All,10,4,3,2,2,1,0,-1
122,All,10,4,3,2,3,0,2,2
122,All,10,4,3,2,4,1,2,1
122,All,10,4,3,2,6,2,2,0
122,All,10,4,3,2,7,2,3,1
122,All,10,4,3,2,8,3,3,0
122,All,10,4,3,2,9,3,4,1
122,All,10,4,3,2,10,4,4,0
122,All,10,4,3,2,12,4,5,1
122,All,10,4,3,3,2,1,0,-1
122,All,10,4,3,3,3,2,0,-2
122,All,10,4,3,3,4,3,0,-3
122,All,10,4,3,3,5,4,0,-4
122,All,10,4,3,3,6,0,5,5
122,All,10,4,3,3,10,1,5,4
122,All,10,4,3,4,3,0,0,0
122,All,10,4,3,4,9,1,0,-1
122,All,10,4,3,4,10,2,0,-2
122,All,11,6,2,1,2,0,0,0
122,All,11,6,2,1,3,0,1,1
122,All,11,6,2,1,4,1,1,0
122,All,11,6,2,1,6,2,1,-1
122,All,11,6,2,1,7,3,1,-2
122,All,11,6,2,2,2,0,1,1
122,All,11,6,2,2,3,1,1,0
122,All,11,6,2,2,7,2,1,-1
122,All,11,6,2,2,9,1,3,2
122,All,11,6,2,2,10,3,2,-1
122,All,11,6,2,2,11,2,4,2
122,All,11,6,2,2,12,3,4,1
122,All,11,6,2,3,9,0,0,0
122,All,11,6,2,3,10,0,1,1
122,All,11,6,2,3,11,1,1,0
122,All,11,6,2,3,12,1,2,1
122,All,11,6,2,3,13,2,2,0
122,All,11,6,2,4,7,0,0,0
122,All,11,6,2,4,8,0,1,1
122,All,11,6,2,4,11,1,1,0
122,All,11,6,2,5,2,0,1,1
122,All,11,6,2,5,3,1,1,0
122,All,11,6,2,5,8,1,2,1
122,All,11,6,2,5,9,2,2,0
122,All,11,6,2,5,12,3,2,-1
122,All,11,6,2,5,13,4,2,-2
122,All,11,6,2,6,7,0,0,0
122,All,11,6,2,6,9,0,1,1
122,All,11,6,2,6,10,1,1,0
122,All,11,6,2,6,12,1,2,1
122,All,11,6,2,6,13,2,2,0
122,All,12,5,3,2,2,0,1,1
122,All,12,5,3,2,3,1,1,0
122,All,12,5,3,2,6,1,2,1
122,All,12,5,3,2,7,2,2,0
122,All,12,5,3,2,8,3,2,-1
122,All,12,5,3,3,2,1,0,-1
122,All,12,5,3,3,3,0,2,2
122,All,12,5,3,3,4,2,1,-1
122,All,12,5,3,3,5,1,3,2
122,All,12,5,3,3,7,2,3,1
122,All,12,5,3,3,8,3,3,0
122,All,12,5,3,3,12,4,3,-1
122,All,12,5,3,4,10,0,0,0
122,All,12,5,3,5,12,0,0,0
122,All,13,4,4,1,2,0,1,1
122,All,13,4,4,1,4,1,1,0
122,All,13,4,4,1,9,2,1,-1
122,All,13,4,4,2,2,0,0,0
122,All,13,4,4,2,3,0,1,1
122,All,13,4,4,2,13,1,1,0
122,All,13,4,4,4,2,0,0,0
122,All,13,4,4,4,3,1,0,-1
122,All,13,4,4,4,7,2,0,-2
122,All,13,4,4,4,9,3,0,-3
122,All,13,4,4,4,10,4,0,-4
122,All,14,6,3,1,2,0,1,1
122,All,14,6,3,1,3,1,1,0
122,All,14,6,3,1,4,2,1,-1
122,All,14,6,3,1,5,1,3,2
122,All,14,6,3,1,6,2,3,1
122,All,14,6,3,1,7,3,3,0
122,All,14,6,3,1,11,4,3,-1
122,All,14,6,3,2,5,0,1,1
122,All,14,6,3,2,6,1,1,0
122,All,14,6,3,2,7,1,2,1
122,All,14,6,3,4,2,0,1,1
122,All,14,6,3,4,4,1,1,0
122,All,14,6,3,4,6,2,1,-1
122,All,14,6,3,4,13,3,1,-2
122,All,14,6,3,5,2,0,0,0
122,All,14,6,3,5,4,1,0,-1
122,All,14,6,3,5,6,0,2,2
122,All,14,6,3,5,7,2,1,-1
122,All,14,6,3,5,8,1,3,2
122,All,14,6,3,5,9,3,2,-1
122,All,14,6,3,5,10,4,2,-2
122,All,14,6,3,6,4,0,0,0
122,All,14,6,3,6,10,1,0,-1
122,All,15,3,3,3,4,0,1,1
122,All,15,3,3,3,13,1,1,0
122,All,17,3,4,2,2,0,1,1
122,All,17,3,4,3,13,1,0,-1
122,All,18,2,4,1,2,0,1,1
122,All,18,2,4,2,2,0,1,1
122,All,18,2,4,2,11,1,1,0
123,All,1,2,1,2,2,0,1,1
123,All,2,3,1,1,13,0,0,0
123,All,2,3,1,3,2,0,1,1
123,All,3,3,2,1,13,0,0,0
123,All,3,3,2,2,2,0,1,1
123,All,3,3,2,3,2,1,0,-1
123,All,3,3,2,3,3,0,2,2
123,All,4,4,1,1,2,0,1,1
123,All,4,4,1,1,6,1,1,0
123,All,4,4,1,1,9,2,1,-1
123,All,4,4,1,3,2,1,0,-1
123,All,5,5,1,4,2,0,0,0
123,All,5,5,1,4,5,1,0,-1
123,All,6,4,2,1,2,0,1,1
123,All,6,4,2,1,4,1,1,0
123,All,6,4,2,3,4,0,0,0
123,All,6,4,2,3,8,1,0,-1
123,All,6,4,2,3,9,2,0,-2
123,All,8,5,2,1,2,0,1,1
123,All,8,5,2,2,3,0,1,1
123,All,8,5,2,3,4,0,1,1
123,All,8,5,2,4,3,0,1,1
123,All,9,6,1,1,2,0,1,1
123,All,9,6,1,1,4,1,1,0
123,All,9,6,1,2,2,0,1,1
123,All,9,6,1,3,12,1,0,-1
123,All,9,6,1,4,2,1,0,-1
123,All,9,6,1,4,3,0,2,2
123,All,9,6,1,4,6,1,2,1
123,All,10,4,3,1,2,0,1,1
123,All,10,4,3,2,4,1,0,-1
123,All,10,4,3,4,3,0,0,0
123,All,10,4,3,4,9,1,0,-1
123,All,11,6,2,1,11,0,1,1
123,All,11,6,2,2,4,1,0,-1
123,All,12,5,3,1,2,0,1,1
123,All,12,5,3,2,2,0,1,1
123,All,12,5,3,2,3,1,1,0
123,All,13,4,4,1,2,0,1,1
123,All,13,4,4,2,2,0,1,1
123,All,13,4,4,2,13,1,1,0
123,All,13,4,4,4,7,0,0,0
123,All,13,4,4,4,10,1,0,-1
123,All,14,6,3,2,2,0,1,1
123,All,14,6,3,4,3,0,0,0
123,All,14,6,3,4,4,0,1,1
123,All,14,6,3,6,5,0,0,0
123,All,14,6,3,6,10,0,1,1
123,All,15,3,3,2,4,0,0,0
123,All,15,3,3,2,8,1,0,-1
123,All,15,3,3,2,9,2,0,-2
123,All,15,3,3,3,2,0,1,1
123,All,15,3,3,3,6,1,1,0
123,All,16,2,3,1,2,0,1,1
123,All,16,2,3,1,10,1,1,0
123,All,16,2,3,2,6,0,0,0
123,All,17,3,4,3,2,0,1,1
123,All,18,2,4,1,2,0,1,1
123,All,18,2,4,1,6,1,1,0
123,All,18,2,4,2,5,0,1,1
124,All,1,2,1,2,5,0,0,0
124,All,2,3,1,1,3,1,0,-1
124,All,2,3,1,1,4,0,2,2
124,All,2,3,1,1,5,2,1,-1
124,All,2,3,1,1,6,3,1,-2
124,All,2,3,1,1,7,1,4,3
124,All,2,3,1,2,2,1,0,-1
124,All,2,3,1,2,3,2,0,-2
124,All,2,3,1,2,4,3,0,-3
124,All,2,3,1,2,6,0,4,4
124,All,2,3,1,2,9,1,4,3
124,All,2,3,1,3,2,0,1,1
124,All,3,3,2,1,2,0,1,1
124,All,3,3,2,3,11,0,0,0
124,All,4,4,1,1,2,0,1,1
124,All,4,4,1,1,3,1,1,0
124,All,4,4,1,2,2,1,0,-1
124,All,4,4,1,2,5,0,2,2
124,All,4,4,1,2,8,2,1,-1
124,All,4,4,1,2,11,3,1,-2
124,All,4,4,1,2,12,1,4,3
124,All,4,4,1,3,3,0,1,1
124,All,4,4,1,4,2,0,0,0
124,All,4,4,1,4,4,0,1,1
124,All,4,4,1,4,7,1,1,0
124,All,4,4,1,4,12,2,1,-1
124,All,4,4,1,4,13,1,3,2
124,All,5,5,1,1,2,1,0,-1
124,All,5,5,1,1,3,0,2,2
124,All,5,5,1,1,4,1,2,1
124,All,5,5,1,1,12,2,2,0
124,All,5,5,1,2,3,0,0,0
124,All,5,5,1,3,3,0,1,1
124,All,5,5,1,3,4,1,1,0
124,All,6,4,2,1,3,1,0,-1
124,All,6,4,2,3,2,1,0,-1
124,All,6,4,2,3,3,2,0,-2
124,All,7,2,2,1,11,0,0,0
124,All,8,5,2,1,2,0,1,1
124,All,8,5,2,1,4,1,1,0
124,All,8,5,2,1,7,2,1,-1
124,All,8,5,2,3,4,1,0,-1
124,All,8,5,2,3,6,0,2,2
124,All,8,5,2,4,2,0,0,0
124,All,8,5,2,4,3,1,0,-1
124,All,8,5,2,4,7,0,2,2
124,All,8,5,2,4,8,1,2,1
124,All,8,5,2,4,13,2,2,0
124,All,8,5,2,5,8,0,0,0
124,All,9,6,1,1,4,0,1,1
124,All,9,6,1,2,2,0,1,1
124,All,9,6,1,2,3,1,1,0
124,All,9,6,1,2,9,2,1,-1
124,All,9,6,1,3,2,0,0,0
124,All,9,6,1,4,2,1,0,-1
124,All,9,6,1,4,3,0,2,2
124,All,9,6,1,4,8,1,2,1
124,All,9,6,1,4,9,2,2,0
124,All,9,6,1,4,10,2,3,1
124,All,9,6,1,5,2,1,0,-1
124,All,9,6,1,5,6,0,2,2
124,All,9,6,1,5,7,1,2,1
124,All,10,4,3,1,2,0,1,1
124,All,10,4,3,1,3,1,1,0
124,All,10,4,3,1,4,2,1,-1
124,All,10,4,3,1,5,1,3,2
124,All,10,4,3,1,6,2,3,1
124,All,10,4,3,1,8,3,3,0
124,All,10,4,3,2,3,1,0,-1
124,All,10,4,3,2,6,0,2,2
124,All,10,4,3,3,2,1,0,-1
124,All,10,4,3,4,2,0,0,0
124,All,10,4,3,4,4,0,1,1
124,All,10,4,3,4,5,1,1,0
124,All,11,6,2,1,2,0,1,1
124,All,11,6,2,2,2,0,1,1
124,All,11,6,2,2,3,1,1,0
124,All,11,6,2,2,5,2,1,-1
124,All,11,6,2,2,8,3,1,-2
124,All,11,6,2,2,9,4,1,-3
124,All,11,6,2,3,3,0,1,1
124,All,11,6,2,5,10,0,0,0
124,All,12,5,3,1,2,1,0,-1
124,All,12,5,3,1,4,2,0,-2
124,All,12,5,3,1,5,3,0,-3
124,All,12,5,3,3,7,0,1,1
124,All,12,5,3,3,10,1,1,0
124,All,12,5,3,4,2,0,1,1
124,All,12,5,3,4,3,1,1,0
124,All,12,5,3,4,5,2,1,-1
124,All,12,5,3,4,7,1,3,2
124,All,13,4,4,2,2,0,1,1
124,All,13,4,4,4,3,0,0,0
124,All,14,6,3,1,2,0,1,1
124,All,14,6,3,2,4,0,1,1
124,All,14,6,3,2,8,1,1,0
124,All,14,6,3,3,2,0,1,1
124,All,14,6,3,3,3,1,1,0
124,All,14,6,3,3,6,1,2,1
124,All,14,6,3,3,8,2,2,0
124,All,14,6,3,4,4,0,1,1
124,All,14,6,3,4,5,1,1,0
124,All,14,6,3,4,6,2,1,-1
124,All,14,6,3,6,2,0,1,1
124,All,14,6,3,6,3,1,1,0
124,All,14,6,3,6,4,1,2,1
124,All,14,6,3,6,5,2,2,0
124,All,14,6,3,6,6,2,3,1
124,All,14,6,3,6,7,3,3,0
124,All,14,6,3,6,8,3,4,1
124,All,14,6,3,6,9,4,4,0
124,All,14,6,3,6,10,5,4,-1
124,All,16,2,3,1,2,0,1,1
124,All,17,3,4,2,13,0,0,0
124,All,17,3,4,3,2,0,1,1
124,All,18,2,4,1,2,0,1,1
124,All,18,2,4,1,11,1,1,0
125,All,1,2,1,1,2,1,0,-1
125,All,1,2,1,1,7,0,2,2
125,All,1,2,1,1,8,2,1,-1
125,All,1,2,1,1,9,1,3,2
125,All,1,2,1,1,13,2,3,1
125,All,1,2,1,2,7,1,0,-1
125,All,1,2,1,2,10,2,0,-2
125,All,1,2,1,2,13,3,0,-3
125,All,2,3,1,1,5,0,0,0
125,All,2,3,1,1,7,0,1,1
125,All,2,3,1,1,8,1,1,0
125,All,2,3,1,1,9,1,2,1
125,All,2,3,1,1,11,2,2,0
125,All,2,3,1,1,12,3,2,-1
125,All,2,3,1,1,13,4,2,-2
125,All,2,3,1,2,2,0,0,0
125,All,2,3,1,2,3,0,1,1
125,All,2,3,1,2,4,1,1,0
125,All,2,3,1,2,5,2,1,-1
125,All,2,3,1,2,7,3,1,-2
125,All,2,3,1,2,8,4,1,-3
125,All,2,3,1,2,10,5,1,-4
125,All,2,3,1,2,11,6,1,-5
125,All,2,3,1,2,12,1,7,6
125,All,2,3,1,2,13,2,7,5
125,All,2,3,1,3,5,1,0,-1
125,All,2,3,1,3,6,0,2,2
125,All,2,3,1,3,8,2,1,-1
125,All,2,3,1,3,9,3,1,-2
125,All,2,3,1,3,11,4,1,-3
125,All,2,3,1,3,12,1,5,4
125,All,2,3,1,3,13,2,5,3
125,All,3,6,1,1,2,0,1,1
125,All,3,6,1,1,3,1,1,0
125,All,3,6,1,1,6,2,1,-1
125,All,3,6,1,1,7,1,3,2
125,All,3,6,1,1,10,3,2,-1
125,All,3,6,1,2,3,0,0,0
125,All,3,6,1,2,6,1,0,-1
125,All,3,6,1,2,7,0,2,2
125,All,3,6,1,2,8,2,1,-1
125,All,3,6,1,2,9,1,3,2
125,All,3,6,1,2,10,2,3,1
125,All,3,6,1,2,11,3,3,0
125,All,3,6,1,2,12,4,3,-1
125,All,3,6,1,3,3,1,0,-1
125,All,3,6,1,3,4,0,2,2
125,All,3,6,1,3,6,1,2,1
125,All,3,6,1,3,8,2,2,0
125,All,3,6,1,3,10,3,2,-1
125,All,3,6,1,3,12,2,4,2
125,All,3,6,1,3,13,4,3,-1
125,All,3,6,1,4,2,1,0,-1
125,All,3,6,1,4,7,2,0,-2
125,All,3,6,1,5,2,1,0,-1
125,All,3,6,1,5,5,0,2,2
125,All,3,6,1,6,2,0,1,1
125,All,3,6,1,6,3,1,1,0
125,All,3,6,1,6,5,2,1,-1
125,All,3,6,1,6,7,3,1,-2
125,All,3,6,1,6,8,4,1,-3
125,All,3,6,1,6,10,5,1,-4
125,All,3,6,1,6,12,6,1,-5
125,All,3,6,1,6,13,7,1,-6
125,All,4,4,1,1,3,1,0,-1
125,All,4,4,1,1,9,2,0,-2
125,All,4,4,1,1,11,0,3,3
125,All,4,4,1,2,8,0,1,1
125,All,4,4,1,2,11,1,1,0
125,All,4,4,1,2,12,2,1,-1
125,All,4,4,1,3,2,1,0,-1
125,All,4,4,1,3,7,2,0,-2
125,All,4,4,1,3,10,3,0,-3
125,All,4,4,1,3,11,0,4,4
125,All,4,4,1,3,12,1,4,3
125,All,4,4,1,4,8,0,0,0
125,All,4,4,1,4,9,1,0,-1
125,All,4,4,1,4,11,2,0,-2
125,All,4,4,1,4,12,0,3,3
125,All,5,2,2,1,2,0,0,0
125,All,5,2,2,1,3,0,1,1
125,All,5,2,2,1,4,1,1,0
125,All,5,2,2,1,7,2,1,-1
125,All,5,2,2,2,2,0,1,1
125,All,5,2,2,2,3,1,1,0
125,All,5,2,2,2,4,1,2,1
125,All,5,2,2,2,5,2,2,0
125,All,5,2,2,2,6,2,3,1
125,All,6,5,1,1,5,1,0,-1
125,All,6,5,1,1,7,0,2,2
125,All,6,5,1,1,8,2,1,-1
125,All,6,5,1,1,9,3,1,-2
125,All,6,5,1,1,11,4,1,-3
125,All,6,5,1,1,13,5,1,-4
125,All,6,5,1,2,2,0,1,1
125,All,6,5,1,2,3,1,1,0
125,All,6,5,1,2,4,1,2,1
125,All,6,5,1,2,7,2,2,0
125,All,6,5,1,2,8,2,3,1
125,All,6,5,1,2,9,3,3,0
125,All,6,5,1,2,13,3,4,1
125,All,6,5,1,3,2,1,0,-1
125,All,6,5,1,3,3,2,0,-2
125,All,6,5,1,3,4,0,3,3
125,All,6,5,1,3,6,1,3,2
125,All,6,5,1,3,7,3,2,-1
125,All,6,5,1,3,8,2,4,2
125,All,6,5,1,3,9,4,3,-1
125,All,6,5,1,3,11,5,3,-2
125,All,6,5,1,3,13,3,6,3
125,All,6,5,1,4,2,0,1,1
125,All,6,5,1,4,3,1,1,0
125,All,6,5,1,4,9,1,2,1
125,All,6,5,1,4,13,2,2,0
125,All,6,5,1,5,2,1,0,-1
125,All,6,5,1,5,3,0,2,2
125,All,6,5,1,5,5,2,1,-1
125,All,6,5,1,5,6,1,3,2
125,All,6,5,1,5,7,2,3,1
125,All,6,5,1,5,11,3,3,0
125,All,6,5,1,5,12,4,3,-1
125,All,6,5,1,5,13,5,3,-2
125,All,7,3,2,1,11,1,0,-1
125,All,7,3,2,2,3,0,0,0
125,All,7,3,2,2,4,0,1,1
125,All,7,3,2,2,5,1,1,0
125,All,7,3,2,3,7,0,1,1
125,All,7,3,2,3,10,1,1,0
125,All,7,3,2,3,13,2,1,-1
125,All,8,4,2,1,2,0,1,1
125,All,8,4,2,1,3,1,1,0
125,All,8,4,2,1,8,2,1,-1
125,All,8,4,2,2,2,0,0,0
125,All,8,4,2,2,4,1,0,-1
125,All,8,4,2,2,9,0,2,2
125,All,8,4,2,2,10,2,1,-1
125,All,8,4,2,3,2,0,1,1
125,All,8,4,2,3,3,1,1,0
125,All,8,4,2,3,5,1,2,1
125,All,8,4,2,3,6,2,2,0
125,All,8,4,2,3,7,2,3,1
125,All,8,4,2,3,8,3,3,0
125,All,8,4,2,3,10,4,3,-1
125,All,8,4,2,3,14,5,3,-2
125,All,8,4,2,4,3,1,0,-1
125,All,8,4,2,4,4,2,0,-2
125,All,8,4,2,4,5,0,3,3
125,All,8,4,2,4,6,1,3,2
125,All,8,4,2,4,7,3,2,-1
125,All,8,4,2,4,8,2,4,2
125,All,8,4,2,4,9,4,3,-1
125,All,9,5,2,1,2,0,0,0
125,All,9,5,2,1,3,1,0,-1
125,All,9,5,2,1,5,2,0,-2
125,All,9,5,2,1,10,3,0,-3
125,All,9,5,2,1,11,0,4,4
125,All,9,5,2,1,13,1,4,3
125,All,9,5,2,2,2,0,1,1
125,All,9,5,2,2,3,1,1,0
125,All,9,5,2,2,4,1,2,1
125,All,9,5,2,2,5,2,2,0
125,All,9,5,2,2,6,3,2,-1
125,All,9,5,2,2,7,4,2,-2
125,All,9,5,2,2,8,5,2,-3
125,All,9,5,2,2,11,2,6,4
125,All,9,5,2,3,2,0,0,0
125,All,9,5,2,3,3,1,0,-1
125,All,9,5,2,3,4,0,2,2
125,All,9,5,2,3,6,2,1,-1
125,All,9,5,2,3,11,3,1,-2
125,All,9,5,2,3,13,4,1,-3
125,All,9,5,2,4,2,0,0,0
125,All,9,5,2,4,3,1,0,-1
125,All,9,5,2,4,4,0,2,2
125,All,9,5,2,4,5,2,1,-1
125,All,9,5,2,4,6,1,3,2
125,All,9,5,2,4,10,2,3,1
125,All,9,5,2,5,2,0,1,1
125,All,9,5,2,5,4,1,1,0
125,All,9,5,2,5,5,1,2,1
125,All,9,5,2,5,6,2,2,0
125,All,9,5,2,5,7,2,3,1
125,All,9,5,2,5,11,3,3,0
125,All,9,5,2,5,13,3,4,1
125,All,10,4,3,1,2,0,1,1
125,All,10,4,3,1,3,1,1,0
125,All,10,4,3,1,4,2,1,-1
125,All,10,4,3,1,5,3,1,-2
125,All,10,4,3,1,8,4,1,-3
125,All,10,4,3,1,9,1,5,4
125,All,10,4,3,2,2,1,0,-1
125,All,10,4,3,3,2,1,0,-1
125,All,10,4,3,3,3,2,0,-2
125,All,10,4,3,3,4,0,3,3
125,All,10,4,3,3,7,3,1,-2
125,All,10,4,3,3,9,1,4,3
125,All,10,4,3,4,9,1,0,-1
125,All,10,4,3,4,10,0,2,2
125,All,11,6,2,1,3,0,1,1
125,All,11,6,2,1,5,1,1,0
125,All,11,6,2,1,6,1,2,1
125,All,11,6,2,1,7,2,2,0
125,All,11,6,2,1,8,2,3,1
125,All,11,6,2,1,10,3,3,0
125,All,11,6,2,1,11,3,4,1
125,All,11,6,2,1,12,4,4,0
125,All,11,6,2,1,13,5,4,-1
125,All,11,6,2,2,2,0,1,1
125,All,11,6,2,2,3,1,1,0
125,All,11,6,2,2,4,1,2,1
125,All,11,6,2,2,5,2,2,0
125,All,11,6,2,2,6,3,2,-1
125,All,11,6,2,2,9,4,2,-2
125,All,11,6,2,2,10,5,2,-3
125,All,11,6,2,2,12,2,6,4
125,All,11,6,2,2,13,3,6,3
125,All,11,6,2,3,2,1,0,-1
125,All,11,6,2,3,3,2,0,-2
125,All,11,6,2,3,5,3,0,-3
125,All,11,6,2,3,6,0,4,4
125,All,11,6,2,3,7,4,1,-3
125,All,11,6,2,3,8,1,5,4
125,All,11,6,2,3,9,2,5,3
125,All,11,6,2,3,10,5,3,-2
125,All,11,6,2,3,11,3,6,3
125,All,11,6,2,3,12,6,4,-2
125,All,11,6,2,4,3,1,0,-1
125,All,11,6,2,4,4,2,0,-2
125,All,11,6,2,4,7,3,0,-3
125,All,11,6,2,4,9,0,4,4
125,All,11,6,2,4,10,4,1,-3
125,All,11,6,2,4,11,1,5,4
125,All,11,6,2,5,2,1,0,-1
125,All,11,6,2,5,3,0,2,2
125,All,11,6,2,5,6,1,2,1
125,All,11,6,2,5,10,2,2,0
125,All,11,6,2,5,11,2,3,1
125,All,11,6,2,6,2,0,0,0
125,All,11,6,2,6,4,0,1,1
125,All,11,6,2,6,5,1,1,0
125,All,11,6,2,6,6,2,1,-1
125,All,11,6,2,6,7,1,3,2
125,All,11,6,2,6,8,3,2,-1
125,All,11,6,2,6,9,2,4,2
125,All,11,6,2,6,11,4,3,-1
125,All,11,6,2,6,12,5,3,-2
125,All,11,6,2,6,14,6,3,-3
125,All,12,4,4,1,2,1,0,-1
125,All,12,4,4,1,4,0,2,2
125,All,12,4,4,1,8,2,1,-1
125,All,12,4,4,1,9,3,1,-2
125,All,12,4,4,1,13,4,1,-3
125,All,12,4,4,2,5,0,0,0
125,All,12,4,4,2,6,0,1,1
125,All,12,4,4,2,8,1,1,0
125,All,12,4,4,2,9,1,2,1
125,All,12,4,4,2,12,2,2,0
125,All,12,4,4,3,2,0,1,1
125,All,12,4,4,3,3,1,1,0
125,All,12,4,4,3,4,2,1,-1
125,All,12,4,4,3,10,3,1,-2
125,All,12,4,4,3,13,1,4,3
125,All,12,4,4,4,2,1,0,-1
125,All,12,4,4,4,3,2,0,-2
125,All,12,4,4,4,5,3,0,-3
125,All,13,3,3,1,2,0,0,0
125,All,13,3,3,1,4,1,0,-1
125,All,13,3,3,1,6,2,0,-2
125,All,13,3,3,1,7,3,0,-3
125,All,13,3,3,1,8,0,4,4
125,All,13,3,3,1,9,4,1,-3
125,All,13,3,3,1,10,1,5,4
125,All,13,3,3,1,11,2,5,3
125,All,13,3,3,1,13,3,5,2
125,All,13,3,3,2,2,1,0,-1
125,All,13,3,3,2,5,2,0,-2
125,All,13,3,3,2,6,0,3,3
125,All,13,3,3,2,7,3,1,-2
125,All,13,3,3,2,8,1,4,3
125,All,13,3,3,2,9,2,4,2
125,All,13,3,3,2,13,3,4,1
125,All,13,3,3,3,2,0,0,0
125,All,13,3,3,3,3,0,1,1
125,All,13,3,3,3,4,1,1,0
125,All,13,3,3,3,5,1,2,1
125,All,13,3,3,3,6,2,2,0
125,All,13,3,3,3,8,2,3,1
125,All,13,3,3,3,9,3,3,0
125,All,13,3,3,3,10,3,4,1
125,All,13,3,3,3,11,4,4,0
125,All,13,3,3,3,12,5,4,-1
125,All,14,3,4,1,2,0,0,0
125,All,14,3,4,1,3,1,0,-1
125,All,14,3,4,1,4,0,2,2
125,All,14,3,4,1,8,2,1,-1
125,All,14,3,4,1,9,3,1,-2
125,All,14,3,4,1,11,4,1,-3
125,All,14,3,4,2,2,0,1,1
125,All,14,3,4,2,3,1,1,0
125,All,14,3,4,2,8,2,1,-1
125,All,14,3,4,2,9,3,1,-2
125,All,14,3,4,2,11,4,1,-3
125,All,14,3,4,3,2,0,0,0
125,All,14,3,4,3,3,0,1,1
125,All,15,5,3,1,5,0,0,0
125,All,15,5,3,1,7,1,0,-1
125,All,15,5,3,1,8,2,0,-2
125,All,15,5,3,1,9,0,3,3
125,All,15,5,3,1,11,3,1,-2
125,All,15,5,3,1,12,1,4,3
125,All,15,5,3,2,2,0,1,1
125,All,15,5,3,2,4,1,1,0
125,All,15,5,3,2,5,1,2,1
125,All,15,5,3,2,6,2,2,0
125,All,15,5,3,2,8,2,3,1
125,All,15,5,3,2,10,3,3,0
125,All,15,5,3,2,11,3,4,1
125,All,15,5,3,2,13,4,4,0
125,All,15,5,3,3,2,1,0,-1
125,All,15,5,3,3,3,0,2,2
125,All,15,5,3,3,4,1,2,1
125,All,15,5,3,3,5,2,2,0
125,All,15,5,3,3,6,3,2,-1
125,All,15,5,3,3,7,2,4,2
125,All,15,5,3,3,8,3,4,1
125,All,15,5,3,3,11,4,4,0
125,All,15,5,3,3,12,5,4,-1
125,All,15,5,3,3,13,6,4,-2
125,All,15,5,3,4,5,1,0,-1
125,All,15,5,3,4,6,0,2,2
125,All,15,5,3,4,8,2,1,-1
125,All,15,5,3,4,9,1,3,2
125,All,15,5,3,4,10,2,3,1
125,All,15,5,3,4,11,3,3,0
125,All,15,5,3,4,13,4,3,-1
125,All,15,5,3,5,2,0,1,1
125,All,15,5,3,5,3,1,1,0
125,All,15,5,3,5,7,1,2,1
125,All,15,5,3,5,8,2,2,0
125,All,15,5,3,5,9,3,2,-1
125,All,15,5,3,5,10,4,2,-2
125,All,15,5,3,5,13,2,5,3
125,All,15,5,3,5,14,3,5,2
125,All,16,6,3,1,2,0,0,0
125,All,16,6,3,1,4,0,1,1
125,All,16,6,3,1,5,1,1,0
125,All,16,6,3,1,6,2,1,-1
125,All,16,6,3,1,7,1,3,2
125,All,16,6,3,1,8,2,3,1
125,All,16,6,3,1,9,3,3,0
125,All,16,6,3,1,10,4,3,-1
125,All,16,6,3,1,11,5,3,-2
125,All,16,6,3,1,12,6,3,-3
125,All,16,6,3,2,2,1,0,-1
125,All,16,6,3,2,3,2,0,-2
125,All,16,6,3,2,5,3,0,-3
125,All,16,6,3,2,7,0,4,4
125,All,16,6,3,2,8,1,4,3
125,All,16,6,3,2,9,2,4,2
125,All,16,6,3,2,10,4,3,-1
125,All,16,6,3,2,12,3,5,2
125,All,16,6,3,2,13,5,4,-1
125,All,16,6,3,3,2,0,0,0
125,All,16,6,3,3,3,1,0,-1
125,All,16,6,3,3,4,0,2,2
125,All,16,6,3,3,5,2,1,-1
125,All,16,6,3,3,6,3,1,-2
125,All,16,6,3,3,7,4,1,-3
125,All,16,6,3,3,10,5,1,-4
125,All,16,6,3,4,2,1,0,-1
125,All,16,6,3,4,3,0,2,2
125,All,16,6,3,4,4,1,2,1
125,All,16,6,3,4,5,2,2,0
125,All,16,6,3,4,9,2,3,1
125,All,16,6,3,4,11,3,3,0
125,All,16,6,3,4,12,4,3,-1
125,All,16,6,3,4,13,3,5,2
125,All,16,6,3,5,2,0,0,0
125,All,16,6,3,5,3,0,1,1
125,All,16,6,3,5,4,1,1,0
125,All,16,6,3,5,5,1,2,1
125,All,16,6,3,5,6,2,2,0
125,All,16,6,3,5,8,3,2,-1
125,All,16,6,3,5,10,4,2,-2
125,All,16,6,3,5,11,2,5,3
125,All,16,6,3,5,12,5,3,-2
125,All,16,6,3,5,13,3,6,3
125,All,16,6,3,6,4,0,1,1
125,All,16,6,3,6,5,1,1,0
125,All,16,6,3,6,7,1,2,1
125,All,16,6,3,6,8,2,2,0
125,All,16,6,3,6,11,3,2,-1
125,All,16,6,3,6,12,2,4,2
125,All,16,6,3,6,13,4,3,-1
125,All,17,2,3,1,8,1,0,-1
125,All,17,2,3,2,2,0,1,1
125,All,17,2,3,2,3,1,1,0
125,All,17,2,3,2,4,2,1,-1
125,All,17,2,3,2,5,1,3,2
125,All,18,2,4,1,3,0,1,1
125,All,18,2,4,1,4,1,1,0
125,All,18,2,4,1,8,2,1,-1
125,All,18,2,4,1,10,1,3,2
125,All,18,2,4,2,3,0,0,0
125,All,18,2,4,2,4,0,1,1
125,All,18,2,4,2,6,1,1,0
125,All,18,2,4,2,9,1,2,1
125,All,18,2,4,2,10,2,2,0
125,All,18,2,4,2,12,3,2,-1
126,All,1,2,1,2,2,0,1,1
126,All,2,3,1,2,2,1,0,-1
126,All,2,3,1,3,2,0,0,0
126,All,3,6,1,5,2,0,1,1
126,All,3,6,1,5,5,1,1,0
126,All,3,6,1,5,6,1,2,1
126,All,3,6,1,6,2,0,1,1
126,All,3,6,1,6,3,1,1,0
126,All,4,4,1,4,2,0,1,1
126,All,6,5,1,2,8,1,0,-1
126,All,6,5,1,3,2,0,1,1
126,All,6,5,1,3,4,1,1,0
126,All,6,5,1,5,3,1,0,-1
126,All,6,5,1,5,4,0,2,2
126,All,8,4,2,2,2,0,1,1
126,All,8,4,2,2,3,1,1,0
126,All,8,4,2,2,4,1,2,1
126,All,8,4,2,4,2,0,1,1
126,All,9,5,2,2,2,0,1,1
126,All,9,5,2,3,6,0,0,0
126,All,9,5,2,3,9,1,0,-1
126,All,9,5,2,3,11,2,0,-2
126,All,9,5,2,4,2,0,1,1
126,All,9,5,2,4,3,1,1,0
126,All,9,5,2,5,4,0,0,0
126,All,10,4,3,2,2,0,1,1
126,All,11,6,2,2,2,1,0,-1
126,All,11,6,2,2,3,0,2,2
126,All,11,6,2,2,4,2,1,-1
126,All,11,6,2,2,5,3,1,-2
126,All,11,6,2,2,10,4,1,-3
126,All,11,6,2,3,2,0,1,1
126,All,11,6,2,3,4,1,1,0
126,All,11,6,2,3,7,2,1,-1
126,All,11,6,2,3,8,3,1,-2
126,All,12,4,4,2,8,0,0,0
126,All,12,4,4,3,2,0,1,1
126,All,12,4,4,4,2,1,0,-1
126,All,12,4,4,4,3,0,2,2
126,All,14,3,4,1,9,0,0,0
126,All,14,3,4,2,2,0,1,1
126,All,14,3,4,3,2,0,1,1
126,All,15,5,3,2,2,0,1,1
126,All,15,5,3,5,2,0,1,1
126,All,15,5,3,5,7,1,1,0
126,All,16,6,3,1,2,1,0,-1
126,All,16,6,3,1,3,0,2,2
126,All,16,6,3,3,3,0,0,0
126,All,16,6,3,5,2,0,1,1
126,All,16,6,3,6,2,0,1,1
127,All,1,2,1,1,2,0,1,1
127,All,1,2,1,2,2,0,1,1
127,All,1,2,1,2,12,1,1,0
127,All,2,3,1,2,2,1,0,-1
127,All,2,3,1,2,3,0,2,2
127,All,3,6,1,1,2,0,0,0
127,All,3,6,1,1,3,1,0,-1
127,All,3,6,1,1,4,2,0,-2
127,All,3,6,1,1,6,0,3,3
127,All,3,6,1,1,7,3,1,-2
127,All,3,6,1,1,8,4,1,-3
127,All,3,6,1,1,9,1,5,4
127,All,3,6,1,1,10,5,2,-3
127,All,3,6,1,1,11,6,2,-4
127,All,3,6,1,1,13,7,2,-5
127,All,3,6,1,1,14,2,8,6
127,All,3,6,1,2,2,0,0,0
127,All,3,6,1,2,4,1,0,-1
127,All,3,6,1,2,5,2,0,-2
127,All,3,6,1,2,6,0,3,3
127,All,3,6,1,2,7,3,1,-2
127,All,3,6,1,2,8,4,1,-3
127,All,3,6,1,2,9,5,1,-4
127,All,3,6,1,2,10,1,6,5
127,All,3,6,1,2,12,2,6,4
127,All,3,6,1,2,13,3,6,3
127,All,3,6,1,3,4,1,0,-1
127,All,3,6,1,3,5,0,2,2
127,All,3,6,1,3,6,2,1,-1
127,All,3,6,1,3,7,1,3,2
127,All,3,6,1,3,9,2,3,1
127,All,3,6,1,3,10,3,3,0
127,All,3,6,1,3,11,4,3,-1
127,All,3,6,1,3,12,3,5,2
127,All,3,6,1,4,2,0,0,0
127,All,3,6,1,4,3,1,0,-1
127,All,3,6,1,4,5,2,0,-2
127,All,3,6,1,4,7,0,3,3
127,All,3,6,1,4,8,1,3,2
127,All,3,6,1,4,9,3,2,-1
127,All,3,6,1,4,10,4,2,-2
127,All,3,6,1,4,11,2,5,3
127,All,3,6,1,4,12,3,5,2
127,All,3,6,1,5,2,0,0,0
127,All,3,6,1,5,3,0,1,1
127,All,3,6,1,5,5,1,1,0
127,All,3,6,1,5,8,1,2,1
127,All,3,6,1,5,9,2,2,0
127,All,3,6,1,5,11,2,3,1
127,All,3,6,1,5,13,3,3,0
127,All,3,6,1,6,2,0,0,0
127,All,4,4,1,1,2,1,0,-1
127,All,4,4,1,1,3,2,0,-2
127,All,4,4,1,1,4,0,3,3
127,All,4,4,1,1,5,3,1,-2
127,All,4,4,1,1,6,1,4,3
127,All,4,4,1,1,7,4,2,-2
127,All,4,4,1,1,8,5,2,-3
127,All,4,4,1,2,2,1,0,-1
127,All,4,4,1,2,3,2,0,-2
127,All,4,4,1,3,3,0,0,0
127,All,4,4,1,3,13,1,0,-1
127,All,4,4,1,4,2,0,1,1
127,All,4,4,1,4,3,1,1,0
127,All,4,4,1,4,6,1,2,1
127,All,4,4,1,4,7,2,2,0
127,All,4,4,1,4,8,3,2,-1
127,All,5,2,2,1,3,0,0,0
127,All,6,5,1,1,3,0,1,1
127,All,6,5,1,2,8,0,0,0
127,All,6,5,1,5,2,1,0,-1
127,All,7,3,2,2,3,0,1,1
127,All,7,3,2,3,2,0,1,1
127,All,8,4,2,1,12,1,0,-1
127,All,8,4,2,2,3,1,0,-1
127,All,8,4,2,3,2,0,0,0
127,All,8,4,2,3,12,1,0,-1
127,All,8,4,2,4,2,0,1,1
127,All,9,5,2,1,2,1,0,-1
127,All,9,5,2,1,3,0,2,2
127,All,9,5,2,1,7,2,1,-1
127,All,9,5,2,1,10,3,1,-2
127,All,9,5,2,3,6,0,0,0
127,All,9,5,2,5,2,0,1,1
127,All,10,4,3,1,4,1,0,-1
127,All,10,4,3,3,5,0,0,0
127,All,10,4,3,4,2,0,1,1
127,All,11,6,2,1,3,1,0,-1
127,All,11,6,2,1,4,2,0,-2
127,All,11,6,2,2,3,0,1,1
127,All,11,6,2,2,4,1,1,0
127,All,11,6,2,2,5,1,2,1
127,All,11,6,2,2,6,2,2,0
127,All,11,6,2,2,7,3,2,-1
127,All,11,6,2,2,11,4,2,-2
127,All,11,6,2,3,2,0,0,0
127,All,11,6,2,3,4,1,0,-1
127,All,11,6,2,5,10,0,1,1
127,All,11,6,2,5,13,1,1,0
127,All,11,6,2,6,3,1,0,-1
127,All,11,6,2,6,4,0,2,2
127,All,11,6,2,6,5,1,2,1
127,All,11,6,2,6,6,2,2,0
127,All,11,6,2,6,7,2,3,1
127,All,11,6,2,6,8,3,3,0
127,All,12,4,4,2,12,0,0,0
127,All,12,4,4,3,5,0,0,0
127,All,12,4,4,3,6,1,0,-1
127,All,12,4,4,3,7,0,2,2
127,All,12,4,4,4,2,0,1,1
127,All,13,3,3,2,2,0,1,1
127,All,13,3,3,2,8,1,1,0
127,All,13,3,3,3,2,1,0,-1
127,All,13,3,3,3,3,0,2,2
127,All,13,3,3,3,6,2,1,-1
127,All,14,3,4,2,2,0,1,1
127,All,14,3,4,3,2,0,1,1
127,All,15,5,3,2,10,1,0,-1
127,All,15,5,3,4,6,0,0,0
127,All,15,5,3,5,2,1,0,-1
127,All,15,5,3,5,7,0,2,2
127,All,16,6,3,2,7,0,1,1
127,All,16,6,3,3,4,0,0,0
127,All,16,6,3,3,7,1,0,-1
127,All,16,6,3,5,2,0,1,1
127,All,16,6,3,6,2,1,0,-1
127,All,17,2,3,2,2,0,1,1
127,All,17,2,3,2,3,1,1,0
128,All,1,2,1,1,2,1,0,-1
128,All,1,2,1,1,7,0,2,2
128,All,2,3,1,1,2,0,1,1
128,All,2,3,1,1,3,1,1,0
128,All,2,3,1,1,6,2,1,-1
128,All,2,3,1,1,7,3,1,-2
128,All,2,3,1,1,10,4,1,-3
128,All,2,3,1,2,2,1,0,-1
128,All,2,3,1,2,6,2,0,-2
128,All,2,3,1,2,7,3,0,-3
128,All,2,3,1,3,2,0,1,1
128,All,2,3,1,3,3,1,1,0
128,All,2,3,1,3,4,1,2,1
128,All,2,3,1,3,5,2,2,0
128,All,3,6,1,1,3,0,1,1
128,All,3,6,1,1,4,1,1,0
128,All,3,6,1,1,6,1,2,1
128,All,3,6,1,1,7,2,2,0
128,All,3,6,1,1,9,3,2,-1
128,All,3,6,1,1,11,2,4,2
128,All,3,6,1,1,12,4,3,-1
128,All,3,6,1,3,2,1,0,-1
128,All,3,6,1,3,3,2,0,-2
128,All,3,6,1,3,4,0,3,3
128,All,3,6,1,3,5,1,3,2
128,All,3,6,1,3,6,3,2,-1
128,All,3,6,1,3,9,4,2,-2
128,All,3,6,1,3,10,5,2,-3
128,All,3,6,1,3,11,6,2,-4
128,All,3,6,1,3,12,2,7,5
128,All,3,6,1,3,13,7,3,-4
128,All,3,6,1,4,2,0,1,1
128,All,3,6,1,4,3,1,1,0
128,All,3,6,1,4,5,2,1,-1
128,All,3,6,1,4,6,3,1,-2
128,All,3,6,1,4,7,4,1,-3
128,All,3,6,1,4,11,5,1,-4
128,All,3,6,1,4,12,1,6,5
128,All,3,6,1,5,2,0,0,0
128,All,3,6,1,5,3,1,0,-1
128,All,3,6,1,5,6,0,2,2
128,All,3,6,1,5,7,2,1,-1
128,All,3,6,1,5,10,3,1,-2
128,All,3,6,1,5,11,1,4,3
128,All,3,6,1,5,12,4,2,-2
128,All,3,6,1,5,13,5,2,-3
128,All,3,6,1,6,2,0,0,0
128,All,3,6,1,6,4,1,0,-1
128,All,3,6,1,6,5,2,0,-2
128,All,3,6,1,6,6,0,3,3
128,All,3,6,1,6,7,1,3,2
128,All,3,6,1,6,9,2,3,1
128,All,3,6,1,6,10,3,3,0
128,All,3,6,1,6,11,4,3,-1
128,All,3,6,1,6,13,5,3,-2
128,All,4,4,1,1,3,0,1,1
128,All,4,4,1,1,4,1,1,0
128,All,4,4,1,1,5,2,1,-1
128,All,4,4,1,1,8,3,1,-2
128,All,4,4,1,1,11,4,1,-3
128,All,4,4,1,1,12,1,5,4
128,All,4,4,1,2,2,0,0,0
128,All,4,4,1,2,3,0,1,1
128,All,4,4,1,3,3,0,1,1
128,All,4,4,1,3,7,1,1,0
128,All,4,4,1,3,8,2,1,-1
128,All,4,4,1,4,2,0,1,1
128,All,4,4,1,4,4,1,1,0
128,All,4,4,1,4,5,2,1,-1
128,All,4,4,1,4,6,3,1,-2
128,All,4,4,1,4,11,1,4,3
128,All,5,2,2,1,3,0,1,1
128,All,5,2,2,1,7,1,1,0
128,All,6,5,1,1,3,0,1,1
128,All,6,5,1,1,4,1,1,0
128,All,6,5,1,1,7,2,1,-1
128,All,6,5,1,1,8,3,1,-2
128,All,6,5,1,1,9,4,1,-3
128,All,6,5,1,1,11,1,5,4
128,All,6,5,1,1,13,5,2,-3
128,All,6,5,1,2,13,0,0,0
128,All,6,5,1,3,3,0,0,0
128,All,6,5,1,3,8,1,0,-1
128,All,6,5,1,4,2,0,0,0
128,All,6,5,1,4,4,1,0,-1
128,All,6,5,1,4,8,2,0,-2
128,All,6,5,1,4,9,3,0,-3
128,All,6,5,1,4,11,4,0,-4
128,All,6,5,1,5,2,0,1,1
128,All,6,5,1,5,3,1,1,0
128,All,6,5,1,5,5,1,2,1
128,All,6,5,1,5,6,2,2,0
128,All,6,5,1,5,7,3,2,-1
128,All,6,5,1,5,8,4,2,-2
128,All,6,5,1,5,12,5,2,-3
128,All,7,3,2,1,2,1,0,-1
128,All,7,3,2,1,4,0,2,2
128,All,7,3,2,1,5,1,2,1
128,All,7,3,2,1,8,2,2,0
128,All,7,3,2,1,11,3,2,-1
128,All,7,3,2,2,2,0,0,0
128,All,7,3,2,2,4,1,0,-1
128,All,7,3,2,2,5,0,2,2
128,All,7,3,2,2,6,1,2,1
128,All,7,3,2,2,7,2,2,0
128,All,7,3,2,2,8,3,2,-1
128,All,7,3,2,2,9,4,2,-2
128,All,7,3,2,2,10,2,5,3
128,All,7,3,2,2,13,3,5,2
128,All,7,3,2,3,2,1,0,-1
128,All,7,3,2,3,3,2,0,-2
128,All,7,3,2,3,4,0,3,3
128,All,7,3,2,3,5,3,1,-2
128,All,7,3,2,3,6,1,4,3
128,All,7,3,2,3,8,2,4,2
128,All,7,3,2,3,10,4,3,-1
128,All,8,4,2,1,2,0,0,0
128,All,8,4,2,1,3,0,1,1
128,All,8,4,2,1,4,1,1,0
128,All,8,4,2,1,5,2,1,-1
128,All,8,4,2,1,7,1,3,2
128,All,8,4,2,1,8,3,2,-1
128,All,8,4,2,1,9,4,2,-2
128,All,8,4,2,1,12,2,5,3
128,All,8,4,2,2,3,0,0,0
128,All,8,4,2,2,8,0,1,1
128,All,8,4,2,2,12,1,1,0
128,All,8,4,2,3,2,0,1,1
128,All,8,4,2,3,3,1,1,0
128,All,8,4,2,3,6,2,1,-1
128,All,8,4,2,3,8,3,1,-2
128,All,8,4,2,3,9,4,1,-3
128,All,8,4,2,3,13,5,1,-4
128,All,8,4,2,4,2,1,0,-1
128,All,8,4,2,4,3,0,2,2
128,All,8,4,2,4,5,1,2,1
128,All,8,4,2,4,6,2,2,0
128,All,8,4,2,4,7,2,3,1
128,All,8,4,2,4,8,3,3,0
128,All,8,4,2,4,9,3,4,1
128,All,8,4,2,4,11,4,4,0
128,All,8,4,2,4,12,5,4,-1
128,All,8,4,2,4,13,6,4,-2
128,All,9,5,2,1,2,0,1,1
128,All,9,5,2,1,5,1,1,0
128,All,9,5,2,1,9,1,2,1
128,All,9,5,2,1,11,2,2,0
128,All,9,5,2,1,12,3,2,-1
128,All,9,5,2,1,13,4,2,-2
128,All,9,5,2,2,5,0,1,1
128,All,9,5,2,2,8,1,1,0
128,All,9,5,2,2,9,1,2,1
128,All,9,5,2,2,10,2,2,0
128,All,9,5,2,2,13,3,2,-1
128,All,9,5,2,3,3,1,0,-1
128,All,9,5,2,3,5,0,2,2
128,All,9,5,2,3,6,1,2,1
128,All,9,5,2,3,7,2,2,0
128,All,9,5,2,3,8,3,2,-1
128,All,9,5,2,3,9,2,4,2
128,All,9,5,2,3,11,4,3,-1
128,All,9,5,2,4,2,0,1,1
128,All,9,5,2,4,3,1,1,0
128,All,9,5,2,5,5,0,0,0
128,All,9,5,2,5,6,1,0,-1
128,All,9,5,2,5,7,2,0,-2
128,All,9,5,2,5,8,3,0,-3
128,All,9,5,2,5,9,4,0,-4
128,All,9,5,2,5,10,0,5,5
128,All,9,5,2,5,12,5,1,-4
128,All,9,5,2,5,13,1,6,5
128,All,10,4,3,1,9,0,1,1
128,All,10,4,3,2,6,0,1,1
128,All,10,4,3,2,7,1,1,0
128,All,10,4,3,2,8,1,2,1
128,All,10,4,3,3,4,0,0,0
128,All,10,4,3,4,3,1,0,-1
128,All,11,6,2,1,2,0,0,0
128,All,11,6,2,1,4,1,0,-1
128,All,11,6,2,1,6,2,0,-2
128,All,11,6,2,1,10,3,0,-3
128,All,11,6,2,1,13,4,0,-4
128,All,11,6,2,2,2,1,0,-1
128,All,11,6,2,2,3,2,0,-2
128,All,11,6,2,2,4,3,0,-3
128,All,11,6,2,2,6,4,0,-4
128,All,11,6,2,2,7,5,0,-5
128,All,11,6,2,2,8,6,0,-6
128,All,11,6,2,2,9,0,7,7
128,All,11,6,2,3,2,0,1,1
128,All,11,6,2,3,3,1,1,0
128,All,11,6,2,3,4,2,1,-1
128,All,11,6,2,3,7,3,1,-2
128,All,11,6,2,3,8,4,1,-3
128,All,11,6,2,3,11,5,1,-4
128,All,11,6,2,5,2,0,0,0
128,All,11,6,2,5,11,1,0,-1
128,All,11,6,2,5,13,0,2,2
128,All,11,6,2,6,2,0,0,0
128,All,11,6,2,6,4,1,0,-1
128,All,11,6,2,6,13,2,0,-2
128,All,12,4,4,1,8,0,1,1
128,All,12,4,4,1,10,1,1,0
128,All,12,4,4,1,11,2,1,-1
128,All,12,4,4,2,3,0,0,0
128,All,12,4,4,4,2,0,1,1
128,All,12,4,4,4,4,1,1,0
128,All,12,4,4,4,5,1,2,1
128,All,12,4,4,4,7,2,2,0
128,All,12,4,4,4,9,3,2,-1
128,All,12,4,4,4,11,4,2,-2
128,All,13,3,3,1,6,0,0,0
128,All,13,3,3,2,2,0,1,1
128,All,13,3,3,2,11,1,1,0
128,All,13,3,3,3,2,1,0,-1
128,All,13,3,3,3,3,0,2,2
128,All,13,3,3,3,8,2,1,-1
128,All,14,3,4,1,4,0,1,1
128,All,14,3,4,1,11,1,1,0
128,All,14,3,4,2,2,0,1,1
128,All,14,3,4,2,8,1,1,0
128,All,15,5,3,1,5,0,1,1
128,All,15,5,3,1,10,1,1,0
128,All,15,5,3,2,7,0,1,1
128,All,15,5,3,3,2,0,0,0
128,All,15,5,3,4,4,0,0,0
128,All,15,5,3,4,10,0,1,1
128,All,15,5,3,5,2,1,0,-1
128,All,15,5,3,5,4,0,2,2
128,All,15,5,3,5,12,1,2,1
128,All,16,6,3,1,5,0,0,0
128,All,16,6,3,1,10,1,0,-1
128,All,16,6,3,2,3,0,1,1
128,All,16,6,3,2,7,1,1,0
128,All,16,6,3,2,10,1,2,1
128,All,16,6,3,2,12,2,2,0
128,All,16,6,3,2,13,2,3,1
128,All,16,6,3,3,10,0,0,0
128,All,16,6,3,4,11,0,0,0
128,All,16,6,3,5,2,0,1,1
128,All,16,6,3,5,5,1,1,0
128,All,16,6,3,6,2,0,1,1
128,All,16,6,3,6,4,1,1,0
128,All,16,6,3,6,6,2,1,-1
128,All,16,6,3,6,7,3,1,-2
128,All,16,6,3,6,8,4,1,-3
128,All,16,6,3,6,11,1,5,4
128,All,16,6,3,6,12,5,2,-3
128,All,17,2,3,1,12,0,0,0
128,All,17,2,3,2,2,0,1,1
128,All,18,2,4,1,6,0,0,0
129,All,2,3,1,1,2,0,0,0
129,All,2,3,1,2,2,0,0,0
129,All,2,3,1,2,3,0,1,1
129,All,3,6,1,1,2,0,1,1
129,All,3,6,1,1,4,1,1,0
129,All,3,6,1,1,5,1,2,1
129,All,3,6,1,1,6,2,2,0
129,All,3,6,1,1,7,2,3,1
129,All,3,6,1,1,8,3,3,0
129,All,3,6,1,1,9,4,3,-1
129,All,3,6,1,1,10,3,5,2
129,All,3,6,1,1,12,5,4,-1
129,All,3,6,1,1,13,4,6,2
129,All,3,6,1,1,14,6,5,-1
129,All,3,6,1,2,2,1,0,-1
129,All,3,6,1,2,3,0,2,2
129,All,3,6,1,2,4,2,1,-1
129,All,3,6,1,2,6,3,1,-2
129,All,3,6,1,3,2,1,0,-1
129,All,3,6,1,3,4,2,0,-2
129,All,3,6,1,3,5,3,0,-3
129,All,3,6,1,3,6,0,4,4
129,All,3,6,1,3,7,1,4,3
129,All,3,6,1,3,8,4,2,-2
129,All,3,6,1,3,9,5,2,-3
129,All,3,6,1,3,11,2,6,4
129,All,3,6,1,3,13,6,3,-3
129,All,3,6,1,5,3,1,0,-1
129,All,3,6,1,5,4,0,2,2
129,All,3,6,1,5,6,2,1,-1
129,All,3,6,1,5,8,3,1,-2
129,All,3,6,1,5,9,1,4,3
129,All,3,6,1,5,11,2,4,2
129,All,3,6,1,6,2,0,1,1
129,All,3,6,1,6,3,1,1,0
129,All,3,6,1,6,4,2,1,-1
129,All,3,6,1,6,5,3,1,-2
129,All,3,6,1,6,8,1,4,3
129,All,3,6,1,6,9,4,2,-2
129,All,3,6,1,6,10,2,5,3
129,All,3,6,1,6,11,3,5,2
129,All,4,4,1,1,2,0,1,1
129,All,4,4,1,1,3,1,1,0
129,All,4,4,1,2,2,1,0,-1
129,All,4,4,1,2,3,2,0,-2
129,All,4,4,1,2,4,0,3,3
129,All,4,4,1,2,6,1,3,2
129,All,4,4,1,3,3,0,0,0
129,All,4,4,1,3,4,1,0,-1
129,All,4,4,1,3,5,0,2,2
129,All,4,4,1,4,2,1,0,-1
129,All,6,5,1,2,2,0,1,1
129,All,6,5,1,2,4,1,1,0
129,All,6,5,1,4,2,0,1,1
129,All,6,5,1,5,3,0,1,1
129,All,7,3,2,2,2,0,1,1
129,All,7,3,2,3,10,0,0,0
129,All,8,4,2,1,2,1,0,-1
129,All,8,4,2,1,3,0,2,2
129,All,8,4,2,1,4,2,1,-1
129,All,8,4,2,3,2,1,0,-1
129,All,8,4,2,3,3,0,2,2
129,All,8,4,2,3,9,2,1,-1
129,All,8,4,2,4,3,0,1,1
129,All,8,4,2,4,4,1,1,0
129,All,9,5,2,1,2,0,1,1
129,All,9,5,2,1,3,1,1,0
129,All,9,5,2,1,4,1,2,1
129,All,9,5,2,1,5,2,2,0
129,All,9,5,2,1,6,2,3,1
129,All,9,5,2,1,7,3,3,0
129,All,9,5,2,2,2,1,0,-1
129,All,9,5,2,5,4,1,0,-1
129,All,10,4,3,1,2,0,1,1
129,All,10,4,3,1,3,1,1,0
129,All,10,4,3,3,2,0,1,1
129,All,11,6,2,1,2,1,0,-1
129,All,11,6,2,1,6,2,0,-2
129,All,11,6,2,2,13,0,0,0
129,All,12,4,4,4,2,0,1,1
129,All,12,4,4,4,6,1,1,0
129,All,13,3,3,1,12,1,0,-1
129,All,13,3,3,2,2,1,0,-1
129,All,13,3,3,2,3,0,2,2
129,All,13,3,3,3,2,0,1,1
129,All,13,3,3,3,7,1,1,0
129,All,14,3,4,3,2,0,1,1
129,All,15,5,3,1,2,0,1,1
129,All,15,5,3,1,3,1,1,0
129,All,15,5,3,2,2,0,1,1
129,All,15,5,3,2,4,1,1,0
129,All,15,5,3,2,5,1,2,1
129,All,15,5,3,3,2,0,1,1
129,All,15,5,3,4,3,0,1,1
129,All,15,5,3,4,4,1,1,0
129,All,15,5,3,4,5,1,2,1
129,All,15,5,3,4,6,2,2,0
129,All,15,5,3,4,7,2,3,1
129,All,16,6,3,2,2,1,0,-1
129,All,16,6,3,2,5,2,0,-2
129,All,16,6,3,5,2,0,0,0
129,All,18,2,4,2,2,0,1,1
129,All,18,2,4,2,4,1,1,0
130,All,1,2,1,1,2,0,1,1
130,All,1,2,1,2,2,0,1,1
130,All,1,2,1,2,3,1,1,0
130,All,2,3,1,3,2,0,1,1
130,All,3,6,1,1,2,0,1,1
130,All,3,6,1,1,6,1,1,0
130,All,3,6,1,2,4,0,1,1
130,All,3,6,1,3,3,0,0,0
130,All,3,6,1,5,2,1,0,-1
130,All,3,6,1,5,5,0,2,2
130,All,3,6,1,5,6,1,2,1
130,All,3,6,1,5,7,2,2,0
130,All,3,6,1,5,8,3,2,-1
130,All,3,6,1,5,11,4,2,-2
130,All,4,4,1,1,3,0,1,1
130,All,4,4,1,3,2,0,1,1
130,All,4,4,1,4,2,0,1,1
130,All,6,5,1,1,2,1,0,-1
130,All,6,5,1,1,3,0,2,2
130,All,6,5,1,1,4,2,1,-1
130,All,6,5,1,1,5,3,1,-2
130,All,6,5,1,2,2,1,0,-1
130,All,6,5,1,2,3,0,2,2
130,All,6,5,1,2,4,2,1,-1
130,All,6,5,1,2,5,3,1,-2
130,All,6,5,1,2,6,1,4,3
130,All,6,5,1,3,3,0,0,0
130,All,6,5,1,4,2,0,1,1
130,All,6,5,1,4,3,1,1,0
130,All,6,5,1,4,4,2,1,-1
130,All,6,5,1,4,6,3,1,-2
130,All,6,5,1,5,2,0,1,1
130,All,6,5,1,5,5,1,1,0
130,All,6,5,1,5,6,1,2,1
130,All,7,3,2,1,3,0,0,0
130,All,7,3,2,2,2,1,0,-1
130,All,7,3,2,2,4,2,0,-2
130,All,7,3,2,3,7,0,1,1
130,All,7,3,2,3,12,1,1,0
130,All,8,4,2,1,2,0,1,1
130,All,8,4,2,1,3,1,1,0
130,All,8,4,2,2,2,0,1,1
130,All,8,4,2,2,3,1,1,0
130,All,8,4,2,2,4,1,2,1
130,All,8,4,2,2,5,2,2,0
130,All,8,4,2,2,6,2,3,1
130,All,8,4,2,3,2,0,0,0
130,All,8,4,2,4,2,0,1,1
130,All,8,4,2,4,3,1,1,0
130,All,9,5,2,1,4,1,0,-1
130,All,9,5,2,2,2,0,1,1
130,All,9,5,2,3,2,0,1,1
130,All,9,5,2,3,3,1,1,0
130,All,9,5,2,3,4,1,2,1
130,All,9,5,2,3,5,2,2,0
130,All,9,5,2,3,6,2,3,1
130,All,9,5,2,4,2,0,1,1
130,All,9,5,2,4,5,1,1,0
130,All,9,5,2,5,2,0,1,1
130,All,9,5,2,5,3,1,1,0
130,All,9,5,2,5,4,1,2,1
130,All,10,4,3,1,9,1,0,-1
130,All,10,4,3,4,2,1,0,-1
130,All,10,4,3,4,3,0,2,2
130,All,11,6,2,2,2,0,1,1
130,All,11,6,2,2,5,1,1,0
130,All,11,6,2,4,2,0,1,1
130,All,11,6,2,4,3,1,1,0
130,All,11,6,2,4,4,2,1,-1
130,All,12,4,4,2,2,0,1,1
130,All,13,3,3,2,2,0,1,1
130,All,14,3,4,1,2,0,1,1
130,All,14,3,4,2,2,0,1,1
130,All,15,5,3,3,2,1,0,-1
130,All,16,6,3,2,6,1,0,-1
130,All,16,6,3,2,13,2,0,-2
130,All,16,6,3,3,2,0,1,1
130,All,16,6,3,3,3,1,1,0
130,All,16,6,3,3,4,1,2,1
130,All,16,6,3,3,5,2,2,0
130,All,16,6,3,6,2,1,0,-1
130,All,16,6,3,6,3,2,0,-2
130,All,17,2,3,2,3,0,0,0
