subject,group,block,set_size,set_size_exposure,iteration,accuracy,n_stimuli_contributing
101,All,2,5,1,1,0.0,3
101,All,2,5,1,2,0.3333333333333333,3
101,All,2,5,1,3,1.0,2
101,All,2,5,1,4,1.0,3
101,All,2,5,1,5,0.0,2
101,All,2,5,1,6,0.25,4
101,All,2,5,1,7,0.6666666666666666,3
101,All,2,5,1,8,0.75,4
101,All,2,5,1,9,0.75,4
101,All,3,4,1,1,0.25,4
101,All,3,4,1,2,0.3333333333333333,3
101,All,3,4,1,3,0.3333333333333333,3
101,All,3,4,1,4,0.25,4
101,All,3,4,1,5,1.0,3
101,All,3,4,1,6,0.5,4
101,All,3,4,1,7,1.0,3
101,All,3,4,1,8,1.0,3
101,All,3,4,1,9,1.0,3
101,All,4,6,1,1,0.3333333333333333,6
101,All,4,6,1,2,0.0,5
101,All,4,6,1,3,0.5,4
101,All,4,6,1,4,0.3333333333333333,3
101,All,4,6,1,5,0.5,2
101,All,4,6,1,6,0.5,2
101,All,4,6,1,7,1.0,2
101,All,4,6,1,8,0.5,2
101,All,4,6,1,9,1.0,2
101,All,5,4,2,1,0.5,4
101,All,5,4,2,2,0.75,4
101,All,5,4,2,3,1.0,3
101,All,5,4,2,4,0.6666666666666666,3
101,All,5,4,2,5,1.0,3
101,All,5,4,2,6,1.0,3
101,All,5,4,2,7,1.0,3
101,All,5,4,2,8,1.0,3
101,All,5,4,2,9,1.0,3
101,All,6,3,1,1,0.3333333333333333,3
101,All,6,3,1,2,0.6666666666666666,3
101,All,6,3,1,3,0.3333333333333333,3
101,All,6,3,1,4,0.5,2
101,All,6,3,1,5,1.0,2
101,All,6,3,1,6,1.0,2
101,All,6,3,1,7,1.0,2
101,All,6,3,1,8,0.5,2
101,All,6,3,1,9,1.0,2
101,All,7,5,2,1,0.2,5
101,All,7,5,2,2,0.75,4
101,All,7,5,2,3,0.75,4
101,All,7,5,2,4,1.0,4
101,All,7,5,2,5,0.8,5
101,All,7,5,2,6,0.6,5
101,All,7,5,2,7,1.0,5
101,All,7,5,2,8,1.0,5
101,All,7,5,2,9,1.0,5
101,All,8,3,2,1,0.6666666666666666,3
101,All,8,3,2,2,0.6666666666666666,3
101,All,8,3,2,3,0.3333333333333333,3
101,All,8,3,2,4,1.0,3
101,All,8,3,2,5,1.0,3
101,All,8,3,2,6,1.0,3
101,All,8,3,2,7,1.0,3
101,All,8,3,2,8,1.0,3
101,All,8,3,2,9,0.6666666666666666,3
101,All,9,2,2,1,1.0,2
101,All,9,2,2,2,1.0,2
101,All,9,2,2,3,1.0,2
101,All,9,2,2,4,1.0,2
101,All,9,2,2,5,1.0,2
101,All,9,2,2,6,1.0,2
101,All,9,2,2,7,1.0,2
101,All,9,2,2,8,1.0,2
101,All,9,2,2,9,1.0,2
101,All,10,6,2,1,0.3333333333333333,6
101,All,10,6,2,2,0.3333333333333333,6
101,All,10,6,2,3,0.5,6
101,All,10,6,2,4,0.8333333333333334,6
101,All,10,6,2,5,0.6666666666666666,6
101,All,10,6,2,6,0.6666666666666666,6
101,All,10,6,2,7,1.0,6
101,All,10,6,2,8,0.8333333333333334,6
101,All,10,6,2,9,1.0,6
101,All,11,6,3,1,0.5,6
101,All,11,6,3,2,0.5,6
101,All,11,6,3,3,0.6666666666666666,6
101,All,11,6,3,4,0.5,6
101,All,11,6,3,5,1.0,6
101,All,11,6,3,6,0.8333333333333334,6
101,All,11,6,3,7,1.0,6
101,All,11,6,3,8,1.0,6
101,All,11,6,3,9,0.8333333333333334,6
101,All,12,4,3,1,0.75,4
101,All,12,4,3,2,0.75,4
101,All,12,4,3,3,0.75,4
101,All,12,4,3,4,1.0,4
101,All,12,4,3,5,1.0,4
101,All,12,4,3,6,1.0,4
101,All,12,4,3,7,1.0,4
101,All,12,4,3,8,1.0,4
101,All,12,4,3,9,0.75,4
101,All,13,2,3,1,0.5,2
101,All,13,2,3,2,1.0,2
101,All,13,2,3,3,1.0,2
101,All,13,2,3,4,1.0,2
101,All,13,2,3,5,1.0,2
101,All,13,2,3,6,0.5,2
101,All,13,2,3,7,1.0,2
101,All,13,2,3,8,1.0,2
101,All,13,2,3,9,1.0,2
101,All,14,3,3,1,0.3333333333333333,3
101,All,14,3,3,2,0.3333333333333333,3
101,All,14,3,3,3,0.3333333333333333,3
101,All,14,3,3,4,0.3333333333333333,3
101,All,14,3,3,5,0.3333333333333333,3
101,All,14,3,3,6,0.6666666666666666,3
101,All,14,3,3,7,1.0,3
101,All,14,3,3,8,1.0,3
101,All,14,3,3,9,1.0,3
101,All,15,4,4,1,0.25,4
101,All,15,4,4,2,0.5,4
101,All,15,4,4,3,0.5,4
101,All,15,4,4,4,1.0,4
101,All,15,4,4,5,1.0,4
101,All,15,4,4,6,1.0,4
101,All,15,4,4,7,0.75,4
101,All,15,4,4,8,1.0,4
101,All,15,4,4,9,1.0,4
101,All,16,5,3,1,0.4,5
101,All,16,5,3,2,0.2,5
101,All,16,5,3,3,0.4,5
101,All,16,5,3,4,0.6,5
101,All,16,5,3,5,0.4,5
101,All,16,5,3,6,0.6,5
101,All,16,5,3,7,0.8,5
101,All,16,5,3,8,0.6,5
101,All,16,5,3,9,0.6,5
101,All,17,3,4,1,0.6666666666666666,3
101,All,17,3,4,2,1.0,3
101,All,17,3,4,3,1.0,3
101,All,17,3,4,4,1.0,3
101,All,17,3,4,5,1.0,3
101,All,17,3,4,6,1.0,3
101,All,17,3,4,7,1.0,3
101,All,17,3,4,8,1.0,3
101,All,17,3,4,9,1.0,3
101,All,18,2,4,1,0.5,2
101,All,18,2,4,2,0.5,2
101,All,18,2,4,3,1.0,2
101,All,18,2,4,4,0.5,2
101,All,18,2,4,5,1.0,2
101,All,18,2,4,6,0.5,2
101,All,18,2,4,7,1.0,2
101,All,18,2,4,8,1.0,2
101,All,18,2,4,9,1.0,2
102,All,1,2,1,1,0.0,2
102,All,1,2,1,2,1.0,2
102,All,1,2,1,3,1.0,2
102,All,1,2,1,4,1.0,2
102,All,1,2,1,5,1.0,2
102,All,1,2,1,6,1.0,2
102,All,1,2,1,7,1.0,2
102,All,1,2,1,8,1.0,2
102,All,1,2,1,9,1.0,2
102,All,2,5,1,1,0.6,5
102,All,2,5,1,2,1.0,5
102,All,2,5,1,3,0.8,5
102,All,2,5,1,4,1.0,5
102,All,2,5,1,5,1.0,5
102,All,2,5,1,6,1.0,5
102,All,2,5,1,7,1.0,4
102,All,2,5,1,8,1.0,5
102,All,2,5,1,9,1.0,5
102,All,3,4,1,1,0.6666666666666666,3
102,All,3,4,1,2,1.0,4
102,All,3,4,1,3,1.0,4
102,All,3,4,1,4,1.0,4
102,All,3,4,1,5,1.0,4
102,All,3,4,1,6,1.0,4
102,All,3,4,1,7,1.0,4
102,All,3,4,1,8,0.5,4
102,All,3,4,1,9,1.0,4
102,All,4,6,1,1,0.3333333333333333,6
102,All,4,6,1,2,0.5,6
102,All,4,6,1,3,0.3333333333333333,6
102,All,4,6,1,4,0.6,5
102,All,4,6,1,5,0.5,6
102,All,4,6,1,6,0.3333333333333333,6
102,All,4,6,1,7,0.8333333333333334,6
102,All,4,6,1,8,0.8333333333333334,6
102,All,4,6,1,9,0.8333333333333334,6
102,All,5,4,2,1,0.25,4
102,All,5,4,2,2,0.5,4
102,All,5,4,2,3,1.0,4
102,All,5,4,2,4,1.0,4
102,All,5,4,2,5,1.0,4
102,All,5,4,2,6,1.0,4
102,All,5,4,2,7,1.0,4
102,All,5,4,2,8,1.0,4
102,All,5,4,2,9,0.75,4
102,All,6,3,1,1,0.0,3
102,All,6,3,1,2,0.6666666666666666,3
102,All,6,3,1,3,0.6666666666666666,3
102,All,6,3,1,4,0.6666666666666666,3
102,All,6,3,1,5,0.6666666666666666,3
102,All,6,3,1,6,1.0,3
102,All,6,3,1,7,0.6666666666666666,3
102,All,6,3,1,8,1.0,3
102,All,6,3,1,9,1.0,3
102,All,7,5,2,1,0.6,5
102,All,7,5,2,2,0.8,5
102,All,7,5,2,3,0.8,5
102,All,7,5,2,4,0.8,5
102,All,7,5,2,5,1.0,5
102,All,7,5,2,6,0.8,5
102,All,7,5,2,7,1.0,5
102,All,7,5,2,8,1.0,5
102,All,7,5,2,9,1.0,5
102,All,8,3,2,1,0.5,2
102,All,8,3,2,2,0.6666666666666666,3
102,All,8,3,2,3,0.0,3
102,All,8,3,2,4,0.6666666666666666,3
102,All,8,3,2,5,1.0,3
102,All,8,3,2,6,1.0,3
102,All,8,3,2,7,1.0,3
102,All,8,3,2,8,1.0,3
102,All,8,3,2,9,1.0,3
102,All,9,2,2,1,0.5,2
102,All,9,2,2,2,1.0,2
102,All,9,2,2,3,1.0,2
102,All,9,2,2,4,1.0,2
102,All,9,2,2,5,1.0,2
102,All,9,2,2,6,1.0,2
102,All,9,2,2,7,1.0,2
102,All,9,2,2,8,1.0,2
102,All,9,2,2,9,1.0,2
102,All,10,6,2,1,0.3333333333333333,6
102,All,10,6,2,2,0.6666666666666666,6
102,All,10,6,2,3,0.3333333333333333,6
102,All,10,6,2,4,0.8,5
102,All,10,6,2,5,0.8333333333333334,6
102,All,10,6,2,6,0.8333333333333334,6
102,All,10,6,2,7,1.0,6
102,All,10,6,2,8,0.8333333333333334,6
102,All,10,6,2,9,1.0,6
102,All,11,6,3,1,0.3333333333333333,6
102,All,11,6,3,2,0.5,6
102,All,11,6,3,3,0.8333333333333334,6
102,All,11,6,3,4,0.5,6
102,All,11,6,3,5,0.6666666666666666,6
102,All,11,6,3,6,0.6666666666666666,6
102,All,11,6,3,7,0.8333333333333334,6
102,All,11,6,3,8,1.0,6
102,All,11,6,3,9,1.0,6
102,All,12,4,3,1,0.5,4
102,All,12,4,3,2,0.5,4
102,All,12,4,3,3,1.0,3
102,All,12,4,3,4,0.75,4
102,All,12,4,3,5,0.75,4
102,All,12,4,3,6,1.0,4
102,All,12,4,3,7,1.0,4
102,All,12,4,3,8,1.0,4
102,All,12,4,3,9,1.0,4
102,All,13,2,3,1,0.5,2
102,All,13,2,3,2,1.0,2
102,All,13,2,3,3,1.0,2
102,All,13,2,3,4,1.0,2
102,All,13,2,3,5,1.0,2
102,All,13,2,3,6,0.5,2
102,All,13,2,3,7,1.0,2
102,All,13,2,3,8,1.0,2
102,All,13,2,3,9,1.0,2
102,All,14,3,3,1,0.3333333333333333,3
102,All,14,3,3,2,0.3333333333333333,3
102,All,14,3,3,3,1.0,3
102,All,14,3,3,4,1.0,3
102,All,14,3,3,5,1.0,3
102,All,14,3,3,6,1.0,3
102,All,14,3,3,7,1.0,3
102,All,14,3,3,8,1.0,3
102,All,14,3,3,9,0.6666666666666666,3
102,All,15,4,4,1,0.25,4
102,All,15,4,4,2,1.0,4
102,All,15,4,4,3,0.75,4
102,All,15,4,4,4,1.0,4
102,All,15,4,4,5,1.0,4
102,All,15,4,4,6,0.75,4
102,All,15,4,4,7,1.0,4
102,All,15,4,4,8,1.0,4
102,All,15,4,4,9,0.75,4
102,All,16,5,3,1,0.4,5
102,All,16,5,3,2,1.0,5
102,All,16,5,3,3,0.8,5
102,All,16,5,3,4,1.0,5
102,All,16,5,3,5,0.8,5
102,All,16,5,3,6,1.0,5
102,All,16,5,3,7,1.0,5
102,All,16,5,3,8,1.0,5
102,All,16,5,3,9,1.0,5
102,All,17,3,4,1,0.6666666666666666,3
102,All,17,3,4,2,1.0,3
102,All,17,3,4,3,1.0,3
102,All,17,3,4,4,1.0,3
102,All,17,3,4,5,1.0,3
102,All,17,3,4,6,1.0,3
102,All,17,3,4,7,1.0,3
102,All,17,3,4,8,1.0,3
102,All,17,3,4,9,1.0,3
102,All,18,2,4,1,0.5,2
102,All,18,2,4,2,0.5,2
102,All,18,2,4,3,1.0,2
102,All,18,2,4,4,0.5,2
102,All,18,2,4,5,0.5,2
102,All,18,2,4,6,1.0,2
102,All,18,2,4,7,1.0,2
102,All,18,2,4,8,1.0,2
102,All,18,2,4,9,0.5,2
103,All,1,2,1,1,0.5,2
103,All,1,2,1,2,1.0,2
103,All,1,2,1,3,1.0,2
103,All,1,2,1,4,0.5,2
103,All,1,2,1,5,1.0,2
103,All,1,2,1,6,1.0,2
103,All,1,2,1,7,1.0,2
103,All,1,2,1,8,1.0,2
103,All,1,2,1,9,0.5,2
103,All,2,5,1,1,0.4,5
103,All,2,5,1,2,0.8,5
103,All,2,5,1,3,0.8,5
103,All,2,5,1,4,1.0,5
103,All,2,5,1,5,1.0,5
103,All,2,5,1,6,1.0,5
103,All,2,5,1,7,1.0,5
103,All,2,5,1,8,1.0,5
103,All,2,5,1,9,1.0,5
103,All,3,4,1,1,0.0,4
103,All,3,4,1,2,0.5,4
103,All,3,4,1,3,0.5,4
103,All,3,4,1,4,0.75,4
103,All,3,4,1,5,0.5,4
103,All,3,4,1,6,0.5,4
103,All,3,4,1,7,0.5,4
103,All,3,4,1,8,1.0,3
103,All,3,4,1,9,0.75,4
103,All,4,6,1,1,0.0,6
103,All,4,6,1,2,0.3333333333333333,6
103,All,4,6,1,3,0.8333333333333334,6
103,All,4,6,1,4,0.5,6
103,All,4,6,1,5,0.6666666666666666,6
103,All,4,6,1,6,0.6666666666666666,6
103,All,4,6,1,7,0.6666666666666666,6
103,All,4,6,1,8,0.6666666666666666,6
103,All,4,6,1,9,0.3333333333333333,6
103,All,5,4,2,1,0.75,4
103,All,5,4,2,2,1.0,4
103,All,5,4,2,3,1.0,4
103,All,5,4,2,4,1.0,4
103,All,5,4,2,5,1.0,4
103,All,5,4,2,6,0.75,4
103,All,5,4,2,7,1.0,4
103,All,5,4,2,8,1.0,4
103,All,5,4,2,9,1.0,4
103,All,6,3,1,1,0.0,3
103,All,6,3,1,2,0.3333333333333333,3
103,All,6,3,1,3,0.6666666666666666,3
103,All,6,3,1,4,0.3333333333333333,3
103,All,6,3,1,5,0.6666666666666666,3
103,All,6,3,1,6,1.0,3
103,All,6,3,1,7,1.0,3
103,All,6,3,1,8,1.0,3
103,All,6,3,1,9,1.0,3
103,All,7,5,2,1,0.4,5
103,All,7,5,2,2,0.4,5
103,All,7,5,2,3,0.6,5
103,All,7,5,2,4,0.6,5
103,All,7,5,2,5,0.8,5
103,All,7,5,2,6,0.8,5
103,All,7,5,2,7,0.8,5
103,All,7,5,2,8,1.0,5
103,All,7,5,2,9,1.0,5
103,All,8,3,2,1,0.3333333333333333,3
103,All,8,3,2,2,0.6666666666666666,3
103,All,8,3,2,3,1.0,3
103,All,8,3,2,4,1.0,3
103,All,8,3,2,5,1.0,3
103,All,8,3,2,6,1.0,3
103,All,8,3,2,7,1.0,3
103,All,8,3,2,8,1.0,3
103,All,8,3,2,9,1.0,3
103,All,9,2,2,1,0.5,2
103,All,9,2,2,2,0.5,2
103,All,9,2,2,3,1.0,2
103,All,9,2,2,4,1.0,2
103,All,9,2,2,5,1.0,2
103,All,9,2,2,6,1.0,2
103,All,9,2,2,7,1.0,2
103,All,9,2,2,8,1.0,2
103,All,9,2,2,9,0.5,2
103,All,10,6,2,1,0.3333333333333333,6
103,All,10,6,2,2,0.3333333333333333,6
103,All,10,6,2,3,0.4,5
103,All,10,6,2,4,0.8333333333333334,6
103,All,10,6,2,5,1.0,6
103,All,10,6,2,6,0.8333333333333334,6
103,All,10,6,2,7,0.6666666666666666,6
103,All,10,6,2,8,1.0,6
103,All,10,6,2,9,1.0,6
103,All,11,6,3,1,0.16666666666666666,6
103,All,11,6,3,2,0.16666666666666666,6
103,All,11,6,3,3,0.5,6
103,All,11,6,3,4,1.0,6
103,All,11,6,3,5,0.8333333333333334,6
103,All,11,6,3,6,1.0,6
103,All,11,6,3,7,0.6666666666666666,6
103,All,11,6,3,8,0.8333333333333334,6
103,All,11,6,3,9,0.8333333333333334,6
103,All,12,4,3,1,0.5,4
103,All,12,4,3,2,1.0,4
103,All,12,4,3,3,1.0,4
103,All,12,4,3,4,1.0,4
103,All,12,4,3,5,1.0,4
103,All,12,4,3,6,0.75,4
103,All,12,4,3,7,1.0,4
103,All,12,4,3,8,1.0,4
103,All,12,4,3,9,1.0,4
103,All,13,2,3,1,0.0,2
103,All,13,2,3,2,1.0,2
103,All,13,2,3,3,1.0,2
103,All,13,2,3,4,1.0,2
103,All,13,2,3,5,1.0,2
103,All,13,2,3,6,1.0,2
103,All,13,2,3,7,1.0,2
103,All,13,2,3,8,1.0,2
103,All,13,2,3,9,1.0,2
103,All,14,3,3,1,0.0,3
103,All,14,3,3,2,0.6666666666666666,3
103,All,14,3,3,3,1.0,3
103,All,14,3,3,4,1.0,3
103,All,14,3,3,5,1.0,3
103,All,14,3,3,6,1.0,3
103,All,14,3,3,7,1.0,3
103,All,14,3,3,8,1.0,3
103,All,14,3,3,9,1.0,3
103,All,15,4,4,1,0.0,4
103,All,15,4,4,2,0.0,3
103,All,15,4,4,3,1.0,4
103,All,15,4,4,4,0.75,4
103,All,15,4,4,5,1.0,4
103,All,15,4,4,6,1.0,4
103,All,15,4,4,7,0.75,4
103,All,15,4,4,8,1.0,4
103,All,15,4,4,9,1.0,4
103,All,16,5,3,1,0.4,5
103,All,16,5,3,2,0.4,5
103,All,16,5,3,3,0.8,5
103,All,16,5,3,4,1.0,5
103,All,16,5,3,5,0.8,5
103,All,16,5,3,6,0.8,5
103,All,16,5,3,7,0.6,5
103,All,16,5,3,8,1.0,5
103,All,16,5,3,9,1.0,5
103,All,17,3,4,1,0.3333333333333333,3
103,All,17,3,4,2,0.6666666666666666,3
103,All,17,3,4,3,0.6666666666666666,3
103,All,17,3,4,4,0.6666666666666666,3
103,All,17,3,4,5,1.0,3
103,All,17,3,4,6,1.0,3
103,All,17,3,4,7,1.0,3
103,All,17,3,4,8,1.0,3
103,All,17,3,4,9,1.0,3
103,All,18,2,4,1,0.0,2
103,All,18,2,4,2,0.0,2
103,All,18,2,4,3,0.5,2
103,All,18,2,4,4,0.5,2
103,All,18,2,4,5,0.5,2
103,All,18,2,4,6,1.0,2
103,All,18,2,4,7,1.0,2
103,All,18,2,4,8,1.0,2
103,All,18,2,4,9,0.5,2
104,All,1,2,1,1,0.0,2
104,All,1,2,1,2,0.0,2
104,All,1,2,1,3,0.5,2
104,All,1,2,1,4,1.0,2
104,All,1,2,1,5,1.0,2
104,All,1,2,1,6,0.5,2
104,All,1,2,1,7,0.0,2
104,All,1,2,1,8,1.0,2
104,All,1,2,1,9,0.5,2
104,All,2,5,1,1,0.6,5
104,All,2,5,1,2,0.8,5
104,All,2,5,1,3,1.0,5
104,All,2,5,1,4,0.6,5
104,All,2,5,1,5,0.8,5
104,All,2,5,1,6,0.6,5
104,All,2,5,1,7,1.0,5
104,All,2,5,1,8,1.0,5
104,All,2,5,1,9,0.8,5
104,All,3,4,1,1,0.25,4
104,All,3,4,1,2,0.25,4
104,All,3,4,1,3,0.3333333333333333,3
104,All,3,4,1,4,0.25,4
104,All,3,4,1,5,0.5,4
104,All,3,4,1,6,0.75,4
104,All,3,4,1,7,0.5,4
104,All,3,4,1,8,0.5,4
104,All,3,4,1,9,0.5,4
104,All,4,6,1,1,0.0,6
104,All,4,6,1,2,0.16666666666666666,6
104,All,4,6,1,3,0.3333333333333333,6
104,All,4,6,1,4,0.6666666666666666,6
104,All,4,6,1,5,0.6666666666666666,6
104,All,4,6,1,6,0.6666666666666666,6
104,All,4,6,1,7,0.8333333333333334,6
104,All,4,6,1,8,0.5,6
104,All,4,6,1,9,0.6666666666666666,6
104,All,5,4,2,1,0.3333333333333333,3
104,All,5,4,2,2,0.75,4
104,All,5,4,2,3,0.25,4
104,All,5,4,2,4,0.75,4
104,All,5,4,2,5,0.75,4
104,All,5,4,2,6,0.75,4
104,All,5,4,2,7,0.75,4
104,All,5,4,2,8,0.75,4
104,All,5,4,2,9,0.75,4
104,All,6,3,1,1,0.3333333333333333,3
104,All,6,3,1,2,0.6666666666666666,3
104,All,6,3,1,3,0.3333333333333333,3
104,All,6,3,1,4,0.6666666666666666,3
104,All,6,3,1,5,0.6666666666666666,3
104,All,6,3,1,6,1.0,3
104,All,6,3,1,7,0.6666666666666666,3
104,All,6,3,1,8,0.3333333333333333,3
104,All,6,3,1,9,1.0,3
104,All,7,5,2,1,0.25,4
104,All,7,5,2,2,0.6,5
104,All,7,5,2,3,0.4,5
104,All,7,5,2,4,0.4,5
104,All,7,5,2,5,0.8,5
104,All,7,5,2,6,0.8,5
104,All,7,5,2,7,1.0,5
104,All,7,5,2,8,1.0,5
104,All,7,5,2,9,0.8,5
104,All,8,3,2,1,0.3333333333333333,3
104,All,8,3,2,2,0.3333333333333333,3
104,All,8,3,2,3,0.6666666666666666,3
104,All,8,3,2,4,1.0,3
104,All,8,3,2,5,1.0,3
104,All,8,3,2,6,0.6666666666666666,3
104,All,8,3,2,7,1.0,3
104,All,8,3,2,8,1.0,3
104,All,8,3,2,9,1.0,3
104,All,9,2,2,1,0.5,2
104,All,9,2,2,2,1.0,2
104,All,9,2,2,3,1.0,2
104,All,9,2,2,4,1.0,2
104,All,9,2,2,5,1.0,2
104,All,9,2,2,6,1.0,2
104,All,9,2,2,7,1.0,2
104,All,9,2,2,8,1.0,2
104,All,9,2,2,9,1.0,2
104,All,10,6,2,1,0.5,6
104,All,10,6,2,2,0.3333333333333333,6
104,All,10,6,2,3,1.0,6
104,All,10,6,2,4,1.0,6
104,All,10,6,2,5,0.8333333333333334,6
104,All,10,6,2,6,1.0,6
104,All,10,6,2,7,1.0,6
104,All,10,6,2,8,0.8333333333333334,6
104,All,10,6,2,9,1.0,6
104,All,11,6,3,1,0.5,6
104,All,11,6,3,2,0.3333333333333333,6
104,All,11,6,3,3,0.6,5
104,All,11,6,3,4,0.8333333333333334,6
104,All,11,6,3,5,0.8333333333333334,6
104,All,11,6,3,6,1.0,5
104,All,11,6,3,7,0.5,6
104,All,11,6,3,8,0.8333333333333334,6
104,All,11,6,3,9,1.0,6
104,All,12,4,3,1,0.25,4
104,All,12,4,3,2,0.5,4
104,All,12,4,3,3,0.75,4
104,All,12,4,3,4,1.0,4
104,All,12,4,3,5,1.0,4
104,All,12,4,3,6,0.5,4
104,All,12,4,3,7,1.0,4
104,All,12,4,3,8,0.5,4
104,All,12,4,3,9,1.0,4
104,All,13,2,3,1,0.0,2
104,All,13,2,3,2,0.5,2
104,All,13,2,3,3,1.0,2
104,All,13,2,3,4,1.0,2
104,All,13,2,3,5,1.0,2
104,All,13,2,3,6,1.0,2
104,All,13,2,3,7,1.0,2
104,All,13,2,3,8,1.0,2
104,All,13,2,3,9,1.0,2
104,All,14,3,3,1,0.0,3
104,All,14,3,3,2,1.0,3
104,All,14,3,3,3,1.0,3
104,All,14,3,3,4,1.0,3
104,All,14,3,3,5,1.0,3
104,All,14,3,3,6,1.0,3
104,All,14,3,3,7,0.6666666666666666,3
104,All,14,3,3,8,1.0,3
104,All,14,3,3,9,1.0,3
104,All,15,4,4,1,0.25,4
104,All,15,4,4,2,0.75,4
104,All,15,4,4,3,1.0,4
104,All,15,4,4,4,1.0,4
104,All,15,4,4,5,1.0,4
104,All,15,4,4,6,1.0,4
104,All,15,4,4,7,0.75,4
104,All,15,4,4,8,1.0,4
104,All,15,4,4,9,1.0,4
104,All,16,5,3,1,0.2,5
104,All,16,5,3,2,0.2,5
104,All,16,5,3,3,0.4,5
104,All,16,5,3,4,0.6,5
104,All,16,5,3,5,0.5,4
104,All,16,5,3,6,0.2,5
104,All,16,5,3,7,0.75,4
104,All,16,5,3,8,0.8,5
104,All,16,5,3,9,1.0,5
104,All,17,3,4,1,0.3333333333333333,3
104,All,17,3,4,2,0.6666666666666666,3
104,All,17,3,4,3,1.0,3
104,All,17,3,4,4,1.0,3
104,All,17,3,4,5,1.0,3
104,All,17,3,4,6,1.0,3
104,All,17,3,4,7,1.0,3
104,All,17,3,4,8,1.0,3
104,All,17,3,4,9,1.0,3
104,All,18,2,4,1,0.5,2
104,All,18,2,4,2,1.0,2
104,All,18,2,4,3,1.0,2
104,All,18,2,4,4,1.0,2
104,All,18,2,4,5,0.5,2
104,All,18,2,4,6,1.0,2
104,All,18,2,4,7,1.0,2
104,All,18,2,4,8,1.0,2
104,All,18,2,4,9,1.0,2
105,All,1,2,1,1,0.0,2
105,All,1,2,1,2,0.5,2
105,All,1,2,1,3,1.0,2
105,All,1,2,1,4,0.5,2
105,All,1,2,1,5,1.0,2
105,All,1,2,1,6,0.5,2
105,All,1,2,1,7,1.0,2
105,All,1,2,1,8,1.0,2
105,All,1,2,1,9,1.0,2
105,All,2,5,1,1,0.2,5
105,All,2,5,1,2,1.0,5
105,All,2,5,1,3,1.0,5
105,All,2,5,1,4,1.0,5
105,All,2,5,1,5,1.0,5
105,All,2,5,1,6,0.8,5
105,All,2,5,1,7,1.0,5
105,All,2,5,1,8,1.0,5
105,All,2,5,1,9,1.0,5
105,All,3,4,1,1,0.5,4
105,All,3,4,1,2,1.0,4
105,All,3,4,1,3,1.0,4
105,All,3,4,1,4,1.0,4
105,All,3,4,1,5,0.75,4
105,All,3,4,1,6,1.0,4
105,All,3,4,1,7,1.0,4
105,All,3,4,1,8,0.75,4
105,All,3,4,1,9,1.0,4
105,All,4,6,1,1,0.3333333333333333,6
105,All,4,6,1,2,0.6,5
105,All,4,6,1,3,0.5,6
105,All,4,6,1,4,0.5,6
105,All,4,6,1,5,0.5,6
105,All,4,6,1,6,0.6666666666666666,6
105,All,4,6,1,7,0.8333333333333334,6
105,All,4,6,1,8,0.6666666666666666,6
105,All,4,6,1,9,0.5,6
105,All,5,4,2,1,0.25,4
105,All,5,4,2,2,0.75,4
105,All,5,4,2,3,1.0,4
105,All,5,4,2,4,1.0,4
105,All,5,4,2,5,0.75,4
105,All,5,4,2,6,1.0,4
105,All,5,4,2,7,0.75,4
105,All,5,4,2,8,1.0,4
105,All,5,4,2,9,1.0,4
105,All,6,3,1,1,0.0,3
105,All,6,3,1,2,0.3333333333333333,3
105,All,6,3,1,3,1.0,3
105,All,6,3,1,4,1.0,3
105,All,6,3,1,5,1.0,3
105,All,6,3,1,6,1.0,3
105,All,6,3,1,7,0.6666666666666666,3
105,All,6,3,1,8,1.0,3
105,All,6,3,1,9,1.0,3
105,All,7,5,2,1,0.4,5
105,All,7,5,2,2,0.6,5
105,All,7,5,2,3,0.8,5
105,All,7,5,2,4,1.0,5
105,All,7,5,2,5,0.8,5
105,All,7,5,2,6,1.0,5
105,All,7,5,2,7,0.8,5
105,All,7,5,2,8,1.0,5
105,All,7,5,2,9,1.0,5
105,All,8,3,2,1,0.3333333333333333,3
105,All,8,3,2,2,0.3333333333333333,3
105,All,8,3,2,3,1.0,3
105,All,8,3,2,4,1.0,3
105,All,8,3,2,5,1.0,3
105,All,8,3,2,6,1.0,3
105,All,8,3,2,7,1.0,3
105,All,8,3,2,8,1.0,3
105,All,8,3,2,9,1.0,3
105,All,9,2,2,1,1.0,2
105,All,9,2,2,2,1.0,2
105,All,9,2,2,3,1.0,2
105,All,9,2,2,4,1.0,2
105,All,9,2,2,5,1.0,2
105,All,9,2,2,6,1.0,2
105,All,9,2,2,7,1.0,2
105,All,9,2,2,8,1.0,2
105,All,9,2,2,9,1.0,2
105,All,10,6,2,1,0.3333333333333333,6
105,All,10,6,2,2,0.6666666666666666,6
105,All,10,6,2,3,1.0,6
105,All,10,6,2,4,1.0,6
105,All,10,6,2,5,1.0,6
105,All,10,6,2,6,1.0,6
105,All,10,6,2,7,1.0,6
105,All,10,6,2,8,1.0,6
105,All,10,6,2,9,1.0,6
105,All,11,6,3,1,0.5,6
105,All,11,6,3,2,0.5,6
105,All,11,6,3,3,0.6666666666666666,6
105,All,11,6,3,4,0.5,6
105,All,11,6,3,5,0.3333333333333333,6
105,All,11,6,3,6,0.16666666666666666,6
105,All,11,6,3,7,0.5,6
105,All,11,6,3,8,0.8333333333333334,6
105,All,11,6,3,9,0.8333333333333334,6
105,All,12,4,3,1,0.5,4
105,All,12,4,3,2,0.75,4
105,All,12,4,3,3,0.5,4
105,All,12,4,3,4,1.0,4
105,All,12,4,3,5,0.5,4
105,All,12,4,3,6,0.75,4
105,All,12,4,3,7,1.0,4
105,All,12,4,3,8,0.75,4
105,All,12,4,3,9,1.0,4
105,All,13,2,3,1,0.5,2
105,All,13,2,3,2,1.0,2
105,All,13,2,3,3,1.0,2
105,All,13,2,3,4,1.0,2
105,All,13,2,3,5,1.0,2
105,All,13,2,3,6,1.0,2
105,All,13,2,3,7,1.0,2
105,All,13,2,3,8,1.0,2
105,All,13,2,3,9,1.0,2
105,All,14,3,3,1,0.3333333333333333,3
105,All,14,3,3,2,0.6666666666666666,3
105,All,14,3,3,3,1.0,3
105,All,14,3,3,4,1.0,3
105,All,14,3,3,5,1.0,3
105,All,14,3,3,6,1.0,3
105,All,14,3,3,7,1.0,3
105,All,14,3,3,8,0.6666666666666666,3
105,All,14,3,3,9,1.0,3
105,All,15,4,4,1,0.25,4
105,All,15,4,4,2,0.5,4
105,All,15,4,4,3,1.0,4
105,All,15,4,4,4,1.0,4
105,All,15,4,4,5,1.0,4
105,All,15,4,4,6,1.0,4
105,All,15,4,4,7,1.0,4
105,All,15,4,4,8,1.0,4
105,All,15,4,4,9,0.75,4
105,All,16,5,3,1,0.4,5
105,All,16,5,3,2,0.6,5
105,All,16,5,3,3,0.6,5
105,All,16,5,3,4,0.6,5
105,All,16,5,3,5,1.0,5
105,All,16,5,3,6,1.0,5
105,All,16,5,3,7,0.8,5
105,All,16,5,3,8,1.0,5
105,All,16,5,3,9,0.6,5
105,All,17,3,4,1,0.3333333333333333,3
105,All,17,3,4,2,0.6666666666666666,3
105,All,17,3,4,3,1.0,3
105,All,17,3,4,4,1.0,3
105,All,17,3,4,5,0.6666666666666666,3
105,All,17,3,4,6,1.0,3
105,All,17,3,4,7,0.6666666666666666,3
105,All,17,3,4,8,1.0,3
105,All,17,3,4,9,1.0,3
105,All,18,2,4,1,0.5,2
105,All,18,2,4,2,0.5,2
105,All,18,2,4,3,1.0,2
105,All,18,2,4,4,1.0,2
105,All,18,2,4,5,1.0,2
105,All,18,2,4,6,1.0,2
105,All,18,2,4,7,1.0,2
105,All,18,2,4,8,1.0,2
105,All,18,2,4,9,1.0,2
106,All,1,2,1,1,0.0,2
106,All,1,2,1,2,0.0,2
106,All,1,2,1,3,1.0,2
106,All,1,2,1,4,1.0,2
106,All,1,2,1,5,1.0,2
106,All,1,2,1,6,1.0,2
106,All,1,2,1,7,1.0,2
106,All,1,2,1,8,1.0,2
106,All,1,2,1,9,1.0,2
106,All,2,3,1,1,0.6666666666666666,3
106,All,2,3,1,2,1.0,3
106,All,2,3,1,3,1.0,3
106,All,2,3,1,4,1.0,3
106,All,2,3,1,5,1.0,3
106,All,2,3,1,6,1.0,3
106,All,2,3,1,7,1.0,3
106,All,2,3,1,8,1.0,3
106,All,2,3,1,9,1.0,3
106,All,3,3,2,1,0.3333333333333333,3
106,All,3,3,2,2,0.6666666666666666,3
106,All,3,3,2,3,1.0,3
106,All,3,3,2,4,1.0,3
106,All,3,3,2,5,1.0,3
106,All,3,3,2,6,1.0,3
106,All,3,3,2,7,1.0,3
106,All,3,3,2,8,1.0,3
106,All,3,3,2,9,1.0,3
106,All,4,4,1,1,0.5,4
106,All,4,4,1,2,1.0,4
106,All,4,4,1,3,0.75,4
106,All,4,4,1,4,1.0,4
106,All,4,4,1,5,1.0,4
106,All,4,4,1,6,1.0,4
106,All,4,4,1,7,1.0,4
106,All,4,4,1,8,1.0,4
106,All,4,4,1,9,1.0,4
106,All,5,5,1,1,0.4,5
106,All,5,5,1,2,0.4,5
106,All,5,5,1,3,0.8,5
106,All,5,5,1,4,0.8,5
106,All,5,5,1,5,1.0,5
106,All,5,5,1,6,1.0,5
106,All,5,5,1,7,1.0,5
106,All,5,5,1,8,1.0,5
106,All,5,5,1,9,1.0,5
106,All,6,4,2,1,0.25,4
106,All,6,4,2,2,0.25,4
106,All,6,4,2,3,0.5,4
106,All,6,4,2,4,1.0,4
106,All,6,4,2,5,1.0,4
106,All,6,4,2,6,1.0,4
106,All,6,4,2,7,1.0,4
106,All,6,4,2,8,1.0,4
106,All,6,4,2,9,1.0,4
106,All,7,2,2,1,1.0,2
106,All,7,2,2,2,1.0,2
106,All,7,2,2,3,1.0,2
106,All,7,2,2,4,1.0,2
106,All,7,2,2,5,1.0,2
106,All,7,2,2,6,0.5,2
106,All,7,2,2,7,1.0,2
106,All,7,2,2,8,1.0,2
106,All,7,2,2,9,1.0,2
106,All,8,5,2,1,0.2,5
106,All,8,5,2,2,0.8,5
106,All,8,5,2,3,1.0,5
106,All,8,5,2,4,1.0,5
106,All,8,5,2,5,1.0,5
106,All,8,5,2,6,1.0,5
106,All,8,5,2,7,1.0,5
106,All,8,5,2,8,1.0,5
106,All,8,5,2,9,1.0,5
106,All,9,6,1,1,0.16666666666666666,6
106,All,9,6,1,2,0.5,6
106,All,9,6,1,3,0.6666666666666666,6
106,All,9,6,1,4,0.8333333333333334,6
106,All,9,6,1,5,1.0,6
106,All,9,6,1,6,0.6666666666666666,6
106,All,9,6,1,7,1.0,6
106,All,9,6,1,8,1.0,6
106,All,9,6,1,9,1.0,6
106,All,10,4,3,1,1.0,4
106,All,10,4,3,2,1.0,4
106,All,10,4,3,3,1.0,4
106,All,10,4,3,4,1.0,4
106,All,10,4,3,5,1.0,4
106,All,10,4,3,6,1.0,4
106,All,10,4,3,7,1.0,4
106,All,10,4,3,8,1.0,4
106,All,10,4,3,9,1.0,4
106,All,11,6,2,1,0.3333333333333333,6
106,All,11,6,2,2,0.6666666666666666,6
106,All,11,6,2,3,0.8333333333333334,6
106,All,11,6,2,4,0.6666666666666666,6
106,All,11,6,2,5,1.0,6
106,All,11,6,2,6,0.8333333333333334,6
106,All,11,6,2,7,0.8333333333333334,6
106,All,11,6,2,8,1.0,6
106,All,11,6,2,9,1.0,6
106,All,12,5,3,1,0.4,5
106,All,12,5,3,2,0.6,5
106,All,12,5,3,3,0.8,5
106,All,12,5,3,4,0.4,5
106,All,12,5,3,5,1.0,5
106,All,12,5,3,6,0.6,5
106,All,12,5,3,7,1.0,5
106,All,12,5,3,8,0.8,5
106,All,12,5,3,9,1.0,5
106,All,13,4,4,1,0.0,4
106,All,13,4,4,2,0.25,4
106,All,13,4,4,3,0.75,4
106,All,13,4,4,4,1.0,4
106,All,13,4,4,5,1.0,4
106,All,13,4,4,6,1.0,4
106,All,13,4,4,7,1.0,4
106,All,13,4,4,8,1.0,4
106,All,13,4,4,9,1.0,4
106,All,14,6,3,1,0.6666666666666666,6
106,All,14,6,3,2,0.5,6
106,All,14,6,3,3,0.8333333333333334,6
106,All,14,6,3,4,0.6666666666666666,6
106,All,14,6,3,5,0.8333333333333334,6
106,All,14,6,3,6,0.8333333333333334,6
106,All,14,6,3,7,1.0,6
106,All,14,6,3,8,0.8333333333333334,6
106,All,14,6,3,9,1.0,6
106,All,15,3,3,1,0.6666666666666666,3
106,All,15,3,3,2,0.6666666666666666,3
106,All,15,3,3,3,1.0,3
106,All,15,3,3,4,1.0,3
106,All,15,3,3,5,1.0,3
106,All,15,3,3,6,1.0,3
106,All,15,3,3,7,1.0,3
106,All,15,3,3,8,1.0,3
106,All,15,3,3,9,1.0,3
106,All,16,2,3,1,0.0,2
106,All,16,2,3,2,0.5,2
106,All,16,2,3,3,1.0,2
106,All,16,2,3,4,1.0,2
106,All,16,2,3,5,1.0,2
106,All,16,2,3,6,1.0,2
106,All,16,2,3,7,1.0,2
106,All,16,2,3,8,1.0,2
106,All,16,2,3,9,1.0,2
106,All,17,3,4,1,0.3333333333333333,3
106,All,17,3,4,2,0.6666666666666666,3
106,All,17,3,4,3,0.6666666666666666,3
106,All,17,3,4,4,1.0,3
106,All,17,3,4,5,0.6666666666666666,3
106,All,17,3,4,6,1.0,3
106,All,17,3,4,7,1.0,3
106,All,17,3,4,8,1.0,3
106,All,17,3,4,9,1.0,3
106,All,18,2,4,1,1.0,2
106,All,18,2,4,2,1.0,2
106,All,18,2,4,3,1.0,2
106,All,18,2,4,4,1.0,2
106,All,18,2,4,5,1.0,2
106,All,18,2,4,6,1.0,2
106,All,18,2,4,7,1.0,2
106,All,18,2,4,8,1.0,2
106,All,18,2,4,9,1.0,2
107,All,1,2,1,1,0.0,2
107,All,1,2,1,2,1.0,2
107,All,1,2,1,3,1.0,2
107,All,1,2,1,4,1.0,2
107,All,1,2,1,5,1.0,2
107,All,1,2,1,6,1.0,2
107,All,1,2,1,7,1.0,2
107,All,1,2,1,8,1.0,2
107,All,1,2,1,9,0.5,2
107,All,2,3,1,1,0.3333333333333333,3
107,All,2,3,1,2,0.3333333333333333,3
107,All,2,3,1,3,0.3333333333333333,3
107,All,2,3,1,4,1.0,3
107,All,2,3,1,5,1.0,3
107,All,2,3,1,6,1.0,3
107,All,2,3,1,7,1.0,3
107,All,2,3,1,8,1.0,3
107,All,2,3,1,9,1.0,3
107,All,3,3,2,1,0.0,3
107,All,3,3,2,2,0.3333333333333333,3
107,All,3,3,2,3,0.6666666666666666,3
107,All,3,3,2,4,0.0,2
107,All,3,3,2,5,1.0,3
107,All,3,3,2,6,1.0,3
107,All,3,3,2,7,1.0,3
107,All,3,3,2,8,1.0,3
107,All,3,3,2,9,0.6666666666666666,3
107,All,4,4,1,1,0.0,4
107,All,4,4,1,2,0.5,4
107,All,4,4,1,3,0.5,4
107,All,4,4,1,4,0.75,4
107,All,4,4,1,5,1.0,4
107,All,4,4,1,6,1.0,4
107,All,4,4,1,7,1.0,4
107,All,4,4,1,8,1.0,4
107,All,4,4,1,9,1.0,4
107,All,5,5,1,1,0.4,5
107,All,5,5,1,2,0.6,5
107,All,5,5,1,3,0.6,5
107,All,5,5,1,4,0.8,5
107,All,5,5,1,5,1.0,5
107,All,5,5,1,6,0.8,5
107,All,5,5,1,7,1.0,5
107,All,5,5,1,8,1.0,5
107,All,5,5,1,9,1.0,5
107,All,6,4,2,1,0.3333333333333333,3
107,All,6,4,2,2,0.5,4
107,All,6,4,2,3,0.75,4
107,All,6,4,2,4,0.75,4
107,All,6,4,2,5,0.3333333333333333,3
107,All,6,4,2,6,0.5,4
107,All,6,4,2,7,0.5,4
107,All,6,4,2,8,1.0,4
107,All,6,4,2,9,0.75,4
107,All,7,2,2,1,0.0,2
107,All,7,2,2,2,0.0,2
107,All,7,2,2,3,1.0,2
107,All,7,2,2,4,1.0,2
107,All,7,2,2,5,1.0,2
107,All,7,2,2,6,0.5,2
107,All,7,2,2,7,1.0,2
107,All,7,2,2,8,1.0,2
107,All,7,2,2,9,1.0,2
107,All,8,5,2,1,0.4,5
107,All,8,5,2,2,0.4,5
107,All,8,5,2,3,0.4,5
107,All,8,5,2,4,0.6,5
107,All,8,5,2,5,0.8,5
107,All,8,5,2,6,1.0,5
107,All,8,5,2,7,1.0,5
107,All,8,5,2,8,0.8,5
107,All,8,5,2,9,1.0,5
107,All,9,6,1,1,0.5,6
107,All,9,6,1,2,0.4,5
107,All,9,6,1,3,0.5,6
107,All,9,6,1,4,0.6666666666666666,6
107,All,9,6,1,5,1.0,6
107,All,9,6,1,6,0.6666666666666666,6
107,All,9,6,1,7,1.0,6
107,All,9,6,1,8,1.0,6
107,All,9,6,1,9,0.8333333333333334,6
107,All,10,4,3,1,0.25,4
107,All,10,4,3,2,0.75,4
107,All,10,4,3,3,0.3333333333333333,3
107,All,10,4,3,4,1.0,4
107,All,10,4,3,5,1.0,4
107,All,10,4,3,6,1.0,4
107,All,10,4,3,7,1.0,4
107,All,10,4,3,8,1.0,4
107,All,10,4,3,9,1.0,4
107,All,11,6,2,1,0.16666666666666666,6
107,All,11,6,2,2,0.6666666666666666,6
107,All,11,6,2,3,0.6666666666666666,6
107,All,11,6,2,4,0.3333333333333333,6
107,All,11,6,2,5,0.6666666666666666,6
107,All,11,6,2,6,0.75,4
107,All,11,6,2,7,0.6666666666666666,6
107,All,11,6,2,8,0.8333333333333334,6
107,All,11,6,2,9,0.8333333333333334,6
107,All,12,5,3,1,0.4,5
107,All,12,5,3,2,0.4,5
107,All,12,5,3,3,0.4,5
107,All,12,5,3,4,0.2,5
107,All,12,5,3,5,1.0,5
107,All,12,5,3,6,0.6,5
107,All,12,5,3,7,0.75,4
107,All,12,5,3,8,1.0,5
107,All,12,5,3,9,1.0,5
107,All,13,4,4,1,0.25,4
107,All,13,4,4,2,0.25,4
107,All,13,4,4,3,1.0,4
107,All,13,4,4,4,1.0,4
107,All,13,4,4,5,1.0,4
107,All,13,4,4,6,1.0,4
107,All,13,4,4,7,1.0,4
107,All,13,4,4,8,1.0,4
107,All,13,4,4,9,0.75,4
107,All,14,6,3,1,0.2,5
107,All,14,6,3,2,0.3333333333333333,6
107,All,14,6,3,3,0.16666666666666666,6
107,All,14,6,3,4,0.16666666666666666,6
107,All,14,6,3,5,0.5,6
107,All,14,6,3,6,0.8333333333333334,6
107,All,14,6,3,7,0.6666666666666666,6
107,All,14,6,3,8,0.8333333333333334,6
107,All,14,6,3,9,0.6,5
107,All,15,3,3,1,0.6666666666666666,3
107,All,15,3,3,2,0.6666666666666666,3
107,All,15,3,3,3,0.6666666666666666,3
107,All,15,3,3,4,0.3333333333333333,3
107,All,15,3,3,5,0.6666666666666666,3
107,All,15,3,3,6,0.6666666666666666,3
107,All,15,3,3,7,1.0,3
107,All,15,3,3,8,1.0,3
107,All,15,3,3,9,1.0,3
107,All,16,2,3,1,1.0,2
107,All,16,2,3,2,1.0,2
107,All,16,2,3,3,1.0,2
107,All,16,2,3,4,1.0,2
107,All,16,2,3,5,1.0,2
107,All,16,2,3,6,1.0,2
107,All,16,2,3,7,1.0,2
107,All,16,2,3,8,1.0,2
107,All,16,2,3,9,1.0,2
107,All,17,3,4,1,0.0,3
107,All,17,3,4,2,0.6666666666666666,3
107,All,17,3,4,3,1.0,3
107,All,17,3,4,4,1.0,3
107,All,17,3,4,5,1.0,3
107,All,17,3,4,6,1.0,3
107,All,17,3,4,7,1.0,3
107,All,17,3,4,8,1.0,3
107,All,17,3,4,9,0.6666666666666666,3
107,All,18,2,4,1,0.5,2
107,All,18,2,4,2,1.0,2
107,All,18,2,4,3,0.5,2
107,All,18,2,4,4,1.0,2
107,All,18,2,4,5,1.0,2
107,All,18,2,4,6,1.0,2
107,All,18,2,4,7,1.0,2
107,All,18,2,4,8,1.0,2
107,All,18,2,4,9,1.0,2
108,All,1,2,1,1,0.0,2
108,All,1,2,1,2,0.0,2
108,All,1,2,1,3,0.5,2
108,All,1,2,1,4,1.0,2
108,All,1,2,1,5,1.0,2
108,All,1,2,1,6,1.0,2
108,All,1,2,1,7,1.0,2
108,All,1,2,1,8,1.0,2
108,All,1,2,1,9,1.0,2
108,All,2,3,1,1,0.0,3
108,All,2,3,1,2,0.0,3
108,All,2,3,1,3,0.3333333333333333,3
108,All,2,3,1,4,0.3333333333333333,3
108,All,2,3,1,5,0.6666666666666666,3
108,All,2,3,1,6,1.0,3
108,All,2,3,1,7,1.0,3
108,All,2,3,1,8,1.0,3
108,All,2,3,1,9,1.0,3
108,All,3,3,2,1,0.6666666666666666,3
108,All,3,3,2,2,0.6666666666666666,3
108,All,3,3,2,3,0.6666666666666666,3
108,All,3,3,2,4,1.0,3
108,All,3,3,2,5,1.0,3
108,All,3,3,2,6,1.0,3
108,All,3,3,2,7,1.0,3
108,All,3,3,2,8,1.0,3
108,All,3,3,2,9,1.0,3
108,All,4,4,1,1,0.25,4
108,All,4,4,1,2,0.25,4
108,All,4,4,1,3,1.0,3
108,All,4,4,1,4,1.0,4
108,All,4,4,1,5,1.0,4
108,All,4,4,1,6,1.0,4
108,All,4,4,1,7,1.0,4
108,All,4,4,1,8,1.0,4
108,All,4,4,1,9,1.0,4
108,All,5,5,1,1,0.4,5
108,All,5,5,1,2,0.8,5
108,All,5,5,1,3,0.8,5
108,All,5,5,1,4,1.0,5
108,All,5,5,1,5,0.8,5
108,All,5,5,1,6,1.0,5
108,All,5,5,1,7,1.0,5
108,All,5,5,1,8,1.0,5
108,All,5,5,1,9,1.0,5
108,All,6,4,2,1,0.5,4
108,All,6,4,2,2,0.75,4
108,All,6,4,2,3,0.75,4
108,All,6,4,2,4,1.0,4
108,All,6,4,2,5,1.0,4
108,All,6,4,2,6,1.0,4
108,All,6,4,2,7,1.0,4
108,All,6,4,2,8,1.0,4
108,All,6,4,2,9,1.0,4
108,All,7,2,2,1,1.0,2
108,All,7,2,2,2,1.0,2
108,All,7,2,2,3,1.0,2
108,All,7,2,2,4,1.0,2
108,All,7,2,2,5,1.0,2
108,All,7,2,2,6,1.0,2
108,All,7,2,2,7,1.0,2
108,All,7,2,2,8,0.5,2
108,All,7,2,2,9,0.5,2
108,All,8,5,2,1,0.2,5
108,All,8,5,2,2,0.6,5
108,All,8,5,2,3,1.0,5
108,All,8,5,2,4,0.8,5
108,All,8,5,2,5,1.0,5
108,All,8,5,2,6,1.0,5
108,All,8,5,2,7,1.0,5
108,All,8,5,2,8,1.0,5
108,All,8,5,2,9,1.0,5
108,All,9,6,1,1,0.3333333333333333,6
108,All,9,6,1,2,0.6666666666666666,6
108,All,9,6,1,3,1.0,6
108,All,9,6,1,4,0.8333333333333334,6
108,All,9,6,1,5,1.0,6
108,All,9,6,1,6,1.0,6
108,All,9,6,1,7,1.0,6
108,All,9,6,1,8,1.0,6
108,All,9,6,1,9,0.8333333333333334,6
108,All,10,4,3,1,0.25,4
108,All,10,4,3,2,0.75,4
108,All,10,4,3,3,1.0,4
108,All,10,4,3,4,1.0,4
108,All,10,4,3,5,1.0,4
108,All,10,4,3,6,1.0,4
108,All,10,4,3,7,1.0,4
108,All,10,4,3,8,1.0,4
108,All,10,4,3,9,0.75,4
108,All,11,6,2,1,0.3333333333333333,6
108,All,11,6,2,2,1.0,6
108,All,11,6,2,3,1.0,6
108,All,11,6,2,4,1.0,6
108,All,11,6,2,5,1.0,6
108,All,11,6,2,6,1.0,6
108,All,11,6,2,7,1.0,6
108,All,11,6,2,8,1.0,6
108,All,11,6,2,9,1.0,6
108,All,12,5,3,1,0.4,5
108,All,12,5,3,2,0.6,5
108,All,12,5,3,3,1.0,4
108,All,12,5,3,4,0.8,5
108,All,12,5,3,5,1.0,5
108,All,12,5,3,6,1.0,5
108,All,12,5,3,7,0.8,5
108,All,12,5,3,8,1.0,5
108,All,12,5,3,9,1.0,5
108,All,13,4,4,1,0.5,4
108,All,13,4,4,2,0.5,4
108,All,13,4,4,3,0.75,4
108,All,13,4,4,4,1.0,4
108,All,13,4,4,5,1.0,4
108,All,13,4,4,6,1.0,4
108,All,13,4,4,7,1.0,4
108,All,13,4,4,8,1.0,4
108,All,13,4,4,9,1.0,4
108,All,14,6,3,1,0.5,6
108,All,14,6,3,2,0.5,6
108,All,14,6,3,3,0.8333333333333334,6
108,All,14,6,3,4,1.0,6
108,All,14,6,3,5,1.0,6
108,All,14,6,3,6,1.0,6
108,All,14,6,3,7,1.0,6
108,All,14,6,3,8,1.0,6
108,All,14,6,3,9,1.0,6
108,All,15,3,3,1,1.0,3
108,All,15,3,3,2,1.0,3
108,All,15,3,3,3,0.6666666666666666,3
108,All,15,3,3,4,1.0,3
108,All,15,3,3,5,1.0,3
108,All,15,3,3,6,1.0,3
108,All,15,3,3,7,1.0,3
108,All,15,3,3,8,1.0,3
108,All,15,3,3,9,1.0,3
108,All,16,2,3,1,0.5,2
108,All,16,2,3,2,1.0,2
108,All,16,2,3,3,1.0,2
108,All,16,2,3,4,1.0,2
108,All,16,2,3,5,1.0,2
108,All,16,2,3,6,1.0,2
108,All,16,2,3,7,1.0,2
108,All,16,2,3,8,1.0,2
108,All,16,2,3,9,1.0,2
108,All,17,3,4,1,0.3333333333333333,3
108,All,17,3,4,2,0.3333333333333333,3
108,All,17,3,4,3,0.6666666666666666,3
108,All,17,3,4,4,1.0,3
108,All,17,3,4,5,1.0,3
108,All,17,3,4,6,1.0,3
108,All,17,3,4,7,1.0,3
108,All,17,3,4,8,1.0,3
108,All,17,3,4,9,1.0,3
108,All,18,2,4,1,0.5,2
108,All,18,2,4,2,0.5,2
108,All,18,2,4,3,1.0,2
108,All,18,2,4,4,1.0,2
108,All,18,2,4,5,1.0,2
108,All,18,2,4,6,1.0,2
108,All,18,2,4,7,1.0,2
108,All,18,2,4,8,1.0,2
108,All,18,2,4,9,1.0,2
109,All,1,2,1,1,0.5,2
109,All,1,2,1,2,0.5,2
109,All,1,2,1,3,1.0,2
109,All,1,2,1,4,0.5,2
109,All,1,2,1,5,1.0,2
109,All,1,2,1,6,1.0,2
109,All,1,2,1,7,1.0,2
109,All,1,2,1,8,1.0,2
109,All,1,2,1,9,1.0,2
109,All,2,3,1,1,0.3333333333333333,3
109,All,2,3,1,2,0.3333333333333333,3
109,All,2,3,1,3,0.6666666666666666,3
109,All,2,3,1,4,1.0,3
109,All,2,3,1,5,0.6666666666666666,3
109,All,2,3,1,6,1.0,3
109,All,2,3,1,7,1.0,3
109,All,2,3,1,8,1.0,3
109,All,2,3,1,9,1.0,3
109,All,3,3,2,1,0.3333333333333333,3
109,All,3,3,2,2,0.6666666666666666,3
109,All,3,3,2,3,1.0,3
109,All,3,3,2,4,1.0,3
109,All,3,3,2,5,1.0,3
109,All,3,3,2,6,1.0,3
109,All,3,3,2,7,1.0,3
109,All,3,3,2,8,1.0,3
109,All,3,3,2,9,1.0,3
109,All,4,4,1,1,0.25,4
109,All,4,4,1,2,1.0,3
109,All,4,4,1,3,0.75,4
109,All,4,4,1,4,0.75,4
109,All,4,4,1,5,1.0,4
109,All,4,4,1,6,0.75,4
109,All,4,4,1,7,1.0,4
109,All,4,4,1,8,1.0,4
109,All,4,4,1,9,1.0,4
109,All,5,5,1,1,0.2,5
109,All,5,5,1,2,0.6,5
109,All,5,5,1,3,0.8,5
109,All,5,5,1,4,0.2,5
109,All,5,5,1,5,0.25,4
109,All,5,5,1,6,0.6,5
109,All,5,5,1,7,0.8,5
109,All,5,5,1,8,0.8,5
109,All,5,5,1,9,0.8,5
109,All,6,4,2,1,0.5,4
109,All,6,4,2,2,1.0,3
109,All,6,4,2,3,0.75,4
109,All,6,4,2,4,0.75,4
109,All,6,4,2,5,0.75,4
109,All,6,4,2,6,0.75,4
109,All,6,4,2,7,1.0,4
109,All,6,4,2,8,1.0,4
109,All,6,4,2,9,1.0,4
109,All,7,2,2,1,0.5,2
109,All,7,2,2,2,0.5,2
109,All,7,2,2,3,0.5,2
109,All,7,2,2,4,1.0,2
109,All,7,2,2,5,1.0,2
109,All,7,2,2,6,1.0,2
109,All,7,2,2,7,1.0,2
109,All,7,2,2,8,1.0,2
109,All,7,2,2,9,0.5,2
109,All,8,5,2,1,0.2,5
109,All,8,5,2,2,0.6,5
109,All,8,5,2,3,0.8,5
109,All,8,5,2,4,0.8,5
109,All,8,5,2,5,0.4,5
109,All,8,5,2,6,0.2,5
109,All,8,5,2,7,0.8,5
109,All,8,5,2,8,0.8,5
109,All,8,5,2,9,0.6,5
109,All,9,6,1,1,0.3333333333333333,6
109,All,9,6,1,2,0.6666666666666666,6
109,All,9,6,1,3,1.0,6
109,All,9,6,1,4,0.8333333333333334,6
109,All,9,6,1,5,0.8333333333333334,6
109,All,9,6,1,6,0.8333333333333334,6
109,All,9,6,1,7,1.0,6
109,All,9,6,1,8,0.8333333333333334,6
109,All,9,6,1,9,1.0,6
109,All,10,4,3,1,0.5,4
109,All,10,4,3,2,0.25,4
109,All,10,4,3,3,1.0,4
109,All,10,4,3,4,0.75,4
109,All,10,4,3,5,1.0,4
109,All,10,4,3,6,1.0,4
109,All,10,4,3,7,1.0,4
109,All,10,4,3,8,0.75,4
109,All,10,4,3,9,1.0,4
109,All,11,6,2,1,0.3333333333333333,6
109,All,11,6,2,2,1.0,6
109,All,11,6,2,3,0.5,6
109,All,11,6,2,4,0.5,6
109,All,11,6,2,5,1.0,6
109,All,11,6,2,6,0.8333333333333334,6
109,All,11,6,2,7,1.0,6
109,All,11,6,2,8,0.6666666666666666,6
109,All,11,6,2,9,1.0,6
109,All,12,5,3,1,0.2,5
109,All,12,5,3,2,0.8,5
109,All,12,5,3,3,0.8,5
109,All,12,5,3,4,1.0,5
109,All,12,5,3,5,1.0,5
109,All,12,5,3,6,1.0,5
109,All,12,5,3,7,1.0,5
109,All,12,5,3,8,1.0,5
109,All,12,5,3,9,1.0,5
109,All,13,4,4,1,0.5,4
109,All,13,4,4,2,0.75,4
109,All,13,4,4,3,1.0,4
109,All,13,4,4,4,1.0,4
109,All,13,4,4,5,1.0,4
109,All,13,4,4,6,1.0,4
109,All,13,4,4,7,1.0,4
109,All,13,4,4,8,1.0,4
109,All,13,4,4,9,1.0,4
109,All,14,6,3,1,0.16666666666666666,6
109,All,14,6,3,2,0.5,6
109,All,14,6,3,3,0.8333333333333334,6
109,All,14,6,3,4,1.0,6
109,All,14,6,3,5,0.6666666666666666,6
109,All,14,6,3,6,1.0,5
109,All,14,6,3,7,1.0,6
109,All,14,6,3,8,1.0,6
109,All,14,6,3,9,1.0,6
109,All,15,3,3,1,0.3333333333333333,3
109,All,15,3,3,2,0.3333333333333333,3
109,All,15,3,3,3,0.3333333333333333,3
109,All,15,3,3,4,0.6666666666666666,3
109,All,15,3,3,5,0.6666666666666666,3
109,All,15,3,3,6,0.6666666666666666,3
109,All,15,3,3,7,1.0,3
109,All,15,3,3,8,1.0,3
109,All,15,3,3,9,1.0,3
109,All,16,2,3,1,0.0,2
109,All,16,2,3,2,0.5,2
109,All,16,2,3,3,1.0,2
109,All,16,2,3,4,1.0,2
109,All,16,2,3,5,1.0,2
109,All,16,2,3,6,0.5,2
109,All,16,2,3,7,1.0,2
109,All,16,2,3,8,1.0,2
109,All,16,2,3,9,1.0,2
109,All,17,3,4,1,0.6666666666666666,3
109,All,17,3,4,2,0.6666666666666666,3
109,All,17,3,4,3,1.0,3
109,All,17,3,4,4,0.6666666666666666,3
109,All,17,3,4,5,1.0,3
109,All,17,3,4,6,1.0,3
109,All,17,3,4,7,1.0,3
109,All,17,3,4,8,1.0,3
109,All,17,3,4,9,1.0,3
109,All,18,2,4,1,0.0,2
109,All,18,2,4,2,0.5,2
109,All,18,2,4,3,1.0,2
109,All,18,2,4,4,1.0,2
109,All,18,2,4,5,1.0,2
109,All,18,2,4,6,0.5,2
109,All,18,2,4,7,1.0,2
109,All,18,2,4,8,1.0,2
109,All,18,2,4,9,1.0,2
110,All,1,2,1,1,0.5,2
110,All,1,2,1,2,1.0,2
110,All,1,2,1,3,1.0,2
110,All,1,2,1,4,1.0,2
110,All,1,2,1,5,1.0,2
110,All,1,2,1,6,1.0,2
110,All,1,2,1,7,1.0,2
110,All,1,2,1,8,1.0,2
110,All,1,2,1,9,1.0,2
110,All,2,3,1,1,0.5,2
110,All,2,3,1,2,0.3333333333333333,3
110,All,2,3,1,3,1.0,3
110,All,2,3,1,4,1.0,3
110,All,2,3,1,5,1.0,3
110,All,2,3,1,6,1.0,3
110,All,2,3,1,7,1.0,3
110,All,2,3,1,8,1.0,3
110,All,2,3,1,9,1.0,3
110,All,3,3,2,1,0.6666666666666666,3
110,All,3,3,2,2,0.5,2
110,All,3,3,2,3,0.3333333333333333,3
110,All,3,3,2,4,0.3333333333333333,3
110,All,3,3,2,5,0.6666666666666666,3
110,All,3,3,2,6,1.0,3
110,All,3,3,2,7,1.0,3
110,All,3,3,2,8,0.6666666666666666,3
110,All,3,3,2,9,1.0,3
110,All,4,4,1,1,0.25,4
110,All,4,4,1,2,0.25,4
110,All,4,4,1,3,0.25,4
110,All,4,4,1,4,0.5,4
110,All,4,4,1,5,1.0,3
110,All,4,4,1,6,1.0,3
110,All,4,4,1,7,0.5,4
110,All,4,4,1,8,0.5,4
110,All,4,4,1,9,1.0,4
110,All,5,5,1,1,0.2,5
110,All,5,5,1,2,0.6,5
110,All,5,5,1,3,0.8,5
110,All,5,5,1,4,1.0,5
110,All,5,5,1,5,0.8,5
110,All,5,5,1,6,1.0,5
110,All,5,5,1,7,1.0,5
110,All,5,5,1,8,1.0,5
110,All,5,5,1,9,1.0,5
110,All,6,4,2,1,0.75,4
110,All,6,4,2,2,0.5,4
110,All,6,4,2,3,0.75,4
110,All,6,4,2,4,1.0,3
110,All,6,4,2,5,1.0,4
110,All,6,4,2,6,1.0,4
110,All,6,4,2,7,1.0,4
110,All,6,4,2,8,0.75,4
110,All,6,4,2,9,1.0,4
110,All,7,2,2,1,0.5,2
110,All,7,2,2,2,1.0,2
110,All,7,2,2,3,1.0,2
110,All,7,2,2,4,1.0,2
110,All,7,2,2,5,1.0,2
110,All,7,2,2,6,1.0,2
110,All,7,2,2,7,1.0,2
110,All,7,2,2,8,1.0,2
110,All,7,2,2,9,1.0,2
110,All,8,5,2,1,0.0,5
110,All,8,5,2,2,0.2,5
110,All,8,5,2,3,0.8,5
110,All,8,5,2,4,1.0,4
110,All,8,5,2,5,0.4,5
110,All,8,5,2,6,0.6,5
110,All,8,5,2,7,0.8,5
110,All,8,5,2,8,1.0,5
110,All,8,5,2,9,1.0,5
110,All,9,6,1,1,0.3333333333333333,6
110,All,9,6,1,2,1.0,6
110,All,9,6,1,3,1.0,6
110,All,9,6,1,4,1.0,6
110,All,9,6,1,5,1.0,6
110,All,9,6,1,6,1.0,6
110,All,9,6,1,7,1.0,6
110,All,9,6,1,8,0.8333333333333334,6
110,All,9,6,1,9,1.0,6
110,All,10,4,3,1,0.25,4
110,All,10,4,3,2,1.0,3
110,All,10,4,3,3,1.0,4
110,All,10,4,3,4,0.75,4
110,All,10,4,3,5,1.0,4
110,All,10,4,3,6,1.0,4
110,All,10,4,3,7,1.0,4
110,All,10,4,3,8,1.0,4
110,All,10,4,3,9,1.0,4
110,All,11,6,2,1,0.3333333333333333,6
110,All,11,6,2,2,0.6666666666666666,6
110,All,11,6,2,3,0.4,5
110,All,11,6,2,4,0.5,6
110,All,11,6,2,5,0.8333333333333334,6
110,All,11,6,2,6,0.5,6
110,All,11,6,2,7,1.0,6
110,All,11,6,2,8,0.8333333333333334,6
110,All,11,6,2,9,1.0,6
110,All,12,5,3,1,0.2,5
110,All,12,5,3,2,0.6,5
110,All,12,5,3,3,1.0,5
110,All,12,5,3,4,1.0,5
110,All,12,5,3,5,1.0,5
110,All,12,5,3,6,0.8,5
110,All,12,5,3,7,1.0,5
110,All,12,5,3,8,1.0,5
110,All,12,5,3,9,1.0,5
110,All,13,4,4,1,0.25,4
110,All,13,4,4,2,0.75,4
110,All,13,4,4,3,0.75,4
110,All,13,4,4,4,0.75,4
110,All,13,4,4,5,1.0,4
110,All,13,4,4,6,1.0,4
110,All,13,4,4,7,1.0,4
110,All,13,4,4,8,1.0,3
110,All,13,4,4,9,1.0,4
110,All,14,6,3,1,0.3333333333333333,6
110,All,14,6,3,2,0.3333333333333333,6
110,All,14,6,3,3,1.0,5
110,All,14,6,3,4,0.8333333333333334,6
110,All,14,6,3,5,1.0,6
110,All,14,6,3,6,1.0,6
110,All,14,6,3,7,1.0,6
110,All,14,6,3,8,1.0,6
110,All,14,6,3,9,1.0,6
110,All,15,3,3,1,0.6666666666666666,3
110,All,15,3,3,2,0.6666666666666666,3
110,All,15,3,3,3,1.0,3
110,All,15,3,3,4,1.0,3
110,All,15,3,3,5,1.0,3
110,All,15,3,3,6,1.0,3
110,All,15,3,3,7,1.0,3
110,All,15,3,3,8,1.0,3
110,All,15,3,3,9,1.0,3
110,All,16,2,3,1,0.5,2
110,All,16,2,3,2,1.0,2
110,All,16,2,3,3,1.0,2
110,All,16,2,3,4,1.0,2
110,All,16,2,3,5,1.0,2
110,All,16,2,3,6,1.0,2
110,All,16,2,3,7,1.0,2
110,All,16,2,3,8,1.0,2
110,All,16,2,3,9,1.0,2
110,All,17,3,4,1,0.6666666666666666,3
110,All,17,3,4,2,1.0,3
110,All,17,3,4,3,1.0,3
110,All,17,3,4,4,1.0,3
110,All,17,3,4,5,1.0,3
110,All,17,3,4,6,1.0,3
110,All,17,3,4,7,1.0,3
110,All,17,3,4,8,1.0,3
110,All,17,3,4,9,1.0,3
110,All,18,2,4,1,0.0,2
110,All,18,2,4,2,0.5,2
110,All,18,2,4,3,1.0,2
110,All,18,2,4,4,1.0,2
110,All,18,2,4,5,1.0,2
110,All,18,2,4,6,1.0,2
110,All,18,2,4,7,1.0,2
110,All,18,2,4,8,1.0,2
110,All,18,2,4,9,1.0,2
111,All,1,2,1,1,0.5,2
111,All,1,2,1,2,0.5,2
111,All,1,2,1,3,1.0,2
111,All,1,2,1,4,0.5,2
111,All,1,2,1,5,1.0,2
111,All,1,2,1,6,0.5,2
111,All,1,2,1,7,1.0,2
111,All,1,2,1,8,1.0,2
111,All,1,2,1,9,1.0,2
111,All,2,3,1,1,0.0,3
111,All,2,3,1,2,0.6666666666666666,3
111,All,2,3,1,3,1.0,3
111,All,2,3,1,4,1.0,3
111,All,2,3,1,5,1.0,3
111,All,2,3,1,6,1.0,3
111,All,2,3,1,7,1.0,3
111,All,2,3,1,8,1.0,3
111,All,2,3,1,9,1.0,3
111,All,3,3,2,1,0.5,2
111,All,3,3,2,2,0.0,3
111,All,3,3,2,3,0.6666666666666666,3
111,All,3,3,2,4,0.6666666666666666,3
111,All,3,3,2,5,1.0,3
111,All,3,3,2,6,1.0,3
111,All,3,3,2,7,1.0,3
111,All,3,3,2,8,1.0,3
111,All,3,3,2,9,1.0,3
111,All,4,4,1,1,0.25,4
111,All,4,4,1,2,0.25,4
111,All,4,4,1,3,0.75,4
111,All,4,4,1,4,0.5,4
111,All,4,4,1,5,0.5,4
111,All,4,4,1,6,0.5,4
111,All,4,4,1,7,0.75,4
111,All,4,4,1,8,1.0,4
111,All,4,4,1,9,1.0,4
111,All,5,5,1,1,0.5,4
111,All,5,5,1,2,0.5,4
111,All,5,5,1,3,0.4,5
111,All,5,5,1,4,0.6,5
111,All,5,5,1,5,0.6,5
111,All,5,5,1,6,0.0,5
111,All,5,5,1,7,0.6,5
111,All,5,5,1,8,0.8,5
111,All,5,5,1,9,0.8,5
111,All,6,4,2,1,0.5,4
111,All,6,4,2,2,0.75,4
111,All,6,4,2,3,1.0,4
111,All,6,4,2,4,0.5,4
111,All,6,4,2,5,0.25,4
111,All,6,4,2,6,0.5,4
111,All,6,4,2,7,0.5,4
111,All,6,4,2,8,0.75,4
111,All,6,4,2,9,0.75,4
111,All,7,2,2,1,0.5,2
111,All,7,2,2,2,0.5,2
111,All,7,2,2,3,1.0,2
111,All,7,2,2,4,1.0,2
111,All,7,2,2,5,1.0,2
111,All,7,2,2,6,1.0,2
111,All,7,2,2,7,1.0,2
111,All,7,2,2,8,1.0,2
111,All,7,2,2,9,1.0,2
111,All,8,5,2,1,0.2,5
111,All,8,5,2,2,0.75,4
111,All,8,5,2,3,0.6,5
111,All,8,5,2,4,1.0,5
111,All,8,5,2,5,0.6,5
111,All,8,5,2,6,0.6,5
111,All,8,5,2,7,1.0,5
111,All,8,5,2,8,1.0,5
111,All,8,5,2,9,1.0,5
111,All,9,6,1,1,0.3333333333333333,6
111,All,9,6,1,2,0.6666666666666666,6
111,All,9,6,1,3,0.6666666666666666,6
111,All,9,6,1,4,1.0,6
111,All,9,6,1,5,0.6666666666666666,6
111,All,9,6,1,6,1.0,6
111,All,9,6,1,7,1.0,6
111,All,9,6,1,8,0.6666666666666666,6
111,All,9,6,1,9,0.8333333333333334,6
111,All,10,4,3,1,0.25,4
111,All,10,4,3,2,0.5,4
111,All,10,4,3,3,0.5,4
111,All,10,4,3,4,0.5,4
111,All,10,4,3,5,0.3333333333333333,3
111,All,10,4,3,6,1.0,4
111,All,10,4,3,7,0.75,4
111,All,10,4,3,8,1.0,4
111,All,10,4,3,9,0.75,4
111,All,11,6,2,1,0.3333333333333333,6
111,All,11,6,2,2,0.6,5
111,All,11,6,2,3,0.5,6
111,All,11,6,2,4,0.8333333333333334,6
111,All,11,6,2,5,0.6666666666666666,6
111,All,11,6,2,6,0.8333333333333334,6
111,All,11,6,2,7,0.8333333333333334,6
111,All,11,6,2,8,0.8333333333333334,6
111,All,11,6,2,9,0.8333333333333334,6
111,All,12,5,3,1,0.2,5
111,All,12,5,3,2,0.6,5
111,All,12,5,3,3,0.2,5
111,All,12,5,3,4,0.6,5
111,All,12,5,3,5,1.0,4
111,All,12,5,3,6,1.0,5
111,All,12,5,3,7,0.8,5
111,All,12,5,3,8,1.0,5
111,All,12,5,3,9,0.8,5
111,All,13,4,4,1,0.25,4
111,All,13,4,4,2,0.75,4
111,All,13,4,4,3,0.75,4
111,All,13,4,4,4,1.0,4
111,All,13,4,4,5,1.0,4
111,All,13,4,4,6,1.0,4
111,All,13,4,4,7,1.0,4
111,All,13,4,4,8,1.0,4
111,All,13,4,4,9,1.0,4
111,All,14,6,3,1,0.3333333333333333,6
111,All,14,6,3,2,0.6666666666666666,6
111,All,14,6,3,3,0.8333333333333334,6
111,All,14,6,3,4,0.8333333333333334,6
111,All,14,6,3,5,0.6666666666666666,6
111,All,14,6,3,6,1.0,6
111,All,14,6,3,7,0.8333333333333334,6
111,All,14,6,3,8,1.0,6
111,All,14,6,3,9,1.0,6
111,All,15,3,3,1,0.6666666666666666,3
111,All,15,3,3,2,1.0,3
111,All,15,3,3,3,1.0,3
111,All,15,3,3,4,0.6666666666666666,3
111,All,15,3,3,5,1.0,3
111,All,15,3,3,6,1.0,3
111,All,15,3,3,7,1.0,3
111,All,15,3,3,8,1.0,3
111,All,15,3,3,9,1.0,3
111,All,16,2,3,1,0.5,2
111,All,16,2,3,2,1.0,2
111,All,16,2,3,3,1.0,2
111,All,16,2,3,4,1.0,2
111,All,16,2,3,5,1.0,2
111,All,16,2,3,6,0.5,2
111,All,16,2,3,7,1.0,2
111,All,16,2,3,8,0.5,2
111,All,16,2,3,9,1.0,2
111,All,17,3,4,1,0.6666666666666666,3
111,All,17,3,4,2,1.0,3
111,All,17,3,4,3,1.0,3
111,All,17,3,4,4,1.0,3
111,All,17,3,4,5,1.0,3
111,All,17,3,4,6,1.0,3
111,All,17,3,4,7,1.0,3
111,All,17,3,4,8,1.0,3
111,All,17,3,4,9,1.0,3
111,All,18,2,4,1,0.0,2
111,All,18,2,4,2,0.5,2
111,All,18,2,4,3,1.0,2
111,All,18,2,4,4,1.0,2
111,All,18,2,4,5,1.0,2
111,All,18,2,4,6,1.0,2
111,All,18,2,4,7,1.0,2
111,All,18,2,4,8,1.0,2
111,All,18,2,4,9,1.0,2
112,All,1,2,1,1,1.0,2
112,All,1,2,1,2,1.0,2
112,All,1,2,1,3,1.0,2
112,All,1,2,1,4,0.5,2
112,All,1,2,1,5,1.0,2
112,All,1,2,1,6,1.0,2
112,All,1,2,1,7,1.0,2
112,All,1,2,1,8,1.0,2
112,All,1,2,1,9,1.0,2
112,All,2,3,1,1,0.5,2
112,All,2,3,1,2,0.3333333333333333,3
112,All,2,3,1,3,0.6666666666666666,3
112,All,2,3,1,4,1.0,3
112,All,2,3,1,5,1.0,3
112,All,2,3,1,6,1.0,3
112,All,2,3,1,7,1.0,3
112,All,2,3,1,8,1.0,3
112,All,2,3,1,9,1.0,3
112,All,3,3,2,1,0.0,3
112,All,3,3,2,2,0.6666666666666666,3
112,All,3,3,2,3,0.3333333333333333,3
112,All,3,3,2,4,0.6666666666666666,3
112,All,3,3,2,5,0.6666666666666666,3
112,All,3,3,2,6,1.0,3
112,All,3,3,2,7,1.0,3
112,All,3,3,2,8,1.0,3
112,All,3,3,2,9,1.0,3
112,All,4,4,1,1,0.75,4
112,All,4,4,1,2,1.0,4
112,All,4,4,1,3,1.0,4
112,All,4,4,1,4,1.0,4
112,All,4,4,1,5,1.0,4
112,All,4,4,1,6,1.0,4
112,All,4,4,1,7,1.0,4
112,All,4,4,1,8,1.0,4
112,All,4,4,1,9,1.0,4
112,All,5,5,1,1,0.4,5
112,All,5,5,1,2,0.4,5
112,All,5,5,1,3,0.8,5
112,All,5,5,1,4,0.8,5
112,All,5,5,1,5,0.8,5
112,All,5,5,1,6,1.0,5
112,All,5,5,1,7,1.0,5
112,All,5,5,1,8,1.0,5
112,All,5,5,1,9,1.0,5
112,All,6,4,2,1,0.25,4
112,All,6,4,2,2,0.25,4
112,All,6,4,2,3,0.75,4
112,All,6,4,2,4,0.5,4
112,All,6,4,2,5,0.75,4
112,All,6,4,2,6,1.0,4
112,All,6,4,2,7,1.0,4
112,All,6,4,2,8,1.0,4
112,All,6,4,2,9,1.0,4
112,All,7,2,2,1,0.5,2
112,All,7,2,2,2,1.0,2
112,All,7,2,2,3,1.0,2
112,All,7,2,2,4,1.0,2
112,All,7,2,2,5,1.0,2
112,All,7,2,2,6,1.0,2
112,All,7,2,2,7,1.0,2
112,All,7,2,2,8,1.0,2
112,All,7,2,2,9,0.5,2
112,All,8,5,2,1,0.4,5
112,All,8,5,2,2,1.0,5
112,All,8,5,2,3,1.0,5
112,All,8,5,2,4,1.0,5
112,All,8,5,2,5,1.0,5
112,All,8,5,2,6,0.8,5
112,All,8,5,2,7,1.0,5
112,All,8,5,2,8,1.0,5
112,All,8,5,2,9,1.0,5
112,All,9,6,1,1,0.3333333333333333,6
112,All,9,6,1,2,0.6666666666666666,6
112,All,9,6,1,3,0.6666666666666666,6
112,All,9,6,1,4,0.6666666666666666,6
112,All,9,6,1,5,0.6666666666666666,6
112,All,9,6,1,6,0.6666666666666666,6
112,All,9,6,1,7,0.8333333333333334,6
112,All,9,6,1,8,0.8333333333333334,6
112,All,9,6,1,9,1.0,6
112,All,10,4,3,1,0.25,4
112,All,10,4,3,2,0.75,4
112,All,10,4,3,3,1.0,4
112,All,10,4,3,4,1.0,4
112,All,10,4,3,5,1.0,4
112,All,10,4,3,6,1.0,4
112,All,10,4,3,7,1.0,4
112,All,10,4,3,8,0.75,4
112,All,10,4,3,9,1.0,4
112,All,11,6,2,1,0.3333333333333333,6
112,All,11,6,2,2,0.6666666666666666,6
112,All,11,6,2,3,0.5,6
112,All,11,6,2,4,0.6666666666666666,6
112,All,11,6,2,5,0.6666666666666666,6
112,All,11,6,2,6,0.8333333333333334,6
112,All,11,6,2,7,0.8333333333333334,6
112,All,11,6,2,8,1.0,6
112,All,11,6,2,9,1.0,6
112,All,12,5,3,1,0.6,5
112,All,12,5,3,2,0.75,4
112,All,12,5,3,3,0.6,5
112,All,12,5,3,4,0.2,5
112,All,12,5,3,5,0.4,5
112,All,12,5,3,6,0.4,5
112,All,12,5,3,7,0.6,5
112,All,12,5,3,8,0.6,5
112,All,12,5,3,9,0.6,5
112,All,13,4,4,1,0.5,4
112,All,13,4,4,2,0.5,4
112,All,13,4,4,3,0.75,4
112,All,13,4,4,4,1.0,4
112,All,13,4,4,5,0.75,4
112,All,13,4,4,6,1.0,4
112,All,13,4,4,7,1.0,4
112,All,13,4,4,8,1.0,4
112,All,13,4,4,9,0.75,4
112,All,14,6,3,1,0.6666666666666666,6
112,All,14,6,3,2,0.8333333333333334,6
112,All,14,6,3,3,0.8333333333333334,6
112,All,14,6,3,4,1.0,6
112,All,14,6,3,5,1.0,6
112,All,14,6,3,6,1.0,6
112,All,14,6,3,7,1.0,6
112,All,14,6,3,8,1.0,6
112,All,14,6,3,9,1.0,6
112,All,15,3,3,1,0.0,3
112,All,15,3,3,2,0.6666666666666666,3
112,All,15,3,3,3,0.6666666666666666,3
112,All,15,3,3,4,0.6666666666666666,3
112,All,15,3,3,5,1.0,3
112,All,15,3,3,6,1.0,3
112,All,15,3,3,7,1.0,3
112,All,15,3,3,8,1.0,3
112,All,15,3,3,9,1.0,3
112,All,16,2,3,1,0.0,2
112,All,16,2,3,2,0.5,2
112,All,16,2,3,3,1.0,2
112,All,16,2,3,4,1.0,2
112,All,16,2,3,5,1.0,2
112,All,16,2,3,6,1.0,2
112,All,16,2,3,7,1.0,2
112,All,16,2,3,8,1.0,2
112,All,16,2,3,9,1.0,2
112,All,17,3,4,1,0.3333333333333333,3
112,All,17,3,4,2,0.3333333333333333,3
112,All,17,3,4,3,1.0,3
112,All,17,3,4,4,1.0,3
112,All,17,3,4,5,1.0,3
112,All,17,3,4,6,1.0,3
112,All,17,3,4,7,1.0,3
112,All,17,3,4,8,1.0,3
112,All,17,3,4,9,0.3333333333333333,3
112,All,18,2,4,1,0.0,2
112,All,18,2,4,2,0.5,2
112,All,18,2,4,3,1.0,2
112,All,18,2,4,4,1.0,2
112,All,18,2,4,5,1.0,2
112,All,18,2,4,6,1.0,2
112,All,18,2,4,7,1.0,2
112,All,18,2,4,8,1.0,2
112,All,18,2,4,9,1.0,2
113,All,1,2,1,1,1.0,2
113,All,1,2,1,2,0.5,2
113,All,1,2,1,3,1.0,2
113,All,1,2,1,4,1.0,2
113,All,1,2,1,5,0.5,2
113,All,1,2,1,6,1.0,2
113,All,1,2,1,7,1.0,2
113,All,1,2,1,8,1.0,2
113,All,1,2,1,9,1.0,2
113,All,2,3,1,1,0.3333333333333333,3
113,All,2,3,1,2,0.3333333333333333,3
113,All,2,3,1,3,0.3333333333333333,3
113,All,2,3,1,4,0.5,2
113,All,2,3,1,5,1.0,3
113,All,2,3,1,6,1.0,3
113,All,2,3,1,7,1.0,3
113,All,2,3,1,8,1.0,3
113,All,2,3,1,9,1.0,3
113,All,3,3,2,1,0.3333333333333333,3
113,All,3,3,2,2,0.5,2
113,All,3,3,2,3,0.3333333333333333,3
113,All,3,3,2,4,0.3333333333333333,3
113,All,3,3,2,5,0.6666666666666666,3
113,All,3,3,2,6,0.6666666666666666,3
113,All,3,3,2,7,1.0,3
113,All,3,3,2,8,1.0,3
113,All,3,3,2,9,1.0,3
113,All,4,4,1,1,0.75,4
113,All,4,4,1,2,0.5,4
113,All,4,4,1,3,1.0,4
113,All,4,4,1,4,0.75,4
113,All,4,4,1,5,1.0,4
113,All,4,4,1,6,1.0,4
113,All,4,4,1,7,1.0,4
113,All,4,4,1,8,1.0,4
113,All,4,4,1,9,1.0,4
113,All,5,5,1,1,0.4,5
113,All,5,5,1,2,0.4,5
113,All,5,5,1,3,0.2,5
113,All,5,5,1,4,0.6,5
113,All,5,5,1,5,0.6,5
113,All,5,5,1,6,0.6,5
113,All,5,5,1,7,0.8,5
113,All,5,5,1,8,1.0,5
113,All,5,5,1,9,1.0,5
113,All,6,4,2,1,0.5,4
113,All,6,4,2,2,0.75,4
113,All,6,4,2,3,1.0,4
113,All,6,4,2,4,0.75,4
113,All,6,4,2,5,0.75,4
113,All,6,4,2,6,1.0,4
113,All,6,4,2,7,1.0,4
113,All,6,4,2,8,0.75,4
113,All,6,4,2,9,0.75,4
113,All,7,2,2,1,0.5,2
113,All,7,2,2,2,0.5,2
113,All,7,2,2,3,1.0,2
113,All,7,2,2,4,1.0,2
113,All,7,2,2,5,1.0,2
113,All,7,2,2,6,1.0,2
113,All,7,2,2,7,1.0,2
113,All,7,2,2,8,1.0,2
113,All,7,2,2,9,1.0,2
113,All,8,5,2,1,0.2,5
113,All,8,5,2,2,0.6,5
113,All,8,5,2,3,0.8,5
113,All,8,5,2,4,1.0,5
113,All,8,5,2,5,0.6,5
113,All,8,5,2,6,1.0,5
113,All,8,5,2,7,1.0,5
113,All,8,5,2,8,0.8,5
113,All,8,5,2,9,0.8,5
113,All,9,6,1,1,0.3333333333333333,6
113,All,9,6,1,2,0.6666666666666666,6
113,All,9,6,1,3,0.3333333333333333,6
113,All,9,6,1,4,0.5,6
113,All,9,6,1,5,0.8333333333333334,6
113,All,9,6,1,6,0.6666666666666666,6
113,All,9,6,1,7,0.8333333333333334,6
113,All,9,6,1,8,0.8333333333333334,6
113,All,9,6,1,9,1.0,6
113,All,10,4,3,1,0.25,4
113,All,10,4,3,2,1.0,4
113,All,10,4,3,3,0.75,4
113,All,10,4,3,4,0.5,4
113,All,10,4,3,5,1.0,4
113,All,10,4,3,6,1.0,4
113,All,10,4,3,7,1.0,4
113,All,10,4,3,8,1.0,4
113,All,10,4,3,9,1.0,4
113,All,11,6,2,1,0.3333333333333333,6
113,All,11,6,2,2,0.5,6
113,All,11,6,2,3,0.6666666666666666,6
113,All,11,6,2,4,0.6666666666666666,6
113,All,11,6,2,5,0.8333333333333334,6
113,All,11,6,2,6,0.8333333333333334,6
113,All,11,6,2,7,0.6666666666666666,6
113,All,11,6,2,8,1.0,6
113,All,11,6,2,9,1.0,6
113,All,12,5,3,1,0.2,5
113,All,12,5,3,2,0.4,5
113,All,12,5,3,3,1.0,5
113,All,12,5,3,4,0.8,5
113,All,12,5,3,5,1.0,5
113,All,12,5,3,6,1.0,5
113,All,12,5,3,7,1.0,5
113,All,12,5,3,8,0.8,5
113,All,12,5,3,9,1.0,5
113,All,13,4,4,1,0.25,4
113,All,13,4,4,2,0.5,4
113,All,13,4,4,3,0.75,4
113,All,13,4,4,4,1.0,4
113,All,13,4,4,5,0.6666666666666666,3
113,All,13,4,4,6,0.75,4
113,All,13,4,4,7,1.0,4
113,All,13,4,4,8,0.75,4
113,All,13,4,4,9,1.0,4
113,All,14,6,3,1,0.3333333333333333,6
113,All,14,6,3,2,0.6666666666666666,6
113,All,14,6,3,3,0.8333333333333334,6
113,All,14,6,3,4,1.0,6
113,All,14,6,3,5,0.8333333333333334,6
113,All,14,6,3,6,1.0,6
113,All,14,6,3,7,1.0,6
113,All,14,6,3,8,1.0,6
113,All,14,6,3,9,1.0,6
113,All,15,3,3,1,0.6666666666666666,3
113,All,15,3,3,2,1.0,3
113,All,15,3,3,3,1.0,3
113,All,15,3,3,4,1.0,3
113,All,15,3,3,5,1.0,3
113,All,15,3,3,6,1.0,3
113,All,15,3,3,7,1.0,3
113,All,15,3,3,8,1.0,3
113,All,15,3,3,9,1.0,3
113,All,16,2,3,1,0.5,2
113,All,16,2,3,2,1.0,2
113,All,16,2,3,3,1.0,2
113,All,16,2,3,4,1.0,2
113,All,16,2,3,5,1.0,2
113,All,16,2,3,6,1.0,2
113,All,16,2,3,7,1.0,2
113,All,16,2,3,8,1.0,2
113,All,16,2,3,9,1.0,2
113,All,17,3,4,1,0.6666666666666666,3
113,All,17,3,4,2,1.0,3
113,All,17,3,4,3,1.0,3
113,All,17,3,4,4,1.0,3
113,All,17,3,4,5,1.0,3
113,All,17,3,4,6,1.0,3
113,All,17,3,4,7,1.0,3
113,All,17,3,4,8,1.0,3
113,All,17,3,4,9,1.0,3
113,All,18,2,4,1,0.0,2
113,All,18,2,4,2,0.5,2
113,All,18,2,4,3,1.0,2
113,All,18,2,4,4,1.0,2
113,All,18,2,4,5,1.0,2
113,All,18,2,4,6,1.0,2
113,All,18,2,4,7,1.0,2
113,All,18,2,4,8,0.5,2
113,All,18,2,4,9,1.0,2
114,All,1,2,1,1,0.5,2
114,All,1,2,1,2,0.5,2
114,All,1,2,1,3,1.0,2
114,All,1,2,1,4,1.0,2
114,All,1,2,1,5,1.0,2
114,All,1,2,1,6,0.5,2
114,All,1,2,1,7,1.0,2
114,All,1,2,1,8,1.0,2
114,All,1,2,1,9,1.0,2
114,All,2,3,1,1,0.6666666666666666,3
114,All,2,3,1,2,1.0,3
114,All,2,3,1,3,0.6666666666666666,3
114,All,2,3,1,4,1.0,3
114,All,2,3,1,5,1.0,3
114,All,2,3,1,6,1.0,3
114,All,2,3,1,7,1.0,3
114,All,2,3,1,8,1.0,3
114,All,2,3,1,9,1.0,3
114,All,3,3,2,1,0.3333333333333333,3
114,All,3,3,2,2,0.3333333333333333,3
114,All,3,3,2,3,0.0,3
114,All,3,3,2,4,0.3333333333333333,3
114,All,3,3,2,5,0.6666666666666666,3
114,All,3,3,2,6,1.0,3
114,All,3,3,2,7,1.0,3
114,All,3,3,2,8,1.0,3
114,All,3,3,2,9,1.0,3
114,All,4,4,1,1,0.25,4
114,All,4,4,1,2,0.5,4
114,All,4,4,1,3,1.0,4
114,All,4,4,1,4,0.75,4
114,All,4,4,1,5,1.0,4
114,All,4,4,1,6,1.0,4
114,All,4,4,1,7,1.0,4
114,All,4,4,1,8,1.0,4
114,All,4,4,1,9,1.0,4
114,All,5,5,1,1,0.2,5
114,All,5,5,1,2,0.6,5
114,All,5,5,1,3,0.6,5
114,All,5,5,1,4,0.8,5
114,All,5,5,1,5,1.0,5
114,All,5,5,1,6,1.0,5
114,All,5,5,1,7,1.0,5
114,All,5,5,1,8,0.8,5
114,All,5,5,1,9,0.8,5
114,All,6,4,2,1,0.75,4
114,All,6,4,2,2,0.5,4
114,All,6,4,2,3,0.5,4
114,All,6,4,2,4,0.5,4
114,All,6,4,2,5,0.75,4
114,All,6,4,2,6,0.75,4
114,All,6,4,2,7,0.75,4
114,All,6,4,2,8,1.0,4
114,All,6,4,2,9,0.75,4
114,All,7,2,2,1,1.0,2
114,All,7,2,2,2,0.5,2
114,All,7,2,2,3,1.0,2
114,All,7,2,2,4,1.0,2
114,All,7,2,2,5,0.5,2
114,All,7,2,2,6,0.5,2
114,All,7,2,2,7,1.0,2
114,All,7,2,2,8,1.0,2
114,All,7,2,2,9,0.5,2
114,All,8,5,2,1,0.2,5
114,All,8,5,2,2,0.2,5
114,All,8,5,2,3,0.4,5
114,All,8,5,2,4,0.2,5
114,All,8,5,2,5,0.2,5
114,All,8,5,2,6,0.2,5
114,All,8,5,2,7,0.5,4
114,All,8,5,2,8,0.8,5
114,All,8,5,2,9,0.6,5
114,All,9,6,1,1,0.3333333333333333,6
114,All,9,6,1,2,0.3333333333333333,6
114,All,9,6,1,3,0.6666666666666666,6
114,All,9,6,1,4,0.8333333333333334,6
114,All,9,6,1,5,0.6666666666666666,6
114,All,9,6,1,6,0.8333333333333334,6
114,All,9,6,1,7,1.0,6
114,All,9,6,1,8,0.8333333333333334,6
114,All,9,6,1,9,0.8333333333333334,6
114,All,10,4,3,1,0.75,4
114,All,10,4,3,2,1.0,4
114,All,10,4,3,3,0.75,4
114,All,10,4,3,4,0.75,4
114,All,10,4,3,5,1.0,4
114,All,10,4,3,6,1.0,4
114,All,10,4,3,7,1.0,4
114,All,10,4,3,8,1.0,4
114,All,10,4,3,9,1.0,4
114,All,11,6,2,1,0.3333333333333333,6
114,All,11,6,2,2,0.5,6
114,All,11,6,2,3,0.3333333333333333,6
114,All,11,6,2,4,0.6,5
114,All,11,6,2,5,0.8333333333333334,6
114,All,11,6,2,6,0.3333333333333333,6
114,All,11,6,2,7,0.6666666666666666,6
114,All,11,6,2,8,0.8333333333333334,6
114,All,11,6,2,9,0.6666666666666666,6
114,All,12,5,3,1,0.25,4
114,All,12,5,3,2,0.8,5
114,All,12,5,3,3,0.6,5
114,All,12,5,3,4,0.6,5
114,All,12,5,3,5,0.8,5
114,All,12,5,3,6,0.8,5
114,All,12,5,3,7,0.8,5
114,All,12,5,3,8,0.8,5
114,All,12,5,3,9,0.6,5
114,All,13,4,4,1,0.0,3
114,All,13,4,4,2,0.0,4
114,All,13,4,4,3,0.6666666666666666,3
114,All,13,4,4,4,0.5,4
114,All,13,4,4,5,0.5,4
114,All,13,4,4,6,0.5,4
114,All,13,4,4,7,0.5,4
114,All,13,4,4,8,0.75,4
114,All,13,4,4,9,0.75,4
114,All,14,6,3,1,0.5,6
114,All,14,6,3,2,0.5,6
114,All,14,6,3,3,0.3333333333333333,6
114,All,14,6,3,4,0.6666666666666666,6
114,All,14,6,3,5,0.3333333333333333,6
114,All,14,6,3,6,0.6666666666666666,6
114,All,14,6,3,7,0.6666666666666666,6
114,All,14,6,3,8,0.6,5
114,All,14,6,3,9,1.0,6
114,All,15,3,3,1,0.3333333333333333,3
114,All,15,3,3,2,0.3333333333333333,3
114,All,15,3,3,3,0.6666666666666666,3
114,All,15,3,3,4,1.0,3
114,All,15,3,3,5,0.6666666666666666,3
114,All,15,3,3,6,0.6666666666666666,3
114,All,15,3,3,7,1.0,3
114,All,15,3,3,8,1.0,3
114,All,15,3,3,9,1.0,3
114,All,16,2,3,1,0.5,2
114,All,16,2,3,2,1.0,2
114,All,16,2,3,3,1.0,2
114,All,16,2,3,4,0.5,2
114,All,16,2,3,5,1.0,2
114,All,16,2,3,6,1.0,2
114,All,16,2,3,7,1.0,2
114,All,16,2,3,8,1.0,2
114,All,16,2,3,9,1.0,2
114,All,17,3,4,1,0.0,3
114,All,17,3,4,2,0.6666666666666666,3
114,All,17,3,4,3,1.0,3
114,All,17,3,4,4,1.0,3
114,All,17,3,4,5,1.0,3
114,All,17,3,4,6,1.0,3
114,All,17,3,4,7,0.6666666666666666,3
114,All,17,3,4,8,0.6666666666666666,3
114,All,17,3,4,9,1.0,3
114,All,18,2,4,1,0.5,2
114,All,18,2,4,2,0.5,2
114,All,18,2,4,3,1.0,2
114,All,18,2,4,4,1.0,2
114,All,18,2,4,5,1.0,2
114,All,18,2,4,6,1.0,2
114,All,18,2,4,7,0.5,2
114,All,18,2,4,8,1.0,2
114,All,18,2,4,9,1.0,2
115,All,1,2,1,1,0.5,2
115,All,1,2,1,2,0.5,2
115,All,1,2,1,3,1.0,2
115,All,1,2,1,4,1.0,2
115,All,1,2,1,5,1.0,2
115,All,1,2,1,6,1.0,2
115,All,1,2,1,7,1.0,2
115,All,1,2,1,8,1.0,2
115,All,1,2,1,9,1.0,2
115,All,2,3,1,1,0.0,3
115,All,2,3,1,2,0.6666666666666666,3
115,All,2,3,1,3,1.0,3
115,All,2,3,1,4,1.0,3
115,All,2,3,1,5,1.0,3
115,All,2,3,1,6,0.6666666666666666,3
115,All,2,3,1,7,1.0,3
115,All,2,3,1,8,1.0,3
115,All,2,3,1,9,1.0,3
115,All,3,3,2,1,0.3333333333333333,3
115,All,3,3,2,2,0.6666666666666666,3
115,All,3,3,2,3,1.0,3
115,All,3,3,2,4,1.0,3
115,All,3,3,2,5,1.0,3
115,All,3,3,2,6,1.0,3
115,All,3,3,2,7,1.0,3
115,All,3,3,2,8,1.0,3
115,All,3,3,2,9,1.0,3
115,All,4,4,1,1,0.5,4
115,All,4,4,1,2,0.5,4
115,All,4,4,1,3,1.0,3
115,All,4,4,1,4,0.75,4
115,All,4,4,1,5,1.0,4
115,All,4,4,1,6,1.0,4
115,All,4,4,1,7,0.75,4
115,All,4,4,1,8,1.0,4
115,All,4,4,1,9,1.0,4
115,All,5,5,1,1,0.4,5
115,All,5,5,1,2,1.0,4
115,All,5,5,1,3,1.0,5
115,All,5,5,1,4,1.0,5
115,All,5,5,1,5,1.0,5
115,All,5,5,1,6,1.0,5
115,All,5,5,1,7,1.0,5
115,All,5,5,1,8,1.0,5
115,All,5,5,1,9,1.0,5
115,All,6,4,2,1,0.5,4
115,All,6,4,2,2,0.25,4
115,All,6,4,2,3,0.5,4
115,All,6,4,2,4,0.3333333333333333,3
115,All,6,4,2,5,0.25,4
115,All,6,4,2,6,0.75,4
115,All,6,4,2,7,0.75,4
115,All,6,4,2,8,1.0,4
115,All,6,4,2,9,0.75,4
115,All,7,2,2,1,0.5,2
115,All,7,2,2,2,1.0,2
115,All,7,2,2,3,1.0,2
115,All,7,2,2,4,1.0,2
115,All,7,2,2,5,1.0,2
115,All,7,2,2,6,1.0,2
115,All,7,2,2,7,1.0,2
115,All,7,2,2,8,1.0,2
115,All,7,2,2,9,1.0,2
115,All,8,5,2,1,0.25,4
115,All,8,5,2,2,0.4,5
115,All,8,5,2,3,0.75,4
115,All,8,5,2,4,0.8,5
115,All,8,5,2,5,1.0,5
115,All,8,5,2,6,1.0,5
115,All,8,5,2,7,1.0,5
115,All,8,5,2,8,0.6,5
115,All,8,5,2,9,1.0,5
115,All,9,6,1,1,0.3333333333333333,6
115,All,9,6,1,2,0.3333333333333333,6
115,All,9,6,1,3,0.6666666666666666,6
115,All,9,6,1,4,1.0,6
115,All,9,6,1,5,1.0,6
115,All,9,6,1,6,1.0,6
115,All,9,6,1,7,1.0,6
115,All,9,6,1,8,1.0,6
115,All,9,6,1,9,1.0,6
115,All,10,4,3,1,0.25,4
115,All,10,4,3,2,0.25,4
115,All,10,4,3,3,0.5,4
115,All,10,4,3,4,0.75,4
115,All,10,4,3,5,1.0,4
115,All,10,4,3,6,1.0,4
115,All,10,4,3,7,1.0,4
115,All,10,4,3,8,1.0,4
115,All,10,4,3,9,1.0,4
115,All,11,6,2,1,0.3333333333333333,6
115,All,11,6,2,2,0.4,5
115,All,11,6,2,3,0.8333333333333334,6
115,All,11,6,2,4,1.0,6
115,All,11,6,2,5,1.0,6
115,All,11,6,2,6,0.6666666666666666,6
115,All,11,6,2,7,0.8333333333333334,6
115,All,11,6,2,8,1.0,6
115,All,11,6,2,9,1.0,6
115,All,12,5,3,1,0.2,5
115,All,12,5,3,2,0.6,5
115,All,12,5,3,3,0.8,5
115,All,12,5,3,4,1.0,5
115,All,12,5,3,5,0.8,5
115,All,12,5,3,6,0.8,5
115,All,12,5,3,7,1.0,5
115,All,12,5,3,8,0.8,5
115,All,12,5,3,9,1.0,5
115,All,13,4,4,1,0.25,4
115,All,13,4,4,2,0.5,4
115,All,13,4,4,3,0.75,4
115,All,13,4,4,4,0.75,4
115,All,13,4,4,5,1.0,4
115,All,13,4,4,6,1.0,4
115,All,13,4,4,7,1.0,4
115,All,13,4,4,8,0.75,4
115,All,13,4,4,9,0.75,4
115,All,14,6,3,1,0.3333333333333333,6
115,All,14,6,3,2,0.3333333333333333,6
115,All,14,6,3,3,0.5,6
115,All,14,6,3,4,1.0,6
115,All,14,6,3,5,1.0,6
115,All,14,6,3,6,0.8333333333333334,6
115,All,14,6,3,7,0.8333333333333334,6
115,All,14,6,3,8,1.0,6
115,All,14,6,3,9,1.0,6
115,All,15,3,3,1,0.6666666666666666,3
115,All,15,3,3,2,1.0,3
115,All,15,3,3,3,1.0,3
115,All,15,3,3,4,1.0,3
115,All,15,3,3,5,1.0,3
115,All,15,3,3,6,1.0,3
115,All,15,3,3,7,1.0,3
115,All,15,3,3,8,1.0,3
115,All,15,3,3,9,1.0,3
115,All,16,2,3,1,0.5,2
115,All,16,2,3,2,1.0,2
115,All,16,2,3,3,1.0,2
115,All,16,2,3,4,1.0,2
115,All,16,2,3,5,1.0,2
115,All,16,2,3,6,1.0,2
115,All,16,2,3,7,1.0,2
115,All,16,2,3,8,1.0,2
115,All,16,2,3,9,1.0,2
115,All,17,3,4,1,0.6666666666666666,3
115,All,17,3,4,2,1.0,3
115,All,17,3,4,3,1.0,3
115,All,17,3,4,4,1.0,3
115,All,17,3,4,5,1.0,3
115,All,17,3,4,6,1.0,3
115,All,17,3,4,7,1.0,3
115,All,17,3,4,8,1.0,3
115,All,17,3,4,9,1.0,3
115,All,18,2,4,1,0.0,2
115,All,18,2,4,2,0.5,2
115,All,18,2,4,3,1.0,2
115,All,18,2,4,4,1.0,2
115,All,18,2,4,5,1.0,2
115,All,18,2,4,6,1.0,2
115,All,18,2,4,7,1.0,2
115,All,18,2,4,8,1.0,2
115,All,18,2,4,9,1.0,2
116,All,1,2,1,1,0.0,2
116,All,1,2,1,2,1.0,2
116,All,1,2,1,3,1.0,2
116,All,1,2,1,4,1.0,2
116,All,1,2,1,5,1.0,2
116,All,1,2,1,6,1.0,2
116,All,1,2,1,7,1.0,2
116,All,1,2,1,8,1.0,2
116,All,1,2,1,9,1.0,2
116,All,2,3,1,1,0.3333333333333333,3
116,All,2,3,1,2,0.6666666666666666,3
116,All,2,3,1,3,0.6666666666666666,3
116,All,2,3,1,4,1.0,3
116,All,2,3,1,5,1.0,3
116,All,2,3,1,6,0.6666666666666666,3
116,All,2,3,1,7,1.0,3
116,All,2,3,1,8,1.0,3
116,All,2,3,1,9,1.0,3
116,All,3,3,2,1,0.0,3
116,All,3,3,2,2,0.3333333333333333,3
116,All,3,3,2,3,0.0,1
116,All,3,3,2,4,0.0,3
116,All,3,3,2,5,0.0,2
116,All,3,3,2,6,0.3333333333333333,3
116,All,3,3,2,7,0.6666666666666666,3
116,All,3,3,2,8,1.0,3
116,All,3,3,2,9,0.6666666666666666,3
116,All,4,4,1,1,0.0,4
116,All,4,4,1,2,0.5,4
116,All,4,4,1,3,0.75,4
116,All,4,4,1,4,1.0,4
116,All,4,4,1,5,1.0,4
116,All,4,4,1,6,1.0,4
116,All,4,4,1,7,1.0,4
116,All,4,4,1,8,1.0,4
116,All,4,4,1,9,1.0,4
116,All,5,5,1,1,0.75,4
116,All,5,5,1,2,0.6,5
116,All,5,5,1,3,0.8,5
116,All,5,5,1,4,0.8,5
116,All,5,5,1,5,1.0,5
116,All,5,5,1,6,1.0,5
116,All,5,5,1,7,1.0,5
116,All,5,5,1,8,1.0,5
116,All,5,5,1,9,1.0,5
116,All,6,4,2,1,0.5,4
116,All,6,4,2,2,0.5,4
116,All,6,4,2,3,0.75,4
116,All,6,4,2,4,0.75,4
116,All,6,4,2,5,1.0,4
116,All,6,4,2,6,1.0,4
116,All,6,4,2,7,1.0,4
116,All,6,4,2,8,0.75,4
116,All,6,4,2,9,1.0,4
116,All,7,2,2,1,0.0,2
116,All,7,2,2,2,0.5,2
116,All,7,2,2,3,1.0,2
116,All,7,2,2,4,1.0,2
116,All,7,2,2,5,1.0,2
116,All,7,2,2,6,1.0,2
116,All,7,2,2,7,1.0,2
116,All,7,2,2,8,1.0,2
116,All,7,2,2,9,1.0,2
116,All,8,5,2,1,0.2,5
116,All,8,5,2,2,0.2,5
116,All,8,5,2,3,0.25,4
116,All,8,5,2,4,0.8,5
116,All,8,5,2,5,0.6,5
116,All,8,5,2,6,0.8,5
116,All,8,5,2,7,0.8,5
116,All,8,5,2,8,0.8,5
116,All,8,5,2,9,1.0,5
116,All,9,6,1,1,0.6666666666666666,6
116,All,9,6,1,2,1.0,6
116,All,9,6,1,3,1.0,6
116,All,9,6,1,4,1.0,6
116,All,9,6,1,5,1.0,6
116,All,9,6,1,6,1.0,6
116,All,9,6,1,7,0.8333333333333334,6
116,All,9,6,1,8,1.0,6
116,All,9,6,1,9,1.0,6
116,All,10,4,3,1,0.5,4
116,All,10,4,3,2,1.0,4
116,All,10,4,3,3,0.75,4
116,All,10,4,3,4,1.0,4
116,All,10,4,3,5,1.0,4
116,All,10,4,3,6,1.0,4
116,All,10,4,3,7,1.0,4
116,All,10,4,3,8,1.0,4
116,All,10,4,3,9,1.0,4
116,All,11,6,2,1,0.5,6
116,All,11,6,2,2,0.3333333333333333,6
116,All,11,6,2,3,0.4,5
116,All,11,6,2,4,0.6666666666666666,6
116,All,11,6,2,5,0.6666666666666666,6
116,All,11,6,2,6,0.8333333333333334,6
116,All,11,6,2,7,0.6666666666666666,6
116,All,11,6,2,8,1.0,6
116,All,11,6,2,9,1.0,6
116,All,12,5,3,1,0.2,5
116,All,12,5,3,2,0.6,5
116,All,12,5,3,3,1.0,5
116,All,12,5,3,4,1.0,5
116,All,12,5,3,5,1.0,5
116,All,12,5,3,6,1.0,4
116,All,12,5,3,7,1.0,5
116,All,12,5,3,8,0.8,5
116,All,12,5,3,9,1.0,5
116,All,13,4,4,1,0.25,4
116,All,13,4,4,2,0.5,4
116,All,13,4,4,3,0.75,4
116,All,13,4,4,4,1.0,4
116,All,13,4,4,5,0.5,4
116,All,13,4,4,6,1.0,4
116,All,13,4,4,7,1.0,4
116,All,13,4,4,8,1.0,4
116,All,13,4,4,9,1.0,4
116,All,14,6,3,1,0.3333333333333333,6
116,All,14,6,3,2,0.6666666666666666,6
116,All,14,6,3,3,0.8333333333333334,6
116,All,14,6,3,4,1.0,6
116,All,14,6,3,5,0.8333333333333334,6
116,All,14,6,3,6,0.8333333333333334,6
116,All,14,6,3,7,1.0,6
116,All,14,6,3,8,0.8333333333333334,6
116,All,14,6,3,9,1.0,5
116,All,15,3,3,1,0.3333333333333333,3
116,All,15,3,3,2,0.6666666666666666,3
116,All,15,3,3,3,1.0,3
116,All,15,3,3,4,1.0,3
116,All,15,3,3,5,1.0,3
116,All,15,3,3,6,1.0,3
116,All,15,3,3,7,1.0,3
116,All,15,3,3,8,0.6666666666666666,3
116,All,15,3,3,9,1.0,3
116,All,16,2,3,1,0.0,2
116,All,16,2,3,2,0.5,2
116,All,16,2,3,3,1.0,2
116,All,16,2,3,4,1.0,2
116,All,16,2,3,5,1.0,2
116,All,16,2,3,6,0.5,2
116,All,16,2,3,7,1.0,2
116,All,16,2,3,8,1.0,2
116,All,16,2,3,9,1.0,2
116,All,17,3,4,1,0.0,3
116,All,17,3,4,2,0.3333333333333333,3
116,All,17,3,4,3,1.0,3
116,All,17,3,4,4,1.0,3
116,All,17,3,4,5,1.0,3
116,All,17,3,4,6,1.0,3
116,All,17,3,4,7,0.6666666666666666,3
116,All,17,3,4,8,1.0,3
116,All,17,3,4,9,1.0,3
116,All,18,2,4,1,0.0,2
116,All,18,2,4,2,0.5,2
116,All,18,2,4,3,1.0,2
116,All,18,2,4,4,1.0,2
116,All,18,2,4,5,1.0,2
116,All,18,2,4,6,1.0,2
116,All,18,2,4,7,0.5,2
116,All,18,2,4,8,1.0,2
116,All,18,2,4,9,1.0,2
117,All,1,2,1,3,0.0,2
117,All,1,2,1,4,0.5,2
117,All,1,2,1,5,0.0,2
117,All,1,2,1,6,0.0,2
117,All,1,2,1,7,0.0,2
117,All,1,2,1,8,0.5,2
117,All,1,2,1,9,0.0,1
117,All,2,3,1,1,0.5,2
117,All,2,3,1,2,0.3333333333333333,3
117,All,2,3,1,3,0.6666666666666666,3
117,All,2,3,1,4,0.6666666666666666,3
117,All,2,3,1,5,0.5,2
117,All,2,3,1,6,1.0,2
117,All,2,3,1,7,0.6666666666666666,3
117,All,2,3,1,8,0.3333333333333333,3
117,All,2,3,1,9,0.3333333333333333,3
117,All,3,3,2,1,0.3333333333333333,3
117,All,3,3,2,2,0.6666666666666666,3
117,All,3,3,2,3,0.0,3
117,All,3,3,2,4,0.3333333333333333,3
117,All,3,3,2,5,1.0,1
117,All,3,3,2,6,0.0,3
117,All,3,3,2,7,0.3333333333333333,3
117,All,3,3,2,8,0.0,2
117,All,3,3,2,9,0.0,2
117,All,4,4,1,1,0.3333333333333333,3
117,All,4,4,1,2,0.25,4
117,All,4,4,1,3,0.5,4
117,All,4,4,1,4,0.5,4
117,All,4,4,1,5,0.75,4
117,All,4,4,1,6,0.6666666666666666,3
117,All,4,4,1,7,0.5,4
117,All,4,4,1,8,0.5,4
117,All,4,4,1,9,0.25,4
117,All,5,5,1,1,0.0,5
117,All,5,5,1,2,0.4,5
117,All,5,5,1,3,0.6,5
117,All,5,5,1,4,0.75,4
117,All,5,5,1,5,0.8,5
117,All,5,5,1,6,0.8,5
117,All,5,5,1,7,1.0,5
117,All,5,5,1,8,0.8,5
117,All,5,5,1,9,0.6,5
117,All,6,4,2,1,0.3333333333333333,3
117,All,6,4,2,2,0.5,4
117,All,6,4,2,3,0.75,4
117,All,6,4,2,4,0.6666666666666666,3
117,All,6,4,2,5,0.5,4
117,All,6,4,2,6,0.75,4
117,All,6,4,2,7,0.75,4
117,All,6,4,2,8,1.0,4
117,All,6,4,2,9,1.0,3
117,All,7,2,2,1,0.5,2
117,All,7,2,2,2,0.5,2
117,All,7,2,2,3,1.0,2
117,All,7,2,2,4,1.0,2
117,All,7,2,2,5,1.0,2
117,All,7,2,2,6,1.0,2
117,All,7,2,2,7,1.0,2
117,All,7,2,2,8,1.0,2
117,All,7,2,2,9,0.5,2
117,All,8,5,2,1,0.2,5
117,All,8,5,2,2,0.6,5
117,All,8,5,2,3,0.8,5
117,All,8,5,2,4,1.0,4
117,All,8,5,2,5,0.5,4
117,All,8,5,2,6,0.6,5
117,All,8,5,2,7,1.0,5
117,All,8,5,2,8,0.6,5
117,All,8,5,2,9,0.8,5
117,All,9,6,1,1,0.5,6
117,All,9,6,1,2,0.16666666666666666,6
117,All,9,6,1,3,0.5,6
117,All,9,6,1,4,0.6666666666666666,6
117,All,9,6,1,5,0.4,5
117,All,9,6,1,6,0.5,6
117,All,9,6,1,7,0.8333333333333334,6
117,All,9,6,1,8,0.8333333333333334,6
117,All,9,6,1,9,0.8,5
117,All,10,4,3,1,0.75,4
117,All,10,4,3,2,0.5,4
117,All,10,4,3,3,0.75,4
117,All,10,4,3,4,1.0,3
117,All,10,4,3,5,0.6666666666666666,3
117,All,10,4,3,6,0.5,4
117,All,10,4,3,7,0.75,4
117,All,10,4,3,8,1.0,4
117,All,10,4,3,9,1.0,4
117,All,11,6,2,1,0.3333333333333333,6
117,All,11,6,2,2,0.5,6
117,All,11,6,2,3,0.16666666666666666,6
117,All,11,6,2,4,0.3333333333333333,6
117,All,11,6,2,5,0.6,5
117,All,11,6,2,6,0.6666666666666666,6
117,All,11,6,2,7,1.0,5
117,All,11,6,2,8,0.5,6
117,All,11,6,2,9,0.8,5
117,All,12,5,3,1,0.4,5
117,All,12,5,3,2,0.6,5
117,All,12,5,3,3,0.6,5
117,All,12,5,3,4,0.4,5
117,All,12,5,3,5,0.0,5
117,All,12,5,3,6,0.4,5
117,All,12,5,3,7,0.8,5
117,All,12,5,3,8,0.6,5
117,All,12,5,3,9,0.4,5
117,All,13,4,4,1,0.25,4
117,All,13,4,4,2,0.5,4
117,All,13,4,4,3,0.75,4
117,All,13,4,4,4,0.75,4
117,All,13,4,4,5,1.0,4
117,All,13,4,4,6,0.75,4
117,All,13,4,4,7,1.0,4
117,All,13,4,4,8,1.0,4
117,All,13,4,4,9,0.75,4
117,All,14,6,3,1,0.3333333333333333,6
117,All,14,6,3,2,0.16666666666666666,6
117,All,14,6,3,3,0.16666666666666666,6
117,All,14,6,3,4,0.3333333333333333,6
117,All,14,6,3,5,0.16666666666666666,6
117,All,14,6,3,6,0.5,6
117,All,14,6,3,7,0.6666666666666666,6
117,All,14,6,3,8,0.6,5
117,All,14,6,3,9,0.6666666666666666,6
117,All,15,3,3,1,0.3333333333333333,3
117,All,15,3,3,2,0.6666666666666666,3
117,All,15,3,3,3,0.6666666666666666,3
117,All,15,3,3,4,0.6666666666666666,3
117,All,15,3,3,5,1.0,3
117,All,15,3,3,6,1.0,3
117,All,15,3,3,7,1.0,3
117,All,15,3,3,8,1.0,3
117,All,15,3,3,9,1.0,3
117,All,16,2,3,1,1.0,2
117,All,16,2,3,2,1.0,2
117,All,16,2,3,3,1.0,2
117,All,16,2,3,4,1.0,2
117,All,16,2,3,5,1.0,2
117,All,16,2,3,6,0.5,2
117,All,16,2,3,7,1.0,2
117,All,16,2,3,8,1.0,2
117,All,16,2,3,9,1.0,2
117,All,17,3,4,1,0.3333333333333333,3
117,All,17,3,4,2,0.3333333333333333,3
117,All,17,3,4,3,1.0,3
117,All,17,3,4,4,0.5,2
117,All,17,3,4,5,1.0,3
117,All,17,3,4,6,1.0,3
117,All,17,3,4,7,1.0,3
117,All,17,3,4,8,1.0,3
117,All,17,3,4,9,1.0,3
117,All,18,2,4,1,0.5,2
117,All,18,2,4,2,0.5,2
117,All,18,2,4,3,1.0,2
117,All,18,2,4,4,1.0,2
117,All,18,2,4,5,1.0,2
117,All,18,2,4,6,1.0,2
117,All,18,2,4,7,1.0,2
117,All,18,2,4,8,1.0,2
117,All,18,2,4,9,1.0,2
118,All,1,2,1,1,0.5,2
118,All,1,2,1,2,0.5,2
118,All,1,2,1,3,1.0,2
118,All,1,2,1,4,0.5,2
118,All,1,2,1,5,1.0,2
118,All,1,2,1,6,0.5,2
118,All,1,2,1,7,1.0,2
118,All,1,2,1,8,0.5,2
118,All,1,2,1,9,1.0,2
118,All,2,3,1,1,0.5,2
118,All,2,3,1,2,0.3333333333333333,3
118,All,2,3,1,3,0.3333333333333333,3
118,All,2,3,1,4,0.6666666666666666,3
118,All,2,3,1,5,0.6666666666666666,3
118,All,2,3,1,6,1.0,3
118,All,2,3,1,7,1.0,3
118,All,2,3,1,8,1.0,3
118,All,2,3,1,9,0.6666666666666666,3
118,All,3,3,2,1,0.3333333333333333,3
118,All,3,3,2,2,0.3333333333333333,3
118,All,3,3,2,3,0.5,2
118,All,3,3,2,4,0.3333333333333333,3
118,All,3,3,2,5,1.0,3
118,All,3,3,2,6,1.0,3
118,All,3,3,2,7,0.6666666666666666,3
118,All,3,3,2,8,0.6666666666666666,3
118,All,3,3,2,9,1.0,3
118,All,4,4,1,1,0.0,4
118,All,4,4,1,2,0.0,3
118,All,4,4,1,3,0.5,4
118,All,4,4,1,4,0.75,4
118,All,4,4,1,5,0.75,4
118,All,4,4,1,6,1.0,4
118,All,4,4,1,7,0.75,4
118,All,4,4,1,8,1.0,3
118,All,4,4,1,9,0.5,4
118,All,5,5,1,1,0.4,5
118,All,5,5,1,2,0.2,5
118,All,5,5,1,3,0.4,5
118,All,5,5,1,4,0.8,5
118,All,5,5,1,5,0.8,5
118,All,5,5,1,6,0.6,5
118,All,5,5,1,7,1.0,5
118,All,5,5,1,8,1.0,5
118,All,5,5,1,9,1.0,5
118,All,6,4,2,1,0.5,4
118,All,6,4,2,2,0.75,4
118,All,6,4,2,3,0.75,4
118,All,6,4,2,4,0.75,4
118,All,6,4,2,5,1.0,4
118,All,6,4,2,6,1.0,4
118,All,6,4,2,7,0.75,4
118,All,6,4,2,8,0.3333333333333333,3
118,All,6,4,2,9,1.0,4
118,All,7,2,2,1,0.5,2
118,All,7,2,2,2,0.5,2
118,All,7,2,2,3,0.0,2
118,All,7,2,2,4,1.0,2
118,All,7,2,2,5,1.0,2
118,All,7,2,2,6,1.0,2
118,All,7,2,2,7,1.0,2
118,All,7,2,2,8,1.0,2
118,All,7,2,2,9,0.5,2
118,All,8,5,2,1,0.2,5
118,All,8,5,2,2,0.2,5
118,All,8,5,2,3,0.4,5
118,All,8,5,2,4,1.0,5
118,All,8,5,2,5,0.4,5
118,All,8,5,2,6,0.4,5
118,All,8,5,2,7,0.6,5
118,All,8,5,2,8,0.4,5
118,All,8,5,2,9,0.4,5
118,All,9,6,1,1,0.3333333333333333,6
118,All,9,6,1,2,0.6666666666666666,6
118,All,9,6,1,3,1.0,5
118,All,9,6,1,4,0.6666666666666666,6
118,All,9,6,1,5,0.8333333333333334,6
118,All,9,6,1,6,0.6666666666666666,6
118,All,9,6,1,7,0.6666666666666666,6
118,All,9,6,1,8,0.6666666666666666,6
118,All,9,6,1,9,1.0,6
118,All,10,4,3,1,0.25,4
118,All,10,4,3,2,0.75,4
118,All,10,4,3,3,0.75,4
118,All,10,4,3,4,0.75,4
118,All,10,4,3,5,1.0,4
118,All,10,4,3,6,0.75,4
118,All,10,4,3,7,0.75,4
118,All,10,4,3,8,0.75,4
118,All,10,4,3,9,0.5,4
118,All,11,6,2,1,0.3333333333333333,6
118,All,11,6,2,2,0.5,6
118,All,11,6,2,3,0.8,5
118,All,11,6,2,4,0.5,6
118,All,11,6,2,5,0.16666666666666666,6
118,All,11,6,2,6,0.8333333333333334,6
118,All,11,6,2,7,0.6666666666666666,6
118,All,11,6,2,8,0.8333333333333334,6
118,All,11,6,2,9,0.6666666666666666,6
118,All,12,5,3,1,0.4,5
118,All,12,5,3,2,0.0,5
118,All,12,5,3,3,0.6,5
118,All,12,5,3,4,0.75,4
118,All,12,5,3,5,0.8,5
118,All,12,5,3,6,0.8,5
118,All,12,5,3,7,0.8,5
118,All,12,5,3,8,0.6,5
118,All,12,5,3,9,0.6,5
118,All,13,4,4,1,0.3333333333333333,3
118,All,13,4,4,2,0.25,4
118,All,13,4,4,3,0.5,4
118,All,13,4,4,4,1.0,4
118,All,13,4,4,5,0.75,4
118,All,13,4,4,6,1.0,4
118,All,13,4,4,7,1.0,4
118,All,13,4,4,8,0.5,4
118,All,13,4,4,9,0.25,4
118,All,14,6,3,1,0.3333333333333333,6
118,All,14,6,3,2,0.5,6
118,All,14,6,3,3,0.6666666666666666,6
118,All,14,6,3,4,1.0,6
118,All,14,6,3,5,0.6666666666666666,6
118,All,14,6,3,6,0.6666666666666666,6
118,All,14,6,3,7,0.8333333333333334,6
118,All,14,6,3,8,0.6666666666666666,6
118,All,14,6,3,9,0.8333333333333334,6
118,All,15,3,3,1,0.6666666666666666,3
118,All,15,3,3,2,0.6666666666666666,3
118,All,15,3,3,3,1.0,3
118,All,15,3,3,4,1.0,3
118,All,15,3,3,5,0.6666666666666666,3
118,All,15,3,3,6,1.0,3
118,All,15,3,3,7,0.6666666666666666,3
118,All,15,3,3,8,0.6666666666666666,3
118,All,15,3,3,9,1.0,3
118,All,16,2,3,1,0.5,2
118,All,16,2,3,2,1.0,2
118,All,16,2,3,3,1.0,2
118,All,16,2,3,4,1.0,2
118,All,16,2,3,5,1.0,2
118,All,16,2,3,6,1.0,2
118,All,16,2,3,7,1.0,2
118,All,16,2,3,8,1.0,2
118,All,16,2,3,9,1.0,2
118,All,17,3,4,1,1.0,3
118,All,17,3,4,2,1.0,3
118,All,17,3,4,3,1.0,3
118,All,17,3,4,4,1.0,3
118,All,17,3,4,5,1.0,3
118,All,17,3,4,6,1.0,3
118,All,17,3,4,7,1.0,3
118,All,17,3,4,8,0.6666666666666666,3
118,All,17,3,4,9,1.0,3
118,All,18,2,4,1,0.0,2
118,All,18,2,4,2,0.0,2
118,All,18,2,4,3,0.5,2
118,All,18,2,4,4,0.5,2
118,All,18,2,4,5,1.0,2
118,All,18,2,4,6,0.5,2
118,All,18,2,4,7,1.0,2
118,All,18,2,4,8,1.0,2
118,All,18,2,4,9,1.0,2
119,All,1,2,1,1,0.5,2
119,All,1,2,1,2,1.0,2
119,All,1,2,1,3,1.0,2
119,All,1,2,1,4,1.0,2
119,All,1,2,1,5,1.0,2
119,All,1,2,1,6,0.5,2
119,All,1,2,1,7,0.0,2
119,All,1,2,1,8,1.0,2
119,All,1,2,1,9,1.0,2
119,All,2,3,1,1,0.3333333333333333,3
119,All,2,3,1,2,0.3333333333333333,3
119,All,2,3,1,3,0.3333333333333333,3
119,All,2,3,1,4,0.3333333333333333,3
119,All,2,3,1,5,0.6666666666666666,3
119,All,2,3,1,6,0.0,3
119,All,2,3,1,7,0.0,2
119,All,2,3,1,8,0.6666666666666666,3
119,All,2,3,1,9,0.3333333333333333,3
119,All,3,3,2,1,0.0,3
119,All,3,3,2,2,0.6666666666666666,3
119,All,3,3,2,3,0.3333333333333333,3
119,All,3,3,2,4,0.6666666666666666,3
119,All,3,3,2,5,0.3333333333333333,3
119,All,3,3,2,6,0.6666666666666666,3
119,All,3,3,2,7,1.0,3
119,All,3,3,2,8,1.0,3
119,All,3,3,2,9,0.6666666666666666,3
119,All,4,4,1,1,0.25,4
119,All,4,4,1,2,0.25,4
119,All,4,4,1,3,0.75,4
119,All,4,4,1,4,0.5,4
119,All,4,4,1,5,1.0,3
119,All,4,4,1,6,1.0,4
119,All,4,4,1,7,1.0,4
119,All,4,4,1,8,1.0,4
119,All,4,4,1,9,1.0,4
119,All,5,5,1,1,0.2,5
119,All,5,5,1,2,0.4,5
119,All,5,5,1,3,0.4,5
119,All,5,5,1,4,0.2,5
119,All,5,5,1,5,0.4,5
119,All,5,5,1,6,0.2,5
119,All,5,5,1,7,0.2,5
119,All,5,5,1,8,0.6,5
119,All,5,5,1,9,0.8,5
119,All,6,4,2,1,0.0,2
119,All,6,4,2,2,0.25,4
119,All,6,4,2,3,0.0,4
119,All,6,4,2,4,0.3333333333333333,3
119,All,6,4,2,5,0.0,4
119,All,6,4,2,6,1.0,3
119,All,6,4,2,7,0.5,4
119,All,6,4,2,8,0.25,4
119,All,6,4,2,9,0.0,4
119,All,7,2,2,1,0.0,2
119,All,7,2,2,2,0.5,2
119,All,7,2,2,3,0.0,2
119,All,7,2,2,4,1.0,2
119,All,7,2,2,5,1.0,2
119,All,7,2,2,6,0.5,2
119,All,7,2,2,7,1.0,2
119,All,7,2,2,8,1.0,2
119,All,7,2,2,9,1.0,2
119,All,8,5,2,1,0.4,5
119,All,8,5,2,2,0.2,5
119,All,8,5,2,3,0.5,4
119,All,8,5,2,4,0.4,5
119,All,8,5,2,5,0.5,4
119,All,8,5,2,6,0.2,5
119,All,8,5,2,7,0.2,5
119,All,8,5,2,8,0.4,5
119,All,8,5,2,9,0.2,5
119,All,9,6,1,1,0.2,5
119,All,9,6,1,2,0.16666666666666666,6
119,All,9,6,1,3,0.0,6
119,All,9,6,1,4,0.3333333333333333,6
119,All,9,6,1,5,0.5,6
119,All,9,6,1,6,0.2,5
119,All,9,6,1,7,0.25,4
119,All,9,6,1,8,0.4,5
119,All,9,6,1,9,0.3333333333333333,6
119,All,10,4,3,1,0.25,4
119,All,10,4,3,2,0.25,4
119,All,10,4,3,3,0.75,4
119,All,10,4,3,4,0.5,4
119,All,10,4,3,5,0.75,4
119,All,10,4,3,6,0.75,4
119,All,10,4,3,7,1.0,4
119,All,10,4,3,8,1.0,4
119,All,10,4,3,9,0.75,4
119,All,11,6,2,1,0.2,5
119,All,11,6,2,2,0.5,6
119,All,11,6,2,3,0.3333333333333333,6
119,All,11,6,2,4,0.16666666666666666,6
119,All,11,6,2,5,0.3333333333333333,6
119,All,11,6,2,6,0.3333333333333333,6
119,All,11,6,2,7,0.5,6
119,All,11,6,2,8,0.0,6
119,All,11,6,2,9,0.6666666666666666,6
119,All,12,5,3,1,0.4,5
119,All,12,5,3,2,0.8,5
119,All,12,5,3,3,0.8,5
119,All,12,5,3,4,0.8,5
119,All,12,5,3,5,0.8,5
119,All,12,5,3,6,0.8,5
119,All,12,5,3,7,0.8,5
119,All,12,5,3,8,1.0,4
119,All,12,5,3,9,1.0,5
119,All,13,4,4,1,1.0,3
119,All,13,4,4,2,1.0,4
119,All,13,4,4,3,0.5,4
119,All,13,4,4,4,0.25,4
119,All,13,4,4,5,0.5,4
119,All,13,4,4,6,0.5,4
119,All,13,4,4,7,0.5,4
119,All,13,4,4,8,0.3333333333333333,3
119,All,13,4,4,9,0.25,4
119,All,14,6,3,1,0.3333333333333333,6
119,All,14,6,3,2,0.5,6
119,All,14,6,3,3,0.16666666666666666,6
119,All,14,6,3,4,0.5,6
119,All,14,6,3,5,0.6666666666666666,6
119,All,14,6,3,6,0.4,5
119,All,14,6,3,7,0.2,5
119,All,14,6,3,8,0.2,5
119,All,14,6,3,9,0.6666666666666666,6
119,All,15,3,3,1,0.5,2
119,All,15,3,3,2,0.6666666666666666,3
119,All,15,3,3,3,0.6666666666666666,3
119,All,15,3,3,4,1.0,3
119,All,15,3,3,5,1.0,3
119,All,15,3,3,6,0.6666666666666666,3
119,All,15,3,3,7,1.0,3
119,All,15,3,3,8,0.3333333333333333,3
119,All,15,3,3,9,0.6666666666666666,3
119,All,16,2,3,1,0.5,2
119,All,16,2,3,2,0.5,2
119,All,16,2,3,3,0.0,2
119,All,16,2,3,4,1.0,2
119,All,16,2,3,5,1.0,2
119,All,16,2,3,6,0.5,2
119,All,16,2,3,7,1.0,2
119,All,16,2,3,8,1.0,2
119,All,16,2,3,9,1.0,2
119,All,17,3,4,1,0.6666666666666666,3
119,All,17,3,4,2,0.3333333333333333,3
119,All,17,3,4,3,0.0,3
119,All,17,3,4,4,0.6666666666666666,3
119,All,17,3,4,5,0.6666666666666666,3
119,All,17,3,4,6,0.6666666666666666,3
119,All,17,3,4,7,0.6666666666666666,3
119,All,17,3,4,8,1.0,3
119,All,17,3,4,9,1.0,3
119,All,18,2,4,1,0.0,2
119,All,18,2,4,2,0.0,2
119,All,18,2,4,3,0.5,2
119,All,18,2,4,4,1.0,2
119,All,18,2,4,5,1.0,2
119,All,18,2,4,6,1.0,2
119,All,18,2,4,7,1.0,2
119,All,18,2,4,8,1.0,2
119,All,18,2,4,9,1.0,2
120,All,1,2,1,1,0.0,2
120,All,1,2,1,2,0.0,2
120,All,1,2,1,3,0.5,2
120,All,1,2,1,4,1.0,2
120,All,1,2,1,5,1.0,2
120,All,1,2,1,6,0.0,2
120,All,1,2,1,7,1.0,2
120,All,1,2,1,8,1.0,2
120,All,1,2,1,9,0.0,2
120,All,2,3,1,1,0.3333333333333333,3
120,All,2,3,1,2,0.3333333333333333,3
120,All,2,3,1,3,0.3333333333333333,3
120,All,2,3,1,4,0.6666666666666666,3
120,All,2,3,1,5,0.6666666666666666,3
120,All,2,3,1,6,0.3333333333333333,3
120,All,2,3,1,7,1.0,3
120,All,2,3,1,8,0.6666666666666666,3
120,All,2,3,1,9,0.0,2
120,All,3,3,2,1,0.3333333333333333,3
120,All,3,3,2,2,0.6666666666666666,3
120,All,3,3,2,3,0.6666666666666666,3
120,All,3,3,2,4,0.6666666666666666,3
120,All,3,3,2,5,0.6666666666666666,3
120,All,3,3,2,6,0.6666666666666666,3
120,All,3,3,2,7,0.6666666666666666,3
120,All,3,3,2,8,1.0,3
120,All,3,3,2,9,0.3333333333333333,3
120,All,4,4,1,1,0.75,4
120,All,4,4,1,2,0.25,4
120,All,4,4,1,3,0.5,4
120,All,4,4,1,4,0.75,4
120,All,4,4,1,5,0.0,4
120,All,4,4,1,6,0.25,4
120,All,4,4,1,7,0.5,4
120,All,4,4,1,8,0.75,4
120,All,4,4,1,9,0.25,4
120,All,5,5,1,1,0.2,5
120,All,5,5,1,2,0.8,5
120,All,5,5,1,3,0.6,5
120,All,5,5,1,4,0.8,5
120,All,5,5,1,5,0.6,5
120,All,5,5,1,6,0.8,5
120,All,5,5,1,7,0.8,5
120,All,5,5,1,8,0.8,5
120,All,5,5,1,9,0.8,5
120,All,6,4,2,1,0.75,4
120,All,6,4,2,2,0.5,4
120,All,6,4,2,3,0.25,4
120,All,6,4,2,4,0.75,4
120,All,6,4,2,5,1.0,4
120,All,6,4,2,6,0.75,4
120,All,6,4,2,7,1.0,4
120,All,6,4,2,8,1.0,4
120,All,6,4,2,9,1.0,4
120,All,7,2,2,1,0.5,2
120,All,7,2,2,2,1.0,2
120,All,7,2,2,3,1.0,2
120,All,7,2,2,4,0.5,2
120,All,7,2,2,5,1.0,2
120,All,7,2,2,6,1.0,2
120,All,7,2,2,7,0.0,2
120,All,7,2,2,8,0.5,2
120,All,7,2,2,9,0.5,2
120,All,8,5,2,1,0.4,5
120,All,8,5,2,2,0.4,5
120,All,8,5,2,3,0.6,5
120,All,8,5,2,4,0.4,5
120,All,8,5,2,5,0.6,5
120,All,8,5,2,6,0.2,5
120,All,8,5,2,7,0.2,5
120,All,8,5,2,8,0.6,5
120,All,8,5,2,9,0.8,5
120,All,9,6,1,1,0.16666666666666666,6
120,All,9,6,1,2,0.6666666666666666,6
120,All,9,6,1,3,0.6666666666666666,6
120,All,9,6,1,4,0.6666666666666666,6
120,All,9,6,1,5,0.5,6
120,All,9,6,1,6,0.6666666666666666,6
120,All,9,6,1,7,0.6666666666666666,6
120,All,9,6,1,8,0.6666666666666666,6
120,All,9,6,1,9,1.0,6
120,All,10,4,3,1,0.25,4
120,All,10,4,3,2,1.0,4
120,All,10,4,3,3,0.5,4
120,All,10,4,3,4,1.0,4
120,All,10,4,3,5,0.75,4
120,All,10,4,3,6,1.0,4
120,All,10,4,3,7,0.75,4
120,All,10,4,3,8,1.0,4
120,All,10,4,3,9,1.0,4
120,All,11,6,2,1,0.0,6
120,All,11,6,2,2,0.16666666666666666,6
120,All,11,6,2,3,0.3333333333333333,6
120,All,11,6,2,4,0.3333333333333333,6
120,All,11,6,2,5,0.8333333333333334,6
120,All,11,6,2,6,0.5,6
120,All,11,6,2,7,0.6666666666666666,6
120,All,11,6,2,8,0.6666666666666666,6
120,All,11,6,2,9,0.5,6
120,All,12,5,3,1,0.2,5
120,All,12,5,3,2,0.4,5
120,All,12,5,3,3,0.0,5
120,All,12,5,3,4,0.2,5
120,All,12,5,3,5,0.2,5
120,All,12,5,3,6,0.2,5
120,All,12,5,3,7,0.4,5
120,All,12,5,3,8,0.4,5
120,All,12,5,3,9,0.6,5
120,All,13,4,4,1,0.5,4
120,All,13,4,4,2,0.0,4
120,All,13,4,4,3,0.25,4
120,All,13,4,4,4,0.5,4
120,All,13,4,4,5,0.25,4
120,All,13,4,4,6,0.5,4
120,All,13,4,4,7,0.5,4
120,All,13,4,4,8,0.75,4
120,All,13,4,4,9,0.5,4
120,All,14,6,3,1,0.3333333333333333,6
120,All,14,6,3,2,0.6666666666666666,6
120,All,14,6,3,3,0.8333333333333334,6
120,All,14,6,3,4,0.8333333333333334,6
120,All,14,6,3,5,1.0,6
120,All,14,6,3,6,0.6666666666666666,6
120,All,14,6,3,7,1.0,6
120,All,14,6,3,8,1.0,6
120,All,14,6,3,9,1.0,6
120,All,15,3,3,1,0.3333333333333333,3
120,All,15,3,3,2,0.6666666666666666,3
120,All,15,3,3,3,0.6666666666666666,3
120,All,15,3,3,4,1.0,3
120,All,15,3,3,5,1.0,3
120,All,15,3,3,6,0.6666666666666666,3
120,All,15,3,3,7,1.0,3
120,All,15,3,3,8,0.6666666666666666,3
120,All,15,3,3,9,1.0,3
120,All,16,2,3,1,0.5,2
120,All,16,2,3,2,1.0,2
120,All,16,2,3,3,1.0,2
120,All,16,2,3,4,1.0,2
120,All,16,2,3,5,1.0,2
120,All,16,2,3,6,1.0,2
120,All,16,2,3,7,0.5,2
120,All,16,2,3,8,0.5,2
120,All,16,2,3,9,0.5,2
120,All,17,3,4,1,0.6666666666666666,3
120,All,17,3,4,2,0.3333333333333333,3
120,All,17,3,4,3,0.6666666666666666,3
120,All,17,3,4,4,1.0,3
120,All,17,3,4,5,1.0,3
120,All,17,3,4,6,0.6666666666666666,3
120,All,17,3,4,7,1.0,3
120,All,17,3,4,8,1.0,3
120,All,17,3,4,9,0.6666666666666666,3
120,All,18,2,4,1,0.0,2
120,All,18,2,4,2,0.5,2
120,All,18,2,4,3,1.0,2
120,All,18,2,4,4,1.0,2
120,All,18,2,4,5,1.0,2
120,All,18,2,4,6,1.0,2
120,All,18,2,4,7,0.5,2
120,All,18,2,4,8,1.0,2
120,All,18,2,4,9,1.0,2
121,All,1,2,1,1,0.5,2
121,All,1,2,1,2,0.0,2
121,All,1,2,1,3,1.0,2
121,All,1,2,1,4,1.0,2
121,All,1,2,1,5,0.5,2
121,All,1,2,1,6,1.0,2
121,All,1,2,1,7,1.0,2
121,All,1,2,1,8,1.0,2
121,All,1,2,1,9,1.0,2
121,All,2,3,1,1,0.3333333333333333,3
121,All,2,3,1,2,0.6666666666666666,3
121,All,2,3,1,3,1.0,3
121,All,2,3,1,4,1.0,3
121,All,2,3,1,5,1.0,3
121,All,2,3,1,6,1.0,3
121,All,2,3,1,7,1.0,3
121,All,2,3,1,8,1.0,3
121,All,2,3,1,9,1.0,3
121,All,3,3,2,1,0.6666666666666666,3
121,All,3,3,2,2,0.6666666666666666,3
121,All,3,3,2,3,1.0,3
121,All,3,3,2,4,1.0,3
121,All,3,3,2,5,1.0,3
121,All,3,3,2,6,1.0,3
121,All,3,3,2,7,1.0,3
121,All,3,3,2,8,0.6666666666666666,3
121,All,3,3,2,9,1.0,3
121,All,4,4,1,1,0.25,4
121,All,4,4,1,2,0.3333333333333333,3
121,All,4,4,1,3,1.0,4
121,All,4,4,1,4,1.0,4
121,All,4,4,1,5,1.0,4
121,All,4,4,1,6,1.0,4
121,All,4,4,1,7,1.0,4
121,All,4,4,1,8,1.0,4
121,All,4,4,1,9,1.0,4
121,All,5,5,1,1,0.6,5
121,All,5,5,1,2,0.8,5
121,All,5,5,1,3,1.0,5
121,All,5,5,1,4,1.0,5
121,All,5,5,1,5,1.0,5
121,All,5,5,1,6,1.0,5
121,All,5,5,1,7,1.0,5
121,All,5,5,1,8,1.0,5
121,All,5,5,1,9,1.0,5
121,All,6,4,2,1,0.5,4
121,All,6,4,2,2,0.6666666666666666,3
121,All,6,4,2,3,0.75,4
121,All,6,4,2,4,1.0,4
121,All,6,4,2,5,1.0,4
121,All,6,4,2,6,1.0,4
121,All,6,4,2,7,1.0,4
121,All,6,4,2,8,1.0,4
121,All,6,4,2,9,1.0,4
121,All,7,2,2,1,1.0,2
121,All,7,2,2,2,1.0,2
121,All,7,2,2,3,1.0,2
121,All,7,2,2,4,0.5,2
121,All,7,2,2,5,1.0,2
121,All,7,2,2,6,1.0,2
121,All,7,2,2,7,1.0,2
121,All,7,2,2,8,1.0,2
121,All,7,2,2,9,1.0,2
121,All,8,5,2,1,0.2,5
121,All,8,5,2,2,0.6,5
121,All,8,5,2,3,1.0,5
121,All,8,5,2,4,1.0,5
121,All,8,5,2,5,0.8,5
121,All,8,5,2,6,1.0,5
121,All,8,5,2,7,1.0,5
121,All,8,5,2,8,1.0,5
121,All,8,5,2,9,1.0,5
121,All,9,6,1,1,0.3333333333333333,6
121,All,9,6,1,2,0.8333333333333334,6
121,All,9,6,1,3,0.8333333333333334,6
121,All,9,6,1,4,1.0,6
121,All,9,6,1,5,1.0,6
121,All,9,6,1,6,0.8333333333333334,6
121,All,9,6,1,7,0.8333333333333334,6
121,All,9,6,1,8,1.0,6
121,All,9,6,1,9,1.0,6
121,All,10,4,3,1,0.25,4
121,All,10,4,3,2,0.25,4
121,All,10,4,3,3,1.0,4
121,All,10,4,3,4,1.0,4
121,All,10,4,3,5,1.0,4
121,All,10,4,3,6,1.0,4
121,All,10,4,3,7,1.0,4
121,All,10,4,3,8,1.0,4
121,All,10,4,3,9,1.0,4
121,All,11,6,2,1,0.5,6
121,All,11,6,2,2,0.5,6
121,All,11,6,2,3,1.0,6
121,All,11,6,2,4,0.6666666666666666,6
121,All,11,6,2,5,0.8333333333333334,6
121,All,11,6,2,6,1.0,6
121,All,11,6,2,7,0.8333333333333334,6
121,All,11,6,2,8,0.8333333333333334,6
121,All,11,6,2,9,1.0,6
121,All,12,5,3,1,0.2,5
121,All,12,5,3,2,1.0,5
121,All,12,5,3,3,1.0,5
121,All,12,5,3,4,1.0,5
121,All,12,5,3,5,1.0,5
121,All,12,5,3,6,1.0,5
121,All,12,5,3,7,1.0,5
121,All,12,5,3,8,1.0,5
121,All,12,5,3,9,1.0,5
121,All,13,4,4,1,0.25,4
121,All,13,4,4,2,0.5,4
121,All,13,4,4,3,1.0,4
121,All,13,4,4,4,1.0,4
121,All,13,4,4,5,0.75,4
121,All,13,4,4,6,1.0,4
121,All,13,4,4,7,1.0,4
121,All,13,4,4,8,1.0,4
121,All,13,4,4,9,1.0,4
121,All,14,6,3,1,0.6666666666666666,6
121,All,14,6,3,2,0.8333333333333334,6
121,All,14,6,3,3,0.8333333333333334,6
121,All,14,6,3,4,1.0,6
121,All,14,6,3,5,1.0,6
121,All,14,6,3,6,0.6666666666666666,6
121,All,14,6,3,7,1.0,6
121,All,14,6,3,8,1.0,6
121,All,14,6,3,9,1.0,6
121,All,15,3,3,1,0.6666666666666666,3
121,All,15,3,3,2,1.0,3
121,All,15,3,3,3,1.0,3
121,All,15,3,3,4,1.0,3
121,All,15,3,3,5,1.0,3
121,All,15,3,3,6,1.0,3
121,All,15,3,3,7,1.0,3
121,All,15,3,3,8,1.0,3
121,All,15,3,3,9,1.0,3
121,All,16,2,3,1,0.5,2
121,All,16,2,3,2,1.0,2
121,All,16,2,3,3,1.0,2
121,All,16,2,3,4,1.0,2
121,All,16,2,3,5,1.0,2
121,All,16,2,3,6,1.0,2
121,All,16,2,3,7,1.0,2
121,All,16,2,3,8,1.0,2
121,All,16,2,3,9,1.0,2
121,All,17,3,4,1,0.3333333333333333,3
121,All,17,3,4,2,0.6666666666666666,3
121,All,17,3,4,3,1.0,3
121,All,17,3,4,4,1.0,3
121,All,17,3,4,5,1.0,3
121,All,17,3,4,6,1.0,3
121,All,17,3,4,7,1.0,3
121,All,17,3,4,8,1.0,3
121,All,17,3,4,9,1.0,3
121,All,18,2,4,1,0.0,2
121,All,18,2,4,2,0.5,2
121,All,18,2,4,3,1.0,2
121,All,18,2,4,4,1.0,2
121,All,18,2,4,5,1.0,2
121,All,18,2,4,6,1.0,2
121,All,18,2,4,7,1.0,2
121,All,18,2,4,8,1.0,2
121,All,18,2,4,9,0.5,2
122,All,1,2,1,1,0.5,2
122,All,1,2,1,2,0.0,1
122,All,1,2,1,3,0.5,2
122,All,1,2,1,4,1.0,2
122,All,1,2,1,5,0.0,2
122,All,1,2,1,6,1.0,2
122,All,1,2,1,7,1.0,1
122,All,1,2,1,8,0.5,2
122,All,1,2,1,9,1.0,2
122,All,2,3,1,1,0.0,3
122,All,2,3,1,2,0.0,3
122,All,2,3,1,3,0.0,3
122,All,2,3,1,4,0.5,2
122,All,2,3,1,5,0.6666666666666666,3
122,All,2,3,1,6,0.0,1
122,All,2,3,1,9,1.0,1
122,All,3,3,2,1,0.3333333333333333,3
122,All,3,3,2,2,1.0,3
122,All,3,3,2,3,0.6666666666666666,3
122,All,3,3,2,4,0.6666666666666666,3
122,All,3,3,2,5,0.5,2
122,All,3,3,2,6,1.0,3
122,All,3,3,2,7,1.0,3
122,All,3,3,2,8,0.0,2
122,All,3,3,2,9,0.3333333333333333,3
122,All,4,4,1,1,0.5,4
122,All,4,4,1,2,0.25,4
122,All,4,4,1,3,0.0,2
122,All,4,4,1,4,0.5,2
122,All,4,4,1,5,0.5,4
122,All,4,4,1,6,0.25,4
122,All,4,4,1,7,0.3333333333333333,3
122,All,4,4,1,8,0.5,4
122,All,4,4,1,9,0.5,2
122,All,5,5,1,1,0.4,5
122,All,5,5,1,2,0.6,5
122,All,5,5,1,3,0.4,5
122,All,5,5,1,4,0.4,5
122,All,5,5,1,5,0.3333333333333333,3
122,All,5,5,1,6,0.0,3
122,All,5,5,1,7,0.0,2
122,All,5,5,1,8,0.3333333333333333,3
122,All,5,5,1,9,0.6,5
122,All,6,4,2,1,0.0,3
122,All,6,4,2,2,0.75,4
122,All,6,4,2,3,0.5,4
122,All,6,4,2,4,0.25,4
122,All,6,4,2,5,0.25,4
122,All,6,4,2,6,0.0,4
122,All,6,4,2,7,0.5,4
122,All,6,4,2,8,0.3333333333333333,3
122,All,6,4,2,9,0.5,4
122,All,7,2,2,1,1.0,2
122,All,7,2,2,2,1.0,2
122,All,7,2,2,3,1.0,2
122,All,7,2,2,4,1.0,2
122,All,7,2,2,5,1.0,2
122,All,7,2,2,6,1.0,2
122,All,7,2,2,7,1.0,2
122,All,7,2,2,8,1.0,2
122,All,7,2,2,9,0.5,2
122,All,8,5,2,1,0.2,5
122,All,8,5,2,2,0.4,5
122,All,8,5,2,3,1.0,5
122,All,8,5,2,4,0.8,5
122,All,8,5,2,5,0.6,5
122,All,8,5,2,6,0.75,4
122,All,8,5,2,7,1.0,5
122,All,8,5,2,8,1.0,5
122,All,8,5,2,9,1.0,5
122,All,9,6,1,1,0.16666666666666666,6
122,All,9,6,1,2,0.6666666666666666,6
122,All,9,6,1,3,0.5,6
122,All,9,6,1,4,0.6666666666666666,6
122,All,9,6,1,5,0.3333333333333333,6
122,All,9,6,1,6,0.6666666666666666,6
122,All,9,6,1,7,1.0,6
122,All,9,6,1,8,0.5,6
122,All,9,6,1,9,1.0,6
122,All,10,4,3,1,0.3333333333333333,3
122,All,10,4,3,2,0.25,4
122,All,10,4,3,3,0.0,4
122,All,10,4,3,4,0.5,4
122,All,10,4,3,5,0.5,4
122,All,10,4,3,6,0.25,4
122,All,10,4,3,7,0.5,4
122,All,10,4,3,8,0.5,4
122,All,10,4,3,9,0.3333333333333333,3
122,All,11,6,2,1,0.5,4
122,All,11,6,2,2,0.25,4
122,All,11,6,2,3,0.25,4
122,All,11,6,2,4,0.0,1
122,All,11,6,2,6,0.0,1
122,All,11,6,2,7,0.25,4
122,All,11,6,2,8,0.6,5
122,All,11,6,2,9,0.3333333333333333,6
122,All,12,5,3,1,0.4,5
122,All,12,5,3,2,0.6,5
122,All,12,5,3,3,0.6,5
122,All,12,5,3,4,0.8,5
122,All,12,5,3,5,0.8,5
122,All,12,5,3,6,0.75,4
122,All,12,5,3,7,0.6,5
122,All,12,5,3,8,0.6,5
122,All,12,5,3,9,1.0,4
122,All,13,4,4,1,0.5,4
122,All,13,4,4,2,0.25,4
122,All,13,4,4,3,0.5,4
122,All,13,4,4,4,0.75,4
122,All,13,4,4,5,1.0,4
122,All,13,4,4,6,1.0,4
122,All,13,4,4,7,0.75,4
122,All,13,4,4,8,1.0,4
122,All,13,4,4,9,0.5,4
122,All,14,6,3,1,0.4,5
122,All,14,6,3,2,0.4,5
122,All,14,6,3,3,0.8333333333333334,6
122,All,14,6,3,4,0.3333333333333333,6
122,All,14,6,3,5,0.6666666666666666,6
122,All,14,6,3,6,0.3333333333333333,6
122,All,14,6,3,7,0.4,5
122,All,14,6,3,8,0.8333333333333334,6
122,All,14,6,3,9,0.8,5
122,All,15,3,3,1,0.6666666666666666,3
122,All,15,3,3,2,1.0,3
122,All,15,3,3,3,1.0,3
122,All,15,3,3,4,0.6666666666666666,3
122,All,15,3,3,5,1.0,3
122,All,15,3,3,6,1.0,3
122,All,15,3,3,7,1.0,3
122,All,15,3,3,8,1.0,3
122,All,15,3,3,9,1.0,3
122,All,16,2,3,1,0.5,2
122,All,16,2,3,2,1.0,2
122,All,16,2,3,3,1.0,2
122,All,16,2,3,4,1.0,2
122,All,16,2,3,5,1.0,2
122,All,16,2,3,6,1.0,2
122,All,16,2,3,7,1.0,2
122,All,16,2,3,8,1.0,2
122,All,16,2,3,9,1.0,2
122,All,17,3,4,1,0.3333333333333333,3
122,All,17,3,4,2,0.6666666666666666,3
122,All,17,3,4,3,1.0,3
122,All,17,3,4,4,1.0,3
122,All,17,3,4,5,1.0,3
122,All,17,3,4,6,1.0,3
122,All,17,3,4,7,1.0,3
122,All,17,3,4,8,1.0,3
122,All,17,3,4,9,1.0,3
122,All,18,2,4,1,0.0,2
122,All,18,2,4,2,0.0,2
122,All,18,2,4,3,1.0,2
122,All,18,2,4,4,1.0,2
122,All,18,2,4,5,1.0,2
122,All,18,2,4,6,1.0,2
122,All,18,2,4,7,1.0,2
122,All,18,2,4,8,1.0,2
122,All,18,2,4,9,1.0,2
123,All,1,2,1,1,0.5,2
123,All,1,2,1,2,0.5,2
123,All,1,2,1,3,1.0,2
123,All,1,2,1,4,1.0,2
123,All,1,2,1,5,1.0,2
123,All,1,2,1,6,1.0,2
123,All,1,2,1,7,1.0,2
123,All,1,2,1,8,1.0,2
123,All,1,2,1,9,1.0,2
123,All,2,3,1,1,0.6666666666666666,3
123,All,2,3,1,2,0.6666666666666666,3
123,All,2,3,1,3,1.0,3
123,All,2,3,1,4,1.0,3
123,All,2,3,1,5,1.0,3
123,All,2,3,1,6,1.0,3
123,All,2,3,1,7,1.0,3
123,All,2,3,1,8,1.0,3
123,All,2,3,1,9,1.0,3
123,All,3,3,2,1,0.3333333333333333,3
123,All,3,3,2,2,0.3333333333333333,3
123,All,3,3,2,3,0.6666666666666666,3
123,All,3,3,2,4,1.0,3
123,All,3,3,2,5,1.0,3
123,All,3,3,2,6,1.0,3
123,All,3,3,2,7,1.0,3
123,All,3,3,2,8,1.0,3
123,All,3,3,2,9,1.0,3
123,All,4,4,1,1,0.25,4
123,All,4,4,1,2,0.5,4
123,All,4,4,1,3,1.0,3
123,All,4,4,1,4,1.0,4
123,All,4,4,1,5,1.0,4
123,All,4,4,1,6,0.75,4
123,All,4,4,1,7,1.0,4
123,All,4,4,1,8,1.0,3
123,All,4,4,1,9,0.75,4
123,All,5,5,1,1,0.4,5
123,All,5,5,1,2,0.8,5
123,All,5,5,1,3,1.0,5
123,All,5,5,1,4,1.0,5
123,All,5,5,1,5,0.8,5
123,All,5,5,1,6,1.0,5
123,All,5,5,1,7,1.0,5
123,All,5,5,1,8,1.0,5
123,All,5,5,1,9,1.0,5
123,All,6,4,2,1,0.5,4
123,All,6,4,2,2,0.75,4
123,All,6,4,2,3,1.0,4
123,All,6,4,2,4,0.5,4
123,All,6,4,2,5,1.0,4
123,All,6,4,2,6,1.0,4
123,All,6,4,2,7,1.0,4
123,All,6,4,2,8,0.75,4
123,All,6,4,2,9,0.75,4
123,All,7,2,2,1,1.0,2
123,All,7,2,2,2,1.0,2
123,All,7,2,2,3,1.0,2
123,All,7,2,2,4,1.0,2
123,All,7,2,2,5,1.0,2
123,All,7,2,2,6,1.0,2
123,All,7,2,2,7,1.0,2
123,All,7,2,2,8,1.0,2
123,All,7,2,2,9,1.0,2
123,All,8,5,2,1,0.2,5
123,All,8,5,2,2,0.75,4
123,All,8,5,2,3,0.6,5
123,All,8,5,2,4,0.8,5
123,All,8,5,2,5,1.0,5
123,All,8,5,2,6,1.0,5
123,All,8,5,2,7,1.0,5
123,All,8,5,2,8,1.0,5
123,All,8,5,2,9,1.0,5
123,All,9,6,1,1,0.3333333333333333,6
123,All,9,6,1,2,0.5,6
123,All,9,6,1,3,0.8333333333333334,6
123,All,9,6,1,4,0.8333333333333334,6
123,All,9,6,1,5,1.0,6
123,All,9,6,1,6,0.8333333333333334,6
123,All,9,6,1,7,1.0,6
123,All,9,6,1,8,1.0,6
123,All,9,6,1,9,1.0,6
123,All,10,4,3,1,0.25,4
123,All,10,4,3,2,0.75,4
123,All,10,4,3,3,0.75,4
123,All,10,4,3,4,0.75,4
123,All,10,4,3,5,1.0,4
123,All,10,4,3,6,1.0,4
123,All,10,4,3,7,1.0,4
123,All,10,4,3,8,1.0,4
123,All,10,4,3,9,0.75,4
123,All,11,6,2,1,0.3333333333333333,6
123,All,11,6,2,2,1.0,6
123,All,11,6,2,3,1.0,6
123,All,11,6,2,4,0.8333333333333334,6
123,All,11,6,2,5,1.0,6
123,All,11,6,2,6,1.0,6
123,All,11,6,2,7,1.0,6
123,All,11,6,2,8,1.0,6
123,All,11,6,2,9,1.0,6
123,All,12,5,3,1,0.2,5
123,All,12,5,3,2,0.6,5
123,All,12,5,3,3,0.8,5
123,All,12,5,3,4,1.0,5
123,All,12,5,3,5,1.0,5
123,All,12,5,3,6,1.0,5
123,All,12,5,3,7,1.0,5
123,All,12,5,3,8,1.0,5
123,All,12,5,3,9,1.0,5
123,All,13,4,4,1,0.25,4
123,All,13,4,4,2,0.5,4
123,All,13,4,4,3,1.0,4
123,All,13,4,4,4,1.0,4
123,All,13,4,4,5,1.0,4
123,All,13,4,4,6,1.0,4
123,All,13,4,4,7,0.75,4
123,All,13,4,4,8,1.0,4
123,All,13,4,4,9,1.0,4
123,All,14,6,3,1,0.6666666666666666,6
123,All,14,6,3,2,0.8333333333333334,6
123,All,14,6,3,3,0.8333333333333334,6
123,All,14,6,3,4,0.8333333333333334,6
123,All,14,6,3,5,0.8333333333333334,6
123,All,14,6,3,6,1.0,6
123,All,14,6,3,7,1.0,6
123,All,14,6,3,8,1.0,6
123,All,14,6,3,9,1.0,6
123,All,15,3,3,1,0.6666666666666666,3
123,All,15,3,3,2,0.6666666666666666,3
123,All,15,3,3,3,1.0,3
123,All,15,3,3,4,0.6666666666666666,3
123,All,15,3,3,5,1.0,3
123,All,15,3,3,6,0.6666666666666666,3
123,All,15,3,3,7,1.0,3
123,All,15,3,3,8,0.6666666666666666,3
123,All,15,3,3,9,0.6666666666666666,3
123,All,16,2,3,1,0.5,2
123,All,16,2,3,2,0.5,2
123,All,16,2,3,3,1.0,2
123,All,16,2,3,4,1.0,2
123,All,16,2,3,5,1.0,2
123,All,16,2,3,6,0.5,2
123,All,16,2,3,7,1.0,2
123,All,16,2,3,8,1.0,2
123,All,16,2,3,9,1.0,2
123,All,17,3,4,1,0.6666666666666666,3
123,All,17,3,4,2,0.6666666666666666,3
123,All,17,3,4,3,1.0,3
123,All,17,3,4,4,1.0,3
123,All,17,3,4,5,1.0,3
123,All,17,3,4,6,1.0,3
123,All,17,3,4,7,1.0,3
123,All,17,3,4,8,1.0,3
123,All,17,3,4,9,1.0,3
123,All,18,2,4,1,0.0,2
123,All,18,2,4,2,0.5,2
123,All,18,2,4,3,1.0,2
123,All,18,2,4,4,1.0,2
123,All,18,2,4,5,0.5,2
123,All,18,2,4,6,0.5,2
123,All,18,2,4,7,1.0,2
123,All,18,2,4,8,1.0,2
123,All,18,2,4,9,1.0,2
124,All,1,2,1,1,0.5,2
124,All,1,2,1,2,1.0,2
124,All,1,2,1,3,1.0,2
124,All,1,2,1,4,1.0,2
124,All,1,2,1,5,0.5,2
124,All,1,2,1,6,1.0,2
124,All,1,2,1,7,1.0,2
124,All,1,2,1,8,1.0,2
124,All,1,2,1,9,1.0,2
124,All,2,3,1,1,0.0,3
124,All,2,3,1,2,0.0,2
124,All,2,3,1,3,0.3333333333333333,3
124,All,2,3,1,4,0.3333333333333333,3
124,All,2,3,1,5,0.5,2
124,All,2,3,1,6,0.3333333333333333,3
124,All,2,3,1,7,0.6666666666666666,3
124,All,2,3,1,8,1.0,3
124,All,2,3,1,9,0.6666666666666666,3
124,All,3,3,2,1,0.3333333333333333,3
124,All,3,3,2,2,0.6666666666666666,3
124,All,3,3,2,3,1.0,2
124,All,3,3,2,4,1.0,3
124,All,3,3,2,5,1.0,3
124,All,3,3,2,6,1.0,3
124,All,3,3,2,7,1.0,3
124,All,3,3,2,8,1.0,3
124,All,3,3,2,9,1.0,3
124,All,4,4,1,1,0.25,4
124,All,4,4,1,2,0.25,4
124,All,4,4,1,3,0.5,4
124,All,4,4,1,4,0.6666666666666666,3
124,All,4,4,1,5,0.75,4
124,All,4,4,1,6,1.0,4
124,All,4,4,1,7,0.75,4
124,All,4,4,1,8,0.75,4
124,All,4,4,1,9,1.0,4
124,All,5,5,1,1,0.6,5
124,All,5,5,1,2,0.8,5
124,All,5,5,1,3,0.4,5
124,All,5,5,1,4,0.6,5
124,All,5,5,1,5,1.0,5
124,All,5,5,1,6,1.0,5
124,All,5,5,1,7,1.0,5
124,All,5,5,1,8,1.0,5
124,All,5,5,1,9,1.0,5
124,All,6,4,2,1,0.25,4
124,All,6,4,2,2,0.75,4
124,All,6,4,2,3,0.5,4
124,All,6,4,2,4,1.0,4
124,All,6,4,2,5,1.0,4
124,All,6,4,2,6,1.0,4
124,All,6,4,2,7,1.0,4
124,All,6,4,2,8,1.0,4
124,All,6,4,2,9,1.0,4
124,All,7,2,2,1,1.0,2
124,All,7,2,2,2,1.0,2
124,All,7,2,2,3,1.0,2
124,All,7,2,2,4,1.0,2
124,All,7,2,2,5,1.0,2
124,All,7,2,2,6,1.0,2
124,All,7,2,2,7,1.0,2
124,All,7,2,2,8,1.0,2
124,All,7,2,2,9,1.0,2
124,All,8,5,2,1,0.6,5
124,All,8,5,2,2,0.6,5
124,All,8,5,2,3,0.8,5
124,All,8,5,2,4,0.6,5
124,All,8,5,2,5,1.0,5
124,All,8,5,2,6,0.8,5
124,All,8,5,2,7,0.6,5
124,All,8,5,2,8,0.6,5
124,All,8,5,2,9,1.0,5
124,All,9,6,1,1,0.3333333333333333,6
124,All,9,6,1,2,0.3333333333333333,6
124,All,9,6,1,3,0.6666666666666666,6
124,All,9,6,1,4,0.8333333333333334,6
124,All,9,6,1,5,1.0,6
124,All,9,6,1,6,0.8333333333333334,6
124,All,9,6,1,7,0.8333333333333334,6
124,All,9,6,1,8,0.8333333333333334,6
124,All,9,6,1,9,0.6666666666666666,6
124,All,10,4,3,1,0.25,4
124,All,10,4,3,2,0.25,4
124,All,10,4,3,3,0.5,4
124,All,10,4,3,4,0.5,4
124,All,10,4,3,5,0.5,4
124,All,10,4,3,6,0.5,4
124,All,10,4,3,7,1.0,4
124,All,10,4,3,8,0.75,4
124,All,10,4,3,9,1.0,4
124,All,11,6,2,1,0.3333333333333333,6
124,All,11,6,2,2,0.6,5
124,All,11,6,2,3,0.6666666666666666,6
124,All,11,6,2,4,1.0,6
124,All,11,6,2,5,0.8333333333333334,6
124,All,11,6,2,6,1.0,6
124,All,11,6,2,7,1.0,6
124,All,11,6,2,8,0.8333333333333334,6
124,All,11,6,2,9,0.8333333333333334,6
124,All,12,5,3,1,0.2,5
124,All,12,5,3,2,0.6,5
124,All,12,5,3,3,0.8,5
124,All,12,5,3,4,0.8,5
124,All,12,5,3,5,0.6,5
124,All,12,5,3,6,1.0,5
124,All,12,5,3,7,0.6,5
124,All,12,5,3,8,1.0,5
124,All,12,5,3,9,1.0,5
124,All,13,4,4,1,0.25,4
124,All,13,4,4,2,0.75,4
124,All,13,4,4,3,0.75,4
124,All,13,4,4,4,1.0,4
124,All,13,4,4,5,1.0,4
124,All,13,4,4,6,1.0,4
124,All,13,4,4,7,1.0,4
124,All,13,4,4,8,1.0,4
124,All,13,4,4,9,1.0,4
124,All,14,6,3,1,0.16666666666666666,6
124,All,14,6,3,2,0.5,6
124,All,14,6,3,3,0.6666666666666666,6
124,All,14,6,3,4,0.5,6
124,All,14,6,3,5,0.6666666666666666,6
124,All,14,6,3,6,0.5,6
124,All,14,6,3,7,0.8333333333333334,6
124,All,14,6,3,8,0.5,6
124,All,14,6,3,9,0.8333333333333334,6
124,All,15,3,3,1,0.6666666666666666,3
124,All,15,3,3,2,1.0,3
124,All,15,3,3,3,1.0,3
124,All,15,3,3,4,1.0,3
124,All,15,3,3,5,1.0,3
124,All,15,3,3,6,1.0,3
124,All,15,3,3,7,1.0,3
124,All,15,3,3,8,1.0,3
124,All,15,3,3,9,1.0,3
124,All,16,2,3,1,0.5,2
124,All,16,2,3,2,0.5,2
124,All,16,2,3,3,1.0,2
124,All,16,2,3,4,1.0,2
124,All,16,2,3,5,1.0,2
124,All,16,2,3,6,1.0,2
124,All,16,2,3,7,1.0,2
124,All,16,2,3,8,1.0,2
124,All,16,2,3,9,1.0,2
124,All,17,3,4,1,0.6666666666666666,3
124,All,17,3,4,2,0.6666666666666666,3
124,All,17,3,4,3,1.0,3
124,All,17,3,4,4,1.0,3
124,All,17,3,4,5,1.0,3
124,All,17,3,4,6,1.0,3
124,All,17,3,4,7,1.0,3
124,All,17,3,4,8,1.0,3
124,All,17,3,4,9,1.0,3
124,All,18,2,4,1,0.0,2
124,All,18,2,4,2,0.5,2
124,All,18,2,4,3,1.0,2
124,All,18,2,4,4,1.0,2
124,All,18,2,4,5,1.0,2
124,All,18,2,4,6,1.0,2
124,All,18,2,4,7,1.0,2
124,All,18,2,4,8,1.0,2
124,All,18,2,4,9,1.0,2
125,All,1,2,1,1,0.0,2
125,All,1,2,1,2,0.5,2
125,All,1,2,1,3,1.0,2
125,All,1,2,1,4,1.0,2
125,All,1,2,1,5,1.0,2
125,All,1,2,1,6,1.0,2
125,All,1,2,1,7,0.0,2
125,All,1,2,1,8,0.5,2
125,All,1,2,1,9,0.0,1
125,All,2,3,1,1,0.6666666666666666,3
125,All,2,3,1,2,0.5,2
125,All,2,3,1,3,0.6666666666666666,3
125,All,2,3,1,4,0.6666666666666666,3
125,All,2,3,1,5,0.0,3
125,All,2,3,1,6,0.6666666666666666,3
125,All,2,3,1,7,0.3333333333333333,3
125,All,2,3,1,8,0.0,3
125,All,2,3,1,9,0.3333333333333333,3
125,All,3,6,1,1,0.16666666666666666,6
125,All,3,6,1,2,0.3333333333333333,6
125,All,3,6,1,3,0.3333333333333333,6
125,All,3,6,1,4,0.8,5
125,All,3,6,1,5,0.6666666666666666,6
125,All,3,6,1,6,0.5,6
125,All,3,6,1,7,0.3333333333333333,6
125,All,3,6,1,8,0.5,6
125,All,3,6,1,9,0.8,5
125,All,4,4,1,1,0.25,4
125,All,4,4,1,2,0.75,4
125,All,4,4,1,3,0.75,4
125,All,4,4,1,4,1.0,3
125,All,4,4,1,5,1.0,4
125,All,4,4,1,6,1.0,4
125,All,4,4,1,7,0.75,4
125,All,4,4,1,8,0.5,4
125,All,4,4,1,9,0.5,4
125,All,5,2,2,1,0.5,2
125,All,5,2,2,2,0.0,2
125,All,5,2,2,3,0.0,2
125,All,5,2,2,4,0.0,2
125,All,5,2,2,5,0.5,2
125,All,5,2,2,6,0.5,2
125,All,5,2,2,7,0.5,2
125,All,5,2,2,8,1.0,2
125,All,5,2,2,9,1.0,2
125,All,6,5,1,1,0.0,5
125,All,6,5,1,2,0.25,4
125,All,6,5,1,3,0.2,5
125,All,6,5,1,4,0.6,5
125,All,6,5,1,5,0.6,5
125,All,6,5,1,6,0.6,5
125,All,6,5,1,7,0.2,5
125,All,6,5,1,8,0.25,4
125,All,6,5,1,9,0.2,5
125,All,7,3,2,1,0.3333333333333333,3
125,All,7,3,2,2,1.0,3
125,All,7,3,2,3,0.6666666666666666,3
125,All,7,3,2,4,0.5,2
125,All,7,3,2,5,0.6666666666666666,3
125,All,7,3,2,6,1.0,3
125,All,7,3,2,7,0.6666666666666666,3
125,All,7,3,2,8,1.0,3
125,All,7,3,2,9,1.0,3
125,All,8,4,2,1,0.25,4
125,All,8,4,2,2,0.0,3
125,All,8,4,2,3,0.25,4
125,All,8,4,2,4,0.3333333333333333,3
125,All,8,4,2,5,0.5,4
125,All,8,4,2,6,0.5,4
125,All,8,4,2,7,0.5,4
125,All,8,4,2,8,0.25,4
125,All,8,4,2,9,0.3333333333333333,3
125,All,9,5,2,1,0.6,5
125,All,9,5,2,2,0.0,5
125,All,9,5,2,3,0.2,5
125,All,9,5,2,4,0.2,5
125,All,9,5,2,5,0.2,5
125,All,9,5,2,6,0.2,5
125,All,9,5,2,7,0.6,5
125,All,9,5,2,8,0.8,5
125,All,9,5,2,9,1.0,4
125,All,10,4,3,1,0.0,4
125,All,10,4,3,2,0.25,4
125,All,10,4,3,3,0.5,4
125,All,10,4,3,4,0.5,4
125,All,10,4,3,5,0.75,4
125,All,10,4,3,6,1.0,4
125,All,10,4,3,7,0.75,4
125,All,10,4,3,8,0.75,4
125,All,10,4,3,9,0.25,4
125,All,11,6,2,1,0.16666666666666666,6
125,All,11,6,2,2,0.3333333333333333,6
125,All,11,6,2,3,0.16666666666666666,6
125,All,11,6,2,4,0.5,6
125,All,11,6,2,5,0.3333333333333333,6
125,All,11,6,2,6,0.16666666666666666,6
125,All,11,6,2,7,0.3333333333333333,6
125,All,11,6,2,8,0.4,5
125,All,11,6,2,9,0.3333333333333333,6
125,All,12,4,4,1,0.25,4
125,All,12,4,4,2,0.25,4
125,All,12,4,4,3,0.5,4
125,All,12,4,4,4,0.5,4
125,All,12,4,4,5,0.5,4
125,All,12,4,4,6,0.75,4
125,All,12,4,4,7,1.0,4
125,All,12,4,4,8,0.5,4
125,All,12,4,4,9,0.5,4
125,All,13,3,3,1,0.6666666666666666,3
125,All,13,3,3,2,0.0,3
125,All,13,3,3,3,0.6666666666666666,3
125,All,13,3,3,4,0.3333333333333333,3
125,All,13,3,3,5,0.3333333333333333,3
125,All,13,3,3,6,0.0,3
125,All,13,3,3,7,0.3333333333333333,3
125,All,13,3,3,8,0.0,3
125,All,13,3,3,9,0.0,3
125,All,14,3,4,1,0.6666666666666666,3
125,All,14,3,4,2,0.0,3
125,All,14,3,4,3,0.0,3
125,All,14,3,4,4,0.6666666666666666,3
125,All,14,3,4,5,1.0,3
125,All,14,3,4,6,1.0,3
125,All,14,3,4,7,1.0,3
125,All,14,3,4,8,0.3333333333333333,3
125,All,14,3,4,9,0.3333333333333333,3
125,All,15,5,3,1,0.2,5
125,All,15,5,3,2,0.4,5
125,All,15,5,3,3,0.6,5
125,All,15,5,3,4,0.6,5
125,All,15,5,3,5,0.2,5
125,All,15,5,3,6,0.4,5
125,All,15,5,3,7,0.25,4
125,All,15,5,3,8,0.0,5
125,All,15,5,3,9,0.4,5
125,All,16,6,3,1,0.4,5
125,All,16,6,3,2,0.2,5
125,All,16,6,3,3,0.5,4
125,All,16,6,3,4,0.2,5
125,All,16,6,3,5,0.0,6
125,All,16,6,3,6,0.5,6
125,All,16,6,3,7,0.3333333333333333,6
125,All,16,6,3,8,0.4,5
125,All,16,6,3,9,0.5,6
125,All,17,2,3,1,0.0,2
125,All,17,2,3,2,0.5,2
125,All,17,2,3,3,0.5,2
125,All,17,2,3,4,0.5,2
125,All,17,2,3,5,0.5,2
125,All,17,2,3,6,1.0,2
125,All,17,2,3,7,1.0,2
125,All,17,2,3,8,0.5,2
125,All,17,2,3,9,1.0,2
125,All,18,2,4,1,0.5,2
125,All,18,2,4,2,1.0,2
125,All,18,2,4,3,0.0,2
125,All,18,2,4,4,0.0,2
125,All,18,2,4,5,1.0,1
125,All,18,2,4,6,0.5,2
125,All,18,2,4,7,1.0,2
125,All,18,2,4,8,0.5,2
125,All,18,2,4,9,0.5,2
126,All,1,2,1,1,0.0,2
126,All,1,2,1,2,0.5,2
126,All,1,2,1,3,1.0,2
126,All,1,2,1,4,1.0,2
126,All,1,2,1,5,1.0,2
126,All,1,2,1,6,1.0,2
126,All,1,2,1,7,1.0,2
126,All,1,2,1,8,1.0,2
126,All,1,2,1,9,1.0,2
126,All,2,3,1,1,0.5,2
126,All,2,3,1,2,0.3333333333333333,3
126,All,2,3,1,3,1.0,3
126,All,2,3,1,4,1.0,3
126,All,2,3,1,5,1.0,3
126,All,2,3,1,6,1.0,3
126,All,2,3,1,7,1.0,3
126,All,2,3,1,8,1.0,3
126,All,2,3,1,9,1.0,3
126,All,3,6,1,1,0.3333333333333333,6
126,All,3,6,1,2,0.6666666666666666,6
126,All,3,6,1,3,0.8333333333333334,6
126,All,3,6,1,4,1.0,6
126,All,3,6,1,5,0.8333333333333334,6
126,All,3,6,1,6,0.8333333333333334,6
126,All,3,6,1,7,1.0,6
126,All,3,6,1,8,1.0,6
126,All,3,6,1,9,1.0,6
126,All,4,4,1,1,0.25,4
126,All,4,4,1,2,0.75,4
126,All,4,4,1,3,1.0,4
126,All,4,4,1,4,1.0,4
126,All,4,4,1,5,1.0,4
126,All,4,4,1,6,1.0,4
126,All,4,4,1,7,1.0,4
126,All,4,4,1,8,1.0,4
126,All,4,4,1,9,1.0,4
126,All,5,2,2,1,1.0,2
126,All,5,2,2,2,1.0,2
126,All,5,2,2,3,1.0,2
126,All,5,2,2,4,1.0,2
126,All,5,2,2,5,1.0,2
126,All,5,2,2,6,1.0,2
126,All,5,2,2,7,1.0,2
126,All,5,2,2,8,1.0,2
126,All,5,2,2,9,1.0,2
126,All,6,5,1,1,0.2,5
126,All,6,5,1,2,0.8,5
126,All,6,5,1,3,0.8,5
126,All,6,5,1,4,0.6,5
126,All,6,5,1,5,1.0,4
126,All,6,5,1,6,1.0,5
126,All,6,5,1,7,1.0,5
126,All,6,5,1,8,0.8,5
126,All,6,5,1,9,1.0,5
126,All,7,3,2,1,0.6666666666666666,3
126,All,7,3,2,2,1.0,3
126,All,7,3,2,3,1.0,3
126,All,7,3,2,4,1.0,3
126,All,7,3,2,5,1.0,3
126,All,7,3,2,6,1.0,3
126,All,7,3,2,7,1.0,3
126,All,7,3,2,8,1.0,3
126,All,7,3,2,9,1.0,3
126,All,8,4,2,1,0.25,4
126,All,8,4,2,2,0.5,4
126,All,8,4,2,3,0.75,4
126,All,8,4,2,4,0.75,4
126,All,8,4,2,5,1.0,4
126,All,8,4,2,6,1.0,4
126,All,8,4,2,7,1.0,4
126,All,8,4,2,8,1.0,4
126,All,8,4,2,9,1.0,4
126,All,9,5,2,1,0.6,5
126,All,9,5,2,2,0.6,5
126,All,9,5,2,3,0.8,5
126,All,9,5,2,4,0.8,5
126,All,9,5,2,5,1.0,5
126,All,9,5,2,6,0.8,5
126,All,9,5,2,7,1.0,5
126,All,9,5,2,8,1.0,5
126,All,9,5,2,9,0.8,5
126,All,10,4,3,1,0.25,4
126,All,10,4,3,2,0.75,4
126,All,10,4,3,3,1.0,4
126,All,10,4,3,4,1.0,4
126,All,10,4,3,5,1.0,4
126,All,10,4,3,6,1.0,4
126,All,10,4,3,7,1.0,4
126,All,10,4,3,8,1.0,4
126,All,10,4,3,9,1.0,4
126,All,11,6,2,1,0.5,6
126,All,11,6,2,2,0.6,5
126,All,11,6,2,3,0.8,5
126,All,11,6,2,4,0.6666666666666666,6
126,All,11,6,2,5,0.8333333333333334,6
126,All,11,6,2,6,1.0,6
126,All,11,6,2,7,0.8333333333333334,6
126,All,11,6,2,8,0.8333333333333334,6
126,All,11,6,2,9,1.0,6
126,All,12,4,4,1,0.5,4
126,All,12,4,4,2,0.5,4
126,All,12,4,4,3,0.75,4
126,All,12,4,4,4,1.0,3
126,All,12,4,4,5,1.0,4
126,All,12,4,4,6,1.0,4
126,All,12,4,4,7,1.0,4
126,All,12,4,4,8,0.75,4
126,All,12,4,4,9,1.0,4
126,All,13,3,3,1,0.6666666666666666,3
126,All,13,3,3,2,1.0,3
126,All,13,3,3,3,1.0,3
126,All,13,3,3,4,1.0,3
126,All,13,3,3,5,1.0,3
126,All,13,3,3,6,1.0,3
126,All,13,3,3,7,1.0,3
126,All,13,3,3,8,1.0,3
126,All,13,3,3,9,1.0,3
126,All,14,3,4,1,0.3333333333333333,3
126,All,14,3,4,2,0.3333333333333333,3
126,All,14,3,4,3,1.0,3
126,All,14,3,4,4,1.0,3
126,All,14,3,4,5,1.0,3
126,All,14,3,4,6,1.0,3
126,All,14,3,4,7,1.0,3
126,All,14,3,4,8,1.0,3
126,All,14,3,4,9,0.6666666666666666,3
126,All,15,5,3,1,0.4,5
126,All,15,5,3,2,0.6,5
126,All,15,5,3,3,1.0,5
126,All,15,5,3,4,1.0,5
126,All,15,5,3,5,1.0,5
126,All,15,5,3,6,1.0,5
126,All,15,5,3,7,0.8,5
126,All,15,5,3,8,1.0,5
126,All,15,5,3,9,1.0,5
126,All,16,6,3,1,0.3333333333333333,6
126,All,16,6,3,2,0.5,6
126,All,16,6,3,3,0.6666666666666666,6
126,All,16,6,3,4,1.0,6
126,All,16,6,3,5,1.0,6
126,All,16,6,3,6,1.0,6
126,All,16,6,3,7,1.0,6
126,All,16,6,3,8,1.0,6
126,All,16,6,3,9,1.0,6
126,All,17,2,3,1,1.0,2
126,All,17,2,3,2,1.0,2
126,All,17,2,3,3,1.0,2
126,All,17,2,3,4,1.0,2
126,All,17,2,3,5,1.0,2
126,All,17,2,3,6,1.0,2
126,All,17,2,3,7,1.0,2
126,All,17,2,3,8,1.0,2
126,All,17,2,3,9,1.0,2
126,All,18,2,4,1,1.0,2
126,All,18,2,4,2,1.0,2
126,All,18,2,4,3,1.0,2
126,All,18,2,4,4,1.0,2
126,All,18,2,4,5,1.0,2
126,All,18,2,4,6,1.0,2
126,All,18,2,4,7,1.0,2
126,All,18,2,4,8,1.0,2
126,All,18,2,4,9,1.0,2
127,All,1,2,1,1,0.0,2
127,All,1,2,1,2,0.0,2
127,All,1,2,1,3,1.0,2
127,All,1,2,1,4,1.0,2
127,All,1,2,1,5,1.0,2
127,All,1,2,1,6,1.0,2
127,All,1,2,1,7,1.0,2
127,All,1,2,1,8,1.0,2
127,All,1,2,1,9,1.0,2
127,All,2,3,1,1,0.3333333333333333,3
127,All,2,3,1,2,0.6666666666666666,3
127,All,2,3,1,3,0.6666666666666666,3
127,All,2,3,1,4,1.0,3
127,All,2,3,1,5,1.0,3
127,All,2,3,1,6,1.0,3
127,All,2,3,1,7,1.0,3
127,All,2,3,1,8,1.0,3
127,All,2,3,1,9,1.0,3
127,All,3,6,1,1,0.8333333333333334,6
127,All,3,6,1,2,0.16666666666666666,6
127,All,3,6,1,3,0.5,6
127,All,3,6,1,4,0.5,6
127,All,3,6,1,5,0.2,5
127,All,3,6,1,6,0.25,4
127,All,3,6,1,7,0.3333333333333333,6
127,All,3,6,1,8,0.3333333333333333,6
127,All,3,6,1,9,0.16666666666666666,6
127,All,4,4,1,1,0.25,4
127,All,4,4,1,2,0.25,4
127,All,4,4,1,3,0.0,4
127,All,4,4,1,4,0.75,4
127,All,4,4,1,5,0.75,4
127,All,4,4,1,6,0.5,4
127,All,4,4,1,7,0.5,4
127,All,4,4,1,8,0.5,4
127,All,4,4,1,9,1.0,4
127,All,5,2,2,1,0.5,2
127,All,5,2,2,2,1.0,2
127,All,5,2,2,3,0.5,2
127,All,5,2,2,4,1.0,2
127,All,5,2,2,5,1.0,2
127,All,5,2,2,6,1.0,2
127,All,5,2,2,7,1.0,2
127,All,5,2,2,8,1.0,2
127,All,5,2,2,9,1.0,2
127,All,6,5,1,1,0.4,5
127,All,6,5,1,2,0.8,5
127,All,6,5,1,3,0.8,5
127,All,6,5,1,4,1.0,5
127,All,6,5,1,5,1.0,5
127,All,6,5,1,6,1.0,5
127,All,6,5,1,7,1.0,5
127,All,6,5,1,8,0.8,5
127,All,6,5,1,9,1.0,5
127,All,7,3,2,1,0.0,3
127,All,7,3,2,2,0.6666666666666666,3
127,All,7,3,2,3,0.6666666666666666,3
127,All,7,3,2,4,1.0,3
127,All,7,3,2,5,1.0,3
127,All,7,3,2,6,1.0,3
127,All,7,3,2,7,1.0,3
127,All,7,3,2,8,1.0,3
127,All,7,3,2,9,1.0,3
127,All,8,4,2,1,0.25,4
127,All,8,4,2,2,0.5,4
127,All,8,4,2,3,0.75,4
127,All,8,4,2,4,1.0,4
127,All,8,4,2,5,1.0,4
127,All,8,4,2,6,1.0,4
127,All,8,4,2,7,1.0,4
127,All,8,4,2,8,1.0,4
127,All,8,4,2,9,1.0,4
127,All,9,5,2,1,0.4,5
127,All,9,5,2,2,0.6,5
127,All,9,5,2,3,0.8,5
127,All,9,5,2,4,1.0,5
127,All,9,5,2,5,1.0,5
127,All,9,5,2,6,0.8,5
127,All,9,5,2,7,0.8,5
127,All,9,5,2,8,1.0,5
127,All,9,5,2,9,1.0,5
127,All,10,4,3,1,0.25,4
127,All,10,4,3,2,0.6666666666666666,3
127,All,10,4,3,3,1.0,4
127,All,10,4,3,4,0.75,4
127,All,10,4,3,5,0.75,4
127,All,10,4,3,6,1.0,4
127,All,10,4,3,7,1.0,4
127,All,10,4,3,8,1.0,4
127,All,10,4,3,9,1.0,3
127,All,11,6,2,1,0.3333333333333333,6
127,All,11,6,2,2,0.8333333333333334,6
127,All,11,6,2,3,0.5,6
127,All,11,6,2,4,0.3333333333333333,6
127,All,11,6,2,5,0.6666666666666666,6
127,All,11,6,2,6,0.6666666666666666,6
127,All,11,6,2,7,0.6666666666666666,6
127,All,11,6,2,8,0.8333333333333334,6
127,All,11,6,2,9,1.0,6
127,All,12,4,4,1,0.5,4
127,All,12,4,4,2,0.75,4
127,All,12,4,4,3,1.0,4
127,All,12,4,4,4,1.0,4
127,All,12,4,4,5,0.75,4
127,All,12,4,4,6,0.75,4
127,All,12,4,4,7,0.75,4
127,All,12,4,4,8,1.0,4
127,All,12,4,4,9,1.0,4
127,All,13,3,3,1,0.3333333333333333,3
127,All,13,3,3,2,0.3333333333333333,3
127,All,13,3,3,3,0.6666666666666666,3
127,All,13,3,3,4,1.0,3
127,All,13,3,3,5,1.0,3
127,All,13,3,3,6,0.6666666666666666,3
127,All,13,3,3,7,1.0,3
127,All,13,3,3,8,0.6666666666666666,3
127,All,13,3,3,9,1.0,3
127,All,14,3,4,1,0.3333333333333333,3
127,All,14,3,4,2,0.3333333333333333,3
127,All,14,3,4,3,1.0,3
127,All,14,3,4,4,1.0,3
127,All,14,3,4,5,1.0,3
127,All,14,3,4,6,1.0,3
127,All,14,3,4,7,1.0,3
127,All,14,3,4,8,1.0,3
127,All,14,3,4,9,1.0,3
127,All,15,5,3,1,0.4,5
127,All,15,5,3,2,0.8,5
127,All,15,5,3,3,1.0,5
127,All,15,5,3,4,1.0,5
127,All,15,5,3,5,1.0,5
127,All,15,5,3,6,0.8,5
127,All,15,5,3,7,0.8,5
127,All,15,5,3,8,1.0,5
127,All,15,5,3,9,1.0,5
127,All,16,6,3,1,0.3333333333333333,6
127,All,16,6,3,2,0.6666666666666666,6
127,All,16,6,3,3,1.0,6
127,All,16,6,3,4,0.8333333333333334,6
127,All,16,6,3,5,1.0,6
127,All,16,6,3,6,1.0,6
127,All,16,6,3,7,0.6666666666666666,6
127,All,16,6,3,8,1.0,6
127,All,16,6,3,9,1.0,6
127,All,17,2,3,1,0.5,2
127,All,17,2,3,2,0.5,2
127,All,17,2,3,3,0.5,2
127,All,17,2,3,4,1.0,2
127,All,17,2,3,5,1.0,2
127,All,17,2,3,6,1.0,2
127,All,17,2,3,7,1.0,2
127,All,17,2,3,8,1.0,2
127,All,17,2,3,9,1.0,2
127,All,18,2,4,1,1.0,2
127,All,18,2,4,2,1.0,2
127,All,18,2,4,3,1.0,2
127,All,18,2,4,4,1.0,2
127,All,18,2,4,5,1.0,2
127,All,18,2,4,6,1.0,2
127,All,18,2,4,7,1.0,2
127,All,18,2,4,8,1.0,2
127,All,18,2,4,9,1.0,2
128,All,1,2,1,1,0.0,2
128,All,1,2,1,2,0.5,2
128,All,1,2,1,3,1.0,2
128,All,1,2,1,4,1.0,2
128,All,1,2,1,5,1.0,2
128,All,1,2,1,6,1.0,2
128,All,1,2,1,7,0.5,2
128,All,1,2,1,8,1.0,2
128,All,1,2,1,9,1.0,2
128,All,2,3,1,1,0.0,3
128,All,2,3,1,2,0.0,3
128,All,2,3,1,3,0.3333333333333333,3
128,All,2,3,1,4,0.6666666666666666,3
128,All,2,3,1,5,0.6666666666666666,3
128,All,2,3,1,6,0.0,2
128,All,2,3,1,7,0.3333333333333333,3
128,All,2,3,1,8,1.0,3
128,All,2,3,1,9,1.0,3
128,All,3,6,1,1,0.25,4
128,All,3,6,1,2,0.3333333333333333,6
128,All,3,6,1,3,0.3333333333333333,6
128,All,3,6,1,4,0.5,6
128,All,3,6,1,5,0.5,6
128,All,3,6,1,6,0.16666666666666666,6
128,All,3,6,1,7,0.3333333333333333,6
128,All,3,6,1,8,1.0,6
128,All,3,6,1,9,0.5,6
128,All,4,4,1,1,0.0,3
128,All,4,4,1,2,0.5,4
128,All,4,4,1,3,0.25,4
128,All,4,4,1,4,0.5,4
128,All,4,4,1,5,0.5,4
128,All,4,4,1,6,0.75,4
128,All,4,4,1,7,0.75,4
128,All,4,4,1,8,0.5,4
128,All,4,4,1,9,1.0,4
128,All,5,2,2,1,0.0,2
128,All,5,2,2,2,1.0,2
128,All,5,2,2,3,0.5,2
128,All,5,2,2,4,1.0,2
128,All,5,2,2,5,1.0,2
128,All,5,2,2,6,1.0,2
128,All,5,2,2,7,0.5,2
128,All,5,2,2,8,1.0,2
128,All,5,2,2,9,1.0,2
128,All,6,5,1,1,0.5,4
128,All,6,5,1,2,0.6,5
128,All,6,5,1,3,0.4,5
128,All,6,5,1,4,0.6,5
128,All,6,5,1,5,0.8,5
128,All,6,5,1,6,0.8,5
128,All,6,5,1,7,0.6,5
128,All,6,5,1,8,0.2,5
128,All,6,5,1,9,0.6,5
128,All,7,3,2,1,0.3333333333333333,3
128,All,7,3,2,2,0.0,3
128,All,7,3,2,3,0.6666666666666666,3
128,All,7,3,2,4,0.0,3
128,All,7,3,2,5,0.0,2
128,All,7,3,2,6,0.3333333333333333,3
128,All,7,3,2,7,0.6666666666666666,3
128,All,7,3,2,8,0.0,3
128,All,7,3,2,9,0.6666666666666666,3
128,All,8,4,2,1,0.3333333333333333,3
128,All,8,4,2,2,0.25,4
128,All,8,4,2,3,0.0,4
128,All,8,4,2,4,0.75,4
128,All,8,4,2,5,0.5,4
128,All,8,4,2,6,0.5,4
128,All,8,4,2,7,0.5,4
128,All,8,4,2,8,0.0,4
128,All,8,4,2,9,0.3333333333333333,3
128,All,9,5,2,1,0.2,5
128,All,9,5,2,2,0.5,4
128,All,9,5,2,3,0.5,4
128,All,9,5,2,4,1.0,5
128,All,9,5,2,5,0.2,5
128,All,9,5,2,6,0.6,5
128,All,9,5,2,7,0.6,5
128,All,9,5,2,8,0.4,5
128,All,9,5,2,9,0.2,5
128,All,10,4,3,1,0.25,4
128,All,10,4,3,2,1.0,4
128,All,10,4,3,3,0.75,4
128,All,10,4,3,4,0.75,4
128,All,10,4,3,5,1.0,4
128,All,10,4,3,6,0.75,4
128,All,10,4,3,7,0.75,4
128,All,10,4,3,8,0.75,4
128,All,10,4,3,9,0.75,4
128,All,11,6,2,1,0.6,5
128,All,11,6,2,2,0.16666666666666666,6
128,All,11,6,2,3,0.6666666666666666,6
128,All,11,6,2,4,0.3333333333333333,6
128,All,11,6,2,5,1.0,6
128,All,11,6,2,6,0.6666666666666666,6
128,All,11,6,2,7,0.6666666666666666,6
128,All,11,6,2,8,0.6666666666666666,6
128,All,11,6,2,9,0.8333333333333334,6
128,All,12,4,4,1,0.5,4
128,All,12,4,4,2,0.75,4
128,All,12,4,4,3,0.75,4
128,All,12,4,4,4,0.75,4
128,All,12,4,4,5,0.75,4
128,All,12,4,4,6,1.0,4
128,All,12,4,4,7,0.75,4
128,All,12,4,4,8,0.75,4
128,All,12,4,4,9,0.75,4
128,All,13,3,3,1,0.3333333333333333,3
128,All,13,3,3,2,0.3333333333333333,3
128,All,13,3,3,3,0.6666666666666666,3
128,All,13,3,3,4,1.0,3
128,All,13,3,3,5,1.0,3
128,All,13,3,3,6,0.6666666666666666,3
128,All,13,3,3,7,1.0,3
128,All,13,3,3,8,0.6666666666666666,3
128,All,13,3,3,9,1.0,3
128,All,14,3,4,1,0.0,3
128,All,14,3,4,2,0.6666666666666666,3
128,All,14,3,4,3,1.0,2
128,All,14,3,4,4,0.6666666666666666,3
128,All,14,3,4,5,1.0,3
128,All,14,3,4,6,1.0,3
128,All,14,3,4,7,1.0,3
128,All,14,3,4,8,0.6666666666666666,3
128,All,14,3,4,9,1.0,3
128,All,15,5,3,1,0.4,5
128,All,15,5,3,2,0.6,5
128,All,15,5,3,3,1.0,5
128,All,15,5,3,4,0.6,5
128,All,15,5,3,5,0.8,5
128,All,15,5,3,6,1.0,5
128,All,15,5,3,7,0.75,4
128,All,15,5,3,8,1.0,5
128,All,15,5,3,9,1.0,5
128,All,16,6,3,1,0.4,5
128,All,16,6,3,2,0.6,5
128,All,16,6,3,3,0.8333333333333334,6
128,All,16,6,3,4,0.8333333333333334,6
128,All,16,6,3,5,0.6666666666666666,6
128,All,16,6,3,6,0.8333333333333334,6
128,All,16,6,3,7,0.6666666666666666,6
128,All,16,6,3,8,0.8333333333333334,6
128,All,16,6,3,9,1.0,5
128,All,17,2,3,1,0.0,1
128,All,17,2,3,2,0.5,2
128,All,17,2,3,3,1.0,2
128,All,17,2,3,4,1.0,2
128,All,17,2,3,5,1.0,2
128,All,17,2,3,6,1.0,2
128,All,17,2,3,7,1.0,2
128,All,17,2,3,8,1.0,2
128,All,17,2,3,9,1.0,2
128,All,18,2,4,1,0.5,2
128,All,18,2,4,2,1.0,2
128,All,18,2,4,3,1.0,2
128,All,18,2,4,4,1.0,2
128,All,18,2,4,5,1.0,2
128,All,18,2,4,6,0.5,2
128,All,18,2,4,7,1.0,2
128,All,18,2,4,8,1.0,2
128,All,18,2,4,9,1.0,2
129,All,1,2,1,1,0.0,2
129,All,1,2,1,2,1.0,2
129,All,1,2,1,3,1.0,2
129,All,1,2,1,4,1.0,2
129,All,1,2,1,5,1.0,2
129,All,1,2,1,6,1.0,2
129,All,1,2,1,7,1.0,2
129,All,1,2,1,8,1.0,2
129,All,1,2,1,9,1.0,2
129,All,2,3,1,1,0.6666666666666666,3
129,All,2,3,1,2,0.3333333333333333,3
129,All,2,3,1,3,0.6666666666666666,3
129,All,2,3,1,4,1.0,3
129,All,2,3,1,5,1.0,3
129,All,2,3,1,6,1.0,3
129,All,2,3,1,7,1.0,3
129,All,2,3,1,8,1.0,3
129,All,2,3,1,9,1.0,3
129,All,3,6,1,1,0.16666666666666666,6
129,All,3,6,1,2,0.3333333333333333,6
129,All,3,6,1,3,0.4,5
129,All,3,6,1,4,0.16666666666666666,6
129,All,3,6,1,5,0.5,6
129,All,3,6,1,6,0.3333333333333333,6
129,All,3,6,1,7,0.6,5
129,All,3,6,1,8,0.3333333333333333,6
129,All,3,6,1,9,0.3333333333333333,6
129,All,4,4,1,1,0.25,4
129,All,4,4,1,2,0.25,4
129,All,4,4,1,3,0.25,4
129,All,4,4,1,4,0.3333333333333333,3
129,All,4,4,1,5,0.75,4
129,All,4,4,1,6,0.75,4
129,All,4,4,1,7,1.0,4
129,All,4,4,1,8,1.0,4
129,All,4,4,1,9,1.0,4
129,All,5,2,2,1,1.0,2
129,All,5,2,2,2,1.0,2
129,All,5,2,2,3,1.0,2
129,All,5,2,2,4,1.0,2
129,All,5,2,2,5,1.0,2
129,All,5,2,2,6,1.0,2
129,All,5,2,2,7,1.0,2
129,All,5,2,2,8,1.0,2
129,All,5,2,2,9,1.0,2
129,All,6,5,1,1,0.2,5
129,All,6,5,1,2,0.6,5
129,All,6,5,1,3,0.8,5
129,All,6,5,1,4,0.8,5
129,All,6,5,1,5,1.0,5
129,All,6,5,1,6,1.0,5
129,All,6,5,1,7,1.0,5
129,All,6,5,1,8,1.0,5
129,All,6,5,1,9,1.0,5
129,All,7,3,2,1,0.6666666666666666,3
129,All,7,3,2,2,0.6666666666666666,3
129,All,7,3,2,3,1.0,3
129,All,7,3,2,4,1.0,3
129,All,7,3,2,5,1.0,3
129,All,7,3,2,6,1.0,3
129,All,7,3,2,7,1.0,3
129,All,7,3,2,8,1.0,3
129,All,7,3,2,9,1.0,3
129,All,8,4,2,1,0.0,4
129,All,8,4,2,2,0.5,4
129,All,8,4,2,3,0.25,4
129,All,8,4,2,4,0.5,4
129,All,8,4,2,5,1.0,4
129,All,8,4,2,6,1.0,4
129,All,8,4,2,7,1.0,4
129,All,8,4,2,8,1.0,4
129,All,8,4,2,9,0.75,4
129,All,9,5,2,1,0.2,5
129,All,9,5,2,2,0.6,5
129,All,9,5,2,3,0.8,5
129,All,9,5,2,4,0.6,5
129,All,9,5,2,5,0.8,5
129,All,9,5,2,6,0.8,5
129,All,9,5,2,7,0.8,5
129,All,9,5,2,8,1.0,5
129,All,9,5,2,9,1.0,5
129,All,10,4,3,1,0.25,4
129,All,10,4,3,2,0.5,4
129,All,10,4,3,3,0.75,4
129,All,10,4,3,4,1.0,4
129,All,10,4,3,5,1.0,4
129,All,10,4,3,6,1.0,4
129,All,10,4,3,7,1.0,4
129,All,10,4,3,8,1.0,4
129,All,10,4,3,9,1.0,4
129,All,11,6,2,1,0.6666666666666666,6
129,All,11,6,2,2,0.8333333333333334,6
129,All,11,6,2,3,1.0,6
129,All,11,6,2,4,1.0,6
129,All,11,6,2,5,1.0,6
129,All,11,6,2,6,0.8333333333333334,6
129,All,11,6,2,7,1.0,6
129,All,11,6,2,8,1.0,6
129,All,11,6,2,9,1.0,6
129,All,12,4,4,1,0.25,4
129,All,12,4,4,2,0.75,4
129,All,12,4,4,3,1.0,4
129,All,12,4,4,4,1.0,4
129,All,12,4,4,5,1.0,4
129,All,12,4,4,6,0.75,4
129,All,12,4,4,7,1.0,4
129,All,12,4,4,8,1.0,4
129,All,12,4,4,9,1.0,4
129,All,13,3,3,1,0.0,3
129,All,13,3,3,2,0.3333333333333333,3
129,All,13,3,3,3,0.6666666666666666,3
129,All,13,3,3,4,1.0,3
129,All,13,3,3,5,1.0,3
129,All,13,3,3,6,1.0,3
129,All,13,3,3,7,0.6666666666666666,3
129,All,13,3,3,8,1.0,3
129,All,13,3,3,9,1.0,3
129,All,14,3,4,1,0.6666666666666666,3
129,All,14,3,4,2,0.6666666666666666,3
129,All,14,3,4,3,1.0,3
129,All,14,3,4,4,1.0,3
129,All,14,3,4,5,1.0,3
129,All,14,3,4,6,1.0,3
129,All,14,3,4,7,1.0,3
129,All,14,3,4,8,1.0,3
129,All,14,3,4,9,1.0,3
129,All,15,5,3,1,0.0,5
129,All,15,5,3,2,0.4,5
129,All,15,5,3,3,0.6,5
129,All,15,5,3,4,0.6,5
129,All,15,5,3,5,0.6,5
129,All,15,5,3,6,0.8,5
129,All,15,5,3,7,0.8,5
129,All,15,5,3,8,1.0,5
129,All,15,5,3,9,1.0,5
129,All,16,6,3,1,0.6666666666666666,6
129,All,16,6,3,2,0.6666666666666666,6
129,All,16,6,3,3,1.0,6
129,All,16,6,3,4,1.0,6
129,All,16,6,3,5,0.8333333333333334,6
129,All,16,6,3,6,1.0,6
129,All,16,6,3,7,1.0,5
129,All,16,6,3,8,1.0,6
129,All,16,6,3,9,1.0,6
129,All,17,2,3,1,1.0,2
129,All,17,2,3,2,1.0,2
129,All,17,2,3,3,1.0,2
129,All,17,2,3,4,1.0,2
129,All,17,2,3,5,1.0,2
129,All,17,2,3,6,1.0,2
129,All,17,2,3,7,1.0,2
129,All,17,2,3,8,1.0,2
129,All,17,2,3,9,1.0,2
129,All,18,2,4,1,0.0,2
129,All,18,2,4,2,0.5,2
129,All,18,2,4,3,1.0,2
129,All,18,2,4,4,0.5,2
129,All,18,2,4,5,1.0,2
129,All,18,2,4,6,1.0,2
129,All,18,2,4,7,1.0,2
129,All,18,2,4,8,1.0,2
129,All,18,2,4,9,1.0,2
130,All,1,2,1,1,0.0,2
130,All,1,2,1,2,0.0,2
130,All,1,2,1,3,0.5,2
130,All,1,2,1,4,1.0,2
130,All,1,2,1,5,1.0,2
130,All,1,2,1,6,1.0,2
130,All,1,2,1,7,1.0,2
130,All,1,2,1,8,1.0,2
130,All,1,2,1,9,1.0,2
130,All,2,3,1,1,0.6666666666666666,3
130,All,2,3,1,2,0.6666666666666666,3
130,All,2,3,1,3,1.0,3
130,All,2,3,1,4,1.0,3
130,All,2,3,1,5,1.0,3
130,All,2,3,1,6,1.0,3
130,All,2,3,1,7,1.0,3
130,All,2,3,1,8,1.0,3
130,All,2,3,1,9,1.0,3
130,All,3,6,1,1,0.16666666666666666,6
130,All,3,6,1,2,0.6,5
130,All,3,6,1,3,0.8,5
130,All,3,6,1,4,0.8333333333333334,6
130,All,3,6,1,5,0.8333333333333334,6
130,All,3,6,1,6,0.6666666666666666,6
130,All,3,6,1,7,0.8333333333333334,6
130,All,3,6,1,8,0.8333333333333334,6
130,All,3,6,1,9,1.0,6
130,All,4,4,1,1,0.25,4
130,All,4,4,1,2,0.5,4
130,All,4,4,1,3,0.75,4
130,All,4,4,1,4,1.0,4
130,All,4,4,1,5,1.0,4
130,All,4,4,1,6,1.0,4
130,All,4,4,1,7,1.0,4
130,All,4,4,1,8,1.0,4
130,All,4,4,1,9,1.0,4
130,All,5,2,2,1,1.0,2
130,All,5,2,2,2,1.0,2
130,All,5,2,2,3,1.0,2
130,All,5,2,2,4,1.0,2
130,All,5,2,2,5,1.0,2
130,All,5,2,2,6,1.0,2
130,All,5,2,2,7,1.0,2
130,All,5,2,2,8,1.0,2
130,All,5,2,2,9,1.0,2
130,All,6,5,1,1,0.2,5
130,All,6,5,1,2,0.2,5
130,All,6,5,1,3,0.2,5
130,All,6,5,1,4,0.4,5
130,All,6,5,1,5,0.4,5
130,All,6,5,1,6,0.4,5
130,All,6,5,1,7,1.0,5
130,All,6,5,1,8,1.0,5
130,All,6,5,1,9,1.0,5
130,All,7,3,2,1,0.3333333333333333,3
130,All,7,3,2,2,0.6666666666666666,3
130,All,7,3,2,3,0.6666666666666666,3
130,All,7,3,2,4,0.6666666666666666,3
130,All,7,3,2,5,1.0,3
130,All,7,3,2,6,1.0,3
130,All,7,3,2,7,0.6666666666666666,3
130,All,7,3,2,8,1.0,3
130,All,7,3,2,9,1.0,3
130,All,8,4,2,1,0.25,4
130,All,8,4,2,2,0.0,4
130,All,8,4,2,3,0.25,4
130,All,8,4,2,4,0.75,4
130,All,8,4,2,5,0.75,4
130,All,8,4,2,6,0.75,4
130,All,8,4,2,7,1.0,4
130,All,8,4,2,8,1.0,4
130,All,8,4,2,9,1.0,4
130,All,9,5,2,1,0.0,5
130,All,9,5,2,2,0.2,5
130,All,9,5,2,3,0.6,5
130,All,9,5,2,4,0.4,5
130,All,9,5,2,5,0.6,5
130,All,9,5,2,6,0.8,5
130,All,9,5,2,7,1.0,5
130,All,9,5,2,8,1.0,5
130,All,9,5,2,9,1.0,5
130,All,10,4,3,1,0.5,4
130,All,10,4,3,2,0.75,4
130,All,10,4,3,3,0.75,4
130,All,10,4,3,4,1.0,4
130,All,10,4,3,5,1.0,4
130,All,10,4,3,6,1.0,4
130,All,10,4,3,7,1.0,4
130,All,10,4,3,8,1.0,4
130,All,10,4,3,9,0.75,4
130,All,11,6,2,1,0.5,6
130,All,11,6,2,2,0.6666666666666666,6
130,All,11,6,2,3,0.8333333333333334,6
130,All,11,6,2,4,0.8333333333333334,6
130,All,11,6,2,5,0.8333333333333334,6
130,All,11,6,2,6,1.0,6
130,All,11,6,2,7,1.0,6
130,All,11,6,2,8,1.0,6
130,All,11,6,2,9,1.0,6
130,All,12,4,4,1,0.25,4
130,All,12,4,4,2,0.75,4
130,All,12,4,4,3,1.0,4
130,All,12,4,4,4,1.0,4
130,All,12,4,4,5,1.0,4
130,All,12,4,4,6,1.0,4
130,All,12,4,4,7,1.0,4
130,All,12,4,4,8,1.0,4
130,All,12,4,4,9,1.0,4
130,All,13,3,3,1,0.0,3
130,All,13,3,3,2,0.6666666666666666,3
130,All,13,3,3,3,1.0,3
130,All,13,3,3,4,1.0,3
130,All,13,3,3,5,1.0,3
130,All,13,3,3,6,1.0,3
130,All,13,3,3,7,1.0,3
130,All,13,3,3,8,1.0,3
130,All,13,3,3,9,1.0,3
130,All,14,3,4,1,0.0,3
130,All,14,3,4,2,0.3333333333333333,3
130,All,14,3,4,3,1.0,3
130,All,14,3,4,4,1.0,3
130,All,14,3,4,5,1.0,3
130,All,14,3,4,6,1.0,3
130,All,14,3,4,7,1.0,3
130,All,14,3,4,8,1.0,3
130,All,14,3,4,9,1.0,3
130,All,15,5,3,1,0.6,5
130,All,15,5,3,2,0.8,5
130,All,15,5,3,3,1.0,4
130,All,15,5,3,4,1.0,5
130,All,15,5,3,5,1.0,5
130,All,15,5,3,6,1.0,5
130,All,15,5,3,7,1.0,5
130,All,15,5,3,8,1.0,5
130,All,15,5,3,9,1.0,5
130,All,16,6,3,1,0.5,6
130,All,16,6,3,2,0.6666666666666666,6
130,All,16,6,3,3,0.6666666666666666,6
130,All,16,6,3,4,0.8333333333333334,6
130,All,16,6,3,5,0.8333333333333334,6
130,All,16,6,3,6,0.8333333333333334,6
130,All,16,6,3,7,1.0,6
130,All,16,6,3,8,1.0,6
130,All,16,6,3,9,1.0,6
130,All,17,2,3,1,1.0,2
130,All,17,2,3,2,1.0,2
130,All,17,2,3,3,0.5,2
130,All,17,2,3,4,1.0,2
130,All,17,2,3,5,1.0,2
130,All,17,2,3,6,1.0,2
130,All,17,2,3,7,1.0,2
130,All,17,2,3,8,1.0,2
130,All,17,2,3,9,1.0,2
130,All,18,2,4,1,0.0,2
130,All,18,2,4,2,1.0,2
130,All,18,2,4,3,1.0,2
130,All,18,2,4,4,1.0,2
130,All,18,2,4,5,1.0,2
130,All,18,2,4,6,1.0,2
130,All,18,2,4,7,1.0,2
130,All,18,2,4,8,1.0,2
130,All,18,2,4,9,1.0,2
