subject,block,set_size,group,block_order,set_size_exposure,accuracy_iter1_9,n_trials_iter1_9,iteration2_accuracy,n_iteration2,positive_retention,n_positive,negative_avoidance,n_negative,correct_after_error,n_correct_after_error,mean_chosen_error,mean_unchosen_error,error_avoidance_D,n_error_trials
11,1,2,Kids,1,1,0.6,15,0.0,2,,0,1.0,1,0.0,1,0.4,1.0,0.6,5.0
11,2,3,Kids,2,1,0.5,26,0.6666666666666666,3,1.0,1,0.5,2,0.5,2,1.9090909090909092,0.6363636363636364,-1.2727272727272727,11.0
11,3,4,Kids,3,1,0.5555555555555556,36,1.0,4,1.0,2,1.0,2,1.0,2,1.7777777777777777,1.9444444444444444,0.16666666666666666,18.0
11,4,5,Kids,4,1,0.5121951219512195,41,0.4,5,1.0,1,0.6666666666666666,3,0.3333333333333333,3,1.1176470588235294,1.2941176470588236,0.17647058823529413,17.0
11,5,3,Kids,5,2,0.7037037037037037,27,1.0,3,1.0,1,1.0,2,1.0,2,1.4285714285714286,0.0,-1.4285714285714286,7.0
11,6,5,Kids,6,2,0.7317073170731707,41,0.8,5,1.0,3,0.5,2,0.5,2,1.6428571428571428,1.8571428571428572,0.21428571428571427,14.0
11,7,2,Kids,7,2,0.7777777777777778,18,0.0,2,,0,1.0,2,0.0,2,0.0,1.0,1.0,2.0
11,8,3,Kids,8,3,0.7037037037037037,27,0.3333333333333333,3,,0,0.3333333333333333,3,0.3333333333333333,3,1.1428571428571428,1.1428571428571428,0.0,7.0
11,9,4,Kids,9,2,0.7352941176470589,34,1.0,4,1.0,1,1.0,3,1.0,3,0.7142857142857143,1.0,0.2857142857142857,7.0
11,10,5,Kids,10,3,0.5952380952380952,42,0.25,4,0.0,2,1.0,2,0.5,2,1.25,1.0,-0.25,16.0
13,1,2,Kids,1,1,1.0,17,1.0,2,1.0,1,,0,,0,,,,
13,2,3,Kids,2,1,0.8461538461538461,26,0.5,2,0.5,2,,0,,0,0.3333333333333333,0.6666666666666666,0.3333333333333333,3.0
13,3,5,Kids,3,1,0.5909090909090909,44,0.8,5,1.0,1,1.0,3,0.6666666666666666,3,2.5833333333333335,2.0833333333333335,-0.5,24.0
13,4,4,Kids,4,1,0.6571428571428571,35,0.3333333333333333,3,,0,0.3333333333333333,3,0.3333333333333333,3,0.8,1.1,0.3,10.0
13,5,3,Kids,5,2,0.5,26,0.3333333333333333,3,,0,1.0,2,0.5,2,1.4166666666666667,1.1666666666666667,-0.25,12.0
13,6,5,Kids,6,2,0.6976744186046512,43,0.2,5,0.3333333333333333,3,0.5,2,0.0,2,0.9333333333333333,1.2,0.26666666666666666,15.0
13,7,2,Kids,7,2,0.8235294117647058,17,0.5,2,1.0,1,,0,,0,0.25,0.5,0.25,4.0
13,8,3,Kids,8,3,0.8518518518518519,27,0.3333333333333333,3,0.0,1,0.5,2,0.5,2,0.3333333333333333,0.6666666666666666,0.3333333333333333,3.0
13,9,5,Kids,9,3,0.6222222222222222,45,0.4,5,0.5,2,1.0,3,0.3333333333333333,3,1.4210526315789473,1.5263157894736843,0.10526315789473684,19.0
13,10,4,Kids,10,2,0.7575757575757576,33,0.6666666666666666,3,0.0,1,1.0,1,1.0,1,0.8571428571428571,0.5714285714285714,-0.2857142857142857,7.0
16,1,2,Kids,1,1,0.8888888888888888,18,0.5,2,0.0,1,1.0,1,1.0,1,0.0,0.0,0.0,1.0
16,2,3,Kids,2,1,0.5925925925925926,27,0.3333333333333333,3,1.0,1,1.0,2,0.0,2,1.3,1.7,0.4,10.0
16,3,4,Kids,3,1,0.5277777777777778,36,0.5,4,0.5,2,0.5,2,0.5,2,1.1333333333333333,1.6666666666666667,0.5333333333333333,15.0
16,4,5,Kids,4,1,0.7111111111111111,45,0.6,5,1.0,2,0.3333333333333333,3,0.3333333333333333,3,2.1538461538461537,1.7692307692307692,-0.38461538461538464,13.0
16,5,3,Kids,5,2,0.8888888888888888,27,0.6666666666666666,3,1.0,1,0.5,2,0.5,2,1.0,0.0,-1.0,1.0
16,6,5,Kids,6,2,0.8444444444444444,45,0.6,5,1.0,3,0.0,2,0.0,2,0.6,0.0,-0.6,5.0
16,7,2,Kids,7,2,0.9444444444444444,18,1.0,2,1.0,1,1.0,1,1.0,1,0.0,0.0,0.0,1.0
16,8,3,Kids,8,3,0.7777777777777778,27,0.3333333333333333,3,1.0,1,0.5,2,0.0,2,0.5,1.25,0.75,4.0
16,9,4,Kids,9,2,0.8611111111111112,36,1.0,4,1.0,1,1.0,3,1.0,3,0.5,1.0,0.5,2.0
16,10,5,Kids,10,3,0.7111111111111111,45,0.6,5,1.0,1,1.0,4,0.5,4,0.7,1.3,0.6,10.0
17,1,2,Kids,1,1,0.8888888888888888,18,1.0,2,1.0,1,1.0,1,1.0,1,0.0,0.0,0.0,1.0
17,2,3,Kids,2,1,0.9230769230769231,26,0.6666666666666666,3,1.0,1,1.0,1,1.0,1,0.0,0.0,0.0,1.0
17,3,4,Kids,3,1,0.9444444444444444,36,1.0,4,1.0,2,1.0,2,1.0,2,,,,
17,4,5,Kids,4,1,0.6136363636363636,44,0.4,5,0.5,2,0.3333333333333333,3,0.3333333333333333,3,2.0555555555555554,1.6111111111111112,-0.4444444444444444,18.0
17,5,3,Kids,5,2,0.7407407407407407,27,0.3333333333333333,3,,0,1.0,3,0.3333333333333333,3,0.8,0.6,-0.2,5.0
17,6,5,Kids,6,2,0.7333333333333333,45,0.2,5,1.0,1,0.5,4,0.0,4,0.7777777777777778,0.8888888888888888,0.1111111111111111,9.0
17,7,2,Kids,7,2,0.8333333333333334,18,0.5,2,,0,0.5,2,0.5,2,1.0,0.0,-1.0,1.0
17,8,3,Kids,8,3,0.8888888888888888,27,1.0,3,1.0,1,1.0,2,1.0,2,0.0,0.0,0.0,1.0
17,9,4,Kids,9,2,0.75,36,0.5,4,0.0,1,1.0,3,0.6666666666666666,3,0.625,1.0,0.375,8.0
17,10,5,Kids,10,3,0.8444444444444444,45,0.6,5,0.6666666666666666,3,1.0,2,0.5,2,0.8,0.6,-0.2,5.0
18,1,2,Kids,1,1,1.0,18,1.0,2,1.0,2,,0,,0,,,,
18,2,4,Kids,2,1,0.8333333333333334,36,0.5,4,1.0,2,1.0,2,0.0,2,0.8,1.0,0.2,5.0
18,3,3,Kids,3,1,0.7407407407407407,27,0.6666666666666666,3,,0,1.0,3,0.6666666666666666,3,0.5,1.25,0.75,4.0
18,4,5,Kids,4,1,0.7777777777777778,45,0.6,5,0.6666666666666666,3,1.0,2,0.5,2,1.125,0.875,-0.25,8.0
18,5,3,Kids,5,2,0.9259259259259259,27,1.0,3,1.0,2,1.0,1,1.0,1,0.5,1.0,0.5,2.0
18,6,5,Kids,6,2,0.6666666666666666,45,0.4,5,1.0,1,1.0,4,0.25,4,1.0909090909090908,1.0,-0.09090909090909091,11.0
18,7,2,Kids,7,2,0.8333333333333334,18,1.0,2,1.0,1,1.0,1,1.0,1,0.6666666666666666,0.0,-0.6666666666666666,3.0
18,8,4,Kids,8,2,0.9166666666666666,36,0.75,4,1.0,2,1.0,2,0.5,2,0.0,1.0,1.0,1.0
18,9,3,Kids,9,3,0.9259259259259259,27,1.0,3,1.0,1,1.0,2,1.0,2,,,,
18,10,5,Kids,10,3,0.9333333333333333,45,1.0,5,1.0,2,1.0,3,1.0,3,0.5,0.0,-0.5,2.0
19,1,2,Kids,1,1,1.0,18,1.0,2,1.0,2,,0,,0,,,,
19,2,3,Kids,2,1,0.7037037037037037,27,0.6666666666666666,3,,0,1.0,3,0.6666666666666666,3,0.8,1.4,0.6,5.0
19,3,4,Kids,3,1,0.8611111111111112,36,0.5,4,1.0,1,1.0,3,0.3333333333333333,3,0.0,1.0,1.0,2.0
19,4,5,Kids,4,1,0.7111111111111111,45,0.4,5,1.0,2,0.3333333333333333,3,0.0,3,1.0833333333333333,1.6666666666666667,0.5833333333333334,12.0
19,5,3,Kids,5,2,0.8518518518518519,27,0.6666666666666666,3,1.0,1,1.0,2,0.5,2,0.3333333333333333,1.0,0.6666666666666666,3.0
19,6,5,Kids,6,2,0.6666666666666666,45,0.6,5,,0,1.0,5,0.6,5,0.8,0.9,0.1,10.0
19,7,2,Kids,7,2,1.0,18,1.0,2,1.0,2,,0,,0,,,,
19,8,3,Kids,8,3,0.9259259259259259,27,1.0,3,1.0,1,1.0,2,1.0,2,,,,
19,9,4,Kids,9,2,0.8333333333333334,36,0.5,4,1.0,1,1.0,3,0.3333333333333333,3,0.0,1.0,1.0,3.0
19,10,5,Kids,10,3,0.6666666666666666,45,0.4,5,0.5,2,1.0,3,0.3333333333333333,3,1.1666666666666667,0.8333333333333334,-0.3333333333333333,12.0
20,1,2,Teens,1,1,0.6666666666666666,18,0.0,2,,0,1.0,2,0.0,2,0.5,1.25,0.75,4.0
20,2,3,Teens,2,1,0.8148148148148148,27,0.6666666666666666,3,1.0,1,1.0,2,0.5,2,1.0,1.0,0.0,3.0
20,3,4,Teens,3,1,0.7777777777777778,36,0.5,4,1.0,2,0.5,2,0.0,2,0.6666666666666666,0.8333333333333334,0.16666666666666666,6.0
20,4,5,Teens,4,1,0.8666666666666667,45,0.8,5,1.0,2,1.0,3,0.6666666666666666,3,0.6666666666666666,1.3333333333333333,0.6666666666666666,3.0
20,5,3,Teens,5,2,0.5925925925925926,27,0.0,3,,0,0.6666666666666666,3,0.0,3,1.25,1.625,0.375,8.0
20,6,5,Teens,6,2,0.8,45,0.6,5,,0,1.0,5,0.6,5,0.5,0.75,0.25,4.0
20,7,2,Teens,7,2,0.8333333333333334,18,0.5,2,,0,1.0,2,0.5,2,0.0,1.0,1.0,1.0
20,8,3,Teens,8,3,0.9259259259259259,27,0.6666666666666666,3,1.0,2,1.0,1,0.0,1,0.0,1.0,1.0,1.0
20,9,4,Teens,9,2,0.7222222222222222,36,0.25,4,,0,0.25,4,0.25,4,1.3333333333333333,0.6666666666666666,-0.6666666666666666,6.0
20,10,5,Teens,10,3,0.9111111111111111,45,0.8,5,1.0,3,1.0,2,0.5,2,0.5,1.0,0.5,2.0
22,1,2,Teens,1,1,0.7777777777777778,18,1.0,2,1.0,1,1.0,1,1.0,1,0.6666666666666666,0.0,-0.6666666666666666,3.0
22,2,3,Teens,2,1,0.8148148148148148,27,0.3333333333333333,3,,0,1.0,3,0.3333333333333333,3,0.0,1.0,1.0,2.0
22,3,5,Teens,3,1,0.5555555555555556,45,0.2,5,0.5,2,0.6666666666666666,3,0.0,3,1.9047619047619047,1.5714285714285714,-0.3333333333333333,21.0
22,4,4,Teens,4,1,0.7777777777777778,36,0.5,4,1.0,1,1.0,3,0.3333333333333333,3,1.0,1.0,0.0,6.0
22,5,3,Teens,5,2,0.8148148148148148,27,1.0,3,1.0,1,1.0,2,1.0,2,0.3333333333333333,0.3333333333333333,0.0,3.0
22,6,5,Teens,6,2,0.8,45,0.6,5,1.0,2,0.3333333333333333,3,0.3333333333333333,3,1.3333333333333333,1.3333333333333333,0.0,6.0
22,7,2,Teens,7,2,0.8888888888888888,18,1.0,2,1.0,1,1.0,1,1.0,1,0.0,0.0,0.0,1.0
22,8,3,Teens,8,3,0.8518518518518519,27,0.6666666666666666,3,1.0,1,1.0,2,0.5,2,0.0,0.5,0.5,2.0
22,9,5,Teens,9,3,0.8666666666666667,45,0.8,5,1.0,2,0.6666666666666666,3,0.6666666666666666,3,1.0,0.3333333333333333,-0.6666666666666666,3.0
22,10,4,Teens,10,2,0.8055555555555556,36,0.75,4,1.0,1,1.0,3,0.6666666666666666,3,0.25,1.0,0.75,4.0
23,1,2,Kids,1,1,0.8333333333333334,18,1.0,2,,0,1.0,2,1.0,2,0.5,0.5,0.0,2.0
23,2,3,Kids,2,1,0.8518518518518519,27,0.6666666666666666,3,1.0,1,0.5,2,0.5,2,0.5,1.0,0.5,2.0
23,3,5,Kids,3,1,0.8888888888888888,45,0.8,5,1.0,2,1.0,3,0.6666666666666666,3,0.5,0.5,0.0,2.0
23,4,4,Kids,4,1,0.75,36,0.5,4,1.0,2,0.5,2,0.0,2,0.7142857142857143,1.1428571428571428,0.42857142857142855,7.0
23,5,3,Kids,5,2,0.7777777777777778,27,0.6666666666666666,3,1.0,1,1.0,2,0.5,2,0.25,0.75,0.5,4.0
23,6,5,Kids,6,2,0.8222222222222222,45,0.6,5,1.0,1,1.0,4,0.5,4,0.75,1.0,0.25,4.0
23,7,2,Kids,7,2,0.8333333333333334,18,0.5,2,1.0,1,1.0,1,0.0,1,0.5,1.0,0.5,2.0
23,8,3,Kids,8,3,0.8518518518518519,27,0.3333333333333333,3,0.0,1,1.0,2,0.5,2,0.0,0.5,0.5,2.0
23,9,5,Kids,9,3,0.7777777777777778,45,0.6,5,0.5,2,1.0,3,0.6666666666666666,3,0.2857142857142857,0.5714285714285714,0.2857142857142857,7.0
23,10,4,Kids,10,2,0.75,36,0.75,4,1.0,2,0.5,2,0.5,2,0.7142857142857143,1.1428571428571428,0.42857142857142855,7.0
24,1,2,Kids,1,1,0.8888888888888888,18,1.0,2,1.0,1,1.0,1,1.0,1,0.5,0.0,-0.5,2.0
24,2,3,Kids,2,1,0.8148148148148148,27,0.6666666666666666,3,,0,0.6666666666666666,3,0.6666666666666666,3,2.5,0.0,-2.5,4.0
24,3,5,Kids,3,1,0.8666666666666667,45,0.8,5,1.0,3,1.0,2,0.5,2,0.8,0.4,-0.4,5.0
24,4,4,Kids,4,1,0.75,36,0.5,4,1.0,1,1.0,3,0.3333333333333333,3,0.5,1.0,0.5,6.0
24,5,3,Kids,5,2,0.9629629629629629,27,1.0,3,1.0,2,1.0,1,1.0,1,0.0,0.0,0.0,1.0
24,6,5,Kids,6,2,0.8409090909090909,44,0.8,5,1.0,2,1.0,3,0.6666666666666666,3,0.5,0.25,-0.25,4.0
24,7,2,Kids,7,2,0.8333333333333334,18,0.5,2,1.0,1,0.0,1,0.0,1,1.5,0.0,-1.5,2.0
24,8,3,Kids,8,3,0.8076923076923077,26,0.3333333333333333,3,1.0,1,1.0,2,0.0,2,0.25,0.75,0.5,4.0
24,9,5,Kids,9,3,0.8444444444444444,45,0.4,5,0.5,2,1.0,3,0.3333333333333333,3,0.2,0.6,0.4,5.0
24,10,4,Kids,10,2,0.6666666666666666,36,0.5,4,1.0,1,0.3333333333333333,3,0.3333333333333333,3,0.9,1.2,0.3,10.0
25,1,2,Teens,1,1,0.8333333333333334,18,1.0,2,,0,1.0,2,1.0,2,1.0,0.0,-1.0,1.0
25,2,3,Teens,2,1,0.5925925925925926,27,0.3333333333333333,3,1.0,1,0.5,2,0.0,2,1.0,1.2,0.2,10.0
25,3,4,Teens,3,1,0.8055555555555556,36,1.0,4,,0,1.0,4,1.0,4,0.75,1.0,0.25,4.0
25,4,5,Teens,4,1,0.9111111111111111,45,1.0,5,1.0,3,1.0,2,1.0,2,0.0,0.5,0.5,2.0
25,5,3,Teens,5,2,0.9629629629629629,27,1.0,3,1.0,2,1.0,1,1.0,1,,,,
25,6,5,Teens,6,2,0.9111111111111111,45,1.0,5,1.0,1,1.0,4,1.0,4,,,,
25,7,2,Teens,7,2,0.8333333333333334,18,1.0,2,1.0,1,1.0,1,1.0,1,1.0,0.0,-1.0,3.0
25,8,3,Teens,8,3,0.8888888888888888,27,0.6666666666666666,3,1.0,1,1.0,2,0.5,2,0.0,1.0,1.0,1.0
25,9,4,Teens,9,2,0.8611111111111112,36,0.5,4,1.0,1,1.0,3,0.3333333333333333,3,0.0,1.0,1.0,2.0
25,10,5,Teens,10,3,0.6888888888888889,45,0.6,5,1.0,1,1.0,4,0.5,4,1.25,1.5,0.25,12.0
27,1,2,Kids,1,1,0.7222222222222222,18,1.0,2,,0,1.0,2,1.0,2,1.5,0.0,-1.5,4.0
27,2,3,Kids,2,1,0.5925925925925926,27,0.3333333333333333,3,1.0,1,0.5,2,0.0,2,1.6,1.4,-0.2,10.0
27,3,4,Kids,3,1,0.5555555555555556,36,0.25,4,1.0,1,1.0,3,0.0,3,1.0769230769230769,1.4615384615384615,0.38461538461538464,13.0
27,4,5,Kids,4,1,0.35555555555555557,45,0.2,5,0.5,2,0.6666666666666666,3,0.0,3,2.0294117647058822,1.8823529411764706,-0.14705882352941177,34.0
27,5,3,Kids,5,2,0.8518518518518519,27,1.0,3,1.0,1,1.0,2,1.0,2,0.5,0.5,0.0,2.0
27,6,5,Kids,6,2,0.8888888888888888,45,0.6,5,0.6666666666666666,3,0.5,2,0.5,2,0.75,0.75,0.0,4.0
27,7,2,Kids,7,2,0.6111111111111112,18,0.0,2,,0,1.0,2,0.0,2,0.6,1.2,0.6,5.0
27,8,3,Kids,8,3,0.8888888888888888,27,0.6666666666666666,3,1.0,1,1.0,2,0.5,2,0.0,1.0,1.0,1.0
27,9,4,Kids,9,2,0.6857142857142857,35,0.5,4,1.0,1,0.3333333333333333,3,0.3333333333333333,3,1.0,1.0909090909090908,0.09090909090909091,11.0
27,10,5,Kids,10,3,0.7333333333333333,45,0.6,5,1.0,1,1.0,4,0.5,4,0.75,1.0,0.25,8.0
29,1,2,Kids,1,1,0.7222222222222222,18,1.0,2,,0,1.0,2,1.0,2,1.0,0.3333333333333333,-0.6666666666666666,3.0
29,2,3,Kids,2,1,0.6296296296296297,27,0.6666666666666666,3,1.0,1,1.0,2,0.5,2,1.6,1.5,-0.1,10.0
29,3,4,Kids,3,1,0.6944444444444444,36,0.25,4,,0,0.5,4,0.25,4,0.5714285714285714,0.8571428571428571,0.2857142857142857,7.0
29,4,5,Kids,4,1,0.8888888888888888,45,1.0,5,1.0,4,1.0,1,1.0,1,0.8,0.0,-0.8,5.0
29,5,3,Kids,5,2,0.8518518518518519,27,0.6666666666666666,3,0.6666666666666666,3,,0,,0,0.16666666666666666,0.5,0.3333333333333333,6.0
29,6,5,Kids,6,2,0.5333333333333333,45,0.4,5,0.0,1,1.0,4,0.5,4,1.0,1.3157894736842106,0.3157894736842105,19.0
29,7,2,Kids,7,2,0.8333333333333334,18,0.5,2,,0,1.0,2,0.5,2,0.5,1.0,0.5,2.0
29,8,3,Kids,8,3,0.9629629629629629,27,1.0,3,1.0,2,1.0,1,1.0,1,,,,
29,9,4,Kids,9,2,0.9722222222222222,36,1.0,4,1.0,4,,0,,0,0.0,0.0,0.0,1.0
29,10,5,Kids,10,3,0.6444444444444445,45,0.4,5,1.0,2,0.6666666666666666,3,0.0,3,2.1666666666666665,1.5555555555555556,-0.6111111111111112,18.0
30,1,2,Teens,1,1,1.0,18,1.0,2,1.0,2,,0,,0,,,,
30,2,3,Teens,2,1,0.7037037037037037,27,0.0,3,0.0,2,1.0,1,0.0,1,0.5555555555555556,1.0,0.4444444444444444,9.0
30,3,4,Teens,3,1,0.5555555555555556,36,0.5,4,0.6666666666666666,3,0.0,1,0.0,1,1.1764705882352942,1.4705882352941178,0.29411764705882354,17.0
30,4,5,Teens,4,1,0.7777777777777778,45,0.6,5,1.0,1,1.0,4,0.5,4,0.5714285714285714,1.2857142857142858,0.7142857142857143,7.0
30,5,3,Teens,5,2,0.8888888888888888,27,0.6666666666666666,3,1.0,1,0.5,2,0.5,2,0.5,1.0,0.5,2.0
30,6,5,Teens,6,2,0.8,45,0.6,5,1.0,1,0.75,4,0.5,4,0.5,1.1666666666666667,0.6666666666666666,6.0
30,7,2,Teens,7,2,0.9444444444444444,18,1.0,2,1.0,1,1.0,1,1.0,1,,,,
30,8,3,Teens,8,3,0.9259259259259259,27,1.0,3,1.0,1,1.0,2,1.0,2,0.0,0.0,0.0,1.0
30,9,4,Teens,9,2,0.9444444444444444,36,0.75,4,0.75,4,,0,,0,0.0,0.3333333333333333,0.3333333333333333,3.0
30,10,5,Teens,10,3,0.6666666666666666,45,0.6,5,1.0,1,0.5,4,0.5,4,1.1818181818181819,1.3636363636363635,0.18181818181818182,11.0
31,1,2,Kids,1,1,0.7777777777777778,18,0.0,2,,0,1.0,2,0.0,2,0.3333333333333333,1.0,0.6666666666666666,3.0
31,2,3,Kids,2,1,0.7777777777777778,27,0.3333333333333333,3,1.0,1,0.0,2,0.0,2,1.1666666666666667,0.6666666666666666,-0.5,6.0
31,3,4,Kids,3,1,0.8055555555555556,36,0.75,4,1.0,1,0.6666666666666666,3,0.6666666666666666,3,1.4,0.8,-0.6,5.0
31,4,5,Kids,4,1,0.5777777777777777,45,0.6,5,0.6666666666666666,3,1.0,2,0.5,2,1.2,1.0,-0.2,20.0
31,5,3,Kids,5,2,0.7037037037037037,27,0.3333333333333333,3,1.0,1,0.0,2,0.0,2,0.875,1.125,0.25,8.0
31,6,5,Kids,6,2,0.7333333333333333,45,0.6,5,1.0,2,0.3333333333333333,3,0.3333333333333333,3,1.0666666666666667,1.0666666666666667,0.0,15.0
31,7,2,Kids,7,2,0.7222222222222222,18,0.0,2,,0,0.5,2,0.0,2,0.6666666666666666,0.6666666666666666,0.0,3.0
31,8,3,Kids,8,3,0.7407407407407407,27,1.0,3,1.0,1,1.0,2,1.0,2,1.125,0.875,-0.25,8.0
31,9,4,Kids,9,2,0.8333333333333334,36,0.75,4,0.75,4,,0,,0,0.14285714285714285,0.2857142857142857,0.14285714285714285,7.0
31,10,5,Kids,10,3,0.6666666666666666,45,0.4,5,0.0,1,0.5,4,0.5,4,2.125,1.0625,-1.0625,16.0
32,1,2,Kids,1,1,0.8333333333333334,18,0.5,2,,0,1.0,2,0.5,2,0.0,1.0,1.0,1.0
32,2,3,Kids,2,1,0.7037037037037037,27,0.3333333333333333,3,,0,1.0,3,0.3333333333333333,3,0.8,0.6,-0.2,5.0
32,3,5,Kids,3,1,0.9555555555555556,45,1.0,5,1.0,3,1.0,2,1.0,2,,,,
32,4,4,Kids,4,1,0.8611111111111112,36,1.0,4,1.0,1,1.0,3,1.0,3,0.6666666666666666,0.6666666666666666,0.0,3.0
32,5,3,Kids,5,2,0.8888888888888888,27,0.6666666666666666,3,1.0,2,1.0,1,0.0,1,0.0,0.5,0.5,2.0
32,6,5,Kids,6,2,0.8222222222222222,45,0.6,5,0.6666666666666666,3,1.0,2,0.5,2,0.5714285714285714,1.1428571428571428,0.5714285714285714,7.0
32,7,2,Kids,7,2,0.7777777777777778,18,0.5,2,,0,1.0,2,0.5,2,0.5,1.0,0.5,2.0
32,8,3,Kids,8,3,0.9259259259259259,27,1.0,3,1.0,1,1.0,2,1.0,2,,,,
32,9,5,Kids,9,3,0.7111111111111111,45,0.4,5,1.0,1,1.0,4,0.25,4,1.0,1.1111111111111112,0.1111111111111111,9.0
32,10,4,Kids,10,2,0.8611111111111112,36,0.5,4,1.0,1,0.6666666666666666,3,0.3333333333333333,3,0.5,0.5,0.0,2.0
33,1,2,Kids,1,1,0.9444444444444444,18,1.0,2,1.0,1,1.0,1,1.0,1,,,,
33,2,3,Kids,2,1,0.8888888888888888,27,0.6666666666666666,3,1.0,2,0.0,1,0.0,1,0.6666666666666666,1.3333333333333333,0.6666666666666666,3.0
33,3,5,Kids,3,1,0.6666666666666666,45,0.6,5,1.0,2,0.3333333333333333,3,0.3333333333333333,3,1.0769230769230769,0.8461538461538461,-0.23076923076923078,13.0
33,4,4,Kids,4,1,0.6944444444444444,36,0.5,4,0.0,1,1.0,3,0.6666666666666666,3,1.375,0.25,-1.125,8.0
33,5,3,Kids,5,2,0.8888888888888888,27,1.0,3,1.0,1,1.0,2,1.0,2,0.0,0.6666666666666666,0.6666666666666666,3.0
33,6,5,Kids,6,2,0.8,45,0.8,5,1.0,4,0.0,1,0.0,1,0.5555555555555556,0.4444444444444444,-0.1111111111111111,9.0
33,7,2,Kids,7,2,0.9444444444444444,18,1.0,2,1.0,2,,0,,0,0.0,0.0,0.0,2.0
33,8,3,Kids,8,3,0.8518518518518519,27,1.0,3,1.0,1,1.0,2,1.0,2,0.3333333333333333,1.0,0.6666666666666666,3.0
33,9,5,Kids,9,3,0.4888888888888889,45,0.2,5,0.0,1,0.75,4,0.25,4,2.04,1.6,-0.44,25.0
33,10,4,Kids,10,2,0.8611111111111112,36,0.25,4,0.0,2,1.0,2,0.5,2,0.0,0.5,0.5,4.0
35,1,2,Kids,1,1,0.8888888888888888,18,1.0,2,1.0,1,1.0,1,1.0,1,0.0,0.0,0.0,1.0
35,2,3,Kids,2,1,0.7407407407407407,27,0.3333333333333333,3,,0,0.6666666666666666,3,0.3333333333333333,3,0.6,0.8,0.2,5.0
35,3,4,Kids,3,1,0.7777777777777778,36,0.5,4,1.0,2,0.0,2,0.0,2,1.1666666666666667,0.6666666666666666,-0.5,6.0
35,4,5,Kids,4,1,0.8,45,0.6,5,1.0,2,0.6666666666666666,3,0.3333333333333333,3,0.8333333333333334,1.3333333333333333,0.5,6.0
35,5,3,Kids,5,2,0.7777777777777778,27,0.3333333333333333,3,0.0,1,1.0,2,0.5,2,0.25,0.75,0.5,4.0
35,6,5,Kids,6,2,0.7555555555555555,45,0.6,5,,0,0.8,5,0.6,5,1.0,0.2857142857142857,-0.7142857142857143,7.0
35,7,2,Kids,7,2,1.0,18,1.0,2,1.0,2,,0,,0,,,,
35,8,3,Kids,8,3,0.9259259259259259,27,0.6666666666666666,3,0.6666666666666666,3,,0,,0,0.0,0.3333333333333333,0.3333333333333333,3.0
35,9,4,Kids,9,2,0.8055555555555556,36,0.5,4,1.0,1,0.3333333333333333,3,0.3333333333333333,3,1.25,0.0,-1.25,4.0
35,10,5,Kids,10,3,0.7555555555555555,45,0.4,5,1.0,1,0.75,4,0.25,4,0.8571428571428571,1.1428571428571428,0.2857142857142857,7.0
36,1,2,Teens,1,1,0.9444444444444444,18,1.0,2,1.0,2,,0,,0,0.0,0.0,0.0,2.0
36,2,3,Teens,2,1,0.5925925925925926,27,0.3333333333333333,3,,0,0.6666666666666666,3,0.3333333333333333,3,1.25,1.25,0.0,8.0
36,3,4,Teens,3,1,0.5833333333333334,36,0.25,4,1.0,1,0.6666666666666666,3,0.0,3,1.3333333333333333,1.25,-0.08333333333333333,12.0
36,4,5,Teens,4,1,0.6222222222222222,45,0.2,5,1.0,1,0.25,4,0.0,4,1.0,1.3846153846153846,0.38461538461538464,13.0
36,5,3,Teens,5,2,0.9259259259259259,27,1.0,3,1.0,1,1.0,2,1.0,2,0.0,0.0,0.0,1.0
36,6,5,Teens,6,2,0.8666666666666667,45,0.8,5,1.0,2,1.0,3,0.6666666666666666,3,0.6666666666666666,0.6666666666666666,0.0,3.0
36,7,2,Teens,7,2,0.8888888888888888,18,1.0,2,,0,1.0,2,1.0,2,0.0,1.0,1.0,1.0
36,8,3,Teens,8,3,0.6666666666666666,27,0.3333333333333333,3,1.0,1,0.0,2,0.0,2,1.2857142857142858,1.0,-0.2857142857142857,7.0
36,9,4,Teens,9,2,0.8333333333333334,36,0.75,4,1.0,2,1.0,2,0.5,2,0.75,1.0,0.25,4.0
36,10,5,Teens,10,3,0.8222222222222222,45,0.8,5,0.6666666666666666,3,1.0,2,1.0,2,0.5714285714285714,0.5714285714285714,0.0,7.0
37,1,2,Teens,1,1,0.8333333333333334,18,1.0,2,,0,1.0,2,1.0,2,1.0,0.0,-1.0,1.0
37,2,3,Teens,2,1,0.8518518518518519,27,0.3333333333333333,3,1.0,1,1.0,2,0.0,2,0.0,1.0,1.0,2.0
37,3,4,Teens,3,1,0.7777777777777778,36,0.25,4,1.0,1,0.3333333333333333,3,0.0,3,0.8,0.8,0.0,5.0
37,4,5,Teens,4,1,0.8666666666666667,45,0.6,5,1.0,2,1.0,3,0.3333333333333333,3,0.0,0.6666666666666666,0.6666666666666666,3.0
37,5,3,Teens,5,2,0.8518518518518519,27,0.6666666666666666,3,1.0,1,1.0,2,0.5,2,0.5,0.5,0.0,2.0
37,6,5,Teens,6,2,0.8222222222222222,45,0.6,5,1.0,1,1.0,4,0.5,4,0.5,1.0,0.5,4.0
37,7,2,Teens,7,2,0.8888888888888888,18,0.5,2,1.0,1,1.0,1,0.0,1,0.0,1.0,1.0,1.0
37,8,3,Teens,8,3,0.8888888888888888,27,1.0,3,1.0,1,1.0,2,1.0,2,0.0,1.0,1.0,1.0
37,9,4,Teens,9,2,0.8333333333333334,36,0.5,4,1.0,1,1.0,3,0.3333333333333333,3,0.3333333333333333,1.0,0.6666666666666666,3.0
37,10,5,Teens,10,3,0.8666666666666667,45,0.6,5,0.5,2,0.6666666666666666,3,0.6666666666666666,3,0.3333333333333333,0.6666666666666666,0.3333333333333333,3.0
38,1,2,Teens,1,1,0.8333333333333334,18,0.5,2,,0,1.0,2,0.5,2,0.0,1.0,1.0,1.0
38,2,4,Teens,2,1,0.8333333333333334,36,0.5,4,1.0,1,1.0,3,0.3333333333333333,3,0.3333333333333333,1.0,0.6666666666666666,3.0
38,3,3,Teens,3,1,0.8518518518518519,27,0.6666666666666666,3,1.0,1,1.0,2,0.5,2,0.5,1.0,0.5,2.0
38,4,5,Teens,4,1,0.8888888888888888,45,0.8,5,0.5,2,1.0,3,1.0,3,0.6666666666666666,0.0,-0.6666666666666666,3.0
38,5,3,Teens,5,2,0.8888888888888888,27,0.6666666666666666,3,1.0,1,1.0,2,0.5,2,0.0,1.0,1.0,1.0
38,6,5,Teens,6,2,0.8888888888888888,45,0.6,5,0.5,2,1.0,3,0.6666666666666666,3,0.0,0.5,0.5,2.0
38,7,2,Teens,7,2,0.8333333333333334,18,1.0,2,1.0,1,1.0,1,1.0,1,0.0,0.5,0.5,2.0
38,8,4,Teens,8,2,0.9166666666666666,36,0.75,4,0.5,2,1.0,2,1.0,2,0.0,0.0,0.0,1.0
38,9,3,Teens,9,3,0.8888888888888888,27,0.6666666666666666,3,1.0,1,1.0,2,0.5,2,0.0,1.0,1.0,1.0
38,10,5,Teens,10,3,0.8444444444444444,45,0.6,5,1.0,1,1.0,4,0.5,4,0.3333333333333333,1.0,0.6666666666666666,3.0
40,1,2,Teens,1,1,0.9444444444444444,18,1.0,2,1.0,1,1.0,1,1.0,1,,,,
40,2,3,Teens,2,1,0.8888888888888888,27,0.6666666666666666,3,1.0,1,1.0,2,0.5,2,0.0,1.0,1.0,1.0
40,3,4,Teens,3,1,0.8888888888888888,36,0.5,4,1.0,2,1.0,2,0.0,2,0.0,1.0,1.0,2.0
40,4,5,Teens,4,1,0.8888888888888888,45,0.8,5,1.0,1,1.0,4,0.75,4,0.0,1.0,1.0,1.0
40,5,3,Teens,5,2,0.9259259259259259,27,0.6666666666666666,3,0.5,2,1.0,1,1.0,1,0.0,0.0,0.0,1.0
40,6,5,Teens,6,2,0.8888888888888888,45,0.6,5,1.0,2,1.0,3,0.3333333333333333,3,0.0,1.0,1.0,2.0
40,7,2,Teens,7,2,0.8888888888888888,18,1.0,2,,0,1.0,2,1.0,2,,,,
40,8,3,Teens,8,3,0.9629629629629629,27,1.0,3,1.0,2,1.0,1,1.0,1,,,,
40,9,4,Teens,9,2,0.8888888888888888,36,0.75,4,1.0,1,1.0,3,0.6666666666666666,3,0.0,1.0,1.0,1.0
40,10,5,Teens,10,3,0.8666666666666667,45,0.6,5,1.0,2,1.0,3,0.3333333333333333,3,0.3333333333333333,1.0,0.6666666666666666,3.0
41,1,2,Kids,1,1,0.7777777777777778,18,0.5,2,,0,1.0,2,0.5,2,0.5,0.5,0.0,2.0
41,2,3,Kids,2,1,0.8518518518518519,27,0.6666666666666666,3,1.0,1,1.0,2,0.5,2,0.3333333333333333,1.0,0.6666666666666666,3.0
41,3,4,Kids,3,1,0.7777777777777778,36,0.5,4,0.0,1,1.0,3,0.6666666666666666,3,0.6,0.4,-0.2,5.0
41,4,5,Kids,4,1,0.5333333333333333,45,0.2,5,0.3333333333333333,3,1.0,2,0.0,2,1.6363636363636365,1.9545454545454546,0.3181818181818182,22.0
41,5,3,Kids,5,2,0.8888888888888888,27,1.0,3,1.0,1,1.0,2,1.0,2,0.5,0.5,0.0,2.0
41,6,5,Kids,6,2,0.7111111111111111,45,0.2,5,0.5,2,0.3333333333333333,3,0.0,3,1.4545454545454546,1.0909090909090908,-0.36363636363636365,11.0
41,7,2,Kids,7,2,0.8333333333333334,18,0.5,2,,0,1.0,2,0.5,2,0.5,0.5,0.0,2.0
41,8,3,Kids,8,3,0.7777777777777778,27,0.6666666666666666,3,1.0,1,1.0,2,0.5,2,0.5,1.0,0.5,4.0
41,9,4,Kids,9,2,0.7222222222222222,36,0.25,4,0.0,2,1.0,2,0.5,2,0.4444444444444444,0.6666666666666666,0.2222222222222222,9.0
41,10,5,Kids,10,3,0.9333333333333333,45,0.8,5,1.0,4,0.0,1,0.0,1,0.3333333333333333,0.6666666666666666,0.3333333333333333,3.0
42,1,2,Kids,1,1,0.7777777777777778,18,0.5,2,,0,1.0,2,0.5,2,0.0,1.0,1.0,2.0
42,2,3,Kids,2,1,0.8148148148148148,27,0.3333333333333333,3,,0,1.0,3,0.3333333333333333,3,0.0,1.0,1.0,2.0
42,3,5,Kids,3,1,0.7555555555555555,45,0.6,5,1.0,1,0.75,4,0.5,4,1.0,1.1111111111111112,0.1111111111111111,9.0
42,4,4,Kids,4,1,0.75,36,0.75,4,1.0,1,0.6666666666666666,3,0.6666666666666666,3,0.8333333333333334,1.1666666666666667,0.3333333333333333,6.0
42,5,3,Kids,5,2,0.8518518518518519,27,0.3333333333333333,3,0.0,1,1.0,2,0.5,2,0.0,0.5,0.5,2.0
42,6,5,Kids,6,2,0.7333333333333333,45,0.2,5,0.5,2,0.6666666666666666,3,0.0,3,0.8181818181818182,0.9090909090909091,0.09090909090909091,11.0
42,7,2,Kids,7,2,0.9444444444444444,18,1.0,2,1.0,1,1.0,1,1.0,1,,,,
42,8,3,Kids,8,3,0.8888888888888888,27,0.6666666666666666,3,1.0,1,1.0,2,0.5,2,0.5,1.0,0.5,2.0
42,9,5,Kids,9,3,0.6888888888888889,45,0.4,5,1.0,2,1.0,3,0.0,3,0.9166666666666666,1.4166666666666667,0.5,12.0
42,10,4,Kids,10,2,0.8888888888888888,36,0.5,4,1.0,2,1.0,2,0.0,2,0.0,1.0,1.0,2.0
43,1,2,Kids,1,1,0.8888888888888888,18,0.0,2,0.0,2,,0,,0,0.0,0.0,0.0,2.0
43,2,3,Kids,2,1,0.7037037037037037,27,0.3333333333333333,3,,0,0.6666666666666666,3,0.3333333333333333,3,0.8,1.4,0.6,5.0
43,3,5,Kids,3,1,0.7777777777777778,45,0.8,5,1.0,1,0.75,4,0.75,4,0.8571428571428571,1.4285714285714286,0.5714285714285714,7.0
43,4,4,Kids,4,1,0.6944444444444444,36,0.5,4,1.0,1,0.6666666666666666,3,0.3333333333333333,3,1.5,1.6,0.1,10.0
43,5,3,Kids,5,2,0.4230769230769231,26,0.3333333333333333,3,,0,0.3333333333333333,3,0.3333333333333333,3,2.076923076923077,0.9230769230769231,-1.1538461538461537,13.0
43,6,5,Kids,6,2,0.6666666666666666,45,0.4,5,0.6666666666666666,3,0.5,2,0.0,2,1.1333333333333333,0.8,-0.3333333333333333,15.0
43,7,2,Kids,7,2,0.7777777777777778,18,0.5,2,,0,0.5,2,0.5,2,0.6666666666666666,0.6666666666666666,0.0,3.0
43,8,3,Kids,8,3,0.9629629629629629,27,1.0,3,1.0,2,1.0,1,1.0,1,0.0,1.0,1.0,1.0
43,9,5,Kids,9,3,0.8888888888888888,45,0.4,5,0.3333333333333333,3,1.0,2,0.5,2,0.0,0.5,0.5,4.0
43,10,4,Kids,10,2,0.5555555555555556,36,0.0,4,,0,0.5,4,0.0,4,1.2307692307692308,1.0,-0.23076923076923078,13.0
44,1,2,Teens,1,1,0.6111111111111112,18,0.0,2,,0,1.0,2,0.0,2,0.8,1.0,0.2,5.0
44,2,3,Teens,2,1,0.8148148148148148,27,0.6666666666666666,3,,0,1.0,3,0.6666666666666666,3,0.5,1.0,0.5,2.0
44,3,5,Teens,3,1,0.8222222222222222,45,1.0,5,1.0,2,1.0,3,1.0,3,0.8333333333333334,1.3333333333333333,0.5,6.0
44,4,4,Teens,4,1,0.75,36,0.5,4,1.0,2,1.0,2,0.0,2,0.7142857142857143,1.1428571428571428,0.42857142857142855,7.0
44,5,3,Teens,5,2,0.8518518518518519,27,0.3333333333333333,3,0.0,1,1.0,2,0.5,2,0.0,0.5,0.5,2.0
44,6,5,Teens,6,2,0.6666666666666666,45,0.2,5,1.0,1,0.75,4,0.0,4,0.8461538461538461,1.3846153846153846,0.5384615384615384,13.0
44,7,2,Teens,7,2,0.9444444444444444,18,1.0,2,1.0,1,1.0,1,1.0,1,,,,
44,8,3,Teens,8,3,0.7777777777777778,27,0.3333333333333333,3,1.0,1,0.5,2,0.0,2,1.4,0.4,-1.0,5.0
44,9,5,Teens,9,3,0.6444444444444445,45,0.6,5,0.5,2,1.0,3,0.6666666666666666,3,1.7647058823529411,1.1176470588235294,-0.6470588235294118,17.0
44,10,4,Teens,10,2,0.8611111111111112,36,0.5,4,1.0,2,1.0,2,0.0,2,0.75,1.0,0.25,4.0
45,1,2,Kids,1,1,0.7222222222222222,18,0.5,2,,0,1.0,2,0.5,2,1.5,0.6666666666666666,-0.8333333333333334,6.0
45,2,3,Kids,2,1,0.6666666666666666,27,0.6666666666666666,3,1.0,1,1.0,2,0.5,2,1.1111111111111112,0.6666666666666666,-0.4444444444444444,9.0
45,3,4,Kids,3,1,0.25,36,0.0,4,0.0,1,0.6666666666666666,3,0.0,3,2.21875,2.34375,0.125,32.0
45,4,5,Kids,4,1,0.8444444444444444,45,0.8,5,1.0,3,0.5,2,0.5,2,1.375,1.25,-0.125,8.0
45,5,3,Kids,5,2,0.6666666666666666,27,0.3333333333333333,3,1.0,1,0.5,2,0.0,2,0.75,1.0,0.25,8.0
45,6,5,Kids,6,2,0.75,44,0.6,5,0.5,2,0.6666666666666666,3,0.6666666666666666,3,1.0714285714285714,0.8571428571428571,-0.21428571428571427,14.0
45,7,2,Kids,7,2,0.6111111111111112,18,0.0,2,0.0,1,1.0,1,0.0,1,2.0,0.25,-1.75,8.0
45,8,3,Kids,8,3,0.7777777777777778,27,0.3333333333333333,3,1.0,1,1.0,2,0.0,2,1.0,0.9,-0.1,10.0
45,9,4,Kids,9,2,0.5833333333333334,36,0.75,4,1.0,1,1.0,3,0.6666666666666666,3,1.2666666666666666,1.6666666666666667,0.4,15.0
45,10,5,Kids,10,3,0.75,44,0.6,5,0.0,1,1.0,4,0.75,4,1.0,0.5,-0.5,8.0
46,1,2,Teens,1,1,0.7777777777777778,18,0.0,2,,0,1.0,2,0.0,2,0.0,1.0,1.0,2.0
46,2,3,Teens,2,1,0.7037037037037037,27,0.3333333333333333,3,1.0,1,0.5,2,0.0,2,0.5,1.0,0.5,6.0
46,3,4,Teens,3,1,0.75,36,0.25,4,1.0,1,0.3333333333333333,3,0.0,3,0.5714285714285714,0.5714285714285714,0.0,7.0
46,4,5,Teens,4,1,0.6444444444444445,45,0.4,5,1.0,2,1.0,3,0.0,3,1.4761904761904763,1.5238095238095237,0.047619047619047616,21.0
46,5,3,Teens,5,2,0.9629629629629629,27,1.0,3,1.0,3,,0,,0,0.0,0.0,0.0,1.0
46,6,5,Teens,6,2,0.7333333333333333,45,0.4,5,0.6666666666666666,3,1.0,2,0.0,2,0.9090909090909091,1.3636363636363635,0.45454545454545453,11.0
46,7,2,Teens,7,2,0.9444444444444444,18,1.0,2,1.0,2,,0,,0,0.0,0.0,0.0,1.0
46,8,3,Teens,8,3,0.7037037037037037,27,0.0,3,,0,0.6666666666666666,3,0.0,3,0.6,1.0,0.4,5.0
46,9,4,Teens,9,2,0.75,36,0.75,4,1.0,1,0.6666666666666666,3,0.6666666666666666,3,0.8571428571428571,0.5714285714285714,-0.2857142857142857,7.0
46,10,5,Teens,10,3,0.6222222222222222,45,0.8,5,1.0,3,1.0,2,0.5,2,1.3181818181818181,1.3636363636363635,0.045454545454545456,22.0
48,1,2,Kids,1,1,0.8333333333333334,18,1.0,2,1.0,1,1.0,1,1.0,1,0.3333333333333333,0.6666666666666666,0.3333333333333333,3.0
48,2,4,Kids,2,1,0.8333333333333334,36,0.5,4,1.0,2,0.0,2,0.0,2,0.4,0.6,0.2,5.0
48,3,3,Kids,3,1,0.4074074074074074,27,0.3333333333333333,3,,0,1.0,3,0.3333333333333333,3,1.4666666666666666,1.6,0.13333333333333333,15.0
48,4,5,Kids,4,1,0.8444444444444444,45,0.6,5,1.0,3,0.5,2,0.0,2,0.3333333333333333,0.8333333333333334,0.5,6.0
48,5,3,Kids,5,2,0.8148148148148148,27,0.6666666666666666,3,1.0,1,1.0,2,0.5,2,0.6666666666666666,1.3333333333333333,0.6666666666666666,3.0
48,6,5,Kids,6,2,0.7333333333333333,45,0.2,5,0.3333333333333333,3,0.0,2,0.0,2,0.8,0.2,-0.6,10.0
48,7,2,Kids,7,2,0.8888888888888888,18,1.0,2,1.0,1,1.0,1,1.0,1,0.3333333333333333,0.6666666666666666,0.3333333333333333,3.0
48,8,4,Kids,8,2,0.8055555555555556,36,0.5,4,0.0,1,1.0,3,0.6666666666666666,3,1.0,0.5,-0.5,6.0
48,9,3,Kids,9,3,0.9259259259259259,27,1.0,3,1.0,1,1.0,2,1.0,2,,,,
48,10,5,Kids,10,3,0.7777777777777778,45,0.6,5,1.0,1,0.75,4,0.5,4,0.5,1.1666666666666667,0.6666666666666666,6.0
49,1,2,Kids,1,1,0.9444444444444444,18,1.0,2,1.0,2,,0,,0,0.5,0.0,-0.5,2.0
49,2,3,Kids,2,1,0.8148148148148148,27,0.6666666666666666,3,,0,1.0,3,0.6666666666666666,3,0.5,1.0,0.5,2.0
49,3,4,Kids,3,1,0.75,36,0.75,4,1.0,2,0.5,2,0.5,2,1.25,0.375,-0.875,8.0
49,4,5,Kids,4,1,0.8888888888888888,45,0.8,5,0.5,2,1.0,3,1.0,3,0.0,0.5,0.5,2.0
49,5,3,Kids,5,2,0.8888888888888888,27,1.0,3,1.0,1,1.0,2,1.0,2,0.0,0.0,0.0,1.0
49,6,5,Kids,6,2,0.8222222222222222,45,0.6,5,1.0,1,1.0,4,0.5,4,0.25,0.75,0.5,4.0
49,7,2,Kids,7,2,0.8888888888888888,18,1.0,2,1.0,1,1.0,1,1.0,1,0.5,0.0,-0.5,2.0
49,8,3,Kids,8,3,0.7777777777777778,27,0.6666666666666666,3,1.0,1,1.0,2,0.5,2,0.5,0.5,0.0,4.0
49,9,4,Kids,9,2,0.8611111111111112,36,0.5,4,1.0,2,0.5,2,0.0,2,0.3333333333333333,1.0,0.6666666666666666,3.0
49,10,5,Kids,10,3,0.8444444444444444,45,0.8,5,1.0,1,0.75,4,0.75,4,0.6666666666666666,0.3333333333333333,-0.3333333333333333,3.0
50,1,2,Kids,1,1,0.5555555555555556,18,0.0,2,,0,1.0,2,0.0,2,1.1666666666666667,1.0,-0.16666666666666666,6.0
50,2,3,Kids,2,1,0.8888888888888888,27,0.6666666666666666,3,1.0,2,1.0,1,0.0,1,0.3333333333333333,0.6666666666666666,0.3333333333333333,3.0
50,3,4,Kids,3,1,0.75,36,0.5,4,1.0,1,1.0,3,0.3333333333333333,3,1.0,1.5714285714285714,0.5714285714285714,7.0
50,4,5,Kids,4,1,0.8888888888888888,45,0.8,5,1.0,1,0.75,4,0.75,4,1.0,0.0,-1.0,1.0
50,5,3,Kids,5,2,0.7777777777777778,27,0.6666666666666666,3,,0,1.0,3,0.6666666666666666,3,1.0,0.75,-0.25,4.0
50,6,5,Kids,6,2,0.7777777777777778,45,0.6,5,1.0,2,1.0,3,0.3333333333333333,3,1.3,1.3,0.0,10.0
50,7,2,Kids,7,2,0.8888888888888888,18,0.5,2,1.0,1,1.0,1,0.0,1,0.0,1.0,1.0,1.0
50,8,3,Kids,8,3,0.8888888888888888,27,1.0,3,1.0,1,1.0,2,1.0,2,0.5,1.0,0.5,2.0
50,9,4,Kids,9,2,0.6111111111111112,36,0.5,4,1.0,1,1.0,3,0.3333333333333333,3,1.0,1.0769230769230769,0.07692307692307693,13.0
50,10,5,Kids,10,3,0.8444444444444444,45,0.8,5,1.0,3,0.5,2,0.5,2,1.8,0.0,-1.8,5.0
51,1,2,Teens,1,1,0.8888888888888888,18,1.0,2,1.0,1,1.0,1,1.0,1,0.5,0.0,-0.5,2.0
51,2,3,Teens,2,1,0.8148148148148148,27,0.6666666666666666,3,1.0,1,1.0,2,0.5,2,1.0,0.5,-0.5,4.0
51,3,4,Teens,3,1,0.9444444444444444,36,0.75,4,1.0,3,1.0,1,0.0,1,0.0,1.0,1.0,1.0
51,4,5,Teens,4,1,0.8444444444444444,45,0.8,5,1.0,1,1.0,4,0.75,4,0.3333333333333333,0.6666666666666666,0.3333333333333333,3.0
51,5,3,Teens,5,2,0.8888888888888888,27,1.0,3,1.0,1,1.0,2,1.0,2,1.0,0.0,-1.0,1.0
51,6,5,Teens,6,2,0.9111111111111111,45,0.8,5,1.0,2,1.0,3,0.6666666666666666,3,0.0,1.0,1.0,1.0
51,7,2,Teens,7,2,0.8333333333333334,18,0.5,2,,0,1.0,2,0.5,2,0.0,1.0,1.0,1.0
51,8,3,Teens,8,3,0.5925925925925926,27,0.3333333333333333,3,1.0,1,0.0,2,0.0,2,1.3,0.6,-0.7,10.0
51,9,4,Teens,9,2,0.8611111111111112,36,0.75,4,1.0,2,1.0,2,0.5,2,0.3333333333333333,1.0,0.6666666666666666,3.0
51,10,5,Teens,10,3,0.8666666666666667,45,0.6,5,1.0,1,1.0,4,0.5,4,0.0,1.0,1.0,2.0
52,1,2,Kids,1,1,0.4444444444444444,18,0.0,2,,0,0.5,2,0.0,2,1.3333333333333333,1.4444444444444444,0.1111111111111111,9.0
52,2,3,Kids,2,1,0.5,26,0.3333333333333333,3,1.0,1,1.0,2,0.0,2,1.2307692307692308,1.6153846153846154,0.38461538461538464,13.0
52,3,5,Kids,3,1,0.5555555555555556,45,0.4,5,0.5,2,0.6666666666666666,3,0.3333333333333333,3,2.2857142857142856,1.4761904761904763,-0.8095238095238095,21.0
52,4,4,Kids,4,1,0.7714285714285715,35,1.0,4,1.0,2,1.0,2,1.0,2,0.5555555555555556,0.6666666666666666,0.1111111111111111,9.0
52,5,3,Kids,5,2,0.7777777777777778,27,0.3333333333333333,3,1.0,1,0.5,2,0.0,2,0.4,0.8,0.4,5.0
52,6,5,Kids,6,2,0.4666666666666667,45,0.2,5,0.5,2,0.6666666666666666,3,0.0,3,1.8928571428571428,2.1785714285714284,0.2857142857142857,28.0
52,7,2,Kids,7,2,0.6470588235294118,17,0.0,2,,0,1.0,2,0.0,2,1.2857142857142858,1.0,-0.2857142857142857,7.0
52,8,3,Kids,8,3,0.6666666666666666,27,0.3333333333333333,3,1.0,1,0.5,2,0.0,2,1.0,1.2857142857142858,0.2857142857142857,7.0
52,9,5,Kids,9,3,0.6590909090909091,44,0.4,5,1.0,2,1.0,3,0.0,3,1.7222222222222223,2.0,0.2777777777777778,18.0
52,10,4,Kids,10,2,0.6388888888888888,36,0.5,4,1.0,2,0.0,2,0.0,2,1.3636363636363635,1.1818181818181819,-0.18181818181818182,11.0
55,1,2,Teens,1,1,0.7777777777777778,18,0.5,2,,0,1.0,2,0.5,2,0.5,0.5,0.0,2.0
55,2,3,Teens,2,1,0.6666666666666666,27,0.3333333333333333,3,,0,0.6666666666666666,3,0.3333333333333333,3,0.8333333333333334,1.1666666666666667,0.3333333333333333,6.0
55,3,4,Teens,3,1,0.5833333333333334,36,0.0,4,0.0,1,0.3333333333333333,3,0.0,3,0.9285714285714286,1.2857142857142858,0.35714285714285715,14.0
55,4,5,Teens,4,1,0.4888888888888889,45,0.2,5,0.5,2,0.3333333333333333,3,0.0,3,2.5,2.4285714285714284,-0.07142857142857142,28.0
55,5,3,Teens,5,2,0.8888888888888888,27,1.0,3,1.0,1,1.0,2,1.0,2,0.0,0.0,0.0,1.0
55,6,5,Teens,6,2,0.4888888888888889,45,0.2,5,0.3333333333333333,3,0.5,2,0.0,2,1.6896551724137931,1.7241379310344827,0.034482758620689655,29.0
55,7,2,Teens,7,2,0.9444444444444444,18,1.0,2,1.0,1,1.0,1,1.0,1,0.0,1.0,1.0,1.0
55,8,3,Teens,8,3,0.8888888888888888,27,1.0,3,1.0,1,1.0,2,1.0,2,1.0,0.0,-1.0,1.0
55,9,4,Teens,9,2,0.6944444444444444,36,0.25,4,0.3333333333333333,3,0.0,1,0.0,1,1.0833333333333333,0.9166666666666666,-0.16666666666666666,12.0
55,10,5,Teens,10,3,0.5555555555555556,45,0.6,5,1.0,1,1.0,4,0.5,4,1.5909090909090908,1.6363636363636365,0.045454545454545456,22.0
56,1,2,Kids,1,1,0.8333333333333334,18,1.0,2,1.0,1,1.0,1,1.0,1,0.0,0.5,0.5,2.0
56,2,3,Kids,2,1,0.7777777777777778,27,0.3333333333333333,3,1.0,1,1.0,2,0.0,2,0.5,1.0,0.5,4.0
56,3,4,Kids,3,1,0.8055555555555556,36,0.5,4,,0,1.0,4,0.5,4,0.5,0.75,0.25,4.0
56,4,5,Kids,4,1,0.5777777777777777,45,0.4,5,1.0,1,0.5,4,0.25,4,1.619047619047619,1.8571428571428572,0.23809523809523808,21.0
56,5,3,Kids,5,2,0.8518518518518519,27,0.6666666666666666,3,,0,1.0,3,0.6666666666666666,3,0.0,1.0,1.0,1.0
56,6,5,Kids,6,2,0.7111111111111111,45,0.4,5,,0,1.0,5,0.4,5,0.875,1.25,0.375,8.0
56,7,2,Kids,7,2,0.7777777777777778,18,0.0,2,,0,1.0,2,0.0,2,0.0,1.0,1.0,2.0
56,8,3,Kids,8,3,0.8888888888888888,27,0.6666666666666666,3,1.0,2,1.0,1,0.0,1,1.0,1.0,0.0,3.0
56,9,4,Kids,9,2,0.8333333333333334,36,0.75,4,,0,1.0,4,0.75,4,0.75,1.0,0.25,4.0
56,10,5,Kids,10,3,0.7777777777777778,45,0.4,5,0.3333333333333333,3,1.0,2,0.5,2,0.625,0.25,-0.375,8.0
57,1,2,Kids,1,1,0.7777777777777778,18,1.0,2,1.0,1,1.0,1,1.0,1,0.75,0.25,-0.5,4.0
57,2,3,Kids,2,1,0.7777777777777778,27,0.6666666666666666,3,,0,0.6666666666666666,3,0.6666666666666666,3,1.25,0.0,-1.25,4.0
57,3,4,Kids,3,1,0.75,36,0.25,4,1.0,1,1.0,3,0.0,3,0.7142857142857143,1.2857142857142858,0.5714285714285714,7.0
57,4,5,Kids,4,1,0.7555555555555555,45,0.8,5,1.0,1,1.0,4,0.75,4,0.8571428571428571,1.1428571428571428,0.2857142857142857,7.0
57,5,3,Kids,5,2,0.6666666666666666,27,0.3333333333333333,3,,0,0.6666666666666666,3,0.3333333333333333,3,1.2857142857142858,1.0,-0.2857142857142857,7.0
57,6,5,Kids,6,2,0.5777777777777777,45,1.0,5,1.0,3,1.0,2,1.0,2,1.5416666666666667,1.2916666666666667,-0.25,24.0
57,7,2,Kids,7,2,0.7777777777777778,18,1.0,2,,0,1.0,2,1.0,2,1.0,0.3333333333333333,-0.6666666666666666,3.0
57,8,3,Kids,8,3,0.7407407407407407,27,1.0,3,1.0,1,1.0,2,1.0,2,1.4,1.6,0.2,5.0
57,9,4,Kids,9,2,0.6666666666666666,36,0.75,4,,0,0.75,4,0.75,4,1.7,0.6,-1.1,10.0
57,10,5,Kids,10,3,0.8888888888888888,45,1.0,5,1.0,3,1.0,2,1.0,2,0.3333333333333333,0.6666666666666666,0.3333333333333333,3.0
58,1,2,Teens,1,1,0.8333333333333334,18,0.5,2,,0,1.0,2,0.5,2,0.0,1.0,1.0,1.0
58,2,4,Teens,2,1,0.9166666666666666,36,1.0,4,1.0,2,1.0,2,1.0,2,0.0,1.0,1.0,1.0
58,3,3,Teens,3,1,0.8148148148148148,27,0.3333333333333333,3,,0,1.0,3,0.3333333333333333,3,0.0,1.0,1.0,2.0
58,4,5,Teens,4,1,0.6666666666666666,45,0.4,5,1.0,1,0.75,4,0.25,4,0.9090909090909091,1.0909090909090908,0.18181818181818182,11.0
58,5,3,Teens,5,2,0.9629629629629629,27,1.0,3,1.0,2,1.0,1,1.0,1,,,,
58,6,5,Teens,6,2,0.7111111111111111,45,0.4,5,1.0,2,0.6666666666666666,3,0.0,3,0.9,1.4,0.5,10.0
58,7,2,Teens,7,2,0.9444444444444444,18,1.0,2,1.0,1,1.0,1,1.0,1,0.0,1.0,1.0,1.0
58,8,4,Teens,8,2,0.8333333333333334,36,0.5,4,0.5,2,1.0,2,0.5,2,0.0,0.75,0.75,4.0
58,9,3,Teens,9,3,0.7777777777777778,27,0.3333333333333333,3,,0,1.0,3,0.3333333333333333,3,0.3333333333333333,1.0,0.6666666666666666,3.0
58,10,5,Teens,10,3,0.7777777777777778,45,0.4,5,0.0,1,0.75,4,0.5,4,1.0,0.16666666666666666,-0.8333333333333334,6.0
60,1,2,Teens,1,1,0.7777777777777778,18,0.5,2,1.0,1,1.0,1,0.0,1,0.6666666666666666,1.3333333333333333,0.6666666666666666,3.0
60,2,3,Teens,2,1,0.8148148148148148,27,0.3333333333333333,3,0.5,2,0.0,1,0.0,1,0.75,0.75,0.0,4.0
60,3,4,Teens,3,1,0.9166666666666666,36,0.75,4,0.5,2,1.0,2,1.0,2,0.5,0.0,-0.5,2.0
60,4,5,Teens,4,1,0.4,45,0.2,5,1.0,1,0.5,4,0.0,4,1.88,2.24,0.36,25.0
60,5,3,Teens,5,2,1.0,27,1.0,3,1.0,3,,0,,0,,,,
60,6,5,Teens,6,2,0.9111111111111111,45,0.8,5,0.75,4,1.0,1,1.0,1,0.0,0.0,0.0,3.0
60,7,2,Teens,7,2,0.9444444444444444,18,1.0,2,1.0,1,1.0,1,1.0,1,,,,
60,8,3,Teens,8,3,0.8888888888888888,27,1.0,3,1.0,1,1.0,2,1.0,2,0.0,1.0,1.0,1.0
60,9,4,Teens,9,2,0.8888888888888888,36,0.75,4,1.0,2,1.0,2,0.5,2,0.5,1.0,0.5,2.0
60,10,5,Teens,10,3,0.6666666666666666,45,0.8,5,1.0,2,1.0,3,0.6666666666666666,3,1.4666666666666666,2.0,0.5333333333333333,15.0
61,1,2,Kids,1,1,0.7222222222222222,18,0.0,2,,0,0.5,2,0.0,2,0.3333333333333333,1.0,0.6666666666666666,3.0
61,2,3,Kids,2,1,0.8518518518518519,27,0.6666666666666666,3,1.0,1,1.0,2,0.5,2,0.5,1.0,0.5,2.0
61,3,4,Kids,3,1,0.9444444444444444,36,1.0,4,1.0,2,1.0,2,1.0,2,,,,
61,4,5,Kids,4,1,0.7111111111111111,45,0.4,5,,0,0.8,5,0.4,5,0.75,1.125,0.375,8.0
61,5,3,Kids,5,2,0.7777777777777778,27,0.3333333333333333,3,1.0,1,0.5,2,0.0,2,0.5,1.0,0.5,4.0
61,6,5,Kids,6,2,0.5777777777777777,45,0.6,5,1.0,1,1.0,4,0.5,4,2.0,2.4761904761904763,0.47619047619047616,21.0
61,7,2,Kids,7,2,0.7777777777777778,18,0.0,2,,0,1.0,2,0.0,2,0.0,1.0,1.0,2.0
61,8,3,Kids,8,3,0.8518518518518519,27,0.6666666666666666,3,1.0,1,1.0,2,0.5,2,0.5,1.0,0.5,2.0
61,9,4,Kids,9,2,0.7777777777777778,36,0.25,4,1.0,1,1.0,3,0.0,3,0.6666666666666666,1.0,0.3333333333333333,6.0
61,10,5,Kids,10,3,0.8409090909090909,44,0.6,5,1.0,2,1.0,3,0.3333333333333333,3,0.25,1.0,0.75,4.0
63,1,2,Kids,1,1,0.9444444444444444,18,1.0,2,1.0,2,,0,,0,0.0,0.0,0.0,2.0
63,2,3,Kids,2,1,0.9629629629629629,27,1.0,3,1.0,3,,0,,0,0.3333333333333333,0.0,-0.3333333333333333,3.0
63,3,5,Kids,3,1,0.5555555555555556,45,0.4,5,0.6666666666666666,3,0.5,2,0.0,2,2.103448275862069,2.0689655172413794,-0.034482758620689655,29.0
63,4,4,Kids,4,1,0.6571428571428571,35,0.5,4,1.0,2,0.5,2,0.0,2,0.7,1.0,0.3,10.0
63,5,3,Kids,5,2,0.7407407407407407,27,1.0,3,1.0,1,1.0,2,1.0,2,0.875,0.875,0.0,8.0
63,6,5,Kids,6,2,0.7555555555555555,45,0.6,5,0.75,4,0.0,1,0.0,1,1.3076923076923077,1.6153846153846154,0.3076923076923077,13.0
63,7,2,Kids,7,2,0.7222222222222222,18,0.5,2,,0,1.0,2,0.5,2,0.6666666666666666,0.6666666666666666,0.0,3.0
63,8,3,Kids,8,3,0.7777777777777778,27,1.0,3,,0,1.0,3,1.0,3,1.4,0.4,-1.0,5.0
63,9,5,Kids,9,3,0.28888888888888886,45,0.4,5,,0,0.8,5,0.4,5,2.0,2.3684210526315788,0.3684210526315789,38.0
63,10,4,Kids,10,2,0.4444444444444444,36,0.25,4,0.5,2,0.5,2,0.0,2,1.8214285714285714,1.9642857142857142,0.14285714285714285,28.0
65,1,2,Kids,1,1,0.6111111111111112,18,1.0,2,,0,1.0,2,1.0,2,1.4444444444444444,1.5555555555555556,0.1111111111111111,9.0
65,2,3,Kids,2,1,0.72,25,0.6666666666666666,3,1.0,1,1.0,2,0.5,2,0.4,0.8,0.4,5.0
65,3,4,Kids,3,1,0.3142857142857143,35,0.0,4,0.0,1,0.6666666666666666,3,0.0,3,2.411764705882353,2.1470588235294117,-0.2647058823529412,34.0
65,4,5,Kids,4,1,0.37209302325581395,43,0.25,4,0.0,1,0.6666666666666666,3,0.3333333333333333,3,2.1176470588235294,1.6470588235294117,-0.47058823529411764,34.0
65,5,3,Kids,5,2,0.5555555555555556,27,0.3333333333333333,3,0.0,1,0.5,2,0.5,2,1.5454545454545454,0.8181818181818182,-0.7272727272727273,11.0
65,6,5,Kids,6,2,0.45454545454545453,44,0.6,5,1.0,1,1.0,4,0.5,4,1.9642857142857142,2.2857142857142856,0.32142857142857145,28.0
65,7,2,Kids,7,2,0.4444444444444444,18,0.0,2,,0,1.0,2,0.0,2,2.3333333333333335,1.25,-1.0833333333333333,12.0
65,8,3,Kids,8,3,0.7037037037037037,27,0.3333333333333333,3,1.0,1,0.5,2,0.0,2,1.3636363636363635,1.4545454545454546,0.09090909090909091,11.0
65,9,4,Kids,9,2,0.4722222222222222,36,0.75,4,1.0,1,0.6666666666666666,3,0.6666666666666666,3,1.619047619047619,1.380952380952381,-0.23809523809523808,21.0
65,10,5,Kids,10,3,0.25,40,0.2,5,,0,0.6,5,0.2,5,1.8333333333333333,2.361111111111111,0.5277777777777778,36.0
66,1,2,Kids,1,1,0.7777777777777778,18,0.5,2,,0,1.0,2,0.5,2,0.5,1.0,0.5,2.0
66,2,3,Kids,2,1,0.4444444444444444,27,0.0,3,,0,1.0,3,0.0,3,1.25,1.8333333333333333,0.5833333333333334,12.0
66,3,4,Kids,3,1,0.6666666666666666,36,0.0,4,,0,0.25,4,0.0,4,1.0,0.625,-0.375,8.0
66,4,5,Kids,4,1,0.8409090909090909,44,0.6,5,0.6,5,,0,,0,0.125,0.5,0.375,8.0
66,5,3,Kids,5,2,0.7407407407407407,27,0.0,3,,0,0.6666666666666666,3,0.0,3,0.5,0.75,0.25,4.0
66,6,5,Kids,6,2,0.6904761904761905,42,0.6666666666666666,3,,0,1.0,2,0.5,2,1.5833333333333333,1.3333333333333333,-0.25,12.0
66,7,2,Kids,7,2,0.6666666666666666,18,0.0,2,0.0,1,0.0,1,0.0,1,0.8333333333333334,1.0,0.16666666666666666,6.0
66,8,3,Kids,8,3,0.8,25,1.0,1,,0,1.0,1,1.0,1,1.4,0.2,-1.2,5.0
66,9,4,Kids,9,2,0.4857142857142857,35,0.25,4,,0,0.3333333333333333,3,0.0,3,1.8333333333333333,2.2222222222222223,0.3888888888888889,18.0
66,10,5,Kids,10,3,0.4888888888888889,45,0.6,5,1.0,2,0.6666666666666666,3,0.3333333333333333,3,1.391304347826087,1.7826086956521738,0.391304347826087,23.0
67,1,2,Kids,1,1,0.5294117647058824,17,0.5,2,1.0,1,1.0,1,0.0,1,1.1111111111111112,1.5555555555555556,0.4444444444444444,9.0
67,2,3,Kids,2,1,0.8888888888888888,27,0.6666666666666666,3,1.0,1,0.5,2,0.5,2,1.0,0.0,-1.0,1.0
67,3,4,Kids,3,1,0.8611111111111112,36,0.75,4,1.0,2,1.0,2,0.5,2,0.5,1.25,0.75,4.0
67,4,5,Kids,4,1,0.7555555555555555,45,0.6,5,0.0,1,1.0,4,0.75,4,0.2857142857142857,1.0,0.7142857142857143,7.0
67,5,3,Kids,5,2,0.8148148148148148,27,0.3333333333333333,3,0.0,1,0.5,2,0.5,2,0.5,1.0,0.5,4.0
67,6,5,Kids,6,2,0.4318181818181818,44,0.4,5,0.5,2,0.6666666666666666,3,0.3333333333333333,3,2.0277777777777777,1.9166666666666667,-0.1111111111111111,36.0
67,7,2,Kids,7,2,0.9444444444444444,18,1.0,2,1.0,1,1.0,1,1.0,1,,,,
67,8,3,Kids,8,3,0.8148148148148148,27,0.3333333333333333,3,1.0,1,0.0,2,0.0,2,1.0,0.5,-0.5,4.0
67,9,4,Kids,9,2,0.7714285714285715,35,1.0,4,1.0,2,1.0,2,1.0,2,0.8571428571428571,0.5714285714285714,-0.2857142857142857,7.0
67,10,5,Kids,10,3,0.8444444444444444,45,0.6,5,1.0,1,1.0,4,0.5,4,0.0,1.0,1.0,3.0
68,1,2,Kids,1,1,0.8888888888888888,18,1.0,2,,0,1.0,2,1.0,2,,,,
68,2,4,Kids,2,1,0.6666666666666666,36,0.5,4,,0,0.75,4,0.5,4,0.875,1.0,0.125,8.0
68,3,3,Kids,3,1,0.7407407407407407,27,0.6666666666666666,3,1.0,1,1.0,2,0.5,2,1.1666666666666667,0.6666666666666666,-0.5,6.0
68,4,5,Kids,4,1,0.6666666666666666,45,0.2,5,0.3333333333333333,3,0.5,2,0.0,2,1.5714285714285714,0.5,-1.0714285714285714,14.0
68,5,3,Kids,5,2,0.8518518518518519,27,0.3333333333333333,3,1.0,1,1.0,2,0.0,2,0.3333333333333333,1.0,0.6666666666666666,3.0
68,6,5,Kids,6,2,0.6666666666666666,45,0.6,5,1.0,2,0.6666666666666666,3,0.3333333333333333,3,1.25,0.6666666666666666,-0.5833333333333334,12.0
68,7,2,Kids,7,2,0.8333333333333334,18,0.5,2,,0,1.0,2,0.5,2,0.0,1.0,1.0,1.0
68,8,4,Kids,8,2,0.8888888888888888,36,0.75,4,1.0,2,1.0,2,0.5,2,0.5,1.0,0.5,2.0
68,9,3,Kids,9,3,0.9259259259259259,27,1.0,3,1.0,2,1.0,1,1.0,1,0.0,0.0,0.0,1.0
68,10,5,Kids,10,3,0.8444444444444444,45,0.4,5,0.3333333333333333,3,1.0,2,0.5,2,0.4,0.4,0.0,5.0
69,1,2,Kids,1,1,0.8888888888888888,18,1.0,2,,0,1.0,2,1.0,2,,,,
69,2,3,Kids,2,1,0.25925925925925924,27,0.0,3,,0,1.0,3,0.0,3,1.6666666666666667,2.2222222222222223,0.5555555555555556,18.0
69,3,4,Kids,3,1,0.6944444444444444,36,0.25,4,0.5,2,0.5,2,0.0,2,1.9,0.2,-1.7,10.0
69,4,5,Kids,4,1,0.6444444444444445,45,0.6,5,,0,0.8,5,0.6,5,1.8,1.0666666666666667,-0.7333333333333333,15.0
69,5,3,Kids,5,2,0.9259259259259259,27,1.0,3,1.0,2,1.0,1,1.0,1,0.5,1.0,0.5,2.0
69,6,5,Kids,6,2,0.8444444444444444,45,0.6,5,1.0,1,0.75,4,0.5,4,0.6666666666666666,0.6666666666666666,0.0,3.0
69,7,2,Kids,7,2,0.8888888888888888,18,1.0,2,1.0,1,1.0,1,1.0,1,0.0,1.0,1.0,1.0
69,8,3,Kids,8,3,0.8888888888888888,27,1.0,3,1.0,1,1.0,2,1.0,2,0.0,0.0,0.0,1.0
69,9,4,Kids,9,2,0.9166666666666666,36,0.75,4,1.0,3,1.0,1,0.0,1,0.0,0.5,0.5,2.0
69,10,5,Kids,10,3,0.6,45,0.4,5,,0,1.0,5,0.4,5,1.3333333333333333,1.5333333333333334,0.2,15.0
70,1,2,Teens,1,1,0.9444444444444444,18,1.0,2,1.0,1,1.0,1,1.0,1,0.0,1.0,1.0,1.0
70,2,3,Teens,2,1,0.8888888888888888,27,0.6666666666666666,3,0.0,1,1.0,2,1.0,2,0.0,0.0,0.0,1.0
70,3,4,Teens,3,1,0.8333333333333334,36,1.0,4,1.0,3,1.0,1,1.0,1,0.4,0.0,-0.4,5.0
70,4,5,Teens,4,1,0.8222222222222222,45,0.4,5,1.0,2,0.3333333333333333,3,0.0,3,0.6,0.8,0.2,5.0
70,5,3,Teens,5,2,0.7037037037037037,27,0.3333333333333333,3,,0,1.0,3,0.3333333333333333,3,0.4,1.0,0.6,5.0
70,6,5,Teens,6,2,0.7555555555555555,45,0.6,5,1.0,2,0.6666666666666666,3,0.3333333333333333,3,0.75,1.25,0.5,8.0
70,7,2,Teens,7,2,0.8888888888888888,18,0.5,2,1.0,1,1.0,1,0.0,1,0.0,0.5,0.5,2.0
70,8,3,Teens,8,3,0.9629629629629629,27,1.0,3,1.0,3,,0,,0,0.0,0.0,0.0,1.0
70,9,4,Teens,9,2,0.7777777777777778,36,0.5,4,1.0,1,0.6666666666666666,3,0.3333333333333333,3,0.4,0.6,0.2,5.0
70,10,5,Teens,10,3,0.8666666666666667,45,0.6,5,1.0,3,1.0,2,0.0,2,0.4,0.8,0.4,5.0
71,1,2,Teens,1,1,1.0,18,1.0,2,1.0,2,,0,,0,,,,
71,2,3,Teens,2,1,0.9259259259259259,27,0.6666666666666666,3,1.0,2,1.0,1,0.0,1,0.0,1.0,1.0,1.0
71,3,4,Teens,3,1,0.8888888888888888,36,0.75,4,1.0,2,0.5,2,0.5,2,0.5,1.0,0.5,2.0
71,4,5,Teens,4,1,0.8888888888888888,45,0.8,5,1.0,2,1.0,3,0.6666666666666666,3,0.5,0.5,0.0,2.0
71,5,3,Teens,5,2,0.9629629629629629,27,1.0,3,1.0,2,1.0,1,1.0,1,,,,
71,6,5,Teens,6,2,0.9555555555555556,45,1.0,5,1.0,3,1.0,2,1.0,2,,,,
71,7,2,Teens,7,2,0.9444444444444444,18,1.0,2,1.0,1,1.0,1,1.0,1,,,,
71,8,3,Teens,8,3,0.8888888888888888,27,0.6666666666666666,3,1.0,1,1.0,2,0.5,2,0.0,1.0,1.0,1.0
71,9,4,Teens,9,2,0.9722222222222222,36,1.0,4,1.0,3,1.0,1,1.0,1,,,,
71,10,5,Teens,10,3,0.8,45,0.4,5,1.0,1,1.0,4,0.25,4,0.4,1.0,0.6,5.0
72,1,2,Kids,1,1,0.8888888888888888,18,1.0,2,1.0,1,1.0,1,1.0,1,0.0,0.5,0.5,2.0
72,2,3,Kids,2,1,0.6666666666666666,27,0.0,3,,0,0.6666666666666666,3,0.0,3,0.8333333333333334,0.8333333333333334,0.0,6.0
72,3,5,Kids,3,1,0.4444444444444444,45,0.2,5,,0,0.8,5,0.2,5,1.7391304347826086,1.6956521739130435,-0.043478260869565216,23.0
72,4,4,Kids,4,1,0.75,36,0.5,4,1.0,1,1.0,3,0.3333333333333333,3,0.6666666666666666,1.0,0.3333333333333333,6.0
72,5,3,Kids,5,2,0.8518518518518519,27,1.0,3,1.0,1,1.0,2,1.0,2,1.0,0.5,-0.5,4.0
72,6,5,Kids,6,2,0.6222222222222222,45,0.4,5,0.5,2,0.6666666666666666,3,0.3333333333333333,3,1.0714285714285714,1.1428571428571428,0.07142857142857142,14.0
72,7,2,Kids,7,2,0.5,18,0.5,2,1.0,1,1.0,1,0.0,1,3.0,3.5,0.5,12.0
72,8,3,Kids,8,3,0.8518518518518519,27,1.0,3,1.0,1,1.0,2,1.0,2,0.6666666666666666,0.6666666666666666,0.0,3.0
72,9,5,Kids,9,3,0.4666666666666667,45,0.4,5,1.0,1,0.75,4,0.25,4,1.8148148148148149,1.8518518518518519,0.037037037037037035,27.0
72,10,4,Kids,10,2,0.7777777777777778,36,0.5,4,1.0,1,0.6666666666666666,3,0.3333333333333333,3,0.8,0.2,-0.6,5.0
73,1,2,Kids,1,1,0.8333333333333334,18,0.5,2,,0,0.5,2,0.5,2,0.6666666666666666,0.6666666666666666,0.0,3.0
73,2,3,Kids,2,1,0.7037037037037037,27,0.3333333333333333,3,,0,1.0,3,0.3333333333333333,3,0.8,1.4,0.6,5.0
73,3,5,Kids,3,1,0.37777777777777777,45,0.6,5,1.0,2,0.6666666666666666,3,0.3333333333333333,3,1.9333333333333333,1.5,-0.43333333333333335,30.0
73,4,4,Kids,4,1,0.8888888888888888,36,0.75,4,1.0,2,1.0,2,0.5,2,0.5,0.5,0.0,2.0
73,5,3,Kids,5,2,0.7777777777777778,27,0.3333333333333333,3,0.0,1,1.0,2,0.5,2,0.4,0.8,0.4,5.0
73,6,5,Kids,6,2,0.7555555555555555,45,0.6,5,1.0,1,1.0,4,0.5,4,1.0,1.375,0.375,8.0
73,7,2,Kids,7,2,0.9444444444444444,18,1.0,2,1.0,1,1.0,1,1.0,1,,,,
73,8,3,Kids,8,3,0.8518518518518519,27,0.6666666666666666,3,1.0,1,0.5,2,0.5,2,0.6666666666666666,0.6666666666666666,0.0,3.0
73,9,5,Kids,9,3,0.6363636363636364,44,0.4,5,0.5,2,1.0,3,0.3333333333333333,3,1.0,1.0714285714285714,0.07142857142857142,14.0
73,10,4,Kids,10,2,0.7777777777777778,36,0.75,4,1.0,1,1.0,3,0.6666666666666666,3,0.5,0.6666666666666666,0.16666666666666666,6.0
74,1,2,Kids,1,1,1.0,18,1.0,2,1.0,2,,0,,0,,,,
74,2,3,Kids,2,1,0.8518518518518519,27,0.3333333333333333,3,0.5,2,0.0,1,0.0,1,0.6666666666666666,0.0,-0.6666666666666666,3.0
74,3,5,Kids,3,1,0.5111111111111111,45,0.6,5,1.0,1,0.75,4,0.5,4,2.3636363636363638,1.3636363636363635,-1.0,22.0
74,4,4,Kids,4,1,0.5555555555555556,36,0.5,4,1.0,2,0.5,2,0.0,2,2.15,2.05,-0.1,20.0
74,5,3,Kids,5,2,0.7407407407407407,27,0.6666666666666666,3,,0,1.0,3,0.6666666666666666,3,0.5,1.25,0.75,4.0
74,6,5,Kids,6,2,0.5555555555555556,45,0.6,5,1.0,1,1.0,4,0.5,4,1.125,1.125,0.0,16.0
74,7,2,Kids,7,2,1.0,18,1.0,2,1.0,2,,0,,0,,,,
74,8,3,Kids,8,3,0.9259259259259259,27,1.0,3,1.0,3,,0,,0,0.3333333333333333,0.0,-0.3333333333333333,3.0
74,9,5,Kids,9,3,0.6444444444444445,45,0.6,5,0.5,2,1.0,3,0.6666666666666666,3,0.8571428571428571,1.3571428571428572,0.5,14.0
74,10,4,Kids,10,2,0.6944444444444444,36,0.5,4,1.0,1,0.6666666666666666,3,0.3333333333333333,3,1.7777777777777777,2.3333333333333335,0.5555555555555556,9.0
75,1,2,Kids,1,1,0.6111111111111112,18,0.0,2,,0,1.0,2,0.0,2,0.8,1.0,0.2,5.0
75,2,3,Kids,2,1,0.8518518518518519,27,0.6666666666666666,3,1.0,1,1.0,2,0.5,2,1.0,1.0,0.0,3.0
75,3,4,Kids,3,1,0.8571428571428571,35,1.0,4,,0,1.0,4,1.0,4,1.0,0.0,-1.0,1.0
75,4,5,Kids,4,1,0.5333333333333333,45,0.6,5,0.5,2,1.0,3,0.6666666666666666,3,2.6956521739130435,0.8695652173913043,-1.826086956521739,23.0
75,5,3,Kids,5,2,1.0,27,1.0,3,1.0,3,,0,,0,,,,
75,6,5,Kids,6,2,0.5333333333333333,45,0.2,5,,0,0.6,5,0.2,5,1.6875,1.4375,-0.25,16.0
75,7,2,Kids,7,2,0.8333333333333334,18,0.5,2,1.0,1,1.0,1,0.0,1,0.0,0.5,0.5,2.0
75,8,3,Kids,8,3,0.8518518518518519,27,0.3333333333333333,3,1.0,1,1.0,2,0.0,2,0.0,1.0,1.0,2.0
75,9,4,Kids,9,2,0.9166666666666666,36,0.75,4,1.0,2,1.0,2,0.5,2,0.0,1.0,1.0,1.0
75,10,5,Kids,10,3,0.8,45,0.6,5,1.0,1,0.75,4,0.5,4,0.6666666666666666,1.0,0.3333333333333333,6.0
76,1,2,Kids,1,1,0.9444444444444444,18,1.0,2,1.0,1,1.0,1,1.0,1,0.0,0.0,0.0,1.0
76,2,3,Kids,2,1,0.5925925925925926,27,0.0,3,,0,0.6666666666666666,3,0.0,3,1.0,1.125,0.125,8.0
76,3,4,Kids,3,1,0.6388888888888888,36,0.25,4,0.0,2,0.5,2,0.5,2,1.1428571428571428,1.1428571428571428,0.0,14.0
76,4,5,Kids,4,1,0.4318181818181818,44,0.8,5,1.0,1,0.75,4,0.75,4,2.142857142857143,1.5714285714285714,-0.5714285714285714,28.0
76,5,3,Kids,5,2,0.8888888888888888,27,0.6666666666666666,3,1.0,1,1.0,2,0.5,2,0.5,1.0,0.5,2.0
76,6,5,Kids,6,2,0.8444444444444444,45,1.0,5,1.0,1,1.0,4,1.0,4,0.6666666666666666,0.6666666666666666,0.0,3.0
76,7,2,Kids,7,2,0.9444444444444444,18,1.0,2,1.0,1,1.0,1,1.0,1,,,,
76,8,3,Kids,8,3,0.8518518518518519,27,1.0,3,,0,1.0,3,1.0,3,1.0,0.0,-1.0,1.0
76,9,4,Kids,9,2,0.5142857142857142,35,0.75,4,1.0,1,1.0,3,0.6666666666666666,3,1.2,1.4666666666666666,0.26666666666666666,15.0
76,10,5,Kids,10,3,0.5121951219512195,41,0.0,3,0.0,1,0.5,2,0.0,2,1.2352941176470589,1.5294117647058822,0.29411764705882354,17.0
77,1,2,Kids,1,1,0.8888888888888888,18,1.0,2,1.0,1,1.0,1,1.0,1,0.0,0.0,0.0,1.0
77,2,3,Kids,2,1,0.7407407407407407,27,0.3333333333333333,3,,0,1.0,3,0.3333333333333333,3,0.6,1.2,0.6,5.0
77,3,4,Kids,3,1,0.75,36,0.5,4,1.0,1,0.6666666666666666,3,0.3333333333333333,3,1.5,0.6666666666666666,-0.8333333333333334,6.0
77,4,5,Kids,4,1,0.9555555555555556,45,0.8,5,0.75,4,1.0,1,1.0,1,0.5,0.0,-0.5,2.0
77,5,3,Kids,5,2,0.8888888888888888,27,0.6666666666666666,3,0.0,1,1.0,2,1.0,2,0.0,0.0,0.0,1.0
77,6,5,Kids,6,2,0.6666666666666666,45,0.2,5,0.0,1,1.0,4,0.25,4,0.8181818181818182,1.2727272727272727,0.45454545454545453,11.0
77,7,2,Kids,7,2,0.8888888888888888,18,0.5,2,0.5,2,,0,,0,0.0,0.0,0.0,2.0
77,8,3,Kids,8,3,0.8148148148148148,27,0.3333333333333333,3,1.0,1,1.0,2,0.0,2,0.3333333333333333,1.0,0.6666666666666666,3.0
77,9,4,Kids,9,2,0.8333333333333334,36,0.25,4,1.0,1,1.0,3,0.0,3,0.0,1.0,1.0,3.0
77,10,5,Kids,10,3,0.9111111111111111,45,0.6,5,1.0,3,1.0,2,0.0,2,0.0,1.0,1.0,2.0
78,1,2,Kids,1,1,0.7222222222222222,18,0.0,2,,0,1.0,2,0.0,2,0.8,1.0,0.2,5.0
78,2,4,Kids,2,1,0.7777777777777778,36,0.5,4,1.0,1,0.3333333333333333,3,0.3333333333333333,3,0.6666666666666666,0.6666666666666666,0.0,6.0
78,3,3,Kids,3,1,0.7407407407407407,27,0.3333333333333333,3,1.0,1,1.0,2,0.0,2,0.5,0.8333333333333334,0.3333333333333333,6.0
78,4,5,Kids,4,1,0.4666666666666667,45,0.0,5,,0,0.4,5,0.0,5,1.25,1.6,0.35,20.0
78,5,3,Kids,5,2,0.8888888888888888,27,1.0,3,,0,1.0,3,1.0,3,,,,
78,6,5,Kids,6,2,0.7111111111111111,45,0.6,5,1.0,1,0.5,4,0.5,4,0.6666666666666666,1.2222222222222223,0.5555555555555556,9.0
78,7,2,Kids,7,2,0.7777777777777778,18,0.5,2,,0,0.5,2,0.5,2,0.5,1.0,0.5,2.0
78,8,4,Kids,8,2,0.8333333333333334,36,0.5,4,1.0,1,0.6666666666666666,3,0.3333333333333333,3,0.6666666666666666,0.6666666666666666,0.0,3.0
78,9,3,Kids,9,3,0.9259259259259259,27,1.0,3,1.0,1,1.0,2,1.0,2,,,,
78,10,5,Kids,10,3,0.8444444444444444,45,0.6,5,1.0,1,0.75,4,0.5,4,0.3333333333333333,1.0,0.6666666666666666,3.0
79,1,2,Kids,1,1,0.7222222222222222,18,1.0,2,1.0,1,1.0,1,1.0,1,0.5,0.5,0.0,4.0
79,2,3,Kids,2,1,0.7407407407407407,27,0.6666666666666666,3,,0,1.0,3,0.6666666666666666,3,1.0,1.5,0.5,4.0
79,3,4,Kids,3,1,0.8611111111111112,36,0.75,4,0.5,2,1.0,2,1.0,2,0.5,0.5,0.0,4.0
79,4,5,Kids,4,1,0.6222222222222222,45,0.4,5,,0,0.4,5,0.4,5,1.8,1.4,-0.4,15.0
79,5,3,Kids,5,2,0.6296296296296297,27,0.3333333333333333,3,1.0,1,0.0,2,0.0,2,1.5,1.2,-0.3,10.0
79,6,5,Kids,6,2,0.4444444444444444,45,0.0,5,0.0,1,0.25,4,0.0,4,1.3333333333333333,1.2857142857142858,-0.047619047619047616,21.0
79,7,2,Kids,7,2,0.8888888888888888,18,1.0,2,1.0,2,,0,,0,0.5,0.0,-0.5,2.0
79,8,3,Kids,8,3,0.9259259259259259,27,0.6666666666666666,3,1.0,2,0.0,1,0.0,1,1.0,0.0,-1.0,1.0
79,9,4,Kids,9,2,0.8055555555555556,36,0.5,4,0.5,2,0.5,2,0.5,2,0.8333333333333334,0.3333333333333333,-0.5,6.0
79,10,5,Kids,10,3,0.7555555555555555,45,0.6,5,,0,1.0,5,0.6,5,1.1428571428571428,1.2857142857142858,0.14285714285714285,7.0
80,1,2,Teens,1,1,0.5555555555555556,18,0.0,2,,0,0.5,2,0.0,2,1.1428571428571428,1.4285714285714286,0.2857142857142857,7.0
80,2,3,Teens,2,1,0.7777777777777778,27,0.3333333333333333,3,1.0,1,0.5,2,0.0,2,0.5,1.0,0.5,4.0
80,3,4,Teens,3,1,0.9166666666666666,36,0.75,4,1.0,3,1.0,1,0.0,1,0.5,1.0,0.5,2.0
80,4,5,Teens,4,1,0.6590909090909091,44,0.2,5,1.0,1,0.3333333333333333,3,0.0,3,1.1666666666666667,0.9166666666666666,-0.25,12.0
80,5,3,Teens,5,2,0.7777777777777778,27,0.0,3,0.0,1,0.5,2,0.0,2,0.4,1.0,0.6,5.0
80,6,5,Teens,6,2,0.4666666666666667,45,0.8,5,1.0,2,1.0,3,0.6666666666666666,3,2.08,1.4,-0.68,25.0
80,7,2,Teens,7,2,0.9444444444444444,18,1.0,2,1.0,1,1.0,1,1.0,1,,,,
80,8,3,Teens,8,3,0.7037037037037037,27,0.3333333333333333,3,1.0,1,1.0,2,0.0,2,0.75,1.25,0.5,8.0
80,9,4,Teens,9,2,0.75,36,0.5,4,1.0,2,0.5,2,0.0,2,2.0,0.25,-1.75,8.0
80,10,5,Teens,10,3,0.7555555555555555,45,0.8,5,1.0,2,0.6666666666666666,3,0.6666666666666666,3,2.125,0.0,-2.125,8.0
81,1,2,Teens,1,1,0.9444444444444444,18,1.0,2,1.0,1,1.0,1,1.0,1,0.5,0.0,-0.5,2.0
81,2,3,Teens,2,1,0.7777777777777778,27,0.6666666666666666,3,,0,1.0,3,0.6666666666666666,3,0.25,1.0,0.75,4.0
81,3,4,Teens,3,1,0.8611111111111112,36,0.75,4,1.0,2,1.0,2,0.5,2,0.5,0.5,0.0,4.0
81,4,5,Teens,4,1,0.5555555555555556,45,0.4,5,0.0,3,1.0,2,1.0,2,1.25,1.55,0.3,20.0
81,5,3,Teens,5,2,0.8888888888888888,27,1.0,3,1.0,1,1.0,2,1.0,2,1.0,0.0,-1.0,1.0
81,6,5,Teens,6,2,0.5,44,0.4,5,0.0,1,1.0,3,0.6666666666666666,3,2.1724137931034484,2.0689655172413794,-0.10344827586206896,29.0
81,7,2,Teens,7,2,0.8823529411764706,17,0.5,2,,0,1.0,1,1.0,1,0.3333333333333333,1.0,0.6666666666666666,3.0
81,8,3,Teens,8,3,0.7037037037037037,27,0.3333333333333333,3,0.0,1,1.0,2,0.5,2,0.7142857142857143,1.0,0.2857142857142857,7.0
81,9,4,Teens,9,2,0.9444444444444444,36,0.75,4,1.0,3,1.0,1,0.0,1,0.0,1.0,1.0,1.0
81,10,5,Teens,10,3,0.9555555555555556,45,1.0,5,1.0,4,1.0,1,1.0,1,1.0,0.0,-1.0,1.0
82,1,2,Teens,1,1,0.9444444444444444,18,1.0,2,1.0,1,1.0,1,1.0,1,,,,
82,2,3,Teens,2,1,0.6666666666666666,27,0.0,3,,0,0.3333333333333333,3,0.0,3,0.5,1.0,0.5,6.0
82,3,5,Teens,3,1,0.8444444444444444,45,0.6,5,1.0,2,1.0,3,0.3333333333333333,3,0.25,0.75,0.5,4.0
82,4,4,Teens,4,1,0.9166666666666666,36,1.0,4,1.0,2,1.0,2,1.0,2,0.0,0.0,0.0,1.0
82,5,3,Teens,5,2,0.8518518518518519,27,0.3333333333333333,3,0.0,1,1.0,2,0.5,2,0.0,0.5,0.5,2.0
82,6,5,Teens,6,2,0.8444444444444444,45,0.6,5,1.0,1,1.0,4,0.5,4,0.0,1.0,1.0,3.0
82,7,2,Teens,7,2,0.9444444444444444,18,1.0,2,1.0,1,1.0,1,1.0,1,,,,
82,8,3,Teens,8,3,1.0,27,1.0,3,1.0,3,,0,,0,,,,
82,9,5,Teens,9,3,0.8444444444444444,45,0.6,5,0.5,2,1.0,3,0.6666666666666666,3,0.5,0.25,-0.25,4.0
82,10,4,Teens,10,2,0.8333333333333334,36,0.5,4,1.0,1,1.0,3,0.3333333333333333,3,0.0,1.0,1.0,3.0
83,1,2,Kids,1,1,0.6666666666666666,18,0.5,2,,0,1.0,2,0.5,2,1.8333333333333333,0.8333333333333334,-1.0,6.0
83,2,3,Kids,2,1,0.7407407407407407,27,0.3333333333333333,3,0.5,2,1.0,1,0.0,1,1.1111111111111112,1.2222222222222223,0.1111111111111111,9.0
83,3,5,Kids,3,1,0.3333333333333333,45,0.8,5,,0,1.0,5,0.8,5,2.05,2.45,0.4,40.0
83,4,4,Kids,4,1,0.7222222222222222,36,0.5,4,1.0,2,1.0,2,0.0,2,1.1111111111111112,1.5555555555555556,0.4444444444444444,9.0
83,5,3,Kids,5,2,0.5185185185185185,27,1.0,3,1.0,1,1.0,2,1.0,2,2.0,1.2352941176470589,-0.7647058823529411,17.0
83,6,5,Kids,6,2,0.6222222222222222,45,0.6,5,,0,0.8,5,0.6,5,1.3333333333333333,1.2222222222222223,-0.1111111111111111,18.0
83,7,2,Kids,7,2,0.5294117647058824,17,0.0,2,,0,1.0,1,0.0,1,1.4,1.3,-0.1,10.0
83,8,3,Kids,8,3,0.6296296296296297,27,0.6666666666666666,3,1.0,1,0.5,2,0.5,2,1.7,0.2,-1.5,10.0
83,9,5,Kids,9,3,0.7777777777777778,45,0.6,5,1.0,3,1.0,2,0.0,2,0.9285714285714286,1.0714285714285714,0.14285714285714285,14.0
83,10,4,Kids,10,2,0.3055555555555556,36,0.25,4,1.0,1,1.0,3,0.0,3,2.1,2.3333333333333335,0.23333333333333334,30.0
84,1,2,Kids,1,1,0.7777777777777778,18,1.0,2,,0,1.0,2,1.0,2,0.5,1.0,0.5,2.0
84,2,3,Kids,2,1,0.7037037037037037,27,0.3333333333333333,3,0.5,2,1.0,1,0.0,1,0.5714285714285714,1.0,0.42857142857142855,7.0
84,3,5,Kids,3,1,0.6888888888888889,45,0.2,5,0.5,2,0.3333333333333333,3,0.0,3,1.0,1.2307692307692308,0.23076923076923078,13.0
84,4,4,Kids,4,1,0.7222222222222222,36,0.5,4,0.0,1,1.0,3,0.6666666666666666,3,0.7777777777777778,1.2222222222222223,0.4444444444444444,9.0
84,5,3,Kids,5,2,0.9629629629629629,27,1.0,3,1.0,2,1.0,1,1.0,1,1.5,0.0,-1.5,2.0
84,6,5,Kids,6,2,0.6666666666666666,45,0.4,5,1.0,1,0.5,4,0.25,4,0.9166666666666666,1.0,0.08333333333333333,12.0
84,7,2,Kids,7,2,0.9444444444444444,18,1.0,2,1.0,2,,0,,0,0.0,0.0,0.0,1.0
84,8,3,Kids,8,3,0.7037037037037037,27,0.3333333333333333,3,1.0,1,1.0,2,0.0,2,0.875,1.125,0.25,8.0
84,9,5,Kids,9,3,0.7333333333333333,45,0.6,5,0.6666666666666666,3,0.5,2,0.5,2,0.5,0.9,0.4,10.0
84,10,4,Kids,10,2,0.9166666666666666,36,0.75,4,0.5,2,1.0,2,1.0,2,0.0,0.0,0.0,1.0
85,1,2,Kids,1,1,0.8235294117647058,17,0.0,1,,0,0.0,1,0.0,1,0.6666666666666666,0.0,-0.6666666666666666,3.0
85,2,3,Kids,2,1,0.7777777777777778,27,0.6666666666666666,3,1.0,1,1.0,2,0.5,2,1.2,0.8,-0.4,5.0
85,3,4,Kids,3,1,0.8611111111111112,36,0.75,4,1.0,1,0.6666666666666666,3,0.6666666666666666,3,0.5,0.5,0.0,2.0
85,4,5,Kids,4,1,0.5555555555555556,45,0.2,5,0.0,2,0.6666666666666666,3,0.3333333333333333,3,1.1111111111111112,1.3888888888888888,0.2777777777777778,18.0
85,5,3,Kids,5,2,0.8888888888888888,27,0.6666666666666666,3,1.0,1,1.0,2,0.5,2,0.0,0.5,0.5,2.0
85,6,5,Kids,6,2,0.7555555555555555,45,0.4,5,1.0,1,0.5,4,0.25,4,1.2857142857142858,0.7142857142857143,-0.5714285714285714,7.0
85,7,2,Kids,7,2,0.7222222222222222,18,0.5,2,,0,1.0,2,0.5,2,0.3333333333333333,1.0,0.6666666666666666,3.0
85,8,3,Kids,8,3,0.9629629629629629,27,1.0,3,1.0,2,1.0,1,1.0,1,,,,
85,9,4,Kids,9,2,0.8333333333333334,36,0.75,4,1.0,1,1.0,3,0.6666666666666666,3,0.6666666666666666,1.3333333333333333,0.6666666666666666,3.0
85,10,5,Kids,10,3,0.7333333333333333,45,0.2,5,1.0,1,1.0,4,0.0,4,1.0,1.0,0.0,9.0
86,1,2,Kids,1,1,0.8333333333333334,18,1.0,2,1.0,1,1.0,1,1.0,1,1.0,0.0,-1.0,4.0
86,2,3,Kids,2,1,0.5925925925925926,27,0.6666666666666666,3,,0,1.0,3,0.6666666666666666,3,1.0,1.3333333333333333,0.3333333333333333,9.0
86,3,4,Kids,3,1,0.5555555555555556,36,0.5,4,1.0,1,0.3333333333333333,3,0.3333333333333333,3,1.6,1.8666666666666667,0.26666666666666666,15.0
86,4,5,Kids,4,1,0.8409090909090909,44,1.0,5,1.0,2,1.0,3,1.0,3,0.5,0.875,0.375,8.0
86,5,3,Kids,5,2,0.8148148148148148,27,0.3333333333333333,3,1.0,1,0.5,2,0.0,2,0.5,0.5,0.0,4.0
86,6,5,Kids,6,2,0.8666666666666667,45,0.8,5,1.0,2,0.6666666666666666,3,0.6666666666666666,3,0.75,0.25,-0.5,4.0
86,7,2,Kids,7,2,0.7777777777777778,18,0.5,2,,0,1.0,2,0.5,2,1.0,1.0,0.0,3.0
86,8,3,Kids,8,3,0.8518518518518519,27,1.0,3,1.0,1,1.0,2,1.0,2,0.5,0.5,0.0,2.0
86,9,4,Kids,9,2,0.36363636363636365,33,1.0,4,1.0,1,1.0,3,1.0,3,1.5384615384615385,1.9615384615384615,0.4230769230769231,26.0
86,10,5,Kids,10,3,0.4186046511627907,43,0.6,5,1.0,3,0.5,2,0.0,2,1.975609756097561,2.073170731707317,0.0975609756097561,41.0
87,1,2,Kids,1,1,0.7777777777777778,18,1.0,2,1.0,1,1.0,1,1.0,1,0.3333333333333333,0.3333333333333333,0.0,3.0
87,2,3,Kids,2,1,0.7037037037037037,27,0.3333333333333333,3,,0,1.0,3,0.3333333333333333,3,0.5,1.1666666666666667,0.6666666666666666,6.0
87,3,4,Kids,3,1,0.7777777777777778,36,0.75,4,1.0,3,1.0,1,0.0,1,1.0,0.8571428571428571,-0.14285714285714285,7.0
87,4,5,Kids,4,1,0.7777777777777778,45,0.8,5,1.0,2,0.6666666666666666,3,0.6666666666666666,3,1.5,0.25,-1.25,8.0
87,5,3,Kids,5,2,0.9629629629629629,27,1.0,3,1.0,2,1.0,1,1.0,1,,,,
87,6,5,Kids,6,2,0.5333333333333333,45,0.2,5,,0,0.6,5,0.2,5,1.6666666666666667,1.4444444444444444,-0.2222222222222222,18.0
87,7,2,Kids,7,2,0.7777777777777778,18,0.5,2,,0,1.0,2,0.5,2,0.5,1.0,0.5,2.0
87,8,3,Kids,8,3,0.8888888888888888,27,0.6666666666666666,3,1.0,1,1.0,2,0.5,2,0.0,1.0,1.0,1.0
87,9,4,Kids,9,2,0.75,36,0.5,4,1.0,1,1.0,3,0.3333333333333333,3,0.5714285714285714,0.8571428571428571,0.2857142857142857,7.0
87,10,5,Kids,10,3,0.8222222222222222,45,0.6,5,1.0,3,0.5,2,0.0,2,0.8333333333333334,1.1666666666666667,0.3333333333333333,6.0
88,1,2,Kids,1,1,0.8888888888888888,18,0.5,2,1.0,1,0.0,1,0.0,1,1.0,0.0,-1.0,1.0
88,2,4,Kids,2,1,0.8285714285714286,35,0.5,4,1.0,1,0.3333333333333333,3,0.3333333333333333,3,0.6666666666666666,0.6666666666666666,0.0,3.0
88,3,3,Kids,3,1,0.7407407407407407,27,0.3333333333333333,3,,0,1.0,3,0.3333333333333333,3,0.6,1.2,0.6,5.0
88,4,5,Kids,4,1,0.6,45,0.4,5,0.6666666666666666,3,0.5,2,0.0,2,1.5,1.2777777777777777,-0.2222222222222222,18.0
88,5,3,Kids,5,2,0.76,25,1.0,3,,0,1.0,3,1.0,3,0.6666666666666666,0.3333333333333333,-0.3333333333333333,3.0
88,6,5,Kids,6,2,0.7954545454545454,44,0.8,5,1.0,3,1.0,2,0.5,2,2.142857142857143,0.8571428571428571,-1.2857142857142858,7.0
88,7,2,Kids,7,2,0.8888888888888888,18,0.5,2,1.0,1,1.0,1,0.0,1,0.0,1.0,1.0,1.0
88,8,4,Kids,8,2,0.7941176470588235,34,0.5,4,0.5,2,1.0,1,1.0,1,1.7777777777777777,1.3333333333333333,-0.4444444444444444,9.0
88,9,3,Kids,9,3,0.84,25,1.0,3,1.0,1,1.0,2,1.0,2,0.0,0.6666666666666666,0.6666666666666666,3.0
88,10,5,Kids,10,3,0.7272727272727273,44,0.6,5,1.0,1,0.75,4,0.5,4,1.5555555555555556,0.7777777777777778,-0.7777777777777778,9.0
90,1,2,Kids,1,1,0.6666666666666666,18,0.5,2,,0,1.0,2,0.5,2,1.0,1.2,0.2,5.0
90,2,3,Kids,2,1,0.8148148148148148,27,0.6666666666666666,3,,0,0.6666666666666666,3,0.6666666666666666,3,1.5,0.0,-1.5,2.0
90,3,4,Kids,3,1,0.8333333333333334,36,0.75,4,1.0,1,0.6666666666666666,3,0.6666666666666666,3,1.0,0.3333333333333333,-0.6666666666666666,3.0
90,4,5,Kids,4,1,0.8222222222222222,45,0.6,5,1.0,1,1.0,4,0.5,4,0.5,1.0,0.5,4.0
90,5,3,Kids,5,2,0.7692307692307693,26,0.6666666666666666,3,1.0,1,1.0,2,0.5,2,1.5,1.25,-0.25,8.0
90,6,5,Kids,6,2,0.7027027027027027,37,0.5,2,,0,0.5,2,0.5,2,1.36,1.48,0.12,25.0
90,7,2,Kids,7,2,0.5294117647058824,17,0.0,2,,0,0.5,2,0.0,2,1.8888888888888888,0.8888888888888888,-1.0,9.0
90,8,3,Kids,8,3,0.16666666666666666,24,0.0,1,,0,1.0,1,0.0,1,2.6153846153846154,1.8846153846153846,-0.7307692307692307,26.0
90,9,4,Kids,9,2,0.16666666666666666,36,0.0,4,0.0,2,0.0,2,0.0,2,2.3513513513513513,2.3513513513513513,0.0,37.0
90,10,5,Kids,10,3,0.4772727272727273,44,0.2,5,1.0,1,0.0,3,0.0,3,2.7142857142857144,1.25,-1.4642857142857142,28.0
91,1,2,Kids,1,1,0.8333333333333334,18,0.5,2,,0,1.0,2,0.5,2,0.0,1.0,1.0,1.0
91,2,3,Kids,2,1,0.6296296296296297,27,0.3333333333333333,3,1.0,1,0.5,2,0.0,2,1.0,1.3333333333333333,0.3333333333333333,9.0
91,3,4,Kids,3,1,0.3333333333333333,36,0.25,4,0.0,1,0.6666666666666666,3,0.3333333333333333,3,2.4,2.1,-0.3,30.0
91,4,5,Kids,4,1,0.7111111111111111,45,0.4,5,0.6666666666666666,3,0.5,2,0.0,2,1.1666666666666667,0.9166666666666666,-0.25,12.0
91,5,3,Kids,5,2,0.6296296296296297,27,0.3333333333333333,3,1.0,1,0.5,2,0.0,2,1.5,1.125,-0.375,8.0
91,6,5,Kids,6,2,0.5777777777777777,45,0.6,5,,0,1.0,5,0.6,5,2.15,2.4,0.25,20.0
91,7,2,Kids,7,2,0.8888888888888888,18,1.0,2,1.0,1,1.0,1,1.0,1,0.0,1.0,1.0,1.0
91,8,3,Kids,8,3,0.8888888888888888,27,1.0,3,1.0,1,1.0,2,1.0,2,0.0,0.0,0.0,1.0
91,9,4,Kids,9,2,0.9166666666666666,36,1.0,4,1.0,1,1.0,3,1.0,3,0.0,0.5,0.5,2.0
91,10,5,Kids,10,3,0.6744186046511628,43,0.4,5,1.0,1,1.0,2,0.5,2,1.0769230769230769,1.0769230769230769,0.0,13.0
92,1,2,Teens,1,1,0.6111111111111112,18,0.0,2,,0,0.5,2,0.0,2,1.1666666666666667,1.0,-0.16666666666666666,6.0
92,2,3,Teens,2,1,0.37037037037037035,27,0.3333333333333333,3,1.0,1,0.0,2,0.0,2,2.0555555555555554,2.5,0.4444444444444444,18.0
92,3,5,Teens,3,1,0.5333333333333333,45,0.2,5,0.0,2,0.6666666666666666,3,0.3333333333333333,3,1.7083333333333333,1.5,-0.20833333333333334,24.0
92,4,4,Teens,4,1,0.5833333333333334,36,0.75,4,1.0,2,1.0,2,0.5,2,1.3333333333333333,1.3333333333333333,0.0,15.0
92,5,3,Teens,5,2,0.6296296296296297,27,0.3333333333333333,3,,0,0.3333333333333333,3,0.3333333333333333,3,2.3636363636363638,0.5454545454545454,-1.8181818181818181,11.0
92,6,5,Teens,6,2,0.5128205128205128,39,0.4,5,,0,0.6,5,0.4,5,2.2142857142857144,1.4642857142857142,-0.75,28.0
92,7,2,Teens,7,2,0.6666666666666666,18,0.0,2,,0,0.5,2,0.0,2,0.5,1.0,0.5,4.0
92,8,3,Teens,8,3,0.8846153846153846,26,1.0,3,,0,1.0,2,1.0,2,0.5,0.5,0.0,2.0
92,9,5,Teens,9,3,0.7777777777777778,45,0.6,5,,0,1.0,5,0.6,5,0.6,0.8,0.2,5.0
92,10,4,Teens,10,2,0.7777777777777778,36,0.75,4,,0,0.75,4,0.75,4,0.5,0.75,0.25,4.0
93,1,2,Kids,1,1,0.9444444444444444,18,1.0,2,1.0,2,,0,,0,0.0,0.0,0.0,1.0
93,2,3,Kids,2,1,1.0,27,1.0,3,1.0,3,,0,,0,0.0,0.0,0.0,1.0
93,3,5,Kids,3,1,0.7777777777777778,45,0.8,5,1.0,3,0.5,2,0.5,2,1.5,1.6,0.1,10.0
93,4,4,Kids,4,1,0.5277777777777778,36,0.0,4,0.0,2,0.5,2,0.0,2,1.1111111111111112,1.5,0.3888888888888889,18.0
93,5,3,Kids,5,2,0.8148148148148148,27,1.0,3,1.0,1,1.0,2,1.0,2,1.0,0.0,-1.0,4.0
93,6,5,Kids,6,2,0.9111111111111111,45,0.8,5,1.0,3,1.0,2,0.5,2,0.8,0.4,-0.4,5.0
93,7,2,Kids,7,2,0.6111111111111112,18,0.0,2,,0,0.5,2,0.0,2,0.8,1.0,0.2,5.0
93,8,3,Kids,8,3,0.7307692307692307,26,0.6666666666666666,3,0.5,2,1.0,1,1.0,1,0.42857142857142855,0.7142857142857143,0.2857142857142857,7.0
93,9,5,Kids,9,3,0.5476190476190477,42,0.4,5,0.5,2,1.0,3,0.3333333333333333,3,1.8181818181818181,1.0454545454545454,-0.7727272727272727,22.0
93,10,4,Kids,10,2,0.5,36,0.5,4,0.5,2,1.0,2,0.5,2,2.15,0.95,-1.2,20.0
94,1,2,Kids,1,1,0.7777777777777778,18,1.0,2,,0,1.0,2,1.0,2,0.5,0.5,0.0,2.0
94,2,3,Kids,2,1,0.7037037037037037,27,0.3333333333333333,3,,0,1.0,3,0.3333333333333333,3,0.5,1.1666666666666667,0.6666666666666666,6.0
94,3,5,Kids,3,1,0.7777777777777778,45,0.4,5,1.0,1,0.5,4,0.25,4,0.8333333333333334,0.3333333333333333,-0.5,6.0
94,4,4,Kids,4,1,0.6111111111111112,36,0.25,4,1.0,1,1.0,3,0.0,3,1.0833333333333333,1.5,0.4166666666666667,12.0
94,5,3,Kids,5,2,0.9629629629629629,27,1.0,3,1.0,2,1.0,1,1.0,1,,,,
94,6,5,Kids,6,2,0.8409090909090909,44,0.8,5,1.0,2,1.0,3,0.6666666666666666,3,1.6666666666666667,0.16666666666666666,-1.5,6.0
94,7,2,Kids,7,2,0.8888888888888888,18,1.0,2,1.0,1,1.0,1,1.0,1,0.0,0.0,0.0,1.0
94,8,3,Kids,8,3,0.9629629629629629,27,1.0,3,1.0,2,1.0,1,1.0,1,,,,
94,9,5,Kids,9,3,0.6888888888888889,45,0.6,5,0.6666666666666666,3,1.0,2,0.5,2,0.6428571428571429,0.8571428571428571,0.21428571428571427,14.0
94,10,4,Kids,10,2,1.0,36,1.0,4,1.0,4,,0,,0,,,,
95,1,2,Kids,1,1,0.6666666666666666,18,0.0,2,,0,1.0,2,0.0,2,0.75,1.0,0.25,4.0
95,2,3,Kids,2,1,0.5925925925925926,27,0.3333333333333333,3,0.0,1,0.5,2,0.5,2,0.8888888888888888,1.0,0.1111111111111111,9.0
95,3,4,Kids,3,1,0.5,36,0.25,4,,0,0.75,4,0.25,4,1.588235294117647,1.411764705882353,-0.17647058823529413,17.0
95,4,5,Kids,4,1,0.4318181818181818,44,0.0,5,,0,1.0,4,0.0,4,2.037037037037037,1.8888888888888888,-0.14814814814814814,27.0
95,5,3,Kids,5,2,0.8888888888888888,27,0.6666666666666666,3,0.0,1,1.0,2,1.0,2,0.0,0.0,0.0,1.0
95,6,5,Kids,6,2,0.6222222222222222,45,0.4,5,0.0,1,0.75,4,0.5,4,1.2857142857142858,1.4285714285714286,0.14285714285714285,14.0
95,7,2,Kids,7,2,0.8888888888888888,18,1.0,2,1.0,1,1.0,1,1.0,1,0.0,0.0,0.0,1.0
95,8,3,Kids,8,3,0.8888888888888888,27,0.6666666666666666,3,1.0,1,1.0,2,0.5,2,0.0,1.0,1.0,1.0
95,9,4,Kids,9,2,0.6666666666666666,36,0.25,4,0.0,3,1.0,1,1.0,1,0.45454545454545453,0.9090909090909091,0.45454545454545453,11.0
95,10,5,Kids,10,3,0.6666666666666666,45,0.4,5,1.0,1,0.5,4,0.25,4,1.0833333333333333,1.3333333333333333,0.25,12.0
96,1,2,Teens,1,1,0.8888888888888888,18,1.0,2,,0,1.0,2,1.0,2,1.0,0.0,-1.0,1.0
96,2,3,Teens,2,1,0.7407407407407407,27,0.3333333333333333,3,,0,1.0,3,0.3333333333333333,3,0.6,0.8,0.2,5.0
96,3,4,Teens,3,1,0.7222222222222222,36,0.5,4,1.0,1,1.0,3,0.3333333333333333,3,0.8571428571428571,1.4285714285714286,0.5714285714285714,7.0
96,4,5,Teens,4,1,0.7555555555555555,45,0.4,5,0.5,2,1.0,3,0.3333333333333333,3,0.5,1.0,0.5,8.0
96,5,3,Teens,5,2,0.8148148148148148,27,0.3333333333333333,3,,0,1.0,3,0.3333333333333333,3,0.3333333333333333,1.0,0.6666666666666666,3.0
96,6,5,Teens,6,2,0.7111111111111111,45,0.6,5,1.0,1,0.75,4,0.5,4,1.1111111111111112,1.6666666666666667,0.5555555555555556,9.0
96,7,2,Teens,7,2,0.8333333333333334,18,0.5,2,,0,1.0,2,0.5,2,0.0,1.0,1.0,1.0
96,8,3,Teens,8,3,0.7407407407407407,27,0.3333333333333333,3,,0,1.0,3,0.3333333333333333,3,0.5,1.0,0.5,4.0
96,9,4,Teens,9,2,0.8611111111111112,36,0.75,4,1.0,1,1.0,3,0.6666666666666666,3,0.5,0.5,0.0,2.0
96,10,5,Teens,10,3,0.8,45,0.8,5,0.6666666666666666,3,1.0,2,1.0,2,0.375,0.75,0.375,8.0
97,1,2,Teens,1,1,0.8888888888888888,18,1.0,2,,0,1.0,2,1.0,2,,,,
97,2,3,Teens,2,1,0.8888888888888888,27,1.0,3,1.0,2,1.0,1,1.0,1,0.0,0.5,0.5,2.0
97,3,4,Teens,3,1,0.8611111111111112,36,0.5,4,1.0,1,1.0,3,0.3333333333333333,3,0.0,1.0,1.0,2.0
97,4,5,Teens,4,1,0.8888888888888888,45,0.6,5,1.0,2,1.0,3,0.3333333333333333,3,0.0,1.0,1.0,2.0
97,5,3,Teens,5,2,0.9629629629629629,27,1.0,3,1.0,2,1.0,1,1.0,1,,,,
97,6,5,Teens,6,2,0.8888888888888888,45,0.6,5,1.0,3,1.0,2,0.0,2,0.3333333333333333,1.0,0.6666666666666666,3.0
97,7,2,Teens,7,2,0.8333333333333334,18,0.5,2,,0,1.0,2,0.5,2,0.0,1.0,1.0,1.0
97,8,3,Teens,8,3,0.9629629629629629,27,1.0,3,1.0,2,1.0,1,1.0,1,,,,
97,9,4,Teens,9,2,0.9166666666666666,36,1.0,4,1.0,3,1.0,1,1.0,1,0.0,0.0,0.0,2.0
97,10,5,Teens,10,3,0.8666666666666667,45,0.6,5,1.0,1,1.0,4,0.5,4,0.0,1.0,1.0,2.0
98,1,2,Teens,1,1,0.7777777777777778,18,0.0,2,,0,1.0,2,0.0,2,0.0,1.0,1.0,2.0
98,2,4,Teens,2,1,0.8333333333333334,36,0.75,4,1.0,1,0.6666666666666666,3,0.6666666666666666,3,0.3333333333333333,0.6666666666666666,0.3333333333333333,3.0
98,3,3,Teens,3,1,0.9259259259259259,27,0.6666666666666666,3,1.0,2,1.0,1,0.0,1,0.0,1.0,1.0,1.0
98,4,5,Teens,4,1,0.8666666666666667,45,0.6,5,1.0,2,1.0,3,0.3333333333333333,3,0.3333333333333333,1.0,0.6666666666666666,3.0
98,5,3,Teens,5,2,0.8518518518518519,27,0.6666666666666666,3,1.0,1,1.0,2,0.5,2,0.5,1.0,0.5,2.0
98,6,5,Teens,6,2,0.8888888888888888,45,0.8,5,1.0,2,0.6666666666666666,3,0.6666666666666666,3,0.5,0.0,-0.5,2.0
98,7,2,Teens,7,2,1.0,18,1.0,2,1.0,2,,0,,0,,,,
98,8,4,Teens,8,2,0.9166666666666666,36,0.75,4,1.0,2,1.0,2,0.5,2,0.0,1.0,1.0,1.0
98,9,3,Teens,9,3,0.8888888888888888,27,0.6666666666666666,3,1.0,1,1.0,2,0.5,2,0.0,1.0,1.0,1.0
98,10,5,Teens,10,3,0.5555555555555556,45,0.2,5,0.0,1,0.5,4,0.25,4,1.0625,1.25,0.1875,16.0
99,1,2,Teens,1,1,0.8888888888888888,18,0.5,2,1.0,1,1.0,1,0.0,1,0.0,1.0,1.0,1.0
99,2,3,Teens,2,1,0.9259259259259259,27,0.6666666666666666,3,1.0,2,1.0,1,0.0,1,0.0,1.0,1.0,1.0
99,3,4,Teens,3,1,0.8333333333333334,36,0.5,4,1.0,1,1.0,3,0.3333333333333333,3,0.0,1.0,1.0,3.0
99,4,5,Teens,4,1,0.8666666666666667,45,0.6,5,1.0,3,1.0,2,0.0,2,0.25,0.75,0.5,4.0
99,5,3,Teens,5,2,0.9259259259259259,27,0.6666666666666666,3,1.0,2,1.0,1,0.0,1,0.0,1.0,1.0,1.0
99,6,5,Teens,6,2,0.9111111111111111,45,1.0,5,1.0,2,1.0,3,1.0,3,0.0,1.0,1.0,1.0
99,7,2,Teens,7,2,0.8888888888888888,18,1.0,2,,0,1.0,2,1.0,2,,,,
99,8,3,Teens,8,3,0.9629629629629629,27,1.0,3,1.0,2,1.0,1,1.0,1,,,,
99,9,4,Teens,9,2,0.9166666666666666,36,1.0,4,1.0,1,1.0,3,1.0,3,0.0,0.0,0.0,1.0
99,10,5,Teens,10,3,0.8,45,0.6,5,1.0,2,1.0,3,0.3333333333333333,3,0.5,0.8333333333333334,0.3333333333333333,6.0
100,1,2,Kids,1,1,0.8888888888888888,18,1.0,2,,0,1.0,2,1.0,2,,,,
100,2,3,Kids,2,1,0.8888888888888888,27,0.6666666666666666,3,1.0,1,1.0,2,0.5,2,0.0,1.0,1.0,1.0
100,3,4,Kids,3,1,0.8055555555555556,36,0.5,4,0.0,1,0.6666666666666666,3,0.6666666666666666,3,1.1666666666666667,0.0,-1.1666666666666667,6.0
100,4,5,Kids,4,1,0.8222222222222222,45,0.6,5,1.0,3,0.5,2,0.0,2,1.1666666666666667,1.0,-0.16666666666666666,6.0
100,5,3,Kids,5,2,0.7407407407407407,27,0.0,3,0.0,1,0.5,2,0.0,2,0.8,0.6,-0.2,5.0
100,6,5,Kids,6,2,0.7333333333333333,45,0.6,5,0.6666666666666666,3,1.0,2,0.5,2,1.3846153846153846,1.5384615384615385,0.15384615384615385,13.0
100,7,2,Kids,7,2,0.8333333333333334,18,0.0,2,0.0,1,1.0,1,0.0,1,0.0,0.5,0.5,2.0
100,8,3,Kids,8,3,0.9629629629629629,27,1.0,3,1.0,3,,0,,0,0.0,0.0,0.0,1.0
100,9,4,Kids,9,2,0.8333333333333334,36,0.75,4,1.0,1,1.0,3,0.6666666666666666,3,1.0,0.3333333333333333,-0.6666666666666666,3.0
100,10,5,Kids,10,3,0.8444444444444444,45,0.6,5,0.3333333333333333,3,1.0,2,1.0,2,0.3333333333333333,0.5,0.16666666666666666,6.0
101,1,2,Kids,1,1,0.9444444444444444,18,1.0,2,1.0,2,,0,,0,1.0,0.0,-1.0,3.0
101,2,3,Kids,2,1,0.7777777777777778,27,0.6666666666666666,3,1.0,1,1.0,2,0.5,2,0.8,1.0,0.2,5.0
101,3,4,Kids,3,1,0.8888888888888888,36,0.75,4,0.6666666666666666,3,1.0,1,1.0,1,0.75,0.25,-0.5,4.0
101,4,5,Kids,4,1,0.14634146341463414,41,0.4,5,1.0,1,1.0,4,0.25,4,2.375,2.325,-0.05,40.0
101,5,3,Kids,5,2,0.8518518518518519,27,0.6666666666666666,3,1.0,2,0.0,1,0.0,1,0.6666666666666666,0.0,-0.6666666666666666,3.0
101,6,5,Kids,6,2,0.7111111111111111,45,0.8,5,,0,1.0,5,0.8,5,3.0833333333333335,1.6666666666666667,-1.4166666666666667,12.0
101,7,2,Kids,7,2,0.8333333333333334,18,0.5,2,1.0,1,1.0,1,0.0,1,1.5,1.0,-0.5,4.0
101,8,3,Kids,8,3,0.8076923076923077,26,0.5,2,1.0,1,0.0,1,0.0,1,0.6666666666666666,0.6666666666666666,0.0,3.0
101,9,4,Kids,9,2,0.8333333333333334,36,0.75,4,1.0,2,1.0,2,0.5,2,0.75,0.75,0.0,4.0
101,10,5,Kids,10,3,0.8444444444444444,45,0.6,5,1.0,2,0.6666666666666666,3,0.3333333333333333,3,1.1666666666666667,0.3333333333333333,-0.8333333333333334,6.0
102,1,2,Kids,1,1,0.6111111111111112,18,0.0,2,,0,0.5,2,0.0,2,0.8333333333333334,1.1666666666666667,0.3333333333333333,6.0
102,2,3,Kids,2,1,0.7777777777777778,27,0.6666666666666666,3,1.0,2,0.0,1,0.0,1,1.375,0.25,-1.125,8.0
102,3,5,Kids,3,1,0.4222222222222222,45,0.2,5,0.5,2,0.6666666666666666,3,0.0,3,2.066666666666667,1.3666666666666667,-0.7,30.0
102,4,4,Kids,4,1,0.4444444444444444,36,0.5,4,0.5,2,0.5,2,0.5,2,1.9642857142857142,1.6071428571428572,-0.35714285714285715,28.0
102,5,3,Kids,5,2,0.7407407407407407,27,0.6666666666666666,3,,0,0.6666666666666666,3,0.6666666666666666,3,1.25,0.875,-0.375,8.0
102,6,5,Kids,6,2,0.4666666666666667,45,0.4,5,1.0,1,1.0,4,0.25,4,1.8333333333333333,1.4583333333333333,-0.375,24.0
102,7,2,Kids,7,2,0.7058823529411765,17,1.0,2,,0,1.0,2,1.0,2,2.6666666666666665,0.0,-2.6666666666666665,6.0
102,8,3,Kids,8,3,0.7407407407407407,27,0.6666666666666666,3,0.6666666666666666,3,,0,,0,1.3333333333333333,0.0,-1.3333333333333333,9.0
102,9,5,Kids,9,3,0.35714285714285715,42,0.4,5,0.5,2,0.6666666666666666,3,0.3333333333333333,3,2.230769230769231,2.230769230769231,0.0,39.0
102,10,4,Kids,10,2,0.4444444444444444,36,0.5,4,0.6666666666666666,3,0.0,1,0.0,1,2.074074074074074,1.8518518518518519,-0.2222222222222222,27.0
103,1,2,Kids,1,1,0.7222222222222222,18,0.0,2,,0,0.5,2,0.0,2,1.0,0.5,-0.5,4.0
103,2,3,Kids,2,1,0.6923076923076923,26,0.6666666666666666,3,1.0,1,1.0,1,0.0,1,1.0,0.8888888888888888,-0.1111111111111111,9.0
103,3,5,Kids,3,1,0.7111111111111111,45,0.6,5,1.0,1,0.5,4,0.5,4,1.8,2.0,0.2,10.0
103,4,4,Kids,4,1,0.75,36,0.5,4,1.0,1,0.6666666666666666,3,0.3333333333333333,3,0.8333333333333334,0.6666666666666666,-0.16666666666666666,6.0
103,5,3,Kids,5,2,0.8518518518518519,27,0.3333333333333333,3,1.0,1,0.5,2,0.0,2,1.0,0.3333333333333333,-0.6666666666666666,3.0
103,6,5,Kids,6,2,0.5777777777777777,45,0.2,5,1.0,1,0.5,4,0.0,4,1.1875,1.625,0.4375,16.0
103,7,2,Kids,7,2,0.6666666666666666,18,0.5,2,,0,1.0,2,0.5,2,1.0,0.8,-0.2,5.0
103,8,3,Kids,8,3,0.9629629629629629,27,1.0,3,1.0,2,1.0,1,1.0,1,,,,
103,9,5,Kids,9,3,0.6363636363636364,44,0.6,5,1.0,1,1.0,4,0.5,4,1.8823529411764706,2.2941176470588234,0.4117647058823529,17.0
103,10,4,Kids,10,2,0.75,36,0.25,4,0.0,1,1.0,3,0.3333333333333333,3,0.42857142857142855,0.7142857142857143,0.2857142857142857,7.0
104,1,2,Teens,1,1,0.8888888888888888,18,0.5,2,1.0,1,1.0,1,0.0,1,0.0,1.0,1.0,1.0
104,2,3,Teens,2,1,0.8888888888888888,27,0.6666666666666666,3,1.0,1,1.0,2,0.5,2,0.3333333333333333,0.6666666666666666,0.3333333333333333,3.0
104,3,5,Teens,3,1,0.6046511627906976,43,0.4,5,0.6666666666666666,3,1.0,2,0.0,2,2.0476190476190474,2.3333333333333335,0.2857142857142857,21.0
104,4,4,Teens,4,1,0.5,36,0.5,4,1.0,1,0.3333333333333333,3,0.3333333333333333,3,1.5909090909090908,1.7272727272727273,0.13636363636363635,22.0
104,5,3,Teens,5,2,0.8518518518518519,27,0.6666666666666666,3,1.0,1,1.0,2,0.5,2,0.5,0.5,0.0,2.0
104,6,5,Teens,6,2,0.8666666666666667,45,0.8,5,1.0,2,1.0,3,0.6666666666666666,3,0.3333333333333333,1.0,0.6666666666666666,3.0
104,7,2,Teens,7,2,0.7777777777777778,18,0.5,2,,0,1.0,2,0.5,2,0.5,1.0,0.5,2.0
104,8,3,Teens,8,3,0.8888888888888888,27,0.6666666666666666,3,1.0,1,1.0,2,0.5,2,0.0,1.0,1.0,1.0
104,9,5,Teens,9,3,0.7777777777777778,45,0.4,5,1.0,2,0.6666666666666666,3,0.0,3,0.5714285714285714,0.5714285714285714,0.0,7.0
104,10,4,Teens,10,2,0.8888888888888888,36,0.75,4,1.0,1,1.0,3,0.6666666666666666,3,0.0,0.5,0.5,2.0
105,1,2,Teens,1,1,0.9444444444444444,18,1.0,2,1.0,1,1.0,1,1.0,1,,,,
105,2,3,Teens,2,1,0.8888888888888888,27,1.0,3,1.0,2,1.0,1,1.0,1,0.0,0.5,0.5,2.0
105,3,4,Teens,3,1,0.6666666666666666,36,0.25,4,,0,0.75,4,0.25,4,1.5,0.5,-1.0,8.0
105,4,5,Teens,4,1,0.6222222222222222,45,0.6,5,0.6666666666666666,3,1.0,2,0.5,2,1.5,1.2222222222222223,-0.2777777777777778,18.0
105,5,3,Teens,5,2,0.8518518518518519,27,0.3333333333333333,3,0.0,1,1.0,2,0.5,2,0.3333333333333333,0.3333333333333333,0.0,3.0
105,6,5,Teens,6,2,0.8222222222222222,45,0.6,5,0.6666666666666666,3,1.0,2,0.5,2,0.6666666666666666,0.5,-0.16666666666666666,6.0
105,7,2,Teens,7,2,0.7777777777777778,18,0.5,2,1.0,1,1.0,1,0.0,1,0.3333333333333333,0.3333333333333333,0.0,3.0
105,8,3,Teens,8,3,0.8888888888888888,27,0.6666666666666666,3,0.5,2,1.0,1,1.0,1,0.0,0.0,0.0,2.0
105,9,4,Teens,9,2,0.8055555555555556,36,0.75,4,1.0,2,1.0,2,0.5,2,2.0,1.0,-1.0,5.0
105,10,5,Teens,10,3,0.7555555555555555,45,0.6,5,1.0,1,1.0,4,0.5,4,1.375,1.0,-0.375,8.0
106,1,2,Teens,1,1,0.8333333333333334,18,0.5,2,,0,0.5,2,0.5,2,1.0,0.0,-1.0,1.0
106,2,3,Teens,2,1,0.8888888888888888,27,0.6666666666666666,3,1.0,1,1.0,2,0.5,2,0.0,1.0,1.0,2.0
106,3,4,Teens,3,1,0.7777777777777778,36,0.25,4,1.0,1,1.0,3,0.0,3,1.0,1.0,0.0,6.0
106,4,5,Teens,4,1,0.6,45,0.2,5,1.0,1,1.0,4,0.0,4,1.5,1.4285714285714286,-0.07142857142857142,14.0
106,5,3,Teens,5,2,1.0,27,1.0,3,1.0,3,,0,,0,,,,
106,6,5,Teens,6,2,0.7333333333333333,45,0.4,5,0.5,2,1.0,3,0.3333333333333333,3,0.7777777777777778,1.1111111111111112,0.3333333333333333,9.0
106,7,2,Teens,7,2,0.7222222222222222,18,0.5,2,,0,1.0,2,0.5,2,0.6666666666666666,0.6666666666666666,0.0,3.0
106,8,3,Teens,8,3,0.9259259259259259,27,1.0,3,1.0,2,1.0,1,1.0,1,1.0,0.0,-1.0,1.0
106,9,4,Teens,9,2,0.8888888888888888,36,0.5,4,1.0,2,1.0,2,0.0,2,0.0,1.0,1.0,2.0
106,10,5,Teens,10,3,0.6,45,0.6,5,1.0,2,1.0,3,0.3333333333333333,3,1.4666666666666666,1.3333333333333333,-0.13333333333333333,15.0
108,1,2,Kids,1,1,0.8888888888888888,18,0.5,2,0.5,2,,0,,0,0.25,0.25,0.0,4.0
108,2,4,Kids,2,1,0.75,36,0.25,4,,0,0.75,4,0.25,4,0.2,1.0,0.8,5.0
108,3,3,Kids,3,1,0.4074074074074074,27,0.3333333333333333,3,0.5,2,0.0,1,0.0,1,1.3157894736842106,1.6842105263157894,0.3684210526315789,19.0
108,4,5,Kids,4,1,0.6,45,0.6,5,1.0,1,1.0,4,0.5,4,1.9545454545454546,2.5,0.5454545454545454,22.0
108,5,3,Kids,5,2,0.8518518518518519,27,1.0,3,1.0,1,1.0,2,1.0,2,1.0,0.0,-1.0,2.0
108,6,5,Kids,6,2,0.4523809523809524,42,0.4,5,1.0,1,0.5,4,0.25,4,1.625,1.7916666666666667,0.16666666666666666,24.0
108,7,2,Kids,7,2,0.6666666666666666,18,0.5,2,1.0,1,1.0,1,0.0,1,1.4,1.6,0.2,5.0
108,8,4,Kids,8,2,0.7222222222222222,36,0.5,4,1.0,1,0.6666666666666666,3,0.3333333333333333,3,0.8571428571428571,1.0,0.14285714285714285,7.0
108,9,3,Kids,9,3,0.7407407407407407,27,0.6666666666666666,3,,0,0.6666666666666666,3,0.6666666666666666,3,0.6,1.2,0.6,5.0
108,10,5,Kids,10,3,0.7619047619047619,42,0.6,5,,0,0.75,4,0.5,4,0.8888888888888888,0.6666666666666666,-0.2222222222222222,9.0
109,1,2,Kids,1,1,0.8333333333333334,18,1.0,2,1.0,1,1.0,1,1.0,1,0.5,1.0,0.5,2.0
109,2,3,Kids,2,1,0.8888888888888888,27,0.6666666666666666,3,1.0,2,1.0,1,0.0,1,0.0,0.5,0.5,2.0
109,3,4,Kids,3,1,0.6944444444444444,36,0.5,4,0.6666666666666666,3,0.0,1,0.0,1,0.5,0.6,0.1,10.0
109,4,5,Kids,4,1,0.4666666666666667,45,0.0,5,0.0,1,0.5,4,0.0,4,1.88,2.16,0.28,25.0
109,5,3,Kids,5,2,0.6666666666666666,27,0.0,3,,0,0.6666666666666666,3,0.0,3,1.0,0.6666666666666666,-0.3333333333333333,6.0
109,6,5,Kids,6,2,0.6888888888888889,45,0.4,5,0.3333333333333333,3,1.0,2,0.5,2,0.9285714285714286,0.7857142857142857,-0.14285714285714285,14.0
109,7,2,Kids,7,2,0.7222222222222222,18,0.0,2,,0,0.5,2,0.0,2,0.5,1.0,0.5,4.0
109,8,3,Kids,8,3,0.9259259259259259,27,0.6666666666666666,3,0.5,2,1.0,1,1.0,1,0.0,0.0,0.0,1.0
109,9,4,Kids,9,2,0.7777777777777778,36,0.5,4,1.0,1,1.0,3,0.3333333333333333,3,0.3333333333333333,0.8333333333333334,0.5,6.0
109,10,5,Kids,10,3,0.4222222222222222,45,0.2,5,0.0,1,0.75,4,0.25,4,1.6451612903225807,1.903225806451613,0.25806451612903225,31.0
110,1,2,Kids,1,1,0.7777777777777778,18,0.0,2,,0,0.5,2,0.0,2,1.0,0.3333333333333333,-0.6666666666666666,3.0
110,2,3,Kids,2,1,0.6666666666666666,27,0.3333333333333333,3,,0,1.0,3,0.3333333333333333,3,0.8333333333333334,1.3333333333333333,0.5,6.0
110,3,4,Kids,3,1,0.5555555555555556,36,0.75,4,1.0,2,1.0,2,0.5,2,1.35,1.8,0.45,20.0
110,4,5,Kids,4,1,0.4444444444444444,45,0.4,5,0.6666666666666666,3,0.5,2,0.0,2,1.7741935483870968,1.7741935483870968,0.0,31.0
110,5,3,Kids,5,2,0.7777777777777778,27,0.6666666666666666,3,,0,1.0,3,0.6666666666666666,3,0.6666666666666666,0.6666666666666666,0.0,3.0
110,6,5,Kids,6,2,0.6666666666666666,45,0.6,5,0.6666666666666666,3,0.5,2,0.5,2,2.15,1.4,-0.75,20.0
110,7,2,Kids,7,2,0.8333333333333334,18,0.5,2,0.0,1,1.0,1,1.0,1,0.3333333333333333,0.6666666666666666,0.3333333333333333,3.0
110,8,3,Kids,8,3,0.7777777777777778,27,0.6666666666666666,3,1.0,1,1.0,2,0.5,2,0.4,0.8,0.4,5.0
110,9,4,Kids,9,2,0.6666666666666666,36,0.0,4,0.0,2,1.0,2,0.0,2,1.0,1.4545454545454546,0.45454545454545453,11.0
110,10,5,Kids,10,3,0.6744186046511628,43,0.0,3,0.0,1,0.0,2,0.0,2,1.0833333333333333,1.4166666666666667,0.3333333333333333,12.0
111,1,2,Teens,1,1,0.8333333333333334,18,1.0,2,,0,1.0,2,1.0,2,0.0,1.0,1.0,1.0
111,2,3,Teens,2,1,0.7407407407407407,27,0.3333333333333333,3,0.5,2,0.0,1,0.0,1,0.5,1.0,0.5,6.0
111,3,4,Teens,3,1,0.8055555555555556,36,0.25,4,0.0,1,1.0,3,0.3333333333333333,3,0.25,0.75,0.5,4.0
111,4,5,Teens,4,1,0.8,45,0.6,5,1.0,3,1.0,2,0.0,2,0.7142857142857143,1.1428571428571428,0.42857142857142855,7.0
111,5,3,Teens,5,2,0.8518518518518519,27,0.6666666666666666,3,1.0,1,1.0,2,0.5,2,0.0,1.0,1.0,2.0
111,6,5,Teens,6,2,0.6888888888888889,45,0.4,5,1.0,2,0.3333333333333333,3,0.0,3,1.6363636363636365,1.0909090909090908,-0.5454545454545454,11.0
111,7,2,Teens,7,2,0.8333333333333334,18,0.5,2,,0,1.0,2,0.5,2,0.0,1.0,1.0,1.0
111,8,3,Teens,8,3,0.8888888888888888,27,1.0,3,1.0,1,1.0,2,1.0,2,0.0,1.0,1.0,1.0
111,9,4,Teens,9,2,0.9722222222222222,36,1.0,4,1.0,3,1.0,1,1.0,1,,,,
111,10,5,Teens,10,3,0.8888888888888888,45,0.6,5,1.0,3,0.5,2,0.0,2,0.3333333333333333,0.3333333333333333,0.0,3.0
112,1,2,Kids,1,1,0.8333333333333334,18,0.5,2,,0,1.0,2,0.5,2,0.0,1.0,1.0,1.0
112,2,3,Kids,2,1,0.8888888888888888,27,0.6666666666666666,3,1.0,1,1.0,2,0.5,2,0.5,1.0,0.5,2.0
112,3,5,Kids,3,1,0.8,45,0.4,5,0.6666666666666666,3,0.5,2,0.0,2,0.42857142857142855,0.5714285714285714,0.14285714285714285,7.0
112,4,4,Kids,4,1,0.6857142857142857,35,0.5,4,0.5,2,0.5,2,0.5,2,0.7777777777777778,0.7777777777777778,0.0,9.0
112,5,3,Kids,5,2,0.9259259259259259,27,1.0,3,1.0,1,1.0,2,1.0,2,0.0,0.0,0.0,1.0
112,6,5,Kids,6,2,0.3111111111111111,45,0.2,5,1.0,1,0.5,4,0.0,4,2.5945945945945947,2.891891891891892,0.2972972972972973,37.0
112,7,2,Kids,7,2,0.9411764705882353,17,1.0,2,1.0,1,1.0,1,1.0,1,,,,
112,8,3,Kids,8,3,0.8148148148148148,27,0.6666666666666666,3,0.0,1,1.0,2,1.0,2,0.3333333333333333,0.6666666666666666,0.3333333333333333,3.0
112,9,5,Kids,9,3,0.9111111111111111,45,0.6,5,1.0,3,1.0,2,0.0,2,0.0,1.0,1.0,2.0
112,10,4,Kids,10,2,0.8888888888888888,36,0.75,4,1.0,2,1.0,2,0.5,2,0.5,1.0,0.5,2.0
113,1,2,Teens,1,1,0.8888888888888888,18,1.0,2,1.0,1,1.0,1,1.0,1,0.0,1.0,1.0,1.0
113,2,3,Teens,2,1,0.6666666666666666,27,0.3333333333333333,3,,0,0.3333333333333333,3,0.3333333333333333,3,1.1428571428571428,1.1428571428571428,0.0,7.0
113,3,5,Teens,3,1,0.4888888888888889,45,1.0,5,1.0,2,1.0,3,1.0,3,2.28125,1.78125,-0.5,32.0
113,4,4,Teens,4,1,0.5833333333333334,36,0.75,4,1.0,1,0.6666666666666666,3,0.6666666666666666,3,2.0625,1.5625,-0.5,16.0
113,5,3,Teens,5,2,0.8518518518518519,27,1.0,3,1.0,1,1.0,2,1.0,2,1.5,0.0,-1.5,2.0
113,6,5,Teens,6,2,0.8222222222222222,45,0.8,5,1.0,3,1.0,2,0.5,2,1.5714285714285714,0.2857142857142857,-1.2857142857142858,7.0
113,7,2,Teens,7,2,0.7777777777777778,18,0.0,2,,0,1.0,2,0.0,2,0.0,1.0,1.0,2.0
113,8,3,Teens,8,3,0.9629629629629629,27,1.0,3,1.0,3,,0,,0,0.0,0.0,0.0,1.0
113,9,5,Teens,9,3,0.4888888888888889,45,0.4,5,,0,0.8,5,0.4,5,1.4285714285714286,1.7619047619047619,0.3333333333333333,21.0
113,10,4,Teens,10,2,0.3333333333333333,36,0.5,4,0.5,2,1.0,2,0.5,2,1.7586206896551724,1.9655172413793103,0.20689655172413793,29.0
114,1,2,Teens,1,1,0.6666666666666666,18,0.5,2,,0,1.0,2,0.5,2,0.5,1.25,0.75,4.0
114,2,3,Teens,2,1,0.7777777777777778,27,0.6666666666666666,3,,0,1.0,3,0.6666666666666666,3,1.0,0.5,-0.5,4.0
114,3,5,Teens,3,1,0.5777777777777777,45,0.6,5,1.0,1,0.75,4,0.5,4,1.7894736842105263,1.894736842105263,0.10526315789473684,19.0
114,4,4,Teens,4,1,0.5277777777777778,36,0.5,4,1.0,2,0.5,2,0.0,2,1.4444444444444444,1.5,0.05555555555555555,18.0
114,5,3,Teens,5,2,0.7777777777777778,27,0.3333333333333333,3,1.0,1,0.0,2,0.0,2,1.0,0.75,-0.25,4.0
114,6,5,Teens,6,2,0.4444444444444444,45,0.6,5,1.0,1,0.75,4,0.5,4,2.25,2.03125,-0.21875,32.0
114,7,2,Teens,7,2,0.9444444444444444,18,1.0,2,1.0,1,1.0,1,1.0,1,,,,
114,8,3,Teens,8,3,0.8148148148148148,27,1.0,3,1.0,1,1.0,2,1.0,2,0.75,0.0,-0.75,4.0
114,9,5,Teens,9,3,0.4318181818181818,44,0.4,5,0.0,3,1.0,2,1.0,2,2.3333333333333335,1.5151515151515151,-0.8181818181818182,33.0
114,10,4,Teens,10,2,0.8333333333333334,36,0.75,4,0.5,2,1.0,2,1.0,2,0.5,0.5,0.0,4.0
115,1,2,Kids,1,1,0.7647058823529411,17,1.0,1,,0,1.0,1,1.0,1,0.75,0.25,-0.5,4.0
115,2,3,Kids,2,1,0.7407407407407407,27,0.3333333333333333,3,0.0,1,1.0,2,0.5,2,1.1666666666666667,0.6666666666666666,-0.5,6.0
115,3,4,Kids,3,1,0.7222222222222222,36,0.5,4,,0,1.0,4,0.5,4,0.7142857142857143,1.0,0.2857142857142857,7.0
115,4,5,Kids,4,1,0.6888888888888889,45,0.6,5,1.0,2,0.3333333333333333,3,0.3333333333333333,3,1.5833333333333333,0.75,-0.8333333333333334,12.0
115,5,3,Kids,5,2,0.7407407407407407,27,0.3333333333333333,3,0.0,1,0.5,2,0.5,2,0.8,1.2,0.4,5.0
115,6,5,Kids,6,2,0.8,45,0.4,5,1.0,2,1.0,3,0.0,3,0.5,1.125,0.625,8.0
115,7,2,Kids,7,2,0.9444444444444444,18,1.0,2,1.0,1,1.0,1,1.0,1,,,,
115,8,3,Kids,8,3,0.9230769230769231,26,1.0,3,1.0,2,1.0,1,1.0,1,0.0,0.0,0.0,1.0
115,9,4,Kids,9,2,0.9166666666666666,36,0.75,4,0.6666666666666666,3,1.0,1,1.0,1,0.5,0.0,-0.5,2.0
115,10,5,Kids,10,3,0.6666666666666666,42,0.6,5,1.0,1,1.0,4,0.5,4,1.3846153846153846,0.8461538461538461,-0.5384615384615384,13.0
116,1,2,Kids,1,1,0.7777777777777778,18,0.5,2,,0,1.0,2,0.5,2,1.4,0.4,-1.0,5.0
116,2,3,Kids,2,1,0.8888888888888888,27,1.0,3,1.0,2,1.0,1,1.0,1,0.0,0.3333333333333333,0.3333333333333333,3.0
116,3,4,Kids,3,1,0.8333333333333334,36,0.5,4,0.3333333333333333,3,1.0,1,1.0,1,1.0,0.16666666666666666,-0.8333333333333334,6.0
116,4,5,Kids,4,1,0.5555555555555556,45,0.8,5,1.0,1,1.0,4,0.75,4,1.15,1.35,0.2,20.0
116,5,3,Kids,5,2,0.8518518518518519,27,1.0,3,1.0,1,1.0,2,1.0,2,0.25,0.75,0.5,4.0
116,6,5,Kids,6,2,0.6590909090909091,44,0.2,5,0.3333333333333333,3,1.0,2,0.0,2,1.1764705882352942,0.7058823529411765,-0.47058823529411764,17.0
116,7,2,Kids,7,2,0.8888888888888888,18,1.0,2,1.0,2,,0,,0,0.25,0.25,0.0,4.0
116,8,3,Kids,8,3,0.9629629629629629,27,1.0,3,1.0,3,,0,,0,0.0,0.0,0.0,1.0
116,9,4,Kids,9,2,0.7941176470588235,34,0.5,4,1.0,2,0.5,2,0.0,2,0.7272727272727273,0.9090909090909091,0.18181818181818182,11.0
116,10,5,Kids,10,3,0.37777777777777777,45,0.4,5,0.0,1,1.0,4,0.5,4,2.5428571428571427,1.8,-0.7428571428571429,35.0
117,1,2,Kids,1,1,0.5,18,0.5,2,,0,0.5,2,0.5,2,2.0,1.0,-1.0,9.0
117,2,3,Kids,2,1,0.5925925925925926,27,0.6666666666666666,3,,0,1.0,3,0.6666666666666666,3,3.0833333333333335,1.0,-2.0833333333333335,12.0
117,3,4,Kids,3,1,0.38235294117647056,34,0.0,2,0.0,1,1.0,1,0.0,1,2.3333333333333335,2.033333333333333,-0.3,30.0
117,4,5,Kids,4,1,0.34146341463414637,41,0.0,5,,0,0.6666666666666666,3,0.0,3,2.0625,2.09375,0.03125,32.0
117,5,3,Kids,5,2,0.5185185185185185,27,0.6666666666666666,3,1.0,2,0.0,1,0.0,1,2.8421052631578947,0.8947368421052632,-1.9473684210526316,19.0
117,6,5,Kids,6,2,0.358974358974359,39,0.2,5,0.0,1,1.0,3,0.3333333333333333,3,1.9411764705882353,1.8235294117647058,-0.11764705882352941,34.0
117,7,2,Kids,7,2,0.8333333333333334,18,0.5,2,,0,1.0,2,0.5,2,0.3333333333333333,1.0,0.6666666666666666,3.0
117,8,3,Kids,8,3,0.48148148148148145,27,0.3333333333333333,3,0.3333333333333333,3,,0,,0,1.1764705882352942,1.1764705882352942,0.0,17.0
117,9,4,Kids,9,2,0.34285714285714286,35,0.25,4,1.0,1,0.3333333333333333,3,0.0,3,1.9310344827586208,2.3793103448275863,0.4482758620689655,29.0
117,10,5,Kids,10,3,0.7272727272727273,44,0.8,5,0.75,4,1.0,1,1.0,1,0.8125,0.625,-0.1875,16.0
118,1,2,Kids,1,1,0.8823529411764706,17,1.0,2,1.0,2,,0,,0,0.3333333333333333,0.0,-0.3333333333333333,3.0
118,2,4,Kids,2,1,0.5277777777777778,36,0.25,4,,0,1.0,4,0.25,4,0.9285714285714286,1.4285714285714286,0.5,14.0
118,3,3,Kids,3,1,0.68,25,0.3333333333333333,3,1.0,1,0.0,2,0.0,2,1.5,0.6666666666666666,-0.8333333333333334,6.0
118,4,5,Kids,4,1,0.5227272727272727,44,0.6,5,1.0,3,1.0,2,0.0,2,2.2916666666666665,2.5,0.20833333333333334,24.0
118,5,3,Kids,5,2,0.7307692307692307,26,0.3333333333333333,3,1.0,1,0.0,2,0.0,2,1.0,1.0,0.0,6.0
118,6,5,Kids,6,2,0.7333333333333333,45,0.6,5,,0,1.0,5,0.6,5,1.2857142857142858,1.0,-0.2857142857142857,7.0
118,7,2,Kids,7,2,0.9444444444444444,18,1.0,2,1.0,1,1.0,1,1.0,1,0.3333333333333333,0.3333333333333333,0.0,3.0
118,8,4,Kids,8,2,0.3142857142857143,35,0.5,4,,0,0.5,4,0.5,4,1.7916666666666667,2.0833333333333335,0.2916666666666667,24.0
118,9,3,Kids,9,3,0.8461538461538461,26,0.6666666666666666,3,1.0,1,0.5,2,0.5,2,0.5,0.0,-0.5,2.0
118,10,5,Kids,10,3,0.5333333333333333,45,0.2,5,,0,0.8,5,0.2,5,1.9047619047619047,1.4285714285714286,-0.47619047619047616,21.0
119,1,2,Kids,1,1,0.4444444444444444,18,0.0,2,0.0,1,1.0,1,0.0,1,1.1111111111111112,1.2222222222222223,0.1111111111111111,9.0
119,2,3,Kids,2,1,0.6296296296296297,27,0.6666666666666666,3,,0,1.0,3,0.6666666666666666,3,1.3333333333333333,1.1111111111111112,-0.2222222222222222,9.0
119,3,4,Kids,3,1,0.3611111111111111,36,0.25,4,0.0,3,1.0,1,1.0,1,2.076923076923077,1.5769230769230769,-0.5,26.0
119,4,5,Kids,4,1,0.6666666666666666,45,0.2,5,1.0,1,0.75,4,0.0,4,1.3636363636363635,0.8181818181818182,-0.5454545454545454,11.0
119,5,3,Kids,5,2,0.8148148148148148,27,0.3333333333333333,3,0.0,1,1.0,2,0.5,2,0.3333333333333333,0.3333333333333333,0.0,3.0
119,6,5,Kids,6,2,0.4888888888888889,45,0.2,5,1.0,1,0.5,4,0.0,4,1.7916666666666667,1.9166666666666667,0.125,24.0
119,7,2,Kids,7,2,0.9444444444444444,18,1.0,2,1.0,1,1.0,1,1.0,1,,,,
119,8,3,Kids,8,3,0.8888888888888888,27,0.6666666666666666,3,1.0,1,1.0,2,0.5,2,0.5,1.0,0.5,2.0
119,9,4,Kids,9,2,0.8333333333333334,36,0.5,4,1.0,1,0.6666666666666666,3,0.3333333333333333,3,0.5,1.0,0.5,4.0
119,10,5,Kids,10,3,0.6444444444444445,45,0.4,5,0.5,2,0.6666666666666666,3,0.3333333333333333,3,0.8461538461538461,1.0769230769230769,0.23076923076923078,13.0
120,1,2,Kids,1,1,1.0,16,1.0,2,1.0,2,,0,,0,0.0,0.0,0.0,1.0
120,2,3,Kids,2,1,0.5925925925925926,27,0.6666666666666666,3,1.0,1,1.0,2,0.5,2,1.3636363636363635,1.7272727272727273,0.36363636363636365,11.0
120,3,4,Kids,3,1,0.6944444444444444,36,0.5,4,1.0,1,0.3333333333333333,3,0.3333333333333333,3,1.3,0.9,-0.4,10.0
120,4,5,Kids,4,1,0.7555555555555555,45,0.6,5,0.5,2,1.0,3,0.6666666666666666,3,1.0,1.0,0.0,10.0
120,5,3,Kids,5,2,0.9629629629629629,27,1.0,3,1.0,3,,0,,0,0.0,0.0,0.0,2.0
120,6,5,Kids,6,2,0.4888888888888889,45,0.4,5,1.0,1,0.5,4,0.25,4,1.6956521739130435,1.7826086956521738,0.08695652173913043,23.0
120,7,2,Kids,7,2,1.0,18,1.0,2,1.0,2,,0,,0,0.0,0.0,0.0,1.0
120,8,3,Kids,8,3,0.8148148148148148,27,1.0,3,,0,1.0,3,1.0,3,1.0,0.0,-1.0,2.0
120,9,4,Kids,9,2,0.8611111111111112,36,0.5,4,1.0,2,0.5,2,0.0,2,0.6666666666666666,0.6666666666666666,0.0,3.0
120,10,5,Kids,10,3,0.7555555555555555,45,0.8,5,1.0,1,0.75,4,0.75,4,1.0,0.7777777777777778,-0.2222222222222222,9.0
121,1,2,Kids,1,1,0.8333333333333334,18,0.5,2,,0,1.0,2,0.5,2,0.0,1.0,1.0,1.0
121,2,3,Kids,2,1,0.8148148148148148,27,0.6666666666666666,3,1.0,2,1.0,1,0.0,1,1.0,1.5,0.5,4.0
121,3,4,Kids,3,1,0.8055555555555556,36,0.25,4,1.0,1,0.3333333333333333,3,0.0,3,0.75,0.5,-0.25,4.0
121,4,5,Kids,4,1,0.7777777777777778,45,0.6,5,0.5,2,1.0,3,0.6666666666666666,3,0.2857142857142857,0.8571428571428571,0.5714285714285714,7.0
121,5,3,Kids,5,2,0.8518518518518519,27,0.6666666666666666,3,1.0,1,1.0,2,0.5,2,0.5,1.0,0.5,2.0
121,6,5,Kids,6,2,0.8,45,0.6,5,1.0,1,0.75,4,0.5,4,0.4,1.0,0.6,5.0
121,7,2,Kids,7,2,0.9444444444444444,18,1.0,2,1.0,1,1.0,1,1.0,1,,,,
121,8,3,Kids,8,3,0.8518518518518519,27,0.6666666666666666,3,,0,0.6666666666666666,3,0.6666666666666666,3,1.0,0.0,-1.0,1.0
121,9,4,Kids,9,2,0.7777777777777778,36,0.5,4,1.0,1,0.6666666666666666,3,0.3333333333333333,3,0.8,0.8,0.0,5.0
121,10,5,Kids,10,3,0.9555555555555556,45,0.8,5,0.75,4,1.0,1,1.0,1,0.0,0.0,0.0,1.0
122,1,2,Kids,1,1,0.6666666666666666,18,0.0,2,0.0,1,1.0,1,0.0,1,0.6666666666666666,0.8333333333333334,0.16666666666666666,6.0
122,2,3,Kids,2,1,0.7407407407407407,27,0.6666666666666666,3,1.0,1,1.0,2,0.5,2,0.6666666666666666,1.1666666666666667,0.5,6.0
122,3,5,Kids,3,1,0.5111111111111111,45,0.4,5,1.0,2,0.3333333333333333,3,0.0,3,1.5909090909090908,1.9545454545454546,0.36363636363636365,22.0
122,4,4,Kids,4,1,0.6388888888888888,36,1.0,4,,0,1.0,4,1.0,4,0.7777777777777778,1.3333333333333333,0.5555555555555556,9.0
122,5,3,Kids,5,2,0.7777777777777778,27,0.0,3,0.0,1,1.0,2,0.0,2,0.2,0.8,0.6,5.0
122,6,5,Kids,6,2,0.6,45,0.4,5,1.0,2,0.3333333333333333,3,0.0,3,1.6111111111111112,1.2777777777777777,-0.3333333333333333,18.0
122,7,2,Kids,7,2,0.8888888888888888,18,1.0,2,1.0,1,1.0,1,1.0,1,0.0,1.0,1.0,1.0
122,8,3,Kids,8,3,0.7777777777777778,27,0.3333333333333333,3,,0,0.6666666666666666,3,0.3333333333333333,3,1.0,0.3333333333333333,-0.6666666666666666,3.0
122,9,5,Kids,9,3,0.7333333333333333,45,0.4,5,1.0,1,0.75,4,0.25,4,0.6666666666666666,1.0,0.3333333333333333,9.0
122,10,4,Kids,10,2,0.6944444444444444,36,0.25,4,1.0,1,0.6666666666666666,3,0.0,3,0.8888888888888888,0.8888888888888888,0.0,9.0
123,1,2,Teens,1,1,1.0,18,1.0,2,1.0,2,,0,,0,,,,
123,2,3,Teens,2,1,0.9259259259259259,27,0.6666666666666666,3,1.0,2,1.0,1,0.0,1,0.0,1.0,1.0,1.0
123,3,5,Teens,3,1,0.9333333333333333,45,0.8,5,0.75,4,1.0,1,1.0,1,0.5,0.0,-0.5,2.0
123,4,4,Teens,4,1,0.8055555555555556,36,0.75,4,1.0,1,1.0,3,0.6666666666666666,3,0.25,0.75,0.5,4.0
123,5,3,Teens,5,2,0.8518518518518519,27,0.6666666666666666,3,1.0,1,1.0,2,0.5,2,0.0,0.5,0.5,2.0
123,6,5,Teens,6,2,0.8888888888888888,45,0.6,5,1.0,2,1.0,3,0.3333333333333333,3,0.0,1.0,1.0,2.0
123,7,2,Teens,7,2,0.8333333333333334,18,0.5,2,,0,1.0,2,0.5,2,0.0,1.0,1.0,1.0
123,8,3,Teens,8,3,0.9629629629629629,27,1.0,3,1.0,2,1.0,1,1.0,1,,,,
123,9,5,Teens,9,3,0.8666666666666667,45,0.6,5,0.5,2,1.0,3,0.6666666666666666,3,0.3333333333333333,0.6666666666666666,0.3333333333333333,3.0
123,10,4,Teens,10,2,0.8333333333333334,36,0.5,4,1.0,1,1.0,3,0.3333333333333333,3,0.3333333333333333,1.0,0.6666666666666666,3.0
124,1,2,Teens,1,1,1.0,18,1.0,2,1.0,2,,0,,0,0.0,0.0,0.0,1.0
124,2,3,Teens,2,1,0.9259259259259259,27,1.0,3,1.0,1,1.0,2,1.0,2,,,,
124,3,5,Teens,3,1,0.9333333333333333,45,0.8,5,1.0,4,0.0,1,0.0,1,0.5,1.0,0.5,2.0
124,4,4,Teens,4,1,0.6111111111111112,36,0.25,4,0.3333333333333333,3,1.0,1,0.0,1,1.0,1.2857142857142858,0.2857142857142857,14.0
124,5,3,Teens,5,2,0.7777777777777778,27,0.0,3,,0,0.3333333333333333,3,0.0,3,0.6666666666666666,0.3333333333333333,-0.3333333333333333,3.0
124,6,5,Teens,6,2,0.7111111111111111,45,0.6,5,1.0,2,0.6666666666666666,3,0.3333333333333333,3,1.0909090909090908,1.2727272727272727,0.18181818181818182,11.0
124,7,2,Teens,7,2,0.7777777777777778,18,0.5,2,,0,1.0,2,0.5,2,0.5,1.0,0.5,2.0
124,8,3,Teens,8,3,0.9629629629629629,27,1.0,3,1.0,2,1.0,1,1.0,1,,,,
124,9,5,Teens,9,3,0.4888888888888889,45,0.2,5,,0,0.6,5,0.2,5,1.8181818181818181,1.5,-0.3181818181818182,22.0
124,10,4,Teens,10,2,0.8055555555555556,36,0.75,4,1.0,2,1.0,2,0.5,2,0.42857142857142855,0.7142857142857143,0.2857142857142857,7.0
125,1,2,Teens,1,1,0.9444444444444444,18,1.0,2,1.0,1,1.0,1,1.0,1,,,,
125,2,3,Teens,2,1,0.8148148148148148,27,0.6666666666666666,3,,0,0.6666666666666666,3,0.6666666666666666,3,0.5,1.0,0.5,2.0
125,3,4,Teens,3,1,0.8611111111111112,36,0.75,4,1.0,1,1.0,3,0.6666666666666666,3,0.5,0.5,0.0,2.0
125,4,5,Teens,4,1,0.8666666666666667,45,0.6,5,1.0,1,0.75,4,0.5,4,0.5,0.5,0.0,2.0
125,5,3,Teens,5,2,0.7037037037037037,27,0.0,3,0.0,1,0.5,2,0.0,2,0.5,0.8333333333333334,0.3333333333333333,6.0
125,6,5,Teens,6,2,0.9111111111111111,45,0.8,5,1.0,2,1.0,3,0.6666666666666666,3,0.0,1.0,1.0,1.0
125,7,2,Teens,7,2,0.7777777777777778,18,0.5,2,,0,1.0,2,0.5,2,0.5,1.0,0.5,2.0
125,8,3,Teens,8,3,0.7777777777777778,27,0.3333333333333333,3,1.0,1,0.5,2,0.0,2,0.75,0.25,-0.5,4.0
125,9,4,Teens,9,2,0.8888888888888888,36,0.75,4,1.0,1,1.0,3,0.6666666666666666,3,0.0,1.0,1.0,1.0
125,10,5,Teens,10,3,0.8444444444444444,45,0.6,5,1.0,2,1.0,3,0.3333333333333333,3,0.25,0.75,0.5,4.0
126,1,2,Kids,1,1,0.7222222222222222,18,0.5,2,,0,0.5,2,0.5,2,1.5,0.6666666666666666,-0.8333333333333334,6.0
126,2,3,Kids,2,1,0.5555555555555556,27,0.6666666666666666,3,,0,0.6666666666666666,3,0.6666666666666666,3,1.8,2.0,0.2,10.0
126,3,4,Kids,3,1,0.6470588235294118,34,0.5,4,,0,0.5,4,0.5,4,1.2222222222222223,1.0,-0.2222222222222222,9.0
126,4,5,Kids,4,1,0.6444444444444445,45,0.6,5,0.5,2,0.6666666666666666,3,0.6666666666666666,3,1.2142857142857142,0.7142857142857143,-0.5,14.0
126,5,3,Kids,5,2,0.8148148148148148,27,0.3333333333333333,3,1.0,1,0.5,2,0.0,2,0.6666666666666666,0.6666666666666666,0.0,3.0
126,6,5,Kids,6,2,0.7333333333333333,45,0.8,5,1.0,2,1.0,3,0.6666666666666666,3,0.7777777777777778,1.2222222222222223,0.4444444444444444,9.0
126,7,2,Kids,7,2,0.8333333333333334,18,1.0,2,,0,1.0,2,1.0,2,0.0,1.0,1.0,1.0
126,8,3,Kids,8,3,0.8888888888888888,27,0.6666666666666666,3,1.0,1,1.0,2,0.5,2,0.3333333333333333,0.3333333333333333,0.0,3.0
126,9,4,Kids,9,2,0.8333333333333334,36,0.75,4,1.0,1,1.0,3,0.6666666666666666,3,0.6666666666666666,0.6666666666666666,0.0,3.0
126,10,5,Kids,10,3,0.6,45,0.2,5,,0,0.8,5,0.2,5,1.5714285714285714,0.8571428571428571,-0.7142857142857143,14.0
127,1,2,Kids,1,1,0.4444444444444444,18,0.0,2,,0,0.5,2,0.0,2,2.0,1.4545454545454546,-0.5454545454545454,11.0
127,2,3,Kids,2,1,0.4074074074074074,27,0.3333333333333333,3,,0,0.6666666666666666,3,0.3333333333333333,3,2.588235294117647,2.2941176470588234,-0.29411764705882354,17.0
127,3,4,Kids,3,1,0.7777777777777778,36,0.75,4,1.0,1,0.6666666666666666,3,0.6666666666666666,3,1.4,0.0,-1.4,5.0
127,4,5,Kids,4,1,0.5333333333333333,45,0.4,5,1.0,1,0.75,4,0.25,4,1.55,1.6,0.05,20.0
127,5,3,Kids,5,2,0.5555555555555556,27,0.3333333333333333,3,,0,0.3333333333333333,3,0.3333333333333333,3,1.8888888888888888,0.5555555555555556,-1.3333333333333333,9.0
127,6,5,Kids,6,2,0.7777777777777778,45,0.2,5,1.0,1,0.25,4,0.0,4,1.0,0.5714285714285714,-0.42857142857142855,7.0
127,7,2,Kids,7,2,0.7058823529411765,17,0.0,2,,0,1.0,2,0.0,2,0.6,1.2,0.6,5.0
127,8,3,Kids,8,3,0.6666666666666666,27,0.3333333333333333,3,1.0,1,1.0,2,0.0,2,0.75,1.25,0.5,8.0
127,9,4,Kids,9,2,0.3055555555555556,36,0.25,4,1.0,1,1.0,3,0.0,3,2.5357142857142856,2.7142857142857144,0.17857142857142858,28.0
127,10,5,Kids,10,3,0.4888888888888889,45,0.6,5,0.5,2,0.6666666666666666,3,0.6666666666666666,3,2.1724137931034484,1.8275862068965518,-0.3448275862068966,29.0
128,1,2,Teens,1,1,0.8888888888888888,18,1.0,2,1.0,1,1.0,1,1.0,1,0.5,1.0,0.5,2.0
128,2,4,Teens,2,1,0.7222222222222222,36,0.25,4,,0,0.75,4,0.25,4,0.5,1.0,0.5,6.0
128,3,3,Teens,3,1,0.7777777777777778,27,0.3333333333333333,3,,0,0.6666666666666666,3,0.3333333333333333,3,0.3333333333333333,1.0,0.6666666666666666,3.0
128,4,5,Teens,4,1,0.7111111111111111,45,0.4,5,1.0,1,0.75,4,0.25,4,1.0,1.1818181818181819,0.18181818181818182,11.0
128,5,3,Teens,5,2,0.8888888888888888,27,1.0,3,1.0,1,1.0,2,1.0,2,0.0,0.0,0.0,1.0
128,6,5,Teens,6,2,0.7777777777777778,45,0.6,5,1.0,1,0.75,4,0.5,4,0.42857142857142855,1.1428571428571428,0.7142857142857143,7.0
128,7,2,Teens,7,2,0.7222222222222222,18,0.0,2,,0,1.0,2,0.0,2,1.0,1.0,0.0,6.0
128,8,4,Teens,8,2,0.8888888888888888,36,0.75,4,1.0,2,1.0,2,0.5,2,0.5,0.5,0.0,2.0
128,9,3,Teens,9,3,0.7777777777777778,27,0.6666666666666666,3,,0,1.0,3,0.6666666666666666,3,1.0,1.0,0.0,3.0
128,10,5,Teens,10,3,0.7333333333333333,45,0.2,5,1.0,1,0.75,4,0.0,4,0.9090909090909091,1.0909090909090908,0.18181818181818182,11.0
129,1,2,Kids,1,1,0.6666666666666666,18,0.0,2,,0,0.5,2,0.0,2,0.75,1.0,0.25,4.0
129,2,3,Kids,2,1,0.8888888888888888,27,0.6666666666666666,3,1.0,2,0.0,1,0.0,1,0.5,0.0,-0.5,2.0
129,3,4,Kids,3,1,0.5,36,0.25,4,,0,0.75,4,0.25,4,1.4285714285714286,1.8571428571428572,0.42857142857142855,14.0
129,4,5,Kids,4,1,0.8,45,0.6,5,1.0,2,1.0,3,0.3333333333333333,3,0.2857142857142857,0.8571428571428571,0.5714285714285714,7.0
129,5,3,Kids,5,2,0.8148148148148148,27,0.3333333333333333,3,1.0,1,0.0,2,0.0,2,0.6666666666666666,0.0,-0.6666666666666666,3.0
129,6,5,Kids,6,2,0.7111111111111111,45,0.8,5,1.0,1,1.0,4,0.75,4,1.2222222222222223,0.6666666666666666,-0.5555555555555556,9.0
129,7,2,Kids,7,2,1.0,18,1.0,2,1.0,2,,0,,0,,,,
129,8,3,Kids,8,3,0.6666666666666666,27,0.3333333333333333,3,,0,0.6666666666666666,3,0.3333333333333333,3,0.8333333333333334,1.1666666666666667,0.3333333333333333,6.0
129,9,4,Kids,9,2,0.7777777777777778,36,0.75,4,1.0,1,1.0,3,0.6666666666666666,3,1.1428571428571428,1.1428571428571428,0.0,7.0
129,10,5,Kids,10,3,0.7111111111111111,45,0.2,5,0.0,1,0.5,4,0.25,4,1.5555555555555556,0.1111111111111111,-1.4444444444444444,9.0
130,1,2,Teens,1,1,0.7222222222222222,18,0.5,2,,0,1.0,2,0.5,2,0.6666666666666666,0.6666666666666666,0.0,3.0
130,2,3,Teens,2,1,0.8888888888888888,27,0.6666666666666666,3,1.0,2,1.0,1,0.0,1,0.0,0.5,0.5,2.0
130,3,4,Teens,3,1,0.7777777777777778,36,0.5,4,,0,0.5,4,0.5,4,1.0,0.0,-1.0,4.0
130,4,5,Teens,4,1,0.8444444444444444,45,0.6,5,1.0,1,1.0,4,0.5,4,0.75,1.0,0.25,4.0
130,5,3,Teens,5,2,0.9629629629629629,27,1.0,3,1.0,3,,0,,0,0.0,0.0,0.0,1.0
130,6,5,Teens,6,2,0.6363636363636364,44,0.6,5,1.0,3,0.5,2,0.0,2,2.125,2.625,0.5,16.0
130,7,2,Teens,7,2,0.8888888888888888,18,1.0,2,1.0,1,1.0,1,1.0,1,0.0,0.0,0.0,1.0
130,8,3,Teens,8,3,0.8888888888888888,27,1.0,3,1.0,1,1.0,2,1.0,2,1.0,0.0,-1.0,1.0
130,9,4,Teens,9,2,0.9166666666666666,36,1.0,4,1.0,3,1.0,1,1.0,1,0.5,0.0,-0.5,2.0
130,10,5,Teens,10,3,0.4222222222222222,45,0.4,5,,0,0.6,5,0.4,5,1.4583333333333333,1.9166666666666667,0.4583333333333333,24.0
131,1,2,Teens,1,1,1.0,18,1.0,2,1.0,2,,0,,0,0.0,0.0,0.0,2.0
131,2,3,Teens,2,1,0.7037037037037037,27,0.3333333333333333,3,,0,0.6666666666666666,3,0.3333333333333333,3,0.8,0.6,-0.2,5.0
131,3,4,Teens,3,1,0.6666666666666666,36,0.75,4,1.0,1,1.0,3,0.6666666666666666,3,1.5384615384615385,1.8461538461538463,0.3076923076923077,13.0
131,4,5,Teens,4,1,0.7111111111111111,45,0.6,5,1.0,2,1.0,3,0.3333333333333333,3,1.4,1.0,-0.4,10.0
131,5,3,Teens,5,2,0.8888888888888888,27,0.6666666666666666,3,1.0,1,1.0,2,0.5,2,0.5,1.0,0.5,2.0
131,6,5,Teens,6,2,0.6444444444444445,45,0.4,5,0.0,1,1.0,4,0.5,4,0.7692307692307693,1.1538461538461537,0.38461538461538464,13.0
131,7,2,Teens,7,2,0.8888888888888888,18,1.0,2,1.0,2,,0,,0,0.5,0.0,-0.5,2.0
131,8,3,Teens,8,3,0.8888888888888888,27,1.0,3,1.0,3,,0,,0,0.25,0.5,0.25,4.0
131,9,4,Teens,9,2,0.8888888888888888,36,1.0,4,1.0,3,1.0,1,1.0,1,0.0,0.3333333333333333,0.3333333333333333,3.0
131,10,5,Teens,10,3,0.8,45,0.6,5,0.6666666666666666,3,1.0,2,0.5,2,0.7142857142857143,0.7142857142857143,0.0,7.0
132,1,2,Teens,1,1,0.7777777777777778,18,0.5,2,,0,1.0,2,0.5,2,0.0,1.0,1.0,2.0
132,2,3,Teens,2,1,0.6666666666666666,27,0.3333333333333333,3,,0,1.0,3,0.3333333333333333,3,0.6666666666666666,1.0,0.3333333333333333,6.0
132,3,5,Teens,3,1,0.8444444444444444,45,0.8,5,1.0,2,1.0,3,0.6666666666666666,3,0.25,0.75,0.5,4.0
132,4,4,Teens,4,1,0.7222222222222222,36,0.5,4,1.0,2,1.0,2,0.0,2,0.875,1.125,0.25,8.0
132,5,3,Teens,5,2,0.8888888888888888,27,0.6666666666666666,3,1.0,1,1.0,2,0.5,2,0.0,1.0,1.0,1.0
132,6,5,Teens,6,2,0.7555555555555555,45,0.4,5,0.0,1,1.0,4,0.5,4,0.75,1.375,0.625,8.0
132,7,2,Teens,7,2,0.8333333333333334,18,1.0,2,1.0,1,1.0,1,1.0,1,1.0,0.0,-1.0,3.0
132,8,3,Teens,8,3,0.9259259259259259,27,1.0,3,1.0,1,1.0,2,1.0,2,0.0,0.0,0.0,1.0
132,9,5,Teens,9,3,0.7555555555555555,45,0.6,5,1.0,1,1.0,4,0.5,4,0.5,0.9,0.4,10.0
132,10,4,Teens,10,2,0.9444444444444444,36,1.0,4,1.0,2,1.0,2,1.0,2,1.0,0.0,-1.0,1.0
133,1,2,Kids,1,1,0.7777777777777778,18,1.0,2,1.0,1,1.0,1,1.0,1,0.3333333333333333,0.3333333333333333,0.0,3.0
133,2,3,Kids,2,1,0.46153846153846156,26,0.3333333333333333,3,,0,1.0,3,0.3333333333333333,3,1.1818181818181819,1.1818181818181819,0.0,11.0
133,3,5,Kids,3,1,0.5581395348837209,43,0.2,5,0.5,2,0.6666666666666666,3,0.0,3,2.1923076923076925,1.4615384615384615,-0.7307692307692307,26.0
133,4,4,Kids,4,1,0.5555555555555556,36,0.75,4,1.0,1,0.6666666666666666,3,0.6666666666666666,3,1.0,1.1538461538461537,0.15384615384615385,13.0
133,5,3,Kids,5,2,0.2962962962962963,27,0.0,3,,0,0.3333333333333333,3,0.0,3,2.2,2.68,0.48,25.0
133,6,5,Kids,6,2,0.75,44,0.4,5,0.6666666666666666,3,0.0,2,0.0,2,1.0,0.9090909090909091,-0.09090909090909091,11.0
133,7,2,Kids,7,2,0.8888888888888888,18,1.0,2,,0,1.0,2,1.0,2,0.5,1.0,0.5,2.0
133,8,3,Kids,8,3,0.8518518518518519,27,0.3333333333333333,3,0.0,1,1.0,2,0.5,2,0.25,0.75,0.5,4.0
133,9,5,Kids,9,3,0.28205128205128205,39,0.4,5,1.0,1,1.0,4,0.25,4,4.513513513513513,1.2432432432432432,-3.27027027027027,37.0
133,10,4,Kids,10,2,0.8333333333333334,36,0.75,4,1.0,1,0.6666666666666666,3,0.6666666666666666,3,1.3333333333333333,0.0,-1.3333333333333333,3.0
134,1,2,Kids,1,1,0.6666666666666666,18,0.5,2,,0,0.5,2,0.5,2,1.0,0.5,-0.5,4.0
134,2,3,Kids,2,1,0.5925925925925926,27,0.3333333333333333,3,,0,0.6666666666666666,3,0.3333333333333333,3,0.7777777777777778,1.3333333333333333,0.5555555555555556,9.0
134,3,5,Kids,3,1,0.6222222222222222,45,0.2,5,1.0,1,0.75,4,0.0,4,1.4666666666666666,1.4,-0.06666666666666667,15.0
134,4,4,Kids,4,1,0.6944444444444444,36,0.25,4,1.0,1,0.6666666666666666,3,0.0,3,0.6666666666666666,0.8888888888888888,0.2222222222222222,9.0
134,5,3,Kids,5,2,0.9259259259259259,27,0.6666666666666666,3,0.6666666666666666,3,,0,,0,0.3333333333333333,0.0,-0.3333333333333333,3.0
134,6,5,Kids,6,2,0.6888888888888889,45,0.6,5,1.0,1,1.0,4,0.5,4,1.5833333333333333,1.0833333333333333,-0.5,12.0
134,7,2,Kids,7,2,0.7222222222222222,18,0.5,2,1.0,1,1.0,1,0.0,1,1.2,0.8,-0.4,5.0
134,8,3,Kids,8,3,0.9259259259259259,27,1.0,3,1.0,1,1.0,2,1.0,2,,,,
134,9,5,Kids,9,3,0.8,45,0.4,5,0.5,2,1.0,3,0.3333333333333333,3,1.0,0.8571428571428571,-0.14285714285714285,7.0
134,10,4,Kids,10,2,0.8333333333333334,36,0.75,4,1.0,2,1.0,2,0.5,2,0.4,0.8,0.4,5.0
135,1,2,Teens,1,1,0.8888888888888888,18,0.5,2,1.0,1,1.0,1,0.0,1,0.0,1.0,1.0,1.0
135,2,3,Teens,2,1,0.8888888888888888,27,0.6666666666666666,3,1.0,2,1.0,1,0.0,1,0.5,1.0,0.5,2.0
135,3,4,Teens,3,1,0.8055555555555556,36,0.5,4,1.0,1,1.0,3,0.3333333333333333,3,0.75,1.0,0.25,4.0
135,4,5,Teens,4,1,0.8666666666666667,45,0.8,5,1.0,1,1.0,4,0.75,4,0.0,0.5,0.5,2.0
135,5,3,Teens,5,2,0.8888888888888888,27,0.6666666666666666,3,1.0,1,1.0,2,0.5,2,0.0,1.0,1.0,1.0
135,6,5,Teens,6,2,0.8666666666666667,45,0.6,5,1.0,2,0.6666666666666666,3,0.3333333333333333,3,0.3333333333333333,0.3333333333333333,0.0,3.0
135,7,2,Teens,7,2,0.7777777777777778,18,0.5,2,1.0,1,0.0,1,0.0,1,0.6666666666666666,1.3333333333333333,0.6666666666666666,3.0
135,8,3,Teens,8,3,0.8888888888888888,27,0.6666666666666666,3,1.0,1,0.5,2,0.5,2,1.0,0.0,-1.0,1.0
135,9,4,Teens,9,2,0.8611111111111112,36,0.75,4,1.0,1,1.0,3,0.6666666666666666,3,0.5,1.0,0.5,2.0
135,10,5,Teens,10,3,0.7777777777777778,45,0.4,5,0.5,2,1.0,3,0.3333333333333333,3,0.5,0.5,0.0,8.0
136,1,2,Teens,1,1,0.8888888888888888,18,0.5,2,0.0,1,1.0,1,1.0,1,0.0,0.0,0.0,1.0
136,2,3,Teens,2,1,0.7777777777777778,27,0.3333333333333333,3,1.0,1,1.0,2,0.0,2,0.5,1.0,0.5,4.0
136,3,4,Teens,3,1,0.75,36,0.75,4,1.0,1,1.0,3,0.6666666666666666,3,1.1428571428571428,1.1428571428571428,0.0,7.0
136,4,5,Teens,4,1,0.6888888888888889,45,0.6,5,1.0,2,0.6666666666666666,3,0.3333333333333333,3,1.2857142857142858,1.7142857142857142,0.42857142857142855,14.0
136,5,3,Teens,5,2,0.8518518518518519,27,1.0,3,1.0,1,1.0,2,1.0,2,1.0,1.5,0.5,4.0
136,6,5,Teens,6,2,0.36585365853658536,41,0.6,5,0.5,2,0.6666666666666666,3,0.6666666666666666,3,1.8181818181818181,2.0303030303030303,0.21212121212121213,33.0
136,7,2,Teens,7,2,0.6666666666666666,18,0.0,2,,0,0.5,2,0.0,2,0.5,1.25,0.75,4.0
136,8,3,Teens,8,3,0.9629629629629629,27,0.6666666666666666,3,0.6666666666666666,3,,0,,0,0.0,0.0,0.0,2.0
136,9,4,Teens,9,2,0.8055555555555556,36,0.75,4,1.0,2,1.0,2,0.5,2,0.3333333333333333,0.5,0.16666666666666666,6.0
136,10,5,Teens,10,3,0.6222222222222222,45,0.4,5,1.0,1,0.75,4,0.25,4,2.8947368421052633,1.7894736842105263,-1.105263157894737,19.0
137,1,2,Teens,1,1,0.8333333333333334,18,0.5,2,1.0,1,0.0,1,0.0,1,0.5,0.5,0.0,4.0
137,2,3,Teens,2,1,0.6666666666666666,27,0.6666666666666666,3,0.0,1,1.0,2,1.0,2,0.75,1.25,0.5,8.0
137,3,4,Teens,3,1,0.8611111111111112,36,0.75,4,1.0,3,1.0,1,0.0,1,0.5,0.6666666666666666,0.16666666666666666,6.0
137,4,5,Teens,4,1,0.8,45,0.6,5,0.6666666666666666,3,0.5,2,0.5,2,0.5714285714285714,1.0,0.42857142857142855,7.0
137,5,3,Teens,5,2,0.7037037037037037,27,0.3333333333333333,3,,0,0.6666666666666666,3,0.3333333333333333,3,1.8571428571428572,0.42857142857142855,-1.4285714285714286,7.0
137,6,5,Teens,6,2,0.8666666666666667,45,0.8,5,1.0,2,1.0,3,0.6666666666666666,3,0.3333333333333333,0.6666666666666666,0.3333333333333333,3.0
137,7,2,Teens,7,2,0.9444444444444444,18,1.0,2,1.0,1,1.0,1,1.0,1,,,,
137,8,3,Teens,8,3,0.7407407407407407,27,0.3333333333333333,3,1.0,1,1.0,2,0.0,2,1.0,1.0,0.0,6.0
137,9,4,Teens,9,2,0.8611111111111112,36,0.75,4,1.0,2,1.0,2,0.5,2,0.25,0.25,0.0,4.0
137,10,5,Teens,10,3,0.9111111111111111,45,1.0,5,1.0,2,1.0,3,1.0,3,0.0,1.0,1.0,1.0
138,1,2,Kids,1,1,0.5555555555555556,18,0.0,2,,0,0.5,2,0.0,2,1.625,1.0,-0.625,8.0
138,2,4,Kids,2,1,0.8888888888888888,36,1.0,4,1.0,1,1.0,3,1.0,3,0.6666666666666666,0.0,-0.6666666666666666,3.0
138,3,3,Kids,3,1,0.6296296296296297,27,0.3333333333333333,3,1.0,1,1.0,2,0.0,2,0.75,1.25,0.5,8.0
138,4,5,Kids,4,1,0.4888888888888889,45,0.6,5,1.0,2,0.3333333333333333,3,0.3333333333333333,3,1.75,1.8333333333333333,0.08333333333333333,24.0
138,5,3,Kids,5,2,0.7407407407407407,27,0.0,3,0.0,1,1.0,2,0.0,2,0.4,0.6,0.2,5.0
138,6,5,Kids,6,2,0.5111111111111111,45,0.4,5,0.3333333333333333,3,1.0,2,0.5,2,1.9166666666666667,2.1666666666666665,0.25,24.0
138,7,2,Kids,7,2,0.8888888888888888,18,1.0,2,1.0,1,1.0,1,1.0,1,0.0,0.5,0.5,2.0
138,8,4,Kids,8,2,0.9444444444444444,36,1.0,4,1.0,2,1.0,2,1.0,2,0.0,0.0,0.0,1.0
138,9,3,Kids,9,3,0.9230769230769231,26,1.0,3,1.0,1,1.0,1,1.0,1,0.0,0.5,0.5,2.0
138,10,5,Kids,10,3,0.2558139534883721,43,0.2,5,1.0,1,0.75,4,0.0,4,2.475,2.6,0.125,40.0
139,1,2,Teens,1,1,0.8333333333333334,18,1.0,2,,0,1.0,2,1.0,2,0.0,1.0,1.0,1.0
139,2,3,Teens,2,1,0.5925925925925926,27,0.6666666666666666,3,,0,1.0,3,0.6666666666666666,3,1.4444444444444444,0.6666666666666666,-0.7777777777777778,9.0
139,3,4,Teens,3,1,0.4444444444444444,36,0.5,4,1.0,1,0.6666666666666666,3,0.3333333333333333,3,2.24,2.6,0.36,25.0
139,4,5,Teens,4,1,0.5777777777777777,45,0.2,5,,0,1.0,5,0.2,5,1.2941176470588236,1.7647058823529411,0.47058823529411764,17.0
139,5,3,Teens,5,2,0.7037037037037037,27,0.3333333333333333,3,,0,1.0,3,0.3333333333333333,3,0.6,1.2,0.6,5.0
139,6,5,Teens,6,2,0.7674418604651163,43,0.3333333333333333,3,,0,1.0,3,0.3333333333333333,3,1.0,1.125,0.125,8.0
139,7,2,Teens,7,2,0.6111111111111112,18,0.5,2,,0,1.0,2,0.5,2,1.2,0.6,-0.6,5.0
139,8,3,Teens,8,3,0.8518518518518519,27,0.6666666666666666,3,0.5,2,1.0,1,1.0,1,0.3333333333333333,0.6666666666666666,0.3333333333333333,3.0
139,9,4,Teens,9,2,0.7428571428571429,35,0.5,4,,0,1.0,3,0.3333333333333333,3,0.7142857142857143,0.5714285714285714,-0.14285714285714285,7.0
139,10,5,Teens,10,3,0.6136363636363636,44,0.4,5,1.0,1,0.3333333333333333,3,0.0,3,1.25,1.5625,0.3125,16.0
140,1,2,Kids,1,1,0.8333333333333334,18,0.0,2,0.0,2,,0,,0,0.3333333333333333,0.0,-0.3333333333333333,3.0
140,2,3,Kids,2,1,0.9259259259259259,27,1.0,3,1.0,2,1.0,1,1.0,1,0.0,0.0,0.0,1.0
140,3,4,Kids,3,1,0.5555555555555556,36,0.75,4,0.5,2,1.0,2,1.0,2,1.2,1.4666666666666666,0.26666666666666666,15.0
140,4,5,Kids,4,1,0.7333333333333333,45,1.0,5,1.0,1,1.0,4,1.0,4,1.0,1.125,0.125,8.0
140,5,3,Kids,5,2,0.9629629629629629,27,0.6666666666666666,3,0.6666666666666666,3,,0,,0,0.0,0.0,0.0,2.0
140,6,5,Kids,6,2,0.6888888888888889,45,0.4,5,,0,0.4,5,0.4,5,1.1111111111111112,0.5555555555555556,-0.5555555555555556,9.0
140,7,2,Kids,7,2,0.9444444444444444,18,1.0,2,1.0,1,1.0,1,1.0,1,,,,
140,8,3,Kids,8,3,0.8148148148148148,27,0.3333333333333333,3,1.0,1,0.5,2,0.0,2,0.3333333333333333,1.0,0.6666666666666666,3.0
140,9,4,Kids,9,2,0.9166666666666666,36,1.0,4,1.0,1,1.0,3,1.0,3,,,,
140,10,5,Kids,10,3,0.7333333333333333,45,0.4,5,0.4,5,,0,,0,2.4,0.4666666666666667,-1.9333333333333333,15.0
141,1,2,Kids,1,1,1.0,18,1.0,2,1.0,2,,0,,0,,,,
141,2,3,Kids,2,1,0.7037037037037037,27,0.3333333333333333,3,1.0,1,1.0,2,0.0,2,0.6666666666666666,1.3333333333333333,0.6666666666666666,6.0
141,3,4,Kids,3,1,0.5833333333333334,36,0.5,4,0.6666666666666666,3,0.0,1,0.0,1,1.1764705882352942,1.411764705882353,0.23529411764705882,17.0
141,4,5,Kids,4,1,0.7333333333333333,45,0.4,5,0.6666666666666666,3,0.0,2,0.0,2,1.2,1.0666666666666667,-0.13333333333333333,15.0
141,5,3,Kids,5,2,0.8888888888888888,27,1.0,3,1.0,1,1.0,2,1.0,2,0.5,0.0,-0.5,2.0
141,6,5,Kids,6,2,0.4222222222222222,45,0.4,5,0.5,2,0.6666666666666666,3,0.3333333333333333,3,1.6666666666666667,1.9259259259259258,0.25925925925925924,27.0
141,7,2,Kids,7,2,0.9444444444444444,18,1.0,2,1.0,1,1.0,1,1.0,1,0.0,0.0,0.0,1.0
141,8,3,Kids,8,3,0.7037037037037037,27,0.3333333333333333,3,1.0,1,1.0,2,0.0,2,0.5,1.0,0.5,6.0
141,9,4,Kids,9,2,0.3611111111111111,36,0.5,4,1.0,1,1.0,3,0.3333333333333333,3,2.2142857142857144,1.8571428571428572,-0.35714285714285715,28.0
141,10,5,Kids,10,3,0.6,45,0.6,5,,0,0.8,5,0.6,5,2.2222222222222223,1.6666666666666667,-0.5555555555555556,18.0
142,1,2,Kids,1,1,0.7058823529411765,17,1.0,2,1.0,1,1.0,1,1.0,1,0.8,0.6,-0.2,5.0
142,2,3,Kids,2,1,0.7407407407407407,27,0.6666666666666666,3,,0,1.0,3,0.6666666666666666,3,1.0,0.6666666666666666,-0.3333333333333333,6.0
142,3,5,Kids,3,1,0.8444444444444444,45,0.6,5,1.0,2,1.0,3,0.3333333333333333,3,0.25,0.75,0.5,4.0
142,4,4,Kids,4,1,0.8611111111111112,36,0.75,4,1.0,1,1.0,3,0.6666666666666666,3,0.3333333333333333,0.3333333333333333,0.0,3.0
142,5,3,Kids,5,2,0.7407407407407407,27,0.3333333333333333,3,1.0,1,1.0,2,0.0,2,0.8333333333333334,1.3333333333333333,0.5,6.0
142,6,5,Kids,6,2,0.8,45,0.6,5,1.0,2,1.0,3,0.3333333333333333,3,0.3333333333333333,1.0,0.6666666666666666,6.0
142,7,2,Kids,7,2,0.9444444444444444,18,1.0,2,1.0,2,,0,,0,0.0,0.0,0.0,1.0
142,8,3,Kids,8,3,0.8518518518518519,27,0.3333333333333333,3,1.0,1,1.0,2,0.0,2,0.0,1.0,1.0,2.0
142,9,5,Kids,9,3,0.7777777777777778,45,0.8,5,1.0,1,1.0,4,0.75,4,0.8333333333333334,1.3333333333333333,0.5,6.0
142,10,4,Kids,10,2,0.8611111111111112,36,0.25,4,0.5,2,1.0,2,0.0,2,0.0,0.6666666666666666,0.6666666666666666,3.0
143,1,2,Kids,1,1,0.8888888888888888,18,1.0,2,1.0,1,1.0,1,1.0,1,0.5,0.5,0.0,4.0
143,2,3,Kids,2,1,0.7037037037037037,27,0.3333333333333333,3,1.0,1,1.0,2,0.0,2,0.6666666666666666,1.3333333333333333,0.6666666666666666,6.0
143,3,5,Kids,3,1,0.6,45,0.6,5,1.0,1,1.0,4,0.5,4,1.5625,1.25,-0.3125,16.0
143,4,4,Kids,4,1,0.8055555555555556,36,0.75,4,1.0,1,1.0,3,0.6666666666666666,3,1.625,0.375,-1.25,8.0
143,5,3,Kids,5,2,0.7037037037037037,27,0.6666666666666666,3,1.0,1,0.5,2,0.5,2,0.7777777777777778,0.8888888888888888,0.1111111111111111,9.0
143,6,5,Kids,6,2,0.8666666666666667,45,0.6,5,1.0,1,1.0,4,0.5,4,0.4,0.6,0.2,5.0
143,7,2,Kids,7,2,0.9444444444444444,18,1.0,2,1.0,1,1.0,1,1.0,1,0.0,0.5,0.5,2.0
143,8,3,Kids,8,3,0.8518518518518519,27,1.0,3,1.0,1,1.0,2,1.0,2,1.1,1.4,0.3,10.0
143,9,5,Kids,9,3,0.3488372093023256,43,0.8,5,0.0,1,1.0,4,1.0,4,2.0789473684210527,2.1842105263157894,0.10526315789473684,38.0
143,10,4,Kids,10,2,0.4444444444444444,36,0.25,4,,0,0.75,4,0.25,4,1.2777777777777777,1.7777777777777777,0.5,18.0
144,1,2,Kids,1,1,0.8333333333333334,18,0.5,2,,0,1.0,2,0.5,2,0.0,1.0,1.0,1.0
144,2,3,Kids,2,1,0.7037037037037037,27,0.3333333333333333,3,1.0,1,1.0,2,0.0,2,0.8333333333333334,1.1666666666666667,0.3333333333333333,6.0
144,3,5,Kids,3,1,0.6136363636363636,44,0.2,5,1.0,1,0.5,4,0.0,4,1.2307692307692308,1.1538461538461537,-0.07692307692307693,13.0
144,4,4,Kids,4,1,0.9722222222222222,36,1.0,4,1.0,3,1.0,1,1.0,1,,,,
144,5,3,Kids,5,2,0.8148148148148148,27,0.3333333333333333,3,1.0,1,1.0,2,0.0,2,0.0,0.6666666666666666,0.6666666666666666,3.0
144,6,5,Kids,6,2,0.8666666666666667,45,0.8,5,1.0,1,1.0,4,0.75,4,0.5,1.0,0.5,2.0
144,7,2,Kids,7,2,0.8823529411764706,17,1.0,2,1.0,2,,0,,0,0.5,0.0,-0.5,2.0
144,8,3,Kids,8,3,0.8148148148148148,27,0.3333333333333333,3,,0,0.6666666666666666,3,0.3333333333333333,3,0.5,0.5,0.0,2.0
144,9,5,Kids,9,3,0.6444444444444445,45,0.6,5,0.6666666666666666,3,1.0,2,0.5,2,0.8,1.1333333333333333,0.3333333333333333,15.0
144,10,4,Kids,10,2,0.8611111111111112,36,1.0,4,1.0,1,1.0,3,1.0,3,1.5,0.0,-1.5,2.0
145,1,2,Kids,1,1,0.7222222222222222,18,0.0,2,,0,1.0,2,0.0,2,0.3333333333333333,1.0,0.6666666666666666,3.0
145,2,3,Kids,2,1,0.8888888888888888,27,0.6666666666666666,3,1.0,2,1.0,1,0.0,1,0.3333333333333333,0.6666666666666666,0.3333333333333333,3.0
145,3,4,Kids,3,1,0.7777777777777778,36,0.5,4,1.0,1,0.6666666666666666,3,0.3333333333333333,3,0.8333333333333334,0.8333333333333334,0.0,6.0
145,4,5,Kids,4,1,0.8222222222222222,45,0.4,5,0.6666666666666666,3,1.0,2,0.0,2,0.2857142857142857,0.7142857142857143,0.42857142857142855,7.0
145,5,3,Kids,5,2,0.8148148148148148,27,0.3333333333333333,3,,0,1.0,3,0.3333333333333333,3,0.0,1.0,1.0,2.0
145,6,5,Kids,6,2,0.6666666666666666,45,0.6,5,,0,0.8,5,0.6,5,0.8,1.4,0.6,10.0
145,7,2,Kids,7,2,0.6666666666666666,18,0.0,2,,0,0.5,2,0.0,2,0.75,1.0,0.25,4.0
145,8,3,Kids,8,3,0.48148148148148145,27,0.0,3,0.0,1,0.5,2,0.0,2,1.5384615384615385,1.0769230769230769,-0.46153846153846156,13.0
145,9,4,Kids,9,2,0.8333333333333334,36,0.75,4,,0,0.75,4,0.75,4,0.5,1.0,0.5,2.0
145,10,5,Kids,10,3,0.8444444444444444,45,0.6,5,0.5,2,1.0,3,0.6666666666666666,3,0.25,0.75,0.5,4.0
146,1,2,Kids,1,1,0.8333333333333334,18,0.5,2,,0,1.0,2,0.5,2,0.5,0.5,0.0,2.0
146,2,3,Kids,2,1,0.7407407407407407,27,0.6666666666666666,3,,0,1.0,3,0.6666666666666666,3,0.6666666666666666,1.0,0.3333333333333333,6.0
146,3,4,Kids,3,1,0.8333333333333334,36,0.5,4,0.6666666666666666,3,0.0,1,0.0,1,0.6666666666666666,0.16666666666666666,-0.5,6.0
146,4,5,Kids,4,1,0.6,45,0.4,5,0.5,2,0.6666666666666666,3,0.3333333333333333,3,1.25,1.1875,-0.0625,16.0
146,5,3,Kids,5,2,0.6666666666666666,27,0.0,3,,0,0.6666666666666666,3,0.0,3,1.1666666666666667,0.5,-0.6666666666666666,6.0
146,6,5,Kids,6,2,0.7333333333333333,45,0.8,5,0.75,4,1.0,1,1.0,1,1.1538461538461537,1.0,-0.15384615384615385,13.0
146,7,2,Kids,7,2,1.0,18,1.0,2,1.0,2,,0,,0,,,,
146,8,3,Kids,8,3,0.8461538461538461,26,1.0,3,1.0,1,1.0,2,1.0,2,1.0,0.0,-1.0,2.0
146,9,4,Kids,9,2,0.6666666666666666,36,0.5,4,,0,0.75,4,0.5,4,1.0,1.125,0.125,8.0
146,10,5,Kids,10,3,0.4666666666666667,45,0.4,5,,0,0.6,5,0.4,5,2.28,2.28,0.0,25.0
147,1,2,Kids,1,1,0.6666666666666666,18,0.5,2,,0,1.0,2,0.5,2,0.75,1.0,0.25,4.0
147,2,3,Kids,2,1,0.8518518518518519,27,0.6666666666666666,3,1.0,2,1.0,1,0.0,1,1.0,1.5,0.5,4.0
147,3,4,Kids,3,1,0.2777777777777778,36,0.75,4,,0,1.0,4,0.75,4,2.3,2.433333333333333,0.13333333333333333,30.0
147,4,5,Kids,4,1,0.8,45,0.6,5,1.0,2,0.6666666666666666,3,0.3333333333333333,3,0.5714285714285714,0.8571428571428571,0.2857142857142857,7.0
147,5,3,Kids,5,2,0.7777777777777778,27,0.0,3,0.0,1,1.0,2,0.0,2,0.6,0.4,-0.2,5.0
147,6,5,Kids,6,2,0.6,45,0.0,5,,0,0.2,5,0.0,5,1.3076923076923077,0.6923076923076923,-0.6153846153846154,13.0
147,7,2,Kids,7,2,0.8333333333333334,18,0.5,2,,0,0.5,2,0.5,2,0.5,0.5,0.0,2.0
147,8,3,Kids,8,3,0.8888888888888888,27,0.6666666666666666,3,1.0,1,1.0,2,0.5,2,0.0,1.0,1.0,1.0
147,9,4,Kids,9,2,0.8055555555555556,36,0.75,4,1.0,1,1.0,3,0.6666666666666666,3,0.25,0.75,0.5,4.0
147,10,5,Kids,10,3,0.7777777777777778,45,0.6,5,0.6666666666666666,3,1.0,2,0.5,2,0.875,1.125,0.25,8.0
148,1,2,Teens,1,1,0.7777777777777778,18,0.5,2,,0,1.0,2,0.5,2,0.0,1.0,1.0,2.0
148,2,4,Teens,2,1,0.6111111111111112,36,0.0,4,,0,0.75,4,0.0,4,0.8181818181818182,1.0909090909090908,0.2727272727272727,11.0
148,3,3,Teens,3,1,0.7777777777777778,27,0.3333333333333333,3,1.0,1,0.5,2,0.0,2,1.0,0.75,-0.25,4.0
148,4,5,Teens,4,1,0.5555555555555556,45,0.2,5,,0,0.6,5,0.2,5,0.9333333333333333,1.2666666666666666,0.3333333333333333,15.0
148,5,3,Teens,5,2,0.8888888888888888,27,0.6666666666666666,3,1.0,1,1.0,2,0.5,2,0.0,0.6666666666666666,0.6666666666666666,3.0
148,6,5,Teens,6,2,0.8444444444444444,45,0.6,5,1.0,2,1.0,3,0.3333333333333333,3,0.2,0.8,0.6,5.0
148,7,2,Teens,7,2,0.8333333333333334,18,0.5,2,1.0,1,0.0,1,0.0,1,0.5,1.0,0.5,2.0
148,8,4,Teens,8,2,0.6388888888888888,36,0.5,4,1.0,1,0.6666666666666666,3,0.3333333333333333,3,0.8,1.1,0.3,10.0
148,9,3,Teens,9,3,0.7037037037037037,27,0.3333333333333333,3,1.0,1,1.0,2,0.0,2,0.6666666666666666,1.3333333333333333,0.6666666666666666,6.0
148,10,5,Teens,10,3,0.8222222222222222,45,0.4,5,1.0,1,0.75,4,0.25,4,0.6666666666666666,1.0,0.3333333333333333,6.0
149,1,2,Kids,1,1,0.8333333333333334,18,1.0,2,,0,1.0,2,1.0,2,0.0,1.0,1.0,1.0
149,2,3,Kids,2,1,0.7407407407407407,27,0.6666666666666666,3,1.0,1,1.0,2,0.5,2,0.8,1.2,0.4,5.0
149,3,4,Kids,3,1,0.4166666666666667,36,0.75,4,1.0,1,0.6666666666666666,3,0.6666666666666666,3,2.04,1.76,-0.28,25.0
149,4,5,Kids,4,1,0.5111111111111111,45,0.2,5,,0,0.6,5,0.2,5,1.8333333333333333,1.7916666666666667,-0.041666666666666664,24.0
149,5,3,Kids,5,2,0.8518518518518519,27,1.0,3,1.0,1,1.0,2,1.0,2,1.0,0.0,-1.0,2.0
149,6,5,Kids,6,2,0.7111111111111111,45,0.6,5,1.0,2,0.6666666666666666,3,0.3333333333333333,3,1.3,1.0,-0.3,10.0
149,7,2,Kids,7,2,0.8888888888888888,18,0.5,2,1.0,1,1.0,1,0.0,1,0.0,1.0,1.0,1.0
149,8,3,Kids,8,3,0.8888888888888888,27,0.6666666666666666,3,1.0,1,1.0,2,0.5,2,0.0,1.0,1.0,1.0
149,9,4,Kids,9,2,0.8611111111111112,36,0.5,4,1.0,2,0.5,2,0.0,2,0.6666666666666666,0.6666666666666666,0.0,3.0
149,10,5,Kids,10,3,0.7777777777777778,45,1.0,5,1.0,2,1.0,3,1.0,3,0.7142857142857143,1.2857142857142858,0.5714285714285714,7.0
150,1,2,Kids,1,1,0.9444444444444444,18,1.0,2,1.0,1,1.0,1,1.0,1,,,,
150,2,3,Kids,2,1,0.8518518518518519,27,0.6666666666666666,3,1.0,1,1.0,2,0.5,2,0.5,1.0,0.5,2.0
150,3,4,Kids,3,1,0.8611111111111112,36,0.5,4,0.5,2,1.0,2,0.5,2,0.0,0.6666666666666666,0.6666666666666666,3.0
150,4,5,Kids,4,1,0.9777777777777777,45,1.0,5,1.0,4,1.0,1,1.0,1,,,,
150,5,3,Kids,5,2,0.9259259259259259,27,0.6666666666666666,3,1.0,2,0.0,1,0.0,1,1.0,0.0,-1.0,1.0
150,6,5,Kids,6,2,0.8444444444444444,45,0.6,5,0.6666666666666666,3,1.0,2,0.5,2,0.8,0.4,-0.4,5.0
150,7,2,Kids,7,2,0.9444444444444444,18,1.0,2,1.0,1,1.0,1,1.0,1,,,,
150,8,3,Kids,8,3,0.8148148148148148,27,0.6666666666666666,3,1.0,1,0.5,2,0.5,2,1.0,1.0,0.0,3.0
150,9,4,Kids,9,2,0.7777777777777778,36,0.5,4,,0,0.75,4,0.5,4,1.0,0.6,-0.4,5.0
150,10,5,Kids,10,3,0.8,45,0.6,5,1.0,2,0.6666666666666666,3,0.3333333333333333,3,0.6666666666666666,1.0,0.3333333333333333,6.0
151,1,2,Kids,1,1,0.8333333333333334,18,0.5,2,0.0,1,1.0,1,1.0,1,0.5,0.5,0.0,4.0
151,2,3,Kids,2,1,0.8518518518518519,27,0.6666666666666666,3,1.0,1,1.0,2,0.5,2,0.25,0.5,0.25,4.0
151,3,4,Kids,3,1,0.8611111111111112,36,0.5,4,1.0,2,0.5,2,0.0,2,1.0,0.3333333333333333,-0.6666666666666666,3.0
151,4,5,Kids,4,1,0.8181818181818182,44,0.6,5,0.6666666666666666,3,0.5,2,0.5,2,1.0,0.2857142857142857,-0.7142857142857143,7.0
151,5,3,Kids,5,2,0.9629629629629629,27,1.0,3,1.0,2,1.0,1,1.0,1,,,,
151,6,5,Kids,6,2,0.40476190476190477,42,0.4,5,1.0,1,0.75,4,0.25,4,1.9666666666666666,2.3333333333333335,0.36666666666666664,30.0
151,7,2,Kids,7,2,0.8888888888888888,18,0.5,2,0.0,1,1.0,1,1.0,1,0.0,0.0,0.0,1.0
151,8,3,Kids,8,3,0.7407407407407407,27,0.0,3,,0,0.3333333333333333,3,0.0,3,0.6666666666666666,1.0,0.3333333333333333,6.0
151,9,4,Kids,9,2,0.9444444444444444,36,1.0,4,1.0,3,1.0,1,1.0,1,0.0,0.5,0.5,4.0
151,10,5,Kids,10,3,0.7777777777777778,45,0.4,5,1.0,1,0.5,4,0.25,4,0.3333333333333333,1.0,0.6666666666666666,6.0
152,1,2,Teens,1,1,0.6111111111111112,18,0.0,2,,0,0.5,2,0.0,2,0.8,1.4,0.6,5.0
152,2,3,Teens,2,1,0.5555555555555556,27,0.3333333333333333,3,,0,0.3333333333333333,3,0.3333333333333333,3,1.5454545454545454,0.8181818181818182,-0.7272727272727273,11.0
152,3,5,Teens,3,1,0.4222222222222222,45,0.4,5,,0,0.8,5,0.4,5,2.2580645161290325,1.8387096774193548,-0.41935483870967744,31.0
152,4,4,Teens,4,1,0.3611111111111111,36,0.25,4,,0,0.5,4,0.25,4,1.962962962962963,2.2962962962962963,0.3333333333333333,27.0
152,5,3,Teens,5,2,0.7407407407407407,27,0.6666666666666666,3,,0,1.0,3,0.6666666666666666,3,0.6,1.2,0.6,5.0
152,6,5,Teens,6,2,0.5777777777777777,45,0.8,5,0.5,2,1.0,3,1.0,3,1.368421052631579,1.0,-0.3684210526315789,19.0
152,7,2,Teens,7,2,0.8333333333333334,18,0.5,2,,0,1.0,2,0.5,2,0.5,1.0,0.5,4.0
152,8,3,Teens,8,3,0.8148148148148148,27,0.3333333333333333,3,0.0,1,1.0,2,0.5,2,0.25,0.5,0.25,4.0
152,9,5,Teens,9,3,0.4444444444444444,45,0.2,5,0.5,2,0.6666666666666666,3,0.0,3,1.5,1.5833333333333333,0.08333333333333333,24.0
152,10,4,Teens,10,2,0.3888888888888889,36,0.75,4,1.0,1,1.0,3,0.6666666666666666,3,1.9642857142857142,2.0714285714285716,0.10714285714285714,28.0
153,1,2,Kids,1,1,0.9444444444444444,18,1.0,2,1.0,2,,0,,0,0.0,0.0,0.0,1.0
153,2,3,Kids,2,1,0.8888888888888888,27,0.6666666666666666,3,1.0,1,0.5,2,0.5,2,1.0,0.0,-1.0,1.0
153,3,5,Kids,3,1,0.7111111111111111,45,0.6,5,1.0,2,0.6666666666666666,3,0.3333333333333333,3,1.0,1.5,0.5,10.0
153,4,4,Kids,4,1,0.6111111111111112,36,0.5,4,1.0,1,0.6666666666666666,3,0.3333333333333333,3,1.7692307692307692,1.0769230769230769,-0.6923076923076923,13.0
153,5,3,Kids,5,2,0.7777777777777778,27,0.3333333333333333,3,,0,1.0,3,0.3333333333333333,3,0.6,1.0,0.4,5.0
153,6,5,Kids,6,2,0.7111111111111111,45,0.8,5,1.0,2,1.0,3,0.6666666666666666,3,1.25,1.5,0.25,12.0
153,7,2,Kids,7,2,0.6111111111111112,18,0.0,2,,0,0.5,2,0.0,2,0.8,1.0,0.2,5.0
153,8,3,Kids,8,3,0.8148148148148148,27,1.0,3,1.0,1,1.0,2,1.0,2,0.5,1.0,0.5,4.0
153,9,5,Kids,9,3,0.4888888888888889,45,0.2,5,,0,0.8,5,0.2,5,1.7391304347826086,2.0,0.2608695652173913,23.0
153,10,4,Kids,10,2,0.8055555555555556,36,0.75,4,1.0,2,1.0,2,0.5,2,0.6,0.8,0.2,5.0
154,1,2,Teens,1,1,0.7777777777777778,18,0.5,2,,0,1.0,2,0.5,2,0.5,1.0,0.5,2.0
154,2,3,Teens,2,1,0.8518518518518519,27,0.6666666666666666,3,1.0,1,0.5,2,0.5,2,0.5,1.0,0.5,2.0
154,3,5,Teens,3,1,0.6888888888888889,45,0.4,5,0.25,4,1.0,1,1.0,1,0.7857142857142857,1.0,0.21428571428571427,14.0
154,4,4,Teens,4,1,0.8888888888888888,36,0.75,4,1.0,3,0.0,1,0.0,1,0.25,0.75,0.5,4.0
154,5,3,Teens,5,2,0.9259259259259259,27,1.0,3,1.0,2,1.0,1,1.0,1,0.0,1.0,1.0,1.0
154,6,5,Teens,6,2,0.8,45,0.4,5,1.0,2,0.6666666666666666,3,0.0,3,0.75,0.75,0.0,8.0
154,7,2,Teens,7,2,0.9444444444444444,18,1.0,2,1.0,2,,0,,0,0.0,0.0,0.0,1.0
154,8,3,Teens,8,3,0.9629629629629629,27,1.0,3,1.0,2,1.0,1,1.0,1,,,,
154,9,5,Teens,9,3,0.8,45,0.6,5,,0,1.0,5,0.6,5,0.5,1.0,0.5,4.0
154,10,4,Teens,10,2,0.5555555555555556,36,0.25,4,1.0,1,0.6666666666666666,3,0.0,3,1.3846153846153846,1.6153846153846154,0.23076923076923078,13.0
155,1,2,Kids,1,1,0.8888888888888888,18,1.0,2,1.0,1,1.0,1,1.0,1,0.0,0.0,0.0,1.0
155,2,3,Kids,2,1,0.7037037037037037,27,0.3333333333333333,3,1.0,1,1.0,2,0.0,2,0.5,1.0,0.5,6.0
155,3,4,Kids,3,1,0.7222222222222222,36,0.25,4,0.0,2,1.0,2,0.5,2,0.6666666666666666,0.7777777777777778,0.1111111111111111,9.0
155,4,5,Kids,4,1,0.4888888888888889,45,0.6,5,,0,0.8,5,0.6,5,1.92,2.48,0.56,25.0
155,5,3,Kids,5,2,0.8518518518518519,27,0.3333333333333333,3,1.0,1,0.5,2,0.0,2,0.5,0.5,0.0,2.0
155,6,5,Kids,6,2,0.7333333333333333,45,0.4,5,1.0,2,0.3333333333333333,3,0.0,3,1.4,1.4,0.0,10.0
155,7,2,Kids,7,2,0.8888888888888888,18,1.0,2,,0,1.0,2,1.0,2,,,,
155,8,3,Kids,8,3,0.7037037037037037,27,0.0,3,,0,0.6666666666666666,3,0.0,3,0.4,1.0,0.6,5.0
155,9,4,Kids,9,2,0.8055555555555556,36,0.5,4,1.0,1,0.6666666666666666,3,0.3333333333333333,3,0.4,1.2,0.8,5.0
155,10,5,Kids,10,3,0.4444444444444444,45,0.2,5,,0,0.8,5,0.2,5,1.7619047619047619,1.4285714285714286,-0.3333333333333333,21.0
156,1,2,Kids,1,1,0.8333333333333334,18,0.5,2,1.0,1,1.0,1,0.0,1,0.3333333333333333,0.3333333333333333,0.0,3.0
156,2,3,Kids,2,1,0.8888888888888888,27,0.6666666666666666,3,1.0,2,1.0,1,0.0,1,0.0,0.5,0.5,2.0
156,3,4,Kids,3,1,0.8888888888888888,36,0.75,4,1.0,3,1.0,1,0.0,1,0.0,0.6666666666666666,0.6666666666666666,3.0
156,4,5,Kids,4,1,0.7555555555555555,45,0.8,5,1.0,1,1.0,4,0.75,4,0.875,0.625,-0.25,8.0
156,5,3,Kids,5,2,0.9615384615384616,26,1.0,3,1.0,1,1.0,1,1.0,1,0.0,0.0,0.0,1.0
156,6,5,Kids,6,2,0.8222222222222222,45,0.4,5,0.6666666666666666,3,1.0,2,0.0,2,0.6666666666666666,1.1666666666666667,0.5,6.0
156,7,2,Kids,7,2,0.8888888888888888,18,1.0,2,1.0,1,1.0,1,1.0,1,0.0,1.0,1.0,1.0
156,8,3,Kids,8,3,0.7407407407407407,27,0.3333333333333333,3,,0,1.0,3,0.3333333333333333,3,0.4,1.2,0.8,5.0
156,9,4,Kids,9,2,0.6666666666666666,36,0.25,4,,0,0.75,4,0.25,4,0.75,1.25,0.5,8.0
156,10,5,Kids,10,3,0.4888888888888889,45,0.4,5,1.0,1,0.75,4,0.25,4,1.8148148148148149,2.185185185185185,0.37037037037037035,27.0
157,1,2,Kids,1,1,0.7777777777777778,18,0.5,2,,0,1.0,2,0.5,2,0.5,0.5,0.0,2.0
157,2,3,Kids,2,1,0.5555555555555556,27,0.0,3,,0,0.6666666666666666,3,0.0,3,1.1111111111111112,1.2222222222222223,0.1111111111111111,9.0
157,3,4,Kids,3,1,0.4166666666666667,36,0.25,4,0.0,1,0.3333333333333333,3,0.3333333333333333,3,1.736842105263158,1.2105263157894737,-0.5263157894736842,19.0
157,4,5,Kids,4,1,0.7777777777777778,45,0.4,5,0.5,2,1.0,3,0.3333333333333333,3,0.2857142857142857,0.8571428571428571,0.5714285714285714,7.0
157,5,3,Kids,5,2,0.8148148148148148,27,0.6666666666666666,3,1.0,1,1.0,2,0.5,2,0.3333333333333333,1.0,0.6666666666666666,3.0
157,6,5,Kids,6,2,0.7045454545454546,44,0.25,4,0.0,1,0.6666666666666666,3,0.3333333333333333,3,0.5,1.0,0.5,10.0
157,7,2,Kids,7,2,0.7222222222222222,18,0.5,2,,0,1.0,2,0.5,2,0.3333333333333333,1.0,0.6666666666666666,3.0
157,8,3,Kids,8,3,0.5185185185185185,27,0.0,3,0.0,1,1.0,2,0.0,2,1.3636363636363635,1.4545454545454546,0.09090909090909091,11.0
157,9,4,Kids,9,2,0.7222222222222222,36,0.75,4,1.0,1,1.0,3,0.6666666666666666,3,1.1428571428571428,1.1428571428571428,0.0,7.0
157,10,5,Kids,10,3,0.7777777777777778,45,0.6,5,1.0,2,1.0,3,0.3333333333333333,3,1.0,1.2857142857142858,0.2857142857142857,7.0
158,1,2,Kids,1,1,0.8888888888888888,18,1.0,2,1.0,2,,0,,0,0.0,0.0,0.0,2.0
158,2,4,Kids,2,1,0.9722222222222222,36,0.75,4,0.75,4,,0,,0,0.0,0.3333333333333333,0.3333333333333333,3.0
158,3,3,Kids,3,1,0.9629629629629629,27,1.0,3,1.0,3,,0,,0,0.0,0.0,0.0,1.0
158,4,5,Kids,4,1,0.7555555555555555,45,0.6,5,1.0,1,0.5,4,0.5,4,0.5714285714285714,1.1428571428571428,0.5714285714285714,7.0
158,5,3,Kids,5,2,0.8518518518518519,27,1.0,3,1.0,1,1.0,2,1.0,2,0.3333333333333333,0.6666666666666666,0.3333333333333333,3.0
158,6,5,Kids,6,2,0.7777777777777778,45,0.6,5,1.0,3,0.0,2,0.0,2,2.0,0.0,-2.0,8.0
158,7,2,Kids,7,2,0.6666666666666666,18,0.5,2,,0,1.0,2,0.5,2,0.5,1.0,0.5,4.0
158,8,4,Kids,8,2,0.6666666666666666,36,0.25,4,0.0,1,0.6666666666666666,3,0.3333333333333333,3,0.9090909090909091,0.9090909090909091,0.0,11.0
158,9,3,Kids,9,3,0.8518518518518519,27,0.6666666666666666,3,1.0,1,1.0,2,0.5,2,0.5,1.25,0.75,4.0
158,10,5,Kids,10,3,0.6666666666666666,45,0.4,5,0.5,2,1.0,3,0.3333333333333333,3,1.894736842105263,1.1578947368421053,-0.7368421052631579,19.0
159,1,2,Teens,1,1,0.8823529411764706,17,0.5,2,,0,1.0,1,0.0,1,0.0,1.0,1.0,1.0
159,2,3,Teens,2,1,0.6296296296296297,27,0.3333333333333333,3,1.0,1,0.5,2,0.0,2,0.8888888888888888,1.0,0.1111111111111111,9.0
159,3,4,Teens,3,1,0.3888888888888889,36,0.75,4,1.0,1,1.0,3,0.6666666666666666,3,1.8695652173913044,1.6521739130434783,-0.21739130434782608,23.0
159,4,5,Teens,4,1,0.5555555555555556,45,0.4,5,0.5,2,0.6666666666666666,3,0.3333333333333333,3,2.0869565217391304,1.6521739130434783,-0.43478260869565216,23.0
159,5,3,Teens,5,2,0.8518518518518519,27,1.0,3,1.0,1,1.0,2,1.0,2,1.0,0.0,-1.0,2.0
159,6,5,Teens,6,2,0.6888888888888889,45,0.4,5,0.6666666666666666,3,0.0,2,0.0,2,1.25,1.25,0.0,12.0
159,7,2,Teens,7,2,0.7777777777777778,18,0.5,2,,0,1.0,2,0.5,2,0.5,1.0,0.5,2.0
159,8,3,Teens,8,3,0.8888888888888888,27,1.0,3,,0,1.0,3,1.0,3,,,,
159,9,4,Teens,9,2,0.8888888888888888,36,1.0,4,1.0,2,1.0,2,1.0,2,0.0,0.6666666666666666,0.6666666666666666,3.0
159,10,5,Teens,10,3,0.5111111111111111,45,0.2,5,,0,0.6,5,0.2,5,2.142857142857143,1.380952380952381,-0.7619047619047619,21.0
160,1,2,Teens,1,1,0.9444444444444444,18,1.0,2,1.0,1,1.0,1,1.0,1,,,,
160,2,3,Teens,2,1,0.8518518518518519,27,0.6666666666666666,3,1.0,1,1.0,2,0.5,2,0.5,1.0,0.5,2.0
160,3,4,Teens,3,1,0.8055555555555556,36,0.25,4,1.0,1,0.6666666666666666,3,0.0,3,0.5,0.75,0.25,4.0
160,4,5,Teens,4,1,0.6444444444444445,45,0.8,5,,0,1.0,5,0.8,5,1.25,1.3333333333333333,0.08333333333333333,12.0
160,5,3,Teens,5,2,0.7037037037037037,27,0.3333333333333333,3,,0,0.6666666666666666,3,0.3333333333333333,3,0.8,1.0,0.2,5.0
160,6,5,Teens,6,2,0.9111111111111111,45,0.8,5,1.0,2,1.0,3,0.6666666666666666,3,0.0,1.0,1.0,1.0
160,7,2,Teens,7,2,0.8333333333333334,18,0.5,2,1.0,1,1.0,1,0.0,1,0.5,1.0,0.5,2.0
160,8,3,Teens,8,3,0.8888888888888888,27,0.6666666666666666,3,1.0,1,1.0,2,0.5,2,0.0,1.0,1.0,1.0
160,9,4,Teens,9,2,0.9166666666666666,36,0.75,4,1.0,2,1.0,2,0.5,2,0.0,1.0,1.0,1.0
160,10,5,Teens,10,3,0.8444444444444444,45,0.6,5,1.0,1,1.0,4,0.5,4,0.0,1.0,1.0,3.0
161,1,2,Teens,1,1,1.0,18,1.0,2,1.0,2,,0,,0,,,,
161,2,3,Teens,2,1,0.9259259259259259,27,0.6666666666666666,3,1.0,2,1.0,1,0.0,1,0.0,1.0,1.0,1.0
161,3,4,Teens,3,1,0.8055555555555556,36,0.5,4,,0,0.75,4,0.5,4,0.3333333333333333,1.0,0.6666666666666666,3.0
161,4,5,Teens,4,1,0.8666666666666667,45,0.6,5,1.0,1,1.0,4,0.5,4,0.0,1.0,1.0,2.0
161,5,3,Teens,5,2,0.8461538461538461,26,0.3333333333333333,3,,0,0.5,2,0.5,2,0.5,0.0,-0.5,2.0
161,6,5,Teens,6,2,0.8444444444444444,45,0.6,5,0.6666666666666666,3,1.0,2,0.5,2,0.6,0.8,0.2,5.0
161,7,2,Teens,7,2,0.7777777777777778,18,0.0,2,,0,1.0,2,0.0,2,0.0,1.0,1.0,2.0
161,8,3,Teens,8,3,0.7777777777777778,27,0.3333333333333333,3,1.0,1,0.0,2,0.0,2,1.0,0.5,-0.5,4.0
161,9,4,Teens,9,2,0.8333333333333334,36,0.25,4,1.0,1,0.6666666666666666,3,0.0,3,0.3333333333333333,0.6666666666666666,0.3333333333333333,3.0
161,10,5,Teens,10,3,0.9111111111111111,45,1.0,5,1.0,2,1.0,3,1.0,3,1.0,0.0,-1.0,1.0
162,1,2,Teens,1,1,0.7777777777777778,18,0.5,2,1.0,1,1.0,1,0.0,1,0.25,0.75,0.5,4.0
162,2,3,Teens,2,1,0.6666666666666666,27,0.0,3,,0,1.0,3,0.0,3,0.7142857142857143,1.0,0.2857142857142857,7.0
162,3,5,Teens,3,1,0.8444444444444444,45,0.4,5,0.5,2,1.0,3,0.3333333333333333,3,0.25,0.75,0.5,4.0
162,4,4,Teens,4,1,0.7428571428571429,35,0.5,4,,0,0.75,4,0.5,4,1.1666666666666667,0.5,-0.6666666666666666,6.0
162,5,3,Teens,5,2,0.7777777777777778,27,0.6666666666666666,3,,0,0.6666666666666666,3,0.6666666666666666,3,2.0,0.0,-2.0,3.0
162,6,5,Teens,6,2,0.6444444444444445,45,0.4,5,0.5,2,0.3333333333333333,3,0.3333333333333333,3,1.2307692307692308,1.5384615384615385,0.3076923076923077,13.0
162,7,2,Teens,7,2,0.7777777777777778,18,0.5,2,,0,1.0,2,0.5,2,0.5,1.0,0.5,2.0
162,8,3,Teens,8,3,0.8518518518518519,27,0.3333333333333333,3,1.0,1,0.5,2,0.0,2,0.5,0.5,0.0,2.0
162,9,5,Teens,9,3,0.8666666666666667,45,0.6,5,1.0,2,1.0,3,0.3333333333333333,3,0.3333333333333333,1.0,0.6666666666666666,3.0
162,10,4,Teens,10,2,0.8333333333333334,36,0.5,4,1.0,1,1.0,3,0.3333333333333333,3,0.3333333333333333,1.0,0.6666666666666666,3.0
163,1,2,Teens,1,1,1.0,18,1.0,2,1.0,2,,0,,0,0.0,0.0,0.0,1.0
163,2,3,Teens,2,1,0.9629629629629629,27,1.0,3,1.0,3,,0,,0,0.0,0.0,0.0,2.0
163,3,5,Teens,3,1,0.7777777777777778,45,0.6,5,1.0,2,1.0,3,0.3333333333333333,3,1.0,1.0,0.0,9.0
163,4,4,Teens,4,1,0.8888888888888888,36,0.75,4,1.0,1,0.6666666666666666,3,0.6666666666666666,3,0.3333333333333333,0.3333333333333333,0.0,3.0
163,5,3,Teens,5,2,0.8518518518518519,27,1.0,3,1.0,1,1.0,2,1.0,2,0.5,0.0,-0.5,2.0
163,6,5,Teens,6,2,0.8666666666666667,45,0.8,5,1.0,2,1.0,3,0.6666666666666666,3,0.7142857142857143,0.7142857142857143,0.0,7.0
163,7,2,Teens,7,2,0.7777777777777778,18,0.5,2,,0,1.0,2,0.5,2,0.5,1.0,0.5,2.0
163,8,3,Teens,8,3,0.8518518518518519,27,0.6666666666666666,3,1.0,2,1.0,1,0.0,1,0.4,0.8,0.4,5.0
163,9,5,Teens,9,3,0.8222222222222222,45,0.8,5,1.0,1,1.0,4,0.75,4,0.8333333333333334,0.5,-0.3333333333333333,6.0
163,10,4,Teens,10,2,0.7777777777777778,36,0.5,4,1.0,1,1.0,3,0.3333333333333333,3,0.6,0.8,0.2,5.0
164,1,2,Teens,1,1,0.9444444444444444,18,1.0,2,1.0,1,1.0,1,1.0,1,,,,
164,2,3,Teens,2,1,0.8518518518518519,27,0.6666666666666666,3,,0,0.6666666666666666,3,0.6666666666666666,3,1.0,0.0,-1.0,1.0
164,3,5,Teens,3,1,0.5777777777777777,45,0.4,5,,0,1.0,5,0.4,5,1.4666666666666666,1.2,-0.26666666666666666,15.0
164,4,4,Teens,4,1,0.5555555555555556,36,0.0,4,,0,1.0,4,0.0,4,1.3846153846153846,1.0,-0.38461538461538464,13.0
164,5,3,Teens,5,2,0.9259259259259259,27,1.0,3,1.0,1,1.0,2,1.0,2,,,,
164,6,5,Teens,6,2,0.6666666666666666,45,0.4,5,,0,1.0,5,0.4,5,1.1818181818181819,1.3636363636363635,0.18181818181818182,11.0
164,7,2,Teens,7,2,0.8888888888888888,18,1.0,2,1.0,1,1.0,1,1.0,1,0.0,1.0,1.0,1.0
164,8,3,Teens,8,3,0.8518518518518519,27,0.6666666666666666,3,0.0,1,1.0,2,1.0,2,0.3333333333333333,0.6666666666666666,0.3333333333333333,3.0
164,9,5,Teens,9,3,0.9333333333333333,45,1.0,5,1.0,3,1.0,2,1.0,2,0.0,0.0,0.0,1.0
164,10,4,Teens,10,2,0.4166666666666667,36,0.0,4,,0,0.5,4,0.0,4,1.4444444444444444,1.8888888888888888,0.4444444444444444,18.0
165,1,2,Teens,1,1,0.9444444444444444,18,1.0,2,1.0,1,1.0,1,1.0,1,,,,
165,2,3,Teens,2,1,0.7037037037037037,27,0.3333333333333333,3,1.0,1,1.0,2,0.0,2,0.5,1.0,0.5,6.0
165,3,4,Teens,3,1,0.8055555555555556,36,0.75,4,1.0,1,1.0,3,0.6666666666666666,3,0.6666666666666666,1.0,0.3333333333333333,6.0
165,4,5,Teens,4,1,0.6444444444444445,45,0.6,5,,0,0.8,5,0.6,5,1.75,0.3333333333333333,-1.4166666666666667,12.0
165,5,3,Teens,5,2,0.8888888888888888,27,1.0,3,,0,1.0,3,1.0,3,,,,
165,6,5,Teens,6,2,0.8222222222222222,45,0.6,5,0.6666666666666666,3,1.0,2,0.5,2,0.5,1.0,0.5,6.0
165,7,2,Teens,7,2,0.8888888888888888,18,1.0,2,,0,1.0,2,1.0,2,,,,
165,8,3,Teens,8,3,0.8518518518518519,27,0.6666666666666666,3,,0,1.0,3,0.6666666666666666,3,0.0,1.0,1.0,1.0
165,9,4,Teens,9,2,0.9444444444444444,36,1.0,4,1.0,3,1.0,1,1.0,1,0.0,0.0,0.0,1.0
165,10,5,Teens,10,3,0.6222222222222222,45,0.4,5,,0,0.8,5,0.4,5,1.2666666666666666,1.8,0.5333333333333333,15.0
166,1,2,Teens,1,1,0.7222222222222222,18,0.0,2,,0,1.0,2,0.0,2,0.3333333333333333,1.0,0.6666666666666666,3.0
166,2,3,Teens,2,1,0.8518518518518519,27,0.6666666666666666,3,,0,1.0,3,0.6666666666666666,3,0.5,0.5,0.0,2.0
166,3,4,Teens,3,1,0.8888888888888888,36,0.75,4,0.6666666666666666,3,1.0,1,1.0,1,0.3333333333333333,0.0,-0.3333333333333333,3.0
166,4,5,Teens,4,1,0.5777777777777777,45,0.2,5,0.0,1,0.75,4,0.25,4,1.1333333333333333,1.5333333333333334,0.4,15.0
166,5,3,Teens,5,2,0.9259259259259259,27,1.0,3,1.0,1,1.0,2,1.0,2,,,,
166,6,5,Teens,6,2,0.8666666666666667,45,0.6,5,0.5,2,1.0,3,0.6666666666666666,3,0.25,0.25,0.0,4.0
166,7,2,Teens,7,2,0.7777777777777778,18,0.5,2,,0,1.0,2,0.5,2,0.5,1.0,0.5,2.0
166,8,3,Teens,8,3,0.9259259259259259,27,1.0,3,1.0,1,1.0,2,1.0,2,,,,
166,9,4,Teens,9,2,0.8611111111111112,36,0.5,4,1.0,2,0.0,2,0.0,2,0.6,0.4,-0.2,5.0
166,10,5,Teens,10,3,0.8,45,0.6,5,0.6666666666666666,3,0.5,2,0.5,2,1.125,0.875,-0.25,8.0
167,1,2,Teens,1,1,0.9444444444444444,18,1.0,2,1.0,1,1.0,1,1.0,1,0.0,1.0,1.0,1.0
167,2,3,Teens,2,1,0.7777777777777778,27,0.3333333333333333,3,0.0,1,1.0,2,0.5,2,0.4,0.8,0.4,5.0
167,3,4,Teens,3,1,0.9166666666666666,36,0.75,4,1.0,3,1.0,1,0.0,1,0.0,0.5,0.5,2.0
167,4,5,Teens,4,1,0.7333333333333333,45,0.4,5,1.0,1,0.75,4,0.25,4,0.8888888888888888,1.3333333333333333,0.4444444444444444,9.0
167,5,3,Teens,5,2,0.8518518518518519,27,0.6666666666666666,3,1.0,1,1.0,2,0.5,2,0.3333333333333333,1.0,0.6666666666666666,3.0
167,6,5,Teens,6,2,0.9111111111111111,45,0.8,5,1.0,2,1.0,3,0.6666666666666666,3,0.0,1.0,1.0,1.0
167,7,2,Teens,7,2,0.8888888888888888,18,1.0,2,,0,1.0,2,1.0,2,,,,
167,8,3,Teens,8,3,0.9259259259259259,27,1.0,3,1.0,1,1.0,2,1.0,2,,,,
167,9,4,Teens,9,2,0.8611111111111112,36,0.5,4,1.0,1,1.0,3,0.3333333333333333,3,0.0,1.0,1.0,2.0
167,10,5,Teens,10,3,0.8222222222222222,45,0.8,5,1.0,3,1.0,2,0.5,2,0.6666666666666666,0.3333333333333333,-0.3333333333333333,6.0
168,1,2,Teens,1,1,0.9444444444444444,18,1.0,2,1.0,1,1.0,1,1.0,1,,,,
168,2,4,Teens,2,1,0.8888888888888888,36,0.75,4,1.0,3,1.0,1,0.0,1,0.3333333333333333,0.6666666666666666,0.3333333333333333,3.0
168,3,3,Teens,3,1,0.6296296296296297,27,0.0,3,,0,1.0,3,0.0,3,0.7142857142857143,1.1428571428571428,0.42857142857142855,7.0
168,4,5,Teens,4,1,0.7111111111111111,45,0.6,5,1.0,2,0.6666666666666666,3,0.3333333333333333,3,1.3,1.5,0.2,10.0
168,5,3,Teens,5,2,0.9259259259259259,27,1.0,3,1.0,1,1.0,2,1.0,2,,,,
168,6,5,Teens,6,2,0.7777777777777778,45,0.4,5,1.0,1,0.5,4,0.25,4,1.5714285714285714,0.42857142857142855,-1.1428571428571428,7.0
168,7,2,Teens,7,2,0.8888888888888888,18,1.0,2,1.0,1,1.0,1,1.0,1,0.0,1.0,1.0,1.0
168,8,4,Teens,8,2,0.8888888888888888,36,1.0,4,1.0,2,1.0,2,1.0,2,1.5,0.0,-1.5,2.0
168,9,3,Teens,9,3,1.0,27,1.0,3,1.0,3,,0,,0,,,,
168,10,5,Teens,10,3,0.6444444444444445,45,0.4,5,1.0,1,0.5,4,0.25,4,1.2142857142857142,1.2857142857142858,0.07142857142857142,14.0
169,1,2,Teens,1,1,0.7222222222222222,18,0.0,2,0.0,2,,0,,0,0.7142857142857143,0.8571428571428571,0.14285714285714285,7.0
169,2,3,Teens,2,1,0.6296296296296297,27,0.3333333333333333,3,,0,0.6666666666666666,3,0.3333333333333333,3,1.75,0.75,-1.0,8.0
169,3,4,Teens,3,1,0.4722222222222222,36,0.25,4,,0,1.0,4,0.25,4,1.588235294117647,1.7058823529411764,0.11764705882352941,17.0
169,4,5,Teens,4,1,0.5777777777777777,45,0.2,5,1.0,1,0.5,4,0.0,4,1.4375,1.125,-0.3125,16.0
169,5,3,Teens,5,2,0.8888888888888888,27,1.0,3,1.0,1,1.0,2,1.0,2,1.0,0.0,-1.0,2.0
169,6,5,Teens,6,2,0.6888888888888889,45,0.6,5,1.0,1,0.75,4,0.5,4,1.0,1.2,0.2,10.0
169,7,2,Teens,7,2,0.8333333333333334,18,1.0,2,1.0,1,1.0,1,1.0,1,0.3333333333333333,0.6666666666666666,0.3333333333333333,3.0
169,8,3,Teens,8,3,0.7777777777777778,27,1.0,3,1.0,1,1.0,2,1.0,2,0.25,0.75,0.5,4.0
169,9,4,Teens,9,2,0.5833333333333334,36,0.5,4,,0,1.0,4,0.5,4,1.4545454545454546,1.8181818181818181,0.36363636363636365,11.0
169,10,5,Teens,10,3,0.6444444444444445,45,0.6,5,1.0,1,0.75,4,0.5,4,1.0,1.5833333333333333,0.5833333333333334,12.0
170,1,2,Teens,1,1,0.8888888888888888,18,1.0,2,1.0,1,1.0,1,1.0,1,0.3333333333333333,0.3333333333333333,0.0,3.0
170,2,3,Teens,2,1,0.8888888888888888,27,0.6666666666666666,3,1.0,2,0.0,1,0.0,1,0.5,0.0,-0.5,2.0
170,3,4,Teens,3,1,0.6857142857142857,35,0.5,4,,0,0.6666666666666666,3,0.6666666666666666,3,0.75,1.25,0.5,8.0
170,4,5,Teens,4,1,0.8,45,0.4,5,1.0,2,1.0,3,0.0,3,0.5,1.0,0.5,6.0
170,5,3,Teens,5,2,1.0,27,1.0,3,1.0,3,,0,,0,,,,
170,6,5,Teens,6,2,0.8222222222222222,45,0.8,5,1.0,2,1.0,3,0.6666666666666666,3,1.0,0.4,-0.6,5.0
170,7,2,Teens,7,2,0.9444444444444444,18,1.0,2,1.0,1,1.0,1,1.0,1,,,,
170,8,3,Teens,8,3,0.9259259259259259,27,1.0,3,1.0,1,1.0,2,1.0,2,,,,
170,9,4,Teens,9,2,0.9722222222222222,36,1.0,4,1.0,3,1.0,1,1.0,1,,,,
170,10,5,Teens,10,3,0.6363636363636364,44,0.6,5,1.0,1,1.0,4,0.5,4,2.0526315789473686,2.1578947368421053,0.10526315789473684,19.0
171,1,2,Teens,1,1,0.9444444444444444,18,1.0,2,1.0,1,1.0,1,1.0,1,,,,
171,2,3,Teens,2,1,0.8518518518518519,27,0.6666666666666666,3,1.0,1,1.0,2,0.5,2,0.5,1.0,0.5,2.0
171,3,4,Teens,3,1,0.8888888888888888,36,0.5,4,0.3333333333333333,3,1.0,1,1.0,1,0.3333333333333333,0.0,-0.3333333333333333,3.0
171,4,5,Teens,4,1,0.5909090909090909,44,0.4,5,1.0,1,0.25,4,0.25,4,2.176470588235294,2.176470588235294,0.0,17.0
171,5,3,Teens,5,2,0.9259259259259259,27,0.6666666666666666,3,0.5,2,1.0,1,1.0,1,0.0,0.0,0.0,1.0
171,6,5,Teens,6,2,0.5111111111111111,45,0.2,5,0.3333333333333333,3,0.0,2,0.0,2,1.4814814814814814,1.7407407407407407,0.25925925925925924,27.0
171,7,2,Teens,7,2,0.7777777777777778,18,0.0,2,,0,1.0,2,0.0,2,0.0,1.0,1.0,2.0
171,8,3,Teens,8,3,0.8518518518518519,27,0.6666666666666666,3,1.0,1,1.0,2,0.5,2,0.0,0.5,0.5,2.0
171,9,4,Teens,9,2,0.8055555555555556,36,0.75,4,1.0,2,1.0,2,0.5,2,0.2,0.8,0.6,5.0
171,10,5,Teens,10,3,0.8444444444444444,45,0.4,5,1.0,1,1.0,4,0.25,4,0.25,1.0,0.75,4.0
172,1,2,Teens,1,1,0.9444444444444444,18,1.0,2,1.0,1,1.0,1,1.0,1,,,,
172,2,3,Teens,2,1,0.7777777777777778,27,0.6666666666666666,3,1.0,2,1.0,1,0.0,1,2.2857142857142856,1.7142857142857142,-0.5714285714285714,7.0
172,3,5,Teens,3,1,0.8,45,0.6,5,0.5,2,1.0,3,0.6666666666666666,3,0.8571428571428571,0.8571428571428571,0.0,7.0
172,4,4,Teens,4,1,0.8055555555555556,36,0.75,4,0.6666666666666666,3,1.0,1,1.0,1,0.3333333333333333,0.5,0.16666666666666666,6.0
172,5,3,Teens,5,2,1.0,27,1.0,3,1.0,3,,0,,0,0.0,0.0,0.0,1.0
172,6,5,Teens,6,2,0.4222222222222222,45,0.2,5,0.0,1,0.5,4,0.25,4,2.4242424242424243,1.4545454545454546,-0.9696969696969697,33.0
172,7,2,Teens,7,2,0.8333333333333334,18,1.0,2,1.0,1,1.0,1,1.0,1,0.0,0.5,0.5,2.0
172,8,3,Teens,8,3,0.9629629629629629,27,0.6666666666666666,3,0.6666666666666666,3,,0,,0,0.0,0.0,0.0,1.0
172,9,5,Teens,9,3,0.4888888888888889,45,0.4,5,,0,0.8,5,0.4,5,2.0454545454545454,1.6818181818181819,-0.36363636363636365,22.0
172,10,4,Teens,10,2,0.9444444444444444,36,1.0,4,1.0,2,1.0,2,1.0,2,,,,
173,1,2,Teens,1,1,0.1111111111111111,18,0.0,2,,0,1.0,2,0.0,2,2.7222222222222223,2.3333333333333335,-0.3888888888888889,18.0
173,2,3,Teens,2,1,0.8888888888888888,27,0.6666666666666666,3,1.0,2,0.0,1,0.0,1,0.5,0.0,-0.5,2.0
173,3,5,Teens,3,1,0.7209302325581395,43,0.6,5,1.0,2,1.0,3,0.3333333333333333,3,1.4615384615384615,1.3846153846153846,-0.07692307692307693,13.0
173,4,4,Teens,4,1,0.8611111111111112,36,1.0,4,1.0,2,1.0,2,1.0,2,1.5,0.25,-1.25,4.0
173,5,3,Teens,5,2,0.8888888888888888,27,1.0,3,1.0,1,1.0,2,1.0,2,0.0,1.0,1.0,1.0
173,6,5,Teens,6,2,0.6888888888888889,45,0.4,5,0.6666666666666666,3,0.0,2,0.0,2,1.0,1.4666666666666666,0.4666666666666667,15.0
173,7,2,Teens,7,2,0.6470588235294118,17,0.5,2,,0,1.0,1,1.0,1,0.6666666666666666,0.8333333333333334,0.16666666666666666,6.0
173,8,3,Teens,8,3,1.0,27,1.0,3,1.0,3,,0,,0,,,,
173,9,5,Teens,9,3,0.5909090909090909,44,0.2,5,1.0,1,0.5,4,0.0,4,1.6470588235294117,1.0,-0.6470588235294118,17.0
173,10,4,Teens,10,2,0.7222222222222222,36,0.5,4,0.0,1,1.0,3,0.6666666666666666,3,0.875,1.125,0.25,8.0
174,1,2,Teens,1,1,0.9444444444444444,18,1.0,2,1.0,1,1.0,1,1.0,1,,,,
174,2,3,Teens,2,1,0.6296296296296297,27,0.3333333333333333,3,1.0,1,0.5,2,0.0,2,1.2222222222222223,1.5555555555555556,0.3333333333333333,9.0
174,3,5,Teens,3,1,0.7555555555555555,45,0.2,5,0.5,2,0.3333333333333333,3,0.0,3,0.8,1.0,0.2,10.0
174,4,4,Teens,4,1,0.7777777777777778,36,0.25,4,1.0,1,0.6666666666666666,3,0.0,3,0.3333333333333333,0.6666666666666666,0.3333333333333333,6.0
174,5,3,Teens,5,2,0.9629629629629629,27,1.0,3,1.0,2,1.0,1,1.0,1,0.0,0.0,0.0,1.0
174,6,5,Teens,6,2,0.6888888888888889,45,0.4,5,0.5,2,1.0,3,0.3333333333333333,3,0.75,0.5,-0.25,12.0
174,7,2,Teens,7,2,0.7222222222222222,18,0.5,2,,0,1.0,2,0.5,2,0.3333333333333333,1.0,0.6666666666666666,3.0
174,8,3,Teens,8,3,0.9629629629629629,27,1.0,3,1.0,2,1.0,1,1.0,1,,,,
174,9,5,Teens,9,3,0.8222222222222222,45,0.6,5,1.0,2,0.6666666666666666,3,0.3333333333333333,3,0.6,0.4,-0.2,5.0
174,10,4,Teens,10,2,0.8333333333333334,36,0.75,4,1.0,1,1.0,3,0.6666666666666666,3,0.3333333333333333,0.6666666666666666,0.3333333333333333,3.0
175,1,2,Teens,1,1,0.9444444444444444,18,1.0,2,1.0,2,,0,,0,0.0,0.0,0.0,1.0
175,2,3,Teens,2,1,0.8148148148148148,27,0.3333333333333333,3,1.0,1,1.0,2,0.0,2,0.3333333333333333,1.0,0.6666666666666666,3.0
175,3,4,Teens,3,1,0.8611111111111112,36,0.5,4,0.6666666666666666,3,0.0,1,0.0,1,0.75,0.25,-0.5,4.0
175,4,5,Teens,4,1,0.8444444444444444,45,0.6,5,1.0,2,0.6666666666666666,3,0.3333333333333333,3,0.25,0.75,0.5,4.0
175,5,3,Teens,5,2,0.9259259259259259,27,1.0,3,1.0,1,1.0,2,1.0,2,,,,
175,6,5,Teens,6,2,0.8222222222222222,45,0.8,5,0.6666666666666666,3,1.0,2,1.0,2,0.7142857142857143,0.2857142857142857,-0.42857142857142855,7.0
175,7,2,Teens,7,2,0.8888888888888888,18,1.0,2,1.0,1,1.0,1,1.0,1,0.0,1.0,1.0,1.0
175,8,3,Teens,8,3,0.9259259259259259,27,1.0,3,1.0,2,1.0,1,1.0,1,1.0,0.0,-1.0,1.0
175,9,4,Teens,9,2,0.8888888888888888,36,0.75,4,0.5,2,1.0,2,1.0,2,0.5,0.0,-0.5,2.0
175,10,5,Teens,10,3,0.8444444444444444,45,0.6,5,1.0,1,1.0,4,0.5,4,0.3333333333333333,0.6666666666666666,0.3333333333333333,3.0
176,1,2,Teens,1,1,0.8333333333333334,18,0.5,2,1.0,1,1.0,1,0.0,1,0.0,0.5,0.5,2.0
176,2,3,Teens,2,1,0.8148148148148148,27,0.6666666666666666,3,1.0,1,1.0,2,0.5,2,0.6666666666666666,0.6666666666666666,0.0,3.0
176,3,4,Teens,3,1,0.8333333333333334,36,0.75,4,1.0,1,1.0,3,0.6666666666666666,3,0.3333333333333333,1.0,0.6666666666666666,3.0
176,4,5,Teens,4,1,0.6666666666666666,45,0.2,5,1.0,1,1.0,4,0.0,4,0.6153846153846154,1.0769230769230769,0.46153846153846156,13.0
176,5,3,Teens,5,2,0.9259259259259259,27,1.0,3,1.0,2,1.0,1,1.0,1,0.0,1.0,1.0,1.0
176,6,5,Teens,6,2,0.8888888888888888,45,0.8,5,1.0,3,1.0,2,0.5,2,0.5,1.0,0.5,4.0
176,7,2,Teens,7,2,0.7222222222222222,18,0.5,2,1.0,1,1.0,1,0.0,1,0.75,0.75,0.0,4.0
176,8,3,Teens,8,3,1.0,27,1.0,3,1.0,3,,0,,0,,,,
176,9,4,Teens,9,2,0.8333333333333334,36,0.75,4,1.0,2,0.5,2,0.5,2,1.0,1.5,0.5,4.0
176,10,5,Teens,10,3,0.9111111111111111,45,0.8,5,1.0,2,0.6666666666666666,3,0.6666666666666666,3,1.0,0.0,-1.0,1.0
177,1,2,Teens,1,1,0.7777777777777778,18,0.0,2,,0,1.0,2,0.0,2,0.0,1.0,1.0,2.0
177,2,3,Teens,2,1,0.7037037037037037,27,0.3333333333333333,3,1.0,1,1.0,2,0.0,2,0.6666666666666666,1.3333333333333333,0.6666666666666666,6.0
177,3,4,Teens,3,1,1.0,35,1.0,4,1.0,4,,0,,0,,,,
177,4,5,Teens,4,1,0.7111111111111111,45,0.4,5,0.6666666666666666,3,1.0,2,0.0,2,1.25,1.25,0.0,12.0
177,5,3,Teens,5,2,0.6666666666666666,27,0.3333333333333333,3,,0,1.0,3,0.3333333333333333,3,0.6666666666666666,1.3333333333333333,0.6666666666666666,6.0
177,6,5,Teens,6,2,0.8666666666666667,45,1.0,5,1.0,1,1.0,4,1.0,4,1.0,0.0,-1.0,2.0
177,7,2,Teens,7,2,0.9444444444444444,18,1.0,2,1.0,1,1.0,1,1.0,1,,,,
177,8,3,Teens,8,3,0.7777777777777778,27,0.3333333333333333,3,0.5,2,1.0,1,0.0,1,0.6,0.8,0.2,5.0
177,9,4,Teens,9,2,0.4444444444444444,36,0.0,4,,0,0.5,4,0.0,4,2.0526315789473686,2.0,-0.05263157894736842,19.0
177,10,5,Teens,10,3,0.5333333333333333,45,0.4,5,0.0,1,1.0,4,0.5,4,1.4444444444444444,1.6111111111111112,0.16666666666666666,18.0
178,1,2,Teens,1,1,0.8333333333333334,18,1.0,2,1.0,1,1.0,1,1.0,1,0.0,0.5,0.5,2.0
178,2,4,Teens,2,1,0.9166666666666666,36,1.0,4,1.0,1,1.0,3,1.0,3,,,,
178,3,3,Teens,3,1,0.7407407407407407,27,0.3333333333333333,3,,0,1.0,3,0.3333333333333333,3,1.2,1.0,-0.2,5.0
178,4,5,Teens,4,1,0.8,45,0.6,5,0.75,4,0.0,1,0.0,1,0.25,0.375,0.125,8.0
178,5,3,Teens,5,2,0.8888888888888888,27,0.3333333333333333,3,0.5,2,0.0,1,0.0,1,0.5,0.0,-0.5,2.0
178,6,5,Teens,6,2,0.6888888888888889,45,0.4,5,1.0,1,1.0,4,0.25,4,0.9,1.5,0.6,10.0
178,7,2,Teens,7,2,0.9444444444444444,18,1.0,2,1.0,1,1.0,1,1.0,1,,,,
178,8,4,Teens,8,2,0.7222222222222222,36,0.75,4,1.0,1,1.0,3,0.6666666666666666,3,1.1111111111111112,0.7777777777777778,-0.3333333333333333,9.0
178,9,3,Teens,9,3,0.9259259259259259,27,1.0,3,1.0,1,1.0,2,1.0,2,0.0,1.0,1.0,1.0
178,10,5,Teens,10,3,0.6222222222222222,45,0.2,5,1.0,1,0.5,4,0.0,4,1.0714285714285714,1.4285714285714286,0.35714285714285715,14.0
179,1,2,Kids,1,1,0.8333333333333334,18,1.0,2,1.0,1,1.0,1,1.0,1,1.0,1.0,0.0,3.0
179,2,3,Kids,2,1,0.5185185185185185,27,0.6666666666666666,3,,0,1.0,3,0.6666666666666666,3,1.4,0.8,-0.6,10.0
179,3,4,Kids,3,1,0.5555555555555556,36,0.75,4,,0,0.75,4,0.75,4,1.1666666666666667,1.5833333333333333,0.4166666666666667,12.0
179,4,5,Kids,4,1,0.5777777777777777,45,0.4,5,,0,0.8,5,0.4,5,1.125,1.4375,0.3125,16.0
179,5,3,Kids,5,2,0.8148148148148148,27,0.3333333333333333,3,1.0,1,0.0,2,0.0,2,0.6666666666666666,0.6666666666666666,0.0,3.0
179,6,5,Kids,6,2,0.45,40,0.5,4,,0,1.0,4,0.5,4,2.2580645161290325,1.8709677419354838,-0.3870967741935484,31.0
179,7,2,Kids,7,2,0.5,18,0.0,2,,0,0.5,2,0.0,2,1.0,1.2857142857142858,0.2857142857142857,7.0
179,8,3,Kids,8,3,0.8518518518518519,27,1.0,3,,0,1.0,3,1.0,3,0.5,0.5,0.0,2.0
179,9,4,Kids,9,2,0.7777777777777778,36,0.25,4,0.3333333333333333,3,1.0,1,0.0,1,0.5714285714285714,0.5714285714285714,0.0,7.0
179,10,5,Kids,10,3,0.45454545454545453,44,0.0,5,0.0,1,0.5,4,0.0,4,1.5909090909090908,1.0909090909090908,-0.5,22.0
180,1,2,Kids,1,1,1.0,18,1.0,2,1.0,2,,0,,0,0.0,0.0,0.0,1.0
180,2,3,Kids,2,1,0.8888888888888888,27,0.6666666666666666,3,0.5,2,1.0,1,1.0,1,0.5,0.0,-0.5,2.0
180,3,4,Kids,3,1,0.8857142857142857,35,0.6666666666666666,3,1.0,1,1.0,2,0.5,2,0.0,1.0,1.0,2.0
180,4,5,Kids,4,1,0.8666666666666667,45,0.4,5,0.6666666666666666,3,0.5,2,0.0,2,0.8,0.4,-0.4,5.0
180,5,3,Kids,5,2,0.6666666666666666,27,0.6666666666666666,3,1.0,1,1.0,2,0.5,2,0.75,0.875,0.125,8.0
180,6,5,Kids,6,2,0.4,45,0.4,5,0.5,2,0.6666666666666666,3,0.3333333333333333,3,1.8888888888888888,1.8148148148148149,-0.07407407407407407,27.0
180,7,2,Kids,7,2,0.8888888888888888,18,1.0,2,1.0,1,1.0,1,1.0,1,0.0,1.0,1.0,1.0
180,8,3,Kids,8,3,0.5555555555555556,27,0.3333333333333333,3,1.0,1,0.0,2,0.0,2,1.2307692307692308,1.0769230769230769,-0.15384615384615385,13.0
180,9,4,Kids,9,2,0.7222222222222222,36,0.25,4,1.0,1,1.0,3,0.0,3,1.0,1.1111111111111112,0.1111111111111111,9.0
180,10,5,Kids,10,3,0.8666666666666667,45,0.6,5,1.0,2,0.6666666666666666,3,0.3333333333333333,3,0.4,0.2,-0.2,5.0
181,1,2,Kids,1,1,1.0,18,1.0,2,1.0,2,,0,,0,,,,
181,2,3,Kids,2,1,0.8518518518518519,27,0.6666666666666666,3,1.0,1,1.0,2,0.5,2,0.5,1.0,0.5,2.0
181,3,4,Kids,3,1,0.3333333333333333,36,0.5,4,1.0,2,0.0,2,0.0,2,1.96,1.76,-0.2,25.0
181,4,5,Kids,4,1,0.6444444444444445,45,0.2,5,,0,0.6,5,0.2,5,0.8333333333333334,1.25,0.4166666666666667,12.0
181,5,3,Kids,5,2,0.8148148148148148,27,0.6666666666666666,3,,0,1.0,3,0.6666666666666666,3,0.3333333333333333,1.0,0.6666666666666666,3.0
181,6,5,Kids,6,2,0.8,45,0.4,5,0.5,2,1.0,3,0.3333333333333333,3,0.6666666666666666,0.6666666666666666,0.0,6.0
181,7,2,Kids,7,2,0.8888888888888888,18,1.0,2,,0,1.0,2,1.0,2,,,,
181,8,3,Kids,8,3,0.7407407407407407,27,1.0,3,1.0,1,1.0,2,1.0,2,1.8,0.0,-1.8,5.0
181,9,4,Kids,9,2,0.5555555555555556,36,1.0,4,,0,1.0,4,1.0,4,1.2307692307692308,1.3846153846153846,0.15384615384615385,13.0
181,10,5,Kids,10,3,0.6666666666666666,45,0.8,5,1.0,1,1.0,4,0.75,4,1.5,1.1428571428571428,-0.35714285714285715,14.0
182,1,2,Teens,1,1,0.8333333333333334,18,0.5,2,,0,0.5,2,0.5,2,1.0,0.0,-1.0,1.0
182,2,3,Teens,2,1,0.8148148148148148,27,0.6666666666666666,3,,0,1.0,3,0.6666666666666666,3,0.5,1.0,0.5,2.0
182,3,5,Teens,3,1,0.8222222222222222,45,0.6,5,,0,0.8,5,0.6,5,0.6666666666666666,0.3333333333333333,-0.3333333333333333,3.0
182,4,4,Teens,4,1,0.8333333333333334,36,1.0,4,1.0,3,1.0,1,1.0,1,0.8,0.6,-0.2,5.0
182,5,3,Teens,5,2,0.9629629629629629,27,1.0,3,1.0,2,1.0,1,1.0,1,0.0,0.0,0.0,1.0
182,6,5,Teens,6,2,0.8666666666666667,45,0.6,5,1.0,3,0.5,2,0.0,2,0.25,0.75,0.5,4.0
182,7,2,Teens,7,2,0.7777777777777778,18,0.0,2,,0,1.0,2,0.0,2,0.0,1.0,1.0,2.0
182,8,3,Teens,8,3,0.9629629629629629,27,1.0,3,1.0,2,1.0,1,1.0,1,0.0,0.0,0.0,1.0
182,9,5,Teens,9,3,0.8444444444444444,45,0.6,5,0.5,2,0.6666666666666666,3,0.6666666666666666,3,0.25,0.5,0.25,4.0
182,10,4,Teens,10,2,0.8333333333333334,36,1.0,4,,0,1.0,4,1.0,4,1.0,0.0,-1.0,2.0
183,1,2,Kids,1,1,0.7222222222222222,18,0.0,2,,0,0.5,2,0.0,2,1.0,0.3333333333333333,-0.6666666666666666,3.0
183,2,3,Kids,2,1,0.8148148148148148,27,0.6666666666666666,3,1.0,1,1.0,2,0.5,2,0.5,0.5,0.0,4.0
183,3,5,Kids,3,1,0.8222222222222222,45,0.6,5,1.0,2,0.6666666666666666,3,0.3333333333333333,3,0.8333333333333334,0.8333333333333334,0.0,6.0
183,4,4,Kids,4,1,0.8333333333333334,36,0.75,4,1.0,2,1.0,2,0.5,2,0.75,1.0,0.25,4.0
183,5,3,Kids,5,2,0.6296296296296297,27,0.0,3,,0,1.0,3,0.0,3,0.75,1.25,0.5,8.0
183,6,5,Kids,6,2,0.7333333333333333,45,0.4,5,1.0,1,0.75,4,0.25,4,1.1,1.1,0.0,10.0
183,7,2,Kids,7,2,1.0,18,1.0,2,1.0,2,,0,,0,,,,
183,8,3,Kids,8,3,1.0,27,1.0,3,1.0,3,,0,,0,,,,
183,9,5,Kids,9,3,0.6888888888888889,45,0.4,5,1.0,1,0.75,4,0.25,4,1.1,1.3,0.2,10.0
183,10,4,Kids,10,2,0.6571428571428571,35,0.5,4,0.0,1,1.0,3,0.6666666666666666,3,1.0,0.6666666666666666,-0.3333333333333333,9.0
184,1,2,Teens,1,1,0.8888888888888888,18,1.0,2,1.0,1,1.0,1,1.0,1,1.0,0.0,-1.0,1.0
184,2,3,Teens,2,1,0.7407407407407407,27,0.6666666666666666,3,,0,1.0,3,0.6666666666666666,3,0.25,1.0,0.75,4.0
184,3,5,Teens,3,1,0.5555555555555556,45,0.2,5,,0,0.4,5,0.2,5,1.2666666666666666,1.4,0.13333333333333333,15.0
184,4,4,Teens,4,1,0.6388888888888888,36,0.5,4,,0,0.75,4,0.5,4,0.8888888888888888,1.1111111111111112,0.2222222222222222,9.0
184,5,3,Teens,5,2,0.8148148148148148,27,0.6666666666666666,3,1.0,1,1.0,2,0.5,2,1.0,1.0,0.0,3.0
184,6,5,Teens,6,2,0.8,45,0.4,5,1.0,1,0.75,4,0.25,4,0.8,0.8,0.0,5.0
184,7,2,Teens,7,2,0.9444444444444444,18,1.0,2,1.0,1,1.0,1,1.0,1,,,,
184,8,3,Teens,8,3,0.9629629629629629,27,1.0,3,1.0,2,1.0,1,1.0,1,1.0,0.0,-1.0,1.0
184,9,5,Teens,9,3,0.8888888888888888,45,0.6,5,1.0,2,1.0,3,0.3333333333333333,3,0.0,1.0,1.0,2.0
184,10,4,Teens,10,2,0.8888888888888888,36,0.75,4,1.0,1,1.0,3,0.6666666666666666,3,0.0,1.0,1.0,1.0
185,1,2,Teens,1,1,0.9444444444444444,18,1.0,2,1.0,1,1.0,1,1.0,1,,,,
185,2,3,Teens,2,1,0.8148148148148148,27,0.6666666666666666,3,,0,1.0,3,0.6666666666666666,3,0.5,0.5,0.0,2.0
185,3,4,Teens,3,1,0.8055555555555556,36,0.5,4,1.0,1,0.6666666666666666,3,0.3333333333333333,3,1.2,1.0,-0.2,5.0
185,4,5,Teens,4,1,0.5333333333333333,45,0.4,5,1.0,1,0.75,4,0.25,4,2.4615384615384617,2.423076923076923,-0.038461538461538464,26.0
185,5,3,Teens,5,2,0.7777777777777778,27,0.6666666666666666,3,1.0,1,1.0,2,0.5,2,0.8,0.2,-0.6,5.0
185,6,5,Teens,6,2,0.8444444444444444,45,0.6,5,1.0,2,1.0,3,0.3333333333333333,3,0.25,1.0,0.75,4.0
185,7,2,Teens,7,2,0.8333333333333334,18,0.5,2,1.0,1,1.0,1,0.0,1,0.5,1.0,0.5,2.0
185,8,3,Teens,8,3,0.8888888888888888,27,1.0,3,1.0,1,1.0,2,1.0,2,1.0,0.0,-1.0,1.0
185,9,4,Teens,9,2,0.9166666666666666,36,1.0,4,1.0,2,1.0,2,1.0,2,0.0,0.5,0.5,2.0
185,10,5,Teens,10,3,0.7111111111111111,45,0.4,5,1.0,1,1.0,4,0.25,4,0.6,0.9,0.3,10.0
188,1,2,Teens,1,1,0.8888888888888888,18,1.0,2,,0,1.0,2,1.0,2,,,,
188,2,4,Teens,2,1,0.7777777777777778,36,0.25,4,0.5,2,0.0,2,0.0,2,0.8333333333333334,0.3333333333333333,-0.5,6.0
188,3,3,Teens,3,1,0.8888888888888888,27,1.0,3,1.0,2,1.0,1,1.0,1,1.0,1.0,0.0,3.0
188,4,5,Teens,4,1,0.5777777777777777,45,0.4,5,1.0,1,0.75,4,0.25,4,1.2222222222222223,1.6666666666666667,0.4444444444444444,18.0
188,5,3,Teens,5,2,0.8888888888888888,27,1.0,3,1.0,1,1.0,2,1.0,2,0.0,1.0,1.0,1.0
188,6,5,Teens,6,2,0.8888888888888888,45,0.8,5,1.0,3,1.0,2,0.5,2,0.25,0.75,0.5,4.0
188,7,2,Teens,7,2,0.8333333333333334,18,0.5,2,,0,1.0,2,0.5,2,0.0,1.0,1.0,1.0
188,8,4,Teens,8,2,0.7222222222222222,36,0.5,4,1.0,1,1.0,3,0.3333333333333333,3,1.1428571428571428,1.1428571428571428,0.0,7.0
188,9,3,Teens,9,3,0.9259259259259259,27,1.0,3,1.0,1,1.0,2,1.0,2,,,,
188,10,5,Teens,10,3,0.8444444444444444,45,0.6,5,1.0,2,1.0,3,0.3333333333333333,3,0.25,0.75,0.5,4.0
189,1,2,Teens,1,1,0.7222222222222222,18,0.0,2,,0,1.0,2,0.0,2,0.5,1.0,0.5,4.0
189,2,3,Teens,2,1,0.7777777777777778,27,0.6666666666666666,3,1.0,1,1.0,2,0.5,2,0.25,0.75,0.5,4.0
189,3,4,Teens,3,1,0.8888888888888888,36,0.5,4,0.5,4,,0,,0,0.16666666666666666,0.16666666666666666,0.0,6.0
189,4,5,Teens,4,1,0.5454545454545454,44,0.2,5,0.0,2,0.6666666666666666,3,0.3333333333333333,3,1.263157894736842,1.263157894736842,0.0,19.0
189,5,3,Teens,5,2,0.8888888888888888,27,1.0,3,1.0,1,1.0,2,1.0,2,0.0,0.0,0.0,1.0
189,6,5,Teens,6,2,0.6666666666666666,45,0.4,5,1.0,1,0.75,4,0.25,4,0.5454545454545454,1.0909090909090908,0.5454545454545454,11.0
189,7,2,Teens,7,2,0.8888888888888888,18,1.0,2,,0,1.0,2,1.0,2,,,,
189,8,3,Teens,8,3,0.8888888888888888,27,1.0,3,1.0,1,1.0,2,1.0,2,1.0,0.0,-1.0,1.0
189,9,4,Teens,9,2,0.8611111111111112,36,1.0,4,1.0,1,1.0,3,1.0,3,0.5,0.0,-0.5,2.0
189,10,5,Teens,10,3,0.7777777777777778,45,0.4,5,1.0,1,1.0,4,0.25,4,0.625,1.25,0.625,8.0
190,1,2,Teens,1,1,0.8888888888888888,18,1.0,2,,0,1.0,2,1.0,2,,,,
190,2,3,Teens,2,1,0.7777777777777778,27,0.6666666666666666,3,,0,1.0,3,0.6666666666666666,3,0.3333333333333333,1.0,0.6666666666666666,3.0
190,3,4,Teens,3,1,0.9166666666666666,36,0.75,4,1.0,2,1.0,2,0.5,2,0.0,1.0,1.0,1.0
190,4,5,Teens,4,1,0.8666666666666667,45,0.6,5,1.0,2,1.0,3,0.3333333333333333,3,0.3333333333333333,1.0,0.6666666666666666,3.0
190,5,3,Teens,5,2,0.8888888888888888,27,0.6666666666666666,3,1.0,1,1.0,2,0.5,2,0.0,1.0,1.0,1.0
190,6,5,Teens,6,2,0.8666666666666667,45,0.6,5,1.0,1,1.0,4,0.5,4,0.0,1.0,1.0,2.0
190,7,2,Teens,7,2,0.8333333333333334,18,0.5,2,,0,1.0,2,0.5,2,0.0,1.0,1.0,1.0
190,8,3,Teens,8,3,0.9259259259259259,27,1.0,3,1.0,1,1.0,2,1.0,2,,,,
190,9,4,Teens,9,2,0.8611111111111112,36,0.5,4,1.0,1,1.0,3,0.3333333333333333,3,0.0,1.0,1.0,2.0
190,10,5,Teens,10,3,0.9333333333333333,45,1.0,5,1.0,2,1.0,3,1.0,3,,,,
191,1,2,Teens,1,1,0.8888888888888888,18,0.5,2,0.0,1,1.0,1,1.0,1,0.0,0.0,0.0,1.0
191,2,3,Teens,2,1,0.9259259259259259,27,0.6666666666666666,3,1.0,2,1.0,1,0.0,1,0.0,1.0,1.0,1.0
191,3,4,Teens,3,1,0.7222222222222222,36,0.25,4,1.0,1,1.0,3,0.0,3,0.5714285714285714,1.1428571428571428,0.5714285714285714,7.0
191,4,5,Teens,4,1,0.7777777777777778,45,0.6,5,1.0,1,1.0,4,0.5,4,0.6666666666666666,1.0,0.3333333333333333,6.0
191,5,3,Teens,5,2,0.8888888888888888,27,0.6666666666666666,3,1.0,1,1.0,2,0.5,2,0.0,1.0,1.0,1.0
191,6,5,Teens,6,2,0.8666666666666667,45,0.4,5,0.5,4,1.0,1,0.0,1,0.2,0.4,0.2,5.0
191,7,2,Teens,7,2,0.7777777777777778,18,0.5,2,,0,1.0,2,0.5,2,0.5,1.0,0.5,2.0
191,8,3,Teens,8,3,0.8888888888888888,27,0.6666666666666666,3,1.0,1,1.0,2,0.5,2,0.0,1.0,1.0,1.0
191,9,4,Teens,9,2,0.9444444444444444,36,0.75,4,0.6666666666666666,3,1.0,1,1.0,1,0.0,0.0,0.0,1.0
191,10,5,Teens,10,3,0.8444444444444444,45,0.6,5,1.0,1,1.0,4,0.5,4,0.3333333333333333,1.0,0.6666666666666666,3.0
193,1,2,Teens,1,1,0.9444444444444444,18,1.0,2,1.0,1,1.0,1,1.0,1,0.0,1.0,1.0,1.0
193,2,3,Teens,2,1,0.8518518518518519,27,0.6666666666666666,3,1.0,1,1.0,2,0.5,2,0.0,1.0,1.0,2.0
193,3,5,Teens,3,1,0.8444444444444444,45,0.6,5,0.5,2,0.6666666666666666,3,0.6666666666666666,3,0.25,0.75,0.5,4.0
193,4,4,Teens,4,1,0.8611111111111112,36,0.75,4,,0,1.0,4,0.75,4,0.0,1.0,1.0,1.0
193,5,3,Teens,5,2,0.8148148148148148,27,0.3333333333333333,3,,0,1.0,3,0.3333333333333333,3,0.0,1.0,1.0,2.0
193,6,5,Teens,6,2,0.9111111111111111,45,0.8,5,0.6666666666666666,3,1.0,2,1.0,2,0.0,0.0,0.0,2.0
193,7,2,Teens,7,2,1.0,18,1.0,2,1.0,2,,0,,0,,,,
193,8,3,Teens,8,3,0.7407407407407407,27,0.3333333333333333,3,,0,0.6666666666666666,3,0.3333333333333333,3,0.75,1.0,0.25,4.0
193,9,5,Teens,9,3,0.8666666666666667,45,0.6,5,1.0,1,1.0,4,0.5,4,0.0,1.0,1.0,2.0
193,10,4,Teens,10,2,0.8611111111111112,36,0.5,4,1.0,2,1.0,2,0.0,2,0.3333333333333333,1.0,0.6666666666666666,3.0
194,1,2,Teens,1,1,0.5294117647058824,17,0.0,2,,0,1.0,1,0.0,1,1.125,1.625,0.5,8.0
194,2,3,Teens,2,1,0.8518518518518519,27,0.6666666666666666,3,1.0,1,0.5,2,0.5,2,1.5,0.0,-1.5,2.0
194,3,5,Teens,3,1,0.8409090909090909,44,0.6,5,1.0,2,1.0,2,0.5,2,0.4,0.6,0.2,5.0
194,4,4,Teens,4,1,0.7777777777777778,36,0.75,4,1.0,3,1.0,1,0.0,1,0.5714285714285714,0.7142857142857143,0.14285714285714285,7.0
194,5,3,Teens,5,2,1.0,27,1.0,3,1.0,3,,0,,0,,,,
194,6,5,Teens,6,2,0.6444444444444445,45,0.6,5,1.0,1,0.75,4,0.5,4,1.5833333333333333,1.75,0.16666666666666666,12.0
194,7,2,Teens,7,2,0.9444444444444444,18,1.0,2,1.0,2,,0,,0,0.0,0.0,0.0,1.0
194,8,3,Teens,8,3,0.7777777777777778,27,0.3333333333333333,3,,0,1.0,3,0.3333333333333333,3,0.5,0.75,0.25,4.0
194,9,5,Teens,9,3,0.9555555555555556,45,0.8,5,0.8,5,,0,,0,0.0,0.0,0.0,2.0
194,10,4,Teens,10,2,0.9444444444444444,36,1.0,4,1.0,3,1.0,1,1.0,1,0.0,0.0,0.0,1.0
195,1,2,Teens,1,1,0.7777777777777778,18,0.5,2,,0,1.0,2,0.5,2,0.5,0.5,0.0,2.0
195,2,3,Teens,2,1,0.7777777777777778,27,0.6666666666666666,3,0.5,2,1.0,1,1.0,1,0.6666666666666666,0.5,-0.16666666666666666,6.0
195,3,4,Teens,3,1,0.3055555555555556,36,0.25,4,,0,0.5,4,0.25,4,1.9166666666666667,2.2916666666666665,0.375,24.0
195,4,5,Teens,4,1,0.6222222222222222,45,0.6,5,0.6666666666666666,3,1.0,2,0.5,2,2.2,2.3,0.1,20.0
195,5,3,Teens,5,2,0.6666666666666666,27,0.0,3,,0,1.0,3,0.0,3,0.5,1.1666666666666667,0.6666666666666666,6.0
195,6,5,Teens,6,2,0.7777777777777778,45,0.6,5,1.0,2,1.0,3,0.3333333333333333,3,1.0,1.5714285714285714,0.5714285714285714,7.0
195,7,2,Teens,7,2,0.9444444444444444,18,1.0,2,1.0,1,1.0,1,1.0,1,,,,
195,8,3,Teens,8,3,0.8888888888888888,27,0.6666666666666666,3,0.5,2,1.0,1,1.0,1,0.0,0.5,0.5,2.0
195,9,4,Teens,9,2,0.6111111111111112,36,1.0,4,1.0,3,1.0,1,1.0,1,1.7777777777777777,1.1111111111111112,-0.6666666666666666,18.0
195,10,5,Teens,10,3,0.7333333333333333,45,0.6,5,1.0,1,1.0,4,0.5,4,0.8888888888888888,1.4444444444444444,0.5555555555555556,9.0
196,1,2,Teens,1,1,0.5555555555555556,18,0.0,2,,0,1.0,2,0.0,2,0.8333333333333334,1.3333333333333333,0.5,6.0
196,2,3,Teens,2,1,0.8518518518518519,27,1.0,3,1.0,1,1.0,2,1.0,2,0.5,1.0,0.5,2.0
196,3,4,Teens,3,1,0.8611111111111112,36,0.75,4,1.0,1,1.0,3,0.6666666666666666,3,0.5,1.0,0.5,2.0
196,4,5,Teens,4,1,0.8666666666666667,45,0.6,5,1.0,1,1.0,4,0.5,4,0.0,1.0,1.0,2.0
196,5,3,Teens,5,2,0.7777777777777778,27,0.3333333333333333,3,,0,1.0,3,0.3333333333333333,3,0.3333333333333333,1.0,0.6666666666666666,3.0
196,6,5,Teens,6,2,0.8888888888888888,45,0.8,5,1.0,2,1.0,3,0.6666666666666666,3,0.0,1.0,1.0,2.0
196,7,2,Teens,7,2,0.7777777777777778,18,0.5,2,,0,1.0,2,0.5,2,0.3333333333333333,1.0,0.6666666666666666,3.0
196,8,3,Teens,8,3,0.8518518518518519,27,0.6666666666666666,3,1.0,1,0.5,2,0.5,2,0.6666666666666666,0.6666666666666666,0.0,3.0
196,9,4,Teens,9,2,0.8888888888888888,36,0.75,4,1.0,2,1.0,2,0.5,2,0.5,1.0,0.5,2.0
196,10,5,Teens,10,3,0.8666666666666667,45,0.6,5,1.0,2,0.6666666666666666,3,0.3333333333333333,3,0.6666666666666666,0.6666666666666666,0.0,3.0
197,1,2,Kids,1,1,0.6666666666666666,18,0.5,2,,0,0.5,2,0.5,2,0.5,1.0,0.5,4.0
197,2,3,Kids,2,1,0.7407407407407407,27,0.6666666666666666,3,,0,1.0,3,0.6666666666666666,3,1.1666666666666667,1.0,-0.16666666666666666,6.0
197,3,4,Kids,3,1,0.8611111111111112,36,0.75,4,1.0,1,1.0,3,0.6666666666666666,3,0.3333333333333333,0.6666666666666666,0.3333333333333333,3.0
197,4,5,Kids,4,1,0.5111111111111111,45,0.2,5,0.0,1,0.75,4,0.25,4,0.9444444444444444,1.3333333333333333,0.3888888888888889,18.0
197,5,3,Kids,5,2,0.9259259259259259,27,1.0,3,1.0,1,1.0,2,1.0,2,,,,
197,6,5,Kids,6,2,0.8888888888888888,45,0.4,5,0.25,4,1.0,1,1.0,1,0.25,0.0,-0.25,4.0
197,7,2,Kids,7,2,0.8333333333333334,18,0.5,2,,0,1.0,2,0.5,2,0.5,1.0,0.5,2.0
197,8,3,Kids,8,3,0.8148148148148148,27,0.3333333333333333,3,0.0,1,1.0,2,0.5,2,0.3333333333333333,0.3333333333333333,0.0,3.0
197,9,4,Kids,9,2,0.7777777777777778,36,0.5,4,1.0,1,1.0,3,0.3333333333333333,3,1.2,1.0,-0.2,5.0
197,10,5,Kids,10,3,0.7555555555555555,45,0.6,5,1.0,1,0.75,4,0.5,4,0.875,1.25,0.375,8.0
198,1,2,Teens,1,1,0.7222222222222222,18,0.5,2,,0,1.0,2,0.5,2,0.3333333333333333,1.0,0.6666666666666666,3.0
198,2,4,Teens,2,1,0.7222222222222222,36,0.5,4,1.0,1,1.0,3,0.3333333333333333,3,1.0,1.375,0.375,8.0
198,3,3,Teens,3,1,0.7777777777777778,27,0.3333333333333333,3,,0,1.0,3,0.3333333333333333,3,0.3333333333333333,1.0,0.6666666666666666,3.0
198,4,5,Teens,4,1,0.7111111111111111,45,0.4,5,1.0,1,0.5,4,0.25,4,1.3333333333333333,0.8888888888888888,-0.4444444444444444,9.0
198,5,3,Teens,5,2,0.9629629629629629,27,1.0,3,1.0,2,1.0,1,1.0,1,,,,
198,6,5,Teens,6,2,0.8222222222222222,45,0.6,5,1.0,2,0.6666666666666666,3,0.3333333333333333,3,0.8,0.8,0.0,5.0
198,7,2,Teens,7,2,0.8888888888888888,18,1.0,2,,0,1.0,2,1.0,2,,,,
198,8,4,Teens,8,2,0.5833333333333334,36,0.0,4,0.0,1,0.3333333333333333,3,0.0,3,1.5714285714285714,1.2142857142857142,-0.35714285714285715,14.0
198,9,3,Teens,9,3,0.8888888888888888,27,0.6666666666666666,3,1.0,1,1.0,2,0.5,2,0.5,1.0,0.5,2.0
198,10,5,Teens,10,3,0.7777777777777778,45,0.6,5,1.0,1,1.0,4,0.5,4,1.0,0.7142857142857143,-0.2857142857142857,7.0
199,1,2,Teens,1,1,0.8333333333333334,18,0.5,2,,0,1.0,2,0.5,2,0.0,1.0,1.0,2.0
199,2,3,Teens,2,1,0.6296296296296297,27,0.3333333333333333,3,,0,1.0,3,0.3333333333333333,3,1.0,1.4285714285714286,0.42857142857142855,7.0
199,3,4,Teens,3,1,0.9166666666666666,36,1.0,4,1.0,2,1.0,2,1.0,2,1.0,0.0,-1.0,2.0
199,4,5,Teens,4,1,0.6222222222222222,45,0.4,5,1.0,1,0.5,4,0.25,4,1.2,1.4,0.2,15.0
199,5,3,Teens,5,2,0.8518518518518519,27,0.3333333333333333,3,1.0,1,0.5,2,0.0,2,0.25,0.75,0.5,4.0
199,6,5,Teens,6,2,0.8444444444444444,45,0.6,5,1.0,1,1.0,4,0.5,4,0.8,1.0,0.2,5.0
199,7,2,Teens,7,2,0.7777777777777778,18,0.5,2,,0,1.0,2,0.5,2,0.5,1.0,0.5,4.0
199,8,3,Teens,8,3,0.8518518518518519,27,0.6666666666666666,3,1.0,1,1.0,2,0.5,2,0.0,0.5,0.5,2.0
199,9,4,Teens,9,2,0.8285714285714286,35,0.5,4,,0,0.6666666666666666,3,0.3333333333333333,3,0.6,0.8,0.2,5.0
199,10,5,Teens,10,3,0.7777777777777778,45,0.2,5,0.5,2,1.0,3,0.0,3,1.0,0.6,-0.4,10.0
200,1,2,Kids,1,1,0.7222222222222222,18,0.5,2,,0,0.5,2,0.5,2,1.4,0.4,-1.0,5.0
200,2,3,Kids,2,1,0.8518518518518519,27,0.6666666666666666,3,1.0,2,0.0,1,0.0,1,0.8,0.4,-0.4,5.0
200,3,4,Kids,3,1,0.6388888888888888,36,0.0,4,0.0,1,1.0,3,0.0,3,0.5833333333333334,1.1666666666666667,0.5833333333333334,12.0
200,4,5,Kids,4,1,0.6888888888888889,45,0.2,5,0.0,3,0.5,2,0.5,2,0.8333333333333334,1.0,0.16666666666666666,12.0
200,5,3,Kids,5,2,0.7037037037037037,27,0.0,3,,0,1.0,3,0.0,3,0.7142857142857143,1.0,0.2857142857142857,7.0
200,6,5,Kids,6,2,0.6888888888888889,45,0.2,5,0.5,2,1.0,3,0.0,3,0.7272727272727273,1.2727272727272727,0.5454545454545454,11.0
200,7,2,Kids,7,2,0.9444444444444444,18,1.0,2,1.0,1,1.0,1,1.0,1,,,,
200,8,3,Kids,8,3,0.8518518518518519,27,0.6666666666666666,3,0.0,1,1.0,2,1.0,2,0.5,0.5,0.0,4.0
200,9,4,Kids,9,2,0.8055555555555556,36,0.5,4,1.0,1,1.0,3,0.3333333333333333,3,0.2,0.8,0.6,5.0
200,10,5,Kids,10,3,0.7272727272727273,44,0.4,5,1.0,1,0.5,4,0.25,4,0.7777777777777778,1.1111111111111112,0.3333333333333333,9.0
201,1,2,Teens,1,1,0.8333333333333334,18,0.5,2,,0,1.0,2,0.5,2,0.0,1.0,1.0,1.0
201,2,3,Teens,2,1,0.8888888888888888,27,0.6666666666666666,3,1.0,1,1.0,2,0.5,2,0.0,1.0,1.0,1.0
201,3,4,Teens,3,1,0.8888888888888888,36,0.75,4,1.0,1,1.0,3,0.6666666666666666,3,0.0,1.0,1.0,1.0
201,4,5,Teens,4,1,0.8888888888888888,45,0.6,5,1.0,2,1.0,3,0.3333333333333333,3,0.0,1.0,1.0,2.0
201,5,3,Teens,5,2,0.8888888888888888,27,0.6666666666666666,3,1.0,1,1.0,2,0.5,2,0.0,1.0,1.0,1.0
201,6,5,Teens,6,2,0.8666666666666667,45,0.6,5,1.0,1,1.0,4,0.5,4,0.0,1.0,1.0,2.0
201,7,2,Teens,7,2,0.9444444444444444,18,1.0,2,1.0,1,1.0,1,1.0,1,,,,
201,8,3,Teens,8,3,0.8888888888888888,27,1.0,3,1.0,1,1.0,2,1.0,2,1.0,0.0,-1.0,1.0
201,9,4,Teens,9,2,0.8333333333333334,36,0.25,4,0.0,1,1.0,3,0.3333333333333333,3,0.25,0.75,0.5,4.0
201,10,5,Teens,10,3,0.8888888888888888,45,0.8,5,1.0,2,1.0,3,0.6666666666666666,3,0.3333333333333333,0.3333333333333333,0.0,3.0
202,1,2,Teens,1,1,0.9444444444444444,18,1.0,2,1.0,1,1.0,1,1.0,1,,,,
202,2,3,Teens,2,1,0.7407407407407407,27,0.0,3,,0,0.6666666666666666,3,0.0,3,1.2,0.4,-0.8,5.0
202,3,5,Teens,3,1,0.8222222222222222,45,0.6,5,0.5,2,1.0,3,0.6666666666666666,3,0.4,0.2,-0.2,5.0
202,4,4,Teens,4,1,0.8611111111111112,36,0.75,4,1.0,2,1.0,2,0.5,2,0.25,0.5,0.25,4.0
202,5,3,Teens,5,2,0.8888888888888888,27,0.6666666666666666,3,1.0,1,1.0,2,0.5,2,0.0,1.0,1.0,1.0
202,6,5,Teens,6,2,0.8222222222222222,45,0.6,5,1.0,1,1.0,4,0.5,4,0.25,1.0,0.75,4.0
202,7,2,Teens,7,2,0.9444444444444444,18,1.0,2,1.0,1,1.0,1,1.0,1,,,,
202,8,3,Teens,8,3,0.8888888888888888,27,1.0,3,1.0,1,1.0,2,1.0,2,0.0,0.0,0.0,1.0
202,9,5,Teens,9,3,0.8444444444444444,45,0.6,5,1.0,2,1.0,3,0.3333333333333333,3,0.5,1.25,0.75,4.0
202,10,4,Teens,10,2,0.8888888888888888,36,0.75,4,1.0,1,1.0,3,0.6666666666666666,3,0.5,0.5,0.0,2.0
204,1,2,Teens,1,1,0.8888888888888888,18,0.5,2,0.0,1,1.0,1,1.0,1,0.0,0.0,0.0,1.0
204,2,3,Teens,2,1,0.7407407407407407,27,0.3333333333333333,3,,0,1.0,3,0.3333333333333333,3,0.5,1.25,0.75,4.0
204,3,5,Teens,3,1,0.7777777777777778,45,0.6,5,1.0,1,1.0,4,0.5,4,0.8333333333333334,0.8333333333333334,0.0,6.0
204,4,4,Teens,4,1,0.8333333333333334,36,0.5,4,1.0,1,1.0,3,0.3333333333333333,3,0.5,1.25,0.75,4.0
204,5,3,Teens,5,2,0.8888888888888888,27,0.6666666666666666,3,1.0,1,1.0,2,0.5,2,0.0,1.0,1.0,1.0
204,6,5,Teens,6,2,0.8444444444444444,45,0.8,5,1.0,2,1.0,3,0.6666666666666666,3,0.6,0.4,-0.2,5.0
204,7,2,Teens,7,2,0.8888888888888888,18,1.0,2,,0,1.0,2,1.0,2,,,,
204,8,3,Teens,8,3,0.9259259259259259,27,1.0,3,1.0,1,1.0,2,1.0,2,,,,
204,9,5,Teens,9,3,0.6888888888888889,45,0.4,5,1.0,1,0.75,4,0.25,4,0.9,0.9,0.0,10.0
204,10,4,Teens,10,2,0.9166666666666666,36,0.75,4,1.0,2,1.0,2,0.5,2,0.0,1.0,1.0,1.0
205,1,2,Teens,1,1,0.8333333333333334,18,1.0,2,1.0,1,1.0,1,1.0,1,0.5,0.0,-0.5,2.0
205,2,3,Teens,2,1,0.6666666666666666,27,0.0,3,,0,0.6666666666666666,3,0.0,3,1.0,1.0,0.0,7.0
205,3,4,Teens,3,1,0.6111111111111112,36,0.0,4,0.0,2,0.5,2,0.0,2,1.5294117647058822,1.8823529411764706,0.35294117647058826,17.0
205,4,5,Teens,4,1,0.5111111111111111,45,0.6,5,0.5,2,0.6666666666666666,3,0.6666666666666666,3,1.6521739130434783,2.1739130434782608,0.5217391304347826,23.0
205,5,3,Teens,5,2,0.8148148148148148,27,0.3333333333333333,3,,0,0.6666666666666666,3,0.3333333333333333,3,0.5,0.5,0.0,2.0
205,6,5,Teens,6,2,0.7777777777777778,45,0.8,5,0.5,2,1.0,3,1.0,3,1.1,0.6,-0.5,10.0
205,7,2,Teens,7,2,0.7222222222222222,18,0.5,2,,0,1.0,2,0.5,2,1.0,1.0,0.0,3.0
205,8,3,Teens,8,3,0.8888888888888888,27,1.0,3,1.0,1,1.0,2,1.0,2,0.5,1.0,0.5,2.0
205,9,4,Teens,9,2,0.8055555555555556,36,0.75,4,1.0,2,1.0,2,0.5,2,0.7142857142857143,1.1428571428571428,0.42857142857142855,7.0
205,10,5,Teens,10,3,0.5333333333333333,45,0.4,5,1.0,1,1.0,4,0.25,4,1.65,1.15,-0.5,20.0
206,1,2,Kids,1,1,0.9444444444444444,18,1.0,2,1.0,2,,0,,0,0.3333333333333333,0.0,-0.3333333333333333,3.0
206,2,3,Kids,2,1,0.4444444444444444,27,0.3333333333333333,3,,0,1.0,3,0.3333333333333333,3,1.6666666666666667,2.1333333333333333,0.4666666666666667,15.0
206,3,4,Kids,3,1,0.5277777777777778,36,0.75,4,1.0,2,0.5,2,0.5,2,1.9,1.85,-0.05,20.0
206,4,5,Kids,4,1,0.2619047619047619,42,0.2,5,,0,0.75,4,0.25,4,2.189189189189189,1.864864864864865,-0.32432432432432434,37.0
206,5,3,Kids,5,2,0.6296296296296297,27,0.0,3,,0,1.0,3,0.0,3,1.3846153846153846,1.4615384615384615,0.07692307692307693,13.0
206,6,5,Kids,6,2,0.4883720930232558,43,0.4,5,0.0,1,0.3333333333333333,3,0.3333333333333333,3,1.7857142857142858,1.6071428571428572,-0.17857142857142858,28.0
206,7,2,Kids,7,2,0.6111111111111112,18,0.5,2,0.0,1,1.0,1,1.0,1,0.5,1.0,0.5,6.0
206,8,3,Kids,8,3,0.4444444444444444,27,0.3333333333333333,3,1.0,1,0.5,2,0.0,2,2.0526315789473686,2.3684210526315788,0.3157894736842105,19.0
206,9,4,Kids,9,2,0.4117647058823529,34,0.5,4,0.0,1,0.6666666666666666,3,0.6666666666666666,3,2.4482758620689653,1.7241379310344827,-0.7241379310344828,29.0
206,10,5,Kids,10,3,0.24390243902439024,41,0.0,5,0.0,1,0.0,4,0.0,4,2.051282051282051,2.282051282051282,0.23076923076923078,39.0
207,1,2,Kids,1,1,0.8333333333333334,18,0.5,2,1.0,1,1.0,1,0.0,1,1.0,1.0,0.0,3.0
207,2,3,Kids,2,1,0.8518518518518519,27,0.3333333333333333,3,1.0,1,1.0,2,0.0,2,0.0,1.0,1.0,2.0
207,3,4,Kids,3,1,0.9166666666666666,36,0.75,4,1.0,2,1.0,2,0.5,2,0.0,1.0,1.0,1.0
207,4,5,Kids,4,1,0.8444444444444444,45,0.6,5,0.5,2,1.0,3,0.6666666666666666,3,0.25,0.75,0.5,4.0
207,5,3,Kids,5,2,0.6296296296296297,27,0.3333333333333333,3,,0,1.0,3,0.3333333333333333,3,0.8571428571428571,1.4285714285714286,0.5714285714285714,7.0
207,6,5,Kids,6,2,0.6666666666666666,45,0.8,5,,0,1.0,5,0.8,5,1.2727272727272727,1.5454545454545454,0.2727272727272727,11.0
207,7,2,Kids,7,2,0.9444444444444444,18,1.0,2,1.0,1,1.0,1,1.0,1,,,,
207,8,3,Kids,8,3,0.7777777777777778,27,0.3333333333333333,3,,0,1.0,3,0.3333333333333333,3,0.3333333333333333,1.0,0.6666666666666666,3.0
207,9,4,Kids,9,2,0.8055555555555556,36,0.75,4,1.0,1,0.6666666666666666,3,0.6666666666666666,3,1.75,0.0,-1.75,4.0
207,10,5,Kids,10,3,0.9777777777777777,45,1.0,5,1.0,4,1.0,1,1.0,1,,,,
208,1,2,Teens,1,1,0.8333333333333334,18,0.5,2,1.0,1,1.0,1,0.0,1,0.3333333333333333,0.6666666666666666,0.3333333333333333,3.0
208,2,4,Teens,2,1,0.7777777777777778,36,0.5,4,1.0,1,1.0,3,0.3333333333333333,3,0.6,1.0,0.4,5.0
208,3,3,Teens,3,1,0.9259259259259259,27,0.6666666666666666,3,1.0,2,1.0,1,0.0,1,0.0,1.0,1.0,1.0
208,4,5,Teens,4,1,0.6888888888888889,45,0.4,5,1.0,1,0.75,4,0.25,4,0.8,1.3,0.5,10.0
208,5,3,Teens,5,2,0.9259259259259259,27,1.0,3,1.0,1,1.0,2,1.0,2,,,,
208,6,5,Teens,6,2,1.0,45,1.0,5,1.0,5,,0,,0,,,,
208,7,2,Teens,7,2,0.7777777777777778,18,0.5,2,,0,1.0,2,0.5,2,0.5,1.0,0.5,2.0
208,8,4,Teens,8,2,0.8055555555555556,36,0.5,4,,0,1.0,4,0.5,4,0.3333333333333333,1.0,0.6666666666666666,3.0
208,9,3,Teens,9,3,0.9629629629629629,27,1.0,3,1.0,2,1.0,1,1.0,1,,,,
208,10,5,Teens,10,3,0.5555555555555556,45,0.4,5,0.5,2,0.6666666666666666,3,0.3333333333333333,3,1.4,1.4,0.0,20.0
209,1,2,Teens,1,1,0.8333333333333334,18,0.5,2,,0,0.5,2,0.5,2,1.0,0.0,-1.0,1.0
209,2,3,Teens,2,1,0.6296296296296297,27,0.0,3,,0,0.6666666666666666,3,0.0,3,0.7142857142857143,1.0,0.2857142857142857,7.0
209,3,4,Teens,3,1,0.8888888888888888,36,0.75,4,1.0,3,0.0,1,0.0,1,0.3333333333333333,0.0,-0.3333333333333333,3.0
209,4,5,Teens,4,1,0.6444444444444445,45,0.2,5,,0,0.8,5,0.2,5,1.0769230769230769,1.6153846153846154,0.5384615384615384,13.0
209,5,3,Teens,5,2,0.5185185185185185,27,0.3333333333333333,3,,0,0.6666666666666666,3,0.3333333333333333,3,1.2727272727272727,1.5454545454545454,0.2727272727272727,11.0
209,6,5,Teens,6,2,0.7555555555555555,45,0.4,5,1.0,1,0.75,4,0.25,4,0.8571428571428571,1.1428571428571428,0.2857142857142857,7.0
209,7,2,Teens,7,2,0.8888888888888888,18,1.0,2,1.0,1,1.0,1,1.0,1,0.5,0.0,-0.5,2.0
209,8,3,Teens,8,3,0.8518518518518519,27,0.3333333333333333,3,1.0,1,0.5,2,0.0,2,0.5,0.5,0.0,2.0
209,9,4,Teens,9,2,0.8333333333333334,36,0.5,4,0.5,4,,0,,0,1.0,0.0,-1.0,6.0
209,10,5,Teens,10,3,0.4444444444444444,45,0.2,5,,0,0.6,5,0.2,5,1.7916666666666667,2.125,0.3333333333333333,24.0
210,1,2,Teens,1,1,0.5555555555555556,18,0.0,2,,0,0.5,2,0.0,2,0.8333333333333334,1.1666666666666667,0.3333333333333333,6.0
210,2,3,Teens,2,1,0.7777777777777778,27,0.6666666666666666,3,1.0,1,0.5,2,0.5,2,0.8,1.2,0.4,5.0
210,3,4,Teens,3,1,0.9166666666666666,36,1.0,4,1.0,2,1.0,2,1.0,2,0.0,1.0,1.0,1.0
210,4,5,Teens,4,1,0.7555555555555555,45,0.8,5,1.0,1,1.0,4,0.75,4,0.8571428571428571,1.0,0.14285714285714285,7.0
210,5,3,Teens,5,2,0.8888888888888888,27,0.6666666666666666,3,1.0,1,1.0,2,0.5,2,0.0,1.0,1.0,1.0
210,6,5,Teens,6,2,0.6444444444444445,45,0.4,5,,0,0.8,5,0.4,5,1.25,1.5,0.25,12.0
210,7,2,Teens,7,2,0.7777777777777778,18,0.0,2,,0,1.0,2,0.0,2,0.0,1.0,1.0,2.0
210,8,3,Teens,8,3,0.9629629629629629,27,1.0,3,1.0,2,1.0,1,1.0,1,,,,
210,9,4,Teens,9,2,0.6666666666666666,36,0.25,4,,0,1.0,4,0.25,4,0.9,1.1,0.2,10.0
210,10,5,Teens,10,3,0.8666666666666667,45,0.6,5,0.5,2,0.6666666666666666,3,0.6666666666666666,3,1.0,0.0,-1.0,3.0
212,1,2,Teens,1,1,0.7777777777777778,18,0.0,2,,0,1.0,2,0.0,2,0.3333333333333333,1.0,0.6666666666666666,3.0
212,2,3,Teens,2,1,0.6296296296296297,27,0.0,3,,0,1.0,3,0.0,3,0.7142857142857143,1.0,0.2857142857142857,7.0
212,3,5,Teens,3,1,0.6444444444444445,45,0.2,5,0.25,4,0.0,1,0.0,1,1.0625,1.3125,0.25,16.0
212,4,4,Teens,4,1,0.6944444444444444,36,0.75,4,,0,1.0,4,0.75,4,0.8571428571428571,1.1428571428571428,0.2857142857142857,7.0
212,5,3,Teens,5,2,1.0,27,1.0,3,1.0,3,,0,,0,,,,
212,6,5,Teens,6,2,0.8888888888888888,45,0.8,5,1.0,2,1.0,3,0.6666666666666666,3,1.0,0.3333333333333333,-0.6666666666666666,3.0
212,7,2,Teens,7,2,0.8888888888888888,18,0.5,2,1.0,1,1.0,1,0.0,1,0.0,1.0,1.0,1.0
212,8,3,Teens,8,3,0.9629629629629629,27,1.0,3,1.0,3,,0,,0,0.0,0.0,0.0,1.0
212,9,5,Teens,9,3,0.8,45,0.4,5,1.0,1,1.0,4,0.25,4,0.5,1.0,0.5,6.0
212,10,4,Teens,10,2,0.7777777777777778,36,0.5,4,1.0,1,1.0,3,0.3333333333333333,3,0.6,1.2,0.6,5.0
213,1,2,Kids,1,1,0.8333333333333334,18,0.5,2,1.0,1,1.0,1,0.0,1,1.0,1.0,0.0,3.0
213,2,3,Kids,2,1,0.7777777777777778,27,0.6666666666666666,3,1.0,2,1.0,1,0.0,1,0.6666666666666666,1.1666666666666667,0.5,6.0
213,3,5,Kids,3,1,0.7333333333333333,45,0.6,5,0.6666666666666666,3,1.0,2,0.5,2,1.3,1.2,-0.1,10.0
213,4,4,Kids,4,1,0.8333333333333334,36,0.5,4,1.0,2,0.5,2,0.0,2,0.75,1.0,0.25,4.0
213,5,3,Kids,5,2,0.8518518518518519,27,0.6666666666666666,3,1.0,1,0.5,2,0.5,2,1.0,0.0,-1.0,2.0
213,6,5,Kids,6,2,0.8409090909090909,44,0.6,5,1.0,2,1.0,3,0.3333333333333333,3,0.5,0.75,0.25,4.0
213,7,2,Kids,7,2,0.7222222222222222,18,0.5,2,,0,1.0,2,0.5,2,1.0,0.5,-0.5,4.0
213,8,3,Kids,8,3,0.6153846153846154,26,0.0,3,,0,1.0,2,0.0,2,0.6666666666666666,1.0,0.3333333333333333,9.0
213,9,5,Kids,9,3,0.6666666666666666,45,0.2,5,1.0,1,0.5,4,0.0,4,0.8333333333333334,1.25,0.4166666666666667,12.0
213,10,4,Kids,10,2,0.9722222222222222,36,1.0,4,1.0,3,1.0,1,1.0,1,,,,
214,1,2,Kids,1,1,0.8888888888888888,18,0.5,2,0.0,1,1.0,1,1.0,1,0.0,0.0,0.0,1.0
214,2,3,Kids,2,1,0.6666666666666666,27,0.3333333333333333,3,,0,1.0,3,0.3333333333333333,3,0.8333333333333334,1.3333333333333333,0.5,6.0
214,3,5,Kids,3,1,0.5777777777777777,45,0.2,5,,0,0.6,5,0.2,5,1.0,1.4285714285714286,0.42857142857142855,14.0
214,4,4,Kids,4,1,0.8055555555555556,36,0.5,4,0.0,2,1.0,2,1.0,2,0.2,0.6,0.4,5.0
214,5,3,Kids,5,2,0.8148148148148148,27,0.3333333333333333,3,1.0,1,0.5,2,0.0,2,0.5,1.25,0.75,4.0
214,6,5,Kids,6,2,0.4444444444444444,45,0.6,5,0.5,2,1.0,3,0.6666666666666666,3,2.206896551724138,2.0,-0.20689655172413793,29.0
214,7,2,Kids,7,2,0.8333333333333334,18,0.5,2,,0,1.0,2,0.5,2,0.0,1.0,1.0,1.0
214,8,3,Kids,8,3,0.9629629629629629,27,1.0,3,1.0,2,1.0,1,1.0,1,,,,
214,9,5,Kids,9,3,0.8666666666666667,45,0.8,5,1.0,2,1.0,3,0.6666666666666666,3,0.6666666666666666,1.3333333333333333,0.6666666666666666,3.0
214,10,4,Kids,10,2,0.5555555555555556,36,0.0,4,,0,0.5,4,0.0,4,1.9230769230769231,0.6153846153846154,-1.3076923076923077,13.0
215,1,2,Teens,1,1,0.9444444444444444,18,1.0,2,1.0,2,,0,,0,0.0,0.0,0.0,1.0
215,2,3,Teens,2,1,0.7777777777777778,27,0.6666666666666666,3,,0,0.6666666666666666,3,0.6666666666666666,3,0.3333333333333333,0.6666666666666666,0.3333333333333333,3.0
215,3,4,Teens,3,1,0.8888888888888888,36,0.75,4,0.5,2,1.0,2,1.0,2,0.5,0.0,-0.5,2.0
215,4,5,Teens,4,1,0.8,45,0.6,5,0.6666666666666666,3,1.0,2,0.5,2,0.7142857142857143,1.1428571428571428,0.42857142857142855,7.0
215,5,3,Teens,5,2,0.7407407407407407,27,0.0,3,,0,1.0,3,0.0,3,0.25,1.0,0.75,4.0
215,6,5,Teens,6,2,0.8222222222222222,45,0.6,5,0.5,2,1.0,3,0.6666666666666666,3,0.2,0.8,0.6,5.0
215,7,2,Teens,7,2,0.7777777777777778,18,0.0,2,,0,1.0,2,0.0,2,0.0,1.0,1.0,2.0
215,8,3,Teens,8,3,0.9259259259259259,27,1.0,3,1.0,1,1.0,2,1.0,2,,,,
215,9,4,Teens,9,2,0.8888888888888888,36,0.75,4,1.0,1,1.0,3,0.6666666666666666,3,0.0,1.0,1.0,1.0
215,10,5,Teens,10,3,0.8888888888888888,45,0.6,5,1.0,2,1.0,3,0.3333333333333333,3,0.0,1.0,1.0,2.0
217,1,2,Kids,1,1,0.7222222222222222,18,0.0,2,,0,0.5,2,0.0,2,0.6666666666666666,0.6666666666666666,0.0,3.0
217,2,3,Kids,2,1,0.7777777777777778,27,0.6666666666666666,3,1.0,1,0.5,2,0.5,2,0.6,0.8,0.2,5.0
217,3,4,Kids,3,1,0.6666666666666666,36,0.5,4,1.0,1,0.6666666666666666,3,0.3333333333333333,3,1.1111111111111112,1.3333333333333333,0.2222222222222222,9.0
217,4,5,Kids,4,1,0.6888888888888889,45,0.2,5,,0,0.2,5,0.2,5,1.2,0.6,-0.6,10.0
217,5,3,Kids,5,2,0.76,25,0.3333333333333333,3,,0,0.0,1,0.0,1,1.125,1.5,0.375,8.0
217,6,5,Kids,6,2,0.5,40,0.6,5,0.5,2,1.0,3,0.6666666666666666,3,2.28,1.8,-0.48,25.0
217,7,2,Kids,7,2,0.8235294117647058,17,0.5,2,,0,1.0,1,0.0,1,0.8,1.0,0.2,5.0
217,8,3,Kids,8,3,0.8,25,0.3333333333333333,3,,0,0.0,1,0.0,1,0.5,0.0,-0.5,4.0
217,9,4,Kids,9,2,0.5151515151515151,33,0.75,4,0.5,2,1.0,1,1.0,1,3.9130434782608696,0.8695652173913043,-3.0434782608695654,23.0
217,10,5,Kids,10,3,0.5581395348837209,43,0.6,5,1.0,1,1.0,4,0.5,4,1.619047619047619,1.5714285714285714,-0.047619047619047616,21.0
218,1,2,Teens,1,1,0.7777777777777778,18,0.5,2,,0,1.0,2,0.5,2,0.5,0.5,0.0,2.0
218,2,4,Teens,2,1,0.75,36,0.75,4,1.0,1,1.0,3,0.6666666666666666,3,1.0,0.5,-0.5,6.0
218,3,3,Teens,3,1,0.8148148148148148,27,0.0,3,0.0,1,1.0,2,0.0,2,0.0,0.6666666666666666,0.6666666666666666,3.0
218,4,5,Teens,4,1,0.9333333333333333,45,1.0,5,1.0,2,1.0,3,1.0,3,,,,
218,5,3,Teens,5,2,0.8518518518518519,27,0.3333333333333333,3,0.0,1,1.0,2,0.5,2,0.0,0.5,0.5,2.0
218,6,5,Teens,6,2,0.8222222222222222,45,0.6,5,1.0,1,1.0,4,0.5,4,0.0,1.0,1.0,4.0
218,7,2,Teens,7,2,0.9444444444444444,18,1.0,2,1.0,1,1.0,1,1.0,1,1.0,0.0,-1.0,1.0
218,8,4,Teens,8,2,0.8611111111111112,36,0.75,4,1.0,1,1.0,3,0.6666666666666666,3,0.5,1.0,0.5,2.0
218,9,3,Teens,9,3,0.8888888888888888,27,0.6666666666666666,3,1.0,1,1.0,2,0.5,2,0.0,1.0,1.0,1.0
218,10,5,Teens,10,3,0.8666666666666667,45,0.6,5,1.0,2,1.0,3,0.3333333333333333,3,0.0,0.6666666666666666,0.6666666666666666,3.0
219,1,2,Teens,1,1,0.7777777777777778,18,0.0,2,,0,1.0,2,0.0,2,0.0,1.0,1.0,2.0
219,2,3,Teens,2,1,0.8888888888888888,27,0.6666666666666666,3,1.0,1,1.0,2,0.5,2,0.0,1.0,1.0,1.0
219,3,4,Teens,3,1,0.5,36,0.25,4,0.5,2,1.0,2,0.0,2,1.631578947368421,1.894736842105263,0.2631578947368421,19.0
219,4,5,Teens,4,1,0.6888888888888889,45,0.6,5,0.6666666666666666,3,1.0,2,0.5,2,1.1333333333333333,1.2,0.06666666666666667,15.0
219,5,3,Teens,5,2,0.7777777777777778,27,0.3333333333333333,3,1.0,1,1.0,2,0.0,2,0.25,0.75,0.5,4.0
219,6,5,Teens,6,2,0.8666666666666667,45,0.8,5,0.5,2,1.0,3,1.0,3,0.6666666666666666,0.0,-0.6666666666666666,3.0
219,7,2,Teens,7,2,0.9444444444444444,18,1.0,2,1.0,1,1.0,1,1.0,1,,,,
219,8,3,Teens,8,3,0.7777777777777778,27,0.3333333333333333,3,,0,0.6666666666666666,3,0.3333333333333333,3,0.3333333333333333,1.0,0.6666666666666666,3.0
219,9,4,Teens,9,2,0.9166666666666666,36,0.75,4,1.0,2,1.0,2,0.5,2,0.5,0.5,0.0,2.0
219,10,5,Teens,10,3,0.8,45,0.6,5,1.0,3,0.5,2,0.0,2,0.5714285714285714,0.7142857142857143,0.14285714285714285,7.0
220,1,2,Teens,1,1,0.9444444444444444,18,1.0,2,1.0,1,1.0,1,1.0,1,,,,
220,2,3,Teens,2,1,0.8518518518518519,27,0.6666666666666666,3,,0,0.6666666666666666,3,0.6666666666666666,3,1.0,0.0,-1.0,1.0
220,3,4,Teens,3,1,0.8055555555555556,36,0.5,4,0.0,1,0.6666666666666666,3,0.6666666666666666,3,0.5,1.0,0.5,4.0
220,4,5,Teens,4,1,0.9111111111111111,45,0.8,5,0.5,2,1.0,3,1.0,3,0.5,0.0,-0.5,2.0
220,5,3,Teens,5,2,0.8888888888888888,27,0.6666666666666666,3,0.0,1,1.0,2,1.0,2,0.0,0.0,0.0,1.0
220,6,5,Teens,6,2,0.8,45,0.4,5,1.0,2,1.0,3,0.0,3,0.5,1.1666666666666667,0.6666666666666666,6.0
220,7,2,Teens,7,2,0.9444444444444444,18,1.0,2,1.0,1,1.0,1,1.0,1,,,,
220,8,3,Teens,8,3,0.9629629629629629,27,1.0,3,1.0,2,1.0,1,1.0,1,,,,
220,9,4,Teens,9,2,0.9166666666666666,36,0.75,4,1.0,2,1.0,2,0.5,2,0.0,1.0,1.0,1.0
220,10,5,Teens,10,3,0.6666666666666666,45,0.6,5,1.0,1,1.0,4,0.5,4,1.0,1.0,0.0,11.0
221,1,2,Kids,1,1,0.9444444444444444,18,1.0,2,1.0,2,,0,,0,0.3333333333333333,0.0,-0.3333333333333333,3.0
221,2,3,Kids,2,1,0.8148148148148148,27,0.6666666666666666,3,0.5,2,1.0,1,1.0,1,0.4,1.0,0.6,5.0
221,3,4,Kids,3,1,0.7777777777777778,36,0.75,4,1.0,1,0.6666666666666666,3,0.6666666666666666,3,3.0,0.0,-3.0,5.0
221,4,5,Kids,4,1,0.6666666666666666,45,0.4,5,,0,0.6,5,0.4,5,1.0833333333333333,1.25,0.16666666666666666,12.0
221,5,3,Kids,5,2,0.9259259259259259,27,0.3333333333333333,3,0.3333333333333333,3,,0,,0,0.0,0.0,0.0,2.0
221,6,5,Kids,6,2,0.6222222222222222,45,0.4,5,1.0,1,0.5,4,0.25,4,1.2307692307692308,1.0,-0.23076923076923078,13.0
221,7,2,Kids,7,2,0.8888888888888888,18,1.0,2,,0,1.0,2,1.0,2,0.0,1.0,1.0,1.0
221,8,3,Kids,8,3,0.9629629629629629,27,0.6666666666666666,3,0.6666666666666666,3,,0,,0,0.0,0.0,0.0,1.0
221,9,4,Kids,9,2,0.8055555555555556,36,0.5,4,,0,1.0,4,0.5,4,0.5,0.75,0.25,4.0
221,10,5,Kids,10,3,0.6444444444444445,45,0.4,5,1.0,1,0.75,4,0.25,4,1.0,1.0769230769230769,0.07692307692307693,13.0
300,1,2,Age>25,1,1,0.8888888888888888,18,0.5,2,1.0,1,1.0,1,0.0,1,0.0,1.0,1.0,1.0
300,2,3,Age>25,2,1,0.9259259259259259,27,0.6666666666666666,3,1.0,2,0.0,1,0.0,1,1.0,0.0,-1.0,1.0
300,3,4,Age>25,3,1,0.8333333333333334,36,0.5,4,1.0,1,1.0,3,0.3333333333333333,3,0.3333333333333333,1.0,0.6666666666666666,3.0
300,4,5,Age>25,4,1,0.8666666666666667,45,0.6,5,1.0,1,1.0,4,0.5,4,0.0,1.0,1.0,2.0
300,5,3,Age>25,5,2,0.7407407407407407,27,0.0,3,0.0,1,0.5,2,0.0,2,0.4,1.0,0.6,5.0
300,6,5,Age>25,6,2,0.8888888888888888,45,0.8,5,1.0,2,1.0,3,0.6666666666666666,3,0.5,1.0,0.5,2.0
300,7,2,Age>25,7,2,0.8888888888888888,18,0.5,2,1.0,1,1.0,1,0.0,1,0.0,1.0,1.0,1.0
300,8,3,Age>25,8,3,0.8888888888888888,27,0.6666666666666666,3,1.0,1,1.0,2,0.5,2,0.0,1.0,1.0,1.0
300,9,4,Age>25,9,2,0.9166666666666666,36,0.75,4,1.0,2,1.0,2,0.5,2,0.0,1.0,1.0,1.0
300,10,5,Age>25,10,3,0.7777777777777778,45,0.4,5,1.0,1,0.75,4,0.25,4,0.5714285714285714,1.2857142857142858,0.7142857142857143,7.0
301,1,2,RPP,1,1,0.8333333333333334,18,0.5,2,,0,1.0,2,0.5,2,0.0,1.0,1.0,1.0
301,2,3,RPP,2,1,0.8518518518518519,27,0.6666666666666666,3,,0,1.0,3,0.6666666666666666,3,0.0,1.0,1.0,1.0
301,3,4,RPP,3,1,0.8611111111111112,36,0.5,4,1.0,1,1.0,3,0.3333333333333333,3,0.0,1.0,1.0,2.0
301,4,5,RPP,4,1,0.8666666666666667,45,0.6,5,1.0,2,1.0,3,0.3333333333333333,3,0.3333333333333333,1.0,0.6666666666666666,3.0
301,5,3,RPP,5,2,0.8888888888888888,27,0.6666666666666666,3,1.0,1,1.0,2,0.5,2,0.0,1.0,1.0,1.0
301,6,5,RPP,6,2,0.8444444444444444,45,0.6,5,1.0,2,1.0,3,0.3333333333333333,3,0.25,1.0,0.75,4.0
301,7,2,RPP,7,2,0.8333333333333334,18,0.0,2,0.0,1,1.0,1,0.0,1,0.0,0.5,0.5,2.0
301,8,3,RPP,8,3,0.8888888888888888,27,0.6666666666666666,3,1.0,1,1.0,2,0.5,2,0.0,1.0,1.0,1.0
301,9,4,RPP,9,2,0.9166666666666666,36,0.75,4,1.0,2,1.0,2,0.5,2,0.0,1.0,1.0,1.0
301,10,5,RPP,10,3,0.8666666666666667,45,0.6,5,1.0,1,1.0,4,0.5,4,0.0,1.0,1.0,2.0
302,1,2,Age>25,1,1,0.7777777777777778,18,0.5,2,1.0,1,1.0,1,0.0,1,0.3333333333333333,0.6666666666666666,0.3333333333333333,3.0
302,2,3,Age>25,2,1,0.4074074074074074,27,0.3333333333333333,3,,0,0.6666666666666666,3,0.3333333333333333,3,1.3571428571428572,1.7857142857142858,0.42857142857142855,14.0
302,3,5,Age>25,3,1,0.8,45,0.6,5,0.6666666666666666,3,1.0,2,0.5,2,0.2857142857142857,0.7142857142857143,0.42857142857142855,7.0
302,4,4,Age>25,4,1,0.4166666666666667,36,0.25,4,1.0,1,0.6666666666666666,3,0.0,3,1.8571428571428572,2.1904761904761907,0.3333333333333333,21.0
302,5,3,Age>25,5,2,0.9259259259259259,27,1.0,3,1.0,2,1.0,1,1.0,1,0.0,0.0,0.0,1.0
302,6,5,Age>25,6,2,0.5333333333333333,45,0.4,5,0.5,2,1.0,3,0.3333333333333333,3,1.6111111111111112,1.6111111111111112,0.0,18.0
302,7,2,Age>25,7,2,0.7777777777777778,18,0.0,2,,0,0.5,2,0.0,2,0.5,0.5,0.0,2.0
302,8,3,Age>25,8,3,0.8888888888888888,27,0.6666666666666666,3,1.0,1,1.0,2,0.5,2,0.0,1.0,1.0,1.0
302,9,5,Age>25,9,3,0.4444444444444444,45,0.2,5,1.0,1,0.75,4,0.0,4,1.7391304347826086,2.0434782608695654,0.30434782608695654,23.0
302,10,4,Age>25,10,2,0.7222222222222222,36,0.5,4,,0,0.75,4,0.5,4,0.6666666666666666,1.3333333333333333,0.6666666666666666,6.0
303,1,2,Age>25,1,1,0.8888888888888888,18,1.0,2,,0,1.0,2,1.0,2,,,,
303,2,3,Age>25,2,1,0.8888888888888888,27,0.6666666666666666,3,1.0,2,1.0,1,0.0,1,0.5,1.0,0.5,2.0
303,3,5,Age>25,3,1,0.7111111111111111,45,0.4,5,1.0,2,0.6666666666666666,3,0.0,3,1.1,1.7,0.6,10.0
303,4,4,Age>25,4,1,0.8333333333333334,36,0.5,4,1.0,1,0.6666666666666666,3,0.3333333333333333,3,0.3333333333333333,1.0,0.6666666666666666,3.0
303,5,3,Age>25,5,2,0.9259259259259259,27,1.0,3,1.0,1,1.0,2,1.0,2,,,,
303,6,5,Age>25,6,2,0.9111111111111111,45,0.6,5,1.0,3,1.0,2,0.0,2,0.0,1.0,1.0,2.0
303,7,2,Age>25,7,2,0.7647058823529411,17,0.5,2,,0,1.0,2,0.5,2,1.0,0.3333333333333333,-0.6666666666666666,3.0
303,8,3,Age>25,8,3,0.7407407407407407,27,0.0,3,,0,1.0,3,0.0,3,0.6,1.0,0.4,5.0
303,9,5,Age>25,9,3,0.8888888888888888,45,0.6,5,0.75,4,0.0,1,0.0,1,0.5,1.0,0.5,4.0
303,10,4,Age>25,10,2,0.8333333333333334,36,0.75,4,1.0,3,0.0,1,0.0,1,0.6666666666666666,0.5,-0.16666666666666666,6.0
304,1,2,Age>25,1,1,0.8888888888888888,18,1.0,2,,0,1.0,2,1.0,2,,,,
304,2,3,Age>25,2,1,0.8888888888888888,27,0.3333333333333333,3,0.5,2,1.0,1,0.0,1,0.0,0.5,0.5,2.0
304,3,5,Age>25,3,1,0.8444444444444444,45,0.6,5,1.0,2,0.6666666666666666,3,0.3333333333333333,3,0.75,1.0,0.25,4.0
304,4,4,Age>25,4,1,0.8611111111111112,36,0.5,4,1.0,1,1.0,3,0.3333333333333333,3,0.0,1.0,1.0,2.0
304,5,3,Age>25,5,2,0.8888888888888888,27,0.6666666666666666,3,1.0,1,1.0,2,0.5,2,0.0,1.0,1.0,1.0
304,6,5,Age>25,6,2,0.8,45,0.6,5,1.0,2,0.6666666666666666,3,0.3333333333333333,3,0.6666666666666666,1.0,0.3333333333333333,6.0
304,7,2,Age>25,7,2,0.8333333333333334,18,1.0,2,1.0,1,1.0,1,1.0,1,1.5,0.0,-1.5,2.0
304,8,3,Age>25,8,3,0.8888888888888888,27,0.6666666666666666,3,1.0,1,1.0,2,0.5,2,0.0,1.0,1.0,1.0
304,9,5,Age>25,9,3,0.8666666666666667,45,0.6,5,1.0,1,1.0,4,0.5,4,0.0,1.0,1.0,2.0
304,10,4,Age>25,10,2,0.9166666666666666,36,0.75,4,1.0,2,1.0,2,0.5,2,0.0,1.0,1.0,1.0
305,1,2,Age>25,1,1,1.0,18,1.0,2,1.0,2,,0,,0,,,,
305,2,3,Age>25,2,1,0.8518518518518519,27,0.6666666666666666,3,1.0,1,1.0,2,0.5,2,0.6666666666666666,1.3333333333333333,0.6666666666666666,3.0
305,3,4,Age>25,3,1,0.8611111111111112,36,0.5,4,1.0,2,1.0,2,0.0,2,0.5,1.25,0.75,4.0
305,4,5,Age>25,4,1,0.8888888888888888,45,0.8,5,1.0,3,1.0,2,0.5,2,0.3333333333333333,1.0,0.6666666666666666,3.0
305,5,3,Age>25,5,2,0.9259259259259259,27,1.0,3,1.0,2,1.0,1,1.0,1,1.0,0.0,-1.0,1.0
305,6,5,Age>25,6,2,0.9111111111111111,45,0.8,5,1.0,3,0.5,2,0.5,2,0.3333333333333333,0.6666666666666666,0.3333333333333333,3.0
305,7,2,Age>25,7,2,0.8333333333333334,18,0.5,2,,0,1.0,2,0.5,2,0.0,1.0,1.0,1.0
305,8,3,Age>25,8,3,0.7407407407407407,27,0.0,3,,0,0.3333333333333333,3,0.0,3,0.75,0.5,-0.25,4.0
305,9,4,Age>25,9,2,0.8888888888888888,36,0.5,4,1.0,2,1.0,2,0.0,2,0.0,1.0,1.0,2.0
305,10,5,Age>25,10,3,0.8888888888888888,45,0.8,5,0.6666666666666666,3,1.0,2,1.0,2,0.25,0.75,0.5,4.0
306,1,2,Age>25,1,1,0.8333333333333334,18,0.5,2,,0,1.0,2,0.5,2,0.0,1.0,1.0,1.0
306,2,3,Age>25,2,1,0.8148148148148148,27,0.6666666666666666,3,1.0,1,1.0,2,0.5,2,0.3333333333333333,0.6666666666666666,0.3333333333333333,3.0
306,3,4,Age>25,3,1,0.9444444444444444,36,0.75,4,1.0,3,1.0,1,0.0,1,0.0,1.0,1.0,1.0
306,4,5,Age>25,4,1,0.7111111111111111,45,0.2,5,,0,0.8,5,0.2,5,0.625,1.0,0.375,8.0
306,5,3,Age>25,5,2,0.8518518518518519,27,0.6666666666666666,3,,0,1.0,3,0.6666666666666666,3,0.0,1.0,1.0,1.0
306,6,5,Age>25,6,2,0.8222222222222222,45,0.6,5,0.5,2,1.0,3,0.6666666666666666,3,0.4,0.6,0.2,5.0
306,7,2,Age>25,7,2,0.8888888888888888,18,1.0,2,,0,1.0,2,1.0,2,,,,
306,8,3,Age>25,8,3,1.0,27,1.0,3,1.0,3,,0,,0,,,,
306,9,4,Age>25,9,2,0.9444444444444444,36,1.0,4,1.0,2,1.0,2,1.0,2,,,,
306,10,5,Age>25,10,3,0.8222222222222222,45,0.6,5,1.0,1,1.0,4,0.5,4,0.5,0.75,0.25,4.0
308,1,2,Age>25,1,1,0.9444444444444444,18,1.0,2,1.0,1,1.0,1,1.0,1,,,,
308,2,4,Age>25,2,1,0.9166666666666666,36,0.75,4,1.0,2,1.0,2,0.5,2,0.0,1.0,1.0,1.0
308,3,3,Age>25,3,1,0.9259259259259259,27,0.6666666666666666,3,1.0,2,1.0,1,0.0,1,0.0,1.0,1.0,1.0
308,4,5,Age>25,4,1,0.8666666666666667,45,0.6,5,1.0,1,0.75,4,0.5,4,0.5,0.5,0.0,2.0
308,5,3,Age>25,5,2,0.8888888888888888,27,0.6666666666666666,3,1.0,1,1.0,2,0.5,2,0.0,1.0,1.0,1.0
308,6,5,Age>25,6,2,0.9777777777777777,45,1.0,5,1.0,4,1.0,1,1.0,1,,,,
308,7,2,Age>25,7,2,0.8333333333333334,18,0.5,2,,0,1.0,2,0.5,2,0.0,1.0,1.0,1.0
308,8,4,Age>25,8,2,0.9166666666666666,36,1.0,4,1.0,2,1.0,2,1.0,2,1.0,0.0,-1.0,1.0
308,9,3,Age>25,9,3,0.8518518518518519,27,0.6666666666666666,3,,0,1.0,3,0.6666666666666666,3,0.0,1.0,1.0,1.0
308,10,5,Age>25,10,3,0.7777777777777778,45,0.4,5,,0,0.8,5,0.4,5,0.8,0.6,-0.2,5.0
309,1,2,Age>25,1,1,0.9444444444444444,18,1.0,2,1.0,1,1.0,1,1.0,1,,,,
309,2,3,Age>25,2,1,0.8148148148148148,27,0.6666666666666666,3,,0,1.0,3,0.6666666666666666,3,0.5,1.0,0.5,2.0
309,3,4,Age>25,3,1,0.9166666666666666,36,0.75,4,1.0,2,0.5,2,0.5,2,1.0,0.0,-1.0,1.0
309,4,5,Age>25,4,1,0.9333333333333333,45,1.0,5,1.0,3,1.0,2,1.0,2,0.0,0.0,0.0,1.0
309,5,3,Age>25,5,2,0.9259259259259259,27,1.0,3,1.0,1,1.0,2,1.0,2,,,,
309,6,5,Age>25,6,2,0.8444444444444444,45,0.6,5,0.5,2,0.6666666666666666,3,0.6666666666666666,3,0.5,0.5,0.0,4.0
309,7,2,Age>25,7,2,0.8888888888888888,18,1.0,2,1.0,1,1.0,1,1.0,1,0.0,1.0,1.0,1.0
309,8,3,Age>25,8,3,0.9259259259259259,27,1.0,3,1.0,1,1.0,2,1.0,2,,,,
309,9,4,Age>25,9,2,0.4722222222222222,36,0.75,4,1.0,1,0.6666666666666666,3,0.6666666666666666,3,1.375,1.8125,0.4375,16.0
309,10,5,Age>25,10,3,0.8444444444444444,45,0.6,5,1.0,3,1.0,2,0.0,2,1.0,1.0,0.0,6.0
310,1,2,Age>25,1,1,0.7777777777777778,18,0.5,2,,0,1.0,2,0.5,2,0.5,1.0,0.5,2.0
310,2,3,Age>25,2,1,0.8518518518518519,27,0.6666666666666666,3,,0,1.0,3,0.6666666666666666,3,0.5,1.0,0.5,2.0
310,3,4,Age>25,3,1,0.9166666666666666,36,1.0,4,1.0,2,1.0,2,1.0,2,0.0,1.0,1.0,1.0
310,4,5,Age>25,4,1,0.9333333333333333,45,0.8,5,1.0,3,1.0,2,0.5,2,0.5,0.5,0.0,2.0
310,5,3,Age>25,5,2,0.8888888888888888,27,0.6666666666666666,3,1.0,1,1.0,2,0.5,2,0.0,1.0,1.0,1.0
310,6,5,Age>25,6,2,0.5777777777777777,45,0.6,5,1.0,1,1.0,4,0.5,4,1.588235294117647,1.5294117647058822,-0.058823529411764705,17.0
310,7,2,Age>25,7,2,0.7777777777777778,18,0.5,2,,0,1.0,2,0.5,2,0.5,1.0,0.5,2.0
310,8,3,Age>25,8,3,0.8148148148148148,27,0.6666666666666666,3,1.0,1,1.0,2,0.5,2,0.3333333333333333,0.3333333333333333,0.0,3.0
310,9,4,Age>25,9,2,0.8333333333333334,36,0.5,4,1.0,1,1.0,3,0.3333333333333333,3,0.3333333333333333,1.0,0.6666666666666666,3.0
310,10,5,Age>25,10,3,0.8222222222222222,45,0.6,5,1.0,2,0.6666666666666666,3,0.3333333333333333,3,0.8,0.4,-0.4,5.0
311,1,2,RPP,1,1,0.9444444444444444,18,1.0,2,1.0,1,1.0,1,1.0,1,,,,
311,2,3,RPP,2,1,0.8518518518518519,27,0.6666666666666666,3,,0,1.0,3,0.6666666666666666,3,0.0,1.0,1.0,1.0
311,3,4,RPP,3,1,0.8611111111111112,36,0.75,4,1.0,2,1.0,2,0.5,2,0.3333333333333333,0.6666666666666666,0.3333333333333333,3.0
311,4,5,RPP,4,1,0.8666666666666667,45,0.6,5,1.0,2,1.0,3,0.3333333333333333,3,0.0,1.0,1.0,3.0
311,5,3,RPP,5,2,0.8888888888888888,27,0.6666666666666666,3,1.0,1,1.0,2,0.5,2,0.0,1.0,1.0,1.0
311,6,5,RPP,6,2,0.8666666666666667,45,0.6,5,1.0,1,1.0,4,0.5,4,0.0,1.0,1.0,2.0
311,7,2,RPP,7,2,0.8888888888888888,18,0.5,2,1.0,1,1.0,1,0.0,1,0.0,1.0,1.0,1.0
311,8,3,RPP,8,3,0.9259259259259259,27,1.0,3,1.0,1,1.0,2,1.0,2,,,,
311,9,4,RPP,9,2,0.8333333333333334,36,0.5,4,1.0,1,1.0,3,0.3333333333333333,3,0.3333333333333333,1.0,0.6666666666666666,3.0
311,10,5,RPP,10,3,0.9111111111111111,45,0.8,5,1.0,2,1.0,3,0.6666666666666666,3,0.0,1.0,1.0,1.0
312,1,2,Age>25,1,1,0.7777777777777778,18,0.0,2,,0,1.0,2,0.0,2,0.0,1.0,1.0,2.0
312,2,3,Age>25,2,1,0.8148148148148148,27,0.6666666666666666,3,1.0,1,0.5,2,0.5,2,1.0,1.0,0.0,3.0
312,3,5,Age>25,3,1,0.9777777777777777,45,1.0,5,1.0,4,1.0,1,1.0,1,,,,
312,4,4,Age>25,4,1,0.8333333333333334,36,0.5,4,1.0,1,0.6666666666666666,3,0.3333333333333333,3,0.6666666666666666,0.6666666666666666,0.0,3.0
312,5,3,Age>25,5,2,0.8888888888888888,27,0.6666666666666666,3,1.0,1,1.0,2,0.5,2,0.0,1.0,1.0,1.0
312,6,5,Age>25,6,2,0.8666666666666667,45,0.6,5,1.0,2,1.0,3,0.3333333333333333,3,0.3333333333333333,1.0,0.6666666666666666,3.0
312,7,2,Age>25,7,2,0.8888888888888888,18,0.5,2,1.0,1,1.0,1,0.0,1,0.0,1.0,1.0,1.0
312,8,3,Age>25,8,3,1.0,27,1.0,3,1.0,3,,0,,0,,,,
312,9,5,Age>25,9,3,0.9111111111111111,45,0.8,5,1.0,2,1.0,3,0.6666666666666666,3,0.0,0.5,0.5,2.0
312,10,4,Age>25,10,2,0.9722222222222222,36,1.0,4,1.0,3,1.0,1,1.0,1,,,,
313,1,2,Age>25,1,1,1.0,18,1.0,2,1.0,2,,0,,0,,,,
313,2,3,Age>25,2,1,0.48148148148148145,27,0.3333333333333333,3,0.0,1,1.0,2,0.5,2,1.0,1.3333333333333333,0.3333333333333333,12.0
313,3,5,Age>25,3,1,0.4772727272727273,44,0.4,5,0.5,2,0.3333333333333333,3,0.3333333333333333,3,1.9642857142857142,1.25,-0.7142857142857143,28.0
313,4,4,Age>25,4,1,0.75,36,0.75,4,0.6666666666666666,3,1.0,1,1.0,1,0.3333333333333333,0.6666666666666666,0.3333333333333333,9.0
313,5,3,Age>25,5,2,0.5555555555555556,27,0.0,3,,0,0.6666666666666666,3,0.0,3,2.0,0.6,-1.4,10.0
313,6,5,Age>25,6,2,0.7333333333333333,45,0.6,5,0.5,2,1.0,3,0.6666666666666666,3,0.9375,1.3125,0.375,16.0
313,7,2,Age>25,7,2,0.7777777777777778,18,0.5,2,,0,1.0,2,0.5,2,0.5,1.0,0.5,2.0
313,8,3,Age>25,8,3,0.9259259259259259,27,1.0,3,1.0,2,1.0,1,1.0,1,1.0,0.0,-1.0,1.0
313,9,5,Age>25,9,3,0.8222222222222222,45,1.0,5,1.0,5,,0,,0,1.4166666666666667,0.6666666666666666,-0.75,12.0
313,10,4,Age>25,10,2,0.6666666666666666,36,0.5,4,0.5,2,1.0,2,0.5,2,1.3636363636363635,1.0909090909090908,-0.2727272727272727,11.0
314,1,2,RPP,1,1,0.5,18,0.5,2,,0,0.5,2,0.5,2,1.25,1.25,0.0,8.0
314,2,3,RPP,2,1,0.8148148148148148,27,0.6666666666666666,3,1.0,1,0.5,2,0.5,2,0.5,1.0,0.5,4.0
314,3,5,RPP,3,1,0.8,45,0.8,5,1.0,2,1.0,3,0.6666666666666666,3,1.5,0.6666666666666666,-0.8333333333333334,6.0
314,4,4,RPP,4,1,0.9444444444444444,36,1.0,4,1.0,2,1.0,2,1.0,2,,,,
314,5,3,RPP,5,2,1.0,27,1.0,3,1.0,3,,0,,0,,,,
314,6,5,RPP,6,2,0.6888888888888889,45,0.4,5,1.0,1,1.0,4,0.25,4,0.7,1.1,0.4,10.0
314,7,2,RPP,7,2,0.9444444444444444,18,1.0,2,1.0,1,1.0,1,1.0,1,,,,
314,8,3,RPP,8,3,0.9259259259259259,27,1.0,3,1.0,1,1.0,2,1.0,2,,,,
314,9,5,RPP,9,3,0.7333333333333333,45,0.4,5,,0,0.8,5,0.4,5,0.8571428571428571,0.8571428571428571,0.0,7.0
314,10,4,RPP,10,2,0.8055555555555556,36,0.5,4,1.0,1,0.6666666666666666,3,0.3333333333333333,3,0.5,1.0,0.5,4.0
316,1,2,RPP,1,1,0.9444444444444444,18,1.0,2,1.0,1,1.0,1,1.0,1,,,,
316,2,3,RPP,2,1,0.8888888888888888,27,0.6666666666666666,3,1.0,2,1.0,1,0.0,1,0.0,0.5,0.5,2.0
316,3,4,RPP,3,1,1.0,36,1.0,4,1.0,4,,0,,0,0.0,0.0,0.0,1.0
316,4,5,RPP,4,1,0.8222222222222222,45,0.6,5,1.0,3,0.5,2,0.0,2,0.8888888888888888,0.2222222222222222,-0.6666666666666666,9.0
316,5,3,RPP,5,2,0.9259259259259259,27,1.0,3,1.0,1,1.0,2,1.0,2,,,,
316,6,5,RPP,6,2,0.9555555555555556,45,1.0,5,1.0,4,1.0,1,1.0,1,0.0,1.0,1.0,1.0
316,7,2,RPP,7,2,0.8333333333333334,18,0.5,2,,0,1.0,2,0.5,2,0.0,1.0,1.0,1.0
316,8,3,RPP,8,3,0.9629629629629629,27,1.0,3,1.0,2,1.0,1,1.0,1,,,,
316,9,4,RPP,9,2,0.8333333333333334,36,0.5,4,1.0,1,1.0,3,0.3333333333333333,3,0.3333333333333333,1.0,0.6666666666666666,3.0
316,10,5,RPP,10,3,0.8444444444444444,45,0.6,5,1.0,1,1.0,4,0.5,4,0.3333333333333333,0.6666666666666666,0.3333333333333333,3.0
317,1,2,Age>25,1,1,0.7777777777777778,18,0.5,2,,0,0.5,2,0.5,2,1.0,0.0,-1.0,2.0
317,2,3,Age>25,2,1,0.5925925925925926,27,0.0,3,,0,1.0,3,0.0,3,1.125,1.0,-0.125,8.0
317,3,4,Age>25,3,1,0.7222222222222222,36,0.25,4,,0,0.5,4,0.25,4,1.1666666666666667,0.5,-0.6666666666666666,6.0
317,4,5,Age>25,4,1,0.7555555555555555,45,0.6,5,,0,1.0,5,0.6,5,0.5714285714285714,1.0,0.42857142857142855,7.0
317,5,3,Age>25,5,2,0.9629629629629629,27,1.0,3,1.0,2,1.0,1,1.0,1,,,,
317,6,5,Age>25,6,2,0.6888888888888889,45,0.6,5,,0,0.8,5,0.6,5,1.4444444444444444,1.5555555555555556,0.1111111111111111,9.0
317,7,2,Age>25,7,2,0.9444444444444444,18,1.0,2,1.0,1,1.0,1,1.0,1,0.0,1.0,1.0,1.0
317,8,3,Age>25,8,3,0.8518518518518519,27,1.0,3,,0,1.0,3,1.0,3,1.0,0.0,-1.0,1.0
317,9,4,Age>25,9,2,0.6666666666666666,36,0.5,4,,0,0.75,4,0.5,4,1.4444444444444444,0.8888888888888888,-0.5555555555555556,9.0
317,10,5,Age>25,10,3,0.8,45,0.6,5,1.0,2,0.6666666666666666,3,0.3333333333333333,3,1.0,1.0,0.0,6.0
318,1,2,Age>25,1,1,0.8888888888888888,18,1.0,2,1.0,1,1.0,1,1.0,1,0.0,1.0,1.0,1.0
318,2,4,Age>25,2,1,0.75,36,0.75,4,1.0,1,1.0,3,0.6666666666666666,3,0.3333333333333333,0.8333333333333334,0.5,6.0
318,3,3,Age>25,3,1,0.8148148148148148,27,0.3333333333333333,3,1.0,1,0.5,2,0.0,2,0.3333333333333333,1.0,0.6666666666666666,3.0
318,4,5,Age>25,4,1,0.5111111111111111,45,0.2,5,,0,1.0,5,0.2,5,1.2352941176470589,1.588235294117647,0.35294117647058826,17.0
318,5,3,Age>25,5,2,0.8888888888888888,27,0.6666666666666666,3,0.0,1,1.0,2,1.0,2,0.0,0.0,0.0,1.0
318,6,5,Age>25,6,2,0.7777777777777778,45,0.8,5,0.5,2,1.0,3,1.0,3,1.0,0.6666666666666666,-0.3333333333333333,9.0
318,7,2,Age>25,7,2,0.8888888888888888,18,1.0,2,1.0,1,1.0,1,1.0,1,0.0,0.0,0.0,1.0
318,8,4,Age>25,8,2,0.8611111111111112,36,1.0,4,1.0,1,1.0,3,1.0,3,0.6666666666666666,0.6666666666666666,0.0,3.0
318,9,3,Age>25,9,3,0.9629629629629629,27,1.0,3,1.0,2,1.0,1,1.0,1,1.0,0.0,-1.0,1.0
318,10,5,Age>25,10,3,0.4666666666666667,45,0.0,5,,0,0.4,5,0.0,5,2.3157894736842106,0.7894736842105263,-1.5263157894736843,19.0
319,1,2,RPP,1,1,0.8888888888888888,18,1.0,2,1.0,2,,0,,0,1.0,0.0,-1.0,3.0
319,2,3,RPP,2,1,0.7777777777777778,27,0.6666666666666666,3,,0,0.6666666666666666,3,0.6666666666666666,3,0.75,1.0,0.25,4.0
319,3,4,RPP,3,1,0.7222222222222222,36,0.75,4,1.0,1,1.0,3,0.6666666666666666,3,1.1111111111111112,0.5555555555555556,-0.5555555555555556,9.0
319,4,5,RPP,4,1,0.6222222222222222,45,0.6,5,1.0,2,1.0,3,0.3333333333333333,3,2.789473684210526,2.1578947368421053,-0.631578947368421,19.0
319,5,3,RPP,5,2,0.8888888888888888,27,0.6666666666666666,3,1.0,1,1.0,2,0.5,2,0.0,1.0,1.0,1.0
319,6,5,RPP,6,2,0.8888888888888888,45,0.8,5,1.0,1,1.0,4,0.75,4,0.0,1.0,1.0,1.0
319,7,2,RPP,7,2,0.9444444444444444,18,1.0,2,1.0,1,1.0,1,1.0,1,,,,
319,8,3,RPP,8,3,0.8148148148148148,27,0.3333333333333333,3,1.0,1,0.5,2,0.0,2,1.0,0.3333333333333333,-0.6666666666666666,3.0
319,9,4,RPP,9,2,0.7222222222222222,36,0.75,4,1.0,2,1.0,2,0.5,2,0.75,1.0,0.25,8.0
319,10,5,RPP,10,3,0.8666666666666667,45,0.6,5,1.0,2,1.0,3,0.3333333333333333,3,0.3333333333333333,1.0,0.6666666666666666,3.0
320,1,2,Age>25,1,1,1.0,18,1.0,2,1.0,2,,0,,0,,,,
320,2,3,Age>25,2,1,0.8518518518518519,27,0.6666666666666666,3,1.0,2,0.0,1,0.0,1,0.3333333333333333,0.6666666666666666,0.3333333333333333,3.0
320,3,4,Age>25,3,1,0.8333333333333334,36,0.5,4,,0,0.5,4,0.5,4,1.0,0.0,-1.0,2.0
320,4,5,Age>25,4,1,0.8222222222222222,45,0.6,5,1.0,2,0.6666666666666666,3,0.3333333333333333,3,0.4,1.2,0.8,5.0
320,5,3,Age>25,5,2,0.8888888888888888,27,0.6666666666666666,3,1.0,1,1.0,2,0.5,2,0.0,1.0,1.0,1.0
320,6,5,Age>25,6,2,0.8222222222222222,45,0.6,5,1.0,1,1.0,4,0.5,4,0.6,1.0,0.4,5.0
320,7,2,Age>25,7,2,0.8888888888888888,18,0.5,2,1.0,1,1.0,1,0.0,1,0.0,1.0,1.0,1.0
320,8,3,Age>25,8,3,0.9259259259259259,27,1.0,3,1.0,1,1.0,2,1.0,2,,,,
320,9,4,Age>25,9,2,0.8611111111111112,36,0.5,4,1.0,1,1.0,3,0.3333333333333333,3,0.0,1.0,1.0,2.0
320,10,5,Age>25,10,3,0.9111111111111111,45,0.8,5,1.0,2,1.0,3,0.6666666666666666,3,0.0,1.0,1.0,1.0
321,1,2,Age>25,1,1,0.7777777777777778,18,0.0,2,,0,1.0,2,0.0,2,0.3333333333333333,1.0,0.6666666666666666,3.0
321,2,3,Age>25,2,1,0.7777777777777778,27,0.6666666666666666,3,1.0,2,1.0,1,0.0,1,1.2,1.8,0.6,5.0
321,3,4,Age>25,3,1,0.7777777777777778,36,0.5,4,1.0,1,0.6666666666666666,3,0.3333333333333333,3,0.6666666666666666,0.5,-0.16666666666666666,6.0
321,4,5,Age>25,4,1,0.4772727272727273,44,0.6,5,0.5,2,0.6666666666666666,3,0.6666666666666666,3,1.9583333333333333,1.4583333333333333,-0.5,24.0
321,5,3,Age>25,5,2,0.8148148148148148,27,1.0,3,1.0,3,,0,,0,1.1666666666666667,0.0,-1.1666666666666667,6.0
321,6,5,Age>25,6,2,0.4888888888888889,45,0.4,5,1.0,1,0.5,4,0.25,4,1.9166666666666667,1.3333333333333333,-0.5833333333333334,24.0
321,7,2,Age>25,7,2,0.6666666666666666,18,0.0,2,,0,1.0,2,0.0,2,0.5,1.0,0.5,4.0
321,8,3,Age>25,8,3,0.8518518518518519,27,1.0,3,1.0,1,1.0,2,1.0,2,0.0,0.5,0.5,2.0
321,9,4,Age>25,9,2,0.4,35,0.5,4,1.0,1,0.6666666666666666,3,0.3333333333333333,3,1.84,1.6,-0.24,25.0
321,10,5,Age>25,10,3,0.6888888888888889,45,0.4,5,1.0,1,0.75,4,0.25,4,1.7,0.9,-0.8,10.0
322,1,2,RPP,1,1,0.7777777777777778,18,0.5,2,,0,1.0,2,0.5,2,0.6666666666666666,1.3333333333333333,0.6666666666666666,3.0
322,2,3,RPP,2,1,0.5925925925925926,27,0.0,3,0.0,2,1.0,1,0.0,1,0.8,1.1,0.3,10.0
322,3,5,RPP,3,1,0.6222222222222222,45,0.4,5,1.0,1,0.25,4,0.25,4,1.5,1.3125,-0.1875,16.0
322,4,4,RPP,4,1,0.7222222222222222,36,0.75,4,1.0,1,0.6666666666666666,3,0.6666666666666666,3,1.2857142857142858,0.5714285714285714,-0.7142857142857143,7.0
322,5,3,RPP,5,2,0.8888888888888888,27,1.0,3,1.0,1,1.0,2,1.0,2,0.0,0.5,0.5,2.0
322,6,5,RPP,6,2,0.4888888888888889,45,0.0,5,0.0,2,0.3333333333333333,3,0.0,3,1.6363636363636365,1.0,-0.6363636363636364,22.0
322,7,2,RPP,7,2,0.9444444444444444,18,1.0,2,1.0,2,,0,,0,0.0,0.0,0.0,1.0
322,8,3,RPP,8,3,0.8888888888888888,27,1.0,3,1.0,1,1.0,2,1.0,2,1.0,0.0,-1.0,1.0
322,9,5,RPP,9,3,0.5777777777777777,45,0.6,5,1.0,1,1.0,4,0.5,4,2.1176470588235294,1.588235294117647,-0.5294117647058824,17.0
322,10,4,RPP,10,2,0.8333333333333334,36,0.75,4,0.6666666666666666,3,1.0,1,1.0,1,0.6666666666666666,1.0,0.3333333333333333,6.0
323,1,2,RPP,1,1,0.6111111111111112,18,0.0,2,,0,0.5,2,0.0,2,1.1666666666666667,1.0,-0.16666666666666666,6.0
323,2,3,RPP,2,1,0.7407407407407407,27,0.3333333333333333,3,0.0,1,1.0,2,0.5,2,0.6666666666666666,0.8333333333333334,0.16666666666666666,6.0
323,3,5,RPP,3,1,0.6222222222222222,45,0.4,5,0.5,2,0.6666666666666666,3,0.3333333333333333,3,1.2352941176470589,1.1764705882352942,-0.058823529411764705,17.0
323,4,4,RPP,4,1,0.75,36,0.5,4,1.0,1,0.6666666666666666,3,0.3333333333333333,3,1.6666666666666667,1.0,-0.6666666666666666,6.0
323,5,3,RPP,5,2,0.9629629629629629,27,1.0,3,1.0,3,,0,,0,0.0,0.5,0.5,2.0
323,6,5,RPP,6,2,0.5333333333333333,45,0.2,5,,0,0.4,5,0.2,5,1.7619047619047619,0.9047619047619048,-0.8571428571428571,21.0
323,7,2,RPP,7,2,0.6666666666666666,18,0.5,2,,0,1.0,2,0.5,2,0.75,1.0,0.25,4.0
323,8,3,RPP,8,3,0.8888888888888888,27,1.0,3,1.0,2,1.0,1,1.0,1,1.0,1.5,0.5,4.0
323,9,5,RPP,9,3,0.6222222222222222,45,0.8,5,0.75,4,1.0,1,1.0,1,1.6666666666666667,0.9583333333333334,-0.7083333333333334,24.0
323,10,4,RPP,10,2,0.8055555555555556,36,0.5,4,0.6666666666666666,3,0.0,1,0.0,1,1.0,0.8333333333333334,-0.16666666666666666,6.0
325,1,2,RPP,1,1,0.8888888888888888,18,1.0,2,1.0,2,,0,,0,0.5,0.0,-0.5,2.0
325,2,3,RPP,2,1,0.8148148148148148,27,0.6666666666666666,3,1.0,1,1.0,2,0.5,2,0.6666666666666666,1.3333333333333333,0.6666666666666666,3.0
325,3,4,RPP,3,1,0.9444444444444444,36,1.0,4,1.0,2,1.0,2,1.0,2,,,,
325,4,5,RPP,4,1,0.7777777777777778,45,0.6,5,1.0,2,0.3333333333333333,3,0.3333333333333333,3,1.0,0.75,-0.25,8.0
325,5,3,RPP,5,2,0.8518518518518519,27,0.6666666666666666,3,1.0,1,1.0,2,0.5,2,0.0,0.5,0.5,2.0
325,6,5,RPP,6,2,0.6888888888888889,45,0.2,5,,0,0.6,5,0.2,5,1.0,0.7777777777777778,-0.2222222222222222,9.0
325,7,2,RPP,7,2,0.9444444444444444,18,1.0,2,1.0,1,1.0,1,1.0,1,,,,
325,8,3,RPP,8,3,0.9259259259259259,27,1.0,3,1.0,2,1.0,1,1.0,1,0.0,0.0,0.0,1.0
325,9,4,RPP,9,2,0.75,36,0.5,4,1.0,1,0.3333333333333333,3,0.3333333333333333,3,1.7142857142857142,0.5714285714285714,-1.1428571428571428,7.0
325,10,5,RPP,10,3,0.8666666666666667,45,1.0,5,1.0,2,1.0,3,1.0,3,0.6666666666666666,0.0,-0.6666666666666666,3.0
326,1,2,Age>25,1,1,0.7222222222222222,18,0.5,2,,0,1.0,2,0.5,2,0.6666666666666666,0.6666666666666666,0.0,3.0
326,2,3,Age>25,2,1,0.6666666666666666,27,0.0,3,,0,0.6666666666666666,3,0.0,3,0.8571428571428571,1.0,0.14285714285714285,7.0
326,3,4,Age>25,3,1,0.8055555555555556,36,0.5,4,1.0,1,1.0,3,0.3333333333333333,3,0.6,0.8,0.2,5.0
326,4,5,Age>25,4,1,0.5333333333333333,45,0.8,5,1.0,1,0.75,4,0.75,4,1.4705882352941178,1.5294117647058822,0.058823529411764705,17.0
326,5,3,Age>25,5,2,0.8888888888888888,27,0.6666666666666666,3,1.0,1,0.5,2,0.5,2,1.0,0.0,-1.0,1.0
326,6,5,Age>25,6,2,0.8,45,0.8,5,1.0,2,1.0,3,0.6666666666666666,3,1.0,1.2857142857142858,0.2857142857142857,7.0
326,7,2,Age>25,7,2,0.8888888888888888,18,1.0,2,,0,1.0,2,1.0,2,,,,
326,8,3,Age>25,8,3,0.9259259259259259,27,1.0,3,1.0,1,1.0,2,1.0,2,,,,
326,9,4,Age>25,9,2,0.6944444444444444,36,0.5,4,1.0,1,0.6666666666666666,3,0.3333333333333333,3,1.125,1.5,0.375,8.0
326,10,5,Age>25,10,3,0.8444444444444444,45,0.4,5,0.6666666666666666,3,0.0,2,0.0,2,0.8,0.4,-0.4,5.0
328,1,2,RPP,1,1,0.9444444444444444,18,1.0,2,1.0,1,1.0,1,1.0,1,,,,
328,2,4,RPP,2,1,0.8333333333333334,36,0.5,4,,0,0.75,4,0.5,4,0.5,0.5,0.0,2.0
328,3,3,RPP,3,1,0.8148148148148148,27,0.3333333333333333,3,,0,1.0,3,0.3333333333333333,3,0.0,1.0,1.0,2.0
328,4,5,RPP,4,1,0.9111111111111111,45,0.8,5,1.0,2,1.0,3,0.6666666666666666,3,0.0,1.0,1.0,1.0
328,5,3,RPP,5,2,0.8888888888888888,27,0.6666666666666666,3,1.0,1,1.0,2,0.5,2,0.0,1.0,1.0,1.0
328,6,5,RPP,6,2,0.8444444444444444,45,0.6,5,1.0,1,1.0,4,0.5,4,0.3333333333333333,1.0,0.6666666666666666,3.0
328,7,2,RPP,7,2,0.8333333333333334,18,0.5,2,,0,1.0,2,0.5,2,0.0,1.0,1.0,1.0
328,8,4,RPP,8,2,0.8888888888888888,36,0.75,4,1.0,1,1.0,3,0.6666666666666666,3,0.0,1.0,1.0,1.0
328,9,3,RPP,9,3,1.0,27,1.0,3,1.0,3,,0,,0,,,,
328,10,5,RPP,10,3,0.8888888888888888,45,0.6,5,1.0,2,1.0,3,0.3333333333333333,3,0.0,1.0,1.0,2.0
329,1,2,Age>25,1,1,1.0,18,1.0,2,1.0,2,,0,,0,,,,
329,2,3,Age>25,2,1,0.4444444444444444,27,0.3333333333333333,3,,0,1.0,3,0.3333333333333333,3,1.1666666666666667,1.6666666666666667,0.5,12.0
329,3,4,Age>25,3,1,0.8888888888888888,36,0.75,4,1.0,1,1.0,3,0.6666666666666666,3,0.5,0.5,0.0,2.0
329,4,5,Age>25,4,1,0.9111111111111111,45,0.8,5,1.0,3,1.0,2,0.5,2,0.0,0.6666666666666666,0.6666666666666666,3.0
329,5,3,Age>25,5,2,0.9259259259259259,27,1.0,3,1.0,1,1.0,2,1.0,2,,,,
329,6,5,Age>25,6,2,0.8888888888888888,45,0.6,5,1.0,2,1.0,3,0.3333333333333333,3,0.0,1.0,1.0,2.0
329,7,2,Age>25,7,2,0.8888888888888888,18,1.0,2,,0,1.0,2,1.0,2,,,,
329,8,3,Age>25,8,3,0.9259259259259259,27,1.0,3,1.0,1,1.0,2,1.0,2,,,,
329,9,4,Age>25,9,2,0.9166666666666666,36,0.75,4,1.0,2,1.0,2,0.5,2,0.0,1.0,1.0,1.0
329,10,5,Age>25,10,3,0.8222222222222222,45,0.6,5,1.0,1,1.0,4,0.5,4,0.0,0.75,0.75,4.0
330,1,2,RPP,1,1,0.8888888888888888,18,1.0,2,,0,1.0,2,1.0,2,,,,
330,2,3,RPP,2,1,0.8518518518518519,27,0.6666666666666666,3,,0,1.0,3,0.6666666666666666,3,0.0,1.0,1.0,1.0
330,3,4,RPP,3,1,0.7777777777777778,36,0.5,4,0.5,2,1.0,2,0.5,2,0.16666666666666666,0.6666666666666666,0.5,6.0
330,4,5,RPP,4,1,0.8,45,0.4,5,0.5,2,0.3333333333333333,3,0.3333333333333333,3,0.8333333333333334,1.0,0.16666666666666666,6.0
330,5,3,RPP,5,2,0.8518518518518519,27,0.6666666666666666,3,1.0,1,1.0,2,0.5,2,0.5,1.0,0.5,2.0
330,6,5,RPP,6,2,0.8444444444444444,45,0.4,5,1.0,1,1.0,4,0.25,4,0.0,1.0,1.0,3.0
330,7,2,RPP,7,2,1.0,18,1.0,2,1.0,2,,0,,0,,,,
330,8,3,RPP,8,3,0.9259259259259259,27,1.0,3,1.0,2,1.0,1,1.0,1,0.0,0.0,0.0,1.0
330,9,4,RPP,9,2,0.8888888888888888,36,0.75,4,1.0,1,1.0,3,0.6666666666666666,3,0.0,0.5,0.5,2.0
330,10,5,RPP,10,3,0.8888888888888888,45,0.6,5,1.0,2,1.0,3,0.3333333333333333,3,0.0,1.0,1.0,2.0
331,1,2,RPP,1,1,0.8888888888888888,18,1.0,2,1.0,1,1.0,1,1.0,1,0.0,0.0,0.0,1.0
331,2,3,RPP,2,1,0.7037037037037037,27,0.3333333333333333,3,0.0,1,1.0,2,0.5,2,1.2857142857142858,1.7142857142857142,0.42857142857142855,7.0
331,3,4,RPP,3,1,0.8333333333333334,36,0.5,4,0.5,4,,0,,0,1.4285714285714286,0.14285714285714285,-1.2857142857142858,7.0
331,4,5,RPP,4,1,0.8666666666666667,45,0.6,5,1.0,2,1.0,3,0.3333333333333333,3,0.2,0.8,0.6,5.0
331,5,3,RPP,5,2,0.8888888888888888,27,1.0,3,1.0,1,1.0,2,1.0,2,0.5,1.0,0.5,2.0
331,6,5,RPP,6,2,0.8888888888888888,45,0.8,5,0.6666666666666666,3,1.0,2,1.0,2,0.25,0.5,0.25,4.0
331,7,2,RPP,7,2,0.6470588235294118,17,0.0,2,,0,1.0,1,0.0,1,1.1666666666666667,0.6666666666666666,-0.5,6.0
331,8,3,RPP,8,3,0.8518518518518519,27,1.0,3,1.0,2,1.0,1,1.0,1,1.5,0.0,-1.5,4.0
331,9,4,RPP,9,2,0.6571428571428571,35,0.75,4,1.0,1,1.0,3,0.6666666666666666,3,1.0,1.5,0.5,10.0
331,10,5,RPP,10,3,0.7777777777777778,45,0.6,5,0.6666666666666666,3,1.0,2,0.5,2,0.7777777777777778,0.5555555555555556,-0.2222222222222222,9.0
332,1,2,Age>25,1,1,0.6666666666666666,18,0.0,2,,0,1.0,2,0.0,2,0.75,1.0,0.25,4.0
332,2,3,Age>25,2,1,0.7037037037037037,27,0.3333333333333333,3,,0,1.0,3,0.3333333333333333,3,0.8333333333333334,1.3333333333333333,0.5,6.0
332,3,5,Age>25,3,1,0.8666666666666667,45,0.8,5,1.0,2,1.0,3,0.6666666666666666,3,0.6666666666666666,0.6666666666666666,0.0,3.0
332,4,4,Age>25,4,1,0.8888888888888888,36,0.75,4,1.0,1,1.0,3,0.6666666666666666,3,0.0,1.0,1.0,1.0
332,5,3,Age>25,5,2,0.8888888888888888,27,0.6666666666666666,3,1.0,1,1.0,2,0.5,2,0.0,1.0,1.0,1.0
332,6,5,Age>25,6,2,0.8444444444444444,45,0.4,5,1.0,2,0.6666666666666666,3,0.0,3,0.5,0.75,0.25,4.0
332,7,2,Age>25,7,2,0.7777777777777778,18,0.0,2,,0,1.0,2,0.0,2,0.0,1.0,1.0,2.0
332,8,3,Age>25,8,3,0.9629629629629629,27,1.0,3,1.0,2,1.0,1,1.0,1,,,,
332,9,5,Age>25,9,3,0.7777777777777778,45,0.4,5,1.0,1,1.0,4,0.25,4,0.3333333333333333,1.0,0.6666666666666666,6.0
332,10,4,Age>25,10,2,0.8888888888888888,36,0.5,4,1.0,2,1.0,2,0.0,2,0.0,1.0,1.0,2.0
333,1,2,Age>25,1,1,0.9444444444444444,18,1.0,2,1.0,1,1.0,1,1.0,1,,,,
333,2,3,Age>25,2,1,0.8518518518518519,27,1.0,3,,0,1.0,3,1.0,3,2.0,0.0,-2.0,3.0
333,3,5,Age>25,3,1,0.8222222222222222,45,0.6,5,1.0,1,1.0,4,0.5,4,0.25,1.0,0.75,4.0
333,4,4,Age>25,4,1,0.7222222222222222,36,0.25,4,0.3333333333333333,3,1.0,1,0.0,1,0.8888888888888888,0.8888888888888888,0.0,9.0
333,5,3,Age>25,5,2,1.0,27,1.0,3,1.0,3,,0,,0,0.0,0.0,0.0,1.0
333,6,5,Age>25,6,2,0.9111111111111111,45,0.6,5,1.0,3,1.0,2,0.0,2,0.0,1.0,1.0,2.0
333,7,2,Age>25,7,2,0.7777777777777778,18,0.5,2,,0,1.0,2,0.5,2,0.5,0.5,0.0,2.0
333,8,3,Age>25,8,3,0.9259259259259259,27,1.0,3,1.0,2,1.0,1,1.0,1,0.0,0.0,0.0,1.0
333,9,5,Age>25,9,3,0.8,45,0.6,5,1.0,1,0.75,4,0.5,4,1.1666666666666667,1.5,0.3333333333333333,6.0
333,10,4,Age>25,10,2,0.8055555555555556,36,0.5,4,1.0,1,1.0,3,0.3333333333333333,3,0.8,0.8,0.0,5.0
334,1,2,Age>25,1,1,1.0,18,1.0,2,1.0,2,,0,,0,,,,
334,2,3,Age>25,2,1,0.9259259259259259,27,1.0,3,1.0,1,1.0,2,1.0,2,,,,
334,3,5,Age>25,3,1,0.4666666666666667,45,0.8,5,1.0,1,1.0,4,0.75,4,1.9130434782608696,1.6521739130434783,-0.2608695652173913,23.0
334,4,4,Age>25,4,1,0.7777777777777778,36,0.75,4,1.0,1,1.0,3,0.6666666666666666,3,0.4,1.0,0.6,5.0
334,5,3,Age>25,5,2,0.8518518518518519,27,0.6666666666666666,3,1.0,1,0.5,2,0.5,2,1.5,0.0,-1.5,2.0
334,6,5,Age>25,6,2,0.6444444444444445,45,0.6,5,,0,0.8,5,0.6,5,1.5,1.5833333333333333,0.08333333333333333,12.0
334,7,2,Age>25,7,2,0.6111111111111112,18,0.0,2,,0,0.5,2,0.0,2,0.8,1.0,0.2,5.0
334,8,3,Age>25,8,3,0.7777777777777778,27,0.6666666666666666,3,1.0,1,1.0,2,0.5,2,1.0,1.5,0.5,4.0
334,9,5,Age>25,9,3,0.8666666666666667,45,0.6,5,0.6666666666666666,3,1.0,2,0.5,2,0.25,0.75,0.5,4.0
334,10,4,Age>25,10,2,0.75,36,0.0,4,0.0,1,0.6666666666666666,3,0.0,3,0.6666666666666666,0.5,-0.16666666666666666,6.0
335,1,2,RPP,1,1,0.8888888888888888,18,1.0,2,,0,1.0,2,1.0,2,,,,
335,2,3,RPP,2,1,0.7777777777777778,27,0.3333333333333333,3,1.0,1,1.0,2,0.0,2,0.5,1.0,0.5,4.0
335,3,4,RPP,3,1,0.75,36,0.5,4,1.0,1,1.0,3,0.3333333333333333,3,0.5,1.1666666666666667,0.6666666666666666,6.0
335,4,5,RPP,4,1,0.8222222222222222,45,0.6,5,1.0,1,1.0,4,0.5,4,0.25,1.0,0.75,4.0
335,5,3,RPP,5,2,0.8888888888888888,27,0.6666666666666666,3,1.0,1,1.0,2,0.5,2,0.0,1.0,1.0,2.0
335,6,5,RPP,6,2,0.8888888888888888,45,0.8,5,1.0,2,1.0,3,0.6666666666666666,3,0.0,1.0,1.0,2.0
335,7,2,RPP,7,2,0.8333333333333334,18,0.5,2,,0,1.0,2,0.5,2,0.0,1.0,1.0,1.0
335,8,3,RPP,8,3,0.8888888888888888,27,1.0,3,1.0,1,1.0,2,1.0,2,1.0,0.0,-1.0,1.0
335,9,4,RPP,9,2,0.8888888888888888,36,0.75,4,1.0,1,1.0,3,0.6666666666666666,3,0.0,1.0,1.0,1.0
335,10,5,RPP,10,3,0.8666666666666667,45,0.6,5,1.0,2,1.0,3,0.3333333333333333,3,0.0,0.6666666666666666,0.6666666666666666,3.0
337,1,2,Age>25,1,1,0.8333333333333334,18,1.0,2,,0,1.0,2,1.0,2,0.0,1.0,1.0,1.0
337,2,3,Age>25,2,1,0.8518518518518519,27,0.6666666666666666,3,0.5,2,1.0,1,1.0,1,0.3333333333333333,0.6666666666666666,0.3333333333333333,3.0
337,3,4,Age>25,3,1,0.6944444444444444,36,0.25,4,,0,0.5,4,0.25,4,1.0,0.7142857142857143,-0.2857142857142857,7.0
337,4,5,Age>25,4,1,0.8666666666666667,45,0.6,5,1.0,2,1.0,3,0.3333333333333333,3,0.3333333333333333,1.0,0.6666666666666666,3.0
337,5,3,Age>25,5,2,0.8888888888888888,27,1.0,3,1.0,1,1.0,2,1.0,2,1.0,0.0,-1.0,2.0
337,6,5,Age>25,6,2,0.7777777777777778,45,0.4,5,1.0,1,1.0,4,0.25,4,0.5,1.1666666666666667,0.6666666666666666,6.0
337,7,2,Age>25,7,2,0.8333333333333334,18,0.5,2,,0,1.0,2,0.5,2,0.0,1.0,1.0,1.0
337,8,3,Age>25,8,3,0.8888888888888888,27,0.6666666666666666,3,1.0,1,1.0,2,0.5,2,0.0,1.0,1.0,1.0
337,9,4,Age>25,9,2,0.9444444444444444,36,1.0,4,1.0,2,1.0,2,1.0,2,,,,
337,10,5,Age>25,10,3,0.9111111111111111,45,1.0,5,1.0,2,1.0,3,1.0,3,1.0,0.0,-1.0,1.0
338,1,2,RPP,1,1,0.7777777777777778,18,0.5,2,,0,0.5,2,0.5,2,0.5,1.0,0.5,2.0
338,2,4,RPP,2,1,0.8055555555555556,36,0.5,4,1.0,1,0.6666666666666666,3,0.3333333333333333,3,0.5,0.75,0.25,4.0
338,3,3,RPP,3,1,0.8888888888888888,27,0.6666666666666666,3,0.0,1,1.0,2,1.0,2,0.3333333333333333,0.6666666666666666,0.3333333333333333,3.0
338,4,5,RPP,4,1,0.5777777777777777,45,0.4,5,1.0,1,1.0,4,0.25,4,1.375,1.3125,-0.0625,16.0
338,5,3,RPP,5,2,0.8888888888888888,27,0.6666666666666666,3,1.0,1,1.0,2,0.5,2,0.0,1.0,1.0,1.0
338,6,5,RPP,6,2,0.8666666666666667,45,0.8,5,1.0,2,0.6666666666666666,3,0.6666666666666666,3,0.3333333333333333,0.6666666666666666,0.3333333333333333,3.0
338,7,2,RPP,7,2,0.9444444444444444,18,1.0,2,1.0,1,1.0,1,1.0,1,,,,
338,8,4,RPP,8,2,0.8611111111111112,36,0.75,4,1.0,2,1.0,2,0.5,2,0.3333333333333333,1.0,0.6666666666666666,3.0
338,9,3,RPP,9,3,0.8888888888888888,27,0.6666666666666666,3,1.0,1,1.0,2,0.5,2,0.0,1.0,1.0,1.0
338,10,5,RPP,10,3,0.8666666666666667,45,0.4,5,1.0,2,0.6666666666666666,3,0.0,3,0.5,0.75,0.25,4.0
339,1,2,Age>25,1,1,0.8333333333333334,18,0.5,2,1.0,1,1.0,1,0.0,1,0.0,0.5,0.5,2.0
339,2,3,Age>25,2,1,0.8148148148148148,27,0.6666666666666666,3,,0,1.0,3,0.6666666666666666,3,0.5,1.0,0.5,2.0
339,3,4,Age>25,3,1,0.8611111111111112,36,0.75,4,1.0,1,1.0,3,0.6666666666666666,3,0.3333333333333333,1.0,0.6666666666666666,3.0
339,4,5,Age>25,4,1,0.8444444444444444,45,0.6,5,1.0,1,1.0,4,0.5,4,0.0,0.6666666666666666,0.6666666666666666,3.0
339,5,3,Age>25,5,2,0.8888888888888888,27,0.6666666666666666,3,1.0,1,1.0,2,0.5,2,0.0,1.0,1.0,2.0
339,6,5,Age>25,6,2,0.8888888888888888,45,0.8,5,1.0,2,1.0,3,0.6666666666666666,3,0.0,1.0,1.0,2.0
339,7,2,Age>25,7,2,0.8333333333333334,18,0.5,2,,0,1.0,2,0.5,2,0.0,1.0,1.0,1.0
339,8,3,Age>25,8,3,0.8888888888888888,27,0.6666666666666666,3,1.0,1,1.0,2,0.5,2,0.0,1.0,1.0,1.0
339,9,4,Age>25,9,2,0.8888888888888888,36,0.75,4,1.0,1,1.0,3,0.6666666666666666,3,0.0,1.0,1.0,1.0
339,10,5,Age>25,10,3,0.8888888888888888,45,0.6,5,1.0,2,1.0,3,0.3333333333333333,3,0.0,1.0,1.0,2.0
342,1,2,Age>25,1,1,0.8235294117647058,17,0.5,2,,0,1.0,1,1.0,1,0.0,0.6666666666666666,0.6666666666666666,3.0
342,2,3,Age>25,2,1,0.8148148148148148,27,0.6666666666666666,3,,0,1.0,3,0.6666666666666666,3,0.5,0.5,0.0,2.0
342,3,5,Age>25,3,1,0.8888888888888888,45,0.8,5,1.0,2,1.0,3,0.6666666666666666,3,1.0,0.3333333333333333,-0.6666666666666666,3.0
342,4,4,Age>25,4,1,0.8055555555555556,36,0.75,4,1.0,2,1.0,2,0.5,2,1.0,0.8333333333333334,-0.16666666666666666,6.0
342,5,3,Age>25,5,2,0.8148148148148148,27,0.0,3,0.0,1,1.0,2,0.0,2,0.0,0.6666666666666666,0.6666666666666666,3.0
342,6,5,Age>25,6,2,0.8444444444444444,45,0.6,5,1.0,1,1.0,4,0.5,4,0.3333333333333333,1.0,0.6666666666666666,3.0
342,7,2,Age>25,7,2,0.9444444444444444,18,1.0,2,1.0,1,1.0,1,1.0,1,,,,
342,8,3,Age>25,8,3,0.9629629629629629,27,1.0,3,1.0,2,1.0,1,1.0,1,,,,
342,9,5,Age>25,9,3,0.7333333333333333,45,0.4,5,0.5,2,1.0,3,0.3333333333333333,3,0.9,0.8,-0.1,10.0
342,10,4,Age>25,10,2,0.8611111111111112,36,0.75,4,1.0,1,0.6666666666666666,3,0.6666666666666666,3,0.5,1.0,0.5,2.0
343,1,2,RPP,1,1,0.7222222222222222,18,0.0,2,,0,0.5,2,0.0,2,0.6666666666666666,0.6666666666666666,0.0,3.0
343,2,3,RPP,2,1,0.6666666666666666,27,0.3333333333333333,3,,0,0.3333333333333333,3,0.3333333333333333,3,0.8333333333333334,0.8333333333333334,0.0,6.0
343,3,5,RPP,3,1,0.8444444444444444,45,0.6,5,0.75,4,0.0,1,0.0,1,1.0,0.2857142857142857,-0.7142857142857143,7.0
343,4,4,RPP,4,1,0.8611111111111112,36,0.75,4,1.0,1,0.6666666666666666,3,0.6666666666666666,3,0.5,0.5,0.0,2.0
343,5,3,RPP,5,2,0.8888888888888888,27,0.6666666666666666,3,1.0,1,1.0,2,0.5,2,0.0,1.0,1.0,2.0
343,6,5,RPP,6,2,0.8666666666666667,45,0.8,5,1.0,2,1.0,3,0.6666666666666666,3,0.6666666666666666,0.6666666666666666,0.0,3.0
343,7,2,RPP,7,2,0.8888888888888888,18,1.0,2,,0,1.0,2,1.0,2,,,,
343,8,3,RPP,8,3,0.8888888888888888,27,0.6666666666666666,3,1.0,1,1.0,2,0.5,2,0.0,1.0,1.0,1.0
343,9,5,RPP,9,3,0.5555555555555556,45,0.4,5,0.0,1,1.0,4,0.5,4,0.875,1.25,0.375,16.0
343,10,4,RPP,10,2,0.8055555555555556,36,0.5,4,1.0,1,1.0,3,0.3333333333333333,3,0.25,0.75,0.5,4.0
345,1,2,Age>25,1,1,0.7777777777777778,18,0.0,2,,0,0.5,2,0.0,2,0.5,0.5,0.0,2.0
345,2,3,Age>25,2,1,0.8148148148148148,27,0.3333333333333333,3,1.0,1,1.0,2,0.0,2,0.3333333333333333,1.0,0.6666666666666666,3.0
345,3,4,Age>25,3,1,0.9444444444444444,36,1.0,4,1.0,3,1.0,1,1.0,1,0.0,0.0,0.0,1.0
345,4,5,Age>25,4,1,0.8222222222222222,45,0.4,5,0.3333333333333333,3,1.0,2,0.5,2,1.0,0.4444444444444444,-0.5555555555555556,9.0
345,5,3,Age>25,5,2,0.8518518518518519,27,0.3333333333333333,3,0.0,1,0.5,2,0.5,2,0.5,0.0,-0.5,2.0
345,6,5,Age>25,6,2,0.8888888888888888,45,1.0,5,1.0,2,1.0,3,1.0,3,0.5,0.0,-0.5,2.0
345,7,2,Age>25,7,2,0.9444444444444444,18,1.0,2,1.0,1,1.0,1,1.0,1,,,,
345,8,3,Age>25,8,3,0.9259259259259259,27,1.0,3,1.0,1,1.0,2,1.0,2,,,,
345,9,4,Age>25,9,2,0.9166666666666666,36,1.0,4,1.0,2,1.0,2,1.0,2,0.0,0.0,0.0,1.0
345,10,5,Age>25,10,3,0.6444444444444445,45,0.6,5,0.0,1,1.0,4,0.75,4,1.0,1.4615384615384615,0.46153846153846156,13.0
347,1,2,Age>25,1,1,0.8888888888888888,18,1.0,2,,0,1.0,2,1.0,2,,,,
347,2,3,Age>25,2,1,0.8518518518518519,27,0.6666666666666666,3,1.0,1,1.0,2,0.5,2,0.0,0.5,0.5,2.0
347,3,4,Age>25,3,1,0.8611111111111112,36,0.5,4,1.0,1,1.0,3,0.3333333333333333,3,0.0,1.0,1.0,2.0
347,4,5,Age>25,4,1,0.6888888888888889,45,0.4,5,0.5,2,1.0,3,0.3333333333333333,3,1.0909090909090908,0.18181818181818182,-0.9090909090909091,11.0
347,5,3,Age>25,5,2,0.8518518518518519,27,0.6666666666666666,3,1.0,1,1.0,2,0.5,2,0.0,0.5,0.5,2.0
347,6,5,Age>25,6,2,0.8222222222222222,45,0.6,5,1.0,2,1.0,3,0.3333333333333333,3,0.4,1.0,0.6,5.0
347,7,2,Age>25,7,2,0.7777777777777778,18,0.5,2,,0,1.0,2,0.5,2,0.3333333333333333,1.0,0.6666666666666666,3.0
347,8,3,Age>25,8,3,0.8518518518518519,27,0.6666666666666666,3,1.0,1,1.0,2,0.5,2,1.0,0.3333333333333333,-0.6666666666666666,3.0
347,9,4,Age>25,9,2,0.9166666666666666,36,1.0,4,1.0,2,1.0,2,1.0,2,0.0,1.0,1.0,1.0
347,10,5,Age>25,10,3,0.8444444444444444,45,0.6,5,1.0,1,1.0,4,0.5,4,0.3333333333333333,1.0,0.6666666666666666,3.0
348,1,2,Age>25,1,1,0.9444444444444444,18,1.0,2,1.0,2,,0,,0,0.5,0.0,-0.5,2.0
348,2,4,Age>25,2,1,0.6388888888888888,36,0.5,4,1.0,1,1.0,3,0.3333333333333333,3,2.125,2.0625,-0.0625,16.0
348,3,3,Age>25,3,1,0.8148148148148148,27,0.6666666666666666,3,1.0,1,1.0,2,0.5,2,0.0,0.6666666666666666,0.6666666666666666,3.0
348,4,5,Age>25,4,1,0.8444444444444444,45,0.6,5,0.6666666666666666,3,1.0,2,0.5,2,0.5,0.6666666666666666,0.16666666666666666,6.0
348,5,3,Age>25,5,2,0.8518518518518519,27,1.0,3,1.0,2,1.0,1,1.0,1,1.0,1.0,0.0,3.0
348,6,5,Age>25,6,2,0.7777777777777778,45,0.6,5,0.6666666666666666,3,0.5,2,0.5,2,1.0,1.4444444444444444,0.4444444444444444,9.0
348,7,2,Age>25,7,2,0.5555555555555556,18,0.5,2,,0,1.0,2,0.5,2,2.142857142857143,1.0,-1.1428571428571428,7.0
348,8,4,Age>25,8,2,0.8333333333333334,36,1.0,4,1.0,2,1.0,2,1.0,2,1.0,0.5,-0.5,4.0
348,9,3,Age>25,9,3,0.9629629629629629,27,1.0,3,1.0,3,,0,,0,0.0,0.0,0.0,1.0
348,10,5,Age>25,10,3,0.6444444444444445,45,0.4,5,0.5,4,0.0,1,0.0,1,1.3157894736842106,1.736842105263158,0.42105263157894735,19.0
349,1,2,Age>25,1,1,0.9444444444444444,18,1.0,2,1.0,1,1.0,1,1.0,1,,,,
349,2,3,Age>25,2,1,0.5925925925925926,27,0.3333333333333333,3,1.0,1,0.5,2,0.0,2,1.4444444444444444,2.0,0.5555555555555556,9.0
349,3,4,Age>25,3,1,0.8333333333333334,36,0.75,4,1.0,1,0.6666666666666666,3,0.6666666666666666,3,0.6666666666666666,0.6666666666666666,0.0,3.0
349,4,5,Age>25,4,1,0.8222222222222222,45,0.8,5,1.0,3,1.0,2,0.5,2,1.25,0.375,-0.875,8.0
349,5,3,Age>25,5,2,0.8518518518518519,27,0.6666666666666666,3,1.0,1,1.0,2,0.5,2,0.0,0.5,0.5,2.0
349,6,5,Age>25,6,2,0.8222222222222222,45,0.4,5,1.0,1,1.0,4,0.25,4,0.25,1.0,0.75,4.0
349,7,2,Age>25,7,2,0.8333333333333334,18,0.5,2,,0,1.0,2,0.5,2,0.0,1.0,1.0,1.0
349,8,3,Age>25,8,3,0.9629629629629629,27,1.0,3,1.0,2,1.0,1,1.0,1,,,,
349,9,4,Age>25,9,2,0.8888888888888888,36,0.75,4,1.0,2,0.5,2,0.5,2,0.5,1.0,0.5,2.0
349,10,5,Age>25,10,3,0.6222222222222222,45,0.2,5,1.0,1,0.5,4,0.0,4,1.0769230769230769,1.0,-0.07692307692307693,13.0
350,1,2,Age>25,1,1,0.9444444444444444,18,1.0,2,1.0,2,,0,,0,0.0,0.0,0.0,1.0
350,2,3,Age>25,2,1,0.7037037037037037,27,0.3333333333333333,3,1.0,1,0.5,2,0.0,2,1.1666666666666667,1.0,-0.16666666666666666,6.0
350,3,4,Age>25,3,1,0.8611111111111112,36,0.75,4,1.0,2,1.0,2,0.5,2,0.4,0.8,0.4,5.0
350,4,5,Age>25,4,1,0.4,45,0.6,5,1.0,1,0.75,4,0.5,4,1.6129032258064515,2.064516129032258,0.45161290322580644,31.0
350,5,3,Age>25,5,2,0.25925925925925924,27,0.3333333333333333,3,,0,0.6666666666666666,3,0.3333333333333333,3,2.84,1.88,-0.96,25.0
350,6,5,Age>25,6,2,0.3409090909090909,44,0.6,5,1.0,1,0.75,4,0.5,4,1.972972972972973,2.108108108108108,0.13513513513513514,37.0
350,7,2,Age>25,7,2,0.4444444444444444,18,1.0,2,1.0,1,1.0,1,1.0,1,1.6666666666666667,2.066666666666667,0.4,15.0
350,8,3,Age>25,8,3,0.37037037037037035,27,0.0,3,0.0,2,0.0,1,0.0,1,2.1538461538461537,2.4615384615384617,0.3076923076923077,26.0
350,9,4,Age>25,9,2,0.2571428571428571,35,0.5,4,0.5,2,1.0,2,0.5,2,2.323529411764706,2.176470588235294,-0.14705882352941177,34.0
350,10,5,Age>25,10,3,0.2727272727272727,44,0.0,5,0.0,1,0.75,4,0.0,4,2.076923076923077,2.282051282051282,0.20512820512820512,39.0
351,1,2,Age>25,1,1,0.9444444444444444,18,1.0,2,1.0,1,1.0,1,1.0,1,0.0,0.0,0.0,1.0
351,2,3,Age>25,2,1,0.8148148148148148,27,0.6666666666666666,3,1.0,1,1.0,2,0.5,2,0.3333333333333333,0.6666666666666666,0.3333333333333333,3.0
351,3,4,Age>25,3,1,0.8888888888888888,36,0.75,4,1.0,1,1.0,3,0.6666666666666666,3,0.0,1.0,1.0,1.0
351,4,5,Age>25,4,1,0.8222222222222222,45,0.4,5,,0,0.8,5,0.4,5,0.3333333333333333,0.6666666666666666,0.3333333333333333,3.0
351,5,3,Age>25,5,2,0.8888888888888888,27,1.0,3,1.0,1,1.0,2,1.0,2,0.0,1.0,1.0,1.0
351,6,5,Age>25,6,2,0.8222222222222222,45,0.4,5,0.5,2,0.6666666666666666,3,0.3333333333333333,3,0.8,0.6,-0.2,5.0
351,7,2,Age>25,7,2,0.8333333333333334,18,0.5,2,,0,1.0,2,0.5,2,0.0,1.0,1.0,1.0
351,8,3,Age>25,8,3,0.8888888888888888,27,0.6666666666666666,3,1.0,1,1.0,2,0.5,2,0.0,1.0,1.0,1.0
351,9,4,Age>25,9,2,0.8611111111111112,36,0.75,4,1.0,2,1.0,2,0.5,2,0.3333333333333333,1.0,0.6666666666666666,3.0
351,10,5,Age>25,10,3,0.8222222222222222,45,0.4,5,1.0,1,0.75,4,0.25,4,0.4,1.0,0.6,5.0
352,1,2,Age>25,1,1,0.8333333333333334,18,1.0,2,,0,1.0,2,1.0,2,0.0,1.0,1.0,1.0
352,2,3,Age>25,2,1,0.7037037037037037,27,0.0,3,,0,1.0,3,0.0,3,0.4,1.2,0.8,5.0
352,3,5,Age>25,3,1,0.8666666666666667,45,0.8,5,1.0,2,0.6666666666666666,3,0.6666666666666666,3,0.6666666666666666,0.0,-0.6666666666666666,3.0
352,4,4,Age>25,4,1,0.8055555555555556,36,0.5,4,1.0,1,1.0,3,0.3333333333333333,3,0.5,1.0,0.5,4.0
352,5,3,Age>25,5,2,0.8888888888888888,27,0.6666666666666666,3,1.0,1,1.0,2,0.5,2,0.0,1.0,1.0,1.0
352,6,5,Age>25,6,2,0.7111111111111111,45,0.4,5,0.0,1,0.75,4,0.5,4,0.6363636363636364,1.0909090909090908,0.45454545454545453,11.0
352,7,2,Age>25,7,2,0.8888888888888888,18,0.5,2,1.0,1,1.0,1,0.0,1,0.5,1.0,0.5,2.0
352,8,3,Age>25,8,3,0.9629629629629629,27,1.0,3,1.0,3,,0,,0,0.0,0.0,0.0,1.0
352,9,5,Age>25,9,3,0.8222222222222222,45,0.6,5,0.5,2,0.6666666666666666,3,0.6666666666666666,3,0.6,0.8,0.2,5.0
352,10,4,Age>25,10,2,0.8611111111111112,36,0.5,4,1.0,1,1.0,3,0.3333333333333333,3,0.0,1.0,1.0,2.0
353,1,2,Age>25,1,1,0.8888888888888888,18,1.0,2,,0,1.0,2,1.0,2,,,,
353,2,3,Age>25,2,1,0.7407407407407407,27,0.6666666666666666,3,1.0,1,1.0,2,0.5,2,0.6,0.4,-0.2,5.0
353,3,5,Age>25,3,1,0.8222222222222222,45,0.4,5,1.0,2,1.0,3,0.0,3,0.6,1.0,0.4,5.0
353,4,4,Age>25,4,1,0.8888888888888888,36,0.75,4,1.0,1,1.0,3,0.6666666666666666,3,0.0,1.0,1.0,1.0
353,5,3,Age>25,5,2,0.8518518518518519,27,0.3333333333333333,3,1.0,1,1.0,2,0.0,2,0.8,1.0,0.2,5.0
353,6,5,Age>25,6,2,0.9333333333333333,45,0.8,5,1.0,3,0.5,2,0.5,2,1.0,0.0,-1.0,1.0
353,7,2,Age>25,7,2,0.8333333333333334,18,0.5,2,1.0,1,1.0,1,0.0,1,0.0,0.5,0.5,2.0
353,8,3,Age>25,8,3,0.8888888888888888,27,0.6666666666666666,3,1.0,1,1.0,2,0.5,2,0.0,1.0,1.0,1.0
353,9,5,Age>25,9,3,0.9111111111111111,45,0.6,5,0.6666666666666666,3,1.0,2,0.5,2,0.0,0.5,0.5,2.0
353,10,4,Age>25,10,2,0.8611111111111112,36,0.75,4,1.0,1,0.6666666666666666,3,0.6666666666666666,3,0.6666666666666666,1.3333333333333333,0.6666666666666666,3.0
354,1,2,Age>25,1,1,0.8888888888888888,18,1.0,2,1.0,2,,0,,0,0.5,0.0,-0.5,2.0
354,2,3,Age>25,2,1,0.6296296296296297,27,0.3333333333333333,3,,0,0.3333333333333333,3,0.3333333333333333,3,0.875,1.25,0.375,8.0
354,3,5,Age>25,3,1,0.6444444444444445,45,0.8,5,1.0,1,1.0,4,0.75,4,1.8666666666666667,2.0,0.13333333333333333,15.0
354,4,4,Age>25,4,1,0.8611111111111112,36,1.0,4,1.0,1,1.0,3,1.0,3,0.5,0.0,-0.5,2.0
354,5,3,Age>25,5,2,0.5925925925925926,27,0.3333333333333333,3,,0,1.0,3,0.3333333333333333,3,0.8888888888888888,1.4444444444444444,0.5555555555555556,9.0
354,6,5,Age>25,6,2,0.37777777777777777,45,0.4,5,0.5,2,1.0,3,0.3333333333333333,3,1.9333333333333333,2.1666666666666665,0.23333333333333334,30.0
354,7,2,Age>25,7,2,0.6666666666666666,18,0.5,2,,0,0.5,2,0.5,2,0.75,1.0,0.25,4.0
354,8,3,Age>25,8,3,1.0,27,1.0,3,1.0,3,,0,,0,,,,
354,9,5,Age>25,9,3,0.5777777777777777,45,0.4,5,0.5,2,0.3333333333333333,3,0.3333333333333333,3,2.388888888888889,2.2222222222222223,-0.16666666666666666,18.0
354,10,4,Age>25,10,2,0.6666666666666666,36,0.5,4,,0,0.75,4,0.5,4,1.125,0.75,-0.375,8.0
357,1,2,Age>25,1,1,0.7222222222222222,18,1.0,2,,0,1.0,2,1.0,2,1.0,0.3333333333333333,-0.6666666666666666,3.0
357,2,3,Age>25,2,1,0.8148148148148148,27,0.6666666666666666,3,,0,1.0,3,0.6666666666666666,3,0.75,0.5,-0.25,4.0
357,3,4,Age>25,3,1,0.9166666666666666,36,0.75,4,1.0,3,1.0,1,0.0,1,0.0,0.5,0.5,2.0
357,4,5,Age>25,4,1,0.8222222222222222,45,0.8,5,1.0,2,0.6666666666666666,3,0.6666666666666666,3,0.6666666666666666,1.1666666666666667,0.5,6.0
357,5,3,Age>25,5,2,0.8518518518518519,27,0.3333333333333333,3,1.0,1,0.5,2,0.0,2,0.5,0.5,0.0,2.0
357,6,5,Age>25,6,2,0.9333333333333333,45,0.8,5,1.0,4,1.0,1,0.0,1,0.0,0.5,0.5,2.0
357,7,2,Age>25,7,2,0.8333333333333334,18,0.5,2,,0,1.0,2,0.5,2,0.0,1.0,1.0,1.0
357,8,3,Age>25,8,3,0.8148148148148148,27,0.6666666666666666,3,1.0,1,1.0,2,0.5,2,0.5,0.5,0.0,4.0
357,9,4,Age>25,9,2,0.6388888888888888,36,0.25,4,,0,0.75,4,0.25,4,0.6666666666666666,1.1111111111111112,0.4444444444444444,9.0
357,10,5,Age>25,10,3,0.7333333333333333,45,0.6,5,1.0,3,0.0,2,0.0,2,1.6923076923076923,1.8461538461538463,0.15384615384615385,13.0
359,1,2,Age>25,1,1,0.8333333333333334,18,0.5,2,,0,0.5,2,0.5,2,1.0,0.0,-1.0,2.0
359,2,3,Age>25,2,1,0.7037037037037037,27,0.3333333333333333,3,0.5,2,1.0,1,0.0,1,0.7142857142857143,0.8571428571428571,0.14285714285714285,7.0
359,3,4,Age>25,3,1,0.5277777777777778,36,0.5,4,1.0,1,0.3333333333333333,3,0.3333333333333333,3,1.8421052631578947,1.9473684210526316,0.10526315789473684,19.0
359,4,5,Age>25,4,1,0.4444444444444444,45,0.4,5,,0,0.6,5,0.4,5,2.3666666666666667,2.0,-0.36666666666666664,30.0
359,5,3,Age>25,5,2,0.5925925925925926,27,0.3333333333333333,3,,0,1.0,3,0.3333333333333333,3,1.4444444444444444,1.0,-0.4444444444444444,9.0
359,6,5,Age>25,6,2,0.7111111111111111,45,0.0,5,0.0,4,0.0,1,0.0,1,0.6153846153846154,0.5384615384615384,-0.07692307692307693,13.0
359,7,2,Age>25,7,2,0.8888888888888888,18,0.5,2,1.0,1,1.0,1,0.0,1,0.0,1.0,1.0,1.0
359,8,3,Age>25,8,3,0.8148148148148148,27,1.0,3,1.0,1,1.0,2,1.0,2,0.3333333333333333,1.0,0.6666666666666666,3.0
359,9,4,Age>25,9,2,0.8611111111111112,36,0.75,4,1.0,1,0.6666666666666666,3,0.6666666666666666,3,1.5,0.0,-1.5,2.0
359,10,5,Age>25,10,3,0.3111111111111111,45,0.0,5,0.0,3,1.0,2,0.0,2,1.8529411764705883,2.1176470588235294,0.2647058823529412,34.0
360,1,2,Age>25,1,1,0.8333333333333334,18,0.5,2,,0,1.0,2,0.5,2,0.0,1.0,1.0,1.0
360,2,3,Age>25,2,1,0.8148148148148148,27,0.6666666666666666,3,1.0,2,1.0,1,0.0,1,0.5,1.0,0.5,4.0
360,3,4,Age>25,3,1,0.8055555555555556,36,0.75,4,0.6666666666666666,3,1.0,1,1.0,1,0.625,0.875,0.25,8.0
360,4,5,Age>25,4,1,0.5555555555555556,45,0.4,5,1.0,1,0.75,4,0.25,4,2.0,1.0526315789473684,-0.9473684210526315,19.0
360,5,3,Age>25,5,2,0.8148148148148148,27,0.6666666666666666,3,,0,1.0,3,0.6666666666666666,3,1.0,1.0,0.0,3.0
360,6,5,Age>25,6,2,0.6666666666666666,45,0.4,5,1.0,1,0.75,4,0.25,4,1.4166666666666667,1.6666666666666667,0.25,12.0
360,7,2,Age>25,7,2,0.8888888888888888,18,0.5,2,1.0,1,1.0,1,0.0,1,0.0,1.0,1.0,1.0
360,8,3,Age>25,8,3,0.8888888888888888,27,1.0,3,1.0,1,1.0,2,1.0,2,1.0,0.0,-1.0,1.0
360,9,4,Age>25,9,2,1.0,36,1.0,4,1.0,4,,0,,0,,,,
360,10,5,Age>25,10,3,0.9333333333333333,45,1.0,5,1.0,2,1.0,3,1.0,3,0.0,0.0,0.0,1.0
361,1,2,Age>25,1,1,0.9444444444444444,18,1.0,2,1.0,2,,0,,0,0.0,0.0,0.0,1.0
361,2,3,Age>25,2,1,0.8148148148148148,27,0.6666666666666666,3,1.0,1,1.0,2,0.5,2,0.3333333333333333,1.0,0.6666666666666666,3.0
361,3,4,Age>25,3,1,0.7777777777777778,36,0.25,4,1.0,1,1.0,3,0.0,3,0.4,1.0,0.6,5.0
361,4,5,Age>25,4,1,0.7333333333333333,45,0.4,5,0.5,2,0.6666666666666666,3,0.3333333333333333,3,0.8461538461538461,1.0769230769230769,0.23076923076923078,13.0
361,5,3,Age>25,5,2,0.8888888888888888,27,1.0,3,1.0,2,1.0,1,1.0,1,0.3333333333333333,0.6666666666666666,0.3333333333333333,3.0
361,6,5,Age>25,6,2,0.5111111111111111,45,0.6,5,1.0,1,0.75,4,0.5,4,1.5263157894736843,2.0,0.47368421052631576,19.0
361,7,2,Age>25,7,2,0.8333333333333334,18,0.5,2,,0,1.0,2,0.5,2,0.0,1.0,1.0,1.0
361,8,3,Age>25,8,3,0.6666666666666666,27,0.0,3,,0,1.0,3,0.0,3,1.125,1.0,-0.125,8.0
361,9,4,Age>25,9,2,0.5555555555555556,36,0.5,4,,0,0.75,4,0.5,4,1.0,1.4166666666666667,0.4166666666666667,12.0
361,10,5,Age>25,10,3,0.8,45,0.6,5,0.3333333333333333,3,1.0,2,1.0,2,0.42857142857142855,0.5714285714285714,0.14285714285714285,7.0
362,1,2,Age>25,1,1,0.9444444444444444,18,1.0,2,1.0,1,1.0,1,1.0,1,,,,
362,2,3,Age>25,2,1,0.7777777777777778,27,0.3333333333333333,3,,0,1.0,3,0.3333333333333333,3,0.3333333333333333,1.0,0.6666666666666666,3.0
362,3,5,Age>25,3,1,0.8222222222222222,45,0.6,5,1.0,1,1.0,4,0.5,4,0.4,0.6,0.2,5.0
362,4,4,Age>25,4,1,0.9166666666666666,36,0.75,4,1.0,2,1.0,2,0.5,2,0.0,1.0,1.0,1.0
362,5,3,Age>25,5,2,0.8518518518518519,27,0.6666666666666666,3,1.0,1,1.0,2,0.5,2,0.0,0.5,0.5,2.0
362,6,5,Age>25,6,2,0.5777777777777777,45,0.4,5,1.0,1,0.75,4,0.25,4,1.4,1.3333333333333333,-0.06666666666666667,15.0
362,7,2,Age>25,7,2,0.9444444444444444,18,1.0,2,1.0,1,1.0,1,1.0,1,,,,
362,8,3,Age>25,8,3,0.8888888888888888,27,0.6666666666666666,3,1.0,1,1.0,2,0.5,2,0.0,1.0,1.0,1.0
362,9,5,Age>25,9,3,0.8222222222222222,45,0.6,5,1.0,2,1.0,3,0.3333333333333333,3,0.4,1.0,0.6,5.0
362,10,4,Age>25,10,2,0.8888888888888888,36,0.75,4,1.0,1,1.0,3,0.6666666666666666,3,0.0,1.0,1.0,1.0
363,1,2,Age>25,1,1,0.9444444444444444,18,1.0,2,1.0,1,1.0,1,1.0,1,,,,
363,2,3,Age>25,2,1,0.7777777777777778,27,0.3333333333333333,3,,0,1.0,3,0.3333333333333333,3,0.3333333333333333,1.0,0.6666666666666666,3.0
363,3,5,Age>25,3,1,0.8444444444444444,45,0.6,5,0.5,2,1.0,3,0.6666666666666666,3,0.25,0.75,0.5,4.0
363,4,4,Age>25,4,1,0.9444444444444444,36,0.75,4,1.0,3,1.0,1,0.0,1,0.0,1.0,1.0,1.0
363,5,3,Age>25,5,2,0.9259259259259259,27,0.6666666666666666,3,0.6666666666666666,3,,0,,0,0.0,0.0,0.0,2.0
363,6,5,Age>25,6,2,0.9777777777777777,45,1.0,5,1.0,4,1.0,1,1.0,1,,,,
363,7,2,Age>25,7,2,0.9444444444444444,18,1.0,2,1.0,1,1.0,1,1.0,1,,,,
363,8,3,Age>25,8,3,0.9259259259259259,27,1.0,3,1.0,1,1.0,2,1.0,2,1.0,0.0,-1.0,1.0
363,9,5,Age>25,9,3,0.9333333333333333,45,1.0,5,1.0,2,1.0,3,1.0,3,,,,
363,10,4,Age>25,10,2,0.8888888888888888,36,0.75,4,1.0,1,0.6666666666666666,3,0.6666666666666666,3,1.0,0.0,-1.0,1.0
364,1,2,Age>25,1,1,0.8888888888888888,18,1.0,2,1.0,1,1.0,1,1.0,1,0.0,0.0,0.0,1.0
364,2,3,Age>25,2,1,0.8148148148148148,27,0.3333333333333333,3,1.0,1,1.0,2,0.0,2,0.3333333333333333,1.0,0.6666666666666666,3.0
364,3,5,Age>25,3,1,0.7333333333333333,45,0.2,5,1.0,1,0.75,4,0.0,4,0.8888888888888888,0.7777777777777778,-0.1111111111111111,9.0
364,4,4,Age>25,4,1,0.8333333333333334,36,1.0,4,1.0,2,1.0,2,1.0,2,0.5,0.5,0.0,4.0
364,5,3,Age>25,5,2,0.8888888888888888,27,0.6666666666666666,3,1.0,1,1.0,2,0.5,2,0.0,1.0,1.0,1.0
364,6,5,Age>25,6,2,0.8222222222222222,45,0.4,5,0.0,1,1.0,4,0.5,4,0.0,0.75,0.75,4.0
364,7,2,Age>25,7,2,0.8333333333333334,18,0.5,2,1.0,1,1.0,1,0.0,1,0.0,0.5,0.5,2.0
364,8,3,Age>25,8,3,0.9629629629629629,27,1.0,3,1.0,2,1.0,1,1.0,1,1.0,0.0,-1.0,1.0
364,9,5,Age>25,9,3,0.8888888888888888,45,0.6,5,1.0,2,1.0,3,0.3333333333333333,3,0.0,1.0,1.0,2.0
364,10,4,Age>25,10,2,0.8333333333333334,36,0.5,4,0.0,1,0.6666666666666666,3,0.6666666666666666,3,1.0,0.0,-1.0,3.0
365,1,2,Age>25,1,1,0.8333333333333334,18,0.5,2,,0,1.0,2,0.5,2,0.0,1.0,1.0,1.0
365,2,3,Age>25,2,1,0.8888888888888888,27,0.6666666666666666,3,1.0,1,1.0,2,0.5,2,0.0,1.0,1.0,1.0
365,3,4,Age>25,3,1,0.8055555555555556,36,0.5,4,1.0,2,1.0,2,0.0,2,0.8,1.0,0.2,5.0
365,4,5,Age>25,4,1,0.9555555555555556,45,1.0,5,1.0,3,1.0,2,1.0,2,,,,
365,5,3,Age>25,5,2,0.9259259259259259,27,1.0,3,1.0,1,1.0,2,1.0,2,,,,
365,6,5,Age>25,6,2,0.5777777777777777,45,0.6,5,1.0,2,0.6666666666666666,3,0.3333333333333333,3,1.411764705882353,1.6470588235294117,0.23529411764705882,17.0
365,7,2,Age>25,7,2,1.0,18,1.0,2,1.0,2,,0,,0,,,,
365,8,3,Age>25,8,3,0.8888888888888888,27,1.0,3,1.0,1,1.0,2,1.0,2,0.0,1.0,1.0,1.0
365,9,4,Age>25,9,2,0.9722222222222222,36,1.0,4,1.0,3,1.0,1,1.0,1,,,,
365,10,5,Age>25,10,3,0.8222222222222222,45,0.4,5,1.0,1,0.75,4,0.25,4,0.25,0.5,0.25,4.0
409,1,2,RPP,1,1,0.7222222222222222,18,0.0,2,,0,0.5,2,0.0,2,0.3333333333333333,1.0,0.6666666666666666,3.0
409,2,3,RPP,2,1,0.7407407407407407,27,0.3333333333333333,3,1.0,1,0.0,2,0.0,2,0.8,1.0,0.2,5.0
409,3,4,RPP,3,1,0.5555555555555556,36,0.5,4,,0,1.0,4,0.5,4,1.3846153846153846,1.9230769230769231,0.5384615384615384,13.0
409,4,5,RPP,4,1,0.5555555555555556,45,0.4,5,1.0,2,0.0,3,0.0,3,1.5263157894736843,1.4210526315789473,-0.10526315789473684,19.0
409,5,3,RPP,5,2,0.7037037037037037,27,0.0,3,,0,0.3333333333333333,3,0.0,3,0.6666666666666666,1.0,0.3333333333333333,6.0
409,6,5,RPP,6,2,0.6888888888888889,45,0.6,5,1.0,3,0.5,2,0.0,2,1.3333333333333333,0.8333333333333334,-0.5,12.0
409,7,2,RPP,7,2,0.7777777777777778,18,0.0,2,,0,0.5,2,0.0,2,0.5,0.5,0.0,2.0
409,8,3,RPP,8,3,0.8888888888888888,27,1.0,3,1.0,1,1.0,2,1.0,2,0.0,1.0,1.0,1.0
409,9,4,RPP,9,2,0.8888888888888888,36,0.75,4,1.0,1,0.6666666666666666,3,0.6666666666666666,3,0.5,0.0,-0.5,2.0
409,10,5,RPP,10,3,0.8222222222222222,45,0.6,5,0.5,2,1.0,3,0.6666666666666666,3,1.1666666666666667,0.6666666666666666,-0.5,6.0
410,1,2,RPP,1,1,0.9444444444444444,18,1.0,2,1.0,1,1.0,1,1.0,1,,,,
410,2,3,RPP,2,1,0.8148148148148148,27,0.6666666666666666,3,1.0,1,1.0,2,0.5,2,1.0,1.0,0.0,3.0
410,3,4,RPP,3,1,0.8888888888888888,36,0.75,4,1.0,1,1.0,3,0.6666666666666666,3,0.0,1.0,1.0,1.0
410,4,5,RPP,4,1,0.8888888888888888,45,0.6,5,1.0,3,0.5,2,0.0,2,0.3333333333333333,0.3333333333333333,0.0,3.0
410,5,3,RPP,5,2,0.9629629629629629,27,1.0,3,1.0,2,1.0,1,1.0,1,,,,
410,6,5,RPP,6,2,0.9555555555555556,45,1.0,5,1.0,3,1.0,2,1.0,2,,,,
410,7,2,RPP,7,2,0.9444444444444444,18,1.0,2,1.0,1,1.0,1,1.0,1,,,,
410,8,3,RPP,8,3,0.9259259259259259,27,1.0,3,1.0,1,1.0,2,1.0,2,,,,
410,9,4,RPP,9,2,0.8611111111111112,36,0.5,4,1.0,1,0.6666666666666666,3,0.3333333333333333,3,0.5,0.5,0.0,2.0
410,10,5,RPP,10,3,0.9333333333333333,45,0.8,5,1.0,3,1.0,2,0.5,2,0.0,1.0,1.0,1.0
411,1,2,RPP,1,1,1.0,18,1.0,2,1.0,2,,0,,0,0.0,0.0,0.0,2.0
411,2,3,RPP,2,1,0.8148148148148148,27,0.6666666666666666,3,1.0,1,1.0,2,0.5,2,1.0,1.0,0.0,3.0
411,3,4,RPP,3,1,0.8333333333333334,36,0.5,4,1.0,1,1.0,3,0.3333333333333333,3,1.2,1.0,-0.2,5.0
411,4,5,RPP,4,1,0.8222222222222222,45,0.8,5,1.0,2,0.6666666666666666,3,0.6666666666666666,3,1.1666666666666667,0.3333333333333333,-0.8333333333333334,6.0
411,5,3,RPP,5,2,1.0,27,1.0,3,1.0,3,,0,,0,,,,
411,6,5,RPP,6,2,0.7555555555555555,45,0.6,5,1.0,2,0.3333333333333333,3,0.3333333333333333,3,1.5,1.0,-0.5,8.0
411,7,2,RPP,7,2,0.8333333333333334,18,0.5,2,,0,1.0,2,0.5,2,0.0,1.0,1.0,1.0
411,8,3,RPP,8,3,0.9259259259259259,27,0.6666666666666666,3,1.0,2,1.0,1,0.0,1,0.0,1.0,1.0,1.0
411,9,4,RPP,9,2,0.7222222222222222,36,0.75,4,1.0,1,1.0,3,0.6666666666666666,3,0.75,1.125,0.375,8.0
411,10,5,RPP,10,3,0.9555555555555556,45,0.8,5,1.0,4,1.0,1,0.0,1,0.0,1.0,1.0,1.0
412,1,2,RPP,1,1,0.7777777777777778,18,0.5,2,,0,1.0,2,0.5,2,0.5,1.0,0.5,2.0
412,2,3,RPP,2,1,0.7037037037037037,27,0.3333333333333333,3,,0,1.0,3,0.3333333333333333,3,0.8333333333333334,1.1666666666666667,0.3333333333333333,6.0
412,3,5,RPP,3,1,0.7555555555555555,45,0.4,5,0.5,4,1.0,1,0.0,1,0.8,1.3,0.5,10.0
412,4,4,RPP,4,1,0.8333333333333334,36,0.75,4,1.0,2,0.5,2,0.5,2,0.5,0.25,-0.25,4.0
412,5,3,RPP,5,2,0.6666666666666666,27,0.0,3,0.0,1,0.5,2,0.0,2,1.0,1.2857142857142858,0.2857142857142857,7.0
412,6,5,RPP,6,2,0.6,45,0.4,5,1.0,1,1.0,4,0.25,4,1.75,2.0625,0.3125,16.0
412,7,2,RPP,7,2,0.8888888888888888,18,0.5,2,1.0,1,1.0,1,0.0,1,0.0,1.0,1.0,1.0
412,8,3,RPP,8,3,1.0,27,1.0,3,1.0,3,,0,,0,,,,
412,9,5,RPP,9,3,0.8222222222222222,45,0.4,5,0.6666666666666666,3,1.0,2,0.0,2,0.5714285714285714,0.8571428571428571,0.2857142857142857,7.0
412,10,4,RPP,10,2,0.9444444444444444,36,0.75,4,1.0,3,1.0,1,0.0,1,0.0,1.0,1.0,1.0
413,1,2,RPP,1,1,0.8888888888888888,18,1.0,2,1.0,1,1.0,1,1.0,1,0.0,0.0,0.0,1.0
413,2,3,RPP,2,1,0.48,25,0.0,2,,0,0.0,2,0.0,2,1.7,1.0,-0.7,10.0
413,3,5,RPP,3,1,0.7111111111111111,45,0.4,5,1.0,1,1.0,4,0.25,4,1.1818181818181819,1.0,-0.18181818181818182,11.0
413,4,4,RPP,4,1,0.8055555555555556,36,0.75,4,1.0,2,1.0,2,0.5,2,1.4,0.8,-0.6,5.0
413,5,3,RPP,5,2,0.7777777777777778,27,0.3333333333333333,3,,0,0.6666666666666666,3,0.3333333333333333,3,0.6666666666666666,0.6666666666666666,0.0,3.0
413,6,5,RPP,6,2,0.8,45,0.8,5,1.0,2,0.6666666666666666,3,0.6666666666666666,3,0.5,0.8333333333333334,0.3333333333333333,6.0
413,7,2,RPP,7,2,0.6666666666666666,18,0.5,2,,0,1.0,2,0.5,2,0.75,1.0,0.25,4.0
413,8,3,RPP,8,3,0.8888888888888888,27,1.0,3,1.0,1,1.0,2,1.0,2,1.0,0.0,-1.0,3.0
413,9,5,RPP,9,3,0.7777777777777778,45,0.6,5,,0,0.8,5,0.6,5,0.6,0.6,0.0,5.0
413,10,4,RPP,10,2,0.6388888888888888,36,0.5,4,0.5,2,1.0,2,0.5,2,1.0909090909090908,1.2727272727272727,0.18181818181818182,11.0
414,1,2,Kids,1,1,0.8333333333333334,18,0.5,2,0.0,1,1.0,1,1.0,1,0.0,0.5,0.5,2.0
414,2,3,Kids,2,1,0.8888888888888888,27,0.6666666666666666,3,1.0,2,1.0,1,0.0,1,0.0,0.5,0.5,2.0
414,3,5,Kids,3,1,0.8444444444444444,45,0.6,5,1.0,1,1.0,4,0.5,4,0.0,1.0,1.0,3.0
414,4,4,Kids,4,1,0.8611111111111112,36,0.75,4,1.0,2,1.0,2,0.5,2,0.3333333333333333,0.3333333333333333,0.0,3.0
414,5,3,Kids,5,2,0.9259259259259259,27,0.6666666666666666,3,0.6666666666666666,3,,0,,0,0.0,0.5,0.5,2.0
414,6,5,Kids,6,2,0.6444444444444445,45,0.0,5,0.0,1,0.5,4,0.0,4,0.8461538461538461,1.0769230769230769,0.23076923076923078,13.0
414,7,2,Kids,7,2,0.7777777777777778,18,0.5,2,,0,1.0,2,0.5,2,0.3333333333333333,1.0,0.6666666666666666,3.0
414,8,3,Kids,8,3,0.9259259259259259,27,1.0,3,1.0,2,1.0,1,1.0,1,0.0,0.0,0.0,1.0
414,9,5,Kids,9,3,0.8666666666666667,45,0.6,5,1.0,2,1.0,3,0.3333333333333333,3,0.0,1.0,1.0,3.0
414,10,4,Kids,10,2,0.8888888888888888,36,0.75,4,1.0,1,1.0,3,0.6666666666666666,3,0.0,1.0,1.0,1.0
415,1,2,RPP,1,1,0.8333333333333334,18,0.5,2,,0,0.5,2,0.5,2,1.0,0.0,-1.0,1.0
415,2,3,RPP,2,1,0.8148148148148148,27,0.3333333333333333,3,,0,0.6666666666666666,3,0.3333333333333333,3,0.5,0.5,0.0,2.0
415,3,4,RPP,3,1,0.6666666666666666,36,0.25,4,,0,0.75,4,0.25,4,0.875,1.0,0.125,8.0
415,4,5,RPP,4,1,0.6666666666666666,45,0.6,5,1.0,2,0.6666666666666666,3,0.3333333333333333,3,1.25,1.3333333333333333,0.08333333333333333,12.0
415,5,3,RPP,5,2,0.7037037037037037,27,0.0,3,,0,1.0,3,0.0,3,0.6666666666666666,1.0,0.3333333333333333,6.0
415,6,5,RPP,6,2,0.8888888888888888,45,0.8,5,1.0,1,1.0,4,0.75,4,0.0,1.0,1.0,1.0
415,7,2,RPP,7,2,0.7777777777777778,18,0.5,2,,0,1.0,2,0.5,2,0.5,1.0,0.5,2.0
415,8,3,RPP,8,3,0.9259259259259259,27,1.0,3,1.0,1,1.0,2,1.0,2,,,,
415,9,4,RPP,9,2,0.8888888888888888,36,0.5,4,1.0,2,1.0,2,0.0,2,0.0,1.0,1.0,2.0
415,10,5,RPP,10,3,0.7333333333333333,45,0.4,5,1.0,1,0.5,4,0.25,4,1.0,1.125,0.125,8.0
416,1,2,RPP,1,1,0.9444444444444444,18,1.0,2,1.0,1,1.0,1,1.0,1,,,,
416,2,3,RPP,2,1,0.7777777777777778,27,0.6666666666666666,3,,0,1.0,3,0.6666666666666666,3,0.3333333333333333,1.0,0.6666666666666666,3.0
416,3,4,RPP,3,1,0.8611111111111112,36,0.5,4,1.0,2,1.0,2,0.0,2,0.3333333333333333,1.0,0.6666666666666666,3.0
416,4,5,RPP,4,1,0.6888888888888889,45,0.8,5,1.0,1,0.75,4,0.75,4,1.8181818181818181,0.6363636363636364,-1.1818181818181819,11.0
416,5,3,RPP,5,2,0.9259259259259259,27,1.0,3,1.0,1,1.0,2,1.0,2,,,,
416,6,5,RPP,6,2,0.8444444444444444,45,0.4,5,0.0,1,1.0,4,0.5,4,0.0,0.6666666666666666,0.6666666666666666,3.0
416,7,2,RPP,7,2,0.8333333333333334,18,0.5,2,,0,1.0,2,0.5,2,0.0,1.0,1.0,1.0
416,8,3,RPP,8,3,0.8888888888888888,27,0.6666666666666666,3,1.0,1,1.0,2,0.5,2,0.0,1.0,1.0,1.0
416,9,4,RPP,9,2,0.9166666666666666,36,0.75,4,1.0,2,1.0,2,0.5,2,0.5,1.0,0.5,2.0
416,10,5,RPP,10,3,0.8888888888888888,45,0.8,5,1.0,1,1.0,4,0.75,4,0.0,1.0,1.0,2.0
417,1,2,RPP,1,1,0.6111111111111112,18,0.0,2,,0,0.5,2,0.0,2,1.1666666666666667,1.0,-0.16666666666666666,6.0
417,2,3,RPP,2,1,0.7777777777777778,27,0.6666666666666666,3,1.0,2,0.0,1,0.0,1,0.8333333333333334,1.0,0.16666666666666666,6.0
417,3,4,RPP,3,1,0.8888888888888888,36,0.75,4,1.0,1,1.0,3,0.6666666666666666,3,0.0,1.0,1.0,1.0
417,4,5,RPP,4,1,0.6666666666666666,45,0.6,5,1.0,1,0.75,4,0.5,4,2.769230769230769,1.0,-1.7692307692307692,13.0
417,5,3,RPP,5,2,0.8518518518518519,27,0.6666666666666666,3,1.0,1,1.0,2,0.5,2,0.5,1.0,0.5,2.0
417,6,5,RPP,6,2,0.6666666666666666,45,0.2,5,1.0,1,0.5,4,0.0,4,1.0909090909090908,1.4545454545454546,0.36363636363636365,11.0
417,7,2,RPP,7,2,1.0,18,1.0,2,1.0,2,,0,,0,,,,
417,8,3,RPP,8,3,0.8888888888888888,27,0.6666666666666666,3,1.0,1,1.0,2,0.5,2,0.0,1.0,1.0,1.0
417,9,4,RPP,9,2,0.9444444444444444,36,1.0,4,1.0,3,1.0,1,1.0,1,0.5,1.0,0.5,2.0
417,10,5,RPP,10,3,0.7555555555555555,45,0.6,5,1.0,1,1.0,4,0.5,4,0.375,1.0,0.625,8.0
418,1,2,Age>25,1,1,0.9444444444444444,18,1.0,2,1.0,2,,0,,0,0.0,0.0,0.0,1.0
418,2,4,Age>25,2,1,0.75,36,0.5,4,1.0,2,0.0,2,0.0,2,1.2857142857142858,1.0,-0.2857142857142857,7.0
418,3,3,Age>25,3,1,0.9259259259259259,27,0.6666666666666666,3,0.5,2,1.0,1,1.0,1,0.0,0.0,0.0,1.0
418,4,5,Age>25,4,1,0.8444444444444444,45,0.8,5,1.0,1,0.75,4,0.75,4,1.3333333333333333,0.0,-1.3333333333333333,3.0
418,5,3,Age>25,5,2,0.8888888888888888,27,1.0,3,1.0,1,1.0,2,1.0,2,0.5,1.0,0.5,2.0
418,6,5,Age>25,6,2,0.6,45,0.2,5,,0,0.2,5,0.2,5,1.7857142857142858,0.42857142857142855,-1.3571428571428572,14.0
418,7,2,Age>25,7,2,0.7222222222222222,18,0.0,2,,0,1.0,2,0.0,2,0.3333333333333333,1.0,0.6666666666666666,3.0
418,8,4,Age>25,8,2,0.6666666666666666,36,1.0,4,1.0,4,,0,,0,0.5714285714285714,0.8571428571428571,0.2857142857142857,14.0
418,9,3,Age>25,9,3,1.0,27,1.0,3,1.0,3,,0,,0,,,,
418,10,5,Age>25,10,3,0.4186046511627907,43,0.6,5,0.5,2,1.0,3,0.6666666666666666,3,2.108108108108108,1.7567567567567568,-0.35135135135135137,37.0
419,1,2,RPP,1,1,0.8333333333333334,18,1.0,2,,0,1.0,2,1.0,2,0.0,1.0,1.0,1.0
419,2,3,RPP,2,1,0.7777777777777778,27,0.6666666666666666,3,1.0,1,1.0,2,0.5,2,0.5,1.0,0.5,4.0
419,3,4,RPP,3,1,0.5833333333333334,36,0.5,4,1.0,1,0.6666666666666666,3,0.3333333333333333,3,1.5833333333333333,2.0,0.4166666666666667,12.0
419,4,5,RPP,4,1,0.7111111111111111,45,0.6,5,1.0,2,0.6666666666666666,3,0.3333333333333333,3,1.4166666666666667,0.4166666666666667,-1.0,12.0
419,5,3,RPP,5,2,1.0,27,1.0,3,1.0,3,,0,,0,,,,
419,6,5,RPP,6,2,0.6888888888888889,45,0.0,5,0.0,1,0.25,4,0.0,4,0.9,0.9,0.0,10.0
419,7,2,RPP,7,2,0.8888888888888888,18,1.0,2,1.0,1,1.0,1,1.0,1,0.0,0.0,0.0,1.0
419,8,3,RPP,8,3,0.9629629629629629,27,1.0,3,1.0,2,1.0,1,1.0,1,,,,
419,9,4,RPP,9,2,0.6944444444444444,36,0.5,4,1.0,1,0.6666666666666666,3,0.3333333333333333,3,0.8888888888888888,0.6666666666666666,-0.2222222222222222,9.0
419,10,5,RPP,10,3,0.8444444444444444,45,0.8,5,1.0,3,0.5,2,0.5,2,0.6,1.2,0.6,5.0
420,1,2,RPP,1,1,0.9444444444444444,18,1.0,2,1.0,1,1.0,1,1.0,1,,,,
420,2,3,RPP,2,1,0.6666666666666666,27,0.0,3,,0,1.0,3,0.0,3,0.5,1.1666666666666667,0.6666666666666666,6.0
420,3,4,RPP,3,1,0.6111111111111112,36,0.25,4,,0,0.75,4,0.25,4,1.2,1.4,0.2,10.0
420,4,5,RPP,4,1,0.8222222222222222,45,0.6,5,1.0,2,0.6666666666666666,3,0.3333333333333333,3,1.4,0.4,-1.0,5.0
420,5,3,RPP,5,2,0.6296296296296297,27,0.3333333333333333,3,0.0,1,1.0,2,0.5,2,1.125,1.125,0.0,8.0
420,6,5,RPP,6,2,0.5454545454545454,44,0.4,5,,0,0.5,4,0.5,4,1.3888888888888888,1.0,-0.3888888888888889,18.0
420,7,2,RPP,7,2,0.9444444444444444,18,1.0,2,1.0,1,1.0,1,1.0,1,,,,
420,8,3,RPP,8,3,0.9629629629629629,27,1.0,3,1.0,2,1.0,1,1.0,1,,,,
420,9,4,RPP,9,2,0.8333333333333334,36,1.0,4,,0,1.0,4,1.0,4,0.5,0.5,0.0,2.0
420,10,5,RPP,10,3,0.8444444444444444,45,0.6,5,0.3333333333333333,3,1.0,2,1.0,2,0.0,0.4,0.4,5.0
421,1,2,RPP,1,1,1.0,18,1.0,2,1.0,2,,0,,0,0.0,0.0,0.0,1.0
421,2,3,RPP,2,1,0.7407407407407407,27,0.3333333333333333,3,1.0,1,0.5,2,0.0,2,0.8333333333333334,1.3333333333333333,0.5,6.0
421,3,4,RPP,3,1,0.75,36,0.5,4,1.0,1,0.6666666666666666,3,0.3333333333333333,3,0.7142857142857143,0.5714285714285714,-0.14285714285714285,7.0
421,4,5,RPP,4,1,0.4666666666666667,45,0.0,5,,0,0.2,5,0.0,5,1.3157894736842106,1.4210526315789473,0.10526315789473684,19.0
421,5,3,RPP,5,2,0.8148148148148148,27,0.6666666666666666,3,1.0,1,1.0,2,0.5,2,1.0,1.0,0.0,3.0
421,6,5,RPP,6,2,0.75,44,0.2,5,1.0,1,0.75,4,0.0,4,0.5,1.125,0.625,8.0
421,7,2,RPP,7,2,1.0,18,1.0,2,1.0,2,,0,,0,,,,
421,8,3,RPP,8,3,0.6296296296296297,27,0.0,3,,0,0.6666666666666666,3,0.0,3,1.0,1.0,0.0,8.0
421,9,4,RPP,9,2,0.8333333333333334,36,0.5,4,0.5,2,1.0,2,0.5,2,0.75,0.75,0.0,4.0
421,10,5,RPP,10,3,0.7777777777777778,45,0.6,5,1.0,1,1.0,4,0.5,4,0.5714285714285714,1.1428571428571428,0.5714285714285714,7.0
422,1,2,RPP,1,1,0.7777777777777778,18,0.5,2,,0,1.0,2,0.5,2,0.5,1.0,0.5,2.0
422,2,3,RPP,2,1,0.8888888888888888,27,0.6666666666666666,3,1.0,2,1.0,1,0.0,1,0.5,1.0,0.5,2.0
422,3,5,RPP,3,1,0.7111111111111111,45,0.4,5,0.0,1,0.5,4,0.5,4,0.8888888888888888,0.8888888888888888,0.0,9.0
422,4,4,RPP,4,1,0.9166666666666666,36,1.0,4,1.0,2,1.0,2,1.0,2,0.0,0.0,0.0,2.0
422,5,3,RPP,5,2,0.8888888888888888,27,1.0,3,1.0,1,1.0,2,1.0,2,0.0,1.0,1.0,1.0
422,6,5,RPP,6,2,0.8666666666666667,45,1.0,5,1.0,2,1.0,3,1.0,3,0.3333333333333333,0.3333333333333333,0.0,3.0
422,7,2,RPP,7,2,0.7777777777777778,18,0.5,2,,0,1.0,2,0.5,2,0.3333333333333333,1.0,0.6666666666666666,3.0
422,8,3,RPP,8,3,0.8518518518518519,27,0.3333333333333333,3,0.0,1,1.0,2,0.5,2,0.0,0.5,0.5,2.0
422,9,5,RPP,9,3,0.8,45,0.6,5,1.0,2,1.0,3,0.3333333333333333,3,0.5,0.6666666666666666,0.16666666666666666,6.0
422,10,4,RPP,10,2,0.8055555555555556,36,0.75,4,1.0,1,1.0,3,0.6666666666666666,3,0.25,0.5,0.25,4.0
423,1,2,RPP,1,1,0.9444444444444444,18,1.0,2,1.0,1,1.0,1,1.0,1,,,,
423,2,3,RPP,2,1,0.6296296296296297,27,0.3333333333333333,3,,0,0.6666666666666666,3,0.3333333333333333,3,1.0,1.5,0.5,8.0
423,3,5,RPP,3,1,0.7333333333333333,45,0.6,5,1.0,1,1.0,4,0.5,4,0.7777777777777778,1.0,0.2222222222222222,9.0
423,4,4,RPP,4,1,0.8888888888888888,36,0.75,4,1.0,1,1.0,3,0.6666666666666666,3,0.0,0.5,0.5,2.0
423,5,3,RPP,5,2,0.8518518518518519,27,0.6666666666666666,3,1.0,1,1.0,2,0.5,2,0.5,1.0,0.5,2.0
423,6,5,RPP,6,2,0.8222222222222222,45,0.4,5,0.5,2,0.6666666666666666,3,0.3333333333333333,3,0.4,0.6,0.2,5.0
423,7,2,RPP,7,2,0.8333333333333334,18,0.5,2,,0,1.0,2,0.5,2,0.0,1.0,1.0,1.0
423,8,3,RPP,8,3,0.9259259259259259,27,1.0,3,1.0,2,1.0,1,1.0,1,0.0,0.0,0.0,1.0
423,9,5,RPP,9,3,0.8666666666666667,45,0.8,5,1.0,2,1.0,3,0.6666666666666666,3,0.75,1.0,0.25,4.0
423,10,4,RPP,10,2,0.8055555555555556,36,0.5,4,1.0,1,1.0,3,0.3333333333333333,3,0.4,0.6,0.2,5.0
424,1,2,RPP,1,1,0.7777777777777778,18,0.0,2,,0,1.0,2,0.0,2,0.0,1.0,1.0,2.0
424,2,3,RPP,2,1,0.7407407407407407,27,0.3333333333333333,3,1.0,1,0.0,2,0.0,2,0.6,1.2,0.6,5.0
424,3,5,RPP,3,1,0.9333333333333333,45,1.0,5,1.0,4,1.0,1,1.0,1,0.0,0.0,0.0,2.0
424,4,4,RPP,4,1,0.8333333333333334,36,0.75,4,,0,0.75,4,0.75,4,0.6666666666666666,0.6666666666666666,0.0,3.0
424,5,3,RPP,5,2,0.8518518518518519,27,0.3333333333333333,3,1.0,1,0.5,2,0.0,2,0.5,0.5,0.0,2.0
424,6,5,RPP,6,2,0.8888888888888888,45,0.8,5,1.0,4,0.0,1,0.0,1,0.5,0.5,0.0,4.0
424,7,2,RPP,7,2,0.7058823529411765,17,0.0,1,,0,1.0,1,0.0,1,0.5,1.0,0.5,4.0
424,8,3,RPP,8,3,0.8148148148148148,27,0.3333333333333333,3,,0,0.3333333333333333,3,0.3333333333333333,3,1.0,0.0,-1.0,2.0
424,9,5,RPP,9,3,0.8444444444444444,45,0.8,5,1.0,2,1.0,3,0.6666666666666666,3,0.6,1.0,0.4,5.0
424,10,4,RPP,10,2,0.9166666666666666,36,0.75,4,1.0,2,1.0,2,0.5,2,0.0,1.0,1.0,1.0
425,1,2,Age>25,1,1,0.6666666666666666,18,0.5,2,,0,1.0,2,0.5,2,1.0,0.5,-0.5,4.0
425,2,3,Age>25,2,1,0.8518518518518519,27,0.6666666666666666,3,1.0,1,1.0,2,0.5,2,0.3333333333333333,0.6666666666666666,0.3333333333333333,3.0
425,3,4,Age>25,3,1,0.75,36,0.5,4,1.0,1,0.6666666666666666,3,0.3333333333333333,3,0.8333333333333334,0.8333333333333334,0.0,6.0
425,4,5,Age>25,4,1,0.5777777777777777,45,0.6,5,1.0,2,0.6666666666666666,3,0.3333333333333333,3,1.6470588235294117,2.0,0.35294117647058826,17.0
425,5,3,Age>25,5,2,0.8148148148148148,27,0.3333333333333333,3,0.0,1,0.5,2,0.5,2,0.3333333333333333,0.6666666666666666,0.3333333333333333,3.0
425,6,5,Age>25,6,2,0.8,45,0.6,5,1.0,1,1.0,4,0.5,4,0.5,0.8333333333333334,0.3333333333333333,6.0
425,7,2,Age>25,7,2,0.7222222222222222,18,0.5,2,,0,0.5,2,0.5,2,1.0,0.3333333333333333,-0.6666666666666666,3.0
425,8,3,Age>25,8,3,0.9259259259259259,27,1.0,3,1.0,2,1.0,1,1.0,1,0.0,0.0,0.0,1.0
425,9,4,Age>25,9,2,0.8333333333333334,36,0.5,4,1.0,1,0.6666666666666666,3,0.3333333333333333,3,0.3333333333333333,1.0,0.6666666666666666,3.0
425,10,5,Age>25,10,3,0.6222222222222222,45,0.2,5,1.0,1,0.75,4,0.0,4,0.7692307692307693,1.3846153846153846,0.6153846153846154,13.0
427,1,2,RPP,1,1,0.9444444444444444,18,1.0,2,1.0,1,1.0,1,1.0,1,,,,
427,2,3,RPP,2,1,0.8148148148148148,27,0.6666666666666666,3,,0,1.0,3,0.6666666666666666,3,0.0,1.0,1.0,2.0
427,3,4,RPP,3,1,0.9166666666666666,36,0.75,4,1.0,2,1.0,2,0.5,2,0.0,1.0,1.0,1.0
427,4,5,RPP,4,1,0.8888888888888888,45,0.6,5,1.0,2,1.0,3,0.3333333333333333,3,0.0,1.0,1.0,2.0
427,5,3,RPP,5,2,0.8888888888888888,27,0.6666666666666666,3,1.0,1,1.0,2,0.5,2,0.0,1.0,1.0,2.0
427,6,5,RPP,6,2,0.8666666666666667,45,0.6,5,1.0,1,1.0,4,0.5,4,0.0,1.0,1.0,2.0
427,7,2,RPP,7,2,0.9444444444444444,18,1.0,2,1.0,1,1.0,1,1.0,1,,,,
427,8,3,RPP,8,3,0.8888888888888888,27,0.6666666666666666,3,1.0,1,1.0,2,0.5,2,0.0,1.0,1.0,1.0
427,9,4,RPP,9,2,0.8333333333333334,36,0.5,4,1.0,1,1.0,3,0.3333333333333333,3,0.3333333333333333,1.0,0.6666666666666666,3.0
427,10,5,RPP,10,3,0.8888888888888888,45,0.6,5,1.0,2,1.0,3,0.3333333333333333,3,0.0,1.0,1.0,2.0
428,1,2,RPP,1,1,0.6111111111111112,18,0.0,2,,0,1.0,2,0.0,2,1.2,1.0,-0.2,5.0
428,2,4,RPP,2,1,0.8611111111111112,36,0.75,4,1.0,1,1.0,3,0.6666666666666666,3,0.5,0.5,0.0,2.0
428,3,3,RPP,3,1,0.8518518518518519,27,0.3333333333333333,3,1.0,1,1.0,2,0.0,2,0.0,1.0,1.0,2.0
428,4,5,RPP,4,1,0.8444444444444444,45,1.0,5,1.0,2,1.0,3,1.0,3,0.5,1.1666666666666667,0.6666666666666666,6.0
428,5,3,RPP,5,2,0.8518518518518519,27,1.0,3,1.0,1,1.0,2,1.0,2,0.0,1.0,1.0,2.0
428,6,5,RPP,6,2,0.7777777777777778,45,0.4,5,1.0,2,0.6666666666666666,3,0.0,3,0.7142857142857143,1.1428571428571428,0.42857142857142855,7.0
428,7,2,RPP,7,2,0.9444444444444444,18,1.0,2,1.0,1,1.0,1,1.0,1,,,,
428,8,4,RPP,8,2,0.8611111111111112,36,0.75,4,1.0,2,1.0,2,0.5,2,0.6666666666666666,0.6666666666666666,0.0,3.0
428,9,3,RPP,9,3,0.8148148148148148,27,0.3333333333333333,3,1.0,1,1.0,2,0.0,2,0.4,0.8,0.4,5.0
428,10,5,RPP,10,3,0.8222222222222222,45,0.6,5,1.0,1,1.0,4,0.5,4,0.5,1.0,0.5,4.0
429,1,2,RPP,1,1,0.8888888888888888,18,0.5,2,1.0,1,1.0,1,0.0,1,0.0,1.0,1.0,1.0
429,2,3,RPP,2,1,0.8148148148148148,27,0.3333333333333333,3,,0,1.0,3,0.3333333333333333,3,0.0,1.0,1.0,2.0
429,3,4,RPP,3,1,0.8333333333333334,36,0.5,4,1.0,2,0.5,2,0.0,2,0.25,0.75,0.5,4.0
429,4,5,RPP,4,1,0.8,45,0.2,5,0.5,2,0.6666666666666666,3,0.0,3,0.6666666666666666,0.5,-0.16666666666666666,6.0
429,5,3,RPP,5,2,0.9230769230769231,26,0.6666666666666666,3,1.0,1,1.0,1,0.0,1,0.0,1.0,1.0,1.0
429,6,5,RPP,6,2,0.8666666666666667,45,0.6,5,1.0,2,1.0,3,0.3333333333333333,3,0.3333333333333333,1.0,0.6666666666666666,3.0
429,7,2,RPP,7,2,0.9444444444444444,18,1.0,2,1.0,2,,0,,0,0.3333333333333333,0.0,-0.3333333333333333,3.0
429,8,3,RPP,8,3,0.8518518518518519,27,0.6666666666666666,3,1.0,1,1.0,2,0.5,2,0.5,1.0,0.5,2.0
429,9,4,RPP,9,2,0.8857142857142857,35,0.75,4,1.0,1,1.0,2,0.5,2,0.0,1.0,1.0,2.0
429,10,5,RPP,10,3,0.6818181818181818,44,0.2,5,0.0,1,0.6666666666666666,3,0.3333333333333333,3,0.5454545454545454,1.0909090909090908,0.5454545454545454,11.0
430,1,2,RPP,1,1,1.0,18,1.0,2,1.0,2,,0,,0,,,,
430,2,3,RPP,2,1,0.9259259259259259,27,0.6666666666666666,3,1.0,2,1.0,1,0.0,1,0.0,1.0,1.0,1.0
430,3,4,RPP,3,1,0.5277777777777778,36,1.0,4,,0,1.0,4,1.0,4,2.6470588235294117,1.9411764705882353,-0.7058823529411765,17.0
430,4,5,RPP,4,1,0.8888888888888888,45,0.8,5,1.0,3,1.0,2,0.5,2,0.3333333333333333,0.6666666666666666,0.3333333333333333,3.0
430,5,3,RPP,5,2,1.0,27,1.0,3,1.0,3,,0,,0,,,,
430,6,5,RPP,6,2,0.8,45,0.6,5,1.0,1,0.75,4,0.5,4,0.4,1.0,0.6,5.0
430,7,2,RPP,7,2,0.8888888888888888,18,1.0,2,1.0,1,1.0,1,1.0,1,0.0,0.0,0.0,1.0
430,8,3,RPP,8,3,0.8518518518518519,27,0.3333333333333333,3,1.0,1,0.5,2,0.0,2,0.3333333333333333,0.3333333333333333,0.0,3.0
430,9,4,RPP,9,2,0.8333333333333334,36,0.5,4,1.0,1,1.0,3,0.3333333333333333,3,0.3333333333333333,1.0,0.6666666666666666,3.0
430,10,5,RPP,10,3,0.8444444444444444,45,0.6,5,1.0,2,0.6666666666666666,3,0.3333333333333333,3,0.5,1.25,0.75,4.0
431,1,2,RPP,1,1,1.0,18,1.0,2,1.0,2,,0,,0,0.0,0.0,0.0,1.0
431,2,3,RPP,2,1,0.9259259259259259,27,0.6666666666666666,3,1.0,2,0.0,1,0.0,1,1.0,0.0,-1.0,1.0
431,3,4,RPP,3,1,0.7222222222222222,36,0.25,4,1.0,1,0.3333333333333333,3,0.0,3,1.1428571428571428,0.8571428571428571,-0.2857142857142857,7.0
431,4,5,RPP,4,1,0.8222222222222222,45,0.6,5,1.0,2,1.0,3,0.3333333333333333,3,0.6,1.2,0.6,5.0
431,5,3,RPP,5,2,0.9259259259259259,27,1.0,3,1.0,1,1.0,2,1.0,2,,,,
431,6,5,RPP,6,2,0.6888888888888889,45,0.2,5,0.5,2,1.0,3,0.0,3,0.7272727272727273,1.0909090909090908,0.36363636363636365,11.0
431,7,2,RPP,7,2,0.6666666666666666,18,0.0,2,,0,0.5,2,0.0,2,0.5,1.0,0.5,4.0
431,8,3,RPP,8,3,0.8888888888888888,27,1.0,3,1.0,1,1.0,2,1.0,2,0.0,1.0,1.0,1.0
431,9,4,RPP,9,2,0.8888888888888888,36,0.75,4,1.0,1,1.0,3,0.6666666666666666,3,0.0,1.0,1.0,1.0
431,10,5,RPP,10,3,0.8888888888888888,45,0.8,5,1.0,2,1.0,3,0.6666666666666666,3,0.5,0.5,0.0,2.0
432,1,2,RPP,1,1,0.8333333333333334,18,0.5,2,,0,0.5,2,0.5,2,1.0,0.0,-1.0,1.0
432,2,3,RPP,2,1,0.7037037037037037,27,0.3333333333333333,3,,0,0.6666666666666666,3,0.3333333333333333,3,0.8,1.0,0.2,5.0
432,3,5,RPP,3,1,0.8,45,0.6,5,1.0,2,1.0,3,0.3333333333333333,3,0.6666666666666666,1.0,0.3333333333333333,6.0
432,4,4,RPP,4,1,0.8888888888888888,36,0.75,4,1.0,2,1.0,2,0.5,2,0.5,0.5,0.0,2.0
432,5,3,RPP,5,2,0.8148148148148148,27,0.3333333333333333,3,0.0,1,1.0,2,0.5,2,0.3333333333333333,0.6666666666666666,0.3333333333333333,3.0
432,6,5,RPP,6,2,0.6,45,0.6,5,1.0,1,1.0,4,0.5,4,1.8666666666666667,1.3333333333333333,-0.5333333333333333,15.0
432,7,2,RPP,7,2,0.9444444444444444,18,1.0,2,1.0,1,1.0,1,1.0,1,,,,
432,8,3,RPP,8,3,0.9629629629629629,27,1.0,3,1.0,2,1.0,1,1.0,1,,,,
432,9,5,RPP,9,3,0.8,45,0.4,5,1.0,1,1.0,4,0.25,4,0.42857142857142855,0.8571428571428571,0.42857142857142855,7.0
432,10,4,RPP,10,2,0.8611111111111112,36,0.75,4,1.0,1,1.0,3,0.6666666666666666,3,0.0,1.0,1.0,2.0
434,1,2,RPP,1,1,0.7222222222222222,18,0.0,2,,0,0.5,2,0.0,2,0.3333333333333333,1.0,0.6666666666666666,3.0
434,2,3,RPP,2,1,0.8518518518518519,27,0.6666666666666666,3,1.0,1,1.0,2,0.5,2,0.5,0.5,0.0,2.0
434,3,5,RPP,3,1,0.6666666666666666,45,0.6,5,1.0,1,0.75,4,0.5,4,1.1818181818181819,1.4545454545454546,0.2727272727272727,11.0
434,4,4,RPP,4,1,0.8333333333333334,36,0.75,4,1.0,1,1.0,3,0.6666666666666666,3,0.3333333333333333,0.3333333333333333,0.0,3.0
434,5,3,RPP,5,2,0.9629629629629629,27,1.0,3,1.0,2,1.0,1,1.0,1,0.0,0.0,0.0,1.0
434,6,5,RPP,6,2,0.7333333333333333,45,0.4,5,1.0,1,0.75,4,0.25,4,0.7777777777777778,1.0,0.2222222222222222,9.0
434,7,2,RPP,7,2,0.7777777777777778,18,0.5,2,,0,1.0,2,0.5,2,0.5,1.0,0.5,4.0
434,8,3,RPP,8,3,0.9259259259259259,27,1.0,3,1.0,2,1.0,1,1.0,1,0.0,0.0,0.0,1.0
434,9,5,RPP,9,3,0.4666666666666667,45,0.6,5,1.0,1,0.5,4,0.5,4,1.8571428571428572,1.9047619047619047,0.047619047619047616,21.0
434,10,4,RPP,10,2,0.6944444444444444,36,0.5,4,1.0,1,0.6666666666666666,3,0.3333333333333333,3,1.1111111111111112,1.0,-0.1111111111111111,9.0
435,1,2,RPP,1,1,0.8888888888888888,18,1.0,2,,0,1.0,2,1.0,2,,,,
435,2,3,RPP,2,1,0.8888888888888888,27,0.6666666666666666,3,1.0,1,1.0,2,0.5,2,0.0,1.0,1.0,1.0
435,3,4,RPP,3,1,0.8333333333333334,36,0.5,4,1.0,1,1.0,3,0.3333333333333333,3,0.3333333333333333,1.0,0.6666666666666666,3.0
435,4,5,RPP,4,1,0.8222222222222222,45,0.6,5,1.0,1,1.0,4,0.5,4,0.5,0.5,0.0,4.0
435,5,3,RPP,5,2,0.8888888888888888,27,0.6666666666666666,3,1.0,1,1.0,2,0.5,2,0.0,1.0,1.0,1.0
435,6,5,RPP,6,2,0.8888888888888888,45,0.8,5,1.0,2,1.0,3,0.6666666666666666,3,0.5,1.0,0.5,2.0
435,7,2,RPP,7,2,0.8888888888888888,18,0.5,2,1.0,1,0.0,1,0.0,1,1.0,0.0,-1.0,1.0
435,8,3,RPP,8,3,0.8888888888888888,27,0.6666666666666666,3,1.0,1,1.0,2,0.5,2,0.0,1.0,1.0,1.0
435,9,4,RPP,9,2,0.9166666666666666,36,1.0,4,1.0,1,1.0,3,1.0,3,,,,
435,10,5,RPP,10,3,0.8666666666666667,45,0.6,5,1.0,2,1.0,3,0.3333333333333333,3,0.0,0.6666666666666666,0.6666666666666666,3.0
436,1,2,RPP,1,1,0.8888888888888888,18,0.5,2,1.0,1,1.0,1,0.0,1,0.0,1.0,1.0,1.0
436,2,3,RPP,2,1,0.8888888888888888,27,0.6666666666666666,3,1.0,2,1.0,1,0.0,1,0.0,0.5,0.5,2.0
436,3,4,RPP,3,1,0.8888888888888888,36,1.0,4,1.0,1,1.0,3,1.0,3,1.0,0.0,-1.0,1.0
436,4,5,RPP,4,1,0.7111111111111111,45,0.6,5,1.0,1,1.0,4,0.5,4,0.9166666666666666,1.4166666666666667,0.5,12.0
436,5,3,RPP,5,2,0.7777777777777778,27,0.3333333333333333,3,,0,0.6666666666666666,3,0.3333333333333333,3,0.6666666666666666,0.3333333333333333,-0.3333333333333333,3.0
436,6,5,RPP,6,2,0.8222222222222222,45,0.6,5,1.0,1,1.0,4,0.5,4,0.5,0.75,0.25,4.0
436,7,2,RPP,7,2,0.7777777777777778,18,0.0,2,,0,1.0,2,0.0,2,0.0,1.0,1.0,2.0
436,8,3,RPP,8,3,0.9629629629629629,27,1.0,3,1.0,2,1.0,1,1.0,1,,,,
436,9,4,RPP,9,2,0.8611111111111112,36,0.5,4,1.0,1,0.6666666666666666,3,0.3333333333333333,3,0.5,0.5,0.0,2.0
436,10,5,RPP,10,3,0.7777777777777778,45,0.8,5,1.0,2,1.0,3,0.6666666666666666,3,0.8571428571428571,0.5714285714285714,-0.2857142857142857,7.0
437,1,2,RPP,1,1,0.7777777777777778,18,0.5,2,,0,1.0,2,0.5,2,1.0,1.0,0.0,3.0
437,2,3,RPP,2,1,0.8148148148148148,27,0.3333333333333333,3,0.0,1,1.0,2,0.5,2,0.0,0.6666666666666666,0.6666666666666666,3.0
437,3,4,RPP,3,1,0.9444444444444444,36,1.0,4,1.0,2,1.0,2,1.0,2,,,,
437,4,5,RPP,4,1,0.9111111111111111,45,1.0,5,1.0,1,1.0,4,1.0,4,,,,
437,5,3,RPP,5,2,0.9259259259259259,27,1.0,3,1.0,1,1.0,2,1.0,2,,,,
437,6,5,RPP,6,2,0.8666666666666667,45,0.8,5,1.0,1,1.0,4,0.75,4,0.0,1.0,1.0,2.0
437,7,2,RPP,7,2,0.8888888888888888,18,1.0,2,1.0,1,1.0,1,1.0,1,0.0,0.5,0.5,2.0
437,8,3,RPP,8,3,0.9629629629629629,27,1.0,3,1.0,2,1.0,1,1.0,1,,,,
437,9,4,RPP,9,2,0.8611111111111112,36,0.75,4,1.0,2,1.0,2,0.5,2,0.0,0.3333333333333333,0.3333333333333333,3.0
437,10,5,RPP,10,3,0.8666666666666667,45,0.6,5,1.0,3,1.0,2,0.0,2,0.25,0.75,0.5,4.0
438,1,2,RPP,1,1,0.9444444444444444,18,1.0,2,1.0,1,1.0,1,1.0,1,,,,
438,2,4,RPP,2,1,0.6388888888888888,36,0.5,4,1.0,1,1.0,3,0.3333333333333333,3,1.3,1.7,0.4,10.0
438,3,3,RPP,3,1,0.8518518518518519,27,0.6666666666666666,3,,0,1.0,3,0.6666666666666666,3,0.0,1.0,1.0,1.0
438,4,5,RPP,4,1,0.8888888888888888,45,0.6,5,0.5,2,0.6666666666666666,3,0.6666666666666666,3,0.6666666666666666,0.0,-0.6666666666666666,3.0
438,5,3,RPP,5,2,0.9259259259259259,27,1.0,3,1.0,1,1.0,2,1.0,2,,,,
438,6,5,RPP,6,2,0.8666666666666667,45,0.6,5,0.5,2,1.0,3,0.6666666666666666,3,0.0,0.6666666666666666,0.6666666666666666,3.0
438,7,2,RPP,7,2,0.8888888888888888,18,0.5,2,1.0,1,1.0,1,0.0,1,0.0,1.0,1.0,1.0
438,8,4,RPP,8,2,0.6666666666666666,36,0.5,4,,0,0.75,4,0.5,4,1.1111111111111112,1.3333333333333333,0.2222222222222222,9.0
438,9,3,RPP,9,3,1.0,27,1.0,3,1.0,3,,0,,0,,,,
438,10,5,RPP,10,3,0.8222222222222222,45,0.6,5,1.0,2,1.0,3,0.3333333333333333,3,0.2,0.6,0.4,5.0
439,1,2,RPP,1,1,0.8333333333333334,18,1.0,2,,0,1.0,2,1.0,2,0.0,1.0,1.0,1.0
439,2,3,RPP,2,1,0.7777777777777778,27,0.3333333333333333,3,,0,1.0,3,0.3333333333333333,3,0.3333333333333333,1.0,0.6666666666666666,3.0
439,3,4,RPP,3,1,0.8333333333333334,36,1.0,4,1.0,1,1.0,3,1.0,3,0.75,0.25,-0.5,4.0
439,4,5,RPP,4,1,0.8666666666666667,45,0.8,5,1.0,2,1.0,3,0.6666666666666666,3,0.6666666666666666,0.6666666666666666,0.0,3.0
439,5,3,RPP,5,2,0.9259259259259259,27,1.0,3,1.0,1,1.0,2,1.0,2,,,,
439,6,5,RPP,6,2,0.9333333333333333,45,0.8,5,1.0,3,1.0,2,0.5,2,0.0,1.0,1.0,1.0
439,7,2,RPP,7,2,0.7222222222222222,18,0.0,2,,0,1.0,2,0.0,2,0.3333333333333333,1.0,0.6666666666666666,3.0
439,8,3,RPP,8,3,0.7777777777777778,27,0.6666666666666666,3,,0,1.0,3,0.6666666666666666,3,1.0,0.3333333333333333,-0.6666666666666666,3.0
439,9,4,RPP,9,2,0.9166666666666666,36,0.75,4,0.6666666666666666,3,1.0,1,1.0,1,1.0,0.0,-1.0,3.0
439,10,5,RPP,10,3,0.8222222222222222,45,0.6,5,1.0,1,0.75,4,0.5,4,1.4,0.2,-1.2,5.0
440,1,2,RPP,1,1,0.8333333333333334,18,0.5,2,,0,1.0,2,0.5,2,0.0,1.0,1.0,1.0
440,2,3,RPP,2,1,0.9259259259259259,27,0.6666666666666666,3,1.0,2,0.0,1,0.0,1,0.5,0.0,-0.5,4.0
440,3,4,RPP,3,1,0.7222222222222222,36,0.25,4,1.0,1,0.6666666666666666,3,0.0,3,1.1428571428571428,0.8571428571428571,-0.2857142857142857,7.0
440,4,5,RPP,4,1,0.8666666666666667,45,1.0,5,1.0,3,1.0,2,1.0,2,0.5,0.5,0.0,4.0
440,5,3,RPP,5,2,0.7037037037037037,27,0.3333333333333333,3,,0,0.6666666666666666,3,0.3333333333333333,3,1.0,0.6,-0.4,5.0
440,6,5,RPP,6,2,0.6888888888888889,45,0.4,5,1.0,2,1.0,3,0.0,3,0.8333333333333334,1.1666666666666667,0.3333333333333333,12.0
440,7,2,RPP,7,2,0.8888888888888888,18,0.5,2,1.0,1,1.0,1,0.0,1,0.0,1.0,1.0,1.0
440,8,3,RPP,8,3,0.9259259259259259,27,1.0,3,1.0,1,1.0,2,1.0,2,,,,
440,9,4,RPP,9,2,0.9166666666666666,36,0.75,4,1.0,2,1.0,2,0.5,2,0.0,1.0,1.0,1.0
440,10,5,RPP,10,3,0.8222222222222222,45,0.6,5,1.0,1,0.75,4,0.5,4,0.6,0.8,0.2,5.0
441,1,2,RPP,1,1,0.9444444444444444,18,1.0,2,1.0,2,,0,,0,0.0,0.0,0.0,1.0
441,2,3,RPP,2,1,0.8888888888888888,27,0.6666666666666666,3,1.0,1,1.0,2,0.5,2,0.5,1.0,0.5,2.0
441,3,4,RPP,3,1,0.75,36,1.0,4,1.0,1,1.0,3,1.0,3,0.8333333333333334,1.1666666666666667,0.3333333333333333,6.0
441,4,5,RPP,4,1,0.8666666666666667,45,0.8,5,1.0,2,0.6666666666666666,3,0.6666666666666666,3,0.6666666666666666,0.0,-0.6666666666666666,3.0
441,5,3,RPP,5,2,0.9259259259259259,27,1.0,3,1.0,1,1.0,2,1.0,2,,,,
441,6,5,RPP,6,2,0.9111111111111111,45,0.6,5,0.75,4,1.0,1,0.0,1,0.3333333333333333,0.6666666666666666,0.3333333333333333,3.0
441,7,2,RPP,7,2,0.8888888888888888,18,0.5,2,1.0,1,1.0,1,0.0,1,0.0,1.0,1.0,1.0
441,8,3,RPP,8,3,0.9629629629629629,27,1.0,3,1.0,2,1.0,1,1.0,1,,,,
441,9,4,RPP,9,2,0.8888888888888888,36,0.75,4,1.0,2,1.0,2,0.5,2,0.6666666666666666,1.3333333333333333,0.6666666666666666,3.0
441,10,5,RPP,10,3,0.8222222222222222,45,0.4,5,1.0,1,1.0,4,0.25,4,0.0,1.0,1.0,4.0
442,1,2,RPP,1,1,0.8888888888888888,18,1.0,2,1.0,1,1.0,1,1.0,1,0.0,1.0,1.0,1.0
442,2,3,RPP,2,1,0.8888888888888888,27,0.3333333333333333,3,0.5,2,0.0,1,0.0,1,0.3333333333333333,0.6666666666666666,0.3333333333333333,3.0
442,3,5,RPP,3,1,0.6666666666666666,45,0.4,5,1.0,1,0.5,4,0.25,4,1.1666666666666667,1.1666666666666667,0.0,12.0
442,4,4,RPP,4,1,0.8333333333333334,36,0.75,4,1.0,2,1.0,2,0.5,2,0.5,1.0,0.5,4.0
442,5,3,RPP,5,2,0.7777777777777778,27,0.0,3,,0,1.0,3,0.0,3,0.0,1.0,1.0,3.0
442,6,5,RPP,6,2,0.8,45,0.6,5,1.0,2,0.3333333333333333,3,0.3333333333333333,3,1.2857142857142858,0.42857142857142855,-0.8571428571428571,7.0
442,7,2,RPP,7,2,0.7777777777777778,18,0.5,2,,0,0.5,2,0.5,2,0.5,1.0,0.5,2.0
442,8,3,RPP,8,3,0.9259259259259259,27,1.0,3,1.0,1,1.0,2,1.0,2,,,,
442,9,5,RPP,9,3,0.8444444444444444,45,0.6,5,1.0,3,1.0,2,0.0,2,0.8333333333333334,1.1666666666666667,0.3333333333333333,6.0
442,10,4,RPP,10,2,0.75,36,0.25,4,,0,0.75,4,0.25,4,0.5,1.0,0.5,6.0
443,1,2,RPP,1,1,0.7777777777777778,18,1.0,2,,0,1.0,2,1.0,2,1.0,0.0,-1.0,2.0
443,2,3,RPP,2,1,0.8148148148148148,27,0.3333333333333333,3,,0,1.0,3,0.3333333333333333,3,0.0,1.0,1.0,3.0
443,3,5,RPP,3,1,0.8222222222222222,45,1.0,5,1.0,2,1.0,3,1.0,3,1.4,0.8,-0.6,5.0
443,4,4,RPP,4,1,0.9166666666666666,36,1.0,4,1.0,2,1.0,2,1.0,2,0.0,1.0,1.0,1.0
443,5,3,RPP,5,2,0.9259259259259259,27,1.0,3,1.0,1,1.0,2,1.0,2,,,,
443,6,5,RPP,6,2,0.6222222222222222,45,0.6,5,1.0,1,1.0,4,0.5,4,1.9333333333333333,1.2666666666666666,-0.6666666666666666,15.0
443,7,2,RPP,7,2,0.8888888888888888,18,1.0,2,1.0,1,1.0,1,1.0,1,1.0,0.0,-1.0,1.0
443,8,3,RPP,8,3,0.9259259259259259,27,1.0,3,1.0,1,1.0,2,1.0,2,0.0,1.0,1.0,1.0
443,9,5,RPP,9,3,0.9111111111111111,45,1.0,5,1.0,2,1.0,3,1.0,3,0.0,0.5,0.5,2.0
443,10,4,RPP,10,2,0.8888888888888888,36,0.75,4,1.0,1,1.0,3,0.6666666666666666,3,0.0,1.0,1.0,1.0
444,1,2,RPP,1,1,0.7777777777777778,18,0.0,2,,0,1.0,2,0.0,2,0.0,1.0,1.0,2.0
444,2,3,RPP,2,1,0.7777777777777778,27,0.3333333333333333,3,1.0,1,1.0,2,0.0,2,0.5,1.25,0.75,4.0
444,3,5,RPP,3,1,0.8444444444444444,45,0.6,5,1.0,2,0.6666666666666666,3,0.3333333333333333,3,0.5,1.0,0.5,4.0
444,4,4,RPP,4,1,0.8888888888888888,36,0.75,4,1.0,1,1.0,3,0.6666666666666666,3,0.5,0.5,0.0,2.0
444,5,3,RPP,5,2,0.9259259259259259,27,1.0,3,1.0,1,1.0,2,1.0,2,,,,
444,6,5,RPP,6,2,0.8444444444444444,45,0.8,5,1.0,1,0.75,4,0.75,4,0.6666666666666666,0.6666666666666666,0.0,3.0
444,7,2,RPP,7,2,1.0,18,1.0,2,1.0,2,,0,,0,,,,
444,8,3,RPP,8,3,0.9259259259259259,27,1.0,3,1.0,1,1.0,2,1.0,2,,,,
444,9,5,RPP,9,3,0.8666666666666667,45,0.6,5,1.0,1,1.0,4,0.5,4,0.0,1.0,1.0,2.0
444,10,4,RPP,10,2,0.8888888888888888,36,0.5,4,1.0,2,1.0,2,0.0,2,0.0,1.0,1.0,2.0
445,1,2,RPP,1,1,0.8888888888888888,18,1.0,2,,0,1.0,2,1.0,2,,,,
445,2,3,RPP,2,1,0.9259259259259259,27,0.6666666666666666,3,1.0,2,1.0,1,0.0,1,0.0,1.0,1.0,1.0
445,3,4,RPP,3,1,0.75,36,0.5,4,1.0,1,1.0,3,0.3333333333333333,3,0.5,1.0,0.5,6.0
445,4,5,RPP,4,1,0.8222222222222222,45,0.8,5,1.0,3,1.0,2,0.5,2,0.5,0.8333333333333334,0.3333333333333333,6.0
445,5,3,RPP,5,2,0.8518518518518519,27,0.3333333333333333,3,0.0,1,0.5,2,0.5,2,0.3333333333333333,0.6666666666666666,0.3333333333333333,3.0
445,6,5,RPP,6,2,0.7555555555555555,45,0.2,5,0.0,2,1.0,3,0.3333333333333333,3,0.375,0.875,0.5,8.0
445,7,2,RPP,7,2,0.8888888888888888,18,1.0,2,1.0,1,1.0,1,1.0,1,0.5,0.0,-0.5,2.0
445,8,3,RPP,8,3,0.9259259259259259,27,1.0,3,1.0,1,1.0,2,1.0,2,,,,
445,9,4,RPP,9,2,0.8611111111111112,36,0.5,4,0.5,2,1.0,2,0.5,2,0.0,0.3333333333333333,0.3333333333333333,3.0
445,10,5,RPP,10,3,0.8888888888888888,45,0.8,5,1.0,1,1.0,4,0.75,4,0.0,1.0,1.0,2.0
447,1,2,RPP,1,1,0.8888888888888888,18,1.0,2,1.0,1,1.0,1,1.0,1,0.5,0.0,-0.5,2.0
447,2,3,RPP,2,1,0.8148148148148148,27,0.6666666666666666,3,1.0,1,1.0,2,0.5,2,1.0,0.3333333333333333,-0.6666666666666666,3.0
447,3,4,RPP,3,1,0.8611111111111112,36,0.75,4,1.0,2,0.5,2,0.5,2,0.6666666666666666,0.0,-0.6666666666666666,3.0
447,4,5,RPP,4,1,0.8888888888888888,45,1.0,5,1.0,2,1.0,3,1.0,3,0.5,0.5,0.0,2.0
447,5,3,RPP,5,2,0.8888888888888888,27,1.0,3,,0,1.0,3,1.0,3,,,,
447,6,5,RPP,6,2,0.5681818181818182,44,0.4,5,1.0,1,0.5,4,0.25,4,1.1333333333333333,1.4666666666666666,0.3333333333333333,15.0
447,7,2,RPP,7,2,0.8888888888888888,18,0.5,2,1.0,1,1.0,1,0.0,1,0.0,1.0,1.0,1.0
447,8,3,RPP,8,3,0.6666666666666666,27,0.0,3,,0,0.6666666666666666,3,0.0,3,0.7142857142857143,1.2857142857142858,0.5714285714285714,7.0
447,9,4,RPP,9,2,0.8055555555555556,36,0.5,4,1.0,1,0.6666666666666666,3,0.3333333333333333,3,0.5,0.75,0.25,4.0
447,10,5,RPP,10,3,0.6888888888888889,45,0.2,5,0.5,2,1.0,3,0.0,3,0.7272727272727273,1.0,0.2727272727272727,11.0
448,1,2,Age>25,1,1,0.7777777777777778,18,0.5,2,,0,1.0,2,0.5,2,0.0,1.0,1.0,2.0
448,2,4,Age>25,2,1,0.9166666666666666,36,0.75,4,1.0,2,1.0,2,0.5,2,0.0,1.0,1.0,1.0
448,3,3,Age>25,3,1,0.8148148148148148,27,0.3333333333333333,3,,0,1.0,3,0.3333333333333333,3,0.0,1.0,1.0,2.0
448,4,5,Age>25,4,1,0.9333333333333333,45,1.0,5,1.0,2,1.0,3,1.0,3,,,,
448,5,3,Age>25,5,2,0.8846153846153846,26,0.3333333333333333,3,1.0,1,0.0,1,0.0,1,0.5,0.0,-0.5,2.0
448,6,5,Age>25,6,2,0.6444444444444445,45,0.6,5,1.0,1,0.75,4,0.5,4,1.0833333333333333,1.0,-0.08333333333333333,12.0
448,7,2,Age>25,7,2,0.5555555555555556,18,0.0,2,0.0,1,0.0,1,0.0,1,1.2857142857142858,0.5714285714285714,-0.7142857142857143,7.0
448,8,4,Age>25,8,2,0.8888888888888888,36,0.75,4,1.0,1,1.0,3,0.6666666666666666,3,0.0,1.0,1.0,1.0
448,9,3,Age>25,9,3,0.9615384615384616,26,1.0,3,1.0,1,1.0,1,1.0,1,,,,
448,10,5,Age>25,10,3,0.8666666666666667,45,0.6,5,1.0,2,1.0,3,0.3333333333333333,3,0.3333333333333333,1.0,0.6666666666666666,3.0
449,1,2,RPP,1,1,0.9444444444444444,18,1.0,2,1.0,2,,0,,0,0.0,0.0,0.0,2.0
449,2,3,RPP,2,1,0.8518518518518519,27,0.6666666666666666,3,1.0,1,1.0,2,0.5,2,0.5,1.0,0.5,2.0
449,3,4,RPP,3,1,0.6666666666666666,36,0.5,4,1.0,1,0.6666666666666666,3,0.3333333333333333,3,0.7777777777777778,0.8888888888888888,0.1111111111111111,9.0
449,4,5,RPP,4,1,0.6666666666666666,45,0.6,5,0.0,1,1.0,4,0.75,4,0.9166666666666666,1.4166666666666667,0.5,12.0
449,5,3,RPP,5,2,0.9629629629629629,27,1.0,3,1.0,2,1.0,1,1.0,1,,,,
449,6,5,RPP,6,2,0.8444444444444444,45,0.4,5,1.0,2,0.6666666666666666,3,0.0,3,0.5,0.75,0.25,4.0
449,7,2,RPP,7,2,0.6666666666666666,18,0.0,2,,0,1.0,2,0.0,2,0.5,1.0,0.5,4.0
449,8,3,RPP,8,3,0.8888888888888888,27,1.0,3,1.0,1,1.0,2,1.0,2,0.0,1.0,1.0,1.0
449,9,4,RPP,9,2,0.8888888888888888,36,0.75,4,1.0,2,0.5,2,0.5,2,0.5,1.0,0.5,2.0
449,10,5,RPP,10,3,0.7555555555555555,45,0.4,5,0.0,1,1.0,4,0.5,4,0.7142857142857143,0.7142857142857143,0.0,7.0
450,1,2,RPP,1,1,0.9444444444444444,18,1.0,2,1.0,2,,0,,0,0.0,0.0,0.0,1.0
450,2,3,RPP,2,1,0.7777777777777778,27,0.6666666666666666,3,,0,1.0,3,0.6666666666666666,3,1.0,1.0,0.0,3.0
450,3,4,RPP,3,1,0.6666666666666666,36,0.5,4,1.0,1,1.0,3,0.3333333333333333,3,0.9,1.4,0.5,10.0
450,4,5,RPP,4,1,0.7111111111111111,45,0.8,5,1.0,1,1.0,4,0.75,4,0.8,1.1,0.3,10.0
450,5,3,RPP,5,2,0.8888888888888888,27,1.0,3,1.0,1,1.0,2,1.0,2,0.5,0.0,-0.5,2.0
450,6,5,RPP,6,2,0.6888888888888889,45,0.6,5,1.0,1,1.0,4,0.5,4,1.1818181818181819,1.0,-0.18181818181818182,11.0
450,7,2,RPP,7,2,0.8888888888888888,18,1.0,2,1.0,1,1.0,1,1.0,1,0.0,0.0,0.0,1.0
450,8,3,RPP,8,3,0.8518518518518519,27,0.3333333333333333,3,1.0,1,0.5,2,0.0,2,0.3333333333333333,0.3333333333333333,0.0,3.0
450,9,4,RPP,9,2,0.6944444444444444,36,0.25,4,,0,1.0,4,0.25,4,0.75,1.375,0.625,8.0
450,10,5,RPP,10,3,0.5333333333333333,45,0.4,5,0.3333333333333333,3,0.5,2,0.5,2,1.4545454545454546,1.8636363636363635,0.4090909090909091,22.0
451,1,2,RPP,1,1,0.7222222222222222,18,1.0,2,,0,1.0,2,1.0,2,0.5,1.0,0.5,4.0
451,2,3,RPP,2,1,0.8518518518518519,27,0.6666666666666666,3,1.0,2,1.0,1,0.0,1,0.3333333333333333,0.6666666666666666,0.3333333333333333,3.0
451,3,4,RPP,3,1,0.75,36,0.75,4,1.0,1,1.0,3,0.6666666666666666,3,1.1666666666666667,1.5,0.3333333333333333,6.0
451,4,5,RPP,4,1,0.7555555555555555,45,0.6,5,1.0,2,1.0,3,0.3333333333333333,3,0.6,0.6,0.0,10.0
451,5,3,RPP,5,2,0.8518518518518519,27,0.3333333333333333,3,0.0,1,1.0,2,0.5,2,0.0,0.5,0.5,2.0
451,6,5,RPP,6,2,0.7777777777777778,45,0.6,5,1.0,2,0.6666666666666666,3,0.3333333333333333,3,0.7777777777777778,1.1111111111111112,0.3333333333333333,9.0
451,7,2,RPP,7,2,0.8888888888888888,18,0.5,2,1.0,1,1.0,1,0.0,1,0.5,1.0,0.5,2.0
451,8,3,RPP,8,3,0.7407407407407407,27,0.3333333333333333,3,0.0,1,1.0,2,0.5,2,1.1666666666666667,0.3333333333333333,-0.8333333333333334,6.0
451,9,4,RPP,9,2,0.8888888888888888,36,0.75,4,1.0,2,1.0,2,0.5,2,0.5,1.0,0.5,2.0
451,10,5,RPP,10,3,0.8666666666666667,45,0.6,5,1.0,1,1.0,4,0.5,4,0.3333333333333333,1.0,0.6666666666666666,3.0
452,1,2,RPP,1,1,0.7777777777777778,18,0.5,2,,0,1.0,2,0.5,2,0.5,1.0,0.5,2.0
452,2,3,RPP,2,1,0.7777777777777778,27,0.6666666666666666,3,1.0,1,1.0,2,0.5,2,1.0,1.5,0.5,4.0
452,3,5,RPP,3,1,0.7333333333333333,45,0.6,5,0.5,2,1.0,3,0.6666666666666666,3,1.0,0.9,-0.1,10.0
452,4,4,RPP,4,1,0.8888888888888888,36,1.0,4,1.0,2,1.0,2,1.0,2,0.0,1.0,1.0,2.0
452,5,3,RPP,5,2,0.8888888888888888,27,0.6666666666666666,3,1.0,1,1.0,2,0.5,2,0.0,1.0,1.0,1.0
452,6,5,RPP,6,2,0.8444444444444444,45,0.6,5,1.0,1,1.0,4,0.5,4,0.5,1.0,0.5,4.0
452,7,2,RPP,7,2,0.8888888888888888,18,0.5,2,0.0,1,1.0,1,1.0,1,0.0,0.0,0.0,1.0
452,8,3,RPP,8,3,0.9629629629629629,27,1.0,3,1.0,2,1.0,1,1.0,1,,,,
452,9,5,RPP,9,3,0.7333333333333333,45,0.4,5,1.0,2,0.6666666666666666,3,0.0,3,0.6666666666666666,1.0,0.3333333333333333,9.0
452,10,4,RPP,10,2,0.8611111111111112,36,0.75,4,1.0,2,1.0,2,0.5,2,0.3333333333333333,0.6666666666666666,0.3333333333333333,3.0
453,1,2,RPP,1,1,0.7777777777777778,18,0.0,2,,0,1.0,2,0.0,2,0.0,1.0,1.0,2.0
453,2,3,RPP,2,1,0.8148148148148148,27,0.3333333333333333,3,,0,0.6666666666666666,3,0.3333333333333333,3,0.5,0.5,0.0,2.0
453,3,5,RPP,3,1,0.9333333333333333,45,0.8,5,1.0,3,0.5,2,0.5,2,1.0,0.0,-1.0,1.0
453,4,4,RPP,4,1,0.8055555555555556,36,0.25,4,,0,0.5,4,0.25,4,0.6666666666666666,0.3333333333333333,-0.3333333333333333,3.0
453,5,3,RPP,5,2,0.8888888888888888,27,0.6666666666666666,3,1.0,1,0.5,2,0.5,2,1.0,0.0,-1.0,1.0
453,6,5,RPP,6,2,0.8444444444444444,45,0.4,5,1.0,2,1.0,3,0.0,3,0.0,0.75,0.75,4.0
453,7,2,RPP,7,2,0.8888888888888888,18,1.0,2,,0,1.0,2,1.0,2,,,,
453,8,3,RPP,8,3,0.8518518518518519,27,0.6666666666666666,3,,0,1.0,3,0.6666666666666666,3,0.0,1.0,1.0,1.0
453,9,5,RPP,9,3,0.8222222222222222,45,0.6,5,,0,0.8,5,0.6,5,0.3333333333333333,1.0,0.6666666666666666,3.0
453,10,4,RPP,10,2,0.9444444444444444,36,0.75,4,1.0,3,1.0,1,0.0,1,0.0,1.0,1.0,1.0
454,1,2,RPP,1,1,0.8333333333333334,18,0.5,2,1.0,1,1.0,1,0.0,1,0.0,0.5,0.5,2.0
454,2,3,RPP,2,1,0.8518518518518519,27,0.6666666666666666,3,0.5,2,1.0,1,1.0,1,0.3333333333333333,0.0,-0.3333333333333333,3.0
454,3,5,RPP,3,1,0.8666666666666667,45,0.6,5,1.0,2,0.6666666666666666,3,0.3333333333333333,3,0.5,0.75,0.25,4.0
454,4,4,RPP,4,1,0.8333333333333334,36,0.5,4,1.0,2,0.5,2,0.0,2,0.5,0.25,-0.25,4.0
454,5,3,RPP,5,2,0.8888888888888888,27,0.6666666666666666,3,1.0,1,1.0,2,0.5,2,0.0,1.0,1.0,1.0
454,6,5,RPP,6,2,0.8666666666666667,45,0.6,5,1.0,2,1.0,3,0.3333333333333333,3,0.25,0.75,0.5,4.0
454,7,2,RPP,7,2,0.7777777777777778,18,0.5,2,,0,1.0,2,0.5,2,0.0,1.0,1.0,2.0
454,8,3,RPP,8,3,0.9259259259259259,27,0.6666666666666666,3,0.5,2,1.0,1,1.0,1,0.5,0.0,-0.5,2.0
454,9,5,RPP,9,3,0.7777777777777778,45,0.6,5,1.0,1,0.75,4,0.5,4,0.6666666666666666,1.3333333333333333,0.6666666666666666,6.0
454,10,4,RPP,10,2,0.5555555555555556,36,0.0,4,,0,0.5,4,0.0,4,1.0,1.3333333333333333,0.3333333333333333,12.0
455,1,2,RPP,1,1,0.8333333333333334,18,0.5,2,,0,1.0,2,0.5,2,0.0,1.0,1.0,1.0
455,2,3,RPP,2,1,0.8148148148148148,27,0.3333333333333333,3,1.0,1,1.0,2,0.0,2,0.3333333333333333,1.0,0.6666666666666666,3.0
455,3,4,RPP,3,1,0.8888888888888888,36,0.75,4,1.0,3,1.0,1,0.0,1,0.0,0.6666666666666666,0.6666666666666666,3.0
455,4,5,RPP,4,1,0.9111111111111111,45,1.0,5,1.0,2,1.0,3,1.0,3,1.0,0.0,-1.0,1.0
455,5,3,RPP,5,2,0.9259259259259259,27,1.0,3,1.0,1,1.0,2,1.0,2,,,,
455,6,5,RPP,6,2,0.9111111111111111,45,1.0,5,1.0,2,1.0,3,1.0,3,0.0,0.0,0.0,1.0
455,7,2,RPP,7,2,0.8888888888888888,18,1.0,2,1.0,1,1.0,1,1.0,1,1.0,0.0,-1.0,1.0
455,8,3,RPP,8,3,0.9259259259259259,27,1.0,3,1.0,2,1.0,1,1.0,1,0.0,0.0,0.0,1.0
455,9,4,RPP,9,2,0.7777777777777778,36,1.0,4,1.0,1,1.0,3,1.0,3,1.3333333333333333,0.0,-1.3333333333333333,6.0
455,10,5,RPP,10,3,0.8444444444444444,45,0.8,5,1.0,1,1.0,4,0.75,4,0.3333333333333333,1.0,0.6666666666666666,3.0
456,1,2,RPP,1,1,1.0,18,1.0,2,1.0,2,,0,,0,,,,
456,2,3,RPP,2,1,0.7037037037037037,27,0.6666666666666666,3,1.0,1,0.5,2,0.5,2,1.1666666666666667,1.5,0.3333333333333333,6.0
456,3,4,RPP,3,1,0.8333333333333334,36,0.5,4,1.0,1,1.0,3,0.3333333333333333,3,0.3333333333333333,1.0,0.6666666666666666,3.0
456,4,5,RPP,4,1,0.6888888888888889,45,0.4,5,1.0,1,0.75,4,0.25,4,1.3636363636363635,1.0909090909090908,-0.2727272727272727,11.0
456,5,3,RPP,5,2,0.8888888888888888,27,0.6666666666666666,3,1.0,1,1.0,2,0.5,2,0.0,1.0,1.0,1.0
456,6,5,RPP,6,2,0.7111111111111111,45,0.4,5,0.5,2,1.0,3,0.3333333333333333,3,0.8,0.9,0.1,10.0
456,7,2,RPP,7,2,0.8333333333333334,18,0.5,2,,0,1.0,2,0.5,2,0.0,1.0,1.0,1.0
456,8,3,RPP,8,3,1.0,27,1.0,3,1.0,3,,0,,0,,,,
456,9,4,RPP,9,2,0.9166666666666666,36,0.75,4,1.0,2,1.0,2,0.5,2,0.0,1.0,1.0,1.0
456,10,5,RPP,10,3,0.9555555555555556,45,0.8,5,1.0,4,1.0,1,0.0,1,0.0,1.0,1.0,1.0
457,1,2,RPP,1,1,0.9444444444444444,18,1.0,2,1.0,1,1.0,1,1.0,1,,,,
457,2,3,RPP,2,1,0.9629629629629629,27,1.0,3,1.0,2,1.0,1,1.0,1,,,,
457,3,4,RPP,3,1,0.8611111111111112,36,0.75,4,1.0,1,0.6666666666666666,3,0.6666666666666666,3,0.5,1.0,0.5,2.0
457,4,5,RPP,4,1,0.7777777777777778,45,0.6,5,0.6666666666666666,3,1.0,2,0.5,2,0.5,1.125,0.625,8.0
457,5,3,RPP,5,2,0.7777777777777778,27,0.3333333333333333,3,,0,0.6666666666666666,3,0.3333333333333333,3,0.6666666666666666,0.6666666666666666,0.0,3.0
457,6,5,RPP,6,2,0.8888888888888888,45,0.8,5,1.0,1,1.0,4,0.75,4,0.0,1.0,1.0,1.0
457,7,2,RPP,7,2,0.8888888888888888,18,0.5,2,1.0,1,1.0,1,0.0,1,0.0,1.0,1.0,1.0
457,8,3,RPP,8,3,0.8148148148148148,27,0.3333333333333333,3,0.0,1,0.5,2,0.5,2,0.3333333333333333,0.6666666666666666,0.3333333333333333,3.0
457,9,4,RPP,9,2,0.8611111111111112,36,0.5,4,1.0,1,1.0,3,0.3333333333333333,3,0.0,1.0,1.0,2.0
457,10,5,RPP,10,3,0.9333333333333333,45,0.8,5,1.0,3,1.0,2,0.5,2,0.0,1.0,1.0,1.0
458,1,2,RPP,1,1,0.9444444444444444,18,1.0,2,1.0,1,1.0,1,1.0,1,,,,
458,2,4,RPP,2,1,0.8333333333333334,36,0.5,4,1.0,1,0.3333333333333333,3,0.3333333333333333,3,1.0,0.75,-0.25,4.0
458,3,3,RPP,3,1,0.9259259259259259,27,0.6666666666666666,3,1.0,2,1.0,1,0.0,1,0.0,0.5,0.5,2.0
458,4,5,RPP,4,1,0.9111111111111111,45,0.8,5,0.5,2,1.0,3,1.0,3,0.0,0.0,0.0,1.0
458,5,3,RPP,5,2,0.9259259259259259,27,1.0,3,1.0,1,1.0,2,1.0,2,,,,
458,6,5,RPP,6,2,0.9333333333333333,45,1.0,5,1.0,2,1.0,3,1.0,3,,,,
458,7,2,RPP,7,2,0.9444444444444444,18,1.0,2,1.0,1,1.0,1,1.0,1,,,,
458,8,4,RPP,8,2,0.8888888888888888,36,0.75,4,1.0,1,0.6666666666666666,3,0.6666666666666666,3,1.0,0.0,-1.0,2.0
458,9,3,RPP,9,3,1.0,27,1.0,3,1.0,3,,0,,0,,,,
458,10,5,RPP,10,3,0.8666666666666667,45,0.8,5,1.0,1,1.0,4,0.75,4,0.0,1.0,1.0,2.0
459,1,2,RPP,1,1,0.8888888888888888,18,0.5,2,1.0,1,0.0,1,0.0,1,1.0,0.0,-1.0,1.0
459,2,3,RPP,2,1,0.7407407407407407,27,0.3333333333333333,3,,0,1.0,3,0.3333333333333333,3,0.8,1.0,0.2,5.0
459,3,4,RPP,3,1,0.7777777777777778,36,0.5,4,1.0,1,1.0,3,0.3333333333333333,3,0.6666666666666666,0.8333333333333334,0.16666666666666666,6.0
459,4,5,RPP,4,1,0.7555555555555555,45,0.4,5,1.0,1,0.5,4,0.25,4,0.8571428571428571,1.0,0.14285714285714285,7.0
459,5,3,RPP,5,2,0.9259259259259259,27,1.0,3,1.0,1,1.0,2,1.0,2,,,,
459,6,5,RPP,6,2,0.8444444444444444,45,0.8,5,1.0,1,1.0,4,0.75,4,0.3333333333333333,1.0,0.6666666666666666,3.0
459,7,2,RPP,7,2,1.0,18,1.0,2,1.0,2,,0,,0,,,,
459,8,3,RPP,8,3,0.9629629629629629,27,1.0,3,1.0,2,1.0,1,1.0,1,,,,
459,9,4,RPP,9,2,0.75,36,0.5,4,1.0,2,0.5,2,0.0,2,0.7142857142857143,1.0,0.2857142857142857,7.0
459,10,5,RPP,10,3,0.7777777777777778,45,0.4,5,0.5,2,1.0,3,0.3333333333333333,3,0.625,0.75,0.125,8.0
460,1,2,RPP,1,1,0.8333333333333334,18,0.5,2,1.0,1,1.0,1,0.0,1,0.3333333333333333,0.6666666666666666,0.3333333333333333,3.0
460,2,3,RPP,2,1,0.6666666666666666,27,0.0,3,0.0,2,0.0,1,0.0,1,1.0,1.0,0.0,8.0
460,3,4,RPP,3,1,0.8611111111111112,36,1.0,4,1.0,2,1.0,2,1.0,2,0.5,0.5,0.0,4.0
460,4,5,RPP,4,1,0.7555555555555555,45,0.4,5,0.0,2,0.6666666666666666,3,0.6666666666666666,3,1.125,0.5,-0.625,8.0
460,5,3,RPP,5,2,0.9259259259259259,27,0.6666666666666666,3,0.6666666666666666,3,,0,,0,0.0,0.5,0.5,2.0
460,6,5,RPP,6,2,0.9111111111111111,45,0.8,5,1.0,2,1.0,3,0.6666666666666666,3,0.0,1.0,1.0,1.0
460,7,2,RPP,7,2,0.9444444444444444,18,1.0,2,1.0,1,1.0,1,1.0,1,0.0,0.0,0.0,1.0
460,8,3,RPP,8,3,0.9259259259259259,27,1.0,3,1.0,1,1.0,2,1.0,2,,,,
460,9,4,RPP,9,2,0.9722222222222222,36,1.0,4,1.0,4,,0,,0,0.0,0.0,0.0,1.0
460,10,5,RPP,10,3,0.9333333333333333,45,1.0,5,1.0,2,1.0,3,1.0,3,,,,
461,1,2,RPP,1,1,1.0,18,1.0,2,1.0,2,,0,,0,,,,
461,2,3,RPP,2,1,0.8888888888888888,27,0.3333333333333333,3,0.5,2,1.0,1,0.0,1,0.0,0.5,0.5,2.0
461,3,4,RPP,3,1,0.8611111111111112,36,0.5,4,1.0,1,0.6666666666666666,3,0.3333333333333333,3,0.5,0.5,0.0,2.0
461,4,5,RPP,4,1,0.7333333333333333,45,0.8,5,1.0,1,0.75,4,0.75,4,1.1111111111111112,1.0,-0.1111111111111111,9.0
461,5,3,RPP,5,2,1.0,27,1.0,3,1.0,3,,0,,0,,,,
461,6,5,RPP,6,2,0.8888888888888888,45,0.6,5,1.0,2,1.0,3,0.3333333333333333,3,0.0,1.0,1.0,2.0
461,7,2,RPP,7,2,0.8333333333333334,18,0.5,2,,0,1.0,2,0.5,2,0.0,1.0,1.0,1.0
461,8,3,RPP,8,3,0.8888888888888888,27,0.6666666666666666,3,1.0,1,1.0,2,0.5,2,0.0,1.0,1.0,1.0
461,9,4,RPP,9,2,0.8611111111111112,36,0.75,4,1.0,1,1.0,3,0.6666666666666666,3,0.5,0.5,0.0,2.0
461,10,5,RPP,10,3,0.6888888888888889,45,0.6,5,1.0,1,0.5,4,0.5,4,1.3,1.5,0.2,10.0
463,1,2,RPP,1,1,0.9444444444444444,18,1.0,2,1.0,1,1.0,1,1.0,1,,,,
463,2,3,RPP,2,1,0.7407407407407407,27,0.3333333333333333,3,1.0,1,1.0,2,0.0,2,0.6,1.2,0.6,5.0
463,3,5,RPP,3,1,0.5333333333333333,45,0.2,5,0.5,2,0.3333333333333333,3,0.0,3,1.75,1.45,-0.3,20.0
463,4,4,RPP,4,1,0.7777777777777778,36,0.5,4,1.0,1,0.3333333333333333,3,0.3333333333333333,3,0.6,1.2,0.6,5.0
463,5,3,RPP,5,2,0.7777777777777778,27,0.6666666666666666,3,1.0,1,1.0,2,0.5,2,1.0,0.8333333333333334,-0.16666666666666666,6.0
463,6,5,RPP,6,2,0.6444444444444445,45,0.4,5,1.0,1,0.75,4,0.25,4,1.6428571428571428,2.0714285714285716,0.42857142857142855,14.0
463,7,2,RPP,7,2,0.9444444444444444,18,1.0,2,1.0,1,1.0,1,1.0,1,,,,
463,8,3,RPP,8,3,0.8518518518518519,27,0.6666666666666666,3,1.0,1,0.5,2,0.5,2,0.6666666666666666,0.6666666666666666,0.0,3.0
463,9,5,RPP,9,3,0.8444444444444444,45,0.6,5,1.0,1,0.75,4,0.5,4,0.5,1.0,0.5,4.0
463,10,4,RPP,10,2,0.7222222222222222,36,0.25,4,1.0,1,0.3333333333333333,3,0.0,3,1.4444444444444444,1.3333333333333333,-0.1111111111111111,9.0
464,1,2,RPP,1,1,0.6666666666666666,18,0.0,2,,0,0.5,2,0.0,2,0.75,1.0,0.25,4.0
464,2,3,RPP,2,1,0.5555555555555556,27,0.0,3,,0,1.0,3,0.0,3,1.0,1.4444444444444444,0.4444444444444444,9.0
464,3,5,RPP,3,1,0.8666666666666667,45,0.8,5,1.0,2,1.0,3,0.6666666666666666,3,0.0,0.6666666666666666,0.6666666666666666,3.0
464,4,4,RPP,4,1,0.8888888888888888,36,0.75,4,1.0,2,1.0,2,0.5,2,0.6666666666666666,0.6666666666666666,0.0,3.0
464,5,3,RPP,5,2,0.9629629629629629,27,1.0,3,1.0,3,,0,,0,0.0,0.0,0.0,1.0
464,6,5,RPP,6,2,0.7777777777777778,45,0.6,5,1.0,1,1.0,4,0.5,4,0.3333333333333333,1.0,0.6666666666666666,6.0
464,7,2,RPP,7,2,0.7777777777777778,18,1.0,2,,0,1.0,2,1.0,2,1.0,0.0,-1.0,2.0
464,8,3,RPP,8,3,0.9259259259259259,27,1.0,3,1.0,1,1.0,2,1.0,2,,,,
464,9,5,RPP,9,3,0.8666666666666667,45,0.6,5,1.0,2,1.0,3,0.3333333333333333,3,0.25,0.5,0.25,4.0
464,10,4,RPP,10,2,0.8611111111111112,36,0.5,4,1.0,1,1.0,3,0.3333333333333333,3,0.0,0.6666666666666666,0.6666666666666666,3.0
465,1,2,RPP,1,1,0.7777777777777778,18,0.5,2,,0,1.0,2,0.5,2,0.5,1.0,0.5,2.0
465,2,3,RPP,2,1,0.8148148148148148,27,0.6666666666666666,3,1.0,1,1.0,2,0.5,2,0.3333333333333333,0.6666666666666666,0.3333333333333333,3.0
465,3,4,RPP,3,1,0.8055555555555556,36,1.0,4,,0,1.0,4,1.0,4,1.0,0.3333333333333333,-0.6666666666666666,3.0
465,4,5,RPP,4,1,0.8222222222222222,45,0.6,5,1.0,3,0.5,2,0.0,2,0.5,0.6666666666666666,0.16666666666666666,6.0
465,5,3,RPP,5,2,0.9259259259259259,27,1.0,3,1.0,1,1.0,2,1.0,2,1.0,0.0,-1.0,1.0
465,6,5,RPP,6,2,0.8,45,0.4,5,0.0,1,0.75,4,0.5,4,0.6,0.8,0.2,5.0
465,7,2,RPP,7,2,0.7222222222222222,18,0.0,2,,0,1.0,2,0.0,2,0.3333333333333333,1.0,0.6666666666666666,3.0
465,8,3,RPP,8,3,1.0,27,1.0,3,1.0,3,,0,,0,0.0,0.0,0.0,1.0
465,9,4,RPP,9,2,0.6944444444444444,36,0.25,4,1.0,1,1.0,3,0.0,3,0.8888888888888888,1.1111111111111112,0.2222222222222222,9.0
465,10,5,RPP,10,3,0.7111111111111111,45,0.2,5,1.0,1,0.75,4,0.0,4,0.5555555555555556,1.2222222222222223,0.6666666666666666,9.0
466,1,2,RPP,1,1,0.9444444444444444,18,1.0,2,1.0,2,,0,,0,0.0,0.0,0.0,1.0
466,2,3,RPP,2,1,0.8148148148148148,27,0.6666666666666666,3,,0,1.0,3,0.6666666666666666,3,0.0,1.0,1.0,2.0
466,3,4,RPP,3,1,0.8888888888888888,36,1.0,4,1.0,1,1.0,3,1.0,3,1.0,0.0,-1.0,1.0
466,4,5,RPP,4,1,0.8,45,0.6,5,1.0,2,1.0,3,0.3333333333333333,3,0.5,0.375,-0.125,8.0
466,5,3,RPP,5,2,0.8888888888888888,27,0.6666666666666666,3,1.0,1,1.0,2,0.5,2,0.0,1.0,1.0,1.0
466,6,5,RPP,6,2,0.8444444444444444,45,0.6,5,1.0,1,1.0,4,0.5,4,0.3333333333333333,0.6666666666666666,0.3333333333333333,3.0
466,7,2,RPP,7,2,0.8888888888888888,18,0.5,2,1.0,1,1.0,1,0.0,1,0.0,1.0,1.0,1.0
466,8,3,RPP,8,3,0.8888888888888888,27,0.6666666666666666,3,1.0,1,1.0,2,0.5,2,0.0,1.0,1.0,1.0
466,9,4,RPP,9,2,0.8055555555555556,36,0.5,4,1.0,1,1.0,3,0.3333333333333333,3,0.25,1.0,0.75,4.0
466,10,5,RPP,10,3,0.8666666666666667,45,0.6,5,1.0,2,1.0,3,0.3333333333333333,3,0.75,1.0,0.25,4.0
467,1,2,RPP,1,1,0.7777777777777778,18,1.0,2,,0,1.0,2,1.0,2,1.5,0.0,-1.5,2.0
467,2,3,RPP,2,1,0.8518518518518519,27,0.6666666666666666,3,1.0,1,1.0,2,0.5,2,0.3333333333333333,1.0,0.6666666666666666,3.0
467,3,4,RPP,3,1,0.6388888888888888,36,0.5,4,1.0,1,0.3333333333333333,3,0.3333333333333333,3,1.2,1.2,0.0,10.0
467,4,5,RPP,4,1,0.9111111111111111,45,1.0,5,1.0,2,1.0,3,1.0,3,0.0,0.0,0.0,1.0
467,5,3,RPP,5,2,0.8518518518518519,27,1.0,3,1.0,1,1.0,2,1.0,2,1.5,0.0,-1.5,2.0
467,6,5,RPP,6,2,0.7111111111111111,45,0.2,5,0.0,1,1.0,4,0.25,4,0.5,1.1,0.6,10.0
467,7,2,RPP,7,2,0.7777777777777778,18,0.0,2,,0,1.0,2,0.0,2,0.0,1.0,1.0,2.0
467,8,3,RPP,8,3,0.8518518518518519,27,1.0,3,,0,1.0,3,1.0,3,0.0,1.0,1.0,1.0
467,9,4,RPP,9,2,0.8611111111111112,36,0.75,4,1.0,1,0.6666666666666666,3,0.6666666666666666,3,1.0,0.3333333333333333,-0.6666666666666666,3.0
467,10,5,RPP,10,3,0.9111111111111111,45,0.6,5,1.0,3,0.5,2,0.0,2,0.3333333333333333,0.3333333333333333,0.0,3.0
468,1,2,RPP,1,1,0.7777777777777778,18,0.0,2,,0,1.0,2,0.0,2,0.0,1.0,1.0,2.0
468,2,4,RPP,2,1,0.8888888888888888,36,1.0,4,1.0,1,1.0,3,1.0,3,0.0,0.5,0.5,2.0
468,3,3,RPP,3,1,0.9259259259259259,27,0.6666666666666666,3,1.0,2,1.0,1,0.0,1,0.0,0.5,0.5,2.0
468,4,5,RPP,4,1,0.6590909090909091,44,0.4,5,0.0,2,1.0,3,0.6666666666666666,3,0.8,1.2666666666666666,0.4666666666666667,15.0
468,5,3,RPP,5,2,0.9259259259259259,27,1.0,3,1.0,1,1.0,2,1.0,2,,,,
468,6,5,RPP,6,2,0.8444444444444444,45,0.4,5,1.0,2,1.0,3,0.0,3,0.25,1.0,0.75,4.0
468,7,2,RPP,7,2,0.8333333333333334,18,0.5,2,1.0,1,1.0,1,0.0,1,0.3333333333333333,0.3333333333333333,0.0,3.0
468,8,4,RPP,8,2,0.8888888888888888,36,0.75,4,1.0,2,1.0,2,0.5,2,0.5,1.0,0.5,2.0
468,9,3,RPP,9,3,0.8518518518518519,27,1.0,3,1.0,1,1.0,2,1.0,2,0.5,0.0,-0.5,2.0
468,10,5,RPP,10,3,0.8666666666666667,45,0.8,5,1.0,2,1.0,3,0.6666666666666666,3,0.25,0.75,0.5,4.0
469,1,2,RPP,1,1,0.9444444444444444,18,1.0,2,1.0,2,,0,,0,0.0,0.0,0.0,1.0
469,2,3,RPP,2,1,0.8888888888888888,27,0.6666666666666666,3,1.0,2,0.0,1,0.0,1,0.5,1.0,0.5,2.0
469,3,4,RPP,3,1,0.7222222222222222,36,0.5,4,1.0,2,0.5,2,0.0,2,1.125,1.5,0.375,8.0
469,4,5,RPP,4,1,0.6444444444444445,45,0.4,5,1.0,2,0.3333333333333333,3,0.0,3,1.2,1.3333333333333333,0.13333333333333333,15.0
469,5,3,RPP,5,2,0.6296296296296297,27,0.3333333333333333,3,,0,0.6666666666666666,3,0.3333333333333333,3,1.1428571428571428,1.4285714285714286,0.2857142857142857,7.0
469,6,5,RPP,6,2,0.8888888888888888,45,0.8,5,1.0,4,0.0,1,0.0,1,0.75,0.75,0.0,4.0
469,7,2,RPP,7,2,0.7777777777777778,18,0.5,2,0.0,1,1.0,1,1.0,1,0.6666666666666666,0.0,-0.6666666666666666,3.0
469,8,3,RPP,8,3,0.7037037037037037,27,0.3333333333333333,3,1.0,1,0.5,2,0.0,2,1.5,0.5,-1.0,6.0
469,9,4,RPP,9,2,0.8611111111111112,36,0.75,4,1.0,1,1.0,3,0.6666666666666666,3,0.5,0.5,0.0,2.0
469,10,5,RPP,10,3,0.8,45,0.8,5,1.0,1,1.0,4,0.75,4,1.2,0.4,-0.8,5.0
