subject,group,block,set_size,set_size_exposure,mean_chosen_error,mean_unchosen_error,error_avoidance_D,n_error_trials
11,Kids,1,2,1,0.4,1.0,0.6,5
11,Kids,2,3,1,1.9090909090909092,0.6363636363636364,-1.2727272727272727,11
11,Kids,3,4,1,1.7777777777777777,1.9444444444444444,0.16666666666666666,18
11,Kids,4,5,1,1.1176470588235294,1.2941176470588236,0.17647058823529413,17
11,Kids,5,3,2,1.4285714285714286,0.0,-1.4285714285714286,7
11,Kids,6,5,2,1.6428571428571428,1.8571428571428572,0.21428571428571427,14
11,Kids,7,2,2,0.0,1.0,1.0,2
11,Kids,8,3,3,1.1428571428571428,1.1428571428571428,0.0,7
11,Kids,9,4,2,0.7142857142857143,1.0,0.2857142857142857,7
11,Kids,10,5,3,1.25,1.0,-0.25,16
13,Kids,2,3,1,0.3333333333333333,0.6666666666666666,0.3333333333333333,3
13,Kids,3,5,1,2.5833333333333335,2.0833333333333335,-0.5,24
13,Kids,4,4,1,0.8,1.1,0.3,10
13,Kids,5,3,2,1.4166666666666667,1.1666666666666667,-0.25,12
13,Kids,6,5,2,0.9333333333333333,1.2,0.26666666666666666,15
13,Kids,7,2,2,0.25,0.5,0.25,4
13,Kids,8,3,3,0.3333333333333333,0.6666666666666666,0.3333333333333333,3
13,Kids,9,5,3,1.4210526315789473,1.5263157894736843,0.10526315789473684,19
13,Kids,10,4,2,0.8571428571428571,0.5714285714285714,-0.2857142857142857,7
16,Kids,1,2,1,0.0,0.0,0.0,1
16,Kids,2,3,1,1.3,1.7,0.4,10
16,Kids,3,4,1,1.1333333333333333,1.6666666666666667,0.5333333333333333,15
16,Kids,4,5,1,2.1538461538461537,1.7692307692307692,-0.38461538461538464,13
16,Kids,5,3,2,1.0,0.0,-1.0,1
16,Kids,6,5,2,0.6,0.0,-0.6,5
16,Kids,7,2,2,0.0,0.0,0.0,1
16,Kids,8,3,3,0.5,1.25,0.75,4
16,Kids,9,4,2,0.5,1.0,0.5,2
16,Kids,10,5,3,0.7,1.3,0.6,10
17,Kids,1,2,1,0.0,0.0,0.0,1
17,Kids,2,3,1,0.0,0.0,0.0,1
17,Kids,4,5,1,2.0555555555555554,1.6111111111111112,-0.4444444444444444,18
17,Kids,5,3,2,0.8,0.6,-0.2,5
17,Kids,6,5,2,0.7777777777777778,0.8888888888888888,0.1111111111111111,9
17,Kids,7,2,2,1.0,0.0,-1.0,1
17,Kids,8,3,3,0.0,0.0,0.0,1
17,Kids,9,4,2,0.625,1.0,0.375,8
17,Kids,10,5,3,0.8,0.6,-0.2,5
18,Kids,2,4,1,0.8,1.0,0.2,5
18,Kids,3,3,1,0.5,1.25,0.75,4
18,Kids,4,5,1,1.125,0.875,-0.25,8
18,Kids,5,3,2,0.5,1.0,0.5,2
18,Kids,6,5,2,1.0909090909090908,1.0,-0.09090909090909091,11
18,Kids,7,2,2,0.6666666666666666,0.0,-0.6666666666666666,3
18,Kids,8,4,2,0.0,1.0,1.0,1
18,Kids,10,5,3,0.5,0.0,-0.5,2
19,Kids,2,3,1,0.8,1.4,0.6,5
19,Kids,3,4,1,0.0,1.0,1.0,2
19,Kids,4,5,1,1.0833333333333333,1.6666666666666667,0.5833333333333334,12
19,Kids,5,3,2,0.3333333333333333,1.0,0.6666666666666666,3
19,Kids,6,5,2,0.8,0.9,0.1,10
19,Kids,9,4,2,0.0,1.0,1.0,3
19,Kids,10,5,3,1.1666666666666667,0.8333333333333334,-0.3333333333333333,12
20,Teens,1,2,1,0.5,1.25,0.75,4
20,Teens,2,3,1,1.0,1.0,0.0,3
20,Teens,3,4,1,0.6666666666666666,0.8333333333333334,0.16666666666666666,6
20,Teens,4,5,1,0.6666666666666666,1.3333333333333333,0.6666666666666666,3
20,Teens,5,3,2,1.25,1.625,0.375,8
20,Teens,6,5,2,0.5,0.75,0.25,4
20,Teens,7,2,2,0.0,1.0,1.0,1
20,Teens,8,3,3,0.0,1.0,1.0,1
20,Teens,9,4,2,1.3333333333333333,0.6666666666666666,-0.6666666666666666,6
20,Teens,10,5,3,0.5,1.0,0.5,2
22,Teens,1,2,1,0.6666666666666666,0.0,-0.6666666666666666,3
22,Teens,2,3,1,0.0,1.0,1.0,2
22,Teens,3,5,1,1.9047619047619047,1.5714285714285714,-0.3333333333333333,21
22,Teens,4,4,1,1.0,1.0,0.0,6
22,Teens,5,3,2,0.3333333333333333,0.3333333333333333,0.0,3
22,Teens,6,5,2,1.3333333333333333,1.3333333333333333,0.0,6
22,Teens,7,2,2,0.0,0.0,0.0,1
22,Teens,8,3,3,0.0,0.5,0.5,2
22,Teens,9,5,3,1.0,0.3333333333333333,-0.6666666666666666,3
22,Teens,10,4,2,0.25,1.0,0.75,4
23,Kids,1,2,1,0.5,0.5,0.0,2
23,Kids,2,3,1,0.5,1.0,0.5,2
23,Kids,3,5,1,0.5,0.5,0.0,2
23,Kids,4,4,1,0.7142857142857143,1.1428571428571428,0.42857142857142855,7
23,Kids,5,3,2,0.25,0.75,0.5,4
23,Kids,6,5,2,0.75,1.0,0.25,4
23,Kids,7,2,2,0.5,1.0,0.5,2
23,Kids,8,3,3,0.0,0.5,0.5,2
23,Kids,9,5,3,0.2857142857142857,0.5714285714285714,0.2857142857142857,7
23,Kids,10,4,2,0.7142857142857143,1.1428571428571428,0.42857142857142855,7
24,Kids,1,2,1,0.5,0.0,-0.5,2
24,Kids,2,3,1,2.5,0.0,-2.5,4
24,Kids,3,5,1,0.8,0.4,-0.4,5
24,Kids,4,4,1,0.5,1.0,0.5,6
24,Kids,5,3,2,0.0,0.0,0.0,1
24,Kids,6,5,2,0.5,0.25,-0.25,4
24,Kids,7,2,2,1.5,0.0,-1.5,2
24,Kids,8,3,3,0.25,0.75,0.5,4
24,Kids,9,5,3,0.2,0.6,0.4,5
24,Kids,10,4,2,0.9,1.2,0.3,10
25,Teens,1,2,1,1.0,0.0,-1.0,1
25,Teens,2,3,1,1.0,1.2,0.2,10
25,Teens,3,4,1,0.75,1.0,0.25,4
25,Teens,4,5,1,0.0,0.5,0.5,2
25,Teens,7,2,2,1.0,0.0,-1.0,3
25,Teens,8,3,3,0.0,1.0,1.0,1
25,Teens,9,4,2,0.0,1.0,1.0,2
25,Teens,10,5,3,1.25,1.5,0.25,12
27,Kids,1,2,1,1.5,0.0,-1.5,4
27,Kids,2,3,1,1.6,1.4,-0.2,10
27,Kids,3,4,1,1.0769230769230769,1.4615384615384615,0.38461538461538464,13
27,Kids,4,5,1,2.0294117647058822,1.8823529411764706,-0.14705882352941177,34
27,Kids,5,3,2,0.5,0.5,0.0,2
27,Kids,6,5,2,0.75,0.75,0.0,4
27,Kids,7,2,2,0.6,1.2,0.6,5
27,Kids,8,3,3,0.0,1.0,1.0,1
27,Kids,9,4,2,1.0,1.0909090909090908,0.09090909090909091,11
27,Kids,10,5,3,0.75,1.0,0.25,8
29,Kids,1,2,1,1.0,0.3333333333333333,-0.6666666666666666,3
29,Kids,2,3,1,1.6,1.5,-0.1,10
29,Kids,3,4,1,0.5714285714285714,0.8571428571428571,0.2857142857142857,7
29,Kids,4,5,1,0.8,0.0,-0.8,5
29,Kids,5,3,2,0.16666666666666666,0.5,0.3333333333333333,6
29,Kids,6,5,2,1.0,1.3157894736842106,0.3157894736842105,19
29,Kids,7,2,2,0.5,1.0,0.5,2
29,Kids,9,4,2,0.0,0.0,0.0,1
29,Kids,10,5,3,2.1666666666666665,1.5555555555555556,-0.6111111111111112,18
30,Teens,2,3,1,0.5555555555555556,1.0,0.4444444444444444,9
30,Teens,3,4,1,1.1764705882352942,1.4705882352941178,0.29411764705882354,17
30,Teens,4,5,1,0.5714285714285714,1.2857142857142858,0.7142857142857143,7
30,Teens,5,3,2,0.5,1.0,0.5,2
30,Teens,6,5,2,0.5,1.1666666666666667,0.6666666666666666,6
30,Teens,8,3,3,0.0,0.0,0.0,1
30,Teens,9,4,2,0.0,0.3333333333333333,0.3333333333333333,3
30,Teens,10,5,3,1.1818181818181819,1.3636363636363635,0.18181818181818182,11
31,Kids,1,2,1,0.3333333333333333,1.0,0.6666666666666666,3
31,Kids,2,3,1,1.1666666666666667,0.6666666666666666,-0.5,6
31,Kids,3,4,1,1.4,0.8,-0.6,5
31,Kids,4,5,1,1.2,1.0,-0.2,20
31,Kids,5,3,2,0.875,1.125,0.25,8
31,Kids,6,5,2,1.0666666666666667,1.0666666666666667,0.0,15
31,Kids,7,2,2,0.6666666666666666,0.6666666666666666,0.0,3
31,Kids,8,3,3,1.125,0.875,-0.25,8
31,Kids,9,4,2,0.14285714285714285,0.2857142857142857,0.14285714285714285,7
31,Kids,10,5,3,2.125,1.0625,-1.0625,16
32,Kids,1,2,1,0.0,1.0,1.0,1
32,Kids,2,3,1,0.8,0.6,-0.2,5
32,Kids,4,4,1,0.6666666666666666,0.6666666666666666,0.0,3
32,Kids,5,3,2,0.0,0.5,0.5,2
32,Kids,6,5,2,0.5714285714285714,1.1428571428571428,0.5714285714285714,7
32,Kids,7,2,2,0.5,1.0,0.5,2
32,Kids,9,5,3,1.0,1.1111111111111112,0.1111111111111111,9
32,Kids,10,4,2,0.5,0.5,0.0,2
33,Kids,2,3,1,0.6666666666666666,1.3333333333333333,0.6666666666666666,3
33,Kids,3,5,1,1.0769230769230769,0.8461538461538461,-0.23076923076923078,13
33,Kids,4,4,1,1.375,0.25,-1.125,8
33,Kids,5,3,2,0.0,0.6666666666666666,0.6666666666666666,3
33,Kids,6,5,2,0.5555555555555556,0.4444444444444444,-0.1111111111111111,9
33,Kids,7,2,2,0.0,0.0,0.0,2
33,Kids,8,3,3,0.3333333333333333,1.0,0.6666666666666666,3
33,Kids,9,5,3,2.04,1.6,-0.44,25
33,Kids,10,4,2,0.0,0.5,0.5,4
35,Kids,1,2,1,0.0,0.0,0.0,1
35,Kids,2,3,1,0.6,0.8,0.2,5
35,Kids,3,4,1,1.1666666666666667,0.6666666666666666,-0.5,6
35,Kids,4,5,1,0.8333333333333334,1.3333333333333333,0.5,6
35,Kids,5,3,2,0.25,0.75,0.5,4
35,Kids,6,5,2,1.0,0.2857142857142857,-0.7142857142857143,7
35,Kids,8,3,3,0.0,0.3333333333333333,0.3333333333333333,3
35,Kids,9,4,2,1.25,0.0,-1.25,4
35,Kids,10,5,3,0.8571428571428571,1.1428571428571428,0.2857142857142857,7
36,Teens,1,2,1,0.0,0.0,0.0,2
36,Teens,2,3,1,1.25,1.25,0.0,8
36,Teens,3,4,1,1.3333333333333333,1.25,-0.08333333333333333,12
36,Teens,4,5,1,1.0,1.3846153846153846,0.38461538461538464,13
36,Teens,5,3,2,0.0,0.0,0.0,1
36,Teens,6,5,2,0.6666666666666666,0.6666666666666666,0.0,3
36,Teens,7,2,2,0.0,1.0,1.0,1
36,Teens,8,3,3,1.2857142857142858,1.0,-0.2857142857142857,7
36,Teens,9,4,2,0.75,1.0,0.25,4
36,Teens,10,5,3,0.5714285714285714,0.5714285714285714,0.0,7
37,Teens,1,2,1,1.0,0.0,-1.0,1
37,Teens,2,3,1,0.0,1.0,1.0,2
37,Teens,3,4,1,0.8,0.8,0.0,5
37,Teens,4,5,1,0.0,0.6666666666666666,0.6666666666666666,3
37,Teens,5,3,2,0.5,0.5,0.0,2
37,Teens,6,5,2,0.5,1.0,0.5,4
37,Teens,7,2,2,0.0,1.0,1.0,1
37,Teens,8,3,3,0.0,1.0,1.0,1
37,Teens,9,4,2,0.3333333333333333,1.0,0.6666666666666666,3
37,Teens,10,5,3,0.3333333333333333,0.6666666666666666,0.3333333333333333,3
38,Teens,1,2,1,0.0,1.0,1.0,1
38,Teens,2,4,1,0.3333333333333333,1.0,0.6666666666666666,3
38,Teens,3,3,1,0.5,1.0,0.5,2
38,Teens,4,5,1,0.6666666666666666,0.0,-0.6666666666666666,3
38,Teens,5,3,2,0.0,1.0,1.0,1
38,Teens,6,5,2,0.0,0.5,0.5,2
38,Teens,7,2,2,0.0,0.5,0.5,2
38,Teens,8,4,2,0.0,0.0,0.0,1
38,Teens,9,3,3,0.0,1.0,1.0,1
38,Teens,10,5,3,0.3333333333333333,1.0,0.6666666666666666,3
40,Teens,2,3,1,0.0,1.0,1.0,1
40,Teens,3,4,1,0.0,1.0,1.0,2
40,Teens,4,5,1,0.0,1.0,1.0,1
40,Teens,5,3,2,0.0,0.0,0.0,1
40,Teens,6,5,2,0.0,1.0,1.0,2
40,Teens,9,4,2,0.0,1.0,1.0,1
40,Teens,10,5,3,0.3333333333333333,1.0,0.6666666666666666,3
41,Kids,1,2,1,0.5,0.5,0.0,2
41,Kids,2,3,1,0.3333333333333333,1.0,0.6666666666666666,3
41,Kids,3,4,1,0.6,0.4,-0.2,5
41,Kids,4,5,1,1.6363636363636365,1.9545454545454546,0.3181818181818182,22
41,Kids,5,3,2,0.5,0.5,0.0,2
41,Kids,6,5,2,1.4545454545454546,1.0909090909090908,-0.36363636363636365,11
41,Kids,7,2,2,0.5,0.5,0.0,2
41,Kids,8,3,3,0.5,1.0,0.5,4
41,Kids,9,4,2,0.4444444444444444,0.6666666666666666,0.2222222222222222,9
41,Kids,10,5,3,0.3333333333333333,0.6666666666666666,0.3333333333333333,3
42,Kids,1,2,1,0.0,1.0,1.0,2
42,Kids,2,3,1,0.0,1.0,1.0,2
42,Kids,3,5,1,1.0,1.1111111111111112,0.1111111111111111,9
42,Kids,4,4,1,0.8333333333333334,1.1666666666666667,0.3333333333333333,6
42,Kids,5,3,2,0.0,0.5,0.5,2
42,Kids,6,5,2,0.8181818181818182,0.9090909090909091,0.09090909090909091,11
42,Kids,8,3,3,0.5,1.0,0.5,2
42,Kids,9,5,3,0.9166666666666666,1.4166666666666667,0.5,12
42,Kids,10,4,2,0.0,1.0,1.0,2
43,Kids,1,2,1,0.0,0.0,0.0,2
43,Kids,2,3,1,0.8,1.4,0.6,5
43,Kids,3,5,1,0.8571428571428571,1.4285714285714286,0.5714285714285714,7
43,Kids,4,4,1,1.5,1.6,0.1,10
43,Kids,5,3,2,2.076923076923077,0.9230769230769231,-1.1538461538461537,13
43,Kids,6,5,2,1.1333333333333333,0.8,-0.3333333333333333,15
43,Kids,7,2,2,0.6666666666666666,0.6666666666666666,0.0,3
43,Kids,8,3,3,0.0,1.0,1.0,1
43,Kids,9,5,3,0.0,0.5,0.5,4
43,Kids,10,4,2,1.2307692307692308,1.0,-0.23076923076923078,13
44,Teens,1,2,1,0.8,1.0,0.2,5
44,Teens,2,3,1,0.5,1.0,0.5,2
44,Teens,3,5,1,0.8333333333333334,1.3333333333333333,0.5,6
44,Teens,4,4,1,0.7142857142857143,1.1428571428571428,0.42857142857142855,7
44,Teens,5,3,2,0.0,0.5,0.5,2
44,Teens,6,5,2,0.8461538461538461,1.3846153846153846,0.5384615384615384,13
44,Teens,8,3,3,1.4,0.4,-1.0,5
44,Teens,9,5,3,1.7647058823529411,1.1176470588235294,-0.6470588235294118,17
44,Teens,10,4,2,0.75,1.0,0.25,4
45,Kids,1,2,1,1.5,0.6666666666666666,-0.8333333333333334,6
45,Kids,2,3,1,1.1111111111111112,0.6666666666666666,-0.4444444444444444,9
45,Kids,3,4,1,2.21875,2.34375,0.125,32
45,Kids,4,5,1,1.375,1.25,-0.125,8
45,Kids,5,3,2,0.75,1.0,0.25,8
45,Kids,6,5,2,1.0714285714285714,0.8571428571428571,-0.21428571428571427,14
45,Kids,7,2,2,2.0,0.25,-1.75,8
45,Kids,8,3,3,1.0,0.9,-0.1,10
45,Kids,9,4,2,1.2666666666666666,1.6666666666666667,0.4,15
45,Kids,10,5,3,1.0,0.5,-0.5,8
46,Teens,1,2,1,0.0,1.0,1.0,2
46,Teens,2,3,1,0.5,1.0,0.5,6
46,Teens,3,4,1,0.5714285714285714,0.5714285714285714,0.0,7
46,Teens,4,5,1,1.4761904761904763,1.5238095238095237,0.047619047619047616,21
46,Teens,5,3,2,0.0,0.0,0.0,1
46,Teens,6,5,2,0.9090909090909091,1.3636363636363635,0.45454545454545453,11
46,Teens,7,2,2,0.0,0.0,0.0,1
46,Teens,8,3,3,0.6,1.0,0.4,5
46,Teens,9,4,2,0.8571428571428571,0.5714285714285714,-0.2857142857142857,7
46,Teens,10,5,3,1.3181818181818181,1.3636363636363635,0.045454545454545456,22
48,Kids,1,2,1,0.3333333333333333,0.6666666666666666,0.3333333333333333,3
48,Kids,2,4,1,0.4,0.6,0.2,5
48,Kids,3,3,1,1.4666666666666666,1.6,0.13333333333333333,15
48,Kids,4,5,1,0.3333333333333333,0.8333333333333334,0.5,6
48,Kids,5,3,2,0.6666666666666666,1.3333333333333333,0.6666666666666666,3
48,Kids,6,5,2,0.8,0.2,-0.6,10
48,Kids,7,2,2,0.3333333333333333,0.6666666666666666,0.3333333333333333,3
48,Kids,8,4,2,1.0,0.5,-0.5,6
48,Kids,10,5,3,0.5,1.1666666666666667,0.6666666666666666,6
49,Kids,1,2,1,0.5,0.0,-0.5,2
49,Kids,2,3,1,0.5,1.0,0.5,2
49,Kids,3,4,1,1.25,0.375,-0.875,8
49,Kids,4,5,1,0.0,0.5,0.5,2
49,Kids,5,3,2,0.0,0.0,0.0,1
49,Kids,6,5,2,0.25,0.75,0.5,4
49,Kids,7,2,2,0.5,0.0,-0.5,2
49,Kids,8,3,3,0.5,0.5,0.0,4
49,Kids,9,4,2,0.3333333333333333,1.0,0.6666666666666666,3
49,Kids,10,5,3,0.6666666666666666,0.3333333333333333,-0.3333333333333333,3
50,Kids,1,2,1,1.1666666666666667,1.0,-0.16666666666666666,6
50,Kids,2,3,1,0.3333333333333333,0.6666666666666666,0.3333333333333333,3
50,Kids,3,4,1,1.0,1.5714285714285714,0.5714285714285714,7
50,Kids,4,5,1,1.0,0.0,-1.0,1
50,Kids,5,3,2,1.0,0.75,-0.25,4
50,Kids,6,5,2,1.3,1.3,0.0,10
50,Kids,7,2,2,0.0,1.0,1.0,1
50,Kids,8,3,3,0.5,1.0,0.5,2
50,Kids,9,4,2,1.0,1.0769230769230769,0.07692307692307693,13
50,Kids,10,5,3,1.8,0.0,-1.8,5
51,Teens,1,2,1,0.5,0.0,-0.5,2
51,Teens,2,3,1,1.0,0.5,-0.5,4
51,Teens,3,4,1,0.0,1.0,1.0,1
51,Teens,4,5,1,0.3333333333333333,0.6666666666666666,0.3333333333333333,3
51,Teens,5,3,2,1.0,0.0,-1.0,1
51,Teens,6,5,2,0.0,1.0,1.0,1
51,Teens,7,2,2,0.0,1.0,1.0,1
51,Teens,8,3,3,1.3,0.6,-0.7,10
51,Teens,9,4,2,0.3333333333333333,1.0,0.6666666666666666,3
51,Teens,10,5,3,0.0,1.0,1.0,2
52,Kids,1,2,1,1.3333333333333333,1.4444444444444444,0.1111111111111111,9
52,Kids,2,3,1,1.2307692307692308,1.6153846153846154,0.38461538461538464,13
52,Kids,3,5,1,2.2857142857142856,1.4761904761904763,-0.8095238095238095,21
52,Kids,4,4,1,0.5555555555555556,0.6666666666666666,0.1111111111111111,9
52,Kids,5,3,2,0.4,0.8,0.4,5
52,Kids,6,5,2,1.8928571428571428,2.1785714285714284,0.2857142857142857,28
52,Kids,7,2,2,1.2857142857142858,1.0,-0.2857142857142857,7
52,Kids,8,3,3,1.0,1.2857142857142858,0.2857142857142857,7
52,Kids,9,5,3,1.7222222222222223,2.0,0.2777777777777778,18
52,Kids,10,4,2,1.3636363636363635,1.1818181818181819,-0.18181818181818182,11
55,Teens,1,2,1,0.5,0.5,0.0,2
55,Teens,2,3,1,0.8333333333333334,1.1666666666666667,0.3333333333333333,6
55,Teens,3,4,1,0.9285714285714286,1.2857142857142858,0.35714285714285715,14
55,Teens,4,5,1,2.5,2.4285714285714284,-0.07142857142857142,28
55,Teens,5,3,2,0.0,0.0,0.0,1
55,Teens,6,5,2,1.6896551724137931,1.7241379310344827,0.034482758620689655,29
55,Teens,7,2,2,0.0,1.0,1.0,1
55,Teens,8,3,3,1.0,0.0,-1.0,1
55,Teens,9,4,2,1.0833333333333333,0.9166666666666666,-0.16666666666666666,12
55,Teens,10,5,3,1.5909090909090908,1.6363636363636365,0.045454545454545456,22
56,Kids,1,2,1,0.0,0.5,0.5,2
56,Kids,2,3,1,0.5,1.0,0.5,4
56,Kids,3,4,1,0.5,0.75,0.25,4
56,Kids,4,5,1,1.619047619047619,1.8571428571428572,0.23809523809523808,21
56,Kids,5,3,2,0.0,1.0,1.0,1
56,Kids,6,5,2,0.875,1.25,0.375,8
56,Kids,7,2,2,0.0,1.0,1.0,2
56,Kids,8,3,3,1.0,1.0,0.0,3
56,Kids,9,4,2,0.75,1.0,0.25,4
56,Kids,10,5,3,0.625,0.25,-0.375,8
57,Kids,1,2,1,0.75,0.25,-0.5,4
57,Kids,2,3,1,1.25,0.0,-1.25,4
57,Kids,3,4,1,0.7142857142857143,1.2857142857142858,0.5714285714285714,7
57,Kids,4,5,1,0.8571428571428571,1.1428571428571428,0.2857142857142857,7
57,Kids,5,3,2,1.2857142857142858,1.0,-0.2857142857142857,7
57,Kids,6,5,2,1.5416666666666667,1.2916666666666667,-0.25,24
57,Kids,7,2,2,1.0,0.3333333333333333,-0.6666666666666666,3
57,Kids,8,3,3,1.4,1.6,0.2,5
57,Kids,9,4,2,1.7,0.6,-1.1,10
57,Kids,10,5,3,0.3333333333333333,0.6666666666666666,0.3333333333333333,3
58,Teens,1,2,1,0.0,1.0,1.0,1
58,Teens,2,4,1,0.0,1.0,1.0,1
58,Teens,3,3,1,0.0,1.0,1.0,2
58,Teens,4,5,1,0.9090909090909091,1.0909090909090908,0.18181818181818182,11
58,Teens,6,5,2,0.9,1.4,0.5,10
58,Teens,7,2,2,0.0,1.0,1.0,1
58,Teens,8,4,2,0.0,0.75,0.75,4
58,Teens,9,3,3,0.3333333333333333,1.0,0.6666666666666666,3
58,Teens,10,5,3,1.0,0.16666666666666666,-0.8333333333333334,6
60,Teens,1,2,1,0.6666666666666666,1.3333333333333333,0.6666666666666666,3
60,Teens,2,3,1,0.75,0.75,0.0,4
60,Teens,3,4,1,0.5,0.0,-0.5,2
60,Teens,4,5,1,1.88,2.24,0.36,25
60,Teens,6,5,2,0.0,0.0,0.0,3
60,Teens,8,3,3,0.0,1.0,1.0,1
60,Teens,9,4,2,0.5,1.0,0.5,2
60,Teens,10,5,3,1.4666666666666666,2.0,0.5333333333333333,15
61,Kids,1,2,1,0.3333333333333333,1.0,0.6666666666666666,3
61,Kids,2,3,1,0.5,1.0,0.5,2
61,Kids,4,5,1,0.75,1.125,0.375,8
61,Kids,5,3,2,0.5,1.0,0.5,4
61,Kids,6,5,2,2.0,2.4761904761904763,0.47619047619047616,21
61,Kids,7,2,2,0.0,1.0,1.0,2
61,Kids,8,3,3,0.5,1.0,0.5,2
61,Kids,9,4,2,0.6666666666666666,1.0,0.3333333333333333,6
61,Kids,10,5,3,0.25,1.0,0.75,4
63,Kids,1,2,1,0.0,0.0,0.0,2
63,Kids,2,3,1,0.3333333333333333,0.0,-0.3333333333333333,3
63,Kids,3,5,1,2.103448275862069,2.0689655172413794,-0.034482758620689655,29
63,Kids,4,4,1,0.7,1.0,0.3,10
63,Kids,5,3,2,0.875,0.875,0.0,8
63,Kids,6,5,2,1.3076923076923077,1.6153846153846154,0.3076923076923077,13
63,Kids,7,2,2,0.6666666666666666,0.6666666666666666,0.0,3
63,Kids,8,3,3,1.4,0.4,-1.0,5
63,Kids,9,5,3,2.0,2.3684210526315788,0.3684210526315789,38
63,Kids,10,4,2,1.8214285714285714,1.9642857142857142,0.14285714285714285,28
65,Kids,1,2,1,1.4444444444444444,1.5555555555555556,0.1111111111111111,9
65,Kids,2,3,1,0.4,0.8,0.4,5
65,Kids,3,4,1,2.411764705882353,2.1470588235294117,-0.2647058823529412,34
65,Kids,4,5,1,2.1176470588235294,1.6470588235294117,-0.47058823529411764,34
65,Kids,5,3,2,1.5454545454545454,0.8181818181818182,-0.7272727272727273,11
65,Kids,6,5,2,1.9642857142857142,2.2857142857142856,0.32142857142857145,28
65,Kids,7,2,2,2.3333333333333335,1.25,-1.0833333333333333,12
65,Kids,8,3,3,1.3636363636363635,1.4545454545454546,0.09090909090909091,11
65,Kids,9,4,2,1.619047619047619,1.380952380952381,-0.23809523809523808,21
65,Kids,10,5,3,1.8333333333333333,2.361111111111111,0.5277777777777778,36
66,Kids,1,2,1,0.5,1.0,0.5,2
66,Kids,2,3,1,1.25,1.8333333333333333,0.5833333333333334,12
66,Kids,3,4,1,1.0,0.625,-0.375,8
66,Kids,4,5,1,0.125,0.5,0.375,8
66,Kids,5,3,2,0.5,0.75,0.25,4
66,Kids,6,5,2,1.5833333333333333,1.3333333333333333,-0.25,12
66,Kids,7,2,2,0.8333333333333334,1.0,0.16666666666666666,6
66,Kids,8,3,3,1.4,0.2,-1.2,5
66,Kids,9,4,2,1.8333333333333333,2.2222222222222223,0.3888888888888889,18
66,Kids,10,5,3,1.391304347826087,1.7826086956521738,0.391304347826087,23
67,Kids,1,2,1,1.1111111111111112,1.5555555555555556,0.4444444444444444,9
67,Kids,2,3,1,1.0,0.0,-1.0,1
67,Kids,3,4,1,0.5,1.25,0.75,4
67,Kids,4,5,1,0.2857142857142857,1.0,0.7142857142857143,7
67,Kids,5,3,2,0.5,1.0,0.5,4
67,Kids,6,5,2,2.0277777777777777,1.9166666666666667,-0.1111111111111111,36
67,Kids,8,3,3,1.0,0.5,-0.5,4
67,Kids,9,4,2,0.8571428571428571,0.5714285714285714,-0.2857142857142857,7
67,Kids,10,5,3,0.0,1.0,1.0,3
68,Kids,2,4,1,0.875,1.0,0.125,8
68,Kids,3,3,1,1.1666666666666667,0.6666666666666666,-0.5,6
68,Kids,4,5,1,1.5714285714285714,0.5,-1.0714285714285714,14
68,Kids,5,3,2,0.3333333333333333,1.0,0.6666666666666666,3
68,Kids,6,5,2,1.25,0.6666666666666666,-0.5833333333333334,12
68,Kids,7,2,2,0.0,1.0,1.0,1
68,Kids,8,4,2,0.5,1.0,0.5,2
68,Kids,9,3,3,0.0,0.0,0.0,1
68,Kids,10,5,3,0.4,0.4,0.0,5
69,Kids,2,3,1,1.6666666666666667,2.2222222222222223,0.5555555555555556,18
69,Kids,3,4,1,1.9,0.2,-1.7,10
69,Kids,4,5,1,1.8,1.0666666666666667,-0.7333333333333333,15
69,Kids,5,3,2,0.5,1.0,0.5,2
69,Kids,6,5,2,0.6666666666666666,0.6666666666666666,0.0,3
69,Kids,7,2,2,0.0,1.0,1.0,1
69,Kids,8,3,3,0.0,0.0,0.0,1
69,Kids,9,4,2,0.0,0.5,0.5,2
69,Kids,10,5,3,1.3333333333333333,1.5333333333333334,0.2,15
70,Teens,1,2,1,0.0,1.0,1.0,1
70,Teens,2,3,1,0.0,0.0,0.0,1
70,Teens,3,4,1,0.4,0.0,-0.4,5
70,Teens,4,5,1,0.6,0.8,0.2,5
70,Teens,5,3,2,0.4,1.0,0.6,5
70,Teens,6,5,2,0.75,1.25,0.5,8
70,Teens,7,2,2,0.0,0.5,0.5,2
70,Teens,8,3,3,0.0,0.0,0.0,1
70,Teens,9,4,2,0.4,0.6,0.2,5
70,Teens,10,5,3,0.4,0.8,0.4,5
71,Teens,2,3,1,0.0,1.0,1.0,1
71,Teens,3,4,1,0.5,1.0,0.5,2
71,Teens,4,5,1,0.5,0.5,0.0,2
71,Teens,8,3,3,0.0,1.0,1.0,1
71,Teens,10,5,3,0.4,1.0,0.6,5
72,Kids,1,2,1,0.0,0.5,0.5,2
72,Kids,2,3,1,0.8333333333333334,0.8333333333333334,0.0,6
72,Kids,3,5,1,1.7391304347826086,1.6956521739130435,-0.043478260869565216,23
72,Kids,4,4,1,0.6666666666666666,1.0,0.3333333333333333,6
72,Kids,5,3,2,1.0,0.5,-0.5,4
72,Kids,6,5,2,1.0714285714285714,1.1428571428571428,0.07142857142857142,14
72,Kids,7,2,2,3.0,3.5,0.5,12
72,Kids,8,3,3,0.6666666666666666,0.6666666666666666,0.0,3
72,Kids,9,5,3,1.8148148148148149,1.8518518518518519,0.037037037037037035,27
72,Kids,10,4,2,0.8,0.2,-0.6,5
73,Kids,1,2,1,0.6666666666666666,0.6666666666666666,0.0,3
73,Kids,2,3,1,0.8,1.4,0.6,5
73,Kids,3,5,1,1.9333333333333333,1.5,-0.43333333333333335,30
73,Kids,4,4,1,0.5,0.5,0.0,2
73,Kids,5,3,2,0.4,0.8,0.4,5
73,Kids,6,5,2,1.0,1.375,0.375,8
73,Kids,8,3,3,0.6666666666666666,0.6666666666666666,0.0,3
73,Kids,9,5,3,1.0,1.0714285714285714,0.07142857142857142,14
73,Kids,10,4,2,0.5,0.6666666666666666,0.16666666666666666,6
74,Kids,2,3,1,0.6666666666666666,0.0,-0.6666666666666666,3
74,Kids,3,5,1,2.3636363636363638,1.3636363636363635,-1.0,22
74,Kids,4,4,1,2.15,2.05,-0.1,20
74,Kids,5,3,2,0.5,1.25,0.75,4
74,Kids,6,5,2,1.125,1.125,0.0,16
74,Kids,8,3,3,0.3333333333333333,0.0,-0.3333333333333333,3
74,Kids,9,5,3,0.8571428571428571,1.3571428571428572,0.5,14
74,Kids,10,4,2,1.7777777777777777,2.3333333333333335,0.5555555555555556,9
75,Kids,1,2,1,0.8,1.0,0.2,5
75,Kids,2,3,1,1.0,1.0,0.0,3
75,Kids,3,4,1,1.0,0.0,-1.0,1
75,Kids,4,5,1,2.6956521739130435,0.8695652173913043,-1.826086956521739,23
75,Kids,6,5,2,1.6875,1.4375,-0.25,16
75,Kids,7,2,2,0.0,0.5,0.5,2
75,Kids,8,3,3,0.0,1.0,1.0,2
75,Kids,9,4,2,0.0,1.0,1.0,1
75,Kids,10,5,3,0.6666666666666666,1.0,0.3333333333333333,6
76,Kids,1,2,1,0.0,0.0,0.0,1
76,Kids,2,3,1,1.0,1.125,0.125,8
76,Kids,3,4,1,1.1428571428571428,1.1428571428571428,0.0,14
76,Kids,4,5,1,2.142857142857143,1.5714285714285714,-0.5714285714285714,28
76,Kids,5,3,2,0.5,1.0,0.5,2
76,Kids,6,5,2,0.6666666666666666,0.6666666666666666,0.0,3
76,Kids,8,3,3,1.0,0.0,-1.0,1
76,Kids,9,4,2,1.2,1.4666666666666666,0.26666666666666666,15
76,Kids,10,5,3,1.2352941176470589,1.5294117647058822,0.29411764705882354,17
77,Kids,1,2,1,0.0,0.0,0.0,1
77,Kids,2,3,1,0.6,1.2,0.6,5
77,Kids,3,4,1,1.5,0.6666666666666666,-0.8333333333333334,6
77,Kids,4,5,1,0.5,0.0,-0.5,2
77,Kids,5,3,2,0.0,0.0,0.0,1
77,Kids,6,5,2,0.8181818181818182,1.2727272727272727,0.45454545454545453,11
77,Kids,7,2,2,0.0,0.0,0.0,2
77,Kids,8,3,3,0.3333333333333333,1.0,0.6666666666666666,3
77,Kids,9,4,2,0.0,1.0,1.0,3
77,Kids,10,5,3,0.0,1.0,1.0,2
78,Kids,1,2,1,0.8,1.0,0.2,5
78,Kids,2,4,1,0.6666666666666666,0.6666666666666666,0.0,6
78,Kids,3,3,1,0.5,0.8333333333333334,0.3333333333333333,6
78,Kids,4,5,1,1.25,1.6,0.35,20
78,Kids,6,5,2,0.6666666666666666,1.2222222222222223,0.5555555555555556,9
78,Kids,7,2,2,0.5,1.0,0.5,2
78,Kids,8,4,2,0.6666666666666666,0.6666666666666666,0.0,3
78,Kids,10,5,3,0.3333333333333333,1.0,0.6666666666666666,3
79,Kids,1,2,1,0.5,0.5,0.0,4
79,Kids,2,3,1,1.0,1.5,0.5,4
79,Kids,3,4,1,0.5,0.5,0.0,4
79,Kids,4,5,1,1.8,1.4,-0.4,15
79,Kids,5,3,2,1.5,1.2,-0.3,10
79,Kids,6,5,2,1.3333333333333333,1.2857142857142858,-0.047619047619047616,21
79,Kids,7,2,2,0.5,0.0,-0.5,2
79,Kids,8,3,3,1.0,0.0,-1.0,1
79,Kids,9,4,2,0.8333333333333334,0.3333333333333333,-0.5,6
79,Kids,10,5,3,1.1428571428571428,1.2857142857142858,0.14285714285714285,7
80,Teens,1,2,1,1.1428571428571428,1.4285714285714286,0.2857142857142857,7
80,Teens,2,3,1,0.5,1.0,0.5,4
80,Teens,3,4,1,0.5,1.0,0.5,2
80,Teens,4,5,1,1.1666666666666667,0.9166666666666666,-0.25,12
80,Teens,5,3,2,0.4,1.0,0.6,5
80,Teens,6,5,2,2.08,1.4,-0.68,25
80,Teens,8,3,3,0.75,1.25,0.5,8
80,Teens,9,4,2,2.0,0.25,-1.75,8
80,Teens,10,5,3,2.125,0.0,-2.125,8
81,Teens,1,2,1,0.5,0.0,-0.5,2
81,Teens,2,3,1,0.25,1.0,0.75,4
81,Teens,3,4,1,0.5,0.5,0.0,4
81,Teens,4,5,1,1.25,1.55,0.3,20
81,Teens,5,3,2,1.0,0.0,-1.0,1
81,Teens,6,5,2,2.1724137931034484,2.0689655172413794,-0.10344827586206896,29
81,Teens,7,2,2,0.3333333333333333,1.0,0.6666666666666666,3
81,Teens,8,3,3,0.7142857142857143,1.0,0.2857142857142857,7
81,Teens,9,4,2,0.0,1.0,1.0,1
81,Teens,10,5,3,1.0,0.0,-1.0,1
82,Teens,2,3,1,0.5,1.0,0.5,6
82,Teens,3,5,1,0.25,0.75,0.5,4
82,Teens,4,4,1,0.0,0.0,0.0,1
82,Teens,5,3,2,0.0,0.5,0.5,2
82,Teens,6,5,2,0.0,1.0,1.0,3
82,Teens,9,5,3,0.5,0.25,-0.25,4
82,Teens,10,4,2,0.0,1.0,1.0,3
83,Kids,1,2,1,1.8333333333333333,0.8333333333333334,-1.0,6
83,Kids,2,3,1,1.1111111111111112,1.2222222222222223,0.1111111111111111,9
83,Kids,3,5,1,2.05,2.45,0.4,40
83,Kids,4,4,1,1.1111111111111112,1.5555555555555556,0.4444444444444444,9
83,Kids,5,3,2,2.0,1.2352941176470589,-0.7647058823529411,17
83,Kids,6,5,2,1.3333333333333333,1.2222222222222223,-0.1111111111111111,18
83,Kids,7,2,2,1.4,1.3,-0.1,10
83,Kids,8,3,3,1.7,0.2,-1.5,10
83,Kids,9,5,3,0.9285714285714286,1.0714285714285714,0.14285714285714285,14
83,Kids,10,4,2,2.1,2.3333333333333335,0.23333333333333334,30
84,Kids,1,2,1,0.5,1.0,0.5,2
84,Kids,2,3,1,0.5714285714285714,1.0,0.42857142857142855,7
84,Kids,3,5,1,1.0,1.2307692307692308,0.23076923076923078,13
84,Kids,4,4,1,0.7777777777777778,1.2222222222222223,0.4444444444444444,9
84,Kids,5,3,2,1.5,0.0,-1.5,2
84,Kids,6,5,2,0.9166666666666666,1.0,0.08333333333333333,12
84,Kids,7,2,2,0.0,0.0,0.0,1
84,Kids,8,3,3,0.875,1.125,0.25,8
84,Kids,9,5,3,0.5,0.9,0.4,10
84,Kids,10,4,2,0.0,0.0,0.0,1
85,Kids,1,2,1,0.6666666666666666,0.0,-0.6666666666666666,3
85,Kids,2,3,1,1.2,0.8,-0.4,5
85,Kids,3,4,1,0.5,0.5,0.0,2
85,Kids,4,5,1,1.1111111111111112,1.3888888888888888,0.2777777777777778,18
85,Kids,5,3,2,0.0,0.5,0.5,2
85,Kids,6,5,2,1.2857142857142858,0.7142857142857143,-0.5714285714285714,7
85,Kids,7,2,2,0.3333333333333333,1.0,0.6666666666666666,3
85,Kids,9,4,2,0.6666666666666666,1.3333333333333333,0.6666666666666666,3
85,Kids,10,5,3,1.0,1.0,0.0,9
86,Kids,1,2,1,1.0,0.0,-1.0,4
86,Kids,2,3,1,1.0,1.3333333333333333,0.3333333333333333,9
86,Kids,3,4,1,1.6,1.8666666666666667,0.26666666666666666,15
86,Kids,4,5,1,0.5,0.875,0.375,8
86,Kids,5,3,2,0.5,0.5,0.0,4
86,Kids,6,5,2,0.75,0.25,-0.5,4
86,Kids,7,2,2,1.0,1.0,0.0,3
86,Kids,8,3,3,0.5,0.5,0.0,2
86,Kids,9,4,2,1.5384615384615385,1.9615384615384615,0.4230769230769231,26
86,Kids,10,5,3,1.975609756097561,2.073170731707317,0.0975609756097561,41
87,Kids,1,2,1,0.3333333333333333,0.3333333333333333,0.0,3
87,Kids,2,3,1,0.5,1.1666666666666667,0.6666666666666666,6
87,Kids,3,4,1,1.0,0.8571428571428571,-0.14285714285714285,7
87,Kids,4,5,1,1.5,0.25,-1.25,8
87,Kids,6,5,2,1.6666666666666667,1.4444444444444444,-0.2222222222222222,18
87,Kids,7,2,2,0.5,1.0,0.5,2
87,Kids,8,3,3,0.0,1.0,1.0,1
87,Kids,9,4,2,0.5714285714285714,0.8571428571428571,0.2857142857142857,7
87,Kids,10,5,3,0.8333333333333334,1.1666666666666667,0.3333333333333333,6
88,Kids,1,2,1,1.0,0.0,-1.0,1
88,Kids,2,4,1,0.6666666666666666,0.6666666666666666,0.0,3
88,Kids,3,3,1,0.6,1.2,0.6,5
88,Kids,4,5,1,1.5,1.2777777777777777,-0.2222222222222222,18
88,Kids,5,3,2,0.6666666666666666,0.3333333333333333,-0.3333333333333333,3
88,Kids,6,5,2,2.142857142857143,0.8571428571428571,-1.2857142857142858,7
88,Kids,7,2,2,0.0,1.0,1.0,1
88,Kids,8,4,2,1.7777777777777777,1.3333333333333333,-0.4444444444444444,9
88,Kids,9,3,3,0.0,0.6666666666666666,0.6666666666666666,3
88,Kids,10,5,3,1.5555555555555556,0.7777777777777778,-0.7777777777777778,9
90,Kids,1,2,1,1.0,1.2,0.2,5
90,Kids,2,3,1,1.5,0.0,-1.5,2
90,Kids,3,4,1,1.0,0.3333333333333333,-0.6666666666666666,3
90,Kids,4,5,1,0.5,1.0,0.5,4
90,Kids,5,3,2,1.5,1.25,-0.25,8
90,Kids,6,5,2,1.36,1.48,0.12,25
90,Kids,7,2,2,1.8888888888888888,0.8888888888888888,-1.0,9
90,Kids,8,3,3,2.6153846153846154,1.8846153846153846,-0.7307692307692307,26
90,Kids,9,4,2,2.3513513513513513,2.3513513513513513,0.0,37
90,Kids,10,5,3,2.7142857142857144,1.25,-1.4642857142857142,28
91,Kids,1,2,1,0.0,1.0,1.0,1
91,Kids,2,3,1,1.0,1.3333333333333333,0.3333333333333333,9
91,Kids,3,4,1,2.4,2.1,-0.3,30
91,Kids,4,5,1,1.1666666666666667,0.9166666666666666,-0.25,12
91,Kids,5,3,2,1.5,1.125,-0.375,8
91,Kids,6,5,2,2.15,2.4,0.25,20
91,Kids,7,2,2,0.0,1.0,1.0,1
91,Kids,8,3,3,0.0,0.0,0.0,1
91,Kids,9,4,2,0.0,0.5,0.5,2
91,Kids,10,5,3,1.0769230769230769,1.0769230769230769,0.0,13
92,Teens,1,2,1,1.1666666666666667,1.0,-0.16666666666666666,6
92,Teens,2,3,1,2.0555555555555554,2.5,0.4444444444444444,18
92,Teens,3,5,1,1.7083333333333333,1.5,-0.20833333333333334,24
92,Teens,4,4,1,1.3333333333333333,1.3333333333333333,0.0,15
92,Teens,5,3,2,2.3636363636363638,0.5454545454545454,-1.8181818181818181,11
92,Teens,6,5,2,2.2142857142857144,1.4642857142857142,-0.75,28
92,Teens,7,2,2,0.5,1.0,0.5,4
92,Teens,8,3,3,0.5,0.5,0.0,2
92,Teens,9,5,3,0.6,0.8,0.2,5
92,Teens,10,4,2,0.5,0.75,0.25,4
93,Kids,1,2,1,0.0,0.0,0.0,1
93,Kids,2,3,1,0.0,0.0,0.0,1
93,Kids,3,5,1,1.5,1.6,0.1,10
93,Kids,4,4,1,1.1111111111111112,1.5,0.3888888888888889,18
93,Kids,5,3,2,1.0,0.0,-1.0,4
93,Kids,6,5,2,0.8,0.4,-0.4,5
93,Kids,7,2,2,0.8,1.0,0.2,5
93,Kids,8,3,3,0.42857142857142855,0.7142857142857143,0.2857142857142857,7
93,Kids,9,5,3,1.8181818181818181,1.0454545454545454,-0.7727272727272727,22
93,Kids,10,4,2,2.15,0.95,-1.2,20
94,Kids,1,2,1,0.5,0.5,0.0,2
94,Kids,2,3,1,0.5,1.1666666666666667,0.6666666666666666,6
94,Kids,3,5,1,0.8333333333333334,0.3333333333333333,-0.5,6
94,Kids,4,4,1,1.0833333333333333,1.5,0.4166666666666667,12
94,Kids,6,5,2,1.6666666666666667,0.16666666666666666,-1.5,6
94,Kids,7,2,2,0.0,0.0,0.0,1
94,Kids,9,5,3,0.6428571428571429,0.8571428571428571,0.21428571428571427,14
95,Kids,1,2,1,0.75,1.0,0.25,4
95,Kids,2,3,1,0.8888888888888888,1.0,0.1111111111111111,9
95,Kids,3,4,1,1.588235294117647,1.411764705882353,-0.17647058823529413,17
95,Kids,4,5,1,2.037037037037037,1.8888888888888888,-0.14814814814814814,27
95,Kids,5,3,2,0.0,0.0,0.0,1
95,Kids,6,5,2,1.2857142857142858,1.4285714285714286,0.14285714285714285,14
95,Kids,7,2,2,0.0,0.0,0.0,1
95,Kids,8,3,3,0.0,1.0,1.0,1
95,Kids,9,4,2,0.45454545454545453,0.9090909090909091,0.45454545454545453,11
95,Kids,10,5,3,1.0833333333333333,1.3333333333333333,0.25,12
96,Teens,1,2,1,1.0,0.0,-1.0,1
96,Teens,2,3,1,0.6,0.8,0.2,5
96,Teens,3,4,1,0.8571428571428571,1.4285714285714286,0.5714285714285714,7
96,Teens,4,5,1,0.5,1.0,0.5,8
96,Teens,5,3,2,0.3333333333333333,1.0,0.6666666666666666,3
96,Teens,6,5,2,1.1111111111111112,1.6666666666666667,0.5555555555555556,9
96,Teens,7,2,2,0.0,1.0,1.0,1
96,Teens,8,3,3,0.5,1.0,0.5,4
96,Teens,9,4,2,0.5,0.5,0.0,2
96,Teens,10,5,3,0.375,0.75,0.375,8
97,Teens,2,3,1,0.0,0.5,0.5,2
97,Teens,3,4,1,0.0,1.0,1.0,2
97,Teens,4,5,1,0.0,1.0,1.0,2
97,Teens,6,5,2,0.3333333333333333,1.0,0.6666666666666666,3
97,Teens,7,2,2,0.0,1.0,1.0,1
97,Teens,9,4,2,0.0,0.0,0.0,2
97,Teens,10,5,3,0.0,1.0,1.0,2
98,Teens,1,2,1,0.0,1.0,1.0,2
98,Teens,2,4,1,0.3333333333333333,0.6666666666666666,0.3333333333333333,3
98,Teens,3,3,1,0.0,1.0,1.0,1
98,Teens,4,5,1,0.3333333333333333,1.0,0.6666666666666666,3
98,Teens,5,3,2,0.5,1.0,0.5,2
98,Teens,6,5,2,0.5,0.0,-0.5,2
98,Teens,8,4,2,0.0,1.0,1.0,1
98,Teens,9,3,3,0.0,1.0,1.0,1
98,Teens,10,5,3,1.0625,1.25,0.1875,16
99,Teens,1,2,1,0.0,1.0,1.0,1
99,Teens,2,3,1,0.0,1.0,1.0,1
99,Teens,3,4,1,0.0,1.0,1.0,3
99,Teens,4,5,1,0.25,0.75,0.5,4
99,Teens,5,3,2,0.0,1.0,1.0,1
99,Teens,6,5,2,0.0,1.0,1.0,1
99,Teens,9,4,2,0.0,0.0,0.0,1
99,Teens,10,5,3,0.5,0.8333333333333334,0.3333333333333333,6
100,Kids,2,3,1,0.0,1.0,1.0,1
100,Kids,3,4,1,1.1666666666666667,0.0,-1.1666666666666667,6
100,Kids,4,5,1,1.1666666666666667,1.0,-0.16666666666666666,6
100,Kids,5,3,2,0.8,0.6,-0.2,5
100,Kids,6,5,2,1.3846153846153846,1.5384615384615385,0.15384615384615385,13
100,Kids,7,2,2,0.0,0.5,0.5,2
100,Kids,8,3,3,0.0,0.0,0.0,1
100,Kids,9,4,2,1.0,0.3333333333333333,-0.6666666666666666,3
100,Kids,10,5,3,0.3333333333333333,0.5,0.16666666666666666,6
101,Kids,1,2,1,1.0,0.0,-1.0,3
101,Kids,2,3,1,0.8,1.0,0.2,5
101,Kids,3,4,1,0.75,0.25,-0.5,4
101,Kids,4,5,1,2.375,2.325,-0.05,40
101,Kids,5,3,2,0.6666666666666666,0.0,-0.6666666666666666,3
101,Kids,6,5,2,3.0833333333333335,1.6666666666666667,-1.4166666666666667,12
101,Kids,7,2,2,1.5,1.0,-0.5,4
101,Kids,8,3,3,0.6666666666666666,0.6666666666666666,0.0,3
101,Kids,9,4,2,0.75,0.75,0.0,4
101,Kids,10,5,3,1.1666666666666667,0.3333333333333333,-0.8333333333333334,6
102,Kids,1,2,1,0.8333333333333334,1.1666666666666667,0.3333333333333333,6
102,Kids,2,3,1,1.375,0.25,-1.125,8
102,Kids,3,5,1,2.066666666666667,1.3666666666666667,-0.7,30
102,Kids,4,4,1,1.9642857142857142,1.6071428571428572,-0.35714285714285715,28
102,Kids,5,3,2,1.25,0.875,-0.375,8
102,Kids,6,5,2,1.8333333333333333,1.4583333333333333,-0.375,24
102,Kids,7,2,2,2.6666666666666665,0.0,-2.6666666666666665,6
102,Kids,8,3,3,1.3333333333333333,0.0,-1.3333333333333333,9
102,Kids,9,5,3,2.230769230769231,2.230769230769231,0.0,39
102,Kids,10,4,2,2.074074074074074,1.8518518518518519,-0.2222222222222222,27
103,Kids,1,2,1,1.0,0.5,-0.5,4
103,Kids,2,3,1,1.0,0.8888888888888888,-0.1111111111111111,9
103,Kids,3,5,1,1.8,2.0,0.2,10
103,Kids,4,4,1,0.8333333333333334,0.6666666666666666,-0.16666666666666666,6
103,Kids,5,3,2,1.0,0.3333333333333333,-0.6666666666666666,3
103,Kids,6,5,2,1.1875,1.625,0.4375,16
103,Kids,7,2,2,1.0,0.8,-0.2,5
103,Kids,9,5,3,1.8823529411764706,2.2941176470588234,0.4117647058823529,17
103,Kids,10,4,2,0.42857142857142855,0.7142857142857143,0.2857142857142857,7
104,Teens,1,2,1,0.0,1.0,1.0,1
104,Teens,2,3,1,0.3333333333333333,0.6666666666666666,0.3333333333333333,3
104,Teens,3,5,1,2.0476190476190474,2.3333333333333335,0.2857142857142857,21
104,Teens,4,4,1,1.5909090909090908,1.7272727272727273,0.13636363636363635,22
104,Teens,5,3,2,0.5,0.5,0.0,2
104,Teens,6,5,2,0.3333333333333333,1.0,0.6666666666666666,3
104,Teens,7,2,2,0.5,1.0,0.5,2
104,Teens,8,3,3,0.0,1.0,1.0,1
104,Teens,9,5,3,0.5714285714285714,0.5714285714285714,0.0,7
104,Teens,10,4,2,0.0,0.5,0.5,2
105,Teens,2,3,1,0.0,0.5,0.5,2
105,Teens,3,4,1,1.5,0.5,-1.0,8
105,Teens,4,5,1,1.5,1.2222222222222223,-0.2777777777777778,18
105,Teens,5,3,2,0.3333333333333333,0.3333333333333333,0.0,3
105,Teens,6,5,2,0.6666666666666666,0.5,-0.16666666666666666,6
105,Teens,7,2,2,0.3333333333333333,0.3333333333333333,0.0,3
105,Teens,8,3,3,0.0,0.0,0.0,2
105,Teens,9,4,2,2.0,1.0,-1.0,5
105,Teens,10,5,3,1.375,1.0,-0.375,8
106,Teens,1,2,1,1.0,0.0,-1.0,1
106,Teens,2,3,1,0.0,1.0,1.0,2
106,Teens,3,4,1,1.0,1.0,0.0,6
106,Teens,4,5,1,1.5,1.4285714285714286,-0.07142857142857142,14
106,Teens,6,5,2,0.7777777777777778,1.1111111111111112,0.3333333333333333,9
106,Teens,7,2,2,0.6666666666666666,0.6666666666666666,0.0,3
106,Teens,8,3,3,1.0,0.0,-1.0,1
106,Teens,9,4,2,0.0,1.0,1.0,2
106,Teens,10,5,3,1.4666666666666666,1.3333333333333333,-0.13333333333333333,15
108,Kids,1,2,1,0.25,0.25,0.0,4
108,Kids,2,4,1,0.2,1.0,0.8,5
108,Kids,3,3,1,1.3157894736842106,1.6842105263157894,0.3684210526315789,19
108,Kids,4,5,1,1.9545454545454546,2.5,0.5454545454545454,22
108,Kids,5,3,2,1.0,0.0,-1.0,2
108,Kids,6,5,2,1.625,1.7916666666666667,0.16666666666666666,24
108,Kids,7,2,2,1.4,1.6,0.2,5
108,Kids,8,4,2,0.8571428571428571,1.0,0.14285714285714285,7
108,Kids,9,3,3,0.6,1.2,0.6,5
108,Kids,10,5,3,0.8888888888888888,0.6666666666666666,-0.2222222222222222,9
109,Kids,1,2,1,0.5,1.0,0.5,2
109,Kids,2,3,1,0.0,0.5,0.5,2
109,Kids,3,4,1,0.5,0.6,0.1,10
109,Kids,4,5,1,1.88,2.16,0.28,25
109,Kids,5,3,2,1.0,0.6666666666666666,-0.3333333333333333,6
109,Kids,6,5,2,0.9285714285714286,0.7857142857142857,-0.14285714285714285,14
109,Kids,7,2,2,0.5,1.0,0.5,4
109,Kids,8,3,3,0.0,0.0,0.0,1
109,Kids,9,4,2,0.3333333333333333,0.8333333333333334,0.5,6
109,Kids,10,5,3,1.6451612903225807,1.903225806451613,0.25806451612903225,31
110,Kids,1,2,1,1.0,0.3333333333333333,-0.6666666666666666,3
110,Kids,2,3,1,0.8333333333333334,1.3333333333333333,0.5,6
110,Kids,3,4,1,1.35,1.8,0.45,20
110,Kids,4,5,1,1.7741935483870968,1.7741935483870968,0.0,31
110,Kids,5,3,2,0.6666666666666666,0.6666666666666666,0.0,3
110,Kids,6,5,2,2.15,1.4,-0.75,20
110,Kids,7,2,2,0.3333333333333333,0.6666666666666666,0.3333333333333333,3
110,Kids,8,3,3,0.4,0.8,0.4,5
110,Kids,9,4,2,1.0,1.4545454545454546,0.45454545454545453,11
110,Kids,10,5,3,1.0833333333333333,1.4166666666666667,0.3333333333333333,12
111,Teens,1,2,1,0.0,1.0,1.0,1
111,Teens,2,3,1,0.5,1.0,0.5,6
111,Teens,3,4,1,0.25,0.75,0.5,4
111,Teens,4,5,1,0.7142857142857143,1.1428571428571428,0.42857142857142855,7
111,Teens,5,3,2,0.0,1.0,1.0,2
111,Teens,6,5,2,1.6363636363636365,1.0909090909090908,-0.5454545454545454,11
111,Teens,7,2,2,0.0,1.0,1.0,1
111,Teens,8,3,3,0.0,1.0,1.0,1
111,Teens,10,5,3,0.3333333333333333,0.3333333333333333,0.0,3
112,Kids,1,2,1,0.0,1.0,1.0,1
112,Kids,2,3,1,0.5,1.0,0.5,2
112,Kids,3,5,1,0.42857142857142855,0.5714285714285714,0.14285714285714285,7
112,Kids,4,4,1,0.7777777777777778,0.7777777777777778,0.0,9
112,Kids,5,3,2,0.0,0.0,0.0,1
112,Kids,6,5,2,2.5945945945945947,2.891891891891892,0.2972972972972973,37
112,Kids,8,3,3,0.3333333333333333,0.6666666666666666,0.3333333333333333,3
112,Kids,9,5,3,0.0,1.0,1.0,2
112,Kids,10,4,2,0.5,1.0,0.5,2
113,Teens,1,2,1,0.0,1.0,1.0,1
113,Teens,2,3,1,1.1428571428571428,1.1428571428571428,0.0,7
113,Teens,3,5,1,2.28125,1.78125,-0.5,32
113,Teens,4,4,1,2.0625,1.5625,-0.5,16
113,Teens,5,3,2,1.5,0.0,-1.5,2
113,Teens,6,5,2,1.5714285714285714,0.2857142857142857,-1.2857142857142858,7
113,Teens,7,2,2,0.0,1.0,1.0,2
113,Teens,8,3,3,0.0,0.0,0.0,1
113,Teens,9,5,3,1.4285714285714286,1.7619047619047619,0.3333333333333333,21
113,Teens,10,4,2,1.7586206896551724,1.9655172413793103,0.20689655172413793,29
114,Teens,1,2,1,0.5,1.25,0.75,4
114,Teens,2,3,1,1.0,0.5,-0.5,4
114,Teens,3,5,1,1.7894736842105263,1.894736842105263,0.10526315789473684,19
114,Teens,4,4,1,1.4444444444444444,1.5,0.05555555555555555,18
114,Teens,5,3,2,1.0,0.75,-0.25,4
114,Teens,6,5,2,2.25,2.03125,-0.21875,32
114,Teens,8,3,3,0.75,0.0,-0.75,4
114,Teens,9,5,3,2.3333333333333335,1.5151515151515151,-0.8181818181818182,33
114,Teens,10,4,2,0.5,0.5,0.0,4
115,Kids,1,2,1,0.75,0.25,-0.5,4
115,Kids,2,3,1,1.1666666666666667,0.6666666666666666,-0.5,6
115,Kids,3,4,1,0.7142857142857143,1.0,0.2857142857142857,7
115,Kids,4,5,1,1.5833333333333333,0.75,-0.8333333333333334,12
115,Kids,5,3,2,0.8,1.2,0.4,5
115,Kids,6,5,2,0.5,1.125,0.625,8
115,Kids,8,3,3,0.0,0.0,0.0,1
115,Kids,9,4,2,0.5,0.0,-0.5,2
115,Kids,10,5,3,1.3846153846153846,0.8461538461538461,-0.5384615384615384,13
116,Kids,1,2,1,1.4,0.4,-1.0,5
116,Kids,2,3,1,0.0,0.3333333333333333,0.3333333333333333,3
116,Kids,3,4,1,1.0,0.16666666666666666,-0.8333333333333334,6
116,Kids,4,5,1,1.15,1.35,0.2,20
116,Kids,5,3,2,0.25,0.75,0.5,4
116,Kids,6,5,2,1.1764705882352942,0.7058823529411765,-0.47058823529411764,17
116,Kids,7,2,2,0.25,0.25,0.0,4
116,Kids,8,3,3,0.0,0.0,0.0,1
116,Kids,9,4,2,0.7272727272727273,0.9090909090909091,0.18181818181818182,11
116,Kids,10,5,3,2.5428571428571427,1.8,-0.7428571428571429,35
117,Kids,1,2,1,2.0,1.0,-1.0,9
117,Kids,2,3,1,3.0833333333333335,1.0,-2.0833333333333335,12
117,Kids,3,4,1,2.3333333333333335,2.033333333333333,-0.3,30
117,Kids,4,5,1,2.0625,2.09375,0.03125,32
117,Kids,5,3,2,2.8421052631578947,0.8947368421052632,-1.9473684210526316,19
117,Kids,6,5,2,1.9411764705882353,1.8235294117647058,-0.11764705882352941,34
117,Kids,7,2,2,0.3333333333333333,1.0,0.6666666666666666,3
117,Kids,8,3,3,1.1764705882352942,1.1764705882352942,0.0,17
117,Kids,9,4,2,1.9310344827586208,2.3793103448275863,0.4482758620689655,29
117,Kids,10,5,3,0.8125,0.625,-0.1875,16
118,Kids,1,2,1,0.3333333333333333,0.0,-0.3333333333333333,3
118,Kids,2,4,1,0.9285714285714286,1.4285714285714286,0.5,14
118,Kids,3,3,1,1.5,0.6666666666666666,-0.8333333333333334,6
118,Kids,4,5,1,2.2916666666666665,2.5,0.20833333333333334,24
118,Kids,5,3,2,1.0,1.0,0.0,6
118,Kids,6,5,2,1.2857142857142858,1.0,-0.2857142857142857,7
118,Kids,7,2,2,0.3333333333333333,0.3333333333333333,0.0,3
118,Kids,8,4,2,1.7916666666666667,2.0833333333333335,0.2916666666666667,24
118,Kids,9,3,3,0.5,0.0,-0.5,2
118,Kids,10,5,3,1.9047619047619047,1.4285714285714286,-0.47619047619047616,21
119,Kids,1,2,1,1.1111111111111112,1.2222222222222223,0.1111111111111111,9
119,Kids,2,3,1,1.3333333333333333,1.1111111111111112,-0.2222222222222222,9
119,Kids,3,4,1,2.076923076923077,1.5769230769230769,-0.5,26
119,Kids,4,5,1,1.3636363636363635,0.8181818181818182,-0.5454545454545454,11
119,Kids,5,3,2,0.3333333333333333,0.3333333333333333,0.0,3
119,Kids,6,5,2,1.7916666666666667,1.9166666666666667,0.125,24
119,Kids,8,3,3,0.5,1.0,0.5,2
119,Kids,9,4,2,0.5,1.0,0.5,4
119,Kids,10,5,3,0.8461538461538461,1.0769230769230769,0.23076923076923078,13
120,Kids,1,2,1,0.0,0.0,0.0,1
120,Kids,2,3,1,1.3636363636363635,1.7272727272727273,0.36363636363636365,11
120,Kids,3,4,1,1.3,0.9,-0.4,10
120,Kids,4,5,1,1.0,1.0,0.0,10
120,Kids,5,3,2,0.0,0.0,0.0,2
120,Kids,6,5,2,1.6956521739130435,1.7826086956521738,0.08695652173913043,23
120,Kids,7,2,2,0.0,0.0,0.0,1
120,Kids,8,3,3,1.0,0.0,-1.0,2
120,Kids,9,4,2,0.6666666666666666,0.6666666666666666,0.0,3
120,Kids,10,5,3,1.0,0.7777777777777778,-0.2222222222222222,9
121,Kids,1,2,1,0.0,1.0,1.0,1
121,Kids,2,3,1,1.0,1.5,0.5,4
121,Kids,3,4,1,0.75,0.5,-0.25,4
121,Kids,4,5,1,0.2857142857142857,0.8571428571428571,0.5714285714285714,7
121,Kids,5,3,2,0.5,1.0,0.5,2
121,Kids,6,5,2,0.4,1.0,0.6,5
121,Kids,8,3,3,1.0,0.0,-1.0,1
121,Kids,9,4,2,0.8,0.8,0.0,5
121,Kids,10,5,3,0.0,0.0,0.0,1
122,Kids,1,2,1,0.6666666666666666,0.8333333333333334,0.16666666666666666,6
122,Kids,2,3,1,0.6666666666666666,1.1666666666666667,0.5,6
122,Kids,3,5,1,1.5909090909090908,1.9545454545454546,0.36363636363636365,22
122,Kids,4,4,1,0.7777777777777778,1.3333333333333333,0.5555555555555556,9
122,Kids,5,3,2,0.2,0.8,0.6,5
122,Kids,6,5,2,1.6111111111111112,1.2777777777777777,-0.3333333333333333,18
122,Kids,7,2,2,0.0,1.0,1.0,1
122,Kids,8,3,3,1.0,0.3333333333333333,-0.6666666666666666,3
122,Kids,9,5,3,0.6666666666666666,1.0,0.3333333333333333,9
122,Kids,10,4,2,0.8888888888888888,0.8888888888888888,0.0,9
123,Teens,2,3,1,0.0,1.0,1.0,1
123,Teens,3,5,1,0.5,0.0,-0.5,2
123,Teens,4,4,1,0.25,0.75,0.5,4
123,Teens,5,3,2,0.0,0.5,0.5,2
123,Teens,6,5,2,0.0,1.0,1.0,2
123,Teens,7,2,2,0.0,1.0,1.0,1
123,Teens,9,5,3,0.3333333333333333,0.6666666666666666,0.3333333333333333,3
123,Teens,10,4,2,0.3333333333333333,1.0,0.6666666666666666,3
124,Teens,1,2,1,0.0,0.0,0.0,1
124,Teens,3,5,1,0.5,1.0,0.5,2
124,Teens,4,4,1,1.0,1.2857142857142858,0.2857142857142857,14
124,Teens,5,3,2,0.6666666666666666,0.3333333333333333,-0.3333333333333333,3
124,Teens,6,5,2,1.0909090909090908,1.2727272727272727,0.18181818181818182,11
124,Teens,7,2,2,0.5,1.0,0.5,2
124,Teens,9,5,3,1.8181818181818181,1.5,-0.3181818181818182,22
124,Teens,10,4,2,0.42857142857142855,0.7142857142857143,0.2857142857142857,7
125,Teens,2,3,1,0.5,1.0,0.5,2
125,Teens,3,4,1,0.5,0.5,0.0,2
125,Teens,4,5,1,0.5,0.5,0.0,2
125,Teens,5,3,2,0.5,0.8333333333333334,0.3333333333333333,6
125,Teens,6,5,2,0.0,1.0,1.0,1
125,Teens,7,2,2,0.5,1.0,0.5,2
125,Teens,8,3,3,0.75,0.25,-0.5,4
125,Teens,9,4,2,0.0,1.0,1.0,1
125,Teens,10,5,3,0.25,0.75,0.5,4
126,Kids,1,2,1,1.5,0.6666666666666666,-0.8333333333333334,6
126,Kids,2,3,1,1.8,2.0,0.2,10
126,Kids,3,4,1,1.2222222222222223,1.0,-0.2222222222222222,9
126,Kids,4,5,1,1.2142857142857142,0.7142857142857143,-0.5,14
126,Kids,5,3,2,0.6666666666666666,0.6666666666666666,0.0,3
126,Kids,6,5,2,0.7777777777777778,1.2222222222222223,0.4444444444444444,9
126,Kids,7,2,2,0.0,1.0,1.0,1
126,Kids,8,3,3,0.3333333333333333,0.3333333333333333,0.0,3
126,Kids,9,4,2,0.6666666666666666,0.6666666666666666,0.0,3
126,Kids,10,5,3,1.5714285714285714,0.8571428571428571,-0.7142857142857143,14
127,Kids,1,2,1,2.0,1.4545454545454546,-0.5454545454545454,11
127,Kids,2,3,1,2.588235294117647,2.2941176470588234,-0.29411764705882354,17
127,Kids,3,4,1,1.4,0.0,-1.4,5
127,Kids,4,5,1,1.55,1.6,0.05,20
127,Kids,5,3,2,1.8888888888888888,0.5555555555555556,-1.3333333333333333,9
127,Kids,6,5,2,1.0,0.5714285714285714,-0.42857142857142855,7
127,Kids,7,2,2,0.6,1.2,0.6,5
127,Kids,8,3,3,0.75,1.25,0.5,8
127,Kids,9,4,2,2.5357142857142856,2.7142857142857144,0.17857142857142858,28
127,Kids,10,5,3,2.1724137931034484,1.8275862068965518,-0.3448275862068966,29
128,Teens,1,2,1,0.5,1.0,0.5,2
128,Teens,2,4,1,0.5,1.0,0.5,6
128,Teens,3,3,1,0.3333333333333333,1.0,0.6666666666666666,3
128,Teens,4,5,1,1.0,1.1818181818181819,0.18181818181818182,11
128,Teens,5,3,2,0.0,0.0,0.0,1
128,Teens,6,5,2,0.42857142857142855,1.1428571428571428,0.7142857142857143,7
128,Teens,7,2,2,1.0,1.0,0.0,6
128,Teens,8,4,2,0.5,0.5,0.0,2
128,Teens,9,3,3,1.0,1.0,0.0,3
128,Teens,10,5,3,0.9090909090909091,1.0909090909090908,0.18181818181818182,11
129,Kids,1,2,1,0.75,1.0,0.25,4
129,Kids,2,3,1,0.5,0.0,-0.5,2
129,Kids,3,4,1,1.4285714285714286,1.8571428571428572,0.42857142857142855,14
129,Kids,4,5,1,0.2857142857142857,0.8571428571428571,0.5714285714285714,7
129,Kids,5,3,2,0.6666666666666666,0.0,-0.6666666666666666,3
129,Kids,6,5,2,1.2222222222222223,0.6666666666666666,-0.5555555555555556,9
129,Kids,8,3,3,0.8333333333333334,1.1666666666666667,0.3333333333333333,6
129,Kids,9,4,2,1.1428571428571428,1.1428571428571428,0.0,7
129,Kids,10,5,3,1.5555555555555556,0.1111111111111111,-1.4444444444444444,9
130,Teens,1,2,1,0.6666666666666666,0.6666666666666666,0.0,3
130,Teens,2,3,1,0.0,0.5,0.5,2
130,Teens,3,4,1,1.0,0.0,-1.0,4
130,Teens,4,5,1,0.75,1.0,0.25,4
130,Teens,5,3,2,0.0,0.0,0.0,1
130,Teens,6,5,2,2.125,2.625,0.5,16
130,Teens,7,2,2,0.0,0.0,0.0,1
130,Teens,8,3,3,1.0,0.0,-1.0,1
130,Teens,9,4,2,0.5,0.0,-0.5,2
130,Teens,10,5,3,1.4583333333333333,1.9166666666666667,0.4583333333333333,24
131,Teens,1,2,1,0.0,0.0,0.0,2
131,Teens,2,3,1,0.8,0.6,-0.2,5
131,Teens,3,4,1,1.5384615384615385,1.8461538461538463,0.3076923076923077,13
131,Teens,4,5,1,1.4,1.0,-0.4,10
131,Teens,5,3,2,0.5,1.0,0.5,2
131,Teens,6,5,2,0.7692307692307693,1.1538461538461537,0.38461538461538464,13
131,Teens,7,2,2,0.5,0.0,-0.5,2
131,Teens,8,3,3,0.25,0.5,0.25,4
131,Teens,9,4,2,0.0,0.3333333333333333,0.3333333333333333,3
131,Teens,10,5,3,0.7142857142857143,0.7142857142857143,0.0,7
132,Teens,1,2,1,0.0,1.0,1.0,2
132,Teens,2,3,1,0.6666666666666666,1.0,0.3333333333333333,6
132,Teens,3,5,1,0.25,0.75,0.5,4
132,Teens,4,4,1,0.875,1.125,0.25,8
132,Teens,5,3,2,0.0,1.0,1.0,1
132,Teens,6,5,2,0.75,1.375,0.625,8
132,Teens,7,2,2,1.0,0.0,-1.0,3
132,Teens,8,3,3,0.0,0.0,0.0,1
132,Teens,9,5,3,0.5,0.9,0.4,10
132,Teens,10,4,2,1.0,0.0,-1.0,1
133,Kids,1,2,1,0.3333333333333333,0.3333333333333333,0.0,3
133,Kids,2,3,1,1.1818181818181819,1.1818181818181819,0.0,11
133,Kids,3,5,1,2.1923076923076925,1.4615384615384615,-0.7307692307692307,26
133,Kids,4,4,1,1.0,1.1538461538461537,0.15384615384615385,13
133,Kids,5,3,2,2.2,2.68,0.48,25
133,Kids,6,5,2,1.0,0.9090909090909091,-0.09090909090909091,11
133,Kids,7,2,2,0.5,1.0,0.5,2
133,Kids,8,3,3,0.25,0.75,0.5,4
133,Kids,9,5,3,4.513513513513513,1.2432432432432432,-3.27027027027027,37
133,Kids,10,4,2,1.3333333333333333,0.0,-1.3333333333333333,3
134,Kids,1,2,1,1.0,0.5,-0.5,4
134,Kids,2,3,1,0.7777777777777778,1.3333333333333333,0.5555555555555556,9
134,Kids,3,5,1,1.4666666666666666,1.4,-0.06666666666666667,15
134,Kids,4,4,1,0.6666666666666666,0.8888888888888888,0.2222222222222222,9
134,Kids,5,3,2,0.3333333333333333,0.0,-0.3333333333333333,3
134,Kids,6,5,2,1.5833333333333333,1.0833333333333333,-0.5,12
134,Kids,7,2,2,1.2,0.8,-0.4,5
134,Kids,9,5,3,1.0,0.8571428571428571,-0.14285714285714285,7
134,Kids,10,4,2,0.4,0.8,0.4,5
135,Teens,1,2,1,0.0,1.0,1.0,1
135,Teens,2,3,1,0.5,1.0,0.5,2
135,Teens,3,4,1,0.75,1.0,0.25,4
135,Teens,4,5,1,0.0,0.5,0.5,2
135,Teens,5,3,2,0.0,1.0,1.0,1
135,Teens,6,5,2,0.3333333333333333,0.3333333333333333,0.0,3
135,Teens,7,2,2,0.6666666666666666,1.3333333333333333,0.6666666666666666,3
135,Teens,8,3,3,1.0,0.0,-1.0,1
135,Teens,9,4,2,0.5,1.0,0.5,2
135,Teens,10,5,3,0.5,0.5,0.0,8
136,Teens,1,2,1,0.0,0.0,0.0,1
136,Teens,2,3,1,0.5,1.0,0.5,4
136,Teens,3,4,1,1.1428571428571428,1.1428571428571428,0.0,7
136,Teens,4,5,1,1.2857142857142858,1.7142857142857142,0.42857142857142855,14
136,Teens,5,3,2,1.0,1.5,0.5,4
136,Teens,6,5,2,1.8181818181818181,2.0303030303030303,0.21212121212121213,33
136,Teens,7,2,2,0.5,1.25,0.75,4
136,Teens,8,3,3,0.0,0.0,0.0,2
136,Teens,9,4,2,0.3333333333333333,0.5,0.16666666666666666,6
136,Teens,10,5,3,2.8947368421052633,1.7894736842105263,-1.105263157894737,19
137,Teens,1,2,1,0.5,0.5,0.0,4
137,Teens,2,3,1,0.75,1.25,0.5,8
137,Teens,3,4,1,0.5,0.6666666666666666,0.16666666666666666,6
137,Teens,4,5,1,0.5714285714285714,1.0,0.42857142857142855,7
137,Teens,5,3,2,1.8571428571428572,0.42857142857142855,-1.4285714285714286,7
137,Teens,6,5,2,0.3333333333333333,0.6666666666666666,0.3333333333333333,3
137,Teens,8,3,3,1.0,1.0,0.0,6
137,Teens,9,4,2,0.25,0.25,0.0,4
137,Teens,10,5,3,0.0,1.0,1.0,1
138,Kids,1,2,1,1.625,1.0,-0.625,8
138,Kids,2,4,1,0.6666666666666666,0.0,-0.6666666666666666,3
138,Kids,3,3,1,0.75,1.25,0.5,8
138,Kids,4,5,1,1.75,1.8333333333333333,0.08333333333333333,24
138,Kids,5,3,2,0.4,0.6,0.2,5
138,Kids,6,5,2,1.9166666666666667,2.1666666666666665,0.25,24
138,Kids,7,2,2,0.0,0.5,0.5,2
138,Kids,8,4,2,0.0,0.0,0.0,1
138,Kids,9,3,3,0.0,0.5,0.5,2
138,Kids,10,5,3,2.475,2.6,0.125,40
139,Teens,1,2,1,0.0,1.0,1.0,1
139,Teens,2,3,1,1.4444444444444444,0.6666666666666666,-0.7777777777777778,9
139,Teens,3,4,1,2.24,2.6,0.36,25
139,Teens,4,5,1,1.2941176470588236,1.7647058823529411,0.47058823529411764,17
139,Teens,5,3,2,0.6,1.2,0.6,5
139,Teens,6,5,2,1.0,1.125,0.125,8
139,Teens,7,2,2,1.2,0.6,-0.6,5
139,Teens,8,3,3,0.3333333333333333,0.6666666666666666,0.3333333333333333,3
139,Teens,9,4,2,0.7142857142857143,0.5714285714285714,-0.14285714285714285,7
139,Teens,10,5,3,1.25,1.5625,0.3125,16
140,Kids,1,2,1,0.3333333333333333,0.0,-0.3333333333333333,3
140,Kids,2,3,1,0.0,0.0,0.0,1
140,Kids,3,4,1,1.2,1.4666666666666666,0.26666666666666666,15
140,Kids,4,5,1,1.0,1.125,0.125,8
140,Kids,5,3,2,0.0,0.0,0.0,2
140,Kids,6,5,2,1.1111111111111112,0.5555555555555556,-0.5555555555555556,9
140,Kids,8,3,3,0.3333333333333333,1.0,0.6666666666666666,3
140,Kids,10,5,3,2.4,0.4666666666666667,-1.9333333333333333,15
141,Kids,2,3,1,0.6666666666666666,1.3333333333333333,0.6666666666666666,6
141,Kids,3,4,1,1.1764705882352942,1.411764705882353,0.23529411764705882,17
141,Kids,4,5,1,1.2,1.0666666666666667,-0.13333333333333333,15
141,Kids,5,3,2,0.5,0.0,-0.5,2
141,Kids,6,5,2,1.6666666666666667,1.9259259259259258,0.25925925925925924,27
141,Kids,7,2,2,0.0,0.0,0.0,1
141,Kids,8,3,3,0.5,1.0,0.5,6
141,Kids,9,4,2,2.2142857142857144,1.8571428571428572,-0.35714285714285715,28
141,Kids,10,5,3,2.2222222222222223,1.6666666666666667,-0.5555555555555556,18
142,Kids,1,2,1,0.8,0.6,-0.2,5
142,Kids,2,3,1,1.0,0.6666666666666666,-0.3333333333333333,6
142,Kids,3,5,1,0.25,0.75,0.5,4
142,Kids,4,4,1,0.3333333333333333,0.3333333333333333,0.0,3
142,Kids,5,3,2,0.8333333333333334,1.3333333333333333,0.5,6
142,Kids,6,5,2,0.3333333333333333,1.0,0.6666666666666666,6
142,Kids,7,2,2,0.0,0.0,0.0,1
142,Kids,8,3,3,0.0,1.0,1.0,2
142,Kids,9,5,3,0.8333333333333334,1.3333333333333333,0.5,6
142,Kids,10,4,2,0.0,0.6666666666666666,0.6666666666666666,3
143,Kids,1,2,1,0.5,0.5,0.0,4
143,Kids,2,3,1,0.6666666666666666,1.3333333333333333,0.6666666666666666,6
143,Kids,3,5,1,1.5625,1.25,-0.3125,16
143,Kids,4,4,1,1.625,0.375,-1.25,8
143,Kids,5,3,2,0.7777777777777778,0.8888888888888888,0.1111111111111111,9
143,Kids,6,5,2,0.4,0.6,0.2,5
143,Kids,7,2,2,0.0,0.5,0.5,2
143,Kids,8,3,3,1.1,1.4,0.3,10
143,Kids,9,5,3,2.0789473684210527,2.1842105263157894,0.10526315789473684,38
143,Kids,10,4,2,1.2777777777777777,1.7777777777777777,0.5,18
144,Kids,1,2,1,0.0,1.0,1.0,1
144,Kids,2,3,1,0.8333333333333334,1.1666666666666667,0.3333333333333333,6
144,Kids,3,5,1,1.2307692307692308,1.1538461538461537,-0.07692307692307693,13
144,Kids,5,3,2,0.0,0.6666666666666666,0.6666666666666666,3
144,Kids,6,5,2,0.5,1.0,0.5,2
144,Kids,7,2,2,0.5,0.0,-0.5,2
144,Kids,8,3,3,0.5,0.5,0.0,2
144,Kids,9,5,3,0.8,1.1333333333333333,0.3333333333333333,15
144,Kids,10,4,2,1.5,0.0,-1.5,2
145,Kids,1,2,1,0.3333333333333333,1.0,0.6666666666666666,3
145,Kids,2,3,1,0.3333333333333333,0.6666666666666666,0.3333333333333333,3
145,Kids,3,4,1,0.8333333333333334,0.8333333333333334,0.0,6
145,Kids,4,5,1,0.2857142857142857,0.7142857142857143,0.42857142857142855,7
145,Kids,5,3,2,0.0,1.0,1.0,2
145,Kids,6,5,2,0.8,1.4,0.6,10
145,Kids,7,2,2,0.75,1.0,0.25,4
145,Kids,8,3,3,1.5384615384615385,1.0769230769230769,-0.46153846153846156,13
145,Kids,9,4,2,0.5,1.0,0.5,2
145,Kids,10,5,3,0.25,0.75,0.5,4
146,Kids,1,2,1,0.5,0.5,0.0,2
146,Kids,2,3,1,0.6666666666666666,1.0,0.3333333333333333,6
146,Kids,3,4,1,0.6666666666666666,0.16666666666666666,-0.5,6
146,Kids,4,5,1,1.25,1.1875,-0.0625,16
146,Kids,5,3,2,1.1666666666666667,0.5,-0.6666666666666666,6
146,Kids,6,5,2,1.1538461538461537,1.0,-0.15384615384615385,13
146,Kids,8,3,3,1.0,0.0,-1.0,2
146,Kids,9,4,2,1.0,1.125,0.125,8
146,Kids,10,5,3,2.28,2.28,0.0,25
147,Kids,1,2,1,0.75,1.0,0.25,4
147,Kids,2,3,1,1.0,1.5,0.5,4
147,Kids,3,4,1,2.3,2.433333333333333,0.13333333333333333,30
147,Kids,4,5,1,0.5714285714285714,0.8571428571428571,0.2857142857142857,7
147,Kids,5,3,2,0.6,0.4,-0.2,5
147,Kids,6,5,2,1.3076923076923077,0.6923076923076923,-0.6153846153846154,13
147,Kids,7,2,2,0.5,0.5,0.0,2
147,Kids,8,3,3,0.0,1.0,1.0,1
147,Kids,9,4,2,0.25,0.75,0.5,4
147,Kids,10,5,3,0.875,1.125,0.25,8
148,Teens,1,2,1,0.0,1.0,1.0,2
148,Teens,2,4,1,0.8181818181818182,1.0909090909090908,0.2727272727272727,11
148,Teens,3,3,1,1.0,0.75,-0.25,4
148,Teens,4,5,1,0.9333333333333333,1.2666666666666666,0.3333333333333333,15
148,Teens,5,3,2,0.0,0.6666666666666666,0.6666666666666666,3
148,Teens,6,5,2,0.2,0.8,0.6,5
148,Teens,7,2,2,0.5,1.0,0.5,2
148,Teens,8,4,2,0.8,1.1,0.3,10
148,Teens,9,3,3,0.6666666666666666,1.3333333333333333,0.6666666666666666,6
148,Teens,10,5,3,0.6666666666666666,1.0,0.3333333333333333,6
149,Kids,1,2,1,0.0,1.0,1.0,1
149,Kids,2,3,1,0.8,1.2,0.4,5
149,Kids,3,4,1,2.04,1.76,-0.28,25
149,Kids,4,5,1,1.8333333333333333,1.7916666666666667,-0.041666666666666664,24
149,Kids,5,3,2,1.0,0.0,-1.0,2
149,Kids,6,5,2,1.3,1.0,-0.3,10
149,Kids,7,2,2,0.0,1.0,1.0,1
149,Kids,8,3,3,0.0,1.0,1.0,1
149,Kids,9,4,2,0.6666666666666666,0.6666666666666666,0.0,3
149,Kids,10,5,3,0.7142857142857143,1.2857142857142858,0.5714285714285714,7
150,Kids,2,3,1,0.5,1.0,0.5,2
150,Kids,3,4,1,0.0,0.6666666666666666,0.6666666666666666,3
150,Kids,5,3,2,1.0,0.0,-1.0,1
150,Kids,6,5,2,0.8,0.4,-0.4,5
150,Kids,8,3,3,1.0,1.0,0.0,3
150,Kids,9,4,2,1.0,0.6,-0.4,5
150,Kids,10,5,3,0.6666666666666666,1.0,0.3333333333333333,6
151,Kids,1,2,1,0.5,0.5,0.0,4
151,Kids,2,3,1,0.25,0.5,0.25,4
151,Kids,3,4,1,1.0,0.3333333333333333,-0.6666666666666666,3
151,Kids,4,5,1,1.0,0.2857142857142857,-0.7142857142857143,7
151,Kids,6,5,2,1.9666666666666666,2.3333333333333335,0.36666666666666664,30
151,Kids,7,2,2,0.0,0.0,0.0,1
151,Kids,8,3,3,0.6666666666666666,1.0,0.3333333333333333,6
151,Kids,9,4,2,0.0,0.5,0.5,4
151,Kids,10,5,3,0.3333333333333333,1.0,0.6666666666666666,6
152,Teens,1,2,1,0.8,1.4,0.6,5
152,Teens,2,3,1,1.5454545454545454,0.8181818181818182,-0.7272727272727273,11
152,Teens,3,5,1,2.2580645161290325,1.8387096774193548,-0.41935483870967744,31
152,Teens,4,4,1,1.962962962962963,2.2962962962962963,0.3333333333333333,27
152,Teens,5,3,2,0.6,1.2,0.6,5
152,Teens,6,5,2,1.368421052631579,1.0,-0.3684210526315789,19
152,Teens,7,2,2,0.5,1.0,0.5,4
152,Teens,8,3,3,0.25,0.5,0.25,4
152,Teens,9,5,3,1.5,1.5833333333333333,0.08333333333333333,24
152,Teens,10,4,2,1.9642857142857142,2.0714285714285716,0.10714285714285714,28
153,Kids,1,2,1,0.0,0.0,0.0,1
153,Kids,2,3,1,1.0,0.0,-1.0,1
153,Kids,3,5,1,1.0,1.5,0.5,10
153,Kids,4,4,1,1.7692307692307692,1.0769230769230769,-0.6923076923076923,13
153,Kids,5,3,2,0.6,1.0,0.4,5
153,Kids,6,5,2,1.25,1.5,0.25,12
153,Kids,7,2,2,0.8,1.0,0.2,5
153,Kids,8,3,3,0.5,1.0,0.5,4
153,Kids,9,5,3,1.7391304347826086,2.0,0.2608695652173913,23
153,Kids,10,4,2,0.6,0.8,0.2,5
154,Teens,1,2,1,0.5,1.0,0.5,2
154,Teens,2,3,1,0.5,1.0,0.5,2
154,Teens,3,5,1,0.7857142857142857,1.0,0.21428571428571427,14
154,Teens,4,4,1,0.25,0.75,0.5,4
154,Teens,5,3,2,0.0,1.0,1.0,1
154,Teens,6,5,2,0.75,0.75,0.0,8
154,Teens,7,2,2,0.0,0.0,0.0,1
154,Teens,9,5,3,0.5,1.0,0.5,4
154,Teens,10,4,2,1.3846153846153846,1.6153846153846154,0.23076923076923078,13
155,Kids,1,2,1,0.0,0.0,0.0,1
155,Kids,2,3,1,0.5,1.0,0.5,6
155,Kids,3,4,1,0.6666666666666666,0.7777777777777778,0.1111111111111111,9
155,Kids,4,5,1,1.92,2.48,0.56,25
155,Kids,5,3,2,0.5,0.5,0.0,2
155,Kids,6,5,2,1.4,1.4,0.0,10
155,Kids,8,3,3,0.4,1.0,0.6,5
155,Kids,9,4,2,0.4,1.2,0.8,5
155,Kids,10,5,3,1.7619047619047619,1.4285714285714286,-0.3333333333333333,21
156,Kids,1,2,1,0.3333333333333333,0.3333333333333333,0.0,3
156,Kids,2,3,1,0.0,0.5,0.5,2
156,Kids,3,4,1,0.0,0.6666666666666666,0.6666666666666666,3
156,Kids,4,5,1,0.875,0.625,-0.25,8
156,Kids,5,3,2,0.0,0.0,0.0,1
156,Kids,6,5,2,0.6666666666666666,1.1666666666666667,0.5,6
156,Kids,7,2,2,0.0,1.0,1.0,1
156,Kids,8,3,3,0.4,1.2,0.8,5
156,Kids,9,4,2,0.75,1.25,0.5,8
156,Kids,10,5,3,1.8148148148148149,2.185185185185185,0.37037037037037035,27
157,Kids,1,2,1,0.5,0.5,0.0,2
157,Kids,2,3,1,1.1111111111111112,1.2222222222222223,0.1111111111111111,9
157,Kids,3,4,1,1.736842105263158,1.2105263157894737,-0.5263157894736842,19
157,Kids,4,5,1,0.2857142857142857,0.8571428571428571,0.5714285714285714,7
157,Kids,5,3,2,0.3333333333333333,1.0,0.6666666666666666,3
157,Kids,6,5,2,0.5,1.0,0.5,10
157,Kids,7,2,2,0.3333333333333333,1.0,0.6666666666666666,3
157,Kids,8,3,3,1.3636363636363635,1.4545454545454546,0.09090909090909091,11
157,Kids,9,4,2,1.1428571428571428,1.1428571428571428,0.0,7
157,Kids,10,5,3,1.0,1.2857142857142858,0.2857142857142857,7
158,Kids,1,2,1,0.0,0.0,0.0,2
158,Kids,2,4,1,0.0,0.3333333333333333,0.3333333333333333,3
158,Kids,3,3,1,0.0,0.0,0.0,1
158,Kids,4,5,1,0.5714285714285714,1.1428571428571428,0.5714285714285714,7
158,Kids,5,3,2,0.3333333333333333,0.6666666666666666,0.3333333333333333,3
158,Kids,6,5,2,2.0,0.0,-2.0,8
158,Kids,7,2,2,0.5,1.0,0.5,4
158,Kids,8,4,2,0.9090909090909091,0.9090909090909091,0.0,11
158,Kids,9,3,3,0.5,1.25,0.75,4
158,Kids,10,5,3,1.894736842105263,1.1578947368421053,-0.7368421052631579,19
159,Teens,1,2,1,0.0,1.0,1.0,1
159,Teens,2,3,1,0.8888888888888888,1.0,0.1111111111111111,9
159,Teens,3,4,1,1.8695652173913044,1.6521739130434783,-0.21739130434782608,23
159,Teens,4,5,1,2.0869565217391304,1.6521739130434783,-0.43478260869565216,23
159,Teens,5,3,2,1.0,0.0,-1.0,2
159,Teens,6,5,2,1.25,1.25,0.0,12
159,Teens,7,2,2,0.5,1.0,0.5,2
159,Teens,9,4,2,0.0,0.6666666666666666,0.6666666666666666,3
159,Teens,10,5,3,2.142857142857143,1.380952380952381,-0.7619047619047619,21
160,Teens,2,3,1,0.5,1.0,0.5,2
160,Teens,3,4,1,0.5,0.75,0.25,4
160,Teens,4,5,1,1.25,1.3333333333333333,0.08333333333333333,12
160,Teens,5,3,2,0.8,1.0,0.2,5
160,Teens,6,5,2,0.0,1.0,1.0,1
160,Teens,7,2,2,0.5,1.0,0.5,2
160,Teens,8,3,3,0.0,1.0,1.0,1
160,Teens,9,4,2,0.0,1.0,1.0,1
160,Teens,10,5,3,0.0,1.0,1.0,3
161,Teens,2,3,1,0.0,1.0,1.0,1
161,Teens,3,4,1,0.3333333333333333,1.0,0.6666666666666666,3
161,Teens,4,5,1,0.0,1.0,1.0,2
161,Teens,5,3,2,0.5,0.0,-0.5,2
161,Teens,6,5,2,0.6,0.8,0.2,5
161,Teens,7,2,2,0.0,1.0,1.0,2
161,Teens,8,3,3,1.0,0.5,-0.5,4
161,Teens,9,4,2,0.3333333333333333,0.6666666666666666,0.3333333333333333,3
161,Teens,10,5,3,1.0,0.0,-1.0,1
162,Teens,1,2,1,0.25,0.75,0.5,4
162,Teens,2,3,1,0.7142857142857143,1.0,0.2857142857142857,7
162,Teens,3,5,1,0.25,0.75,0.5,4
162,Teens,4,4,1,1.1666666666666667,0.5,-0.6666666666666666,6
162,Teens,5,3,2,2.0,0.0,-2.0,3
162,Teens,6,5,2,1.2307692307692308,1.5384615384615385,0.3076923076923077,13
162,Teens,7,2,2,0.5,1.0,0.5,2
162,Teens,8,3,3,0.5,0.5,0.0,2
162,Teens,9,5,3,0.3333333333333333,1.0,0.6666666666666666,3
162,Teens,10,4,2,0.3333333333333333,1.0,0.6666666666666666,3
163,Teens,1,2,1,0.0,0.0,0.0,1
163,Teens,2,3,1,0.0,0.0,0.0,2
163,Teens,3,5,1,1.0,1.0,0.0,9
163,Teens,4,4,1,0.3333333333333333,0.3333333333333333,0.0,3
163,Teens,5,3,2,0.5,0.0,-0.5,2
163,Teens,6,5,2,0.7142857142857143,0.7142857142857143,0.0,7
163,Teens,7,2,2,0.5,1.0,0.5,2
163,Teens,8,3,3,0.4,0.8,0.4,5
163,Teens,9,5,3,0.8333333333333334,0.5,-0.3333333333333333,6
163,Teens,10,4,2,0.6,0.8,0.2,5
164,Teens,2,3,1,1.0,0.0,-1.0,1
164,Teens,3,5,1,1.4666666666666666,1.2,-0.26666666666666666,15
164,Teens,4,4,1,1.3846153846153846,1.0,-0.38461538461538464,13
164,Teens,6,5,2,1.1818181818181819,1.3636363636363635,0.18181818181818182,11
164,Teens,7,2,2,0.0,1.0,1.0,1
164,Teens,8,3,3,0.3333333333333333,0.6666666666666666,0.3333333333333333,3
164,Teens,9,5,3,0.0,0.0,0.0,1
164,Teens,10,4,2,1.4444444444444444,1.8888888888888888,0.4444444444444444,18
165,Teens,2,3,1,0.5,1.0,0.5,6
165,Teens,3,4,1,0.6666666666666666,1.0,0.3333333333333333,6
165,Teens,4,5,1,1.75,0.3333333333333333,-1.4166666666666667,12
165,Teens,6,5,2,0.5,1.0,0.5,6
165,Teens,8,3,3,0.0,1.0,1.0,1
165,Teens,9,4,2,0.0,0.0,0.0,1
165,Teens,10,5,3,1.2666666666666666,1.8,0.5333333333333333,15
166,Teens,1,2,1,0.3333333333333333,1.0,0.6666666666666666,3
166,Teens,2,3,1,0.5,0.5,0.0,2
166,Teens,3,4,1,0.3333333333333333,0.0,-0.3333333333333333,3
166,Teens,4,5,1,1.1333333333333333,1.5333333333333334,0.4,15
166,Teens,6,5,2,0.25,0.25,0.0,4
166,Teens,7,2,2,0.5,1.0,0.5,2
166,Teens,9,4,2,0.6,0.4,-0.2,5
166,Teens,10,5,3,1.125,0.875,-0.25,8
167,Teens,1,2,1,0.0,1.0,1.0,1
167,Teens,2,3,1,0.4,0.8,0.4,5
167,Teens,3,4,1,0.0,0.5,0.5,2
167,Teens,4,5,1,0.8888888888888888,1.3333333333333333,0.4444444444444444,9
167,Teens,5,3,2,0.3333333333333333,1.0,0.6666666666666666,3
167,Teens,6,5,2,0.0,1.0,1.0,1
167,Teens,9,4,2,0.0,1.0,1.0,2
167,Teens,10,5,3,0.6666666666666666,0.3333333333333333,-0.3333333333333333,6
168,Teens,2,4,1,0.3333333333333333,0.6666666666666666,0.3333333333333333,3
168,Teens,3,3,1,0.7142857142857143,1.1428571428571428,0.42857142857142855,7
168,Teens,4,5,1,1.3,1.5,0.2,10
168,Teens,6,5,2,1.5714285714285714,0.42857142857142855,-1.1428571428571428,7
168,Teens,7,2,2,0.0,1.0,1.0,1
168,Teens,8,4,2,1.5,0.0,-1.5,2
168,Teens,10,5,3,1.2142857142857142,1.2857142857142858,0.07142857142857142,14
169,Teens,1,2,1,0.7142857142857143,0.8571428571428571,0.14285714285714285,7
169,Teens,2,3,1,1.75,0.75,-1.0,8
169,Teens,3,4,1,1.588235294117647,1.7058823529411764,0.11764705882352941,17
169,Teens,4,5,1,1.4375,1.125,-0.3125,16
169,Teens,5,3,2,1.0,0.0,-1.0,2
169,Teens,6,5,2,1.0,1.2,0.2,10
169,Teens,7,2,2,0.3333333333333333,0.6666666666666666,0.3333333333333333,3
169,Teens,8,3,3,0.25,0.75,0.5,4
169,Teens,9,4,2,1.4545454545454546,1.8181818181818181,0.36363636363636365,11
169,Teens,10,5,3,1.0,1.5833333333333333,0.5833333333333334,12
170,Teens,1,2,1,0.3333333333333333,0.3333333333333333,0.0,3
170,Teens,2,3,1,0.5,0.0,-0.5,2
170,Teens,3,4,1,0.75,1.25,0.5,8
170,Teens,4,5,1,0.5,1.0,0.5,6
170,Teens,6,5,2,1.0,0.4,-0.6,5
170,Teens,10,5,3,2.0526315789473686,2.1578947368421053,0.10526315789473684,19
171,Teens,2,3,1,0.5,1.0,0.5,2
171,Teens,3,4,1,0.3333333333333333,0.0,-0.3333333333333333,3
171,Teens,4,5,1,2.176470588235294,2.176470588235294,0.0,17
171,Teens,5,3,2,0.0,0.0,0.0,1
171,Teens,6,5,2,1.4814814814814814,1.7407407407407407,0.25925925925925924,27
171,Teens,7,2,2,0.0,1.0,1.0,2
171,Teens,8,3,3,0.0,0.5,0.5,2
171,Teens,9,4,2,0.2,0.8,0.6,5
171,Teens,10,5,3,0.25,1.0,0.75,4
172,Teens,2,3,1,2.2857142857142856,1.7142857142857142,-0.5714285714285714,7
172,Teens,3,5,1,0.8571428571428571,0.8571428571428571,0.0,7
172,Teens,4,4,1,0.3333333333333333,0.5,0.16666666666666666,6
172,Teens,5,3,2,0.0,0.0,0.0,1
172,Teens,6,5,2,2.4242424242424243,1.4545454545454546,-0.9696969696969697,33
172,Teens,7,2,2,0.0,0.5,0.5,2
172,Teens,8,3,3,0.0,0.0,0.0,1
172,Teens,9,5,3,2.0454545454545454,1.6818181818181819,-0.36363636363636365,22
173,Teens,1,2,1,2.7222222222222223,2.3333333333333335,-0.3888888888888889,18
173,Teens,2,3,1,0.5,0.0,-0.5,2
173,Teens,3,5,1,1.4615384615384615,1.3846153846153846,-0.07692307692307693,13
173,Teens,4,4,1,1.5,0.25,-1.25,4
173,Teens,5,3,2,0.0,1.0,1.0,1
173,Teens,6,5,2,1.0,1.4666666666666666,0.4666666666666667,15
173,Teens,7,2,2,0.6666666666666666,0.8333333333333334,0.16666666666666666,6
173,Teens,9,5,3,1.6470588235294117,1.0,-0.6470588235294118,17
173,Teens,10,4,2,0.875,1.125,0.25,8
174,Teens,2,3,1,1.2222222222222223,1.5555555555555556,0.3333333333333333,9
174,Teens,3,5,1,0.8,1.0,0.2,10
174,Teens,4,4,1,0.3333333333333333,0.6666666666666666,0.3333333333333333,6
174,Teens,5,3,2,0.0,0.0,0.0,1
174,Teens,6,5,2,0.75,0.5,-0.25,12
174,Teens,7,2,2,0.3333333333333333,1.0,0.6666666666666666,3
174,Teens,9,5,3,0.6,0.4,-0.2,5
174,Teens,10,4,2,0.3333333333333333,0.6666666666666666,0.3333333333333333,3
175,Teens,1,2,1,0.0,0.0,0.0,1
175,Teens,2,3,1,0.3333333333333333,1.0,0.6666666666666666,3
175,Teens,3,4,1,0.75,0.25,-0.5,4
175,Teens,4,5,1,0.25,0.75,0.5,4
175,Teens,6,5,2,0.7142857142857143,0.2857142857142857,-0.42857142857142855,7
175,Teens,7,2,2,0.0,1.0,1.0,1
175,Teens,8,3,3,1.0,0.0,-1.0,1
175,Teens,9,4,2,0.5,0.0,-0.5,2
175,Teens,10,5,3,0.3333333333333333,0.6666666666666666,0.3333333333333333,3
176,Teens,1,2,1,0.0,0.5,0.5,2
176,Teens,2,3,1,0.6666666666666666,0.6666666666666666,0.0,3
176,Teens,3,4,1,0.3333333333333333,1.0,0.6666666666666666,3
176,Teens,4,5,1,0.6153846153846154,1.0769230769230769,0.46153846153846156,13
176,Teens,5,3,2,0.0,1.0,1.0,1
176,Teens,6,5,2,0.5,1.0,0.5,4
176,Teens,7,2,2,0.75,0.75,0.0,4
176,Teens,9,4,2,1.0,1.5,0.5,4
176,Teens,10,5,3,1.0,0.0,-1.0,1
177,Teens,1,2,1,0.0,1.0,1.0,2
177,Teens,2,3,1,0.6666666666666666,1.3333333333333333,0.6666666666666666,6
177,Teens,4,5,1,1.25,1.25,0.0,12
177,Teens,5,3,2,0.6666666666666666,1.3333333333333333,0.6666666666666666,6
177,Teens,6,5,2,1.0,0.0,-1.0,2
177,Teens,8,3,3,0.6,0.8,0.2,5
177,Teens,9,4,2,2.0526315789473686,2.0,-0.05263157894736842,19
177,Teens,10,5,3,1.4444444444444444,1.6111111111111112,0.16666666666666666,18
178,Teens,1,2,1,0.0,0.5,0.5,2
178,Teens,3,3,1,1.2,1.0,-0.2,5
178,Teens,4,5,1,0.25,0.375,0.125,8
178,Teens,5,3,2,0.5,0.0,-0.5,2
178,Teens,6,5,2,0.9,1.5,0.6,10
178,Teens,8,4,2,1.1111111111111112,0.7777777777777778,-0.3333333333333333,9
178,Teens,9,3,3,0.0,1.0,1.0,1
178,Teens,10,5,3,1.0714285714285714,1.4285714285714286,0.35714285714285715,14
179,Kids,1,2,1,1.0,1.0,0.0,3
179,Kids,2,3,1,1.4,0.8,-0.6,10
179,Kids,3,4,1,1.1666666666666667,1.5833333333333333,0.4166666666666667,12
179,Kids,4,5,1,1.125,1.4375,0.3125,16
179,Kids,5,3,2,0.6666666666666666,0.6666666666666666,0.0,3
179,Kids,6,5,2,2.2580645161290325,1.8709677419354838,-0.3870967741935484,31
179,Kids,7,2,2,1.0,1.2857142857142858,0.2857142857142857,7
179,Kids,8,3,3,0.5,0.5,0.0,2
179,Kids,9,4,2,0.5714285714285714,0.5714285714285714,0.0,7
179,Kids,10,5,3,1.5909090909090908,1.0909090909090908,-0.5,22
180,Kids,1,2,1,0.0,0.0,0.0,1
180,Kids,2,3,1,0.5,0.0,-0.5,2
180,Kids,3,4,1,0.0,1.0,1.0,2
180,Kids,4,5,1,0.8,0.4,-0.4,5
180,Kids,5,3,2,0.75,0.875,0.125,8
180,Kids,6,5,2,1.8888888888888888,1.8148148148148149,-0.07407407407407407,27
180,Kids,7,2,2,0.0,1.0,1.0,1
180,Kids,8,3,3,1.2307692307692308,1.0769230769230769,-0.15384615384615385,13
180,Kids,9,4,2,1.0,1.1111111111111112,0.1111111111111111,9
180,Kids,10,5,3,0.4,0.2,-0.2,5
181,Kids,2,3,1,0.5,1.0,0.5,2
181,Kids,3,4,1,1.96,1.76,-0.2,25
181,Kids,4,5,1,0.8333333333333334,1.25,0.4166666666666667,12
181,Kids,5,3,2,0.3333333333333333,1.0,0.6666666666666666,3
181,Kids,6,5,2,0.6666666666666666,0.6666666666666666,0.0,6
181,Kids,8,3,3,1.8,0.0,-1.8,5
181,Kids,9,4,2,1.2307692307692308,1.3846153846153846,0.15384615384615385,13
181,Kids,10,5,3,1.5,1.1428571428571428,-0.35714285714285715,14
182,Teens,1,2,1,1.0,0.0,-1.0,1
182,Teens,2,3,1,0.5,1.0,0.5,2
182,Teens,3,5,1,0.6666666666666666,0.3333333333333333,-0.3333333333333333,3
182,Teens,4,4,1,0.8,0.6,-0.2,5
182,Teens,5,3,2,0.0,0.0,0.0,1
182,Teens,6,5,2,0.25,0.75,0.5,4
182,Teens,7,2,2,0.0,1.0,1.0,2
182,Teens,8,3,3,0.0,0.0,0.0,1
182,Teens,9,5,3,0.25,0.5,0.25,4
182,Teens,10,4,2,1.0,0.0,-1.0,2
183,Kids,1,2,1,1.0,0.3333333333333333,-0.6666666666666666,3
183,Kids,2,3,1,0.5,0.5,0.0,4
183,Kids,3,5,1,0.8333333333333334,0.8333333333333334,0.0,6
183,Kids,4,4,1,0.75,1.0,0.25,4
183,Kids,5,3,2,0.75,1.25,0.5,8
183,Kids,6,5,2,1.1,1.1,0.0,10
183,Kids,9,5,3,1.1,1.3,0.2,10
183,Kids,10,4,2,1.0,0.6666666666666666,-0.3333333333333333,9
184,Teens,1,2,1,1.0,0.0,-1.0,1
184,Teens,2,3,1,0.25,1.0,0.75,4
184,Teens,3,5,1,1.2666666666666666,1.4,0.13333333333333333,15
184,Teens,4,4,1,0.8888888888888888,1.1111111111111112,0.2222222222222222,9
184,Teens,5,3,2,1.0,1.0,0.0,3
184,Teens,6,5,2,0.8,0.8,0.0,5
184,Teens,8,3,3,1.0,0.0,-1.0,1
184,Teens,9,5,3,0.0,1.0,1.0,2
184,Teens,10,4,2,0.0,1.0,1.0,1
185,Teens,2,3,1,0.5,0.5,0.0,2
185,Teens,3,4,1,1.2,1.0,-0.2,5
185,Teens,4,5,1,2.4615384615384617,2.423076923076923,-0.038461538461538464,26
185,Teens,5,3,2,0.8,0.2,-0.6,5
185,Teens,6,5,2,0.25,1.0,0.75,4
185,Teens,7,2,2,0.5,1.0,0.5,2
185,Teens,8,3,3,1.0,0.0,-1.0,1
185,Teens,9,4,2,0.0,0.5,0.5,2
185,Teens,10,5,3,0.6,0.9,0.3,10
188,Teens,2,4,1,0.8333333333333334,0.3333333333333333,-0.5,6
188,Teens,3,3,1,1.0,1.0,0.0,3
188,Teens,4,5,1,1.2222222222222223,1.6666666666666667,0.4444444444444444,18
188,Teens,5,3,2,0.0,1.0,1.0,1
188,Teens,6,5,2,0.25,0.75,0.5,4
188,Teens,7,2,2,0.0,1.0,1.0,1
188,Teens,8,4,2,1.1428571428571428,1.1428571428571428,0.0,7
188,Teens,10,5,3,0.25,0.75,0.5,4
189,Teens,1,2,1,0.5,1.0,0.5,4
189,Teens,2,3,1,0.25,0.75,0.5,4
189,Teens,3,4,1,0.16666666666666666,0.16666666666666666,0.0,6
189,Teens,4,5,1,1.263157894736842,1.263157894736842,0.0,19
189,Teens,5,3,2,0.0,0.0,0.0,1
189,Teens,6,5,2,0.5454545454545454,1.0909090909090908,0.5454545454545454,11
189,Teens,8,3,3,1.0,0.0,-1.0,1
189,Teens,9,4,2,0.5,0.0,-0.5,2
189,Teens,10,5,3,0.625,1.25,0.625,8
190,Teens,2,3,1,0.3333333333333333,1.0,0.6666666666666666,3
190,Teens,3,4,1,0.0,1.0,1.0,1
190,Teens,4,5,1,0.3333333333333333,1.0,0.6666666666666666,3
190,Teens,5,3,2,0.0,1.0,1.0,1
190,Teens,6,5,2,0.0,1.0,1.0,2
190,Teens,7,2,2,0.0,1.0,1.0,1
190,Teens,9,4,2,0.0,1.0,1.0,2
191,Teens,1,2,1,0.0,0.0,0.0,1
191,Teens,2,3,1,0.0,1.0,1.0,1
191,Teens,3,4,1,0.5714285714285714,1.1428571428571428,0.5714285714285714,7
191,Teens,4,5,1,0.6666666666666666,1.0,0.3333333333333333,6
191,Teens,5,3,2,0.0,1.0,1.0,1
191,Teens,6,5,2,0.2,0.4,0.2,5
191,Teens,7,2,2,0.5,1.0,0.5,2
191,Teens,8,3,3,0.0,1.0,1.0,1
191,Teens,9,4,2,0.0,0.0,0.0,1
191,Teens,10,5,3,0.3333333333333333,1.0,0.6666666666666666,3
193,Teens,1,2,1,0.0,1.0,1.0,1
193,Teens,2,3,1,0.0,1.0,1.0,2
193,Teens,3,5,1,0.25,0.75,0.5,4
193,Teens,4,4,1,0.0,1.0,1.0,1
193,Teens,5,3,2,0.0,1.0,1.0,2
193,Teens,6,5,2,0.0,0.0,0.0,2
193,Teens,8,3,3,0.75,1.0,0.25,4
193,Teens,9,5,3,0.0,1.0,1.0,2
193,Teens,10,4,2,0.3333333333333333,1.0,0.6666666666666666,3
194,Teens,1,2,1,1.125,1.625,0.5,8
194,Teens,2,3,1,1.5,0.0,-1.5,2
194,Teens,3,5,1,0.4,0.6,0.2,5
194,Teens,4,4,1,0.5714285714285714,0.7142857142857143,0.14285714285714285,7
194,Teens,6,5,2,1.5833333333333333,1.75,0.16666666666666666,12
194,Teens,7,2,2,0.0,0.0,0.0,1
194,Teens,8,3,3,0.5,0.75,0.25,4
194,Teens,9,5,3,0.0,0.0,0.0,2
194,Teens,10,4,2,0.0,0.0,0.0,1
195,Teens,1,2,1,0.5,0.5,0.0,2
195,Teens,2,3,1,0.6666666666666666,0.5,-0.16666666666666666,6
195,Teens,3,4,1,1.9166666666666667,2.2916666666666665,0.375,24
195,Teens,4,5,1,2.2,2.3,0.1,20
195,Teens,5,3,2,0.5,1.1666666666666667,0.6666666666666666,6
195,Teens,6,5,2,1.0,1.5714285714285714,0.5714285714285714,7
195,Teens,8,3,3,0.0,0.5,0.5,2
195,Teens,9,4,2,1.7777777777777777,1.1111111111111112,-0.6666666666666666,18
195,Teens,10,5,3,0.8888888888888888,1.4444444444444444,0.5555555555555556,9
196,Teens,1,2,1,0.8333333333333334,1.3333333333333333,0.5,6
196,Teens,2,3,1,0.5,1.0,0.5,2
196,Teens,3,4,1,0.5,1.0,0.5,2
196,Teens,4,5,1,0.0,1.0,1.0,2
196,Teens,5,3,2,0.3333333333333333,1.0,0.6666666666666666,3
196,Teens,6,5,2,0.0,1.0,1.0,2
196,Teens,7,2,2,0.3333333333333333,1.0,0.6666666666666666,3
196,Teens,8,3,3,0.6666666666666666,0.6666666666666666,0.0,3
196,Teens,9,4,2,0.5,1.0,0.5,2
196,Teens,10,5,3,0.6666666666666666,0.6666666666666666,0.0,3
197,Kids,1,2,1,0.5,1.0,0.5,4
197,Kids,2,3,1,1.1666666666666667,1.0,-0.16666666666666666,6
197,Kids,3,4,1,0.3333333333333333,0.6666666666666666,0.3333333333333333,3
197,Kids,4,5,1,0.9444444444444444,1.3333333333333333,0.3888888888888889,18
197,Kids,6,5,2,0.25,0.0,-0.25,4
197,Kids,7,2,2,0.5,1.0,0.5,2
197,Kids,8,3,3,0.3333333333333333,0.3333333333333333,0.0,3
197,Kids,9,4,2,1.2,1.0,-0.2,5
197,Kids,10,5,3,0.875,1.25,0.375,8
198,Teens,1,2,1,0.3333333333333333,1.0,0.6666666666666666,3
198,Teens,2,4,1,1.0,1.375,0.375,8
198,Teens,3,3,1,0.3333333333333333,1.0,0.6666666666666666,3
198,Teens,4,5,1,1.3333333333333333,0.8888888888888888,-0.4444444444444444,9
198,Teens,6,5,2,0.8,0.8,0.0,5
198,Teens,8,4,2,1.5714285714285714,1.2142857142857142,-0.35714285714285715,14
198,Teens,9,3,3,0.5,1.0,0.5,2
198,Teens,10,5,3,1.0,0.7142857142857143,-0.2857142857142857,7
199,Teens,1,2,1,0.0,1.0,1.0,2
199,Teens,2,3,1,1.0,1.4285714285714286,0.42857142857142855,7
199,Teens,3,4,1,1.0,0.0,-1.0,2
199,Teens,4,5,1,1.2,1.4,0.2,15
199,Teens,5,3,2,0.25,0.75,0.5,4
199,Teens,6,5,2,0.8,1.0,0.2,5
199,Teens,7,2,2,0.5,1.0,0.5,4
199,Teens,8,3,3,0.0,0.5,0.5,2
199,Teens,9,4,2,0.6,0.8,0.2,5
199,Teens,10,5,3,1.0,0.6,-0.4,10
200,Kids,1,2,1,1.4,0.4,-1.0,5
200,Kids,2,3,1,0.8,0.4,-0.4,5
200,Kids,3,4,1,0.5833333333333334,1.1666666666666667,0.5833333333333334,12
200,Kids,4,5,1,0.8333333333333334,1.0,0.16666666666666666,12
200,Kids,5,3,2,0.7142857142857143,1.0,0.2857142857142857,7
200,Kids,6,5,2,0.7272727272727273,1.2727272727272727,0.5454545454545454,11
200,Kids,8,3,3,0.5,0.5,0.0,4
200,Kids,9,4,2,0.2,0.8,0.6,5
200,Kids,10,5,3,0.7777777777777778,1.1111111111111112,0.3333333333333333,9
201,Teens,1,2,1,0.0,1.0,1.0,1
201,Teens,2,3,1,0.0,1.0,1.0,1
201,Teens,3,4,1,0.0,1.0,1.0,1
201,Teens,4,5,1,0.0,1.0,1.0,2
201,Teens,5,3,2,0.0,1.0,1.0,1
201,Teens,6,5,2,0.0,1.0,1.0,2
201,Teens,8,3,3,1.0,0.0,-1.0,1
201,Teens,9,4,2,0.25,0.75,0.5,4
201,Teens,10,5,3,0.3333333333333333,0.3333333333333333,0.0,3
202,Teens,2,3,1,1.2,0.4,-0.8,5
202,Teens,3,5,1,0.4,0.2,-0.2,5
202,Teens,4,4,1,0.25,0.5,0.25,4
202,Teens,5,3,2,0.0,1.0,1.0,1
202,Teens,6,5,2,0.25,1.0,0.75,4
202,Teens,8,3,3,0.0,0.0,0.0,1
202,Teens,9,5,3,0.5,1.25,0.75,4
202,Teens,10,4,2,0.5,0.5,0.0,2
204,Teens,1,2,1,0.0,0.0,0.0,1
204,Teens,2,3,1,0.5,1.25,0.75,4
204,Teens,3,5,1,0.8333333333333334,0.8333333333333334,0.0,6
204,Teens,4,4,1,0.5,1.25,0.75,4
204,Teens,5,3,2,0.0,1.0,1.0,1
204,Teens,6,5,2,0.6,0.4,-0.2,5
204,Teens,9,5,3,0.9,0.9,0.0,10
204,Teens,10,4,2,0.0,1.0,1.0,1
205,Teens,1,2,1,0.5,0.0,-0.5,2
205,Teens,2,3,1,1.0,1.0,0.0,7
205,Teens,3,4,1,1.5294117647058822,1.8823529411764706,0.35294117647058826,17
205,Teens,4,5,1,1.6521739130434783,2.1739130434782608,0.5217391304347826,23
205,Teens,5,3,2,0.5,0.5,0.0,2
205,Teens,6,5,2,1.1,0.6,-0.5,10
205,Teens,7,2,2,1.0,1.0,0.0,3
205,Teens,8,3,3,0.5,1.0,0.5,2
205,Teens,9,4,2,0.7142857142857143,1.1428571428571428,0.42857142857142855,7
205,Teens,10,5,3,1.65,1.15,-0.5,20
206,Kids,1,2,1,0.3333333333333333,0.0,-0.3333333333333333,3
206,Kids,2,3,1,1.6666666666666667,2.1333333333333333,0.4666666666666667,15
206,Kids,3,4,1,1.9,1.85,-0.05,20
206,Kids,4,5,1,2.189189189189189,1.864864864864865,-0.32432432432432434,37
206,Kids,5,3,2,1.3846153846153846,1.4615384615384615,0.07692307692307693,13
206,Kids,6,5,2,1.7857142857142858,1.6071428571428572,-0.17857142857142858,28
206,Kids,7,2,2,0.5,1.0,0.5,6
206,Kids,8,3,3,2.0526315789473686,2.3684210526315788,0.3157894736842105,19
206,Kids,9,4,2,2.4482758620689653,1.7241379310344827,-0.7241379310344828,29
206,Kids,10,5,3,2.051282051282051,2.282051282051282,0.23076923076923078,39
207,Kids,1,2,1,1.0,1.0,0.0,3
207,Kids,2,3,1,0.0,1.0,1.0,2
207,Kids,3,4,1,0.0,1.0,1.0,1
207,Kids,4,5,1,0.25,0.75,0.5,4
207,Kids,5,3,2,0.8571428571428571,1.4285714285714286,0.5714285714285714,7
207,Kids,6,5,2,1.2727272727272727,1.5454545454545454,0.2727272727272727,11
207,Kids,8,3,3,0.3333333333333333,1.0,0.6666666666666666,3
207,Kids,9,4,2,1.75,0.0,-1.75,4
208,Teens,1,2,1,0.3333333333333333,0.6666666666666666,0.3333333333333333,3
208,Teens,2,4,1,0.6,1.0,0.4,5
208,Teens,3,3,1,0.0,1.0,1.0,1
208,Teens,4,5,1,0.8,1.3,0.5,10
208,Teens,7,2,2,0.5,1.0,0.5,2
208,Teens,8,4,2,0.3333333333333333,1.0,0.6666666666666666,3
208,Teens,10,5,3,1.4,1.4,0.0,20
209,Teens,1,2,1,1.0,0.0,-1.0,1
209,Teens,2,3,1,0.7142857142857143,1.0,0.2857142857142857,7
209,Teens,3,4,1,0.3333333333333333,0.0,-0.3333333333333333,3
209,Teens,4,5,1,1.0769230769230769,1.6153846153846154,0.5384615384615384,13
209,Teens,5,3,2,1.2727272727272727,1.5454545454545454,0.2727272727272727,11
209,Teens,6,5,2,0.8571428571428571,1.1428571428571428,0.2857142857142857,7
209,Teens,7,2,2,0.5,0.0,-0.5,2
209,Teens,8,3,3,0.5,0.5,0.0,2
209,Teens,9,4,2,1.0,0.0,-1.0,6
209,Teens,10,5,3,1.7916666666666667,2.125,0.3333333333333333,24
210,Teens,1,2,1,0.8333333333333334,1.1666666666666667,0.3333333333333333,6
210,Teens,2,3,1,0.8,1.2,0.4,5
210,Teens,3,4,1,0.0,1.0,1.0,1
210,Teens,4,5,1,0.8571428571428571,1.0,0.14285714285714285,7
210,Teens,5,3,2,0.0,1.0,1.0,1
210,Teens,6,5,2,1.25,1.5,0.25,12
210,Teens,7,2,2,0.0,1.0,1.0,2
210,Teens,9,4,2,0.9,1.1,0.2,10
210,Teens,10,5,3,1.0,0.0,-1.0,3
212,Teens,1,2,1,0.3333333333333333,1.0,0.6666666666666666,3
212,Teens,2,3,1,0.7142857142857143,1.0,0.2857142857142857,7
212,Teens,3,5,1,1.0625,1.3125,0.25,16
212,Teens,4,4,1,0.8571428571428571,1.1428571428571428,0.2857142857142857,7
212,Teens,6,5,2,1.0,0.3333333333333333,-0.6666666666666666,3
212,Teens,7,2,2,0.0,1.0,1.0,1
212,Teens,8,3,3,0.0,0.0,0.0,1
212,Teens,9,5,3,0.5,1.0,0.5,6
212,Teens,10,4,2,0.6,1.2,0.6,5
213,Kids,1,2,1,1.0,1.0,0.0,3
213,Kids,2,3,1,0.6666666666666666,1.1666666666666667,0.5,6
213,Kids,3,5,1,1.3,1.2,-0.1,10
213,Kids,4,4,1,0.75,1.0,0.25,4
213,Kids,5,3,2,1.0,0.0,-1.0,2
213,Kids,6,5,2,0.5,0.75,0.25,4
213,Kids,7,2,2,1.0,0.5,-0.5,4
213,Kids,8,3,3,0.6666666666666666,1.0,0.3333333333333333,9
213,Kids,9,5,3,0.8333333333333334,1.25,0.4166666666666667,12
214,Kids,1,2,1,0.0,0.0,0.0,1
214,Kids,2,3,1,0.8333333333333334,1.3333333333333333,0.5,6
214,Kids,3,5,1,1.0,1.4285714285714286,0.42857142857142855,14
214,Kids,4,4,1,0.2,0.6,0.4,5
214,Kids,5,3,2,0.5,1.25,0.75,4
214,Kids,6,5,2,2.206896551724138,2.0,-0.20689655172413793,29
214,Kids,7,2,2,0.0,1.0,1.0,1
214,Kids,9,5,3,0.6666666666666666,1.3333333333333333,0.6666666666666666,3
214,Kids,10,4,2,1.9230769230769231,0.6153846153846154,-1.3076923076923077,13
215,Teens,1,2,1,0.0,0.0,0.0,1
215,Teens,2,3,1,0.3333333333333333,0.6666666666666666,0.3333333333333333,3
215,Teens,3,4,1,0.5,0.0,-0.5,2
215,Teens,4,5,1,0.7142857142857143,1.1428571428571428,0.42857142857142855,7
215,Teens,5,3,2,0.25,1.0,0.75,4
215,Teens,6,5,2,0.2,0.8,0.6,5
215,Teens,7,2,2,0.0,1.0,1.0,2
215,Teens,9,4,2,0.0,1.0,1.0,1
215,Teens,10,5,3,0.0,1.0,1.0,2
217,Kids,1,2,1,0.6666666666666666,0.6666666666666666,0.0,3
217,Kids,2,3,1,0.6,0.8,0.2,5
217,Kids,3,4,1,1.1111111111111112,1.3333333333333333,0.2222222222222222,9
217,Kids,4,5,1,1.2,0.6,-0.6,10
217,Kids,5,3,2,1.125,1.5,0.375,8
217,Kids,6,5,2,2.28,1.8,-0.48,25
217,Kids,7,2,2,0.8,1.0,0.2,5
217,Kids,8,3,3,0.5,0.0,-0.5,4
217,Kids,9,4,2,3.9130434782608696,0.8695652173913043,-3.0434782608695654,23
217,Kids,10,5,3,1.619047619047619,1.5714285714285714,-0.047619047619047616,21
218,Teens,1,2,1,0.5,0.5,0.0,2
218,Teens,2,4,1,1.0,0.5,-0.5,6
218,Teens,3,3,1,0.0,0.6666666666666666,0.6666666666666666,3
218,Teens,5,3,2,0.0,0.5,0.5,2
218,Teens,6,5,2,0.0,1.0,1.0,4
218,Teens,7,2,2,1.0,0.0,-1.0,1
218,Teens,8,4,2,0.5,1.0,0.5,2
218,Teens,9,3,3,0.0,1.0,1.0,1
218,Teens,10,5,3,0.0,0.6666666666666666,0.6666666666666666,3
219,Teens,1,2,1,0.0,1.0,1.0,2
219,Teens,2,3,1,0.0,1.0,1.0,1
219,Teens,3,4,1,1.631578947368421,1.894736842105263,0.2631578947368421,19
219,Teens,4,5,1,1.1333333333333333,1.2,0.06666666666666667,15
219,Teens,5,3,2,0.25,0.75,0.5,4
219,Teens,6,5,2,0.6666666666666666,0.0,-0.6666666666666666,3
219,Teens,8,3,3,0.3333333333333333,1.0,0.6666666666666666,3
219,Teens,9,4,2,0.5,0.5,0.0,2
219,Teens,10,5,3,0.5714285714285714,0.7142857142857143,0.14285714285714285,7
220,Teens,2,3,1,1.0,0.0,-1.0,1
220,Teens,3,4,1,0.5,1.0,0.5,4
220,Teens,4,5,1,0.5,0.0,-0.5,2
220,Teens,5,3,2,0.0,0.0,0.0,1
220,Teens,6,5,2,0.5,1.1666666666666667,0.6666666666666666,6
220,Teens,9,4,2,0.0,1.0,1.0,1
220,Teens,10,5,3,1.0,1.0,0.0,11
221,Kids,1,2,1,0.3333333333333333,0.0,-0.3333333333333333,3
221,Kids,2,3,1,0.4,1.0,0.6,5
221,Kids,3,4,1,3.0,0.0,-3.0,5
221,Kids,4,5,1,1.0833333333333333,1.25,0.16666666666666666,12
221,Kids,5,3,2,0.0,0.0,0.0,2
221,Kids,6,5,2,1.2307692307692308,1.0,-0.23076923076923078,13
221,Kids,7,2,2,0.0,1.0,1.0,1
221,Kids,8,3,3,0.0,0.0,0.0,1
221,Kids,9,4,2,0.5,0.75,0.25,4
221,Kids,10,5,3,1.0,1.0769230769230769,0.07692307692307693,13
300,Age>25,1,2,1,0.0,1.0,1.0,1
300,Age>25,2,3,1,1.0,0.0,-1.0,1
300,Age>25,3,4,1,0.3333333333333333,1.0,0.6666666666666666,3
300,Age>25,4,5,1,0.0,1.0,1.0,2
300,Age>25,5,3,2,0.4,1.0,0.6,5
300,Age>25,6,5,2,0.5,1.0,0.5,2
300,Age>25,7,2,2,0.0,1.0,1.0,1
300,Age>25,8,3,3,0.0,1.0,1.0,1
300,Age>25,9,4,2,0.0,1.0,1.0,1
300,Age>25,10,5,3,0.5714285714285714,1.2857142857142858,0.7142857142857143,7
301,RPP,1,2,1,0.0,1.0,1.0,1
301,RPP,2,3,1,0.0,1.0,1.0,1
301,RPP,3,4,1,0.0,1.0,1.0,2
301,RPP,4,5,1,0.3333333333333333,1.0,0.6666666666666666,3
301,RPP,5,3,2,0.0,1.0,1.0,1
301,RPP,6,5,2,0.25,1.0,0.75,4
301,RPP,7,2,2,0.0,0.5,0.5,2
301,RPP,8,3,3,0.0,1.0,1.0,1
301,RPP,9,4,2,0.0,1.0,1.0,1
301,RPP,10,5,3,0.0,1.0,1.0,2
302,Age>25,1,2,1,0.3333333333333333,0.6666666666666666,0.3333333333333333,3
302,Age>25,2,3,1,1.3571428571428572,1.7857142857142858,0.42857142857142855,14
302,Age>25,3,5,1,0.2857142857142857,0.7142857142857143,0.42857142857142855,7
302,Age>25,4,4,1,1.8571428571428572,2.1904761904761907,0.3333333333333333,21
302,Age>25,5,3,2,0.0,0.0,0.0,1
302,Age>25,6,5,2,1.6111111111111112,1.6111111111111112,0.0,18
302,Age>25,7,2,2,0.5,0.5,0.0,2
302,Age>25,8,3,3,0.0,1.0,1.0,1
302,Age>25,9,5,3,1.7391304347826086,2.0434782608695654,0.30434782608695654,23
302,Age>25,10,4,2,0.6666666666666666,1.3333333333333333,0.6666666666666666,6
303,Age>25,2,3,1,0.5,1.0,0.5,2
303,Age>25,3,5,1,1.1,1.7,0.6,10
303,Age>25,4,4,1,0.3333333333333333,1.0,0.6666666666666666,3
303,Age>25,6,5,2,0.0,1.0,1.0,2
303,Age>25,7,2,2,1.0,0.3333333333333333,-0.6666666666666666,3
303,Age>25,8,3,3,0.6,1.0,0.4,5
303,Age>25,9,5,3,0.5,1.0,0.5,4
303,Age>25,10,4,2,0.6666666666666666,0.5,-0.16666666666666666,6
304,Age>25,2,3,1,0.0,0.5,0.5,2
304,Age>25,3,5,1,0.75,1.0,0.25,4
304,Age>25,4,4,1,0.0,1.0,1.0,2
304,Age>25,5,3,2,0.0,1.0,1.0,1
304,Age>25,6,5,2,0.6666666666666666,1.0,0.3333333333333333,6
304,Age>25,7,2,2,1.5,0.0,-1.5,2
304,Age>25,8,3,3,0.0,1.0,1.0,1
304,Age>25,9,5,3,0.0,1.0,1.0,2
304,Age>25,10,4,2,0.0,1.0,1.0,1
305,Age>25,2,3,1,0.6666666666666666,1.3333333333333333,0.6666666666666666,3
305,Age>25,3,4,1,0.5,1.25,0.75,4
305,Age>25,4,5,1,0.3333333333333333,1.0,0.6666666666666666,3
305,Age>25,5,3,2,1.0,0.0,-1.0,1
305,Age>25,6,5,2,0.3333333333333333,0.6666666666666666,0.3333333333333333,3
305,Age>25,7,2,2,0.0,1.0,1.0,1
305,Age>25,8,3,3,0.75,0.5,-0.25,4
305,Age>25,9,4,2,0.0,1.0,1.0,2
305,Age>25,10,5,3,0.25,0.75,0.5,4
306,Age>25,1,2,1,0.0,1.0,1.0,1
306,Age>25,2,3,1,0.3333333333333333,0.6666666666666666,0.3333333333333333,3
306,Age>25,3,4,1,0.0,1.0,1.0,1
306,Age>25,4,5,1,0.625,1.0,0.375,8
306,Age>25,5,3,2,0.0,1.0,1.0,1
306,Age>25,6,5,2,0.4,0.6,0.2,5
306,Age>25,10,5,3,0.5,0.75,0.25,4
308,Age>25,2,4,1,0.0,1.0,1.0,1
308,Age>25,3,3,1,0.0,1.0,1.0,1
308,Age>25,4,5,1,0.5,0.5,0.0,2
308,Age>25,5,3,2,0.0,1.0,1.0,1
308,Age>25,7,2,2,0.0,1.0,1.0,1
308,Age>25,8,4,2,1.0,0.0,-1.0,1
308,Age>25,9,3,3,0.0,1.0,1.0,1
308,Age>25,10,5,3,0.8,0.6,-0.2,5
309,Age>25,2,3,1,0.5,1.0,0.5,2
309,Age>25,3,4,1,1.0,0.0,-1.0,1
309,Age>25,4,5,1,0.0,0.0,0.0,1
309,Age>25,6,5,2,0.5,0.5,0.0,4
309,Age>25,7,2,2,0.0,1.0,1.0,1
309,Age>25,9,4,2,1.375,1.8125,0.4375,16
309,Age>25,10,5,3,1.0,1.0,0.0,6
310,Age>25,1,2,1,0.5,1.0,0.5,2
310,Age>25,2,3,1,0.5,1.0,0.5,2
310,Age>25,3,4,1,0.0,1.0,1.0,1
310,Age>25,4,5,1,0.5,0.5,0.0,2
310,Age>25,5,3,2,0.0,1.0,1.0,1
310,Age>25,6,5,2,1.588235294117647,1.5294117647058822,-0.058823529411764705,17
310,Age>25,7,2,2,0.5,1.0,0.5,2
310,Age>25,8,3,3,0.3333333333333333,0.3333333333333333,0.0,3
310,Age>25,9,4,2,0.3333333333333333,1.0,0.6666666666666666,3
310,Age>25,10,5,3,0.8,0.4,-0.4,5
311,RPP,2,3,1,0.0,1.0,1.0,1
311,RPP,3,4,1,0.3333333333333333,0.6666666666666666,0.3333333333333333,3
311,RPP,4,5,1,0.0,1.0,1.0,3
311,RPP,5,3,2,0.0,1.0,1.0,1
311,RPP,6,5,2,0.0,1.0,1.0,2
311,RPP,7,2,2,0.0,1.0,1.0,1
311,RPP,9,4,2,0.3333333333333333,1.0,0.6666666666666666,3
311,RPP,10,5,3,0.0,1.0,1.0,1
312,Age>25,1,2,1,0.0,1.0,1.0,2
312,Age>25,2,3,1,1.0,1.0,0.0,3
312,Age>25,4,4,1,0.6666666666666666,0.6666666666666666,0.0,3
312,Age>25,5,3,2,0.0,1.0,1.0,1
312,Age>25,6,5,2,0.3333333333333333,1.0,0.6666666666666666,3
312,Age>25,7,2,2,0.0,1.0,1.0,1
312,Age>25,9,5,3,0.0,0.5,0.5,2
313,Age>25,2,3,1,1.0,1.3333333333333333,0.3333333333333333,12
313,Age>25,3,5,1,1.9642857142857142,1.25,-0.7142857142857143,28
313,Age>25,4,4,1,0.3333333333333333,0.6666666666666666,0.3333333333333333,9
313,Age>25,5,3,2,2.0,0.6,-1.4,10
313,Age>25,6,5,2,0.9375,1.3125,0.375,16
313,Age>25,7,2,2,0.5,1.0,0.5,2
313,Age>25,8,3,3,1.0,0.0,-1.0,1
313,Age>25,9,5,3,1.4166666666666667,0.6666666666666666,-0.75,12
313,Age>25,10,4,2,1.3636363636363635,1.0909090909090908,-0.2727272727272727,11
314,RPP,1,2,1,1.25,1.25,0.0,8
314,RPP,2,3,1,0.5,1.0,0.5,4
314,RPP,3,5,1,1.5,0.6666666666666666,-0.8333333333333334,6
314,RPP,6,5,2,0.7,1.1,0.4,10
314,RPP,9,5,3,0.8571428571428571,0.8571428571428571,0.0,7
314,RPP,10,4,2,0.5,1.0,0.5,4
316,RPP,2,3,1,0.0,0.5,0.5,2
316,RPP,3,4,1,0.0,0.0,0.0,1
316,RPP,4,5,1,0.8888888888888888,0.2222222222222222,-0.6666666666666666,9
316,RPP,6,5,2,0.0,1.0,1.0,1
316,RPP,7,2,2,0.0,1.0,1.0,1
316,RPP,9,4,2,0.3333333333333333,1.0,0.6666666666666666,3
316,RPP,10,5,3,0.3333333333333333,0.6666666666666666,0.3333333333333333,3
317,Age>25,1,2,1,1.0,0.0,-1.0,2
317,Age>25,2,3,1,1.125,1.0,-0.125,8
317,Age>25,3,4,1,1.1666666666666667,0.5,-0.6666666666666666,6
317,Age>25,4,5,1,0.5714285714285714,1.0,0.42857142857142855,7
317,Age>25,6,5,2,1.4444444444444444,1.5555555555555556,0.1111111111111111,9
317,Age>25,7,2,2,0.0,1.0,1.0,1
317,Age>25,8,3,3,1.0,0.0,-1.0,1
317,Age>25,9,4,2,1.4444444444444444,0.8888888888888888,-0.5555555555555556,9
317,Age>25,10,5,3,1.0,1.0,0.0,6
318,Age>25,1,2,1,0.0,1.0,1.0,1
318,Age>25,2,4,1,0.3333333333333333,0.8333333333333334,0.5,6
318,Age>25,3,3,1,0.3333333333333333,1.0,0.6666666666666666,3
318,Age>25,4,5,1,1.2352941176470589,1.588235294117647,0.35294117647058826,17
318,Age>25,5,3,2,0.0,0.0,0.0,1
318,Age>25,6,5,2,1.0,0.6666666666666666,-0.3333333333333333,9
318,Age>25,7,2,2,0.0,0.0,0.0,1
318,Age>25,8,4,2,0.6666666666666666,0.6666666666666666,0.0,3
318,Age>25,9,3,3,1.0,0.0,-1.0,1
318,Age>25,10,5,3,2.3157894736842106,0.7894736842105263,-1.5263157894736843,19
319,RPP,1,2,1,1.0,0.0,-1.0,3
319,RPP,2,3,1,0.75,1.0,0.25,4
319,RPP,3,4,1,1.1111111111111112,0.5555555555555556,-0.5555555555555556,9
319,RPP,4,5,1,2.789473684210526,2.1578947368421053,-0.631578947368421,19
319,RPP,5,3,2,0.0,1.0,1.0,1
319,RPP,6,5,2,0.0,1.0,1.0,1
319,RPP,8,3,3,1.0,0.3333333333333333,-0.6666666666666666,3
319,RPP,9,4,2,0.75,1.0,0.25,8
319,RPP,10,5,3,0.3333333333333333,1.0,0.6666666666666666,3
320,Age>25,2,3,1,0.3333333333333333,0.6666666666666666,0.3333333333333333,3
320,Age>25,3,4,1,1.0,0.0,-1.0,2
320,Age>25,4,5,1,0.4,1.2,0.8,5
320,Age>25,5,3,2,0.0,1.0,1.0,1
320,Age>25,6,5,2,0.6,1.0,0.4,5
320,Age>25,7,2,2,0.0,1.0,1.0,1
320,Age>25,9,4,2,0.0,1.0,1.0,2
320,Age>25,10,5,3,0.0,1.0,1.0,1
321,Age>25,1,2,1,0.3333333333333333,1.0,0.6666666666666666,3
321,Age>25,2,3,1,1.2,1.8,0.6,5
321,Age>25,3,4,1,0.6666666666666666,0.5,-0.16666666666666666,6
321,Age>25,4,5,1,1.9583333333333333,1.4583333333333333,-0.5,24
321,Age>25,5,3,2,1.1666666666666667,0.0,-1.1666666666666667,6
321,Age>25,6,5,2,1.9166666666666667,1.3333333333333333,-0.5833333333333334,24
321,Age>25,7,2,2,0.5,1.0,0.5,4
321,Age>25,8,3,3,0.0,0.5,0.5,2
321,Age>25,9,4,2,1.84,1.6,-0.24,25
321,Age>25,10,5,3,1.7,0.9,-0.8,10
322,RPP,1,2,1,0.6666666666666666,1.3333333333333333,0.6666666666666666,3
322,RPP,2,3,1,0.8,1.1,0.3,10
322,RPP,3,5,1,1.5,1.3125,-0.1875,16
322,RPP,4,4,1,1.2857142857142858,0.5714285714285714,-0.7142857142857143,7
322,RPP,5,3,2,0.0,0.5,0.5,2
322,RPP,6,5,2,1.6363636363636365,1.0,-0.6363636363636364,22
322,RPP,7,2,2,0.0,0.0,0.0,1
322,RPP,8,3,3,1.0,0.0,-1.0,1
322,RPP,9,5,3,2.1176470588235294,1.588235294117647,-0.5294117647058824,17
322,RPP,10,4,2,0.6666666666666666,1.0,0.3333333333333333,6
323,RPP,1,2,1,1.1666666666666667,1.0,-0.16666666666666666,6
323,RPP,2,3,1,0.6666666666666666,0.8333333333333334,0.16666666666666666,6
323,RPP,3,5,1,1.2352941176470589,1.1764705882352942,-0.058823529411764705,17
323,RPP,4,4,1,1.6666666666666667,1.0,-0.6666666666666666,6
323,RPP,5,3,2,0.0,0.5,0.5,2
323,RPP,6,5,2,1.7619047619047619,0.9047619047619048,-0.8571428571428571,21
323,RPP,7,2,2,0.75,1.0,0.25,4
323,RPP,8,3,3,1.0,1.5,0.5,4
323,RPP,9,5,3,1.6666666666666667,0.9583333333333334,-0.7083333333333334,24
323,RPP,10,4,2,1.0,0.8333333333333334,-0.16666666666666666,6
325,RPP,1,2,1,0.5,0.0,-0.5,2
325,RPP,2,3,1,0.6666666666666666,1.3333333333333333,0.6666666666666666,3
325,RPP,4,5,1,1.0,0.75,-0.25,8
325,RPP,5,3,2,0.0,0.5,0.5,2
325,RPP,6,5,2,1.0,0.7777777777777778,-0.2222222222222222,9
325,RPP,8,3,3,0.0,0.0,0.0,1
325,RPP,9,4,2,1.7142857142857142,0.5714285714285714,-1.1428571428571428,7
325,RPP,10,5,3,0.6666666666666666,0.0,-0.6666666666666666,3
326,Age>25,1,2,1,0.6666666666666666,0.6666666666666666,0.0,3
326,Age>25,2,3,1,0.8571428571428571,1.0,0.14285714285714285,7
326,Age>25,3,4,1,0.6,0.8,0.2,5
326,Age>25,4,5,1,1.4705882352941178,1.5294117647058822,0.058823529411764705,17
326,Age>25,5,3,2,1.0,0.0,-1.0,1
326,Age>25,6,5,2,1.0,1.2857142857142858,0.2857142857142857,7
326,Age>25,9,4,2,1.125,1.5,0.375,8
326,Age>25,10,5,3,0.8,0.4,-0.4,5
328,RPP,2,4,1,0.5,0.5,0.0,2
328,RPP,3,3,1,0.0,1.0,1.0,2
328,RPP,4,5,1,0.0,1.0,1.0,1
328,RPP,5,3,2,0.0,1.0,1.0,1
328,RPP,6,5,2,0.3333333333333333,1.0,0.6666666666666666,3
328,RPP,7,2,2,0.0,1.0,1.0,1
328,RPP,8,4,2,0.0,1.0,1.0,1
328,RPP,10,5,3,0.0,1.0,1.0,2
329,Age>25,2,3,1,1.1666666666666667,1.6666666666666667,0.5,12
329,Age>25,3,4,1,0.5,0.5,0.0,2
329,Age>25,4,5,1,0.0,0.6666666666666666,0.6666666666666666,3
329,Age>25,6,5,2,0.0,1.0,1.0,2
329,Age>25,9,4,2,0.0,1.0,1.0,1
329,Age>25,10,5,3,0.0,0.75,0.75,4
330,RPP,2,3,1,0.0,1.0,1.0,1
330,RPP,3,4,1,0.16666666666666666,0.6666666666666666,0.5,6
330,RPP,4,5,1,0.8333333333333334,1.0,0.16666666666666666,6
330,RPP,5,3,2,0.5,1.0,0.5,2
330,RPP,6,5,2,0.0,1.0,1.0,3
330,RPP,8,3,3,0.0,0.0,0.0,1
330,RPP,9,4,2,0.0,0.5,0.5,2
330,RPP,10,5,3,0.0,1.0,1.0,2
331,RPP,1,2,1,0.0,0.0,0.0,1
331,RPP,2,3,1,1.2857142857142858,1.7142857142857142,0.42857142857142855,7
331,RPP,3,4,1,1.4285714285714286,0.14285714285714285,-1.2857142857142858,7
331,RPP,4,5,1,0.2,0.8,0.6,5
331,RPP,5,3,2,0.5,1.0,0.5,2
331,RPP,6,5,2,0.25,0.5,0.25,4
331,RPP,7,2,2,1.1666666666666667,0.6666666666666666,-0.5,6
331,RPP,8,3,3,1.5,0.0,-1.5,4
331,RPP,9,4,2,1.0,1.5,0.5,10
331,RPP,10,5,3,0.7777777777777778,0.5555555555555556,-0.2222222222222222,9
332,Age>25,1,2,1,0.75,1.0,0.25,4
332,Age>25,2,3,1,0.8333333333333334,1.3333333333333333,0.5,6
332,Age>25,3,5,1,0.6666666666666666,0.6666666666666666,0.0,3
332,Age>25,4,4,1,0.0,1.0,1.0,1
332,Age>25,5,3,2,0.0,1.0,1.0,1
332,Age>25,6,5,2,0.5,0.75,0.25,4
332,Age>25,7,2,2,0.0,1.0,1.0,2
332,Age>25,9,5,3,0.3333333333333333,1.0,0.6666666666666666,6
332,Age>25,10,4,2,0.0,1.0,1.0,2
333,Age>25,2,3,1,2.0,0.0,-2.0,3
333,Age>25,3,5,1,0.25,1.0,0.75,4
333,Age>25,4,4,1,0.8888888888888888,0.8888888888888888,0.0,9
333,Age>25,5,3,2,0.0,0.0,0.0,1
333,Age>25,6,5,2,0.0,1.0,1.0,2
333,Age>25,7,2,2,0.5,0.5,0.0,2
333,Age>25,8,3,3,0.0,0.0,0.0,1
333,Age>25,9,5,3,1.1666666666666667,1.5,0.3333333333333333,6
333,Age>25,10,4,2,0.8,0.8,0.0,5
334,Age>25,3,5,1,1.9130434782608696,1.6521739130434783,-0.2608695652173913,23
334,Age>25,4,4,1,0.4,1.0,0.6,5
334,Age>25,5,3,2,1.5,0.0,-1.5,2
334,Age>25,6,5,2,1.5,1.5833333333333333,0.08333333333333333,12
334,Age>25,7,2,2,0.8,1.0,0.2,5
334,Age>25,8,3,3,1.0,1.5,0.5,4
334,Age>25,9,5,3,0.25,0.75,0.5,4
334,Age>25,10,4,2,0.6666666666666666,0.5,-0.16666666666666666,6
335,RPP,2,3,1,0.5,1.0,0.5,4
335,RPP,3,4,1,0.5,1.1666666666666667,0.6666666666666666,6
335,RPP,4,5,1,0.25,1.0,0.75,4
335,RPP,5,3,2,0.0,1.0,1.0,2
335,RPP,6,5,2,0.0,1.0,1.0,2
335,RPP,7,2,2,0.0,1.0,1.0,1
335,RPP,8,3,3,1.0,0.0,-1.0,1
335,RPP,9,4,2,0.0,1.0,1.0,1
335,RPP,10,5,3,0.0,0.6666666666666666,0.6666666666666666,3
337,Age>25,1,2,1,0.0,1.0,1.0,1
337,Age>25,2,3,1,0.3333333333333333,0.6666666666666666,0.3333333333333333,3
337,Age>25,3,4,1,1.0,0.7142857142857143,-0.2857142857142857,7
337,Age>25,4,5,1,0.3333333333333333,1.0,0.6666666666666666,3
337,Age>25,5,3,2,1.0,0.0,-1.0,2
337,Age>25,6,5,2,0.5,1.1666666666666667,0.6666666666666666,6
337,Age>25,7,2,2,0.0,1.0,1.0,1
337,Age>25,8,3,3,0.0,1.0,1.0,1
337,Age>25,10,5,3,1.0,0.0,-1.0,1
338,RPP,1,2,1,0.5,1.0,0.5,2
338,RPP,2,4,1,0.5,0.75,0.25,4
338,RPP,3,3,1,0.3333333333333333,0.6666666666666666,0.3333333333333333,3
338,RPP,4,5,1,1.375,1.3125,-0.0625,16
338,RPP,5,3,2,0.0,1.0,1.0,1
338,RPP,6,5,2,0.3333333333333333,0.6666666666666666,0.3333333333333333,3
338,RPP,8,4,2,0.3333333333333333,1.0,0.6666666666666666,3
338,RPP,9,3,3,0.0,1.0,1.0,1
338,RPP,10,5,3,0.5,0.75,0.25,4
339,Age>25,1,2,1,0.0,0.5,0.5,2
339,Age>25,2,3,1,0.5,1.0,0.5,2
339,Age>25,3,4,1,0.3333333333333333,1.0,0.6666666666666666,3
339,Age>25,4,5,1,0.0,0.6666666666666666,0.6666666666666666,3
339,Age>25,5,3,2,0.0,1.0,1.0,2
339,Age>25,6,5,2,0.0,1.0,1.0,2
339,Age>25,7,2,2,0.0,1.0,1.0,1
339,Age>25,8,3,3,0.0,1.0,1.0,1
339,Age>25,9,4,2,0.0,1.0,1.0,1
339,Age>25,10,5,3,0.0,1.0,1.0,2
342,Age>25,1,2,1,0.0,0.6666666666666666,0.6666666666666666,3
342,Age>25,2,3,1,0.5,0.5,0.0,2
342,Age>25,3,5,1,1.0,0.3333333333333333,-0.6666666666666666,3
342,Age>25,4,4,1,1.0,0.8333333333333334,-0.16666666666666666,6
342,Age>25,5,3,2,0.0,0.6666666666666666,0.6666666666666666,3
342,Age>25,6,5,2,0.3333333333333333,1.0,0.6666666666666666,3
342,Age>25,9,5,3,0.9,0.8,-0.1,10
342,Age>25,10,4,2,0.5,1.0,0.5,2
343,RPP,1,2,1,0.6666666666666666,0.6666666666666666,0.0,3
343,RPP,2,3,1,0.8333333333333334,0.8333333333333334,0.0,6
343,RPP,3,5,1,1.0,0.2857142857142857,-0.7142857142857143,7
343,RPP,4,4,1,0.5,0.5,0.0,2
343,RPP,5,3,2,0.0,1.0,1.0,2
343,RPP,6,5,2,0.6666666666666666,0.6666666666666666,0.0,3
343,RPP,8,3,3,0.0,1.0,1.0,1
343,RPP,9,5,3,0.875,1.25,0.375,16
343,RPP,10,4,2,0.25,0.75,0.5,4
345,Age>25,1,2,1,0.5,0.5,0.0,2
345,Age>25,2,3,1,0.3333333333333333,1.0,0.6666666666666666,3
345,Age>25,3,4,1,0.0,0.0,0.0,1
345,Age>25,4,5,1,1.0,0.4444444444444444,-0.5555555555555556,9
345,Age>25,5,3,2,0.5,0.0,-0.5,2
345,Age>25,6,5,2,0.5,0.0,-0.5,2
345,Age>25,9,4,2,0.0,0.0,0.0,1
345,Age>25,10,5,3,1.0,1.4615384615384615,0.46153846153846156,13
347,Age>25,2,3,1,0.0,0.5,0.5,2
347,Age>25,3,4,1,0.0,1.0,1.0,2
347,Age>25,4,5,1,1.0909090909090908,0.18181818181818182,-0.9090909090909091,11
347,Age>25,5,3,2,0.0,0.5,0.5,2
347,Age>25,6,5,2,0.4,1.0,0.6,5
347,Age>25,7,2,2,0.3333333333333333,1.0,0.6666666666666666,3
347,Age>25,8,3,3,1.0,0.3333333333333333,-0.6666666666666666,3
347,Age>25,9,4,2,0.0,1.0,1.0,1
347,Age>25,10,5,3,0.3333333333333333,1.0,0.6666666666666666,3
348,Age>25,1,2,1,0.5,0.0,-0.5,2
348,Age>25,2,4,1,2.125,2.0625,-0.0625,16
348,Age>25,3,3,1,0.0,0.6666666666666666,0.6666666666666666,3
348,Age>25,4,5,1,0.5,0.6666666666666666,0.16666666666666666,6
348,Age>25,5,3,2,1.0,1.0,0.0,3
348,Age>25,6,5,2,1.0,1.4444444444444444,0.4444444444444444,9
348,Age>25,7,2,2,2.142857142857143,1.0,-1.1428571428571428,7
348,Age>25,8,4,2,1.0,0.5,-0.5,4
348,Age>25,9,3,3,0.0,0.0,0.0,1
348,Age>25,10,5,3,1.3157894736842106,1.736842105263158,0.42105263157894735,19
349,Age>25,2,3,1,1.4444444444444444,2.0,0.5555555555555556,9
349,Age>25,3,4,1,0.6666666666666666,0.6666666666666666,0.0,3
349,Age>25,4,5,1,1.25,0.375,-0.875,8
349,Age>25,5,3,2,0.0,0.5,0.5,2
349,Age>25,6,5,2,0.25,1.0,0.75,4
349,Age>25,7,2,2,0.0,1.0,1.0,1
349,Age>25,9,4,2,0.5,1.0,0.5,2
349,Age>25,10,5,3,1.0769230769230769,1.0,-0.07692307692307693,13
350,Age>25,1,2,1,0.0,0.0,0.0,1
350,Age>25,2,3,1,1.1666666666666667,1.0,-0.16666666666666666,6
350,Age>25,3,4,1,0.4,0.8,0.4,5
350,Age>25,4,5,1,1.6129032258064515,2.064516129032258,0.45161290322580644,31
350,Age>25,5,3,2,2.84,1.88,-0.96,25
350,Age>25,6,5,2,1.972972972972973,2.108108108108108,0.13513513513513514,37
350,Age>25,7,2,2,1.6666666666666667,2.066666666666667,0.4,15
350,Age>25,8,3,3,2.1538461538461537,2.4615384615384617,0.3076923076923077,26
350,Age>25,9,4,2,2.323529411764706,2.176470588235294,-0.14705882352941177,34
350,Age>25,10,5,3,2.076923076923077,2.282051282051282,0.20512820512820512,39
351,Age>25,1,2,1,0.0,0.0,0.0,1
351,Age>25,2,3,1,0.3333333333333333,0.6666666666666666,0.3333333333333333,3
351,Age>25,3,4,1,0.0,1.0,1.0,1
351,Age>25,4,5,1,0.3333333333333333,0.6666666666666666,0.3333333333333333,3
351,Age>25,5,3,2,0.0,1.0,1.0,1
351,Age>25,6,5,2,0.8,0.6,-0.2,5
351,Age>25,7,2,2,0.0,1.0,1.0,1
351,Age>25,8,3,3,0.0,1.0,1.0,1
351,Age>25,9,4,2,0.3333333333333333,1.0,0.6666666666666666,3
351,Age>25,10,5,3,0.4,1.0,0.6,5
352,Age>25,1,2,1,0.0,1.0,1.0,1
352,Age>25,2,3,1,0.4,1.2,0.8,5
352,Age>25,3,5,1,0.6666666666666666,0.0,-0.6666666666666666,3
352,Age>25,4,4,1,0.5,1.0,0.5,4
352,Age>25,5,3,2,0.0,1.0,1.0,1
352,Age>25,6,5,2,0.6363636363636364,1.0909090909090908,0.45454545454545453,11
352,Age>25,7,2,2,0.5,1.0,0.5,2
352,Age>25,8,3,3,0.0,0.0,0.0,1
352,Age>25,9,5,3,0.6,0.8,0.2,5
352,Age>25,10,4,2,0.0,1.0,1.0,2
353,Age>25,2,3,1,0.6,0.4,-0.2,5
353,Age>25,3,5,1,0.6,1.0,0.4,5
353,Age>25,4,4,1,0.0,1.0,1.0,1
353,Age>25,5,3,2,0.8,1.0,0.2,5
353,Age>25,6,5,2,1.0,0.0,-1.0,1
353,Age>25,7,2,2,0.0,0.5,0.5,2
353,Age>25,8,3,3,0.0,1.0,1.0,1
353,Age>25,9,5,3,0.0,0.5,0.5,2
353,Age>25,10,4,2,0.6666666666666666,1.3333333333333333,0.6666666666666666,3
354,Age>25,1,2,1,0.5,0.0,-0.5,2
354,Age>25,2,3,1,0.875,1.25,0.375,8
354,Age>25,3,5,1,1.8666666666666667,2.0,0.13333333333333333,15
354,Age>25,4,4,1,0.5,0.0,-0.5,2
354,Age>25,5,3,2,0.8888888888888888,1.4444444444444444,0.5555555555555556,9
354,Age>25,6,5,2,1.9333333333333333,2.1666666666666665,0.23333333333333334,30
354,Age>25,7,2,2,0.75,1.0,0.25,4
354,Age>25,9,5,3,2.388888888888889,2.2222222222222223,-0.16666666666666666,18
354,Age>25,10,4,2,1.125,0.75,-0.375,8
357,Age>25,1,2,1,1.0,0.3333333333333333,-0.6666666666666666,3
357,Age>25,2,3,1,0.75,0.5,-0.25,4
357,Age>25,3,4,1,0.0,0.5,0.5,2
357,Age>25,4,5,1,0.6666666666666666,1.1666666666666667,0.5,6
357,Age>25,5,3,2,0.5,0.5,0.0,2
357,Age>25,6,5,2,0.0,0.5,0.5,2
357,Age>25,7,2,2,0.0,1.0,1.0,1
357,Age>25,8,3,3,0.5,0.5,0.0,4
357,Age>25,9,4,2,0.6666666666666666,1.1111111111111112,0.4444444444444444,9
357,Age>25,10,5,3,1.6923076923076923,1.8461538461538463,0.15384615384615385,13
359,Age>25,1,2,1,1.0,0.0,-1.0,2
359,Age>25,2,3,1,0.7142857142857143,0.8571428571428571,0.14285714285714285,7
359,Age>25,3,4,1,1.8421052631578947,1.9473684210526316,0.10526315789473684,19
359,Age>25,4,5,1,2.3666666666666667,2.0,-0.36666666666666664,30
359,Age>25,5,3,2,1.4444444444444444,1.0,-0.4444444444444444,9
359,Age>25,6,5,2,0.6153846153846154,0.5384615384615384,-0.07692307692307693,13
359,Age>25,7,2,2,0.0,1.0,1.0,1
359,Age>25,8,3,3,0.3333333333333333,1.0,0.6666666666666666,3
359,Age>25,9,4,2,1.5,0.0,-1.5,2
359,Age>25,10,5,3,1.8529411764705883,2.1176470588235294,0.2647058823529412,34
360,Age>25,1,2,1,0.0,1.0,1.0,1
360,Age>25,2,3,1,0.5,1.0,0.5,4
360,Age>25,3,4,1,0.625,0.875,0.25,8
360,Age>25,4,5,1,2.0,1.0526315789473684,-0.9473684210526315,19
360,Age>25,5,3,2,1.0,1.0,0.0,3
360,Age>25,6,5,2,1.4166666666666667,1.6666666666666667,0.25,12
360,Age>25,7,2,2,0.0,1.0,1.0,1
360,Age>25,8,3,3,1.0,0.0,-1.0,1
360,Age>25,10,5,3,0.0,0.0,0.0,1
361,Age>25,1,2,1,0.0,0.0,0.0,1
361,Age>25,2,3,1,0.3333333333333333,1.0,0.6666666666666666,3
361,Age>25,3,4,1,0.4,1.0,0.6,5
361,Age>25,4,5,1,0.8461538461538461,1.0769230769230769,0.23076923076923078,13
361,Age>25,5,3,2,0.3333333333333333,0.6666666666666666,0.3333333333333333,3
361,Age>25,6,5,2,1.5263157894736843,2.0,0.47368421052631576,19
361,Age>25,7,2,2,0.0,1.0,1.0,1
361,Age>25,8,3,3,1.125,1.0,-0.125,8
361,Age>25,9,4,2,1.0,1.4166666666666667,0.4166666666666667,12
361,Age>25,10,5,3,0.42857142857142855,0.5714285714285714,0.14285714285714285,7
362,Age>25,2,3,1,0.3333333333333333,1.0,0.6666666666666666,3
362,Age>25,3,5,1,0.4,0.6,0.2,5
362,Age>25,4,4,1,0.0,1.0,1.0,1
362,Age>25,5,3,2,0.0,0.5,0.5,2
362,Age>25,6,5,2,1.4,1.3333333333333333,-0.06666666666666667,15
362,Age>25,8,3,3,0.0,1.0,1.0,1
362,Age>25,9,5,3,0.4,1.0,0.6,5
362,Age>25,10,4,2,0.0,1.0,1.0,1
363,Age>25,2,3,1,0.3333333333333333,1.0,0.6666666666666666,3
363,Age>25,3,5,1,0.25,0.75,0.5,4
363,Age>25,4,4,1,0.0,1.0,1.0,1
363,Age>25,5,3,2,0.0,0.0,0.0,2
363,Age>25,8,3,3,1.0,0.0,-1.0,1
363,Age>25,10,4,2,1.0,0.0,-1.0,1
364,Age>25,1,2,1,0.0,0.0,0.0,1
364,Age>25,2,3,1,0.3333333333333333,1.0,0.6666666666666666,3
364,Age>25,3,5,1,0.8888888888888888,0.7777777777777778,-0.1111111111111111,9
364,Age>25,4,4,1,0.5,0.5,0.0,4
364,Age>25,5,3,2,0.0,1.0,1.0,1
364,Age>25,6,5,2,0.0,0.75,0.75,4
364,Age>25,7,2,2,0.0,0.5,0.5,2
364,Age>25,8,3,3,1.0,0.0,-1.0,1
364,Age>25,9,5,3,0.0,1.0,1.0,2
364,Age>25,10,4,2,1.0,0.0,-1.0,3
365,Age>25,1,2,1,0.0,1.0,1.0,1
365,Age>25,2,3,1,0.0,1.0,1.0,1
365,Age>25,3,4,1,0.8,1.0,0.2,5
365,Age>25,6,5,2,1.411764705882353,1.6470588235294117,0.23529411764705882,17
365,Age>25,8,3,3,0.0,1.0,1.0,1
365,Age>25,10,5,3,0.25,0.5,0.25,4
409,RPP,1,2,1,0.3333333333333333,1.0,0.6666666666666666,3
409,RPP,2,3,1,0.8,1.0,0.2,5
409,RPP,3,4,1,1.3846153846153846,1.9230769230769231,0.5384615384615384,13
409,RPP,4,5,1,1.5263157894736843,1.4210526315789473,-0.10526315789473684,19
409,RPP,5,3,2,0.6666666666666666,1.0,0.3333333333333333,6
409,RPP,6,5,2,1.3333333333333333,0.8333333333333334,-0.5,12
409,RPP,7,2,2,0.5,0.5,0.0,2
409,RPP,8,3,3,0.0,1.0,1.0,1
409,RPP,9,4,2,0.5,0.0,-0.5,2
409,RPP,10,5,3,1.1666666666666667,0.6666666666666666,-0.5,6
410,RPP,2,3,1,1.0,1.0,0.0,3
410,RPP,3,4,1,0.0,1.0,1.0,1
410,RPP,4,5,1,0.3333333333333333,0.3333333333333333,0.0,3
410,RPP,9,4,2,0.5,0.5,0.0,2
410,RPP,10,5,3,0.0,1.0,1.0,1
411,RPP,1,2,1,0.0,0.0,0.0,2
411,RPP,2,3,1,1.0,1.0,0.0,3
411,RPP,3,4,1,1.2,1.0,-0.2,5
411,RPP,4,5,1,1.1666666666666667,0.3333333333333333,-0.8333333333333334,6
411,RPP,6,5,2,1.5,1.0,-0.5,8
411,RPP,7,2,2,0.0,1.0,1.0,1
411,RPP,8,3,3,0.0,1.0,1.0,1
411,RPP,9,4,2,0.75,1.125,0.375,8
411,RPP,10,5,3,0.0,1.0,1.0,1
412,RPP,1,2,1,0.5,1.0,0.5,2
412,RPP,2,3,1,0.8333333333333334,1.1666666666666667,0.3333333333333333,6
412,RPP,3,5,1,0.8,1.3,0.5,10
412,RPP,4,4,1,0.5,0.25,-0.25,4
412,RPP,5,3,2,1.0,1.2857142857142858,0.2857142857142857,7
412,RPP,6,5,2,1.75,2.0625,0.3125,16
412,RPP,7,2,2,0.0,1.0,1.0,1
412,RPP,9,5,3,0.5714285714285714,0.8571428571428571,0.2857142857142857,7
412,RPP,10,4,2,0.0,1.0,1.0,1
413,RPP,1,2,1,0.0,0.0,0.0,1
413,RPP,2,3,1,1.7,1.0,-0.7,10
413,RPP,3,5,1,1.1818181818181819,1.0,-0.18181818181818182,11
413,RPP,4,4,1,1.4,0.8,-0.6,5
413,RPP,5,3,2,0.6666666666666666,0.6666666666666666,0.0,3
413,RPP,6,5,2,0.5,0.8333333333333334,0.3333333333333333,6
413,RPP,7,2,2,0.75,1.0,0.25,4
413,RPP,8,3,3,1.0,0.0,-1.0,3
413,RPP,9,5,3,0.6,0.6,0.0,5
413,RPP,10,4,2,1.0909090909090908,1.2727272727272727,0.18181818181818182,11
414,Kids,1,2,1,0.0,0.5,0.5,2
414,Kids,2,3,1,0.0,0.5,0.5,2
414,Kids,3,5,1,0.0,1.0,1.0,3
414,Kids,4,4,1,0.3333333333333333,0.3333333333333333,0.0,3
414,Kids,5,3,2,0.0,0.5,0.5,2
414,Kids,6,5,2,0.8461538461538461,1.0769230769230769,0.23076923076923078,13
414,Kids,7,2,2,0.3333333333333333,1.0,0.6666666666666666,3
414,Kids,8,3,3,0.0,0.0,0.0,1
414,Kids,9,5,3,0.0,1.0,1.0,3
414,Kids,10,4,2,0.0,1.0,1.0,1
415,RPP,1,2,1,1.0,0.0,-1.0,1
415,RPP,2,3,1,0.5,0.5,0.0,2
415,RPP,3,4,1,0.875,1.0,0.125,8
415,RPP,4,5,1,1.25,1.3333333333333333,0.08333333333333333,12
415,RPP,5,3,2,0.6666666666666666,1.0,0.3333333333333333,6
415,RPP,6,5,2,0.0,1.0,1.0,1
415,RPP,7,2,2,0.5,1.0,0.5,2
415,RPP,9,4,2,0.0,1.0,1.0,2
415,RPP,10,5,3,1.0,1.125,0.125,8
416,RPP,2,3,1,0.3333333333333333,1.0,0.6666666666666666,3
416,RPP,3,4,1,0.3333333333333333,1.0,0.6666666666666666,3
416,RPP,4,5,1,1.8181818181818181,0.6363636363636364,-1.1818181818181819,11
416,RPP,6,5,2,0.0,0.6666666666666666,0.6666666666666666,3
416,RPP,7,2,2,0.0,1.0,1.0,1
416,RPP,8,3,3,0.0,1.0,1.0,1
416,RPP,9,4,2,0.5,1.0,0.5,2
416,RPP,10,5,3,0.0,1.0,1.0,2
417,RPP,1,2,1,1.1666666666666667,1.0,-0.16666666666666666,6
417,RPP,2,3,1,0.8333333333333334,1.0,0.16666666666666666,6
417,RPP,3,4,1,0.0,1.0,1.0,1
417,RPP,4,5,1,2.769230769230769,1.0,-1.7692307692307692,13
417,RPP,5,3,2,0.5,1.0,0.5,2
417,RPP,6,5,2,1.0909090909090908,1.4545454545454546,0.36363636363636365,11
417,RPP,8,3,3,0.0,1.0,1.0,1
417,RPP,9,4,2,0.5,1.0,0.5,2
417,RPP,10,5,3,0.375,1.0,0.625,8
418,Age>25,1,2,1,0.0,0.0,0.0,1
418,Age>25,2,4,1,1.2857142857142858,1.0,-0.2857142857142857,7
418,Age>25,3,3,1,0.0,0.0,0.0,1
418,Age>25,4,5,1,1.3333333333333333,0.0,-1.3333333333333333,3
418,Age>25,5,3,2,0.5,1.0,0.5,2
418,Age>25,6,5,2,1.7857142857142858,0.42857142857142855,-1.3571428571428572,14
418,Age>25,7,2,2,0.3333333333333333,1.0,0.6666666666666666,3
418,Age>25,8,4,2,0.5714285714285714,0.8571428571428571,0.2857142857142857,14
418,Age>25,10,5,3,2.108108108108108,1.7567567567567568,-0.35135135135135137,37
419,RPP,1,2,1,0.0,1.0,1.0,1
419,RPP,2,3,1,0.5,1.0,0.5,4
419,RPP,3,4,1,1.5833333333333333,2.0,0.4166666666666667,12
419,RPP,4,5,1,1.4166666666666667,0.4166666666666667,-1.0,12
419,RPP,6,5,2,0.9,0.9,0.0,10
419,RPP,7,2,2,0.0,0.0,0.0,1
419,RPP,9,4,2,0.8888888888888888,0.6666666666666666,-0.2222222222222222,9
419,RPP,10,5,3,0.6,1.2,0.6,5
420,RPP,2,3,1,0.5,1.1666666666666667,0.6666666666666666,6
420,RPP,3,4,1,1.2,1.4,0.2,10
420,RPP,4,5,1,1.4,0.4,-1.0,5
420,RPP,5,3,2,1.125,1.125,0.0,8
420,RPP,6,5,2,1.3888888888888888,1.0,-0.3888888888888889,18
420,RPP,9,4,2,0.5,0.5,0.0,2
420,RPP,10,5,3,0.0,0.4,0.4,5
421,RPP,1,2,1,0.0,0.0,0.0,1
421,RPP,2,3,1,0.8333333333333334,1.3333333333333333,0.5,6
421,RPP,3,4,1,0.7142857142857143,0.5714285714285714,-0.14285714285714285,7
421,RPP,4,5,1,1.3157894736842106,1.4210526315789473,0.10526315789473684,19
421,RPP,5,3,2,1.0,1.0,0.0,3
421,RPP,6,5,2,0.5,1.125,0.625,8
421,RPP,8,3,3,1.0,1.0,0.0,8
421,RPP,9,4,2,0.75,0.75,0.0,4
421,RPP,10,5,3,0.5714285714285714,1.1428571428571428,0.5714285714285714,7
422,RPP,1,2,1,0.5,1.0,0.5,2
422,RPP,2,3,1,0.5,1.0,0.5,2
422,RPP,3,5,1,0.8888888888888888,0.8888888888888888,0.0,9
422,RPP,4,4,1,0.0,0.0,0.0,2
422,RPP,5,3,2,0.0,1.0,1.0,1
422,RPP,6,5,2,0.3333333333333333,0.3333333333333333,0.0,3
422,RPP,7,2,2,0.3333333333333333,1.0,0.6666666666666666,3
422,RPP,8,3,3,0.0,0.5,0.5,2
422,RPP,9,5,3,0.5,0.6666666666666666,0.16666666666666666,6
422,RPP,10,4,2,0.25,0.5,0.25,4
423,RPP,2,3,1,1.0,1.5,0.5,8
423,RPP,3,5,1,0.7777777777777778,1.0,0.2222222222222222,9
423,RPP,4,4,1,0.0,0.5,0.5,2
423,RPP,5,3,2,0.5,1.0,0.5,2
423,RPP,6,5,2,0.4,0.6,0.2,5
423,RPP,7,2,2,0.0,1.0,1.0,1
423,RPP,8,3,3,0.0,0.0,0.0,1
423,RPP,9,5,3,0.75,1.0,0.25,4
423,RPP,10,4,2,0.4,0.6,0.2,5
424,RPP,1,2,1,0.0,1.0,1.0,2
424,RPP,2,3,1,0.6,1.2,0.6,5
424,RPP,3,5,1,0.0,0.0,0.0,2
424,RPP,4,4,1,0.6666666666666666,0.6666666666666666,0.0,3
424,RPP,5,3,2,0.5,0.5,0.0,2
424,RPP,6,5,2,0.5,0.5,0.0,4
424,RPP,7,2,2,0.5,1.0,0.5,4
424,RPP,8,3,3,1.0,0.0,-1.0,2
424,RPP,9,5,3,0.6,1.0,0.4,5
424,RPP,10,4,2,0.0,1.0,1.0,1
425,Age>25,1,2,1,1.0,0.5,-0.5,4
425,Age>25,2,3,1,0.3333333333333333,0.6666666666666666,0.3333333333333333,3
425,Age>25,3,4,1,0.8333333333333334,0.8333333333333334,0.0,6
425,Age>25,4,5,1,1.6470588235294117,2.0,0.35294117647058826,17
425,Age>25,5,3,2,0.3333333333333333,0.6666666666666666,0.3333333333333333,3
425,Age>25,6,5,2,0.5,0.8333333333333334,0.3333333333333333,6
425,Age>25,7,2,2,1.0,0.3333333333333333,-0.6666666666666666,3
425,Age>25,8,3,3,0.0,0.0,0.0,1
425,Age>25,9,4,2,0.3333333333333333,1.0,0.6666666666666666,3
425,Age>25,10,5,3,0.7692307692307693,1.3846153846153846,0.6153846153846154,13
427,RPP,2,3,1,0.0,1.0,1.0,2
427,RPP,3,4,1,0.0,1.0,1.0,1
427,RPP,4,5,1,0.0,1.0,1.0,2
427,RPP,5,3,2,0.0,1.0,1.0,2
427,RPP,6,5,2,0.0,1.0,1.0,2
427,RPP,8,3,3,0.0,1.0,1.0,1
427,RPP,9,4,2,0.3333333333333333,1.0,0.6666666666666666,3
427,RPP,10,5,3,0.0,1.0,1.0,2
428,RPP,1,2,1,1.2,1.0,-0.2,5
428,RPP,2,4,1,0.5,0.5,0.0,2
428,RPP,3,3,1,0.0,1.0,1.0,2
428,RPP,4,5,1,0.5,1.1666666666666667,0.6666666666666666,6
428,RPP,5,3,2,0.0,1.0,1.0,2
428,RPP,6,5,2,0.7142857142857143,1.1428571428571428,0.42857142857142855,7
428,RPP,8,4,2,0.6666666666666666,0.6666666666666666,0.0,3
428,RPP,9,3,3,0.4,0.8,0.4,5
428,RPP,10,5,3,0.5,1.0,0.5,4
429,RPP,1,2,1,0.0,1.0,1.0,1
429,RPP,2,3,1,0.0,1.0,1.0,2
429,RPP,3,4,1,0.25,0.75,0.5,4
429,RPP,4,5,1,0.6666666666666666,0.5,-0.16666666666666666,6
429,RPP,5,3,2,0.0,1.0,1.0,1
429,RPP,6,5,2,0.3333333333333333,1.0,0.6666666666666666,3
429,RPP,7,2,2,0.3333333333333333,0.0,-0.3333333333333333,3
429,RPP,8,3,3,0.5,1.0,0.5,2
429,RPP,9,4,2,0.0,1.0,1.0,2
429,RPP,10,5,3,0.5454545454545454,1.0909090909090908,0.5454545454545454,11
430,RPP,2,3,1,0.0,1.0,1.0,1
430,RPP,3,4,1,2.6470588235294117,1.9411764705882353,-0.7058823529411765,17
430,RPP,4,5,1,0.3333333333333333,0.6666666666666666,0.3333333333333333,3
430,RPP,6,5,2,0.4,1.0,0.6,5
430,RPP,7,2,2,0.0,0.0,0.0,1
430,RPP,8,3,3,0.3333333333333333,0.3333333333333333,0.0,3
430,RPP,9,4,2,0.3333333333333333,1.0,0.6666666666666666,3
430,RPP,10,5,3,0.5,1.25,0.75,4
431,RPP,1,2,1,0.0,0.0,0.0,1
431,RPP,2,3,1,1.0,0.0,-1.0,1
431,RPP,3,4,1,1.1428571428571428,0.8571428571428571,-0.2857142857142857,7
431,RPP,4,5,1,0.6,1.2,0.6,5
431,RPP,6,5,2,0.7272727272727273,1.0909090909090908,0.36363636363636365,11
431,RPP,7,2,2,0.5,1.0,0.5,4
431,RPP,8,3,3,0.0,1.0,1.0,1
431,RPP,9,4,2,0.0,1.0,1.0,1
431,RPP,10,5,3,0.5,0.5,0.0,2
432,RPP,1,2,1,1.0,0.0,-1.0,1
432,RPP,2,3,1,0.8,1.0,0.2,5
432,RPP,3,5,1,0.6666666666666666,1.0,0.3333333333333333,6
432,RPP,4,4,1,0.5,0.5,0.0,2
432,RPP,5,3,2,0.3333333333333333,0.6666666666666666,0.3333333333333333,3
432,RPP,6,5,2,1.8666666666666667,1.3333333333333333,-0.5333333333333333,15
432,RPP,9,5,3,0.42857142857142855,0.8571428571428571,0.42857142857142855,7
432,RPP,10,4,2,0.0,1.0,1.0,2
434,RPP,1,2,1,0.3333333333333333,1.0,0.6666666666666666,3
434,RPP,2,3,1,0.5,0.5,0.0,2
434,RPP,3,5,1,1.1818181818181819,1.4545454545454546,0.2727272727272727,11
434,RPP,4,4,1,0.3333333333333333,0.3333333333333333,0.0,3
434,RPP,5,3,2,0.0,0.0,0.0,1
434,RPP,6,5,2,0.7777777777777778,1.0,0.2222222222222222,9
434,RPP,7,2,2,0.5,1.0,0.5,4
434,RPP,8,3,3,0.0,0.0,0.0,1
434,RPP,9,5,3,1.8571428571428572,1.9047619047619047,0.047619047619047616,21
434,RPP,10,4,2,1.1111111111111112,1.0,-0.1111111111111111,9
435,RPP,2,3,1,0.0,1.0,1.0,1
435,RPP,3,4,1,0.3333333333333333,1.0,0.6666666666666666,3
435,RPP,4,5,1,0.5,0.5,0.0,4
435,RPP,5,3,2,0.0,1.0,1.0,1
435,RPP,6,5,2,0.5,1.0,0.5,2
435,RPP,7,2,2,1.0,0.0,-1.0,1
435,RPP,8,3,3,0.0,1.0,1.0,1
435,RPP,10,5,3,0.0,0.6666666666666666,0.6666666666666666,3
436,RPP,1,2,1,0.0,1.0,1.0,1
436,RPP,2,3,1,0.0,0.5,0.5,2
436,RPP,3,4,1,1.0,0.0,-1.0,1
436,RPP,4,5,1,0.9166666666666666,1.4166666666666667,0.5,12
436,RPP,5,3,2,0.6666666666666666,0.3333333333333333,-0.3333333333333333,3
436,RPP,6,5,2,0.5,0.75,0.25,4
436,RPP,7,2,2,0.0,1.0,1.0,2
436,RPP,9,4,2,0.5,0.5,0.0,2
436,RPP,10,5,3,0.8571428571428571,0.5714285714285714,-0.2857142857142857,7
437,RPP,1,2,1,1.0,1.0,0.0,3
437,RPP,2,3,1,0.0,0.6666666666666666,0.6666666666666666,3
437,RPP,6,5,2,0.0,1.0,1.0,2
437,RPP,7,2,2,0.0,0.5,0.5,2
437,RPP,9,4,2,0.0,0.3333333333333333,0.3333333333333333,3
437,RPP,10,5,3,0.25,0.75,0.5,4
438,RPP,2,4,1,1.3,1.7,0.4,10
438,RPP,3,3,1,0.0,1.0,1.0,1
438,RPP,4,5,1,0.6666666666666666,0.0,-0.6666666666666666,3
438,RPP,6,5,2,0.0,0.6666666666666666,0.6666666666666666,3
438,RPP,7,2,2,0.0,1.0,1.0,1
438,RPP,8,4,2,1.1111111111111112,1.3333333333333333,0.2222222222222222,9
438,RPP,10,5,3,0.2,0.6,0.4,5
439,RPP,1,2,1,0.0,1.0,1.0,1
439,RPP,2,3,1,0.3333333333333333,1.0,0.6666666666666666,3
439,RPP,3,4,1,0.75,0.25,-0.5,4
439,RPP,4,5,1,0.6666666666666666,0.6666666666666666,0.0,3
439,RPP,6,5,2,0.0,1.0,1.0,1
439,RPP,7,2,2,0.3333333333333333,1.0,0.6666666666666666,3
439,RPP,8,3,3,1.0,0.3333333333333333,-0.6666666666666666,3
439,RPP,9,4,2,1.0,0.0,-1.0,3
439,RPP,10,5,3,1.4,0.2,-1.2,5
440,RPP,1,2,1,0.0,1.0,1.0,1
440,RPP,2,3,1,0.5,0.0,-0.5,4
440,RPP,3,4,1,1.1428571428571428,0.8571428571428571,-0.2857142857142857,7
440,RPP,4,5,1,0.5,0.5,0.0,4
440,RPP,5,3,2,1.0,0.6,-0.4,5
440,RPP,6,5,2,0.8333333333333334,1.1666666666666667,0.3333333333333333,12
440,RPP,7,2,2,0.0,1.0,1.0,1
440,RPP,9,4,2,0.0,1.0,1.0,1
440,RPP,10,5,3,0.6,0.8,0.2,5
441,RPP,1,2,1,0.0,0.0,0.0,1
441,RPP,2,3,1,0.5,1.0,0.5,2
441,RPP,3,4,1,0.8333333333333334,1.1666666666666667,0.3333333333333333,6
441,RPP,4,5,1,0.6666666666666666,0.0,-0.6666666666666666,3
441,RPP,6,5,2,0.3333333333333333,0.6666666666666666,0.3333333333333333,3
441,RPP,7,2,2,0.0,1.0,1.0,1
441,RPP,9,4,2,0.6666666666666666,1.3333333333333333,0.6666666666666666,3
441,RPP,10,5,3,0.0,1.0,1.0,4
442,RPP,1,2,1,0.0,1.0,1.0,1
442,RPP,2,3,1,0.3333333333333333,0.6666666666666666,0.3333333333333333,3
442,RPP,3,5,1,1.1666666666666667,1.1666666666666667,0.0,12
442,RPP,4,4,1,0.5,1.0,0.5,4
442,RPP,5,3,2,0.0,1.0,1.0,3
442,RPP,6,5,2,1.2857142857142858,0.42857142857142855,-0.8571428571428571,7
442,RPP,7,2,2,0.5,1.0,0.5,2
442,RPP,9,5,3,0.8333333333333334,1.1666666666666667,0.3333333333333333,6
442,RPP,10,4,2,0.5,1.0,0.5,6
443,RPP,1,2,1,1.0,0.0,-1.0,2
443,RPP,2,3,1,0.0,1.0,1.0,3
443,RPP,3,5,1,1.4,0.8,-0.6,5
443,RPP,4,4,1,0.0,1.0,1.0,1
443,RPP,6,5,2,1.9333333333333333,1.2666666666666666,-0.6666666666666666,15
443,RPP,7,2,2,1.0,0.0,-1.0,1
443,RPP,8,3,3,0.0,1.0,1.0,1
443,RPP,9,5,3,0.0,0.5,0.5,2
443,RPP,10,4,2,0.0,1.0,1.0,1
444,RPP,1,2,1,0.0,1.0,1.0,2
444,RPP,2,3,1,0.5,1.25,0.75,4
444,RPP,3,5,1,0.5,1.0,0.5,4
444,RPP,4,4,1,0.5,0.5,0.0,2
444,RPP,6,5,2,0.6666666666666666,0.6666666666666666,0.0,3
444,RPP,9,5,3,0.0,1.0,1.0,2
444,RPP,10,4,2,0.0,1.0,1.0,2
445,RPP,2,3,1,0.0,1.0,1.0,1
445,RPP,3,4,1,0.5,1.0,0.5,6
445,RPP,4,5,1,0.5,0.8333333333333334,0.3333333333333333,6
445,RPP,5,3,2,0.3333333333333333,0.6666666666666666,0.3333333333333333,3
445,RPP,6,5,2,0.375,0.875,0.5,8
445,RPP,7,2,2,0.5,0.0,-0.5,2
445,RPP,9,4,2,0.0,0.3333333333333333,0.3333333333333333,3
445,RPP,10,5,3,0.0,1.0,1.0,2
447,RPP,1,2,1,0.5,0.0,-0.5,2
447,RPP,2,3,1,1.0,0.3333333333333333,-0.6666666666666666,3
447,RPP,3,4,1,0.6666666666666666,0.0,-0.6666666666666666,3
447,RPP,4,5,1,0.5,0.5,0.0,2
447,RPP,6,5,2,1.1333333333333333,1.4666666666666666,0.3333333333333333,15
447,RPP,7,2,2,0.0,1.0,1.0,1
447,RPP,8,3,3,0.7142857142857143,1.2857142857142858,0.5714285714285714,7
447,RPP,9,4,2,0.5,0.75,0.25,4
447,RPP,10,5,3,0.7272727272727273,1.0,0.2727272727272727,11
448,Age>25,1,2,1,0.0,1.0,1.0,2
448,Age>25,2,4,1,0.0,1.0,1.0,1
448,Age>25,3,3,1,0.0,1.0,1.0,2
448,Age>25,5,3,2,0.5,0.0,-0.5,2
448,Age>25,6,5,2,1.0833333333333333,1.0,-0.08333333333333333,12
448,Age>25,7,2,2,1.2857142857142858,0.5714285714285714,-0.7142857142857143,7
448,Age>25,8,4,2,0.0,1.0,1.0,1
448,Age>25,10,5,3,0.3333333333333333,1.0,0.6666666666666666,3
449,RPP,1,2,1,0.0,0.0,0.0,2
449,RPP,2,3,1,0.5,1.0,0.5,2
449,RPP,3,4,1,0.7777777777777778,0.8888888888888888,0.1111111111111111,9
449,RPP,4,5,1,0.9166666666666666,1.4166666666666667,0.5,12
449,RPP,6,5,2,0.5,0.75,0.25,4
449,RPP,7,2,2,0.5,1.0,0.5,4
449,RPP,8,3,3,0.0,1.0,1.0,1
449,RPP,9,4,2,0.5,1.0,0.5,2
449,RPP,10,5,3,0.7142857142857143,0.7142857142857143,0.0,7
450,RPP,1,2,1,0.0,0.0,0.0,1
450,RPP,2,3,1,1.0,1.0,0.0,3
450,RPP,3,4,1,0.9,1.4,0.5,10
450,RPP,4,5,1,0.8,1.1,0.3,10
450,RPP,5,3,2,0.5,0.0,-0.5,2
450,RPP,6,5,2,1.1818181818181819,1.0,-0.18181818181818182,11
450,RPP,7,2,2,0.0,0.0,0.0,1
450,RPP,8,3,3,0.3333333333333333,0.3333333333333333,0.0,3
450,RPP,9,4,2,0.75,1.375,0.625,8
450,RPP,10,5,3,1.4545454545454546,1.8636363636363635,0.4090909090909091,22
451,RPP,1,2,1,0.5,1.0,0.5,4
451,RPP,2,3,1,0.3333333333333333,0.6666666666666666,0.3333333333333333,3
451,RPP,3,4,1,1.1666666666666667,1.5,0.3333333333333333,6
451,RPP,4,5,1,0.6,0.6,0.0,10
451,RPP,5,3,2,0.0,0.5,0.5,2
451,RPP,6,5,2,0.7777777777777778,1.1111111111111112,0.3333333333333333,9
451,RPP,7,2,2,0.5,1.0,0.5,2
451,RPP,8,3,3,1.1666666666666667,0.3333333333333333,-0.8333333333333334,6
451,RPP,9,4,2,0.5,1.0,0.5,2
451,RPP,10,5,3,0.3333333333333333,1.0,0.6666666666666666,3
452,RPP,1,2,1,0.5,1.0,0.5,2
452,RPP,2,3,1,1.0,1.5,0.5,4
452,RPP,3,5,1,1.0,0.9,-0.1,10
452,RPP,4,4,1,0.0,1.0,1.0,2
452,RPP,5,3,2,0.0,1.0,1.0,1
452,RPP,6,5,2,0.5,1.0,0.5,4
452,RPP,7,2,2,0.0,0.0,0.0,1
452,RPP,9,5,3,0.6666666666666666,1.0,0.3333333333333333,9
452,RPP,10,4,2,0.3333333333333333,0.6666666666666666,0.3333333333333333,3
453,RPP,1,2,1,0.0,1.0,1.0,2
453,RPP,2,3,1,0.5,0.5,0.0,2
453,RPP,3,5,1,1.0,0.0,-1.0,1
453,RPP,4,4,1,0.6666666666666666,0.3333333333333333,-0.3333333333333333,3
453,RPP,5,3,2,1.0,0.0,-1.0,1
453,RPP,6,5,2,0.0,0.75,0.75,4
453,RPP,8,3,3,0.0,1.0,1.0,1
453,RPP,9,5,3,0.3333333333333333,1.0,0.6666666666666666,3
453,RPP,10,4,2,0.0,1.0,1.0,1
454,RPP,1,2,1,0.0,0.5,0.5,2
454,RPP,2,3,1,0.3333333333333333,0.0,-0.3333333333333333,3
454,RPP,3,5,1,0.5,0.75,0.25,4
454,RPP,4,4,1,0.5,0.25,-0.25,4
454,RPP,5,3,2,0.0,1.0,1.0,1
454,RPP,6,5,2,0.25,0.75,0.5,4
454,RPP,7,2,2,0.0,1.0,1.0,2
454,RPP,8,3,3,0.5,0.0,-0.5,2
454,RPP,9,5,3,0.6666666666666666,1.3333333333333333,0.6666666666666666,6
454,RPP,10,4,2,1.0,1.3333333333333333,0.3333333333333333,12
455,RPP,1,2,1,0.0,1.0,1.0,1
455,RPP,2,3,1,0.3333333333333333,1.0,0.6666666666666666,3
455,RPP,3,4,1,0.0,0.6666666666666666,0.6666666666666666,3
455,RPP,4,5,1,1.0,0.0,-1.0,1
455,RPP,6,5,2,0.0,0.0,0.0,1
455,RPP,7,2,2,1.0,0.0,-1.0,1
455,RPP,8,3,3,0.0,0.0,0.0,1
455,RPP,9,4,2,1.3333333333333333,0.0,-1.3333333333333333,6
455,RPP,10,5,3,0.3333333333333333,1.0,0.6666666666666666,3
456,RPP,2,3,1,1.1666666666666667,1.5,0.3333333333333333,6
456,RPP,3,4,1,0.3333333333333333,1.0,0.6666666666666666,3
456,RPP,4,5,1,1.3636363636363635,1.0909090909090908,-0.2727272727272727,11
456,RPP,5,3,2,0.0,1.0,1.0,1
456,RPP,6,5,2,0.8,0.9,0.1,10
456,RPP,7,2,2,0.0,1.0,1.0,1
456,RPP,9,4,2,0.0,1.0,1.0,1
456,RPP,10,5,3,0.0,1.0,1.0,1
457,RPP,3,4,1,0.5,1.0,0.5,2
457,RPP,4,5,1,0.5,1.125,0.625,8
457,RPP,5,3,2,0.6666666666666666,0.6666666666666666,0.0,3
457,RPP,6,5,2,0.0,1.0,1.0,1
457,RPP,7,2,2,0.0,1.0,1.0,1
457,RPP,8,3,3,0.3333333333333333,0.6666666666666666,0.3333333333333333,3
457,RPP,9,4,2,0.0,1.0,1.0,2
457,RPP,10,5,3,0.0,1.0,1.0,1
458,RPP,2,4,1,1.0,0.75,-0.25,4
458,RPP,3,3,1,0.0,0.5,0.5,2
458,RPP,4,5,1,0.0,0.0,0.0,1
458,RPP,8,4,2,1.0,0.0,-1.0,2
458,RPP,10,5,3,0.0,1.0,1.0,2
459,RPP,1,2,1,1.0,0.0,-1.0,1
459,RPP,2,3,1,0.8,1.0,0.2,5
459,RPP,3,4,1,0.6666666666666666,0.8333333333333334,0.16666666666666666,6
459,RPP,4,5,1,0.8571428571428571,1.0,0.14285714285714285,7
459,RPP,6,5,2,0.3333333333333333,1.0,0.6666666666666666,3
459,RPP,9,4,2,0.7142857142857143,1.0,0.2857142857142857,7
459,RPP,10,5,3,0.625,0.75,0.125,8
460,RPP,1,2,1,0.3333333333333333,0.6666666666666666,0.3333333333333333,3
460,RPP,2,3,1,1.0,1.0,0.0,8
460,RPP,3,4,1,0.5,0.5,0.0,4
460,RPP,4,5,1,1.125,0.5,-0.625,8
460,RPP,5,3,2,0.0,0.5,0.5,2
460,RPP,6,5,2,0.0,1.0,1.0,1
460,RPP,7,2,2,0.0,0.0,0.0,1
460,RPP,9,4,2,0.0,0.0,0.0,1
461,RPP,2,3,1,0.0,0.5,0.5,2
461,RPP,3,4,1,0.5,0.5,0.0,2
461,RPP,4,5,1,1.1111111111111112,1.0,-0.1111111111111111,9
461,RPP,6,5,2,0.0,1.0,1.0,2
461,RPP,7,2,2,0.0,1.0,1.0,1
461,RPP,8,3,3,0.0,1.0,1.0,1
461,RPP,9,4,2,0.5,0.5,0.0,2
461,RPP,10,5,3,1.3,1.5,0.2,10
463,RPP,2,3,1,0.6,1.2,0.6,5
463,RPP,3,5,1,1.75,1.45,-0.3,20
463,RPP,4,4,1,0.6,1.2,0.6,5
463,RPP,5,3,2,1.0,0.8333333333333334,-0.16666666666666666,6
463,RPP,6,5,2,1.6428571428571428,2.0714285714285716,0.42857142857142855,14
463,RPP,8,3,3,0.6666666666666666,0.6666666666666666,0.0,3
463,RPP,9,5,3,0.5,1.0,0.5,4
463,RPP,10,4,2,1.4444444444444444,1.3333333333333333,-0.1111111111111111,9
464,RPP,1,2,1,0.75,1.0,0.25,4
464,RPP,2,3,1,1.0,1.4444444444444444,0.4444444444444444,9
464,RPP,3,5,1,0.0,0.6666666666666666,0.6666666666666666,3
464,RPP,4,4,1,0.6666666666666666,0.6666666666666666,0.0,3
464,RPP,5,3,2,0.0,0.0,0.0,1
464,RPP,6,5,2,0.3333333333333333,1.0,0.6666666666666666,6
464,RPP,7,2,2,1.0,0.0,-1.0,2
464,RPP,9,5,3,0.25,0.5,0.25,4
464,RPP,10,4,2,0.0,0.6666666666666666,0.6666666666666666,3
465,RPP,1,2,1,0.5,1.0,0.5,2
465,RPP,2,3,1,0.3333333333333333,0.6666666666666666,0.3333333333333333,3
465,RPP,3,4,1,1.0,0.3333333333333333,-0.6666666666666666,3
465,RPP,4,5,1,0.5,0.6666666666666666,0.16666666666666666,6
465,RPP,5,3,2,1.0,0.0,-1.0,1
465,RPP,6,5,2,0.6,0.8,0.2,5
465,RPP,7,2,2,0.3333333333333333,1.0,0.6666666666666666,3
465,RPP,8,3,3,0.0,0.0,0.0,1
465,RPP,9,4,2,0.8888888888888888,1.1111111111111112,0.2222222222222222,9
465,RPP,10,5,3,0.5555555555555556,1.2222222222222223,0.6666666666666666,9
466,RPP,1,2,1,0.0,0.0,0.0,1
466,RPP,2,3,1,0.0,1.0,1.0,2
466,RPP,3,4,1,1.0,0.0,-1.0,1
466,RPP,4,5,1,0.5,0.375,-0.125,8
466,RPP,5,3,2,0.0,1.0,1.0,1
466,RPP,6,5,2,0.3333333333333333,0.6666666666666666,0.3333333333333333,3
466,RPP,7,2,2,0.0,1.0,1.0,1
466,RPP,8,3,3,0.0,1.0,1.0,1
466,RPP,9,4,2,0.25,1.0,0.75,4
466,RPP,10,5,3,0.75,1.0,0.25,4
467,RPP,1,2,1,1.5,0.0,-1.5,2
467,RPP,2,3,1,0.3333333333333333,1.0,0.6666666666666666,3
467,RPP,3,4,1,1.2,1.2,0.0,10
467,RPP,4,5,1,0.0,0.0,0.0,1
467,RPP,5,3,2,1.5,0.0,-1.5,2
467,RPP,6,5,2,0.5,1.1,0.6,10
467,RPP,7,2,2,0.0,1.0,1.0,2
467,RPP,8,3,3,0.0,1.0,1.0,1
467,RPP,9,4,2,1.0,0.3333333333333333,-0.6666666666666666,3
467,RPP,10,5,3,0.3333333333333333,0.3333333333333333,0.0,3
468,RPP,1,2,1,0.0,1.0,1.0,2
468,RPP,2,4,1,0.0,0.5,0.5,2
468,RPP,3,3,1,0.0,0.5,0.5,2
468,RPP,4,5,1,0.8,1.2666666666666666,0.4666666666666667,15
468,RPP,6,5,2,0.25,1.0,0.75,4
468,RPP,7,2,2,0.3333333333333333,0.3333333333333333,0.0,3
468,RPP,8,4,2,0.5,1.0,0.5,2
468,RPP,9,3,3,0.5,0.0,-0.5,2
468,RPP,10,5,3,0.25,0.75,0.5,4
469,RPP,1,2,1,0.0,0.0,0.0,1
469,RPP,2,3,1,0.5,1.0,0.5,2
469,RPP,3,4,1,1.125,1.5,0.375,8
469,RPP,4,5,1,1.2,1.3333333333333333,0.13333333333333333,15
469,RPP,5,3,2,1.1428571428571428,1.4285714285714286,0.2857142857142857,7
469,RPP,6,5,2,0.75,0.75,0.0,4
469,RPP,7,2,2,0.6666666666666666,0.0,-0.6666666666666666,3
469,RPP,8,3,3,1.5,0.5,-1.0,6
469,RPP,9,4,2,0.5,0.5,0.0,2
469,RPP,10,5,3,1.2,0.4,-0.8,5
