subject,group,block,set_size,set_size_exposure,stimulus,choice1,correct1,correct_action1,choice2,correct2,correct_action2,positive_retention,negative_avoidance,correct_after_error
11,Kids,1,2,1,1,3,0,1,2,0,1,,1.0,0.0
11,Kids,2,3,1,2,1,0,2,1,0,2,,0.0,0.0
11,Kids,2,3,1,1,2,1,2,2,1,2,1.0,,
11,Kids,2,3,1,3,1,0,3,3,1,3,,1.0,1.0
11,Kids,3,4,1,4,2,0,3,3,1,3,,1.0,1.0
11,Kids,3,4,1,2,1,1,1,1,1,1,1.0,,
11,Kids,3,4,1,3,2,1,2,2,1,2,1.0,,
11,Kids,3,4,1,1,3,0,1,1,1,1,,1.0,1.0
11,Kids,4,5,1,3,1,0,2,3,0,2,,1.0,0.0
11,Kids,4,5,1,1,3,0,1,1,1,1,,1.0,1.0
11,Kids,4,5,1,4,1,0,3,1,0,3,,0.0,0.0
11,Kids,4,5,1,5,3,1,3,3,1,3,1.0,,
11,Kids,5,3,2,2,2,1,2,2,1,2,1.0,,
11,Kids,5,3,2,3,1,0,3,3,1,3,,1.0,1.0
11,Kids,5,3,2,1,3,0,1,1,1,1,,1.0,1.0
11,Kids,6,5,2,2,2,1,2,2,1,2,1.0,,
11,Kids,6,5,2,3,2,1,2,2,1,2,1.0,,
11,Kids,6,5,2,4,1,0,3,1,0,3,,0.0,0.0
11,Kids,6,5,2,5,2,0,3,3,1,3,,1.0,1.0
11,Kids,6,5,2,1,1,1,1,1,1,1,1.0,,
11,Kids,7,2,2,1,2,0,1,3,0,1,,1.0,0.0
11,Kids,7,2,2,2,1,0,3,2,0,3,,1.0,0.0
11,Kids,8,3,3,1,2,0,1,1,1,1,,1.0,1.0
11,Kids,8,3,3,3,1,0,3,1,0,3,,0.0,0.0
11,Kids,8,3,3,2,3,0,2,3,0,2,,0.0,0.0
11,Kids,9,4,2,1,1,1,1,1,1,1,1.0,,
11,Kids,9,4,2,3,2,0,3,3,1,3,,1.0,1.0
11,Kids,9,4,2,2,3,0,2,2,1,2,,1.0,1.0
11,Kids,9,4,2,4,2,0,3,3,1,3,,1.0,1.0
11,Kids,10,5,3,4,2,1,2,1,0,2,0.0,,
11,Kids,10,5,3,1,1,1,1,3,0,1,0.0,,
11,Kids,10,5,3,5,2,0,3,1,0,3,,1.0,0.0
11,Kids,10,5,3,3,1,0,2,2,1,2,,1.0,1.0
13,Kids,1,2,1,2,3,1,3,3,1,3,1.0,,
13,Kids,2,3,1,3,2,1,2,3,0,2,0.0,,
13,Kids,2,3,1,1,1,1,1,1,1,1,1.0,,
13,Kids,3,5,1,1,2,0,1,1,1,1,,1.0,1.0
13,Kids,3,5,1,2,3,0,1,1,1,1,,1.0,1.0
13,Kids,3,5,1,4,1,0,3,2,0,3,,1.0,0.0
13,Kids,3,5,1,5,3,1,3,3,1,3,1.0,,
13,Kids,4,4,1,1,2,0,1,1,1,1,,1.0,1.0
13,Kids,4,4,1,4,2,0,3,2,0,3,,0.0,0.0
13,Kids,4,4,1,2,1,0,2,1,0,2,,0.0,0.0
13,Kids,5,3,2,1,3,0,1,2,0,1,,1.0,0.0
13,Kids,5,3,2,2,1,0,2,2,1,2,,1.0,1.0
13,Kids,6,5,2,2,1,1,1,1,1,1,1.0,,
13,Kids,6,5,2,1,3,0,1,2,0,1,,1.0,0.0
13,Kids,6,5,2,3,3,0,2,3,0,2,,0.0,0.0
13,Kids,6,5,2,5,3,1,3,2,0,3,0.0,,
13,Kids,6,5,2,4,2,1,2,1,0,2,0.0,,
13,Kids,7,2,2,2,3,1,3,3,1,3,1.0,,
13,Kids,8,3,3,2,3,0,2,2,1,2,,1.0,1.0
13,Kids,8,3,3,1,2,0,1,2,0,1,,0.0,0.0
13,Kids,8,3,3,3,3,1,3,1,0,3,0.0,,
13,Kids,9,5,3,4,3,1,3,1,0,3,0.0,,
13,Kids,9,5,3,1,2,0,1,3,0,1,,1.0,0.0
13,Kids,9,5,3,2,2,1,2,2,1,2,1.0,,
13,Kids,9,5,3,5,1,0,3,3,1,3,,1.0,1.0
13,Kids,9,5,3,3,1,0,2,3,0,2,,1.0,0.0
13,Kids,10,4,2,3,2,1,2,3,0,2,0.0,,
13,Kids,10,4,2,1,3,0,1,1,1,1,,1.0,1.0
16,Kids,1,2,1,1,2,1,2,3,0,2,0.0,,
16,Kids,1,2,1,2,1,0,3,3,1,3,,1.0,1.0
16,Kids,2,3,1,2,3,1,3,3,1,3,1.0,,
16,Kids,2,3,1,1,2,0,1,3,0,1,,1.0,0.0
16,Kids,2,3,1,3,1,0,3,2,0,3,,1.0,0.0
16,Kids,3,4,1,4,2,0,3,3,1,3,,1.0,1.0
16,Kids,3,4,1,1,1,1,1,2,0,1,0.0,,
16,Kids,3,4,1,2,3,0,2,3,0,2,,0.0,0.0
16,Kids,3,4,1,3,2,1,2,2,1,2,1.0,,
16,Kids,4,5,1,2,1,1,1,1,1,1,1.0,,
16,Kids,4,5,1,3,3,0,2,3,0,2,,0.0,0.0
16,Kids,4,5,1,5,2,0,3,2,0,3,,0.0,0.0
16,Kids,4,5,1,1,3,0,1,1,1,1,,1.0,1.0
16,Kids,4,5,1,4,2,1,2,2,1,2,1.0,,
16,Kids,5,3,2,3,3,1,3,3,1,3,1.0,,
16,Kids,5,3,2,1,2,0,1,2,0,1,,0.0,0.0
16,Kids,5,3,2,2,1,0,2,2,1,2,,1.0,1.0
16,Kids,6,5,2,4,1,0,3,1,0,3,,0.0,0.0
16,Kids,6,5,2,2,1,1,1,1,1,1,1.0,,
16,Kids,6,5,2,1,1,1,1,1,1,1,1.0,,
16,Kids,6,5,2,5,3,1,3,3,1,3,1.0,,
16,Kids,6,5,2,3,3,0,2,3,0,2,,0.0,0.0
16,Kids,7,2,2,1,1,1,1,1,1,1,1.0,,
16,Kids,7,2,2,2,3,0,2,2,1,2,,1.0,1.0
16,Kids,8,3,3,3,3,1,3,3,1,3,1.0,,
16,Kids,8,3,3,1,3,0,1,3,0,1,,0.0,0.0
16,Kids,8,3,3,2,1,0,2,3,0,2,,1.0,0.0
16,Kids,9,4,2,3,1,0,2,2,1,2,,1.0,1.0
16,Kids,9,4,2,4,1,0,3,3,1,3,,1.0,1.0
16,Kids,9,4,2,2,1,1,1,1,1,1,1.0,,
16,Kids,9,4,2,1,3,0,1,1,1,1,,1.0,1.0
16,Kids,10,5,3,4,1,0,3,3,1,3,,1.0,1.0
16,Kids,10,5,3,2,1,0,2,3,0,2,,1.0,0.0
16,Kids,10,5,3,5,1,0,3,3,1,3,,1.0,1.0
16,Kids,10,5,3,3,1,0,2,3,0,2,,1.0,0.0
16,Kids,10,5,3,1,1,1,1,1,1,1,1.0,,
17,Kids,1,2,1,1,3,0,1,1,1,1,,1.0,1.0
17,Kids,1,2,1,2,2,1,2,2,1,2,1.0,,
17,Kids,2,3,1,3,3,1,3,3,1,3,1.0,,
17,Kids,2,3,1,1,1,0,2,2,1,2,,1.0,1.0
17,Kids,3,4,1,3,3,0,2,2,1,2,,1.0,1.0
17,Kids,3,4,1,2,1,1,1,1,1,1,1.0,,
17,Kids,3,4,1,4,2,0,3,3,1,3,,1.0,1.0
17,Kids,3,4,1,1,1,1,1,1,1,1,1.0,,
17,Kids,4,5,1,1,2,0,1,2,0,1,,0.0,0.0
17,Kids,4,5,1,2,1,1,1,1,1,1,1.0,,
17,Kids,4,5,1,3,1,0,2,1,0,2,,0.0,0.0
17,Kids,4,5,1,5,3,1,3,2,0,3,0.0,,
17,Kids,4,5,1,4,2,0,3,3,1,3,,1.0,1.0
17,Kids,5,3,2,1,3,0,1,2,0,1,,1.0,0.0
17,Kids,5,3,2,2,3,0,2,1,0,2,,1.0,0.0
17,Kids,5,3,2,3,1,0,3,3,1,3,,1.0,1.0
17,Kids,6,5,2,2,3,0,2,3,0,2,,0.0,0.0
17,Kids,6,5,2,1,3,0,1,2,0,1,,1.0,0.0
17,Kids,6,5,2,4,3,1,3,3,1,3,1.0,,
17,Kids,6,5,2,5,2,0,3,1,0,3,,1.0,0.0
17,Kids,6,5,2,3,1,0,2,1,0,2,,0.0,0.0
17,Kids,7,2,2,2,1,0,3,3,1,3,,1.0,1.0
17,Kids,7,2,2,1,2,0,1,2,0,1,,0.0,0.0
17,Kids,8,3,3,1,2,0,1,1,1,1,,1.0,1.0
17,Kids,8,3,3,3,3,1,3,3,1,3,1.0,,
17,Kids,8,3,3,2,1,0,2,2,1,2,,1.0,1.0
17,Kids,9,4,2,1,3,0,1,1,1,1,,1.0,1.0
17,Kids,9,4,2,3,3,1,3,2,0,3,0.0,,
17,Kids,9,4,2,4,2,0,3,3,1,3,,1.0,1.0
17,Kids,9,4,2,2,3,0,2,1,0,2,,1.0,0.0
17,Kids,10,5,3,3,2,1,2,2,1,2,1.0,,
17,Kids,10,5,3,2,3,0,1,1,1,1,,1.0,1.0
17,Kids,10,5,3,5,3,1,3,3,1,3,1.0,,
17,Kids,10,5,3,1,1,1,1,3,0,1,0.0,,
17,Kids,10,5,3,4,1,0,2,3,0,2,,1.0,0.0
18,Kids,1,2,1,2,2,1,2,2,1,2,1.0,,
18,Kids,1,2,1,1,1,1,1,1,1,1,1.0,,
18,Kids,2,4,1,3,2,1,2,2,1,2,1.0,,
18,Kids,2,4,1,4,3,1,3,3,1,3,1.0,,
18,Kids,2,4,1,2,1,0,2,3,0,2,,1.0,0.0
18,Kids,2,4,1,1,2,0,1,3,0,1,,1.0,0.0
18,Kids,3,3,1,2,2,0,1,1,1,1,,1.0,1.0
18,Kids,3,3,1,3,2,0,3,3,1,3,,1.0,1.0
18,Kids,3,3,1,1,2,0,1,3,0,1,,1.0,0.0
18,Kids,4,5,1,3,2,1,2,2,1,2,1.0,,
18,Kids,4,5,1,5,3,1,3,1,0,3,0.0,,
18,Kids,4,5,1,1,1,1,1,1,1,1,1.0,,
18,Kids,4,5,1,4,2,0,3,3,1,3,,1.0,1.0
18,Kids,4,5,1,2,1,0,2,3,0,2,,1.0,0.0
18,Kids,5,3,2,1,2,0,1,1,1,1,,1.0,1.0
18,Kids,5,3,2,2,2,1,2,2,1,2,1.0,,
18,Kids,5,3,2,3,3,1,3,3,1,3,1.0,,
18,Kids,6,5,2,2,2,0,1,3,0,1,,1.0,0.0
18,Kids,6,5,2,5,2,0,3,3,1,3,,1.0,1.0
18,Kids,6,5,2,4,2,0,3,1,0,3,,1.0,0.0
18,Kids,6,5,2,3,2,1,2,2,1,2,1.0,,
18,Kids,6,5,2,1,2,0,1,3,0,1,,1.0,0.0
18,Kids,7,2,2,2,2,0,3,3,1,3,,1.0,1.0
18,Kids,7,2,2,1,2,1,2,2,1,2,1.0,,
18,Kids,8,4,2,1,2,0,1,1,1,1,,1.0,1.0
18,Kids,8,4,2,3,2,0,3,1,0,3,,1.0,0.0
18,Kids,8,4,2,2,2,1,2,2,1,2,1.0,,
18,Kids,8,4,2,4,3,1,3,3,1,3,1.0,,
18,Kids,9,3,3,1,2,0,1,1,1,1,,1.0,1.0
18,Kids,9,3,3,3,2,0,3,3,1,3,,1.0,1.0
18,Kids,9,3,3,2,2,1,2,2,1,2,1.0,,
18,Kids,10,5,3,4,2,1,2,2,1,2,1.0,,
18,Kids,10,5,3,1,3,0,1,1,1,1,,1.0,1.0
18,Kids,10,5,3,5,1,0,3,3,1,3,,1.0,1.0
18,Kids,10,5,3,3,3,0,2,2,1,2,,1.0,1.0
18,Kids,10,5,3,2,1,1,1,1,1,1,1.0,,
19,Kids,1,2,1,2,2,1,2,2,1,2,1.0,,
19,Kids,1,2,1,1,1,1,1,1,1,1,1.0,,
19,Kids,2,3,1,2,2,0,1,1,1,1,,1.0,1.0
19,Kids,2,3,1,3,2,0,3,3,1,3,,1.0,1.0
19,Kids,2,3,1,1,2,0,1,3,0,1,,1.0,0.0
19,Kids,3,4,1,3,2,1,2,2,1,2,1.0,,
19,Kids,3,4,1,1,3,0,1,1,1,1,,1.0,1.0
19,Kids,3,4,1,4,1,0,3,2,0,3,,1.0,0.0
19,Kids,3,4,1,2,3,0,2,1,0,2,,1.0,0.0
19,Kids,4,5,1,1,2,0,1,2,0,1,,0.0,0.0
19,Kids,4,5,1,5,3,1,3,3,1,3,1.0,,
19,Kids,4,5,1,4,1,0,3,1,0,3,,0.0,0.0
19,Kids,4,5,1,3,2,1,2,2,1,2,1.0,,
19,Kids,4,5,1,2,3,0,2,1,0,2,,1.0,0.0
19,Kids,5,3,2,1,2,0,1,1,1,1,,1.0,1.0
19,Kids,5,3,2,3,2,0,3,1,0,3,,1.0,0.0
19,Kids,5,3,2,2,2,1,2,2,1,2,1.0,,
19,Kids,6,5,2,1,2,0,1,3,0,1,,1.0,0.0
19,Kids,6,5,2,4,2,0,3,3,1,3,,1.0,1.0
19,Kids,6,5,2,5,2,0,3,1,0,3,,1.0,0.0
19,Kids,6,5,2,2,2,0,1,1,1,1,,1.0,1.0
19,Kids,6,5,2,3,1,0,2,2,1,2,,1.0,1.0
19,Kids,7,2,2,1,2,1,2,2,1,2,1.0,,
19,Kids,7,2,2,2,3,1,3,3,1,3,1.0,,
19,Kids,8,3,3,2,3,0,2,2,1,2,,1.0,1.0
19,Kids,8,3,3,1,3,0,1,1,1,1,,1.0,1.0
19,Kids,8,3,3,3,3,1,3,3,1,3,1.0,,
19,Kids,9,4,2,3,2,0,3,1,0,3,,1.0,0.0
19,Kids,9,4,2,1,3,0,1,2,0,1,,1.0,0.0
19,Kids,9,4,2,2,1,0,2,2,1,2,,1.0,1.0
19,Kids,9,4,2,4,3,1,3,3,1,3,1.0,,
19,Kids,10,5,3,4,2,1,2,2,1,2,1.0,,
19,Kids,10,5,3,1,3,0,1,2,0,1,,1.0,0.0
19,Kids,10,5,3,5,3,1,3,1,0,3,0.0,,
19,Kids,10,5,3,3,1,0,2,3,0,2,,1.0,0.0
19,Kids,10,5,3,2,3,0,1,1,1,1,,1.0,1.0
23,Kids,1,2,1,1,3,0,2,2,1,2,,1.0,1.0
23,Kids,1,2,1,2,1,0,3,3,1,3,,1.0,1.0
23,Kids,2,3,1,2,1,0,2,2,1,2,,1.0,1.0
23,Kids,2,3,1,3,3,0,2,3,0,2,,0.0,0.0
23,Kids,2,3,1,1,1,1,1,1,1,1,1.0,,
23,Kids,3,5,1,3,3,0,2,1,0,2,,1.0,0.0
23,Kids,3,5,1,1,3,0,1,1,1,1,,1.0,1.0
23,Kids,3,5,1,2,3,0,1,1,1,1,,1.0,1.0
23,Kids,3,5,1,4,3,1,3,3,1,3,1.0,,
23,Kids,3,5,1,5,3,1,3,3,1,3,1.0,,
23,Kids,4,4,1,3,3,1,3,3,1,3,1.0,,
23,Kids,4,4,1,1,3,0,1,3,0,1,,0.0,0.0
23,Kids,4,4,1,4,3,1,3,3,1,3,1.0,,
23,Kids,4,4,1,2,3,0,2,1,0,2,,1.0,0.0
23,Kids,5,3,2,3,2,0,3,1,0,3,,1.0,0.0
23,Kids,5,3,2,1,2,0,1,1,1,1,,1.0,1.0
23,Kids,5,3,2,2,2,1,2,2,1,2,1.0,,
23,Kids,6,5,2,2,3,0,1,1,1,1,,1.0,1.0
23,Kids,6,5,2,1,3,0,1,1,1,1,,1.0,1.0
23,Kids,6,5,2,3,3,0,2,1,0,2,,1.0,0.0
23,Kids,6,5,2,5,3,1,3,3,1,3,1.0,,
23,Kids,6,5,2,4,3,0,2,1,0,2,,1.0,0.0
23,Kids,7,2,2,1,1,1,1,1,1,1,1.0,,
23,Kids,7,2,2,2,1,0,3,2,0,3,,1.0,0.0
23,Kids,8,3,3,2,1,0,2,3,0,2,,1.0,0.0
23,Kids,8,3,3,1,1,1,1,3,0,1,0.0,,
23,Kids,8,3,3,3,1,0,3,3,1,3,,1.0,1.0
23,Kids,9,5,3,4,3,1,3,2,0,3,0.0,,
23,Kids,9,5,3,1,3,0,1,2,0,1,,1.0,0.0
23,Kids,9,5,3,2,3,0,2,2,1,2,,1.0,1.0
23,Kids,9,5,3,5,3,1,3,3,1,3,1.0,,
23,Kids,9,5,3,3,3,0,2,2,1,2,,1.0,1.0
23,Kids,10,4,2,2,1,1,1,1,1,1,1.0,,
23,Kids,10,4,2,3,1,0,2,1,0,2,,0.0,0.0
23,Kids,10,4,2,1,1,1,1,1,1,1,1.0,,
23,Kids,10,4,2,4,1,0,3,3,1,3,,1.0,1.0
24,Kids,1,2,1,2,2,0,3,3,1,3,,1.0,1.0
24,Kids,1,2,1,1,1,1,1,1,1,1,1.0,,
24,Kids,2,3,1,2,3,0,1,1,1,1,,1.0,1.0
24,Kids,2,3,1,3,1,0,2,1,0,2,,0.0,0.0
24,Kids,2,3,1,1,2,0,1,1,1,1,,1.0,1.0
24,Kids,3,5,1,3,3,0,2,1,0,2,,1.0,0.0
24,Kids,3,5,1,1,1,1,1,1,1,1,1.0,,
24,Kids,3,5,1,4,2,0,3,3,1,3,,1.0,1.0
24,Kids,3,5,1,2,2,1,2,2,1,2,1.0,,
24,Kids,3,5,1,5,3,1,3,3,1,3,1.0,,
24,Kids,4,4,1,4,3,1,3,3,1,3,1.0,,
24,Kids,4,4,1,2,3,0,2,2,1,2,,1.0,1.0
24,Kids,4,4,1,3,1,0,3,2,0,3,,1.0,0.0
24,Kids,4,4,1,1,2,0,1,3,0,1,,1.0,0.0
24,Kids,5,3,2,3,3,1,3,3,1,3,1.0,,
24,Kids,5,3,2,2,1,0,2,2,1,2,,1.0,1.0
24,Kids,5,3,2,1,1,1,1,1,1,1,1.0,,
24,Kids,6,5,2,3,1,0,2,2,1,2,,1.0,1.0
24,Kids,6,5,2,4,1,0,2,2,1,2,,1.0,1.0
24,Kids,6,5,2,2,1,1,1,1,1,1,1.0,,
24,Kids,6,5,2,1,2,0,1,3,0,1,,1.0,0.0
24,Kids,6,5,2,5,3,1,3,3,1,3,1.0,,
24,Kids,7,2,2,1,3,0,2,3,0,2,,0.0,0.0
24,Kids,7,2,2,2,3,1,3,3,1,3,1.0,,
24,Kids,8,3,3,3,1,0,3,2,0,3,,1.0,0.0
24,Kids,8,3,3,1,1,1,1,1,1,1,1.0,,
24,Kids,8,3,3,2,1,0,2,3,0,2,,1.0,0.0
24,Kids,9,5,3,3,1,0,2,2,1,2,,1.0,1.0
24,Kids,9,5,3,5,1,0,3,2,0,3,,1.0,0.0
24,Kids,9,5,3,2,1,1,1,1,1,1,1.0,,
24,Kids,9,5,3,4,1,0,3,2,0,3,,1.0,0.0
24,Kids,9,5,3,1,1,1,1,3,0,1,0.0,,
24,Kids,10,4,2,4,2,0,3,2,0,3,,0.0,0.0
24,Kids,10,4,2,1,2,0,1,1,1,1,,1.0,1.0
24,Kids,10,4,2,2,3,0,2,3,0,2,,0.0,0.0
24,Kids,10,4,2,3,2,1,2,2,1,2,1.0,,
27,Kids,1,2,1,1,2,0,1,1,1,1,,1.0,1.0
27,Kids,1,2,1,2,1,0,2,2,1,2,,1.0,1.0
27,Kids,2,3,1,3,2,0,3,1,0,3,,1.0,0.0
27,Kids,2,3,1,2,3,0,2,3,0,2,,0.0,0.0
27,Kids,2,3,1,1,2,1,2,2,1,2,1.0,,
27,Kids,3,4,1,3,2,1,2,2,1,2,1.0,,
27,Kids,3,4,1,2,3,0,1,2,0,1,,1.0,0.0
27,Kids,3,4,1,4,1,0,3,2,0,3,,1.0,0.0
27,Kids,3,4,1,1,2,0,1,3,0,1,,1.0,0.0
27,Kids,4,5,1,1,2,0,1,2,0,1,,0.0,0.0
27,Kids,4,5,1,2,2,0,1,3,0,1,,1.0,0.0
27,Kids,4,5,1,3,2,1,2,1,0,2,0.0,,
27,Kids,4,5,1,5,2,0,3,1,0,3,,1.0,0.0
27,Kids,4,5,1,4,3,1,3,3,1,3,1.0,,
27,Kids,5,3,2,1,2,0,1,1,1,1,,1.0,1.0
27,Kids,5,3,2,2,2,1,2,2,1,2,1.0,,
27,Kids,5,3,2,3,1,0,3,3,1,3,,1.0,1.0
27,Kids,6,5,2,2,2,1,2,2,1,2,1.0,,
27,Kids,6,5,2,1,1,1,1,2,0,1,0.0,,
27,Kids,6,5,2,4,2,0,3,3,1,3,,1.0,1.0
27,Kids,6,5,2,5,1,0,3,1,0,3,,0.0,0.0
27,Kids,6,5,2,3,2,1,2,2,1,2,1.0,,
27,Kids,7,2,2,2,2,0,3,1,0,3,,1.0,0.0
27,Kids,7,2,2,1,3,0,1,2,0,1,,1.0,0.0
27,Kids,8,3,3,1,2,0,1,3,0,1,,1.0,0.0
27,Kids,8,3,3,3,2,0,3,3,1,3,,1.0,1.0
27,Kids,8,3,3,2,2,1,2,2,1,2,1.0,,
27,Kids,9,4,2,1,3,0,1,3,0,1,,0.0,0.0
27,Kids,9,4,2,3,2,0,3,3,1,3,,1.0,1.0
27,Kids,9,4,2,4,3,1,3,3,1,3,1.0,,
27,Kids,9,4,2,2,3,0,2,3,0,2,,0.0,0.0
27,Kids,10,5,3,3,2,1,2,2,1,2,1.0,,
27,Kids,10,5,3,2,3,0,1,1,1,1,,1.0,1.0
27,Kids,10,5,3,5,1,0,3,3,1,3,,1.0,1.0
27,Kids,10,5,3,1,3,0,1,2,0,1,,1.0,0.0
27,Kids,10,5,3,4,3,0,2,1,0,2,,1.0,0.0
29,Kids,1,2,1,2,3,0,2,2,1,2,,1.0,1.0
29,Kids,1,2,1,1,2,0,1,1,1,1,,1.0,1.0
29,Kids,2,3,1,2,3,0,1,2,0,1,,1.0,0.0
29,Kids,2,3,1,3,3,1,3,3,1,3,1.0,,
29,Kids,2,3,1,1,3,0,1,1,1,1,,1.0,1.0
29,Kids,3,4,1,3,1,0,2,1,0,2,,0.0,0.0
29,Kids,3,4,1,1,3,0,1,1,1,1,,1.0,1.0
29,Kids,3,4,1,4,2,0,3,1,0,3,,1.0,0.0
29,Kids,3,4,1,2,3,0,2,3,0,2,,0.0,0.0
29,Kids,4,5,1,1,1,1,1,1,1,1,1.0,,
29,Kids,4,5,1,5,2,0,3,3,1,3,,1.0,1.0
29,Kids,4,5,1,4,3,1,3,3,1,3,1.0,,
29,Kids,4,5,1,3,2,1,2,2,1,2,1.0,,
29,Kids,4,5,1,2,2,1,2,2,1,2,1.0,,
29,Kids,5,3,2,1,1,1,1,1,1,1,1.0,,
29,Kids,5,3,2,3,3,1,3,3,1,3,1.0,,
29,Kids,5,3,2,2,2,1,2,3,0,2,0.0,,
29,Kids,6,5,2,1,3,0,1,2,0,1,,1.0,0.0
29,Kids,6,5,2,4,3,1,3,1,0,3,0.0,,
29,Kids,6,5,2,5,2,0,3,1,0,3,,1.0,0.0
29,Kids,6,5,2,2,3,0,1,1,1,1,,1.0,1.0
29,Kids,6,5,2,3,1,0,2,2,1,2,,1.0,1.0
29,Kids,7,2,2,1,1,0,2,2,1,2,,1.0,1.0
29,Kids,7,2,2,2,2,0,3,1,0,3,,1.0,0.0
29,Kids,8,3,3,2,1,0,2,2,1,2,,1.0,1.0
29,Kids,8,3,3,1,1,1,1,1,1,1,1.0,,
29,Kids,8,3,3,3,3,1,3,3,1,3,1.0,,
29,Kids,9,4,2,3,3,1,3,3,1,3,1.0,,
29,Kids,9,4,2,1,1,1,1,1,1,1,1.0,,
29,Kids,9,4,2,2,2,1,2,2,1,2,1.0,,
29,Kids,9,4,2,4,3,1,3,3,1,3,1.0,,
29,Kids,10,5,3,4,1,0,2,3,0,2,,1.0,0.0
29,Kids,10,5,3,1,2,0,1,3,0,1,,1.0,0.0
29,Kids,10,5,3,5,3,1,3,3,1,3,1.0,,
29,Kids,10,5,3,3,1,0,2,1,0,2,,0.0,0.0
29,Kids,10,5,3,2,1,1,1,1,1,1,1.0,,
31,Kids,1,2,1,2,3,0,2,1,0,2,,1.0,0.0
31,Kids,1,2,1,1,2,0,1,3,0,1,,1.0,0.0
31,Kids,2,3,1,2,3,0,2,3,0,2,,0.0,0.0
31,Kids,2,3,1,1,2,1,2,2,1,2,1.0,,
31,Kids,2,3,1,3,1,0,3,1,0,3,,0.0,0.0
31,Kids,3,4,1,4,3,1,3,3,1,3,1.0,,
31,Kids,3,4,1,2,2,0,1,2,0,1,,0.0,0.0
31,Kids,3,4,1,3,1,0,2,2,1,2,,1.0,1.0
31,Kids,3,4,1,1,2,0,1,1,1,1,,1.0,1.0
31,Kids,4,5,1,2,3,0,1,2,0,1,,1.0,0.0
31,Kids,4,5,1,3,2,1,2,1,0,2,0.0,,
31,Kids,4,5,1,1,1,1,1,1,1,1,1.0,,
31,Kids,4,5,1,4,2,0,3,3,1,3,,1.0,1.0
31,Kids,4,5,1,5,3,1,3,3,1,3,1.0,,
31,Kids,5,3,2,2,3,0,2,3,0,2,,0.0,0.0
31,Kids,5,3,2,3,2,0,3,2,0,3,,0.0,0.0
31,Kids,5,3,2,1,1,1,1,1,1,1,1.0,,
31,Kids,6,5,2,2,1,0,2,1,0,2,,0.0,0.0
31,Kids,6,5,2,3,2,1,2,2,1,2,1.0,,
31,Kids,6,5,2,4,3,1,3,3,1,3,1.0,,
31,Kids,6,5,2,5,1,0,3,3,1,3,,1.0,1.0
31,Kids,6,5,2,1,2,0,1,2,0,1,,0.0,0.0
31,Kids,7,2,2,1,3,0,1,3,0,1,,0.0,0.0
31,Kids,7,2,2,2,1,0,3,2,0,3,,1.0,0.0
31,Kids,8,3,3,1,1,1,1,1,1,1,1.0,,
31,Kids,8,3,3,3,2,0,3,3,1,3,,1.0,1.0
31,Kids,8,3,3,2,3,0,2,2,1,2,,1.0,1.0
31,Kids,9,4,2,1,1,1,1,1,1,1,1.0,,
31,Kids,9,4,2,3,3,1,3,1,0,3,0.0,,
31,Kids,9,4,2,2,2,1,2,2,1,2,1.0,,
31,Kids,9,4,2,4,3,1,3,3,1,3,1.0,,
31,Kids,10,5,3,2,1,1,1,2,0,1,0.0,,
31,Kids,10,5,3,4,3,0,2,2,1,2,,1.0,1.0
31,Kids,10,5,3,1,2,0,1,2,0,1,,0.0,0.0
31,Kids,10,5,3,5,1,0,3,3,1,3,,1.0,1.0
31,Kids,10,5,3,3,3,0,2,3,0,2,,0.0,0.0
32,Kids,1,2,1,1,3,0,1,1,1,1,,1.0,1.0
32,Kids,1,2,1,2,2,0,3,1,0,3,,1.0,0.0
32,Kids,2,3,1,2,2,0,1,3,0,1,,1.0,0.0
32,Kids,2,3,1,3,1,0,2,3,0,2,,1.0,0.0
32,Kids,2,3,1,1,2,0,1,1,1,1,,1.0,1.0
32,Kids,3,5,1,4,3,1,3,3,1,3,1.0,,
32,Kids,3,5,1,1,2,0,1,1,1,1,,1.0,1.0
32,Kids,3,5,1,2,2,1,2,2,1,2,1.0,,
32,Kids,3,5,1,3,1,0,2,2,1,2,,1.0,1.0
32,Kids,3,5,1,5,3,1,3,3,1,3,1.0,,
32,Kids,4,4,1,1,2,0,1,1,1,1,,1.0,1.0
32,Kids,4,4,1,2,1,0,2,2,1,2,,1.0,1.0
32,Kids,4,4,1,4,3,1,3,3,1,3,1.0,,
32,Kids,4,4,1,3,2,0,3,3,1,3,,1.0,1.0
32,Kids,5,3,2,1,1,1,1,1,1,1,1.0,,
32,Kids,5,3,2,2,2,1,2,2,1,2,1.0,,
32,Kids,5,3,2,3,1,0,3,2,0,3,,1.0,0.0
32,Kids,6,5,2,2,1,1,1,1,1,1,1.0,,
32,Kids,6,5,2,1,3,0,1,2,0,1,,1.0,0.0
32,Kids,6,5,2,4,2,1,2,2,1,2,1.0,,
32,Kids,6,5,2,3,3,0,2,2,1,2,,1.0,1.0
32,Kids,6,5,2,5,3,1,3,2,0,3,0.0,,
32,Kids,7,2,2,1,3,0,2,2,1,2,,1.0,1.0
32,Kids,7,2,2,2,2,0,3,1,0,3,,1.0,0.0
32,Kids,8,3,3,3,1,0,3,3,1,3,,1.0,1.0
32,Kids,8,3,3,2,2,1,2,2,1,2,1.0,,
32,Kids,8,3,3,1,3,0,1,1,1,1,,1.0,1.0
32,Kids,9,5,3,4,3,1,3,3,1,3,1.0,,
32,Kids,9,5,3,1,3,0,1,2,0,1,,1.0,0.0
32,Kids,9,5,3,5,1,0,3,2,0,3,,1.0,0.0
32,Kids,9,5,3,2,3,0,1,1,1,1,,1.0,1.0
32,Kids,9,5,3,3,3,0,2,1,0,2,,1.0,0.0
32,Kids,10,4,2,4,2,0,3,2,0,3,,0.0,0.0
32,Kids,10,4,2,2,3,0,2,2,1,2,,1.0,1.0
32,Kids,10,4,2,3,1,0,2,3,0,2,,1.0,0.0
32,Kids,10,4,2,1,1,1,1,1,1,1,1.0,,
33,Kids,1,2,1,1,1,0,2,2,1,2,,1.0,1.0
33,Kids,1,2,1,2,3,1,3,3,1,3,1.0,,
33,Kids,2,3,1,2,3,0,2,3,0,2,,0.0,0.0
33,Kids,2,3,1,3,2,1,2,2,1,2,1.0,,
33,Kids,2,3,1,1,1,1,1,1,1,1,1.0,,
33,Kids,3,5,1,3,3,0,2,3,0,2,,0.0,0.0
33,Kids,3,5,1,1,1,1,1,1,1,1,1.0,,
33,Kids,3,5,1,2,2,0,1,1,1,1,,1.0,1.0
33,Kids,3,5,1,4,3,1,3,3,1,3,1.0,,
33,Kids,3,5,1,5,2,0,3,2,0,3,,0.0,0.0
33,Kids,4,4,1,3,1,0,3,3,1,3,,1.0,1.0
33,Kids,4,4,1,1,3,0,1,1,1,1,,1.0,1.0
33,Kids,4,4,1,4,1,0,3,2,0,3,,1.0,0.0
33,Kids,4,4,1,2,2,1,2,1,0,2,0.0,,
33,Kids,5,3,2,3,2,0,3,3,1,3,,1.0,1.0
33,Kids,5,3,2,1,1,1,1,1,1,1,1.0,,
33,Kids,5,3,2,2,1,0,2,2,1,2,,1.0,1.0
33,Kids,6,5,2,2,3,0,1,3,0,1,,0.0,0.0
33,Kids,6,5,2,1,1,1,1,1,1,1,1.0,,
33,Kids,6,5,2,3,2,1,2,2,1,2,1.0,,
33,Kids,6,5,2,5,3,1,3,3,1,3,1.0,,
33,Kids,6,5,2,4,2,1,2,2,1,2,1.0,,
33,Kids,7,2,2,1,1,1,1,1,1,1,1.0,,
33,Kids,7,2,2,2,3,1,3,3,1,3,1.0,,
33,Kids,8,3,3,2,1,0,2,2,1,2,,1.0,1.0
33,Kids,8,3,3,1,2,0,1,1,1,1,,1.0,1.0
33,Kids,8,3,3,3,3,1,3,3,1,3,1.0,,
33,Kids,9,5,3,4,3,1,3,1,0,3,0.0,,
33,Kids,9,5,3,1,2,0,1,2,0,1,,0.0,0.0
33,Kids,9,5,3,2,1,0,2,3,0,2,,1.0,0.0
33,Kids,9,5,3,5,2,0,3,3,1,3,,1.0,1.0
33,Kids,9,5,3,3,1,0,2,3,0,2,,1.0,0.0
33,Kids,10,4,2,2,1,1,1,3,0,1,0.0,,
33,Kids,10,4,2,3,3,0,2,2,1,2,,1.0,1.0
33,Kids,10,4,2,1,2,0,1,3,0,1,,1.0,0.0
33,Kids,10,4,2,4,3,1,3,2,0,3,0.0,,
35,Kids,1,2,1,1,3,0,1,1,1,1,,1.0,1.0
35,Kids,1,2,1,2,2,1,2,2,1,2,1.0,,
35,Kids,2,3,1,2,3,0,2,2,1,2,,1.0,1.0
35,Kids,2,3,1,1,1,0,2,1,0,2,,0.0,0.0
35,Kids,2,3,1,3,2,0,3,1,0,3,,1.0,0.0
35,Kids,3,4,1,4,3,1,3,3,1,3,1.0,,
35,Kids,3,4,1,1,1,1,1,1,1,1,1.0,,
35,Kids,3,4,1,2,2,0,1,2,0,1,,0.0,0.0
35,Kids,3,4,1,3,3,0,2,3,0,2,,0.0,0.0
35,Kids,4,5,1,4,3,1,3,3,1,3,1.0,,
35,Kids,4,5,1,3,1,0,2,1,0,2,,0.0,0.0
35,Kids,4,5,1,2,2,0,1,1,1,1,,1.0,1.0
35,Kids,4,5,1,1,1,1,1,1,1,1,1.0,,
35,Kids,4,5,1,5,2,0,3,1,0,3,,1.0,0.0
35,Kids,5,3,2,1,3,0,1,1,1,1,,1.0,1.0
35,Kids,5,3,2,2,1,0,2,3,0,2,,1.0,0.0
35,Kids,5,3,2,3,3,1,3,2,0,3,0.0,,
35,Kids,6,5,2,1,3,0,1,3,0,1,,0.0,0.0
35,Kids,6,5,2,4,1,0,3,3,1,3,,1.0,1.0
35,Kids,6,5,2,5,2,0,3,3,1,3,,1.0,1.0
35,Kids,6,5,2,2,3,0,2,2,1,2,,1.0,1.0
35,Kids,6,5,2,3,3,0,2,1,0,2,,1.0,0.0
35,Kids,7,2,2,1,1,1,1,1,1,1,1.0,,
35,Kids,7,2,2,2,3,1,3,3,1,3,1.0,,
35,Kids,8,3,3,3,3,1,3,3,1,3,1.0,,
35,Kids,8,3,3,2,2,1,2,2,1,2,1.0,,
35,Kids,8,3,3,1,1,1,1,2,0,1,0.0,,
35,Kids,9,4,2,1,1,1,1,1,1,1,1.0,,
35,Kids,9,4,2,4,2,0,3,2,0,3,,0.0,0.0
35,Kids,9,4,2,2,3,0,2,2,1,2,,1.0,1.0
35,Kids,9,4,2,3,2,0,3,2,0,3,,0.0,0.0
35,Kids,10,5,3,2,2,0,1,2,0,1,,0.0,0.0
35,Kids,10,5,3,1,3,0,1,2,0,1,,1.0,0.0
35,Kids,10,5,3,4,1,0,2,2,1,2,,1.0,1.0
35,Kids,10,5,3,3,3,0,2,1,0,2,,1.0,0.0
35,Kids,10,5,3,5,3,1,3,3,1,3,1.0,,
41,Kids,1,2,1,2,3,0,2,1,0,2,,1.0,0.0
41,Kids,1,2,1,1,2,0,1,1,1,1,,1.0,1.0
41,Kids,2,3,1,2,3,0,2,1,0,2,,1.0,0.0
41,Kids,2,3,1,1,2,1,2,2,1,2,1.0,,
41,Kids,2,3,1,3,1,0,3,3,1,3,,1.0,1.0
41,Kids,3,4,1,4,1,0,3,2,0,3,,1.0,0.0
41,Kids,3,4,1,2,1,1,1,3,0,1,0.0,,
41,Kids,3,4,1,3,1,0,2,2,1,2,,1.0,1.0
41,Kids,3,4,1,1,2,0,1,1,1,1,,1.0,1.0
41,Kids,4,5,1,2,1,1,1,2,0,1,0.0,,
41,Kids,4,5,1,3,2,1,2,2,1,2,1.0,,
41,Kids,4,5,1,1,3,0,1,2,0,1,,1.0,0.0
41,Kids,4,5,1,4,3,1,3,1,0,3,0.0,,
41,Kids,4,5,1,5,2,0,3,1,0,3,,1.0,0.0
41,Kids,5,3,2,2,2,1,2,2,1,2,1.0,,
41,Kids,5,3,2,3,2,0,3,3,1,3,,1.0,1.0
41,Kids,5,3,2,1,3,0,1,1,1,1,,1.0,1.0
41,Kids,6,5,2,2,2,1,2,2,1,2,1.0,,
41,Kids,6,5,2,3,3,0,2,3,0,2,,0.0,0.0
41,Kids,6,5,2,4,3,1,3,1,0,3,0.0,,
41,Kids,6,5,2,5,2,0,3,1,0,3,,1.0,0.0
41,Kids,6,5,2,1,3,0,1,3,0,1,,0.0,0.0
41,Kids,7,2,2,1,3,0,1,1,1,1,,1.0,1.0
41,Kids,7,2,2,2,1,0,3,2,0,3,,1.0,0.0
41,Kids,8,3,3,1,2,0,1,3,0,1,,1.0,0.0
41,Kids,8,3,3,3,2,0,3,3,1,3,,1.0,1.0
41,Kids,8,3,3,2,2,1,2,2,1,2,1.0,,
41,Kids,9,4,2,1,2,0,1,1,1,1,,1.0,1.0
41,Kids,9,4,2,3,2,0,3,1,0,3,,1.0,0.0
41,Kids,9,4,2,2,2,1,2,1,0,2,0.0,,
41,Kids,9,4,2,4,3,1,3,1,0,3,0.0,,
41,Kids,10,5,3,2,3,0,1,3,0,1,,0.0,0.0
41,Kids,10,5,3,4,2,1,2,2,1,2,1.0,,
41,Kids,10,5,3,1,1,1,1,1,1,1,1.0,,
41,Kids,10,5,3,5,3,1,3,3,1,3,1.0,,
41,Kids,10,5,3,3,2,1,2,2,1,2,1.0,,
42,Kids,1,2,1,1,2,0,1,1,1,1,,1.0,1.0
42,Kids,1,2,1,2,2,0,3,1,0,3,,1.0,0.0
42,Kids,2,3,1,2,3,0,1,1,1,1,,1.0,1.0
42,Kids,2,3,1,3,3,0,2,1,0,2,,1.0,0.0
42,Kids,2,3,1,1,3,0,1,2,0,1,,1.0,0.0
42,Kids,3,5,1,4,1,0,3,2,0,3,,1.0,0.0
42,Kids,3,5,1,1,1,1,1,1,1,1,1.0,,
42,Kids,3,5,1,2,1,0,2,2,1,2,,1.0,1.0
42,Kids,3,5,1,3,1,0,2,2,1,2,,1.0,1.0
42,Kids,3,5,1,5,1,0,3,1,0,3,,0.0,0.0
42,Kids,4,4,1,1,2,0,1,1,1,1,,1.0,1.0
42,Kids,4,4,1,2,2,1,2,2,1,2,1.0,,
42,Kids,4,4,1,4,2,0,3,3,1,3,,1.0,1.0
42,Kids,4,4,1,3,2,0,3,2,0,3,,0.0,0.0
42,Kids,5,3,2,1,3,0,1,2,0,1,,1.0,0.0
42,Kids,5,3,2,2,3,0,2,2,1,2,,1.0,1.0
42,Kids,5,3,2,3,3,1,3,2,0,3,0.0,,
42,Kids,6,5,2,2,2,0,1,3,0,1,,1.0,0.0
42,Kids,6,5,2,1,2,0,1,3,0,1,,1.0,0.0
42,Kids,6,5,2,4,2,1,2,2,1,2,1.0,,
42,Kids,6,5,2,3,2,1,2,1,0,2,0.0,,
42,Kids,6,5,2,5,2,0,3,2,0,3,,0.0,0.0
42,Kids,7,2,2,1,3,0,2,2,1,2,,1.0,1.0
42,Kids,7,2,2,2,3,1,3,3,1,3,1.0,,
42,Kids,8,3,3,3,1,0,3,2,0,3,,1.0,0.0
42,Kids,8,3,3,2,1,0,2,2,1,2,,1.0,1.0
42,Kids,8,3,3,1,1,1,1,1,1,1,1.0,,
42,Kids,9,5,3,4,1,0,3,2,0,3,,1.0,0.0
42,Kids,9,5,3,1,1,1,1,1,1,1,1.0,,
42,Kids,9,5,3,5,1,0,3,2,0,3,,1.0,0.0
42,Kids,9,5,3,2,1,1,1,1,1,1,1.0,,
42,Kids,9,5,3,3,1,0,2,3,0,2,,1.0,0.0
42,Kids,10,4,2,4,2,0,3,1,0,3,,1.0,0.0
42,Kids,10,4,2,2,2,1,2,2,1,2,1.0,,
42,Kids,10,4,2,3,2,1,2,2,1,2,1.0,,
42,Kids,10,4,2,1,2,0,1,3,0,1,,1.0,0.0
43,Kids,1,2,1,1,2,1,2,3,0,2,0.0,,
43,Kids,1,2,1,2,3,1,3,2,0,3,0.0,,
43,Kids,2,3,1,2,3,0,2,2,1,2,,1.0,1.0
43,Kids,2,3,1,3,1,0,2,1,0,2,,0.0,0.0
43,Kids,2,3,1,1,2,0,1,3,0,1,,1.0,0.0
43,Kids,3,5,1,3,3,0,2,2,1,2,,1.0,1.0
43,Kids,3,5,1,1,2,0,1,2,0,1,,0.0,0.0
43,Kids,3,5,1,2,3,0,1,1,1,1,,1.0,1.0
43,Kids,3,5,1,4,1,0,3,3,1,3,,1.0,1.0
43,Kids,3,5,1,5,3,1,3,3,1,3,1.0,,
43,Kids,4,4,1,3,3,1,3,3,1,3,1.0,,
43,Kids,4,4,1,1,2,0,1,2,0,1,,0.0,0.0
43,Kids,4,4,1,4,1,0,3,3,1,3,,1.0,1.0
43,Kids,4,4,1,2,3,0,2,1,0,2,,1.0,0.0
43,Kids,5,3,2,3,2,0,3,3,1,3,,1.0,1.0
43,Kids,5,3,2,1,2,0,1,2,0,1,,0.0,0.0
43,Kids,5,3,2,2,3,0,2,3,0,2,,0.0,0.0
43,Kids,6,5,2,2,3,0,1,2,0,1,,1.0,0.0
43,Kids,6,5,2,1,1,1,1,1,1,1,1.0,,
43,Kids,6,5,2,3,2,1,2,3,0,2,0.0,,
43,Kids,6,5,2,5,3,1,3,3,1,3,1.0,,
43,Kids,6,5,2,4,3,0,2,3,0,2,,0.0,0.0
43,Kids,7,2,2,1,2,0,1,2,0,1,,0.0,0.0
43,Kids,7,2,2,2,1,0,3,3,1,3,,1.0,1.0
43,Kids,8,3,3,2,2,1,2,2,1,2,1.0,,
43,Kids,8,3,3,1,3,0,1,1,1,1,,1.0,1.0
43,Kids,8,3,3,3,3,1,3,3,1,3,1.0,,
43,Kids,9,5,3,4,3,1,3,3,1,3,1.0,,
43,Kids,9,5,3,1,2,0,1,3,0,1,,1.0,0.0
43,Kids,9,5,3,2,1,0,2,2,1,2,,1.0,1.0
43,Kids,9,5,3,5,3,1,3,1,0,3,0.0,,
43,Kids,9,5,3,3,2,1,2,3,0,2,0.0,,
43,Kids,10,4,2,2,3,0,1,2,0,1,,1.0,0.0
43,Kids,10,4,2,3,1,0,2,3,0,2,,1.0,0.0
43,Kids,10,4,2,1,3,0,1,3,0,1,,0.0,0.0
43,Kids,10,4,2,4,2,0,3,2,0,3,,0.0,0.0
45,Kids,1,2,1,1,2,0,1,3,0,1,,1.0,0.0
45,Kids,1,2,1,2,1,0,2,2,1,2,,1.0,1.0
45,Kids,2,3,1,2,2,1,2,2,1,2,1.0,,
45,Kids,2,3,1,1,3,0,2,1,0,2,,1.0,0.0
45,Kids,2,3,1,3,1,0,3,3,1,3,,1.0,1.0
45,Kids,3,4,1,4,3,1,3,2,0,3,0.0,,
45,Kids,3,4,1,1,2,0,1,3,0,1,,1.0,0.0
45,Kids,3,4,1,2,3,0,1,2,0,1,,1.0,0.0
45,Kids,3,4,1,3,3,0,2,3,0,2,,0.0,0.0
45,Kids,4,5,1,4,3,1,3,3,1,3,1.0,,
45,Kids,4,5,1,3,2,1,2,2,1,2,1.0,,
45,Kids,4,5,1,2,1,1,1,1,1,1,1.0,,
45,Kids,4,5,1,1,3,0,1,1,1,1,,1.0,1.0
45,Kids,4,5,1,5,2,0,3,2,0,3,,0.0,0.0
45,Kids,5,3,2,1,3,0,1,2,0,1,,1.0,0.0
45,Kids,5,3,2,2,1,0,2,1,0,2,,0.0,0.0
45,Kids,5,3,2,3,3,1,3,3,1,3,1.0,,
45,Kids,6,5,2,1,3,0,1,1,1,1,,1.0,1.0
45,Kids,6,5,2,4,3,1,3,1,0,3,0.0,,
45,Kids,6,5,2,5,1,0,3,1,0,3,,0.0,0.0
45,Kids,6,5,2,2,3,0,2,2,1,2,,1.0,1.0
45,Kids,6,5,2,3,2,1,2,2,1,2,1.0,,
45,Kids,7,2,2,1,3,0,1,2,0,1,,1.0,0.0
45,Kids,7,2,2,2,3,1,3,1,0,3,0.0,,
45,Kids,8,3,3,3,1,0,3,2,0,3,,1.0,0.0
45,Kids,8,3,3,2,1,0,2,3,0,2,,1.0,0.0
45,Kids,8,3,3,1,1,1,1,1,1,1,1.0,,
45,Kids,9,4,2,1,3,0,1,1,1,1,,1.0,1.0
45,Kids,9,4,2,4,1,0,3,2,0,3,,1.0,0.0
45,Kids,9,4,2,2,3,0,2,2,1,2,,1.0,1.0
45,Kids,9,4,2,3,3,1,3,3,1,3,1.0,,
45,Kids,10,5,3,2,3,0,1,1,1,1,,1.0,1.0
45,Kids,10,5,3,1,3,0,1,1,1,1,,1.0,1.0
45,Kids,10,5,3,4,3,0,2,1,0,2,,1.0,0.0
45,Kids,10,5,3,3,3,0,2,2,1,2,,1.0,1.0
45,Kids,10,5,3,5,3,1,3,2,0,3,0.0,,
48,Kids,1,2,1,2,3,0,2,2,1,2,,1.0,1.0
48,Kids,1,2,1,1,1,1,1,1,1,1,1.0,,
48,Kids,2,4,1,3,3,0,2,3,0,2,,0.0,0.0
48,Kids,2,4,1,4,1,0,3,1,0,3,,0.0,0.0
48,Kids,2,4,1,2,2,1,2,2,1,2,1.0,,
48,Kids,2,4,1,1,1,1,1,1,1,1,1.0,,
48,Kids,3,3,1,2,3,0,1,1,1,1,,1.0,1.0
48,Kids,3,3,1,3,1,0,3,2,0,3,,1.0,0.0
48,Kids,3,3,1,1,2,0,1,3,0,1,,1.0,0.0
48,Kids,4,5,1,3,3,0,2,3,0,2,,0.0,0.0
48,Kids,4,5,1,5,2,0,3,1,0,3,,1.0,0.0
48,Kids,4,5,1,1,1,1,1,1,1,1,1.0,,
48,Kids,4,5,1,4,3,1,3,3,1,3,1.0,,
48,Kids,4,5,1,2,2,1,2,2,1,2,1.0,,
48,Kids,5,3,2,1,3,0,1,1,1,1,,1.0,1.0
48,Kids,5,3,2,2,3,0,2,1,0,2,,1.0,0.0
48,Kids,5,3,2,3,3,1,3,3,1,3,1.0,,
48,Kids,6,5,2,2,3,0,1,3,0,1,,0.0,0.0
48,Kids,6,5,2,5,3,1,3,1,0,3,0.0,,
48,Kids,6,5,2,4,1,0,3,1,0,3,,0.0,0.0
48,Kids,6,5,2,3,2,1,2,3,0,2,0.0,,
48,Kids,6,5,2,1,1,1,1,1,1,1,1.0,,
48,Kids,7,2,2,2,3,1,3,3,1,3,1.0,,
48,Kids,7,2,2,1,1,0,2,2,1,2,,1.0,1.0
48,Kids,8,4,2,1,3,0,1,1,1,1,,1.0,1.0
48,Kids,8,4,2,3,1,0,3,2,0,3,,1.0,0.0
48,Kids,8,4,2,2,2,1,2,3,0,2,0.0,,
48,Kids,8,4,2,4,2,0,3,3,1,3,,1.0,1.0
48,Kids,9,3,3,1,3,0,1,1,1,1,,1.0,1.0
48,Kids,9,3,3,3,1,0,3,3,1,3,,1.0,1.0
48,Kids,9,3,3,2,2,1,2,2,1,2,1.0,,
48,Kids,10,5,3,4,1,0,2,3,0,2,,1.0,0.0
48,Kids,10,5,3,1,1,1,1,1,1,1,1.0,,
48,Kids,10,5,3,5,2,0,3,2,0,3,,0.0,0.0
48,Kids,10,5,3,3,3,0,2,2,1,2,,1.0,1.0
48,Kids,10,5,3,2,3,0,1,1,1,1,,1.0,1.0
49,Kids,1,2,1,2,2,1,2,2,1,2,1.0,,
49,Kids,1,2,1,1,1,1,1,1,1,1,1.0,,
49,Kids,2,3,1,2,3,0,1,1,1,1,,1.0,1.0
49,Kids,2,3,1,3,2,0,3,3,1,3,,1.0,1.0
49,Kids,2,3,1,1,3,0,1,2,0,1,,1.0,0.0
49,Kids,3,4,1,3,3,0,2,3,0,2,,0.0,0.0
49,Kids,3,4,1,1,3,0,1,1,1,1,,1.0,1.0
49,Kids,3,4,1,4,3,1,3,3,1,3,1.0,,
49,Kids,3,4,1,2,2,1,2,2,1,2,1.0,,
49,Kids,4,5,1,1,2,0,1,1,1,1,,1.0,1.0
49,Kids,4,5,1,5,1,0,3,3,1,3,,1.0,1.0
49,Kids,4,5,1,4,3,1,3,2,0,3,0.0,,
49,Kids,4,5,1,3,2,1,2,2,1,2,1.0,,
49,Kids,4,5,1,2,1,0,2,2,1,2,,1.0,1.0
49,Kids,5,3,2,1,3,0,1,1,1,1,,1.0,1.0
49,Kids,5,3,2,3,3,1,3,3,1,3,1.0,,
49,Kids,5,3,2,2,3,0,2,2,1,2,,1.0,1.0
49,Kids,6,5,2,1,2,0,1,3,0,1,,1.0,0.0
49,Kids,6,5,2,4,2,0,3,3,1,3,,1.0,1.0
49,Kids,6,5,2,5,2,0,3,3,1,3,,1.0,1.0
49,Kids,6,5,2,2,2,0,1,3,0,1,,1.0,0.0
49,Kids,6,5,2,3,2,1,2,2,1,2,1.0,,
49,Kids,7,2,2,1,3,0,2,2,1,2,,1.0,1.0
49,Kids,7,2,2,2,3,1,3,3,1,3,1.0,,
49,Kids,8,3,3,2,3,0,2,1,0,2,,1.0,0.0
49,Kids,8,3,3,1,3,0,1,1,1,1,,1.0,1.0
49,Kids,8,3,3,3,3,1,3,3,1,3,1.0,,
49,Kids,9,4,2,3,3,1,3,3,1,3,1.0,,
49,Kids,9,4,2,1,2,0,1,2,0,1,,0.0,0.0
49,Kids,9,4,2,2,3,0,2,1,0,2,,1.0,0.0
49,Kids,9,4,2,4,3,1,3,3,1,3,1.0,,
49,Kids,10,5,3,4,3,0,2,2,1,2,,1.0,1.0
49,Kids,10,5,3,1,3,0,1,1,1,1,,1.0,1.0
49,Kids,10,5,3,5,3,1,3,3,1,3,1.0,,
49,Kids,10,5,3,3,3,0,2,2,1,2,,1.0,1.0
49,Kids,10,5,3,2,3,0,1,3,0,1,,0.0,0.0
50,Kids,1,2,1,2,1,0,2,3,0,2,,1.0,0.0
50,Kids,1,2,1,1,2,0,1,3,0,1,,1.0,0.0
50,Kids,2,3,1,2,3,0,1,2,0,1,,1.0,0.0
50,Kids,2,3,1,1,1,1,1,1,1,1,1.0,,
50,Kids,2,3,1,3,3,1,3,3,1,3,1.0,,
50,Kids,3,4,1,1,3,0,1,1,1,1,,1.0,1.0
50,Kids,3,4,1,2,2,1,2,2,1,2,1.0,,
50,Kids,3,4,1,3,1,0,2,3,0,2,,1.0,0.0
50,Kids,3,4,1,4,2,0,3,1,0,3,,1.0,0.0
50,Kids,4,5,1,5,3,1,3,3,1,3,1.0,,
50,Kids,4,5,1,2,1,0,2,2,1,2,,1.0,1.0
50,Kids,4,5,1,3,1,0,2,2,1,2,,1.0,1.0
50,Kids,4,5,1,4,1,0,3,3,1,3,,1.0,1.0
50,Kids,4,5,1,1,2,0,1,2,0,1,,0.0,0.0
50,Kids,5,3,2,2,1,0,2,2,1,2,,1.0,1.0
50,Kids,5,3,2,1,3,0,1,1,1,1,,1.0,1.0
50,Kids,5,3,2,3,2,0,3,1,0,3,,1.0,0.0
50,Kids,6,5,2,5,3,1,3,3,1,3,1.0,,
50,Kids,6,5,2,1,2,0,1,1,1,1,,1.0,1.0
50,Kids,6,5,2,4,1,0,3,2,0,3,,1.0,0.0
50,Kids,6,5,2,3,1,0,2,3,0,2,,1.0,0.0
50,Kids,6,5,2,2,1,1,1,1,1,1,1.0,,
50,Kids,7,2,2,1,1,0,2,3,0,2,,1.0,0.0
50,Kids,7,2,2,2,3,1,3,3,1,3,1.0,,
50,Kids,8,3,3,1,2,0,1,1,1,1,,1.0,1.0
50,Kids,8,3,3,2,1,0,2,2,1,2,,1.0,1.0
50,Kids,8,3,3,3,3,1,3,3,1,3,1.0,,
50,Kids,9,4,2,2,1,0,2,3,0,2,,1.0,0.0
50,Kids,9,4,2,1,2,0,1,1,1,1,,1.0,1.0
50,Kids,9,4,2,3,3,1,3,3,1,3,1.0,,
50,Kids,9,4,2,4,1,0,3,2,0,3,,1.0,0.0
50,Kids,10,5,3,2,1,1,1,1,1,1,1.0,,
50,Kids,10,5,3,3,2,1,2,2,1,2,1.0,,
50,Kids,10,5,3,5,2,0,3,3,1,3,,1.0,1.0
50,Kids,10,5,3,1,1,1,1,1,1,1,1.0,,
50,Kids,10,5,3,4,3,0,2,3,0,2,,0.0,0.0
52,Kids,1,2,1,1,3,0,1,3,0,1,,0.0,0.0
52,Kids,1,2,1,2,1,0,3,2,0,3,,1.0,0.0
52,Kids,2,3,1,2,3,0,1,2,0,1,,1.0,0.0
52,Kids,2,3,1,3,1,0,2,3,0,2,,1.0,0.0
52,Kids,2,3,1,1,1,1,1,1,1,1,1.0,,
52,Kids,3,5,1,4,1,0,3,2,0,3,,1.0,0.0
52,Kids,3,5,1,1,3,0,1,1,1,1,,1.0,1.0
52,Kids,3,5,1,2,2,1,2,2,1,2,1.0,,
52,Kids,3,5,1,3,1,0,2,1,0,2,,0.0,0.0
52,Kids,3,5,1,5,3,1,3,2,0,3,0.0,,
52,Kids,4,4,1,1,3,0,1,1,1,1,,1.0,1.0
52,Kids,4,4,1,2,2,1,2,2,1,2,1.0,,
52,Kids,4,4,1,4,1,0,3,3,1,3,,1.0,1.0
52,Kids,4,4,1,3,3,1,3,3,1,3,1.0,,
52,Kids,5,3,2,1,3,0,1,3,0,1,,0.0,0.0
52,Kids,5,3,2,2,2,1,2,2,1,2,1.0,,
52,Kids,5,3,2,3,1,0,3,2,0,3,,1.0,0.0
52,Kids,6,5,2,2,3,0,1,2,0,1,,1.0,0.0
52,Kids,6,5,2,1,2,0,1,3,0,1,,1.0,0.0
52,Kids,6,5,2,4,2,1,2,2,1,2,1.0,,
52,Kids,6,5,2,3,2,1,2,1,0,2,0.0,,
52,Kids,6,5,2,5,2,0,3,2,0,3,,0.0,0.0
52,Kids,7,2,2,1,3,0,2,1,0,2,,1.0,0.0
52,Kids,7,2,2,2,2,0,3,1,0,3,,1.0,0.0
52,Kids,8,3,3,3,3,1,3,3,1,3,1.0,,
52,Kids,8,3,3,2,1,0,2,1,0,2,,0.0,0.0
52,Kids,8,3,3,1,2,0,1,3,0,1,,1.0,0.0
52,Kids,9,5,3,4,3,1,3,3,1,3,1.0,,
52,Kids,9,5,3,1,1,1,1,1,1,1,1.0,,
52,Kids,9,5,3,5,2,0,3,1,0,3,,1.0,0.0
52,Kids,9,5,3,2,2,0,1,3,0,1,,1.0,0.0
52,Kids,9,5,3,3,3,0,2,1,0,2,,1.0,0.0
52,Kids,10,4,2,4,3,1,3,3,1,3,1.0,,
52,Kids,10,4,2,2,1,0,2,1,0,2,,0.0,0.0
52,Kids,10,4,2,3,2,1,2,2,1,2,1.0,,
52,Kids,10,4,2,1,2,0,1,2,0,1,,0.0,0.0
56,Kids,1,2,1,1,2,1,2,2,1,2,1.0,,
56,Kids,1,2,1,2,1,0,3,3,1,3,,1.0,1.0
56,Kids,2,3,1,2,3,1,3,3,1,3,1.0,,
56,Kids,2,3,1,1,2,0,1,3,0,1,,1.0,0.0
56,Kids,2,3,1,3,1,0,3,2,0,3,,1.0,0.0
56,Kids,3,4,1,4,2,0,3,3,1,3,,1.0,1.0
56,Kids,3,4,1,1,2,0,1,3,0,1,,1.0,0.0
56,Kids,3,4,1,2,1,0,2,2,1,2,,1.0,1.0
56,Kids,3,4,1,3,3,0,2,1,0,2,,1.0,0.0
56,Kids,4,5,1,2,3,0,1,2,0,1,,1.0,0.0
56,Kids,4,5,1,3,2,1,2,2,1,2,1.0,,
56,Kids,4,5,1,5,1,0,3,3,1,3,,1.0,1.0
56,Kids,4,5,1,1,3,0,1,3,0,1,,0.0,0.0
56,Kids,4,5,1,4,1,0,2,1,0,2,,0.0,0.0
56,Kids,5,3,2,3,1,0,3,3,1,3,,1.0,1.0
56,Kids,5,3,2,1,2,0,1,1,1,1,,1.0,1.0
56,Kids,5,3,2,2,1,0,2,3,0,2,,1.0,0.0
56,Kids,6,5,2,4,2,0,3,1,0,3,,1.0,0.0
56,Kids,6,5,2,2,2,0,1,3,0,1,,1.0,0.0
56,Kids,6,5,2,1,3,0,1,2,0,1,,1.0,0.0
56,Kids,6,5,2,5,1,0,3,3,1,3,,1.0,1.0
56,Kids,6,5,2,3,3,0,2,2,1,2,,1.0,1.0
56,Kids,7,2,2,1,3,0,1,2,0,1,,1.0,0.0
56,Kids,7,2,2,2,1,0,2,3,0,2,,1.0,0.0
56,Kids,8,3,3,3,3,1,3,3,1,3,1.0,,
56,Kids,8,3,3,1,1,1,1,1,1,1,1.0,,
56,Kids,8,3,3,2,3,0,2,1,0,2,,1.0,0.0
56,Kids,9,4,2,3,1,0,2,3,0,2,,1.0,0.0
56,Kids,9,4,2,4,2,0,3,3,1,3,,1.0,1.0
56,Kids,9,4,2,2,2,0,1,1,1,1,,1.0,1.0
56,Kids,9,4,2,1,3,0,1,1,1,1,,1.0,1.0
56,Kids,10,5,3,4,1,0,3,2,0,3,,1.0,0.0
56,Kids,10,5,3,2,3,0,2,2,1,2,,1.0,1.0
56,Kids,10,5,3,5,3,1,3,1,0,3,0.0,,
56,Kids,10,5,3,3,2,1,2,3,0,2,0.0,,
56,Kids,10,5,3,1,1,1,1,1,1,1,1.0,,
57,Kids,1,2,1,1,1,1,1,1,1,1,1.0,,
57,Kids,1,2,1,2,3,0,2,2,1,2,,1.0,1.0
57,Kids,2,3,1,3,2,0,3,3,1,3,,1.0,1.0
57,Kids,2,3,1,2,1,0,2,1,0,2,,0.0,0.0
57,Kids,2,3,1,1,3,0,2,2,1,2,,1.0,1.0
57,Kids,3,4,1,3,2,1,2,2,1,2,1.0,,
57,Kids,3,4,1,2,2,0,1,3,0,1,,1.0,0.0
57,Kids,3,4,1,4,2,0,3,1,0,3,,1.0,0.0
57,Kids,3,4,1,1,2,0,1,3,0,1,,1.0,0.0
57,Kids,4,5,1,1,1,1,1,1,1,1,1.0,,
57,Kids,4,5,1,2,2,0,1,1,1,1,,1.0,1.0
57,Kids,4,5,1,3,3,0,2,2,1,2,,1.0,1.0
57,Kids,4,5,1,5,2,0,3,3,1,3,,1.0,1.0
57,Kids,4,5,1,4,1,0,3,2,0,3,,1.0,0.0
57,Kids,5,3,2,1,2,0,1,3,0,1,,1.0,0.0
57,Kids,5,3,2,2,3,0,2,2,1,2,,1.0,1.0
57,Kids,5,3,2,3,1,0,3,1,0,3,,0.0,0.0
57,Kids,6,5,2,2,2,1,2,2,1,2,1.0,,
57,Kids,6,5,2,1,3,0,1,1,1,1,,1.0,1.0
57,Kids,6,5,2,4,1,0,3,3,1,3,,1.0,1.0
57,Kids,6,5,2,5,3,1,3,3,1,3,1.0,,
57,Kids,6,5,2,3,2,1,2,2,1,2,1.0,,
57,Kids,7,2,2,2,1,0,3,3,1,3,,1.0,1.0
57,Kids,7,2,2,1,2,0,1,1,1,1,,1.0,1.0
57,Kids,8,3,3,1,1,1,1,1,1,1,1.0,,
57,Kids,8,3,3,3,2,0,3,3,1,3,,1.0,1.0
57,Kids,8,3,3,2,3,0,2,2,1,2,,1.0,1.0
57,Kids,9,4,2,1,3,0,1,1,1,1,,1.0,1.0
57,Kids,9,4,2,3,2,0,3,2,0,3,,0.0,0.0
57,Kids,9,4,2,4,1,0,3,3,1,3,,1.0,1.0
57,Kids,9,4,2,2,3,0,2,2,1,2,,1.0,1.0
57,Kids,10,5,3,3,2,1,2,2,1,2,1.0,,
57,Kids,10,5,3,2,1,1,1,1,1,1,1.0,,
57,Kids,10,5,3,5,3,1,3,3,1,3,1.0,,
57,Kids,10,5,3,1,3,0,1,1,1,1,,1.0,1.0
57,Kids,10,5,3,4,1,0,2,2,1,2,,1.0,1.0
61,Kids,1,2,1,2,3,0,2,1,0,2,,1.0,0.0
61,Kids,1,2,1,1,2,0,1,2,0,1,,0.0,0.0
61,Kids,2,3,1,2,2,1,2,2,1,2,1.0,,
61,Kids,2,3,1,1,1,0,2,3,0,2,,1.0,0.0
61,Kids,2,3,1,3,2,0,3,3,1,3,,1.0,1.0
61,Kids,3,4,1,4,1,0,3,3,1,3,,1.0,1.0
61,Kids,3,4,1,2,3,0,1,1,1,1,,1.0,1.0
61,Kids,3,4,1,3,2,1,2,2,1,2,1.0,,
61,Kids,3,4,1,1,1,1,1,1,1,1,1.0,,
61,Kids,4,5,1,2,3,0,1,2,0,1,,1.0,0.0
61,Kids,4,5,1,3,1,0,2,1,0,2,,0.0,0.0
61,Kids,4,5,1,1,3,0,1,2,0,1,,1.0,0.0
61,Kids,4,5,1,4,2,0,3,3,1,3,,1.0,1.0
61,Kids,4,5,1,5,2,0,3,3,1,3,,1.0,1.0
61,Kids,5,3,2,2,3,0,2,1,0,2,,1.0,0.0
61,Kids,5,3,2,3,3,1,3,3,1,3,1.0,,
61,Kids,5,3,2,1,3,0,1,3,0,1,,0.0,0.0
61,Kids,6,5,2,2,3,0,2,2,1,2,,1.0,1.0
61,Kids,6,5,2,3,2,1,2,2,1,2,1.0,,
61,Kids,6,5,2,4,2,0,3,1,0,3,,1.0,0.0
61,Kids,6,5,2,5,1,0,3,3,1,3,,1.0,1.0
61,Kids,6,5,2,1,2,0,1,3,0,1,,1.0,0.0
61,Kids,7,2,2,1,3,0,1,2,0,1,,1.0,0.0
61,Kids,7,2,2,2,2,0,3,1,0,3,,1.0,0.0
61,Kids,8,3,3,1,3,0,1,2,0,1,,1.0,0.0
61,Kids,8,3,3,3,3,1,3,3,1,3,1.0,,
61,Kids,8,3,3,2,1,0,2,2,1,2,,1.0,1.0
61,Kids,9,4,2,1,1,1,1,1,1,1,1.0,,
61,Kids,9,4,2,3,2,0,3,1,0,3,,1.0,0.0
61,Kids,9,4,2,2,1,0,2,3,0,2,,1.0,0.0
61,Kids,9,4,2,4,1,0,3,2,0,3,,1.0,0.0
61,Kids,10,5,3,2,3,0,1,2,0,1,,1.0,0.0
61,Kids,10,5,3,4,3,0,2,2,1,2,,1.0,1.0
61,Kids,10,5,3,1,1,1,1,1,1,1,1.0,,
61,Kids,10,5,3,5,2,0,3,1,0,3,,1.0,0.0
61,Kids,10,5,3,3,2,1,2,2,1,2,1.0,,
63,Kids,1,2,1,1,2,1,2,2,1,2,1.0,,
63,Kids,1,2,1,2,3,1,3,3,1,3,1.0,,
63,Kids,2,3,1,2,2,1,2,2,1,2,1.0,,
63,Kids,2,3,1,3,2,1,2,2,1,2,1.0,,
63,Kids,2,3,1,1,1,1,1,1,1,1,1.0,,
63,Kids,3,5,1,3,3,0,2,3,0,2,,0.0,0.0
63,Kids,3,5,1,1,1,1,1,1,1,1,1.0,,
63,Kids,3,5,1,2,1,1,1,3,0,1,0.0,,
63,Kids,3,5,1,4,3,1,3,3,1,3,1.0,,
63,Kids,3,5,1,5,2,0,3,1,0,3,,1.0,0.0
63,Kids,4,4,1,3,3,1,3,3,1,3,1.0,,
63,Kids,4,4,1,1,3,0,1,2,0,1,,1.0,0.0
63,Kids,4,4,1,4,1,0,3,1,0,3,,0.0,0.0
63,Kids,4,4,1,2,2,1,2,2,1,2,1.0,,
63,Kids,5,3,2,3,1,0,3,3,1,3,,1.0,1.0
63,Kids,5,3,2,1,3,0,1,1,1,1,,1.0,1.0
63,Kids,5,3,2,2,2,1,2,2,1,2,1.0,,
63,Kids,6,5,2,2,1,1,1,1,1,1,1.0,,
63,Kids,6,5,2,1,1,1,1,1,1,1,1.0,,
63,Kids,6,5,2,3,2,1,2,3,0,2,0.0,,
63,Kids,6,5,2,5,3,1,3,3,1,3,1.0,,
63,Kids,6,5,2,4,1,0,2,1,0,2,,0.0,0.0
63,Kids,7,2,2,1,3,0,1,1,1,1,,1.0,1.0
63,Kids,7,2,2,2,1,0,3,2,0,3,,1.0,0.0
63,Kids,8,3,3,2,3,0,2,2,1,2,,1.0,1.0
63,Kids,8,3,3,1,2,0,1,1,1,1,,1.0,1.0
63,Kids,8,3,3,3,1,0,3,3,1,3,,1.0,1.0
63,Kids,9,5,3,4,2,0,3,1,0,3,,1.0,0.0
63,Kids,9,5,3,1,3,0,1,1,1,1,,1.0,1.0
63,Kids,9,5,3,2,1,0,2,2,1,2,,1.0,1.0
63,Kids,9,5,3,5,1,0,3,2,0,3,,1.0,0.0
63,Kids,9,5,3,3,3,0,2,3,0,2,,0.0,0.0
63,Kids,10,4,2,2,1,1,1,3,0,1,0.0,,
63,Kids,10,4,2,3,3,0,2,1,0,2,,1.0,0.0
63,Kids,10,4,2,1,2,0,1,2,0,1,,0.0,0.0
63,Kids,10,4,2,4,3,1,3,3,1,3,1.0,,
65,Kids,1,2,1,1,2,0,1,1,1,1,,1.0,1.0
65,Kids,1,2,1,2,3,0,2,2,1,2,,1.0,1.0
65,Kids,2,3,1,2,3,0,2,1,0,2,,1.0,0.0
65,Kids,2,3,1,1,2,1,2,2,1,2,1.0,,
65,Kids,2,3,1,3,2,0,3,3,1,3,,1.0,1.0
65,Kids,3,4,1,4,2,0,3,1,0,3,,1.0,0.0
65,Kids,3,4,1,1,3,0,1,2,0,1,,1.0,0.0
65,Kids,3,4,1,2,1,1,1,3,0,1,0.0,,
65,Kids,3,4,1,3,3,0,2,3,0,2,,0.0,0.0
65,Kids,4,5,1,4,2,0,3,3,1,3,,1.0,1.0
65,Kids,4,5,1,3,3,0,2,1,0,2,,1.0,0.0
65,Kids,4,5,1,1,3,0,1,3,0,1,,0.0,0.0
65,Kids,4,5,1,5,3,1,3,1,0,3,0.0,,
65,Kids,5,3,2,1,2,0,1,2,0,1,,0.0,0.0
65,Kids,5,3,2,2,1,0,2,2,1,2,,1.0,1.0
65,Kids,5,3,2,3,3,1,3,1,0,3,0.0,,
65,Kids,6,5,2,1,2,0,1,3,0,1,,1.0,0.0
65,Kids,6,5,2,4,1,0,3,3,1,3,,1.0,1.0
65,Kids,6,5,2,5,1,0,3,3,1,3,,1.0,1.0
65,Kids,6,5,2,2,2,1,2,2,1,2,1.0,,
65,Kids,6,5,2,3,3,0,2,1,0,2,,1.0,0.0
65,Kids,7,2,2,1,2,0,1,3,0,1,,1.0,0.0
65,Kids,7,2,2,2,1,0,3,2,0,3,,1.0,0.0
65,Kids,8,3,3,3,2,0,3,1,0,3,,1.0,0.0
65,Kids,8,3,3,2,3,0,2,3,0,2,,0.0,0.0
65,Kids,8,3,3,1,1,1,1,1,1,1,1.0,,
65,Kids,9,4,2,1,3,0,1,1,1,1,,1.0,1.0
65,Kids,9,4,2,4,2,0,3,2,0,3,,0.0,0.0
65,Kids,9,4,2,2,1,0,2,2,1,2,,1.0,1.0
65,Kids,9,4,2,3,3,1,3,3,1,3,1.0,,
65,Kids,10,5,3,2,3,0,1,1,1,1,,1.0,1.0
65,Kids,10,5,3,1,2,0,1,3,0,1,,1.0,0.0
65,Kids,10,5,3,4,1,0,2,1,0,2,,0.0,0.0
65,Kids,10,5,3,3,1,0,2,1,0,2,,0.0,0.0
65,Kids,10,5,3,5,2,0,3,1,0,3,,1.0,0.0
66,Kids,1,2,1,1,3,0,2,1,0,2,,1.0,0.0
66,Kids,1,2,1,2,2,0,3,3,1,3,,1.0,1.0
66,Kids,2,3,1,2,2,0,3,1,0,3,,1.0,0.0
66,Kids,2,3,1,1,3,0,1,2,0,1,,1.0,0.0
66,Kids,2,3,1,3,2,0,3,1,0,3,,1.0,0.0
66,Kids,3,4,1,4,1,0,3,1,0,3,,0.0,0.0
66,Kids,3,4,1,1,2,0,1,2,0,1,,0.0,0.0
66,Kids,3,4,1,2,3,0,2,3,0,2,,0.0,0.0
66,Kids,3,4,1,3,1,0,2,3,0,2,,1.0,0.0
66,Kids,4,5,1,2,1,1,1,2,0,1,0.0,,
66,Kids,4,5,1,3,2,1,2,3,0,2,0.0,,
66,Kids,4,5,1,5,3,1,3,3,1,3,1.0,,
66,Kids,4,5,1,1,1,1,1,1,1,1,1.0,,
66,Kids,4,5,1,4,2,1,2,2,1,2,1.0,,
66,Kids,5,3,2,3,1,0,3,2,0,3,,1.0,0.0
66,Kids,5,3,2,1,2,0,1,2,0,1,,0.0,0.0
66,Kids,5,3,2,2,3,0,2,1,0,2,,1.0,0.0
66,Kids,6,5,2,4,1,0,3,2,0,3,,1.0,0.0
66,Kids,6,5,2,5,2,0,3,3,1,3,,1.0,1.0
66,Kids,7,2,2,1,3,0,1,3,0,1,,0.0,0.0
66,Kids,7,2,2,2,2,1,2,1,0,2,0.0,,
66,Kids,8,3,3,3,1,0,3,3,1,3,,1.0,1.0
66,Kids,9,4,2,3,1,0,2,3,0,2,,1.0,0.0
66,Kids,9,4,2,4,2,0,3,2,0,3,,0.0,0.0
66,Kids,9,4,2,2,2,0,1,2,0,1,,0.0,0.0
66,Kids,10,5,3,4,3,1,3,3,1,3,1.0,,
66,Kids,10,5,3,2,1,0,2,1,0,2,,0.0,0.0
66,Kids,10,5,3,5,2,0,3,1,0,3,,1.0,0.0
66,Kids,10,5,3,3,3,0,2,2,1,2,,1.0,1.0
66,Kids,10,5,3,1,1,1,1,1,1,1,1.0,,
67,Kids,1,2,1,1,3,0,1,2,0,1,,1.0,0.0
67,Kids,1,2,1,2,2,1,2,2,1,2,1.0,,
67,Kids,2,3,1,3,3,1,3,3,1,3,1.0,,
67,Kids,2,3,1,2,1,0,2,1,0,2,,0.0,0.0
67,Kids,2,3,1,1,1,0,2,2,1,2,,1.0,1.0
67,Kids,3,4,1,3,3,0,2,2,1,2,,1.0,1.0
67,Kids,3,4,1,2,3,0,1,2,0,1,,1.0,0.0
67,Kids,3,4,1,4,3,1,3,3,1,3,1.0,,
67,Kids,3,4,1,1,1,1,1,1,1,1,1.0,,
67,Kids,4,5,1,1,3,0,1,1,1,1,,1.0,1.0
67,Kids,4,5,1,2,3,0,1,1,1,1,,1.0,1.0
67,Kids,4,5,1,3,3,0,2,1,0,2,,1.0,0.0
67,Kids,4,5,1,5,3,1,3,1,0,3,0.0,,
67,Kids,4,5,1,4,1,0,3,3,1,3,,1.0,1.0
67,Kids,5,3,2,1,3,0,1,1,1,1,,1.0,1.0
67,Kids,5,3,2,2,3,0,2,3,0,2,,0.0,0.0
67,Kids,5,3,2,3,3,1,3,1,0,3,0.0,,
67,Kids,6,5,2,2,3,0,2,3,0,2,,0.0,0.0
67,Kids,6,5,2,1,1,1,1,1,1,1,1.0,,
67,Kids,6,5,2,4,3,1,3,1,0,3,0.0,,
67,Kids,6,5,2,5,2,0,3,3,1,3,,1.0,1.0
67,Kids,6,5,2,3,1,0,2,3,0,2,,1.0,0.0
67,Kids,7,2,2,2,3,1,3,3,1,3,1.0,,
67,Kids,7,2,2,1,3,0,1,1,1,1,,1.0,1.0
67,Kids,8,3,3,1,3,0,1,3,0,1,,0.0,0.0
67,Kids,8,3,3,3,3,1,3,3,1,3,1.0,,
67,Kids,8,3,3,2,3,0,2,3,0,2,,0.0,0.0
67,Kids,9,4,2,1,3,0,1,1,1,1,,1.0,1.0
67,Kids,9,4,2,3,3,1,3,3,1,3,1.0,,
67,Kids,9,4,2,4,3,1,3,3,1,3,1.0,,
67,Kids,9,4,2,2,1,0,2,2,1,2,,1.0,1.0
67,Kids,10,5,3,3,3,0,2,1,0,2,,1.0,0.0
67,Kids,10,5,3,2,3,0,1,1,1,1,,1.0,1.0
67,Kids,10,5,3,5,3,1,3,3,1,3,1.0,,
67,Kids,10,5,3,1,3,0,1,1,1,1,,1.0,1.0
67,Kids,10,5,3,4,3,0,2,1,0,2,,1.0,0.0
68,Kids,1,2,1,2,3,0,2,2,1,2,,1.0,1.0
68,Kids,1,2,1,1,2,0,1,1,1,1,,1.0,1.0
68,Kids,2,4,1,3,3,0,2,2,1,2,,1.0,1.0
68,Kids,2,4,1,4,2,0,3,3,1,3,,1.0,1.0
68,Kids,2,4,1,2,3,0,2,3,0,2,,0.0,0.0
68,Kids,2,4,1,1,2,0,1,3,0,1,,1.0,0.0
68,Kids,3,3,1,2,3,0,1,2,0,1,,1.0,0.0
68,Kids,3,3,1,3,3,1,3,3,1,3,1.0,,
68,Kids,3,3,1,1,2,0,1,1,1,1,,1.0,1.0
68,Kids,4,5,1,3,1,0,2,1,0,2,,0.0,0.0
68,Kids,4,5,1,5,1,0,3,2,0,3,,1.0,0.0
68,Kids,4,5,1,1,1,1,1,3,0,1,0.0,,
68,Kids,4,5,1,4,3,1,3,3,1,3,1.0,,
68,Kids,4,5,1,2,2,1,2,3,0,2,0.0,,
68,Kids,5,3,2,1,1,1,1,1,1,1,1.0,,
68,Kids,5,3,2,2,1,0,2,3,0,2,,1.0,0.0
68,Kids,5,3,2,3,2,0,3,1,0,3,,1.0,0.0
68,Kids,6,5,2,2,3,0,1,3,0,1,,0.0,0.0
68,Kids,6,5,2,5,3,1,3,3,1,3,1.0,,
68,Kids,6,5,2,4,1,0,3,2,0,3,,1.0,0.0
68,Kids,6,5,2,3,2,1,2,2,1,2,1.0,,
68,Kids,6,5,2,1,3,0,1,1,1,1,,1.0,1.0
68,Kids,7,2,2,2,1,0,3,3,1,3,,1.0,1.0
68,Kids,7,2,2,1,1,0,2,3,0,2,,1.0,0.0
68,Kids,8,4,2,1,3,0,1,2,0,1,,1.0,0.0
68,Kids,8,4,2,3,3,1,3,3,1,3,1.0,,
68,Kids,8,4,2,2,2,1,2,2,1,2,1.0,,
68,Kids,8,4,2,4,2,0,3,3,1,3,,1.0,1.0
68,Kids,9,3,3,1,1,1,1,1,1,1,1.0,,
68,Kids,9,3,3,3,3,1,3,3,1,3,1.0,,
68,Kids,9,3,3,2,3,0,2,2,1,2,,1.0,1.0
68,Kids,10,5,3,4,1,0,2,3,0,2,,1.0,0.0
68,Kids,10,5,3,1,1,1,1,3,0,1,0.0,,
68,Kids,10,5,3,5,3,1,3,2,0,3,0.0,,
68,Kids,10,5,3,3,2,1,2,2,1,2,1.0,,
68,Kids,10,5,3,2,3,0,1,1,1,1,,1.0,1.0
69,Kids,1,2,1,2,3,0,2,2,1,2,,1.0,1.0
69,Kids,1,2,1,1,2,0,1,1,1,1,,1.0,1.0
69,Kids,2,3,1,2,3,0,1,2,0,1,,1.0,0.0
69,Kids,2,3,1,3,1,0,3,2,0,3,,1.0,0.0
69,Kids,2,3,1,1,2,0,1,3,0,1,,1.0,0.0
69,Kids,3,4,1,3,3,0,2,1,0,2,,1.0,0.0
69,Kids,3,4,1,1,1,1,1,3,0,1,0.0,,
69,Kids,3,4,1,4,1,0,3,1,0,3,,0.0,0.0
69,Kids,3,4,1,2,2,1,2,2,1,2,1.0,,
69,Kids,4,5,1,1,3,0,1,1,1,1,,1.0,1.0
69,Kids,4,5,1,5,2,0,3,2,0,3,,0.0,0.0
69,Kids,4,5,1,4,1,0,3,2,0,3,,1.0,0.0
69,Kids,4,5,1,3,1,0,2,2,1,2,,1.0,1.0
69,Kids,4,5,1,2,1,0,2,2,1,2,,1.0,1.0
69,Kids,5,3,2,1,1,1,1,1,1,1,1.0,,
69,Kids,5,3,2,3,2,0,3,3,1,3,,1.0,1.0
69,Kids,5,3,2,2,2,1,2,2,1,2,1.0,,
69,Kids,6,5,2,1,3,0,1,2,0,1,,1.0,0.0
69,Kids,6,5,2,4,3,1,3,3,1,3,1.0,,
69,Kids,6,5,2,5,2,0,3,3,1,3,,1.0,1.0
69,Kids,6,5,2,2,2,0,1,1,1,1,,1.0,1.0
69,Kids,6,5,2,3,1,0,2,1,0,2,,0.0,0.0
69,Kids,7,2,2,1,1,0,2,2,1,2,,1.0,1.0
69,Kids,7,2,2,2,3,1,3,3,1,3,1.0,,
69,Kids,8,3,3,2,1,0,2,2,1,2,,1.0,1.0
69,Kids,8,3,3,1,1,1,1,1,1,1,1.0,,
69,Kids,8,3,3,3,2,0,3,3,1,3,,1.0,1.0
69,Kids,9,4,2,3,1,0,3,2,0,3,,1.0,0.0
69,Kids,9,4,2,1,1,1,1,1,1,1,1.0,,
69,Kids,9,4,2,2,2,1,2,2,1,2,1.0,,
69,Kids,9,4,2,4,3,1,3,3,1,3,1.0,,
69,Kids,10,5,3,4,1,0,2,3,0,2,,1.0,0.0
69,Kids,10,5,3,1,3,0,1,2,0,1,,1.0,0.0
69,Kids,10,5,3,5,2,0,3,3,1,3,,1.0,1.0
69,Kids,10,5,3,3,1,0,2,2,1,2,,1.0,1.0
69,Kids,10,5,3,2,3,0,1,2,0,1,,1.0,0.0
72,Kids,1,2,1,1,2,0,1,1,1,1,,1.0,1.0
72,Kids,1,2,1,2,3,1,3,3,1,3,1.0,,
72,Kids,2,3,1,2,2,0,1,3,0,1,,1.0,0.0
72,Kids,2,3,1,3,1,0,2,1,0,2,,0.0,0.0
72,Kids,2,3,1,1,3,0,1,2,0,1,,1.0,0.0
72,Kids,3,5,1,4,1,0,3,2,0,3,,1.0,0.0
72,Kids,3,5,1,1,2,0,1,3,0,1,,1.0,0.0
72,Kids,3,5,1,2,3,0,2,1,0,2,,1.0,0.0
72,Kids,3,5,1,3,1,0,2,2,1,2,,1.0,1.0
72,Kids,3,5,1,5,2,0,3,2,0,3,,0.0,0.0
72,Kids,4,4,1,1,2,0,1,3,0,1,,1.0,0.0
72,Kids,4,4,1,2,1,0,2,2,1,2,,1.0,1.0
72,Kids,4,4,1,4,1,0,3,2,0,3,,1.0,0.0
72,Kids,4,4,1,3,3,1,3,3,1,3,1.0,,
72,Kids,5,3,2,1,3,0,1,1,1,1,,1.0,1.0
72,Kids,5,3,2,2,2,1,2,2,1,2,1.0,,
72,Kids,5,3,2,3,1,0,3,3,1,3,,1.0,1.0
72,Kids,6,5,2,2,3,0,1,2,0,1,,1.0,0.0
72,Kids,6,5,2,1,1,1,1,1,1,1,1.0,,
72,Kids,6,5,2,4,2,1,2,3,0,2,0.0,,
72,Kids,6,5,2,3,3,0,2,3,0,2,,0.0,0.0
72,Kids,6,5,2,5,2,0,3,3,1,3,,1.0,1.0
72,Kids,7,2,2,1,1,0,2,3,0,2,,1.0,0.0
72,Kids,7,2,2,2,3,1,3,3,1,3,1.0,,
72,Kids,8,3,3,3,2,0,3,3,1,3,,1.0,1.0
72,Kids,8,3,3,2,3,0,2,2,1,2,,1.0,1.0
72,Kids,8,3,3,1,1,1,1,1,1,1,1.0,,
72,Kids,9,5,3,4,3,1,3,3,1,3,1.0,,
72,Kids,9,5,3,1,3,0,1,2,0,1,,1.0,0.0
72,Kids,9,5,3,5,1,0,3,1,0,3,,0.0,0.0
72,Kids,9,5,3,2,3,0,1,2,0,1,,1.0,0.0
72,Kids,9,5,3,3,3,0,2,2,1,2,,1.0,1.0
72,Kids,10,4,2,4,2,0,3,2,0,3,,0.0,0.0
72,Kids,10,4,2,2,1,0,2,3,0,2,,1.0,0.0
72,Kids,10,4,2,3,2,1,2,2,1,2,1.0,,
72,Kids,10,4,2,1,3,0,1,1,1,1,,1.0,1.0
73,Kids,1,2,1,1,3,0,2,2,1,2,,1.0,1.0
73,Kids,1,2,1,2,1,0,3,1,0,3,,0.0,0.0
73,Kids,2,3,1,2,3,0,2,1,0,2,,1.0,0.0
73,Kids,2,3,1,3,3,0,2,1,0,2,,1.0,0.0
73,Kids,2,3,1,1,3,0,1,1,1,1,,1.0,1.0
73,Kids,3,5,1,3,3,0,2,1,0,2,,1.0,0.0
73,Kids,3,5,1,1,3,0,1,3,0,1,,0.0,0.0
73,Kids,3,5,1,2,3,0,1,1,1,1,,1.0,1.0
73,Kids,3,5,1,4,3,1,3,3,1,3,1.0,,
73,Kids,3,5,1,5,3,1,3,3,1,3,1.0,,
73,Kids,4,4,1,3,3,1,3,3,1,3,1.0,,
73,Kids,4,4,1,1,3,0,1,1,1,1,,1.0,1.0
73,Kids,4,4,1,4,3,1,3,3,1,3,1.0,,
73,Kids,4,4,1,2,3,0,2,1,0,2,,1.0,0.0
73,Kids,5,3,2,3,3,1,3,1,0,3,0.0,,
73,Kids,5,3,2,1,3,0,1,1,1,1,,1.0,1.0
73,Kids,5,3,2,2,3,0,2,1,0,2,,1.0,0.0
73,Kids,6,5,2,2,3,0,1,1,1,1,,1.0,1.0
73,Kids,6,5,2,1,3,0,1,1,1,1,,1.0,1.0
73,Kids,6,5,2,3,3,0,2,1,0,2,,1.0,0.0
73,Kids,6,5,2,5,3,1,3,3,1,3,1.0,,
73,Kids,6,5,2,4,3,0,2,1,0,2,,1.0,0.0
73,Kids,7,2,2,1,3,0,1,1,1,1,,1.0,1.0
73,Kids,7,2,2,2,3,1,3,3,1,3,1.0,,
73,Kids,8,3,3,2,3,0,2,3,0,2,,0.0,0.0
73,Kids,8,3,3,1,3,0,1,1,1,1,,1.0,1.0
73,Kids,8,3,3,3,3,1,3,3,1,3,1.0,,
73,Kids,9,5,3,4,3,1,3,1,0,3,0.0,,
73,Kids,9,5,3,1,3,0,1,1,1,1,,1.0,1.0
73,Kids,9,5,3,2,3,0,2,1,0,2,,1.0,0.0
73,Kids,9,5,3,5,3,1,3,3,1,3,1.0,,
73,Kids,9,5,3,3,3,0,2,1,0,2,,1.0,0.0
73,Kids,10,4,2,2,3,0,1,1,1,1,,1.0,1.0
73,Kids,10,4,2,3,3,0,2,1,0,2,,1.0,0.0
73,Kids,10,4,2,1,3,0,1,1,1,1,,1.0,1.0
73,Kids,10,4,2,4,3,1,3,3,1,3,1.0,,
74,Kids,1,2,1,2,3,1,3,3,1,3,1.0,,
74,Kids,1,2,1,1,1,1,1,1,1,1,1.0,,
74,Kids,2,3,1,2,3,0,1,3,0,1,,0.0,0.0
74,Kids,2,3,1,3,2,1,2,2,1,2,1.0,,
74,Kids,2,3,1,1,1,1,1,2,0,1,0.0,,
74,Kids,3,5,1,3,3,0,2,2,1,2,,1.0,1.0
74,Kids,3,5,1,1,2,0,1,3,0,1,,1.0,0.0
74,Kids,3,5,1,4,2,0,3,3,1,3,,1.0,1.0
74,Kids,3,5,1,2,2,1,2,2,1,2,1.0,,
74,Kids,3,5,1,5,1,0,3,1,0,3,,0.0,0.0
74,Kids,4,4,1,4,3,1,3,3,1,3,1.0,,
74,Kids,4,4,1,2,2,1,2,2,1,2,1.0,,
74,Kids,4,4,1,3,1,0,3,2,0,3,,1.0,0.0
74,Kids,4,4,1,1,2,0,1,2,0,1,,0.0,0.0
74,Kids,5,3,2,3,2,0,3,3,1,3,,1.0,1.0
74,Kids,5,3,2,2,3,0,2,2,1,2,,1.0,1.0
74,Kids,5,3,2,1,3,0,1,2,0,1,,1.0,0.0
74,Kids,6,5,2,3,3,0,2,1,0,2,,1.0,0.0
74,Kids,6,5,2,4,2,1,2,2,1,2,1.0,,
74,Kids,6,5,2,2,2,0,1,1,1,1,,1.0,1.0
74,Kids,6,5,2,1,2,0,1,3,0,1,,1.0,0.0
74,Kids,6,5,2,5,1,0,3,3,1,3,,1.0,1.0
74,Kids,7,2,2,1,2,1,2,2,1,2,1.0,,
74,Kids,7,2,2,2,3,1,3,3,1,3,1.0,,
74,Kids,8,3,3,3,3,1,3,3,1,3,1.0,,
74,Kids,8,3,3,1,1,1,1,1,1,1,1.0,,
74,Kids,8,3,3,2,2,1,2,2,1,2,1.0,,
74,Kids,9,5,3,3,3,0,2,2,1,2,,1.0,1.0
74,Kids,9,5,3,5,3,1,3,3,1,3,1.0,,
74,Kids,9,5,3,2,2,0,1,1,1,1,,1.0,1.0
74,Kids,9,5,3,4,2,0,3,1,0,3,,1.0,0.0
74,Kids,9,5,3,1,1,1,1,3,0,1,0.0,,
74,Kids,10,4,2,4,2,0,3,3,1,3,,1.0,1.0
74,Kids,10,4,2,1,2,0,1,3,0,1,,1.0,0.0
74,Kids,10,4,2,2,2,1,2,2,1,2,1.0,,
74,Kids,10,4,2,3,3,0,2,3,0,2,,0.0,0.0
75,Kids,1,2,1,1,2,0,1,3,0,1,,1.0,0.0
75,Kids,1,2,1,2,3,0,2,1,0,2,,1.0,0.0
75,Kids,2,3,1,2,3,0,2,1,0,2,,1.0,0.0
75,Kids,2,3,1,1,2,1,2,2,1,2,1.0,,
75,Kids,2,3,1,3,1,0,3,3,1,3,,1.0,1.0
75,Kids,3,4,1,4,2,0,3,3,1,3,,1.0,1.0
75,Kids,3,4,1,1,2,0,1,1,1,1,,1.0,1.0
75,Kids,3,4,1,2,2,0,1,1,1,1,,1.0,1.0
75,Kids,3,4,1,3,3,0,2,2,1,2,,1.0,1.0
75,Kids,4,5,1,4,1,0,3,2,0,3,,1.0,0.0
75,Kids,4,5,1,3,1,0,2,2,1,2,,1.0,1.0
75,Kids,4,5,1,2,1,1,1,1,1,1,1.0,,
75,Kids,4,5,1,1,2,0,1,1,1,1,,1.0,1.0
75,Kids,4,5,1,5,3,1,3,1,0,3,0.0,,
75,Kids,5,3,2,1,1,1,1,1,1,1,1.0,,
75,Kids,5,3,2,2,2,1,2,2,1,2,1.0,,
75,Kids,5,3,2,3,3,1,3,3,1,3,1.0,,
75,Kids,6,5,2,1,3,0,1,2,0,1,,1.0,0.0
75,Kids,6,5,2,4,1,0,3,3,1,3,,1.0,1.0
75,Kids,6,5,2,5,2,0,3,1,0,3,,1.0,0.0
75,Kids,6,5,2,2,1,0,2,1,0,2,,0.0,0.0
75,Kids,6,5,2,3,3,0,2,3,0,2,,0.0,0.0
75,Kids,7,2,2,1,3,0,1,2,0,1,,1.0,0.0
75,Kids,7,2,2,2,3,1,3,3,1,3,1.0,,
75,Kids,8,3,3,3,1,0,3,2,0,3,,1.0,0.0
75,Kids,8,3,3,2,1,0,2,3,0,2,,1.0,0.0
75,Kids,8,3,3,1,1,1,1,1,1,1,1.0,,
75,Kids,9,4,2,1,2,0,1,1,1,1,,1.0,1.0
75,Kids,9,4,2,4,2,0,3,1,0,3,,1.0,0.0
75,Kids,9,4,2,2,2,1,2,2,1,2,1.0,,
75,Kids,9,4,2,3,3,1,3,3,1,3,1.0,,
75,Kids,10,5,3,2,3,0,1,2,0,1,,1.0,0.0
75,Kids,10,5,3,1,3,0,1,1,1,1,,1.0,1.0
75,Kids,10,5,3,4,3,0,2,2,1,2,,1.0,1.0
75,Kids,10,5,3,3,3,0,2,3,0,2,,0.0,0.0
75,Kids,10,5,3,5,3,1,3,3,1,3,1.0,,
76,Kids,1,2,1,1,2,1,2,2,1,2,1.0,,
76,Kids,1,2,1,2,1,0,3,3,1,3,,1.0,1.0
76,Kids,2,3,1,2,1,0,3,1,0,3,,0.0,0.0
76,Kids,2,3,1,1,3,0,1,2,0,1,,1.0,0.0
76,Kids,2,3,1,3,2,0,3,1,0,3,,1.0,0.0
76,Kids,3,4,1,4,1,0,3,3,1,3,,1.0,1.0
76,Kids,3,4,1,1,1,1,1,3,0,1,0.0,,
76,Kids,3,4,1,2,2,1,2,1,0,2,0.0,,
76,Kids,3,4,1,3,1,0,2,1,0,2,,0.0,0.0
76,Kids,4,5,1,2,2,0,1,1,1,1,,1.0,1.0
76,Kids,4,5,1,3,3,0,2,3,0,2,,0.0,0.0
76,Kids,4,5,1,5,2,0,3,3,1,3,,1.0,1.0
76,Kids,4,5,1,1,2,0,1,1,1,1,,1.0,1.0
76,Kids,4,5,1,4,2,1,2,2,1,2,1.0,,
76,Kids,5,3,2,3,1,0,3,3,1,3,,1.0,1.0
76,Kids,5,3,2,1,2,0,1,3,0,1,,1.0,0.0
76,Kids,5,3,2,2,2,1,2,2,1,2,1.0,,
76,Kids,6,5,2,4,2,0,3,3,1,3,,1.0,1.0
76,Kids,6,5,2,2,2,0,1,1,1,1,,1.0,1.0
76,Kids,6,5,2,1,2,0,1,1,1,1,,1.0,1.0
76,Kids,6,5,2,5,2,0,3,3,1,3,,1.0,1.0
76,Kids,6,5,2,3,2,1,2,2,1,2,1.0,,
76,Kids,7,2,2,1,2,0,1,1,1,1,,1.0,1.0
76,Kids,7,2,2,2,2,1,2,2,1,2,1.0,,
76,Kids,8,3,3,3,1,0,3,3,1,3,,1.0,1.0
76,Kids,8,3,3,1,3,0,1,1,1,1,,1.0,1.0
76,Kids,8,3,3,2,3,0,2,2,1,2,,1.0,1.0
76,Kids,9,4,2,3,2,1,2,2,1,2,1.0,,
76,Kids,9,4,2,4,2,0,3,3,1,3,,1.0,1.0
76,Kids,9,4,2,2,3,0,1,2,0,1,,1.0,0.0
76,Kids,9,4,2,1,3,0,1,1,1,1,,1.0,1.0
76,Kids,10,5,3,4,1,0,3,2,0,3,,1.0,0.0
76,Kids,10,5,3,2,3,0,2,3,0,2,,0.0,0.0
76,Kids,10,5,3,5,3,1,3,1,0,3,0.0,,
77,Kids,1,2,1,1,3,0,1,1,1,1,,1.0,1.0
77,Kids,1,2,1,2,2,1,2,2,1,2,1.0,,
77,Kids,2,3,1,3,1,0,3,2,0,3,,1.0,0.0
77,Kids,2,3,1,2,1,0,2,2,1,2,,1.0,1.0
77,Kids,2,3,1,1,1,0,2,3,0,2,,1.0,0.0
77,Kids,3,4,1,3,1,0,2,2,1,2,,1.0,1.0
77,Kids,3,4,1,2,1,1,1,1,1,1,1.0,,
77,Kids,3,4,1,4,2,0,3,2,0,3,,0.0,0.0
77,Kids,3,4,1,1,2,0,1,3,0,1,,1.0,0.0
77,Kids,4,5,1,1,1,1,1,1,1,1,1.0,,
77,Kids,4,5,1,2,1,1,1,1,1,1,1.0,,
77,Kids,4,5,1,3,2,1,2,2,1,2,1.0,,
77,Kids,4,5,1,5,3,1,3,2,0,3,0.0,,
77,Kids,4,5,1,4,2,0,3,3,1,3,,1.0,1.0
77,Kids,5,3,2,1,2,0,1,1,1,1,,1.0,1.0
77,Kids,5,3,2,2,3,0,2,2,1,2,,1.0,1.0
77,Kids,5,3,2,3,3,1,3,1,0,3,0.0,,
77,Kids,6,5,2,2,3,0,2,1,0,2,,1.0,0.0
77,Kids,6,5,2,1,3,0,1,2,0,1,,1.0,0.0
77,Kids,6,5,2,4,3,1,3,2,0,3,0.0,,
77,Kids,6,5,2,5,1,0,3,2,0,3,,1.0,0.0
77,Kids,6,5,2,3,3,0,2,2,1,2,,1.0,1.0
77,Kids,7,2,2,2,3,1,3,3,1,3,1.0,,
77,Kids,7,2,2,1,1,1,1,3,0,1,0.0,,
77,Kids,8,3,3,1,2,0,1,3,0,1,,1.0,0.0
77,Kids,8,3,3,3,2,0,3,1,0,3,,1.0,0.0
77,Kids,8,3,3,2,2,1,2,2,1,2,1.0,,
77,Kids,9,4,2,1,2,0,1,3,0,1,,1.0,0.0
77,Kids,9,4,2,3,2,0,3,1,0,3,,1.0,0.0
77,Kids,9,4,2,4,2,0,3,1,0,3,,1.0,0.0
77,Kids,9,4,2,2,2,1,2,2,1,2,1.0,,
77,Kids,10,5,3,3,2,1,2,2,1,2,1.0,,
77,Kids,10,5,3,2,1,1,1,1,1,1,1.0,,
77,Kids,10,5,3,5,3,1,3,3,1,3,1.0,,
77,Kids,10,5,3,1,2,0,1,3,0,1,,1.0,0.0
77,Kids,10,5,3,4,3,0,2,1,0,2,,1.0,0.0
78,Kids,1,2,1,2,1,0,2,3,0,2,,1.0,0.0
78,Kids,1,2,1,1,3,0,1,2,0,1,,1.0,0.0
78,Kids,2,4,1,3,3,0,2,2,1,2,,1.0,1.0
78,Kids,2,4,1,4,2,0,3,2,0,3,,0.0,0.0
78,Kids,2,4,1,2,3,0,2,3,0,2,,0.0,0.0
78,Kids,2,4,1,1,1,1,1,1,1,1,1.0,,
78,Kids,3,3,1,2,3,0,1,2,0,1,,1.0,0.0
78,Kids,3,3,1,3,3,1,3,3,1,3,1.0,,
78,Kids,3,3,1,1,2,0,1,3,0,1,,1.0,0.0
78,Kids,4,5,1,3,1,0,2,1,0,2,,0.0,0.0
78,Kids,4,5,1,5,2,0,3,1,0,3,,1.0,0.0
78,Kids,4,5,1,1,3,0,1,2,0,1,,1.0,0.0
78,Kids,4,5,1,4,1,0,3,1,0,3,,0.0,0.0
78,Kids,4,5,1,2,1,0,2,1,0,2,,0.0,0.0
78,Kids,5,3,2,1,3,0,1,1,1,1,,1.0,1.0
78,Kids,5,3,2,2,1,0,2,2,1,2,,1.0,1.0
78,Kids,5,3,2,3,2,0,3,3,1,3,,1.0,1.0
78,Kids,6,5,2,2,3,0,1,3,0,1,,0.0,0.0
78,Kids,6,5,2,5,1,0,3,3,1,3,,1.0,1.0
78,Kids,6,5,2,4,2,0,3,2,0,3,,0.0,0.0
78,Kids,6,5,2,3,3,0,2,2,1,2,,1.0,1.0
78,Kids,6,5,2,1,1,1,1,1,1,1,1.0,,
78,Kids,7,2,2,2,1,0,3,1,0,3,,0.0,0.0
78,Kids,7,2,2,1,3,0,2,2,1,2,,1.0,1.0
78,Kids,8,4,2,1,1,1,1,1,1,1,1.0,,
78,Kids,8,4,2,3,2,0,3,2,0,3,,0.0,0.0
78,Kids,8,4,2,2,3,0,2,1,0,2,,1.0,0.0
78,Kids,8,4,2,4,1,0,3,3,1,3,,1.0,1.0
78,Kids,9,3,3,1,1,1,1,1,1,1,1.0,,
78,Kids,9,3,3,3,2,0,3,3,1,3,,1.0,1.0
78,Kids,9,3,3,2,3,0,2,2,1,2,,1.0,1.0
78,Kids,10,5,3,4,1,0,2,3,0,2,,1.0,0.0
78,Kids,10,5,3,1,3,0,1,1,1,1,,1.0,1.0
78,Kids,10,5,3,5,1,0,3,3,1,3,,1.0,1.0
78,Kids,10,5,3,3,1,0,2,1,0,2,,0.0,0.0
78,Kids,10,5,3,2,1,1,1,1,1,1,1.0,,
79,Kids,1,2,1,2,2,1,2,2,1,2,1.0,,
79,Kids,1,2,1,1,3,0,1,1,1,1,,1.0,1.0
79,Kids,2,3,1,2,2,0,1,1,1,1,,1.0,1.0
79,Kids,2,3,1,3,2,0,3,3,1,3,,1.0,1.0
79,Kids,2,3,1,1,2,0,1,3,0,1,,1.0,0.0
79,Kids,3,4,1,3,2,1,2,2,1,2,1.0,,
79,Kids,3,4,1,1,2,0,1,1,1,1,,1.0,1.0
79,Kids,3,4,1,4,3,1,3,1,0,3,0.0,,
79,Kids,3,4,1,2,3,0,2,2,1,2,,1.0,1.0
79,Kids,4,5,1,1,3,0,1,3,0,1,,0.0,0.0
79,Kids,4,5,1,5,2,0,3,2,0,3,,0.0,0.0
79,Kids,4,5,1,4,1,0,3,3,1,3,,1.0,1.0
79,Kids,4,5,1,3,3,0,2,2,1,2,,1.0,1.0
79,Kids,4,5,1,2,3,0,2,3,0,2,,0.0,0.0
79,Kids,5,3,2,1,3,0,1,3,0,1,,0.0,0.0
79,Kids,5,3,2,3,2,0,3,2,0,3,,0.0,0.0
79,Kids,5,3,2,2,2,1,2,2,1,2,1.0,,
79,Kids,6,5,2,1,3,0,1,3,0,1,,0.0,0.0
79,Kids,6,5,2,4,3,1,3,2,0,3,0.0,,
79,Kids,6,5,2,5,2,0,3,2,0,3,,0.0,0.0
79,Kids,6,5,2,2,3,0,1,2,0,1,,1.0,0.0
79,Kids,6,5,2,3,3,0,2,3,0,2,,0.0,0.0
79,Kids,7,2,2,1,2,1,2,2,1,2,1.0,,
79,Kids,7,2,2,2,3,1,3,3,1,3,1.0,,
79,Kids,8,3,3,2,2,1,2,2,1,2,1.0,,
79,Kids,8,3,3,1,3,0,1,3,0,1,,0.0,0.0
79,Kids,8,3,3,3,3,1,3,3,1,3,1.0,,
79,Kids,9,4,2,3,3,1,3,2,0,3,0.0,,
79,Kids,9,4,2,1,2,0,1,2,0,1,,0.0,0.0
79,Kids,9,4,2,2,2,1,2,2,1,2,1.0,,
79,Kids,9,4,2,4,1,0,3,3,1,3,,1.0,1.0
79,Kids,10,5,3,4,3,0,2,1,0,2,,1.0,0.0
79,Kids,10,5,3,1,3,0,1,2,0,1,,1.0,0.0
79,Kids,10,5,3,5,2,0,3,3,1,3,,1.0,1.0
79,Kids,10,5,3,3,3,0,2,2,1,2,,1.0,1.0
79,Kids,10,5,3,2,3,0,1,1,1,1,,1.0,1.0
83,Kids,1,2,1,1,3,0,2,2,1,2,,1.0,1.0
83,Kids,1,2,1,2,2,0,3,1,0,3,,1.0,0.0
83,Kids,2,3,1,2,2,1,2,2,1,2,1.0,,
83,Kids,2,3,1,3,1,0,2,3,0,2,,1.0,0.0
83,Kids,2,3,1,1,1,1,1,3,0,1,0.0,,
83,Kids,3,5,1,3,1,0,2,2,1,2,,1.0,1.0
83,Kids,3,5,1,1,2,0,1,3,0,1,,1.0,0.0
83,Kids,3,5,1,2,3,0,1,1,1,1,,1.0,1.0
83,Kids,3,5,1,4,1,0,3,3,1,3,,1.0,1.0
83,Kids,3,5,1,5,2,0,3,3,1,3,,1.0,1.0
83,Kids,4,4,1,3,3,1,3,3,1,3,1.0,,
83,Kids,4,4,1,1,1,1,1,1,1,1,1.0,,
83,Kids,4,4,1,4,2,0,3,1,0,3,,1.0,0.0
83,Kids,4,4,1,2,3,0,2,1,0,2,,1.0,0.0
83,Kids,5,3,2,3,1,0,3,3,1,3,,1.0,1.0
83,Kids,5,3,2,1,3,0,1,1,1,1,,1.0,1.0
83,Kids,5,3,2,2,2,1,2,2,1,2,1.0,,
83,Kids,6,5,2,2,3,0,1,2,0,1,,1.0,0.0
83,Kids,6,5,2,1,2,0,1,1,1,1,,1.0,1.0
83,Kids,6,5,2,3,3,0,2,3,0,2,,0.0,0.0
83,Kids,6,5,2,5,1,0,3,3,1,3,,1.0,1.0
83,Kids,6,5,2,4,3,0,2,2,1,2,,1.0,1.0
83,Kids,7,2,2,1,3,0,1,2,0,1,,1.0,0.0
83,Kids,8,3,3,2,3,0,2,3,0,2,,0.0,0.0
83,Kids,8,3,3,1,1,1,1,1,1,1,1.0,,
83,Kids,8,3,3,3,2,0,3,3,1,3,,1.0,1.0
83,Kids,9,5,3,4,3,1,3,3,1,3,1.0,,
83,Kids,9,5,3,1,1,1,1,1,1,1,1.0,,
83,Kids,9,5,3,2,2,1,2,2,1,2,1.0,,
83,Kids,9,5,3,5,1,0,3,2,0,3,,1.0,0.0
83,Kids,9,5,3,3,1,0,2,3,0,2,,1.0,0.0
83,Kids,10,4,2,2,1,1,1,1,1,1,1.0,,
83,Kids,10,4,2,3,3,0,2,1,0,2,,1.0,0.0
83,Kids,10,4,2,1,2,0,1,3,0,1,,1.0,0.0
83,Kids,10,4,2,4,1,0,3,2,0,3,,1.0,0.0
84,Kids,1,2,1,2,2,0,3,3,1,3,,1.0,1.0
84,Kids,1,2,1,1,2,0,1,1,1,1,,1.0,1.0
84,Kids,2,3,1,2,1,1,1,1,1,1,1.0,,
84,Kids,2,3,1,3,2,1,2,3,0,2,0.0,,
84,Kids,2,3,1,1,3,0,1,2,0,1,,1.0,0.0
84,Kids,3,5,1,3,1,0,2,1,0,2,,0.0,0.0
84,Kids,3,5,1,1,2,0,1,3,0,1,,1.0,0.0
84,Kids,3,5,1,4,3,1,3,1,0,3,0.0,,
84,Kids,3,5,1,2,2,1,2,2,1,2,1.0,,
84,Kids,3,5,1,5,1,0,3,1,0,3,,0.0,0.0
84,Kids,4,4,1,4,2,0,3,3,1,3,,1.0,1.0
84,Kids,4,4,1,2,1,0,2,3,0,2,,1.0,0.0
84,Kids,4,4,1,3,3,1,3,1,0,3,0.0,,
84,Kids,4,4,1,1,2,0,1,1,1,1,,1.0,1.0
84,Kids,5,3,2,3,2,0,3,3,1,3,,1.0,1.0
84,Kids,5,3,2,2,2,1,2,2,1,2,1.0,,
84,Kids,5,3,2,1,1,1,1,1,1,1,1.0,,
84,Kids,6,5,2,3,3,0,2,3,0,2,,0.0,0.0
84,Kids,6,5,2,4,3,0,2,3,0,2,,0.0,0.0
84,Kids,6,5,2,2,2,0,1,3,0,1,,1.0,0.0
84,Kids,6,5,2,1,3,0,1,1,1,1,,1.0,1.0
84,Kids,6,5,2,5,3,1,3,3,1,3,1.0,,
84,Kids,7,2,2,1,2,1,2,2,1,2,1.0,,
84,Kids,7,2,2,2,3,1,3,3,1,3,1.0,,
84,Kids,8,3,3,3,2,0,3,1,0,3,,1.0,0.0
84,Kids,8,3,3,1,2,0,1,3,0,1,,1.0,0.0
84,Kids,8,3,3,2,2,1,2,2,1,2,1.0,,
84,Kids,9,5,3,3,2,1,2,3,0,2,0.0,,
84,Kids,9,5,3,5,3,1,3,3,1,3,1.0,,
84,Kids,9,5,3,2,2,0,1,2,0,1,,0.0,0.0
84,Kids,9,5,3,4,2,0,3,3,1,3,,1.0,1.0
84,Kids,9,5,3,1,1,1,1,1,1,1,1.0,,
84,Kids,10,4,2,4,2,0,3,3,1,3,,1.0,1.0
84,Kids,10,4,2,1,2,0,1,1,1,1,,1.0,1.0
84,Kids,10,4,2,2,2,1,2,1,0,2,0.0,,
84,Kids,10,4,2,3,2,1,2,2,1,2,1.0,,
85,Kids,1,2,1,2,3,0,2,3,0,2,,0.0,0.0
85,Kids,2,3,1,2,3,0,2,1,0,2,,1.0,0.0
85,Kids,2,3,1,1,2,1,2,2,1,2,1.0,,
85,Kids,2,3,1,3,1,0,3,3,1,3,,1.0,1.0
85,Kids,3,4,1,4,3,1,3,3,1,3,1.0,,
85,Kids,3,4,1,1,2,0,1,2,0,1,,0.0,0.0
85,Kids,3,4,1,2,3,0,1,1,1,1,,1.0,1.0
85,Kids,3,4,1,3,1,0,2,2,1,2,,1.0,1.0
85,Kids,4,5,1,4,2,0,3,2,0,3,,0.0,0.0
85,Kids,4,5,1,3,2,1,2,1,0,2,0.0,,
85,Kids,4,5,1,2,1,1,1,2,0,1,0.0,,
85,Kids,4,5,1,1,3,0,1,2,0,1,,1.0,0.0
85,Kids,4,5,1,5,2,0,3,3,1,3,,1.0,1.0
85,Kids,5,3,2,1,3,0,1,2,0,1,,1.0,0.0
85,Kids,5,3,2,2,3,0,2,2,1,2,,1.0,1.0
85,Kids,5,3,2,3,3,1,3,3,1,3,1.0,,
85,Kids,6,5,2,1,2,0,1,2,0,1,,0.0,0.0
85,Kids,6,5,2,4,2,0,3,1,0,3,,1.0,0.0
85,Kids,6,5,2,5,2,0,3,3,1,3,,1.0,1.0
85,Kids,6,5,2,2,2,1,2,2,1,2,1.0,,
85,Kids,6,5,2,3,1,0,2,1,0,2,,0.0,0.0
85,Kids,7,2,2,1,3,0,1,2,0,1,,1.0,0.0
85,Kids,7,2,2,2,2,0,3,3,1,3,,1.0,1.0
85,Kids,8,3,3,3,2,0,3,3,1,3,,1.0,1.0
85,Kids,8,3,3,2,2,1,2,2,1,2,1.0,,
85,Kids,8,3,3,1,1,1,1,1,1,1,1.0,,
85,Kids,9,4,2,1,3,0,1,1,1,1,,1.0,1.0
85,Kids,9,4,2,4,3,1,3,3,1,3,1.0,,
85,Kids,9,4,2,2,1,0,2,2,1,2,,1.0,1.0
85,Kids,9,4,2,3,1,0,3,2,0,3,,1.0,0.0
85,Kids,10,5,3,2,3,0,1,2,0,1,,1.0,0.0
85,Kids,10,5,3,1,3,0,1,2,0,1,,1.0,0.0
85,Kids,10,5,3,4,3,0,2,1,0,2,,1.0,0.0
85,Kids,10,5,3,3,3,0,2,1,0,2,,1.0,0.0
85,Kids,10,5,3,5,3,1,3,3,1,3,1.0,,
86,Kids,1,2,1,1,3,0,2,2,1,2,,1.0,1.0
86,Kids,1,2,1,2,3,1,3,3,1,3,1.0,,
86,Kids,2,3,1,2,2,0,3,3,1,3,,1.0,1.0
86,Kids,2,3,1,1,2,0,1,3,0,1,,1.0,0.0
86,Kids,2,3,1,3,2,0,3,3,1,3,,1.0,1.0
86,Kids,3,4,1,4,3,1,3,3,1,3,1.0,,
86,Kids,3,4,1,1,2,0,1,2,0,1,,0.0,0.0
86,Kids,3,4,1,2,3,0,2,3,0,2,,0.0,0.0
86,Kids,3,4,1,3,3,0,2,2,1,2,,1.0,1.0
86,Kids,4,5,1,2,3,0,1,1,1,1,,1.0,1.0
86,Kids,4,5,1,3,3,0,2,2,1,2,,1.0,1.0
86,Kids,4,5,1,5,3,1,3,3,1,3,1.0,,
86,Kids,4,5,1,1,3,0,1,1,1,1,,1.0,1.0
86,Kids,4,5,1,4,2,1,2,2,1,2,1.0,,
86,Kids,5,3,2,3,3,1,3,3,1,3,1.0,,
86,Kids,5,3,2,1,2,0,1,2,0,1,,0.0,0.0
86,Kids,5,3,2,2,3,0,2,1,0,2,,1.0,0.0
86,Kids,6,5,2,4,3,1,3,3,1,3,1.0,,
86,Kids,6,5,2,2,3,0,1,1,1,1,,1.0,1.0
86,Kids,6,5,2,1,2,0,1,2,0,1,,0.0,0.0
86,Kids,6,5,2,5,3,1,3,3,1,3,1.0,,
86,Kids,6,5,2,3,1,0,2,2,1,2,,1.0,1.0
86,Kids,7,2,2,1,3,0,1,2,0,1,,1.0,0.0
86,Kids,7,2,2,2,3,0,2,2,1,2,,1.0,1.0
86,Kids,8,3,3,3,3,1,3,3,1,3,1.0,,
86,Kids,8,3,3,1,3,0,1,1,1,1,,1.0,1.0
86,Kids,8,3,3,2,3,0,2,2,1,2,,1.0,1.0
86,Kids,9,4,2,3,3,0,2,2,1,2,,1.0,1.0
86,Kids,9,4,2,4,2,0,3,3,1,3,,1.0,1.0
86,Kids,9,4,2,2,3,0,1,1,1,1,,1.0,1.0
86,Kids,9,4,2,1,1,1,1,1,1,1,1.0,,
86,Kids,10,5,3,4,3,1,3,3,1,3,1.0,,
86,Kids,10,5,3,2,1,0,2,3,0,2,,1.0,0.0
86,Kids,10,5,3,5,2,0,3,2,0,3,,0.0,0.0
86,Kids,10,5,3,3,2,1,2,2,1,2,1.0,,
86,Kids,10,5,3,1,1,1,1,1,1,1,1.0,,
87,Kids,1,2,1,1,3,0,1,1,1,1,,1.0,1.0
87,Kids,1,2,1,2,2,1,2,2,1,2,1.0,,
87,Kids,2,3,1,3,1,0,3,2,0,3,,1.0,0.0
87,Kids,2,3,1,2,1,0,2,2,1,2,,1.0,1.0
87,Kids,2,3,1,1,1,0,2,3,0,2,,1.0,0.0
87,Kids,3,4,1,3,2,1,2,2,1,2,1.0,,
87,Kids,3,4,1,2,1,1,1,1,1,1,1.0,,
87,Kids,3,4,1,4,3,1,3,3,1,3,1.0,,
87,Kids,3,4,1,1,2,0,1,3,0,1,,1.0,0.0
87,Kids,4,5,1,1,2,0,1,2,0,1,,0.0,0.0
87,Kids,4,5,1,2,1,1,1,1,1,1,1.0,,
87,Kids,4,5,1,3,3,0,2,2,1,2,,1.0,1.0
87,Kids,4,5,1,5,2,0,3,3,1,3,,1.0,1.0
87,Kids,4,5,1,4,3,1,3,3,1,3,1.0,,
87,Kids,5,3,2,1,1,1,1,1,1,1,1.0,,
87,Kids,5,3,2,2,3,0,2,2,1,2,,1.0,1.0
87,Kids,5,3,2,3,3,1,3,3,1,3,1.0,,
87,Kids,6,5,2,2,1,0,2,3,0,2,,1.0,0.0
87,Kids,6,5,2,1,3,0,1,1,1,1,,1.0,1.0
87,Kids,6,5,2,4,1,0,3,1,0,3,,0.0,0.0
87,Kids,6,5,2,5,2,0,3,2,0,3,,0.0,0.0
87,Kids,6,5,2,3,3,0,2,1,0,2,,1.0,0.0
87,Kids,7,2,2,2,1,0,3,3,1,3,,1.0,1.0
87,Kids,7,2,2,1,2,0,1,3,0,1,,1.0,0.0
87,Kids,8,3,3,1,2,0,1,3,0,1,,1.0,0.0
87,Kids,8,3,3,3,2,0,3,3,1,3,,1.0,1.0
87,Kids,8,3,3,2,2,1,2,2,1,2,1.0,,
87,Kids,9,4,2,1,2,0,1,3,0,1,,1.0,0.0
87,Kids,9,4,2,3,2,0,3,1,0,3,,1.0,0.0
87,Kids,9,4,2,4,2,0,3,3,1,3,,1.0,1.0
87,Kids,9,4,2,2,2,1,2,2,1,2,1.0,,
87,Kids,10,5,3,3,3,0,2,1,0,2,,1.0,0.0
87,Kids,10,5,3,2,2,0,1,2,0,1,,0.0,0.0
87,Kids,10,5,3,5,3,1,3,3,1,3,1.0,,
87,Kids,10,5,3,1,1,1,1,1,1,1,1.0,,
87,Kids,10,5,3,4,2,1,2,2,1,2,1.0,,
88,Kids,1,2,1,2,3,0,2,3,0,2,,0.0,0.0
88,Kids,1,2,1,1,1,1,1,1,1,1,1.0,,
88,Kids,2,4,1,3,3,0,2,3,0,2,,0.0,0.0
88,Kids,2,4,1,4,1,0,3,1,0,3,,0.0,0.0
88,Kids,2,4,1,2,2,1,2,2,1,2,1.0,,
88,Kids,2,4,1,1,3,0,1,1,1,1,,1.0,1.0
88,Kids,3,3,1,2,3,0,1,2,0,1,,1.0,0.0
88,Kids,3,3,1,3,1,0,3,3,1,3,,1.0,1.0
88,Kids,3,3,1,1,2,0,1,3,0,1,,1.0,0.0
88,Kids,4,5,1,3,2,1,2,2,1,2,1.0,,
88,Kids,4,5,1,5,3,1,3,3,1,3,1.0,,
88,Kids,4,5,1,1,1,1,1,3,0,1,0.0,,
88,Kids,4,5,1,4,2,0,3,1,0,3,,1.0,0.0
88,Kids,4,5,1,2,3,0,2,3,0,2,,0.0,0.0
88,Kids,5,3,2,1,3,0,1,1,1,1,,1.0,1.0
88,Kids,5,3,2,2,1,0,2,2,1,2,,1.0,1.0
88,Kids,5,3,2,3,1,0,3,3,1,3,,1.0,1.0
88,Kids,6,5,2,2,1,1,1,1,1,1,1.0,,
88,Kids,6,5,2,5,3,1,3,3,1,3,1.0,,
88,Kids,6,5,2,4,2,0,3,3,1,3,,1.0,1.0
88,Kids,6,5,2,3,2,1,2,2,1,2,1.0,,
88,Kids,6,5,2,1,3,0,1,2,0,1,,1.0,0.0
88,Kids,7,2,2,2,3,1,3,3,1,3,1.0,,
88,Kids,7,2,2,1,1,0,2,3,0,2,,1.0,0.0
88,Kids,8,4,2,3,3,1,3,3,1,3,1.0,,
88,Kids,8,4,2,2,2,1,2,3,0,2,0.0,,
88,Kids,8,4,2,4,1,0,3,3,1,3,,1.0,1.0
88,Kids,9,3,3,1,3,0,1,1,1,1,,1.0,1.0
88,Kids,9,3,3,3,1,0,3,3,1,3,,1.0,1.0
88,Kids,9,3,3,2,2,1,2,2,1,2,1.0,,
88,Kids,10,5,3,4,3,0,2,1,0,2,,1.0,0.0
88,Kids,10,5,3,1,1,1,1,1,1,1,1.0,,
88,Kids,10,5,3,5,2,0,3,3,1,3,,1.0,1.0
88,Kids,10,5,3,3,3,0,2,3,0,2,,0.0,0.0
88,Kids,10,5,3,2,2,0,1,1,1,1,,1.0,1.0
90,Kids,1,2,1,1,3,0,1,2,0,1,,1.0,0.0
90,Kids,1,2,1,2,1,0,2,2,1,2,,1.0,1.0
90,Kids,2,3,1,3,2,0,3,2,0,3,,0.0,0.0
90,Kids,2,3,1,2,1,0,2,2,1,2,,1.0,1.0
90,Kids,2,3,1,1,3,0,2,2,1,2,,1.0,1.0
90,Kids,3,4,1,3,2,1,2,2,1,2,1.0,,
90,Kids,3,4,1,2,2,0,1,1,1,1,,1.0,1.0
90,Kids,3,4,1,4,2,0,3,3,1,3,,1.0,1.0
90,Kids,3,4,1,1,2,0,1,2,0,1,,0.0,0.0
90,Kids,4,5,1,1,2,0,1,3,0,1,,1.0,0.0
90,Kids,4,5,1,2,2,0,1,3,0,1,,1.0,0.0
90,Kids,4,5,1,3,2,1,2,2,1,2,1.0,,
90,Kids,4,5,1,5,2,0,3,3,1,3,,1.0,1.0
90,Kids,4,5,1,4,2,0,3,3,1,3,,1.0,1.0
90,Kids,5,3,2,1,2,0,1,3,0,1,,1.0,0.0
90,Kids,5,3,2,2,2,1,2,2,1,2,1.0,,
90,Kids,5,3,2,3,2,0,3,3,1,3,,1.0,1.0
90,Kids,6,5,2,1,2,0,1,2,0,1,,0.0,0.0
90,Kids,6,5,2,4,2,0,3,3,1,3,,1.0,1.0
90,Kids,7,2,2,2,2,0,3,2,0,3,,0.0,0.0
90,Kids,7,2,2,1,2,0,1,3,0,1,,1.0,0.0
90,Kids,8,3,3,3,1,0,3,2,0,3,,1.0,0.0
90,Kids,9,4,2,1,1,1,1,2,0,1,0.0,,
90,Kids,9,4,2,3,2,0,3,2,0,3,,0.0,0.0
90,Kids,9,4,2,4,1,0,3,1,0,3,,0.0,0.0
90,Kids,9,4,2,2,2,1,2,1,0,2,0.0,,
90,Kids,10,5,3,3,1,0,2,1,0,2,,0.0,0.0
90,Kids,10,5,3,2,3,0,1,3,0,1,,0.0,0.0
90,Kids,10,5,3,1,3,0,1,3,0,1,,0.0,0.0
90,Kids,10,5,3,4,2,1,2,2,1,2,1.0,,
91,Kids,1,2,1,2,1,0,2,3,0,2,,1.0,0.0
91,Kids,1,2,1,1,2,0,1,1,1,1,,1.0,1.0
91,Kids,2,3,1,2,1,0,2,3,0,2,,1.0,0.0
91,Kids,2,3,1,1,2,1,2,2,1,2,1.0,,
91,Kids,2,3,1,3,2,0,3,2,0,3,,0.0,0.0
91,Kids,3,4,1,4,1,0,3,1,0,3,,0.0,0.0
91,Kids,3,4,1,2,2,0,1,3,0,1,,1.0,0.0
91,Kids,3,4,1,3,2,1,2,1,0,2,0.0,,
91,Kids,3,4,1,1,2,0,1,1,1,1,,1.0,1.0
91,Kids,4,5,1,2,1,1,1,1,1,1,1.0,,
91,Kids,4,5,1,3,2,1,2,3,0,2,0.0,,
91,Kids,4,5,1,1,3,0,1,2,0,1,,1.0,0.0
91,Kids,4,5,1,4,2,0,3,2,0,3,,0.0,0.0
91,Kids,4,5,1,5,3,1,3,3,1,3,1.0,,
91,Kids,5,3,2,2,1,0,2,1,0,2,,0.0,0.0
91,Kids,5,3,2,3,3,1,3,3,1,3,1.0,,
91,Kids,5,3,2,1,3,0,1,2,0,1,,1.0,0.0
91,Kids,6,5,2,2,1,0,2,2,1,2,,1.0,1.0
91,Kids,6,5,2,3,3,0,2,1,0,2,,1.0,0.0
91,Kids,6,5,2,4,2,0,3,3,1,3,,1.0,1.0
91,Kids,6,5,2,5,1,0,3,2,0,3,,1.0,0.0
91,Kids,6,5,2,1,2,0,1,1,1,1,,1.0,1.0
91,Kids,7,2,2,1,1,1,1,1,1,1,1.0,,
91,Kids,7,2,2,2,2,0,3,3,1,3,,1.0,1.0
91,Kids,8,3,3,1,1,1,1,1,1,1,1.0,,
91,Kids,8,3,3,3,2,0,3,3,1,3,,1.0,1.0
91,Kids,8,3,3,2,1,0,2,2,1,2,,1.0,1.0
91,Kids,9,4,2,1,1,1,1,1,1,1,1.0,,
91,Kids,9,4,2,3,2,0,3,3,1,3,,1.0,1.0
91,Kids,9,4,2,2,3,0,2,2,1,2,,1.0,1.0
91,Kids,9,4,2,4,1,0,3,3,1,3,,1.0,1.0
91,Kids,10,5,3,2,2,0,1,1,1,1,,1.0,1.0
91,Kids,10,5,3,4,1,0,2,3,0,2,,1.0,0.0
91,Kids,10,5,3,3,2,1,2,2,1,2,1.0,,
93,Kids,1,2,1,1,2,1,2,2,1,2,1.0,,
93,Kids,1,2,1,2,3,1,3,3,1,3,1.0,,
93,Kids,2,3,1,2,2,1,2,2,1,2,1.0,,
93,Kids,2,3,1,3,2,1,2,2,1,2,1.0,,
93,Kids,2,3,1,1,1,1,1,1,1,1,1.0,,
93,Kids,3,5,1,3,3,0,2,3,0,2,,0.0,0.0
93,Kids,3,5,1,1,2,0,1,1,1,1,,1.0,1.0
93,Kids,3,5,1,2,1,1,1,1,1,1,1.0,,
93,Kids,3,5,1,4,3,1,3,3,1,3,1.0,,
93,Kids,3,5,1,5,3,1,3,3,1,3,1.0,,
93,Kids,4,4,1,3,3,1,3,1,0,3,0.0,,
93,Kids,4,4,1,1,3,0,1,2,0,1,,1.0,0.0
93,Kids,4,4,1,4,1,0,3,1,0,3,,0.0,0.0
93,Kids,4,4,1,2,2,1,2,3,0,2,0.0,,
93,Kids,5,3,2,3,3,1,3,3,1,3,1.0,,
93,Kids,5,3,2,1,3,0,1,1,1,1,,1.0,1.0
93,Kids,5,3,2,2,1,0,2,2,1,2,,1.0,1.0
93,Kids,6,5,2,2,1,1,1,1,1,1,1.0,,
93,Kids,6,5,2,1,1,1,1,1,1,1,1.0,,
93,Kids,6,5,2,3,2,1,2,2,1,2,1.0,,
93,Kids,6,5,2,5,2,0,3,3,1,3,,1.0,1.0
93,Kids,6,5,2,4,1,0,2,3,0,2,,1.0,0.0
93,Kids,7,2,2,1,3,0,1,3,0,1,,0.0,0.0
93,Kids,7,2,2,2,1,0,3,2,0,3,,1.0,0.0
93,Kids,8,3,3,2,2,1,2,2,1,2,1.0,,
93,Kids,8,3,3,1,3,0,1,1,1,1,,1.0,1.0
93,Kids,8,3,3,3,3,1,3,1,0,3,0.0,,
93,Kids,9,5,3,4,2,0,3,1,0,3,,1.0,0.0
93,Kids,9,5,3,1,3,0,1,2,0,1,,1.0,0.0
93,Kids,9,5,3,2,2,1,2,1,0,2,0.0,,
93,Kids,9,5,3,5,3,1,3,3,1,3,1.0,,
93,Kids,9,5,3,3,3,0,2,2,1,2,,1.0,1.0
93,Kids,10,4,2,2,1,1,1,1,1,1,1.0,,
93,Kids,10,4,2,3,1,0,2,2,1,2,,1.0,1.0
93,Kids,10,4,2,1,2,0,1,3,0,1,,1.0,0.0
93,Kids,10,4,2,4,3,1,3,2,0,3,0.0,,
94,Kids,1,2,1,2,2,0,3,3,1,3,,1.0,1.0
94,Kids,1,2,1,1,3,0,1,1,1,1,,1.0,1.0
94,Kids,2,3,1,2,3,0,1,2,0,1,,1.0,0.0
94,Kids,2,3,1,3,3,0,2,2,1,2,,1.0,1.0
94,Kids,2,3,1,1,3,0,1,2,0,1,,1.0,0.0
94,Kids,3,5,1,3,3,0,2,1,0,2,,1.0,0.0
94,Kids,3,5,1,1,2,0,1,2,0,1,,0.0,0.0
94,Kids,3,5,1,4,1,0,3,3,1,3,,1.0,1.0
94,Kids,3,5,1,2,3,0,2,3,0,2,,0.0,0.0
94,Kids,3,5,1,5,3,1,3,3,1,3,1.0,,
94,Kids,4,4,1,4,3,1,3,3,1,3,1.0,,
94,Kids,4,4,1,2,1,0,2,3,0,2,,1.0,0.0
94,Kids,4,4,1,3,1,0,3,2,0,3,,1.0,0.0
94,Kids,4,4,1,1,3,0,1,2,0,1,,1.0,0.0
94,Kids,5,3,2,3,2,0,3,3,1,3,,1.0,1.0
94,Kids,5,3,2,2,2,1,2,2,1,2,1.0,,
94,Kids,5,3,2,1,1,1,1,1,1,1,1.0,,
94,Kids,6,5,2,3,1,0,2,2,1,2,,1.0,1.0
94,Kids,6,5,2,4,1,0,2,2,1,2,,1.0,1.0
94,Kids,6,5,2,2,1,1,1,1,1,1,1.0,,
94,Kids,6,5,2,1,1,1,1,1,1,1,1.0,,
94,Kids,6,5,2,5,1,0,3,2,0,3,,1.0,0.0
94,Kids,7,2,2,1,3,0,2,2,1,2,,1.0,1.0
94,Kids,7,2,2,2,3,1,3,3,1,3,1.0,,
94,Kids,8,3,3,3,1,0,3,3,1,3,,1.0,1.0
94,Kids,8,3,3,1,1,1,1,1,1,1,1.0,,
94,Kids,8,3,3,2,2,1,2,2,1,2,1.0,,
94,Kids,9,5,3,3,2,1,2,2,1,2,1.0,,
94,Kids,9,5,3,5,3,1,3,2,0,3,0.0,,
94,Kids,9,5,3,2,1,1,1,1,1,1,1.0,,
94,Kids,9,5,3,4,2,0,3,3,1,3,,1.0,1.0
94,Kids,9,5,3,1,2,0,1,3,0,1,,1.0,0.0
94,Kids,10,4,2,4,3,1,3,3,1,3,1.0,,
94,Kids,10,4,2,1,1,1,1,1,1,1,1.0,,
94,Kids,10,4,2,2,2,1,2,2,1,2,1.0,,
94,Kids,10,4,2,3,2,1,2,2,1,2,1.0,,
95,Kids,1,2,1,1,3,0,1,2,0,1,,1.0,0.0
95,Kids,1,2,1,2,3,0,2,1,0,2,,1.0,0.0
95,Kids,2,3,1,2,3,0,2,2,1,2,,1.0,1.0
95,Kids,2,3,1,1,3,0,2,3,0,2,,0.0,0.0
95,Kids,2,3,1,3,3,1,3,1,0,3,0.0,,
95,Kids,3,4,1,4,1,0,3,1,0,3,,0.0,0.0
95,Kids,3,4,1,1,3,0,1,2,0,1,,1.0,0.0
95,Kids,3,4,1,2,3,0,1,2,0,1,,1.0,0.0
95,Kids,3,4,1,3,3,0,2,2,1,2,,1.0,1.0
95,Kids,4,5,1,3,3,0,2,1,0,2,,1.0,0.0
95,Kids,4,5,1,2,3,0,1,2,0,1,,1.0,0.0
95,Kids,4,5,1,1,2,0,1,3,0,1,,1.0,0.0
95,Kids,4,5,1,5,1,0,3,2,0,3,,1.0,0.0
95,Kids,5,3,2,1,3,0,1,1,1,1,,1.0,1.0
95,Kids,5,3,2,2,3,0,2,2,1,2,,1.0,1.0
95,Kids,5,3,2,3,3,1,3,2,0,3,0.0,,
95,Kids,6,5,2,1,2,0,1,2,0,1,,0.0,0.0
95,Kids,6,5,2,4,1,0,3,3,1,3,,1.0,1.0
95,Kids,6,5,2,5,3,1,3,2,0,3,0.0,,
95,Kids,6,5,2,2,3,0,2,2,1,2,,1.0,1.0
95,Kids,6,5,2,3,1,0,2,3,0,2,,1.0,0.0
95,Kids,7,2,2,1,3,0,1,1,1,1,,1.0,1.0
95,Kids,7,2,2,2,3,1,3,3,1,3,1.0,,
95,Kids,8,3,3,3,2,0,3,1,0,3,,1.0,0.0
95,Kids,8,3,3,2,2,1,2,2,1,2,1.0,,
95,Kids,8,3,3,1,3,0,1,1,1,1,,1.0,1.0
95,Kids,9,4,2,1,1,1,1,2,0,1,0.0,,
95,Kids,9,4,2,4,3,1,3,1,0,3,0.0,,
95,Kids,9,4,2,2,2,1,2,1,0,2,0.0,,
95,Kids,9,4,2,3,2,0,3,3,1,3,,1.0,1.0
95,Kids,10,5,3,2,2,0,1,1,1,1,,1.0,1.0
95,Kids,10,5,3,1,3,0,1,3,0,1,,0.0,0.0
95,Kids,10,5,3,4,3,0,2,1,0,2,,1.0,0.0
95,Kids,10,5,3,3,3,0,2,3,0,2,,0.0,0.0
95,Kids,10,5,3,5,3,1,3,3,1,3,1.0,,
100,Kids,1,2,1,2,1,0,2,2,1,2,,1.0,1.0
100,Kids,1,2,1,1,3,0,1,1,1,1,,1.0,1.0
100,Kids,2,3,1,2,3,0,1,2,0,1,,1.0,0.0
100,Kids,2,3,1,1,1,1,1,1,1,1,1.0,,
100,Kids,2,3,1,3,2,0,3,3,1,3,,1.0,1.0
100,Kids,3,4,1,1,2,0,1,1,1,1,,1.0,1.0
100,Kids,3,4,1,2,1,0,2,2,1,2,,1.0,1.0
100,Kids,3,4,1,3,2,1,2,3,0,2,0.0,,
100,Kids,3,4,1,4,2,0,3,2,0,3,,0.0,0.0
100,Kids,4,5,1,5,2,0,3,2,0,3,,0.0,0.0
100,Kids,4,5,1,2,3,0,2,1,0,2,,1.0,0.0
100,Kids,4,5,1,3,2,1,2,2,1,2,1.0,,
100,Kids,4,5,1,4,3,1,3,3,1,3,1.0,,
100,Kids,4,5,1,1,1,1,1,1,1,1,1.0,,
100,Kids,5,3,2,2,2,1,2,1,0,2,0.0,,
100,Kids,5,3,2,1,2,0,1,3,0,1,,1.0,0.0
100,Kids,5,3,2,3,1,0,3,1,0,3,,0.0,0.0
100,Kids,6,5,2,5,1,0,3,2,0,3,,1.0,0.0
100,Kids,6,5,2,1,1,1,1,1,1,1,1.0,,
100,Kids,6,5,2,4,2,0,3,3,1,3,,1.0,1.0
100,Kids,6,5,2,3,2,1,2,2,1,2,1.0,,
100,Kids,6,5,2,2,1,1,1,2,0,1,0.0,,
100,Kids,7,2,2,1,2,1,2,3,0,2,0.0,,
100,Kids,7,2,2,2,2,0,3,1,0,3,,1.0,0.0
100,Kids,8,3,3,1,1,1,1,1,1,1,1.0,,
100,Kids,8,3,3,2,2,1,2,2,1,2,1.0,,
100,Kids,8,3,3,3,3,1,3,3,1,3,1.0,,
100,Kids,9,4,2,2,3,0,2,2,1,2,,1.0,1.0
100,Kids,9,4,2,1,1,1,1,1,1,1,1.0,,
100,Kids,9,4,2,3,2,0,3,3,1,3,,1.0,1.0
100,Kids,9,4,2,4,2,0,3,1,0,3,,1.0,0.0
100,Kids,10,5,3,2,3,0,1,1,1,1,,1.0,1.0
100,Kids,10,5,3,3,2,1,2,1,0,2,0.0,,
100,Kids,10,5,3,5,2,0,3,3,1,3,,1.0,1.0
100,Kids,10,5,3,1,1,1,1,2,0,1,0.0,,
100,Kids,10,5,3,4,2,1,2,2,1,2,1.0,,
101,Kids,1,2,1,2,2,1,2,2,1,2,1.0,,
101,Kids,1,2,1,1,1,1,1,1,1,1,1.0,,
101,Kids,2,3,1,2,2,1,2,2,1,2,1.0,,
101,Kids,2,3,1,1,3,0,2,1,0,2,,1.0,0.0
101,Kids,2,3,1,3,1,0,3,3,1,3,,1.0,1.0
101,Kids,3,4,1,4,2,0,3,3,1,3,,1.0,1.0
101,Kids,3,4,1,2,1,1,1,1,1,1,1.0,,
101,Kids,3,4,1,3,2,1,2,1,0,2,0.0,,
101,Kids,3,4,1,1,1,1,1,1,1,1,1.0,,
101,Kids,4,5,1,2,3,0,1,2,0,1,,1.0,0.0
101,Kids,4,5,1,3,3,0,2,2,1,2,,1.0,1.0
101,Kids,4,5,1,1,3,0,1,2,0,1,,1.0,0.0
101,Kids,4,5,1,4,3,1,3,3,1,3,1.0,,
101,Kids,4,5,1,5,2,0,3,1,0,3,,1.0,0.0
101,Kids,5,3,2,2,2,1,2,2,1,2,1.0,,
101,Kids,5,3,2,3,3,1,3,3,1,3,1.0,,
101,Kids,5,3,2,1,3,0,1,3,0,1,,0.0,0.0
101,Kids,6,5,2,2,1,0,2,2,1,2,,1.0,1.0
101,Kids,6,5,2,3,1,0,2,2,1,2,,1.0,1.0
101,Kids,6,5,2,4,1,0,3,3,1,3,,1.0,1.0
101,Kids,6,5,2,5,2,0,3,1,0,3,,1.0,0.0
101,Kids,6,5,2,1,2,0,1,1,1,1,,1.0,1.0
101,Kids,7,2,2,1,3,0,1,2,0,1,,1.0,0.0
101,Kids,7,2,2,2,3,1,3,3,1,3,1.0,,
101,Kids,8,3,3,1,3,0,1,3,0,1,,0.0,0.0
101,Kids,8,3,3,3,3,1,3,3,1,3,1.0,,
101,Kids,9,4,2,1,3,0,1,1,1,1,,1.0,1.0
101,Kids,9,4,2,3,2,0,3,1,0,3,,1.0,0.0
101,Kids,9,4,2,2,2,1,2,2,1,2,1.0,,
101,Kids,9,4,2,4,3,1,3,3,1,3,1.0,,
101,Kids,10,5,3,2,2,0,1,2,0,1,,0.0,0.0
101,Kids,10,5,3,4,3,0,2,2,1,2,,1.0,1.0
101,Kids,10,5,3,1,3,0,1,2,0,1,,1.0,0.0
101,Kids,10,5,3,5,3,1,3,3,1,3,1.0,,
101,Kids,10,5,3,3,2,1,2,2,1,2,1.0,,
102,Kids,1,2,1,1,3,0,1,3,0,1,,0.0,0.0
102,Kids,1,2,1,2,2,0,3,1,0,3,,1.0,0.0
102,Kids,2,3,1,2,3,0,1,3,0,1,,0.0,0.0
102,Kids,2,3,1,3,2,1,2,2,1,2,1.0,,
102,Kids,2,3,1,1,1,1,1,1,1,1,1.0,,
102,Kids,3,5,1,4,3,1,3,1,0,3,0.0,,
102,Kids,3,5,1,1,2,0,1,2,0,1,,0.0,0.0
102,Kids,3,5,1,2,1,0,2,3,0,2,,1.0,0.0
102,Kids,3,5,1,3,2,1,2,2,1,2,1.0,,
102,Kids,3,5,1,5,1,0,3,2,0,3,,1.0,0.0
102,Kids,4,4,1,1,3,0,1,3,0,1,,0.0,0.0
102,Kids,4,4,1,2,3,0,2,2,1,2,,1.0,1.0
102,Kids,4,4,1,4,3,1,3,2,0,3,0.0,,
102,Kids,4,4,1,3,3,1,3,3,1,3,1.0,,
102,Kids,5,3,2,1,2,0,1,2,0,1,,0.0,0.0
102,Kids,5,3,2,2,3,0,2,2,1,2,,1.0,1.0
102,Kids,5,3,2,3,2,0,3,3,1,3,,1.0,1.0
102,Kids,6,5,2,2,3,0,1,2,0,1,,1.0,0.0
102,Kids,6,5,2,1,2,0,1,3,0,1,,1.0,0.0
102,Kids,6,5,2,4,1,0,2,3,0,2,,1.0,0.0
102,Kids,6,5,2,3,3,0,2,2,1,2,,1.0,1.0
102,Kids,6,5,2,5,3,1,3,3,1,3,1.0,,
102,Kids,7,2,2,1,3,0,2,2,1,2,,1.0,1.0
102,Kids,7,2,2,2,2,0,3,3,1,3,,1.0,1.0
102,Kids,8,3,3,3,3,1,3,3,1,3,1.0,,
102,Kids,8,3,3,2,2,1,2,2,1,2,1.0,,
102,Kids,8,3,3,1,1,1,1,2,0,1,0.0,,
102,Kids,9,5,3,4,3,1,3,1,0,3,0.0,,
102,Kids,9,5,3,1,3,0,1,3,0,1,,0.0,0.0
102,Kids,9,5,3,5,3,1,3,3,1,3,1.0,,
102,Kids,9,5,3,2,3,0,1,1,1,1,,1.0,1.0
102,Kids,9,5,3,3,3,0,2,1,0,2,,1.0,0.0
102,Kids,10,4,2,4,2,0,3,2,0,3,,0.0,0.0
102,Kids,10,4,2,2,2,1,2,2,1,2,1.0,,
102,Kids,10,4,2,3,2,1,2,2,1,2,1.0,,
102,Kids,10,4,2,1,1,1,1,3,0,1,0.0,,
103,Kids,1,2,1,1,3,0,2,3,0,2,,0.0,0.0
103,Kids,1,2,1,2,2,0,3,1,0,3,,1.0,0.0
103,Kids,2,3,1,3,1,0,2,3,0,2,,1.0,0.0
103,Kids,2,3,1,1,1,1,1,1,1,1,1.0,,
103,Kids,3,5,1,3,1,0,2,2,1,2,,1.0,1.0
103,Kids,3,5,1,1,1,1,1,1,1,1,1.0,,
103,Kids,3,5,1,2,3,0,1,3,0,1,,0.0,0.0
103,Kids,3,5,1,4,2,0,3,3,1,3,,1.0,1.0
103,Kids,3,5,1,5,1,0,3,1,0,3,,0.0,0.0
103,Kids,4,4,1,3,1,0,3,1,0,3,,0.0,0.0
103,Kids,4,4,1,1,2,0,1,3,0,1,,1.0,0.0
103,Kids,4,4,1,4,1,0,3,3,1,3,,1.0,1.0
103,Kids,4,4,1,2,2,1,2,2,1,2,1.0,,
103,Kids,5,3,2,3,1,0,3,2,0,3,,1.0,0.0
103,Kids,5,3,2,1,1,1,1,1,1,1,1.0,,
103,Kids,5,3,2,2,3,0,2,3,0,2,,0.0,0.0
103,Kids,6,5,2,2,3,0,1,2,0,1,,1.0,0.0
103,Kids,6,5,2,1,3,0,1,2,0,1,,1.0,0.0
103,Kids,6,5,2,3,3,0,2,3,0,2,,0.0,0.0
103,Kids,6,5,2,5,3,1,3,3,1,3,1.0,,
103,Kids,6,5,2,4,1,0,2,1,0,2,,0.0,0.0
103,Kids,7,2,2,1,3,0,1,2,0,1,,1.0,0.0
103,Kids,7,2,2,2,1,0,3,3,1,3,,1.0,1.0
103,Kids,8,3,3,2,2,1,2,2,1,2,1.0,,
103,Kids,8,3,3,1,3,0,1,1,1,1,,1.0,1.0
103,Kids,8,3,3,3,3,1,3,3,1,3,1.0,,
103,Kids,9,5,3,4,3,1,3,3,1,3,1.0,,
103,Kids,9,5,3,1,2,0,1,3,0,1,,1.0,0.0
103,Kids,9,5,3,2,3,0,2,2,1,2,,1.0,1.0
103,Kids,9,5,3,5,1,0,3,3,1,3,,1.0,1.0
103,Kids,9,5,3,3,1,0,2,3,0,2,,1.0,0.0
103,Kids,10,4,2,2,3,0,1,1,1,1,,1.0,1.0
103,Kids,10,4,2,3,3,0,2,1,0,2,,1.0,0.0
103,Kids,10,4,2,1,3,0,1,2,0,1,,1.0,0.0
103,Kids,10,4,2,4,3,1,3,1,0,3,0.0,,
108,Kids,1,2,1,2,2,1,2,3,0,2,0.0,,
108,Kids,1,2,1,1,1,1,1,1,1,1,1.0,,
108,Kids,2,4,1,3,3,0,2,3,0,2,,0.0,0.0
108,Kids,2,4,1,4,2,0,3,1,0,3,,1.0,0.0
108,Kids,2,4,1,2,1,0,2,2,1,2,,1.0,1.0
108,Kids,2,4,1,1,3,0,1,2,0,1,,1.0,0.0
108,Kids,3,3,1,2,2,0,1,2,0,1,,0.0,0.0
108,Kids,3,3,1,3,3,1,3,2,0,3,0.0,,
108,Kids,3,3,1,1,1,1,1,1,1,1,1.0,,
108,Kids,4,5,1,3,1,0,2,3,0,2,,1.0,0.0
108,Kids,4,5,1,5,3,1,3,3,1,3,1.0,,
108,Kids,4,5,1,1,2,0,1,1,1,1,,1.0,1.0
108,Kids,4,5,1,4,2,0,3,3,1,3,,1.0,1.0
108,Kids,4,5,1,2,1,0,2,3,0,2,,1.0,0.0
108,Kids,5,3,2,1,3,0,1,1,1,1,,1.0,1.0
108,Kids,5,3,2,2,2,1,2,2,1,2,1.0,,
108,Kids,5,3,2,3,1,0,3,3,1,3,,1.0,1.0
108,Kids,6,5,2,2,3,0,1,1,1,1,,1.0,1.0
108,Kids,6,5,2,5,2,0,3,2,0,3,,0.0,0.0
108,Kids,6,5,2,4,2,0,3,1,0,3,,1.0,0.0
108,Kids,6,5,2,3,3,0,2,3,0,2,,0.0,0.0
108,Kids,6,5,2,1,1,1,1,1,1,1,1.0,,
108,Kids,7,2,2,2,3,1,3,3,1,3,1.0,,
108,Kids,7,2,2,1,1,0,2,3,0,2,,1.0,0.0
108,Kids,8,4,2,1,3,0,1,2,0,1,,1.0,0.0
108,Kids,8,4,2,3,1,0,3,3,1,3,,1.0,1.0
108,Kids,8,4,2,2,1,0,2,1,0,2,,0.0,0.0
108,Kids,8,4,2,4,3,1,3,3,1,3,1.0,,
108,Kids,9,3,3,1,3,0,1,1,1,1,,1.0,1.0
108,Kids,9,3,3,3,1,0,3,3,1,3,,1.0,1.0
108,Kids,9,3,3,2,3,0,2,3,0,2,,0.0,0.0
108,Kids,10,5,3,4,3,0,2,2,1,2,,1.0,1.0
108,Kids,10,5,3,1,2,0,1,3,0,1,,1.0,0.0
108,Kids,10,5,3,5,1,0,3,3,1,3,,1.0,1.0
108,Kids,10,5,3,3,3,0,2,3,0,2,,0.0,0.0
109,Kids,1,2,1,2,3,0,2,2,1,2,,1.0,1.0
109,Kids,1,2,1,1,1,1,1,1,1,1,1.0,,
109,Kids,2,3,1,2,1,1,1,1,1,1,1.0,,
109,Kids,2,3,1,3,3,1,3,3,1,3,1.0,,
109,Kids,2,3,1,1,2,0,1,3,0,1,,1.0,0.0
109,Kids,3,4,1,3,3,0,2,3,0,2,,0.0,0.0
109,Kids,3,4,1,1,1,1,1,1,1,1,1.0,,
109,Kids,3,4,1,4,3,1,3,1,0,3,0.0,,
109,Kids,3,4,1,2,2,1,2,2,1,2,1.0,,
109,Kids,4,5,1,1,3,0,1,2,0,1,,1.0,0.0
109,Kids,4,5,1,5,2,0,3,2,0,3,,0.0,0.0
109,Kids,4,5,1,4,2,0,3,2,0,3,,0.0,0.0
109,Kids,4,5,1,3,2,1,2,3,0,2,0.0,,
109,Kids,4,5,1,2,3,0,2,1,0,2,,1.0,0.0
109,Kids,5,3,2,1,3,0,1,2,0,1,,1.0,0.0
109,Kids,5,3,2,3,2,0,3,2,0,3,,0.0,0.0
109,Kids,5,3,2,2,1,0,2,3,0,2,,1.0,0.0
109,Kids,6,5,2,1,2,0,1,1,1,1,,1.0,1.0
109,Kids,6,5,2,4,3,1,3,1,0,3,0.0,,
109,Kids,6,5,2,5,3,1,3,3,1,3,1.0,,
109,Kids,6,5,2,2,1,1,1,3,0,1,0.0,,
109,Kids,6,5,2,3,1,0,2,3,0,2,,1.0,0.0
109,Kids,7,2,2,1,3,0,2,1,0,2,,1.0,0.0
109,Kids,7,2,2,2,1,0,3,1,0,3,,0.0,0.0
109,Kids,8,3,3,2,1,0,2,2,1,2,,1.0,1.0
109,Kids,8,3,3,1,1,1,1,1,1,1,1.0,,
109,Kids,8,3,3,3,3,1,3,2,0,3,0.0,,
109,Kids,9,4,2,3,3,1,3,3,1,3,1.0,,
109,Kids,9,4,2,1,2,0,1,3,0,1,,1.0,0.0
109,Kids,9,4,2,2,3,0,2,1,0,2,,1.0,0.0
109,Kids,9,4,2,4,1,0,3,3,1,3,,1.0,1.0
109,Kids,10,5,3,4,3,0,2,1,0,2,,1.0,0.0
109,Kids,10,5,3,1,3,0,1,2,0,1,,1.0,0.0
109,Kids,10,5,3,5,3,1,3,2,0,3,0.0,,
109,Kids,10,5,3,3,1,0,2,2,1,2,,1.0,1.0
109,Kids,10,5,3,2,3,0,1,3,0,1,,0.0,0.0
110,Kids,1,2,1,2,1,0,2,1,0,2,,0.0,0.0
110,Kids,1,2,1,1,2,0,1,3,0,1,,1.0,0.0
110,Kids,2,3,1,2,2,0,1,3,0,1,,1.0,0.0
110,Kids,2,3,1,1,3,0,1,1,1,1,,1.0,1.0
110,Kids,2,3,1,3,1,0,3,2,0,3,,1.0,0.0
110,Kids,3,4,1,1,1,1,1,1,1,1,1.0,,
110,Kids,3,4,1,2,3,0,2,1,0,2,,1.0,0.0
110,Kids,3,4,1,3,2,1,2,2,1,2,1.0,,
110,Kids,3,4,1,4,1,0,3,3,1,3,,1.0,1.0
110,Kids,4,5,1,5,3,1,3,3,1,3,1.0,,
110,Kids,4,5,1,2,2,1,2,3,0,2,0.0,,
110,Kids,4,5,1,3,1,0,2,1,0,2,,0.0,0.0
110,Kids,4,5,1,4,1,0,3,2,0,3,,1.0,0.0
110,Kids,4,5,1,1,1,1,1,1,1,1,1.0,,
110,Kids,5,3,2,2,1,0,2,3,0,2,,1.0,0.0
110,Kids,5,3,2,1,2,0,1,1,1,1,,1.0,1.0
110,Kids,5,3,2,3,1,0,3,3,1,3,,1.0,1.0
110,Kids,6,5,2,5,3,1,3,3,1,3,1.0,,
110,Kids,6,5,2,1,1,1,1,1,1,1,1.0,,
110,Kids,6,5,2,4,2,0,3,2,0,3,,0.0,0.0
110,Kids,6,5,2,3,1,0,2,2,1,2,,1.0,1.0
110,Kids,6,5,2,2,1,1,1,3,0,1,0.0,,
110,Kids,7,2,2,1,1,0,2,2,1,2,,1.0,1.0
110,Kids,7,2,2,2,3,1,3,2,0,3,0.0,,
110,Kids,8,3,3,1,1,1,1,1,1,1,1.0,,
110,Kids,8,3,3,2,3,0,2,2,1,2,,1.0,1.0
110,Kids,8,3,3,3,2,0,3,1,0,3,,1.0,0.0
110,Kids,9,4,2,2,3,0,2,1,0,2,,1.0,0.0
110,Kids,9,4,2,1,3,0,1,2,0,1,,1.0,0.0
110,Kids,9,4,2,3,3,1,3,1,0,3,0.0,,
110,Kids,9,4,2,4,3,1,3,1,0,3,0.0,,
110,Kids,10,5,3,5,2,0,3,2,0,3,,0.0,0.0
110,Kids,10,5,3,1,1,1,1,3,0,1,0.0,,
110,Kids,10,5,3,4,1,0,2,1,0,2,,0.0,0.0
112,Kids,1,2,1,1,2,0,1,1,1,1,,1.0,1.0
112,Kids,1,2,1,2,2,0,3,1,0,3,,1.0,0.0
112,Kids,2,3,1,2,2,0,1,3,0,1,,1.0,0.0
112,Kids,2,3,1,3,3,0,2,2,1,2,,1.0,1.0
112,Kids,2,3,1,1,1,1,1,1,1,1,1.0,,
112,Kids,3,5,1,4,1,0,3,2,0,3,,1.0,0.0
112,Kids,3,5,1,1,1,1,1,1,1,1,1.0,,
112,Kids,3,5,1,2,2,1,2,1,0,2,0.0,,
112,Kids,3,5,1,3,3,0,2,3,0,2,,0.0,0.0
112,Kids,3,5,1,5,3,1,3,3,1,3,1.0,,
112,Kids,4,4,1,1,2,0,1,2,0,1,,0.0,0.0
112,Kids,4,4,1,2,2,1,2,1,0,2,0.0,,
112,Kids,4,4,1,4,1,0,3,3,1,3,,1.0,1.0
112,Kids,4,4,1,3,3,1,3,3,1,3,1.0,,
112,Kids,5,3,2,1,3,0,1,1,1,1,,1.0,1.0
112,Kids,5,3,2,2,3,0,2,2,1,2,,1.0,1.0
112,Kids,5,3,2,3,3,1,3,3,1,3,1.0,,
112,Kids,6,5,2,2,2,0,1,2,0,1,,0.0,0.0
112,Kids,6,5,2,1,2,0,1,3,0,1,,1.0,0.0
112,Kids,6,5,2,4,2,1,2,2,1,2,1.0,,
112,Kids,6,5,2,3,3,0,2,1,0,2,,1.0,0.0
112,Kids,6,5,2,5,1,0,3,1,0,3,,0.0,0.0
112,Kids,7,2,2,1,1,0,2,2,1,2,,1.0,1.0
112,Kids,7,2,2,2,3,1,3,3,1,3,1.0,,
112,Kids,8,3,3,3,2,0,3,3,1,3,,1.0,1.0
112,Kids,8,3,3,2,3,0,2,2,1,2,,1.0,1.0
112,Kids,8,3,3,1,1,1,1,2,0,1,0.0,,
112,Kids,9,5,3,4,1,0,3,2,0,3,,1.0,0.0
112,Kids,9,5,3,1,1,1,1,1,1,1,1.0,,
112,Kids,9,5,3,5,3,1,3,3,1,3,1.0,,
112,Kids,9,5,3,2,1,1,1,1,1,1,1.0,,
112,Kids,9,5,3,3,1,0,2,3,0,2,,1.0,0.0
112,Kids,10,4,2,4,2,0,3,3,1,3,,1.0,1.0
112,Kids,10,4,2,2,2,1,2,2,1,2,1.0,,
112,Kids,10,4,2,3,3,0,2,1,0,2,,1.0,0.0
112,Kids,10,4,2,1,1,1,1,1,1,1,1.0,,
115,Kids,1,2,1,2,3,0,2,2,1,2,,1.0,1.0
115,Kids,2,3,1,2,2,1,2,3,0,2,0.0,,
115,Kids,2,3,1,1,1,0,2,3,0,2,,1.0,0.0
115,Kids,2,3,1,3,1,0,3,3,1,3,,1.0,1.0
115,Kids,3,4,1,4,2,0,3,1,0,3,,1.0,0.0
115,Kids,3,4,1,1,2,0,1,3,0,1,,1.0,0.0
115,Kids,3,4,1,2,2,0,1,1,1,1,,1.0,1.0
115,Kids,3,4,1,3,1,0,2,2,1,2,,1.0,1.0
115,Kids,4,5,1,4,1,0,3,3,1,3,,1.0,1.0
115,Kids,4,5,1,3,1,0,2,1,0,2,,0.0,0.0
115,Kids,4,5,1,2,1,1,1,1,1,1,1.0,,
115,Kids,4,5,1,1,1,1,1,1,1,1,1.0,,
115,Kids,4,5,1,5,1,0,3,1,0,3,,0.0,0.0
115,Kids,5,3,2,1,3,0,1,1,1,1,,1.0,1.0
115,Kids,5,3,2,2,3,0,2,3,0,2,,0.0,0.0
115,Kids,5,3,2,3,3,1,3,2,0,3,0.0,,
115,Kids,6,5,2,1,2,0,1,3,0,1,,1.0,0.0
115,Kids,6,5,2,4,3,1,3,3,1,3,1.0,,
115,Kids,6,5,2,5,1,0,3,2,0,3,,1.0,0.0
115,Kids,6,5,2,2,3,0,2,1,0,2,,1.0,0.0
115,Kids,6,5,2,3,2,1,2,2,1,2,1.0,,
115,Kids,7,2,2,1,3,0,1,1,1,1,,1.0,1.0
115,Kids,7,2,2,2,3,1,3,3,1,3,1.0,,
115,Kids,8,3,3,3,3,1,3,3,1,3,1.0,,
115,Kids,8,3,3,2,1,0,2,2,1,2,,1.0,1.0
115,Kids,8,3,3,1,1,1,1,1,1,1,1.0,,
115,Kids,9,4,2,1,1,1,1,1,1,1,1.0,,
115,Kids,9,4,2,4,3,1,3,2,0,3,0.0,,
115,Kids,9,4,2,2,3,0,2,2,1,2,,1.0,1.0
115,Kids,9,4,2,3,3,1,3,3,1,3,1.0,,
115,Kids,10,5,3,2,3,0,1,1,1,1,,1.0,1.0
115,Kids,10,5,3,1,3,0,1,2,0,1,,1.0,0.0
115,Kids,10,5,3,4,3,0,2,1,0,2,,1.0,0.0
115,Kids,10,5,3,3,3,0,2,2,1,2,,1.0,1.0
115,Kids,10,5,3,5,3,1,3,3,1,3,1.0,,
116,Kids,1,2,1,1,3,0,2,1,0,2,,1.0,0.0
116,Kids,1,2,1,2,2,0,3,3,1,3,,1.0,1.0
116,Kids,2,3,1,2,3,1,3,3,1,3,1.0,,
116,Kids,2,3,1,1,1,1,1,1,1,1,1.0,,
116,Kids,2,3,1,3,2,0,3,3,1,3,,1.0,1.0
116,Kids,3,4,1,4,3,1,3,3,1,3,1.0,,
116,Kids,3,4,1,1,1,1,1,2,0,1,0.0,,
116,Kids,3,4,1,2,2,1,2,1,0,2,0.0,,
116,Kids,3,4,1,3,3,0,2,2,1,2,,1.0,1.0
116,Kids,4,5,1,2,3,0,1,1,1,1,,1.0,1.0
116,Kids,4,5,1,3,3,0,2,2,1,2,,1.0,1.0
116,Kids,4,5,1,5,3,1,3,3,1,3,1.0,,
116,Kids,4,5,1,1,2,0,1,1,1,1,,1.0,1.0
116,Kids,4,5,1,4,3,0,2,1,0,2,,1.0,0.0
116,Kids,5,3,2,3,3,1,3,3,1,3,1.0,,
116,Kids,5,3,2,1,2,0,1,1,1,1,,1.0,1.0
116,Kids,5,3,2,2,1,0,2,2,1,2,,1.0,1.0
116,Kids,6,5,2,4,2,0,3,1,0,3,,1.0,0.0
116,Kids,6,5,2,2,1,1,1,3,0,1,0.0,,
116,Kids,6,5,2,1,2,0,1,3,0,1,,1.0,0.0
116,Kids,6,5,2,5,3,1,3,1,0,3,0.0,,
116,Kids,6,5,2,3,2,1,2,2,1,2,1.0,,
116,Kids,7,2,2,1,1,1,1,1,1,1,1.0,,
116,Kids,7,2,2,2,2,1,2,2,1,2,1.0,,
116,Kids,8,3,3,3,3,1,3,3,1,3,1.0,,
116,Kids,8,3,3,1,1,1,1,1,1,1,1.0,,
116,Kids,8,3,3,2,2,1,2,2,1,2,1.0,,
116,Kids,9,4,2,3,2,1,2,2,1,2,1.0,,
116,Kids,9,4,2,4,2,0,3,1,0,3,,1.0,0.0
116,Kids,9,4,2,2,1,1,1,1,1,1,1.0,,
116,Kids,9,4,2,1,3,0,1,3,0,1,,0.0,0.0
116,Kids,10,5,3,4,1,0,3,3,1,3,,1.0,1.0
116,Kids,10,5,3,2,1,0,2,3,0,2,,1.0,0.0
116,Kids,10,5,3,5,1,0,3,3,1,3,,1.0,1.0
116,Kids,10,5,3,3,1,0,2,3,0,2,,1.0,0.0
116,Kids,10,5,3,1,1,1,1,3,0,1,0.0,,
117,Kids,1,2,1,1,2,0,1,2,0,1,,0.0,0.0
117,Kids,1,2,1,2,1,0,2,2,1,2,,1.0,1.0
117,Kids,2,3,1,3,1,0,3,2,0,3,,1.0,0.0
117,Kids,2,3,1,2,1,0,2,2,1,2,,1.0,1.0
117,Kids,2,3,1,1,1,0,2,2,1,2,,1.0,1.0
117,Kids,3,4,1,3,2,1,2,1,0,2,0.0,,
117,Kids,3,4,1,1,3,0,1,2,0,1,,1.0,0.0
117,Kids,4,5,1,1,2,0,1,3,0,1,,1.0,0.0
117,Kids,4,5,1,5,2,0,3,1,0,3,,1.0,0.0
117,Kids,4,5,1,4,2,0,3,2,0,3,,0.0,0.0
117,Kids,5,3,2,1,2,0,1,2,0,1,,0.0,0.0
117,Kids,5,3,2,2,2,1,2,2,1,2,1.0,,
117,Kids,5,3,2,3,3,1,3,3,1,3,1.0,,
117,Kids,6,5,2,2,2,1,2,3,0,2,0.0,,
117,Kids,6,5,2,1,3,0,1,2,0,1,,1.0,0.0
117,Kids,6,5,2,5,2,0,3,1,0,3,,1.0,0.0
117,Kids,6,5,2,3,1,0,2,2,1,2,,1.0,1.0
117,Kids,7,2,2,2,2,0,3,3,1,3,,1.0,1.0
117,Kids,7,2,2,1,2,0,1,3,0,1,,1.0,0.0
117,Kids,8,3,3,1,1,1,1,1,1,1,1.0,,
117,Kids,8,3,3,3,3,1,3,2,0,3,0.0,,
117,Kids,8,3,3,2,2,1,2,3,0,2,0.0,,
117,Kids,9,4,2,1,2,0,1,3,0,1,,1.0,0.0
117,Kids,9,4,2,3,2,0,3,2,0,3,,0.0,0.0
117,Kids,9,4,2,4,2,0,3,2,0,3,,0.0,0.0
117,Kids,9,4,2,2,2,1,2,2,1,2,1.0,,
117,Kids,10,5,3,3,2,1,2,2,1,2,1.0,,
117,Kids,10,5,3,2,1,1,1,1,1,1,1.0,,
117,Kids,10,5,3,5,3,1,3,3,1,3,1.0,,
117,Kids,10,5,3,1,2,0,1,1,1,1,,1.0,1.0
117,Kids,10,5,3,4,2,1,2,3,0,2,0.0,,
118,Kids,1,2,1,2,2,1,2,2,1,2,1.0,,
118,Kids,1,2,1,1,1,1,1,1,1,1,1.0,,
118,Kids,2,4,1,3,3,0,2,1,0,2,,1.0,0.0
118,Kids,2,4,1,4,2,0,3,1,0,3,,1.0,0.0
118,Kids,2,4,1,2,1,0,2,2,1,2,,1.0,1.0
118,Kids,2,4,1,1,3,0,1,2,0,1,,1.0,0.0
118,Kids,3,3,1,2,3,0,1,3,0,1,,0.0,0.0
118,Kids,3,3,1,3,2,0,3,2,0,3,,0.0,0.0
118,Kids,3,3,1,1,1,1,1,1,1,1,1.0,,
118,Kids,4,5,1,3,3,0,2,1,0,2,,1.0,0.0
118,Kids,4,5,1,5,2,0,3,1,0,3,,1.0,0.0
118,Kids,4,5,1,1,1,1,1,1,1,1,1.0,,
118,Kids,4,5,1,4,3,1,3,3,1,3,1.0,,
118,Kids,4,5,1,2,2,1,2,2,1,2,1.0,,
118,Kids,5,3,2,1,2,0,1,2,0,1,,0.0,0.0
118,Kids,5,3,2,2,1,0,2,1,0,2,,0.0,0.0
118,Kids,5,3,2,3,3,1,3,3,1,3,1.0,,
118,Kids,6,5,2,2,3,0,1,1,1,1,,1.0,1.0
118,Kids,6,5,2,5,2,0,3,3,1,3,,1.0,1.0
118,Kids,6,5,2,4,1,0,3,3,1,3,,1.0,1.0
118,Kids,6,5,2,3,3,0,2,1,0,2,,1.0,0.0
118,Kids,6,5,2,1,2,0,1,3,0,1,,1.0,0.0
118,Kids,7,2,2,2,3,1,3,3,1,3,1.0,,
118,Kids,7,2,2,1,1,0,2,2,1,2,,1.0,1.0
118,Kids,8,4,2,1,3,0,1,1,1,1,,1.0,1.0
118,Kids,8,4,2,3,1,0,3,1,0,3,,0.0,0.0
118,Kids,8,4,2,2,3,0,2,3,0,2,,0.0,0.0
118,Kids,8,4,2,4,2,0,3,3,1,3,,1.0,1.0
118,Kids,9,3,3,1,3,0,1,1,1,1,,1.0,1.0
118,Kids,9,3,3,3,1,0,3,1,0,3,,0.0,0.0
118,Kids,9,3,3,2,2,1,2,2,1,2,1.0,,
118,Kids,10,5,3,4,1,0,2,3,0,2,,1.0,0.0
118,Kids,10,5,3,1,3,0,1,2,0,1,,1.0,0.0
118,Kids,10,5,3,5,2,0,3,3,1,3,,1.0,1.0
118,Kids,10,5,3,3,1,0,2,3,0,2,,1.0,0.0
118,Kids,10,5,3,2,2,0,1,2,0,1,,0.0,0.0
119,Kids,1,2,1,2,2,1,2,1,0,2,0.0,,
119,Kids,1,2,1,1,2,0,1,3,0,1,,1.0,0.0
119,Kids,2,3,1,2,2,0,1,1,1,1,,1.0,1.0
119,Kids,2,3,1,3,1,0,3,3,1,3,,1.0,1.0
119,Kids,2,3,1,1,3,0,1,2,0,1,,1.0,0.0
119,Kids,3,4,1,3,2,1,2,3,0,2,0.0,,
119,Kids,3,4,1,1,1,1,1,2,0,1,0.0,,
119,Kids,3,4,1,4,3,1,3,1,0,3,0.0,,
119,Kids,3,4,1,2,1,0,2,2,1,2,,1.0,1.0
119,Kids,4,5,1,1,2,0,1,3,0,1,,1.0,0.0
119,Kids,4,5,1,5,1,0,3,2,0,3,,1.0,0.0
119,Kids,4,5,1,4,2,0,3,1,0,3,,1.0,0.0
119,Kids,4,5,1,3,3,0,2,3,0,2,,0.0,0.0
119,Kids,4,5,1,2,2,1,2,2,1,2,1.0,,
119,Kids,5,3,2,1,2,0,1,3,0,1,,1.0,0.0
119,Kids,5,3,2,3,3,1,3,2,0,3,0.0,,
119,Kids,5,3,2,2,1,0,2,2,1,2,,1.0,1.0
119,Kids,6,5,2,1,2,0,1,3,0,1,,1.0,0.0
119,Kids,6,5,2,4,3,1,3,3,1,3,1.0,,
119,Kids,6,5,2,5,1,0,3,1,0,3,,0.0,0.0
119,Kids,6,5,2,2,2,0,1,2,0,1,,0.0,0.0
119,Kids,6,5,2,3,3,0,2,1,0,2,,1.0,0.0
119,Kids,7,2,2,1,2,1,2,2,1,2,1.0,,
119,Kids,7,2,2,2,1,0,3,3,1,3,,1.0,1.0
119,Kids,8,3,3,2,2,1,2,2,1,2,1.0,,
119,Kids,8,3,3,1,2,0,1,3,0,1,,1.0,0.0
119,Kids,8,3,3,3,1,0,3,3,1,3,,1.0,1.0
119,Kids,9,4,2,3,2,0,3,3,1,3,,1.0,1.0
119,Kids,9,4,2,1,3,0,1,2,0,1,,1.0,0.0
119,Kids,9,4,2,2,1,0,2,1,0,2,,0.0,0.0
119,Kids,9,4,2,4,3,1,3,3,1,3,1.0,,
119,Kids,10,5,3,4,2,1,2,2,1,2,1.0,,
119,Kids,10,5,3,1,3,0,1,2,0,1,,1.0,0.0
119,Kids,10,5,3,5,1,0,3,1,0,3,,0.0,0.0
119,Kids,10,5,3,3,2,1,2,3,0,2,0.0,,
119,Kids,10,5,3,2,3,0,1,1,1,1,,1.0,1.0
120,Kids,1,2,1,2,2,1,2,2,1,2,1.0,,
120,Kids,1,2,1,1,1,1,1,1,1,1,1.0,,
120,Kids,2,3,1,2,2,0,1,3,0,1,,1.0,0.0
120,Kids,2,3,1,1,1,1,1,1,1,1,1.0,,
120,Kids,2,3,1,3,2,0,3,3,1,3,,1.0,1.0
120,Kids,3,4,1,1,2,0,1,2,0,1,,0.0,0.0
120,Kids,3,4,1,2,2,1,2,2,1,2,1.0,,
120,Kids,3,4,1,3,1,0,2,1,0,2,,0.0,0.0
120,Kids,3,4,1,4,2,0,3,3,1,3,,1.0,1.0
120,Kids,4,5,1,5,2,0,3,3,1,3,,1.0,1.0
120,Kids,4,5,1,2,1,0,2,3,0,2,,1.0,0.0
120,Kids,4,5,1,3,2,1,2,2,1,2,1.0,,
120,Kids,4,5,1,4,2,0,3,3,1,3,,1.0,1.0
120,Kids,4,5,1,1,1,1,1,2,0,1,0.0,,
120,Kids,5,3,2,2,2,1,2,2,1,2,1.0,,
120,Kids,5,3,2,1,1,1,1,1,1,1,1.0,,
120,Kids,5,3,2,3,3,1,3,3,1,3,1.0,,
120,Kids,6,5,2,5,2,0,3,2,0,3,,0.0,0.0
120,Kids,6,5,2,1,2,0,1,1,1,1,,1.0,1.0
120,Kids,6,5,2,4,2,0,3,1,0,3,,1.0,0.0
120,Kids,6,5,2,3,2,1,2,2,1,2,1.0,,
120,Kids,6,5,2,2,3,0,1,3,0,1,,0.0,0.0
120,Kids,7,2,2,1,2,1,2,2,1,2,1.0,,
120,Kids,7,2,2,2,3,1,3,3,1,3,1.0,,
120,Kids,8,3,3,1,2,0,1,1,1,1,,1.0,1.0
120,Kids,8,3,3,2,1,0,2,2,1,2,,1.0,1.0
120,Kids,8,3,3,3,2,0,3,3,1,3,,1.0,1.0
120,Kids,9,4,2,2,1,0,2,1,0,2,,0.0,0.0
120,Kids,9,4,2,1,2,0,1,3,0,1,,1.0,0.0
120,Kids,9,4,2,3,3,1,3,3,1,3,1.0,,
120,Kids,9,4,2,4,3,1,3,3,1,3,1.0,,
120,Kids,10,5,3,2,2,0,1,1,1,1,,1.0,1.0
120,Kids,10,5,3,3,1,0,2,2,1,2,,1.0,1.0
120,Kids,10,5,3,5,1,0,3,3,1,3,,1.0,1.0
120,Kids,10,5,3,1,1,1,1,1,1,1,1.0,,
120,Kids,10,5,3,4,3,0,2,3,0,2,,0.0,0.0
121,Kids,1,2,1,2,1,0,2,3,0,2,,1.0,0.0
121,Kids,1,2,1,1,2,0,1,1,1,1,,1.0,1.0
121,Kids,2,3,1,2,2,1,2,2,1,2,1.0,,
121,Kids,2,3,1,1,3,0,2,1,0,2,,1.0,0.0
121,Kids,2,3,1,3,3,1,3,3,1,3,1.0,,
121,Kids,3,4,1,4,2,0,3,2,0,3,,0.0,0.0
121,Kids,3,4,1,2,3,0,1,2,0,1,,1.0,0.0
121,Kids,3,4,1,3,2,1,2,2,1,2,1.0,,
121,Kids,3,4,1,1,3,0,1,3,0,1,,0.0,0.0
121,Kids,4,5,1,2,3,0,1,1,1,1,,1.0,1.0
121,Kids,4,5,1,3,2,1,2,1,0,2,0.0,,
121,Kids,4,5,1,1,3,0,1,1,1,1,,1.0,1.0
121,Kids,4,5,1,4,1,0,3,2,0,3,,1.0,0.0
121,Kids,4,5,1,5,3,1,3,3,1,3,1.0,,
121,Kids,5,3,2,2,2,1,2,2,1,2,1.0,,
121,Kids,5,3,2,3,2,0,3,1,0,3,,1.0,0.0
121,Kids,5,3,2,1,3,0,1,1,1,1,,1.0,1.0
121,Kids,6,5,2,2,3,0,2,1,0,2,,1.0,0.0
121,Kids,6,5,2,3,2,1,2,2,1,2,1.0,,
121,Kids,6,5,2,4,2,0,3,3,1,3,,1.0,1.0
121,Kids,6,5,2,5,1,0,3,3,1,3,,1.0,1.0
121,Kids,6,5,2,1,2,0,1,2,0,1,,0.0,0.0
121,Kids,7,2,2,1,3,0,1,1,1,1,,1.0,1.0
121,Kids,7,2,2,2,3,1,3,3,1,3,1.0,,
121,Kids,8,3,3,1,3,0,1,3,0,1,,0.0,0.0
121,Kids,8,3,3,3,2,0,3,3,1,3,,1.0,1.0
121,Kids,8,3,3,2,1,0,2,2,1,2,,1.0,1.0
121,Kids,9,4,2,1,2,0,1,2,0,1,,0.0,0.0
121,Kids,9,4,2,3,2,0,3,3,1,3,,1.0,1.0
121,Kids,9,4,2,2,2,1,2,2,1,2,1.0,,
121,Kids,9,4,2,4,2,0,3,1,0,3,,1.0,0.0
121,Kids,10,5,3,2,1,1,1,1,1,1,1.0,,
121,Kids,10,5,3,4,2,1,2,1,0,2,0.0,,
121,Kids,10,5,3,1,3,0,1,1,1,1,,1.0,1.0
121,Kids,10,5,3,5,3,1,3,3,1,3,1.0,,
121,Kids,10,5,3,3,2,1,2,2,1,2,1.0,,
122,Kids,1,2,1,1,2,0,1,3,0,1,,1.0,0.0
122,Kids,1,2,1,2,3,1,3,1,0,3,0.0,,
122,Kids,2,3,1,2,2,0,1,3,0,1,,1.0,0.0
122,Kids,2,3,1,3,3,0,2,2,1,2,,1.0,1.0
122,Kids,2,3,1,1,1,1,1,1,1,1,1.0,,
122,Kids,3,5,1,4,2,0,3,2,0,3,,0.0,0.0
122,Kids,3,5,1,1,3,0,1,2,0,1,,1.0,0.0
122,Kids,3,5,1,2,1,0,2,1,0,2,,0.0,0.0
122,Kids,3,5,1,3,2,1,2,2,1,2,1.0,,
122,Kids,3,5,1,5,3,1,3,3,1,3,1.0,,
122,Kids,4,4,1,1,2,0,1,1,1,1,,1.0,1.0
122,Kids,4,4,1,2,3,0,2,2,1,2,,1.0,1.0
122,Kids,4,4,1,4,1,0,3,3,1,3,,1.0,1.0
122,Kids,4,4,1,3,2,0,3,3,1,3,,1.0,1.0
122,Kids,5,3,2,1,2,0,1,3,0,1,,1.0,0.0
122,Kids,5,3,2,2,1,0,2,3,0,2,,1.0,0.0
122,Kids,5,3,2,3,3,1,3,1,0,3,0.0,,
122,Kids,6,5,2,2,3,0,1,2,0,1,,1.0,0.0
122,Kids,6,5,2,1,1,1,1,1,1,1,1.0,,
122,Kids,6,5,2,4,2,1,2,2,1,2,1.0,,
122,Kids,6,5,2,3,3,0,2,3,0,2,,0.0,0.0
122,Kids,6,5,2,5,1,0,3,1,0,3,,0.0,0.0
122,Kids,7,2,2,1,2,1,2,2,1,2,1.0,,
122,Kids,7,2,2,2,1,0,3,3,1,3,,1.0,1.0
122,Kids,8,3,3,3,1,0,3,3,1,3,,1.0,1.0
122,Kids,8,3,3,2,3,0,2,1,0,2,,1.0,0.0
122,Kids,8,3,3,1,2,0,1,2,0,1,,0.0,0.0
122,Kids,9,5,3,4,2,0,3,1,0,3,,1.0,0.0
122,Kids,9,5,3,1,3,0,1,2,0,1,,1.0,0.0
122,Kids,9,5,3,5,2,0,3,3,1,3,,1.0,1.0
122,Kids,9,5,3,2,1,1,1,1,1,1,1.0,,
122,Kids,9,5,3,3,3,0,2,3,0,2,,0.0,0.0
122,Kids,10,4,2,4,2,0,3,1,0,3,,1.0,0.0
122,Kids,10,4,2,2,3,0,2,3,0,2,,0.0,0.0
122,Kids,10,4,2,3,1,0,2,3,0,2,,1.0,0.0
122,Kids,10,4,2,1,1,1,1,1,1,1,1.0,,
126,Kids,1,2,1,1,3,0,2,3,0,2,,0.0,0.0
126,Kids,1,2,1,2,2,0,3,3,1,3,,1.0,1.0
126,Kids,2,3,1,2,2,0,3,2,0,3,,0.0,0.0
126,Kids,2,3,1,1,3,0,1,1,1,1,,1.0,1.0
126,Kids,2,3,1,3,1,0,3,3,1,3,,1.0,1.0
126,Kids,3,4,1,4,1,0,3,3,1,3,,1.0,1.0
126,Kids,3,4,1,1,2,0,1,2,0,1,,0.0,0.0
126,Kids,3,4,1,2,3,0,2,2,1,2,,1.0,1.0
126,Kids,3,4,1,3,1,0,2,1,0,2,,0.0,0.0
126,Kids,4,5,1,2,3,0,1,1,1,1,,1.0,1.0
126,Kids,4,5,1,3,2,1,2,2,1,2,1.0,,
126,Kids,4,5,1,5,1,0,3,3,1,3,,1.0,1.0
126,Kids,4,5,1,1,3,0,1,3,0,1,,0.0,0.0
126,Kids,4,5,1,4,2,1,2,1,0,2,0.0,,
126,Kids,5,3,2,3,1,0,3,1,0,3,,0.0,0.0
126,Kids,5,3,2,1,2,0,1,3,0,1,,1.0,0.0
126,Kids,5,3,2,2,2,1,2,2,1,2,1.0,,
126,Kids,6,5,2,4,3,1,3,3,1,3,1.0,,
126,Kids,6,5,2,2,2,0,1,1,1,1,,1.0,1.0
126,Kids,6,5,2,1,1,1,1,1,1,1,1.0,,
126,Kids,6,5,2,5,1,0,3,2,0,3,,1.0,0.0
126,Kids,6,5,2,3,3,0,2,2,1,2,,1.0,1.0
126,Kids,7,2,2,1,3,0,1,1,1,1,,1.0,1.0
126,Kids,7,2,2,2,3,0,2,2,1,2,,1.0,1.0
126,Kids,8,3,3,3,3,1,3,3,1,3,1.0,,
126,Kids,8,3,3,1,2,0,1,1,1,1,,1.0,1.0
126,Kids,8,3,3,2,3,0,2,1,0,2,,1.0,0.0
126,Kids,9,4,2,3,3,0,2,2,1,2,,1.0,1.0
126,Kids,9,4,2,4,2,0,3,3,1,3,,1.0,1.0
126,Kids,9,4,2,2,2,0,1,3,0,1,,1.0,0.0
126,Kids,9,4,2,1,1,1,1,1,1,1,1.0,,
126,Kids,10,5,3,4,1,0,3,2,0,3,,1.0,0.0
126,Kids,10,5,3,2,3,0,2,1,0,2,,1.0,0.0
126,Kids,10,5,3,5,2,0,3,2,0,3,,0.0,0.0
126,Kids,10,5,3,3,1,0,2,3,0,2,,1.0,0.0
126,Kids,10,5,3,1,3,0,1,1,1,1,,1.0,1.0
127,Kids,1,2,1,1,2,0,1,2,0,1,,0.0,0.0
127,Kids,1,2,1,2,1,0,2,3,0,2,,1.0,0.0
127,Kids,2,3,1,3,2,0,3,1,0,3,,1.0,0.0
127,Kids,2,3,1,2,3,0,2,3,0,2,,0.0,0.0
127,Kids,2,3,1,1,1,0,2,2,1,2,,1.0,1.0
127,Kids,3,4,1,3,2,1,2,2,1,2,1.0,,
127,Kids,3,4,1,2,3,0,1,1,1,1,,1.0,1.0
127,Kids,3,4,1,4,1,0,3,3,1,3,,1.0,1.0
127,Kids,3,4,1,1,2,0,1,2,0,1,,0.0,0.0
127,Kids,4,5,1,1,2,0,1,1,1,1,,1.0,1.0
127,Kids,4,5,1,2,2,0,1,2,0,1,,0.0,0.0
127,Kids,4,5,1,3,3,0,2,1,0,2,,1.0,0.0
127,Kids,4,5,1,5,1,0,3,2,0,3,,1.0,0.0
127,Kids,4,5,1,4,3,1,3,3,1,3,1.0,,
127,Kids,5,3,2,1,3,0,1,1,1,1,,1.0,1.0
127,Kids,5,3,2,2,3,0,2,3,0,2,,0.0,0.0
127,Kids,5,3,2,3,2,0,3,2,0,3,,0.0,0.0
127,Kids,6,5,2,2,2,1,2,2,1,2,1.0,,
127,Kids,6,5,2,1,3,0,1,2,0,1,,1.0,0.0
127,Kids,6,5,2,4,1,0,3,1,0,3,,0.0,0.0
127,Kids,6,5,2,5,2,0,3,2,0,3,,0.0,0.0
127,Kids,6,5,2,3,3,0,2,3,0,2,,0.0,0.0
127,Kids,7,2,2,2,2,0,3,1,0,3,,1.0,0.0
127,Kids,7,2,2,1,3,0,1,2,0,1,,1.0,0.0
127,Kids,8,3,3,1,2,0,1,3,0,1,,1.0,0.0
127,Kids,8,3,3,3,2,0,3,1,0,3,,1.0,0.0
127,Kids,8,3,3,2,2,1,2,2,1,2,1.0,,
127,Kids,9,4,2,1,2,0,1,3,0,1,,1.0,0.0
127,Kids,9,4,2,3,2,0,3,1,0,3,,1.0,0.0
127,Kids,9,4,2,4,2,0,3,1,0,3,,1.0,0.0
127,Kids,9,4,2,2,2,1,2,2,1,2,1.0,,
127,Kids,10,5,3,3,2,1,2,2,1,2,1.0,,
127,Kids,10,5,3,2,3,0,1,1,1,1,,1.0,1.0
127,Kids,10,5,3,5,1,0,3,1,0,3,,0.0,0.0
127,Kids,10,5,3,1,1,1,1,2,0,1,0.0,,
127,Kids,10,5,3,4,3,0,2,2,1,2,,1.0,1.0
129,Kids,1,2,1,2,1,0,2,1,0,2,,0.0,0.0
129,Kids,1,2,1,1,3,0,1,2,0,1,,1.0,0.0
129,Kids,2,3,1,2,2,0,1,2,0,1,,0.0,0.0
129,Kids,2,3,1,3,3,1,3,3,1,3,1.0,,
129,Kids,2,3,1,1,1,1,1,1,1,1,1.0,,
129,Kids,3,4,1,3,1,0,2,3,0,2,,1.0,0.0
129,Kids,3,4,1,1,2,0,1,3,0,1,,1.0,0.0
129,Kids,3,4,1,4,1,0,3,1,0,3,,0.0,0.0
129,Kids,3,4,1,2,1,0,2,2,1,2,,1.0,1.0
129,Kids,4,5,1,1,2,0,1,3,0,1,,1.0,0.0
129,Kids,4,5,1,5,3,1,3,3,1,3,1.0,,
129,Kids,4,5,1,4,1,0,3,2,0,3,,1.0,0.0
129,Kids,4,5,1,3,2,1,2,2,1,2,1.0,,
129,Kids,4,5,1,2,1,0,2,2,1,2,,1.0,1.0
129,Kids,5,3,2,1,3,0,1,3,0,1,,0.0,0.0
129,Kids,5,3,2,3,1,0,3,1,0,3,,0.0,0.0
129,Kids,5,3,2,2,2,1,2,2,1,2,1.0,,
129,Kids,6,5,2,1,1,1,1,1,1,1,1.0,,
129,Kids,6,5,2,4,2,0,3,3,1,3,,1.0,1.0
129,Kids,6,5,2,5,1,0,3,2,0,3,,1.0,0.0
129,Kids,6,5,2,2,3,0,1,1,1,1,,1.0,1.0
129,Kids,6,5,2,3,1,0,2,2,1,2,,1.0,1.0
129,Kids,7,2,2,1,2,1,2,2,1,2,1.0,,
129,Kids,7,2,2,2,3,1,3,3,1,3,1.0,,
129,Kids,8,3,3,2,1,0,2,1,0,2,,0.0,0.0
129,Kids,8,3,3,1,3,0,1,2,0,1,,1.0,0.0
129,Kids,8,3,3,3,2,0,3,3,1,3,,1.0,1.0
129,Kids,9,4,2,3,2,0,3,1,0,3,,1.0,0.0
129,Kids,9,4,2,1,3,0,1,1,1,1,,1.0,1.0
129,Kids,9,4,2,2,1,0,2,2,1,2,,1.0,1.0
129,Kids,9,4,2,4,3,1,3,3,1,3,1.0,,
129,Kids,10,5,3,4,1,0,2,1,0,2,,0.0,0.0
129,Kids,10,5,3,1,3,0,1,2,0,1,,1.0,0.0
129,Kids,10,5,3,5,2,0,3,3,1,3,,1.0,1.0
129,Kids,10,5,3,3,3,0,2,3,0,2,,0.0,0.0
129,Kids,10,5,3,2,1,1,1,3,0,1,0.0,,
133,Kids,1,2,1,1,2,1,2,2,1,2,1.0,,
133,Kids,1,2,1,2,1,0,3,3,1,3,,1.0,1.0
133,Kids,2,3,1,2,1,0,2,3,0,2,,1.0,0.0
133,Kids,2,3,1,3,3,0,2,2,1,2,,1.0,1.0
133,Kids,2,3,1,1,2,0,1,3,0,1,,1.0,0.0
133,Kids,3,5,1,3,2,1,2,2,1,2,1.0,,
133,Kids,3,5,1,1,3,0,1,3,0,1,,0.0,0.0
133,Kids,3,5,1,2,2,0,1,3,0,1,,1.0,0.0
133,Kids,3,5,1,4,1,0,3,2,0,3,,1.0,0.0
133,Kids,3,5,1,5,3,1,3,1,0,3,0.0,,
133,Kids,4,4,1,3,2,0,3,3,1,3,,1.0,1.0
133,Kids,4,4,1,1,3,0,1,1,1,1,,1.0,1.0
133,Kids,4,4,1,4,2,0,3,2,0,3,,0.0,0.0
133,Kids,4,4,1,2,2,1,2,2,1,2,1.0,,
133,Kids,5,3,2,3,2,0,3,2,0,3,,0.0,0.0
133,Kids,5,3,2,1,3,0,1,3,0,1,,0.0,0.0
133,Kids,5,3,2,2,1,0,2,3,0,2,,1.0,0.0
133,Kids,6,5,2,2,2,0,1,2,0,1,,0.0,0.0
133,Kids,6,5,2,1,1,1,1,2,0,1,0.0,,
133,Kids,6,5,2,3,2,1,2,2,1,2,1.0,,
133,Kids,6,5,2,5,3,1,3,3,1,3,1.0,,
133,Kids,6,5,2,4,1,0,2,1,0,2,,0.0,0.0
133,Kids,7,2,2,1,2,0,1,1,1,1,,1.0,1.0
133,Kids,7,2,2,2,1,0,3,3,1,3,,1.0,1.0
133,Kids,8,3,3,2,3,0,2,2,1,2,,1.0,1.0
133,Kids,8,3,3,1,1,1,1,2,0,1,0.0,,
133,Kids,8,3,3,3,2,0,3,1,0,3,,1.0,0.0
133,Kids,9,5,3,4,1,0,3,2,0,3,,1.0,0.0
133,Kids,9,5,3,1,3,0,1,1,1,1,,1.0,1.0
133,Kids,9,5,3,2,2,1,2,2,1,2,1.0,,
133,Kids,9,5,3,5,1,0,3,2,0,3,,1.0,0.0
133,Kids,9,5,3,3,3,0,2,1,0,2,,1.0,0.0
133,Kids,10,4,2,2,2,0,1,1,1,1,,1.0,1.0
133,Kids,10,4,2,3,3,0,2,3,0,2,,0.0,0.0
133,Kids,10,4,2,1,1,1,1,1,1,1,1.0,,
133,Kids,10,4,2,4,2,0,3,3,1,3,,1.0,1.0
134,Kids,1,2,1,2,1,0,3,3,1,3,,1.0,1.0
134,Kids,1,2,1,1,2,0,1,2,0,1,,0.0,0.0
134,Kids,2,3,1,2,3,0,1,1,1,1,,1.0,1.0
134,Kids,2,3,1,3,3,0,2,3,0,2,,0.0,0.0
134,Kids,2,3,1,1,3,0,1,2,0,1,,1.0,0.0
134,Kids,3,5,1,3,3,0,2,1,0,2,,1.0,0.0
134,Kids,3,5,1,1,2,0,1,2,0,1,,0.0,0.0
134,Kids,3,5,1,4,3,1,3,3,1,3,1.0,,
134,Kids,3,5,1,2,1,0,2,3,0,2,,1.0,0.0
134,Kids,3,5,1,5,2,0,3,1,0,3,,1.0,0.0
134,Kids,4,4,1,4,2,0,3,1,0,3,,1.0,0.0
134,Kids,4,4,1,2,3,0,2,3,0,2,,0.0,0.0
134,Kids,4,4,1,3,2,0,3,1,0,3,,1.0,0.0
134,Kids,4,4,1,1,1,1,1,1,1,1,1.0,,
134,Kids,5,3,2,3,3,1,3,2,0,3,0.0,,
134,Kids,5,3,2,2,2,1,2,2,1,2,1.0,,
134,Kids,5,3,2,1,1,1,1,1,1,1,1.0,,
134,Kids,6,5,2,3,3,0,2,1,0,2,,1.0,0.0
134,Kids,6,5,2,4,1,0,2,2,1,2,,1.0,1.0
134,Kids,6,5,2,2,3,0,1,1,1,1,,1.0,1.0
134,Kids,6,5,2,1,3,0,1,2,0,1,,1.0,0.0
134,Kids,6,5,2,5,3,1,3,3,1,3,1.0,,
134,Kids,7,2,2,1,3,0,2,1,0,2,,1.0,0.0
134,Kids,7,2,2,2,3,1,3,3,1,3,1.0,,
134,Kids,8,3,3,3,3,1,3,3,1,3,1.0,,
134,Kids,8,3,3,1,2,0,1,1,1,1,,1.0,1.0
134,Kids,8,3,3,2,1,0,2,2,1,2,,1.0,1.0
134,Kids,9,5,3,3,3,0,2,1,0,2,,1.0,0.0
134,Kids,9,5,3,5,3,1,3,2,0,3,0.0,,
134,Kids,9,5,3,2,1,1,1,1,1,1,1.0,,
134,Kids,9,5,3,4,2,0,3,3,1,3,,1.0,1.0
134,Kids,9,5,3,1,2,0,1,3,0,1,,1.0,0.0
134,Kids,10,4,2,4,3,1,3,3,1,3,1.0,,
134,Kids,10,4,2,1,2,0,1,3,0,1,,1.0,0.0
134,Kids,10,4,2,2,1,0,2,2,1,2,,1.0,1.0
134,Kids,10,4,2,3,2,1,2,2,1,2,1.0,,
138,Kids,1,2,1,2,1,0,2,1,0,2,,0.0,0.0
138,Kids,1,2,1,1,3,0,1,2,0,1,,1.0,0.0
138,Kids,2,4,1,3,1,0,2,2,1,2,,1.0,1.0
138,Kids,2,4,1,4,3,1,3,3,1,3,1.0,,
138,Kids,2,4,1,2,1,0,2,2,1,2,,1.0,1.0
138,Kids,2,4,1,1,2,0,1,1,1,1,,1.0,1.0
138,Kids,3,3,1,2,1,1,1,1,1,1,1.0,,
138,Kids,3,3,1,3,2,0,3,1,0,3,,1.0,0.0
138,Kids,3,3,1,1,2,0,1,3,0,1,,1.0,0.0
138,Kids,4,5,1,3,1,0,2,1,0,2,,0.0,0.0
138,Kids,4,5,1,5,3,1,3,3,1,3,1.0,,
138,Kids,4,5,1,1,3,0,1,3,0,1,,0.0,0.0
138,Kids,4,5,1,4,1,0,3,3,1,3,,1.0,1.0
138,Kids,4,5,1,2,2,1,2,2,1,2,1.0,,
138,Kids,5,3,2,1,1,1,1,3,0,1,0.0,,
138,Kids,5,3,2,2,3,0,2,1,0,2,,1.0,0.0
138,Kids,5,3,2,3,2,0,3,1,0,3,,1.0,0.0
138,Kids,6,5,2,2,1,1,1,1,1,1,1.0,,
138,Kids,6,5,2,5,1,0,3,3,1,3,,1.0,1.0
138,Kids,6,5,2,4,3,1,3,2,0,3,0.0,,
138,Kids,6,5,2,3,2,1,2,1,0,2,0.0,,
138,Kids,6,5,2,1,3,0,1,2,0,1,,1.0,0.0
138,Kids,7,2,2,2,1,0,3,3,1,3,,1.0,1.0
138,Kids,7,2,2,1,2,1,2,2,1,2,1.0,,
138,Kids,8,4,2,1,2,0,1,1,1,1,,1.0,1.0
138,Kids,8,4,2,3,2,0,3,3,1,3,,1.0,1.0
138,Kids,8,4,2,2,2,1,2,2,1,2,1.0,,
138,Kids,8,4,2,4,3,1,3,3,1,3,1.0,,
138,Kids,9,3,3,3,1,0,3,3,1,3,,1.0,1.0
138,Kids,9,3,3,2,2,1,2,2,1,2,1.0,,
138,Kids,10,5,3,4,1,0,2,3,0,2,,1.0,0.0
138,Kids,10,5,3,1,2,0,1,2,0,1,,0.0,0.0
138,Kids,10,5,3,5,3,1,3,3,1,3,1.0,,
138,Kids,10,5,3,3,1,0,2,3,0,2,,1.0,0.0
138,Kids,10,5,3,2,2,0,1,3,0,1,,1.0,0.0
140,Kids,1,2,1,2,2,1,2,1,0,2,0.0,,
140,Kids,1,2,1,1,1,1,1,2,0,1,0.0,,
140,Kids,2,3,1,2,1,1,1,1,1,1,1.0,,
140,Kids,2,3,1,1,2,0,1,1,1,1,,1.0,1.0
140,Kids,2,3,1,3,3,1,3,3,1,3,1.0,,
140,Kids,3,4,1,1,1,1,1,1,1,1,1.0,,
140,Kids,3,4,1,2,3,0,2,2,1,2,,1.0,1.0
140,Kids,3,4,1,3,2,1,2,3,0,2,0.0,,
140,Kids,3,4,1,4,1,0,3,3,1,3,,1.0,1.0
140,Kids,4,5,1,5,2,0,3,3,1,3,,1.0,1.0
140,Kids,4,5,1,2,3,0,2,2,1,2,,1.0,1.0
140,Kids,4,5,1,3,1,0,2,2,1,2,,1.0,1.0
140,Kids,4,5,1,4,2,0,3,3,1,3,,1.0,1.0
140,Kids,4,5,1,1,1,1,1,1,1,1,1.0,,
140,Kids,5,3,2,2,2,1,2,2,1,2,1.0,,
140,Kids,5,3,2,1,1,1,1,1,1,1,1.0,,
140,Kids,5,3,2,3,3,1,3,1,0,3,0.0,,
140,Kids,6,5,2,5,1,0,3,1,0,3,,0.0,0.0
140,Kids,6,5,2,1,3,0,1,1,1,1,,1.0,1.0
140,Kids,6,5,2,4,2,0,3,2,0,3,,0.0,0.0
140,Kids,6,5,2,3,1,0,2,2,1,2,,1.0,1.0
140,Kids,6,5,2,2,3,0,1,3,0,1,,0.0,0.0
140,Kids,7,2,2,1,2,1,2,2,1,2,1.0,,
140,Kids,7,2,2,2,1,0,3,3,1,3,,1.0,1.0
140,Kids,8,3,3,1,2,0,1,3,0,1,,1.0,0.0
140,Kids,8,3,3,2,1,0,2,1,0,2,,0.0,0.0
140,Kids,8,3,3,3,3,1,3,3,1,3,1.0,,
140,Kids,9,4,2,2,1,0,2,2,1,2,,1.0,1.0
140,Kids,9,4,2,1,2,0,1,1,1,1,,1.0,1.0
140,Kids,9,4,2,3,3,1,3,3,1,3,1.0,,
140,Kids,9,4,2,4,1,0,3,3,1,3,,1.0,1.0
140,Kids,10,5,3,2,1,1,1,1,1,1,1.0,,
140,Kids,10,5,3,3,2,1,2,3,0,2,0.0,,
140,Kids,10,5,3,5,3,1,3,2,0,3,0.0,,
140,Kids,10,5,3,1,1,1,1,1,1,1,1.0,,
140,Kids,10,5,3,4,2,1,2,1,0,2,0.0,,
141,Kids,1,2,1,2,2,1,2,2,1,2,1.0,,
141,Kids,1,2,1,1,1,1,1,1,1,1,1.0,,
141,Kids,2,3,1,2,2,1,2,2,1,2,1.0,,
141,Kids,2,3,1,1,3,0,2,1,0,2,,1.0,0.0
141,Kids,2,3,1,3,2,0,3,1,0,3,,1.0,0.0
141,Kids,3,4,1,4,3,1,3,3,1,3,1.0,,
141,Kids,3,4,1,2,2,0,1,2,0,1,,0.0,0.0
141,Kids,3,4,1,3,2,1,2,1,0,2,0.0,,
141,Kids,3,4,1,1,1,1,1,1,1,1,1.0,,
141,Kids,4,5,1,2,1,1,1,2,0,1,0.0,,
141,Kids,4,5,1,3,2,1,2,2,1,2,1.0,,
141,Kids,4,5,1,1,3,0,1,3,0,1,,0.0,0.0
141,Kids,4,5,1,4,3,1,3,3,1,3,1.0,,
141,Kids,4,5,1,5,1,0,3,1,0,3,,0.0,0.0
141,Kids,5,3,2,2,2,1,2,2,1,2,1.0,,
141,Kids,5,3,2,3,1,0,3,3,1,3,,1.0,1.0
141,Kids,5,3,2,1,3,0,1,1,1,1,,1.0,1.0
141,Kids,6,5,2,2,2,1,2,2,1,2,1.0,,
141,Kids,6,5,2,3,1,0,2,2,1,2,,1.0,1.0
141,Kids,6,5,2,4,3,1,3,1,0,3,0.0,,
141,Kids,6,5,2,5,1,0,3,1,0,3,,0.0,0.0
141,Kids,6,5,2,1,2,0,1,3,0,1,,1.0,0.0
141,Kids,7,2,2,1,2,0,1,1,1,1,,1.0,1.0
141,Kids,7,2,2,2,3,1,3,3,1,3,1.0,,
141,Kids,8,3,3,1,2,0,1,3,0,1,,1.0,0.0
141,Kids,8,3,3,3,2,0,3,1,0,3,,1.0,0.0
141,Kids,8,3,3,2,2,1,2,2,1,2,1.0,,
141,Kids,9,4,2,1,2,0,1,3,0,1,,1.0,0.0
141,Kids,9,4,2,3,3,1,3,3,1,3,1.0,,
141,Kids,9,4,2,2,1,0,2,2,1,2,,1.0,1.0
141,Kids,9,4,2,4,2,0,3,1,0,3,,1.0,0.0
141,Kids,10,5,3,2,2,0,1,1,1,1,,1.0,1.0
141,Kids,10,5,3,4,3,0,2,2,1,2,,1.0,1.0
141,Kids,10,5,3,1,3,0,1,1,1,1,,1.0,1.0
141,Kids,10,5,3,5,2,0,3,1,0,3,,1.0,0.0
141,Kids,10,5,3,3,1,0,2,1,0,2,,0.0,0.0
142,Kids,1,2,1,1,2,0,1,1,1,1,,1.0,1.0
142,Kids,1,2,1,2,3,1,3,3,1,3,1.0,,
142,Kids,2,3,1,2,3,0,1,1,1,1,,1.0,1.0
142,Kids,2,3,1,3,1,0,2,2,1,2,,1.0,1.0
142,Kids,2,3,1,1,2,0,1,3,0,1,,1.0,0.0
142,Kids,3,5,1,4,2,0,3,3,1,3,,1.0,1.0
142,Kids,3,5,1,1,2,0,1,3,0,1,,1.0,0.0
142,Kids,3,5,1,2,2,1,2,2,1,2,1.0,,
142,Kids,3,5,1,3,2,1,2,2,1,2,1.0,,
142,Kids,3,5,1,5,2,0,3,1,0,3,,1.0,0.0
142,Kids,4,4,1,1,2,0,1,3,0,1,,1.0,0.0
142,Kids,4,4,1,2,2,1,2,2,1,2,1.0,,
142,Kids,4,4,1,4,2,0,3,3,1,3,,1.0,1.0
142,Kids,4,4,1,3,2,0,3,3,1,3,,1.0,1.0
142,Kids,5,3,2,1,2,0,1,3,0,1,,1.0,0.0
142,Kids,5,3,2,2,2,1,2,2,1,2,1.0,,
142,Kids,5,3,2,3,2,0,3,1,0,3,,1.0,0.0
142,Kids,6,5,2,2,2,0,1,3,0,1,,1.0,0.0
142,Kids,6,5,2,1,2,0,1,3,0,1,,1.0,0.0
142,Kids,6,5,2,4,2,1,2,2,1,2,1.0,,
142,Kids,6,5,2,3,2,1,2,2,1,2,1.0,,
142,Kids,6,5,2,5,2,0,3,3,1,3,,1.0,1.0
142,Kids,7,2,2,1,2,1,2,2,1,2,1.0,,
142,Kids,7,2,2,2,3,1,3,3,1,3,1.0,,
142,Kids,8,3,3,3,1,0,3,2,0,3,,1.0,0.0
142,Kids,8,3,3,2,2,1,2,2,1,2,1.0,,
142,Kids,8,3,3,1,2,0,1,3,0,1,,1.0,0.0
142,Kids,9,5,3,4,2,0,3,3,1,3,,1.0,1.0
142,Kids,9,5,3,1,2,0,1,3,0,1,,1.0,0.0
142,Kids,9,5,3,5,2,0,3,3,1,3,,1.0,1.0
142,Kids,9,5,3,2,2,0,1,1,1,1,,1.0,1.0
142,Kids,9,5,3,3,2,1,2,2,1,2,1.0,,
142,Kids,10,4,2,4,2,0,3,1,0,3,,1.0,0.0
142,Kids,10,4,2,2,2,1,2,2,1,2,1.0,,
142,Kids,10,4,2,3,2,1,2,1,0,2,0.0,,
142,Kids,10,4,2,1,2,0,1,3,0,1,,1.0,0.0
143,Kids,1,2,1,1,2,1,2,2,1,2,1.0,,
143,Kids,1,2,1,2,1,0,3,3,1,3,,1.0,1.0
143,Kids,2,3,1,2,2,1,2,2,1,2,1.0,,
143,Kids,2,3,1,3,3,0,2,1,0,2,,1.0,0.0
143,Kids,2,3,1,1,3,0,1,2,0,1,,1.0,0.0
143,Kids,3,5,1,3,2,1,2,2,1,2,1.0,,
143,Kids,3,5,1,1,2,0,1,3,0,1,,1.0,0.0
143,Kids,3,5,1,2,2,0,1,3,0,1,,1.0,0.0
143,Kids,3,5,1,4,2,0,3,3,1,3,,1.0,1.0
143,Kids,3,5,1,5,2,0,3,3,1,3,,1.0,1.0
143,Kids,4,4,1,3,2,0,3,3,1,3,,1.0,1.0
143,Kids,4,4,1,1,2,0,1,3,0,1,,1.0,0.0
143,Kids,4,4,1,4,2,0,3,3,1,3,,1.0,1.0
143,Kids,4,4,1,2,2,1,2,2,1,2,1.0,,
143,Kids,5,3,2,3,3,1,3,3,1,3,1.0,,
143,Kids,5,3,2,1,2,0,1,2,0,1,,0.0,0.0
143,Kids,5,3,2,2,1,0,2,2,1,2,,1.0,1.0
143,Kids,6,5,2,2,3,0,1,2,0,1,,1.0,0.0
143,Kids,6,5,2,1,3,0,1,2,0,1,,1.0,0.0
143,Kids,6,5,2,3,3,0,2,2,1,2,,1.0,1.0
143,Kids,6,5,2,5,3,1,3,3,1,3,1.0,,
143,Kids,6,5,2,4,3,0,2,2,1,2,,1.0,1.0
143,Kids,7,2,2,1,2,0,1,1,1,1,,1.0,1.0
143,Kids,7,2,2,2,3,1,3,3,1,3,1.0,,
143,Kids,8,3,3,2,2,1,2,2,1,2,1.0,,
143,Kids,8,3,3,1,3,0,1,1,1,1,,1.0,1.0
143,Kids,8,3,3,3,1,0,3,3,1,3,,1.0,1.0
143,Kids,9,5,3,4,1,0,3,3,1,3,,1.0,1.0
143,Kids,9,5,3,1,2,0,1,1,1,1,,1.0,1.0
143,Kids,9,5,3,2,3,0,2,2,1,2,,1.0,1.0
143,Kids,9,5,3,5,1,0,3,3,1,3,,1.0,1.0
143,Kids,9,5,3,3,2,1,2,1,0,2,0.0,,
143,Kids,10,4,2,2,2,0,1,3,0,1,,1.0,0.0
143,Kids,10,4,2,3,1,0,2,1,0,2,,0.0,0.0
143,Kids,10,4,2,1,3,0,1,2,0,1,,1.0,0.0
143,Kids,10,4,2,4,2,0,3,3,1,3,,1.0,1.0
144,Kids,1,2,1,2,2,0,3,1,0,3,,1.0,0.0
144,Kids,1,2,1,1,3,0,1,1,1,1,,1.0,1.0
144,Kids,2,3,1,2,2,0,1,3,0,1,,1.0,0.0
144,Kids,2,3,1,3,1,0,2,3,0,2,,1.0,0.0
144,Kids,2,3,1,1,1,1,1,1,1,1,1.0,,
144,Kids,3,5,1,3,1,0,2,3,0,2,,1.0,0.0
144,Kids,3,5,1,1,2,0,1,2,0,1,,0.0,0.0
144,Kids,3,5,1,4,1,0,3,2,0,3,,1.0,0.0
144,Kids,3,5,1,2,2,1,2,2,1,2,1.0,,
144,Kids,3,5,1,5,1,0,3,1,0,3,,0.0,0.0
144,Kids,4,4,1,4,2,0,3,3,1,3,,1.0,1.0
144,Kids,4,4,1,2,2,1,2,2,1,2,1.0,,
144,Kids,4,4,1,3,3,1,3,3,1,3,1.0,,
144,Kids,4,4,1,1,1,1,1,1,1,1,1.0,,
144,Kids,5,3,2,3,2,0,3,1,0,3,,1.0,0.0
144,Kids,5,3,2,2,2,1,2,2,1,2,1.0,,
144,Kids,5,3,2,1,3,0,1,2,0,1,,1.0,0.0
144,Kids,6,5,2,3,2,1,2,2,1,2,1.0,,
144,Kids,6,5,2,4,3,0,2,1,0,2,,1.0,0.0
144,Kids,6,5,2,2,2,0,1,1,1,1,,1.0,1.0
144,Kids,6,5,2,1,2,0,1,1,1,1,,1.0,1.0
144,Kids,6,5,2,5,2,0,3,3,1,3,,1.0,1.0
144,Kids,7,2,2,1,2,1,2,2,1,2,1.0,,
144,Kids,7,2,2,2,3,1,3,3,1,3,1.0,,
144,Kids,8,3,3,3,1,0,3,3,1,3,,1.0,1.0
144,Kids,8,3,3,1,2,0,1,2,0,1,,0.0,0.0
144,Kids,8,3,3,2,3,0,2,1,0,2,,1.0,0.0
144,Kids,9,5,3,3,2,1,2,2,1,2,1.0,,
144,Kids,9,5,3,5,1,0,3,2,0,3,,1.0,0.0
144,Kids,9,5,3,2,1,1,1,2,0,1,0.0,,
144,Kids,9,5,3,4,3,1,3,3,1,3,1.0,,
144,Kids,9,5,3,1,2,0,1,1,1,1,,1.0,1.0
144,Kids,10,4,2,4,2,0,3,3,1,3,,1.0,1.0
144,Kids,10,4,2,1,2,0,1,1,1,1,,1.0,1.0
144,Kids,10,4,2,2,2,1,2,2,1,2,1.0,,
144,Kids,10,4,2,3,3,0,2,2,1,2,,1.0,1.0
145,Kids,1,2,1,1,3,0,1,2,0,1,,1.0,0.0
145,Kids,1,2,1,2,1,0,2,3,0,2,,1.0,0.0
145,Kids,2,3,1,2,1,0,2,3,0,2,,1.0,0.0
145,Kids,2,3,1,1,2,1,2,2,1,2,1.0,,
145,Kids,2,3,1,3,3,1,3,3,1,3,1.0,,
145,Kids,3,4,1,4,3,1,3,3,1,3,1.0,,
145,Kids,3,4,1,1,2,0,1,2,0,1,,0.0,0.0
145,Kids,3,4,1,2,3,0,1,1,1,1,,1.0,1.0
145,Kids,3,4,1,3,1,0,2,3,0,2,,1.0,0.0
145,Kids,4,5,1,4,3,1,3,3,1,3,1.0,,
145,Kids,4,5,1,3,2,1,2,1,0,2,0.0,,
145,Kids,4,5,1,2,1,1,1,1,1,1,1.0,,
145,Kids,4,5,1,1,3,0,1,2,0,1,,1.0,0.0
145,Kids,4,5,1,5,1,0,3,2,0,3,,1.0,0.0
145,Kids,5,3,2,1,3,0,1,2,0,1,,1.0,0.0
145,Kids,5,3,2,2,1,0,2,2,1,2,,1.0,1.0
145,Kids,5,3,2,3,2,0,3,1,0,3,,1.0,0.0
145,Kids,6,5,2,1,2,0,1,2,0,1,,0.0,0.0
145,Kids,6,5,2,4,1,0,3,3,1,3,,1.0,1.0
145,Kids,6,5,2,5,2,0,3,1,0,3,,1.0,0.0
145,Kids,6,5,2,2,3,0,2,2,1,2,,1.0,1.0
145,Kids,6,5,2,3,1,0,2,2,1,2,,1.0,1.0
145,Kids,7,2,2,1,3,0,1,2,0,1,,1.0,0.0
145,Kids,7,2,2,2,1,0,3,1,0,3,,0.0,0.0
145,Kids,8,3,3,3,2,0,3,1,0,3,,1.0,0.0
145,Kids,8,3,3,2,3,0,2,3,0,2,,0.0,0.0
145,Kids,8,3,3,1,1,1,1,3,0,1,0.0,,
145,Kids,9,4,2,1,2,0,1,1,1,1,,1.0,1.0
145,Kids,9,4,2,4,1,0,3,1,0,3,,0.0,0.0
145,Kids,9,4,2,2,3,0,2,2,1,2,,1.0,1.0
145,Kids,9,4,2,3,2,0,3,3,1,3,,1.0,1.0
145,Kids,10,5,3,2,1,1,1,1,1,1,1.0,,
145,Kids,10,5,3,1,2,0,1,1,1,1,,1.0,1.0
145,Kids,10,5,3,4,3,0,2,2,1,2,,1.0,1.0
145,Kids,10,5,3,3,2,1,2,3,0,2,0.0,,
145,Kids,10,5,3,5,1,0,3,2,0,3,,1.0,0.0
146,Kids,1,2,1,1,3,0,2,1,0,2,,1.0,0.0
146,Kids,1,2,1,2,2,0,3,3,1,3,,1.0,1.0
146,Kids,2,3,1,2,2,0,3,3,1,3,,1.0,1.0
146,Kids,2,3,1,1,2,0,1,3,0,1,,1.0,0.0
146,Kids,2,3,1,3,2,0,3,3,1,3,,1.0,1.0
146,Kids,3,4,1,4,3,1,3,3,1,3,1.0,,
146,Kids,3,4,1,1,1,1,1,1,1,1,1.0,,
146,Kids,3,4,1,2,2,1,2,1,0,2,0.0,,
146,Kids,3,4,1,3,3,0,2,3,0,2,,0.0,0.0
146,Kids,4,5,1,2,3,0,1,2,0,1,,1.0,0.0
146,Kids,4,5,1,3,2,1,2,2,1,2,1.0,,
146,Kids,4,5,1,5,1,0,3,3,1,3,,1.0,1.0
146,Kids,4,5,1,1,3,0,1,3,0,1,,0.0,0.0
146,Kids,4,5,1,4,2,1,2,1,0,2,0.0,,
146,Kids,5,3,2,3,1,0,3,1,0,3,,0.0,0.0
146,Kids,5,3,2,1,2,0,1,3,0,1,,1.0,0.0
146,Kids,5,3,2,2,3,0,2,1,0,2,,1.0,0.0
146,Kids,6,5,2,4,3,1,3,3,1,3,1.0,,
146,Kids,6,5,2,2,1,1,1,3,0,1,0.0,,
146,Kids,6,5,2,1,2,0,1,1,1,1,,1.0,1.0
146,Kids,6,5,2,5,3,1,3,3,1,3,1.0,,
146,Kids,6,5,2,3,2,1,2,2,1,2,1.0,,
146,Kids,7,2,2,1,1,1,1,1,1,1,1.0,,
146,Kids,7,2,2,2,2,1,2,2,1,2,1.0,,
146,Kids,8,3,3,3,3,1,3,3,1,3,1.0,,
146,Kids,8,3,3,1,2,0,1,1,1,1,,1.0,1.0
146,Kids,8,3,3,2,1,0,2,2,1,2,,1.0,1.0
146,Kids,9,4,2,3,3,0,2,2,1,2,,1.0,1.0
146,Kids,9,4,2,4,1,0,3,2,0,3,,1.0,0.0
146,Kids,9,4,2,2,2,0,1,1,1,1,,1.0,1.0
146,Kids,9,4,2,1,3,0,1,3,0,1,,0.0,0.0
146,Kids,10,5,3,4,2,0,3,2,0,3,,0.0,0.0
146,Kids,10,5,3,2,3,0,2,2,1,2,,1.0,1.0
146,Kids,10,5,3,5,2,0,3,3,1,3,,1.0,1.0
146,Kids,10,5,3,3,1,0,2,1,0,2,,0.0,0.0
146,Kids,10,5,3,1,3,0,1,2,0,1,,1.0,0.0
147,Kids,1,2,1,1,2,0,1,3,0,1,,1.0,0.0
147,Kids,1,2,1,2,3,0,2,2,1,2,,1.0,1.0
147,Kids,2,3,1,3,3,1,3,3,1,3,1.0,,
147,Kids,2,3,1,2,2,1,2,2,1,2,1.0,,
147,Kids,2,3,1,1,1,0,2,3,0,2,,1.0,0.0
147,Kids,3,4,1,3,3,0,2,2,1,2,,1.0,1.0
147,Kids,3,4,1,2,3,0,1,2,0,1,,1.0,0.0
147,Kids,3,4,1,4,2,0,3,3,1,3,,1.0,1.0
147,Kids,3,4,1,1,3,0,1,1,1,1,,1.0,1.0
147,Kids,4,5,1,1,2,0,1,3,0,1,,1.0,0.0
147,Kids,4,5,1,2,1,1,1,1,1,1,1.0,,
147,Kids,4,5,1,3,2,1,2,2,1,2,1.0,,
147,Kids,4,5,1,5,2,0,3,3,1,3,,1.0,1.0
147,Kids,4,5,1,4,2,0,3,2,0,3,,0.0,0.0
147,Kids,5,3,2,1,3,0,1,2,0,1,,1.0,0.0
147,Kids,5,3,2,2,3,0,2,1,0,2,,1.0,0.0
147,Kids,5,3,2,3,3,1,3,2,0,3,0.0,,
147,Kids,6,5,2,2,3,0,2,1,0,2,,1.0,0.0
147,Kids,6,5,2,1,2,0,1,2,0,1,,0.0,0.0
147,Kids,6,5,2,4,2,0,3,2,0,3,,0.0,0.0
147,Kids,6,5,2,5,1,0,3,1,0,3,,0.0,0.0
147,Kids,6,5,2,3,3,0,2,3,0,2,,0.0,0.0
147,Kids,7,2,2,2,2,0,3,3,1,3,,1.0,1.0
147,Kids,7,2,2,1,3,0,1,3,0,1,,0.0,0.0
147,Kids,8,3,3,1,3,0,1,2,0,1,,1.0,0.0
147,Kids,8,3,3,3,3,1,3,3,1,3,1.0,,
147,Kids,8,3,3,2,1,0,2,2,1,2,,1.0,1.0
147,Kids,9,4,2,1,2,0,1,1,1,1,,1.0,1.0
147,Kids,9,4,2,3,2,0,3,1,0,3,,1.0,0.0
147,Kids,9,4,2,4,2,0,3,3,1,3,,1.0,1.0
147,Kids,9,4,2,2,2,1,2,2,1,2,1.0,,
147,Kids,10,5,3,3,3,0,2,2,1,2,,1.0,1.0
147,Kids,10,5,3,2,3,0,1,2,0,1,,1.0,0.0
147,Kids,10,5,3,5,3,1,3,3,1,3,1.0,,
147,Kids,10,5,3,1,1,1,1,1,1,1,1.0,,
147,Kids,10,5,3,4,2,1,2,1,0,2,0.0,,
149,Kids,1,2,1,2,3,0,2,2,1,2,,1.0,1.0
149,Kids,1,2,1,1,2,0,1,1,1,1,,1.0,1.0
149,Kids,2,3,1,2,3,0,1,2,0,1,,1.0,0.0
149,Kids,2,3,1,3,3,1,3,3,1,3,1.0,,
149,Kids,2,3,1,1,2,0,1,1,1,1,,1.0,1.0
149,Kids,3,4,1,3,3,0,2,2,1,2,,1.0,1.0
149,Kids,3,4,1,1,3,0,1,3,0,1,,0.0,0.0
149,Kids,3,4,1,4,3,1,3,3,1,3,1.0,,
149,Kids,3,4,1,2,1,0,2,2,1,2,,1.0,1.0
149,Kids,4,5,1,1,3,0,1,1,1,1,,1.0,1.0
149,Kids,4,5,1,5,2,0,3,1,0,3,,1.0,0.0
149,Kids,4,5,1,4,2,0,3,2,0,3,,0.0,0.0
149,Kids,4,5,1,3,1,0,2,1,0,2,,0.0,0.0
149,Kids,4,5,1,2,3,0,2,1,0,2,,1.0,0.0
149,Kids,5,3,2,1,3,0,1,1,1,1,,1.0,1.0
149,Kids,5,3,2,3,3,1,3,3,1,3,1.0,,
149,Kids,5,3,2,2,3,0,2,2,1,2,,1.0,1.0
149,Kids,6,5,2,1,3,0,1,1,1,1,,1.0,1.0
149,Kids,6,5,2,4,3,1,3,3,1,3,1.0,,
149,Kids,6,5,2,5,3,1,3,3,1,3,1.0,,
149,Kids,6,5,2,2,2,0,1,2,0,1,,0.0,0.0
149,Kids,6,5,2,3,3,0,2,1,0,2,,1.0,0.0
149,Kids,7,2,2,1,3,0,2,1,0,2,,1.0,0.0
149,Kids,7,2,2,2,3,1,3,3,1,3,1.0,,
149,Kids,8,3,3,2,3,0,2,1,0,2,,1.0,0.0
149,Kids,8,3,3,1,3,0,1,1,1,1,,1.0,1.0
149,Kids,8,3,3,3,3,1,3,3,1,3,1.0,,
149,Kids,9,4,2,3,3,1,3,3,1,3,1.0,,
149,Kids,9,4,2,1,3,0,1,3,0,1,,0.0,0.0
149,Kids,9,4,2,2,3,0,2,1,0,2,,1.0,0.0
149,Kids,9,4,2,4,3,1,3,3,1,3,1.0,,
149,Kids,10,5,3,4,1,0,2,2,1,2,,1.0,1.0
149,Kids,10,5,3,1,1,1,1,1,1,1,1.0,,
149,Kids,10,5,3,5,1,0,3,3,1,3,,1.0,1.0
149,Kids,10,5,3,3,1,0,2,2,1,2,,1.0,1.0
149,Kids,10,5,3,2,1,1,1,1,1,1,1.0,,
150,Kids,1,2,1,2,1,0,2,2,1,2,,1.0,1.0
150,Kids,1,2,1,1,1,1,1,1,1,1,1.0,,
150,Kids,2,3,1,2,1,1,1,1,1,1,1.0,,
150,Kids,2,3,1,1,2,0,1,3,0,1,,1.0,0.0
150,Kids,2,3,1,3,2,0,3,3,1,3,,1.0,1.0
150,Kids,3,4,1,1,1,1,1,1,1,1,1.0,,
150,Kids,3,4,1,2,2,1,2,1,0,2,0.0,,
150,Kids,3,4,1,3,3,0,2,1,0,2,,1.0,0.0
150,Kids,3,4,1,4,2,0,3,3,1,3,,1.0,1.0
150,Kids,4,5,1,5,3,1,3,3,1,3,1.0,,
150,Kids,4,5,1,2,2,1,2,2,1,2,1.0,,
150,Kids,4,5,1,3,1,0,2,2,1,2,,1.0,1.0
150,Kids,4,5,1,4,3,1,3,3,1,3,1.0,,
150,Kids,4,5,1,1,1,1,1,1,1,1,1.0,,
150,Kids,5,3,2,2,2,1,2,2,1,2,1.0,,
150,Kids,5,3,2,1,1,1,1,1,1,1,1.0,,
150,Kids,5,3,2,3,1,0,3,1,0,3,,0.0,0.0
150,Kids,6,5,2,5,3,1,3,3,1,3,1.0,,
150,Kids,6,5,2,1,1,1,1,3,0,1,0.0,,
150,Kids,6,5,2,4,3,1,3,3,1,3,1.0,,
150,Kids,6,5,2,3,1,0,2,2,1,2,,1.0,1.0
150,Kids,6,5,2,2,2,0,1,3,0,1,,1.0,0.0
150,Kids,7,2,2,1,1,0,2,2,1,2,,1.0,1.0
150,Kids,7,2,2,2,3,1,3,3,1,3,1.0,,
150,Kids,8,3,3,1,1,1,1,1,1,1,1.0,,
150,Kids,8,3,3,2,3,0,2,2,1,2,,1.0,1.0
150,Kids,8,3,3,3,1,0,3,1,0,3,,0.0,0.0
150,Kids,9,4,2,2,1,0,2,3,0,2,,1.0,0.0
150,Kids,9,4,2,1,3,0,1,1,1,1,,1.0,1.0
150,Kids,9,4,2,3,2,0,3,3,1,3,,1.0,1.0
150,Kids,9,4,2,4,1,0,3,1,0,3,,0.0,0.0
150,Kids,10,5,3,2,3,0,1,3,0,1,,0.0,0.0
150,Kids,10,5,3,3,2,1,2,2,1,2,1.0,,
150,Kids,10,5,3,5,2,0,3,1,0,3,,1.0,0.0
150,Kids,10,5,3,1,2,0,1,1,1,1,,1.0,1.0
150,Kids,10,5,3,4,2,1,2,2,1,2,1.0,,
151,Kids,1,2,1,2,2,1,2,1,0,2,0.0,,
151,Kids,1,2,1,1,3,0,1,1,1,1,,1.0,1.0
151,Kids,2,3,1,2,2,1,2,2,1,2,1.0,,
151,Kids,2,3,1,1,3,0,2,1,0,2,,1.0,0.0
151,Kids,2,3,1,3,1,0,3,3,1,3,,1.0,1.0
151,Kids,3,4,1,4,2,0,3,1,0,3,,1.0,0.0
151,Kids,3,4,1,2,3,0,1,3,0,1,,0.0,0.0
151,Kids,3,4,1,3,2,1,2,2,1,2,1.0,,
151,Kids,3,4,1,1,1,1,1,1,1,1,1.0,,
151,Kids,4,5,1,2,2,0,1,2,0,1,,0.0,0.0
151,Kids,4,5,1,3,2,1,2,2,1,2,1.0,,
151,Kids,4,5,1,1,1,1,1,1,1,1,1.0,,
151,Kids,4,5,1,4,3,1,3,1,0,3,0.0,,
151,Kids,4,5,1,5,1,0,3,3,1,3,,1.0,1.0
151,Kids,5,3,2,2,2,1,2,2,1,2,1.0,,
151,Kids,5,3,2,3,3,1,3,3,1,3,1.0,,
151,Kids,5,3,2,1,2,0,1,1,1,1,,1.0,1.0
151,Kids,6,5,2,2,2,1,2,2,1,2,1.0,,
151,Kids,6,5,2,3,3,0,2,3,0,2,,0.0,0.0
151,Kids,6,5,2,4,1,0,3,3,1,3,,1.0,1.0
151,Kids,6,5,2,5,2,0,3,1,0,3,,1.0,0.0
151,Kids,6,5,2,1,3,0,1,2,0,1,,1.0,0.0
151,Kids,7,2,2,1,1,1,1,2,0,1,0.0,,
151,Kids,7,2,2,2,2,0,3,3,1,3,,1.0,1.0
151,Kids,8,3,3,1,3,0,1,2,0,1,,1.0,0.0
151,Kids,8,3,3,3,2,0,3,2,0,3,,0.0,0.0
151,Kids,8,3,3,2,1,0,2,1,0,2,,0.0,0.0
151,Kids,9,4,2,1,1,1,1,1,1,1,1.0,,
151,Kids,9,4,2,3,3,1,3,3,1,3,1.0,,
151,Kids,9,4,2,2,2,1,2,2,1,2,1.0,,
151,Kids,9,4,2,4,1,0,3,3,1,3,,1.0,1.0
151,Kids,10,5,3,2,2,0,1,3,0,1,,1.0,0.0
151,Kids,10,5,3,4,3,0,2,3,0,2,,0.0,0.0
151,Kids,10,5,3,1,1,1,1,1,1,1,1.0,,
151,Kids,10,5,3,5,2,0,3,2,0,3,,0.0,0.0
151,Kids,10,5,3,3,3,0,2,2,1,2,,1.0,1.0
153,Kids,1,2,1,1,2,1,2,2,1,2,1.0,,
153,Kids,1,2,1,2,3,1,3,3,1,3,1.0,,
153,Kids,2,3,1,2,2,1,2,2,1,2,1.0,,
153,Kids,2,3,1,3,1,0,2,2,1,2,,1.0,1.0
153,Kids,2,3,1,1,3,0,1,3,0,1,,0.0,0.0
153,Kids,3,5,1,3,3,0,2,2,1,2,,1.0,1.0
153,Kids,3,5,1,1,1,1,1,1,1,1,1.0,,
153,Kids,3,5,1,2,2,0,1,3,0,1,,1.0,0.0
153,Kids,3,5,1,4,3,1,3,3,1,3,1.0,,
153,Kids,3,5,1,5,2,0,3,2,0,3,,0.0,0.0
153,Kids,4,4,1,3,1,0,3,3,1,3,,1.0,1.0
153,Kids,4,4,1,1,3,0,1,3,0,1,,0.0,0.0
153,Kids,4,4,1,4,1,0,3,2,0,3,,1.0,0.0
153,Kids,4,4,1,2,2,1,2,2,1,2,1.0,,
153,Kids,5,3,2,3,1,0,3,3,1,3,,1.0,1.0
153,Kids,5,3,2,1,3,0,1,2,0,1,,1.0,0.0
153,Kids,5,3,2,2,3,0,2,1,0,2,,1.0,0.0
153,Kids,6,5,2,2,1,1,1,1,1,1,1.0,,
153,Kids,6,5,2,1,2,0,1,3,0,1,,1.0,0.0
153,Kids,6,5,2,3,3,0,2,2,1,2,,1.0,1.0
153,Kids,6,5,2,5,1,0,3,3,1,3,,1.0,1.0
153,Kids,6,5,2,4,2,1,2,2,1,2,1.0,,
153,Kids,7,2,2,1,3,0,1,3,0,1,,0.0,0.0
153,Kids,7,2,2,2,1,0,3,2,0,3,,1.0,0.0
153,Kids,8,3,3,2,1,0,2,2,1,2,,1.0,1.0
153,Kids,8,3,3,1,2,0,1,1,1,1,,1.0,1.0
153,Kids,8,3,3,3,3,1,3,3,1,3,1.0,,
153,Kids,9,5,3,4,1,0,3,2,0,3,,1.0,0.0
153,Kids,9,5,3,1,3,0,1,1,1,1,,1.0,1.0
153,Kids,9,5,3,2,1,0,2,3,0,2,,1.0,0.0
153,Kids,9,5,3,5,2,0,3,2,0,3,,0.0,0.0
153,Kids,9,5,3,3,3,0,2,1,0,2,,1.0,0.0
153,Kids,10,4,2,2,1,1,1,1,1,1,1.0,,
153,Kids,10,4,2,3,3,0,2,2,1,2,,1.0,1.0
153,Kids,10,4,2,1,2,0,1,3,0,1,,1.0,0.0
153,Kids,10,4,2,4,3,1,3,3,1,3,1.0,,
155,Kids,1,2,1,1,1,1,1,1,1,1,1.0,,
155,Kids,1,2,1,2,3,0,2,2,1,2,,1.0,1.0
155,Kids,2,3,1,2,3,0,2,1,0,2,,1.0,0.0
155,Kids,2,3,1,1,2,1,2,2,1,2,1.0,,
155,Kids,2,3,1,3,1,0,3,2,0,3,,1.0,0.0
155,Kids,3,4,1,4,3,1,3,1,0,3,0.0,,
155,Kids,3,4,1,1,1,1,1,3,0,1,0.0,,
155,Kids,3,4,1,2,2,0,1,3,0,1,,1.0,0.0
155,Kids,3,4,1,3,1,0,2,2,1,2,,1.0,1.0
155,Kids,4,5,1,4,1,0,3,1,0,3,,0.0,0.0
155,Kids,4,5,1,3,1,0,2,2,1,2,,1.0,1.0
155,Kids,4,5,1,2,2,0,1,1,1,1,,1.0,1.0
155,Kids,4,5,1,1,3,0,1,2,0,1,,1.0,0.0
155,Kids,4,5,1,5,2,0,3,3,1,3,,1.0,1.0
155,Kids,5,3,2,1,1,1,1,1,1,1,1.0,,
155,Kids,5,3,2,2,3,0,2,3,0,2,,0.0,0.0
155,Kids,5,3,2,3,2,0,3,1,0,3,,1.0,0.0
155,Kids,6,5,2,1,2,0,1,3,0,1,,1.0,0.0
155,Kids,6,5,2,4,3,1,3,3,1,3,1.0,,
155,Kids,6,5,2,5,1,0,3,1,0,3,,0.0,0.0
155,Kids,6,5,2,2,2,1,2,2,1,2,1.0,,
155,Kids,6,5,2,3,1,0,2,1,0,2,,0.0,0.0
155,Kids,7,2,2,1,2,0,1,1,1,1,,1.0,1.0
155,Kids,7,2,2,2,1,0,3,3,1,3,,1.0,1.0
155,Kids,8,3,3,3,1,0,3,2,0,3,,1.0,0.0
155,Kids,8,3,3,2,1,0,2,3,0,2,,1.0,0.0
155,Kids,8,3,3,1,3,0,1,3,0,1,,0.0,0.0
155,Kids,9,4,2,1,3,0,1,1,1,1,,1.0,1.0
155,Kids,9,4,2,4,1,0,3,2,0,3,,1.0,0.0
155,Kids,9,4,2,2,2,1,2,2,1,2,1.0,,
155,Kids,9,4,2,3,2,0,3,2,0,3,,0.0,0.0
155,Kids,10,5,3,2,2,0,1,3,0,1,,1.0,0.0
155,Kids,10,5,3,1,3,0,1,3,0,1,,0.0,0.0
155,Kids,10,5,3,4,1,0,2,3,0,2,,1.0,0.0
155,Kids,10,5,3,3,3,0,2,2,1,2,,1.0,1.0
155,Kids,10,5,3,5,1,0,3,2,0,3,,1.0,0.0
156,Kids,1,2,1,1,2,1,2,2,1,2,1.0,,
156,Kids,1,2,1,2,1,0,3,2,0,3,,1.0,0.0
156,Kids,2,3,1,2,3,1,3,3,1,3,1.0,,
156,Kids,2,3,1,1,1,1,1,1,1,1,1.0,,
156,Kids,2,3,1,3,2,0,3,1,0,3,,1.0,0.0
156,Kids,3,4,1,4,3,1,3,3,1,3,1.0,,
156,Kids,3,4,1,1,1,1,1,1,1,1,1.0,,
156,Kids,3,4,1,2,2,1,2,2,1,2,1.0,,
156,Kids,3,4,1,3,3,0,2,1,0,2,,1.0,0.0
156,Kids,4,5,1,2,3,0,1,1,1,1,,1.0,1.0
156,Kids,4,5,1,3,1,0,2,2,1,2,,1.0,1.0
156,Kids,4,5,1,5,2,0,3,3,1,3,,1.0,1.0
156,Kids,4,5,1,1,3,0,1,2,0,1,,1.0,0.0
156,Kids,4,5,1,4,2,1,2,2,1,2,1.0,,
156,Kids,5,3,2,1,3,0,1,1,1,1,,1.0,1.0
156,Kids,5,3,2,2,2,1,2,2,1,2,1.0,,
156,Kids,6,5,2,4,3,1,3,1,0,3,0.0,,
156,Kids,6,5,2,2,1,1,1,1,1,1,1.0,,
156,Kids,6,5,2,1,1,1,1,1,1,1,1.0,,
156,Kids,6,5,2,5,2,0,3,1,0,3,,1.0,0.0
156,Kids,6,5,2,3,1,0,2,3,0,2,,1.0,0.0
156,Kids,7,2,2,1,3,0,1,1,1,1,,1.0,1.0
156,Kids,7,2,2,2,2,1,2,2,1,2,1.0,,
156,Kids,8,3,3,3,2,0,3,3,1,3,,1.0,1.0
156,Kids,8,3,3,1,3,0,1,2,0,1,,1.0,0.0
156,Kids,8,3,3,2,3,0,2,1,0,2,,1.0,0.0
156,Kids,9,4,2,3,1,0,2,1,0,2,,0.0,0.0
156,Kids,9,4,2,4,2,0,3,1,0,3,,1.0,0.0
156,Kids,9,4,2,2,3,0,1,1,1,1,,1.0,1.0
156,Kids,9,4,2,1,3,0,1,2,0,1,,1.0,0.0
156,Kids,10,5,3,4,3,1,3,3,1,3,1.0,,
156,Kids,10,5,3,2,1,0,2,1,0,2,,0.0,0.0
156,Kids,10,5,3,5,2,0,3,1,0,3,,1.0,0.0
156,Kids,10,5,3,3,3,0,2,2,1,2,,1.0,1.0
156,Kids,10,5,3,1,3,0,1,2,0,1,,1.0,0.0
157,Kids,1,2,1,1,2,0,1,1,1,1,,1.0,1.0
157,Kids,1,2,1,2,1,0,2,3,0,2,,1.0,0.0
157,Kids,2,3,1,3,2,0,3,1,0,3,,1.0,0.0
157,Kids,2,3,1,2,1,0,2,3,0,2,,1.0,0.0
157,Kids,2,3,1,1,3,0,2,3,0,2,,0.0,0.0
157,Kids,3,4,1,3,2,1,2,3,0,2,0.0,,
157,Kids,3,4,1,2,2,0,1,2,0,1,,0.0,0.0
157,Kids,3,4,1,4,2,0,3,3,1,3,,1.0,1.0
157,Kids,3,4,1,1,2,0,1,2,0,1,,0.0,0.0
157,Kids,4,5,1,1,2,0,1,3,0,1,,1.0,0.0
157,Kids,4,5,1,2,2,0,1,3,0,1,,1.0,0.0
157,Kids,4,5,1,3,2,1,2,3,0,2,0.0,,
157,Kids,4,5,1,5,2,0,3,3,1,3,,1.0,1.0
157,Kids,4,5,1,4,3,1,3,3,1,3,1.0,,
157,Kids,5,3,2,1,2,0,1,3,0,1,,1.0,0.0
157,Kids,5,3,2,2,2,1,2,2,1,2,1.0,,
157,Kids,5,3,2,3,2,0,3,3,1,3,,1.0,1.0
157,Kids,6,5,2,2,2,1,2,3,0,2,0.0,,
157,Kids,6,5,2,1,2,0,1,3,0,1,,1.0,0.0
157,Kids,6,5,2,4,2,0,3,3,1,3,,1.0,1.0
157,Kids,6,5,2,5,2,0,3,2,0,3,,0.0,0.0
157,Kids,7,2,2,2,2,0,3,3,1,3,,1.0,1.0
157,Kids,7,2,2,1,2,0,1,3,0,1,,1.0,0.0
157,Kids,8,3,3,1,2,0,1,3,0,1,,1.0,0.0
157,Kids,8,3,3,3,2,0,3,1,0,3,,1.0,0.0
157,Kids,8,3,3,2,2,1,2,3,0,2,0.0,,
157,Kids,9,4,2,1,2,0,1,3,0,1,,1.0,0.0
157,Kids,9,4,2,3,2,0,3,3,1,3,,1.0,1.0
157,Kids,9,4,2,4,2,0,3,3,1,3,,1.0,1.0
157,Kids,9,4,2,2,2,1,2,2,1,2,1.0,,
157,Kids,10,5,3,3,2,1,2,2,1,2,1.0,,
157,Kids,10,5,3,2,2,0,1,1,1,1,,1.0,1.0
157,Kids,10,5,3,5,2,0,3,1,0,3,,1.0,0.0
157,Kids,10,5,3,1,2,0,1,3,0,1,,1.0,0.0
157,Kids,10,5,3,4,2,1,2,2,1,2,1.0,,
158,Kids,1,2,1,2,2,1,2,2,1,2,1.0,,
158,Kids,1,2,1,1,1,1,1,1,1,1,1.0,,
158,Kids,2,4,1,3,2,1,2,2,1,2,1.0,,
158,Kids,2,4,1,4,3,1,3,3,1,3,1.0,,
158,Kids,2,4,1,2,2,1,2,2,1,2,1.0,,
158,Kids,2,4,1,1,1,1,1,3,0,1,0.0,,
158,Kids,3,3,1,2,1,1,1,1,1,1,1.0,,
158,Kids,3,3,1,3,3,1,3,3,1,3,1.0,,
158,Kids,3,3,1,1,1,1,1,1,1,1,1.0,,
158,Kids,4,5,1,3,1,0,2,1,0,2,,0.0,0.0
158,Kids,4,5,1,5,1,0,3,3,1,3,,1.0,1.0
158,Kids,4,5,1,1,1,1,1,1,1,1,1.0,,
158,Kids,4,5,1,4,1,0,3,3,1,3,,1.0,1.0
158,Kids,4,5,1,2,1,0,2,1,0,2,,0.0,0.0
158,Kids,5,3,2,1,1,1,1,1,1,1,1.0,,
158,Kids,5,3,2,2,1,0,2,2,1,2,,1.0,1.0
158,Kids,5,3,2,3,1,0,3,3,1,3,,1.0,1.0
158,Kids,6,5,2,2,1,1,1,1,1,1,1.0,,
158,Kids,6,5,2,5,3,1,3,3,1,3,1.0,,
158,Kids,6,5,2,4,2,0,3,2,0,3,,0.0,0.0
158,Kids,6,5,2,3,3,0,2,3,0,2,,0.0,0.0
158,Kids,6,5,2,1,1,1,1,1,1,1,1.0,,
158,Kids,7,2,2,2,1,0,3,3,1,3,,1.0,1.0
158,Kids,7,2,2,1,1,0,2,3,0,2,,1.0,0.0
158,Kids,8,4,2,1,1,1,1,2,0,1,0.0,,
158,Kids,8,4,2,3,1,0,3,1,0,3,,0.0,0.0
158,Kids,8,4,2,2,1,0,2,3,0,2,,1.0,0.0
158,Kids,8,4,2,4,1,0,3,3,1,3,,1.0,1.0
158,Kids,9,3,3,1,1,1,1,1,1,1,1.0,,
158,Kids,9,3,3,3,1,0,3,3,1,3,,1.0,1.0
158,Kids,9,3,3,2,1,0,2,3,0,2,,1.0,0.0
158,Kids,10,5,3,4,1,0,2,3,0,2,,1.0,0.0
158,Kids,10,5,3,1,1,1,1,3,0,1,0.0,,
158,Kids,10,5,3,5,1,0,3,3,1,3,,1.0,1.0
158,Kids,10,5,3,3,1,0,2,3,0,2,,1.0,0.0
158,Kids,10,5,3,2,1,1,1,1,1,1,1.0,,
179,Kids,1,2,1,2,3,0,2,2,1,2,,1.0,1.0
179,Kids,1,2,1,1,1,1,1,1,1,1,1.0,,
179,Kids,2,3,1,2,3,0,1,1,1,1,,1.0,1.0
179,Kids,2,3,1,3,1,0,3,3,1,3,,1.0,1.0
179,Kids,2,3,1,1,2,0,1,3,0,1,,1.0,0.0
179,Kids,3,4,1,3,1,0,2,2,1,2,,1.0,1.0
179,Kids,3,4,1,1,3,0,1,1,1,1,,1.0,1.0
179,Kids,3,4,1,4,1,0,3,3,1,3,,1.0,1.0
179,Kids,3,4,1,2,1,0,2,1,0,2,,0.0,0.0
179,Kids,4,5,1,1,3,0,1,1,1,1,,1.0,1.0
179,Kids,4,5,1,5,1,0,3,2,0,3,,1.0,0.0
179,Kids,4,5,1,4,2,0,3,3,1,3,,1.0,1.0
179,Kids,4,5,1,3,1,0,2,3,0,2,,1.0,0.0
179,Kids,4,5,1,2,1,0,2,1,0,2,,0.0,0.0
179,Kids,5,3,2,1,3,0,1,3,0,1,,0.0,0.0
179,Kids,5,3,2,3,1,0,3,1,0,3,,0.0,0.0
179,Kids,5,3,2,2,2,1,2,2,1,2,1.0,,
179,Kids,6,5,2,1,3,0,1,1,1,1,,1.0,1.0
179,Kids,6,5,2,4,1,0,3,2,0,3,,1.0,0.0
179,Kids,6,5,2,5,2,0,3,3,1,3,,1.0,1.0
179,Kids,6,5,2,2,2,0,1,3,0,1,,1.0,0.0
179,Kids,7,2,2,1,3,0,2,3,0,2,,0.0,0.0
179,Kids,7,2,2,2,1,0,3,2,0,3,,1.0,0.0
179,Kids,8,3,3,2,3,0,2,2,1,2,,1.0,1.0
179,Kids,8,3,3,1,2,0,1,1,1,1,,1.0,1.0
179,Kids,8,3,3,3,1,0,3,3,1,3,,1.0,1.0
179,Kids,9,4,2,3,3,1,3,1,0,3,0.0,,
179,Kids,9,4,2,1,1,1,1,3,0,1,0.0,,
179,Kids,9,4,2,2,2,1,2,2,1,2,1.0,,
179,Kids,9,4,2,4,1,0,3,2,0,3,,1.0,0.0
179,Kids,10,5,3,4,3,0,2,1,0,2,,1.0,0.0
179,Kids,10,5,3,1,1,1,1,3,0,1,0.0,,
179,Kids,10,5,3,5,2,0,3,2,0,3,,0.0,0.0
179,Kids,10,5,3,3,3,0,2,3,0,2,,0.0,0.0
179,Kids,10,5,3,2,2,0,1,3,0,1,,1.0,0.0
180,Kids,1,2,1,2,2,1,2,2,1,2,1.0,,
180,Kids,1,2,1,1,1,1,1,1,1,1,1.0,,
180,Kids,2,3,1,2,2,0,1,1,1,1,,1.0,1.0
180,Kids,2,3,1,1,1,1,1,1,1,1,1.0,,
180,Kids,2,3,1,3,3,1,3,1,0,3,0.0,,
180,Kids,3,4,1,1,1,1,1,1,1,1,1.0,,
180,Kids,3,4,1,2,1,0,2,3,0,2,,1.0,0.0
180,Kids,3,4,1,4,1,0,3,3,1,3,,1.0,1.0
180,Kids,4,5,1,5,2,0,3,2,0,3,,0.0,0.0
180,Kids,4,5,1,2,2,1,2,3,0,2,0.0,,
180,Kids,4,5,1,3,2,1,2,2,1,2,1.0,,
180,Kids,4,5,1,4,2,0,3,1,0,3,,1.0,0.0
180,Kids,4,5,1,1,1,1,1,1,1,1,1.0,,
180,Kids,5,3,2,2,2,1,2,2,1,2,1.0,,
180,Kids,5,3,2,1,2,0,1,1,1,1,,1.0,1.0
180,Kids,5,3,2,3,2,0,3,1,0,3,,1.0,0.0
180,Kids,6,5,2,5,2,0,3,3,1,3,,1.0,1.0
180,Kids,6,5,2,1,2,0,1,3,0,1,,1.0,0.0
180,Kids,6,5,2,4,2,0,3,2,0,3,,0.0,0.0
180,Kids,6,5,2,3,2,1,2,2,1,2,1.0,,
180,Kids,6,5,2,2,1,1,1,2,0,1,0.0,,
180,Kids,7,2,2,1,2,1,2,2,1,2,1.0,,
180,Kids,7,2,2,2,1,0,3,3,1,3,,1.0,1.0
180,Kids,8,3,3,1,2,0,1,2,0,1,,0.0,0.0
180,Kids,8,3,3,2,2,1,2,2,1,2,1.0,,
180,Kids,8,3,3,3,2,0,3,2,0,3,,0.0,0.0
180,Kids,9,4,2,2,2,1,2,2,1,2,1.0,,
180,Kids,9,4,2,1,2,0,1,3,0,1,,1.0,0.0
180,Kids,9,4,2,3,2,0,3,1,0,3,,1.0,0.0
180,Kids,9,4,2,4,2,0,3,1,0,3,,1.0,0.0
180,Kids,10,5,3,2,2,0,1,3,0,1,,1.0,0.0
180,Kids,10,5,3,3,2,1,2,2,1,2,1.0,,
180,Kids,10,5,3,5,2,0,3,2,0,3,,0.0,0.0
180,Kids,10,5,3,1,2,0,1,1,1,1,,1.0,1.0
180,Kids,10,5,3,4,2,1,2,2,1,2,1.0,,
181,Kids,1,2,1,2,2,1,2,2,1,2,1.0,,
181,Kids,1,2,1,1,1,1,1,1,1,1,1.0,,
181,Kids,2,3,1,2,2,1,2,2,1,2,1.0,,
181,Kids,2,3,1,1,3,0,2,1,0,2,,1.0,0.0
181,Kids,2,3,1,3,1,0,3,3,1,3,,1.0,1.0
181,Kids,3,4,1,4,3,1,3,3,1,3,1.0,,
181,Kids,3,4,1,2,3,0,1,3,0,1,,0.0,0.0
181,Kids,3,4,1,3,2,1,2,2,1,2,1.0,,
181,Kids,3,4,1,1,2,0,1,2,0,1,,0.0,0.0
181,Kids,4,5,1,2,2,0,1,2,0,1,,0.0,0.0
181,Kids,4,5,1,3,1,0,2,2,1,2,,1.0,1.0
181,Kids,4,5,1,1,3,0,1,2,0,1,,1.0,0.0
181,Kids,4,5,1,4,2,0,3,2,0,3,,0.0,0.0
181,Kids,4,5,1,5,1,0,3,2,0,3,,1.0,0.0
181,Kids,5,3,2,2,1,0,2,2,1,2,,1.0,1.0
181,Kids,5,3,2,3,2,0,3,3,1,3,,1.0,1.0
181,Kids,5,3,2,1,2,0,1,3,0,1,,1.0,0.0
181,Kids,6,5,2,2,2,1,2,1,0,2,0.0,,
181,Kids,6,5,2,3,1,0,2,2,1,2,,1.0,1.0
181,Kids,6,5,2,4,2,0,3,1,0,3,,1.0,0.0
181,Kids,6,5,2,5,3,1,3,3,1,3,1.0,,
181,Kids,6,5,2,1,2,0,1,3,0,1,,1.0,0.0
181,Kids,7,2,2,1,2,0,1,1,1,1,,1.0,1.0
181,Kids,7,2,2,2,2,0,3,3,1,3,,1.0,1.0
181,Kids,8,3,3,1,3,0,1,1,1,1,,1.0,1.0
181,Kids,8,3,3,3,2,0,3,3,1,3,,1.0,1.0
181,Kids,8,3,3,2,2,1,2,2,1,2,1.0,,
181,Kids,9,4,2,1,2,0,1,1,1,1,,1.0,1.0
181,Kids,9,4,2,3,2,0,3,3,1,3,,1.0,1.0
181,Kids,9,4,2,2,3,0,2,2,1,2,,1.0,1.0
181,Kids,9,4,2,4,1,0,3,3,1,3,,1.0,1.0
181,Kids,10,5,3,2,3,0,1,1,1,1,,1.0,1.0
181,Kids,10,5,3,4,3,0,2,2,1,2,,1.0,1.0
181,Kids,10,5,3,1,3,0,1,2,0,1,,1.0,0.0
181,Kids,10,5,3,5,3,1,3,3,1,3,1.0,,
181,Kids,10,5,3,3,3,0,2,2,1,2,,1.0,1.0
183,Kids,1,2,1,1,3,0,2,3,0,2,,0.0,0.0
183,Kids,1,2,1,2,1,0,3,2,0,3,,1.0,0.0
183,Kids,2,3,1,2,3,0,2,1,0,2,,1.0,0.0
183,Kids,2,3,1,3,2,1,2,2,1,2,1.0,,
183,Kids,2,3,1,1,3,0,1,1,1,1,,1.0,1.0
183,Kids,3,5,1,3,3,0,2,2,1,2,,1.0,1.0
183,Kids,3,5,1,1,1,1,1,1,1,1,1.0,,
183,Kids,3,5,1,2,2,0,1,2,0,1,,0.0,0.0
183,Kids,3,5,1,4,3,1,3,3,1,3,1.0,,
183,Kids,3,5,1,5,2,0,3,1,0,3,,1.0,0.0
183,Kids,4,4,1,3,3,1,3,3,1,3,1.0,,
183,Kids,4,4,1,1,2,0,1,3,0,1,,1.0,0.0
183,Kids,4,4,1,4,3,1,3,3,1,3,1.0,,
183,Kids,4,4,1,2,3,0,2,2,1,2,,1.0,1.0
183,Kids,5,3,2,3,2,0,3,1,0,3,,1.0,0.0
183,Kids,5,3,2,1,3,0,1,2,0,1,,1.0,0.0
183,Kids,5,3,2,2,1,0,2,3,0,2,,1.0,0.0
183,Kids,6,5,2,2,1,1,1,1,1,1,1.0,,
183,Kids,6,5,2,1,2,0,1,3,0,1,,1.0,0.0
183,Kids,6,5,2,3,3,0,2,2,1,2,,1.0,1.0
183,Kids,6,5,2,5,2,0,3,2,0,3,,0.0,0.0
183,Kids,6,5,2,4,1,0,2,3,0,2,,1.0,0.0
183,Kids,7,2,2,1,1,1,1,1,1,1,1.0,,
183,Kids,7,2,2,2,3,1,3,3,1,3,1.0,,
183,Kids,8,3,3,2,2,1,2,2,1,2,1.0,,
183,Kids,8,3,3,1,1,1,1,1,1,1,1.0,,
183,Kids,8,3,3,3,3,1,3,3,1,3,1.0,,
183,Kids,9,5,3,4,3,1,3,3,1,3,1.0,,
183,Kids,9,5,3,1,2,0,1,2,0,1,,0.0,0.0
183,Kids,9,5,3,2,1,0,2,3,0,2,,1.0,0.0
183,Kids,9,5,3,5,2,0,3,1,0,3,,1.0,0.0
183,Kids,9,5,3,3,3,0,2,2,1,2,,1.0,1.0
183,Kids,10,4,2,2,3,0,1,1,1,1,,1.0,1.0
183,Kids,10,4,2,3,1,0,2,2,1,2,,1.0,1.0
183,Kids,10,4,2,1,2,0,1,3,0,1,,1.0,0.0
183,Kids,10,4,2,4,3,1,3,2,0,3,0.0,,
197,Kids,1,2,1,1,3,0,1,1,1,1,,1.0,1.0
197,Kids,1,2,1,2,1,0,2,1,0,2,,0.0,0.0
197,Kids,2,3,1,3,2,0,3,3,1,3,,1.0,1.0
197,Kids,2,3,1,2,3,0,2,1,0,2,,1.0,0.0
197,Kids,2,3,1,1,1,0,2,2,1,2,,1.0,1.0
197,Kids,3,4,1,3,3,0,2,2,1,2,,1.0,1.0
197,Kids,3,4,1,2,3,0,1,1,1,1,,1.0,1.0
197,Kids,3,4,1,4,3,1,3,3,1,3,1.0,,
197,Kids,3,4,1,1,3,0,1,2,0,1,,1.0,0.0
197,Kids,4,5,1,1,2,0,1,1,1,1,,1.0,1.0
197,Kids,4,5,1,2,3,0,1,2,0,1,,1.0,0.0
197,Kids,4,5,1,3,3,0,2,1,0,2,,1.0,0.0
197,Kids,4,5,1,5,3,1,3,1,0,3,0.0,,
197,Kids,4,5,1,4,2,0,3,2,0,3,,0.0,0.0
197,Kids,5,3,2,1,2,0,1,1,1,1,,1.0,1.0
197,Kids,5,3,2,2,2,1,2,2,1,2,1.0,,
197,Kids,5,3,2,3,1,0,3,3,1,3,,1.0,1.0
197,Kids,6,5,2,2,2,1,2,1,0,2,0.0,,
197,Kids,6,5,2,1,1,1,1,2,0,1,0.0,,
197,Kids,6,5,2,4,3,1,3,2,0,3,0.0,,
197,Kids,6,5,2,5,3,1,3,3,1,3,1.0,,
197,Kids,6,5,2,3,1,0,2,2,1,2,,1.0,1.0
197,Kids,7,2,2,2,2,0,3,3,1,3,,1.0,1.0
197,Kids,7,2,2,1,2,0,1,3,0,1,,1.0,0.0
197,Kids,8,3,3,1,2,0,1,3,0,1,,1.0,0.0
197,Kids,8,3,3,3,2,0,3,3,1,3,,1.0,1.0
197,Kids,8,3,3,2,2,1,2,3,0,2,0.0,,
197,Kids,9,4,2,1,2,0,1,3,0,1,,1.0,0.0
197,Kids,9,4,2,3,2,0,3,1,0,3,,1.0,0.0
197,Kids,9,4,2,4,2,0,3,3,1,3,,1.0,1.0
197,Kids,9,4,2,2,2,1,2,2,1,2,1.0,,
197,Kids,10,5,3,3,2,1,2,2,1,2,1.0,,
197,Kids,10,5,3,2,2,0,1,1,1,1,,1.0,1.0
197,Kids,10,5,3,5,2,0,3,1,0,3,,1.0,0.0
197,Kids,10,5,3,1,3,0,1,1,1,1,,1.0,1.0
197,Kids,10,5,3,4,3,0,2,3,0,2,,0.0,0.0
200,Kids,1,2,1,2,3,0,2,3,0,2,,0.0,0.0
200,Kids,1,2,1,1,2,0,1,1,1,1,,1.0,1.0
200,Kids,2,3,1,2,2,0,1,2,0,1,,0.0,0.0
200,Kids,2,3,1,1,1,1,1,1,1,1,1.0,,
200,Kids,2,3,1,3,3,1,3,3,1,3,1.0,,
200,Kids,3,4,1,1,2,0,1,3,0,1,,1.0,0.0
200,Kids,3,4,1,2,1,0,2,3,0,2,,1.0,0.0
200,Kids,3,4,1,3,1,0,2,3,0,2,,1.0,0.0
200,Kids,3,4,1,4,3,1,3,1,0,3,0.0,,
200,Kids,4,5,1,5,1,0,3,1,0,3,,0.0,0.0
200,Kids,4,5,1,2,3,0,2,2,1,2,,1.0,1.0
200,Kids,4,5,1,3,2,1,2,3,0,2,0.0,,
200,Kids,4,5,1,4,3,1,3,1,0,3,0.0,,
200,Kids,4,5,1,1,1,1,1,3,0,1,0.0,,
200,Kids,5,3,2,2,1,0,2,3,0,2,,1.0,0.0
200,Kids,5,3,2,1,3,0,1,2,0,1,,1.0,0.0
200,Kids,5,3,2,3,2,0,3,1,0,3,,1.0,0.0
200,Kids,6,5,2,5,1,0,3,2,0,3,,1.0,0.0
200,Kids,6,5,2,1,1,1,1,3,0,1,0.0,,
200,Kids,6,5,2,4,1,0,3,2,0,3,,1.0,0.0
200,Kids,6,5,2,3,1,0,2,3,0,2,,1.0,0.0
200,Kids,6,5,2,2,1,1,1,1,1,1,1.0,,
200,Kids,7,2,2,1,1,0,2,2,1,2,,1.0,1.0
200,Kids,7,2,2,2,3,1,3,3,1,3,1.0,,
200,Kids,8,3,3,1,2,0,1,1,1,1,,1.0,1.0
200,Kids,8,3,3,2,1,0,2,2,1,2,,1.0,1.0
200,Kids,8,3,3,3,3,1,3,2,0,3,0.0,,
200,Kids,9,4,2,2,1,0,2,3,0,2,,1.0,0.0
200,Kids,9,4,2,1,1,1,1,1,1,1,1.0,,
200,Kids,9,4,2,3,1,0,3,2,0,3,,1.0,0.0
200,Kids,9,4,2,4,1,0,3,3,1,3,,1.0,1.0
200,Kids,10,5,3,2,3,0,1,3,0,1,,0.0,0.0
200,Kids,10,5,3,3,3,0,2,3,0,2,,0.0,0.0
200,Kids,10,5,3,5,3,1,3,3,1,3,1.0,,
200,Kids,10,5,3,1,3,0,1,1,1,1,,1.0,1.0
200,Kids,10,5,3,4,3,0,2,1,0,2,,1.0,0.0
206,Kids,1,2,1,1,2,1,2,2,1,2,1.0,,
206,Kids,1,2,1,2,3,1,3,3,1,3,1.0,,
206,Kids,2,3,1,2,2,0,3,1,0,3,,1.0,0.0
206,Kids,2,3,1,1,3,0,1,2,0,1,,1.0,0.0
206,Kids,2,3,1,3,1,0,3,3,1,3,,1.0,1.0
206,Kids,3,4,1,4,3,1,3,3,1,3,1.0,,
206,Kids,3,4,1,1,2,0,1,1,1,1,,1.0,1.0
206,Kids,3,4,1,2,1,0,2,1,0,2,,0.0,0.0
206,Kids,3,4,1,3,2,1,2,2,1,2,1.0,,
206,Kids,4,5,1,2,2,0,1,2,0,1,,0.0,0.0
206,Kids,4,5,1,3,3,0,2,1,0,2,,1.0,0.0
206,Kids,4,5,1,5,1,0,3,2,0,3,,1.0,0.0
206,Kids,4,5,1,1,3,0,1,1,1,1,,1.0,1.0
206,Kids,5,3,2,3,2,0,3,1,0,3,,1.0,0.0
206,Kids,5,3,2,1,3,0,1,2,0,1,,1.0,0.0
206,Kids,5,3,2,2,1,0,2,3,0,2,,1.0,0.0
206,Kids,6,5,2,4,3,1,3,1,0,3,0.0,,
206,Kids,6,5,2,2,2,0,1,2,0,1,,0.0,0.0
206,Kids,6,5,2,1,3,0,1,3,0,1,,0.0,0.0
206,Kids,6,5,2,5,1,0,3,3,1,3,,1.0,1.0
206,Kids,7,2,2,1,3,0,1,1,1,1,,1.0,1.0
206,Kids,7,2,2,2,2,1,2,3,0,2,0.0,,
206,Kids,8,3,3,3,3,1,3,3,1,3,1.0,,
206,Kids,8,3,3,1,2,0,1,2,0,1,,0.0,0.0
206,Kids,8,3,3,2,1,0,2,3,0,2,,1.0,0.0
206,Kids,9,4,2,3,3,0,2,3,0,2,,0.0,0.0
206,Kids,9,4,2,4,2,0,3,3,1,3,,1.0,1.0
206,Kids,9,4,2,2,1,1,1,2,0,1,0.0,,
206,Kids,9,4,2,1,3,0,1,1,1,1,,1.0,1.0
206,Kids,10,5,3,4,3,1,3,2,0,3,0.0,,
206,Kids,10,5,3,2,1,0,2,1,0,2,,0.0,0.0
206,Kids,10,5,3,5,2,0,3,2,0,3,,0.0,0.0
206,Kids,10,5,3,3,1,0,2,1,0,2,,0.0,0.0
206,Kids,10,5,3,1,3,0,1,3,0,1,,0.0,0.0
207,Kids,1,2,1,1,2,0,1,3,0,1,,1.0,0.0
207,Kids,1,2,1,2,2,1,2,2,1,2,1.0,,
207,Kids,2,3,1,3,1,0,3,2,0,3,,1.0,0.0
207,Kids,2,3,1,2,2,1,2,2,1,2,1.0,,
207,Kids,2,3,1,1,1,0,2,3,0,2,,1.0,0.0
207,Kids,3,4,1,3,2,1,2,2,1,2,1.0,,
207,Kids,3,4,1,2,1,1,1,1,1,1,1.0,,
207,Kids,3,4,1,4,2,0,3,1,0,3,,1.0,0.0
207,Kids,3,4,1,1,3,0,1,1,1,1,,1.0,1.0
207,Kids,4,5,1,1,1,1,1,3,0,1,0.0,,
207,Kids,4,5,1,2,3,0,1,1,1,1,,1.0,1.0
207,Kids,4,5,1,3,2,1,2,2,1,2,1.0,,
207,Kids,4,5,1,5,2,0,3,1,0,3,,1.0,0.0
207,Kids,4,5,1,4,2,0,3,3,1,3,,1.0,1.0
207,Kids,5,3,2,1,3,0,1,2,0,1,,1.0,0.0
207,Kids,5,3,2,2,3,0,2,2,1,2,,1.0,1.0
207,Kids,5,3,2,3,1,0,3,2,0,3,,1.0,0.0
207,Kids,6,5,2,2,3,0,2,2,1,2,,1.0,1.0
207,Kids,6,5,2,1,3,0,1,1,1,1,,1.0,1.0
207,Kids,6,5,2,4,1,0,3,3,1,3,,1.0,1.0
207,Kids,6,5,2,5,2,0,3,1,0,3,,1.0,0.0
207,Kids,6,5,2,3,1,0,2,2,1,2,,1.0,1.0
207,Kids,7,2,2,2,2,0,3,3,1,3,,1.0,1.0
207,Kids,7,2,2,1,1,1,1,1,1,1,1.0,,
207,Kids,8,3,3,1,3,0,1,2,0,1,,1.0,0.0
207,Kids,8,3,3,3,2,0,3,1,0,3,,1.0,0.0
207,Kids,8,3,3,2,1,0,2,2,1,2,,1.0,1.0
207,Kids,9,4,2,1,1,1,1,1,1,1,1.0,,
207,Kids,9,4,2,3,2,0,3,3,1,3,,1.0,1.0
207,Kids,9,4,2,4,2,0,3,2,0,3,,0.0,0.0
207,Kids,9,4,2,2,3,0,2,2,1,2,,1.0,1.0
207,Kids,10,5,3,3,2,1,2,2,1,2,1.0,,
207,Kids,10,5,3,2,1,1,1,1,1,1,1.0,,
207,Kids,10,5,3,5,3,1,3,3,1,3,1.0,,
207,Kids,10,5,3,1,1,1,1,1,1,1,1.0,,
207,Kids,10,5,3,4,3,0,2,2,1,2,,1.0,1.0
213,Kids,1,2,1,1,3,0,2,1,0,2,,1.0,0.0
213,Kids,1,2,1,2,3,1,3,3,1,3,1.0,,
213,Kids,2,3,1,2,1,0,2,3,0,2,,1.0,0.0
213,Kids,2,3,1,3,2,1,2,2,1,2,1.0,,
213,Kids,2,3,1,1,1,1,1,1,1,1,1.0,,
213,Kids,3,5,1,3,3,0,2,1,0,2,,1.0,0.0
213,Kids,3,5,1,1,1,1,1,2,0,1,0.0,,
213,Kids,3,5,1,2,2,0,1,1,1,1,,1.0,1.0
213,Kids,3,5,1,4,3,1,3,3,1,3,1.0,,
213,Kids,3,5,1,5,3,1,3,3,1,3,1.0,,
213,Kids,4,4,1,3,3,1,3,3,1,3,1.0,,
213,Kids,4,4,1,1,3,0,1,2,0,1,,1.0,0.0
213,Kids,4,4,1,4,3,1,3,3,1,3,1.0,,
213,Kids,4,4,1,2,1,0,2,1,0,2,,0.0,0.0
213,Kids,5,3,2,3,3,1,3,3,1,3,1.0,,
213,Kids,5,3,2,1,2,0,1,1,1,1,,1.0,1.0
213,Kids,5,3,2,2,1,0,2,1,0,2,,0.0,0.0
213,Kids,6,5,2,2,1,1,1,1,1,1,1.0,,
213,Kids,6,5,2,1,1,1,1,1,1,1,1.0,,
213,Kids,6,5,2,3,3,0,2,1,0,2,,1.0,0.0
213,Kids,6,5,2,5,2,0,3,1,0,3,,1.0,0.0
213,Kids,6,5,2,4,3,0,2,2,1,2,,1.0,1.0
213,Kids,7,2,2,1,3,0,1,1,1,1,,1.0,1.0
213,Kids,7,2,2,2,2,0,3,1,0,3,,1.0,0.0
213,Kids,8,3,3,2,3,0,2,1,0,2,,1.0,0.0
213,Kids,8,3,3,3,1,0,3,2,0,3,,1.0,0.0
213,Kids,9,5,3,4,1,0,3,2,0,3,,1.0,0.0
213,Kids,9,5,3,1,3,0,1,2,0,1,,1.0,0.0
213,Kids,9,5,3,2,2,1,2,2,1,2,1.0,,
213,Kids,9,5,3,5,1,0,3,1,0,3,,0.0,0.0
213,Kids,9,5,3,3,3,0,2,3,0,2,,0.0,0.0
213,Kids,10,4,2,2,3,0,1,1,1,1,,1.0,1.0
213,Kids,10,4,2,3,2,1,2,2,1,2,1.0,,
213,Kids,10,4,2,1,1,1,1,1,1,1,1.0,,
213,Kids,10,4,2,4,3,1,3,3,1,3,1.0,,
214,Kids,1,2,1,2,3,1,3,1,0,3,0.0,,
214,Kids,1,2,1,1,2,0,1,1,1,1,,1.0,1.0
214,Kids,2,3,1,2,2,0,1,3,0,1,,1.0,0.0
214,Kids,2,3,1,3,1,0,2,3,0,2,,1.0,0.0
214,Kids,2,3,1,1,3,0,1,1,1,1,,1.0,1.0
214,Kids,3,5,1,3,1,0,2,3,0,2,,1.0,0.0
214,Kids,3,5,1,1,2,0,1,2,0,1,,0.0,0.0
214,Kids,3,5,1,4,1,0,3,3,1,3,,1.0,1.0
214,Kids,3,5,1,2,3,0,2,1,0,2,,1.0,0.0
214,Kids,3,5,1,5,2,0,3,2,0,3,,0.0,0.0
214,Kids,4,4,1,4,3,1,3,2,0,3,0.0,,
214,Kids,4,4,1,2,2,1,2,3,0,2,0.0,,
214,Kids,4,4,1,3,1,0,3,3,1,3,,1.0,1.0
214,Kids,4,4,1,1,2,0,1,1,1,1,,1.0,1.0
214,Kids,5,3,2,3,2,0,3,1,0,3,,1.0,0.0
214,Kids,5,3,2,2,3,0,2,3,0,2,,0.0,0.0
214,Kids,5,3,2,1,1,1,1,1,1,1,1.0,,
214,Kids,6,5,2,3,2,1,2,1,0,2,0.0,,
214,Kids,6,5,2,4,1,0,2,2,1,2,,1.0,1.0
214,Kids,6,5,2,2,3,0,1,2,0,1,,1.0,0.0
214,Kids,6,5,2,1,1,1,1,1,1,1,1.0,,
214,Kids,6,5,2,5,2,0,3,3,1,3,,1.0,1.0
214,Kids,7,2,2,1,3,0,2,1,0,2,,1.0,0.0
214,Kids,7,2,2,2,2,0,3,3,1,3,,1.0,1.0
214,Kids,8,3,3,3,2,0,3,3,1,3,,1.0,1.0
214,Kids,8,3,3,1,1,1,1,1,1,1,1.0,,
214,Kids,8,3,3,2,2,1,2,2,1,2,1.0,,
214,Kids,9,5,3,3,3,0,2,2,1,2,,1.0,1.0
214,Kids,9,5,3,5,2,0,3,3,1,3,,1.0,1.0
214,Kids,9,5,3,2,1,1,1,1,1,1,1.0,,
214,Kids,9,5,3,4,1,0,3,2,0,3,,1.0,0.0
214,Kids,9,5,3,1,1,1,1,1,1,1,1.0,,
214,Kids,10,4,2,4,1,0,3,1,0,3,,0.0,0.0
214,Kids,10,4,2,1,2,0,1,2,0,1,,0.0,0.0
214,Kids,10,4,2,2,3,0,2,1,0,2,,1.0,0.0
214,Kids,10,4,2,3,1,0,2,3,0,2,,1.0,0.0
217,Kids,1,2,1,1,2,0,1,2,0,1,,0.0,0.0
217,Kids,1,2,1,2,3,0,2,1,0,2,,1.0,0.0
217,Kids,2,3,1,3,2,0,3,3,1,3,,1.0,1.0
217,Kids,2,3,1,2,1,0,2,1,0,2,,0.0,0.0
217,Kids,2,3,1,1,2,1,2,2,1,2,1.0,,
217,Kids,3,4,1,3,2,1,2,2,1,2,1.0,,
217,Kids,3,4,1,2,2,0,1,1,1,1,,1.0,1.0
217,Kids,3,4,1,4,2,0,3,1,0,3,,1.0,0.0
217,Kids,3,4,1,1,2,0,1,2,0,1,,0.0,0.0
217,Kids,4,5,1,1,2,0,1,2,0,1,,0.0,0.0
217,Kids,4,5,1,2,3,0,1,3,0,1,,0.0,0.0
217,Kids,4,5,1,3,1,0,2,2,1,2,,1.0,1.0
217,Kids,4,5,1,5,2,0,3,2,0,3,,0.0,0.0
217,Kids,4,5,1,4,2,0,3,2,0,3,,0.0,0.0
217,Kids,5,3,2,1,2,0,1,2,0,1,,0.0,0.0
217,Kids,6,5,2,2,1,0,2,2,1,2,,1.0,1.0
217,Kids,6,5,2,1,2,0,1,1,1,1,,1.0,1.0
217,Kids,6,5,2,4,3,1,3,2,0,3,0.0,,
217,Kids,6,5,2,5,3,1,3,3,1,3,1.0,,
217,Kids,6,5,2,3,3,0,2,1,0,2,,1.0,0.0
217,Kids,7,2,2,1,2,0,1,3,0,1,,1.0,0.0
217,Kids,8,3,3,1,3,0,1,3,0,1,,0.0,0.0
217,Kids,9,4,2,3,2,0,3,3,1,3,,1.0,1.0
217,Kids,9,4,2,4,3,1,3,2,0,3,0.0,,
217,Kids,9,4,2,2,2,1,2,2,1,2,1.0,,
217,Kids,10,5,3,3,3,0,2,2,1,2,,1.0,1.0
217,Kids,10,5,3,2,3,0,1,2,0,1,,1.0,0.0
217,Kids,10,5,3,5,3,1,3,3,1,3,1.0,,
217,Kids,10,5,3,1,3,0,1,2,0,1,,1.0,0.0
217,Kids,10,5,3,4,3,0,2,2,1,2,,1.0,1.0
221,Kids,1,2,1,2,2,1,2,2,1,2,1.0,,
221,Kids,1,2,1,1,1,1,1,1,1,1,1.0,,
221,Kids,2,3,1,2,2,1,2,1,0,2,0.0,,
221,Kids,2,3,1,1,1,0,2,2,1,2,,1.0,1.0
221,Kids,2,3,1,3,3,1,3,3,1,3,1.0,,
221,Kids,3,4,1,4,3,1,3,3,1,3,1.0,,
221,Kids,3,4,1,2,2,0,1,2,0,1,,0.0,0.0
221,Kids,3,4,1,3,1,0,2,2,1,2,,1.0,1.0
221,Kids,3,4,1,1,3,0,1,1,1,1,,1.0,1.0
221,Kids,4,5,1,2,2,0,1,2,0,1,,0.0,0.0
221,Kids,4,5,1,3,3,0,2,3,0,2,,0.0,0.0
221,Kids,4,5,1,1,2,0,1,1,1,1,,1.0,1.0
221,Kids,4,5,1,4,1,0,3,2,0,3,,1.0,0.0
221,Kids,4,5,1,5,2,0,3,3,1,3,,1.0,1.0
221,Kids,5,3,2,2,2,1,2,3,0,2,0.0,,
221,Kids,5,3,2,3,3,1,3,3,1,3,1.0,,
221,Kids,5,3,2,1,1,1,1,3,0,1,0.0,,
221,Kids,6,5,2,2,3,0,2,3,0,2,,0.0,0.0
221,Kids,6,5,2,3,2,1,2,2,1,2,1.0,,
221,Kids,6,5,2,4,1,0,3,1,0,3,,0.0,0.0
221,Kids,6,5,2,5,2,0,3,1,0,3,,1.0,0.0
221,Kids,6,5,2,1,3,0,1,1,1,1,,1.0,1.0
221,Kids,7,2,2,1,3,0,1,1,1,1,,1.0,1.0
221,Kids,7,2,2,2,2,0,3,3,1,3,,1.0,1.0
221,Kids,8,3,3,1,1,1,1,1,1,1,1.0,,
221,Kids,8,3,3,3,3,1,3,3,1,3,1.0,,
221,Kids,8,3,3,2,2,1,2,3,0,2,0.0,,
221,Kids,9,4,2,1,3,0,1,2,0,1,,1.0,0.0
221,Kids,9,4,2,3,2,0,3,3,1,3,,1.0,1.0
221,Kids,9,4,2,2,1,0,2,3,0,2,,1.0,0.0
221,Kids,9,4,2,4,2,0,3,3,1,3,,1.0,1.0
221,Kids,10,5,3,2,2,0,1,3,0,1,,1.0,0.0
221,Kids,10,5,3,4,1,0,2,1,0,2,,0.0,0.0
221,Kids,10,5,3,1,3,0,1,1,1,1,,1.0,1.0
221,Kids,10,5,3,5,2,0,3,1,0,3,,1.0,0.0
221,Kids,10,5,3,3,2,1,2,2,1,2,1.0,,
414,Kids,1,2,1,2,3,1,3,1,0,3,0.0,,
414,Kids,1,2,1,1,2,0,1,1,1,1,,1.0,1.0
414,Kids,2,3,1,2,1,1,1,1,1,1,1.0,,
414,Kids,2,3,1,3,2,1,2,2,1,2,1.0,,
414,Kids,2,3,1,1,3,0,1,2,0,1,,1.0,0.0
414,Kids,3,5,1,3,1,0,2,2,1,2,,1.0,1.0
414,Kids,3,5,1,1,1,1,1,1,1,1,1.0,,
414,Kids,3,5,1,4,1,0,3,2,0,3,,1.0,0.0
414,Kids,3,5,1,2,1,0,2,2,1,2,,1.0,1.0
414,Kids,3,5,1,5,1,0,3,2,0,3,,1.0,0.0
414,Kids,4,4,1,4,3,1,3,3,1,3,1.0,,
414,Kids,4,4,1,2,3,0,2,2,1,2,,1.0,1.0
414,Kids,4,4,1,3,3,1,3,3,1,3,1.0,,
414,Kids,4,4,1,1,3,0,1,2,0,1,,1.0,0.0
414,Kids,5,3,2,3,3,1,3,3,1,3,1.0,,
414,Kids,5,3,2,2,2,1,2,2,1,2,1.0,,
414,Kids,5,3,2,1,1,1,1,2,0,1,0.0,,
414,Kids,6,5,2,3,1,0,2,1,0,2,,0.0,0.0
414,Kids,6,5,2,4,1,0,2,1,0,2,,0.0,0.0
414,Kids,6,5,2,2,1,1,1,2,0,1,0.0,,
414,Kids,6,5,2,1,2,0,1,3,0,1,,1.0,0.0
414,Kids,6,5,2,5,1,0,3,2,0,3,,1.0,0.0
414,Kids,7,2,2,1,1,0,2,2,1,2,,1.0,1.0
414,Kids,7,2,2,2,1,0,3,2,0,3,,1.0,0.0
414,Kids,8,3,3,3,1,0,3,3,1,3,,1.0,1.0
414,Kids,8,3,3,1,1,1,1,1,1,1,1.0,,
414,Kids,8,3,3,2,2,1,2,2,1,2,1.0,,
414,Kids,9,5,3,3,1,0,2,2,1,2,,1.0,1.0
414,Kids,9,5,3,5,1,0,3,2,0,3,,1.0,0.0
414,Kids,9,5,3,2,1,1,1,1,1,1,1.0,,
414,Kids,9,5,3,4,1,0,3,2,0,3,,1.0,0.0
414,Kids,9,5,3,1,1,1,1,1,1,1,1.0,,
414,Kids,10,4,2,4,1,0,3,2,0,3,,1.0,0.0
414,Kids,10,4,2,1,1,1,1,1,1,1,1.0,,
414,Kids,10,4,2,2,1,0,2,2,1,2,,1.0,1.0
414,Kids,10,4,2,3,1,0,2,2,1,2,,1.0,1.0
20,Teens,1,2,1,2,1,0,2,3,0,2,,1.0,0.0
20,Teens,1,2,1,1,3,0,1,2,0,1,,1.0,0.0
20,Teens,2,3,1,2,1,1,1,1,1,1,1.0,,
20,Teens,2,3,1,1,3,0,1,2,0,1,,1.0,0.0
20,Teens,2,3,1,3,2,0,3,3,1,3,,1.0,1.0
20,Teens,3,4,1,1,1,1,1,1,1,1,1.0,,
20,Teens,3,4,1,2,2,1,2,2,1,2,1.0,,
20,Teens,3,4,1,3,3,0,2,1,0,2,,1.0,0.0
20,Teens,3,4,1,4,1,0,3,1,0,3,,0.0,0.0
20,Teens,4,5,1,5,1,0,3,3,1,3,,1.0,1.0
20,Teens,4,5,1,2,2,1,2,2,1,2,1.0,,
20,Teens,4,5,1,3,2,1,2,2,1,2,1.0,,
20,Teens,4,5,1,4,2,0,3,1,0,3,,1.0,0.0
20,Teens,4,5,1,1,3,0,1,1,1,1,,1.0,1.0
20,Teens,5,3,2,2,1,0,2,3,0,2,,1.0,0.0
20,Teens,5,3,2,1,3,0,1,2,0,1,,1.0,0.0
20,Teens,5,3,2,3,2,0,3,2,0,3,,0.0,0.0
20,Teens,6,5,2,5,1,0,3,3,1,3,,1.0,1.0
20,Teens,6,5,2,1,3,0,1,2,0,1,,1.0,0.0
20,Teens,6,5,2,4,2,0,3,1,0,3,,1.0,0.0
20,Teens,6,5,2,3,1,0,2,2,1,2,,1.0,1.0
20,Teens,6,5,2,2,3,0,1,1,1,1,,1.0,1.0
20,Teens,7,2,2,1,3,0,2,2,1,2,,1.0,1.0
20,Teens,7,2,2,2,1,0,3,2,0,3,,1.0,0.0
20,Teens,8,3,3,1,1,1,1,1,1,1,1.0,,
20,Teens,8,3,3,2,3,0,2,1,0,2,,1.0,0.0
20,Teens,8,3,3,3,3,1,3,3,1,3,1.0,,
20,Teens,9,4,2,2,1,0,2,2,1,2,,1.0,1.0
20,Teens,9,4,2,1,3,0,1,3,0,1,,0.0,0.0
20,Teens,9,4,2,3,2,0,3,2,0,3,,0.0,0.0
20,Teens,9,4,2,4,1,0,3,1,0,3,,0.0,0.0
20,Teens,10,5,3,2,3,0,1,1,1,1,,1.0,1.0
20,Teens,10,5,3,3,3,0,2,1,0,2,,1.0,0.0
20,Teens,10,5,3,5,3,1,3,3,1,3,1.0,,
20,Teens,10,5,3,1,1,1,1,1,1,1,1.0,,
20,Teens,10,5,3,4,2,1,2,2,1,2,1.0,,
22,Teens,1,2,1,1,3,0,1,1,1,1,,1.0,1.0
22,Teens,1,2,1,2,3,1,3,3,1,3,1.0,,
22,Teens,2,3,1,2,3,0,1,2,0,1,,1.0,0.0
22,Teens,2,3,1,3,3,0,2,2,1,2,,1.0,1.0
22,Teens,2,3,1,1,3,0,1,2,0,1,,1.0,0.0
22,Teens,3,5,1,4,3,1,3,3,1,3,1.0,,
22,Teens,3,5,1,1,3,0,1,2,0,1,,1.0,0.0
22,Teens,3,5,1,2,3,0,2,3,0,2,,0.0,0.0
22,Teens,3,5,1,3,3,0,2,1,0,2,,1.0,0.0
22,Teens,3,5,1,5,3,1,3,2,0,3,0.0,,
22,Teens,4,4,1,1,2,0,1,1,1,1,,1.0,1.0
22,Teens,4,4,1,2,2,1,2,2,1,2,1.0,,
22,Teens,4,4,1,4,2,0,3,1,0,3,,1.0,0.0
22,Teens,4,4,1,3,2,0,3,1,0,3,,1.0,0.0
22,Teens,5,3,2,1,3,0,1,1,1,1,,1.0,1.0
22,Teens,5,3,2,2,3,0,2,2,1,2,,1.0,1.0
22,Teens,5,3,2,3,3,1,3,3,1,3,1.0,,
22,Teens,6,5,2,2,2,0,1,2,0,1,,0.0,0.0
22,Teens,6,5,2,1,2,0,1,2,0,1,,0.0,0.0
22,Teens,6,5,2,4,2,1,2,2,1,2,1.0,,
22,Teens,6,5,2,3,2,1,2,2,1,2,1.0,,
22,Teens,6,5,2,5,2,0,3,3,1,3,,1.0,1.0
22,Teens,7,2,2,1,2,1,2,2,1,2,1.0,,
22,Teens,7,2,2,2,1,0,3,3,1,3,,1.0,1.0
22,Teens,8,3,3,3,1,0,3,2,0,3,,1.0,0.0
22,Teens,8,3,3,2,1,0,2,2,1,2,,1.0,1.0
22,Teens,8,3,3,1,1,1,1,1,1,1,1.0,,
22,Teens,9,5,3,4,3,1,3,3,1,3,1.0,,
22,Teens,9,5,3,1,3,0,1,3,0,1,,0.0,0.0
22,Teens,9,5,3,5,3,1,3,3,1,3,1.0,,
22,Teens,9,5,3,2,3,0,1,1,1,1,,1.0,1.0
22,Teens,9,5,3,3,3,0,2,2,1,2,,1.0,1.0
22,Teens,10,4,2,4,1,0,3,3,1,3,,1.0,1.0
22,Teens,10,4,2,2,1,0,2,2,1,2,,1.0,1.0
22,Teens,10,4,2,3,1,0,2,3,0,2,,1.0,0.0
22,Teens,10,4,2,1,1,1,1,1,1,1,1.0,,
25,Teens,1,2,1,1,2,0,1,1,1,1,,1.0,1.0
25,Teens,1,2,1,2,3,0,2,2,1,2,,1.0,1.0
25,Teens,2,3,1,2,3,0,2,1,0,2,,1.0,0.0
25,Teens,2,3,1,1,2,1,2,2,1,2,1.0,,
25,Teens,2,3,1,3,1,0,3,1,0,3,,0.0,0.0
25,Teens,3,4,1,4,1,0,3,3,1,3,,1.0,1.0
25,Teens,3,4,1,1,2,0,1,1,1,1,,1.0,1.0
25,Teens,3,4,1,2,3,0,1,1,1,1,,1.0,1.0
25,Teens,3,4,1,3,1,0,2,2,1,2,,1.0,1.0
25,Teens,4,5,1,4,3,1,3,3,1,3,1.0,,
25,Teens,4,5,1,3,1,0,2,2,1,2,,1.0,1.0
25,Teens,4,5,1,2,1,1,1,1,1,1,1.0,,
25,Teens,4,5,1,1,2,0,1,1,1,1,,1.0,1.0
25,Teens,4,5,1,5,3,1,3,3,1,3,1.0,,
25,Teens,5,3,2,1,1,1,1,1,1,1,1.0,,
25,Teens,5,3,2,2,3,0,2,2,1,2,,1.0,1.0
25,Teens,5,3,2,3,3,1,3,3,1,3,1.0,,
25,Teens,6,5,2,1,2,0,1,1,1,1,,1.0,1.0
25,Teens,6,5,2,4,2,0,3,3,1,3,,1.0,1.0
25,Teens,6,5,2,5,3,1,3,3,1,3,1.0,,
25,Teens,6,5,2,2,1,0,2,2,1,2,,1.0,1.0
25,Teens,6,5,2,3,1,0,2,2,1,2,,1.0,1.0
25,Teens,7,2,2,1,3,0,1,1,1,1,,1.0,1.0
25,Teens,7,2,2,2,3,1,3,3,1,3,1.0,,
25,Teens,8,3,3,3,1,0,3,2,0,3,,1.0,0.0
25,Teens,8,3,3,2,1,0,2,2,1,2,,1.0,1.0
25,Teens,8,3,3,1,1,1,1,1,1,1,1.0,,
25,Teens,9,4,2,1,2,0,1,3,0,1,,1.0,0.0
25,Teens,9,4,2,4,2,0,3,1,0,3,,1.0,0.0
25,Teens,9,4,2,2,2,1,2,2,1,2,1.0,,
25,Teens,9,4,2,3,1,0,3,3,1,3,,1.0,1.0
25,Teens,10,5,3,2,3,0,1,2,0,1,,1.0,0.0
25,Teens,10,5,3,1,3,0,1,1,1,1,,1.0,1.0
25,Teens,10,5,3,4,3,0,2,1,0,2,,1.0,0.0
25,Teens,10,5,3,3,3,0,2,2,1,2,,1.0,1.0
25,Teens,10,5,3,5,3,1,3,3,1,3,1.0,,
30,Teens,1,2,1,2,2,1,2,2,1,2,1.0,,
30,Teens,1,2,1,1,1,1,1,1,1,1,1.0,,
30,Teens,2,3,1,2,1,1,1,2,0,1,0.0,,
30,Teens,2,3,1,1,3,0,1,2,0,1,,1.0,0.0
30,Teens,2,3,1,3,3,1,3,2,0,3,0.0,,
30,Teens,3,4,1,1,1,1,1,1,1,1,1.0,,
30,Teens,3,4,1,2,2,1,2,2,1,2,1.0,,
30,Teens,3,4,1,3,3,0,2,3,0,2,,0.0,0.0
30,Teens,3,4,1,4,3,1,3,1,0,3,0.0,,
30,Teens,4,5,1,5,1,0,3,2,0,3,,1.0,0.0
30,Teens,4,5,1,2,1,0,2,2,1,2,,1.0,1.0
30,Teens,4,5,1,3,1,0,2,2,1,2,,1.0,1.0
30,Teens,4,5,1,4,1,0,3,2,0,3,,1.0,0.0
30,Teens,4,5,1,1,1,1,1,1,1,1,1.0,,
30,Teens,5,3,2,2,1,0,2,2,1,2,,1.0,1.0
30,Teens,5,3,2,1,1,1,1,1,1,1,1.0,,
30,Teens,5,3,2,3,1,0,3,1,0,3,,0.0,0.0
30,Teens,6,5,2,5,2,0,3,2,0,3,,0.0,0.0
30,Teens,6,5,2,1,2,0,1,1,1,1,,1.0,1.0
30,Teens,6,5,2,4,2,0,3,3,1,3,,1.0,1.0
30,Teens,6,5,2,3,2,1,2,2,1,2,1.0,,
30,Teens,6,5,2,2,2,0,1,3,0,1,,1.0,0.0
30,Teens,7,2,2,1,2,1,2,2,1,2,1.0,,
30,Teens,7,2,2,2,1,0,3,3,1,3,,1.0,1.0
30,Teens,8,3,3,1,2,0,1,1,1,1,,1.0,1.0
30,Teens,8,3,3,2,2,1,2,2,1,2,1.0,,
30,Teens,8,3,3,3,2,0,3,3,1,3,,1.0,1.0
30,Teens,9,4,2,2,2,1,2,2,1,2,1.0,,
30,Teens,9,4,2,1,1,1,1,1,1,1,1.0,,
30,Teens,9,4,2,3,3,1,3,1,0,3,0.0,,
30,Teens,9,4,2,4,3,1,3,3,1,3,1.0,,
30,Teens,10,5,3,2,2,0,1,1,1,1,,1.0,1.0
30,Teens,10,5,3,3,2,1,2,2,1,2,1.0,,
30,Teens,10,5,3,5,2,0,3,3,1,3,,1.0,1.0
30,Teens,10,5,3,1,2,0,1,2,0,1,,0.0,0.0
30,Teens,10,5,3,4,1,0,2,1,0,2,,0.0,0.0
36,Teens,1,2,1,1,2,1,2,2,1,2,1.0,,
36,Teens,1,2,1,2,3,1,3,3,1,3,1.0,,
36,Teens,2,3,1,2,2,0,3,1,0,3,,1.0,0.0
36,Teens,2,3,1,1,3,0,1,3,0,1,,0.0,0.0
36,Teens,2,3,1,3,1,0,3,3,1,3,,1.0,1.0
36,Teens,3,4,1,4,3,1,3,3,1,3,1.0,,
36,Teens,3,4,1,1,3,0,1,2,0,1,,1.0,0.0
36,Teens,3,4,1,2,1,0,2,1,0,2,,0.0,0.0
36,Teens,3,4,1,3,3,0,2,1,0,2,,1.0,0.0
36,Teens,4,5,1,2,3,0,1,3,0,1,,0.0,0.0
36,Teens,4,5,1,3,1,0,2,3,0,2,,1.0,0.0
36,Teens,4,5,1,5,1,0,3,1,0,3,,0.0,0.0
36,Teens,4,5,1,1,1,1,1,1,1,1,1.0,,
36,Teens,4,5,1,4,1,0,2,1,0,2,,0.0,0.0
36,Teens,5,3,2,3,3,1,3,3,1,3,1.0,,
36,Teens,5,3,2,1,2,0,1,1,1,1,,1.0,1.0
36,Teens,5,3,2,2,1,0,2,2,1,2,,1.0,1.0
36,Teens,6,5,2,4,1,0,3,3,1,3,,1.0,1.0
36,Teens,6,5,2,2,1,1,1,1,1,1,1.0,,
36,Teens,6,5,2,1,1,1,1,1,1,1,1.0,,
36,Teens,6,5,2,5,1,0,3,3,1,3,,1.0,1.0
36,Teens,6,5,2,3,1,0,2,3,0,2,,1.0,0.0
36,Teens,7,2,2,1,3,0,1,1,1,1,,1.0,1.0
36,Teens,7,2,2,2,3,0,2,2,1,2,,1.0,1.0
36,Teens,8,3,3,3,3,1,3,3,1,3,1.0,,
36,Teens,8,3,3,1,2,0,1,2,0,1,,0.0,0.0
36,Teens,8,3,3,2,1,0,2,1,0,2,,0.0,0.0
36,Teens,9,4,2,3,3,0,2,2,1,2,,1.0,1.0
36,Teens,9,4,2,4,3,1,3,3,1,3,1.0,,
36,Teens,9,4,2,2,1,1,1,1,1,1,1.0,,
36,Teens,9,4,2,1,2,0,1,3,0,1,,1.0,0.0
36,Teens,10,5,3,4,3,1,3,3,1,3,1.0,,
36,Teens,10,5,3,2,1,0,2,2,1,2,,1.0,1.0
36,Teens,10,5,3,5,3,1,3,1,0,3,0.0,,
36,Teens,10,5,3,3,1,0,2,2,1,2,,1.0,1.0
36,Teens,10,5,3,1,1,1,1,1,1,1,1.0,,
37,Teens,1,2,1,1,2,0,1,1,1,1,,1.0,1.0
37,Teens,1,2,1,2,1,0,2,2,1,2,,1.0,1.0
37,Teens,2,3,1,3,1,0,3,2,0,3,,1.0,0.0
37,Teens,2,3,1,2,3,0,2,1,0,2,,1.0,0.0
37,Teens,2,3,1,1,2,1,2,2,1,2,1.0,,
37,Teens,3,4,1,3,1,0,2,1,0,2,,0.0,0.0
37,Teens,3,4,1,2,1,1,1,1,1,1,1.0,,
37,Teens,3,4,1,4,1,0,3,2,0,3,,1.0,0.0
37,Teens,3,4,1,1,2,0,1,2,0,1,,0.0,0.0
37,Teens,4,5,1,1,1,1,1,1,1,1,1.0,,
37,Teens,4,5,1,2,1,1,1,1,1,1,1.0,,
37,Teens,4,5,1,3,1,0,2,2,1,2,,1.0,1.0
37,Teens,4,5,1,5,1,0,3,2,0,3,,1.0,0.0
37,Teens,4,5,1,4,1,0,3,2,0,3,,1.0,0.0
37,Teens,5,3,2,1,2,0,1,1,1,1,,1.0,1.0
37,Teens,5,3,2,2,2,1,2,2,1,2,1.0,,
37,Teens,5,3,2,3,1,0,3,2,0,3,,1.0,0.0
37,Teens,6,5,2,2,1,0,2,2,1,2,,1.0,1.0
37,Teens,6,5,2,1,1,1,1,1,1,1,1.0,,
37,Teens,6,5,2,4,2,0,3,1,0,3,,1.0,0.0
37,Teens,6,5,2,5,1,0,3,2,0,3,,1.0,0.0
37,Teens,6,5,2,3,1,0,2,2,1,2,,1.0,1.0
37,Teens,7,2,2,2,1,0,3,2,0,3,,1.0,0.0
37,Teens,7,2,2,1,1,1,1,1,1,1,1.0,,
37,Teens,8,3,3,1,1,1,1,1,1,1,1.0,,
37,Teens,8,3,3,3,1,0,3,3,1,3,,1.0,1.0
37,Teens,8,3,3,2,1,0,2,2,1,2,,1.0,1.0
37,Teens,9,4,2,1,1,1,1,1,1,1,1.0,,
37,Teens,9,4,2,3,1,0,3,2,0,3,,1.0,0.0
37,Teens,9,4,2,4,1,0,3,2,0,3,,1.0,0.0
37,Teens,9,4,2,2,1,0,2,2,1,2,,1.0,1.0
37,Teens,10,5,3,3,1,0,2,1,0,2,,0.0,0.0
37,Teens,10,5,3,2,1,1,1,2,0,1,0.0,,
37,Teens,10,5,3,5,1,0,3,3,1,3,,1.0,1.0
37,Teens,10,5,3,1,1,1,1,1,1,1,1.0,,
37,Teens,10,5,3,4,3,0,2,2,1,2,,1.0,1.0
38,Teens,1,2,1,2,3,0,2,2,1,2,,1.0,1.0
38,Teens,1,2,1,1,2,0,1,3,0,1,,1.0,0.0
38,Teens,2,4,1,3,3,0,2,2,1,2,,1.0,1.0
38,Teens,2,4,1,4,3,1,3,3,1,3,1.0,,
38,Teens,2,4,1,2,3,0,2,1,0,2,,1.0,0.0
38,Teens,2,4,1,1,3,0,1,2,0,1,,1.0,0.0
38,Teens,3,3,1,2,3,0,1,2,0,1,,1.0,0.0
38,Teens,3,3,1,3,3,1,3,3,1,3,1.0,,
38,Teens,3,3,1,1,2,0,1,1,1,1,,1.0,1.0
38,Teens,4,5,1,3,3,0,2,2,1,2,,1.0,1.0
38,Teens,4,5,1,5,3,1,3,3,1,3,1.0,,
38,Teens,4,5,1,1,3,0,1,1,1,1,,1.0,1.0
38,Teens,4,5,1,4,3,1,3,2,0,3,0.0,,
38,Teens,4,5,1,2,3,0,2,2,1,2,,1.0,1.0
38,Teens,5,3,2,1,3,0,1,1,1,1,,1.0,1.0
38,Teens,5,3,2,2,3,0,2,1,0,2,,1.0,0.0
38,Teens,5,3,2,3,3,1,3,3,1,3,1.0,,
38,Teens,6,5,2,2,3,0,1,1,1,1,,1.0,1.0
38,Teens,6,5,2,5,3,1,3,1,0,3,0.0,,
38,Teens,6,5,2,4,3,1,3,3,1,3,1.0,,
38,Teens,6,5,2,3,3,0,2,1,0,2,,1.0,0.0
38,Teens,6,5,2,1,3,0,1,1,1,1,,1.0,1.0
38,Teens,7,2,2,2,3,1,3,3,1,3,1.0,,
38,Teens,7,2,2,1,1,0,2,2,1,2,,1.0,1.0
38,Teens,8,4,2,1,3,0,1,1,1,1,,1.0,1.0
38,Teens,8,4,2,3,3,1,3,3,1,3,1.0,,
38,Teens,8,4,2,2,3,0,2,2,1,2,,1.0,1.0
38,Teens,8,4,2,4,3,1,3,1,0,3,0.0,,
38,Teens,9,3,3,1,3,0,1,1,1,1,,1.0,1.0
38,Teens,9,3,3,3,3,1,3,3,1,3,1.0,,
38,Teens,9,3,3,2,3,0,2,1,0,2,,1.0,0.0
38,Teens,10,5,3,4,3,0,2,1,0,2,,1.0,0.0
38,Teens,10,5,3,1,3,0,1,1,1,1,,1.0,1.0
38,Teens,10,5,3,5,3,1,3,3,1,3,1.0,,
38,Teens,10,5,3,3,3,0,2,1,0,2,,1.0,0.0
38,Teens,10,5,3,2,3,0,1,1,1,1,,1.0,1.0
40,Teens,1,2,1,2,1,0,2,2,1,2,,1.0,1.0
40,Teens,1,2,1,1,1,1,1,1,1,1,1.0,,
40,Teens,2,3,1,2,3,0,1,1,1,1,,1.0,1.0
40,Teens,2,3,1,1,3,0,1,2,0,1,,1.0,0.0
40,Teens,2,3,1,3,3,1,3,3,1,3,1.0,,
40,Teens,3,4,1,1,1,1,1,1,1,1,1.0,,
40,Teens,3,4,1,2,3,0,2,1,0,2,,1.0,0.0
40,Teens,3,4,1,3,3,0,2,1,0,2,,1.0,0.0
40,Teens,3,4,1,4,3,1,3,3,1,3,1.0,,
40,Teens,4,5,1,5,1,0,3,2,0,3,,1.0,0.0
40,Teens,4,5,1,2,1,0,2,2,1,2,,1.0,1.0
40,Teens,4,5,1,3,1,0,2,2,1,2,,1.0,1.0
40,Teens,4,5,1,4,1,0,3,3,1,3,,1.0,1.0
40,Teens,4,5,1,1,1,1,1,1,1,1,1.0,,
40,Teens,5,3,2,2,1,0,2,2,1,2,,1.0,1.0
40,Teens,5,3,2,1,1,1,1,1,1,1,1.0,,
40,Teens,5,3,2,3,3,1,3,1,0,3,0.0,,
40,Teens,6,5,2,5,1,0,3,3,1,3,,1.0,1.0
40,Teens,6,5,2,1,1,1,1,1,1,1,1.0,,
40,Teens,6,5,2,4,1,0,3,2,0,3,,1.0,0.0
40,Teens,6,5,2,3,1,0,2,3,0,2,,1.0,0.0
40,Teens,6,5,2,2,1,1,1,1,1,1,1.0,,
40,Teens,7,2,2,1,1,0,2,2,1,2,,1.0,1.0
40,Teens,7,2,2,2,1,0,3,3,1,3,,1.0,1.0
40,Teens,8,3,3,1,1,1,1,1,1,1,1.0,,
40,Teens,8,3,3,2,3,0,2,2,1,2,,1.0,1.0
40,Teens,8,3,3,3,3,1,3,3,1,3,1.0,,
40,Teens,9,4,2,2,1,0,2,3,0,2,,1.0,0.0
40,Teens,9,4,2,1,1,1,1,1,1,1,1.0,,
40,Teens,9,4,2,3,1,0,3,3,1,3,,1.0,1.0
40,Teens,9,4,2,4,1,0,3,3,1,3,,1.0,1.0
40,Teens,10,5,3,2,1,1,1,1,1,1,1.0,,
40,Teens,10,5,3,3,1,0,2,3,0,2,,1.0,0.0
40,Teens,10,5,3,5,1,0,3,3,1,3,,1.0,1.0
40,Teens,10,5,3,1,1,1,1,1,1,1,1.0,,
40,Teens,10,5,3,4,1,0,2,3,0,2,,1.0,0.0
44,Teens,1,2,1,2,1,0,3,2,0,3,,1.0,0.0
44,Teens,1,2,1,1,3,0,1,2,0,1,,1.0,0.0
44,Teens,2,3,1,2,3,0,1,1,1,1,,1.0,1.0
44,Teens,2,3,1,3,1,0,2,2,1,2,,1.0,1.0
44,Teens,2,3,1,1,2,0,1,3,0,1,,1.0,0.0
44,Teens,3,5,1,3,3,0,2,2,1,2,,1.0,1.0
44,Teens,3,5,1,1,2,0,1,1,1,1,,1.0,1.0
44,Teens,3,5,1,4,1,0,3,3,1,3,,1.0,1.0
44,Teens,3,5,1,2,2,1,2,2,1,2,1.0,,
44,Teens,3,5,1,5,3,1,3,3,1,3,1.0,,
44,Teens,4,4,1,4,3,1,3,3,1,3,1.0,,
44,Teens,4,4,1,2,2,1,2,2,1,2,1.0,,
44,Teens,4,4,1,3,1,0,3,2,0,3,,1.0,0.0
44,Teens,4,4,1,1,2,0,1,3,0,1,,1.0,0.0
44,Teens,5,3,2,3,1,0,3,2,0,3,,1.0,0.0
44,Teens,5,3,2,2,1,0,2,2,1,2,,1.0,1.0
44,Teens,5,3,2,1,1,1,1,2,0,1,0.0,,
44,Teens,6,5,2,3,1,0,2,3,0,2,,1.0,0.0
44,Teens,6,5,2,4,1,0,2,1,0,2,,0.0,0.0
44,Teens,6,5,2,2,1,1,1,1,1,1,1.0,,
44,Teens,6,5,2,1,2,0,1,3,0,1,,1.0,0.0
44,Teens,6,5,2,5,2,0,3,1,0,3,,1.0,0.0
44,Teens,7,2,2,1,2,1,2,2,1,2,1.0,,
44,Teens,7,2,2,2,2,0,3,3,1,3,,1.0,1.0
44,Teens,8,3,3,3,1,0,3,1,0,3,,0.0,0.0
44,Teens,8,3,3,1,2,0,1,3,0,1,,1.0,0.0
44,Teens,8,3,3,2,2,1,2,2,1,2,1.0,,
44,Teens,9,5,3,3,2,1,2,2,1,2,1.0,,
44,Teens,9,5,3,5,3,1,3,2,0,3,0.0,,
44,Teens,9,5,3,2,2,0,1,1,1,1,,1.0,1.0
44,Teens,9,5,3,4,1,0,3,3,1,3,,1.0,1.0
44,Teens,9,5,3,1,3,0,1,2,0,1,,1.0,0.0
44,Teens,10,4,2,4,2,0,3,1,0,3,,1.0,0.0
44,Teens,10,4,2,1,2,0,1,3,0,1,,1.0,0.0
44,Teens,10,4,2,2,2,1,2,2,1,2,1.0,,
44,Teens,10,4,2,3,2,1,2,2,1,2,1.0,,
46,Teens,1,2,1,1,3,0,2,1,0,2,,1.0,0.0
46,Teens,1,2,1,2,2,0,3,1,0,3,,1.0,0.0
46,Teens,2,3,1,2,3,1,3,3,1,3,1.0,,
46,Teens,2,3,1,1,2,0,1,2,0,1,,0.0,0.0
46,Teens,2,3,1,3,1,0,3,2,0,3,,1.0,0.0
46,Teens,3,4,1,4,1,0,3,1,0,3,,0.0,0.0
46,Teens,3,4,1,1,3,0,1,3,0,1,,0.0,0.0
46,Teens,3,4,1,2,2,1,2,2,1,2,1.0,,
46,Teens,3,4,1,3,3,0,2,1,0,2,,1.0,0.0
46,Teens,4,5,1,2,3,0,1,2,0,1,,1.0,0.0
46,Teens,4,5,1,3,1,0,2,3,0,2,,1.0,0.0
46,Teens,4,5,1,5,3,1,3,3,1,3,1.0,,
46,Teens,4,5,1,1,1,1,1,1,1,1,1.0,,
46,Teens,4,5,1,4,3,0,2,1,0,2,,1.0,0.0
46,Teens,5,3,2,3,3,1,3,3,1,3,1.0,,
46,Teens,5,3,2,1,1,1,1,1,1,1,1.0,,
46,Teens,5,3,2,2,2,1,2,2,1,2,1.0,,
46,Teens,6,5,2,4,3,1,3,3,1,3,1.0,,
46,Teens,6,5,2,2,3,0,1,2,0,1,,1.0,0.0
46,Teens,6,5,2,1,1,1,1,3,0,1,0.0,,
46,Teens,6,5,2,5,2,0,3,1,0,3,,1.0,0.0
46,Teens,6,5,2,3,2,1,2,2,1,2,1.0,,
46,Teens,7,2,2,1,1,1,1,1,1,1,1.0,,
46,Teens,7,2,2,2,2,1,2,2,1,2,1.0,,
46,Teens,8,3,3,3,1,0,3,2,0,3,,1.0,0.0
46,Teens,8,3,3,1,3,0,1,2,0,1,,1.0,0.0
46,Teens,8,3,3,2,3,0,2,3,0,2,,0.0,0.0
46,Teens,9,4,2,3,3,0,2,2,1,2,,1.0,1.0
46,Teens,9,4,2,4,2,0,3,3,1,3,,1.0,1.0
46,Teens,9,4,2,2,1,1,1,1,1,1,1.0,,
46,Teens,9,4,2,1,3,0,1,3,0,1,,0.0,0.0
46,Teens,10,5,3,4,3,1,3,3,1,3,1.0,,
46,Teens,10,5,3,2,2,1,2,2,1,2,1.0,,
46,Teens,10,5,3,5,1,0,3,3,1,3,,1.0,1.0
46,Teens,10,5,3,3,1,0,2,3,0,2,,1.0,0.0
46,Teens,10,5,3,1,1,1,1,1,1,1,1.0,,
51,Teens,1,2,1,2,2,1,2,2,1,2,1.0,,
51,Teens,1,2,1,1,3,0,1,1,1,1,,1.0,1.0
51,Teens,2,3,1,2,3,0,2,1,0,2,,1.0,0.0
51,Teens,2,3,1,1,2,1,2,2,1,2,1.0,,
51,Teens,2,3,1,3,2,0,3,3,1,3,,1.0,1.0
51,Teens,3,4,1,4,3,1,3,3,1,3,1.0,,
51,Teens,3,4,1,2,1,1,1,1,1,1,1.0,,
51,Teens,3,4,1,3,2,1,2,2,1,2,1.0,,
51,Teens,3,4,1,1,2,0,1,3,0,1,,1.0,0.0
51,Teens,4,5,1,2,3,0,1,1,1,1,,1.0,1.0
51,Teens,4,5,1,3,2,1,2,2,1,2,1.0,,
51,Teens,4,5,1,1,3,0,1,2,0,1,,1.0,0.0
51,Teens,4,5,1,4,2,0,3,3,1,3,,1.0,1.0
51,Teens,4,5,1,5,1,0,3,3,1,3,,1.0,1.0
51,Teens,5,3,2,2,3,0,2,2,1,2,,1.0,1.0
51,Teens,5,3,2,3,3,1,3,3,1,3,1.0,,
51,Teens,5,3,2,1,3,0,1,1,1,1,,1.0,1.0
51,Teens,6,5,2,2,3,0,2,2,1,2,,1.0,1.0
51,Teens,6,5,2,3,3,0,2,2,1,2,,1.0,1.0
51,Teens,6,5,2,4,3,1,3,3,1,3,1.0,,
51,Teens,6,5,2,5,3,1,3,3,1,3,1.0,,
51,Teens,6,5,2,1,3,0,1,2,0,1,,1.0,0.0
51,Teens,7,2,2,1,3,0,1,2,0,1,,1.0,0.0
51,Teens,7,2,2,2,2,0,3,3,1,3,,1.0,1.0
51,Teens,8,3,3,1,3,0,1,3,0,1,,0.0,0.0
51,Teens,8,3,3,3,3,1,3,3,1,3,1.0,,
51,Teens,8,3,3,2,3,0,2,3,0,2,,0.0,0.0
51,Teens,9,4,2,1,3,0,1,2,0,1,,1.0,0.0
51,Teens,9,4,2,3,3,1,3,3,1,3,1.0,,
51,Teens,9,4,2,2,3,0,2,2,1,2,,1.0,1.0
51,Teens,9,4,2,4,3,1,3,3,1,3,1.0,,
51,Teens,10,5,3,2,3,0,1,2,0,1,,1.0,0.0
51,Teens,10,5,3,4,3,0,2,2,1,2,,1.0,1.0
51,Teens,10,5,3,1,3,0,1,2,0,1,,1.0,0.0
51,Teens,10,5,3,5,3,1,3,3,1,3,1.0,,
51,Teens,10,5,3,3,3,0,2,2,1,2,,1.0,1.0
55,Teens,1,2,1,1,2,0,1,3,0,1,,1.0,0.0
55,Teens,1,2,1,2,1,0,2,2,1,2,,1.0,1.0
55,Teens,2,3,1,2,1,0,2,1,0,2,,0.0,0.0
55,Teens,2,3,1,1,3,0,2,1,0,2,,1.0,0.0
55,Teens,2,3,1,3,2,0,3,3,1,3,,1.0,1.0
55,Teens,3,4,1,4,1,0,3,1,0,3,,0.0,0.0
55,Teens,3,4,1,1,3,0,1,3,0,1,,0.0,0.0
55,Teens,3,4,1,2,2,0,1,3,0,1,,1.0,0.0
55,Teens,3,4,1,3,2,1,2,1,0,2,0.0,,
55,Teens,4,5,1,4,1,0,3,2,0,3,,1.0,0.0
55,Teens,4,5,1,3,1,0,2,1,0,2,,0.0,0.0
55,Teens,4,5,1,2,1,1,1,2,0,1,0.0,,
55,Teens,4,5,1,1,3,0,1,3,0,1,,0.0,0.0
55,Teens,4,5,1,5,3,1,3,3,1,3,1.0,,
55,Teens,5,3,2,1,1,1,1,1,1,1,1.0,,
55,Teens,5,3,2,2,3,0,2,2,1,2,,1.0,1.0
55,Teens,5,3,2,3,2,0,3,3,1,3,,1.0,1.0
55,Teens,6,5,2,1,1,1,1,1,1,1,1.0,,
55,Teens,6,5,2,4,2,0,3,1,0,3,,1.0,0.0
55,Teens,6,5,2,5,3,1,3,1,0,3,0.0,,
55,Teens,6,5,2,2,2,1,2,3,0,2,0.0,,
55,Teens,6,5,2,3,1,0,2,1,0,2,,0.0,0.0
55,Teens,7,2,2,1,1,1,1,1,1,1,1.0,,
55,Teens,7,2,2,2,2,0,3,3,1,3,,1.0,1.0
55,Teens,8,3,3,3,1,0,3,3,1,3,,1.0,1.0
55,Teens,8,3,3,2,2,1,2,2,1,2,1.0,,
55,Teens,8,3,3,1,3,0,1,1,1,1,,1.0,1.0
55,Teens,9,4,2,1,1,1,1,1,1,1,1.0,,
55,Teens,9,4,2,4,3,1,3,1,0,3,0.0,,
55,Teens,9,4,2,2,2,1,2,3,0,2,0.0,,
55,Teens,9,4,2,3,2,0,3,2,0,3,,0.0,0.0
55,Teens,10,5,3,2,1,1,1,1,1,1,1.0,,
55,Teens,10,5,3,1,3,0,1,2,0,1,,1.0,0.0
55,Teens,10,5,3,4,1,0,2,2,1,2,,1.0,1.0
55,Teens,10,5,3,3,1,0,2,2,1,2,,1.0,1.0
55,Teens,10,5,3,5,1,0,3,2,0,3,,1.0,0.0
58,Teens,1,2,1,2,3,0,2,2,1,2,,1.0,1.0
58,Teens,1,2,1,1,3,0,1,2,0,1,,1.0,0.0
58,Teens,2,4,1,3,2,1,2,2,1,2,1.0,,
58,Teens,2,4,1,4,3,1,3,3,1,3,1.0,,
58,Teens,2,4,1,2,1,0,2,2,1,2,,1.0,1.0
58,Teens,2,4,1,1,3,0,1,1,1,1,,1.0,1.0
58,Teens,3,3,1,2,2,0,1,3,0,1,,1.0,0.0
58,Teens,3,3,1,3,2,0,3,3,1,3,,1.0,1.0
58,Teens,3,3,1,1,2,0,1,3,0,1,,1.0,0.0
58,Teens,4,5,1,3,1,0,2,3,0,2,,1.0,0.0
58,Teens,4,5,1,5,1,0,3,2,0,3,,1.0,0.0
58,Teens,4,5,1,1,1,1,1,1,1,1,1.0,,
58,Teens,4,5,1,4,1,0,3,1,0,3,,0.0,0.0
58,Teens,4,5,1,2,1,0,2,2,1,2,,1.0,1.0
58,Teens,5,3,2,1,2,0,1,1,1,1,,1.0,1.0
58,Teens,5,3,2,2,2,1,2,2,1,2,1.0,,
58,Teens,5,3,2,3,3,1,3,3,1,3,1.0,,
58,Teens,6,5,2,2,1,1,1,1,1,1,1.0,,
58,Teens,6,5,2,5,2,0,3,2,0,3,,0.0,0.0
58,Teens,6,5,2,4,3,1,3,3,1,3,1.0,,
58,Teens,6,5,2,3,3,0,2,1,0,2,,1.0,0.0
58,Teens,6,5,2,1,2,0,1,3,0,1,,1.0,0.0
58,Teens,7,2,2,2,3,1,3,3,1,3,1.0,,
58,Teens,7,2,2,1,1,0,2,2,1,2,,1.0,1.0
58,Teens,8,4,2,1,3,0,1,1,1,1,,1.0,1.0
58,Teens,8,4,2,3,3,1,3,3,1,3,1.0,,
58,Teens,8,4,2,2,2,1,2,3,0,2,0.0,,
58,Teens,8,4,2,4,1,0,3,2,0,3,,1.0,0.0
58,Teens,9,3,3,1,3,0,1,1,1,1,,1.0,1.0
58,Teens,9,3,3,3,2,0,3,1,0,3,,1.0,0.0
58,Teens,9,3,3,2,3,0,2,1,0,2,,1.0,0.0
58,Teens,10,5,3,4,1,0,2,3,0,2,,1.0,0.0
58,Teens,10,5,3,1,1,1,1,2,0,1,0.0,,
58,Teens,10,5,3,5,2,0,3,3,1,3,,1.0,1.0
58,Teens,10,5,3,3,3,0,2,3,0,2,,0.0,0.0
58,Teens,10,5,3,2,2,0,1,1,1,1,,1.0,1.0
60,Teens,1,2,1,2,2,1,2,2,1,2,1.0,,
60,Teens,1,2,1,1,2,0,1,3,0,1,,1.0,0.0
60,Teens,2,3,1,2,2,0,1,2,0,1,,0.0,0.0
60,Teens,2,3,1,1,1,1,1,1,1,1,1.0,,
60,Teens,2,3,1,3,3,1,3,1,0,3,0.0,,
60,Teens,3,4,1,1,2,0,1,1,1,1,,1.0,1.0
60,Teens,3,4,1,2,1,0,2,2,1,2,,1.0,1.0
60,Teens,3,4,1,3,2,1,2,1,0,2,0.0,,
60,Teens,3,4,1,4,3,1,3,3,1,3,1.0,,
60,Teens,4,5,1,5,2,0,3,1,0,3,,1.0,0.0
60,Teens,4,5,1,2,1,0,2,1,0,2,,0.0,0.0
60,Teens,4,5,1,3,2,1,2,2,1,2,1.0,,
60,Teens,4,5,1,4,2,0,3,1,0,3,,1.0,0.0
60,Teens,4,5,1,1,3,0,1,3,0,1,,0.0,0.0
60,Teens,5,3,2,2,2,1,2,2,1,2,1.0,,
60,Teens,5,3,2,1,1,1,1,1,1,1,1.0,,
60,Teens,5,3,2,3,3,1,3,3,1,3,1.0,,
60,Teens,6,5,2,5,2,0,3,3,1,3,,1.0,1.0
60,Teens,6,5,2,1,1,1,1,1,1,1,1.0,,
60,Teens,6,5,2,4,3,1,3,2,0,3,0.0,,
60,Teens,6,5,2,3,2,1,2,2,1,2,1.0,,
60,Teens,6,5,2,2,1,1,1,1,1,1,1.0,,
60,Teens,7,2,2,1,2,1,2,2,1,2,1.0,,
60,Teens,7,2,2,2,1,0,3,3,1,3,,1.0,1.0
60,Teens,8,3,3,1,2,0,1,1,1,1,,1.0,1.0
60,Teens,8,3,3,2,1,0,2,2,1,2,,1.0,1.0
60,Teens,8,3,3,3,3,1,3,3,1,3,1.0,,
60,Teens,9,4,2,2,1,0,2,2,1,2,,1.0,1.0
60,Teens,9,4,2,1,1,1,1,1,1,1,1.0,,
60,Teens,9,4,2,3,3,1,3,3,1,3,1.0,,
60,Teens,9,4,2,4,2,0,3,1,0,3,,1.0,0.0
60,Teens,10,5,3,2,2,0,1,1,1,1,,1.0,1.0
60,Teens,10,5,3,3,2,1,2,2,1,2,1.0,,
60,Teens,10,5,3,5,3,1,3,3,1,3,1.0,,
60,Teens,10,5,3,1,3,0,1,1,1,1,,1.0,1.0
60,Teens,10,5,3,4,3,0,2,1,0,2,,1.0,0.0
70,Teens,1,2,1,2,3,0,2,2,1,2,,1.0,1.0
70,Teens,1,2,1,1,1,1,1,1,1,1,1.0,,
70,Teens,2,3,1,2,1,1,1,3,0,1,0.0,,
70,Teens,2,3,1,1,2,0,1,1,1,1,,1.0,1.0
70,Teens,2,3,1,3,2,0,3,3,1,3,,1.0,1.0
70,Teens,3,4,1,1,1,1,1,1,1,1,1.0,,
70,Teens,3,4,1,2,2,1,2,2,1,2,1.0,,
70,Teens,3,4,1,3,3,0,2,2,1,2,,1.0,1.0
70,Teens,3,4,1,4,3,1,3,3,1,3,1.0,,
70,Teens,4,5,1,5,2,0,3,2,0,3,,0.0,0.0
70,Teens,4,5,1,2,2,1,2,2,1,2,1.0,,
70,Teens,4,5,1,3,2,1,2,2,1,2,1.0,,
70,Teens,4,5,1,4,1,0,3,1,0,3,,0.0,0.0
70,Teens,4,5,1,1,2,0,1,3,0,1,,1.0,0.0
70,Teens,5,3,2,2,1,0,2,3,0,2,,1.0,0.0
70,Teens,5,3,2,1,2,0,1,3,0,1,,1.0,0.0
70,Teens,5,3,2,3,1,0,3,3,1,3,,1.0,1.0
70,Teens,6,5,2,5,1,0,3,3,1,3,,1.0,1.0
70,Teens,6,5,2,1,1,1,1,1,1,1,1.0,,
70,Teens,6,5,2,4,2,0,3,2,0,3,,0.0,0.0
70,Teens,6,5,2,3,2,1,2,2,1,2,1.0,,
70,Teens,6,5,2,2,3,0,1,2,0,1,,1.0,0.0
70,Teens,7,2,2,1,3,0,2,1,0,2,,1.0,0.0
70,Teens,7,2,2,2,3,1,3,3,1,3,1.0,,
70,Teens,8,3,3,1,1,1,1,1,1,1,1.0,,
70,Teens,8,3,3,2,2,1,2,2,1,2,1.0,,
70,Teens,8,3,3,3,3,1,3,3,1,3,1.0,,
70,Teens,9,4,2,2,3,0,2,2,1,2,,1.0,1.0
70,Teens,9,4,2,1,1,1,1,1,1,1,1.0,,
70,Teens,9,4,2,3,2,0,3,2,0,3,,0.0,0.0
70,Teens,9,4,2,4,1,0,3,2,0,3,,1.0,0.0
70,Teens,10,5,3,2,1,1,1,1,1,1,1.0,,
70,Teens,10,5,3,3,2,1,2,2,1,2,1.0,,
70,Teens,10,5,3,5,2,0,3,1,0,3,,1.0,0.0
70,Teens,10,5,3,1,3,0,1,2,0,1,,1.0,0.0
70,Teens,10,5,3,4,2,1,2,2,1,2,1.0,,
71,Teens,1,2,1,2,2,1,2,2,1,2,1.0,,
71,Teens,1,2,1,1,1,1,1,1,1,1,1.0,,
71,Teens,2,3,1,2,3,0,2,1,0,2,,1.0,0.0
71,Teens,2,3,1,1,2,1,2,2,1,2,1.0,,
71,Teens,2,3,1,3,3,1,3,3,1,3,1.0,,
71,Teens,3,4,1,4,2,0,3,2,0,3,,0.0,0.0
71,Teens,3,4,1,2,1,1,1,1,1,1,1.0,,
71,Teens,3,4,1,3,2,1,2,2,1,2,1.0,,
71,Teens,3,4,1,1,3,0,1,1,1,1,,1.0,1.0
71,Teens,4,5,1,2,2,0,1,3,0,1,,1.0,0.0
71,Teens,4,5,1,3,1,0,2,2,1,2,,1.0,1.0
71,Teens,4,5,1,1,1,1,1,1,1,1,1.0,,
71,Teens,4,5,1,4,2,0,3,3,1,3,,1.0,1.0
71,Teens,4,5,1,5,3,1,3,3,1,3,1.0,,
71,Teens,5,3,2,2,2,1,2,2,1,2,1.0,,
71,Teens,5,3,2,3,1,0,3,3,1,3,,1.0,1.0
71,Teens,5,3,2,1,1,1,1,1,1,1,1.0,,
71,Teens,6,5,2,2,2,1,2,2,1,2,1.0,,
71,Teens,6,5,2,3,2,1,2,2,1,2,1.0,,
71,Teens,6,5,2,4,1,0,3,3,1,3,,1.0,1.0
71,Teens,6,5,2,5,1,0,3,3,1,3,,1.0,1.0
71,Teens,6,5,2,1,1,1,1,1,1,1,1.0,,
71,Teens,7,2,2,1,2,0,1,1,1,1,,1.0,1.0
71,Teens,7,2,2,2,3,1,3,3,1,3,1.0,,
71,Teens,8,3,3,1,2,0,1,3,0,1,,1.0,0.0
71,Teens,8,3,3,3,2,0,3,3,1,3,,1.0,1.0
71,Teens,8,3,3,2,2,1,2,2,1,2,1.0,,
71,Teens,9,4,2,1,1,1,1,1,1,1,1.0,,
71,Teens,9,4,2,3,2,0,3,3,1,3,,1.0,1.0
71,Teens,9,4,2,2,2,1,2,2,1,2,1.0,,
71,Teens,9,4,2,4,3,1,3,3,1,3,1.0,,
71,Teens,10,5,3,2,2,0,1,1,1,1,,1.0,1.0
71,Teens,10,5,3,4,2,1,2,2,1,2,1.0,,
71,Teens,10,5,3,1,2,0,1,3,0,1,,1.0,0.0
71,Teens,10,5,3,5,2,0,3,1,0,3,,1.0,0.0
71,Teens,10,5,3,3,3,0,2,1,0,2,,1.0,0.0
80,Teens,1,2,1,2,1,0,2,1,0,2,,0.0,0.0
80,Teens,1,2,1,1,2,0,1,3,0,1,,1.0,0.0
80,Teens,2,3,1,2,1,1,1,1,1,1,1.0,,
80,Teens,2,3,1,1,2,0,1,2,0,1,,0.0,0.0
80,Teens,2,3,1,3,2,0,3,1,0,3,,1.0,0.0
80,Teens,3,4,1,1,1,1,1,1,1,1,1.0,,
80,Teens,3,4,1,2,3,0,2,1,0,2,,1.0,0.0
80,Teens,3,4,1,3,2,1,2,2,1,2,1.0,,
80,Teens,3,4,1,4,3,1,3,3,1,3,1.0,,
80,Teens,4,5,1,5,1,0,3,2,0,3,,1.0,0.0
80,Teens,4,5,1,2,2,1,2,2,1,2,1.0,,
80,Teens,4,5,1,4,1,0,3,1,0,3,,0.0,0.0
80,Teens,4,5,1,1,3,0,1,3,0,1,,0.0,0.0
80,Teens,5,3,2,2,3,0,2,3,0,2,,0.0,0.0
80,Teens,5,3,2,1,1,1,1,2,0,1,0.0,,
80,Teens,5,3,2,3,2,0,3,1,0,3,,1.0,0.0
80,Teens,6,5,2,5,1,0,3,2,0,3,,1.0,0.0
80,Teens,6,5,2,1,2,0,1,1,1,1,,1.0,1.0
80,Teens,6,5,2,4,3,1,3,3,1,3,1.0,,
80,Teens,6,5,2,3,1,0,2,2,1,2,,1.0,1.0
80,Teens,6,5,2,2,1,1,1,1,1,1,1.0,,
80,Teens,7,2,2,1,2,1,2,2,1,2,1.0,,
80,Teens,7,2,2,2,1,0,3,3,1,3,,1.0,1.0
80,Teens,8,3,3,1,1,1,1,1,1,1,1.0,,
80,Teens,8,3,3,2,3,0,2,1,0,2,,1.0,0.0
80,Teens,8,3,3,3,2,0,3,1,0,3,,1.0,0.0
80,Teens,9,4,2,2,1,0,2,1,0,2,,0.0,0.0
80,Teens,9,4,2,1,1,1,1,1,1,1,1.0,,
80,Teens,9,4,2,3,3,1,3,3,1,3,1.0,,
80,Teens,9,4,2,4,2,0,3,1,0,3,,1.0,0.0
80,Teens,10,5,3,2,1,1,1,1,1,1,1.0,,
80,Teens,10,5,3,3,3,0,2,2,1,2,,1.0,1.0
80,Teens,10,5,3,5,2,0,3,3,1,3,,1.0,1.0
80,Teens,10,5,3,1,1,1,1,1,1,1,1.0,,
80,Teens,10,5,3,4,3,0,2,3,0,2,,0.0,0.0
81,Teens,1,2,1,2,2,1,2,2,1,2,1.0,,
81,Teens,1,2,1,1,3,0,1,1,1,1,,1.0,1.0
81,Teens,2,3,1,2,1,0,2,2,1,2,,1.0,1.0
81,Teens,2,3,1,1,1,0,2,2,1,2,,1.0,1.0
81,Teens,2,3,1,3,1,0,3,2,0,3,,1.0,0.0
81,Teens,3,4,1,4,1,0,3,2,0,3,,1.0,0.0
81,Teens,3,4,1,2,1,1,1,1,1,1,1.0,,
81,Teens,3,4,1,3,1,0,2,2,1,2,,1.0,1.0
81,Teens,3,4,1,1,1,1,1,1,1,1,1.0,,
81,Teens,4,5,1,2,1,1,1,2,0,1,0.0,,
81,Teens,4,5,1,3,2,1,2,3,0,2,0.0,,
81,Teens,4,5,1,1,3,0,1,1,1,1,,1.0,1.0
81,Teens,4,5,1,4,3,1,3,2,0,3,0.0,,
81,Teens,4,5,1,5,2,0,3,3,1,3,,1.0,1.0
81,Teens,5,3,2,2,1,0,2,2,1,2,,1.0,1.0
81,Teens,5,3,2,3,1,0,3,3,1,3,,1.0,1.0
81,Teens,5,3,2,1,1,1,1,1,1,1,1.0,,
81,Teens,6,5,2,2,1,0,2,2,1,2,,1.0,1.0
81,Teens,6,5,2,3,1,0,2,3,0,2,,1.0,0.0
81,Teens,6,5,2,5,1,0,3,3,1,3,,1.0,1.0
81,Teens,6,5,2,1,1,1,1,2,0,1,0.0,,
81,Teens,7,2,2,1,2,0,1,1,1,1,,1.0,1.0
81,Teens,8,3,3,1,3,0,1,2,0,1,,1.0,0.0
81,Teens,8,3,3,3,3,1,3,1,0,3,0.0,,
81,Teens,8,3,3,2,3,0,2,2,1,2,,1.0,1.0
81,Teens,9,4,2,1,1,1,1,1,1,1,1.0,,
81,Teens,9,4,2,3,2,0,3,1,0,3,,1.0,0.0
81,Teens,9,4,2,2,2,1,2,2,1,2,1.0,,
81,Teens,9,4,2,4,3,1,3,3,1,3,1.0,,
81,Teens,10,5,3,2,1,1,1,1,1,1,1.0,,
81,Teens,10,5,3,4,2,1,2,2,1,2,1.0,,
81,Teens,10,5,3,1,3,0,1,1,1,1,,1.0,1.0
81,Teens,10,5,3,5,3,1,3,3,1,3,1.0,,
81,Teens,10,5,3,3,2,1,2,2,1,2,1.0,,
82,Teens,1,2,1,1,2,0,1,1,1,1,,1.0,1.0
82,Teens,1,2,1,2,3,1,3,3,1,3,1.0,,
82,Teens,2,3,1,2,2,0,1,3,0,1,,1.0,0.0
82,Teens,2,3,1,3,3,0,2,3,0,2,,0.0,0.0
82,Teens,2,3,1,1,3,0,1,3,0,1,,0.0,0.0
82,Teens,3,5,1,4,2,0,3,3,1,3,,1.0,1.0
82,Teens,3,5,1,1,2,0,1,3,0,1,,1.0,0.0
82,Teens,3,5,1,2,2,1,2,2,1,2,1.0,,
82,Teens,3,5,1,3,2,1,2,2,1,2,1.0,,
82,Teens,3,5,1,5,2,0,3,1,0,3,,1.0,0.0
82,Teens,4,4,1,1,3,0,1,1,1,1,,1.0,1.0
82,Teens,4,4,1,2,3,0,2,2,1,2,,1.0,1.0
82,Teens,4,4,1,4,3,1,3,3,1,3,1.0,,
82,Teens,4,4,1,3,3,1,3,3,1,3,1.0,,
82,Teens,5,3,2,1,3,0,1,2,0,1,,1.0,0.0
82,Teens,5,3,2,2,3,0,2,2,1,2,,1.0,1.0
82,Teens,5,3,2,3,3,1,3,2,0,3,0.0,,
82,Teens,6,5,2,2,3,0,1,2,0,1,,1.0,0.0
82,Teens,6,5,2,1,3,0,1,2,0,1,,1.0,0.0
82,Teens,6,5,2,4,3,0,2,2,1,2,,1.0,1.0
82,Teens,6,5,2,3,3,0,2,2,1,2,,1.0,1.0
82,Teens,6,5,2,5,3,1,3,3,1,3,1.0,,
82,Teens,7,2,2,1,3,0,2,2,1,2,,1.0,1.0
82,Teens,7,2,2,2,3,1,3,3,1,3,1.0,,
82,Teens,8,3,3,3,3,1,3,3,1,3,1.0,,
82,Teens,8,3,3,2,2,1,2,2,1,2,1.0,,
82,Teens,8,3,3,1,1,1,1,1,1,1,1.0,,
82,Teens,9,5,3,4,3,1,3,3,1,3,1.0,,
82,Teens,9,5,3,1,2,0,1,1,1,1,,1.0,1.0
82,Teens,9,5,3,5,2,0,3,1,0,3,,1.0,0.0
82,Teens,9,5,3,2,2,0,1,1,1,1,,1.0,1.0
82,Teens,9,5,3,3,2,1,2,3,0,2,0.0,,
82,Teens,10,4,2,4,3,1,3,3,1,3,1.0,,
82,Teens,10,4,2,2,3,0,2,1,0,2,,1.0,0.0
82,Teens,10,4,2,3,3,0,2,2,1,2,,1.0,1.0
82,Teens,10,4,2,1,3,0,1,2,0,1,,1.0,0.0
92,Teens,1,2,1,1,3,0,1,3,0,1,,0.0,0.0
92,Teens,1,2,1,2,2,0,3,1,0,3,,1.0,0.0
92,Teens,2,3,1,2,1,1,1,1,1,1,1.0,,
92,Teens,2,3,1,3,3,0,2,3,0,2,,0.0,0.0
92,Teens,2,3,1,1,2,0,1,2,0,1,,0.0,0.0
92,Teens,3,5,1,4,3,1,3,1,0,3,0.0,,
92,Teens,3,5,1,1,3,0,1,2,0,1,,1.0,0.0
92,Teens,3,5,1,2,1,0,2,2,1,2,,1.0,1.0
92,Teens,3,5,1,3,2,1,2,1,0,2,0.0,,
92,Teens,3,5,1,5,1,0,3,1,0,3,,0.0,0.0
92,Teens,4,4,1,1,3,0,1,1,1,1,,1.0,1.0
92,Teens,4,4,1,2,2,1,2,2,1,2,1.0,,
92,Teens,4,4,1,4,1,0,3,2,0,3,,1.0,0.0
92,Teens,4,4,1,3,3,1,3,3,1,3,1.0,,
92,Teens,5,3,2,1,3,0,1,3,0,1,,0.0,0.0
92,Teens,5,3,2,2,1,0,2,1,0,2,,0.0,0.0
92,Teens,5,3,2,3,2,0,3,3,1,3,,1.0,1.0
92,Teens,6,5,2,2,3,0,1,3,0,1,,0.0,0.0
92,Teens,6,5,2,1,2,0,1,1,1,1,,1.0,1.0
92,Teens,6,5,2,4,3,0,2,1,0,2,,1.0,0.0
92,Teens,6,5,2,3,1,0,2,1,0,2,,0.0,0.0
92,Teens,6,5,2,5,2,0,3,3,1,3,,1.0,1.0
92,Teens,7,2,2,1,3,0,2,3,0,2,,0.0,0.0
92,Teens,7,2,2,2,2,0,3,1,0,3,,1.0,0.0
92,Teens,8,3,3,3,2,0,3,3,1,3,,1.0,1.0
92,Teens,8,3,3,2,3,0,2,2,1,2,,1.0,1.0
92,Teens,9,5,3,4,2,0,3,1,0,3,,1.0,0.0
92,Teens,9,5,3,1,3,0,1,1,1,1,,1.0,1.0
92,Teens,9,5,3,5,1,0,3,2,0,3,,1.0,0.0
92,Teens,9,5,3,2,2,0,1,1,1,1,,1.0,1.0
92,Teens,9,5,3,3,3,0,2,2,1,2,,1.0,1.0
92,Teens,10,4,2,4,1,0,3,3,1,3,,1.0,1.0
92,Teens,10,4,2,2,3,0,2,2,1,2,,1.0,1.0
92,Teens,10,4,2,3,1,0,2,1,0,2,,0.0,0.0
92,Teens,10,4,2,1,2,0,1,1,1,1,,1.0,1.0
96,Teens,1,2,1,1,3,0,2,2,1,2,,1.0,1.0
96,Teens,1,2,1,2,1,0,3,3,1,3,,1.0,1.0
96,Teens,2,3,1,2,1,0,3,2,0,3,,1.0,0.0
96,Teens,2,3,1,1,3,0,1,2,0,1,,1.0,0.0
96,Teens,2,3,1,3,1,0,3,3,1,3,,1.0,1.0
96,Teens,3,4,1,4,1,0,3,3,1,3,,1.0,1.0
96,Teens,3,4,1,1,2,0,1,3,0,1,,1.0,0.0
96,Teens,3,4,1,2,2,1,2,2,1,2,1.0,,
96,Teens,3,4,1,3,3,0,2,1,0,2,,1.0,0.0
96,Teens,4,5,1,2,3,0,1,2,0,1,,1.0,0.0
96,Teens,4,5,1,3,1,0,2,3,0,2,,1.0,0.0
96,Teens,4,5,1,5,3,1,3,3,1,3,1.0,,
96,Teens,4,5,1,1,3,0,1,1,1,1,,1.0,1.0
96,Teens,4,5,1,4,2,1,2,1,0,2,0.0,,
96,Teens,5,3,2,3,1,0,3,3,1,3,,1.0,1.0
96,Teens,5,3,2,1,2,0,1,3,0,1,,1.0,0.0
96,Teens,5,3,2,2,3,0,2,1,0,2,,1.0,0.0
96,Teens,6,5,2,4,1,0,3,3,1,3,,1.0,1.0
96,Teens,6,5,2,2,1,1,1,1,1,1,1.0,,
96,Teens,6,5,2,1,3,0,1,3,0,1,,0.0,0.0
96,Teens,6,5,2,5,2,0,3,1,0,3,,1.0,0.0
96,Teens,6,5,2,3,3,0,2,2,1,2,,1.0,1.0
96,Teens,7,2,2,1,3,0,1,2,0,1,,1.0,0.0
96,Teens,7,2,2,2,1,0,2,2,1,2,,1.0,1.0
96,Teens,8,3,3,3,1,0,3,3,1,3,,1.0,1.0
96,Teens,8,3,3,1,3,0,1,2,0,1,,1.0,0.0
96,Teens,8,3,3,2,1,0,2,3,0,2,,1.0,0.0
96,Teens,9,4,2,3,1,0,2,2,1,2,,1.0,1.0
96,Teens,9,4,2,4,2,0,3,3,1,3,,1.0,1.0
96,Teens,9,4,2,2,1,1,1,1,1,1,1.0,,
96,Teens,9,4,2,1,3,0,1,2,0,1,,1.0,0.0
96,Teens,10,5,3,4,3,1,3,2,0,3,0.0,,
96,Teens,10,5,3,2,2,1,2,2,1,2,1.0,,
96,Teens,10,5,3,5,1,0,3,3,1,3,,1.0,1.0
96,Teens,10,5,3,3,1,0,2,2,1,2,,1.0,1.0
96,Teens,10,5,3,1,1,1,1,1,1,1,1.0,,
97,Teens,1,2,1,1,2,0,1,1,1,1,,1.0,1.0
97,Teens,1,2,1,2,3,0,2,2,1,2,,1.0,1.0
97,Teens,2,3,1,3,3,1,3,3,1,3,1.0,,
97,Teens,2,3,1,2,2,1,2,2,1,2,1.0,,
97,Teens,2,3,1,1,1,0,2,2,1,2,,1.0,1.0
97,Teens,3,4,1,3,3,0,2,2,1,2,,1.0,1.0
97,Teens,3,4,1,2,3,0,1,2,0,1,,1.0,0.0
97,Teens,3,4,1,4,3,1,3,3,1,3,1.0,,
97,Teens,3,4,1,1,3,0,1,2,0,1,,1.0,0.0
97,Teens,4,5,1,1,3,0,1,2,0,1,,1.0,0.0
97,Teens,4,5,1,2,3,0,1,2,0,1,,1.0,0.0
97,Teens,4,5,1,3,3,0,2,2,1,2,,1.0,1.0
97,Teens,4,5,1,5,3,1,3,3,1,3,1.0,,
97,Teens,4,5,1,4,3,1,3,3,1,3,1.0,,
97,Teens,5,3,2,1,3,0,1,1,1,1,,1.0,1.0
97,Teens,5,3,2,2,2,1,2,2,1,2,1.0,,
97,Teens,5,3,2,3,3,1,3,3,1,3,1.0,,
97,Teens,6,5,2,2,3,0,2,1,0,2,,1.0,0.0
97,Teens,6,5,2,1,3,0,1,2,0,1,,1.0,0.0
97,Teens,6,5,2,4,3,1,3,3,1,3,1.0,,
97,Teens,6,5,2,5,3,1,3,3,1,3,1.0,,
97,Teens,6,5,2,3,2,1,2,2,1,2,1.0,,
97,Teens,7,2,2,2,2,0,3,3,1,3,,1.0,1.0
97,Teens,7,2,2,1,2,0,1,3,0,1,,1.0,0.0
97,Teens,8,3,3,1,3,0,1,1,1,1,,1.0,1.0
97,Teens,8,3,3,3,3,1,3,3,1,3,1.0,,
97,Teens,8,3,3,2,2,1,2,2,1,2,1.0,,
97,Teens,9,4,2,1,3,0,1,1,1,1,,1.0,1.0
97,Teens,9,4,2,3,3,1,3,3,1,3,1.0,,
97,Teens,9,4,2,4,3,1,3,3,1,3,1.0,,
97,Teens,9,4,2,2,2,1,2,2,1,2,1.0,,
97,Teens,10,5,3,3,3,0,2,2,1,2,,1.0,1.0
97,Teens,10,5,3,2,3,0,1,2,0,1,,1.0,0.0
97,Teens,10,5,3,5,3,1,3,3,1,3,1.0,,
97,Teens,10,5,3,1,3,0,1,2,0,1,,1.0,0.0
97,Teens,10,5,3,4,3,0,2,2,1,2,,1.0,1.0
98,Teens,1,2,1,2,3,0,2,1,0,2,,1.0,0.0
98,Teens,1,2,1,1,2,0,1,3,0,1,,1.0,0.0
98,Teens,2,4,1,3,3,0,2,2,1,2,,1.0,1.0
98,Teens,2,4,1,4,3,1,3,3,1,3,1.0,,
98,Teens,2,4,1,2,3,0,2,3,0,2,,0.0,0.0
98,Teens,2,4,1,1,3,0,1,1,1,1,,1.0,1.0
98,Teens,3,3,1,2,3,0,1,2,0,1,,1.0,0.0
98,Teens,3,3,1,3,3,1,3,3,1,3,1.0,,
98,Teens,3,3,1,1,1,1,1,1,1,1,1.0,,
98,Teens,4,5,1,3,3,0,2,1,0,2,,1.0,0.0
98,Teens,4,5,1,5,3,1,3,3,1,3,1.0,,
98,Teens,4,5,1,1,3,0,1,1,1,1,,1.0,1.0
98,Teens,4,5,1,4,3,1,3,3,1,3,1.0,,
98,Teens,4,5,1,2,3,0,2,1,0,2,,1.0,0.0
98,Teens,5,3,2,1,3,0,1,2,0,1,,1.0,0.0
98,Teens,5,3,2,2,3,0,2,2,1,2,,1.0,1.0
98,Teens,5,3,2,3,3,1,3,3,1,3,1.0,,
98,Teens,6,5,2,2,3,0,1,1,1,1,,1.0,1.0
98,Teens,6,5,2,5,3,1,3,3,1,3,1.0,,
98,Teens,6,5,2,4,3,1,3,3,1,3,1.0,,
98,Teens,6,5,2,3,3,0,2,3,0,2,,0.0,0.0
98,Teens,6,5,2,1,3,0,1,1,1,1,,1.0,1.0
98,Teens,7,2,2,2,3,1,3,3,1,3,1.0,,
98,Teens,7,2,2,1,2,1,2,2,1,2,1.0,,
98,Teens,8,4,2,1,3,0,1,1,1,1,,1.0,1.0
98,Teens,8,4,2,3,3,1,3,3,1,3,1.0,,
98,Teens,8,4,2,2,3,0,2,1,0,2,,1.0,0.0
98,Teens,8,4,2,4,3,1,3,3,1,3,1.0,,
98,Teens,9,3,3,1,3,0,1,1,1,1,,1.0,1.0
98,Teens,9,3,3,3,3,1,3,3,1,3,1.0,,
98,Teens,9,3,3,2,3,0,2,1,0,2,,1.0,0.0
98,Teens,10,5,3,4,3,0,2,1,0,2,,1.0,0.0
98,Teens,10,5,3,1,3,0,1,3,0,1,,0.0,0.0
98,Teens,10,5,3,5,3,1,3,1,0,3,0.0,,
98,Teens,10,5,3,3,3,0,2,3,0,2,,0.0,0.0
98,Teens,10,5,3,2,3,0,1,1,1,1,,1.0,1.0
99,Teens,1,2,1,2,1,0,2,3,0,2,,1.0,0.0
99,Teens,1,2,1,1,1,1,1,1,1,1,1.0,,
99,Teens,2,3,1,2,1,1,1,1,1,1,1.0,,
99,Teens,2,3,1,3,3,1,3,3,1,3,1.0,,
99,Teens,2,3,1,1,2,0,1,3,0,1,,1.0,0.0
99,Teens,3,4,1,3,1,0,2,3,0,2,,1.0,0.0
99,Teens,3,4,1,1,1,1,1,1,1,1,1.0,,
99,Teens,3,4,1,4,1,0,3,3,1,3,,1.0,1.0
99,Teens,3,4,1,2,1,0,2,3,0,2,,1.0,0.0
99,Teens,4,5,1,1,1,1,1,1,1,1,1.0,,
99,Teens,4,5,1,5,3,1,3,3,1,3,1.0,,
99,Teens,4,5,1,4,2,0,3,1,0,3,,1.0,0.0
99,Teens,4,5,1,3,3,0,2,1,0,2,,1.0,0.0
99,Teens,4,5,1,2,2,1,2,2,1,2,1.0,,
99,Teens,5,3,2,1,1,1,1,1,1,1,1.0,,
99,Teens,5,3,2,3,3,1,3,3,1,3,1.0,,
99,Teens,5,3,2,2,1,0,2,3,0,2,,1.0,0.0
99,Teens,6,5,2,1,1,1,1,1,1,1,1.0,,
99,Teens,6,5,2,4,3,1,3,3,1,3,1.0,,
99,Teens,6,5,2,5,2,0,3,3,1,3,,1.0,1.0
99,Teens,6,5,2,2,3,0,1,1,1,1,,1.0,1.0
99,Teens,6,5,2,3,1,0,2,2,1,2,,1.0,1.0
99,Teens,7,2,2,1,1,0,2,2,1,2,,1.0,1.0
99,Teens,7,2,2,2,1,0,3,3,1,3,,1.0,1.0
99,Teens,8,3,3,2,1,0,2,2,1,2,,1.0,1.0
99,Teens,8,3,3,1,1,1,1,1,1,1,1.0,,
99,Teens,8,3,3,3,3,1,3,3,1,3,1.0,,
99,Teens,9,4,2,3,1,0,3,3,1,3,,1.0,1.0
99,Teens,9,4,2,1,1,1,1,1,1,1,1.0,,
99,Teens,9,4,2,2,1,0,2,2,1,2,,1.0,1.0
99,Teens,9,4,2,4,1,0,3,3,1,3,,1.0,1.0
99,Teens,10,5,3,4,1,0,2,3,0,2,,1.0,0.0
99,Teens,10,5,3,1,1,1,1,1,1,1,1.0,,
99,Teens,10,5,3,5,1,0,3,3,1,3,,1.0,1.0
99,Teens,10,5,3,3,1,0,2,3,0,2,,1.0,0.0
99,Teens,10,5,3,2,1,1,1,1,1,1,1.0,,
104,Teens,1,2,1,2,1,0,3,2,0,3,,1.0,0.0
104,Teens,1,2,1,1,1,1,1,1,1,1,1.0,,
104,Teens,2,3,1,2,2,0,1,3,0,1,,1.0,0.0
104,Teens,2,3,1,3,2,1,2,2,1,2,1.0,,
104,Teens,2,3,1,1,3,0,1,1,1,1,,1.0,1.0
104,Teens,3,5,1,3,1,0,2,3,0,2,,1.0,0.0
104,Teens,3,5,1,1,1,1,1,2,0,1,0.0,,
104,Teens,3,5,1,4,2,0,3,1,0,3,,1.0,0.0
104,Teens,3,5,1,2,2,1,2,2,1,2,1.0,,
104,Teens,3,5,1,5,3,1,3,3,1,3,1.0,,
104,Teens,4,4,1,4,3,1,3,3,1,3,1.0,,
104,Teens,4,4,1,2,1,0,2,1,0,2,,0.0,0.0
104,Teens,4,4,1,3,2,0,3,2,0,3,,0.0,0.0
104,Teens,4,4,1,1,2,0,1,1,1,1,,1.0,1.0
104,Teens,5,3,2,3,2,0,3,1,0,3,,1.0,0.0
104,Teens,5,3,2,2,2,1,2,2,1,2,1.0,,
104,Teens,5,3,2,1,2,0,1,1,1,1,,1.0,1.0
104,Teens,6,5,2,3,1,0,2,2,1,2,,1.0,1.0
104,Teens,6,5,2,4,1,0,2,2,1,2,,1.0,1.0
104,Teens,6,5,2,2,1,1,1,1,1,1,1.0,,
104,Teens,6,5,2,1,1,1,1,1,1,1,1.0,,
104,Teens,6,5,2,5,1,0,3,2,0,3,,1.0,0.0
104,Teens,7,2,2,1,1,0,2,2,1,2,,1.0,1.0
104,Teens,7,2,2,2,1,0,3,2,0,3,,1.0,0.0
104,Teens,8,3,3,3,1,0,3,2,0,3,,1.0,0.0
104,Teens,8,3,3,1,1,1,1,1,1,1,1.0,,
104,Teens,8,3,3,2,1,0,2,2,1,2,,1.0,1.0
104,Teens,9,5,3,3,1,0,2,1,0,2,,0.0,0.0
104,Teens,9,5,3,5,1,0,3,2,0,3,,1.0,0.0
104,Teens,9,5,3,2,1,1,1,1,1,1,1.0,,
104,Teens,9,5,3,4,1,0,3,2,0,3,,1.0,0.0
104,Teens,9,5,3,1,1,1,1,1,1,1,1.0,,
104,Teens,10,4,2,4,1,0,3,3,1,3,,1.0,1.0
104,Teens,10,4,2,1,1,1,1,1,1,1,1.0,,
104,Teens,10,4,2,2,1,0,2,3,0,2,,1.0,0.0
104,Teens,10,4,2,3,1,0,2,2,1,2,,1.0,1.0
105,Teens,1,2,1,1,2,0,1,1,1,1,,1.0,1.0
105,Teens,1,2,1,2,2,1,2,2,1,2,1.0,,
105,Teens,2,3,1,2,2,1,2,2,1,2,1.0,,
105,Teens,2,3,1,1,3,0,2,2,1,2,,1.0,1.0
105,Teens,2,3,1,3,3,1,3,3,1,3,1.0,,
105,Teens,3,4,1,4,2,0,3,1,0,3,,1.0,0.0
105,Teens,3,4,1,1,3,0,1,3,0,1,,0.0,0.0
105,Teens,3,4,1,2,3,0,1,1,1,1,,1.0,1.0
105,Teens,3,4,1,3,3,0,2,1,0,2,,1.0,0.0
105,Teens,4,5,1,4,3,1,3,2,0,3,0.0,,
105,Teens,4,5,1,3,2,1,2,2,1,2,1.0,,
105,Teens,4,5,1,2,1,1,1,1,1,1,1.0,,
105,Teens,4,5,1,1,3,0,1,2,0,1,,1.0,0.0
105,Teens,4,5,1,5,2,0,3,3,1,3,,1.0,1.0
105,Teens,5,3,2,1,3,0,1,2,0,1,,1.0,0.0
105,Teens,5,3,2,2,3,0,2,2,1,2,,1.0,1.0
105,Teens,5,3,2,3,3,1,3,2,0,3,0.0,,
105,Teens,6,5,2,1,3,0,1,2,0,1,,1.0,0.0
105,Teens,6,5,2,4,3,1,3,3,1,3,1.0,,
105,Teens,6,5,2,5,3,1,3,3,1,3,1.0,,
105,Teens,6,5,2,2,1,0,2,2,1,2,,1.0,1.0
105,Teens,6,5,2,3,2,1,2,1,0,2,0.0,,
105,Teens,7,2,2,1,3,0,1,2,0,1,,1.0,0.0
105,Teens,7,2,2,2,3,1,3,3,1,3,1.0,,
105,Teens,8,3,3,3,3,1,3,2,0,3,0.0,,
105,Teens,8,3,3,2,1,0,2,2,1,2,,1.0,1.0
105,Teens,8,3,3,1,1,1,1,1,1,1,1.0,,
105,Teens,9,4,2,1,2,0,1,1,1,1,,1.0,1.0
105,Teens,9,4,2,4,2,0,3,1,0,3,,1.0,0.0
105,Teens,9,4,2,2,2,1,2,2,1,2,1.0,,
105,Teens,9,4,2,3,3,1,3,3,1,3,1.0,,
105,Teens,10,5,3,2,3,0,1,2,0,1,,1.0,0.0
105,Teens,10,5,3,1,3,0,1,1,1,1,,1.0,1.0
105,Teens,10,5,3,4,3,0,2,1,0,2,,1.0,0.0
105,Teens,10,5,3,3,3,0,2,2,1,2,,1.0,1.0
105,Teens,10,5,3,5,3,1,3,3,1,3,1.0,,
106,Teens,1,2,1,1,3,0,2,2,1,2,,1.0,1.0
106,Teens,1,2,1,2,1,0,3,1,0,3,,0.0,0.0
106,Teens,2,3,1,2,3,1,3,3,1,3,1.0,,
106,Teens,2,3,1,1,2,0,1,3,0,1,,1.0,0.0
106,Teens,2,3,1,3,2,0,3,3,1,3,,1.0,1.0
106,Teens,3,4,1,4,2,0,3,1,0,3,,1.0,0.0
106,Teens,3,4,1,1,2,0,1,3,0,1,,1.0,0.0
106,Teens,3,4,1,2,2,1,2,2,1,2,1.0,,
106,Teens,3,4,1,3,3,0,2,1,0,2,,1.0,0.0
106,Teens,4,5,1,2,3,0,1,2,0,1,,1.0,0.0
106,Teens,4,5,1,3,3,0,2,1,0,2,,1.0,0.0
106,Teens,4,5,1,5,3,1,3,3,1,3,1.0,,
106,Teens,4,5,1,1,2,0,1,3,0,1,,1.0,0.0
106,Teens,4,5,1,4,1,0,2,3,0,2,,1.0,0.0
106,Teens,5,3,2,3,3,1,3,3,1,3,1.0,,
106,Teens,5,3,2,1,1,1,1,1,1,1,1.0,,
106,Teens,5,3,2,2,2,1,2,2,1,2,1.0,,
106,Teens,6,5,2,4,2,0,3,1,0,3,,1.0,0.0
106,Teens,6,5,2,2,2,0,1,3,0,1,,1.0,0.0
106,Teens,6,5,2,1,1,1,1,1,1,1,1.0,,
106,Teens,6,5,2,5,3,1,3,2,0,3,0.0,,
106,Teens,6,5,2,3,3,0,2,2,1,2,,1.0,1.0
106,Teens,7,2,2,1,2,0,1,3,0,1,,1.0,0.0
106,Teens,7,2,2,2,3,0,2,2,1,2,,1.0,1.0
106,Teens,8,3,3,3,3,1,3,3,1,3,1.0,,
106,Teens,8,3,3,1,2,0,1,1,1,1,,1.0,1.0
106,Teens,8,3,3,2,2,1,2,2,1,2,1.0,,
106,Teens,9,4,2,3,2,1,2,2,1,2,1.0,,
106,Teens,9,4,2,4,2,0,3,1,0,3,,1.0,0.0
106,Teens,9,4,2,2,2,0,1,3,0,1,,1.0,0.0
106,Teens,9,4,2,1,1,1,1,1,1,1,1.0,,
106,Teens,10,5,3,4,3,1,3,3,1,3,1.0,,
106,Teens,10,5,3,2,2,1,2,2,1,2,1.0,,
106,Teens,10,5,3,5,1,0,3,3,1,3,,1.0,1.0
106,Teens,10,5,3,3,3,0,2,1,0,2,,1.0,0.0
106,Teens,10,5,3,1,3,0,1,2,0,1,,1.0,0.0
111,Teens,1,2,1,2,1,0,2,2,1,2,,1.0,1.0
111,Teens,1,2,1,1,3,0,1,1,1,1,,1.0,1.0
111,Teens,2,3,1,2,2,1,2,2,1,2,1.0,,
111,Teens,2,3,1,1,1,0,2,1,0,2,,0.0,0.0
111,Teens,2,3,1,3,3,1,3,1,0,3,0.0,,
111,Teens,3,4,1,4,2,0,3,3,1,3,,1.0,1.0
111,Teens,3,4,1,2,3,0,1,2,0,1,,1.0,0.0
111,Teens,3,4,1,3,1,0,2,3,0,2,,1.0,0.0
111,Teens,3,4,1,1,1,1,1,3,0,1,0.0,,
111,Teens,4,5,1,2,1,1,1,1,1,1,1.0,,
111,Teens,4,5,1,3,2,1,2,2,1,2,1.0,,
111,Teens,4,5,1,1,3,0,1,2,0,1,,1.0,0.0
111,Teens,4,5,1,4,3,1,3,3,1,3,1.0,,
111,Teens,4,5,1,5,1,0,3,2,0,3,,1.0,0.0
111,Teens,5,3,2,2,3,0,2,1,0,2,,1.0,0.0
111,Teens,5,3,2,3,3,1,3,3,1,3,1.0,,
111,Teens,5,3,2,1,2,0,1,1,1,1,,1.0,1.0
111,Teens,6,5,2,2,2,1,2,2,1,2,1.0,,
111,Teens,6,5,2,3,1,0,2,1,0,2,,0.0,0.0
111,Teens,6,5,2,4,3,1,3,3,1,3,1.0,,
111,Teens,6,5,2,5,1,0,3,1,0,3,,0.0,0.0
111,Teens,6,5,2,1,2,0,1,3,0,1,,1.0,0.0
111,Teens,7,2,2,1,2,0,1,1,1,1,,1.0,1.0
111,Teens,7,2,2,2,2,0,3,1,0,3,,1.0,0.0
111,Teens,8,3,3,1,2,0,1,1,1,1,,1.0,1.0
111,Teens,8,3,3,3,2,0,3,3,1,3,,1.0,1.0
111,Teens,8,3,3,2,2,1,2,2,1,2,1.0,,
111,Teens,9,4,2,1,1,1,1,1,1,1,1.0,,
111,Teens,9,4,2,3,3,1,3,3,1,3,1.0,,
111,Teens,9,4,2,2,2,1,2,2,1,2,1.0,,
111,Teens,9,4,2,4,1,0,3,3,1,3,,1.0,1.0
111,Teens,10,5,3,2,2,0,1,2,0,1,,0.0,0.0
111,Teens,10,5,3,4,2,1,2,2,1,2,1.0,,
111,Teens,10,5,3,1,1,1,1,1,1,1,1.0,,
111,Teens,10,5,3,5,3,1,3,3,1,3,1.0,,
111,Teens,10,5,3,3,3,0,2,1,0,2,,1.0,0.0
113,Teens,1,2,1,1,1,0,2,2,1,2,,1.0,1.0
113,Teens,1,2,1,2,3,1,3,3,1,3,1.0,,
113,Teens,2,3,1,2,3,0,2,2,1,2,,1.0,1.0
113,Teens,2,3,1,3,1,0,2,1,0,2,,0.0,0.0
113,Teens,2,3,1,1,2,0,1,2,0,1,,0.0,0.0
113,Teens,3,5,1,3,3,0,2,2,1,2,,1.0,1.0
113,Teens,3,5,1,1,2,0,1,1,1,1,,1.0,1.0
113,Teens,3,5,1,2,1,1,1,1,1,1,1.0,,
113,Teens,3,5,1,4,3,1,3,3,1,3,1.0,,
113,Teens,3,5,1,5,2,0,3,3,1,3,,1.0,1.0
113,Teens,4,4,1,3,1,0,3,3,1,3,,1.0,1.0
113,Teens,4,4,1,1,2,0,1,2,0,1,,0.0,0.0
113,Teens,4,4,1,4,3,1,3,3,1,3,1.0,,
113,Teens,4,4,1,2,1,0,2,2,1,2,,1.0,1.0
113,Teens,5,3,2,3,1,0,3,3,1,3,,1.0,1.0
113,Teens,5,3,2,1,3,0,1,1,1,1,,1.0,1.0
113,Teens,5,3,2,2,2,1,2,2,1,2,1.0,,
113,Teens,6,5,2,2,1,1,1,1,1,1,1.0,,
113,Teens,6,5,2,1,1,1,1,1,1,1,1.0,,
113,Teens,6,5,2,3,2,1,2,2,1,2,1.0,,
113,Teens,6,5,2,5,2,0,3,3,1,3,,1.0,1.0
113,Teens,6,5,2,4,3,0,2,1,0,2,,1.0,0.0
113,Teens,7,2,2,1,3,0,1,2,0,1,,1.0,0.0
113,Teens,7,2,2,2,1,0,3,2,0,3,,1.0,0.0
113,Teens,8,3,3,2,2,1,2,2,1,2,1.0,,
113,Teens,8,3,3,1,1,1,1,1,1,1,1.0,,
113,Teens,8,3,3,3,3,1,3,3,1,3,1.0,,
113,Teens,9,5,3,4,2,0,3,3,1,3,,1.0,1.0
113,Teens,9,5,3,1,3,0,1,2,0,1,,1.0,0.0
113,Teens,9,5,3,2,1,0,2,1,0,2,,0.0,0.0
113,Teens,9,5,3,5,2,0,3,1,0,3,,1.0,0.0
113,Teens,9,5,3,3,3,0,2,2,1,2,,1.0,1.0
113,Teens,10,4,2,2,1,1,1,1,1,1,1.0,,
113,Teens,10,4,2,3,2,1,2,1,0,2,0.0,,
113,Teens,10,4,2,1,3,0,1,2,0,1,,1.0,0.0
113,Teens,10,4,2,4,2,0,3,3,1,3,,1.0,1.0
114,Teens,1,2,1,2,2,0,3,1,0,3,,1.0,0.0
114,Teens,1,2,1,1,3,0,1,1,1,1,,1.0,1.0
114,Teens,2,3,1,2,2,0,1,3,0,1,,1.0,0.0
114,Teens,2,3,1,3,3,0,2,2,1,2,,1.0,1.0
114,Teens,2,3,1,1,2,0,1,1,1,1,,1.0,1.0
114,Teens,3,5,1,3,2,1,2,2,1,2,1.0,,
114,Teens,3,5,1,1,3,0,1,2,0,1,,1.0,0.0
114,Teens,3,5,1,4,1,0,3,3,1,3,,1.0,1.0
114,Teens,3,5,1,2,1,0,2,1,0,2,,0.0,0.0
114,Teens,3,5,1,5,1,0,3,3,1,3,,1.0,1.0
114,Teens,4,4,1,4,3,1,3,3,1,3,1.0,,
114,Teens,4,4,1,2,2,1,2,2,1,2,1.0,,
114,Teens,4,4,1,3,1,0,3,2,0,3,,1.0,0.0
114,Teens,4,4,1,1,3,0,1,3,0,1,,0.0,0.0
114,Teens,5,3,2,3,2,0,3,2,0,3,,0.0,0.0
114,Teens,5,3,2,2,3,0,2,3,0,2,,0.0,0.0
114,Teens,5,3,2,1,1,1,1,1,1,1,1.0,,
114,Teens,6,5,2,3,3,0,2,3,0,2,,0.0,0.0
114,Teens,6,5,2,4,3,0,2,2,1,2,,1.0,1.0
114,Teens,6,5,2,2,3,0,1,1,1,1,,1.0,1.0
114,Teens,6,5,2,1,3,0,1,2,0,1,,1.0,0.0
114,Teens,6,5,2,5,3,1,3,3,1,3,1.0,,
114,Teens,7,2,2,1,3,0,2,2,1,2,,1.0,1.0
114,Teens,7,2,2,2,3,1,3,3,1,3,1.0,,
114,Teens,8,3,3,3,2,0,3,3,1,3,,1.0,1.0
114,Teens,8,3,3,1,2,0,1,1,1,1,,1.0,1.0
114,Teens,8,3,3,2,2,1,2,2,1,2,1.0,,
114,Teens,9,5,3,3,2,1,2,1,0,2,0.0,,
114,Teens,9,5,3,5,3,1,3,2,0,3,0.0,,
114,Teens,9,5,3,2,1,1,1,2,0,1,0.0,,
114,Teens,9,5,3,4,2,0,3,3,1,3,,1.0,1.0
114,Teens,9,5,3,1,3,0,1,1,1,1,,1.0,1.0
114,Teens,10,4,2,4,3,1,3,3,1,3,1.0,,
114,Teens,10,4,2,1,2,0,1,1,1,1,,1.0,1.0
114,Teens,10,4,2,2,1,0,2,2,1,2,,1.0,1.0
114,Teens,10,4,2,3,2,1,2,3,0,2,0.0,,
123,Teens,1,2,1,1,2,1,2,2,1,2,1.0,,
123,Teens,1,2,1,2,3,1,3,3,1,3,1.0,,
123,Teens,2,3,1,2,2,1,2,2,1,2,1.0,,
123,Teens,2,3,1,3,1,0,2,3,0,2,,1.0,0.0
123,Teens,2,3,1,1,1,1,1,1,1,1,1.0,,
123,Teens,3,5,1,3,2,1,2,2,1,2,1.0,,
123,Teens,3,5,1,1,3,0,1,1,1,1,,1.0,1.0
123,Teens,3,5,1,2,1,1,1,3,0,1,0.0,,
123,Teens,3,5,1,4,3,1,3,3,1,3,1.0,,
123,Teens,3,5,1,5,3,1,3,3,1,3,1.0,,
123,Teens,4,4,1,3,2,0,3,3,1,3,,1.0,1.0
123,Teens,4,4,1,1,3,0,1,2,0,1,,1.0,0.0
123,Teens,4,4,1,4,1,0,3,3,1,3,,1.0,1.0
123,Teens,4,4,1,2,2,1,2,2,1,2,1.0,,
123,Teens,5,3,2,3,2,0,3,3,1,3,,1.0,1.0
123,Teens,5,3,2,1,2,0,1,3,0,1,,1.0,0.0
123,Teens,5,3,2,2,2,1,2,2,1,2,1.0,,
123,Teens,6,5,2,2,2,0,1,3,0,1,,1.0,0.0
123,Teens,6,5,2,1,2,0,1,3,0,1,,1.0,0.0
123,Teens,6,5,2,3,2,1,2,2,1,2,1.0,,
123,Teens,6,5,2,5,2,0,3,3,1,3,,1.0,1.0
123,Teens,6,5,2,4,2,1,2,2,1,2,1.0,,
123,Teens,7,2,2,1,2,0,1,3,0,1,,1.0,0.0
123,Teens,7,2,2,2,2,0,3,3,1,3,,1.0,1.0
123,Teens,8,3,3,2,2,1,2,2,1,2,1.0,,
123,Teens,8,3,3,1,3,0,1,1,1,1,,1.0,1.0
123,Teens,8,3,3,3,3,1,3,3,1,3,1.0,,
123,Teens,9,5,3,4,2,0,3,3,1,3,,1.0,1.0
123,Teens,9,5,3,1,2,0,1,3,0,1,,1.0,0.0
123,Teens,9,5,3,2,2,1,2,2,1,2,1.0,,
123,Teens,9,5,3,5,2,0,3,3,1,3,,1.0,1.0
123,Teens,9,5,3,3,2,1,2,3,0,2,0.0,,
123,Teens,10,4,2,2,2,0,1,3,0,1,,1.0,0.0
123,Teens,10,4,2,3,2,1,2,2,1,2,1.0,,
123,Teens,10,4,2,1,2,0,1,3,0,1,,1.0,0.0
123,Teens,10,4,2,4,2,0,3,3,1,3,,1.0,1.0
124,Teens,1,2,1,2,3,1,3,3,1,3,1.0,,
124,Teens,1,2,1,1,1,1,1,1,1,1,1.0,,
124,Teens,2,3,1,2,3,0,1,1,1,1,,1.0,1.0
124,Teens,2,3,1,3,2,1,2,2,1,2,1.0,,
124,Teens,2,3,1,1,3,0,1,1,1,1,,1.0,1.0
124,Teens,3,5,1,3,2,1,2,2,1,2,1.0,,
124,Teens,3,5,1,1,1,1,1,1,1,1,1.0,,
124,Teens,3,5,1,4,3,1,3,3,1,3,1.0,,
124,Teens,3,5,1,2,2,1,2,2,1,2,1.0,,
124,Teens,3,5,1,5,1,0,3,1,0,3,,0.0,0.0
124,Teens,4,4,1,4,3,1,3,2,0,3,0.0,,
124,Teens,4,4,1,2,2,1,2,3,0,2,0.0,,
124,Teens,4,4,1,3,1,0,3,2,0,3,,1.0,0.0
124,Teens,4,4,1,1,1,1,1,1,1,1,1.0,,
124,Teens,5,3,2,3,1,0,3,2,0,3,,1.0,0.0
124,Teens,5,3,2,2,1,0,2,1,0,2,,0.0,0.0
124,Teens,5,3,2,1,3,0,1,3,0,1,,0.0,0.0
124,Teens,6,5,2,3,1,0,2,2,1,2,,1.0,1.0
124,Teens,6,5,2,4,2,1,2,2,1,2,1.0,,
124,Teens,6,5,2,2,3,0,1,3,0,1,,0.0,0.0
124,Teens,6,5,2,1,1,1,1,1,1,1,1.0,,
124,Teens,6,5,2,5,1,0,3,2,0,3,,1.0,0.0
124,Teens,7,2,2,1,1,0,2,3,0,2,,1.0,0.0
124,Teens,7,2,2,2,2,0,3,3,1,3,,1.0,1.0
124,Teens,8,3,3,3,3,1,3,3,1,3,1.0,,
124,Teens,8,3,3,1,2,0,1,1,1,1,,1.0,1.0
124,Teens,8,3,3,2,2,1,2,2,1,2,1.0,,
124,Teens,9,5,3,3,1,0,2,1,0,2,,0.0,0.0
124,Teens,9,5,3,5,2,0,3,3,1,3,,1.0,1.0
124,Teens,9,5,3,2,2,0,1,3,0,1,,1.0,0.0
124,Teens,9,5,3,4,2,0,3,2,0,3,,0.0,0.0
124,Teens,9,5,3,1,2,0,1,3,0,1,,1.0,0.0
124,Teens,10,4,2,4,3,1,3,3,1,3,1.0,,
124,Teens,10,4,2,1,2,0,1,1,1,1,,1.0,1.0
124,Teens,10,4,2,2,1,0,2,3,0,2,,1.0,0.0
124,Teens,10,4,2,3,2,1,2,2,1,2,1.0,,
125,Teens,1,2,1,1,3,0,1,1,1,1,,1.0,1.0
125,Teens,1,2,1,2,2,1,2,2,1,2,1.0,,
125,Teens,2,3,1,2,3,0,2,3,0,2,,0.0,0.0
125,Teens,2,3,1,1,1,0,2,2,1,2,,1.0,1.0
125,Teens,2,3,1,3,2,0,3,3,1,3,,1.0,1.0
125,Teens,3,4,1,4,3,1,3,3,1,3,1.0,,
125,Teens,3,4,1,1,2,0,1,1,1,1,,1.0,1.0
125,Teens,3,4,1,2,3,0,1,2,0,1,,1.0,0.0
125,Teens,3,4,1,3,1,0,2,2,1,2,,1.0,1.0
125,Teens,4,5,1,4,2,0,3,3,1,3,,1.0,1.0
125,Teens,4,5,1,3,2,1,2,2,1,2,1.0,,
125,Teens,4,5,1,2,3,0,1,3,0,1,,0.0,0.0
125,Teens,4,5,1,1,2,0,1,3,0,1,,1.0,0.0
125,Teens,4,5,1,5,2,0,3,3,1,3,,1.0,1.0
125,Teens,5,3,2,1,3,0,1,2,0,1,,1.0,0.0
125,Teens,5,3,2,2,3,0,2,3,0,2,,0.0,0.0
125,Teens,5,3,2,3,3,1,3,1,0,3,0.0,,
125,Teens,6,5,2,1,2,0,1,3,0,1,,1.0,0.0
125,Teens,6,5,2,4,2,0,3,3,1,3,,1.0,1.0
125,Teens,6,5,2,5,2,0,3,3,1,3,,1.0,1.0
125,Teens,6,5,2,2,2,1,2,2,1,2,1.0,,
125,Teens,6,5,2,3,2,1,2,2,1,2,1.0,,
125,Teens,7,2,2,1,2,0,1,3,0,1,,1.0,0.0
125,Teens,7,2,2,2,2,0,3,3,1,3,,1.0,1.0
125,Teens,8,3,3,3,2,0,3,2,0,3,,0.0,0.0
125,Teens,8,3,3,2,2,1,2,2,1,2,1.0,,
125,Teens,8,3,3,1,2,0,1,3,0,1,,1.0,0.0
125,Teens,9,4,2,1,2,0,1,3,0,1,,1.0,0.0
125,Teens,9,4,2,4,2,0,3,3,1,3,,1.0,1.0
125,Teens,9,4,2,2,2,1,2,2,1,2,1.0,,
125,Teens,9,4,2,3,2,0,3,3,1,3,,1.0,1.0
125,Teens,10,5,3,2,2,0,1,3,0,1,,1.0,0.0
125,Teens,10,5,3,1,2,0,1,3,0,1,,1.0,0.0
125,Teens,10,5,3,4,2,1,2,2,1,2,1.0,,
125,Teens,10,5,3,3,2,1,2,2,1,2,1.0,,
125,Teens,10,5,3,5,2,0,3,3,1,3,,1.0,1.0
128,Teens,1,2,1,2,3,0,2,2,1,2,,1.0,1.0
128,Teens,1,2,1,1,1,1,1,1,1,1,1.0,,
128,Teens,2,4,1,3,3,0,2,1,0,2,,1.0,0.0
128,Teens,2,4,1,4,2,0,3,1,0,3,,1.0,0.0
128,Teens,2,4,1,2,1,0,2,1,0,2,,0.0,0.0
128,Teens,2,4,1,1,3,0,1,1,1,1,,1.0,1.0
128,Teens,3,3,1,2,3,0,1,2,0,1,,1.0,0.0
128,Teens,3,3,1,3,1,0,3,3,1,3,,1.0,1.0
128,Teens,3,3,1,1,2,0,1,2,0,1,,0.0,0.0
128,Teens,4,5,1,3,1,0,2,3,0,2,,1.0,0.0
128,Teens,4,5,1,5,1,0,3,2,0,3,,1.0,0.0
128,Teens,4,5,1,1,1,1,1,1,1,1,1.0,,
128,Teens,4,5,1,4,2,0,3,3,1,3,,1.0,1.0
128,Teens,4,5,1,2,1,0,2,1,0,2,,0.0,0.0
128,Teens,5,3,2,1,3,0,1,1,1,1,,1.0,1.0
128,Teens,5,3,2,2,3,0,2,2,1,2,,1.0,1.0
128,Teens,5,3,2,3,3,1,3,3,1,3,1.0,,
128,Teens,6,5,2,2,2,0,1,1,1,1,,1.0,1.0
128,Teens,6,5,2,5,3,1,3,3,1,3,1.0,,
128,Teens,6,5,2,4,1,0,3,2,0,3,,1.0,0.0
128,Teens,6,5,2,3,3,0,2,3,0,2,,0.0,0.0
128,Teens,6,5,2,1,2,0,1,1,1,1,,1.0,1.0
128,Teens,7,2,2,2,2,0,3,1,0,3,,1.0,0.0
128,Teens,7,2,2,1,3,0,2,1,0,2,,1.0,0.0
128,Teens,8,4,2,1,1,1,1,1,1,1,1.0,,
128,Teens,8,4,2,3,2,0,3,1,0,3,,1.0,0.0
128,Teens,8,4,2,2,1,0,2,2,1,2,,1.0,1.0
128,Teens,8,4,2,4,3,1,3,3,1,3,1.0,,
128,Teens,9,3,3,1,2,0,1,3,0,1,,1.0,0.0
128,Teens,9,3,3,3,1,0,3,3,1,3,,1.0,1.0
128,Teens,9,3,3,2,3,0,2,2,1,2,,1.0,1.0
128,Teens,10,5,3,4,3,0,2,3,0,2,,0.0,0.0
128,Teens,10,5,3,1,2,0,1,3,0,1,,1.0,0.0
128,Teens,10,5,3,5,3,1,3,3,1,3,1.0,,
128,Teens,10,5,3,3,3,0,2,1,0,2,,1.0,0.0
128,Teens,10,5,3,2,3,0,1,2,0,1,,1.0,0.0
130,Teens,1,2,1,2,1,0,2,2,1,2,,1.0,1.0
130,Teens,1,2,1,1,3,0,1,2,0,1,,1.0,0.0
130,Teens,2,3,1,2,2,0,1,3,0,1,,1.0,0.0
130,Teens,2,3,1,1,1,1,1,1,1,1,1.0,,
130,Teens,2,3,1,3,3,1,3,3,1,3,1.0,,
130,Teens,3,4,1,1,2,0,1,1,1,1,,1.0,1.0
130,Teens,3,4,1,2,1,0,2,1,0,2,,0.0,0.0
130,Teens,3,4,1,3,3,0,2,3,0,2,,0.0,0.0
130,Teens,3,4,1,4,1,0,3,3,1,3,,1.0,1.0
130,Teens,4,5,1,5,1,0,3,3,1,3,,1.0,1.0
130,Teens,4,5,1,2,3,0,2,1,0,2,,1.0,0.0
130,Teens,4,5,1,3,2,1,2,2,1,2,1.0,,
130,Teens,4,5,1,4,2,0,3,3,1,3,,1.0,1.0
130,Teens,4,5,1,1,2,0,1,3,0,1,,1.0,0.0
130,Teens,5,3,2,2,2,1,2,2,1,2,1.0,,
130,Teens,5,3,2,1,1,1,1,1,1,1,1.0,,
130,Teens,5,3,2,3,3,1,3,3,1,3,1.0,,
130,Teens,6,5,2,5,3,1,3,3,1,3,1.0,,
130,Teens,6,5,2,1,2,0,1,3,0,1,,1.0,0.0
130,Teens,6,5,2,4,1,0,3,1,0,3,,0.0,0.0
130,Teens,6,5,2,3,2,1,2,2,1,2,1.0,,
130,Teens,6,5,2,2,1,1,1,1,1,1,1.0,,
130,Teens,7,2,2,1,2,1,2,2,1,2,1.0,,
130,Teens,7,2,2,2,1,0,3,3,1,3,,1.0,1.0
130,Teens,8,3,3,1,2,0,1,1,1,1,,1.0,1.0
130,Teens,8,3,3,2,1,0,2,2,1,2,,1.0,1.0
130,Teens,8,3,3,3,3,1,3,3,1,3,1.0,,
130,Teens,9,4,2,2,2,1,2,2,1,2,1.0,,
130,Teens,9,4,2,1,1,1,1,1,1,1,1.0,,
130,Teens,9,4,2,3,3,1,3,3,1,3,1.0,,
130,Teens,9,4,2,4,2,0,3,3,1,3,,1.0,1.0
130,Teens,10,5,3,2,3,0,1,2,0,1,,1.0,0.0
130,Teens,10,5,3,3,1,0,2,2,1,2,,1.0,1.0
130,Teens,10,5,3,5,2,0,3,2,0,3,,0.0,0.0
130,Teens,10,5,3,1,3,0,1,1,1,1,,1.0,1.0
130,Teens,10,5,3,4,3,0,2,3,0,2,,0.0,0.0
131,Teens,1,2,1,2,2,1,2,2,1,2,1.0,,
131,Teens,1,2,1,1,1,1,1,1,1,1,1.0,,
131,Teens,2,3,1,2,3,0,2,2,1,2,,1.0,1.0
131,Teens,2,3,1,1,1,0,2,1,0,2,,0.0,0.0
131,Teens,2,3,1,3,2,0,3,1,0,3,,1.0,0.0
131,Teens,3,4,1,4,1,0,3,3,1,3,,1.0,1.0
131,Teens,3,4,1,2,2,0,1,3,0,1,,1.0,0.0
131,Teens,3,4,1,3,1,0,2,2,1,2,,1.0,1.0
131,Teens,3,4,1,1,1,1,1,1,1,1,1.0,,
131,Teens,4,5,1,2,1,1,1,1,1,1,1.0,,
131,Teens,4,5,1,3,3,0,2,2,1,2,,1.0,1.0
131,Teens,4,5,1,1,2,0,1,3,0,1,,1.0,0.0
131,Teens,4,5,1,4,3,1,3,3,1,3,1.0,,
131,Teens,4,5,1,5,2,0,3,1,0,3,,1.0,0.0
131,Teens,5,3,2,2,1,0,2,3,0,2,,1.0,0.0
131,Teens,5,3,2,3,1,0,3,3,1,3,,1.0,1.0
131,Teens,5,3,2,1,1,1,1,1,1,1,1.0,,
131,Teens,6,5,2,2,1,0,2,3,0,2,,1.0,0.0
131,Teens,6,5,2,3,1,0,2,2,1,2,,1.0,1.0
131,Teens,6,5,2,4,1,0,3,2,0,3,,1.0,0.0
131,Teens,6,5,2,5,1,0,3,3,1,3,,1.0,1.0
131,Teens,6,5,2,1,1,1,1,3,0,1,0.0,,
131,Teens,7,2,2,1,1,1,1,1,1,1,1.0,,
131,Teens,7,2,2,2,3,1,3,3,1,3,1.0,,
131,Teens,8,3,3,1,1,1,1,1,1,1,1.0,,
131,Teens,8,3,3,3,3,1,3,3,1,3,1.0,,
131,Teens,8,3,3,2,2,1,2,2,1,2,1.0,,
131,Teens,9,4,2,1,1,1,1,1,1,1,1.0,,
131,Teens,9,4,2,3,3,1,3,3,1,3,1.0,,
131,Teens,9,4,2,2,2,1,2,2,1,2,1.0,,
131,Teens,9,4,2,4,1,0,3,3,1,3,,1.0,1.0
131,Teens,10,5,3,2,1,1,1,3,0,1,0.0,,
131,Teens,10,5,3,4,3,0,2,1,0,2,,1.0,0.0
131,Teens,10,5,3,1,2,0,1,1,1,1,,1.0,1.0
131,Teens,10,5,3,5,3,1,3,3,1,3,1.0,,
131,Teens,10,5,3,3,2,1,2,2,1,2,1.0,,
132,Teens,1,2,1,1,2,0,1,1,1,1,,1.0,1.0
132,Teens,1,2,1,2,1,0,3,2,0,3,,1.0,0.0
132,Teens,2,3,1,2,3,0,1,2,0,1,,1.0,0.0
132,Teens,2,3,1,3,3,0,2,2,1,2,,1.0,1.0
132,Teens,2,3,1,1,3,0,1,2,0,1,,1.0,0.0
132,Teens,3,5,1,4,2,0,3,1,0,3,,1.0,0.0
132,Teens,3,5,1,1,2,0,1,1,1,1,,1.0,1.0
132,Teens,3,5,1,2,2,1,2,2,1,2,1.0,,
132,Teens,3,5,1,3,2,1,2,2,1,2,1.0,,
132,Teens,3,5,1,5,2,0,3,3,1,3,,1.0,1.0
132,Teens,4,4,1,1,2,0,1,3,0,1,,1.0,0.0
132,Teens,4,4,1,2,2,1,2,2,1,2,1.0,,
132,Teens,4,4,1,4,3,1,3,3,1,3,1.0,,
132,Teens,4,4,1,3,1,0,3,2,0,3,,1.0,0.0
132,Teens,5,3,2,1,2,0,1,3,0,1,,1.0,0.0
132,Teens,5,3,2,2,2,1,2,2,1,2,1.0,,
132,Teens,5,3,2,3,1,0,3,3,1,3,,1.0,1.0
132,Teens,6,5,2,2,1,1,1,3,0,1,0.0,,
132,Teens,6,5,2,1,2,0,1,1,1,1,,1.0,1.0
132,Teens,6,5,2,4,3,0,2,1,0,2,,1.0,0.0
132,Teens,6,5,2,3,1,0,2,3,0,2,,1.0,0.0
132,Teens,6,5,2,5,2,0,3,3,1,3,,1.0,1.0
132,Teens,7,2,2,1,2,1,2,2,1,2,1.0,,
132,Teens,7,2,2,2,1,0,3,3,1,3,,1.0,1.0
132,Teens,8,3,3,3,2,0,3,3,1,3,,1.0,1.0
132,Teens,8,3,3,2,3,0,2,2,1,2,,1.0,1.0
132,Teens,8,3,3,1,1,1,1,1,1,1,1.0,,
132,Teens,9,5,3,4,2,0,3,1,0,3,,1.0,0.0
132,Teens,9,5,3,1,2,0,1,1,1,1,,1.0,1.0
132,Teens,9,5,3,5,2,0,3,1,0,3,,1.0,0.0
132,Teens,9,5,3,2,2,0,1,1,1,1,,1.0,1.0
132,Teens,9,5,3,3,2,1,2,2,1,2,1.0,,
132,Teens,10,4,2,4,2,0,3,3,1,3,,1.0,1.0
132,Teens,10,4,2,2,2,1,2,2,1,2,1.0,,
132,Teens,10,4,2,3,2,1,2,2,1,2,1.0,,
132,Teens,10,4,2,1,2,0,1,1,1,1,,1.0,1.0
135,Teens,1,2,1,1,2,0,1,3,0,1,,1.0,0.0
135,Teens,1,2,1,2,2,1,2,2,1,2,1.0,,
135,Teens,2,3,1,2,2,1,2,2,1,2,1.0,,
135,Teens,2,3,1,1,3,0,2,1,0,2,,1.0,0.0
135,Teens,2,3,1,3,3,1,3,3,1,3,1.0,,
135,Teens,3,4,1,4,2,0,3,3,1,3,,1.0,1.0
135,Teens,3,4,1,1,2,0,1,3,0,1,,1.0,0.0
135,Teens,3,4,1,2,2,0,1,3,0,1,,1.0,0.0
135,Teens,3,4,1,3,2,1,2,2,1,2,1.0,,
135,Teens,4,5,1,4,2,0,3,3,1,3,,1.0,1.0
135,Teens,4,5,1,3,2,1,2,2,1,2,1.0,,
135,Teens,4,5,1,2,2,0,1,1,1,1,,1.0,1.0
135,Teens,4,5,1,1,2,0,1,3,0,1,,1.0,0.0
135,Teens,4,5,1,5,2,0,3,3,1,3,,1.0,1.0
135,Teens,5,3,2,1,2,0,1,3,0,1,,1.0,0.0
135,Teens,5,3,2,2,2,1,2,2,1,2,1.0,,
135,Teens,5,3,2,3,2,0,3,3,1,3,,1.0,1.0
135,Teens,6,5,2,1,2,0,1,2,0,1,,0.0,0.0
135,Teens,6,5,2,4,2,0,3,3,1,3,,1.0,1.0
135,Teens,6,5,2,5,2,0,3,1,0,3,,1.0,0.0
135,Teens,6,5,2,2,2,1,2,2,1,2,1.0,,
135,Teens,6,5,2,3,2,1,2,2,1,2,1.0,,
135,Teens,7,2,2,1,2,0,1,2,0,1,,0.0,0.0
135,Teens,7,2,2,2,3,1,3,3,1,3,1.0,,
135,Teens,8,3,3,3,2,0,3,2,0,3,,0.0,0.0
135,Teens,8,3,3,2,2,1,2,2,1,2,1.0,,
135,Teens,8,3,3,1,3,0,1,1,1,1,,1.0,1.0
135,Teens,9,4,2,1,2,0,1,3,0,1,,1.0,0.0
135,Teens,9,4,2,4,2,0,3,3,1,3,,1.0,1.0
135,Teens,9,4,2,2,2,1,2,2,1,2,1.0,,
135,Teens,9,4,2,3,2,0,3,3,1,3,,1.0,1.0
135,Teens,10,5,3,2,2,0,1,3,0,1,,1.0,0.0
135,Teens,10,5,3,1,2,0,1,3,0,1,,1.0,0.0
135,Teens,10,5,3,4,2,1,2,2,1,2,1.0,,
135,Teens,10,5,3,3,2,1,2,3,0,2,0.0,,
135,Teens,10,5,3,5,2,0,3,3,1,3,,1.0,1.0
136,Teens,1,2,1,1,2,1,2,3,0,2,0.0,,
136,Teens,1,2,1,2,1,0,3,3,1,3,,1.0,1.0
136,Teens,2,3,1,2,3,1,3,3,1,3,1.0,,
136,Teens,2,3,1,1,2,0,1,3,0,1,,1.0,0.0
136,Teens,2,3,1,3,1,0,3,2,0,3,,1.0,0.0
136,Teens,3,4,1,4,3,1,3,3,1,3,1.0,,
136,Teens,3,4,1,1,2,0,1,1,1,1,,1.0,1.0
136,Teens,3,4,1,2,1,0,2,2,1,2,,1.0,1.0
136,Teens,3,4,1,3,3,0,2,1,0,2,,1.0,0.0
136,Teens,4,5,1,2,3,0,1,2,0,1,,1.0,0.0
136,Teens,4,5,1,3,3,0,2,3,0,2,,0.0,0.0
136,Teens,4,5,1,5,3,1,3,3,1,3,1.0,,
136,Teens,4,5,1,1,3,0,1,1,1,1,,1.0,1.0
136,Teens,4,5,1,4,2,1,2,2,1,2,1.0,,
136,Teens,5,3,2,3,3,1,3,3,1,3,1.0,,
136,Teens,5,3,2,1,2,0,1,1,1,1,,1.0,1.0
136,Teens,5,3,2,2,1,0,2,2,1,2,,1.0,1.0
136,Teens,6,5,2,4,3,1,3,2,0,3,0.0,,
136,Teens,6,5,2,2,2,0,1,2,0,1,,0.0,0.0
136,Teens,6,5,2,1,2,0,1,1,1,1,,1.0,1.0
136,Teens,6,5,2,5,2,0,3,3,1,3,,1.0,1.0
136,Teens,6,5,2,3,2,1,2,2,1,2,1.0,,
136,Teens,7,2,2,1,3,0,1,2,0,1,,1.0,0.0
136,Teens,7,2,2,2,3,0,2,3,0,2,,0.0,0.0
136,Teens,8,3,3,3,3,1,3,3,1,3,1.0,,
136,Teens,8,3,3,1,1,1,1,3,0,1,0.0,,
136,Teens,8,3,3,2,2,1,2,2,1,2,1.0,,
136,Teens,9,4,2,3,3,0,2,2,1,2,,1.0,1.0
136,Teens,9,4,2,4,3,1,3,3,1,3,1.0,,
136,Teens,9,4,2,2,1,1,1,1,1,1,1.0,,
136,Teens,9,4,2,1,2,0,1,3,0,1,,1.0,0.0
136,Teens,10,5,3,4,1,0,3,2,0,3,,1.0,0.0
136,Teens,10,5,3,2,1,0,2,2,1,2,,1.0,1.0
136,Teens,10,5,3,5,1,0,3,2,0,3,,1.0,0.0
136,Teens,10,5,3,3,3,0,2,3,0,2,,0.0,0.0
136,Teens,10,5,3,1,1,1,1,1,1,1,1.0,,
137,Teens,1,2,1,1,3,0,1,3,0,1,,0.0,0.0
137,Teens,1,2,1,2,2,1,2,2,1,2,1.0,,
137,Teens,2,3,1,3,1,0,3,3,1,3,,1.0,1.0
137,Teens,2,3,1,2,2,1,2,3,0,2,0.0,,
137,Teens,2,3,1,1,3,0,2,2,1,2,,1.0,1.0
137,Teens,3,4,1,3,2,1,2,2,1,2,1.0,,
137,Teens,3,4,1,2,1,1,1,1,1,1,1.0,,
137,Teens,3,4,1,4,3,1,3,3,1,3,1.0,,
137,Teens,3,4,1,1,2,0,1,3,0,1,,1.0,0.0
137,Teens,4,5,1,1,3,0,1,1,1,1,,1.0,1.0
137,Teens,4,5,1,2,1,1,1,1,1,1,1.0,,
137,Teens,4,5,1,3,2,1,2,2,1,2,1.0,,
137,Teens,4,5,1,5,2,0,3,2,0,3,,0.0,0.0
137,Teens,4,5,1,4,3,1,3,2,0,3,0.0,,
137,Teens,5,3,2,1,2,0,1,2,0,1,,0.0,0.0
137,Teens,5,3,2,2,3,0,2,1,0,2,,1.0,0.0
137,Teens,5,3,2,3,1,0,3,3,1,3,,1.0,1.0
137,Teens,6,5,2,2,3,0,2,2,1,2,,1.0,1.0
137,Teens,6,5,2,1,3,0,1,2,0,1,,1.0,0.0
137,Teens,6,5,2,4,3,1,3,3,1,3,1.0,,
137,Teens,6,5,2,5,3,1,3,3,1,3,1.0,,
137,Teens,6,5,2,3,3,0,2,2,1,2,,1.0,1.0
137,Teens,7,2,2,2,3,1,3,3,1,3,1.0,,
137,Teens,7,2,2,1,2,0,1,1,1,1,,1.0,1.0
137,Teens,8,3,3,1,3,0,1,2,0,1,,1.0,0.0
137,Teens,8,3,3,3,3,1,3,3,1,3,1.0,,
137,Teens,8,3,3,2,3,0,2,1,0,2,,1.0,0.0
137,Teens,9,4,2,1,3,0,1,1,1,1,,1.0,1.0
137,Teens,9,4,2,3,3,1,3,3,1,3,1.0,,
137,Teens,9,4,2,4,2,0,3,1,0,3,,1.0,0.0
137,Teens,9,4,2,2,2,1,2,2,1,2,1.0,,
137,Teens,10,5,3,3,3,0,2,2,1,2,,1.0,1.0
137,Teens,10,5,3,2,3,0,1,1,1,1,,1.0,1.0
137,Teens,10,5,3,5,3,1,3,3,1,3,1.0,,
137,Teens,10,5,3,1,2,0,1,1,1,1,,1.0,1.0
137,Teens,10,5,3,4,2,1,2,2,1,2,1.0,,
139,Teens,1,2,1,2,1,0,2,2,1,2,,1.0,1.0
139,Teens,1,2,1,1,3,0,1,1,1,1,,1.0,1.0
139,Teens,2,3,1,2,3,0,1,1,1,1,,1.0,1.0
139,Teens,2,3,1,3,1,0,3,3,1,3,,1.0,1.0
139,Teens,2,3,1,1,3,0,1,2,0,1,,1.0,0.0
139,Teens,3,4,1,3,3,0,2,1,0,2,,1.0,0.0
139,Teens,3,4,1,1,1,1,1,1,1,1,1.0,,
139,Teens,3,4,1,4,2,0,3,2,0,3,,0.0,0.0
139,Teens,3,4,1,2,3,0,2,2,1,2,,1.0,1.0
139,Teens,4,5,1,1,3,0,1,1,1,1,,1.0,1.0
139,Teens,4,5,1,5,1,0,3,2,0,3,,1.0,0.0
139,Teens,4,5,1,4,2,0,3,1,0,3,,1.0,0.0
139,Teens,4,5,1,3,3,0,2,1,0,2,,1.0,0.0
139,Teens,4,5,1,2,3,0,2,1,0,2,,1.0,0.0
139,Teens,5,3,2,1,3,0,1,2,0,1,,1.0,0.0
139,Teens,5,3,2,3,2,0,3,3,1,3,,1.0,1.0
139,Teens,5,3,2,2,1,0,2,3,0,2,,1.0,0.0
139,Teens,6,5,2,4,1,0,3,3,1,3,,1.0,1.0
139,Teens,6,5,2,2,2,0,1,3,0,1,,1.0,0.0
139,Teens,6,5,2,3,3,0,2,1,0,2,,1.0,0.0
139,Teens,7,2,2,1,3,0,2,1,0,2,,1.0,0.0
139,Teens,7,2,2,2,2,0,3,3,1,3,,1.0,1.0
139,Teens,8,3,3,2,1,0,2,2,1,2,,1.0,1.0
139,Teens,8,3,3,1,1,1,1,3,0,1,0.0,,
139,Teens,8,3,3,3,3,1,3,3,1,3,1.0,,
139,Teens,9,4,2,3,1,0,3,2,0,3,,1.0,0.0
139,Teens,9,4,2,1,3,0,1,2,0,1,,1.0,0.0
139,Teens,9,4,2,2,3,0,2,2,1,2,,1.0,1.0
139,Teens,10,5,3,4,3,0,2,3,0,2,,0.0,0.0
139,Teens,10,5,3,5,1,0,3,2,0,3,,1.0,0.0
139,Teens,10,5,3,3,1,0,2,1,0,2,,0.0,0.0
139,Teens,10,5,3,2,1,1,1,1,1,1,1.0,,
148,Teens,1,2,1,2,3,0,2,2,1,2,,1.0,1.0
148,Teens,1,2,1,1,2,0,1,3,0,1,,1.0,0.0
148,Teens,2,4,1,3,3,0,2,1,0,2,,1.0,0.0
148,Teens,2,4,1,4,2,0,3,2,0,3,,0.0,0.0
148,Teens,2,4,1,2,1,0,2,3,0,2,,1.0,0.0
148,Teens,2,4,1,1,2,0,1,3,0,1,,1.0,0.0
148,Teens,3,3,1,2,3,0,1,2,0,1,,1.0,0.0
148,Teens,3,3,1,3,2,0,3,2,0,3,,0.0,0.0
148,Teens,3,3,1,1,1,1,1,1,1,1,1.0,,
148,Teens,4,5,1,3,3,0,2,3,0,2,,0.0,0.0
148,Teens,4,5,1,5,1,0,3,3,1,3,,1.0,1.0
148,Teens,4,5,1,1,2,0,1,3,0,1,,1.0,0.0
148,Teens,4,5,1,4,1,0,3,1,0,3,,0.0,0.0
148,Teens,4,5,1,2,1,0,2,3,0,2,,1.0,0.0
148,Teens,5,3,2,1,3,0,1,1,1,1,,1.0,1.0
148,Teens,5,3,2,2,3,0,2,1,0,2,,1.0,0.0
148,Teens,5,3,2,3,3,1,3,3,1,3,1.0,,
148,Teens,6,5,2,2,1,1,1,1,1,1,1.0,,
148,Teens,6,5,2,5,1,0,3,3,1,3,,1.0,1.0
148,Teens,6,5,2,4,1,0,3,2,0,3,,1.0,0.0
148,Teens,6,5,2,3,1,0,2,3,0,2,,1.0,0.0
148,Teens,6,5,2,1,1,1,1,1,1,1,1.0,,
148,Teens,7,2,2,2,3,1,3,3,1,3,1.0,,
148,Teens,7,2,2,1,3,0,2,3,0,2,,0.0,0.0
148,Teens,8,4,2,1,2,0,1,3,0,1,,1.0,0.0
148,Teens,8,4,2,3,2,0,3,2,0,3,,0.0,0.0
148,Teens,8,4,2,2,2,1,2,2,1,2,1.0,,
148,Teens,8,4,2,4,2,0,3,3,1,3,,1.0,1.0
148,Teens,9,3,3,1,3,0,1,2,0,1,,1.0,0.0
148,Teens,9,3,3,3,3,1,3,3,1,3,1.0,,
148,Teens,9,3,3,2,1,0,2,3,0,2,,1.0,0.0
148,Teens,10,5,3,4,3,0,2,3,0,2,,0.0,0.0
148,Teens,10,5,3,1,3,0,1,2,0,1,,1.0,0.0
148,Teens,10,5,3,5,3,1,3,3,1,3,1.0,,
148,Teens,10,5,3,3,3,0,2,2,1,2,,1.0,1.0
148,Teens,10,5,3,2,3,0,1,2,0,1,,1.0,0.0
152,Teens,1,2,1,1,2,0,1,2,0,1,,0.0,0.0
152,Teens,1,2,1,2,1,0,3,2,0,3,,1.0,0.0
152,Teens,2,3,1,2,2,0,1,2,0,1,,0.0,0.0
152,Teens,2,3,1,3,1,0,2,2,1,2,,1.0,1.0
152,Teens,2,3,1,1,2,0,1,2,0,1,,0.0,0.0
152,Teens,3,5,1,4,1,0,3,1,0,3,,0.0,0.0
152,Teens,3,5,1,1,2,0,1,1,1,1,,1.0,1.0
152,Teens,3,5,1,2,3,0,2,1,0,2,,1.0,0.0
152,Teens,3,5,1,3,1,0,2,2,1,2,,1.0,1.0
152,Teens,3,5,1,5,1,0,3,2,0,3,,1.0,0.0
152,Teens,4,4,1,1,2,0,1,2,0,1,,0.0,0.0
152,Teens,4,4,1,2,1,0,2,2,1,2,,1.0,1.0
152,Teens,4,4,1,4,1,0,3,2,0,3,,1.0,0.0
152,Teens,4,4,1,3,1,0,3,1,0,3,,0.0,0.0
152,Teens,5,3,2,1,2,0,1,1,1,1,,1.0,1.0
152,Teens,5,3,2,2,1,0,2,2,1,2,,1.0,1.0
152,Teens,5,3,2,3,1,0,3,2,0,3,,1.0,0.0
152,Teens,6,5,2,2,1,1,1,2,0,1,0.0,,
152,Teens,6,5,2,1,1,1,1,1,1,1,1.0,,
152,Teens,6,5,2,4,1,0,2,2,1,2,,1.0,1.0
152,Teens,6,5,2,3,1,0,2,2,1,2,,1.0,1.0
152,Teens,6,5,2,5,1,0,3,3,1,3,,1.0,1.0
152,Teens,7,2,2,1,1,0,2,2,1,2,,1.0,1.0
152,Teens,7,2,2,2,1,0,3,2,0,3,,1.0,0.0
152,Teens,8,3,3,3,1,0,3,2,0,3,,1.0,0.0
152,Teens,8,3,3,2,1,0,2,2,1,2,,1.0,1.0
152,Teens,8,3,3,1,1,1,1,2,0,1,0.0,,
152,Teens,9,5,3,4,1,0,3,2,0,3,,1.0,0.0
152,Teens,9,5,3,1,1,1,1,1,1,1,1.0,,
152,Teens,9,5,3,5,1,0,3,1,0,3,,0.0,0.0
152,Teens,9,5,3,2,1,1,1,2,0,1,0.0,,
152,Teens,9,5,3,3,1,0,2,3,0,2,,1.0,0.0
152,Teens,10,4,2,4,1,0,3,2,0,3,,1.0,0.0
152,Teens,10,4,2,2,1,0,2,2,1,2,,1.0,1.0
152,Teens,10,4,2,3,1,0,2,2,1,2,,1.0,1.0
152,Teens,10,4,2,1,1,1,1,1,1,1,1.0,,
154,Teens,1,2,1,2,2,0,3,1,0,3,,1.0,0.0
154,Teens,1,2,1,1,3,0,1,1,1,1,,1.0,1.0
154,Teens,2,3,1,2,2,0,1,2,0,1,,0.0,0.0
154,Teens,2,3,1,3,3,0,2,2,1,2,,1.0,1.0
154,Teens,2,3,1,1,1,1,1,1,1,1,1.0,,
154,Teens,3,5,1,3,2,1,2,1,0,2,0.0,,
154,Teens,3,5,1,1,1,1,1,2,0,1,0.0,,
154,Teens,3,5,1,4,3,1,3,1,0,3,0.0,,
154,Teens,3,5,1,2,1,0,2,2,1,2,,1.0,1.0
154,Teens,3,5,1,5,3,1,3,3,1,3,1.0,,
154,Teens,4,4,1,4,3,1,3,3,1,3,1.0,,
154,Teens,4,4,1,2,2,1,2,2,1,2,1.0,,
154,Teens,4,4,1,3,1,0,3,1,0,3,,0.0,0.0
154,Teens,4,4,1,1,1,1,1,1,1,1,1.0,,
154,Teens,5,3,2,3,1,0,3,3,1,3,,1.0,1.0
154,Teens,5,3,2,2,2,1,2,2,1,2,1.0,,
154,Teens,5,3,2,1,1,1,1,1,1,1,1.0,,
154,Teens,6,5,2,3,3,0,2,1,0,2,,1.0,0.0
154,Teens,6,5,2,4,2,1,2,2,1,2,1.0,,
154,Teens,6,5,2,2,1,1,1,1,1,1,1.0,,
154,Teens,6,5,2,1,3,0,1,2,0,1,,1.0,0.0
154,Teens,6,5,2,5,2,0,3,2,0,3,,0.0,0.0
154,Teens,7,2,2,1,2,1,2,2,1,2,1.0,,
154,Teens,7,2,2,2,3,1,3,3,1,3,1.0,,
154,Teens,8,3,3,3,3,1,3,3,1,3,1.0,,
154,Teens,8,3,3,1,2,0,1,1,1,1,,1.0,1.0
154,Teens,8,3,3,2,2,1,2,2,1,2,1.0,,
154,Teens,9,5,3,3,3,0,2,1,0,2,,1.0,0.0
154,Teens,9,5,3,5,2,0,3,3,1,3,,1.0,1.0
154,Teens,9,5,3,2,3,0,1,2,0,1,,1.0,0.0
154,Teens,9,5,3,4,1,0,3,3,1,3,,1.0,1.0
154,Teens,9,5,3,1,2,0,1,1,1,1,,1.0,1.0
154,Teens,10,4,2,4,3,1,3,3,1,3,1.0,,
154,Teens,10,4,2,1,2,0,1,2,0,1,,0.0,0.0
154,Teens,10,4,2,2,1,0,2,3,0,2,,1.0,0.0
154,Teens,10,4,2,3,1,0,2,3,0,2,,1.0,0.0
159,Teens,1,2,1,2,1,0,2,3,0,2,,1.0,0.0
159,Teens,2,3,1,2,3,0,1,3,0,1,,0.0,0.0
159,Teens,2,3,1,3,1,0,3,2,0,3,,1.0,0.0
159,Teens,2,3,1,1,1,1,1,1,1,1,1.0,,
159,Teens,3,4,1,3,1,0,2,2,1,2,,1.0,1.0
159,Teens,3,4,1,1,2,0,1,1,1,1,,1.0,1.0
159,Teens,3,4,1,4,3,1,3,3,1,3,1.0,,
159,Teens,3,4,1,2,3,0,2,1,0,2,,1.0,0.0
159,Teens,4,5,1,1,1,1,1,1,1,1,1.0,,
159,Teens,4,5,1,5,3,1,3,1,0,3,0.0,,
159,Teens,4,5,1,4,2,0,3,3,1,3,,1.0,1.0
159,Teens,4,5,1,3,3,0,2,3,0,2,,0.0,0.0
159,Teens,4,5,1,2,1,0,2,3,0,2,,1.0,0.0
159,Teens,5,3,2,1,1,1,1,1,1,1,1.0,,
159,Teens,5,3,2,3,2,0,3,3,1,3,,1.0,1.0
159,Teens,5,3,2,2,3,0,2,2,1,2,,1.0,1.0
159,Teens,6,5,2,1,1,1,1,1,1,1,1.0,,
159,Teens,6,5,2,4,3,1,3,1,0,3,0.0,,
159,Teens,6,5,2,5,2,0,3,2,0,3,,0.0,0.0
159,Teens,6,5,2,2,1,1,1,1,1,1,1.0,,
159,Teens,6,5,2,3,3,0,2,3,0,2,,0.0,0.0
159,Teens,7,2,2,1,1,0,2,2,1,2,,1.0,1.0
159,Teens,7,2,2,2,2,0,3,1,0,3,,1.0,0.0
159,Teens,8,3,3,2,3,0,2,2,1,2,,1.0,1.0
159,Teens,8,3,3,1,2,0,1,1,1,1,,1.0,1.0
159,Teens,8,3,3,3,1,0,3,3,1,3,,1.0,1.0
159,Teens,9,4,2,3,3,1,3,3,1,3,1.0,,
159,Teens,9,4,2,1,2,0,1,1,1,1,,1.0,1.0
159,Teens,9,4,2,2,3,0,2,2,1,2,,1.0,1.0
159,Teens,9,4,2,4,3,1,3,3,1,3,1.0,,
159,Teens,10,5,3,4,3,0,2,3,0,2,,0.0,0.0
159,Teens,10,5,3,1,2,0,1,3,0,1,,1.0,0.0
159,Teens,10,5,3,5,1,0,3,1,0,3,,0.0,0.0
159,Teens,10,5,3,3,3,0,2,1,0,2,,1.0,0.0
159,Teens,10,5,3,2,2,0,1,1,1,1,,1.0,1.0
160,Teens,1,2,1,2,3,0,2,2,1,2,,1.0,1.0
160,Teens,1,2,1,1,1,1,1,1,1,1,1.0,,
160,Teens,2,3,1,2,1,1,1,1,1,1,1.0,,
160,Teens,2,3,1,1,2,0,1,3,0,1,,1.0,0.0
160,Teens,2,3,1,3,2,0,3,3,1,3,,1.0,1.0
160,Teens,3,4,1,1,3,0,1,2,0,1,,1.0,0.0
160,Teens,3,4,1,2,3,0,2,3,0,2,,0.0,0.0
160,Teens,3,4,1,3,1,0,2,3,0,2,,1.0,0.0
160,Teens,3,4,1,4,3,1,3,3,1,3,1.0,,
160,Teens,4,5,1,5,1,0,3,3,1,3,,1.0,1.0
160,Teens,4,5,1,2,1,0,2,2,1,2,,1.0,1.0
160,Teens,4,5,1,3,1,0,2,2,1,2,,1.0,1.0
160,Teens,4,5,1,4,1,0,3,2,0,3,,1.0,0.0
160,Teens,4,5,1,1,3,0,1,1,1,1,,1.0,1.0
160,Teens,5,3,2,2,1,0,2,1,0,2,,0.0,0.0
160,Teens,5,3,2,1,3,0,1,1,1,1,,1.0,1.0
160,Teens,5,3,2,3,1,0,3,2,0,3,,1.0,0.0
160,Teens,6,5,2,5,3,1,3,3,1,3,1.0,,
160,Teens,6,5,2,1,3,0,1,1,1,1,,1.0,1.0
160,Teens,6,5,2,4,3,1,3,3,1,3,1.0,,
160,Teens,6,5,2,3,3,0,2,1,0,2,,1.0,0.0
160,Teens,6,5,2,2,3,0,1,1,1,1,,1.0,1.0
160,Teens,7,2,2,1,3,0,2,1,0,2,,1.0,0.0
160,Teens,7,2,2,2,3,1,3,3,1,3,1.0,,
160,Teens,8,3,3,1,3,0,1,1,1,1,,1.0,1.0
160,Teens,8,3,3,2,3,0,2,1,0,2,,1.0,0.0
160,Teens,8,3,3,3,3,1,3,3,1,3,1.0,,
160,Teens,9,4,2,2,3,0,2,1,0,2,,1.0,0.0
160,Teens,9,4,2,1,3,0,1,1,1,1,,1.0,1.0
160,Teens,9,4,2,3,3,1,3,3,1,3,1.0,,
160,Teens,9,4,2,4,3,1,3,3,1,3,1.0,,
160,Teens,10,5,3,2,3,0,1,1,1,1,,1.0,1.0
160,Teens,10,5,3,3,3,0,2,1,0,2,,1.0,0.0
160,Teens,10,5,3,5,3,1,3,3,1,3,1.0,,
160,Teens,10,5,3,1,3,0,1,1,1,1,,1.0,1.0
160,Teens,10,5,3,4,3,0,2,1,0,2,,1.0,0.0
161,Teens,1,2,1,2,2,1,2,2,1,2,1.0,,
161,Teens,1,2,1,1,1,1,1,1,1,1,1.0,,
161,Teens,2,3,1,2,2,1,2,2,1,2,1.0,,
161,Teens,2,3,1,1,3,0,2,1,0,2,,1.0,0.0
161,Teens,2,3,1,3,3,1,3,3,1,3,1.0,,
161,Teens,3,4,1,4,2,0,3,2,0,3,,0.0,0.0
161,Teens,3,4,1,2,3,0,1,2,0,1,,1.0,0.0
161,Teens,3,4,1,3,1,0,2,2,1,2,,1.0,1.0
161,Teens,3,4,1,1,2,0,1,1,1,1,,1.0,1.0
161,Teens,4,5,1,2,2,0,1,3,0,1,,1.0,0.0
161,Teens,4,5,1,3,2,1,2,2,1,2,1.0,,
161,Teens,4,5,1,1,2,0,1,3,0,1,,1.0,0.0
161,Teens,4,5,1,4,2,0,3,3,1,3,,1.0,1.0
161,Teens,4,5,1,5,2,0,3,3,1,3,,1.0,1.0
161,Teens,5,3,2,3,2,0,3,2,0,3,,0.0,0.0
161,Teens,5,3,2,1,3,0,1,1,1,1,,1.0,1.0
161,Teens,6,5,2,2,2,1,2,2,1,2,1.0,,
161,Teens,6,5,2,3,2,1,2,1,0,2,0.0,,
161,Teens,6,5,2,4,2,0,3,1,0,3,,1.0,0.0
161,Teens,6,5,2,5,3,1,3,3,1,3,1.0,,
161,Teens,6,5,2,1,2,0,1,1,1,1,,1.0,1.0
161,Teens,7,2,2,1,2,0,1,3,0,1,,1.0,0.0
161,Teens,7,2,2,2,2,0,3,1,0,3,,1.0,0.0
161,Teens,8,3,3,1,2,0,1,2,0,1,,0.0,0.0
161,Teens,8,3,3,3,3,1,3,3,1,3,1.0,,
161,Teens,8,3,3,2,1,0,2,1,0,2,,0.0,0.0
161,Teens,9,4,2,1,2,0,1,3,0,1,,1.0,0.0
161,Teens,9,4,2,3,2,0,3,2,0,3,,0.0,0.0
161,Teens,9,4,2,2,2,1,2,2,1,2,1.0,,
161,Teens,9,4,2,4,2,0,3,1,0,3,,1.0,0.0
161,Teens,10,5,3,2,2,0,1,1,1,1,,1.0,1.0
161,Teens,10,5,3,4,3,0,2,2,1,2,,1.0,1.0
161,Teens,10,5,3,1,1,1,1,1,1,1,1.0,,
161,Teens,10,5,3,5,2,0,3,3,1,3,,1.0,1.0
161,Teens,10,5,3,3,2,1,2,2,1,2,1.0,,
162,Teens,1,2,1,1,2,0,1,3,0,1,,1.0,0.0
162,Teens,1,2,1,2,3,1,3,3,1,3,1.0,,
162,Teens,2,3,1,2,3,0,1,2,0,1,,1.0,0.0
162,Teens,2,3,1,3,1,0,2,3,0,2,,1.0,0.0
162,Teens,2,3,1,1,2,0,1,3,0,1,,1.0,0.0
162,Teens,3,5,1,4,3,1,3,3,1,3,1.0,,
162,Teens,3,5,1,1,2,0,1,3,0,1,,1.0,0.0
162,Teens,3,5,1,2,3,0,2,1,0,2,,1.0,0.0
162,Teens,3,5,1,3,2,1,2,3,0,2,0.0,,
162,Teens,3,5,1,5,1,0,3,3,1,3,,1.0,1.0
162,Teens,4,4,1,1,2,0,1,3,0,1,,1.0,0.0
162,Teens,4,4,1,2,1,0,2,2,1,2,,1.0,1.0
162,Teens,4,4,1,4,2,0,3,2,0,3,,0.0,0.0
162,Teens,4,4,1,3,1,0,3,3,1,3,,1.0,1.0
162,Teens,5,3,2,1,2,0,1,1,1,1,,1.0,1.0
162,Teens,5,3,2,2,3,0,2,2,1,2,,1.0,1.0
162,Teens,5,3,2,3,1,0,3,1,0,3,,0.0,0.0
162,Teens,6,5,2,2,1,1,1,1,1,1,1.0,,
162,Teens,6,5,2,1,2,0,1,2,0,1,,0.0,0.0
162,Teens,6,5,2,4,3,0,2,3,0,2,,0.0,0.0
162,Teens,6,5,2,3,1,0,2,2,1,2,,1.0,1.0
162,Teens,6,5,2,5,3,1,3,2,0,3,0.0,,
162,Teens,7,2,2,1,3,0,2,1,0,2,,1.0,0.0
162,Teens,7,2,2,2,2,0,3,3,1,3,,1.0,1.0
162,Teens,8,3,3,3,3,1,3,3,1,3,1.0,,
162,Teens,8,3,3,2,3,0,2,3,0,2,,0.0,0.0
162,Teens,8,3,3,1,3,0,1,2,0,1,,1.0,0.0
162,Teens,9,5,3,4,3,1,3,3,1,3,1.0,,
162,Teens,9,5,3,1,2,0,1,3,0,1,,1.0,0.0
162,Teens,9,5,3,5,3,1,3,3,1,3,1.0,,
162,Teens,9,5,3,2,3,0,1,2,0,1,,1.0,0.0
162,Teens,9,5,3,3,3,0,2,2,1,2,,1.0,1.0
162,Teens,10,4,2,4,3,1,3,3,1,3,1.0,,
162,Teens,10,4,2,2,3,0,2,2,1,2,,1.0,1.0
162,Teens,10,4,2,3,3,0,2,1,0,2,,1.0,0.0
162,Teens,10,4,2,1,3,0,1,2,0,1,,1.0,0.0
163,Teens,1,2,1,1,2,1,2,2,1,2,1.0,,
163,Teens,1,2,1,2,3,1,3,3,1,3,1.0,,
163,Teens,2,3,1,2,2,1,2,2,1,2,1.0,,
163,Teens,2,3,1,3,2,1,2,2,1,2,1.0,,
163,Teens,2,3,1,1,1,1,1,1,1,1,1.0,,
163,Teens,3,5,1,3,3,0,2,2,1,2,,1.0,1.0
163,Teens,3,5,1,1,3,0,1,2,0,1,,1.0,0.0
163,Teens,3,5,1,2,1,1,1,1,1,1,1.0,,
163,Teens,3,5,1,4,3,1,3,3,1,3,1.0,,
163,Teens,3,5,1,5,2,0,3,1,0,3,,1.0,0.0
163,Teens,4,4,1,3,3,1,3,3,1,3,1.0,,
163,Teens,4,4,1,1,3,0,1,1,1,1,,1.0,1.0
163,Teens,4,4,1,4,2,0,3,2,0,3,,0.0,0.0
163,Teens,4,4,1,2,3,0,2,2,1,2,,1.0,1.0
163,Teens,5,3,2,3,1,0,3,3,1,3,,1.0,1.0
163,Teens,5,3,2,1,3,0,1,1,1,1,,1.0,1.0
163,Teens,5,3,2,2,2,1,2,2,1,2,1.0,,
163,Teens,6,5,2,2,1,1,1,1,1,1,1.0,,
163,Teens,6,5,2,1,2,0,1,3,0,1,,1.0,0.0
163,Teens,6,5,2,3,2,1,2,2,1,2,1.0,,
163,Teens,6,5,2,5,2,0,3,3,1,3,,1.0,1.0
163,Teens,6,5,2,4,1,0,2,2,1,2,,1.0,1.0
163,Teens,7,2,2,1,3,0,1,1,1,1,,1.0,1.0
163,Teens,7,2,2,2,1,0,3,2,0,3,,1.0,0.0
163,Teens,8,3,3,2,1,0,2,3,0,2,,1.0,0.0
163,Teens,8,3,3,1,1,1,1,1,1,1,1.0,,
163,Teens,8,3,3,3,3,1,3,3,1,3,1.0,,
163,Teens,9,5,3,4,2,0,3,1,0,3,,1.0,0.0
163,Teens,9,5,3,1,3,0,1,1,1,1,,1.0,1.0
163,Teens,9,5,3,2,1,0,2,2,1,2,,1.0,1.0
163,Teens,9,5,3,5,3,1,3,3,1,3,1.0,,
163,Teens,9,5,3,3,3,0,2,2,1,2,,1.0,1.0
163,Teens,10,4,2,2,3,0,1,1,1,1,,1.0,1.0
163,Teens,10,4,2,3,3,0,2,1,0,2,,1.0,0.0
163,Teens,10,4,2,1,3,0,1,2,0,1,,1.0,0.0
163,Teens,10,4,2,4,3,1,3,3,1,3,1.0,,
164,Teens,1,2,1,2,2,0,3,3,1,3,,1.0,1.0
164,Teens,1,2,1,1,1,1,1,1,1,1,1.0,,
164,Teens,2,3,1,2,3,0,1,1,1,1,,1.0,1.0
164,Teens,2,3,1,3,3,0,2,2,1,2,,1.0,1.0
164,Teens,2,3,1,1,2,0,1,2,0,1,,0.0,0.0
164,Teens,3,5,1,3,1,0,2,3,0,2,,1.0,0.0
164,Teens,3,5,1,1,3,0,1,2,0,1,,1.0,0.0
164,Teens,3,5,1,4,2,0,3,3,1,3,,1.0,1.0
164,Teens,3,5,1,2,1,0,2,3,0,2,,1.0,0.0
164,Teens,3,5,1,5,2,0,3,3,1,3,,1.0,1.0
164,Teens,4,4,1,4,1,0,3,2,0,3,,1.0,0.0
164,Teens,4,4,1,2,1,0,2,3,0,2,,1.0,0.0
164,Teens,4,4,1,3,1,0,3,2,0,3,,1.0,0.0
164,Teens,4,4,1,1,3,0,1,2,0,1,,1.0,0.0
164,Teens,5,3,2,3,3,1,3,3,1,3,1.0,,
164,Teens,5,3,2,2,1,0,2,2,1,2,,1.0,1.0
164,Teens,5,3,2,1,2,0,1,1,1,1,,1.0,1.0
164,Teens,6,5,2,3,1,0,2,3,0,2,,1.0,0.0
164,Teens,6,5,2,4,3,0,2,1,0,2,,1.0,0.0
164,Teens,6,5,2,2,2,0,1,1,1,1,,1.0,1.0
164,Teens,6,5,2,1,3,0,1,2,0,1,,1.0,0.0
164,Teens,6,5,2,5,2,0,3,3,1,3,,1.0,1.0
164,Teens,7,2,2,1,2,1,2,2,1,2,1.0,,
164,Teens,7,2,2,2,1,0,3,3,1,3,,1.0,1.0
164,Teens,8,3,3,3,1,0,3,3,1,3,,1.0,1.0
164,Teens,8,3,3,1,3,0,1,1,1,1,,1.0,1.0
164,Teens,8,3,3,2,2,1,2,1,0,2,0.0,,
164,Teens,9,5,3,3,3,0,2,2,1,2,,1.0,1.0
164,Teens,9,5,3,5,3,1,3,3,1,3,1.0,,
164,Teens,9,5,3,2,1,1,1,1,1,1,1.0,,
164,Teens,9,5,3,4,3,1,3,3,1,3,1.0,,
164,Teens,9,5,3,1,2,0,1,1,1,1,,1.0,1.0
164,Teens,10,4,2,4,1,0,3,2,0,3,,1.0,0.0
164,Teens,10,4,2,1,2,0,1,2,0,1,,0.0,0.0
164,Teens,10,4,2,2,3,0,2,1,0,2,,1.0,0.0
164,Teens,10,4,2,3,1,0,2,1,0,2,,0.0,0.0
165,Teens,1,2,1,1,1,1,1,1,1,1,1.0,,
165,Teens,1,2,1,2,3,0,2,2,1,2,,1.0,1.0
165,Teens,2,3,1,2,3,0,2,1,0,2,,1.0,0.0
165,Teens,2,3,1,1,2,1,2,2,1,2,1.0,,
165,Teens,2,3,1,3,1,0,3,2,0,3,,1.0,0.0
165,Teens,3,4,1,4,3,1,3,3,1,3,1.0,,
165,Teens,3,4,1,1,2,0,1,3,0,1,,1.0,0.0
165,Teens,3,4,1,2,3,0,1,1,1,1,,1.0,1.0
165,Teens,3,4,1,3,1,0,2,2,1,2,,1.0,1.0
165,Teens,4,5,1,4,2,0,3,3,1,3,,1.0,1.0
165,Teens,4,5,1,3,1,0,2,2,1,2,,1.0,1.0
165,Teens,4,5,1,2,3,0,1,3,0,1,,0.0,0.0
165,Teens,4,5,1,1,2,0,1,1,1,1,,1.0,1.0
165,Teens,4,5,1,5,1,0,3,2,0,3,,1.0,0.0
165,Teens,5,3,2,1,3,0,1,1,1,1,,1.0,1.0
165,Teens,5,3,2,2,1,0,2,2,1,2,,1.0,1.0
165,Teens,5,3,2,3,1,0,3,3,1,3,,1.0,1.0
165,Teens,6,5,2,1,1,1,1,1,1,1,1.0,,
165,Teens,6,5,2,4,3,1,3,3,1,3,1.0,,
165,Teens,6,5,2,5,2,0,3,3,1,3,,1.0,1.0
165,Teens,6,5,2,2,2,1,2,3,0,2,0.0,,
165,Teens,6,5,2,3,3,0,2,1,0,2,,1.0,0.0
165,Teens,7,2,2,1,2,0,1,1,1,1,,1.0,1.0
165,Teens,7,2,2,2,2,0,3,3,1,3,,1.0,1.0
165,Teens,8,3,3,3,1,0,3,3,1,3,,1.0,1.0
165,Teens,8,3,3,2,3,0,2,2,1,2,,1.0,1.0
165,Teens,8,3,3,1,2,0,1,3,0,1,,1.0,0.0
165,Teens,9,4,2,1,1,1,1,1,1,1,1.0,,
165,Teens,9,4,2,4,3,1,3,3,1,3,1.0,,
165,Teens,9,4,2,2,2,1,2,2,1,2,1.0,,
165,Teens,9,4,2,3,2,0,3,3,1,3,,1.0,1.0
165,Teens,10,5,3,2,3,0,1,2,0,1,,1.0,0.0
165,Teens,10,5,3,1,3,0,1,3,0,1,,0.0,0.0
165,Teens,10,5,3,4,3,0,2,2,1,2,,1.0,1.0
165,Teens,10,5,3,3,3,0,2,2,1,2,,1.0,1.0
165,Teens,10,5,3,5,1,0,3,2,0,3,,1.0,0.0
166,Teens,1,2,1,1,3,0,2,1,0,2,,1.0,0.0
166,Teens,1,2,1,2,2,0,3,1,0,3,,1.0,0.0
166,Teens,2,3,1,2,1,0,3,2,0,3,,1.0,0.0
166,Teens,2,3,1,1,3,0,1,1,1,1,,1.0,1.0
166,Teens,2,3,1,3,2,0,3,3,1,3,,1.0,1.0
166,Teens,3,4,1,4,3,1,3,3,1,3,1.0,,
166,Teens,3,4,1,1,1,1,1,1,1,1,1.0,,
166,Teens,3,4,1,2,2,1,2,1,0,2,0.0,,
166,Teens,3,4,1,3,3,0,2,2,1,2,,1.0,1.0
166,Teens,4,5,1,2,2,0,1,3,0,1,,1.0,0.0
166,Teens,4,5,1,3,3,0,2,3,0,2,,0.0,0.0
166,Teens,4,5,1,5,1,0,3,2,0,3,,1.0,0.0
166,Teens,4,5,1,1,3,0,1,1,1,1,,1.0,1.0
166,Teens,4,5,1,4,2,1,2,3,0,2,0.0,,
166,Teens,5,3,2,3,3,1,3,3,1,3,1.0,,
166,Teens,5,3,2,1,2,0,1,1,1,1,,1.0,1.0
166,Teens,5,3,2,2,1,0,2,2,1,2,,1.0,1.0
166,Teens,6,5,2,4,3,1,3,3,1,3,1.0,,
166,Teens,6,5,2,2,2,0,1,1,1,1,,1.0,1.0
166,Teens,6,5,2,1,1,1,1,3,0,1,0.0,,
166,Teens,6,5,2,5,2,0,3,1,0,3,,1.0,0.0
166,Teens,6,5,2,3,3,0,2,2,1,2,,1.0,1.0
166,Teens,7,2,2,1,3,0,1,2,0,1,,1.0,0.0
166,Teens,7,2,2,2,1,0,2,2,1,2,,1.0,1.0
166,Teens,8,3,3,3,3,1,3,3,1,3,1.0,,
166,Teens,8,3,3,1,2,0,1,1,1,1,,1.0,1.0
166,Teens,8,3,3,2,1,0,2,2,1,2,,1.0,1.0
166,Teens,9,4,2,3,2,1,2,2,1,2,1.0,,
166,Teens,9,4,2,4,2,0,3,2,0,3,,0.0,0.0
166,Teens,9,4,2,2,3,0,1,3,0,1,,0.0,0.0
166,Teens,9,4,2,1,1,1,1,1,1,1,1.0,,
166,Teens,10,5,3,4,3,1,3,3,1,3,1.0,,
166,Teens,10,5,3,2,1,0,2,2,1,2,,1.0,1.0
166,Teens,10,5,3,5,2,0,3,2,0,3,,0.0,0.0
166,Teens,10,5,3,3,2,1,2,2,1,2,1.0,,
166,Teens,10,5,3,1,1,1,1,2,0,1,0.0,,
167,Teens,1,2,1,1,3,0,1,1,1,1,,1.0,1.0
167,Teens,1,2,1,2,2,1,2,2,1,2,1.0,,
167,Teens,2,3,1,3,2,0,3,1,0,3,,1.0,0.0
167,Teens,2,3,1,2,2,1,2,3,0,2,0.0,,
167,Teens,2,3,1,1,1,0,2,2,1,2,,1.0,1.0
167,Teens,3,4,1,3,2,1,2,2,1,2,1.0,,
167,Teens,3,4,1,2,1,1,1,1,1,1,1.0,,
167,Teens,3,4,1,4,3,1,3,3,1,3,1.0,,
167,Teens,3,4,1,1,2,0,1,3,0,1,,1.0,0.0
167,Teens,4,5,1,1,2,0,1,3,0,1,,1.0,0.0
167,Teens,4,5,1,2,2,0,1,3,0,1,,1.0,0.0
167,Teens,4,5,1,3,2,1,2,2,1,2,1.0,,
167,Teens,4,5,1,5,1,0,3,1,0,3,,0.0,0.0
167,Teens,4,5,1,4,2,0,3,3,1,3,,1.0,1.0
167,Teens,5,3,2,1,2,0,1,3,0,1,,1.0,0.0
167,Teens,5,3,2,2,2,1,2,2,1,2,1.0,,
167,Teens,5,3,2,3,1,0,3,3,1,3,,1.0,1.0
167,Teens,6,5,2,2,2,1,2,2,1,2,1.0,,
167,Teens,6,5,2,1,2,0,1,1,1,1,,1.0,1.0
167,Teens,6,5,2,4,2,0,3,1,0,3,,1.0,0.0
167,Teens,6,5,2,5,2,0,3,3,1,3,,1.0,1.0
167,Teens,6,5,2,3,2,1,2,2,1,2,1.0,,
167,Teens,7,2,2,2,2,0,3,3,1,3,,1.0,1.0
167,Teens,7,2,2,1,2,0,1,1,1,1,,1.0,1.0
167,Teens,8,3,3,1,2,0,1,1,1,1,,1.0,1.0
167,Teens,8,3,3,3,2,0,3,3,1,3,,1.0,1.0
167,Teens,8,3,3,2,2,1,2,2,1,2,1.0,,
167,Teens,9,4,2,1,2,0,1,1,1,1,,1.0,1.0
167,Teens,9,4,2,3,2,0,3,1,0,3,,1.0,0.0
167,Teens,9,4,2,4,2,0,3,1,0,3,,1.0,0.0
167,Teens,9,4,2,2,2,1,2,2,1,2,1.0,,
167,Teens,10,5,3,3,2,1,2,2,1,2,1.0,,
167,Teens,10,5,3,2,1,1,1,1,1,1,1.0,,
167,Teens,10,5,3,5,3,1,3,3,1,3,1.0,,
167,Teens,10,5,3,1,2,0,1,1,1,1,,1.0,1.0
167,Teens,10,5,3,4,3,0,2,1,0,2,,1.0,0.0
168,Teens,1,2,1,2,3,0,2,2,1,2,,1.0,1.0
168,Teens,1,2,1,1,1,1,1,1,1,1,1.0,,
168,Teens,2,4,1,3,1,0,2,3,0,2,,1.0,0.0
168,Teens,2,4,1,4,3,1,3,3,1,3,1.0,,
168,Teens,2,4,1,2,2,1,2,2,1,2,1.0,,
168,Teens,2,4,1,1,1,1,1,1,1,1,1.0,,
168,Teens,3,3,1,2,3,0,1,2,0,1,,1.0,0.0
168,Teens,3,3,1,3,1,0,3,2,0,3,,1.0,0.0
168,Teens,3,3,1,1,2,0,1,3,0,1,,1.0,0.0
168,Teens,4,5,1,3,1,0,2,2,1,2,,1.0,1.0
168,Teens,4,5,1,5,3,1,3,3,1,3,1.0,,
168,Teens,4,5,1,1,1,1,1,1,1,1,1.0,,
168,Teens,4,5,1,4,2,0,3,1,0,3,,1.0,0.0
168,Teens,4,5,1,2,3,0,2,3,0,2,,0.0,0.0
168,Teens,5,3,2,1,1,1,1,1,1,1,1.0,,
168,Teens,5,3,2,2,3,0,2,2,1,2,,1.0,1.0
168,Teens,5,3,2,3,2,0,3,3,1,3,,1.0,1.0
168,Teens,6,5,2,2,3,0,1,1,1,1,,1.0,1.0
168,Teens,6,5,2,5,2,0,3,2,0,3,,0.0,0.0
168,Teens,6,5,2,4,1,0,3,2,0,3,,1.0,0.0
168,Teens,6,5,2,3,3,0,2,3,0,2,,0.0,0.0
168,Teens,6,5,2,1,1,1,1,1,1,1,1.0,,
168,Teens,7,2,2,2,3,1,3,3,1,3,1.0,,
168,Teens,7,2,2,1,1,0,2,2,1,2,,1.0,1.0
168,Teens,8,4,2,1,3,0,1,1,1,1,,1.0,1.0
168,Teens,8,4,2,3,1,0,3,3,1,3,,1.0,1.0
168,Teens,8,4,2,2,2,1,2,2,1,2,1.0,,
168,Teens,8,4,2,4,3,1,3,3,1,3,1.0,,
168,Teens,9,3,3,1,1,1,1,1,1,1,1.0,,
168,Teens,9,3,3,3,3,1,3,3,1,3,1.0,,
168,Teens,9,3,3,2,2,1,2,2,1,2,1.0,,
168,Teens,10,5,3,4,1,0,2,1,0,2,,0.0,0.0
168,Teens,10,5,3,1,3,0,1,3,0,1,,0.0,0.0
168,Teens,10,5,3,5,1,0,3,2,0,3,,1.0,0.0
168,Teens,10,5,3,3,1,0,2,2,1,2,,1.0,1.0
168,Teens,10,5,3,2,1,1,1,1,1,1,1.0,,
169,Teens,1,2,1,2,2,1,2,1,0,2,0.0,,
169,Teens,1,2,1,1,1,1,1,2,0,1,0.0,,
169,Teens,2,3,1,2,2,0,1,1,1,1,,1.0,1.0
169,Teens,2,3,1,3,1,0,3,1,0,3,,0.0,0.0
169,Teens,2,3,1,1,3,0,1,2,0,1,,1.0,0.0
169,Teens,3,4,1,3,1,0,2,3,0,2,,1.0,0.0
169,Teens,3,4,1,1,2,0,1,3,0,1,,1.0,0.0
169,Teens,3,4,1,4,1,0,3,2,0,3,,1.0,0.0
169,Teens,3,4,1,2,1,0,2,2,1,2,,1.0,1.0
169,Teens,4,5,1,1,1,1,1,1,1,1,1.0,,
169,Teens,4,5,1,5,2,0,3,2,0,3,,0.0,0.0
169,Teens,4,5,1,4,1,0,3,2,0,3,,1.0,0.0
169,Teens,4,5,1,3,1,0,2,3,0,2,,1.0,0.0
169,Teens,4,5,1,2,1,0,2,1,0,2,,0.0,0.0
169,Teens,5,3,2,1,1,1,1,1,1,1,1.0,,
169,Teens,5,3,2,3,2,0,3,3,1,3,,1.0,1.0
169,Teens,5,3,2,2,3,0,2,2,1,2,,1.0,1.0
169,Teens,6,5,2,1,1,1,1,1,1,1,1.0,,
169,Teens,6,5,2,4,1,0,3,3,1,3,,1.0,1.0
169,Teens,6,5,2,5,2,0,3,3,1,3,,1.0,1.0
169,Teens,6,5,2,2,3,0,1,2,0,1,,1.0,0.0
169,Teens,6,5,2,3,3,0,2,3,0,2,,0.0,0.0
169,Teens,7,2,2,1,1,0,2,2,1,2,,1.0,1.0
169,Teens,7,2,2,2,3,1,3,3,1,3,1.0,,
169,Teens,8,3,3,2,1,0,2,2,1,2,,1.0,1.0
169,Teens,8,3,3,1,2,0,1,1,1,1,,1.0,1.0
169,Teens,8,3,3,3,3,1,3,3,1,3,1.0,,
169,Teens,9,4,2,3,1,0,3,3,1,3,,1.0,1.0
169,Teens,9,4,2,1,2,0,1,3,0,1,,1.0,0.0
169,Teens,9,4,2,2,1,0,2,3,0,2,,1.0,0.0
169,Teens,9,4,2,4,1,0,3,3,1,3,,1.0,1.0
169,Teens,10,5,3,4,1,0,2,2,1,2,,1.0,1.0
169,Teens,10,5,3,1,3,0,1,3,0,1,,0.0,0.0
169,Teens,10,5,3,5,1,0,3,2,0,3,,1.0,0.0
169,Teens,10,5,3,3,1,0,2,2,1,2,,1.0,1.0
169,Teens,10,5,3,2,1,1,1,1,1,1,1.0,,
170,Teens,1,2,1,2,2,1,2,2,1,2,1.0,,
170,Teens,1,2,1,1,3,0,1,1,1,1,,1.0,1.0
170,Teens,2,3,1,2,2,0,1,2,0,1,,0.0,0.0
170,Teens,2,3,1,1,1,1,1,1,1,1,1.0,,
170,Teens,2,3,1,3,3,1,3,3,1,3,1.0,,
170,Teens,3,4,1,2,3,0,2,2,1,2,,1.0,1.0
170,Teens,3,4,1,3,1,0,2,1,0,2,,0.0,0.0
170,Teens,3,4,1,4,2,0,3,3,1,3,,1.0,1.0
170,Teens,4,5,1,5,2,0,3,1,0,3,,1.0,0.0
170,Teens,4,5,1,2,2,1,2,2,1,2,1.0,,
170,Teens,4,5,1,3,2,1,2,2,1,2,1.0,,
170,Teens,4,5,1,4,2,0,3,1,0,3,,1.0,0.0
170,Teens,4,5,1,1,2,0,1,3,0,1,,1.0,0.0
170,Teens,5,3,2,2,2,1,2,2,1,2,1.0,,
170,Teens,5,3,2,1,1,1,1,1,1,1,1.0,,
170,Teens,5,3,2,3,3,1,3,3,1,3,1.0,,
170,Teens,6,5,2,5,2,0,3,3,1,3,,1.0,1.0
170,Teens,6,5,2,1,1,1,1,1,1,1,1.0,,
170,Teens,6,5,2,4,1,0,3,2,0,3,,1.0,0.0
170,Teens,6,5,2,3,3,0,2,2,1,2,,1.0,1.0
170,Teens,6,5,2,2,1,1,1,1,1,1,1.0,,
170,Teens,7,2,2,1,2,1,2,2,1,2,1.0,,
170,Teens,7,2,2,2,1,0,3,3,1,3,,1.0,1.0
170,Teens,8,3,3,1,2,0,1,1,1,1,,1.0,1.0
170,Teens,8,3,3,2,2,1,2,2,1,2,1.0,,
170,Teens,8,3,3,3,1,0,3,3,1,3,,1.0,1.0
170,Teens,9,4,2,2,2,1,2,2,1,2,1.0,,
170,Teens,9,4,2,1,1,1,1,1,1,1,1.0,,
170,Teens,9,4,2,3,3,1,3,3,1,3,1.0,,
170,Teens,9,4,2,4,1,0,3,3,1,3,,1.0,1.0
170,Teens,10,5,3,2,2,0,1,1,1,1,,1.0,1.0
170,Teens,10,5,3,3,1,0,2,3,0,2,,1.0,0.0
170,Teens,10,5,3,5,2,0,3,1,0,3,,1.0,0.0
170,Teens,10,5,3,1,2,0,1,1,1,1,,1.0,1.0
170,Teens,10,5,3,4,2,1,2,2,1,2,1.0,,
171,Teens,1,2,1,2,3,0,2,2,1,2,,1.0,1.0
171,Teens,1,2,1,1,1,1,1,1,1,1,1.0,,
171,Teens,2,3,1,2,2,1,2,2,1,2,1.0,,
171,Teens,2,3,1,1,3,0,2,1,0,2,,1.0,0.0
171,Teens,2,3,1,3,1,0,3,3,1,3,,1.0,1.0
171,Teens,3,4,1,4,3,1,3,1,0,3,0.0,,
171,Teens,3,4,1,2,1,1,1,2,0,1,0.0,,
171,Teens,3,4,1,3,2,1,2,2,1,2,1.0,,
171,Teens,3,4,1,1,3,0,1,1,1,1,,1.0,1.0
171,Teens,4,5,1,2,3,0,1,3,0,1,,0.0,0.0
171,Teens,4,5,1,3,2,1,2,2,1,2,1.0,,
171,Teens,4,5,1,1,3,0,1,1,1,1,,1.0,1.0
171,Teens,4,5,1,4,1,0,3,1,0,3,,0.0,0.0
171,Teens,4,5,1,5,2,0,3,2,0,3,,0.0,0.0
171,Teens,5,3,2,2,2,1,2,2,1,2,1.0,,
171,Teens,5,3,2,3,3,1,3,2,0,3,0.0,,
171,Teens,5,3,2,1,2,0,1,1,1,1,,1.0,1.0
171,Teens,6,5,2,2,2,1,2,3,0,2,0.0,,
171,Teens,6,5,2,3,3,0,2,3,0,2,,0.0,0.0
171,Teens,6,5,2,4,3,1,3,2,0,3,0.0,,
171,Teens,6,5,2,5,3,1,3,3,1,3,1.0,,
171,Teens,6,5,2,1,3,0,1,3,0,1,,0.0,0.0
171,Teens,7,2,2,1,2,0,1,3,0,1,,1.0,0.0
171,Teens,7,2,2,2,2,0,3,1,0,3,,1.0,0.0
171,Teens,8,3,3,1,3,0,1,2,0,1,,1.0,0.0
171,Teens,8,3,3,3,3,1,3,3,1,3,1.0,,
171,Teens,8,3,3,2,3,0,2,2,1,2,,1.0,1.0
171,Teens,9,4,2,1,3,0,1,2,0,1,,1.0,0.0
171,Teens,9,4,2,3,3,1,3,3,1,3,1.0,,
171,Teens,9,4,2,2,3,0,2,2,1,2,,1.0,1.0
171,Teens,9,4,2,4,3,1,3,3,1,3,1.0,,
171,Teens,10,5,3,2,3,0,1,2,0,1,,1.0,0.0
171,Teens,10,5,3,4,3,0,2,1,0,2,,1.0,0.0
171,Teens,10,5,3,1,3,0,1,2,0,1,,1.0,0.0
171,Teens,10,5,3,5,3,1,3,3,1,3,1.0,,
171,Teens,10,5,3,3,3,0,2,2,1,2,,1.0,1.0
172,Teens,1,2,1,1,1,1,1,1,1,1,1.0,,
172,Teens,1,2,1,2,2,0,3,3,1,3,,1.0,1.0
172,Teens,2,3,1,2,1,1,1,1,1,1,1.0,,
172,Teens,2,3,1,3,2,1,2,2,1,2,1.0,,
172,Teens,2,3,1,1,3,0,1,2,0,1,,1.0,0.0
172,Teens,3,5,1,4,3,1,3,3,1,3,1.0,,
172,Teens,3,5,1,1,2,0,1,3,0,1,,1.0,0.0
172,Teens,3,5,1,2,1,0,2,2,1,2,,1.0,1.0
172,Teens,3,5,1,3,2,1,2,1,0,2,0.0,,
172,Teens,3,5,1,5,1,0,3,3,1,3,,1.0,1.0
172,Teens,4,4,1,1,1,1,1,1,1,1,1.0,,
172,Teens,4,4,1,2,2,1,2,1,0,2,0.0,,
172,Teens,4,4,1,4,3,1,3,3,1,3,1.0,,
172,Teens,4,4,1,3,2,0,3,3,1,3,,1.0,1.0
172,Teens,5,3,2,1,1,1,1,1,1,1,1.0,,
172,Teens,5,3,2,2,2,1,2,2,1,2,1.0,,
172,Teens,5,3,2,3,3,1,3,3,1,3,1.0,,
172,Teens,6,5,2,2,1,1,1,3,0,1,0.0,,
172,Teens,6,5,2,1,2,0,1,2,0,1,,0.0,0.0
172,Teens,6,5,2,4,3,0,2,1,0,2,,1.0,0.0
172,Teens,6,5,2,3,1,0,2,2,1,2,,1.0,1.0
172,Teens,6,5,2,5,1,0,3,1,0,3,,0.0,0.0
172,Teens,7,2,2,1,1,0,2,2,1,2,,1.0,1.0
172,Teens,7,2,2,2,3,1,3,3,1,3,1.0,,
172,Teens,8,3,3,3,3,1,3,3,1,3,1.0,,
172,Teens,8,3,3,2,2,1,2,2,1,2,1.0,,
172,Teens,8,3,3,1,1,1,1,2,0,1,0.0,,
172,Teens,9,5,3,4,1,0,3,2,0,3,,1.0,0.0
172,Teens,9,5,3,1,2,0,1,1,1,1,,1.0,1.0
172,Teens,9,5,3,5,1,0,3,3,1,3,,1.0,1.0
172,Teens,9,5,3,2,2,0,1,2,0,1,,0.0,0.0
172,Teens,9,5,3,3,3,0,2,1,0,2,,1.0,0.0
172,Teens,10,4,2,4,1,0,3,3,1,3,,1.0,1.0
172,Teens,10,4,2,2,3,0,2,2,1,2,,1.0,1.0
172,Teens,10,4,2,3,2,1,2,2,1,2,1.0,,
172,Teens,10,4,2,1,1,1,1,1,1,1,1.0,,
173,Teens,1,2,1,1,3,0,2,1,0,2,,1.0,0.0
173,Teens,1,2,1,2,1,0,3,2,0,3,,1.0,0.0
173,Teens,2,3,1,2,3,0,2,3,0,2,,0.0,0.0
173,Teens,2,3,1,3,2,1,2,2,1,2,1.0,,
173,Teens,2,3,1,1,1,1,1,1,1,1,1.0,,
173,Teens,3,5,1,3,3,0,2,2,1,2,,1.0,1.0
173,Teens,3,5,1,1,2,0,1,3,0,1,,1.0,0.0
173,Teens,3,5,1,2,1,1,1,1,1,1,1.0,,
173,Teens,3,5,1,4,1,0,3,2,0,3,,1.0,0.0
173,Teens,3,5,1,5,3,1,3,3,1,3,1.0,,
173,Teens,4,4,1,3,3,1,3,3,1,3,1.0,,
173,Teens,4,4,1,1,3,0,1,1,1,1,,1.0,1.0
173,Teens,4,4,1,4,1,0,3,3,1,3,,1.0,1.0
173,Teens,4,4,1,2,2,1,2,2,1,2,1.0,,
173,Teens,5,3,2,3,3,1,3,3,1,3,1.0,,
173,Teens,5,3,2,1,2,0,1,1,1,1,,1.0,1.0
173,Teens,5,3,2,2,1,0,2,2,1,2,,1.0,1.0
173,Teens,6,5,2,2,3,0,1,3,0,1,,0.0,0.0
173,Teens,6,5,2,1,1,1,1,3,0,1,0.0,,
173,Teens,6,5,2,3,1,0,2,1,0,2,,0.0,0.0
173,Teens,6,5,2,5,3,1,3,3,1,3,1.0,,
173,Teens,6,5,2,4,2,1,2,2,1,2,1.0,,
173,Teens,7,2,2,2,2,0,3,3,1,3,,1.0,1.0
173,Teens,8,3,3,2,2,1,2,2,1,2,1.0,,
173,Teens,8,3,3,1,1,1,1,1,1,1,1.0,,
173,Teens,8,3,3,3,3,1,3,3,1,3,1.0,,
173,Teens,9,5,3,4,3,1,3,3,1,3,1.0,,
173,Teens,9,5,3,1,2,0,1,2,0,1,,0.0,0.0
173,Teens,9,5,3,2,1,0,2,3,0,2,,1.0,0.0
173,Teens,9,5,3,5,1,0,3,2,0,3,,1.0,0.0
173,Teens,9,5,3,3,3,0,2,3,0,2,,0.0,0.0
173,Teens,10,4,2,2,3,0,1,1,1,1,,1.0,1.0
173,Teens,10,4,2,3,3,0,2,1,0,2,,1.0,0.0
173,Teens,10,4,2,1,2,0,1,1,1,1,,1.0,1.0
173,Teens,10,4,2,4,3,1,3,2,0,3,0.0,,
174,Teens,1,2,1,2,2,0,3,3,1,3,,1.0,1.0
174,Teens,1,2,1,1,1,1,1,1,1,1,1.0,,
174,Teens,2,3,1,2,1,1,1,1,1,1,1.0,,
174,Teens,2,3,1,3,3,0,2,3,0,2,,0.0,0.0
174,Teens,2,3,1,1,2,0,1,3,0,1,,1.0,0.0
174,Teens,3,5,1,3,1,0,2,1,0,2,,0.0,0.0
174,Teens,3,5,1,1,3,0,1,3,0,1,,0.0,0.0
174,Teens,3,5,1,4,3,1,3,3,1,3,1.0,,
174,Teens,3,5,1,2,3,0,2,1,0,2,,1.0,0.0
174,Teens,3,5,1,5,3,1,3,2,0,3,0.0,,
174,Teens,4,4,1,4,3,1,3,3,1,3,1.0,,
174,Teens,4,4,1,2,1,0,2,1,0,2,,0.0,0.0
174,Teens,4,4,1,3,2,0,3,1,0,3,,1.0,0.0
174,Teens,4,4,1,1,2,0,1,3,0,1,,1.0,0.0
174,Teens,5,3,2,3,1,0,3,3,1,3,,1.0,1.0
174,Teens,5,3,2,2,2,1,2,2,1,2,1.0,,
174,Teens,5,3,2,1,1,1,1,1,1,1,1.0,,
174,Teens,6,5,2,3,2,1,2,1,0,2,0.0,,
174,Teens,6,5,2,4,1,0,2,2,1,2,,1.0,1.0
174,Teens,6,5,2,2,1,1,1,1,1,1,1.0,,
174,Teens,6,5,2,1,3,0,1,2,0,1,,1.0,0.0
174,Teens,6,5,2,5,2,0,3,1,0,3,,1.0,0.0
174,Teens,7,2,2,1,1,0,2,2,1,2,,1.0,1.0
174,Teens,7,2,2,2,1,0,3,2,0,3,,1.0,0.0
174,Teens,8,3,3,3,1,0,3,3,1,3,,1.0,1.0
174,Teens,8,3,3,1,1,1,1,1,1,1,1.0,,
174,Teens,8,3,3,2,2,1,2,2,1,2,1.0,,
174,Teens,9,5,3,3,1,0,2,2,1,2,,1.0,1.0
174,Teens,9,5,3,5,1,0,3,2,0,3,,1.0,0.0
174,Teens,9,5,3,2,1,1,1,1,1,1,1.0,,
174,Teens,9,5,3,4,1,0,3,1,0,3,,0.0,0.0
174,Teens,9,5,3,1,1,1,1,1,1,1,1.0,,
174,Teens,10,4,2,4,1,0,3,3,1,3,,1.0,1.0
174,Teens,10,4,2,1,1,1,1,1,1,1,1.0,,
174,Teens,10,4,2,2,1,0,2,3,0,2,,1.0,0.0
174,Teens,10,4,2,3,1,0,2,2,1,2,,1.0,1.0
175,Teens,1,2,1,1,1,1,1,1,1,1,1.0,,
175,Teens,1,2,1,2,2,1,2,2,1,2,1.0,,
175,Teens,2,3,1,2,3,0,2,1,0,2,,1.0,0.0
175,Teens,2,3,1,1,3,0,2,1,0,2,,1.0,0.0
175,Teens,2,3,1,3,3,1,3,3,1,3,1.0,,
175,Teens,3,4,1,4,3,1,3,3,1,3,1.0,,
175,Teens,3,4,1,1,1,1,1,1,1,1,1.0,,
175,Teens,3,4,1,2,2,0,1,2,0,1,,0.0,0.0
175,Teens,3,4,1,3,2,1,2,3,0,2,0.0,,
175,Teens,4,5,1,4,3,1,3,3,1,3,1.0,,
175,Teens,4,5,1,3,1,0,2,1,0,2,,0.0,0.0
175,Teens,4,5,1,2,3,0,1,1,1,1,,1.0,1.0
175,Teens,4,5,1,1,2,0,1,3,0,1,,1.0,0.0
175,Teens,4,5,1,5,3,1,3,3,1,3,1.0,,
175,Teens,5,3,2,1,3,0,1,1,1,1,,1.0,1.0
175,Teens,5,3,2,2,3,0,2,2,1,2,,1.0,1.0
175,Teens,5,3,2,3,3,1,3,3,1,3,1.0,,
175,Teens,6,5,2,1,3,0,1,1,1,1,,1.0,1.0
175,Teens,6,5,2,4,3,1,3,3,1,3,1.0,,
175,Teens,6,5,2,5,3,1,3,3,1,3,1.0,,
175,Teens,6,5,2,2,1,0,2,2,1,2,,1.0,1.0
175,Teens,6,5,2,3,2,1,2,1,0,2,0.0,,
175,Teens,7,2,2,1,2,0,1,1,1,1,,1.0,1.0
175,Teens,7,2,2,2,3,1,3,3,1,3,1.0,,
175,Teens,8,3,3,3,2,0,3,3,1,3,,1.0,1.0
175,Teens,8,3,3,2,2,1,2,2,1,2,1.0,,
175,Teens,8,3,3,1,1,1,1,1,1,1,1.0,,
175,Teens,9,4,2,1,3,0,1,1,1,1,,1.0,1.0
175,Teens,9,4,2,4,3,1,3,1,0,3,0.0,,
175,Teens,9,4,2,2,3,0,2,2,1,2,,1.0,1.0
175,Teens,9,4,2,3,3,1,3,3,1,3,1.0,,
175,Teens,10,5,3,2,3,0,1,2,0,1,,1.0,0.0
175,Teens,10,5,3,1,3,0,1,1,1,1,,1.0,1.0
175,Teens,10,5,3,4,3,0,2,1,0,2,,1.0,0.0
175,Teens,10,5,3,3,3,0,2,2,1,2,,1.0,1.0
175,Teens,10,5,3,5,3,1,3,3,1,3,1.0,,
176,Teens,1,2,1,1,2,1,2,2,1,2,1.0,,
176,Teens,1,2,1,2,2,0,3,1,0,3,,1.0,0.0
176,Teens,2,3,1,2,3,1,3,3,1,3,1.0,,
176,Teens,2,3,1,1,3,0,1,2,0,1,,1.0,0.0
176,Teens,2,3,1,3,1,0,3,3,1,3,,1.0,1.0
176,Teens,3,4,1,4,3,1,3,3,1,3,1.0,,
176,Teens,3,4,1,1,3,0,1,1,1,1,,1.0,1.0
176,Teens,3,4,1,2,1,0,2,3,0,2,,1.0,0.0
176,Teens,3,4,1,3,3,0,2,2,1,2,,1.0,1.0
176,Teens,4,5,1,2,3,0,1,2,0,1,,1.0,0.0
176,Teens,4,5,1,3,3,0,2,1,0,2,,1.0,0.0
176,Teens,4,5,1,5,3,1,3,3,1,3,1.0,,
176,Teens,4,5,1,1,3,0,1,2,0,1,,1.0,0.0
176,Teens,4,5,1,4,3,0,2,1,0,2,,1.0,0.0
176,Teens,5,3,2,3,2,0,3,3,1,3,,1.0,1.0
176,Teens,5,3,2,1,1,1,1,1,1,1,1.0,,
176,Teens,5,3,2,2,2,1,2,2,1,2,1.0,,
176,Teens,6,5,2,4,3,1,3,3,1,3,1.0,,
176,Teens,6,5,2,2,1,1,1,1,1,1,1.0,,
176,Teens,6,5,2,1,2,0,1,1,1,1,,1.0,1.0
176,Teens,6,5,2,5,3,1,3,3,1,3,1.0,,
176,Teens,6,5,2,3,3,0,2,1,0,2,,1.0,0.0
176,Teens,7,2,2,1,3,0,1,2,0,1,,1.0,0.0
176,Teens,7,2,2,2,2,1,2,2,1,2,1.0,,
176,Teens,8,3,3,3,3,1,3,3,1,3,1.0,,
176,Teens,8,3,3,1,1,1,1,1,1,1,1.0,,
176,Teens,8,3,3,2,2,1,2,2,1,2,1.0,,
176,Teens,9,4,2,3,2,1,2,2,1,2,1.0,,
176,Teens,9,4,2,4,1,0,3,3,1,3,,1.0,1.0
176,Teens,9,4,2,2,2,0,1,2,0,1,,0.0,0.0
176,Teens,9,4,2,1,1,1,1,1,1,1,1.0,,
176,Teens,10,5,3,4,3,1,3,3,1,3,1.0,,
176,Teens,10,5,3,2,1,0,2,1,0,2,,0.0,0.0
176,Teens,10,5,3,5,3,1,3,3,1,3,1.0,,
176,Teens,10,5,3,3,3,0,2,2,1,2,,1.0,1.0
176,Teens,10,5,3,1,3,0,1,1,1,1,,1.0,1.0
177,Teens,1,2,1,1,2,0,1,3,0,1,,1.0,0.0
177,Teens,1,2,1,2,1,0,2,3,0,2,,1.0,0.0
177,Teens,2,3,1,3,1,0,3,2,0,3,,1.0,0.0
177,Teens,2,3,1,2,2,1,2,2,1,2,1.0,,
177,Teens,2,3,1,1,1,0,2,3,0,2,,1.0,0.0
177,Teens,3,4,1,3,2,1,2,2,1,2,1.0,,
177,Teens,3,4,1,2,1,1,1,1,1,1,1.0,,
177,Teens,3,4,1,4,3,1,3,3,1,3,1.0,,
177,Teens,3,4,1,1,1,1,1,1,1,1,1.0,,
177,Teens,4,5,1,1,2,0,1,3,0,1,,1.0,0.0
177,Teens,4,5,1,2,1,1,1,1,1,1,1.0,,
177,Teens,4,5,1,3,2,1,2,2,1,2,1.0,,
177,Teens,4,5,1,5,3,1,3,2,0,3,0.0,,
177,Teens,4,5,1,4,2,0,3,1,0,3,,1.0,0.0
177,Teens,5,3,2,1,2,0,1,1,1,1,,1.0,1.0
177,Teens,5,3,2,2,3,0,2,1,0,2,,1.0,0.0
177,Teens,5,3,2,3,1,0,3,2,0,3,,1.0,0.0
177,Teens,6,5,2,2,1,0,2,2,1,2,,1.0,1.0
177,Teens,6,5,2,1,3,0,1,1,1,1,,1.0,1.0
177,Teens,6,5,2,4,2,0,3,3,1,3,,1.0,1.0
177,Teens,6,5,2,5,1,0,3,3,1,3,,1.0,1.0
177,Teens,6,5,2,3,2,1,2,2,1,2,1.0,,
177,Teens,7,2,2,2,2,0,3,3,1,3,,1.0,1.0
177,Teens,7,2,2,1,1,1,1,1,1,1,1.0,,
177,Teens,8,3,3,1,1,1,1,2,0,1,0.0,,
177,Teens,8,3,3,3,3,1,3,3,1,3,1.0,,
177,Teens,8,3,3,2,3,0,2,1,0,2,,1.0,0.0
177,Teens,9,4,2,1,2,0,1,3,0,1,,1.0,0.0
177,Teens,9,4,2,3,1,0,3,1,0,3,,0.0,0.0
177,Teens,9,4,2,4,2,0,3,2,0,3,,0.0,0.0
177,Teens,9,4,2,2,3,0,2,1,0,2,,1.0,0.0
177,Teens,10,5,3,3,1,0,2,2,1,2,,1.0,1.0
177,Teens,10,5,3,2,2,0,1,3,0,1,,1.0,0.0
177,Teens,10,5,3,5,3,1,3,2,0,3,0.0,,
177,Teens,10,5,3,1,2,0,1,1,1,1,,1.0,1.0
177,Teens,10,5,3,4,1,0,2,3,0,2,,1.0,0.0
178,Teens,1,2,1,2,3,0,2,2,1,2,,1.0,1.0
178,Teens,1,2,1,1,1,1,1,1,1,1,1.0,,
178,Teens,2,4,1,3,1,0,2,2,1,2,,1.0,1.0
178,Teens,2,4,1,4,2,0,3,3,1,3,,1.0,1.0
178,Teens,2,4,1,2,2,1,2,2,1,2,1.0,,
178,Teens,2,4,1,1,3,0,1,1,1,1,,1.0,1.0
178,Teens,3,3,1,2,2,0,1,1,1,1,,1.0,1.0
178,Teens,3,3,1,3,2,0,3,1,0,3,,1.0,0.0
178,Teens,3,3,1,1,2,0,1,3,0,1,,1.0,0.0
178,Teens,4,5,1,3,3,0,2,3,0,2,,0.0,0.0
178,Teens,4,5,1,5,3,1,3,1,0,3,0.0,,
178,Teens,4,5,1,1,1,1,1,1,1,1,1.0,,
178,Teens,4,5,1,4,3,1,3,3,1,3,1.0,,
178,Teens,4,5,1,2,2,1,2,2,1,2,1.0,,
178,Teens,5,3,2,1,2,0,1,2,0,1,,0.0,0.0
178,Teens,5,3,2,2,2,1,2,1,0,2,0.0,,
178,Teens,5,3,2,3,3,1,3,3,1,3,1.0,,
178,Teens,6,5,2,2,2,0,1,3,0,1,,1.0,0.0
178,Teens,6,5,2,5,2,0,3,3,1,3,,1.0,1.0
178,Teens,6,5,2,4,2,0,3,1,0,3,,1.0,0.0
178,Teens,6,5,2,3,2,1,2,2,1,2,1.0,,
178,Teens,6,5,2,1,2,0,1,3,0,1,,1.0,0.0
178,Teens,7,2,2,2,2,0,3,3,1,3,,1.0,1.0
178,Teens,7,2,2,1,2,1,2,2,1,2,1.0,,
178,Teens,8,4,2,1,2,0,1,1,1,1,,1.0,1.0
178,Teens,8,4,2,3,2,0,3,1,0,3,,1.0,0.0
178,Teens,8,4,2,2,2,1,2,2,1,2,1.0,,
178,Teens,8,4,2,4,2,0,3,3,1,3,,1.0,1.0
178,Teens,9,3,3,1,2,0,1,1,1,1,,1.0,1.0
178,Teens,9,3,3,3,2,0,3,3,1,3,,1.0,1.0
178,Teens,9,3,3,2,2,1,2,2,1,2,1.0,,
178,Teens,10,5,3,4,2,1,2,2,1,2,1.0,,
178,Teens,10,5,3,1,3,0,1,3,0,1,,0.0,0.0
178,Teens,10,5,3,5,2,0,3,1,0,3,,1.0,0.0
178,Teens,10,5,3,3,1,0,2,1,0,2,,0.0,0.0
178,Teens,10,5,3,2,3,0,1,2,0,1,,1.0,0.0
182,Teens,1,2,1,1,2,0,1,2,0,1,,0.0,0.0
182,Teens,1,2,1,2,1,0,3,3,1,3,,1.0,1.0
182,Teens,2,3,1,2,3,0,1,2,0,1,,1.0,0.0
182,Teens,2,3,1,3,1,0,2,2,1,2,,1.0,1.0
182,Teens,2,3,1,1,2,0,1,1,1,1,,1.0,1.0
182,Teens,3,5,1,4,1,0,3,2,0,3,,1.0,0.0
182,Teens,3,5,1,1,2,0,1,1,1,1,,1.0,1.0
182,Teens,3,5,1,2,1,0,2,2,1,2,,1.0,1.0
182,Teens,3,5,1,3,1,0,2,1,0,2,,0.0,0.0
182,Teens,3,5,1,5,1,0,3,3,1,3,,1.0,1.0
182,Teens,4,4,1,1,1,1,1,1,1,1,1.0,,
182,Teens,4,4,1,2,2,1,2,2,1,2,1.0,,
182,Teens,4,4,1,4,3,1,3,3,1,3,1.0,,
182,Teens,4,4,1,3,1,0,3,3,1,3,,1.0,1.0
182,Teens,5,3,2,1,1,1,1,1,1,1,1.0,,
182,Teens,5,3,2,2,2,1,2,2,1,2,1.0,,
182,Teens,5,3,2,3,1,0,3,3,1,3,,1.0,1.0
182,Teens,6,5,2,2,2,0,1,2,0,1,,0.0,0.0
182,Teens,6,5,2,1,1,1,1,1,1,1,1.0,,
182,Teens,6,5,2,4,2,1,2,2,1,2,1.0,,
182,Teens,6,5,2,3,3,0,2,1,0,2,,1.0,0.0
182,Teens,6,5,2,5,3,1,3,3,1,3,1.0,,
182,Teens,7,2,2,1,1,0,2,3,0,2,,1.0,0.0
182,Teens,7,2,2,2,2,0,3,1,0,3,,1.0,0.0
182,Teens,8,3,3,3,1,0,3,3,1,3,,1.0,1.0
182,Teens,8,3,3,2,2,1,2,2,1,2,1.0,,
182,Teens,8,3,3,1,1,1,1,1,1,1,1.0,,
182,Teens,9,5,3,4,2,0,3,2,0,3,,0.0,0.0
182,Teens,9,5,3,1,1,1,1,3,0,1,0.0,,
182,Teens,9,5,3,5,3,1,3,3,1,3,1.0,,
182,Teens,9,5,3,2,2,0,1,1,1,1,,1.0,1.0
182,Teens,9,5,3,3,3,0,2,2,1,2,,1.0,1.0
182,Teens,10,4,2,4,2,0,3,3,1,3,,1.0,1.0
182,Teens,10,4,2,2,1,0,2,2,1,2,,1.0,1.0
182,Teens,10,4,2,3,3,0,2,2,1,2,,1.0,1.0
182,Teens,10,4,2,1,2,0,1,1,1,1,,1.0,1.0
184,Teens,1,2,1,2,1,0,3,3,1,3,,1.0,1.0
184,Teens,1,2,1,1,1,1,1,1,1,1,1.0,,
184,Teens,2,3,1,2,3,0,1,2,0,1,,1.0,0.0
184,Teens,2,3,1,3,3,0,2,2,1,2,,1.0,1.0
184,Teens,2,3,1,1,3,0,1,1,1,1,,1.0,1.0
184,Teens,3,5,1,3,1,0,2,1,0,2,,0.0,0.0
184,Teens,3,5,1,1,2,0,1,3,0,1,,1.0,0.0
184,Teens,3,5,1,4,2,0,3,2,0,3,,0.0,0.0
184,Teens,3,5,1,2,3,0,2,2,1,2,,1.0,1.0
184,Teens,3,5,1,5,1,0,3,1,0,3,,0.0,0.0
184,Teens,4,4,1,4,2,0,3,3,1,3,,1.0,1.0
184,Teens,4,4,1,2,1,0,2,3,0,2,,1.0,0.0
184,Teens,4,4,1,3,2,0,3,2,0,3,,0.0,0.0
184,Teens,4,4,1,1,3,0,1,1,1,1,,1.0,1.0
184,Teens,5,3,2,3,3,1,3,3,1,3,1.0,,
184,Teens,5,3,2,2,3,0,2,2,1,2,,1.0,1.0
184,Teens,5,3,2,1,3,0,1,2,0,1,,1.0,0.0
184,Teens,6,5,2,3,3,0,2,1,0,2,,1.0,0.0
184,Teens,6,5,2,4,3,0,2,2,1,2,,1.0,1.0
184,Teens,6,5,2,2,3,0,1,2,0,1,,1.0,0.0
184,Teens,6,5,2,1,3,0,1,3,0,1,,0.0,0.0
184,Teens,6,5,2,5,3,1,3,3,1,3,1.0,,
184,Teens,7,2,2,1,3,0,2,2,1,2,,1.0,1.0
184,Teens,7,2,2,2,3,1,3,3,1,3,1.0,,
184,Teens,8,3,3,3,3,1,3,3,1,3,1.0,,
184,Teens,8,3,3,1,2,0,1,1,1,1,,1.0,1.0
184,Teens,8,3,3,2,2,1,2,2,1,2,1.0,,
184,Teens,9,5,3,3,3,0,2,2,1,2,,1.0,1.0
184,Teens,9,5,3,5,3,1,3,3,1,3,1.0,,
184,Teens,9,5,3,2,3,0,1,2,0,1,,1.0,0.0
184,Teens,9,5,3,4,3,1,3,3,1,3,1.0,,
184,Teens,9,5,3,1,3,0,1,2,0,1,,1.0,0.0
184,Teens,10,4,2,4,3,1,3,3,1,3,1.0,,
184,Teens,10,4,2,1,2,0,1,3,0,1,,1.0,0.0
184,Teens,10,4,2,2,3,0,2,2,1,2,,1.0,1.0
184,Teens,10,4,2,3,3,0,2,2,1,2,,1.0,1.0
185,Teens,1,2,1,1,3,0,1,1,1,1,,1.0,1.0
185,Teens,1,2,1,2,2,1,2,2,1,2,1.0,,
185,Teens,2,3,1,2,3,0,2,2,1,2,,1.0,1.0
185,Teens,2,3,1,1,1,0,2,2,1,2,,1.0,1.0
185,Teens,2,3,1,3,1,0,3,2,0,3,,1.0,0.0
185,Teens,3,4,1,4,3,1,3,3,1,3,1.0,,
185,Teens,3,4,1,1,3,0,1,3,0,1,,0.0,0.0
185,Teens,3,4,1,2,3,0,1,2,0,1,,1.0,0.0
185,Teens,3,4,1,3,3,0,2,2,1,2,,1.0,1.0
185,Teens,4,5,1,4,3,1,3,3,1,3,1.0,,
185,Teens,4,5,1,3,3,0,2,1,0,2,,1.0,0.0
185,Teens,4,5,1,2,3,0,1,2,0,1,,1.0,0.0
185,Teens,4,5,1,1,3,0,1,1,1,1,,1.0,1.0
185,Teens,4,5,1,5,1,0,3,1,0,3,,0.0,0.0
185,Teens,5,3,2,1,3,0,1,1,1,1,,1.0,1.0
185,Teens,5,3,2,2,3,0,2,1,0,2,,1.0,0.0
185,Teens,5,3,2,3,3,1,3,3,1,3,1.0,,
185,Teens,6,5,2,1,3,0,1,1,1,1,,1.0,1.0
185,Teens,6,5,2,4,3,1,3,3,1,3,1.0,,
185,Teens,6,5,2,5,3,1,3,3,1,3,1.0,,
185,Teens,6,5,2,2,3,0,2,1,0,2,,1.0,0.0
185,Teens,6,5,2,3,3,0,2,1,0,2,,1.0,0.0
185,Teens,7,2,2,1,3,0,1,2,0,1,,1.0,0.0
185,Teens,7,2,2,2,3,1,3,3,1,3,1.0,,
185,Teens,8,3,3,3,3,1,3,3,1,3,1.0,,
185,Teens,8,3,3,2,3,0,2,2,1,2,,1.0,1.0
185,Teens,8,3,3,1,3,0,1,1,1,1,,1.0,1.0
185,Teens,9,4,2,1,3,0,1,1,1,1,,1.0,1.0
185,Teens,9,4,2,4,3,1,3,3,1,3,1.0,,
185,Teens,9,4,2,2,3,0,2,2,1,2,,1.0,1.0
185,Teens,9,4,2,3,3,1,3,3,1,3,1.0,,
185,Teens,10,5,3,2,3,0,1,2,0,1,,1.0,0.0
185,Teens,10,5,3,1,3,0,1,2,0,1,,1.0,0.0
185,Teens,10,5,3,4,3,0,2,1,0,2,,1.0,0.0
185,Teens,10,5,3,3,3,0,2,2,1,2,,1.0,1.0
185,Teens,10,5,3,5,3,1,3,3,1,3,1.0,,
188,Teens,1,2,1,2,3,0,2,2,1,2,,1.0,1.0
188,Teens,1,2,1,1,2,0,1,1,1,1,,1.0,1.0
188,Teens,2,4,1,3,3,0,2,3,0,2,,0.0,0.0
188,Teens,2,4,1,4,2,0,3,2,0,3,,0.0,0.0
188,Teens,2,4,1,2,2,1,2,1,0,2,0.0,,
188,Teens,2,4,1,1,1,1,1,1,1,1,1.0,,
188,Teens,3,3,1,2,1,1,1,1,1,1,1.0,,
188,Teens,3,3,1,3,2,0,3,3,1,3,,1.0,1.0
188,Teens,3,3,1,1,1,1,1,1,1,1,1.0,,
188,Teens,4,5,1,3,2,1,2,2,1,2,1.0,,
188,Teens,4,5,1,5,1,0,3,3,1,3,,1.0,1.0
188,Teens,4,5,1,1,3,0,1,3,0,1,,0.0,0.0
188,Teens,4,5,1,4,1,0,3,2,0,3,,1.0,0.0
188,Teens,4,5,1,2,3,0,2,1,0,2,,1.0,0.0
188,Teens,5,3,2,1,3,0,1,1,1,1,,1.0,1.0
188,Teens,5,3,2,2,3,0,2,2,1,2,,1.0,1.0
188,Teens,5,3,2,3,3,1,3,3,1,3,1.0,,
188,Teens,6,5,2,2,1,1,1,1,1,1,1.0,,
188,Teens,6,5,2,5,1,0,3,3,1,3,,1.0,1.0
188,Teens,6,5,2,4,3,1,3,3,1,3,1.0,,
188,Teens,6,5,2,3,2,1,2,2,1,2,1.0,,
188,Teens,6,5,2,1,2,0,1,3,0,1,,1.0,0.0
188,Teens,7,2,2,2,1,0,3,3,1,3,,1.0,1.0
188,Teens,7,2,2,1,1,0,2,3,0,2,,1.0,0.0
188,Teens,8,4,2,1,3,0,1,2,0,1,,1.0,0.0
188,Teens,8,4,2,3,3,1,3,3,1,3,1.0,,
188,Teens,8,4,2,2,1,0,2,2,1,2,,1.0,1.0
188,Teens,8,4,2,4,1,0,3,2,0,3,,1.0,0.0
188,Teens,9,3,3,1,3,0,1,1,1,1,,1.0,1.0
188,Teens,9,3,3,3,3,1,3,3,1,3,1.0,,
188,Teens,9,3,3,2,1,0,2,2,1,2,,1.0,1.0
188,Teens,10,5,3,4,1,0,2,3,0,2,,1.0,0.0
188,Teens,10,5,3,1,1,1,1,1,1,1,1.0,,
188,Teens,10,5,3,5,2,0,3,3,1,3,,1.0,1.0
188,Teens,10,5,3,3,2,1,2,2,1,2,1.0,,
188,Teens,10,5,3,2,3,0,1,2,0,1,,1.0,0.0
189,Teens,1,2,1,2,3,0,2,1,0,2,,1.0,0.0
189,Teens,1,2,1,1,3,0,1,2,0,1,,1.0,0.0
189,Teens,2,3,1,2,3,0,1,2,0,1,,1.0,0.0
189,Teens,2,3,1,3,3,1,3,3,1,3,1.0,,
189,Teens,2,3,1,1,2,0,1,1,1,1,,1.0,1.0
189,Teens,3,4,1,3,2,1,2,2,1,2,1.0,,
189,Teens,3,4,1,1,1,1,1,2,0,1,0.0,,
189,Teens,3,4,1,4,3,1,3,1,0,3,0.0,,
189,Teens,3,4,1,2,2,1,2,2,1,2,1.0,,
189,Teens,4,5,1,1,1,1,1,3,0,1,0.0,,
189,Teens,4,5,1,5,3,1,3,1,0,3,0.0,,
189,Teens,4,5,1,4,2,0,3,2,0,3,,0.0,0.0
189,Teens,4,5,1,3,3,0,2,2,1,2,,1.0,1.0
189,Teens,4,5,1,2,3,0,2,1,0,2,,1.0,0.0
189,Teens,5,3,2,1,3,0,1,1,1,1,,1.0,1.0
189,Teens,5,3,2,3,1,0,3,3,1,3,,1.0,1.0
189,Teens,5,3,2,2,2,1,2,2,1,2,1.0,,
189,Teens,6,5,2,1,3,0,1,1,1,1,,1.0,1.0
189,Teens,6,5,2,4,1,0,3,2,0,3,,1.0,0.0
189,Teens,6,5,2,5,2,0,3,1,0,3,,1.0,0.0
189,Teens,6,5,2,2,2,0,1,2,0,1,,0.0,0.0
189,Teens,6,5,2,3,2,1,2,2,1,2,1.0,,
189,Teens,7,2,2,1,3,0,2,2,1,2,,1.0,1.0
189,Teens,7,2,2,2,1,0,3,3,1,3,,1.0,1.0
189,Teens,8,3,3,2,3,0,2,2,1,2,,1.0,1.0
189,Teens,8,3,3,1,3,0,1,1,1,1,,1.0,1.0
189,Teens,8,3,3,3,3,1,3,3,1,3,1.0,,
189,Teens,9,4,2,3,2,0,3,3,1,3,,1.0,1.0
189,Teens,9,4,2,1,2,0,1,1,1,1,,1.0,1.0
189,Teens,9,4,2,2,2,1,2,2,1,2,1.0,,
189,Teens,9,4,2,4,1,0,3,3,1,3,,1.0,1.0
189,Teens,10,5,3,4,1,0,2,2,1,2,,1.0,1.0
189,Teens,10,5,3,1,3,0,1,2,0,1,,1.0,0.0
189,Teens,10,5,3,5,3,1,3,3,1,3,1.0,,
189,Teens,10,5,3,3,3,0,2,1,0,2,,1.0,0.0
189,Teens,10,5,3,2,2,0,1,3,0,1,,1.0,0.0
190,Teens,1,2,1,2,1,0,2,2,1,2,,1.0,1.0
190,Teens,1,2,1,1,3,0,1,1,1,1,,1.0,1.0
190,Teens,2,3,1,2,2,0,1,1,1,1,,1.0,1.0
190,Teens,2,3,1,1,2,0,1,1,1,1,,1.0,1.0
190,Teens,2,3,1,3,2,0,3,1,0,3,,1.0,0.0
190,Teens,3,4,1,1,2,0,1,1,1,1,,1.0,1.0
190,Teens,3,4,1,2,2,1,2,2,1,2,1.0,,
190,Teens,3,4,1,3,2,1,2,2,1,2,1.0,,
190,Teens,3,4,1,4,2,0,3,1,0,3,,1.0,0.0
190,Teens,4,5,1,5,2,0,3,1,0,3,,1.0,0.0
190,Teens,4,5,1,2,2,1,2,2,1,2,1.0,,
190,Teens,4,5,1,3,2,1,2,2,1,2,1.0,,
190,Teens,4,5,1,4,2,0,3,1,0,3,,1.0,0.0
190,Teens,4,5,1,1,2,0,1,1,1,1,,1.0,1.0
190,Teens,5,3,2,2,2,1,2,2,1,2,1.0,,
190,Teens,5,3,2,1,2,0,1,1,1,1,,1.0,1.0
190,Teens,5,3,2,3,2,0,3,1,0,3,,1.0,0.0
190,Teens,6,5,2,5,2,0,3,1,0,3,,1.0,0.0
190,Teens,6,5,2,1,2,0,1,1,1,1,,1.0,1.0
190,Teens,6,5,2,4,2,0,3,1,0,3,,1.0,0.0
190,Teens,6,5,2,3,2,1,2,2,1,2,1.0,,
190,Teens,6,5,2,2,2,0,1,1,1,1,,1.0,1.0
190,Teens,7,2,2,1,1,0,2,2,1,2,,1.0,1.0
190,Teens,7,2,2,2,1,0,3,2,0,3,,1.0,0.0
190,Teens,8,3,3,1,2,0,1,1,1,1,,1.0,1.0
190,Teens,8,3,3,2,2,1,2,2,1,2,1.0,,
190,Teens,8,3,3,3,2,0,3,3,1,3,,1.0,1.0
190,Teens,9,4,2,2,2,1,2,2,1,2,1.0,,
190,Teens,9,4,2,1,2,0,1,1,1,1,,1.0,1.0
190,Teens,9,4,2,3,2,0,3,1,0,3,,1.0,0.0
190,Teens,9,4,2,4,2,0,3,1,0,3,,1.0,0.0
190,Teens,10,5,3,2,2,0,1,1,1,1,,1.0,1.0
190,Teens,10,5,3,3,2,1,2,2,1,2,1.0,,
190,Teens,10,5,3,5,2,0,3,3,1,3,,1.0,1.0
190,Teens,10,5,3,1,2,0,1,1,1,1,,1.0,1.0
190,Teens,10,5,3,4,2,1,2,2,1,2,1.0,,
191,Teens,1,2,1,2,2,1,2,1,0,2,0.0,,
191,Teens,1,2,1,1,3,0,1,1,1,1,,1.0,1.0
191,Teens,2,3,1,2,2,1,2,2,1,2,1.0,,
191,Teens,2,3,1,1,3,0,2,1,0,2,,1.0,0.0
191,Teens,2,3,1,3,3,1,3,3,1,3,1.0,,
191,Teens,3,4,1,4,2,0,3,1,0,3,,1.0,0.0
191,Teens,3,4,1,2,2,0,1,3,0,1,,1.0,0.0
191,Teens,3,4,1,3,2,1,2,2,1,2,1.0,,
191,Teens,3,4,1,1,3,0,1,2,0,1,,1.0,0.0
191,Teens,4,5,1,2,2,0,1,1,1,1,,1.0,1.0
191,Teens,4,5,1,3,2,1,2,2,1,2,1.0,,
191,Teens,4,5,1,1,2,0,1,3,0,1,,1.0,0.0
191,Teens,4,5,1,4,2,0,3,1,0,3,,1.0,0.0
191,Teens,4,5,1,5,2,0,3,3,1,3,,1.0,1.0
191,Teens,5,3,2,2,2,1,2,2,1,2,1.0,,
191,Teens,5,3,2,3,2,0,3,3,1,3,,1.0,1.0
191,Teens,5,3,2,1,2,0,1,3,0,1,,1.0,0.0
191,Teens,6,5,2,2,2,1,2,2,1,2,1.0,,
191,Teens,6,5,2,3,3,0,2,1,0,2,,1.0,0.0
191,Teens,6,5,2,4,3,1,3,1,0,3,0.0,,
191,Teens,6,5,2,5,3,1,3,1,0,3,0.0,,
191,Teens,6,5,2,1,1,1,1,1,1,1,1.0,,
191,Teens,7,2,2,1,2,0,1,3,0,1,,1.0,0.0
191,Teens,7,2,2,2,2,0,3,3,1,3,,1.0,1.0
191,Teens,8,3,3,1,2,0,1,3,0,1,,1.0,0.0
191,Teens,8,3,3,3,2,0,3,3,1,3,,1.0,1.0
191,Teens,8,3,3,2,2,1,2,2,1,2,1.0,,
191,Teens,9,4,2,1,1,1,1,2,0,1,0.0,,
191,Teens,9,4,2,3,3,1,3,3,1,3,1.0,,
191,Teens,9,4,2,2,2,1,2,2,1,2,1.0,,
191,Teens,9,4,2,4,1,0,3,3,1,3,,1.0,1.0
191,Teens,10,5,3,2,2,0,1,3,0,1,,1.0,0.0
191,Teens,10,5,3,4,2,1,2,2,1,2,1.0,,
191,Teens,10,5,3,1,2,0,1,1,1,1,,1.0,1.0
191,Teens,10,5,3,5,1,0,3,3,1,3,,1.0,1.0
191,Teens,10,5,3,3,1,0,2,3,0,2,,1.0,0.0
193,Teens,1,2,1,1,1,0,2,2,1,2,,1.0,1.0
193,Teens,1,2,1,2,3,1,3,3,1,3,1.0,,
193,Teens,2,3,1,2,1,0,2,3,0,2,,1.0,0.0
193,Teens,2,3,1,3,2,1,2,2,1,2,1.0,,
193,Teens,2,3,1,1,3,0,1,1,1,1,,1.0,1.0
193,Teens,3,5,1,3,3,0,2,2,1,2,,1.0,1.0
193,Teens,3,5,1,1,2,0,1,2,0,1,,0.0,0.0
193,Teens,3,5,1,2,1,1,1,1,1,1,1.0,,
193,Teens,3,5,1,4,1,0,3,3,1,3,,1.0,1.0
193,Teens,3,5,1,5,3,1,3,1,0,3,0.0,,
193,Teens,4,4,1,3,1,0,3,2,0,3,,1.0,0.0
193,Teens,4,4,1,1,2,0,1,1,1,1,,1.0,1.0
193,Teens,4,4,1,4,2,0,3,3,1,3,,1.0,1.0
193,Teens,4,4,1,2,3,0,2,2,1,2,,1.0,1.0
193,Teens,5,3,2,3,2,0,3,1,0,3,,1.0,0.0
193,Teens,5,3,2,1,3,0,1,1,1,1,,1.0,1.0
193,Teens,5,3,2,2,3,0,2,1,0,2,,1.0,0.0
193,Teens,6,5,2,2,3,0,1,1,1,1,,1.0,1.0
193,Teens,6,5,2,1,1,1,1,2,0,1,0.0,,
193,Teens,6,5,2,3,2,1,2,2,1,2,1.0,,
193,Teens,6,5,2,5,3,1,3,3,1,3,1.0,,
193,Teens,6,5,2,4,1,0,2,2,1,2,,1.0,1.0
193,Teens,7,2,2,1,1,1,1,1,1,1,1.0,,
193,Teens,7,2,2,2,3,1,3,3,1,3,1.0,,
193,Teens,8,3,3,2,1,0,2,3,0,2,,1.0,0.0
193,Teens,8,3,3,1,3,0,1,3,0,1,,0.0,0.0
193,Teens,8,3,3,3,1,0,3,3,1,3,,1.0,1.0
193,Teens,9,5,3,4,1,0,3,3,1,3,,1.0,1.0
193,Teens,9,5,3,1,1,1,1,1,1,1,1.0,,
193,Teens,9,5,3,2,1,0,2,3,0,2,,1.0,0.0
193,Teens,9,5,3,5,1,0,3,3,1,3,,1.0,1.0
193,Teens,9,5,3,3,1,0,2,3,0,2,,1.0,0.0
193,Teens,10,4,2,2,1,1,1,1,1,1,1.0,,
193,Teens,10,4,2,3,1,0,2,3,0,2,,1.0,0.0
193,Teens,10,4,2,1,1,1,1,1,1,1,1.0,,
193,Teens,10,4,2,4,1,0,3,2,0,3,,1.0,0.0
194,Teens,1,2,1,1,2,0,1,3,0,1,,1.0,0.0
194,Teens,2,3,1,2,2,0,1,1,1,1,,1.0,1.0
194,Teens,2,3,1,3,2,1,2,2,1,2,1.0,,
194,Teens,2,3,1,1,3,0,1,3,0,1,,0.0,0.0
194,Teens,3,5,1,1,3,0,1,1,1,1,,1.0,1.0
194,Teens,3,5,1,4,1,0,3,2,0,3,,1.0,0.0
194,Teens,3,5,1,2,2,1,2,2,1,2,1.0,,
194,Teens,3,5,1,5,3,1,3,3,1,3,1.0,,
194,Teens,4,4,1,4,3,1,3,3,1,3,1.0,,
194,Teens,4,4,1,2,2,1,2,2,1,2,1.0,,
194,Teens,4,4,1,3,2,0,3,1,0,3,,1.0,0.0
194,Teens,4,4,1,1,1,1,1,1,1,1,1.0,,
194,Teens,5,3,2,3,3,1,3,3,1,3,1.0,,
194,Teens,5,3,2,2,2,1,2,2,1,2,1.0,,
194,Teens,5,3,2,1,1,1,1,1,1,1,1.0,,
194,Teens,6,5,2,3,1,0,2,1,0,2,,0.0,0.0
194,Teens,6,5,2,4,2,1,2,2,1,2,1.0,,
194,Teens,6,5,2,2,3,0,1,2,0,1,,1.0,0.0
194,Teens,6,5,2,1,3,0,1,1,1,1,,1.0,1.0
194,Teens,6,5,2,5,2,0,3,3,1,3,,1.0,1.0
194,Teens,7,2,2,1,2,1,2,2,1,2,1.0,,
194,Teens,7,2,2,2,3,1,3,3,1,3,1.0,,
194,Teens,8,3,3,3,1,0,3,2,0,3,,1.0,0.0
194,Teens,8,3,3,1,2,0,1,3,0,1,,1.0,0.0
194,Teens,8,3,3,2,3,0,2,2,1,2,,1.0,1.0
194,Teens,9,5,3,3,2,1,2,2,1,2,1.0,,
194,Teens,9,5,3,5,3,1,3,3,1,3,1.0,,
194,Teens,9,5,3,2,1,1,1,2,0,1,0.0,,
194,Teens,9,5,3,4,3,1,3,3,1,3,1.0,,
194,Teens,9,5,3,1,1,1,1,1,1,1,1.0,,
194,Teens,10,4,2,4,3,1,3,3,1,3,1.0,,
194,Teens,10,4,2,1,1,1,1,1,1,1,1.0,,
194,Teens,10,4,2,2,2,1,2,2,1,2,1.0,,
194,Teens,10,4,2,3,3,0,2,2,1,2,,1.0,1.0
195,Teens,1,2,1,1,3,0,1,2,0,1,,1.0,0.0
195,Teens,1,2,1,2,1,0,2,2,1,2,,1.0,1.0
195,Teens,2,3,1,2,2,1,2,1,0,2,0.0,,
195,Teens,2,3,1,1,3,0,2,2,1,2,,1.0,1.0
195,Teens,2,3,1,3,3,1,3,3,1,3,1.0,,
195,Teens,3,4,1,4,2,0,3,2,0,3,,0.0,0.0
195,Teens,3,4,1,1,3,0,1,1,1,1,,1.0,1.0
195,Teens,3,4,1,2,3,0,1,3,0,1,,0.0,0.0
195,Teens,3,4,1,3,1,0,2,3,0,2,,1.0,0.0
195,Teens,4,5,1,4,3,1,3,3,1,3,1.0,,
195,Teens,4,5,1,3,3,0,2,2,1,2,,1.0,1.0
195,Teens,4,5,1,2,2,0,1,3,0,1,,1.0,0.0
195,Teens,4,5,1,1,1,1,1,1,1,1,1.0,,
195,Teens,4,5,1,5,3,1,3,1,0,3,0.0,,
195,Teens,5,3,2,1,2,0,1,3,0,1,,1.0,0.0
195,Teens,5,3,2,2,3,0,2,1,0,2,,1.0,0.0
195,Teens,5,3,2,3,1,0,3,2,0,3,,1.0,0.0
195,Teens,6,5,2,1,3,0,1,2,0,1,,1.0,0.0
195,Teens,6,5,2,4,2,0,3,1,0,3,,1.0,0.0
195,Teens,6,5,2,5,2,0,3,3,1,3,,1.0,1.0
195,Teens,6,5,2,2,2,1,2,2,1,2,1.0,,
195,Teens,6,5,2,3,2,1,2,2,1,2,1.0,,
195,Teens,7,2,2,1,3,0,1,1,1,1,,1.0,1.0
195,Teens,7,2,2,2,3,1,3,3,1,3,1.0,,
195,Teens,8,3,3,3,2,0,3,3,1,3,,1.0,1.0
195,Teens,8,3,3,2,2,1,2,2,1,2,1.0,,
195,Teens,8,3,3,1,1,1,1,2,0,1,0.0,,
195,Teens,9,4,2,1,1,1,1,1,1,1,1.0,,
195,Teens,9,4,2,4,3,1,3,3,1,3,1.0,,
195,Teens,9,4,2,2,2,1,2,2,1,2,1.0,,
195,Teens,9,4,2,3,2,0,3,3,1,3,,1.0,1.0
195,Teens,10,5,3,2,2,0,1,1,1,1,,1.0,1.0
195,Teens,10,5,3,1,3,0,1,2,0,1,,1.0,0.0
195,Teens,10,5,3,4,3,0,2,1,0,2,,1.0,0.0
195,Teens,10,5,3,3,3,0,2,2,1,2,,1.0,1.0
195,Teens,10,5,3,5,3,1,3,3,1,3,1.0,,
196,Teens,1,2,1,1,3,0,2,1,0,2,,1.0,0.0
196,Teens,1,2,1,2,2,0,3,1,0,3,,1.0,0.0
196,Teens,2,3,1,2,3,1,3,3,1,3,1.0,,
196,Teens,2,3,1,1,3,0,1,1,1,1,,1.0,1.0
196,Teens,2,3,1,3,2,0,3,3,1,3,,1.0,1.0
196,Teens,3,4,1,4,1,0,3,3,1,3,,1.0,1.0
196,Teens,3,4,1,1,1,1,1,1,1,1,1.0,,
196,Teens,3,4,1,2,1,0,2,3,0,2,,1.0,0.0
196,Teens,3,4,1,3,3,0,2,2,1,2,,1.0,1.0
196,Teens,4,5,1,2,3,0,1,1,1,1,,1.0,1.0
196,Teens,4,5,1,3,3,0,2,1,0,2,,1.0,0.0
196,Teens,4,5,1,5,3,1,3,3,1,3,1.0,,
196,Teens,4,5,1,1,3,0,1,1,1,1,,1.0,1.0
196,Teens,4,5,1,4,3,0,2,1,0,2,,1.0,0.0
196,Teens,5,3,2,3,2,0,3,1,0,3,,1.0,0.0
196,Teens,5,3,2,1,3,0,1,1,1,1,,1.0,1.0
196,Teens,5,3,2,2,3,0,2,1,0,2,,1.0,0.0
196,Teens,6,5,2,4,3,1,3,3,1,3,1.0,,
196,Teens,6,5,2,2,3,0,1,1,1,1,,1.0,1.0
196,Teens,6,5,2,1,3,0,1,1,1,1,,1.0,1.0
196,Teens,6,5,2,5,3,1,3,3,1,3,1.0,,
196,Teens,6,5,2,3,3,0,2,1,0,2,,1.0,0.0
196,Teens,7,2,2,1,3,0,1,1,1,1,,1.0,1.0
196,Teens,7,2,2,2,3,0,2,1,0,2,,1.0,0.0
196,Teens,8,3,3,3,3,1,3,3,1,3,1.0,,
196,Teens,8,3,3,1,3,0,1,1,1,1,,1.0,1.0
196,Teens,8,3,3,2,3,0,2,3,0,2,,0.0,0.0
196,Teens,9,4,2,3,2,1,2,2,1,2,1.0,,
196,Teens,9,4,2,4,2,0,3,3,1,3,,1.0,1.0
196,Teens,9,4,2,2,2,0,1,3,0,1,,1.0,0.0
196,Teens,9,4,2,1,1,1,1,1,1,1,1.0,,
196,Teens,10,5,3,4,3,1,3,3,1,3,1.0,,
196,Teens,10,5,3,2,3,0,2,3,0,2,,0.0,0.0
196,Teens,10,5,3,5,3,1,3,3,1,3,1.0,,
196,Teens,10,5,3,3,3,0,2,1,0,2,,1.0,0.0
196,Teens,10,5,3,1,3,0,1,1,1,1,,1.0,1.0
198,Teens,1,2,1,2,3,0,2,1,0,2,,1.0,0.0
198,Teens,1,2,1,1,2,0,1,1,1,1,,1.0,1.0
198,Teens,2,4,1,3,3,0,2,1,0,2,,1.0,0.0
198,Teens,2,4,1,4,1,0,3,2,0,3,,1.0,0.0
198,Teens,2,4,1,2,2,1,2,2,1,2,1.0,,
198,Teens,2,4,1,1,3,0,1,1,1,1,,1.0,1.0
198,Teens,3,3,1,2,3,0,1,1,1,1,,1.0,1.0
198,Teens,3,3,1,3,1,0,3,2,0,3,,1.0,0.0
198,Teens,3,3,1,1,3,0,1,2,0,1,,1.0,0.0
198,Teens,4,5,1,3,1,0,2,1,0,2,,0.0,0.0
198,Teens,4,5,1,5,3,1,3,3,1,3,1.0,,
198,Teens,4,5,1,1,2,0,1,1,1,1,,1.0,1.0
198,Teens,4,5,1,4,1,0,3,2,0,3,,1.0,0.0
198,Teens,4,5,1,2,3,0,2,3,0,2,,0.0,0.0
198,Teens,5,3,2,1,1,1,1,1,1,1,1.0,,
198,Teens,5,3,2,2,1,0,2,2,1,2,,1.0,1.0
198,Teens,5,3,2,3,3,1,3,3,1,3,1.0,,
198,Teens,6,5,2,2,1,1,1,1,1,1,1.0,,
198,Teens,6,5,2,5,3,1,3,3,1,3,1.0,,
198,Teens,6,5,2,4,2,0,3,2,0,3,,0.0,0.0
198,Teens,6,5,2,3,1,0,2,2,1,2,,1.0,1.0
198,Teens,6,5,2,1,3,0,1,2,0,1,,1.0,0.0
198,Teens,7,2,2,2,1,0,3,3,1,3,,1.0,1.0
198,Teens,7,2,2,1,3,0,2,2,1,2,,1.0,1.0
198,Teens,8,4,2,1,1,1,1,3,0,1,0.0,,
198,Teens,8,4,2,3,2,0,3,2,0,3,,0.0,0.0
198,Teens,8,4,2,2,3,0,2,3,0,2,,0.0,0.0
198,Teens,8,4,2,4,2,0,3,1,0,3,,1.0,0.0
198,Teens,9,3,3,1,2,0,1,1,1,1,,1.0,1.0
198,Teens,9,3,3,3,3,1,3,3,1,3,1.0,,
198,Teens,9,3,3,2,1,0,2,3,0,2,,1.0,0.0
198,Teens,10,5,3,4,2,1,2,2,1,2,1.0,,
198,Teens,10,5,3,1,3,0,1,1,1,1,,1.0,1.0
198,Teens,10,5,3,5,1,0,3,2,0,3,,1.0,0.0
198,Teens,10,5,3,3,3,0,2,2,1,2,,1.0,1.0
198,Teens,10,5,3,2,2,0,1,3,0,1,,1.0,0.0
199,Teens,1,2,1,2,3,0,2,2,1,2,,1.0,1.0
199,Teens,1,2,1,1,3,0,1,2,0,1,,1.0,0.0
199,Teens,2,3,1,2,2,0,1,3,0,1,,1.0,0.0
199,Teens,2,3,1,3,2,0,3,3,1,3,,1.0,1.0
199,Teens,2,3,1,1,2,0,1,3,0,1,,1.0,0.0
199,Teens,3,4,1,3,2,1,2,2,1,2,1.0,,
199,Teens,3,4,1,1,3,0,1,1,1,1,,1.0,1.0
199,Teens,3,4,1,4,1,0,3,3,1,3,,1.0,1.0
199,Teens,3,4,1,2,2,1,2,2,1,2,1.0,,
199,Teens,4,5,1,1,3,0,1,1,1,1,,1.0,1.0
199,Teens,4,5,1,5,2,0,3,2,0,3,,0.0,0.0
199,Teens,4,5,1,4,3,1,3,3,1,3,1.0,,
199,Teens,4,5,1,3,1,0,2,3,0,2,,1.0,0.0
199,Teens,4,5,1,2,1,0,2,1,0,2,,0.0,0.0
199,Teens,5,3,2,1,3,0,1,2,0,1,,1.0,0.0
199,Teens,5,3,2,3,3,1,3,3,1,3,1.0,,
199,Teens,5,3,2,2,1,0,2,1,0,2,,0.0,0.0
199,Teens,6,5,2,1,3,0,1,1,1,1,,1.0,1.0
199,Teens,6,5,2,4,1,0,3,2,0,3,,1.0,0.0
199,Teens,6,5,2,5,1,0,3,3,1,3,,1.0,1.0
199,Teens,6,5,2,2,1,1,1,1,1,1,1.0,,
199,Teens,6,5,2,3,1,0,2,3,0,2,,1.0,0.0
199,Teens,7,2,2,1,1,0,2,3,0,2,,1.0,0.0
199,Teens,7,2,2,2,1,0,3,3,1,3,,1.0,1.0
199,Teens,8,3,3,2,3,0,2,2,1,2,,1.0,1.0
199,Teens,8,3,3,1,3,0,1,2,0,1,,1.0,0.0
199,Teens,8,3,3,3,3,1,3,3,1,3,1.0,,
199,Teens,9,4,2,1,2,0,1,3,0,1,,1.0,0.0
199,Teens,9,4,2,2,3,0,2,2,1,2,,1.0,1.0
199,Teens,9,4,2,4,1,0,3,1,0,3,,0.0,0.0
199,Teens,10,5,3,4,2,1,2,2,1,2,1.0,,
199,Teens,10,5,3,1,2,0,1,3,0,1,,1.0,0.0
199,Teens,10,5,3,5,2,0,3,1,0,3,,1.0,0.0
199,Teens,10,5,3,3,2,1,2,1,0,2,0.0,,
199,Teens,10,5,3,2,3,0,1,2,0,1,,1.0,0.0
201,Teens,1,2,1,2,3,0,2,1,0,2,,1.0,0.0
201,Teens,1,2,1,1,2,0,1,1,1,1,,1.0,1.0
201,Teens,2,3,1,2,3,0,2,2,1,2,,1.0,1.0
201,Teens,2,3,1,1,2,1,2,2,1,2,1.0,,
201,Teens,2,3,1,3,1,0,3,2,0,3,,1.0,0.0
201,Teens,3,4,1,4,1,0,3,2,0,3,,1.0,0.0
201,Teens,3,4,1,2,2,0,1,1,1,1,,1.0,1.0
201,Teens,3,4,1,3,1,0,2,2,1,2,,1.0,1.0
201,Teens,3,4,1,1,1,1,1,1,1,1,1.0,,
201,Teens,4,5,1,2,1,1,1,1,1,1,1.0,,
201,Teens,4,5,1,3,1,0,2,2,1,2,,1.0,1.0
201,Teens,4,5,1,1,1,1,1,1,1,1,1.0,,
201,Teens,4,5,1,4,1,0,3,2,0,3,,1.0,0.0
201,Teens,4,5,1,5,1,0,3,2,0,3,,1.0,0.0
201,Teens,5,3,2,2,1,0,2,2,1,2,,1.0,1.0
201,Teens,5,3,2,3,1,0,3,2,0,3,,1.0,0.0
201,Teens,5,3,2,1,1,1,1,1,1,1,1.0,,
201,Teens,6,5,2,2,1,0,2,2,1,2,,1.0,1.0
201,Teens,6,5,2,3,1,0,2,2,1,2,,1.0,1.0
201,Teens,6,5,2,4,1,0,3,2,0,3,,1.0,0.0
201,Teens,6,5,2,5,1,0,3,2,0,3,,1.0,0.0
201,Teens,6,5,2,1,1,1,1,1,1,1,1.0,,
201,Teens,7,2,2,1,1,1,1,1,1,1,1.0,,
201,Teens,7,2,2,2,2,0,3,3,1,3,,1.0,1.0
201,Teens,8,3,3,1,1,1,1,1,1,1,1.0,,
201,Teens,8,3,3,3,1,0,3,3,1,3,,1.0,1.0
201,Teens,8,3,3,2,1,0,2,2,1,2,,1.0,1.0
201,Teens,9,4,2,1,1,1,1,2,0,1,0.0,,
201,Teens,9,4,2,3,1,0,3,2,0,3,,1.0,0.0
201,Teens,9,4,2,2,1,0,2,2,1,2,,1.0,1.0
201,Teens,9,4,2,4,1,0,3,2,0,3,,1.0,0.0
201,Teens,10,5,3,2,1,1,1,1,1,1,1.0,,
201,Teens,10,5,3,4,1,0,2,2,1,2,,1.0,1.0
201,Teens,10,5,3,1,1,1,1,1,1,1,1.0,,
201,Teens,10,5,3,5,1,0,3,2,0,3,,1.0,0.0
201,Teens,10,5,3,3,1,0,2,2,1,2,,1.0,1.0
202,Teens,1,2,1,1,2,0,1,1,1,1,,1.0,1.0
202,Teens,1,2,1,2,3,1,3,3,1,3,1.0,,
202,Teens,2,3,1,2,2,0,1,3,0,1,,1.0,0.0
202,Teens,2,3,1,3,1,0,2,1,0,2,,0.0,0.0
202,Teens,2,3,1,1,2,0,1,3,0,1,,1.0,0.0
202,Teens,3,5,1,4,3,1,3,2,0,3,0.0,,
202,Teens,3,5,1,1,3,0,1,2,0,1,,1.0,0.0
202,Teens,3,5,1,2,3,0,2,2,1,2,,1.0,1.0
202,Teens,3,5,1,3,3,0,2,2,1,2,,1.0,1.0
202,Teens,3,5,1,5,3,1,3,3,1,3,1.0,,
202,Teens,4,4,1,1,3,0,1,2,0,1,,1.0,0.0
202,Teens,4,4,1,2,3,0,2,2,1,2,,1.0,1.0
202,Teens,4,4,1,4,3,1,3,3,1,3,1.0,,
202,Teens,4,4,1,3,3,1,3,3,1,3,1.0,,
202,Teens,5,3,2,1,3,0,1,2,0,1,,1.0,0.0
202,Teens,5,3,2,2,3,0,2,2,1,2,,1.0,1.0
202,Teens,5,3,2,3,3,1,3,3,1,3,1.0,,
202,Teens,6,5,2,2,3,0,1,2,0,1,,1.0,0.0
202,Teens,6,5,2,1,3,0,1,2,0,1,,1.0,0.0
202,Teens,6,5,2,4,3,0,2,2,1,2,,1.0,1.0
202,Teens,6,5,2,3,3,0,2,2,1,2,,1.0,1.0
202,Teens,6,5,2,5,3,1,3,3,1,3,1.0,,
202,Teens,7,2,2,1,3,0,2,2,1,2,,1.0,1.0
202,Teens,7,2,2,2,3,1,3,3,1,3,1.0,,
202,Teens,8,3,3,3,3,1,3,3,1,3,1.0,,
202,Teens,8,3,3,2,3,0,2,2,1,2,,1.0,1.0
202,Teens,8,3,3,1,2,0,1,1,1,1,,1.0,1.0
202,Teens,9,5,3,4,3,1,3,3,1,3,1.0,,
202,Teens,9,5,3,1,3,0,1,2,0,1,,1.0,0.0
202,Teens,9,5,3,5,3,1,3,3,1,3,1.0,,
202,Teens,9,5,3,2,3,0,1,2,0,1,,1.0,0.0
202,Teens,9,5,3,3,3,0,2,2,1,2,,1.0,1.0
202,Teens,10,4,2,4,3,1,3,3,1,3,1.0,,
202,Teens,10,4,2,2,3,0,2,2,1,2,,1.0,1.0
202,Teens,10,4,2,3,3,0,2,2,1,2,,1.0,1.0
202,Teens,10,4,2,1,3,0,1,2,0,1,,1.0,0.0
204,Teens,1,2,1,2,3,1,3,1,0,3,0.0,,
204,Teens,1,2,1,1,2,0,1,1,1,1,,1.0,1.0
204,Teens,2,3,1,2,3,0,1,2,0,1,,1.0,0.0
204,Teens,2,3,1,3,1,0,2,2,1,2,,1.0,1.0
204,Teens,2,3,1,1,2,0,1,3,0,1,,1.0,0.0
204,Teens,3,5,1,3,3,0,2,1,0,2,,1.0,0.0
204,Teens,3,5,1,1,2,0,1,1,1,1,,1.0,1.0
204,Teens,3,5,1,4,2,0,3,3,1,3,,1.0,1.0
204,Teens,3,5,1,2,2,1,2,2,1,2,1.0,,
204,Teens,3,5,1,5,2,0,3,1,0,3,,1.0,0.0
204,Teens,4,4,1,4,1,0,3,3,1,3,,1.0,1.0
204,Teens,4,4,1,2,2,1,2,2,1,2,1.0,,
204,Teens,4,4,1,3,2,0,3,1,0,3,,1.0,0.0
204,Teens,4,4,1,1,2,0,1,3,0,1,,1.0,0.0
204,Teens,5,3,2,3,1,0,3,2,0,3,,1.0,0.0
204,Teens,5,3,2,2,1,0,2,2,1,2,,1.0,1.0
204,Teens,5,3,2,1,1,1,1,1,1,1,1.0,,
204,Teens,6,5,2,3,1,0,2,2,1,2,,1.0,1.0
204,Teens,6,5,2,4,1,0,2,2,1,2,,1.0,1.0
204,Teens,6,5,2,2,1,1,1,1,1,1,1.0,,
204,Teens,6,5,2,1,1,1,1,1,1,1,1.0,,
204,Teens,6,5,2,5,1,0,3,2,0,3,,1.0,0.0
204,Teens,7,2,2,1,1,0,2,2,1,2,,1.0,1.0
204,Teens,7,2,2,2,1,0,3,3,1,3,,1.0,1.0
204,Teens,8,3,3,3,2,0,3,3,1,3,,1.0,1.0
204,Teens,8,3,3,1,2,0,1,1,1,1,,1.0,1.0
204,Teens,8,3,3,2,2,1,2,2,1,2,1.0,,
204,Teens,9,5,3,3,2,1,2,2,1,2,1.0,,
204,Teens,9,5,3,5,1,0,3,3,1,3,,1.0,1.0
204,Teens,9,5,3,2,2,0,1,3,0,1,,1.0,0.0
204,Teens,9,5,3,4,2,0,3,2,0,3,,0.0,0.0
204,Teens,9,5,3,1,2,0,1,3,0,1,,1.0,0.0
204,Teens,10,4,2,4,2,0,3,3,1,3,,1.0,1.0
204,Teens,10,4,2,1,2,0,1,3,0,1,,1.0,0.0
204,Teens,10,4,2,2,2,1,2,2,1,2,1.0,,
204,Teens,10,4,2,3,2,1,2,2,1,2,1.0,,
205,Teens,1,2,1,1,3,0,1,1,1,1,,1.0,1.0
205,Teens,1,2,1,2,2,1,2,2,1,2,1.0,,
205,Teens,2,3,1,2,3,0,2,3,0,2,,0.0,0.0
205,Teens,2,3,1,1,3,0,2,1,0,2,,1.0,0.0
205,Teens,2,3,1,3,1,0,3,2,0,3,,1.0,0.0
205,Teens,3,4,1,4,3,1,3,1,0,3,0.0,,
205,Teens,3,4,1,1,2,0,1,3,0,1,,1.0,0.0
205,Teens,3,4,1,2,1,1,1,3,0,1,0.0,,
205,Teens,3,4,1,3,3,0,2,3,0,2,,0.0,0.0
205,Teens,4,5,1,4,3,1,3,3,1,3,1.0,,
205,Teens,4,5,1,3,1,0,2,1,0,2,,0.0,0.0
205,Teens,4,5,1,2,3,0,1,1,1,1,,1.0,1.0
205,Teens,4,5,1,1,3,0,1,1,1,1,,1.0,1.0
205,Teens,4,5,1,5,3,1,3,1,0,3,0.0,,
205,Teens,5,3,2,1,2,0,1,3,0,1,,1.0,0.0
205,Teens,5,3,2,2,3,0,2,3,0,2,,0.0,0.0
205,Teens,5,3,2,3,1,0,3,3,1,3,,1.0,1.0
205,Teens,6,5,2,1,3,0,1,1,1,1,,1.0,1.0
205,Teens,6,5,2,4,1,0,3,3,1,3,,1.0,1.0
205,Teens,6,5,2,5,3,1,3,2,0,3,0.0,,
205,Teens,6,5,2,2,2,1,2,2,1,2,1.0,,
205,Teens,6,5,2,3,3,0,2,2,1,2,,1.0,1.0
205,Teens,7,2,2,1,3,0,1,2,0,1,,1.0,0.0
205,Teens,7,2,2,2,1,0,3,3,1,3,,1.0,1.0
205,Teens,8,3,3,3,3,1,3,3,1,3,1.0,,
205,Teens,8,3,3,2,1,0,2,2,1,2,,1.0,1.0
205,Teens,8,3,3,1,2,0,1,1,1,1,,1.0,1.0
205,Teens,9,4,2,1,3,0,1,2,0,1,,1.0,0.0
205,Teens,9,4,2,4,3,1,3,3,1,3,1.0,,
205,Teens,9,4,2,2,1,0,2,2,1,2,,1.0,1.0
205,Teens,9,4,2,3,3,1,3,3,1,3,1.0,,
205,Teens,10,5,3,2,3,0,1,1,1,1,,1.0,1.0
205,Teens,10,5,3,1,3,0,1,2,0,1,,1.0,0.0
205,Teens,10,5,3,4,3,0,2,1,0,2,,1.0,0.0
205,Teens,10,5,3,3,3,0,2,1,0,2,,1.0,0.0
205,Teens,10,5,3,5,3,1,3,3,1,3,1.0,,
208,Teens,1,2,1,2,1,0,2,3,0,2,,1.0,0.0
208,Teens,1,2,1,1,1,1,1,1,1,1,1.0,,
208,Teens,2,4,1,3,1,0,2,3,0,2,,1.0,0.0
208,Teens,2,4,1,4,1,0,3,3,1,3,,1.0,1.0
208,Teens,2,4,1,2,1,0,2,3,0,2,,1.0,0.0
208,Teens,2,4,1,1,1,1,1,1,1,1,1.0,,
208,Teens,3,3,1,2,1,1,1,1,1,1,1.0,,
208,Teens,3,3,1,3,3,1,3,3,1,3,1.0,,
208,Teens,3,3,1,1,2,0,1,3,0,1,,1.0,0.0
208,Teens,4,5,1,3,1,0,2,3,0,2,,1.0,0.0
208,Teens,4,5,1,5,1,0,3,3,1,3,,1.0,1.0
208,Teens,4,5,1,1,1,1,1,1,1,1,1.0,,
208,Teens,4,5,1,4,1,0,3,1,0,3,,0.0,0.0
208,Teens,4,5,1,2,1,0,2,3,0,2,,1.0,0.0
208,Teens,5,3,2,1,1,1,1,1,1,1,1.0,,
208,Teens,5,3,2,2,1,0,2,2,1,2,,1.0,1.0
208,Teens,5,3,2,3,1,0,3,3,1,3,,1.0,1.0
208,Teens,6,5,2,2,1,1,1,1,1,1,1.0,,
208,Teens,6,5,2,5,3,1,3,3,1,3,1.0,,
208,Teens,6,5,2,4,3,1,3,3,1,3,1.0,,
208,Teens,6,5,2,3,2,1,2,2,1,2,1.0,,
208,Teens,6,5,2,1,1,1,1,1,1,1,1.0,,
208,Teens,7,2,2,2,1,0,3,3,1,3,,1.0,1.0
208,Teens,7,2,2,1,3,0,2,1,0,2,,1.0,0.0
208,Teens,8,4,2,1,3,0,1,2,0,1,,1.0,0.0
208,Teens,8,4,2,3,1,0,3,3,1,3,,1.0,1.0
208,Teens,8,4,2,2,1,0,2,2,1,2,,1.0,1.0
208,Teens,8,4,2,4,1,0,3,2,0,3,,1.0,0.0
208,Teens,9,3,3,1,1,1,1,1,1,1,1.0,,
208,Teens,9,3,3,3,2,0,3,3,1,3,,1.0,1.0
208,Teens,9,3,3,2,2,1,2,2,1,2,1.0,,
208,Teens,10,5,3,4,1,0,2,2,1,2,,1.0,1.0
208,Teens,10,5,3,1,1,1,1,1,1,1,1.0,,
208,Teens,10,5,3,5,3,1,3,1,0,3,0.0,,
208,Teens,10,5,3,3,3,0,2,3,0,2,,0.0,0.0
208,Teens,10,5,3,2,3,0,1,2,0,1,,1.0,0.0
209,Teens,1,2,1,2,3,0,2,3,0,2,,0.0,0.0
209,Teens,1,2,1,1,2,0,1,1,1,1,,1.0,1.0
209,Teens,2,3,1,2,3,0,1,3,0,1,,0.0,0.0
209,Teens,2,3,1,3,1,0,3,2,0,3,,1.0,0.0
209,Teens,2,3,1,1,2,0,1,3,0,1,,1.0,0.0
209,Teens,3,4,1,3,3,0,2,3,0,2,,0.0,0.0
209,Teens,3,4,1,1,1,1,1,1,1,1,1.0,,
209,Teens,3,4,1,4,3,1,3,3,1,3,1.0,,
209,Teens,3,4,1,2,2,1,2,2,1,2,1.0,,
209,Teens,4,5,1,1,3,0,1,2,0,1,,1.0,0.0
209,Teens,4,5,1,5,1,0,3,2,0,3,,1.0,0.0
209,Teens,4,5,1,4,2,0,3,3,1,3,,1.0,1.0
209,Teens,4,5,1,3,3,0,2,1,0,2,,1.0,0.0
209,Teens,4,5,1,2,1,0,2,1,0,2,,0.0,0.0
209,Teens,5,3,2,1,3,0,1,3,0,1,,0.0,0.0
209,Teens,5,3,2,3,2,0,3,3,1,3,,1.0,1.0
209,Teens,5,3,2,2,1,0,2,3,0,2,,1.0,0.0
209,Teens,6,5,2,1,3,0,1,1,1,1,,1.0,1.0
209,Teens,6,5,2,4,3,1,3,3,1,3,1.0,,
209,Teens,6,5,2,5,1,0,3,2,0,3,,1.0,0.0
209,Teens,6,5,2,2,2,0,1,2,0,1,,0.0,0.0
209,Teens,6,5,2,3,3,0,2,1,0,2,,1.0,0.0
209,Teens,7,2,2,1,2,1,2,2,1,2,1.0,,
209,Teens,7,2,2,2,1,0,3,3,1,3,,1.0,1.0
209,Teens,8,3,3,2,3,0,2,3,0,2,,0.0,0.0
209,Teens,8,3,3,1,1,1,1,1,1,1,1.0,,
209,Teens,8,3,3,3,2,0,3,1,0,3,,1.0,0.0
209,Teens,9,4,2,3,3,1,3,2,0,3,0.0,,
209,Teens,9,4,2,1,1,1,1,1,1,1,1.0,,
209,Teens,9,4,2,2,2,1,2,1,0,2,0.0,,
209,Teens,9,4,2,4,3,1,3,3,1,3,1.0,,
209,Teens,10,5,3,4,3,0,2,1,0,2,,1.0,0.0
209,Teens,10,5,3,1,2,0,1,2,0,1,,0.0,0.0
209,Teens,10,5,3,5,1,0,3,3,1,3,,1.0,1.0
209,Teens,10,5,3,3,3,0,2,3,0,2,,0.0,0.0
209,Teens,10,5,3,2,2,0,1,3,0,1,,1.0,0.0
210,Teens,1,2,1,2,1,0,2,1,0,2,,0.0,0.0
210,Teens,1,2,1,1,2,0,1,3,0,1,,1.0,0.0
210,Teens,2,3,1,2,1,1,1,1,1,1,1.0,,
210,Teens,2,3,1,1,2,0,1,2,0,1,,0.0,0.0
210,Teens,2,3,1,3,1,0,3,3,1,3,,1.0,1.0
210,Teens,3,4,1,1,1,1,1,1,1,1,1.0,,
210,Teens,3,4,1,2,3,0,2,2,1,2,,1.0,1.0
210,Teens,3,4,1,3,2,1,2,2,1,2,1.0,,
210,Teens,3,4,1,4,1,0,3,3,1,3,,1.0,1.0
210,Teens,4,5,1,5,1,0,3,2,0,3,,1.0,0.0
210,Teens,4,5,1,2,2,1,2,2,1,2,1.0,,
210,Teens,4,5,1,3,3,0,2,2,1,2,,1.0,1.0
210,Teens,4,5,1,4,1,0,3,3,1,3,,1.0,1.0
210,Teens,4,5,1,1,2,0,1,1,1,1,,1.0,1.0
210,Teens,5,3,2,2,1,0,2,3,0,2,,1.0,0.0
210,Teens,5,3,2,1,2,0,1,1,1,1,,1.0,1.0
210,Teens,5,3,2,3,3,1,3,3,1,3,1.0,,
210,Teens,6,5,2,5,1,0,3,2,0,3,,1.0,0.0
210,Teens,6,5,2,1,3,0,1,2,0,1,,1.0,0.0
210,Teens,6,5,2,4,2,0,3,3,1,3,,1.0,1.0
210,Teens,6,5,2,3,1,0,2,1,0,2,,0.0,0.0
210,Teens,6,5,2,2,3,0,1,1,1,1,,1.0,1.0
210,Teens,7,2,2,1,1,0,2,3,0,2,,1.0,0.0
210,Teens,7,2,2,2,2,0,3,1,0,3,,1.0,0.0
210,Teens,8,3,3,1,1,1,1,1,1,1,1.0,,
210,Teens,8,3,3,2,1,0,2,2,1,2,,1.0,1.0
210,Teens,8,3,3,3,3,1,3,3,1,3,1.0,,
210,Teens,9,4,2,2,1,0,2,2,1,2,,1.0,1.0
210,Teens,9,4,2,1,3,0,1,2,0,1,,1.0,0.0
210,Teens,9,4,2,3,1,0,3,2,0,3,,1.0,0.0
210,Teens,9,4,2,4,1,0,3,2,0,3,,1.0,0.0
210,Teens,10,5,3,2,1,1,1,1,1,1,1.0,,
210,Teens,10,5,3,3,3,0,2,3,0,2,,0.0,0.0
210,Teens,10,5,3,5,2,0,3,3,1,3,,1.0,1.0
210,Teens,10,5,3,1,1,1,1,3,0,1,0.0,,
210,Teens,10,5,3,4,1,0,2,2,1,2,,1.0,1.0
212,Teens,1,2,1,1,2,0,1,3,0,1,,1.0,0.0
212,Teens,1,2,1,2,2,0,3,1,0,3,,1.0,0.0
212,Teens,2,3,1,2,3,0,1,2,0,1,,1.0,0.0
212,Teens,2,3,1,3,1,0,2,3,0,2,,1.0,0.0
212,Teens,2,3,1,1,2,0,1,3,0,1,,1.0,0.0
212,Teens,3,5,1,4,3,1,3,3,1,3,1.0,,
212,Teens,3,5,1,1,1,1,1,2,0,1,0.0,,
212,Teens,3,5,1,2,1,0,2,1,0,2,,0.0,0.0
212,Teens,3,5,1,3,2,1,2,3,0,2,0.0,,
212,Teens,3,5,1,5,3,1,3,1,0,3,0.0,,
212,Teens,4,4,1,1,2,0,1,3,0,1,,1.0,0.0
212,Teens,4,4,1,2,1,0,2,2,1,2,,1.0,1.0
212,Teens,4,4,1,4,1,0,3,3,1,3,,1.0,1.0
212,Teens,4,4,1,3,2,0,3,3,1,3,,1.0,1.0
212,Teens,5,3,2,1,1,1,1,1,1,1,1.0,,
212,Teens,5,3,2,2,2,1,2,2,1,2,1.0,,
212,Teens,5,3,2,3,3,1,3,3,1,3,1.0,,
212,Teens,6,5,2,2,2,0,1,3,0,1,,1.0,0.0
212,Teens,6,5,2,1,2,0,1,1,1,1,,1.0,1.0
212,Teens,6,5,2,4,2,1,2,2,1,2,1.0,,
212,Teens,6,5,2,3,2,1,2,2,1,2,1.0,,
212,Teens,6,5,2,5,2,0,3,3,1,3,,1.0,1.0
212,Teens,7,2,2,1,2,1,2,2,1,2,1.0,,
212,Teens,7,2,2,2,2,0,3,1,0,3,,1.0,0.0
212,Teens,8,3,3,3,3,1,3,3,1,3,1.0,,
212,Teens,8,3,3,2,2,1,2,2,1,2,1.0,,
212,Teens,8,3,3,1,1,1,1,1,1,1,1.0,,
212,Teens,9,5,3,4,3,1,3,3,1,3,1.0,,
212,Teens,9,5,3,1,3,0,1,2,0,1,,1.0,0.0
212,Teens,9,5,3,5,1,0,3,2,0,3,,1.0,0.0
212,Teens,9,5,3,2,3,0,1,1,1,1,,1.0,1.0
212,Teens,9,5,3,3,3,0,2,1,0,2,,1.0,0.0
212,Teens,10,4,2,4,2,0,3,1,0,3,,1.0,0.0
212,Teens,10,4,2,2,1,0,2,2,1,2,,1.0,1.0
212,Teens,10,4,2,3,2,1,2,2,1,2,1.0,,
212,Teens,10,4,2,1,3,0,1,2,0,1,,1.0,0.0
215,Teens,1,2,1,1,1,1,1,1,1,1,1.0,,
215,Teens,1,2,1,2,2,1,2,2,1,2,1.0,,
215,Teens,2,3,1,2,3,0,2,2,1,2,,1.0,1.0
215,Teens,2,3,1,1,1,0,2,1,0,2,,0.0,0.0
215,Teens,2,3,1,3,1,0,3,3,1,3,,1.0,1.0
215,Teens,3,4,1,4,3,1,3,3,1,3,1.0,,
215,Teens,3,4,1,1,1,1,1,3,0,1,0.0,,
215,Teens,3,4,1,2,2,0,1,1,1,1,,1.0,1.0
215,Teens,3,4,1,3,1,0,2,2,1,2,,1.0,1.0
215,Teens,4,5,1,4,3,1,3,3,1,3,1.0,,
215,Teens,4,5,1,3,1,0,2,2,1,2,,1.0,1.0
215,Teens,4,5,1,2,2,0,1,3,0,1,,1.0,0.0
215,Teens,4,5,1,1,1,1,1,1,1,1,1.0,,
215,Teens,4,5,1,5,3,1,3,2,0,3,0.0,,
215,Teens,5,3,2,1,3,0,1,2,0,1,,1.0,0.0
215,Teens,5,3,2,2,1,0,2,3,0,2,,1.0,0.0
215,Teens,5,3,2,3,1,0,3,2,0,3,,1.0,0.0
215,Teens,6,5,2,1,3,0,1,1,1,1,,1.0,1.0
215,Teens,6,5,2,4,1,0,3,3,1,3,,1.0,1.0
215,Teens,6,5,2,5,3,1,3,3,1,3,1.0,,
215,Teens,6,5,2,2,2,1,2,1,0,2,0.0,,
215,Teens,6,5,2,3,3,0,2,1,0,2,,1.0,0.0
215,Teens,7,2,2,1,3,0,1,2,0,1,,1.0,0.0
215,Teens,7,2,2,2,1,0,3,2,0,3,,1.0,0.0
215,Teens,8,3,3,3,2,0,3,3,1,3,,1.0,1.0
215,Teens,8,3,3,2,2,1,2,2,1,2,1.0,,
215,Teens,8,3,3,1,2,0,1,1,1,1,,1.0,1.0
215,Teens,9,4,2,1,2,0,1,3,0,1,,1.0,0.0
215,Teens,9,4,2,4,2,0,3,3,1,3,,1.0,1.0
215,Teens,9,4,2,2,2,1,2,2,1,2,1.0,,
215,Teens,9,4,2,3,2,0,3,3,1,3,,1.0,1.0
215,Teens,10,5,3,2,2,0,1,3,0,1,,1.0,0.0
215,Teens,10,5,3,1,2,0,1,3,0,1,,1.0,0.0
215,Teens,10,5,3,4,2,1,2,2,1,2,1.0,,
215,Teens,10,5,3,3,2,1,2,2,1,2,1.0,,
215,Teens,10,5,3,5,2,0,3,3,1,3,,1.0,1.0
218,Teens,1,2,1,2,1,0,2,2,1,2,,1.0,1.0
218,Teens,1,2,1,1,3,0,1,2,0,1,,1.0,0.0
218,Teens,2,4,1,3,3,0,2,2,1,2,,1.0,1.0
218,Teens,2,4,1,4,3,1,3,3,1,3,1.0,,
218,Teens,2,4,1,2,1,0,2,3,0,2,,1.0,0.0
218,Teens,2,4,1,1,2,0,1,1,1,1,,1.0,1.0
218,Teens,3,3,1,2,3,0,1,2,0,1,,1.0,0.0
218,Teens,3,3,1,3,3,1,3,2,0,3,0.0,,
218,Teens,3,3,1,1,3,0,1,2,0,1,,1.0,0.0
218,Teens,4,5,1,3,2,1,2,2,1,2,1.0,,
218,Teens,4,5,1,5,2,0,3,3,1,3,,1.0,1.0
218,Teens,4,5,1,1,2,0,1,1,1,1,,1.0,1.0
218,Teens,4,5,1,4,2,0,3,3,1,3,,1.0,1.0
218,Teens,4,5,1,2,2,1,2,2,1,2,1.0,,
218,Teens,5,3,2,1,2,0,1,3,0,1,,1.0,0.0
218,Teens,5,3,2,2,2,1,2,3,0,2,0.0,,
218,Teens,5,3,2,3,2,0,3,3,1,3,,1.0,1.0
218,Teens,6,5,2,2,2,0,1,3,0,1,,1.0,0.0
218,Teens,6,5,2,5,2,0,3,3,1,3,,1.0,1.0
218,Teens,6,5,2,4,2,0,3,3,1,3,,1.0,1.0
218,Teens,6,5,2,3,2,1,2,2,1,2,1.0,,
218,Teens,6,5,2,1,2,0,1,3,0,1,,1.0,0.0
218,Teens,7,2,2,2,2,0,3,3,1,3,,1.0,1.0
218,Teens,7,2,2,1,2,1,2,2,1,2,1.0,,
218,Teens,8,4,2,1,2,0,1,3,0,1,,1.0,0.0
218,Teens,8,4,2,3,2,0,3,3,1,3,,1.0,1.0
218,Teens,8,4,2,2,2,1,2,2,1,2,1.0,,
218,Teens,8,4,2,4,2,0,3,3,1,3,,1.0,1.0
218,Teens,9,3,3,1,2,0,1,3,0,1,,1.0,0.0
218,Teens,9,3,3,3,2,0,3,3,1,3,,1.0,1.0
218,Teens,9,3,3,2,2,1,2,2,1,2,1.0,,
218,Teens,10,5,3,4,2,1,2,2,1,2,1.0,,
218,Teens,10,5,3,1,2,0,1,3,0,1,,1.0,0.0
218,Teens,10,5,3,5,2,0,3,3,1,3,,1.0,1.0
218,Teens,10,5,3,3,2,1,2,2,1,2,1.0,,
218,Teens,10,5,3,2,2,0,1,3,0,1,,1.0,0.0
219,Teens,1,2,1,2,3,0,2,1,0,2,,1.0,0.0
219,Teens,1,2,1,1,2,0,1,3,0,1,,1.0,0.0
219,Teens,2,3,1,2,1,1,1,1,1,1,1.0,,
219,Teens,2,3,1,3,2,0,3,3,1,3,,1.0,1.0
219,Teens,2,3,1,1,2,0,1,3,0,1,,1.0,0.0
219,Teens,3,4,1,3,2,1,2,2,1,2,1.0,,
219,Teens,3,4,1,1,3,0,1,2,0,1,,1.0,0.0
219,Teens,3,4,1,4,3,1,3,2,0,3,0.0,,
219,Teens,3,4,1,2,3,0,2,1,0,2,,1.0,0.0
219,Teens,4,5,1,1,3,0,1,1,1,1,,1.0,1.0
219,Teens,4,5,1,5,2,0,3,1,0,3,,1.0,0.0
219,Teens,4,5,1,4,3,1,3,3,1,3,1.0,,
219,Teens,4,5,1,3,2,1,2,2,1,2,1.0,,
219,Teens,4,5,1,2,2,1,2,1,0,2,0.0,,
219,Teens,5,3,2,1,3,0,1,2,0,1,,1.0,0.0
219,Teens,5,3,2,3,1,0,3,2,0,3,,1.0,0.0
219,Teens,5,3,2,2,2,1,2,2,1,2,1.0,,
219,Teens,6,5,2,1,1,1,1,3,0,1,0.0,,
219,Teens,6,5,2,4,2,0,3,3,1,3,,1.0,1.0
219,Teens,6,5,2,5,2,0,3,3,1,3,,1.0,1.0
219,Teens,6,5,2,2,2,0,1,1,1,1,,1.0,1.0
219,Teens,6,5,2,3,2,1,2,2,1,2,1.0,,
219,Teens,7,2,2,1,2,1,2,2,1,2,1.0,,
219,Teens,7,2,2,2,1,0,3,3,1,3,,1.0,1.0
219,Teens,8,3,3,2,3,0,2,1,0,2,,1.0,0.0
219,Teens,8,3,3,1,2,0,1,2,0,1,,0.0,0.0
219,Teens,8,3,3,3,2,0,3,3,1,3,,1.0,1.0
219,Teens,9,4,2,3,2,0,3,1,0,3,,1.0,0.0
219,Teens,9,4,2,1,1,1,1,1,1,1,1.0,,
219,Teens,9,4,2,2,3,0,2,2,1,2,,1.0,1.0
219,Teens,9,4,2,4,3,1,3,3,1,3,1.0,,
219,Teens,10,5,3,4,3,0,2,1,0,2,,1.0,0.0
219,Teens,10,5,3,1,1,1,1,1,1,1,1.0,,
219,Teens,10,5,3,5,3,1,3,3,1,3,1.0,,
219,Teens,10,5,3,3,2,1,2,2,1,2,1.0,,
219,Teens,10,5,3,2,3,0,1,3,0,1,,0.0,0.0
220,Teens,1,2,1,2,3,0,2,2,1,2,,1.0,1.0
220,Teens,1,2,1,1,1,1,1,1,1,1,1.0,,
220,Teens,2,3,1,2,3,0,1,1,1,1,,1.0,1.0
220,Teens,2,3,1,1,2,0,1,2,0,1,,0.0,0.0
220,Teens,2,3,1,3,1,0,3,3,1,3,,1.0,1.0
220,Teens,3,4,1,1,3,0,1,1,1,1,,1.0,1.0
220,Teens,3,4,1,2,1,0,2,1,0,2,,0.0,0.0
220,Teens,3,4,1,3,3,0,2,2,1,2,,1.0,1.0
220,Teens,3,4,1,4,3,1,3,2,0,3,0.0,,
220,Teens,4,5,1,5,3,1,3,3,1,3,1.0,,
220,Teens,4,5,1,2,1,0,2,2,1,2,,1.0,1.0
220,Teens,4,5,1,3,2,1,2,3,0,2,0.0,,
220,Teens,4,5,1,4,1,0,3,3,1,3,,1.0,1.0
220,Teens,4,5,1,1,2,0,1,1,1,1,,1.0,1.0
220,Teens,5,3,2,2,1,0,2,2,1,2,,1.0,1.0
220,Teens,5,3,2,1,3,0,1,1,1,1,,1.0,1.0
220,Teens,5,3,2,3,3,1,3,1,0,3,0.0,,
220,Teens,6,5,2,5,3,1,3,3,1,3,1.0,,
220,Teens,6,5,2,1,1,1,1,1,1,1,1.0,,
220,Teens,6,5,2,4,2,0,3,1,0,3,,1.0,0.0
220,Teens,6,5,2,3,3,0,2,1,0,2,,1.0,0.0
220,Teens,6,5,2,2,2,0,1,3,0,1,,1.0,0.0
220,Teens,7,2,2,1,3,0,2,2,1,2,,1.0,1.0
220,Teens,7,2,2,2,3,1,3,3,1,3,1.0,,
220,Teens,8,3,3,1,2,0,1,1,1,1,,1.0,1.0
220,Teens,8,3,3,2,2,1,2,2,1,2,1.0,,
220,Teens,8,3,3,3,3,1,3,3,1,3,1.0,,
220,Teens,9,4,2,2,3,0,2,2,1,2,,1.0,1.0
220,Teens,9,4,2,1,3,0,1,2,0,1,,1.0,0.0
220,Teens,9,4,2,3,3,1,3,3,1,3,1.0,,
220,Teens,9,4,2,4,3,1,3,3,1,3,1.0,,
220,Teens,10,5,3,2,3,0,1,1,1,1,,1.0,1.0
220,Teens,10,5,3,3,3,0,2,1,0,2,,1.0,0.0
220,Teens,10,5,3,5,3,1,3,3,1,3,1.0,,
220,Teens,10,5,3,1,3,0,1,1,1,1,,1.0,1.0
220,Teens,10,5,3,4,3,0,2,1,0,2,,1.0,0.0
301,RPP,1,2,1,2,1,0,2,2,1,2,,1.0,1.0
301,RPP,1,2,1,1,2,0,1,3,0,1,,1.0,0.0
301,RPP,2,3,1,2,1,0,2,2,1,2,,1.0,1.0
301,RPP,2,3,1,1,1,0,2,2,1,2,,1.0,1.0
301,RPP,2,3,1,3,1,0,3,2,0,3,,1.0,0.0
301,RPP,3,4,1,4,3,1,3,3,1,3,1.0,,
301,RPP,3,4,1,2,3,0,1,2,0,1,,1.0,0.0
301,RPP,3,4,1,3,3,0,2,2,1,2,,1.0,1.0
301,RPP,3,4,1,1,3,0,1,2,0,1,,1.0,0.0
301,RPP,4,5,1,2,3,0,1,2,0,1,,1.0,0.0
301,RPP,4,5,1,3,3,0,2,2,1,2,,1.0,1.0
301,RPP,4,5,1,1,3,0,1,2,0,1,,1.0,0.0
301,RPP,4,5,1,4,3,1,3,3,1,3,1.0,,
301,RPP,4,5,1,5,3,1,3,3,1,3,1.0,,
301,RPP,5,3,2,2,3,0,2,2,1,2,,1.0,1.0
301,RPP,5,3,2,3,3,1,3,3,1,3,1.0,,
301,RPP,5,3,2,1,3,0,1,2,0,1,,1.0,0.0
301,RPP,6,5,2,2,3,0,2,2,1,2,,1.0,1.0
301,RPP,6,5,2,3,3,0,2,1,0,2,,1.0,0.0
301,RPP,6,5,2,4,3,1,3,3,1,3,1.0,,
301,RPP,6,5,2,5,3,1,3,3,1,3,1.0,,
301,RPP,6,5,2,1,3,0,1,2,0,1,,1.0,0.0
301,RPP,7,2,2,1,3,0,1,2,0,1,,1.0,0.0
301,RPP,7,2,2,2,3,1,3,1,0,3,0.0,,
301,RPP,8,3,3,1,3,0,1,2,0,1,,1.0,0.0
301,RPP,8,3,3,3,3,1,3,3,1,3,1.0,,
301,RPP,8,3,3,2,3,0,2,2,1,2,,1.0,1.0
301,RPP,9,4,2,1,3,0,1,2,0,1,,1.0,0.0
301,RPP,9,4,2,3,3,1,3,3,1,3,1.0,,
301,RPP,9,4,2,2,3,0,2,2,1,2,,1.0,1.0
301,RPP,9,4,2,4,3,1,3,3,1,3,1.0,,
301,RPP,10,5,3,2,3,0,1,2,0,1,,1.0,0.0
301,RPP,10,5,3,4,3,0,2,2,1,2,,1.0,1.0
301,RPP,10,5,3,1,3,0,1,2,0,1,,1.0,0.0
301,RPP,10,5,3,5,3,1,3,3,1,3,1.0,,
301,RPP,10,5,3,3,3,0,2,2,1,2,,1.0,1.0
311,RPP,1,2,1,2,1,0,2,2,1,2,,1.0,1.0
311,RPP,1,2,1,1,1,1,1,1,1,1,1.0,,
311,RPP,2,3,1,2,1,0,2,2,1,2,,1.0,1.0
311,RPP,2,3,1,1,1,0,2,2,1,2,,1.0,1.0
311,RPP,2,3,1,3,1,0,3,2,0,3,,1.0,0.0
311,RPP,3,4,1,4,1,0,3,2,0,3,,1.0,0.0
311,RPP,3,4,1,2,1,1,1,1,1,1,1.0,,
311,RPP,3,4,1,3,1,0,2,2,1,2,,1.0,1.0
311,RPP,3,4,1,1,1,1,1,1,1,1,1.0,,
311,RPP,4,5,1,2,1,1,1,1,1,1,1.0,,
311,RPP,4,5,1,3,1,0,2,2,1,2,,1.0,1.0
311,RPP,4,5,1,1,1,1,1,1,1,1,1.0,,
311,RPP,4,5,1,4,1,0,3,2,0,3,,1.0,0.0
311,RPP,4,5,1,5,1,0,3,2,0,3,,1.0,0.0
311,RPP,5,3,2,2,1,0,2,2,1,2,,1.0,1.0
311,RPP,5,3,2,3,1,0,3,2,0,3,,1.0,0.0
311,RPP,5,3,2,1,1,1,1,1,1,1,1.0,,
311,RPP,6,5,2,2,1,0,2,2,1,2,,1.0,1.0
311,RPP,6,5,2,3,1,0,2,2,1,2,,1.0,1.0
311,RPP,6,5,2,4,1,0,3,2,0,3,,1.0,0.0
311,RPP,6,5,2,5,1,0,3,2,0,3,,1.0,0.0
311,RPP,6,5,2,1,1,1,1,1,1,1,1.0,,
311,RPP,7,2,2,1,1,1,1,1,1,1,1.0,,
311,RPP,7,2,2,2,1,0,3,2,0,3,,1.0,0.0
311,RPP,8,3,3,1,1,1,1,1,1,1,1.0,,
311,RPP,8,3,3,3,1,0,3,3,1,3,,1.0,1.0
311,RPP,8,3,3,2,1,0,2,2,1,2,,1.0,1.0
311,RPP,9,4,2,1,1,1,1,1,1,1,1.0,,
311,RPP,9,4,2,3,1,0,3,2,0,3,,1.0,0.0
311,RPP,9,4,2,2,1,0,2,2,1,2,,1.0,1.0
311,RPP,9,4,2,4,1,0,3,2,0,3,,1.0,0.0
311,RPP,10,5,3,2,1,1,1,1,1,1,1.0,,
311,RPP,10,5,3,4,1,0,2,2,1,2,,1.0,1.0
311,RPP,10,5,3,1,1,1,1,1,1,1,1.0,,
311,RPP,10,5,3,5,1,0,3,2,0,3,,1.0,0.0
311,RPP,10,5,3,3,1,0,2,2,1,2,,1.0,1.0
314,RPP,1,2,1,2,1,0,3,3,1,3,,1.0,1.0
314,RPP,1,2,1,1,2,0,1,2,0,1,,0.0,0.0
314,RPP,2,3,1,2,2,0,1,2,0,1,,0.0,0.0
314,RPP,2,3,1,3,3,0,2,2,1,2,,1.0,1.0
314,RPP,2,3,1,1,1,1,1,1,1,1,1.0,,
314,RPP,3,5,1,3,3,0,2,1,0,2,,1.0,0.0
314,RPP,3,5,1,1,2,0,1,1,1,1,,1.0,1.0
314,RPP,3,5,1,4,3,1,3,3,1,3,1.0,,
314,RPP,3,5,1,2,3,0,2,2,1,2,,1.0,1.0
314,RPP,3,5,1,5,3,1,3,3,1,3,1.0,,
314,RPP,4,4,1,4,3,1,3,3,1,3,1.0,,
314,RPP,4,4,1,2,3,0,2,2,1,2,,1.0,1.0
314,RPP,4,4,1,3,3,1,3,3,1,3,1.0,,
314,RPP,4,4,1,1,3,0,1,1,1,1,,1.0,1.0
314,RPP,5,3,2,3,3,1,3,3,1,3,1.0,,
314,RPP,5,3,2,2,2,1,2,2,1,2,1.0,,
314,RPP,5,3,2,1,1,1,1,1,1,1,1.0,,
314,RPP,6,5,2,3,1,0,2,3,0,2,,1.0,0.0
314,RPP,6,5,2,4,1,0,2,3,0,2,,1.0,0.0
314,RPP,6,5,2,2,1,1,1,1,1,1,1.0,,
314,RPP,6,5,2,1,3,0,1,1,1,1,,1.0,1.0
314,RPP,6,5,2,5,1,0,3,2,0,3,,1.0,0.0
314,RPP,7,2,2,1,3,0,2,2,1,2,,1.0,1.0
314,RPP,7,2,2,2,3,1,3,3,1,3,1.0,,
314,RPP,8,3,3,3,3,1,3,3,1,3,1.0,,
314,RPP,8,3,3,1,3,0,1,1,1,1,,1.0,1.0
314,RPP,8,3,3,2,3,0,2,2,1,2,,1.0,1.0
314,RPP,9,5,3,3,3,0,2,1,0,2,,1.0,0.0
314,RPP,9,5,3,5,2,0,3,2,0,3,,0.0,0.0
314,RPP,9,5,3,2,3,0,1,1,1,1,,1.0,1.0
314,RPP,9,5,3,4,2,0,3,1,0,3,,1.0,0.0
314,RPP,9,5,3,1,3,0,1,1,1,1,,1.0,1.0
314,RPP,10,4,2,4,3,1,3,3,1,3,1.0,,
314,RPP,10,4,2,1,3,0,1,3,0,1,,0.0,0.0
314,RPP,10,4,2,2,3,0,2,1,0,2,,1.0,0.0
314,RPP,10,4,2,3,3,0,2,2,1,2,,1.0,1.0
316,RPP,1,2,1,1,2,1,2,2,1,2,1.0,,
316,RPP,1,2,1,2,1,0,3,3,1,3,,1.0,1.0
316,RPP,2,3,1,2,3,1,3,3,1,3,1.0,,
316,RPP,2,3,1,1,1,1,1,1,1,1,1.0,,
316,RPP,2,3,1,3,2,0,3,1,0,3,,1.0,0.0
316,RPP,3,4,1,4,3,1,3,3,1,3,1.0,,
316,RPP,3,4,1,1,1,1,1,1,1,1,1.0,,
316,RPP,3,4,1,2,2,1,2,2,1,2,1.0,,
316,RPP,3,4,1,3,2,1,2,2,1,2,1.0,,
316,RPP,4,5,1,2,1,1,1,1,1,1,1.0,,
316,RPP,4,5,1,3,2,1,2,2,1,2,1.0,,
316,RPP,4,5,1,5,3,1,3,3,1,3,1.0,,
316,RPP,4,5,1,1,3,0,1,2,0,1,,1.0,0.0
316,RPP,4,5,1,4,1,0,2,1,0,2,,0.0,0.0
316,RPP,5,3,2,3,3,1,3,3,1,3,1.0,,
316,RPP,5,3,2,1,3,0,1,1,1,1,,1.0,1.0
316,RPP,5,3,2,2,1,0,2,2,1,2,,1.0,1.0
316,RPP,6,5,2,4,3,1,3,3,1,3,1.0,,
316,RPP,6,5,2,2,1,1,1,1,1,1,1.0,,
316,RPP,6,5,2,1,2,0,1,1,1,1,,1.0,1.0
316,RPP,6,5,2,5,3,1,3,3,1,3,1.0,,
316,RPP,6,5,2,3,2,1,2,2,1,2,1.0,,
316,RPP,7,2,2,1,2,0,1,3,0,1,,1.0,0.0
316,RPP,7,2,2,2,1,0,2,2,1,2,,1.0,1.0
316,RPP,8,3,3,3,3,1,3,3,1,3,1.0,,
316,RPP,8,3,3,1,2,0,1,1,1,1,,1.0,1.0
316,RPP,8,3,3,2,2,1,2,2,1,2,1.0,,
316,RPP,9,4,2,3,3,0,2,1,0,2,,1.0,0.0
316,RPP,9,4,2,4,2,0,3,3,1,3,,1.0,1.0
316,RPP,9,4,2,2,1,1,1,1,1,1,1.0,,
316,RPP,9,4,2,1,2,0,1,3,0,1,,1.0,0.0
316,RPP,10,5,3,4,1,0,3,2,0,3,,1.0,0.0
316,RPP,10,5,3,2,1,0,2,3,0,2,,1.0,0.0
316,RPP,10,5,3,5,1,0,3,3,1,3,,1.0,1.0
316,RPP,10,5,3,3,1,0,2,2,1,2,,1.0,1.0
316,RPP,10,5,3,1,1,1,1,1,1,1,1.0,,
319,RPP,1,2,1,2,2,1,2,2,1,2,1.0,,
319,RPP,1,2,1,1,1,1,1,1,1,1,1.0,,
319,RPP,2,3,1,2,2,0,1,2,0,1,,0.0,0.0
319,RPP,2,3,1,3,2,0,3,3,1,3,,1.0,1.0
319,RPP,2,3,1,1,2,0,1,1,1,1,,1.0,1.0
319,RPP,3,4,1,3,1,0,2,3,0,2,,1.0,0.0
319,RPP,3,4,1,1,2,0,1,1,1,1,,1.0,1.0
319,RPP,3,4,1,4,3,1,3,3,1,3,1.0,,
319,RPP,3,4,1,2,1,0,2,2,1,2,,1.0,1.0
319,RPP,4,5,1,1,2,0,1,3,0,1,,1.0,0.0
319,RPP,4,5,1,5,2,0,3,1,0,3,,1.0,0.0
319,RPP,4,5,1,4,2,0,3,3,1,3,,1.0,1.0
319,RPP,4,5,1,3,2,1,2,2,1,2,1.0,,
319,RPP,4,5,1,2,2,1,2,2,1,2,1.0,,
319,RPP,5,3,2,1,2,0,1,3,0,1,,1.0,0.0
319,RPP,5,3,2,3,2,0,3,3,1,3,,1.0,1.0
319,RPP,5,3,2,2,2,1,2,2,1,2,1.0,,
319,RPP,6,5,2,1,2,0,1,3,0,1,,1.0,0.0
319,RPP,6,5,2,4,2,0,3,3,1,3,,1.0,1.0
319,RPP,6,5,2,5,2,0,3,3,1,3,,1.0,1.0
319,RPP,6,5,2,2,2,0,1,1,1,1,,1.0,1.0
319,RPP,6,5,2,3,2,1,2,2,1,2,1.0,,
319,RPP,7,2,2,1,2,1,2,2,1,2,1.0,,
319,RPP,7,2,2,2,1,0,3,3,1,3,,1.0,1.0
319,RPP,8,3,3,2,3,0,2,1,0,2,,1.0,0.0
319,RPP,8,3,3,1,2,0,1,2,0,1,,0.0,0.0
319,RPP,8,3,3,3,3,1,3,3,1,3,1.0,,
319,RPP,9,4,2,3,2,0,3,1,0,3,,1.0,0.0
319,RPP,9,4,2,1,2,0,1,1,1,1,,1.0,1.0
319,RPP,9,4,2,2,2,1,2,2,1,2,1.0,,
319,RPP,9,4,2,4,3,1,3,3,1,3,1.0,,
319,RPP,10,5,3,4,2,1,2,2,1,2,1.0,,
319,RPP,10,5,3,1,2,0,1,3,0,1,,1.0,0.0
319,RPP,10,5,3,5,2,0,3,1,0,3,,1.0,0.0
319,RPP,10,5,3,3,2,1,2,2,1,2,1.0,,
319,RPP,10,5,3,2,3,0,1,1,1,1,,1.0,1.0
322,RPP,1,2,1,1,3,0,1,1,1,1,,1.0,1.0
322,RPP,1,2,1,2,2,0,3,1,0,3,,1.0,0.0
322,RPP,2,3,1,2,1,1,1,3,0,1,0.0,,
322,RPP,2,3,1,3,2,1,2,3,0,2,0.0,,
322,RPP,2,3,1,1,3,0,1,2,0,1,,1.0,0.0
322,RPP,3,5,1,4,2,0,3,2,0,3,,0.0,0.0
322,RPP,3,5,1,1,3,0,1,1,1,1,,1.0,1.0
322,RPP,3,5,1,2,1,0,2,1,0,2,,0.0,0.0
322,RPP,3,5,1,3,2,1,2,2,1,2,1.0,,
322,RPP,3,5,1,5,1,0,3,1,0,3,,0.0,0.0
322,RPP,4,4,1,1,1,1,1,1,1,1,1.0,,
322,RPP,4,4,1,2,3,0,2,2,1,2,,1.0,1.0
322,RPP,4,4,1,4,2,0,3,2,0,3,,0.0,0.0
322,RPP,4,4,1,3,2,0,3,3,1,3,,1.0,1.0
322,RPP,5,3,2,1,2,0,1,1,1,1,,1.0,1.0
322,RPP,5,3,2,2,2,1,2,2,1,2,1.0,,
322,RPP,5,3,2,3,1,0,3,3,1,3,,1.0,1.0
322,RPP,6,5,2,2,2,0,1,2,0,1,,0.0,0.0
322,RPP,6,5,2,1,1,1,1,2,0,1,0.0,,
322,RPP,6,5,2,4,3,0,2,3,0,2,,0.0,0.0
322,RPP,6,5,2,3,2,1,2,1,0,2,0.0,,
322,RPP,6,5,2,5,1,0,3,2,0,3,,1.0,0.0
322,RPP,7,2,2,1,2,1,2,2,1,2,1.0,,
322,RPP,7,2,2,2,3,1,3,3,1,3,1.0,,
322,RPP,8,3,3,3,1,0,3,3,1,3,,1.0,1.0
322,RPP,8,3,3,2,2,1,2,2,1,2,1.0,,
322,RPP,8,3,3,1,3,0,1,1,1,1,,1.0,1.0
322,RPP,9,5,3,4,1,0,3,2,0,3,,1.0,0.0
322,RPP,9,5,3,1,3,0,1,1,1,1,,1.0,1.0
322,RPP,9,5,3,5,2,0,3,1,0,3,,1.0,0.0
322,RPP,9,5,3,2,1,1,1,1,1,1,1.0,,
322,RPP,9,5,3,3,3,0,2,2,1,2,,1.0,1.0
322,RPP,10,4,2,4,3,1,3,3,1,3,1.0,,
322,RPP,10,4,2,2,1,0,2,2,1,2,,1.0,1.0
322,RPP,10,4,2,3,2,1,2,2,1,2,1.0,,
322,RPP,10,4,2,1,1,1,1,2,0,1,0.0,,
323,RPP,1,2,1,1,3,0,2,3,0,2,,0.0,0.0
323,RPP,1,2,1,2,1,0,3,2,0,3,,1.0,0.0
323,RPP,2,3,1,2,2,1,2,3,0,2,0.0,,
323,RPP,2,3,1,3,1,0,2,2,1,2,,1.0,1.0
323,RPP,2,3,1,1,3,0,1,2,0,1,,1.0,0.0
323,RPP,3,5,1,3,2,1,2,3,0,2,0.0,,
323,RPP,3,5,1,1,2,0,1,2,0,1,,0.0,0.0
323,RPP,3,5,1,2,2,0,1,3,0,1,,1.0,0.0
323,RPP,3,5,1,4,1,0,3,3,1,3,,1.0,1.0
323,RPP,3,5,1,5,3,1,3,3,1,3,1.0,,
323,RPP,4,4,1,3,1,0,3,3,1,3,,1.0,1.0
323,RPP,4,4,1,1,3,0,1,3,0,1,,0.0,0.0
323,RPP,4,4,1,4,2,0,3,1,0,3,,1.0,0.0
323,RPP,4,4,1,2,2,1,2,2,1,2,1.0,,
323,RPP,5,3,2,3,3,1,3,3,1,3,1.0,,
323,RPP,5,3,2,1,1,1,1,1,1,1,1.0,,
323,RPP,5,3,2,2,2,1,2,2,1,2,1.0,,
323,RPP,6,5,2,2,3,0,1,3,0,1,,0.0,0.0
323,RPP,6,5,2,1,2,0,1,2,0,1,,0.0,0.0
323,RPP,6,5,2,3,1,0,2,1,0,2,,0.0,0.0
323,RPP,6,5,2,5,1,0,3,2,0,3,,1.0,0.0
323,RPP,6,5,2,4,3,0,2,2,1,2,,1.0,1.0
323,RPP,7,2,2,1,2,0,1,1,1,1,,1.0,1.0
323,RPP,7,2,2,2,2,0,3,1,0,3,,1.0,0.0
323,RPP,8,3,3,2,3,0,2,2,1,2,,1.0,1.0
323,RPP,8,3,3,1,1,1,1,1,1,1,1.0,,
323,RPP,8,3,3,3,3,1,3,3,1,3,1.0,,
323,RPP,9,5,3,4,3,1,3,3,1,3,1.0,,
323,RPP,9,5,3,1,1,1,1,1,1,1,1.0,,
323,RPP,9,5,3,2,2,1,2,2,1,2,1.0,,
323,RPP,9,5,3,5,3,1,3,2,0,3,0.0,,
323,RPP,9,5,3,3,1,0,2,2,1,2,,1.0,1.0
323,RPP,10,4,2,2,3,0,1,3,0,1,,0.0,0.0
323,RPP,10,4,2,3,2,1,2,2,1,2,1.0,,
323,RPP,10,4,2,1,1,1,1,1,1,1,1.0,,
323,RPP,10,4,2,4,3,1,3,1,0,3,0.0,,
325,RPP,1,2,1,1,1,1,1,1,1,1,1.0,,
325,RPP,1,2,1,2,2,1,2,2,1,2,1.0,,
325,RPP,2,3,1,2,3,0,2,1,0,2,,1.0,0.0
325,RPP,2,3,1,1,3,0,2,2,1,2,,1.0,1.0
325,RPP,2,3,1,3,3,1,3,3,1,3,1.0,,
325,RPP,3,4,1,4,3,1,3,3,1,3,1.0,,
325,RPP,3,4,1,1,2,0,1,1,1,1,,1.0,1.0
325,RPP,3,4,1,2,1,1,1,1,1,1,1.0,,
325,RPP,3,4,1,3,3,0,2,2,1,2,,1.0,1.0
325,RPP,4,5,1,4,3,1,3,3,1,3,1.0,,
325,RPP,4,5,1,3,1,0,2,1,0,2,,0.0,0.0
325,RPP,4,5,1,2,3,0,1,3,0,1,,0.0,0.0
325,RPP,4,5,1,1,2,0,1,1,1,1,,1.0,1.0
325,RPP,4,5,1,5,3,1,3,3,1,3,1.0,,
325,RPP,5,3,2,1,3,0,1,2,0,1,,1.0,0.0
325,RPP,5,3,2,2,1,0,2,2,1,2,,1.0,1.0
325,RPP,5,3,2,3,3,1,3,3,1,3,1.0,,
325,RPP,6,5,2,1,3,0,1,2,0,1,,1.0,0.0
325,RPP,6,5,2,4,1,0,3,1,0,3,,0.0,0.0
325,RPP,6,5,2,5,2,0,3,2,0,3,,0.0,0.0
325,RPP,6,5,2,2,3,0,2,2,1,2,,1.0,1.0
325,RPP,6,5,2,3,1,0,2,3,0,2,,1.0,0.0
325,RPP,7,2,2,1,1,1,1,1,1,1,1.0,,
325,RPP,7,2,2,2,2,0,3,3,1,3,,1.0,1.0
325,RPP,8,3,3,3,3,1,3,3,1,3,1.0,,
325,RPP,8,3,3,2,1,0,2,2,1,2,,1.0,1.0
325,RPP,8,3,3,1,1,1,1,1,1,1,1.0,,
325,RPP,9,4,2,1,3,0,1,3,0,1,,0.0,0.0
325,RPP,9,4,2,4,1,0,3,1,0,3,,0.0,0.0
325,RPP,9,4,2,2,2,1,2,2,1,2,1.0,,
325,RPP,9,4,2,3,2,0,3,3,1,3,,1.0,1.0
325,RPP,10,5,3,2,3,0,1,1,1,1,,1.0,1.0
325,RPP,10,5,3,1,1,1,1,1,1,1,1.0,,
325,RPP,10,5,3,4,2,1,2,2,1,2,1.0,,
325,RPP,10,5,3,3,3,0,2,2,1,2,,1.0,1.0
325,RPP,10,5,3,5,2,0,3,3,1,3,,1.0,1.0
328,RPP,1,2,1,2,3,0,2,2,1,2,,1.0,1.0
328,RPP,1,2,1,1,1,1,1,1,1,1,1.0,,
328,RPP,2,4,1,3,3,0,2,2,1,2,,1.0,1.0
328,RPP,2,4,1,4,1,0,3,1,0,3,,0.0,0.0
328,RPP,2,4,1,2,3,0,2,2,1,2,,1.0,1.0
328,RPP,2,4,1,1,3,0,1,2,0,1,,1.0,0.0
328,RPP,3,3,1,2,2,0,1,3,0,1,,1.0,0.0
328,RPP,3,3,1,3,2,0,3,3,1,3,,1.0,1.0
328,RPP,3,3,1,1,2,0,1,3,0,1,,1.0,0.0
328,RPP,4,5,1,3,2,1,2,2,1,2,1.0,,
328,RPP,4,5,1,5,2,0,3,3,1,3,,1.0,1.0
328,RPP,4,5,1,1,2,0,1,3,0,1,,1.0,0.0
328,RPP,4,5,1,4,2,0,3,3,1,3,,1.0,1.0
328,RPP,4,5,1,2,2,1,2,2,1,2,1.0,,
328,RPP,5,3,2,1,2,0,1,3,0,1,,1.0,0.0
328,RPP,5,3,2,2,2,1,2,2,1,2,1.0,,
328,RPP,5,3,2,3,2,0,3,3,1,3,,1.0,1.0
328,RPP,6,5,2,2,2,0,1,3,0,1,,1.0,0.0
328,RPP,6,5,2,5,2,0,3,3,1,3,,1.0,1.0
328,RPP,6,5,2,4,2,0,3,3,1,3,,1.0,1.0
328,RPP,6,5,2,3,2,1,2,2,1,2,1.0,,
328,RPP,6,5,2,1,2,0,1,3,0,1,,1.0,0.0
328,RPP,7,2,2,2,1,0,3,3,1,3,,1.0,1.0
328,RPP,7,2,2,1,1,0,2,3,0,2,,1.0,0.0
328,RPP,8,4,2,1,2,0,1,3,0,1,,1.0,0.0
328,RPP,8,4,2,3,2,0,3,3,1,3,,1.0,1.0
328,RPP,8,4,2,2,2,1,2,2,1,2,1.0,,
328,RPP,8,4,2,4,2,0,3,3,1,3,,1.0,1.0
328,RPP,9,3,3,1,1,1,1,1,1,1,1.0,,
328,RPP,9,3,3,3,3,1,3,3,1,3,1.0,,
328,RPP,9,3,3,2,2,1,2,2,1,2,1.0,,
328,RPP,10,5,3,4,1,0,2,3,0,2,,1.0,0.0
328,RPP,10,5,3,1,1,1,1,1,1,1,1.0,,
328,RPP,10,5,3,5,1,0,3,3,1,3,,1.0,1.0
328,RPP,10,5,3,3,1,0,2,3,0,2,,1.0,0.0
328,RPP,10,5,3,2,1,1,1,1,1,1,1.0,,
330,RPP,1,2,1,2,1,0,2,2,1,2,,1.0,1.0
330,RPP,1,2,1,1,3,0,1,1,1,1,,1.0,1.0
330,RPP,2,3,1,2,2,0,1,1,1,1,,1.0,1.0
330,RPP,2,3,1,1,2,0,1,3,0,1,,1.0,0.0
330,RPP,2,3,1,3,2,0,3,3,1,3,,1.0,1.0
330,RPP,3,4,1,1,2,0,1,1,1,1,,1.0,1.0
330,RPP,3,4,1,2,2,1,2,2,1,2,1.0,,
330,RPP,3,4,1,3,3,0,2,1,0,2,,1.0,0.0
330,RPP,3,4,1,4,3,1,3,1,0,3,0.0,,
330,RPP,4,5,1,5,2,0,3,3,1,3,,1.0,1.0
330,RPP,4,5,1,2,2,1,2,2,1,2,1.0,,
330,RPP,4,5,1,3,2,1,2,1,0,2,0.0,,
330,RPP,4,5,1,4,1,0,3,1,0,3,,0.0,0.0
330,RPP,4,5,1,1,3,0,1,3,0,1,,0.0,0.0
330,RPP,5,3,2,2,2,1,2,2,1,2,1.0,,
330,RPP,5,3,2,1,3,0,1,1,1,1,,1.0,1.0
330,RPP,5,3,2,3,1,0,3,2,0,3,,1.0,0.0
330,RPP,6,5,2,5,2,0,3,1,0,3,,1.0,0.0
330,RPP,6,5,2,1,2,0,1,3,0,1,,1.0,0.0
330,RPP,6,5,2,4,2,0,3,1,0,3,,1.0,0.0
330,RPP,6,5,2,3,2,1,2,2,1,2,1.0,,
330,RPP,6,5,2,2,3,0,1,1,1,1,,1.0,1.0
330,RPP,7,2,2,1,2,1,2,2,1,2,1.0,,
330,RPP,7,2,2,2,3,1,3,3,1,3,1.0,,
330,RPP,8,3,3,1,2,0,1,1,1,1,,1.0,1.0
330,RPP,8,3,3,2,2,1,2,2,1,2,1.0,,
330,RPP,8,3,3,3,3,1,3,3,1,3,1.0,,
330,RPP,9,4,2,2,1,0,2,2,1,2,,1.0,1.0
330,RPP,9,4,2,1,1,1,1,1,1,1,1.0,,
330,RPP,9,4,2,3,2,0,3,1,0,3,,1.0,0.0
330,RPP,9,4,2,4,2,0,3,3,1,3,,1.0,1.0
330,RPP,10,5,3,2,2,0,1,3,0,1,,1.0,0.0
330,RPP,10,5,3,3,2,1,2,2,1,2,1.0,,
330,RPP,10,5,3,5,2,0,3,3,1,3,,1.0,1.0
330,RPP,10,5,3,1,2,0,1,3,0,1,,1.0,0.0
330,RPP,10,5,3,4,2,1,2,2,1,2,1.0,,
331,RPP,1,2,1,2,3,0,2,2,1,2,,1.0,1.0
331,RPP,1,2,1,1,1,1,1,1,1,1,1.0,,
331,RPP,2,3,1,2,3,0,2,2,1,2,,1.0,1.0
331,RPP,2,3,1,1,3,0,2,1,0,2,,1.0,0.0
331,RPP,2,3,1,3,3,1,3,2,0,3,0.0,,
331,RPP,3,4,1,4,3,1,3,1,0,3,0.0,,
331,RPP,3,4,1,2,1,1,1,3,0,1,0.0,,
331,RPP,3,4,1,3,2,1,2,2,1,2,1.0,,
331,RPP,3,4,1,1,1,1,1,1,1,1,1.0,,
331,RPP,4,5,1,2,3,0,1,2,0,1,,1.0,0.0
331,RPP,4,5,1,3,3,0,2,2,1,2,,1.0,1.0
331,RPP,4,5,1,1,3,0,1,2,0,1,,1.0,0.0
331,RPP,4,5,1,4,3,1,3,3,1,3,1.0,,
331,RPP,4,5,1,5,3,1,3,3,1,3,1.0,,
331,RPP,5,3,2,2,3,0,2,2,1,2,,1.0,1.0
331,RPP,5,3,2,3,3,1,3,3,1,3,1.0,,
331,RPP,5,3,2,1,2,0,1,1,1,1,,1.0,1.0
331,RPP,6,5,2,2,2,1,2,2,1,2,1.0,,
331,RPP,6,5,2,3,2,1,2,2,1,2,1.0,,
331,RPP,6,5,2,4,1,0,3,3,1,3,,1.0,1.0
331,RPP,6,5,2,5,1,0,3,3,1,3,,1.0,1.0
331,RPP,6,5,2,1,1,1,1,3,0,1,0.0,,
331,RPP,7,2,2,1,2,0,1,3,0,1,,1.0,0.0
331,RPP,8,3,3,1,3,0,1,1,1,1,,1.0,1.0
331,RPP,8,3,3,3,3,1,3,3,1,3,1.0,,
331,RPP,8,3,3,2,2,1,2,2,1,2,1.0,,
331,RPP,9,4,2,1,3,0,1,1,1,1,,1.0,1.0
331,RPP,9,4,2,3,1,0,3,2,0,3,,1.0,0.0
331,RPP,9,4,2,2,1,0,2,2,1,2,,1.0,1.0
331,RPP,9,4,2,4,3,1,3,3,1,3,1.0,,
331,RPP,10,5,3,2,2,0,1,1,1,1,,1.0,1.0
331,RPP,10,5,3,4,2,1,2,2,1,2,1.0,,
331,RPP,10,5,3,1,1,1,1,1,1,1,1.0,,
331,RPP,10,5,3,5,3,1,3,1,0,3,0.0,,
331,RPP,10,5,3,3,3,0,2,1,0,2,,1.0,0.0
335,RPP,1,2,1,1,2,0,1,1,1,1,,1.0,1.0
335,RPP,1,2,1,2,3,0,2,2,1,2,,1.0,1.0
335,RPP,2,3,1,2,2,1,2,2,1,2,1.0,,
335,RPP,2,3,1,1,1,0,2,3,0,2,,1.0,0.0
335,RPP,2,3,1,3,1,0,3,2,0,3,,1.0,0.0
335,RPP,3,4,1,4,2,0,3,3,1,3,,1.0,1.0
335,RPP,3,4,1,1,2,0,1,3,0,1,,1.0,0.0
335,RPP,3,4,1,2,2,0,1,3,0,1,,1.0,0.0
335,RPP,3,4,1,3,2,1,2,2,1,2,1.0,,
335,RPP,4,5,1,4,2,0,3,3,1,3,,1.0,1.0
335,RPP,4,5,1,3,2,1,2,2,1,2,1.0,,
335,RPP,4,5,1,2,2,0,1,3,0,1,,1.0,0.0
335,RPP,4,5,1,1,2,0,1,3,0,1,,1.0,0.0
335,RPP,4,5,1,5,2,0,3,3,1,3,,1.0,1.0
335,RPP,5,3,2,1,2,0,1,3,0,1,,1.0,0.0
335,RPP,5,3,2,2,2,1,2,2,1,2,1.0,,
335,RPP,5,3,2,3,2,0,3,3,1,3,,1.0,1.0
335,RPP,6,5,2,1,2,0,1,3,0,1,,1.0,0.0
335,RPP,6,5,2,4,2,0,3,3,1,3,,1.0,1.0
335,RPP,6,5,2,5,2,0,3,3,1,3,,1.0,1.0
335,RPP,6,5,2,2,2,1,2,2,1,2,1.0,,
335,RPP,6,5,2,3,2,1,2,2,1,2,1.0,,
335,RPP,7,2,2,1,2,0,1,3,0,1,,1.0,0.0
335,RPP,7,2,2,2,2,0,3,3,1,3,,1.0,1.0
335,RPP,8,3,3,3,2,0,3,3,1,3,,1.0,1.0
335,RPP,8,3,3,2,2,1,2,2,1,2,1.0,,
335,RPP,8,3,3,1,2,0,1,1,1,1,,1.0,1.0
335,RPP,9,4,2,1,2,0,1,3,0,1,,1.0,0.0
335,RPP,9,4,2,4,2,0,3,3,1,3,,1.0,1.0
335,RPP,9,4,2,2,2,1,2,2,1,2,1.0,,
335,RPP,9,4,2,3,2,0,3,3,1,3,,1.0,1.0
335,RPP,10,5,3,2,2,0,1,3,0,1,,1.0,0.0
335,RPP,10,5,3,1,2,0,1,3,0,1,,1.0,0.0
335,RPP,10,5,3,4,2,1,2,2,1,2,1.0,,
335,RPP,10,5,3,3,2,1,2,2,1,2,1.0,,
335,RPP,10,5,3,5,2,0,3,3,1,3,,1.0,1.0
338,RPP,1,2,1,2,1,0,2,2,1,2,,1.0,1.0
338,RPP,1,2,1,1,3,0,1,3,0,1,,0.0,0.0
338,RPP,2,4,1,3,3,0,2,3,0,2,,0.0,0.0
338,RPP,2,4,1,4,1,0,3,3,1,3,,1.0,1.0
338,RPP,2,4,1,2,1,0,2,3,0,2,,1.0,0.0
338,RPP,2,4,1,1,1,1,1,1,1,1,1.0,,
338,RPP,3,3,1,2,3,0,1,1,1,1,,1.0,1.0
338,RPP,3,3,1,3,3,1,3,2,0,3,0.0,,
338,RPP,3,3,1,1,3,0,1,1,1,1,,1.0,1.0
338,RPP,4,5,1,3,3,0,2,2,1,2,,1.0,1.0
338,RPP,4,5,1,5,1,0,3,2,0,3,,1.0,0.0
338,RPP,4,5,1,1,1,1,1,1,1,1,1.0,,
338,RPP,4,5,1,4,1,0,3,2,0,3,,1.0,0.0
338,RPP,4,5,1,2,1,0,2,3,0,2,,1.0,0.0
338,RPP,5,3,2,1,3,0,1,1,1,1,,1.0,1.0
338,RPP,5,3,2,2,3,0,2,1,0,2,,1.0,0.0
338,RPP,5,3,2,3,3,1,3,3,1,3,1.0,,
338,RPP,6,5,2,2,3,0,1,1,1,1,,1.0,1.0
338,RPP,6,5,2,5,3,1,3,3,1,3,1.0,,
338,RPP,6,5,2,4,3,1,3,3,1,3,1.0,,
338,RPP,6,5,2,3,3,0,2,3,0,2,,0.0,0.0
338,RPP,6,5,2,1,2,0,1,1,1,1,,1.0,1.0
338,RPP,7,2,2,2,2,0,3,3,1,3,,1.0,1.0
338,RPP,7,2,2,1,2,1,2,2,1,2,1.0,,
338,RPP,8,4,2,1,3,0,1,2,0,1,,1.0,0.0
338,RPP,8,4,2,3,3,1,3,3,1,3,1.0,,
338,RPP,8,4,2,2,3,0,2,2,1,2,,1.0,1.0
338,RPP,8,4,2,4,3,1,3,3,1,3,1.0,,
338,RPP,9,3,3,1,2,0,1,3,0,1,,1.0,0.0
338,RPP,9,3,3,3,2,0,3,3,1,3,,1.0,1.0
338,RPP,9,3,3,2,2,1,2,2,1,2,1.0,,
338,RPP,10,5,3,4,2,1,2,2,1,2,1.0,,
338,RPP,10,5,3,1,2,0,1,3,0,1,,1.0,0.0
338,RPP,10,5,3,5,2,0,3,1,0,3,,1.0,0.0
338,RPP,10,5,3,3,2,1,2,2,1,2,1.0,,
338,RPP,10,5,3,2,3,0,1,3,0,1,,0.0,0.0
343,RPP,1,2,1,1,3,0,2,3,0,2,,0.0,0.0
343,RPP,1,2,1,2,2,0,3,1,0,3,,1.0,0.0
343,RPP,2,3,1,2,3,0,2,3,0,2,,0.0,0.0
343,RPP,2,3,1,3,1,0,2,2,1,2,,1.0,1.0
343,RPP,2,3,1,1,3,0,1,3,0,1,,0.0,0.0
343,RPP,3,5,1,3,2,1,2,2,1,2,1.0,,
343,RPP,3,5,1,1,3,0,1,3,0,1,,0.0,0.0
343,RPP,3,5,1,2,1,1,1,1,1,1,1.0,,
343,RPP,3,5,1,4,3,1,3,3,1,3,1.0,,
343,RPP,3,5,1,5,3,1,3,2,0,3,0.0,,
343,RPP,4,4,1,3,3,1,3,3,1,3,1.0,,
343,RPP,4,4,1,1,2,0,1,2,0,1,,0.0,0.0
343,RPP,4,4,1,4,1,0,3,3,1,3,,1.0,1.0
343,RPP,4,4,1,2,3,0,2,2,1,2,,1.0,1.0
343,RPP,5,3,2,3,3,1,3,3,1,3,1.0,,
343,RPP,5,3,2,1,2,0,1,3,0,1,,1.0,0.0
343,RPP,5,3,2,2,1,0,2,2,1,2,,1.0,1.0
343,RPP,6,5,2,2,3,0,1,2,0,1,,1.0,0.0
343,RPP,6,5,2,1,3,0,1,1,1,1,,1.0,1.0
343,RPP,6,5,2,3,3,0,2,2,1,2,,1.0,1.0
343,RPP,6,5,2,5,3,1,3,3,1,3,1.0,,
343,RPP,6,5,2,4,2,1,2,2,1,2,1.0,,
343,RPP,7,2,2,1,2,0,1,1,1,1,,1.0,1.0
343,RPP,7,2,2,2,2,0,3,3,1,3,,1.0,1.0
343,RPP,8,3,3,2,3,0,2,2,1,2,,1.0,1.0
343,RPP,8,3,3,1,3,0,1,2,0,1,,1.0,0.0
343,RPP,8,3,3,3,3,1,3,3,1,3,1.0,,
343,RPP,9,5,3,4,2,0,3,3,1,3,,1.0,1.0
343,RPP,9,5,3,1,2,0,1,3,0,1,,1.0,0.0
343,RPP,9,5,3,2,2,1,2,3,0,2,0.0,,
343,RPP,9,5,3,5,2,0,3,3,1,3,,1.0,1.0
343,RPP,9,5,3,3,3,0,2,1,0,2,,1.0,0.0
343,RPP,10,4,2,2,2,0,1,3,0,1,,1.0,0.0
343,RPP,10,4,2,3,2,1,2,2,1,2,1.0,,
343,RPP,10,4,2,1,2,0,1,3,0,1,,1.0,0.0
343,RPP,10,4,2,4,2,0,3,3,1,3,,1.0,1.0
411,RPP,1,2,1,2,2,1,2,2,1,2,1.0,,
411,RPP,1,2,1,1,1,1,1,1,1,1,1.0,,
411,RPP,2,3,1,2,3,0,2,2,1,2,,1.0,1.0
411,RPP,2,3,1,1,3,0,2,1,0,2,,1.0,0.0
411,RPP,2,3,1,3,3,1,3,3,1,3,1.0,,
411,RPP,3,4,1,4,1,0,3,2,0,3,,1.0,0.0
411,RPP,3,4,1,2,1,1,1,1,1,1,1.0,,
411,RPP,3,4,1,3,3,0,2,1,0,2,,1.0,0.0
411,RPP,3,4,1,1,2,0,1,1,1,1,,1.0,1.0
411,RPP,4,5,1,2,2,0,1,2,0,1,,0.0,0.0
411,RPP,4,5,1,3,2,1,2,2,1,2,1.0,,
411,RPP,4,5,1,1,3,0,1,1,1,1,,1.0,1.0
411,RPP,4,5,1,4,1,0,3,3,1,3,,1.0,1.0
411,RPP,4,5,1,5,3,1,3,3,1,3,1.0,,
411,RPP,5,3,2,2,2,1,2,2,1,2,1.0,,
411,RPP,5,3,2,3,3,1,3,3,1,3,1.0,,
411,RPP,5,3,2,1,1,1,1,1,1,1,1.0,,
411,RPP,6,5,2,2,2,1,2,2,1,2,1.0,,
411,RPP,6,5,2,3,1,0,2,1,0,2,,0.0,0.0
411,RPP,6,5,2,4,1,0,3,3,1,3,,1.0,1.0
411,RPP,6,5,2,5,3,1,3,3,1,3,1.0,,
411,RPP,6,5,2,1,2,0,1,2,0,1,,0.0,0.0
411,RPP,7,2,2,1,2,0,1,1,1,1,,1.0,1.0
411,RPP,7,2,2,2,2,0,3,1,0,3,,1.0,0.0
411,RPP,8,3,3,1,3,0,1,2,0,1,,1.0,0.0
411,RPP,8,3,3,3,3,1,3,3,1,3,1.0,,
411,RPP,8,3,3,2,2,1,2,2,1,2,1.0,,
411,RPP,9,4,2,1,2,0,1,1,1,1,,1.0,1.0
411,RPP,9,4,2,3,2,0,3,3,1,3,,1.0,1.0
411,RPP,9,4,2,2,2,1,2,2,1,2,1.0,,
411,RPP,9,4,2,4,2,0,3,1,0,3,,1.0,0.0
411,RPP,10,5,3,2,1,1,1,1,1,1,1.0,,
411,RPP,10,5,3,4,2,1,2,2,1,2,1.0,,
411,RPP,10,5,3,1,3,0,1,2,0,1,,1.0,0.0
411,RPP,10,5,3,5,3,1,3,3,1,3,1.0,,
411,RPP,10,5,3,3,2,1,2,2,1,2,1.0,,
409,RPP,1,2,1,2,1,0,2,1,0,2,,0.0,0.0
409,RPP,1,2,1,1,2,0,1,3,0,1,,1.0,0.0
409,RPP,2,3,1,2,3,0,1,3,0,1,,0.0,0.0
409,RPP,2,3,1,3,2,0,3,2,0,3,,0.0,0.0
409,RPP,2,3,1,1,1,1,1,1,1,1,1.0,,
409,RPP,3,4,1,3,3,0,2,2,1,2,,1.0,1.0
409,RPP,3,4,1,1,2,0,1,1,1,1,,1.0,1.0
409,RPP,3,4,1,4,2,0,3,1,0,3,,1.0,0.0
409,RPP,3,4,1,2,1,0,2,3,0,2,,1.0,0.0
409,RPP,4,5,1,1,3,0,1,3,0,1,,0.0,0.0
409,RPP,4,5,1,5,1,0,3,1,0,3,,0.0,0.0
409,RPP,4,5,1,4,3,1,3,3,1,3,1.0,,
409,RPP,4,5,1,3,2,1,2,2,1,2,1.0,,
409,RPP,4,5,1,2,1,0,2,1,0,2,,0.0,0.0
409,RPP,5,3,2,1,2,0,1,3,0,1,,1.0,0.0
409,RPP,5,3,2,3,1,0,3,1,0,3,,0.0,0.0
409,RPP,5,3,2,2,3,0,2,3,0,2,,0.0,0.0
409,RPP,6,5,2,1,3,0,1,3,0,1,,0.0,0.0
409,RPP,6,5,2,4,3,1,3,3,1,3,1.0,,
409,RPP,6,5,2,5,2,0,3,1,0,3,,1.0,0.0
409,RPP,6,5,2,2,1,1,1,1,1,1,1.0,,
409,RPP,6,5,2,3,2,1,2,2,1,2,1.0,,
409,RPP,7,2,2,1,3,0,2,3,0,2,,0.0,0.0
409,RPP,7,2,2,2,1,0,3,2,0,3,,1.0,0.0
409,RPP,8,3,3,2,1,0,2,2,1,2,,1.0,1.0
409,RPP,8,3,3,1,2,0,1,1,1,1,,1.0,1.0
409,RPP,8,3,3,3,3,1,3,3,1,3,1.0,,
409,RPP,9,4,2,3,1,0,3,1,0,3,,0.0,0.0
409,RPP,9,4,2,1,2,0,1,1,1,1,,1.0,1.0
409,RPP,9,4,2,2,2,1,2,2,1,2,1.0,,
409,RPP,9,4,2,4,1,0,3,3,1,3,,1.0,1.0
409,RPP,10,5,3,4,2,1,2,2,1,2,1.0,,
409,RPP,10,5,3,1,2,0,1,1,1,1,,1.0,1.0
409,RPP,10,5,3,5,3,1,3,1,0,3,0.0,,
409,RPP,10,5,3,3,1,0,2,3,0,2,,1.0,0.0
409,RPP,10,5,3,2,3,0,1,1,1,1,,1.0,1.0
410,RPP,1,2,1,2,3,0,2,2,1,2,,1.0,1.0
410,RPP,1,2,1,1,1,1,1,1,1,1,1.0,,
410,RPP,2,3,1,2,3,0,1,1,1,1,,1.0,1.0
410,RPP,2,3,1,1,3,0,1,2,0,1,,1.0,0.0
410,RPP,2,3,1,3,3,1,3,3,1,3,1.0,,
410,RPP,3,4,1,1,3,0,1,1,1,1,,1.0,1.0
410,RPP,3,4,1,2,3,0,2,2,1,2,,1.0,1.0
410,RPP,3,4,1,3,3,0,2,1,0,2,,1.0,0.0
410,RPP,3,4,1,4,3,1,3,3,1,3,1.0,,
410,RPP,4,5,1,5,3,1,3,3,1,3,1.0,,
410,RPP,4,5,1,2,1,0,2,1,0,2,,0.0,0.0
410,RPP,4,5,1,3,2,1,2,2,1,2,1.0,,
410,RPP,4,5,1,4,2,0,3,1,0,3,,1.0,0.0
410,RPP,4,5,1,1,1,1,1,1,1,1,1.0,,
410,RPP,5,3,2,2,1,0,2,2,1,2,,1.0,1.0
410,RPP,5,3,2,1,1,1,1,1,1,1,1.0,,
410,RPP,5,3,2,3,3,1,3,3,1,3,1.0,,
410,RPP,6,5,2,5,3,1,3,3,1,3,1.0,,
410,RPP,6,5,2,1,2,0,1,1,1,1,,1.0,1.0
410,RPP,6,5,2,4,2,0,3,3,1,3,,1.0,1.0
410,RPP,6,5,2,3,2,1,2,2,1,2,1.0,,
410,RPP,6,5,2,2,1,1,1,1,1,1,1.0,,
410,RPP,7,2,2,1,3,0,2,2,1,2,,1.0,1.0
410,RPP,7,2,2,2,3,1,3,3,1,3,1.0,,
410,RPP,8,3,3,1,2,0,1,1,1,1,,1.0,1.0
410,RPP,8,3,3,2,2,1,2,2,1,2,1.0,,
410,RPP,8,3,3,3,1,0,3,3,1,3,,1.0,1.0
410,RPP,9,4,2,2,3,0,2,1,0,2,,1.0,0.0
410,RPP,9,4,2,1,3,0,1,1,1,1,,1.0,1.0
410,RPP,9,4,2,3,3,1,3,3,1,3,1.0,,
410,RPP,9,4,2,4,1,0,3,1,0,3,,0.0,0.0
410,RPP,10,5,3,2,3,0,1,1,1,1,,1.0,1.0
410,RPP,10,5,3,3,3,0,2,1,0,2,,1.0,0.0
410,RPP,10,5,3,5,3,1,3,3,1,3,1.0,,
410,RPP,10,5,3,1,1,1,1,1,1,1,1.0,,
410,RPP,10,5,3,4,2,1,2,2,1,2,1.0,,
412,RPP,1,2,1,1,3,0,1,1,1,1,,1.0,1.0
412,RPP,1,2,1,2,1,0,3,2,0,3,,1.0,0.0
412,RPP,2,3,1,2,2,0,1,3,0,1,,1.0,0.0
412,RPP,2,3,1,3,1,0,2,3,0,2,,1.0,0.0
412,RPP,2,3,1,1,2,0,1,1,1,1,,1.0,1.0
412,RPP,3,5,1,4,1,0,3,2,0,3,,1.0,0.0
412,RPP,3,5,1,1,1,1,1,1,1,1,1.0,,
412,RPP,3,5,1,2,2,1,2,3,0,2,0.0,,
412,RPP,3,5,1,3,2,1,2,2,1,2,1.0,,
412,RPP,3,5,1,5,3,1,3,2,0,3,0.0,,
412,RPP,4,4,1,1,2,0,1,1,1,1,,1.0,1.0
412,RPP,4,4,1,2,2,1,2,2,1,2,1.0,,
412,RPP,4,4,1,4,1,0,3,1,0,3,,0.0,0.0
412,RPP,4,4,1,3,3,1,3,3,1,3,1.0,,
412,RPP,5,3,2,1,3,0,1,2,0,1,,1.0,0.0
412,RPP,5,3,2,2,3,0,2,3,0,2,,0.0,0.0
412,RPP,5,3,2,3,3,1,3,2,0,3,0.0,,
412,RPP,6,5,2,2,3,0,1,2,0,1,,1.0,0.0
412,RPP,6,5,2,1,3,0,1,2,0,1,,1.0,0.0
412,RPP,6,5,2,4,3,0,2,2,1,2,,1.0,1.0
412,RPP,6,5,2,3,3,0,2,1,0,2,,1.0,0.0
412,RPP,6,5,2,5,3,1,3,3,1,3,1.0,,
412,RPP,7,2,2,1,3,0,2,1,0,2,,1.0,0.0
412,RPP,7,2,2,2,3,1,3,3,1,3,1.0,,
412,RPP,8,3,3,3,3,1,3,3,1,3,1.0,,
412,RPP,8,3,3,2,2,1,2,2,1,2,1.0,,
412,RPP,8,3,3,1,1,1,1,1,1,1,1.0,,
412,RPP,9,5,3,4,2,0,3,1,0,3,,1.0,0.0
412,RPP,9,5,3,1,3,0,1,2,0,1,,1.0,0.0
412,RPP,9,5,3,5,3,1,3,3,1,3,1.0,,
412,RPP,9,5,3,2,1,1,1,1,1,1,1.0,,
412,RPP,9,5,3,3,2,1,2,1,0,2,0.0,,
412,RPP,10,4,2,4,3,1,3,3,1,3,1.0,,
412,RPP,10,4,2,2,2,1,2,2,1,2,1.0,,
412,RPP,10,4,2,3,1,0,2,3,0,2,,1.0,0.0
412,RPP,10,4,2,1,1,1,1,1,1,1,1.0,,
413,RPP,1,2,1,1,2,1,2,2,1,2,1.0,,
413,RPP,1,2,1,2,1,0,3,3,1,3,,1.0,1.0
413,RPP,2,3,1,2,3,0,2,3,0,2,,0.0,0.0
413,RPP,2,3,1,1,2,0,1,2,0,1,,0.0,0.0
413,RPP,3,5,1,3,1,0,2,3,0,2,,1.0,0.0
413,RPP,3,5,1,1,3,0,1,2,0,1,,1.0,0.0
413,RPP,3,5,1,2,2,0,1,1,1,1,,1.0,1.0
413,RPP,3,5,1,4,3,1,3,3,1,3,1.0,,
413,RPP,3,5,1,5,1,0,3,2,0,3,,1.0,0.0
413,RPP,4,4,1,3,3,1,3,3,1,3,1.0,,
413,RPP,4,4,1,1,2,0,1,3,0,1,,1.0,0.0
413,RPP,4,4,1,4,3,1,3,3,1,3,1.0,,
413,RPP,4,4,1,2,1,0,2,2,1,2,,1.0,1.0
413,RPP,5,3,2,3,2,0,3,1,0,3,,1.0,0.0
413,RPP,5,3,2,1,3,0,1,3,0,1,,0.0,0.0
413,RPP,5,3,2,2,1,0,2,2,1,2,,1.0,1.0
413,RPP,6,5,2,2,1,1,1,1,1,1,1.0,,
413,RPP,6,5,2,1,3,0,1,1,1,1,,1.0,1.0
413,RPP,6,5,2,3,3,0,2,3,0,2,,0.0,0.0
413,RPP,6,5,2,5,2,0,3,3,1,3,,1.0,1.0
413,RPP,6,5,2,4,2,1,2,2,1,2,1.0,,
413,RPP,7,2,2,1,3,0,1,1,1,1,,1.0,1.0
413,RPP,7,2,2,2,1,0,3,2,0,3,,1.0,0.0
413,RPP,8,3,3,2,2,1,2,2,1,2,1.0,,
413,RPP,8,3,3,1,3,0,1,1,1,1,,1.0,1.0
413,RPP,8,3,3,3,1,0,3,3,1,3,,1.0,1.0
413,RPP,9,5,3,4,2,0,3,1,0,3,,1.0,0.0
413,RPP,9,5,3,1,3,0,1,1,1,1,,1.0,1.0
413,RPP,9,5,3,2,3,0,2,2,1,2,,1.0,1.0
413,RPP,9,5,3,5,2,0,3,3,1,3,,1.0,1.0
413,RPP,9,5,3,3,1,0,2,1,0,2,,0.0,0.0
413,RPP,10,4,2,2,3,0,1,1,1,1,,1.0,1.0
413,RPP,10,4,2,3,2,1,2,2,1,2,1.0,,
413,RPP,10,4,2,1,1,1,1,2,0,1,0.0,,
413,RPP,10,4,2,4,2,0,3,1,0,3,,1.0,0.0
415,RPP,1,2,1,1,2,0,1,1,1,1,,1.0,1.0
415,RPP,1,2,1,2,3,0,2,3,0,2,,0.0,0.0
415,RPP,2,3,1,2,3,0,2,1,0,2,,1.0,0.0
415,RPP,2,3,1,1,1,0,2,1,0,2,,0.0,0.0
415,RPP,2,3,1,3,1,0,3,3,1,3,,1.0,1.0
415,RPP,3,4,1,4,1,0,3,1,0,3,,0.0,0.0
415,RPP,3,4,1,1,2,0,1,3,0,1,,1.0,0.0
415,RPP,3,4,1,2,3,0,1,1,1,1,,1.0,1.0
415,RPP,3,4,1,3,3,0,2,1,0,2,,1.0,0.0
415,RPP,4,5,1,4,3,1,3,3,1,3,1.0,,
415,RPP,4,5,1,3,1,0,2,2,1,2,,1.0,1.0
415,RPP,4,5,1,2,2,0,1,3,0,1,,1.0,0.0
415,RPP,4,5,1,1,2,0,1,2,0,1,,0.0,0.0
415,RPP,4,5,1,5,3,1,3,3,1,3,1.0,,
415,RPP,5,3,2,1,2,0,1,3,0,1,,1.0,0.0
415,RPP,5,3,2,2,3,0,2,1,0,2,,1.0,0.0
415,RPP,5,3,2,3,2,0,3,1,0,3,,1.0,0.0
415,RPP,6,5,2,1,1,1,1,1,1,1,1.0,,
415,RPP,6,5,2,4,2,0,3,3,1,3,,1.0,1.0
415,RPP,6,5,2,5,1,0,3,3,1,3,,1.0,1.0
415,RPP,6,5,2,2,1,0,2,3,0,2,,1.0,0.0
415,RPP,6,5,2,3,3,0,2,2,1,2,,1.0,1.0
415,RPP,7,2,2,1,2,0,1,3,0,1,,1.0,0.0
415,RPP,7,2,2,2,1,0,3,3,1,3,,1.0,1.0
415,RPP,8,3,3,3,2,0,3,3,1,3,,1.0,1.0
415,RPP,8,3,3,2,2,1,2,2,1,2,1.0,,
415,RPP,8,3,3,1,2,0,1,1,1,1,,1.0,1.0
415,RPP,9,4,2,1,3,0,1,2,0,1,,1.0,0.0
415,RPP,9,4,2,4,3,1,3,3,1,3,1.0,,
415,RPP,9,4,2,2,2,1,2,2,1,2,1.0,,
415,RPP,9,4,2,3,1,0,3,2,0,3,,1.0,0.0
415,RPP,10,5,3,2,2,0,1,1,1,1,,1.0,1.0
415,RPP,10,5,3,1,3,0,1,2,0,1,,1.0,0.0
415,RPP,10,5,3,4,2,1,2,2,1,2,1.0,,
415,RPP,10,5,3,3,1,0,2,1,0,2,,0.0,0.0
415,RPP,10,5,3,5,2,0,3,2,0,3,,0.0,0.0
416,RPP,1,2,1,1,1,0,2,2,1,2,,1.0,1.0
416,RPP,1,2,1,2,3,1,3,3,1,3,1.0,,
416,RPP,2,3,1,2,1,0,3,2,0,3,,1.0,0.0
416,RPP,2,3,1,1,2,0,1,1,1,1,,1.0,1.0
416,RPP,2,3,1,3,2,0,3,3,1,3,,1.0,1.0
416,RPP,3,4,1,4,3,1,3,3,1,3,1.0,,
416,RPP,3,4,1,1,2,0,1,3,0,1,,1.0,0.0
416,RPP,3,4,1,2,2,1,2,2,1,2,1.0,,
416,RPP,3,4,1,3,1,0,2,3,0,2,,1.0,0.0
416,RPP,4,5,1,2,3,0,1,1,1,1,,1.0,1.0
416,RPP,4,5,1,3,2,1,2,2,1,2,1.0,,
416,RPP,4,5,1,5,2,0,3,3,1,3,,1.0,1.0
416,RPP,4,5,1,1,2,0,1,1,1,1,,1.0,1.0
416,RPP,4,5,1,4,1,0,2,1,0,2,,0.0,0.0
416,RPP,5,3,2,3,2,0,3,3,1,3,,1.0,1.0
416,RPP,5,3,2,1,2,0,1,1,1,1,,1.0,1.0
416,RPP,5,3,2,2,2,1,2,2,1,2,1.0,,
416,RPP,6,5,2,4,2,0,3,1,0,3,,1.0,0.0
416,RPP,6,5,2,2,2,0,1,1,1,1,,1.0,1.0
416,RPP,6,5,2,1,2,0,1,3,0,1,,1.0,0.0
416,RPP,6,5,2,5,2,0,3,3,1,3,,1.0,1.0
416,RPP,6,5,2,3,2,1,2,3,0,2,0.0,,
416,RPP,7,2,2,1,3,0,1,2,0,1,,1.0,0.0
416,RPP,7,2,2,2,3,0,2,2,1,2,,1.0,1.0
416,RPP,8,3,3,3,1,0,3,3,1,3,,1.0,1.0
416,RPP,8,3,3,1,1,1,1,1,1,1,1.0,,
416,RPP,8,3,3,2,1,0,2,3,0,2,,1.0,0.0
416,RPP,9,4,2,3,3,0,2,2,1,2,,1.0,1.0
416,RPP,9,4,2,4,3,1,3,3,1,3,1.0,,
416,RPP,9,4,2,2,1,1,1,1,1,1,1.0,,
416,RPP,9,4,2,1,2,0,1,3,0,1,,1.0,0.0
416,RPP,10,5,3,4,1,0,3,2,0,3,,1.0,0.0
416,RPP,10,5,3,2,1,0,2,2,1,2,,1.0,1.0
416,RPP,10,5,3,5,1,0,3,3,1,3,,1.0,1.0
416,RPP,10,5,3,3,1,0,2,2,1,2,,1.0,1.0
416,RPP,10,5,3,1,1,1,1,1,1,1,1.0,,
417,RPP,1,2,1,1,2,0,1,3,0,1,,1.0,0.0
417,RPP,1,2,1,2,1,0,2,1,0,2,,0.0,0.0
417,RPP,2,3,1,3,3,1,3,3,1,3,1.0,,
417,RPP,2,3,1,2,2,1,2,2,1,2,1.0,,
417,RPP,2,3,1,1,1,0,2,1,0,2,,0.0,0.0
417,RPP,3,4,1,3,3,0,2,2,1,2,,1.0,1.0
417,RPP,3,4,1,2,3,0,1,1,1,1,,1.0,1.0
417,RPP,3,4,1,4,3,1,3,3,1,3,1.0,,
417,RPP,3,4,1,1,3,0,1,2,0,1,,1.0,0.0
417,RPP,4,5,1,1,3,0,1,2,0,1,,1.0,0.0
417,RPP,4,5,1,2,3,0,1,1,1,1,,1.0,1.0
417,RPP,4,5,1,3,3,0,2,2,1,2,,1.0,1.0
417,RPP,4,5,1,5,3,1,3,3,1,3,1.0,,
417,RPP,4,5,1,4,2,0,3,2,0,3,,0.0,0.0
417,RPP,5,3,2,1,3,0,1,2,0,1,,1.0,0.0
417,RPP,5,3,2,2,3,0,2,2,1,2,,1.0,1.0
417,RPP,5,3,2,3,3,1,3,3,1,3,1.0,,
417,RPP,6,5,2,2,3,0,2,3,0,2,,0.0,0.0
417,RPP,6,5,2,1,3,0,1,2,0,1,,1.0,0.0
417,RPP,6,5,2,4,3,1,3,3,1,3,1.0,,
417,RPP,6,5,2,5,2,0,3,2,0,3,,0.0,0.0
417,RPP,6,5,2,3,3,0,2,1,0,2,,1.0,0.0
417,RPP,7,2,2,2,3,1,3,3,1,3,1.0,,
417,RPP,7,2,2,1,1,1,1,1,1,1,1.0,,
417,RPP,8,3,3,1,3,0,1,2,0,1,,1.0,0.0
417,RPP,8,3,3,3,3,1,3,3,1,3,1.0,,
417,RPP,8,3,3,2,3,0,2,2,1,2,,1.0,1.0
417,RPP,9,4,2,1,3,0,1,1,1,1,,1.0,1.0
417,RPP,9,4,2,3,3,1,3,3,1,3,1.0,,
417,RPP,9,4,2,4,3,1,3,3,1,3,1.0,,
417,RPP,9,4,2,2,2,1,2,2,1,2,1.0,,
417,RPP,10,5,3,3,3,0,2,2,1,2,,1.0,1.0
417,RPP,10,5,3,2,3,0,1,2,0,1,,1.0,0.0
417,RPP,10,5,3,5,3,1,3,3,1,3,1.0,,
417,RPP,10,5,3,1,3,0,1,2,0,1,,1.0,0.0
417,RPP,10,5,3,4,3,0,2,2,1,2,,1.0,1.0
419,RPP,1,2,1,2,1,0,2,2,1,2,,1.0,1.0
419,RPP,1,2,1,1,3,0,1,1,1,1,,1.0,1.0
419,RPP,2,3,1,2,3,0,1,2,0,1,,1.0,0.0
419,RPP,2,3,1,3,3,1,3,3,1,3,1.0,,
419,RPP,2,3,1,1,2,0,1,1,1,1,,1.0,1.0
419,RPP,3,4,1,3,3,0,2,2,1,2,,1.0,1.0
419,RPP,3,4,1,1,1,1,1,1,1,1,1.0,,
419,RPP,3,4,1,4,2,0,3,2,0,3,,0.0,0.0
419,RPP,3,4,1,2,3,0,2,1,0,2,,1.0,0.0
419,RPP,4,5,1,1,3,0,1,1,1,1,,1.0,1.0
419,RPP,4,5,1,5,1,0,3,1,0,3,,0.0,0.0
419,RPP,4,5,1,4,2,0,3,1,0,3,,1.0,0.0
419,RPP,4,5,1,3,2,1,2,2,1,2,1.0,,
419,RPP,4,5,1,2,2,1,2,2,1,2,1.0,,
419,RPP,5,3,2,1,1,1,1,1,1,1,1.0,,
419,RPP,5,3,2,3,3,1,3,3,1,3,1.0,,
419,RPP,5,3,2,2,2,1,2,2,1,2,1.0,,
419,RPP,6,5,2,1,3,0,1,3,0,1,,0.0,0.0
419,RPP,6,5,2,4,1,0,3,2,0,3,,1.0,0.0
419,RPP,6,5,2,5,2,0,3,2,0,3,,0.0,0.0
419,RPP,6,5,2,2,2,0,1,2,0,1,,0.0,0.0
419,RPP,6,5,2,3,2,1,2,3,0,2,0.0,,
419,RPP,7,2,2,1,1,0,2,2,1,2,,1.0,1.0
419,RPP,7,2,2,2,3,1,3,3,1,3,1.0,,
419,RPP,8,3,3,2,1,0,2,2,1,2,,1.0,1.0
419,RPP,8,3,3,1,1,1,1,1,1,1,1.0,,
419,RPP,8,3,3,3,3,1,3,3,1,3,1.0,,
419,RPP,9,4,2,3,1,0,3,2,0,3,,1.0,0.0
419,RPP,9,4,2,1,1,1,1,1,1,1,1.0,,
419,RPP,9,4,2,2,3,0,2,3,0,2,,0.0,0.0
419,RPP,9,4,2,4,2,0,3,3,1,3,,1.0,1.0
419,RPP,10,5,3,4,3,0,2,3,0,2,,0.0,0.0
419,RPP,10,5,3,1,3,0,1,1,1,1,,1.0,1.0
419,RPP,10,5,3,5,3,1,3,3,1,3,1.0,,
419,RPP,10,5,3,3,2,1,2,2,1,2,1.0,,
419,RPP,10,5,3,2,1,1,1,1,1,1,1.0,,
420,RPP,1,2,1,2,2,1,2,2,1,2,1.0,,
420,RPP,1,2,1,1,3,0,1,1,1,1,,1.0,1.0
420,RPP,2,3,1,2,3,0,1,2,0,1,,1.0,0.0
420,RPP,2,3,1,1,2,0,1,3,0,1,,1.0,0.0
420,RPP,2,3,1,3,1,0,3,2,0,3,,1.0,0.0
420,RPP,3,4,1,1,2,0,1,1,1,1,,1.0,1.0
420,RPP,3,4,1,2,1,0,2,3,0,2,,1.0,0.0
420,RPP,3,4,1,3,3,0,2,1,0,2,,1.0,0.0
420,RPP,3,4,1,4,1,0,3,1,0,3,,0.0,0.0
420,RPP,4,5,1,5,3,1,3,3,1,3,1.0,,
420,RPP,4,5,1,2,2,1,2,2,1,2,1.0,,
420,RPP,4,5,1,3,1,0,2,2,1,2,,1.0,1.0
420,RPP,4,5,1,4,2,0,3,1,0,3,,1.0,0.0
420,RPP,4,5,1,1,3,0,1,3,0,1,,0.0,0.0
420,RPP,5,3,2,2,1,0,2,2,1,2,,1.0,1.0
420,RPP,5,3,2,1,2,0,1,3,0,1,,1.0,0.0
420,RPP,5,3,2,3,3,1,3,1,0,3,0.0,,
420,RPP,6,5,2,5,1,0,3,1,0,3,,0.0,0.0
420,RPP,6,5,2,1,3,0,1,1,1,1,,1.0,1.0
420,RPP,6,5,2,3,1,0,2,2,1,2,,1.0,1.0
420,RPP,6,5,2,2,3,0,1,3,0,1,,0.0,0.0
420,RPP,7,2,2,1,2,1,2,2,1,2,1.0,,
420,RPP,7,2,2,2,1,0,3,3,1,3,,1.0,1.0
420,RPP,8,3,3,1,1,1,1,1,1,1,1.0,,
420,RPP,8,3,3,2,3,0,2,2,1,2,,1.0,1.0
420,RPP,8,3,3,3,3,1,3,3,1,3,1.0,,
420,RPP,9,4,2,2,1,0,2,2,1,2,,1.0,1.0
420,RPP,9,4,2,1,2,0,1,1,1,1,,1.0,1.0
420,RPP,9,4,2,3,2,0,3,3,1,3,,1.0,1.0
420,RPP,9,4,2,4,2,0,3,3,1,3,,1.0,1.0
420,RPP,10,5,3,2,2,0,1,1,1,1,,1.0,1.0
420,RPP,10,5,3,3,2,1,2,2,1,2,1.0,,
420,RPP,10,5,3,5,3,1,3,1,0,3,0.0,,
420,RPP,10,5,3,1,1,1,1,2,0,1,0.0,,
420,RPP,10,5,3,4,3,0,2,2,1,2,,1.0,1.0
421,RPP,1,2,1,2,2,1,2,2,1,2,1.0,,
421,RPP,1,2,1,1,1,1,1,1,1,1,1.0,,
421,RPP,2,3,1,2,2,1,2,2,1,2,1.0,,
421,RPP,2,3,1,1,3,0,2,1,0,2,,1.0,0.0
421,RPP,2,3,1,3,1,0,3,1,0,3,,0.0,0.0
421,RPP,3,4,1,4,2,0,3,1,0,3,,1.0,0.0
421,RPP,3,4,1,2,2,0,1,2,0,1,,0.0,0.0
421,RPP,3,4,1,3,2,1,2,2,1,2,1.0,,
421,RPP,3,4,1,1,3,0,1,1,1,1,,1.0,1.0
421,RPP,4,5,1,2,2,0,1,2,0,1,,0.0,0.0
421,RPP,4,5,1,3,1,0,2,1,0,2,,0.0,0.0
421,RPP,4,5,1,1,2,0,1,2,0,1,,0.0,0.0
421,RPP,4,5,1,4,2,0,3,1,0,3,,1.0,0.0
421,RPP,4,5,1,5,2,0,3,2,0,3,,0.0,0.0
421,RPP,5,3,2,2,2,1,2,2,1,2,1.0,,
421,RPP,5,3,2,3,1,0,3,3,1,3,,1.0,1.0
421,RPP,5,3,2,1,3,0,1,2,0,1,,1.0,0.0
421,RPP,6,5,2,2,2,1,2,2,1,2,1.0,,
421,RPP,6,5,2,3,3,0,2,3,0,2,,0.0,0.0
421,RPP,6,5,2,4,1,0,3,2,0,3,,1.0,0.0
421,RPP,6,5,2,5,2,0,3,1,0,3,,1.0,0.0
421,RPP,6,5,2,1,2,0,1,3,0,1,,1.0,0.0
421,RPP,7,2,2,1,1,1,1,1,1,1,1.0,,
421,RPP,7,2,2,2,3,1,3,3,1,3,1.0,,
421,RPP,8,3,3,1,3,0,1,2,0,1,,1.0,0.0
421,RPP,8,3,3,3,1,0,3,1,0,3,,0.0,0.0
421,RPP,8,3,3,2,1,0,2,3,0,2,,1.0,0.0
421,RPP,9,4,2,1,3,0,1,2,0,1,,1.0,0.0
421,RPP,9,4,2,3,3,1,3,2,0,3,0.0,,
421,RPP,9,4,2,2,3,0,2,2,1,2,,1.0,1.0
421,RPP,9,4,2,4,3,1,3,3,1,3,1.0,,
421,RPP,10,5,3,2,3,0,1,2,0,1,,1.0,0.0
421,RPP,10,5,3,4,3,0,2,2,1,2,,1.0,1.0
421,RPP,10,5,3,1,3,0,1,2,0,1,,1.0,0.0
421,RPP,10,5,3,5,3,1,3,3,1,3,1.0,,
421,RPP,10,5,3,3,3,0,2,2,1,2,,1.0,1.0
422,RPP,1,2,1,1,2,0,1,1,1,1,,1.0,1.0
422,RPP,1,2,1,2,2,0,3,1,0,3,,1.0,0.0
422,RPP,2,3,1,2,2,0,1,3,0,1,,1.0,0.0
422,RPP,2,3,1,3,2,1,2,2,1,2,1.0,,
422,RPP,2,3,1,1,1,1,1,1,1,1,1.0,,
422,RPP,3,5,1,4,1,0,3,1,0,3,,0.0,0.0
422,RPP,3,5,1,1,1,1,1,2,0,1,0.0,,
422,RPP,3,5,1,2,1,0,2,2,1,2,,1.0,1.0
422,RPP,3,5,1,3,1,0,2,2,1,2,,1.0,1.0
422,RPP,3,5,1,5,1,0,3,1,0,3,,0.0,0.0
422,RPP,4,4,1,1,1,1,1,1,1,1,1.0,,
422,RPP,4,4,1,2,2,1,2,2,1,2,1.0,,
422,RPP,4,4,1,4,1,0,3,3,1,3,,1.0,1.0
422,RPP,4,4,1,3,1,0,3,3,1,3,,1.0,1.0
422,RPP,5,3,2,1,1,1,1,1,1,1,1.0,,
422,RPP,5,3,2,2,1,0,2,2,1,2,,1.0,1.0
422,RPP,5,3,2,3,1,0,3,3,1,3,,1.0,1.0
422,RPP,6,5,2,2,1,1,1,1,1,1,1.0,,
422,RPP,6,5,2,1,1,1,1,1,1,1,1.0,,
422,RPP,6,5,2,4,1,0,2,2,1,2,,1.0,1.0
422,RPP,6,5,2,3,1,0,2,2,1,2,,1.0,1.0
422,RPP,6,5,2,5,1,0,3,3,1,3,,1.0,1.0
422,RPP,7,2,2,1,1,0,2,2,1,2,,1.0,1.0
422,RPP,7,2,2,2,1,0,3,2,0,3,,1.0,0.0
422,RPP,8,3,3,3,1,0,3,2,0,3,,1.0,0.0
422,RPP,8,3,3,2,1,0,2,2,1,2,,1.0,1.0
422,RPP,8,3,3,1,1,1,1,2,0,1,0.0,,
422,RPP,9,5,3,4,1,0,3,2,0,3,,1.0,0.0
422,RPP,9,5,3,1,1,1,1,1,1,1,1.0,,
422,RPP,9,5,3,5,1,0,3,2,0,3,,1.0,0.0
422,RPP,9,5,3,2,1,1,1,1,1,1,1.0,,
422,RPP,9,5,3,3,1,0,2,2,1,2,,1.0,1.0
422,RPP,10,4,2,4,1,0,3,2,0,3,,1.0,0.0
422,RPP,10,4,2,2,1,0,2,2,1,2,,1.0,1.0
422,RPP,10,4,2,3,1,0,2,2,1,2,,1.0,1.0
422,RPP,10,4,2,1,1,1,1,1,1,1,1.0,,
423,RPP,1,2,1,1,1,0,2,2,1,2,,1.0,1.0
423,RPP,1,2,1,2,3,1,3,3,1,3,1.0,,
423,RPP,2,3,1,2,3,0,2,1,0,2,,1.0,0.0
423,RPP,2,3,1,3,3,0,2,2,1,2,,1.0,1.0
423,RPP,2,3,1,1,3,0,1,3,0,1,,0.0,0.0
423,RPP,3,5,1,3,2,1,2,2,1,2,1.0,,
423,RPP,3,5,1,1,2,0,1,3,0,1,,1.0,0.0
423,RPP,3,5,1,2,2,0,1,3,0,1,,1.0,0.0
423,RPP,3,5,1,4,2,0,3,3,1,3,,1.0,1.0
423,RPP,3,5,1,5,2,0,3,3,1,3,,1.0,1.0
423,RPP,4,4,1,3,2,0,3,3,1,3,,1.0,1.0
423,RPP,4,4,1,1,2,0,1,3,0,1,,1.0,0.0
423,RPP,4,4,1,4,2,0,3,3,1,3,,1.0,1.0
423,RPP,4,4,1,2,2,1,2,2,1,2,1.0,,
423,RPP,5,3,2,3,2,0,3,3,1,3,,1.0,1.0
423,RPP,5,3,2,1,2,0,1,3,0,1,,1.0,0.0
423,RPP,5,3,2,2,2,1,2,2,1,2,1.0,,
423,RPP,6,5,2,2,2,0,1,2,0,1,,0.0,0.0
423,RPP,6,5,2,1,2,0,1,3,0,1,,1.0,0.0
423,RPP,6,5,2,3,2,1,2,2,1,2,1.0,,
423,RPP,6,5,2,5,2,0,3,3,1,3,,1.0,1.0
423,RPP,6,5,2,4,2,1,2,3,0,2,0.0,,
423,RPP,7,2,2,1,2,0,1,3,0,1,,1.0,0.0
423,RPP,7,2,2,2,2,0,3,3,1,3,,1.0,1.0
423,RPP,8,3,3,2,2,1,2,2,1,2,1.0,,
423,RPP,8,3,3,1,3,0,1,1,1,1,,1.0,1.0
423,RPP,8,3,3,3,3,1,3,3,1,3,1.0,,
423,RPP,9,5,3,4,2,0,3,1,0,3,,1.0,0.0
423,RPP,9,5,3,1,2,0,1,1,1,1,,1.0,1.0
423,RPP,9,5,3,2,2,1,2,2,1,2,1.0,,
423,RPP,9,5,3,5,2,0,3,3,1,3,,1.0,1.0
423,RPP,9,5,3,3,2,1,2,2,1,2,1.0,,
423,RPP,10,4,2,2,2,0,1,3,0,1,,1.0,0.0
423,RPP,10,4,2,3,2,1,2,2,1,2,1.0,,
423,RPP,10,4,2,1,2,0,1,3,0,1,,1.0,0.0
423,RPP,10,4,2,4,2,0,3,3,1,3,,1.0,1.0
424,RPP,1,2,1,2,2,0,3,1,0,3,,1.0,0.0
424,RPP,1,2,1,1,3,0,1,2,0,1,,1.0,0.0
424,RPP,2,3,1,2,2,0,1,2,0,1,,0.0,0.0
424,RPP,2,3,1,3,3,0,2,3,0,2,,0.0,0.0
424,RPP,2,3,1,1,1,1,1,1,1,1,1.0,,
424,RPP,3,5,1,3,2,1,2,2,1,2,1.0,,
424,RPP,3,5,1,1,1,1,1,1,1,1,1.0,,
424,RPP,3,5,1,4,3,1,3,3,1,3,1.0,,
424,RPP,3,5,1,2,2,1,2,2,1,2,1.0,,
424,RPP,3,5,1,5,2,0,3,3,1,3,,1.0,1.0
424,RPP,4,4,1,4,2,0,3,3,1,3,,1.0,1.0
424,RPP,4,4,1,2,3,0,2,2,1,2,,1.0,1.0
424,RPP,4,4,1,3,1,0,3,1,0,3,,0.0,0.0
424,RPP,4,4,1,1,2,0,1,1,1,1,,1.0,1.0
424,RPP,5,3,2,3,2,0,3,1,0,3,,1.0,0.0
424,RPP,5,3,2,2,2,1,2,2,1,2,1.0,,
424,RPP,5,3,2,1,3,0,1,3,0,1,,0.0,0.0
424,RPP,6,5,2,3,3,0,2,3,0,2,,0.0,0.0
424,RPP,6,5,2,4,2,1,2,2,1,2,1.0,,
424,RPP,6,5,2,2,1,1,1,1,1,1,1.0,,
424,RPP,6,5,2,1,1,1,1,1,1,1,1.0,,
424,RPP,6,5,2,5,3,1,3,3,1,3,1.0,,
424,RPP,7,2,2,2,1,0,3,2,0,3,,1.0,0.0
424,RPP,8,3,3,3,2,0,3,2,0,3,,0.0,0.0
424,RPP,8,3,3,1,3,0,1,3,0,1,,0.0,0.0
424,RPP,8,3,3,2,1,0,2,2,1,2,,1.0,1.0
424,RPP,9,5,3,3,2,1,2,2,1,2,1.0,,
424,RPP,9,5,3,5,3,1,3,3,1,3,1.0,,
424,RPP,9,5,3,2,3,0,1,1,1,1,,1.0,1.0
424,RPP,9,5,3,4,1,0,3,2,0,3,,1.0,0.0
424,RPP,9,5,3,1,2,0,1,1,1,1,,1.0,1.0
424,RPP,10,4,2,4,1,0,3,3,1,3,,1.0,1.0
424,RPP,10,4,2,1,2,0,1,3,0,1,,1.0,0.0
424,RPP,10,4,2,2,2,1,2,2,1,2,1.0,,
424,RPP,10,4,2,3,2,1,2,2,1,2,1.0,,
427,RPP,1,2,1,1,1,1,1,1,1,1,1.0,,
427,RPP,1,2,1,2,1,0,2,2,1,2,,1.0,1.0
427,RPP,2,3,1,3,1,0,3,2,0,3,,1.0,0.0
427,RPP,2,3,1,2,1,0,2,2,1,2,,1.0,1.0
427,RPP,2,3,1,1,1,0,2,2,1,2,,1.0,1.0
427,RPP,3,4,1,3,1,0,2,2,1,2,,1.0,1.0
427,RPP,3,4,1,2,1,1,1,1,1,1,1.0,,
427,RPP,3,4,1,4,1,0,3,2,0,3,,1.0,0.0
427,RPP,3,4,1,1,1,1,1,1,1,1,1.0,,
427,RPP,4,5,1,1,1,1,1,1,1,1,1.0,,
427,RPP,4,5,1,2,1,1,1,1,1,1,1.0,,
427,RPP,4,5,1,3,1,0,2,2,1,2,,1.0,1.0
427,RPP,4,5,1,5,1,0,3,2,0,3,,1.0,0.0
427,RPP,4,5,1,4,1,0,3,2,0,3,,1.0,0.0
427,RPP,5,3,2,1,1,1,1,1,1,1,1.0,,
427,RPP,5,3,2,2,1,0,2,2,1,2,,1.0,1.0
427,RPP,5,3,2,3,1,0,3,2,0,3,,1.0,0.0
427,RPP,6,5,2,2,1,0,2,2,1,2,,1.0,1.0
427,RPP,6,5,2,1,1,1,1,1,1,1,1.0,,
427,RPP,6,5,2,4,1,0,3,2,0,3,,1.0,0.0
427,RPP,6,5,2,5,1,0,3,2,0,3,,1.0,0.0
427,RPP,6,5,2,3,1,0,2,2,1,2,,1.0,1.0
427,RPP,7,2,2,2,1,0,3,3,1,3,,1.0,1.0
427,RPP,7,2,2,1,1,1,1,1,1,1,1.0,,
427,RPP,8,3,3,1,1,1,1,1,1,1,1.0,,
427,RPP,8,3,3,3,1,0,3,2,0,3,,1.0,0.0
427,RPP,8,3,3,2,1,0,2,2,1,2,,1.0,1.0
427,RPP,9,4,2,1,1,1,1,1,1,1,1.0,,
427,RPP,9,4,2,3,1,0,3,2,0,3,,1.0,0.0
427,RPP,9,4,2,4,1,0,3,2,0,3,,1.0,0.0
427,RPP,9,4,2,2,1,0,2,2,1,2,,1.0,1.0
427,RPP,10,5,3,3,1,0,2,3,0,2,,1.0,0.0
427,RPP,10,5,3,2,1,1,1,1,1,1,1.0,,
427,RPP,10,5,3,5,1,0,3,2,0,3,,1.0,0.0
427,RPP,10,5,3,1,1,1,1,1,1,1,1.0,,
427,RPP,10,5,3,4,1,0,2,2,1,2,,1.0,1.0
428,RPP,1,2,1,2,3,0,2,1,0,2,,1.0,0.0
428,RPP,1,2,1,1,3,0,1,2,0,1,,1.0,0.0
428,RPP,2,4,1,3,3,0,2,2,1,2,,1.0,1.0
428,RPP,2,4,1,4,3,1,3,3,1,3,1.0,,
428,RPP,2,4,1,2,3,0,2,2,1,2,,1.0,1.0
428,RPP,2,4,1,1,3,0,1,2,0,1,,1.0,0.0
428,RPP,3,3,1,2,3,0,1,2,0,1,,1.0,0.0
428,RPP,3,3,1,3,3,1,3,3,1,3,1.0,,
428,RPP,3,3,1,1,3,0,1,2,0,1,,1.0,0.0
428,RPP,4,5,1,3,3,0,2,2,1,2,,1.0,1.0
428,RPP,4,5,1,5,3,1,3,3,1,3,1.0,,
428,RPP,4,5,1,1,3,0,1,1,1,1,,1.0,1.0
428,RPP,4,5,1,4,3,1,3,3,1,3,1.0,,
428,RPP,4,5,1,2,3,0,2,2,1,2,,1.0,1.0
428,RPP,5,3,2,1,3,0,1,1,1,1,,1.0,1.0
428,RPP,5,3,2,2,3,0,2,2,1,2,,1.0,1.0
428,RPP,5,3,2,3,3,1,3,3,1,3,1.0,,
428,RPP,6,5,2,2,3,0,1,2,0,1,,1.0,0.0
428,RPP,6,5,2,5,3,1,3,3,1,3,1.0,,
428,RPP,6,5,2,4,3,1,3,3,1,3,1.0,,
428,RPP,6,5,2,3,3,0,2,3,0,2,,0.0,0.0
428,RPP,6,5,2,1,3,0,1,2,0,1,,1.0,0.0
428,RPP,7,2,2,2,3,1,3,3,1,3,1.0,,
428,RPP,7,2,2,1,1,0,2,2,1,2,,1.0,1.0
428,RPP,8,4,2,1,3,0,1,1,1,1,,1.0,1.0
428,RPP,8,4,2,3,3,1,3,3,1,3,1.0,,
428,RPP,8,4,2,2,3,0,2,1,0,2,,1.0,0.0
428,RPP,8,4,2,4,3,1,3,3,1,3,1.0,,
428,RPP,9,3,3,1,3,0,1,2,0,1,,1.0,0.0
428,RPP,9,3,3,3,3,1,3,3,1,3,1.0,,
428,RPP,9,3,3,2,3,0,2,1,0,2,,1.0,0.0
428,RPP,10,5,3,4,3,0,2,2,1,2,,1.0,1.0
428,RPP,10,5,3,1,3,0,1,2,0,1,,1.0,0.0
428,RPP,10,5,3,5,3,1,3,3,1,3,1.0,,
428,RPP,10,5,3,3,3,0,2,2,1,2,,1.0,1.0
428,RPP,10,5,3,2,3,0,1,2,0,1,,1.0,0.0
429,RPP,1,2,1,2,1,0,2,3,0,2,,1.0,0.0
429,RPP,1,2,1,1,1,1,1,1,1,1,1.0,,
429,RPP,2,3,1,2,2,0,1,3,0,1,,1.0,0.0
429,RPP,2,3,1,3,2,0,3,3,1,3,,1.0,1.0
429,RPP,2,3,1,1,2,0,1,3,0,1,,1.0,0.0
429,RPP,3,4,1,3,2,1,2,2,1,2,1.0,,
429,RPP,3,4,1,1,2,0,1,3,0,1,,1.0,0.0
429,RPP,3,4,1,4,2,0,3,2,0,3,,0.0,0.0
429,RPP,3,4,1,2,2,1,2,2,1,2,1.0,,
429,RPP,4,5,1,1,3,0,1,3,0,1,,0.0,0.0
429,RPP,4,5,1,5,2,0,3,1,0,3,,1.0,0.0
429,RPP,4,5,1,4,1,0,3,2,0,3,,1.0,0.0
429,RPP,4,5,1,3,2,1,2,2,1,2,1.0,,
429,RPP,4,5,1,2,2,1,2,1,0,2,0.0,,
429,RPP,5,3,2,1,2,0,1,3,0,1,,1.0,0.0
429,RPP,5,3,2,2,2,1,2,2,1,2,1.0,,
429,RPP,6,5,2,1,1,1,1,1,1,1,1.0,,
429,RPP,6,5,2,4,2,0,3,1,0,3,,1.0,0.0
429,RPP,6,5,2,5,2,0,3,3,1,3,,1.0,1.0
429,RPP,6,5,2,2,2,0,1,3,0,1,,1.0,0.0
429,RPP,6,5,2,3,2,1,2,2,1,2,1.0,,
429,RPP,7,2,2,1,2,1,2,2,1,2,1.0,,
429,RPP,7,2,2,2,3,1,3,3,1,3,1.0,,
429,RPP,8,3,3,2,3,0,2,1,0,2,,1.0,0.0
429,RPP,8,3,3,1,3,0,1,1,1,1,,1.0,1.0
429,RPP,8,3,3,3,3,1,3,3,1,3,1.0,,
429,RPP,9,4,2,3,2,0,3,1,0,3,,1.0,0.0
429,RPP,9,4,2,2,2,1,2,2,1,2,1.0,,
429,RPP,9,4,2,4,2,0,3,3,1,3,,1.0,1.0
429,RPP,10,5,3,4,3,0,2,3,0,2,,0.0,0.0
429,RPP,10,5,3,5,3,1,3,1,0,3,0.0,,
429,RPP,10,5,3,3,1,0,2,2,1,2,,1.0,1.0
429,RPP,10,5,3,2,2,0,1,3,0,1,,1.0,0.0
430,RPP,1,2,1,2,2,1,2,2,1,2,1.0,,
430,RPP,1,2,1,1,1,1,1,1,1,1,1.0,,
430,RPP,2,3,1,2,1,1,1,1,1,1,1.0,,
430,RPP,2,3,1,1,3,0,1,2,0,1,,1.0,0.0
430,RPP,2,3,1,3,3,1,3,3,1,3,1.0,,
430,RPP,3,4,1,1,2,0,1,1,1,1,,1.0,1.0
430,RPP,3,4,1,2,1,0,2,2,1,2,,1.0,1.0
430,RPP,3,4,1,3,3,0,2,2,1,2,,1.0,1.0
430,RPP,3,4,1,4,2,0,3,3,1,3,,1.0,1.0
430,RPP,4,5,1,5,2,0,3,3,1,3,,1.0,1.0
430,RPP,4,5,1,2,2,1,2,2,1,2,1.0,,
430,RPP,4,5,1,3,2,1,2,2,1,2,1.0,,
430,RPP,4,5,1,4,2,0,3,1,0,3,,1.0,0.0
430,RPP,4,5,1,1,1,1,1,1,1,1,1.0,,
430,RPP,5,3,2,2,2,1,2,2,1,2,1.0,,
430,RPP,5,3,2,1,1,1,1,1,1,1,1.0,,
430,RPP,5,3,2,3,3,1,3,3,1,3,1.0,,
430,RPP,6,5,2,5,2,0,3,1,0,3,,1.0,0.0
430,RPP,6,5,2,1,2,0,1,1,1,1,,1.0,1.0
430,RPP,6,5,2,4,2,0,3,2,0,3,,0.0,0.0
430,RPP,6,5,2,3,2,1,2,2,1,2,1.0,,
430,RPP,6,5,2,2,2,0,1,1,1,1,,1.0,1.0
430,RPP,7,2,2,1,2,1,2,2,1,2,1.0,,
430,RPP,7,2,2,2,1,0,3,3,1,3,,1.0,1.0
430,RPP,8,3,3,1,2,0,1,2,0,1,,0.0,0.0
430,RPP,8,3,3,2,2,1,2,2,1,2,1.0,,
430,RPP,8,3,3,3,1,0,3,2,0,3,,1.0,0.0
430,RPP,9,4,2,2,2,1,2,2,1,2,1.0,,
430,RPP,9,4,2,1,2,0,1,1,1,1,,1.0,1.0
430,RPP,9,4,2,3,2,0,3,1,0,3,,1.0,0.0
430,RPP,9,4,2,4,2,0,3,1,0,3,,1.0,0.0
430,RPP,10,5,3,2,2,0,1,3,0,1,,1.0,0.0
430,RPP,10,5,3,3,2,1,2,2,1,2,1.0,,
430,RPP,10,5,3,5,2,0,3,3,1,3,,1.0,1.0
430,RPP,10,5,3,1,2,0,1,2,0,1,,0.0,0.0
430,RPP,10,5,3,4,2,1,2,2,1,2,1.0,,
431,RPP,1,2,1,2,2,1,2,2,1,2,1.0,,
431,RPP,1,2,1,1,1,1,1,1,1,1,1.0,,
431,RPP,2,3,1,2,1,0,2,1,0,2,,0.0,0.0
431,RPP,2,3,1,1,2,1,2,2,1,2,1.0,,
431,RPP,2,3,1,3,3,1,3,3,1,3,1.0,,
431,RPP,3,4,1,4,2,0,3,1,0,3,,1.0,0.0
431,RPP,3,4,1,2,2,0,1,2,0,1,,0.0,0.0
431,RPP,3,4,1,3,3,0,2,3,0,2,,0.0,0.0
431,RPP,3,4,1,1,1,1,1,1,1,1,1.0,,
431,RPP,4,5,1,2,3,0,1,1,1,1,,1.0,1.0
431,RPP,4,5,1,3,2,1,2,2,1,2,1.0,,
431,RPP,4,5,1,1,2,0,1,3,0,1,,1.0,0.0
431,RPP,4,5,1,4,1,0,3,2,0,3,,1.0,0.0
431,RPP,4,5,1,5,3,1,3,3,1,3,1.0,,
431,RPP,5,3,2,2,2,1,2,2,1,2,1.0,,
431,RPP,5,3,2,3,1,0,3,3,1,3,,1.0,1.0
431,RPP,5,3,2,1,3,0,1,1,1,1,,1.0,1.0
431,RPP,6,5,2,2,2,1,2,2,1,2,1.0,,
431,RPP,6,5,2,3,1,0,2,3,0,2,,1.0,0.0
431,RPP,6,5,2,4,2,0,3,1,0,3,,1.0,0.0
431,RPP,6,5,2,5,3,1,3,2,0,3,0.0,,
431,RPP,6,5,2,1,2,0,1,3,0,1,,1.0,0.0
431,RPP,7,2,2,1,3,0,1,2,0,1,,1.0,0.0
431,RPP,7,2,2,2,2,0,3,2,0,3,,0.0,0.0
431,RPP,8,3,3,1,2,0,1,1,1,1,,1.0,1.0
431,RPP,8,3,3,3,1,0,3,3,1,3,,1.0,1.0
431,RPP,8,3,3,2,2,1,2,2,1,2,1.0,,
431,RPP,9,4,2,1,2,0,1,1,1,1,,1.0,1.0
431,RPP,9,4,2,3,2,0,3,1,0,3,,1.0,0.0
431,RPP,9,4,2,2,2,1,2,2,1,2,1.0,,
431,RPP,9,4,2,4,1,0,3,3,1,3,,1.0,1.0
431,RPP,10,5,3,2,2,0,1,3,0,1,,1.0,0.0
431,RPP,10,5,3,4,2,1,2,2,1,2,1.0,,
431,RPP,10,5,3,1,2,0,1,1,1,1,,1.0,1.0
431,RPP,10,5,3,5,2,0,3,3,1,3,,1.0,1.0
431,RPP,10,5,3,3,2,1,2,2,1,2,1.0,,
432,RPP,1,2,1,1,2,0,1,2,0,1,,0.0,0.0
432,RPP,1,2,1,2,1,0,3,3,1,3,,1.0,1.0
432,RPP,2,3,1,2,2,0,1,3,0,1,,1.0,0.0
432,RPP,2,3,1,3,1,0,2,2,1,2,,1.0,1.0
432,RPP,2,3,1,1,3,0,1,3,0,1,,0.0,0.0
432,RPP,3,5,1,4,3,1,3,3,1,3,1.0,,
432,RPP,3,5,1,1,3,0,1,2,0,1,,1.0,0.0
432,RPP,3,5,1,2,3,0,2,2,1,2,,1.0,1.0
432,RPP,3,5,1,3,3,0,2,1,0,2,,1.0,0.0
432,RPP,3,5,1,5,3,1,3,3,1,3,1.0,,
432,RPP,4,4,1,1,3,0,1,2,0,1,,1.0,0.0
432,RPP,4,4,1,2,3,0,2,2,1,2,,1.0,1.0
432,RPP,4,4,1,4,3,1,3,3,1,3,1.0,,
432,RPP,4,4,1,3,3,1,3,3,1,3,1.0,,
432,RPP,5,3,2,1,3,0,1,2,0,1,,1.0,0.0
432,RPP,5,3,2,2,3,0,2,2,1,2,,1.0,1.0
432,RPP,5,3,2,3,3,1,3,2,0,3,0.0,,
432,RPP,6,5,2,2,3,0,1,2,0,1,,1.0,0.0
432,RPP,6,5,2,1,3,0,1,2,0,1,,1.0,0.0
432,RPP,6,5,2,4,3,0,2,2,1,2,,1.0,1.0
432,RPP,6,5,2,3,3,0,2,2,1,2,,1.0,1.0
432,RPP,6,5,2,5,3,1,3,3,1,3,1.0,,
432,RPP,7,2,2,1,3,0,2,2,1,2,,1.0,1.0
432,RPP,7,2,2,2,3,1,3,3,1,3,1.0,,
432,RPP,8,3,3,3,3,1,3,3,1,3,1.0,,
432,RPP,8,3,3,2,3,0,2,2,1,2,,1.0,1.0
432,RPP,8,3,3,1,1,1,1,1,1,1,1.0,,
432,RPP,9,5,3,4,3,1,3,3,1,3,1.0,,
432,RPP,9,5,3,1,3,0,1,2,0,1,,1.0,0.0
432,RPP,9,5,3,5,1,0,3,2,0,3,,1.0,0.0
432,RPP,9,5,3,2,3,0,1,2,0,1,,1.0,0.0
432,RPP,9,5,3,3,3,0,2,2,1,2,,1.0,1.0
432,RPP,10,4,2,4,3,1,3,3,1,3,1.0,,
432,RPP,10,4,2,2,3,0,2,2,1,2,,1.0,1.0
432,RPP,10,4,2,3,3,0,2,2,1,2,,1.0,1.0
432,RPP,10,4,2,1,3,0,1,2,0,1,,1.0,0.0
434,RPP,1,2,1,2,1,0,3,1,0,3,,0.0,0.0
434,RPP,1,2,1,1,3,0,1,2,0,1,,1.0,0.0
434,RPP,2,3,1,2,2,0,1,1,1,1,,1.0,1.0
434,RPP,2,3,1,3,1,0,2,3,0,2,,1.0,0.0
434,RPP,2,3,1,1,1,1,1,1,1,1,1.0,,
434,RPP,3,5,1,3,1,0,2,3,0,2,,1.0,0.0
434,RPP,3,5,1,1,1,1,1,1,1,1,1.0,,
434,RPP,3,5,1,4,2,0,3,3,1,3,,1.0,1.0
434,RPP,3,5,1,2,1,0,2,1,0,2,,0.0,0.0
434,RPP,3,5,1,5,2,0,3,3,1,3,,1.0,1.0
434,RPP,4,4,1,4,2,0,3,1,0,3,,1.0,0.0
434,RPP,4,4,1,2,2,1,2,2,1,2,1.0,,
434,RPP,4,4,1,3,2,0,3,3,1,3,,1.0,1.0
434,RPP,4,4,1,1,2,0,1,1,1,1,,1.0,1.0
434,RPP,5,3,2,3,2,0,3,3,1,3,,1.0,1.0
434,RPP,5,3,2,2,2,1,2,2,1,2,1.0,,
434,RPP,5,3,2,1,1,1,1,1,1,1,1.0,,
434,RPP,6,5,2,3,1,0,2,2,1,2,,1.0,1.0
434,RPP,6,5,2,4,1,0,2,3,0,2,,1.0,0.0
434,RPP,6,5,2,2,1,1,1,1,1,1,1.0,,
434,RPP,6,5,2,1,3,0,1,3,0,1,,0.0,0.0
434,RPP,6,5,2,5,1,0,3,2,0,3,,1.0,0.0
434,RPP,7,2,2,1,1,0,2,2,1,2,,1.0,1.0
434,RPP,7,2,2,2,1,0,3,2,0,3,,1.0,0.0
434,RPP,8,3,3,3,1,0,3,3,1,3,,1.0,1.0
434,RPP,8,3,3,1,1,1,1,1,1,1,1.0,,
434,RPP,8,3,3,2,2,1,2,2,1,2,1.0,,
434,RPP,9,5,3,3,2,1,2,2,1,2,1.0,,
434,RPP,9,5,3,5,2,0,3,2,0,3,,0.0,0.0
434,RPP,9,5,3,2,2,0,1,1,1,1,,1.0,1.0
434,RPP,9,5,3,4,2,0,3,3,1,3,,1.0,1.0
434,RPP,9,5,3,1,3,0,1,3,0,1,,0.0,0.0
434,RPP,10,4,2,4,2,0,3,2,0,3,,0.0,0.0
434,RPP,10,4,2,1,2,0,1,1,1,1,,1.0,1.0
434,RPP,10,4,2,2,2,1,2,2,1,2,1.0,,
434,RPP,10,4,2,3,3,0,2,1,0,2,,1.0,0.0
435,RPP,1,2,1,1,3,0,1,1,1,1,,1.0,1.0
435,RPP,1,2,1,2,3,0,2,2,1,2,,1.0,1.0
435,RPP,2,3,1,2,3,0,2,2,1,2,,1.0,1.0
435,RPP,2,3,1,1,3,0,2,1,0,2,,1.0,0.0
435,RPP,2,3,1,3,3,1,3,3,1,3,1.0,,
435,RPP,3,4,1,4,2,0,3,3,1,3,,1.0,1.0
435,RPP,3,4,1,1,2,0,1,3,0,1,,1.0,0.0
435,RPP,3,4,1,2,2,0,1,3,0,1,,1.0,0.0
435,RPP,3,4,1,3,2,1,2,2,1,2,1.0,,
435,RPP,4,5,1,4,2,0,3,3,1,3,,1.0,1.0
435,RPP,4,5,1,3,2,1,2,2,1,2,1.0,,
435,RPP,4,5,1,2,2,0,1,3,0,1,,1.0,0.0
435,RPP,4,5,1,1,2,0,1,3,0,1,,1.0,0.0
435,RPP,4,5,1,5,2,0,3,3,1,3,,1.0,1.0
435,RPP,5,3,2,1,2,0,1,3,0,1,,1.0,0.0
435,RPP,5,3,2,2,2,1,2,2,1,2,1.0,,
435,RPP,5,3,2,3,2,0,3,3,1,3,,1.0,1.0
435,RPP,6,5,2,1,2,0,1,3,0,1,,1.0,0.0
435,RPP,6,5,2,4,2,0,3,3,1,3,,1.0,1.0
435,RPP,6,5,2,5,2,0,3,3,1,3,,1.0,1.0
435,RPP,6,5,2,2,2,1,2,2,1,2,1.0,,
435,RPP,6,5,2,3,2,1,2,2,1,2,1.0,,
435,RPP,7,2,2,1,2,0,1,2,0,1,,0.0,0.0
435,RPP,7,2,2,2,3,1,3,3,1,3,1.0,,
435,RPP,8,3,3,3,2,0,3,3,1,3,,1.0,1.0
435,RPP,8,3,3,2,2,1,2,2,1,2,1.0,,
435,RPP,8,3,3,1,2,0,1,3,0,1,,1.0,0.0
435,RPP,9,4,2,1,2,0,1,1,1,1,,1.0,1.0
435,RPP,9,4,2,4,2,0,3,3,1,3,,1.0,1.0
435,RPP,9,4,2,2,2,1,2,2,1,2,1.0,,
435,RPP,9,4,2,3,2,0,3,3,1,3,,1.0,1.0
435,RPP,10,5,3,2,2,0,1,3,0,1,,1.0,0.0
435,RPP,10,5,3,1,2,0,1,3,0,1,,1.0,0.0
435,RPP,10,5,3,4,2,1,2,2,1,2,1.0,,
435,RPP,10,5,3,3,2,1,2,2,1,2,1.0,,
435,RPP,10,5,3,5,2,0,3,3,1,3,,1.0,1.0
436,RPP,1,2,1,1,3,0,2,1,0,2,,1.0,0.0
436,RPP,1,2,1,2,3,1,3,3,1,3,1.0,,
436,RPP,2,3,1,2,3,1,3,3,1,3,1.0,,
436,RPP,2,3,1,1,1,1,1,1,1,1,1.0,,
436,RPP,2,3,1,3,2,0,3,1,0,3,,1.0,0.0
436,RPP,3,4,1,4,3,1,3,3,1,3,1.0,,
436,RPP,3,4,1,1,2,0,1,1,1,1,,1.0,1.0
436,RPP,3,4,1,2,1,0,2,2,1,2,,1.0,1.0
436,RPP,3,4,1,3,1,0,2,2,1,2,,1.0,1.0
436,RPP,4,5,1,2,3,0,1,2,0,1,,1.0,0.0
436,RPP,4,5,1,3,3,0,2,1,0,2,,1.0,0.0
436,RPP,4,5,1,5,3,1,3,3,1,3,1.0,,
436,RPP,4,5,1,1,3,0,1,1,1,1,,1.0,1.0
436,RPP,4,5,1,4,3,0,2,2,1,2,,1.0,1.0
436,RPP,5,3,2,3,1,0,3,3,1,3,,1.0,1.0
436,RPP,5,3,2,1,2,0,1,3,0,1,,1.0,0.0
436,RPP,5,3,2,2,3,0,2,3,0,2,,0.0,0.0
436,RPP,6,5,2,4,2,0,3,1,0,3,,1.0,0.0
436,RPP,6,5,2,2,3,0,1,1,1,1,,1.0,1.0
436,RPP,6,5,2,1,3,0,1,1,1,1,,1.0,1.0
436,RPP,6,5,2,5,3,1,3,3,1,3,1.0,,
436,RPP,6,5,2,3,3,0,2,1,0,2,,1.0,0.0
436,RPP,7,2,2,1,3,0,1,2,0,1,,1.0,0.0
436,RPP,7,2,2,2,3,0,2,1,0,2,,1.0,0.0
436,RPP,8,3,3,3,3,1,3,3,1,3,1.0,,
436,RPP,8,3,3,1,2,0,1,1,1,1,,1.0,1.0
436,RPP,8,3,3,2,2,1,2,2,1,2,1.0,,
436,RPP,9,4,2,3,1,0,2,2,1,2,,1.0,1.0
436,RPP,9,4,2,4,1,0,3,2,0,3,,1.0,0.0
436,RPP,9,4,2,2,1,1,1,1,1,1,1.0,,
436,RPP,9,4,2,1,3,0,1,3,0,1,,0.0,0.0
436,RPP,10,5,3,4,3,1,3,3,1,3,1.0,,
436,RPP,10,5,3,2,1,0,2,2,1,2,,1.0,1.0
436,RPP,10,5,3,5,1,0,3,2,0,3,,1.0,0.0
436,RPP,10,5,3,3,1,0,2,2,1,2,,1.0,1.0
436,RPP,10,5,3,1,1,1,1,1,1,1,1.0,,
437,RPP,1,2,1,1,2,0,1,3,0,1,,1.0,0.0
437,RPP,1,2,1,2,1,0,2,2,1,2,,1.0,1.0
437,RPP,2,3,1,3,1,0,3,3,1,3,,1.0,1.0
437,RPP,2,3,1,2,2,1,2,1,0,2,0.0,,
437,RPP,2,3,1,1,3,0,2,1,0,2,,1.0,0.0
437,RPP,3,4,1,3,1,0,2,2,1,2,,1.0,1.0
437,RPP,3,4,1,2,1,1,1,1,1,1,1.0,,
437,RPP,3,4,1,4,1,0,3,3,1,3,,1.0,1.0
437,RPP,3,4,1,1,1,1,1,1,1,1,1.0,,
437,RPP,4,5,1,1,3,0,1,1,1,1,,1.0,1.0
437,RPP,4,5,1,2,3,0,1,1,1,1,,1.0,1.0
437,RPP,4,5,1,3,3,0,2,2,1,2,,1.0,1.0
437,RPP,4,5,1,5,3,1,3,3,1,3,1.0,,
437,RPP,4,5,1,4,2,0,3,3,1,3,,1.0,1.0
437,RPP,5,3,2,1,3,0,1,1,1,1,,1.0,1.0
437,RPP,5,3,2,2,2,1,2,2,1,2,1.0,,
437,RPP,5,3,2,3,1,0,3,3,1,3,,1.0,1.0
437,RPP,6,5,2,2,1,0,2,2,1,2,,1.0,1.0
437,RPP,6,5,2,1,1,1,1,1,1,1,1.0,,
437,RPP,6,5,2,4,1,0,3,2,0,3,,1.0,0.0
437,RPP,6,5,2,5,1,0,3,3,1,3,,1.0,1.0
437,RPP,6,5,2,3,1,0,2,2,1,2,,1.0,1.0
437,RPP,7,2,2,2,2,0,3,3,1,3,,1.0,1.0
437,RPP,7,2,2,1,1,1,1,1,1,1,1.0,,
437,RPP,8,3,3,1,1,1,1,1,1,1,1.0,,
437,RPP,8,3,3,3,2,0,3,3,1,3,,1.0,1.0
437,RPP,8,3,3,2,2,1,2,2,1,2,1.0,,
437,RPP,9,4,2,1,1,1,1,1,1,1,1.0,,
437,RPP,9,4,2,3,2,0,3,1,0,3,,1.0,0.0
437,RPP,9,4,2,4,2,0,3,3,1,3,,1.0,1.0
437,RPP,9,4,2,2,2,1,2,2,1,2,1.0,,
437,RPP,10,5,3,3,1,0,2,3,0,2,,1.0,0.0
437,RPP,10,5,3,2,1,1,1,1,1,1,1.0,,
437,RPP,10,5,3,5,1,0,3,2,0,3,,1.0,0.0
437,RPP,10,5,3,1,1,1,1,1,1,1,1.0,,
437,RPP,10,5,3,4,2,1,2,2,1,2,1.0,,
438,RPP,1,2,1,2,3,0,2,2,1,2,,1.0,1.0
438,RPP,1,2,1,1,1,1,1,1,1,1,1.0,,
438,RPP,2,4,1,3,3,0,2,1,0,2,,1.0,0.0
438,RPP,2,4,1,4,1,0,3,3,1,3,,1.0,1.0
438,RPP,2,4,1,2,2,1,2,2,1,2,1.0,,
438,RPP,2,4,1,1,3,0,1,2,0,1,,1.0,0.0
438,RPP,3,3,1,2,3,0,1,2,0,1,,1.0,0.0
438,RPP,3,3,1,3,2,0,3,3,1,3,,1.0,1.0
438,RPP,3,3,1,1,3,0,1,1,1,1,,1.0,1.0
438,RPP,4,5,1,3,3,0,2,2,1,2,,1.0,1.0
438,RPP,4,5,1,5,1,0,3,1,0,3,,0.0,0.0
438,RPP,4,5,1,1,1,1,1,1,1,1,1.0,,
438,RPP,4,5,1,4,1,0,3,3,1,3,,1.0,1.0
438,RPP,4,5,1,2,2,1,2,3,0,2,0.0,,
438,RPP,5,3,2,1,1,1,1,1,1,1,1.0,,
438,RPP,5,3,2,2,3,0,2,2,1,2,,1.0,1.0
438,RPP,5,3,2,3,2,0,3,3,1,3,,1.0,1.0
438,RPP,6,5,2,2,1,1,1,1,1,1,1.0,,
438,RPP,6,5,2,5,1,0,3,3,1,3,,1.0,1.0
438,RPP,6,5,2,4,1,0,3,3,1,3,,1.0,1.0
438,RPP,6,5,2,3,1,0,2,3,0,2,,1.0,0.0
438,RPP,6,5,2,1,1,1,1,3,0,1,0.0,,
438,RPP,7,2,2,2,3,1,3,3,1,3,1.0,,
438,RPP,7,2,2,1,1,0,2,3,0,2,,1.0,0.0
438,RPP,8,4,2,1,3,0,1,3,0,1,,0.0,0.0
438,RPP,8,4,2,3,1,0,3,3,1,3,,1.0,1.0
438,RPP,8,4,2,2,1,0,2,3,0,2,,1.0,0.0
438,RPP,8,4,2,4,1,0,3,3,1,3,,1.0,1.0
438,RPP,9,3,3,1,1,1,1,1,1,1,1.0,,
438,RPP,9,3,3,3,3,1,3,3,1,3,1.0,,
438,RPP,9,3,3,2,2,1,2,2,1,2,1.0,,
438,RPP,10,5,3,4,1,0,2,3,0,2,,1.0,0.0
438,RPP,10,5,3,1,1,1,1,1,1,1,1.0,,
438,RPP,10,5,3,5,1,0,3,3,1,3,,1.0,1.0
438,RPP,10,5,3,3,1,0,2,3,0,2,,1.0,0.0
438,RPP,10,5,3,2,1,1,1,1,1,1,1.0,,
439,RPP,1,2,1,2,1,0,2,2,1,2,,1.0,1.0
439,RPP,1,2,1,1,3,0,1,1,1,1,,1.0,1.0
439,RPP,2,3,1,2,3,0,1,2,0,1,,1.0,0.0
439,RPP,2,3,1,3,1,0,3,3,1,3,,1.0,1.0
439,RPP,2,3,1,1,2,0,1,3,0,1,,1.0,0.0
439,RPP,3,4,1,3,2,1,2,2,1,2,1.0,,
439,RPP,3,4,1,1,3,0,1,1,1,1,,1.0,1.0
439,RPP,3,4,1,4,1,0,3,3,1,3,,1.0,1.0
439,RPP,3,4,1,2,3,0,2,2,1,2,,1.0,1.0
439,RPP,4,5,1,1,2,0,1,3,0,1,,1.0,0.0
439,RPP,4,5,1,5,3,1,3,3,1,3,1.0,,
439,RPP,4,5,1,4,1,0,3,3,1,3,,1.0,1.0
439,RPP,4,5,1,3,2,1,2,2,1,2,1.0,,
439,RPP,4,5,1,2,1,0,2,2,1,2,,1.0,1.0
439,RPP,5,3,2,1,2,0,1,1,1,1,,1.0,1.0
439,RPP,5,3,2,3,3,1,3,3,1,3,1.0,,
439,RPP,5,3,2,2,1,0,2,2,1,2,,1.0,1.0
439,RPP,6,5,2,1,2,0,1,3,0,1,,1.0,0.0
439,RPP,6,5,2,4,3,1,3,3,1,3,1.0,,
439,RPP,6,5,2,5,3,1,3,3,1,3,1.0,,
439,RPP,6,5,2,2,1,1,1,1,1,1,1.0,,
439,RPP,6,5,2,3,1,0,2,2,1,2,,1.0,1.0
439,RPP,7,2,2,1,3,0,2,1,0,2,,1.0,0.0
439,RPP,7,2,2,2,1,0,3,2,0,3,,1.0,0.0
439,RPP,8,3,3,2,3,0,2,1,0,2,,1.0,0.0
439,RPP,8,3,3,1,2,0,1,1,1,1,,1.0,1.0
439,RPP,8,3,3,3,1,0,3,3,1,3,,1.0,1.0
439,RPP,9,4,2,3,3,1,3,3,1,3,1.0,,
439,RPP,9,4,2,1,1,1,1,1,1,1,1.0,,
439,RPP,9,4,2,2,2,1,2,3,0,2,0.0,,
439,RPP,9,4,2,4,2,0,3,3,1,3,,1.0,1.0
439,RPP,10,5,3,4,2,1,2,2,1,2,1.0,,
439,RPP,10,5,3,1,3,0,1,1,1,1,,1.0,1.0
439,RPP,10,5,3,5,1,0,3,3,1,3,,1.0,1.0
439,RPP,10,5,3,3,3,0,2,3,0,2,,0.0,0.0
439,RPP,10,5,3,2,2,0,1,3,0,1,,1.0,0.0
440,RPP,1,2,1,2,1,0,2,2,1,2,,1.0,1.0
440,RPP,1,2,1,1,2,0,1,3,0,1,,1.0,0.0
440,RPP,2,3,1,2,1,1,1,1,1,1,1.0,,
440,RPP,2,3,1,1,2,0,1,2,0,1,,0.0,0.0
440,RPP,2,3,1,3,3,1,3,3,1,3,1.0,,
440,RPP,3,4,1,1,3,0,1,2,0,1,,1.0,0.0
440,RPP,3,4,1,2,1,0,2,3,0,2,,1.0,0.0
440,RPP,3,4,1,3,2,1,2,2,1,2,1.0,,
440,RPP,3,4,1,4,2,0,3,2,0,3,,0.0,0.0
440,RPP,4,5,1,5,1,0,3,3,1,3,,1.0,1.0
440,RPP,4,5,1,2,2,1,2,2,1,2,1.0,,
440,RPP,4,5,1,3,3,0,2,2,1,2,,1.0,1.0
440,RPP,4,5,1,4,3,1,3,3,1,3,1.0,,
440,RPP,4,5,1,1,1,1,1,1,1,1,1.0,,
440,RPP,5,3,2,2,1,0,2,2,1,2,,1.0,1.0
440,RPP,5,3,2,1,2,0,1,3,0,1,,1.0,0.0
440,RPP,5,3,2,3,2,0,3,2,0,3,,0.0,0.0
440,RPP,6,5,2,5,3,1,3,3,1,3,1.0,,
440,RPP,6,5,2,1,1,1,1,1,1,1,1.0,,
440,RPP,6,5,2,4,2,0,3,1,0,3,,1.0,0.0
440,RPP,6,5,2,3,3,0,2,1,0,2,,1.0,0.0
440,RPP,6,5,2,2,3,0,1,2,0,1,,1.0,0.0
440,RPP,7,2,2,1,3,0,2,1,0,2,,1.0,0.0
440,RPP,7,2,2,2,3,1,3,3,1,3,1.0,,
440,RPP,8,3,3,1,3,0,1,1,1,1,,1.0,1.0
440,RPP,8,3,3,2,3,0,2,2,1,2,,1.0,1.0
440,RPP,8,3,3,3,3,1,3,3,1,3,1.0,,
440,RPP,9,4,2,2,3,0,2,1,0,2,,1.0,0.0
440,RPP,9,4,2,1,3,0,1,1,1,1,,1.0,1.0
440,RPP,9,4,2,3,3,1,3,3,1,3,1.0,,
440,RPP,9,4,2,4,3,1,3,3,1,3,1.0,,
440,RPP,10,5,3,2,3,0,1,1,1,1,,1.0,1.0
440,RPP,10,5,3,3,3,0,2,1,0,2,,1.0,0.0
440,RPP,10,5,3,5,3,1,3,3,1,3,1.0,,
440,RPP,10,5,3,1,3,0,1,3,0,1,,0.0,0.0
440,RPP,10,5,3,4,1,0,2,2,1,2,,1.0,1.0
441,RPP,1,2,1,2,2,1,2,2,1,2,1.0,,
441,RPP,1,2,1,1,1,1,1,1,1,1,1.0,,
441,RPP,2,3,1,2,2,1,2,2,1,2,1.0,,
441,RPP,2,3,1,1,1,0,2,2,1,2,,1.0,1.0
441,RPP,2,3,1,3,1,0,3,2,0,3,,1.0,0.0
441,RPP,3,4,1,4,2,0,3,3,1,3,,1.0,1.0
441,RPP,3,4,1,2,2,0,1,1,1,1,,1.0,1.0
441,RPP,3,4,1,3,2,1,2,2,1,2,1.0,,
441,RPP,3,4,1,1,2,0,1,1,1,1,,1.0,1.0
441,RPP,4,5,1,2,2,0,1,2,0,1,,0.0,0.0
441,RPP,4,5,1,3,2,1,2,2,1,2,1.0,,
441,RPP,4,5,1,1,1,1,1,1,1,1,1.0,,
441,RPP,4,5,1,4,2,0,3,3,1,3,,1.0,1.0
441,RPP,4,5,1,5,2,0,3,3,1,3,,1.0,1.0
441,RPP,5,3,2,2,3,0,2,2,1,2,,1.0,1.0
441,RPP,5,3,2,3,3,1,3,3,1,3,1.0,,
441,RPP,5,3,2,1,3,0,1,1,1,1,,1.0,1.0
441,RPP,6,5,2,2,2,1,2,3,0,2,0.0,,
441,RPP,6,5,2,3,2,1,2,2,1,2,1.0,,
441,RPP,6,5,2,4,2,0,3,1,0,3,,1.0,0.0
441,RPP,6,5,2,5,3,1,3,3,1,3,1.0,,
441,RPP,6,5,2,1,1,1,1,1,1,1,1.0,,
441,RPP,7,2,2,1,3,0,1,2,0,1,,1.0,0.0
441,RPP,7,2,2,2,3,1,3,3,1,3,1.0,,
441,RPP,8,3,3,1,3,0,1,1,1,1,,1.0,1.0
441,RPP,8,3,3,3,3,1,3,3,1,3,1.0,,
441,RPP,8,3,3,2,2,1,2,2,1,2,1.0,,
441,RPP,9,4,2,1,3,0,1,2,0,1,,1.0,0.0
441,RPP,9,4,2,3,3,1,3,3,1,3,1.0,,
441,RPP,9,4,2,2,3,0,2,2,1,2,,1.0,1.0
441,RPP,9,4,2,4,3,1,3,3,1,3,1.0,,
441,RPP,10,5,3,2,3,0,1,2,0,1,,1.0,0.0
441,RPP,10,5,3,4,3,0,2,1,0,2,,1.0,0.0
441,RPP,10,5,3,1,3,0,1,2,0,1,,1.0,0.0
441,RPP,10,5,3,5,3,1,3,3,1,3,1.0,,
441,RPP,10,5,3,3,3,0,2,2,1,2,,1.0,1.0
442,RPP,1,2,1,1,2,0,1,1,1,1,,1.0,1.0
442,RPP,1,2,1,2,3,1,3,3,1,3,1.0,,
442,RPP,2,3,1,2,3,0,1,3,0,1,,0.0,0.0
442,RPP,2,3,1,3,2,1,2,2,1,2,1.0,,
442,RPP,2,3,1,1,1,1,1,2,0,1,0.0,,
442,RPP,3,5,1,4,1,0,3,1,0,3,,0.0,0.0
442,RPP,3,5,1,1,2,0,1,3,0,1,,1.0,0.0
442,RPP,3,5,1,2,3,0,2,3,0,2,,0.0,0.0
442,RPP,3,5,1,3,2,1,2,2,1,2,1.0,,
442,RPP,3,5,1,5,1,0,3,3,1,3,,1.0,1.0
442,RPP,4,4,1,1,1,1,1,1,1,1,1.0,,
442,RPP,4,4,1,2,3,0,2,2,1,2,,1.0,1.0
442,RPP,4,4,1,4,2,0,3,1,0,3,,1.0,0.0
442,RPP,4,4,1,3,3,1,3,3,1,3,1.0,,
442,RPP,5,3,2,1,2,0,1,3,0,1,,1.0,0.0
442,RPP,5,3,2,2,3,0,2,1,0,2,,1.0,0.0
442,RPP,5,3,2,3,1,0,3,2,0,3,,1.0,0.0
442,RPP,6,5,2,2,2,0,1,2,0,1,,0.0,0.0
442,RPP,6,5,2,1,3,0,1,1,1,1,,1.0,1.0
442,RPP,6,5,2,4,1,0,2,1,0,2,,0.0,0.0
442,RPP,6,5,2,3,2,1,2,2,1,2,1.0,,
442,RPP,6,5,2,5,3,1,3,3,1,3,1.0,,
442,RPP,7,2,2,1,1,0,2,1,0,2,,0.0,0.0
442,RPP,7,2,2,2,2,0,3,3,1,3,,1.0,1.0
442,RPP,8,3,3,3,1,0,3,3,1,3,,1.0,1.0
442,RPP,8,3,3,2,2,1,2,2,1,2,1.0,,
442,RPP,8,3,3,1,3,0,1,1,1,1,,1.0,1.0
442,RPP,9,5,3,4,1,0,3,2,0,3,,1.0,0.0
442,RPP,9,5,3,1,2,0,1,3,0,1,,1.0,0.0
442,RPP,9,5,3,5,3,1,3,3,1,3,1.0,,
442,RPP,9,5,3,2,1,1,1,1,1,1,1.0,,
442,RPP,9,5,3,3,2,1,2,2,1,2,1.0,,
442,RPP,10,4,2,4,2,0,3,3,1,3,,1.0,1.0
442,RPP,10,4,2,2,3,0,2,1,0,2,,1.0,0.0
442,RPP,10,4,2,3,1,0,2,1,0,2,,0.0,0.0
442,RPP,10,4,2,1,2,0,1,3,0,1,,1.0,0.0
443,RPP,1,2,1,1,3,0,2,2,1,2,,1.0,1.0
443,RPP,1,2,1,2,1,0,3,3,1,3,,1.0,1.0
443,RPP,2,3,1,2,3,0,2,1,0,2,,1.0,0.0
443,RPP,2,3,1,3,3,0,2,1,0,2,,1.0,0.0
443,RPP,2,3,1,1,3,0,1,1,1,1,,1.0,1.0
443,RPP,3,5,1,3,3,0,2,2,1,2,,1.0,1.0
443,RPP,3,5,1,1,3,0,1,1,1,1,,1.0,1.0
443,RPP,3,5,1,2,3,0,1,1,1,1,,1.0,1.0
443,RPP,3,5,1,4,3,1,3,3,1,3,1.0,,
443,RPP,3,5,1,5,3,1,3,3,1,3,1.0,,
443,RPP,4,4,1,3,3,1,3,3,1,3,1.0,,
443,RPP,4,4,1,1,3,0,1,1,1,1,,1.0,1.0
443,RPP,4,4,1,4,3,1,3,3,1,3,1.0,,
443,RPP,4,4,1,2,3,0,2,2,1,2,,1.0,1.0
443,RPP,5,3,2,3,3,1,3,3,1,3,1.0,,
443,RPP,5,3,2,1,3,0,1,1,1,1,,1.0,1.0
443,RPP,5,3,2,2,3,0,2,2,1,2,,1.0,1.0
443,RPP,6,5,2,2,3,0,1,1,1,1,,1.0,1.0
443,RPP,6,5,2,1,3,0,1,1,1,1,,1.0,1.0
443,RPP,6,5,2,3,3,0,2,1,0,2,,1.0,0.0
443,RPP,6,5,2,5,3,1,3,3,1,3,1.0,,
443,RPP,6,5,2,4,3,0,2,1,0,2,,1.0,0.0
443,RPP,7,2,2,1,3,0,1,1,1,1,,1.0,1.0
443,RPP,7,2,2,2,3,1,3,3,1,3,1.0,,
443,RPP,8,3,3,2,3,0,2,2,1,2,,1.0,1.0
443,RPP,8,3,3,1,3,0,1,1,1,1,,1.0,1.0
443,RPP,8,3,3,3,3,1,3,3,1,3,1.0,,
443,RPP,9,5,3,4,3,1,3,3,1,3,1.0,,
443,RPP,9,5,3,1,3,0,1,1,1,1,,1.0,1.0
443,RPP,9,5,3,2,3,0,2,2,1,2,,1.0,1.0
443,RPP,9,5,3,5,3,1,3,3,1,3,1.0,,
443,RPP,9,5,3,3,3,0,2,2,1,2,,1.0,1.0
443,RPP,10,4,2,2,3,0,1,1,1,1,,1.0,1.0
443,RPP,10,4,2,3,3,0,2,1,0,2,,1.0,0.0
443,RPP,10,4,2,1,3,0,1,1,1,1,,1.0,1.0
443,RPP,10,4,2,4,3,1,3,3,1,3,1.0,,
444,RPP,1,2,1,2,2,0,3,1,0,3,,1.0,0.0
444,RPP,1,2,1,1,3,0,1,2,0,1,,1.0,0.0
444,RPP,2,3,1,2,2,0,1,3,0,1,,1.0,0.0
444,RPP,2,3,1,3,2,1,2,2,1,2,1.0,,
444,RPP,2,3,1,1,2,0,1,3,0,1,,1.0,0.0
444,RPP,3,5,1,3,2,1,2,2,1,2,1.0,,
444,RPP,3,5,1,1,2,0,1,3,0,1,,1.0,0.0
444,RPP,3,5,1,4,2,0,3,2,0,3,,0.0,0.0
444,RPP,3,5,1,2,2,1,2,2,1,2,1.0,,
444,RPP,3,5,1,5,2,0,3,3,1,3,,1.0,1.0
444,RPP,4,4,1,4,2,0,3,3,1,3,,1.0,1.0
444,RPP,4,4,1,2,2,1,2,2,1,2,1.0,,
444,RPP,4,4,1,3,2,0,3,3,1,3,,1.0,1.0
444,RPP,4,4,1,1,2,0,1,3,0,1,,1.0,0.0
444,RPP,5,3,2,3,2,0,3,3,1,3,,1.0,1.0
444,RPP,5,3,2,2,2,1,2,2,1,2,1.0,,
444,RPP,5,3,2,1,2,0,1,1,1,1,,1.0,1.0
444,RPP,6,5,2,3,3,0,2,2,1,2,,1.0,1.0
444,RPP,6,5,2,4,3,0,2,2,1,2,,1.0,1.0
444,RPP,6,5,2,2,3,0,1,3,0,1,,0.0,0.0
444,RPP,6,5,2,1,3,0,1,1,1,1,,1.0,1.0
444,RPP,6,5,2,5,3,1,3,3,1,3,1.0,,
444,RPP,7,2,2,1,2,1,2,2,1,2,1.0,,
444,RPP,7,2,2,2,3,1,3,3,1,3,1.0,,
444,RPP,8,3,3,3,2,0,3,3,1,3,,1.0,1.0
444,RPP,8,3,3,1,2,0,1,1,1,1,,1.0,1.0
444,RPP,8,3,3,2,2,1,2,2,1,2,1.0,,
444,RPP,9,5,3,3,2,1,2,2,1,2,1.0,,
444,RPP,9,5,3,5,2,0,3,3,1,3,,1.0,1.0
444,RPP,9,5,3,2,2,0,1,3,0,1,,1.0,0.0
444,RPP,9,5,3,4,2,0,3,3,1,3,,1.0,1.0
444,RPP,9,5,3,1,2,0,1,3,0,1,,1.0,0.0
444,RPP,10,4,2,4,2,0,3,1,0,3,,1.0,0.0
444,RPP,10,4,2,1,2,0,1,3,0,1,,1.0,0.0
444,RPP,10,4,2,2,2,1,2,2,1,2,1.0,,
444,RPP,10,4,2,3,2,1,2,2,1,2,1.0,,
445,RPP,1,2,1,1,2,0,1,1,1,1,,1.0,1.0
445,RPP,1,2,1,2,3,0,2,2,1,2,,1.0,1.0
445,RPP,2,3,1,2,2,1,2,2,1,2,1.0,,
445,RPP,2,3,1,1,1,0,2,3,0,2,,1.0,0.0
445,RPP,2,3,1,3,3,1,3,3,1,3,1.0,,
445,RPP,3,4,1,4,3,1,3,3,1,3,1.0,,
445,RPP,3,4,1,1,2,0,1,3,0,1,,1.0,0.0
445,RPP,3,4,1,2,3,0,1,2,0,1,,1.0,0.0
445,RPP,3,4,1,3,1,0,2,2,1,2,,1.0,1.0
445,RPP,4,5,1,4,3,1,3,3,1,3,1.0,,
445,RPP,4,5,1,3,1,0,2,2,1,2,,1.0,1.0
445,RPP,4,5,1,2,1,1,1,1,1,1,1.0,,
445,RPP,4,5,1,1,1,1,1,1,1,1,1.0,,
445,RPP,4,5,1,5,1,0,3,2,0,3,,1.0,0.0
445,RPP,5,3,2,1,3,0,1,1,1,1,,1.0,1.0
445,RPP,5,3,2,2,3,0,2,3,0,2,,0.0,0.0
445,RPP,5,3,2,3,3,1,3,1,0,3,0.0,,
445,RPP,6,5,2,1,3,0,1,1,1,1,,1.0,1.0
445,RPP,6,5,2,4,3,1,3,1,0,3,0.0,,
445,RPP,6,5,2,5,3,1,3,1,0,3,0.0,,
445,RPP,6,5,2,2,3,0,2,1,0,2,,1.0,0.0
445,RPP,6,5,2,3,3,0,2,1,0,2,,1.0,0.0
445,RPP,7,2,2,1,3,0,1,1,1,1,,1.0,1.0
445,RPP,7,2,2,2,3,1,3,3,1,3,1.0,,
445,RPP,8,3,3,3,3,1,3,3,1,3,1.0,,
445,RPP,8,3,3,2,3,0,2,2,1,2,,1.0,1.0
445,RPP,8,3,3,1,3,0,1,1,1,1,,1.0,1.0
445,RPP,9,4,2,1,3,0,1,1,1,1,,1.0,1.0
445,RPP,9,4,2,4,3,1,3,1,0,3,0.0,,
445,RPP,9,4,2,2,3,0,2,1,0,2,,1.0,0.0
445,RPP,9,4,2,3,3,1,3,3,1,3,1.0,,
445,RPP,10,5,3,2,3,0,1,1,1,1,,1.0,1.0
445,RPP,10,5,3,1,3,0,1,1,1,1,,1.0,1.0
445,RPP,10,5,3,4,3,0,2,2,1,2,,1.0,1.0
445,RPP,10,5,3,3,3,0,2,1,0,2,,1.0,0.0
445,RPP,10,5,3,5,3,1,3,3,1,3,1.0,,
447,RPP,1,2,1,1,2,0,1,1,1,1,,1.0,1.0
447,RPP,1,2,1,2,2,1,2,2,1,2,1.0,,
447,RPP,2,3,1,3,2,0,3,3,1,3,,1.0,1.0
447,RPP,2,3,1,2,2,1,2,2,1,2,1.0,,
447,RPP,2,3,1,1,3,0,2,1,0,2,,1.0,0.0
447,RPP,3,4,1,3,2,1,2,2,1,2,1.0,,
447,RPP,3,4,1,2,1,1,1,1,1,1,1.0,,
447,RPP,3,4,1,4,2,0,3,3,1,3,,1.0,1.0
447,RPP,3,4,1,1,2,0,1,2,0,1,,0.0,0.0
447,RPP,4,5,1,1,1,1,1,1,1,1,1.0,,
447,RPP,4,5,1,2,3,0,1,1,1,1,,1.0,1.0
447,RPP,4,5,1,3,2,1,2,2,1,2,1.0,,
447,RPP,4,5,1,5,2,0,3,3,1,3,,1.0,1.0
447,RPP,4,5,1,4,2,0,3,3,1,3,,1.0,1.0
447,RPP,5,3,2,1,2,0,1,1,1,1,,1.0,1.0
447,RPP,5,3,2,2,3,0,2,2,1,2,,1.0,1.0
447,RPP,5,3,2,3,1,0,3,3,1,3,,1.0,1.0
447,RPP,6,5,2,2,3,0,2,3,0,2,,0.0,0.0
447,RPP,6,5,2,1,1,1,1,1,1,1,1.0,,
447,RPP,6,5,2,4,1,0,3,2,0,3,,1.0,0.0
447,RPP,6,5,2,5,2,0,3,3,1,3,,1.0,1.0
447,RPP,6,5,2,3,3,0,2,3,0,2,,0.0,0.0
447,RPP,7,2,2,2,1,0,3,2,0,3,,1.0,0.0
447,RPP,7,2,2,1,1,1,1,1,1,1,1.0,,
447,RPP,8,3,3,1,3,0,1,2,0,1,,1.0,0.0
447,RPP,8,3,3,3,2,0,3,1,0,3,,1.0,0.0
447,RPP,8,3,3,2,1,0,2,1,0,2,,0.0,0.0
447,RPP,9,4,2,1,3,0,1,1,1,1,,1.0,1.0
447,RPP,9,4,2,3,2,0,3,2,0,3,,0.0,0.0
447,RPP,9,4,2,4,1,0,3,2,0,3,,1.0,0.0
447,RPP,9,4,2,2,2,1,2,2,1,2,1.0,,
447,RPP,10,5,3,3,2,1,2,2,1,2,1.0,,
447,RPP,10,5,3,2,1,1,1,2,0,1,0.0,,
447,RPP,10,5,3,5,1,0,3,2,0,3,,1.0,0.0
447,RPP,10,5,3,1,3,0,1,2,0,1,,1.0,0.0
447,RPP,10,5,3,4,1,0,2,3,0,2,,1.0,0.0
449,RPP,1,2,1,2,2,1,2,2,1,2,1.0,,
449,RPP,1,2,1,1,1,1,1,1,1,1,1.0,,
449,RPP,2,3,1,2,3,0,1,2,0,1,,1.0,0.0
449,RPP,2,3,1,3,3,1,3,3,1,3,1.0,,
449,RPP,2,3,1,1,2,0,1,1,1,1,,1.0,1.0
449,RPP,3,4,1,3,3,0,2,3,0,2,,0.0,0.0
449,RPP,3,4,1,1,3,0,1,2,0,1,,1.0,0.0
449,RPP,3,4,1,4,3,1,3,3,1,3,1.0,,
449,RPP,3,4,1,2,3,0,2,2,1,2,,1.0,1.0
449,RPP,4,5,1,1,2,0,1,3,0,1,,1.0,0.0
449,RPP,4,5,1,5,3,1,3,2,0,3,0.0,,
449,RPP,4,5,1,4,1,0,3,3,1,3,,1.0,1.0
449,RPP,4,5,1,3,3,0,2,2,1,2,,1.0,1.0
449,RPP,4,5,1,2,3,0,2,2,1,2,,1.0,1.0
449,RPP,5,3,2,1,3,0,1,1,1,1,,1.0,1.0
449,RPP,5,3,2,3,3,1,3,3,1,3,1.0,,
449,RPP,5,3,2,2,2,1,2,2,1,2,1.0,,
449,RPP,6,5,2,1,3,0,1,3,0,1,,0.0,0.0
449,RPP,6,5,2,4,3,1,3,3,1,3,1.0,,
449,RPP,6,5,2,5,3,1,3,3,1,3,1.0,,
449,RPP,6,5,2,2,2,0,1,3,0,1,,1.0,0.0
449,RPP,6,5,2,3,3,0,2,1,0,2,,1.0,0.0
449,RPP,7,2,2,1,3,0,2,1,0,2,,1.0,0.0
449,RPP,7,2,2,2,1,0,3,2,0,3,,1.0,0.0
449,RPP,8,3,3,2,3,0,2,2,1,2,,1.0,1.0
449,RPP,8,3,3,1,3,0,1,1,1,1,,1.0,1.0
449,RPP,8,3,3,3,3,1,3,3,1,3,1.0,,
449,RPP,9,4,2,3,3,1,3,3,1,3,1.0,,
449,RPP,9,4,2,1,3,0,1,3,0,1,,0.0,0.0
449,RPP,9,4,2,2,3,0,2,2,1,2,,1.0,1.0
449,RPP,9,4,2,4,3,1,3,3,1,3,1.0,,
449,RPP,10,5,3,4,3,0,2,2,1,2,,1.0,1.0
449,RPP,10,5,3,1,3,0,1,2,0,1,,1.0,0.0
449,RPP,10,5,3,5,3,1,3,2,0,3,0.0,,
449,RPP,10,5,3,3,3,0,2,2,1,2,,1.0,1.0
449,RPP,10,5,3,2,3,0,1,2,0,1,,1.0,0.0
450,RPP,1,2,1,2,2,1,2,2,1,2,1.0,,
450,RPP,1,2,1,1,1,1,1,1,1,1,1.0,,
450,RPP,2,3,1,2,2,0,1,1,1,1,,1.0,1.0
450,RPP,2,3,1,1,2,0,1,1,1,1,,1.0,1.0
450,RPP,2,3,1,3,2,0,3,1,0,3,,1.0,0.0
450,RPP,3,4,1,1,1,1,1,1,1,1,1.0,,
450,RPP,3,4,1,2,3,0,2,2,1,2,,1.0,1.0
450,RPP,3,4,1,3,1,0,2,3,0,2,,1.0,0.0
450,RPP,3,4,1,4,2,0,3,1,0,3,,1.0,0.0
450,RPP,4,5,1,5,1,0,3,2,0,3,,1.0,0.0
450,RPP,4,5,1,2,1,0,2,2,1,2,,1.0,1.0
450,RPP,4,5,1,3,1,0,2,2,1,2,,1.0,1.0
450,RPP,4,5,1,4,1,0,3,3,1,3,,1.0,1.0
450,RPP,4,5,1,1,1,1,1,1,1,1,1.0,,
450,RPP,5,3,2,2,1,0,2,2,1,2,,1.0,1.0
450,RPP,5,3,2,1,1,1,1,1,1,1,1.0,,
450,RPP,5,3,2,3,1,0,3,3,1,3,,1.0,1.0
450,RPP,6,5,2,5,2,0,3,1,0,3,,1.0,0.0
450,RPP,6,5,2,1,2,0,1,1,1,1,,1.0,1.0
450,RPP,6,5,2,4,2,0,3,1,0,3,,1.0,0.0
450,RPP,6,5,2,3,2,1,2,2,1,2,1.0,,
450,RPP,6,5,2,2,2,0,1,1,1,1,,1.0,1.0
450,RPP,7,2,2,1,1,0,2,2,1,2,,1.0,1.0
450,RPP,7,2,2,2,3,1,3,3,1,3,1.0,,
450,RPP,8,3,3,1,2,0,1,2,0,1,,0.0,0.0
450,RPP,8,3,3,2,1,0,2,3,0,2,,1.0,0.0
450,RPP,8,3,3,3,3,1,3,3,1,3,1.0,,
450,RPP,9,4,2,2,1,0,2,2,1,2,,1.0,1.0
450,RPP,9,4,2,1,3,0,1,2,0,1,,1.0,0.0
450,RPP,9,4,2,3,1,0,3,2,0,3,,1.0,0.0
450,RPP,9,4,2,4,1,0,3,2,0,3,,1.0,0.0
450,RPP,10,5,3,2,1,1,1,1,1,1,1.0,,
450,RPP,10,5,3,3,2,1,2,3,0,2,0.0,,
450,RPP,10,5,3,5,3,1,3,1,0,3,0.0,,
450,RPP,10,5,3,1,3,0,1,1,1,1,,1.0,1.0
450,RPP,10,5,3,4,3,0,2,3,0,2,,0.0,0.0
451,RPP,1,2,1,2,3,0,2,2,1,2,,1.0,1.0
451,RPP,1,2,1,1,3,0,1,1,1,1,,1.0,1.0
451,RPP,2,3,1,2,3,0,2,1,0,2,,1.0,0.0
451,RPP,2,3,1,1,2,1,2,2,1,2,1.0,,
451,RPP,2,3,1,3,3,1,3,3,1,3,1.0,,
451,RPP,3,4,1,4,3,1,3,3,1,3,1.0,,
451,RPP,3,4,1,2,2,0,1,3,0,1,,1.0,0.0
451,RPP,3,4,1,3,1,0,2,2,1,2,,1.0,1.0
451,RPP,3,4,1,1,2,0,1,1,1,1,,1.0,1.0
451,RPP,4,5,1,2,3,0,1,2,0,1,,1.0,0.0
451,RPP,4,5,1,3,3,0,2,2,1,2,,1.0,1.0
451,RPP,4,5,1,1,3,0,1,2,0,1,,1.0,0.0
451,RPP,4,5,1,4,3,1,3,3,1,3,1.0,,
451,RPP,4,5,1,5,3,1,3,3,1,3,1.0,,
451,RPP,5,3,2,2,3,0,2,2,1,2,,1.0,1.0
451,RPP,5,3,2,3,3,1,3,2,0,3,0.0,,
451,RPP,5,3,2,1,3,0,1,2,0,1,,1.0,0.0
451,RPP,6,5,2,2,3,0,2,3,0,2,,0.0,0.0
451,RPP,6,5,2,3,3,0,2,2,1,2,,1.0,1.0
451,RPP,6,5,2,4,3,1,3,3,1,3,1.0,,
451,RPP,6,5,2,5,3,1,3,3,1,3,1.0,,
451,RPP,6,5,2,1,3,0,1,2,0,1,,1.0,0.0
451,RPP,7,2,2,1,3,0,1,2,0,1,,1.0,0.0
451,RPP,7,2,2,2,3,1,3,3,1,3,1.0,,
451,RPP,8,3,3,1,3,0,1,2,0,1,,1.0,0.0
451,RPP,8,3,3,3,3,1,3,1,0,3,0.0,,
451,RPP,8,3,3,2,3,0,2,2,1,2,,1.0,1.0
451,RPP,9,4,2,1,3,0,1,2,0,1,,1.0,0.0
451,RPP,9,4,2,3,3,1,3,3,1,3,1.0,,
451,RPP,9,4,2,2,3,0,2,2,1,2,,1.0,1.0
451,RPP,9,4,2,4,3,1,3,3,1,3,1.0,,
451,RPP,10,5,3,2,3,0,1,2,0,1,,1.0,0.0
451,RPP,10,5,3,4,3,0,2,2,1,2,,1.0,1.0
451,RPP,10,5,3,1,3,0,1,2,0,1,,1.0,0.0
451,RPP,10,5,3,5,3,1,3,3,1,3,1.0,,
451,RPP,10,5,3,3,3,0,2,2,1,2,,1.0,1.0
452,RPP,1,2,1,1,2,0,1,1,1,1,,1.0,1.0
452,RPP,1,2,1,2,2,0,3,1,0,3,,1.0,0.0
452,RPP,2,3,1,2,2,0,1,3,0,1,,1.0,0.0
452,RPP,2,3,1,3,1,0,2,2,1,2,,1.0,1.0
452,RPP,2,3,1,1,1,1,1,1,1,1,1.0,,
452,RPP,3,5,1,4,2,0,3,3,1,3,,1.0,1.0
452,RPP,3,5,1,1,2,0,1,1,1,1,,1.0,1.0
452,RPP,3,5,1,2,2,1,2,2,1,2,1.0,,
452,RPP,3,5,1,3,2,1,2,1,0,2,0.0,,
452,RPP,3,5,1,5,2,0,3,1,0,3,,1.0,0.0
452,RPP,4,4,1,1,3,0,1,1,1,1,,1.0,1.0
452,RPP,4,4,1,2,3,0,2,2,1,2,,1.0,1.0
452,RPP,4,4,1,4,3,1,3,3,1,3,1.0,,
452,RPP,4,4,1,3,3,1,3,3,1,3,1.0,,
452,RPP,5,3,2,1,3,0,1,2,0,1,,1.0,0.0
452,RPP,5,3,2,2,3,0,2,2,1,2,,1.0,1.0
452,RPP,5,3,2,3,3,1,3,3,1,3,1.0,,
452,RPP,6,5,2,2,3,0,1,2,0,1,,1.0,0.0
452,RPP,6,5,2,1,3,0,1,2,0,1,,1.0,0.0
452,RPP,6,5,2,4,3,0,2,2,1,2,,1.0,1.0
452,RPP,6,5,2,3,3,0,2,2,1,2,,1.0,1.0
452,RPP,6,5,2,5,3,1,3,3,1,3,1.0,,
452,RPP,7,2,2,1,3,0,2,2,1,2,,1.0,1.0
452,RPP,7,2,2,2,3,1,3,2,0,3,0.0,,
452,RPP,8,3,3,3,2,0,3,3,1,3,,1.0,1.0
452,RPP,8,3,3,2,2,1,2,2,1,2,1.0,,
452,RPP,8,3,3,1,1,1,1,1,1,1,1.0,,
452,RPP,9,5,3,4,3,1,3,3,1,3,1.0,,
452,RPP,9,5,3,1,3,0,1,3,0,1,,0.0,0.0
452,RPP,9,5,3,5,3,1,3,3,1,3,1.0,,
452,RPP,9,5,3,2,3,0,1,2,0,1,,1.0,0.0
452,RPP,9,5,3,3,3,0,2,1,0,2,,1.0,0.0
452,RPP,10,4,2,4,3,1,3,3,1,3,1.0,,
452,RPP,10,4,2,2,2,1,2,2,1,2,1.0,,
452,RPP,10,4,2,3,1,0,2,2,1,2,,1.0,1.0
452,RPP,10,4,2,1,3,0,1,2,0,1,,1.0,0.0
453,RPP,1,2,1,1,3,0,2,1,0,2,,1.0,0.0
453,RPP,1,2,1,2,2,0,3,1,0,3,,1.0,0.0
453,RPP,2,3,1,2,3,0,2,1,0,2,,1.0,0.0
453,RPP,2,3,1,3,3,0,2,2,1,2,,1.0,1.0
453,RPP,2,3,1,1,3,0,1,3,0,1,,0.0,0.0
453,RPP,3,5,1,3,2,1,2,2,1,2,1.0,,
453,RPP,3,5,1,1,3,0,1,1,1,1,,1.0,1.0
453,RPP,3,5,1,2,1,1,1,1,1,1,1.0,,
453,RPP,3,5,1,4,3,1,3,3,1,3,1.0,,
453,RPP,3,5,1,5,2,0,3,2,0,3,,0.0,0.0
453,RPP,4,4,1,3,1,0,3,2,0,3,,1.0,0.0
453,RPP,4,4,1,1,3,0,1,3,0,1,,0.0,0.0
453,RPP,4,4,1,4,2,0,3,3,1,3,,1.0,1.0
453,RPP,4,4,1,2,3,0,2,3,0,2,,0.0,0.0
453,RPP,5,3,2,3,3,1,3,3,1,3,1.0,,
453,RPP,5,3,2,1,2,0,1,1,1,1,,1.0,1.0
453,RPP,5,3,2,2,3,0,2,3,0,2,,0.0,0.0
453,RPP,6,5,2,2,2,0,1,3,0,1,,1.0,0.0
453,RPP,6,5,2,1,2,0,1,3,0,1,,1.0,0.0
453,RPP,6,5,2,3,2,1,2,2,1,2,1.0,,
453,RPP,6,5,2,5,3,1,3,3,1,3,1.0,,
453,RPP,6,5,2,4,1,0,2,3,0,2,,1.0,0.0
453,RPP,7,2,2,1,3,0,1,1,1,1,,1.0,1.0
453,RPP,7,2,2,2,2,0,3,3,1,3,,1.0,1.0
453,RPP,8,3,3,2,3,0,2,2,1,2,,1.0,1.0
453,RPP,8,3,3,1,2,0,1,3,0,1,,1.0,0.0
453,RPP,8,3,3,3,1,0,3,3,1,3,,1.0,1.0
453,RPP,9,5,3,4,2,0,3,1,0,3,,1.0,0.0
453,RPP,9,5,3,1,3,0,1,1,1,1,,1.0,1.0
453,RPP,9,5,3,2,1,0,2,1,0,2,,0.0,0.0
453,RPP,9,5,3,5,2,0,3,3,1,3,,1.0,1.0
453,RPP,9,5,3,3,3,0,2,2,1,2,,1.0,1.0
453,RPP,10,4,2,2,3,0,1,2,0,1,,1.0,0.0
453,RPP,10,4,2,3,2,1,2,2,1,2,1.0,,
453,RPP,10,4,2,1,1,1,1,1,1,1,1.0,,
453,RPP,10,4,2,4,3,1,3,3,1,3,1.0,,
454,RPP,1,2,1,2,1,0,3,2,0,3,,1.0,0.0
454,RPP,1,2,1,1,1,1,1,1,1,1,1.0,,
454,RPP,2,3,1,2,1,1,1,3,0,1,0.0,,
454,RPP,2,3,1,3,2,1,2,2,1,2,1.0,,
454,RPP,2,3,1,1,3,0,1,1,1,1,,1.0,1.0
454,RPP,3,5,1,3,1,0,2,1,0,2,,0.0,0.0
454,RPP,3,5,1,1,1,1,1,1,1,1,1.0,,
454,RPP,3,5,1,4,2,0,3,1,0,3,,1.0,0.0
454,RPP,3,5,1,2,1,0,2,2,1,2,,1.0,1.0
454,RPP,3,5,1,5,3,1,3,3,1,3,1.0,,
454,RPP,4,4,1,4,2,0,3,2,0,3,,0.0,0.0
454,RPP,4,4,1,2,2,1,2,2,1,2,1.0,,
454,RPP,4,4,1,3,2,0,3,1,0,3,,1.0,0.0
454,RPP,4,4,1,1,1,1,1,1,1,1,1.0,,
454,RPP,5,3,2,3,2,0,3,1,0,3,,1.0,0.0
454,RPP,5,3,2,2,2,1,2,2,1,2,1.0,,
454,RPP,5,3,2,1,2,0,1,1,1,1,,1.0,1.0
454,RPP,6,5,2,3,1,0,2,3,0,2,,1.0,0.0
454,RPP,6,5,2,4,1,0,2,2,1,2,,1.0,1.0
454,RPP,6,5,2,2,1,1,1,1,1,1,1.0,,
454,RPP,6,5,2,1,1,1,1,1,1,1,1.0,,
454,RPP,6,5,2,5,1,0,3,2,0,3,,1.0,0.0
454,RPP,7,2,2,1,1,0,2,2,1,2,,1.0,1.0
454,RPP,7,2,2,2,1,0,3,2,0,3,,1.0,0.0
454,RPP,8,3,3,3,2,0,3,3,1,3,,1.0,1.0
454,RPP,8,3,3,1,1,1,1,1,1,1,1.0,,
454,RPP,8,3,3,2,2,1,2,1,0,2,0.0,,
454,RPP,9,5,3,3,1,0,2,2,1,2,,1.0,1.0
454,RPP,9,5,3,5,1,0,3,2,0,3,,1.0,0.0
454,RPP,9,5,3,2,1,1,1,1,1,1,1.0,,
454,RPP,9,5,3,4,1,0,3,1,0,3,,0.0,0.0
454,RPP,9,5,3,1,2,0,1,1,1,1,,1.0,1.0
454,RPP,10,4,2,4,1,0,3,2,0,3,,1.0,0.0
454,RPP,10,4,2,1,2,0,1,2,0,1,,0.0,0.0
454,RPP,10,4,2,2,1,0,2,3,0,2,,1.0,0.0
454,RPP,10,4,2,3,1,0,2,1,0,2,,0.0,0.0
455,RPP,1,2,1,1,3,0,1,1,1,1,,1.0,1.0
455,RPP,1,2,1,2,1,0,2,3,0,2,,1.0,0.0
455,RPP,2,3,1,2,3,0,2,1,0,2,,1.0,0.0
455,RPP,2,3,1,1,3,0,2,1,0,2,,1.0,0.0
455,RPP,2,3,1,3,3,1,3,3,1,3,1.0,,
455,RPP,3,4,1,4,3,1,3,3,1,3,1.0,,
455,RPP,3,4,1,1,1,1,1,1,1,1,1.0,,
455,RPP,3,4,1,2,2,0,1,3,0,1,,1.0,0.0
455,RPP,3,4,1,3,2,1,2,2,1,2,1.0,,
455,RPP,4,5,1,4,3,1,3,3,1,3,1.0,,
455,RPP,4,5,1,3,1,0,2,2,1,2,,1.0,1.0
455,RPP,4,5,1,2,1,1,1,1,1,1,1.0,,
455,RPP,4,5,1,1,2,0,1,1,1,1,,1.0,1.0
455,RPP,4,5,1,5,2,0,3,3,1,3,,1.0,1.0
455,RPP,5,3,2,1,3,0,1,1,1,1,,1.0,1.0
455,RPP,5,3,2,2,3,0,2,2,1,2,,1.0,1.0
455,RPP,5,3,2,3,3,1,3,3,1,3,1.0,,
455,RPP,6,5,2,1,3,0,1,1,1,1,,1.0,1.0
455,RPP,6,5,2,4,3,1,3,3,1,3,1.0,,
455,RPP,6,5,2,5,3,1,3,3,1,3,1.0,,
455,RPP,6,5,2,2,1,0,2,2,1,2,,1.0,1.0
455,RPP,6,5,2,3,1,0,2,2,1,2,,1.0,1.0
455,RPP,7,2,2,1,3,0,1,1,1,1,,1.0,1.0
455,RPP,7,2,2,2,3,1,3,3,1,3,1.0,,
455,RPP,8,3,3,3,3,1,3,3,1,3,1.0,,
455,RPP,8,3,3,2,1,0,2,2,1,2,,1.0,1.0
455,RPP,8,3,3,1,1,1,1,1,1,1,1.0,,
455,RPP,9,4,2,1,3,0,1,1,1,1,,1.0,1.0
455,RPP,9,4,2,4,3,1,3,3,1,3,1.0,,
455,RPP,9,4,2,2,3,0,2,2,1,2,,1.0,1.0
455,RPP,9,4,2,3,1,0,3,3,1,3,,1.0,1.0
455,RPP,10,5,3,2,3,0,1,1,1,1,,1.0,1.0
455,RPP,10,5,3,1,3,0,1,1,1,1,,1.0,1.0
455,RPP,10,5,3,4,3,0,2,2,1,2,,1.0,1.0
455,RPP,10,5,3,3,3,0,2,1,0,2,,1.0,0.0
455,RPP,10,5,3,5,3,1,3,3,1,3,1.0,,
456,RPP,1,2,1,1,2,1,2,2,1,2,1.0,,
456,RPP,1,2,1,2,3,1,3,3,1,3,1.0,,
456,RPP,2,3,1,2,2,0,3,2,0,3,,0.0,0.0
456,RPP,2,3,1,1,3,0,1,1,1,1,,1.0,1.0
456,RPP,2,3,1,3,3,1,3,3,1,3,1.0,,
456,RPP,3,4,1,4,2,0,3,3,1,3,,1.0,1.0
456,RPP,3,4,1,1,2,0,1,3,0,1,,1.0,0.0
456,RPP,3,4,1,2,2,1,2,2,1,2,1.0,,
456,RPP,3,4,1,3,3,0,2,1,0,2,,1.0,0.0
456,RPP,4,5,1,2,3,0,1,2,0,1,,1.0,0.0
456,RPP,4,5,1,3,3,0,2,3,0,2,,0.0,0.0
456,RPP,4,5,1,5,3,1,3,3,1,3,1.0,,
456,RPP,4,5,1,1,3,0,1,2,0,1,,1.0,0.0
456,RPP,4,5,1,4,3,0,2,2,1,2,,1.0,1.0
456,RPP,5,3,2,3,2,0,3,3,1,3,,1.0,1.0
456,RPP,5,3,2,1,2,0,1,3,0,1,,1.0,0.0
456,RPP,5,3,2,2,2,1,2,2,1,2,1.0,,
456,RPP,6,5,2,4,3,1,3,3,1,3,1.0,,
456,RPP,6,5,2,2,1,1,1,3,0,1,0.0,,
456,RPP,6,5,2,1,2,0,1,3,0,1,,1.0,0.0
456,RPP,6,5,2,5,2,0,3,3,1,3,,1.0,1.0
456,RPP,6,5,2,3,3,0,2,1,0,2,,1.0,0.0
456,RPP,7,2,2,1,3,0,1,2,0,1,,1.0,0.0
456,RPP,7,2,2,2,3,0,2,2,1,2,,1.0,1.0
456,RPP,8,3,3,3,3,1,3,3,1,3,1.0,,
456,RPP,8,3,3,1,1,1,1,1,1,1,1.0,,
456,RPP,8,3,3,2,2,1,2,2,1,2,1.0,,
456,RPP,9,4,2,3,2,1,2,2,1,2,1.0,,
456,RPP,9,4,2,4,1,0,3,2,0,3,,1.0,0.0
456,RPP,9,4,2,2,1,1,1,1,1,1,1.0,,
456,RPP,9,4,2,1,3,0,1,1,1,1,,1.0,1.0
456,RPP,10,5,3,4,3,1,3,3,1,3,1.0,,
456,RPP,10,5,3,2,2,1,2,2,1,2,1.0,,
456,RPP,10,5,3,5,2,0,3,1,0,3,,1.0,0.0
456,RPP,10,5,3,3,2,1,2,2,1,2,1.0,,
456,RPP,10,5,3,1,1,1,1,1,1,1,1.0,,
457,RPP,1,2,1,1,2,0,1,1,1,1,,1.0,1.0
457,RPP,1,2,1,2,2,1,2,2,1,2,1.0,,
457,RPP,2,3,1,3,3,1,3,3,1,3,1.0,,
457,RPP,2,3,1,2,2,1,2,2,1,2,1.0,,
457,RPP,2,3,1,1,1,0,2,2,1,2,,1.0,1.0
457,RPP,3,4,1,3,1,0,2,2,1,2,,1.0,1.0
457,RPP,3,4,1,2,2,0,1,1,1,1,,1.0,1.0
457,RPP,3,4,1,4,3,1,3,3,1,3,1.0,,
457,RPP,3,4,1,1,2,0,1,2,0,1,,0.0,0.0
457,RPP,4,5,1,1,2,0,1,3,0,1,,1.0,0.0
457,RPP,4,5,1,2,1,1,1,1,1,1,1.0,,
457,RPP,4,5,1,3,2,1,2,2,1,2,1.0,,
457,RPP,4,5,1,5,3,1,3,2,0,3,0.0,,
457,RPP,4,5,1,4,2,0,3,3,1,3,,1.0,1.0
457,RPP,5,3,2,1,2,0,1,3,0,1,,1.0,0.0
457,RPP,5,3,2,2,1,0,2,1,0,2,,0.0,0.0
457,RPP,5,3,2,3,2,0,3,3,1,3,,1.0,1.0
457,RPP,6,5,2,2,1,0,2,2,1,2,,1.0,1.0
457,RPP,6,5,2,1,1,1,1,1,1,1,1.0,,
457,RPP,6,5,2,4,1,0,3,2,0,3,,1.0,0.0
457,RPP,6,5,2,5,1,0,3,3,1,3,,1.0,1.0
457,RPP,6,5,2,3,1,0,2,2,1,2,,1.0,1.0
457,RPP,7,2,2,2,1,0,3,2,0,3,,1.0,0.0
457,RPP,7,2,2,1,1,1,1,1,1,1,1.0,,
457,RPP,8,3,3,1,2,0,1,1,1,1,,1.0,1.0
457,RPP,8,3,3,3,2,0,3,2,0,3,,0.0,0.0
457,RPP,8,3,3,2,2,1,2,3,0,2,0.0,,
457,RPP,9,4,2,1,2,0,1,1,1,1,,1.0,1.0
457,RPP,9,4,2,3,2,0,3,1,0,3,,1.0,0.0
457,RPP,9,4,2,4,2,0,3,1,0,3,,1.0,0.0
457,RPP,9,4,2,2,2,1,2,2,1,2,1.0,,
457,RPP,10,5,3,3,1,0,2,2,1,2,,1.0,1.0
457,RPP,10,5,3,2,1,1,1,1,1,1,1.0,,
457,RPP,10,5,3,5,1,0,3,2,0,3,,1.0,0.0
457,RPP,10,5,3,1,1,1,1,1,1,1,1.0,,
457,RPP,10,5,3,4,2,1,2,2,1,2,1.0,,
458,RPP,1,2,1,2,1,0,2,2,1,2,,1.0,1.0
458,RPP,1,2,1,1,1,1,1,1,1,1,1.0,,
458,RPP,2,4,1,3,3,0,2,2,1,2,,1.0,1.0
458,RPP,2,4,1,4,3,1,3,3,1,3,1.0,,
458,RPP,2,4,1,2,1,0,2,1,0,2,,0.0,0.0
458,RPP,2,4,1,1,2,0,1,2,0,1,,0.0,0.0
458,RPP,3,3,1,2,1,1,1,1,1,1,1.0,,
458,RPP,3,3,1,3,3,1,3,3,1,3,1.0,,
458,RPP,3,3,1,1,2,0,1,3,0,1,,1.0,0.0
458,RPP,4,5,1,3,3,0,2,2,1,2,,1.0,1.0
458,RPP,4,5,1,5,1,0,3,3,1,3,,1.0,1.0
458,RPP,4,5,1,1,3,0,1,1,1,1,,1.0,1.0
458,RPP,4,5,1,4,3,1,3,3,1,3,1.0,,
458,RPP,4,5,1,2,2,1,2,3,0,2,0.0,,
458,RPP,5,3,2,1,3,0,1,1,1,1,,1.0,1.0
458,RPP,5,3,2,2,3,0,2,2,1,2,,1.0,1.0
458,RPP,5,3,2,3,3,1,3,3,1,3,1.0,,
458,RPP,6,5,2,2,3,0,1,1,1,1,,1.0,1.0
458,RPP,6,5,2,5,3,1,3,3,1,3,1.0,,
458,RPP,6,5,2,4,3,1,3,3,1,3,1.0,,
458,RPP,6,5,2,3,1,0,2,2,1,2,,1.0,1.0
458,RPP,6,5,2,1,2,0,1,1,1,1,,1.0,1.0
458,RPP,7,2,2,2,3,1,3,3,1,3,1.0,,
458,RPP,7,2,2,1,1,0,2,2,1,2,,1.0,1.0
458,RPP,8,4,2,1,3,0,1,1,1,1,,1.0,1.0
458,RPP,8,4,2,3,3,1,3,3,1,3,1.0,,
458,RPP,8,4,2,2,1,0,2,2,1,2,,1.0,1.0
458,RPP,8,4,2,4,2,0,3,2,0,3,,0.0,0.0
458,RPP,9,3,3,1,1,1,1,1,1,1,1.0,,
458,RPP,9,3,3,3,3,1,3,3,1,3,1.0,,
458,RPP,9,3,3,2,2,1,2,2,1,2,1.0,,
458,RPP,10,5,3,4,3,0,2,2,1,2,,1.0,1.0
458,RPP,10,5,3,1,3,0,1,2,0,1,,1.0,0.0
458,RPP,10,5,3,5,3,1,3,3,1,3,1.0,,
458,RPP,10,5,3,3,3,0,2,2,1,2,,1.0,1.0
458,RPP,10,5,3,2,3,0,1,1,1,1,,1.0,1.0
459,RPP,1,2,1,2,3,0,2,3,0,2,,0.0,0.0
459,RPP,1,2,1,1,1,1,1,1,1,1,1.0,,
459,RPP,2,3,1,2,2,0,1,1,1,1,,1.0,1.0
459,RPP,2,3,1,3,2,0,3,1,0,3,,1.0,0.0
459,RPP,2,3,1,1,2,0,1,3,0,1,,1.0,0.0
459,RPP,3,4,1,3,3,0,2,2,1,2,,1.0,1.0
459,RPP,3,4,1,1,3,0,1,2,0,1,,1.0,0.0
459,RPP,3,4,1,4,3,1,3,3,1,3,1.0,,
459,RPP,3,4,1,2,3,0,2,1,0,2,,1.0,0.0
459,RPP,4,5,1,1,2,0,1,2,0,1,,0.0,0.0
459,RPP,4,5,1,5,3,1,3,3,1,3,1.0,,
459,RPP,4,5,1,4,1,0,3,1,0,3,,0.0,0.0
459,RPP,4,5,1,3,1,0,2,3,0,2,,1.0,0.0
459,RPP,4,5,1,2,1,0,2,2,1,2,,1.0,1.0
459,RPP,5,3,2,1,2,0,1,1,1,1,,1.0,1.0
459,RPP,5,3,2,3,2,0,3,3,1,3,,1.0,1.0
459,RPP,5,3,2,2,2,1,2,2,1,2,1.0,,
459,RPP,6,5,2,1,2,0,1,3,0,1,,1.0,0.0
459,RPP,6,5,2,4,2,0,3,3,1,3,,1.0,1.0
459,RPP,6,5,2,5,2,0,3,3,1,3,,1.0,1.0
459,RPP,6,5,2,2,2,0,1,1,1,1,,1.0,1.0
459,RPP,6,5,2,3,2,1,2,2,1,2,1.0,,
459,RPP,7,2,2,1,2,1,2,2,1,2,1.0,,
459,RPP,7,2,2,2,3,1,3,3,1,3,1.0,,
459,RPP,8,3,3,2,1,0,2,2,1,2,,1.0,1.0
459,RPP,8,3,3,1,1,1,1,1,1,1,1.0,,
459,RPP,8,3,3,3,3,1,3,3,1,3,1.0,,
459,RPP,9,4,2,3,3,1,3,3,1,3,1.0,,
459,RPP,9,4,2,1,2,0,1,2,0,1,,0.0,0.0
459,RPP,9,4,2,2,2,1,2,2,1,2,1.0,,
459,RPP,9,4,2,4,1,0,3,2,0,3,,1.0,0.0
459,RPP,10,5,3,4,3,0,2,2,1,2,,1.0,1.0
459,RPP,10,5,3,1,3,0,1,2,0,1,,1.0,0.0
459,RPP,10,5,3,5,3,1,3,2,0,3,0.0,,
459,RPP,10,5,3,3,1,0,2,3,0,2,,1.0,0.0
459,RPP,10,5,3,2,1,1,1,1,1,1,1.0,,
460,RPP,1,2,1,2,1,0,2,3,0,2,,1.0,0.0
460,RPP,1,2,1,1,1,1,1,1,1,1,1.0,,
460,RPP,2,3,1,2,1,1,1,2,0,1,0.0,,
460,RPP,2,3,1,1,3,0,1,3,0,1,,0.0,0.0
460,RPP,2,3,1,3,3,1,3,2,0,3,0.0,,
460,RPP,3,4,1,1,1,1,1,1,1,1,1.0,,
460,RPP,3,4,1,2,3,0,2,2,1,2,,1.0,1.0
460,RPP,3,4,1,3,3,0,2,2,1,2,,1.0,1.0
460,RPP,3,4,1,4,3,1,3,3,1,3,1.0,,
460,RPP,4,5,1,5,1,0,3,3,1,3,,1.0,1.0
460,RPP,4,5,1,2,3,0,2,2,1,2,,1.0,1.0
460,RPP,4,5,1,3,3,0,2,3,0,2,,0.0,0.0
460,RPP,4,5,1,4,3,1,3,2,0,3,0.0,,
460,RPP,4,5,1,1,1,1,1,3,0,1,0.0,,
460,RPP,5,3,2,2,2,1,2,1,0,2,0.0,,
460,RPP,5,3,2,1,1,1,1,1,1,1,1.0,,
460,RPP,5,3,2,3,3,1,3,3,1,3,1.0,,
460,RPP,6,5,2,5,2,0,3,3,1,3,,1.0,1.0
460,RPP,6,5,2,1,2,0,1,3,0,1,,1.0,0.0
460,RPP,6,5,2,4,2,0,3,3,1,3,,1.0,1.0
460,RPP,6,5,2,3,2,1,2,2,1,2,1.0,,
460,RPP,6,5,2,2,1,1,1,1,1,1,1.0,,
460,RPP,7,2,2,1,1,0,2,2,1,2,,1.0,1.0
460,RPP,7,2,2,2,3,1,3,3,1,3,1.0,,
460,RPP,8,3,3,1,2,0,1,1,1,1,,1.0,1.0
460,RPP,8,3,3,2,2,1,2,2,1,2,1.0,,
460,RPP,8,3,3,3,1,0,3,3,1,3,,1.0,1.0
460,RPP,9,4,2,2,2,1,2,2,1,2,1.0,,
460,RPP,9,4,2,1,1,1,1,1,1,1,1.0,,
460,RPP,9,4,2,3,3,1,3,3,1,3,1.0,,
460,RPP,9,4,2,4,3,1,3,3,1,3,1.0,,
460,RPP,10,5,3,2,2,0,1,1,1,1,,1.0,1.0
460,RPP,10,5,3,3,2,1,2,2,1,2,1.0,,
460,RPP,10,5,3,5,1,0,3,3,1,3,,1.0,1.0
460,RPP,10,5,3,1,1,1,1,1,1,1,1.0,,
460,RPP,10,5,3,4,3,0,2,2,1,2,,1.0,1.0
461,RPP,1,2,1,2,2,1,2,2,1,2,1.0,,
461,RPP,1,2,1,1,1,1,1,1,1,1,1.0,,
461,RPP,2,3,1,2,2,1,2,1,0,2,0.0,,
461,RPP,2,3,1,1,2,1,2,2,1,2,1.0,,
461,RPP,2,3,1,3,2,0,3,1,0,3,,1.0,0.0
461,RPP,3,4,1,4,2,0,3,2,0,3,,0.0,0.0
461,RPP,3,4,1,2,2,0,1,1,1,1,,1.0,1.0
461,RPP,3,4,1,3,2,1,2,2,1,2,1.0,,
461,RPP,3,4,1,1,2,0,1,3,0,1,,1.0,0.0
461,RPP,4,5,1,2,2,0,1,1,1,1,,1.0,1.0
461,RPP,4,5,1,3,2,1,2,2,1,2,1.0,,
461,RPP,4,5,1,1,2,0,1,1,1,1,,1.0,1.0
461,RPP,4,5,1,4,2,0,3,3,1,3,,1.0,1.0
461,RPP,4,5,1,5,1,0,3,1,0,3,,0.0,0.0
461,RPP,5,3,2,2,2,1,2,2,1,2,1.0,,
461,RPP,5,3,2,3,3,1,3,3,1,3,1.0,,
461,RPP,5,3,2,1,1,1,1,1,1,1,1.0,,
461,RPP,6,5,2,2,2,1,2,2,1,2,1.0,,
461,RPP,6,5,2,3,3,0,2,2,1,2,,1.0,1.0
461,RPP,6,5,2,4,1,0,3,2,0,3,,1.0,0.0
461,RPP,6,5,2,5,1,0,3,2,0,3,,1.0,0.0
461,RPP,6,5,2,1,1,1,1,1,1,1,1.0,,
461,RPP,7,2,2,1,2,0,1,3,0,1,,1.0,0.0
461,RPP,7,2,2,2,2,0,3,3,1,3,,1.0,1.0
461,RPP,8,3,3,1,3,0,1,1,1,1,,1.0,1.0
461,RPP,8,3,3,3,2,0,3,1,0,3,,1.0,0.0
461,RPP,8,3,3,2,2,1,2,2,1,2,1.0,,
461,RPP,9,4,2,1,2,0,1,1,1,1,,1.0,1.0
461,RPP,9,4,2,3,2,0,3,1,0,3,,1.0,0.0
461,RPP,9,4,2,2,2,1,2,2,1,2,1.0,,
461,RPP,9,4,2,4,2,0,3,3,1,3,,1.0,1.0
461,RPP,10,5,3,2,2,0,1,2,0,1,,0.0,0.0
461,RPP,10,5,3,4,2,1,2,2,1,2,1.0,,
461,RPP,10,5,3,1,2,0,1,1,1,1,,1.0,1.0
461,RPP,10,5,3,5,2,0,3,3,1,3,,1.0,1.0
461,RPP,10,5,3,3,1,0,2,1,0,2,,0.0,0.0
463,RPP,1,2,1,1,2,1,2,2,1,2,1.0,,
463,RPP,1,2,1,2,2,0,3,3,1,3,,1.0,1.0
463,RPP,2,3,1,2,2,1,2,2,1,2,1.0,,
463,RPP,2,3,1,3,3,0,2,1,0,2,,1.0,0.0
463,RPP,2,3,1,1,3,0,1,2,0,1,,1.0,0.0
463,RPP,3,5,1,3,2,1,2,2,1,2,1.0,,
463,RPP,3,5,1,1,2,0,1,2,0,1,,0.0,0.0
463,RPP,3,5,1,2,2,0,1,3,0,1,,1.0,0.0
463,RPP,3,5,1,4,3,1,3,2,0,3,0.0,,
463,RPP,3,5,1,5,1,0,3,1,0,3,,0.0,0.0
463,RPP,4,4,1,3,2,0,3,2,0,3,,0.0,0.0
463,RPP,4,4,1,1,3,0,1,3,0,1,,0.0,0.0
463,RPP,4,4,1,4,1,0,3,3,1,3,,1.0,1.0
463,RPP,4,4,1,2,2,1,2,2,1,2,1.0,,
463,RPP,5,3,2,3,2,0,3,3,1,3,,1.0,1.0
463,RPP,5,3,2,1,2,0,1,3,0,1,,1.0,0.0
463,RPP,5,3,2,2,2,1,2,2,1,2,1.0,,
463,RPP,6,5,2,2,2,0,1,1,1,1,,1.0,1.0
463,RPP,6,5,2,1,2,0,1,3,0,1,,1.0,0.0
463,RPP,6,5,2,3,2,1,2,2,1,2,1.0,,
463,RPP,6,5,2,5,2,0,3,1,0,3,,1.0,0.0
463,RPP,6,5,2,4,3,0,2,3,0,2,,0.0,0.0
463,RPP,7,2,2,1,2,0,1,1,1,1,,1.0,1.0
463,RPP,7,2,2,2,3,1,3,3,1,3,1.0,,
463,RPP,8,3,3,2,2,1,2,2,1,2,1.0,,
463,RPP,8,3,3,1,3,0,1,3,0,1,,0.0,0.0
463,RPP,8,3,3,3,1,0,3,3,1,3,,1.0,1.0
463,RPP,9,5,3,4,2,0,3,3,1,3,,1.0,1.0
463,RPP,9,5,3,1,3,0,1,2,0,1,,1.0,0.0
463,RPP,9,5,3,2,2,1,2,2,1,2,1.0,,
463,RPP,9,5,3,5,1,0,3,1,0,3,,0.0,0.0
463,RPP,9,5,3,3,3,0,2,2,1,2,,1.0,1.0
463,RPP,10,4,2,2,2,0,1,2,0,1,,0.0,0.0
463,RPP,10,4,2,3,3,0,2,3,0,2,,0.0,0.0
463,RPP,10,4,2,1,1,1,1,1,1,1,1.0,,
463,RPP,10,4,2,4,2,0,3,1,0,3,,1.0,0.0
464,RPP,1,2,1,2,1,0,3,2,0,3,,1.0,0.0
464,RPP,1,2,1,1,3,0,1,3,0,1,,0.0,0.0
464,RPP,2,3,1,2,3,0,1,2,0,1,,1.0,0.0
464,RPP,2,3,1,3,3,0,2,1,0,2,,1.0,0.0
464,RPP,2,3,1,1,2,0,1,3,0,1,,1.0,0.0
464,RPP,3,5,1,3,3,0,2,2,1,2,,1.0,1.0
464,RPP,3,5,1,1,3,0,1,2,0,1,,1.0,0.0
464,RPP,3,5,1,4,3,1,3,3,1,3,1.0,,
464,RPP,3,5,1,2,3,0,2,2,1,2,,1.0,1.0
464,RPP,3,5,1,5,3,1,3,3,1,3,1.0,,
464,RPP,4,4,1,4,3,1,3,3,1,3,1.0,,
464,RPP,4,4,1,2,3,0,2,2,1,2,,1.0,1.0
464,RPP,4,4,1,3,3,1,3,3,1,3,1.0,,
464,RPP,4,4,1,1,3,0,1,2,0,1,,1.0,0.0
464,RPP,5,3,2,3,3,1,3,3,1,3,1.0,,
464,RPP,5,3,2,2,2,1,2,2,1,2,1.0,,
464,RPP,5,3,2,1,1,1,1,1,1,1,1.0,,
464,RPP,6,5,2,3,3,0,2,2,1,2,,1.0,1.0
464,RPP,6,5,2,4,3,0,2,2,1,2,,1.0,1.0
464,RPP,6,5,2,2,3,0,1,2,0,1,,1.0,0.0
464,RPP,6,5,2,1,3,0,1,2,0,1,,1.0,0.0
464,RPP,6,5,2,5,3,1,3,3,1,3,1.0,,
464,RPP,7,2,2,1,3,0,2,2,1,2,,1.0,1.0
464,RPP,7,2,2,2,2,0,3,3,1,3,,1.0,1.0
464,RPP,8,3,3,3,2,0,3,3,1,3,,1.0,1.0
464,RPP,8,3,3,1,2,0,1,1,1,1,,1.0,1.0
464,RPP,8,3,3,2,2,1,2,2,1,2,1.0,,
464,RPP,9,5,3,3,1,0,2,2,1,2,,1.0,1.0
464,RPP,9,5,3,5,1,0,3,2,0,3,,1.0,0.0
464,RPP,9,5,3,2,1,1,1,1,1,1,1.0,,
464,RPP,9,5,3,4,1,0,3,2,0,3,,1.0,0.0
464,RPP,9,5,3,1,1,1,1,1,1,1,1.0,,
464,RPP,10,4,2,4,1,0,3,3,1,3,,1.0,1.0
464,RPP,10,4,2,1,1,1,1,1,1,1,1.0,,
464,RPP,10,4,2,2,1,0,2,3,0,2,,1.0,0.0
464,RPP,10,4,2,3,1,0,2,3,0,2,,1.0,0.0
465,RPP,1,2,1,1,3,0,1,2,0,1,,1.0,0.0
465,RPP,1,2,1,2,1,0,2,2,1,2,,1.0,1.0
465,RPP,2,3,1,2,3,0,2,1,0,2,,1.0,0.0
465,RPP,2,3,1,1,2,1,2,2,1,2,1.0,,
465,RPP,2,3,1,3,1,0,3,3,1,3,,1.0,1.0
465,RPP,3,4,1,4,1,0,3,3,1,3,,1.0,1.0
465,RPP,3,4,1,1,2,0,1,1,1,1,,1.0,1.0
465,RPP,3,4,1,2,3,0,1,1,1,1,,1.0,1.0
465,RPP,3,4,1,3,3,0,2,2,1,2,,1.0,1.0
465,RPP,4,5,1,4,3,1,3,3,1,3,1.0,,
465,RPP,4,5,1,3,2,1,2,2,1,2,1.0,,
465,RPP,4,5,1,2,1,1,1,1,1,1,1.0,,
465,RPP,4,5,1,1,3,0,1,2,0,1,,1.0,0.0
465,RPP,4,5,1,5,1,0,3,1,0,3,,0.0,0.0
465,RPP,5,3,2,1,3,0,1,1,1,1,,1.0,1.0
465,RPP,5,3,2,2,2,1,2,2,1,2,1.0,,
465,RPP,5,3,2,3,1,0,3,3,1,3,,1.0,1.0
465,RPP,6,5,2,1,3,0,1,2,0,1,,1.0,0.0
465,RPP,6,5,2,4,2,0,3,3,1,3,,1.0,1.0
465,RPP,6,5,2,5,3,1,3,1,0,3,0.0,,
465,RPP,6,5,2,2,1,0,2,1,0,2,,0.0,0.0
465,RPP,6,5,2,3,3,0,2,2,1,2,,1.0,1.0
465,RPP,7,2,2,1,3,0,1,2,0,1,,1.0,0.0
465,RPP,7,2,2,2,1,0,3,2,0,3,,1.0,0.0
465,RPP,8,3,3,3,3,1,3,3,1,3,1.0,,
465,RPP,8,3,3,2,2,1,2,2,1,2,1.0,,
465,RPP,8,3,3,1,1,1,1,1,1,1,1.0,,
465,RPP,9,4,2,1,3,0,1,2,0,1,,1.0,0.0
465,RPP,9,4,2,4,2,0,3,1,0,3,,1.0,0.0
465,RPP,9,4,2,2,1,0,2,3,0,2,,1.0,0.0
465,RPP,9,4,2,3,3,1,3,3,1,3,1.0,,
465,RPP,10,5,3,2,3,0,1,2,0,1,,1.0,0.0
465,RPP,10,5,3,1,3,0,1,2,0,1,,1.0,0.0
465,RPP,10,5,3,4,2,1,2,2,1,2,1.0,,
465,RPP,10,5,3,3,1,0,2,3,0,2,,1.0,0.0
465,RPP,10,5,3,5,1,0,3,1,0,3,,0.0,0.0
466,RPP,1,2,1,1,2,1,2,2,1,2,1.0,,
466,RPP,1,2,1,2,3,1,3,3,1,3,1.0,,
466,RPP,2,3,1,2,2,0,3,3,1,3,,1.0,1.0
466,RPP,2,3,1,1,2,0,1,3,0,1,,1.0,0.0
466,RPP,2,3,1,3,2,0,3,3,1,3,,1.0,1.0
466,RPP,3,4,1,4,2,0,3,3,1,3,,1.0,1.0
466,RPP,3,4,1,1,2,0,1,1,1,1,,1.0,1.0
466,RPP,3,4,1,2,2,1,2,2,1,2,1.0,,
466,RPP,3,4,1,3,3,0,2,2,1,2,,1.0,1.0
466,RPP,4,5,1,2,2,0,1,3,0,1,,1.0,0.0
466,RPP,4,5,1,3,2,1,2,2,1,2,1.0,,
466,RPP,4,5,1,5,2,0,3,3,1,3,,1.0,1.0
466,RPP,4,5,1,1,2,0,1,3,0,1,,1.0,0.0
466,RPP,4,5,1,4,2,1,2,2,1,2,1.0,,
466,RPP,5,3,2,3,2,0,3,3,1,3,,1.0,1.0
466,RPP,5,3,2,1,2,0,1,3,0,1,,1.0,0.0
466,RPP,5,3,2,2,2,1,2,2,1,2,1.0,,
466,RPP,6,5,2,4,2,0,3,3,1,3,,1.0,1.0
466,RPP,6,5,2,2,2,0,1,3,0,1,,1.0,0.0
466,RPP,6,5,2,1,2,0,1,3,0,1,,1.0,0.0
466,RPP,6,5,2,5,2,0,3,3,1,3,,1.0,1.0
466,RPP,6,5,2,3,2,1,2,2,1,2,1.0,,
466,RPP,7,2,2,1,2,0,1,3,0,1,,1.0,0.0
466,RPP,7,2,2,2,2,1,2,2,1,2,1.0,,
466,RPP,8,3,3,3,2,0,3,3,1,3,,1.0,1.0
466,RPP,8,3,3,1,2,0,1,3,0,1,,1.0,0.0
466,RPP,8,3,3,2,2,1,2,2,1,2,1.0,,
466,RPP,9,4,2,3,2,1,2,2,1,2,1.0,,
466,RPP,9,4,2,4,2,0,3,3,1,3,,1.0,1.0
466,RPP,9,4,2,2,2,0,1,3,0,1,,1.0,0.0
466,RPP,9,4,2,1,3,0,1,2,0,1,,1.0,0.0
466,RPP,10,5,3,4,2,0,3,1,0,3,,1.0,0.0
466,RPP,10,5,3,2,2,1,2,2,1,2,1.0,,
466,RPP,10,5,3,5,2,0,3,3,1,3,,1.0,1.0
466,RPP,10,5,3,3,2,1,2,2,1,2,1.0,,
466,RPP,10,5,3,1,2,0,1,3,0,1,,1.0,0.0
467,RPP,1,2,1,1,2,0,1,1,1,1,,1.0,1.0
467,RPP,1,2,1,2,3,0,2,2,1,2,,1.0,1.0
467,RPP,2,3,1,3,1,0,3,3,1,3,,1.0,1.0
467,RPP,2,3,1,2,3,0,2,1,0,2,,1.0,0.0
467,RPP,2,3,1,1,2,1,2,2,1,2,1.0,,
467,RPP,3,4,1,3,1,0,2,1,0,2,,0.0,0.0
467,RPP,3,4,1,2,2,0,1,2,0,1,,0.0,0.0
467,RPP,3,4,1,4,3,1,3,3,1,3,1.0,,
467,RPP,3,4,1,1,3,0,1,1,1,1,,1.0,1.0
467,RPP,4,5,1,1,1,1,1,1,1,1,1.0,,
467,RPP,4,5,1,2,1,1,1,1,1,1,1.0,,
467,RPP,4,5,1,3,3,0,2,2,1,2,,1.0,1.0
467,RPP,4,5,1,5,2,0,3,3,1,3,,1.0,1.0
467,RPP,4,5,1,4,1,0,3,3,1,3,,1.0,1.0
467,RPP,5,3,2,1,2,0,1,1,1,1,,1.0,1.0
467,RPP,5,3,2,2,3,0,2,2,1,2,,1.0,1.0
467,RPP,5,3,2,3,3,1,3,3,1,3,1.0,,
467,RPP,6,5,2,2,1,0,2,3,0,2,,1.0,0.0
467,RPP,6,5,2,1,2,0,1,3,0,1,,1.0,0.0
467,RPP,6,5,2,4,3,1,3,1,0,3,0.0,,
467,RPP,6,5,2,5,1,0,3,2,0,3,,1.0,0.0
467,RPP,6,5,2,3,3,0,2,2,1,2,,1.0,1.0
467,RPP,7,2,2,2,2,0,3,1,0,3,,1.0,0.0
467,RPP,7,2,2,1,3,0,1,2,0,1,,1.0,0.0
467,RPP,8,3,3,1,2,0,1,1,1,1,,1.0,1.0
467,RPP,8,3,3,3,2,0,3,3,1,3,,1.0,1.0
467,RPP,8,3,3,2,3,0,2,2,1,2,,1.0,1.0
467,RPP,9,4,2,1,2,0,1,1,1,1,,1.0,1.0
467,RPP,9,4,2,3,1,0,3,1,0,3,,0.0,0.0
467,RPP,9,4,2,4,3,1,3,3,1,3,1.0,,
467,RPP,9,4,2,2,1,0,2,2,1,2,,1.0,1.0
467,RPP,10,5,3,3,2,1,2,2,1,2,1.0,,
467,RPP,10,5,3,2,1,1,1,1,1,1,1.0,,
467,RPP,10,5,3,5,3,1,3,3,1,3,1.0,,
467,RPP,10,5,3,1,2,0,1,2,0,1,,0.0,0.0
467,RPP,10,5,3,4,3,0,2,1,0,2,,1.0,0.0
468,RPP,1,2,1,2,3,0,2,1,0,2,,1.0,0.0
468,RPP,1,2,1,1,2,0,1,3,0,1,,1.0,0.0
468,RPP,2,4,1,3,3,0,2,2,1,2,,1.0,1.0
468,RPP,2,4,1,4,3,1,3,3,1,3,1.0,,
468,RPP,2,4,1,2,3,0,2,2,1,2,,1.0,1.0
468,RPP,2,4,1,1,3,0,1,1,1,1,,1.0,1.0
468,RPP,3,3,1,2,3,0,1,2,0,1,,1.0,0.0
468,RPP,3,3,1,3,3,1,3,3,1,3,1.0,,
468,RPP,3,3,1,1,1,1,1,1,1,1,1.0,,
468,RPP,4,5,1,3,3,0,2,2,1,2,,1.0,1.0
468,RPP,4,5,1,5,3,1,3,1,0,3,0.0,,
468,RPP,4,5,1,1,3,0,1,2,0,1,,1.0,0.0
468,RPP,4,5,1,4,3,1,3,1,0,3,0.0,,
468,RPP,4,5,1,2,3,0,2,2,1,2,,1.0,1.0
468,RPP,5,3,2,1,3,0,1,1,1,1,,1.0,1.0
468,RPP,5,3,2,2,3,0,2,2,1,2,,1.0,1.0
468,RPP,5,3,2,3,3,1,3,3,1,3,1.0,,
468,RPP,6,5,2,2,3,0,1,2,0,1,,1.0,0.0
468,RPP,6,5,2,5,3,1,3,3,1,3,1.0,,
468,RPP,6,5,2,4,3,1,3,3,1,3,1.0,,
468,RPP,6,5,2,3,3,0,2,1,0,2,,1.0,0.0
468,RPP,6,5,2,1,3,0,1,2,0,1,,1.0,0.0
468,RPP,7,2,2,2,3,1,3,3,1,3,1.0,,
468,RPP,7,2,2,1,1,0,2,3,0,2,,1.0,0.0
468,RPP,8,4,2,1,3,0,1,1,1,1,,1.0,1.0
468,RPP,8,4,2,3,3,1,3,3,1,3,1.0,,
468,RPP,8,4,2,2,3,0,2,1,0,2,,1.0,0.0
468,RPP,8,4,2,4,3,1,3,3,1,3,1.0,,
468,RPP,9,3,3,1,3,0,1,1,1,1,,1.0,1.0
468,RPP,9,3,3,3,3,1,3,3,1,3,1.0,,
468,RPP,9,3,3,2,3,0,2,2,1,2,,1.0,1.0
468,RPP,10,5,3,4,3,0,2,2,1,2,,1.0,1.0
468,RPP,10,5,3,1,3,0,1,1,1,1,,1.0,1.0
468,RPP,10,5,3,5,3,1,3,3,1,3,1.0,,
468,RPP,10,5,3,3,3,0,2,1,0,2,,1.0,0.0
468,RPP,10,5,3,2,1,1,1,1,1,1,1.0,,
469,RPP,1,2,1,2,2,1,2,2,1,2,1.0,,
469,RPP,1,2,1,1,1,1,1,1,1,1,1.0,,
469,RPP,2,3,1,2,2,0,1,2,0,1,,0.0,0.0
469,RPP,2,3,1,3,3,1,3,3,1,3,1.0,,
469,RPP,2,3,1,1,1,1,1,1,1,1,1.0,,
469,RPP,3,4,1,3,2,1,2,2,1,2,1.0,,
469,RPP,3,4,1,1,3,0,1,2,0,1,,1.0,0.0
469,RPP,3,4,1,4,1,0,3,1,0,3,,0.0,0.0
469,RPP,3,4,1,2,2,1,2,2,1,2,1.0,,
469,RPP,4,5,1,1,2,0,1,3,0,1,,1.0,0.0
469,RPP,4,5,1,5,3,1,3,3,1,3,1.0,,
469,RPP,4,5,1,4,1,0,3,1,0,3,,0.0,0.0
469,RPP,4,5,1,3,3,0,2,3,0,2,,0.0,0.0
469,RPP,4,5,1,2,2,1,2,2,1,2,1.0,,
469,RPP,5,3,2,1,3,0,1,1,1,1,,1.0,1.0
469,RPP,5,3,2,3,2,0,3,2,0,3,,0.0,0.0
469,RPP,5,3,2,2,1,0,2,3,0,2,,1.0,0.0
469,RPP,6,5,2,1,3,0,1,3,0,1,,0.0,0.0
469,RPP,6,5,2,4,3,1,3,3,1,3,1.0,,
469,RPP,6,5,2,5,3,1,3,3,1,3,1.0,,
469,RPP,6,5,2,2,1,1,1,1,1,1,1.0,,
469,RPP,6,5,2,3,2,1,2,2,1,2,1.0,,
469,RPP,7,2,2,1,3,0,2,2,1,2,,1.0,1.0
469,RPP,7,2,2,2,3,1,3,2,0,3,0.0,,
469,RPP,8,3,3,2,2,1,2,2,1,2,1.0,,
469,RPP,8,3,3,1,3,0,1,2,0,1,,1.0,0.0
469,RPP,8,3,3,3,1,0,3,1,0,3,,0.0,0.0
469,RPP,9,4,2,3,2,0,3,3,1,3,,1.0,1.0
469,RPP,9,4,2,1,2,0,1,3,0,1,,1.0,0.0
469,RPP,9,4,2,2,2,1,2,2,1,2,1.0,,
469,RPP,9,4,2,4,2,0,3,3,1,3,,1.0,1.0
469,RPP,10,5,3,4,3,0,2,1,0,2,,1.0,0.0
469,RPP,10,5,3,1,3,0,1,1,1,1,,1.0,1.0
469,RPP,10,5,3,5,3,1,3,3,1,3,1.0,,
469,RPP,10,5,3,3,3,0,2,2,1,2,,1.0,1.0
469,RPP,10,5,3,2,3,0,1,1,1,1,,1.0,1.0
300,Age>25,1,2,1,2,1,0,2,3,0,2,,1.0,0.0
300,Age>25,1,2,1,1,1,1,1,1,1,1,1.0,,
300,Age>25,2,3,1,2,1,1,1,1,1,1,1.0,,
300,Age>25,2,3,1,1,2,0,1,2,0,1,,0.0,0.0
300,Age>25,2,3,1,3,3,1,3,3,1,3,1.0,,
300,Age>25,3,4,1,1,1,1,1,1,1,1,1.0,,
300,Age>25,3,4,1,2,1,0,2,3,0,2,,1.0,0.0
300,Age>25,3,4,1,3,1,0,2,3,0,2,,1.0,0.0
300,Age>25,3,4,1,4,1,0,3,3,1,3,,1.0,1.0
300,Age>25,4,5,1,5,1,0,3,3,1,3,,1.0,1.0
300,Age>25,4,5,1,2,1,0,2,3,0,2,,1.0,0.0
300,Age>25,4,5,1,3,1,0,2,3,0,2,,1.0,0.0
300,Age>25,4,5,1,4,1,0,3,3,1,3,,1.0,1.0
300,Age>25,4,5,1,1,1,1,1,1,1,1,1.0,,
300,Age>25,5,3,2,2,3,0,2,1,0,2,,1.0,0.0
300,Age>25,5,3,2,1,3,0,1,3,0,1,,0.0,0.0
300,Age>25,5,3,2,3,3,1,3,1,0,3,0.0,,
300,Age>25,6,5,2,5,3,1,3,3,1,3,1.0,,
300,Age>25,6,5,2,1,3,0,1,1,1,1,,1.0,1.0
300,Age>25,6,5,2,4,3,1,3,3,1,3,1.0,,
300,Age>25,6,5,2,3,3,0,2,1,0,2,,1.0,0.0
300,Age>25,6,5,2,2,3,0,1,1,1,1,,1.0,1.0
300,Age>25,7,2,2,1,3,0,2,1,0,2,,1.0,0.0
300,Age>25,7,2,2,2,3,1,3,3,1,3,1.0,,
300,Age>25,8,3,3,1,3,0,1,1,1,1,,1.0,1.0
300,Age>25,8,3,3,2,3,0,2,1,0,2,,1.0,0.0
300,Age>25,8,3,3,3,3,1,3,3,1,3,1.0,,
300,Age>25,9,4,2,2,3,0,2,1,0,2,,1.0,0.0
300,Age>25,9,4,2,1,3,0,1,1,1,1,,1.0,1.0
300,Age>25,9,4,2,3,3,1,3,3,1,3,1.0,,
300,Age>25,9,4,2,4,3,1,3,3,1,3,1.0,,
300,Age>25,10,5,3,2,3,0,1,1,1,1,,1.0,1.0
300,Age>25,10,5,3,3,3,0,2,1,0,2,,1.0,0.0
300,Age>25,10,5,3,5,3,1,3,3,1,3,1.0,,
300,Age>25,10,5,3,1,3,0,1,3,0,1,,0.0,0.0
300,Age>25,10,5,3,4,3,0,2,1,0,2,,1.0,0.0
302,Age>25,1,2,1,1,2,0,1,3,0,1,,1.0,0.0
302,Age>25,1,2,1,2,3,1,3,3,1,3,1.0,,
302,Age>25,2,3,1,2,2,0,1,1,1,1,,1.0,1.0
302,Age>25,2,3,1,3,1,0,2,1,0,2,,0.0,0.0
302,Age>25,2,3,1,1,3,0,1,2,0,1,,1.0,0.0
302,Age>25,3,5,1,4,1,0,3,2,0,3,,1.0,0.0
302,Age>25,3,5,1,1,1,1,1,1,1,1,1.0,,
302,Age>25,3,5,1,2,2,1,2,3,0,2,0.0,,
302,Age>25,3,5,1,3,3,0,2,2,1,2,,1.0,1.0
302,Age>25,3,5,1,5,3,1,3,3,1,3,1.0,,
302,Age>25,4,4,1,1,3,0,1,2,0,1,,1.0,0.0
302,Age>25,4,4,1,2,1,0,2,1,0,2,,0.0,0.0
302,Age>25,4,4,1,4,2,0,3,1,0,3,,1.0,0.0
302,Age>25,4,4,1,3,3,1,3,3,1,3,1.0,,
302,Age>25,5,3,2,1,2,0,1,1,1,1,,1.0,1.0
302,Age>25,5,3,2,2,2,1,2,2,1,2,1.0,,
302,Age>25,5,3,2,3,3,1,3,3,1,3,1.0,,
302,Age>25,6,5,2,2,2,0,1,3,0,1,,1.0,0.0
302,Age>25,6,5,2,1,3,0,1,2,0,1,,1.0,0.0
302,Age>25,6,5,2,4,2,1,2,1,0,2,0.0,,
302,Age>25,6,5,2,3,2,1,2,2,1,2,1.0,,
302,Age>25,6,5,2,5,2,0,3,3,1,3,,1.0,1.0
302,Age>25,7,2,2,1,3,0,2,3,0,2,,0.0,0.0
302,Age>25,7,2,2,2,1,0,3,2,0,3,,1.0,0.0
302,Age>25,8,3,3,3,2,0,3,1,0,3,,1.0,0.0
302,Age>25,8,3,3,2,2,1,2,2,1,2,1.0,,
302,Age>25,8,3,3,1,3,0,1,1,1,1,,1.0,1.0
302,Age>25,9,5,3,4,3,1,3,3,1,3,1.0,,
302,Age>25,9,5,3,1,3,0,1,2,0,1,,1.0,0.0
302,Age>25,9,5,3,5,1,0,3,1,0,3,,0.0,0.0
302,Age>25,9,5,3,2,3,0,1,2,0,1,,1.0,0.0
302,Age>25,9,5,3,3,3,0,2,1,0,2,,1.0,0.0
302,Age>25,10,4,2,4,2,0,3,2,0,3,,0.0,0.0
302,Age>25,10,4,2,2,3,0,2,2,1,2,,1.0,1.0
302,Age>25,10,4,2,3,3,0,2,2,1,2,,1.0,1.0
302,Age>25,10,4,2,1,3,0,1,2,0,1,,1.0,0.0
303,Age>25,1,2,1,1,1,0,2,2,1,2,,1.0,1.0
303,Age>25,1,2,1,2,1,0,3,3,1,3,,1.0,1.0
303,Age>25,2,3,1,2,2,1,2,2,1,2,1.0,,
303,Age>25,2,3,1,3,1,0,2,3,0,2,,1.0,0.0
303,Age>25,2,3,1,1,1,1,1,1,1,1,1.0,,
303,Age>25,3,5,1,3,3,0,2,1,0,2,,1.0,0.0
303,Age>25,3,5,1,1,1,1,1,1,1,1,1.0,,
303,Age>25,3,5,1,2,3,0,1,2,0,1,,1.0,0.0
303,Age>25,3,5,1,4,2,0,3,2,0,3,,0.0,0.0
303,Age>25,3,5,1,5,3,1,3,3,1,3,1.0,,
303,Age>25,4,4,1,3,3,1,3,3,1,3,1.0,,
303,Age>25,4,4,1,1,2,0,1,3,0,1,,1.0,0.0
303,Age>25,4,4,1,4,1,0,3,1,0,3,,0.0,0.0
303,Age>25,4,4,1,2,3,0,2,2,1,2,,1.0,1.0
303,Age>25,5,3,2,3,1,0,3,3,1,3,,1.0,1.0
303,Age>25,5,3,2,1,3,0,1,1,1,1,,1.0,1.0
303,Age>25,5,3,2,2,2,1,2,2,1,2,1.0,,
303,Age>25,6,5,2,2,3,0,1,2,0,1,,1.0,0.0
303,Age>25,6,5,2,1,1,1,1,1,1,1,1.0,,
303,Age>25,6,5,2,3,2,1,2,2,1,2,1.0,,
303,Age>25,6,5,2,5,3,1,3,3,1,3,1.0,,
303,Age>25,6,5,2,4,1,0,2,3,0,2,,1.0,0.0
303,Age>25,7,2,2,1,3,0,1,1,1,1,,1.0,1.0
303,Age>25,7,2,2,2,1,0,3,2,0,3,,1.0,0.0
303,Age>25,8,3,3,2,3,0,2,1,0,2,,1.0,0.0
303,Age>25,8,3,3,1,2,0,1,3,0,1,,1.0,0.0
303,Age>25,8,3,3,3,1,0,3,2,0,3,,1.0,0.0
303,Age>25,9,5,3,4,3,1,3,2,0,3,0.0,,
303,Age>25,9,5,3,1,1,1,1,1,1,1,1.0,,
303,Age>25,9,5,3,2,2,1,2,2,1,2,1.0,,
303,Age>25,9,5,3,5,3,1,3,3,1,3,1.0,,
303,Age>25,9,5,3,3,1,0,2,1,0,2,,0.0,0.0
303,Age>25,10,4,2,2,3,0,1,3,0,1,,0.0,0.0
303,Age>25,10,4,2,3,2,1,2,2,1,2,1.0,,
303,Age>25,10,4,2,1,1,1,1,1,1,1,1.0,,
303,Age>25,10,4,2,4,3,1,3,3,1,3,1.0,,
304,Age>25,1,2,1,2,2,0,3,3,1,3,,1.0,1.0
304,Age>25,1,2,1,1,2,0,1,1,1,1,,1.0,1.0
304,Age>25,2,3,1,2,2,0,1,3,0,1,,1.0,0.0
304,Age>25,2,3,1,3,2,1,2,2,1,2,1.0,,
304,Age>25,2,3,1,1,1,1,1,2,0,1,0.0,,
304,Age>25,3,5,1,3,2,1,2,2,1,2,1.0,,
304,Age>25,3,5,1,1,2,0,1,1,1,1,,1.0,1.0
304,Age>25,3,5,1,4,3,1,3,3,1,3,1.0,,
304,Age>25,3,5,1,2,3,0,2,3,0,2,,0.0,0.0
304,Age>25,3,5,1,5,2,0,3,1,0,3,,1.0,0.0
304,Age>25,4,4,1,4,2,0,3,1,0,3,,1.0,0.0
304,Age>25,4,4,1,2,2,1,2,2,1,2,1.0,,
304,Age>25,4,4,1,3,2,0,3,1,0,3,,1.0,0.0
304,Age>25,4,4,1,1,2,0,1,1,1,1,,1.0,1.0
304,Age>25,5,3,2,3,2,0,3,1,0,3,,1.0,0.0
304,Age>25,5,3,2,2,2,1,2,2,1,2,1.0,,
304,Age>25,5,3,2,1,2,0,1,1,1,1,,1.0,1.0
304,Age>25,6,5,2,3,2,1,2,2,1,2,1.0,,
304,Age>25,6,5,2,4,2,1,2,2,1,2,1.0,,
304,Age>25,6,5,2,2,2,0,1,1,1,1,,1.0,1.0
304,Age>25,6,5,2,1,2,0,1,2,0,1,,0.0,0.0
304,Age>25,6,5,2,5,2,0,3,1,0,3,,1.0,0.0
304,Age>25,7,2,2,1,2,1,2,2,1,2,1.0,,
304,Age>25,7,2,2,2,2,0,3,3,1,3,,1.0,1.0
304,Age>25,8,3,3,3,2,0,3,1,0,3,,1.0,0.0
304,Age>25,8,3,3,1,2,0,1,1,1,1,,1.0,1.0
304,Age>25,8,3,3,2,2,1,2,2,1,2,1.0,,
304,Age>25,9,5,3,3,2,1,2,2,1,2,1.0,,
304,Age>25,9,5,3,5,2,0,3,1,0,3,,1.0,0.0
304,Age>25,9,5,3,2,2,0,1,1,1,1,,1.0,1.0
304,Age>25,9,5,3,4,2,0,3,1,0,3,,1.0,0.0
304,Age>25,9,5,3,1,2,0,1,1,1,1,,1.0,1.0
304,Age>25,10,4,2,4,2,0,3,1,0,3,,1.0,0.0
304,Age>25,10,4,2,1,2,0,1,1,1,1,,1.0,1.0
304,Age>25,10,4,2,2,2,1,2,2,1,2,1.0,,
304,Age>25,10,4,2,3,2,1,2,2,1,2,1.0,,
305,Age>25,1,2,1,1,1,1,1,1,1,1,1.0,,
305,Age>25,1,2,1,2,2,1,2,2,1,2,1.0,,
305,Age>25,2,3,1,2,3,0,2,2,1,2,,1.0,1.0
305,Age>25,2,3,1,1,3,0,2,1,0,2,,1.0,0.0
305,Age>25,2,3,1,3,3,1,3,3,1,3,1.0,,
305,Age>25,3,4,1,4,1,0,3,2,0,3,,1.0,0.0
305,Age>25,3,4,1,1,1,1,1,1,1,1,1.0,,
305,Age>25,3,4,1,2,3,0,1,2,0,1,,1.0,0.0
305,Age>25,3,4,1,3,2,1,2,2,1,2,1.0,,
305,Age>25,4,5,1,4,2,0,3,1,0,3,,1.0,0.0
305,Age>25,4,5,1,3,2,1,2,2,1,2,1.0,,
305,Age>25,4,5,1,2,1,1,1,1,1,1,1.0,,
305,Age>25,4,5,1,1,3,0,1,1,1,1,,1.0,1.0
305,Age>25,4,5,1,5,3,1,3,3,1,3,1.0,,
305,Age>25,5,3,2,1,1,1,1,1,1,1,1.0,,
305,Age>25,5,3,2,2,3,0,2,2,1,2,,1.0,1.0
305,Age>25,5,3,2,3,3,1,3,3,1,3,1.0,,
305,Age>25,6,5,2,1,1,1,1,1,1,1,1.0,,
305,Age>25,6,5,2,4,2,0,3,2,0,3,,0.0,0.0
305,Age>25,6,5,2,5,3,1,3,3,1,3,1.0,,
305,Age>25,6,5,2,2,2,1,2,2,1,2,1.0,,
305,Age>25,6,5,2,3,1,0,2,2,1,2,,1.0,1.0
305,Age>25,7,2,2,1,2,0,1,3,0,1,,1.0,0.0
305,Age>25,7,2,2,2,2,0,3,3,1,3,,1.0,1.0
305,Age>25,8,3,3,3,2,0,3,2,0,3,,0.0,0.0
305,Age>25,8,3,3,2,3,0,2,1,0,2,,1.0,0.0
305,Age>25,8,3,3,1,2,0,1,2,0,1,,0.0,0.0
305,Age>25,9,4,2,1,2,0,1,3,0,1,,1.0,0.0
305,Age>25,9,4,2,4,2,0,3,1,0,3,,1.0,0.0
305,Age>25,9,4,2,2,2,1,2,2,1,2,1.0,,
305,Age>25,9,4,2,3,3,1,3,3,1,3,1.0,,
305,Age>25,10,5,3,2,2,0,1,1,1,1,,1.0,1.0
305,Age>25,10,5,3,1,2,0,1,1,1,1,,1.0,1.0
305,Age>25,10,5,3,4,2,1,2,2,1,2,1.0,,
305,Age>25,10,5,3,3,2,1,2,1,0,2,0.0,,
305,Age>25,10,5,3,5,3,1,3,3,1,3,1.0,,
306,Age>25,1,2,1,1,3,0,2,1,0,2,,1.0,0.0
306,Age>25,1,2,1,2,1,0,3,3,1,3,,1.0,1.0
306,Age>25,2,3,1,2,3,1,3,3,1,3,1.0,,
306,Age>25,2,3,1,1,2,0,1,1,1,1,,1.0,1.0
306,Age>25,2,3,1,3,2,0,3,1,0,3,,1.0,0.0
306,Age>25,3,4,1,4,3,1,3,3,1,3,1.0,,
306,Age>25,3,4,1,1,1,1,1,1,1,1,1.0,,
306,Age>25,3,4,1,2,2,1,2,2,1,2,1.0,,
306,Age>25,3,4,1,3,3,0,2,1,0,2,,1.0,0.0
306,Age>25,4,5,1,2,3,0,1,2,0,1,,1.0,0.0
306,Age>25,4,5,1,3,1,0,2,2,1,2,,1.0,1.0
306,Age>25,4,5,1,5,2,0,3,1,0,3,,1.0,0.0
306,Age>25,4,5,1,1,3,0,1,3,0,1,,0.0,0.0
306,Age>25,4,5,1,4,3,0,2,1,0,2,,1.0,0.0
306,Age>25,5,3,2,3,1,0,3,3,1,3,,1.0,1.0
306,Age>25,5,3,2,1,2,0,1,3,0,1,,1.0,0.0
306,Age>25,5,3,2,2,3,0,2,2,1,2,,1.0,1.0
306,Age>25,6,5,2,4,2,0,3,1,0,3,,1.0,0.0
306,Age>25,6,5,2,2,3,0,1,1,1,1,,1.0,1.0
306,Age>25,6,5,2,1,1,1,1,1,1,1,1.0,,
306,Age>25,6,5,2,5,3,1,3,2,0,3,0.0,,
306,Age>25,6,5,2,3,3,0,2,2,1,2,,1.0,1.0
306,Age>25,7,2,2,1,2,0,1,1,1,1,,1.0,1.0
306,Age>25,7,2,2,2,1,0,2,2,1,2,,1.0,1.0
306,Age>25,8,3,3,3,3,1,3,3,1,3,1.0,,
306,Age>25,8,3,3,1,1,1,1,1,1,1,1.0,,
306,Age>25,8,3,3,2,2,1,2,2,1,2,1.0,,
306,Age>25,9,4,2,3,2,1,2,2,1,2,1.0,,
306,Age>25,9,4,2,4,2,0,3,3,1,3,,1.0,1.0
306,Age>25,9,4,2,2,2,0,1,1,1,1,,1.0,1.0
306,Age>25,9,4,2,1,1,1,1,1,1,1,1.0,,
306,Age>25,10,5,3,4,3,1,3,3,1,3,1.0,,
306,Age>25,10,5,3,2,3,0,2,2,1,2,,1.0,1.0
306,Age>25,10,5,3,5,2,0,3,1,0,3,,1.0,0.0
306,Age>25,10,5,3,3,1,0,2,3,0,2,,1.0,0.0
306,Age>25,10,5,3,1,2,0,1,1,1,1,,1.0,1.0
308,Age>25,1,2,1,2,2,1,2,2,1,2,1.0,,
308,Age>25,1,2,1,1,3,0,1,1,1,1,,1.0,1.0
308,Age>25,2,4,1,3,3,0,2,2,1,2,,1.0,1.0
308,Age>25,2,4,1,4,3,1,3,3,1,3,1.0,,
308,Age>25,2,4,1,2,1,0,2,3,0,2,,1.0,0.0
308,Age>25,2,4,1,1,1,1,1,1,1,1,1.0,,
308,Age>25,3,3,1,2,1,1,1,1,1,1,1.0,,
308,Age>25,3,3,1,3,3,1,3,3,1,3,1.0,,
308,Age>25,3,3,1,1,2,0,1,3,0,1,,1.0,0.0
308,Age>25,4,5,1,3,1,0,2,1,0,2,,0.0,0.0
308,Age>25,4,5,1,5,1,0,3,3,1,3,,1.0,1.0
308,Age>25,4,5,1,1,1,1,1,1,1,1,1.0,,
308,Age>25,4,5,1,4,1,0,3,3,1,3,,1.0,1.0
308,Age>25,4,5,1,2,1,0,2,3,0,2,,1.0,0.0
308,Age>25,5,3,2,1,3,0,1,2,0,1,,1.0,0.0
308,Age>25,5,3,2,2,3,0,2,2,1,2,,1.0,1.0
308,Age>25,5,3,2,3,3,1,3,3,1,3,1.0,,
308,Age>25,6,5,2,2,1,1,1,1,1,1,1.0,,
308,Age>25,6,5,2,5,3,1,3,3,1,3,1.0,,
308,Age>25,6,5,2,4,3,1,3,3,1,3,1.0,,
308,Age>25,6,5,2,3,2,1,2,2,1,2,1.0,,
308,Age>25,6,5,2,1,2,0,1,1,1,1,,1.0,1.0
308,Age>25,7,2,2,2,1,0,3,3,1,3,,1.0,1.0
308,Age>25,7,2,2,1,1,0,2,3,0,2,,1.0,0.0
308,Age>25,8,4,2,1,1,1,1,1,1,1,1.0,,
308,Age>25,8,4,2,3,3,1,3,3,1,3,1.0,,
308,Age>25,8,4,2,2,1,0,2,2,1,2,,1.0,1.0
308,Age>25,8,4,2,4,2,0,3,3,1,3,,1.0,1.0
308,Age>25,9,3,3,1,3,0,1,1,1,1,,1.0,1.0
308,Age>25,9,3,3,3,1,0,3,3,1,3,,1.0,1.0
308,Age>25,9,3,3,2,1,0,2,3,0,2,,1.0,0.0
308,Age>25,10,5,3,4,3,0,2,1,0,2,,1.0,0.0
308,Age>25,10,5,3,1,3,0,1,3,0,1,,0.0,0.0
308,Age>25,10,5,3,5,1,0,3,3,1,3,,1.0,1.0
308,Age>25,10,5,3,3,3,0,2,1,0,2,,1.0,0.0
308,Age>25,10,5,3,2,3,0,1,1,1,1,,1.0,1.0
309,Age>25,1,2,1,2,3,0,2,2,1,2,,1.0,1.0
309,Age>25,1,2,1,1,1,1,1,1,1,1,1.0,,
309,Age>25,2,3,1,2,3,0,1,1,1,1,,1.0,1.0
309,Age>25,2,3,1,3,1,0,3,3,1,3,,1.0,1.0
309,Age>25,2,3,1,1,2,0,1,3,0,1,,1.0,0.0
309,Age>25,3,4,1,3,2,1,2,2,1,2,1.0,,
309,Age>25,3,4,1,1,3,0,1,3,0,1,,0.0,0.0
309,Age>25,3,4,1,4,3,1,3,3,1,3,1.0,,
309,Age>25,3,4,1,2,3,0,2,2,1,2,,1.0,1.0
309,Age>25,4,5,1,1,2,0,1,1,1,1,,1.0,1.0
309,Age>25,4,5,1,5,3,1,3,3,1,3,1.0,,
309,Age>25,4,5,1,4,3,1,3,3,1,3,1.0,,
309,Age>25,4,5,1,3,1,0,2,2,1,2,,1.0,1.0
309,Age>25,4,5,1,2,2,1,2,2,1,2,1.0,,
309,Age>25,5,3,2,1,2,0,1,1,1,1,,1.0,1.0
309,Age>25,5,3,2,3,3,1,3,3,1,3,1.0,,
309,Age>25,5,3,2,2,1,0,2,2,1,2,,1.0,1.0
309,Age>25,6,5,2,1,2,0,1,1,1,1,,1.0,1.0
309,Age>25,6,5,2,4,3,1,3,3,1,3,1.0,,
309,Age>25,6,5,2,5,1,0,3,1,0,3,,0.0,0.0
309,Age>25,6,5,2,2,2,0,1,1,1,1,,1.0,1.0
309,Age>25,6,5,2,3,2,1,2,3,0,2,0.0,,
309,Age>25,7,2,2,1,2,1,2,2,1,2,1.0,,
309,Age>25,7,2,2,2,1,0,3,3,1,3,,1.0,1.0
309,Age>25,8,3,3,2,2,1,2,2,1,2,1.0,,
309,Age>25,8,3,3,1,3,0,1,1,1,1,,1.0,1.0
309,Age>25,8,3,3,3,1,0,3,3,1,3,,1.0,1.0
309,Age>25,9,4,2,3,2,0,3,2,0,3,,0.0,0.0
309,Age>25,9,4,2,1,2,0,1,1,1,1,,1.0,1.0
309,Age>25,9,4,2,2,2,1,2,2,1,2,1.0,,
309,Age>25,9,4,2,4,1,0,3,3,1,3,,1.0,1.0
309,Age>25,10,5,3,4,3,0,2,1,0,2,,1.0,0.0
309,Age>25,10,5,3,1,3,0,1,2,0,1,,1.0,0.0
309,Age>25,10,5,3,5,3,1,3,3,1,3,1.0,,
309,Age>25,10,5,3,3,2,1,2,2,1,2,1.0,,
309,Age>25,10,5,3,2,1,1,1,1,1,1,1.0,,
310,Age>25,1,2,1,2,1,0,2,3,0,2,,1.0,0.0
310,Age>25,1,2,1,1,2,0,1,1,1,1,,1.0,1.0
310,Age>25,2,3,1,2,2,0,1,1,1,1,,1.0,1.0
310,Age>25,2,3,1,1,2,0,1,1,1,1,,1.0,1.0
310,Age>25,2,3,1,3,2,0,3,1,0,3,,1.0,0.0
310,Age>25,3,4,1,1,2,0,1,1,1,1,,1.0,1.0
310,Age>25,3,4,1,2,2,1,2,2,1,2,1.0,,
310,Age>25,3,4,1,3,2,1,2,2,1,2,1.0,,
310,Age>25,3,4,1,4,2,0,3,3,1,3,,1.0,1.0
310,Age>25,4,5,1,5,2,0,3,3,1,3,,1.0,1.0
310,Age>25,4,5,1,2,2,1,2,2,1,2,1.0,,
310,Age>25,4,5,1,3,2,1,2,2,1,2,1.0,,
310,Age>25,4,5,1,4,2,0,3,1,0,3,,1.0,0.0
310,Age>25,4,5,1,1,1,1,1,1,1,1,1.0,,
310,Age>25,5,3,2,2,2,1,2,2,1,2,1.0,,
310,Age>25,5,3,2,1,2,0,1,1,1,1,,1.0,1.0
310,Age>25,5,3,2,3,1,0,3,2,0,3,,1.0,0.0
310,Age>25,6,5,2,5,2,0,3,1,0,3,,1.0,0.0
310,Age>25,6,5,2,1,2,0,1,1,1,1,,1.0,1.0
310,Age>25,6,5,2,4,2,0,3,1,0,3,,1.0,0.0
310,Age>25,6,5,2,3,2,1,2,2,1,2,1.0,,
310,Age>25,6,5,2,2,2,0,1,1,1,1,,1.0,1.0
310,Age>25,7,2,2,1,1,0,2,2,1,2,,1.0,1.0
310,Age>25,7,2,2,2,1,0,3,2,0,3,,1.0,0.0
310,Age>25,8,3,3,1,2,0,1,1,1,1,,1.0,1.0
310,Age>25,8,3,3,2,2,1,2,2,1,2,1.0,,
310,Age>25,8,3,3,3,2,0,3,1,0,3,,1.0,0.0
310,Age>25,9,4,2,2,2,1,2,2,1,2,1.0,,
310,Age>25,9,4,2,1,2,0,1,1,1,1,,1.0,1.0
310,Age>25,9,4,2,3,2,0,3,1,0,3,,1.0,0.0
310,Age>25,9,4,2,4,2,0,3,1,0,3,,1.0,0.0
310,Age>25,10,5,3,2,2,0,1,1,1,1,,1.0,1.0
310,Age>25,10,5,3,3,2,1,2,2,1,2,1.0,,
310,Age>25,10,5,3,5,2,0,3,2,0,3,,0.0,0.0
310,Age>25,10,5,3,1,1,1,1,1,1,1,1.0,,
310,Age>25,10,5,3,4,1,0,2,3,0,2,,1.0,0.0
312,Age>25,1,2,1,1,2,0,1,3,0,1,,1.0,0.0
312,Age>25,1,2,1,2,1,0,3,2,0,3,,1.0,0.0
312,Age>25,2,3,1,2,2,0,1,1,1,1,,1.0,1.0
312,Age>25,2,3,1,3,2,1,2,2,1,2,1.0,,
312,Age>25,2,3,1,1,3,0,1,3,0,1,,0.0,0.0
312,Age>25,3,5,1,4,3,1,3,3,1,3,1.0,,
312,Age>25,3,5,1,1,2,0,1,1,1,1,,1.0,1.0
312,Age>25,3,5,1,2,2,1,2,2,1,2,1.0,,
312,Age>25,3,5,1,3,2,1,2,2,1,2,1.0,,
312,Age>25,3,5,1,5,3,1,3,3,1,3,1.0,,
312,Age>25,4,4,1,1,2,0,1,3,0,1,,1.0,0.0
312,Age>25,4,4,1,2,2,1,2,2,1,2,1.0,,
312,Age>25,4,4,1,4,2,0,3,3,1,3,,1.0,1.0
312,Age>25,4,4,1,3,1,0,3,1,0,3,,0.0,0.0
312,Age>25,5,3,2,1,3,0,1,2,0,1,,1.0,0.0
312,Age>25,5,3,2,2,3,0,2,2,1,2,,1.0,1.0
312,Age>25,5,3,2,3,3,1,3,3,1,3,1.0,,
312,Age>25,6,5,2,2,2,0,1,3,0,1,,1.0,0.0
312,Age>25,6,5,2,1,2,0,1,3,0,1,,1.0,0.0
312,Age>25,6,5,2,4,2,1,2,2,1,2,1.0,,
312,Age>25,6,5,2,3,2,1,2,2,1,2,1.0,,
312,Age>25,6,5,2,5,2,0,3,3,1,3,,1.0,1.0
312,Age>25,7,2,2,1,2,1,2,2,1,2,1.0,,
312,Age>25,7,2,2,2,2,0,3,1,0,3,,1.0,0.0
312,Age>25,8,3,3,3,3,1,3,3,1,3,1.0,,
312,Age>25,8,3,3,2,2,1,2,2,1,2,1.0,,
312,Age>25,8,3,3,1,1,1,1,1,1,1,1.0,,
312,Age>25,9,5,3,4,3,1,3,3,1,3,1.0,,
312,Age>25,9,5,3,1,3,0,1,2,0,1,,1.0,0.0
312,Age>25,9,5,3,5,3,1,3,3,1,3,1.0,,
312,Age>25,9,5,3,2,3,0,1,1,1,1,,1.0,1.0
312,Age>25,9,5,3,3,3,0,2,2,1,2,,1.0,1.0
312,Age>25,10,4,2,4,2,0,3,3,1,3,,1.0,1.0
312,Age>25,10,4,2,2,2,1,2,2,1,2,1.0,,
312,Age>25,10,4,2,3,2,1,2,2,1,2,1.0,,
312,Age>25,10,4,2,1,1,1,1,1,1,1,1.0,,
313,Age>25,1,2,1,1,2,1,2,2,1,2,1.0,,
313,Age>25,1,2,1,2,3,1,3,3,1,3,1.0,,
313,Age>25,2,3,1,2,2,1,2,1,0,2,0.0,,
313,Age>25,2,3,1,3,3,0,2,2,1,2,,1.0,1.0
313,Age>25,2,3,1,1,3,0,1,2,0,1,,1.0,0.0
313,Age>25,3,5,1,3,2,1,2,2,1,2,1.0,,
313,Age>25,3,5,1,1,3,0,1,1,1,1,,1.0,1.0
313,Age>25,3,5,1,2,3,0,1,3,0,1,,0.0,0.0
313,Age>25,3,5,1,4,1,0,3,1,0,3,,0.0,0.0
313,Age>25,3,5,1,5,3,1,3,1,0,3,0.0,,
313,Age>25,4,4,1,3,2,0,3,3,1,3,,1.0,1.0
313,Age>25,4,4,1,1,1,1,1,1,1,1,1.0,,
313,Age>25,4,4,1,4,3,1,3,2,0,3,0.0,,
313,Age>25,4,4,1,2,2,1,2,2,1,2,1.0,,
313,Age>25,5,3,2,3,2,0,3,1,0,3,,1.0,0.0
313,Age>25,5,3,2,1,3,0,1,3,0,1,,0.0,0.0
313,Age>25,5,3,2,2,1,0,2,3,0,2,,1.0,0.0
313,Age>25,6,5,2,2,2,0,1,3,0,1,,1.0,0.0
313,Age>25,6,5,2,1,3,0,1,1,1,1,,1.0,1.0
313,Age>25,6,5,2,3,1,0,2,2,1,2,,1.0,1.0
313,Age>25,6,5,2,5,3,1,3,3,1,3,1.0,,
313,Age>25,6,5,2,4,2,1,2,3,0,2,0.0,,
313,Age>25,7,2,2,1,2,0,1,3,0,1,,1.0,0.0
313,Age>25,7,2,2,2,1,0,3,3,1,3,,1.0,1.0
313,Age>25,8,3,3,2,1,0,2,2,1,2,,1.0,1.0
313,Age>25,8,3,3,1,1,1,1,1,1,1,1.0,,
313,Age>25,8,3,3,3,3,1,3,3,1,3,1.0,,
313,Age>25,9,5,3,4,3,1,3,3,1,3,1.0,,
313,Age>25,9,5,3,1,1,1,1,1,1,1,1.0,,
313,Age>25,9,5,3,2,2,1,2,2,1,2,1.0,,
313,Age>25,9,5,3,5,3,1,3,3,1,3,1.0,,
313,Age>25,9,5,3,3,2,1,2,2,1,2,1.0,,
313,Age>25,10,4,2,2,2,0,1,3,0,1,,1.0,0.0
313,Age>25,10,4,2,3,3,0,2,2,1,2,,1.0,1.0
313,Age>25,10,4,2,1,1,1,1,1,1,1,1.0,,
313,Age>25,10,4,2,4,3,1,3,2,0,3,0.0,,
317,Age>25,1,2,1,1,2,0,1,1,1,1,,1.0,1.0
317,Age>25,1,2,1,2,3,0,2,3,0,2,,0.0,0.0
317,Age>25,2,3,1,3,1,0,3,2,0,3,,1.0,0.0
317,Age>25,2,3,1,2,1,0,2,3,0,2,,1.0,0.0
317,Age>25,2,3,1,1,1,0,2,3,0,2,,1.0,0.0
317,Age>25,3,4,1,3,1,0,2,2,1,2,,1.0,1.0
317,Age>25,3,4,1,2,2,0,1,2,0,1,,0.0,0.0
317,Age>25,3,4,1,4,1,0,3,1,0,3,,0.0,0.0
317,Age>25,3,4,1,1,3,0,1,2,0,1,,1.0,0.0
317,Age>25,4,5,1,1,2,0,1,3,0,1,,1.0,0.0
317,Age>25,4,5,1,2,3,0,1,1,1,1,,1.0,1.0
317,Age>25,4,5,1,3,3,0,2,2,1,2,,1.0,1.0
317,Age>25,4,5,1,5,1,0,3,3,1,3,,1.0,1.0
317,Age>25,4,5,1,4,1,0,3,2,0,3,,1.0,0.0
317,Age>25,5,3,2,1,1,1,1,1,1,1,1.0,,
317,Age>25,5,3,2,2,3,0,2,2,1,2,,1.0,1.0
317,Age>25,5,3,2,3,3,1,3,3,1,3,1.0,,
317,Age>25,6,5,2,2,1,0,2,2,1,2,,1.0,1.0
317,Age>25,6,5,2,1,2,0,1,2,0,1,,0.0,0.0
317,Age>25,6,5,2,4,1,0,3,2,0,3,,1.0,0.0
317,Age>25,6,5,2,5,1,0,3,3,1,3,,1.0,1.0
317,Age>25,6,5,2,3,1,0,2,2,1,2,,1.0,1.0
317,Age>25,7,2,2,2,1,0,3,3,1,3,,1.0,1.0
317,Age>25,7,2,2,1,1,1,1,1,1,1,1.0,,
317,Age>25,8,3,3,1,2,0,1,1,1,1,,1.0,1.0
317,Age>25,8,3,3,3,1,0,3,3,1,3,,1.0,1.0
317,Age>25,8,3,3,2,1,0,2,2,1,2,,1.0,1.0
317,Age>25,9,4,2,1,3,0,1,2,0,1,,1.0,0.0
317,Age>25,9,4,2,3,2,0,3,2,0,3,,0.0,0.0
317,Age>25,9,4,2,4,1,0,3,3,1,3,,1.0,1.0
317,Age>25,9,4,2,2,1,0,2,2,1,2,,1.0,1.0
317,Age>25,10,5,3,3,2,1,2,2,1,2,1.0,,
317,Age>25,10,5,3,2,2,0,1,2,0,1,,0.0,0.0
317,Age>25,10,5,3,5,1,0,3,3,1,3,,1.0,1.0
317,Age>25,10,5,3,1,1,1,1,1,1,1,1.0,,
317,Age>25,10,5,3,4,3,0,2,1,0,2,,1.0,0.0
318,Age>25,1,2,1,2,3,0,2,2,1,2,,1.0,1.0
318,Age>25,1,2,1,1,1,1,1,1,1,1,1.0,,
318,Age>25,2,4,1,3,3,0,2,2,1,2,,1.0,1.0
318,Age>25,2,4,1,4,1,0,3,3,1,3,,1.0,1.0
318,Age>25,2,4,1,2,1,0,2,3,0,2,,1.0,0.0
318,Age>25,2,4,1,1,1,1,1,1,1,1,1.0,,
318,Age>25,3,3,1,2,1,1,1,1,1,1,1.0,,
318,Age>25,3,3,1,3,2,0,3,2,0,3,,0.0,0.0
318,Age>25,3,3,1,1,2,0,1,3,0,1,,1.0,0.0
318,Age>25,4,5,1,3,1,0,2,3,0,2,,1.0,0.0
318,Age>25,4,5,1,5,1,0,3,2,0,3,,1.0,0.0
318,Age>25,4,5,1,1,2,0,1,1,1,1,,1.0,1.0
318,Age>25,4,5,1,4,2,0,3,1,0,3,,1.0,0.0
318,Age>25,4,5,1,2,3,0,2,1,0,2,,1.0,0.0
318,Age>25,5,3,2,1,2,0,1,1,1,1,,1.0,1.0
318,Age>25,5,3,2,2,2,1,2,1,0,2,0.0,,
318,Age>25,5,3,2,3,1,0,3,3,1,3,,1.0,1.0
318,Age>25,6,5,2,2,3,0,1,1,1,1,,1.0,1.0
318,Age>25,6,5,2,5,3,1,3,3,1,3,1.0,,
318,Age>25,6,5,2,4,1,0,3,3,1,3,,1.0,1.0
318,Age>25,6,5,2,3,2,1,2,1,0,2,0.0,,
318,Age>25,6,5,2,1,2,0,1,1,1,1,,1.0,1.0
318,Age>25,7,2,2,2,3,1,3,3,1,3,1.0,,
318,Age>25,7,2,2,1,1,0,2,2,1,2,,1.0,1.0
318,Age>25,8,4,2,1,2,0,1,1,1,1,,1.0,1.0
318,Age>25,8,4,2,3,1,0,3,3,1,3,,1.0,1.0
318,Age>25,8,4,2,2,2,1,2,2,1,2,1.0,,
318,Age>25,8,4,2,4,1,0,3,3,1,3,,1.0,1.0
318,Age>25,9,3,3,1,1,1,1,1,1,1,1.0,,
318,Age>25,9,3,3,3,2,0,3,3,1,3,,1.0,1.0
318,Age>25,9,3,3,2,2,1,2,2,1,2,1.0,,
318,Age>25,10,5,3,4,1,0,2,1,0,2,,0.0,0.0
318,Age>25,10,5,3,1,2,0,1,3,0,1,,1.0,0.0
318,Age>25,10,5,3,5,2,0,3,2,0,3,,0.0,0.0
318,Age>25,10,5,3,3,3,0,2,1,0,2,,1.0,0.0
318,Age>25,10,5,3,2,2,0,1,2,0,1,,0.0,0.0
320,Age>25,1,2,1,2,2,1,2,2,1,2,1.0,,
320,Age>25,1,2,1,1,1,1,1,1,1,1,1.0,,
320,Age>25,2,3,1,2,2,0,1,2,0,1,,0.0,0.0
320,Age>25,2,3,1,1,1,1,1,1,1,1,1.0,,
320,Age>25,2,3,1,3,3,1,3,3,1,3,1.0,,
320,Age>25,3,4,1,1,2,0,1,1,1,1,,1.0,1.0
320,Age>25,3,4,1,2,1,0,2,1,0,2,,0.0,0.0
320,Age>25,3,4,1,3,3,0,2,2,1,2,,1.0,1.0
320,Age>25,3,4,1,4,2,0,3,2,0,3,,0.0,0.0
320,Age>25,4,5,1,5,2,0,3,1,0,3,,1.0,0.0
320,Age>25,4,5,1,2,2,1,2,2,1,2,1.0,,
320,Age>25,4,5,1,3,2,1,2,2,1,2,1.0,,
320,Age>25,4,5,1,4,2,0,3,2,0,3,,0.0,0.0
320,Age>25,4,5,1,1,2,0,1,1,1,1,,1.0,1.0
320,Age>25,5,3,2,2,2,1,2,2,1,2,1.0,,
320,Age>25,5,3,2,1,2,0,1,1,1,1,,1.0,1.0
320,Age>25,5,3,2,3,2,0,3,1,0,3,,1.0,0.0
320,Age>25,6,5,2,5,2,0,3,1,0,3,,1.0,0.0
320,Age>25,6,5,2,1,2,0,1,1,1,1,,1.0,1.0
320,Age>25,6,5,2,4,2,0,3,1,0,3,,1.0,0.0
320,Age>25,6,5,2,3,2,1,2,2,1,2,1.0,,
320,Age>25,6,5,2,2,2,0,1,1,1,1,,1.0,1.0
320,Age>25,7,2,2,1,2,1,2,2,1,2,1.0,,
320,Age>25,7,2,2,2,2,0,3,1,0,3,,1.0,0.0
320,Age>25,8,3,3,1,2,0,1,1,1,1,,1.0,1.0
320,Age>25,8,3,3,2,2,1,2,2,1,2,1.0,,
320,Age>25,8,3,3,3,2,0,3,3,1,3,,1.0,1.0
320,Age>25,9,4,2,2,2,1,2,2,1,2,1.0,,
320,Age>25,9,4,2,1,2,0,1,1,1,1,,1.0,1.0
320,Age>25,9,4,2,3,2,0,3,1,0,3,,1.0,0.0
320,Age>25,9,4,2,4,2,0,3,1,0,3,,1.0,0.0
320,Age>25,10,5,3,2,2,0,1,3,0,1,,1.0,0.0
320,Age>25,10,5,3,3,2,1,2,2,1,2,1.0,,
320,Age>25,10,5,3,5,2,0,3,3,1,3,,1.0,1.0
320,Age>25,10,5,3,1,2,0,1,1,1,1,,1.0,1.0
320,Age>25,10,5,3,4,2,1,2,2,1,2,1.0,,
321,Age>25,1,2,1,2,1,0,2,3,0,2,,1.0,0.0
321,Age>25,1,2,1,1,2,0,1,3,0,1,,1.0,0.0
321,Age>25,2,3,1,2,2,1,2,2,1,2,1.0,,
321,Age>25,2,3,1,1,1,0,2,3,0,2,,1.0,0.0
321,Age>25,2,3,1,3,3,1,3,3,1,3,1.0,,
321,Age>25,3,4,1,4,3,1,3,3,1,3,1.0,,
321,Age>25,3,4,1,2,2,0,1,2,0,1,,0.0,0.0
321,Age>25,3,4,1,3,1,0,2,3,0,2,,1.0,0.0
321,Age>25,3,4,1,1,2,0,1,1,1,1,,1.0,1.0
321,Age>25,4,5,1,2,2,0,1,1,1,1,,1.0,1.0
321,Age>25,4,5,1,3,2,1,2,2,1,2,1.0,,
321,Age>25,4,5,1,1,3,0,1,1,1,1,,1.0,1.0
321,Age>25,4,5,1,4,1,0,3,1,0,3,,0.0,0.0
321,Age>25,4,5,1,5,3,1,3,2,0,3,0.0,,
321,Age>25,5,3,2,2,2,1,2,2,1,2,1.0,,
321,Age>25,5,3,2,3,3,1,3,3,1,3,1.0,,
321,Age>25,5,3,2,1,1,1,1,1,1,1,1.0,,
321,Age>25,6,5,2,2,1,0,2,2,1,2,,1.0,1.0
321,Age>25,6,5,2,3,1,0,2,1,0,2,,0.0,0.0
321,Age>25,6,5,2,4,1,0,3,1,0,3,,0.0,0.0
321,Age>25,6,5,2,5,1,0,3,2,0,3,,1.0,0.0
321,Age>25,6,5,2,1,1,1,1,1,1,1,1.0,,
321,Age>25,7,2,2,1,2,0,1,3,0,1,,1.0,0.0
321,Age>25,7,2,2,2,2,0,3,1,0,3,,1.0,0.0
321,Age>25,8,3,3,1,2,0,1,1,1,1,,1.0,1.0
321,Age>25,8,3,3,3,3,1,3,3,1,3,1.0,,
321,Age>25,8,3,3,2,1,0,2,2,1,2,,1.0,1.0
321,Age>25,9,4,2,1,2,0,1,2,0,1,,0.0,0.0
321,Age>25,9,4,2,3,1,0,3,2,0,3,,1.0,0.0
321,Age>25,9,4,2,2,2,1,2,2,1,2,1.0,,
321,Age>25,9,4,2,4,2,0,3,3,1,3,,1.0,1.0
321,Age>25,10,5,3,2,2,0,1,3,0,1,,1.0,0.0
321,Age>25,10,5,3,4,1,0,2,1,0,2,,0.0,0.0
321,Age>25,10,5,3,1,3,0,1,1,1,1,,1.0,1.0
321,Age>25,10,5,3,5,2,0,3,1,0,3,,1.0,0.0
321,Age>25,10,5,3,3,2,1,2,2,1,2,1.0,,
326,Age>25,1,2,1,1,3,0,2,2,1,2,,1.0,1.0
326,Age>25,1,2,1,2,1,0,3,2,0,3,,1.0,0.0
326,Age>25,2,3,1,2,2,0,3,2,0,3,,0.0,0.0
326,Age>25,2,3,1,1,3,0,1,2,0,1,,1.0,0.0
326,Age>25,2,3,1,3,1,0,3,2,0,3,,1.0,0.0
326,Age>25,3,4,1,4,3,1,3,3,1,3,1.0,,
326,Age>25,3,4,1,1,3,0,1,1,1,1,,1.0,1.0
326,Age>25,3,4,1,2,3,0,2,1,0,2,,1.0,0.0
326,Age>25,3,4,1,3,3,0,2,1,0,2,,1.0,0.0
326,Age>25,4,5,1,2,3,0,1,3,0,1,,0.0,0.0
326,Age>25,4,5,1,3,1,0,2,2,1,2,,1.0,1.0
326,Age>25,4,5,1,5,1,0,3,3,1,3,,1.0,1.0
326,Age>25,4,5,1,1,1,1,1,1,1,1,1.0,,
326,Age>25,4,5,1,4,1,0,2,2,1,2,,1.0,1.0
326,Age>25,5,3,2,3,3,1,3,3,1,3,1.0,,
326,Age>25,5,3,2,1,3,0,1,3,0,1,,0.0,0.0
326,Age>25,5,3,2,2,1,0,2,2,1,2,,1.0,1.0
326,Age>25,6,5,2,4,3,1,3,3,1,3,1.0,,
326,Age>25,6,5,2,2,2,0,1,1,1,1,,1.0,1.0
326,Age>25,6,5,2,1,1,1,1,1,1,1,1.0,,
326,Age>25,6,5,2,5,1,0,3,2,0,3,,1.0,0.0
326,Age>25,6,5,2,3,3,0,2,2,1,2,,1.0,1.0
326,Age>25,7,2,2,1,3,0,1,1,1,1,,1.0,1.0
326,Age>25,7,2,2,2,3,0,2,2,1,2,,1.0,1.0
326,Age>25,8,3,3,3,1,0,3,3,1,3,,1.0,1.0
326,Age>25,8,3,3,1,1,1,1,1,1,1,1.0,,
326,Age>25,8,3,3,2,3,0,2,2,1,2,,1.0,1.0
326,Age>25,9,4,2,3,3,0,2,3,0,2,,0.0,0.0
326,Age>25,9,4,2,4,1,0,3,3,1,3,,1.0,1.0
326,Age>25,9,4,2,2,2,0,1,3,0,1,,1.0,0.0
326,Age>25,9,4,2,1,1,1,1,1,1,1,1.0,,
326,Age>25,10,5,3,4,3,1,3,3,1,3,1.0,,
326,Age>25,10,5,3,2,1,0,2,1,0,2,,0.0,0.0
326,Age>25,10,5,3,5,3,1,3,3,1,3,1.0,,
326,Age>25,10,5,3,3,2,1,2,3,0,2,0.0,,
326,Age>25,10,5,3,1,2,0,1,2,0,1,,0.0,0.0
329,Age>25,1,2,1,2,2,1,2,2,1,2,1.0,,
329,Age>25,1,2,1,1,1,1,1,1,1,1,1.0,,
329,Age>25,2,3,1,2,3,0,1,1,1,1,,1.0,1.0
329,Age>25,2,3,1,3,2,0,3,1,0,3,,1.0,0.0
329,Age>25,2,3,1,1,2,0,1,3,0,1,,1.0,0.0
329,Age>25,3,4,1,3,3,0,2,2,1,2,,1.0,1.0
329,Age>25,3,4,1,1,3,0,1,2,0,1,,1.0,0.0
329,Age>25,3,4,1,4,3,1,3,3,1,3,1.0,,
329,Age>25,3,4,1,2,3,0,2,2,1,2,,1.0,1.0
329,Age>25,4,5,1,1,3,0,1,1,1,1,,1.0,1.0
329,Age>25,4,5,1,5,3,1,3,3,1,3,1.0,,
329,Age>25,4,5,1,4,3,1,3,3,1,3,1.0,,
329,Age>25,4,5,1,3,3,0,2,1,0,2,,1.0,0.0
329,Age>25,4,5,1,2,2,1,2,2,1,2,1.0,,
329,Age>25,5,3,2,1,3,0,1,1,1,1,,1.0,1.0
329,Age>25,5,3,2,3,3,1,3,3,1,3,1.0,,
329,Age>25,5,3,2,2,3,0,2,2,1,2,,1.0,1.0
329,Age>25,6,5,2,1,3,0,1,2,0,1,,1.0,0.0
329,Age>25,6,5,2,4,3,1,3,3,1,3,1.0,,
329,Age>25,6,5,2,5,3,1,3,3,1,3,1.0,,
329,Age>25,6,5,2,2,3,0,1,2,0,1,,1.0,0.0
329,Age>25,6,5,2,3,3,0,2,2,1,2,,1.0,1.0
329,Age>25,7,2,2,1,3,0,2,2,1,2,,1.0,1.0
329,Age>25,7,2,2,2,2,0,3,3,1,3,,1.0,1.0
329,Age>25,8,3,3,2,3,0,2,2,1,2,,1.0,1.0
329,Age>25,8,3,3,1,3,0,1,1,1,1,,1.0,1.0
329,Age>25,8,3,3,3,3,1,3,3,1,3,1.0,,
329,Age>25,9,4,2,3,3,1,3,3,1,3,1.0,,
329,Age>25,9,4,2,1,3,0,1,2,0,1,,1.0,0.0
329,Age>25,9,4,2,2,3,0,2,2,1,2,,1.0,1.0
329,Age>25,9,4,2,4,3,1,3,3,1,3,1.0,,
329,Age>25,10,5,3,4,3,0,2,2,1,2,,1.0,1.0
329,Age>25,10,5,3,1,3,0,1,2,0,1,,1.0,0.0
329,Age>25,10,5,3,5,3,1,3,3,1,3,1.0,,
329,Age>25,10,5,3,3,3,0,2,2,1,2,,1.0,1.0
329,Age>25,10,5,3,2,3,0,1,2,0,1,,1.0,0.0
332,Age>25,1,2,1,1,2,0,1,3,0,1,,1.0,0.0
332,Age>25,1,2,1,2,1,0,3,2,0,3,,1.0,0.0
332,Age>25,2,3,1,2,2,0,1,3,0,1,,1.0,0.0
332,Age>25,2,3,1,3,1,0,2,3,0,2,,1.0,0.0
332,Age>25,2,3,1,1,2,0,1,1,1,1,,1.0,1.0
332,Age>25,3,5,1,4,2,0,3,3,1,3,,1.0,1.0
332,Age>25,3,5,1,1,2,0,1,1,1,1,,1.0,1.0
332,Age>25,3,5,1,2,2,1,2,2,1,2,1.0,,
332,Age>25,3,5,1,3,1,0,2,3,0,2,,1.0,0.0
332,Age>25,3,5,1,5,3,1,3,3,1,3,1.0,,
332,Age>25,4,4,1,1,2,0,1,1,1,1,,1.0,1.0
332,Age>25,4,4,1,2,1,0,2,2,1,2,,1.0,1.0
332,Age>25,4,4,1,4,3,1,3,3,1,3,1.0,,
332,Age>25,4,4,1,3,2,0,3,1,0,3,,1.0,0.0
332,Age>25,5,3,2,1,3,0,1,2,0,1,,1.0,0.0
332,Age>25,5,3,2,2,3,0,2,2,1,2,,1.0,1.0
332,Age>25,5,3,2,3,3,1,3,3,1,3,1.0,,
332,Age>25,6,5,2,2,2,0,1,3,0,1,,1.0,0.0
332,Age>25,6,5,2,1,2,0,1,3,0,1,,1.0,0.0
332,Age>25,6,5,2,4,2,1,2,2,1,2,1.0,,
332,Age>25,6,5,2,3,2,1,2,2,1,2,1.0,,
332,Age>25,6,5,2,5,1,0,3,1,0,3,,0.0,0.0
332,Age>25,7,2,2,1,3,0,2,1,0,2,,1.0,0.0
332,Age>25,7,2,2,2,2,0,3,1,0,3,,1.0,0.0
332,Age>25,8,3,3,3,2,0,3,3,1,3,,1.0,1.0
332,Age>25,8,3,3,2,2,1,2,2,1,2,1.0,,
332,Age>25,8,3,3,1,1,1,1,1,1,1,1.0,,
332,Age>25,9,5,3,4,2,0,3,1,0,3,,1.0,0.0
332,Age>25,9,5,3,1,2,0,1,1,1,1,,1.0,1.0
332,Age>25,9,5,3,5,2,0,3,1,0,3,,1.0,0.0
332,Age>25,9,5,3,2,2,0,1,3,0,1,,1.0,0.0
332,Age>25,9,5,3,3,2,1,2,2,1,2,1.0,,
332,Age>25,10,4,2,4,2,0,3,1,0,3,,1.0,0.0
332,Age>25,10,4,2,2,2,1,2,2,1,2,1.0,,
332,Age>25,10,4,2,3,2,1,2,2,1,2,1.0,,
332,Age>25,10,4,2,1,2,0,1,3,0,1,,1.0,0.0
333,Age>25,1,2,1,1,2,1,2,2,1,2,1.0,,
333,Age>25,1,2,1,2,1,0,3,3,1,3,,1.0,1.0
333,Age>25,2,3,1,2,1,0,2,2,1,2,,1.0,1.0
333,Age>25,2,3,1,3,3,0,2,2,1,2,,1.0,1.0
333,Age>25,2,3,1,1,2,0,1,1,1,1,,1.0,1.0
333,Age>25,3,5,1,3,3,0,2,1,0,2,,1.0,0.0
333,Age>25,3,5,1,1,1,1,1,1,1,1,1.0,,
333,Age>25,3,5,1,2,2,0,1,1,1,1,,1.0,1.0
333,Age>25,3,5,1,4,2,0,3,3,1,3,,1.0,1.0
333,Age>25,3,5,1,5,2,0,3,1,0,3,,1.0,0.0
333,Age>25,4,4,1,3,3,1,3,3,1,3,1.0,,
333,Age>25,4,4,1,1,1,1,1,3,0,1,0.0,,
333,Age>25,4,4,1,4,2,0,3,1,0,3,,1.0,0.0
333,Age>25,4,4,1,2,2,1,2,1,0,2,0.0,,
333,Age>25,5,3,2,3,3,1,3,3,1,3,1.0,,
333,Age>25,5,3,2,1,1,1,1,1,1,1,1.0,,
333,Age>25,5,3,2,2,2,1,2,2,1,2,1.0,,
333,Age>25,6,5,2,2,3,0,1,2,0,1,,1.0,0.0
333,Age>25,6,5,2,1,1,1,1,1,1,1,1.0,,
333,Age>25,6,5,2,3,2,1,2,2,1,2,1.0,,
333,Age>25,6,5,2,5,3,1,3,3,1,3,1.0,,
333,Age>25,6,5,2,4,3,0,2,1,0,2,,1.0,0.0
333,Age>25,7,2,2,1,2,0,1,3,0,1,,1.0,0.0
333,Age>25,7,2,2,2,1,0,3,3,1,3,,1.0,1.0
333,Age>25,8,3,3,2,3,0,2,2,1,2,,1.0,1.0
333,Age>25,8,3,3,1,1,1,1,1,1,1,1.0,,
333,Age>25,8,3,3,3,3,1,3,3,1,3,1.0,,
333,Age>25,9,5,3,4,1,0,3,3,1,3,,1.0,1.0
333,Age>25,9,5,3,1,3,0,1,1,1,1,,1.0,1.0
333,Age>25,9,5,3,2,2,1,2,2,1,2,1.0,,
333,Age>25,9,5,3,5,1,0,3,1,0,3,,0.0,0.0
333,Age>25,9,5,3,3,3,0,2,1,0,2,,1.0,0.0
333,Age>25,10,4,2,2,2,0,1,3,0,1,,1.0,0.0
333,Age>25,10,4,2,3,2,1,2,2,1,2,1.0,,
333,Age>25,10,4,2,1,2,0,1,3,0,1,,1.0,0.0
333,Age>25,10,4,2,4,2,0,3,3,1,3,,1.0,1.0
334,Age>25,1,2,1,2,3,1,3,3,1,3,1.0,,
334,Age>25,1,2,1,1,1,1,1,1,1,1,1.0,,
334,Age>25,2,3,1,2,3,0,1,1,1,1,,1.0,1.0
334,Age>25,2,3,1,3,2,1,2,2,1,2,1.0,,
334,Age>25,2,3,1,1,3,0,1,1,1,1,,1.0,1.0
334,Age>25,3,5,1,3,3,0,2,1,0,2,,1.0,0.0
334,Age>25,3,5,1,1,3,0,1,1,1,1,,1.0,1.0
334,Age>25,3,5,1,4,2,0,3,3,1,3,,1.0,1.0
334,Age>25,3,5,1,2,1,0,2,2,1,2,,1.0,1.0
334,Age>25,3,5,1,5,3,1,3,3,1,3,1.0,,
334,Age>25,4,4,1,4,1,0,3,3,1,3,,1.0,1.0
334,Age>25,4,4,1,2,1,0,2,2,1,2,,1.0,1.0
334,Age>25,4,4,1,3,1,0,3,2,0,3,,1.0,0.0
334,Age>25,4,4,1,1,1,1,1,1,1,1,1.0,,
334,Age>25,5,3,2,3,3,1,3,3,1,3,1.0,,
334,Age>25,5,3,2,2,1,0,2,2,1,2,,1.0,1.0
334,Age>25,5,3,2,1,2,0,1,2,0,1,,0.0,0.0
334,Age>25,6,5,2,3,3,0,2,1,0,2,,1.0,0.0
334,Age>25,6,5,2,4,1,0,2,2,1,2,,1.0,1.0
334,Age>25,6,5,2,2,2,0,1,2,0,1,,0.0,0.0
334,Age>25,6,5,2,1,3,0,1,1,1,1,,1.0,1.0
334,Age>25,6,5,2,5,2,0,3,3,1,3,,1.0,1.0
334,Age>25,7,2,2,1,1,0,2,3,0,2,,1.0,0.0
334,Age>25,7,2,2,2,2,0,3,2,0,3,,0.0,0.0
334,Age>25,8,3,3,3,1,0,3,2,0,3,,1.0,0.0
334,Age>25,8,3,3,1,1,1,1,1,1,1,1.0,,
334,Age>25,8,3,3,2,3,0,2,2,1,2,,1.0,1.0
334,Age>25,9,5,3,3,2,1,2,2,1,2,1.0,,
334,Age>25,9,5,3,5,1,0,3,2,0,3,,1.0,0.0
334,Age>25,9,5,3,2,1,1,1,1,1,1,1.0,,
334,Age>25,9,5,3,4,3,1,3,2,0,3,0.0,,
334,Age>25,9,5,3,1,3,0,1,1,1,1,,1.0,1.0
334,Age>25,10,4,2,4,1,0,3,1,0,3,,0.0,0.0
334,Age>25,10,4,2,1,2,0,1,3,0,1,,1.0,0.0
334,Age>25,10,4,2,2,3,0,2,1,0,2,,1.0,0.0
334,Age>25,10,4,2,3,2,1,2,1,0,2,0.0,,
337,Age>25,1,2,1,1,3,0,1,1,1,1,,1.0,1.0
337,Age>25,1,2,1,2,1,0,2,2,1,2,,1.0,1.0
337,Age>25,2,3,1,3,3,1,3,3,1,3,1.0,,
337,Age>25,2,3,1,2,1,0,2,2,1,2,,1.0,1.0
337,Age>25,2,3,1,1,2,1,2,1,0,2,0.0,,
337,Age>25,3,4,1,3,1,0,2,3,0,2,,1.0,0.0
337,Age>25,3,4,1,2,3,0,1,3,0,1,,0.0,0.0
337,Age>25,3,4,1,4,2,0,3,3,1,3,,1.0,1.0
337,Age>25,3,4,1,1,3,0,1,3,0,1,,0.0,0.0
337,Age>25,4,5,1,1,3,0,1,2,0,1,,1.0,0.0
337,Age>25,4,5,1,2,3,0,1,1,1,1,,1.0,1.0
337,Age>25,4,5,1,3,3,0,2,1,0,2,,1.0,0.0
337,Age>25,4,5,1,5,3,1,3,3,1,3,1.0,,
337,Age>25,4,5,1,4,3,1,3,3,1,3,1.0,,
337,Age>25,5,3,2,1,2,0,1,1,1,1,,1.0,1.0
337,Age>25,5,3,2,2,2,1,2,2,1,2,1.0,,
337,Age>25,5,3,2,3,1,0,3,3,1,3,,1.0,1.0
337,Age>25,6,5,2,2,3,0,2,1,0,2,,1.0,0.0
337,Age>25,6,5,2,1,3,0,1,1,1,1,,1.0,1.0
337,Age>25,6,5,2,4,3,1,3,3,1,3,1.0,,
337,Age>25,6,5,2,5,1,0,3,2,0,3,,1.0,0.0
337,Age>25,6,5,2,3,3,0,2,1,0,2,,1.0,0.0
337,Age>25,7,2,2,2,2,0,3,3,1,3,,1.0,1.0
337,Age>25,7,2,2,1,2,0,1,3,0,1,,1.0,0.0
337,Age>25,8,3,3,1,2,0,1,3,0,1,,1.0,0.0
337,Age>25,8,3,3,3,2,0,3,3,1,3,,1.0,1.0
337,Age>25,8,3,3,2,2,1,2,2,1,2,1.0,,
337,Age>25,9,4,2,1,3,0,1,1,1,1,,1.0,1.0
337,Age>25,9,4,2,3,3,1,3,3,1,3,1.0,,
337,Age>25,9,4,2,4,3,1,3,3,1,3,1.0,,
337,Age>25,9,4,2,2,1,0,2,2,1,2,,1.0,1.0
337,Age>25,10,5,3,3,1,0,2,2,1,2,,1.0,1.0
337,Age>25,10,5,3,2,1,1,1,1,1,1,1.0,,
337,Age>25,10,5,3,5,3,1,3,3,1,3,1.0,,
337,Age>25,10,5,3,1,2,0,1,1,1,1,,1.0,1.0
337,Age>25,10,5,3,4,1,0,2,2,1,2,,1.0,1.0
339,Age>25,1,2,1,2,1,0,2,3,0,2,,1.0,0.0
339,Age>25,1,2,1,1,1,1,1,1,1,1,1.0,,
339,Age>25,2,3,1,2,2,0,1,3,0,1,,1.0,0.0
339,Age>25,2,3,1,3,1,0,3,3,1,3,,1.0,1.0
339,Age>25,2,3,1,1,3,0,1,1,1,1,,1.0,1.0
339,Age>25,3,4,1,3,1,0,2,2,1,2,,1.0,1.0
339,Age>25,3,4,1,1,1,1,1,1,1,1,1.0,,
339,Age>25,3,4,1,4,1,0,3,3,1,3,,1.0,1.0
339,Age>25,3,4,1,2,1,0,2,3,0,2,,1.0,0.0
339,Age>25,4,5,1,1,1,1,1,1,1,1,1.0,,
339,Age>25,4,5,1,5,1,0,3,3,1,3,,1.0,1.0
339,Age>25,4,5,1,4,1,0,3,3,1,3,,1.0,1.0
339,Age>25,4,5,1,3,1,0,2,3,0,2,,1.0,0.0
339,Age>25,4,5,1,2,1,0,2,3,0,2,,1.0,0.0
339,Age>25,5,3,2,1,1,1,1,1,1,1,1.0,,
339,Age>25,5,3,2,3,1,0,3,3,1,3,,1.0,1.0
339,Age>25,5,3,2,2,1,0,2,3,0,2,,1.0,0.0
339,Age>25,6,5,2,1,1,1,1,1,1,1,1.0,,
339,Age>25,6,5,2,4,1,0,3,3,1,3,,1.0,1.0
339,Age>25,6,5,2,5,1,0,3,3,1,3,,1.0,1.0
339,Age>25,6,5,2,2,1,1,1,1,1,1,1.0,,
339,Age>25,6,5,2,3,1,0,2,3,0,2,,1.0,0.0
339,Age>25,7,2,2,1,1,0,2,3,0,2,,1.0,0.0
339,Age>25,7,2,2,2,1,0,3,3,1,3,,1.0,1.0
339,Age>25,8,3,3,2,1,0,2,3,0,2,,1.0,0.0
339,Age>25,8,3,3,1,1,1,1,1,1,1,1.0,,
339,Age>25,8,3,3,3,1,0,3,3,1,3,,1.0,1.0
339,Age>25,9,4,2,3,1,0,3,3,1,3,,1.0,1.0
339,Age>25,9,4,2,1,1,1,1,1,1,1,1.0,,
339,Age>25,9,4,2,2,1,0,2,3,0,2,,1.0,0.0
339,Age>25,9,4,2,4,1,0,3,3,1,3,,1.0,1.0
339,Age>25,10,5,3,4,1,0,2,3,0,2,,1.0,0.0
339,Age>25,10,5,3,1,1,1,1,1,1,1,1.0,,
339,Age>25,10,5,3,5,1,0,3,3,1,3,,1.0,1.0
339,Age>25,10,5,3,3,1,0,2,3,0,2,,1.0,0.0
339,Age>25,10,5,3,2,1,1,1,1,1,1,1.0,,
342,Age>25,1,2,1,1,2,0,1,1,1,1,,1.0,1.0
342,Age>25,2,3,1,2,2,0,1,1,1,1,,1.0,1.0
342,Age>25,2,3,1,3,3,0,2,2,1,2,,1.0,1.0
342,Age>25,2,3,1,1,3,0,1,2,0,1,,1.0,0.0
342,Age>25,3,5,1,4,3,1,3,3,1,3,1.0,,
342,Age>25,3,5,1,1,3,0,1,2,0,1,,1.0,0.0
342,Age>25,3,5,1,2,3,0,2,2,1,2,,1.0,1.0
342,Age>25,3,5,1,3,3,0,2,2,1,2,,1.0,1.0
342,Age>25,3,5,1,5,3,1,3,3,1,3,1.0,,
342,Age>25,4,4,1,1,3,0,1,2,0,1,,1.0,0.0
342,Age>25,4,4,1,2,3,0,2,2,1,2,,1.0,1.0
342,Age>25,4,4,1,4,3,1,3,3,1,3,1.0,,
342,Age>25,4,4,1,3,3,1,3,3,1,3,1.0,,
342,Age>25,5,3,2,1,3,0,1,2,0,1,,1.0,0.0
342,Age>25,5,3,2,2,3,0,2,1,0,2,,1.0,0.0
342,Age>25,5,3,2,3,3,1,3,2,0,3,0.0,,
342,Age>25,6,5,2,2,3,0,1,2,0,1,,1.0,0.0
342,Age>25,6,5,2,1,3,0,1,2,0,1,,1.0,0.0
342,Age>25,6,5,2,4,3,0,2,2,1,2,,1.0,1.0
342,Age>25,6,5,2,3,3,0,2,2,1,2,,1.0,1.0
342,Age>25,6,5,2,5,3,1,3,3,1,3,1.0,,
342,Age>25,7,2,2,1,3,0,2,2,1,2,,1.0,1.0
342,Age>25,7,2,2,2,3,1,3,3,1,3,1.0,,
342,Age>25,8,3,3,3,3,1,3,3,1,3,1.0,,
342,Age>25,8,3,3,2,2,1,2,2,1,2,1.0,,
342,Age>25,8,3,3,1,3,0,1,1,1,1,,1.0,1.0
342,Age>25,9,5,3,4,3,1,3,3,1,3,1.0,,
342,Age>25,9,5,3,1,2,0,1,3,0,1,,1.0,0.0
342,Age>25,9,5,3,5,3,1,3,2,0,3,0.0,,
342,Age>25,9,5,3,2,3,0,1,2,0,1,,1.0,0.0
342,Age>25,9,5,3,3,3,0,2,2,1,2,,1.0,1.0
342,Age>25,10,4,2,4,3,1,3,3,1,3,1.0,,
342,Age>25,10,4,2,2,3,0,2,2,1,2,,1.0,1.0
342,Age>25,10,4,2,3,3,0,2,2,1,2,,1.0,1.0
342,Age>25,10,4,2,1,3,0,1,3,0,1,,0.0,0.0
345,Age>25,1,2,1,1,3,0,1,2,0,1,,1.0,0.0
345,Age>25,1,2,1,2,1,0,2,1,0,2,,0.0,0.0
345,Age>25,2,3,1,2,3,0,2,1,0,2,,1.0,0.0
345,Age>25,2,3,1,1,3,0,2,1,0,2,,1.0,0.0
345,Age>25,2,3,1,3,3,1,3,3,1,3,1.0,,
345,Age>25,3,4,1,4,3,1,3,3,1,3,1.0,,
345,Age>25,3,4,1,1,1,1,1,1,1,1,1.0,,
345,Age>25,3,4,1,2,2,0,1,1,1,1,,1.0,1.0
345,Age>25,3,4,1,3,2,1,2,2,1,2,1.0,,
345,Age>25,4,5,1,4,3,1,3,3,1,3,1.0,,
345,Age>25,4,5,1,3,1,0,2,2,1,2,,1.0,1.0
345,Age>25,4,5,1,2,1,1,1,3,0,1,0.0,,
345,Age>25,4,5,1,1,1,1,1,2,0,1,0.0,,
345,Age>25,4,5,1,5,1,0,3,2,0,3,,1.0,0.0
345,Age>25,5,3,2,1,3,0,1,1,1,1,,1.0,1.0
345,Age>25,5,3,2,2,3,0,2,3,0,2,,0.0,0.0
345,Age>25,5,3,2,3,3,1,3,1,0,3,0.0,,
345,Age>25,6,5,2,1,3,0,1,1,1,1,,1.0,1.0
345,Age>25,6,5,2,4,3,1,3,3,1,3,1.0,,
345,Age>25,6,5,2,5,3,1,3,3,1,3,1.0,,
345,Age>25,6,5,2,2,1,0,2,2,1,2,,1.0,1.0
345,Age>25,6,5,2,3,1,0,2,2,1,2,,1.0,1.0
345,Age>25,7,2,2,1,3,0,1,1,1,1,,1.0,1.0
345,Age>25,7,2,2,2,3,1,3,3,1,3,1.0,,
345,Age>25,8,3,3,3,1,0,3,3,1,3,,1.0,1.0
345,Age>25,8,3,3,2,1,0,2,2,1,2,,1.0,1.0
345,Age>25,8,3,3,1,1,1,1,1,1,1,1.0,,
345,Age>25,9,4,2,1,3,0,1,1,1,1,,1.0,1.0
345,Age>25,9,4,2,4,3,1,3,3,1,3,1.0,,
345,Age>25,9,4,2,2,3,0,2,2,1,2,,1.0,1.0
345,Age>25,9,4,2,3,3,1,3,3,1,3,1.0,,
345,Age>25,10,5,3,2,3,0,1,1,1,1,,1.0,1.0
345,Age>25,10,5,3,1,3,0,1,1,1,1,,1.0,1.0
345,Age>25,10,5,3,4,3,0,2,2,1,2,,1.0,1.0
345,Age>25,10,5,3,3,3,0,2,1,0,2,,1.0,0.0
345,Age>25,10,5,3,5,3,1,3,1,0,3,0.0,,
347,Age>25,1,2,1,1,2,0,1,1,1,1,,1.0,1.0
347,Age>25,1,2,1,2,3,0,2,2,1,2,,1.0,1.0
347,Age>25,2,3,1,3,3,1,3,3,1,3,1.0,,
347,Age>25,2,3,1,2,3,0,2,1,0,2,,1.0,0.0
347,Age>25,2,3,1,1,3,0,2,2,1,2,,1.0,1.0
347,Age>25,3,4,1,3,3,0,2,2,1,2,,1.0,1.0
347,Age>25,3,4,1,2,3,0,1,2,0,1,,1.0,0.0
347,Age>25,3,4,1,4,3,1,3,3,1,3,1.0,,
347,Age>25,3,4,1,1,3,0,1,2,0,1,,1.0,0.0
347,Age>25,4,5,1,1,3,0,1,2,0,1,,1.0,0.0
347,Age>25,4,5,1,2,3,0,1,2,0,1,,1.0,0.0
347,Age>25,4,5,1,3,3,0,2,2,1,2,,1.0,1.0
347,Age>25,4,5,1,5,3,1,3,2,0,3,0.0,,
347,Age>25,4,5,1,4,3,1,3,3,1,3,1.0,,
347,Age>25,5,3,2,1,3,0,1,2,0,1,,1.0,0.0
347,Age>25,5,3,2,2,3,0,2,2,1,2,,1.0,1.0
347,Age>25,5,3,2,3,3,1,3,3,1,3,1.0,,
347,Age>25,6,5,2,2,3,0,2,2,1,2,,1.0,1.0
347,Age>25,6,5,2,1,3,0,1,2,0,1,,1.0,0.0
347,Age>25,6,5,2,4,3,1,3,3,1,3,1.0,,
347,Age>25,6,5,2,5,3,1,3,3,1,3,1.0,,
347,Age>25,6,5,2,3,3,0,2,1,0,2,,1.0,0.0
347,Age>25,7,2,2,2,2,0,3,3,1,3,,1.0,1.0
347,Age>25,7,2,2,1,2,0,1,3,0,1,,1.0,0.0
347,Age>25,8,3,3,1,3,0,1,2,0,1,,1.0,0.0
347,Age>25,8,3,3,3,3,1,3,3,1,3,1.0,,
347,Age>25,8,3,3,2,3,0,2,2,1,2,,1.0,1.0
347,Age>25,9,4,2,1,3,0,1,1,1,1,,1.0,1.0
347,Age>25,9,4,2,3,3,1,3,3,1,3,1.0,,
347,Age>25,9,4,2,4,3,1,3,3,1,3,1.0,,
347,Age>25,9,4,2,2,3,0,2,2,1,2,,1.0,1.0
347,Age>25,10,5,3,3,3,0,2,2,1,2,,1.0,1.0
347,Age>25,10,5,3,2,3,0,1,2,0,1,,1.0,0.0
347,Age>25,10,5,3,5,3,1,3,3,1,3,1.0,,
347,Age>25,10,5,3,1,3,0,1,2,0,1,,1.0,0.0
347,Age>25,10,5,3,4,3,0,2,2,1,2,,1.0,1.0
348,Age>25,1,2,1,2,2,1,2,2,1,2,1.0,,
348,Age>25,1,2,1,1,1,1,1,1,1,1,1.0,,
348,Age>25,2,4,1,3,1,0,2,3,0,2,,1.0,0.0
348,Age>25,2,4,1,4,3,1,3,3,1,3,1.0,,
348,Age>25,2,4,1,2,1,0,2,2,1,2,,1.0,1.0
348,Age>25,2,4,1,1,2,0,1,3,0,1,,1.0,0.0
348,Age>25,3,3,1,2,3,0,1,2,0,1,,1.0,0.0
348,Age>25,3,3,1,3,3,1,3,3,1,3,1.0,,
348,Age>25,3,3,1,1,2,0,1,1,1,1,,1.0,1.0
348,Age>25,4,5,1,3,1,0,2,2,1,2,,1.0,1.0
348,Age>25,4,5,1,5,1,0,3,2,0,3,,1.0,0.0
348,Age>25,4,5,1,1,1,1,1,3,0,1,0.0,,
348,Age>25,4,5,1,4,3,1,3,3,1,3,1.0,,
348,Age>25,4,5,1,2,2,1,2,2,1,2,1.0,,
348,Age>25,5,3,2,1,1,1,1,1,1,1,1.0,,
348,Age>25,5,3,2,2,3,0,2,2,1,2,,1.0,1.0
348,Age>25,5,3,2,3,3,1,3,3,1,3,1.0,,
348,Age>25,6,5,2,2,1,1,1,1,1,1,1.0,,
348,Age>25,6,5,2,5,2,0,3,2,0,3,,0.0,0.0
348,Age>25,6,5,2,4,3,1,3,1,0,3,0.0,,
348,Age>25,6,5,2,3,2,1,2,2,1,2,1.0,,
348,Age>25,6,5,2,1,3,0,1,1,1,1,,1.0,1.0
348,Age>25,7,2,2,2,1,0,3,3,1,3,,1.0,1.0
348,Age>25,7,2,2,1,1,0,2,3,0,2,,1.0,0.0
348,Age>25,8,4,2,1,3,0,1,1,1,1,,1.0,1.0
348,Age>25,8,4,2,3,3,1,3,3,1,3,1.0,,
348,Age>25,8,4,2,2,2,1,2,2,1,2,1.0,,
348,Age>25,8,4,2,4,1,0,3,3,1,3,,1.0,1.0
348,Age>25,9,3,3,1,1,1,1,1,1,1,1.0,,
348,Age>25,9,3,3,3,3,1,3,3,1,3,1.0,,
348,Age>25,9,3,3,2,2,1,2,2,1,2,1.0,,
348,Age>25,10,5,3,4,1,0,2,1,0,2,,0.0,0.0
348,Age>25,10,5,3,1,1,1,1,3,0,1,0.0,,
348,Age>25,10,5,3,5,3,1,3,3,1,3,1.0,,
348,Age>25,10,5,3,3,2,1,2,2,1,2,1.0,,
348,Age>25,10,5,3,2,1,1,1,2,0,1,0.0,,
349,Age>25,1,2,1,2,1,0,2,2,1,2,,1.0,1.0
349,Age>25,1,2,1,1,1,1,1,1,1,1,1.0,,
349,Age>25,2,3,1,2,1,1,1,1,1,1,1.0,,
349,Age>25,2,3,1,3,2,0,3,2,0,3,,0.0,0.0
349,Age>25,2,3,1,1,2,0,1,3,0,1,,1.0,0.0
349,Age>25,3,4,1,3,1,0,2,1,0,2,,0.0,0.0
349,Age>25,3,4,1,1,1,1,1,1,1,1,1.0,,
349,Age>25,3,4,1,4,1,0,3,3,1,3,,1.0,1.0
349,Age>25,3,4,1,2,3,0,2,2,1,2,,1.0,1.0
349,Age>25,4,5,1,1,1,1,1,1,1,1,1.0,,
349,Age>25,4,5,1,5,3,1,3,3,1,3,1.0,,
349,Age>25,4,5,1,4,2,0,3,3,1,3,,1.0,1.0
349,Age>25,4,5,1,3,3,0,2,1,0,2,,1.0,0.0
349,Age>25,4,5,1,2,2,1,2,2,1,2,1.0,,
349,Age>25,5,3,2,1,2,0,1,3,0,1,,1.0,0.0
349,Age>25,5,3,2,3,2,0,3,3,1,3,,1.0,1.0
349,Age>25,5,3,2,2,2,1,2,2,1,2,1.0,,
349,Age>25,6,5,2,1,2,0,1,3,0,1,,1.0,0.0
349,Age>25,6,5,2,4,2,0,3,1,0,3,,1.0,0.0
349,Age>25,6,5,2,5,2,0,3,3,1,3,,1.0,1.0
349,Age>25,6,5,2,2,2,0,1,3,0,1,,1.0,0.0
349,Age>25,6,5,2,3,2,1,2,2,1,2,1.0,,
349,Age>25,7,2,2,1,1,0,2,2,1,2,,1.0,1.0
349,Age>25,7,2,2,2,1,0,3,2,0,3,,1.0,0.0
349,Age>25,8,3,3,2,2,1,2,2,1,2,1.0,,
349,Age>25,8,3,3,1,3,0,1,1,1,1,,1.0,1.0
349,Age>25,8,3,3,3,3,1,3,3,1,3,1.0,,
349,Age>25,9,4,2,3,1,0,3,1,0,3,,0.0,0.0
349,Age>25,9,4,2,1,2,0,1,1,1,1,,1.0,1.0
349,Age>25,9,4,2,2,2,1,2,2,1,2,1.0,,
349,Age>25,9,4,2,4,3,1,3,3,1,3,1.0,,
349,Age>25,10,5,3,4,3,0,2,3,0,2,,0.0,0.0
349,Age>25,10,5,3,1,2,0,1,3,0,1,,1.0,0.0
349,Age>25,10,5,3,5,2,0,3,1,0,3,,1.0,0.0
349,Age>25,10,5,3,3,2,1,2,2,1,2,1.0,,
349,Age>25,10,5,3,2,3,0,1,3,0,1,,0.0,0.0
350,Age>25,1,2,1,2,2,1,2,2,1,2,1.0,,
350,Age>25,1,2,1,1,1,1,1,1,1,1,1.0,,
350,Age>25,2,3,1,2,3,0,1,3,0,1,,0.0,0.0
350,Age>25,2,3,1,1,1,1,1,1,1,1,1.0,,
350,Age>25,2,3,1,3,2,0,3,1,0,3,,1.0,0.0
350,Age>25,3,4,1,1,2,0,1,3,0,1,,1.0,0.0
350,Age>25,3,4,1,2,2,1,2,2,1,2,1.0,,
350,Age>25,3,4,1,3,2,1,2,2,1,2,1.0,,
350,Age>25,3,4,1,4,2,0,3,3,1,3,,1.0,1.0
350,Age>25,4,5,1,5,1,0,3,3,1,3,,1.0,1.0
350,Age>25,4,5,1,2,1,0,2,2,1,2,,1.0,1.0
350,Age>25,4,5,1,3,1,0,2,1,0,2,,0.0,0.0
350,Age>25,4,5,1,4,1,0,3,2,0,3,,1.0,0.0
350,Age>25,4,5,1,1,1,1,1,1,1,1,1.0,,
350,Age>25,5,3,2,2,3,0,2,1,0,2,,1.0,0.0
350,Age>25,5,3,2,1,3,0,1,3,0,1,,0.0,0.0
350,Age>25,5,3,2,3,2,0,3,3,1,3,,1.0,1.0
350,Age>25,6,5,2,5,1,0,3,1,0,3,,0.0,0.0
350,Age>25,6,5,2,1,2,0,1,3,0,1,,1.0,0.0
350,Age>25,6,5,2,4,1,0,3,3,1,3,,1.0,1.0
350,Age>25,6,5,2,3,3,0,2,2,1,2,,1.0,1.0
350,Age>25,6,5,2,2,1,1,1,1,1,1,1.0,,
350,Age>25,7,2,2,1,1,0,2,2,1,2,,1.0,1.0
350,Age>25,7,2,2,2,3,1,3,3,1,3,1.0,,
350,Age>25,8,3,3,1,1,1,1,2,0,1,0.0,,
350,Age>25,8,3,3,2,1,0,2,1,0,2,,0.0,0.0
350,Age>25,8,3,3,3,3,1,3,1,0,3,0.0,,
350,Age>25,9,4,2,2,3,0,2,1,0,2,,1.0,0.0
350,Age>25,9,4,2,1,1,1,1,1,1,1,1.0,,
350,Age>25,9,4,2,3,3,1,3,2,0,3,0.0,,
350,Age>25,9,4,2,4,2,0,3,3,1,3,,1.0,1.0
350,Age>25,10,5,3,2,3,0,1,2,0,1,,1.0,0.0
350,Age>25,10,5,3,3,3,0,2,1,0,2,,1.0,0.0
350,Age>25,10,5,3,5,2,0,3,1,0,3,,1.0,0.0
350,Age>25,10,5,3,1,1,1,1,2,0,1,0.0,,
350,Age>25,10,5,3,4,3,0,2,3,0,2,,0.0,0.0
351,Age>25,1,2,1,2,2,1,2,2,1,2,1.0,,
351,Age>25,1,2,1,1,3,0,1,1,1,1,,1.0,1.0
351,Age>25,2,3,1,2,3,0,2,2,1,2,,1.0,1.0
351,Age>25,2,3,1,1,3,0,2,1,0,2,,1.0,0.0
351,Age>25,2,3,1,3,3,1,3,3,1,3,1.0,,
351,Age>25,3,4,1,4,2,0,3,3,1,3,,1.0,1.0
351,Age>25,3,4,1,2,2,0,1,1,1,1,,1.0,1.0
351,Age>25,3,4,1,3,2,1,2,2,1,2,1.0,,
351,Age>25,3,4,1,1,2,0,1,3,0,1,,1.0,0.0
351,Age>25,4,5,1,2,2,0,1,3,0,1,,1.0,0.0
351,Age>25,4,5,1,3,1,0,2,3,0,2,,1.0,0.0
351,Age>25,4,5,1,1,2,0,1,2,0,1,,0.0,0.0
351,Age>25,4,5,1,4,2,0,3,3,1,3,,1.0,1.0
351,Age>25,4,5,1,5,2,0,3,3,1,3,,1.0,1.0
351,Age>25,5,3,2,2,3,0,2,2,1,2,,1.0,1.0
351,Age>25,5,3,2,3,3,1,3,3,1,3,1.0,,
351,Age>25,5,3,2,1,3,0,1,1,1,1,,1.0,1.0
351,Age>25,6,5,2,2,3,0,2,2,1,2,,1.0,1.0
351,Age>25,6,5,2,3,3,0,2,1,0,2,,1.0,0.0
351,Age>25,6,5,2,4,3,1,3,3,1,3,1.0,,
351,Age>25,6,5,2,5,3,1,3,1,0,3,0.0,,
351,Age>25,6,5,2,1,2,0,1,2,0,1,,0.0,0.0
351,Age>25,7,2,2,1,2,0,1,3,0,1,,1.0,0.0
351,Age>25,7,2,2,2,2,0,3,3,1,3,,1.0,1.0
351,Age>25,8,3,3,1,3,0,1,2,0,1,,1.0,0.0
351,Age>25,8,3,3,3,3,1,3,3,1,3,1.0,,
351,Age>25,8,3,3,2,3,0,2,2,1,2,,1.0,1.0
351,Age>25,9,4,2,1,3,0,1,2,0,1,,1.0,0.0
351,Age>25,9,4,2,3,3,1,3,3,1,3,1.0,,
351,Age>25,9,4,2,2,3,0,2,2,1,2,,1.0,1.0
351,Age>25,9,4,2,4,3,1,3,3,1,3,1.0,,
351,Age>25,10,5,3,2,3,0,1,2,0,1,,1.0,0.0
351,Age>25,10,5,3,4,3,0,2,2,1,2,,1.0,1.0
351,Age>25,10,5,3,1,3,0,1,2,0,1,,1.0,0.0
351,Age>25,10,5,3,5,3,1,3,3,1,3,1.0,,
351,Age>25,10,5,3,3,3,0,2,3,0,2,,0.0,0.0
352,Age>25,1,2,1,1,2,0,1,1,1,1,,1.0,1.0
352,Age>25,1,2,1,2,2,0,3,3,1,3,,1.0,1.0
352,Age>25,2,3,1,2,3,0,1,2,0,1,,1.0,0.0
352,Age>25,2,3,1,3,3,0,2,1,0,2,,1.0,0.0
352,Age>25,2,3,1,1,3,0,1,2,0,1,,1.0,0.0
352,Age>25,3,5,1,4,3,1,3,3,1,3,1.0,,
352,Age>25,3,5,1,1,3,0,1,3,0,1,,0.0,0.0
352,Age>25,3,5,1,2,2,1,2,2,1,2,1.0,,
352,Age>25,3,5,1,3,1,0,2,2,1,2,,1.0,1.0
352,Age>25,3,5,1,5,2,0,3,3,1,3,,1.0,1.0
352,Age>25,4,4,1,1,3,0,1,2,0,1,,1.0,0.0
352,Age>25,4,4,1,2,3,0,2,1,0,2,,1.0,0.0
352,Age>25,4,4,1,4,3,1,3,3,1,3,1.0,,
352,Age>25,4,4,1,3,2,0,3,3,1,3,,1.0,1.0
352,Age>25,5,3,2,1,3,0,1,2,0,1,,1.0,0.0
352,Age>25,5,3,2,2,3,0,2,2,1,2,,1.0,1.0
352,Age>25,5,3,2,3,3,1,3,3,1,3,1.0,,
352,Age>25,6,5,2,2,3,0,1,2,0,1,,1.0,0.0
352,Age>25,6,5,2,1,3,0,1,3,0,1,,0.0,0.0
352,Age>25,6,5,2,4,3,0,2,2,1,2,,1.0,1.0
352,Age>25,6,5,2,3,3,0,2,2,1,2,,1.0,1.0
352,Age>25,6,5,2,5,3,1,3,2,0,3,0.0,,
352,Age>25,7,2,2,1,3,0,2,1,0,2,,1.0,0.0
352,Age>25,7,2,2,2,3,1,3,3,1,3,1.0,,
352,Age>25,8,3,3,3,3,1,3,3,1,3,1.0,,
352,Age>25,8,3,3,2,2,1,2,2,1,2,1.0,,
352,Age>25,8,3,3,1,1,1,1,1,1,1,1.0,,
352,Age>25,9,5,3,4,3,1,3,3,1,3,1.0,,
352,Age>25,9,5,3,1,2,0,1,1,1,1,,1.0,1.0
352,Age>25,9,5,3,5,2,0,3,2,0,3,,0.0,0.0
352,Age>25,9,5,3,2,2,0,1,1,1,1,,1.0,1.0
352,Age>25,9,5,3,3,2,1,2,1,0,2,0.0,,
352,Age>25,10,4,2,4,3,1,3,3,1,3,1.0,,
352,Age>25,10,4,2,2,3,0,2,2,1,2,,1.0,1.0
352,Age>25,10,4,2,3,3,0,2,1,0,2,,1.0,0.0
352,Age>25,10,4,2,1,3,0,1,2,0,1,,1.0,0.0
353,Age>25,1,2,1,1,3,0,2,2,1,2,,1.0,1.0
353,Age>25,1,2,1,2,1,0,3,3,1,3,,1.0,1.0
353,Age>25,2,3,1,2,3,0,2,2,1,2,,1.0,1.0
353,Age>25,2,3,1,3,1,0,2,3,0,2,,1.0,0.0
353,Age>25,2,3,1,1,1,1,1,1,1,1,1.0,,
353,Age>25,3,5,1,3,3,0,2,1,0,2,,1.0,0.0
353,Age>25,3,5,1,1,3,0,1,2,0,1,,1.0,0.0
353,Age>25,3,5,1,2,2,0,1,3,0,1,,1.0,0.0
353,Age>25,3,5,1,4,3,1,3,3,1,3,1.0,,
353,Age>25,3,5,1,5,3,1,3,3,1,3,1.0,,
353,Age>25,4,4,1,3,2,0,3,3,1,3,,1.0,1.0
353,Age>25,4,4,1,1,2,0,1,3,0,1,,1.0,0.0
353,Age>25,4,4,1,4,2,0,3,3,1,3,,1.0,1.0
353,Age>25,4,4,1,2,2,1,2,2,1,2,1.0,,
353,Age>25,5,3,2,3,3,1,3,3,1,3,1.0,,
353,Age>25,5,3,2,1,3,0,1,2,0,1,,1.0,0.0
353,Age>25,5,3,2,2,3,0,2,1,0,2,,1.0,0.0
353,Age>25,6,5,2,2,3,0,1,3,0,1,,0.0,0.0
353,Age>25,6,5,2,1,1,1,1,1,1,1,1.0,,
353,Age>25,6,5,2,3,2,1,2,2,1,2,1.0,,
353,Age>25,6,5,2,5,3,1,3,3,1,3,1.0,,
353,Age>25,6,5,2,4,3,0,2,2,1,2,,1.0,1.0
353,Age>25,7,2,2,1,3,0,1,2,0,1,,1.0,0.0
353,Age>25,7,2,2,2,3,1,3,3,1,3,1.0,,
353,Age>25,8,3,3,2,1,0,2,2,1,2,,1.0,1.0
353,Age>25,8,3,3,1,3,0,1,2,0,1,,1.0,0.0
353,Age>25,8,3,3,3,3,1,3,3,1,3,1.0,,
353,Age>25,9,5,3,4,3,1,3,1,0,3,0.0,,
353,Age>25,9,5,3,1,3,0,1,1,1,1,,1.0,1.0
353,Age>25,9,5,3,2,3,0,2,1,0,2,,1.0,0.0
353,Age>25,9,5,3,5,3,1,3,3,1,3,1.0,,
353,Age>25,9,5,3,3,2,1,2,2,1,2,1.0,,
353,Age>25,10,4,2,2,3,0,1,1,1,1,,1.0,1.0
353,Age>25,10,4,2,3,3,0,2,2,1,2,,1.0,1.0
353,Age>25,10,4,2,1,3,0,1,3,0,1,,0.0,0.0
353,Age>25,10,4,2,4,3,1,3,3,1,3,1.0,,
354,Age>25,1,2,1,2,3,1,3,3,1,3,1.0,,
354,Age>25,1,2,1,1,1,1,1,1,1,1,1.0,,
354,Age>25,2,3,1,2,2,0,1,2,0,1,,0.0,0.0
354,Age>25,2,3,1,3,1,0,2,2,1,2,,1.0,1.0
354,Age>25,2,3,1,1,3,0,1,3,0,1,,0.0,0.0
354,Age>25,3,5,1,3,1,0,2,2,1,2,,1.0,1.0
354,Age>25,3,5,1,1,2,0,1,1,1,1,,1.0,1.0
354,Age>25,3,5,1,4,1,0,3,3,1,3,,1.0,1.0
354,Age>25,3,5,1,2,2,1,2,2,1,2,1.0,,
354,Age>25,3,5,1,5,1,0,3,2,0,3,,1.0,0.0
354,Age>25,4,4,1,4,2,0,3,3,1,3,,1.0,1.0
354,Age>25,4,4,1,2,1,0,2,2,1,2,,1.0,1.0
354,Age>25,4,4,1,3,2,0,3,3,1,3,,1.0,1.0
354,Age>25,4,4,1,1,1,1,1,1,1,1,1.0,,
354,Age>25,5,3,2,3,2,0,3,1,0,3,,1.0,0.0
354,Age>25,5,3,2,2,3,0,2,2,1,2,,1.0,1.0
354,Age>25,5,3,2,1,2,0,1,3,0,1,,1.0,0.0
354,Age>25,6,5,2,3,3,0,2,2,1,2,,1.0,1.0
354,Age>25,6,5,2,4,2,1,2,1,0,2,0.0,,
354,Age>25,6,5,2,2,1,1,1,1,1,1,1.0,,
354,Age>25,6,5,2,1,3,0,1,2,0,1,,1.0,0.0
354,Age>25,6,5,2,5,1,0,3,2,0,3,,1.0,0.0
354,Age>25,7,2,2,1,3,0,2,2,1,2,,1.0,1.0
354,Age>25,7,2,2,2,1,0,3,1,0,3,,0.0,0.0
354,Age>25,8,3,3,3,3,1,3,3,1,3,1.0,,
354,Age>25,8,3,3,1,1,1,1,1,1,1,1.0,,
354,Age>25,8,3,3,2,2,1,2,2,1,2,1.0,,
354,Age>25,9,5,3,3,2,1,2,2,1,2,1.0,,
354,Age>25,9,5,3,5,1,0,3,1,0,3,,0.0,0.0
354,Age>25,9,5,3,2,3,0,1,3,0,1,,0.0,0.0
354,Age>25,9,5,3,4,2,0,3,3,1,3,,1.0,1.0
354,Age>25,9,5,3,1,1,1,1,2,0,1,0.0,,
354,Age>25,10,4,2,4,1,0,3,3,1,3,,1.0,1.0
354,Age>25,10,4,2,1,2,0,1,2,0,1,,0.0,0.0
354,Age>25,10,4,2,2,1,0,2,2,1,2,,1.0,1.0
354,Age>25,10,4,2,3,3,0,2,1,0,2,,1.0,0.0
357,Age>25,1,2,1,1,2,0,1,1,1,1,,1.0,1.0
357,Age>25,1,2,1,2,3,0,2,2,1,2,,1.0,1.0
357,Age>25,2,3,1,3,2,0,3,3,1,3,,1.0,1.0
357,Age>25,2,3,1,2,3,0,2,1,0,2,,1.0,0.0
357,Age>25,2,3,1,1,3,0,2,2,1,2,,1.0,1.0
357,Age>25,3,4,1,3,2,1,2,2,1,2,1.0,,
357,Age>25,3,4,1,2,1,1,1,1,1,1,1.0,,
357,Age>25,3,4,1,4,3,1,3,3,1,3,1.0,,
357,Age>25,3,4,1,1,3,0,1,2,0,1,,1.0,0.0
357,Age>25,4,5,1,1,2,0,1,1,1,1,,1.0,1.0
357,Age>25,4,5,1,2,3,0,1,1,1,1,,1.0,1.0
357,Age>25,4,5,1,3,2,1,2,2,1,2,1.0,,
357,Age>25,4,5,1,5,1,0,3,1,0,3,,0.0,0.0
357,Age>25,4,5,1,4,3,1,3,3,1,3,1.0,,
357,Age>25,5,3,2,1,2,0,1,2,0,1,,0.0,0.0
357,Age>25,5,3,2,2,3,0,2,1,0,2,,1.0,0.0
357,Age>25,5,3,2,3,3,1,3,3,1,3,1.0,,
357,Age>25,6,5,2,2,2,1,2,2,1,2,1.0,,
357,Age>25,6,5,2,1,1,1,1,1,1,1,1.0,,
357,Age>25,6,5,2,4,3,1,3,3,1,3,1.0,,
357,Age>25,6,5,2,5,2,0,3,1,0,3,,1.0,0.0
357,Age>25,6,5,2,3,2,1,2,2,1,2,1.0,,
357,Age>25,7,2,2,2,2,0,3,3,1,3,,1.0,1.0
357,Age>25,7,2,2,1,2,0,1,3,0,1,,1.0,0.0
357,Age>25,8,3,3,1,2,0,1,3,0,1,,1.0,0.0
357,Age>25,8,3,3,3,2,0,3,3,1,3,,1.0,1.0
357,Age>25,8,3,3,2,2,1,2,2,1,2,1.0,,
357,Age>25,9,4,2,1,2,0,1,2,0,1,,0.0,0.0
357,Age>25,9,4,2,3,1,0,3,2,0,3,,1.0,0.0
357,Age>25,9,4,2,4,1,0,3,3,1,3,,1.0,1.0
357,Age>25,9,4,2,2,1,0,2,3,0,2,,1.0,0.0
357,Age>25,10,5,3,3,2,1,2,2,1,2,1.0,,
357,Age>25,10,5,3,2,3,0,1,3,0,1,,0.0,0.0
357,Age>25,10,5,3,5,3,1,3,3,1,3,1.0,,
357,Age>25,10,5,3,1,1,1,1,1,1,1,1.0,,
357,Age>25,10,5,3,4,1,0,2,1,0,2,,0.0,0.0
359,Age>25,1,2,1,2,3,0,2,3,0,2,,0.0,0.0
359,Age>25,1,2,1,1,2,0,1,1,1,1,,1.0,1.0
359,Age>25,2,3,1,2,3,0,1,2,0,1,,1.0,0.0
359,Age>25,2,3,1,3,3,1,3,1,0,3,0.0,,
359,Age>25,2,3,1,1,1,1,1,1,1,1,1.0,,
359,Age>25,3,4,1,3,3,0,2,3,0,2,,0.0,0.0
359,Age>25,3,4,1,1,3,0,1,3,0,1,,0.0,0.0
359,Age>25,3,4,1,4,3,1,3,3,1,3,1.0,,
359,Age>25,3,4,1,2,1,0,2,2,1,2,,1.0,1.0
359,Age>25,4,5,1,1,3,0,1,3,0,1,,0.0,0.0
359,Age>25,4,5,1,5,1,0,3,3,1,3,,1.0,1.0
359,Age>25,4,5,1,4,2,0,3,2,0,3,,0.0,0.0
359,Age>25,4,5,1,3,3,0,2,1,0,2,,1.0,0.0
359,Age>25,4,5,1,2,1,0,2,2,1,2,,1.0,1.0
359,Age>25,5,3,2,1,3,0,1,2,0,1,,1.0,0.0
359,Age>25,5,3,2,3,1,0,3,3,1,3,,1.0,1.0
359,Age>25,5,3,2,2,3,0,2,1,0,2,,1.0,0.0
359,Age>25,6,5,2,1,3,0,1,3,0,1,,0.0,0.0
359,Age>25,6,5,2,4,3,1,3,2,0,3,0.0,,
359,Age>25,6,5,2,5,3,1,3,1,0,3,0.0,,
359,Age>25,6,5,2,2,1,1,1,3,0,1,0.0,,
359,Age>25,6,5,2,3,2,1,2,1,0,2,0.0,,
359,Age>25,7,2,2,1,3,0,2,1,0,2,,1.0,0.0
359,Age>25,7,2,2,2,3,1,3,3,1,3,1.0,,
359,Age>25,8,3,3,2,3,0,2,2,1,2,,1.0,1.0
359,Age>25,8,3,3,1,3,0,1,1,1,1,,1.0,1.0
359,Age>25,8,3,3,3,3,1,3,3,1,3,1.0,,
359,Age>25,9,4,2,3,3,1,3,3,1,3,1.0,,
359,Age>25,9,4,2,1,3,0,1,1,1,1,,1.0,1.0
359,Age>25,9,4,2,2,1,0,2,1,0,2,,0.0,0.0
359,Age>25,9,4,2,4,2,0,3,3,1,3,,1.0,1.0
359,Age>25,10,5,3,4,3,0,2,1,0,2,,1.0,0.0
359,Age>25,10,5,3,1,1,1,1,3,0,1,0.0,,
359,Age>25,10,5,3,5,3,1,3,2,0,3,0.0,,
359,Age>25,10,5,3,3,2,1,2,1,0,2,0.0,,
359,Age>25,10,5,3,2,3,0,1,2,0,1,,1.0,0.0
360,Age>25,1,2,1,2,1,0,2,3,0,2,,1.0,0.0
360,Age>25,1,2,1,1,2,0,1,1,1,1,,1.0,1.0
360,Age>25,2,3,1,2,1,1,1,1,1,1,1.0,,
360,Age>25,2,3,1,1,3,0,1,2,0,1,,1.0,0.0
360,Age>25,2,3,1,3,3,1,3,3,1,3,1.0,,
360,Age>25,3,4,1,1,1,1,1,1,1,1,1.0,,
360,Age>25,3,4,1,2,2,1,2,1,0,2,0.0,,
360,Age>25,3,4,1,3,3,0,2,2,1,2,,1.0,1.0
360,Age>25,3,4,1,4,3,1,3,3,1,3,1.0,,
360,Age>25,4,5,1,5,1,0,3,2,0,3,,1.0,0.0
360,Age>25,4,5,1,2,3,0,2,1,0,2,,1.0,0.0
360,Age>25,4,5,1,3,2,1,2,2,1,2,1.0,,
360,Age>25,4,5,1,4,1,0,3,3,1,3,,1.0,1.0
360,Age>25,4,5,1,1,3,0,1,3,0,1,,0.0,0.0
360,Age>25,5,3,2,2,1,0,2,2,1,2,,1.0,1.0
360,Age>25,5,3,2,1,2,0,1,1,1,1,,1.0,1.0
360,Age>25,5,3,2,3,2,0,3,1,0,3,,1.0,0.0
360,Age>25,6,5,2,5,2,0,3,1,0,3,,1.0,0.0
360,Age>25,6,5,2,1,2,0,1,2,0,1,,0.0,0.0
360,Age>25,6,5,2,4,2,0,3,1,0,3,,1.0,0.0
360,Age>25,6,5,2,3,2,1,2,2,1,2,1.0,,
360,Age>25,6,5,2,2,2,0,1,1,1,1,,1.0,1.0
360,Age>25,7,2,2,1,2,1,2,2,1,2,1.0,,
360,Age>25,7,2,2,2,2,0,3,1,0,3,,1.0,0.0
360,Age>25,8,3,3,1,2,0,1,1,1,1,,1.0,1.0
360,Age>25,8,3,3,2,2,1,2,2,1,2,1.0,,
360,Age>25,8,3,3,3,2,0,3,3,1,3,,1.0,1.0
360,Age>25,9,4,2,2,2,1,2,2,1,2,1.0,,
360,Age>25,9,4,2,1,1,1,1,1,1,1,1.0,,
360,Age>25,9,4,2,3,3,1,3,3,1,3,1.0,,
360,Age>25,9,4,2,4,3,1,3,3,1,3,1.0,,
360,Age>25,10,5,3,2,2,0,1,1,1,1,,1.0,1.0
360,Age>25,10,5,3,3,2,1,2,2,1,2,1.0,,
360,Age>25,10,5,3,5,2,0,3,3,1,3,,1.0,1.0
360,Age>25,10,5,3,1,2,0,1,1,1,1,,1.0,1.0
360,Age>25,10,5,3,4,2,1,2,2,1,2,1.0,,
361,Age>25,1,2,1,2,2,1,2,2,1,2,1.0,,
361,Age>25,1,2,1,1,1,1,1,1,1,1,1.0,,
361,Age>25,2,3,1,2,2,1,2,2,1,2,1.0,,
361,Age>25,2,3,1,1,1,0,2,3,0,2,,1.0,0.0
361,Age>25,2,3,1,3,1,0,3,3,1,3,,1.0,1.0
361,Age>25,3,4,1,4,2,0,3,1,0,3,,1.0,0.0
361,Age>25,3,4,1,2,3,0,1,2,0,1,,1.0,0.0
361,Age>25,3,4,1,3,2,1,2,2,1,2,1.0,,
361,Age>25,3,4,1,1,2,0,1,3,0,1,,1.0,0.0
361,Age>25,4,5,1,2,2,0,1,3,0,1,,1.0,0.0
361,Age>25,4,5,1,3,3,0,2,3,0,2,,0.0,0.0
361,Age>25,4,5,1,1,1,1,1,1,1,1,1.0,,
361,Age>25,4,5,1,4,1,0,3,3,1,3,,1.0,1.0
361,Age>25,4,5,1,5,3,1,3,2,0,3,0.0,,
361,Age>25,5,3,2,2,2,1,2,2,1,2,1.0,,
361,Age>25,5,3,2,3,1,0,3,3,1,3,,1.0,1.0
361,Age>25,5,3,2,1,1,1,1,1,1,1,1.0,,
361,Age>25,6,5,2,2,2,1,2,2,1,2,1.0,,
361,Age>25,6,5,2,3,1,0,2,2,1,2,,1.0,1.0
361,Age>25,6,5,2,4,1,0,3,3,1,3,,1.0,1.0
361,Age>25,6,5,2,5,1,0,3,1,0,3,,0.0,0.0
361,Age>25,6,5,2,1,2,0,1,3,0,1,,1.0,0.0
361,Age>25,7,2,2,1,2,0,1,3,0,1,,1.0,0.0
361,Age>25,7,2,2,2,2,0,3,3,1,3,,1.0,1.0
361,Age>25,8,3,3,1,3,0,1,2,0,1,,1.0,0.0
361,Age>25,8,3,3,3,1,0,3,2,0,3,,1.0,0.0
361,Age>25,8,3,3,2,3,0,2,1,0,2,,1.0,0.0
361,Age>25,9,4,2,1,2,0,1,1,1,1,,1.0,1.0
361,Age>25,9,4,2,3,1,0,3,3,1,3,,1.0,1.0
361,Age>25,9,4,2,2,3,0,2,1,0,2,,1.0,0.0
361,Age>25,9,4,2,4,2,0,3,2,0,3,,0.0,0.0
361,Age>25,10,5,3,2,3,0,1,1,1,1,,1.0,1.0
361,Age>25,10,5,3,4,2,1,2,2,1,2,1.0,,
361,Age>25,10,5,3,1,1,1,1,3,0,1,0.0,,
361,Age>25,10,5,3,5,1,0,3,3,1,3,,1.0,1.0
361,Age>25,10,5,3,3,2,1,2,3,0,2,0.0,,
362,Age>25,1,2,1,1,2,0,1,1,1,1,,1.0,1.0
362,Age>25,1,2,1,2,3,1,3,3,1,3,1.0,,
362,Age>25,2,3,1,2,3,0,1,2,0,1,,1.0,0.0
362,Age>25,2,3,1,3,3,0,2,2,1,2,,1.0,1.0
362,Age>25,2,3,1,1,3,0,1,2,0,1,,1.0,0.0
362,Age>25,3,5,1,4,1,0,3,2,0,3,,1.0,0.0
362,Age>25,3,5,1,1,1,1,1,1,1,1,1.0,,
362,Age>25,3,5,1,2,1,0,2,2,1,2,,1.0,1.0
362,Age>25,3,5,1,3,1,0,2,2,1,2,,1.0,1.0
362,Age>25,3,5,1,5,1,0,3,2,0,3,,1.0,0.0
362,Age>25,4,4,1,1,3,0,1,2,0,1,,1.0,0.0
362,Age>25,4,4,1,2,3,0,2,2,1,2,,1.0,1.0
362,Age>25,4,4,1,4,3,1,3,3,1,3,1.0,,
362,Age>25,4,4,1,3,3,1,3,3,1,3,1.0,,
362,Age>25,5,3,2,1,3,0,1,2,0,1,,1.0,0.0
362,Age>25,5,3,2,2,3,0,2,2,1,2,,1.0,1.0
362,Age>25,5,3,2,3,3,1,3,3,1,3,1.0,,
362,Age>25,6,5,2,2,3,0,1,2,0,1,,1.0,0.0
362,Age>25,6,5,2,1,3,0,1,3,0,1,,0.0,0.0
362,Age>25,6,5,2,4,3,0,2,2,1,2,,1.0,1.0
362,Age>25,6,5,2,3,3,0,2,1,0,2,,1.0,0.0
362,Age>25,6,5,2,5,3,1,3,3,1,3,1.0,,
362,Age>25,7,2,2,1,3,0,2,2,1,2,,1.0,1.0
362,Age>25,7,2,2,2,3,1,3,3,1,3,1.0,,
362,Age>25,8,3,3,3,3,1,3,3,1,3,1.0,,
362,Age>25,8,3,3,2,3,0,2,2,1,2,,1.0,1.0
362,Age>25,8,3,3,1,3,0,1,2,0,1,,1.0,0.0
362,Age>25,9,5,3,4,3,1,3,3,1,3,1.0,,
362,Age>25,9,5,3,1,3,0,1,2,0,1,,1.0,0.0
362,Age>25,9,5,3,5,3,1,3,3,1,3,1.0,,
362,Age>25,9,5,3,2,3,0,1,2,0,1,,1.0,0.0
362,Age>25,9,5,3,3,3,0,2,2,1,2,,1.0,1.0
362,Age>25,10,4,2,4,3,1,3,3,1,3,1.0,,
362,Age>25,10,4,2,2,3,0,2,2,1,2,,1.0,1.0
362,Age>25,10,4,2,3,3,0,2,2,1,2,,1.0,1.0
362,Age>25,10,4,2,1,3,0,1,2,0,1,,1.0,0.0
363,Age>25,1,2,1,1,2,1,2,2,1,2,1.0,,
363,Age>25,1,2,1,2,1,0,3,3,1,3,,1.0,1.0
363,Age>25,2,3,1,2,3,0,2,1,0,2,,1.0,0.0
363,Age>25,2,3,1,3,3,0,2,1,0,2,,1.0,0.0
363,Age>25,2,3,1,1,3,0,1,1,1,1,,1.0,1.0
363,Age>25,3,5,1,3,1,0,2,2,1,2,,1.0,1.0
363,Age>25,3,5,1,1,1,1,1,1,1,1,1.0,,
363,Age>25,3,5,1,2,3,0,1,2,0,1,,1.0,0.0
363,Age>25,3,5,1,4,2,0,3,3,1,3,,1.0,1.0
363,Age>25,3,5,1,5,3,1,3,1,0,3,0.0,,
363,Age>25,4,4,1,3,3,1,3,3,1,3,1.0,,
363,Age>25,4,4,1,1,1,1,1,1,1,1,1.0,,
363,Age>25,4,4,1,4,2,0,3,1,0,3,,1.0,0.0
363,Age>25,4,4,1,2,2,1,2,2,1,2,1.0,,
363,Age>25,5,3,2,3,3,1,3,3,1,3,1.0,,
363,Age>25,5,3,2,1,1,1,1,3,0,1,0.0,,
363,Age>25,5,3,2,2,2,1,2,2,1,2,1.0,,
363,Age>25,6,5,2,2,1,1,1,1,1,1,1.0,,
363,Age>25,6,5,2,1,1,1,1,1,1,1,1.0,,
363,Age>25,6,5,2,3,3,0,2,2,1,2,,1.0,1.0
363,Age>25,6,5,2,5,3,1,3,3,1,3,1.0,,
363,Age>25,6,5,2,4,2,1,2,2,1,2,1.0,,
363,Age>25,7,2,2,1,1,1,1,1,1,1,1.0,,
363,Age>25,7,2,2,2,2,0,3,3,1,3,,1.0,1.0
363,Age>25,8,3,3,2,3,0,2,2,1,2,,1.0,1.0
363,Age>25,8,3,3,1,3,0,1,1,1,1,,1.0,1.0
363,Age>25,8,3,3,3,3,1,3,3,1,3,1.0,,
363,Age>25,9,5,3,4,3,1,3,3,1,3,1.0,,
363,Age>25,9,5,3,1,1,1,1,1,1,1,1.0,,
363,Age>25,9,5,3,2,1,0,2,2,1,2,,1.0,1.0
363,Age>25,9,5,3,5,1,0,3,3,1,3,,1.0,1.0
363,Age>25,9,5,3,3,1,0,2,2,1,2,,1.0,1.0
363,Age>25,10,4,2,2,3,0,1,1,1,1,,1.0,1.0
363,Age>25,10,4,2,3,1,0,2,1,0,2,,0.0,0.0
363,Age>25,10,4,2,1,3,0,1,1,1,1,,1.0,1.0
363,Age>25,10,4,2,4,3,1,3,3,1,3,1.0,,
364,Age>25,1,2,1,2,2,0,3,3,1,3,,1.0,1.0
364,Age>25,1,2,1,1,1,1,1,1,1,1,1.0,,
364,Age>25,2,3,1,2,2,0,1,3,0,1,,1.0,0.0
364,Age>25,2,3,1,3,3,0,2,1,0,2,,1.0,0.0
364,Age>25,2,3,1,1,1,1,1,1,1,1,1.0,,
364,Age>25,3,5,1,3,3,0,2,1,0,2,,1.0,0.0
364,Age>25,3,5,1,1,3,0,1,2,0,1,,1.0,0.0
364,Age>25,3,5,1,4,2,0,3,1,0,3,,1.0,0.0
364,Age>25,3,5,1,2,2,1,2,2,1,2,1.0,,
364,Age>25,3,5,1,5,1,0,3,1,0,3,,0.0,0.0
364,Age>25,4,4,1,4,3,1,3,3,1,3,1.0,,
364,Age>25,4,4,1,2,3,0,2,2,1,2,,1.0,1.0
364,Age>25,4,4,1,3,2,0,3,3,1,3,,1.0,1.0
364,Age>25,4,4,1,1,1,1,1,1,1,1,1.0,,
364,Age>25,5,3,2,3,3,1,3,3,1,3,1.0,,
364,Age>25,5,3,2,2,3,0,2,2,1,2,,1.0,1.0
364,Age>25,5,3,2,1,3,0,1,2,0,1,,1.0,0.0
364,Age>25,6,5,2,3,3,0,2,2,1,2,,1.0,1.0
364,Age>25,6,5,2,4,3,0,2,2,1,2,,1.0,1.0
364,Age>25,6,5,2,2,3,0,1,2,0,1,,1.0,0.0
364,Age>25,6,5,2,1,3,0,1,2,0,1,,1.0,0.0
364,Age>25,6,5,2,5,3,1,3,2,0,3,0.0,,
364,Age>25,7,2,2,1,3,0,2,1,0,2,,1.0,0.0
364,Age>25,7,2,2,2,3,1,3,3,1,3,1.0,,
364,Age>25,8,3,3,3,3,1,3,3,1,3,1.0,,
364,Age>25,8,3,3,1,2,0,1,1,1,1,,1.0,1.0
364,Age>25,8,3,3,2,2,1,2,2,1,2,1.0,,
364,Age>25,9,5,3,3,3,0,2,2,1,2,,1.0,1.0
364,Age>25,9,5,3,5,3,1,3,3,1,3,1.0,,
364,Age>25,9,5,3,2,3,0,1,2,0,1,,1.0,0.0
364,Age>25,9,5,3,4,3,1,3,3,1,3,1.0,,
364,Age>25,9,5,3,1,3,0,1,2,0,1,,1.0,0.0
364,Age>25,10,4,2,4,3,1,3,2,0,3,0.0,,
364,Age>25,10,4,2,1,3,0,1,3,0,1,,0.0,0.0
364,Age>25,10,4,2,2,3,0,2,2,1,2,,1.0,1.0
364,Age>25,10,4,2,3,3,0,2,2,1,2,,1.0,1.0
365,Age>25,1,2,1,1,2,0,1,3,0,1,,1.0,0.0
365,Age>25,1,2,1,2,3,0,2,2,1,2,,1.0,1.0
365,Age>25,2,3,1,2,2,1,2,2,1,2,1.0,,
365,Age>25,2,3,1,1,3,0,2,1,0,2,,1.0,0.0
365,Age>25,2,3,1,3,1,0,3,3,1,3,,1.0,1.0
365,Age>25,3,4,1,4,1,0,3,2,0,3,,1.0,0.0
365,Age>25,3,4,1,1,1,1,1,1,1,1,1.0,,
365,Age>25,3,4,1,2,3,0,1,2,0,1,,1.0,0.0
365,Age>25,3,4,1,3,2,1,2,2,1,2,1.0,,
365,Age>25,4,5,1,4,3,1,3,3,1,3,1.0,,
365,Age>25,4,5,1,3,1,0,2,2,1,2,,1.0,1.0
365,Age>25,4,5,1,2,1,1,1,1,1,1,1.0,,
365,Age>25,4,5,1,1,1,1,1,1,1,1,1.0,,
365,Age>25,4,5,1,5,2,0,3,3,1,3,,1.0,1.0
365,Age>25,5,3,2,1,1,1,1,1,1,1,1.0,,
365,Age>25,5,3,2,2,3,0,2,2,1,2,,1.0,1.0
365,Age>25,5,3,2,3,2,0,3,3,1,3,,1.0,1.0
365,Age>25,6,5,2,1,1,1,1,1,1,1,1.0,,
365,Age>25,6,5,2,4,3,1,3,3,1,3,1.0,,
365,Age>25,6,5,2,5,2,0,3,1,0,3,,1.0,0.0
365,Age>25,6,5,2,2,1,0,2,2,1,2,,1.0,1.0
365,Age>25,6,5,2,3,3,0,2,3,0,2,,0.0,0.0
365,Age>25,7,2,2,1,1,1,1,1,1,1,1.0,,
365,Age>25,7,2,2,2,3,1,3,3,1,3,1.0,,
365,Age>25,8,3,3,3,1,0,3,3,1,3,,1.0,1.0
365,Age>25,8,3,3,2,1,0,2,2,1,2,,1.0,1.0
365,Age>25,8,3,3,1,1,1,1,1,1,1,1.0,,
365,Age>25,9,4,2,1,1,1,1,1,1,1,1.0,,
365,Age>25,9,4,2,4,3,1,3,3,1,3,1.0,,
365,Age>25,9,4,2,2,2,1,2,2,1,2,1.0,,
365,Age>25,9,4,2,3,1,0,3,3,1,3,,1.0,1.0
365,Age>25,10,5,3,2,1,1,1,1,1,1,1.0,,
365,Age>25,10,5,3,1,3,0,1,3,0,1,,0.0,0.0
365,Age>25,10,5,3,4,1,0,2,3,0,2,,1.0,0.0
365,Age>25,10,5,3,3,1,0,2,3,0,2,,1.0,0.0
365,Age>25,10,5,3,5,1,0,3,3,1,3,,1.0,1.0
418,Age>25,1,2,1,2,2,1,2,2,1,2,1.0,,
418,Age>25,1,2,1,1,1,1,1,1,1,1,1.0,,
418,Age>25,2,4,1,3,3,0,2,3,0,2,,0.0,0.0
418,Age>25,2,4,1,4,1,0,3,1,0,3,,0.0,0.0
418,Age>25,2,4,1,2,2,1,2,2,1,2,1.0,,
418,Age>25,2,4,1,1,1,1,1,1,1,1,1.0,,
418,Age>25,3,3,1,2,2,0,1,1,1,1,,1.0,1.0
418,Age>25,3,3,1,3,3,1,3,3,1,3,1.0,,
418,Age>25,3,3,1,1,1,1,1,2,0,1,0.0,,
418,Age>25,4,5,1,3,2,1,2,2,1,2,1.0,,
418,Age>25,4,5,1,5,1,0,3,3,1,3,,1.0,1.0
418,Age>25,4,5,1,1,3,0,1,3,0,1,,0.0,0.0
418,Age>25,4,5,1,4,2,0,3,3,1,3,,1.0,1.0
418,Age>25,4,5,1,2,1,0,2,2,1,2,,1.0,1.0
418,Age>25,5,3,2,1,3,0,1,1,1,1,,1.0,1.0
418,Age>25,5,3,2,2,2,1,2,2,1,2,1.0,,
418,Age>25,5,3,2,3,1,0,3,3,1,3,,1.0,1.0
418,Age>25,6,5,2,2,3,0,1,3,0,1,,0.0,0.0
418,Age>25,6,5,2,5,2,0,3,2,0,3,,0.0,0.0
418,Age>25,6,5,2,4,2,0,3,2,0,3,,0.0,0.0
418,Age>25,6,5,2,3,1,0,2,2,1,2,,1.0,1.0
418,Age>25,6,5,2,1,3,0,1,3,0,1,,0.0,0.0
418,Age>25,7,2,2,2,1,0,3,2,0,3,,1.0,0.0
418,Age>25,7,2,2,1,3,0,2,1,0,2,,1.0,0.0
418,Age>25,8,4,2,1,1,1,1,1,1,1,1.0,,
418,Age>25,8,4,2,3,3,1,3,3,1,3,1.0,,
418,Age>25,8,4,2,2,2,1,2,2,1,2,1.0,,
418,Age>25,8,4,2,4,3,1,3,3,1,3,1.0,,
418,Age>25,9,3,3,1,1,1,1,1,1,1,1.0,,
418,Age>25,9,3,3,3,3,1,3,3,1,3,1.0,,
418,Age>25,9,3,3,2,2,1,2,2,1,2,1.0,,
418,Age>25,10,5,3,4,3,0,2,2,1,2,,1.0,1.0
418,Age>25,10,5,3,1,2,0,1,3,0,1,,1.0,0.0
418,Age>25,10,5,3,5,2,0,3,3,1,3,,1.0,1.0
418,Age>25,10,5,3,3,2,1,2,1,0,2,0.0,,
418,Age>25,10,5,3,2,1,1,1,1,1,1,1.0,,
425,Age>25,1,2,1,1,2,0,1,1,1,1,,1.0,1.0
425,Age>25,1,2,1,2,3,0,2,1,0,2,,1.0,0.0
425,Age>25,2,3,1,2,1,0,2,2,1,2,,1.0,1.0
425,Age>25,2,3,1,1,3,0,2,1,0,2,,1.0,0.0
425,Age>25,2,3,1,3,3,1,3,3,1,3,1.0,,
425,Age>25,3,4,1,4,2,0,3,3,1,3,,1.0,1.0
425,Age>25,3,4,1,1,3,0,1,3,0,1,,0.0,0.0
425,Age>25,3,4,1,2,1,1,1,1,1,1,1.0,,
425,Age>25,3,4,1,3,1,0,2,3,0,2,,1.0,0.0
425,Age>25,4,5,1,4,3,1,3,3,1,3,1.0,,
425,Age>25,4,5,1,3,3,0,2,1,0,2,,1.0,0.0
425,Age>25,4,5,1,2,3,0,1,1,1,1,,1.0,1.0
425,Age>25,4,5,1,1,1,1,1,1,1,1,1.0,,
425,Age>25,4,5,1,5,2,0,3,2,0,3,,0.0,0.0
425,Age>25,5,3,2,1,3,0,1,1,1,1,,1.0,1.0
425,Age>25,5,3,2,2,3,0,2,3,0,2,,0.0,0.0
425,Age>25,5,3,2,3,3,1,3,2,0,3,0.0,,
425,Age>25,6,5,2,1,1,1,1,1,1,1,1.0,,
425,Age>25,6,5,2,4,1,0,3,3,1,3,,1.0,1.0
425,Age>25,6,5,2,5,1,0,3,3,1,3,,1.0,1.0
425,Age>25,6,5,2,2,1,0,2,3,0,2,,1.0,0.0
425,Age>25,6,5,2,3,1,0,2,3,0,2,,1.0,0.0
425,Age>25,7,2,2,1,3,0,1,3,0,1,,0.0,0.0
425,Age>25,7,2,2,2,2,0,3,3,1,3,,1.0,1.0
425,Age>25,8,3,3,3,3,1,3,3,1,3,1.0,,
425,Age>25,8,3,3,2,1,0,2,2,1,2,,1.0,1.0
425,Age>25,8,3,3,1,1,1,1,1,1,1,1.0,,
425,Age>25,9,4,2,1,3,0,1,2,0,1,,1.0,0.0
425,Age>25,9,4,2,4,1,0,3,3,1,3,,1.0,1.0
425,Age>25,9,4,2,2,3,0,2,3,0,2,,0.0,0.0
425,Age>25,9,4,2,3,3,1,3,3,1,3,1.0,,
425,Age>25,10,5,3,2,3,0,1,3,0,1,,0.0,0.0
425,Age>25,10,5,3,1,3,0,1,2,0,1,,1.0,0.0
425,Age>25,10,5,3,4,3,0,2,1,0,2,,1.0,0.0
425,Age>25,10,5,3,3,3,0,2,1,0,2,,1.0,0.0
425,Age>25,10,5,3,5,3,1,3,3,1,3,1.0,,
448,Age>25,1,2,1,2,3,0,2,2,1,2,,1.0,1.0
448,Age>25,1,2,1,1,2,0,1,3,0,1,,1.0,0.0
448,Age>25,2,4,1,3,2,1,2,2,1,2,1.0,,
448,Age>25,2,4,1,4,2,0,3,3,1,3,,1.0,1.0
448,Age>25,2,4,1,2,2,1,2,2,1,2,1.0,,
448,Age>25,2,4,1,1,2,0,1,3,0,1,,1.0,0.0
448,Age>25,3,3,1,2,2,0,1,3,0,1,,1.0,0.0
448,Age>25,3,3,1,3,2,0,3,3,1,3,,1.0,1.0
448,Age>25,3,3,1,1,2,0,1,3,0,1,,1.0,0.0
448,Age>25,4,5,1,3,2,1,2,2,1,2,1.0,,
448,Age>25,4,5,1,5,3,1,3,3,1,3,1.0,,
448,Age>25,4,5,1,1,2,0,1,1,1,1,,1.0,1.0
448,Age>25,4,5,1,4,1,0,3,3,1,3,,1.0,1.0
448,Age>25,4,5,1,2,3,0,2,2,1,2,,1.0,1.0
448,Age>25,5,3,2,2,1,0,2,1,0,2,,0.0,0.0
448,Age>25,5,3,2,3,3,1,3,3,1,3,1.0,,
448,Age>25,6,5,2,2,2,0,1,3,0,1,,1.0,0.0
448,Age>25,6,5,2,5,2,0,3,3,1,3,,1.0,1.0
448,Age>25,6,5,2,4,2,0,3,3,1,3,,1.0,1.0
448,Age>25,6,5,2,3,2,1,2,2,1,2,1.0,,
448,Age>25,6,5,2,1,3,0,1,3,0,1,,0.0,0.0
448,Age>25,7,2,2,2,2,0,3,2,0,3,,0.0,0.0
448,Age>25,7,2,2,1,2,1,2,3,0,2,0.0,,
448,Age>25,8,4,2,1,2,0,1,3,0,1,,1.0,0.0
448,Age>25,8,4,2,3,2,0,3,3,1,3,,1.0,1.0
448,Age>25,8,4,2,2,2,1,2,2,1,2,1.0,,
448,Age>25,8,4,2,4,2,0,3,3,1,3,,1.0,1.0
448,Age>25,9,3,3,3,2,0,3,3,1,3,,1.0,1.0
448,Age>25,9,3,3,2,2,1,2,2,1,2,1.0,,
448,Age>25,10,5,3,4,2,1,2,2,1,2,1.0,,
448,Age>25,10,5,3,1,2,0,1,3,0,1,,1.0,0.0
448,Age>25,10,5,3,5,2,0,3,3,1,3,,1.0,1.0
448,Age>25,10,5,3,3,2,1,2,2,1,2,1.0,,
448,Age>25,10,5,3,2,2,0,1,3,0,1,,1.0,0.0
