subject,group,block,set_size,set_size_exposure,iteration,accuracy,n_stimuli_contributing
11,Kids,1,2,1,1,0.0,1
11,Kids,1,2,1,2,0.0,2
11,Kids,1,2,1,3,1.0,1
11,Kids,1,2,1,4,0.0,1
11,Kids,1,2,1,5,0.5,2
11,Kids,1,2,1,6,0.5,2
11,Kids,1,2,1,7,1.0,2
11,Kids,1,2,1,8,1.0,2
11,Kids,1,2,1,9,1.0,2
11,Kids,2,3,1,1,0.3333333333333333,3
11,Kids,2,3,1,2,0.6666666666666666,3
11,Kids,2,3,1,3,0.5,2
11,Kids,2,3,1,4,0.3333333333333333,3
11,Kids,2,3,1,5,0.3333333333333333,3
11,Kids,2,3,1,6,0.6666666666666666,3
11,Kids,2,3,1,7,0.3333333333333333,3
11,Kids,2,3,1,8,0.3333333333333333,3
11,Kids,2,3,1,9,1.0,3
11,Kids,3,4,1,1,0.5,4
11,Kids,3,4,1,2,1.0,4
11,Kids,3,4,1,3,0.5,4
11,Kids,3,4,1,4,0.25,4
11,Kids,3,4,1,5,0.25,4
11,Kids,3,4,1,6,0.5,4
11,Kids,3,4,1,7,0.75,4
11,Kids,3,4,1,8,0.75,4
11,Kids,3,4,1,9,0.5,4
11,Kids,4,5,1,1,0.25,4
11,Kids,4,5,1,2,0.4,5
11,Kids,4,5,1,3,0.2,5
11,Kids,4,5,1,4,0.6,5
11,Kids,4,5,1,5,0.4,5
11,Kids,4,5,1,6,0.4,5
11,Kids,4,5,1,7,0.6666666666666666,3
11,Kids,4,5,1,8,1.0,4
11,Kids,4,5,1,9,0.8,5
11,Kids,5,3,2,1,0.3333333333333333,3
11,Kids,5,3,2,2,1.0,3
11,Kids,5,3,2,3,1.0,3
11,Kids,5,3,2,4,0.3333333333333333,3
11,Kids,5,3,2,5,0.0,3
11,Kids,5,3,2,6,0.6666666666666666,3
11,Kids,5,3,2,7,1.0,3
11,Kids,5,3,2,8,1.0,3
11,Kids,5,3,2,9,1.0,3
11,Kids,6,5,2,1,0.6,5
11,Kids,6,5,2,2,0.8,5
11,Kids,6,5,2,3,0.4,5
11,Kids,6,5,2,4,0.8,5
11,Kids,6,5,2,5,0.75,4
11,Kids,6,5,2,6,0.8,5
11,Kids,6,5,2,7,1.0,2
11,Kids,6,5,2,8,0.8,5
11,Kids,6,5,2,9,0.8,5
11,Kids,7,2,2,1,0.0,2
11,Kids,7,2,2,2,0.0,2
11,Kids,7,2,2,3,1.0,2
11,Kids,7,2,2,4,1.0,2
11,Kids,7,2,2,5,1.0,2
11,Kids,7,2,2,6,1.0,2
11,Kids,7,2,2,7,1.0,2
11,Kids,7,2,2,8,1.0,2
11,Kids,7,2,2,9,1.0,2
11,Kids,8,3,3,1,0.0,3
11,Kids,8,3,3,2,0.3333333333333333,3
11,Kids,8,3,3,3,0.3333333333333333,3
11,Kids,8,3,3,4,0.6666666666666666,3
11,Kids,8,3,3,5,1.0,3
11,Kids,8,3,3,6,1.0,3
11,Kids,8,3,3,7,1.0,3
11,Kids,8,3,3,8,1.0,3
11,Kids,8,3,3,9,1.0,3
11,Kids,9,4,2,1,0.25,4
11,Kids,9,4,2,2,1.0,4
11,Kids,9,4,2,3,0.75,4
11,Kids,9,4,2,4,0.75,4
11,Kids,9,4,2,5,0.75,4
11,Kids,9,4,2,6,0.6666666666666666,3
11,Kids,9,4,2,7,0.75,4
11,Kids,9,4,2,8,1.0,4
11,Kids,9,4,2,9,0.6666666666666666,3
11,Kids,10,5,3,1,0.4,5
11,Kids,10,5,3,2,0.25,4
11,Kids,10,5,3,3,0.4,5
11,Kids,10,5,3,4,0.5,4
11,Kids,10,5,3,5,0.6,5
11,Kids,10,5,3,6,0.6,5
11,Kids,10,5,3,7,1.0,5
11,Kids,10,5,3,8,0.75,4
11,Kids,10,5,3,9,0.8,5
13,Kids,1,2,1,1,1.0,1
13,Kids,1,2,1,2,1.0,2
13,Kids,1,2,1,3,1.0,2
13,Kids,1,2,1,4,1.0,2
13,Kids,1,2,1,5,1.0,2
13,Kids,1,2,1,6,1.0,2
13,Kids,1,2,1,7,1.0,2
13,Kids,1,2,1,8,1.0,2
13,Kids,1,2,1,9,1.0,2
13,Kids,2,3,1,1,0.6666666666666666,3
13,Kids,2,3,1,2,0.5,2
13,Kids,2,3,1,3,0.6666666666666666,3
13,Kids,2,3,1,4,0.6666666666666666,3
13,Kids,2,3,1,5,1.0,3
13,Kids,2,3,1,6,1.0,3
13,Kids,2,3,1,7,1.0,3
13,Kids,2,3,1,8,1.0,3
13,Kids,2,3,1,9,1.0,3
13,Kids,3,5,1,1,0.25,4
13,Kids,3,5,1,2,0.8,5
13,Kids,3,5,1,3,0.6,5
13,Kids,3,5,1,4,0.8,5
13,Kids,3,5,1,5,0.6,5
13,Kids,3,5,1,6,0.4,5
13,Kids,3,5,1,7,0.6,5
13,Kids,3,5,1,8,0.6,5
13,Kids,3,5,1,9,0.6,5
13,Kids,4,4,1,1,0.25,4
13,Kids,4,4,1,2,0.3333333333333333,3
13,Kids,4,4,1,3,0.5,4
13,Kids,4,4,1,4,0.5,4
13,Kids,4,4,1,5,0.75,4
13,Kids,4,4,1,6,0.75,4
13,Kids,4,4,1,7,0.75,4
13,Kids,4,4,1,8,1.0,4
13,Kids,4,4,1,9,1.0,4
13,Kids,5,3,2,1,0.0,2
13,Kids,5,3,2,2,0.3333333333333333,3
13,Kids,5,3,2,3,0.3333333333333333,3
13,Kids,5,3,2,4,0.6666666666666666,3
13,Kids,5,3,2,5,0.6666666666666666,3
13,Kids,5,3,2,6,0.6666666666666666,3
13,Kids,5,3,2,7,0.6666666666666666,3
13,Kids,5,3,2,8,0.0,3
13,Kids,5,3,2,9,1.0,3
13,Kids,6,5,2,1,0.6,5
13,Kids,6,5,2,2,0.2,5
13,Kids,6,5,2,3,0.3333333333333333,3
13,Kids,6,5,2,4,0.8,5
13,Kids,6,5,2,5,0.8,5
13,Kids,6,5,2,6,1.0,5
13,Kids,6,5,2,7,0.6,5
13,Kids,6,5,2,8,1.0,5
13,Kids,6,5,2,9,0.8,5
13,Kids,7,2,2,1,1.0,1
13,Kids,7,2,2,2,0.5,2
13,Kids,7,2,2,3,0.5,2
13,Kids,7,2,2,4,0.5,2
13,Kids,7,2,2,5,1.0,2
13,Kids,7,2,2,6,1.0,2
13,Kids,7,2,2,7,1.0,2
13,Kids,7,2,2,8,1.0,2
13,Kids,7,2,2,9,1.0,2
13,Kids,8,3,3,1,0.3333333333333333,3
13,Kids,8,3,3,2,0.3333333333333333,3
13,Kids,8,3,3,3,1.0,3
13,Kids,8,3,3,4,1.0,3
13,Kids,8,3,3,5,1.0,3
13,Kids,8,3,3,6,1.0,3
13,Kids,8,3,3,7,1.0,3
13,Kids,8,3,3,8,1.0,3
13,Kids,8,3,3,9,1.0,3
13,Kids,9,5,3,1,0.4,5
13,Kids,9,5,3,2,0.4,5
13,Kids,9,5,3,3,0.4,5
13,Kids,9,5,3,4,0.6,5
13,Kids,9,5,3,5,0.8,5
13,Kids,9,5,3,6,0.8,5
13,Kids,9,5,3,7,0.8,5
13,Kids,9,5,3,8,0.8,5
13,Kids,9,5,3,9,0.6,5
13,Kids,10,4,2,1,0.3333333333333333,3
13,Kids,10,4,2,2,0.6666666666666666,3
13,Kids,10,4,2,3,0.75,4
13,Kids,10,4,2,4,0.6666666666666666,3
13,Kids,10,4,2,5,1.0,4
13,Kids,10,4,2,6,0.75,4
13,Kids,10,4,2,7,0.5,4
13,Kids,10,4,2,8,1.0,4
13,Kids,10,4,2,9,1.0,4
16,Kids,1,2,1,1,0.5,2
16,Kids,1,2,1,2,0.5,2
16,Kids,1,2,1,3,1.0,2
16,Kids,1,2,1,4,1.0,2
16,Kids,1,2,1,5,1.0,2
16,Kids,1,2,1,6,1.0,2
16,Kids,1,2,1,7,1.0,2
16,Kids,1,2,1,8,1.0,2
16,Kids,1,2,1,9,1.0,2
16,Kids,2,3,1,1,0.3333333333333333,3
16,Kids,2,3,1,2,0.3333333333333333,3
16,Kids,2,3,1,3,0.3333333333333333,3
16,Kids,2,3,1,4,0.3333333333333333,3
16,Kids,2,3,1,5,0.3333333333333333,3
16,Kids,2,3,1,6,0.6666666666666666,3
16,Kids,2,3,1,7,1.0,3
16,Kids,2,3,1,8,1.0,3
16,Kids,2,3,1,9,1.0,3
16,Kids,3,4,1,1,0.5,4
16,Kids,3,4,1,2,0.5,4
16,Kids,3,4,1,3,0.25,4
16,Kids,3,4,1,4,0.25,4
16,Kids,3,4,1,5,0.25,4
16,Kids,3,4,1,6,0.5,4
16,Kids,3,4,1,7,0.75,4
16,Kids,3,4,1,8,0.75,4
16,Kids,3,4,1,9,1.0,4
16,Kids,4,5,1,1,0.4,5
16,Kids,4,5,1,2,0.6,5
16,Kids,4,5,1,3,0.6,5
16,Kids,4,5,1,4,0.6,5
16,Kids,4,5,1,5,0.6,5
16,Kids,4,5,1,6,0.8,5
16,Kids,4,5,1,7,0.8,5
16,Kids,4,5,1,8,1.0,5
16,Kids,4,5,1,9,1.0,5
16,Kids,5,3,2,1,0.3333333333333333,3
16,Kids,5,3,2,2,0.6666666666666666,3
16,Kids,5,3,2,3,1.0,3
16,Kids,5,3,2,4,1.0,3
16,Kids,5,3,2,5,1.0,3
16,Kids,5,3,2,6,1.0,3
16,Kids,5,3,2,7,1.0,3
16,Kids,5,3,2,8,1.0,3
16,Kids,5,3,2,9,1.0,3
16,Kids,6,5,2,1,0.6,5
16,Kids,6,5,2,2,0.6,5
16,Kids,6,5,2,3,1.0,5
16,Kids,6,5,2,4,0.8,5
16,Kids,6,5,2,5,1.0,5
16,Kids,6,5,2,6,1.0,5
16,Kids,6,5,2,7,0.6,5
16,Kids,6,5,2,8,1.0,5
16,Kids,6,5,2,9,1.0,5
16,Kids,7,2,2,1,0.5,2
16,Kids,7,2,2,2,1.0,2
16,Kids,7,2,2,3,1.0,2
16,Kids,7,2,2,4,1.0,2
16,Kids,7,2,2,5,1.0,2
16,Kids,7,2,2,6,1.0,2
16,Kids,7,2,2,7,1.0,2
16,Kids,7,2,2,8,1.0,2
16,Kids,7,2,2,9,1.0,2
16,Kids,8,3,3,1,0.3333333333333333,3
16,Kids,8,3,3,2,0.3333333333333333,3
16,Kids,8,3,3,3,1.0,3
16,Kids,8,3,3,4,1.0,3
16,Kids,8,3,3,5,0.6666666666666666,3
16,Kids,8,3,3,6,1.0,3
16,Kids,8,3,3,7,0.6666666666666666,3
16,Kids,8,3,3,8,1.0,3
16,Kids,8,3,3,9,1.0,3
16,Kids,9,4,2,1,0.25,4
16,Kids,9,4,2,2,1.0,4
16,Kids,9,4,2,3,0.75,4
16,Kids,9,4,2,4,1.0,4
16,Kids,9,4,2,5,1.0,4
16,Kids,9,4,2,6,1.0,4
16,Kids,9,4,2,7,0.75,4
16,Kids,9,4,2,8,1.0,4
16,Kids,9,4,2,9,1.0,4
16,Kids,10,5,3,1,0.2,5
16,Kids,10,5,3,2,0.6,5
16,Kids,10,5,3,3,0.8,5
16,Kids,10,5,3,4,0.8,5
16,Kids,10,5,3,5,0.6,5
16,Kids,10,5,3,6,0.6,5
16,Kids,10,5,3,7,0.8,5
16,Kids,10,5,3,8,1.0,5
16,Kids,10,5,3,9,1.0,5
17,Kids,1,2,1,1,0.5,2
17,Kids,1,2,1,2,1.0,2
17,Kids,1,2,1,3,1.0,2
17,Kids,1,2,1,4,1.0,2
17,Kids,1,2,1,5,0.5,2
17,Kids,1,2,1,6,1.0,2
17,Kids,1,2,1,7,1.0,2
17,Kids,1,2,1,8,1.0,2
17,Kids,1,2,1,9,1.0,2
17,Kids,2,3,1,1,0.5,2
17,Kids,2,3,1,2,0.6666666666666666,3
17,Kids,2,3,1,3,1.0,3
17,Kids,2,3,1,4,1.0,3
17,Kids,2,3,1,5,1.0,3
17,Kids,2,3,1,6,1.0,3
17,Kids,2,3,1,7,1.0,3
17,Kids,2,3,1,8,1.0,3
17,Kids,2,3,1,9,1.0,3
17,Kids,3,4,1,1,0.5,4
17,Kids,3,4,1,2,1.0,4
17,Kids,3,4,1,3,1.0,4
17,Kids,3,4,1,4,1.0,4
17,Kids,3,4,1,5,1.0,4
17,Kids,3,4,1,6,1.0,4
17,Kids,3,4,1,7,1.0,4
17,Kids,3,4,1,8,1.0,4
17,Kids,3,4,1,9,1.0,4
17,Kids,4,5,1,1,0.4,5
17,Kids,4,5,1,2,0.4,5
17,Kids,4,5,1,3,0.4,5
17,Kids,4,5,1,4,0.6,5
17,Kids,4,5,1,5,0.8,5
17,Kids,4,5,1,6,0.8,5
17,Kids,4,5,1,7,0.5,4
17,Kids,4,5,1,8,0.8,5
17,Kids,4,5,1,9,0.8,5
17,Kids,5,3,2,1,0.0,3
17,Kids,5,3,2,2,0.3333333333333333,3
17,Kids,5,3,2,3,1.0,3
17,Kids,5,3,2,4,1.0,3
17,Kids,5,3,2,5,1.0,3
17,Kids,5,3,2,6,1.0,3
17,Kids,5,3,2,7,1.0,3
17,Kids,5,3,2,8,0.6666666666666666,3
17,Kids,5,3,2,9,0.6666666666666666,3
17,Kids,6,5,2,1,0.2,5
17,Kids,6,5,2,2,0.2,5
17,Kids,6,5,2,3,0.8,5
17,Kids,6,5,2,4,1.0,5
17,Kids,6,5,2,5,0.8,5
17,Kids,6,5,2,6,0.6,5
17,Kids,6,5,2,7,1.0,5
17,Kids,6,5,2,8,1.0,5
17,Kids,6,5,2,9,1.0,5
17,Kids,7,2,2,1,0.0,2
17,Kids,7,2,2,2,0.5,2
17,Kids,7,2,2,3,1.0,2
17,Kids,7,2,2,4,1.0,2
17,Kids,7,2,2,5,1.0,2
17,Kids,7,2,2,6,1.0,2
17,Kids,7,2,2,7,1.0,2
17,Kids,7,2,2,8,1.0,2
17,Kids,7,2,2,9,1.0,2
17,Kids,8,3,3,1,0.3333333333333333,3
17,Kids,8,3,3,2,1.0,3
17,Kids,8,3,3,3,1.0,3
17,Kids,8,3,3,4,1.0,3
17,Kids,8,3,3,5,1.0,3
17,Kids,8,3,3,6,1.0,3
17,Kids,8,3,3,7,1.0,3
17,Kids,8,3,3,8,0.6666666666666666,3
17,Kids,8,3,3,9,1.0,3
17,Kids,9,4,2,1,0.25,4
17,Kids,9,4,2,2,0.5,4
17,Kids,9,4,2,3,0.75,4
17,Kids,9,4,2,4,1.0,4
17,Kids,9,4,2,5,0.75,4
17,Kids,9,4,2,6,0.75,4
17,Kids,9,4,2,7,0.75,4
17,Kids,9,4,2,8,1.0,4
17,Kids,9,4,2,9,1.0,4
17,Kids,10,5,3,1,0.6,5
17,Kids,10,5,3,2,0.6,5
17,Kids,10,5,3,3,0.8,5
17,Kids,10,5,3,4,0.8,5
17,Kids,10,5,3,5,1.0,5
17,Kids,10,5,3,6,0.8,5
17,Kids,10,5,3,7,1.0,5
17,Kids,10,5,3,8,1.0,5
17,Kids,10,5,3,9,1.0,5
18,Kids,1,2,1,1,1.0,2
18,Kids,1,2,1,2,1.0,2
18,Kids,1,2,1,3,1.0,2
18,Kids,1,2,1,4,1.0,2
18,Kids,1,2,1,5,1.0,2
18,Kids,1,2,1,6,1.0,2
18,Kids,1,2,1,7,1.0,2
18,Kids,1,2,1,8,1.0,2
18,Kids,1,2,1,9,1.0,2
18,Kids,2,4,1,1,0.5,4
18,Kids,2,4,1,2,0.5,4
18,Kids,2,4,1,3,0.5,4
18,Kids,2,4,1,4,1.0,4
18,Kids,2,4,1,5,1.0,4
18,Kids,2,4,1,6,1.0,4
18,Kids,2,4,1,7,1.0,4
18,Kids,2,4,1,8,1.0,4
18,Kids,2,4,1,9,1.0,4
18,Kids,3,3,1,1,0.0,3
18,Kids,3,3,1,2,0.6666666666666666,3
18,Kids,3,3,1,3,0.6666666666666666,3
18,Kids,3,3,1,4,0.6666666666666666,3
18,Kids,3,3,1,5,0.6666666666666666,3
18,Kids,3,3,1,6,1.0,3
18,Kids,3,3,1,7,1.0,3
18,Kids,3,3,1,8,1.0,3
18,Kids,3,3,1,9,1.0,3
18,Kids,4,5,1,1,0.6,5
18,Kids,4,5,1,2,0.6,5
18,Kids,4,5,1,3,0.8,5
18,Kids,4,5,1,4,0.6,5
18,Kids,4,5,1,5,0.8,5
18,Kids,4,5,1,6,0.8,5
18,Kids,4,5,1,7,0.8,5
18,Kids,4,5,1,8,1.0,5
18,Kids,4,5,1,9,1.0,5
18,Kids,5,3,2,1,0.6666666666666666,3
18,Kids,5,3,2,2,1.0,3
18,Kids,5,3,2,3,1.0,3
18,Kids,5,3,2,4,1.0,3
18,Kids,5,3,2,5,0.6666666666666666,3
18,Kids,5,3,2,6,1.0,3
18,Kids,5,3,2,7,1.0,3
18,Kids,5,3,2,8,1.0,3
18,Kids,5,3,2,9,1.0,3
18,Kids,6,5,2,1,0.2,5
18,Kids,6,5,2,2,0.4,5
18,Kids,6,5,2,3,0.8,5
18,Kids,6,5,2,4,0.6,5
18,Kids,6,5,2,5,0.6,5
18,Kids,6,5,2,6,0.6,5
18,Kids,6,5,2,7,0.8,5
18,Kids,6,5,2,8,1.0,5
18,Kids,6,5,2,9,1.0,5
18,Kids,7,2,2,1,0.5,2
18,Kids,7,2,2,2,1.0,2
18,Kids,7,2,2,3,0.5,2
18,Kids,7,2,2,4,0.5,2
18,Kids,7,2,2,5,1.0,2
18,Kids,7,2,2,6,1.0,2
18,Kids,7,2,2,7,1.0,2
18,Kids,7,2,2,8,1.0,2
18,Kids,7,2,2,9,1.0,2
18,Kids,8,4,2,1,0.5,4
18,Kids,8,4,2,2,0.75,4
18,Kids,8,4,2,3,1.0,4
18,Kids,8,4,2,4,1.0,4
18,Kids,8,4,2,5,1.0,4
18,Kids,8,4,2,6,1.0,4
18,Kids,8,4,2,7,1.0,4
18,Kids,8,4,2,8,1.0,4
18,Kids,8,4,2,9,1.0,4
18,Kids,9,3,3,1,0.3333333333333333,3
18,Kids,9,3,3,2,1.0,3
18,Kids,9,3,3,3,1.0,3
18,Kids,9,3,3,4,1.0,3
18,Kids,9,3,3,5,1.0,3
18,Kids,9,3,3,6,1.0,3
18,Kids,9,3,3,7,1.0,3
18,Kids,9,3,3,8,1.0,3
18,Kids,9,3,3,9,1.0,3
18,Kids,10,5,3,1,0.4,5
18,Kids,10,5,3,2,1.0,5
18,Kids,10,5,3,3,1.0,5
18,Kids,10,5,3,4,1.0,5
18,Kids,10,5,3,5,1.0,5
18,Kids,10,5,3,6,1.0,5
18,Kids,10,5,3,7,1.0,5
18,Kids,10,5,3,8,1.0,5
18,Kids,10,5,3,9,1.0,5
19,Kids,1,2,1,1,1.0,2
19,Kids,1,2,1,2,1.0,2
19,Kids,1,2,1,3,1.0,2
19,Kids,1,2,1,4,1.0,2
19,Kids,1,2,1,5,1.0,2
19,Kids,1,2,1,6,1.0,2
19,Kids,1,2,1,7,1.0,2
19,Kids,1,2,1,8,1.0,2
19,Kids,1,2,1,9,1.0,2
19,Kids,2,3,1,1,0.0,3
19,Kids,2,3,1,2,0.6666666666666666,3
19,Kids,2,3,1,3,0.3333333333333333,3
19,Kids,2,3,1,4,0.6666666666666666,3
19,Kids,2,3,1,5,0.6666666666666666,3
19,Kids,2,3,1,6,1.0,3
19,Kids,2,3,1,7,1.0,3
19,Kids,2,3,1,8,1.0,3
19,Kids,2,3,1,9,1.0,3
19,Kids,3,4,1,1,0.25,4
19,Kids,3,4,1,2,0.5,4
19,Kids,3,4,1,3,1.0,4
19,Kids,3,4,1,4,1.0,4
19,Kids,3,4,1,5,1.0,4
19,Kids,3,4,1,6,1.0,4
19,Kids,3,4,1,7,1.0,4
19,Kids,3,4,1,8,1.0,4
19,Kids,3,4,1,9,1.0,4
19,Kids,4,5,1,1,0.4,5
19,Kids,4,5,1,2,0.4,5
19,Kids,4,5,1,3,0.8,5
19,Kids,4,5,1,4,0.6,5
19,Kids,4,5,1,5,0.8,5
19,Kids,4,5,1,6,0.8,5
19,Kids,4,5,1,7,0.8,5
19,Kids,4,5,1,8,0.8,5
19,Kids,4,5,1,9,1.0,5
19,Kids,5,3,2,1,0.3333333333333333,3
19,Kids,5,3,2,2,0.6666666666666666,3
19,Kids,5,3,2,3,0.6666666666666666,3
19,Kids,5,3,2,4,1.0,3
19,Kids,5,3,2,5,1.0,3
19,Kids,5,3,2,6,1.0,3
19,Kids,5,3,2,7,1.0,3
19,Kids,5,3,2,8,1.0,3
19,Kids,5,3,2,9,1.0,3
19,Kids,6,5,2,1,0.0,5
19,Kids,6,5,2,2,0.6,5
19,Kids,6,5,2,3,0.6,5
19,Kids,6,5,2,4,0.8,5
19,Kids,6,5,2,5,0.4,5
19,Kids,6,5,2,6,0.8,5
19,Kids,6,5,2,7,0.8,5
19,Kids,6,5,2,8,1.0,5
19,Kids,6,5,2,9,1.0,5
19,Kids,7,2,2,1,1.0,2
19,Kids,7,2,2,2,1.0,2
19,Kids,7,2,2,3,1.0,2
19,Kids,7,2,2,4,1.0,2
19,Kids,7,2,2,5,1.0,2
19,Kids,7,2,2,6,1.0,2
19,Kids,7,2,2,7,1.0,2
19,Kids,7,2,2,8,1.0,2
19,Kids,7,2,2,9,1.0,2
19,Kids,8,3,3,1,0.3333333333333333,3
19,Kids,8,3,3,2,1.0,3
19,Kids,8,3,3,3,1.0,3
19,Kids,8,3,3,4,1.0,3
19,Kids,8,3,3,5,1.0,3
19,Kids,8,3,3,6,1.0,3
19,Kids,8,3,3,7,1.0,3
19,Kids,8,3,3,8,1.0,3
19,Kids,8,3,3,9,1.0,3
19,Kids,9,4,2,1,0.25,4
19,Kids,9,4,2,2,0.5,4
19,Kids,9,4,2,3,1.0,4
19,Kids,9,4,2,4,0.75,4
19,Kids,9,4,2,5,1.0,4
19,Kids,9,4,2,6,1.0,4
19,Kids,9,4,2,7,1.0,4
19,Kids,9,4,2,8,1.0,4
19,Kids,9,4,2,9,1.0,4
19,Kids,10,5,3,1,0.4,5
19,Kids,10,5,3,2,0.4,5
19,Kids,10,5,3,3,0.4,5
19,Kids,10,5,3,4,0.6,5
19,Kids,10,5,3,5,0.6,5
19,Kids,10,5,3,6,0.8,5
19,Kids,10,5,3,7,0.8,5
19,Kids,10,5,3,8,1.0,5
19,Kids,10,5,3,9,1.0,5
20,Teens,1,2,1,1,0.0,2
20,Teens,1,2,1,2,0.0,2
20,Teens,1,2,1,3,0.5,2
20,Teens,1,2,1,4,0.5,2
20,Teens,1,2,1,5,1.0,2
20,Teens,1,2,1,6,1.0,2
20,Teens,1,2,1,7,1.0,2
20,Teens,1,2,1,8,1.0,2
20,Teens,1,2,1,9,1.0,2
20,Teens,2,3,1,1,0.3333333333333333,3
20,Teens,2,3,1,2,0.6666666666666666,3
20,Teens,2,3,1,3,0.6666666666666666,3
20,Teens,2,3,1,4,1.0,3
20,Teens,2,3,1,5,1.0,3
20,Teens,2,3,1,6,0.6666666666666666,3
20,Teens,2,3,1,7,1.0,3
20,Teens,2,3,1,8,1.0,3
20,Teens,2,3,1,9,1.0,3
20,Teens,3,4,1,1,0.5,4
20,Teens,3,4,1,2,0.5,4
20,Teens,3,4,1,3,0.5,4
20,Teens,3,4,1,4,0.5,4
20,Teens,3,4,1,5,1.0,4
20,Teens,3,4,1,6,1.0,4
20,Teens,3,4,1,7,1.0,4
20,Teens,3,4,1,8,1.0,4
20,Teens,3,4,1,9,1.0,4
20,Teens,4,5,1,1,0.4,5
20,Teens,4,5,1,2,0.8,5
20,Teens,4,5,1,3,0.8,5
20,Teens,4,5,1,4,0.8,5
20,Teens,4,5,1,5,1.0,5
20,Teens,4,5,1,6,1.0,5
20,Teens,4,5,1,7,1.0,5
20,Teens,4,5,1,8,1.0,5
20,Teens,4,5,1,9,1.0,5
20,Teens,5,3,2,1,0.0,3
20,Teens,5,3,2,2,0.0,3
20,Teens,5,3,2,3,0.6666666666666666,3
20,Teens,5,3,2,4,0.6666666666666666,3
20,Teens,5,3,2,5,0.6666666666666666,3
20,Teens,5,3,2,6,0.6666666666666666,3
20,Teens,5,3,2,7,1.0,3
20,Teens,5,3,2,8,1.0,3
20,Teens,5,3,2,9,0.6666666666666666,3
20,Teens,6,5,2,1,0.0,5
20,Teens,6,5,2,2,0.6,5
20,Teens,6,5,2,3,1.0,5
20,Teens,6,5,2,4,1.0,5
20,Teens,6,5,2,5,1.0,5
20,Teens,6,5,2,6,0.8,5
20,Teens,6,5,2,7,1.0,5
20,Teens,6,5,2,8,0.8,5
20,Teens,6,5,2,9,1.0,5
20,Teens,7,2,2,1,0.0,2
20,Teens,7,2,2,2,0.5,2
20,Teens,7,2,2,3,1.0,2
20,Teens,7,2,2,4,1.0,2
20,Teens,7,2,2,5,1.0,2
20,Teens,7,2,2,6,1.0,2
20,Teens,7,2,2,7,1.0,2
20,Teens,7,2,2,8,1.0,2
20,Teens,7,2,2,9,1.0,2
20,Teens,8,3,3,1,0.6666666666666666,3
20,Teens,8,3,3,2,0.6666666666666666,3
20,Teens,8,3,3,3,1.0,3
20,Teens,8,3,3,4,1.0,3
20,Teens,8,3,3,5,1.0,3
20,Teens,8,3,3,6,1.0,3
20,Teens,8,3,3,7,1.0,3
20,Teens,8,3,3,8,1.0,3
20,Teens,8,3,3,9,1.0,3
20,Teens,9,4,2,1,0.0,4
20,Teens,9,4,2,2,0.25,4
20,Teens,9,4,2,3,0.75,4
20,Teens,9,4,2,4,0.75,4
20,Teens,9,4,2,5,0.75,4
20,Teens,9,4,2,6,1.0,4
20,Teens,9,4,2,7,1.0,4
20,Teens,9,4,2,8,1.0,4
20,Teens,9,4,2,9,1.0,4
20,Teens,10,5,3,1,0.6,5
20,Teens,10,5,3,2,0.8,5
20,Teens,10,5,3,3,1.0,5
20,Teens,10,5,3,4,1.0,5
20,Teens,10,5,3,5,0.8,5
20,Teens,10,5,3,6,1.0,5
20,Teens,10,5,3,7,1.0,5
20,Teens,10,5,3,8,1.0,5
20,Teens,10,5,3,9,1.0,5
22,Teens,1,2,1,1,0.5,2
22,Teens,1,2,1,2,1.0,2
22,Teens,1,2,1,3,1.0,2
22,Teens,1,2,1,4,0.5,2
22,Teens,1,2,1,5,1.0,2
22,Teens,1,2,1,6,1.0,2
22,Teens,1,2,1,7,0.5,2
22,Teens,1,2,1,8,1.0,2
22,Teens,1,2,1,9,0.5,2
22,Teens,2,3,1,1,0.0,3
22,Teens,2,3,1,2,0.3333333333333333,3
22,Teens,2,3,1,3,1.0,3
22,Teens,2,3,1,4,1.0,3
22,Teens,2,3,1,5,1.0,3
22,Teens,2,3,1,6,1.0,3
22,Teens,2,3,1,7,1.0,3
22,Teens,2,3,1,8,1.0,3
22,Teens,2,3,1,9,1.0,3
22,Teens,3,5,1,1,0.4,5
22,Teens,3,5,1,2,0.2,5
22,Teens,3,5,1,3,0.4,5
22,Teens,3,5,1,4,0.8,5
22,Teens,3,5,1,5,0.4,5
22,Teens,3,5,1,6,0.8,5
22,Teens,3,5,1,7,0.6,5
22,Teens,3,5,1,8,0.6,5
22,Teens,3,5,1,9,0.8,5
22,Teens,4,4,1,1,0.25,4
22,Teens,4,4,1,2,0.5,4
22,Teens,4,4,1,3,1.0,4
22,Teens,4,4,1,4,0.5,4
22,Teens,4,4,1,5,1.0,4
22,Teens,4,4,1,6,1.0,4
22,Teens,4,4,1,7,1.0,4
22,Teens,4,4,1,8,0.75,4
22,Teens,4,4,1,9,1.0,4
22,Teens,5,3,2,1,0.3333333333333333,3
22,Teens,5,3,2,2,1.0,3
22,Teens,5,3,2,3,0.6666666666666666,3
22,Teens,5,3,2,4,1.0,3
22,Teens,5,3,2,5,0.6666666666666666,3
22,Teens,5,3,2,6,1.0,3
22,Teens,5,3,2,7,1.0,3
22,Teens,5,3,2,8,1.0,3
22,Teens,5,3,2,9,0.6666666666666666,3
22,Teens,6,5,2,1,0.4,5
22,Teens,6,5,2,2,0.6,5
22,Teens,6,5,2,3,0.8,5
22,Teens,6,5,2,4,0.8,5
22,Teens,6,5,2,5,1.0,5
22,Teens,6,5,2,6,0.8,5
22,Teens,6,5,2,7,1.0,5
22,Teens,6,5,2,8,0.8,5
22,Teens,6,5,2,9,1.0,5
22,Teens,7,2,2,1,0.5,2
22,Teens,7,2,2,2,1.0,2
22,Teens,7,2,2,3,1.0,2
22,Teens,7,2,2,4,1.0,2
22,Teens,7,2,2,5,1.0,2
22,Teens,7,2,2,6,1.0,2
22,Teens,7,2,2,7,1.0,2
22,Teens,7,2,2,8,1.0,2
22,Teens,7,2,2,9,0.5,2
22,Teens,8,3,3,1,0.3333333333333333,3
22,Teens,8,3,3,2,0.6666666666666666,3
22,Teens,8,3,3,3,1.0,3
22,Teens,8,3,3,4,1.0,3
22,Teens,8,3,3,5,1.0,3
22,Teens,8,3,3,6,0.6666666666666666,3
22,Teens,8,3,3,7,1.0,3
22,Teens,8,3,3,8,1.0,3
22,Teens,8,3,3,9,1.0,3
22,Teens,9,5,3,1,0.4,5
22,Teens,9,5,3,2,0.8,5
22,Teens,9,5,3,3,0.8,5
22,Teens,9,5,3,4,1.0,5
22,Teens,9,5,3,5,0.8,5
22,Teens,9,5,3,6,1.0,5
22,Teens,9,5,3,7,1.0,5
22,Teens,9,5,3,8,1.0,5
22,Teens,9,5,3,9,1.0,5
22,Teens,10,4,2,1,0.25,4
22,Teens,10,4,2,2,0.75,4
22,Teens,10,4,2,3,0.5,4
22,Teens,10,4,2,4,0.75,4
22,Teens,10,4,2,5,1.0,4
22,Teens,10,4,2,6,1.0,4
22,Teens,10,4,2,7,1.0,4
22,Teens,10,4,2,8,1.0,4
22,Teens,10,4,2,9,1.0,4
23,Kids,1,2,1,1,0.0,2
23,Kids,1,2,1,2,1.0,2
23,Kids,1,2,1,3,1.0,2
23,Kids,1,2,1,4,0.5,2
23,Kids,1,2,1,5,1.0,2
23,Kids,1,2,1,6,1.0,2
23,Kids,1,2,1,7,1.0,2
23,Kids,1,2,1,8,1.0,2
23,Kids,1,2,1,9,1.0,2
23,Kids,2,3,1,1,0.3333333333333333,3
23,Kids,2,3,1,2,0.6666666666666666,3
23,Kids,2,3,1,3,0.6666666666666666,3
23,Kids,2,3,1,4,1.0,3
23,Kids,2,3,1,5,1.0,3
23,Kids,2,3,1,6,1.0,3
23,Kids,2,3,1,7,1.0,3
23,Kids,2,3,1,8,1.0,3
23,Kids,2,3,1,9,1.0,3
23,Kids,3,5,1,1,0.4,5
23,Kids,3,5,1,2,0.8,5
23,Kids,3,5,1,3,1.0,5
23,Kids,3,5,1,4,1.0,5
23,Kids,3,5,1,5,1.0,5
23,Kids,3,5,1,6,1.0,5
23,Kids,3,5,1,7,1.0,5
23,Kids,3,5,1,8,0.8,5
23,Kids,3,5,1,9,1.0,5
23,Kids,4,4,1,1,0.5,4
23,Kids,4,4,1,2,0.5,4
23,Kids,4,4,1,3,0.5,4
23,Kids,4,4,1,4,0.75,4
23,Kids,4,4,1,5,1.0,4
23,Kids,4,4,1,6,0.75,4
23,Kids,4,4,1,7,1.0,4
23,Kids,4,4,1,8,0.75,4
23,Kids,4,4,1,9,1.0,4
23,Kids,5,3,2,1,0.3333333333333333,3
23,Kids,5,3,2,2,0.6666666666666666,3
23,Kids,5,3,2,3,0.6666666666666666,3
23,Kids,5,3,2,4,1.0,3
23,Kids,5,3,2,5,0.3333333333333333,3
23,Kids,5,3,2,6,1.0,3
23,Kids,5,3,2,7,1.0,3
23,Kids,5,3,2,8,1.0,3
23,Kids,5,3,2,9,1.0,3
23,Kids,6,5,2,1,0.2,5
23,Kids,6,5,2,2,0.6,5
23,Kids,6,5,2,3,1.0,5
23,Kids,6,5,2,4,0.8,5
23,Kids,6,5,2,5,0.8,5
23,Kids,6,5,2,6,1.0,5
23,Kids,6,5,2,7,1.0,5
23,Kids,6,5,2,8,1.0,5
23,Kids,6,5,2,9,1.0,5
23,Kids,7,2,2,1,0.5,2
23,Kids,7,2,2,2,0.5,2
23,Kids,7,2,2,3,1.0,2
23,Kids,7,2,2,4,1.0,2
23,Kids,7,2,2,5,0.5,2
23,Kids,7,2,2,6,1.0,2
23,Kids,7,2,2,7,1.0,2
23,Kids,7,2,2,8,1.0,2
23,Kids,7,2,2,9,1.0,2
23,Kids,8,3,3,1,0.3333333333333333,3
23,Kids,8,3,3,2,0.3333333333333333,3
23,Kids,8,3,3,3,1.0,3
23,Kids,8,3,3,4,1.0,3
23,Kids,8,3,3,5,1.0,3
23,Kids,8,3,3,6,1.0,3
23,Kids,8,3,3,7,1.0,3
23,Kids,8,3,3,8,1.0,3
23,Kids,8,3,3,9,1.0,3
23,Kids,9,5,3,1,0.4,5
23,Kids,9,5,3,2,0.6,5
23,Kids,9,5,3,3,0.6,5
23,Kids,9,5,3,4,0.6,5
23,Kids,9,5,3,5,0.8,5
23,Kids,9,5,3,6,1.0,5
23,Kids,9,5,3,7,1.0,5
23,Kids,9,5,3,8,1.0,5
23,Kids,9,5,3,9,1.0,5
23,Kids,10,4,2,1,0.5,4
23,Kids,10,4,2,2,0.75,4
23,Kids,10,4,2,3,0.5,4
23,Kids,10,4,2,4,0.5,4
23,Kids,10,4,2,5,1.0,4
23,Kids,10,4,2,6,1.0,4
23,Kids,10,4,2,7,0.75,4
23,Kids,10,4,2,8,0.75,4
23,Kids,10,4,2,9,1.0,4
24,Kids,1,2,1,1,0.5,2
24,Kids,1,2,1,2,1.0,2
24,Kids,1,2,1,3,0.5,2
24,Kids,1,2,1,4,1.0,2
24,Kids,1,2,1,5,1.0,2
24,Kids,1,2,1,6,1.0,2
24,Kids,1,2,1,7,1.0,2
24,Kids,1,2,1,8,1.0,2
24,Kids,1,2,1,9,1.0,2
24,Kids,2,3,1,1,0.0,3
24,Kids,2,3,1,2,0.6666666666666666,3
24,Kids,2,3,1,3,1.0,3
24,Kids,2,3,1,4,1.0,3
24,Kids,2,3,1,5,1.0,3
24,Kids,2,3,1,6,0.6666666666666666,3
24,Kids,2,3,1,7,1.0,3
24,Kids,2,3,1,8,1.0,3
24,Kids,2,3,1,9,1.0,3
24,Kids,3,5,1,1,0.6,5
24,Kids,3,5,1,2,0.8,5
24,Kids,3,5,1,3,1.0,5
24,Kids,3,5,1,4,0.8,5
24,Kids,3,5,1,5,1.0,5
24,Kids,3,5,1,6,0.6,5
24,Kids,3,5,1,7,1.0,5
24,Kids,3,5,1,8,1.0,5
24,Kids,3,5,1,9,1.0,5
24,Kids,4,4,1,1,0.25,4
24,Kids,4,4,1,2,0.5,4
24,Kids,4,4,1,3,0.75,4
24,Kids,4,4,1,4,1.0,4
24,Kids,4,4,1,5,0.5,4
24,Kids,4,4,1,6,1.0,4
24,Kids,4,4,1,7,1.0,4
24,Kids,4,4,1,8,1.0,4
24,Kids,4,4,1,9,0.75,4
24,Kids,5,3,2,1,0.6666666666666666,3
24,Kids,5,3,2,2,1.0,3
24,Kids,5,3,2,3,1.0,3
24,Kids,5,3,2,4,1.0,3
24,Kids,5,3,2,5,1.0,3
24,Kids,5,3,2,6,1.0,3
24,Kids,5,3,2,7,1.0,3
24,Kids,5,3,2,8,1.0,3
24,Kids,5,3,2,9,1.0,3
24,Kids,6,5,2,1,0.4,5
24,Kids,6,5,2,2,0.8,5
24,Kids,6,5,2,3,1.0,5
24,Kids,6,5,2,4,0.8,5
24,Kids,6,5,2,5,1.0,4
24,Kids,6,5,2,6,0.6,5
24,Kids,6,5,2,7,1.0,5
24,Kids,6,5,2,8,1.0,5
24,Kids,6,5,2,9,1.0,5
24,Kids,7,2,2,1,0.5,2
24,Kids,7,2,2,2,0.5,2
24,Kids,7,2,2,3,1.0,2
24,Kids,7,2,2,4,0.5,2
24,Kids,7,2,2,5,1.0,2
24,Kids,7,2,2,6,1.0,2
24,Kids,7,2,2,7,1.0,2
24,Kids,7,2,2,8,1.0,2
24,Kids,7,2,2,9,1.0,2
24,Kids,8,3,3,1,0.3333333333333333,3
24,Kids,8,3,3,2,0.3333333333333333,3
24,Kids,8,3,3,3,0.6666666666666666,3
24,Kids,8,3,3,4,1.0,3
24,Kids,8,3,3,5,1.0,2
24,Kids,8,3,3,6,1.0,3
24,Kids,8,3,3,7,1.0,3
24,Kids,8,3,3,8,1.0,3
24,Kids,8,3,3,9,1.0,3
24,Kids,9,5,3,1,0.4,5
24,Kids,9,5,3,2,0.4,5
24,Kids,9,5,3,3,0.8,5
24,Kids,9,5,3,4,1.0,5
24,Kids,9,5,3,5,1.0,5
24,Kids,9,5,3,6,1.0,5
24,Kids,9,5,3,7,1.0,5
24,Kids,9,5,3,8,1.0,5
24,Kids,9,5,3,9,1.0,5
24,Kids,10,4,2,1,0.25,4
24,Kids,10,4,2,2,0.5,4
24,Kids,10,4,2,3,0.5,4
24,Kids,10,4,2,4,0.75,4
24,Kids,10,4,2,5,0.75,4
24,Kids,10,4,2,6,0.75,4
24,Kids,10,4,2,7,0.75,4
24,Kids,10,4,2,8,0.75,4
24,Kids,10,4,2,9,1.0,4
25,Teens,1,2,1,1,0.0,2
25,Teens,1,2,1,2,1.0,2
25,Teens,1,2,1,3,1.0,2
25,Teens,1,2,1,4,1.0,2
25,Teens,1,2,1,5,1.0,2
25,Teens,1,2,1,6,1.0,2
25,Teens,1,2,1,7,1.0,2
25,Teens,1,2,1,8,0.5,2
25,Teens,1,2,1,9,1.0,2
25,Teens,2,3,1,1,0.3333333333333333,3
25,Teens,2,3,1,2,0.3333333333333333,3
25,Teens,2,3,1,3,0.6666666666666666,3
25,Teens,2,3,1,4,0.3333333333333333,3
25,Teens,2,3,1,5,0.3333333333333333,3
25,Teens,2,3,1,6,0.3333333333333333,3
25,Teens,2,3,1,7,1.0,3
25,Teens,2,3,1,8,1.0,3
25,Teens,2,3,1,9,1.0,3
25,Teens,3,4,1,1,0.0,4
25,Teens,3,4,1,2,1.0,4
25,Teens,3,4,1,3,0.75,4
25,Teens,3,4,1,4,1.0,4
25,Teens,3,4,1,5,0.75,4
25,Teens,3,4,1,6,1.0,4
25,Teens,3,4,1,7,1.0,4
25,Teens,3,4,1,8,0.75,4
25,Teens,3,4,1,9,1.0,4
25,Teens,4,5,1,1,0.6,5
25,Teens,4,5,1,2,1.0,5
25,Teens,4,5,1,3,0.8,5
25,Teens,4,5,1,4,1.0,5
25,Teens,4,5,1,5,1.0,5
25,Teens,4,5,1,6,1.0,5
25,Teens,4,5,1,7,0.8,5
25,Teens,4,5,1,8,1.0,5
25,Teens,4,5,1,9,1.0,5
25,Teens,5,3,2,1,0.6666666666666666,3
25,Teens,5,3,2,2,1.0,3
25,Teens,5,3,2,3,1.0,3
25,Teens,5,3,2,4,1.0,3
25,Teens,5,3,2,5,1.0,3
25,Teens,5,3,2,6,1.0,3
25,Teens,5,3,2,7,1.0,3
25,Teens,5,3,2,8,1.0,3
25,Teens,5,3,2,9,1.0,3
25,Teens,6,5,2,1,0.2,5
25,Teens,6,5,2,2,1.0,5
25,Teens,6,5,2,3,1.0,5
25,Teens,6,5,2,4,1.0,5
25,Teens,6,5,2,5,1.0,5
25,Teens,6,5,2,6,1.0,5
25,Teens,6,5,2,7,1.0,5
25,Teens,6,5,2,8,1.0,5
25,Teens,6,5,2,9,1.0,5
25,Teens,7,2,2,1,0.5,2
25,Teens,7,2,2,2,1.0,2
25,Teens,7,2,2,3,0.5,2
25,Teens,7,2,2,4,1.0,2
25,Teens,7,2,2,5,1.0,2
25,Teens,7,2,2,6,1.0,2
25,Teens,7,2,2,7,1.0,2
25,Teens,7,2,2,8,1.0,2
25,Teens,7,2,2,9,0.5,2
25,Teens,8,3,3,1,0.3333333333333333,3
25,Teens,8,3,3,2,0.6666666666666666,3
25,Teens,8,3,3,3,1.0,3
25,Teens,8,3,3,4,1.0,3
25,Teens,8,3,3,5,1.0,3
25,Teens,8,3,3,6,1.0,3
25,Teens,8,3,3,7,1.0,3
25,Teens,8,3,3,8,1.0,3
25,Teens,8,3,3,9,1.0,3
25,Teens,9,4,2,1,0.25,4
25,Teens,9,4,2,2,0.5,4
25,Teens,9,4,2,3,1.0,4
25,Teens,9,4,2,4,1.0,4
25,Teens,9,4,2,5,1.0,4
25,Teens,9,4,2,6,1.0,4
25,Teens,9,4,2,7,1.0,4
25,Teens,9,4,2,8,1.0,4
25,Teens,9,4,2,9,1.0,4
25,Teens,10,5,3,1,0.2,5
25,Teens,10,5,3,2,0.6,5
25,Teens,10,5,3,3,0.6,5
25,Teens,10,5,3,4,1.0,5
25,Teens,10,5,3,5,0.4,5
25,Teens,10,5,3,6,0.8,5
25,Teens,10,5,3,7,0.6,5
25,Teens,10,5,3,8,1.0,5
25,Teens,10,5,3,9,1.0,5
27,Kids,1,2,1,1,0.0,2
27,Kids,1,2,1,2,1.0,2
27,Kids,1,2,1,3,1.0,2
27,Kids,1,2,1,4,0.5,2
27,Kids,1,2,1,5,0.5,2
27,Kids,1,2,1,6,1.0,2
27,Kids,1,2,1,7,1.0,2
27,Kids,1,2,1,8,0.5,2
27,Kids,1,2,1,9,1.0,2
27,Kids,2,3,1,1,0.3333333333333333,3
27,Kids,2,3,1,2,0.3333333333333333,3
27,Kids,2,3,1,3,0.3333333333333333,3
27,Kids,2,3,1,4,0.3333333333333333,3
27,Kids,2,3,1,5,0.6666666666666666,3
27,Kids,2,3,1,6,0.6666666666666666,3
27,Kids,2,3,1,7,1.0,3
27,Kids,2,3,1,8,1.0,3
27,Kids,2,3,1,9,0.6666666666666666,3
27,Kids,3,4,1,1,0.25,4
27,Kids,3,4,1,2,0.25,4
27,Kids,3,4,1,3,0.5,4
27,Kids,3,4,1,4,0.0,4
27,Kids,3,4,1,5,0.5,4
27,Kids,3,4,1,6,1.0,4
27,Kids,3,4,1,7,0.75,4
27,Kids,3,4,1,8,0.75,4
27,Kids,3,4,1,9,1.0,4
27,Kids,4,5,1,1,0.4,5
27,Kids,4,5,1,2,0.2,5
27,Kids,4,5,1,3,0.2,5
27,Kids,4,5,1,4,0.2,5
27,Kids,4,5,1,5,0.6,5
27,Kids,4,5,1,6,0.8,5
27,Kids,4,5,1,7,0.0,5
27,Kids,4,5,1,8,0.4,5
27,Kids,4,5,1,9,0.4,5
27,Kids,5,3,2,1,0.3333333333333333,3
27,Kids,5,3,2,2,1.0,3
27,Kids,5,3,2,3,0.6666666666666666,3
27,Kids,5,3,2,4,0.6666666666666666,3
27,Kids,5,3,2,5,1.0,3
27,Kids,5,3,2,6,1.0,3
27,Kids,5,3,2,7,1.0,3
27,Kids,5,3,2,8,1.0,3
27,Kids,5,3,2,9,1.0,3
27,Kids,6,5,2,1,0.6,5
27,Kids,6,5,2,2,0.6,5
27,Kids,6,5,2,3,1.0,5
27,Kids,6,5,2,4,1.0,5
27,Kids,6,5,2,5,0.8,5
27,Kids,6,5,2,6,1.0,5
27,Kids,6,5,2,7,1.0,5
27,Kids,6,5,2,8,1.0,5
27,Kids,6,5,2,9,1.0,5
27,Kids,7,2,2,1,0.0,2
27,Kids,7,2,2,2,0.0,2
27,Kids,7,2,2,3,0.5,2
27,Kids,7,2,2,4,1.0,2
27,Kids,7,2,2,5,1.0,2
27,Kids,7,2,2,6,1.0,2
27,Kids,7,2,2,7,1.0,2
27,Kids,7,2,2,8,0.0,2
27,Kids,7,2,2,9,1.0,2
27,Kids,8,3,3,1,0.3333333333333333,3
27,Kids,8,3,3,2,0.6666666666666666,3
27,Kids,8,3,3,3,1.0,3
27,Kids,8,3,3,4,1.0,3
27,Kids,8,3,3,5,1.0,3
27,Kids,8,3,3,6,1.0,3
27,Kids,8,3,3,7,1.0,3
27,Kids,8,3,3,8,1.0,3
27,Kids,8,3,3,9,1.0,3
27,Kids,9,4,2,1,0.25,4
27,Kids,9,4,2,2,0.5,4
27,Kids,9,4,2,3,0.25,4
27,Kids,9,4,2,4,1.0,4
27,Kids,9,4,2,5,1.0,4
27,Kids,9,4,2,6,0.6666666666666666,3
27,Kids,9,4,2,7,0.5,4
27,Kids,9,4,2,8,1.0,4
27,Kids,9,4,2,9,1.0,4
27,Kids,10,5,3,1,0.2,5
27,Kids,10,5,3,2,0.6,5
27,Kids,10,5,3,3,0.4,5
27,Kids,10,5,3,4,0.8,5
27,Kids,10,5,3,5,0.8,5
27,Kids,10,5,3,6,0.8,5
27,Kids,10,5,3,7,1.0,5
27,Kids,10,5,3,8,1.0,5
27,Kids,10,5,3,9,1.0,5
29,Kids,1,2,1,1,0.0,2
29,Kids,1,2,1,2,1.0,2
29,Kids,1,2,1,3,1.0,2
29,Kids,1,2,1,4,0.5,2
29,Kids,1,2,1,5,0.5,2
29,Kids,1,2,1,6,1.0,2
29,Kids,1,2,1,7,1.0,2
29,Kids,1,2,1,8,1.0,2
29,Kids,1,2,1,9,0.5,2
29,Kids,2,3,1,1,0.3333333333333333,3
29,Kids,2,3,1,2,0.6666666666666666,3
29,Kids,2,3,1,3,0.6666666666666666,3
29,Kids,2,3,1,4,0.6666666666666666,3
29,Kids,2,3,1,5,0.3333333333333333,3
29,Kids,2,3,1,6,0.6666666666666666,3
29,Kids,2,3,1,7,0.3333333333333333,3
29,Kids,2,3,1,8,1.0,3
29,Kids,2,3,1,9,1.0,3
29,Kids,3,4,1,1,0.0,4
29,Kids,3,4,1,2,0.25,4
29,Kids,3,4,1,3,0.25,4
29,Kids,3,4,1,4,1.0,4
29,Kids,3,4,1,5,1.0,4
29,Kids,3,4,1,6,1.0,4
29,Kids,3,4,1,7,1.0,4
29,Kids,3,4,1,8,1.0,4
29,Kids,3,4,1,9,0.75,4
29,Kids,4,5,1,1,0.8,5
29,Kids,4,5,1,2,1.0,5
29,Kids,4,5,1,3,0.6,5
29,Kids,4,5,1,4,1.0,5
29,Kids,4,5,1,5,0.8,5
29,Kids,4,5,1,6,1.0,5
29,Kids,4,5,1,7,1.0,5
29,Kids,4,5,1,8,0.8,5
29,Kids,4,5,1,9,1.0,5
29,Kids,5,3,2,1,1.0,3
29,Kids,5,3,2,2,0.6666666666666666,3
29,Kids,5,3,2,3,1.0,3
29,Kids,5,3,2,4,0.3333333333333333,3
29,Kids,5,3,2,5,1.0,3
29,Kids,5,3,2,6,0.6666666666666666,3
29,Kids,5,3,2,7,1.0,3
29,Kids,5,3,2,8,1.0,3
29,Kids,5,3,2,9,1.0,3
29,Kids,6,5,2,1,0.2,5
29,Kids,6,5,2,2,0.4,5
29,Kids,6,5,2,3,0.4,5
29,Kids,6,5,2,4,0.4,5
29,Kids,6,5,2,5,0.2,5
29,Kids,6,5,2,6,0.4,5
29,Kids,6,5,2,7,1.0,5
29,Kids,6,5,2,8,1.0,5
29,Kids,6,5,2,9,0.8,5
29,Kids,7,2,2,1,0.0,2
29,Kids,7,2,2,2,0.5,2
29,Kids,7,2,2,3,1.0,2
29,Kids,7,2,2,4,1.0,2
29,Kids,7,2,2,5,1.0,2
29,Kids,7,2,2,6,1.0,2
29,Kids,7,2,2,7,1.0,2
29,Kids,7,2,2,8,1.0,2
29,Kids,7,2,2,9,1.0,2
29,Kids,8,3,3,1,0.6666666666666666,3
29,Kids,8,3,3,2,1.0,3
29,Kids,8,3,3,3,1.0,3
29,Kids,8,3,3,4,1.0,3
29,Kids,8,3,3,5,1.0,3
29,Kids,8,3,3,6,1.0,3
29,Kids,8,3,3,7,1.0,3
29,Kids,8,3,3,8,1.0,3
29,Kids,8,3,3,9,1.0,3
29,Kids,9,4,2,1,1.0,4
29,Kids,9,4,2,2,1.0,4
29,Kids,9,4,2,3,1.0,4
29,Kids,9,4,2,4,1.0,4
29,Kids,9,4,2,5,0.75,4
29,Kids,9,4,2,6,1.0,4
29,Kids,9,4,2,7,1.0,4
29,Kids,9,4,2,8,1.0,4
29,Kids,9,4,2,9,1.0,4
29,Kids,10,5,3,1,0.4,5
29,Kids,10,5,3,2,0.4,5
29,Kids,10,5,3,3,0.4,5
29,Kids,10,5,3,4,0.8,5
29,Kids,10,5,3,5,0.8,5
29,Kids,10,5,3,6,0.8,5
29,Kids,10,5,3,7,0.6,5
29,Kids,10,5,3,8,0.6,5
29,Kids,10,5,3,9,1.0,5
30,Teens,1,2,1,1,1.0,2
30,Teens,1,2,1,2,1.0,2
30,Teens,1,2,1,3,1.0,2
30,Teens,1,2,1,4,1.0,2
30,Teens,1,2,1,5,1.0,2
30,Teens,1,2,1,6,1.0,2
30,Teens,1,2,1,7,1.0,2
30,Teens,1,2,1,8,1.0,2
30,Teens,1,2,1,9,1.0,2
30,Teens,2,3,1,1,0.6666666666666666,3
30,Teens,2,3,1,2,0.0,3
30,Teens,2,3,1,3,0.3333333333333333,3
30,Teens,2,3,1,4,1.0,3
30,Teens,2,3,1,5,0.6666666666666666,3
30,Teens,2,3,1,6,0.6666666666666666,3
30,Teens,2,3,1,7,1.0,3
30,Teens,2,3,1,8,1.0,3
30,Teens,2,3,1,9,1.0,3
30,Teens,3,4,1,1,0.75,4
30,Teens,3,4,1,2,0.5,4
30,Teens,3,4,1,3,0.5,4
30,Teens,3,4,1,4,0.25,4
30,Teens,3,4,1,5,0.5,4
30,Teens,3,4,1,6,0.5,4
30,Teens,3,4,1,7,0.25,4
30,Teens,3,4,1,8,0.75,4
30,Teens,3,4,1,9,1.0,4
30,Teens,4,5,1,1,0.2,5
30,Teens,4,5,1,2,0.6,5
30,Teens,4,5,1,3,0.8,5
30,Teens,4,5,1,4,0.6,5
30,Teens,4,5,1,5,0.8,5
30,Teens,4,5,1,6,1.0,5
30,Teens,4,5,1,7,1.0,5
30,Teens,4,5,1,8,1.0,5
30,Teens,4,5,1,9,1.0,5
30,Teens,5,3,2,1,0.3333333333333333,3
30,Teens,5,3,2,2,0.6666666666666666,3
30,Teens,5,3,2,3,1.0,3
30,Teens,5,3,2,4,1.0,3
30,Teens,5,3,2,5,1.0,3
30,Teens,5,3,2,6,1.0,3
30,Teens,5,3,2,7,1.0,3
30,Teens,5,3,2,8,1.0,3
30,Teens,5,3,2,9,1.0,3
30,Teens,6,5,2,1,0.2,5
30,Teens,6,5,2,2,0.6,5
30,Teens,6,5,2,3,0.8,5
30,Teens,6,5,2,4,0.8,5
30,Teens,6,5,2,5,0.8,5
30,Teens,6,5,2,6,1.0,5
30,Teens,6,5,2,7,1.0,5
30,Teens,6,5,2,8,1.0,5
30,Teens,6,5,2,9,1.0,5
30,Teens,7,2,2,1,0.5,2
30,Teens,7,2,2,2,1.0,2
30,Teens,7,2,2,3,1.0,2
30,Teens,7,2,2,4,1.0,2
30,Teens,7,2,2,5,1.0,2
30,Teens,7,2,2,6,1.0,2
30,Teens,7,2,2,7,1.0,2
30,Teens,7,2,2,8,1.0,2
30,Teens,7,2,2,9,1.0,2
30,Teens,8,3,3,1,0.3333333333333333,3
30,Teens,8,3,3,2,1.0,3
30,Teens,8,3,3,3,1.0,3
30,Teens,8,3,3,4,1.0,3
30,Teens,8,3,3,5,1.0,3
30,Teens,8,3,3,6,1.0,3
30,Teens,8,3,3,7,1.0,3
30,Teens,8,3,3,8,1.0,3
30,Teens,8,3,3,9,1.0,3
30,Teens,9,4,2,1,1.0,4
30,Teens,9,4,2,2,0.75,4
30,Teens,9,4,2,3,0.75,4
30,Teens,9,4,2,4,1.0,4
30,Teens,9,4,2,5,1.0,4
30,Teens,9,4,2,6,1.0,4
30,Teens,9,4,2,7,1.0,4
30,Teens,9,4,2,8,1.0,4
30,Teens,9,4,2,9,1.0,4
30,Teens,10,5,3,1,0.2,5
30,Teens,10,5,3,2,0.6,5
30,Teens,10,5,3,3,0.6,5
30,Teens,10,5,3,4,0.6,5
30,Teens,10,5,3,5,0.8,5
30,Teens,10,5,3,6,0.8,5
30,Teens,10,5,3,7,0.8,5
30,Teens,10,5,3,8,0.8,5
30,Teens,10,5,3,9,0.8,5
31,Kids,1,2,1,1,0.0,2
31,Kids,1,2,1,2,0.0,2
31,Kids,1,2,1,3,1.0,2
31,Kids,1,2,1,4,1.0,2
31,Kids,1,2,1,5,1.0,2
31,Kids,1,2,1,6,1.0,2
31,Kids,1,2,1,7,1.0,2
31,Kids,1,2,1,8,1.0,2
31,Kids,1,2,1,9,1.0,2
31,Kids,2,3,1,1,0.3333333333333333,3
31,Kids,2,3,1,2,0.3333333333333333,3
31,Kids,2,3,1,3,0.6666666666666666,3
31,Kids,2,3,1,4,1.0,3
31,Kids,2,3,1,5,1.0,3
31,Kids,2,3,1,6,1.0,3
31,Kids,2,3,1,7,1.0,3
31,Kids,2,3,1,8,0.6666666666666666,3
31,Kids,2,3,1,9,1.0,3
31,Kids,3,4,1,1,0.25,4
31,Kids,3,4,1,2,0.75,4
31,Kids,3,4,1,3,0.75,4
31,Kids,3,4,1,4,0.75,4
31,Kids,3,4,1,5,0.75,4
31,Kids,3,4,1,6,1.0,4
31,Kids,3,4,1,7,1.0,4
31,Kids,3,4,1,8,1.0,4
31,Kids,3,4,1,9,1.0,4
31,Kids,4,5,1,1,0.6,5
31,Kids,4,5,1,2,0.6,5
31,Kids,4,5,1,3,0.2,5
31,Kids,4,5,1,4,0.6,5
31,Kids,4,5,1,5,0.8,5
31,Kids,4,5,1,6,0.8,5
31,Kids,4,5,1,7,0.4,5
31,Kids,4,5,1,8,0.4,5
31,Kids,4,5,1,9,0.8,5
31,Kids,5,3,2,1,0.3333333333333333,3
31,Kids,5,3,2,2,0.3333333333333333,3
31,Kids,5,3,2,3,1.0,3
31,Kids,5,3,2,4,1.0,3
31,Kids,5,3,2,5,0.6666666666666666,3
31,Kids,5,3,2,6,0.6666666666666666,3
31,Kids,5,3,2,7,1.0,3
31,Kids,5,3,2,8,0.6666666666666666,3
31,Kids,5,3,2,9,0.6666666666666666,3
31,Kids,6,5,2,1,0.4,5
31,Kids,6,5,2,2,0.6,5
31,Kids,6,5,2,3,0.8,5
31,Kids,6,5,2,4,0.8,5
31,Kids,6,5,2,5,0.8,5
31,Kids,6,5,2,6,1.0,5
31,Kids,6,5,2,7,1.0,5
31,Kids,6,5,2,8,0.8,5
31,Kids,6,5,2,9,0.4,5
31,Kids,7,2,2,1,0.0,2
31,Kids,7,2,2,2,0.0,2
31,Kids,7,2,2,3,1.0,2
31,Kids,7,2,2,4,1.0,2
31,Kids,7,2,2,5,1.0,2
31,Kids,7,2,2,6,1.0,2
31,Kids,7,2,2,7,1.0,2
31,Kids,7,2,2,8,0.5,2
31,Kids,7,2,2,9,1.0,2
31,Kids,8,3,3,1,0.3333333333333333,3
31,Kids,8,3,3,2,1.0,3
31,Kids,8,3,3,3,0.6666666666666666,3
31,Kids,8,3,3,4,0.6666666666666666,3
31,Kids,8,3,3,5,0.3333333333333333,3
31,Kids,8,3,3,6,1.0,3
31,Kids,8,3,3,7,1.0,3
31,Kids,8,3,3,8,0.6666666666666666,3
31,Kids,8,3,3,9,1.0,3
31,Kids,9,4,2,1,1.0,4
31,Kids,9,4,2,2,0.75,4
31,Kids,9,4,2,3,0.5,4
31,Kids,9,4,2,4,1.0,4
31,Kids,9,4,2,5,1.0,4
31,Kids,9,4,2,6,0.5,4
31,Kids,9,4,2,7,0.75,4
31,Kids,9,4,2,8,1.0,4
31,Kids,9,4,2,9,1.0,4
31,Kids,10,5,3,1,0.2,5
31,Kids,10,5,3,2,0.4,5
31,Kids,10,5,3,3,0.6,5
31,Kids,10,5,3,4,0.6,5
31,Kids,10,5,3,5,0.6,5
31,Kids,10,5,3,6,0.8,5
31,Kids,10,5,3,7,1.0,5
31,Kids,10,5,3,8,1.0,5
31,Kids,10,5,3,9,0.8,5
32,Kids,1,2,1,1,0.0,2
32,Kids,1,2,1,2,0.5,2
32,Kids,1,2,1,3,1.0,2
32,Kids,1,2,1,4,1.0,2
32,Kids,1,2,1,5,1.0,2
32,Kids,1,2,1,6,1.0,2
32,Kids,1,2,1,7,1.0,2
32,Kids,1,2,1,8,1.0,2
32,Kids,1,2,1,9,1.0,2
32,Kids,2,3,1,1,0.0,3
32,Kids,2,3,1,2,0.3333333333333333,3
32,Kids,2,3,1,3,0.6666666666666666,3
32,Kids,2,3,1,4,1.0,3
32,Kids,2,3,1,5,0.6666666666666666,3
32,Kids,2,3,1,6,1.0,3
32,Kids,2,3,1,7,1.0,3
32,Kids,2,3,1,8,1.0,3
32,Kids,2,3,1,9,0.6666666666666666,3
32,Kids,3,5,1,1,0.6,5
32,Kids,3,5,1,2,1.0,5
32,Kids,3,5,1,3,1.0,5
32,Kids,3,5,1,4,1.0,5
32,Kids,3,5,1,5,1.0,5
32,Kids,3,5,1,6,1.0,5
32,Kids,3,5,1,7,1.0,5
32,Kids,3,5,1,8,1.0,5
32,Kids,3,5,1,9,1.0,5
32,Kids,4,4,1,1,0.25,4
32,Kids,4,4,1,2,1.0,4
32,Kids,4,4,1,3,0.75,4
32,Kids,4,4,1,4,1.0,4
32,Kids,4,4,1,5,1.0,4
32,Kids,4,4,1,6,1.0,4
32,Kids,4,4,1,7,1.0,4
32,Kids,4,4,1,8,1.0,4
32,Kids,4,4,1,9,0.75,4
32,Kids,5,3,2,1,0.6666666666666666,3
32,Kids,5,3,2,2,0.6666666666666666,3
32,Kids,5,3,2,3,1.0,3
32,Kids,5,3,2,4,1.0,3
32,Kids,5,3,2,5,0.6666666666666666,3
32,Kids,5,3,2,6,1.0,3
32,Kids,5,3,2,7,1.0,3
32,Kids,5,3,2,8,1.0,3
32,Kids,5,3,2,9,1.0,3
32,Kids,6,5,2,1,0.6,5
32,Kids,6,5,2,2,0.6,5
32,Kids,6,5,2,3,0.6,5
32,Kids,6,5,2,4,0.8,5
32,Kids,6,5,2,5,0.8,5
32,Kids,6,5,2,6,1.0,5
32,Kids,6,5,2,7,1.0,5
32,Kids,6,5,2,8,1.0,5
32,Kids,6,5,2,9,1.0,5
32,Kids,7,2,2,1,0.0,2
32,Kids,7,2,2,2,0.5,2
32,Kids,7,2,2,3,1.0,2
32,Kids,7,2,2,4,1.0,2
32,Kids,7,2,2,5,1.0,2
32,Kids,7,2,2,6,1.0,2
32,Kids,7,2,2,7,1.0,2
32,Kids,7,2,2,8,1.0,2
32,Kids,7,2,2,9,0.5,2
32,Kids,8,3,3,1,0.3333333333333333,3
32,Kids,8,3,3,2,1.0,3
32,Kids,8,3,3,3,1.0,3
32,Kids,8,3,3,4,1.0,3
32,Kids,8,3,3,5,1.0,3
32,Kids,8,3,3,6,1.0,3
32,Kids,8,3,3,7,1.0,3
32,Kids,8,3,3,8,1.0,3
32,Kids,8,3,3,9,1.0,3
32,Kids,9,5,3,1,0.2,5
32,Kids,9,5,3,2,0.4,5
32,Kids,9,5,3,3,0.6,5
32,Kids,9,5,3,4,0.8,5
32,Kids,9,5,3,5,0.8,5
32,Kids,9,5,3,6,1.0,5
32,Kids,9,5,3,7,0.6,5
32,Kids,9,5,3,8,1.0,5
32,Kids,9,5,3,9,1.0,5
32,Kids,10,4,2,1,0.25,4
32,Kids,10,4,2,2,0.5,4
32,Kids,10,4,2,3,1.0,4
32,Kids,10,4,2,4,1.0,4
32,Kids,10,4,2,5,1.0,4
32,Kids,10,4,2,6,1.0,4
32,Kids,10,4,2,7,1.0,4
32,Kids,10,4,2,8,1.0,4
32,Kids,10,4,2,9,1.0,4
33,Kids,1,2,1,1,0.5,2
33,Kids,1,2,1,2,1.0,2
33,Kids,1,2,1,3,1.0,2
33,Kids,1,2,1,4,1.0,2
33,Kids,1,2,1,5,1.0,2
33,Kids,1,2,1,6,1.0,2
33,Kids,1,2,1,7,1.0,2
33,Kids,1,2,1,8,1.0,2
33,Kids,1,2,1,9,1.0,2
33,Kids,2,3,1,1,0.6666666666666666,3
33,Kids,2,3,1,2,0.6666666666666666,3
33,Kids,2,3,1,3,0.6666666666666666,3
33,Kids,2,3,1,4,1.0,3
33,Kids,2,3,1,5,1.0,3
33,Kids,2,3,1,6,1.0,3
33,Kids,2,3,1,7,1.0,3
33,Kids,2,3,1,8,1.0,3
33,Kids,2,3,1,9,1.0,3
33,Kids,3,5,1,1,0.4,5
33,Kids,3,5,1,2,0.6,5
33,Kids,3,5,1,3,0.6,5
33,Kids,3,5,1,4,0.4,5
33,Kids,3,5,1,5,0.4,5
33,Kids,3,5,1,6,0.8,5
33,Kids,3,5,1,7,0.8,5
33,Kids,3,5,1,8,1.0,5
33,Kids,3,5,1,9,1.0,5
33,Kids,4,4,1,1,0.25,4
33,Kids,4,4,1,2,0.5,4
33,Kids,4,4,1,3,0.75,4
33,Kids,4,4,1,4,0.75,4
33,Kids,4,4,1,5,0.75,4
33,Kids,4,4,1,6,1.0,4
33,Kids,4,4,1,7,0.75,4
33,Kids,4,4,1,8,1.0,4
33,Kids,4,4,1,9,0.5,4
33,Kids,5,3,2,1,0.3333333333333333,3
33,Kids,5,3,2,2,1.0,3
33,Kids,5,3,2,3,1.0,3
33,Kids,5,3,2,4,0.6666666666666666,3
33,Kids,5,3,2,5,1.0,3
33,Kids,5,3,2,6,1.0,3
33,Kids,5,3,2,7,1.0,3
33,Kids,5,3,2,8,1.0,3
33,Kids,5,3,2,9,1.0,3
33,Kids,6,5,2,1,0.8,5
33,Kids,6,5,2,2,0.8,5
33,Kids,6,5,2,3,0.8,5
33,Kids,6,5,2,4,0.8,5
33,Kids,6,5,2,5,0.4,5
33,Kids,6,5,2,6,0.8,5
33,Kids,6,5,2,7,0.8,5
33,Kids,6,5,2,8,1.0,5
33,Kids,6,5,2,9,1.0,5
33,Kids,7,2,2,1,1.0,2
33,Kids,7,2,2,2,1.0,2
33,Kids,7,2,2,3,1.0,2
33,Kids,7,2,2,4,1.0,2
33,Kids,7,2,2,5,1.0,2
33,Kids,7,2,2,6,1.0,2
33,Kids,7,2,2,7,1.0,2
33,Kids,7,2,2,8,1.0,2
33,Kids,7,2,2,9,0.5,2
33,Kids,8,3,3,1,0.3333333333333333,3
33,Kids,8,3,3,2,1.0,3
33,Kids,8,3,3,3,1.0,3
33,Kids,8,3,3,4,0.6666666666666666,3
33,Kids,8,3,3,5,0.6666666666666666,3
33,Kids,8,3,3,6,1.0,3
33,Kids,8,3,3,7,1.0,3
33,Kids,8,3,3,8,1.0,3
33,Kids,8,3,3,9,1.0,3
33,Kids,9,5,3,1,0.2,5
33,Kids,9,5,3,2,0.2,5
33,Kids,9,5,3,3,0.6,5
33,Kids,9,5,3,4,0.8,5
33,Kids,9,5,3,5,0.2,5
33,Kids,9,5,3,6,0.4,5
33,Kids,9,5,3,7,0.4,5
33,Kids,9,5,3,8,0.8,5
33,Kids,9,5,3,9,0.8,5
33,Kids,10,4,2,1,0.5,4
33,Kids,10,4,2,2,0.25,4
33,Kids,10,4,2,3,1.0,4
33,Kids,10,4,2,4,1.0,4
33,Kids,10,4,2,5,1.0,4
33,Kids,10,4,2,6,1.0,4
33,Kids,10,4,2,7,1.0,4
33,Kids,10,4,2,8,1.0,4
33,Kids,10,4,2,9,1.0,4
35,Kids,1,2,1,1,0.5,2
35,Kids,1,2,1,2,1.0,2
35,Kids,1,2,1,3,0.5,2
35,Kids,1,2,1,4,1.0,2
35,Kids,1,2,1,5,1.0,2
35,Kids,1,2,1,6,1.0,2
35,Kids,1,2,1,7,1.0,2
35,Kids,1,2,1,8,1.0,2
35,Kids,1,2,1,9,1.0,2
35,Kids,2,3,1,1,0.0,3
35,Kids,2,3,1,2,0.3333333333333333,3
35,Kids,2,3,1,3,0.3333333333333333,3
35,Kids,2,3,1,4,1.0,3
35,Kids,2,3,1,5,1.0,3
35,Kids,2,3,1,6,1.0,3
35,Kids,2,3,1,7,1.0,3
35,Kids,2,3,1,8,1.0,3
35,Kids,2,3,1,9,1.0,3
35,Kids,3,4,1,1,0.5,4
35,Kids,3,4,1,2,0.5,4
35,Kids,3,4,1,3,0.75,4
35,Kids,3,4,1,4,0.75,4
35,Kids,3,4,1,5,0.5,4
35,Kids,3,4,1,6,1.0,4
35,Kids,3,4,1,7,1.0,4
35,Kids,3,4,1,8,1.0,4
35,Kids,3,4,1,9,1.0,4
35,Kids,4,5,1,1,0.4,5
35,Kids,4,5,1,2,0.6,5
35,Kids,4,5,1,3,0.8,5
35,Kids,4,5,1,4,1.0,5
35,Kids,4,5,1,5,0.6,5
35,Kids,4,5,1,6,0.8,5
35,Kids,4,5,1,7,1.0,5
35,Kids,4,5,1,8,1.0,5
35,Kids,4,5,1,9,1.0,5
35,Kids,5,3,2,1,0.3333333333333333,3
35,Kids,5,3,2,2,0.3333333333333333,3
35,Kids,5,3,2,3,1.0,3
35,Kids,5,3,2,4,1.0,3
35,Kids,5,3,2,5,1.0,3
35,Kids,5,3,2,6,0.6666666666666666,3
35,Kids,5,3,2,7,0.6666666666666666,3
35,Kids,5,3,2,8,1.0,3
35,Kids,5,3,2,9,1.0,3
35,Kids,6,5,2,1,0.0,5
35,Kids,6,5,2,2,0.6,5
35,Kids,6,5,2,3,0.8,5
35,Kids,6,5,2,4,0.8,5
35,Kids,6,5,2,5,0.8,5
35,Kids,6,5,2,6,1.0,5
35,Kids,6,5,2,7,0.8,5
35,Kids,6,5,2,8,1.0,5
35,Kids,6,5,2,9,1.0,5
35,Kids,7,2,2,1,1.0,2
35,Kids,7,2,2,2,1.0,2
35,Kids,7,2,2,3,1.0,2
35,Kids,7,2,2,4,1.0,2
35,Kids,7,2,2,5,1.0,2
35,Kids,7,2,2,6,1.0,2
35,Kids,7,2,2,7,1.0,2
35,Kids,7,2,2,8,1.0,2
35,Kids,7,2,2,9,1.0,2
35,Kids,8,3,3,1,1.0,3
35,Kids,8,3,3,2,0.6666666666666666,3
35,Kids,8,3,3,3,1.0,3
35,Kids,8,3,3,4,1.0,3
35,Kids,8,3,3,5,1.0,3
35,Kids,8,3,3,6,0.6666666666666666,3
35,Kids,8,3,3,7,1.0,3
35,Kids,8,3,3,8,1.0,3
35,Kids,8,3,3,9,1.0,3
35,Kids,9,4,2,1,0.25,4
35,Kids,9,4,2,2,0.5,4
35,Kids,9,4,2,3,1.0,4
35,Kids,9,4,2,4,1.0,4
35,Kids,9,4,2,5,1.0,4
35,Kids,9,4,2,6,1.0,4
35,Kids,9,4,2,7,1.0,4
35,Kids,9,4,2,8,0.75,4
35,Kids,9,4,2,9,0.75,4
35,Kids,10,5,3,1,0.2,5
35,Kids,10,5,3,2,0.4,5
35,Kids,10,5,3,3,0.8,5
35,Kids,10,5,3,4,0.6,5
35,Kids,10,5,3,5,0.8,5
35,Kids,10,5,3,6,1.0,5
35,Kids,10,5,3,7,1.0,5
35,Kids,10,5,3,8,1.0,5
35,Kids,10,5,3,9,1.0,5
36,Teens,1,2,1,1,1.0,2
36,Teens,1,2,1,2,1.0,2
36,Teens,1,2,1,3,1.0,2
36,Teens,1,2,1,4,1.0,2
36,Teens,1,2,1,5,0.5,2
36,Teens,1,2,1,6,1.0,2
36,Teens,1,2,1,7,1.0,2
36,Teens,1,2,1,8,1.0,2
36,Teens,1,2,1,9,1.0,2
36,Teens,2,3,1,1,0.0,3
36,Teens,2,3,1,2,0.3333333333333333,3
36,Teens,2,3,1,3,0.3333333333333333,3
36,Teens,2,3,1,4,0.3333333333333333,3
36,Teens,2,3,1,5,0.6666666666666666,3
36,Teens,2,3,1,6,1.0,3
36,Teens,2,3,1,7,0.6666666666666666,3
36,Teens,2,3,1,8,1.0,3
36,Teens,2,3,1,9,1.0,3
36,Teens,3,4,1,1,0.25,4
36,Teens,3,4,1,2,0.25,4
36,Teens,3,4,1,3,0.5,4
36,Teens,3,4,1,4,0.75,4
36,Teens,3,4,1,5,1.0,4
36,Teens,3,4,1,6,0.5,4
36,Teens,3,4,1,7,0.5,4
36,Teens,3,4,1,8,0.5,4
36,Teens,3,4,1,9,1.0,4
36,Teens,4,5,1,1,0.2,5
36,Teens,4,5,1,2,0.2,5
36,Teens,4,5,1,3,0.6,5
36,Teens,4,5,1,4,0.8,5
36,Teens,4,5,1,5,0.4,5
36,Teens,4,5,1,6,0.8,5
36,Teens,4,5,1,7,0.8,5
36,Teens,4,5,1,8,1.0,5
36,Teens,4,5,1,9,0.8,5
36,Teens,5,3,2,1,0.3333333333333333,3
36,Teens,5,3,2,2,1.0,3
36,Teens,5,3,2,3,1.0,3
36,Teens,5,3,2,4,1.0,3
36,Teens,5,3,2,5,1.0,3
36,Teens,5,3,2,6,1.0,3
36,Teens,5,3,2,7,1.0,3
36,Teens,5,3,2,8,1.0,3
36,Teens,5,3,2,9,1.0,3
36,Teens,6,5,2,1,0.4,5
36,Teens,6,5,2,2,0.8,5
36,Teens,6,5,2,3,1.0,5
36,Teens,6,5,2,4,1.0,5
36,Teens,6,5,2,5,0.8,5
36,Teens,6,5,2,6,1.0,5
36,Teens,6,5,2,7,1.0,5
36,Teens,6,5,2,8,1.0,5
36,Teens,6,5,2,9,0.8,5
36,Teens,7,2,2,1,0.0,2
36,Teens,7,2,2,2,1.0,2
36,Teens,7,2,2,3,1.0,2
36,Teens,7,2,2,4,1.0,2
36,Teens,7,2,2,5,1.0,2
36,Teens,7,2,2,6,1.0,2
36,Teens,7,2,2,7,1.0,2
36,Teens,7,2,2,8,1.0,2
36,Teens,7,2,2,9,1.0,2
36,Teens,8,3,3,1,0.3333333333333333,3
36,Teens,8,3,3,2,0.3333333333333333,3
36,Teens,8,3,3,3,0.3333333333333333,3
36,Teens,8,3,3,4,0.3333333333333333,3
36,Teens,8,3,3,5,0.6666666666666666,3
36,Teens,8,3,3,6,1.0,3
36,Teens,8,3,3,7,1.0,3
36,Teens,8,3,3,8,1.0,3
36,Teens,8,3,3,9,1.0,3
36,Teens,9,4,2,1,0.5,4
36,Teens,9,4,2,2,0.75,4
36,Teens,9,4,2,3,1.0,4
36,Teens,9,4,2,4,1.0,4
36,Teens,9,4,2,5,0.75,4
36,Teens,9,4,2,6,1.0,4
36,Teens,9,4,2,7,1.0,4
36,Teens,9,4,2,8,0.75,4
36,Teens,9,4,2,9,0.75,4
36,Teens,10,5,3,1,0.6,5
36,Teens,10,5,3,2,0.8,5
36,Teens,10,5,3,3,0.8,5
36,Teens,10,5,3,4,1.0,5
36,Teens,10,5,3,5,0.8,5
36,Teens,10,5,3,6,0.6,5
36,Teens,10,5,3,7,0.8,5
36,Teens,10,5,3,8,1.0,5
36,Teens,10,5,3,9,1.0,5
37,Teens,1,2,1,1,0.0,2
37,Teens,1,2,1,2,1.0,2
37,Teens,1,2,1,3,0.5,2
37,Teens,1,2,1,4,1.0,2
37,Teens,1,2,1,5,1.0,2
37,Teens,1,2,1,6,1.0,2
37,Teens,1,2,1,7,1.0,2
37,Teens,1,2,1,8,1.0,2
37,Teens,1,2,1,9,1.0,2
37,Teens,2,3,1,1,0.3333333333333333,3
37,Teens,2,3,1,2,0.3333333333333333,3
37,Teens,2,3,1,3,1.0,3
37,Teens,2,3,1,4,1.0,3
37,Teens,2,3,1,5,1.0,3
37,Teens,2,3,1,6,1.0,3
37,Teens,2,3,1,7,1.0,3
37,Teens,2,3,1,8,1.0,3
37,Teens,2,3,1,9,1.0,3
37,Teens,3,4,1,1,0.25,4
37,Teens,3,4,1,2,0.25,4
37,Teens,3,4,1,3,0.75,4
37,Teens,3,4,1,4,0.75,4
37,Teens,3,4,1,5,1.0,4
37,Teens,3,4,1,6,1.0,4
37,Teens,3,4,1,7,1.0,4
37,Teens,3,4,1,8,1.0,4
37,Teens,3,4,1,9,1.0,4
37,Teens,4,5,1,1,0.4,5
37,Teens,4,5,1,2,0.6,5
37,Teens,4,5,1,3,1.0,5
37,Teens,4,5,1,4,0.8,5
37,Teens,4,5,1,5,1.0,5
37,Teens,4,5,1,6,1.0,5
37,Teens,4,5,1,7,1.0,5
37,Teens,4,5,1,8,1.0,5
37,Teens,4,5,1,9,1.0,5
37,Teens,5,3,2,1,0.3333333333333333,3
37,Teens,5,3,2,2,0.6666666666666666,3
37,Teens,5,3,2,3,1.0,3
37,Teens,5,3,2,4,0.6666666666666666,3
37,Teens,5,3,2,5,1.0,3
37,Teens,5,3,2,6,1.0,3
37,Teens,5,3,2,7,1.0,3
37,Teens,5,3,2,8,1.0,3
37,Teens,5,3,2,9,1.0,3
37,Teens,6,5,2,1,0.2,5
37,Teens,6,5,2,2,0.6,5
37,Teens,6,5,2,3,0.8,5
37,Teens,6,5,2,4,1.0,5
37,Teens,6,5,2,5,1.0,5
37,Teens,6,5,2,6,1.0,5
37,Teens,6,5,2,7,1.0,5
37,Teens,6,5,2,8,1.0,5
37,Teens,6,5,2,9,0.8,5
37,Teens,7,2,2,1,0.5,2
37,Teens,7,2,2,2,0.5,2
37,Teens,7,2,2,3,1.0,2
37,Teens,7,2,2,4,1.0,2
37,Teens,7,2,2,5,1.0,2
37,Teens,7,2,2,6,1.0,2
37,Teens,7,2,2,7,1.0,2
37,Teens,7,2,2,8,1.0,2
37,Teens,7,2,2,9,1.0,2
37,Teens,8,3,3,1,0.3333333333333333,3
37,Teens,8,3,3,2,1.0,3
37,Teens,8,3,3,3,1.0,3
37,Teens,8,3,3,4,1.0,3
37,Teens,8,3,3,5,0.6666666666666666,3
37,Teens,8,3,3,6,1.0,3
37,Teens,8,3,3,7,1.0,3
37,Teens,8,3,3,8,1.0,3
37,Teens,8,3,3,9,1.0,3
37,Teens,9,4,2,1,0.25,4
37,Teens,9,4,2,2,0.5,4
37,Teens,9,4,2,3,1.0,4
37,Teens,9,4,2,4,1.0,4
37,Teens,9,4,2,5,1.0,4
37,Teens,9,4,2,6,1.0,4
37,Teens,9,4,2,7,0.75,4
37,Teens,9,4,2,8,1.0,4
37,Teens,9,4,2,9,1.0,4
37,Teens,10,5,3,1,0.4,5
37,Teens,10,5,3,2,0.6,5
37,Teens,10,5,3,3,0.8,5
37,Teens,10,5,3,4,1.0,5
37,Teens,10,5,3,5,1.0,5
37,Teens,10,5,3,6,1.0,5
37,Teens,10,5,3,7,1.0,5
37,Teens,10,5,3,8,1.0,5
37,Teens,10,5,3,9,1.0,5
38,Teens,1,2,1,1,0.0,2
38,Teens,1,2,1,2,0.5,2
38,Teens,1,2,1,3,1.0,2
38,Teens,1,2,1,4,1.0,2
38,Teens,1,2,1,5,1.0,2
38,Teens,1,2,1,6,1.0,2
38,Teens,1,2,1,7,1.0,2
38,Teens,1,2,1,8,1.0,2
38,Teens,1,2,1,9,1.0,2
38,Teens,2,4,1,1,0.25,4
38,Teens,2,4,1,2,0.5,4
38,Teens,2,4,1,3,0.75,4
38,Teens,2,4,1,4,1.0,4
38,Teens,2,4,1,5,1.0,4
38,Teens,2,4,1,6,1.0,4
38,Teens,2,4,1,7,1.0,4
38,Teens,2,4,1,8,1.0,4
38,Teens,2,4,1,9,1.0,4
38,Teens,3,3,1,1,0.3333333333333333,3
38,Teens,3,3,1,2,0.6666666666666666,3
38,Teens,3,3,1,3,0.6666666666666666,3
38,Teens,3,3,1,4,1.0,3
38,Teens,3,3,1,5,1.0,3
38,Teens,3,3,1,6,1.0,3
38,Teens,3,3,1,7,1.0,3
38,Teens,3,3,1,8,1.0,3
38,Teens,3,3,1,9,1.0,3
38,Teens,4,5,1,1,0.4,5
38,Teens,4,5,1,2,0.8,5
38,Teens,4,5,1,3,0.8,5
38,Teens,4,5,1,4,1.0,5
38,Teens,4,5,1,5,1.0,5
38,Teens,4,5,1,6,1.0,5
38,Teens,4,5,1,7,1.0,5
38,Teens,4,5,1,8,1.0,5
38,Teens,4,5,1,9,1.0,5
38,Teens,5,3,2,1,0.3333333333333333,3
38,Teens,5,3,2,2,0.6666666666666666,3
38,Teens,5,3,2,3,1.0,3
38,Teens,5,3,2,4,1.0,3
38,Teens,5,3,2,5,1.0,3
38,Teens,5,3,2,6,1.0,3
38,Teens,5,3,2,7,1.0,3
38,Teens,5,3,2,8,1.0,3
38,Teens,5,3,2,9,1.0,3
38,Teens,6,5,2,1,0.4,5
38,Teens,6,5,2,2,0.6,5
38,Teens,6,5,2,3,1.0,5
38,Teens,6,5,2,4,1.0,5
38,Teens,6,5,2,5,1.0,5
38,Teens,6,5,2,6,1.0,5
38,Teens,6,5,2,7,1.0,5
38,Teens,6,5,2,8,1.0,5
38,Teens,6,5,2,9,1.0,5
38,Teens,7,2,2,1,0.5,2
38,Teens,7,2,2,2,1.0,2
38,Teens,7,2,2,3,1.0,2
38,Teens,7,2,2,4,0.5,2
38,Teens,7,2,2,5,1.0,2
38,Teens,7,2,2,6,0.5,2
38,Teens,7,2,2,7,1.0,2
38,Teens,7,2,2,8,1.0,2
38,Teens,7,2,2,9,1.0,2
38,Teens,8,4,2,1,0.5,4
38,Teens,8,4,2,2,0.75,4
38,Teens,8,4,2,3,1.0,4
38,Teens,8,4,2,4,1.0,4
38,Teens,8,4,2,5,1.0,4
38,Teens,8,4,2,6,1.0,4
38,Teens,8,4,2,7,1.0,4
38,Teens,8,4,2,8,1.0,4
38,Teens,8,4,2,9,1.0,4
38,Teens,9,3,3,1,0.3333333333333333,3
38,Teens,9,3,3,2,0.6666666666666666,3
38,Teens,9,3,3,3,1.0,3
38,Teens,9,3,3,4,1.0,3
38,Teens,9,3,3,5,1.0,3
38,Teens,9,3,3,6,1.0,3
38,Teens,9,3,3,7,1.0,3
38,Teens,9,3,3,8,1.0,3
38,Teens,9,3,3,9,1.0,3
38,Teens,10,5,3,1,0.2,5
38,Teens,10,5,3,2,0.6,5
38,Teens,10,5,3,3,1.0,5
38,Teens,10,5,3,4,1.0,5
38,Teens,10,5,3,5,0.8,5
38,Teens,10,5,3,6,1.0,5
38,Teens,10,5,3,7,1.0,5
38,Teens,10,5,3,8,1.0,5
38,Teens,10,5,3,9,1.0,5
40,Teens,1,2,1,1,0.5,2
40,Teens,1,2,1,2,1.0,2
40,Teens,1,2,1,3,1.0,2
40,Teens,1,2,1,4,1.0,2
40,Teens,1,2,1,5,1.0,2
40,Teens,1,2,1,6,1.0,2
40,Teens,1,2,1,7,1.0,2
40,Teens,1,2,1,8,1.0,2
40,Teens,1,2,1,9,1.0,2
40,Teens,2,3,1,1,0.3333333333333333,3
40,Teens,2,3,1,2,0.6666666666666666,3
40,Teens,2,3,1,3,1.0,3
40,Teens,2,3,1,4,1.0,3
40,Teens,2,3,1,5,1.0,3
40,Teens,2,3,1,6,1.0,3
40,Teens,2,3,1,7,1.0,3
40,Teens,2,3,1,8,1.0,3
40,Teens,2,3,1,9,1.0,3
40,Teens,3,4,1,1,0.5,4
40,Teens,3,4,1,2,0.5,4
40,Teens,3,4,1,3,1.0,4
40,Teens,3,4,1,4,1.0,4
40,Teens,3,4,1,5,1.0,4
40,Teens,3,4,1,6,1.0,4
40,Teens,3,4,1,7,1.0,4
40,Teens,3,4,1,8,1.0,4
40,Teens,3,4,1,9,1.0,4
40,Teens,4,5,1,1,0.2,5
40,Teens,4,5,1,2,0.8,5
40,Teens,4,5,1,3,1.0,5
40,Teens,4,5,1,4,1.0,5
40,Teens,4,5,1,5,1.0,5
40,Teens,4,5,1,6,1.0,5
40,Teens,4,5,1,7,1.0,5
40,Teens,4,5,1,8,1.0,5
40,Teens,4,5,1,9,1.0,5
40,Teens,5,3,2,1,0.6666666666666666,3
40,Teens,5,3,2,2,0.6666666666666666,3
40,Teens,5,3,2,3,1.0,3
40,Teens,5,3,2,4,1.0,3
40,Teens,5,3,2,5,1.0,3
40,Teens,5,3,2,6,1.0,3
40,Teens,5,3,2,7,1.0,3
40,Teens,5,3,2,8,1.0,3
40,Teens,5,3,2,9,1.0,3
40,Teens,6,5,2,1,0.4,5
40,Teens,6,5,2,2,0.6,5
40,Teens,6,5,2,3,1.0,5
40,Teens,6,5,2,4,1.0,5
40,Teens,6,5,2,5,1.0,5
40,Teens,6,5,2,6,1.0,5
40,Teens,6,5,2,7,1.0,5
40,Teens,6,5,2,8,1.0,5
40,Teens,6,5,2,9,1.0,5
40,Teens,7,2,2,1,0.0,2
40,Teens,7,2,2,2,1.0,2
40,Teens,7,2,2,3,1.0,2
40,Teens,7,2,2,4,1.0,2
40,Teens,7,2,2,5,1.0,2
40,Teens,7,2,2,6,1.0,2
40,Teens,7,2,2,7,1.0,2
40,Teens,7,2,2,8,1.0,2
40,Teens,7,2,2,9,1.0,2
40,Teens,8,3,3,1,0.6666666666666666,3
40,Teens,8,3,3,2,1.0,3
40,Teens,8,3,3,3,1.0,3
40,Teens,8,3,3,4,1.0,3
40,Teens,8,3,3,5,1.0,3
40,Teens,8,3,3,6,1.0,3
40,Teens,8,3,3,7,1.0,3
40,Teens,8,3,3,8,1.0,3
40,Teens,8,3,3,9,1.0,3
40,Teens,9,4,2,1,0.25,4
40,Teens,9,4,2,2,0.75,4
40,Teens,9,4,2,3,1.0,4
40,Teens,9,4,2,4,1.0,4
40,Teens,9,4,2,5,1.0,4
40,Teens,9,4,2,6,1.0,4
40,Teens,9,4,2,7,1.0,4
40,Teens,9,4,2,8,1.0,4
40,Teens,9,4,2,9,1.0,4
40,Teens,10,5,3,1,0.4,5
40,Teens,10,5,3,2,0.6,5
40,Teens,10,5,3,3,1.0,5
40,Teens,10,5,3,4,0.8,5
40,Teens,10,5,3,5,1.0,5
40,Teens,10,5,3,6,1.0,5
40,Teens,10,5,3,7,1.0,5
40,Teens,10,5,3,8,1.0,5
40,Teens,10,5,3,9,1.0,5
41,Kids,1,2,1,1,0.0,2
41,Kids,1,2,1,2,0.5,2
41,Kids,1,2,1,3,1.0,2
41,Kids,1,2,1,4,1.0,2
41,Kids,1,2,1,5,1.0,2
41,Kids,1,2,1,6,1.0,2
41,Kids,1,2,1,7,1.0,2
41,Kids,1,2,1,8,0.5,2
41,Kids,1,2,1,9,1.0,2
41,Kids,2,3,1,1,0.3333333333333333,3
41,Kids,2,3,1,2,0.6666666666666666,3
41,Kids,2,3,1,3,0.6666666666666666,3
41,Kids,2,3,1,4,1.0,3
41,Kids,2,3,1,5,1.0,3
41,Kids,2,3,1,6,1.0,3
41,Kids,2,3,1,7,1.0,3
41,Kids,2,3,1,8,1.0,3
41,Kids,2,3,1,9,1.0,3
41,Kids,3,4,1,1,0.25,4
41,Kids,3,4,1,2,0.5,4
41,Kids,3,4,1,3,1.0,4
41,Kids,3,4,1,4,0.75,4
41,Kids,3,4,1,5,1.0,4
41,Kids,3,4,1,6,0.75,4
41,Kids,3,4,1,7,1.0,4
41,Kids,3,4,1,8,1.0,4
41,Kids,3,4,1,9,0.75,4
41,Kids,4,5,1,1,0.6,5
41,Kids,4,5,1,2,0.2,5
41,Kids,4,5,1,3,0.6,5
41,Kids,4,5,1,4,0.4,5
41,Kids,4,5,1,5,0.6,5
41,Kids,4,5,1,6,0.6,5
41,Kids,4,5,1,7,0.6,5
41,Kids,4,5,1,8,0.6,5
41,Kids,4,5,1,9,0.6,5
41,Kids,5,3,2,1,0.3333333333333333,3
41,Kids,5,3,2,2,1.0,3
41,Kids,5,3,2,3,1.0,3
41,Kids,5,3,2,4,0.6666666666666666,3
41,Kids,5,3,2,5,1.0,3
41,Kids,5,3,2,6,1.0,3
41,Kids,5,3,2,7,1.0,3
41,Kids,5,3,2,8,1.0,3
41,Kids,5,3,2,9,1.0,3
41,Kids,6,5,2,1,0.4,5
41,Kids,6,5,2,2,0.2,5
41,Kids,6,5,2,3,0.6,5
41,Kids,6,5,2,4,1.0,5
41,Kids,6,5,2,5,0.6,5
41,Kids,6,5,2,6,0.8,5
41,Kids,6,5,2,7,1.0,5
41,Kids,6,5,2,8,1.0,5
41,Kids,6,5,2,9,0.8,5
41,Kids,7,2,2,1,0.0,2
41,Kids,7,2,2,2,0.5,2
41,Kids,7,2,2,3,1.0,2
41,Kids,7,2,2,4,1.0,2
41,Kids,7,2,2,5,1.0,2
41,Kids,7,2,2,6,1.0,2
41,Kids,7,2,2,7,1.0,2
41,Kids,7,2,2,8,1.0,2
41,Kids,7,2,2,9,1.0,2
41,Kids,8,3,3,1,0.3333333333333333,3
41,Kids,8,3,3,2,0.6666666666666666,3
41,Kids,8,3,3,3,0.6666666666666666,3
41,Kids,8,3,3,4,1.0,3
41,Kids,8,3,3,5,1.0,3
41,Kids,8,3,3,6,1.0,3
41,Kids,8,3,3,7,0.6666666666666666,3
41,Kids,8,3,3,8,1.0,3
41,Kids,8,3,3,9,0.6666666666666666,3
41,Kids,9,4,2,1,0.5,4
41,Kids,9,4,2,2,0.25,4
41,Kids,9,4,2,3,0.25,4
41,Kids,9,4,2,4,0.75,4
41,Kids,9,4,2,5,1.0,4
41,Kids,9,4,2,6,1.0,4
41,Kids,9,4,2,7,1.0,4
41,Kids,9,4,2,8,0.75,4
41,Kids,9,4,2,9,1.0,4
41,Kids,10,5,3,1,0.8,5
41,Kids,10,5,3,2,0.8,5
41,Kids,10,5,3,3,1.0,5
41,Kids,10,5,3,4,1.0,5
41,Kids,10,5,3,5,1.0,5
41,Kids,10,5,3,6,1.0,5
41,Kids,10,5,3,7,0.8,5
41,Kids,10,5,3,8,1.0,5
41,Kids,10,5,3,9,1.0,5
42,Kids,1,2,1,1,0.0,2
42,Kids,1,2,1,2,0.5,2
42,Kids,1,2,1,3,1.0,2
42,Kids,1,2,1,4,0.5,2
42,Kids,1,2,1,5,1.0,2
42,Kids,1,2,1,6,1.0,2
42,Kids,1,2,1,7,1.0,2
42,Kids,1,2,1,8,1.0,2
42,Kids,1,2,1,9,1.0,2
42,Kids,2,3,1,1,0.0,3
42,Kids,2,3,1,2,0.3333333333333333,3
42,Kids,2,3,1,3,1.0,3
42,Kids,2,3,1,4,1.0,3
42,Kids,2,3,1,5,1.0,3
42,Kids,2,3,1,6,1.0,3
42,Kids,2,3,1,7,1.0,3
42,Kids,2,3,1,8,1.0,3
42,Kids,2,3,1,9,1.0,3
42,Kids,3,5,1,1,0.2,5
42,Kids,3,5,1,2,0.6,5
42,Kids,3,5,1,3,0.6,5
42,Kids,3,5,1,4,0.8,5
42,Kids,3,5,1,5,0.6,5
42,Kids,3,5,1,6,1.0,5
42,Kids,3,5,1,7,1.0,5
42,Kids,3,5,1,8,1.0,5
42,Kids,3,5,1,9,1.0,5
42,Kids,4,4,1,1,0.25,4
42,Kids,4,4,1,2,0.75,4
42,Kids,4,4,1,3,0.25,4
42,Kids,4,4,1,4,1.0,4
42,Kids,4,4,1,5,1.0,4
42,Kids,4,4,1,6,0.75,4
42,Kids,4,4,1,7,1.0,4
42,Kids,4,4,1,8,0.75,4
42,Kids,4,4,1,9,1.0,4
42,Kids,5,3,2,1,0.3333333333333333,3
42,Kids,5,3,2,2,0.3333333333333333,3
42,Kids,5,3,2,3,1.0,3
42,Kids,5,3,2,4,1.0,3
42,Kids,5,3,2,5,1.0,3
42,Kids,5,3,2,6,1.0,3
42,Kids,5,3,2,7,1.0,3
42,Kids,5,3,2,8,1.0,3
42,Kids,5,3,2,9,1.0,3
42,Kids,6,5,2,1,0.4,5
42,Kids,6,5,2,2,0.2,5
42,Kids,6,5,2,3,0.8,5
42,Kids,6,5,2,4,0.8,5
42,Kids,6,5,2,5,0.6,5
42,Kids,6,5,2,6,0.8,5
42,Kids,6,5,2,7,1.0,5
42,Kids,6,5,2,8,1.0,5
42,Kids,6,5,2,9,1.0,5
42,Kids,7,2,2,1,0.5,2
42,Kids,7,2,2,2,1.0,2
42,Kids,7,2,2,3,1.0,2
42,Kids,7,2,2,4,1.0,2
42,Kids,7,2,2,5,1.0,2
42,Kids,7,2,2,6,1.0,2
42,Kids,7,2,2,7,1.0,2
42,Kids,7,2,2,8,1.0,2
42,Kids,7,2,2,9,1.0,2
42,Kids,8,3,3,1,0.3333333333333333,3
42,Kids,8,3,3,2,0.6666666666666666,3
42,Kids,8,3,3,3,1.0,3
42,Kids,8,3,3,4,1.0,3
42,Kids,8,3,3,5,1.0,3
42,Kids,8,3,3,6,1.0,3
42,Kids,8,3,3,7,1.0,3
42,Kids,8,3,3,8,1.0,3
42,Kids,8,3,3,9,1.0,3
42,Kids,9,5,3,1,0.4,5
42,Kids,9,5,3,2,0.4,5
42,Kids,9,5,3,3,1.0,5
42,Kids,9,5,3,4,0.8,5
42,Kids,9,5,3,5,0.8,5
42,Kids,9,5,3,6,0.6,5
42,Kids,9,5,3,7,0.8,5
42,Kids,9,5,3,8,0.6,5
42,Kids,9,5,3,9,0.8,5
42,Kids,10,4,2,1,0.5,4
42,Kids,10,4,2,2,0.5,4
42,Kids,10,4,2,3,1.0,4
42,Kids,10,4,2,4,1.0,4
42,Kids,10,4,2,5,1.0,4
42,Kids,10,4,2,6,1.0,4
42,Kids,10,4,2,7,1.0,4
42,Kids,10,4,2,8,1.0,4
42,Kids,10,4,2,9,1.0,4
43,Kids,1,2,1,1,1.0,2
43,Kids,1,2,1,2,0.0,2
43,Kids,1,2,1,3,1.0,2
43,Kids,1,2,1,4,1.0,2
43,Kids,1,2,1,5,1.0,2
43,Kids,1,2,1,6,1.0,2
43,Kids,1,2,1,7,1.0,2
43,Kids,1,2,1,8,1.0,2
43,Kids,1,2,1,9,1.0,2
43,Kids,2,3,1,1,0.0,3
43,Kids,2,3,1,2,0.3333333333333333,3
43,Kids,2,3,1,3,0.6666666666666666,3
43,Kids,2,3,1,4,0.6666666666666666,3
43,Kids,2,3,1,5,0.6666666666666666,3
43,Kids,2,3,1,6,1.0,3
43,Kids,2,3,1,7,1.0,3
43,Kids,2,3,1,8,1.0,3
43,Kids,2,3,1,9,1.0,3
43,Kids,3,5,1,1,0.2,5
43,Kids,3,5,1,2,0.8,5
43,Kids,3,5,1,3,0.6,5
43,Kids,3,5,1,4,0.8,5
43,Kids,3,5,1,5,0.8,5
43,Kids,3,5,1,6,1.0,5
43,Kids,3,5,1,7,1.0,5
43,Kids,3,5,1,8,0.8,5
43,Kids,3,5,1,9,1.0,5
43,Kids,4,4,1,1,0.25,4
43,Kids,4,4,1,2,0.5,4
43,Kids,4,4,1,3,0.5,4
43,Kids,4,4,1,4,1.0,4
43,Kids,4,4,1,5,0.75,4
43,Kids,4,4,1,6,1.0,4
43,Kids,4,4,1,7,0.75,4
43,Kids,4,4,1,8,1.0,4
43,Kids,4,4,1,9,0.5,4
43,Kids,5,3,2,1,0.0,3
43,Kids,5,3,2,2,0.3333333333333333,3
43,Kids,5,3,2,3,0.3333333333333333,3
43,Kids,5,3,2,4,0.3333333333333333,3
43,Kids,5,3,2,5,0.3333333333333333,3
43,Kids,5,3,2,6,0.0,2
43,Kids,5,3,2,7,0.6666666666666666,3
43,Kids,5,3,2,8,1.0,3
43,Kids,5,3,2,9,0.6666666666666666,3
43,Kids,6,5,2,1,0.6,5
43,Kids,6,5,2,2,0.4,5
43,Kids,6,5,2,3,0.4,5
43,Kids,6,5,2,4,0.8,5
43,Kids,6,5,2,5,0.8,5
43,Kids,6,5,2,6,0.6,5
43,Kids,6,5,2,7,0.6,5
43,Kids,6,5,2,8,0.8,5
43,Kids,6,5,2,9,1.0,5
43,Kids,7,2,2,1,0.0,2
43,Kids,7,2,2,2,0.5,2
43,Kids,7,2,2,3,1.0,2
43,Kids,7,2,2,4,1.0,2
43,Kids,7,2,2,5,1.0,2
43,Kids,7,2,2,6,1.0,2
43,Kids,7,2,2,7,0.5,2
43,Kids,7,2,2,8,1.0,2
43,Kids,7,2,2,9,1.0,2
43,Kids,8,3,3,1,0.6666666666666666,3
43,Kids,8,3,3,2,1.0,3
43,Kids,8,3,3,3,1.0,3
43,Kids,8,3,3,4,1.0,3
43,Kids,8,3,3,5,1.0,3
43,Kids,8,3,3,6,1.0,3
43,Kids,8,3,3,7,1.0,3
43,Kids,8,3,3,8,1.0,3
43,Kids,8,3,3,9,1.0,3
43,Kids,9,5,3,1,0.6,5
43,Kids,9,5,3,2,0.4,5
43,Kids,9,5,3,3,1.0,5
43,Kids,9,5,3,4,1.0,5
43,Kids,9,5,3,5,1.0,5
43,Kids,9,5,3,6,1.0,5
43,Kids,9,5,3,7,1.0,5
43,Kids,9,5,3,8,1.0,5
43,Kids,9,5,3,9,1.0,5
43,Kids,10,4,2,1,0.0,4
43,Kids,10,4,2,2,0.0,4
43,Kids,10,4,2,3,0.75,4
43,Kids,10,4,2,4,0.5,4
43,Kids,10,4,2,5,0.75,4
43,Kids,10,4,2,6,0.25,4
43,Kids,10,4,2,7,0.75,4
43,Kids,10,4,2,8,1.0,4
43,Kids,10,4,2,9,1.0,4
44,Teens,1,2,1,1,0.0,2
44,Teens,1,2,1,2,0.0,2
44,Teens,1,2,1,3,1.0,2
44,Teens,1,2,1,4,1.0,2
44,Teens,1,2,1,5,0.5,2
44,Teens,1,2,1,6,1.0,2
44,Teens,1,2,1,7,0.5,2
44,Teens,1,2,1,8,1.0,2
44,Teens,1,2,1,9,0.5,2
44,Teens,2,3,1,1,0.0,3
44,Teens,2,3,1,2,0.6666666666666666,3
44,Teens,2,3,1,3,0.6666666666666666,3
44,Teens,2,3,1,4,1.0,3
44,Teens,2,3,1,5,1.0,3
44,Teens,2,3,1,6,1.0,3
44,Teens,2,3,1,7,1.0,3
44,Teens,2,3,1,8,1.0,3
44,Teens,2,3,1,9,1.0,3
44,Teens,3,5,1,1,0.4,5
44,Teens,3,5,1,2,1.0,5
44,Teens,3,5,1,3,1.0,5
44,Teens,3,5,1,4,0.6,5
44,Teens,3,5,1,5,0.8,5
44,Teens,3,5,1,6,0.8,5
44,Teens,3,5,1,7,0.8,5
44,Teens,3,5,1,8,1.0,5
44,Teens,3,5,1,9,1.0,5
44,Teens,4,4,1,1,0.5,4
44,Teens,4,4,1,2,0.5,4
44,Teens,4,4,1,3,0.25,4
44,Teens,4,4,1,4,0.75,4
44,Teens,4,4,1,5,0.75,4
44,Teens,4,4,1,6,1.0,4
44,Teens,4,4,1,7,1.0,4
44,Teens,4,4,1,8,1.0,4
44,Teens,4,4,1,9,1.0,4
44,Teens,5,3,2,1,0.3333333333333333,3
44,Teens,5,3,2,2,0.3333333333333333,3
44,Teens,5,3,2,3,1.0,3
44,Teens,5,3,2,4,1.0,3
44,Teens,5,3,2,5,1.0,3
44,Teens,5,3,2,6,1.0,3
44,Teens,5,3,2,7,1.0,3
44,Teens,5,3,2,8,1.0,3
44,Teens,5,3,2,9,1.0,3
44,Teens,6,5,2,1,0.2,5
44,Teens,6,5,2,2,0.2,5
44,Teens,6,5,2,3,0.6,5
44,Teens,6,5,2,4,0.6,5
44,Teens,6,5,2,5,0.6,5
44,Teens,6,5,2,6,1.0,5
44,Teens,6,5,2,7,1.0,5
44,Teens,6,5,2,8,1.0,5
44,Teens,6,5,2,9,0.8,5
44,Teens,7,2,2,1,0.5,2
44,Teens,7,2,2,2,1.0,2
44,Teens,7,2,2,3,1.0,2
44,Teens,7,2,2,4,1.0,2
44,Teens,7,2,2,5,1.0,2
44,Teens,7,2,2,6,1.0,2
44,Teens,7,2,2,7,1.0,2
44,Teens,7,2,2,8,1.0,2
44,Teens,7,2,2,9,1.0,2
44,Teens,8,3,3,1,0.3333333333333333,3
44,Teens,8,3,3,2,0.3333333333333333,3
44,Teens,8,3,3,3,0.6666666666666666,3
44,Teens,8,3,3,4,1.0,3
44,Teens,8,3,3,5,0.6666666666666666,3
44,Teens,8,3,3,6,1.0,3
44,Teens,8,3,3,7,1.0,3
44,Teens,8,3,3,8,1.0,3
44,Teens,8,3,3,9,1.0,3
44,Teens,9,5,3,1,0.4,5
44,Teens,9,5,3,2,0.6,5
44,Teens,9,5,3,3,0.4,5
44,Teens,9,5,3,4,0.4,5
44,Teens,9,5,3,5,0.6,5
44,Teens,9,5,3,6,0.8,5
44,Teens,9,5,3,7,0.8,5
44,Teens,9,5,3,8,0.8,5
44,Teens,9,5,3,9,1.0,5
44,Teens,10,4,2,1,0.5,4
44,Teens,10,4,2,2,0.5,4
44,Teens,10,4,2,3,1.0,4
44,Teens,10,4,2,4,1.0,4
44,Teens,10,4,2,5,1.0,4
44,Teens,10,4,2,6,0.75,4
44,Teens,10,4,2,7,1.0,4
44,Teens,10,4,2,8,1.0,4
44,Teens,10,4,2,9,1.0,4
45,Kids,1,2,1,1,0.0,2
45,Kids,1,2,1,2,0.5,2
45,Kids,1,2,1,3,1.0,2
45,Kids,1,2,1,4,0.5,2
45,Kids,1,2,1,5,1.0,2
45,Kids,1,2,1,6,1.0,2
45,Kids,1,2,1,7,1.0,2
45,Kids,1,2,1,8,1.0,2
45,Kids,1,2,1,9,0.5,2
45,Kids,2,3,1,1,0.3333333333333333,3
45,Kids,2,3,1,2,0.6666666666666666,3
45,Kids,2,3,1,3,0.3333333333333333,3
45,Kids,2,3,1,4,1.0,3
45,Kids,2,3,1,5,1.0,3
45,Kids,2,3,1,6,1.0,3
45,Kids,2,3,1,7,0.3333333333333333,3
45,Kids,2,3,1,8,0.6666666666666666,3
45,Kids,2,3,1,9,0.6666666666666666,3
45,Kids,3,4,1,1,0.25,4
45,Kids,3,4,1,2,0.0,4
45,Kids,3,4,1,3,0.0,4
45,Kids,3,4,1,4,0.0,4
45,Kids,3,4,1,5,0.5,4
45,Kids,3,4,1,6,0.25,4
45,Kids,3,4,1,7,0.5,4
45,Kids,3,4,1,8,0.25,4
45,Kids,3,4,1,9,0.5,4
45,Kids,4,5,1,1,0.6,5
45,Kids,4,5,1,2,0.8,5
45,Kids,4,5,1,3,0.8,5
45,Kids,4,5,1,4,1.0,5
45,Kids,4,5,1,5,0.8,5
45,Kids,4,5,1,6,1.0,5
45,Kids,4,5,1,7,0.8,5
45,Kids,4,5,1,8,1.0,5
45,Kids,4,5,1,9,0.8,5
45,Kids,5,3,2,1,0.3333333333333333,3
45,Kids,5,3,2,2,0.3333333333333333,3
45,Kids,5,3,2,3,1.0,3
45,Kids,5,3,2,4,1.0,3
45,Kids,5,3,2,5,1.0,3
45,Kids,5,3,2,6,1.0,3
45,Kids,5,3,2,7,0.3333333333333333,3
45,Kids,5,3,2,8,0.3333333333333333,3
45,Kids,5,3,2,9,0.6666666666666666,3
45,Kids,6,5,2,1,0.4,5
45,Kids,6,5,2,2,0.6,5
45,Kids,6,5,2,3,0.8,5
45,Kids,6,5,2,4,1.0,5
45,Kids,6,5,2,5,1.0,5
45,Kids,6,5,2,6,1.0,5
45,Kids,6,5,2,7,0.8,5
45,Kids,6,5,2,8,0.6,5
45,Kids,6,5,2,9,0.5,4
45,Kids,7,2,2,1,0.5,2
45,Kids,7,2,2,2,0.0,2
45,Kids,7,2,2,3,1.0,2
45,Kids,7,2,2,4,0.5,2
45,Kids,7,2,2,5,1.0,2
45,Kids,7,2,2,6,0.5,2
45,Kids,7,2,2,7,0.5,2
45,Kids,7,2,2,8,1.0,2
45,Kids,7,2,2,9,0.5,2
45,Kids,8,3,3,1,0.3333333333333333,3
45,Kids,8,3,3,2,0.3333333333333333,3
45,Kids,8,3,3,3,1.0,3
45,Kids,8,3,3,4,0.6666666666666666,3
45,Kids,8,3,3,5,1.0,3
45,Kids,8,3,3,6,1.0,3
45,Kids,8,3,3,7,1.0,3
45,Kids,8,3,3,8,1.0,3
45,Kids,8,3,3,9,0.6666666666666666,3
45,Kids,9,4,2,1,0.25,4
45,Kids,9,4,2,2,0.75,4
45,Kids,9,4,2,3,0.5,4
45,Kids,9,4,2,4,0.5,4
45,Kids,9,4,2,5,0.5,4
45,Kids,9,4,2,6,0.5,4
45,Kids,9,4,2,7,0.75,4
45,Kids,9,4,2,8,0.5,4
45,Kids,9,4,2,9,1.0,4
45,Kids,10,5,3,1,0.2,5
45,Kids,10,5,3,2,0.6,5
45,Kids,10,5,3,3,1.0,5
45,Kids,10,5,3,4,0.8,5
45,Kids,10,5,3,5,0.8,5
45,Kids,10,5,3,6,1.0,5
45,Kids,10,5,3,7,0.5,4
45,Kids,10,5,3,8,0.8,5
45,Kids,10,5,3,9,1.0,5
46,Teens,1,2,1,1,0.0,2
46,Teens,1,2,1,2,0.0,2
46,Teens,1,2,1,3,1.0,2
46,Teens,1,2,1,4,1.0,2
46,Teens,1,2,1,5,1.0,2
46,Teens,1,2,1,6,1.0,2
46,Teens,1,2,1,7,1.0,2
46,Teens,1,2,1,8,1.0,2
46,Teens,1,2,1,9,1.0,2
46,Teens,2,3,1,1,0.3333333333333333,3
46,Teens,2,3,1,2,0.3333333333333333,3
46,Teens,2,3,1,3,0.6666666666666666,3
46,Teens,2,3,1,4,0.6666666666666666,3
46,Teens,2,3,1,5,1.0,3
46,Teens,2,3,1,6,1.0,3
46,Teens,2,3,1,7,1.0,3
46,Teens,2,3,1,8,0.3333333333333333,3
46,Teens,2,3,1,9,1.0,3
46,Teens,3,4,1,1,0.25,4
46,Teens,3,4,1,2,0.25,4
46,Teens,3,4,1,3,0.5,4
46,Teens,3,4,1,4,1.0,4
46,Teens,3,4,1,5,1.0,4
46,Teens,3,4,1,6,0.75,4
46,Teens,3,4,1,7,1.0,4
46,Teens,3,4,1,8,1.0,4
46,Teens,3,4,1,9,1.0,4
46,Teens,4,5,1,1,0.4,5
46,Teens,4,5,1,2,0.4,5
46,Teens,4,5,1,3,1.0,5
46,Teens,4,5,1,4,0.8,5
46,Teens,4,5,1,5,0.6,5
46,Teens,4,5,1,6,0.6,5
46,Teens,4,5,1,7,0.8,5
46,Teens,4,5,1,8,0.6,5
46,Teens,4,5,1,9,0.6,5
46,Teens,5,3,2,1,1.0,3
46,Teens,5,3,2,2,1.0,3
46,Teens,5,3,2,3,0.6666666666666666,3
46,Teens,5,3,2,4,1.0,3
46,Teens,5,3,2,5,1.0,3
46,Teens,5,3,2,6,1.0,3
46,Teens,5,3,2,7,1.0,3
46,Teens,5,3,2,8,1.0,3
46,Teens,5,3,2,9,1.0,3
46,Teens,6,5,2,1,0.6,5
46,Teens,6,5,2,2,0.4,5
46,Teens,6,5,2,3,0.8,5
46,Teens,6,5,2,4,0.8,5
46,Teens,6,5,2,5,0.6,5
46,Teens,6,5,2,6,0.8,5
46,Teens,6,5,2,7,0.8,5
46,Teens,6,5,2,8,1.0,5
46,Teens,6,5,2,9,0.8,5
46,Teens,7,2,2,1,1.0,2
46,Teens,7,2,2,2,1.0,2
46,Teens,7,2,2,3,1.0,2
46,Teens,7,2,2,4,1.0,2
46,Teens,7,2,2,5,1.0,2
46,Teens,7,2,2,6,1.0,2
46,Teens,7,2,2,7,1.0,2
46,Teens,7,2,2,8,0.5,2
46,Teens,7,2,2,9,1.0,2
46,Teens,8,3,3,1,0.0,3
46,Teens,8,3,3,2,0.0,3
46,Teens,8,3,3,3,1.0,3
46,Teens,8,3,3,4,1.0,3
46,Teens,8,3,3,5,0.6666666666666666,3
46,Teens,8,3,3,6,1.0,3
46,Teens,8,3,3,7,0.6666666666666666,3
46,Teens,8,3,3,8,1.0,3
46,Teens,8,3,3,9,1.0,3
46,Teens,9,4,2,1,0.25,4
46,Teens,9,4,2,2,0.75,4
46,Teens,9,4,2,3,0.5,4
46,Teens,9,4,2,4,1.0,4
46,Teens,9,4,2,5,0.75,4
46,Teens,9,4,2,6,1.0,4
46,Teens,9,4,2,7,1.0,4
46,Teens,9,4,2,8,1.0,4
46,Teens,9,4,2,9,0.5,4
46,Teens,10,5,3,1,0.6,5
46,Teens,10,5,3,2,0.8,5
46,Teens,10,5,3,3,1.0,5
46,Teens,10,5,3,4,0.2,5
46,Teens,10,5,3,5,0.6,5
46,Teens,10,5,3,6,0.4,5
46,Teens,10,5,3,7,1.0,5
46,Teens,10,5,3,8,0.6,5
46,Teens,10,5,3,9,0.4,5
48,Kids,1,2,1,1,0.5,2
48,Kids,1,2,1,2,1.0,2
48,Kids,1,2,1,3,0.5,2
48,Kids,1,2,1,4,1.0,2
48,Kids,1,2,1,5,1.0,2
48,Kids,1,2,1,6,0.5,2
48,Kids,1,2,1,7,1.0,2
48,Kids,1,2,1,8,1.0,2
48,Kids,1,2,1,9,1.0,2
48,Kids,2,4,1,1,0.5,4
48,Kids,2,4,1,2,0.5,4
48,Kids,2,4,1,3,1.0,4
48,Kids,2,4,1,4,0.75,4
48,Kids,2,4,1,5,1.0,4
48,Kids,2,4,1,6,0.75,4
48,Kids,2,4,1,7,1.0,4
48,Kids,2,4,1,8,1.0,4
48,Kids,2,4,1,9,1.0,4
48,Kids,3,3,1,1,0.0,3
48,Kids,3,3,1,2,0.3333333333333333,3
48,Kids,3,3,1,3,0.3333333333333333,3
48,Kids,3,3,1,4,0.0,3
48,Kids,3,3,1,5,0.3333333333333333,3
48,Kids,3,3,1,6,0.0,3
48,Kids,3,3,1,7,0.6666666666666666,3
48,Kids,3,3,1,8,1.0,3
48,Kids,3,3,1,9,1.0,3
48,Kids,4,5,1,1,0.6,5
48,Kids,4,5,1,2,0.6,5
48,Kids,4,5,1,3,0.8,5
48,Kids,4,5,1,4,1.0,5
48,Kids,4,5,1,5,1.0,5
48,Kids,4,5,1,6,0.8,5
48,Kids,4,5,1,7,1.0,5
48,Kids,4,5,1,8,0.8,5
48,Kids,4,5,1,9,1.0,5
48,Kids,5,3,2,1,0.3333333333333333,3
48,Kids,5,3,2,2,0.6666666666666666,3
48,Kids,5,3,2,3,1.0,3
48,Kids,5,3,2,4,0.6666666666666666,3
48,Kids,5,3,2,5,1.0,3
48,Kids,5,3,2,6,1.0,3
48,Kids,5,3,2,7,0.6666666666666666,3
48,Kids,5,3,2,8,1.0,3
48,Kids,5,3,2,9,1.0,3
48,Kids,6,5,2,1,0.6,5
48,Kids,6,5,2,2,0.2,5
48,Kids,6,5,2,3,1.0,5
48,Kids,6,5,2,4,0.8,5
48,Kids,6,5,2,5,0.6,5
48,Kids,6,5,2,6,0.6,5
48,Kids,6,5,2,7,1.0,5
48,Kids,6,5,2,8,1.0,5
48,Kids,6,5,2,9,0.8,5
48,Kids,7,2,2,1,0.5,2
48,Kids,7,2,2,2,1.0,2
48,Kids,7,2,2,3,1.0,2
48,Kids,7,2,2,4,1.0,2
48,Kids,7,2,2,5,1.0,2
48,Kids,7,2,2,6,1.0,2
48,Kids,7,2,2,7,0.5,2
48,Kids,7,2,2,8,1.0,2
48,Kids,7,2,2,9,1.0,2
48,Kids,8,4,2,1,0.25,4
48,Kids,8,4,2,2,0.5,4
48,Kids,8,4,2,3,1.0,4
48,Kids,8,4,2,4,1.0,4
48,Kids,8,4,2,5,0.75,4
48,Kids,8,4,2,6,1.0,4
48,Kids,8,4,2,7,0.75,4
48,Kids,8,4,2,8,1.0,4
48,Kids,8,4,2,9,1.0,4
48,Kids,9,3,3,1,0.3333333333333333,3
48,Kids,9,3,3,2,1.0,3
48,Kids,9,3,3,3,1.0,3
48,Kids,9,3,3,4,1.0,3
48,Kids,9,3,3,5,1.0,3
48,Kids,9,3,3,6,1.0,3
48,Kids,9,3,3,7,1.0,3
48,Kids,9,3,3,8,1.0,3
48,Kids,9,3,3,9,1.0,3
48,Kids,10,5,3,1,0.2,5
48,Kids,10,5,3,2,0.6,5
48,Kids,10,5,3,3,0.6,5
48,Kids,10,5,3,4,1.0,5
48,Kids,10,5,3,5,1.0,5
48,Kids,10,5,3,6,0.8,5
48,Kids,10,5,3,7,0.8,5
48,Kids,10,5,3,8,1.0,5
48,Kids,10,5,3,9,1.0,5
49,Kids,1,2,1,1,1.0,2
49,Kids,1,2,1,2,1.0,2
49,Kids,1,2,1,3,1.0,2
49,Kids,1,2,1,4,1.0,2
49,Kids,1,2,1,5,1.0,2
49,Kids,1,2,1,6,0.5,2
49,Kids,1,2,1,7,1.0,2
49,Kids,1,2,1,8,1.0,2
49,Kids,1,2,1,9,1.0,2
49,Kids,2,3,1,1,0.0,3
49,Kids,2,3,1,2,0.6666666666666666,3
49,Kids,2,3,1,3,0.6666666666666666,3
49,Kids,2,3,1,4,1.0,3
49,Kids,2,3,1,5,1.0,3
49,Kids,2,3,1,6,1.0,3
49,Kids,2,3,1,7,1.0,3
49,Kids,2,3,1,8,1.0,3
49,Kids,2,3,1,9,1.0,3
49,Kids,3,4,1,1,0.5,4
49,Kids,3,4,1,2,0.75,4
49,Kids,3,4,1,3,0.5,4
49,Kids,3,4,1,4,0.75,4
49,Kids,3,4,1,5,1.0,4
49,Kids,3,4,1,6,0.5,4
49,Kids,3,4,1,7,1.0,4
49,Kids,3,4,1,8,0.75,4
49,Kids,3,4,1,9,1.0,4
49,Kids,4,5,1,1,0.4,5
49,Kids,4,5,1,2,0.8,5
49,Kids,4,5,1,3,1.0,5
49,Kids,4,5,1,4,1.0,5
49,Kids,4,5,1,5,1.0,5
49,Kids,4,5,1,6,1.0,5
49,Kids,4,5,1,7,1.0,5
49,Kids,4,5,1,8,1.0,5
49,Kids,4,5,1,9,0.8,5
49,Kids,5,3,2,1,0.3333333333333333,3
49,Kids,5,3,2,2,1.0,3
49,Kids,5,3,2,3,0.6666666666666666,3
49,Kids,5,3,2,4,1.0,3
49,Kids,5,3,2,5,1.0,3
49,Kids,5,3,2,6,1.0,3
49,Kids,5,3,2,7,1.0,3
49,Kids,5,3,2,8,1.0,3
49,Kids,5,3,2,9,1.0,3
49,Kids,6,5,2,1,0.2,5
49,Kids,6,5,2,2,0.6,5
49,Kids,6,5,2,3,1.0,5
49,Kids,6,5,2,4,0.8,5
49,Kids,6,5,2,5,1.0,5
49,Kids,6,5,2,6,0.8,5
49,Kids,6,5,2,7,1.0,5
49,Kids,6,5,2,8,1.0,5
49,Kids,6,5,2,9,1.0,5
49,Kids,7,2,2,1,0.5,2
49,Kids,7,2,2,2,1.0,2
49,Kids,7,2,2,3,1.0,2
49,Kids,7,2,2,4,0.5,2
49,Kids,7,2,2,5,1.0,2
49,Kids,7,2,2,6,1.0,2
49,Kids,7,2,2,7,1.0,2
49,Kids,7,2,2,8,1.0,2
49,Kids,7,2,2,9,1.0,2
49,Kids,8,3,3,1,0.3333333333333333,3
49,Kids,8,3,3,2,0.6666666666666666,3
49,Kids,8,3,3,3,0.6666666666666666,3
49,Kids,8,3,3,4,0.6666666666666666,3
49,Kids,8,3,3,5,0.6666666666666666,3
49,Kids,8,3,3,6,1.0,3
49,Kids,8,3,3,7,1.0,3
49,Kids,8,3,3,8,1.0,3
49,Kids,8,3,3,9,1.0,3
49,Kids,9,4,2,1,0.5,4
49,Kids,9,4,2,2,0.5,4
49,Kids,9,4,2,3,1.0,4
49,Kids,9,4,2,4,0.75,4
49,Kids,9,4,2,5,1.0,4
49,Kids,9,4,2,6,1.0,4
49,Kids,9,4,2,7,1.0,4
49,Kids,9,4,2,8,1.0,4
49,Kids,9,4,2,9,1.0,4
49,Kids,10,5,3,1,0.2,5
49,Kids,10,5,3,2,0.8,5
49,Kids,10,5,3,3,1.0,5
49,Kids,10,5,3,4,0.8,5
49,Kids,10,5,3,5,1.0,5
49,Kids,10,5,3,6,0.8,5
49,Kids,10,5,3,7,1.0,5
49,Kids,10,5,3,8,1.0,5
49,Kids,10,5,3,9,1.0,5
50,Kids,1,2,1,1,0.0,2
50,Kids,1,2,1,2,0.0,2
50,Kids,1,2,1,3,1.0,2
50,Kids,1,2,1,4,0.5,2
50,Kids,1,2,1,5,1.0,2
50,Kids,1,2,1,6,0.5,2
50,Kids,1,2,1,7,0.5,2
50,Kids,1,2,1,8,0.5,2
50,Kids,1,2,1,9,1.0,2
50,Kids,2,3,1,1,0.6666666666666666,3
50,Kids,2,3,1,2,0.6666666666666666,3
50,Kids,2,3,1,3,0.6666666666666666,3
50,Kids,2,3,1,4,1.0,3
50,Kids,2,3,1,5,1.0,3
50,Kids,2,3,1,6,1.0,3
50,Kids,2,3,1,7,1.0,3
50,Kids,2,3,1,8,1.0,3
50,Kids,2,3,1,9,1.0,3
50,Kids,3,4,1,1,0.25,4
50,Kids,3,4,1,2,0.5,4
50,Kids,3,4,1,3,1.0,4
50,Kids,3,4,1,4,0.5,4
50,Kids,3,4,1,5,1.0,4
50,Kids,3,4,1,6,0.75,4
50,Kids,3,4,1,7,0.75,4
50,Kids,3,4,1,8,1.0,4
50,Kids,3,4,1,9,1.0,4
50,Kids,4,5,1,1,0.2,5
50,Kids,4,5,1,2,0.8,5
50,Kids,4,5,1,3,1.0,5
50,Kids,4,5,1,4,1.0,5
50,Kids,4,5,1,5,1.0,5
50,Kids,4,5,1,6,1.0,5
50,Kids,4,5,1,7,1.0,5
50,Kids,4,5,1,8,1.0,5
50,Kids,4,5,1,9,1.0,5
50,Kids,5,3,2,1,0.0,3
50,Kids,5,3,2,2,0.6666666666666666,3
50,Kids,5,3,2,3,1.0,3
50,Kids,5,3,2,4,0.6666666666666666,3
50,Kids,5,3,2,5,1.0,3
50,Kids,5,3,2,6,0.6666666666666666,3
50,Kids,5,3,2,7,1.0,3
50,Kids,5,3,2,8,1.0,3
50,Kids,5,3,2,9,1.0,3
50,Kids,6,5,2,1,0.4,5
50,Kids,6,5,2,2,0.6,5
50,Kids,6,5,2,3,0.8,5
50,Kids,6,5,2,4,0.8,5
50,Kids,6,5,2,5,0.8,5
50,Kids,6,5,2,6,1.0,5
50,Kids,6,5,2,7,0.8,5
50,Kids,6,5,2,8,1.0,5
50,Kids,6,5,2,9,0.8,5
50,Kids,7,2,2,1,0.5,2
50,Kids,7,2,2,2,0.5,2
50,Kids,7,2,2,3,1.0,2
50,Kids,7,2,2,4,1.0,2
50,Kids,7,2,2,5,1.0,2
50,Kids,7,2,2,6,1.0,2
50,Kids,7,2,2,7,1.0,2
50,Kids,7,2,2,8,1.0,2
50,Kids,7,2,2,9,1.0,2
50,Kids,8,3,3,1,0.3333333333333333,3
50,Kids,8,3,3,2,1.0,3
50,Kids,8,3,3,3,1.0,3
50,Kids,8,3,3,4,1.0,3
50,Kids,8,3,3,5,1.0,3
50,Kids,8,3,3,6,0.6666666666666666,3
50,Kids,8,3,3,7,1.0,3
50,Kids,8,3,3,8,1.0,3
50,Kids,8,3,3,9,1.0,3
50,Kids,9,4,2,1,0.25,4
50,Kids,9,4,2,2,0.5,4
50,Kids,9,4,2,3,0.25,4
50,Kids,9,4,2,4,0.5,4
50,Kids,9,4,2,5,0.75,4
50,Kids,9,4,2,6,0.75,4
50,Kids,9,4,2,7,1.0,4
50,Kids,9,4,2,8,1.0,4
50,Kids,9,4,2,9,0.5,4
50,Kids,10,5,3,1,0.6,5
50,Kids,10,5,3,2,0.8,5
50,Kids,10,5,3,3,1.0,5
50,Kids,10,5,3,4,0.8,5
50,Kids,10,5,3,5,0.8,5
50,Kids,10,5,3,6,1.0,5
50,Kids,10,5,3,7,1.0,5
50,Kids,10,5,3,8,1.0,5
50,Kids,10,5,3,9,0.6,5
51,Teens,1,2,1,1,0.5,2
51,Teens,1,2,1,2,1.0,2
51,Teens,1,2,1,3,1.0,2
51,Teens,1,2,1,4,1.0,2
51,Teens,1,2,1,5,1.0,2
51,Teens,1,2,1,6,0.5,2
51,Teens,1,2,1,7,1.0,2
51,Teens,1,2,1,8,1.0,2
51,Teens,1,2,1,9,1.0,2
51,Teens,2,3,1,1,0.3333333333333333,3
51,Teens,2,3,1,2,0.6666666666666666,3
51,Teens,2,3,1,3,0.6666666666666666,3
51,Teens,2,3,1,4,1.0,3
51,Teens,2,3,1,5,0.6666666666666666,3
51,Teens,2,3,1,6,1.0,3
51,Teens,2,3,1,7,1.0,3
51,Teens,2,3,1,8,1.0,3
51,Teens,2,3,1,9,1.0,3
51,Teens,3,4,1,1,0.75,4
51,Teens,3,4,1,2,0.75,4
51,Teens,3,4,1,3,1.0,4
51,Teens,3,4,1,4,1.0,4
51,Teens,3,4,1,5,1.0,4
51,Teens,3,4,1,6,1.0,4
51,Teens,3,4,1,7,1.0,4
51,Teens,3,4,1,8,1.0,4
51,Teens,3,4,1,9,1.0,4
51,Teens,4,5,1,1,0.2,5
51,Teens,4,5,1,2,0.8,5
51,Teens,4,5,1,3,0.6,5
51,Teens,4,5,1,4,1.0,5
51,Teens,4,5,1,5,1.0,5
51,Teens,4,5,1,6,1.0,5
51,Teens,4,5,1,7,1.0,5
51,Teens,4,5,1,8,1.0,5
51,Teens,4,5,1,9,1.0,5
51,Teens,5,3,2,1,0.3333333333333333,3
51,Teens,5,3,2,2,1.0,3
51,Teens,5,3,2,3,1.0,3
51,Teens,5,3,2,4,0.6666666666666666,3
51,Teens,5,3,2,5,1.0,3
51,Teens,5,3,2,6,1.0,3
51,Teens,5,3,2,7,1.0,3
51,Teens,5,3,2,8,1.0,3
51,Teens,5,3,2,9,1.0,3
51,Teens,6,5,2,1,0.4,5
51,Teens,6,5,2,2,0.8,5
51,Teens,6,5,2,3,1.0,5
51,Teens,6,5,2,4,1.0,5
51,Teens,6,5,2,5,1.0,5
51,Teens,6,5,2,6,1.0,5
51,Teens,6,5,2,7,1.0,5
51,Teens,6,5,2,8,1.0,5
51,Teens,6,5,2,9,1.0,5
51,Teens,7,2,2,1,0.0,2
51,Teens,7,2,2,2,0.5,2
51,Teens,7,2,2,3,1.0,2
51,Teens,7,2,2,4,1.0,2
51,Teens,7,2,2,5,1.0,2
51,Teens,7,2,2,6,1.0,2
51,Teens,7,2,2,7,1.0,2
51,Teens,7,2,2,8,1.0,2
51,Teens,7,2,2,9,1.0,2
51,Teens,8,3,3,1,0.3333333333333333,3
51,Teens,8,3,3,2,0.3333333333333333,3
51,Teens,8,3,3,3,0.3333333333333333,3
51,Teens,8,3,3,4,0.6666666666666666,3
51,Teens,8,3,3,5,0.3333333333333333,3
51,Teens,8,3,3,6,0.3333333333333333,3
51,Teens,8,3,3,7,1.0,3
51,Teens,8,3,3,8,1.0,3
51,Teens,8,3,3,9,1.0,3
51,Teens,9,4,2,1,0.5,4
51,Teens,9,4,2,2,0.75,4
51,Teens,9,4,2,3,1.0,4
51,Teens,9,4,2,4,0.75,4
51,Teens,9,4,2,5,1.0,4
51,Teens,9,4,2,6,1.0,4
51,Teens,9,4,2,7,0.75,4
51,Teens,9,4,2,8,1.0,4
51,Teens,9,4,2,9,1.0,4
51,Teens,10,5,3,1,0.2,5
51,Teens,10,5,3,2,0.6,5
51,Teens,10,5,3,3,1.0,5
51,Teens,10,5,3,4,1.0,5
51,Teens,10,5,3,5,1.0,5
51,Teens,10,5,3,6,1.0,5
51,Teens,10,5,3,7,1.0,5
51,Teens,10,5,3,8,1.0,5
51,Teens,10,5,3,9,1.0,5
52,Kids,1,2,1,1,0.0,2
52,Kids,1,2,1,2,0.0,2
52,Kids,1,2,1,3,0.5,2
52,Kids,1,2,1,4,0.5,2
52,Kids,1,2,1,5,0.5,2
52,Kids,1,2,1,6,1.0,2
52,Kids,1,2,1,7,0.0,2
52,Kids,1,2,1,8,1.0,2
52,Kids,1,2,1,9,0.5,2
52,Kids,2,3,1,1,0.3333333333333333,3
52,Kids,2,3,1,2,0.3333333333333333,3
52,Kids,2,3,1,3,0.6666666666666666,3
52,Kids,2,3,1,4,0.0,2
52,Kids,2,3,1,5,0.3333333333333333,3
52,Kids,2,3,1,6,0.6666666666666666,3
52,Kids,2,3,1,7,0.6666666666666666,3
52,Kids,2,3,1,8,0.6666666666666666,3
52,Kids,2,3,1,9,0.6666666666666666,3
52,Kids,3,5,1,1,0.4,5
52,Kids,3,5,1,2,0.4,5
52,Kids,3,5,1,3,0.8,5
52,Kids,3,5,1,4,0.2,5
52,Kids,3,5,1,5,0.6,5
52,Kids,3,5,1,6,0.6,5
52,Kids,3,5,1,7,0.6,5
52,Kids,3,5,1,8,0.6,5
52,Kids,3,5,1,9,0.8,5
52,Kids,4,4,1,1,0.5,4
52,Kids,4,4,1,2,1.0,4
52,Kids,4,4,1,3,0.75,4
52,Kids,4,4,1,4,0.75,4
52,Kids,4,4,1,5,0.75,4
52,Kids,4,4,1,6,1.0,4
52,Kids,4,4,1,7,0.6666666666666666,3
52,Kids,4,4,1,8,0.75,4
52,Kids,4,4,1,9,0.75,4
52,Kids,5,3,2,1,0.3333333333333333,3
52,Kids,5,3,2,2,0.3333333333333333,3
52,Kids,5,3,2,3,0.3333333333333333,3
52,Kids,5,3,2,4,1.0,3
52,Kids,5,3,2,5,1.0,3
52,Kids,5,3,2,6,1.0,3
52,Kids,5,3,2,7,1.0,3
52,Kids,5,3,2,8,1.0,3
52,Kids,5,3,2,9,1.0,3
52,Kids,6,5,2,1,0.4,5
52,Kids,6,5,2,2,0.2,5
52,Kids,6,5,2,3,0.2,5
52,Kids,6,5,2,4,0.6,5
52,Kids,6,5,2,5,0.4,5
52,Kids,6,5,2,6,0.6,5
52,Kids,6,5,2,7,0.6,5
52,Kids,6,5,2,8,0.6,5
52,Kids,6,5,2,9,0.6,5
52,Kids,7,2,2,1,0.0,2
52,Kids,7,2,2,2,0.0,2
52,Kids,7,2,2,3,1.0,1
52,Kids,7,2,2,4,1.0,2
52,Kids,7,2,2,5,1.0,2
52,Kids,7,2,2,6,1.0,2
52,Kids,7,2,2,7,0.5,2
52,Kids,7,2,2,8,1.0,2
52,Kids,7,2,2,9,0.5,2
52,Kids,8,3,3,1,0.3333333333333333,3
52,Kids,8,3,3,2,0.3333333333333333,3
52,Kids,8,3,3,3,0.6666666666666666,3
52,Kids,8,3,3,4,0.6666666666666666,3
52,Kids,8,3,3,5,0.6666666666666666,3
52,Kids,8,3,3,6,1.0,3
52,Kids,8,3,3,7,0.6666666666666666,3
52,Kids,8,3,3,8,0.6666666666666666,3
52,Kids,8,3,3,9,1.0,3
52,Kids,9,5,3,1,0.4,5
52,Kids,9,5,3,2,0.4,5
52,Kids,9,5,3,3,0.5,4
52,Kids,9,5,3,4,0.8,5
52,Kids,9,5,3,5,1.0,5
52,Kids,9,5,3,6,0.6,5
52,Kids,9,5,3,7,0.6,5
52,Kids,9,5,3,8,0.8,5
52,Kids,9,5,3,9,0.8,5
52,Kids,10,4,2,1,0.5,4
52,Kids,10,4,2,2,0.5,4
52,Kids,10,4,2,3,0.25,4
52,Kids,10,4,2,4,0.25,4
52,Kids,10,4,2,5,1.0,4
52,Kids,10,4,2,6,0.75,4
52,Kids,10,4,2,7,0.75,4
52,Kids,10,4,2,8,0.75,4
52,Kids,10,4,2,9,1.0,4
55,Teens,1,2,1,1,0.0,2
55,Teens,1,2,1,2,0.5,2
55,Teens,1,2,1,3,1.0,2
55,Teens,1,2,1,4,1.0,2
55,Teens,1,2,1,5,1.0,2
55,Teens,1,2,1,6,0.5,2
55,Teens,1,2,1,7,1.0,2
55,Teens,1,2,1,8,1.0,2
55,Teens,1,2,1,9,1.0,2
55,Teens,2,3,1,1,0.0,3
55,Teens,2,3,1,2,0.3333333333333333,3
55,Teens,2,3,1,3,0.3333333333333333,3
55,Teens,2,3,1,4,0.6666666666666666,3
55,Teens,2,3,1,5,1.0,3
55,Teens,2,3,1,6,0.6666666666666666,3
55,Teens,2,3,1,7,1.0,3
55,Teens,2,3,1,8,1.0,3
55,Teens,2,3,1,9,1.0,3
55,Teens,3,4,1,1,0.25,4
55,Teens,3,4,1,2,0.0,4
55,Teens,3,4,1,3,0.25,4
55,Teens,3,4,1,4,0.75,4
55,Teens,3,4,1,5,0.5,4
55,Teens,3,4,1,6,0.75,4
55,Teens,3,4,1,7,1.0,4
55,Teens,3,4,1,8,0.75,4
55,Teens,3,4,1,9,1.0,4
55,Teens,4,5,1,1,0.4,5
55,Teens,4,5,1,2,0.2,5
55,Teens,4,5,1,3,0.6,5
55,Teens,4,5,1,4,0.6,5
55,Teens,4,5,1,5,0.4,5
55,Teens,4,5,1,6,0.4,5
55,Teens,4,5,1,7,0.8,5
55,Teens,4,5,1,8,0.4,5
55,Teens,4,5,1,9,0.6,5
55,Teens,5,3,2,1,0.3333333333333333,3
55,Teens,5,3,2,2,1.0,3
55,Teens,5,3,2,3,0.6666666666666666,3
55,Teens,5,3,2,4,1.0,3
55,Teens,5,3,2,5,1.0,3
55,Teens,5,3,2,6,1.0,3
55,Teens,5,3,2,7,1.0,3
55,Teens,5,3,2,8,1.0,3
55,Teens,5,3,2,9,1.0,3
55,Teens,6,5,2,1,0.6,5
55,Teens,6,5,2,2,0.2,5
55,Teens,6,5,2,3,0.4,5
55,Teens,6,5,2,4,0.6,5
55,Teens,6,5,2,5,0.6,5
55,Teens,6,5,2,6,0.6,5
55,Teens,6,5,2,7,0.0,5
55,Teens,6,5,2,8,0.6,5
55,Teens,6,5,2,9,0.8,5
55,Teens,7,2,2,1,0.5,2
55,Teens,7,2,2,2,1.0,2
55,Teens,7,2,2,3,1.0,2
55,Teens,7,2,2,4,1.0,2
55,Teens,7,2,2,5,1.0,2
55,Teens,7,2,2,6,1.0,2
55,Teens,7,2,2,7,1.0,2
55,Teens,7,2,2,8,1.0,2
55,Teens,7,2,2,9,1.0,2
55,Teens,8,3,3,1,0.3333333333333333,3
55,Teens,8,3,3,2,1.0,3
55,Teens,8,3,3,3,1.0,3
55,Teens,8,3,3,4,1.0,3
55,Teens,8,3,3,5,0.6666666666666666,3
55,Teens,8,3,3,6,1.0,3
55,Teens,8,3,3,7,1.0,3
55,Teens,8,3,3,8,1.0,3
55,Teens,8,3,3,9,1.0,3
55,Teens,9,4,2,1,0.75,4
55,Teens,9,4,2,2,0.25,4
55,Teens,9,4,2,3,0.5,4
55,Teens,9,4,2,4,0.5,4
55,Teens,9,4,2,5,1.0,4
55,Teens,9,4,2,6,1.0,4
55,Teens,9,4,2,7,0.75,4
55,Teens,9,4,2,8,0.5,4
55,Teens,9,4,2,9,1.0,4
55,Teens,10,5,3,1,0.2,5
55,Teens,10,5,3,2,0.6,5
55,Teens,10,5,3,3,0.2,5
55,Teens,10,5,3,4,0.6,5
55,Teens,10,5,3,5,0.6,5
55,Teens,10,5,3,6,0.8,5
55,Teens,10,5,3,7,0.8,5
55,Teens,10,5,3,8,0.8,5
55,Teens,10,5,3,9,0.4,5
56,Kids,1,2,1,1,0.5,2
56,Kids,1,2,1,2,1.0,2
56,Kids,1,2,1,3,0.5,2
56,Kids,1,2,1,4,1.0,2
56,Kids,1,2,1,5,0.5,2
56,Kids,1,2,1,6,1.0,2
56,Kids,1,2,1,7,1.0,2
56,Kids,1,2,1,8,1.0,2
56,Kids,1,2,1,9,1.0,2
56,Kids,2,3,1,1,0.3333333333333333,3
56,Kids,2,3,1,2,0.3333333333333333,3
56,Kids,2,3,1,3,0.6666666666666666,3
56,Kids,2,3,1,4,1.0,3
56,Kids,2,3,1,5,1.0,3
56,Kids,2,3,1,6,0.6666666666666666,3
56,Kids,2,3,1,7,1.0,3
56,Kids,2,3,1,8,1.0,3
56,Kids,2,3,1,9,1.0,3
56,Kids,3,4,1,1,0.0,4
56,Kids,3,4,1,2,0.5,4
56,Kids,3,4,1,3,0.75,4
56,Kids,3,4,1,4,1.0,4
56,Kids,3,4,1,5,1.0,4
56,Kids,3,4,1,6,1.0,4
56,Kids,3,4,1,7,1.0,4
56,Kids,3,4,1,8,1.0,4
56,Kids,3,4,1,9,1.0,4
56,Kids,4,5,1,1,0.2,5
56,Kids,4,5,1,2,0.4,5
56,Kids,4,5,1,3,0.8,5
56,Kids,4,5,1,4,0.6,5
56,Kids,4,5,1,5,0.4,5
56,Kids,4,5,1,6,0.4,5
56,Kids,4,5,1,7,0.8,5
56,Kids,4,5,1,8,0.8,5
56,Kids,4,5,1,9,0.8,5
56,Kids,5,3,2,1,0.0,3
56,Kids,5,3,2,2,0.6666666666666666,3
56,Kids,5,3,2,3,1.0,3
56,Kids,5,3,2,4,1.0,3
56,Kids,5,3,2,5,1.0,3
56,Kids,5,3,2,6,1.0,3
56,Kids,5,3,2,7,1.0,3
56,Kids,5,3,2,8,1.0,3
56,Kids,5,3,2,9,1.0,3
56,Kids,6,5,2,1,0.0,5
56,Kids,6,5,2,2,0.4,5
56,Kids,6,5,2,3,0.6,5
56,Kids,6,5,2,4,0.6,5
56,Kids,6,5,2,5,1.0,5
56,Kids,6,5,2,6,1.0,5
56,Kids,6,5,2,7,1.0,5
56,Kids,6,5,2,8,1.0,5
56,Kids,6,5,2,9,0.8,5
56,Kids,7,2,2,1,0.0,2
56,Kids,7,2,2,2,0.0,2
56,Kids,7,2,2,3,1.0,2
56,Kids,7,2,2,4,1.0,2
56,Kids,7,2,2,5,1.0,2
56,Kids,7,2,2,6,1.0,2
56,Kids,7,2,2,7,1.0,2
56,Kids,7,2,2,8,1.0,2
56,Kids,7,2,2,9,1.0,2
56,Kids,8,3,3,1,0.6666666666666666,3
56,Kids,8,3,3,2,0.6666666666666666,3
56,Kids,8,3,3,3,1.0,3
56,Kids,8,3,3,4,1.0,3
56,Kids,8,3,3,5,0.6666666666666666,3
56,Kids,8,3,3,6,1.0,3
56,Kids,8,3,3,7,1.0,3
56,Kids,8,3,3,8,1.0,3
56,Kids,8,3,3,9,1.0,3
56,Kids,9,4,2,1,0.0,4
56,Kids,9,4,2,2,0.75,4
56,Kids,9,4,2,3,0.75,4
56,Kids,9,4,2,4,1.0,4
56,Kids,9,4,2,5,1.0,4
56,Kids,9,4,2,6,1.0,4
56,Kids,9,4,2,7,1.0,4
56,Kids,9,4,2,8,1.0,4
56,Kids,9,4,2,9,1.0,4
56,Kids,10,5,3,1,0.6,5
56,Kids,10,5,3,2,0.4,5
56,Kids,10,5,3,3,1.0,5
56,Kids,10,5,3,4,0.8,5
56,Kids,10,5,3,5,0.8,5
56,Kids,10,5,3,6,0.8,5
56,Kids,10,5,3,7,0.8,5
56,Kids,10,5,3,8,0.8,5
56,Kids,10,5,3,9,1.0,5
57,Kids,1,2,1,1,0.5,2
57,Kids,1,2,1,2,1.0,2
57,Kids,1,2,1,3,1.0,2
57,Kids,1,2,1,4,0.5,2
57,Kids,1,2,1,5,1.0,2
57,Kids,1,2,1,6,1.0,2
57,Kids,1,2,1,7,0.5,2
57,Kids,1,2,1,8,0.5,2
57,Kids,1,2,1,9,1.0,2
57,Kids,2,3,1,1,0.0,3
57,Kids,2,3,1,2,0.6666666666666666,3
57,Kids,2,3,1,3,1.0,3
57,Kids,2,3,1,4,1.0,3
57,Kids,2,3,1,5,1.0,3
57,Kids,2,3,1,6,1.0,3
57,Kids,2,3,1,7,1.0,3
57,Kids,2,3,1,8,0.6666666666666666,3
57,Kids,2,3,1,9,0.6666666666666666,3
57,Kids,3,4,1,1,0.25,4
57,Kids,3,4,1,2,0.25,4
57,Kids,3,4,1,3,0.75,4
57,Kids,3,4,1,4,1.0,4
57,Kids,3,4,1,5,0.75,4
57,Kids,3,4,1,6,1.0,4
57,Kids,3,4,1,7,0.75,4
57,Kids,3,4,1,8,1.0,4
57,Kids,3,4,1,9,1.0,4
57,Kids,4,5,1,1,0.2,5
57,Kids,4,5,1,2,0.8,5
57,Kids,4,5,1,3,0.6,5
57,Kids,4,5,1,4,0.6,5
57,Kids,4,5,1,5,1.0,5
57,Kids,4,5,1,6,1.0,5
57,Kids,4,5,1,7,1.0,5
57,Kids,4,5,1,8,0.6,5
57,Kids,4,5,1,9,1.0,5
57,Kids,5,3,2,1,0.0,3
57,Kids,5,3,2,2,0.3333333333333333,3
57,Kids,5,3,2,3,0.6666666666666666,3
57,Kids,5,3,2,4,0.6666666666666666,3
57,Kids,5,3,2,5,0.6666666666666666,3
57,Kids,5,3,2,6,1.0,3
57,Kids,5,3,2,7,0.6666666666666666,3
57,Kids,5,3,2,8,1.0,3
57,Kids,5,3,2,9,1.0,3
57,Kids,6,5,2,1,0.6,5
57,Kids,6,5,2,2,1.0,5
57,Kids,6,5,2,3,0.4,5
57,Kids,6,5,2,4,0.4,5
57,Kids,6,5,2,5,0.6,5
57,Kids,6,5,2,6,0.4,5
57,Kids,6,5,2,7,0.4,5
57,Kids,6,5,2,8,0.4,5
57,Kids,6,5,2,9,1.0,5
57,Kids,7,2,2,1,0.0,2
57,Kids,7,2,2,2,1.0,2
57,Kids,7,2,2,3,1.0,2
57,Kids,7,2,2,4,1.0,2
57,Kids,7,2,2,5,0.0,2
57,Kids,7,2,2,6,1.0,2
57,Kids,7,2,2,7,1.0,2
57,Kids,7,2,2,8,1.0,2
57,Kids,7,2,2,9,1.0,2
57,Kids,8,3,3,1,0.3333333333333333,3
57,Kids,8,3,3,2,1.0,3
57,Kids,8,3,3,3,1.0,3
57,Kids,8,3,3,4,1.0,3
57,Kids,8,3,3,5,0.6666666666666666,3
57,Kids,8,3,3,6,0.6666666666666666,3
57,Kids,8,3,3,7,0.6666666666666666,3
57,Kids,8,3,3,8,0.6666666666666666,3
57,Kids,8,3,3,9,0.6666666666666666,3
57,Kids,9,4,2,1,0.0,4
57,Kids,9,4,2,2,0.75,4
57,Kids,9,4,2,3,0.75,4
57,Kids,9,4,2,4,0.5,4
57,Kids,9,4,2,5,1.0,4
57,Kids,9,4,2,6,0.75,4
57,Kids,9,4,2,7,0.75,4
57,Kids,9,4,2,8,0.75,4
57,Kids,9,4,2,9,0.75,4
57,Kids,10,5,3,1,0.6,5
57,Kids,10,5,3,2,1.0,5
57,Kids,10,5,3,3,1.0,5
57,Kids,10,5,3,4,0.8,5
57,Kids,10,5,3,5,0.8,5
57,Kids,10,5,3,6,1.0,5
57,Kids,10,5,3,7,1.0,5
57,Kids,10,5,3,8,0.8,5
57,Kids,10,5,3,9,1.0,5
58,Teens,1,2,1,1,0.0,2
58,Teens,1,2,1,2,0.5,2
58,Teens,1,2,1,3,1.0,2
58,Teens,1,2,1,4,1.0,2
58,Teens,1,2,1,5,1.0,2
58,Teens,1,2,1,6,1.0,2
58,Teens,1,2,1,7,1.0,2
58,Teens,1,2,1,8,1.0,2
58,Teens,1,2,1,9,1.0,2
58,Teens,2,4,1,1,0.5,4
58,Teens,2,4,1,2,1.0,4
58,Teens,2,4,1,3,0.75,4
58,Teens,2,4,1,4,1.0,4
58,Teens,2,4,1,5,1.0,4
58,Teens,2,4,1,6,1.0,4
58,Teens,2,4,1,7,1.0,4
58,Teens,2,4,1,8,1.0,4
58,Teens,2,4,1,9,1.0,4
58,Teens,3,3,1,1,0.0,3
58,Teens,3,3,1,2,0.3333333333333333,3
58,Teens,3,3,1,3,1.0,3
58,Teens,3,3,1,4,1.0,3
58,Teens,3,3,1,5,1.0,3
58,Teens,3,3,1,6,1.0,3
58,Teens,3,3,1,7,1.0,3
58,Teens,3,3,1,8,1.0,3
58,Teens,3,3,1,9,1.0,3
58,Teens,4,5,1,1,0.2,5
58,Teens,4,5,1,2,0.4,5
58,Teens,4,5,1,3,0.8,5
58,Teens,4,5,1,4,0.6,5
58,Teens,4,5,1,5,0.8,5
58,Teens,4,5,1,6,0.4,5
58,Teens,4,5,1,7,1.0,5
58,Teens,4,5,1,8,1.0,5
58,Teens,4,5,1,9,0.8,5
58,Teens,5,3,2,1,0.6666666666666666,3
58,Teens,5,3,2,2,1.0,3
58,Teens,5,3,2,3,1.0,3
58,Teens,5,3,2,4,1.0,3
58,Teens,5,3,2,5,1.0,3
58,Teens,5,3,2,6,1.0,3
58,Teens,5,3,2,7,1.0,3
58,Teens,5,3,2,8,1.0,3
58,Teens,5,3,2,9,1.0,3
58,Teens,6,5,2,1,0.4,5
58,Teens,6,5,2,2,0.4,5
58,Teens,6,5,2,3,0.4,5
58,Teens,6,5,2,4,0.6,5
58,Teens,6,5,2,5,0.8,5
58,Teens,6,5,2,6,1.0,5
58,Teens,6,5,2,7,0.8,5
58,Teens,6,5,2,8,1.0,5
58,Teens,6,5,2,9,1.0,5
58,Teens,7,2,2,1,0.5,2
58,Teens,7,2,2,2,1.0,2
58,Teens,7,2,2,3,1.0,2
58,Teens,7,2,2,4,1.0,2
58,Teens,7,2,2,5,1.0,2
58,Teens,7,2,2,6,1.0,2
58,Teens,7,2,2,7,1.0,2
58,Teens,7,2,2,8,1.0,2
58,Teens,7,2,2,9,1.0,2
58,Teens,8,4,2,1,0.5,4
58,Teens,8,4,2,2,0.5,4
58,Teens,8,4,2,3,0.5,4
58,Teens,8,4,2,4,1.0,4
58,Teens,8,4,2,5,1.0,4
58,Teens,8,4,2,6,1.0,4
58,Teens,8,4,2,7,1.0,4
58,Teens,8,4,2,8,1.0,4
58,Teens,8,4,2,9,1.0,4
58,Teens,9,3,3,1,0.0,3
58,Teens,9,3,3,2,0.3333333333333333,3
58,Teens,9,3,3,3,0.6666666666666666,3
58,Teens,9,3,3,4,1.0,3
58,Teens,9,3,3,5,1.0,3
58,Teens,9,3,3,6,1.0,3
58,Teens,9,3,3,7,1.0,3
58,Teens,9,3,3,8,1.0,3
58,Teens,9,3,3,9,1.0,3
58,Teens,10,5,3,1,0.2,5
58,Teens,10,5,3,2,0.4,5
58,Teens,10,5,3,3,1.0,5
58,Teens,10,5,3,4,0.8,5
58,Teens,10,5,3,5,1.0,5
58,Teens,10,5,3,6,0.8,5
58,Teens,10,5,3,7,0.8,5
58,Teens,10,5,3,8,1.0,5
58,Teens,10,5,3,9,1.0,5
60,Teens,1,2,1,1,0.5,2
60,Teens,1,2,1,2,0.5,2
60,Teens,1,2,1,3,0.5,2
60,Teens,1,2,1,4,0.5,2
60,Teens,1,2,1,5,1.0,2
60,Teens,1,2,1,6,1.0,2
60,Teens,1,2,1,7,1.0,2
60,Teens,1,2,1,8,1.0,2
60,Teens,1,2,1,9,1.0,2
60,Teens,2,3,1,1,0.6666666666666666,3
60,Teens,2,3,1,2,0.3333333333333333,3
60,Teens,2,3,1,3,0.6666666666666666,3
60,Teens,2,3,1,4,0.6666666666666666,3
60,Teens,2,3,1,5,1.0,3
60,Teens,2,3,1,6,1.0,3
60,Teens,2,3,1,7,1.0,3
60,Teens,2,3,1,8,1.0,3
60,Teens,2,3,1,9,1.0,3
60,Teens,3,4,1,1,0.5,4
60,Teens,3,4,1,2,0.75,4
60,Teens,3,4,1,3,1.0,4
60,Teens,3,4,1,4,1.0,4
60,Teens,3,4,1,5,1.0,4
60,Teens,3,4,1,6,1.0,4
60,Teens,3,4,1,7,1.0,4
60,Teens,3,4,1,8,1.0,4
60,Teens,3,4,1,9,1.0,4
60,Teens,4,5,1,1,0.2,5
60,Teens,4,5,1,2,0.2,5
60,Teens,4,5,1,3,0.2,5
60,Teens,4,5,1,4,0.4,5
60,Teens,4,5,1,5,0.4,5
60,Teens,4,5,1,6,0.8,5
60,Teens,4,5,1,7,0.6,5
60,Teens,4,5,1,8,0.6,5
60,Teens,4,5,1,9,0.2,5
60,Teens,5,3,2,1,1.0,3
60,Teens,5,3,2,2,1.0,3
60,Teens,5,3,2,3,1.0,3
60,Teens,5,3,2,4,1.0,3
60,Teens,5,3,2,5,1.0,3
60,Teens,5,3,2,6,1.0,3
60,Teens,5,3,2,7,1.0,3
60,Teens,5,3,2,8,1.0,3
60,Teens,5,3,2,9,1.0,3
60,Teens,6,5,2,1,0.8,5
60,Teens,6,5,2,2,0.8,5
60,Teens,6,5,2,3,1.0,5
60,Teens,6,5,2,4,1.0,5
60,Teens,6,5,2,5,1.0,5
60,Teens,6,5,2,6,1.0,5
60,Teens,6,5,2,7,0.6,5
60,Teens,6,5,2,8,1.0,5
60,Teens,6,5,2,9,1.0,5
60,Teens,7,2,2,1,0.5,2
60,Teens,7,2,2,2,1.0,2
60,Teens,7,2,2,3,1.0,2
60,Teens,7,2,2,4,1.0,2
60,Teens,7,2,2,5,1.0,2
60,Teens,7,2,2,6,1.0,2
60,Teens,7,2,2,7,1.0,2
60,Teens,7,2,2,8,1.0,2
60,Teens,7,2,2,9,1.0,2
60,Teens,8,3,3,1,0.3333333333333333,3
60,Teens,8,3,3,2,1.0,3
60,Teens,8,3,3,3,1.0,3
60,Teens,8,3,3,4,0.6666666666666666,3
60,Teens,8,3,3,5,1.0,3
60,Teens,8,3,3,6,1.0,3
60,Teens,8,3,3,7,1.0,3
60,Teens,8,3,3,8,1.0,3
60,Teens,8,3,3,9,1.0,3
60,Teens,9,4,2,1,0.5,4
60,Teens,9,4,2,2,0.75,4
60,Teens,9,4,2,3,1.0,4
60,Teens,9,4,2,4,0.75,4
60,Teens,9,4,2,5,1.0,4
60,Teens,9,4,2,6,1.0,4
60,Teens,9,4,2,7,1.0,4
60,Teens,9,4,2,8,1.0,4
60,Teens,9,4,2,9,1.0,4
60,Teens,10,5,3,1,0.4,5
60,Teens,10,5,3,2,0.8,5
60,Teens,10,5,3,3,0.6,5
60,Teens,10,5,3,4,0.6,5
60,Teens,10,5,3,5,0.6,5
60,Teens,10,5,3,6,0.8,5
60,Teens,10,5,3,7,0.4,5
60,Teens,10,5,3,8,0.8,5
60,Teens,10,5,3,9,1.0,5
61,Kids,1,2,1,1,0.0,2
61,Kids,1,2,1,2,0.0,2
61,Kids,1,2,1,3,0.5,2
61,Kids,1,2,1,4,1.0,2
61,Kids,1,2,1,5,1.0,2
61,Kids,1,2,1,6,1.0,2
61,Kids,1,2,1,7,1.0,2
61,Kids,1,2,1,8,1.0,2
61,Kids,1,2,1,9,1.0,2
61,Kids,2,3,1,1,0.3333333333333333,3
61,Kids,2,3,1,2,0.6666666666666666,3
61,Kids,2,3,1,3,1.0,3
61,Kids,2,3,1,4,0.6666666666666666,3
61,Kids,2,3,1,5,1.0,3
61,Kids,2,3,1,6,1.0,3
61,Kids,2,3,1,7,1.0,3
61,Kids,2,3,1,8,1.0,3
61,Kids,2,3,1,9,1.0,3
61,Kids,3,4,1,1,0.5,4
61,Kids,3,4,1,2,1.0,4
61,Kids,3,4,1,3,1.0,4
61,Kids,3,4,1,4,1.0,4
61,Kids,3,4,1,5,1.0,4
61,Kids,3,4,1,6,1.0,4
61,Kids,3,4,1,7,1.0,4
61,Kids,3,4,1,8,1.0,4
61,Kids,3,4,1,9,1.0,4
61,Kids,4,5,1,1,0.0,5
61,Kids,4,5,1,2,0.4,5
61,Kids,4,5,1,3,0.6,5
61,Kids,4,5,1,4,0.4,5
61,Kids,4,5,1,5,1.0,5
61,Kids,4,5,1,6,1.0,5
61,Kids,4,5,1,7,1.0,5
61,Kids,4,5,1,8,1.0,5
61,Kids,4,5,1,9,1.0,5
61,Kids,5,3,2,1,0.3333333333333333,3
61,Kids,5,3,2,2,0.3333333333333333,3
61,Kids,5,3,2,3,0.6666666666666666,3
61,Kids,5,3,2,4,1.0,3
61,Kids,5,3,2,5,0.6666666666666666,3
61,Kids,5,3,2,6,1.0,3
61,Kids,5,3,2,7,1.0,3
61,Kids,5,3,2,8,1.0,3
61,Kids,5,3,2,9,1.0,3
61,Kids,6,5,2,1,0.2,5
61,Kids,6,5,2,2,0.6,5
61,Kids,6,5,2,3,0.6,5
61,Kids,6,5,2,4,0.6,5
61,Kids,6,5,2,5,0.6,5
61,Kids,6,5,2,6,0.8,5
61,Kids,6,5,2,7,0.8,5
61,Kids,6,5,2,8,0.6,5
61,Kids,6,5,2,9,0.4,5
61,Kids,7,2,2,1,0.0,2
61,Kids,7,2,2,2,0.0,2
61,Kids,7,2,2,3,1.0,2
61,Kids,7,2,2,4,1.0,2
61,Kids,7,2,2,5,1.0,2
61,Kids,7,2,2,6,1.0,2
61,Kids,7,2,2,7,1.0,2
61,Kids,7,2,2,8,1.0,2
61,Kids,7,2,2,9,1.0,2
61,Kids,8,3,3,1,0.3333333333333333,3
61,Kids,8,3,3,2,0.6666666666666666,3
61,Kids,8,3,3,3,1.0,3
61,Kids,8,3,3,4,1.0,3
61,Kids,8,3,3,5,1.0,3
61,Kids,8,3,3,6,1.0,3
61,Kids,8,3,3,7,1.0,3
61,Kids,8,3,3,8,1.0,3
61,Kids,8,3,3,9,0.6666666666666666,3
61,Kids,9,4,2,1,0.25,4
61,Kids,9,4,2,2,0.25,4
61,Kids,9,4,2,3,1.0,4
61,Kids,9,4,2,4,0.75,4
61,Kids,9,4,2,5,1.0,4
61,Kids,9,4,2,6,1.0,4
61,Kids,9,4,2,7,1.0,4
61,Kids,9,4,2,8,1.0,4
61,Kids,9,4,2,9,0.75,4
61,Kids,10,5,3,1,0.4,5
61,Kids,10,5,3,2,0.6,5
61,Kids,10,5,3,3,0.75,4
61,Kids,10,5,3,4,1.0,5
61,Kids,10,5,3,5,0.8,5
61,Kids,10,5,3,6,1.0,5
61,Kids,10,5,3,7,1.0,5
61,Kids,10,5,3,8,1.0,5
61,Kids,10,5,3,9,1.0,5
63,Kids,1,2,1,1,1.0,2
63,Kids,1,2,1,2,1.0,2
63,Kids,1,2,1,3,1.0,2
63,Kids,1,2,1,4,1.0,2
63,Kids,1,2,1,5,0.5,2
63,Kids,1,2,1,6,1.0,2
63,Kids,1,2,1,7,1.0,2
63,Kids,1,2,1,8,1.0,2
63,Kids,1,2,1,9,1.0,2
63,Kids,2,3,1,1,1.0,3
63,Kids,2,3,1,2,1.0,3
63,Kids,2,3,1,3,0.6666666666666666,3
63,Kids,2,3,1,4,1.0,3
63,Kids,2,3,1,5,1.0,3
63,Kids,2,3,1,6,1.0,3
63,Kids,2,3,1,7,1.0,3
63,Kids,2,3,1,8,1.0,3
63,Kids,2,3,1,9,1.0,3
63,Kids,3,5,1,1,0.6,5
63,Kids,3,5,1,2,0.4,5
63,Kids,3,5,1,3,0.6,5
63,Kids,3,5,1,4,0.4,5
63,Kids,3,5,1,5,0.8,5
63,Kids,3,5,1,6,0.6,5
63,Kids,3,5,1,7,0.6,5
63,Kids,3,5,1,8,0.6,5
63,Kids,3,5,1,9,0.4,5
63,Kids,4,4,1,1,0.5,4
63,Kids,4,4,1,2,0.5,4
63,Kids,4,4,1,3,0.75,4
63,Kids,4,4,1,4,0.75,4
63,Kids,4,4,1,5,0.75,4
63,Kids,4,4,1,6,0.5,4
63,Kids,4,4,1,7,0.6666666666666666,3
63,Kids,4,4,1,8,0.5,4
63,Kids,4,4,1,9,1.0,4
63,Kids,5,3,2,1,0.3333333333333333,3
63,Kids,5,3,2,2,1.0,3
63,Kids,5,3,2,3,1.0,3
63,Kids,5,3,2,4,0.3333333333333333,3
63,Kids,5,3,2,5,1.0,3
63,Kids,5,3,2,6,0.6666666666666666,3
63,Kids,5,3,2,7,0.6666666666666666,3
63,Kids,5,3,2,8,0.6666666666666666,3
63,Kids,5,3,2,9,1.0,3
63,Kids,6,5,2,1,0.8,5
63,Kids,6,5,2,2,0.6,5
63,Kids,6,5,2,3,0.8,5
63,Kids,6,5,2,4,0.6,5
63,Kids,6,5,2,5,0.6,5
63,Kids,6,5,2,6,0.8,5
63,Kids,6,5,2,7,0.8,5
63,Kids,6,5,2,8,0.8,5
63,Kids,6,5,2,9,1.0,5
63,Kids,7,2,2,1,0.0,2
63,Kids,7,2,2,2,0.5,2
63,Kids,7,2,2,3,1.0,2
63,Kids,7,2,2,4,0.5,2
63,Kids,7,2,2,5,0.5,2
63,Kids,7,2,2,6,1.0,2
63,Kids,7,2,2,7,1.0,2
63,Kids,7,2,2,8,1.0,2
63,Kids,7,2,2,9,1.0,2
63,Kids,8,3,3,1,0.0,3
63,Kids,8,3,3,2,1.0,3
63,Kids,8,3,3,3,0.6666666666666666,3
63,Kids,8,3,3,4,0.6666666666666666,3
63,Kids,8,3,3,5,0.6666666666666666,3
63,Kids,8,3,3,6,1.0,3
63,Kids,8,3,3,7,1.0,3
63,Kids,8,3,3,8,1.0,3
63,Kids,8,3,3,9,1.0,3
63,Kids,9,5,3,1,0.0,5
63,Kids,9,5,3,2,0.4,5
63,Kids,9,5,3,3,0.0,5
63,Kids,9,5,3,4,0.2,5
63,Kids,9,5,3,5,0.8,5
63,Kids,9,5,3,6,0.4,5
63,Kids,9,5,3,7,0.6,5
63,Kids,9,5,3,8,0.2,5
63,Kids,9,5,3,9,0.0,5
63,Kids,10,4,2,1,0.5,4
63,Kids,10,4,2,2,0.25,4
63,Kids,10,4,2,3,0.25,4
63,Kids,10,4,2,4,0.75,4
63,Kids,10,4,2,5,0.75,4
63,Kids,10,4,2,6,0.5,4
63,Kids,10,4,2,7,0.75,4
63,Kids,10,4,2,8,0.0,4
63,Kids,10,4,2,9,0.25,4
65,Kids,1,2,1,1,0.0,2
65,Kids,1,2,1,2,1.0,2
65,Kids,1,2,1,3,0.5,2
65,Kids,1,2,1,4,0.0,2
65,Kids,1,2,1,5,0.5,2
65,Kids,1,2,1,6,0.5,2
65,Kids,1,2,1,7,1.0,2
65,Kids,1,2,1,8,1.0,2
65,Kids,1,2,1,9,1.0,2
65,Kids,2,3,1,1,0.3333333333333333,3
65,Kids,2,3,1,2,0.6666666666666666,3
65,Kids,2,3,1,3,0.6666666666666666,3
65,Kids,2,3,1,4,1.0,3
65,Kids,2,3,1,5,0.6666666666666666,3
65,Kids,2,3,1,6,1.0,3
65,Kids,2,3,1,7,0.5,2
65,Kids,2,3,1,8,1.0,2
65,Kids,2,3,1,9,0.6666666666666666,3
65,Kids,3,4,1,1,0.25,4
65,Kids,3,4,1,2,0.0,4
65,Kids,3,4,1,3,0.75,4
65,Kids,3,4,1,4,0.25,4
65,Kids,3,4,1,5,0.0,4
65,Kids,3,4,1,6,0.0,3
65,Kids,3,4,1,7,0.0,4
65,Kids,3,4,1,8,0.75,4
65,Kids,3,4,1,9,0.75,4
65,Kids,4,5,1,1,0.4,5
65,Kids,4,5,1,2,0.25,4
65,Kids,4,5,1,3,0.6,5
65,Kids,4,5,1,4,0.6,5
65,Kids,4,5,1,5,0.4,5
65,Kids,4,5,1,6,0.75,4
65,Kids,4,5,1,7,0.0,5
65,Kids,4,5,1,8,0.2,5
65,Kids,4,5,1,9,0.2,5
65,Kids,5,3,2,1,0.3333333333333333,3
65,Kids,5,3,2,2,0.3333333333333333,3
65,Kids,5,3,2,3,0.0,3
65,Kids,5,3,2,4,0.6666666666666666,3
65,Kids,5,3,2,5,0.6666666666666666,3
65,Kids,5,3,2,6,0.3333333333333333,3
65,Kids,5,3,2,7,0.6666666666666666,3
65,Kids,5,3,2,8,1.0,3
65,Kids,5,3,2,9,1.0,3
65,Kids,6,5,2,1,0.2,5
65,Kids,6,5,2,2,0.6,5
65,Kids,6,5,2,3,0.4,5
65,Kids,6,5,2,4,0.2,5
65,Kids,6,5,2,5,0.75,4
65,Kids,6,5,2,6,0.4,5
65,Kids,6,5,2,7,0.8,5
65,Kids,6,5,2,8,0.4,5
65,Kids,6,5,2,9,0.4,5
65,Kids,7,2,2,1,0.0,2
65,Kids,7,2,2,2,0.0,2
65,Kids,7,2,2,3,0.5,2
65,Kids,7,2,2,4,0.5,2
65,Kids,7,2,2,5,0.5,2
65,Kids,7,2,2,6,0.5,2
65,Kids,7,2,2,7,0.0,2
65,Kids,7,2,2,8,1.0,2
65,Kids,7,2,2,9,1.0,2
65,Kids,8,3,3,1,0.3333333333333333,3
65,Kids,8,3,3,2,0.3333333333333333,3
65,Kids,8,3,3,3,0.3333333333333333,3
65,Kids,8,3,3,4,1.0,3
65,Kids,8,3,3,5,1.0,3
65,Kids,8,3,3,6,1.0,3
65,Kids,8,3,3,7,0.6666666666666666,3
65,Kids,8,3,3,8,1.0,3
65,Kids,8,3,3,9,0.6666666666666666,3
65,Kids,9,4,2,1,0.25,4
65,Kids,9,4,2,2,0.75,4
65,Kids,9,4,2,3,0.25,4
65,Kids,9,4,2,4,0.75,4
65,Kids,9,4,2,5,0.25,4
65,Kids,9,4,2,6,0.75,4
65,Kids,9,4,2,7,0.5,4
65,Kids,9,4,2,8,0.25,4
65,Kids,9,4,2,9,0.5,4
65,Kids,10,5,3,1,0.0,5
65,Kids,10,5,3,2,0.2,5
65,Kids,10,5,3,3,0.3333333333333333,3
65,Kids,10,5,3,4,0.2,5
65,Kids,10,5,3,5,0.4,5
65,Kids,10,5,3,6,0.25,4
65,Kids,10,5,3,7,0.5,4
65,Kids,10,5,3,8,0.25,4
65,Kids,10,5,3,9,0.2,5
66,Kids,1,2,1,1,0.0,2
66,Kids,1,2,1,2,0.5,2
66,Kids,1,2,1,3,1.0,2
66,Kids,1,2,1,4,1.0,2
66,Kids,1,2,1,5,1.0,2
66,Kids,1,2,1,6,1.0,2
66,Kids,1,2,1,7,0.5,2
66,Kids,1,2,1,8,1.0,2
66,Kids,1,2,1,9,1.0,2
66,Kids,2,3,1,1,0.0,3
66,Kids,2,3,1,2,0.0,3
66,Kids,2,3,1,3,0.6666666666666666,3
66,Kids,2,3,1,4,0.3333333333333333,3
66,Kids,2,3,1,5,0.6666666666666666,3
66,Kids,2,3,1,6,0.3333333333333333,3
66,Kids,2,3,1,7,0.3333333333333333,3
66,Kids,2,3,1,8,1.0,3
66,Kids,2,3,1,9,0.6666666666666666,3
66,Kids,3,4,1,1,0.0,4
66,Kids,3,4,1,2,0.0,4
66,Kids,3,4,1,3,0.25,4
66,Kids,3,4,1,4,0.75,4
66,Kids,3,4,1,5,1.0,4
66,Kids,3,4,1,6,1.0,4
66,Kids,3,4,1,7,1.0,4
66,Kids,3,4,1,8,1.0,4
66,Kids,3,4,1,9,1.0,4
66,Kids,4,5,1,1,1.0,5
66,Kids,4,5,1,2,0.6,5
66,Kids,4,5,1,3,0.8,5
66,Kids,4,5,1,4,1.0,5
66,Kids,4,5,1,5,0.75,4
66,Kids,4,5,1,6,1.0,5
66,Kids,4,5,1,7,0.8,5
66,Kids,4,5,1,8,0.6,5
66,Kids,4,5,1,9,1.0,5
66,Kids,5,3,2,1,0.0,3
66,Kids,5,3,2,2,0.0,3
66,Kids,5,3,2,3,0.6666666666666666,3
66,Kids,5,3,2,4,1.0,3
66,Kids,5,3,2,5,1.0,3
66,Kids,5,3,2,6,1.0,3
66,Kids,5,3,2,7,1.0,3
66,Kids,5,3,2,8,1.0,3
66,Kids,5,3,2,9,1.0,3
66,Kids,6,5,2,1,0.25,4
66,Kids,6,5,2,2,0.6666666666666666,3
66,Kids,6,5,2,3,0.6,5
66,Kids,6,5,2,4,0.8,5
66,Kids,6,5,2,5,0.4,5
66,Kids,6,5,2,6,0.8,5
66,Kids,6,5,2,7,0.8,5
66,Kids,6,5,2,8,0.8,5
66,Kids,6,5,2,9,1.0,5
66,Kids,7,2,2,1,0.5,2
66,Kids,7,2,2,2,0.0,2
66,Kids,7,2,2,3,0.5,2
66,Kids,7,2,2,4,1.0,2
66,Kids,7,2,2,5,1.0,2
66,Kids,7,2,2,6,1.0,2
66,Kids,7,2,2,7,1.0,2
66,Kids,7,2,2,8,0.0,2
66,Kids,7,2,2,9,1.0,2
66,Kids,8,3,3,1,0.0,3
66,Kids,8,3,3,2,1.0,1
66,Kids,8,3,3,3,0.3333333333333333,3
66,Kids,8,3,3,4,1.0,3
66,Kids,8,3,3,5,1.0,3
66,Kids,8,3,3,6,1.0,3
66,Kids,8,3,3,7,1.0,3
66,Kids,8,3,3,8,1.0,3
66,Kids,8,3,3,9,1.0,3
66,Kids,9,4,2,1,0.0,3
66,Kids,9,4,2,2,0.25,4
66,Kids,9,4,2,3,0.25,4
66,Kids,9,4,2,4,0.75,4
66,Kids,9,4,2,5,0.5,4
66,Kids,9,4,2,6,0.75,4
66,Kids,9,4,2,7,0.75,4
66,Kids,9,4,2,8,0.5,4
66,Kids,9,4,2,9,0.5,4
66,Kids,10,5,3,1,0.4,5
66,Kids,10,5,3,2,0.6,5
66,Kids,10,5,3,3,0.4,5
66,Kids,10,5,3,4,0.4,5
66,Kids,10,5,3,5,0.6,5
66,Kids,10,5,3,6,0.6,5
66,Kids,10,5,3,7,0.4,5
66,Kids,10,5,3,8,0.8,5
66,Kids,10,5,3,9,0.2,5
67,Kids,1,2,1,1,0.5,2
67,Kids,1,2,1,2,0.5,2
67,Kids,1,2,1,3,0.0,1
67,Kids,1,2,1,4,0.0,2
67,Kids,1,2,1,5,0.0,2
67,Kids,1,2,1,6,0.5,2
67,Kids,1,2,1,7,1.0,2
67,Kids,1,2,1,8,1.0,2
67,Kids,1,2,1,9,1.0,2
67,Kids,2,3,1,1,0.3333333333333333,3
67,Kids,2,3,1,2,0.6666666666666666,3
67,Kids,2,3,1,3,1.0,3
67,Kids,2,3,1,4,1.0,3
67,Kids,2,3,1,5,1.0,3
67,Kids,2,3,1,6,1.0,3
67,Kids,2,3,1,7,1.0,3
67,Kids,2,3,1,8,1.0,3
67,Kids,2,3,1,9,1.0,3
67,Kids,3,4,1,1,0.5,4
67,Kids,3,4,1,2,0.75,4
67,Kids,3,4,1,3,0.75,4
67,Kids,3,4,1,4,0.75,4
67,Kids,3,4,1,5,1.0,4
67,Kids,3,4,1,6,1.0,4
67,Kids,3,4,1,7,1.0,4
67,Kids,3,4,1,8,1.0,4
67,Kids,3,4,1,9,1.0,4
67,Kids,4,5,1,1,0.2,5
67,Kids,4,5,1,2,0.6,5
67,Kids,4,5,1,3,0.6,5
67,Kids,4,5,1,4,0.6,5
67,Kids,4,5,1,5,0.8,5
67,Kids,4,5,1,6,1.0,5
67,Kids,4,5,1,7,1.0,5
67,Kids,4,5,1,8,1.0,5
67,Kids,4,5,1,9,1.0,5
67,Kids,5,3,2,1,0.3333333333333333,3
67,Kids,5,3,2,2,0.3333333333333333,3
67,Kids,5,3,2,3,0.6666666666666666,3
67,Kids,5,3,2,4,1.0,3
67,Kids,5,3,2,5,1.0,3
67,Kids,5,3,2,6,1.0,3
67,Kids,5,3,2,7,1.0,3
67,Kids,5,3,2,8,1.0,3
67,Kids,5,3,2,9,1.0,3
67,Kids,6,5,2,1,0.4,5
67,Kids,6,5,2,2,0.4,5
67,Kids,6,5,2,3,0.8,5
67,Kids,6,5,2,4,0.2,5
67,Kids,6,5,2,5,0.4,5
67,Kids,6,5,2,6,0.4,5
67,Kids,6,5,2,7,0.2,5
67,Kids,6,5,2,8,0.6,5
67,Kids,6,5,2,9,0.5,4
67,Kids,7,2,2,1,0.5,2
67,Kids,7,2,2,2,1.0,2
67,Kids,7,2,2,3,1.0,2
67,Kids,7,2,2,4,1.0,2
67,Kids,7,2,2,5,1.0,2
67,Kids,7,2,2,6,1.0,2
67,Kids,7,2,2,7,1.0,2
67,Kids,7,2,2,8,1.0,2
67,Kids,7,2,2,9,1.0,2
67,Kids,8,3,3,1,0.3333333333333333,3
67,Kids,8,3,3,2,0.3333333333333333,3
67,Kids,8,3,3,3,0.6666666666666666,3
67,Kids,8,3,3,4,1.0,3
67,Kids,8,3,3,5,1.0,3
67,Kids,8,3,3,6,1.0,3
67,Kids,8,3,3,7,1.0,3
67,Kids,8,3,3,8,1.0,3
67,Kids,8,3,3,9,1.0,3
67,Kids,9,4,2,1,0.5,4
67,Kids,9,4,2,2,1.0,4
67,Kids,9,4,2,3,0.75,4
67,Kids,9,4,2,4,0.5,4
67,Kids,9,4,2,5,0.75,4
67,Kids,9,4,2,6,1.0,4
67,Kids,9,4,2,7,0.5,4
67,Kids,9,4,2,8,1.0,3
67,Kids,9,4,2,9,1.0,4
67,Kids,10,5,3,1,0.2,5
67,Kids,10,5,3,2,0.6,5
67,Kids,10,5,3,3,1.0,5
67,Kids,10,5,3,4,0.8,5
67,Kids,10,5,3,5,1.0,5
67,Kids,10,5,3,6,1.0,5
67,Kids,10,5,3,7,1.0,5
67,Kids,10,5,3,8,1.0,5
67,Kids,10,5,3,9,1.0,5
68,Kids,1,2,1,1,0.0,2
68,Kids,1,2,1,2,1.0,2
68,Kids,1,2,1,3,1.0,2
68,Kids,1,2,1,4,1.0,2
68,Kids,1,2,1,5,1.0,2
68,Kids,1,2,1,6,1.0,2
68,Kids,1,2,1,7,1.0,2
68,Kids,1,2,1,8,1.0,2
68,Kids,1,2,1,9,1.0,2
68,Kids,2,4,1,1,0.0,4
68,Kids,2,4,1,2,0.5,4
68,Kids,2,4,1,3,0.25,4
68,Kids,2,4,1,4,0.75,4
68,Kids,2,4,1,5,1.0,4
68,Kids,2,4,1,6,1.0,4
68,Kids,2,4,1,7,0.75,4
68,Kids,2,4,1,8,0.75,4
68,Kids,2,4,1,9,1.0,4
68,Kids,3,3,1,1,0.3333333333333333,3
68,Kids,3,3,1,2,0.6666666666666666,3
68,Kids,3,3,1,3,0.6666666666666666,3
68,Kids,3,3,1,4,0.6666666666666666,3
68,Kids,3,3,1,5,1.0,3
68,Kids,3,3,1,6,1.0,3
68,Kids,3,3,1,7,1.0,3
68,Kids,3,3,1,8,0.3333333333333333,3
68,Kids,3,3,1,9,1.0,3
68,Kids,4,5,1,1,0.6,5
68,Kids,4,5,1,2,0.2,5
68,Kids,4,5,1,3,0.6,5
68,Kids,4,5,1,4,0.4,5
68,Kids,4,5,1,5,0.8,5
68,Kids,4,5,1,6,0.6,5
68,Kids,4,5,1,7,0.8,5
68,Kids,4,5,1,8,1.0,5
68,Kids,4,5,1,9,1.0,5
68,Kids,5,3,2,1,0.3333333333333333,3
68,Kids,5,3,2,2,0.3333333333333333,3
68,Kids,5,3,2,3,1.0,3
68,Kids,5,3,2,4,1.0,3
68,Kids,5,3,2,5,1.0,3
68,Kids,5,3,2,6,1.0,3
68,Kids,5,3,2,7,1.0,3
68,Kids,5,3,2,8,1.0,3
68,Kids,5,3,2,9,1.0,3
68,Kids,6,5,2,1,0.4,5
68,Kids,6,5,2,2,0.6,5
68,Kids,6,5,2,3,0.4,5
68,Kids,6,5,2,4,0.4,5
68,Kids,6,5,2,5,0.8,5
68,Kids,6,5,2,6,1.0,5
68,Kids,6,5,2,7,0.8,5
68,Kids,6,5,2,8,0.8,5
68,Kids,6,5,2,9,0.8,5
68,Kids,7,2,2,1,0.0,2
68,Kids,7,2,2,2,0.5,2
68,Kids,7,2,2,3,1.0,2
68,Kids,7,2,2,4,1.0,2
68,Kids,7,2,2,5,1.0,2
68,Kids,7,2,2,6,1.0,2
68,Kids,7,2,2,7,1.0,2
68,Kids,7,2,2,8,1.0,2
68,Kids,7,2,2,9,1.0,2
68,Kids,8,4,2,1,0.5,4
68,Kids,8,4,2,2,0.75,4
68,Kids,8,4,2,3,1.0,4
68,Kids,8,4,2,4,1.0,4
68,Kids,8,4,2,5,1.0,4
68,Kids,8,4,2,6,1.0,4
68,Kids,8,4,2,7,0.75,4
68,Kids,8,4,2,8,1.0,4
68,Kids,8,4,2,9,1.0,4
68,Kids,9,3,3,1,0.6666666666666666,3
68,Kids,9,3,3,2,1.0,3
68,Kids,9,3,3,3,1.0,3
68,Kids,9,3,3,4,1.0,3
68,Kids,9,3,3,5,0.6666666666666666,3
68,Kids,9,3,3,6,1.0,3
68,Kids,9,3,3,7,1.0,3
68,Kids,9,3,3,8,1.0,3
68,Kids,9,3,3,9,1.0,3
68,Kids,10,5,3,1,0.6,5
68,Kids,10,5,3,2,0.4,5
68,Kids,10,5,3,3,0.8,5
68,Kids,10,5,3,4,0.8,5
68,Kids,10,5,3,5,1.0,5
68,Kids,10,5,3,6,1.0,5
68,Kids,10,5,3,7,1.0,5
68,Kids,10,5,3,8,1.0,5
68,Kids,10,5,3,9,1.0,5
69,Kids,1,2,1,1,0.0,2
69,Kids,1,2,1,2,1.0,2
69,Kids,1,2,1,3,1.0,2
69,Kids,1,2,1,4,1.0,2
69,Kids,1,2,1,5,1.0,2
69,Kids,1,2,1,6,1.0,2
69,Kids,1,2,1,7,1.0,2
69,Kids,1,2,1,8,1.0,2
69,Kids,1,2,1,9,1.0,2
69,Kids,2,3,1,1,0.0,3
69,Kids,2,3,1,2,0.0,3
69,Kids,2,3,1,3,0.0,3
69,Kids,2,3,1,4,0.3333333333333333,3
69,Kids,2,3,1,5,0.0,3
69,Kids,2,3,1,6,0.3333333333333333,3
69,Kids,2,3,1,7,0.3333333333333333,3
69,Kids,2,3,1,8,0.3333333333333333,3
69,Kids,2,3,1,9,1.0,3
69,Kids,3,4,1,1,0.5,4
69,Kids,3,4,1,2,0.25,4
69,Kids,3,4,1,3,0.25,4
69,Kids,3,4,1,4,1.0,4
69,Kids,3,4,1,5,0.75,4
69,Kids,3,4,1,6,1.0,4
69,Kids,3,4,1,7,1.0,4
69,Kids,3,4,1,8,0.75,4
69,Kids,3,4,1,9,0.75,4
69,Kids,4,5,1,1,0.0,5
69,Kids,4,5,1,2,0.6,5
69,Kids,4,5,1,3,0.6,5
69,Kids,4,5,1,4,0.8,5
69,Kids,4,5,1,5,0.6,5
69,Kids,4,5,1,6,0.6,5
69,Kids,4,5,1,7,0.8,5
69,Kids,4,5,1,8,0.8,5
69,Kids,4,5,1,9,1.0,5
69,Kids,5,3,2,1,0.6666666666666666,3
69,Kids,5,3,2,2,1.0,3
69,Kids,5,3,2,3,1.0,3
69,Kids,5,3,2,4,1.0,3
69,Kids,5,3,2,5,1.0,3
69,Kids,5,3,2,6,0.6666666666666666,3
69,Kids,5,3,2,7,1.0,3
69,Kids,5,3,2,8,1.0,3
69,Kids,5,3,2,9,1.0,3
69,Kids,6,5,2,1,0.2,5
69,Kids,6,5,2,2,0.6,5
69,Kids,6,5,2,3,0.8,5
69,Kids,6,5,2,4,1.0,5
69,Kids,6,5,2,5,1.0,5
69,Kids,6,5,2,6,1.0,5
69,Kids,6,5,2,7,1.0,5
69,Kids,6,5,2,8,1.0,5
69,Kids,6,5,2,9,1.0,5
69,Kids,7,2,2,1,0.5,2
69,Kids,7,2,2,2,1.0,2
69,Kids,7,2,2,3,1.0,2
69,Kids,7,2,2,4,1.0,2
69,Kids,7,2,2,5,1.0,2
69,Kids,7,2,2,6,1.0,2
69,Kids,7,2,2,7,1.0,2
69,Kids,7,2,2,8,1.0,2
69,Kids,7,2,2,9,0.5,2
69,Kids,8,3,3,1,0.3333333333333333,3
69,Kids,8,3,3,2,1.0,3
69,Kids,8,3,3,3,0.6666666666666666,3
69,Kids,8,3,3,4,1.0,3
69,Kids,8,3,3,5,1.0,3
69,Kids,8,3,3,6,1.0,3
69,Kids,8,3,3,7,1.0,3
69,Kids,8,3,3,8,1.0,3
69,Kids,8,3,3,9,1.0,3
69,Kids,9,4,2,1,0.75,4
69,Kids,9,4,2,2,0.75,4
69,Kids,9,4,2,3,1.0,4
69,Kids,9,4,2,4,1.0,4
69,Kids,9,4,2,5,1.0,4
69,Kids,9,4,2,6,1.0,4
69,Kids,9,4,2,7,1.0,4
69,Kids,9,4,2,8,0.75,4
69,Kids,9,4,2,9,1.0,4
69,Kids,10,5,3,1,0.0,5
69,Kids,10,5,3,2,0.4,5
69,Kids,10,5,3,3,0.4,5
69,Kids,10,5,3,4,0.4,5
69,Kids,10,5,3,5,0.6,5
69,Kids,10,5,3,6,1.0,5
69,Kids,10,5,3,7,1.0,5
69,Kids,10,5,3,8,0.8,5
69,Kids,10,5,3,9,0.8,5
70,Teens,1,2,1,1,0.5,2
70,Teens,1,2,1,2,1.0,2
70,Teens,1,2,1,3,1.0,2
70,Teens,1,2,1,4,1.0,2
70,Teens,1,2,1,5,1.0,2
70,Teens,1,2,1,6,1.0,2
70,Teens,1,2,1,7,1.0,2
70,Teens,1,2,1,8,1.0,2
70,Teens,1,2,1,9,1.0,2
70,Teens,2,3,1,1,0.3333333333333333,3
70,Teens,2,3,1,2,0.6666666666666666,3
70,Teens,2,3,1,3,1.0,3
70,Teens,2,3,1,4,1.0,3
70,Teens,2,3,1,5,1.0,3
70,Teens,2,3,1,6,1.0,3
70,Teens,2,3,1,7,1.0,3
70,Teens,2,3,1,8,1.0,3
70,Teens,2,3,1,9,1.0,3
70,Teens,3,4,1,1,0.75,4
70,Teens,3,4,1,2,1.0,4
70,Teens,3,4,1,3,0.75,4
70,Teens,3,4,1,4,0.5,4
70,Teens,3,4,1,5,0.75,4
70,Teens,3,4,1,6,1.0,4
70,Teens,3,4,1,7,0.75,4
70,Teens,3,4,1,8,1.0,4
70,Teens,3,4,1,9,1.0,4
70,Teens,4,5,1,1,0.4,5
70,Teens,4,5,1,2,0.4,5
70,Teens,4,5,1,3,0.6,5
70,Teens,4,5,1,4,1.0,5
70,Teens,4,5,1,5,1.0,5
70,Teens,4,5,1,6,1.0,5
70,Teens,4,5,1,7,1.0,5
70,Teens,4,5,1,8,1.0,5
70,Teens,4,5,1,9,1.0,5
70,Teens,5,3,2,1,0.0,3
70,Teens,5,3,2,2,0.3333333333333333,3
70,Teens,5,3,2,3,0.0,3
70,Teens,5,3,2,4,1.0,3
70,Teens,5,3,2,5,1.0,3
70,Teens,5,3,2,6,1.0,3
70,Teens,5,3,2,7,1.0,3
70,Teens,5,3,2,8,1.0,3
70,Teens,5,3,2,9,1.0,3
70,Teens,6,5,2,1,0.4,5
70,Teens,6,5,2,2,0.6,5
70,Teens,6,5,2,3,0.6,5
70,Teens,6,5,2,4,0.6,5
70,Teens,6,5,2,5,0.8,5
70,Teens,6,5,2,6,1.0,5
70,Teens,6,5,2,7,0.8,5
70,Teens,6,5,2,8,1.0,5
70,Teens,6,5,2,9,1.0,5
70,Teens,7,2,2,1,0.5,2
70,Teens,7,2,2,2,0.5,2
70,Teens,7,2,2,3,1.0,2
70,Teens,7,2,2,4,1.0,2
70,Teens,7,2,2,5,1.0,2
70,Teens,7,2,2,6,1.0,2
70,Teens,7,2,2,7,1.0,2
70,Teens,7,2,2,8,1.0,2
70,Teens,7,2,2,9,1.0,2
70,Teens,8,3,3,1,1.0,3
70,Teens,8,3,3,2,1.0,3
70,Teens,8,3,3,3,0.6666666666666666,3
70,Teens,8,3,3,4,1.0,3
70,Teens,8,3,3,5,1.0,3
70,Teens,8,3,3,6,1.0,3
70,Teens,8,3,3,7,1.0,3
70,Teens,8,3,3,8,1.0,3
70,Teens,8,3,3,9,1.0,3
70,Teens,9,4,2,1,0.25,4
70,Teens,9,4,2,2,0.5,4
70,Teens,9,4,2,3,0.5,4
70,Teens,9,4,2,4,1.0,4
70,Teens,9,4,2,5,0.75,4
70,Teens,9,4,2,6,1.0,4
70,Teens,9,4,2,7,1.0,4
70,Teens,9,4,2,8,1.0,4
70,Teens,9,4,2,9,1.0,4
70,Teens,10,5,3,1,0.6,5
70,Teens,10,5,3,2,0.6,5
70,Teens,10,5,3,3,0.8,5
70,Teens,10,5,3,4,1.0,5
70,Teens,10,5,3,5,1.0,5
70,Teens,10,5,3,6,0.8,5
70,Teens,10,5,3,7,1.0,5
70,Teens,10,5,3,8,1.0,5
70,Teens,10,5,3,9,1.0,5
71,Teens,1,2,1,1,1.0,2
71,Teens,1,2,1,2,1.0,2
71,Teens,1,2,1,3,1.0,2
71,Teens,1,2,1,4,1.0,2
71,Teens,1,2,1,5,1.0,2
71,Teens,1,2,1,6,1.0,2
71,Teens,1,2,1,7,1.0,2
71,Teens,1,2,1,8,1.0,2
71,Teens,1,2,1,9,1.0,2
71,Teens,2,3,1,1,0.6666666666666666,3
71,Teens,2,3,1,2,0.6666666666666666,3
71,Teens,2,3,1,3,1.0,3
71,Teens,2,3,1,4,1.0,3
71,Teens,2,3,1,5,1.0,3
71,Teens,2,3,1,6,1.0,3
71,Teens,2,3,1,7,1.0,3
71,Teens,2,3,1,8,1.0,3
71,Teens,2,3,1,9,1.0,3
71,Teens,3,4,1,1,0.5,4
71,Teens,3,4,1,2,0.75,4
71,Teens,3,4,1,3,0.75,4
71,Teens,3,4,1,4,1.0,4
71,Teens,3,4,1,5,1.0,4
71,Teens,3,4,1,6,1.0,4
71,Teens,3,4,1,7,1.0,4
71,Teens,3,4,1,8,1.0,4
71,Teens,3,4,1,9,1.0,4
71,Teens,4,5,1,1,0.4,5
71,Teens,4,5,1,2,0.8,5
71,Teens,4,5,1,3,1.0,5
71,Teens,4,5,1,4,0.8,5
71,Teens,4,5,1,5,1.0,5
71,Teens,4,5,1,6,1.0,5
71,Teens,4,5,1,7,1.0,5
71,Teens,4,5,1,8,1.0,5
71,Teens,4,5,1,9,1.0,5
71,Teens,5,3,2,1,0.6666666666666666,3
71,Teens,5,3,2,2,1.0,3
71,Teens,5,3,2,3,1.0,3
71,Teens,5,3,2,4,1.0,3
71,Teens,5,3,2,5,1.0,3
71,Teens,5,3,2,6,1.0,3
71,Teens,5,3,2,7,1.0,3
71,Teens,5,3,2,8,1.0,3
71,Teens,5,3,2,9,1.0,3
71,Teens,6,5,2,1,0.6,5
71,Teens,6,5,2,2,1.0,5
71,Teens,6,5,2,3,1.0,5
71,Teens,6,5,2,4,1.0,5
71,Teens,6,5,2,5,1.0,5
71,Teens,6,5,2,6,1.0,5
71,Teens,6,5,2,7,1.0,5
71,Teens,6,5,2,8,1.0,5
71,Teens,6,5,2,9,1.0,5
71,Teens,7,2,2,1,0.5,2
71,Teens,7,2,2,2,1.0,2
71,Teens,7,2,2,3,1.0,2
71,Teens,7,2,2,4,1.0,2
71,Teens,7,2,2,5,1.0,2
71,Teens,7,2,2,6,1.0,2
71,Teens,7,2,2,7,1.0,2
71,Teens,7,2,2,8,1.0,2
71,Teens,7,2,2,9,1.0,2
71,Teens,8,3,3,1,0.3333333333333333,3
71,Teens,8,3,3,2,0.6666666666666666,3
71,Teens,8,3,3,3,1.0,3
71,Teens,8,3,3,4,1.0,3
71,Teens,8,3,3,5,1.0,3
71,Teens,8,3,3,6,1.0,3
71,Teens,8,3,3,7,1.0,3
71,Teens,8,3,3,8,1.0,3
71,Teens,8,3,3,9,1.0,3
71,Teens,9,4,2,1,0.75,4
71,Teens,9,4,2,2,1.0,4
71,Teens,9,4,2,3,1.0,4
71,Teens,9,4,2,4,1.0,4
71,Teens,9,4,2,5,1.0,4
71,Teens,9,4,2,6,1.0,4
71,Teens,9,4,2,7,1.0,4
71,Teens,9,4,2,8,1.0,4
71,Teens,9,4,2,9,1.0,4
71,Teens,10,5,3,1,0.2,5
71,Teens,10,5,3,2,0.4,5
71,Teens,10,5,3,3,0.6,5
71,Teens,10,5,3,4,1.0,5
71,Teens,10,5,3,5,1.0,5
71,Teens,10,5,3,6,1.0,5
71,Teens,10,5,3,7,1.0,5
71,Teens,10,5,3,8,1.0,5
71,Teens,10,5,3,9,1.0,5
72,Kids,1,2,1,1,0.5,2
72,Kids,1,2,1,2,1.0,2
72,Kids,1,2,1,3,1.0,2
72,Kids,1,2,1,4,1.0,2
72,Kids,1,2,1,5,0.5,2
72,Kids,1,2,1,6,1.0,2
72,Kids,1,2,1,7,1.0,2
72,Kids,1,2,1,8,1.0,2
72,Kids,1,2,1,9,1.0,2
72,Kids,2,3,1,1,0.0,3
72,Kids,2,3,1,2,0.0,3
72,Kids,2,3,1,3,0.6666666666666666,3
72,Kids,2,3,1,4,1.0,3
72,Kids,2,3,1,5,0.6666666666666666,3
72,Kids,2,3,1,6,1.0,3
72,Kids,2,3,1,7,0.6666666666666666,3
72,Kids,2,3,1,8,1.0,3
72,Kids,2,3,1,9,1.0,3
72,Kids,3,5,1,1,0.0,5
72,Kids,3,5,1,2,0.2,5
72,Kids,3,5,1,3,0.2,5
72,Kids,3,5,1,4,0.4,5
72,Kids,3,5,1,5,0.6,5
72,Kids,3,5,1,6,0.6,5
72,Kids,3,5,1,7,0.6,5
72,Kids,3,5,1,8,0.8,5
72,Kids,3,5,1,9,0.6,5
72,Kids,4,4,1,1,0.25,4
72,Kids,4,4,1,2,0.5,4
72,Kids,4,4,1,3,0.5,4
72,Kids,4,4,1,4,0.75,4
72,Kids,4,4,1,5,1.0,4
72,Kids,4,4,1,6,0.75,4
72,Kids,4,4,1,7,1.0,4
72,Kids,4,4,1,8,1.0,4
72,Kids,4,4,1,9,1.0,4
72,Kids,5,3,2,1,0.3333333333333333,3
72,Kids,5,3,2,2,1.0,3
72,Kids,5,3,2,3,0.6666666666666666,3
72,Kids,5,3,2,4,1.0,3
72,Kids,5,3,2,5,0.6666666666666666,3
72,Kids,5,3,2,6,1.0,3
72,Kids,5,3,2,7,1.0,3
72,Kids,5,3,2,8,1.0,3
72,Kids,5,3,2,9,1.0,3
72,Kids,6,5,2,1,0.4,5
72,Kids,6,5,2,2,0.4,5
72,Kids,6,5,2,3,0.4,5
72,Kids,6,5,2,4,0.4,5
72,Kids,6,5,2,5,0.8,5
72,Kids,6,5,2,6,0.4,5
72,Kids,6,5,2,7,1.0,5
72,Kids,6,5,2,8,0.8,5
72,Kids,6,5,2,9,1.0,5
72,Kids,7,2,2,1,0.5,2
72,Kids,7,2,2,2,0.5,2
72,Kids,7,2,2,3,0.5,2
72,Kids,7,2,2,4,0.5,2
72,Kids,7,2,2,5,0.5,2
72,Kids,7,2,2,6,0.5,2
72,Kids,7,2,2,7,0.5,2
72,Kids,7,2,2,8,0.5,2
72,Kids,7,2,2,9,0.5,2
72,Kids,8,3,3,1,0.3333333333333333,3
72,Kids,8,3,3,2,1.0,3
72,Kids,8,3,3,3,1.0,3
72,Kids,8,3,3,4,1.0,3
72,Kids,8,3,3,5,1.0,3
72,Kids,8,3,3,6,0.6666666666666666,3
72,Kids,8,3,3,7,1.0,3
72,Kids,8,3,3,8,1.0,3
72,Kids,8,3,3,9,0.6666666666666666,3
72,Kids,9,5,3,1,0.2,5
72,Kids,9,5,3,2,0.4,5
72,Kids,9,5,3,3,0.8,5
72,Kids,9,5,3,4,0.6,5
72,Kids,9,5,3,5,0.6,5
72,Kids,9,5,3,6,0.4,5
72,Kids,9,5,3,7,0.2,5
72,Kids,9,5,3,8,0.4,5
72,Kids,9,5,3,9,0.6,5
72,Kids,10,4,2,1,0.25,4
72,Kids,10,4,2,2,0.5,4
72,Kids,10,4,2,3,1.0,4
72,Kids,10,4,2,4,1.0,4
72,Kids,10,4,2,5,0.75,4
72,Kids,10,4,2,6,1.0,4
72,Kids,10,4,2,7,1.0,4
72,Kids,10,4,2,8,1.0,4
72,Kids,10,4,2,9,0.5,4
73,Kids,1,2,1,1,0.0,2
73,Kids,1,2,1,2,0.5,2
73,Kids,1,2,1,3,1.0,2
73,Kids,1,2,1,4,1.0,2
73,Kids,1,2,1,5,1.0,2
73,Kids,1,2,1,6,1.0,2
73,Kids,1,2,1,7,1.0,2
73,Kids,1,2,1,8,1.0,2
73,Kids,1,2,1,9,1.0,2
73,Kids,2,3,1,1,0.0,3
73,Kids,2,3,1,2,0.3333333333333333,3
73,Kids,2,3,1,3,0.6666666666666666,3
73,Kids,2,3,1,4,0.6666666666666666,3
73,Kids,2,3,1,5,0.6666666666666666,3
73,Kids,2,3,1,6,1.0,3
73,Kids,2,3,1,7,1.0,3
73,Kids,2,3,1,8,1.0,3
73,Kids,2,3,1,9,1.0,3
73,Kids,3,5,1,1,0.4,5
73,Kids,3,5,1,2,0.6,5
73,Kids,3,5,1,3,0.2,5
73,Kids,3,5,1,4,0.0,5
73,Kids,3,5,1,5,0.2,5
73,Kids,3,5,1,6,0.4,5
73,Kids,3,5,1,7,0.6,5
73,Kids,3,5,1,8,0.2,5
73,Kids,3,5,1,9,0.8,5
73,Kids,4,4,1,1,0.5,4
73,Kids,4,4,1,2,0.75,4
73,Kids,4,4,1,3,0.75,4
73,Kids,4,4,1,4,1.0,4
73,Kids,4,4,1,5,1.0,4
73,Kids,4,4,1,6,1.0,4
73,Kids,4,4,1,7,1.0,4
73,Kids,4,4,1,8,1.0,4
73,Kids,4,4,1,9,1.0,4
73,Kids,5,3,2,1,0.3333333333333333,3
73,Kids,5,3,2,2,0.3333333333333333,3
73,Kids,5,3,2,3,1.0,3
73,Kids,5,3,2,4,0.6666666666666666,3
73,Kids,5,3,2,5,1.0,3
73,Kids,5,3,2,6,1.0,3
73,Kids,5,3,2,7,1.0,3
73,Kids,5,3,2,8,0.6666666666666666,3
73,Kids,5,3,2,9,1.0,3
73,Kids,6,5,2,1,0.2,5
73,Kids,6,5,2,2,0.6,5
73,Kids,6,5,2,3,1.0,5
73,Kids,6,5,2,4,0.8,5
73,Kids,6,5,2,5,1.0,5
73,Kids,6,5,2,6,0.8,5
73,Kids,6,5,2,7,0.8,5
73,Kids,6,5,2,8,0.8,5
73,Kids,6,5,2,9,0.8,5
73,Kids,7,2,2,1,0.5,2
73,Kids,7,2,2,2,1.0,2
73,Kids,7,2,2,3,1.0,2
73,Kids,7,2,2,4,1.0,2
73,Kids,7,2,2,5,1.0,2
73,Kids,7,2,2,6,1.0,2
73,Kids,7,2,2,7,1.0,2
73,Kids,7,2,2,8,1.0,2
73,Kids,7,2,2,9,1.0,2
73,Kids,8,3,3,1,0.3333333333333333,3
73,Kids,8,3,3,2,0.6666666666666666,3
73,Kids,8,3,3,3,0.6666666666666666,3
73,Kids,8,3,3,4,1.0,3
73,Kids,8,3,3,5,1.0,3
73,Kids,8,3,3,6,1.0,3
73,Kids,8,3,3,7,1.0,3
73,Kids,8,3,3,8,1.0,3
73,Kids,8,3,3,9,1.0,3
73,Kids,9,5,3,1,0.4,5
73,Kids,9,5,3,2,0.4,5
73,Kids,9,5,3,3,0.8,5
73,Kids,9,5,3,4,0.4,5
73,Kids,9,5,3,5,1.0,5
73,Kids,9,5,3,6,0.75,4
73,Kids,9,5,3,7,0.6,5
73,Kids,9,5,3,8,0.6,5
73,Kids,9,5,3,9,0.8,5
73,Kids,10,4,2,1,0.25,4
73,Kids,10,4,2,2,0.75,4
73,Kids,10,4,2,3,0.5,4
73,Kids,10,4,2,4,0.75,4
73,Kids,10,4,2,5,0.75,4
73,Kids,10,4,2,6,1.0,4
73,Kids,10,4,2,7,1.0,4
73,Kids,10,4,2,8,1.0,4
73,Kids,10,4,2,9,1.0,4
74,Kids,1,2,1,1,1.0,2
74,Kids,1,2,1,2,1.0,2
74,Kids,1,2,1,3,1.0,2
74,Kids,1,2,1,4,1.0,2
74,Kids,1,2,1,5,1.0,2
74,Kids,1,2,1,6,1.0,2
74,Kids,1,2,1,7,1.0,2
74,Kids,1,2,1,8,1.0,2
74,Kids,1,2,1,9,1.0,2
74,Kids,2,3,1,1,0.6666666666666666,3
74,Kids,2,3,1,2,0.3333333333333333,3
74,Kids,2,3,1,3,1.0,3
74,Kids,2,3,1,4,0.6666666666666666,3
74,Kids,2,3,1,5,1.0,3
74,Kids,2,3,1,6,1.0,3
74,Kids,2,3,1,7,1.0,3
74,Kids,2,3,1,8,1.0,3
74,Kids,2,3,1,9,1.0,3
74,Kids,3,5,1,1,0.2,5
74,Kids,3,5,1,2,0.6,5
74,Kids,3,5,1,3,0.4,5
74,Kids,3,5,1,4,0.4,5
74,Kids,3,5,1,5,0.4,5
74,Kids,3,5,1,6,0.6,5
74,Kids,3,5,1,7,0.6,5
74,Kids,3,5,1,8,0.8,5
74,Kids,3,5,1,9,0.6,5
74,Kids,4,4,1,1,0.5,4
74,Kids,4,4,1,2,0.5,4
74,Kids,4,4,1,3,0.5,4
74,Kids,4,4,1,4,0.75,4
74,Kids,4,4,1,5,0.25,4
74,Kids,4,4,1,6,0.75,4
74,Kids,4,4,1,7,0.5,4
74,Kids,4,4,1,8,0.5,4
74,Kids,4,4,1,9,0.75,4
74,Kids,5,3,2,1,0.0,3
74,Kids,5,3,2,2,0.6666666666666666,3
74,Kids,5,3,2,3,0.3333333333333333,3
74,Kids,5,3,2,4,1.0,3
74,Kids,5,3,2,5,1.0,3
74,Kids,5,3,2,6,0.6666666666666666,3
74,Kids,5,3,2,7,1.0,3
74,Kids,5,3,2,8,1.0,3
74,Kids,5,3,2,9,1.0,3
74,Kids,6,5,2,1,0.2,5
74,Kids,6,5,2,2,0.6,5
74,Kids,6,5,2,3,0.6,5
74,Kids,6,5,2,4,0.6,5
74,Kids,6,5,2,5,0.4,5
74,Kids,6,5,2,6,0.4,5
74,Kids,6,5,2,7,0.8,5
74,Kids,6,5,2,8,1.0,5
74,Kids,6,5,2,9,0.4,5
74,Kids,7,2,2,1,1.0,2
74,Kids,7,2,2,2,1.0,2
74,Kids,7,2,2,3,1.0,2
74,Kids,7,2,2,4,1.0,2
74,Kids,7,2,2,5,1.0,2
74,Kids,7,2,2,6,1.0,2
74,Kids,7,2,2,7,1.0,2
74,Kids,7,2,2,8,1.0,2
74,Kids,7,2,2,9,1.0,2
74,Kids,8,3,3,1,1.0,3
74,Kids,8,3,3,2,1.0,3
74,Kids,8,3,3,3,0.6666666666666666,3
74,Kids,8,3,3,4,1.0,3
74,Kids,8,3,3,5,1.0,3
74,Kids,8,3,3,6,0.6666666666666666,3
74,Kids,8,3,3,7,1.0,3
74,Kids,8,3,3,8,1.0,3
74,Kids,8,3,3,9,1.0,3
74,Kids,9,5,3,1,0.4,5
74,Kids,9,5,3,2,0.6,5
74,Kids,9,5,3,3,0.6,5
74,Kids,9,5,3,4,0.6,5
74,Kids,9,5,3,5,0.6,5
74,Kids,9,5,3,6,0.6,5
74,Kids,9,5,3,7,1.0,5
74,Kids,9,5,3,8,0.6,5
74,Kids,9,5,3,9,0.8,5
74,Kids,10,4,2,1,0.25,4
74,Kids,10,4,2,2,0.5,4
74,Kids,10,4,2,3,0.75,4
74,Kids,10,4,2,4,0.75,4
74,Kids,10,4,2,5,0.75,4
74,Kids,10,4,2,6,0.75,4
74,Kids,10,4,2,7,0.75,4
74,Kids,10,4,2,8,0.75,4
74,Kids,10,4,2,9,1.0,4
75,Kids,1,2,1,1,0.0,2
75,Kids,1,2,1,2,0.0,2
75,Kids,1,2,1,3,1.0,2
75,Kids,1,2,1,4,1.0,2
75,Kids,1,2,1,5,0.0,2
75,Kids,1,2,1,6,0.5,2
75,Kids,1,2,1,7,1.0,2
75,Kids,1,2,1,8,1.0,2
75,Kids,1,2,1,9,1.0,2
75,Kids,2,3,1,1,0.3333333333333333,3
75,Kids,2,3,1,2,0.6666666666666666,3
75,Kids,2,3,1,3,1.0,3
75,Kids,2,3,1,4,1.0,3
75,Kids,2,3,1,5,1.0,3
75,Kids,2,3,1,6,0.6666666666666666,3
75,Kids,2,3,1,7,1.0,3
75,Kids,2,3,1,8,1.0,3
75,Kids,2,3,1,9,1.0,3
75,Kids,3,4,1,1,0.0,4
75,Kids,3,4,1,2,1.0,4
75,Kids,3,4,1,3,1.0,4
75,Kids,3,4,1,4,1.0,4
75,Kids,3,4,1,5,0.6666666666666666,3
75,Kids,3,4,1,6,1.0,4
75,Kids,3,4,1,7,1.0,4
75,Kids,3,4,1,8,1.0,4
75,Kids,3,4,1,9,1.0,4
75,Kids,4,5,1,1,0.4,5
75,Kids,4,5,1,2,0.6,5
75,Kids,4,5,1,3,0.8,5
75,Kids,4,5,1,4,0.4,5
75,Kids,4,5,1,5,0.4,5
75,Kids,4,5,1,6,0.4,5
75,Kids,4,5,1,7,0.4,5
75,Kids,4,5,1,8,0.8,5
75,Kids,4,5,1,9,0.6,5
75,Kids,5,3,2,1,1.0,3
75,Kids,5,3,2,2,1.0,3
75,Kids,5,3,2,3,1.0,3
75,Kids,5,3,2,4,1.0,3
75,Kids,5,3,2,5,1.0,3
75,Kids,5,3,2,6,1.0,3
75,Kids,5,3,2,7,1.0,3
75,Kids,5,3,2,8,1.0,3
75,Kids,5,3,2,9,1.0,3
75,Kids,6,5,2,1,0.0,5
75,Kids,6,5,2,2,0.2,5
75,Kids,6,5,2,3,0.6,5
75,Kids,6,5,2,4,0.4,5
75,Kids,6,5,2,5,0.4,5
75,Kids,6,5,2,6,0.6,5
75,Kids,6,5,2,7,0.8,5
75,Kids,6,5,2,8,0.8,5
75,Kids,6,5,2,9,1.0,5
75,Kids,7,2,2,1,0.5,2
75,Kids,7,2,2,2,0.5,2
75,Kids,7,2,2,3,0.5,2
75,Kids,7,2,2,4,1.0,2
75,Kids,7,2,2,5,1.0,2
75,Kids,7,2,2,6,1.0,2
75,Kids,7,2,2,7,1.0,2
75,Kids,7,2,2,8,1.0,2
75,Kids,7,2,2,9,1.0,2
75,Kids,8,3,3,1,0.3333333333333333,3
75,Kids,8,3,3,2,0.3333333333333333,3
75,Kids,8,3,3,3,1.0,3
75,Kids,8,3,3,4,1.0,3
75,Kids,8,3,3,5,1.0,3
75,Kids,8,3,3,6,1.0,3
75,Kids,8,3,3,7,1.0,3
75,Kids,8,3,3,8,1.0,3
75,Kids,8,3,3,9,1.0,3
75,Kids,9,4,2,1,0.5,4
75,Kids,9,4,2,2,0.75,4
75,Kids,9,4,2,3,1.0,4
75,Kids,9,4,2,4,1.0,4
75,Kids,9,4,2,5,1.0,4
75,Kids,9,4,2,6,1.0,4
75,Kids,9,4,2,7,1.0,4
75,Kids,9,4,2,8,1.0,4
75,Kids,9,4,2,9,1.0,4
75,Kids,10,5,3,1,0.2,5
75,Kids,10,5,3,2,0.6,5
75,Kids,10,5,3,3,0.6,5
75,Kids,10,5,3,4,0.8,5
75,Kids,10,5,3,5,1.0,5
75,Kids,10,5,3,6,1.0,5
75,Kids,10,5,3,7,1.0,5
75,Kids,10,5,3,8,1.0,5
75,Kids,10,5,3,9,1.0,5
76,Kids,1,2,1,1,0.5,2
76,Kids,1,2,1,2,1.0,2
76,Kids,1,2,1,3,1.0,2
76,Kids,1,2,1,4,1.0,2
76,Kids,1,2,1,5,1.0,2
76,Kids,1,2,1,6,1.0,2
76,Kids,1,2,1,7,1.0,2
76,Kids,1,2,1,8,1.0,2
76,Kids,1,2,1,9,1.0,2
76,Kids,2,3,1,1,0.0,3
76,Kids,2,3,1,2,0.0,3
76,Kids,2,3,1,3,0.3333333333333333,3
76,Kids,2,3,1,4,0.6666666666666666,3
76,Kids,2,3,1,5,0.6666666666666666,3
76,Kids,2,3,1,6,1.0,3
76,Kids,2,3,1,7,0.6666666666666666,3
76,Kids,2,3,1,8,1.0,3
76,Kids,2,3,1,9,1.0,3
76,Kids,3,4,1,1,0.5,4
76,Kids,3,4,1,2,0.25,4
76,Kids,3,4,1,3,0.75,4
76,Kids,3,4,1,4,0.5,4
76,Kids,3,4,1,5,0.25,4
76,Kids,3,4,1,6,0.75,4
76,Kids,3,4,1,7,1.0,4
76,Kids,3,4,1,8,1.0,4
76,Kids,3,4,1,9,0.75,4
76,Kids,4,5,1,1,0.2,5
76,Kids,4,5,1,2,0.8,5
76,Kids,4,5,1,3,0.8,5
76,Kids,4,5,1,4,0.4,5
76,Kids,4,5,1,5,0.4,5
76,Kids,4,5,1,6,0.4,5
76,Kids,4,5,1,7,0.25,4
76,Kids,4,5,1,8,0.4,5
76,Kids,4,5,1,9,0.2,5
76,Kids,5,3,2,1,0.3333333333333333,3
76,Kids,5,3,2,2,0.6666666666666666,3
76,Kids,5,3,2,3,1.0,3
76,Kids,5,3,2,4,1.0,3
76,Kids,5,3,2,5,1.0,3
76,Kids,5,3,2,6,1.0,3
76,Kids,5,3,2,7,1.0,3
76,Kids,5,3,2,8,1.0,3
76,Kids,5,3,2,9,1.0,3
76,Kids,6,5,2,1,0.2,5
76,Kids,6,5,2,2,1.0,5
76,Kids,6,5,2,3,0.8,5
76,Kids,6,5,2,4,0.8,5
76,Kids,6,5,2,5,0.8,5
76,Kids,6,5,2,6,1.0,5
76,Kids,6,5,2,7,1.0,5
76,Kids,6,5,2,8,1.0,5
76,Kids,6,5,2,9,1.0,5
76,Kids,7,2,2,1,0.5,2
76,Kids,7,2,2,2,1.0,2
76,Kids,7,2,2,3,1.0,2
76,Kids,7,2,2,4,1.0,2
76,Kids,7,2,2,5,1.0,2
76,Kids,7,2,2,6,1.0,2
76,Kids,7,2,2,7,1.0,2
76,Kids,7,2,2,8,1.0,2
76,Kids,7,2,2,9,1.0,2
76,Kids,8,3,3,1,0.0,3
76,Kids,8,3,3,2,1.0,3
76,Kids,8,3,3,3,0.6666666666666666,3
76,Kids,8,3,3,4,1.0,3
76,Kids,8,3,3,5,1.0,3
76,Kids,8,3,3,6,1.0,3
76,Kids,8,3,3,7,1.0,3
76,Kids,8,3,3,8,1.0,3
76,Kids,8,3,3,9,1.0,3
76,Kids,9,4,2,1,0.25,4
76,Kids,9,4,2,2,0.75,4
76,Kids,9,4,2,3,0.0,3
76,Kids,9,4,2,4,0.75,4
76,Kids,9,4,2,5,0.0,4
76,Kids,9,4,2,6,0.5,4
76,Kids,9,4,2,7,0.75,4
76,Kids,9,4,2,8,0.5,4
76,Kids,9,4,2,9,1.0,4
76,Kids,10,5,3,1,0.2,5
76,Kids,10,5,3,2,0.0,3
76,Kids,10,5,3,3,0.6,5
76,Kids,10,5,3,4,0.4,5
76,Kids,10,5,3,5,0.5,4
76,Kids,10,5,3,6,0.6,5
76,Kids,10,5,3,7,0.25,4
76,Kids,10,5,3,8,1.0,5
76,Kids,10,5,3,9,0.8,5
77,Kids,1,2,1,1,0.5,2
77,Kids,1,2,1,2,1.0,2
77,Kids,1,2,1,3,0.5,2
77,Kids,1,2,1,4,1.0,2
77,Kids,1,2,1,5,1.0,2
77,Kids,1,2,1,6,1.0,2
77,Kids,1,2,1,7,1.0,2
77,Kids,1,2,1,8,1.0,2
77,Kids,1,2,1,9,1.0,2
77,Kids,2,3,1,1,0.0,3
77,Kids,2,3,1,2,0.3333333333333333,3
77,Kids,2,3,1,3,0.6666666666666666,3
77,Kids,2,3,1,4,1.0,3
77,Kids,2,3,1,5,1.0,3
77,Kids,2,3,1,6,1.0,3
77,Kids,2,3,1,7,0.6666666666666666,3
77,Kids,2,3,1,8,1.0,3
77,Kids,2,3,1,9,1.0,3
77,Kids,3,4,1,1,0.25,4
77,Kids,3,4,1,2,0.5,4
77,Kids,3,4,1,3,0.75,4
77,Kids,3,4,1,4,1.0,4
77,Kids,3,4,1,5,0.75,4
77,Kids,3,4,1,6,1.0,4
77,Kids,3,4,1,7,1.0,4
77,Kids,3,4,1,8,0.75,4
77,Kids,3,4,1,9,0.75,4
77,Kids,4,5,1,1,0.8,5
77,Kids,4,5,1,2,0.8,5
77,Kids,4,5,1,3,1.0,5
77,Kids,4,5,1,4,1.0,5
77,Kids,4,5,1,5,1.0,5
77,Kids,4,5,1,6,1.0,5
77,Kids,4,5,1,7,1.0,5
77,Kids,4,5,1,8,1.0,5
77,Kids,4,5,1,9,1.0,5
77,Kids,5,3,2,1,0.3333333333333333,3
77,Kids,5,3,2,2,0.6666666666666666,3
77,Kids,5,3,2,3,1.0,3
77,Kids,5,3,2,4,1.0,3
77,Kids,5,3,2,5,1.0,3
77,Kids,5,3,2,6,1.0,3
77,Kids,5,3,2,7,1.0,3
77,Kids,5,3,2,8,1.0,3
77,Kids,5,3,2,9,1.0,3
77,Kids,6,5,2,1,0.2,5
77,Kids,6,5,2,2,0.2,5
77,Kids,6,5,2,3,0.6,5
77,Kids,6,5,2,4,0.8,5
77,Kids,6,5,2,5,0.8,5
77,Kids,6,5,2,6,0.8,5
77,Kids,6,5,2,7,0.8,5
77,Kids,6,5,2,8,1.0,5
77,Kids,6,5,2,9,0.8,5
77,Kids,7,2,2,1,1.0,2
77,Kids,7,2,2,2,0.5,2
77,Kids,7,2,2,3,1.0,2
77,Kids,7,2,2,4,1.0,2
77,Kids,7,2,2,5,1.0,2
77,Kids,7,2,2,6,1.0,2
77,Kids,7,2,2,7,1.0,2
77,Kids,7,2,2,8,1.0,2
77,Kids,7,2,2,9,0.5,2
77,Kids,8,3,3,1,0.3333333333333333,3
77,Kids,8,3,3,2,0.3333333333333333,3
77,Kids,8,3,3,3,1.0,3
77,Kids,8,3,3,4,1.0,3
77,Kids,8,3,3,5,1.0,3
77,Kids,8,3,3,6,1.0,3
77,Kids,8,3,3,7,1.0,3
77,Kids,8,3,3,8,0.6666666666666666,3
77,Kids,8,3,3,9,1.0,3
77,Kids,9,4,2,1,0.25,4
77,Kids,9,4,2,2,0.25,4
77,Kids,9,4,2,3,1.0,4
77,Kids,9,4,2,4,1.0,4
77,Kids,9,4,2,5,1.0,4
77,Kids,9,4,2,6,1.0,4
77,Kids,9,4,2,7,1.0,4
77,Kids,9,4,2,8,1.0,4
77,Kids,9,4,2,9,1.0,4
77,Kids,10,5,3,1,0.6,5
77,Kids,10,5,3,2,0.6,5
77,Kids,10,5,3,3,1.0,5
77,Kids,10,5,3,4,1.0,5
77,Kids,10,5,3,5,1.0,5
77,Kids,10,5,3,6,1.0,5
77,Kids,10,5,3,7,1.0,5
77,Kids,10,5,3,8,1.0,5
77,Kids,10,5,3,9,1.0,5
78,Kids,1,2,1,1,0.0,2
78,Kids,1,2,1,2,0.0,2
78,Kids,1,2,1,3,1.0,2
78,Kids,1,2,1,4,1.0,2
78,Kids,1,2,1,5,1.0,2
78,Kids,1,2,1,6,1.0,2
78,Kids,1,2,1,7,1.0,2
78,Kids,1,2,1,8,1.0,2
78,Kids,1,2,1,9,0.5,2
78,Kids,2,4,1,1,0.25,4
78,Kids,2,4,1,2,0.5,4
78,Kids,2,4,1,3,0.5,4
78,Kids,2,4,1,4,0.75,4
78,Kids,2,4,1,5,1.0,4
78,Kids,2,4,1,6,1.0,4
78,Kids,2,4,1,7,1.0,4
78,Kids,2,4,1,8,1.0,4
78,Kids,2,4,1,9,1.0,4
78,Kids,3,3,1,1,0.3333333333333333,3
78,Kids,3,3,1,2,0.3333333333333333,3
78,Kids,3,3,1,3,0.3333333333333333,3
78,Kids,3,3,1,4,1.0,3
78,Kids,3,3,1,5,1.0,3
78,Kids,3,3,1,6,1.0,3
78,Kids,3,3,1,7,1.0,3
78,Kids,3,3,1,8,1.0,3
78,Kids,3,3,1,9,0.6666666666666666,3
78,Kids,4,5,1,1,0.0,5
78,Kids,4,5,1,2,0.0,5
78,Kids,4,5,1,3,0.2,5
78,Kids,4,5,1,4,0.4,5
78,Kids,4,5,1,5,0.4,5
78,Kids,4,5,1,6,0.8,5
78,Kids,4,5,1,7,0.8,5
78,Kids,4,5,1,8,0.8,5
78,Kids,4,5,1,9,0.8,5
78,Kids,5,3,2,1,0.0,3
78,Kids,5,3,2,2,1.0,3
78,Kids,5,3,2,3,1.0,3
78,Kids,5,3,2,4,1.0,3
78,Kids,5,3,2,5,1.0,3
78,Kids,5,3,2,6,1.0,3
78,Kids,5,3,2,7,1.0,3
78,Kids,5,3,2,8,1.0,3
78,Kids,5,3,2,9,1.0,3
78,Kids,6,5,2,1,0.2,5
78,Kids,6,5,2,2,0.6,5
78,Kids,6,5,2,3,0.4,5
78,Kids,6,5,2,4,0.6,5
78,Kids,6,5,2,5,0.8,5
78,Kids,6,5,2,6,0.8,5
78,Kids,6,5,2,7,1.0,5
78,Kids,6,5,2,8,1.0,5
78,Kids,6,5,2,9,1.0,5
78,Kids,7,2,2,1,0.0,2
78,Kids,7,2,2,2,0.5,2
78,Kids,7,2,2,3,0.5,2
78,Kids,7,2,2,4,1.0,2
78,Kids,7,2,2,5,1.0,2
78,Kids,7,2,2,6,1.0,2
78,Kids,7,2,2,7,1.0,2
78,Kids,7,2,2,8,1.0,2
78,Kids,7,2,2,9,1.0,2
78,Kids,8,4,2,1,0.25,4
78,Kids,8,4,2,2,0.5,4
78,Kids,8,4,2,3,0.75,4
78,Kids,8,4,2,4,1.0,4
78,Kids,8,4,2,5,1.0,4
78,Kids,8,4,2,6,1.0,4
78,Kids,8,4,2,7,1.0,4
78,Kids,8,4,2,8,1.0,4
78,Kids,8,4,2,9,1.0,4
78,Kids,9,3,3,1,0.3333333333333333,3
78,Kids,9,3,3,2,1.0,3
78,Kids,9,3,3,3,1.0,3
78,Kids,9,3,3,4,1.0,3
78,Kids,9,3,3,5,1.0,3
78,Kids,9,3,3,6,1.0,3
78,Kids,9,3,3,7,1.0,3
78,Kids,9,3,3,8,1.0,3
78,Kids,9,3,3,9,1.0,3
78,Kids,10,5,3,1,0.2,5
78,Kids,10,5,3,2,0.6,5
78,Kids,10,5,3,3,0.8,5
78,Kids,10,5,3,4,1.0,5
78,Kids,10,5,3,5,1.0,5
78,Kids,10,5,3,6,1.0,5
78,Kids,10,5,3,7,1.0,5
78,Kids,10,5,3,8,1.0,5
78,Kids,10,5,3,9,1.0,5
79,Kids,1,2,1,1,0.5,2
79,Kids,1,2,1,2,1.0,2
79,Kids,1,2,1,3,1.0,2
79,Kids,1,2,1,4,0.0,2
79,Kids,1,2,1,5,0.0,2
79,Kids,1,2,1,6,1.0,2
79,Kids,1,2,1,7,1.0,2
79,Kids,1,2,1,8,1.0,2
79,Kids,1,2,1,9,1.0,2
79,Kids,2,3,1,1,0.0,3
79,Kids,2,3,1,2,0.6666666666666666,3
79,Kids,2,3,1,3,0.6666666666666666,3
79,Kids,2,3,1,4,0.6666666666666666,3
79,Kids,2,3,1,5,1.0,3
79,Kids,2,3,1,6,1.0,3
79,Kids,2,3,1,7,0.6666666666666666,3
79,Kids,2,3,1,8,1.0,3
79,Kids,2,3,1,9,1.0,3
79,Kids,3,4,1,1,0.5,4
79,Kids,3,4,1,2,0.75,4
79,Kids,3,4,1,3,0.5,4
79,Kids,3,4,1,4,1.0,4
79,Kids,3,4,1,5,1.0,4
79,Kids,3,4,1,6,1.0,4
79,Kids,3,4,1,7,1.0,4
79,Kids,3,4,1,8,1.0,4
79,Kids,3,4,1,9,1.0,4
79,Kids,4,5,1,1,0.0,5
79,Kids,4,5,1,2,0.4,5
79,Kids,4,5,1,3,0.4,5
79,Kids,4,5,1,4,0.4,5
79,Kids,4,5,1,5,0.8,5
79,Kids,4,5,1,6,0.8,5
79,Kids,4,5,1,7,1.0,5
79,Kids,4,5,1,8,0.8,5
79,Kids,4,5,1,9,1.0,5
79,Kids,5,3,2,1,0.3333333333333333,3
79,Kids,5,3,2,2,0.3333333333333333,3
79,Kids,5,3,2,3,0.3333333333333333,3
79,Kids,5,3,2,4,0.3333333333333333,3
79,Kids,5,3,2,5,0.6666666666666666,3
79,Kids,5,3,2,6,1.0,3
79,Kids,5,3,2,7,0.6666666666666666,3
79,Kids,5,3,2,8,1.0,3
79,Kids,5,3,2,9,1.0,3
79,Kids,6,5,2,1,0.2,5
79,Kids,6,5,2,2,0.0,5
79,Kids,6,5,2,3,0.2,5
79,Kids,6,5,2,4,0.4,5
79,Kids,6,5,2,5,0.2,5
79,Kids,6,5,2,6,0.4,5
79,Kids,6,5,2,7,0.8,5
79,Kids,6,5,2,8,0.8,5
79,Kids,6,5,2,9,1.0,5
79,Kids,7,2,2,1,1.0,2
79,Kids,7,2,2,2,1.0,2
79,Kids,7,2,2,3,1.0,2
79,Kids,7,2,2,4,0.5,2
79,Kids,7,2,2,5,1.0,2
79,Kids,7,2,2,6,1.0,2
79,Kids,7,2,2,7,1.0,2
79,Kids,7,2,2,8,0.5,2
79,Kids,7,2,2,9,1.0,2
79,Kids,8,3,3,1,0.6666666666666666,3
79,Kids,8,3,3,2,0.6666666666666666,3
79,Kids,8,3,3,3,1.0,3
79,Kids,8,3,3,4,1.0,3
79,Kids,8,3,3,5,1.0,3
79,Kids,8,3,3,6,1.0,3
79,Kids,8,3,3,7,1.0,3
79,Kids,8,3,3,8,1.0,3
79,Kids,8,3,3,9,1.0,3
79,Kids,9,4,2,1,0.5,4
79,Kids,9,4,2,2,0.5,4
79,Kids,9,4,2,3,1.0,4
79,Kids,9,4,2,4,0.75,4
79,Kids,9,4,2,5,0.5,4
79,Kids,9,4,2,6,1.0,4
79,Kids,9,4,2,7,1.0,4
79,Kids,9,4,2,8,1.0,4
79,Kids,9,4,2,9,1.0,4
79,Kids,10,5,3,1,0.0,5
79,Kids,10,5,3,2,0.6,5
79,Kids,10,5,3,3,0.8,5
79,Kids,10,5,3,4,0.8,5
79,Kids,10,5,3,5,0.8,5
79,Kids,10,5,3,6,1.0,5
79,Kids,10,5,3,7,0.8,5
79,Kids,10,5,3,8,1.0,5
79,Kids,10,5,3,9,1.0,5
80,Teens,1,2,1,1,0.0,2
80,Teens,1,2,1,2,0.0,2
80,Teens,1,2,1,3,0.0,2
80,Teens,1,2,1,4,0.5,2
80,Teens,1,2,1,5,1.0,2
80,Teens,1,2,1,6,1.0,2
80,Teens,1,2,1,7,0.5,2
80,Teens,1,2,1,8,1.0,2
80,Teens,1,2,1,9,1.0,2
80,Teens,2,3,1,1,0.3333333333333333,3
80,Teens,2,3,1,2,0.3333333333333333,3
80,Teens,2,3,1,3,0.6666666666666666,3
80,Teens,2,3,1,4,0.6666666666666666,3
80,Teens,2,3,1,5,1.0,3
80,Teens,2,3,1,6,1.0,3
80,Teens,2,3,1,7,1.0,3
80,Teens,2,3,1,8,1.0,3
80,Teens,2,3,1,9,1.0,3
80,Teens,3,4,1,1,0.75,4
80,Teens,3,4,1,2,0.75,4
80,Teens,3,4,1,3,0.75,4
80,Teens,3,4,1,4,1.0,4
80,Teens,3,4,1,5,1.0,4
80,Teens,3,4,1,6,1.0,4
80,Teens,3,4,1,7,1.0,4
80,Teens,3,4,1,8,1.0,4
80,Teens,3,4,1,9,1.0,4
80,Teens,4,5,1,1,0.25,4
80,Teens,4,5,1,2,0.2,5
80,Teens,4,5,1,3,0.6,5
80,Teens,4,5,1,4,0.6,5
80,Teens,4,5,1,5,0.6,5
80,Teens,4,5,1,6,0.8,5
80,Teens,4,5,1,7,1.0,5
80,Teens,4,5,1,8,0.8,5
80,Teens,4,5,1,9,1.0,5
80,Teens,5,3,2,1,0.3333333333333333,3
80,Teens,5,3,2,2,0.0,3
80,Teens,5,3,2,3,0.6666666666666666,3
80,Teens,5,3,2,4,1.0,3
80,Teens,5,3,2,5,1.0,3
80,Teens,5,3,2,6,1.0,3
80,Teens,5,3,2,7,1.0,3
80,Teens,5,3,2,8,1.0,3
80,Teens,5,3,2,9,1.0,3
80,Teens,6,5,2,1,0.4,5
80,Teens,6,5,2,2,0.8,5
80,Teens,6,5,2,3,0.2,5
80,Teens,6,5,2,4,0.2,5
80,Teens,6,5,2,5,0.4,5
80,Teens,6,5,2,6,0.4,5
80,Teens,6,5,2,7,0.2,5
80,Teens,6,5,2,8,0.8,5
80,Teens,6,5,2,9,0.8,5
80,Teens,7,2,2,1,0.5,2
80,Teens,7,2,2,2,1.0,2
80,Teens,7,2,2,3,1.0,2
80,Teens,7,2,2,4,1.0,2
80,Teens,7,2,2,5,1.0,2
80,Teens,7,2,2,6,1.0,2
80,Teens,7,2,2,7,1.0,2
80,Teens,7,2,2,8,1.0,2
80,Teens,7,2,2,9,1.0,2
80,Teens,8,3,3,1,0.3333333333333333,3
80,Teens,8,3,3,2,0.3333333333333333,3
80,Teens,8,3,3,3,0.3333333333333333,3
80,Teens,8,3,3,4,0.6666666666666666,3
80,Teens,8,3,3,5,0.6666666666666666,3
80,Teens,8,3,3,6,1.0,3
80,Teens,8,3,3,7,1.0,3
80,Teens,8,3,3,8,1.0,3
80,Teens,8,3,3,9,1.0,3
80,Teens,9,4,2,1,0.5,4
80,Teens,9,4,2,2,0.5,4
80,Teens,9,4,2,3,0.5,4
80,Teens,9,4,2,4,0.75,4
80,Teens,9,4,2,5,1.0,4
80,Teens,9,4,2,6,0.75,4
80,Teens,9,4,2,7,1.0,4
80,Teens,9,4,2,8,1.0,4
80,Teens,9,4,2,9,0.75,4
80,Teens,10,5,3,1,0.4,5
80,Teens,10,5,3,2,0.8,5
80,Teens,10,5,3,3,1.0,5
80,Teens,10,5,3,4,0.6,5
80,Teens,10,5,3,5,0.6,5
80,Teens,10,5,3,6,0.6,5
80,Teens,10,5,3,7,1.0,5
80,Teens,10,5,3,8,1.0,5
80,Teens,10,5,3,9,0.8,5
81,Teens,1,2,1,1,0.5,2
81,Teens,1,2,1,2,1.0,2
81,Teens,1,2,1,3,1.0,2
81,Teens,1,2,1,4,1.0,2
81,Teens,1,2,1,5,1.0,2
81,Teens,1,2,1,6,1.0,2
81,Teens,1,2,1,7,1.0,2
81,Teens,1,2,1,8,1.0,2
81,Teens,1,2,1,9,1.0,2
81,Teens,2,3,1,1,0.0,3
81,Teens,2,3,1,2,0.6666666666666666,3
81,Teens,2,3,1,3,1.0,3
81,Teens,2,3,1,4,1.0,3
81,Teens,2,3,1,5,1.0,3
81,Teens,2,3,1,6,0.6666666666666666,3
81,Teens,2,3,1,7,0.6666666666666666,3
81,Teens,2,3,1,8,1.0,3
81,Teens,2,3,1,9,1.0,3
81,Teens,3,4,1,1,0.5,4
81,Teens,3,4,1,2,0.75,4
81,Teens,3,4,1,3,0.75,4
81,Teens,3,4,1,4,1.0,4
81,Teens,3,4,1,5,1.0,4
81,Teens,3,4,1,6,1.0,4
81,Teens,3,4,1,7,1.0,4
81,Teens,3,4,1,8,0.75,4
81,Teens,3,4,1,9,1.0,4
81,Teens,4,5,1,1,0.6,5
81,Teens,4,5,1,2,0.4,5
81,Teens,4,5,1,3,0.6,5
81,Teens,4,5,1,4,0.4,5
81,Teens,4,5,1,5,0.4,5
81,Teens,4,5,1,6,0.6,5
81,Teens,4,5,1,7,0.6,5
81,Teens,4,5,1,8,0.6,5
81,Teens,4,5,1,9,0.8,5
81,Teens,5,3,2,1,0.3333333333333333,3
81,Teens,5,3,2,2,1.0,3
81,Teens,5,3,2,3,1.0,3
81,Teens,5,3,2,4,1.0,3
81,Teens,5,3,2,5,1.0,3
81,Teens,5,3,2,6,1.0,3
81,Teens,5,3,2,7,0.6666666666666666,3
81,Teens,5,3,2,8,1.0,3
81,Teens,5,3,2,9,1.0,3
81,Teens,6,5,2,1,0.25,4
81,Teens,6,5,2,2,0.4,5
81,Teens,6,5,2,3,0.6,5
81,Teens,6,5,2,4,0.8,5
81,Teens,6,5,2,5,0.6,5
81,Teens,6,5,2,6,0.6,5
81,Teens,6,5,2,7,0.4,5
81,Teens,6,5,2,8,0.2,5
81,Teens,6,5,2,9,0.6,5
81,Teens,7,2,2,1,0.0,1
81,Teens,7,2,2,2,0.5,2
81,Teens,7,2,2,3,1.0,2
81,Teens,7,2,2,4,1.0,2
81,Teens,7,2,2,5,1.0,2
81,Teens,7,2,2,6,1.0,2
81,Teens,7,2,2,7,1.0,2
81,Teens,7,2,2,8,1.0,2
81,Teens,7,2,2,9,1.0,2
81,Teens,8,3,3,1,0.3333333333333333,3
81,Teens,8,3,3,2,0.3333333333333333,3
81,Teens,8,3,3,3,0.6666666666666666,3
81,Teens,8,3,3,4,0.6666666666666666,3
81,Teens,8,3,3,5,1.0,3
81,Teens,8,3,3,6,1.0,3
81,Teens,8,3,3,7,0.3333333333333333,3
81,Teens,8,3,3,8,1.0,3
81,Teens,8,3,3,9,1.0,3
81,Teens,9,4,2,1,0.75,4
81,Teens,9,4,2,2,0.75,4
81,Teens,9,4,2,3,1.0,4
81,Teens,9,4,2,4,1.0,4
81,Teens,9,4,2,5,1.0,4
81,Teens,9,4,2,6,1.0,4
81,Teens,9,4,2,7,1.0,4
81,Teens,9,4,2,8,1.0,4
81,Teens,9,4,2,9,1.0,4
81,Teens,10,5,3,1,0.8,5
81,Teens,10,5,3,2,1.0,5
81,Teens,10,5,3,3,0.8,5
81,Teens,10,5,3,4,1.0,5
81,Teens,10,5,3,5,1.0,5
81,Teens,10,5,3,6,1.0,5
81,Teens,10,5,3,7,1.0,5
81,Teens,10,5,3,8,1.0,5
81,Teens,10,5,3,9,1.0,5
82,Teens,1,2,1,1,0.5,2
82,Teens,1,2,1,2,1.0,2
82,Teens,1,2,1,3,1.0,2
82,Teens,1,2,1,4,1.0,2
82,Teens,1,2,1,5,1.0,2
82,Teens,1,2,1,6,1.0,2
82,Teens,1,2,1,7,1.0,2
82,Teens,1,2,1,8,1.0,2
82,Teens,1,2,1,9,1.0,2
82,Teens,2,3,1,1,0.0,3
82,Teens,2,3,1,2,0.0,3
82,Teens,2,3,1,3,0.6666666666666666,3
82,Teens,2,3,1,4,0.3333333333333333,3
82,Teens,2,3,1,5,1.0,3
82,Teens,2,3,1,6,1.0,3
82,Teens,2,3,1,7,1.0,3
82,Teens,2,3,1,8,1.0,3
82,Teens,2,3,1,9,1.0,3
82,Teens,3,5,1,1,0.4,5
82,Teens,3,5,1,2,0.6,5
82,Teens,3,5,1,3,1.0,5
82,Teens,3,5,1,4,0.8,5
82,Teens,3,5,1,5,1.0,5
82,Teens,3,5,1,6,1.0,5
82,Teens,3,5,1,7,1.0,5
82,Teens,3,5,1,8,1.0,5
82,Teens,3,5,1,9,0.8,5
82,Teens,4,4,1,1,0.5,4
82,Teens,4,4,1,2,1.0,4
82,Teens,4,4,1,3,0.75,4
82,Teens,4,4,1,4,1.0,4
82,Teens,4,4,1,5,1.0,4
82,Teens,4,4,1,6,1.0,4
82,Teens,4,4,1,7,1.0,4
82,Teens,4,4,1,8,1.0,4
82,Teens,4,4,1,9,1.0,4
82,Teens,5,3,2,1,0.3333333333333333,3
82,Teens,5,3,2,2,0.3333333333333333,3
82,Teens,5,3,2,3,1.0,3
82,Teens,5,3,2,4,1.0,3
82,Teens,5,3,2,5,1.0,3
82,Teens,5,3,2,6,1.0,3
82,Teens,5,3,2,7,1.0,3
82,Teens,5,3,2,8,1.0,3
82,Teens,5,3,2,9,1.0,3
82,Teens,6,5,2,1,0.2,5
82,Teens,6,5,2,2,0.6,5
82,Teens,6,5,2,3,1.0,5
82,Teens,6,5,2,4,1.0,5
82,Teens,6,5,2,5,1.0,5
82,Teens,6,5,2,6,1.0,5
82,Teens,6,5,2,7,1.0,5
82,Teens,6,5,2,8,1.0,5
82,Teens,6,5,2,9,0.8,5
82,Teens,7,2,2,1,0.5,2
82,Teens,7,2,2,2,1.0,2
82,Teens,7,2,2,3,1.0,2
82,Teens,7,2,2,4,1.0,2
82,Teens,7,2,2,5,1.0,2
82,Teens,7,2,2,6,1.0,2
82,Teens,7,2,2,7,1.0,2
82,Teens,7,2,2,8,1.0,2
82,Teens,7,2,2,9,1.0,2
82,Teens,8,3,3,1,1.0,3
82,Teens,8,3,3,2,1.0,3
82,Teens,8,3,3,3,1.0,3
82,Teens,8,3,3,4,1.0,3
82,Teens,8,3,3,5,1.0,3
82,Teens,8,3,3,6,1.0,3
82,Teens,8,3,3,7,1.0,3
82,Teens,8,3,3,8,1.0,3
82,Teens,8,3,3,9,1.0,3
82,Teens,9,5,3,1,0.4,5
82,Teens,9,5,3,2,0.6,5
82,Teens,9,5,3,3,1.0,5
82,Teens,9,5,3,4,0.8,5
82,Teens,9,5,3,5,0.8,5
82,Teens,9,5,3,6,1.0,5
82,Teens,9,5,3,7,1.0,5
82,Teens,9,5,3,8,1.0,5
82,Teens,9,5,3,9,1.0,5
82,Teens,10,4,2,1,0.25,4
82,Teens,10,4,2,2,0.5,4
82,Teens,10,4,2,3,0.75,4
82,Teens,10,4,2,4,1.0,4
82,Teens,10,4,2,5,1.0,4
82,Teens,10,4,2,6,1.0,4
82,Teens,10,4,2,7,1.0,4
82,Teens,10,4,2,8,1.0,4
82,Teens,10,4,2,9,1.0,4
83,Kids,1,2,1,1,0.0,2
83,Kids,1,2,1,2,0.5,2
83,Kids,1,2,1,3,1.0,2
83,Kids,1,2,1,4,0.0,2
83,Kids,1,2,1,5,1.0,2
83,Kids,1,2,1,6,1.0,2
83,Kids,1,2,1,7,1.0,2
83,Kids,1,2,1,8,0.5,2
83,Kids,1,2,1,9,1.0,2
83,Kids,2,3,1,1,0.6666666666666666,3
83,Kids,2,3,1,2,0.3333333333333333,3
83,Kids,2,3,1,3,0.6666666666666666,3
83,Kids,2,3,1,4,0.6666666666666666,3
83,Kids,2,3,1,5,1.0,3
83,Kids,2,3,1,6,1.0,3
83,Kids,2,3,1,7,1.0,3
83,Kids,2,3,1,8,0.6666666666666666,3
83,Kids,2,3,1,9,0.6666666666666666,3
83,Kids,3,5,1,1,0.0,5
83,Kids,3,5,1,2,0.8,5
83,Kids,3,5,1,3,0.2,5
83,Kids,3,5,1,4,0.2,5
83,Kids,3,5,1,5,0.4,5
83,Kids,3,5,1,6,0.4,5
83,Kids,3,5,1,7,0.2,5
83,Kids,3,5,1,8,0.6,5
83,Kids,3,5,1,9,0.2,5
83,Kids,4,4,1,1,0.5,4
83,Kids,4,4,1,2,0.5,4
83,Kids,4,4,1,3,0.75,4
83,Kids,4,4,1,4,0.75,4
83,Kids,4,4,1,5,0.5,4
83,Kids,4,4,1,6,0.75,4
83,Kids,4,4,1,7,0.75,4
83,Kids,4,4,1,8,1.0,4
83,Kids,4,4,1,9,1.0,4
83,Kids,5,3,2,1,0.3333333333333333,3
83,Kids,5,3,2,2,1.0,3
83,Kids,5,3,2,3,0.6666666666666666,3
83,Kids,5,3,2,4,0.0,3
83,Kids,5,3,2,5,0.6666666666666666,3
83,Kids,5,3,2,6,0.6666666666666666,3
83,Kids,5,3,2,7,0.3333333333333333,3
83,Kids,5,3,2,8,0.3333333333333333,3
83,Kids,5,3,2,9,0.6666666666666666,3
83,Kids,6,5,2,1,0.0,5
83,Kids,6,5,2,2,0.6,5
83,Kids,6,5,2,3,0.6,5
83,Kids,6,5,2,4,1.0,5
83,Kids,6,5,2,5,0.6,5
83,Kids,6,5,2,6,0.6,5
83,Kids,6,5,2,7,0.4,5
83,Kids,6,5,2,8,0.8,5
83,Kids,6,5,2,9,1.0,5
83,Kids,7,2,2,1,0.0,1
83,Kids,7,2,2,2,0.0,2
83,Kids,7,2,2,3,0.0,2
83,Kids,7,2,2,4,0.0,2
83,Kids,7,2,2,5,1.0,2
83,Kids,7,2,2,6,1.0,2
83,Kids,7,2,2,7,0.5,2
83,Kids,7,2,2,8,1.0,2
83,Kids,7,2,2,9,1.0,2
83,Kids,8,3,3,1,0.3333333333333333,3
83,Kids,8,3,3,2,0.6666666666666666,3
83,Kids,8,3,3,3,1.0,3
83,Kids,8,3,3,4,0.6666666666666666,3
83,Kids,8,3,3,5,0.0,3
83,Kids,8,3,3,6,0.3333333333333333,3
83,Kids,8,3,3,7,1.0,3
83,Kids,8,3,3,8,0.6666666666666666,3
83,Kids,8,3,3,9,1.0,3
83,Kids,9,5,3,1,0.6,5
83,Kids,9,5,3,2,0.6,5
83,Kids,9,5,3,3,0.8,5
83,Kids,9,5,3,4,0.8,5
83,Kids,9,5,3,5,1.0,5
83,Kids,9,5,3,6,1.0,5
83,Kids,9,5,3,7,0.8,5
83,Kids,9,5,3,8,0.8,5
83,Kids,9,5,3,9,0.6,5
83,Kids,10,4,2,1,0.25,4
83,Kids,10,4,2,2,0.25,4
83,Kids,10,4,2,3,0.5,4
83,Kids,10,4,2,4,0.25,4
83,Kids,10,4,2,5,0.25,4
83,Kids,10,4,2,6,0.25,4
83,Kids,10,4,2,7,0.25,4
83,Kids,10,4,2,8,0.25,4
83,Kids,10,4,2,9,0.5,4
84,Kids,1,2,1,1,0.0,2
84,Kids,1,2,1,2,1.0,2
84,Kids,1,2,1,3,0.5,2
84,Kids,1,2,1,4,1.0,2
84,Kids,1,2,1,5,1.0,2
84,Kids,1,2,1,6,1.0,2
84,Kids,1,2,1,7,1.0,2
84,Kids,1,2,1,8,1.0,2
84,Kids,1,2,1,9,0.5,2
84,Kids,2,3,1,1,0.6666666666666666,3
84,Kids,2,3,1,2,0.3333333333333333,3
84,Kids,2,3,1,3,0.6666666666666666,3
84,Kids,2,3,1,4,0.3333333333333333,3
84,Kids,2,3,1,5,1.0,3
84,Kids,2,3,1,6,1.0,3
84,Kids,2,3,1,7,0.6666666666666666,3
84,Kids,2,3,1,8,0.6666666666666666,3
84,Kids,2,3,1,9,1.0,3
84,Kids,3,5,1,1,0.4,5
84,Kids,3,5,1,2,0.2,5
84,Kids,3,5,1,3,0.4,5
84,Kids,3,5,1,4,0.6,5
84,Kids,3,5,1,5,0.8,5
84,Kids,3,5,1,6,0.8,5
84,Kids,3,5,1,7,1.0,5
84,Kids,3,5,1,8,1.0,5
84,Kids,3,5,1,9,1.0,5
84,Kids,4,4,1,1,0.25,4
84,Kids,4,4,1,2,0.5,4
84,Kids,4,4,1,3,0.75,4
84,Kids,4,4,1,4,0.75,4
84,Kids,4,4,1,5,0.5,4
84,Kids,4,4,1,6,1.0,4
84,Kids,4,4,1,7,0.75,4
84,Kids,4,4,1,8,1.0,4
84,Kids,4,4,1,9,1.0,4
84,Kids,5,3,2,1,0.6666666666666666,3
84,Kids,5,3,2,2,1.0,3
84,Kids,5,3,2,3,1.0,3
84,Kids,5,3,2,4,1.0,3
84,Kids,5,3,2,5,1.0,3
84,Kids,5,3,2,6,1.0,3
84,Kids,5,3,2,7,1.0,3
84,Kids,5,3,2,8,1.0,3
84,Kids,5,3,2,9,1.0,3
84,Kids,6,5,2,1,0.2,5
84,Kids,6,5,2,2,0.4,5
84,Kids,6,5,2,3,0.2,5
84,Kids,6,5,2,4,0.8,5
84,Kids,6,5,2,5,1.0,5
84,Kids,6,5,2,6,0.6,5
84,Kids,6,5,2,7,1.0,5
84,Kids,6,5,2,8,1.0,5
84,Kids,6,5,2,9,0.8,5
84,Kids,7,2,2,1,1.0,2
84,Kids,7,2,2,2,1.0,2
84,Kids,7,2,2,3,1.0,2
84,Kids,7,2,2,4,1.0,2
84,Kids,7,2,2,5,1.0,2
84,Kids,7,2,2,6,1.0,2
84,Kids,7,2,2,7,0.5,2
84,Kids,7,2,2,8,1.0,2
84,Kids,7,2,2,9,1.0,2
84,Kids,8,3,3,1,0.3333333333333333,3
84,Kids,8,3,3,2,0.3333333333333333,3
84,Kids,8,3,3,3,1.0,3
84,Kids,8,3,3,4,0.6666666666666666,3
84,Kids,8,3,3,5,1.0,3
84,Kids,8,3,3,6,0.6666666666666666,3
84,Kids,8,3,3,7,0.6666666666666666,3
84,Kids,8,3,3,8,1.0,3
84,Kids,8,3,3,9,0.6666666666666666,3
84,Kids,9,5,3,1,0.6,5
84,Kids,9,5,3,2,0.6,5
84,Kids,9,5,3,3,0.6,5
84,Kids,9,5,3,4,0.6,5
84,Kids,9,5,3,5,0.8,5
84,Kids,9,5,3,6,0.6,5
84,Kids,9,5,3,7,1.0,5
84,Kids,9,5,3,8,1.0,5
84,Kids,9,5,3,9,0.8,5
84,Kids,10,4,2,1,0.5,4
84,Kids,10,4,2,2,0.75,4
84,Kids,10,4,2,3,1.0,4
84,Kids,10,4,2,4,1.0,4
84,Kids,10,4,2,5,1.0,4
84,Kids,10,4,2,6,1.0,4
84,Kids,10,4,2,7,1.0,4
84,Kids,10,4,2,8,1.0,4
84,Kids,10,4,2,9,1.0,4
85,Kids,1,2,1,1,0.5,2
85,Kids,1,2,1,2,0.0,1
85,Kids,1,2,1,3,1.0,2
85,Kids,1,2,1,4,1.0,2
85,Kids,1,2,1,5,1.0,2
85,Kids,1,2,1,6,1.0,2
85,Kids,1,2,1,7,1.0,2
85,Kids,1,2,1,8,0.5,2
85,Kids,1,2,1,9,1.0,2
85,Kids,2,3,1,1,0.3333333333333333,3
85,Kids,2,3,1,2,0.6666666666666666,3
85,Kids,2,3,1,3,0.3333333333333333,3
85,Kids,2,3,1,4,1.0,3
85,Kids,2,3,1,5,1.0,3
85,Kids,2,3,1,6,1.0,3
85,Kids,2,3,1,7,1.0,3
85,Kids,2,3,1,8,0.6666666666666666,3
85,Kids,2,3,1,9,1.0,3
85,Kids,3,4,1,1,0.25,4
85,Kids,3,4,1,2,0.75,4
85,Kids,3,4,1,3,0.75,4
85,Kids,3,4,1,4,1.0,4
85,Kids,3,4,1,5,1.0,4
85,Kids,3,4,1,6,1.0,4
85,Kids,3,4,1,7,1.0,4
85,Kids,3,4,1,8,1.0,4
85,Kids,3,4,1,9,1.0,4
85,Kids,4,5,1,1,0.4,5
85,Kids,4,5,1,2,0.2,5
85,Kids,4,5,1,3,0.6,5
85,Kids,4,5,1,4,0.2,5
85,Kids,4,5,1,5,0.6,5
85,Kids,4,5,1,6,0.6,5
85,Kids,4,5,1,7,0.8,5
85,Kids,4,5,1,8,0.6,5
85,Kids,4,5,1,9,1.0,5
85,Kids,5,3,2,1,0.3333333333333333,3
85,Kids,5,3,2,2,0.6666666666666666,3
85,Kids,5,3,2,3,1.0,3
85,Kids,5,3,2,4,1.0,3
85,Kids,5,3,2,5,1.0,3
85,Kids,5,3,2,6,1.0,3
85,Kids,5,3,2,7,1.0,3
85,Kids,5,3,2,8,1.0,3
85,Kids,5,3,2,9,1.0,3
85,Kids,6,5,2,1,0.2,5
85,Kids,6,5,2,2,0.4,5
85,Kids,6,5,2,3,0.8,5
85,Kids,6,5,2,4,1.0,5
85,Kids,6,5,2,5,1.0,5
85,Kids,6,5,2,6,0.8,5
85,Kids,6,5,2,7,1.0,5
85,Kids,6,5,2,8,0.8,5
85,Kids,6,5,2,9,0.8,5
85,Kids,7,2,2,1,0.0,2
85,Kids,7,2,2,2,0.5,2
85,Kids,7,2,2,3,1.0,2
85,Kids,7,2,2,4,1.0,2
85,Kids,7,2,2,5,0.5,2
85,Kids,7,2,2,6,1.0,2
85,Kids,7,2,2,7,1.0,2
85,Kids,7,2,2,8,1.0,2
85,Kids,7,2,2,9,0.5,2
85,Kids,8,3,3,1,0.6666666666666666,3
85,Kids,8,3,3,2,1.0,3
85,Kids,8,3,3,3,1.0,3
85,Kids,8,3,3,4,1.0,3
85,Kids,8,3,3,5,1.0,3
85,Kids,8,3,3,6,1.0,3
85,Kids,8,3,3,7,1.0,3
85,Kids,8,3,3,8,1.0,3
85,Kids,8,3,3,9,1.0,3
85,Kids,9,4,2,1,0.25,4
85,Kids,9,4,2,2,0.75,4
85,Kids,9,4,2,3,0.75,4
85,Kids,9,4,2,4,0.75,4
85,Kids,9,4,2,5,1.0,4
85,Kids,9,4,2,6,1.0,4
85,Kids,9,4,2,7,1.0,4
85,Kids,9,4,2,8,1.0,4
85,Kids,9,4,2,9,1.0,4
85,Kids,10,5,3,1,0.2,5
85,Kids,10,5,3,2,0.2,5
85,Kids,10,5,3,3,0.6,5
85,Kids,10,5,3,4,1.0,5
85,Kids,10,5,3,5,1.0,5
85,Kids,10,5,3,6,1.0,5
85,Kids,10,5,3,7,0.8,5
85,Kids,10,5,3,8,0.8,5
85,Kids,10,5,3,9,1.0,5
86,Kids,1,2,1,1,0.5,2
86,Kids,1,2,1,2,1.0,2
86,Kids,1,2,1,3,0.5,2
86,Kids,1,2,1,4,1.0,2
86,Kids,1,2,1,5,1.0,2
86,Kids,1,2,1,6,1.0,2
86,Kids,1,2,1,7,1.0,2
86,Kids,1,2,1,8,1.0,2
86,Kids,1,2,1,9,0.5,2
86,Kids,2,3,1,1,0.0,3
86,Kids,2,3,1,2,0.6666666666666666,3
86,Kids,2,3,1,3,0.0,3
86,Kids,2,3,1,4,0.6666666666666666,3
86,Kids,2,3,1,5,0.6666666666666666,3
86,Kids,2,3,1,6,0.6666666666666666,3
86,Kids,2,3,1,7,0.6666666666666666,3
86,Kids,2,3,1,8,1.0,3
86,Kids,2,3,1,9,1.0,3
86,Kids,3,4,1,1,0.25,4
86,Kids,3,4,1,2,0.5,4
86,Kids,3,4,1,3,0.25,4
86,Kids,3,4,1,4,0.25,4
86,Kids,3,4,1,5,0.75,4
86,Kids,3,4,1,6,0.75,4
86,Kids,3,4,1,7,0.5,4
86,Kids,3,4,1,8,0.75,4
86,Kids,3,4,1,9,1.0,4
86,Kids,4,5,1,1,0.4,5
86,Kids,4,5,1,2,1.0,5
86,Kids,4,5,1,3,1.0,5
86,Kids,4,5,1,4,0.8,5
86,Kids,4,5,1,5,1.0,5
86,Kids,4,5,1,6,0.8,5
86,Kids,4,5,1,7,1.0,5
86,Kids,4,5,1,8,1.0,5
86,Kids,4,5,1,9,0.5,4
86,Kids,5,3,2,1,0.3333333333333333,3
86,Kids,5,3,2,2,0.3333333333333333,3
86,Kids,5,3,2,3,1.0,3
86,Kids,5,3,2,4,1.0,3
86,Kids,5,3,2,5,0.6666666666666666,3
86,Kids,5,3,2,6,1.0,3
86,Kids,5,3,2,7,1.0,3
86,Kids,5,3,2,8,1.0,3
86,Kids,5,3,2,9,1.0,3
86,Kids,6,5,2,1,0.4,5
86,Kids,6,5,2,2,0.8,5
86,Kids,6,5,2,3,0.6,5
86,Kids,6,5,2,4,1.0,5
86,Kids,6,5,2,5,1.0,5
86,Kids,6,5,2,6,1.0,5
86,Kids,6,5,2,7,1.0,5
86,Kids,6,5,2,8,1.0,5
86,Kids,6,5,2,9,1.0,5
86,Kids,7,2,2,1,0.0,2
86,Kids,7,2,2,2,0.5,2
86,Kids,7,2,2,3,0.5,2
86,Kids,7,2,2,4,1.0,2
86,Kids,7,2,2,5,1.0,2
86,Kids,7,2,2,6,1.0,2
86,Kids,7,2,2,7,1.0,2
86,Kids,7,2,2,8,1.0,2
86,Kids,7,2,2,9,1.0,2
86,Kids,8,3,3,1,0.3333333333333333,3
86,Kids,8,3,3,2,1.0,3
86,Kids,8,3,3,3,1.0,3
86,Kids,8,3,3,4,1.0,3
86,Kids,8,3,3,5,1.0,3
86,Kids,8,3,3,6,0.6666666666666666,3
86,Kids,8,3,3,7,0.6666666666666666,3
86,Kids,8,3,3,8,1.0,3
86,Kids,8,3,3,9,1.0,3
86,Kids,9,4,2,1,0.25,4
86,Kids,9,4,2,2,1.0,4
86,Kids,9,4,2,3,0.25,4
86,Kids,9,4,2,4,0.3333333333333333,3
86,Kids,9,4,2,5,0.3333333333333333,3
86,Kids,9,4,2,6,0.0,4
86,Kids,9,4,2,7,0.5,4
86,Kids,9,4,2,8,0.25,4
86,Kids,9,4,2,9,0.3333333333333333,3
86,Kids,10,5,3,1,0.6,5
86,Kids,10,5,3,2,0.6,5
86,Kids,10,5,3,3,0.25,4
86,Kids,10,5,3,4,0.4,5
86,Kids,10,5,3,5,0.2,5
86,Kids,10,5,3,6,0.6,5
86,Kids,10,5,3,7,0.2,5
86,Kids,10,5,3,8,0.4,5
86,Kids,10,5,3,9,0.5,4
87,Kids,1,2,1,1,0.5,2
87,Kids,1,2,1,2,1.0,2
87,Kids,1,2,1,3,1.0,2
87,Kids,1,2,1,4,0.5,2
87,Kids,1,2,1,5,1.0,2
87,Kids,1,2,1,6,0.5,2
87,Kids,1,2,1,7,1.0,2
87,Kids,1,2,1,8,0.5,2
87,Kids,1,2,1,9,1.0,2
87,Kids,2,3,1,1,0.0,3
87,Kids,2,3,1,2,0.3333333333333333,3
87,Kids,2,3,1,3,0.6666666666666666,3
87,Kids,2,3,1,4,0.6666666666666666,3
87,Kids,2,3,1,5,1.0,3
87,Kids,2,3,1,6,0.6666666666666666,3
87,Kids,2,3,1,7,1.0,3
87,Kids,2,3,1,8,1.0,3
87,Kids,2,3,1,9,1.0,3
87,Kids,3,4,1,1,0.75,4
87,Kids,3,4,1,2,0.75,4
87,Kids,3,4,1,3,0.5,4
87,Kids,3,4,1,4,0.5,4
87,Kids,3,4,1,5,0.75,4
87,Kids,3,4,1,6,1.0,4
87,Kids,3,4,1,7,1.0,4
87,Kids,3,4,1,8,0.75,4
87,Kids,3,4,1,9,1.0,4
87,Kids,4,5,1,1,0.4,5
87,Kids,4,5,1,2,0.8,5
87,Kids,4,5,1,3,1.0,5
87,Kids,4,5,1,4,0.6,5
87,Kids,4,5,1,5,0.8,5
87,Kids,4,5,1,6,0.8,5
87,Kids,4,5,1,7,0.8,5
87,Kids,4,5,1,8,1.0,5
87,Kids,4,5,1,9,0.8,5
87,Kids,5,3,2,1,0.6666666666666666,3
87,Kids,5,3,2,2,1.0,3
87,Kids,5,3,2,3,1.0,3
87,Kids,5,3,2,4,1.0,3
87,Kids,5,3,2,5,1.0,3
87,Kids,5,3,2,6,1.0,3
87,Kids,5,3,2,7,1.0,3
87,Kids,5,3,2,8,1.0,3
87,Kids,5,3,2,9,1.0,3
87,Kids,6,5,2,1,0.0,5
87,Kids,6,5,2,2,0.2,5
87,Kids,6,5,2,3,0.4,5
87,Kids,6,5,2,4,0.8,5
87,Kids,6,5,2,5,0.6,5
87,Kids,6,5,2,6,0.0,5
87,Kids,6,5,2,7,1.0,5
87,Kids,6,5,2,8,0.8,5
87,Kids,6,5,2,9,1.0,5
87,Kids,7,2,2,1,0.0,2
87,Kids,7,2,2,2,0.5,2
87,Kids,7,2,2,3,1.0,2
87,Kids,7,2,2,4,1.0,2
87,Kids,7,2,2,5,1.0,2
87,Kids,7,2,2,6,1.0,2
87,Kids,7,2,2,7,1.0,2
87,Kids,7,2,2,8,0.5,2
87,Kids,7,2,2,9,1.0,2
87,Kids,8,3,3,1,0.3333333333333333,3
87,Kids,8,3,3,2,0.6666666666666666,3
87,Kids,8,3,3,3,1.0,3
87,Kids,8,3,3,4,1.0,3
87,Kids,8,3,3,5,1.0,3
87,Kids,8,3,3,6,1.0,3
87,Kids,8,3,3,7,1.0,3
87,Kids,8,3,3,8,1.0,3
87,Kids,8,3,3,9,1.0,3
87,Kids,9,4,2,1,0.25,4
87,Kids,9,4,2,2,0.5,4
87,Kids,9,4,2,3,0.5,4
87,Kids,9,4,2,4,0.75,4
87,Kids,9,4,2,5,1.0,4
87,Kids,9,4,2,6,1.0,4
87,Kids,9,4,2,7,1.0,4
87,Kids,9,4,2,8,0.75,4
87,Kids,9,4,2,9,1.0,4
87,Kids,10,5,3,1,0.6,5
87,Kids,10,5,3,2,0.6,5
87,Kids,10,5,3,3,0.6,5
87,Kids,10,5,3,4,1.0,5
87,Kids,10,5,3,5,1.0,5
87,Kids,10,5,3,6,1.0,5
87,Kids,10,5,3,7,0.8,5
87,Kids,10,5,3,8,1.0,5
87,Kids,10,5,3,9,0.8,5
88,Kids,1,2,1,1,0.5,2
88,Kids,1,2,1,2,0.5,2
88,Kids,1,2,1,3,1.0,2
88,Kids,1,2,1,4,1.0,2
88,Kids,1,2,1,5,1.0,2
88,Kids,1,2,1,6,1.0,2
88,Kids,1,2,1,7,1.0,2
88,Kids,1,2,1,8,1.0,2
88,Kids,1,2,1,9,1.0,2
88,Kids,2,4,1,1,0.25,4
88,Kids,2,4,1,2,0.5,4
88,Kids,2,4,1,3,0.75,4
88,Kids,2,4,1,4,1.0,4
88,Kids,2,4,1,5,1.0,4
88,Kids,2,4,1,6,1.0,4
88,Kids,2,4,1,7,1.0,3
88,Kids,2,4,1,8,1.0,4
88,Kids,2,4,1,9,1.0,4
88,Kids,3,3,1,1,0.0,3
88,Kids,3,3,1,2,0.3333333333333333,3
88,Kids,3,3,1,3,0.6666666666666666,3
88,Kids,3,3,1,4,1.0,3
88,Kids,3,3,1,5,1.0,3
88,Kids,3,3,1,6,1.0,3
88,Kids,3,3,1,7,1.0,3
88,Kids,3,3,1,8,1.0,3
88,Kids,3,3,1,9,0.6666666666666666,3
88,Kids,4,5,1,1,0.6,5
88,Kids,4,5,1,2,0.4,5
88,Kids,4,5,1,3,0.4,5
88,Kids,4,5,1,4,0.6,5
88,Kids,4,5,1,5,0.2,5
88,Kids,4,5,1,6,0.8,5
88,Kids,4,5,1,7,0.8,5
88,Kids,4,5,1,8,0.8,5
88,Kids,4,5,1,9,0.8,5
88,Kids,5,3,2,1,0.0,3
88,Kids,5,3,2,2,1.0,3
88,Kids,5,3,2,3,0.0,3
88,Kids,5,3,2,4,1.0,3
88,Kids,5,3,2,5,1.0,3
88,Kids,5,3,2,6,1.0,3
88,Kids,5,3,2,7,1.0,3
88,Kids,5,3,2,8,1.0,2
88,Kids,5,3,2,9,1.0,2
88,Kids,6,5,2,1,0.6,5
88,Kids,6,5,2,2,0.8,5
88,Kids,6,5,2,3,0.6,5
88,Kids,6,5,2,4,1.0,5
88,Kids,6,5,2,5,0.8,5
88,Kids,6,5,2,6,1.0,4
88,Kids,6,5,2,7,0.8,5
88,Kids,6,5,2,8,0.8,5
88,Kids,6,5,2,9,0.8,5
88,Kids,7,2,2,1,0.5,2
88,Kids,7,2,2,2,0.5,2
88,Kids,7,2,2,3,1.0,2
88,Kids,7,2,2,4,1.0,2
88,Kids,7,2,2,5,1.0,2
88,Kids,7,2,2,6,1.0,2
88,Kids,7,2,2,7,1.0,2
88,Kids,7,2,2,8,1.0,2
88,Kids,7,2,2,9,1.0,2
88,Kids,8,4,2,1,0.6666666666666666,3
88,Kids,8,4,2,2,0.5,4
88,Kids,8,4,2,3,1.0,4
88,Kids,8,4,2,4,0.75,4
88,Kids,8,4,2,5,1.0,4
88,Kids,8,4,2,6,0.75,4
88,Kids,8,4,2,7,0.75,4
88,Kids,8,4,2,8,0.75,4
88,Kids,8,4,2,9,1.0,3
88,Kids,9,3,3,1,0.3333333333333333,3
88,Kids,9,3,3,2,1.0,3
88,Kids,9,3,3,3,1.0,3
88,Kids,9,3,3,4,0.6666666666666666,3
88,Kids,9,3,3,5,1.0,3
88,Kids,9,3,3,6,1.0,1
88,Kids,9,3,3,7,1.0,3
88,Kids,9,3,3,8,0.6666666666666666,3
88,Kids,9,3,3,9,1.0,3
88,Kids,10,5,3,1,0.2,5
88,Kids,10,5,3,2,0.6,5
88,Kids,10,5,3,3,0.6,5
88,Kids,10,5,3,4,0.8,5
88,Kids,10,5,3,5,0.8,5
88,Kids,10,5,3,6,0.8,5
88,Kids,10,5,3,7,0.8,5
88,Kids,10,5,3,8,1.0,5
88,Kids,10,5,3,9,1.0,4
90,Kids,1,2,1,1,0.0,2
90,Kids,1,2,1,2,0.5,2
90,Kids,1,2,1,3,0.0,2
90,Kids,1,2,1,4,0.5,2
90,Kids,1,2,1,5,1.0,2
90,Kids,1,2,1,6,1.0,2
90,Kids,1,2,1,7,1.0,2
90,Kids,1,2,1,8,1.0,2
90,Kids,1,2,1,9,1.0,2
90,Kids,2,3,1,1,0.0,3
90,Kids,2,3,1,2,0.6666666666666666,3
90,Kids,2,3,1,3,1.0,3
90,Kids,2,3,1,4,1.0,3
90,Kids,2,3,1,5,1.0,3
90,Kids,2,3,1,6,0.6666666666666666,3
90,Kids,2,3,1,7,1.0,3
90,Kids,2,3,1,8,1.0,3
90,Kids,2,3,1,9,1.0,3
90,Kids,3,4,1,1,0.25,4
90,Kids,3,4,1,2,0.75,4
90,Kids,3,4,1,3,0.75,4
90,Kids,3,4,1,4,1.0,4
90,Kids,3,4,1,5,1.0,4
90,Kids,3,4,1,6,1.0,4
90,Kids,3,4,1,7,0.75,4
90,Kids,3,4,1,8,1.0,4
90,Kids,3,4,1,9,1.0,4
90,Kids,4,5,1,1,0.2,5
90,Kids,4,5,1,2,0.6,5
90,Kids,4,5,1,3,0.6,5
90,Kids,4,5,1,4,1.0,5
90,Kids,4,5,1,5,1.0,5
90,Kids,4,5,1,6,1.0,5
90,Kids,4,5,1,7,1.0,5
90,Kids,4,5,1,8,1.0,5
90,Kids,4,5,1,9,1.0,5
90,Kids,5,3,2,1,0.3333333333333333,3
90,Kids,5,3,2,2,0.6666666666666666,3
90,Kids,5,3,2,3,1.0,3
90,Kids,5,3,2,4,1.0,3
90,Kids,5,3,2,5,1.0,3
90,Kids,5,3,2,6,0.6666666666666666,3
90,Kids,5,3,2,7,1.0,3
90,Kids,5,3,2,8,0.6666666666666666,3
90,Kids,5,3,2,9,0.5,2
90,Kids,6,5,2,1,0.4,5
90,Kids,6,5,2,2,0.5,2
90,Kids,6,5,2,3,0.75,4
90,Kids,6,5,2,4,0.6,5
90,Kids,6,5,2,5,1.0,5
90,Kids,6,5,2,6,0.8,5
90,Kids,6,5,2,7,1.0,5
90,Kids,6,5,2,8,0.6666666666666666,3
90,Kids,6,5,2,9,0.3333333333333333,3
90,Kids,7,2,2,1,0.0,2
90,Kids,7,2,2,2,0.0,2
90,Kids,7,2,2,3,0.0,1
90,Kids,7,2,2,4,1.0,2
90,Kids,7,2,2,5,0.0,2
90,Kids,7,2,2,6,0.5,2
90,Kids,7,2,2,7,1.0,2
90,Kids,7,2,2,8,1.0,2
90,Kids,7,2,2,9,1.0,2
90,Kids,8,3,3,1,0.3333333333333333,3
90,Kids,8,3,3,2,0.0,1
90,Kids,8,3,3,3,0.0,2
90,Kids,8,3,3,4,0.0,3
90,Kids,8,3,3,5,0.6666666666666666,3
90,Kids,8,3,3,6,0.0,3
90,Kids,8,3,3,7,0.3333333333333333,3
90,Kids,8,3,3,8,0.0,3
90,Kids,8,3,3,9,0.0,3
90,Kids,9,4,2,1,0.5,4
90,Kids,9,4,2,2,0.0,4
90,Kids,9,4,2,3,0.0,4
90,Kids,9,4,2,4,0.0,4
90,Kids,9,4,2,5,0.25,4
90,Kids,9,4,2,6,0.5,4
90,Kids,9,4,2,7,0.25,4
90,Kids,9,4,2,8,0.0,4
90,Kids,9,4,2,9,0.0,4
90,Kids,10,5,3,1,0.25,4
90,Kids,10,5,3,2,0.2,5
90,Kids,10,5,3,3,0.8,5
90,Kids,10,5,3,4,0.8,5
90,Kids,10,5,3,5,0.0,5
90,Kids,10,5,3,6,0.4,5
90,Kids,10,5,3,7,0.8,5
90,Kids,10,5,3,8,0.6,5
90,Kids,10,5,3,9,0.4,5
91,Kids,1,2,1,1,0.0,2
91,Kids,1,2,1,2,0.5,2
91,Kids,1,2,1,3,1.0,2
91,Kids,1,2,1,4,1.0,2
91,Kids,1,2,1,5,1.0,2
91,Kids,1,2,1,6,1.0,2
91,Kids,1,2,1,7,1.0,2
91,Kids,1,2,1,8,1.0,2
91,Kids,1,2,1,9,1.0,2
91,Kids,2,3,1,1,0.3333333333333333,3
91,Kids,2,3,1,2,0.3333333333333333,3
91,Kids,2,3,1,3,0.3333333333333333,3
91,Kids,2,3,1,4,0.3333333333333333,3
91,Kids,2,3,1,5,0.6666666666666666,3
91,Kids,2,3,1,6,0.6666666666666666,3
91,Kids,2,3,1,7,1.0,3
91,Kids,2,3,1,8,1.0,3
91,Kids,2,3,1,9,1.0,3
91,Kids,3,4,1,1,0.25,4
91,Kids,3,4,1,2,0.25,4
91,Kids,3,4,1,3,0.5,4
91,Kids,3,4,1,4,0.5,4
91,Kids,3,4,1,5,0.25,4
91,Kids,3,4,1,6,0.25,4
91,Kids,3,4,1,7,0.0,4
91,Kids,3,4,1,8,0.75,4
91,Kids,3,4,1,9,0.25,4
91,Kids,4,5,1,1,0.6,5
91,Kids,4,5,1,2,0.4,5
91,Kids,4,5,1,3,0.6,5
91,Kids,4,5,1,4,0.8,5
91,Kids,4,5,1,5,0.8,5
91,Kids,4,5,1,6,0.6,5
91,Kids,4,5,1,7,0.8,5
91,Kids,4,5,1,8,1.0,5
91,Kids,4,5,1,9,0.8,5
91,Kids,5,3,2,1,0.3333333333333333,3
91,Kids,5,3,2,2,0.3333333333333333,3
91,Kids,5,3,2,3,0.3333333333333333,3
91,Kids,5,3,2,4,0.6666666666666666,3
91,Kids,5,3,2,5,0.6666666666666666,3
91,Kids,5,3,2,6,1.0,3
91,Kids,5,3,2,7,1.0,3
91,Kids,5,3,2,8,0.3333333333333333,3
91,Kids,5,3,2,9,1.0,3
91,Kids,6,5,2,1,0.0,5
91,Kids,6,5,2,2,0.6,5
91,Kids,6,5,2,3,0.6,5
91,Kids,6,5,2,4,0.4,5
91,Kids,6,5,2,5,0.6,5
91,Kids,6,5,2,6,0.6,5
91,Kids,6,5,2,7,0.6,5
91,Kids,6,5,2,8,1.0,5
91,Kids,6,5,2,9,0.8,5
91,Kids,7,2,2,1,0.5,2
91,Kids,7,2,2,2,1.0,2
91,Kids,7,2,2,3,1.0,2
91,Kids,7,2,2,4,1.0,2
91,Kids,7,2,2,5,1.0,2
91,Kids,7,2,2,6,1.0,2
91,Kids,7,2,2,7,0.5,2
91,Kids,7,2,2,8,1.0,2
91,Kids,7,2,2,9,1.0,2
91,Kids,8,3,3,1,0.3333333333333333,3
91,Kids,8,3,3,2,1.0,3
91,Kids,8,3,3,3,1.0,3
91,Kids,8,3,3,4,1.0,3
91,Kids,8,3,3,5,0.6666666666666666,3
91,Kids,8,3,3,6,1.0,3
91,Kids,8,3,3,7,1.0,3
91,Kids,8,3,3,8,1.0,3
91,Kids,8,3,3,9,1.0,3
91,Kids,9,4,2,1,0.25,4
91,Kids,9,4,2,2,1.0,4
91,Kids,9,4,2,3,1.0,4
91,Kids,9,4,2,4,1.0,4
91,Kids,9,4,2,5,1.0,4
91,Kids,9,4,2,6,1.0,4
91,Kids,9,4,2,7,1.0,4
91,Kids,9,4,2,8,1.0,4
91,Kids,9,4,2,9,1.0,4
91,Kids,10,5,3,1,0.3333333333333333,3
91,Kids,10,5,3,2,0.4,5
91,Kids,10,5,3,3,0.2,5
91,Kids,10,5,3,4,0.6,5
91,Kids,10,5,3,5,1.0,5
91,Kids,10,5,3,6,0.6,5
91,Kids,10,5,3,7,0.8,5
91,Kids,10,5,3,8,1.0,5
91,Kids,10,5,3,9,1.0,5
92,Teens,1,2,1,1,0.0,2
92,Teens,1,2,1,2,0.0,2
92,Teens,1,2,1,3,0.0,2
92,Teens,1,2,1,4,1.0,2
92,Teens,1,2,1,5,1.0,2
92,Teens,1,2,1,6,1.0,2
92,Teens,1,2,1,7,0.5,2
92,Teens,1,2,1,8,1.0,2
92,Teens,1,2,1,9,1.0,2
92,Teens,2,3,1,1,0.3333333333333333,3
92,Teens,2,3,1,2,0.3333333333333333,3
92,Teens,2,3,1,3,0.3333333333333333,3
92,Teens,2,3,1,4,0.6666666666666666,3
92,Teens,2,3,1,5,0.0,3
92,Teens,2,3,1,6,0.3333333333333333,3
92,Teens,2,3,1,7,0.3333333333333333,3
92,Teens,2,3,1,8,0.3333333333333333,3
92,Teens,2,3,1,9,0.6666666666666666,3
92,Teens,3,5,1,1,0.4,5
92,Teens,3,5,1,2,0.2,5
92,Teens,3,5,1,3,0.6,5
92,Teens,3,5,1,4,0.6,5
92,Teens,3,5,1,5,0.8,5
92,Teens,3,5,1,6,0.4,5
92,Teens,3,5,1,7,1.0,5
92,Teens,3,5,1,8,0.4,5
92,Teens,3,5,1,9,0.4,5
92,Teens,4,4,1,1,0.5,4
92,Teens,4,4,1,2,0.75,4
92,Teens,4,4,1,3,0.0,4
92,Teens,4,4,1,4,0.5,4
92,Teens,4,4,1,5,0.75,4
92,Teens,4,4,1,6,0.75,4
92,Teens,4,4,1,7,0.5,4
92,Teens,4,4,1,8,0.75,4
92,Teens,4,4,1,9,0.75,4
92,Teens,5,3,2,1,0.0,3
92,Teens,5,3,2,2,0.3333333333333333,3
92,Teens,5,3,2,3,0.6666666666666666,3
92,Teens,5,3,2,4,1.0,3
92,Teens,5,3,2,5,1.0,3
92,Teens,5,3,2,6,0.3333333333333333,3
92,Teens,5,3,2,7,1.0,3
92,Teens,5,3,2,8,1.0,3
92,Teens,5,3,2,9,0.3333333333333333,3
92,Teens,6,5,2,1,0.0,5
92,Teens,6,5,2,2,0.4,5
92,Teens,6,5,2,3,0.8,5
92,Teens,6,5,2,4,0.8,5
92,Teens,6,5,2,5,0.6,5
92,Teens,6,5,2,6,0.4,5
92,Teens,6,5,2,7,0.5,2
92,Teens,6,5,2,8,0.5,2
92,Teens,6,5,2,9,0.6,5
92,Teens,7,2,2,1,0.0,2
92,Teens,7,2,2,2,0.0,2
92,Teens,7,2,2,3,0.0,2
92,Teens,7,2,2,4,1.0,2
92,Teens,7,2,2,5,1.0,2
92,Teens,7,2,2,6,1.0,2
92,Teens,7,2,2,7,1.0,2
92,Teens,7,2,2,8,1.0,2
92,Teens,7,2,2,9,1.0,2
92,Teens,8,3,3,1,0.0,2
92,Teens,8,3,3,2,1.0,3
92,Teens,8,3,3,3,1.0,3
92,Teens,8,3,3,4,0.6666666666666666,3
92,Teens,8,3,3,5,1.0,3
92,Teens,8,3,3,6,1.0,3
92,Teens,8,3,3,7,1.0,3
92,Teens,8,3,3,8,1.0,3
92,Teens,8,3,3,9,1.0,3
92,Teens,9,5,3,1,0.0,5
92,Teens,9,5,3,2,0.6,5
92,Teens,9,5,3,3,1.0,5
92,Teens,9,5,3,4,0.8,5
92,Teens,9,5,3,5,1.0,5
92,Teens,9,5,3,6,0.8,5
92,Teens,9,5,3,7,0.8,5
92,Teens,9,5,3,8,1.0,5
92,Teens,9,5,3,9,1.0,5
92,Teens,10,4,2,1,0.0,4
92,Teens,10,4,2,2,0.75,4
92,Teens,10,4,2,3,0.5,4
92,Teens,10,4,2,4,1.0,4
92,Teens,10,4,2,5,0.75,4
92,Teens,10,4,2,6,1.0,4
92,Teens,10,4,2,7,1.0,4
92,Teens,10,4,2,8,1.0,4
92,Teens,10,4,2,9,1.0,4
93,Kids,1,2,1,1,1.0,2
93,Kids,1,2,1,2,1.0,2
93,Kids,1,2,1,3,1.0,2
93,Kids,1,2,1,4,1.0,2
93,Kids,1,2,1,5,1.0,2
93,Kids,1,2,1,6,1.0,2
93,Kids,1,2,1,7,0.5,2
93,Kids,1,2,1,8,1.0,2
93,Kids,1,2,1,9,1.0,2
93,Kids,2,3,1,1,1.0,3
93,Kids,2,3,1,2,1.0,3
93,Kids,2,3,1,3,1.0,3
93,Kids,2,3,1,4,1.0,3
93,Kids,2,3,1,5,1.0,3
93,Kids,2,3,1,6,1.0,3
93,Kids,2,3,1,7,1.0,3
93,Kids,2,3,1,8,1.0,3
93,Kids,2,3,1,9,1.0,3
93,Kids,3,5,1,1,0.6,5
93,Kids,3,5,1,2,0.8,5
93,Kids,3,5,1,3,0.6,5
93,Kids,3,5,1,4,0.6,5
93,Kids,3,5,1,5,0.8,5
93,Kids,3,5,1,6,0.8,5
93,Kids,3,5,1,7,1.0,5
93,Kids,3,5,1,8,1.0,5
93,Kids,3,5,1,9,0.8,5
93,Kids,4,4,1,1,0.5,4
93,Kids,4,4,1,2,0.0,4
93,Kids,4,4,1,3,0.25,4
93,Kids,4,4,1,4,0.5,4
93,Kids,4,4,1,5,0.75,4
93,Kids,4,4,1,6,0.5,4
93,Kids,4,4,1,7,1.0,4
93,Kids,4,4,1,8,0.5,4
93,Kids,4,4,1,9,0.75,4
93,Kids,5,3,2,1,0.3333333333333333,3
93,Kids,5,3,2,2,1.0,3
93,Kids,5,3,2,3,0.6666666666666666,3
93,Kids,5,3,2,4,1.0,3
93,Kids,5,3,2,5,1.0,3
93,Kids,5,3,2,6,1.0,3
93,Kids,5,3,2,7,0.6666666666666666,3
93,Kids,5,3,2,8,0.6666666666666666,3
93,Kids,5,3,2,9,1.0,3
93,Kids,6,5,2,1,0.6,5
93,Kids,6,5,2,2,0.8,5
93,Kids,6,5,2,3,1.0,5
93,Kids,6,5,2,4,1.0,5
93,Kids,6,5,2,5,1.0,5
93,Kids,6,5,2,6,1.0,5
93,Kids,6,5,2,7,1.0,5
93,Kids,6,5,2,8,0.8,5
93,Kids,6,5,2,9,1.0,5
93,Kids,7,2,2,1,0.0,2
93,Kids,7,2,2,2,0.0,2
93,Kids,7,2,2,3,0.5,2
93,Kids,7,2,2,4,0.5,2
93,Kids,7,2,2,5,1.0,2
93,Kids,7,2,2,6,1.0,2
93,Kids,7,2,2,7,0.5,2
93,Kids,7,2,2,8,1.0,2
93,Kids,7,2,2,9,1.0,2
93,Kids,8,3,3,1,0.6666666666666666,3
93,Kids,8,3,3,2,0.6666666666666666,3
93,Kids,8,3,3,3,0.6666666666666666,3
93,Kids,8,3,3,4,0.6666666666666666,3
93,Kids,8,3,3,5,0.5,2
93,Kids,8,3,3,6,1.0,3
93,Kids,8,3,3,7,0.6666666666666666,3
93,Kids,8,3,3,8,0.6666666666666666,3
93,Kids,8,3,3,9,1.0,3
93,Kids,9,5,3,1,0.4,5
93,Kids,9,5,3,2,0.4,5
93,Kids,9,5,3,3,0.75,4
93,Kids,9,5,3,4,0.5,4
93,Kids,9,5,3,5,0.5,4
93,Kids,9,5,3,6,0.2,5
93,Kids,9,5,3,7,0.8,5
93,Kids,9,5,3,8,0.6,5
93,Kids,9,5,3,9,0.8,5
93,Kids,10,4,2,1,0.5,4
93,Kids,10,4,2,2,0.5,4
93,Kids,10,4,2,3,0.25,4
93,Kids,10,4,2,4,0.25,4
93,Kids,10,4,2,5,0.5,4
93,Kids,10,4,2,6,0.25,4
93,Kids,10,4,2,7,0.75,4
93,Kids,10,4,2,8,0.5,4
93,Kids,10,4,2,9,1.0,4
94,Kids,1,2,1,1,0.0,2
94,Kids,1,2,1,2,1.0,2
94,Kids,1,2,1,3,1.0,2
94,Kids,1,2,1,4,1.0,2
94,Kids,1,2,1,5,1.0,2
94,Kids,1,2,1,6,1.0,2
94,Kids,1,2,1,7,0.5,2
94,Kids,1,2,1,8,1.0,2
94,Kids,1,2,1,9,0.5,2
94,Kids,2,3,1,1,0.0,3
94,Kids,2,3,1,2,0.3333333333333333,3
94,Kids,2,3,1,3,0.6666666666666666,3
94,Kids,2,3,1,4,0.6666666666666666,3
94,Kids,2,3,1,5,1.0,3
94,Kids,2,3,1,6,1.0,3
94,Kids,2,3,1,7,0.6666666666666666,3
94,Kids,2,3,1,8,1.0,3
94,Kids,2,3,1,9,1.0,3
94,Kids,3,5,1,1,0.2,5
94,Kids,3,5,1,2,0.4,5
94,Kids,3,5,1,3,1.0,5
94,Kids,3,5,1,4,1.0,5
94,Kids,3,5,1,5,0.8,5
94,Kids,3,5,1,6,0.6,5
94,Kids,3,5,1,7,1.0,5
94,Kids,3,5,1,8,1.0,5
94,Kids,3,5,1,9,1.0,5
94,Kids,4,4,1,1,0.25,4
94,Kids,4,4,1,2,0.25,4
94,Kids,4,4,1,3,0.25,4
94,Kids,4,4,1,4,0.25,4
94,Kids,4,4,1,5,1.0,4
94,Kids,4,4,1,6,1.0,4
94,Kids,4,4,1,7,0.75,4
94,Kids,4,4,1,8,1.0,4
94,Kids,4,4,1,9,0.75,4
94,Kids,5,3,2,1,0.6666666666666666,3
94,Kids,5,3,2,2,1.0,3
94,Kids,5,3,2,3,1.0,3
94,Kids,5,3,2,4,1.0,3
94,Kids,5,3,2,5,1.0,3
94,Kids,5,3,2,6,1.0,3
94,Kids,5,3,2,7,1.0,3
94,Kids,5,3,2,8,1.0,3
94,Kids,5,3,2,9,1.0,3
94,Kids,6,5,2,1,0.4,5
94,Kids,6,5,2,2,0.8,5
94,Kids,6,5,2,3,1.0,5
94,Kids,6,5,2,4,0.8,5
94,Kids,6,5,2,5,1.0,5
94,Kids,6,5,2,6,1.0,5
94,Kids,6,5,2,7,0.75,4
94,Kids,6,5,2,8,0.8,5
94,Kids,6,5,2,9,1.0,5
94,Kids,7,2,2,1,0.5,2
94,Kids,7,2,2,2,1.0,2
94,Kids,7,2,2,3,1.0,2
94,Kids,7,2,2,4,1.0,2
94,Kids,7,2,2,5,1.0,2
94,Kids,7,2,2,6,1.0,2
94,Kids,7,2,2,7,1.0,2
94,Kids,7,2,2,8,1.0,2
94,Kids,7,2,2,9,0.5,2
94,Kids,8,3,3,1,0.6666666666666666,3
94,Kids,8,3,3,2,1.0,3
94,Kids,8,3,3,3,1.0,3
94,Kids,8,3,3,4,1.0,3
94,Kids,8,3,3,5,1.0,3
94,Kids,8,3,3,6,1.0,3
94,Kids,8,3,3,7,1.0,3
94,Kids,8,3,3,8,1.0,3
94,Kids,8,3,3,9,1.0,3
94,Kids,9,5,3,1,0.6,5
94,Kids,9,5,3,2,0.6,5
94,Kids,9,5,3,3,0.6,5
94,Kids,9,5,3,4,0.8,5
94,Kids,9,5,3,5,0.6,5
94,Kids,9,5,3,6,0.8,5
94,Kids,9,5,3,7,0.8,5
94,Kids,9,5,3,8,0.8,5
94,Kids,9,5,3,9,0.6,5
94,Kids,10,4,2,1,1.0,4
94,Kids,10,4,2,2,1.0,4
94,Kids,10,4,2,3,1.0,4
94,Kids,10,4,2,4,1.0,4
94,Kids,10,4,2,5,1.0,4
94,Kids,10,4,2,6,1.0,4
94,Kids,10,4,2,7,1.0,4
94,Kids,10,4,2,8,1.0,4
94,Kids,10,4,2,9,1.0,4
95,Kids,1,2,1,1,0.0,2
95,Kids,1,2,1,2,0.0,2
95,Kids,1,2,1,3,1.0,2
95,Kids,1,2,1,4,0.5,2
95,Kids,1,2,1,5,1.0,2
95,Kids,1,2,1,6,1.0,2
95,Kids,1,2,1,7,0.5,2
95,Kids,1,2,1,8,1.0,2
95,Kids,1,2,1,9,1.0,2
95,Kids,2,3,1,1,0.3333333333333333,3
95,Kids,2,3,1,2,0.3333333333333333,3
95,Kids,2,3,1,3,0.6666666666666666,3
95,Kids,2,3,1,4,0.6666666666666666,3
95,Kids,2,3,1,5,0.6666666666666666,3
95,Kids,2,3,1,6,0.3333333333333333,3
95,Kids,2,3,1,7,0.3333333333333333,3
95,Kids,2,3,1,8,1.0,3
95,Kids,2,3,1,9,1.0,3
95,Kids,3,4,1,1,0.0,4
95,Kids,3,4,1,2,0.25,4
95,Kids,3,4,1,3,0.5,4
95,Kids,3,4,1,4,0.5,4
95,Kids,3,4,1,5,0.25,4
95,Kids,3,4,1,6,0.5,4
95,Kids,3,4,1,7,0.75,4
95,Kids,3,4,1,8,0.75,4
95,Kids,3,4,1,9,1.0,4
95,Kids,4,5,1,1,0.0,4
95,Kids,4,5,1,2,0.0,5
95,Kids,4,5,1,3,0.2,5
95,Kids,4,5,1,4,0.8,5
95,Kids,4,5,1,5,0.6,5
95,Kids,4,5,1,6,0.6,5
95,Kids,4,5,1,7,0.2,5
95,Kids,4,5,1,8,0.6,5
95,Kids,4,5,1,9,0.8,5
95,Kids,5,3,2,1,0.3333333333333333,3
95,Kids,5,3,2,2,0.6666666666666666,3
95,Kids,5,3,2,3,1.0,3
95,Kids,5,3,2,4,1.0,3
95,Kids,5,3,2,5,1.0,3
95,Kids,5,3,2,6,1.0,3
95,Kids,5,3,2,7,1.0,3
95,Kids,5,3,2,8,1.0,3
95,Kids,5,3,2,9,1.0,3
95,Kids,6,5,2,1,0.2,5
95,Kids,6,5,2,2,0.4,5
95,Kids,6,5,2,3,0.4,5
95,Kids,6,5,2,4,0.6,5
95,Kids,6,5,2,5,0.6,5
95,Kids,6,5,2,6,0.8,5
95,Kids,6,5,2,7,0.8,5
95,Kids,6,5,2,8,1.0,5
95,Kids,6,5,2,9,0.8,5
95,Kids,7,2,2,1,0.5,2
95,Kids,7,2,2,2,1.0,2
95,Kids,7,2,2,3,0.5,2
95,Kids,7,2,2,4,1.0,2
95,Kids,7,2,2,5,1.0,2
95,Kids,7,2,2,6,1.0,2
95,Kids,7,2,2,7,1.0,2
95,Kids,7,2,2,8,1.0,2
95,Kids,7,2,2,9,1.0,2
95,Kids,8,3,3,1,0.3333333333333333,3
95,Kids,8,3,3,2,0.6666666666666666,3
95,Kids,8,3,3,3,1.0,3
95,Kids,8,3,3,4,1.0,3
95,Kids,8,3,3,5,1.0,3
95,Kids,8,3,3,6,1.0,3
95,Kids,8,3,3,7,1.0,3
95,Kids,8,3,3,8,1.0,3
95,Kids,8,3,3,9,1.0,3
95,Kids,9,4,2,1,0.75,4
95,Kids,9,4,2,2,0.25,4
95,Kids,9,4,2,3,0.25,4
95,Kids,9,4,2,4,0.25,4
95,Kids,9,4,2,5,0.5,4
95,Kids,9,4,2,6,1.0,4
95,Kids,9,4,2,7,1.0,4
95,Kids,9,4,2,8,1.0,4
95,Kids,9,4,2,9,1.0,4
95,Kids,10,5,3,1,0.2,5
95,Kids,10,5,3,2,0.4,5
95,Kids,10,5,3,3,0.4,5
95,Kids,10,5,3,4,0.6,5
95,Kids,10,5,3,5,0.6,5
95,Kids,10,5,3,6,1.0,5
95,Kids,10,5,3,7,0.8,5
95,Kids,10,5,3,8,1.0,5
95,Kids,10,5,3,9,1.0,5
96,Teens,1,2,1,1,0.0,2
96,Teens,1,2,1,2,1.0,2
96,Teens,1,2,1,3,1.0,2
96,Teens,1,2,1,4,1.0,2
96,Teens,1,2,1,5,1.0,2
96,Teens,1,2,1,6,1.0,2
96,Teens,1,2,1,7,1.0,2
96,Teens,1,2,1,8,1.0,2
96,Teens,1,2,1,9,1.0,2
96,Teens,2,3,1,1,0.0,3
96,Teens,2,3,1,2,0.3333333333333333,3
96,Teens,2,3,1,3,0.3333333333333333,3
96,Teens,2,3,1,4,1.0,3
96,Teens,2,3,1,5,1.0,3
96,Teens,2,3,1,6,1.0,3
96,Teens,2,3,1,7,1.0,3
96,Teens,2,3,1,8,1.0,3
96,Teens,2,3,1,9,1.0,3
96,Teens,3,4,1,1,0.25,4
96,Teens,3,4,1,2,0.5,4
96,Teens,3,4,1,3,0.5,4
96,Teens,3,4,1,4,0.75,4
96,Teens,3,4,1,5,1.0,4
96,Teens,3,4,1,6,1.0,4
96,Teens,3,4,1,7,0.75,4
96,Teens,3,4,1,8,1.0,4
96,Teens,3,4,1,9,0.75,4
96,Teens,4,5,1,1,0.4,5
96,Teens,4,5,1,2,0.4,5
96,Teens,4,5,1,3,0.4,5
96,Teens,4,5,1,4,0.8,5
96,Teens,4,5,1,5,0.8,5
96,Teens,4,5,1,6,1.0,5
96,Teens,4,5,1,7,1.0,5
96,Teens,4,5,1,8,1.0,5
96,Teens,4,5,1,9,1.0,5
96,Teens,5,3,2,1,0.0,3
96,Teens,5,3,2,2,0.3333333333333333,3
96,Teens,5,3,2,3,1.0,3
96,Teens,5,3,2,4,1.0,3
96,Teens,5,3,2,5,1.0,3
96,Teens,5,3,2,6,1.0,3
96,Teens,5,3,2,7,1.0,3
96,Teens,5,3,2,8,1.0,3
96,Teens,5,3,2,9,1.0,3
96,Teens,6,5,2,1,0.2,5
96,Teens,6,5,2,2,0.6,5
96,Teens,6,5,2,3,0.6,5
96,Teens,6,5,2,4,0.6,5
96,Teens,6,5,2,5,0.6,5
96,Teens,6,5,2,6,1.0,5
96,Teens,6,5,2,7,1.0,5
96,Teens,6,5,2,8,0.8,5
96,Teens,6,5,2,9,1.0,5
96,Teens,7,2,2,1,0.0,2
96,Teens,7,2,2,2,0.5,2
96,Teens,7,2,2,3,1.0,2
96,Teens,7,2,2,4,1.0,2
96,Teens,7,2,2,5,1.0,2
96,Teens,7,2,2,6,1.0,2
96,Teens,7,2,2,7,1.0,2
96,Teens,7,2,2,8,1.0,2
96,Teens,7,2,2,9,1.0,2
96,Teens,8,3,3,1,0.0,3
96,Teens,8,3,3,2,0.3333333333333333,3
96,Teens,8,3,3,3,0.3333333333333333,3
96,Teens,8,3,3,4,1.0,3
96,Teens,8,3,3,5,1.0,3
96,Teens,8,3,3,6,1.0,3
96,Teens,8,3,3,7,1.0,3
96,Teens,8,3,3,8,1.0,3
96,Teens,8,3,3,9,1.0,3
96,Teens,9,4,2,1,0.25,4
96,Teens,9,4,2,2,0.75,4
96,Teens,9,4,2,3,1.0,4
96,Teens,9,4,2,4,1.0,4
96,Teens,9,4,2,5,1.0,4
96,Teens,9,4,2,6,1.0,4
96,Teens,9,4,2,7,0.75,4
96,Teens,9,4,2,8,1.0,4
96,Teens,9,4,2,9,1.0,4
96,Teens,10,5,3,1,0.6,5
96,Teens,10,5,3,2,0.8,5
96,Teens,10,5,3,3,0.6,5
96,Teens,10,5,3,4,0.6,5
96,Teens,10,5,3,5,0.8,5
96,Teens,10,5,3,6,0.8,5
96,Teens,10,5,3,7,1.0,5
96,Teens,10,5,3,8,1.0,5
96,Teens,10,5,3,9,1.0,5
97,Teens,1,2,1,1,0.0,2
97,Teens,1,2,1,2,1.0,2
97,Teens,1,2,1,3,1.0,2
97,Teens,1,2,1,4,1.0,2
97,Teens,1,2,1,5,1.0,2
97,Teens,1,2,1,6,1.0,2
97,Teens,1,2,1,7,1.0,2
97,Teens,1,2,1,8,1.0,2
97,Teens,1,2,1,9,1.0,2
97,Teens,2,3,1,1,0.6666666666666666,3
97,Teens,2,3,1,2,1.0,3
97,Teens,2,3,1,3,0.6666666666666666,3
97,Teens,2,3,1,4,1.0,3
97,Teens,2,3,1,5,1.0,3
97,Teens,2,3,1,6,1.0,3
97,Teens,2,3,1,7,1.0,3
97,Teens,2,3,1,8,1.0,3
97,Teens,2,3,1,9,0.6666666666666666,3
97,Teens,3,4,1,1,0.25,4
97,Teens,3,4,1,2,0.5,4
97,Teens,3,4,1,3,1.0,4
97,Teens,3,4,1,4,1.0,4
97,Teens,3,4,1,5,1.0,4
97,Teens,3,4,1,6,1.0,4
97,Teens,3,4,1,7,1.0,4
97,Teens,3,4,1,8,1.0,4
97,Teens,3,4,1,9,1.0,4
97,Teens,4,5,1,1,0.4,5
97,Teens,4,5,1,2,0.6,5
97,Teens,4,5,1,3,1.0,5
97,Teens,4,5,1,4,1.0,5
97,Teens,4,5,1,5,1.0,5
97,Teens,4,5,1,6,1.0,5
97,Teens,4,5,1,7,1.0,5
97,Teens,4,5,1,8,1.0,5
97,Teens,4,5,1,9,1.0,5
97,Teens,5,3,2,1,0.6666666666666666,3
97,Teens,5,3,2,2,1.0,3
97,Teens,5,3,2,3,1.0,3
97,Teens,5,3,2,4,1.0,3
97,Teens,5,3,2,5,1.0,3
97,Teens,5,3,2,6,1.0,3
97,Teens,5,3,2,7,1.0,3
97,Teens,5,3,2,8,1.0,3
97,Teens,5,3,2,9,1.0,3
97,Teens,6,5,2,1,0.6,5
97,Teens,6,5,2,2,0.6,5
97,Teens,6,5,2,3,0.8,5
97,Teens,6,5,2,4,1.0,5
97,Teens,6,5,2,5,1.0,5
97,Teens,6,5,2,6,1.0,5
97,Teens,6,5,2,7,1.0,5
97,Teens,6,5,2,8,1.0,5
97,Teens,6,5,2,9,1.0,5
97,Teens,7,2,2,1,0.0,2
97,Teens,7,2,2,2,0.5,2
97,Teens,7,2,2,3,1.0,2
97,Teens,7,2,2,4,1.0,2
97,Teens,7,2,2,5,1.0,2
97,Teens,7,2,2,6,1.0,2
97,Teens,7,2,2,7,1.0,2
97,Teens,7,2,2,8,1.0,2
97,Teens,7,2,2,9,1.0,2
97,Teens,8,3,3,1,0.6666666666666666,3
97,Teens,8,3,3,2,1.0,3
97,Teens,8,3,3,3,1.0,3
97,Teens,8,3,3,4,1.0,3
97,Teens,8,3,3,5,1.0,3
97,Teens,8,3,3,6,1.0,3
97,Teens,8,3,3,7,1.0,3
97,Teens,8,3,3,8,1.0,3
97,Teens,8,3,3,9,1.0,3
97,Teens,9,4,2,1,0.75,4
97,Teens,9,4,2,2,1.0,4
97,Teens,9,4,2,3,1.0,4
97,Teens,9,4,2,4,1.0,4
97,Teens,9,4,2,5,1.0,4
97,Teens,9,4,2,6,1.0,4
97,Teens,9,4,2,7,1.0,4
97,Teens,9,4,2,8,0.5,4
97,Teens,9,4,2,9,1.0,4
97,Teens,10,5,3,1,0.2,5
97,Teens,10,5,3,2,0.6,5
97,Teens,10,5,3,3,1.0,5
97,Teens,10,5,3,4,1.0,5
97,Teens,10,5,3,5,1.0,5
97,Teens,10,5,3,6,1.0,5
97,Teens,10,5,3,7,1.0,5
97,Teens,10,5,3,8,1.0,5
97,Teens,10,5,3,9,1.0,5
98,Teens,1,2,1,1,0.0,2
98,Teens,1,2,1,2,0.0,2
98,Teens,1,2,1,3,1.0,2
98,Teens,1,2,1,4,1.0,2
98,Teens,1,2,1,5,1.0,2
98,Teens,1,2,1,6,1.0,2
98,Teens,1,2,1,7,1.0,2
98,Teens,1,2,1,8,1.0,2
98,Teens,1,2,1,9,1.0,2
98,Teens,2,4,1,1,0.25,4
98,Teens,2,4,1,2,0.75,4
98,Teens,2,4,1,3,0.5,4
98,Teens,2,4,1,4,1.0,4
98,Teens,2,4,1,5,1.0,4
98,Teens,2,4,1,6,1.0,4
98,Teens,2,4,1,7,1.0,4
98,Teens,2,4,1,8,1.0,4
98,Teens,2,4,1,9,1.0,4
98,Teens,3,3,1,1,0.6666666666666666,3
98,Teens,3,3,1,2,0.6666666666666666,3
98,Teens,3,3,1,3,1.0,3
98,Teens,3,3,1,4,1.0,3
98,Teens,3,3,1,5,1.0,3
98,Teens,3,3,1,6,1.0,3
98,Teens,3,3,1,7,1.0,3
98,Teens,3,3,1,8,1.0,3
98,Teens,3,3,1,9,1.0,3
98,Teens,4,5,1,1,0.4,5
98,Teens,4,5,1,2,0.6,5
98,Teens,4,5,1,3,0.8,5
98,Teens,4,5,1,4,1.0,5
98,Teens,4,5,1,5,1.0,5
98,Teens,4,5,1,6,1.0,5
98,Teens,4,5,1,7,1.0,5
98,Teens,4,5,1,8,1.0,5
98,Teens,4,5,1,9,1.0,5
98,Teens,5,3,2,1,0.3333333333333333,3
98,Teens,5,3,2,2,0.6666666666666666,3
98,Teens,5,3,2,3,1.0,3
98,Teens,5,3,2,4,1.0,3
98,Teens,5,3,2,5,1.0,3
98,Teens,5,3,2,6,1.0,3
98,Teens,5,3,2,7,0.6666666666666666,3
98,Teens,5,3,2,8,1.0,3
98,Teens,5,3,2,9,1.0,3
98,Teens,6,5,2,1,0.4,5
98,Teens,6,5,2,2,0.8,5
98,Teens,6,5,2,3,0.8,5
98,Teens,6,5,2,4,1.0,5
98,Teens,6,5,2,5,1.0,5
98,Teens,6,5,2,6,1.0,5
98,Teens,6,5,2,7,1.0,5
98,Teens,6,5,2,8,1.0,5
98,Teens,6,5,2,9,1.0,5
98,Teens,7,2,2,1,1.0,2
98,Teens,7,2,2,2,1.0,2
98,Teens,7,2,2,3,1.0,2
98,Teens,7,2,2,4,1.0,2
98,Teens,7,2,2,5,1.0,2
98,Teens,7,2,2,6,1.0,2
98,Teens,7,2,2,7,1.0,2
98,Teens,7,2,2,8,1.0,2
98,Teens,7,2,2,9,1.0,2
98,Teens,8,4,2,1,0.5,4
98,Teens,8,4,2,2,0.75,4
98,Teens,8,4,2,3,1.0,4
98,Teens,8,4,2,4,1.0,4
98,Teens,8,4,2,5,1.0,4
98,Teens,8,4,2,6,1.0,4
98,Teens,8,4,2,7,1.0,4
98,Teens,8,4,2,8,1.0,4
98,Teens,8,4,2,9,1.0,4
98,Teens,9,3,3,1,0.3333333333333333,3
98,Teens,9,3,3,2,0.6666666666666666,3
98,Teens,9,3,3,3,1.0,3
98,Teens,9,3,3,4,1.0,3
98,Teens,9,3,3,5,1.0,3
98,Teens,9,3,3,6,1.0,3
98,Teens,9,3,3,7,1.0,3
98,Teens,9,3,3,8,1.0,3
98,Teens,9,3,3,9,1.0,3
98,Teens,10,5,3,1,0.2,5
98,Teens,10,5,3,2,0.2,5
98,Teens,10,5,3,3,0.2,5
98,Teens,10,5,3,4,0.4,5
98,Teens,10,5,3,5,0.4,5
98,Teens,10,5,3,6,1.0,5
98,Teens,10,5,3,7,0.8,5
98,Teens,10,5,3,8,0.8,5
98,Teens,10,5,3,9,1.0,5
99,Teens,1,2,1,1,0.5,2
99,Teens,1,2,1,2,0.5,2
99,Teens,1,2,1,3,1.0,2
99,Teens,1,2,1,4,1.0,2
99,Teens,1,2,1,5,1.0,2
99,Teens,1,2,1,6,1.0,2
99,Teens,1,2,1,7,1.0,2
99,Teens,1,2,1,8,1.0,2
99,Teens,1,2,1,9,1.0,2
99,Teens,2,3,1,1,0.6666666666666666,3
99,Teens,2,3,1,2,0.6666666666666666,3
99,Teens,2,3,1,3,1.0,3
99,Teens,2,3,1,4,1.0,3
99,Teens,2,3,1,5,1.0,3
99,Teens,2,3,1,6,1.0,3
99,Teens,2,3,1,7,1.0,3
99,Teens,2,3,1,8,1.0,3
99,Teens,2,3,1,9,1.0,3
99,Teens,3,4,1,1,0.25,4
99,Teens,3,4,1,2,0.5,4
99,Teens,3,4,1,3,1.0,4
99,Teens,3,4,1,4,0.75,4
99,Teens,3,4,1,5,1.0,4
99,Teens,3,4,1,6,1.0,4
99,Teens,3,4,1,7,1.0,4
99,Teens,3,4,1,8,1.0,4
99,Teens,3,4,1,9,1.0,4
99,Teens,4,5,1,1,0.6,5
99,Teens,4,5,1,2,0.6,5
99,Teens,4,5,1,3,0.8,5
99,Teens,4,5,1,4,1.0,5
99,Teens,4,5,1,5,1.0,5
99,Teens,4,5,1,6,1.0,5
99,Teens,4,5,1,7,1.0,5
99,Teens,4,5,1,8,0.8,5
99,Teens,4,5,1,9,1.0,5
99,Teens,5,3,2,1,0.6666666666666666,3
99,Teens,5,3,2,2,0.6666666666666666,3
99,Teens,5,3,2,3,1.0,3
99,Teens,5,3,2,4,1.0,3
99,Teens,5,3,2,5,1.0,3
99,Teens,5,3,2,6,1.0,3
99,Teens,5,3,2,7,1.0,3
99,Teens,5,3,2,8,1.0,3
99,Teens,5,3,2,9,1.0,3
99,Teens,6,5,2,1,0.4,5
99,Teens,6,5,2,2,1.0,5
99,Teens,6,5,2,3,1.0,5
99,Teens,6,5,2,4,1.0,5
99,Teens,6,5,2,5,1.0,5
99,Teens,6,5,2,6,1.0,5
99,Teens,6,5,2,7,1.0,5
99,Teens,6,5,2,8,1.0,5
99,Teens,6,5,2,9,0.8,5
99,Teens,7,2,2,1,0.0,2
99,Teens,7,2,2,2,1.0,2
99,Teens,7,2,2,3,1.0,2
99,Teens,7,2,2,4,1.0,2
99,Teens,7,2,2,5,1.0,2
99,Teens,7,2,2,6,1.0,2
99,Teens,7,2,2,7,1.0,2
99,Teens,7,2,2,8,1.0,2
99,Teens,7,2,2,9,1.0,2
99,Teens,8,3,3,1,0.6666666666666666,3
99,Teens,8,3,3,2,1.0,3
99,Teens,8,3,3,3,1.0,3
99,Teens,8,3,3,4,1.0,3
99,Teens,8,3,3,5,1.0,3
99,Teens,8,3,3,6,1.0,3
99,Teens,8,3,3,7,1.0,3
99,Teens,8,3,3,8,1.0,3
99,Teens,8,3,3,9,1.0,3
99,Teens,9,4,2,1,0.25,4
99,Teens,9,4,2,2,1.0,4
99,Teens,9,4,2,3,1.0,4
99,Teens,9,4,2,4,1.0,4
99,Teens,9,4,2,5,1.0,4
99,Teens,9,4,2,6,1.0,4
99,Teens,9,4,2,7,1.0,4
99,Teens,9,4,2,8,1.0,4
99,Teens,9,4,2,9,1.0,4
99,Teens,10,5,3,1,0.4,5
99,Teens,10,5,3,2,0.6,5
99,Teens,10,5,3,3,0.6,5
99,Teens,10,5,3,4,1.0,5
99,Teens,10,5,3,5,0.8,5
99,Teens,10,5,3,6,1.0,5
99,Teens,10,5,3,7,1.0,5
99,Teens,10,5,3,8,0.8,5
99,Teens,10,5,3,9,1.0,5
100,Kids,1,2,1,1,0.0,2
100,Kids,1,2,1,2,1.0,2
100,Kids,1,2,1,3,1.0,2
100,Kids,1,2,1,4,1.0,2
100,Kids,1,2,1,5,1.0,2
100,Kids,1,2,1,6,1.0,2
100,Kids,1,2,1,7,1.0,2
100,Kids,1,2,1,8,1.0,2
100,Kids,1,2,1,9,1.0,2
100,Kids,2,3,1,1,0.3333333333333333,3
100,Kids,2,3,1,2,0.6666666666666666,3
100,Kids,2,3,1,3,1.0,3
100,Kids,2,3,1,4,1.0,3
100,Kids,2,3,1,5,1.0,3
100,Kids,2,3,1,6,1.0,3
100,Kids,2,3,1,7,1.0,3
100,Kids,2,3,1,8,1.0,3
100,Kids,2,3,1,9,1.0,3
100,Kids,3,4,1,1,0.25,4
100,Kids,3,4,1,2,0.5,4
100,Kids,3,4,1,3,1.0,4
100,Kids,3,4,1,4,0.5,4
100,Kids,3,4,1,5,1.0,4
100,Kids,3,4,1,6,1.0,4
100,Kids,3,4,1,7,1.0,4
100,Kids,3,4,1,8,1.0,4
100,Kids,3,4,1,9,1.0,4
100,Kids,4,5,1,1,0.6,5
100,Kids,4,5,1,2,0.6,5
100,Kids,4,5,1,3,0.8,5
100,Kids,4,5,1,4,0.6,5
100,Kids,4,5,1,5,0.8,5
100,Kids,4,5,1,6,1.0,5
100,Kids,4,5,1,7,1.0,5
100,Kids,4,5,1,8,1.0,5
100,Kids,4,5,1,9,1.0,5
100,Kids,5,3,2,1,0.3333333333333333,3
100,Kids,5,3,2,2,0.0,3
100,Kids,5,3,2,3,1.0,3
100,Kids,5,3,2,4,0.6666666666666666,3
100,Kids,5,3,2,5,1.0,3
100,Kids,5,3,2,6,1.0,3
100,Kids,5,3,2,7,1.0,3
100,Kids,5,3,2,8,0.6666666666666666,3
100,Kids,5,3,2,9,1.0,3
100,Kids,6,5,2,1,0.6,5
100,Kids,6,5,2,2,0.6,5
100,Kids,6,5,2,3,0.8,5
100,Kids,6,5,2,4,0.6,5
100,Kids,6,5,2,5,0.6,5
100,Kids,6,5,2,6,0.8,5
100,Kids,6,5,2,7,0.8,5
100,Kids,6,5,2,8,0.8,5
100,Kids,6,5,2,9,1.0,5
100,Kids,7,2,2,1,0.5,2
100,Kids,7,2,2,2,0.0,2
100,Kids,7,2,2,3,1.0,2
100,Kids,7,2,2,4,1.0,2
100,Kids,7,2,2,5,1.0,2
100,Kids,7,2,2,6,1.0,2
100,Kids,7,2,2,7,1.0,2
100,Kids,7,2,2,8,1.0,2
100,Kids,7,2,2,9,1.0,2
100,Kids,8,3,3,1,1.0,3
100,Kids,8,3,3,2,1.0,3
100,Kids,8,3,3,3,1.0,3
100,Kids,8,3,3,4,1.0,3
100,Kids,8,3,3,5,1.0,3
100,Kids,8,3,3,6,1.0,3
100,Kids,8,3,3,7,0.6666666666666666,3
100,Kids,8,3,3,8,1.0,3
100,Kids,8,3,3,9,1.0,3
100,Kids,9,4,2,1,0.25,4
100,Kids,9,4,2,2,0.75,4
100,Kids,9,4,2,3,1.0,4
100,Kids,9,4,2,4,0.75,4
100,Kids,9,4,2,5,1.0,4
100,Kids,9,4,2,6,1.0,4
100,Kids,9,4,2,7,0.75,4
100,Kids,9,4,2,8,1.0,4
100,Kids,9,4,2,9,1.0,4
100,Kids,10,5,3,1,0.6,5
100,Kids,10,5,3,2,0.6,5
100,Kids,10,5,3,3,0.8,5
100,Kids,10,5,3,4,0.8,5
100,Kids,10,5,3,5,0.8,5
100,Kids,10,5,3,6,1.0,5
100,Kids,10,5,3,7,1.0,5
100,Kids,10,5,3,8,1.0,5
100,Kids,10,5,3,9,1.0,5
101,Kids,1,2,1,1,1.0,2
101,Kids,1,2,1,2,1.0,2
101,Kids,1,2,1,3,1.0,2
101,Kids,1,2,1,4,1.0,2
101,Kids,1,2,1,5,1.0,2
101,Kids,1,2,1,6,0.5,2
101,Kids,1,2,1,7,1.0,2
101,Kids,1,2,1,8,1.0,2
101,Kids,1,2,1,9,1.0,2
101,Kids,2,3,1,1,0.3333333333333333,3
101,Kids,2,3,1,2,0.6666666666666666,3
101,Kids,2,3,1,3,1.0,3
101,Kids,2,3,1,4,0.6666666666666666,3
101,Kids,2,3,1,5,0.6666666666666666,3
101,Kids,2,3,1,6,1.0,3
101,Kids,2,3,1,7,1.0,3
101,Kids,2,3,1,8,1.0,3
101,Kids,2,3,1,9,0.6666666666666666,3
101,Kids,3,4,1,1,0.75,4
101,Kids,3,4,1,2,0.75,4
101,Kids,3,4,1,3,0.75,4
101,Kids,3,4,1,4,1.0,4
101,Kids,3,4,1,5,1.0,4
101,Kids,3,4,1,6,1.0,4
101,Kids,3,4,1,7,1.0,4
101,Kids,3,4,1,8,0.75,4
101,Kids,3,4,1,9,1.0,4
101,Kids,4,5,1,1,0.2,5
101,Kids,4,5,1,2,0.4,5
101,Kids,4,5,1,3,0.0,5
101,Kids,4,5,1,4,0.2,5
101,Kids,4,5,1,5,0.0,5
101,Kids,4,5,1,6,0.25,4
101,Kids,4,5,1,7,0.0,2
101,Kids,4,5,1,8,0.0,5
101,Kids,4,5,1,9,0.2,5
101,Kids,5,3,2,1,0.6666666666666666,3
101,Kids,5,3,2,2,0.6666666666666666,3
101,Kids,5,3,2,3,0.6666666666666666,3
101,Kids,5,3,2,4,1.0,3
101,Kids,5,3,2,5,1.0,3
101,Kids,5,3,2,6,0.6666666666666666,3
101,Kids,5,3,2,7,1.0,3
101,Kids,5,3,2,8,1.0,3
101,Kids,5,3,2,9,1.0,3
101,Kids,6,5,2,1,0.0,5
101,Kids,6,5,2,2,0.8,5
101,Kids,6,5,2,3,0.8,5
101,Kids,6,5,2,4,0.8,5
101,Kids,6,5,2,5,0.8,5
101,Kids,6,5,2,6,0.8,5
101,Kids,6,5,2,7,0.8,5
101,Kids,6,5,2,8,0.8,5
101,Kids,6,5,2,9,0.8,5
101,Kids,7,2,2,1,0.5,2
101,Kids,7,2,2,2,0.5,2
101,Kids,7,2,2,3,1.0,2
101,Kids,7,2,2,4,1.0,2
101,Kids,7,2,2,5,1.0,2
101,Kids,7,2,2,6,0.5,2
101,Kids,7,2,2,7,1.0,2
101,Kids,7,2,2,8,1.0,2
101,Kids,7,2,2,9,1.0,2
101,Kids,8,3,3,1,0.3333333333333333,3
101,Kids,8,3,3,2,0.5,2
101,Kids,8,3,3,3,0.3333333333333333,3
101,Kids,8,3,3,4,1.0,3
101,Kids,8,3,3,5,1.0,3
101,Kids,8,3,3,6,1.0,3
101,Kids,8,3,3,7,1.0,3
101,Kids,8,3,3,8,1.0,3
101,Kids,8,3,3,9,1.0,3
101,Kids,9,4,2,1,0.5,4
101,Kids,9,4,2,2,0.75,4
101,Kids,9,4,2,3,0.75,4
101,Kids,9,4,2,4,1.0,4
101,Kids,9,4,2,5,1.0,4
101,Kids,9,4,2,6,1.0,4
101,Kids,9,4,2,7,0.75,4
101,Kids,9,4,2,8,1.0,4
101,Kids,9,4,2,9,0.75,4
101,Kids,10,5,3,1,0.4,5
101,Kids,10,5,3,2,0.6,5
101,Kids,10,5,3,3,1.0,5
101,Kids,10,5,3,4,1.0,5
101,Kids,10,5,3,5,0.8,5
101,Kids,10,5,3,6,1.0,5
101,Kids,10,5,3,7,1.0,5
101,Kids,10,5,3,8,0.8,5
101,Kids,10,5,3,9,1.0,5
102,Kids,1,2,1,1,0.0,2
102,Kids,1,2,1,2,0.0,2
102,Kids,1,2,1,3,0.0,2
102,Kids,1,2,1,4,0.5,2
102,Kids,1,2,1,5,1.0,2
102,Kids,1,2,1,6,1.0,2
102,Kids,1,2,1,7,1.0,2
102,Kids,1,2,1,8,1.0,2
102,Kids,1,2,1,9,1.0,2
102,Kids,2,3,1,1,0.6666666666666666,3
102,Kids,2,3,1,2,0.6666666666666666,3
102,Kids,2,3,1,3,0.3333333333333333,3
102,Kids,2,3,1,4,1.0,3
102,Kids,2,3,1,5,0.6666666666666666,3
102,Kids,2,3,1,6,1.0,3
102,Kids,2,3,1,7,1.0,3
102,Kids,2,3,1,8,0.6666666666666666,3
102,Kids,2,3,1,9,1.0,3
102,Kids,3,5,1,1,0.4,5
102,Kids,3,5,1,2,0.2,5
102,Kids,3,5,1,3,0.0,5
102,Kids,3,5,1,4,0.4,5
102,Kids,3,5,1,5,0.2,5
102,Kids,3,5,1,6,0.4,5
102,Kids,3,5,1,7,0.6,5
102,Kids,3,5,1,8,0.6,5
102,Kids,3,5,1,9,1.0,5
102,Kids,4,4,1,1,0.5,4
102,Kids,4,4,1,2,0.5,4
102,Kids,4,4,1,3,0.0,4
102,Kids,4,4,1,4,0.75,4
102,Kids,4,4,1,5,0.5,4
102,Kids,4,4,1,6,0.25,4
102,Kids,4,4,1,7,0.75,4
102,Kids,4,4,1,8,0.75,4
102,Kids,4,4,1,9,0.0,4
102,Kids,5,3,2,1,0.0,3
102,Kids,5,3,2,2,0.6666666666666666,3
102,Kids,5,3,2,3,0.6666666666666666,3
102,Kids,5,3,2,4,1.0,3
102,Kids,5,3,2,5,1.0,3
102,Kids,5,3,2,6,1.0,3
102,Kids,5,3,2,7,0.6666666666666666,3
102,Kids,5,3,2,8,0.6666666666666666,3
102,Kids,5,3,2,9,1.0,3
102,Kids,6,5,2,1,0.2,5
102,Kids,6,5,2,2,0.4,5
102,Kids,6,5,2,3,0.2,5
102,Kids,6,5,2,4,0.4,5
102,Kids,6,5,2,5,0.6,5
102,Kids,6,5,2,6,0.4,5
102,Kids,6,5,2,7,0.4,5
102,Kids,6,5,2,8,0.8,5
102,Kids,6,5,2,9,0.8,5
102,Kids,7,2,2,1,0.0,2
102,Kids,7,2,2,2,1.0,2
102,Kids,7,2,2,3,1.0,2
102,Kids,7,2,2,4,0.5,2
102,Kids,7,2,2,5,1.0,2
102,Kids,7,2,2,6,1.0,2
102,Kids,7,2,2,7,0.0,1
102,Kids,7,2,2,8,0.5,2
102,Kids,7,2,2,9,1.0,2
102,Kids,8,3,3,1,1.0,3
102,Kids,8,3,3,2,0.6666666666666666,3
102,Kids,8,3,3,3,1.0,3
102,Kids,8,3,3,4,0.6666666666666666,3
102,Kids,8,3,3,5,0.6666666666666666,3
102,Kids,8,3,3,6,0.6666666666666666,3
102,Kids,8,3,3,7,0.3333333333333333,3
102,Kids,8,3,3,8,1.0,3
102,Kids,8,3,3,9,0.6666666666666666,3
102,Kids,9,5,3,1,0.4,5
102,Kids,9,5,3,2,0.4,5
102,Kids,9,5,3,3,0.6,5
102,Kids,9,5,3,4,0.2,5
102,Kids,9,5,3,5,0.5,2
102,Kids,9,5,3,6,0.2,5
102,Kids,9,5,3,7,0.4,5
102,Kids,9,5,3,8,0.4,5
102,Kids,9,5,3,9,0.2,5
102,Kids,10,4,2,1,0.75,4
102,Kids,10,4,2,2,0.5,4
102,Kids,10,4,2,3,0.5,4
102,Kids,10,4,2,4,0.5,4
102,Kids,10,4,2,5,0.25,4
102,Kids,10,4,2,6,0.25,4
102,Kids,10,4,2,7,0.5,4
102,Kids,10,4,2,8,0.5,4
102,Kids,10,4,2,9,0.25,4
103,Kids,1,2,1,1,0.0,2
103,Kids,1,2,1,2,0.0,2
103,Kids,1,2,1,3,1.0,2
103,Kids,1,2,1,4,1.0,2
103,Kids,1,2,1,5,0.5,2
103,Kids,1,2,1,6,1.0,2
103,Kids,1,2,1,7,1.0,2
103,Kids,1,2,1,8,1.0,2
103,Kids,1,2,1,9,1.0,2
103,Kids,2,3,1,1,0.5,2
103,Kids,2,3,1,2,0.6666666666666666,3
103,Kids,2,3,1,3,0.6666666666666666,3
103,Kids,2,3,1,4,0.6666666666666666,3
103,Kids,2,3,1,5,0.6666666666666666,3
103,Kids,2,3,1,6,1.0,3
103,Kids,2,3,1,7,0.6666666666666666,3
103,Kids,2,3,1,8,0.3333333333333333,3
103,Kids,2,3,1,9,1.0,3
103,Kids,3,5,1,1,0.2,5
103,Kids,3,5,1,2,0.6,5
103,Kids,3,5,1,3,0.8,5
103,Kids,3,5,1,4,0.8,5
103,Kids,3,5,1,5,0.6,5
103,Kids,3,5,1,6,0.8,5
103,Kids,3,5,1,7,0.8,5
103,Kids,3,5,1,8,0.8,5
103,Kids,3,5,1,9,1.0,5
103,Kids,4,4,1,1,0.25,4
103,Kids,4,4,1,2,0.5,4
103,Kids,4,4,1,3,0.25,4
103,Kids,4,4,1,4,0.75,4
103,Kids,4,4,1,5,1.0,4
103,Kids,4,4,1,6,1.0,4
103,Kids,4,4,1,7,1.0,4
103,Kids,4,4,1,8,1.0,4
103,Kids,4,4,1,9,1.0,4
103,Kids,5,3,2,1,0.3333333333333333,3
103,Kids,5,3,2,2,0.3333333333333333,3
103,Kids,5,3,2,3,1.0,3
103,Kids,5,3,2,4,1.0,3
103,Kids,5,3,2,5,1.0,3
103,Kids,5,3,2,6,1.0,3
103,Kids,5,3,2,7,1.0,3
103,Kids,5,3,2,8,1.0,3
103,Kids,5,3,2,9,1.0,3
103,Kids,6,5,2,1,0.2,5
103,Kids,6,5,2,2,0.2,5
103,Kids,6,5,2,3,0.4,5
103,Kids,6,5,2,4,0.4,5
103,Kids,6,5,2,5,0.6,5
103,Kids,6,5,2,6,0.6,5
103,Kids,6,5,2,7,1.0,5
103,Kids,6,5,2,8,1.0,5
103,Kids,6,5,2,9,0.8,5
103,Kids,7,2,2,1,0.0,2
103,Kids,7,2,2,2,0.5,2
103,Kids,7,2,2,3,0.5,2
103,Kids,7,2,2,4,0.5,2
103,Kids,7,2,2,5,1.0,2
103,Kids,7,2,2,6,1.0,2
103,Kids,7,2,2,7,1.0,2
103,Kids,7,2,2,8,0.5,2
103,Kids,7,2,2,9,1.0,2
103,Kids,8,3,3,1,0.6666666666666666,3
103,Kids,8,3,3,2,1.0,3
103,Kids,8,3,3,3,1.0,3
103,Kids,8,3,3,4,1.0,3
103,Kids,8,3,3,5,1.0,3
103,Kids,8,3,3,6,1.0,3
103,Kids,8,3,3,7,1.0,3
103,Kids,8,3,3,8,1.0,3
103,Kids,8,3,3,9,1.0,3
103,Kids,9,5,3,1,0.2,5
103,Kids,9,5,3,2,0.6,5
103,Kids,9,5,3,3,0.6,5
103,Kids,9,5,3,4,0.8,5
103,Kids,9,5,3,5,0.75,4
103,Kids,9,5,3,6,0.6,5
103,Kids,9,5,3,7,0.6,5
103,Kids,9,5,3,8,0.8,5
103,Kids,9,5,3,9,0.8,5
103,Kids,10,4,2,1,0.25,4
103,Kids,10,4,2,2,0.25,4
103,Kids,10,4,2,3,1.0,4
103,Kids,10,4,2,4,0.75,4
103,Kids,10,4,2,5,1.0,4
103,Kids,10,4,2,6,0.5,4
103,Kids,10,4,2,7,1.0,4
103,Kids,10,4,2,8,1.0,4
103,Kids,10,4,2,9,1.0,4
104,Teens,1,2,1,1,0.5,2
104,Teens,1,2,1,2,0.5,2
104,Teens,1,2,1,3,1.0,2
104,Teens,1,2,1,4,1.0,2
104,Teens,1,2,1,5,1.0,2
104,Teens,1,2,1,6,1.0,2
104,Teens,1,2,1,7,1.0,2
104,Teens,1,2,1,8,1.0,2
104,Teens,1,2,1,9,1.0,2
104,Teens,2,3,1,1,0.3333333333333333,3
104,Teens,2,3,1,2,0.6666666666666666,3
104,Teens,2,3,1,3,1.0,3
104,Teens,2,3,1,4,1.0,3
104,Teens,2,3,1,5,1.0,3
104,Teens,2,3,1,6,1.0,3
104,Teens,2,3,1,7,1.0,3
104,Teens,2,3,1,8,1.0,3
104,Teens,2,3,1,9,1.0,3
104,Teens,3,5,1,1,0.6,5
104,Teens,3,5,1,2,0.4,5
104,Teens,3,5,1,3,0.8,5
104,Teens,3,5,1,4,0.2,5
104,Teens,3,5,1,5,0.6,5
104,Teens,3,5,1,6,0.6,5
104,Teens,3,5,1,7,0.6666666666666666,3
104,Teens,3,5,1,8,0.8,5
104,Teens,3,5,1,9,0.8,5
104,Teens,4,4,1,1,0.25,4
104,Teens,4,4,1,2,0.5,4
104,Teens,4,4,1,3,0.25,4
104,Teens,4,4,1,4,0.75,4
104,Teens,4,4,1,5,0.75,4
104,Teens,4,4,1,6,0.5,4
104,Teens,4,4,1,7,0.25,4
104,Teens,4,4,1,8,0.5,4
104,Teens,4,4,1,9,0.75,4
104,Teens,5,3,2,1,0.3333333333333333,3
104,Teens,5,3,2,2,0.6666666666666666,3
104,Teens,5,3,2,3,1.0,3
104,Teens,5,3,2,4,1.0,3
104,Teens,5,3,2,5,1.0,3
104,Teens,5,3,2,6,0.6666666666666666,3
104,Teens,5,3,2,7,1.0,3
104,Teens,5,3,2,8,1.0,3
104,Teens,5,3,2,9,1.0,3
104,Teens,6,5,2,1,0.4,5
104,Teens,6,5,2,2,0.8,5
104,Teens,6,5,2,3,1.0,5
104,Teens,6,5,2,4,1.0,5
104,Teens,6,5,2,5,0.8,5
104,Teens,6,5,2,6,0.8,5
104,Teens,6,5,2,7,1.0,5
104,Teens,6,5,2,8,1.0,5
104,Teens,6,5,2,9,1.0,5
104,Teens,7,2,2,1,0.0,2
104,Teens,7,2,2,2,0.5,2
104,Teens,7,2,2,3,1.0,2
104,Teens,7,2,2,4,1.0,2
104,Teens,7,2,2,5,0.5,2
104,Teens,7,2,2,6,1.0,2
104,Teens,7,2,2,7,1.0,2
104,Teens,7,2,2,8,1.0,2
104,Teens,7,2,2,9,1.0,2
104,Teens,8,3,3,1,0.3333333333333333,3
104,Teens,8,3,3,2,0.6666666666666666,3
104,Teens,8,3,3,3,1.0,3
104,Teens,8,3,3,4,1.0,3
104,Teens,8,3,3,5,1.0,3
104,Teens,8,3,3,6,1.0,3
104,Teens,8,3,3,7,1.0,3
104,Teens,8,3,3,8,1.0,3
104,Teens,8,3,3,9,1.0,3
104,Teens,9,5,3,1,0.4,5
104,Teens,9,5,3,2,0.4,5
104,Teens,9,5,3,3,0.8,5
104,Teens,9,5,3,4,0.8,5
104,Teens,9,5,3,5,0.8,5
104,Teens,9,5,3,6,0.8,5
104,Teens,9,5,3,7,1.0,5
104,Teens,9,5,3,8,1.0,5
104,Teens,9,5,3,9,1.0,5
104,Teens,10,4,2,1,0.25,4
104,Teens,10,4,2,2,0.75,4
104,Teens,10,4,2,3,1.0,4
104,Teens,10,4,2,4,1.0,4
104,Teens,10,4,2,5,1.0,4
104,Teens,10,4,2,6,1.0,4
104,Teens,10,4,2,7,1.0,4
104,Teens,10,4,2,8,1.0,4
104,Teens,10,4,2,9,1.0,4
105,Teens,1,2,1,1,0.5,2
105,Teens,1,2,1,2,1.0,2
105,Teens,1,2,1,3,1.0,2
105,Teens,1,2,1,4,1.0,2
105,Teens,1,2,1,5,1.0,2
105,Teens,1,2,1,6,1.0,2
105,Teens,1,2,1,7,1.0,2
105,Teens,1,2,1,8,1.0,2
105,Teens,1,2,1,9,1.0,2
105,Teens,2,3,1,1,0.6666666666666666,3
105,Teens,2,3,1,2,1.0,3
105,Teens,2,3,1,3,0.6666666666666666,3
105,Teens,2,3,1,4,0.6666666666666666,3
105,Teens,2,3,1,5,1.0,3
105,Teens,2,3,1,6,1.0,3
105,Teens,2,3,1,7,1.0,3
105,Teens,2,3,1,8,1.0,3
105,Teens,2,3,1,9,1.0,3
105,Teens,3,4,1,1,0.0,4
105,Teens,3,4,1,2,0.25,4
105,Teens,3,4,1,3,0.25,4
105,Teens,3,4,1,4,0.75,4
105,Teens,3,4,1,5,1.0,4
105,Teens,3,4,1,6,1.0,4
105,Teens,3,4,1,7,1.0,4
105,Teens,3,4,1,8,0.75,4
105,Teens,3,4,1,9,1.0,4
105,Teens,4,5,1,1,0.6,5
105,Teens,4,5,1,2,0.6,5
105,Teens,4,5,1,3,0.4,5
105,Teens,4,5,1,4,0.2,5
105,Teens,4,5,1,5,0.6,5
105,Teens,4,5,1,6,0.8,5
105,Teens,4,5,1,7,0.6,5
105,Teens,4,5,1,8,1.0,5
105,Teens,4,5,1,9,0.8,5
105,Teens,5,3,2,1,0.3333333333333333,3
105,Teens,5,3,2,2,0.3333333333333333,3
105,Teens,5,3,2,3,1.0,3
105,Teens,5,3,2,4,1.0,3
105,Teens,5,3,2,5,1.0,3
105,Teens,5,3,2,6,1.0,3
105,Teens,5,3,2,7,1.0,3
105,Teens,5,3,2,8,1.0,3
105,Teens,5,3,2,9,1.0,3
105,Teens,6,5,2,1,0.6,5
105,Teens,6,5,2,2,0.6,5
105,Teens,6,5,2,3,0.8,5
105,Teens,6,5,2,4,1.0,5
105,Teens,6,5,2,5,0.8,5
105,Teens,6,5,2,6,0.8,5
105,Teens,6,5,2,7,1.0,5
105,Teens,6,5,2,8,1.0,5
105,Teens,6,5,2,9,0.8,5
105,Teens,7,2,2,1,0.5,2
105,Teens,7,2,2,2,0.5,2
105,Teens,7,2,2,3,0.5,2
105,Teens,7,2,2,4,1.0,2
105,Teens,7,2,2,5,0.5,2
105,Teens,7,2,2,6,1.0,2
105,Teens,7,2,2,7,1.0,2
105,Teens,7,2,2,8,1.0,2
105,Teens,7,2,2,9,1.0,2
105,Teens,8,3,3,1,0.6666666666666666,3
105,Teens,8,3,3,2,0.6666666666666666,3
105,Teens,8,3,3,3,1.0,3
105,Teens,8,3,3,4,1.0,3
105,Teens,8,3,3,5,0.6666666666666666,3
105,Teens,8,3,3,6,1.0,3
105,Teens,8,3,3,7,1.0,3
105,Teens,8,3,3,8,1.0,3
105,Teens,8,3,3,9,1.0,3
105,Teens,9,4,2,1,0.5,4
105,Teens,9,4,2,2,0.75,4
105,Teens,9,4,2,3,0.75,4
105,Teens,9,4,2,4,0.75,4
105,Teens,9,4,2,5,0.75,4
105,Teens,9,4,2,6,0.75,4
105,Teens,9,4,2,7,1.0,4
105,Teens,9,4,2,8,1.0,4
105,Teens,9,4,2,9,1.0,4
105,Teens,10,5,3,1,0.2,5
105,Teens,10,5,3,2,0.6,5
105,Teens,10,5,3,3,0.6,5
105,Teens,10,5,3,4,1.0,5
105,Teens,10,5,3,5,0.6,5
105,Teens,10,5,3,6,1.0,5
105,Teens,10,5,3,7,0.8,5
105,Teens,10,5,3,8,1.0,5
105,Teens,10,5,3,9,1.0,5
106,Teens,1,2,1,1,0.0,2
106,Teens,1,2,1,2,0.5,2
106,Teens,1,2,1,3,1.0,2
106,Teens,1,2,1,4,1.0,2
106,Teens,1,2,1,5,1.0,2
106,Teens,1,2,1,6,1.0,2
106,Teens,1,2,1,7,1.0,2
106,Teens,1,2,1,8,1.0,2
106,Teens,1,2,1,9,1.0,2
106,Teens,2,3,1,1,0.3333333333333333,3
106,Teens,2,3,1,2,0.6666666666666666,3
106,Teens,2,3,1,3,1.0,3
106,Teens,2,3,1,4,1.0,3
106,Teens,2,3,1,5,1.0,3
106,Teens,2,3,1,6,1.0,3
106,Teens,2,3,1,7,1.0,3
106,Teens,2,3,1,8,1.0,3
106,Teens,2,3,1,9,1.0,3
106,Teens,3,4,1,1,0.25,4
106,Teens,3,4,1,2,0.25,4
106,Teens,3,4,1,3,0.75,4
106,Teens,3,4,1,4,0.75,4
106,Teens,3,4,1,5,1.0,4
106,Teens,3,4,1,6,1.0,4
106,Teens,3,4,1,7,1.0,4
106,Teens,3,4,1,8,1.0,4
106,Teens,3,4,1,9,1.0,4
106,Teens,4,5,1,1,0.2,5
106,Teens,4,5,1,2,0.2,5
106,Teens,4,5,1,3,0.4,5
106,Teens,4,5,1,4,0.6,5
106,Teens,4,5,1,5,0.6,5
106,Teens,4,5,1,6,0.8,5
106,Teens,4,5,1,7,1.0,5
106,Teens,4,5,1,8,0.8,5
106,Teens,4,5,1,9,0.8,5
106,Teens,5,3,2,1,1.0,3
106,Teens,5,3,2,2,1.0,3
106,Teens,5,3,2,3,1.0,3
106,Teens,5,3,2,4,1.0,3
106,Teens,5,3,2,5,1.0,3
106,Teens,5,3,2,6,1.0,3
106,Teens,5,3,2,7,1.0,3
106,Teens,5,3,2,8,1.0,3
106,Teens,5,3,2,9,1.0,3
106,Teens,6,5,2,1,0.4,5
106,Teens,6,5,2,2,0.4,5
106,Teens,6,5,2,3,0.8,5
106,Teens,6,5,2,4,0.6,5
106,Teens,6,5,2,5,0.8,5
106,Teens,6,5,2,6,0.8,5
106,Teens,6,5,2,7,0.8,5
106,Teens,6,5,2,8,1.0,5
106,Teens,6,5,2,9,1.0,5
106,Teens,7,2,2,1,0.0,2
106,Teens,7,2,2,2,0.5,2
106,Teens,7,2,2,3,1.0,2
106,Teens,7,2,2,4,1.0,2
106,Teens,7,2,2,5,1.0,2
106,Teens,7,2,2,6,1.0,2
106,Teens,7,2,2,7,0.0,2
106,Teens,7,2,2,8,1.0,2
106,Teens,7,2,2,9,1.0,2
106,Teens,8,3,3,1,0.6666666666666666,3
106,Teens,8,3,3,2,1.0,3
106,Teens,8,3,3,3,0.6666666666666666,3
106,Teens,8,3,3,4,1.0,3
106,Teens,8,3,3,5,1.0,3
106,Teens,8,3,3,6,1.0,3
106,Teens,8,3,3,7,1.0,3
106,Teens,8,3,3,8,1.0,3
106,Teens,8,3,3,9,1.0,3
106,Teens,9,4,2,1,0.5,4
106,Teens,9,4,2,2,0.5,4
106,Teens,9,4,2,3,1.0,4
106,Teens,9,4,2,4,1.0,4
106,Teens,9,4,2,5,1.0,4
106,Teens,9,4,2,6,1.0,4
106,Teens,9,4,2,7,1.0,4
106,Teens,9,4,2,8,1.0,4
106,Teens,9,4,2,9,1.0,4
106,Teens,10,5,3,1,0.4,5
106,Teens,10,5,3,2,0.6,5
106,Teens,10,5,3,3,0.4,5
106,Teens,10,5,3,4,0.4,5
106,Teens,10,5,3,5,0.4,5
106,Teens,10,5,3,6,0.6,5
106,Teens,10,5,3,7,0.8,5
106,Teens,10,5,3,8,1.0,5
106,Teens,10,5,3,9,0.8,5
108,Kids,1,2,1,1,1.0,2
108,Kids,1,2,1,2,0.5,2
108,Kids,1,2,1,3,1.0,2
108,Kids,1,2,1,4,1.0,2
108,Kids,1,2,1,5,1.0,2
108,Kids,1,2,1,6,0.5,2
108,Kids,1,2,1,7,1.0,2
108,Kids,1,2,1,8,1.0,2
108,Kids,1,2,1,9,1.0,2
108,Kids,2,4,1,1,0.0,4
108,Kids,2,4,1,2,0.25,4
108,Kids,2,4,1,3,0.75,4
108,Kids,2,4,1,4,1.0,4
108,Kids,2,4,1,5,1.0,4
108,Kids,2,4,1,6,0.75,4
108,Kids,2,4,1,7,1.0,4
108,Kids,2,4,1,8,1.0,4
108,Kids,2,4,1,9,1.0,4
108,Kids,3,3,1,1,0.6666666666666666,3
108,Kids,3,3,1,2,0.3333333333333333,3
108,Kids,3,3,1,3,0.0,3
108,Kids,3,3,1,4,0.3333333333333333,3
108,Kids,3,3,1,5,0.3333333333333333,3
108,Kids,3,3,1,6,0.3333333333333333,3
108,Kids,3,3,1,7,0.6666666666666666,3
108,Kids,3,3,1,8,0.6666666666666666,3
108,Kids,3,3,1,9,0.3333333333333333,3
108,Kids,4,5,1,1,0.2,5
108,Kids,4,5,1,2,0.6,5
108,Kids,4,5,1,3,0.6,5
108,Kids,4,5,1,4,0.4,5
108,Kids,4,5,1,5,0.8,5
108,Kids,4,5,1,6,0.8,5
108,Kids,4,5,1,7,0.8,5
108,Kids,4,5,1,8,0.6,5
108,Kids,4,5,1,9,0.6,5
108,Kids,5,3,2,1,0.3333333333333333,3
108,Kids,5,3,2,2,1.0,3
108,Kids,5,3,2,3,1.0,3
108,Kids,5,3,2,4,1.0,3
108,Kids,5,3,2,5,0.6666666666666666,3
108,Kids,5,3,2,6,1.0,3
108,Kids,5,3,2,7,0.6666666666666666,3
108,Kids,5,3,2,8,1.0,3
108,Kids,5,3,2,9,1.0,3
108,Kids,6,5,2,1,0.2,5
108,Kids,6,5,2,2,0.4,5
108,Kids,6,5,2,3,0.2,5
108,Kids,6,5,2,4,0.75,4
108,Kids,6,5,2,5,0.4,5
108,Kids,6,5,2,6,0.5,4
108,Kids,6,5,2,7,0.6,5
108,Kids,6,5,2,8,0.75,4
108,Kids,6,5,2,9,0.4,5
108,Kids,7,2,2,1,0.5,2
108,Kids,7,2,2,2,0.5,2
108,Kids,7,2,2,3,0.5,2
108,Kids,7,2,2,4,0.5,2
108,Kids,7,2,2,5,0.5,2
108,Kids,7,2,2,6,1.0,2
108,Kids,7,2,2,7,1.0,2
108,Kids,7,2,2,8,0.5,2
108,Kids,7,2,2,9,1.0,2
108,Kids,8,4,2,1,0.25,4
108,Kids,8,4,2,2,0.5,4
108,Kids,8,4,2,3,0.25,4
108,Kids,8,4,2,4,0.75,4
108,Kids,8,4,2,5,1.0,4
108,Kids,8,4,2,6,1.0,4
108,Kids,8,4,2,7,1.0,4
108,Kids,8,4,2,8,1.0,4
108,Kids,8,4,2,9,0.75,4
108,Kids,9,3,3,1,0.0,3
108,Kids,9,3,3,2,0.6666666666666666,3
108,Kids,9,3,3,3,0.3333333333333333,3
108,Kids,9,3,3,4,0.6666666666666666,3
108,Kids,9,3,3,5,1.0,3
108,Kids,9,3,3,6,1.0,3
108,Kids,9,3,3,7,1.0,3
108,Kids,9,3,3,8,1.0,3
108,Kids,9,3,3,9,1.0,3
108,Kids,10,5,3,1,0.0,4
108,Kids,10,5,3,2,0.6,5
108,Kids,10,5,3,3,0.6,5
108,Kids,10,5,3,4,1.0,5
108,Kids,10,5,3,5,1.0,5
108,Kids,10,5,3,6,0.6666666666666666,3
108,Kids,10,5,3,7,1.0,5
108,Kids,10,5,3,8,1.0,5
108,Kids,10,5,3,9,0.8,5
109,Kids,1,2,1,1,0.5,2
109,Kids,1,2,1,2,1.0,2
109,Kids,1,2,1,3,1.0,2
109,Kids,1,2,1,4,0.5,2
109,Kids,1,2,1,5,1.0,2
109,Kids,1,2,1,6,1.0,2
109,Kids,1,2,1,7,0.5,2
109,Kids,1,2,1,8,1.0,2
109,Kids,1,2,1,9,1.0,2
109,Kids,2,3,1,1,0.6666666666666666,3
109,Kids,2,3,1,2,0.6666666666666666,3
109,Kids,2,3,1,3,1.0,3
109,Kids,2,3,1,4,1.0,3
109,Kids,2,3,1,5,1.0,3
109,Kids,2,3,1,6,0.6666666666666666,3
109,Kids,2,3,1,7,1.0,3
109,Kids,2,3,1,8,1.0,3
109,Kids,2,3,1,9,1.0,3
109,Kids,3,4,1,1,0.75,4
109,Kids,3,4,1,2,0.5,4
109,Kids,3,4,1,3,0.5,4
109,Kids,3,4,1,4,1.0,4
109,Kids,3,4,1,5,0.5,4
109,Kids,3,4,1,6,0.75,4
109,Kids,3,4,1,7,1.0,4
109,Kids,3,4,1,8,0.75,4
109,Kids,3,4,1,9,0.5,4
109,Kids,4,5,1,1,0.2,5
109,Kids,4,5,1,2,0.0,5
109,Kids,4,5,1,3,0.4,5
109,Kids,4,5,1,4,0.6,5
109,Kids,4,5,1,5,0.6,5
109,Kids,4,5,1,6,0.6,5
109,Kids,4,5,1,7,0.6,5
109,Kids,4,5,1,8,0.6,5
109,Kids,4,5,1,9,0.6,5
109,Kids,5,3,2,1,0.0,3
109,Kids,5,3,2,2,0.0,3
109,Kids,5,3,2,3,1.0,3
109,Kids,5,3,2,4,0.6666666666666666,3
109,Kids,5,3,2,5,0.3333333333333333,3
109,Kids,5,3,2,6,1.0,3
109,Kids,5,3,2,7,1.0,3
109,Kids,5,3,2,8,1.0,3
109,Kids,5,3,2,9,1.0,3
109,Kids,6,5,2,1,0.6,5
109,Kids,6,5,2,2,0.4,5
109,Kids,6,5,2,3,0.6,5
109,Kids,6,5,2,4,0.6,5
109,Kids,6,5,2,5,0.6,5
109,Kids,6,5,2,6,1.0,5
109,Kids,6,5,2,7,1.0,5
109,Kids,6,5,2,8,0.8,5
109,Kids,6,5,2,9,0.6,5
109,Kids,7,2,2,1,0.0,2
109,Kids,7,2,2,2,0.0,2
109,Kids,7,2,2,3,1.0,2
109,Kids,7,2,2,4,1.0,2
109,Kids,7,2,2,5,1.0,2
109,Kids,7,2,2,6,1.0,2
109,Kids,7,2,2,7,1.0,2
109,Kids,7,2,2,8,1.0,2
109,Kids,7,2,2,9,0.5,2
109,Kids,8,3,3,1,0.6666666666666666,3
109,Kids,8,3,3,2,0.6666666666666666,3
109,Kids,8,3,3,3,1.0,3
109,Kids,8,3,3,4,1.0,3
109,Kids,8,3,3,5,1.0,3
109,Kids,8,3,3,6,1.0,3
109,Kids,8,3,3,7,1.0,3
109,Kids,8,3,3,8,1.0,3
109,Kids,8,3,3,9,1.0,3
109,Kids,9,4,2,1,0.25,4
109,Kids,9,4,2,2,0.5,4
109,Kids,9,4,2,3,1.0,4
109,Kids,9,4,2,4,0.25,4
109,Kids,9,4,2,5,1.0,4
109,Kids,9,4,2,6,1.0,4
109,Kids,9,4,2,7,1.0,4
109,Kids,9,4,2,8,1.0,4
109,Kids,9,4,2,9,1.0,4
109,Kids,10,5,3,1,0.2,5
109,Kids,10,5,3,2,0.2,5
109,Kids,10,5,3,3,0.0,5
109,Kids,10,5,3,4,0.2,5
109,Kids,10,5,3,5,0.8,5
109,Kids,10,5,3,6,0.8,5
109,Kids,10,5,3,7,1.0,5
109,Kids,10,5,3,8,0.2,5
109,Kids,10,5,3,9,0.4,5
110,Kids,1,2,1,1,0.0,2
110,Kids,1,2,1,2,0.0,2
110,Kids,1,2,1,3,1.0,2
110,Kids,1,2,1,4,1.0,2
110,Kids,1,2,1,5,1.0,2
110,Kids,1,2,1,6,1.0,2
110,Kids,1,2,1,7,1.0,2
110,Kids,1,2,1,8,1.0,2
110,Kids,1,2,1,9,1.0,2
110,Kids,2,3,1,1,0.0,3
110,Kids,2,3,1,2,0.3333333333333333,3
110,Kids,2,3,1,3,0.3333333333333333,3
110,Kids,2,3,1,4,0.6666666666666666,3
110,Kids,2,3,1,5,1.0,3
110,Kids,2,3,1,6,1.0,3
110,Kids,2,3,1,7,1.0,3
110,Kids,2,3,1,8,0.6666666666666666,3
110,Kids,2,3,1,9,1.0,3
110,Kids,3,4,1,1,0.5,4
110,Kids,3,4,1,2,0.75,4
110,Kids,3,4,1,3,0.0,4
110,Kids,3,4,1,4,0.75,4
110,Kids,3,4,1,5,0.75,4
110,Kids,3,4,1,6,0.5,4
110,Kids,3,4,1,7,0.25,4
110,Kids,3,4,1,8,0.75,4
110,Kids,3,4,1,9,0.75,4
110,Kids,4,5,1,1,0.6,5
110,Kids,4,5,1,2,0.4,5
110,Kids,4,5,1,3,0.6,5
110,Kids,4,5,1,4,0.4,5
110,Kids,4,5,1,5,0.2,5
110,Kids,4,5,1,6,0.4,5
110,Kids,4,5,1,7,0.4,5
110,Kids,4,5,1,8,0.4,5
110,Kids,4,5,1,9,0.6,5
110,Kids,5,3,2,1,0.0,3
110,Kids,5,3,2,2,0.6666666666666666,3
110,Kids,5,3,2,3,1.0,3
110,Kids,5,3,2,4,0.6666666666666666,3
110,Kids,5,3,2,5,1.0,3
110,Kids,5,3,2,6,1.0,3
110,Kids,5,3,2,7,0.6666666666666666,3
110,Kids,5,3,2,8,1.0,3
110,Kids,5,3,2,9,1.0,3
110,Kids,6,5,2,1,0.6,5
110,Kids,6,5,2,2,0.6,5
110,Kids,6,5,2,3,0.6,5
110,Kids,6,5,2,4,0.6,5
110,Kids,6,5,2,5,0.6,5
110,Kids,6,5,2,6,1.0,5
110,Kids,6,5,2,7,0.8,5
110,Kids,6,5,2,8,0.6,5
110,Kids,6,5,2,9,0.6,5
110,Kids,7,2,2,1,0.5,2
110,Kids,7,2,2,2,0.5,2
110,Kids,7,2,2,3,1.0,2
110,Kids,7,2,2,4,0.5,2
110,Kids,7,2,2,5,1.0,2
110,Kids,7,2,2,6,1.0,2
110,Kids,7,2,2,7,1.0,2
110,Kids,7,2,2,8,1.0,2
110,Kids,7,2,2,9,1.0,2
110,Kids,8,3,3,1,0.3333333333333333,3
110,Kids,8,3,3,2,0.6666666666666666,3
110,Kids,8,3,3,3,1.0,3
110,Kids,8,3,3,4,0.6666666666666666,3
110,Kids,8,3,3,5,0.3333333333333333,3
110,Kids,8,3,3,6,1.0,3
110,Kids,8,3,3,7,1.0,3
110,Kids,8,3,3,8,1.0,3
110,Kids,8,3,3,9,1.0,3
110,Kids,9,4,2,1,0.5,4
110,Kids,9,4,2,2,0.0,4
110,Kids,9,4,2,3,0.5,4
110,Kids,9,4,2,4,0.5,4
110,Kids,9,4,2,5,1.0,4
110,Kids,9,4,2,6,0.75,4
110,Kids,9,4,2,7,1.0,4
110,Kids,9,4,2,8,1.0,4
110,Kids,9,4,2,9,0.75,4
110,Kids,10,5,3,1,0.4,5
110,Kids,10,5,3,2,0.0,3
110,Kids,10,5,3,3,0.6,5
110,Kids,10,5,3,4,1.0,5
110,Kids,10,5,3,5,0.6,5
110,Kids,10,5,3,6,1.0,5
110,Kids,10,5,3,7,0.6,5
110,Kids,10,5,3,8,0.6,5
110,Kids,10,5,3,9,1.0,5
111,Teens,1,2,1,1,0.0,2
111,Teens,1,2,1,2,1.0,2
111,Teens,1,2,1,3,1.0,2
111,Teens,1,2,1,4,1.0,2
111,Teens,1,2,1,5,1.0,2
111,Teens,1,2,1,6,1.0,2
111,Teens,1,2,1,7,1.0,2
111,Teens,1,2,1,8,0.5,2
111,Teens,1,2,1,9,1.0,2
111,Teens,2,3,1,1,0.6666666666666666,3
111,Teens,2,3,1,2,0.3333333333333333,3
111,Teens,2,3,1,3,0.3333333333333333,3
111,Teens,2,3,1,4,0.6666666666666666,3
111,Teens,2,3,1,5,1.0,3
111,Teens,2,3,1,6,1.0,3
111,Teens,2,3,1,7,0.6666666666666666,3
111,Teens,2,3,1,8,1.0,3
111,Teens,2,3,1,9,1.0,3
111,Teens,3,4,1,1,0.25,4
111,Teens,3,4,1,2,0.25,4
111,Teens,3,4,1,3,1.0,4
111,Teens,3,4,1,4,0.75,4
111,Teens,3,4,1,5,1.0,4
111,Teens,3,4,1,6,1.0,4
111,Teens,3,4,1,7,1.0,4
111,Teens,3,4,1,8,1.0,4
111,Teens,3,4,1,9,1.0,4
111,Teens,4,5,1,1,0.6,5
111,Teens,4,5,1,2,0.6,5
111,Teens,4,5,1,3,0.8,5
111,Teens,4,5,1,4,0.8,5
111,Teens,4,5,1,5,0.8,5
111,Teens,4,5,1,6,1.0,5
111,Teens,4,5,1,7,0.8,5
111,Teens,4,5,1,8,1.0,5
111,Teens,4,5,1,9,0.8,5
111,Teens,5,3,2,1,0.3333333333333333,3
111,Teens,5,3,2,2,0.6666666666666666,3
111,Teens,5,3,2,3,0.6666666666666666,3
111,Teens,5,3,2,4,1.0,3
111,Teens,5,3,2,5,1.0,3
111,Teens,5,3,2,6,1.0,3
111,Teens,5,3,2,7,1.0,3
111,Teens,5,3,2,8,1.0,3
111,Teens,5,3,2,9,1.0,3
111,Teens,6,5,2,1,0.4,5
111,Teens,6,5,2,2,0.4,5
111,Teens,6,5,2,3,0.6,5
111,Teens,6,5,2,4,0.6,5
111,Teens,6,5,2,5,0.6,5
111,Teens,6,5,2,6,0.8,5
111,Teens,6,5,2,7,0.8,5
111,Teens,6,5,2,8,1.0,5
111,Teens,6,5,2,9,1.0,5
111,Teens,7,2,2,1,0.0,2
111,Teens,7,2,2,2,0.5,2
111,Teens,7,2,2,3,1.0,2
111,Teens,7,2,2,4,1.0,2
111,Teens,7,2,2,5,1.0,2
111,Teens,7,2,2,6,1.0,2
111,Teens,7,2,2,7,1.0,2
111,Teens,7,2,2,8,1.0,2
111,Teens,7,2,2,9,1.0,2
111,Teens,8,3,3,1,0.3333333333333333,3
111,Teens,8,3,3,2,1.0,3
111,Teens,8,3,3,3,0.6666666666666666,3
111,Teens,8,3,3,4,1.0,3
111,Teens,8,3,3,5,1.0,3
111,Teens,8,3,3,6,1.0,3
111,Teens,8,3,3,7,1.0,3
111,Teens,8,3,3,8,1.0,3
111,Teens,8,3,3,9,1.0,3
111,Teens,9,4,2,1,0.75,4
111,Teens,9,4,2,2,1.0,4
111,Teens,9,4,2,3,1.0,4
111,Teens,9,4,2,4,1.0,4
111,Teens,9,4,2,5,1.0,4
111,Teens,9,4,2,6,1.0,4
111,Teens,9,4,2,7,1.0,4
111,Teens,9,4,2,8,1.0,4
111,Teens,9,4,2,9,1.0,4
111,Teens,10,5,3,1,0.6,5
111,Teens,10,5,3,2,0.6,5
111,Teens,10,5,3,3,1.0,5
111,Teens,10,5,3,4,1.0,5
111,Teens,10,5,3,5,1.0,5
111,Teens,10,5,3,6,1.0,5
111,Teens,10,5,3,7,0.8,5
111,Teens,10,5,3,8,1.0,5
111,Teens,10,5,3,9,1.0,5
112,Kids,1,2,1,1,0.0,2
112,Kids,1,2,1,2,0.5,2
112,Kids,1,2,1,3,1.0,2
112,Kids,1,2,1,4,1.0,2
112,Kids,1,2,1,5,1.0,2
112,Kids,1,2,1,6,1.0,2
112,Kids,1,2,1,7,1.0,2
112,Kids,1,2,1,8,1.0,2
112,Kids,1,2,1,9,1.0,2
112,Kids,2,3,1,1,0.3333333333333333,3
112,Kids,2,3,1,2,0.6666666666666666,3
112,Kids,2,3,1,3,1.0,3
112,Kids,2,3,1,4,1.0,3
112,Kids,2,3,1,5,1.0,3
112,Kids,2,3,1,6,1.0,3
112,Kids,2,3,1,7,1.0,3
112,Kids,2,3,1,8,1.0,3
112,Kids,2,3,1,9,1.0,3
112,Kids,3,5,1,1,0.6,5
112,Kids,3,5,1,2,0.4,5
112,Kids,3,5,1,3,0.8,5
112,Kids,3,5,1,4,0.6,5
112,Kids,3,5,1,5,0.8,5
112,Kids,3,5,1,6,1.0,5
112,Kids,3,5,1,7,1.0,5
112,Kids,3,5,1,8,1.0,5
112,Kids,3,5,1,9,1.0,5
112,Kids,4,4,1,1,0.5,4
112,Kids,4,4,1,2,0.5,4
112,Kids,4,4,1,3,0.0,4
112,Kids,4,4,1,4,0.75,4
112,Kids,4,4,1,5,0.75,4
112,Kids,4,4,1,6,0.75,4
112,Kids,4,4,1,7,1.0,4
112,Kids,4,4,1,8,1.0,4
112,Kids,4,4,1,9,1.0,3
112,Kids,5,3,2,1,0.3333333333333333,3
112,Kids,5,3,2,2,1.0,3
112,Kids,5,3,2,3,1.0,3
112,Kids,5,3,2,4,1.0,3
112,Kids,5,3,2,5,1.0,3
112,Kids,5,3,2,6,1.0,3
112,Kids,5,3,2,7,1.0,3
112,Kids,5,3,2,8,1.0,3
112,Kids,5,3,2,9,1.0,3
112,Kids,6,5,2,1,0.2,5
112,Kids,6,5,2,2,0.2,5
112,Kids,6,5,2,3,0.6,5
112,Kids,6,5,2,4,0.2,5
112,Kids,6,5,2,5,0.2,5
112,Kids,6,5,2,6,0.2,5
112,Kids,6,5,2,7,0.4,5
112,Kids,6,5,2,8,0.4,5
112,Kids,6,5,2,9,0.4,5
112,Kids,7,2,2,1,0.5,2
112,Kids,7,2,2,2,1.0,2
112,Kids,7,2,2,3,1.0,1
112,Kids,7,2,2,4,1.0,2
112,Kids,7,2,2,5,1.0,2
112,Kids,7,2,2,6,1.0,2
112,Kids,7,2,2,7,1.0,2
112,Kids,7,2,2,8,1.0,2
112,Kids,7,2,2,9,1.0,2
112,Kids,8,3,3,1,0.3333333333333333,3
112,Kids,8,3,3,2,0.6666666666666666,3
112,Kids,8,3,3,3,1.0,3
112,Kids,8,3,3,4,1.0,3
112,Kids,8,3,3,5,1.0,3
112,Kids,8,3,3,6,0.6666666666666666,3
112,Kids,8,3,3,7,1.0,3
112,Kids,8,3,3,8,1.0,3
112,Kids,8,3,3,9,0.6666666666666666,3
112,Kids,9,5,3,1,0.6,5
112,Kids,9,5,3,2,0.6,5
112,Kids,9,5,3,3,1.0,5
112,Kids,9,5,3,4,1.0,5
112,Kids,9,5,3,5,1.0,5
112,Kids,9,5,3,6,1.0,5
112,Kids,9,5,3,7,1.0,5
112,Kids,9,5,3,8,1.0,5
112,Kids,9,5,3,9,1.0,5
112,Kids,10,4,2,1,0.5,4
112,Kids,10,4,2,2,0.75,4
112,Kids,10,4,2,3,0.75,4
112,Kids,10,4,2,4,1.0,4
112,Kids,10,4,2,5,1.0,4
112,Kids,10,4,2,6,1.0,4
112,Kids,10,4,2,7,1.0,4
112,Kids,10,4,2,8,1.0,4
112,Kids,10,4,2,9,1.0,4
113,Teens,1,2,1,1,0.5,2
113,Teens,1,2,1,2,1.0,2
113,Teens,1,2,1,3,1.0,2
113,Teens,1,2,1,4,0.5,2
113,Teens,1,2,1,5,1.0,2
113,Teens,1,2,1,6,1.0,2
113,Teens,1,2,1,7,1.0,2
113,Teens,1,2,1,8,1.0,2
113,Teens,1,2,1,9,1.0,2
113,Teens,2,3,1,1,0.0,3
113,Teens,2,3,1,2,0.3333333333333333,3
113,Teens,2,3,1,3,0.3333333333333333,3
113,Teens,2,3,1,4,0.6666666666666666,3
113,Teens,2,3,1,5,1.0,3
113,Teens,2,3,1,6,1.0,3
113,Teens,2,3,1,7,0.6666666666666666,3
113,Teens,2,3,1,8,1.0,3
113,Teens,2,3,1,9,1.0,3
113,Teens,3,5,1,1,0.4,5
113,Teens,3,5,1,2,1.0,5
113,Teens,3,5,1,3,0.6,5
113,Teens,3,5,1,4,0.2,5
113,Teens,3,5,1,5,0.4,5
113,Teens,3,5,1,6,0.4,5
113,Teens,3,5,1,7,0.6,5
113,Teens,3,5,1,8,0.4,5
113,Teens,3,5,1,9,0.4,5
113,Teens,4,4,1,1,0.25,4
113,Teens,4,4,1,2,0.75,4
113,Teens,4,4,1,3,0.75,4
113,Teens,4,4,1,4,1.0,4
113,Teens,4,4,1,5,0.25,4
113,Teens,4,4,1,6,0.5,4
113,Teens,4,4,1,7,0.5,4
113,Teens,4,4,1,8,0.5,4
113,Teens,4,4,1,9,0.75,4
113,Teens,5,3,2,1,0.3333333333333333,3
113,Teens,5,3,2,2,1.0,3
113,Teens,5,3,2,3,0.6666666666666666,3
113,Teens,5,3,2,4,1.0,3
113,Teens,5,3,2,5,1.0,3
113,Teens,5,3,2,6,1.0,3
113,Teens,5,3,2,7,1.0,3
113,Teens,5,3,2,8,1.0,3
113,Teens,5,3,2,9,0.6666666666666666,3
113,Teens,6,5,2,1,0.6,5
113,Teens,6,5,2,2,0.8,5
113,Teens,6,5,2,3,0.6,5
113,Teens,6,5,2,4,0.6,5
113,Teens,6,5,2,5,1.0,5
113,Teens,6,5,2,6,0.8,5
113,Teens,6,5,2,7,1.0,5
113,Teens,6,5,2,8,1.0,5
113,Teens,6,5,2,9,1.0,5
113,Teens,7,2,2,1,0.0,2
113,Teens,7,2,2,2,0.0,2
113,Teens,7,2,2,3,1.0,2
113,Teens,7,2,2,4,1.0,2
113,Teens,7,2,2,5,1.0,2
113,Teens,7,2,2,6,1.0,2
113,Teens,7,2,2,7,1.0,2
113,Teens,7,2,2,8,1.0,2
113,Teens,7,2,2,9,1.0,2
113,Teens,8,3,3,1,1.0,3
113,Teens,8,3,3,2,1.0,3
113,Teens,8,3,3,3,1.0,3
113,Teens,8,3,3,4,0.6666666666666666,3
113,Teens,8,3,3,5,1.0,3
113,Teens,8,3,3,6,1.0,3
113,Teens,8,3,3,7,1.0,3
113,Teens,8,3,3,8,1.0,3
113,Teens,8,3,3,9,1.0,3
113,Teens,9,5,3,1,0.0,5
113,Teens,9,5,3,2,0.4,5
113,Teens,9,5,3,3,0.4,5
113,Teens,9,5,3,4,0.6,5
113,Teens,9,5,3,5,0.8,5
113,Teens,9,5,3,6,0.4,5
113,Teens,9,5,3,7,0.4,5
113,Teens,9,5,3,8,0.6,5
113,Teens,9,5,3,9,0.8,5
113,Teens,10,4,2,1,0.5,4
113,Teens,10,4,2,2,0.5,4
113,Teens,10,4,2,3,0.0,4
113,Teens,10,4,2,4,0.5,4
113,Teens,10,4,2,5,0.25,4
113,Teens,10,4,2,6,0.25,4
113,Teens,10,4,2,7,0.25,4
113,Teens,10,4,2,8,0.5,4
113,Teens,10,4,2,9,0.25,4
114,Teens,1,2,1,1,0.0,2
114,Teens,1,2,1,2,0.5,2
114,Teens,1,2,1,3,0.5,2
114,Teens,1,2,1,4,0.0,2
114,Teens,1,2,1,5,1.0,2
114,Teens,1,2,1,6,1.0,2
114,Teens,1,2,1,7,1.0,2
114,Teens,1,2,1,8,1.0,2
114,Teens,1,2,1,9,1.0,2
114,Teens,2,3,1,1,0.0,3
114,Teens,2,3,1,2,0.6666666666666666,3
114,Teens,2,3,1,3,0.6666666666666666,3
114,Teens,2,3,1,4,1.0,3
114,Teens,2,3,1,5,0.6666666666666666,3
114,Teens,2,3,1,6,1.0,3
114,Teens,2,3,1,7,1.0,3
114,Teens,2,3,1,8,1.0,3
114,Teens,2,3,1,9,1.0,3
114,Teens,3,5,1,1,0.2,5
114,Teens,3,5,1,2,0.6,5
114,Teens,3,5,1,3,0.6,5
114,Teens,3,5,1,4,0.8,5
114,Teens,3,5,1,5,0.6,5
114,Teens,3,5,1,6,0.4,5
114,Teens,3,5,1,7,0.6,5
114,Teens,3,5,1,8,0.8,5
114,Teens,3,5,1,9,0.6,5
114,Teens,4,4,1,1,0.5,4
114,Teens,4,4,1,2,0.5,4
114,Teens,4,4,1,3,0.5,4
114,Teens,4,4,1,4,0.25,4
114,Teens,4,4,1,5,0.25,4
114,Teens,4,4,1,6,0.5,4
114,Teens,4,4,1,7,0.75,4
114,Teens,4,4,1,8,0.75,4
114,Teens,4,4,1,9,0.75,4
114,Teens,5,3,2,1,0.3333333333333333,3
114,Teens,5,3,2,2,0.3333333333333333,3
114,Teens,5,3,2,3,0.6666666666666666,3
114,Teens,5,3,2,4,1.0,3
114,Teens,5,3,2,5,1.0,3
114,Teens,5,3,2,6,1.0,3
114,Teens,5,3,2,7,0.6666666666666666,3
114,Teens,5,3,2,8,1.0,3
114,Teens,5,3,2,9,1.0,3
114,Teens,6,5,2,1,0.2,5
114,Teens,6,5,2,2,0.6,5
114,Teens,6,5,2,3,0.6,5
114,Teens,6,5,2,4,0.4,5
114,Teens,6,5,2,5,0.4,5
114,Teens,6,5,2,6,0.2,5
114,Teens,6,5,2,7,0.4,5
114,Teens,6,5,2,8,0.6,5
114,Teens,6,5,2,9,0.6,5
114,Teens,7,2,2,1,0.5,2
114,Teens,7,2,2,2,1.0,2
114,Teens,7,2,2,3,1.0,2
114,Teens,7,2,2,4,1.0,2
114,Teens,7,2,2,5,1.0,2
114,Teens,7,2,2,6,1.0,2
114,Teens,7,2,2,7,1.0,2
114,Teens,7,2,2,8,1.0,2
114,Teens,7,2,2,9,1.0,2
114,Teens,8,3,3,1,0.3333333333333333,3
114,Teens,8,3,3,2,1.0,3
114,Teens,8,3,3,3,1.0,3
114,Teens,8,3,3,4,1.0,3
114,Teens,8,3,3,5,1.0,3
114,Teens,8,3,3,6,0.6666666666666666,3
114,Teens,8,3,3,7,1.0,3
114,Teens,8,3,3,8,0.6666666666666666,3
114,Teens,8,3,3,9,0.6666666666666666,3
114,Teens,9,5,3,1,0.6,5
114,Teens,9,5,3,2,0.4,5
114,Teens,9,5,3,3,0.0,5
114,Teens,9,5,3,4,0.4,5
114,Teens,9,5,3,5,0.2,5
114,Teens,9,5,3,6,0.6,5
114,Teens,9,5,3,7,0.2,5
114,Teens,9,5,3,8,1.0,4
114,Teens,9,5,3,9,0.6,5
114,Teens,10,4,2,1,0.5,4
114,Teens,10,4,2,2,0.75,4
114,Teens,10,4,2,3,1.0,4
114,Teens,10,4,2,4,0.75,4
114,Teens,10,4,2,5,1.0,4
114,Teens,10,4,2,6,0.75,4
114,Teens,10,4,2,7,1.0,4
114,Teens,10,4,2,8,0.75,4
114,Teens,10,4,2,9,1.0,4
115,Kids,1,2,1,1,0.5,2
115,Kids,1,2,1,2,1.0,1
115,Kids,1,2,1,3,1.0,2
115,Kids,1,2,1,4,0.5,2
115,Kids,1,2,1,5,1.0,2
115,Kids,1,2,1,6,1.0,2
115,Kids,1,2,1,7,0.5,2
115,Kids,1,2,1,8,1.0,2
115,Kids,1,2,1,9,0.5,2
115,Kids,2,3,1,1,0.3333333333333333,3
115,Kids,2,3,1,2,0.3333333333333333,3
115,Kids,2,3,1,3,0.6666666666666666,3
115,Kids,2,3,1,4,1.0,3
115,Kids,2,3,1,5,0.6666666666666666,3
115,Kids,2,3,1,6,1.0,3
115,Kids,2,3,1,7,0.6666666666666666,3
115,Kids,2,3,1,8,1.0,3
115,Kids,2,3,1,9,1.0,3
115,Kids,3,4,1,1,0.0,4
115,Kids,3,4,1,2,0.5,4
115,Kids,3,4,1,3,0.25,4
115,Kids,3,4,1,4,0.75,4
115,Kids,3,4,1,5,1.0,4
115,Kids,3,4,1,6,1.0,4
115,Kids,3,4,1,7,1.0,4
115,Kids,3,4,1,8,1.0,4
115,Kids,3,4,1,9,1.0,4
115,Kids,4,5,1,1,0.4,5
115,Kids,4,5,1,2,0.6,5
115,Kids,4,5,1,3,0.4,5
115,Kids,4,5,1,4,0.6,5
115,Kids,4,5,1,5,0.6,5
115,Kids,4,5,1,6,1.0,5
115,Kids,4,5,1,7,0.8,5
115,Kids,4,5,1,8,0.8,5
115,Kids,4,5,1,9,1.0,5
115,Kids,5,3,2,1,0.3333333333333333,3
115,Kids,5,3,2,2,0.3333333333333333,3
115,Kids,5,3,2,3,0.6666666666666666,3
115,Kids,5,3,2,4,1.0,3
115,Kids,5,3,2,5,0.6666666666666666,3
115,Kids,5,3,2,6,1.0,3
115,Kids,5,3,2,7,1.0,3
115,Kids,5,3,2,8,0.6666666666666666,3
115,Kids,5,3,2,9,1.0,3
115,Kids,6,5,2,1,0.4,5
115,Kids,6,5,2,2,0.4,5
115,Kids,6,5,2,3,0.6,5
115,Kids,6,5,2,4,0.8,5
115,Kids,6,5,2,5,1.0,5
115,Kids,6,5,2,6,1.0,5
115,Kids,6,5,2,7,1.0,5
115,Kids,6,5,2,8,1.0,5
115,Kids,6,5,2,9,1.0,5
115,Kids,7,2,2,1,0.5,2
115,Kids,7,2,2,2,1.0,2
115,Kids,7,2,2,3,1.0,2
115,Kids,7,2,2,4,1.0,2
115,Kids,7,2,2,5,1.0,2
115,Kids,7,2,2,6,1.0,2
115,Kids,7,2,2,7,1.0,2
115,Kids,7,2,2,8,1.0,2
115,Kids,7,2,2,9,1.0,2
115,Kids,8,3,3,1,0.6666666666666666,3
115,Kids,8,3,3,2,1.0,3
115,Kids,8,3,3,3,1.0,3
115,Kids,8,3,3,4,0.6666666666666666,3
115,Kids,8,3,3,5,1.0,3
115,Kids,8,3,3,6,1.0,2
115,Kids,8,3,3,7,1.0,3
115,Kids,8,3,3,8,1.0,3
115,Kids,8,3,3,9,1.0,3
115,Kids,9,4,2,1,0.75,4
115,Kids,9,4,2,2,0.75,4
115,Kids,9,4,2,3,1.0,4
115,Kids,9,4,2,4,0.75,4
115,Kids,9,4,2,5,1.0,4
115,Kids,9,4,2,6,1.0,4
115,Kids,9,4,2,7,1.0,4
115,Kids,9,4,2,8,1.0,4
115,Kids,9,4,2,9,1.0,4
115,Kids,10,5,3,1,0.2,5
115,Kids,10,5,3,2,0.6,5
115,Kids,10,5,3,3,0.8,5
115,Kids,10,5,3,4,0.2,5
115,Kids,10,5,3,5,0.6666666666666666,3
115,Kids,10,5,3,6,0.8,5
115,Kids,10,5,3,7,1.0,4
115,Kids,10,5,3,8,0.8,5
115,Kids,10,5,3,9,1.0,5
116,Kids,1,2,1,1,0.0,2
116,Kids,1,2,1,2,0.5,2
116,Kids,1,2,1,3,1.0,2
116,Kids,1,2,1,4,1.0,2
116,Kids,1,2,1,5,0.5,2
116,Kids,1,2,1,6,1.0,2
116,Kids,1,2,1,7,1.0,2
116,Kids,1,2,1,8,1.0,2
116,Kids,1,2,1,9,1.0,2
116,Kids,2,3,1,1,0.6666666666666666,3
116,Kids,2,3,1,2,1.0,3
116,Kids,2,3,1,3,0.6666666666666666,3
116,Kids,2,3,1,4,1.0,3
116,Kids,2,3,1,5,1.0,3
116,Kids,2,3,1,6,1.0,3
116,Kids,2,3,1,7,1.0,3
116,Kids,2,3,1,8,1.0,3
116,Kids,2,3,1,9,0.6666666666666666,3
116,Kids,3,4,1,1,0.75,4
116,Kids,3,4,1,2,0.5,4
116,Kids,3,4,1,3,1.0,4
116,Kids,3,4,1,4,1.0,4
116,Kids,3,4,1,5,0.75,4
116,Kids,3,4,1,6,0.75,4
116,Kids,3,4,1,7,1.0,4
116,Kids,3,4,1,8,0.75,4
116,Kids,3,4,1,9,1.0,4
116,Kids,4,5,1,1,0.2,5
116,Kids,4,5,1,2,0.8,5
116,Kids,4,5,1,3,0.2,5
116,Kids,4,5,1,4,1.0,5
116,Kids,4,5,1,5,0.8,5
116,Kids,4,5,1,6,0.6,5
116,Kids,4,5,1,7,0.6,5
116,Kids,4,5,1,8,0.4,5
116,Kids,4,5,1,9,0.4,5
116,Kids,5,3,2,1,0.3333333333333333,3
116,Kids,5,3,2,2,1.0,3
116,Kids,5,3,2,3,1.0,3
116,Kids,5,3,2,4,1.0,3
116,Kids,5,3,2,5,0.6666666666666666,3
116,Kids,5,3,2,6,1.0,3
116,Kids,5,3,2,7,0.6666666666666666,3
116,Kids,5,3,2,8,1.0,3
116,Kids,5,3,2,9,1.0,3
116,Kids,6,5,2,1,0.6,5
116,Kids,6,5,2,2,0.2,5
116,Kids,6,5,2,3,0.4,5
116,Kids,6,5,2,4,1.0,5
116,Kids,6,5,2,5,1.0,5
116,Kids,6,5,2,6,0.6,5
116,Kids,6,5,2,7,0.5,4
116,Kids,6,5,2,8,0.8,5
116,Kids,6,5,2,9,0.8,5
116,Kids,7,2,2,1,1.0,2
116,Kids,7,2,2,2,1.0,2
116,Kids,7,2,2,3,0.5,2
116,Kids,7,2,2,4,1.0,2
116,Kids,7,2,2,5,0.5,2
116,Kids,7,2,2,6,1.0,2
116,Kids,7,2,2,7,1.0,2
116,Kids,7,2,2,8,1.0,2
116,Kids,7,2,2,9,1.0,2
116,Kids,8,3,3,1,1.0,3
116,Kids,8,3,3,2,1.0,3
116,Kids,8,3,3,3,1.0,3
116,Kids,8,3,3,4,1.0,3
116,Kids,8,3,3,5,1.0,3
116,Kids,8,3,3,6,0.6666666666666666,3
116,Kids,8,3,3,7,1.0,3
116,Kids,8,3,3,8,1.0,3
116,Kids,8,3,3,9,1.0,3
116,Kids,9,4,2,1,0.5,4
116,Kids,9,4,2,2,0.5,4
116,Kids,9,4,2,3,0.75,4
116,Kids,9,4,2,4,1.0,4
116,Kids,9,4,2,5,0.75,4
116,Kids,9,4,2,6,1.0,4
116,Kids,9,4,2,7,0.75,4
116,Kids,9,4,2,8,1.0,3
116,Kids,9,4,2,9,1.0,3
116,Kids,10,5,3,1,0.2,5
116,Kids,10,5,3,2,0.4,5
116,Kids,10,5,3,3,0.6,5
116,Kids,10,5,3,4,0.6,5
116,Kids,10,5,3,5,1.0,5
116,Kids,10,5,3,6,0.2,5
116,Kids,10,5,3,7,0.0,5
116,Kids,10,5,3,8,0.2,5
116,Kids,10,5,3,9,0.2,5
117,Kids,1,2,1,1,0.0,2
117,Kids,1,2,1,2,0.5,2
117,Kids,1,2,1,3,0.0,2
117,Kids,1,2,1,4,0.5,2
117,Kids,1,2,1,5,0.5,2
117,Kids,1,2,1,6,1.0,2
117,Kids,1,2,1,7,0.0,2
117,Kids,1,2,1,8,1.0,2
117,Kids,1,2,1,9,1.0,2
117,Kids,2,3,1,1,0.0,3
117,Kids,2,3,1,2,0.6666666666666666,3
117,Kids,2,3,1,3,1.0,3
117,Kids,2,3,1,4,0.6666666666666666,3
117,Kids,2,3,1,5,0.6666666666666666,3
117,Kids,2,3,1,6,0.3333333333333333,3
117,Kids,2,3,1,7,0.6666666666666666,3
117,Kids,2,3,1,8,0.3333333333333333,3
117,Kids,2,3,1,9,1.0,3
117,Kids,3,4,1,1,0.25,4
117,Kids,3,4,1,2,0.0,2
117,Kids,3,4,1,3,0.0,4
117,Kids,3,4,1,4,0.25,4
117,Kids,3,4,1,5,0.75,4
117,Kids,3,4,1,6,0.75,4
117,Kids,3,4,1,7,0.5,4
117,Kids,3,4,1,8,0.0,4
117,Kids,3,4,1,9,0.75,4
117,Kids,4,5,1,1,0.0,3
117,Kids,4,5,1,2,0.0,5
117,Kids,4,5,1,3,0.6666666666666666,3
117,Kids,4,5,1,4,0.4,5
117,Kids,4,5,1,5,0.2,5
117,Kids,4,5,1,6,0.4,5
117,Kids,4,5,1,7,0.2,5
117,Kids,4,5,1,8,0.4,5
117,Kids,4,5,1,9,0.8,5
117,Kids,5,3,2,1,0.6666666666666666,3
117,Kids,5,3,2,2,0.6666666666666666,3
117,Kids,5,3,2,3,0.6666666666666666,3
117,Kids,5,3,2,4,0.3333333333333333,3
117,Kids,5,3,2,5,0.3333333333333333,3
117,Kids,5,3,2,6,0.6666666666666666,3
117,Kids,5,3,2,7,0.6666666666666666,3
117,Kids,5,3,2,8,0.3333333333333333,3
117,Kids,5,3,2,9,0.3333333333333333,3
117,Kids,6,5,2,1,0.25,4
117,Kids,6,5,2,2,0.2,5
117,Kids,6,5,2,3,0.2,5
117,Kids,6,5,2,4,0.25,4
117,Kids,6,5,2,5,0.4,5
117,Kids,6,5,2,6,0.4,5
117,Kids,6,5,2,7,0.6,5
117,Kids,6,5,2,8,0.5,2
117,Kids,6,5,2,9,0.5,4
117,Kids,7,2,2,1,0.0,2
117,Kids,7,2,2,2,0.5,2
117,Kids,7,2,2,3,1.0,2
117,Kids,7,2,2,4,1.0,2
117,Kids,7,2,2,5,1.0,2
117,Kids,7,2,2,6,1.0,2
117,Kids,7,2,2,7,1.0,2
117,Kids,7,2,2,8,1.0,2
117,Kids,7,2,2,9,1.0,2
117,Kids,8,3,3,1,1.0,3
117,Kids,8,3,3,2,0.3333333333333333,3
117,Kids,8,3,3,3,0.3333333333333333,3
117,Kids,8,3,3,4,0.6666666666666666,3
117,Kids,8,3,3,5,0.0,3
117,Kids,8,3,3,6,0.0,3
117,Kids,8,3,3,7,0.6666666666666666,3
117,Kids,8,3,3,8,0.6666666666666666,3
117,Kids,8,3,3,9,0.6666666666666666,3
117,Kids,9,4,2,1,0.25,4
117,Kids,9,4,2,2,0.25,4
117,Kids,9,4,2,3,0.0,4
117,Kids,9,4,2,4,0.0,3
117,Kids,9,4,2,5,1.0,4
117,Kids,9,4,2,6,0.25,4
117,Kids,9,4,2,7,0.25,4
117,Kids,9,4,2,8,0.5,4
117,Kids,9,4,2,9,0.5,4
117,Kids,10,5,3,1,0.8,5
117,Kids,10,5,3,2,0.8,5
117,Kids,10,5,3,3,0.5,4
117,Kids,10,5,3,4,0.4,5
117,Kids,10,5,3,5,0.8,5
117,Kids,10,5,3,6,0.6,5
117,Kids,10,5,3,7,0.8,5
117,Kids,10,5,3,8,0.8,5
117,Kids,10,5,3,9,1.0,5
118,Kids,1,2,1,1,1.0,2
118,Kids,1,2,1,2,1.0,2
118,Kids,1,2,1,3,1.0,2
118,Kids,1,2,1,4,1.0,2
118,Kids,1,2,1,5,1.0,2
118,Kids,1,2,1,6,0.5,2
118,Kids,1,2,1,7,1.0,1
118,Kids,1,2,1,8,0.5,2
118,Kids,1,2,1,9,1.0,2
118,Kids,2,4,1,1,0.0,4
118,Kids,2,4,1,2,0.25,4
118,Kids,2,4,1,3,0.25,4
118,Kids,2,4,1,4,0.5,4
118,Kids,2,4,1,5,0.75,4
118,Kids,2,4,1,6,0.5,4
118,Kids,2,4,1,7,0.75,4
118,Kids,2,4,1,8,1.0,4
118,Kids,2,4,1,9,0.75,4
118,Kids,3,3,1,1,0.3333333333333333,3
118,Kids,3,3,1,2,0.3333333333333333,3
118,Kids,3,3,1,3,0.3333333333333333,3
118,Kids,3,3,1,4,1.0,2
118,Kids,3,3,1,5,1.0,2
118,Kids,3,3,1,6,0.6666666666666666,3
118,Kids,3,3,1,7,0.6666666666666666,3
118,Kids,3,3,1,8,1.0,3
118,Kids,3,3,1,9,1.0,3
118,Kids,4,5,1,1,0.6,5
118,Kids,4,5,1,2,0.6,5
118,Kids,4,5,1,3,0.2,5
118,Kids,4,5,1,4,0.6,5
118,Kids,4,5,1,5,0.4,5
118,Kids,4,5,1,6,0.8,5
118,Kids,4,5,1,7,0.5,4
118,Kids,4,5,1,8,0.6,5
118,Kids,4,5,1,9,0.4,5
118,Kids,5,3,2,1,0.3333333333333333,3
118,Kids,5,3,2,2,0.3333333333333333,3
118,Kids,5,3,2,3,0.3333333333333333,3
118,Kids,5,3,2,4,1.0,3
118,Kids,5,3,2,5,1.0,3
118,Kids,5,3,2,6,1.0,3
118,Kids,5,3,2,7,0.6666666666666666,3
118,Kids,5,3,2,8,1.0,3
118,Kids,5,3,2,9,1.0,2
118,Kids,6,5,2,1,0.0,5
118,Kids,6,5,2,2,0.6,5
118,Kids,6,5,2,3,0.8,5
118,Kids,6,5,2,4,0.8,5
118,Kids,6,5,2,5,0.8,5
118,Kids,6,5,2,6,1.0,5
118,Kids,6,5,2,7,0.8,5
118,Kids,6,5,2,8,1.0,5
118,Kids,6,5,2,9,0.8,5
118,Kids,7,2,2,1,0.5,2
118,Kids,7,2,2,2,1.0,2
118,Kids,7,2,2,3,1.0,2
118,Kids,7,2,2,4,1.0,2
118,Kids,7,2,2,5,1.0,2
118,Kids,7,2,2,6,1.0,2
118,Kids,7,2,2,7,1.0,2
118,Kids,7,2,2,8,1.0,2
118,Kids,7,2,2,9,1.0,2
118,Kids,8,4,2,1,0.0,4
118,Kids,8,4,2,2,0.5,4
118,Kids,8,4,2,3,0.0,4
118,Kids,8,4,2,4,0.0,3
118,Kids,8,4,2,5,0.25,4
118,Kids,8,4,2,6,0.25,4
118,Kids,8,4,2,7,0.5,4
118,Kids,8,4,2,8,0.75,4
118,Kids,8,4,2,9,0.5,4
118,Kids,9,3,3,1,0.3333333333333333,3
118,Kids,9,3,3,2,0.6666666666666666,3
118,Kids,9,3,3,3,1.0,3
118,Kids,9,3,3,4,1.0,3
118,Kids,9,3,3,5,0.6666666666666666,3
118,Kids,9,3,3,6,1.0,3
118,Kids,9,3,3,7,1.0,3
118,Kids,9,3,3,8,1.0,3
118,Kids,9,3,3,9,1.0,2
118,Kids,10,5,3,1,0.0,5
118,Kids,10,5,3,2,0.2,5
118,Kids,10,5,3,3,0.6,5
118,Kids,10,5,3,4,0.6,5
118,Kids,10,5,3,5,0.8,5
118,Kids,10,5,3,6,0.4,5
118,Kids,10,5,3,7,0.6,5
118,Kids,10,5,3,8,0.6,5
118,Kids,10,5,3,9,1.0,5
119,Kids,1,2,1,1,0.5,2
119,Kids,1,2,1,2,0.0,2
119,Kids,1,2,1,3,0.5,2
119,Kids,1,2,1,4,0.5,2
119,Kids,1,2,1,5,0.5,2
119,Kids,1,2,1,6,1.0,2
119,Kids,1,2,1,7,1.0,2
119,Kids,1,2,1,8,0.0,2
119,Kids,1,2,1,9,0.0,2
119,Kids,2,3,1,1,0.0,3
119,Kids,2,3,1,2,0.6666666666666666,3
119,Kids,2,3,1,3,0.3333333333333333,3
119,Kids,2,3,1,4,0.6666666666666666,3
119,Kids,2,3,1,5,0.6666666666666666,3
119,Kids,2,3,1,6,0.3333333333333333,3
119,Kids,2,3,1,7,1.0,3
119,Kids,2,3,1,8,1.0,3
119,Kids,2,3,1,9,1.0,3
119,Kids,3,4,1,1,0.75,4
119,Kids,3,4,1,2,0.25,4
119,Kids,3,4,1,3,0.25,4
119,Kids,3,4,1,4,0.0,4
119,Kids,3,4,1,5,0.0,4
119,Kids,3,4,1,6,0.5,4
119,Kids,3,4,1,7,0.5,4
119,Kids,3,4,1,8,0.5,4
119,Kids,3,4,1,9,0.5,4
119,Kids,4,5,1,1,0.2,5
119,Kids,4,5,1,2,0.2,5
119,Kids,4,5,1,3,0.4,5
119,Kids,4,5,1,4,0.6,5
119,Kids,4,5,1,5,0.8,5
119,Kids,4,5,1,6,1.0,5
119,Kids,4,5,1,7,0.8,5
119,Kids,4,5,1,8,1.0,5
119,Kids,4,5,1,9,1.0,5
119,Kids,5,3,2,1,0.3333333333333333,3
119,Kids,5,3,2,2,0.3333333333333333,3
119,Kids,5,3,2,3,1.0,3
119,Kids,5,3,2,4,1.0,3
119,Kids,5,3,2,5,0.6666666666666666,3
119,Kids,5,3,2,6,1.0,3
119,Kids,5,3,2,7,1.0,3
119,Kids,5,3,2,8,1.0,3
119,Kids,5,3,2,9,1.0,3
119,Kids,6,5,2,1,0.2,5
119,Kids,6,5,2,2,0.2,5
119,Kids,6,5,2,3,0.2,5
119,Kids,6,5,2,4,0.6,5
119,Kids,6,5,2,5,0.8,5
119,Kids,6,5,2,6,0.8,5
119,Kids,6,5,2,7,0.6,5
119,Kids,6,5,2,8,0.6,5
119,Kids,6,5,2,9,0.4,5
119,Kids,7,2,2,1,0.5,2
119,Kids,7,2,2,2,1.0,2
119,Kids,7,2,2,3,1.0,2
119,Kids,7,2,2,4,1.0,2
119,Kids,7,2,2,5,1.0,2
119,Kids,7,2,2,6,1.0,2
119,Kids,7,2,2,7,1.0,2
119,Kids,7,2,2,8,1.0,2
119,Kids,7,2,2,9,1.0,2
119,Kids,8,3,3,1,0.3333333333333333,3
119,Kids,8,3,3,2,0.6666666666666666,3
119,Kids,8,3,3,3,1.0,3
119,Kids,8,3,3,4,1.0,3
119,Kids,8,3,3,5,1.0,3
119,Kids,8,3,3,6,1.0,3
119,Kids,8,3,3,7,1.0,3
119,Kids,8,3,3,8,1.0,3
119,Kids,8,3,3,9,1.0,3
119,Kids,9,4,2,1,0.25,4
119,Kids,9,4,2,2,0.5,4
119,Kids,9,4,2,3,0.75,4
119,Kids,9,4,2,4,1.0,4
119,Kids,9,4,2,5,1.0,4
119,Kids,9,4,2,6,1.0,4
119,Kids,9,4,2,7,1.0,4
119,Kids,9,4,2,8,1.0,4
119,Kids,9,4,2,9,1.0,4
119,Kids,10,5,3,1,0.4,5
119,Kids,10,5,3,2,0.4,5
119,Kids,10,5,3,3,0.6,5
119,Kids,10,5,3,4,0.4,5
119,Kids,10,5,3,5,0.6,5
119,Kids,10,5,3,6,0.8,5
119,Kids,10,5,3,7,0.8,5
119,Kids,10,5,3,8,0.8,5
119,Kids,10,5,3,9,1.0,5
120,Kids,1,2,1,1,1.0,2
120,Kids,1,2,1,2,1.0,2
120,Kids,1,2,1,3,1.0,2
120,Kids,1,2,1,4,1.0,2
120,Kids,1,2,1,5,1.0,2
120,Kids,1,2,1,7,1.0,2
120,Kids,1,2,1,8,1.0,2
120,Kids,1,2,1,9,1.0,2
120,Kids,2,3,1,1,0.3333333333333333,3
120,Kids,2,3,1,2,0.6666666666666666,3
120,Kids,2,3,1,3,0.3333333333333333,3
120,Kids,2,3,1,4,0.6666666666666666,3
120,Kids,2,3,1,5,0.3333333333333333,3
120,Kids,2,3,1,6,0.6666666666666666,3
120,Kids,2,3,1,7,0.6666666666666666,3
120,Kids,2,3,1,8,1.0,3
120,Kids,2,3,1,9,0.6666666666666666,3
120,Kids,3,4,1,1,0.25,4
120,Kids,3,4,1,2,0.5,4
120,Kids,3,4,1,3,0.5,4
120,Kids,3,4,1,4,0.75,4
120,Kids,3,4,1,5,1.0,4
120,Kids,3,4,1,6,1.0,4
120,Kids,3,4,1,7,0.5,4
120,Kids,3,4,1,8,0.75,4
120,Kids,3,4,1,9,1.0,4
120,Kids,4,5,1,1,0.4,5
120,Kids,4,5,1,2,0.6,5
120,Kids,4,5,1,3,0.6,5
120,Kids,4,5,1,4,0.8,5
120,Kids,4,5,1,5,0.6,5
120,Kids,4,5,1,6,1.0,5
120,Kids,4,5,1,7,0.8,5
120,Kids,4,5,1,8,1.0,5
120,Kids,4,5,1,9,1.0,5
120,Kids,5,3,2,1,1.0,3
120,Kids,5,3,2,2,1.0,3
120,Kids,5,3,2,3,1.0,3
120,Kids,5,3,2,4,1.0,3
120,Kids,5,3,2,5,1.0,3
120,Kids,5,3,2,6,1.0,3
120,Kids,5,3,2,7,0.6666666666666666,3
120,Kids,5,3,2,8,1.0,3
120,Kids,5,3,2,9,1.0,3
120,Kids,6,5,2,1,0.2,5
120,Kids,6,5,2,2,0.4,5
120,Kids,6,5,2,3,0.4,5
120,Kids,6,5,2,4,0.2,5
120,Kids,6,5,2,5,0.6,5
120,Kids,6,5,2,6,0.6,5
120,Kids,6,5,2,7,0.6,5
120,Kids,6,5,2,8,1.0,5
120,Kids,6,5,2,9,0.4,5
120,Kids,7,2,2,1,1.0,2
120,Kids,7,2,2,2,1.0,2
120,Kids,7,2,2,3,1.0,2
120,Kids,7,2,2,4,1.0,2
120,Kids,7,2,2,5,1.0,2
120,Kids,7,2,2,6,1.0,2
120,Kids,7,2,2,7,1.0,2
120,Kids,7,2,2,8,1.0,2
120,Kids,7,2,2,9,1.0,2
120,Kids,8,3,3,1,0.0,3
120,Kids,8,3,3,2,1.0,3
120,Kids,8,3,3,3,1.0,3
120,Kids,8,3,3,4,1.0,3
120,Kids,8,3,3,5,0.6666666666666666,3
120,Kids,8,3,3,6,1.0,3
120,Kids,8,3,3,7,1.0,3
120,Kids,8,3,3,8,1.0,3
120,Kids,8,3,3,9,0.6666666666666666,3
120,Kids,9,4,2,1,0.5,4
120,Kids,9,4,2,2,0.5,4
120,Kids,9,4,2,3,1.0,4
120,Kids,9,4,2,4,1.0,4
120,Kids,9,4,2,5,1.0,4
120,Kids,9,4,2,6,1.0,4
120,Kids,9,4,2,7,0.75,4
120,Kids,9,4,2,8,1.0,4
120,Kids,9,4,2,9,1.0,4
120,Kids,10,5,3,1,0.2,5
120,Kids,10,5,3,2,0.8,5
120,Kids,10,5,3,3,0.8,5
120,Kids,10,5,3,4,0.8,5
120,Kids,10,5,3,5,0.6,5
120,Kids,10,5,3,6,0.6,5
120,Kids,10,5,3,7,1.0,5
120,Kids,10,5,3,8,1.0,5
120,Kids,10,5,3,9,1.0,5
121,Kids,1,2,1,1,0.0,2
121,Kids,1,2,1,2,0.5,2
121,Kids,1,2,1,3,1.0,2
121,Kids,1,2,1,4,1.0,2
121,Kids,1,2,1,5,1.0,2
121,Kids,1,2,1,6,1.0,2
121,Kids,1,2,1,7,1.0,2
121,Kids,1,2,1,8,1.0,2
121,Kids,1,2,1,9,1.0,2
121,Kids,2,3,1,1,0.6666666666666666,3
121,Kids,2,3,1,2,0.6666666666666666,3
121,Kids,2,3,1,3,0.6666666666666666,3
121,Kids,2,3,1,4,0.6666666666666666,3
121,Kids,2,3,1,5,0.6666666666666666,3
121,Kids,2,3,1,6,1.0,3
121,Kids,2,3,1,7,1.0,3
121,Kids,2,3,1,8,1.0,3
121,Kids,2,3,1,9,1.0,3
121,Kids,3,4,1,1,0.25,4
121,Kids,3,4,1,2,0.25,4
121,Kids,3,4,1,3,0.75,4
121,Kids,3,4,1,4,1.0,4
121,Kids,3,4,1,5,1.0,4
121,Kids,3,4,1,6,1.0,4
121,Kids,3,4,1,7,1.0,4
121,Kids,3,4,1,8,1.0,4
121,Kids,3,4,1,9,1.0,4
121,Kids,4,5,1,1,0.4,5
121,Kids,4,5,1,2,0.6,5
121,Kids,4,5,1,3,0.6,5
121,Kids,4,5,1,4,0.6,5
121,Kids,4,5,1,5,0.8,5
121,Kids,4,5,1,6,1.0,5
121,Kids,4,5,1,7,1.0,5
121,Kids,4,5,1,8,1.0,5
121,Kids,4,5,1,9,1.0,5
121,Kids,5,3,2,1,0.3333333333333333,3
121,Kids,5,3,2,2,0.6666666666666666,3
121,Kids,5,3,2,3,0.6666666666666666,3
121,Kids,5,3,2,4,1.0,3
121,Kids,5,3,2,5,1.0,3
121,Kids,5,3,2,6,1.0,3
121,Kids,5,3,2,7,1.0,3
121,Kids,5,3,2,8,1.0,3
121,Kids,5,3,2,9,1.0,3
121,Kids,6,5,2,1,0.2,5
121,Kids,6,5,2,2,0.6,5
121,Kids,6,5,2,3,0.6,5
121,Kids,6,5,2,4,1.0,5
121,Kids,6,5,2,5,0.8,5
121,Kids,6,5,2,6,1.0,5
121,Kids,6,5,2,7,1.0,5
121,Kids,6,5,2,8,1.0,5
121,Kids,6,5,2,9,1.0,5
121,Kids,7,2,2,1,0.5,2
121,Kids,7,2,2,2,1.0,2
121,Kids,7,2,2,3,1.0,2
121,Kids,7,2,2,4,1.0,2
121,Kids,7,2,2,5,1.0,2
121,Kids,7,2,2,6,1.0,2
121,Kids,7,2,2,7,1.0,2
121,Kids,7,2,2,8,1.0,2
121,Kids,7,2,2,9,1.0,2
121,Kids,8,3,3,1,0.0,3
121,Kids,8,3,3,2,0.6666666666666666,3
121,Kids,8,3,3,3,1.0,3
121,Kids,8,3,3,4,1.0,3
121,Kids,8,3,3,5,1.0,3
121,Kids,8,3,3,6,1.0,3
121,Kids,8,3,3,7,1.0,3
121,Kids,8,3,3,8,1.0,3
121,Kids,8,3,3,9,1.0,3
121,Kids,9,4,2,1,0.25,4
121,Kids,9,4,2,2,0.5,4
121,Kids,9,4,2,3,0.5,4
121,Kids,9,4,2,4,1.0,4
121,Kids,9,4,2,5,0.75,4
121,Kids,9,4,2,6,1.0,4
121,Kids,9,4,2,7,1.0,4
121,Kids,9,4,2,8,1.0,4
121,Kids,9,4,2,9,1.0,4
121,Kids,10,5,3,1,0.8,5
121,Kids,10,5,3,2,0.8,5
121,Kids,10,5,3,3,1.0,5
121,Kids,10,5,3,4,1.0,5
121,Kids,10,5,3,5,1.0,5
121,Kids,10,5,3,6,1.0,5
121,Kids,10,5,3,7,1.0,5
121,Kids,10,5,3,8,1.0,5
121,Kids,10,5,3,9,1.0,5
122,Kids,1,2,1,1,0.5,2
122,Kids,1,2,1,2,0.0,2
122,Kids,1,2,1,3,0.0,2
122,Kids,1,2,1,4,1.0,2
122,Kids,1,2,1,5,1.0,2
122,Kids,1,2,1,6,1.0,2
122,Kids,1,2,1,7,1.0,2
122,Kids,1,2,1,8,1.0,2
122,Kids,1,2,1,9,0.5,2
122,Kids,2,3,1,1,0.3333333333333333,3
122,Kids,2,3,1,2,0.6666666666666666,3
122,Kids,2,3,1,3,0.6666666666666666,3
122,Kids,2,3,1,4,0.6666666666666666,3
122,Kids,2,3,1,5,0.6666666666666666,3
122,Kids,2,3,1,6,1.0,3
122,Kids,2,3,1,7,1.0,3
122,Kids,2,3,1,8,0.6666666666666666,3
122,Kids,2,3,1,9,1.0,3
122,Kids,3,5,1,1,0.4,5
122,Kids,3,5,1,2,0.4,5
122,Kids,3,5,1,3,0.8,5
122,Kids,3,5,1,4,0.6,5
122,Kids,3,5,1,5,0.2,5
122,Kids,3,5,1,6,0.6,5
122,Kids,3,5,1,7,0.6,5
122,Kids,3,5,1,8,0.6,5
122,Kids,3,5,1,9,0.4,5
122,Kids,4,4,1,1,0.0,4
122,Kids,4,4,1,2,1.0,4
122,Kids,4,4,1,3,0.25,4
122,Kids,4,4,1,4,0.5,4
122,Kids,4,4,1,5,0.5,4
122,Kids,4,4,1,6,0.75,4
122,Kids,4,4,1,7,1.0,4
122,Kids,4,4,1,8,0.75,4
122,Kids,4,4,1,9,1.0,4
122,Kids,5,3,2,1,0.3333333333333333,3
122,Kids,5,3,2,2,0.0,3
122,Kids,5,3,2,3,1.0,3
122,Kids,5,3,2,4,1.0,3
122,Kids,5,3,2,5,1.0,3
122,Kids,5,3,2,6,1.0,3
122,Kids,5,3,2,7,1.0,3
122,Kids,5,3,2,8,1.0,3
122,Kids,5,3,2,9,0.6666666666666666,3
122,Kids,6,5,2,1,0.4,5
122,Kids,6,5,2,2,0.4,5
122,Kids,6,5,2,3,0.8,5
122,Kids,6,5,2,4,0.6,5
122,Kids,6,5,2,5,1.0,5
122,Kids,6,5,2,6,0.4,5
122,Kids,6,5,2,7,0.6,5
122,Kids,6,5,2,8,0.4,5
122,Kids,6,5,2,9,0.8,5
122,Kids,7,2,2,1,0.5,2
122,Kids,7,2,2,2,1.0,2
122,Kids,7,2,2,3,1.0,2
122,Kids,7,2,2,4,1.0,2
122,Kids,7,2,2,5,1.0,2
122,Kids,7,2,2,6,1.0,2
122,Kids,7,2,2,7,1.0,2
122,Kids,7,2,2,8,0.5,2
122,Kids,7,2,2,9,1.0,2
122,Kids,8,3,3,1,0.0,3
122,Kids,8,3,3,2,0.3333333333333333,3
122,Kids,8,3,3,3,1.0,3
122,Kids,8,3,3,4,1.0,3
122,Kids,8,3,3,5,1.0,3
122,Kids,8,3,3,6,1.0,3
122,Kids,8,3,3,7,1.0,3
122,Kids,8,3,3,8,1.0,3
122,Kids,8,3,3,9,0.6666666666666666,3
122,Kids,9,5,3,1,0.2,5
122,Kids,9,5,3,2,0.4,5
122,Kids,9,5,3,3,0.4,5
122,Kids,9,5,3,4,0.8,5
122,Kids,9,5,3,5,1.0,5
122,Kids,9,5,3,6,1.0,5
122,Kids,9,5,3,7,0.8,5
122,Kids,9,5,3,8,1.0,5
122,Kids,9,5,3,9,1.0,5
122,Kids,10,4,2,1,0.25,4
122,Kids,10,4,2,2,0.25,4
122,Kids,10,4,2,3,0.5,4
122,Kids,10,4,2,4,0.5,4
122,Kids,10,4,2,5,1.0,4
122,Kids,10,4,2,6,1.0,4
122,Kids,10,4,2,7,1.0,4
122,Kids,10,4,2,8,0.75,4
122,Kids,10,4,2,9,1.0,4
123,Teens,1,2,1,1,1.0,2
123,Teens,1,2,1,2,1.0,2
123,Teens,1,2,1,3,1.0,2
123,Teens,1,2,1,4,1.0,2
123,Teens,1,2,1,5,1.0,2
123,Teens,1,2,1,6,1.0,2
123,Teens,1,2,1,7,1.0,2
123,Teens,1,2,1,8,1.0,2
123,Teens,1,2,1,9,1.0,2
123,Teens,2,3,1,1,0.6666666666666666,3
123,Teens,2,3,1,2,0.6666666666666666,3
123,Teens,2,3,1,3,1.0,3
123,Teens,2,3,1,4,1.0,3
123,Teens,2,3,1,5,1.0,3
123,Teens,2,3,1,6,1.0,3
123,Teens,2,3,1,7,1.0,3
123,Teens,2,3,1,8,1.0,3
123,Teens,2,3,1,9,1.0,3
123,Teens,3,5,1,1,0.8,5
123,Teens,3,5,1,2,0.8,5
123,Teens,3,5,1,3,1.0,5
123,Teens,3,5,1,4,1.0,5
123,Teens,3,5,1,5,0.8,5
123,Teens,3,5,1,6,1.0,5
123,Teens,3,5,1,7,1.0,5
123,Teens,3,5,1,8,1.0,5
123,Teens,3,5,1,9,1.0,5
123,Teens,4,4,1,1,0.25,4
123,Teens,4,4,1,2,0.75,4
123,Teens,4,4,1,3,0.5,4
123,Teens,4,4,1,4,0.75,4
123,Teens,4,4,1,5,1.0,4
123,Teens,4,4,1,6,1.0,4
123,Teens,4,4,1,7,1.0,4
123,Teens,4,4,1,8,1.0,4
123,Teens,4,4,1,9,1.0,4
123,Teens,5,3,2,1,0.3333333333333333,3
123,Teens,5,3,2,2,0.6666666666666666,3
123,Teens,5,3,2,3,1.0,3
123,Teens,5,3,2,4,0.6666666666666666,3
123,Teens,5,3,2,5,1.0,3
123,Teens,5,3,2,6,1.0,3
123,Teens,5,3,2,7,1.0,3
123,Teens,5,3,2,8,1.0,3
123,Teens,5,3,2,9,1.0,3
123,Teens,6,5,2,1,0.4,5
123,Teens,6,5,2,2,0.6,5
123,Teens,6,5,2,3,1.0,5
123,Teens,6,5,2,4,1.0,5
123,Teens,6,5,2,5,1.0,5
123,Teens,6,5,2,6,1.0,5
123,Teens,6,5,2,7,1.0,5
123,Teens,6,5,2,8,1.0,5
123,Teens,6,5,2,9,1.0,5
123,Teens,7,2,2,1,0.0,2
123,Teens,7,2,2,2,0.5,2
123,Teens,7,2,2,3,1.0,2
123,Teens,7,2,2,4,1.0,2
123,Teens,7,2,2,5,1.0,2
123,Teens,7,2,2,6,1.0,2
123,Teens,7,2,2,7,1.0,2
123,Teens,7,2,2,8,1.0,2
123,Teens,7,2,2,9,1.0,2
123,Teens,8,3,3,1,0.6666666666666666,3
123,Teens,8,3,3,2,1.0,3
123,Teens,8,3,3,3,1.0,3
123,Teens,8,3,3,4,1.0,3
123,Teens,8,3,3,5,1.0,3
123,Teens,8,3,3,6,1.0,3
123,Teens,8,3,3,7,1.0,3
123,Teens,8,3,3,8,1.0,3
123,Teens,8,3,3,9,1.0,3
123,Teens,9,5,3,1,0.4,5
123,Teens,9,5,3,2,0.6,5
123,Teens,9,5,3,3,0.8,5
123,Teens,9,5,3,4,1.0,5
123,Teens,9,5,3,5,1.0,5
123,Teens,9,5,3,6,1.0,5
123,Teens,9,5,3,7,1.0,5
123,Teens,9,5,3,8,1.0,5
123,Teens,9,5,3,9,1.0,5
123,Teens,10,4,2,1,0.25,4
123,Teens,10,4,2,2,0.5,4
123,Teens,10,4,2,3,1.0,4
123,Teens,10,4,2,4,1.0,4
123,Teens,10,4,2,5,0.75,4
123,Teens,10,4,2,6,1.0,4
123,Teens,10,4,2,7,1.0,4
123,Teens,10,4,2,8,1.0,4
123,Teens,10,4,2,9,1.0,4
124,Teens,1,2,1,1,1.0,2
124,Teens,1,2,1,2,1.0,2
124,Teens,1,2,1,3,1.0,2
124,Teens,1,2,1,4,1.0,2
124,Teens,1,2,1,5,1.0,2
124,Teens,1,2,1,6,1.0,2
124,Teens,1,2,1,7,1.0,2
124,Teens,1,2,1,8,1.0,2
124,Teens,1,2,1,9,1.0,2
124,Teens,2,3,1,1,0.3333333333333333,3
124,Teens,2,3,1,2,1.0,3
124,Teens,2,3,1,3,1.0,3
124,Teens,2,3,1,4,1.0,3
124,Teens,2,3,1,5,1.0,3
124,Teens,2,3,1,6,1.0,3
124,Teens,2,3,1,7,1.0,3
124,Teens,2,3,1,8,1.0,3
124,Teens,2,3,1,9,1.0,3
124,Teens,3,5,1,1,0.8,5
124,Teens,3,5,1,2,0.8,5
124,Teens,3,5,1,3,0.8,5
124,Teens,3,5,1,4,1.0,5
124,Teens,3,5,1,5,1.0,5
124,Teens,3,5,1,6,1.0,5
124,Teens,3,5,1,7,1.0,5
124,Teens,3,5,1,8,1.0,5
124,Teens,3,5,1,9,1.0,5
124,Teens,4,4,1,1,0.75,4
124,Teens,4,4,1,2,0.25,4
124,Teens,4,4,1,3,0.5,4
124,Teens,4,4,1,4,0.5,4
124,Teens,4,4,1,5,0.25,4
124,Teens,4,4,1,6,0.5,4
124,Teens,4,4,1,7,0.75,4
124,Teens,4,4,1,8,1.0,4
124,Teens,4,4,1,9,1.0,4
124,Teens,5,3,2,1,0.0,3
124,Teens,5,3,2,2,0.0,3
124,Teens,5,3,2,3,1.0,3
124,Teens,5,3,2,4,1.0,3
124,Teens,5,3,2,5,1.0,3
124,Teens,5,3,2,6,1.0,3
124,Teens,5,3,2,7,1.0,3
124,Teens,5,3,2,8,1.0,3
124,Teens,5,3,2,9,1.0,3
124,Teens,6,5,2,1,0.4,5
124,Teens,6,5,2,2,0.6,5
124,Teens,6,5,2,3,0.8,5
124,Teens,6,5,2,4,0.4,5
124,Teens,6,5,2,5,0.8,5
124,Teens,6,5,2,6,0.6,5
124,Teens,6,5,2,7,0.8,5
124,Teens,6,5,2,8,1.0,5
124,Teens,6,5,2,9,1.0,5
124,Teens,7,2,2,1,0.0,2
124,Teens,7,2,2,2,0.5,2
124,Teens,7,2,2,3,1.0,2
124,Teens,7,2,2,4,0.5,2
124,Teens,7,2,2,5,1.0,2
124,Teens,7,2,2,6,1.0,2
124,Teens,7,2,2,7,1.0,2
124,Teens,7,2,2,8,1.0,2
124,Teens,7,2,2,9,1.0,2
124,Teens,8,3,3,1,0.6666666666666666,3
124,Teens,8,3,3,2,1.0,3
124,Teens,8,3,3,3,1.0,3
124,Teens,8,3,3,4,1.0,3
124,Teens,8,3,3,5,1.0,3
124,Teens,8,3,3,6,1.0,3
124,Teens,8,3,3,7,1.0,3
124,Teens,8,3,3,8,1.0,3
124,Teens,8,3,3,9,1.0,3
124,Teens,9,5,3,1,0.0,5
124,Teens,9,5,3,2,0.2,5
124,Teens,9,5,3,3,0.6,5
124,Teens,9,5,3,4,0.6,5
124,Teens,9,5,3,5,0.6,5
124,Teens,9,5,3,6,0.2,5
124,Teens,9,5,3,7,0.8,5
124,Teens,9,5,3,8,0.6,5
124,Teens,9,5,3,9,0.8,5
124,Teens,10,4,2,1,0.5,4
124,Teens,10,4,2,2,0.75,4
124,Teens,10,4,2,3,0.75,4
124,Teens,10,4,2,4,1.0,4
124,Teens,10,4,2,5,1.0,4
124,Teens,10,4,2,6,1.0,4
124,Teens,10,4,2,7,0.5,4
124,Teens,10,4,2,8,0.75,4
124,Teens,10,4,2,9,1.0,4
125,Teens,1,2,1,1,0.5,2
125,Teens,1,2,1,2,1.0,2
125,Teens,1,2,1,3,1.0,2
125,Teens,1,2,1,4,1.0,2
125,Teens,1,2,1,5,1.0,2
125,Teens,1,2,1,6,1.0,2
125,Teens,1,2,1,7,1.0,2
125,Teens,1,2,1,8,1.0,2
125,Teens,1,2,1,9,1.0,2
125,Teens,2,3,1,1,0.0,3
125,Teens,2,3,1,2,0.6666666666666666,3
125,Teens,2,3,1,3,0.6666666666666666,3
125,Teens,2,3,1,4,1.0,3
125,Teens,2,3,1,5,1.0,3
125,Teens,2,3,1,6,1.0,3
125,Teens,2,3,1,7,1.0,3
125,Teens,2,3,1,8,1.0,3
125,Teens,2,3,1,9,1.0,3
125,Teens,3,4,1,1,0.25,4
125,Teens,3,4,1,2,0.75,4
125,Teens,3,4,1,3,0.75,4
125,Teens,3,4,1,4,1.0,4
125,Teens,3,4,1,5,1.0,4
125,Teens,3,4,1,6,1.0,4
125,Teens,3,4,1,7,1.0,4
125,Teens,3,4,1,8,1.0,4
125,Teens,3,4,1,9,1.0,4
125,Teens,4,5,1,1,0.2,5
125,Teens,4,5,1,2,0.6,5
125,Teens,4,5,1,3,1.0,5
125,Teens,4,5,1,4,1.0,5
125,Teens,4,5,1,5,1.0,5
125,Teens,4,5,1,6,1.0,5
125,Teens,4,5,1,7,1.0,5
125,Teens,4,5,1,8,1.0,5
125,Teens,4,5,1,9,1.0,5
125,Teens,5,3,2,1,0.3333333333333333,3
125,Teens,5,3,2,2,0.0,3
125,Teens,5,3,2,3,0.3333333333333333,3
125,Teens,5,3,2,4,0.6666666666666666,3
125,Teens,5,3,2,5,1.0,3
125,Teens,5,3,2,6,1.0,3
125,Teens,5,3,2,7,1.0,3
125,Teens,5,3,2,8,1.0,3
125,Teens,5,3,2,9,1.0,3
125,Teens,6,5,2,1,0.4,5
125,Teens,6,5,2,2,0.8,5
125,Teens,6,5,2,3,1.0,5
125,Teens,6,5,2,4,1.0,5
125,Teens,6,5,2,5,1.0,5
125,Teens,6,5,2,6,1.0,5
125,Teens,6,5,2,7,1.0,5
125,Teens,6,5,2,8,1.0,5
125,Teens,6,5,2,9,1.0,5
125,Teens,7,2,2,1,0.0,2
125,Teens,7,2,2,2,0.5,2
125,Teens,7,2,2,3,1.0,2
125,Teens,7,2,2,4,1.0,2
125,Teens,7,2,2,5,1.0,2
125,Teens,7,2,2,6,1.0,2
125,Teens,7,2,2,7,1.0,2
125,Teens,7,2,2,8,1.0,2
125,Teens,7,2,2,9,0.5,2
125,Teens,8,3,3,1,0.3333333333333333,3
125,Teens,8,3,3,2,0.3333333333333333,3
125,Teens,8,3,3,3,1.0,3
125,Teens,8,3,3,4,1.0,3
125,Teens,8,3,3,5,1.0,3
125,Teens,8,3,3,6,0.3333333333333333,3
125,Teens,8,3,3,7,1.0,3
125,Teens,8,3,3,8,1.0,3
125,Teens,8,3,3,9,1.0,3
125,Teens,9,4,2,1,0.25,4
125,Teens,9,4,2,2,0.75,4
125,Teens,9,4,2,3,1.0,4
125,Teens,9,4,2,4,1.0,4
125,Teens,9,4,2,5,1.0,4
125,Teens,9,4,2,6,1.0,4
125,Teens,9,4,2,7,1.0,4
125,Teens,9,4,2,8,1.0,4
125,Teens,9,4,2,9,1.0,4
125,Teens,10,5,3,1,0.4,5
125,Teens,10,5,3,2,0.6,5
125,Teens,10,5,3,3,0.8,5
125,Teens,10,5,3,4,0.8,5
125,Teens,10,5,3,5,1.0,5
125,Teens,10,5,3,6,1.0,5
125,Teens,10,5,3,7,1.0,5
125,Teens,10,5,3,8,1.0,5
125,Teens,10,5,3,9,1.0,5
126,Kids,1,2,1,1,0.0,2
126,Kids,1,2,1,2,0.5,2
126,Kids,1,2,1,3,0.5,2
126,Kids,1,2,1,4,1.0,2
126,Kids,1,2,1,5,0.5,2
126,Kids,1,2,1,6,1.0,2
126,Kids,1,2,1,7,1.0,2
126,Kids,1,2,1,8,1.0,2
126,Kids,1,2,1,9,1.0,2
126,Kids,2,3,1,1,0.0,3
126,Kids,2,3,1,2,0.6666666666666666,3
126,Kids,2,3,1,3,0.6666666666666666,3
126,Kids,2,3,1,4,0.6666666666666666,3
126,Kids,2,3,1,5,0.6666666666666666,3
126,Kids,2,3,1,6,0.6666666666666666,3
126,Kids,2,3,1,7,0.3333333333333333,3
126,Kids,2,3,1,8,0.6666666666666666,3
126,Kids,2,3,1,9,0.6666666666666666,3
126,Kids,3,4,1,1,0.0,4
126,Kids,3,4,1,2,0.5,4
126,Kids,3,4,1,3,0.5,4
126,Kids,3,4,1,4,0.5,4
126,Kids,3,4,1,5,0.5,2
126,Kids,3,4,1,6,0.75,4
126,Kids,3,4,1,7,1.0,4
126,Kids,3,4,1,8,1.0,4
126,Kids,3,4,1,9,1.0,4
126,Kids,4,5,1,1,0.4,5
126,Kids,4,5,1,2,0.6,5
126,Kids,4,5,1,3,0.6,5
126,Kids,4,5,1,4,0.6,5
126,Kids,4,5,1,5,0.4,5
126,Kids,4,5,1,6,0.8,5
126,Kids,4,5,1,7,0.6,5
126,Kids,4,5,1,8,0.8,5
126,Kids,4,5,1,9,1.0,5
126,Kids,5,3,2,1,0.3333333333333333,3
126,Kids,5,3,2,2,0.3333333333333333,3
126,Kids,5,3,2,3,1.0,3
126,Kids,5,3,2,4,1.0,3
126,Kids,5,3,2,5,0.6666666666666666,3
126,Kids,5,3,2,6,1.0,3
126,Kids,5,3,2,7,1.0,3
126,Kids,5,3,2,8,1.0,3
126,Kids,5,3,2,9,1.0,3
126,Kids,6,5,2,1,0.4,5
126,Kids,6,5,2,2,0.8,5
126,Kids,6,5,2,3,0.6,5
126,Kids,6,5,2,4,0.6,5
126,Kids,6,5,2,5,0.8,5
126,Kids,6,5,2,6,0.8,5
126,Kids,6,5,2,7,0.8,5
126,Kids,6,5,2,8,0.8,5
126,Kids,6,5,2,9,1.0,5
126,Kids,7,2,2,1,0.0,2
126,Kids,7,2,2,2,1.0,2
126,Kids,7,2,2,3,1.0,2
126,Kids,7,2,2,4,1.0,2
126,Kids,7,2,2,5,0.5,2
126,Kids,7,2,2,6,1.0,2
126,Kids,7,2,2,7,1.0,2
126,Kids,7,2,2,8,1.0,2
126,Kids,7,2,2,9,1.0,2
126,Kids,8,3,3,1,0.3333333333333333,3
126,Kids,8,3,3,2,0.6666666666666666,3
126,Kids,8,3,3,3,1.0,3
126,Kids,8,3,3,4,1.0,3
126,Kids,8,3,3,5,1.0,3
126,Kids,8,3,3,6,1.0,3
126,Kids,8,3,3,7,1.0,3
126,Kids,8,3,3,8,1.0,3
126,Kids,8,3,3,9,1.0,3
126,Kids,9,4,2,1,0.25,4
126,Kids,9,4,2,2,0.75,4
126,Kids,9,4,2,3,0.75,4
126,Kids,9,4,2,4,1.0,4
126,Kids,9,4,2,5,1.0,4
126,Kids,9,4,2,6,0.75,4
126,Kids,9,4,2,7,1.0,4
126,Kids,9,4,2,8,1.0,4
126,Kids,9,4,2,9,1.0,4
126,Kids,10,5,3,1,0.0,5
126,Kids,10,5,3,2,0.2,5
126,Kids,10,5,3,3,0.6,5
126,Kids,10,5,3,4,0.8,5
126,Kids,10,5,3,5,0.6,5
126,Kids,10,5,3,6,0.6,5
126,Kids,10,5,3,7,0.6,5
126,Kids,10,5,3,8,1.0,5
126,Kids,10,5,3,9,1.0,5
127,Kids,1,2,1,1,0.0,2
127,Kids,1,2,1,2,0.0,2
127,Kids,1,2,1,3,0.0,2
127,Kids,1,2,1,4,0.5,2
127,Kids,1,2,1,5,0.0,2
127,Kids,1,2,1,6,0.5,2
127,Kids,1,2,1,7,1.0,2
127,Kids,1,2,1,8,1.0,2
127,Kids,1,2,1,9,1.0,2
127,Kids,2,3,1,1,0.0,3
127,Kids,2,3,1,2,0.3333333333333333,3
127,Kids,2,3,1,3,0.3333333333333333,3
127,Kids,2,3,1,4,0.3333333333333333,3
127,Kids,2,3,1,5,0.6666666666666666,3
127,Kids,2,3,1,6,0.3333333333333333,3
127,Kids,2,3,1,7,0.6666666666666666,3
127,Kids,2,3,1,8,0.3333333333333333,3
127,Kids,2,3,1,9,0.6666666666666666,3
127,Kids,3,4,1,1,0.25,4
127,Kids,3,4,1,2,0.75,4
127,Kids,3,4,1,3,0.75,4
127,Kids,3,4,1,4,0.75,4
127,Kids,3,4,1,5,1.0,4
127,Kids,3,4,1,6,0.5,4
127,Kids,3,4,1,7,1.0,4
127,Kids,3,4,1,8,1.0,4
127,Kids,3,4,1,9,1.0,4
127,Kids,4,5,1,1,0.2,5
127,Kids,4,5,1,2,0.4,5
127,Kids,4,5,1,3,0.4,5
127,Kids,4,5,1,4,0.4,5
127,Kids,4,5,1,5,0.6,5
127,Kids,4,5,1,6,0.8,5
127,Kids,4,5,1,7,0.6,5
127,Kids,4,5,1,8,0.6,5
127,Kids,4,5,1,9,0.8,5
127,Kids,5,3,2,1,0.0,3
127,Kids,5,3,2,2,0.3333333333333333,3
127,Kids,5,3,2,3,0.3333333333333333,3
127,Kids,5,3,2,4,1.0,3
127,Kids,5,3,2,5,0.3333333333333333,3
127,Kids,5,3,2,6,0.6666666666666666,3
127,Kids,5,3,2,7,0.3333333333333333,3
127,Kids,5,3,2,8,1.0,3
127,Kids,5,3,2,9,1.0,3
127,Kids,6,5,2,1,0.2,5
127,Kids,6,5,2,2,0.2,5
127,Kids,6,5,2,3,0.8,5
127,Kids,6,5,2,4,1.0,5
127,Kids,6,5,2,5,0.8,5
127,Kids,6,5,2,6,1.0,5
127,Kids,6,5,2,7,1.0,5
127,Kids,6,5,2,8,1.0,5
127,Kids,6,5,2,9,1.0,5
127,Kids,7,2,2,1,0.0,2
127,Kids,7,2,2,2,0.0,2
127,Kids,7,2,2,3,0.5,2
127,Kids,7,2,2,4,1.0,2
127,Kids,7,2,2,5,1.0,2
127,Kids,7,2,2,6,1.0,1
127,Kids,7,2,2,7,1.0,2
127,Kids,7,2,2,8,1.0,2
127,Kids,7,2,2,9,1.0,2
127,Kids,8,3,3,1,0.3333333333333333,3
127,Kids,8,3,3,2,0.3333333333333333,3
127,Kids,8,3,3,3,0.6666666666666666,3
127,Kids,8,3,3,4,0.3333333333333333,3
127,Kids,8,3,3,5,1.0,3
127,Kids,8,3,3,6,0.6666666666666666,3
127,Kids,8,3,3,7,0.6666666666666666,3
127,Kids,8,3,3,8,1.0,3
127,Kids,8,3,3,9,1.0,3
127,Kids,9,4,2,1,0.25,4
127,Kids,9,4,2,2,0.25,4
127,Kids,9,4,2,3,0.25,4
127,Kids,9,4,2,4,0.5,4
127,Kids,9,4,2,5,0.5,4
127,Kids,9,4,2,6,0.25,4
127,Kids,9,4,2,7,0.25,4
127,Kids,9,4,2,8,0.25,4
127,Kids,9,4,2,9,0.25,4
127,Kids,10,5,3,1,0.4,5
127,Kids,10,5,3,2,0.6,5
127,Kids,10,5,3,3,0.4,5
127,Kids,10,5,3,4,0.4,5
127,Kids,10,5,3,5,0.4,5
127,Kids,10,5,3,6,0.6,5
127,Kids,10,5,3,7,0.8,5
127,Kids,10,5,3,8,0.6,5
127,Kids,10,5,3,9,0.2,5
128,Teens,1,2,1,1,0.5,2
128,Teens,1,2,1,2,1.0,2
128,Teens,1,2,1,3,1.0,2
128,Teens,1,2,1,4,1.0,2
128,Teens,1,2,1,5,1.0,2
128,Teens,1,2,1,6,0.5,2
128,Teens,1,2,1,7,1.0,2
128,Teens,1,2,1,8,1.0,2
128,Teens,1,2,1,9,1.0,2
128,Teens,2,4,1,1,0.0,4
128,Teens,2,4,1,2,0.25,4
128,Teens,2,4,1,3,0.75,4
128,Teens,2,4,1,4,0.75,4
128,Teens,2,4,1,5,0.75,4
128,Teens,2,4,1,6,1.0,4
128,Teens,2,4,1,7,1.0,4
128,Teens,2,4,1,8,1.0,4
128,Teens,2,4,1,9,1.0,4
128,Teens,3,3,1,1,0.0,3
128,Teens,3,3,1,2,0.3333333333333333,3
128,Teens,3,3,1,3,1.0,3
128,Teens,3,3,1,4,1.0,3
128,Teens,3,3,1,5,1.0,3
128,Teens,3,3,1,6,1.0,3
128,Teens,3,3,1,7,1.0,3
128,Teens,3,3,1,8,1.0,3
128,Teens,3,3,1,9,0.6666666666666666,3
128,Teens,4,5,1,1,0.2,5
128,Teens,4,5,1,2,0.4,5
128,Teens,4,5,1,3,0.6,5
128,Teens,4,5,1,4,0.6,5
128,Teens,4,5,1,5,0.8,5
128,Teens,4,5,1,6,0.8,5
128,Teens,4,5,1,7,1.0,5
128,Teens,4,5,1,8,1.0,5
128,Teens,4,5,1,9,1.0,5
128,Teens,5,3,2,1,0.3333333333333333,3
128,Teens,5,3,2,2,1.0,3
128,Teens,5,3,2,3,0.6666666666666666,3
128,Teens,5,3,2,4,1.0,3
128,Teens,5,3,2,5,1.0,3
128,Teens,5,3,2,6,1.0,3
128,Teens,5,3,2,7,1.0,3
128,Teens,5,3,2,8,1.0,3
128,Teens,5,3,2,9,1.0,3
128,Teens,6,5,2,1,0.2,5
128,Teens,6,5,2,2,0.6,5
128,Teens,6,5,2,3,0.8,5
128,Teens,6,5,2,4,0.6,5
128,Teens,6,5,2,5,1.0,5
128,Teens,6,5,2,6,1.0,5
128,Teens,6,5,2,7,1.0,5
128,Teens,6,5,2,8,0.8,5
128,Teens,6,5,2,9,1.0,5
128,Teens,7,2,2,1,0.0,2
128,Teens,7,2,2,2,0.0,2
128,Teens,7,2,2,3,1.0,2
128,Teens,7,2,2,4,1.0,2
128,Teens,7,2,2,5,1.0,2
128,Teens,7,2,2,6,0.5,2
128,Teens,7,2,2,7,1.0,2
128,Teens,7,2,2,8,1.0,2
128,Teens,7,2,2,9,1.0,2
128,Teens,8,4,2,1,0.5,4
128,Teens,8,4,2,2,0.75,4
128,Teens,8,4,2,3,1.0,4
128,Teens,8,4,2,4,1.0,4
128,Teens,8,4,2,5,0.75,4
128,Teens,8,4,2,6,1.0,4
128,Teens,8,4,2,7,1.0,4
128,Teens,8,4,2,8,1.0,4
128,Teens,8,4,2,9,1.0,4
128,Teens,9,3,3,1,0.0,3
128,Teens,9,3,3,2,0.6666666666666666,3
128,Teens,9,3,3,3,0.6666666666666666,3
128,Teens,9,3,3,4,1.0,3
128,Teens,9,3,3,5,1.0,3
128,Teens,9,3,3,6,0.6666666666666666,3
128,Teens,9,3,3,7,1.0,3
128,Teens,9,3,3,8,1.0,3
128,Teens,9,3,3,9,1.0,3
128,Teens,10,5,3,1,0.2,5
128,Teens,10,5,3,2,0.2,5
128,Teens,10,5,3,3,0.8,5
128,Teens,10,5,3,4,0.8,5
128,Teens,10,5,3,5,0.8,5
128,Teens,10,5,3,6,1.0,5
128,Teens,10,5,3,7,1.0,5
128,Teens,10,5,3,8,1.0,5
128,Teens,10,5,3,9,0.8,5
129,Kids,1,2,1,1,0.0,2
129,Kids,1,2,1,2,0.0,2
129,Kids,1,2,1,3,0.5,2
129,Kids,1,2,1,4,1.0,2
129,Kids,1,2,1,5,1.0,2
129,Kids,1,2,1,6,0.5,2
129,Kids,1,2,1,7,1.0,2
129,Kids,1,2,1,8,1.0,2
129,Kids,1,2,1,9,1.0,2
129,Kids,2,3,1,1,0.6666666666666666,3
129,Kids,2,3,1,2,0.6666666666666666,3
129,Kids,2,3,1,3,1.0,3
129,Kids,2,3,1,4,1.0,3
129,Kids,2,3,1,5,0.6666666666666666,3
129,Kids,2,3,1,6,1.0,3
129,Kids,2,3,1,7,1.0,3
129,Kids,2,3,1,8,1.0,3
129,Kids,2,3,1,9,1.0,3
129,Kids,3,4,1,1,0.0,4
129,Kids,3,4,1,2,0.25,4
129,Kids,3,4,1,3,0.5,4
129,Kids,3,4,1,4,0.5,4
129,Kids,3,4,1,5,0.25,4
129,Kids,3,4,1,6,0.5,4
129,Kids,3,4,1,7,0.75,4
129,Kids,3,4,1,8,1.0,4
129,Kids,3,4,1,9,0.75,4
129,Kids,4,5,1,1,0.4,5
129,Kids,4,5,1,2,0.6,5
129,Kids,4,5,1,3,0.6,5
129,Kids,4,5,1,4,1.0,5
129,Kids,4,5,1,5,0.8,5
129,Kids,4,5,1,6,0.8,5
129,Kids,4,5,1,7,1.0,5
129,Kids,4,5,1,8,1.0,5
129,Kids,4,5,1,9,1.0,5
129,Kids,5,3,2,1,0.3333333333333333,3
129,Kids,5,3,2,2,0.3333333333333333,3
129,Kids,5,3,2,3,1.0,3
129,Kids,5,3,2,4,1.0,3
129,Kids,5,3,2,5,1.0,3
129,Kids,5,3,2,6,0.6666666666666666,3
129,Kids,5,3,2,7,1.0,3
129,Kids,5,3,2,8,1.0,3
129,Kids,5,3,2,9,1.0,3
129,Kids,6,5,2,1,0.2,5
129,Kids,6,5,2,2,0.8,5
129,Kids,6,5,2,3,0.2,5
129,Kids,6,5,2,4,0.8,5
129,Kids,6,5,2,5,0.6,5
129,Kids,6,5,2,6,1.0,5
129,Kids,6,5,2,7,0.8,5
129,Kids,6,5,2,8,1.0,5
129,Kids,6,5,2,9,1.0,5
129,Kids,7,2,2,1,1.0,2
129,Kids,7,2,2,2,1.0,2
129,Kids,7,2,2,3,1.0,2
129,Kids,7,2,2,4,1.0,2
129,Kids,7,2,2,5,1.0,2
129,Kids,7,2,2,6,1.0,2
129,Kids,7,2,2,7,1.0,2
129,Kids,7,2,2,8,1.0,2
129,Kids,7,2,2,9,1.0,2
129,Kids,8,3,3,1,0.0,3
129,Kids,8,3,3,2,0.3333333333333333,3
129,Kids,8,3,3,3,0.6666666666666666,3
129,Kids,8,3,3,4,0.3333333333333333,3
129,Kids,8,3,3,5,1.0,3
129,Kids,8,3,3,6,1.0,3
129,Kids,8,3,3,7,1.0,3
129,Kids,8,3,3,8,0.6666666666666666,3
129,Kids,8,3,3,9,1.0,3
129,Kids,9,4,2,1,0.25,4
129,Kids,9,4,2,2,0.75,4
129,Kids,9,4,2,3,0.75,4
129,Kids,9,4,2,4,0.75,4
129,Kids,9,4,2,5,0.75,4
129,Kids,9,4,2,6,1.0,4
129,Kids,9,4,2,7,1.0,4
129,Kids,9,4,2,8,0.75,4
129,Kids,9,4,2,9,1.0,4
129,Kids,10,5,3,1,0.2,5
129,Kids,10,5,3,2,0.2,5
129,Kids,10,5,3,3,0.4,5
129,Kids,10,5,3,4,0.8,5
129,Kids,10,5,3,5,1.0,5
129,Kids,10,5,3,6,1.0,5
129,Kids,10,5,3,7,0.8,5
129,Kids,10,5,3,8,1.0,5
129,Kids,10,5,3,9,1.0,5
130,Teens,1,2,1,1,0.0,2
130,Teens,1,2,1,2,0.5,2
130,Teens,1,2,1,3,1.0,2
130,Teens,1,2,1,4,1.0,2
130,Teens,1,2,1,5,0.5,2
130,Teens,1,2,1,6,1.0,2
130,Teens,1,2,1,7,1.0,2
130,Teens,1,2,1,8,1.0,2
130,Teens,1,2,1,9,0.5,2
130,Teens,2,3,1,1,0.6666666666666666,3
130,Teens,2,3,1,2,0.6666666666666666,3
130,Teens,2,3,1,3,1.0,3
130,Teens,2,3,1,4,0.6666666666666666,3
130,Teens,2,3,1,5,1.0,3
130,Teens,2,3,1,6,1.0,3
130,Teens,2,3,1,7,1.0,3
130,Teens,2,3,1,8,1.0,3
130,Teens,2,3,1,9,1.0,3
130,Teens,3,4,1,1,0.0,4
130,Teens,3,4,1,2,0.5,4
130,Teens,3,4,1,3,1.0,4
130,Teens,3,4,1,4,0.75,4
130,Teens,3,4,1,5,1.0,4
130,Teens,3,4,1,6,0.75,4
130,Teens,3,4,1,7,1.0,4
130,Teens,3,4,1,8,1.0,4
130,Teens,3,4,1,9,1.0,4
130,Teens,4,5,1,1,0.2,5
130,Teens,4,5,1,2,0.6,5
130,Teens,4,5,1,3,0.8,5
130,Teens,4,5,1,4,1.0,5
130,Teens,4,5,1,5,1.0,5
130,Teens,4,5,1,6,1.0,5
130,Teens,4,5,1,7,1.0,5
130,Teens,4,5,1,8,1.0,5
130,Teens,4,5,1,9,1.0,5
130,Teens,5,3,2,1,1.0,3
130,Teens,5,3,2,2,1.0,3
130,Teens,5,3,2,3,1.0,3
130,Teens,5,3,2,4,1.0,3
130,Teens,5,3,2,5,0.6666666666666666,3
130,Teens,5,3,2,6,1.0,3
130,Teens,5,3,2,7,1.0,3
130,Teens,5,3,2,8,1.0,3
130,Teens,5,3,2,9,1.0,3
130,Teens,6,5,2,1,0.6,5
130,Teens,6,5,2,2,0.6,5
130,Teens,6,5,2,3,0.6,5
130,Teens,6,5,2,4,0.6,5
130,Teens,6,5,2,5,0.6,5
130,Teens,6,5,2,6,0.6,5
130,Teens,6,5,2,7,0.6,5
130,Teens,6,5,2,8,0.75,4
130,Teens,6,5,2,9,0.8,5
130,Teens,7,2,2,1,0.5,2
130,Teens,7,2,2,2,1.0,2
130,Teens,7,2,2,3,1.0,2
130,Teens,7,2,2,4,1.0,2
130,Teens,7,2,2,5,1.0,2
130,Teens,7,2,2,6,1.0,2
130,Teens,7,2,2,7,0.5,2
130,Teens,7,2,2,8,1.0,2
130,Teens,7,2,2,9,1.0,2
130,Teens,8,3,3,1,0.3333333333333333,3
130,Teens,8,3,3,2,1.0,3
130,Teens,8,3,3,3,1.0,3
130,Teens,8,3,3,4,0.6666666666666666,3
130,Teens,8,3,3,5,1.0,3
130,Teens,8,3,3,6,1.0,3
130,Teens,8,3,3,7,1.0,3
130,Teens,8,3,3,8,1.0,3
130,Teens,8,3,3,9,1.0,3
130,Teens,9,4,2,1,0.75,4
130,Teens,9,4,2,2,1.0,4
130,Teens,9,4,2,3,1.0,4
130,Teens,9,4,2,4,1.0,4
130,Teens,9,4,2,5,1.0,4
130,Teens,9,4,2,6,1.0,4
130,Teens,9,4,2,7,0.75,4
130,Teens,9,4,2,8,1.0,4
130,Teens,9,4,2,9,0.75,4
130,Teens,10,5,3,1,0.0,5
130,Teens,10,5,3,2,0.4,5
130,Teens,10,5,3,3,0.6,5
130,Teens,10,5,3,4,0.4,5
130,Teens,10,5,3,5,0.4,5
130,Teens,10,5,3,6,0.8,5
130,Teens,10,5,3,7,0.4,5
130,Teens,10,5,3,8,0.4,5
130,Teens,10,5,3,9,0.4,5
131,Teens,1,2,1,1,1.0,2
131,Teens,1,2,1,2,1.0,2
131,Teens,1,2,1,3,1.0,2
131,Teens,1,2,1,4,1.0,2
131,Teens,1,2,1,5,1.0,2
131,Teens,1,2,1,6,1.0,2
131,Teens,1,2,1,7,1.0,2
131,Teens,1,2,1,8,1.0,2
131,Teens,1,2,1,9,1.0,2
131,Teens,2,3,1,1,0.0,3
131,Teens,2,3,1,2,0.3333333333333333,3
131,Teens,2,3,1,3,0.6666666666666666,3
131,Teens,2,3,1,4,1.0,3
131,Teens,2,3,1,5,1.0,3
131,Teens,2,3,1,6,0.6666666666666666,3
131,Teens,2,3,1,7,1.0,3
131,Teens,2,3,1,8,0.6666666666666666,3
131,Teens,2,3,1,9,1.0,3
131,Teens,3,4,1,1,0.25,4
131,Teens,3,4,1,2,0.75,4
131,Teens,3,4,1,3,0.5,4
131,Teens,3,4,1,4,0.75,4
131,Teens,3,4,1,5,0.5,4
131,Teens,3,4,1,6,0.75,4
131,Teens,3,4,1,7,0.75,4
131,Teens,3,4,1,8,1.0,4
131,Teens,3,4,1,9,0.75,4
131,Teens,4,5,1,1,0.4,5
131,Teens,4,5,1,2,0.6,5
131,Teens,4,5,1,3,0.6,5
131,Teens,4,5,1,4,0.6,5
131,Teens,4,5,1,5,0.6,5
131,Teens,4,5,1,6,1.0,5
131,Teens,4,5,1,7,0.8,5
131,Teens,4,5,1,8,1.0,5
131,Teens,4,5,1,9,0.8,5
131,Teens,5,3,2,1,0.3333333333333333,3
131,Teens,5,3,2,2,0.6666666666666666,3
131,Teens,5,3,2,3,1.0,3
131,Teens,5,3,2,4,1.0,3
131,Teens,5,3,2,5,1.0,3
131,Teens,5,3,2,6,1.0,3
131,Teens,5,3,2,7,1.0,3
131,Teens,5,3,2,8,1.0,3
131,Teens,5,3,2,9,1.0,3
131,Teens,6,5,2,1,0.2,5
131,Teens,6,5,2,2,0.4,5
131,Teens,6,5,2,3,0.2,5
131,Teens,6,5,2,4,0.8,5
131,Teens,6,5,2,5,0.6,5
131,Teens,6,5,2,6,0.6,5
131,Teens,6,5,2,7,1.0,5
131,Teens,6,5,2,8,1.0,5
131,Teens,6,5,2,9,1.0,5
131,Teens,7,2,2,1,1.0,2
131,Teens,7,2,2,2,1.0,2
131,Teens,7,2,2,3,1.0,2
131,Teens,7,2,2,4,1.0,2
131,Teens,7,2,2,5,0.5,2
131,Teens,7,2,2,6,1.0,2
131,Teens,7,2,2,7,1.0,2
131,Teens,7,2,2,8,0.5,2
131,Teens,7,2,2,9,1.0,2
131,Teens,8,3,3,1,1.0,3
131,Teens,8,3,3,2,1.0,3
131,Teens,8,3,3,3,1.0,3
131,Teens,8,3,3,4,1.0,3
131,Teens,8,3,3,5,0.6666666666666666,3
131,Teens,8,3,3,6,0.6666666666666666,3
131,Teens,8,3,3,7,1.0,3
131,Teens,8,3,3,8,1.0,3
131,Teens,8,3,3,9,0.6666666666666666,3
131,Teens,9,4,2,1,0.75,4
131,Teens,9,4,2,2,1.0,4
131,Teens,9,4,2,3,1.0,4
131,Teens,9,4,2,4,0.5,4
131,Teens,9,4,2,5,1.0,4
131,Teens,9,4,2,6,1.0,4
131,Teens,9,4,2,7,1.0,4
131,Teens,9,4,2,8,0.75,4
131,Teens,9,4,2,9,1.0,4
131,Teens,10,5,3,1,0.6,5
131,Teens,10,5,3,2,0.6,5
131,Teens,10,5,3,3,0.8,5
131,Teens,10,5,3,4,0.6,5
131,Teens,10,5,3,5,1.0,5
131,Teens,10,5,3,6,1.0,5
131,Teens,10,5,3,7,0.8,5
131,Teens,10,5,3,8,1.0,5
131,Teens,10,5,3,9,0.8,5
132,Teens,1,2,1,1,0.0,2
132,Teens,1,2,1,2,0.5,2
132,Teens,1,2,1,3,1.0,2
132,Teens,1,2,1,4,0.5,2
132,Teens,1,2,1,5,1.0,2
132,Teens,1,2,1,6,1.0,2
132,Teens,1,2,1,7,1.0,2
132,Teens,1,2,1,8,1.0,2
132,Teens,1,2,1,9,1.0,2
132,Teens,2,3,1,1,0.0,3
132,Teens,2,3,1,2,0.3333333333333333,3
132,Teens,2,3,1,3,0.6666666666666666,3
132,Teens,2,3,1,4,0.3333333333333333,3
132,Teens,2,3,1,5,1.0,3
132,Teens,2,3,1,6,1.0,3
132,Teens,2,3,1,7,1.0,3
132,Teens,2,3,1,8,1.0,3
132,Teens,2,3,1,9,0.6666666666666666,3
132,Teens,3,5,1,1,0.4,5
132,Teens,3,5,1,2,0.8,5
132,Teens,3,5,1,3,0.8,5
132,Teens,3,5,1,4,0.6,5
132,Teens,3,5,1,5,1.0,5
132,Teens,3,5,1,6,1.0,5
132,Teens,3,5,1,7,1.0,5
132,Teens,3,5,1,8,1.0,5
132,Teens,3,5,1,9,1.0,5
132,Teens,4,4,1,1,0.5,4
132,Teens,4,4,1,2,0.5,4
132,Teens,4,4,1,3,0.25,4
132,Teens,4,4,1,4,0.5,4
132,Teens,4,4,1,5,0.75,4
132,Teens,4,4,1,6,1.0,4
132,Teens,4,4,1,7,1.0,4
132,Teens,4,4,1,8,1.0,4
132,Teens,4,4,1,9,1.0,4
132,Teens,5,3,2,1,0.3333333333333333,3
132,Teens,5,3,2,2,0.6666666666666666,3
132,Teens,5,3,2,3,1.0,3
132,Teens,5,3,2,4,1.0,3
132,Teens,5,3,2,5,1.0,3
132,Teens,5,3,2,6,1.0,3
132,Teens,5,3,2,7,1.0,3
132,Teens,5,3,2,8,1.0,3
132,Teens,5,3,2,9,1.0,3
132,Teens,6,5,2,1,0.2,5
132,Teens,6,5,2,2,0.4,5
132,Teens,6,5,2,3,0.6,5
132,Teens,6,5,2,4,0.8,5
132,Teens,6,5,2,5,1.0,5
132,Teens,6,5,2,6,0.8,5
132,Teens,6,5,2,7,1.0,5
132,Teens,6,5,2,8,1.0,5
132,Teens,6,5,2,9,1.0,5
132,Teens,7,2,2,1,0.5,2
132,Teens,7,2,2,2,1.0,2
132,Teens,7,2,2,3,1.0,2
132,Teens,7,2,2,4,0.5,2
132,Teens,7,2,2,5,1.0,2
132,Teens,7,2,2,6,1.0,2
132,Teens,7,2,2,7,0.5,2
132,Teens,7,2,2,8,1.0,2
132,Teens,7,2,2,9,1.0,2
132,Teens,8,3,3,1,0.3333333333333333,3
132,Teens,8,3,3,2,1.0,3
132,Teens,8,3,3,3,1.0,3
132,Teens,8,3,3,4,1.0,3
132,Teens,8,3,3,5,1.0,3
132,Teens,8,3,3,6,1.0,3
132,Teens,8,3,3,7,1.0,3
132,Teens,8,3,3,8,1.0,3
132,Teens,8,3,3,9,1.0,3
132,Teens,9,5,3,1,0.2,5
132,Teens,9,5,3,2,0.6,5
132,Teens,9,5,3,3,0.4,5
132,Teens,9,5,3,4,0.8,5
132,Teens,9,5,3,5,1.0,5
132,Teens,9,5,3,6,1.0,5
132,Teens,9,5,3,7,1.0,5
132,Teens,9,5,3,8,1.0,5
132,Teens,9,5,3,9,0.8,5
132,Teens,10,4,2,1,0.5,4
132,Teens,10,4,2,2,1.0,4
132,Teens,10,4,2,3,1.0,4
132,Teens,10,4,2,4,1.0,4
132,Teens,10,4,2,5,1.0,4
132,Teens,10,4,2,6,1.0,4
132,Teens,10,4,2,7,1.0,4
132,Teens,10,4,2,8,1.0,4
132,Teens,10,4,2,9,1.0,4
133,Kids,1,2,1,1,0.5,2
133,Kids,1,2,1,2,1.0,2
133,Kids,1,2,1,3,1.0,2
133,Kids,1,2,1,4,0.0,2
133,Kids,1,2,1,5,1.0,2
133,Kids,1,2,1,6,1.0,2
133,Kids,1,2,1,7,0.5,2
133,Kids,1,2,1,8,1.0,2
133,Kids,1,2,1,9,1.0,2
133,Kids,2,3,1,1,0.0,3
133,Kids,2,3,1,2,0.3333333333333333,3
133,Kids,2,3,1,3,0.6666666666666666,3
133,Kids,2,3,1,4,0.0,3
133,Kids,2,3,1,5,0.0,3
133,Kids,2,3,1,6,0.5,2
133,Kids,2,3,1,7,1.0,3
133,Kids,2,3,1,8,0.6666666666666666,3
133,Kids,2,3,1,9,1.0,3
133,Kids,3,5,1,1,0.4,5
133,Kids,3,5,1,2,0.2,5
133,Kids,3,5,1,3,0.6,5
133,Kids,3,5,1,4,0.8,5
133,Kids,3,5,1,5,0.8,5
133,Kids,3,5,1,6,0.75,4
133,Kids,3,5,1,7,0.6,5
133,Kids,3,5,1,8,0.25,4
133,Kids,3,5,1,9,0.6,5
133,Kids,4,4,1,1,0.25,4
133,Kids,4,4,1,2,0.75,4
133,Kids,4,4,1,3,0.25,4
133,Kids,4,4,1,4,0.25,4
133,Kids,4,4,1,5,0.5,4
133,Kids,4,4,1,6,0.25,4
133,Kids,4,4,1,7,0.75,4
133,Kids,4,4,1,8,1.0,4
133,Kids,4,4,1,9,1.0,4
133,Kids,5,3,2,1,0.0,3
133,Kids,5,3,2,2,0.0,3
133,Kids,5,3,2,3,0.3333333333333333,3
133,Kids,5,3,2,4,0.0,3
133,Kids,5,3,2,5,0.6666666666666666,3
133,Kids,5,3,2,6,0.3333333333333333,3
133,Kids,5,3,2,7,0.3333333333333333,3
133,Kids,5,3,2,8,0.3333333333333333,3
133,Kids,5,3,2,9,0.6666666666666666,3
133,Kids,6,5,2,1,0.6,5
133,Kids,6,5,2,2,0.4,5
133,Kids,6,5,2,3,0.5,4
133,Kids,6,5,2,4,1.0,5
133,Kids,6,5,2,5,0.8,5
133,Kids,6,5,2,6,0.8,5
133,Kids,6,5,2,7,1.0,5
133,Kids,6,5,2,8,0.8,5
133,Kids,6,5,2,9,0.8,5
133,Kids,7,2,2,1,0.0,2
133,Kids,7,2,2,2,1.0,2
133,Kids,7,2,2,3,1.0,2
133,Kids,7,2,2,4,1.0,2
133,Kids,7,2,2,5,1.0,2
133,Kids,7,2,2,6,1.0,2
133,Kids,7,2,2,7,1.0,2
133,Kids,7,2,2,8,1.0,2
133,Kids,7,2,2,9,1.0,2
133,Kids,8,3,3,1,0.3333333333333333,3
133,Kids,8,3,3,2,0.3333333333333333,3
133,Kids,8,3,3,3,1.0,3
133,Kids,8,3,3,4,1.0,3
133,Kids,8,3,3,5,1.0,3
133,Kids,8,3,3,6,1.0,3
133,Kids,8,3,3,7,1.0,3
133,Kids,8,3,3,8,1.0,3
133,Kids,8,3,3,9,1.0,3
133,Kids,9,5,3,1,0.2,5
133,Kids,9,5,3,2,0.4,5
133,Kids,9,5,3,3,0.0,3
133,Kids,9,5,3,4,0.2,5
133,Kids,9,5,3,5,0.4,5
133,Kids,9,5,3,6,0.25,4
133,Kids,9,5,3,7,0.4,5
133,Kids,9,5,3,8,0.0,3
133,Kids,9,5,3,9,0.5,4
133,Kids,10,4,2,1,0.25,4
133,Kids,10,4,2,2,0.75,4
133,Kids,10,4,2,3,1.0,4
133,Kids,10,4,2,4,0.5,4
133,Kids,10,4,2,5,1.0,4
133,Kids,10,4,2,6,1.0,4
133,Kids,10,4,2,7,1.0,4
133,Kids,10,4,2,8,1.0,4
133,Kids,10,4,2,9,1.0,4
134,Kids,1,2,1,1,0.0,2
134,Kids,1,2,1,2,0.5,2
134,Kids,1,2,1,3,0.0,2
134,Kids,1,2,1,4,1.0,2
134,Kids,1,2,1,5,1.0,2
134,Kids,1,2,1,6,1.0,2
134,Kids,1,2,1,7,0.5,2
134,Kids,1,2,1,8,1.0,2
134,Kids,1,2,1,9,1.0,2
134,Kids,2,3,1,1,0.0,3
134,Kids,2,3,1,2,0.3333333333333333,3
134,Kids,2,3,1,3,0.6666666666666666,3
134,Kids,2,3,1,4,0.6666666666666666,3
134,Kids,2,3,1,5,0.6666666666666666,3
134,Kids,2,3,1,6,0.3333333333333333,3
134,Kids,2,3,1,7,0.6666666666666666,3
134,Kids,2,3,1,8,1.0,3
134,Kids,2,3,1,9,1.0,3
134,Kids,3,5,1,1,0.2,5
134,Kids,3,5,1,2,0.2,5
134,Kids,3,5,1,3,0.8,5
134,Kids,3,5,1,4,0.4,5
134,Kids,3,5,1,5,1.0,5
134,Kids,3,5,1,6,0.4,5
134,Kids,3,5,1,7,1.0,5
134,Kids,3,5,1,8,0.8,5
134,Kids,3,5,1,9,0.8,5
134,Kids,4,4,1,1,0.25,4
134,Kids,4,4,1,2,0.25,4
134,Kids,4,4,1,3,0.75,4
134,Kids,4,4,1,4,0.75,4
134,Kids,4,4,1,5,0.75,4
134,Kids,4,4,1,6,0.75,4
134,Kids,4,4,1,7,1.0,4
134,Kids,4,4,1,8,0.75,4
134,Kids,4,4,1,9,1.0,4
134,Kids,5,3,2,1,1.0,3
134,Kids,5,3,2,2,0.6666666666666666,3
134,Kids,5,3,2,3,1.0,3
134,Kids,5,3,2,4,1.0,3
134,Kids,5,3,2,5,0.6666666666666666,3
134,Kids,5,3,2,6,1.0,3
134,Kids,5,3,2,7,1.0,3
134,Kids,5,3,2,8,1.0,3
134,Kids,5,3,2,9,1.0,3
134,Kids,6,5,2,1,0.2,5
134,Kids,6,5,2,2,0.6,5
134,Kids,6,5,2,3,0.6,5
134,Kids,6,5,2,4,0.8,5
134,Kids,6,5,2,5,0.6,5
134,Kids,6,5,2,6,0.8,5
134,Kids,6,5,2,7,1.0,5
134,Kids,6,5,2,8,1.0,5
134,Kids,6,5,2,9,0.6,5
134,Kids,7,2,2,1,0.5,2
134,Kids,7,2,2,2,0.5,2
134,Kids,7,2,2,3,1.0,2
134,Kids,7,2,2,4,1.0,2
134,Kids,7,2,2,5,1.0,2
134,Kids,7,2,2,6,1.0,2
134,Kids,7,2,2,7,0.5,2
134,Kids,7,2,2,8,0.0,2
134,Kids,7,2,2,9,1.0,2
134,Kids,8,3,3,1,0.3333333333333333,3
134,Kids,8,3,3,2,1.0,3
134,Kids,8,3,3,3,1.0,3
134,Kids,8,3,3,4,1.0,3
134,Kids,8,3,3,5,1.0,3
134,Kids,8,3,3,6,1.0,3
134,Kids,8,3,3,7,1.0,3
134,Kids,8,3,3,8,1.0,3
134,Kids,8,3,3,9,1.0,3
134,Kids,9,5,3,1,0.4,5
134,Kids,9,5,3,2,0.4,5
134,Kids,9,5,3,3,0.8,5
134,Kids,9,5,3,4,1.0,5
134,Kids,9,5,3,5,1.0,5
134,Kids,9,5,3,6,1.0,5
134,Kids,9,5,3,7,1.0,5
134,Kids,9,5,3,8,0.8,5
134,Kids,9,5,3,9,0.8,5
134,Kids,10,4,2,1,0.5,4
134,Kids,10,4,2,2,0.75,4
134,Kids,10,4,2,3,1.0,4
134,Kids,10,4,2,4,0.75,4
134,Kids,10,4,2,5,1.0,4
134,Kids,10,4,2,6,1.0,4
134,Kids,10,4,2,7,0.75,4
134,Kids,10,4,2,8,1.0,4
134,Kids,10,4,2,9,0.75,4
135,Teens,1,2,1,1,0.5,2
135,Teens,1,2,1,2,0.5,2
135,Teens,1,2,1,3,1.0,2
135,Teens,1,2,1,4,1.0,2
135,Teens,1,2,1,5,1.0,2
135,Teens,1,2,1,6,1.0,2
135,Teens,1,2,1,7,1.0,2
135,Teens,1,2,1,8,1.0,2
135,Teens,1,2,1,9,1.0,2
135,Teens,2,3,1,1,0.6666666666666666,3
135,Teens,2,3,1,2,0.6666666666666666,3
135,Teens,2,3,1,3,0.6666666666666666,3
135,Teens,2,3,1,4,1.0,3
135,Teens,2,3,1,5,1.0,3
135,Teens,2,3,1,6,1.0,3
135,Teens,2,3,1,7,1.0,3
135,Teens,2,3,1,8,1.0,3
135,Teens,2,3,1,9,1.0,3
135,Teens,3,4,1,1,0.25,4
135,Teens,3,4,1,2,0.5,4
135,Teens,3,4,1,3,0.75,4
135,Teens,3,4,1,4,1.0,4
135,Teens,3,4,1,5,1.0,4
135,Teens,3,4,1,6,1.0,4
135,Teens,3,4,1,7,0.75,4
135,Teens,3,4,1,8,1.0,4
135,Teens,3,4,1,9,1.0,4
135,Teens,4,5,1,1,0.2,5
135,Teens,4,5,1,2,0.8,5
135,Teens,4,5,1,3,1.0,5
135,Teens,4,5,1,4,1.0,5
135,Teens,4,5,1,5,1.0,5
135,Teens,4,5,1,6,1.0,5
135,Teens,4,5,1,7,0.8,5
135,Teens,4,5,1,8,1.0,5
135,Teens,4,5,1,9,1.0,5
135,Teens,5,3,2,1,0.3333333333333333,3
135,Teens,5,3,2,2,0.6666666666666666,3
135,Teens,5,3,2,3,1.0,3
135,Teens,5,3,2,4,1.0,3
135,Teens,5,3,2,5,1.0,3
135,Teens,5,3,2,6,1.0,3
135,Teens,5,3,2,7,1.0,3
135,Teens,5,3,2,8,1.0,3
135,Teens,5,3,2,9,1.0,3
135,Teens,6,5,2,1,0.4,5
135,Teens,6,5,2,2,0.6,5
135,Teens,6,5,2,3,0.8,5
135,Teens,6,5,2,4,1.0,5
135,Teens,6,5,2,5,1.0,5
135,Teens,6,5,2,6,1.0,5
135,Teens,6,5,2,7,1.0,5
135,Teens,6,5,2,8,1.0,5
135,Teens,6,5,2,9,1.0,5
135,Teens,7,2,2,1,0.5,2
135,Teens,7,2,2,2,0.5,2
135,Teens,7,2,2,3,0.5,2
135,Teens,7,2,2,4,1.0,2
135,Teens,7,2,2,5,1.0,2
135,Teens,7,2,2,6,1.0,2
135,Teens,7,2,2,7,0.5,2
135,Teens,7,2,2,8,1.0,2
135,Teens,7,2,2,9,1.0,2
135,Teens,8,3,3,1,0.3333333333333333,3
135,Teens,8,3,3,2,0.6666666666666666,3
135,Teens,8,3,3,3,1.0,3
135,Teens,8,3,3,4,1.0,3
135,Teens,8,3,3,5,1.0,3
135,Teens,8,3,3,6,1.0,3
135,Teens,8,3,3,7,1.0,3
135,Teens,8,3,3,8,1.0,3
135,Teens,8,3,3,9,1.0,3
135,Teens,9,4,2,1,0.25,4
135,Teens,9,4,2,2,0.75,4
135,Teens,9,4,2,3,1.0,4
135,Teens,9,4,2,4,1.0,4
135,Teens,9,4,2,5,1.0,4
135,Teens,9,4,2,6,0.75,4
135,Teens,9,4,2,7,1.0,4
135,Teens,9,4,2,8,1.0,4
135,Teens,9,4,2,9,1.0,4
135,Teens,10,5,3,1,0.4,5
135,Teens,10,5,3,2,0.4,5
135,Teens,10,5,3,3,0.8,5
135,Teens,10,5,3,4,1.0,5
135,Teens,10,5,3,5,0.8,5
135,Teens,10,5,3,6,1.0,5
135,Teens,10,5,3,7,0.6,5
135,Teens,10,5,3,8,1.0,5
135,Teens,10,5,3,9,1.0,5
136,Teens,1,2,1,1,0.5,2
136,Teens,1,2,1,2,0.5,2
136,Teens,1,2,1,3,1.0,2
136,Teens,1,2,1,4,1.0,2
136,Teens,1,2,1,5,1.0,2
136,Teens,1,2,1,6,1.0,2
136,Teens,1,2,1,7,1.0,2
136,Teens,1,2,1,8,1.0,2
136,Teens,1,2,1,9,1.0,2
136,Teens,2,3,1,1,0.3333333333333333,3
136,Teens,2,3,1,2,0.3333333333333333,3
136,Teens,2,3,1,3,0.6666666666666666,3
136,Teens,2,3,1,4,1.0,3
136,Teens,2,3,1,5,1.0,3
136,Teens,2,3,1,6,0.6666666666666666,3
136,Teens,2,3,1,7,1.0,3
136,Teens,2,3,1,8,1.0,3
136,Teens,2,3,1,9,1.0,3
136,Teens,3,4,1,1,0.25,4
136,Teens,3,4,1,2,0.75,4
136,Teens,3,4,1,3,0.75,4
136,Teens,3,4,1,4,0.5,4
136,Teens,3,4,1,5,1.0,4
136,Teens,3,4,1,6,0.75,4
136,Teens,3,4,1,7,1.0,4
136,Teens,3,4,1,8,0.75,4
136,Teens,3,4,1,9,1.0,4
136,Teens,4,5,1,1,0.4,5
136,Teens,4,5,1,2,0.6,5
136,Teens,4,5,1,3,0.6,5
136,Teens,4,5,1,4,1.0,5
136,Teens,4,5,1,5,0.8,5
136,Teens,4,5,1,6,0.8,5
136,Teens,4,5,1,7,0.8,5
136,Teens,4,5,1,8,0.6,5
136,Teens,4,5,1,9,0.6,5
136,Teens,5,3,2,1,0.3333333333333333,3
136,Teens,5,3,2,2,1.0,3
136,Teens,5,3,2,3,1.0,3
136,Teens,5,3,2,4,0.6666666666666666,3
136,Teens,5,3,2,5,1.0,3
136,Teens,5,3,2,6,1.0,3
136,Teens,5,3,2,7,1.0,3
136,Teens,5,3,2,8,0.6666666666666666,3
136,Teens,5,3,2,9,1.0,3
136,Teens,6,5,2,1,0.4,5
136,Teens,6,5,2,2,0.6,5
136,Teens,6,5,2,3,0.6,5
136,Teens,6,5,2,4,0.2,5
136,Teens,6,5,2,5,0.5,4
136,Teens,6,5,2,6,0.25,4
136,Teens,6,5,2,7,0.25,4
136,Teens,6,5,2,8,0.25,4
136,Teens,6,5,2,9,0.2,5
136,Teens,7,2,2,1,0.0,2
136,Teens,7,2,2,2,0.0,2
136,Teens,7,2,2,3,1.0,2
136,Teens,7,2,2,4,1.0,2
136,Teens,7,2,2,5,0.5,2
136,Teens,7,2,2,6,1.0,2
136,Teens,7,2,2,7,0.5,2
136,Teens,7,2,2,8,1.0,2
136,Teens,7,2,2,9,1.0,2
136,Teens,8,3,3,1,1.0,3
136,Teens,8,3,3,2,0.6666666666666666,3
136,Teens,8,3,3,3,1.0,3
136,Teens,8,3,3,4,1.0,3
136,Teens,8,3,3,5,1.0,3
136,Teens,8,3,3,6,1.0,3
136,Teens,8,3,3,7,1.0,3
136,Teens,8,3,3,8,1.0,3
136,Teens,8,3,3,9,1.0,3
136,Teens,9,4,2,1,0.5,4
136,Teens,9,4,2,2,0.75,4
136,Teens,9,4,2,3,1.0,4
136,Teens,9,4,2,4,0.75,4
136,Teens,9,4,2,5,1.0,4
136,Teens,9,4,2,6,0.75,4
136,Teens,9,4,2,7,0.75,4
136,Teens,9,4,2,8,0.75,4
136,Teens,9,4,2,9,1.0,4
136,Teens,10,5,3,1,0.2,5
136,Teens,10,5,3,2,0.4,5
136,Teens,10,5,3,3,0.6,5
136,Teens,10,5,3,4,0.4,5
136,Teens,10,5,3,5,0.8,5
136,Teens,10,5,3,6,0.6,5
136,Teens,10,5,3,7,1.0,5
136,Teens,10,5,3,8,0.8,5
136,Teens,10,5,3,9,0.8,5
137,Teens,1,2,1,1,0.5,2
137,Teens,1,2,1,2,0.5,2
137,Teens,1,2,1,3,1.0,2
137,Teens,1,2,1,4,1.0,2
137,Teens,1,2,1,5,1.0,2
137,Teens,1,2,1,6,1.0,2
137,Teens,1,2,1,7,1.0,2
137,Teens,1,2,1,8,0.5,2
137,Teens,1,2,1,9,1.0,2
137,Teens,2,3,1,1,0.3333333333333333,3
137,Teens,2,3,1,2,0.6666666666666666,3
137,Teens,2,3,1,3,0.3333333333333333,3
137,Teens,2,3,1,4,0.3333333333333333,3
137,Teens,2,3,1,5,0.6666666666666666,3
137,Teens,2,3,1,6,0.6666666666666666,3
137,Teens,2,3,1,7,1.0,3
137,Teens,2,3,1,8,1.0,3
137,Teens,2,3,1,9,1.0,3
137,Teens,3,4,1,1,0.75,4
137,Teens,3,4,1,2,0.75,4
137,Teens,3,4,1,3,0.75,4
137,Teens,3,4,1,4,1.0,4
137,Teens,3,4,1,5,1.0,4
137,Teens,3,4,1,6,0.75,4
137,Teens,3,4,1,7,0.75,4
137,Teens,3,4,1,8,1.0,4
137,Teens,3,4,1,9,1.0,4
137,Teens,4,5,1,1,0.6,5
137,Teens,4,5,1,2,0.6,5
137,Teens,4,5,1,3,1.0,5
137,Teens,4,5,1,4,0.6,5
137,Teens,4,5,1,5,1.0,5
137,Teens,4,5,1,6,0.8,5
137,Teens,4,5,1,7,0.8,5
137,Teens,4,5,1,8,1.0,5
137,Teens,4,5,1,9,0.8,5
137,Teens,5,3,2,1,0.0,3
137,Teens,5,3,2,2,0.3333333333333333,3
137,Teens,5,3,2,3,1.0,3
137,Teens,5,3,2,4,0.6666666666666666,3
137,Teens,5,3,2,5,1.0,3
137,Teens,5,3,2,6,0.6666666666666666,3
137,Teens,5,3,2,7,1.0,3
137,Teens,5,3,2,8,1.0,3
137,Teens,5,3,2,9,0.6666666666666666,3
137,Teens,6,5,2,1,0.4,5
137,Teens,6,5,2,2,0.8,5
137,Teens,6,5,2,3,1.0,5
137,Teens,6,5,2,4,1.0,5
137,Teens,6,5,2,5,1.0,5
137,Teens,6,5,2,6,0.8,5
137,Teens,6,5,2,7,1.0,5
137,Teens,6,5,2,8,0.8,5
137,Teens,6,5,2,9,1.0,5
137,Teens,7,2,2,1,0.5,2
137,Teens,7,2,2,2,1.0,2
137,Teens,7,2,2,3,1.0,2
137,Teens,7,2,2,4,1.0,2
137,Teens,7,2,2,5,1.0,2
137,Teens,7,2,2,6,1.0,2
137,Teens,7,2,2,7,1.0,2
137,Teens,7,2,2,8,1.0,2
137,Teens,7,2,2,9,1.0,2
137,Teens,8,3,3,1,0.3333333333333333,3
137,Teens,8,3,3,2,0.3333333333333333,3
137,Teens,8,3,3,3,0.6666666666666666,3
137,Teens,8,3,3,4,1.0,3
137,Teens,8,3,3,5,0.6666666666666666,3
137,Teens,8,3,3,6,1.0,3
137,Teens,8,3,3,7,0.6666666666666666,3
137,Teens,8,3,3,8,1.0,3
137,Teens,8,3,3,9,1.0,3
137,Teens,9,4,2,1,0.5,4
137,Teens,9,4,2,2,0.75,4
137,Teens,9,4,2,3,1.0,4
137,Teens,9,4,2,4,0.5,4
137,Teens,9,4,2,5,1.0,4
137,Teens,9,4,2,6,1.0,4
137,Teens,9,4,2,7,1.0,4
137,Teens,9,4,2,8,1.0,4
137,Teens,9,4,2,9,1.0,4
137,Teens,10,5,3,1,0.4,5
137,Teens,10,5,3,2,1.0,5
137,Teens,10,5,3,3,1.0,5
137,Teens,10,5,3,4,1.0,5
137,Teens,10,5,3,5,1.0,5
137,Teens,10,5,3,6,1.0,5
137,Teens,10,5,3,7,0.8,5
137,Teens,10,5,3,8,1.0,5
137,Teens,10,5,3,9,1.0,5
138,Kids,1,2,1,1,0.0,2
138,Kids,1,2,1,2,0.0,2
138,Kids,1,2,1,3,0.0,2
138,Kids,1,2,1,4,1.0,2
138,Kids,1,2,1,5,1.0,2
138,Kids,1,2,1,6,0.0,2
138,Kids,1,2,1,7,1.0,2
138,Kids,1,2,1,8,1.0,2
138,Kids,1,2,1,9,1.0,2
138,Kids,2,4,1,1,0.25,4
138,Kids,2,4,1,2,1.0,4
138,Kids,2,4,1,3,0.75,4
138,Kids,2,4,1,4,1.0,4
138,Kids,2,4,1,5,1.0,4
138,Kids,2,4,1,6,1.0,4
138,Kids,2,4,1,7,1.0,4
138,Kids,2,4,1,8,1.0,4
138,Kids,2,4,1,9,1.0,4
138,Kids,3,3,1,1,0.3333333333333333,3
138,Kids,3,3,1,2,0.3333333333333333,3
138,Kids,3,3,1,3,0.3333333333333333,3
138,Kids,3,3,1,4,0.6666666666666666,3
138,Kids,3,3,1,5,0.3333333333333333,3
138,Kids,3,3,1,6,1.0,3
138,Kids,3,3,1,7,1.0,3
138,Kids,3,3,1,8,1.0,3
138,Kids,3,3,1,9,0.6666666666666666,3
138,Kids,4,5,1,1,0.4,5
138,Kids,4,5,1,2,0.6,5
138,Kids,4,5,1,3,0.6,5
138,Kids,4,5,1,4,0.4,5
138,Kids,4,5,1,5,0.6,5
138,Kids,4,5,1,6,0.6,5
138,Kids,4,5,1,7,0.6,5
138,Kids,4,5,1,8,0.4,5
138,Kids,4,5,1,9,0.2,5
138,Kids,5,3,2,1,0.3333333333333333,3
138,Kids,5,3,2,2,0.0,3
138,Kids,5,3,2,3,1.0,3
138,Kids,5,3,2,4,0.3333333333333333,3
138,Kids,5,3,2,5,1.0,3
138,Kids,5,3,2,6,1.0,3
138,Kids,5,3,2,7,1.0,3
138,Kids,5,3,2,8,1.0,3
138,Kids,5,3,2,9,1.0,3
138,Kids,6,5,2,1,0.6,5
138,Kids,6,5,2,2,0.4,5
138,Kids,6,5,2,3,0.2,5
138,Kids,6,5,2,4,0.4,5
138,Kids,6,5,2,5,0.6,5
138,Kids,6,5,2,6,0.6,5
138,Kids,6,5,2,7,0.6,5
138,Kids,6,5,2,8,0.8,5
138,Kids,6,5,2,9,0.4,5
138,Kids,7,2,2,1,0.5,2
138,Kids,7,2,2,2,1.0,2
138,Kids,7,2,2,3,1.0,2
138,Kids,7,2,2,4,1.0,2
138,Kids,7,2,2,5,1.0,2
138,Kids,7,2,2,6,0.5,2
138,Kids,7,2,2,7,1.0,2
138,Kids,7,2,2,8,1.0,2
138,Kids,7,2,2,9,1.0,2
138,Kids,8,4,2,1,0.5,4
138,Kids,8,4,2,2,1.0,4
138,Kids,8,4,2,3,1.0,4
138,Kids,8,4,2,4,1.0,4
138,Kids,8,4,2,5,1.0,4
138,Kids,8,4,2,6,1.0,4
138,Kids,8,4,2,7,1.0,4
138,Kids,8,4,2,8,1.0,4
138,Kids,8,4,2,9,1.0,4
138,Kids,9,3,3,1,0.5,2
138,Kids,9,3,3,2,1.0,3
138,Kids,9,3,3,3,1.0,3
138,Kids,9,3,3,4,1.0,3
138,Kids,9,3,3,5,1.0,3
138,Kids,9,3,3,6,1.0,3
138,Kids,9,3,3,7,0.6666666666666666,3
138,Kids,9,3,3,8,1.0,3
138,Kids,9,3,3,9,1.0,3
138,Kids,10,5,3,1,0.2,5
138,Kids,10,5,3,2,0.2,5
138,Kids,10,5,3,3,0.0,4
138,Kids,10,5,3,4,0.2,5
138,Kids,10,5,3,5,0.2,5
138,Kids,10,5,3,6,0.2,5
138,Kids,10,5,3,7,0.25,4
138,Kids,10,5,3,8,0.2,5
138,Kids,10,5,3,9,0.8,5
139,Teens,1,2,1,1,0.0,2
139,Teens,1,2,1,2,1.0,2
139,Teens,1,2,1,3,1.0,2
139,Teens,1,2,1,4,1.0,2
139,Teens,1,2,1,5,1.0,2
139,Teens,1,2,1,6,1.0,2
139,Teens,1,2,1,7,1.0,2
139,Teens,1,2,1,8,1.0,2
139,Teens,1,2,1,9,0.5,2
139,Teens,2,3,1,1,0.0,3
139,Teens,2,3,1,2,0.6666666666666666,3
139,Teens,2,3,1,3,0.3333333333333333,3
139,Teens,2,3,1,4,0.3333333333333333,3
139,Teens,2,3,1,5,0.3333333333333333,3
139,Teens,2,3,1,6,0.6666666666666666,3
139,Teens,2,3,1,7,1.0,3
139,Teens,2,3,1,8,1.0,3
139,Teens,2,3,1,9,1.0,3
139,Teens,3,4,1,1,0.25,4
139,Teens,3,4,1,2,0.5,4
139,Teens,3,4,1,3,0.25,4
139,Teens,3,4,1,4,0.25,4
139,Teens,3,4,1,5,0.5,4
139,Teens,3,4,1,6,0.5,4
139,Teens,3,4,1,7,0.75,4
139,Teens,3,4,1,8,0.25,4
139,Teens,3,4,1,9,0.75,4
139,Teens,4,5,1,1,0.0,5
139,Teens,4,5,1,2,0.2,5
139,Teens,4,5,1,3,0.6,5
139,Teens,4,5,1,4,0.6,5
139,Teens,4,5,1,5,0.6,5
139,Teens,4,5,1,6,0.8,5
139,Teens,4,5,1,7,0.6,5
139,Teens,4,5,1,8,0.8,5
139,Teens,4,5,1,9,1.0,5
139,Teens,5,3,2,1,0.0,3
139,Teens,5,3,2,2,0.3333333333333333,3
139,Teens,5,3,2,3,1.0,3
139,Teens,5,3,2,4,0.6666666666666666,3
139,Teens,5,3,2,5,0.6666666666666666,3
139,Teens,5,3,2,6,1.0,3
139,Teens,5,3,2,7,1.0,3
139,Teens,5,3,2,8,0.6666666666666666,3
139,Teens,5,3,2,9,1.0,3
139,Teens,6,5,2,1,0.2,5
139,Teens,6,5,2,2,0.3333333333333333,3
139,Teens,6,5,2,3,0.8,5
139,Teens,6,5,2,4,0.8,5
139,Teens,6,5,2,5,1.0,5
139,Teens,6,5,2,6,1.0,5
139,Teens,6,5,2,7,1.0,5
139,Teens,6,5,2,8,0.8,5
139,Teens,6,5,2,9,0.8,5
139,Teens,7,2,2,1,0.0,2
139,Teens,7,2,2,2,0.5,2
139,Teens,7,2,2,3,0.5,2
139,Teens,7,2,2,4,0.5,2
139,Teens,7,2,2,5,0.5,2
139,Teens,7,2,2,6,1.0,2
139,Teens,7,2,2,7,0.5,2
139,Teens,7,2,2,8,1.0,2
139,Teens,7,2,2,9,1.0,2
139,Teens,8,3,3,1,0.6666666666666666,3
139,Teens,8,3,3,2,0.6666666666666666,3
139,Teens,8,3,3,3,0.6666666666666666,3
139,Teens,8,3,3,4,1.0,3
139,Teens,8,3,3,5,1.0,3
139,Teens,8,3,3,6,1.0,3
139,Teens,8,3,3,7,0.6666666666666666,3
139,Teens,8,3,3,8,1.0,3
139,Teens,8,3,3,9,1.0,3
139,Teens,9,4,2,1,0.0,3
139,Teens,9,4,2,2,0.5,4
139,Teens,9,4,2,3,0.75,4
139,Teens,9,4,2,4,1.0,4
139,Teens,9,4,2,5,0.75,4
139,Teens,9,4,2,6,0.75,4
139,Teens,9,4,2,7,1.0,4
139,Teens,9,4,2,8,0.75,4
139,Teens,9,4,2,9,1.0,4
139,Teens,10,5,3,1,0.25,4
139,Teens,10,5,3,2,0.4,5
139,Teens,10,5,3,3,0.2,5
139,Teens,10,5,3,4,0.4,5
139,Teens,10,5,3,5,0.8,5
139,Teens,10,5,3,6,0.8,5
139,Teens,10,5,3,7,0.8,5
139,Teens,10,5,3,8,1.0,5
139,Teens,10,5,3,9,0.8,5
140,Kids,1,2,1,1,1.0,2
140,Kids,1,2,1,2,0.0,2
140,Kids,1,2,1,3,1.0,2
140,Kids,1,2,1,4,1.0,2
140,Kids,1,2,1,5,1.0,2
140,Kids,1,2,1,6,0.5,2
140,Kids,1,2,1,7,1.0,2
140,Kids,1,2,1,8,1.0,2
140,Kids,1,2,1,9,1.0,2
140,Kids,2,3,1,1,0.6666666666666666,3
140,Kids,2,3,1,2,1.0,3
140,Kids,2,3,1,3,1.0,3
140,Kids,2,3,1,4,1.0,3
140,Kids,2,3,1,5,1.0,3
140,Kids,2,3,1,6,1.0,3
140,Kids,2,3,1,7,0.6666666666666666,3
140,Kids,2,3,1,8,1.0,3
140,Kids,2,3,1,9,1.0,3
140,Kids,3,4,1,1,0.5,4
140,Kids,3,4,1,2,0.75,4
140,Kids,3,4,1,3,0.25,4
140,Kids,3,4,1,4,0.5,4
140,Kids,3,4,1,5,0.5,4
140,Kids,3,4,1,6,0.5,4
140,Kids,3,4,1,7,0.5,4
140,Kids,3,4,1,8,0.75,4
140,Kids,3,4,1,9,0.75,4
140,Kids,4,5,1,1,0.2,5
140,Kids,4,5,1,2,1.0,5
140,Kids,4,5,1,3,0.6,5
140,Kids,4,5,1,4,0.6,5
140,Kids,4,5,1,5,0.8,5
140,Kids,4,5,1,6,0.8,5
140,Kids,4,5,1,7,0.6,5
140,Kids,4,5,1,8,1.0,5
140,Kids,4,5,1,9,1.0,5
140,Kids,5,3,2,1,1.0,3
140,Kids,5,3,2,2,0.6666666666666666,3
140,Kids,5,3,2,3,1.0,3
140,Kids,5,3,2,4,1.0,3
140,Kids,5,3,2,5,1.0,3
140,Kids,5,3,2,6,1.0,3
140,Kids,5,3,2,7,1.0,3
140,Kids,5,3,2,8,1.0,3
140,Kids,5,3,2,9,1.0,3
140,Kids,6,5,2,1,0.0,5
140,Kids,6,5,2,2,0.4,5
140,Kids,6,5,2,3,0.6,5
140,Kids,6,5,2,4,0.8,5
140,Kids,6,5,2,5,0.4,5
140,Kids,6,5,2,6,1.0,5
140,Kids,6,5,2,7,1.0,5
140,Kids,6,5,2,8,1.0,5
140,Kids,6,5,2,9,1.0,5
140,Kids,7,2,2,1,0.5,2
140,Kids,7,2,2,2,1.0,2
140,Kids,7,2,2,3,1.0,2
140,Kids,7,2,2,4,1.0,2
140,Kids,7,2,2,5,1.0,2
140,Kids,7,2,2,6,1.0,2
140,Kids,7,2,2,7,1.0,2
140,Kids,7,2,2,8,1.0,2
140,Kids,7,2,2,9,1.0,2
140,Kids,8,3,3,1,0.3333333333333333,3
140,Kids,8,3,3,2,0.3333333333333333,3
140,Kids,8,3,3,3,0.6666666666666666,3
140,Kids,8,3,3,4,1.0,3
140,Kids,8,3,3,5,1.0,3
140,Kids,8,3,3,6,1.0,3
140,Kids,8,3,3,7,1.0,3
140,Kids,8,3,3,8,1.0,3
140,Kids,8,3,3,9,1.0,3
140,Kids,9,4,2,1,0.25,4
140,Kids,9,4,2,2,1.0,4
140,Kids,9,4,2,3,1.0,4
140,Kids,9,4,2,4,1.0,4
140,Kids,9,4,2,5,1.0,4
140,Kids,9,4,2,6,1.0,4
140,Kids,9,4,2,7,1.0,4
140,Kids,9,4,2,8,1.0,4
140,Kids,9,4,2,9,1.0,4
140,Kids,10,5,3,1,1.0,5
140,Kids,10,5,3,2,0.4,5
140,Kids,10,5,3,3,0.8,5
140,Kids,10,5,3,4,0.6,5
140,Kids,10,5,3,5,0.6,5
140,Kids,10,5,3,6,1.0,5
140,Kids,10,5,3,7,0.8,5
140,Kids,10,5,3,8,0.6,5
140,Kids,10,5,3,9,0.8,5
141,Kids,1,2,1,1,1.0,2
141,Kids,1,2,1,2,1.0,2
141,Kids,1,2,1,3,1.0,2
141,Kids,1,2,1,4,1.0,2
141,Kids,1,2,1,5,1.0,2
141,Kids,1,2,1,6,1.0,2
141,Kids,1,2,1,7,1.0,2
141,Kids,1,2,1,8,1.0,2
141,Kids,1,2,1,9,1.0,2
141,Kids,2,3,1,1,0.3333333333333333,3
141,Kids,2,3,1,2,0.3333333333333333,3
141,Kids,2,3,1,3,0.3333333333333333,3
141,Kids,2,3,1,4,0.3333333333333333,3
141,Kids,2,3,1,5,1.0,3
141,Kids,2,3,1,6,1.0,3
141,Kids,2,3,1,7,1.0,3
141,Kids,2,3,1,8,1.0,3
141,Kids,2,3,1,9,1.0,3
141,Kids,3,4,1,1,0.75,4
141,Kids,3,4,1,2,0.5,4
141,Kids,3,4,1,3,0.25,4
141,Kids,3,4,1,4,0.5,4
141,Kids,3,4,1,5,0.5,4
141,Kids,3,4,1,6,0.5,4
141,Kids,3,4,1,7,0.75,4
141,Kids,3,4,1,8,0.75,4
141,Kids,3,4,1,9,0.75,4
141,Kids,4,5,1,1,0.6,5
141,Kids,4,5,1,2,0.4,5
141,Kids,4,5,1,3,0.8,5
141,Kids,4,5,1,4,0.8,5
141,Kids,4,5,1,5,1.0,5
141,Kids,4,5,1,6,0.8,5
141,Kids,4,5,1,7,0.8,5
141,Kids,4,5,1,8,0.8,5
141,Kids,4,5,1,9,0.6,5
141,Kids,5,3,2,1,0.3333333333333333,3
141,Kids,5,3,2,2,1.0,3
141,Kids,5,3,2,3,1.0,3
141,Kids,5,3,2,4,1.0,3
141,Kids,5,3,2,5,0.6666666666666666,3
141,Kids,5,3,2,6,1.0,3
141,Kids,5,3,2,7,1.0,3
141,Kids,5,3,2,8,1.0,3
141,Kids,5,3,2,9,1.0,3
141,Kids,6,5,2,1,0.4,5
141,Kids,6,5,2,2,0.4,5
141,Kids,6,5,2,3,0.6,5
141,Kids,6,5,2,4,0.4,5
141,Kids,6,5,2,5,0.4,5
141,Kids,6,5,2,6,0.4,5
141,Kids,6,5,2,7,0.6,5
141,Kids,6,5,2,8,0.4,5
141,Kids,6,5,2,9,0.2,5
141,Kids,7,2,2,1,0.5,2
141,Kids,7,2,2,2,1.0,2
141,Kids,7,2,2,3,1.0,2
141,Kids,7,2,2,4,1.0,2
141,Kids,7,2,2,5,1.0,2
141,Kids,7,2,2,6,1.0,2
141,Kids,7,2,2,7,1.0,2
141,Kids,7,2,2,8,1.0,2
141,Kids,7,2,2,9,1.0,2
141,Kids,8,3,3,1,0.3333333333333333,3
141,Kids,8,3,3,2,0.3333333333333333,3
141,Kids,8,3,3,3,1.0,3
141,Kids,8,3,3,4,1.0,3
141,Kids,8,3,3,5,1.0,3
141,Kids,8,3,3,6,0.3333333333333333,3
141,Kids,8,3,3,7,1.0,3
141,Kids,8,3,3,8,1.0,3
141,Kids,8,3,3,9,0.3333333333333333,3
141,Kids,9,4,2,1,0.25,4
141,Kids,9,4,2,2,0.5,4
141,Kids,9,4,2,3,0.25,4
141,Kids,9,4,2,4,0.5,4
141,Kids,9,4,2,5,0.5,4
141,Kids,9,4,2,6,0.5,4
141,Kids,9,4,2,7,0.0,4
141,Kids,9,4,2,8,0.25,4
141,Kids,9,4,2,9,0.5,4
141,Kids,10,5,3,1,0.0,5
141,Kids,10,5,3,2,0.6,5
141,Kids,10,5,3,3,0.8,5
141,Kids,10,5,3,4,0.4,5
141,Kids,10,5,3,5,0.8,5
141,Kids,10,5,3,6,0.6,5
141,Kids,10,5,3,7,0.8,5
141,Kids,10,5,3,8,0.8,5
141,Kids,10,5,3,9,0.6,5
142,Kids,1,2,1,1,0.5,2
142,Kids,1,2,1,2,1.0,2
142,Kids,1,2,1,3,1.0,2
142,Kids,1,2,1,4,0.0,1
142,Kids,1,2,1,5,1.0,2
142,Kids,1,2,1,6,1.0,2
142,Kids,1,2,1,7,0.0,2
142,Kids,1,2,1,8,0.5,2
142,Kids,1,2,1,9,1.0,2
142,Kids,2,3,1,1,0.0,3
142,Kids,2,3,1,2,0.6666666666666666,3
142,Kids,2,3,1,3,1.0,3
142,Kids,2,3,1,4,0.6666666666666666,3
142,Kids,2,3,1,5,0.6666666666666666,3
142,Kids,2,3,1,6,1.0,3
142,Kids,2,3,1,7,0.6666666666666666,3
142,Kids,2,3,1,8,1.0,3
142,Kids,2,3,1,9,1.0,3
142,Kids,3,5,1,1,0.4,5
142,Kids,3,5,1,2,0.6,5
142,Kids,3,5,1,3,0.8,5
142,Kids,3,5,1,4,1.0,5
142,Kids,3,5,1,5,0.8,5
142,Kids,3,5,1,6,1.0,5
142,Kids,3,5,1,7,1.0,5
142,Kids,3,5,1,8,1.0,5
142,Kids,3,5,1,9,1.0,5
142,Kids,4,4,1,1,0.25,4
142,Kids,4,4,1,2,0.75,4
142,Kids,4,4,1,3,1.0,4
142,Kids,4,4,1,4,1.0,4
142,Kids,4,4,1,5,1.0,4
142,Kids,4,4,1,6,0.75,4
142,Kids,4,4,1,7,1.0,4
142,Kids,4,4,1,8,1.0,4
142,Kids,4,4,1,9,1.0,4
142,Kids,5,3,2,1,0.3333333333333333,3
142,Kids,5,3,2,2,0.3333333333333333,3
142,Kids,5,3,2,3,1.0,3
142,Kids,5,3,2,4,1.0,3
142,Kids,5,3,2,5,0.6666666666666666,3
142,Kids,5,3,2,6,0.6666666666666666,3
142,Kids,5,3,2,7,1.0,3
142,Kids,5,3,2,8,0.6666666666666666,3
142,Kids,5,3,2,9,1.0,3
142,Kids,6,5,2,1,0.4,5
142,Kids,6,5,2,2,0.6,5
142,Kids,6,5,2,3,0.8,5
142,Kids,6,5,2,4,0.8,5
142,Kids,6,5,2,5,0.8,5
142,Kids,6,5,2,6,1.0,5
142,Kids,6,5,2,7,0.8,5
142,Kids,6,5,2,8,1.0,5
142,Kids,6,5,2,9,1.0,5
142,Kids,7,2,2,1,1.0,2
142,Kids,7,2,2,2,1.0,2
142,Kids,7,2,2,3,1.0,2
142,Kids,7,2,2,4,1.0,2
142,Kids,7,2,2,5,0.5,2
142,Kids,7,2,2,6,1.0,2
142,Kids,7,2,2,7,1.0,2
142,Kids,7,2,2,8,1.0,2
142,Kids,7,2,2,9,1.0,2
142,Kids,8,3,3,1,0.3333333333333333,3
142,Kids,8,3,3,2,0.3333333333333333,3
142,Kids,8,3,3,3,1.0,3
142,Kids,8,3,3,4,1.0,3
142,Kids,8,3,3,5,1.0,3
142,Kids,8,3,3,6,1.0,3
142,Kids,8,3,3,7,1.0,3
142,Kids,8,3,3,8,1.0,3
142,Kids,8,3,3,9,1.0,3
142,Kids,9,5,3,1,0.2,5
142,Kids,9,5,3,2,0.8,5
142,Kids,9,5,3,3,1.0,5
142,Kids,9,5,3,4,0.8,5
142,Kids,9,5,3,5,0.8,5
142,Kids,9,5,3,6,0.8,5
142,Kids,9,5,3,7,0.8,5
142,Kids,9,5,3,8,1.0,5
142,Kids,9,5,3,9,0.8,5
142,Kids,10,4,2,1,0.5,4
142,Kids,10,4,2,2,0.25,4
142,Kids,10,4,2,3,1.0,4
142,Kids,10,4,2,4,1.0,4
142,Kids,10,4,2,5,1.0,4
142,Kids,10,4,2,6,1.0,4
142,Kids,10,4,2,7,1.0,4
142,Kids,10,4,2,8,1.0,4
142,Kids,10,4,2,9,1.0,4
143,Kids,1,2,1,1,0.5,2
143,Kids,1,2,1,2,1.0,2
143,Kids,1,2,1,3,1.0,2
143,Kids,1,2,1,4,0.5,2
143,Kids,1,2,1,5,1.0,2
143,Kids,1,2,1,6,1.0,2
143,Kids,1,2,1,7,1.0,2
143,Kids,1,2,1,8,1.0,2
143,Kids,1,2,1,9,1.0,2
143,Kids,2,3,1,1,0.3333333333333333,3
143,Kids,2,3,1,2,0.3333333333333333,3
143,Kids,2,3,1,3,0.3333333333333333,3
143,Kids,2,3,1,4,0.6666666666666666,3
143,Kids,2,3,1,5,1.0,3
143,Kids,2,3,1,6,1.0,3
143,Kids,2,3,1,7,1.0,3
143,Kids,2,3,1,8,0.6666666666666666,3
143,Kids,2,3,1,9,1.0,3
143,Kids,3,5,1,1,0.2,5
143,Kids,3,5,1,2,0.6,5
143,Kids,3,5,1,3,0.8,5
143,Kids,3,5,1,4,0.6,5
143,Kids,3,5,1,5,1.0,5
143,Kids,3,5,1,6,0.4,5
143,Kids,3,5,1,7,0.6,5
143,Kids,3,5,1,8,0.4,5
143,Kids,3,5,1,9,0.8,5
143,Kids,4,4,1,1,0.25,4
143,Kids,4,4,1,2,0.75,4
143,Kids,4,4,1,3,1.0,4
143,Kids,4,4,1,4,0.75,4
143,Kids,4,4,1,5,1.0,4
143,Kids,4,4,1,6,1.0,4
143,Kids,4,4,1,7,1.0,4
143,Kids,4,4,1,8,1.0,4
143,Kids,4,4,1,9,0.5,4
143,Kids,5,3,2,1,0.3333333333333333,3
143,Kids,5,3,2,2,0.6666666666666666,3
143,Kids,5,3,2,3,1.0,3
143,Kids,5,3,2,4,1.0,3
143,Kids,5,3,2,5,0.6666666666666666,3
143,Kids,5,3,2,6,0.6666666666666666,3
143,Kids,5,3,2,7,0.6666666666666666,3
143,Kids,5,3,2,8,0.6666666666666666,3
143,Kids,5,3,2,9,0.6666666666666666,3
143,Kids,6,5,2,1,0.2,5
143,Kids,6,5,2,2,0.6,5
143,Kids,6,5,2,3,1.0,5
143,Kids,6,5,2,4,1.0,5
143,Kids,6,5,2,5,1.0,5
143,Kids,6,5,2,6,1.0,5
143,Kids,6,5,2,7,1.0,5
143,Kids,6,5,2,8,1.0,5
143,Kids,6,5,2,9,1.0,5
143,Kids,7,2,2,1,0.5,2
143,Kids,7,2,2,2,1.0,2
143,Kids,7,2,2,3,1.0,2
143,Kids,7,2,2,4,1.0,2
143,Kids,7,2,2,5,1.0,2
143,Kids,7,2,2,6,1.0,2
143,Kids,7,2,2,7,1.0,2
143,Kids,7,2,2,8,1.0,2
143,Kids,7,2,2,9,1.0,2
143,Kids,8,3,3,1,0.3333333333333333,3
143,Kids,8,3,3,2,1.0,3
143,Kids,8,3,3,3,1.0,3
143,Kids,8,3,3,4,0.6666666666666666,3
143,Kids,8,3,3,5,1.0,3
143,Kids,8,3,3,6,1.0,3
143,Kids,8,3,3,7,0.6666666666666666,3
143,Kids,8,3,3,8,1.0,3
143,Kids,8,3,3,9,1.0,3
143,Kids,9,5,3,1,0.2,5
143,Kids,9,5,3,2,0.8,5
143,Kids,9,5,3,3,0.4,5
143,Kids,9,5,3,4,0.2,5
143,Kids,9,5,3,5,0.4,5
143,Kids,9,5,3,6,0.2,5
143,Kids,9,5,3,7,0.25,4
143,Kids,9,5,3,8,0.4,5
143,Kids,9,5,3,9,0.25,4
143,Kids,10,4,2,1,0.0,4
143,Kids,10,4,2,2,0.25,4
143,Kids,10,4,2,3,0.25,4
143,Kids,10,4,2,4,0.0,4
143,Kids,10,4,2,5,0.75,4
143,Kids,10,4,2,6,0.5,4
143,Kids,10,4,2,7,0.5,4
143,Kids,10,4,2,8,0.75,4
143,Kids,10,4,2,9,1.0,4
144,Kids,1,2,1,1,0.0,2
144,Kids,1,2,1,2,0.5,2
144,Kids,1,2,1,3,1.0,2
144,Kids,1,2,1,4,1.0,2
144,Kids,1,2,1,5,1.0,2
144,Kids,1,2,1,6,1.0,2
144,Kids,1,2,1,7,1.0,2
144,Kids,1,2,1,8,1.0,2
144,Kids,1,2,1,9,1.0,2
144,Kids,2,3,1,1,0.3333333333333333,3
144,Kids,2,3,1,2,0.3333333333333333,3
144,Kids,2,3,1,3,0.3333333333333333,3
144,Kids,2,3,1,4,0.3333333333333333,3
144,Kids,2,3,1,5,1.0,3
144,Kids,2,3,1,6,1.0,3
144,Kids,2,3,1,7,1.0,3
144,Kids,2,3,1,8,1.0,3
144,Kids,2,3,1,9,1.0,3
144,Kids,3,5,1,1,0.2,5
144,Kids,3,5,1,2,0.2,5
144,Kids,3,5,1,3,0.2,5
144,Kids,3,5,1,4,0.6,5
144,Kids,3,5,1,5,0.8,5
144,Kids,3,5,1,6,1.0,5
144,Kids,3,5,1,7,1.0,5
144,Kids,3,5,1,8,0.8,5
144,Kids,3,5,1,9,0.75,4
144,Kids,4,4,1,1,0.75,4
144,Kids,4,4,1,2,1.0,4
144,Kids,4,4,1,3,1.0,4
144,Kids,4,4,1,4,1.0,4
144,Kids,4,4,1,5,1.0,4
144,Kids,4,4,1,6,1.0,4
144,Kids,4,4,1,7,1.0,4
144,Kids,4,4,1,8,1.0,4
144,Kids,4,4,1,9,1.0,4
144,Kids,5,3,2,1,0.3333333333333333,3
144,Kids,5,3,2,2,0.3333333333333333,3
144,Kids,5,3,2,3,0.6666666666666666,3
144,Kids,5,3,2,4,1.0,3
144,Kids,5,3,2,5,1.0,3
144,Kids,5,3,2,6,1.0,3
144,Kids,5,3,2,7,1.0,3
144,Kids,5,3,2,8,1.0,3
144,Kids,5,3,2,9,1.0,3
144,Kids,6,5,2,1,0.2,5
144,Kids,6,5,2,2,0.8,5
144,Kids,6,5,2,3,0.8,5
144,Kids,6,5,2,4,1.0,5
144,Kids,6,5,2,5,1.0,5
144,Kids,6,5,2,6,1.0,5
144,Kids,6,5,2,7,1.0,5
144,Kids,6,5,2,8,1.0,5
144,Kids,6,5,2,9,1.0,5
144,Kids,7,2,2,1,1.0,2
144,Kids,7,2,2,2,1.0,2
144,Kids,7,2,2,3,0.5,2
144,Kids,7,2,2,4,1.0,2
144,Kids,7,2,2,5,0.0,1
144,Kids,7,2,2,6,1.0,2
144,Kids,7,2,2,7,1.0,2
144,Kids,7,2,2,8,1.0,2
144,Kids,7,2,2,9,1.0,2
144,Kids,8,3,3,1,0.0,3
144,Kids,8,3,3,2,0.3333333333333333,3
144,Kids,8,3,3,3,1.0,3
144,Kids,8,3,3,4,1.0,3
144,Kids,8,3,3,5,1.0,3
144,Kids,8,3,3,6,1.0,3
144,Kids,8,3,3,7,1.0,3
144,Kids,8,3,3,8,1.0,3
144,Kids,8,3,3,9,1.0,3
144,Kids,9,5,3,1,0.6,5
144,Kids,9,5,3,2,0.6,5
144,Kids,9,5,3,3,0.2,5
144,Kids,9,5,3,4,0.6,5
144,Kids,9,5,3,5,0.6,5
144,Kids,9,5,3,6,0.8,5
144,Kids,9,5,3,7,0.6,5
144,Kids,9,5,3,8,1.0,5
144,Kids,9,5,3,9,0.8,5
144,Kids,10,4,2,1,0.25,4
144,Kids,10,4,2,2,1.0,4
144,Kids,10,4,2,3,0.75,4
144,Kids,10,4,2,4,1.0,4
144,Kids,10,4,2,5,1.0,4
144,Kids,10,4,2,6,1.0,4
144,Kids,10,4,2,7,0.75,4
144,Kids,10,4,2,8,1.0,4
144,Kids,10,4,2,9,1.0,4
145,Kids,1,2,1,1,0.0,2
145,Kids,1,2,1,2,0.0,2
145,Kids,1,2,1,3,1.0,2
145,Kids,1,2,1,4,1.0,2
145,Kids,1,2,1,5,1.0,2
145,Kids,1,2,1,6,1.0,2
145,Kids,1,2,1,7,1.0,2
145,Kids,1,2,1,8,1.0,2
145,Kids,1,2,1,9,0.5,2
145,Kids,2,3,1,1,0.6666666666666666,3
145,Kids,2,3,1,2,0.6666666666666666,3
145,Kids,2,3,1,3,1.0,3
145,Kids,2,3,1,4,1.0,3
145,Kids,2,3,1,5,0.6666666666666666,3
145,Kids,2,3,1,6,1.0,3
145,Kids,2,3,1,7,1.0,3
145,Kids,2,3,1,8,1.0,3
145,Kids,2,3,1,9,1.0,3
145,Kids,3,4,1,1,0.25,4
145,Kids,3,4,1,2,0.5,4
145,Kids,3,4,1,3,0.5,4
145,Kids,3,4,1,4,0.75,4
145,Kids,3,4,1,5,1.0,4
145,Kids,3,4,1,6,1.0,4
145,Kids,3,4,1,7,1.0,4
145,Kids,3,4,1,8,1.0,4
145,Kids,3,4,1,9,1.0,4
145,Kids,4,5,1,1,0.6,5
145,Kids,4,5,1,2,0.4,5
145,Kids,4,5,1,3,0.8,5
145,Kids,4,5,1,4,0.8,5
145,Kids,4,5,1,5,0.8,5
145,Kids,4,5,1,6,1.0,5
145,Kids,4,5,1,7,1.0,5
145,Kids,4,5,1,8,1.0,5
145,Kids,4,5,1,9,1.0,5
145,Kids,5,3,2,1,0.0,3
145,Kids,5,3,2,2,0.3333333333333333,3
145,Kids,5,3,2,3,1.0,3
145,Kids,5,3,2,4,1.0,3
145,Kids,5,3,2,5,1.0,3
145,Kids,5,3,2,6,1.0,3
145,Kids,5,3,2,7,1.0,3
145,Kids,5,3,2,8,1.0,3
145,Kids,5,3,2,9,1.0,3
145,Kids,6,5,2,1,0.0,5
145,Kids,6,5,2,2,0.6,5
145,Kids,6,5,2,3,0.2,5
145,Kids,6,5,2,4,0.8,5
145,Kids,6,5,2,5,0.8,5
145,Kids,6,5,2,6,1.0,5
145,Kids,6,5,2,7,0.8,5
145,Kids,6,5,2,8,1.0,5
145,Kids,6,5,2,9,0.8,5
145,Kids,7,2,2,1,0.0,2
145,Kids,7,2,2,2,0.0,2
145,Kids,7,2,2,3,0.5,2
145,Kids,7,2,2,4,1.0,2
145,Kids,7,2,2,5,0.5,2
145,Kids,7,2,2,6,1.0,2
145,Kids,7,2,2,7,1.0,2
145,Kids,7,2,2,8,1.0,2
145,Kids,7,2,2,9,1.0,2
145,Kids,8,3,3,1,0.3333333333333333,3
145,Kids,8,3,3,2,0.0,3
145,Kids,8,3,3,3,0.3333333333333333,3
145,Kids,8,3,3,4,1.0,3
145,Kids,8,3,3,5,1.0,3
145,Kids,8,3,3,6,0.0,3
145,Kids,8,3,3,7,0.3333333333333333,3
145,Kids,8,3,3,8,0.6666666666666666,3
145,Kids,8,3,3,9,0.6666666666666666,3
145,Kids,9,4,2,1,0.0,4
145,Kids,9,4,2,2,0.75,4
145,Kids,9,4,2,3,0.75,4
145,Kids,9,4,2,4,1.0,4
145,Kids,9,4,2,5,1.0,4
145,Kids,9,4,2,6,1.0,4
145,Kids,9,4,2,7,1.0,4
145,Kids,9,4,2,8,1.0,4
145,Kids,9,4,2,9,1.0,4
145,Kids,10,5,3,1,0.4,5
145,Kids,10,5,3,2,0.6,5
145,Kids,10,5,3,3,0.8,5
145,Kids,10,5,3,4,0.8,5
145,Kids,10,5,3,5,1.0,5
145,Kids,10,5,3,6,1.0,5
145,Kids,10,5,3,7,1.0,5
145,Kids,10,5,3,8,1.0,5
145,Kids,10,5,3,9,1.0,5
146,Kids,1,2,1,1,0.0,2
146,Kids,1,2,1,2,0.5,2
146,Kids,1,2,1,3,1.0,2
146,Kids,1,2,1,4,1.0,2
146,Kids,1,2,1,5,1.0,2
146,Kids,1,2,1,6,1.0,2
146,Kids,1,2,1,7,1.0,2
146,Kids,1,2,1,8,1.0,2
146,Kids,1,2,1,9,1.0,2
146,Kids,2,3,1,1,0.0,3
146,Kids,2,3,1,2,0.6666666666666666,3
146,Kids,2,3,1,3,0.6666666666666666,3
146,Kids,2,3,1,4,0.6666666666666666,3
146,Kids,2,3,1,5,1.0,3
146,Kids,2,3,1,6,0.6666666666666666,3
146,Kids,2,3,1,7,1.0,3
146,Kids,2,3,1,8,1.0,3
146,Kids,2,3,1,9,1.0,3
146,Kids,3,4,1,1,0.75,4
146,Kids,3,4,1,2,0.5,4
146,Kids,3,4,1,3,0.5,4
146,Kids,3,4,1,4,1.0,4
146,Kids,3,4,1,5,1.0,4
146,Kids,3,4,1,6,0.75,4
146,Kids,3,4,1,7,1.0,4
146,Kids,3,4,1,8,1.0,4
146,Kids,3,4,1,9,1.0,4
146,Kids,4,5,1,1,0.4,5
146,Kids,4,5,1,2,0.4,5
146,Kids,4,5,1,3,0.6,5
146,Kids,4,5,1,4,0.2,5
146,Kids,4,5,1,5,0.8,5
146,Kids,4,5,1,6,0.8,5
146,Kids,4,5,1,7,0.6,5
146,Kids,4,5,1,8,0.6,5
146,Kids,4,5,1,9,1.0,5
146,Kids,5,3,2,1,0.0,3
146,Kids,5,3,2,2,0.0,3
146,Kids,5,3,2,3,0.3333333333333333,3
146,Kids,5,3,2,4,1.0,3
146,Kids,5,3,2,5,1.0,3
146,Kids,5,3,2,6,1.0,3
146,Kids,5,3,2,7,1.0,3
146,Kids,5,3,2,8,1.0,3
146,Kids,5,3,2,9,0.6666666666666666,3
146,Kids,6,5,2,1,0.8,5
146,Kids,6,5,2,2,0.8,5
146,Kids,6,5,2,3,0.4,5
146,Kids,6,5,2,4,0.4,5
146,Kids,6,5,2,5,0.8,5
146,Kids,6,5,2,6,0.8,5
146,Kids,6,5,2,7,0.8,5
146,Kids,6,5,2,8,1.0,5
146,Kids,6,5,2,9,0.8,5
146,Kids,7,2,2,1,1.0,2
146,Kids,7,2,2,2,1.0,2
146,Kids,7,2,2,3,1.0,2
146,Kids,7,2,2,4,1.0,2
146,Kids,7,2,2,5,1.0,2
146,Kids,7,2,2,6,1.0,2
146,Kids,7,2,2,7,1.0,2
146,Kids,7,2,2,8,1.0,2
146,Kids,7,2,2,9,1.0,2
146,Kids,8,3,3,1,0.3333333333333333,3
146,Kids,8,3,3,2,1.0,3
146,Kids,8,3,3,3,1.0,3
146,Kids,8,3,3,4,0.6666666666666666,3
146,Kids,8,3,3,5,1.0,3
146,Kids,8,3,3,6,0.5,2
146,Kids,8,3,3,7,1.0,3
146,Kids,8,3,3,8,1.0,3
146,Kids,8,3,3,9,1.0,3
146,Kids,9,4,2,1,0.0,4
146,Kids,9,4,2,2,0.5,4
146,Kids,9,4,2,3,0.25,4
146,Kids,9,4,2,4,0.5,4
146,Kids,9,4,2,5,0.75,4
146,Kids,9,4,2,6,1.0,4
146,Kids,9,4,2,7,1.0,4
146,Kids,9,4,2,8,1.0,4
146,Kids,9,4,2,9,1.0,4
146,Kids,10,5,3,1,0.0,5
146,Kids,10,5,3,2,0.4,5
146,Kids,10,5,3,3,0.2,5
146,Kids,10,5,3,4,0.6,5
146,Kids,10,5,3,5,0.8,5
146,Kids,10,5,3,6,0.2,5
146,Kids,10,5,3,7,0.6,5
146,Kids,10,5,3,8,0.8,5
146,Kids,10,5,3,9,0.6,5
147,Kids,1,2,1,1,0.0,2
147,Kids,1,2,1,2,0.5,2
147,Kids,1,2,1,3,0.5,2
147,Kids,1,2,1,4,0.5,2
147,Kids,1,2,1,5,1.0,2
147,Kids,1,2,1,6,1.0,2
147,Kids,1,2,1,7,0.5,2
147,Kids,1,2,1,8,1.0,2
147,Kids,1,2,1,9,1.0,2
147,Kids,2,3,1,1,0.6666666666666666,3
147,Kids,2,3,1,2,0.6666666666666666,3
147,Kids,2,3,1,3,0.6666666666666666,3
147,Kids,2,3,1,4,0.6666666666666666,3
147,Kids,2,3,1,5,1.0,3
147,Kids,2,3,1,6,1.0,3
147,Kids,2,3,1,7,1.0,3
147,Kids,2,3,1,8,1.0,3
147,Kids,2,3,1,9,1.0,3
147,Kids,3,4,1,1,0.0,4
147,Kids,3,4,1,2,0.75,4
147,Kids,3,4,1,3,0.25,4
147,Kids,3,4,1,4,0.0,4
147,Kids,3,4,1,5,0.25,4
147,Kids,3,4,1,6,0.5,4
147,Kids,3,4,1,7,0.25,4
147,Kids,3,4,1,8,0.25,4
147,Kids,3,4,1,9,0.25,4
147,Kids,4,5,1,1,0.4,5
147,Kids,4,5,1,2,0.6,5
147,Kids,4,5,1,3,0.8,5
147,Kids,4,5,1,4,0.6,5
147,Kids,4,5,1,5,0.8,5
147,Kids,4,5,1,6,1.0,5
147,Kids,4,5,1,7,1.0,5
147,Kids,4,5,1,8,1.0,5
147,Kids,4,5,1,9,1.0,5
147,Kids,5,3,2,1,0.3333333333333333,3
147,Kids,5,3,2,2,0.0,3
147,Kids,5,3,2,3,1.0,3
147,Kids,5,3,2,4,1.0,3
147,Kids,5,3,2,5,1.0,3
147,Kids,5,3,2,6,0.6666666666666666,3
147,Kids,5,3,2,7,1.0,3
147,Kids,5,3,2,8,1.0,3
147,Kids,5,3,2,9,1.0,3
147,Kids,6,5,2,1,0.0,5
147,Kids,6,5,2,2,0.0,5
147,Kids,6,5,2,3,0.2,5
147,Kids,6,5,2,4,0.8,5
147,Kids,6,5,2,5,0.8,5
147,Kids,6,5,2,6,0.8,5
147,Kids,6,5,2,7,1.0,5
147,Kids,6,5,2,8,1.0,5
147,Kids,6,5,2,9,0.8,5
147,Kids,7,2,2,1,0.0,2
147,Kids,7,2,2,2,0.5,2
147,Kids,7,2,2,3,1.0,2
147,Kids,7,2,2,4,1.0,2
147,Kids,7,2,2,5,1.0,2
147,Kids,7,2,2,6,1.0,2
147,Kids,7,2,2,7,1.0,2
147,Kids,7,2,2,8,1.0,2
147,Kids,7,2,2,9,1.0,2
147,Kids,8,3,3,1,0.3333333333333333,3
147,Kids,8,3,3,2,0.6666666666666666,3
147,Kids,8,3,3,3,1.0,3
147,Kids,8,3,3,4,1.0,3
147,Kids,8,3,3,5,1.0,3
147,Kids,8,3,3,6,1.0,3
147,Kids,8,3,3,7,1.0,3
147,Kids,8,3,3,8,1.0,3
147,Kids,8,3,3,9,1.0,3
147,Kids,9,4,2,1,0.25,4
147,Kids,9,4,2,2,0.75,4
147,Kids,9,4,2,3,0.75,4
147,Kids,9,4,2,4,0.75,4
147,Kids,9,4,2,5,1.0,4
147,Kids,9,4,2,6,1.0,4
147,Kids,9,4,2,7,1.0,4
147,Kids,9,4,2,8,0.75,4
147,Kids,9,4,2,9,1.0,4
147,Kids,10,5,3,1,0.6,5
147,Kids,10,5,3,2,0.6,5
147,Kids,10,5,3,3,0.6,5
147,Kids,10,5,3,4,0.8,5
147,Kids,10,5,3,5,0.8,5
147,Kids,10,5,3,6,0.6,5
147,Kids,10,5,3,7,1.0,5
147,Kids,10,5,3,8,1.0,5
147,Kids,10,5,3,9,1.0,5
148,Teens,1,2,1,1,0.0,2
148,Teens,1,2,1,2,0.5,2
148,Teens,1,2,1,3,1.0,2
148,Teens,1,2,1,4,1.0,2
148,Teens,1,2,1,5,0.5,2
148,Teens,1,2,1,6,1.0,2
148,Teens,1,2,1,7,1.0,2
148,Teens,1,2,1,8,1.0,2
148,Teens,1,2,1,9,1.0,2
148,Teens,2,4,1,1,0.0,4
148,Teens,2,4,1,2,0.0,4
148,Teens,2,4,1,3,0.0,4
148,Teens,2,4,1,4,0.75,4
148,Teens,2,4,1,5,1.0,4
148,Teens,2,4,1,6,0.75,4
148,Teens,2,4,1,7,1.0,4
148,Teens,2,4,1,8,1.0,4
148,Teens,2,4,1,9,1.0,4
148,Teens,3,3,1,1,0.3333333333333333,3
148,Teens,3,3,1,2,0.3333333333333333,3
148,Teens,3,3,1,3,0.6666666666666666,3
148,Teens,3,3,1,4,1.0,3
148,Teens,3,3,1,5,1.0,3
148,Teens,3,3,1,6,1.0,3
148,Teens,3,3,1,7,1.0,3
148,Teens,3,3,1,8,1.0,3
148,Teens,3,3,1,9,0.6666666666666666,3
148,Teens,4,5,1,1,0.0,5
148,Teens,4,5,1,2,0.2,5
148,Teens,4,5,1,3,0.0,5
148,Teens,4,5,1,4,0.2,5
148,Teens,4,5,1,5,0.6,5
148,Teens,4,5,1,6,1.0,5
148,Teens,4,5,1,7,1.0,5
148,Teens,4,5,1,8,1.0,5
148,Teens,4,5,1,9,1.0,5
148,Teens,5,3,2,1,0.3333333333333333,3
148,Teens,5,3,2,2,0.6666666666666666,3
148,Teens,5,3,2,3,1.0,3
148,Teens,5,3,2,4,1.0,3
148,Teens,5,3,2,5,1.0,3
148,Teens,5,3,2,6,1.0,3
148,Teens,5,3,2,7,1.0,3
148,Teens,5,3,2,8,1.0,3
148,Teens,5,3,2,9,1.0,3
148,Teens,6,5,2,1,0.4,5
148,Teens,6,5,2,2,0.6,5
148,Teens,6,5,2,3,1.0,5
148,Teens,6,5,2,4,0.8,5
148,Teens,6,5,2,5,0.8,5
148,Teens,6,5,2,6,1.0,5
148,Teens,6,5,2,7,1.0,5
148,Teens,6,5,2,8,1.0,5
148,Teens,6,5,2,9,1.0,5
148,Teens,7,2,2,1,0.5,2
148,Teens,7,2,2,2,0.5,2
148,Teens,7,2,2,3,0.5,2
148,Teens,7,2,2,4,1.0,2
148,Teens,7,2,2,5,1.0,2
148,Teens,7,2,2,6,1.0,2
148,Teens,7,2,2,7,1.0,2
148,Teens,7,2,2,8,1.0,2
148,Teens,7,2,2,9,1.0,2
148,Teens,8,4,2,1,0.25,4
148,Teens,8,4,2,2,0.5,4
148,Teens,8,4,2,3,0.5,4
148,Teens,8,4,2,4,0.5,4
148,Teens,8,4,2,5,0.5,4
148,Teens,8,4,2,6,0.75,4
148,Teens,8,4,2,7,1.0,4
148,Teens,8,4,2,8,1.0,4
148,Teens,8,4,2,9,0.75,4
148,Teens,9,3,3,1,0.3333333333333333,3
148,Teens,9,3,3,2,0.3333333333333333,3
148,Teens,9,3,3,3,0.6666666666666666,3
148,Teens,9,3,3,4,0.6666666666666666,3
148,Teens,9,3,3,5,0.3333333333333333,3
148,Teens,9,3,3,6,1.0,3
148,Teens,9,3,3,7,1.0,3
148,Teens,9,3,3,8,1.0,3
148,Teens,9,3,3,9,1.0,3
148,Teens,10,5,3,1,0.2,5
148,Teens,10,5,3,2,0.4,5
148,Teens,10,5,3,3,1.0,5
148,Teens,10,5,3,4,0.8,5
148,Teens,10,5,3,5,1.0,5
148,Teens,10,5,3,6,1.0,5
148,Teens,10,5,3,7,1.0,5
148,Teens,10,5,3,8,1.0,5
148,Teens,10,5,3,9,1.0,5
149,Kids,1,2,1,1,0.0,2
149,Kids,1,2,1,2,1.0,2
149,Kids,1,2,1,3,1.0,2
149,Kids,1,2,1,4,0.5,2
149,Kids,1,2,1,5,1.0,2
149,Kids,1,2,1,6,1.0,2
149,Kids,1,2,1,7,1.0,2
149,Kids,1,2,1,8,1.0,2
149,Kids,1,2,1,9,1.0,2
149,Kids,2,3,1,1,0.3333333333333333,3
149,Kids,2,3,1,2,0.6666666666666666,3
149,Kids,2,3,1,3,0.3333333333333333,3
149,Kids,2,3,1,4,0.6666666666666666,3
149,Kids,2,3,1,5,0.6666666666666666,3
149,Kids,2,3,1,6,1.0,3
149,Kids,2,3,1,7,1.0,3
149,Kids,2,3,1,8,1.0,3
149,Kids,2,3,1,9,1.0,3
149,Kids,3,4,1,1,0.25,4
149,Kids,3,4,1,2,0.75,4
149,Kids,3,4,1,3,0.25,4
149,Kids,3,4,1,4,0.75,4
149,Kids,3,4,1,5,0.5,4
149,Kids,3,4,1,6,0.5,4
149,Kids,3,4,1,7,0.5,4
149,Kids,3,4,1,8,0.0,4
149,Kids,3,4,1,9,0.25,4
149,Kids,4,5,1,1,0.0,5
149,Kids,4,5,1,2,0.2,5
149,Kids,4,5,1,3,0.4,5
149,Kids,4,5,1,4,0.4,5
149,Kids,4,5,1,5,0.6,5
149,Kids,4,5,1,6,0.6,5
149,Kids,4,5,1,7,1.0,5
149,Kids,4,5,1,8,0.6,5
149,Kids,4,5,1,9,0.8,5
149,Kids,5,3,2,1,0.3333333333333333,3
149,Kids,5,3,2,2,1.0,3
149,Kids,5,3,2,3,1.0,3
149,Kids,5,3,2,4,1.0,3
149,Kids,5,3,2,5,0.6666666666666666,3
149,Kids,5,3,2,6,1.0,3
149,Kids,5,3,2,7,1.0,3
149,Kids,5,3,2,8,1.0,3
149,Kids,5,3,2,9,0.6666666666666666,3
149,Kids,6,5,2,1,0.4,5
149,Kids,6,5,2,2,0.6,5
149,Kids,6,5,2,3,0.4,5
149,Kids,6,5,2,4,0.4,5
149,Kids,6,5,2,5,0.8,5
149,Kids,6,5,2,6,0.8,5
149,Kids,6,5,2,7,1.0,5
149,Kids,6,5,2,8,1.0,5
149,Kids,6,5,2,9,1.0,5
149,Kids,7,2,2,1,0.5,2
149,Kids,7,2,2,2,0.5,2
149,Kids,7,2,2,3,1.0,2
149,Kids,7,2,2,4,1.0,2
149,Kids,7,2,2,5,1.0,2
149,Kids,7,2,2,6,1.0,2
149,Kids,7,2,2,7,1.0,2
149,Kids,7,2,2,8,1.0,2
149,Kids,7,2,2,9,1.0,2
149,Kids,8,3,3,1,0.3333333333333333,3
149,Kids,8,3,3,2,0.6666666666666666,3
149,Kids,8,3,3,3,1.0,3
149,Kids,8,3,3,4,1.0,3
149,Kids,8,3,3,5,1.0,3
149,Kids,8,3,3,6,1.0,3
149,Kids,8,3,3,7,1.0,3
149,Kids,8,3,3,8,1.0,3
149,Kids,8,3,3,9,1.0,3
149,Kids,9,4,2,1,0.5,4
149,Kids,9,4,2,2,0.5,4
149,Kids,9,4,2,3,1.0,4
149,Kids,9,4,2,4,1.0,4
149,Kids,9,4,2,5,0.75,4
149,Kids,9,4,2,6,1.0,4
149,Kids,9,4,2,7,1.0,4
149,Kids,9,4,2,8,1.0,4
149,Kids,9,4,2,9,1.0,4
149,Kids,10,5,3,1,0.4,5
149,Kids,10,5,3,2,1.0,5
149,Kids,10,5,3,3,0.6,5
149,Kids,10,5,3,4,0.8,5
149,Kids,10,5,3,5,1.0,5
149,Kids,10,5,3,6,0.8,5
149,Kids,10,5,3,7,0.8,5
149,Kids,10,5,3,8,0.8,5
149,Kids,10,5,3,9,0.8,5
150,Kids,1,2,1,1,0.5,2
150,Kids,1,2,1,2,1.0,2
150,Kids,1,2,1,3,1.0,2
150,Kids,1,2,1,4,1.0,2
150,Kids,1,2,1,5,1.0,2
150,Kids,1,2,1,6,1.0,2
150,Kids,1,2,1,7,1.0,2
150,Kids,1,2,1,8,1.0,2
150,Kids,1,2,1,9,1.0,2
150,Kids,2,3,1,1,0.3333333333333333,3
150,Kids,2,3,1,2,0.6666666666666666,3
150,Kids,2,3,1,3,0.6666666666666666,3
150,Kids,2,3,1,4,1.0,3
150,Kids,2,3,1,5,1.0,3
150,Kids,2,3,1,6,1.0,3
150,Kids,2,3,1,7,1.0,3
150,Kids,2,3,1,8,1.0,3
150,Kids,2,3,1,9,1.0,3
150,Kids,3,4,1,1,0.5,4
150,Kids,3,4,1,2,0.5,4
150,Kids,3,4,1,3,0.75,4
150,Kids,3,4,1,4,1.0,4
150,Kids,3,4,1,5,1.0,4
150,Kids,3,4,1,6,1.0,4
150,Kids,3,4,1,7,1.0,4
150,Kids,3,4,1,8,1.0,4
150,Kids,3,4,1,9,1.0,4
150,Kids,4,5,1,1,0.8,5
150,Kids,4,5,1,2,1.0,5
150,Kids,4,5,1,3,1.0,5
150,Kids,4,5,1,4,1.0,5
150,Kids,4,5,1,5,1.0,5
150,Kids,4,5,1,6,1.0,5
150,Kids,4,5,1,7,1.0,5
150,Kids,4,5,1,8,1.0,5
150,Kids,4,5,1,9,1.0,5
150,Kids,5,3,2,1,0.6666666666666666,3
150,Kids,5,3,2,2,0.6666666666666666,3
150,Kids,5,3,2,3,1.0,3
150,Kids,5,3,2,4,1.0,3
150,Kids,5,3,2,5,1.0,3
150,Kids,5,3,2,6,1.0,3
150,Kids,5,3,2,7,1.0,3
150,Kids,5,3,2,8,1.0,3
150,Kids,5,3,2,9,1.0,3
150,Kids,6,5,2,1,0.6,5
150,Kids,6,5,2,2,0.6,5
150,Kids,6,5,2,3,0.6,5
150,Kids,6,5,2,4,1.0,5
150,Kids,6,5,2,5,0.8,5
150,Kids,6,5,2,6,1.0,5
150,Kids,6,5,2,7,1.0,5
150,Kids,6,5,2,8,1.0,5
150,Kids,6,5,2,9,1.0,5
150,Kids,7,2,2,1,0.5,2
150,Kids,7,2,2,2,1.0,2
150,Kids,7,2,2,3,1.0,2
150,Kids,7,2,2,4,1.0,2
150,Kids,7,2,2,5,1.0,2
150,Kids,7,2,2,6,1.0,2
150,Kids,7,2,2,7,1.0,2
150,Kids,7,2,2,8,1.0,2
150,Kids,7,2,2,9,1.0,2
150,Kids,8,3,3,1,0.3333333333333333,3
150,Kids,8,3,3,2,0.6666666666666666,3
150,Kids,8,3,3,3,0.6666666666666666,3
150,Kids,8,3,3,4,0.6666666666666666,3
150,Kids,8,3,3,5,1.0,3
150,Kids,8,3,3,6,1.0,3
150,Kids,8,3,3,7,1.0,3
150,Kids,8,3,3,8,1.0,3
150,Kids,8,3,3,9,1.0,3
150,Kids,9,4,2,1,0.0,4
150,Kids,9,4,2,2,0.5,4
150,Kids,9,4,2,3,1.0,4
150,Kids,9,4,2,4,1.0,4
150,Kids,9,4,2,5,1.0,4
150,Kids,9,4,2,6,0.75,4
150,Kids,9,4,2,7,1.0,4
150,Kids,9,4,2,8,0.75,4
150,Kids,9,4,2,9,1.0,4
150,Kids,10,5,3,1,0.4,5
150,Kids,10,5,3,2,0.6,5
150,Kids,10,5,3,3,0.4,5
150,Kids,10,5,3,4,0.8,5
150,Kids,10,5,3,5,1.0,5
150,Kids,10,5,3,6,1.0,5
150,Kids,10,5,3,7,1.0,5
150,Kids,10,5,3,8,1.0,5
150,Kids,10,5,3,9,1.0,5
151,Kids,1,2,1,1,0.5,2
151,Kids,1,2,1,2,0.5,2
151,Kids,1,2,1,3,1.0,2
151,Kids,1,2,1,4,1.0,2
151,Kids,1,2,1,5,1.0,2
151,Kids,1,2,1,6,1.0,2
151,Kids,1,2,1,7,1.0,2
151,Kids,1,2,1,8,0.5,2
151,Kids,1,2,1,9,1.0,2
151,Kids,2,3,1,1,0.3333333333333333,3
151,Kids,2,3,1,2,0.6666666666666666,3
151,Kids,2,3,1,3,1.0,3
151,Kids,2,3,1,4,0.6666666666666666,3
151,Kids,2,3,1,5,1.0,3
151,Kids,2,3,1,6,1.0,3
151,Kids,2,3,1,7,1.0,3
151,Kids,2,3,1,8,1.0,3
151,Kids,2,3,1,9,1.0,3
151,Kids,3,4,1,1,0.5,4
151,Kids,3,4,1,2,0.5,4
151,Kids,3,4,1,3,0.75,4
151,Kids,3,4,1,4,1.0,4
151,Kids,3,4,1,5,1.0,4
151,Kids,3,4,1,6,1.0,4
151,Kids,3,4,1,7,1.0,4
151,Kids,3,4,1,8,1.0,4
151,Kids,3,4,1,9,1.0,4
151,Kids,4,5,1,1,0.6,5
151,Kids,4,5,1,2,0.6,5
151,Kids,4,5,1,3,0.6,5
151,Kids,4,5,1,4,1.0,5
151,Kids,4,5,1,5,0.8,5
151,Kids,4,5,1,6,1.0,5
151,Kids,4,5,1,7,1.0,5
151,Kids,4,5,1,8,0.75,4
151,Kids,4,5,1,9,1.0,5
151,Kids,5,3,2,1,0.6666666666666666,3
151,Kids,5,3,2,2,1.0,3
151,Kids,5,3,2,3,1.0,3
151,Kids,5,3,2,4,1.0,3
151,Kids,5,3,2,5,1.0,3
151,Kids,5,3,2,6,1.0,3
151,Kids,5,3,2,7,1.0,3
151,Kids,5,3,2,8,1.0,3
151,Kids,5,3,2,9,1.0,3
151,Kids,6,5,2,1,0.2,5
151,Kids,6,5,2,2,0.4,5
151,Kids,6,5,2,3,0.4,5
151,Kids,6,5,2,4,0.4,5
151,Kids,6,5,2,5,0.5,4
151,Kids,6,5,2,6,0.6666666666666666,3
151,Kids,6,5,2,7,0.4,5
151,Kids,6,5,2,8,0.4,5
151,Kids,6,5,2,9,0.4,5
151,Kids,7,2,2,1,0.5,2
151,Kids,7,2,2,2,0.5,2
151,Kids,7,2,2,3,1.0,2
151,Kids,7,2,2,4,1.0,2
151,Kids,7,2,2,5,1.0,2
151,Kids,7,2,2,6,1.0,2
151,Kids,7,2,2,7,1.0,2
151,Kids,7,2,2,8,1.0,2
151,Kids,7,2,2,9,1.0,2
151,Kids,8,3,3,1,0.0,3
151,Kids,8,3,3,2,0.0,3
151,Kids,8,3,3,3,1.0,3
151,Kids,8,3,3,4,1.0,3
151,Kids,8,3,3,5,0.6666666666666666,3
151,Kids,8,3,3,6,1.0,3
151,Kids,8,3,3,7,1.0,3
151,Kids,8,3,3,8,1.0,3
151,Kids,8,3,3,9,1.0,3
151,Kids,9,4,2,1,0.75,4
151,Kids,9,4,2,2,1.0,4
151,Kids,9,4,2,3,1.0,4
151,Kids,9,4,2,4,0.75,4
151,Kids,9,4,2,5,1.0,4
151,Kids,9,4,2,6,1.0,4
151,Kids,9,4,2,7,1.0,4
151,Kids,9,4,2,8,1.0,4
151,Kids,9,4,2,9,1.0,4
151,Kids,10,5,3,1,0.2,5
151,Kids,10,5,3,2,0.4,5
151,Kids,10,5,3,3,0.4,5
151,Kids,10,5,3,4,1.0,5
151,Kids,10,5,3,5,1.0,5
151,Kids,10,5,3,6,1.0,5
151,Kids,10,5,3,7,1.0,5
151,Kids,10,5,3,8,1.0,5
151,Kids,10,5,3,9,1.0,5
152,Teens,1,2,1,1,0.0,2
152,Teens,1,2,1,2,0.0,2
152,Teens,1,2,1,3,0.5,2
152,Teens,1,2,1,4,0.5,2
152,Teens,1,2,1,5,1.0,2
152,Teens,1,2,1,6,1.0,2
152,Teens,1,2,1,7,1.0,2
152,Teens,1,2,1,8,0.5,2
152,Teens,1,2,1,9,1.0,2
152,Teens,2,3,1,1,0.0,3
152,Teens,2,3,1,2,0.3333333333333333,3
152,Teens,2,3,1,3,0.3333333333333333,3
152,Teens,2,3,1,4,0.3333333333333333,3
152,Teens,2,3,1,5,0.6666666666666666,3
152,Teens,2,3,1,6,1.0,3
152,Teens,2,3,1,7,1.0,3
152,Teens,2,3,1,8,0.3333333333333333,3
152,Teens,2,3,1,9,1.0,3
152,Teens,3,5,1,1,0.0,5
152,Teens,3,5,1,2,0.4,5
152,Teens,3,5,1,3,0.2,5
152,Teens,3,5,1,4,0.6,5
152,Teens,3,5,1,5,0.8,5
152,Teens,3,5,1,6,0.4,5
152,Teens,3,5,1,7,0.4,5
152,Teens,3,5,1,8,0.4,5
152,Teens,3,5,1,9,0.6,5
152,Teens,4,4,1,1,0.0,4
152,Teens,4,4,1,2,0.25,4
152,Teens,4,4,1,3,0.5,4
152,Teens,4,4,1,4,0.75,4
152,Teens,4,4,1,5,0.25,4
152,Teens,4,4,1,6,0.25,4
152,Teens,4,4,1,7,0.5,4
152,Teens,4,4,1,8,0.75,4
152,Teens,4,4,1,9,0.0,4
152,Teens,5,3,2,1,0.0,3
152,Teens,5,3,2,2,0.6666666666666666,3
152,Teens,5,3,2,3,0.6666666666666666,3
152,Teens,5,3,2,4,0.6666666666666666,3
152,Teens,5,3,2,5,1.0,3
152,Teens,5,3,2,6,0.6666666666666666,3
152,Teens,5,3,2,7,1.0,3
152,Teens,5,3,2,8,1.0,3
152,Teens,5,3,2,9,1.0,3
152,Teens,6,5,2,1,0.4,5
152,Teens,6,5,2,2,0.8,5
152,Teens,6,5,2,3,0.4,5
152,Teens,6,5,2,4,0.2,5
152,Teens,6,5,2,5,0.4,5
152,Teens,6,5,2,6,0.6,5
152,Teens,6,5,2,7,0.8,5
152,Teens,6,5,2,8,0.8,5
152,Teens,6,5,2,9,0.8,5
152,Teens,7,2,2,1,0.0,2
152,Teens,7,2,2,2,0.5,2
152,Teens,7,2,2,3,1.0,2
152,Teens,7,2,2,4,1.0,2
152,Teens,7,2,2,5,1.0,2
152,Teens,7,2,2,6,1.0,2
152,Teens,7,2,2,7,1.0,2
152,Teens,7,2,2,8,1.0,2
152,Teens,7,2,2,9,1.0,2
152,Teens,8,3,3,1,0.3333333333333333,3
152,Teens,8,3,3,2,0.3333333333333333,3
152,Teens,8,3,3,3,0.6666666666666666,3
152,Teens,8,3,3,4,1.0,3
152,Teens,8,3,3,5,1.0,3
152,Teens,8,3,3,6,1.0,3
152,Teens,8,3,3,7,1.0,3
152,Teens,8,3,3,8,1.0,3
152,Teens,8,3,3,9,1.0,3
152,Teens,9,5,3,1,0.4,5
152,Teens,9,5,3,2,0.2,5
152,Teens,9,5,3,3,0.4,5
152,Teens,9,5,3,4,0.4,5
152,Teens,9,5,3,5,0.2,5
152,Teens,9,5,3,6,0.6,5
152,Teens,9,5,3,7,0.6,5
152,Teens,9,5,3,8,0.4,5
152,Teens,9,5,3,9,0.8,5
152,Teens,10,4,2,1,0.25,4
152,Teens,10,4,2,2,0.75,4
152,Teens,10,4,2,3,0.5,4
152,Teens,10,4,2,4,0.0,4
152,Teens,10,4,2,5,0.5,4
152,Teens,10,4,2,6,0.5,4
152,Teens,10,4,2,7,0.5,4
152,Teens,10,4,2,8,0.25,4
152,Teens,10,4,2,9,0.25,4
153,Kids,1,2,1,1,1.0,2
153,Kids,1,2,1,2,1.0,2
153,Kids,1,2,1,3,1.0,2
153,Kids,1,2,1,4,1.0,2
153,Kids,1,2,1,5,1.0,2
153,Kids,1,2,1,6,1.0,2
153,Kids,1,2,1,7,0.5,2
153,Kids,1,2,1,8,1.0,2
153,Kids,1,2,1,9,1.0,2
153,Kids,2,3,1,1,0.3333333333333333,3
153,Kids,2,3,1,2,0.6666666666666666,3
153,Kids,2,3,1,3,1.0,3
153,Kids,2,3,1,4,1.0,3
153,Kids,2,3,1,5,1.0,3
153,Kids,2,3,1,6,1.0,3
153,Kids,2,3,1,7,1.0,3
153,Kids,2,3,1,8,1.0,3
153,Kids,2,3,1,9,1.0,3
153,Kids,3,5,1,1,0.4,5
153,Kids,3,5,1,2,0.6,5
153,Kids,3,5,1,3,0.4,5
153,Kids,3,5,1,4,0.8,5
153,Kids,3,5,1,5,0.8,5
153,Kids,3,5,1,6,0.8,5
153,Kids,3,5,1,7,0.8,5
153,Kids,3,5,1,8,0.8,5
153,Kids,3,5,1,9,1.0,5
153,Kids,4,4,1,1,0.25,4
153,Kids,4,4,1,2,0.5,4
153,Kids,4,4,1,3,0.75,4
153,Kids,4,4,1,4,0.75,4
153,Kids,4,4,1,5,0.5,4
153,Kids,4,4,1,6,0.5,4
153,Kids,4,4,1,7,0.75,4
153,Kids,4,4,1,8,0.5,4
153,Kids,4,4,1,9,1.0,4
153,Kids,5,3,2,1,0.0,3
153,Kids,5,3,2,2,0.3333333333333333,3
153,Kids,5,3,2,3,1.0,3
153,Kids,5,3,2,4,1.0,3
153,Kids,5,3,2,5,1.0,3
153,Kids,5,3,2,6,1.0,3
153,Kids,5,3,2,7,1.0,3
153,Kids,5,3,2,8,1.0,3
153,Kids,5,3,2,9,0.6666666666666666,3
153,Kids,6,5,2,1,0.4,5
153,Kids,6,5,2,2,0.8,5
153,Kids,6,5,2,3,0.6,5
153,Kids,6,5,2,4,0.4,5
153,Kids,6,5,2,5,0.6,5
153,Kids,6,5,2,6,1.0,5
153,Kids,6,5,2,7,0.8,5
153,Kids,6,5,2,8,0.8,5
153,Kids,6,5,2,9,1.0,5
153,Kids,7,2,2,1,0.0,2
153,Kids,7,2,2,2,0.0,2
153,Kids,7,2,2,3,0.0,2
153,Kids,7,2,2,4,0.5,2
153,Kids,7,2,2,5,1.0,2
153,Kids,7,2,2,6,1.0,2
153,Kids,7,2,2,7,1.0,2
153,Kids,7,2,2,8,1.0,2
153,Kids,7,2,2,9,1.0,2
153,Kids,8,3,3,1,0.3333333333333333,3
153,Kids,8,3,3,2,1.0,3
153,Kids,8,3,3,3,1.0,3
153,Kids,8,3,3,4,1.0,3
153,Kids,8,3,3,5,0.6666666666666666,3
153,Kids,8,3,3,6,0.6666666666666666,3
153,Kids,8,3,3,7,0.6666666666666666,3
153,Kids,8,3,3,8,1.0,3
153,Kids,8,3,3,9,1.0,3
153,Kids,9,5,3,1,0.0,5
153,Kids,9,5,3,2,0.2,5
153,Kids,9,5,3,3,0.2,5
153,Kids,9,5,3,4,0.4,5
153,Kids,9,5,3,5,0.6,5
153,Kids,9,5,3,6,0.8,5
153,Kids,9,5,3,7,1.0,5
153,Kids,9,5,3,8,0.4,5
153,Kids,9,5,3,9,0.8,5
153,Kids,10,4,2,1,0.5,4
153,Kids,10,4,2,2,0.75,4
153,Kids,10,4,2,3,0.5,4
153,Kids,10,4,2,4,0.5,4
153,Kids,10,4,2,5,1.0,4
153,Kids,10,4,2,6,1.0,4
153,Kids,10,4,2,7,1.0,4
153,Kids,10,4,2,8,1.0,4
153,Kids,10,4,2,9,1.0,4
154,Teens,1,2,1,1,0.0,2
154,Teens,1,2,1,2,0.5,2
154,Teens,1,2,1,3,1.0,2
154,Teens,1,2,1,4,1.0,2
154,Teens,1,2,1,5,1.0,2
154,Teens,1,2,1,6,0.5,2
154,Teens,1,2,1,7,1.0,2
154,Teens,1,2,1,8,1.0,2
154,Teens,1,2,1,9,1.0,2
154,Teens,2,3,1,1,0.3333333333333333,3
154,Teens,2,3,1,2,0.6666666666666666,3
154,Teens,2,3,1,3,0.6666666666666666,3
154,Teens,2,3,1,4,1.0,3
154,Teens,2,3,1,5,1.0,3
154,Teens,2,3,1,6,1.0,3
154,Teens,2,3,1,7,1.0,3
154,Teens,2,3,1,8,1.0,3
154,Teens,2,3,1,9,1.0,3
154,Teens,3,5,1,1,0.8,5
154,Teens,3,5,1,2,0.4,5
154,Teens,3,5,1,3,0.2,5
154,Teens,3,5,1,4,0.6,5
154,Teens,3,5,1,5,0.4,5
154,Teens,3,5,1,6,1.0,5
154,Teens,3,5,1,7,0.8,5
154,Teens,3,5,1,8,1.0,5
154,Teens,3,5,1,9,1.0,5
154,Teens,4,4,1,1,0.75,4
154,Teens,4,4,1,2,0.75,4
154,Teens,4,4,1,3,0.5,4
154,Teens,4,4,1,4,1.0,4
154,Teens,4,4,1,5,1.0,4
154,Teens,4,4,1,6,1.0,4
154,Teens,4,4,1,7,1.0,4
154,Teens,4,4,1,8,1.0,4
154,Teens,4,4,1,9,1.0,4
154,Teens,5,3,2,1,0.6666666666666666,3
154,Teens,5,3,2,2,1.0,3
154,Teens,5,3,2,3,1.0,3
154,Teens,5,3,2,4,0.6666666666666666,3
154,Teens,5,3,2,5,1.0,3
154,Teens,5,3,2,6,1.0,3
154,Teens,5,3,2,7,1.0,3
154,Teens,5,3,2,8,1.0,3
154,Teens,5,3,2,9,1.0,3
154,Teens,6,5,2,1,0.4,5
154,Teens,6,5,2,2,0.4,5
154,Teens,6,5,2,3,0.6,5
154,Teens,6,5,2,4,1.0,5
154,Teens,6,5,2,5,1.0,5
154,Teens,6,5,2,6,0.8,5
154,Teens,6,5,2,7,1.0,5
154,Teens,6,5,2,8,1.0,5
154,Teens,6,5,2,9,1.0,5
154,Teens,7,2,2,1,1.0,2
154,Teens,7,2,2,2,1.0,2
154,Teens,7,2,2,3,1.0,2
154,Teens,7,2,2,4,1.0,2
154,Teens,7,2,2,5,1.0,2
154,Teens,7,2,2,6,1.0,2
154,Teens,7,2,2,7,1.0,2
154,Teens,7,2,2,8,1.0,2
154,Teens,7,2,2,9,0.5,2
154,Teens,8,3,3,1,0.6666666666666666,3
154,Teens,8,3,3,2,1.0,3
154,Teens,8,3,3,3,1.0,3
154,Teens,8,3,3,4,1.0,3
154,Teens,8,3,3,5,1.0,3
154,Teens,8,3,3,6,1.0,3
154,Teens,8,3,3,7,1.0,3
154,Teens,8,3,3,8,1.0,3
154,Teens,8,3,3,9,1.0,3
154,Teens,9,5,3,1,0.0,5
154,Teens,9,5,3,2,0.6,5
154,Teens,9,5,3,3,0.8,5
154,Teens,9,5,3,4,0.8,5
154,Teens,9,5,3,5,1.0,5
154,Teens,9,5,3,6,1.0,5
154,Teens,9,5,3,7,1.0,5
154,Teens,9,5,3,8,1.0,5
154,Teens,9,5,3,9,1.0,5
154,Teens,10,4,2,1,0.25,4
154,Teens,10,4,2,2,0.25,4
154,Teens,10,4,2,3,0.5,4
154,Teens,10,4,2,4,0.75,4
154,Teens,10,4,2,5,0.5,4
154,Teens,10,4,2,6,0.5,4
154,Teens,10,4,2,7,0.5,4
154,Teens,10,4,2,8,0.75,4
154,Teens,10,4,2,9,1.0,4
155,Kids,1,2,1,1,0.5,2
155,Kids,1,2,1,2,1.0,2
155,Kids,1,2,1,3,1.0,2
155,Kids,1,2,1,4,0.5,2
155,Kids,1,2,1,5,1.0,2
155,Kids,1,2,1,6,1.0,2
155,Kids,1,2,1,7,1.0,2
155,Kids,1,2,1,8,1.0,2
155,Kids,1,2,1,9,1.0,2
155,Kids,2,3,1,1,0.3333333333333333,3
155,Kids,2,3,1,2,0.3333333333333333,3
155,Kids,2,3,1,3,0.0,3
155,Kids,2,3,1,4,0.6666666666666666,3
155,Kids,2,3,1,5,1.0,3
155,Kids,2,3,1,6,1.0,3
155,Kids,2,3,1,7,1.0,3
155,Kids,2,3,1,8,1.0,3
155,Kids,2,3,1,9,1.0,3
155,Kids,3,4,1,1,0.5,4
155,Kids,3,4,1,2,0.25,4
155,Kids,3,4,1,3,0.25,4
155,Kids,3,4,1,4,0.75,4
155,Kids,3,4,1,5,1.0,4
155,Kids,3,4,1,6,0.75,4
155,Kids,3,4,1,7,1.0,4
155,Kids,3,4,1,8,1.0,4
155,Kids,3,4,1,9,1.0,4
155,Kids,4,5,1,1,0.0,5
155,Kids,4,5,1,2,0.6,5
155,Kids,4,5,1,3,0.4,5
155,Kids,4,5,1,4,0.2,5
155,Kids,4,5,1,5,0.6,5
155,Kids,4,5,1,6,0.8,5
155,Kids,4,5,1,7,0.8,5
155,Kids,4,5,1,8,0.6,5
155,Kids,4,5,1,9,0.4,5
155,Kids,5,3,2,1,0.3333333333333333,3
155,Kids,5,3,2,2,0.3333333333333333,3
155,Kids,5,3,2,3,1.0,3
155,Kids,5,3,2,4,1.0,3
155,Kids,5,3,2,5,1.0,3
155,Kids,5,3,2,6,1.0,3
155,Kids,5,3,2,7,1.0,3
155,Kids,5,3,2,8,1.0,3
155,Kids,5,3,2,9,1.0,3
155,Kids,6,5,2,1,0.4,5
155,Kids,6,5,2,2,0.4,5
155,Kids,6,5,2,3,0.6,5
155,Kids,6,5,2,4,0.8,5
155,Kids,6,5,2,5,0.8,5
155,Kids,6,5,2,6,1.0,5
155,Kids,6,5,2,7,0.8,5
155,Kids,6,5,2,8,1.0,5
155,Kids,6,5,2,9,0.8,5
155,Kids,7,2,2,1,0.0,2
155,Kids,7,2,2,2,1.0,2
155,Kids,7,2,2,3,1.0,2
155,Kids,7,2,2,4,1.0,2
155,Kids,7,2,2,5,1.0,2
155,Kids,7,2,2,6,1.0,2
155,Kids,7,2,2,7,1.0,2
155,Kids,7,2,2,8,1.0,2
155,Kids,7,2,2,9,1.0,2
155,Kids,8,3,3,1,0.0,3
155,Kids,8,3,3,2,0.0,3
155,Kids,8,3,3,3,0.3333333333333333,3
155,Kids,8,3,3,4,1.0,3
155,Kids,8,3,3,5,1.0,3
155,Kids,8,3,3,6,1.0,3
155,Kids,8,3,3,7,1.0,3
155,Kids,8,3,3,8,1.0,3
155,Kids,8,3,3,9,1.0,3
155,Kids,9,4,2,1,0.25,4
155,Kids,9,4,2,2,0.5,4
155,Kids,9,4,2,3,0.75,4
155,Kids,9,4,2,4,1.0,4
155,Kids,9,4,2,5,1.0,4
155,Kids,9,4,2,6,0.75,4
155,Kids,9,4,2,7,1.0,4
155,Kids,9,4,2,8,1.0,4
155,Kids,9,4,2,9,1.0,4
155,Kids,10,5,3,1,0.0,5
155,Kids,10,5,3,2,0.2,5
155,Kids,10,5,3,3,0.2,5
155,Kids,10,5,3,4,0.6,5
155,Kids,10,5,3,5,0.8,5
155,Kids,10,5,3,6,0.6,5
155,Kids,10,5,3,7,0.6,5
155,Kids,10,5,3,8,0.6,5
155,Kids,10,5,3,9,0.4,5
156,Kids,1,2,1,1,0.5,2
156,Kids,1,2,1,2,0.5,2
156,Kids,1,2,1,3,0.5,2
156,Kids,1,2,1,4,1.0,2
156,Kids,1,2,1,5,1.0,2
156,Kids,1,2,1,6,1.0,2
156,Kids,1,2,1,7,1.0,2
156,Kids,1,2,1,8,1.0,2
156,Kids,1,2,1,9,1.0,2
156,Kids,2,3,1,1,0.6666666666666666,3
156,Kids,2,3,1,2,0.6666666666666666,3
156,Kids,2,3,1,3,0.6666666666666666,3
156,Kids,2,3,1,4,1.0,3
156,Kids,2,3,1,5,1.0,3
156,Kids,2,3,1,6,1.0,3
156,Kids,2,3,1,7,1.0,3
156,Kids,2,3,1,8,1.0,3
156,Kids,2,3,1,9,1.0,3
156,Kids,3,4,1,1,0.75,4
156,Kids,3,4,1,2,0.75,4
156,Kids,3,4,1,3,0.75,4
156,Kids,3,4,1,4,1.0,4
156,Kids,3,4,1,5,1.0,4
156,Kids,3,4,1,6,1.0,4
156,Kids,3,4,1,7,0.75,4
156,Kids,3,4,1,8,1.0,4
156,Kids,3,4,1,9,1.0,4
156,Kids,4,5,1,1,0.2,5
156,Kids,4,5,1,2,0.8,5
156,Kids,4,5,1,3,0.6,5
156,Kids,4,5,1,4,1.0,5
156,Kids,4,5,1,5,0.8,5
156,Kids,4,5,1,6,1.0,5
156,Kids,4,5,1,7,0.6,5
156,Kids,4,5,1,8,1.0,5
156,Kids,4,5,1,9,0.8,5
156,Kids,5,3,2,1,0.5,2
156,Kids,5,3,2,2,1.0,3
156,Kids,5,3,2,3,1.0,3
156,Kids,5,3,2,4,1.0,3
156,Kids,5,3,2,5,1.0,3
156,Kids,5,3,2,6,1.0,3
156,Kids,5,3,2,7,1.0,3
156,Kids,5,3,2,8,1.0,3
156,Kids,5,3,2,9,1.0,3
156,Kids,6,5,2,1,0.6,5
156,Kids,6,5,2,2,0.4,5
156,Kids,6,5,2,3,0.8,5
156,Kids,6,5,2,4,0.8,5
156,Kids,6,5,2,5,1.0,5
156,Kids,6,5,2,6,1.0,5
156,Kids,6,5,2,7,1.0,5
156,Kids,6,5,2,8,1.0,5
156,Kids,6,5,2,9,0.8,5
156,Kids,7,2,2,1,0.5,2
156,Kids,7,2,2,2,1.0,2
156,Kids,7,2,2,3,1.0,2
156,Kids,7,2,2,4,1.0,2
156,Kids,7,2,2,5,1.0,2
156,Kids,7,2,2,6,1.0,2
156,Kids,7,2,2,7,0.5,2
156,Kids,7,2,2,8,1.0,2
156,Kids,7,2,2,9,1.0,2
156,Kids,8,3,3,1,0.0,3
156,Kids,8,3,3,2,0.3333333333333333,3
156,Kids,8,3,3,3,0.6666666666666666,3
156,Kids,8,3,3,4,1.0,3
156,Kids,8,3,3,5,1.0,3
156,Kids,8,3,3,6,1.0,3
156,Kids,8,3,3,7,1.0,3
156,Kids,8,3,3,8,0.6666666666666666,3
156,Kids,8,3,3,9,1.0,3
156,Kids,9,4,2,1,0.0,4
156,Kids,9,4,2,2,0.25,4
156,Kids,9,4,2,3,0.5,4
156,Kids,9,4,2,4,0.75,4
156,Kids,9,4,2,5,0.5,4
156,Kids,9,4,2,6,1.0,4
156,Kids,9,4,2,7,1.0,4
156,Kids,9,4,2,8,1.0,4
156,Kids,9,4,2,9,1.0,4
156,Kids,10,5,3,1,0.2,5
156,Kids,10,5,3,2,0.4,5
156,Kids,10,5,3,3,0.6,5
156,Kids,10,5,3,4,0.6,5
156,Kids,10,5,3,5,0.8,5
156,Kids,10,5,3,6,0.4,5
156,Kids,10,5,3,7,0.6,5
156,Kids,10,5,3,8,0.4,5
156,Kids,10,5,3,9,0.4,5
157,Kids,1,2,1,1,0.0,2
157,Kids,1,2,1,2,0.5,2
157,Kids,1,2,1,3,1.0,2
157,Kids,1,2,1,4,0.5,2
157,Kids,1,2,1,5,1.0,2
157,Kids,1,2,1,6,1.0,2
157,Kids,1,2,1,7,1.0,2
157,Kids,1,2,1,8,1.0,2
157,Kids,1,2,1,9,1.0,2
157,Kids,2,3,1,1,0.0,3
157,Kids,2,3,1,2,0.0,3
157,Kids,2,3,1,3,0.0,3
157,Kids,2,3,1,4,0.6666666666666666,3
157,Kids,2,3,1,5,0.6666666666666666,3
157,Kids,2,3,1,6,0.6666666666666666,3
157,Kids,2,3,1,7,1.0,3
157,Kids,2,3,1,8,1.0,3
157,Kids,2,3,1,9,1.0,3
157,Kids,3,4,1,1,0.25,4
157,Kids,3,4,1,2,0.25,4
157,Kids,3,4,1,3,0.25,4
157,Kids,3,4,1,4,0.5,4
157,Kids,3,4,1,5,0.5,4
157,Kids,3,4,1,6,0.25,4
157,Kids,3,4,1,7,0.5,4
157,Kids,3,4,1,8,0.75,4
157,Kids,3,4,1,9,0.5,4
157,Kids,4,5,1,1,0.4,5
157,Kids,4,5,1,2,0.4,5
157,Kids,4,5,1,3,1.0,5
157,Kids,4,5,1,4,0.4,5
157,Kids,4,5,1,5,1.0,5
157,Kids,4,5,1,6,0.8,5
157,Kids,4,5,1,7,1.0,5
157,Kids,4,5,1,8,1.0,5
157,Kids,4,5,1,9,1.0,5
157,Kids,5,3,2,1,0.3333333333333333,3
157,Kids,5,3,2,2,0.6666666666666666,3
157,Kids,5,3,2,3,0.6666666666666666,3
157,Kids,5,3,2,4,1.0,3
157,Kids,5,3,2,5,1.0,3
157,Kids,5,3,2,6,0.6666666666666666,3
157,Kids,5,3,2,7,1.0,3
157,Kids,5,3,2,8,1.0,3
157,Kids,5,3,2,9,1.0,3
157,Kids,6,5,2,1,0.4,5
157,Kids,6,5,2,2,0.25,4
157,Kids,6,5,2,3,0.2,5
157,Kids,6,5,2,4,0.6,5
157,Kids,6,5,2,5,0.8,5
157,Kids,6,5,2,6,1.0,5
157,Kids,6,5,2,7,1.0,5
157,Kids,6,5,2,8,1.0,5
157,Kids,6,5,2,9,1.0,5
157,Kids,7,2,2,1,0.0,2
157,Kids,7,2,2,2,0.5,2
157,Kids,7,2,2,3,1.0,2
157,Kids,7,2,2,4,0.5,2
157,Kids,7,2,2,5,1.0,2
157,Kids,7,2,2,6,1.0,2
157,Kids,7,2,2,7,1.0,2
157,Kids,7,2,2,8,1.0,2
157,Kids,7,2,2,9,0.5,2
157,Kids,8,3,3,1,0.3333333333333333,3
157,Kids,8,3,3,2,0.0,3
157,Kids,8,3,3,3,0.3333333333333333,3
157,Kids,8,3,3,4,0.3333333333333333,3
157,Kids,8,3,3,5,0.3333333333333333,3
157,Kids,8,3,3,6,0.6666666666666666,3
157,Kids,8,3,3,7,0.6666666666666666,3
157,Kids,8,3,3,8,1.0,3
157,Kids,8,3,3,9,1.0,3
157,Kids,9,4,2,1,0.25,4
157,Kids,9,4,2,2,0.75,4
157,Kids,9,4,2,3,0.5,4
157,Kids,9,4,2,4,0.5,4
157,Kids,9,4,2,5,0.75,4
157,Kids,9,4,2,6,0.75,4
157,Kids,9,4,2,7,1.0,4
157,Kids,9,4,2,8,1.0,4
157,Kids,9,4,2,9,1.0,4
157,Kids,10,5,3,1,0.4,5
157,Kids,10,5,3,2,0.6,5
157,Kids,10,5,3,3,0.8,5
157,Kids,10,5,3,4,0.6,5
157,Kids,10,5,3,5,0.6,5
157,Kids,10,5,3,6,1.0,5
157,Kids,10,5,3,7,1.0,5
157,Kids,10,5,3,8,1.0,5
157,Kids,10,5,3,9,1.0,5
158,Kids,1,2,1,1,1.0,2
158,Kids,1,2,1,2,1.0,2
158,Kids,1,2,1,3,1.0,2
158,Kids,1,2,1,4,0.5,2
158,Kids,1,2,1,5,1.0,2
158,Kids,1,2,1,6,1.0,2
158,Kids,1,2,1,7,1.0,2
158,Kids,1,2,1,8,1.0,2
158,Kids,1,2,1,9,0.5,2
158,Kids,2,4,1,1,1.0,4
158,Kids,2,4,1,2,0.75,4
158,Kids,2,4,1,3,1.0,4
158,Kids,2,4,1,4,1.0,4
158,Kids,2,4,1,5,1.0,4
158,Kids,2,4,1,6,1.0,4
158,Kids,2,4,1,7,1.0,4
158,Kids,2,4,1,8,1.0,4
158,Kids,2,4,1,9,1.0,4
158,Kids,3,3,1,1,1.0,3
158,Kids,3,3,1,2,1.0,3
158,Kids,3,3,1,3,1.0,3
158,Kids,3,3,1,4,0.6666666666666666,3
158,Kids,3,3,1,5,1.0,3
158,Kids,3,3,1,6,1.0,3
158,Kids,3,3,1,7,1.0,3
158,Kids,3,3,1,8,1.0,3
158,Kids,3,3,1,9,1.0,3
158,Kids,4,5,1,1,0.2,5
158,Kids,4,5,1,2,0.6,5
158,Kids,4,5,1,3,0.8,5
158,Kids,4,5,1,4,0.6,5
158,Kids,4,5,1,5,1.0,5
158,Kids,4,5,1,6,1.0,5
158,Kids,4,5,1,7,0.8,5
158,Kids,4,5,1,8,0.8,5
158,Kids,4,5,1,9,1.0,5
158,Kids,5,3,2,1,0.3333333333333333,3
158,Kids,5,3,2,2,1.0,3
158,Kids,5,3,2,3,1.0,3
158,Kids,5,3,2,4,0.6666666666666666,3
158,Kids,5,3,2,5,1.0,3
158,Kids,5,3,2,6,1.0,3
158,Kids,5,3,2,7,0.6666666666666666,3
158,Kids,5,3,2,8,1.0,3
158,Kids,5,3,2,9,1.0,3
158,Kids,6,5,2,1,0.6,5
158,Kids,6,5,2,2,0.6,5
158,Kids,6,5,2,3,0.6,5
158,Kids,6,5,2,4,0.8,5
158,Kids,6,5,2,5,1.0,5
158,Kids,6,5,2,6,0.8,5
158,Kids,6,5,2,7,0.8,5
158,Kids,6,5,2,8,0.8,5
158,Kids,6,5,2,9,1.0,5
158,Kids,7,2,2,1,0.0,2
158,Kids,7,2,2,2,0.5,2
158,Kids,7,2,2,3,1.0,2
158,Kids,7,2,2,4,0.5,2
158,Kids,7,2,2,5,1.0,2
158,Kids,7,2,2,6,1.0,2
158,Kids,7,2,2,7,0.5,2
158,Kids,7,2,2,8,0.5,2
158,Kids,7,2,2,9,1.0,2
158,Kids,8,4,2,1,0.25,4
158,Kids,8,4,2,2,0.25,4
158,Kids,8,4,2,3,1.0,4
158,Kids,8,4,2,4,0.5,4
158,Kids,8,4,2,5,1.0,4
158,Kids,8,4,2,6,0.75,4
158,Kids,8,4,2,7,0.5,4
158,Kids,8,4,2,8,1.0,4
158,Kids,8,4,2,9,0.75,4
158,Kids,9,3,3,1,0.3333333333333333,3
158,Kids,9,3,3,2,0.6666666666666666,3
158,Kids,9,3,3,3,1.0,3
158,Kids,9,3,3,4,1.0,3
158,Kids,9,3,3,5,0.6666666666666666,3
158,Kids,9,3,3,6,1.0,3
158,Kids,9,3,3,7,1.0,3
158,Kids,9,3,3,8,1.0,3
158,Kids,9,3,3,9,1.0,3
158,Kids,10,5,3,1,0.4,5
158,Kids,10,5,3,2,0.4,5
158,Kids,10,5,3,3,1.0,5
158,Kids,10,5,3,4,0.8,5
158,Kids,10,5,3,5,0.6,5
158,Kids,10,5,3,6,0.4,5
158,Kids,10,5,3,7,0.8,5
158,Kids,10,5,3,8,1.0,5
158,Kids,10,5,3,9,0.6,5
159,Teens,1,2,1,1,0.0,1
159,Teens,1,2,1,2,0.5,2
159,Teens,1,2,1,3,1.0,2
159,Teens,1,2,1,4,1.0,2
159,Teens,1,2,1,5,1.0,2
159,Teens,1,2,1,6,1.0,2
159,Teens,1,2,1,7,1.0,2
159,Teens,1,2,1,8,1.0,2
159,Teens,1,2,1,9,1.0,2
159,Teens,2,3,1,1,0.3333333333333333,3
159,Teens,2,3,1,2,0.3333333333333333,3
159,Teens,2,3,1,3,0.6666666666666666,3
159,Teens,2,3,1,4,0.3333333333333333,3
159,Teens,2,3,1,5,0.3333333333333333,3
159,Teens,2,3,1,6,0.6666666666666666,3
159,Teens,2,3,1,7,1.0,3
159,Teens,2,3,1,8,1.0,3
159,Teens,2,3,1,9,1.0,3
159,Teens,3,4,1,1,0.25,4
159,Teens,3,4,1,2,0.75,4
159,Teens,3,4,1,3,0.0,4
159,Teens,3,4,1,4,0.25,4
159,Teens,3,4,1,5,0.0,4
159,Teens,3,4,1,6,0.25,4
159,Teens,3,4,1,7,0.5,4
159,Teens,3,4,1,8,0.75,4
159,Teens,3,4,1,9,0.75,4
159,Teens,4,5,1,1,0.4,5
159,Teens,4,5,1,2,0.4,5
159,Teens,4,5,1,3,0.6,5
159,Teens,4,5,1,4,0.6,5
159,Teens,4,5,1,5,0.4,5
159,Teens,4,5,1,6,0.8,5
159,Teens,4,5,1,7,0.6,5
159,Teens,4,5,1,8,0.6,5
159,Teens,4,5,1,9,0.6,5
159,Teens,5,3,2,1,0.3333333333333333,3
159,Teens,5,3,2,2,1.0,3
159,Teens,5,3,2,3,0.6666666666666666,3
159,Teens,5,3,2,4,1.0,3
159,Teens,5,3,2,5,0.6666666666666666,3
159,Teens,5,3,2,6,1.0,3
159,Teens,5,3,2,7,1.0,3
159,Teens,5,3,2,8,1.0,3
159,Teens,5,3,2,9,1.0,3
159,Teens,6,5,2,1,0.6,5
159,Teens,6,5,2,2,0.4,5
159,Teens,6,5,2,3,0.6,5
159,Teens,6,5,2,4,0.6,5
159,Teens,6,5,2,5,0.8,5
159,Teens,6,5,2,6,0.6,5
159,Teens,6,5,2,7,0.8,5
159,Teens,6,5,2,8,0.8,5
159,Teens,6,5,2,9,1.0,5
159,Teens,7,2,2,1,0.0,2
159,Teens,7,2,2,2,0.5,2
159,Teens,7,2,2,3,1.0,2
159,Teens,7,2,2,4,1.0,2
159,Teens,7,2,2,5,0.5,2
159,Teens,7,2,2,6,1.0,2
159,Teens,7,2,2,7,1.0,2
159,Teens,7,2,2,8,1.0,2
159,Teens,7,2,2,9,1.0,2
159,Teens,8,3,3,1,0.0,3
159,Teens,8,3,3,2,1.0,3
159,Teens,8,3,3,3,1.0,3
159,Teens,8,3,3,4,1.0,3
159,Teens,8,3,3,5,1.0,3
159,Teens,8,3,3,6,1.0,3
159,Teens,8,3,3,7,1.0,3
159,Teens,8,3,3,8,1.0,3
159,Teens,8,3,3,9,1.0,3
159,Teens,9,4,2,1,0.5,4
159,Teens,9,4,2,2,1.0,4
159,Teens,9,4,2,3,1.0,4
159,Teens,9,4,2,4,1.0,4
159,Teens,9,4,2,5,1.0,4
159,Teens,9,4,2,6,1.0,4
159,Teens,9,4,2,7,1.0,4
159,Teens,9,4,2,8,0.75,4
159,Teens,9,4,2,9,0.75,4
159,Teens,10,5,3,1,0.0,5
159,Teens,10,5,3,2,0.2,5
159,Teens,10,5,3,3,0.8,5
159,Teens,10,5,3,4,0.8,5
159,Teens,10,5,3,5,0.6,5
159,Teens,10,5,3,6,0.8,5
159,Teens,10,5,3,7,0.4,5
159,Teens,10,5,3,8,0.4,5
159,Teens,10,5,3,9,0.6,5
160,Teens,1,2,1,1,0.5,2
160,Teens,1,2,1,2,1.0,2
160,Teens,1,2,1,3,1.0,2
160,Teens,1,2,1,4,1.0,2
160,Teens,1,2,1,5,1.0,2
160,Teens,1,2,1,6,1.0,2
160,Teens,1,2,1,7,1.0,2
160,Teens,1,2,1,8,1.0,2
160,Teens,1,2,1,9,1.0,2
160,Teens,2,3,1,1,0.3333333333333333,3
160,Teens,2,3,1,2,0.6666666666666666,3
160,Teens,2,3,1,3,0.6666666666666666,3
160,Teens,2,3,1,4,1.0,3
160,Teens,2,3,1,5,1.0,3
160,Teens,2,3,1,6,1.0,3
160,Teens,2,3,1,7,1.0,3
160,Teens,2,3,1,8,1.0,3
160,Teens,2,3,1,9,1.0,3
160,Teens,3,4,1,1,0.25,4
160,Teens,3,4,1,2,0.25,4
160,Teens,3,4,1,3,0.75,4
160,Teens,3,4,1,4,1.0,4
160,Teens,3,4,1,5,1.0,4
160,Teens,3,4,1,6,1.0,4
160,Teens,3,4,1,7,1.0,4
160,Teens,3,4,1,8,1.0,4
160,Teens,3,4,1,9,1.0,4
160,Teens,4,5,1,1,0.0,5
160,Teens,4,5,1,2,0.8,5
160,Teens,4,5,1,3,0.6,5
160,Teens,4,5,1,4,1.0,5
160,Teens,4,5,1,5,0.4,5
160,Teens,4,5,1,6,0.8,5
160,Teens,4,5,1,7,0.6,5
160,Teens,4,5,1,8,0.8,5
160,Teens,4,5,1,9,0.8,5
160,Teens,5,3,2,1,0.0,3
160,Teens,5,3,2,2,0.3333333333333333,3
160,Teens,5,3,2,3,0.6666666666666666,3
160,Teens,5,3,2,4,0.6666666666666666,3
160,Teens,5,3,2,5,1.0,3
160,Teens,5,3,2,6,0.6666666666666666,3
160,Teens,5,3,2,7,1.0,3
160,Teens,5,3,2,8,1.0,3
160,Teens,5,3,2,9,1.0,3
160,Teens,6,5,2,1,0.4,5
160,Teens,6,5,2,2,0.8,5
160,Teens,6,5,2,3,1.0,5
160,Teens,6,5,2,4,1.0,5
160,Teens,6,5,2,5,1.0,5
160,Teens,6,5,2,6,1.0,5
160,Teens,6,5,2,7,1.0,5
160,Teens,6,5,2,8,1.0,5
160,Teens,6,5,2,9,1.0,5
160,Teens,7,2,2,1,0.5,2
160,Teens,7,2,2,2,0.5,2
160,Teens,7,2,2,3,1.0,2
160,Teens,7,2,2,4,1.0,2
160,Teens,7,2,2,5,1.0,2
160,Teens,7,2,2,6,0.5,2
160,Teens,7,2,2,7,1.0,2
160,Teens,7,2,2,8,1.0,2
160,Teens,7,2,2,9,1.0,2
160,Teens,8,3,3,1,0.3333333333333333,3
160,Teens,8,3,3,2,0.6666666666666666,3
160,Teens,8,3,3,3,1.0,3
160,Teens,8,3,3,4,1.0,3
160,Teens,8,3,3,5,1.0,3
160,Teens,8,3,3,6,1.0,3
160,Teens,8,3,3,7,1.0,3
160,Teens,8,3,3,8,1.0,3
160,Teens,8,3,3,9,1.0,3
160,Teens,9,4,2,1,0.5,4
160,Teens,9,4,2,2,0.75,4
160,Teens,9,4,2,3,1.0,4
160,Teens,9,4,2,4,1.0,4
160,Teens,9,4,2,5,1.0,4
160,Teens,9,4,2,6,1.0,4
160,Teens,9,4,2,7,1.0,4
160,Teens,9,4,2,8,1.0,4
160,Teens,9,4,2,9,1.0,4
160,Teens,10,5,3,1,0.2,5
160,Teens,10,5,3,2,0.6,5
160,Teens,10,5,3,3,1.0,5
160,Teens,10,5,3,4,0.8,5
160,Teens,10,5,3,5,1.0,5
160,Teens,10,5,3,6,1.0,5
160,Teens,10,5,3,7,1.0,5
160,Teens,10,5,3,8,1.0,5
160,Teens,10,5,3,9,1.0,5
161,Teens,1,2,1,1,1.0,2
161,Teens,1,2,1,2,1.0,2
161,Teens,1,2,1,3,1.0,2
161,Teens,1,2,1,4,1.0,2
161,Teens,1,2,1,5,1.0,2
161,Teens,1,2,1,6,1.0,2
161,Teens,1,2,1,7,1.0,2
161,Teens,1,2,1,8,1.0,2
161,Teens,1,2,1,9,1.0,2
161,Teens,2,3,1,1,0.6666666666666666,3
161,Teens,2,3,1,2,0.6666666666666666,3
161,Teens,2,3,1,3,1.0,3
161,Teens,2,3,1,4,1.0,3
161,Teens,2,3,1,5,1.0,3
161,Teens,2,3,1,6,1.0,3
161,Teens,2,3,1,7,1.0,3
161,Teens,2,3,1,8,1.0,3
161,Teens,2,3,1,9,1.0,3
161,Teens,3,4,1,1,0.0,4
161,Teens,3,4,1,2,0.5,4
161,Teens,3,4,1,3,0.75,4
161,Teens,3,4,1,4,1.0,4
161,Teens,3,4,1,5,1.0,4
161,Teens,3,4,1,6,1.0,4
161,Teens,3,4,1,7,1.0,4
161,Teens,3,4,1,8,1.0,4
161,Teens,3,4,1,9,1.0,4
161,Teens,4,5,1,1,0.2,5
161,Teens,4,5,1,2,0.6,5
161,Teens,4,5,1,3,1.0,5
161,Teens,4,5,1,4,1.0,5
161,Teens,4,5,1,5,1.0,5
161,Teens,4,5,1,6,1.0,5
161,Teens,4,5,1,7,1.0,5
161,Teens,4,5,1,8,1.0,5
161,Teens,4,5,1,9,1.0,5
161,Teens,5,3,2,1,0.0,2
161,Teens,5,3,2,2,0.3333333333333333,3
161,Teens,5,3,2,3,1.0,3
161,Teens,5,3,2,4,1.0,3
161,Teens,5,3,2,5,1.0,3
161,Teens,5,3,2,6,1.0,3
161,Teens,5,3,2,7,1.0,3
161,Teens,5,3,2,8,1.0,3
161,Teens,5,3,2,9,1.0,3
161,Teens,6,5,2,1,0.6,5
161,Teens,6,5,2,2,0.6,5
161,Teens,6,5,2,3,0.6,5
161,Teens,6,5,2,4,0.8,5
161,Teens,6,5,2,5,1.0,5
161,Teens,6,5,2,6,1.0,5
161,Teens,6,5,2,7,1.0,5
161,Teens,6,5,2,8,1.0,5
161,Teens,6,5,2,9,1.0,5
161,Teens,7,2,2,1,0.0,2
161,Teens,7,2,2,2,0.0,2
161,Teens,7,2,2,3,1.0,2
161,Teens,7,2,2,4,1.0,2
161,Teens,7,2,2,5,1.0,2
161,Teens,7,2,2,6,1.0,2
161,Teens,7,2,2,7,1.0,2
161,Teens,7,2,2,8,1.0,2
161,Teens,7,2,2,9,1.0,2
161,Teens,8,3,3,1,0.3333333333333333,3
161,Teens,8,3,3,2,0.3333333333333333,3
161,Teens,8,3,3,3,0.3333333333333333,3
161,Teens,8,3,3,4,1.0,3
161,Teens,8,3,3,5,1.0,3
161,Teens,8,3,3,6,1.0,3
161,Teens,8,3,3,7,1.0,3
161,Teens,8,3,3,8,1.0,3
161,Teens,8,3,3,9,1.0,3
161,Teens,9,4,2,1,0.25,4
161,Teens,9,4,2,2,0.25,4
161,Teens,9,4,2,3,1.0,4
161,Teens,9,4,2,4,1.0,4
161,Teens,9,4,2,5,1.0,4
161,Teens,9,4,2,6,1.0,4
161,Teens,9,4,2,7,1.0,4
161,Teens,9,4,2,8,1.0,4
161,Teens,9,4,2,9,1.0,4
161,Teens,10,5,3,1,0.4,5
161,Teens,10,5,3,2,1.0,5
161,Teens,10,5,3,3,0.8,5
161,Teens,10,5,3,4,1.0,5
161,Teens,10,5,3,5,1.0,5
161,Teens,10,5,3,6,1.0,5
161,Teens,10,5,3,7,1.0,5
161,Teens,10,5,3,8,1.0,5
161,Teens,10,5,3,9,1.0,5
162,Teens,1,2,1,1,0.5,2
162,Teens,1,2,1,2,0.5,2
162,Teens,1,2,1,3,0.5,2
162,Teens,1,2,1,4,1.0,2
162,Teens,1,2,1,5,1.0,2
162,Teens,1,2,1,6,1.0,2
162,Teens,1,2,1,7,1.0,2
162,Teens,1,2,1,8,1.0,2
162,Teens,1,2,1,9,0.5,2
162,Teens,2,3,1,1,0.0,3
162,Teens,2,3,1,2,0.0,3
162,Teens,2,3,1,3,0.6666666666666666,3
162,Teens,2,3,1,4,0.6666666666666666,3
162,Teens,2,3,1,5,1.0,3
162,Teens,2,3,1,6,1.0,3
162,Teens,2,3,1,7,1.0,3
162,Teens,2,3,1,8,0.6666666666666666,3
162,Teens,2,3,1,9,1.0,3
162,Teens,3,5,1,1,0.4,5
162,Teens,3,5,1,2,0.4,5
162,Teens,3,5,1,3,1.0,5
162,Teens,3,5,1,4,0.8,5
162,Teens,3,5,1,5,1.0,5
162,Teens,3,5,1,6,1.0,5
162,Teens,3,5,1,7,1.0,5
162,Teens,3,5,1,8,1.0,5
162,Teens,3,5,1,9,1.0,5
162,Teens,4,4,1,1,0.0,4
162,Teens,4,4,1,2,0.5,4
162,Teens,4,4,1,3,0.5,4
162,Teens,4,4,1,4,1.0,4
162,Teens,4,4,1,5,1.0,4
162,Teens,4,4,1,6,1.0,4
162,Teens,4,4,1,7,0.75,4
162,Teens,4,4,1,8,1.0,3
162,Teens,4,4,1,9,1.0,4
162,Teens,5,3,2,1,0.0,3
162,Teens,5,3,2,2,0.6666666666666666,3
162,Teens,5,3,2,3,0.6666666666666666,3
162,Teens,5,3,2,4,1.0,3
162,Teens,5,3,2,5,1.0,3
162,Teens,5,3,2,6,1.0,3
162,Teens,5,3,2,7,1.0,3
162,Teens,5,3,2,8,1.0,3
162,Teens,5,3,2,9,0.6666666666666666,3
162,Teens,6,5,2,1,0.4,5
162,Teens,6,5,2,2,0.4,5
162,Teens,6,5,2,3,0.6,5
162,Teens,6,5,2,4,0.6,5
162,Teens,6,5,2,5,0.6,5
162,Teens,6,5,2,6,0.6,5
162,Teens,6,5,2,7,0.8,5
162,Teens,6,5,2,8,0.8,5
162,Teens,6,5,2,9,1.0,5
162,Teens,7,2,2,1,0.0,2
162,Teens,7,2,2,2,0.5,2
162,Teens,7,2,2,3,1.0,2
162,Teens,7,2,2,4,1.0,2
162,Teens,7,2,2,5,1.0,2
162,Teens,7,2,2,6,1.0,2
162,Teens,7,2,2,7,0.5,2
162,Teens,7,2,2,8,1.0,2
162,Teens,7,2,2,9,1.0,2
162,Teens,8,3,3,1,0.3333333333333333,3
162,Teens,8,3,3,2,0.3333333333333333,3
162,Teens,8,3,3,3,1.0,3
162,Teens,8,3,3,4,1.0,3
162,Teens,8,3,3,5,1.0,3
162,Teens,8,3,3,6,1.0,3
162,Teens,8,3,3,7,1.0,3
162,Teens,8,3,3,8,1.0,3
162,Teens,8,3,3,9,1.0,3
162,Teens,9,5,3,1,0.4,5
162,Teens,9,5,3,2,0.6,5
162,Teens,9,5,3,3,0.8,5
162,Teens,9,5,3,4,1.0,5
162,Teens,9,5,3,5,1.0,5
162,Teens,9,5,3,6,1.0,5
162,Teens,9,5,3,7,1.0,5
162,Teens,9,5,3,8,1.0,5
162,Teens,9,5,3,9,1.0,5
162,Teens,10,4,2,1,0.25,4
162,Teens,10,4,2,2,0.5,4
162,Teens,10,4,2,3,1.0,4
162,Teens,10,4,2,4,1.0,4
162,Teens,10,4,2,5,0.75,4
162,Teens,10,4,2,6,1.0,4
162,Teens,10,4,2,7,1.0,4
162,Teens,10,4,2,8,1.0,4
162,Teens,10,4,2,9,1.0,4
163,Teens,1,2,1,1,1.0,2
163,Teens,1,2,1,2,1.0,2
163,Teens,1,2,1,3,1.0,2
163,Teens,1,2,1,4,1.0,2
163,Teens,1,2,1,5,1.0,2
163,Teens,1,2,1,6,1.0,2
163,Teens,1,2,1,7,1.0,2
163,Teens,1,2,1,8,1.0,2
163,Teens,1,2,1,9,1.0,2
163,Teens,2,3,1,1,1.0,3
163,Teens,2,3,1,2,1.0,3
163,Teens,2,3,1,3,1.0,3
163,Teens,2,3,1,4,1.0,3
163,Teens,2,3,1,5,1.0,3
163,Teens,2,3,1,6,1.0,3
163,Teens,2,3,1,7,0.6666666666666666,3
163,Teens,2,3,1,8,1.0,3
163,Teens,2,3,1,9,1.0,3
163,Teens,3,5,1,1,0.4,5
163,Teens,3,5,1,2,0.6,5
163,Teens,3,5,1,3,0.8,5
163,Teens,3,5,1,4,0.6,5
163,Teens,3,5,1,5,0.8,5
163,Teens,3,5,1,6,1.0,5
163,Teens,3,5,1,7,1.0,5
163,Teens,3,5,1,8,0.8,5
163,Teens,3,5,1,9,1.0,5
163,Teens,4,4,1,1,0.25,4
163,Teens,4,4,1,2,0.75,4
163,Teens,4,4,1,3,1.0,4
163,Teens,4,4,1,4,1.0,4
163,Teens,4,4,1,5,1.0,4
163,Teens,4,4,1,6,1.0,4
163,Teens,4,4,1,7,1.0,4
163,Teens,4,4,1,8,1.0,4
163,Teens,4,4,1,9,1.0,4
163,Teens,5,3,2,1,0.3333333333333333,3
163,Teens,5,3,2,2,1.0,3
163,Teens,5,3,2,3,1.0,3
163,Teens,5,3,2,4,0.6666666666666666,3
163,Teens,5,3,2,5,1.0,3
163,Teens,5,3,2,6,1.0,3
163,Teens,5,3,2,7,1.0,3
163,Teens,5,3,2,8,1.0,3
163,Teens,5,3,2,9,0.6666666666666666,3
163,Teens,6,5,2,1,0.4,5
163,Teens,6,5,2,2,0.8,5
163,Teens,6,5,2,3,1.0,5
163,Teens,6,5,2,4,1.0,5
163,Teens,6,5,2,5,1.0,5
163,Teens,6,5,2,6,0.8,5
163,Teens,6,5,2,7,0.8,5
163,Teens,6,5,2,8,1.0,5
163,Teens,6,5,2,9,1.0,5
163,Teens,7,2,2,1,0.0,2
163,Teens,7,2,2,2,0.5,2
163,Teens,7,2,2,3,1.0,2
163,Teens,7,2,2,4,1.0,2
163,Teens,7,2,2,5,0.5,2
163,Teens,7,2,2,6,1.0,2
163,Teens,7,2,2,7,1.0,2
163,Teens,7,2,2,8,1.0,2
163,Teens,7,2,2,9,1.0,2
163,Teens,8,3,3,1,0.6666666666666666,3
163,Teens,8,3,3,2,0.6666666666666666,3
163,Teens,8,3,3,3,1.0,3
163,Teens,8,3,3,4,1.0,3
163,Teens,8,3,3,5,0.6666666666666666,3
163,Teens,8,3,3,6,1.0,3
163,Teens,8,3,3,7,0.6666666666666666,3
163,Teens,8,3,3,8,1.0,3
163,Teens,8,3,3,9,1.0,3
163,Teens,9,5,3,1,0.2,5
163,Teens,9,5,3,2,0.8,5
163,Teens,9,5,3,3,1.0,5
163,Teens,9,5,3,4,1.0,5
163,Teens,9,5,3,5,0.8,5
163,Teens,9,5,3,6,0.8,5
163,Teens,9,5,3,7,1.0,5
163,Teens,9,5,3,8,0.8,5
163,Teens,9,5,3,9,1.0,5
163,Teens,10,4,2,1,0.25,4
163,Teens,10,4,2,2,0.5,4
163,Teens,10,4,2,3,0.75,4
163,Teens,10,4,2,4,1.0,4
163,Teens,10,4,2,5,0.75,4
163,Teens,10,4,2,6,0.75,4
163,Teens,10,4,2,7,1.0,4
163,Teens,10,4,2,8,1.0,4
163,Teens,10,4,2,9,1.0,4
164,Teens,1,2,1,1,0.5,2
164,Teens,1,2,1,2,1.0,2
164,Teens,1,2,1,3,1.0,2
164,Teens,1,2,1,4,1.0,2
164,Teens,1,2,1,5,1.0,2
164,Teens,1,2,1,6,1.0,2
164,Teens,1,2,1,7,1.0,2
164,Teens,1,2,1,8,1.0,2
164,Teens,1,2,1,9,1.0,2
164,Teens,2,3,1,1,0.0,3
164,Teens,2,3,1,2,0.6666666666666666,3
164,Teens,2,3,1,3,1.0,3
164,Teens,2,3,1,4,1.0,3
164,Teens,2,3,1,5,1.0,3
164,Teens,2,3,1,6,1.0,3
164,Teens,2,3,1,7,1.0,3
164,Teens,2,3,1,8,1.0,3
164,Teens,2,3,1,9,1.0,3
164,Teens,3,5,1,1,0.0,5
164,Teens,3,5,1,2,0.4,5
164,Teens,3,5,1,3,0.6,5
164,Teens,3,5,1,4,0.6,5
164,Teens,3,5,1,5,0.4,5
164,Teens,3,5,1,6,0.8,5
164,Teens,3,5,1,7,0.8,5
164,Teens,3,5,1,8,0.8,5
164,Teens,3,5,1,9,0.8,5
164,Teens,4,4,1,1,0.0,4
164,Teens,4,4,1,2,0.0,4
164,Teens,4,4,1,3,0.0,4
164,Teens,4,4,1,4,0.75,4
164,Teens,4,4,1,5,0.5,4
164,Teens,4,4,1,6,1.0,4
164,Teens,4,4,1,7,0.75,4
164,Teens,4,4,1,8,1.0,4
164,Teens,4,4,1,9,1.0,4
164,Teens,5,3,2,1,0.3333333333333333,3
164,Teens,5,3,2,2,1.0,3
164,Teens,5,3,2,3,1.0,3
164,Teens,5,3,2,4,1.0,3
164,Teens,5,3,2,5,1.0,3
164,Teens,5,3,2,6,1.0,3
164,Teens,5,3,2,7,1.0,3
164,Teens,5,3,2,8,1.0,3
164,Teens,5,3,2,9,1.0,3
164,Teens,6,5,2,1,0.0,5
164,Teens,6,5,2,2,0.4,5
164,Teens,6,5,2,3,0.8,5
164,Teens,6,5,2,4,0.6,5
164,Teens,6,5,2,5,0.8,5
164,Teens,6,5,2,6,0.8,5
164,Teens,6,5,2,7,0.8,5
164,Teens,6,5,2,8,1.0,5
164,Teens,6,5,2,9,0.8,5
164,Teens,7,2,2,1,0.5,2
164,Teens,7,2,2,2,1.0,2
164,Teens,7,2,2,3,0.5,2
164,Teens,7,2,2,4,1.0,2
164,Teens,7,2,2,5,1.0,2
164,Teens,7,2,2,6,1.0,2
164,Teens,7,2,2,7,1.0,2
164,Teens,7,2,2,8,1.0,2
164,Teens,7,2,2,9,1.0,2
164,Teens,8,3,3,1,0.3333333333333333,3
164,Teens,8,3,3,2,0.6666666666666666,3
164,Teens,8,3,3,3,0.6666666666666666,3
164,Teens,8,3,3,4,1.0,3
164,Teens,8,3,3,5,1.0,3
164,Teens,8,3,3,6,1.0,3
164,Teens,8,3,3,7,1.0,3
164,Teens,8,3,3,8,1.0,3
164,Teens,8,3,3,9,1.0,3
164,Teens,9,5,3,1,0.6,5
164,Teens,9,5,3,2,1.0,5
164,Teens,9,5,3,3,0.8,5
164,Teens,9,5,3,4,1.0,5
164,Teens,9,5,3,5,1.0,5
164,Teens,9,5,3,6,1.0,5
164,Teens,9,5,3,7,1.0,5
164,Teens,9,5,3,8,1.0,5
164,Teens,9,5,3,9,1.0,5
164,Teens,10,4,2,1,0.0,4
164,Teens,10,4,2,2,0.0,4
164,Teens,10,4,2,3,0.25,4
164,Teens,10,4,2,4,0.25,4
164,Teens,10,4,2,5,0.75,4
164,Teens,10,4,2,6,0.5,4
164,Teens,10,4,2,7,0.5,4
164,Teens,10,4,2,8,0.75,4
164,Teens,10,4,2,9,0.75,4
165,Teens,1,2,1,1,0.5,2
165,Teens,1,2,1,2,1.0,2
165,Teens,1,2,1,3,1.0,2
165,Teens,1,2,1,4,1.0,2
165,Teens,1,2,1,5,1.0,2
165,Teens,1,2,1,6,1.0,2
165,Teens,1,2,1,7,1.0,2
165,Teens,1,2,1,8,1.0,2
165,Teens,1,2,1,9,1.0,2
165,Teens,2,3,1,1,0.3333333333333333,3
165,Teens,2,3,1,2,0.3333333333333333,3
165,Teens,2,3,1,3,0.0,3
165,Teens,2,3,1,4,0.6666666666666666,3
165,Teens,2,3,1,5,1.0,3
165,Teens,2,3,1,6,1.0,3
165,Teens,2,3,1,7,1.0,3
165,Teens,2,3,1,8,1.0,3
165,Teens,2,3,1,9,1.0,3
165,Teens,3,4,1,1,0.25,4
165,Teens,3,4,1,2,0.75,4
165,Teens,3,4,1,3,0.75,4
165,Teens,3,4,1,4,1.0,4
165,Teens,3,4,1,5,0.75,4
165,Teens,3,4,1,6,0.75,4
165,Teens,3,4,1,7,1.0,4
165,Teens,3,4,1,8,1.0,4
165,Teens,3,4,1,9,1.0,4
165,Teens,4,5,1,1,0.0,5
165,Teens,4,5,1,2,0.6,5
165,Teens,4,5,1,3,0.6,5
165,Teens,4,5,1,4,0.6,5
165,Teens,4,5,1,5,0.8,5
165,Teens,4,5,1,6,0.8,5
165,Teens,4,5,1,7,1.0,5
165,Teens,4,5,1,8,0.6,5
165,Teens,4,5,1,9,0.8,5
165,Teens,5,3,2,1,0.0,3
165,Teens,5,3,2,2,1.0,3
165,Teens,5,3,2,3,1.0,3
165,Teens,5,3,2,4,1.0,3
165,Teens,5,3,2,5,1.0,3
165,Teens,5,3,2,6,1.0,3
165,Teens,5,3,2,7,1.0,3
165,Teens,5,3,2,8,1.0,3
165,Teens,5,3,2,9,1.0,3
165,Teens,6,5,2,1,0.6,5
165,Teens,6,5,2,2,0.6,5
165,Teens,6,5,2,3,0.8,5
165,Teens,6,5,2,4,0.6,5
165,Teens,6,5,2,5,1.0,5
165,Teens,6,5,2,6,0.8,5
165,Teens,6,5,2,7,1.0,5
165,Teens,6,5,2,8,1.0,5
165,Teens,6,5,2,9,1.0,5
165,Teens,7,2,2,1,0.0,2
165,Teens,7,2,2,2,1.0,2
165,Teens,7,2,2,3,1.0,2
165,Teens,7,2,2,4,1.0,2
165,Teens,7,2,2,5,1.0,2
165,Teens,7,2,2,6,1.0,2
165,Teens,7,2,2,7,1.0,2
165,Teens,7,2,2,8,1.0,2
165,Teens,7,2,2,9,1.0,2
165,Teens,8,3,3,1,0.0,3
165,Teens,8,3,3,2,0.6666666666666666,3
165,Teens,8,3,3,3,1.0,3
165,Teens,8,3,3,4,1.0,3
165,Teens,8,3,3,5,1.0,3
165,Teens,8,3,3,6,1.0,3
165,Teens,8,3,3,7,1.0,3
165,Teens,8,3,3,8,1.0,3
165,Teens,8,3,3,9,1.0,3
165,Teens,9,4,2,1,0.75,4
165,Teens,9,4,2,2,1.0,4
165,Teens,9,4,2,3,0.75,4
165,Teens,9,4,2,4,1.0,4
165,Teens,9,4,2,5,1.0,4
165,Teens,9,4,2,6,1.0,4
165,Teens,9,4,2,7,1.0,4
165,Teens,9,4,2,8,1.0,4
165,Teens,9,4,2,9,1.0,4
165,Teens,10,5,3,1,0.0,5
165,Teens,10,5,3,2,0.4,5
165,Teens,10,5,3,3,0.4,5
165,Teens,10,5,3,4,0.6,5
165,Teens,10,5,3,5,0.6,5
165,Teens,10,5,3,6,0.8,5
165,Teens,10,5,3,7,0.8,5
165,Teens,10,5,3,8,1.0,5
165,Teens,10,5,3,9,1.0,5
166,Teens,1,2,1,1,0.0,2
166,Teens,1,2,1,2,0.0,2
166,Teens,1,2,1,3,0.5,2
166,Teens,1,2,1,4,1.0,2
166,Teens,1,2,1,5,1.0,2
166,Teens,1,2,1,6,1.0,2
166,Teens,1,2,1,7,1.0,2
166,Teens,1,2,1,8,1.0,2
166,Teens,1,2,1,9,1.0,2
166,Teens,2,3,1,1,0.0,3
166,Teens,2,3,1,2,0.6666666666666666,3
166,Teens,2,3,1,3,1.0,3
166,Teens,2,3,1,4,1.0,3
166,Teens,2,3,1,5,1.0,3
166,Teens,2,3,1,6,1.0,3
166,Teens,2,3,1,7,1.0,3
166,Teens,2,3,1,8,1.0,3
166,Teens,2,3,1,9,1.0,3
166,Teens,3,4,1,1,0.75,4
166,Teens,3,4,1,2,0.75,4
166,Teens,3,4,1,3,0.75,4
166,Teens,3,4,1,4,1.0,4
166,Teens,3,4,1,5,1.0,4
166,Teens,3,4,1,6,1.0,4
166,Teens,3,4,1,7,1.0,4
166,Teens,3,4,1,8,1.0,4
166,Teens,3,4,1,9,0.75,4
166,Teens,4,5,1,1,0.2,5
166,Teens,4,5,1,2,0.2,5
166,Teens,4,5,1,3,0.6,5
166,Teens,4,5,1,4,0.6,5
166,Teens,4,5,1,5,0.6,5
166,Teens,4,5,1,6,0.6,5
166,Teens,4,5,1,7,0.6,5
166,Teens,4,5,1,8,1.0,5
166,Teens,4,5,1,9,0.8,5
166,Teens,5,3,2,1,0.3333333333333333,3
166,Teens,5,3,2,2,1.0,3
166,Teens,5,3,2,3,1.0,3
166,Teens,5,3,2,4,1.0,3
166,Teens,5,3,2,5,1.0,3
166,Teens,5,3,2,6,1.0,3
166,Teens,5,3,2,7,1.0,3
166,Teens,5,3,2,8,1.0,3
166,Teens,5,3,2,9,1.0,3
166,Teens,6,5,2,1,0.4,5
166,Teens,6,5,2,2,0.6,5
166,Teens,6,5,2,3,1.0,5
166,Teens,6,5,2,4,1.0,5
166,Teens,6,5,2,5,0.8,5
166,Teens,6,5,2,6,1.0,5
166,Teens,6,5,2,7,1.0,5
166,Teens,6,5,2,8,1.0,5
166,Teens,6,5,2,9,1.0,5
166,Teens,7,2,2,1,0.0,2
166,Teens,7,2,2,2,0.5,2
166,Teens,7,2,2,3,1.0,2
166,Teens,7,2,2,4,1.0,2
166,Teens,7,2,2,5,1.0,2
166,Teens,7,2,2,6,1.0,2
166,Teens,7,2,2,7,0.5,2
166,Teens,7,2,2,8,1.0,2
166,Teens,7,2,2,9,1.0,2
166,Teens,8,3,3,1,0.3333333333333333,3
166,Teens,8,3,3,2,1.0,3
166,Teens,8,3,3,3,1.0,3
166,Teens,8,3,3,4,1.0,3
166,Teens,8,3,3,5,1.0,3
166,Teens,8,3,3,6,1.0,3
166,Teens,8,3,3,7,1.0,3
166,Teens,8,3,3,8,1.0,3
166,Teens,8,3,3,9,1.0,3
166,Teens,9,4,2,1,0.5,4
166,Teens,9,4,2,2,0.5,4
166,Teens,9,4,2,3,0.75,4
166,Teens,9,4,2,4,1.0,4
166,Teens,9,4,2,5,1.0,4
166,Teens,9,4,2,6,1.0,4
166,Teens,9,4,2,7,1.0,4
166,Teens,9,4,2,8,1.0,4
166,Teens,9,4,2,9,1.0,4
166,Teens,10,5,3,1,0.6,5
166,Teens,10,5,3,2,0.6,5
166,Teens,10,5,3,3,0.8,5
166,Teens,10,5,3,4,0.8,5
166,Teens,10,5,3,5,1.0,5
166,Teens,10,5,3,6,0.8,5
166,Teens,10,5,3,7,0.8,5
166,Teens,10,5,3,8,1.0,5
166,Teens,10,5,3,9,0.8,5
167,Teens,1,2,1,1,0.5,2
167,Teens,1,2,1,2,1.0,2
167,Teens,1,2,1,3,1.0,2
167,Teens,1,2,1,4,1.0,2
167,Teens,1,2,1,5,1.0,2
167,Teens,1,2,1,6,1.0,2
167,Teens,1,2,1,7,1.0,2
167,Teens,1,2,1,8,1.0,2
167,Teens,1,2,1,9,1.0,2
167,Teens,2,3,1,1,0.3333333333333333,3
167,Teens,2,3,1,2,0.3333333333333333,3
167,Teens,2,3,1,3,0.6666666666666666,3
167,Teens,2,3,1,4,0.6666666666666666,3
167,Teens,2,3,1,5,1.0,3
167,Teens,2,3,1,6,1.0,3
167,Teens,2,3,1,7,1.0,3
167,Teens,2,3,1,8,1.0,3
167,Teens,2,3,1,9,1.0,3
167,Teens,3,4,1,1,0.75,4
167,Teens,3,4,1,2,0.75,4
167,Teens,3,4,1,3,1.0,4
167,Teens,3,4,1,4,1.0,4
167,Teens,3,4,1,5,1.0,4
167,Teens,3,4,1,6,0.75,4
167,Teens,3,4,1,7,1.0,4
167,Teens,3,4,1,8,1.0,4
167,Teens,3,4,1,9,1.0,4
167,Teens,4,5,1,1,0.2,5
167,Teens,4,5,1,2,0.4,5
167,Teens,4,5,1,3,0.6,5
167,Teens,4,5,1,4,0.8,5
167,Teens,4,5,1,5,0.8,5
167,Teens,4,5,1,6,1.0,5
167,Teens,4,5,1,7,0.8,5
167,Teens,4,5,1,8,1.0,5
167,Teens,4,5,1,9,1.0,5
167,Teens,5,3,2,1,0.3333333333333333,3
167,Teens,5,3,2,2,0.6666666666666666,3
167,Teens,5,3,2,3,1.0,3
167,Teens,5,3,2,4,0.6666666666666666,3
167,Teens,5,3,2,5,1.0,3
167,Teens,5,3,2,6,1.0,3
167,Teens,5,3,2,7,1.0,3
167,Teens,5,3,2,8,1.0,3
167,Teens,5,3,2,9,1.0,3
167,Teens,6,5,2,1,0.4,5
167,Teens,6,5,2,2,0.8,5
167,Teens,6,5,2,3,1.0,5
167,Teens,6,5,2,4,1.0,5
167,Teens,6,5,2,5,1.0,5
167,Teens,6,5,2,6,1.0,5
167,Teens,6,5,2,7,1.0,5
167,Teens,6,5,2,8,1.0,5
167,Teens,6,5,2,9,1.0,5
167,Teens,7,2,2,1,0.0,2
167,Teens,7,2,2,2,1.0,2
167,Teens,7,2,2,3,1.0,2
167,Teens,7,2,2,4,1.0,2
167,Teens,7,2,2,5,1.0,2
167,Teens,7,2,2,6,1.0,2
167,Teens,7,2,2,7,1.0,2
167,Teens,7,2,2,8,1.0,2
167,Teens,7,2,2,9,1.0,2
167,Teens,8,3,3,1,0.3333333333333333,3
167,Teens,8,3,3,2,1.0,3
167,Teens,8,3,3,3,1.0,3
167,Teens,8,3,3,4,1.0,3
167,Teens,8,3,3,5,1.0,3
167,Teens,8,3,3,6,1.0,3
167,Teens,8,3,3,7,1.0,3
167,Teens,8,3,3,8,1.0,3
167,Teens,8,3,3,9,1.0,3
167,Teens,9,4,2,1,0.25,4
167,Teens,9,4,2,2,0.5,4
167,Teens,9,4,2,3,1.0,4
167,Teens,9,4,2,4,1.0,4
167,Teens,9,4,2,5,1.0,4
167,Teens,9,4,2,6,1.0,4
167,Teens,9,4,2,7,1.0,4
167,Teens,9,4,2,8,1.0,4
167,Teens,9,4,2,9,1.0,4
167,Teens,10,5,3,1,0.6,5
167,Teens,10,5,3,2,0.8,5
167,Teens,10,5,3,3,0.4,5
167,Teens,10,5,3,4,1.0,5
167,Teens,10,5,3,5,0.8,5
167,Teens,10,5,3,6,1.0,5
167,Teens,10,5,3,7,0.8,5
167,Teens,10,5,3,8,1.0,5
167,Teens,10,5,3,9,1.0,5
168,Teens,1,2,1,1,0.5,2
168,Teens,1,2,1,2,1.0,2
168,Teens,1,2,1,3,1.0,2
168,Teens,1,2,1,4,1.0,2
168,Teens,1,2,1,5,1.0,2
168,Teens,1,2,1,6,1.0,2
168,Teens,1,2,1,7,1.0,2
168,Teens,1,2,1,8,1.0,2
168,Teens,1,2,1,9,1.0,2
168,Teens,2,4,1,1,0.75,4
168,Teens,2,4,1,2,0.75,4
168,Teens,2,4,1,3,0.75,4
168,Teens,2,4,1,4,0.75,4
168,Teens,2,4,1,5,1.0,4
168,Teens,2,4,1,6,1.0,4
168,Teens,2,4,1,7,1.0,4
168,Teens,2,4,1,8,1.0,4
168,Teens,2,4,1,9,1.0,4
168,Teens,3,3,1,1,0.0,3
168,Teens,3,3,1,2,0.0,3
168,Teens,3,3,1,3,0.3333333333333333,3
168,Teens,3,3,1,4,0.3333333333333333,3
168,Teens,3,3,1,5,1.0,3
168,Teens,3,3,1,6,1.0,3
168,Teens,3,3,1,7,1.0,3
168,Teens,3,3,1,8,1.0,3
168,Teens,3,3,1,9,1.0,3
168,Teens,4,5,1,1,0.4,5
168,Teens,4,5,1,2,0.6,5
168,Teens,4,5,1,3,0.8,5
168,Teens,4,5,1,4,0.8,5
168,Teens,4,5,1,5,0.8,5
168,Teens,4,5,1,6,0.6,5
168,Teens,4,5,1,7,0.8,5
168,Teens,4,5,1,8,0.8,5
168,Teens,4,5,1,9,0.8,5
168,Teens,5,3,2,1,0.3333333333333333,3
168,Teens,5,3,2,2,1.0,3
168,Teens,5,3,2,3,1.0,3
168,Teens,5,3,2,4,1.0,3
168,Teens,5,3,2,5,1.0,3
168,Teens,5,3,2,6,1.0,3
168,Teens,5,3,2,7,1.0,3
168,Teens,5,3,2,8,1.0,3
168,Teens,5,3,2,9,1.0,3
168,Teens,6,5,2,1,0.2,5
168,Teens,6,5,2,2,0.4,5
168,Teens,6,5,2,3,0.8,5
168,Teens,6,5,2,4,0.8,5
168,Teens,6,5,2,5,1.0,5
168,Teens,6,5,2,6,1.0,5
168,Teens,6,5,2,7,0.8,5
168,Teens,6,5,2,8,1.0,5
168,Teens,6,5,2,9,1.0,5
168,Teens,7,2,2,1,0.5,2
168,Teens,7,2,2,2,1.0,2
168,Teens,7,2,2,3,1.0,2
168,Teens,7,2,2,4,1.0,2
168,Teens,7,2,2,5,1.0,2
168,Teens,7,2,2,6,1.0,2
168,Teens,7,2,2,7,1.0,2
168,Teens,7,2,2,8,0.5,2
168,Teens,7,2,2,9,1.0,2
168,Teens,8,4,2,1,0.5,4
168,Teens,8,4,2,2,1.0,4
168,Teens,8,4,2,3,0.75,4
168,Teens,8,4,2,4,1.0,4
168,Teens,8,4,2,5,1.0,4
168,Teens,8,4,2,6,1.0,4
168,Teens,8,4,2,7,1.0,4
168,Teens,8,4,2,8,0.75,4
168,Teens,8,4,2,9,1.0,4
168,Teens,9,3,3,1,1.0,3
168,Teens,9,3,3,2,1.0,3
168,Teens,9,3,3,3,1.0,3
168,Teens,9,3,3,4,1.0,3
168,Teens,9,3,3,5,1.0,3
168,Teens,9,3,3,6,1.0,3
168,Teens,9,3,3,7,1.0,3
168,Teens,9,3,3,8,1.0,3
168,Teens,9,3,3,9,1.0,3
168,Teens,10,5,3,1,0.2,5
168,Teens,10,5,3,2,0.4,5
168,Teens,10,5,3,3,0.4,5
168,Teens,10,5,3,4,0.6,5
168,Teens,10,5,3,5,0.6,5
168,Teens,10,5,3,6,1.0,5
168,Teens,10,5,3,7,0.8,5
168,Teens,10,5,3,8,1.0,5
168,Teens,10,5,3,9,0.8,5
169,Teens,1,2,1,1,1.0,2
169,Teens,1,2,1,2,0.0,2
169,Teens,1,2,1,3,0.5,2
169,Teens,1,2,1,4,0.5,2
169,Teens,1,2,1,5,1.0,2
169,Teens,1,2,1,6,1.0,2
169,Teens,1,2,1,7,1.0,2
169,Teens,1,2,1,8,1.0,2
169,Teens,1,2,1,9,0.5,2
169,Teens,2,3,1,1,0.0,3
169,Teens,2,3,1,2,0.3333333333333333,3
169,Teens,2,3,1,3,0.3333333333333333,3
169,Teens,2,3,1,4,0.6666666666666666,3
169,Teens,2,3,1,5,1.0,3
169,Teens,2,3,1,6,0.3333333333333333,3
169,Teens,2,3,1,7,1.0,3
169,Teens,2,3,1,8,1.0,3
169,Teens,2,3,1,9,1.0,3
169,Teens,3,4,1,1,0.0,4
169,Teens,3,4,1,2,0.25,4
169,Teens,3,4,1,3,0.25,4
169,Teens,3,4,1,4,0.25,4
169,Teens,3,4,1,5,0.75,4
169,Teens,3,4,1,6,0.75,4
169,Teens,3,4,1,7,0.5,4
169,Teens,3,4,1,8,0.75,4
169,Teens,3,4,1,9,0.75,4
169,Teens,4,5,1,1,0.2,5
169,Teens,4,5,1,2,0.2,5
169,Teens,4,5,1,3,0.6,5
169,Teens,4,5,1,4,0.8,5
169,Teens,4,5,1,5,0.4,5
169,Teens,4,5,1,6,0.8,5
169,Teens,4,5,1,7,0.8,5
169,Teens,4,5,1,8,0.8,5
169,Teens,4,5,1,9,0.6,5
169,Teens,5,3,2,1,0.3333333333333333,3
169,Teens,5,3,2,2,1.0,3
169,Teens,5,3,2,3,1.0,3
169,Teens,5,3,2,4,1.0,3
169,Teens,5,3,2,5,1.0,3
169,Teens,5,3,2,6,1.0,3
169,Teens,5,3,2,7,1.0,3
169,Teens,5,3,2,8,1.0,3
169,Teens,5,3,2,9,0.6666666666666666,3
169,Teens,6,5,2,1,0.2,5
169,Teens,6,5,2,2,0.6,5
169,Teens,6,5,2,3,0.6,5
169,Teens,6,5,2,4,0.8,5
169,Teens,6,5,2,5,0.6,5
169,Teens,6,5,2,6,0.6,5
169,Teens,6,5,2,7,1.0,5
169,Teens,6,5,2,8,0.8,5
169,Teens,6,5,2,9,1.0,5
169,Teens,7,2,2,1,0.5,2
169,Teens,7,2,2,2,1.0,2
169,Teens,7,2,2,3,1.0,2
169,Teens,7,2,2,4,1.0,2
169,Teens,7,2,2,5,1.0,2
169,Teens,7,2,2,6,1.0,2
169,Teens,7,2,2,7,1.0,2
169,Teens,7,2,2,8,1.0,2
169,Teens,7,2,2,9,0.0,2
169,Teens,8,3,3,1,0.3333333333333333,3
169,Teens,8,3,3,2,1.0,3
169,Teens,8,3,3,3,1.0,3
169,Teens,8,3,3,4,0.6666666666666666,3
169,Teens,8,3,3,5,0.6666666666666666,3
169,Teens,8,3,3,6,1.0,3
169,Teens,8,3,3,7,0.6666666666666666,3
169,Teens,8,3,3,8,0.6666666666666666,3
169,Teens,8,3,3,9,1.0,3
169,Teens,9,4,2,1,0.0,4
169,Teens,9,4,2,2,0.5,4
169,Teens,9,4,2,3,0.5,4
169,Teens,9,4,2,4,0.5,4
169,Teens,9,4,2,5,0.75,4
169,Teens,9,4,2,6,0.5,4
169,Teens,9,4,2,7,0.75,4
169,Teens,9,4,2,8,0.75,4
169,Teens,9,4,2,9,1.0,4
169,Teens,10,5,3,1,0.2,5
169,Teens,10,5,3,2,0.6,5
169,Teens,10,5,3,3,0.4,5
169,Teens,10,5,3,4,0.4,5
169,Teens,10,5,3,5,0.6,5
169,Teens,10,5,3,6,0.6,5
169,Teens,10,5,3,7,1.0,5
169,Teens,10,5,3,8,1.0,5
169,Teens,10,5,3,9,1.0,5
170,Teens,1,2,1,1,0.5,2
170,Teens,1,2,1,2,1.0,2
170,Teens,1,2,1,3,1.0,2
170,Teens,1,2,1,4,0.5,2
170,Teens,1,2,1,5,1.0,2
170,Teens,1,2,1,6,1.0,2
170,Teens,1,2,1,7,1.0,2
170,Teens,1,2,1,8,1.0,2
170,Teens,1,2,1,9,1.0,2
170,Teens,2,3,1,1,0.6666666666666666,3
170,Teens,2,3,1,2,0.6666666666666666,3
170,Teens,2,3,1,3,1.0,3
170,Teens,2,3,1,4,0.6666666666666666,3
170,Teens,2,3,1,5,1.0,3
170,Teens,2,3,1,6,1.0,3
170,Teens,2,3,1,7,1.0,3
170,Teens,2,3,1,8,1.0,3
170,Teens,2,3,1,9,1.0,3
170,Teens,3,4,1,1,0.0,3
170,Teens,3,4,1,2,0.5,4
170,Teens,3,4,1,3,0.5,4
170,Teens,3,4,1,4,0.75,4
170,Teens,3,4,1,5,0.75,4
170,Teens,3,4,1,6,0.75,4
170,Teens,3,4,1,7,1.0,4
170,Teens,3,4,1,8,1.0,4
170,Teens,3,4,1,9,0.75,4
170,Teens,4,5,1,1,0.4,5
170,Teens,4,5,1,2,0.4,5
170,Teens,4,5,1,3,0.8,5
170,Teens,4,5,1,4,1.0,5
170,Teens,4,5,1,5,1.0,5
170,Teens,4,5,1,6,1.0,5
170,Teens,4,5,1,7,0.8,5
170,Teens,4,5,1,8,1.0,5
170,Teens,4,5,1,9,0.8,5
170,Teens,5,3,2,1,1.0,3
170,Teens,5,3,2,2,1.0,3
170,Teens,5,3,2,3,1.0,3
170,Teens,5,3,2,4,1.0,3
170,Teens,5,3,2,5,1.0,3
170,Teens,5,3,2,6,1.0,3
170,Teens,5,3,2,7,1.0,3
170,Teens,5,3,2,8,1.0,3
170,Teens,5,3,2,9,1.0,3
170,Teens,6,5,2,1,0.4,5
170,Teens,6,5,2,2,0.8,5
170,Teens,6,5,2,3,0.6,5
170,Teens,6,5,2,4,0.6,5
170,Teens,6,5,2,5,1.0,5
170,Teens,6,5,2,6,1.0,5
170,Teens,6,5,2,7,1.0,5
170,Teens,6,5,2,8,1.0,5
170,Teens,6,5,2,9,1.0,5
170,Teens,7,2,2,1,0.5,2
170,Teens,7,2,2,2,1.0,2
170,Teens,7,2,2,3,1.0,2
170,Teens,7,2,2,4,1.0,2
170,Teens,7,2,2,5,1.0,2
170,Teens,7,2,2,6,1.0,2
170,Teens,7,2,2,7,1.0,2
170,Teens,7,2,2,8,1.0,2
170,Teens,7,2,2,9,1.0,2
170,Teens,8,3,3,1,0.3333333333333333,3
170,Teens,8,3,3,2,1.0,3
170,Teens,8,3,3,3,1.0,3
170,Teens,8,3,3,4,1.0,3
170,Teens,8,3,3,5,1.0,3
170,Teens,8,3,3,6,1.0,3
170,Teens,8,3,3,7,1.0,3
170,Teens,8,3,3,8,1.0,3
170,Teens,8,3,3,9,1.0,3
170,Teens,9,4,2,1,0.75,4
170,Teens,9,4,2,2,1.0,4
170,Teens,9,4,2,3,1.0,4
170,Teens,9,4,2,4,1.0,4
170,Teens,9,4,2,5,1.0,4
170,Teens,9,4,2,6,1.0,4
170,Teens,9,4,2,7,1.0,4
170,Teens,9,4,2,8,1.0,4
170,Teens,9,4,2,9,1.0,4
170,Teens,10,5,3,1,0.2,5
170,Teens,10,5,3,2,0.6,5
170,Teens,10,5,3,3,0.6,5
170,Teens,10,5,3,4,0.6,5
170,Teens,10,5,3,5,0.8,5
170,Teens,10,5,3,6,0.8,5
170,Teens,10,5,3,7,1.0,5
170,Teens,10,5,3,8,0.5,4
170,Teens,10,5,3,9,0.6,5
171,Teens,1,2,1,1,0.5,2
171,Teens,1,2,1,2,1.0,2
171,Teens,1,2,1,3,1.0,2
171,Teens,1,2,1,4,1.0,2
171,Teens,1,2,1,5,1.0,2
171,Teens,1,2,1,6,1.0,2
171,Teens,1,2,1,7,1.0,2
171,Teens,1,2,1,8,1.0,2
171,Teens,1,2,1,9,1.0,2
171,Teens,2,3,1,1,0.3333333333333333,3
171,Teens,2,3,1,2,0.6666666666666666,3
171,Teens,2,3,1,3,1.0,3
171,Teens,2,3,1,4,0.6666666666666666,3
171,Teens,2,3,1,5,1.0,3
171,Teens,2,3,1,6,1.0,3
171,Teens,2,3,1,7,1.0,3
171,Teens,2,3,1,8,1.0,3
171,Teens,2,3,1,9,1.0,3
171,Teens,3,4,1,1,0.75,4
171,Teens,3,4,1,2,0.5,4
171,Teens,3,4,1,3,1.0,4
171,Teens,3,4,1,4,0.75,4
171,Teens,3,4,1,5,1.0,4
171,Teens,3,4,1,6,1.0,4
171,Teens,3,4,1,7,1.0,4
171,Teens,3,4,1,8,1.0,4
171,Teens,3,4,1,9,1.0,4
171,Teens,4,5,1,1,0.2,5
171,Teens,4,5,1,2,0.4,5
171,Teens,4,5,1,3,0.6,5
171,Teens,4,5,1,4,0.6,5
171,Teens,4,5,1,5,0.8,5
171,Teens,4,5,1,6,1.0,4
171,Teens,4,5,1,7,0.6,5
171,Teens,4,5,1,8,0.6,5
171,Teens,4,5,1,9,0.6,5
171,Teens,5,3,2,1,0.6666666666666666,3
171,Teens,5,3,2,2,0.6666666666666666,3
171,Teens,5,3,2,3,1.0,3
171,Teens,5,3,2,4,1.0,3
171,Teens,5,3,2,5,1.0,3
171,Teens,5,3,2,6,1.0,3
171,Teens,5,3,2,7,1.0,3
171,Teens,5,3,2,8,1.0,3
171,Teens,5,3,2,9,1.0,3
171,Teens,6,5,2,1,0.6,5
171,Teens,6,5,2,2,0.2,5
171,Teens,6,5,2,3,0.2,5
171,Teens,6,5,2,4,0.6,5
171,Teens,6,5,2,5,0.4,5
171,Teens,6,5,2,6,0.8,5
171,Teens,6,5,2,7,0.6,5
171,Teens,6,5,2,8,0.4,5
171,Teens,6,5,2,9,0.8,5
171,Teens,7,2,2,1,0.0,2
171,Teens,7,2,2,2,0.0,2
171,Teens,7,2,2,3,1.0,2
171,Teens,7,2,2,4,1.0,2
171,Teens,7,2,2,5,1.0,2
171,Teens,7,2,2,6,1.0,2
171,Teens,7,2,2,7,1.0,2
171,Teens,7,2,2,8,1.0,2
171,Teens,7,2,2,9,1.0,2
171,Teens,8,3,3,1,0.3333333333333333,3
171,Teens,8,3,3,2,0.6666666666666666,3
171,Teens,8,3,3,3,1.0,3
171,Teens,8,3,3,4,1.0,3
171,Teens,8,3,3,5,0.6666666666666666,3
171,Teens,8,3,3,6,1.0,3
171,Teens,8,3,3,7,1.0,3
171,Teens,8,3,3,8,1.0,3
171,Teens,8,3,3,9,1.0,3
171,Teens,9,4,2,1,0.5,4
171,Teens,9,4,2,2,0.75,4
171,Teens,9,4,2,3,1.0,4
171,Teens,9,4,2,4,0.5,4
171,Teens,9,4,2,5,0.75,4
171,Teens,9,4,2,6,1.0,4
171,Teens,9,4,2,7,0.75,4
171,Teens,9,4,2,8,1.0,4
171,Teens,9,4,2,9,1.0,4
171,Teens,10,5,3,1,0.2,5
171,Teens,10,5,3,2,0.4,5
171,Teens,10,5,3,3,1.0,5
171,Teens,10,5,3,4,1.0,5
171,Teens,10,5,3,5,1.0,5
171,Teens,10,5,3,6,1.0,5
171,Teens,10,5,3,7,1.0,5
171,Teens,10,5,3,8,1.0,5
171,Teens,10,5,3,9,1.0,5
172,Teens,1,2,1,1,0.5,2
172,Teens,1,2,1,2,1.0,2
172,Teens,1,2,1,3,1.0,2
172,Teens,1,2,1,4,1.0,2
172,Teens,1,2,1,5,1.0,2
172,Teens,1,2,1,6,1.0,2
172,Teens,1,2,1,7,1.0,2
172,Teens,1,2,1,8,1.0,2
172,Teens,1,2,1,9,1.0,2
172,Teens,2,3,1,1,0.6666666666666666,3
172,Teens,2,3,1,2,0.6666666666666666,3
172,Teens,2,3,1,3,0.6666666666666666,3
172,Teens,2,3,1,4,0.6666666666666666,3
172,Teens,2,3,1,5,1.0,3
172,Teens,2,3,1,6,1.0,3
172,Teens,2,3,1,7,0.6666666666666666,3
172,Teens,2,3,1,8,0.6666666666666666,3
172,Teens,2,3,1,9,1.0,3
172,Teens,3,5,1,1,0.4,5
172,Teens,3,5,1,2,0.6,5
172,Teens,3,5,1,3,0.8,5
172,Teens,3,5,1,4,0.8,5
172,Teens,3,5,1,5,0.8,5
172,Teens,3,5,1,6,1.0,5
172,Teens,3,5,1,7,1.0,5
172,Teens,3,5,1,8,0.8,5
172,Teens,3,5,1,9,1.0,5
172,Teens,4,4,1,1,0.75,4
172,Teens,4,4,1,2,0.75,4
172,Teens,4,4,1,3,0.75,4
172,Teens,4,4,1,4,0.75,4
172,Teens,4,4,1,5,0.5,4
172,Teens,4,4,1,6,1.0,4
172,Teens,4,4,1,7,1.0,4
172,Teens,4,4,1,8,1.0,4
172,Teens,4,4,1,9,0.75,4
172,Teens,5,3,2,1,1.0,3
172,Teens,5,3,2,2,1.0,3
172,Teens,5,3,2,3,1.0,3
172,Teens,5,3,2,4,1.0,3
172,Teens,5,3,2,5,1.0,3
172,Teens,5,3,2,6,1.0,3
172,Teens,5,3,2,7,1.0,3
172,Teens,5,3,2,8,1.0,3
172,Teens,5,3,2,9,1.0,3
172,Teens,6,5,2,1,0.2,5
172,Teens,6,5,2,2,0.2,5
172,Teens,6,5,2,3,0.4,5
172,Teens,6,5,2,4,0.2,5
172,Teens,6,5,2,5,0.6,5
172,Teens,6,5,2,6,0.6,5
172,Teens,6,5,2,7,0.8,5
172,Teens,6,5,2,8,0.4,5
172,Teens,6,5,2,9,0.4,5
172,Teens,7,2,2,1,0.5,2
172,Teens,7,2,2,2,1.0,2
172,Teens,7,2,2,3,1.0,2
172,Teens,7,2,2,4,1.0,2
172,Teens,7,2,2,5,1.0,2
172,Teens,7,2,2,6,1.0,2
172,Teens,7,2,2,7,1.0,2
172,Teens,7,2,2,8,1.0,2
172,Teens,7,2,2,9,0.0,2
172,Teens,8,3,3,1,1.0,3
172,Teens,8,3,3,2,0.6666666666666666,3
172,Teens,8,3,3,3,1.0,3
172,Teens,8,3,3,4,1.0,3
172,Teens,8,3,3,5,1.0,3
172,Teens,8,3,3,6,1.0,3
172,Teens,8,3,3,7,1.0,3
172,Teens,8,3,3,8,1.0,3
172,Teens,8,3,3,9,1.0,3
172,Teens,9,5,3,1,0.0,5
172,Teens,9,5,3,2,0.4,5
172,Teens,9,5,3,3,0.6,5
172,Teens,9,5,3,4,0.6,5
172,Teens,9,5,3,5,0.8,5
172,Teens,9,5,3,6,0.6,5
172,Teens,9,5,3,7,0.4,5
172,Teens,9,5,3,8,0.4,5
172,Teens,9,5,3,9,0.6,5
172,Teens,10,4,2,1,0.5,4
172,Teens,10,4,2,2,1.0,4
172,Teens,10,4,2,3,1.0,4
172,Teens,10,4,2,4,1.0,4
172,Teens,10,4,2,5,1.0,4
172,Teens,10,4,2,6,1.0,4
172,Teens,10,4,2,7,1.0,4
172,Teens,10,4,2,8,1.0,4
172,Teens,10,4,2,9,1.0,4
173,Teens,1,2,1,1,0.0,2
173,Teens,1,2,1,2,0.0,2
173,Teens,1,2,1,3,0.0,2
173,Teens,1,2,1,4,0.0,2
173,Teens,1,2,1,5,0.0,2
173,Teens,1,2,1,6,0.0,2
173,Teens,1,2,1,7,0.5,2
173,Teens,1,2,1,8,0.5,2
173,Teens,1,2,1,9,0.0,2
173,Teens,2,3,1,1,0.6666666666666666,3
173,Teens,2,3,1,2,0.6666666666666666,3
173,Teens,2,3,1,3,0.6666666666666666,3
173,Teens,2,3,1,4,1.0,3
173,Teens,2,3,1,5,1.0,3
173,Teens,2,3,1,6,1.0,3
173,Teens,2,3,1,7,1.0,3
173,Teens,2,3,1,8,1.0,3
173,Teens,2,3,1,9,1.0,3
173,Teens,3,5,1,1,0.4,5
173,Teens,3,5,1,2,0.6,5
173,Teens,3,5,1,3,0.6,5
173,Teens,3,5,1,4,1.0,5
173,Teens,3,5,1,5,0.8,5
173,Teens,3,5,1,6,0.8,5
173,Teens,3,5,1,7,0.6666666666666666,3
173,Teens,3,5,1,8,0.8,5
173,Teens,3,5,1,9,0.8,5
173,Teens,4,4,1,1,0.5,4
173,Teens,4,4,1,2,1.0,4
173,Teens,4,4,1,3,0.75,4
173,Teens,4,4,1,4,0.75,4
173,Teens,4,4,1,5,1.0,4
173,Teens,4,4,1,6,0.75,4
173,Teens,4,4,1,7,1.0,4
173,Teens,4,4,1,8,1.0,4
173,Teens,4,4,1,9,1.0,4
173,Teens,5,3,2,1,0.3333333333333333,3
173,Teens,5,3,2,2,1.0,3
173,Teens,5,3,2,3,1.0,3
173,Teens,5,3,2,4,1.0,3
173,Teens,5,3,2,5,1.0,3
173,Teens,5,3,2,6,1.0,3
173,Teens,5,3,2,7,1.0,3
173,Teens,5,3,2,8,1.0,3
173,Teens,5,3,2,9,0.6666666666666666,3
173,Teens,6,5,2,1,0.6,5
173,Teens,6,5,2,2,0.4,5
173,Teens,6,5,2,3,0.4,5
173,Teens,6,5,2,4,0.8,5
173,Teens,6,5,2,5,0.6,5
173,Teens,6,5,2,6,0.6,5
173,Teens,6,5,2,7,0.8,5
173,Teens,6,5,2,8,1.0,5
173,Teens,6,5,2,9,1.0,5
173,Teens,7,2,2,1,0.0,1
173,Teens,7,2,2,2,0.5,2
173,Teens,7,2,2,3,1.0,2
173,Teens,7,2,2,4,1.0,2
173,Teens,7,2,2,5,0.5,2
173,Teens,7,2,2,6,1.0,2
173,Teens,7,2,2,7,1.0,2
173,Teens,7,2,2,8,0.0,2
173,Teens,7,2,2,9,0.5,2
173,Teens,8,3,3,1,1.0,3
173,Teens,8,3,3,2,1.0,3
173,Teens,8,3,3,3,1.0,3
173,Teens,8,3,3,4,1.0,3
173,Teens,8,3,3,5,1.0,3
173,Teens,8,3,3,6,1.0,3
173,Teens,8,3,3,7,1.0,3
173,Teens,8,3,3,8,1.0,3
173,Teens,8,3,3,9,1.0,3
173,Teens,9,5,3,1,0.2,5
173,Teens,9,5,3,2,0.2,5
173,Teens,9,5,3,3,0.5,4
173,Teens,9,5,3,4,0.4,5
173,Teens,9,5,3,5,0.6,5
173,Teens,9,5,3,6,0.8,5
173,Teens,9,5,3,7,0.6,5
173,Teens,9,5,3,8,1.0,5
173,Teens,9,5,3,9,1.0,5
173,Teens,10,4,2,1,0.25,4
173,Teens,10,4,2,2,0.5,4
173,Teens,10,4,2,3,0.75,4
173,Teens,10,4,2,4,0.75,4
173,Teens,10,4,2,5,0.75,4
173,Teens,10,4,2,6,1.0,4
173,Teens,10,4,2,7,1.0,4
173,Teens,10,4,2,8,1.0,4
173,Teens,10,4,2,9,0.5,4
174,Teens,1,2,1,1,0.5,2
174,Teens,1,2,1,2,1.0,2
174,Teens,1,2,1,3,1.0,2
174,Teens,1,2,1,4,1.0,2
174,Teens,1,2,1,5,1.0,2
174,Teens,1,2,1,6,1.0,2
174,Teens,1,2,1,7,1.0,2
174,Teens,1,2,1,8,1.0,2
174,Teens,1,2,1,9,1.0,2
174,Teens,2,3,1,1,0.3333333333333333,3
174,Teens,2,3,1,2,0.3333333333333333,3
174,Teens,2,3,1,3,0.3333333333333333,3
174,Teens,2,3,1,4,0.3333333333333333,3
174,Teens,2,3,1,5,0.3333333333333333,3
174,Teens,2,3,1,6,1.0,3
174,Teens,2,3,1,7,1.0,3
174,Teens,2,3,1,8,1.0,3
174,Teens,2,3,1,9,1.0,3
174,Teens,3,5,1,1,0.4,5
174,Teens,3,5,1,2,0.2,5
174,Teens,3,5,1,3,0.6,5
174,Teens,3,5,1,4,0.8,5
174,Teens,3,5,1,5,1.0,5
174,Teens,3,5,1,6,0.8,5
174,Teens,3,5,1,7,1.0,5
174,Teens,3,5,1,8,1.0,5
174,Teens,3,5,1,9,1.0,5
174,Teens,4,4,1,1,0.25,4
174,Teens,4,4,1,2,0.25,4
174,Teens,4,4,1,3,1.0,4
174,Teens,4,4,1,4,1.0,4
174,Teens,4,4,1,5,1.0,4
174,Teens,4,4,1,6,0.75,4
174,Teens,4,4,1,7,1.0,4
174,Teens,4,4,1,8,0.75,4
174,Teens,4,4,1,9,1.0,4
174,Teens,5,3,2,1,0.6666666666666666,3
174,Teens,5,3,2,2,1.0,3
174,Teens,5,3,2,3,1.0,3
174,Teens,5,3,2,4,1.0,3
174,Teens,5,3,2,5,1.0,3
174,Teens,5,3,2,6,1.0,3
174,Teens,5,3,2,7,1.0,3
174,Teens,5,3,2,8,1.0,3
174,Teens,5,3,2,9,1.0,3
174,Teens,6,5,2,1,0.4,5
174,Teens,6,5,2,2,0.4,5
174,Teens,6,5,2,3,0.4,5
174,Teens,6,5,2,4,0.6,5
174,Teens,6,5,2,5,0.8,5
174,Teens,6,5,2,6,0.8,5
174,Teens,6,5,2,7,1.0,5
174,Teens,6,5,2,8,1.0,5
174,Teens,6,5,2,9,0.8,5
174,Teens,7,2,2,1,0.0,2
174,Teens,7,2,2,2,0.5,2
174,Teens,7,2,2,3,1.0,2
174,Teens,7,2,2,4,1.0,2
174,Teens,7,2,2,5,1.0,2
174,Teens,7,2,2,6,1.0,2
174,Teens,7,2,2,7,0.5,2
174,Teens,7,2,2,8,1.0,2
174,Teens,7,2,2,9,0.5,2
174,Teens,8,3,3,1,0.6666666666666666,3
174,Teens,8,3,3,2,1.0,3
174,Teens,8,3,3,3,1.0,3
174,Teens,8,3,3,4,1.0,3
174,Teens,8,3,3,5,1.0,3
174,Teens,8,3,3,6,1.0,3
174,Teens,8,3,3,7,1.0,3
174,Teens,8,3,3,8,1.0,3
174,Teens,8,3,3,9,1.0,3
174,Teens,9,5,3,1,0.4,5
174,Teens,9,5,3,2,0.6,5
174,Teens,9,5,3,3,1.0,5
174,Teens,9,5,3,4,1.0,5
174,Teens,9,5,3,5,1.0,5
174,Teens,9,5,3,6,0.6,5
174,Teens,9,5,3,7,1.0,5
174,Teens,9,5,3,8,1.0,5
174,Teens,9,5,3,9,0.8,5
174,Teens,10,4,2,1,0.25,4
174,Teens,10,4,2,2,0.75,4
174,Teens,10,4,2,3,0.75,4
174,Teens,10,4,2,4,1.0,4
174,Teens,10,4,2,5,1.0,4
174,Teens,10,4,2,6,1.0,4
174,Teens,10,4,2,7,0.75,4
174,Teens,10,4,2,8,1.0,4
174,Teens,10,4,2,9,1.0,4
175,Teens,1,2,1,1,1.0,2
175,Teens,1,2,1,2,1.0,2
175,Teens,1,2,1,3,1.0,2
175,Teens,1,2,1,4,1.0,2
175,Teens,1,2,1,5,1.0,2
175,Teens,1,2,1,6,0.5,2
175,Teens,1,2,1,7,1.0,2
175,Teens,1,2,1,8,1.0,2
175,Teens,1,2,1,9,1.0,2
175,Teens,2,3,1,1,0.3333333333333333,3
175,Teens,2,3,1,2,0.3333333333333333,3
175,Teens,2,3,1,3,1.0,3
175,Teens,2,3,1,4,0.6666666666666666,3
175,Teens,2,3,1,5,1.0,3
175,Teens,2,3,1,6,1.0,3
175,Teens,2,3,1,7,1.0,3
175,Teens,2,3,1,8,1.0,3
175,Teens,2,3,1,9,1.0,3
175,Teens,3,4,1,1,0.75,4
175,Teens,3,4,1,2,0.5,4
175,Teens,3,4,1,3,0.75,4
175,Teens,3,4,1,4,1.0,4
175,Teens,3,4,1,5,1.0,4
175,Teens,3,4,1,6,1.0,4
175,Teens,3,4,1,7,1.0,4
175,Teens,3,4,1,8,1.0,4
175,Teens,3,4,1,9,0.75,4
175,Teens,4,5,1,1,0.4,5
175,Teens,4,5,1,2,0.6,5
175,Teens,4,5,1,3,1.0,5
175,Teens,4,5,1,4,1.0,5
175,Teens,4,5,1,5,1.0,5
175,Teens,4,5,1,6,1.0,5
175,Teens,4,5,1,7,1.0,5
175,Teens,4,5,1,8,0.8,5
175,Teens,4,5,1,9,0.8,5
175,Teens,5,3,2,1,0.3333333333333333,3
175,Teens,5,3,2,2,1.0,3
175,Teens,5,3,2,3,1.0,3
175,Teens,5,3,2,4,1.0,3
175,Teens,5,3,2,5,1.0,3
175,Teens,5,3,2,6,1.0,3
175,Teens,5,3,2,7,1.0,3
175,Teens,5,3,2,8,1.0,3
175,Teens,5,3,2,9,1.0,3
175,Teens,6,5,2,1,0.6,5
175,Teens,6,5,2,2,0.8,5
175,Teens,6,5,2,3,0.6,5
175,Teens,6,5,2,4,0.6,5
175,Teens,6,5,2,5,0.8,5
175,Teens,6,5,2,6,1.0,5
175,Teens,6,5,2,7,1.0,5
175,Teens,6,5,2,8,1.0,5
175,Teens,6,5,2,9,1.0,5
175,Teens,7,2,2,1,0.5,2
175,Teens,7,2,2,2,1.0,2
175,Teens,7,2,2,3,1.0,2
175,Teens,7,2,2,4,1.0,2
175,Teens,7,2,2,5,1.0,2
175,Teens,7,2,2,6,1.0,2
175,Teens,7,2,2,7,1.0,2
175,Teens,7,2,2,8,1.0,2
175,Teens,7,2,2,9,0.5,2
175,Teens,8,3,3,1,0.6666666666666666,3
175,Teens,8,3,3,2,1.0,3
175,Teens,8,3,3,3,1.0,3
175,Teens,8,3,3,4,1.0,3
175,Teens,8,3,3,5,1.0,3
175,Teens,8,3,3,6,1.0,3
175,Teens,8,3,3,7,1.0,3
175,Teens,8,3,3,8,0.6666666666666666,3
175,Teens,8,3,3,9,1.0,3
175,Teens,9,4,2,1,0.5,4
175,Teens,9,4,2,2,0.75,4
175,Teens,9,4,2,3,1.0,4
175,Teens,9,4,2,4,1.0,4
175,Teens,9,4,2,5,1.0,4
175,Teens,9,4,2,6,1.0,4
175,Teens,9,4,2,7,1.0,4
175,Teens,9,4,2,8,0.75,4
175,Teens,9,4,2,9,1.0,4
175,Teens,10,5,3,1,0.2,5
175,Teens,10,5,3,2,0.6,5
175,Teens,10,5,3,3,0.8,5
175,Teens,10,5,3,4,1.0,5
175,Teens,10,5,3,5,1.0,5
175,Teens,10,5,3,6,1.0,5
175,Teens,10,5,3,7,1.0,5
175,Teens,10,5,3,8,1.0,5
175,Teens,10,5,3,9,1.0,5
176,Teens,1,2,1,1,0.5,2
176,Teens,1,2,1,2,0.5,2
176,Teens,1,2,1,3,1.0,2
176,Teens,1,2,1,4,1.0,2
176,Teens,1,2,1,5,1.0,2
176,Teens,1,2,1,6,1.0,2
176,Teens,1,2,1,7,0.5,2
176,Teens,1,2,1,8,1.0,2
176,Teens,1,2,1,9,1.0,2
176,Teens,2,3,1,1,0.3333333333333333,3
176,Teens,2,3,1,2,0.6666666666666666,3
176,Teens,2,3,1,3,1.0,3
176,Teens,2,3,1,4,1.0,3
176,Teens,2,3,1,5,1.0,3
176,Teens,2,3,1,6,0.6666666666666666,3
176,Teens,2,3,1,7,1.0,3
176,Teens,2,3,1,8,0.6666666666666666,3
176,Teens,2,3,1,9,1.0,3
176,Teens,3,4,1,1,0.25,4
176,Teens,3,4,1,2,0.75,4
176,Teens,3,4,1,3,0.5,4
176,Teens,3,4,1,4,1.0,4
176,Teens,3,4,1,5,1.0,4
176,Teens,3,4,1,6,1.0,4
176,Teens,3,4,1,7,1.0,4
176,Teens,3,4,1,8,1.0,4
176,Teens,3,4,1,9,1.0,4
176,Teens,4,5,1,1,0.2,5
176,Teens,4,5,1,2,0.2,5
176,Teens,4,5,1,3,0.4,5
176,Teens,4,5,1,4,0.8,5
176,Teens,4,5,1,5,0.8,5
176,Teens,4,5,1,6,1.0,5
176,Teens,4,5,1,7,1.0,5
176,Teens,4,5,1,8,1.0,5
176,Teens,4,5,1,9,0.6,5
176,Teens,5,3,2,1,0.6666666666666666,3
176,Teens,5,3,2,2,1.0,3
176,Teens,5,3,2,3,1.0,3
176,Teens,5,3,2,4,1.0,3
176,Teens,5,3,2,5,1.0,3
176,Teens,5,3,2,6,1.0,3
176,Teens,5,3,2,7,1.0,3
176,Teens,5,3,2,8,1.0,3
176,Teens,5,3,2,9,0.6666666666666666,3
176,Teens,6,5,2,1,0.6,5
176,Teens,6,5,2,2,0.8,5
176,Teens,6,5,2,3,0.8,5
176,Teens,6,5,2,4,0.8,5
176,Teens,6,5,2,5,1.0,5
176,Teens,6,5,2,6,1.0,5
176,Teens,6,5,2,7,1.0,5
176,Teens,6,5,2,8,1.0,5
176,Teens,6,5,2,9,1.0,5
176,Teens,7,2,2,1,0.5,2
176,Teens,7,2,2,2,0.5,2
176,Teens,7,2,2,3,1.0,2
176,Teens,7,2,2,4,1.0,2
176,Teens,7,2,2,5,1.0,2
176,Teens,7,2,2,6,1.0,2
176,Teens,7,2,2,7,0.0,2
176,Teens,7,2,2,8,0.5,2
176,Teens,7,2,2,9,1.0,2
176,Teens,8,3,3,1,1.0,3
176,Teens,8,3,3,2,1.0,3
176,Teens,8,3,3,3,1.0,3
176,Teens,8,3,3,4,1.0,3
176,Teens,8,3,3,5,1.0,3
176,Teens,8,3,3,6,1.0,3
176,Teens,8,3,3,7,1.0,3
176,Teens,8,3,3,8,1.0,3
176,Teens,8,3,3,9,1.0,3
176,Teens,9,4,2,1,0.5,4
176,Teens,9,4,2,2,0.75,4
176,Teens,9,4,2,3,0.75,4
176,Teens,9,4,2,4,0.75,4
176,Teens,9,4,2,5,0.75,4
176,Teens,9,4,2,6,1.0,4
176,Teens,9,4,2,7,1.0,4
176,Teens,9,4,2,8,1.0,4
176,Teens,9,4,2,9,1.0,4
176,Teens,10,5,3,1,0.4,5
176,Teens,10,5,3,2,0.8,5
176,Teens,10,5,3,3,1.0,5
176,Teens,10,5,3,4,1.0,5
176,Teens,10,5,3,5,1.0,5
176,Teens,10,5,3,6,1.0,5
176,Teens,10,5,3,7,1.0,5
176,Teens,10,5,3,8,1.0,5
176,Teens,10,5,3,9,1.0,5
177,Teens,1,2,1,1,0.0,2
177,Teens,1,2,1,2,0.0,2
177,Teens,1,2,1,3,1.0,2
177,Teens,1,2,1,4,1.0,2
177,Teens,1,2,1,5,1.0,2
177,Teens,1,2,1,6,1.0,2
177,Teens,1,2,1,7,1.0,2
177,Teens,1,2,1,8,1.0,2
177,Teens,1,2,1,9,1.0,2
177,Teens,2,3,1,1,0.3333333333333333,3
177,Teens,2,3,1,2,0.3333333333333333,3
177,Teens,2,3,1,3,0.3333333333333333,3
177,Teens,2,3,1,4,0.3333333333333333,3
177,Teens,2,3,1,5,1.0,3
177,Teens,2,3,1,6,1.0,3
177,Teens,2,3,1,7,1.0,3
177,Teens,2,3,1,8,1.0,3
177,Teens,2,3,1,9,1.0,3
177,Teens,3,4,1,1,1.0,4
177,Teens,3,4,1,2,1.0,4
177,Teens,3,4,1,3,1.0,4
177,Teens,3,4,1,4,1.0,4
177,Teens,3,4,1,5,1.0,4
177,Teens,3,4,1,6,1.0,4
177,Teens,3,4,1,7,1.0,3
177,Teens,3,4,1,8,1.0,4
177,Teens,3,4,1,9,1.0,4
177,Teens,4,5,1,1,0.6,5
177,Teens,4,5,1,2,0.4,5
177,Teens,4,5,1,3,0.4,5
177,Teens,4,5,1,4,0.8,5
177,Teens,4,5,1,5,0.8,5
177,Teens,4,5,1,6,0.8,5
177,Teens,4,5,1,7,0.6,5
177,Teens,4,5,1,8,1.0,5
177,Teens,4,5,1,9,1.0,5
177,Teens,5,3,2,1,0.0,3
177,Teens,5,3,2,2,0.3333333333333333,3
177,Teens,5,3,2,3,0.6666666666666666,3
177,Teens,5,3,2,4,0.3333333333333333,3
177,Teens,5,3,2,5,1.0,3
177,Teens,5,3,2,6,0.6666666666666666,3
177,Teens,5,3,2,7,1.0,3
177,Teens,5,3,2,8,1.0,3
177,Teens,5,3,2,9,1.0,3
177,Teens,6,5,2,1,0.2,5
177,Teens,6,5,2,2,1.0,5
177,Teens,6,5,2,3,0.8,5
177,Teens,6,5,2,4,1.0,5
177,Teens,6,5,2,5,1.0,5
177,Teens,6,5,2,6,0.8,5
177,Teens,6,5,2,7,1.0,5
177,Teens,6,5,2,8,1.0,5
177,Teens,6,5,2,9,1.0,5
177,Teens,7,2,2,1,0.5,2
177,Teens,7,2,2,2,1.0,2
177,Teens,7,2,2,3,1.0,2
177,Teens,7,2,2,4,1.0,2
177,Teens,7,2,2,5,1.0,2
177,Teens,7,2,2,6,1.0,2
177,Teens,7,2,2,7,1.0,2
177,Teens,7,2,2,8,1.0,2
177,Teens,7,2,2,9,1.0,2
177,Teens,8,3,3,1,0.6666666666666666,3
177,Teens,8,3,3,2,0.3333333333333333,3
177,Teens,8,3,3,3,0.6666666666666666,3
177,Teens,8,3,3,4,0.6666666666666666,3
177,Teens,8,3,3,5,0.6666666666666666,3
177,Teens,8,3,3,6,1.0,3
177,Teens,8,3,3,7,1.0,3
177,Teens,8,3,3,8,1.0,3
177,Teens,8,3,3,9,1.0,3
177,Teens,9,4,2,1,0.0,4
177,Teens,9,4,2,2,0.0,4
177,Teens,9,4,2,3,0.25,4
177,Teens,9,4,2,4,0.5,4
177,Teens,9,4,2,5,0.5,4
177,Teens,9,4,2,6,0.75,4
177,Teens,9,4,2,7,0.75,4
177,Teens,9,4,2,8,0.5,4
177,Teens,9,4,2,9,0.75,4
177,Teens,10,5,3,1,0.2,5
177,Teens,10,5,3,2,0.4,5
177,Teens,10,5,3,3,0.8,5
177,Teens,10,5,3,4,0.2,5
177,Teens,10,5,3,5,0.6,5
177,Teens,10,5,3,6,0.6,5
177,Teens,10,5,3,7,0.6,5
177,Teens,10,5,3,8,0.8,5
177,Teens,10,5,3,9,0.6,5
178,Teens,1,2,1,1,0.5,2
178,Teens,1,2,1,2,1.0,2
178,Teens,1,2,1,3,1.0,2
178,Teens,1,2,1,4,1.0,2
178,Teens,1,2,1,5,1.0,2
178,Teens,1,2,1,6,1.0,2
178,Teens,1,2,1,7,0.0,2
178,Teens,1,2,1,8,1.0,2
178,Teens,1,2,1,9,1.0,2
178,Teens,2,4,1,1,0.25,4
178,Teens,2,4,1,2,1.0,4
178,Teens,2,4,1,3,1.0,4
178,Teens,2,4,1,4,1.0,4
178,Teens,2,4,1,5,1.0,4
178,Teens,2,4,1,6,1.0,4
178,Teens,2,4,1,7,1.0,4
178,Teens,2,4,1,8,1.0,4
178,Teens,2,4,1,9,1.0,4
178,Teens,3,3,1,1,0.0,3
178,Teens,3,3,1,2,0.3333333333333333,3
178,Teens,3,3,1,3,0.6666666666666666,3
178,Teens,3,3,1,4,0.6666666666666666,3
178,Teens,3,3,1,5,1.0,3
178,Teens,3,3,1,6,1.0,3
178,Teens,3,3,1,7,1.0,3
178,Teens,3,3,1,8,1.0,3
178,Teens,3,3,1,9,1.0,3
178,Teens,4,5,1,1,0.8,5
178,Teens,4,5,1,2,0.6,5
178,Teens,4,5,1,3,0.8,5
178,Teens,4,5,1,4,0.8,5
178,Teens,4,5,1,5,0.8,5
178,Teens,4,5,1,6,0.6,5
178,Teens,4,5,1,7,1.0,5
178,Teens,4,5,1,8,0.8,5
178,Teens,4,5,1,9,1.0,5
178,Teens,5,3,2,1,0.6666666666666666,3
178,Teens,5,3,2,2,0.3333333333333333,3
178,Teens,5,3,2,3,1.0,3
178,Teens,5,3,2,4,1.0,3
178,Teens,5,3,2,5,1.0,3
178,Teens,5,3,2,6,1.0,3
178,Teens,5,3,2,7,1.0,3
178,Teens,5,3,2,8,1.0,3
178,Teens,5,3,2,9,1.0,3
178,Teens,6,5,2,1,0.2,5
178,Teens,6,5,2,2,0.4,5
178,Teens,6,5,2,3,0.6,5
178,Teens,6,5,2,4,0.6,5
178,Teens,6,5,2,5,0.8,5
178,Teens,6,5,2,6,0.8,5
178,Teens,6,5,2,7,0.8,5
178,Teens,6,5,2,8,1.0,5
178,Teens,6,5,2,9,1.0,5
178,Teens,7,2,2,1,0.5,2
178,Teens,7,2,2,2,1.0,2
178,Teens,7,2,2,3,1.0,2
178,Teens,7,2,2,4,1.0,2
178,Teens,7,2,2,5,1.0,2
178,Teens,7,2,2,6,1.0,2
178,Teens,7,2,2,7,1.0,2
178,Teens,7,2,2,8,1.0,2
178,Teens,7,2,2,9,1.0,2
178,Teens,8,4,2,1,0.25,4
178,Teens,8,4,2,2,0.75,4
178,Teens,8,4,2,3,0.5,4
178,Teens,8,4,2,4,0.5,4
178,Teens,8,4,2,5,1.0,4
178,Teens,8,4,2,6,0.75,4
178,Teens,8,4,2,7,1.0,4
178,Teens,8,4,2,8,1.0,4
178,Teens,8,4,2,9,0.75,4
178,Teens,9,3,3,1,0.3333333333333333,3
178,Teens,9,3,3,2,1.0,3
178,Teens,9,3,3,3,1.0,3
178,Teens,9,3,3,4,1.0,3
178,Teens,9,3,3,5,1.0,3
178,Teens,9,3,3,6,1.0,3
178,Teens,9,3,3,7,1.0,3
178,Teens,9,3,3,8,1.0,3
178,Teens,9,3,3,9,1.0,3
178,Teens,10,5,3,1,0.2,5
178,Teens,10,5,3,2,0.2,5
178,Teens,10,5,3,3,0.4,5
178,Teens,10,5,3,4,0.6,5
178,Teens,10,5,3,5,0.6,5
178,Teens,10,5,3,6,0.8,5
178,Teens,10,5,3,7,0.8,5
178,Teens,10,5,3,8,1.0,5
178,Teens,10,5,3,9,1.0,5
179,Kids,1,2,1,1,0.5,2
179,Kids,1,2,1,2,1.0,2
179,Kids,1,2,1,3,1.0,2
179,Kids,1,2,1,4,0.5,2
179,Kids,1,2,1,5,1.0,2
179,Kids,1,2,1,6,1.0,2
179,Kids,1,2,1,7,0.5,2
179,Kids,1,2,1,8,1.0,2
179,Kids,1,2,1,9,1.0,2
179,Kids,2,3,1,1,0.0,3
179,Kids,2,3,1,2,0.6666666666666666,3
179,Kids,2,3,1,3,0.0,3
179,Kids,2,3,1,4,0.3333333333333333,3
179,Kids,2,3,1,5,0.0,3
179,Kids,2,3,1,6,0.6666666666666666,3
179,Kids,2,3,1,7,1.0,3
179,Kids,2,3,1,8,1.0,3
179,Kids,2,3,1,9,1.0,3
179,Kids,3,4,1,1,0.0,4
179,Kids,3,4,1,2,0.75,4
179,Kids,3,4,1,3,0.25,4
179,Kids,3,4,1,4,0.75,4
179,Kids,3,4,1,5,0.25,4
179,Kids,3,4,1,6,0.5,4
179,Kids,3,4,1,7,0.5,4
179,Kids,3,4,1,8,1.0,4
179,Kids,3,4,1,9,1.0,4
179,Kids,4,5,1,1,0.0,5
179,Kids,4,5,1,2,0.4,5
179,Kids,4,5,1,3,0.0,5
179,Kids,4,5,1,4,0.6,5
179,Kids,4,5,1,5,0.6,5
179,Kids,4,5,1,6,0.8,5
179,Kids,4,5,1,7,1.0,5
179,Kids,4,5,1,8,1.0,5
179,Kids,4,5,1,9,0.8,5
179,Kids,5,3,2,1,0.3333333333333333,3
179,Kids,5,3,2,2,0.3333333333333333,3
179,Kids,5,3,2,3,1.0,3
179,Kids,5,3,2,4,1.0,3
179,Kids,5,3,2,5,1.0,3
179,Kids,5,3,2,6,1.0,3
179,Kids,5,3,2,7,1.0,3
179,Kids,5,3,2,8,1.0,3
179,Kids,5,3,2,9,0.6666666666666666,3
179,Kids,6,5,2,1,0.2,5
179,Kids,6,5,2,2,0.5,4
179,Kids,6,5,2,3,0.5,4
179,Kids,6,5,2,4,0.8,5
179,Kids,6,5,2,5,0.6,5
179,Kids,6,5,2,6,0.0,4
179,Kids,6,5,2,7,0.6,5
179,Kids,6,5,2,8,0.5,4
179,Kids,6,5,2,9,0.25,4
179,Kids,7,2,2,1,0.0,2
179,Kids,7,2,2,2,0.0,2
179,Kids,7,2,2,3,0.0,2
179,Kids,7,2,2,4,0.5,2
179,Kids,7,2,2,5,1.0,2
179,Kids,7,2,2,6,1.0,2
179,Kids,7,2,2,7,0.0,2
179,Kids,7,2,2,8,1.0,2
179,Kids,7,2,2,9,1.0,2
179,Kids,8,3,3,1,0.0,3
179,Kids,8,3,3,2,1.0,3
179,Kids,8,3,3,3,0.6666666666666666,3
179,Kids,8,3,3,4,1.0,3
179,Kids,8,3,3,5,1.0,3
179,Kids,8,3,3,6,1.0,3
179,Kids,8,3,3,7,1.0,3
179,Kids,8,3,3,8,1.0,3
179,Kids,8,3,3,9,1.0,3
179,Kids,9,4,2,1,0.75,4
179,Kids,9,4,2,2,0.25,4
179,Kids,9,4,2,3,0.25,4
179,Kids,9,4,2,4,1.0,4
179,Kids,9,4,2,5,1.0,4
179,Kids,9,4,2,6,1.0,4
179,Kids,9,4,2,7,1.0,4
179,Kids,9,4,2,8,1.0,4
179,Kids,9,4,2,9,0.75,4
179,Kids,10,5,3,1,0.2,5
179,Kids,10,5,3,2,0.0,5
179,Kids,10,5,3,3,0.2,5
179,Kids,10,5,3,4,0.6,5
179,Kids,10,5,3,5,1.0,5
179,Kids,10,5,3,6,0.4,5
179,Kids,10,5,3,7,0.4,5
179,Kids,10,5,3,8,0.5,4
179,Kids,10,5,3,9,0.8,5
180,Kids,1,2,1,1,1.0,2
180,Kids,1,2,1,2,1.0,2
180,Kids,1,2,1,3,1.0,2
180,Kids,1,2,1,4,1.0,2
180,Kids,1,2,1,5,1.0,2
180,Kids,1,2,1,6,1.0,2
180,Kids,1,2,1,7,1.0,2
180,Kids,1,2,1,8,1.0,2
180,Kids,1,2,1,9,1.0,2
180,Kids,2,3,1,1,0.6666666666666666,3
180,Kids,2,3,1,2,0.6666666666666666,3
180,Kids,2,3,1,3,1.0,3
180,Kids,2,3,1,4,0.6666666666666666,3
180,Kids,2,3,1,5,1.0,3
180,Kids,2,3,1,6,1.0,3
180,Kids,2,3,1,7,1.0,3
180,Kids,2,3,1,8,1.0,3
180,Kids,2,3,1,9,1.0,3
180,Kids,3,4,1,1,0.25,4
180,Kids,3,4,1,2,0.6666666666666666,3
180,Kids,3,4,1,3,1.0,4
180,Kids,3,4,1,4,1.0,4
180,Kids,3,4,1,5,1.0,4
180,Kids,3,4,1,6,1.0,4
180,Kids,3,4,1,7,1.0,4
180,Kids,3,4,1,8,1.0,4
180,Kids,3,4,1,9,1.0,4
180,Kids,4,5,1,1,0.6,5
180,Kids,4,5,1,2,0.4,5
180,Kids,4,5,1,3,0.8,5
180,Kids,4,5,1,4,1.0,5
180,Kids,4,5,1,5,1.0,5
180,Kids,4,5,1,6,1.0,5
180,Kids,4,5,1,7,1.0,5
180,Kids,4,5,1,8,1.0,5
180,Kids,4,5,1,9,1.0,5
180,Kids,5,3,2,1,0.3333333333333333,3
180,Kids,5,3,2,2,0.6666666666666666,3
180,Kids,5,3,2,3,0.3333333333333333,3
180,Kids,5,3,2,4,0.6666666666666666,3
180,Kids,5,3,2,5,1.0,3
180,Kids,5,3,2,6,0.6666666666666666,3
180,Kids,5,3,2,7,0.6666666666666666,3
180,Kids,5,3,2,8,0.6666666666666666,3
180,Kids,5,3,2,9,1.0,3
180,Kids,6,5,2,1,0.4,5
180,Kids,6,5,2,2,0.4,5
180,Kids,6,5,2,3,0.2,5
180,Kids,6,5,2,4,0.4,5
180,Kids,6,5,2,5,0.4,5
180,Kids,6,5,2,6,0.4,5
180,Kids,6,5,2,7,0.4,5
180,Kids,6,5,2,8,0.4,5
180,Kids,6,5,2,9,0.6,5
180,Kids,7,2,2,1,0.5,2
180,Kids,7,2,2,2,1.0,2
180,Kids,7,2,2,3,1.0,2
180,Kids,7,2,2,4,1.0,2
180,Kids,7,2,2,5,1.0,2
180,Kids,7,2,2,6,0.5,2
180,Kids,7,2,2,7,1.0,2
180,Kids,7,2,2,8,1.0,2
180,Kids,7,2,2,9,1.0,2
180,Kids,8,3,3,1,0.3333333333333333,3
180,Kids,8,3,3,2,0.3333333333333333,3
180,Kids,8,3,3,3,1.0,3
180,Kids,8,3,3,4,0.3333333333333333,3
180,Kids,8,3,3,5,0.3333333333333333,3
180,Kids,8,3,3,6,0.6666666666666666,3
180,Kids,8,3,3,7,0.6666666666666666,3
180,Kids,8,3,3,8,0.6666666666666666,3
180,Kids,8,3,3,9,0.6666666666666666,3
180,Kids,9,4,2,1,0.25,4
180,Kids,9,4,2,2,0.25,4
180,Kids,9,4,2,3,0.5,4
180,Kids,9,4,2,4,0.75,4
180,Kids,9,4,2,5,0.75,4
180,Kids,9,4,2,6,1.0,4
180,Kids,9,4,2,7,1.0,4
180,Kids,9,4,2,8,1.0,4
180,Kids,9,4,2,9,1.0,4
180,Kids,10,5,3,1,0.4,5
180,Kids,10,5,3,2,0.6,5
180,Kids,10,5,3,3,1.0,5
180,Kids,10,5,3,4,0.8,5
180,Kids,10,5,3,5,1.0,5
180,Kids,10,5,3,6,1.0,5
180,Kids,10,5,3,7,1.0,5
180,Kids,10,5,3,8,1.0,5
180,Kids,10,5,3,9,1.0,5
181,Kids,1,2,1,1,1.0,2
181,Kids,1,2,1,2,1.0,2
181,Kids,1,2,1,3,1.0,2
181,Kids,1,2,1,4,1.0,2
181,Kids,1,2,1,5,1.0,2
181,Kids,1,2,1,6,1.0,2
181,Kids,1,2,1,7,1.0,2
181,Kids,1,2,1,8,1.0,2
181,Kids,1,2,1,9,1.0,2
181,Kids,2,3,1,1,0.3333333333333333,3
181,Kids,2,3,1,2,0.6666666666666666,3
181,Kids,2,3,1,3,0.6666666666666666,3
181,Kids,2,3,1,4,1.0,3
181,Kids,2,3,1,5,1.0,3
181,Kids,2,3,1,6,1.0,3
181,Kids,2,3,1,7,1.0,3
181,Kids,2,3,1,8,1.0,3
181,Kids,2,3,1,9,1.0,3
181,Kids,3,4,1,1,0.5,4
181,Kids,3,4,1,2,0.5,4
181,Kids,3,4,1,3,0.25,4
181,Kids,3,4,1,4,0.25,4
181,Kids,3,4,1,5,0.0,4
181,Kids,3,4,1,6,0.25,4
181,Kids,3,4,1,7,0.5,4
181,Kids,3,4,1,8,0.25,4
181,Kids,3,4,1,9,0.5,4
181,Kids,4,5,1,1,0.0,5
181,Kids,4,5,1,2,0.2,5
181,Kids,4,5,1,3,0.6,5
181,Kids,4,5,1,4,0.8,5
181,Kids,4,5,1,5,0.8,5
181,Kids,4,5,1,6,0.8,5
181,Kids,4,5,1,7,0.8,5
181,Kids,4,5,1,8,1.0,5
181,Kids,4,5,1,9,0.8,5
181,Kids,5,3,2,1,0.0,3
181,Kids,5,3,2,2,0.6666666666666666,3
181,Kids,5,3,2,3,1.0,3
181,Kids,5,3,2,4,0.6666666666666666,3
181,Kids,5,3,2,5,1.0,3
181,Kids,5,3,2,6,1.0,3
181,Kids,5,3,2,7,1.0,3
181,Kids,5,3,2,8,1.0,3
181,Kids,5,3,2,9,1.0,3
181,Kids,6,5,2,1,0.4,5
181,Kids,6,5,2,2,0.4,5
181,Kids,6,5,2,3,0.8,5
181,Kids,6,5,2,4,0.8,5
181,Kids,6,5,2,5,0.8,5
181,Kids,6,5,2,6,1.0,5
181,Kids,6,5,2,7,1.0,5
181,Kids,6,5,2,8,1.0,5
181,Kids,6,5,2,9,1.0,5
181,Kids,7,2,2,1,0.0,2
181,Kids,7,2,2,2,1.0,2
181,Kids,7,2,2,3,1.0,2
181,Kids,7,2,2,4,1.0,2
181,Kids,7,2,2,5,1.0,2
181,Kids,7,2,2,6,1.0,2
181,Kids,7,2,2,7,1.0,2
181,Kids,7,2,2,8,1.0,2
181,Kids,7,2,2,9,1.0,2
181,Kids,8,3,3,1,0.3333333333333333,3
181,Kids,8,3,3,2,1.0,3
181,Kids,8,3,3,3,0.6666666666666666,3
181,Kids,8,3,3,4,1.0,3
181,Kids,8,3,3,5,0.6666666666666666,3
181,Kids,8,3,3,6,0.6666666666666666,3
181,Kids,8,3,3,7,0.3333333333333333,3
181,Kids,8,3,3,8,1.0,3
181,Kids,8,3,3,9,1.0,3
181,Kids,9,4,2,1,0.0,4
181,Kids,9,4,2,2,1.0,4
181,Kids,9,4,2,3,0.5,4
181,Kids,9,4,2,4,0.5,4
181,Kids,9,4,2,5,0.5,4
181,Kids,9,4,2,6,0.25,4
181,Kids,9,4,2,7,0.25,4
181,Kids,9,4,2,8,1.0,4
181,Kids,9,4,2,9,1.0,4
181,Kids,10,5,3,1,0.2,5
181,Kids,10,5,3,2,0.8,5
181,Kids,10,5,3,3,0.6,5
181,Kids,10,5,3,4,0.8,5
181,Kids,10,5,3,5,0.6,5
181,Kids,10,5,3,6,0.4,5
181,Kids,10,5,3,7,1.0,5
181,Kids,10,5,3,8,0.8,5
181,Kids,10,5,3,9,0.8,5
182,Teens,1,2,1,1,0.0,2
182,Teens,1,2,1,2,0.5,2
182,Teens,1,2,1,3,1.0,2
182,Teens,1,2,1,4,1.0,2
182,Teens,1,2,1,5,1.0,2
182,Teens,1,2,1,6,1.0,2
182,Teens,1,2,1,7,1.0,2
182,Teens,1,2,1,8,1.0,2
182,Teens,1,2,1,9,1.0,2
182,Teens,2,3,1,1,0.0,3
182,Teens,2,3,1,2,0.6666666666666666,3
182,Teens,2,3,1,3,0.6666666666666666,3
182,Teens,2,3,1,4,1.0,3
182,Teens,2,3,1,5,1.0,3
182,Teens,2,3,1,6,1.0,3
182,Teens,2,3,1,7,1.0,3
182,Teens,2,3,1,8,1.0,3
182,Teens,2,3,1,9,1.0,3
182,Teens,3,5,1,1,0.0,5
182,Teens,3,5,1,2,0.6,5
182,Teens,3,5,1,3,1.0,5
182,Teens,3,5,1,4,0.8,5
182,Teens,3,5,1,5,1.0,5
182,Teens,3,5,1,6,1.0,5
182,Teens,3,5,1,7,1.0,5
182,Teens,3,5,1,8,1.0,5
182,Teens,3,5,1,9,1.0,5
182,Teens,4,4,1,1,0.75,4
182,Teens,4,4,1,2,1.0,4
182,Teens,4,4,1,3,0.5,4
182,Teens,4,4,1,4,0.75,4
182,Teens,4,4,1,5,0.75,4
182,Teens,4,4,1,6,1.0,4
182,Teens,4,4,1,7,1.0,4
182,Teens,4,4,1,8,0.75,4
182,Teens,4,4,1,9,1.0,4
182,Teens,5,3,2,1,0.6666666666666666,3
182,Teens,5,3,2,2,1.0,3
182,Teens,5,3,2,3,1.0,3
182,Teens,5,3,2,4,1.0,3
182,Teens,5,3,2,5,1.0,3
182,Teens,5,3,2,6,1.0,3
182,Teens,5,3,2,7,1.0,3
182,Teens,5,3,2,8,1.0,3
182,Teens,5,3,2,9,1.0,3
182,Teens,6,5,2,1,0.6,5
182,Teens,6,5,2,2,0.6,5
182,Teens,6,5,2,3,0.8,5
182,Teens,6,5,2,4,1.0,5
182,Teens,6,5,2,5,1.0,5
182,Teens,6,5,2,6,1.0,5
182,Teens,6,5,2,7,1.0,5
182,Teens,6,5,2,8,1.0,5
182,Teens,6,5,2,9,0.8,5
182,Teens,7,2,2,1,0.0,2
182,Teens,7,2,2,2,0.0,2
182,Teens,7,2,2,3,1.0,2
182,Teens,7,2,2,4,1.0,2
182,Teens,7,2,2,5,1.0,2
182,Teens,7,2,2,6,1.0,2
182,Teens,7,2,2,7,1.0,2
182,Teens,7,2,2,8,1.0,2
182,Teens,7,2,2,9,1.0,2
182,Teens,8,3,3,1,0.6666666666666666,3
182,Teens,8,3,3,2,1.0,3
182,Teens,8,3,3,3,1.0,3
182,Teens,8,3,3,4,1.0,3
182,Teens,8,3,3,5,1.0,3
182,Teens,8,3,3,6,1.0,3
182,Teens,8,3,3,7,1.0,3
182,Teens,8,3,3,8,1.0,3
182,Teens,8,3,3,9,1.0,3
182,Teens,9,5,3,1,0.4,5
182,Teens,9,5,3,2,0.6,5
182,Teens,9,5,3,3,0.8,5
182,Teens,9,5,3,4,0.8,5
182,Teens,9,5,3,5,1.0,5
182,Teens,9,5,3,6,1.0,5
182,Teens,9,5,3,7,1.0,5
182,Teens,9,5,3,8,1.0,5
182,Teens,9,5,3,9,1.0,5
182,Teens,10,4,2,1,0.0,4
182,Teens,10,4,2,2,1.0,4
182,Teens,10,4,2,3,0.5,4
182,Teens,10,4,2,4,1.0,4
182,Teens,10,4,2,5,1.0,4
182,Teens,10,4,2,6,1.0,4
182,Teens,10,4,2,7,1.0,4
182,Teens,10,4,2,8,1.0,4
182,Teens,10,4,2,9,1.0,4
183,Kids,1,2,1,1,0.0,2
183,Kids,1,2,1,2,0.0,2
183,Kids,1,2,1,3,1.0,2
183,Kids,1,2,1,4,1.0,2
183,Kids,1,2,1,5,1.0,2
183,Kids,1,2,1,6,1.0,2
183,Kids,1,2,1,7,0.5,2
183,Kids,1,2,1,8,1.0,2
183,Kids,1,2,1,9,1.0,2
183,Kids,2,3,1,1,0.3333333333333333,3
183,Kids,2,3,1,2,0.6666666666666666,3
183,Kids,2,3,1,3,0.6666666666666666,3
183,Kids,2,3,1,4,0.6666666666666666,3
183,Kids,2,3,1,5,1.0,3
183,Kids,2,3,1,6,1.0,3
183,Kids,2,3,1,7,1.0,3
183,Kids,2,3,1,8,1.0,3
183,Kids,2,3,1,9,1.0,3
183,Kids,3,5,1,1,0.4,5
183,Kids,3,5,1,2,0.6,5
183,Kids,3,5,1,3,1.0,5
183,Kids,3,5,1,4,1.0,5
183,Kids,3,5,1,5,0.8,5
183,Kids,3,5,1,6,0.6,5
183,Kids,3,5,1,7,1.0,5
183,Kids,3,5,1,8,1.0,5
183,Kids,3,5,1,9,1.0,5
183,Kids,4,4,1,1,0.5,4
183,Kids,4,4,1,2,0.75,4
183,Kids,4,4,1,3,1.0,4
183,Kids,4,4,1,4,1.0,4
183,Kids,4,4,1,5,0.75,4
183,Kids,4,4,1,6,1.0,4
183,Kids,4,4,1,7,0.5,4
183,Kids,4,4,1,8,1.0,4
183,Kids,4,4,1,9,1.0,4
183,Kids,5,3,2,1,0.0,3
183,Kids,5,3,2,2,0.0,3
183,Kids,5,3,2,3,1.0,3
183,Kids,5,3,2,4,0.0,3
183,Kids,5,3,2,5,1.0,3
183,Kids,5,3,2,6,1.0,3
183,Kids,5,3,2,7,0.6666666666666666,3
183,Kids,5,3,2,8,1.0,3
183,Kids,5,3,2,9,1.0,3
183,Kids,6,5,2,1,0.2,5
183,Kids,6,5,2,2,0.4,5
183,Kids,6,5,2,3,0.8,5
183,Kids,6,5,2,4,0.4,5
183,Kids,6,5,2,5,1.0,5
183,Kids,6,5,2,6,1.0,5
183,Kids,6,5,2,7,1.0,5
183,Kids,6,5,2,8,0.8,5
183,Kids,6,5,2,9,1.0,5
183,Kids,7,2,2,1,1.0,2
183,Kids,7,2,2,2,1.0,2
183,Kids,7,2,2,3,1.0,2
183,Kids,7,2,2,4,1.0,2
183,Kids,7,2,2,5,1.0,2
183,Kids,7,2,2,6,1.0,2
183,Kids,7,2,2,7,1.0,2
183,Kids,7,2,2,8,1.0,2
183,Kids,7,2,2,9,1.0,2
183,Kids,8,3,3,1,1.0,3
183,Kids,8,3,3,2,1.0,3
183,Kids,8,3,3,3,1.0,3
183,Kids,8,3,3,4,1.0,3
183,Kids,8,3,3,5,1.0,3
183,Kids,8,3,3,6,1.0,3
183,Kids,8,3,3,7,1.0,3
183,Kids,8,3,3,8,1.0,3
183,Kids,8,3,3,9,1.0,3
183,Kids,9,5,3,1,0.2,5
183,Kids,9,5,3,2,0.4,5
183,Kids,9,5,3,3,0.4,5
183,Kids,9,5,3,4,0.8,5
183,Kids,9,5,3,5,1.0,5
183,Kids,9,5,3,6,0.6,5
183,Kids,9,5,3,7,1.0,5
183,Kids,9,5,3,8,1.0,5
183,Kids,9,5,3,9,0.8,5
183,Kids,10,4,2,1,0.25,4
183,Kids,10,4,2,2,0.5,4
183,Kids,10,4,2,3,0.25,4
183,Kids,10,4,2,4,1.0,3
183,Kids,10,4,2,5,0.5,4
183,Kids,10,4,2,6,0.75,4
183,Kids,10,4,2,7,0.75,4
183,Kids,10,4,2,8,1.0,4
183,Kids,10,4,2,9,1.0,4
184,Teens,1,2,1,1,0.5,2
184,Teens,1,2,1,2,1.0,2
184,Teens,1,2,1,3,1.0,2
184,Teens,1,2,1,4,1.0,2
184,Teens,1,2,1,5,1.0,2
184,Teens,1,2,1,6,1.0,2
184,Teens,1,2,1,7,0.5,2
184,Teens,1,2,1,8,1.0,2
184,Teens,1,2,1,9,1.0,2
184,Teens,2,3,1,1,0.0,3
184,Teens,2,3,1,2,0.6666666666666666,3
184,Teens,2,3,1,3,0.3333333333333333,3
184,Teens,2,3,1,4,1.0,3
184,Teens,2,3,1,5,1.0,3
184,Teens,2,3,1,6,0.6666666666666666,3
184,Teens,2,3,1,7,1.0,3
184,Teens,2,3,1,8,1.0,3
184,Teens,2,3,1,9,1.0,3
184,Teens,3,5,1,1,0.0,5
184,Teens,3,5,1,2,0.2,5
184,Teens,3,5,1,3,0.4,5
184,Teens,3,5,1,4,0.6,5
184,Teens,3,5,1,5,1.0,5
184,Teens,3,5,1,6,0.6,5
184,Teens,3,5,1,7,0.6,5
184,Teens,3,5,1,8,0.8,5
184,Teens,3,5,1,9,0.8,5
184,Teens,4,4,1,1,0.0,4
184,Teens,4,4,1,2,0.5,4
184,Teens,4,4,1,3,0.25,4
184,Teens,4,4,1,4,0.5,4
184,Teens,4,4,1,5,1.0,4
184,Teens,4,4,1,6,0.75,4
184,Teens,4,4,1,7,1.0,4
184,Teens,4,4,1,8,0.75,4
184,Teens,4,4,1,9,1.0,4
184,Teens,5,3,2,1,0.3333333333333333,3
184,Teens,5,3,2,2,0.6666666666666666,3
184,Teens,5,3,2,3,0.6666666666666666,3
184,Teens,5,3,2,4,1.0,3
184,Teens,5,3,2,5,1.0,3
184,Teens,5,3,2,6,0.6666666666666666,3
184,Teens,5,3,2,7,1.0,3
184,Teens,5,3,2,8,1.0,3
184,Teens,5,3,2,9,1.0,3
184,Teens,6,5,2,1,0.2,5
184,Teens,6,5,2,2,0.4,5
184,Teens,6,5,2,3,1.0,5
184,Teens,6,5,2,4,0.8,5
184,Teens,6,5,2,5,0.8,5
184,Teens,6,5,2,6,1.0,5
184,Teens,6,5,2,7,1.0,5
184,Teens,6,5,2,8,1.0,5
184,Teens,6,5,2,9,1.0,5
184,Teens,7,2,2,1,0.5,2
184,Teens,7,2,2,2,1.0,2
184,Teens,7,2,2,3,1.0,2
184,Teens,7,2,2,4,1.0,2
184,Teens,7,2,2,5,1.0,2
184,Teens,7,2,2,6,1.0,2
184,Teens,7,2,2,7,1.0,2
184,Teens,7,2,2,8,1.0,2
184,Teens,7,2,2,9,1.0,2
184,Teens,8,3,3,1,0.6666666666666666,3
184,Teens,8,3,3,2,1.0,3
184,Teens,8,3,3,3,1.0,3
184,Teens,8,3,3,4,1.0,3
184,Teens,8,3,3,5,1.0,3
184,Teens,8,3,3,6,1.0,3
184,Teens,8,3,3,7,1.0,3
184,Teens,8,3,3,8,1.0,3
184,Teens,8,3,3,9,1.0,3
184,Teens,9,5,3,1,0.4,5
184,Teens,9,5,3,2,0.6,5
184,Teens,9,5,3,3,1.0,5
184,Teens,9,5,3,4,1.0,5
184,Teens,9,5,3,5,1.0,5
184,Teens,9,5,3,6,1.0,5
184,Teens,9,5,3,7,1.0,5
184,Teens,9,5,3,8,1.0,5
184,Teens,9,5,3,9,1.0,5
184,Teens,10,4,2,1,0.25,4
184,Teens,10,4,2,2,0.75,4
184,Teens,10,4,2,3,1.0,4
184,Teens,10,4,2,4,1.0,4
184,Teens,10,4,2,5,1.0,4
184,Teens,10,4,2,6,1.0,4
184,Teens,10,4,2,7,1.0,4
184,Teens,10,4,2,8,1.0,4
184,Teens,10,4,2,9,1.0,4
185,Teens,1,2,1,1,0.5,2
185,Teens,1,2,1,2,1.0,2
185,Teens,1,2,1,3,1.0,2
185,Teens,1,2,1,4,1.0,2
185,Teens,1,2,1,5,1.0,2
185,Teens,1,2,1,6,1.0,2
185,Teens,1,2,1,7,1.0,2
185,Teens,1,2,1,8,1.0,2
185,Teens,1,2,1,9,1.0,2
185,Teens,2,3,1,1,0.0,3
185,Teens,2,3,1,2,0.6666666666666666,3
185,Teens,2,3,1,3,0.6666666666666666,3
185,Teens,2,3,1,4,1.0,3
185,Teens,2,3,1,5,1.0,3
185,Teens,2,3,1,6,1.0,3
185,Teens,2,3,1,7,1.0,3
185,Teens,2,3,1,8,1.0,3
185,Teens,2,3,1,9,1.0,3
185,Teens,3,4,1,1,0.25,4
185,Teens,3,4,1,2,0.5,4
185,Teens,3,4,1,3,0.75,4
185,Teens,3,4,1,4,1.0,4
185,Teens,3,4,1,5,1.0,4
185,Teens,3,4,1,6,0.75,4
185,Teens,3,4,1,7,1.0,4
185,Teens,3,4,1,8,1.0,4
185,Teens,3,4,1,9,1.0,4
185,Teens,4,5,1,1,0.2,5
185,Teens,4,5,1,2,0.4,5
185,Teens,4,5,1,3,0.6,5
185,Teens,4,5,1,4,0.8,5
185,Teens,4,5,1,5,0.4,5
185,Teens,4,5,1,6,0.6,5
185,Teens,4,5,1,7,0.6,5
185,Teens,4,5,1,8,0.8,5
185,Teens,4,5,1,9,0.4,5
185,Teens,5,3,2,1,0.3333333333333333,3
185,Teens,5,3,2,2,0.6666666666666666,3
185,Teens,5,3,2,3,0.6666666666666666,3
185,Teens,5,3,2,4,0.6666666666666666,3
185,Teens,5,3,2,5,1.0,3
185,Teens,5,3,2,6,0.6666666666666666,3
185,Teens,5,3,2,7,1.0,3
185,Teens,5,3,2,8,1.0,3
185,Teens,5,3,2,9,1.0,3
185,Teens,6,5,2,1,0.4,5
185,Teens,6,5,2,2,0.6,5
185,Teens,6,5,2,3,0.8,5
185,Teens,6,5,2,4,0.8,5
185,Teens,6,5,2,5,1.0,5
185,Teens,6,5,2,6,1.0,5
185,Teens,6,5,2,7,1.0,5
185,Teens,6,5,2,8,1.0,5
185,Teens,6,5,2,9,1.0,5
185,Teens,7,2,2,1,0.5,2
185,Teens,7,2,2,2,0.5,2
185,Teens,7,2,2,3,1.0,2
185,Teens,7,2,2,4,1.0,2
185,Teens,7,2,2,5,1.0,2
185,Teens,7,2,2,6,1.0,2
185,Teens,7,2,2,7,0.5,2
185,Teens,7,2,2,8,1.0,2
185,Teens,7,2,2,9,1.0,2
185,Teens,8,3,3,1,0.3333333333333333,3
185,Teens,8,3,3,2,1.0,3
185,Teens,8,3,3,3,1.0,3
185,Teens,8,3,3,4,1.0,3
185,Teens,8,3,3,5,1.0,3
185,Teens,8,3,3,6,0.6666666666666666,3
185,Teens,8,3,3,7,1.0,3
185,Teens,8,3,3,8,1.0,3
185,Teens,8,3,3,9,1.0,3
185,Teens,9,4,2,1,0.5,4
185,Teens,9,4,2,2,1.0,4
185,Teens,9,4,2,3,0.75,4
185,Teens,9,4,2,4,1.0,4
185,Teens,9,4,2,5,1.0,4
185,Teens,9,4,2,6,1.0,4
185,Teens,9,4,2,7,1.0,4
185,Teens,9,4,2,8,1.0,4
185,Teens,9,4,2,9,1.0,4
185,Teens,10,5,3,1,0.2,5
185,Teens,10,5,3,2,0.4,5
185,Teens,10,5,3,3,0.6,5
185,Teens,10,5,3,4,0.8,5
185,Teens,10,5,3,5,0.6,5
185,Teens,10,5,3,6,1.0,5
185,Teens,10,5,3,7,1.0,5
185,Teens,10,5,3,8,1.0,5
185,Teens,10,5,3,9,0.8,5
188,Teens,1,2,1,1,0.0,2
188,Teens,1,2,1,2,1.0,2
188,Teens,1,2,1,3,1.0,2
188,Teens,1,2,1,4,1.0,2
188,Teens,1,2,1,5,1.0,2
188,Teens,1,2,1,6,1.0,2
188,Teens,1,2,1,7,1.0,2
188,Teens,1,2,1,8,1.0,2
188,Teens,1,2,1,9,1.0,2
188,Teens,2,4,1,1,0.5,4
188,Teens,2,4,1,2,0.25,4
188,Teens,2,4,1,3,0.5,4
188,Teens,2,4,1,4,0.75,4
188,Teens,2,4,1,5,1.0,4
188,Teens,2,4,1,6,1.0,4
188,Teens,2,4,1,7,1.0,4
188,Teens,2,4,1,8,1.0,4
188,Teens,2,4,1,9,1.0,4
188,Teens,3,3,1,1,0.6666666666666666,3
188,Teens,3,3,1,2,1.0,3
188,Teens,3,3,1,3,1.0,3
188,Teens,3,3,1,4,1.0,3
188,Teens,3,3,1,5,1.0,3
188,Teens,3,3,1,6,1.0,3
188,Teens,3,3,1,7,0.6666666666666666,3
188,Teens,3,3,1,8,0.6666666666666666,3
188,Teens,3,3,1,9,1.0,3
188,Teens,4,5,1,1,0.2,5
188,Teens,4,5,1,2,0.4,5
188,Teens,4,5,1,3,0.6,5
188,Teens,4,5,1,4,0.6,5
188,Teens,4,5,1,5,0.4,5
188,Teens,4,5,1,6,0.4,5
188,Teens,4,5,1,7,0.8,5
188,Teens,4,5,1,8,0.8,5
188,Teens,4,5,1,9,1.0,5
188,Teens,5,3,2,1,0.3333333333333333,3
188,Teens,5,3,2,2,1.0,3
188,Teens,5,3,2,3,0.6666666666666666,3
188,Teens,5,3,2,4,1.0,3
188,Teens,5,3,2,5,1.0,3
188,Teens,5,3,2,6,1.0,3
188,Teens,5,3,2,7,1.0,3
188,Teens,5,3,2,8,1.0,3
188,Teens,5,3,2,9,1.0,3
188,Teens,6,5,2,1,0.6,5
188,Teens,6,5,2,2,0.8,5
188,Teens,6,5,2,3,0.8,5
188,Teens,6,5,2,4,1.0,5
188,Teens,6,5,2,5,1.0,5
188,Teens,6,5,2,6,0.8,5
188,Teens,6,5,2,7,1.0,5
188,Teens,6,5,2,8,1.0,5
188,Teens,6,5,2,9,1.0,5
188,Teens,7,2,2,1,0.0,2
188,Teens,7,2,2,2,0.5,2
188,Teens,7,2,2,3,1.0,2
188,Teens,7,2,2,4,1.0,2
188,Teens,7,2,2,5,1.0,2
188,Teens,7,2,2,6,1.0,2
188,Teens,7,2,2,7,1.0,2
188,Teens,7,2,2,8,1.0,2
188,Teens,7,2,2,9,1.0,2
188,Teens,8,4,2,1,0.25,4
188,Teens,8,4,2,2,0.5,4
188,Teens,8,4,2,3,0.5,4
188,Teens,8,4,2,4,0.75,4
188,Teens,8,4,2,5,1.0,4
188,Teens,8,4,2,6,0.75,4
188,Teens,8,4,2,7,0.75,4
188,Teens,8,4,2,8,1.0,4
188,Teens,8,4,2,9,1.0,4
188,Teens,9,3,3,1,0.3333333333333333,3
188,Teens,9,3,3,2,1.0,3
188,Teens,9,3,3,3,1.0,3
188,Teens,9,3,3,4,1.0,3
188,Teens,9,3,3,5,1.0,3
188,Teens,9,3,3,6,1.0,3
188,Teens,9,3,3,7,1.0,3
188,Teens,9,3,3,8,1.0,3
188,Teens,9,3,3,9,1.0,3
188,Teens,10,5,3,1,0.4,5
188,Teens,10,5,3,2,0.6,5
188,Teens,10,5,3,3,0.8,5
188,Teens,10,5,3,4,1.0,5
188,Teens,10,5,3,5,1.0,5
188,Teens,10,5,3,6,1.0,5
188,Teens,10,5,3,7,1.0,5
188,Teens,10,5,3,8,1.0,5
188,Teens,10,5,3,9,0.8,5
189,Teens,1,2,1,1,0.0,2
189,Teens,1,2,1,2,0.0,2
189,Teens,1,2,1,3,1.0,2
189,Teens,1,2,1,4,1.0,2
189,Teens,1,2,1,5,1.0,2
189,Teens,1,2,1,6,1.0,2
189,Teens,1,2,1,7,1.0,2
189,Teens,1,2,1,8,1.0,2
189,Teens,1,2,1,9,0.5,2
189,Teens,2,3,1,1,0.3333333333333333,3
189,Teens,2,3,1,2,0.6666666666666666,3
189,Teens,2,3,1,3,1.0,3
189,Teens,2,3,1,4,0.6666666666666666,3
189,Teens,2,3,1,5,0.6666666666666666,3
189,Teens,2,3,1,6,1.0,3
189,Teens,2,3,1,7,1.0,3
189,Teens,2,3,1,8,0.6666666666666666,3
189,Teens,2,3,1,9,1.0,3
189,Teens,3,4,1,1,1.0,4
189,Teens,3,4,1,2,0.5,4
189,Teens,3,4,1,3,1.0,4
189,Teens,3,4,1,4,0.75,4
189,Teens,3,4,1,5,1.0,4
189,Teens,3,4,1,6,1.0,4
189,Teens,3,4,1,7,0.75,4
189,Teens,3,4,1,8,1.0,4
189,Teens,3,4,1,9,1.0,4
189,Teens,4,5,1,1,0.4,5
189,Teens,4,5,1,2,0.2,5
189,Teens,4,5,1,3,0.8,5
189,Teens,4,5,1,4,0.8,5
189,Teens,4,5,1,5,0.6,5
189,Teens,4,5,1,6,0.4,5
189,Teens,4,5,1,7,0.6,5
189,Teens,4,5,1,8,0.5,4
189,Teens,4,5,1,9,0.6,5
189,Teens,5,3,2,1,0.3333333333333333,3
189,Teens,5,3,2,2,1.0,3
189,Teens,5,3,2,3,1.0,3
189,Teens,5,3,2,4,1.0,3
189,Teens,5,3,2,5,1.0,3
189,Teens,5,3,2,6,1.0,3
189,Teens,5,3,2,7,1.0,3
189,Teens,5,3,2,8,1.0,3
189,Teens,5,3,2,9,0.6666666666666666,3
189,Teens,6,5,2,1,0.2,5
189,Teens,6,5,2,2,0.4,5
189,Teens,6,5,2,3,0.2,5
189,Teens,6,5,2,4,0.6,5
189,Teens,6,5,2,5,0.6,5
189,Teens,6,5,2,6,1.0,5
189,Teens,6,5,2,7,1.0,5
189,Teens,6,5,2,8,1.0,5
189,Teens,6,5,2,9,1.0,5
189,Teens,7,2,2,1,0.0,2
189,Teens,7,2,2,2,1.0,2
189,Teens,7,2,2,3,1.0,2
189,Teens,7,2,2,4,1.0,2
189,Teens,7,2,2,5,1.0,2
189,Teens,7,2,2,6,1.0,2
189,Teens,7,2,2,7,1.0,2
189,Teens,7,2,2,8,1.0,2
189,Teens,7,2,2,9,1.0,2
189,Teens,8,3,3,1,0.3333333333333333,3
189,Teens,8,3,3,2,1.0,3
189,Teens,8,3,3,3,1.0,3
189,Teens,8,3,3,4,1.0,3
189,Teens,8,3,3,5,1.0,3
189,Teens,8,3,3,6,1.0,3
189,Teens,8,3,3,7,1.0,3
189,Teens,8,3,3,8,0.6666666666666666,3
189,Teens,8,3,3,9,1.0,3
189,Teens,9,4,2,1,0.25,4
189,Teens,9,4,2,2,1.0,4
189,Teens,9,4,2,3,1.0,4
189,Teens,9,4,2,4,0.75,4
189,Teens,9,4,2,5,1.0,4
189,Teens,9,4,2,6,1.0,4
189,Teens,9,4,2,7,1.0,4
189,Teens,9,4,2,8,0.75,4
189,Teens,9,4,2,9,1.0,4
189,Teens,10,5,3,1,0.2,5
189,Teens,10,5,3,2,0.4,5
189,Teens,10,5,3,3,0.8,5
189,Teens,10,5,3,4,1.0,5
189,Teens,10,5,3,5,0.8,5
189,Teens,10,5,3,6,1.0,5
189,Teens,10,5,3,7,0.8,5
189,Teens,10,5,3,8,1.0,5
189,Teens,10,5,3,9,1.0,5
190,Teens,1,2,1,1,0.0,2
190,Teens,1,2,1,2,1.0,2
190,Teens,1,2,1,3,1.0,2
190,Teens,1,2,1,4,1.0,2
190,Teens,1,2,1,5,1.0,2
190,Teens,1,2,1,6,1.0,2
190,Teens,1,2,1,7,1.0,2
190,Teens,1,2,1,8,1.0,2
190,Teens,1,2,1,9,1.0,2
190,Teens,2,3,1,1,0.0,3
190,Teens,2,3,1,2,0.6666666666666666,3
190,Teens,2,3,1,3,0.6666666666666666,3
190,Teens,2,3,1,4,0.6666666666666666,3
190,Teens,2,3,1,5,1.0,3
190,Teens,2,3,1,6,1.0,3
190,Teens,2,3,1,7,1.0,3
190,Teens,2,3,1,8,1.0,3
190,Teens,2,3,1,9,1.0,3
190,Teens,3,4,1,1,0.5,4
190,Teens,3,4,1,2,0.75,4
190,Teens,3,4,1,3,1.0,4
190,Teens,3,4,1,4,1.0,4
190,Teens,3,4,1,5,1.0,4
190,Teens,3,4,1,6,1.0,4
190,Teens,3,4,1,7,1.0,4
190,Teens,3,4,1,8,1.0,4
190,Teens,3,4,1,9,1.0,4
190,Teens,4,5,1,1,0.4,5
190,Teens,4,5,1,2,0.6,5
190,Teens,4,5,1,3,1.0,5
190,Teens,4,5,1,4,0.8,5
190,Teens,4,5,1,5,1.0,5
190,Teens,4,5,1,6,1.0,5
190,Teens,4,5,1,7,1.0,5
190,Teens,4,5,1,8,1.0,5
190,Teens,4,5,1,9,1.0,5
190,Teens,5,3,2,1,0.3333333333333333,3
190,Teens,5,3,2,2,0.6666666666666666,3
190,Teens,5,3,2,3,1.0,3
190,Teens,5,3,2,4,1.0,3
190,Teens,5,3,2,5,1.0,3
190,Teens,5,3,2,6,1.0,3
190,Teens,5,3,2,7,1.0,3
190,Teens,5,3,2,8,1.0,3
190,Teens,5,3,2,9,1.0,3
190,Teens,6,5,2,1,0.2,5
190,Teens,6,5,2,2,0.6,5
190,Teens,6,5,2,3,1.0,5
190,Teens,6,5,2,4,1.0,5
190,Teens,6,5,2,5,1.0,5
190,Teens,6,5,2,6,1.0,5
190,Teens,6,5,2,7,1.0,5
190,Teens,6,5,2,8,1.0,5
190,Teens,6,5,2,9,1.0,5
190,Teens,7,2,2,1,0.0,2
190,Teens,7,2,2,2,0.5,2
190,Teens,7,2,2,3,1.0,2
190,Teens,7,2,2,4,1.0,2
190,Teens,7,2,2,5,1.0,2
190,Teens,7,2,2,6,1.0,2
190,Teens,7,2,2,7,1.0,2
190,Teens,7,2,2,8,1.0,2
190,Teens,7,2,2,9,1.0,2
190,Teens,8,3,3,1,0.3333333333333333,3
190,Teens,8,3,3,2,1.0,3
190,Teens,8,3,3,3,1.0,3
190,Teens,8,3,3,4,1.0,3
190,Teens,8,3,3,5,1.0,3
190,Teens,8,3,3,6,1.0,3
190,Teens,8,3,3,7,1.0,3
190,Teens,8,3,3,8,1.0,3
190,Teens,8,3,3,9,1.0,3
190,Teens,9,4,2,1,0.25,4
190,Teens,9,4,2,2,0.5,4
190,Teens,9,4,2,3,1.0,4
190,Teens,9,4,2,4,1.0,4
190,Teens,9,4,2,5,1.0,4
190,Teens,9,4,2,6,1.0,4
190,Teens,9,4,2,7,1.0,4
190,Teens,9,4,2,8,1.0,4
190,Teens,9,4,2,9,1.0,4
190,Teens,10,5,3,1,0.4,5
190,Teens,10,5,3,2,1.0,5
190,Teens,10,5,3,3,1.0,5
190,Teens,10,5,3,4,1.0,5
190,Teens,10,5,3,5,1.0,5
190,Teens,10,5,3,6,1.0,5
190,Teens,10,5,3,7,1.0,5
190,Teens,10,5,3,8,1.0,5
190,Teens,10,5,3,9,1.0,5
191,Teens,1,2,1,1,0.5,2
191,Teens,1,2,1,2,0.5,2
191,Teens,1,2,1,3,1.0,2
191,Teens,1,2,1,4,1.0,2
191,Teens,1,2,1,5,1.0,2
191,Teens,1,2,1,6,1.0,2
191,Teens,1,2,1,7,1.0,2
191,Teens,1,2,1,8,1.0,2
191,Teens,1,2,1,9,1.0,2
191,Teens,2,3,1,1,0.6666666666666666,3
191,Teens,2,3,1,2,0.6666666666666666,3
191,Teens,2,3,1,3,1.0,3
191,Teens,2,3,1,4,1.0,3
191,Teens,2,3,1,5,1.0,3
191,Teens,2,3,1,6,1.0,3
191,Teens,2,3,1,7,1.0,3
191,Teens,2,3,1,8,1.0,3
191,Teens,2,3,1,9,1.0,3
191,Teens,3,4,1,1,0.25,4
191,Teens,3,4,1,2,0.25,4
191,Teens,3,4,1,3,0.25,4
191,Teens,3,4,1,4,0.75,4
191,Teens,3,4,1,5,1.0,4
191,Teens,3,4,1,6,1.0,4
191,Teens,3,4,1,7,1.0,4
191,Teens,3,4,1,8,1.0,4
191,Teens,3,4,1,9,1.0,4
191,Teens,4,5,1,1,0.2,5
191,Teens,4,5,1,2,0.6,5
191,Teens,4,5,1,3,0.6,5
191,Teens,4,5,1,4,0.6,5
191,Teens,4,5,1,5,1.0,5
191,Teens,4,5,1,6,1.0,5
191,Teens,4,5,1,7,1.0,5
191,Teens,4,5,1,8,1.0,5
191,Teens,4,5,1,9,1.0,5
191,Teens,5,3,2,1,0.3333333333333333,3
191,Teens,5,3,2,2,0.6666666666666666,3
191,Teens,5,3,2,3,1.0,3
191,Teens,5,3,2,4,1.0,3
191,Teens,5,3,2,5,1.0,3
191,Teens,5,3,2,6,1.0,3
191,Teens,5,3,2,7,1.0,3
191,Teens,5,3,2,8,1.0,3
191,Teens,5,3,2,9,1.0,3
191,Teens,6,5,2,1,0.8,5
191,Teens,6,5,2,2,0.4,5
191,Teens,6,5,2,3,0.8,5
191,Teens,6,5,2,4,0.8,5
191,Teens,6,5,2,5,1.0,5
191,Teens,6,5,2,6,1.0,5
191,Teens,6,5,2,7,1.0,5
191,Teens,6,5,2,8,1.0,5
191,Teens,6,5,2,9,1.0,5
191,Teens,7,2,2,1,0.0,2
191,Teens,7,2,2,2,0.5,2
191,Teens,7,2,2,3,0.5,2
191,Teens,7,2,2,4,1.0,2
191,Teens,7,2,2,5,1.0,2
191,Teens,7,2,2,6,1.0,2
191,Teens,7,2,2,7,1.0,2
191,Teens,7,2,2,8,1.0,2
191,Teens,7,2,2,9,1.0,2
191,Teens,8,3,3,1,0.3333333333333333,3
191,Teens,8,3,3,2,0.6666666666666666,3
191,Teens,8,3,3,3,1.0,3
191,Teens,8,3,3,4,1.0,3
191,Teens,8,3,3,5,1.0,3
191,Teens,8,3,3,6,1.0,3
191,Teens,8,3,3,7,1.0,3
191,Teens,8,3,3,8,1.0,3
191,Teens,8,3,3,9,1.0,3
191,Teens,9,4,2,1,0.75,4
191,Teens,9,4,2,2,0.75,4
191,Teens,9,4,2,3,1.0,4
191,Teens,9,4,2,4,1.0,4
191,Teens,9,4,2,5,1.0,4
191,Teens,9,4,2,6,1.0,4
191,Teens,9,4,2,7,1.0,4
191,Teens,9,4,2,8,1.0,4
191,Teens,9,4,2,9,1.0,4
191,Teens,10,5,3,1,0.2,5
191,Teens,10,5,3,2,0.6,5
191,Teens,10,5,3,3,1.0,5
191,Teens,10,5,3,4,0.8,5
191,Teens,10,5,3,5,1.0,5
191,Teens,10,5,3,6,1.0,5
191,Teens,10,5,3,7,1.0,5
191,Teens,10,5,3,8,1.0,5
191,Teens,10,5,3,9,1.0,5
193,Teens,1,2,1,1,0.5,2
193,Teens,1,2,1,2,1.0,2
193,Teens,1,2,1,3,1.0,2
193,Teens,1,2,1,4,1.0,2
193,Teens,1,2,1,5,1.0,2
193,Teens,1,2,1,6,1.0,2
193,Teens,1,2,1,7,1.0,2
193,Teens,1,2,1,8,1.0,2
193,Teens,1,2,1,9,1.0,2
193,Teens,2,3,1,1,0.3333333333333333,3
193,Teens,2,3,1,2,0.6666666666666666,3
193,Teens,2,3,1,3,0.6666666666666666,3
193,Teens,2,3,1,4,1.0,3
193,Teens,2,3,1,5,1.0,3
193,Teens,2,3,1,6,1.0,3
193,Teens,2,3,1,7,1.0,3
193,Teens,2,3,1,8,1.0,3
193,Teens,2,3,1,9,1.0,3
193,Teens,3,5,1,1,0.4,5
193,Teens,3,5,1,2,0.6,5
193,Teens,3,5,1,3,0.6,5
193,Teens,3,5,1,4,1.0,5
193,Teens,3,5,1,5,1.0,5
193,Teens,3,5,1,6,1.0,5
193,Teens,3,5,1,7,1.0,5
193,Teens,3,5,1,8,1.0,5
193,Teens,3,5,1,9,1.0,5
193,Teens,4,4,1,1,0.0,4
193,Teens,4,4,1,2,0.75,4
193,Teens,4,4,1,3,1.0,4
193,Teens,4,4,1,4,1.0,4
193,Teens,4,4,1,5,1.0,4
193,Teens,4,4,1,6,1.0,4
193,Teens,4,4,1,7,1.0,4
193,Teens,4,4,1,8,1.0,4
193,Teens,4,4,1,9,1.0,4
193,Teens,5,3,2,1,0.0,3
193,Teens,5,3,2,2,0.3333333333333333,3
193,Teens,5,3,2,3,1.0,3
193,Teens,5,3,2,4,1.0,3
193,Teens,5,3,2,5,1.0,3
193,Teens,5,3,2,6,1.0,3
193,Teens,5,3,2,7,1.0,3
193,Teens,5,3,2,8,1.0,3
193,Teens,5,3,2,9,1.0,3
193,Teens,6,5,2,1,0.6,5
193,Teens,6,5,2,2,0.8,5
193,Teens,6,5,2,3,1.0,5
193,Teens,6,5,2,4,1.0,5
193,Teens,6,5,2,5,0.8,5
193,Teens,6,5,2,6,1.0,5
193,Teens,6,5,2,7,1.0,5
193,Teens,6,5,2,8,1.0,5
193,Teens,6,5,2,9,1.0,5
193,Teens,7,2,2,1,1.0,2
193,Teens,7,2,2,2,1.0,2
193,Teens,7,2,2,3,1.0,2
193,Teens,7,2,2,4,1.0,2
193,Teens,7,2,2,5,1.0,2
193,Teens,7,2,2,6,1.0,2
193,Teens,7,2,2,7,1.0,2
193,Teens,7,2,2,8,1.0,2
193,Teens,7,2,2,9,1.0,2
193,Teens,8,3,3,1,0.0,3
193,Teens,8,3,3,2,0.3333333333333333,3
193,Teens,8,3,3,3,0.6666666666666666,3
193,Teens,8,3,3,4,0.6666666666666666,3
193,Teens,8,3,3,5,1.0,3
193,Teens,8,3,3,6,1.0,3
193,Teens,8,3,3,7,1.0,3
193,Teens,8,3,3,8,1.0,3
193,Teens,8,3,3,9,1.0,3
193,Teens,9,5,3,1,0.2,5
193,Teens,9,5,3,2,0.6,5
193,Teens,9,5,3,3,1.0,5
193,Teens,9,5,3,4,1.0,5
193,Teens,9,5,3,5,1.0,5
193,Teens,9,5,3,6,1.0,5
193,Teens,9,5,3,7,1.0,5
193,Teens,9,5,3,8,1.0,5
193,Teens,9,5,3,9,1.0,5
193,Teens,10,4,2,1,0.5,4
193,Teens,10,4,2,2,0.5,4
193,Teens,10,4,2,3,1.0,4
193,Teens,10,4,2,4,0.75,4
193,Teens,10,4,2,5,1.0,4
193,Teens,10,4,2,6,1.0,4
193,Teens,10,4,2,7,1.0,4
193,Teens,10,4,2,8,1.0,4
193,Teens,10,4,2,9,1.0,4
194,Teens,1,2,1,1,0.0,1
194,Teens,1,2,1,2,0.0,2
194,Teens,1,2,1,3,0.0,2
194,Teens,1,2,1,4,0.5,2
194,Teens,1,2,1,5,0.5,2
194,Teens,1,2,1,6,1.0,2
194,Teens,1,2,1,7,1.0,2
194,Teens,1,2,1,8,1.0,2
194,Teens,1,2,1,9,0.5,2
194,Teens,2,3,1,1,0.3333333333333333,3
194,Teens,2,3,1,2,0.6666666666666666,3
194,Teens,2,3,1,3,0.6666666666666666,3
194,Teens,2,3,1,4,1.0,3
194,Teens,2,3,1,5,1.0,3
194,Teens,2,3,1,6,1.0,3
194,Teens,2,3,1,7,1.0,3
194,Teens,2,3,1,8,1.0,3
194,Teens,2,3,1,9,1.0,3
194,Teens,3,5,1,1,0.5,4
194,Teens,3,5,1,2,0.6,5
194,Teens,3,5,1,3,0.6,5
194,Teens,3,5,1,4,1.0,5
194,Teens,3,5,1,5,0.8,5
194,Teens,3,5,1,6,1.0,5
194,Teens,3,5,1,7,1.0,5
194,Teens,3,5,1,8,1.0,5
194,Teens,3,5,1,9,1.0,5
194,Teens,4,4,1,1,0.75,4
194,Teens,4,4,1,2,0.75,4
194,Teens,4,4,1,3,0.75,4
194,Teens,4,4,1,4,0.75,4
194,Teens,4,4,1,5,1.0,4
194,Teens,4,4,1,6,0.5,4
194,Teens,4,4,1,7,1.0,4
194,Teens,4,4,1,8,1.0,4
194,Teens,4,4,1,9,0.5,4
194,Teens,5,3,2,1,1.0,3
194,Teens,5,3,2,2,1.0,3
194,Teens,5,3,2,3,1.0,3
194,Teens,5,3,2,4,1.0,3
194,Teens,5,3,2,5,1.0,3
194,Teens,5,3,2,6,1.0,3
194,Teens,5,3,2,7,1.0,3
194,Teens,5,3,2,8,1.0,3
194,Teens,5,3,2,9,1.0,3
194,Teens,6,5,2,1,0.2,5
194,Teens,6,5,2,2,0.6,5
194,Teens,6,5,2,3,0.6,5
194,Teens,6,5,2,4,0.8,5
194,Teens,6,5,2,5,0.6,5
194,Teens,6,5,2,6,0.8,5
194,Teens,6,5,2,7,0.8,5
194,Teens,6,5,2,8,0.6,5
194,Teens,6,5,2,9,0.8,5
194,Teens,7,2,2,1,1.0,2
194,Teens,7,2,2,2,1.0,2
194,Teens,7,2,2,3,1.0,2
194,Teens,7,2,2,4,1.0,2
194,Teens,7,2,2,5,1.0,2
194,Teens,7,2,2,6,1.0,2
194,Teens,7,2,2,7,0.5,2
194,Teens,7,2,2,8,1.0,2
194,Teens,7,2,2,9,1.0,2
194,Teens,8,3,3,1,0.0,3
194,Teens,8,3,3,2,0.3333333333333333,3
194,Teens,8,3,3,3,0.6666666666666666,3
194,Teens,8,3,3,4,1.0,3
194,Teens,8,3,3,5,1.0,3
194,Teens,8,3,3,6,1.0,3
194,Teens,8,3,3,7,1.0,3
194,Teens,8,3,3,8,1.0,3
194,Teens,8,3,3,9,1.0,3
194,Teens,9,5,3,1,1.0,5
194,Teens,9,5,3,2,0.8,5
194,Teens,9,5,3,3,1.0,5
194,Teens,9,5,3,4,1.0,5
194,Teens,9,5,3,5,1.0,5
194,Teens,9,5,3,6,1.0,5
194,Teens,9,5,3,7,0.8,5
194,Teens,9,5,3,8,1.0,5
194,Teens,9,5,3,9,1.0,5
194,Teens,10,4,2,1,0.75,4
194,Teens,10,4,2,2,1.0,4
194,Teens,10,4,2,3,1.0,4
194,Teens,10,4,2,4,1.0,4
194,Teens,10,4,2,5,1.0,4
194,Teens,10,4,2,6,1.0,4
194,Teens,10,4,2,7,1.0,4
194,Teens,10,4,2,8,1.0,4
194,Teens,10,4,2,9,0.75,4
195,Teens,1,2,1,1,0.0,2
195,Teens,1,2,1,2,0.5,2
195,Teens,1,2,1,3,1.0,2
195,Teens,1,2,1,4,1.0,2
195,Teens,1,2,1,5,1.0,2
195,Teens,1,2,1,6,1.0,2
195,Teens,1,2,1,7,1.0,2
195,Teens,1,2,1,8,1.0,2
195,Teens,1,2,1,9,0.5,2
195,Teens,2,3,1,1,0.6666666666666666,3
195,Teens,2,3,1,2,0.6666666666666666,3
195,Teens,2,3,1,3,0.3333333333333333,3
195,Teens,2,3,1,4,0.6666666666666666,3
195,Teens,2,3,1,5,0.6666666666666666,3
195,Teens,2,3,1,6,1.0,3
195,Teens,2,3,1,7,1.0,3
195,Teens,2,3,1,8,1.0,3
195,Teens,2,3,1,9,1.0,3
195,Teens,3,4,1,1,0.0,4
195,Teens,3,4,1,2,0.25,4
195,Teens,3,4,1,3,0.25,4
195,Teens,3,4,1,4,0.25,4
195,Teens,3,4,1,5,0.0,4
195,Teens,3,4,1,6,0.0,4
195,Teens,3,4,1,7,0.5,4
195,Teens,3,4,1,8,0.75,4
195,Teens,3,4,1,9,0.75,4
195,Teens,4,5,1,1,0.6,5
195,Teens,4,5,1,2,0.6,5
195,Teens,4,5,1,3,0.6,5
195,Teens,4,5,1,4,0.8,5
195,Teens,4,5,1,5,0.4,5
195,Teens,4,5,1,6,0.6,5
195,Teens,4,5,1,7,0.8,5
195,Teens,4,5,1,8,0.6,5
195,Teens,4,5,1,9,0.6,5
195,Teens,5,3,2,1,0.0,3
195,Teens,5,3,2,2,0.0,3
195,Teens,5,3,2,3,0.3333333333333333,3
195,Teens,5,3,2,4,1.0,3
195,Teens,5,3,2,5,1.0,3
195,Teens,5,3,2,6,0.6666666666666666,3
195,Teens,5,3,2,7,1.0,3
195,Teens,5,3,2,8,1.0,3
195,Teens,5,3,2,9,1.0,3
195,Teens,6,5,2,1,0.4,5
195,Teens,6,5,2,2,0.6,5
195,Teens,6,5,2,3,0.8,5
195,Teens,6,5,2,4,0.8,5
195,Teens,6,5,2,5,0.8,5
195,Teens,6,5,2,6,0.8,5
195,Teens,6,5,2,7,0.8,5
195,Teens,6,5,2,8,1.0,5
195,Teens,6,5,2,9,1.0,5
195,Teens,7,2,2,1,0.5,2
195,Teens,7,2,2,2,1.0,2
195,Teens,7,2,2,3,1.0,2
195,Teens,7,2,2,4,1.0,2
195,Teens,7,2,2,5,1.0,2
195,Teens,7,2,2,6,1.0,2
195,Teens,7,2,2,7,1.0,2
195,Teens,7,2,2,8,1.0,2
195,Teens,7,2,2,9,1.0,2
195,Teens,8,3,3,1,0.6666666666666666,3
195,Teens,8,3,3,2,0.6666666666666666,3
195,Teens,8,3,3,3,0.6666666666666666,3
195,Teens,8,3,3,4,1.0,3
195,Teens,8,3,3,5,1.0,3
195,Teens,8,3,3,6,1.0,3
195,Teens,8,3,3,7,1.0,3
195,Teens,8,3,3,8,1.0,3
195,Teens,8,3,3,9,1.0,3
195,Teens,9,4,2,1,0.75,4
195,Teens,9,4,2,2,1.0,4
195,Teens,9,4,2,3,0.5,4
195,Teens,9,4,2,4,0.5,4
195,Teens,9,4,2,5,0.25,4
195,Teens,9,4,2,6,0.5,4
195,Teens,9,4,2,7,0.5,4
195,Teens,9,4,2,8,0.75,4
195,Teens,9,4,2,9,0.75,4
195,Teens,10,5,3,1,0.2,5
195,Teens,10,5,3,2,0.6,5
195,Teens,10,5,3,3,0.6,5
195,Teens,10,5,3,4,0.6,5
195,Teens,10,5,3,5,1.0,5
195,Teens,10,5,3,6,0.6,5
195,Teens,10,5,3,7,1.0,5
195,Teens,10,5,3,8,1.0,5
195,Teens,10,5,3,9,1.0,5
196,Teens,1,2,1,1,0.0,2
196,Teens,1,2,1,2,0.0,2
196,Teens,1,2,1,3,1.0,2
196,Teens,1,2,1,4,1.0,2
196,Teens,1,2,1,5,0.5,2
196,Teens,1,2,1,6,1.0,2
196,Teens,1,2,1,7,0.0,2
196,Teens,1,2,1,8,0.5,2
196,Teens,1,2,1,9,1.0,2
196,Teens,2,3,1,1,0.3333333333333333,3
196,Teens,2,3,1,2,1.0,3
196,Teens,2,3,1,3,1.0,3
196,Teens,2,3,1,4,0.6666666666666666,3
196,Teens,2,3,1,5,1.0,3
196,Teens,2,3,1,6,1.0,3
196,Teens,2,3,1,7,1.0,3
196,Teens,2,3,1,8,0.6666666666666666,3
196,Teens,2,3,1,9,1.0,3
196,Teens,3,4,1,1,0.25,4
196,Teens,3,4,1,2,0.75,4
196,Teens,3,4,1,3,1.0,4
196,Teens,3,4,1,4,1.0,4
196,Teens,3,4,1,5,0.75,4
196,Teens,3,4,1,6,1.0,4
196,Teens,3,4,1,7,1.0,4
196,Teens,3,4,1,8,1.0,4
196,Teens,3,4,1,9,1.0,4
196,Teens,4,5,1,1,0.2,5
196,Teens,4,5,1,2,0.6,5
196,Teens,4,5,1,3,1.0,5
196,Teens,4,5,1,4,1.0,5
196,Teens,4,5,1,5,1.0,5
196,Teens,4,5,1,6,1.0,5
196,Teens,4,5,1,7,1.0,5
196,Teens,4,5,1,8,1.0,5
196,Teens,4,5,1,9,1.0,5
196,Teens,5,3,2,1,0.0,3
196,Teens,5,3,2,2,0.3333333333333333,3
196,Teens,5,3,2,3,0.6666666666666666,3
196,Teens,5,3,2,4,1.0,3
196,Teens,5,3,2,5,1.0,3
196,Teens,5,3,2,6,1.0,3
196,Teens,5,3,2,7,1.0,3
196,Teens,5,3,2,8,1.0,3
196,Teens,5,3,2,9,1.0,3
196,Teens,6,5,2,1,0.4,5
196,Teens,6,5,2,2,0.8,5
196,Teens,6,5,2,3,1.0,5
196,Teens,6,5,2,4,1.0,5
196,Teens,6,5,2,5,1.0,5
196,Teens,6,5,2,6,0.8,5
196,Teens,6,5,2,7,1.0,5
196,Teens,6,5,2,8,1.0,5
196,Teens,6,5,2,9,1.0,5
196,Teens,7,2,2,1,0.0,2
196,Teens,7,2,2,2,0.5,2
196,Teens,7,2,2,3,0.5,2
196,Teens,7,2,2,4,1.0,2
196,Teens,7,2,2,5,1.0,2
196,Teens,7,2,2,6,1.0,2
196,Teens,7,2,2,7,1.0,2
196,Teens,7,2,2,8,1.0,2
196,Teens,7,2,2,9,1.0,2
196,Teens,8,3,3,1,0.3333333333333333,3
196,Teens,8,3,3,2,0.6666666666666666,3
196,Teens,8,3,3,3,1.0,3
196,Teens,8,3,3,4,1.0,3
196,Teens,8,3,3,5,0.6666666666666666,3
196,Teens,8,3,3,6,1.0,3
196,Teens,8,3,3,7,1.0,3
196,Teens,8,3,3,8,1.0,3
196,Teens,8,3,3,9,1.0,3
196,Teens,9,4,2,1,0.5,4
196,Teens,9,4,2,2,0.75,4
196,Teens,9,4,2,3,0.75,4
196,Teens,9,4,2,4,1.0,4
196,Teens,9,4,2,5,1.0,4
196,Teens,9,4,2,6,1.0,4
196,Teens,9,4,2,7,1.0,4
196,Teens,9,4,2,8,1.0,4
196,Teens,9,4,2,9,1.0,4
196,Teens,10,5,3,1,0.4,5
196,Teens,10,5,3,2,0.6,5
196,Teens,10,5,3,3,0.8,5
196,Teens,10,5,3,4,1.0,5
196,Teens,10,5,3,5,1.0,5
196,Teens,10,5,3,6,1.0,5
196,Teens,10,5,3,7,1.0,5
196,Teens,10,5,3,8,1.0,5
196,Teens,10,5,3,9,1.0,5
197,Kids,1,2,1,1,0.0,2
197,Kids,1,2,1,2,0.5,2
197,Kids,1,2,1,3,0.0,2
197,Kids,1,2,1,4,1.0,2
197,Kids,1,2,1,5,1.0,2
197,Kids,1,2,1,6,0.5,2
197,Kids,1,2,1,7,1.0,2
197,Kids,1,2,1,8,1.0,2
197,Kids,1,2,1,9,1.0,2
197,Kids,2,3,1,1,0.0,3
197,Kids,2,3,1,2,0.6666666666666666,3
197,Kids,2,3,1,3,0.6666666666666666,3
197,Kids,2,3,1,4,1.0,3
197,Kids,2,3,1,5,1.0,3
197,Kids,2,3,1,6,0.6666666666666666,3
197,Kids,2,3,1,7,0.6666666666666666,3
197,Kids,2,3,1,8,1.0,3
197,Kids,2,3,1,9,1.0,3
197,Kids,3,4,1,1,0.25,4
197,Kids,3,4,1,2,0.75,4
197,Kids,3,4,1,3,0.75,4
197,Kids,3,4,1,4,1.0,4
197,Kids,3,4,1,5,1.0,4
197,Kids,3,4,1,6,1.0,4
197,Kids,3,4,1,7,1.0,4
197,Kids,3,4,1,8,1.0,4
197,Kids,3,4,1,9,1.0,4
197,Kids,4,5,1,1,0.2,5
197,Kids,4,5,1,2,0.2,5
197,Kids,4,5,1,3,0.2,5
197,Kids,4,5,1,4,0.4,5
197,Kids,4,5,1,5,0.4,5
197,Kids,4,5,1,6,0.4,5
197,Kids,4,5,1,7,1.0,5
197,Kids,4,5,1,8,1.0,5
197,Kids,4,5,1,9,0.8,5
197,Kids,5,3,2,1,0.3333333333333333,3
197,Kids,5,3,2,2,1.0,3
197,Kids,5,3,2,3,1.0,3
197,Kids,5,3,2,4,1.0,3
197,Kids,5,3,2,5,1.0,3
197,Kids,5,3,2,6,1.0,3
197,Kids,5,3,2,7,1.0,3
197,Kids,5,3,2,8,1.0,3
197,Kids,5,3,2,9,1.0,3
197,Kids,6,5,2,1,0.8,5
197,Kids,6,5,2,2,0.4,5
197,Kids,6,5,2,3,1.0,5
197,Kids,6,5,2,4,1.0,5
197,Kids,6,5,2,5,0.8,5
197,Kids,6,5,2,6,1.0,5
197,Kids,6,5,2,7,1.0,5
197,Kids,6,5,2,8,1.0,5
197,Kids,6,5,2,9,1.0,5
197,Kids,7,2,2,1,0.0,2
197,Kids,7,2,2,2,0.5,2
197,Kids,7,2,2,3,1.0,2
197,Kids,7,2,2,4,1.0,2
197,Kids,7,2,2,5,1.0,2
197,Kids,7,2,2,6,1.0,2
197,Kids,7,2,2,7,1.0,2
197,Kids,7,2,2,8,1.0,2
197,Kids,7,2,2,9,1.0,2
197,Kids,8,3,3,1,0.3333333333333333,3
197,Kids,8,3,3,2,0.3333333333333333,3
197,Kids,8,3,3,3,1.0,3
197,Kids,8,3,3,4,0.6666666666666666,3
197,Kids,8,3,3,5,1.0,3
197,Kids,8,3,3,6,1.0,3
197,Kids,8,3,3,7,1.0,3
197,Kids,8,3,3,8,1.0,3
197,Kids,8,3,3,9,1.0,3
197,Kids,9,4,2,1,0.25,4
197,Kids,9,4,2,2,0.5,4
197,Kids,9,4,2,3,1.0,4
197,Kids,9,4,2,4,0.75,4
197,Kids,9,4,2,5,0.75,4
197,Kids,9,4,2,6,0.75,4
197,Kids,9,4,2,7,1.0,4
197,Kids,9,4,2,8,1.0,4
197,Kids,9,4,2,9,1.0,4
197,Kids,10,5,3,1,0.2,5
197,Kids,10,5,3,2,0.6,5
197,Kids,10,5,3,3,0.6,5
197,Kids,10,5,3,4,0.8,5
197,Kids,10,5,3,5,1.0,5
197,Kids,10,5,3,6,1.0,5
197,Kids,10,5,3,7,0.8,5
197,Kids,10,5,3,8,0.8,5
197,Kids,10,5,3,9,1.0,5
198,Teens,1,2,1,1,0.0,2
198,Teens,1,2,1,2,0.5,2
198,Teens,1,2,1,3,0.0,2
198,Teens,1,2,1,4,1.0,2
198,Teens,1,2,1,5,1.0,2
198,Teens,1,2,1,6,1.0,2
198,Teens,1,2,1,7,1.0,2
198,Teens,1,2,1,8,1.0,2
198,Teens,1,2,1,9,1.0,2
198,Teens,2,4,1,1,0.25,4
198,Teens,2,4,1,2,0.5,4
198,Teens,2,4,1,3,0.25,4
198,Teens,2,4,1,4,0.75,4
198,Teens,2,4,1,5,0.75,4
198,Teens,2,4,1,6,1.0,4
198,Teens,2,4,1,7,1.0,4
198,Teens,2,4,1,8,1.0,4
198,Teens,2,4,1,9,1.0,4
198,Teens,3,3,1,1,0.0,3
198,Teens,3,3,1,2,0.3333333333333333,3
198,Teens,3,3,1,3,0.6666666666666666,3
198,Teens,3,3,1,4,1.0,3
198,Teens,3,3,1,5,1.0,3
198,Teens,3,3,1,6,1.0,3
198,Teens,3,3,1,7,1.0,3
198,Teens,3,3,1,8,1.0,3
198,Teens,3,3,1,9,1.0,3
198,Teens,4,5,1,1,0.2,5
198,Teens,4,5,1,2,0.4,5
198,Teens,4,5,1,3,1.0,5
198,Teens,4,5,1,4,0.4,5
198,Teens,4,5,1,5,0.8,5
198,Teens,4,5,1,6,0.8,5
198,Teens,4,5,1,7,0.8,5
198,Teens,4,5,1,8,1.0,5
198,Teens,4,5,1,9,1.0,5
198,Teens,5,3,2,1,0.6666666666666666,3
198,Teens,5,3,2,2,1.0,3
198,Teens,5,3,2,3,1.0,3
198,Teens,5,3,2,4,1.0,3
198,Teens,5,3,2,5,1.0,3
198,Teens,5,3,2,6,1.0,3
198,Teens,5,3,2,7,1.0,3
198,Teens,5,3,2,8,1.0,3
198,Teens,5,3,2,9,1.0,3
198,Teens,6,5,2,1,0.4,5
198,Teens,6,5,2,2,0.6,5
198,Teens,6,5,2,3,0.6,5
198,Teens,6,5,2,4,0.8,5
198,Teens,6,5,2,5,1.0,5
198,Teens,6,5,2,6,1.0,5
198,Teens,6,5,2,7,1.0,5
198,Teens,6,5,2,8,1.0,5
198,Teens,6,5,2,9,1.0,5
198,Teens,7,2,2,1,0.0,2
198,Teens,7,2,2,2,1.0,2
198,Teens,7,2,2,3,1.0,2
198,Teens,7,2,2,4,1.0,2
198,Teens,7,2,2,5,1.0,2
198,Teens,7,2,2,6,1.0,2
198,Teens,7,2,2,7,1.0,2
198,Teens,7,2,2,8,1.0,2
198,Teens,7,2,2,9,1.0,2
198,Teens,8,4,2,1,0.25,4
198,Teens,8,4,2,2,0.0,4
198,Teens,8,4,2,3,0.75,4
198,Teens,8,4,2,4,0.5,4
198,Teens,8,4,2,5,0.75,4
198,Teens,8,4,2,6,0.5,4
198,Teens,8,4,2,7,0.75,4
198,Teens,8,4,2,8,0.75,4
198,Teens,8,4,2,9,1.0,4
198,Teens,9,3,3,1,0.3333333333333333,3
198,Teens,9,3,3,2,0.6666666666666666,3
198,Teens,9,3,3,3,1.0,3
198,Teens,9,3,3,4,1.0,3
198,Teens,9,3,3,5,1.0,3
198,Teens,9,3,3,6,1.0,3
198,Teens,9,3,3,7,1.0,3
198,Teens,9,3,3,8,1.0,3
198,Teens,9,3,3,9,1.0,3
198,Teens,10,5,3,1,0.2,5
198,Teens,10,5,3,2,0.6,5
198,Teens,10,5,3,3,0.8,5
198,Teens,10,5,3,4,0.8,5
198,Teens,10,5,3,5,1.0,5
198,Teens,10,5,3,6,0.8,5
198,Teens,10,5,3,7,0.8,5
198,Teens,10,5,3,8,1.0,5
198,Teens,10,5,3,9,1.0,5
199,Teens,1,2,1,1,0.0,2
199,Teens,1,2,1,2,0.5,2
199,Teens,1,2,1,3,1.0,2
199,Teens,1,2,1,4,1.0,2
199,Teens,1,2,1,5,1.0,2
199,Teens,1,2,1,6,1.0,2
199,Teens,1,2,1,7,1.0,2
199,Teens,1,2,1,8,1.0,2
199,Teens,1,2,1,9,1.0,2
199,Teens,2,3,1,1,0.0,3
199,Teens,2,3,1,2,0.3333333333333333,3
199,Teens,2,3,1,3,0.6666666666666666,3
199,Teens,2,3,1,4,0.6666666666666666,3
199,Teens,2,3,1,5,0.6666666666666666,3
199,Teens,2,3,1,6,1.0,3
199,Teens,2,3,1,7,1.0,3
199,Teens,2,3,1,8,1.0,3
199,Teens,2,3,1,9,0.3333333333333333,3
199,Teens,3,4,1,1,0.5,4
199,Teens,3,4,1,2,1.0,4
199,Teens,3,4,1,3,0.75,4
199,Teens,3,4,1,4,1.0,4
199,Teens,3,4,1,5,1.0,4
199,Teens,3,4,1,6,1.0,4
199,Teens,3,4,1,7,1.0,4
199,Teens,3,4,1,8,1.0,4
199,Teens,3,4,1,9,1.0,4
199,Teens,4,5,1,1,0.2,5
199,Teens,4,5,1,2,0.4,5
199,Teens,4,5,1,3,0.8,5
199,Teens,4,5,1,4,0.4,5
199,Teens,4,5,1,5,0.4,5
199,Teens,4,5,1,6,0.8,5
199,Teens,4,5,1,7,0.8,5
199,Teens,4,5,1,8,1.0,5
199,Teens,4,5,1,9,0.8,5
199,Teens,5,3,2,1,0.3333333333333333,3
199,Teens,5,3,2,2,0.3333333333333333,3
199,Teens,5,3,2,3,1.0,3
199,Teens,5,3,2,4,1.0,3
199,Teens,5,3,2,5,1.0,3
199,Teens,5,3,2,6,1.0,3
199,Teens,5,3,2,7,1.0,3
199,Teens,5,3,2,8,1.0,3
199,Teens,5,3,2,9,1.0,3
199,Teens,6,5,2,1,0.2,5
199,Teens,6,5,2,2,0.6,5
199,Teens,6,5,2,3,1.0,5
199,Teens,6,5,2,4,1.0,5
199,Teens,6,5,2,5,0.8,5
199,Teens,6,5,2,6,1.0,5
199,Teens,6,5,2,7,1.0,5
199,Teens,6,5,2,8,1.0,5
199,Teens,6,5,2,9,1.0,5
199,Teens,7,2,2,1,0.0,2
199,Teens,7,2,2,2,0.5,2
199,Teens,7,2,2,3,1.0,2
199,Teens,7,2,2,4,1.0,2
199,Teens,7,2,2,5,1.0,2
199,Teens,7,2,2,6,1.0,2
199,Teens,7,2,2,7,1.0,2
199,Teens,7,2,2,8,1.0,2
199,Teens,7,2,2,9,0.5,2
199,Teens,8,3,3,1,0.3333333333333333,3
199,Teens,8,3,3,2,0.6666666666666666,3
199,Teens,8,3,3,3,0.6666666666666666,3
199,Teens,8,3,3,4,1.0,3
199,Teens,8,3,3,5,1.0,3
199,Teens,8,3,3,6,1.0,3
199,Teens,8,3,3,7,1.0,3
199,Teens,8,3,3,8,1.0,3
199,Teens,8,3,3,9,1.0,3
199,Teens,9,4,2,1,0.0,3
199,Teens,9,4,2,2,0.5,4
199,Teens,9,4,2,3,0.75,4
199,Teens,9,4,2,4,1.0,4
199,Teens,9,4,2,5,1.0,4
199,Teens,9,4,2,6,1.0,4
199,Teens,9,4,2,7,1.0,4
199,Teens,9,4,2,8,1.0,4
199,Teens,9,4,2,9,1.0,4
199,Teens,10,5,3,1,0.4,5
199,Teens,10,5,3,2,0.2,5
199,Teens,10,5,3,3,0.8,5
199,Teens,10,5,3,4,0.6,5
199,Teens,10,5,3,5,1.0,5
199,Teens,10,5,3,6,1.0,5
199,Teens,10,5,3,7,1.0,5
199,Teens,10,5,3,8,1.0,5
199,Teens,10,5,3,9,1.0,5
200,Kids,1,2,1,1,0.0,2
200,Kids,1,2,1,2,0.5,2
200,Kids,1,2,1,3,1.0,2
200,Kids,1,2,1,4,1.0,2
200,Kids,1,2,1,5,1.0,2
200,Kids,1,2,1,6,0.5,2
200,Kids,1,2,1,7,1.0,2
200,Kids,1,2,1,8,0.5,2
200,Kids,1,2,1,9,1.0,2
200,Kids,2,3,1,1,0.6666666666666666,3
200,Kids,2,3,1,2,0.6666666666666666,3
200,Kids,2,3,1,3,0.6666666666666666,3
200,Kids,2,3,1,4,1.0,3
200,Kids,2,3,1,5,1.0,3
200,Kids,2,3,1,6,1.0,3
200,Kids,2,3,1,7,1.0,3
200,Kids,2,3,1,8,1.0,3
200,Kids,2,3,1,9,0.6666666666666666,3
200,Kids,3,4,1,1,0.25,4
200,Kids,3,4,1,2,0.0,4
200,Kids,3,4,1,3,0.25,4
200,Kids,3,4,1,4,0.5,4
200,Kids,3,4,1,5,1.0,4
200,Kids,3,4,1,6,0.75,4
200,Kids,3,4,1,7,1.0,4
200,Kids,3,4,1,8,1.0,4
200,Kids,3,4,1,9,1.0,4
200,Kids,4,5,1,1,0.6,5
200,Kids,4,5,1,2,0.2,5
200,Kids,4,5,1,3,0.6,5
200,Kids,4,5,1,4,0.6,5
200,Kids,4,5,1,5,0.6,5
200,Kids,4,5,1,6,0.8,5
200,Kids,4,5,1,7,1.0,5
200,Kids,4,5,1,8,1.0,5
200,Kids,4,5,1,9,0.8,5
200,Kids,5,3,2,1,0.0,3
200,Kids,5,3,2,2,0.0,3
200,Kids,5,3,2,3,0.6666666666666666,3
200,Kids,5,3,2,4,1.0,3
200,Kids,5,3,2,5,1.0,3
200,Kids,5,3,2,6,0.6666666666666666,3
200,Kids,5,3,2,7,1.0,3
200,Kids,5,3,2,8,1.0,3
200,Kids,5,3,2,9,1.0,3
200,Kids,6,5,2,1,0.4,5
200,Kids,6,5,2,2,0.2,5
200,Kids,6,5,2,3,0.6,5
200,Kids,6,5,2,4,0.6,5
200,Kids,6,5,2,5,0.8,5
200,Kids,6,5,2,6,0.8,5
200,Kids,6,5,2,7,0.8,5
200,Kids,6,5,2,8,1.0,5
200,Kids,6,5,2,9,1.0,5
200,Kids,7,2,2,1,0.5,2
200,Kids,7,2,2,2,1.0,2
200,Kids,7,2,2,3,1.0,2
200,Kids,7,2,2,4,1.0,2
200,Kids,7,2,2,5,1.0,2
200,Kids,7,2,2,6,1.0,2
200,Kids,7,2,2,7,1.0,2
200,Kids,7,2,2,8,1.0,2
200,Kids,7,2,2,9,1.0,2
200,Kids,8,3,3,1,0.3333333333333333,3
200,Kids,8,3,3,2,0.6666666666666666,3
200,Kids,8,3,3,3,1.0,3
200,Kids,8,3,3,4,1.0,3
200,Kids,8,3,3,5,1.0,3
200,Kids,8,3,3,6,1.0,3
200,Kids,8,3,3,7,1.0,3
200,Kids,8,3,3,8,1.0,3
200,Kids,8,3,3,9,0.6666666666666666,3
200,Kids,9,4,2,1,0.25,4
200,Kids,9,4,2,2,0.5,4
200,Kids,9,4,2,3,0.75,4
200,Kids,9,4,2,4,1.0,4
200,Kids,9,4,2,5,1.0,4
200,Kids,9,4,2,6,1.0,4
200,Kids,9,4,2,7,0.75,4
200,Kids,9,4,2,8,1.0,4
200,Kids,9,4,2,9,1.0,4
200,Kids,10,5,3,1,0.2,5
200,Kids,10,5,3,2,0.4,5
200,Kids,10,5,3,3,0.8,5
200,Kids,10,5,3,4,0.8,5
200,Kids,10,5,3,5,1.0,5
200,Kids,10,5,3,6,0.6,5
200,Kids,10,5,3,7,0.8,5
200,Kids,10,5,3,8,1.0,5
200,Kids,10,5,3,9,1.0,4
201,Teens,1,2,1,1,0.0,2
201,Teens,1,2,1,2,0.5,2
201,Teens,1,2,1,3,1.0,2
201,Teens,1,2,1,4,1.0,2
201,Teens,1,2,1,5,1.0,2
201,Teens,1,2,1,6,1.0,2
201,Teens,1,2,1,7,1.0,2
201,Teens,1,2,1,8,1.0,2
201,Teens,1,2,1,9,1.0,2
201,Teens,2,3,1,1,0.3333333333333333,3
201,Teens,2,3,1,2,0.6666666666666666,3
201,Teens,2,3,1,3,1.0,3
201,Teens,2,3,1,4,1.0,3
201,Teens,2,3,1,5,1.0,3
201,Teens,2,3,1,6,1.0,3
201,Teens,2,3,1,7,1.0,3
201,Teens,2,3,1,8,1.0,3
201,Teens,2,3,1,9,1.0,3
201,Teens,3,4,1,1,0.25,4
201,Teens,3,4,1,2,0.75,4
201,Teens,3,4,1,3,1.0,4
201,Teens,3,4,1,4,1.0,4
201,Teens,3,4,1,5,1.0,4
201,Teens,3,4,1,6,1.0,4
201,Teens,3,4,1,7,1.0,4
201,Teens,3,4,1,8,1.0,4
201,Teens,3,4,1,9,1.0,4
201,Teens,4,5,1,1,0.4,5
201,Teens,4,5,1,2,0.6,5
201,Teens,4,5,1,3,1.0,5
201,Teens,4,5,1,4,1.0,5
201,Teens,4,5,1,5,1.0,5
201,Teens,4,5,1,6,1.0,5
201,Teens,4,5,1,7,1.0,5
201,Teens,4,5,1,8,1.0,5
201,Teens,4,5,1,9,1.0,5
201,Teens,5,3,2,1,0.3333333333333333,3
201,Teens,5,3,2,2,0.6666666666666666,3
201,Teens,5,3,2,3,1.0,3
201,Teens,5,3,2,4,1.0,3
201,Teens,5,3,2,5,1.0,3
201,Teens,5,3,2,6,1.0,3
201,Teens,5,3,2,7,1.0,3
201,Teens,5,3,2,8,1.0,3
201,Teens,5,3,2,9,1.0,3
201,Teens,6,5,2,1,0.2,5
201,Teens,6,5,2,2,0.6,5
201,Teens,6,5,2,3,1.0,5
201,Teens,6,5,2,4,1.0,5
201,Teens,6,5,2,5,1.0,5
201,Teens,6,5,2,6,1.0,5
201,Teens,6,5,2,7,1.0,5
201,Teens,6,5,2,8,1.0,5
201,Teens,6,5,2,9,1.0,5
201,Teens,7,2,2,1,0.5,2
201,Teens,7,2,2,2,1.0,2
201,Teens,7,2,2,3,1.0,2
201,Teens,7,2,2,4,1.0,2
201,Teens,7,2,2,5,1.0,2
201,Teens,7,2,2,6,1.0,2
201,Teens,7,2,2,7,1.0,2
201,Teens,7,2,2,8,1.0,2
201,Teens,7,2,2,9,1.0,2
201,Teens,8,3,3,1,0.3333333333333333,3
201,Teens,8,3,3,2,1.0,3
201,Teens,8,3,3,3,1.0,3
201,Teens,8,3,3,4,1.0,3
201,Teens,8,3,3,5,1.0,3
201,Teens,8,3,3,6,0.6666666666666666,3
201,Teens,8,3,3,7,1.0,3
201,Teens,8,3,3,8,1.0,3
201,Teens,8,3,3,9,1.0,3
201,Teens,9,4,2,1,0.25,4
201,Teens,9,4,2,2,0.25,4
201,Teens,9,4,2,3,1.0,4
201,Teens,9,4,2,4,1.0,4
201,Teens,9,4,2,5,1.0,4
201,Teens,9,4,2,6,1.0,4
201,Teens,9,4,2,7,1.0,4
201,Teens,9,4,2,8,1.0,4
201,Teens,9,4,2,9,1.0,4
201,Teens,10,5,3,1,0.4,5
201,Teens,10,5,3,2,0.8,5
201,Teens,10,5,3,3,1.0,5
201,Teens,10,5,3,4,1.0,5
201,Teens,10,5,3,5,1.0,5
201,Teens,10,5,3,6,1.0,5
201,Teens,10,5,3,7,1.0,5
201,Teens,10,5,3,8,1.0,5
201,Teens,10,5,3,9,0.8,5
202,Teens,1,2,1,1,0.5,2
202,Teens,1,2,1,2,1.0,2
202,Teens,1,2,1,3,1.0,2
202,Teens,1,2,1,4,1.0,2
202,Teens,1,2,1,5,1.0,2
202,Teens,1,2,1,6,1.0,2
202,Teens,1,2,1,7,1.0,2
202,Teens,1,2,1,8,1.0,2
202,Teens,1,2,1,9,1.0,2
202,Teens,2,3,1,1,0.0,3
202,Teens,2,3,1,2,0.0,3
202,Teens,2,3,1,3,1.0,3
202,Teens,2,3,1,4,1.0,3
202,Teens,2,3,1,5,1.0,3
202,Teens,2,3,1,6,1.0,3
202,Teens,2,3,1,7,1.0,3
202,Teens,2,3,1,8,0.6666666666666666,3
202,Teens,2,3,1,9,1.0,3
202,Teens,3,5,1,1,0.4,5
202,Teens,3,5,1,2,0.6,5
202,Teens,3,5,1,3,1.0,5
202,Teens,3,5,1,4,0.8,5
202,Teens,3,5,1,5,1.0,5
202,Teens,3,5,1,6,1.0,5
202,Teens,3,5,1,7,0.8,5
202,Teens,3,5,1,8,1.0,5
202,Teens,3,5,1,9,0.8,5
202,Teens,4,4,1,1,0.5,4
202,Teens,4,4,1,2,0.75,4
202,Teens,4,4,1,3,0.75,4
202,Teens,4,4,1,4,1.0,4
202,Teens,4,4,1,5,1.0,4
202,Teens,4,4,1,6,1.0,4
202,Teens,4,4,1,7,0.75,4
202,Teens,4,4,1,8,1.0,4
202,Teens,4,4,1,9,1.0,4
202,Teens,5,3,2,1,0.3333333333333333,3
202,Teens,5,3,2,2,0.6666666666666666,3
202,Teens,5,3,2,3,1.0,3
202,Teens,5,3,2,4,1.0,3
202,Teens,5,3,2,5,1.0,3
202,Teens,5,3,2,6,1.0,3
202,Teens,5,3,2,7,1.0,3
202,Teens,5,3,2,8,1.0,3
202,Teens,5,3,2,9,1.0,3
202,Teens,6,5,2,1,0.2,5
202,Teens,6,5,2,2,0.6,5
202,Teens,6,5,2,3,0.6,5
202,Teens,6,5,2,4,1.0,5
202,Teens,6,5,2,5,1.0,5
202,Teens,6,5,2,6,1.0,5
202,Teens,6,5,2,7,1.0,5
202,Teens,6,5,2,8,1.0,5
202,Teens,6,5,2,9,1.0,5
202,Teens,7,2,2,1,0.5,2
202,Teens,7,2,2,2,1.0,2
202,Teens,7,2,2,3,1.0,2
202,Teens,7,2,2,4,1.0,2
202,Teens,7,2,2,5,1.0,2
202,Teens,7,2,2,6,1.0,2
202,Teens,7,2,2,7,1.0,2
202,Teens,7,2,2,8,1.0,2
202,Teens,7,2,2,9,1.0,2
202,Teens,8,3,3,1,0.3333333333333333,3
202,Teens,8,3,3,2,1.0,3
202,Teens,8,3,3,3,1.0,3
202,Teens,8,3,3,4,1.0,3
202,Teens,8,3,3,5,1.0,3
202,Teens,8,3,3,6,1.0,3
202,Teens,8,3,3,7,0.6666666666666666,3
202,Teens,8,3,3,8,1.0,3
202,Teens,8,3,3,9,1.0,3
202,Teens,9,5,3,1,0.4,5
202,Teens,9,5,3,2,0.6,5
202,Teens,9,5,3,3,1.0,5
202,Teens,9,5,3,4,0.8,5
202,Teens,9,5,3,5,0.8,5
202,Teens,9,5,3,6,1.0,5
202,Teens,9,5,3,7,1.0,5
202,Teens,9,5,3,8,1.0,5
202,Teens,9,5,3,9,1.0,5
202,Teens,10,4,2,1,0.25,4
202,Teens,10,4,2,2,0.75,4
202,Teens,10,4,2,3,1.0,4
202,Teens,10,4,2,4,1.0,4
202,Teens,10,4,2,5,1.0,4
202,Teens,10,4,2,6,1.0,4
202,Teens,10,4,2,7,1.0,4
202,Teens,10,4,2,8,1.0,4
202,Teens,10,4,2,9,1.0,4
204,Teens,1,2,1,1,0.5,2
204,Teens,1,2,1,2,0.5,2
204,Teens,1,2,1,3,1.0,2
204,Teens,1,2,1,4,1.0,2
204,Teens,1,2,1,5,1.0,2
204,Teens,1,2,1,6,1.0,2
204,Teens,1,2,1,7,1.0,2
204,Teens,1,2,1,8,1.0,2
204,Teens,1,2,1,9,1.0,2
204,Teens,2,3,1,1,0.0,3
204,Teens,2,3,1,2,0.3333333333333333,3
204,Teens,2,3,1,3,0.6666666666666666,3
204,Teens,2,3,1,4,0.6666666666666666,3
204,Teens,2,3,1,5,1.0,3
204,Teens,2,3,1,6,1.0,3
204,Teens,2,3,1,7,1.0,3
204,Teens,2,3,1,8,1.0,3
204,Teens,2,3,1,9,1.0,3
204,Teens,3,5,1,1,0.2,5
204,Teens,3,5,1,2,0.6,5
204,Teens,3,5,1,3,0.6,5
204,Teens,3,5,1,4,0.8,5
204,Teens,3,5,1,5,1.0,5
204,Teens,3,5,1,6,1.0,5
204,Teens,3,5,1,7,1.0,5
204,Teens,3,5,1,8,0.8,5
204,Teens,3,5,1,9,1.0,5
204,Teens,4,4,1,1,0.25,4
204,Teens,4,4,1,2,0.5,4
204,Teens,4,4,1,3,0.75,4
204,Teens,4,4,1,4,1.0,4
204,Teens,4,4,1,5,1.0,4
204,Teens,4,4,1,6,1.0,4
204,Teens,4,4,1,7,1.0,4
204,Teens,4,4,1,8,1.0,4
204,Teens,4,4,1,9,1.0,4
204,Teens,5,3,2,1,0.3333333333333333,3
204,Teens,5,3,2,2,0.6666666666666666,3
204,Teens,5,3,2,3,1.0,3
204,Teens,5,3,2,4,1.0,3
204,Teens,5,3,2,5,1.0,3
204,Teens,5,3,2,6,1.0,3
204,Teens,5,3,2,7,1.0,3
204,Teens,5,3,2,8,1.0,3
204,Teens,5,3,2,9,1.0,3
204,Teens,6,5,2,1,0.4,5
204,Teens,6,5,2,2,0.8,5
204,Teens,6,5,2,3,0.8,5
204,Teens,6,5,2,4,0.8,5
204,Teens,6,5,2,5,0.8,5
204,Teens,6,5,2,6,1.0,5
204,Teens,6,5,2,7,1.0,5
204,Teens,6,5,2,8,1.0,5
204,Teens,6,5,2,9,1.0,5
204,Teens,7,2,2,1,0.0,2
204,Teens,7,2,2,2,1.0,2
204,Teens,7,2,2,3,1.0,2
204,Teens,7,2,2,4,1.0,2
204,Teens,7,2,2,5,1.0,2
204,Teens,7,2,2,6,1.0,2
204,Teens,7,2,2,7,1.0,2
204,Teens,7,2,2,8,1.0,2
204,Teens,7,2,2,9,1.0,2
204,Teens,8,3,3,1,0.3333333333333333,3
204,Teens,8,3,3,2,1.0,3
204,Teens,8,3,3,3,1.0,3
204,Teens,8,3,3,4,1.0,3
204,Teens,8,3,3,5,1.0,3
204,Teens,8,3,3,6,1.0,3
204,Teens,8,3,3,7,1.0,3
204,Teens,8,3,3,8,1.0,3
204,Teens,8,3,3,9,1.0,3
204,Teens,9,5,3,1,0.2,5
204,Teens,9,5,3,2,0.4,5
204,Teens,9,5,3,3,0.6,5
204,Teens,9,5,3,4,0.6,5
204,Teens,9,5,3,5,1.0,5
204,Teens,9,5,3,6,0.8,5
204,Teens,9,5,3,7,1.0,5
204,Teens,9,5,3,8,0.8,5
204,Teens,9,5,3,9,0.8,5
204,Teens,10,4,2,1,0.5,4
204,Teens,10,4,2,2,0.75,4
204,Teens,10,4,2,3,1.0,4
204,Teens,10,4,2,4,1.0,4
204,Teens,10,4,2,5,1.0,4
204,Teens,10,4,2,6,1.0,4
204,Teens,10,4,2,7,1.0,4
204,Teens,10,4,2,8,1.0,4
204,Teens,10,4,2,9,1.0,4
205,Teens,1,2,1,1,0.5,2
205,Teens,1,2,1,2,1.0,2
205,Teens,1,2,1,3,1.0,2
205,Teens,1,2,1,4,1.0,2
205,Teens,1,2,1,5,0.5,2
205,Teens,1,2,1,6,1.0,2
205,Teens,1,2,1,7,1.0,2
205,Teens,1,2,1,8,1.0,2
205,Teens,1,2,1,9,0.5,2
205,Teens,2,3,1,1,0.0,3
205,Teens,2,3,1,2,0.0,3
205,Teens,2,3,1,3,0.6666666666666666,3
205,Teens,2,3,1,4,1.0,3
205,Teens,2,3,1,5,0.6666666666666666,3
205,Teens,2,3,1,6,1.0,3
205,Teens,2,3,1,7,0.6666666666666666,3
205,Teens,2,3,1,8,1.0,3
205,Teens,2,3,1,9,1.0,3
205,Teens,3,4,1,1,0.5,4
205,Teens,3,4,1,2,0.0,4
205,Teens,3,4,1,3,0.5,4
205,Teens,3,4,1,4,0.75,4
205,Teens,3,4,1,5,0.5,4
205,Teens,3,4,1,6,0.5,4
205,Teens,3,4,1,7,0.75,4
205,Teens,3,4,1,8,1.0,4
205,Teens,3,4,1,9,1.0,4
205,Teens,4,5,1,1,0.4,5
205,Teens,4,5,1,2,0.6,5
205,Teens,4,5,1,3,0.2,5
205,Teens,4,5,1,4,0.6,5
205,Teens,4,5,1,5,0.4,5
205,Teens,4,5,1,6,0.6,5
205,Teens,4,5,1,7,0.4,5
205,Teens,4,5,1,8,0.8,5
205,Teens,4,5,1,9,0.6,5
205,Teens,5,3,2,1,0.0,3
205,Teens,5,3,2,2,0.3333333333333333,3
205,Teens,5,3,2,3,1.0,3
205,Teens,5,3,2,4,1.0,3
205,Teens,5,3,2,5,1.0,3
205,Teens,5,3,2,6,1.0,3
205,Teens,5,3,2,7,1.0,3
205,Teens,5,3,2,8,1.0,3
205,Teens,5,3,2,9,1.0,3
205,Teens,6,5,2,1,0.4,5
205,Teens,6,5,2,2,0.8,5
205,Teens,6,5,2,3,0.8,5
205,Teens,6,5,2,4,0.6,5
205,Teens,6,5,2,5,1.0,5
205,Teens,6,5,2,6,0.8,5
205,Teens,6,5,2,7,1.0,5
205,Teens,6,5,2,8,0.8,5
205,Teens,6,5,2,9,0.8,5
205,Teens,7,2,2,1,0.0,2
205,Teens,7,2,2,2,0.5,2
205,Teens,7,2,2,3,1.0,2
205,Teens,7,2,2,4,0.5,2
205,Teens,7,2,2,5,1.0,2
205,Teens,7,2,2,6,1.0,2
205,Teens,7,2,2,7,0.5,2
205,Teens,7,2,2,8,1.0,2
205,Teens,7,2,2,9,1.0,2
205,Teens,8,3,3,1,0.3333333333333333,3
205,Teens,8,3,3,2,1.0,3
205,Teens,8,3,3,3,1.0,3
205,Teens,8,3,3,4,1.0,3
205,Teens,8,3,3,5,0.6666666666666666,3
205,Teens,8,3,3,6,1.0,3
205,Teens,8,3,3,7,1.0,3
205,Teens,8,3,3,8,1.0,3
205,Teens,8,3,3,9,1.0,3
205,Teens,9,4,2,1,0.5,4
205,Teens,9,4,2,2,0.75,4
205,Teens,9,4,2,3,0.75,4
205,Teens,9,4,2,4,1.0,4
205,Teens,9,4,2,5,0.75,4
205,Teens,9,4,2,6,0.75,4
205,Teens,9,4,2,7,1.0,4
205,Teens,9,4,2,8,0.75,4
205,Teens,9,4,2,9,1.0,4
205,Teens,10,5,3,1,0.2,5
205,Teens,10,5,3,2,0.4,5
205,Teens,10,5,3,3,0.2,5
205,Teens,10,5,3,4,0.8,5
205,Teens,10,5,3,5,0.6,5
205,Teens,10,5,3,6,0.6,5
205,Teens,10,5,3,7,0.8,5
205,Teens,10,5,3,8,0.6,5
205,Teens,10,5,3,9,0.6,5
206,Kids,1,2,1,1,1.0,2
206,Kids,1,2,1,2,1.0,2
206,Kids,1,2,1,3,1.0,2
206,Kids,1,2,1,4,1.0,2
206,Kids,1,2,1,5,1.0,2
206,Kids,1,2,1,6,1.0,2
206,Kids,1,2,1,7,0.5,2
206,Kids,1,2,1,8,1.0,2
206,Kids,1,2,1,9,1.0,2
206,Kids,2,3,1,1,0.0,3
206,Kids,2,3,1,2,0.3333333333333333,3
206,Kids,2,3,1,3,0.3333333333333333,3
206,Kids,2,3,1,4,0.3333333333333333,3
206,Kids,2,3,1,5,0.3333333333333333,3
206,Kids,2,3,1,6,0.6666666666666666,3
206,Kids,2,3,1,7,0.6666666666666666,3
206,Kids,2,3,1,8,0.6666666666666666,3
206,Kids,2,3,1,9,0.6666666666666666,3
206,Kids,3,4,1,1,0.5,4
206,Kids,3,4,1,2,0.75,4
206,Kids,3,4,1,3,0.75,4
206,Kids,3,4,1,4,0.75,4
206,Kids,3,4,1,5,0.5,4
206,Kids,3,4,1,6,0.25,4
206,Kids,3,4,1,7,0.5,4
206,Kids,3,4,1,8,0.25,4
206,Kids,3,4,1,9,0.5,4
206,Kids,4,5,1,1,0.0,4
206,Kids,4,5,1,2,0.2,5
206,Kids,4,5,1,3,0.2,5
206,Kids,4,5,1,4,0.0,4
206,Kids,4,5,1,5,0.25,4
206,Kids,4,5,1,6,0.4,5
206,Kids,4,5,1,7,0.2,5
206,Kids,4,5,1,8,0.4,5
206,Kids,4,5,1,9,0.6,5
206,Kids,5,3,2,1,0.0,3
206,Kids,5,3,2,2,0.0,3
206,Kids,5,3,2,3,0.6666666666666666,3
206,Kids,5,3,2,4,1.0,3
206,Kids,5,3,2,5,1.0,3
206,Kids,5,3,2,6,1.0,3
206,Kids,5,3,2,7,0.6666666666666666,3
206,Kids,5,3,2,8,1.0,3
206,Kids,5,3,2,9,0.3333333333333333,3
206,Kids,6,5,2,1,0.25,4
206,Kids,6,5,2,2,0.4,5
206,Kids,6,5,2,3,1.0,5
206,Kids,6,5,2,4,0.2,5
206,Kids,6,5,2,5,0.6,5
206,Kids,6,5,2,6,0.25,4
206,Kids,6,5,2,7,0.8,5
206,Kids,6,5,2,8,0.2,5
206,Kids,6,5,2,9,0.6,5
206,Kids,7,2,2,1,0.5,2
206,Kids,7,2,2,2,0.5,2
206,Kids,7,2,2,3,1.0,2
206,Kids,7,2,2,4,1.0,2
206,Kids,7,2,2,5,0.0,2
206,Kids,7,2,2,6,0.0,2
206,Kids,7,2,2,7,1.0,2
206,Kids,7,2,2,8,0.5,2
206,Kids,7,2,2,9,1.0,2
206,Kids,8,3,3,1,0.3333333333333333,3
206,Kids,8,3,3,2,0.3333333333333333,3
206,Kids,8,3,3,3,0.6666666666666666,3
206,Kids,8,3,3,4,0.6666666666666666,3
206,Kids,8,3,3,5,0.3333333333333333,3
206,Kids,8,3,3,6,0.6666666666666666,3
206,Kids,8,3,3,7,0.6666666666666666,3
206,Kids,8,3,3,8,0.0,3
206,Kids,8,3,3,9,0.3333333333333333,3
206,Kids,9,4,2,1,0.25,4
206,Kids,9,4,2,2,0.5,4
206,Kids,9,4,2,3,0.0,4
206,Kids,9,4,2,4,0.25,4
206,Kids,9,4,2,5,1.0,4
206,Kids,9,4,2,6,0.5,4
206,Kids,9,4,2,7,0.25,4
206,Kids,9,4,2,8,0.5,2
206,Kids,9,4,2,9,0.5,4
206,Kids,10,5,3,1,0.2,5
206,Kids,10,5,3,2,0.0,5
206,Kids,10,5,3,3,0.6,5
206,Kids,10,5,3,4,0.5,4
206,Kids,10,5,3,5,0.2,5
206,Kids,10,5,3,6,0.0,3
206,Kids,10,5,3,7,0.0,4
206,Kids,10,5,3,8,0.0,5
206,Kids,10,5,3,9,0.6,5
207,Kids,1,2,1,1,0.5,2
207,Kids,1,2,1,2,0.5,2
207,Kids,1,2,1,3,1.0,2
207,Kids,1,2,1,4,1.0,2
207,Kids,1,2,1,5,1.0,2
207,Kids,1,2,1,6,1.0,2
207,Kids,1,2,1,7,0.5,2
207,Kids,1,2,1,8,1.0,2
207,Kids,1,2,1,9,1.0,2
207,Kids,2,3,1,1,0.3333333333333333,3
207,Kids,2,3,1,2,0.3333333333333333,3
207,Kids,2,3,1,3,1.0,3
207,Kids,2,3,1,4,1.0,3
207,Kids,2,3,1,5,1.0,3
207,Kids,2,3,1,6,1.0,3
207,Kids,2,3,1,7,1.0,3
207,Kids,2,3,1,8,1.0,3
207,Kids,2,3,1,9,1.0,3
207,Kids,3,4,1,1,0.5,4
207,Kids,3,4,1,2,0.75,4
207,Kids,3,4,1,3,1.0,4
207,Kids,3,4,1,4,1.0,4
207,Kids,3,4,1,5,1.0,4
207,Kids,3,4,1,6,1.0,4
207,Kids,3,4,1,7,1.0,4
207,Kids,3,4,1,8,1.0,4
207,Kids,3,4,1,9,1.0,4
207,Kids,4,5,1,1,0.4,5
207,Kids,4,5,1,2,0.6,5
207,Kids,4,5,1,3,0.8,5
207,Kids,4,5,1,4,0.8,5
207,Kids,4,5,1,5,1.0,5
207,Kids,4,5,1,6,1.0,5
207,Kids,4,5,1,7,1.0,5
207,Kids,4,5,1,8,1.0,5
207,Kids,4,5,1,9,1.0,5
207,Kids,5,3,2,1,0.0,3
207,Kids,5,3,2,2,0.3333333333333333,3
207,Kids,5,3,2,3,0.6666666666666666,3
207,Kids,5,3,2,4,0.3333333333333333,3
207,Kids,5,3,2,5,0.6666666666666666,3
207,Kids,5,3,2,6,0.6666666666666666,3
207,Kids,5,3,2,7,1.0,3
207,Kids,5,3,2,8,1.0,3
207,Kids,5,3,2,9,1.0,3
207,Kids,6,5,2,1,0.0,5
207,Kids,6,5,2,2,0.8,5
207,Kids,6,5,2,3,0.8,5
207,Kids,6,5,2,4,0.6,5
207,Kids,6,5,2,5,0.6,5
207,Kids,6,5,2,6,0.6,5
207,Kids,6,5,2,7,0.8,5
207,Kids,6,5,2,8,1.0,5
207,Kids,6,5,2,9,0.8,5
207,Kids,7,2,2,1,0.5,2
207,Kids,7,2,2,2,1.0,2
207,Kids,7,2,2,3,1.0,2
207,Kids,7,2,2,4,1.0,2
207,Kids,7,2,2,5,1.0,2
207,Kids,7,2,2,6,1.0,2
207,Kids,7,2,2,7,1.0,2
207,Kids,7,2,2,8,1.0,2
207,Kids,7,2,2,9,1.0,2
207,Kids,8,3,3,1,0.0,3
207,Kids,8,3,3,2,0.3333333333333333,3
207,Kids,8,3,3,3,0.6666666666666666,3
207,Kids,8,3,3,4,1.0,3
207,Kids,8,3,3,5,1.0,3
207,Kids,8,3,3,6,1.0,3
207,Kids,8,3,3,7,1.0,3
207,Kids,8,3,3,8,1.0,3
207,Kids,8,3,3,9,1.0,3
207,Kids,9,4,2,1,0.25,4
207,Kids,9,4,2,2,0.75,4
207,Kids,9,4,2,3,0.75,4
207,Kids,9,4,2,4,1.0,4
207,Kids,9,4,2,5,0.75,4
207,Kids,9,4,2,6,0.75,4
207,Kids,9,4,2,7,1.0,4
207,Kids,9,4,2,8,1.0,4
207,Kids,9,4,2,9,1.0,4
207,Kids,10,5,3,1,0.8,5
207,Kids,10,5,3,2,1.0,5
207,Kids,10,5,3,3,1.0,5
207,Kids,10,5,3,4,1.0,5
207,Kids,10,5,3,5,1.0,5
207,Kids,10,5,3,6,1.0,5
207,Kids,10,5,3,7,1.0,5
207,Kids,10,5,3,8,1.0,5
207,Kids,10,5,3,9,1.0,5
208,Teens,1,2,1,1,0.5,2
208,Teens,1,2,1,2,0.5,2
208,Teens,1,2,1,3,1.0,2
208,Teens,1,2,1,4,1.0,2
208,Teens,1,2,1,5,1.0,2
208,Teens,1,2,1,6,0.5,2
208,Teens,1,2,1,7,1.0,2
208,Teens,1,2,1,8,1.0,2
208,Teens,1,2,1,9,1.0,2
208,Teens,2,4,1,1,0.25,4
208,Teens,2,4,1,2,0.5,4
208,Teens,2,4,1,3,0.75,4
208,Teens,2,4,1,4,0.75,4
208,Teens,2,4,1,5,1.0,4
208,Teens,2,4,1,6,1.0,4
208,Teens,2,4,1,7,1.0,4
208,Teens,2,4,1,8,0.75,4
208,Teens,2,4,1,9,1.0,4
208,Teens,3,3,1,1,0.6666666666666666,3
208,Teens,3,3,1,2,0.6666666666666666,3
208,Teens,3,3,1,3,1.0,3
208,Teens,3,3,1,4,1.0,3
208,Teens,3,3,1,5,1.0,3
208,Teens,3,3,1,6,1.0,3
208,Teens,3,3,1,7,1.0,3
208,Teens,3,3,1,8,1.0,3
208,Teens,3,3,1,9,1.0,3
208,Teens,4,5,1,1,0.2,5
208,Teens,4,5,1,2,0.4,5
208,Teens,4,5,1,3,0.6,5
208,Teens,4,5,1,4,0.8,5
208,Teens,4,5,1,5,0.6,5
208,Teens,4,5,1,6,0.8,5
208,Teens,4,5,1,7,1.0,5
208,Teens,4,5,1,8,1.0,5
208,Teens,4,5,1,9,0.8,5
208,Teens,5,3,2,1,0.3333333333333333,3
208,Teens,5,3,2,2,1.0,3
208,Teens,5,3,2,3,1.0,3
208,Teens,5,3,2,4,1.0,3
208,Teens,5,3,2,5,1.0,3
208,Teens,5,3,2,6,1.0,3
208,Teens,5,3,2,7,1.0,3
208,Teens,5,3,2,8,1.0,3
208,Teens,5,3,2,9,1.0,3
208,Teens,6,5,2,1,1.0,5
208,Teens,6,5,2,2,1.0,5
208,Teens,6,5,2,3,1.0,5
208,Teens,6,5,2,4,1.0,5
208,Teens,6,5,2,5,1.0,5
208,Teens,6,5,2,6,1.0,5
208,Teens,6,5,2,7,1.0,5
208,Teens,6,5,2,8,1.0,5
208,Teens,6,5,2,9,1.0,5
208,Teens,7,2,2,1,0.0,2
208,Teens,7,2,2,2,0.5,2
208,Teens,7,2,2,3,1.0,2
208,Teens,7,2,2,4,1.0,2
208,Teens,7,2,2,5,1.0,2
208,Teens,7,2,2,6,0.5,2
208,Teens,7,2,2,7,1.0,2
208,Teens,7,2,2,8,1.0,2
208,Teens,7,2,2,9,1.0,2
208,Teens,8,4,2,1,0.0,4
208,Teens,8,4,2,2,0.5,4
208,Teens,8,4,2,3,0.75,4
208,Teens,8,4,2,4,1.0,4
208,Teens,8,4,2,5,1.0,4
208,Teens,8,4,2,6,1.0,4
208,Teens,8,4,2,7,1.0,4
208,Teens,8,4,2,8,1.0,4
208,Teens,8,4,2,9,1.0,4
208,Teens,9,3,3,1,0.6666666666666666,3
208,Teens,9,3,3,2,1.0,3
208,Teens,9,3,3,3,1.0,3
208,Teens,9,3,3,4,1.0,3
208,Teens,9,3,3,5,1.0,3
208,Teens,9,3,3,6,1.0,3
208,Teens,9,3,3,7,1.0,3
208,Teens,9,3,3,8,1.0,3
208,Teens,9,3,3,9,1.0,3
208,Teens,10,5,3,1,0.4,5
208,Teens,10,5,3,2,0.4,5
208,Teens,10,5,3,3,0.4,5
208,Teens,10,5,3,4,0.2,5
208,Teens,10,5,3,5,0.6,5
208,Teens,10,5,3,6,0.4,5
208,Teens,10,5,3,7,0.8,5
208,Teens,10,5,3,8,0.8,5
208,Teens,10,5,3,9,1.0,5
209,Teens,1,2,1,1,0.0,2
209,Teens,1,2,1,2,0.5,2
209,Teens,1,2,1,3,1.0,2
209,Teens,1,2,1,4,1.0,2
209,Teens,1,2,1,5,1.0,2
209,Teens,1,2,1,6,1.0,2
209,Teens,1,2,1,7,1.0,2
209,Teens,1,2,1,8,1.0,2
209,Teens,1,2,1,9,1.0,2
209,Teens,2,3,1,1,0.0,3
209,Teens,2,3,1,2,0.0,3
209,Teens,2,3,1,3,0.0,3
209,Teens,2,3,1,4,0.6666666666666666,3
209,Teens,2,3,1,5,1.0,3
209,Teens,2,3,1,6,1.0,3
209,Teens,2,3,1,7,1.0,3
209,Teens,2,3,1,8,1.0,3
209,Teens,2,3,1,9,1.0,3
209,Teens,3,4,1,1,0.75,4
209,Teens,3,4,1,2,0.75,4
209,Teens,3,4,1,3,1.0,4
209,Teens,3,4,1,4,0.5,4
209,Teens,3,4,1,5,1.0,4
209,Teens,3,4,1,6,1.0,4
209,Teens,3,4,1,7,1.0,4
209,Teens,3,4,1,8,1.0,4
209,Teens,3,4,1,9,1.0,4
209,Teens,4,5,1,1,0.0,5
209,Teens,4,5,1,2,0.2,5
209,Teens,4,5,1,3,0.4,5
209,Teens,4,5,1,4,0.6,5
209,Teens,4,5,1,5,0.8,5
209,Teens,4,5,1,6,0.8,5
209,Teens,4,5,1,7,1.0,5
209,Teens,4,5,1,8,1.0,5
209,Teens,4,5,1,9,1.0,5
209,Teens,5,3,2,1,0.0,3
209,Teens,5,3,2,2,0.3333333333333333,3
209,Teens,5,3,2,3,0.3333333333333333,3
209,Teens,5,3,2,4,0.3333333333333333,3
209,Teens,5,3,2,5,0.3333333333333333,3
209,Teens,5,3,2,6,0.6666666666666666,3
209,Teens,5,3,2,7,0.6666666666666666,3
209,Teens,5,3,2,8,1.0,3
209,Teens,5,3,2,9,1.0,3
209,Teens,6,5,2,1,0.2,5
209,Teens,6,5,2,2,0.4,5
209,Teens,6,5,2,3,0.8,5
209,Teens,6,5,2,4,0.6,5
209,Teens,6,5,2,5,1.0,5
209,Teens,6,5,2,6,1.0,5
209,Teens,6,5,2,7,0.8,5
209,Teens,6,5,2,8,1.0,5
209,Teens,6,5,2,9,1.0,5
209,Teens,7,2,2,1,0.5,2
209,Teens,7,2,2,2,1.0,2
209,Teens,7,2,2,3,1.0,2
209,Teens,7,2,2,4,1.0,2
209,Teens,7,2,2,5,1.0,2
209,Teens,7,2,2,6,1.0,2
209,Teens,7,2,2,7,1.0,2
209,Teens,7,2,2,8,1.0,2
209,Teens,7,2,2,9,0.5,2
209,Teens,8,3,3,1,0.3333333333333333,3
209,Teens,8,3,3,2,0.3333333333333333,3
209,Teens,8,3,3,3,1.0,3
209,Teens,8,3,3,4,1.0,3
209,Teens,8,3,3,5,1.0,3
209,Teens,8,3,3,6,1.0,3
209,Teens,8,3,3,7,1.0,3
209,Teens,8,3,3,8,1.0,3
209,Teens,8,3,3,9,1.0,3
209,Teens,9,4,2,1,1.0,4
209,Teens,9,4,2,2,0.5,4
209,Teens,9,4,2,3,0.75,4
209,Teens,9,4,2,4,0.5,4
209,Teens,9,4,2,5,0.75,4
209,Teens,9,4,2,6,1.0,4
209,Teens,9,4,2,7,1.0,4
209,Teens,9,4,2,8,1.0,4
209,Teens,9,4,2,9,1.0,4
209,Teens,10,5,3,1,0.0,5
209,Teens,10,5,3,2,0.2,5
209,Teens,10,5,3,3,0.4,5
209,Teens,10,5,3,4,0.8,5
209,Teens,10,5,3,5,0.6,5
209,Teens,10,5,3,6,0.4,5
209,Teens,10,5,3,7,0.4,5
209,Teens,10,5,3,8,0.4,5
209,Teens,10,5,3,9,0.8,5
210,Teens,1,2,1,1,0.0,2
210,Teens,1,2,1,2,0.0,2
210,Teens,1,2,1,3,0.0,2
210,Teens,1,2,1,4,0.5,2
210,Teens,1,2,1,5,0.5,2
210,Teens,1,2,1,6,1.0,2
210,Teens,1,2,1,7,1.0,2
210,Teens,1,2,1,8,1.0,2
210,Teens,1,2,1,9,1.0,2
210,Teens,2,3,1,1,0.3333333333333333,3
210,Teens,2,3,1,2,0.6666666666666666,3
210,Teens,2,3,1,3,0.6666666666666666,3
210,Teens,2,3,1,4,1.0,3
210,Teens,2,3,1,5,0.6666666666666666,3
210,Teens,2,3,1,6,0.6666666666666666,3
210,Teens,2,3,1,7,1.0,3
210,Teens,2,3,1,8,1.0,3
210,Teens,2,3,1,9,1.0,3
210,Teens,3,4,1,1,0.5,4
210,Teens,3,4,1,2,1.0,4
210,Teens,3,4,1,3,1.0,4
210,Teens,3,4,1,4,0.75,4
210,Teens,3,4,1,5,1.0,4
210,Teens,3,4,1,6,1.0,4
210,Teens,3,4,1,7,1.0,4
210,Teens,3,4,1,8,1.0,4
210,Teens,3,4,1,9,1.0,4
210,Teens,4,5,1,1,0.2,5
210,Teens,4,5,1,2,0.8,5
210,Teens,4,5,1,3,0.8,5
210,Teens,4,5,1,4,0.6,5
210,Teens,4,5,1,5,0.8,5
210,Teens,4,5,1,6,0.8,5
210,Teens,4,5,1,7,0.8,5
210,Teens,4,5,1,8,1.0,5
210,Teens,4,5,1,9,1.0,5
210,Teens,5,3,2,1,0.3333333333333333,3
210,Teens,5,3,2,2,0.6666666666666666,3
210,Teens,5,3,2,3,1.0,3
210,Teens,5,3,2,4,1.0,3
210,Teens,5,3,2,5,1.0,3
210,Teens,5,3,2,6,1.0,3
210,Teens,5,3,2,7,1.0,3
210,Teens,5,3,2,8,1.0,3
210,Teens,5,3,2,9,1.0,3
210,Teens,6,5,2,1,0.0,5
210,Teens,6,5,2,2,0.4,5
210,Teens,6,5,2,3,0.6,5
210,Teens,6,5,2,4,0.6,5
210,Teens,6,5,2,5,0.8,5
210,Teens,6,5,2,6,0.8,5
210,Teens,6,5,2,7,0.8,5
210,Teens,6,5,2,8,0.8,5
210,Teens,6,5,2,9,1.0,5
210,Teens,7,2,2,1,0.0,2
210,Teens,7,2,2,2,0.0,2
210,Teens,7,2,2,3,1.0,2
210,Teens,7,2,2,4,1.0,2
210,Teens,7,2,2,5,1.0,2
210,Teens,7,2,2,6,1.0,2
210,Teens,7,2,2,7,1.0,2
210,Teens,7,2,2,8,1.0,2
210,Teens,7,2,2,9,1.0,2
210,Teens,8,3,3,1,0.6666666666666666,3
210,Teens,8,3,3,2,1.0,3
210,Teens,8,3,3,3,1.0,3
210,Teens,8,3,3,4,1.0,3
210,Teens,8,3,3,5,1.0,3
210,Teens,8,3,3,6,1.0,3
210,Teens,8,3,3,7,1.0,3
210,Teens,8,3,3,8,1.0,3
210,Teens,8,3,3,9,1.0,3
210,Teens,9,4,2,1,0.0,4
210,Teens,9,4,2,2,0.25,4
210,Teens,9,4,2,3,0.25,4
210,Teens,9,4,2,4,0.75,4
210,Teens,9,4,2,5,0.75,4
210,Teens,9,4,2,6,1.0,4
210,Teens,9,4,2,7,1.0,4
210,Teens,9,4,2,8,1.0,4
210,Teens,9,4,2,9,1.0,4
210,Teens,10,5,3,1,0.4,5
210,Teens,10,5,3,2,0.6,5
210,Teens,10,5,3,3,0.8,5
210,Teens,10,5,3,4,1.0,5
210,Teens,10,5,3,5,1.0,5
210,Teens,10,5,3,6,1.0,5
210,Teens,10,5,3,7,1.0,5
210,Teens,10,5,3,8,1.0,5
210,Teens,10,5,3,9,1.0,5
212,Teens,1,2,1,1,0.0,2
212,Teens,1,2,1,2,0.0,2
212,Teens,1,2,1,3,1.0,2
212,Teens,1,2,1,4,1.0,2
212,Teens,1,2,1,5,1.0,2
212,Teens,1,2,1,6,1.0,2
212,Teens,1,2,1,7,1.0,2
212,Teens,1,2,1,8,1.0,2
212,Teens,1,2,1,9,1.0,2
212,Teens,2,3,1,1,0.0,3
212,Teens,2,3,1,2,0.0,3
212,Teens,2,3,1,3,0.3333333333333333,3
212,Teens,2,3,1,4,0.3333333333333333,3
212,Teens,2,3,1,5,1.0,3
212,Teens,2,3,1,6,1.0,3
212,Teens,2,3,1,7,1.0,3
212,Teens,2,3,1,8,1.0,3
212,Teens,2,3,1,9,1.0,3
212,Teens,3,5,1,1,0.8,5
212,Teens,3,5,1,2,0.2,5
212,Teens,3,5,1,3,0.6,5
212,Teens,3,5,1,4,0.8,5
212,Teens,3,5,1,5,0.6,5
212,Teens,3,5,1,6,0.6,5
212,Teens,3,5,1,7,0.8,5
212,Teens,3,5,1,8,0.6,5
212,Teens,3,5,1,9,0.8,5
212,Teens,4,4,1,1,0.0,4
212,Teens,4,4,1,2,0.75,4
212,Teens,4,4,1,3,0.75,4
212,Teens,4,4,1,4,0.75,4
212,Teens,4,4,1,5,0.5,4
212,Teens,4,4,1,6,1.0,4
212,Teens,4,4,1,7,1.0,4
212,Teens,4,4,1,8,0.75,4
212,Teens,4,4,1,9,0.75,4
212,Teens,5,3,2,1,1.0,3
212,Teens,5,3,2,2,1.0,3
212,Teens,5,3,2,3,1.0,3
212,Teens,5,3,2,4,1.0,3
212,Teens,5,3,2,5,1.0,3
212,Teens,5,3,2,6,1.0,3
212,Teens,5,3,2,7,1.0,3
212,Teens,5,3,2,8,1.0,3
212,Teens,5,3,2,9,1.0,3
212,Teens,6,5,2,1,0.4,5
212,Teens,6,5,2,2,0.8,5
212,Teens,6,5,2,3,1.0,5
212,Teens,6,5,2,4,1.0,5
212,Teens,6,5,2,5,1.0,5
212,Teens,6,5,2,6,0.8,5
212,Teens,6,5,2,7,1.0,5
212,Teens,6,5,2,8,1.0,5
212,Teens,6,5,2,9,1.0,5
212,Teens,7,2,2,1,0.5,2
212,Teens,7,2,2,2,0.5,2
212,Teens,7,2,2,3,1.0,2
212,Teens,7,2,2,4,1.0,2
212,Teens,7,2,2,5,1.0,2
212,Teens,7,2,2,6,1.0,2
212,Teens,7,2,2,7,1.0,2
212,Teens,7,2,2,8,1.0,2
212,Teens,7,2,2,9,1.0,2
212,Teens,8,3,3,1,1.0,3
212,Teens,8,3,3,2,1.0,3
212,Teens,8,3,3,3,0.6666666666666666,3
212,Teens,8,3,3,4,1.0,3
212,Teens,8,3,3,5,1.0,3
212,Teens,8,3,3,6,1.0,3
212,Teens,8,3,3,7,1.0,3
212,Teens,8,3,3,8,1.0,3
212,Teens,8,3,3,9,1.0,3
212,Teens,9,5,3,1,0.2,5
212,Teens,9,5,3,2,0.4,5
212,Teens,9,5,3,3,0.8,5
212,Teens,9,5,3,4,1.0,5
212,Teens,9,5,3,5,1.0,5
212,Teens,9,5,3,6,1.0,5
212,Teens,9,5,3,7,1.0,5
212,Teens,9,5,3,8,0.8,5
212,Teens,9,5,3,9,1.0,5
212,Teens,10,4,2,1,0.25,4
212,Teens,10,4,2,2,0.5,4
212,Teens,10,4,2,3,0.5,4
212,Teens,10,4,2,4,0.75,4
212,Teens,10,4,2,5,1.0,4
212,Teens,10,4,2,6,1.0,4
212,Teens,10,4,2,7,1.0,4
212,Teens,10,4,2,8,1.0,4
212,Teens,10,4,2,9,1.0,4
213,Kids,1,2,1,1,0.5,2
213,Kids,1,2,1,2,0.5,2
213,Kids,1,2,1,3,1.0,2
213,Kids,1,2,1,4,0.5,2
213,Kids,1,2,1,5,1.0,2
213,Kids,1,2,1,6,1.0,2
213,Kids,1,2,1,7,1.0,2
213,Kids,1,2,1,8,1.0,2
213,Kids,1,2,1,9,1.0,2
213,Kids,2,3,1,1,0.6666666666666666,3
213,Kids,2,3,1,2,0.6666666666666666,3
213,Kids,2,3,1,3,0.6666666666666666,3
213,Kids,2,3,1,4,0.3333333333333333,3
213,Kids,2,3,1,5,0.6666666666666666,3
213,Kids,2,3,1,6,1.0,3
213,Kids,2,3,1,7,1.0,3
213,Kids,2,3,1,8,1.0,3
213,Kids,2,3,1,9,1.0,3
213,Kids,3,5,1,1,0.6,5
213,Kids,3,5,1,2,0.6,5
213,Kids,3,5,1,3,0.6,5
213,Kids,3,5,1,4,0.8,5
213,Kids,3,5,1,5,0.8,5
213,Kids,3,5,1,6,0.6,5
213,Kids,3,5,1,7,0.8,5
213,Kids,3,5,1,8,1.0,5
213,Kids,3,5,1,9,0.8,5
213,Kids,4,4,1,1,0.5,4
213,Kids,4,4,1,2,0.5,4
213,Kids,4,4,1,3,0.75,4
213,Kids,4,4,1,4,0.75,4
213,Kids,4,4,1,5,1.0,4
213,Kids,4,4,1,6,1.0,4
213,Kids,4,4,1,7,1.0,4
213,Kids,4,4,1,8,1.0,4
213,Kids,4,4,1,9,1.0,4
213,Kids,5,3,2,1,0.3333333333333333,3
213,Kids,5,3,2,2,0.6666666666666666,3
213,Kids,5,3,2,3,1.0,3
213,Kids,5,3,2,4,1.0,3
213,Kids,5,3,2,5,0.6666666666666666,3
213,Kids,5,3,2,6,1.0,3
213,Kids,5,3,2,7,1.0,3
213,Kids,5,3,2,8,1.0,3
213,Kids,5,3,2,9,1.0,3
213,Kids,6,5,2,1,0.4,5
213,Kids,6,5,2,2,0.6,5
213,Kids,6,5,2,3,1.0,5
213,Kids,6,5,2,4,1.0,5
213,Kids,6,5,2,5,0.6,5
213,Kids,6,5,2,6,1.0,5
213,Kids,6,5,2,7,1.0,5
213,Kids,6,5,2,8,1.0,4
213,Kids,6,5,2,9,1.0,5
213,Kids,7,2,2,1,0.0,2
213,Kids,7,2,2,2,0.5,2
213,Kids,7,2,2,3,1.0,2
213,Kids,7,2,2,4,1.0,2
213,Kids,7,2,2,5,0.5,2
213,Kids,7,2,2,6,1.0,2
213,Kids,7,2,2,7,0.5,2
213,Kids,7,2,2,8,1.0,2
213,Kids,7,2,2,9,1.0,2
213,Kids,8,3,3,1,0.0,2
213,Kids,8,3,3,2,0.0,3
213,Kids,8,3,3,3,0.0,3
213,Kids,8,3,3,4,0.6666666666666666,3
213,Kids,8,3,3,5,0.6666666666666666,3
213,Kids,8,3,3,6,1.0,3
213,Kids,8,3,3,7,1.0,3
213,Kids,8,3,3,8,1.0,3
213,Kids,8,3,3,9,1.0,3
213,Kids,9,5,3,1,0.2,5
213,Kids,9,5,3,2,0.2,5
213,Kids,9,5,3,3,0.4,5
213,Kids,9,5,3,4,0.6,5
213,Kids,9,5,3,5,0.8,5
213,Kids,9,5,3,6,0.8,5
213,Kids,9,5,3,7,1.0,5
213,Kids,9,5,3,8,1.0,5
213,Kids,9,5,3,9,1.0,5
213,Kids,10,4,2,1,0.75,4
213,Kids,10,4,2,2,1.0,4
213,Kids,10,4,2,3,1.0,4
213,Kids,10,4,2,4,1.0,4
213,Kids,10,4,2,5,1.0,4
213,Kids,10,4,2,6,1.0,4
213,Kids,10,4,2,7,1.0,4
213,Kids,10,4,2,8,1.0,4
213,Kids,10,4,2,9,1.0,4
214,Kids,1,2,1,1,0.5,2
214,Kids,1,2,1,2,0.5,2
214,Kids,1,2,1,3,1.0,2
214,Kids,1,2,1,4,1.0,2
214,Kids,1,2,1,5,1.0,2
214,Kids,1,2,1,6,1.0,2
214,Kids,1,2,1,7,1.0,2
214,Kids,1,2,1,8,1.0,2
214,Kids,1,2,1,9,1.0,2
214,Kids,2,3,1,1,0.0,3
214,Kids,2,3,1,2,0.3333333333333333,3
214,Kids,2,3,1,3,0.3333333333333333,3
214,Kids,2,3,1,4,0.6666666666666666,3
214,Kids,2,3,1,5,1.0,3
214,Kids,2,3,1,6,1.0,3
214,Kids,2,3,1,7,0.6666666666666666,3
214,Kids,2,3,1,8,1.0,3
214,Kids,2,3,1,9,1.0,3
214,Kids,3,5,1,1,0.0,5
214,Kids,3,5,1,2,0.2,5
214,Kids,3,5,1,3,0.4,5
214,Kids,3,5,1,4,0.6,5
214,Kids,3,5,1,5,0.8,5
214,Kids,3,5,1,6,0.6,5
214,Kids,3,5,1,7,0.8,5
214,Kids,3,5,1,8,1.0,5
214,Kids,3,5,1,9,0.8,5
214,Kids,4,4,1,1,0.5,4
214,Kids,4,4,1,2,0.5,4
214,Kids,4,4,1,3,0.5,4
214,Kids,4,4,1,4,1.0,4
214,Kids,4,4,1,5,0.75,4
214,Kids,4,4,1,6,1.0,4
214,Kids,4,4,1,7,1.0,4
214,Kids,4,4,1,8,1.0,4
214,Kids,4,4,1,9,1.0,4
214,Kids,5,3,2,1,0.3333333333333333,3
214,Kids,5,3,2,2,0.3333333333333333,3
214,Kids,5,3,2,3,0.6666666666666666,3
214,Kids,5,3,2,4,1.0,3
214,Kids,5,3,2,5,1.0,3
214,Kids,5,3,2,6,1.0,3
214,Kids,5,3,2,7,1.0,3
214,Kids,5,3,2,8,1.0,3
214,Kids,5,3,2,9,1.0,3
214,Kids,6,5,2,1,0.4,5
214,Kids,6,5,2,2,0.6,5
214,Kids,6,5,2,3,0.4,5
214,Kids,6,5,2,4,0.2,5
214,Kids,6,5,2,5,0.6,5
214,Kids,6,5,2,6,0.4,5
214,Kids,6,5,2,7,0.4,5
214,Kids,6,5,2,8,0.6,5
214,Kids,6,5,2,9,0.4,5
214,Kids,7,2,2,1,0.0,2
214,Kids,7,2,2,2,0.5,2
214,Kids,7,2,2,3,1.0,2
214,Kids,7,2,2,4,1.0,2
214,Kids,7,2,2,5,1.0,2
214,Kids,7,2,2,6,1.0,2
214,Kids,7,2,2,7,1.0,2
214,Kids,7,2,2,8,1.0,2
214,Kids,7,2,2,9,1.0,2
214,Kids,8,3,3,1,0.6666666666666666,3
214,Kids,8,3,3,2,1.0,3
214,Kids,8,3,3,3,1.0,3
214,Kids,8,3,3,4,1.0,3
214,Kids,8,3,3,5,1.0,3
214,Kids,8,3,3,6,1.0,3
214,Kids,8,3,3,7,1.0,3
214,Kids,8,3,3,8,1.0,3
214,Kids,8,3,3,9,1.0,3
214,Kids,9,5,3,1,0.4,5
214,Kids,9,5,3,2,0.8,5
214,Kids,9,5,3,3,1.0,5
214,Kids,9,5,3,4,1.0,5
214,Kids,9,5,3,5,0.8,5
214,Kids,9,5,3,6,0.8,5
214,Kids,9,5,3,7,1.0,5
214,Kids,9,5,3,8,1.0,5
214,Kids,9,5,3,9,1.0,5
214,Kids,10,4,2,1,0.0,4
214,Kids,10,4,2,2,0.0,4
214,Kids,10,4,2,3,0.25,4
214,Kids,10,4,2,4,0.5,4
214,Kids,10,4,2,5,0.75,4
214,Kids,10,4,2,6,0.75,4
214,Kids,10,4,2,7,1.0,4
214,Kids,10,4,2,8,0.75,4
214,Kids,10,4,2,9,1.0,4
215,Teens,1,2,1,1,1.0,2
215,Teens,1,2,1,2,1.0,2
215,Teens,1,2,1,3,1.0,2
215,Teens,1,2,1,4,0.5,2
215,Teens,1,2,1,5,1.0,2
215,Teens,1,2,1,6,1.0,2
215,Teens,1,2,1,7,1.0,2
215,Teens,1,2,1,8,1.0,2
215,Teens,1,2,1,9,1.0,2
215,Teens,2,3,1,1,0.0,3
215,Teens,2,3,1,2,0.6666666666666666,3
215,Teens,2,3,1,3,0.3333333333333333,3
215,Teens,2,3,1,4,1.0,3
215,Teens,2,3,1,5,1.0,3
215,Teens,2,3,1,6,1.0,3
215,Teens,2,3,1,7,1.0,3
215,Teens,2,3,1,8,1.0,3
215,Teens,2,3,1,9,1.0,3
215,Teens,3,4,1,1,0.5,4
215,Teens,3,4,1,2,0.75,4
215,Teens,3,4,1,3,1.0,4
215,Teens,3,4,1,4,0.75,4
215,Teens,3,4,1,5,1.0,4
215,Teens,3,4,1,6,1.0,4
215,Teens,3,4,1,7,1.0,4
215,Teens,3,4,1,8,1.0,4
215,Teens,3,4,1,9,1.0,4
215,Teens,4,5,1,1,0.6,5
215,Teens,4,5,1,2,0.6,5
215,Teens,4,5,1,3,0.6,5
215,Teens,4,5,1,4,0.6,5
215,Teens,4,5,1,5,0.8,5
215,Teens,4,5,1,6,1.0,5
215,Teens,4,5,1,7,1.0,5
215,Teens,4,5,1,8,1.0,5
215,Teens,4,5,1,9,1.0,5
215,Teens,5,3,2,1,0.0,3
215,Teens,5,3,2,2,0.0,3
215,Teens,5,3,2,3,1.0,3
215,Teens,5,3,2,4,1.0,3
215,Teens,5,3,2,5,0.6666666666666666,3
215,Teens,5,3,2,6,1.0,3
215,Teens,5,3,2,7,1.0,3
215,Teens,5,3,2,8,1.0,3
215,Teens,5,3,2,9,1.0,3
215,Teens,6,5,2,1,0.4,5
215,Teens,6,5,2,2,0.6,5
215,Teens,6,5,2,3,0.6,5
215,Teens,6,5,2,4,0.8,5
215,Teens,6,5,2,5,1.0,5
215,Teens,6,5,2,6,1.0,5
215,Teens,6,5,2,7,1.0,5
215,Teens,6,5,2,8,1.0,5
215,Teens,6,5,2,9,1.0,5
215,Teens,7,2,2,1,0.0,2
215,Teens,7,2,2,2,0.0,2
215,Teens,7,2,2,3,1.0,2
215,Teens,7,2,2,4,1.0,2
215,Teens,7,2,2,5,1.0,2
215,Teens,7,2,2,6,1.0,2
215,Teens,7,2,2,7,1.0,2
215,Teens,7,2,2,8,1.0,2
215,Teens,7,2,2,9,1.0,2
215,Teens,8,3,3,1,0.3333333333333333,3
215,Teens,8,3,3,2,1.0,3
215,Teens,8,3,3,3,1.0,3
215,Teens,8,3,3,4,1.0,3
215,Teens,8,3,3,5,1.0,3
215,Teens,8,3,3,6,1.0,3
215,Teens,8,3,3,7,1.0,3
215,Teens,8,3,3,8,1.0,3
215,Teens,8,3,3,9,1.0,3
215,Teens,9,4,2,1,0.25,4
215,Teens,9,4,2,2,0.75,4
215,Teens,9,4,2,3,1.0,4
215,Teens,9,4,2,4,1.0,4
215,Teens,9,4,2,5,1.0,4
215,Teens,9,4,2,6,1.0,4
215,Teens,9,4,2,7,1.0,4
215,Teens,9,4,2,8,1.0,4
215,Teens,9,4,2,9,1.0,4
215,Teens,10,5,3,1,0.4,5
215,Teens,10,5,3,2,0.6,5
215,Teens,10,5,3,3,1.0,5
215,Teens,10,5,3,4,1.0,5
215,Teens,10,5,3,5,1.0,5
215,Teens,10,5,3,6,1.0,5
215,Teens,10,5,3,7,1.0,5
215,Teens,10,5,3,8,1.0,5
215,Teens,10,5,3,9,1.0,5
217,Kids,1,2,1,1,0.0,2
217,Kids,1,2,1,2,0.0,2
217,Kids,1,2,1,3,0.5,2
217,Kids,1,2,1,4,1.0,2
217,Kids,1,2,1,5,1.0,2
217,Kids,1,2,1,6,1.0,2
217,Kids,1,2,1,7,1.0,2
217,Kids,1,2,1,8,1.0,2
217,Kids,1,2,1,9,1.0,2
217,Kids,2,3,1,1,0.3333333333333333,3
217,Kids,2,3,1,2,0.6666666666666666,3
217,Kids,2,3,1,3,0.3333333333333333,3
217,Kids,2,3,1,4,1.0,3
217,Kids,2,3,1,5,1.0,3
217,Kids,2,3,1,6,1.0,3
217,Kids,2,3,1,7,1.0,3
217,Kids,2,3,1,8,1.0,3
217,Kids,2,3,1,9,0.6666666666666666,3
217,Kids,3,4,1,1,0.25,4
217,Kids,3,4,1,2,0.5,4
217,Kids,3,4,1,3,0.25,4
217,Kids,3,4,1,4,0.5,4
217,Kids,3,4,1,5,0.75,4
217,Kids,3,4,1,6,0.75,4
217,Kids,3,4,1,7,1.0,4
217,Kids,3,4,1,8,1.0,4
217,Kids,3,4,1,9,1.0,4
217,Kids,4,5,1,1,0.0,5
217,Kids,4,5,1,2,0.2,5
217,Kids,4,5,1,3,0.6,5
217,Kids,4,5,1,4,0.4,5
217,Kids,4,5,1,5,1.0,5
217,Kids,4,5,1,6,1.0,5
217,Kids,4,5,1,7,1.0,5
217,Kids,4,5,1,8,1.0,5
217,Kids,4,5,1,9,1.0,5
217,Kids,5,3,2,1,0.0,1
217,Kids,5,3,2,2,0.3333333333333333,3
217,Kids,5,3,2,3,0.3333333333333333,3
217,Kids,5,3,2,4,1.0,3
217,Kids,5,3,2,5,1.0,3
217,Kids,5,3,2,6,0.6666666666666666,3
217,Kids,5,3,2,7,1.0,3
217,Kids,5,3,2,8,1.0,3
217,Kids,5,3,2,9,1.0,3
217,Kids,6,5,2,1,0.4,5
217,Kids,6,5,2,2,0.6,5
217,Kids,6,5,2,3,0.4,5
217,Kids,6,5,2,4,0.5,4
217,Kids,6,5,2,5,0.4,5
217,Kids,6,5,2,6,0.4,5
217,Kids,6,5,2,7,0.4,5
217,Kids,6,5,2,8,1.0,3
217,Kids,6,5,2,9,0.6666666666666666,3
217,Kids,7,2,2,1,0.0,1
217,Kids,7,2,2,2,0.5,2
217,Kids,7,2,2,3,1.0,2
217,Kids,7,2,2,4,0.5,2
217,Kids,7,2,2,5,1.0,2
217,Kids,7,2,2,6,1.0,2
217,Kids,7,2,2,7,1.0,2
217,Kids,7,2,2,8,1.0,2
217,Kids,7,2,2,9,1.0,2
217,Kids,8,3,3,1,0.0,1
217,Kids,8,3,3,2,0.3333333333333333,3
217,Kids,8,3,3,3,1.0,3
217,Kids,8,3,3,4,1.0,3
217,Kids,8,3,3,5,1.0,3
217,Kids,8,3,3,6,1.0,3
217,Kids,8,3,3,7,0.6666666666666666,3
217,Kids,8,3,3,8,1.0,3
217,Kids,8,3,3,9,0.6666666666666666,3
217,Kids,9,4,2,1,0.6666666666666666,3
217,Kids,9,4,2,2,0.75,4
217,Kids,9,4,2,3,0.3333333333333333,3
217,Kids,9,4,2,4,0.5,4
217,Kids,9,4,2,5,0.3333333333333333,3
217,Kids,9,4,2,6,0.5,4
217,Kids,9,4,2,7,0.5,4
217,Kids,9,4,2,8,0.5,4
217,Kids,9,4,2,9,0.5,4
217,Kids,10,5,3,1,0.2,5
217,Kids,10,5,3,2,0.6,5
217,Kids,10,5,3,3,0.4,5
217,Kids,10,5,3,4,0.6,5
217,Kids,10,5,3,5,0.8,5
217,Kids,10,5,3,6,0.8,5
217,Kids,10,5,3,7,0.5,4
217,Kids,10,5,3,8,0.75,4
217,Kids,10,5,3,9,0.4,5
218,Teens,1,2,1,1,0.0,2
218,Teens,1,2,1,2,0.5,2
218,Teens,1,2,1,3,1.0,2
218,Teens,1,2,1,4,1.0,2
218,Teens,1,2,1,5,1.0,2
218,Teens,1,2,1,6,1.0,2
218,Teens,1,2,1,7,0.5,2
218,Teens,1,2,1,8,1.0,2
218,Teens,1,2,1,9,1.0,2
218,Teens,2,4,1,1,0.25,4
218,Teens,2,4,1,2,0.75,4
218,Teens,2,4,1,3,0.25,4
218,Teens,2,4,1,4,1.0,4
218,Teens,2,4,1,5,1.0,4
218,Teens,2,4,1,6,1.0,4
218,Teens,2,4,1,7,0.75,4
218,Teens,2,4,1,8,0.75,4
218,Teens,2,4,1,9,1.0,4
218,Teens,3,3,1,1,0.3333333333333333,3
218,Teens,3,3,1,2,0.0,3
218,Teens,3,3,1,3,1.0,3
218,Teens,3,3,1,4,1.0,3
218,Teens,3,3,1,5,1.0,3
218,Teens,3,3,1,6,1.0,3
218,Teens,3,3,1,7,1.0,3
218,Teens,3,3,1,8,1.0,3
218,Teens,3,3,1,9,1.0,3
218,Teens,4,5,1,1,0.4,5
218,Teens,4,5,1,2,1.0,5
218,Teens,4,5,1,3,1.0,5
218,Teens,4,5,1,4,1.0,5
218,Teens,4,5,1,5,1.0,5
218,Teens,4,5,1,6,1.0,5
218,Teens,4,5,1,7,1.0,5
218,Teens,4,5,1,8,1.0,5
218,Teens,4,5,1,9,1.0,5
218,Teens,5,3,2,1,0.3333333333333333,3
218,Teens,5,3,2,2,0.3333333333333333,3
218,Teens,5,3,2,3,1.0,3
218,Teens,5,3,2,4,1.0,3
218,Teens,5,3,2,5,1.0,3
218,Teens,5,3,2,6,1.0,3
218,Teens,5,3,2,7,1.0,3
218,Teens,5,3,2,8,1.0,3
218,Teens,5,3,2,9,1.0,3
218,Teens,6,5,2,1,0.2,5
218,Teens,6,5,2,2,0.6,5
218,Teens,6,5,2,3,0.6,5
218,Teens,6,5,2,4,1.0,5
218,Teens,6,5,2,5,1.0,5
218,Teens,6,5,2,6,1.0,5
218,Teens,6,5,2,7,1.0,5
218,Teens,6,5,2,8,1.0,5
218,Teens,6,5,2,9,1.0,5
218,Teens,7,2,2,1,0.5,2
218,Teens,7,2,2,2,1.0,2
218,Teens,7,2,2,3,1.0,2
218,Teens,7,2,2,4,1.0,2
218,Teens,7,2,2,5,1.0,2
218,Teens,7,2,2,6,1.0,2
218,Teens,7,2,2,7,1.0,2
218,Teens,7,2,2,8,1.0,2
218,Teens,7,2,2,9,1.0,2
218,Teens,8,4,2,1,0.25,4
218,Teens,8,4,2,2,0.75,4
218,Teens,8,4,2,3,1.0,4
218,Teens,8,4,2,4,1.0,4
218,Teens,8,4,2,5,0.75,4
218,Teens,8,4,2,6,1.0,4
218,Teens,8,4,2,7,1.0,4
218,Teens,8,4,2,8,1.0,4
218,Teens,8,4,2,9,1.0,4
218,Teens,9,3,3,1,0.3333333333333333,3
218,Teens,9,3,3,2,0.6666666666666666,3
218,Teens,9,3,3,3,1.0,3
218,Teens,9,3,3,4,1.0,3
218,Teens,9,3,3,5,1.0,3
218,Teens,9,3,3,6,1.0,3
218,Teens,9,3,3,7,1.0,3
218,Teens,9,3,3,8,1.0,3
218,Teens,9,3,3,9,1.0,3
218,Teens,10,5,3,1,0.4,5
218,Teens,10,5,3,2,0.6,5
218,Teens,10,5,3,3,0.8,5
218,Teens,10,5,3,4,1.0,5
218,Teens,10,5,3,5,1.0,5
218,Teens,10,5,3,6,1.0,5
218,Teens,10,5,3,7,1.0,5
218,Teens,10,5,3,8,1.0,5
218,Teens,10,5,3,9,1.0,5
219,Teens,1,2,1,1,0.0,2
219,Teens,1,2,1,2,0.0,2
219,Teens,1,2,1,3,1.0,2
219,Teens,1,2,1,4,1.0,2
219,Teens,1,2,1,5,1.0,2
219,Teens,1,2,1,6,1.0,2
219,Teens,1,2,1,7,1.0,2
219,Teens,1,2,1,8,1.0,2
219,Teens,1,2,1,9,1.0,2
219,Teens,2,3,1,1,0.3333333333333333,3
219,Teens,2,3,1,2,0.6666666666666666,3
219,Teens,2,3,1,3,1.0,3
219,Teens,2,3,1,4,1.0,3
219,Teens,2,3,1,5,1.0,3
219,Teens,2,3,1,6,1.0,3
219,Teens,2,3,1,7,1.0,3
219,Teens,2,3,1,8,1.0,3
219,Teens,2,3,1,9,1.0,3
219,Teens,3,4,1,1,0.5,4
219,Teens,3,4,1,2,0.25,4
219,Teens,3,4,1,3,0.5,4
219,Teens,3,4,1,4,0.75,4
219,Teens,3,4,1,5,0.5,4
219,Teens,3,4,1,6,0.25,4
219,Teens,3,4,1,7,0.5,4
219,Teens,3,4,1,8,0.5,4
219,Teens,3,4,1,9,0.75,4
219,Teens,4,5,1,1,0.6,5
219,Teens,4,5,1,2,0.6,5
219,Teens,4,5,1,3,0.4,5
219,Teens,4,5,1,4,0.8,5
219,Teens,4,5,1,5,0.8,5
219,Teens,4,5,1,6,0.8,5
219,Teens,4,5,1,7,1.0,5
219,Teens,4,5,1,8,0.6,5
219,Teens,4,5,1,9,0.6,5
219,Teens,5,3,2,1,0.3333333333333333,3
219,Teens,5,3,2,2,0.3333333333333333,3
219,Teens,5,3,2,3,0.6666666666666666,3
219,Teens,5,3,2,4,1.0,3
219,Teens,5,3,2,5,1.0,3
219,Teens,5,3,2,6,0.6666666666666666,3
219,Teens,5,3,2,7,1.0,3
219,Teens,5,3,2,8,1.0,3
219,Teens,5,3,2,9,1.0,3
219,Teens,6,5,2,1,0.4,5
219,Teens,6,5,2,2,0.8,5
219,Teens,6,5,2,3,0.6,5
219,Teens,6,5,2,4,1.0,5
219,Teens,6,5,2,5,1.0,5
219,Teens,6,5,2,6,1.0,5
219,Teens,6,5,2,7,1.0,5
219,Teens,6,5,2,8,1.0,5
219,Teens,6,5,2,9,1.0,5
219,Teens,7,2,2,1,0.5,2
219,Teens,7,2,2,2,1.0,2
219,Teens,7,2,2,3,1.0,2
219,Teens,7,2,2,4,1.0,2
219,Teens,7,2,2,5,1.0,2
219,Teens,7,2,2,6,1.0,2
219,Teens,7,2,2,7,1.0,2
219,Teens,7,2,2,8,1.0,2
219,Teens,7,2,2,9,1.0,2
219,Teens,8,3,3,1,0.0,3
219,Teens,8,3,3,2,0.3333333333333333,3
219,Teens,8,3,3,3,0.6666666666666666,3
219,Teens,8,3,3,4,1.0,3
219,Teens,8,3,3,5,1.0,3
219,Teens,8,3,3,6,1.0,3
219,Teens,8,3,3,7,1.0,3
219,Teens,8,3,3,8,1.0,3
219,Teens,8,3,3,9,1.0,3
219,Teens,9,4,2,1,0.5,4
219,Teens,9,4,2,2,0.75,4
219,Teens,9,4,2,3,1.0,4
219,Teens,9,4,2,4,1.0,4
219,Teens,9,4,2,5,1.0,4
219,Teens,9,4,2,6,1.0,4
219,Teens,9,4,2,7,1.0,4
219,Teens,9,4,2,8,1.0,4
219,Teens,9,4,2,9,1.0,4
219,Teens,10,5,3,1,0.6,5
219,Teens,10,5,3,2,0.6,5
219,Teens,10,5,3,3,0.4,5
219,Teens,10,5,3,4,0.6,5
219,Teens,10,5,3,5,1.0,5
219,Teens,10,5,3,6,1.0,5
219,Teens,10,5,3,7,1.0,5
219,Teens,10,5,3,8,1.0,5
219,Teens,10,5,3,9,1.0,5
220,Teens,1,2,1,1,0.5,2
220,Teens,1,2,1,2,1.0,2
220,Teens,1,2,1,3,1.0,2
220,Teens,1,2,1,4,1.0,2
220,Teens,1,2,1,5,1.0,2
220,Teens,1,2,1,6,1.0,2
220,Teens,1,2,1,7,1.0,2
220,Teens,1,2,1,8,1.0,2
220,Teens,1,2,1,9,1.0,2
220,Teens,2,3,1,1,0.0,3
220,Teens,2,3,1,2,0.6666666666666666,3
220,Teens,2,3,1,3,1.0,3
220,Teens,2,3,1,4,1.0,3
220,Teens,2,3,1,5,1.0,3
220,Teens,2,3,1,6,1.0,3
220,Teens,2,3,1,7,1.0,3
220,Teens,2,3,1,8,1.0,3
220,Teens,2,3,1,9,1.0,3
220,Teens,3,4,1,1,0.25,4
220,Teens,3,4,1,2,0.5,4
220,Teens,3,4,1,3,0.75,4
220,Teens,3,4,1,4,0.75,4
220,Teens,3,4,1,5,1.0,4
220,Teens,3,4,1,6,1.0,4
220,Teens,3,4,1,7,1.0,4
220,Teens,3,4,1,8,1.0,4
220,Teens,3,4,1,9,1.0,4
220,Teens,4,5,1,1,0.4,5
220,Teens,4,5,1,2,0.8,5
220,Teens,4,5,1,3,1.0,5
220,Teens,4,5,1,4,1.0,5
220,Teens,4,5,1,5,1.0,5
220,Teens,4,5,1,6,1.0,5
220,Teens,4,5,1,7,1.0,5
220,Teens,4,5,1,8,1.0,5
220,Teens,4,5,1,9,1.0,5
220,Teens,5,3,2,1,0.3333333333333333,3
220,Teens,5,3,2,2,0.6666666666666666,3
220,Teens,5,3,2,3,1.0,3
220,Teens,5,3,2,4,1.0,3
220,Teens,5,3,2,5,1.0,3
220,Teens,5,3,2,6,1.0,3
220,Teens,5,3,2,7,1.0,3
220,Teens,5,3,2,8,1.0,3
220,Teens,5,3,2,9,1.0,3
220,Teens,6,5,2,1,0.4,5
220,Teens,6,5,2,2,0.4,5
220,Teens,6,5,2,3,0.6,5
220,Teens,6,5,2,4,0.8,5
220,Teens,6,5,2,5,1.0,5
220,Teens,6,5,2,6,1.0,5
220,Teens,6,5,2,7,1.0,5
220,Teens,6,5,2,8,1.0,5
220,Teens,6,5,2,9,1.0,5
220,Teens,7,2,2,1,0.5,2
220,Teens,7,2,2,2,1.0,2
220,Teens,7,2,2,3,1.0,2
220,Teens,7,2,2,4,1.0,2
220,Teens,7,2,2,5,1.0,2
220,Teens,7,2,2,6,1.0,2
220,Teens,7,2,2,7,1.0,2
220,Teens,7,2,2,8,1.0,2
220,Teens,7,2,2,9,1.0,2
220,Teens,8,3,3,1,0.6666666666666666,3
220,Teens,8,3,3,2,1.0,3
220,Teens,8,3,3,3,1.0,3
220,Teens,8,3,3,4,1.0,3
220,Teens,8,3,3,5,1.0,3
220,Teens,8,3,3,6,1.0,3
220,Teens,8,3,3,7,1.0,3
220,Teens,8,3,3,8,1.0,3
220,Teens,8,3,3,9,1.0,3
220,Teens,9,4,2,1,0.5,4
220,Teens,9,4,2,2,0.75,4
220,Teens,9,4,2,3,1.0,4
220,Teens,9,4,2,4,1.0,4
220,Teens,9,4,2,5,1.0,4
220,Teens,9,4,2,6,1.0,4
220,Teens,9,4,2,7,1.0,4
220,Teens,9,4,2,8,1.0,4
220,Teens,9,4,2,9,1.0,4
220,Teens,10,5,3,1,0.2,5
220,Teens,10,5,3,2,0.6,5
220,Teens,10,5,3,3,0.4,5
220,Teens,10,5,3,4,0.6,5
220,Teens,10,5,3,5,0.6,5
220,Teens,10,5,3,6,1.0,5
220,Teens,10,5,3,7,0.6,5
220,Teens,10,5,3,8,1.0,5
220,Teens,10,5,3,9,1.0,5
221,Kids,1,2,1,1,1.0,2
221,Kids,1,2,1,2,1.0,2
221,Kids,1,2,1,3,0.5,2
221,Kids,1,2,1,4,1.0,2
221,Kids,1,2,1,5,1.0,2
221,Kids,1,2,1,6,1.0,2
221,Kids,1,2,1,7,1.0,2
221,Kids,1,2,1,8,1.0,2
221,Kids,1,2,1,9,1.0,2
221,Kids,2,3,1,1,0.6666666666666666,3
221,Kids,2,3,1,2,0.6666666666666666,3
221,Kids,2,3,1,3,0.6666666666666666,3
221,Kids,2,3,1,4,0.6666666666666666,3
221,Kids,2,3,1,5,0.6666666666666666,3
221,Kids,2,3,1,6,1.0,3
221,Kids,2,3,1,7,1.0,3
221,Kids,2,3,1,8,1.0,3
221,Kids,2,3,1,9,1.0,3
221,Kids,3,4,1,1,0.25,4
221,Kids,3,4,1,2,0.75,4
221,Kids,3,4,1,3,0.75,4
221,Kids,3,4,1,4,0.75,4
221,Kids,3,4,1,5,0.75,4
221,Kids,3,4,1,6,1.0,4
221,Kids,3,4,1,7,1.0,4
221,Kids,3,4,1,8,1.0,4
221,Kids,3,4,1,9,0.75,4
221,Kids,4,5,1,1,0.0,5
221,Kids,4,5,1,2,0.4,5
221,Kids,4,5,1,3,0.6,5
221,Kids,4,5,1,4,0.4,5
221,Kids,4,5,1,5,0.8,5
221,Kids,4,5,1,6,1.0,5
221,Kids,4,5,1,7,0.8,5
221,Kids,4,5,1,8,1.0,5
221,Kids,4,5,1,9,1.0,5
221,Kids,5,3,2,1,1.0,3
221,Kids,5,3,2,2,0.3333333333333333,3
221,Kids,5,3,2,3,1.0,3
221,Kids,5,3,2,4,1.0,3
221,Kids,5,3,2,5,1.0,3
221,Kids,5,3,2,6,1.0,3
221,Kids,5,3,2,7,1.0,3
221,Kids,5,3,2,8,1.0,3
221,Kids,5,3,2,9,1.0,3
221,Kids,6,5,2,1,0.2,5
221,Kids,6,5,2,2,0.4,5
221,Kids,6,5,2,3,0.4,5
221,Kids,6,5,2,4,0.8,5
221,Kids,6,5,2,5,0.6,5
221,Kids,6,5,2,6,0.8,5
221,Kids,6,5,2,7,1.0,5
221,Kids,6,5,2,8,0.6,5
221,Kids,6,5,2,9,0.8,5
221,Kids,7,2,2,1,0.0,2
221,Kids,7,2,2,2,1.0,2
221,Kids,7,2,2,3,1.0,2
221,Kids,7,2,2,4,1.0,2
221,Kids,7,2,2,5,1.0,2
221,Kids,7,2,2,6,1.0,2
221,Kids,7,2,2,7,1.0,2
221,Kids,7,2,2,8,1.0,2
221,Kids,7,2,2,9,1.0,2
221,Kids,8,3,3,1,1.0,3
221,Kids,8,3,3,2,0.6666666666666666,3
221,Kids,8,3,3,3,1.0,3
221,Kids,8,3,3,4,1.0,3
221,Kids,8,3,3,5,1.0,3
221,Kids,8,3,3,6,1.0,3
221,Kids,8,3,3,7,1.0,3
221,Kids,8,3,3,8,1.0,3
221,Kids,8,3,3,9,1.0,3
221,Kids,9,4,2,1,0.0,4
221,Kids,9,4,2,2,0.5,4
221,Kids,9,4,2,3,1.0,4
221,Kids,9,4,2,4,1.0,4
221,Kids,9,4,2,5,0.75,4
221,Kids,9,4,2,6,1.0,4
221,Kids,9,4,2,7,1.0,4
221,Kids,9,4,2,8,1.0,4
221,Kids,9,4,2,9,1.0,4
221,Kids,10,5,3,1,0.2,5
221,Kids,10,5,3,2,0.4,5
221,Kids,10,5,3,3,0.4,5
221,Kids,10,5,3,4,0.4,5
221,Kids,10,5,3,5,1.0,5
221,Kids,10,5,3,6,1.0,5
221,Kids,10,5,3,7,0.8,5
221,Kids,10,5,3,8,0.8,5
221,Kids,10,5,3,9,0.8,5
300,Age>25,1,2,1,1,0.5,2
300,Age>25,1,2,1,2,0.5,2
300,Age>25,1,2,1,3,1.0,2
300,Age>25,1,2,1,4,1.0,2
300,Age>25,1,2,1,5,1.0,2
300,Age>25,1,2,1,6,1.0,2
300,Age>25,1,2,1,7,1.0,2
300,Age>25,1,2,1,8,1.0,2
300,Age>25,1,2,1,9,1.0,2
300,Age>25,2,3,1,1,0.6666666666666666,3
300,Age>25,2,3,1,2,0.6666666666666666,3
300,Age>25,2,3,1,3,1.0,3
300,Age>25,2,3,1,4,1.0,3
300,Age>25,2,3,1,5,1.0,3
300,Age>25,2,3,1,6,1.0,3
300,Age>25,2,3,1,7,1.0,3
300,Age>25,2,3,1,8,1.0,3
300,Age>25,2,3,1,9,1.0,3
300,Age>25,3,4,1,1,0.25,4
300,Age>25,3,4,1,2,0.5,4
300,Age>25,3,4,1,3,0.75,4
300,Age>25,3,4,1,4,1.0,4
300,Age>25,3,4,1,5,1.0,4
300,Age>25,3,4,1,6,1.0,4
300,Age>25,3,4,1,7,1.0,4
300,Age>25,3,4,1,8,1.0,4
300,Age>25,3,4,1,9,1.0,4
300,Age>25,4,5,1,1,0.2,5
300,Age>25,4,5,1,2,0.6,5
300,Age>25,4,5,1,3,1.0,5
300,Age>25,4,5,1,4,1.0,5
300,Age>25,4,5,1,5,1.0,5
300,Age>25,4,5,1,6,1.0,5
300,Age>25,4,5,1,7,1.0,5
300,Age>25,4,5,1,8,1.0,5
300,Age>25,4,5,1,9,1.0,5
300,Age>25,5,3,2,1,0.3333333333333333,3
300,Age>25,5,3,2,2,0.0,3
300,Age>25,5,3,2,3,0.6666666666666666,3
300,Age>25,5,3,2,4,0.6666666666666666,3
300,Age>25,5,3,2,5,1.0,3
300,Age>25,5,3,2,6,1.0,3
300,Age>25,5,3,2,7,1.0,3
300,Age>25,5,3,2,8,1.0,3
300,Age>25,5,3,2,9,1.0,3
300,Age>25,6,5,2,1,0.4,5
300,Age>25,6,5,2,2,0.8,5
300,Age>25,6,5,2,3,0.8,5
300,Age>25,6,5,2,4,1.0,5
300,Age>25,6,5,2,5,1.0,5
300,Age>25,6,5,2,6,1.0,5
300,Age>25,6,5,2,7,1.0,5
300,Age>25,6,5,2,8,1.0,5
300,Age>25,6,5,2,9,1.0,5
300,Age>25,7,2,2,1,0.5,2
300,Age>25,7,2,2,2,0.5,2
300,Age>25,7,2,2,3,1.0,2
300,Age>25,7,2,2,4,1.0,2
300,Age>25,7,2,2,5,1.0,2
300,Age>25,7,2,2,6,1.0,2
300,Age>25,7,2,2,7,1.0,2
300,Age>25,7,2,2,8,1.0,2
300,Age>25,7,2,2,9,1.0,2
300,Age>25,8,3,3,1,0.3333333333333333,3
300,Age>25,8,3,3,2,0.6666666666666666,3
300,Age>25,8,3,3,3,1.0,3
300,Age>25,8,3,3,4,1.0,3
300,Age>25,8,3,3,5,1.0,3
300,Age>25,8,3,3,6,1.0,3
300,Age>25,8,3,3,7,1.0,3
300,Age>25,8,3,3,8,1.0,3
300,Age>25,8,3,3,9,1.0,3
300,Age>25,9,4,2,1,0.5,4
300,Age>25,9,4,2,2,0.75,4
300,Age>25,9,4,2,3,1.0,4
300,Age>25,9,4,2,4,1.0,4
300,Age>25,9,4,2,5,1.0,4
300,Age>25,9,4,2,6,1.0,4
300,Age>25,9,4,2,7,1.0,4
300,Age>25,9,4,2,8,1.0,4
300,Age>25,9,4,2,9,1.0,4
300,Age>25,10,5,3,1,0.2,5
300,Age>25,10,5,3,2,0.4,5
300,Age>25,10,5,3,3,0.8,5
300,Age>25,10,5,3,4,0.8,5
300,Age>25,10,5,3,5,1.0,5
300,Age>25,10,5,3,6,0.8,5
300,Age>25,10,5,3,7,1.0,5
300,Age>25,10,5,3,8,1.0,5
300,Age>25,10,5,3,9,1.0,5
301,RPP,1,2,1,1,0.0,2
301,RPP,1,2,1,2,0.5,2
301,RPP,1,2,1,3,1.0,2
301,RPP,1,2,1,4,1.0,2
301,RPP,1,2,1,5,1.0,2
301,RPP,1,2,1,6,1.0,2
301,RPP,1,2,1,7,1.0,2
301,RPP,1,2,1,8,1.0,2
301,RPP,1,2,1,9,1.0,2
301,RPP,2,3,1,1,0.0,3
301,RPP,2,3,1,2,0.6666666666666666,3
301,RPP,2,3,1,3,1.0,3
301,RPP,2,3,1,4,1.0,3
301,RPP,2,3,1,5,1.0,3
301,RPP,2,3,1,6,1.0,3
301,RPP,2,3,1,7,1.0,3
301,RPP,2,3,1,8,1.0,3
301,RPP,2,3,1,9,1.0,3
301,RPP,3,4,1,1,0.25,4
301,RPP,3,4,1,2,0.5,4
301,RPP,3,4,1,3,1.0,4
301,RPP,3,4,1,4,1.0,4
301,RPP,3,4,1,5,1.0,4
301,RPP,3,4,1,6,1.0,4
301,RPP,3,4,1,7,1.0,4
301,RPP,3,4,1,8,1.0,4
301,RPP,3,4,1,9,1.0,4
301,RPP,4,5,1,1,0.4,5
301,RPP,4,5,1,2,0.6,5
301,RPP,4,5,1,3,0.8,5
301,RPP,4,5,1,4,1.0,5
301,RPP,4,5,1,5,1.0,5
301,RPP,4,5,1,6,1.0,5
301,RPP,4,5,1,7,1.0,5
301,RPP,4,5,1,8,1.0,5
301,RPP,4,5,1,9,1.0,5
301,RPP,5,3,2,1,0.3333333333333333,3
301,RPP,5,3,2,2,0.6666666666666666,3
301,RPP,5,3,2,3,1.0,3
301,RPP,5,3,2,4,1.0,3
301,RPP,5,3,2,5,1.0,3
301,RPP,5,3,2,6,1.0,3
301,RPP,5,3,2,7,1.0,3
301,RPP,5,3,2,8,1.0,3
301,RPP,5,3,2,9,1.0,3
301,RPP,6,5,2,1,0.4,5
301,RPP,6,5,2,2,0.6,5
301,RPP,6,5,2,3,0.8,5
301,RPP,6,5,2,4,0.8,5
301,RPP,6,5,2,5,1.0,5
301,RPP,6,5,2,6,1.0,5
301,RPP,6,5,2,7,1.0,5
301,RPP,6,5,2,8,1.0,5
301,RPP,6,5,2,9,1.0,5
301,RPP,7,2,2,1,0.5,2
301,RPP,7,2,2,2,0.0,2
301,RPP,7,2,2,3,1.0,2
301,RPP,7,2,2,4,1.0,2
301,RPP,7,2,2,5,1.0,2
301,RPP,7,2,2,6,1.0,2
301,RPP,7,2,2,7,1.0,2
301,RPP,7,2,2,8,1.0,2
301,RPP,7,2,2,9,1.0,2
301,RPP,8,3,3,1,0.3333333333333333,3
301,RPP,8,3,3,2,0.6666666666666666,3
301,RPP,8,3,3,3,1.0,3
301,RPP,8,3,3,4,1.0,3
301,RPP,8,3,3,5,1.0,3
301,RPP,8,3,3,6,1.0,3
301,RPP,8,3,3,7,1.0,3
301,RPP,8,3,3,8,1.0,3
301,RPP,8,3,3,9,1.0,3
301,RPP,9,4,2,1,0.5,4
301,RPP,9,4,2,2,0.75,4
301,RPP,9,4,2,3,1.0,4
301,RPP,9,4,2,4,1.0,4
301,RPP,9,4,2,5,1.0,4
301,RPP,9,4,2,6,1.0,4
301,RPP,9,4,2,7,1.0,4
301,RPP,9,4,2,8,1.0,4
301,RPP,9,4,2,9,1.0,4
301,RPP,10,5,3,1,0.2,5
301,RPP,10,5,3,2,0.6,5
301,RPP,10,5,3,3,1.0,5
301,RPP,10,5,3,4,1.0,5
301,RPP,10,5,3,5,1.0,5
301,RPP,10,5,3,6,1.0,5
301,RPP,10,5,3,7,1.0,5
301,RPP,10,5,3,8,1.0,5
301,RPP,10,5,3,9,1.0,5
302,Age>25,1,2,1,1,0.5,2
302,Age>25,1,2,1,2,0.5,2
302,Age>25,1,2,1,3,1.0,2
302,Age>25,1,2,1,4,0.5,2
302,Age>25,1,2,1,5,1.0,2
302,Age>25,1,2,1,6,1.0,2
302,Age>25,1,2,1,7,0.5,2
302,Age>25,1,2,1,8,1.0,2
302,Age>25,1,2,1,9,1.0,2
302,Age>25,2,3,1,1,0.0,3
302,Age>25,2,3,1,2,0.3333333333333333,3
302,Age>25,2,3,1,3,0.0,3
302,Age>25,2,3,1,4,0.0,3
302,Age>25,2,3,1,5,0.3333333333333333,3
302,Age>25,2,3,1,6,0.6666666666666666,3
302,Age>25,2,3,1,7,0.6666666666666666,3
302,Age>25,2,3,1,8,0.6666666666666666,3
302,Age>25,2,3,1,9,1.0,3
302,Age>25,3,5,1,1,0.6,5
302,Age>25,3,5,1,2,0.6,5
302,Age>25,3,5,1,3,0.4,5
302,Age>25,3,5,1,4,0.6,5
302,Age>25,3,5,1,5,1.0,5
302,Age>25,3,5,1,6,1.0,5
302,Age>25,3,5,1,7,1.0,5
302,Age>25,3,5,1,8,1.0,5
302,Age>25,3,5,1,9,1.0,5
302,Age>25,4,4,1,1,0.25,4
302,Age>25,4,4,1,2,0.25,4
302,Age>25,4,4,1,3,0.25,4
302,Age>25,4,4,1,4,0.5,4
302,Age>25,4,4,1,5,0.5,4
302,Age>25,4,4,1,6,0.5,4
302,Age>25,4,4,1,7,0.5,4
302,Age>25,4,4,1,8,0.25,4
302,Age>25,4,4,1,9,0.75,4
302,Age>25,5,3,2,1,0.6666666666666666,3
302,Age>25,5,3,2,2,1.0,3
302,Age>25,5,3,2,3,1.0,3
302,Age>25,5,3,2,4,1.0,3
302,Age>25,5,3,2,5,1.0,3
302,Age>25,5,3,2,6,1.0,3
302,Age>25,5,3,2,7,1.0,3
302,Age>25,5,3,2,8,1.0,3
302,Age>25,5,3,2,9,0.6666666666666666,3
302,Age>25,6,5,2,1,0.4,5
302,Age>25,6,5,2,2,0.4,5
302,Age>25,6,5,2,3,0.6,5
302,Age>25,6,5,2,4,0.8,5
302,Age>25,6,5,2,5,0.6,5
302,Age>25,6,5,2,6,0.4,5
302,Age>25,6,5,2,7,0.4,5
302,Age>25,6,5,2,8,0.6,5
302,Age>25,6,5,2,9,0.6,5
302,Age>25,7,2,2,1,0.0,2
302,Age>25,7,2,2,2,0.0,2
302,Age>25,7,2,2,3,1.0,2
302,Age>25,7,2,2,4,1.0,2
302,Age>25,7,2,2,5,1.0,2
302,Age>25,7,2,2,6,1.0,2
302,Age>25,7,2,2,7,1.0,2
302,Age>25,7,2,2,8,1.0,2
302,Age>25,7,2,2,9,1.0,2
302,Age>25,8,3,3,1,0.3333333333333333,3
302,Age>25,8,3,3,2,0.6666666666666666,3
302,Age>25,8,3,3,3,1.0,3
302,Age>25,8,3,3,4,1.0,3
302,Age>25,8,3,3,5,1.0,3
302,Age>25,8,3,3,6,1.0,3
302,Age>25,8,3,3,7,1.0,3
302,Age>25,8,3,3,8,1.0,3
302,Age>25,8,3,3,9,1.0,3
302,Age>25,9,5,3,1,0.2,5
302,Age>25,9,5,3,2,0.2,5
302,Age>25,9,5,3,3,0.8,5
302,Age>25,9,5,3,4,0.4,5
302,Age>25,9,5,3,5,0.6,5
302,Age>25,9,5,3,6,0.4,5
302,Age>25,9,5,3,7,0.4,5
302,Age>25,9,5,3,8,0.4,5
302,Age>25,9,5,3,9,0.6,5
302,Age>25,10,4,2,1,0.0,4
302,Age>25,10,4,2,2,0.5,4
302,Age>25,10,4,2,3,0.5,4
302,Age>25,10,4,2,4,0.75,4
302,Age>25,10,4,2,5,1.0,4
302,Age>25,10,4,2,6,0.75,4
302,Age>25,10,4,2,7,1.0,4
302,Age>25,10,4,2,8,1.0,4
302,Age>25,10,4,2,9,1.0,4
303,Age>25,1,2,1,1,0.0,2
303,Age>25,1,2,1,2,1.0,2
303,Age>25,1,2,1,3,1.0,2
303,Age>25,1,2,1,4,1.0,2
303,Age>25,1,2,1,5,1.0,2
303,Age>25,1,2,1,6,1.0,2
303,Age>25,1,2,1,7,1.0,2
303,Age>25,1,2,1,8,1.0,2
303,Age>25,1,2,1,9,1.0,2
303,Age>25,2,3,1,1,0.6666666666666666,3
303,Age>25,2,3,1,2,0.6666666666666666,3
303,Age>25,2,3,1,3,0.6666666666666666,3
303,Age>25,2,3,1,4,1.0,3
303,Age>25,2,3,1,5,1.0,3
303,Age>25,2,3,1,6,1.0,3
303,Age>25,2,3,1,7,1.0,3
303,Age>25,2,3,1,8,1.0,3
303,Age>25,2,3,1,9,1.0,3
303,Age>25,3,5,1,1,0.4,5
303,Age>25,3,5,1,2,0.4,5
303,Age>25,3,5,1,3,0.6,5
303,Age>25,3,5,1,4,0.8,5
303,Age>25,3,5,1,5,1.0,5
303,Age>25,3,5,1,6,0.8,5
303,Age>25,3,5,1,7,0.8,5
303,Age>25,3,5,1,8,0.8,5
303,Age>25,3,5,1,9,0.8,5
303,Age>25,4,4,1,1,0.25,4
303,Age>25,4,4,1,2,0.5,4
303,Age>25,4,4,1,3,1.0,4
303,Age>25,4,4,1,4,1.0,4
303,Age>25,4,4,1,5,0.75,4
303,Age>25,4,4,1,6,1.0,4
303,Age>25,4,4,1,7,1.0,4
303,Age>25,4,4,1,8,1.0,4
303,Age>25,4,4,1,9,1.0,4
303,Age>25,5,3,2,1,0.3333333333333333,3
303,Age>25,5,3,2,2,1.0,3
303,Age>25,5,3,2,3,1.0,3
303,Age>25,5,3,2,4,1.0,3
303,Age>25,5,3,2,5,1.0,3
303,Age>25,5,3,2,6,1.0,3
303,Age>25,5,3,2,7,1.0,3
303,Age>25,5,3,2,8,1.0,3
303,Age>25,5,3,2,9,1.0,3
303,Age>25,6,5,2,1,0.6,5
303,Age>25,6,5,2,2,0.6,5
303,Age>25,6,5,2,3,1.0,5
303,Age>25,6,5,2,4,1.0,5
303,Age>25,6,5,2,5,1.0,5
303,Age>25,6,5,2,6,1.0,5
303,Age>25,6,5,2,7,1.0,5
303,Age>25,6,5,2,8,1.0,5
303,Age>25,6,5,2,9,1.0,5
303,Age>25,7,2,2,1,0.0,2
303,Age>25,7,2,2,2,0.5,2
303,Age>25,7,2,2,3,1.0,2
303,Age>25,7,2,2,4,1.0,2
303,Age>25,7,2,2,5,1.0,2
303,Age>25,7,2,2,6,1.0,2
303,Age>25,7,2,2,7,1.0,1
303,Age>25,7,2,2,8,0.5,2
303,Age>25,7,2,2,9,1.0,2
303,Age>25,8,3,3,1,0.0,3
303,Age>25,8,3,3,2,0.0,3
303,Age>25,8,3,3,3,1.0,3
303,Age>25,8,3,3,4,1.0,3
303,Age>25,8,3,3,5,1.0,3
303,Age>25,8,3,3,6,1.0,3
303,Age>25,8,3,3,7,0.6666666666666666,3
303,Age>25,8,3,3,8,1.0,3
303,Age>25,8,3,3,9,1.0,3
303,Age>25,9,5,3,1,0.8,5
303,Age>25,9,5,3,2,0.6,5
303,Age>25,9,5,3,3,0.8,5
303,Age>25,9,5,3,4,0.8,5
303,Age>25,9,5,3,5,1.0,5
303,Age>25,9,5,3,6,1.0,5
303,Age>25,9,5,3,7,1.0,5
303,Age>25,9,5,3,8,1.0,5
303,Age>25,9,5,3,9,1.0,5
303,Age>25,10,4,2,1,0.75,4
303,Age>25,10,4,2,2,0.75,4
303,Age>25,10,4,2,3,0.75,4
303,Age>25,10,4,2,4,0.5,4
303,Age>25,10,4,2,5,0.75,4
303,Age>25,10,4,2,6,1.0,4
303,Age>25,10,4,2,7,1.0,4
303,Age>25,10,4,2,8,1.0,4
303,Age>25,10,4,2,9,1.0,4
304,Age>25,1,2,1,1,0.0,2
304,Age>25,1,2,1,2,1.0,2
304,Age>25,1,2,1,3,1.0,2
304,Age>25,1,2,1,4,1.0,2
304,Age>25,1,2,1,5,1.0,2
304,Age>25,1,2,1,6,1.0,2
304,Age>25,1,2,1,7,1.0,2
304,Age>25,1,2,1,8,1.0,2
304,Age>25,1,2,1,9,1.0,2
304,Age>25,2,3,1,1,0.6666666666666666,3
304,Age>25,2,3,1,2,0.3333333333333333,3
304,Age>25,2,3,1,3,1.0,3
304,Age>25,2,3,1,4,1.0,3
304,Age>25,2,3,1,5,1.0,3
304,Age>25,2,3,1,6,1.0,3
304,Age>25,2,3,1,7,1.0,3
304,Age>25,2,3,1,8,1.0,3
304,Age>25,2,3,1,9,1.0,3
304,Age>25,3,5,1,1,0.4,5
304,Age>25,3,5,1,2,0.6,5
304,Age>25,3,5,1,3,0.8,5
304,Age>25,3,5,1,4,0.8,5
304,Age>25,3,5,1,5,1.0,5
304,Age>25,3,5,1,6,1.0,5
304,Age>25,3,5,1,7,1.0,5
304,Age>25,3,5,1,8,1.0,5
304,Age>25,3,5,1,9,1.0,5
304,Age>25,4,4,1,1,0.25,4
304,Age>25,4,4,1,2,0.5,4
304,Age>25,4,4,1,3,1.0,4
304,Age>25,4,4,1,4,1.0,4
304,Age>25,4,4,1,5,1.0,4
304,Age>25,4,4,1,6,1.0,4
304,Age>25,4,4,1,7,1.0,4
304,Age>25,4,4,1,8,1.0,4
304,Age>25,4,4,1,9,1.0,4
304,Age>25,5,3,2,1,0.3333333333333333,3
304,Age>25,5,3,2,2,0.6666666666666666,3
304,Age>25,5,3,2,3,1.0,3
304,Age>25,5,3,2,4,1.0,3
304,Age>25,5,3,2,5,1.0,3
304,Age>25,5,3,2,6,1.0,3
304,Age>25,5,3,2,7,1.0,3
304,Age>25,5,3,2,8,1.0,3
304,Age>25,5,3,2,9,1.0,3
304,Age>25,6,5,2,1,0.4,5
304,Age>25,6,5,2,2,0.6,5
304,Age>25,6,5,2,3,0.6,5
304,Age>25,6,5,2,4,0.6,5
304,Age>25,6,5,2,5,1.0,5
304,Age>25,6,5,2,6,1.0,5
304,Age>25,6,5,2,7,1.0,5
304,Age>25,6,5,2,8,1.0,5
304,Age>25,6,5,2,9,1.0,5
304,Age>25,7,2,2,1,0.5,2
304,Age>25,7,2,2,2,1.0,2
304,Age>25,7,2,2,3,0.5,2
304,Age>25,7,2,2,4,1.0,2
304,Age>25,7,2,2,5,1.0,2
304,Age>25,7,2,2,6,1.0,2
304,Age>25,7,2,2,7,0.5,2
304,Age>25,7,2,2,8,1.0,2
304,Age>25,7,2,2,9,1.0,2
304,Age>25,8,3,3,1,0.3333333333333333,3
304,Age>25,8,3,3,2,0.6666666666666666,3
304,Age>25,8,3,3,3,1.0,3
304,Age>25,8,3,3,4,1.0,3
304,Age>25,8,3,3,5,1.0,3
304,Age>25,8,3,3,6,1.0,3
304,Age>25,8,3,3,7,1.0,3
304,Age>25,8,3,3,8,1.0,3
304,Age>25,8,3,3,9,1.0,3
304,Age>25,9,5,3,1,0.2,5
304,Age>25,9,5,3,2,0.6,5
304,Age>25,9,5,3,3,1.0,5
304,Age>25,9,5,3,4,1.0,5
304,Age>25,9,5,3,5,1.0,5
304,Age>25,9,5,3,6,1.0,5
304,Age>25,9,5,3,7,1.0,5
304,Age>25,9,5,3,8,1.0,5
304,Age>25,9,5,3,9,1.0,5
304,Age>25,10,4,2,1,0.5,4
304,Age>25,10,4,2,2,0.75,4
304,Age>25,10,4,2,3,1.0,4
304,Age>25,10,4,2,4,1.0,4
304,Age>25,10,4,2,5,1.0,4
304,Age>25,10,4,2,6,1.0,4
304,Age>25,10,4,2,7,1.0,4
304,Age>25,10,4,2,8,1.0,4
304,Age>25,10,4,2,9,1.0,4
305,Age>25,1,2,1,1,1.0,2
305,Age>25,1,2,1,2,1.0,2
305,Age>25,1,2,1,3,1.0,2
305,Age>25,1,2,1,4,1.0,2
305,Age>25,1,2,1,5,1.0,2
305,Age>25,1,2,1,6,1.0,2
305,Age>25,1,2,1,7,1.0,2
305,Age>25,1,2,1,8,1.0,2
305,Age>25,1,2,1,9,1.0,2
305,Age>25,2,3,1,1,0.3333333333333333,3
305,Age>25,2,3,1,2,0.6666666666666666,3
305,Age>25,2,3,1,3,0.6666666666666666,3
305,Age>25,2,3,1,4,1.0,3
305,Age>25,2,3,1,5,1.0,3
305,Age>25,2,3,1,6,1.0,3
305,Age>25,2,3,1,7,1.0,3
305,Age>25,2,3,1,8,1.0,3
305,Age>25,2,3,1,9,1.0,3
305,Age>25,3,4,1,1,0.5,4
305,Age>25,3,4,1,2,0.5,4
305,Age>25,3,4,1,3,1.0,4
305,Age>25,3,4,1,4,1.0,4
305,Age>25,3,4,1,5,0.75,4
305,Age>25,3,4,1,6,1.0,4
305,Age>25,3,4,1,7,1.0,4
305,Age>25,3,4,1,8,1.0,4
305,Age>25,3,4,1,9,1.0,4
305,Age>25,4,5,1,1,0.6,5
305,Age>25,4,5,1,2,0.8,5
305,Age>25,4,5,1,3,1.0,5
305,Age>25,4,5,1,4,1.0,5
305,Age>25,4,5,1,5,1.0,5
305,Age>25,4,5,1,6,1.0,5
305,Age>25,4,5,1,7,1.0,5
305,Age>25,4,5,1,8,0.8,5
305,Age>25,4,5,1,9,0.8,5
305,Age>25,5,3,2,1,0.6666666666666666,3
305,Age>25,5,3,2,2,1.0,3
305,Age>25,5,3,2,3,0.6666666666666666,3
305,Age>25,5,3,2,4,1.0,3
305,Age>25,5,3,2,5,1.0,3
305,Age>25,5,3,2,6,1.0,3
305,Age>25,5,3,2,7,1.0,3
305,Age>25,5,3,2,8,1.0,3
305,Age>25,5,3,2,9,1.0,3
305,Age>25,6,5,2,1,0.6,5
305,Age>25,6,5,2,2,0.8,5
305,Age>25,6,5,2,3,0.8,5
305,Age>25,6,5,2,4,1.0,5
305,Age>25,6,5,2,5,1.0,5
305,Age>25,6,5,2,6,1.0,5
305,Age>25,6,5,2,7,1.0,5
305,Age>25,6,5,2,8,1.0,5
305,Age>25,6,5,2,9,1.0,5
305,Age>25,7,2,2,1,0.0,2
305,Age>25,7,2,2,2,0.5,2
305,Age>25,7,2,2,3,1.0,2
305,Age>25,7,2,2,4,1.0,2
305,Age>25,7,2,2,5,1.0,2
305,Age>25,7,2,2,6,1.0,2
305,Age>25,7,2,2,7,1.0,2
305,Age>25,7,2,2,8,1.0,2
305,Age>25,7,2,2,9,1.0,2
305,Age>25,8,3,3,1,0.0,3
305,Age>25,8,3,3,2,0.0,3
305,Age>25,8,3,3,3,0.6666666666666666,3
305,Age>25,8,3,3,4,1.0,3
305,Age>25,8,3,3,5,1.0,3
305,Age>25,8,3,3,6,1.0,3
305,Age>25,8,3,3,7,1.0,3
305,Age>25,8,3,3,8,1.0,3
305,Age>25,8,3,3,9,1.0,3
305,Age>25,9,4,2,1,0.5,4
305,Age>25,9,4,2,2,0.5,4
305,Age>25,9,4,2,3,1.0,4
305,Age>25,9,4,2,4,1.0,4
305,Age>25,9,4,2,5,1.0,4
305,Age>25,9,4,2,6,1.0,4
305,Age>25,9,4,2,7,1.0,4
305,Age>25,9,4,2,8,1.0,4
305,Age>25,9,4,2,9,1.0,4
305,Age>25,10,5,3,1,0.6,5
305,Age>25,10,5,3,2,0.8,5
305,Age>25,10,5,3,3,0.8,5
305,Age>25,10,5,3,4,0.8,5
305,Age>25,10,5,3,5,1.0,5
305,Age>25,10,5,3,6,1.0,5
305,Age>25,10,5,3,7,1.0,5
305,Age>25,10,5,3,8,1.0,5
305,Age>25,10,5,3,9,1.0,5
306,Age>25,1,2,1,1,0.0,2
306,Age>25,1,2,1,2,0.5,2
306,Age>25,1,2,1,3,1.0,2
306,Age>25,1,2,1,4,1.0,2
306,Age>25,1,2,1,5,1.0,2
306,Age>25,1,2,1,6,1.0,2
306,Age>25,1,2,1,7,1.0,2
306,Age>25,1,2,1,8,1.0,2
306,Age>25,1,2,1,9,1.0,2
306,Age>25,2,3,1,1,0.3333333333333333,3
306,Age>25,2,3,1,2,0.6666666666666666,3
306,Age>25,2,3,1,3,0.6666666666666666,3
306,Age>25,2,3,1,4,1.0,3
306,Age>25,2,3,1,5,1.0,3
306,Age>25,2,3,1,6,1.0,3
306,Age>25,2,3,1,7,1.0,3
306,Age>25,2,3,1,8,1.0,3
306,Age>25,2,3,1,9,0.6666666666666666,3
306,Age>25,3,4,1,1,0.75,4
306,Age>25,3,4,1,2,0.75,4
306,Age>25,3,4,1,3,1.0,4
306,Age>25,3,4,1,4,1.0,4
306,Age>25,3,4,1,5,1.0,4
306,Age>25,3,4,1,6,1.0,4
306,Age>25,3,4,1,7,1.0,4
306,Age>25,3,4,1,8,1.0,4
306,Age>25,3,4,1,9,1.0,4
306,Age>25,4,5,1,1,0.0,5
306,Age>25,4,5,1,2,0.2,5
306,Age>25,4,5,1,3,0.6,5
306,Age>25,4,5,1,4,0.8,5
306,Age>25,4,5,1,5,1.0,5
306,Age>25,4,5,1,6,0.8,5
306,Age>25,4,5,1,7,1.0,5
306,Age>25,4,5,1,8,1.0,5
306,Age>25,4,5,1,9,1.0,5
306,Age>25,5,3,2,1,0.0,3
306,Age>25,5,3,2,2,0.6666666666666666,3
306,Age>25,5,3,2,3,1.0,3
306,Age>25,5,3,2,4,1.0,3
306,Age>25,5,3,2,5,1.0,3
306,Age>25,5,3,2,6,1.0,3
306,Age>25,5,3,2,7,1.0,3
306,Age>25,5,3,2,8,1.0,3
306,Age>25,5,3,2,9,1.0,3
306,Age>25,6,5,2,1,0.4,5
306,Age>25,6,5,2,2,0.6,5
306,Age>25,6,5,2,3,0.6,5
306,Age>25,6,5,2,4,0.8,5
306,Age>25,6,5,2,5,1.0,5
306,Age>25,6,5,2,6,1.0,5
306,Age>25,6,5,2,7,1.0,5
306,Age>25,6,5,2,8,1.0,5
306,Age>25,6,5,2,9,1.0,5
306,Age>25,7,2,2,1,0.0,2
306,Age>25,7,2,2,2,1.0,2
306,Age>25,7,2,2,3,1.0,2
306,Age>25,7,2,2,4,1.0,2
306,Age>25,7,2,2,5,1.0,2
306,Age>25,7,2,2,6,1.0,2
306,Age>25,7,2,2,7,1.0,2
306,Age>25,7,2,2,8,1.0,2
306,Age>25,7,2,2,9,1.0,2
306,Age>25,8,3,3,1,1.0,3
306,Age>25,8,3,3,2,1.0,3
306,Age>25,8,3,3,3,1.0,3
306,Age>25,8,3,3,4,1.0,3
306,Age>25,8,3,3,5,1.0,3
306,Age>25,8,3,3,6,1.0,3
306,Age>25,8,3,3,7,1.0,3
306,Age>25,8,3,3,8,1.0,3
306,Age>25,8,3,3,9,1.0,3
306,Age>25,9,4,2,1,0.5,4
306,Age>25,9,4,2,2,1.0,4
306,Age>25,9,4,2,3,1.0,4
306,Age>25,9,4,2,4,1.0,4
306,Age>25,9,4,2,5,1.0,4
306,Age>25,9,4,2,6,1.0,4
306,Age>25,9,4,2,7,1.0,4
306,Age>25,9,4,2,8,1.0,4
306,Age>25,9,4,2,9,1.0,4
306,Age>25,10,5,3,1,0.2,5
306,Age>25,10,5,3,2,0.6,5
306,Age>25,10,5,3,3,0.8,5
306,Age>25,10,5,3,4,1.0,5
306,Age>25,10,5,3,5,1.0,5
306,Age>25,10,5,3,6,1.0,5
306,Age>25,10,5,3,7,0.8,5
306,Age>25,10,5,3,8,1.0,5
306,Age>25,10,5,3,9,1.0,5
308,Age>25,1,2,1,1,0.5,2
308,Age>25,1,2,1,2,1.0,2
308,Age>25,1,2,1,3,1.0,2
308,Age>25,1,2,1,4,1.0,2
308,Age>25,1,2,1,5,1.0,2
308,Age>25,1,2,1,6,1.0,2
308,Age>25,1,2,1,7,1.0,2
308,Age>25,1,2,1,8,1.0,2
308,Age>25,1,2,1,9,1.0,2
308,Age>25,2,4,1,1,0.5,4
308,Age>25,2,4,1,2,0.75,4
308,Age>25,2,4,1,3,1.0,4
308,Age>25,2,4,1,4,1.0,4
308,Age>25,2,4,1,5,1.0,4
308,Age>25,2,4,1,6,1.0,4
308,Age>25,2,4,1,7,1.0,4
308,Age>25,2,4,1,8,1.0,4
308,Age>25,2,4,1,9,1.0,4
308,Age>25,3,3,1,1,0.6666666666666666,3
308,Age>25,3,3,1,2,0.6666666666666666,3
308,Age>25,3,3,1,3,1.0,3
308,Age>25,3,3,1,4,1.0,3
308,Age>25,3,3,1,5,1.0,3
308,Age>25,3,3,1,6,1.0,3
308,Age>25,3,3,1,7,1.0,3
308,Age>25,3,3,1,8,1.0,3
308,Age>25,3,3,1,9,1.0,3
308,Age>25,4,5,1,1,0.2,5
308,Age>25,4,5,1,2,0.6,5
308,Age>25,4,5,1,3,1.0,5
308,Age>25,4,5,1,4,1.0,5
308,Age>25,4,5,1,5,1.0,5
308,Age>25,4,5,1,6,1.0,5
308,Age>25,4,5,1,7,1.0,5
308,Age>25,4,5,1,8,1.0,5
308,Age>25,4,5,1,9,1.0,5
308,Age>25,5,3,2,1,0.3333333333333333,3
308,Age>25,5,3,2,2,0.6666666666666666,3
308,Age>25,5,3,2,3,1.0,3
308,Age>25,5,3,2,4,1.0,3
308,Age>25,5,3,2,5,1.0,3
308,Age>25,5,3,2,6,1.0,3
308,Age>25,5,3,2,7,1.0,3
308,Age>25,5,3,2,8,1.0,3
308,Age>25,5,3,2,9,1.0,3
308,Age>25,6,5,2,1,0.8,5
308,Age>25,6,5,2,2,1.0,5
308,Age>25,6,5,2,3,1.0,5
308,Age>25,6,5,2,4,1.0,5
308,Age>25,6,5,2,5,1.0,5
308,Age>25,6,5,2,6,1.0,5
308,Age>25,6,5,2,7,1.0,5
308,Age>25,6,5,2,8,1.0,5
308,Age>25,6,5,2,9,1.0,5
308,Age>25,7,2,2,1,0.0,2
308,Age>25,7,2,2,2,0.5,2
308,Age>25,7,2,2,3,1.0,2
308,Age>25,7,2,2,4,1.0,2
308,Age>25,7,2,2,5,1.0,2
308,Age>25,7,2,2,6,1.0,2
308,Age>25,7,2,2,7,1.0,2
308,Age>25,7,2,2,8,1.0,2
308,Age>25,7,2,2,9,1.0,2
308,Age>25,8,4,2,1,0.5,4
308,Age>25,8,4,2,2,1.0,4
308,Age>25,8,4,2,3,1.0,4
308,Age>25,8,4,2,4,1.0,4
308,Age>25,8,4,2,5,1.0,4
308,Age>25,8,4,2,6,0.75,4
308,Age>25,8,4,2,7,1.0,4
308,Age>25,8,4,2,8,1.0,4
308,Age>25,8,4,2,9,1.0,4
308,Age>25,9,3,3,1,0.0,3
308,Age>25,9,3,3,2,0.6666666666666666,3
308,Age>25,9,3,3,3,1.0,3
308,Age>25,9,3,3,4,1.0,3
308,Age>25,9,3,3,5,1.0,3
308,Age>25,9,3,3,6,1.0,3
308,Age>25,9,3,3,7,1.0,3
308,Age>25,9,3,3,8,1.0,3
308,Age>25,9,3,3,9,1.0,3
308,Age>25,10,5,3,1,0.0,5
308,Age>25,10,5,3,2,0.4,5
308,Age>25,10,5,3,3,1.0,5
308,Age>25,10,5,3,4,0.8,5
308,Age>25,10,5,3,5,1.0,5
308,Age>25,10,5,3,6,1.0,5
308,Age>25,10,5,3,7,1.0,5
308,Age>25,10,5,3,8,0.8,5
308,Age>25,10,5,3,9,1.0,5
309,Age>25,1,2,1,1,0.5,2
309,Age>25,1,2,1,2,1.0,2
309,Age>25,1,2,1,3,1.0,2
309,Age>25,1,2,1,4,1.0,2
309,Age>25,1,2,1,5,1.0,2
309,Age>25,1,2,1,6,1.0,2
309,Age>25,1,2,1,7,1.0,2
309,Age>25,1,2,1,8,1.0,2
309,Age>25,1,2,1,9,1.0,2
309,Age>25,2,3,1,1,0.0,3
309,Age>25,2,3,1,2,0.6666666666666666,3
309,Age>25,2,3,1,3,0.6666666666666666,3
309,Age>25,2,3,1,4,1.0,3
309,Age>25,2,3,1,5,1.0,3
309,Age>25,2,3,1,6,1.0,3
309,Age>25,2,3,1,7,1.0,3
309,Age>25,2,3,1,8,1.0,3
309,Age>25,2,3,1,9,1.0,3
309,Age>25,3,4,1,1,0.5,4
309,Age>25,3,4,1,2,0.75,4
309,Age>25,3,4,1,3,1.0,4
309,Age>25,3,4,1,4,1.0,4
309,Age>25,3,4,1,5,1.0,4
309,Age>25,3,4,1,6,1.0,4
309,Age>25,3,4,1,7,1.0,4
309,Age>25,3,4,1,8,1.0,4
309,Age>25,3,4,1,9,1.0,4
309,Age>25,4,5,1,1,0.6,5
309,Age>25,4,5,1,2,1.0,5
309,Age>25,4,5,1,3,0.8,5
309,Age>25,4,5,1,4,1.0,5
309,Age>25,4,5,1,5,1.0,5
309,Age>25,4,5,1,6,1.0,5
309,Age>25,4,5,1,7,1.0,5
309,Age>25,4,5,1,8,1.0,5
309,Age>25,4,5,1,9,1.0,5
309,Age>25,5,3,2,1,0.3333333333333333,3
309,Age>25,5,3,2,2,1.0,3
309,Age>25,5,3,2,3,1.0,3
309,Age>25,5,3,2,4,1.0,3
309,Age>25,5,3,2,5,1.0,3
309,Age>25,5,3,2,6,1.0,3
309,Age>25,5,3,2,7,1.0,3
309,Age>25,5,3,2,8,1.0,3
309,Age>25,5,3,2,9,1.0,3
309,Age>25,6,5,2,1,0.4,5
309,Age>25,6,5,2,2,0.6,5
309,Age>25,6,5,2,3,0.6,5
309,Age>25,6,5,2,4,1.0,5
309,Age>25,6,5,2,5,1.0,5
309,Age>25,6,5,2,6,1.0,5
309,Age>25,6,5,2,7,1.0,5
309,Age>25,6,5,2,8,1.0,5
309,Age>25,6,5,2,9,1.0,5
309,Age>25,7,2,2,1,0.5,2
309,Age>25,7,2,2,2,1.0,2
309,Age>25,7,2,2,3,1.0,2
309,Age>25,7,2,2,4,1.0,2
309,Age>25,7,2,2,5,1.0,2
309,Age>25,7,2,2,6,1.0,2
309,Age>25,7,2,2,7,1.0,2
309,Age>25,7,2,2,8,1.0,2
309,Age>25,7,2,2,9,0.5,2
309,Age>25,8,3,3,1,0.3333333333333333,3
309,Age>25,8,3,3,2,1.0,3
309,Age>25,8,3,3,3,1.0,3
309,Age>25,8,3,3,4,1.0,3
309,Age>25,8,3,3,5,1.0,3
309,Age>25,8,3,3,6,1.0,3
309,Age>25,8,3,3,7,1.0,3
309,Age>25,8,3,3,8,1.0,3
309,Age>25,8,3,3,9,1.0,3
309,Age>25,9,4,2,1,0.25,4
309,Age>25,9,4,2,2,0.75,4
309,Age>25,9,4,2,3,0.25,4
309,Age>25,9,4,2,4,0.25,4
309,Age>25,9,4,2,5,0.25,4
309,Age>25,9,4,2,6,0.25,4
309,Age>25,9,4,2,7,0.5,4
309,Age>25,9,4,2,8,0.75,4
309,Age>25,9,4,2,9,1.0,4
309,Age>25,10,5,3,1,0.6,5
309,Age>25,10,5,3,2,0.6,5
309,Age>25,10,5,3,3,0.6,5
309,Age>25,10,5,3,4,0.8,5
309,Age>25,10,5,3,5,1.0,5
309,Age>25,10,5,3,6,1.0,5
309,Age>25,10,5,3,7,1.0,5
309,Age>25,10,5,3,8,1.0,5
309,Age>25,10,5,3,9,1.0,5
310,Age>25,1,2,1,1,0.0,2
310,Age>25,1,2,1,2,0.5,2
310,Age>25,1,2,1,3,0.5,2
310,Age>25,1,2,1,4,1.0,2
310,Age>25,1,2,1,5,1.0,2
310,Age>25,1,2,1,6,1.0,2
310,Age>25,1,2,1,7,1.0,2
310,Age>25,1,2,1,8,1.0,2
310,Age>25,1,2,1,9,1.0,2
310,Age>25,2,3,1,1,0.0,3
310,Age>25,2,3,1,2,0.6666666666666666,3
310,Age>25,2,3,1,3,1.0,3
310,Age>25,2,3,1,4,1.0,3
310,Age>25,2,3,1,5,1.0,3
310,Age>25,2,3,1,6,1.0,3
310,Age>25,2,3,1,7,1.0,3
310,Age>25,2,3,1,8,1.0,3
310,Age>25,2,3,1,9,1.0,3
310,Age>25,3,4,1,1,0.5,4
310,Age>25,3,4,1,2,1.0,4
310,Age>25,3,4,1,3,1.0,4
310,Age>25,3,4,1,4,0.75,4
310,Age>25,3,4,1,5,1.0,4
310,Age>25,3,4,1,6,1.0,4
310,Age>25,3,4,1,7,1.0,4
310,Age>25,3,4,1,8,1.0,4
310,Age>25,3,4,1,9,1.0,4
310,Age>25,4,5,1,1,0.6,5
310,Age>25,4,5,1,2,0.8,5
310,Age>25,4,5,1,3,1.0,5
310,Age>25,4,5,1,4,1.0,5
310,Age>25,4,5,1,5,1.0,5
310,Age>25,4,5,1,6,1.0,5
310,Age>25,4,5,1,7,1.0,5
310,Age>25,4,5,1,8,1.0,5
310,Age>25,4,5,1,9,1.0,5
310,Age>25,5,3,2,1,0.3333333333333333,3
310,Age>25,5,3,2,2,0.6666666666666666,3
310,Age>25,5,3,2,3,1.0,3
310,Age>25,5,3,2,4,1.0,3
310,Age>25,5,3,2,5,1.0,3
310,Age>25,5,3,2,6,1.0,3
310,Age>25,5,3,2,7,1.0,3
310,Age>25,5,3,2,8,1.0,3
310,Age>25,5,3,2,9,1.0,3
310,Age>25,6,5,2,1,0.2,5
310,Age>25,6,5,2,2,0.6,5
310,Age>25,6,5,2,3,0.4,5
310,Age>25,6,5,2,4,0.6,5
310,Age>25,6,5,2,5,0.4,5
310,Age>25,6,5,2,6,1.0,5
310,Age>25,6,5,2,7,0.6,5
310,Age>25,6,5,2,8,0.8,5
310,Age>25,6,5,2,9,0.6,5
310,Age>25,7,2,2,1,0.0,2
310,Age>25,7,2,2,2,0.5,2
310,Age>25,7,2,2,3,0.5,2
310,Age>25,7,2,2,4,1.0,2
310,Age>25,7,2,2,5,1.0,2
310,Age>25,7,2,2,6,1.0,2
310,Age>25,7,2,2,7,1.0,2
310,Age>25,7,2,2,8,1.0,2
310,Age>25,7,2,2,9,1.0,2
310,Age>25,8,3,3,1,0.3333333333333333,3
310,Age>25,8,3,3,2,0.6666666666666666,3
310,Age>25,8,3,3,3,1.0,3
310,Age>25,8,3,3,4,0.6666666666666666,3
310,Age>25,8,3,3,5,1.0,3
310,Age>25,8,3,3,6,1.0,3
310,Age>25,8,3,3,7,0.6666666666666666,3
310,Age>25,8,3,3,8,1.0,3
310,Age>25,8,3,3,9,1.0,3
310,Age>25,9,4,2,1,0.25,4
310,Age>25,9,4,2,2,0.5,4
310,Age>25,9,4,2,3,0.75,4
310,Age>25,9,4,2,4,1.0,4
310,Age>25,9,4,2,5,1.0,4
310,Age>25,9,4,2,6,1.0,4
310,Age>25,9,4,2,7,1.0,4
310,Age>25,9,4,2,8,1.0,4
310,Age>25,9,4,2,9,1.0,4
310,Age>25,10,5,3,1,0.4,5
310,Age>25,10,5,3,2,0.6,5
310,Age>25,10,5,3,3,0.6,5
310,Age>25,10,5,3,4,0.8,5
310,Age>25,10,5,3,5,1.0,5
310,Age>25,10,5,3,6,1.0,5
310,Age>25,10,5,3,7,1.0,5
310,Age>25,10,5,3,8,1.0,5
310,Age>25,10,5,3,9,1.0,5
311,RPP,1,2,1,1,0.5,2
311,RPP,1,2,1,2,1.0,2
311,RPP,1,2,1,3,1.0,2
311,RPP,1,2,1,4,1.0,2
311,RPP,1,2,1,5,1.0,2
311,RPP,1,2,1,6,1.0,2
311,RPP,1,2,1,7,1.0,2
311,RPP,1,2,1,8,1.0,2
311,RPP,1,2,1,9,1.0,2
311,RPP,2,3,1,1,0.0,3
311,RPP,2,3,1,2,0.6666666666666666,3
311,RPP,2,3,1,3,1.0,3
311,RPP,2,3,1,4,1.0,3
311,RPP,2,3,1,5,1.0,3
311,RPP,2,3,1,6,1.0,3
311,RPP,2,3,1,7,1.0,3
311,RPP,2,3,1,8,1.0,3
311,RPP,2,3,1,9,1.0,3
311,RPP,3,4,1,1,0.5,4
311,RPP,3,4,1,2,0.75,4
311,RPP,3,4,1,3,0.75,4
311,RPP,3,4,1,4,0.75,4
311,RPP,3,4,1,5,1.0,4
311,RPP,3,4,1,6,1.0,4
311,RPP,3,4,1,7,1.0,4
311,RPP,3,4,1,8,1.0,4
311,RPP,3,4,1,9,1.0,4
311,RPP,4,5,1,1,0.4,5
311,RPP,4,5,1,2,0.6,5
311,RPP,4,5,1,3,0.8,5
311,RPP,4,5,1,4,1.0,5
311,RPP,4,5,1,5,1.0,5
311,RPP,4,5,1,6,1.0,5
311,RPP,4,5,1,7,1.0,5
311,RPP,4,5,1,8,1.0,5
311,RPP,4,5,1,9,1.0,5
311,RPP,5,3,2,1,0.3333333333333333,3
311,RPP,5,3,2,2,0.6666666666666666,3
311,RPP,5,3,2,3,1.0,3
311,RPP,5,3,2,4,1.0,3
311,RPP,5,3,2,5,1.0,3
311,RPP,5,3,2,6,1.0,3
311,RPP,5,3,2,7,1.0,3
311,RPP,5,3,2,8,1.0,3
311,RPP,5,3,2,9,1.0,3
311,RPP,6,5,2,1,0.2,5
311,RPP,6,5,2,2,0.6,5
311,RPP,6,5,2,3,1.0,5
311,RPP,6,5,2,4,1.0,5
311,RPP,6,5,2,5,1.0,5
311,RPP,6,5,2,6,1.0,5
311,RPP,6,5,2,7,1.0,5
311,RPP,6,5,2,8,1.0,5
311,RPP,6,5,2,9,1.0,5
311,RPP,7,2,2,1,0.5,2
311,RPP,7,2,2,2,0.5,2
311,RPP,7,2,2,3,1.0,2
311,RPP,7,2,2,4,1.0,2
311,RPP,7,2,2,5,1.0,2
311,RPP,7,2,2,6,1.0,2
311,RPP,7,2,2,7,1.0,2
311,RPP,7,2,2,8,1.0,2
311,RPP,7,2,2,9,1.0,2
311,RPP,8,3,3,1,0.3333333333333333,3
311,RPP,8,3,3,2,1.0,3
311,RPP,8,3,3,3,1.0,3
311,RPP,8,3,3,4,1.0,3
311,RPP,8,3,3,5,1.0,3
311,RPP,8,3,3,6,1.0,3
311,RPP,8,3,3,7,1.0,3
311,RPP,8,3,3,8,1.0,3
311,RPP,8,3,3,9,1.0,3
311,RPP,9,4,2,1,0.25,4
311,RPP,9,4,2,2,0.5,4
311,RPP,9,4,2,3,0.75,4
311,RPP,9,4,2,4,1.0,4
311,RPP,9,4,2,5,1.0,4
311,RPP,9,4,2,6,1.0,4
311,RPP,9,4,2,7,1.0,4
311,RPP,9,4,2,8,1.0,4
311,RPP,9,4,2,9,1.0,4
311,RPP,10,5,3,1,0.4,5
311,RPP,10,5,3,2,0.8,5
311,RPP,10,5,3,3,1.0,5
311,RPP,10,5,3,4,1.0,5
311,RPP,10,5,3,5,1.0,5
311,RPP,10,5,3,6,1.0,5
311,RPP,10,5,3,7,1.0,5
311,RPP,10,5,3,8,1.0,5
311,RPP,10,5,3,9,1.0,5
312,Age>25,1,2,1,1,0.0,2
312,Age>25,1,2,1,2,0.0,2
312,Age>25,1,2,1,3,1.0,2
312,Age>25,1,2,1,4,1.0,2
312,Age>25,1,2,1,5,1.0,2
312,Age>25,1,2,1,6,1.0,2
312,Age>25,1,2,1,7,1.0,2
312,Age>25,1,2,1,8,1.0,2
312,Age>25,1,2,1,9,1.0,2
312,Age>25,2,3,1,1,0.3333333333333333,3
312,Age>25,2,3,1,2,0.6666666666666666,3
312,Age>25,2,3,1,3,0.6666666666666666,3
312,Age>25,2,3,1,4,0.6666666666666666,3
312,Age>25,2,3,1,5,1.0,3
312,Age>25,2,3,1,6,1.0,3
312,Age>25,2,3,1,7,1.0,3
312,Age>25,2,3,1,8,1.0,3
312,Age>25,2,3,1,9,1.0,3
312,Age>25,3,5,1,1,0.8,5
312,Age>25,3,5,1,2,1.0,5
312,Age>25,3,5,1,3,1.0,5
312,Age>25,3,5,1,4,1.0,5
312,Age>25,3,5,1,5,1.0,5
312,Age>25,3,5,1,6,1.0,5
312,Age>25,3,5,1,7,1.0,5
312,Age>25,3,5,1,8,1.0,5
312,Age>25,3,5,1,9,1.0,5
312,Age>25,4,4,1,1,0.25,4
312,Age>25,4,4,1,2,0.5,4
312,Age>25,4,4,1,3,0.75,4
312,Age>25,4,4,1,4,1.0,4
312,Age>25,4,4,1,5,1.0,4
312,Age>25,4,4,1,6,1.0,4
312,Age>25,4,4,1,7,1.0,4
312,Age>25,4,4,1,8,1.0,4
312,Age>25,4,4,1,9,1.0,4
312,Age>25,5,3,2,1,0.3333333333333333,3
312,Age>25,5,3,2,2,0.6666666666666666,3
312,Age>25,5,3,2,3,1.0,3
312,Age>25,5,3,2,4,1.0,3
312,Age>25,5,3,2,5,1.0,3
312,Age>25,5,3,2,6,1.0,3
312,Age>25,5,3,2,7,1.0,3
312,Age>25,5,3,2,8,1.0,3
312,Age>25,5,3,2,9,1.0,3
312,Age>25,6,5,2,1,0.4,5
312,Age>25,6,5,2,2,0.6,5
312,Age>25,6,5,2,3,0.8,5
312,Age>25,6,5,2,4,1.0,5
312,Age>25,6,5,2,5,1.0,5
312,Age>25,6,5,2,6,1.0,5
312,Age>25,6,5,2,7,1.0,5
312,Age>25,6,5,2,8,1.0,5
312,Age>25,6,5,2,9,1.0,5
312,Age>25,7,2,2,1,0.5,2
312,Age>25,7,2,2,2,0.5,2
312,Age>25,7,2,2,3,1.0,2
312,Age>25,7,2,2,4,1.0,2
312,Age>25,7,2,2,5,1.0,2
312,Age>25,7,2,2,6,1.0,2
312,Age>25,7,2,2,7,1.0,2
312,Age>25,7,2,2,8,1.0,2
312,Age>25,7,2,2,9,1.0,2
312,Age>25,8,3,3,1,1.0,3
312,Age>25,8,3,3,2,1.0,3
312,Age>25,8,3,3,3,1.0,3
312,Age>25,8,3,3,4,1.0,3
312,Age>25,8,3,3,5,1.0,3
312,Age>25,8,3,3,6,1.0,3
312,Age>25,8,3,3,7,1.0,3
312,Age>25,8,3,3,8,1.0,3
312,Age>25,8,3,3,9,1.0,3
312,Age>25,9,5,3,1,0.4,5
312,Age>25,9,5,3,2,0.8,5
312,Age>25,9,5,3,3,1.0,5
312,Age>25,9,5,3,4,1.0,5
312,Age>25,9,5,3,5,1.0,5
312,Age>25,9,5,3,6,1.0,5
312,Age>25,9,5,3,7,1.0,5
312,Age>25,9,5,3,8,1.0,5
312,Age>25,9,5,3,9,1.0,5
312,Age>25,10,4,2,1,0.75,4
312,Age>25,10,4,2,2,1.0,4
312,Age>25,10,4,2,3,1.0,4
312,Age>25,10,4,2,4,1.0,4
312,Age>25,10,4,2,5,1.0,4
312,Age>25,10,4,2,6,1.0,4
312,Age>25,10,4,2,7,1.0,4
312,Age>25,10,4,2,8,1.0,4
312,Age>25,10,4,2,9,1.0,4
313,Age>25,1,2,1,1,1.0,2
313,Age>25,1,2,1,2,1.0,2
313,Age>25,1,2,1,3,1.0,2
313,Age>25,1,2,1,4,1.0,2
313,Age>25,1,2,1,5,1.0,2
313,Age>25,1,2,1,6,1.0,2
313,Age>25,1,2,1,7,1.0,2
313,Age>25,1,2,1,8,1.0,2
313,Age>25,1,2,1,9,1.0,2
313,Age>25,2,3,1,1,0.3333333333333333,3
313,Age>25,2,3,1,2,0.3333333333333333,3
313,Age>25,2,3,1,3,0.3333333333333333,3
313,Age>25,2,3,1,4,0.3333333333333333,3
313,Age>25,2,3,1,5,0.3333333333333333,3
313,Age>25,2,3,1,6,0.6666666666666666,3
313,Age>25,2,3,1,7,0.3333333333333333,3
313,Age>25,2,3,1,8,0.6666666666666666,3
313,Age>25,2,3,1,9,1.0,3
313,Age>25,3,5,1,1,0.4,5
313,Age>25,3,5,1,2,0.4,5
313,Age>25,3,5,1,3,0.2,5
313,Age>25,3,5,1,4,0.6,5
313,Age>25,3,5,1,5,0.6,5
313,Age>25,3,5,1,6,0.4,5
313,Age>25,3,5,1,7,0.6,5
313,Age>25,3,5,1,8,0.2,5
313,Age>25,3,5,1,9,1.0,4
313,Age>25,4,4,1,1,0.75,4
313,Age>25,4,4,1,2,0.75,4
313,Age>25,4,4,1,3,1.0,4
313,Age>25,4,4,1,4,0.75,4
313,Age>25,4,4,1,5,0.5,4
313,Age>25,4,4,1,6,0.75,4
313,Age>25,4,4,1,7,0.75,4
313,Age>25,4,4,1,8,0.75,4
313,Age>25,4,4,1,9,0.75,4
313,Age>25,5,3,2,1,0.0,3
313,Age>25,5,3,2,2,0.0,3
313,Age>25,5,3,2,3,0.3333333333333333,3
313,Age>25,5,3,2,4,0.6666666666666666,3
313,Age>25,5,3,2,5,1.0,3
313,Age>25,5,3,2,6,1.0,3
313,Age>25,5,3,2,7,0.6666666666666666,3
313,Age>25,5,3,2,8,1.0,3
313,Age>25,5,3,2,9,0.3333333333333333,3
313,Age>25,6,5,2,1,0.4,5
313,Age>25,6,5,2,2,0.6,5
313,Age>25,6,5,2,3,0.8,5
313,Age>25,6,5,2,4,1.0,5
313,Age>25,6,5,2,5,0.8,5
313,Age>25,6,5,2,6,0.8,5
313,Age>25,6,5,2,7,0.6,5
313,Age>25,6,5,2,8,0.8,5
313,Age>25,6,5,2,9,0.8,5
313,Age>25,7,2,2,1,0.0,2
313,Age>25,7,2,2,2,0.5,2
313,Age>25,7,2,2,3,0.5,2
313,Age>25,7,2,2,4,1.0,2
313,Age>25,7,2,2,5,1.0,2
313,Age>25,7,2,2,6,1.0,2
313,Age>25,7,2,2,7,1.0,2
313,Age>25,7,2,2,8,1.0,2
313,Age>25,7,2,2,9,1.0,2
313,Age>25,8,3,3,1,0.6666666666666666,3
313,Age>25,8,3,3,2,1.0,3
313,Age>25,8,3,3,3,1.0,3
313,Age>25,8,3,3,4,1.0,3
313,Age>25,8,3,3,5,0.6666666666666666,3
313,Age>25,8,3,3,6,1.0,3
313,Age>25,8,3,3,7,1.0,3
313,Age>25,8,3,3,8,1.0,3
313,Age>25,8,3,3,9,1.0,3
313,Age>25,9,5,3,1,1.0,5
313,Age>25,9,5,3,2,1.0,5
313,Age>25,9,5,3,3,1.0,5
313,Age>25,9,5,3,4,0.8,5
313,Age>25,9,5,3,5,0.6,5
313,Age>25,9,5,3,6,0.6,5
313,Age>25,9,5,3,7,0.6,5
313,Age>25,9,5,3,8,1.0,5
313,Age>25,9,5,3,9,0.8,5
313,Age>25,10,4,2,1,0.5,4
313,Age>25,10,4,2,2,0.5,4
313,Age>25,10,4,2,3,0.75,4
313,Age>25,10,4,2,4,0.5,4
313,Age>25,10,4,2,5,0.75,4
313,Age>25,10,4,2,6,0.5,4
313,Age>25,10,4,2,7,0.75,4
313,Age>25,10,4,2,8,0.75,4
313,Age>25,10,4,2,9,1.0,4
314,RPP,1,2,1,1,0.0,2
314,RPP,1,2,1,2,0.5,2
314,RPP,1,2,1,3,0.0,2
314,RPP,1,2,1,4,0.0,2
314,RPP,1,2,1,5,0.5,2
314,RPP,1,2,1,6,1.0,2
314,RPP,1,2,1,7,0.5,2
314,RPP,1,2,1,8,1.0,2
314,RPP,1,2,1,9,1.0,2
314,RPP,2,3,1,1,0.3333333333333333,3
314,RPP,2,3,1,2,0.6666666666666666,3
314,RPP,2,3,1,3,0.6666666666666666,3
314,RPP,2,3,1,4,1.0,3
314,RPP,2,3,1,5,1.0,3
314,RPP,2,3,1,6,0.6666666666666666,3
314,RPP,2,3,1,7,1.0,3
314,RPP,2,3,1,8,1.0,3
314,RPP,2,3,1,9,1.0,3
314,RPP,3,5,1,1,0.4,5
314,RPP,3,5,1,2,0.8,5
314,RPP,3,5,1,3,0.8,5
314,RPP,3,5,1,4,0.6,5
314,RPP,3,5,1,5,1.0,5
314,RPP,3,5,1,6,0.8,5
314,RPP,3,5,1,7,0.8,5
314,RPP,3,5,1,8,1.0,5
314,RPP,3,5,1,9,1.0,5
314,RPP,4,4,1,1,0.5,4
314,RPP,4,4,1,2,1.0,4
314,RPP,4,4,1,3,1.0,4
314,RPP,4,4,1,4,1.0,4
314,RPP,4,4,1,5,1.0,4
314,RPP,4,4,1,6,1.0,4
314,RPP,4,4,1,7,1.0,4
314,RPP,4,4,1,8,1.0,4
314,RPP,4,4,1,9,1.0,4
314,RPP,5,3,2,1,1.0,3
314,RPP,5,3,2,2,1.0,3
314,RPP,5,3,2,3,1.0,3
314,RPP,5,3,2,4,1.0,3
314,RPP,5,3,2,5,1.0,3
314,RPP,5,3,2,6,1.0,3
314,RPP,5,3,2,7,1.0,3
314,RPP,5,3,2,8,1.0,3
314,RPP,5,3,2,9,1.0,3
314,RPP,6,5,2,1,0.2,5
314,RPP,6,5,2,2,0.4,5
314,RPP,6,5,2,3,0.4,5
314,RPP,6,5,2,4,0.6,5
314,RPP,6,5,2,5,0.8,5
314,RPP,6,5,2,6,1.0,5
314,RPP,6,5,2,7,0.8,5
314,RPP,6,5,2,8,1.0,5
314,RPP,6,5,2,9,1.0,5
314,RPP,7,2,2,1,0.5,2
314,RPP,7,2,2,2,1.0,2
314,RPP,7,2,2,3,1.0,2
314,RPP,7,2,2,4,1.0,2
314,RPP,7,2,2,5,1.0,2
314,RPP,7,2,2,6,1.0,2
314,RPP,7,2,2,7,1.0,2
314,RPP,7,2,2,8,1.0,2
314,RPP,7,2,2,9,1.0,2
314,RPP,8,3,3,1,0.3333333333333333,3
314,RPP,8,3,3,2,1.0,3
314,RPP,8,3,3,3,1.0,3
314,RPP,8,3,3,4,1.0,3
314,RPP,8,3,3,5,1.0,3
314,RPP,8,3,3,6,1.0,3
314,RPP,8,3,3,7,1.0,3
314,RPP,8,3,3,8,1.0,3
314,RPP,8,3,3,9,1.0,3
314,RPP,9,5,3,1,0.0,5
314,RPP,9,5,3,2,0.4,5
314,RPP,9,5,3,3,0.6,5
314,RPP,9,5,3,4,1.0,5
314,RPP,9,5,3,5,0.8,5
314,RPP,9,5,3,6,0.8,5
314,RPP,9,5,3,7,1.0,5
314,RPP,9,5,3,8,1.0,5
314,RPP,9,5,3,9,1.0,5
314,RPP,10,4,2,1,0.25,4
314,RPP,10,4,2,2,0.5,4
314,RPP,10,4,2,3,0.5,4
314,RPP,10,4,2,4,1.0,4
314,RPP,10,4,2,5,1.0,4
314,RPP,10,4,2,6,1.0,4
314,RPP,10,4,2,7,1.0,4
314,RPP,10,4,2,8,1.0,4
314,RPP,10,4,2,9,1.0,4
316,RPP,1,2,1,1,0.5,2
316,RPP,1,2,1,2,1.0,2
316,RPP,1,2,1,3,1.0,2
316,RPP,1,2,1,4,1.0,2
316,RPP,1,2,1,5,1.0,2
316,RPP,1,2,1,6,1.0,2
316,RPP,1,2,1,7,1.0,2
316,RPP,1,2,1,8,1.0,2
316,RPP,1,2,1,9,1.0,2
316,RPP,2,3,1,1,0.6666666666666666,3
316,RPP,2,3,1,2,0.6666666666666666,3
316,RPP,2,3,1,3,0.6666666666666666,3
316,RPP,2,3,1,4,1.0,3
316,RPP,2,3,1,5,1.0,3
316,RPP,2,3,1,6,1.0,3
316,RPP,2,3,1,7,1.0,3
316,RPP,2,3,1,8,1.0,3
316,RPP,2,3,1,9,1.0,3
316,RPP,3,4,1,1,1.0,4
316,RPP,3,4,1,2,1.0,4
316,RPP,3,4,1,3,1.0,4
316,RPP,3,4,1,4,1.0,4
316,RPP,3,4,1,5,1.0,4
316,RPP,3,4,1,6,1.0,4
316,RPP,3,4,1,7,1.0,4
316,RPP,3,4,1,8,1.0,4
316,RPP,3,4,1,9,1.0,4
316,RPP,4,5,1,1,0.6,5
316,RPP,4,5,1,2,0.6,5
316,RPP,4,5,1,3,0.8,5
316,RPP,4,5,1,4,0.8,5
316,RPP,4,5,1,5,1.0,5
316,RPP,4,5,1,6,0.8,5
316,RPP,4,5,1,7,1.0,5
316,RPP,4,5,1,8,1.0,5
316,RPP,4,5,1,9,0.8,5
316,RPP,5,3,2,1,0.3333333333333333,3
316,RPP,5,3,2,2,1.0,3
316,RPP,5,3,2,3,1.0,3
316,RPP,5,3,2,4,1.0,3
316,RPP,5,3,2,5,1.0,3
316,RPP,5,3,2,6,1.0,3
316,RPP,5,3,2,7,1.0,3
316,RPP,5,3,2,8,1.0,3
316,RPP,5,3,2,9,1.0,3
316,RPP,6,5,2,1,0.8,5
316,RPP,6,5,2,2,1.0,5
316,RPP,6,5,2,3,1.0,5
316,RPP,6,5,2,4,1.0,5
316,RPP,6,5,2,5,1.0,5
316,RPP,6,5,2,6,1.0,5
316,RPP,6,5,2,7,1.0,5
316,RPP,6,5,2,8,1.0,5
316,RPP,6,5,2,9,0.8,5
316,RPP,7,2,2,1,0.0,2
316,RPP,7,2,2,2,0.5,2
316,RPP,7,2,2,3,1.0,2
316,RPP,7,2,2,4,1.0,2
316,RPP,7,2,2,5,1.0,2
316,RPP,7,2,2,6,1.0,2
316,RPP,7,2,2,7,1.0,2
316,RPP,7,2,2,8,1.0,2
316,RPP,7,2,2,9,1.0,2
316,RPP,8,3,3,1,0.6666666666666666,3
316,RPP,8,3,3,2,1.0,3
316,RPP,8,3,3,3,1.0,3
316,RPP,8,3,3,4,1.0,3
316,RPP,8,3,3,5,1.0,3
316,RPP,8,3,3,6,1.0,3
316,RPP,8,3,3,7,1.0,3
316,RPP,8,3,3,8,1.0,3
316,RPP,8,3,3,9,1.0,3
316,RPP,9,4,2,1,0.25,4
316,RPP,9,4,2,2,0.5,4
316,RPP,9,4,2,3,1.0,4
316,RPP,9,4,2,4,1.0,4
316,RPP,9,4,2,5,1.0,4
316,RPP,9,4,2,6,1.0,4
316,RPP,9,4,2,7,1.0,4
316,RPP,9,4,2,8,1.0,4
316,RPP,9,4,2,9,0.75,4
316,RPP,10,5,3,1,0.2,5
316,RPP,10,5,3,2,0.6,5
316,RPP,10,5,3,3,0.8,5
316,RPP,10,5,3,4,1.0,5
316,RPP,10,5,3,5,1.0,5
316,RPP,10,5,3,6,1.0,5
316,RPP,10,5,3,7,1.0,5
316,RPP,10,5,3,8,1.0,5
316,RPP,10,5,3,9,1.0,5
317,Age>25,1,2,1,1,0.0,2
317,Age>25,1,2,1,2,0.5,2
317,Age>25,1,2,1,3,1.0,2
317,Age>25,1,2,1,4,1.0,2
317,Age>25,1,2,1,5,1.0,2
317,Age>25,1,2,1,6,1.0,2
317,Age>25,1,2,1,7,0.5,2
317,Age>25,1,2,1,8,1.0,2
317,Age>25,1,2,1,9,1.0,2
317,Age>25,2,3,1,1,0.0,3
317,Age>25,2,3,1,2,0.0,3
317,Age>25,2,3,1,3,0.6666666666666666,3
317,Age>25,2,3,1,4,0.3333333333333333,3
317,Age>25,2,3,1,5,1.0,3
317,Age>25,2,3,1,6,0.6666666666666666,3
317,Age>25,2,3,1,7,1.0,3
317,Age>25,2,3,1,8,0.6666666666666666,3
317,Age>25,2,3,1,9,1.0,3
317,Age>25,3,4,1,1,0.0,4
317,Age>25,3,4,1,2,0.25,4
317,Age>25,3,4,1,3,0.5,4
317,Age>25,3,4,1,4,1.0,4
317,Age>25,3,4,1,5,1.0,4
317,Age>25,3,4,1,6,0.75,4
317,Age>25,3,4,1,7,1.0,4
317,Age>25,3,4,1,8,1.0,4
317,Age>25,3,4,1,9,1.0,4
317,Age>25,4,5,1,1,0.0,5
317,Age>25,4,5,1,2,0.6,5
317,Age>25,4,5,1,3,0.6,5
317,Age>25,4,5,1,4,0.8,5
317,Age>25,4,5,1,5,1.0,5
317,Age>25,4,5,1,6,1.0,5
317,Age>25,4,5,1,7,1.0,5
317,Age>25,4,5,1,8,1.0,5
317,Age>25,4,5,1,9,0.8,5
317,Age>25,5,3,2,1,0.6666666666666666,3
317,Age>25,5,3,2,2,1.0,3
317,Age>25,5,3,2,3,1.0,3
317,Age>25,5,3,2,4,1.0,3
317,Age>25,5,3,2,5,1.0,3
317,Age>25,5,3,2,6,1.0,3
317,Age>25,5,3,2,7,1.0,3
317,Age>25,5,3,2,8,1.0,3
317,Age>25,5,3,2,9,1.0,3
317,Age>25,6,5,2,1,0.0,5
317,Age>25,6,5,2,2,0.6,5
317,Age>25,6,5,2,3,0.6,5
317,Age>25,6,5,2,4,0.6,5
317,Age>25,6,5,2,5,0.8,5
317,Age>25,6,5,2,6,0.8,5
317,Age>25,6,5,2,7,0.8,5
317,Age>25,6,5,2,8,1.0,5
317,Age>25,6,5,2,9,1.0,5
317,Age>25,7,2,2,1,0.5,2
317,Age>25,7,2,2,2,1.0,2
317,Age>25,7,2,2,3,1.0,2
317,Age>25,7,2,2,4,1.0,2
317,Age>25,7,2,2,5,1.0,2
317,Age>25,7,2,2,6,1.0,2
317,Age>25,7,2,2,7,1.0,2
317,Age>25,7,2,2,8,1.0,2
317,Age>25,7,2,2,9,1.0,2
317,Age>25,8,3,3,1,0.0,3
317,Age>25,8,3,3,2,1.0,3
317,Age>25,8,3,3,3,0.6666666666666666,3
317,Age>25,8,3,3,4,1.0,3
317,Age>25,8,3,3,5,1.0,3
317,Age>25,8,3,3,6,1.0,3
317,Age>25,8,3,3,7,1.0,3
317,Age>25,8,3,3,8,1.0,3
317,Age>25,8,3,3,9,1.0,3
317,Age>25,9,4,2,1,0.0,4
317,Age>25,9,4,2,2,0.5,4
317,Age>25,9,4,2,3,0.5,4
317,Age>25,9,4,2,4,0.75,4
317,Age>25,9,4,2,5,0.75,4
317,Age>25,9,4,2,6,0.75,4
317,Age>25,9,4,2,7,1.0,4
317,Age>25,9,4,2,8,0.75,4
317,Age>25,9,4,2,9,1.0,4
317,Age>25,10,5,3,1,0.4,5
317,Age>25,10,5,3,2,0.6,5
317,Age>25,10,5,3,3,0.8,5
317,Age>25,10,5,3,4,0.8,5
317,Age>25,10,5,3,5,1.0,5
317,Age>25,10,5,3,6,0.8,5
317,Age>25,10,5,3,7,1.0,5
317,Age>25,10,5,3,8,1.0,5
317,Age>25,10,5,3,9,0.8,5
318,Age>25,1,2,1,1,0.5,2
318,Age>25,1,2,1,2,1.0,2
318,Age>25,1,2,1,3,1.0,2
318,Age>25,1,2,1,4,0.5,2
318,Age>25,1,2,1,5,1.0,2
318,Age>25,1,2,1,6,1.0,2
318,Age>25,1,2,1,7,1.0,2
318,Age>25,1,2,1,8,1.0,2
318,Age>25,1,2,1,9,1.0,2
318,Age>25,2,4,1,1,0.25,4
318,Age>25,2,4,1,2,0.75,4
318,Age>25,2,4,1,3,1.0,4
318,Age>25,2,4,1,4,0.75,4
318,Age>25,2,4,1,5,0.75,4
318,Age>25,2,4,1,6,0.75,4
318,Age>25,2,4,1,7,1.0,4
318,Age>25,2,4,1,8,0.5,4
318,Age>25,2,4,1,9,1.0,4
318,Age>25,3,3,1,1,0.3333333333333333,3
318,Age>25,3,3,1,2,0.3333333333333333,3
318,Age>25,3,3,1,3,0.6666666666666666,3
318,Age>25,3,3,1,4,1.0,3
318,Age>25,3,3,1,5,1.0,3
318,Age>25,3,3,1,6,1.0,3
318,Age>25,3,3,1,7,1.0,3
318,Age>25,3,3,1,8,1.0,3
318,Age>25,3,3,1,9,1.0,3
318,Age>25,4,5,1,1,0.0,5
318,Age>25,4,5,1,2,0.2,5
318,Age>25,4,5,1,3,0.4,5
318,Age>25,4,5,1,4,1.0,5
318,Age>25,4,5,1,5,0.6,5
318,Age>25,4,5,1,6,0.4,5
318,Age>25,4,5,1,7,0.4,5
318,Age>25,4,5,1,8,0.8,5
318,Age>25,4,5,1,9,0.8,5
318,Age>25,5,3,2,1,0.3333333333333333,3
318,Age>25,5,3,2,2,0.6666666666666666,3
318,Age>25,5,3,2,3,1.0,3
318,Age>25,5,3,2,4,1.0,3
318,Age>25,5,3,2,5,1.0,3
318,Age>25,5,3,2,6,1.0,3
318,Age>25,5,3,2,7,1.0,3
318,Age>25,5,3,2,8,1.0,3
318,Age>25,5,3,2,9,1.0,3
318,Age>25,6,5,2,1,0.4,5
318,Age>25,6,5,2,2,0.8,5
318,Age>25,6,5,2,3,0.8,5
318,Age>25,6,5,2,4,0.6,5
318,Age>25,6,5,2,5,0.6,5
318,Age>25,6,5,2,6,1.0,5
318,Age>25,6,5,2,7,1.0,5
318,Age>25,6,5,2,8,1.0,5
318,Age>25,6,5,2,9,0.8,5
318,Age>25,7,2,2,1,0.5,2
318,Age>25,7,2,2,2,1.0,2
318,Age>25,7,2,2,3,1.0,2
318,Age>25,7,2,2,4,0.5,2
318,Age>25,7,2,2,5,1.0,2
318,Age>25,7,2,2,6,1.0,2
318,Age>25,7,2,2,7,1.0,2
318,Age>25,7,2,2,8,1.0,2
318,Age>25,7,2,2,9,1.0,2
318,Age>25,8,4,2,1,0.25,4
318,Age>25,8,4,2,2,1.0,4
318,Age>25,8,4,2,3,0.75,4
318,Age>25,8,4,2,4,0.75,4
318,Age>25,8,4,2,5,1.0,4
318,Age>25,8,4,2,6,1.0,4
318,Age>25,8,4,2,7,1.0,4
318,Age>25,8,4,2,8,1.0,4
318,Age>25,8,4,2,9,1.0,4
318,Age>25,9,3,3,1,0.6666666666666666,3
318,Age>25,9,3,3,2,1.0,3
318,Age>25,9,3,3,3,1.0,3
318,Age>25,9,3,3,4,1.0,3
318,Age>25,9,3,3,5,1.0,3
318,Age>25,9,3,3,6,1.0,3
318,Age>25,9,3,3,7,1.0,3
318,Age>25,9,3,3,8,1.0,3
318,Age>25,9,3,3,9,1.0,3
318,Age>25,10,5,3,1,0.0,5
318,Age>25,10,5,3,2,0.0,5
318,Age>25,10,5,3,3,0.4,5
318,Age>25,10,5,3,4,0.4,5
318,Age>25,10,5,3,5,0.6,5
318,Age>25,10,5,3,6,0.4,5
318,Age>25,10,5,3,7,1.0,5
318,Age>25,10,5,3,8,0.6,5
318,Age>25,10,5,3,9,0.8,5
319,RPP,1,2,1,1,1.0,2
319,RPP,1,2,1,2,1.0,2
319,RPP,1,2,1,3,1.0,2
319,RPP,1,2,1,4,0.5,2
319,RPP,1,2,1,5,1.0,2
319,RPP,1,2,1,6,1.0,2
319,RPP,1,2,1,7,0.5,2
319,RPP,1,2,1,8,1.0,2
319,RPP,1,2,1,9,1.0,2
319,RPP,2,3,1,1,0.0,3
319,RPP,2,3,1,2,0.6666666666666666,3
319,RPP,2,3,1,3,0.6666666666666666,3
319,RPP,2,3,1,4,0.6666666666666666,3
319,RPP,2,3,1,5,1.0,3
319,RPP,2,3,1,6,1.0,3
319,RPP,2,3,1,7,1.0,3
319,RPP,2,3,1,8,1.0,3
319,RPP,2,3,1,9,1.0,3
319,RPP,3,4,1,1,0.25,4
319,RPP,3,4,1,2,0.75,4
319,RPP,3,4,1,3,0.25,4
319,RPP,3,4,1,4,0.75,4
319,RPP,3,4,1,5,0.75,4
319,RPP,3,4,1,6,1.0,4
319,RPP,3,4,1,7,1.0,4
319,RPP,3,4,1,8,1.0,4
319,RPP,3,4,1,9,0.75,4
319,RPP,4,5,1,1,0.4,5
319,RPP,4,5,1,2,0.6,5
319,RPP,4,5,1,3,0.8,5
319,RPP,4,5,1,4,0.4,5
319,RPP,4,5,1,5,0.4,5
319,RPP,4,5,1,6,0.8,5
319,RPP,4,5,1,7,0.8,5
319,RPP,4,5,1,8,0.8,5
319,RPP,4,5,1,9,0.6,5
319,RPP,5,3,2,1,0.3333333333333333,3
319,RPP,5,3,2,2,0.6666666666666666,3
319,RPP,5,3,2,3,1.0,3
319,RPP,5,3,2,4,1.0,3
319,RPP,5,3,2,5,1.0,3
319,RPP,5,3,2,6,1.0,3
319,RPP,5,3,2,7,1.0,3
319,RPP,5,3,2,8,1.0,3
319,RPP,5,3,2,9,1.0,3
319,RPP,6,5,2,1,0.2,5
319,RPP,6,5,2,2,0.8,5
319,RPP,6,5,2,3,1.0,5
319,RPP,6,5,2,4,1.0,5
319,RPP,6,5,2,5,1.0,5
319,RPP,6,5,2,6,1.0,5
319,RPP,6,5,2,7,1.0,5
319,RPP,6,5,2,8,1.0,5
319,RPP,6,5,2,9,1.0,5
319,RPP,7,2,2,1,0.5,2
319,RPP,7,2,2,2,1.0,2
319,RPP,7,2,2,3,1.0,2
319,RPP,7,2,2,4,1.0,2
319,RPP,7,2,2,5,1.0,2
319,RPP,7,2,2,6,1.0,2
319,RPP,7,2,2,7,1.0,2
319,RPP,7,2,2,8,1.0,2
319,RPP,7,2,2,9,1.0,2
319,RPP,8,3,3,1,0.3333333333333333,3
319,RPP,8,3,3,2,0.3333333333333333,3
319,RPP,8,3,3,3,1.0,3
319,RPP,8,3,3,4,1.0,3
319,RPP,8,3,3,5,1.0,3
319,RPP,8,3,3,6,0.6666666666666666,3
319,RPP,8,3,3,7,1.0,3
319,RPP,8,3,3,8,1.0,3
319,RPP,8,3,3,9,1.0,3
319,RPP,9,4,2,1,0.5,4
319,RPP,9,4,2,2,0.75,4
319,RPP,9,4,2,3,0.5,4
319,RPP,9,4,2,4,0.25,4
319,RPP,9,4,2,5,0.5,4
319,RPP,9,4,2,6,1.0,4
319,RPP,9,4,2,7,1.0,4
319,RPP,9,4,2,8,1.0,4
319,RPP,9,4,2,9,1.0,4
319,RPP,10,5,3,1,0.4,5
319,RPP,10,5,3,2,0.6,5
319,RPP,10,5,3,3,0.8,5
319,RPP,10,5,3,4,1.0,5
319,RPP,10,5,3,5,1.0,5
319,RPP,10,5,3,6,1.0,5
319,RPP,10,5,3,7,1.0,5
319,RPP,10,5,3,8,1.0,5
319,RPP,10,5,3,9,1.0,5
320,Age>25,1,2,1,1,1.0,2
320,Age>25,1,2,1,2,1.0,2
320,Age>25,1,2,1,3,1.0,2
320,Age>25,1,2,1,4,1.0,2
320,Age>25,1,2,1,5,1.0,2
320,Age>25,1,2,1,6,1.0,2
320,Age>25,1,2,1,7,1.0,2
320,Age>25,1,2,1,8,1.0,2
320,Age>25,1,2,1,9,1.0,2
320,Age>25,2,3,1,1,0.6666666666666666,3
320,Age>25,2,3,1,2,0.6666666666666666,3
320,Age>25,2,3,1,3,0.6666666666666666,3
320,Age>25,2,3,1,4,0.6666666666666666,3
320,Age>25,2,3,1,5,1.0,3
320,Age>25,2,3,1,6,1.0,3
320,Age>25,2,3,1,7,1.0,3
320,Age>25,2,3,1,8,1.0,3
320,Age>25,2,3,1,9,1.0,3
320,Age>25,3,4,1,1,0.0,4
320,Age>25,3,4,1,2,0.5,4
320,Age>25,3,4,1,3,1.0,4
320,Age>25,3,4,1,4,1.0,4
320,Age>25,3,4,1,5,1.0,4
320,Age>25,3,4,1,6,1.0,4
320,Age>25,3,4,1,7,1.0,4
320,Age>25,3,4,1,8,1.0,4
320,Age>25,3,4,1,9,1.0,4
320,Age>25,4,5,1,1,0.4,5
320,Age>25,4,5,1,2,0.6,5
320,Age>25,4,5,1,3,0.6,5
320,Age>25,4,5,1,4,0.8,5
320,Age>25,4,5,1,5,1.0,5
320,Age>25,4,5,1,6,1.0,5
320,Age>25,4,5,1,7,1.0,5
320,Age>25,4,5,1,8,1.0,5
320,Age>25,4,5,1,9,1.0,5
320,Age>25,5,3,2,1,0.3333333333333333,3
320,Age>25,5,3,2,2,0.6666666666666666,3
320,Age>25,5,3,2,3,1.0,3
320,Age>25,5,3,2,4,1.0,3
320,Age>25,5,3,2,5,1.0,3
320,Age>25,5,3,2,6,1.0,3
320,Age>25,5,3,2,7,1.0,3
320,Age>25,5,3,2,8,1.0,3
320,Age>25,5,3,2,9,1.0,3
320,Age>25,6,5,2,1,0.2,5
320,Age>25,6,5,2,2,0.6,5
320,Age>25,6,5,2,3,1.0,5
320,Age>25,6,5,2,4,1.0,5
320,Age>25,6,5,2,5,0.8,5
320,Age>25,6,5,2,6,1.0,5
320,Age>25,6,5,2,7,0.8,5
320,Age>25,6,5,2,8,1.0,5
320,Age>25,6,5,2,9,1.0,5
320,Age>25,7,2,2,1,0.5,2
320,Age>25,7,2,2,2,0.5,2
320,Age>25,7,2,2,3,1.0,2
320,Age>25,7,2,2,4,1.0,2
320,Age>25,7,2,2,5,1.0,2
320,Age>25,7,2,2,6,1.0,2
320,Age>25,7,2,2,7,1.0,2
320,Age>25,7,2,2,8,1.0,2
320,Age>25,7,2,2,9,1.0,2
320,Age>25,8,3,3,1,0.3333333333333333,3
320,Age>25,8,3,3,2,1.0,3
320,Age>25,8,3,3,3,1.0,3
320,Age>25,8,3,3,4,1.0,3
320,Age>25,8,3,3,5,1.0,3
320,Age>25,8,3,3,6,1.0,3
320,Age>25,8,3,3,7,1.0,3
320,Age>25,8,3,3,8,1.0,3
320,Age>25,8,3,3,9,1.0,3
320,Age>25,9,4,2,1,0.25,4
320,Age>25,9,4,2,2,0.5,4
320,Age>25,9,4,2,3,1.0,4
320,Age>25,9,4,2,4,1.0,4
320,Age>25,9,4,2,5,1.0,4
320,Age>25,9,4,2,6,1.0,4
320,Age>25,9,4,2,7,1.0,4
320,Age>25,9,4,2,8,1.0,4
320,Age>25,9,4,2,9,1.0,4
320,Age>25,10,5,3,1,0.4,5
320,Age>25,10,5,3,2,0.8,5
320,Age>25,10,5,3,3,1.0,5
320,Age>25,10,5,3,4,1.0,5
320,Age>25,10,5,3,5,1.0,5
320,Age>25,10,5,3,6,1.0,5
320,Age>25,10,5,3,7,1.0,5
320,Age>25,10,5,3,8,1.0,5
320,Age>25,10,5,3,9,1.0,5
321,Age>25,1,2,1,1,0.0,2
321,Age>25,1,2,1,2,0.0,2
321,Age>25,1,2,1,3,1.0,2
321,Age>25,1,2,1,4,1.0,2
321,Age>25,1,2,1,5,1.0,2
321,Age>25,1,2,1,6,1.0,2
321,Age>25,1,2,1,7,1.0,2
321,Age>25,1,2,1,8,1.0,2
321,Age>25,1,2,1,9,1.0,2
321,Age>25,2,3,1,1,0.6666666666666666,3
321,Age>25,2,3,1,2,0.6666666666666666,3
321,Age>25,2,3,1,3,0.6666666666666666,3
321,Age>25,2,3,1,4,0.6666666666666666,3
321,Age>25,2,3,1,5,0.6666666666666666,3
321,Age>25,2,3,1,6,1.0,3
321,Age>25,2,3,1,7,1.0,3
321,Age>25,2,3,1,8,0.6666666666666666,3
321,Age>25,2,3,1,9,1.0,3
321,Age>25,3,4,1,1,0.25,4
321,Age>25,3,4,1,2,0.5,4
321,Age>25,3,4,1,3,1.0,4
321,Age>25,3,4,1,4,1.0,4
321,Age>25,3,4,1,5,0.5,4
321,Age>25,3,4,1,6,1.0,4
321,Age>25,3,4,1,7,1.0,4
321,Age>25,3,4,1,8,1.0,4
321,Age>25,3,4,1,9,0.75,4
321,Age>25,4,5,1,1,0.4,5
321,Age>25,4,5,1,2,0.6,5
321,Age>25,4,5,1,3,0.6,5
321,Age>25,4,5,1,4,0.8,5
321,Age>25,4,5,1,5,0.6,5
321,Age>25,4,5,1,6,0.2,5
321,Age>25,4,5,1,7,0.5,4
321,Age>25,4,5,1,8,0.2,5
321,Age>25,4,5,1,9,0.4,5
321,Age>25,5,3,2,1,1.0,3
321,Age>25,5,3,2,2,1.0,3
321,Age>25,5,3,2,3,0.6666666666666666,3
321,Age>25,5,3,2,4,0.6666666666666666,3
321,Age>25,5,3,2,5,1.0,3
321,Age>25,5,3,2,6,0.6666666666666666,3
321,Age>25,5,3,2,7,0.6666666666666666,3
321,Age>25,5,3,2,8,0.6666666666666666,3
321,Age>25,5,3,2,9,1.0,3
321,Age>25,6,5,2,1,0.2,5
321,Age>25,6,5,2,2,0.4,5
321,Age>25,6,5,2,3,0.4,5
321,Age>25,6,5,2,4,0.6,5
321,Age>25,6,5,2,5,0.6,5
321,Age>25,6,5,2,6,0.4,5
321,Age>25,6,5,2,7,0.6,5
321,Age>25,6,5,2,8,0.4,5
321,Age>25,6,5,2,9,0.8,5
321,Age>25,7,2,2,1,0.0,2
321,Age>25,7,2,2,2,0.0,2
321,Age>25,7,2,2,3,0.5,2
321,Age>25,7,2,2,4,1.0,2
321,Age>25,7,2,2,5,1.0,2
321,Age>25,7,2,2,6,0.5,2
321,Age>25,7,2,2,7,1.0,2
321,Age>25,7,2,2,8,1.0,2
321,Age>25,7,2,2,9,1.0,2
321,Age>25,8,3,3,1,0.3333333333333333,3
321,Age>25,8,3,3,2,1.0,3
321,Age>25,8,3,3,3,1.0,3
321,Age>25,8,3,3,4,1.0,3
321,Age>25,8,3,3,5,0.3333333333333333,3
321,Age>25,8,3,3,6,1.0,3
321,Age>25,8,3,3,7,1.0,3
321,Age>25,8,3,3,8,1.0,3
321,Age>25,8,3,3,9,1.0,3
321,Age>25,9,4,2,1,0.25,4
321,Age>25,9,4,2,2,0.5,4
321,Age>25,9,4,2,3,0.6666666666666666,3
321,Age>25,9,4,2,4,0.5,4
321,Age>25,9,4,2,5,0.5,4
321,Age>25,9,4,2,6,0.25,4
321,Age>25,9,4,2,7,0.0,4
321,Age>25,9,4,2,8,0.5,4
321,Age>25,9,4,2,9,0.5,4
321,Age>25,10,5,3,1,0.2,5
321,Age>25,10,5,3,2,0.4,5
321,Age>25,10,5,3,3,0.6,5
321,Age>25,10,5,3,4,0.8,5
321,Age>25,10,5,3,5,0.8,5
321,Age>25,10,5,3,6,1.0,5
321,Age>25,10,5,3,7,0.6,5
321,Age>25,10,5,3,8,1.0,5
321,Age>25,10,5,3,9,0.8,5
322,RPP,1,2,1,1,0.0,2
322,RPP,1,2,1,2,0.5,2
322,RPP,1,2,1,3,0.5,2
322,RPP,1,2,1,4,1.0,2
322,RPP,1,2,1,5,1.0,2
322,RPP,1,2,1,6,1.0,2
322,RPP,1,2,1,7,1.0,2
322,RPP,1,2,1,8,1.0,2
322,RPP,1,2,1,9,1.0,2
322,RPP,2,3,1,1,0.6666666666666666,3
322,RPP,2,3,1,2,0.0,3
322,RPP,2,3,1,3,0.3333333333333333,3
322,RPP,2,3,1,4,0.3333333333333333,3
322,RPP,2,3,1,5,0.6666666666666666,3
322,RPP,2,3,1,6,1.0,3
322,RPP,2,3,1,7,0.6666666666666666,3
322,RPP,2,3,1,8,1.0,3
322,RPP,2,3,1,9,0.6666666666666666,3
322,RPP,3,5,1,1,0.2,5
322,RPP,3,5,1,2,0.4,5
322,RPP,3,5,1,3,0.8,5
322,RPP,3,5,1,4,0.8,5
322,RPP,3,5,1,5,0.6,5
322,RPP,3,5,1,6,0.6,5
322,RPP,3,5,1,7,0.4,5
322,RPP,3,5,1,8,0.8,5
322,RPP,3,5,1,9,1.0,5
322,RPP,4,4,1,1,0.25,4
322,RPP,4,4,1,2,0.75,4
322,RPP,4,4,1,3,0.25,4
322,RPP,4,4,1,4,0.75,4
322,RPP,4,4,1,5,0.75,4
322,RPP,4,4,1,6,0.75,4
322,RPP,4,4,1,7,1.0,4
322,RPP,4,4,1,8,1.0,4
322,RPP,4,4,1,9,1.0,4
322,RPP,5,3,2,1,0.3333333333333333,3
322,RPP,5,3,2,2,1.0,3
322,RPP,5,3,2,3,1.0,3
322,RPP,5,3,2,4,1.0,3
322,RPP,5,3,2,5,0.6666666666666666,3
322,RPP,5,3,2,6,1.0,3
322,RPP,5,3,2,7,1.0,3
322,RPP,5,3,2,8,1.0,3
322,RPP,5,3,2,9,1.0,3
322,RPP,6,5,2,1,0.4,5
322,RPP,6,5,2,2,0.0,5
322,RPP,6,5,2,3,0.2,5
322,RPP,6,5,2,4,0.4,5
322,RPP,6,5,2,5,0.6,5
322,RPP,6,5,2,6,0.4,5
322,RPP,6,5,2,7,0.6,5
322,RPP,6,5,2,8,1.0,5
322,RPP,6,5,2,9,0.8,5
322,RPP,7,2,2,1,1.0,2
322,RPP,7,2,2,2,1.0,2
322,RPP,7,2,2,3,1.0,2
322,RPP,7,2,2,4,1.0,2
322,RPP,7,2,2,5,0.5,2
322,RPP,7,2,2,6,1.0,2
322,RPP,7,2,2,7,1.0,2
322,RPP,7,2,2,8,1.0,2
322,RPP,7,2,2,9,1.0,2
322,RPP,8,3,3,1,0.3333333333333333,3
322,RPP,8,3,3,2,1.0,3
322,RPP,8,3,3,3,1.0,3
322,RPP,8,3,3,4,1.0,3
322,RPP,8,3,3,5,0.6666666666666666,3
322,RPP,8,3,3,6,1.0,3
322,RPP,8,3,3,7,1.0,3
322,RPP,8,3,3,8,1.0,3
322,RPP,8,3,3,9,1.0,3
322,RPP,9,5,3,1,0.2,5
322,RPP,9,5,3,2,0.6,5
322,RPP,9,5,3,3,0.6,5
322,RPP,9,5,3,4,0.4,5
322,RPP,9,5,3,5,0.6,5
322,RPP,9,5,3,6,0.4,5
322,RPP,9,5,3,7,1.0,5
322,RPP,9,5,3,8,0.6,5
322,RPP,9,5,3,9,0.8,5
322,RPP,10,4,2,1,0.75,4
322,RPP,10,4,2,2,0.75,4
322,RPP,10,4,2,3,0.75,4
322,RPP,10,4,2,4,1.0,4
322,RPP,10,4,2,5,0.75,4
322,RPP,10,4,2,6,1.0,4
322,RPP,10,4,2,7,0.75,4
322,RPP,10,4,2,8,1.0,4
322,RPP,10,4,2,9,0.75,4
323,RPP,1,2,1,1,0.0,2
323,RPP,1,2,1,2,0.0,2
323,RPP,1,2,1,3,0.0,2
323,RPP,1,2,1,4,0.5,2
323,RPP,1,2,1,5,1.0,2
323,RPP,1,2,1,6,1.0,2
323,RPP,1,2,1,7,1.0,2
323,RPP,1,2,1,8,1.0,2
323,RPP,1,2,1,9,1.0,2
323,RPP,2,3,1,1,0.3333333333333333,3
323,RPP,2,3,1,2,0.3333333333333333,3
323,RPP,2,3,1,3,0.6666666666666666,3
323,RPP,2,3,1,4,0.6666666666666666,3
323,RPP,2,3,1,5,0.6666666666666666,3
323,RPP,2,3,1,6,1.0,3
323,RPP,2,3,1,7,1.0,3
323,RPP,2,3,1,8,1.0,3
323,RPP,2,3,1,9,1.0,3
323,RPP,3,5,1,1,0.4,5
323,RPP,3,5,1,2,0.4,5
323,RPP,3,5,1,3,0.8,5
323,RPP,3,5,1,4,0.4,5
323,RPP,3,5,1,5,0.6,5
323,RPP,3,5,1,6,0.6,5
323,RPP,3,5,1,7,0.6,5
323,RPP,3,5,1,8,0.8,5
323,RPP,3,5,1,9,1.0,5
323,RPP,4,4,1,1,0.25,4
323,RPP,4,4,1,2,0.5,4
323,RPP,4,4,1,3,0.75,4
323,RPP,4,4,1,4,0.75,4
323,RPP,4,4,1,5,0.75,4
323,RPP,4,4,1,6,1.0,4
323,RPP,4,4,1,7,0.75,4
323,RPP,4,4,1,8,1.0,4
323,RPP,4,4,1,9,1.0,4
323,RPP,5,3,2,1,1.0,3
323,RPP,5,3,2,2,1.0,3
323,RPP,5,3,2,3,0.6666666666666666,3
323,RPP,5,3,2,4,1.0,3
323,RPP,5,3,2,5,1.0,3
323,RPP,5,3,2,6,1.0,3
323,RPP,5,3,2,7,1.0,3
323,RPP,5,3,2,8,1.0,3
323,RPP,5,3,2,9,1.0,3
323,RPP,6,5,2,1,0.0,5
323,RPP,6,5,2,2,0.2,5
323,RPP,6,5,2,3,0.4,5
323,RPP,6,5,2,4,0.4,5
323,RPP,6,5,2,5,0.8,5
323,RPP,6,5,2,6,0.8,5
323,RPP,6,5,2,7,0.8,5
323,RPP,6,5,2,8,0.8,5
323,RPP,6,5,2,9,0.6,5
323,RPP,7,2,2,1,0.0,2
323,RPP,7,2,2,2,0.5,2
323,RPP,7,2,2,3,1.0,2
323,RPP,7,2,2,4,1.0,2
323,RPP,7,2,2,5,0.5,2
323,RPP,7,2,2,6,0.5,2
323,RPP,7,2,2,7,0.5,2
323,RPP,7,2,2,8,1.0,2
323,RPP,7,2,2,9,1.0,2
323,RPP,8,3,3,1,0.6666666666666666,3
323,RPP,8,3,3,2,1.0,3
323,RPP,8,3,3,3,1.0,3
323,RPP,8,3,3,4,1.0,3
323,RPP,8,3,3,5,0.6666666666666666,3
323,RPP,8,3,3,6,1.0,3
323,RPP,8,3,3,7,0.6666666666666666,3
323,RPP,8,3,3,8,1.0,3
323,RPP,8,3,3,9,1.0,3
323,RPP,9,5,3,1,0.8,5
323,RPP,9,5,3,2,0.8,5
323,RPP,9,5,3,3,0.8,5
323,RPP,9,5,3,4,0.8,5
323,RPP,9,5,3,5,0.8,5
323,RPP,9,5,3,6,0.6,5
323,RPP,9,5,3,7,0.4,5
323,RPP,9,5,3,8,0.4,5
323,RPP,9,5,3,9,0.2,5
323,RPP,10,4,2,1,0.75,4
323,RPP,10,4,2,2,0.5,4
323,RPP,10,4,2,3,0.75,4
323,RPP,10,4,2,4,0.75,4
323,RPP,10,4,2,5,0.75,4
323,RPP,10,4,2,6,0.75,4
323,RPP,10,4,2,7,1.0,4
323,RPP,10,4,2,8,1.0,4
323,RPP,10,4,2,9,1.0,4
325,RPP,1,2,1,1,1.0,2
325,RPP,1,2,1,2,1.0,2
325,RPP,1,2,1,3,0.5,2
325,RPP,1,2,1,4,1.0,2
325,RPP,1,2,1,5,0.5,2
325,RPP,1,2,1,6,1.0,2
325,RPP,1,2,1,7,1.0,2
325,RPP,1,2,1,8,1.0,2
325,RPP,1,2,1,9,1.0,2
325,RPP,2,3,1,1,0.3333333333333333,3
325,RPP,2,3,1,2,0.6666666666666666,3
325,RPP,2,3,1,3,0.6666666666666666,3
325,RPP,2,3,1,4,0.6666666666666666,3
325,RPP,2,3,1,5,1.0,3
325,RPP,2,3,1,6,1.0,3
325,RPP,2,3,1,7,1.0,3
325,RPP,2,3,1,8,1.0,3
325,RPP,2,3,1,9,1.0,3
325,RPP,3,4,1,1,0.5,4
325,RPP,3,4,1,2,1.0,4
325,RPP,3,4,1,3,1.0,4
325,RPP,3,4,1,4,1.0,4
325,RPP,3,4,1,5,1.0,4
325,RPP,3,4,1,6,1.0,4
325,RPP,3,4,1,7,1.0,4
325,RPP,3,4,1,8,1.0,4
325,RPP,3,4,1,9,1.0,4
325,RPP,4,5,1,1,0.4,5
325,RPP,4,5,1,2,0.6,5
325,RPP,4,5,1,3,0.8,5
325,RPP,4,5,1,4,0.8,5
325,RPP,4,5,1,5,1.0,5
325,RPP,4,5,1,6,1.0,5
325,RPP,4,5,1,7,0.6,5
325,RPP,4,5,1,8,0.8,5
325,RPP,4,5,1,9,1.0,5
325,RPP,5,3,2,1,0.3333333333333333,3
325,RPP,5,3,2,2,0.6666666666666666,3
325,RPP,5,3,2,3,1.0,3
325,RPP,5,3,2,4,0.6666666666666666,3
325,RPP,5,3,2,5,1.0,3
325,RPP,5,3,2,6,1.0,3
325,RPP,5,3,2,7,1.0,3
325,RPP,5,3,2,8,1.0,3
325,RPP,5,3,2,9,1.0,3
325,RPP,6,5,2,1,0.0,5
325,RPP,6,5,2,2,0.2,5
325,RPP,6,5,2,3,0.6,5
325,RPP,6,5,2,4,0.8,5
325,RPP,6,5,2,5,0.6,5
325,RPP,6,5,2,6,1.0,5
325,RPP,6,5,2,7,1.0,5
325,RPP,6,5,2,8,1.0,5
325,RPP,6,5,2,9,1.0,5
325,RPP,7,2,2,1,0.5,2
325,RPP,7,2,2,2,1.0,2
325,RPP,7,2,2,3,1.0,2
325,RPP,7,2,2,4,1.0,2
325,RPP,7,2,2,5,1.0,2
325,RPP,7,2,2,6,1.0,2
325,RPP,7,2,2,7,1.0,2
325,RPP,7,2,2,8,1.0,2
325,RPP,7,2,2,9,1.0,2
325,RPP,8,3,3,1,0.6666666666666666,3
325,RPP,8,3,3,2,1.0,3
325,RPP,8,3,3,3,1.0,3
325,RPP,8,3,3,4,1.0,3
325,RPP,8,3,3,5,1.0,3
325,RPP,8,3,3,6,1.0,3
325,RPP,8,3,3,7,1.0,3
325,RPP,8,3,3,8,1.0,3
325,RPP,8,3,3,9,0.6666666666666666,3
325,RPP,9,4,2,1,0.25,4
325,RPP,9,4,2,2,0.5,4
325,RPP,9,4,2,3,0.5,4
325,RPP,9,4,2,4,0.75,4
325,RPP,9,4,2,5,1.0,4
325,RPP,9,4,2,6,0.75,4
325,RPP,9,4,2,7,1.0,4
325,RPP,9,4,2,8,1.0,4
325,RPP,9,4,2,9,1.0,4
325,RPP,10,5,3,1,0.4,5
325,RPP,10,5,3,2,1.0,5
325,RPP,10,5,3,3,0.8,5
325,RPP,10,5,3,4,0.8,5
325,RPP,10,5,3,5,1.0,5
325,RPP,10,5,3,6,0.8,5
325,RPP,10,5,3,7,1.0,5
325,RPP,10,5,3,8,1.0,5
325,RPP,10,5,3,9,1.0,5
326,Age>25,1,2,1,1,0.0,2
326,Age>25,1,2,1,2,0.5,2
326,Age>25,1,2,1,3,0.5,2
326,Age>25,1,2,1,4,1.0,2
326,Age>25,1,2,1,5,1.0,2
326,Age>25,1,2,1,6,1.0,2
326,Age>25,1,2,1,7,0.5,2
326,Age>25,1,2,1,8,1.0,2
326,Age>25,1,2,1,9,1.0,2
326,Age>25,2,3,1,1,0.0,3
326,Age>25,2,3,1,2,0.0,3
326,Age>25,2,3,1,3,0.6666666666666666,3
326,Age>25,2,3,1,4,0.6666666666666666,3
326,Age>25,2,3,1,5,1.0,3
326,Age>25,2,3,1,6,1.0,3
326,Age>25,2,3,1,7,1.0,3
326,Age>25,2,3,1,8,1.0,3
326,Age>25,2,3,1,9,0.6666666666666666,3
326,Age>25,3,4,1,1,0.25,4
326,Age>25,3,4,1,2,0.5,4
326,Age>25,3,4,1,3,0.75,4
326,Age>25,3,4,1,4,1.0,4
326,Age>25,3,4,1,5,1.0,4
326,Age>25,3,4,1,6,1.0,4
326,Age>25,3,4,1,7,1.0,4
326,Age>25,3,4,1,8,0.75,4
326,Age>25,3,4,1,9,1.0,4
326,Age>25,4,5,1,1,0.2,5
326,Age>25,4,5,1,2,0.8,5
326,Age>25,4,5,1,3,0.2,5
326,Age>25,4,5,1,4,0.2,5
326,Age>25,4,5,1,5,0.6,5
326,Age>25,4,5,1,6,0.6,5
326,Age>25,4,5,1,7,0.6,5
326,Age>25,4,5,1,8,0.6,5
326,Age>25,4,5,1,9,1.0,5
326,Age>25,5,3,2,1,0.3333333333333333,3
326,Age>25,5,3,2,2,0.6666666666666666,3
326,Age>25,5,3,2,3,1.0,3
326,Age>25,5,3,2,4,1.0,3
326,Age>25,5,3,2,5,1.0,3
326,Age>25,5,3,2,6,1.0,3
326,Age>25,5,3,2,7,1.0,3
326,Age>25,5,3,2,8,1.0,3
326,Age>25,5,3,2,9,1.0,3
326,Age>25,6,5,2,1,0.4,5
326,Age>25,6,5,2,2,0.8,5
326,Age>25,6,5,2,3,1.0,5
326,Age>25,6,5,2,4,0.8,5
326,Age>25,6,5,2,5,0.6,5
326,Age>25,6,5,2,6,0.8,5
326,Age>25,6,5,2,7,1.0,5
326,Age>25,6,5,2,8,1.0,5
326,Age>25,6,5,2,9,0.8,5
326,Age>25,7,2,2,1,0.0,2
326,Age>25,7,2,2,2,1.0,2
326,Age>25,7,2,2,3,1.0,2
326,Age>25,7,2,2,4,1.0,2
326,Age>25,7,2,2,5,1.0,2
326,Age>25,7,2,2,6,1.0,2
326,Age>25,7,2,2,7,1.0,2
326,Age>25,7,2,2,8,1.0,2
326,Age>25,7,2,2,9,1.0,2
326,Age>25,8,3,3,1,0.3333333333333333,3
326,Age>25,8,3,3,2,1.0,3
326,Age>25,8,3,3,3,1.0,3
326,Age>25,8,3,3,4,1.0,3
326,Age>25,8,3,3,5,1.0,3
326,Age>25,8,3,3,6,1.0,3
326,Age>25,8,3,3,7,1.0,3
326,Age>25,8,3,3,8,1.0,3
326,Age>25,8,3,3,9,1.0,3
326,Age>25,9,4,2,1,0.25,4
326,Age>25,9,4,2,2,0.5,4
326,Age>25,9,4,2,3,0.5,4
326,Age>25,9,4,2,4,0.5,4
326,Age>25,9,4,2,5,0.75,4
326,Age>25,9,4,2,6,0.75,4
326,Age>25,9,4,2,7,1.0,4
326,Age>25,9,4,2,8,1.0,4
326,Age>25,9,4,2,9,1.0,4
326,Age>25,10,5,3,1,0.6,5
326,Age>25,10,5,3,2,0.4,5
326,Age>25,10,5,3,3,0.6,5
326,Age>25,10,5,3,4,1.0,5
326,Age>25,10,5,3,5,1.0,5
326,Age>25,10,5,3,6,1.0,5
326,Age>25,10,5,3,7,1.0,5
326,Age>25,10,5,3,8,1.0,5
326,Age>25,10,5,3,9,1.0,5
328,RPP,1,2,1,1,0.5,2
328,RPP,1,2,1,2,1.0,2
328,RPP,1,2,1,3,1.0,2
328,RPP,1,2,1,4,1.0,2
328,RPP,1,2,1,5,1.0,2
328,RPP,1,2,1,6,1.0,2
328,RPP,1,2,1,7,1.0,2
328,RPP,1,2,1,8,1.0,2
328,RPP,1,2,1,9,1.0,2
328,RPP,2,4,1,1,0.0,4
328,RPP,2,4,1,2,0.5,4
328,RPP,2,4,1,3,1.0,4
328,RPP,2,4,1,4,1.0,4
328,RPP,2,4,1,5,1.0,4
328,RPP,2,4,1,6,1.0,4
328,RPP,2,4,1,7,1.0,4
328,RPP,2,4,1,8,1.0,4
328,RPP,2,4,1,9,1.0,4
328,RPP,3,3,1,1,0.0,3
328,RPP,3,3,1,2,0.3333333333333333,3
328,RPP,3,3,1,3,1.0,3
328,RPP,3,3,1,4,1.0,3
328,RPP,3,3,1,5,1.0,3
328,RPP,3,3,1,6,1.0,3
328,RPP,3,3,1,7,1.0,3
328,RPP,3,3,1,8,1.0,3
328,RPP,3,3,1,9,1.0,3
328,RPP,4,5,1,1,0.4,5
328,RPP,4,5,1,2,0.8,5
328,RPP,4,5,1,3,1.0,5
328,RPP,4,5,1,4,1.0,5
328,RPP,4,5,1,5,1.0,5
328,RPP,4,5,1,6,1.0,5
328,RPP,4,5,1,7,1.0,5
328,RPP,4,5,1,8,1.0,5
328,RPP,4,5,1,9,1.0,5
328,RPP,5,3,2,1,0.3333333333333333,3
328,RPP,5,3,2,2,0.6666666666666666,3
328,RPP,5,3,2,3,1.0,3
328,RPP,5,3,2,4,1.0,3
328,RPP,5,3,2,5,1.0,3
328,RPP,5,3,2,6,1.0,3
328,RPP,5,3,2,7,1.0,3
328,RPP,5,3,2,8,1.0,3
328,RPP,5,3,2,9,1.0,3
328,RPP,6,5,2,1,0.2,5
328,RPP,6,5,2,2,0.6,5
328,RPP,6,5,2,3,0.8,5
328,RPP,6,5,2,4,1.0,5
328,RPP,6,5,2,5,1.0,5
328,RPP,6,5,2,6,1.0,5
328,RPP,6,5,2,7,1.0,5
328,RPP,6,5,2,8,1.0,5
328,RPP,6,5,2,9,1.0,5
328,RPP,7,2,2,1,0.0,2
328,RPP,7,2,2,2,0.5,2
328,RPP,7,2,2,3,1.0,2
328,RPP,7,2,2,4,1.0,2
328,RPP,7,2,2,5,1.0,2
328,RPP,7,2,2,6,1.0,2
328,RPP,7,2,2,7,1.0,2
328,RPP,7,2,2,8,1.0,2
328,RPP,7,2,2,9,1.0,2
328,RPP,8,4,2,1,0.25,4
328,RPP,8,4,2,2,0.75,4
328,RPP,8,4,2,3,1.0,4
328,RPP,8,4,2,4,1.0,4
328,RPP,8,4,2,5,1.0,4
328,RPP,8,4,2,6,1.0,4
328,RPP,8,4,2,7,1.0,4
328,RPP,8,4,2,8,1.0,4
328,RPP,8,4,2,9,1.0,4
328,RPP,9,3,3,1,1.0,3
328,RPP,9,3,3,2,1.0,3
328,RPP,9,3,3,3,1.0,3
328,RPP,9,3,3,4,1.0,3
328,RPP,9,3,3,5,1.0,3
328,RPP,9,3,3,6,1.0,3
328,RPP,9,3,3,7,1.0,3
328,RPP,9,3,3,8,1.0,3
328,RPP,9,3,3,9,1.0,3
328,RPP,10,5,3,1,0.4,5
328,RPP,10,5,3,2,0.6,5
328,RPP,10,5,3,3,1.0,5
328,RPP,10,5,3,4,1.0,5
328,RPP,10,5,3,5,1.0,5
328,RPP,10,5,3,6,1.0,5
328,RPP,10,5,3,7,1.0,5
328,RPP,10,5,3,8,1.0,5
328,RPP,10,5,3,9,1.0,5
329,Age>25,1,2,1,1,1.0,2
329,Age>25,1,2,1,2,1.0,2
329,Age>25,1,2,1,3,1.0,2
329,Age>25,1,2,1,4,1.0,2
329,Age>25,1,2,1,5,1.0,2
329,Age>25,1,2,1,6,1.0,2
329,Age>25,1,2,1,7,1.0,2
329,Age>25,1,2,1,8,1.0,2
329,Age>25,1,2,1,9,1.0,2
329,Age>25,2,3,1,1,0.0,3
329,Age>25,2,3,1,2,0.3333333333333333,3
329,Age>25,2,3,1,3,0.3333333333333333,3
329,Age>25,2,3,1,4,0.0,3
329,Age>25,2,3,1,5,0.3333333333333333,3
329,Age>25,2,3,1,6,0.6666666666666666,3
329,Age>25,2,3,1,7,0.6666666666666666,3
329,Age>25,2,3,1,8,0.6666666666666666,3
329,Age>25,2,3,1,9,1.0,3
329,Age>25,3,4,1,1,0.25,4
329,Age>25,3,4,1,2,0.75,4
329,Age>25,3,4,1,3,1.0,4
329,Age>25,3,4,1,4,1.0,4
329,Age>25,3,4,1,5,1.0,4
329,Age>25,3,4,1,6,1.0,4
329,Age>25,3,4,1,7,1.0,4
329,Age>25,3,4,1,8,1.0,4
329,Age>25,3,4,1,9,1.0,4
329,Age>25,4,5,1,1,0.6,5
329,Age>25,4,5,1,2,0.8,5
329,Age>25,4,5,1,3,1.0,5
329,Age>25,4,5,1,4,0.8,5
329,Age>25,4,5,1,5,1.0,5
329,Age>25,4,5,1,6,1.0,5
329,Age>25,4,5,1,7,1.0,5
329,Age>25,4,5,1,8,1.0,5
329,Age>25,4,5,1,9,1.0,5
329,Age>25,5,3,2,1,0.3333333333333333,3
329,Age>25,5,3,2,2,1.0,3
329,Age>25,5,3,2,3,1.0,3
329,Age>25,5,3,2,4,1.0,3
329,Age>25,5,3,2,5,1.0,3
329,Age>25,5,3,2,6,1.0,3
329,Age>25,5,3,2,7,1.0,3
329,Age>25,5,3,2,8,1.0,3
329,Age>25,5,3,2,9,1.0,3
329,Age>25,6,5,2,1,0.4,5
329,Age>25,6,5,2,2,0.6,5
329,Age>25,6,5,2,3,1.0,5
329,Age>25,6,5,2,4,1.0,5
329,Age>25,6,5,2,5,1.0,5
329,Age>25,6,5,2,6,1.0,5
329,Age>25,6,5,2,7,1.0,5
329,Age>25,6,5,2,8,1.0,5
329,Age>25,6,5,2,9,1.0,5
329,Age>25,7,2,2,1,0.0,2
329,Age>25,7,2,2,2,1.0,2
329,Age>25,7,2,2,3,1.0,2
329,Age>25,7,2,2,4,1.0,2
329,Age>25,7,2,2,5,1.0,2
329,Age>25,7,2,2,6,1.0,2
329,Age>25,7,2,2,7,1.0,2
329,Age>25,7,2,2,8,1.0,2
329,Age>25,7,2,2,9,1.0,2
329,Age>25,8,3,3,1,0.3333333333333333,3
329,Age>25,8,3,3,2,1.0,3
329,Age>25,8,3,3,3,1.0,3
329,Age>25,8,3,3,4,1.0,3
329,Age>25,8,3,3,5,1.0,3
329,Age>25,8,3,3,6,1.0,3
329,Age>25,8,3,3,7,1.0,3
329,Age>25,8,3,3,8,1.0,3
329,Age>25,8,3,3,9,1.0,3
329,Age>25,9,4,2,1,0.5,4
329,Age>25,9,4,2,2,0.75,4
329,Age>25,9,4,2,3,1.0,4
329,Age>25,9,4,2,4,1.0,4
329,Age>25,9,4,2,5,1.0,4
329,Age>25,9,4,2,6,1.0,4
329,Age>25,9,4,2,7,1.0,4
329,Age>25,9,4,2,8,1.0,4
329,Age>25,9,4,2,9,1.0,4
329,Age>25,10,5,3,1,0.2,5
329,Age>25,10,5,3,2,0.6,5
329,Age>25,10,5,3,3,0.8,5
329,Age>25,10,5,3,4,0.8,5
329,Age>25,10,5,3,5,1.0,5
329,Age>25,10,5,3,6,1.0,5
329,Age>25,10,5,3,7,1.0,5
329,Age>25,10,5,3,8,1.0,5
329,Age>25,10,5,3,9,1.0,5
330,RPP,1,2,1,1,0.0,2
330,RPP,1,2,1,2,1.0,2
330,RPP,1,2,1,3,1.0,2
330,RPP,1,2,1,4,1.0,2
330,RPP,1,2,1,5,1.0,2
330,RPP,1,2,1,6,1.0,2
330,RPP,1,2,1,7,1.0,2
330,RPP,1,2,1,8,1.0,2
330,RPP,1,2,1,9,1.0,2
330,RPP,2,3,1,1,0.0,3
330,RPP,2,3,1,2,0.6666666666666666,3
330,RPP,2,3,1,3,1.0,3
330,RPP,2,3,1,4,1.0,3
330,RPP,2,3,1,5,1.0,3
330,RPP,2,3,1,6,1.0,3
330,RPP,2,3,1,7,1.0,3
330,RPP,2,3,1,8,1.0,3
330,RPP,2,3,1,9,1.0,3
330,RPP,3,4,1,1,0.5,4
330,RPP,3,4,1,2,0.5,4
330,RPP,3,4,1,3,0.25,4
330,RPP,3,4,1,4,0.75,4
330,RPP,3,4,1,5,1.0,4
330,RPP,3,4,1,6,1.0,4
330,RPP,3,4,1,7,1.0,4
330,RPP,3,4,1,8,1.0,4
330,RPP,3,4,1,9,1.0,4
330,RPP,4,5,1,1,0.4,5
330,RPP,4,5,1,2,0.4,5
330,RPP,4,5,1,3,0.8,5
330,RPP,4,5,1,4,0.8,5
330,RPP,4,5,1,5,0.8,5
330,RPP,4,5,1,6,1.0,5
330,RPP,4,5,1,7,1.0,5
330,RPP,4,5,1,8,1.0,5
330,RPP,4,5,1,9,1.0,5
330,RPP,5,3,2,1,0.3333333333333333,3
330,RPP,5,3,2,2,0.6666666666666666,3
330,RPP,5,3,2,3,1.0,3
330,RPP,5,3,2,4,1.0,3
330,RPP,5,3,2,5,1.0,3
330,RPP,5,3,2,6,0.6666666666666666,3
330,RPP,5,3,2,7,1.0,3
330,RPP,5,3,2,8,1.0,3
330,RPP,5,3,2,9,1.0,3
330,RPP,6,5,2,1,0.2,5
330,RPP,6,5,2,2,0.4,5
330,RPP,6,5,2,3,1.0,5
330,RPP,6,5,2,4,1.0,5
330,RPP,6,5,2,5,1.0,5
330,RPP,6,5,2,6,1.0,5
330,RPP,6,5,2,7,1.0,5
330,RPP,6,5,2,8,1.0,5
330,RPP,6,5,2,9,1.0,5
330,RPP,7,2,2,1,1.0,2
330,RPP,7,2,2,2,1.0,2
330,RPP,7,2,2,3,1.0,2
330,RPP,7,2,2,4,1.0,2
330,RPP,7,2,2,5,1.0,2
330,RPP,7,2,2,6,1.0,2
330,RPP,7,2,2,7,1.0,2
330,RPP,7,2,2,8,1.0,2
330,RPP,7,2,2,9,1.0,2
330,RPP,8,3,3,1,0.6666666666666666,3
330,RPP,8,3,3,2,1.0,3
330,RPP,8,3,3,3,1.0,3
330,RPP,8,3,3,4,1.0,3
330,RPP,8,3,3,5,1.0,3
330,RPP,8,3,3,6,1.0,3
330,RPP,8,3,3,7,1.0,3
330,RPP,8,3,3,8,0.6666666666666666,3
330,RPP,8,3,3,9,1.0,3
330,RPP,9,4,2,1,0.25,4
330,RPP,9,4,2,2,0.75,4
330,RPP,9,4,2,3,1.0,4
330,RPP,9,4,2,4,1.0,4
330,RPP,9,4,2,5,1.0,4
330,RPP,9,4,2,6,1.0,4
330,RPP,9,4,2,7,1.0,4
330,RPP,9,4,2,8,1.0,4
330,RPP,9,4,2,9,1.0,4
330,RPP,10,5,3,1,0.4,5
330,RPP,10,5,3,2,0.6,5
330,RPP,10,5,3,3,1.0,5
330,RPP,10,5,3,4,1.0,5
330,RPP,10,5,3,5,1.0,5
330,RPP,10,5,3,6,1.0,5
330,RPP,10,5,3,7,1.0,5
330,RPP,10,5,3,8,1.0,5
330,RPP,10,5,3,9,1.0,5
331,RPP,1,2,1,1,0.5,2
331,RPP,1,2,1,2,1.0,2
331,RPP,1,2,1,3,1.0,2
331,RPP,1,2,1,4,1.0,2
331,RPP,1,2,1,5,1.0,2
331,RPP,1,2,1,6,1.0,2
331,RPP,1,2,1,7,1.0,2
331,RPP,1,2,1,8,0.5,2
331,RPP,1,2,1,9,1.0,2
331,RPP,2,3,1,1,0.3333333333333333,3
331,RPP,2,3,1,2,0.3333333333333333,3
331,RPP,2,3,1,3,0.6666666666666666,3
331,RPP,2,3,1,4,0.6666666666666666,3
331,RPP,2,3,1,5,0.6666666666666666,3
331,RPP,2,3,1,6,0.6666666666666666,3
331,RPP,2,3,1,7,1.0,3
331,RPP,2,3,1,8,1.0,3
331,RPP,2,3,1,9,1.0,3
331,RPP,3,4,1,1,1.0,4
331,RPP,3,4,1,2,0.5,4
331,RPP,3,4,1,3,0.75,4
331,RPP,3,4,1,4,0.75,4
331,RPP,3,4,1,5,0.75,4
331,RPP,3,4,1,6,0.75,4
331,RPP,3,4,1,7,1.0,4
331,RPP,3,4,1,8,1.0,4
331,RPP,3,4,1,9,1.0,4
331,RPP,4,5,1,1,0.4,5
331,RPP,4,5,1,2,0.6,5
331,RPP,4,5,1,3,1.0,5
331,RPP,4,5,1,4,1.0,5
331,RPP,4,5,1,5,1.0,5
331,RPP,4,5,1,6,1.0,5
331,RPP,4,5,1,7,1.0,5
331,RPP,4,5,1,8,1.0,5
331,RPP,4,5,1,9,0.8,5
331,RPP,5,3,2,1,0.3333333333333333,3
331,RPP,5,3,2,2,1.0,3
331,RPP,5,3,2,3,1.0,3
331,RPP,5,3,2,4,0.6666666666666666,3
331,RPP,5,3,2,5,1.0,3
331,RPP,5,3,2,6,1.0,3
331,RPP,5,3,2,7,1.0,3
331,RPP,5,3,2,8,1.0,3
331,RPP,5,3,2,9,1.0,3
331,RPP,6,5,2,1,0.6,5
331,RPP,6,5,2,2,0.8,5
331,RPP,6,5,2,3,0.8,5
331,RPP,6,5,2,4,0.8,5
331,RPP,6,5,2,5,1.0,5
331,RPP,6,5,2,6,1.0,5
331,RPP,6,5,2,7,1.0,5
331,RPP,6,5,2,8,1.0,5
331,RPP,6,5,2,9,1.0,5
331,RPP,7,2,2,1,0.0,1
331,RPP,7,2,2,2,0.0,2
331,RPP,7,2,2,3,0.0,2
331,RPP,7,2,2,4,0.5,2
331,RPP,7,2,2,5,1.0,2
331,RPP,7,2,2,6,1.0,2
331,RPP,7,2,2,7,1.0,2
331,RPP,7,2,2,8,1.0,2
331,RPP,7,2,2,9,1.0,2
331,RPP,8,3,3,1,0.6666666666666666,3
331,RPP,8,3,3,2,1.0,3
331,RPP,8,3,3,3,1.0,3
331,RPP,8,3,3,4,0.6666666666666666,3
331,RPP,8,3,3,5,0.6666666666666666,3
331,RPP,8,3,3,6,1.0,3
331,RPP,8,3,3,7,0.6666666666666666,3
331,RPP,8,3,3,8,1.0,3
331,RPP,8,3,3,9,1.0,3
331,RPP,9,4,2,1,0.25,4
331,RPP,9,4,2,2,0.75,4
331,RPP,9,4,2,3,0.5,4
331,RPP,9,4,2,4,0.6666666666666666,3
331,RPP,9,4,2,5,0.75,4
331,RPP,9,4,2,6,0.5,4
331,RPP,9,4,2,7,0.75,4
331,RPP,9,4,2,8,0.75,4
331,RPP,9,4,2,9,1.0,4
331,RPP,10,5,3,1,0.6,5
331,RPP,10,5,3,2,0.6,5
331,RPP,10,5,3,3,0.4,5
331,RPP,10,5,3,4,0.8,5
331,RPP,10,5,3,5,0.8,5
331,RPP,10,5,3,6,1.0,5
331,RPP,10,5,3,7,1.0,5
331,RPP,10,5,3,8,0.8,5
331,RPP,10,5,3,9,1.0,5
332,Age>25,1,2,1,1,0.0,2
332,Age>25,1,2,1,2,0.0,2
332,Age>25,1,2,1,3,1.0,2
332,Age>25,1,2,1,4,1.0,2
332,Age>25,1,2,1,5,0.5,2
332,Age>25,1,2,1,6,1.0,2
332,Age>25,1,2,1,7,1.0,2
332,Age>25,1,2,1,8,1.0,2
332,Age>25,1,2,1,9,0.5,2
332,Age>25,2,3,1,1,0.0,3
332,Age>25,2,3,1,2,0.3333333333333333,3
332,Age>25,2,3,1,3,0.6666666666666666,3
332,Age>25,2,3,1,4,0.6666666666666666,3
332,Age>25,2,3,1,5,0.6666666666666666,3
332,Age>25,2,3,1,6,1.0,3
332,Age>25,2,3,1,7,1.0,3
332,Age>25,2,3,1,8,1.0,3
332,Age>25,2,3,1,9,1.0,3
332,Age>25,3,5,1,1,0.4,5
332,Age>25,3,5,1,2,0.8,5
332,Age>25,3,5,1,3,0.6,5
332,Age>25,3,5,1,4,1.0,5
332,Age>25,3,5,1,5,1.0,5
332,Age>25,3,5,1,6,1.0,5
332,Age>25,3,5,1,7,1.0,5
332,Age>25,3,5,1,8,1.0,5
332,Age>25,3,5,1,9,1.0,5
332,Age>25,4,4,1,1,0.25,4
332,Age>25,4,4,1,2,0.75,4
332,Age>25,4,4,1,3,1.0,4
332,Age>25,4,4,1,4,1.0,4
332,Age>25,4,4,1,5,1.0,4
332,Age>25,4,4,1,6,1.0,4
332,Age>25,4,4,1,7,1.0,4
332,Age>25,4,4,1,8,1.0,4
332,Age>25,4,4,1,9,1.0,4
332,Age>25,5,3,2,1,0.3333333333333333,3
332,Age>25,5,3,2,2,0.6666666666666666,3
332,Age>25,5,3,2,3,1.0,3
332,Age>25,5,3,2,4,1.0,3
332,Age>25,5,3,2,5,1.0,3
332,Age>25,5,3,2,6,1.0,3
332,Age>25,5,3,2,7,1.0,3
332,Age>25,5,3,2,8,1.0,3
332,Age>25,5,3,2,9,1.0,3
332,Age>25,6,5,2,1,0.4,5
332,Age>25,6,5,2,2,0.4,5
332,Age>25,6,5,2,3,0.8,5
332,Age>25,6,5,2,4,1.0,5
332,Age>25,6,5,2,5,1.0,5
332,Age>25,6,5,2,6,1.0,5
332,Age>25,6,5,2,7,1.0,5
332,Age>25,6,5,2,8,1.0,5
332,Age>25,6,5,2,9,1.0,5
332,Age>25,7,2,2,1,0.0,2
332,Age>25,7,2,2,2,0.0,2
332,Age>25,7,2,2,3,1.0,2
332,Age>25,7,2,2,4,1.0,2
332,Age>25,7,2,2,5,1.0,2
332,Age>25,7,2,2,6,1.0,2
332,Age>25,7,2,2,7,1.0,2
332,Age>25,7,2,2,8,1.0,2
332,Age>25,7,2,2,9,1.0,2
332,Age>25,8,3,3,1,0.6666666666666666,3
332,Age>25,8,3,3,2,1.0,3
332,Age>25,8,3,3,3,1.0,3
332,Age>25,8,3,3,4,1.0,3
332,Age>25,8,3,3,5,1.0,3
332,Age>25,8,3,3,6,1.0,3
332,Age>25,8,3,3,7,1.0,3
332,Age>25,8,3,3,8,1.0,3
332,Age>25,8,3,3,9,1.0,3
332,Age>25,9,5,3,1,0.2,5
332,Age>25,9,5,3,2,0.4,5
332,Age>25,9,5,3,3,0.8,5
332,Age>25,9,5,3,4,1.0,5
332,Age>25,9,5,3,5,1.0,5
332,Age>25,9,5,3,6,0.6,5
332,Age>25,9,5,3,7,1.0,5
332,Age>25,9,5,3,8,1.0,5
332,Age>25,9,5,3,9,1.0,5
332,Age>25,10,4,2,1,0.5,4
332,Age>25,10,4,2,2,0.5,4
332,Age>25,10,4,2,3,1.0,4
332,Age>25,10,4,2,4,1.0,4
332,Age>25,10,4,2,5,1.0,4
332,Age>25,10,4,2,6,1.0,4
332,Age>25,10,4,2,7,1.0,4
332,Age>25,10,4,2,8,1.0,4
332,Age>25,10,4,2,9,1.0,4
333,Age>25,1,2,1,1,0.5,2
333,Age>25,1,2,1,2,1.0,2
333,Age>25,1,2,1,3,1.0,2
333,Age>25,1,2,1,4,1.0,2
333,Age>25,1,2,1,5,1.0,2
333,Age>25,1,2,1,6,1.0,2
333,Age>25,1,2,1,7,1.0,2
333,Age>25,1,2,1,8,1.0,2
333,Age>25,1,2,1,9,1.0,2
333,Age>25,2,3,1,1,0.0,3
333,Age>25,2,3,1,2,1.0,3
333,Age>25,2,3,1,3,1.0,3
333,Age>25,2,3,1,4,1.0,3
333,Age>25,2,3,1,5,1.0,3
333,Age>25,2,3,1,6,1.0,3
333,Age>25,2,3,1,7,1.0,3
333,Age>25,2,3,1,8,0.6666666666666666,3
333,Age>25,2,3,1,9,1.0,3
333,Age>25,3,5,1,1,0.2,5
333,Age>25,3,5,1,2,0.6,5
333,Age>25,3,5,1,3,0.8,5
333,Age>25,3,5,1,4,0.8,5
333,Age>25,3,5,1,5,1.0,5
333,Age>25,3,5,1,6,1.0,5
333,Age>25,3,5,1,7,1.0,5
333,Age>25,3,5,1,8,1.0,5
333,Age>25,3,5,1,9,1.0,5
333,Age>25,4,4,1,1,0.75,4
333,Age>25,4,4,1,2,0.25,4
333,Age>25,4,4,1,3,0.5,4
333,Age>25,4,4,1,4,1.0,4
333,Age>25,4,4,1,5,0.75,4
333,Age>25,4,4,1,6,0.5,4
333,Age>25,4,4,1,7,1.0,4
333,Age>25,4,4,1,8,0.75,4
333,Age>25,4,4,1,9,1.0,4
333,Age>25,5,3,2,1,1.0,3
333,Age>25,5,3,2,2,1.0,3
333,Age>25,5,3,2,3,1.0,3
333,Age>25,5,3,2,4,1.0,3
333,Age>25,5,3,2,5,1.0,3
333,Age>25,5,3,2,6,1.0,3
333,Age>25,5,3,2,7,1.0,3
333,Age>25,5,3,2,8,1.0,3
333,Age>25,5,3,2,9,1.0,3
333,Age>25,6,5,2,1,0.6,5
333,Age>25,6,5,2,2,0.6,5
333,Age>25,6,5,2,3,1.0,5
333,Age>25,6,5,2,4,1.0,5
333,Age>25,6,5,2,5,1.0,5
333,Age>25,6,5,2,6,1.0,5
333,Age>25,6,5,2,7,1.0,5
333,Age>25,6,5,2,8,1.0,5
333,Age>25,6,5,2,9,1.0,5
333,Age>25,7,2,2,1,0.0,2
333,Age>25,7,2,2,2,0.5,2
333,Age>25,7,2,2,3,1.0,2
333,Age>25,7,2,2,4,1.0,2
333,Age>25,7,2,2,5,1.0,2
333,Age>25,7,2,2,6,1.0,2
333,Age>25,7,2,2,7,1.0,2
333,Age>25,7,2,2,8,0.5,2
333,Age>25,7,2,2,9,1.0,2
333,Age>25,8,3,3,1,0.6666666666666666,3
333,Age>25,8,3,3,2,1.0,3
333,Age>25,8,3,3,3,1.0,3
333,Age>25,8,3,3,4,0.6666666666666666,3
333,Age>25,8,3,3,5,1.0,3
333,Age>25,8,3,3,6,1.0,3
333,Age>25,8,3,3,7,1.0,3
333,Age>25,8,3,3,8,1.0,3
333,Age>25,8,3,3,9,1.0,3
333,Age>25,9,5,3,1,0.2,5
333,Age>25,9,5,3,2,0.6,5
333,Age>25,9,5,3,3,0.8,5
333,Age>25,9,5,3,4,0.8,5
333,Age>25,9,5,3,5,1.0,5
333,Age>25,9,5,3,6,1.0,5
333,Age>25,9,5,3,7,1.0,5
333,Age>25,9,5,3,8,0.8,5
333,Age>25,9,5,3,9,1.0,5
333,Age>25,10,4,2,1,0.25,4
333,Age>25,10,4,2,2,0.5,4
333,Age>25,10,4,2,3,0.75,4
333,Age>25,10,4,2,4,0.75,4
333,Age>25,10,4,2,5,1.0,4
333,Age>25,10,4,2,6,1.0,4
333,Age>25,10,4,2,7,1.0,4
333,Age>25,10,4,2,8,1.0,4
333,Age>25,10,4,2,9,1.0,4
334,Age>25,1,2,1,1,1.0,2
334,Age>25,1,2,1,2,1.0,2
334,Age>25,1,2,1,3,1.0,2
334,Age>25,1,2,1,4,1.0,2
334,Age>25,1,2,1,5,1.0,2
334,Age>25,1,2,1,6,1.0,2
334,Age>25,1,2,1,7,1.0,2
334,Age>25,1,2,1,8,1.0,2
334,Age>25,1,2,1,9,1.0,2
334,Age>25,2,3,1,1,0.3333333333333333,3
334,Age>25,2,3,1,2,1.0,3
334,Age>25,2,3,1,3,1.0,3
334,Age>25,2,3,1,4,1.0,3
334,Age>25,2,3,1,5,1.0,3
334,Age>25,2,3,1,6,1.0,3
334,Age>25,2,3,1,7,1.0,3
334,Age>25,2,3,1,8,1.0,3
334,Age>25,2,3,1,9,1.0,3
334,Age>25,3,5,1,1,0.2,5
334,Age>25,3,5,1,2,0.8,5
334,Age>25,3,5,1,3,0.6,5
334,Age>25,3,5,1,4,0.4,5
334,Age>25,3,5,1,5,0.4,5
334,Age>25,3,5,1,6,0.2,5
334,Age>25,3,5,1,7,0.4,5
334,Age>25,3,5,1,8,0.6,5
334,Age>25,3,5,1,9,0.6,5
334,Age>25,4,4,1,1,0.25,4
334,Age>25,4,4,1,2,0.75,4
334,Age>25,4,4,1,3,0.5,4
334,Age>25,4,4,1,4,0.75,4
334,Age>25,4,4,1,5,1.0,4
334,Age>25,4,4,1,6,0.75,4
334,Age>25,4,4,1,7,1.0,4
334,Age>25,4,4,1,8,1.0,4
334,Age>25,4,4,1,9,1.0,4
334,Age>25,5,3,2,1,0.3333333333333333,3
334,Age>25,5,3,2,2,0.6666666666666666,3
334,Age>25,5,3,2,3,0.6666666666666666,3
334,Age>25,5,3,2,4,1.0,3
334,Age>25,5,3,2,5,1.0,3
334,Age>25,5,3,2,6,1.0,3
334,Age>25,5,3,2,7,1.0,3
334,Age>25,5,3,2,8,1.0,3
334,Age>25,5,3,2,9,1.0,3
334,Age>25,6,5,2,1,0.0,5
334,Age>25,6,5,2,2,0.6,5
334,Age>25,6,5,2,3,0.6,5
334,Age>25,6,5,2,4,0.8,5
334,Age>25,6,5,2,5,0.6,5
334,Age>25,6,5,2,6,1.0,5
334,Age>25,6,5,2,7,0.6,5
334,Age>25,6,5,2,8,0.6,5
334,Age>25,6,5,2,9,1.0,5
334,Age>25,7,2,2,1,0.0,2
334,Age>25,7,2,2,2,0.0,2
334,Age>25,7,2,2,3,0.0,2
334,Age>25,7,2,2,4,0.5,2
334,Age>25,7,2,2,5,1.0,2
334,Age>25,7,2,2,6,1.0,2
334,Age>25,7,2,2,7,1.0,2
334,Age>25,7,2,2,8,1.0,2
334,Age>25,7,2,2,9,1.0,2
334,Age>25,8,3,3,1,0.3333333333333333,3
334,Age>25,8,3,3,2,0.6666666666666666,3
334,Age>25,8,3,3,3,0.6666666666666666,3
334,Age>25,8,3,3,4,0.6666666666666666,3
334,Age>25,8,3,3,5,1.0,3
334,Age>25,8,3,3,6,1.0,3
334,Age>25,8,3,3,7,1.0,3
334,Age>25,8,3,3,8,0.6666666666666666,3
334,Age>25,8,3,3,9,1.0,3
334,Age>25,9,5,3,1,0.6,5
334,Age>25,9,5,3,2,0.6,5
334,Age>25,9,5,3,3,0.6,5
334,Age>25,9,5,3,4,1.0,5
334,Age>25,9,5,3,5,1.0,5
334,Age>25,9,5,3,6,1.0,5
334,Age>25,9,5,3,7,1.0,5
334,Age>25,9,5,3,8,1.0,5
334,Age>25,9,5,3,9,1.0,5
334,Age>25,10,4,2,1,0.25,4
334,Age>25,10,4,2,2,0.0,4
334,Age>25,10,4,2,3,1.0,4
334,Age>25,10,4,2,4,1.0,4
334,Age>25,10,4,2,5,1.0,4
334,Age>25,10,4,2,6,0.75,4
334,Age>25,10,4,2,7,1.0,4
334,Age>25,10,4,2,8,0.75,4
334,Age>25,10,4,2,9,1.0,4
335,RPP,1,2,1,1,0.0,2
335,RPP,1,2,1,2,1.0,2
335,RPP,1,2,1,3,1.0,2
335,RPP,1,2,1,4,1.0,2
335,RPP,1,2,1,5,1.0,2
335,RPP,1,2,1,6,1.0,2
335,RPP,1,2,1,7,1.0,2
335,RPP,1,2,1,8,1.0,2
335,RPP,1,2,1,9,1.0,2
335,RPP,2,3,1,1,0.3333333333333333,3
335,RPP,2,3,1,2,0.3333333333333333,3
335,RPP,2,3,1,3,0.3333333333333333,3
335,RPP,2,3,1,4,1.0,3
335,RPP,2,3,1,5,1.0,3
335,RPP,2,3,1,6,1.0,3
335,RPP,2,3,1,7,1.0,3
335,RPP,2,3,1,8,1.0,3
335,RPP,2,3,1,9,1.0,3
335,RPP,3,4,1,1,0.25,4
335,RPP,3,4,1,2,0.5,4
335,RPP,3,4,1,3,0.5,4
335,RPP,3,4,1,4,0.75,4
335,RPP,3,4,1,5,0.75,4
335,RPP,3,4,1,6,1.0,4
335,RPP,3,4,1,7,1.0,4
335,RPP,3,4,1,8,1.0,4
335,RPP,3,4,1,9,1.0,4
335,RPP,4,5,1,1,0.2,5
335,RPP,4,5,1,2,0.6,5
335,RPP,4,5,1,3,0.8,5
335,RPP,4,5,1,4,1.0,5
335,RPP,4,5,1,5,0.8,5
335,RPP,4,5,1,6,1.0,5
335,RPP,4,5,1,7,1.0,5
335,RPP,4,5,1,8,1.0,5
335,RPP,4,5,1,9,1.0,5
335,RPP,5,3,2,1,0.3333333333333333,3
335,RPP,5,3,2,2,0.6666666666666666,3
335,RPP,5,3,2,3,1.0,3
335,RPP,5,3,2,4,1.0,3
335,RPP,5,3,2,5,1.0,3
335,RPP,5,3,2,6,1.0,3
335,RPP,5,3,2,7,1.0,3
335,RPP,5,3,2,8,1.0,3
335,RPP,5,3,2,9,1.0,3
335,RPP,6,5,2,1,0.4,5
335,RPP,6,5,2,2,0.8,5
335,RPP,6,5,2,3,1.0,5
335,RPP,6,5,2,4,0.8,5
335,RPP,6,5,2,5,1.0,5
335,RPP,6,5,2,6,1.0,5
335,RPP,6,5,2,7,1.0,5
335,RPP,6,5,2,8,1.0,5
335,RPP,6,5,2,9,1.0,5
335,RPP,7,2,2,1,0.0,2
335,RPP,7,2,2,2,0.5,2
335,RPP,7,2,2,3,1.0,2
335,RPP,7,2,2,4,1.0,2
335,RPP,7,2,2,5,1.0,2
335,RPP,7,2,2,6,1.0,2
335,RPP,7,2,2,7,1.0,2
335,RPP,7,2,2,8,1.0,2
335,RPP,7,2,2,9,1.0,2
335,RPP,8,3,3,1,0.3333333333333333,3
335,RPP,8,3,3,2,1.0,3
335,RPP,8,3,3,3,1.0,3
335,RPP,8,3,3,4,1.0,3
335,RPP,8,3,3,5,0.6666666666666666,3
335,RPP,8,3,3,6,1.0,3
335,RPP,8,3,3,7,1.0,3
335,RPP,8,3,3,8,1.0,3
335,RPP,8,3,3,9,1.0,3
335,RPP,9,4,2,1,0.25,4
335,RPP,9,4,2,2,0.75,4
335,RPP,9,4,2,3,1.0,4
335,RPP,9,4,2,4,1.0,4
335,RPP,9,4,2,5,1.0,4
335,RPP,9,4,2,6,1.0,4
335,RPP,9,4,2,7,1.0,4
335,RPP,9,4,2,8,1.0,4
335,RPP,9,4,2,9,1.0,4
335,RPP,10,5,3,1,0.4,5
335,RPP,10,5,3,2,0.6,5
335,RPP,10,5,3,3,0.8,5
335,RPP,10,5,3,4,1.0,5
335,RPP,10,5,3,5,1.0,5
335,RPP,10,5,3,6,1.0,5
335,RPP,10,5,3,7,1.0,5
335,RPP,10,5,3,8,1.0,5
335,RPP,10,5,3,9,1.0,5
337,Age>25,1,2,1,1,0.0,2
337,Age>25,1,2,1,2,1.0,2
337,Age>25,1,2,1,3,1.0,2
337,Age>25,1,2,1,4,1.0,2
337,Age>25,1,2,1,5,1.0,2
337,Age>25,1,2,1,6,1.0,2
337,Age>25,1,2,1,7,0.5,2
337,Age>25,1,2,1,8,1.0,2
337,Age>25,1,2,1,9,1.0,2
337,Age>25,2,3,1,1,0.6666666666666666,3
337,Age>25,2,3,1,2,0.6666666666666666,3
337,Age>25,2,3,1,3,0.6666666666666666,3
337,Age>25,2,3,1,4,0.6666666666666666,3
337,Age>25,2,3,1,5,1.0,3
337,Age>25,2,3,1,6,1.0,3
337,Age>25,2,3,1,7,1.0,3
337,Age>25,2,3,1,8,1.0,3
337,Age>25,2,3,1,9,1.0,3
337,Age>25,3,4,1,1,0.0,4
337,Age>25,3,4,1,2,0.25,4
337,Age>25,3,4,1,3,0.5,4
337,Age>25,3,4,1,4,1.0,4
337,Age>25,3,4,1,5,1.0,4
337,Age>25,3,4,1,6,0.75,4
337,Age>25,3,4,1,7,0.75,4
337,Age>25,3,4,1,8,1.0,4
337,Age>25,3,4,1,9,1.0,4
337,Age>25,4,5,1,1,0.4,5
337,Age>25,4,5,1,2,0.6,5
337,Age>25,4,5,1,3,1.0,5
337,Age>25,4,5,1,4,0.8,5
337,Age>25,4,5,1,5,1.0,5
337,Age>25,4,5,1,6,1.0,5
337,Age>25,4,5,1,7,1.0,5
337,Age>25,4,5,1,8,1.0,5
337,Age>25,4,5,1,9,1.0,5
337,Age>25,5,3,2,1,0.3333333333333333,3
337,Age>25,5,3,2,2,1.0,3
337,Age>25,5,3,2,3,1.0,3
337,Age>25,5,3,2,4,1.0,3
337,Age>25,5,3,2,5,1.0,3
337,Age>25,5,3,2,6,0.6666666666666666,3
337,Age>25,5,3,2,7,1.0,3
337,Age>25,5,3,2,8,1.0,3
337,Age>25,5,3,2,9,1.0,3
337,Age>25,6,5,2,1,0.2,5
337,Age>25,6,5,2,2,0.4,5
337,Age>25,6,5,2,3,0.6,5
337,Age>25,6,5,2,4,0.8,5
337,Age>25,6,5,2,5,1.0,5
337,Age>25,6,5,2,6,1.0,5
337,Age>25,6,5,2,7,1.0,5
337,Age>25,6,5,2,8,1.0,5
337,Age>25,6,5,2,9,1.0,5
337,Age>25,7,2,2,1,0.0,2
337,Age>25,7,2,2,2,0.5,2
337,Age>25,7,2,2,3,1.0,2
337,Age>25,7,2,2,4,1.0,2
337,Age>25,7,2,2,5,1.0,2
337,Age>25,7,2,2,6,1.0,2
337,Age>25,7,2,2,7,1.0,2
337,Age>25,7,2,2,8,1.0,2
337,Age>25,7,2,2,9,1.0,2
337,Age>25,8,3,3,1,0.3333333333333333,3
337,Age>25,8,3,3,2,0.6666666666666666,3
337,Age>25,8,3,3,3,1.0,3
337,Age>25,8,3,3,4,1.0,3
337,Age>25,8,3,3,5,1.0,3
337,Age>25,8,3,3,6,1.0,3
337,Age>25,8,3,3,7,1.0,3
337,Age>25,8,3,3,8,1.0,3
337,Age>25,8,3,3,9,1.0,3
337,Age>25,9,4,2,1,0.5,4
337,Age>25,9,4,2,2,1.0,4
337,Age>25,9,4,2,3,1.0,4
337,Age>25,9,4,2,4,1.0,4
337,Age>25,9,4,2,5,1.0,4
337,Age>25,9,4,2,6,1.0,4
337,Age>25,9,4,2,7,1.0,4
337,Age>25,9,4,2,8,1.0,4
337,Age>25,9,4,2,9,1.0,4
337,Age>25,10,5,3,1,0.4,5
337,Age>25,10,5,3,2,1.0,5
337,Age>25,10,5,3,3,1.0,5
337,Age>25,10,5,3,4,1.0,5
337,Age>25,10,5,3,5,1.0,5
337,Age>25,10,5,3,6,1.0,5
337,Age>25,10,5,3,7,1.0,5
337,Age>25,10,5,3,8,0.8,5
337,Age>25,10,5,3,9,1.0,5
338,RPP,1,2,1,1,0.0,2
338,RPP,1,2,1,2,0.5,2
338,RPP,1,2,1,3,1.0,2
338,RPP,1,2,1,4,1.0,2
338,RPP,1,2,1,5,1.0,2
338,RPP,1,2,1,6,1.0,2
338,RPP,1,2,1,7,1.0,2
338,RPP,1,2,1,8,0.5,2
338,RPP,1,2,1,9,1.0,2
338,RPP,2,4,1,1,0.25,4
338,RPP,2,4,1,2,0.5,4
338,RPP,2,4,1,3,0.75,4
338,RPP,2,4,1,4,0.75,4
338,RPP,2,4,1,5,1.0,4
338,RPP,2,4,1,6,1.0,4
338,RPP,2,4,1,7,1.0,4
338,RPP,2,4,1,8,1.0,4
338,RPP,2,4,1,9,1.0,4
338,RPP,3,3,1,1,0.3333333333333333,3
338,RPP,3,3,1,2,0.6666666666666666,3
338,RPP,3,3,1,3,1.0,3
338,RPP,3,3,1,4,1.0,3
338,RPP,3,3,1,5,1.0,3
338,RPP,3,3,1,6,1.0,3
338,RPP,3,3,1,7,1.0,3
338,RPP,3,3,1,8,1.0,3
338,RPP,3,3,1,9,1.0,3
338,RPP,4,5,1,1,0.2,5
338,RPP,4,5,1,2,0.4,5
338,RPP,4,5,1,3,0.8,5
338,RPP,4,5,1,4,0.8,5
338,RPP,4,5,1,5,0.6,5
338,RPP,4,5,1,6,0.4,5
338,RPP,4,5,1,7,0.6,5
338,RPP,4,5,1,8,0.8,5
338,RPP,4,5,1,9,0.6,5
338,RPP,5,3,2,1,0.3333333333333333,3
338,RPP,5,3,2,2,0.6666666666666666,3
338,RPP,5,3,2,3,1.0,3
338,RPP,5,3,2,4,1.0,3
338,RPP,5,3,2,5,1.0,3
338,RPP,5,3,2,6,1.0,3
338,RPP,5,3,2,7,1.0,3
338,RPP,5,3,2,8,1.0,3
338,RPP,5,3,2,9,1.0,3
338,RPP,6,5,2,1,0.4,5
338,RPP,6,5,2,2,0.8,5
338,RPP,6,5,2,3,0.8,5
338,RPP,6,5,2,4,1.0,5
338,RPP,6,5,2,5,1.0,5
338,RPP,6,5,2,6,0.8,5
338,RPP,6,5,2,7,1.0,5
338,RPP,6,5,2,8,1.0,5
338,RPP,6,5,2,9,1.0,5
338,RPP,7,2,2,1,0.5,2
338,RPP,7,2,2,2,1.0,2
338,RPP,7,2,2,3,1.0,2
338,RPP,7,2,2,4,1.0,2
338,RPP,7,2,2,5,1.0,2
338,RPP,7,2,2,6,1.0,2
338,RPP,7,2,2,7,1.0,2
338,RPP,7,2,2,8,1.0,2
338,RPP,7,2,2,9,1.0,2
338,RPP,8,4,2,1,0.5,4
338,RPP,8,4,2,2,0.75,4
338,RPP,8,4,2,3,1.0,4
338,RPP,8,4,2,4,0.75,4
338,RPP,8,4,2,5,1.0,4
338,RPP,8,4,2,6,0.75,4
338,RPP,8,4,2,7,1.0,4
338,RPP,8,4,2,8,1.0,4
338,RPP,8,4,2,9,1.0,4
338,RPP,9,3,3,1,0.3333333333333333,3
338,RPP,9,3,3,2,0.6666666666666666,3
338,RPP,9,3,3,3,1.0,3
338,RPP,9,3,3,4,1.0,3
338,RPP,9,3,3,5,1.0,3
338,RPP,9,3,3,6,1.0,3
338,RPP,9,3,3,7,1.0,3
338,RPP,9,3,3,8,1.0,3
338,RPP,9,3,3,9,1.0,3
338,RPP,10,5,3,1,0.4,5
338,RPP,10,5,3,2,0.4,5
338,RPP,10,5,3,3,1.0,5
338,RPP,10,5,3,4,1.0,5
338,RPP,10,5,3,5,1.0,5
338,RPP,10,5,3,6,1.0,5
338,RPP,10,5,3,7,1.0,5
338,RPP,10,5,3,8,1.0,5
338,RPP,10,5,3,9,1.0,5
339,Age>25,1,2,1,1,0.5,2
339,Age>25,1,2,1,2,0.5,2
339,Age>25,1,2,1,3,0.5,2
339,Age>25,1,2,1,4,1.0,2
339,Age>25,1,2,1,5,1.0,2
339,Age>25,1,2,1,6,1.0,2
339,Age>25,1,2,1,7,1.0,2
339,Age>25,1,2,1,8,1.0,2
339,Age>25,1,2,1,9,1.0,2
339,Age>25,2,3,1,1,0.0,3
339,Age>25,2,3,1,2,0.6666666666666666,3
339,Age>25,2,3,1,3,0.6666666666666666,3
339,Age>25,2,3,1,4,1.0,3
339,Age>25,2,3,1,5,1.0,3
339,Age>25,2,3,1,6,1.0,3
339,Age>25,2,3,1,7,1.0,3
339,Age>25,2,3,1,8,1.0,3
339,Age>25,2,3,1,9,1.0,3
339,Age>25,3,4,1,1,0.25,4
339,Age>25,3,4,1,2,0.75,4
339,Age>25,3,4,1,3,1.0,4
339,Age>25,3,4,1,4,0.75,4
339,Age>25,3,4,1,5,1.0,4
339,Age>25,3,4,1,6,1.0,4
339,Age>25,3,4,1,7,1.0,4
339,Age>25,3,4,1,8,1.0,4
339,Age>25,3,4,1,9,1.0,4
339,Age>25,4,5,1,1,0.2,5
339,Age>25,4,5,1,2,0.6,5
339,Age>25,4,5,1,3,1.0,5
339,Age>25,4,5,1,4,1.0,5
339,Age>25,4,5,1,5,1.0,5
339,Age>25,4,5,1,6,1.0,5
339,Age>25,4,5,1,7,1.0,5
339,Age>25,4,5,1,8,0.8,5
339,Age>25,4,5,1,9,1.0,5
339,Age>25,5,3,2,1,0.3333333333333333,3
339,Age>25,5,3,2,2,0.6666666666666666,3
339,Age>25,5,3,2,3,1.0,3
339,Age>25,5,3,2,4,1.0,3
339,Age>25,5,3,2,5,1.0,3
339,Age>25,5,3,2,6,1.0,3
339,Age>25,5,3,2,7,1.0,3
339,Age>25,5,3,2,8,1.0,3
339,Age>25,5,3,2,9,1.0,3
339,Age>25,6,5,2,1,0.4,5
339,Age>25,6,5,2,2,0.8,5
339,Age>25,6,5,2,3,0.8,5
339,Age>25,6,5,2,4,1.0,5
339,Age>25,6,5,2,5,1.0,5
339,Age>25,6,5,2,6,1.0,5
339,Age>25,6,5,2,7,1.0,5
339,Age>25,6,5,2,8,1.0,5
339,Age>25,6,5,2,9,1.0,5
339,Age>25,7,2,2,1,0.0,2
339,Age>25,7,2,2,2,0.5,2
339,Age>25,7,2,2,3,1.0,2
339,Age>25,7,2,2,4,1.0,2
339,Age>25,7,2,2,5,1.0,2
339,Age>25,7,2,2,6,1.0,2
339,Age>25,7,2,2,7,1.0,2
339,Age>25,7,2,2,8,1.0,2
339,Age>25,7,2,2,9,1.0,2
339,Age>25,8,3,3,1,0.3333333333333333,3
339,Age>25,8,3,3,2,0.6666666666666666,3
339,Age>25,8,3,3,3,1.0,3
339,Age>25,8,3,3,4,1.0,3
339,Age>25,8,3,3,5,1.0,3
339,Age>25,8,3,3,6,1.0,3
339,Age>25,8,3,3,7,1.0,3
339,Age>25,8,3,3,8,1.0,3
339,Age>25,8,3,3,9,1.0,3
339,Age>25,9,4,2,1,0.25,4
339,Age>25,9,4,2,2,0.75,4
339,Age>25,9,4,2,3,1.0,4
339,Age>25,9,4,2,4,1.0,4
339,Age>25,9,4,2,5,1.0,4
339,Age>25,9,4,2,6,1.0,4
339,Age>25,9,4,2,7,1.0,4
339,Age>25,9,4,2,8,1.0,4
339,Age>25,9,4,2,9,1.0,4
339,Age>25,10,5,3,1,0.4,5
339,Age>25,10,5,3,2,0.6,5
339,Age>25,10,5,3,3,1.0,5
339,Age>25,10,5,3,4,1.0,5
339,Age>25,10,5,3,5,1.0,5
339,Age>25,10,5,3,6,1.0,5
339,Age>25,10,5,3,7,1.0,5
339,Age>25,10,5,3,8,1.0,5
339,Age>25,10,5,3,9,1.0,5
342,Age>25,1,2,1,1,0.0,1
342,Age>25,1,2,1,2,0.5,2
342,Age>25,1,2,1,3,1.0,2
342,Age>25,1,2,1,4,1.0,2
342,Age>25,1,2,1,5,0.5,2
342,Age>25,1,2,1,6,1.0,2
342,Age>25,1,2,1,7,1.0,2
342,Age>25,1,2,1,8,1.0,2
342,Age>25,1,2,1,9,1.0,2
342,Age>25,2,3,1,1,0.0,3
342,Age>25,2,3,1,2,0.6666666666666666,3
342,Age>25,2,3,1,3,1.0,3
342,Age>25,2,3,1,4,1.0,3
342,Age>25,2,3,1,5,1.0,3
342,Age>25,2,3,1,6,1.0,3
342,Age>25,2,3,1,7,1.0,3
342,Age>25,2,3,1,8,0.6666666666666666,3
342,Age>25,2,3,1,9,1.0,3
342,Age>25,3,5,1,1,0.4,5
342,Age>25,3,5,1,2,0.8,5
342,Age>25,3,5,1,3,1.0,5
342,Age>25,3,5,1,4,1.0,5
342,Age>25,3,5,1,5,0.8,5
342,Age>25,3,5,1,6,1.0,5
342,Age>25,3,5,1,7,1.0,5
342,Age>25,3,5,1,8,1.0,5
342,Age>25,3,5,1,9,1.0,5
342,Age>25,4,4,1,1,0.5,4
342,Age>25,4,4,1,2,0.75,4
342,Age>25,4,4,1,3,0.75,4
342,Age>25,4,4,1,4,0.75,4
342,Age>25,4,4,1,5,1.0,4
342,Age>25,4,4,1,6,0.75,4
342,Age>25,4,4,1,7,0.75,4
342,Age>25,4,4,1,8,1.0,4
342,Age>25,4,4,1,9,1.0,4
342,Age>25,5,3,2,1,0.3333333333333333,3
342,Age>25,5,3,2,2,0.0,3
342,Age>25,5,3,2,3,1.0,3
342,Age>25,5,3,2,4,1.0,3
342,Age>25,5,3,2,5,1.0,3
342,Age>25,5,3,2,6,1.0,3
342,Age>25,5,3,2,7,1.0,3
342,Age>25,5,3,2,8,1.0,3
342,Age>25,5,3,2,9,1.0,3
342,Age>25,6,5,2,1,0.2,5
342,Age>25,6,5,2,2,0.6,5
342,Age>25,6,5,2,3,0.8,5
342,Age>25,6,5,2,4,1.0,5
342,Age>25,6,5,2,5,1.0,5
342,Age>25,6,5,2,6,1.0,5
342,Age>25,6,5,2,7,1.0,5
342,Age>25,6,5,2,8,1.0,5
342,Age>25,6,5,2,9,1.0,5
342,Age>25,7,2,2,1,0.5,2
342,Age>25,7,2,2,2,1.0,2
342,Age>25,7,2,2,3,1.0,2
342,Age>25,7,2,2,4,1.0,2
342,Age>25,7,2,2,5,1.0,2
342,Age>25,7,2,2,6,1.0,2
342,Age>25,7,2,2,7,1.0,2
342,Age>25,7,2,2,8,1.0,2
342,Age>25,7,2,2,9,1.0,2
342,Age>25,8,3,3,1,0.6666666666666666,3
342,Age>25,8,3,3,2,1.0,3
342,Age>25,8,3,3,3,1.0,3
342,Age>25,8,3,3,4,1.0,3
342,Age>25,8,3,3,5,1.0,3
342,Age>25,8,3,3,6,1.0,3
342,Age>25,8,3,3,7,1.0,3
342,Age>25,8,3,3,8,1.0,3
342,Age>25,8,3,3,9,1.0,3
342,Age>25,9,5,3,1,0.4,5
342,Age>25,9,5,3,2,0.4,5
342,Age>25,9,5,3,3,0.4,5
342,Age>25,9,5,3,4,1.0,5
342,Age>25,9,5,3,5,1.0,5
342,Age>25,9,5,3,6,0.8,5
342,Age>25,9,5,3,7,0.8,5
342,Age>25,9,5,3,8,0.8,5
342,Age>25,9,5,3,9,1.0,5
342,Age>25,10,4,2,1,0.25,4
342,Age>25,10,4,2,2,0.75,4
342,Age>25,10,4,2,3,1.0,4
342,Age>25,10,4,2,4,0.75,4
342,Age>25,10,4,2,5,1.0,4
342,Age>25,10,4,2,6,1.0,4
342,Age>25,10,4,2,7,1.0,4
342,Age>25,10,4,2,8,1.0,4
342,Age>25,10,4,2,9,1.0,4
343,RPP,1,2,1,1,0.0,2
343,RPP,1,2,1,2,0.0,2
343,RPP,1,2,1,3,0.5,2
343,RPP,1,2,1,4,1.0,2
343,RPP,1,2,1,5,1.0,2
343,RPP,1,2,1,6,1.0,2
343,RPP,1,2,1,7,1.0,2
343,RPP,1,2,1,8,1.0,2
343,RPP,1,2,1,9,1.0,2
343,RPP,2,3,1,1,0.0,3
343,RPP,2,3,1,2,0.3333333333333333,3
343,RPP,2,3,1,3,0.0,3
343,RPP,2,3,1,4,1.0,3
343,RPP,2,3,1,5,1.0,3
343,RPP,2,3,1,6,0.6666666666666666,3
343,RPP,2,3,1,7,1.0,3
343,RPP,2,3,1,8,1.0,3
343,RPP,2,3,1,9,1.0,3
343,RPP,3,5,1,1,0.8,5
343,RPP,3,5,1,2,0.6,5
343,RPP,3,5,1,3,1.0,5
343,RPP,3,5,1,4,0.8,5
343,RPP,3,5,1,5,0.8,5
343,RPP,3,5,1,6,0.6,5
343,RPP,3,5,1,7,1.0,5
343,RPP,3,5,1,8,1.0,5
343,RPP,3,5,1,9,1.0,5
343,RPP,4,4,1,1,0.25,4
343,RPP,4,4,1,2,0.75,4
343,RPP,4,4,1,3,1.0,4
343,RPP,4,4,1,4,1.0,4
343,RPP,4,4,1,5,0.75,4
343,RPP,4,4,1,6,1.0,4
343,RPP,4,4,1,7,1.0,4
343,RPP,4,4,1,8,1.0,4
343,RPP,4,4,1,9,1.0,4
343,RPP,5,3,2,1,0.3333333333333333,3
343,RPP,5,3,2,2,0.6666666666666666,3
343,RPP,5,3,2,3,1.0,3
343,RPP,5,3,2,4,1.0,3
343,RPP,5,3,2,5,1.0,3
343,RPP,5,3,2,6,1.0,3
343,RPP,5,3,2,7,1.0,3
343,RPP,5,3,2,8,1.0,3
343,RPP,5,3,2,9,1.0,3
343,RPP,6,5,2,1,0.4,5
343,RPP,6,5,2,2,0.8,5
343,RPP,6,5,2,3,1.0,5
343,RPP,6,5,2,4,1.0,5
343,RPP,6,5,2,5,0.6,5
343,RPP,6,5,2,6,1.0,5
343,RPP,6,5,2,7,1.0,5
343,RPP,6,5,2,8,1.0,5
343,RPP,6,5,2,9,1.0,5
343,RPP,7,2,2,1,0.0,2
343,RPP,7,2,2,2,1.0,2
343,RPP,7,2,2,3,1.0,2
343,RPP,7,2,2,4,1.0,2
343,RPP,7,2,2,5,1.0,2
343,RPP,7,2,2,6,1.0,2
343,RPP,7,2,2,7,1.0,2
343,RPP,7,2,2,8,1.0,2
343,RPP,7,2,2,9,1.0,2
343,RPP,8,3,3,1,0.3333333333333333,3
343,RPP,8,3,3,2,0.6666666666666666,3
343,RPP,8,3,3,3,1.0,3
343,RPP,8,3,3,4,1.0,3
343,RPP,8,3,3,5,1.0,3
343,RPP,8,3,3,6,1.0,3
343,RPP,8,3,3,7,1.0,3
343,RPP,8,3,3,8,1.0,3
343,RPP,8,3,3,9,1.0,3
343,RPP,9,5,3,1,0.2,5
343,RPP,9,5,3,2,0.4,5
343,RPP,9,5,3,3,0.4,5
343,RPP,9,5,3,4,0.6,5
343,RPP,9,5,3,5,0.6,5
343,RPP,9,5,3,6,0.6,5
343,RPP,9,5,3,7,0.4,5
343,RPP,9,5,3,8,0.8,5
343,RPP,9,5,3,9,1.0,5
343,RPP,10,4,2,1,0.25,4
343,RPP,10,4,2,2,0.5,4
343,RPP,10,4,2,3,0.75,4
343,RPP,10,4,2,4,1.0,4
343,RPP,10,4,2,5,1.0,4
343,RPP,10,4,2,6,1.0,4
343,RPP,10,4,2,7,1.0,4
343,RPP,10,4,2,8,0.75,4
343,RPP,10,4,2,9,1.0,4
345,Age>25,1,2,1,1,0.0,2
345,Age>25,1,2,1,2,0.0,2
345,Age>25,1,2,1,3,1.0,2
345,Age>25,1,2,1,4,1.0,2
345,Age>25,1,2,1,5,1.0,2
345,Age>25,1,2,1,6,1.0,2
345,Age>25,1,2,1,7,1.0,2
345,Age>25,1,2,1,8,1.0,2
345,Age>25,1,2,1,9,1.0,2
345,Age>25,2,3,1,1,0.3333333333333333,3
345,Age>25,2,3,1,2,0.3333333333333333,3
345,Age>25,2,3,1,3,1.0,3
345,Age>25,2,3,1,4,1.0,3
345,Age>25,2,3,1,5,0.6666666666666666,3
345,Age>25,2,3,1,6,1.0,3
345,Age>25,2,3,1,7,1.0,3
345,Age>25,2,3,1,8,1.0,3
345,Age>25,2,3,1,9,1.0,3
345,Age>25,3,4,1,1,0.75,4
345,Age>25,3,4,1,2,1.0,4
345,Age>25,3,4,1,3,1.0,4
345,Age>25,3,4,1,4,1.0,4
345,Age>25,3,4,1,5,1.0,4
345,Age>25,3,4,1,6,0.75,4
345,Age>25,3,4,1,7,1.0,4
345,Age>25,3,4,1,8,1.0,4
345,Age>25,3,4,1,9,1.0,4
345,Age>25,4,5,1,1,0.6,5
345,Age>25,4,5,1,2,0.4,5
345,Age>25,4,5,1,3,0.8,5
345,Age>25,4,5,1,4,0.6,5
345,Age>25,4,5,1,5,1.0,5
345,Age>25,4,5,1,6,1.0,5
345,Age>25,4,5,1,7,1.0,5
345,Age>25,4,5,1,8,1.0,5
345,Age>25,4,5,1,9,1.0,5
345,Age>25,5,3,2,1,0.3333333333333333,3
345,Age>25,5,3,2,2,0.3333333333333333,3
345,Age>25,5,3,2,3,1.0,3
345,Age>25,5,3,2,4,1.0,3
345,Age>25,5,3,2,5,1.0,3
345,Age>25,5,3,2,6,1.0,3
345,Age>25,5,3,2,7,1.0,3
345,Age>25,5,3,2,8,1.0,3
345,Age>25,5,3,2,9,1.0,3
345,Age>25,6,5,2,1,0.4,5
345,Age>25,6,5,2,2,1.0,5
345,Age>25,6,5,2,3,1.0,5
345,Age>25,6,5,2,4,1.0,5
345,Age>25,6,5,2,5,0.8,5
345,Age>25,6,5,2,6,1.0,5
345,Age>25,6,5,2,7,1.0,5
345,Age>25,6,5,2,8,1.0,5
345,Age>25,6,5,2,9,0.8,5
345,Age>25,7,2,2,1,0.5,2
345,Age>25,7,2,2,2,1.0,2
345,Age>25,7,2,2,3,1.0,2
345,Age>25,7,2,2,4,1.0,2
345,Age>25,7,2,2,5,1.0,2
345,Age>25,7,2,2,6,1.0,2
345,Age>25,7,2,2,7,1.0,2
345,Age>25,7,2,2,8,1.0,2
345,Age>25,7,2,2,9,1.0,2
345,Age>25,8,3,3,1,0.3333333333333333,3
345,Age>25,8,3,3,2,1.0,3
345,Age>25,8,3,3,3,1.0,3
345,Age>25,8,3,3,4,1.0,3
345,Age>25,8,3,3,5,1.0,3
345,Age>25,8,3,3,6,1.0,3
345,Age>25,8,3,3,7,1.0,3
345,Age>25,8,3,3,8,1.0,3
345,Age>25,8,3,3,9,1.0,3
345,Age>25,9,4,2,1,0.5,4
345,Age>25,9,4,2,2,1.0,4
345,Age>25,9,4,2,3,0.75,4
345,Age>25,9,4,2,4,1.0,4
345,Age>25,9,4,2,5,1.0,4
345,Age>25,9,4,2,6,1.0,4
345,Age>25,9,4,2,7,1.0,4
345,Age>25,9,4,2,8,1.0,4
345,Age>25,9,4,2,9,1.0,4
345,Age>25,10,5,3,1,0.2,5
345,Age>25,10,5,3,2,0.6,5
345,Age>25,10,5,3,3,0.2,5
345,Age>25,10,5,3,4,0.6,5
345,Age>25,10,5,3,5,0.6,5
345,Age>25,10,5,3,6,0.8,5
345,Age>25,10,5,3,7,0.8,5
345,Age>25,10,5,3,8,1.0,5
345,Age>25,10,5,3,9,1.0,5
347,Age>25,1,2,1,1,0.0,2
347,Age>25,1,2,1,2,1.0,2
347,Age>25,1,2,1,3,1.0,2
347,Age>25,1,2,1,4,1.0,2
347,Age>25,1,2,1,5,1.0,2
347,Age>25,1,2,1,6,1.0,2
347,Age>25,1,2,1,7,1.0,2
347,Age>25,1,2,1,8,1.0,2
347,Age>25,1,2,1,9,1.0,2
347,Age>25,2,3,1,1,0.3333333333333333,3
347,Age>25,2,3,1,2,0.6666666666666666,3
347,Age>25,2,3,1,3,1.0,3
347,Age>25,2,3,1,4,1.0,3
347,Age>25,2,3,1,5,0.6666666666666666,3
347,Age>25,2,3,1,6,1.0,3
347,Age>25,2,3,1,7,1.0,3
347,Age>25,2,3,1,8,1.0,3
347,Age>25,2,3,1,9,1.0,3
347,Age>25,3,4,1,1,0.25,4
347,Age>25,3,4,1,2,0.5,4
347,Age>25,3,4,1,3,1.0,4
347,Age>25,3,4,1,4,1.0,4
347,Age>25,3,4,1,5,1.0,4
347,Age>25,3,4,1,6,1.0,4
347,Age>25,3,4,1,7,1.0,4
347,Age>25,3,4,1,8,1.0,4
347,Age>25,3,4,1,9,1.0,4
347,Age>25,4,5,1,1,0.4,5
347,Age>25,4,5,1,2,0.4,5
347,Age>25,4,5,1,3,0.8,5
347,Age>25,4,5,1,4,0.8,5
347,Age>25,4,5,1,5,0.4,5
347,Age>25,4,5,1,6,0.8,5
347,Age>25,4,5,1,7,0.8,5
347,Age>25,4,5,1,8,1.0,5
347,Age>25,4,5,1,9,0.8,5
347,Age>25,5,3,2,1,0.3333333333333333,3
347,Age>25,5,3,2,2,0.6666666666666666,3
347,Age>25,5,3,2,3,1.0,3
347,Age>25,5,3,2,4,1.0,3
347,Age>25,5,3,2,5,0.6666666666666666,3
347,Age>25,5,3,2,6,1.0,3
347,Age>25,5,3,2,7,1.0,3
347,Age>25,5,3,2,8,1.0,3
347,Age>25,5,3,2,9,1.0,3
347,Age>25,6,5,2,1,0.4,5
347,Age>25,6,5,2,2,0.6,5
347,Age>25,6,5,2,3,0.6,5
347,Age>25,6,5,2,4,0.8,5
347,Age>25,6,5,2,5,1.0,5
347,Age>25,6,5,2,6,1.0,5
347,Age>25,6,5,2,7,1.0,5
347,Age>25,6,5,2,8,1.0,5
347,Age>25,6,5,2,9,1.0,5
347,Age>25,7,2,2,1,0.0,2
347,Age>25,7,2,2,2,0.5,2
347,Age>25,7,2,2,3,0.5,2
347,Age>25,7,2,2,4,1.0,2
347,Age>25,7,2,2,5,1.0,2
347,Age>25,7,2,2,6,1.0,2
347,Age>25,7,2,2,7,1.0,2
347,Age>25,7,2,2,8,1.0,2
347,Age>25,7,2,2,9,1.0,2
347,Age>25,8,3,3,1,0.3333333333333333,3
347,Age>25,8,3,3,2,0.6666666666666666,3
347,Age>25,8,3,3,3,1.0,3
347,Age>25,8,3,3,4,1.0,3
347,Age>25,8,3,3,5,1.0,3
347,Age>25,8,3,3,6,1.0,3
347,Age>25,8,3,3,7,0.6666666666666666,3
347,Age>25,8,3,3,8,1.0,3
347,Age>25,8,3,3,9,1.0,3
347,Age>25,9,4,2,1,0.5,4
347,Age>25,9,4,2,2,1.0,4
347,Age>25,9,4,2,3,0.75,4
347,Age>25,9,4,2,4,1.0,4
347,Age>25,9,4,2,5,1.0,4
347,Age>25,9,4,2,6,1.0,4
347,Age>25,9,4,2,7,1.0,4
347,Age>25,9,4,2,8,1.0,4
347,Age>25,9,4,2,9,1.0,4
347,Age>25,10,5,3,1,0.2,5
347,Age>25,10,5,3,2,0.6,5
347,Age>25,10,5,3,3,0.8,5
347,Age>25,10,5,3,4,1.0,5
347,Age>25,10,5,3,5,1.0,5
347,Age>25,10,5,3,6,1.0,5
347,Age>25,10,5,3,7,1.0,5
347,Age>25,10,5,3,8,1.0,5
347,Age>25,10,5,3,9,1.0,5
348,Age>25,1,2,1,1,1.0,2
348,Age>25,1,2,1,2,1.0,2
348,Age>25,1,2,1,3,1.0,2
348,Age>25,1,2,1,4,1.0,2
348,Age>25,1,2,1,5,1.0,2
348,Age>25,1,2,1,6,0.5,2
348,Age>25,1,2,1,7,1.0,2
348,Age>25,1,2,1,8,1.0,2
348,Age>25,1,2,1,9,1.0,2
348,Age>25,2,4,1,1,0.25,4
348,Age>25,2,4,1,2,0.5,4
348,Age>25,2,4,1,3,0.75,4
348,Age>25,2,4,1,4,0.75,4
348,Age>25,2,4,1,5,0.75,4
348,Age>25,2,4,1,6,0.5,4
348,Age>25,2,4,1,7,1.0,4
348,Age>25,2,4,1,8,0.75,4
348,Age>25,2,4,1,9,0.5,4
348,Age>25,3,3,1,1,0.3333333333333333,3
348,Age>25,3,3,1,2,0.6666666666666666,3
348,Age>25,3,3,1,3,1.0,3
348,Age>25,3,3,1,4,0.6666666666666666,3
348,Age>25,3,3,1,5,1.0,3
348,Age>25,3,3,1,6,1.0,3
348,Age>25,3,3,1,7,1.0,3
348,Age>25,3,3,1,8,1.0,3
348,Age>25,3,3,1,9,0.6666666666666666,3
348,Age>25,4,5,1,1,0.6,5
348,Age>25,4,5,1,2,0.6,5
348,Age>25,4,5,1,3,0.8,5
348,Age>25,4,5,1,4,1.0,5
348,Age>25,4,5,1,5,0.8,5
348,Age>25,4,5,1,6,1.0,5
348,Age>25,4,5,1,7,1.0,5
348,Age>25,4,5,1,8,1.0,5
348,Age>25,4,5,1,9,0.8,5
348,Age>25,5,3,2,1,0.6666666666666666,3
348,Age>25,5,3,2,2,1.0,3
348,Age>25,5,3,2,3,0.6666666666666666,3
348,Age>25,5,3,2,4,0.6666666666666666,3
348,Age>25,5,3,2,5,1.0,3
348,Age>25,5,3,2,6,1.0,3
348,Age>25,5,3,2,7,1.0,3
348,Age>25,5,3,2,8,1.0,3
348,Age>25,5,3,2,9,0.6666666666666666,3
348,Age>25,6,5,2,1,0.6,5
348,Age>25,6,5,2,2,0.6,5
348,Age>25,6,5,2,3,0.4,5
348,Age>25,6,5,2,4,0.8,5
348,Age>25,6,5,2,5,0.8,5
348,Age>25,6,5,2,6,1.0,5
348,Age>25,6,5,2,7,1.0,5
348,Age>25,6,5,2,8,1.0,5
348,Age>25,6,5,2,9,0.8,5
348,Age>25,7,2,2,1,0.0,2
348,Age>25,7,2,2,2,0.5,2
348,Age>25,7,2,2,3,0.5,2
348,Age>25,7,2,2,4,0.5,2
348,Age>25,7,2,2,5,1.0,2
348,Age>25,7,2,2,6,0.5,2
348,Age>25,7,2,2,7,1.0,2
348,Age>25,7,2,2,8,0.5,2
348,Age>25,7,2,2,9,0.5,2
348,Age>25,8,4,2,1,0.5,4
348,Age>25,8,4,2,2,1.0,4
348,Age>25,8,4,2,3,1.0,4
348,Age>25,8,4,2,4,1.0,4
348,Age>25,8,4,2,5,0.75,4
348,Age>25,8,4,2,6,1.0,4
348,Age>25,8,4,2,7,0.5,4
348,Age>25,8,4,2,8,0.75,4
348,Age>25,8,4,2,9,1.0,4
348,Age>25,9,3,3,1,1.0,3
348,Age>25,9,3,3,2,1.0,3
348,Age>25,9,3,3,3,1.0,3
348,Age>25,9,3,3,4,0.6666666666666666,3
348,Age>25,9,3,3,5,1.0,3
348,Age>25,9,3,3,6,1.0,3
348,Age>25,9,3,3,7,1.0,3
348,Age>25,9,3,3,8,1.0,3
348,Age>25,9,3,3,9,1.0,3
348,Age>25,10,5,3,1,0.8,5
348,Age>25,10,5,3,2,0.4,5
348,Age>25,10,5,3,3,0.6,5
348,Age>25,10,5,3,4,0.6,5
348,Age>25,10,5,3,5,0.8,5
348,Age>25,10,5,3,6,0.6,5
348,Age>25,10,5,3,7,0.4,5
348,Age>25,10,5,3,8,0.6,5
348,Age>25,10,5,3,9,1.0,5
349,Age>25,1,2,1,1,0.5,2
349,Age>25,1,2,1,2,1.0,2
349,Age>25,1,2,1,3,1.0,2
349,Age>25,1,2,1,4,1.0,2
349,Age>25,1,2,1,5,1.0,2
349,Age>25,1,2,1,6,1.0,2
349,Age>25,1,2,1,7,1.0,2
349,Age>25,1,2,1,8,1.0,2
349,Age>25,1,2,1,9,1.0,2
349,Age>25,2,3,1,1,0.3333333333333333,3
349,Age>25,2,3,1,2,0.3333333333333333,3
349,Age>25,2,3,1,3,0.3333333333333333,3
349,Age>25,2,3,1,4,0.6666666666666666,3
349,Age>25,2,3,1,5,0.6666666666666666,3
349,Age>25,2,3,1,6,0.6666666666666666,3
349,Age>25,2,3,1,7,0.6666666666666666,3
349,Age>25,2,3,1,8,0.6666666666666666,3
349,Age>25,2,3,1,9,1.0,3
349,Age>25,3,4,1,1,0.25,4
349,Age>25,3,4,1,2,0.75,4
349,Age>25,3,4,1,3,0.75,4
349,Age>25,3,4,1,4,0.75,4
349,Age>25,3,4,1,5,1.0,4
349,Age>25,3,4,1,6,1.0,4
349,Age>25,3,4,1,7,1.0,4
349,Age>25,3,4,1,8,1.0,4
349,Age>25,3,4,1,9,1.0,4
349,Age>25,4,5,1,1,0.6,5
349,Age>25,4,5,1,2,0.8,5
349,Age>25,4,5,1,3,0.6,5
349,Age>25,4,5,1,4,0.8,5
349,Age>25,4,5,1,5,0.8,5
349,Age>25,4,5,1,6,1.0,5
349,Age>25,4,5,1,7,1.0,5
349,Age>25,4,5,1,8,0.8,5
349,Age>25,4,5,1,9,1.0,5
349,Age>25,5,3,2,1,0.3333333333333333,3
349,Age>25,5,3,2,2,0.6666666666666666,3
349,Age>25,5,3,2,3,1.0,3
349,Age>25,5,3,2,4,0.6666666666666666,3
349,Age>25,5,3,2,5,1.0,3
349,Age>25,5,3,2,6,1.0,3
349,Age>25,5,3,2,7,1.0,3
349,Age>25,5,3,2,8,1.0,3
349,Age>25,5,3,2,9,1.0,3
349,Age>25,6,5,2,1,0.2,5
349,Age>25,6,5,2,2,0.4,5
349,Age>25,6,5,2,3,0.8,5
349,Age>25,6,5,2,4,1.0,5
349,Age>25,6,5,2,5,1.0,5
349,Age>25,6,5,2,6,1.0,5
349,Age>25,6,5,2,7,1.0,5
349,Age>25,6,5,2,8,1.0,5
349,Age>25,6,5,2,9,1.0,5
349,Age>25,7,2,2,1,0.0,2
349,Age>25,7,2,2,2,0.5,2
349,Age>25,7,2,2,3,1.0,2
349,Age>25,7,2,2,4,1.0,2
349,Age>25,7,2,2,5,1.0,2
349,Age>25,7,2,2,6,1.0,2
349,Age>25,7,2,2,7,1.0,2
349,Age>25,7,2,2,8,1.0,2
349,Age>25,7,2,2,9,1.0,2
349,Age>25,8,3,3,1,0.6666666666666666,3
349,Age>25,8,3,3,2,1.0,3
349,Age>25,8,3,3,3,1.0,3
349,Age>25,8,3,3,4,1.0,3
349,Age>25,8,3,3,5,1.0,3
349,Age>25,8,3,3,6,1.0,3
349,Age>25,8,3,3,7,1.0,3
349,Age>25,8,3,3,8,1.0,3
349,Age>25,8,3,3,9,1.0,3
349,Age>25,9,4,2,1,0.5,4
349,Age>25,9,4,2,2,0.75,4
349,Age>25,9,4,2,3,0.75,4
349,Age>25,9,4,2,4,1.0,4
349,Age>25,9,4,2,5,1.0,4
349,Age>25,9,4,2,6,1.0,4
349,Age>25,9,4,2,7,1.0,4
349,Age>25,9,4,2,8,1.0,4
349,Age>25,9,4,2,9,1.0,4
349,Age>25,10,5,3,1,0.2,5
349,Age>25,10,5,3,2,0.2,5
349,Age>25,10,5,3,3,0.6,5
349,Age>25,10,5,3,4,0.4,5
349,Age>25,10,5,3,5,0.8,5
349,Age>25,10,5,3,6,0.8,5
349,Age>25,10,5,3,7,1.0,5
349,Age>25,10,5,3,8,0.6,5
349,Age>25,10,5,3,9,1.0,5
350,Age>25,1,2,1,1,1.0,2
350,Age>25,1,2,1,2,1.0,2
350,Age>25,1,2,1,3,1.0,2
350,Age>25,1,2,1,4,1.0,2
350,Age>25,1,2,1,5,1.0,2
350,Age>25,1,2,1,6,0.5,2
350,Age>25,1,2,1,7,1.0,2
350,Age>25,1,2,1,8,1.0,2
350,Age>25,1,2,1,9,1.0,2
350,Age>25,2,3,1,1,0.3333333333333333,3
350,Age>25,2,3,1,2,0.3333333333333333,3
350,Age>25,2,3,1,3,0.3333333333333333,3
350,Age>25,2,3,1,4,0.6666666666666666,3
350,Age>25,2,3,1,5,1.0,3
350,Age>25,2,3,1,6,1.0,3
350,Age>25,2,3,1,7,1.0,3
350,Age>25,2,3,1,8,1.0,3
350,Age>25,2,3,1,9,0.6666666666666666,3
350,Age>25,3,4,1,1,0.5,4
350,Age>25,3,4,1,2,0.75,4
350,Age>25,3,4,1,3,1.0,4
350,Age>25,3,4,1,4,1.0,4
350,Age>25,3,4,1,5,1.0,4
350,Age>25,3,4,1,6,1.0,4
350,Age>25,3,4,1,7,0.75,4
350,Age>25,3,4,1,8,0.75,4
350,Age>25,3,4,1,9,1.0,4
350,Age>25,4,5,1,1,0.2,5
350,Age>25,4,5,1,2,0.6,5
350,Age>25,4,5,1,3,0.8,5
350,Age>25,4,5,1,4,0.6,5
350,Age>25,4,5,1,5,0.4,5
350,Age>25,4,5,1,6,0.6,5
350,Age>25,4,5,1,7,0.0,5
350,Age>25,4,5,1,8,0.2,5
350,Age>25,4,5,1,9,0.2,5
350,Age>25,5,3,2,1,0.0,3
350,Age>25,5,3,2,2,0.3333333333333333,3
350,Age>25,5,3,2,3,0.3333333333333333,3
350,Age>25,5,3,2,4,0.3333333333333333,3
350,Age>25,5,3,2,5,0.0,3
350,Age>25,5,3,2,6,0.3333333333333333,3
350,Age>25,5,3,2,7,0.0,3
350,Age>25,5,3,2,8,0.6666666666666666,3
350,Age>25,5,3,2,9,0.3333333333333333,3
350,Age>25,6,5,2,1,0.2,5
350,Age>25,6,5,2,2,0.6,5
350,Age>25,6,5,2,3,0.2,5
350,Age>25,6,5,2,4,0.4,5
350,Age>25,6,5,2,5,0.6,5
350,Age>25,6,5,2,6,0.2,5
350,Age>25,6,5,2,7,0.0,4
350,Age>25,6,5,2,8,0.4,5
350,Age>25,6,5,2,9,0.4,5
350,Age>25,7,2,2,1,0.5,2
350,Age>25,7,2,2,2,1.0,2
350,Age>25,7,2,2,3,0.0,2
350,Age>25,7,2,2,4,1.0,2
350,Age>25,7,2,2,5,0.0,2
350,Age>25,7,2,2,6,0.5,2
350,Age>25,7,2,2,7,0.5,2
350,Age>25,7,2,2,8,0.5,2
350,Age>25,7,2,2,9,0.0,2
350,Age>25,8,3,3,1,0.6666666666666666,3
350,Age>25,8,3,3,2,0.0,3
350,Age>25,8,3,3,3,0.3333333333333333,3
350,Age>25,8,3,3,4,0.0,3
350,Age>25,8,3,3,5,0.3333333333333333,3
350,Age>25,8,3,3,6,0.3333333333333333,3
350,Age>25,8,3,3,7,0.6666666666666666,3
350,Age>25,8,3,3,8,0.3333333333333333,3
350,Age>25,8,3,3,9,0.6666666666666666,3
350,Age>25,9,4,2,1,0.5,4
350,Age>25,9,4,2,2,0.5,4
350,Age>25,9,4,2,3,0.25,4
350,Age>25,9,4,2,4,0.0,3
350,Age>25,9,4,2,5,0.25,4
350,Age>25,9,4,2,6,0.25,4
350,Age>25,9,4,2,7,0.5,4
350,Age>25,9,4,2,8,0.0,4
350,Age>25,9,4,2,9,0.0,4
350,Age>25,10,5,3,1,0.2,5
350,Age>25,10,5,3,2,0.0,5
350,Age>25,10,5,3,3,0.6,5
350,Age>25,10,5,3,4,0.6,5
350,Age>25,10,5,3,5,0.2,5
350,Age>25,10,5,3,6,0.2,5
350,Age>25,10,5,3,7,0.0,4
350,Age>25,10,5,3,8,0.2,5
350,Age>25,10,5,3,9,0.4,5
351,Age>25,1,2,1,1,0.5,2
351,Age>25,1,2,1,2,1.0,2
351,Age>25,1,2,1,3,1.0,2
351,Age>25,1,2,1,4,1.0,2
351,Age>25,1,2,1,5,1.0,2
351,Age>25,1,2,1,6,1.0,2
351,Age>25,1,2,1,7,1.0,2
351,Age>25,1,2,1,8,1.0,2
351,Age>25,1,2,1,9,1.0,2
351,Age>25,2,3,1,1,0.3333333333333333,3
351,Age>25,2,3,1,2,0.6666666666666666,3
351,Age>25,2,3,1,3,0.6666666666666666,3
351,Age>25,2,3,1,4,1.0,3
351,Age>25,2,3,1,5,1.0,3
351,Age>25,2,3,1,6,0.6666666666666666,3
351,Age>25,2,3,1,7,1.0,3
351,Age>25,2,3,1,8,1.0,3
351,Age>25,2,3,1,9,1.0,3
351,Age>25,3,4,1,1,0.25,4
351,Age>25,3,4,1,2,0.75,4
351,Age>25,3,4,1,3,1.0,4
351,Age>25,3,4,1,4,1.0,4
351,Age>25,3,4,1,5,1.0,4
351,Age>25,3,4,1,6,1.0,4
351,Age>25,3,4,1,7,1.0,4
351,Age>25,3,4,1,8,1.0,4
351,Age>25,3,4,1,9,1.0,4
351,Age>25,4,5,1,1,0.0,5
351,Age>25,4,5,1,2,0.4,5
351,Age>25,4,5,1,3,1.0,5
351,Age>25,4,5,1,4,1.0,5
351,Age>25,4,5,1,5,1.0,5
351,Age>25,4,5,1,6,1.0,5
351,Age>25,4,5,1,7,1.0,5
351,Age>25,4,5,1,8,1.0,5
351,Age>25,4,5,1,9,1.0,5
351,Age>25,5,3,2,1,0.3333333333333333,3
351,Age>25,5,3,2,2,1.0,3
351,Age>25,5,3,2,3,0.6666666666666666,3
351,Age>25,5,3,2,4,1.0,3
351,Age>25,5,3,2,5,1.0,3
351,Age>25,5,3,2,6,1.0,3
351,Age>25,5,3,2,7,1.0,3
351,Age>25,5,3,2,8,1.0,3
351,Age>25,5,3,2,9,1.0,3
351,Age>25,6,5,2,1,0.4,5
351,Age>25,6,5,2,2,0.4,5
351,Age>25,6,5,2,3,0.8,5
351,Age>25,6,5,2,4,1.0,5
351,Age>25,6,5,2,5,1.0,5
351,Age>25,6,5,2,6,0.8,5
351,Age>25,6,5,2,7,1.0,5
351,Age>25,6,5,2,8,1.0,5
351,Age>25,6,5,2,9,1.0,5
351,Age>25,7,2,2,1,0.0,2
351,Age>25,7,2,2,2,0.5,2
351,Age>25,7,2,2,3,1.0,2
351,Age>25,7,2,2,4,1.0,2
351,Age>25,7,2,2,5,1.0,2
351,Age>25,7,2,2,6,1.0,2
351,Age>25,7,2,2,7,1.0,2
351,Age>25,7,2,2,8,1.0,2
351,Age>25,7,2,2,9,1.0,2
351,Age>25,8,3,3,1,0.3333333333333333,3
351,Age>25,8,3,3,2,0.6666666666666666,3
351,Age>25,8,3,3,3,1.0,3
351,Age>25,8,3,3,4,1.0,3
351,Age>25,8,3,3,5,1.0,3
351,Age>25,8,3,3,6,1.0,3
351,Age>25,8,3,3,7,1.0,3
351,Age>25,8,3,3,8,1.0,3
351,Age>25,8,3,3,9,1.0,3
351,Age>25,9,4,2,1,0.5,4
351,Age>25,9,4,2,2,0.75,4
351,Age>25,9,4,2,3,1.0,4
351,Age>25,9,4,2,4,0.75,4
351,Age>25,9,4,2,5,1.0,4
351,Age>25,9,4,2,6,0.75,4
351,Age>25,9,4,2,7,1.0,4
351,Age>25,9,4,2,8,1.0,4
351,Age>25,9,4,2,9,1.0,4
351,Age>25,10,5,3,1,0.2,5
351,Age>25,10,5,3,2,0.4,5
351,Age>25,10,5,3,3,0.8,5
351,Age>25,10,5,3,4,1.0,5
351,Age>25,10,5,3,5,1.0,5
351,Age>25,10,5,3,6,1.0,5
351,Age>25,10,5,3,7,1.0,5
351,Age>25,10,5,3,8,1.0,5
351,Age>25,10,5,3,9,1.0,5
352,Age>25,1,2,1,1,0.0,2
352,Age>25,1,2,1,2,1.0,2
352,Age>25,1,2,1,3,1.0,2
352,Age>25,1,2,1,4,1.0,2
352,Age>25,1,2,1,5,1.0,2
352,Age>25,1,2,1,6,1.0,2
352,Age>25,1,2,1,7,1.0,2
352,Age>25,1,2,1,8,1.0,2
352,Age>25,1,2,1,9,0.5,2
352,Age>25,2,3,1,1,0.0,3
352,Age>25,2,3,1,2,0.0,3
352,Age>25,2,3,1,3,0.6666666666666666,3
352,Age>25,2,3,1,4,0.6666666666666666,3
352,Age>25,2,3,1,5,1.0,3
352,Age>25,2,3,1,6,1.0,3
352,Age>25,2,3,1,7,1.0,3
352,Age>25,2,3,1,8,1.0,3
352,Age>25,2,3,1,9,1.0,3
352,Age>25,3,5,1,1,0.4,5
352,Age>25,3,5,1,2,0.8,5
352,Age>25,3,5,1,3,1.0,5
352,Age>25,3,5,1,4,1.0,5
352,Age>25,3,5,1,5,0.8,5
352,Age>25,3,5,1,6,0.8,5
352,Age>25,3,5,1,7,1.0,5
352,Age>25,3,5,1,8,1.0,5
352,Age>25,3,5,1,9,1.0,5
352,Age>25,4,4,1,1,0.25,4
352,Age>25,4,4,1,2,0.5,4
352,Age>25,4,4,1,3,0.5,4
352,Age>25,4,4,1,4,1.0,4
352,Age>25,4,4,1,5,1.0,4
352,Age>25,4,4,1,6,1.0,4
352,Age>25,4,4,1,7,1.0,4
352,Age>25,4,4,1,8,1.0,4
352,Age>25,4,4,1,9,1.0,4
352,Age>25,5,3,2,1,0.3333333333333333,3
352,Age>25,5,3,2,2,0.6666666666666666,3
352,Age>25,5,3,2,3,1.0,3
352,Age>25,5,3,2,4,1.0,3
352,Age>25,5,3,2,5,1.0,3
352,Age>25,5,3,2,6,1.0,3
352,Age>25,5,3,2,7,1.0,3
352,Age>25,5,3,2,8,1.0,3
352,Age>25,5,3,2,9,1.0,3
352,Age>25,6,5,2,1,0.2,5
352,Age>25,6,5,2,2,0.4,5
352,Age>25,6,5,2,3,0.6,5
352,Age>25,6,5,2,4,0.8,5
352,Age>25,6,5,2,5,0.8,5
352,Age>25,6,5,2,6,0.8,5
352,Age>25,6,5,2,7,0.8,5
352,Age>25,6,5,2,8,1.0,5
352,Age>25,6,5,2,9,1.0,5
352,Age>25,7,2,2,1,0.5,2
352,Age>25,7,2,2,2,0.5,2
352,Age>25,7,2,2,3,1.0,2
352,Age>25,7,2,2,4,1.0,2
352,Age>25,7,2,2,5,1.0,2
352,Age>25,7,2,2,6,1.0,2
352,Age>25,7,2,2,7,1.0,2
352,Age>25,7,2,2,8,1.0,2
352,Age>25,7,2,2,9,1.0,2
352,Age>25,8,3,3,1,1.0,3
352,Age>25,8,3,3,2,1.0,3
352,Age>25,8,3,3,3,1.0,3
352,Age>25,8,3,3,4,1.0,3
352,Age>25,8,3,3,5,1.0,3
352,Age>25,8,3,3,6,0.6666666666666666,3
352,Age>25,8,3,3,7,1.0,3
352,Age>25,8,3,3,8,1.0,3
352,Age>25,8,3,3,9,1.0,3
352,Age>25,9,5,3,1,0.4,5
352,Age>25,9,5,3,2,0.6,5
352,Age>25,9,5,3,3,0.8,5
352,Age>25,9,5,3,4,0.8,5
352,Age>25,9,5,3,5,1.0,5
352,Age>25,9,5,3,6,1.0,5
352,Age>25,9,5,3,7,0.8,5
352,Age>25,9,5,3,8,1.0,5
352,Age>25,9,5,3,9,1.0,5
352,Age>25,10,4,2,1,0.25,4
352,Age>25,10,4,2,2,0.5,4
352,Age>25,10,4,2,3,1.0,4
352,Age>25,10,4,2,4,1.0,4
352,Age>25,10,4,2,5,1.0,4
352,Age>25,10,4,2,6,1.0,4
352,Age>25,10,4,2,7,1.0,4
352,Age>25,10,4,2,8,1.0,4
352,Age>25,10,4,2,9,1.0,4
353,Age>25,1,2,1,1,0.0,2
353,Age>25,1,2,1,2,1.0,2
353,Age>25,1,2,1,3,1.0,2
353,Age>25,1,2,1,4,1.0,2
353,Age>25,1,2,1,5,1.0,2
353,Age>25,1,2,1,6,1.0,2
353,Age>25,1,2,1,7,1.0,2
353,Age>25,1,2,1,8,1.0,2
353,Age>25,1,2,1,9,1.0,2
353,Age>25,2,3,1,1,0.3333333333333333,3
353,Age>25,2,3,1,2,0.6666666666666666,3
353,Age>25,2,3,1,3,0.3333333333333333,3
353,Age>25,2,3,1,4,0.6666666666666666,3
353,Age>25,2,3,1,5,1.0,3
353,Age>25,2,3,1,6,1.0,3
353,Age>25,2,3,1,7,1.0,3
353,Age>25,2,3,1,8,1.0,3
353,Age>25,2,3,1,9,0.6666666666666666,3
353,Age>25,3,5,1,1,0.4,5
353,Age>25,3,5,1,2,0.4,5
353,Age>25,3,5,1,3,0.8,5
353,Age>25,3,5,1,4,0.8,5
353,Age>25,3,5,1,5,1.0,5
353,Age>25,3,5,1,6,1.0,5
353,Age>25,3,5,1,7,1.0,5
353,Age>25,3,5,1,8,1.0,5
353,Age>25,3,5,1,9,1.0,5
353,Age>25,4,4,1,1,0.25,4
353,Age>25,4,4,1,2,0.75,4
353,Age>25,4,4,1,3,1.0,4
353,Age>25,4,4,1,4,1.0,4
353,Age>25,4,4,1,5,1.0,4
353,Age>25,4,4,1,6,1.0,4
353,Age>25,4,4,1,7,1.0,4
353,Age>25,4,4,1,8,1.0,4
353,Age>25,4,4,1,9,1.0,4
353,Age>25,5,3,2,1,0.3333333333333333,3
353,Age>25,5,3,2,2,0.3333333333333333,3
353,Age>25,5,3,2,3,1.0,3
353,Age>25,5,3,2,4,1.0,3
353,Age>25,5,3,2,5,1.0,3
353,Age>25,5,3,2,6,1.0,3
353,Age>25,5,3,2,7,1.0,3
353,Age>25,5,3,2,8,1.0,3
353,Age>25,5,3,2,9,1.0,3
353,Age>25,6,5,2,1,0.6,5
353,Age>25,6,5,2,2,0.8,5
353,Age>25,6,5,2,3,1.0,5
353,Age>25,6,5,2,4,1.0,5
353,Age>25,6,5,2,5,1.0,5
353,Age>25,6,5,2,6,1.0,5
353,Age>25,6,5,2,7,1.0,5
353,Age>25,6,5,2,8,1.0,5
353,Age>25,6,5,2,9,1.0,5
353,Age>25,7,2,2,1,0.5,2
353,Age>25,7,2,2,2,0.5,2
353,Age>25,7,2,2,3,0.5,2
353,Age>25,7,2,2,4,1.0,2
353,Age>25,7,2,2,5,1.0,2
353,Age>25,7,2,2,6,1.0,2
353,Age>25,7,2,2,7,1.0,2
353,Age>25,7,2,2,8,1.0,2
353,Age>25,7,2,2,9,1.0,2
353,Age>25,8,3,3,1,0.3333333333333333,3
353,Age>25,8,3,3,2,0.6666666666666666,3
353,Age>25,8,3,3,3,1.0,3
353,Age>25,8,3,3,4,1.0,3
353,Age>25,8,3,3,5,1.0,3
353,Age>25,8,3,3,6,1.0,3
353,Age>25,8,3,3,7,1.0,3
353,Age>25,8,3,3,8,1.0,3
353,Age>25,8,3,3,9,1.0,3
353,Age>25,9,5,3,1,0.6,5
353,Age>25,9,5,3,2,0.6,5
353,Age>25,9,5,3,3,1.0,5
353,Age>25,9,5,3,4,1.0,5
353,Age>25,9,5,3,5,1.0,5
353,Age>25,9,5,3,6,1.0,5
353,Age>25,9,5,3,7,1.0,5
353,Age>25,9,5,3,8,1.0,5
353,Age>25,9,5,3,9,1.0,5
353,Age>25,10,4,2,1,0.25,4
353,Age>25,10,4,2,2,0.75,4
353,Age>25,10,4,2,3,0.75,4
353,Age>25,10,4,2,4,1.0,4
353,Age>25,10,4,2,5,1.0,4
353,Age>25,10,4,2,6,1.0,4
353,Age>25,10,4,2,7,1.0,4
353,Age>25,10,4,2,8,1.0,4
353,Age>25,10,4,2,9,1.0,4
354,Age>25,1,2,1,1,1.0,2
354,Age>25,1,2,1,2,1.0,2
354,Age>25,1,2,1,3,0.5,2
354,Age>25,1,2,1,4,1.0,2
354,Age>25,1,2,1,5,1.0,2
354,Age>25,1,2,1,6,1.0,2
354,Age>25,1,2,1,7,1.0,2
354,Age>25,1,2,1,8,1.0,2
354,Age>25,1,2,1,9,0.5,2
354,Age>25,2,3,1,1,0.0,3
354,Age>25,2,3,1,2,0.3333333333333333,3
354,Age>25,2,3,1,3,0.3333333333333333,3
354,Age>25,2,3,1,4,0.6666666666666666,3
354,Age>25,2,3,1,5,0.6666666666666666,3
354,Age>25,2,3,1,6,1.0,3
354,Age>25,2,3,1,7,1.0,3
354,Age>25,2,3,1,8,0.6666666666666666,3
354,Age>25,2,3,1,9,1.0,3
354,Age>25,3,5,1,1,0.2,5
354,Age>25,3,5,1,2,0.8,5
354,Age>25,3,5,1,3,0.8,5
354,Age>25,3,5,1,4,0.6,5
354,Age>25,3,5,1,5,0.6,5
354,Age>25,3,5,1,6,0.4,5
354,Age>25,3,5,1,7,0.8,5
354,Age>25,3,5,1,8,0.6,5
354,Age>25,3,5,1,9,1.0,5
354,Age>25,4,4,1,1,0.25,4
354,Age>25,4,4,1,2,1.0,4
354,Age>25,4,4,1,3,0.5,4
354,Age>25,4,4,1,4,1.0,4
354,Age>25,4,4,1,5,1.0,4
354,Age>25,4,4,1,6,1.0,4
354,Age>25,4,4,1,7,1.0,4
354,Age>25,4,4,1,8,1.0,4
354,Age>25,4,4,1,9,1.0,4
354,Age>25,5,3,2,1,0.0,3
354,Age>25,5,3,2,2,0.3333333333333333,3
354,Age>25,5,3,2,3,0.3333333333333333,3
354,Age>25,5,3,2,4,0.3333333333333333,3
354,Age>25,5,3,2,5,0.3333333333333333,3
354,Age>25,5,3,2,6,1.0,3
354,Age>25,5,3,2,7,1.0,3
354,Age>25,5,3,2,8,1.0,3
354,Age>25,5,3,2,9,1.0,3
354,Age>25,6,5,2,1,0.4,5
354,Age>25,6,5,2,2,0.4,5
354,Age>25,6,5,2,3,0.6,5
354,Age>25,6,5,2,4,0.2,5
354,Age>25,6,5,2,5,0.2,5
354,Age>25,6,5,2,6,0.2,5
354,Age>25,6,5,2,7,0.4,5
354,Age>25,6,5,2,8,0.6,5
354,Age>25,6,5,2,9,0.4,5
354,Age>25,7,2,2,1,0.0,2
354,Age>25,7,2,2,2,0.5,2
354,Age>25,7,2,2,3,0.5,2
354,Age>25,7,2,2,4,1.0,2
354,Age>25,7,2,2,5,1.0,2
354,Age>25,7,2,2,6,1.0,2
354,Age>25,7,2,2,7,0.5,2
354,Age>25,7,2,2,8,1.0,2
354,Age>25,7,2,2,9,0.5,2
354,Age>25,8,3,3,1,1.0,3
354,Age>25,8,3,3,2,1.0,3
354,Age>25,8,3,3,3,1.0,3
354,Age>25,8,3,3,4,1.0,3
354,Age>25,8,3,3,5,1.0,3
354,Age>25,8,3,3,6,1.0,3
354,Age>25,8,3,3,7,1.0,3
354,Age>25,8,3,3,8,1.0,3
354,Age>25,8,3,3,9,1.0,3
354,Age>25,9,5,3,1,0.4,5
354,Age>25,9,5,3,2,0.4,5
354,Age>25,9,5,3,3,0.6,5
354,Age>25,9,5,3,4,0.6,5
354,Age>25,9,5,3,5,0.6,5
354,Age>25,9,5,3,6,0.6,5
354,Age>25,9,5,3,7,0.6,5
354,Age>25,9,5,3,8,0.6,5
354,Age>25,9,5,3,9,0.8,5
354,Age>25,10,4,2,1,0.0,4
354,Age>25,10,4,2,2,0.5,4
354,Age>25,10,4,2,3,0.5,4
354,Age>25,10,4,2,4,0.5,4
354,Age>25,10,4,2,5,0.75,4
354,Age>25,10,4,2,6,1.0,4
354,Age>25,10,4,2,7,1.0,4
354,Age>25,10,4,2,8,0.75,4
354,Age>25,10,4,2,9,1.0,4
357,Age>25,1,2,1,1,0.0,2
357,Age>25,1,2,1,2,1.0,2
357,Age>25,1,2,1,3,1.0,2
357,Age>25,1,2,1,4,0.5,2
357,Age>25,1,2,1,5,1.0,2
357,Age>25,1,2,1,6,0.5,2
357,Age>25,1,2,1,7,1.0,2
357,Age>25,1,2,1,8,0.5,2
357,Age>25,1,2,1,9,1.0,2
357,Age>25,2,3,1,1,0.0,3
357,Age>25,2,3,1,2,0.6666666666666666,3
357,Age>25,2,3,1,3,1.0,3
357,Age>25,2,3,1,4,1.0,3
357,Age>25,2,3,1,5,1.0,3
357,Age>25,2,3,1,6,1.0,3
357,Age>25,2,3,1,7,1.0,3
357,Age>25,2,3,1,8,1.0,3
357,Age>25,2,3,1,9,0.6666666666666666,3
357,Age>25,3,4,1,1,0.75,4
357,Age>25,3,4,1,2,0.75,4
357,Age>25,3,4,1,3,1.0,4
357,Age>25,3,4,1,4,1.0,4
357,Age>25,3,4,1,5,1.0,4
357,Age>25,3,4,1,6,1.0,4
357,Age>25,3,4,1,7,1.0,4
357,Age>25,3,4,1,8,1.0,4
357,Age>25,3,4,1,9,0.75,4
357,Age>25,4,5,1,1,0.4,5
357,Age>25,4,5,1,2,0.8,5
357,Age>25,4,5,1,3,0.8,5
357,Age>25,4,5,1,4,0.4,5
357,Age>25,4,5,1,5,1.0,5
357,Age>25,4,5,1,6,1.0,5
357,Age>25,4,5,1,7,1.0,5
357,Age>25,4,5,1,8,1.0,5
357,Age>25,4,5,1,9,1.0,5
357,Age>25,5,3,2,1,0.3333333333333333,3
357,Age>25,5,3,2,2,0.3333333333333333,3
357,Age>25,5,3,2,3,1.0,3
357,Age>25,5,3,2,4,1.0,3
357,Age>25,5,3,2,5,1.0,3
357,Age>25,5,3,2,6,1.0,3
357,Age>25,5,3,2,7,1.0,3
357,Age>25,5,3,2,8,1.0,3
357,Age>25,5,3,2,9,1.0,3
357,Age>25,6,5,2,1,0.8,5
357,Age>25,6,5,2,2,0.8,5
357,Age>25,6,5,2,3,1.0,5
357,Age>25,6,5,2,4,1.0,5
357,Age>25,6,5,2,5,1.0,5
357,Age>25,6,5,2,6,1.0,5
357,Age>25,6,5,2,7,1.0,5
357,Age>25,6,5,2,8,0.8,5
357,Age>25,6,5,2,9,1.0,5
357,Age>25,7,2,2,1,0.0,2
357,Age>25,7,2,2,2,0.5,2
357,Age>25,7,2,2,3,1.0,2
357,Age>25,7,2,2,4,1.0,2
357,Age>25,7,2,2,5,1.0,2
357,Age>25,7,2,2,6,1.0,2
357,Age>25,7,2,2,7,1.0,2
357,Age>25,7,2,2,8,1.0,2
357,Age>25,7,2,2,9,1.0,2
357,Age>25,8,3,3,1,0.3333333333333333,3
357,Age>25,8,3,3,2,0.6666666666666666,3
357,Age>25,8,3,3,3,1.0,3
357,Age>25,8,3,3,4,0.3333333333333333,3
357,Age>25,8,3,3,5,1.0,3
357,Age>25,8,3,3,6,1.0,3
357,Age>25,8,3,3,7,1.0,3
357,Age>25,8,3,3,8,1.0,3
357,Age>25,8,3,3,9,1.0,3
357,Age>25,9,4,2,1,0.0,4
357,Age>25,9,4,2,2,0.25,4
357,Age>25,9,4,2,3,0.5,4
357,Age>25,9,4,2,4,0.25,4
357,Age>25,9,4,2,5,1.0,4
357,Age>25,9,4,2,6,1.0,4
357,Age>25,9,4,2,7,0.75,4
357,Age>25,9,4,2,8,1.0,4
357,Age>25,9,4,2,9,1.0,4
357,Age>25,10,5,3,1,0.6,5
357,Age>25,10,5,3,2,0.6,5
357,Age>25,10,5,3,3,0.6,5
357,Age>25,10,5,3,4,0.8,5
357,Age>25,10,5,3,5,0.6,5
357,Age>25,10,5,3,6,0.8,5
357,Age>25,10,5,3,7,1.0,5
357,Age>25,10,5,3,8,0.8,5
357,Age>25,10,5,3,9,0.8,5
359,Age>25,1,2,1,1,0.0,2
359,Age>25,1,2,1,2,0.5,2
359,Age>25,1,2,1,3,1.0,2
359,Age>25,1,2,1,4,1.0,2
359,Age>25,1,2,1,5,1.0,2
359,Age>25,1,2,1,6,1.0,2
359,Age>25,1,2,1,7,1.0,2
359,Age>25,1,2,1,8,1.0,2
359,Age>25,1,2,1,9,1.0,2
359,Age>25,2,3,1,1,0.6666666666666666,3
359,Age>25,2,3,1,2,0.3333333333333333,3
359,Age>25,2,3,1,3,0.3333333333333333,3
359,Age>25,2,3,1,4,0.6666666666666666,3
359,Age>25,2,3,1,5,1.0,3
359,Age>25,2,3,1,6,0.6666666666666666,3
359,Age>25,2,3,1,7,1.0,3
359,Age>25,2,3,1,8,1.0,3
359,Age>25,2,3,1,9,0.6666666666666666,3
359,Age>25,3,4,1,1,0.25,4
359,Age>25,3,4,1,2,0.5,4
359,Age>25,3,4,1,3,0.75,4
359,Age>25,3,4,1,4,0.5,4
359,Age>25,3,4,1,5,0.5,4
359,Age>25,3,4,1,6,0.75,4
359,Age>25,3,4,1,7,0.25,4
359,Age>25,3,4,1,8,0.75,4
359,Age>25,3,4,1,9,0.5,4
359,Age>25,4,5,1,1,0.0,5
359,Age>25,4,5,1,2,0.4,5
359,Age>25,4,5,1,3,0.4,5
359,Age>25,4,5,1,4,0.6,5
359,Age>25,4,5,1,5,0.4,5
359,Age>25,4,5,1,6,0.2,5
359,Age>25,4,5,1,7,0.6,5
359,Age>25,4,5,1,8,0.8,5
359,Age>25,4,5,1,9,0.6,5
359,Age>25,5,3,2,1,0.0,3
359,Age>25,5,3,2,2,0.3333333333333333,3
359,Age>25,5,3,2,3,0.3333333333333333,3
359,Age>25,5,3,2,4,0.6666666666666666,3
359,Age>25,5,3,2,5,0.6666666666666666,3
359,Age>25,5,3,2,6,0.3333333333333333,3
359,Age>25,5,3,2,7,1.0,3
359,Age>25,5,3,2,8,1.0,3
359,Age>25,5,3,2,9,1.0,3
359,Age>25,6,5,2,1,0.8,5
359,Age>25,6,5,2,2,0.0,5
359,Age>25,6,5,2,3,0.4,5
359,Age>25,6,5,2,4,0.6,5
359,Age>25,6,5,2,5,1.0,5
359,Age>25,6,5,2,6,0.8,5
359,Age>25,6,5,2,7,0.8,5
359,Age>25,6,5,2,8,1.0,5
359,Age>25,6,5,2,9,1.0,5
359,Age>25,7,2,2,1,0.5,2
359,Age>25,7,2,2,2,0.5,2
359,Age>25,7,2,2,3,1.0,2
359,Age>25,7,2,2,4,1.0,2
359,Age>25,7,2,2,5,1.0,2
359,Age>25,7,2,2,6,1.0,2
359,Age>25,7,2,2,7,1.0,2
359,Age>25,7,2,2,8,1.0,2
359,Age>25,7,2,2,9,1.0,2
359,Age>25,8,3,3,1,0.3333333333333333,3
359,Age>25,8,3,3,2,1.0,3
359,Age>25,8,3,3,3,0.3333333333333333,3
359,Age>25,8,3,3,4,1.0,3
359,Age>25,8,3,3,5,1.0,3
359,Age>25,8,3,3,6,0.6666666666666666,3
359,Age>25,8,3,3,7,1.0,3
359,Age>25,8,3,3,8,1.0,3
359,Age>25,8,3,3,9,1.0,3
359,Age>25,9,4,2,1,0.25,4
359,Age>25,9,4,2,2,0.75,4
359,Age>25,9,4,2,3,1.0,4
359,Age>25,9,4,2,4,1.0,4
359,Age>25,9,4,2,5,0.75,4
359,Age>25,9,4,2,6,1.0,4
359,Age>25,9,4,2,7,1.0,4
359,Age>25,9,4,2,8,1.0,4
359,Age>25,9,4,2,9,1.0,4
359,Age>25,10,5,3,1,0.6,5
359,Age>25,10,5,3,2,0.0,5
359,Age>25,10,5,3,3,0.0,5
359,Age>25,10,5,3,4,0.2,5
359,Age>25,10,5,3,5,0.2,5
359,Age>25,10,5,3,6,0.4,5
359,Age>25,10,5,3,7,0.4,5
359,Age>25,10,5,3,8,0.4,5
359,Age>25,10,5,3,9,0.6,5
360,Age>25,1,2,1,1,0.0,2
360,Age>25,1,2,1,2,0.5,2
360,Age>25,1,2,1,3,1.0,2
360,Age>25,1,2,1,4,1.0,2
360,Age>25,1,2,1,5,1.0,2
360,Age>25,1,2,1,6,1.0,2
360,Age>25,1,2,1,7,1.0,2
360,Age>25,1,2,1,8,1.0,2
360,Age>25,1,2,1,9,1.0,2
360,Age>25,2,3,1,1,0.6666666666666666,3
360,Age>25,2,3,1,2,0.6666666666666666,3
360,Age>25,2,3,1,3,0.6666666666666666,3
360,Age>25,2,3,1,4,0.6666666666666666,3
360,Age>25,2,3,1,5,1.0,3
360,Age>25,2,3,1,6,1.0,3
360,Age>25,2,3,1,7,1.0,3
360,Age>25,2,3,1,8,0.6666666666666666,3
360,Age>25,2,3,1,9,1.0,3
360,Age>25,3,4,1,1,0.75,4
360,Age>25,3,4,1,2,0.75,4
360,Age>25,3,4,1,3,0.5,4
360,Age>25,3,4,1,4,1.0,4
360,Age>25,3,4,1,5,1.0,4
360,Age>25,3,4,1,6,0.75,4
360,Age>25,3,4,1,7,0.75,4
360,Age>25,3,4,1,8,0.75,4
360,Age>25,3,4,1,9,1.0,4
360,Age>25,4,5,1,1,0.2,5
360,Age>25,4,5,1,2,0.4,5
360,Age>25,4,5,1,3,0.4,5
360,Age>25,4,5,1,4,0.2,5
360,Age>25,4,5,1,5,0.6,5
360,Age>25,4,5,1,6,0.4,5
360,Age>25,4,5,1,7,0.8,5
360,Age>25,4,5,1,8,1.0,5
360,Age>25,4,5,1,9,1.0,5
360,Age>25,5,3,2,1,0.0,3
360,Age>25,5,3,2,2,0.6666666666666666,3
360,Age>25,5,3,2,3,1.0,3
360,Age>25,5,3,2,4,1.0,3
360,Age>25,5,3,2,5,1.0,3
360,Age>25,5,3,2,6,1.0,3
360,Age>25,5,3,2,7,0.6666666666666666,3
360,Age>25,5,3,2,8,1.0,3
360,Age>25,5,3,2,9,1.0,3
360,Age>25,6,5,2,1,0.2,5
360,Age>25,6,5,2,2,0.4,5
360,Age>25,6,5,2,3,0.8,5
360,Age>25,6,5,2,4,0.6,5
360,Age>25,6,5,2,5,0.6,5
360,Age>25,6,5,2,6,0.8,5
360,Age>25,6,5,2,7,0.8,5
360,Age>25,6,5,2,8,0.8,5
360,Age>25,6,5,2,9,1.0,5
360,Age>25,7,2,2,1,0.5,2
360,Age>25,7,2,2,2,0.5,2
360,Age>25,7,2,2,3,1.0,2
360,Age>25,7,2,2,4,1.0,2
360,Age>25,7,2,2,5,1.0,2
360,Age>25,7,2,2,6,1.0,2
360,Age>25,7,2,2,7,1.0,2
360,Age>25,7,2,2,8,1.0,2
360,Age>25,7,2,2,9,1.0,2
360,Age>25,8,3,3,1,0.3333333333333333,3
360,Age>25,8,3,3,2,1.0,3
360,Age>25,8,3,3,3,1.0,3
360,Age>25,8,3,3,4,0.6666666666666666,3
360,Age>25,8,3,3,5,1.0,3
360,Age>25,8,3,3,6,1.0,3
360,Age>25,8,3,3,7,1.0,3
360,Age>25,8,3,3,8,1.0,3
360,Age>25,8,3,3,9,1.0,3
360,Age>25,9,4,2,1,1.0,4
360,Age>25,9,4,2,2,1.0,4
360,Age>25,9,4,2,3,1.0,4
360,Age>25,9,4,2,4,1.0,4
360,Age>25,9,4,2,5,1.0,4
360,Age>25,9,4,2,6,1.0,4
360,Age>25,9,4,2,7,1.0,4
360,Age>25,9,4,2,8,1.0,4
360,Age>25,9,4,2,9,1.0,4
360,Age>25,10,5,3,1,0.4,5
360,Age>25,10,5,3,2,1.0,5
360,Age>25,10,5,3,3,1.0,5
360,Age>25,10,5,3,4,1.0,5
360,Age>25,10,5,3,5,1.0,5
360,Age>25,10,5,3,6,1.0,5
360,Age>25,10,5,3,7,1.0,5
360,Age>25,10,5,3,8,1.0,5
360,Age>25,10,5,3,9,1.0,5
361,Age>25,1,2,1,1,1.0,2
361,Age>25,1,2,1,2,1.0,2
361,Age>25,1,2,1,3,1.0,2
361,Age>25,1,2,1,4,0.5,2
361,Age>25,1,2,1,5,1.0,2
361,Age>25,1,2,1,6,1.0,2
361,Age>25,1,2,1,7,1.0,2
361,Age>25,1,2,1,8,1.0,2
361,Age>25,1,2,1,9,1.0,2
361,Age>25,2,3,1,1,0.3333333333333333,3
361,Age>25,2,3,1,2,0.6666666666666666,3
361,Age>25,2,3,1,3,0.6666666666666666,3
361,Age>25,2,3,1,4,0.6666666666666666,3
361,Age>25,2,3,1,5,1.0,3
361,Age>25,2,3,1,6,1.0,3
361,Age>25,2,3,1,7,1.0,3
361,Age>25,2,3,1,8,1.0,3
361,Age>25,2,3,1,9,1.0,3
361,Age>25,3,4,1,1,0.25,4
361,Age>25,3,4,1,2,0.25,4
361,Age>25,3,4,1,3,0.5,4
361,Age>25,3,4,1,4,1.0,4
361,Age>25,3,4,1,5,1.0,4
361,Age>25,3,4,1,6,1.0,4
361,Age>25,3,4,1,7,1.0,4
361,Age>25,3,4,1,8,1.0,4
361,Age>25,3,4,1,9,1.0,4
361,Age>25,4,5,1,1,0.4,5
361,Age>25,4,5,1,2,0.4,5
361,Age>25,4,5,1,3,0.4,5
361,Age>25,4,5,1,4,1.0,5
361,Age>25,4,5,1,5,1.0,5
361,Age>25,4,5,1,6,1.0,5
361,Age>25,4,5,1,7,0.6,5
361,Age>25,4,5,1,8,0.8,5
361,Age>25,4,5,1,9,1.0,5
361,Age>25,5,3,2,1,0.6666666666666666,3
361,Age>25,5,3,2,2,1.0,3
361,Age>25,5,3,2,3,1.0,3
361,Age>25,5,3,2,4,1.0,3
361,Age>25,5,3,2,5,0.6666666666666666,3
361,Age>25,5,3,2,6,0.6666666666666666,3
361,Age>25,5,3,2,7,1.0,3
361,Age>25,5,3,2,8,1.0,3
361,Age>25,5,3,2,9,1.0,3
361,Age>25,6,5,2,1,0.2,5
361,Age>25,6,5,2,2,0.6,5
361,Age>25,6,5,2,3,0.6,5
361,Age>25,6,5,2,4,0.6,5
361,Age>25,6,5,2,5,0.4,5
361,Age>25,6,5,2,6,0.6,5
361,Age>25,6,5,2,7,0.6,5
361,Age>25,6,5,2,8,0.4,5
361,Age>25,6,5,2,9,0.6,5
361,Age>25,7,2,2,1,0.0,2
361,Age>25,7,2,2,2,0.5,2
361,Age>25,7,2,2,3,1.0,2
361,Age>25,7,2,2,4,1.0,2
361,Age>25,7,2,2,5,1.0,2
361,Age>25,7,2,2,6,1.0,2
361,Age>25,7,2,2,7,1.0,2
361,Age>25,7,2,2,8,1.0,2
361,Age>25,7,2,2,9,1.0,2
361,Age>25,8,3,3,1,0.0,3
361,Age>25,8,3,3,2,0.0,3
361,Age>25,8,3,3,3,0.6666666666666666,3
361,Age>25,8,3,3,4,1.0,3
361,Age>25,8,3,3,5,0.3333333333333333,3
361,Age>25,8,3,3,6,1.0,3
361,Age>25,8,3,3,7,1.0,3
361,Age>25,8,3,3,8,1.0,3
361,Age>25,8,3,3,9,1.0,3
361,Age>25,9,4,2,1,0.0,4
361,Age>25,9,4,2,2,0.5,4
361,Age>25,9,4,2,3,0.5,4
361,Age>25,9,4,2,4,0.25,4
361,Age>25,9,4,2,5,0.5,4
361,Age>25,9,4,2,6,0.5,4
361,Age>25,9,4,2,7,1.0,4
361,Age>25,9,4,2,8,0.75,4
361,Age>25,9,4,2,9,1.0,4
361,Age>25,10,5,3,1,0.6,5
361,Age>25,10,5,3,2,0.6,5
361,Age>25,10,5,3,3,0.4,5
361,Age>25,10,5,3,4,0.6,5
361,Age>25,10,5,3,5,1.0,5
361,Age>25,10,5,3,6,1.0,5
361,Age>25,10,5,3,7,1.0,5
361,Age>25,10,5,3,8,1.0,5
361,Age>25,10,5,3,9,1.0,5
362,Age>25,1,2,1,1,0.5,2
362,Age>25,1,2,1,2,1.0,2
362,Age>25,1,2,1,3,1.0,2
362,Age>25,1,2,1,4,1.0,2
362,Age>25,1,2,1,5,1.0,2
362,Age>25,1,2,1,6,1.0,2
362,Age>25,1,2,1,7,1.0,2
362,Age>25,1,2,1,8,1.0,2
362,Age>25,1,2,1,9,1.0,2
362,Age>25,2,3,1,1,0.0,3
362,Age>25,2,3,1,2,0.3333333333333333,3
362,Age>25,2,3,1,3,1.0,3
362,Age>25,2,3,1,4,1.0,3
362,Age>25,2,3,1,5,1.0,3
362,Age>25,2,3,1,6,1.0,3
362,Age>25,2,3,1,7,1.0,3
362,Age>25,2,3,1,8,1.0,3
362,Age>25,2,3,1,9,0.6666666666666666,3
362,Age>25,3,5,1,1,0.2,5
362,Age>25,3,5,1,2,0.6,5
362,Age>25,3,5,1,3,0.8,5
362,Age>25,3,5,1,4,0.8,5
362,Age>25,3,5,1,5,1.0,5
362,Age>25,3,5,1,6,1.0,5
362,Age>25,3,5,1,7,1.0,5
362,Age>25,3,5,1,8,1.0,5
362,Age>25,3,5,1,9,1.0,5
362,Age>25,4,4,1,1,0.5,4
362,Age>25,4,4,1,2,0.75,4
362,Age>25,4,4,1,3,1.0,4
362,Age>25,4,4,1,4,1.0,4
362,Age>25,4,4,1,5,1.0,4
362,Age>25,4,4,1,6,1.0,4
362,Age>25,4,4,1,7,1.0,4
362,Age>25,4,4,1,8,1.0,4
362,Age>25,4,4,1,9,1.0,4
362,Age>25,5,3,2,1,0.3333333333333333,3
362,Age>25,5,3,2,2,0.6666666666666666,3
362,Age>25,5,3,2,3,0.6666666666666666,3
362,Age>25,5,3,2,4,1.0,3
362,Age>25,5,3,2,5,1.0,3
362,Age>25,5,3,2,6,1.0,3
362,Age>25,5,3,2,7,1.0,3
362,Age>25,5,3,2,8,1.0,3
362,Age>25,5,3,2,9,1.0,3
362,Age>25,6,5,2,1,0.2,5
362,Age>25,6,5,2,2,0.4,5
362,Age>25,6,5,2,3,0.4,5
362,Age>25,6,5,2,4,0.6,5
362,Age>25,6,5,2,5,0.4,5
362,Age>25,6,5,2,6,0.6,5
362,Age>25,6,5,2,7,1.0,5
362,Age>25,6,5,2,8,0.8,5
362,Age>25,6,5,2,9,0.8,5
362,Age>25,7,2,2,1,0.5,2
362,Age>25,7,2,2,2,1.0,2
362,Age>25,7,2,2,3,1.0,2
362,Age>25,7,2,2,4,1.0,2
362,Age>25,7,2,2,5,1.0,2
362,Age>25,7,2,2,6,1.0,2
362,Age>25,7,2,2,7,1.0,2
362,Age>25,7,2,2,8,1.0,2
362,Age>25,7,2,2,9,1.0,2
362,Age>25,8,3,3,1,0.3333333333333333,3
362,Age>25,8,3,3,2,0.6666666666666666,3
362,Age>25,8,3,3,3,1.0,3
362,Age>25,8,3,3,4,1.0,3
362,Age>25,8,3,3,5,1.0,3
362,Age>25,8,3,3,6,1.0,3
362,Age>25,8,3,3,7,1.0,3
362,Age>25,8,3,3,8,1.0,3
362,Age>25,8,3,3,9,1.0,3
362,Age>25,9,5,3,1,0.4,5
362,Age>25,9,5,3,2,0.6,5
362,Age>25,9,5,3,3,1.0,5
362,Age>25,9,5,3,4,0.6,5
362,Age>25,9,5,3,5,0.8,5
362,Age>25,9,5,3,6,1.0,5
362,Age>25,9,5,3,7,1.0,5
362,Age>25,9,5,3,8,1.0,5
362,Age>25,9,5,3,9,1.0,5
362,Age>25,10,4,2,1,0.25,4
362,Age>25,10,4,2,2,0.75,4
362,Age>25,10,4,2,3,1.0,4
362,Age>25,10,4,2,4,1.0,4
362,Age>25,10,4,2,5,1.0,4
362,Age>25,10,4,2,6,1.0,4
362,Age>25,10,4,2,7,1.0,4
362,Age>25,10,4,2,8,1.0,4
362,Age>25,10,4,2,9,1.0,4
363,Age>25,1,2,1,1,0.5,2
363,Age>25,1,2,1,2,1.0,2
363,Age>25,1,2,1,3,1.0,2
363,Age>25,1,2,1,4,1.0,2
363,Age>25,1,2,1,5,1.0,2
363,Age>25,1,2,1,6,1.0,2
363,Age>25,1,2,1,7,1.0,2
363,Age>25,1,2,1,8,1.0,2
363,Age>25,1,2,1,9,1.0,2
363,Age>25,2,3,1,1,0.0,3
363,Age>25,2,3,1,2,0.3333333333333333,3
363,Age>25,2,3,1,3,0.6666666666666666,3
363,Age>25,2,3,1,4,1.0,3
363,Age>25,2,3,1,5,1.0,3
363,Age>25,2,3,1,6,1.0,3
363,Age>25,2,3,1,7,1.0,3
363,Age>25,2,3,1,8,1.0,3
363,Age>25,2,3,1,9,1.0,3
363,Age>25,3,5,1,1,0.4,5
363,Age>25,3,5,1,2,0.6,5
363,Age>25,3,5,1,3,0.8,5
363,Age>25,3,5,1,4,0.8,5
363,Age>25,3,5,1,5,1.0,5
363,Age>25,3,5,1,6,1.0,5
363,Age>25,3,5,1,7,1.0,5
363,Age>25,3,5,1,8,1.0,5
363,Age>25,3,5,1,9,1.0,5
363,Age>25,4,4,1,1,0.75,4
363,Age>25,4,4,1,2,0.75,4
363,Age>25,4,4,1,3,1.0,4
363,Age>25,4,4,1,4,1.0,4
363,Age>25,4,4,1,5,1.0,4
363,Age>25,4,4,1,6,1.0,4
363,Age>25,4,4,1,7,1.0,4
363,Age>25,4,4,1,8,1.0,4
363,Age>25,4,4,1,9,1.0,4
363,Age>25,5,3,2,1,1.0,3
363,Age>25,5,3,2,2,0.6666666666666666,3
363,Age>25,5,3,2,3,0.6666666666666666,3
363,Age>25,5,3,2,4,1.0,3
363,Age>25,5,3,2,5,1.0,3
363,Age>25,5,3,2,6,1.0,3
363,Age>25,5,3,2,7,1.0,3
363,Age>25,5,3,2,8,1.0,3
363,Age>25,5,3,2,9,1.0,3
363,Age>25,6,5,2,1,0.8,5
363,Age>25,6,5,2,2,1.0,5
363,Age>25,6,5,2,3,1.0,5
363,Age>25,6,5,2,4,1.0,5
363,Age>25,6,5,2,5,1.0,5
363,Age>25,6,5,2,6,1.0,5
363,Age>25,6,5,2,7,1.0,5
363,Age>25,6,5,2,8,1.0,5
363,Age>25,6,5,2,9,1.0,5
363,Age>25,7,2,2,1,0.5,2
363,Age>25,7,2,2,2,1.0,2
363,Age>25,7,2,2,3,1.0,2
363,Age>25,7,2,2,4,1.0,2
363,Age>25,7,2,2,5,1.0,2
363,Age>25,7,2,2,6,1.0,2
363,Age>25,7,2,2,7,1.0,2
363,Age>25,7,2,2,8,1.0,2
363,Age>25,7,2,2,9,1.0,2
363,Age>25,8,3,3,1,0.3333333333333333,3
363,Age>25,8,3,3,2,1.0,3
363,Age>25,8,3,3,3,1.0,3
363,Age>25,8,3,3,4,1.0,3
363,Age>25,8,3,3,5,1.0,3
363,Age>25,8,3,3,6,1.0,3
363,Age>25,8,3,3,7,1.0,3
363,Age>25,8,3,3,8,1.0,3
363,Age>25,8,3,3,9,1.0,3
363,Age>25,9,5,3,1,0.4,5
363,Age>25,9,5,3,2,1.0,5
363,Age>25,9,5,3,3,1.0,5
363,Age>25,9,5,3,4,1.0,5
363,Age>25,9,5,3,5,1.0,5
363,Age>25,9,5,3,6,1.0,5
363,Age>25,9,5,3,7,1.0,5
363,Age>25,9,5,3,8,1.0,5
363,Age>25,9,5,3,9,1.0,5
363,Age>25,10,4,2,1,0.25,4
363,Age>25,10,4,2,2,0.75,4
363,Age>25,10,4,2,3,1.0,4
363,Age>25,10,4,2,4,1.0,4
363,Age>25,10,4,2,5,1.0,4
363,Age>25,10,4,2,6,1.0,4
363,Age>25,10,4,2,7,1.0,4
363,Age>25,10,4,2,8,1.0,4
363,Age>25,10,4,2,9,1.0,4
364,Age>25,1,2,1,1,0.5,2
364,Age>25,1,2,1,2,1.0,2
364,Age>25,1,2,1,3,1.0,2
364,Age>25,1,2,1,4,1.0,2
364,Age>25,1,2,1,5,1.0,2
364,Age>25,1,2,1,6,0.5,2
364,Age>25,1,2,1,7,1.0,2
364,Age>25,1,2,1,8,1.0,2
364,Age>25,1,2,1,9,1.0,2
364,Age>25,2,3,1,1,0.3333333333333333,3
364,Age>25,2,3,1,2,0.3333333333333333,3
364,Age>25,2,3,1,3,0.6666666666666666,3
364,Age>25,2,3,1,4,1.0,3
364,Age>25,2,3,1,5,1.0,3
364,Age>25,2,3,1,6,1.0,3
364,Age>25,2,3,1,7,1.0,3
364,Age>25,2,3,1,8,1.0,3
364,Age>25,2,3,1,9,1.0,3
364,Age>25,3,5,1,1,0.2,5
364,Age>25,3,5,1,2,0.2,5
364,Age>25,3,5,1,3,0.8,5
364,Age>25,3,5,1,4,0.6,5
364,Age>25,3,5,1,5,1.0,5
364,Age>25,3,5,1,6,1.0,5
364,Age>25,3,5,1,7,1.0,5
364,Age>25,3,5,1,8,1.0,5
364,Age>25,3,5,1,9,0.8,5
364,Age>25,4,4,1,1,0.5,4
364,Age>25,4,4,1,2,1.0,4
364,Age>25,4,4,1,3,0.75,4
364,Age>25,4,4,1,4,1.0,4
364,Age>25,4,4,1,5,0.75,4
364,Age>25,4,4,1,6,1.0,4
364,Age>25,4,4,1,7,0.75,4
364,Age>25,4,4,1,8,0.75,4
364,Age>25,4,4,1,9,1.0,4
364,Age>25,5,3,2,1,0.3333333333333333,3
364,Age>25,5,3,2,2,0.6666666666666666,3
364,Age>25,5,3,2,3,1.0,3
364,Age>25,5,3,2,4,1.0,3
364,Age>25,5,3,2,5,1.0,3
364,Age>25,5,3,2,6,1.0,3
364,Age>25,5,3,2,7,1.0,3
364,Age>25,5,3,2,8,1.0,3
364,Age>25,5,3,2,9,1.0,3
364,Age>25,6,5,2,1,0.2,5
364,Age>25,6,5,2,2,0.4,5
364,Age>25,6,5,2,3,1.0,5
364,Age>25,6,5,2,4,0.8,5
364,Age>25,6,5,2,5,1.0,5
364,Age>25,6,5,2,6,1.0,5
364,Age>25,6,5,2,7,1.0,5
364,Age>25,6,5,2,8,1.0,5
364,Age>25,6,5,2,9,1.0,5
364,Age>25,7,2,2,1,0.5,2
364,Age>25,7,2,2,2,0.5,2
364,Age>25,7,2,2,3,1.0,2
364,Age>25,7,2,2,4,1.0,2
364,Age>25,7,2,2,5,1.0,2
364,Age>25,7,2,2,6,1.0,2
364,Age>25,7,2,2,7,1.0,2
364,Age>25,7,2,2,8,1.0,2
364,Age>25,7,2,2,9,0.5,2
364,Age>25,8,3,3,1,0.6666666666666666,3
364,Age>25,8,3,3,2,1.0,3
364,Age>25,8,3,3,3,1.0,3
364,Age>25,8,3,3,4,1.0,3
364,Age>25,8,3,3,5,1.0,3
364,Age>25,8,3,3,6,1.0,3
364,Age>25,8,3,3,7,1.0,3
364,Age>25,8,3,3,8,1.0,3
364,Age>25,8,3,3,9,1.0,3
364,Age>25,9,5,3,1,0.4,5
364,Age>25,9,5,3,2,0.6,5
364,Age>25,9,5,3,3,1.0,5
364,Age>25,9,5,3,4,1.0,5
364,Age>25,9,5,3,5,1.0,5
364,Age>25,9,5,3,6,1.0,5
364,Age>25,9,5,3,7,1.0,5
364,Age>25,9,5,3,8,1.0,5
364,Age>25,9,5,3,9,1.0,5
364,Age>25,10,4,2,1,0.25,4
364,Age>25,10,4,2,2,0.5,4
364,Age>25,10,4,2,3,0.75,4
364,Age>25,10,4,2,4,1.0,4
364,Age>25,10,4,2,5,1.0,4
364,Age>25,10,4,2,6,1.0,4
364,Age>25,10,4,2,7,1.0,4
364,Age>25,10,4,2,8,1.0,4
364,Age>25,10,4,2,9,1.0,4
365,Age>25,1,2,1,1,0.0,2
365,Age>25,1,2,1,2,0.5,2
365,Age>25,1,2,1,3,1.0,2
365,Age>25,1,2,1,4,1.0,2
365,Age>25,1,2,1,5,1.0,2
365,Age>25,1,2,1,6,1.0,2
365,Age>25,1,2,1,7,1.0,2
365,Age>25,1,2,1,8,1.0,2
365,Age>25,1,2,1,9,1.0,2
365,Age>25,2,3,1,1,0.3333333333333333,3
365,Age>25,2,3,1,2,0.6666666666666666,3
365,Age>25,2,3,1,3,1.0,3
365,Age>25,2,3,1,4,1.0,3
365,Age>25,2,3,1,5,1.0,3
365,Age>25,2,3,1,6,1.0,3
365,Age>25,2,3,1,7,1.0,3
365,Age>25,2,3,1,8,1.0,3
365,Age>25,2,3,1,9,1.0,3
365,Age>25,3,4,1,1,0.5,4
365,Age>25,3,4,1,2,0.5,4
365,Age>25,3,4,1,3,0.75,4
365,Age>25,3,4,1,4,1.0,4
365,Age>25,3,4,1,5,0.75,4
365,Age>25,3,4,1,6,1.0,4
365,Age>25,3,4,1,7,0.75,4
365,Age>25,3,4,1,8,1.0,4
365,Age>25,3,4,1,9,1.0,4
365,Age>25,4,5,1,1,0.6,5
365,Age>25,4,5,1,2,1.0,5
365,Age>25,4,5,1,3,1.0,5
365,Age>25,4,5,1,4,1.0,5
365,Age>25,4,5,1,5,1.0,5
365,Age>25,4,5,1,6,1.0,5
365,Age>25,4,5,1,7,1.0,5
365,Age>25,4,5,1,8,1.0,5
365,Age>25,4,5,1,9,1.0,5
365,Age>25,5,3,2,1,0.3333333333333333,3
365,Age>25,5,3,2,2,1.0,3
365,Age>25,5,3,2,3,1.0,3
365,Age>25,5,3,2,4,1.0,3
365,Age>25,5,3,2,5,1.0,3
365,Age>25,5,3,2,6,1.0,3
365,Age>25,5,3,2,7,1.0,3
365,Age>25,5,3,2,8,1.0,3
365,Age>25,5,3,2,9,1.0,3
365,Age>25,6,5,2,1,0.4,5
365,Age>25,6,5,2,2,0.6,5
365,Age>25,6,5,2,3,0.4,5
365,Age>25,6,5,2,4,0.6,5
365,Age>25,6,5,2,5,0.4,5
365,Age>25,6,5,2,6,0.6,5
365,Age>25,6,5,2,7,0.8,5
365,Age>25,6,5,2,8,0.8,5
365,Age>25,6,5,2,9,0.6,5
365,Age>25,7,2,2,1,1.0,2
365,Age>25,7,2,2,2,1.0,2
365,Age>25,7,2,2,3,1.0,2
365,Age>25,7,2,2,4,1.0,2
365,Age>25,7,2,2,5,1.0,2
365,Age>25,7,2,2,6,1.0,2
365,Age>25,7,2,2,7,1.0,2
365,Age>25,7,2,2,8,1.0,2
365,Age>25,7,2,2,9,1.0,2
365,Age>25,8,3,3,1,0.3333333333333333,3
365,Age>25,8,3,3,2,1.0,3
365,Age>25,8,3,3,3,1.0,3
365,Age>25,8,3,3,4,1.0,3
365,Age>25,8,3,3,5,1.0,3
365,Age>25,8,3,3,6,1.0,3
365,Age>25,8,3,3,7,0.6666666666666666,3
365,Age>25,8,3,3,8,1.0,3
365,Age>25,8,3,3,9,1.0,3
365,Age>25,9,4,2,1,0.75,4
365,Age>25,9,4,2,2,1.0,4
365,Age>25,9,4,2,3,1.0,4
365,Age>25,9,4,2,4,1.0,4
365,Age>25,9,4,2,5,1.0,4
365,Age>25,9,4,2,6,1.0,4
365,Age>25,9,4,2,7,1.0,4
365,Age>25,9,4,2,8,1.0,4
365,Age>25,9,4,2,9,1.0,4
365,Age>25,10,5,3,1,0.2,5
365,Age>25,10,5,3,2,0.4,5
365,Age>25,10,5,3,3,1.0,5
365,Age>25,10,5,3,4,1.0,5
365,Age>25,10,5,3,5,1.0,5
365,Age>25,10,5,3,6,1.0,5
365,Age>25,10,5,3,7,1.0,5
365,Age>25,10,5,3,8,1.0,5
365,Age>25,10,5,3,9,0.8,5
409,RPP,1,2,1,1,0.0,2
409,RPP,1,2,1,2,0.0,2
409,RPP,1,2,1,3,0.5,2
409,RPP,1,2,1,4,1.0,2
409,RPP,1,2,1,5,1.0,2
409,RPP,1,2,1,6,1.0,2
409,RPP,1,2,1,7,1.0,2
409,RPP,1,2,1,8,1.0,2
409,RPP,1,2,1,9,1.0,2
409,RPP,2,3,1,1,0.3333333333333333,3
409,RPP,2,3,1,2,0.3333333333333333,3
409,RPP,2,3,1,3,0.3333333333333333,3
409,RPP,2,3,1,4,0.6666666666666666,3
409,RPP,2,3,1,5,1.0,3
409,RPP,2,3,1,6,1.0,3
409,RPP,2,3,1,7,1.0,3
409,RPP,2,3,1,8,1.0,3
409,RPP,2,3,1,9,1.0,3
409,RPP,3,4,1,1,0.0,4
409,RPP,3,4,1,2,0.5,4
409,RPP,3,4,1,3,0.5,4
409,RPP,3,4,1,4,0.5,4
409,RPP,3,4,1,5,0.5,4
409,RPP,3,4,1,6,0.5,4
409,RPP,3,4,1,7,0.5,4
409,RPP,3,4,1,8,1.0,4
409,RPP,3,4,1,9,1.0,4
409,RPP,4,5,1,1,0.4,5
409,RPP,4,5,1,2,0.4,5
409,RPP,4,5,1,3,0.6,5
409,RPP,4,5,1,4,0.2,5
409,RPP,4,5,1,5,0.6,5
409,RPP,4,5,1,6,0.6,5
409,RPP,4,5,1,7,0.8,5
409,RPP,4,5,1,8,0.4,5
409,RPP,4,5,1,9,1.0,5
409,RPP,5,3,2,1,0.0,3
409,RPP,5,3,2,2,0.0,3
409,RPP,5,3,2,3,0.3333333333333333,3
409,RPP,5,3,2,4,1.0,3
409,RPP,5,3,2,5,1.0,3
409,RPP,5,3,2,6,1.0,3
409,RPP,5,3,2,7,1.0,3
409,RPP,5,3,2,8,1.0,3
409,RPP,5,3,2,9,1.0,3
409,RPP,6,5,2,1,0.6,5
409,RPP,6,5,2,2,0.6,5
409,RPP,6,5,2,3,0.4,5
409,RPP,6,5,2,4,0.4,5
409,RPP,6,5,2,5,0.8,5
409,RPP,6,5,2,6,0.8,5
409,RPP,6,5,2,7,0.8,5
409,RPP,6,5,2,8,0.8,5
409,RPP,6,5,2,9,1.0,5
409,RPP,7,2,2,1,0.0,2
409,RPP,7,2,2,2,0.0,2
409,RPP,7,2,2,3,1.0,2
409,RPP,7,2,2,4,1.0,2
409,RPP,7,2,2,5,1.0,2
409,RPP,7,2,2,6,1.0,2
409,RPP,7,2,2,7,1.0,2
409,RPP,7,2,2,8,1.0,2
409,RPP,7,2,2,9,1.0,2
409,RPP,8,3,3,1,0.3333333333333333,3
409,RPP,8,3,3,2,1.0,3
409,RPP,8,3,3,3,1.0,3
409,RPP,8,3,3,4,1.0,3
409,RPP,8,3,3,5,0.6666666666666666,3
409,RPP,8,3,3,6,1.0,3
409,RPP,8,3,3,7,1.0,3
409,RPP,8,3,3,8,1.0,3
409,RPP,8,3,3,9,1.0,3
409,RPP,9,4,2,1,0.25,4
409,RPP,9,4,2,2,0.75,4
409,RPP,9,4,2,3,1.0,4
409,RPP,9,4,2,4,1.0,4
409,RPP,9,4,2,5,1.0,4
409,RPP,9,4,2,6,1.0,4
409,RPP,9,4,2,7,1.0,4
409,RPP,9,4,2,8,1.0,4
409,RPP,9,4,2,9,1.0,4
409,RPP,10,5,3,1,0.4,5
409,RPP,10,5,3,2,0.6,5
409,RPP,10,5,3,3,0.8,5
409,RPP,10,5,3,4,0.8,5
409,RPP,10,5,3,5,1.0,5
409,RPP,10,5,3,6,0.8,5
409,RPP,10,5,3,7,1.0,5
409,RPP,10,5,3,8,1.0,5
409,RPP,10,5,3,9,1.0,5
410,RPP,1,2,1,1,0.5,2
410,RPP,1,2,1,2,1.0,2
410,RPP,1,2,1,3,1.0,2
410,RPP,1,2,1,4,1.0,2
410,RPP,1,2,1,5,1.0,2
410,RPP,1,2,1,6,1.0,2
410,RPP,1,2,1,7,1.0,2
410,RPP,1,2,1,8,1.0,2
410,RPP,1,2,1,9,1.0,2
410,RPP,2,3,1,1,0.3333333333333333,3
410,RPP,2,3,1,2,0.6666666666666666,3
410,RPP,2,3,1,3,0.6666666666666666,3
410,RPP,2,3,1,4,1.0,3
410,RPP,2,3,1,5,0.6666666666666666,3
410,RPP,2,3,1,6,1.0,3
410,RPP,2,3,1,7,1.0,3
410,RPP,2,3,1,8,1.0,3
410,RPP,2,3,1,9,1.0,3
410,RPP,3,4,1,1,0.25,4
410,RPP,3,4,1,2,0.75,4
410,RPP,3,4,1,3,1.0,4
410,RPP,3,4,1,4,1.0,4
410,RPP,3,4,1,5,1.0,4
410,RPP,3,4,1,6,1.0,4
410,RPP,3,4,1,7,1.0,4
410,RPP,3,4,1,8,1.0,4
410,RPP,3,4,1,9,1.0,4
410,RPP,4,5,1,1,0.6,5
410,RPP,4,5,1,2,0.6,5
410,RPP,4,5,1,3,1.0,5
410,RPP,4,5,1,4,1.0,5
410,RPP,4,5,1,5,1.0,5
410,RPP,4,5,1,6,1.0,5
410,RPP,4,5,1,7,1.0,5
410,RPP,4,5,1,8,1.0,5
410,RPP,4,5,1,9,0.8,5
410,RPP,5,3,2,1,0.6666666666666666,3
410,RPP,5,3,2,2,1.0,3
410,RPP,5,3,2,3,1.0,3
410,RPP,5,3,2,4,1.0,3
410,RPP,5,3,2,5,1.0,3
410,RPP,5,3,2,6,1.0,3
410,RPP,5,3,2,7,1.0,3
410,RPP,5,3,2,8,1.0,3
410,RPP,5,3,2,9,1.0,3
410,RPP,6,5,2,1,0.6,5
410,RPP,6,5,2,2,1.0,5
410,RPP,6,5,2,3,1.0,5
410,RPP,6,5,2,4,1.0,5
410,RPP,6,5,2,5,1.0,5
410,RPP,6,5,2,6,1.0,5
410,RPP,6,5,2,7,1.0,5
410,RPP,6,5,2,8,1.0,5
410,RPP,6,5,2,9,1.0,5
410,RPP,7,2,2,1,0.5,2
410,RPP,7,2,2,2,1.0,2
410,RPP,7,2,2,3,1.0,2
410,RPP,7,2,2,4,1.0,2
410,RPP,7,2,2,5,1.0,2
410,RPP,7,2,2,6,1.0,2
410,RPP,7,2,2,7,1.0,2
410,RPP,7,2,2,8,1.0,2
410,RPP,7,2,2,9,1.0,2
410,RPP,8,3,3,1,0.3333333333333333,3
410,RPP,8,3,3,2,1.0,3
410,RPP,8,3,3,3,1.0,3
410,RPP,8,3,3,4,1.0,3
410,RPP,8,3,3,5,1.0,3
410,RPP,8,3,3,6,1.0,3
410,RPP,8,3,3,7,1.0,3
410,RPP,8,3,3,8,1.0,3
410,RPP,8,3,3,9,1.0,3
410,RPP,9,4,2,1,0.25,4
410,RPP,9,4,2,2,0.5,4
410,RPP,9,4,2,3,1.0,4
410,RPP,9,4,2,4,1.0,4
410,RPP,9,4,2,5,1.0,4
410,RPP,9,4,2,6,1.0,4
410,RPP,9,4,2,7,1.0,4
410,RPP,9,4,2,8,1.0,4
410,RPP,9,4,2,9,1.0,4
410,RPP,10,5,3,1,0.6,5
410,RPP,10,5,3,2,0.8,5
410,RPP,10,5,3,3,1.0,5
410,RPP,10,5,3,4,1.0,5
410,RPP,10,5,3,5,1.0,5
410,RPP,10,5,3,6,1.0,5
410,RPP,10,5,3,7,1.0,5
410,RPP,10,5,3,8,1.0,5
410,RPP,10,5,3,9,1.0,5
411,RPP,1,2,1,1,1.0,2
411,RPP,1,2,1,2,1.0,2
411,RPP,1,2,1,3,1.0,2
411,RPP,1,2,1,4,1.0,2
411,RPP,1,2,1,5,1.0,2
411,RPP,1,2,1,6,1.0,2
411,RPP,1,2,1,7,1.0,2
411,RPP,1,2,1,8,1.0,2
411,RPP,1,2,1,9,1.0,2
411,RPP,2,3,1,1,0.3333333333333333,3
411,RPP,2,3,1,2,0.6666666666666666,3
411,RPP,2,3,1,3,0.6666666666666666,3
411,RPP,2,3,1,4,0.6666666666666666,3
411,RPP,2,3,1,5,1.0,3
411,RPP,2,3,1,6,1.0,3
411,RPP,2,3,1,7,1.0,3
411,RPP,2,3,1,8,1.0,3
411,RPP,2,3,1,9,1.0,3
411,RPP,3,4,1,1,0.25,4
411,RPP,3,4,1,2,0.5,4
411,RPP,3,4,1,3,1.0,4
411,RPP,3,4,1,4,1.0,4
411,RPP,3,4,1,5,1.0,4
411,RPP,3,4,1,6,0.75,4
411,RPP,3,4,1,7,1.0,4
411,RPP,3,4,1,8,1.0,4
411,RPP,3,4,1,9,1.0,4
411,RPP,4,5,1,1,0.4,5
411,RPP,4,5,1,2,0.8,5
411,RPP,4,5,1,3,0.8,5
411,RPP,4,5,1,4,1.0,5
411,RPP,4,5,1,5,1.0,5
411,RPP,4,5,1,6,0.8,5
411,RPP,4,5,1,7,1.0,5
411,RPP,4,5,1,8,0.8,5
411,RPP,4,5,1,9,0.8,5
411,RPP,5,3,2,1,1.0,3
411,RPP,5,3,2,2,1.0,3
411,RPP,5,3,2,3,1.0,3
411,RPP,5,3,2,4,1.0,3
411,RPP,5,3,2,5,1.0,3
411,RPP,5,3,2,6,1.0,3
411,RPP,5,3,2,7,1.0,3
411,RPP,5,3,2,8,1.0,3
411,RPP,5,3,2,9,1.0,3
411,RPP,6,5,2,1,0.4,5
411,RPP,6,5,2,2,0.6,5
411,RPP,6,5,2,3,0.8,5
411,RPP,6,5,2,4,0.6,5
411,RPP,6,5,2,5,0.6,5
411,RPP,6,5,2,6,0.8,5
411,RPP,6,5,2,7,1.0,5
411,RPP,6,5,2,8,1.0,5
411,RPP,6,5,2,9,1.0,5
411,RPP,7,2,2,1,0.0,2
411,RPP,7,2,2,2,0.5,2
411,RPP,7,2,2,3,1.0,2
411,RPP,7,2,2,4,1.0,2
411,RPP,7,2,2,5,1.0,2
411,RPP,7,2,2,6,1.0,2
411,RPP,7,2,2,7,1.0,2
411,RPP,7,2,2,8,1.0,2
411,RPP,7,2,2,9,1.0,2
411,RPP,8,3,3,1,0.6666666666666666,3
411,RPP,8,3,3,2,0.6666666666666666,3
411,RPP,8,3,3,3,1.0,3
411,RPP,8,3,3,4,1.0,3
411,RPP,8,3,3,5,1.0,3
411,RPP,8,3,3,6,1.0,3
411,RPP,8,3,3,7,1.0,3
411,RPP,8,3,3,8,1.0,3
411,RPP,8,3,3,9,1.0,3
411,RPP,9,4,2,1,0.25,4
411,RPP,9,4,2,2,0.75,4
411,RPP,9,4,2,3,0.5,4
411,RPP,9,4,2,4,0.5,4
411,RPP,9,4,2,5,0.75,4
411,RPP,9,4,2,6,1.0,4
411,RPP,9,4,2,7,1.0,4
411,RPP,9,4,2,8,0.75,4
411,RPP,9,4,2,9,1.0,4
411,RPP,10,5,3,1,0.8,5
411,RPP,10,5,3,2,0.8,5
411,RPP,10,5,3,3,1.0,5
411,RPP,10,5,3,4,1.0,5
411,RPP,10,5,3,5,1.0,5
411,RPP,10,5,3,6,1.0,5
411,RPP,10,5,3,7,1.0,5
411,RPP,10,5,3,8,1.0,5
411,RPP,10,5,3,9,1.0,5
412,RPP,1,2,1,1,0.0,2
412,RPP,1,2,1,2,0.5,2
412,RPP,1,2,1,3,1.0,2
412,RPP,1,2,1,4,1.0,2
412,RPP,1,2,1,5,1.0,2
412,RPP,1,2,1,6,0.5,2
412,RPP,1,2,1,7,1.0,2
412,RPP,1,2,1,8,1.0,2
412,RPP,1,2,1,9,1.0,2
412,RPP,2,3,1,1,0.0,3
412,RPP,2,3,1,2,0.3333333333333333,3
412,RPP,2,3,1,3,0.6666666666666666,3
412,RPP,2,3,1,4,0.3333333333333333,3
412,RPP,2,3,1,5,1.0,3
412,RPP,2,3,1,6,1.0,3
412,RPP,2,3,1,7,1.0,3
412,RPP,2,3,1,8,1.0,3
412,RPP,2,3,1,9,1.0,3
412,RPP,3,5,1,1,0.8,5
412,RPP,3,5,1,2,0.4,5
412,RPP,3,5,1,3,0.8,5
412,RPP,3,5,1,4,0.6,5
412,RPP,3,5,1,5,0.8,5
412,RPP,3,5,1,6,0.8,5
412,RPP,3,5,1,7,0.8,5
412,RPP,3,5,1,8,0.8,5
412,RPP,3,5,1,9,1.0,5
412,RPP,4,4,1,1,0.5,4
412,RPP,4,4,1,2,0.75,4
412,RPP,4,4,1,3,0.75,4
412,RPP,4,4,1,4,1.0,4
412,RPP,4,4,1,5,1.0,4
412,RPP,4,4,1,6,1.0,4
412,RPP,4,4,1,7,1.0,4
412,RPP,4,4,1,8,0.5,4
412,RPP,4,4,1,9,1.0,4
412,RPP,5,3,2,1,0.3333333333333333,3
412,RPP,5,3,2,2,0.0,3
412,RPP,5,3,2,3,0.6666666666666666,3
412,RPP,5,3,2,4,0.6666666666666666,3
412,RPP,5,3,2,5,0.6666666666666666,3
412,RPP,5,3,2,6,0.6666666666666666,3
412,RPP,5,3,2,7,1.0,3
412,RPP,5,3,2,8,1.0,3
412,RPP,5,3,2,9,1.0,3
412,RPP,6,5,2,1,0.2,5
412,RPP,6,5,2,2,0.4,5
412,RPP,6,5,2,3,0.6,5
412,RPP,6,5,2,4,0.8,5
412,RPP,6,5,2,5,0.8,5
412,RPP,6,5,2,6,0.6,5
412,RPP,6,5,2,7,0.6,5
412,RPP,6,5,2,8,1.0,5
412,RPP,6,5,2,9,0.4,5
412,RPP,7,2,2,1,0.5,2
412,RPP,7,2,2,2,0.5,2
412,RPP,7,2,2,3,1.0,2
412,RPP,7,2,2,4,1.0,2
412,RPP,7,2,2,5,1.0,2
412,RPP,7,2,2,6,1.0,2
412,RPP,7,2,2,7,1.0,2
412,RPP,7,2,2,8,1.0,2
412,RPP,7,2,2,9,1.0,2
412,RPP,8,3,3,1,1.0,3
412,RPP,8,3,3,2,1.0,3
412,RPP,8,3,3,3,1.0,3
412,RPP,8,3,3,4,1.0,3
412,RPP,8,3,3,5,1.0,3
412,RPP,8,3,3,6,1.0,3
412,RPP,8,3,3,7,1.0,3
412,RPP,8,3,3,8,1.0,3
412,RPP,8,3,3,9,1.0,3
412,RPP,9,5,3,1,0.6,5
412,RPP,9,5,3,2,0.4,5
412,RPP,9,5,3,3,0.8,5
412,RPP,9,5,3,4,0.8,5
412,RPP,9,5,3,5,1.0,5
412,RPP,9,5,3,6,1.0,5
412,RPP,9,5,3,7,1.0,5
412,RPP,9,5,3,8,0.8,5
412,RPP,9,5,3,9,1.0,5
412,RPP,10,4,2,1,0.75,4
412,RPP,10,4,2,2,0.75,4
412,RPP,10,4,2,3,1.0,4
412,RPP,10,4,2,4,1.0,4
412,RPP,10,4,2,5,1.0,4
412,RPP,10,4,2,6,1.0,4
412,RPP,10,4,2,7,1.0,4
412,RPP,10,4,2,8,1.0,4
412,RPP,10,4,2,9,1.0,4
413,RPP,1,2,1,1,0.5,2
413,RPP,1,2,1,2,1.0,2
413,RPP,1,2,1,3,1.0,2
413,RPP,1,2,1,4,0.5,2
413,RPP,1,2,1,5,1.0,2
413,RPP,1,2,1,6,1.0,2
413,RPP,1,2,1,7,1.0,2
413,RPP,1,2,1,8,1.0,2
413,RPP,1,2,1,9,1.0,2
413,RPP,2,3,1,1,0.0,3
413,RPP,2,3,1,2,0.0,2
413,RPP,2,3,1,3,0.0,2
413,RPP,2,3,1,4,0.3333333333333333,3
413,RPP,2,3,1,5,0.6666666666666666,3
413,RPP,2,3,1,6,0.6666666666666666,3
413,RPP,2,3,1,7,0.6666666666666666,3
413,RPP,2,3,1,8,0.6666666666666666,3
413,RPP,2,3,1,9,1.0,3
413,RPP,3,5,1,1,0.2,5
413,RPP,3,5,1,2,0.4,5
413,RPP,3,5,1,3,1.0,5
413,RPP,3,5,1,4,0.6,5
413,RPP,3,5,1,5,0.6,5
413,RPP,3,5,1,6,0.8,5
413,RPP,3,5,1,7,0.8,5
413,RPP,3,5,1,8,1.0,5
413,RPP,3,5,1,9,1.0,5
413,RPP,4,4,1,1,0.5,4
413,RPP,4,4,1,2,0.75,4
413,RPP,4,4,1,3,1.0,4
413,RPP,4,4,1,4,0.75,4
413,RPP,4,4,1,5,0.5,4
413,RPP,4,4,1,6,1.0,4
413,RPP,4,4,1,7,0.75,4
413,RPP,4,4,1,8,1.0,4
413,RPP,4,4,1,9,1.0,4
413,RPP,5,3,2,1,0.0,3
413,RPP,5,3,2,2,0.3333333333333333,3
413,RPP,5,3,2,3,1.0,3
413,RPP,5,3,2,4,1.0,3
413,RPP,5,3,2,5,0.6666666666666666,3
413,RPP,5,3,2,6,1.0,3
413,RPP,5,3,2,7,1.0,3
413,RPP,5,3,2,8,1.0,3
413,RPP,5,3,2,9,1.0,3
413,RPP,6,5,2,1,0.4,5
413,RPP,6,5,2,2,0.8,5
413,RPP,6,5,2,3,0.8,5
413,RPP,6,5,2,4,0.6,5
413,RPP,6,5,2,5,0.8,5
413,RPP,6,5,2,6,1.0,5
413,RPP,6,5,2,7,0.8,5
413,RPP,6,5,2,8,1.0,5
413,RPP,6,5,2,9,1.0,5
413,RPP,7,2,2,1,0.0,2
413,RPP,7,2,2,2,0.5,2
413,RPP,7,2,2,3,0.0,2
413,RPP,7,2,2,4,0.5,2
413,RPP,7,2,2,5,1.0,2
413,RPP,7,2,2,6,1.0,2
413,RPP,7,2,2,7,1.0,2
413,RPP,7,2,2,8,1.0,2
413,RPP,7,2,2,9,1.0,2
413,RPP,8,3,3,1,0.3333333333333333,3
413,RPP,8,3,3,2,1.0,3
413,RPP,8,3,3,3,1.0,3
413,RPP,8,3,3,4,1.0,3
413,RPP,8,3,3,5,1.0,3
413,RPP,8,3,3,6,1.0,3
413,RPP,8,3,3,7,0.6666666666666666,3
413,RPP,8,3,3,8,1.0,3
413,RPP,8,3,3,9,1.0,3
413,RPP,9,5,3,1,0.0,5
413,RPP,9,5,3,2,0.6,5
413,RPP,9,5,3,3,0.8,5
413,RPP,9,5,3,4,1.0,5
413,RPP,9,5,3,5,1.0,5
413,RPP,9,5,3,6,0.8,5
413,RPP,9,5,3,7,0.8,5
413,RPP,9,5,3,8,1.0,5
413,RPP,9,5,3,9,1.0,5
413,RPP,10,4,2,1,0.5,4
413,RPP,10,4,2,2,0.5,4
413,RPP,10,4,2,3,0.25,4
413,RPP,10,4,2,4,0.75,4
413,RPP,10,4,2,5,1.0,4
413,RPP,10,4,2,6,0.5,4
413,RPP,10,4,2,7,0.5,4
413,RPP,10,4,2,8,0.75,4
413,RPP,10,4,2,9,1.0,4
414,Kids,1,2,1,1,0.5,2
414,Kids,1,2,1,2,0.5,2
414,Kids,1,2,1,3,1.0,2
414,Kids,1,2,1,4,1.0,2
414,Kids,1,2,1,5,1.0,2
414,Kids,1,2,1,6,1.0,2
414,Kids,1,2,1,7,1.0,2
414,Kids,1,2,1,8,1.0,2
414,Kids,1,2,1,9,0.5,2
414,Kids,2,3,1,1,0.6666666666666666,3
414,Kids,2,3,1,2,0.6666666666666666,3
414,Kids,2,3,1,3,1.0,3
414,Kids,2,3,1,4,1.0,3
414,Kids,2,3,1,5,1.0,3
414,Kids,2,3,1,6,1.0,3
414,Kids,2,3,1,7,0.6666666666666666,3
414,Kids,2,3,1,8,1.0,3
414,Kids,2,3,1,9,1.0,3
414,Kids,3,5,1,1,0.2,5
414,Kids,3,5,1,2,0.6,5
414,Kids,3,5,1,3,1.0,5
414,Kids,3,5,1,4,0.8,5
414,Kids,3,5,1,5,1.0,5
414,Kids,3,5,1,6,1.0,5
414,Kids,3,5,1,7,1.0,5
414,Kids,3,5,1,8,1.0,5
414,Kids,3,5,1,9,1.0,5
414,Kids,4,4,1,1,0.5,4
414,Kids,4,4,1,2,0.75,4
414,Kids,4,4,1,3,1.0,4
414,Kids,4,4,1,4,0.75,4
414,Kids,4,4,1,5,1.0,4
414,Kids,4,4,1,6,0.75,4
414,Kids,4,4,1,7,1.0,4
414,Kids,4,4,1,8,1.0,4
414,Kids,4,4,1,9,1.0,4
414,Kids,5,3,2,1,1.0,3
414,Kids,5,3,2,2,0.6666666666666666,3
414,Kids,5,3,2,3,1.0,3
414,Kids,5,3,2,4,1.0,3
414,Kids,5,3,2,5,1.0,3
414,Kids,5,3,2,6,0.6666666666666666,3
414,Kids,5,3,2,7,1.0,3
414,Kids,5,3,2,8,1.0,3
414,Kids,5,3,2,9,1.0,3
414,Kids,6,5,2,1,0.2,5
414,Kids,6,5,2,2,0.0,5
414,Kids,6,5,2,3,0.4,5
414,Kids,6,5,2,4,0.6,5
414,Kids,6,5,2,5,0.6,5
414,Kids,6,5,2,6,1.0,5
414,Kids,6,5,2,7,1.0,5
414,Kids,6,5,2,8,1.0,5
414,Kids,6,5,2,9,1.0,5
414,Kids,7,2,2,1,0.0,2
414,Kids,7,2,2,2,0.5,2
414,Kids,7,2,2,3,1.0,2
414,Kids,7,2,2,4,1.0,2
414,Kids,7,2,2,5,1.0,2
414,Kids,7,2,2,6,1.0,2
414,Kids,7,2,2,7,0.5,2
414,Kids,7,2,2,8,1.0,2
414,Kids,7,2,2,9,1.0,2
414,Kids,8,3,3,1,0.6666666666666666,3
414,Kids,8,3,3,2,1.0,3
414,Kids,8,3,3,3,1.0,3
414,Kids,8,3,3,4,0.6666666666666666,3
414,Kids,8,3,3,5,1.0,3
414,Kids,8,3,3,6,1.0,3
414,Kids,8,3,3,7,1.0,3
414,Kids,8,3,3,8,1.0,3
414,Kids,8,3,3,9,1.0,3
414,Kids,9,5,3,1,0.4,5
414,Kids,9,5,3,2,0.6,5
414,Kids,9,5,3,3,1.0,5
414,Kids,9,5,3,4,0.8,5
414,Kids,9,5,3,5,1.0,5
414,Kids,9,5,3,6,1.0,5
414,Kids,9,5,3,7,1.0,5
414,Kids,9,5,3,8,1.0,5
414,Kids,9,5,3,9,1.0,5
414,Kids,10,4,2,1,0.25,4
414,Kids,10,4,2,2,0.75,4
414,Kids,10,4,2,3,1.0,4
414,Kids,10,4,2,4,1.0,4
414,Kids,10,4,2,5,1.0,4
414,Kids,10,4,2,6,1.0,4
414,Kids,10,4,2,7,1.0,4
414,Kids,10,4,2,8,1.0,4
414,Kids,10,4,2,9,1.0,4
415,RPP,1,2,1,1,0.0,2
415,RPP,1,2,1,2,0.5,2
415,RPP,1,2,1,3,1.0,2
415,RPP,1,2,1,4,1.0,2
415,RPP,1,2,1,5,1.0,2
415,RPP,1,2,1,6,1.0,2
415,RPP,1,2,1,7,1.0,2
415,RPP,1,2,1,8,1.0,2
415,RPP,1,2,1,9,1.0,2
415,RPP,2,3,1,1,0.0,3
415,RPP,2,3,1,2,0.3333333333333333,3
415,RPP,2,3,1,3,1.0,3
415,RPP,2,3,1,4,1.0,3
415,RPP,2,3,1,5,1.0,3
415,RPP,2,3,1,6,1.0,3
415,RPP,2,3,1,7,1.0,3
415,RPP,2,3,1,8,1.0,3
415,RPP,2,3,1,9,1.0,3
415,RPP,3,4,1,1,0.0,4
415,RPP,3,4,1,2,0.25,4
415,RPP,3,4,1,3,0.25,4
415,RPP,3,4,1,4,0.75,4
415,RPP,3,4,1,5,0.75,4
415,RPP,3,4,1,6,1.0,4
415,RPP,3,4,1,7,1.0,4
415,RPP,3,4,1,8,1.0,4
415,RPP,3,4,1,9,1.0,4
415,RPP,4,5,1,1,0.4,5
415,RPP,4,5,1,2,0.6,5
415,RPP,4,5,1,3,0.4,5
415,RPP,4,5,1,4,0.6,5
415,RPP,4,5,1,5,0.4,5
415,RPP,4,5,1,6,0.8,5
415,RPP,4,5,1,7,1.0,5
415,RPP,4,5,1,8,0.8,5
415,RPP,4,5,1,9,1.0,5
415,RPP,5,3,2,1,0.0,3
415,RPP,5,3,2,2,0.0,3
415,RPP,5,3,2,3,0.3333333333333333,3
415,RPP,5,3,2,4,1.0,3
415,RPP,5,3,2,5,1.0,3
415,RPP,5,3,2,6,1.0,3
415,RPP,5,3,2,7,1.0,3
415,RPP,5,3,2,8,1.0,3
415,RPP,5,3,2,9,1.0,3
415,RPP,6,5,2,1,0.2,5
415,RPP,6,5,2,2,0.8,5
415,RPP,6,5,2,3,1.0,5
415,RPP,6,5,2,4,1.0,5
415,RPP,6,5,2,5,1.0,5
415,RPP,6,5,2,6,1.0,5
415,RPP,6,5,2,7,1.0,5
415,RPP,6,5,2,8,1.0,5
415,RPP,6,5,2,9,1.0,5
415,RPP,7,2,2,1,0.0,2
415,RPP,7,2,2,2,0.5,2
415,RPP,7,2,2,3,1.0,2
415,RPP,7,2,2,4,1.0,2
415,RPP,7,2,2,5,1.0,2
415,RPP,7,2,2,6,1.0,2
415,RPP,7,2,2,7,1.0,2
415,RPP,7,2,2,8,1.0,2
415,RPP,7,2,2,9,0.5,2
415,RPP,8,3,3,1,0.3333333333333333,3
415,RPP,8,3,3,2,1.0,3
415,RPP,8,3,3,3,1.0,3
415,RPP,8,3,3,4,1.0,3
415,RPP,8,3,3,5,1.0,3
415,RPP,8,3,3,6,1.0,3
415,RPP,8,3,3,7,1.0,3
415,RPP,8,3,3,8,1.0,3
415,RPP,8,3,3,9,1.0,3
415,RPP,9,4,2,1,0.5,4
415,RPP,9,4,2,2,0.5,4
415,RPP,9,4,2,3,1.0,4
415,RPP,9,4,2,4,1.0,4
415,RPP,9,4,2,5,1.0,4
415,RPP,9,4,2,6,1.0,4
415,RPP,9,4,2,7,1.0,4
415,RPP,9,4,2,8,1.0,4
415,RPP,9,4,2,9,1.0,4
415,RPP,10,5,3,1,0.2,5
415,RPP,10,5,3,2,0.4,5
415,RPP,10,5,3,3,0.6,5
415,RPP,10,5,3,4,0.6,5
415,RPP,10,5,3,5,0.8,5
415,RPP,10,5,3,6,1.0,5
415,RPP,10,5,3,7,1.0,5
415,RPP,10,5,3,8,1.0,5
415,RPP,10,5,3,9,1.0,5
416,RPP,1,2,1,1,0.5,2
416,RPP,1,2,1,2,1.0,2
416,RPP,1,2,1,3,1.0,2
416,RPP,1,2,1,4,1.0,2
416,RPP,1,2,1,5,1.0,2
416,RPP,1,2,1,6,1.0,2
416,RPP,1,2,1,7,1.0,2
416,RPP,1,2,1,8,1.0,2
416,RPP,1,2,1,9,1.0,2
416,RPP,2,3,1,1,0.0,3
416,RPP,2,3,1,2,0.6666666666666666,3
416,RPP,2,3,1,3,0.3333333333333333,3
416,RPP,2,3,1,4,1.0,3
416,RPP,2,3,1,5,1.0,3
416,RPP,2,3,1,6,1.0,3
416,RPP,2,3,1,7,1.0,3
416,RPP,2,3,1,8,1.0,3
416,RPP,2,3,1,9,1.0,3
416,RPP,3,4,1,1,0.5,4
416,RPP,3,4,1,2,0.5,4
416,RPP,3,4,1,3,0.75,4
416,RPP,3,4,1,4,1.0,4
416,RPP,3,4,1,5,1.0,4
416,RPP,3,4,1,6,1.0,4
416,RPP,3,4,1,7,1.0,4
416,RPP,3,4,1,8,1.0,4
416,RPP,3,4,1,9,1.0,4
416,RPP,4,5,1,1,0.2,5
416,RPP,4,5,1,2,0.8,5
416,RPP,4,5,1,3,0.8,5
416,RPP,4,5,1,4,0.6,5
416,RPP,4,5,1,5,0.6,5
416,RPP,4,5,1,6,0.8,5
416,RPP,4,5,1,7,0.8,5
416,RPP,4,5,1,8,0.6,5
416,RPP,4,5,1,9,1.0,5
416,RPP,5,3,2,1,0.3333333333333333,3
416,RPP,5,3,2,2,1.0,3
416,RPP,5,3,2,3,1.0,3
416,RPP,5,3,2,4,1.0,3
416,RPP,5,3,2,5,1.0,3
416,RPP,5,3,2,6,1.0,3
416,RPP,5,3,2,7,1.0,3
416,RPP,5,3,2,8,1.0,3
416,RPP,5,3,2,9,1.0,3
416,RPP,6,5,2,1,0.2,5
416,RPP,6,5,2,2,0.4,5
416,RPP,6,5,2,3,1.0,5
416,RPP,6,5,2,4,1.0,5
416,RPP,6,5,2,5,1.0,5
416,RPP,6,5,2,6,1.0,5
416,RPP,6,5,2,7,1.0,5
416,RPP,6,5,2,8,1.0,5
416,RPP,6,5,2,9,1.0,5
416,RPP,7,2,2,1,0.0,2
416,RPP,7,2,2,2,0.5,2
416,RPP,7,2,2,3,1.0,2
416,RPP,7,2,2,4,1.0,2
416,RPP,7,2,2,5,1.0,2
416,RPP,7,2,2,6,1.0,2
416,RPP,7,2,2,7,1.0,2
416,RPP,7,2,2,8,1.0,2
416,RPP,7,2,2,9,1.0,2
416,RPP,8,3,3,1,0.3333333333333333,3
416,RPP,8,3,3,2,0.6666666666666666,3
416,RPP,8,3,3,3,1.0,3
416,RPP,8,3,3,4,1.0,3
416,RPP,8,3,3,5,1.0,3
416,RPP,8,3,3,6,1.0,3
416,RPP,8,3,3,7,1.0,3
416,RPP,8,3,3,8,1.0,3
416,RPP,8,3,3,9,1.0,3
416,RPP,9,4,2,1,0.5,4
416,RPP,9,4,2,2,0.75,4
416,RPP,9,4,2,3,1.0,4
416,RPP,9,4,2,4,1.0,4
416,RPP,9,4,2,5,1.0,4
416,RPP,9,4,2,6,1.0,4
416,RPP,9,4,2,7,1.0,4
416,RPP,9,4,2,8,1.0,4
416,RPP,9,4,2,9,1.0,4
416,RPP,10,5,3,1,0.2,5
416,RPP,10,5,3,2,0.8,5
416,RPP,10,5,3,3,1.0,5
416,RPP,10,5,3,4,1.0,5
416,RPP,10,5,3,5,1.0,5
416,RPP,10,5,3,6,1.0,5
416,RPP,10,5,3,7,1.0,5
416,RPP,10,5,3,8,1.0,5
416,RPP,10,5,3,9,1.0,5
417,RPP,1,2,1,1,0.0,2
417,RPP,1,2,1,2,0.0,2
417,RPP,1,2,1,3,0.0,2
417,RPP,1,2,1,4,1.0,2
417,RPP,1,2,1,5,1.0,2
417,RPP,1,2,1,6,1.0,2
417,RPP,1,2,1,7,0.5,2
417,RPP,1,2,1,8,1.0,2
417,RPP,1,2,1,9,1.0,2
417,RPP,2,3,1,1,0.6666666666666666,3
417,RPP,2,3,1,2,0.6666666666666666,3
417,RPP,2,3,1,3,0.6666666666666666,3
417,RPP,2,3,1,4,0.6666666666666666,3
417,RPP,2,3,1,5,0.6666666666666666,3
417,RPP,2,3,1,6,1.0,3
417,RPP,2,3,1,7,1.0,3
417,RPP,2,3,1,8,0.6666666666666666,3
417,RPP,2,3,1,9,1.0,3
417,RPP,3,4,1,1,0.25,4
417,RPP,3,4,1,2,0.75,4
417,RPP,3,4,1,3,1.0,4
417,RPP,3,4,1,4,1.0,4
417,RPP,3,4,1,5,1.0,4
417,RPP,3,4,1,6,1.0,4
417,RPP,3,4,1,7,1.0,4
417,RPP,3,4,1,8,1.0,4
417,RPP,3,4,1,9,1.0,4
417,RPP,4,5,1,1,0.2,5
417,RPP,4,5,1,2,0.6,5
417,RPP,4,5,1,3,0.8,5
417,RPP,4,5,1,4,0.6,5
417,RPP,4,5,1,5,0.8,5
417,RPP,4,5,1,6,0.8,5
417,RPP,4,5,1,7,0.6,5
417,RPP,4,5,1,8,0.8,5
417,RPP,4,5,1,9,0.8,5
417,RPP,5,3,2,1,0.3333333333333333,3
417,RPP,5,3,2,2,0.6666666666666666,3
417,RPP,5,3,2,3,1.0,3
417,RPP,5,3,2,4,1.0,3
417,RPP,5,3,2,5,1.0,3
417,RPP,5,3,2,6,1.0,3
417,RPP,5,3,2,7,1.0,3
417,RPP,5,3,2,8,1.0,3
417,RPP,5,3,2,9,0.6666666666666666,3
417,RPP,6,5,2,1,0.2,5
417,RPP,6,5,2,2,0.2,5
417,RPP,6,5,2,3,0.6,5
417,RPP,6,5,2,4,0.8,5
417,RPP,6,5,2,5,0.8,5
417,RPP,6,5,2,6,0.8,5
417,RPP,6,5,2,7,1.0,5
417,RPP,6,5,2,8,0.8,5
417,RPP,6,5,2,9,0.8,5
417,RPP,7,2,2,1,1.0,2
417,RPP,7,2,2,2,1.0,2
417,RPP,7,2,2,3,1.0,2
417,RPP,7,2,2,4,1.0,2
417,RPP,7,2,2,5,1.0,2
417,RPP,7,2,2,6,1.0,2
417,RPP,7,2,2,7,1.0,2
417,RPP,7,2,2,8,1.0,2
417,RPP,7,2,2,9,1.0,2
417,RPP,8,3,3,1,0.3333333333333333,3
417,RPP,8,3,3,2,0.6666666666666666,3
417,RPP,8,3,3,3,1.0,3
417,RPP,8,3,3,4,1.0,3
417,RPP,8,3,3,5,1.0,3
417,RPP,8,3,3,6,1.0,3
417,RPP,8,3,3,7,1.0,3
417,RPP,8,3,3,8,1.0,3
417,RPP,8,3,3,9,1.0,3
417,RPP,9,4,2,1,0.75,4
417,RPP,9,4,2,2,1.0,4
417,RPP,9,4,2,3,0.75,4
417,RPP,9,4,2,4,1.0,4
417,RPP,9,4,2,5,1.0,4
417,RPP,9,4,2,6,1.0,4
417,RPP,9,4,2,7,1.0,4
417,RPP,9,4,2,8,1.0,4
417,RPP,9,4,2,9,1.0,4
417,RPP,10,5,3,1,0.2,5
417,RPP,10,5,3,2,0.6,5
417,RPP,10,5,3,3,0.8,5
417,RPP,10,5,3,4,0.6,5
417,RPP,10,5,3,5,1.0,5
417,RPP,10,5,3,6,0.8,5
417,RPP,10,5,3,7,1.0,5
417,RPP,10,5,3,8,1.0,5
417,RPP,10,5,3,9,0.8,5
418,Age>25,1,2,1,1,1.0,2
418,Age>25,1,2,1,2,1.0,2
418,Age>25,1,2,1,3,1.0,2
418,Age>25,1,2,1,4,0.5,2
418,Age>25,1,2,1,5,1.0,2
418,Age>25,1,2,1,6,1.0,2
418,Age>25,1,2,1,7,1.0,2
418,Age>25,1,2,1,8,1.0,2
418,Age>25,1,2,1,9,1.0,2
418,Age>25,2,4,1,1,0.5,4
418,Age>25,2,4,1,2,0.5,4
418,Age>25,2,4,1,3,0.5,4
418,Age>25,2,4,1,4,0.5,4
418,Age>25,2,4,1,5,0.75,4
418,Age>25,2,4,1,6,1.0,4
418,Age>25,2,4,1,7,1.0,4
418,Age>25,2,4,1,8,1.0,4
418,Age>25,2,4,1,9,1.0,4
418,Age>25,3,3,1,1,0.6666666666666666,3
418,Age>25,3,3,1,2,0.6666666666666666,3
418,Age>25,3,3,1,3,1.0,3
418,Age>25,3,3,1,4,1.0,3
418,Age>25,3,3,1,5,1.0,3
418,Age>25,3,3,1,6,1.0,3
418,Age>25,3,3,1,7,1.0,3
418,Age>25,3,3,1,8,1.0,3
418,Age>25,3,3,1,9,1.0,3
418,Age>25,4,5,1,1,0.2,5
418,Age>25,4,5,1,2,0.8,5
418,Age>25,4,5,1,3,0.8,5
418,Age>25,4,5,1,4,1.0,5
418,Age>25,4,5,1,5,0.8,5
418,Age>25,4,5,1,6,1.0,5
418,Age>25,4,5,1,7,1.0,5
418,Age>25,4,5,1,8,1.0,5
418,Age>25,4,5,1,9,1.0,5
418,Age>25,5,3,2,1,0.3333333333333333,3
418,Age>25,5,3,2,2,1.0,3
418,Age>25,5,3,2,3,1.0,3
418,Age>25,5,3,2,4,1.0,3
418,Age>25,5,3,2,5,0.6666666666666666,3
418,Age>25,5,3,2,6,1.0,3
418,Age>25,5,3,2,7,1.0,3
418,Age>25,5,3,2,8,1.0,3
418,Age>25,5,3,2,9,1.0,3
418,Age>25,6,5,2,1,0.0,5
418,Age>25,6,5,2,2,0.2,5
418,Age>25,6,5,2,3,0.2,5
418,Age>25,6,5,2,4,0.6,5
418,Age>25,6,5,2,5,0.8,5
418,Age>25,6,5,2,6,0.6,5
418,Age>25,6,5,2,7,1.0,5
418,Age>25,6,5,2,8,1.0,5
418,Age>25,6,5,2,9,1.0,5
418,Age>25,7,2,2,1,0.0,2
418,Age>25,7,2,2,2,0.0,2
418,Age>25,7,2,2,3,1.0,2
418,Age>25,7,2,2,4,1.0,2
418,Age>25,7,2,2,5,0.5,2
418,Age>25,7,2,2,6,1.0,2
418,Age>25,7,2,2,7,1.0,2
418,Age>25,7,2,2,8,1.0,2
418,Age>25,7,2,2,9,1.0,2
418,Age>25,8,4,2,1,1.0,4
418,Age>25,8,4,2,2,1.0,4
418,Age>25,8,4,2,3,0.25,4
418,Age>25,8,4,2,4,0.5,4
418,Age>25,8,4,2,5,0.75,4
418,Age>25,8,4,2,6,1.0,4
418,Age>25,8,4,2,7,0.5,4
418,Age>25,8,4,2,8,0.5,4
418,Age>25,8,4,2,9,0.5,4
418,Age>25,9,3,3,1,1.0,3
418,Age>25,9,3,3,2,1.0,3
418,Age>25,9,3,3,3,1.0,3
418,Age>25,9,3,3,4,1.0,3
418,Age>25,9,3,3,5,1.0,3
418,Age>25,9,3,3,6,1.0,3
418,Age>25,9,3,3,7,1.0,3
418,Age>25,9,3,3,8,1.0,3
418,Age>25,9,3,3,9,1.0,3
418,Age>25,10,5,3,1,0.4,5
418,Age>25,10,5,3,2,0.6,5
418,Age>25,10,5,3,3,0.6,5
418,Age>25,10,5,3,4,0.4,5
418,Age>25,10,5,3,5,0.25,4
418,Age>25,10,5,3,6,0.0,5
418,Age>25,10,5,3,7,0.8,5
418,Age>25,10,5,3,8,0.4,5
418,Age>25,10,5,3,9,0.25,4
419,RPP,1,2,1,1,0.0,2
419,RPP,1,2,1,2,1.0,2
419,RPP,1,2,1,3,1.0,2
419,RPP,1,2,1,4,1.0,2
419,RPP,1,2,1,5,1.0,2
419,RPP,1,2,1,6,1.0,2
419,RPP,1,2,1,7,0.5,2
419,RPP,1,2,1,8,1.0,2
419,RPP,1,2,1,9,1.0,2
419,RPP,2,3,1,1,0.3333333333333333,3
419,RPP,2,3,1,2,0.6666666666666666,3
419,RPP,2,3,1,3,0.6666666666666666,3
419,RPP,2,3,1,4,0.6666666666666666,3
419,RPP,2,3,1,5,1.0,3
419,RPP,2,3,1,6,0.6666666666666666,3
419,RPP,2,3,1,7,1.0,3
419,RPP,2,3,1,8,1.0,3
419,RPP,2,3,1,9,1.0,3
419,RPP,3,4,1,1,0.25,4
419,RPP,3,4,1,2,0.5,4
419,RPP,3,4,1,3,0.5,4
419,RPP,3,4,1,4,0.5,4
419,RPP,3,4,1,5,0.5,4
419,RPP,3,4,1,6,0.75,4
419,RPP,3,4,1,7,0.75,4
419,RPP,3,4,1,8,0.75,4
419,RPP,3,4,1,9,0.75,4
419,RPP,4,5,1,1,0.4,5
419,RPP,4,5,1,2,0.6,5
419,RPP,4,5,1,3,0.6,5
419,RPP,4,5,1,4,0.8,5
419,RPP,4,5,1,5,0.8,5
419,RPP,4,5,1,6,0.8,5
419,RPP,4,5,1,7,0.6,5
419,RPP,4,5,1,8,0.8,5
419,RPP,4,5,1,9,1.0,5
419,RPP,5,3,2,1,1.0,3
419,RPP,5,3,2,2,1.0,3
419,RPP,5,3,2,3,1.0,3
419,RPP,5,3,2,4,1.0,3
419,RPP,5,3,2,5,1.0,3
419,RPP,5,3,2,6,1.0,3
419,RPP,5,3,2,7,1.0,3
419,RPP,5,3,2,8,1.0,3
419,RPP,5,3,2,9,1.0,3
419,RPP,6,5,2,1,0.2,5
419,RPP,6,5,2,2,0.0,5
419,RPP,6,5,2,3,0.6,5
419,RPP,6,5,2,4,0.6,5
419,RPP,6,5,2,5,1.0,5
419,RPP,6,5,2,6,0.8,5
419,RPP,6,5,2,7,1.0,5
419,RPP,6,5,2,8,1.0,5
419,RPP,6,5,2,9,1.0,5
419,RPP,7,2,2,1,0.5,2
419,RPP,7,2,2,2,1.0,2
419,RPP,7,2,2,3,1.0,2
419,RPP,7,2,2,4,1.0,2
419,RPP,7,2,2,5,1.0,2
419,RPP,7,2,2,6,1.0,2
419,RPP,7,2,2,7,1.0,2
419,RPP,7,2,2,8,1.0,2
419,RPP,7,2,2,9,0.5,2
419,RPP,8,3,3,1,0.6666666666666666,3
419,RPP,8,3,3,2,1.0,3
419,RPP,8,3,3,3,1.0,3
419,RPP,8,3,3,4,1.0,3
419,RPP,8,3,3,5,1.0,3
419,RPP,8,3,3,6,1.0,3
419,RPP,8,3,3,7,1.0,3
419,RPP,8,3,3,8,1.0,3
419,RPP,8,3,3,9,1.0,3
419,RPP,9,4,2,1,0.25,4
419,RPP,9,4,2,2,0.5,4
419,RPP,9,4,2,3,0.25,4
419,RPP,9,4,2,4,0.75,4
419,RPP,9,4,2,5,0.75,4
419,RPP,9,4,2,6,0.75,4
419,RPP,9,4,2,7,1.0,4
419,RPP,9,4,2,8,1.0,4
419,RPP,9,4,2,9,1.0,4
419,RPP,10,5,3,1,0.6,5
419,RPP,10,5,3,2,0.8,5
419,RPP,10,5,3,3,0.8,5
419,RPP,10,5,3,4,0.8,5
419,RPP,10,5,3,5,0.8,5
419,RPP,10,5,3,6,1.0,5
419,RPP,10,5,3,7,1.0,5
419,RPP,10,5,3,8,0.8,5
419,RPP,10,5,3,9,1.0,5
420,RPP,1,2,1,1,0.5,2
420,RPP,1,2,1,2,1.0,2
420,RPP,1,2,1,3,1.0,2
420,RPP,1,2,1,4,1.0,2
420,RPP,1,2,1,5,1.0,2
420,RPP,1,2,1,6,1.0,2
420,RPP,1,2,1,7,1.0,2
420,RPP,1,2,1,8,1.0,2
420,RPP,1,2,1,9,1.0,2
420,RPP,2,3,1,1,0.0,3
420,RPP,2,3,1,2,0.0,3
420,RPP,2,3,1,3,0.3333333333333333,3
420,RPP,2,3,1,4,0.6666666666666666,3
420,RPP,2,3,1,5,1.0,3
420,RPP,2,3,1,6,1.0,3
420,RPP,2,3,1,7,1.0,3
420,RPP,2,3,1,8,1.0,3
420,RPP,2,3,1,9,1.0,3
420,RPP,3,4,1,1,0.0,4
420,RPP,3,4,1,2,0.25,4
420,RPP,3,4,1,3,0.5,4
420,RPP,3,4,1,4,0.5,4
420,RPP,3,4,1,5,0.75,4
420,RPP,3,4,1,6,0.75,4
420,RPP,3,4,1,7,0.75,4
420,RPP,3,4,1,8,1.0,4
420,RPP,3,4,1,9,1.0,4
420,RPP,4,5,1,1,0.4,5
420,RPP,4,5,1,2,0.6,5
420,RPP,4,5,1,3,0.6,5
420,RPP,4,5,1,4,1.0,5
420,RPP,4,5,1,5,1.0,5
420,RPP,4,5,1,6,1.0,5
420,RPP,4,5,1,7,1.0,5
420,RPP,4,5,1,8,1.0,5
420,RPP,4,5,1,9,0.8,5
420,RPP,5,3,2,1,0.3333333333333333,3
420,RPP,5,3,2,2,0.3333333333333333,3
420,RPP,5,3,2,3,0.6666666666666666,3
420,RPP,5,3,2,4,1.0,3
420,RPP,5,3,2,5,1.0,3
420,RPP,5,3,2,6,1.0,3
420,RPP,5,3,2,7,0.6666666666666666,3
420,RPP,5,3,2,8,0.3333333333333333,3
420,RPP,5,3,2,9,0.3333333333333333,3
420,RPP,6,5,2,1,0.0,4
420,RPP,6,5,2,2,0.4,5
420,RPP,6,5,2,3,0.4,5
420,RPP,6,5,2,4,0.0,5
420,RPP,6,5,2,5,0.4,5
420,RPP,6,5,2,6,1.0,5
420,RPP,6,5,2,7,1.0,5
420,RPP,6,5,2,8,1.0,5
420,RPP,6,5,2,9,0.6,5
420,RPP,7,2,2,1,0.5,2
420,RPP,7,2,2,2,1.0,2
420,RPP,7,2,2,3,1.0,2
420,RPP,7,2,2,4,1.0,2
420,RPP,7,2,2,5,1.0,2
420,RPP,7,2,2,6,1.0,2
420,RPP,7,2,2,7,1.0,2
420,RPP,7,2,2,8,1.0,2
420,RPP,7,2,2,9,1.0,2
420,RPP,8,3,3,1,0.6666666666666666,3
420,RPP,8,3,3,2,1.0,3
420,RPP,8,3,3,3,1.0,3
420,RPP,8,3,3,4,1.0,3
420,RPP,8,3,3,5,1.0,3
420,RPP,8,3,3,6,1.0,3
420,RPP,8,3,3,7,1.0,3
420,RPP,8,3,3,8,1.0,3
420,RPP,8,3,3,9,1.0,3
420,RPP,9,4,2,1,0.0,4
420,RPP,9,4,2,2,1.0,4
420,RPP,9,4,2,3,1.0,4
420,RPP,9,4,2,4,1.0,4
420,RPP,9,4,2,5,1.0,4
420,RPP,9,4,2,6,0.75,4
420,RPP,9,4,2,7,0.75,4
420,RPP,9,4,2,8,1.0,4
420,RPP,9,4,2,9,1.0,4
420,RPP,10,5,3,1,0.6,5
420,RPP,10,5,3,2,0.6,5
420,RPP,10,5,3,3,0.6,5
420,RPP,10,5,3,4,1.0,5
420,RPP,10,5,3,5,1.0,5
420,RPP,10,5,3,6,0.8,5
420,RPP,10,5,3,7,1.0,5
420,RPP,10,5,3,8,1.0,5
420,RPP,10,5,3,9,1.0,5
421,RPP,1,2,1,1,1.0,2
421,RPP,1,2,1,2,1.0,2
421,RPP,1,2,1,3,1.0,2
421,RPP,1,2,1,4,1.0,2
421,RPP,1,2,1,5,1.0,2
421,RPP,1,2,1,6,1.0,2
421,RPP,1,2,1,7,1.0,2
421,RPP,1,2,1,8,1.0,2
421,RPP,1,2,1,9,1.0,2
421,RPP,2,3,1,1,0.3333333333333333,3
421,RPP,2,3,1,2,0.3333333333333333,3
421,RPP,2,3,1,3,0.3333333333333333,3
421,RPP,2,3,1,4,0.6666666666666666,3
421,RPP,2,3,1,5,1.0,3
421,RPP,2,3,1,6,1.0,3
421,RPP,2,3,1,7,1.0,3
421,RPP,2,3,1,8,1.0,3
421,RPP,2,3,1,9,1.0,3
421,RPP,3,4,1,1,0.25,4
421,RPP,3,4,1,2,0.5,4
421,RPP,3,4,1,3,1.0,4
421,RPP,3,4,1,4,0.75,4
421,RPP,3,4,1,5,0.5,4
421,RPP,3,4,1,6,0.75,4
421,RPP,3,4,1,7,1.0,4
421,RPP,3,4,1,8,1.0,4
421,RPP,3,4,1,9,1.0,4
421,RPP,4,5,1,1,0.0,5
421,RPP,4,5,1,2,0.0,5
421,RPP,4,5,1,3,0.0,5
421,RPP,4,5,1,4,0.4,5
421,RPP,4,5,1,5,0.8,5
421,RPP,4,5,1,6,0.8,5
421,RPP,4,5,1,7,0.8,5
421,RPP,4,5,1,8,0.6,5
421,RPP,4,5,1,9,0.8,5
421,RPP,5,3,2,1,0.3333333333333333,3
421,RPP,5,3,2,2,0.6666666666666666,3
421,RPP,5,3,2,3,1.0,3
421,RPP,5,3,2,4,0.6666666666666666,3
421,RPP,5,3,2,5,1.0,3
421,RPP,5,3,2,6,1.0,3
421,RPP,5,3,2,7,1.0,3
421,RPP,5,3,2,8,1.0,3
421,RPP,5,3,2,9,0.6666666666666666,3
421,RPP,6,5,2,1,0.2,5
421,RPP,6,5,2,2,0.2,5
421,RPP,6,5,2,3,0.75,4
421,RPP,6,5,2,4,0.8,5
421,RPP,6,5,2,5,0.8,5
421,RPP,6,5,2,6,1.0,5
421,RPP,6,5,2,7,1.0,5
421,RPP,6,5,2,8,1.0,5
421,RPP,6,5,2,9,1.0,5
421,RPP,7,2,2,1,1.0,2
421,RPP,7,2,2,2,1.0,2
421,RPP,7,2,2,3,1.0,2
421,RPP,7,2,2,4,1.0,2
421,RPP,7,2,2,5,1.0,2
421,RPP,7,2,2,6,1.0,2
421,RPP,7,2,2,7,1.0,2
421,RPP,7,2,2,8,1.0,2
421,RPP,7,2,2,9,1.0,2
421,RPP,8,3,3,1,0.0,3
421,RPP,8,3,3,2,0.0,3
421,RPP,8,3,3,3,0.3333333333333333,3
421,RPP,8,3,3,4,0.6666666666666666,3
421,RPP,8,3,3,5,1.0,3
421,RPP,8,3,3,6,1.0,3
421,RPP,8,3,3,7,1.0,3
421,RPP,8,3,3,8,0.6666666666666666,3
421,RPP,8,3,3,9,1.0,3
421,RPP,9,4,2,1,0.5,4
421,RPP,9,4,2,2,0.5,4
421,RPP,9,4,2,3,1.0,4
421,RPP,9,4,2,4,0.75,4
421,RPP,9,4,2,5,0.75,4
421,RPP,9,4,2,6,1.0,4
421,RPP,9,4,2,7,1.0,4
421,RPP,9,4,2,8,1.0,4
421,RPP,9,4,2,9,1.0,4
421,RPP,10,5,3,1,0.2,5
421,RPP,10,5,3,2,0.6,5
421,RPP,10,5,3,3,0.6,5
421,RPP,10,5,3,4,0.8,5
421,RPP,10,5,3,5,0.8,5
421,RPP,10,5,3,6,1.0,5
421,RPP,10,5,3,7,1.0,5
421,RPP,10,5,3,8,1.0,5
421,RPP,10,5,3,9,1.0,5
422,RPP,1,2,1,1,0.0,2
422,RPP,1,2,1,2,0.5,2
422,RPP,1,2,1,3,1.0,2
422,RPP,1,2,1,4,1.0,2
422,RPP,1,2,1,5,0.5,2
422,RPP,1,2,1,6,1.0,2
422,RPP,1,2,1,7,1.0,2
422,RPP,1,2,1,8,1.0,2
422,RPP,1,2,1,9,1.0,2
422,RPP,2,3,1,1,0.6666666666666666,3
422,RPP,2,3,1,2,0.6666666666666666,3
422,RPP,2,3,1,3,1.0,3
422,RPP,2,3,1,4,1.0,3
422,RPP,2,3,1,5,1.0,3
422,RPP,2,3,1,6,0.6666666666666666,3
422,RPP,2,3,1,7,1.0,3
422,RPP,2,3,1,8,1.0,3
422,RPP,2,3,1,9,1.0,3
422,RPP,3,5,1,1,0.2,5
422,RPP,3,5,1,2,0.4,5
422,RPP,3,5,1,3,0.4,5
422,RPP,3,5,1,4,0.8,5
422,RPP,3,5,1,5,0.6,5
422,RPP,3,5,1,6,1.0,5
422,RPP,3,5,1,7,1.0,5
422,RPP,3,5,1,8,1.0,5
422,RPP,3,5,1,9,1.0,5
422,RPP,4,4,1,1,0.5,4
422,RPP,4,4,1,2,1.0,4
422,RPP,4,4,1,3,0.75,4
422,RPP,4,4,1,4,1.0,4
422,RPP,4,4,1,5,1.0,4
422,RPP,4,4,1,6,1.0,4
422,RPP,4,4,1,7,1.0,4
422,RPP,4,4,1,8,1.0,4
422,RPP,4,4,1,9,1.0,4
422,RPP,5,3,2,1,0.3333333333333333,3
422,RPP,5,3,2,2,1.0,3
422,RPP,5,3,2,3,1.0,3
422,RPP,5,3,2,4,1.0,3
422,RPP,5,3,2,5,1.0,3
422,RPP,5,3,2,6,1.0,3
422,RPP,5,3,2,7,0.6666666666666666,3
422,RPP,5,3,2,8,1.0,3
422,RPP,5,3,2,9,1.0,3
422,RPP,6,5,2,1,0.4,5
422,RPP,6,5,2,2,1.0,5
422,RPP,6,5,2,3,0.8,5
422,RPP,6,5,2,4,1.0,5
422,RPP,6,5,2,5,0.8,5
422,RPP,6,5,2,6,1.0,5
422,RPP,6,5,2,7,1.0,5
422,RPP,6,5,2,8,1.0,5
422,RPP,6,5,2,9,0.8,5
422,RPP,7,2,2,1,0.0,2
422,RPP,7,2,2,2,0.5,2
422,RPP,7,2,2,3,1.0,2
422,RPP,7,2,2,4,0.5,2
422,RPP,7,2,2,5,1.0,2
422,RPP,7,2,2,6,1.0,2
422,RPP,7,2,2,7,1.0,2
422,RPP,7,2,2,8,1.0,2
422,RPP,7,2,2,9,1.0,2
422,RPP,8,3,3,1,0.3333333333333333,3
422,RPP,8,3,3,2,0.3333333333333333,3
422,RPP,8,3,3,3,1.0,3
422,RPP,8,3,3,4,1.0,3
422,RPP,8,3,3,5,1.0,3
422,RPP,8,3,3,6,1.0,3
422,RPP,8,3,3,7,1.0,3
422,RPP,8,3,3,8,1.0,3
422,RPP,8,3,3,9,1.0,3
422,RPP,9,5,3,1,0.4,5
422,RPP,9,5,3,2,0.6,5
422,RPP,9,5,3,3,0.6,5
422,RPP,9,5,3,4,0.8,5
422,RPP,9,5,3,5,1.0,5
422,RPP,9,5,3,6,0.8,5
422,RPP,9,5,3,7,1.0,5
422,RPP,9,5,3,8,1.0,5
422,RPP,9,5,3,9,1.0,5
422,RPP,10,4,2,1,0.25,4
422,RPP,10,4,2,2,0.75,4
422,RPP,10,4,2,3,0.75,4
422,RPP,10,4,2,4,1.0,4
422,RPP,10,4,2,5,0.75,4
422,RPP,10,4,2,6,1.0,4
422,RPP,10,4,2,7,1.0,4
422,RPP,10,4,2,8,0.75,4
422,RPP,10,4,2,9,1.0,4
423,RPP,1,2,1,1,0.5,2
423,RPP,1,2,1,2,1.0,2
423,RPP,1,2,1,3,1.0,2
423,RPP,1,2,1,4,1.0,2
423,RPP,1,2,1,5,1.0,2
423,RPP,1,2,1,6,1.0,2
423,RPP,1,2,1,7,1.0,2
423,RPP,1,2,1,8,1.0,2
423,RPP,1,2,1,9,1.0,2
423,RPP,2,3,1,1,0.0,3
423,RPP,2,3,1,2,0.3333333333333333,3
423,RPP,2,3,1,3,0.3333333333333333,3
423,RPP,2,3,1,4,0.3333333333333333,3
423,RPP,2,3,1,5,0.6666666666666666,3
423,RPP,2,3,1,6,1.0,3
423,RPP,2,3,1,7,1.0,3
423,RPP,2,3,1,8,1.0,3
423,RPP,2,3,1,9,1.0,3
423,RPP,3,5,1,1,0.2,5
423,RPP,3,5,1,2,0.6,5
423,RPP,3,5,1,3,1.0,5
423,RPP,3,5,1,4,0.8,5
423,RPP,3,5,1,5,0.4,5
423,RPP,3,5,1,6,0.8,5
423,RPP,3,5,1,7,1.0,5
423,RPP,3,5,1,8,1.0,5
423,RPP,3,5,1,9,0.8,5
423,RPP,4,4,1,1,0.25,4
423,RPP,4,4,1,2,0.75,4
423,RPP,4,4,1,3,1.0,4
423,RPP,4,4,1,4,1.0,4
423,RPP,4,4,1,5,1.0,4
423,RPP,4,4,1,6,1.0,4
423,RPP,4,4,1,7,1.0,4
423,RPP,4,4,1,8,1.0,4
423,RPP,4,4,1,9,1.0,4
423,RPP,5,3,2,1,0.3333333333333333,3
423,RPP,5,3,2,2,0.6666666666666666,3
423,RPP,5,3,2,3,0.6666666666666666,3
423,RPP,5,3,2,4,1.0,3
423,RPP,5,3,2,5,1.0,3
423,RPP,5,3,2,6,1.0,3
423,RPP,5,3,2,7,1.0,3
423,RPP,5,3,2,8,1.0,3
423,RPP,5,3,2,9,1.0,3
423,RPP,6,5,2,1,0.4,5
423,RPP,6,5,2,2,0.4,5
423,RPP,6,5,2,3,0.8,5
423,RPP,6,5,2,4,1.0,5
423,RPP,6,5,2,5,0.8,5
423,RPP,6,5,2,6,1.0,5
423,RPP,6,5,2,7,1.0,5
423,RPP,6,5,2,8,1.0,5
423,RPP,6,5,2,9,1.0,5
423,RPP,7,2,2,1,0.0,2
423,RPP,7,2,2,2,0.5,2
423,RPP,7,2,2,3,1.0,2
423,RPP,7,2,2,4,1.0,2
423,RPP,7,2,2,5,1.0,2
423,RPP,7,2,2,6,1.0,2
423,RPP,7,2,2,7,1.0,2
423,RPP,7,2,2,8,1.0,2
423,RPP,7,2,2,9,1.0,2
423,RPP,8,3,3,1,0.6666666666666666,3
423,RPP,8,3,3,2,1.0,3
423,RPP,8,3,3,3,1.0,3
423,RPP,8,3,3,4,0.6666666666666666,3
423,RPP,8,3,3,5,1.0,3
423,RPP,8,3,3,6,1.0,3
423,RPP,8,3,3,7,1.0,3
423,RPP,8,3,3,8,1.0,3
423,RPP,8,3,3,9,1.0,3
423,RPP,9,5,3,1,0.4,5
423,RPP,9,5,3,2,0.8,5
423,RPP,9,5,3,3,0.8,5
423,RPP,9,5,3,4,1.0,5
423,RPP,9,5,3,5,1.0,5
423,RPP,9,5,3,6,1.0,5
423,RPP,9,5,3,7,1.0,5
423,RPP,9,5,3,8,1.0,5
423,RPP,9,5,3,9,0.8,5
423,RPP,10,4,2,1,0.25,4
423,RPP,10,4,2,2,0.5,4
423,RPP,10,4,2,3,1.0,4
423,RPP,10,4,2,4,0.75,4
423,RPP,10,4,2,5,1.0,4
423,RPP,10,4,2,6,1.0,4
423,RPP,10,4,2,7,1.0,4
423,RPP,10,4,2,8,1.0,4
423,RPP,10,4,2,9,0.75,4
424,RPP,1,2,1,1,0.0,2
424,RPP,1,2,1,2,0.0,2
424,RPP,1,2,1,3,1.0,2
424,RPP,1,2,1,4,1.0,2
424,RPP,1,2,1,5,1.0,2
424,RPP,1,2,1,6,1.0,2
424,RPP,1,2,1,7,1.0,2
424,RPP,1,2,1,8,1.0,2
424,RPP,1,2,1,9,1.0,2
424,RPP,2,3,1,1,0.3333333333333333,3
424,RPP,2,3,1,2,0.3333333333333333,3
424,RPP,2,3,1,3,0.6666666666666666,3
424,RPP,2,3,1,4,1.0,3
424,RPP,2,3,1,5,1.0,3
424,RPP,2,3,1,6,0.6666666666666666,3
424,RPP,2,3,1,7,1.0,3
424,RPP,2,3,1,8,0.6666666666666666,3
424,RPP,2,3,1,9,1.0,3
424,RPP,3,5,1,1,0.8,5
424,RPP,3,5,1,2,1.0,5
424,RPP,3,5,1,3,1.0,5
424,RPP,3,5,1,4,0.8,5
424,RPP,3,5,1,5,1.0,5
424,RPP,3,5,1,6,0.8,5
424,RPP,3,5,1,7,1.0,5
424,RPP,3,5,1,8,1.0,5
424,RPP,3,5,1,9,1.0,5
424,RPP,4,4,1,1,0.0,4
424,RPP,4,4,1,2,0.75,4
424,RPP,4,4,1,3,0.75,4
424,RPP,4,4,1,4,1.0,4
424,RPP,4,4,1,5,1.0,4
424,RPP,4,4,1,6,1.0,4
424,RPP,4,4,1,7,1.0,4
424,RPP,4,4,1,8,1.0,4
424,RPP,4,4,1,9,1.0,4
424,RPP,5,3,2,1,0.3333333333333333,3
424,RPP,5,3,2,2,0.3333333333333333,3
424,RPP,5,3,2,3,1.0,3
424,RPP,5,3,2,4,1.0,3
424,RPP,5,3,2,5,1.0,3
424,RPP,5,3,2,6,1.0,3
424,RPP,5,3,2,7,1.0,3
424,RPP,5,3,2,8,1.0,3
424,RPP,5,3,2,9,1.0,3
424,RPP,6,5,2,1,0.8,5
424,RPP,6,5,2,2,0.8,5
424,RPP,6,5,2,3,0.8,5
424,RPP,6,5,2,4,0.8,5
424,RPP,6,5,2,5,1.0,5
424,RPP,6,5,2,6,1.0,5
424,RPP,6,5,2,7,1.0,5
424,RPP,6,5,2,8,1.0,5
424,RPP,6,5,2,9,0.8,5
424,RPP,7,2,2,1,0.5,2
424,RPP,7,2,2,2,0.0,1
424,RPP,7,2,2,3,0.0,2
424,RPP,7,2,2,4,1.0,2
424,RPP,7,2,2,5,0.5,2
424,RPP,7,2,2,6,1.0,2
424,RPP,7,2,2,7,1.0,2
424,RPP,7,2,2,8,1.0,2
424,RPP,7,2,2,9,1.0,2
424,RPP,8,3,3,1,0.0,3
424,RPP,8,3,3,2,0.3333333333333333,3
424,RPP,8,3,3,3,1.0,3
424,RPP,8,3,3,4,1.0,3
424,RPP,8,3,3,5,1.0,3
424,RPP,8,3,3,6,1.0,3
424,RPP,8,3,3,7,1.0,3
424,RPP,8,3,3,8,1.0,3
424,RPP,8,3,3,9,1.0,3
424,RPP,9,5,3,1,0.4,5
424,RPP,9,5,3,2,0.8,5
424,RPP,9,5,3,3,0.8,5
424,RPP,9,5,3,4,0.6,5
424,RPP,9,5,3,5,1.0,5
424,RPP,9,5,3,6,1.0,5
424,RPP,9,5,3,7,1.0,5
424,RPP,9,5,3,8,1.0,5
424,RPP,9,5,3,9,1.0,5
424,RPP,10,4,2,1,0.5,4
424,RPP,10,4,2,2,0.75,4
424,RPP,10,4,2,3,1.0,4
424,RPP,10,4,2,4,1.0,4
424,RPP,10,4,2,5,1.0,4
424,RPP,10,4,2,6,1.0,4
424,RPP,10,4,2,7,1.0,4
424,RPP,10,4,2,8,1.0,4
424,RPP,10,4,2,9,1.0,4
425,Age>25,1,2,1,1,0.0,2
425,Age>25,1,2,1,2,0.5,2
425,Age>25,1,2,1,3,0.5,2
425,Age>25,1,2,1,4,0.5,2
425,Age>25,1,2,1,5,1.0,2
425,Age>25,1,2,1,6,1.0,2
425,Age>25,1,2,1,7,1.0,2
425,Age>25,1,2,1,8,1.0,2
425,Age>25,1,2,1,9,0.5,2
425,Age>25,2,3,1,1,0.3333333333333333,3
425,Age>25,2,3,1,2,0.6666666666666666,3
425,Age>25,2,3,1,3,0.6666666666666666,3
425,Age>25,2,3,1,4,1.0,3
425,Age>25,2,3,1,5,1.0,3
425,Age>25,2,3,1,6,1.0,3
425,Age>25,2,3,1,7,1.0,3
425,Age>25,2,3,1,8,1.0,3
425,Age>25,2,3,1,9,1.0,3
425,Age>25,3,4,1,1,0.25,4
425,Age>25,3,4,1,2,0.5,4
425,Age>25,3,4,1,3,0.5,4
425,Age>25,3,4,1,4,1.0,4
425,Age>25,3,4,1,5,0.75,4
425,Age>25,3,4,1,6,0.75,4
425,Age>25,3,4,1,7,1.0,4
425,Age>25,3,4,1,8,1.0,4
425,Age>25,3,4,1,9,1.0,4
425,Age>25,4,5,1,1,0.4,5
425,Age>25,4,5,1,2,0.6,5
425,Age>25,4,5,1,3,0.6,5
425,Age>25,4,5,1,4,0.4,5
425,Age>25,4,5,1,5,0.4,5
425,Age>25,4,5,1,6,0.8,5
425,Age>25,4,5,1,7,0.6,5
425,Age>25,4,5,1,8,0.6,5
425,Age>25,4,5,1,9,0.8,5
425,Age>25,5,3,2,1,0.3333333333333333,3
425,Age>25,5,3,2,2,0.3333333333333333,3
425,Age>25,5,3,2,3,0.6666666666666666,3
425,Age>25,5,3,2,4,1.0,3
425,Age>25,5,3,2,5,1.0,3
425,Age>25,5,3,2,6,1.0,3
425,Age>25,5,3,2,7,1.0,3
425,Age>25,5,3,2,8,1.0,3
425,Age>25,5,3,2,9,1.0,3
425,Age>25,6,5,2,1,0.2,5
425,Age>25,6,5,2,2,0.6,5
425,Age>25,6,5,2,3,0.6,5
425,Age>25,6,5,2,4,1.0,5
425,Age>25,6,5,2,5,0.8,5
425,Age>25,6,5,2,6,1.0,5
425,Age>25,6,5,2,7,1.0,5
425,Age>25,6,5,2,8,1.0,5
425,Age>25,6,5,2,9,1.0,5
425,Age>25,7,2,2,1,0.0,2
425,Age>25,7,2,2,2,0.5,2
425,Age>25,7,2,2,3,0.5,2
425,Age>25,7,2,2,4,1.0,2
425,Age>25,7,2,2,5,0.5,2
425,Age>25,7,2,2,6,1.0,2
425,Age>25,7,2,2,7,1.0,2
425,Age>25,7,2,2,8,1.0,2
425,Age>25,7,2,2,9,1.0,2
425,Age>25,8,3,3,1,0.6666666666666666,3
425,Age>25,8,3,3,2,1.0,3
425,Age>25,8,3,3,3,0.6666666666666666,3
425,Age>25,8,3,3,4,1.0,3
425,Age>25,8,3,3,5,1.0,3
425,Age>25,8,3,3,6,1.0,3
425,Age>25,8,3,3,7,1.0,3
425,Age>25,8,3,3,8,1.0,3
425,Age>25,8,3,3,9,1.0,3
425,Age>25,9,4,2,1,0.25,4
425,Age>25,9,4,2,2,0.5,4
425,Age>25,9,4,2,3,0.75,4
425,Age>25,9,4,2,4,1.0,4
425,Age>25,9,4,2,5,1.0,4
425,Age>25,9,4,2,6,1.0,4
425,Age>25,9,4,2,7,1.0,4
425,Age>25,9,4,2,8,1.0,4
425,Age>25,9,4,2,9,1.0,4
425,Age>25,10,5,3,1,0.2,5
425,Age>25,10,5,3,2,0.2,5
425,Age>25,10,5,3,3,0.6,5
425,Age>25,10,5,3,4,0.4,5
425,Age>25,10,5,3,5,0.8,5
425,Age>25,10,5,3,6,0.8,5
425,Age>25,10,5,3,7,1.0,5
425,Age>25,10,5,3,8,0.8,5
425,Age>25,10,5,3,9,0.8,5
427,RPP,1,2,1,1,0.5,2
427,RPP,1,2,1,2,1.0,2
427,RPP,1,2,1,3,1.0,2
427,RPP,1,2,1,4,1.0,2
427,RPP,1,2,1,5,1.0,2
427,RPP,1,2,1,6,1.0,2
427,RPP,1,2,1,7,1.0,2
427,RPP,1,2,1,8,1.0,2
427,RPP,1,2,1,9,1.0,2
427,RPP,2,3,1,1,0.0,3
427,RPP,2,3,1,2,0.6666666666666666,3
427,RPP,2,3,1,3,1.0,3
427,RPP,2,3,1,4,1.0,3
427,RPP,2,3,1,5,0.6666666666666666,3
427,RPP,2,3,1,6,1.0,3
427,RPP,2,3,1,7,1.0,3
427,RPP,2,3,1,8,1.0,3
427,RPP,2,3,1,9,1.0,3
427,RPP,3,4,1,1,0.5,4
427,RPP,3,4,1,2,0.75,4
427,RPP,3,4,1,3,1.0,4
427,RPP,3,4,1,4,1.0,4
427,RPP,3,4,1,5,1.0,4
427,RPP,3,4,1,6,1.0,4
427,RPP,3,4,1,7,1.0,4
427,RPP,3,4,1,8,1.0,4
427,RPP,3,4,1,9,1.0,4
427,RPP,4,5,1,1,0.4,5
427,RPP,4,5,1,2,0.6,5
427,RPP,4,5,1,3,1.0,5
427,RPP,4,5,1,4,1.0,5
427,RPP,4,5,1,5,1.0,5
427,RPP,4,5,1,6,1.0,5
427,RPP,4,5,1,7,1.0,5
427,RPP,4,5,1,8,1.0,5
427,RPP,4,5,1,9,1.0,5
427,RPP,5,3,2,1,0.3333333333333333,3
427,RPP,5,3,2,2,0.6666666666666666,3
427,RPP,5,3,2,3,1.0,3
427,RPP,5,3,2,4,1.0,3
427,RPP,5,3,2,5,1.0,3
427,RPP,5,3,2,6,1.0,3
427,RPP,5,3,2,7,1.0,3
427,RPP,5,3,2,8,1.0,3
427,RPP,5,3,2,9,1.0,3
427,RPP,6,5,2,1,0.2,5
427,RPP,6,5,2,2,0.6,5
427,RPP,6,5,2,3,1.0,5
427,RPP,6,5,2,4,1.0,5
427,RPP,6,5,2,5,1.0,5
427,RPP,6,5,2,6,1.0,5
427,RPP,6,5,2,7,1.0,5
427,RPP,6,5,2,8,1.0,5
427,RPP,6,5,2,9,1.0,5
427,RPP,7,2,2,1,0.5,2
427,RPP,7,2,2,2,1.0,2
427,RPP,7,2,2,3,1.0,2
427,RPP,7,2,2,4,1.0,2
427,RPP,7,2,2,5,1.0,2
427,RPP,7,2,2,6,1.0,2
427,RPP,7,2,2,7,1.0,2
427,RPP,7,2,2,8,1.0,2
427,RPP,7,2,2,9,1.0,2
427,RPP,8,3,3,1,0.3333333333333333,3
427,RPP,8,3,3,2,0.6666666666666666,3
427,RPP,8,3,3,3,1.0,3
427,RPP,8,3,3,4,1.0,3
427,RPP,8,3,3,5,1.0,3
427,RPP,8,3,3,6,1.0,3
427,RPP,8,3,3,7,1.0,3
427,RPP,8,3,3,8,1.0,3
427,RPP,8,3,3,9,1.0,3
427,RPP,9,4,2,1,0.25,4
427,RPP,9,4,2,2,0.5,4
427,RPP,9,4,2,3,1.0,4
427,RPP,9,4,2,4,0.75,4
427,RPP,9,4,2,5,1.0,4
427,RPP,9,4,2,6,1.0,4
427,RPP,9,4,2,7,1.0,4
427,RPP,9,4,2,8,1.0,4
427,RPP,9,4,2,9,1.0,4
427,RPP,10,5,3,1,0.4,5
427,RPP,10,5,3,2,0.6,5
427,RPP,10,5,3,3,1.0,5
427,RPP,10,5,3,4,1.0,5
427,RPP,10,5,3,5,1.0,5
427,RPP,10,5,3,6,1.0,5
427,RPP,10,5,3,7,1.0,5
427,RPP,10,5,3,8,1.0,5
427,RPP,10,5,3,9,1.0,5
428,RPP,1,2,1,1,0.0,2
428,RPP,1,2,1,2,0.0,2
428,RPP,1,2,1,3,0.5,2
428,RPP,1,2,1,4,1.0,2
428,RPP,1,2,1,5,1.0,2
428,RPP,1,2,1,6,0.5,2
428,RPP,1,2,1,7,1.0,2
428,RPP,1,2,1,8,0.5,2
428,RPP,1,2,1,9,1.0,2
428,RPP,2,4,1,1,0.25,4
428,RPP,2,4,1,2,0.75,4
428,RPP,2,4,1,3,1.0,4
428,RPP,2,4,1,4,1.0,4
428,RPP,2,4,1,5,0.75,4
428,RPP,2,4,1,6,1.0,4
428,RPP,2,4,1,7,1.0,4
428,RPP,2,4,1,8,1.0,4
428,RPP,2,4,1,9,1.0,4
428,RPP,3,3,1,1,0.3333333333333333,3
428,RPP,3,3,1,2,0.3333333333333333,3
428,RPP,3,3,1,3,1.0,3
428,RPP,3,3,1,4,1.0,3
428,RPP,3,3,1,5,1.0,3
428,RPP,3,3,1,6,1.0,3
428,RPP,3,3,1,7,1.0,3
428,RPP,3,3,1,8,1.0,3
428,RPP,3,3,1,9,1.0,3
428,RPP,4,5,1,1,0.4,5
428,RPP,4,5,1,2,1.0,5
428,RPP,4,5,1,3,1.0,5
428,RPP,4,5,1,4,0.8,5
428,RPP,4,5,1,5,1.0,5
428,RPP,4,5,1,6,0.8,5
428,RPP,4,5,1,7,1.0,5
428,RPP,4,5,1,8,0.8,5
428,RPP,4,5,1,9,0.8,5
428,RPP,5,3,2,1,0.3333333333333333,3
428,RPP,5,3,2,2,1.0,3
428,RPP,5,3,2,3,1.0,3
428,RPP,5,3,2,4,1.0,3
428,RPP,5,3,2,5,0.6666666666666666,3
428,RPP,5,3,2,6,1.0,3
428,RPP,5,3,2,7,0.6666666666666666,3
428,RPP,5,3,2,8,1.0,3
428,RPP,5,3,2,9,1.0,3
428,RPP,6,5,2,1,0.4,5
428,RPP,6,5,2,2,0.4,5
428,RPP,6,5,2,3,0.6,5
428,RPP,6,5,2,4,0.8,5
428,RPP,6,5,2,5,0.8,5
428,RPP,6,5,2,6,1.0,5
428,RPP,6,5,2,7,1.0,5
428,RPP,6,5,2,8,1.0,5
428,RPP,6,5,2,9,1.0,5
428,RPP,7,2,2,1,0.5,2
428,RPP,7,2,2,2,1.0,2
428,RPP,7,2,2,3,1.0,2
428,RPP,7,2,2,4,1.0,2
428,RPP,7,2,2,5,1.0,2
428,RPP,7,2,2,6,1.0,2
428,RPP,7,2,2,7,1.0,2
428,RPP,7,2,2,8,1.0,2
428,RPP,7,2,2,9,1.0,2
428,RPP,8,4,2,1,0.5,4
428,RPP,8,4,2,2,0.75,4
428,RPP,8,4,2,3,1.0,4
428,RPP,8,4,2,4,1.0,4
428,RPP,8,4,2,5,0.75,4
428,RPP,8,4,2,6,0.75,4
428,RPP,8,4,2,7,1.0,4
428,RPP,8,4,2,8,1.0,4
428,RPP,8,4,2,9,1.0,4
428,RPP,9,3,3,1,0.3333333333333333,3
428,RPP,9,3,3,2,0.3333333333333333,3
428,RPP,9,3,3,3,1.0,3
428,RPP,9,3,3,4,1.0,3
428,RPP,9,3,3,5,1.0,3
428,RPP,9,3,3,6,1.0,3
428,RPP,9,3,3,7,1.0,3
428,RPP,9,3,3,8,1.0,3
428,RPP,9,3,3,9,0.6666666666666666,3
428,RPP,10,5,3,1,0.2,5
428,RPP,10,5,3,2,0.6,5
428,RPP,10,5,3,3,1.0,5
428,RPP,10,5,3,4,0.8,5
428,RPP,10,5,3,5,1.0,5
428,RPP,10,5,3,6,1.0,5
428,RPP,10,5,3,7,1.0,5
428,RPP,10,5,3,8,0.8,5
428,RPP,10,5,3,9,1.0,5
429,RPP,1,2,1,1,0.5,2
429,RPP,1,2,1,2,0.5,2
429,RPP,1,2,1,3,1.0,2
429,RPP,1,2,1,4,1.0,2
429,RPP,1,2,1,5,1.0,2
429,RPP,1,2,1,6,1.0,2
429,RPP,1,2,1,7,1.0,2
429,RPP,1,2,1,8,1.0,2
429,RPP,1,2,1,9,1.0,2
429,RPP,2,3,1,1,0.0,3
429,RPP,2,3,1,2,0.3333333333333333,3
429,RPP,2,3,1,3,1.0,3
429,RPP,2,3,1,4,1.0,3
429,RPP,2,3,1,5,1.0,3
429,RPP,2,3,1,6,1.0,3
429,RPP,2,3,1,7,1.0,3
429,RPP,2,3,1,8,1.0,3
429,RPP,2,3,1,9,1.0,3
429,RPP,3,4,1,1,0.5,4
429,RPP,3,4,1,2,0.5,4
429,RPP,3,4,1,3,0.75,4
429,RPP,3,4,1,4,0.75,4
429,RPP,3,4,1,5,1.0,4
429,RPP,3,4,1,6,1.0,4
429,RPP,3,4,1,7,1.0,4
429,RPP,3,4,1,8,1.0,4
429,RPP,3,4,1,9,1.0,4
429,RPP,4,5,1,1,0.4,5
429,RPP,4,5,1,2,0.2,5
429,RPP,4,5,1,3,0.8,5
429,RPP,4,5,1,4,0.8,5
429,RPP,4,5,1,5,1.0,5
429,RPP,4,5,1,6,1.0,5
429,RPP,4,5,1,7,1.0,5
429,RPP,4,5,1,8,1.0,5
429,RPP,4,5,1,9,1.0,5
429,RPP,5,3,2,1,0.5,2
429,RPP,5,3,2,2,0.6666666666666666,3
429,RPP,5,3,2,3,1.0,3
429,RPP,5,3,2,4,1.0,3
429,RPP,5,3,2,5,1.0,3
429,RPP,5,3,2,6,1.0,3
429,RPP,5,3,2,7,1.0,3
429,RPP,5,3,2,8,1.0,3
429,RPP,5,3,2,9,1.0,3
429,RPP,6,5,2,1,0.4,5
429,RPP,6,5,2,2,0.6,5
429,RPP,6,5,2,3,0.8,5
429,RPP,6,5,2,4,1.0,5
429,RPP,6,5,2,5,1.0,5
429,RPP,6,5,2,6,1.0,5
429,RPP,6,5,2,7,1.0,5
429,RPP,6,5,2,8,1.0,5
429,RPP,6,5,2,9,1.0,5
429,RPP,7,2,2,1,1.0,2
429,RPP,7,2,2,2,1.0,2
429,RPP,7,2,2,3,1.0,2
429,RPP,7,2,2,4,0.5,2
429,RPP,7,2,2,5,1.0,2
429,RPP,7,2,2,6,1.0,2
429,RPP,7,2,2,7,1.0,2
429,RPP,7,2,2,8,1.0,2
429,RPP,7,2,2,9,1.0,2
429,RPP,8,3,3,1,0.3333333333333333,3
429,RPP,8,3,3,2,0.6666666666666666,3
429,RPP,8,3,3,3,1.0,3
429,RPP,8,3,3,4,1.0,3
429,RPP,8,3,3,5,1.0,3
429,RPP,8,3,3,6,1.0,3
429,RPP,8,3,3,7,1.0,3
429,RPP,8,3,3,8,0.6666666666666666,3
429,RPP,8,3,3,9,1.0,3
429,RPP,9,4,2,1,0.3333333333333333,3
429,RPP,9,4,2,2,0.75,4
429,RPP,9,4,2,3,1.0,4
429,RPP,9,4,2,4,0.75,4
429,RPP,9,4,2,5,1.0,4
429,RPP,9,4,2,6,1.0,4
429,RPP,9,4,2,7,1.0,4
429,RPP,9,4,2,8,1.0,4
429,RPP,9,4,2,9,1.0,4
429,RPP,10,5,3,1,0.25,4
429,RPP,10,5,3,2,0.2,5
429,RPP,10,5,3,3,0.6,5
429,RPP,10,5,3,4,0.8,5
429,RPP,10,5,3,5,0.6,5
429,RPP,10,5,3,6,1.0,5
429,RPP,10,5,3,7,1.0,5
429,RPP,10,5,3,8,0.6,5
429,RPP,10,5,3,9,1.0,5
430,RPP,1,2,1,1,1.0,2
430,RPP,1,2,1,2,1.0,2
430,RPP,1,2,1,3,1.0,2
430,RPP,1,2,1,4,1.0,2
430,RPP,1,2,1,5,1.0,2
430,RPP,1,2,1,6,1.0,2
430,RPP,1,2,1,7,1.0,2
430,RPP,1,2,1,8,1.0,2
430,RPP,1,2,1,9,1.0,2
430,RPP,2,3,1,1,0.6666666666666666,3
430,RPP,2,3,1,2,0.6666666666666666,3
430,RPP,2,3,1,3,1.0,3
430,RPP,2,3,1,4,1.0,3
430,RPP,2,3,1,5,1.0,3
430,RPP,2,3,1,6,1.0,3
430,RPP,2,3,1,7,1.0,3
430,RPP,2,3,1,8,1.0,3
430,RPP,2,3,1,9,1.0,3
430,RPP,3,4,1,1,0.0,4
430,RPP,3,4,1,2,1.0,4
430,RPP,3,4,1,3,0.5,4
430,RPP,3,4,1,4,0.75,4
430,RPP,3,4,1,5,0.75,4
430,RPP,3,4,1,6,0.75,4
430,RPP,3,4,1,7,0.25,4
430,RPP,3,4,1,8,0.5,4
430,RPP,3,4,1,9,0.25,4
430,RPP,4,5,1,1,0.6,5
430,RPP,4,5,1,2,0.8,5
430,RPP,4,5,1,3,0.8,5
430,RPP,4,5,1,4,1.0,5
430,RPP,4,5,1,5,1.0,5
430,RPP,4,5,1,6,1.0,5
430,RPP,4,5,1,7,1.0,5
430,RPP,4,5,1,8,0.8,5
430,RPP,4,5,1,9,1.0,5
430,RPP,5,3,2,1,1.0,3
430,RPP,5,3,2,2,1.0,3
430,RPP,5,3,2,3,1.0,3
430,RPP,5,3,2,4,1.0,3
430,RPP,5,3,2,5,1.0,3
430,RPP,5,3,2,6,1.0,3
430,RPP,5,3,2,7,1.0,3
430,RPP,5,3,2,8,1.0,3
430,RPP,5,3,2,9,1.0,3
430,RPP,6,5,2,1,0.2,5
430,RPP,6,5,2,2,0.6,5
430,RPP,6,5,2,3,0.4,5
430,RPP,6,5,2,4,1.0,5
430,RPP,6,5,2,5,1.0,5
430,RPP,6,5,2,6,1.0,5
430,RPP,6,5,2,7,1.0,5
430,RPP,6,5,2,8,1.0,5
430,RPP,6,5,2,9,1.0,5
430,RPP,7,2,2,1,0.5,2
430,RPP,7,2,2,2,1.0,2
430,RPP,7,2,2,3,1.0,2
430,RPP,7,2,2,4,0.5,2
430,RPP,7,2,2,5,1.0,2
430,RPP,7,2,2,6,1.0,2
430,RPP,7,2,2,7,1.0,2
430,RPP,7,2,2,8,1.0,2
430,RPP,7,2,2,9,1.0,2
430,RPP,8,3,3,1,0.3333333333333333,3
430,RPP,8,3,3,2,0.3333333333333333,3
430,RPP,8,3,3,3,1.0,3
430,RPP,8,3,3,4,1.0,3
430,RPP,8,3,3,5,1.0,3
430,RPP,8,3,3,6,1.0,3
430,RPP,8,3,3,7,1.0,3
430,RPP,8,3,3,8,1.0,3
430,RPP,8,3,3,9,1.0,3
430,RPP,9,4,2,1,0.25,4
430,RPP,9,4,2,2,0.5,4
430,RPP,9,4,2,3,0.75,4
430,RPP,9,4,2,4,1.0,4
430,RPP,9,4,2,5,1.0,4
430,RPP,9,4,2,6,1.0,4
430,RPP,9,4,2,7,1.0,4
430,RPP,9,4,2,8,1.0,4
430,RPP,9,4,2,9,1.0,4
430,RPP,10,5,3,1,0.4,5
430,RPP,10,5,3,2,0.6,5
430,RPP,10,5,3,3,0.8,5
430,RPP,10,5,3,4,0.8,5
430,RPP,10,5,3,5,1.0,5
430,RPP,10,5,3,6,1.0,5
430,RPP,10,5,3,7,1.0,5
430,RPP,10,5,3,8,1.0,5
430,RPP,10,5,3,9,1.0,5
431,RPP,1,2,1,1,1.0,2
431,RPP,1,2,1,2,1.0,2
431,RPP,1,2,1,3,1.0,2
431,RPP,1,2,1,4,1.0,2
431,RPP,1,2,1,5,1.0,2
431,RPP,1,2,1,6,1.0,2
431,RPP,1,2,1,7,1.0,2
431,RPP,1,2,1,8,1.0,2
431,RPP,1,2,1,9,1.0,2
431,RPP,2,3,1,1,0.6666666666666666,3
431,RPP,2,3,1,2,0.6666666666666666,3
431,RPP,2,3,1,3,1.0,3
431,RPP,2,3,1,4,1.0,3
431,RPP,2,3,1,5,1.0,3
431,RPP,2,3,1,6,1.0,3
431,RPP,2,3,1,7,1.0,3
431,RPP,2,3,1,8,1.0,3
431,RPP,2,3,1,9,1.0,3
431,RPP,3,4,1,1,0.25,4
431,RPP,3,4,1,2,0.25,4
431,RPP,3,4,1,3,0.5,4
431,RPP,3,4,1,4,0.75,4
431,RPP,3,4,1,5,0.75,4
431,RPP,3,4,1,6,1.0,4
431,RPP,3,4,1,7,1.0,4
431,RPP,3,4,1,8,1.0,4
431,RPP,3,4,1,9,1.0,4
431,RPP,4,5,1,1,0.4,5
431,RPP,4,5,1,2,0.6,5
431,RPP,4,5,1,3,0.6,5
431,RPP,4,5,1,4,0.8,5
431,RPP,4,5,1,5,1.0,5
431,RPP,4,5,1,6,1.0,5
431,RPP,4,5,1,7,1.0,5
431,RPP,4,5,1,8,1.0,5
431,RPP,4,5,1,9,1.0,5
431,RPP,5,3,2,1,0.3333333333333333,3
431,RPP,5,3,2,2,1.0,3
431,RPP,5,3,2,3,1.0,3
431,RPP,5,3,2,4,1.0,3
431,RPP,5,3,2,5,1.0,3
431,RPP,5,3,2,6,1.0,3
431,RPP,5,3,2,7,1.0,3
431,RPP,5,3,2,8,1.0,3
431,RPP,5,3,2,9,1.0,3
431,RPP,6,5,2,1,0.4,5
431,RPP,6,5,2,2,0.2,5
431,RPP,6,5,2,3,0.6,5
431,RPP,6,5,2,4,0.6,5
431,RPP,6,5,2,5,0.6,5
431,RPP,6,5,2,6,0.8,5
431,RPP,6,5,2,7,1.0,5
431,RPP,6,5,2,8,1.0,5
431,RPP,6,5,2,9,1.0,5
431,RPP,7,2,2,1,0.0,2
431,RPP,7,2,2,2,0.0,2
431,RPP,7,2,2,3,0.5,2
431,RPP,7,2,2,4,0.5,2
431,RPP,7,2,2,5,1.0,2
431,RPP,7,2,2,6,1.0,2
431,RPP,7,2,2,7,1.0,2
431,RPP,7,2,2,8,1.0,2
431,RPP,7,2,2,9,1.0,2
431,RPP,8,3,3,1,0.3333333333333333,3
431,RPP,8,3,3,2,1.0,3
431,RPP,8,3,3,3,1.0,3
431,RPP,8,3,3,4,1.0,3
431,RPP,8,3,3,5,1.0,3
431,RPP,8,3,3,6,0.6666666666666666,3
431,RPP,8,3,3,7,1.0,3
431,RPP,8,3,3,8,1.0,3
431,RPP,8,3,3,9,1.0,3
431,RPP,9,4,2,1,0.25,4
431,RPP,9,4,2,2,0.75,4
431,RPP,9,4,2,3,1.0,4
431,RPP,9,4,2,4,1.0,4
431,RPP,9,4,2,5,1.0,4
431,RPP,9,4,2,6,1.0,4
431,RPP,9,4,2,7,1.0,4
431,RPP,9,4,2,8,1.0,4
431,RPP,9,4,2,9,1.0,4
431,RPP,10,5,3,1,0.4,5
431,RPP,10,5,3,2,0.8,5
431,RPP,10,5,3,3,1.0,5
431,RPP,10,5,3,4,1.0,5
431,RPP,10,5,3,5,0.8,5
431,RPP,10,5,3,6,1.0,5
431,RPP,10,5,3,7,1.0,5
431,RPP,10,5,3,8,1.0,5
431,RPP,10,5,3,9,1.0,5
432,RPP,1,2,1,1,0.0,2
432,RPP,1,2,1,2,0.5,2
432,RPP,1,2,1,3,1.0,2
432,RPP,1,2,1,4,1.0,2
432,RPP,1,2,1,5,1.0,2
432,RPP,1,2,1,6,1.0,2
432,RPP,1,2,1,7,1.0,2
432,RPP,1,2,1,8,1.0,2
432,RPP,1,2,1,9,1.0,2
432,RPP,2,3,1,1,0.0,3
432,RPP,2,3,1,2,0.3333333333333333,3
432,RPP,2,3,1,3,0.6666666666666666,3
432,RPP,2,3,1,4,0.3333333333333333,3
432,RPP,2,3,1,5,1.0,3
432,RPP,2,3,1,6,1.0,3
432,RPP,2,3,1,7,1.0,3
432,RPP,2,3,1,8,1.0,3
432,RPP,2,3,1,9,1.0,3
432,RPP,3,5,1,1,0.4,5
432,RPP,3,5,1,2,0.6,5
432,RPP,3,5,1,3,0.6,5
432,RPP,3,5,1,4,0.8,5
432,RPP,3,5,1,5,0.8,5
432,RPP,3,5,1,6,1.0,5
432,RPP,3,5,1,7,1.0,5
432,RPP,3,5,1,8,1.0,5
432,RPP,3,5,1,9,1.0,5
432,RPP,4,4,1,1,0.5,4
432,RPP,4,4,1,2,0.75,4
432,RPP,4,4,1,3,1.0,4
432,RPP,4,4,1,4,1.0,4
432,RPP,4,4,1,5,1.0,4
432,RPP,4,4,1,6,0.75,4
432,RPP,4,4,1,7,1.0,4
432,RPP,4,4,1,8,1.0,4
432,RPP,4,4,1,9,1.0,4
432,RPP,5,3,2,1,0.3333333333333333,3
432,RPP,5,3,2,2,0.3333333333333333,3
432,RPP,5,3,2,3,1.0,3
432,RPP,5,3,2,4,1.0,3
432,RPP,5,3,2,5,0.6666666666666666,3
432,RPP,5,3,2,6,1.0,3
432,RPP,5,3,2,7,1.0,3
432,RPP,5,3,2,8,1.0,3
432,RPP,5,3,2,9,1.0,3
432,RPP,6,5,2,1,0.2,5
432,RPP,6,5,2,2,0.6,5
432,RPP,6,5,2,3,1.0,5
432,RPP,6,5,2,4,0.4,5
432,RPP,6,5,2,5,0.4,5
432,RPP,6,5,2,6,0.8,5
432,RPP,6,5,2,7,0.4,5
432,RPP,6,5,2,8,0.8,5
432,RPP,6,5,2,9,0.8,5
432,RPP,7,2,2,1,0.5,2
432,RPP,7,2,2,2,1.0,2
432,RPP,7,2,2,3,1.0,2
432,RPP,7,2,2,4,1.0,2
432,RPP,7,2,2,5,1.0,2
432,RPP,7,2,2,6,1.0,2
432,RPP,7,2,2,7,1.0,2
432,RPP,7,2,2,8,1.0,2
432,RPP,7,2,2,9,1.0,2
432,RPP,8,3,3,1,0.6666666666666666,3
432,RPP,8,3,3,2,1.0,3
432,RPP,8,3,3,3,1.0,3
432,RPP,8,3,3,4,1.0,3
432,RPP,8,3,3,5,1.0,3
432,RPP,8,3,3,6,1.0,3
432,RPP,8,3,3,7,1.0,3
432,RPP,8,3,3,8,1.0,3
432,RPP,8,3,3,9,1.0,3
432,RPP,9,5,3,1,0.2,5
432,RPP,9,5,3,2,0.4,5
432,RPP,9,5,3,3,1.0,5
432,RPP,9,5,3,4,0.8,5
432,RPP,9,5,3,5,1.0,5
432,RPP,9,5,3,6,1.0,5
432,RPP,9,5,3,7,0.8,5
432,RPP,9,5,3,8,1.0,5
432,RPP,9,5,3,9,1.0,5
432,RPP,10,4,2,1,0.25,4
432,RPP,10,4,2,2,0.75,4
432,RPP,10,4,2,3,0.75,4
432,RPP,10,4,2,4,1.0,4
432,RPP,10,4,2,5,1.0,4
432,RPP,10,4,2,6,1.0,4
432,RPP,10,4,2,7,1.0,4
432,RPP,10,4,2,8,1.0,4
432,RPP,10,4,2,9,1.0,4
434,RPP,1,2,1,1,0.0,2
434,RPP,1,2,1,2,0.0,2
434,RPP,1,2,1,3,0.5,2
434,RPP,1,2,1,4,1.0,2
434,RPP,1,2,1,5,1.0,2
434,RPP,1,2,1,6,1.0,2
434,RPP,1,2,1,7,1.0,2
434,RPP,1,2,1,8,1.0,2
434,RPP,1,2,1,9,1.0,2
434,RPP,2,3,1,1,0.3333333333333333,3
434,RPP,2,3,1,2,0.6666666666666666,3
434,RPP,2,3,1,3,1.0,3
434,RPP,2,3,1,4,1.0,3
434,RPP,2,3,1,5,1.0,3
434,RPP,2,3,1,6,1.0,3
434,RPP,2,3,1,7,1.0,3
434,RPP,2,3,1,8,0.6666666666666666,3
434,RPP,2,3,1,9,1.0,3
434,RPP,3,5,1,1,0.2,5
434,RPP,3,5,1,2,0.6,5
434,RPP,3,5,1,3,0.6,5
434,RPP,3,5,1,4,0.8,5
434,RPP,3,5,1,5,0.4,5
434,RPP,3,5,1,6,0.8,5
434,RPP,3,5,1,7,0.8,5
434,RPP,3,5,1,8,0.8,5
434,RPP,3,5,1,9,1.0,5
434,RPP,4,4,1,1,0.25,4
434,RPP,4,4,1,2,0.75,4
434,RPP,4,4,1,3,1.0,4
434,RPP,4,4,1,4,1.0,4
434,RPP,4,4,1,5,1.0,4
434,RPP,4,4,1,6,0.75,4
434,RPP,4,4,1,7,0.75,4
434,RPP,4,4,1,8,1.0,4
434,RPP,4,4,1,9,1.0,4
434,RPP,5,3,2,1,0.6666666666666666,3
434,RPP,5,3,2,2,1.0,3
434,RPP,5,3,2,3,1.0,3
434,RPP,5,3,2,4,1.0,3
434,RPP,5,3,2,5,1.0,3
434,RPP,5,3,2,6,1.0,3
434,RPP,5,3,2,7,1.0,3
434,RPP,5,3,2,8,1.0,3
434,RPP,5,3,2,9,1.0,3
434,RPP,6,5,2,1,0.2,5
434,RPP,6,5,2,2,0.4,5
434,RPP,6,5,2,3,0.8,5
434,RPP,6,5,2,4,0.4,5
434,RPP,6,5,2,5,1.0,5
434,RPP,6,5,2,6,1.0,5
434,RPP,6,5,2,7,1.0,5
434,RPP,6,5,2,8,0.8,5
434,RPP,6,5,2,9,1.0,5
434,RPP,7,2,2,1,0.0,2
434,RPP,7,2,2,2,0.5,2
434,RPP,7,2,2,3,1.0,2
434,RPP,7,2,2,4,0.5,2
434,RPP,7,2,2,5,1.0,2
434,RPP,7,2,2,6,1.0,2
434,RPP,7,2,2,7,1.0,2
434,RPP,7,2,2,8,1.0,2
434,RPP,7,2,2,9,1.0,2
434,RPP,8,3,3,1,0.6666666666666666,3
434,RPP,8,3,3,2,1.0,3
434,RPP,8,3,3,3,1.0,3
434,RPP,8,3,3,4,1.0,3
434,RPP,8,3,3,5,1.0,3
434,RPP,8,3,3,6,1.0,3
434,RPP,8,3,3,7,1.0,3
434,RPP,8,3,3,8,1.0,3
434,RPP,8,3,3,9,0.6666666666666666,3
434,RPP,9,5,3,1,0.2,5
434,RPP,9,5,3,2,0.6,5
434,RPP,9,5,3,3,0.6,5
434,RPP,9,5,3,4,0.4,5
434,RPP,9,5,3,5,0.6,5
434,RPP,9,5,3,6,0.6,5
434,RPP,9,5,3,7,0.4,5
434,RPP,9,5,3,8,0.4,5
434,RPP,9,5,3,9,0.4,5
434,RPP,10,4,2,1,0.25,4
434,RPP,10,4,2,2,0.5,4
434,RPP,10,4,2,3,0.5,4
434,RPP,10,4,2,4,1.0,4
434,RPP,10,4,2,5,0.75,4
434,RPP,10,4,2,6,0.75,4
434,RPP,10,4,2,7,0.75,4
434,RPP,10,4,2,8,1.0,4
434,RPP,10,4,2,9,0.75,4
435,RPP,1,2,1,1,0.0,2
435,RPP,1,2,1,2,1.0,2
435,RPP,1,2,1,3,1.0,2
435,RPP,1,2,1,4,1.0,2
435,RPP,1,2,1,5,1.0,2
435,RPP,1,2,1,6,1.0,2
435,RPP,1,2,1,7,1.0,2
435,RPP,1,2,1,8,1.0,2
435,RPP,1,2,1,9,1.0,2
435,RPP,2,3,1,1,0.3333333333333333,3
435,RPP,2,3,1,2,0.6666666666666666,3
435,RPP,2,3,1,3,1.0,3
435,RPP,2,3,1,4,1.0,3
435,RPP,2,3,1,5,1.0,3
435,RPP,2,3,1,6,1.0,3
435,RPP,2,3,1,7,1.0,3
435,RPP,2,3,1,8,1.0,3
435,RPP,2,3,1,9,1.0,3
435,RPP,3,4,1,1,0.25,4
435,RPP,3,4,1,2,0.5,4
435,RPP,3,4,1,3,0.75,4
435,RPP,3,4,1,4,1.0,4
435,RPP,3,4,1,5,1.0,4
435,RPP,3,4,1,6,1.0,4
435,RPP,3,4,1,7,1.0,4
435,RPP,3,4,1,8,1.0,4
435,RPP,3,4,1,9,1.0,4
435,RPP,4,5,1,1,0.2,5
435,RPP,4,5,1,2,0.6,5
435,RPP,4,5,1,3,1.0,5
435,RPP,4,5,1,4,0.8,5
435,RPP,4,5,1,5,1.0,5
435,RPP,4,5,1,6,0.8,5
435,RPP,4,5,1,7,1.0,5
435,RPP,4,5,1,8,1.0,5
435,RPP,4,5,1,9,1.0,5
435,RPP,5,3,2,1,0.3333333333333333,3
435,RPP,5,3,2,2,0.6666666666666666,3
435,RPP,5,3,2,3,1.0,3
435,RPP,5,3,2,4,1.0,3
435,RPP,5,3,2,5,1.0,3
435,RPP,5,3,2,6,1.0,3
435,RPP,5,3,2,7,1.0,3
435,RPP,5,3,2,8,1.0,3
435,RPP,5,3,2,9,1.0,3
435,RPP,6,5,2,1,0.4,5
435,RPP,6,5,2,2,0.8,5
435,RPP,6,5,2,3,1.0,5
435,RPP,6,5,2,4,0.8,5
435,RPP,6,5,2,5,1.0,5
435,RPP,6,5,2,6,1.0,5
435,RPP,6,5,2,7,1.0,5
435,RPP,6,5,2,8,1.0,5
435,RPP,6,5,2,9,1.0,5
435,RPP,7,2,2,1,0.5,2
435,RPP,7,2,2,2,0.5,2
435,RPP,7,2,2,3,1.0,2
435,RPP,7,2,2,4,1.0,2
435,RPP,7,2,2,5,1.0,2
435,RPP,7,2,2,6,1.0,2
435,RPP,7,2,2,7,1.0,2
435,RPP,7,2,2,8,1.0,2
435,RPP,7,2,2,9,1.0,2
435,RPP,8,3,3,1,0.3333333333333333,3
435,RPP,8,3,3,2,0.6666666666666666,3
435,RPP,8,3,3,3,1.0,3
435,RPP,8,3,3,4,1.0,3
435,RPP,8,3,3,5,1.0,3
435,RPP,8,3,3,6,1.0,3
435,RPP,8,3,3,7,1.0,3
435,RPP,8,3,3,8,1.0,3
435,RPP,8,3,3,9,1.0,3
435,RPP,9,4,2,1,0.25,4
435,RPP,9,4,2,2,1.0,4
435,RPP,9,4,2,3,1.0,4
435,RPP,9,4,2,4,1.0,4
435,RPP,9,4,2,5,1.0,4
435,RPP,9,4,2,6,1.0,4
435,RPP,9,4,2,7,1.0,4
435,RPP,9,4,2,8,1.0,4
435,RPP,9,4,2,9,1.0,4
435,RPP,10,5,3,1,0.4,5
435,RPP,10,5,3,2,0.6,5
435,RPP,10,5,3,3,1.0,5
435,RPP,10,5,3,4,0.8,5
435,RPP,10,5,3,5,1.0,5
435,RPP,10,5,3,6,1.0,5
435,RPP,10,5,3,7,1.0,5
435,RPP,10,5,3,8,1.0,5
435,RPP,10,5,3,9,1.0,5
436,RPP,1,2,1,1,0.5,2
436,RPP,1,2,1,2,0.5,2
436,RPP,1,2,1,3,1.0,2
436,RPP,1,2,1,4,1.0,2
436,RPP,1,2,1,5,1.0,2
436,RPP,1,2,1,6,1.0,2
436,RPP,1,2,1,7,1.0,2
436,RPP,1,2,1,8,1.0,2
436,RPP,1,2,1,9,1.0,2
436,RPP,2,3,1,1,0.6666666666666666,3
436,RPP,2,3,1,2,0.6666666666666666,3
436,RPP,2,3,1,3,0.6666666666666666,3
436,RPP,2,3,1,4,1.0,3
436,RPP,2,3,1,5,1.0,3
436,RPP,2,3,1,6,1.0,3
436,RPP,2,3,1,7,1.0,3
436,RPP,2,3,1,8,1.0,3
436,RPP,2,3,1,9,1.0,3
436,RPP,3,4,1,1,0.25,4
436,RPP,3,4,1,2,1.0,4
436,RPP,3,4,1,3,0.75,4
436,RPP,3,4,1,4,1.0,4
436,RPP,3,4,1,5,1.0,4
436,RPP,3,4,1,6,1.0,4
436,RPP,3,4,1,7,1.0,4
436,RPP,3,4,1,8,1.0,4
436,RPP,3,4,1,9,1.0,4
436,RPP,4,5,1,1,0.2,5
436,RPP,4,5,1,2,0.6,5
436,RPP,4,5,1,3,0.4,5
436,RPP,4,5,1,4,0.8,5
436,RPP,4,5,1,5,0.8,5
436,RPP,4,5,1,6,1.0,5
436,RPP,4,5,1,7,0.8,5
436,RPP,4,5,1,8,1.0,5
436,RPP,4,5,1,9,0.8,5
436,RPP,5,3,2,1,0.0,3
436,RPP,5,3,2,2,0.3333333333333333,3
436,RPP,5,3,2,3,0.6666666666666666,3
436,RPP,5,3,2,4,1.0,3
436,RPP,5,3,2,5,1.0,3
436,RPP,5,3,2,6,1.0,3
436,RPP,5,3,2,7,1.0,3
436,RPP,5,3,2,8,1.0,3
436,RPP,5,3,2,9,1.0,3
436,RPP,6,5,2,1,0.2,5
436,RPP,6,5,2,2,0.6,5
436,RPP,6,5,2,3,0.8,5
436,RPP,6,5,2,4,1.0,5
436,RPP,6,5,2,5,1.0,5
436,RPP,6,5,2,6,1.0,5
436,RPP,6,5,2,7,1.0,5
436,RPP,6,5,2,8,0.8,5
436,RPP,6,5,2,9,1.0,5
436,RPP,7,2,2,1,0.0,2
436,RPP,7,2,2,2,0.0,2
436,RPP,7,2,2,3,1.0,2
436,RPP,7,2,2,4,1.0,2
436,RPP,7,2,2,5,1.0,2
436,RPP,7,2,2,6,1.0,2
436,RPP,7,2,2,7,1.0,2
436,RPP,7,2,2,8,1.0,2
436,RPP,7,2,2,9,1.0,2
436,RPP,8,3,3,1,0.6666666666666666,3
436,RPP,8,3,3,2,1.0,3
436,RPP,8,3,3,3,1.0,3
436,RPP,8,3,3,4,1.0,3
436,RPP,8,3,3,5,1.0,3
436,RPP,8,3,3,6,1.0,3
436,RPP,8,3,3,7,1.0,3
436,RPP,8,3,3,8,1.0,3
436,RPP,8,3,3,9,1.0,3
436,RPP,9,4,2,1,0.25,4
436,RPP,9,4,2,2,0.5,4
436,RPP,9,4,2,3,1.0,4
436,RPP,9,4,2,4,1.0,4
436,RPP,9,4,2,5,1.0,4
436,RPP,9,4,2,6,1.0,4
436,RPP,9,4,2,7,1.0,4
436,RPP,9,4,2,8,1.0,4
436,RPP,9,4,2,9,1.0,4
436,RPP,10,5,3,1,0.4,5
436,RPP,10,5,3,2,0.8,5
436,RPP,10,5,3,3,0.6,5
436,RPP,10,5,3,4,0.4,5
436,RPP,10,5,3,5,1.0,5
436,RPP,10,5,3,6,1.0,5
436,RPP,10,5,3,7,1.0,5
436,RPP,10,5,3,8,0.8,5
436,RPP,10,5,3,9,1.0,5
437,RPP,1,2,1,1,0.0,2
437,RPP,1,2,1,2,0.5,2
437,RPP,1,2,1,3,1.0,2
437,RPP,1,2,1,4,1.0,2
437,RPP,1,2,1,5,1.0,2
437,RPP,1,2,1,6,1.0,2
437,RPP,1,2,1,7,0.5,2
437,RPP,1,2,1,8,1.0,2
437,RPP,1,2,1,9,1.0,2
437,RPP,2,3,1,1,0.3333333333333333,3
437,RPP,2,3,1,2,0.3333333333333333,3
437,RPP,2,3,1,3,1.0,3
437,RPP,2,3,1,4,1.0,3
437,RPP,2,3,1,5,1.0,3
437,RPP,2,3,1,6,1.0,3
437,RPP,2,3,1,7,1.0,3
437,RPP,2,3,1,8,0.6666666666666666,3
437,RPP,2,3,1,9,1.0,3
437,RPP,3,4,1,1,0.5,4
437,RPP,3,4,1,2,1.0,4
437,RPP,3,4,1,3,1.0,4
437,RPP,3,4,1,4,1.0,4
437,RPP,3,4,1,5,1.0,4
437,RPP,3,4,1,6,1.0,4
437,RPP,3,4,1,7,1.0,4
437,RPP,3,4,1,8,1.0,4
437,RPP,3,4,1,9,1.0,4
437,RPP,4,5,1,1,0.2,5
437,RPP,4,5,1,2,1.0,5
437,RPP,4,5,1,3,1.0,5
437,RPP,4,5,1,4,1.0,5
437,RPP,4,5,1,5,1.0,5
437,RPP,4,5,1,6,1.0,5
437,RPP,4,5,1,7,1.0,5
437,RPP,4,5,1,8,1.0,5
437,RPP,4,5,1,9,1.0,5
437,RPP,5,3,2,1,0.3333333333333333,3
437,RPP,5,3,2,2,1.0,3
437,RPP,5,3,2,3,1.0,3
437,RPP,5,3,2,4,1.0,3
437,RPP,5,3,2,5,1.0,3
437,RPP,5,3,2,6,1.0,3
437,RPP,5,3,2,7,1.0,3
437,RPP,5,3,2,8,1.0,3
437,RPP,5,3,2,9,1.0,3
437,RPP,6,5,2,1,0.2,5
437,RPP,6,5,2,2,0.8,5
437,RPP,6,5,2,3,1.0,5
437,RPP,6,5,2,4,1.0,5
437,RPP,6,5,2,5,1.0,5
437,RPP,6,5,2,6,1.0,5
437,RPP,6,5,2,7,1.0,5
437,RPP,6,5,2,8,0.8,5
437,RPP,6,5,2,9,1.0,5
437,RPP,7,2,2,1,0.5,2
437,RPP,7,2,2,2,1.0,2
437,RPP,7,2,2,3,1.0,2
437,RPP,7,2,2,4,1.0,2
437,RPP,7,2,2,5,1.0,2
437,RPP,7,2,2,6,1.0,2
437,RPP,7,2,2,7,0.5,2
437,RPP,7,2,2,8,1.0,2
437,RPP,7,2,2,9,1.0,2
437,RPP,8,3,3,1,0.6666666666666666,3
437,RPP,8,3,3,2,1.0,3
437,RPP,8,3,3,3,1.0,3
437,RPP,8,3,3,4,1.0,3
437,RPP,8,3,3,5,1.0,3
437,RPP,8,3,3,6,1.0,3
437,RPP,8,3,3,7,1.0,3
437,RPP,8,3,3,8,1.0,3
437,RPP,8,3,3,9,1.0,3
437,RPP,9,4,2,1,0.5,4
437,RPP,9,4,2,2,0.75,4
437,RPP,9,4,2,3,1.0,4
437,RPP,9,4,2,4,1.0,4
437,RPP,9,4,2,5,0.5,4
437,RPP,9,4,2,6,1.0,4
437,RPP,9,4,2,7,1.0,4
437,RPP,9,4,2,8,1.0,4
437,RPP,9,4,2,9,1.0,4
437,RPP,10,5,3,1,0.6,5
437,RPP,10,5,3,2,0.6,5
437,RPP,10,5,3,3,1.0,5
437,RPP,10,5,3,4,0.8,5
437,RPP,10,5,3,5,1.0,5
437,RPP,10,5,3,6,1.0,5
437,RPP,10,5,3,7,0.8,5
437,RPP,10,5,3,8,1.0,5
437,RPP,10,5,3,9,1.0,5
438,RPP,1,2,1,1,0.5,2
438,RPP,1,2,1,2,1.0,2
438,RPP,1,2,1,3,1.0,2
438,RPP,1,2,1,4,1.0,2
438,RPP,1,2,1,5,1.0,2
438,RPP,1,2,1,6,1.0,2
438,RPP,1,2,1,7,1.0,2
438,RPP,1,2,1,8,1.0,2
438,RPP,1,2,1,9,1.0,2
438,RPP,2,4,1,1,0.25,4
438,RPP,2,4,1,2,0.5,4
438,RPP,2,4,1,3,0.5,4
438,RPP,2,4,1,4,0.5,4
438,RPP,2,4,1,5,0.5,4
438,RPP,2,4,1,6,0.75,4
438,RPP,2,4,1,7,0.75,4
438,RPP,2,4,1,8,1.0,4
438,RPP,2,4,1,9,1.0,4
438,RPP,3,3,1,1,0.0,3
438,RPP,3,3,1,2,0.6666666666666666,3
438,RPP,3,3,1,3,1.0,3
438,RPP,3,3,1,4,1.0,3
438,RPP,3,3,1,5,1.0,3
438,RPP,3,3,1,6,1.0,3
438,RPP,3,3,1,7,1.0,3
438,RPP,3,3,1,8,1.0,3
438,RPP,3,3,1,9,1.0,3
438,RPP,4,5,1,1,0.4,5
438,RPP,4,5,1,2,0.6,5
438,RPP,4,5,1,3,1.0,5
438,RPP,4,5,1,4,1.0,5
438,RPP,4,5,1,5,1.0,5
438,RPP,4,5,1,6,1.0,5
438,RPP,4,5,1,7,1.0,5
438,RPP,4,5,1,8,1.0,5
438,RPP,4,5,1,9,1.0,5
438,RPP,5,3,2,1,0.3333333333333333,3
438,RPP,5,3,2,2,1.0,3
438,RPP,5,3,2,3,1.0,3
438,RPP,5,3,2,4,1.0,3
438,RPP,5,3,2,5,1.0,3
438,RPP,5,3,2,6,1.0,3
438,RPP,5,3,2,7,1.0,3
438,RPP,5,3,2,8,1.0,3
438,RPP,5,3,2,9,1.0,3
438,RPP,6,5,2,1,0.4,5
438,RPP,6,5,2,2,0.6,5
438,RPP,6,5,2,3,0.8,5
438,RPP,6,5,2,4,1.0,5
438,RPP,6,5,2,5,1.0,5
438,RPP,6,5,2,6,1.0,5
438,RPP,6,5,2,7,1.0,5
438,RPP,6,5,2,8,1.0,5
438,RPP,6,5,2,9,1.0,5
438,RPP,7,2,2,1,0.5,2
438,RPP,7,2,2,2,0.5,2
438,RPP,7,2,2,3,1.0,2
438,RPP,7,2,2,4,1.0,2
438,RPP,7,2,2,5,1.0,2
438,RPP,7,2,2,6,1.0,2
438,RPP,7,2,2,7,1.0,2
438,RPP,7,2,2,8,1.0,2
438,RPP,7,2,2,9,1.0,2
438,RPP,8,4,2,1,0.0,4
438,RPP,8,4,2,2,0.5,4
438,RPP,8,4,2,3,0.25,4
438,RPP,8,4,2,4,0.5,4
438,RPP,8,4,2,5,0.75,4
438,RPP,8,4,2,6,1.0,4
438,RPP,8,4,2,7,1.0,4
438,RPP,8,4,2,8,1.0,4
438,RPP,8,4,2,9,1.0,4
438,RPP,9,3,3,1,1.0,3
438,RPP,9,3,3,2,1.0,3
438,RPP,9,3,3,3,1.0,3
438,RPP,9,3,3,4,1.0,3
438,RPP,9,3,3,5,1.0,3
438,RPP,9,3,3,6,1.0,3
438,RPP,9,3,3,7,1.0,3
438,RPP,9,3,3,8,1.0,3
438,RPP,9,3,3,9,1.0,3
438,RPP,10,5,3,1,0.4,5
438,RPP,10,5,3,2,0.6,5
438,RPP,10,5,3,3,0.6,5
438,RPP,10,5,3,4,1.0,5
438,RPP,10,5,3,5,1.0,5
438,RPP,10,5,3,6,1.0,5
438,RPP,10,5,3,7,1.0,5
438,RPP,10,5,3,8,0.8,5
438,RPP,10,5,3,9,1.0,5
439,RPP,1,2,1,1,0.0,2
439,RPP,1,2,1,2,1.0,2
439,RPP,1,2,1,3,1.0,2
439,RPP,1,2,1,4,1.0,2
439,RPP,1,2,1,5,1.0,2
439,RPP,1,2,1,6,1.0,2
439,RPP,1,2,1,7,1.0,2
439,RPP,1,2,1,8,1.0,2
439,RPP,1,2,1,9,0.5,2
439,RPP,2,3,1,1,0.0,3
439,RPP,2,3,1,2,0.3333333333333333,3
439,RPP,2,3,1,3,0.6666666666666666,3
439,RPP,2,3,1,4,1.0,3
439,RPP,2,3,1,5,1.0,3
439,RPP,2,3,1,6,1.0,3
439,RPP,2,3,1,7,1.0,3
439,RPP,2,3,1,8,1.0,3
439,RPP,2,3,1,9,1.0,3
439,RPP,3,4,1,1,0.25,4
439,RPP,3,4,1,2,1.0,4
439,RPP,3,4,1,3,0.75,4
439,RPP,3,4,1,4,0.75,4
439,RPP,3,4,1,5,0.75,4
439,RPP,3,4,1,6,1.0,4
439,RPP,3,4,1,7,1.0,4
439,RPP,3,4,1,8,1.0,4
439,RPP,3,4,1,9,1.0,4
439,RPP,4,5,1,1,0.4,5
439,RPP,4,5,1,2,0.8,5
439,RPP,4,5,1,3,0.8,5
439,RPP,4,5,1,4,0.8,5
439,RPP,4,5,1,5,1.0,5
439,RPP,4,5,1,6,1.0,5
439,RPP,4,5,1,7,1.0,5
439,RPP,4,5,1,8,1.0,5
439,RPP,4,5,1,9,1.0,5
439,RPP,5,3,2,1,0.3333333333333333,3
439,RPP,5,3,2,2,1.0,3
439,RPP,5,3,2,3,1.0,3
439,RPP,5,3,2,4,1.0,3
439,RPP,5,3,2,5,1.0,3
439,RPP,5,3,2,6,1.0,3
439,RPP,5,3,2,7,1.0,3
439,RPP,5,3,2,8,1.0,3
439,RPP,5,3,2,9,1.0,3
439,RPP,6,5,2,1,0.6,5
439,RPP,6,5,2,2,0.8,5
439,RPP,6,5,2,3,1.0,5
439,RPP,6,5,2,4,1.0,5
439,RPP,6,5,2,5,1.0,5
439,RPP,6,5,2,6,1.0,5
439,RPP,6,5,2,7,1.0,5
439,RPP,6,5,2,8,1.0,5
439,RPP,6,5,2,9,1.0,5
439,RPP,7,2,2,1,0.0,2
439,RPP,7,2,2,2,0.0,2
439,RPP,7,2,2,3,1.0,2
439,RPP,7,2,2,4,1.0,2
439,RPP,7,2,2,5,1.0,2
439,RPP,7,2,2,6,1.0,2
439,RPP,7,2,2,7,1.0,2
439,RPP,7,2,2,8,1.0,2
439,RPP,7,2,2,9,0.5,2
439,RPP,8,3,3,1,0.0,3
439,RPP,8,3,3,2,0.6666666666666666,3
439,RPP,8,3,3,3,1.0,3
439,RPP,8,3,3,4,1.0,3
439,RPP,8,3,3,5,0.6666666666666666,3
439,RPP,8,3,3,6,0.6666666666666666,3
439,RPP,8,3,3,7,1.0,3
439,RPP,8,3,3,8,1.0,3
439,RPP,8,3,3,9,1.0,3
439,RPP,9,4,2,1,0.75,4
439,RPP,9,4,2,2,0.75,4
439,RPP,9,4,2,3,1.0,4
439,RPP,9,4,2,4,0.75,4
439,RPP,9,4,2,5,1.0,4
439,RPP,9,4,2,6,1.0,4
439,RPP,9,4,2,7,1.0,4
439,RPP,9,4,2,8,1.0,4
439,RPP,9,4,2,9,1.0,4
439,RPP,10,5,3,1,0.2,5
439,RPP,10,5,3,2,0.6,5
439,RPP,10,5,3,3,0.8,5
439,RPP,10,5,3,4,1.0,5
439,RPP,10,5,3,5,1.0,5
439,RPP,10,5,3,6,0.8,5
439,RPP,10,5,3,7,1.0,5
439,RPP,10,5,3,8,1.0,5
439,RPP,10,5,3,9,1.0,5
440,RPP,1,2,1,1,0.0,2
440,RPP,1,2,1,2,0.5,2
440,RPP,1,2,1,3,1.0,2
440,RPP,1,2,1,4,1.0,2
440,RPP,1,2,1,5,1.0,2
440,RPP,1,2,1,6,1.0,2
440,RPP,1,2,1,7,1.0,2
440,RPP,1,2,1,8,1.0,2
440,RPP,1,2,1,9,1.0,2
440,RPP,2,3,1,1,0.6666666666666666,3
440,RPP,2,3,1,2,0.6666666666666666,3
440,RPP,2,3,1,3,1.0,3
440,RPP,2,3,1,4,1.0,3
440,RPP,2,3,1,5,1.0,3
440,RPP,2,3,1,6,1.0,3
440,RPP,2,3,1,7,1.0,3
440,RPP,2,3,1,8,1.0,3
440,RPP,2,3,1,9,1.0,3
440,RPP,3,4,1,1,0.25,4
440,RPP,3,4,1,2,0.25,4
440,RPP,3,4,1,3,0.75,4
440,RPP,3,4,1,4,0.75,4
440,RPP,3,4,1,5,1.0,4
440,RPP,3,4,1,6,0.75,4
440,RPP,3,4,1,7,1.0,4
440,RPP,3,4,1,8,1.0,4
440,RPP,3,4,1,9,0.75,4
440,RPP,4,5,1,1,0.6,5
440,RPP,4,5,1,2,1.0,5
440,RPP,4,5,1,3,1.0,5
440,RPP,4,5,1,4,0.8,5
440,RPP,4,5,1,5,1.0,5
440,RPP,4,5,1,6,0.8,5
440,RPP,4,5,1,7,0.8,5
440,RPP,4,5,1,8,0.8,5
440,RPP,4,5,1,9,1.0,5
440,RPP,5,3,2,1,0.0,3
440,RPP,5,3,2,2,0.3333333333333333,3
440,RPP,5,3,2,3,1.0,3
440,RPP,5,3,2,4,0.6666666666666666,3
440,RPP,5,3,2,5,0.6666666666666666,3
440,RPP,5,3,2,6,1.0,3
440,RPP,5,3,2,7,0.6666666666666666,3
440,RPP,5,3,2,8,1.0,3
440,RPP,5,3,2,9,1.0,3
440,RPP,6,5,2,1,0.4,5
440,RPP,6,5,2,2,0.4,5
440,RPP,6,5,2,3,0.6,5
440,RPP,6,5,2,4,0.6,5
440,RPP,6,5,2,5,0.6,5
440,RPP,6,5,2,6,0.8,5
440,RPP,6,5,2,7,0.8,5
440,RPP,6,5,2,8,1.0,5
440,RPP,6,5,2,9,1.0,5
440,RPP,7,2,2,1,0.5,2
440,RPP,7,2,2,2,0.5,2
440,RPP,7,2,2,3,1.0,2
440,RPP,7,2,2,4,1.0,2
440,RPP,7,2,2,5,1.0,2
440,RPP,7,2,2,6,1.0,2
440,RPP,7,2,2,7,1.0,2
440,RPP,7,2,2,8,1.0,2
440,RPP,7,2,2,9,1.0,2
440,RPP,8,3,3,1,0.3333333333333333,3
440,RPP,8,3,3,2,1.0,3
440,RPP,8,3,3,3,1.0,3
440,RPP,8,3,3,4,1.0,3
440,RPP,8,3,3,5,1.0,3
440,RPP,8,3,3,6,1.0,3
440,RPP,8,3,3,7,1.0,3
440,RPP,8,3,3,8,1.0,3
440,RPP,8,3,3,9,1.0,3
440,RPP,9,4,2,1,0.5,4
440,RPP,9,4,2,2,0.75,4
440,RPP,9,4,2,3,1.0,4
440,RPP,9,4,2,4,1.0,4
440,RPP,9,4,2,5,1.0,4
440,RPP,9,4,2,6,1.0,4
440,RPP,9,4,2,7,1.0,4
440,RPP,9,4,2,8,1.0,4
440,RPP,9,4,2,9,1.0,4
440,RPP,10,5,3,1,0.2,5
440,RPP,10,5,3,2,0.6,5
440,RPP,10,5,3,3,0.8,5
440,RPP,10,5,3,4,0.8,5
440,RPP,10,5,3,5,1.0,5
440,RPP,10,5,3,6,1.0,5
440,RPP,10,5,3,7,1.0,5
440,RPP,10,5,3,8,1.0,5
440,RPP,10,5,3,9,1.0,5
441,RPP,1,2,1,1,1.0,2
441,RPP,1,2,1,2,1.0,2
441,RPP,1,2,1,3,1.0,2
441,RPP,1,2,1,4,1.0,2
441,RPP,1,2,1,5,0.5,2
441,RPP,1,2,1,6,1.0,2
441,RPP,1,2,1,7,1.0,2
441,RPP,1,2,1,8,1.0,2
441,RPP,1,2,1,9,1.0,2
441,RPP,2,3,1,1,0.3333333333333333,3
441,RPP,2,3,1,2,0.6666666666666666,3
441,RPP,2,3,1,3,1.0,3
441,RPP,2,3,1,4,1.0,3
441,RPP,2,3,1,5,1.0,3
441,RPP,2,3,1,6,1.0,3
441,RPP,2,3,1,7,1.0,3
441,RPP,2,3,1,8,1.0,3
441,RPP,2,3,1,9,1.0,3
441,RPP,3,4,1,1,0.25,4
441,RPP,3,4,1,2,1.0,4
441,RPP,3,4,1,3,0.5,4
441,RPP,3,4,1,4,0.75,4
441,RPP,3,4,1,5,0.5,4
441,RPP,3,4,1,6,0.75,4
441,RPP,3,4,1,7,1.0,4
441,RPP,3,4,1,8,1.0,4
441,RPP,3,4,1,9,1.0,4
441,RPP,4,5,1,1,0.4,5
441,RPP,4,5,1,2,0.8,5
441,RPP,4,5,1,3,0.8,5
441,RPP,4,5,1,4,0.8,5
441,RPP,4,5,1,5,1.0,5
441,RPP,4,5,1,6,1.0,5
441,RPP,4,5,1,7,1.0,5
441,RPP,4,5,1,8,1.0,5
441,RPP,4,5,1,9,1.0,5
441,RPP,5,3,2,1,0.3333333333333333,3
441,RPP,5,3,2,2,1.0,3
441,RPP,5,3,2,3,1.0,3
441,RPP,5,3,2,4,1.0,3
441,RPP,5,3,2,5,1.0,3
441,RPP,5,3,2,6,1.0,3
441,RPP,5,3,2,7,1.0,3
441,RPP,5,3,2,8,1.0,3
441,RPP,5,3,2,9,1.0,3
441,RPP,6,5,2,1,0.8,5
441,RPP,6,5,2,2,0.6,5
441,RPP,6,5,2,3,1.0,5
441,RPP,6,5,2,4,1.0,5
441,RPP,6,5,2,5,1.0,5
441,RPP,6,5,2,6,1.0,5
441,RPP,6,5,2,7,0.8,5
441,RPP,6,5,2,8,1.0,5
441,RPP,6,5,2,9,1.0,5
441,RPP,7,2,2,1,0.5,2
441,RPP,7,2,2,2,0.5,2
441,RPP,7,2,2,3,1.0,2
441,RPP,7,2,2,4,1.0,2
441,RPP,7,2,2,5,1.0,2
441,RPP,7,2,2,6,1.0,2
441,RPP,7,2,2,7,1.0,2
441,RPP,7,2,2,8,1.0,2
441,RPP,7,2,2,9,1.0,2
441,RPP,8,3,3,1,0.6666666666666666,3
441,RPP,8,3,3,2,1.0,3
441,RPP,8,3,3,3,1.0,3
441,RPP,8,3,3,4,1.0,3
441,RPP,8,3,3,5,1.0,3
441,RPP,8,3,3,6,1.0,3
441,RPP,8,3,3,7,1.0,3
441,RPP,8,3,3,8,1.0,3
441,RPP,8,3,3,9,1.0,3
441,RPP,9,4,2,1,0.5,4
441,RPP,9,4,2,2,0.75,4
441,RPP,9,4,2,3,1.0,4
441,RPP,9,4,2,4,0.75,4
441,RPP,9,4,2,5,1.0,4
441,RPP,9,4,2,6,1.0,4
441,RPP,9,4,2,7,1.0,4
441,RPP,9,4,2,8,1.0,4
441,RPP,9,4,2,9,1.0,4
441,RPP,10,5,3,1,0.2,5
441,RPP,10,5,3,2,0.4,5
441,RPP,10,5,3,3,1.0,5
441,RPP,10,5,3,4,1.0,5
441,RPP,10,5,3,5,1.0,5
441,RPP,10,5,3,6,1.0,5
441,RPP,10,5,3,7,0.8,5
441,RPP,10,5,3,8,1.0,5
441,RPP,10,5,3,9,1.0,5
442,RPP,1,2,1,1,0.5,2
442,RPP,1,2,1,2,1.0,2
442,RPP,1,2,1,3,1.0,2
442,RPP,1,2,1,4,0.5,2
442,RPP,1,2,1,5,1.0,2
442,RPP,1,2,1,6,1.0,2
442,RPP,1,2,1,7,1.0,2
442,RPP,1,2,1,8,1.0,2
442,RPP,1,2,1,9,1.0,2
442,RPP,2,3,1,1,0.6666666666666666,3
442,RPP,2,3,1,2,0.3333333333333333,3
442,RPP,2,3,1,3,1.0,3
442,RPP,2,3,1,4,1.0,3
442,RPP,2,3,1,5,1.0,3
442,RPP,2,3,1,6,1.0,3
442,RPP,2,3,1,7,1.0,3
442,RPP,2,3,1,8,1.0,3
442,RPP,2,3,1,9,1.0,3
442,RPP,3,5,1,1,0.2,5
442,RPP,3,5,1,2,0.4,5
442,RPP,3,5,1,3,0.6,5
442,RPP,3,5,1,4,0.6,5
442,RPP,3,5,1,5,0.6,5
442,RPP,3,5,1,6,0.8,5
442,RPP,3,5,1,7,1.0,5
442,RPP,3,5,1,8,0.8,5
442,RPP,3,5,1,9,1.0,5
442,RPP,4,4,1,1,0.5,4
442,RPP,4,4,1,2,0.75,4
442,RPP,4,4,1,3,0.5,4
442,RPP,4,4,1,4,1.0,4
442,RPP,4,4,1,5,0.75,4
442,RPP,4,4,1,6,1.0,4
442,RPP,4,4,1,7,1.0,4
442,RPP,4,4,1,8,1.0,4
442,RPP,4,4,1,9,1.0,4
442,RPP,5,3,2,1,0.0,3
442,RPP,5,3,2,2,0.0,3
442,RPP,5,3,2,3,1.0,3
442,RPP,5,3,2,4,1.0,3
442,RPP,5,3,2,5,1.0,3
442,RPP,5,3,2,6,1.0,3
442,RPP,5,3,2,7,1.0,3
442,RPP,5,3,2,8,1.0,3
442,RPP,5,3,2,9,1.0,3
442,RPP,6,5,2,1,0.4,5
442,RPP,6,5,2,2,0.6,5
442,RPP,6,5,2,3,0.8,5
442,RPP,6,5,2,4,0.6,5
442,RPP,6,5,2,5,1.0,5
442,RPP,6,5,2,6,1.0,5
442,RPP,6,5,2,7,1.0,5
442,RPP,6,5,2,8,0.8,5
442,RPP,6,5,2,9,1.0,5
442,RPP,7,2,2,1,0.0,2
442,RPP,7,2,2,2,0.5,2
442,RPP,7,2,2,3,1.0,2
442,RPP,7,2,2,4,1.0,2
442,RPP,7,2,2,5,1.0,2
442,RPP,7,2,2,6,1.0,2
442,RPP,7,2,2,7,0.5,2
442,RPP,7,2,2,8,1.0,2
442,RPP,7,2,2,9,1.0,2
442,RPP,8,3,3,1,0.3333333333333333,3
442,RPP,8,3,3,2,1.0,3
442,RPP,8,3,3,3,1.0,3
442,RPP,8,3,3,4,1.0,3
442,RPP,8,3,3,5,1.0,3
442,RPP,8,3,3,6,1.0,3
442,RPP,8,3,3,7,1.0,3
442,RPP,8,3,3,8,1.0,3
442,RPP,8,3,3,9,1.0,3
442,RPP,9,5,3,1,0.6,5
442,RPP,9,5,3,2,0.6,5
442,RPP,9,5,3,3,0.6,5
442,RPP,9,5,3,4,1.0,5
442,RPP,9,5,3,5,1.0,5
442,RPP,9,5,3,6,0.8,5
442,RPP,9,5,3,7,1.0,5
442,RPP,9,5,3,8,1.0,5
442,RPP,9,5,3,9,1.0,5
442,RPP,10,4,2,1,0.0,4
442,RPP,10,4,2,2,0.25,4
442,RPP,10,4,2,3,0.75,4
442,RPP,10,4,2,4,0.75,4
442,RPP,10,4,2,5,1.0,4
442,RPP,10,4,2,6,1.0,4
442,RPP,10,4,2,7,1.0,4
442,RPP,10,4,2,8,1.0,4
442,RPP,10,4,2,9,1.0,4
443,RPP,1,2,1,1,0.0,2
443,RPP,1,2,1,2,1.0,2
443,RPP,1,2,1,3,0.5,2
443,RPP,1,2,1,4,1.0,2
443,RPP,1,2,1,5,1.0,2
443,RPP,1,2,1,6,1.0,2
443,RPP,1,2,1,7,0.5,2
443,RPP,1,2,1,8,1.0,2
443,RPP,1,2,1,9,1.0,2
443,RPP,2,3,1,1,0.0,3
443,RPP,2,3,1,2,0.3333333333333333,3
443,RPP,2,3,1,3,1.0,3
443,RPP,2,3,1,4,1.0,3
443,RPP,2,3,1,5,1.0,3
443,RPP,2,3,1,6,1.0,3
443,RPP,2,3,1,7,1.0,3
443,RPP,2,3,1,8,1.0,3
443,RPP,2,3,1,9,1.0,3
443,RPP,3,5,1,1,0.4,5
443,RPP,3,5,1,2,1.0,5
443,RPP,3,5,1,3,0.8,5
443,RPP,3,5,1,4,0.8,5
443,RPP,3,5,1,5,0.8,5
443,RPP,3,5,1,6,0.6,5
443,RPP,3,5,1,7,1.0,5
443,RPP,3,5,1,8,1.0,5
443,RPP,3,5,1,9,1.0,5
443,RPP,4,4,1,1,0.5,4
443,RPP,4,4,1,2,1.0,4
443,RPP,4,4,1,3,1.0,4
443,RPP,4,4,1,4,0.75,4
443,RPP,4,4,1,5,1.0,4
443,RPP,4,4,1,6,1.0,4
443,RPP,4,4,1,7,1.0,4
443,RPP,4,4,1,8,1.0,4
443,RPP,4,4,1,9,1.0,4
443,RPP,5,3,2,1,0.3333333333333333,3
443,RPP,5,3,2,2,1.0,3
443,RPP,5,3,2,3,1.0,3
443,RPP,5,3,2,4,1.0,3
443,RPP,5,3,2,5,1.0,3
443,RPP,5,3,2,6,1.0,3
443,RPP,5,3,2,7,1.0,3
443,RPP,5,3,2,8,1.0,3
443,RPP,5,3,2,9,1.0,3
443,RPP,6,5,2,1,0.2,5
443,RPP,6,5,2,2,0.6,5
443,RPP,6,5,2,3,0.4,5
443,RPP,6,5,2,4,0.6,5
443,RPP,6,5,2,5,0.6,5
443,RPP,6,5,2,6,1.0,5
443,RPP,6,5,2,7,1.0,5
443,RPP,6,5,2,8,0.6,5
443,RPP,6,5,2,9,0.6,5
443,RPP,7,2,2,1,0.5,2
443,RPP,7,2,2,2,1.0,2
443,RPP,7,2,2,3,1.0,2
443,RPP,7,2,2,4,1.0,2
443,RPP,7,2,2,5,1.0,2
443,RPP,7,2,2,6,1.0,2
443,RPP,7,2,2,7,0.5,2
443,RPP,7,2,2,8,1.0,2
443,RPP,7,2,2,9,1.0,2
443,RPP,8,3,3,1,0.3333333333333333,3
443,RPP,8,3,3,2,1.0,3
443,RPP,8,3,3,3,1.0,3
443,RPP,8,3,3,4,1.0,3
443,RPP,8,3,3,5,1.0,3
443,RPP,8,3,3,6,1.0,3
443,RPP,8,3,3,7,1.0,3
443,RPP,8,3,3,8,1.0,3
443,RPP,8,3,3,9,1.0,3
443,RPP,9,5,3,1,0.4,5
443,RPP,9,5,3,2,1.0,5
443,RPP,9,5,3,3,0.8,5
443,RPP,9,5,3,4,1.0,5
443,RPP,9,5,3,5,1.0,5
443,RPP,9,5,3,6,1.0,5
443,RPP,9,5,3,7,1.0,5
443,RPP,9,5,3,8,1.0,5
443,RPP,9,5,3,9,1.0,5
443,RPP,10,4,2,1,0.25,4
443,RPP,10,4,2,2,0.75,4
443,RPP,10,4,2,3,1.0,4
443,RPP,10,4,2,4,1.0,4
443,RPP,10,4,2,5,1.0,4
443,RPP,10,4,2,6,1.0,4
443,RPP,10,4,2,7,1.0,4
443,RPP,10,4,2,8,1.0,4
443,RPP,10,4,2,9,1.0,4
444,RPP,1,2,1,1,0.0,2
444,RPP,1,2,1,2,0.0,2
444,RPP,1,2,1,3,1.0,2
444,RPP,1,2,1,4,1.0,2
444,RPP,1,2,1,5,1.0,2
444,RPP,1,2,1,6,1.0,2
444,RPP,1,2,1,7,1.0,2
444,RPP,1,2,1,8,1.0,2
444,RPP,1,2,1,9,1.0,2
444,RPP,2,3,1,1,0.3333333333333333,3
444,RPP,2,3,1,2,0.3333333333333333,3
444,RPP,2,3,1,3,0.6666666666666666,3
444,RPP,2,3,1,4,0.6666666666666666,3
444,RPP,2,3,1,5,1.0,3
444,RPP,2,3,1,6,1.0,3
444,RPP,2,3,1,7,1.0,3
444,RPP,2,3,1,8,1.0,3
444,RPP,2,3,1,9,1.0,3
444,RPP,3,5,1,1,0.4,5
444,RPP,3,5,1,2,0.6,5
444,RPP,3,5,1,3,0.6,5
444,RPP,3,5,1,4,1.0,5
444,RPP,3,5,1,5,1.0,5
444,RPP,3,5,1,6,1.0,5
444,RPP,3,5,1,7,1.0,5
444,RPP,3,5,1,8,1.0,5
444,RPP,3,5,1,9,1.0,5
444,RPP,4,4,1,1,0.25,4
444,RPP,4,4,1,2,0.75,4
444,RPP,4,4,1,3,1.0,4
444,RPP,4,4,1,4,1.0,4
444,RPP,4,4,1,5,1.0,4
444,RPP,4,4,1,6,1.0,4
444,RPP,4,4,1,7,1.0,4
444,RPP,4,4,1,8,1.0,4
444,RPP,4,4,1,9,1.0,4
444,RPP,5,3,2,1,0.3333333333333333,3
444,RPP,5,3,2,2,1.0,3
444,RPP,5,3,2,3,1.0,3
444,RPP,5,3,2,4,1.0,3
444,RPP,5,3,2,5,1.0,3
444,RPP,5,3,2,6,1.0,3
444,RPP,5,3,2,7,1.0,3
444,RPP,5,3,2,8,1.0,3
444,RPP,5,3,2,9,1.0,3
444,RPP,6,5,2,1,0.2,5
444,RPP,6,5,2,2,0.8,5
444,RPP,6,5,2,3,0.8,5
444,RPP,6,5,2,4,1.0,5
444,RPP,6,5,2,5,1.0,5
444,RPP,6,5,2,6,1.0,5
444,RPP,6,5,2,7,0.8,5
444,RPP,6,5,2,8,1.0,5
444,RPP,6,5,2,9,1.0,5
444,RPP,7,2,2,1,1.0,2
444,RPP,7,2,2,2,1.0,2
444,RPP,7,2,2,3,1.0,2
444,RPP,7,2,2,4,1.0,2
444,RPP,7,2,2,5,1.0,2
444,RPP,7,2,2,6,1.0,2
444,RPP,7,2,2,7,1.0,2
444,RPP,7,2,2,8,1.0,2
444,RPP,7,2,2,9,1.0,2
444,RPP,8,3,3,1,0.3333333333333333,3
444,RPP,8,3,3,2,1.0,3
444,RPP,8,3,3,3,1.0,3
444,RPP,8,3,3,4,1.0,3
444,RPP,8,3,3,5,1.0,3
444,RPP,8,3,3,6,1.0,3
444,RPP,8,3,3,7,1.0,3
444,RPP,8,3,3,8,1.0,3
444,RPP,8,3,3,9,1.0,3
444,RPP,9,5,3,1,0.2,5
444,RPP,9,5,3,2,0.6,5
444,RPP,9,5,3,3,1.0,5
444,RPP,9,5,3,4,1.0,5
444,RPP,9,5,3,5,1.0,5
444,RPP,9,5,3,6,1.0,5
444,RPP,9,5,3,7,1.0,5
444,RPP,9,5,3,8,1.0,5
444,RPP,9,5,3,9,1.0,5
444,RPP,10,4,2,1,0.5,4
444,RPP,10,4,2,2,0.5,4
444,RPP,10,4,2,3,1.0,4
444,RPP,10,4,2,4,1.0,4
444,RPP,10,4,2,5,1.0,4
444,RPP,10,4,2,6,1.0,4
444,RPP,10,4,2,7,1.0,4
444,RPP,10,4,2,8,1.0,4
444,RPP,10,4,2,9,1.0,4
445,RPP,1,2,1,1,0.0,2
445,RPP,1,2,1,2,1.0,2
445,RPP,1,2,1,3,1.0,2
445,RPP,1,2,1,4,1.0,2
445,RPP,1,2,1,5,1.0,2
445,RPP,1,2,1,6,1.0,2
445,RPP,1,2,1,7,1.0,2
445,RPP,1,2,1,8,1.0,2
445,RPP,1,2,1,9,1.0,2
445,RPP,2,3,1,1,0.6666666666666666,3
445,RPP,2,3,1,2,0.6666666666666666,3
445,RPP,2,3,1,3,1.0,3
445,RPP,2,3,1,4,1.0,3
445,RPP,2,3,1,5,1.0,3
445,RPP,2,3,1,6,1.0,3
445,RPP,2,3,1,7,1.0,3
445,RPP,2,3,1,8,1.0,3
445,RPP,2,3,1,9,1.0,3
445,RPP,3,4,1,1,0.25,4
445,RPP,3,4,1,2,0.5,4
445,RPP,3,4,1,3,0.5,4
445,RPP,3,4,1,4,0.5,4
445,RPP,3,4,1,5,1.0,4
445,RPP,3,4,1,6,1.0,4
445,RPP,3,4,1,7,1.0,4
445,RPP,3,4,1,8,1.0,4
445,RPP,3,4,1,9,1.0,4
445,RPP,4,5,1,1,0.6,5
445,RPP,4,5,1,2,0.8,5
445,RPP,4,5,1,3,0.6,5
445,RPP,4,5,1,4,0.8,5
445,RPP,4,5,1,5,1.0,5
445,RPP,4,5,1,6,0.8,5
445,RPP,4,5,1,7,1.0,5
445,RPP,4,5,1,8,0.8,5
445,RPP,4,5,1,9,1.0,5
445,RPP,5,3,2,1,0.3333333333333333,3
445,RPP,5,3,2,2,0.3333333333333333,3
445,RPP,5,3,2,3,1.0,3
445,RPP,5,3,2,4,1.0,3
445,RPP,5,3,2,5,1.0,3
445,RPP,5,3,2,6,1.0,3
445,RPP,5,3,2,7,1.0,3
445,RPP,5,3,2,8,1.0,3
445,RPP,5,3,2,9,1.0,3
445,RPP,6,5,2,1,0.4,5
445,RPP,6,5,2,2,0.2,5
445,RPP,6,5,2,3,0.6,5
445,RPP,6,5,2,4,1.0,5
445,RPP,6,5,2,5,0.8,5
445,RPP,6,5,2,6,1.0,5
445,RPP,6,5,2,7,0.8,5
445,RPP,6,5,2,8,1.0,5
445,RPP,6,5,2,9,1.0,5
445,RPP,7,2,2,1,0.5,2
445,RPP,7,2,2,2,1.0,2
445,RPP,7,2,2,3,1.0,2
445,RPP,7,2,2,4,0.5,2
445,RPP,7,2,2,5,1.0,2
445,RPP,7,2,2,6,1.0,2
445,RPP,7,2,2,7,1.0,2
445,RPP,7,2,2,8,1.0,2
445,RPP,7,2,2,9,1.0,2
445,RPP,8,3,3,1,0.3333333333333333,3
445,RPP,8,3,3,2,1.0,3
445,RPP,8,3,3,3,1.0,3
445,RPP,8,3,3,4,1.0,3
445,RPP,8,3,3,5,1.0,3
445,RPP,8,3,3,6,1.0,3
445,RPP,8,3,3,7,1.0,3
445,RPP,8,3,3,8,1.0,3
445,RPP,8,3,3,9,1.0,3
445,RPP,9,4,2,1,0.5,4
445,RPP,9,4,2,2,0.5,4
445,RPP,9,4,2,3,1.0,4
445,RPP,9,4,2,4,1.0,4
445,RPP,9,4,2,5,0.75,4
445,RPP,9,4,2,6,1.0,4
445,RPP,9,4,2,7,1.0,4
445,RPP,9,4,2,8,1.0,4
445,RPP,9,4,2,9,1.0,4
445,RPP,10,5,3,1,0.2,5
445,RPP,10,5,3,2,0.8,5
445,RPP,10,5,3,3,1.0,5
445,RPP,10,5,3,4,1.0,5
445,RPP,10,5,3,5,1.0,5
445,RPP,10,5,3,6,1.0,5
445,RPP,10,5,3,7,1.0,5
445,RPP,10,5,3,8,1.0,5
445,RPP,10,5,3,9,1.0,5
447,RPP,1,2,1,1,0.5,2
447,RPP,1,2,1,2,1.0,2
447,RPP,1,2,1,3,1.0,2
447,RPP,1,2,1,4,1.0,2
447,RPP,1,2,1,5,0.5,2
447,RPP,1,2,1,6,1.0,2
447,RPP,1,2,1,7,1.0,2
447,RPP,1,2,1,8,1.0,2
447,RPP,1,2,1,9,1.0,2
447,RPP,2,3,1,1,0.3333333333333333,3
447,RPP,2,3,1,2,0.6666666666666666,3
447,RPP,2,3,1,3,1.0,3
447,RPP,2,3,1,4,0.6666666666666666,3
447,RPP,2,3,1,5,1.0,3
447,RPP,2,3,1,6,1.0,3
447,RPP,2,3,1,7,0.6666666666666666,3
447,RPP,2,3,1,8,1.0,3
447,RPP,2,3,1,9,1.0,3
447,RPP,3,4,1,1,0.5,4
447,RPP,3,4,1,2,0.75,4
447,RPP,3,4,1,3,1.0,4
447,RPP,3,4,1,4,1.0,4
447,RPP,3,4,1,5,1.0,4
447,RPP,3,4,1,6,0.75,4
447,RPP,3,4,1,7,0.75,4
447,RPP,3,4,1,8,1.0,4
447,RPP,3,4,1,9,1.0,4
447,RPP,4,5,1,1,0.4,5
447,RPP,4,5,1,2,1.0,5
447,RPP,4,5,1,3,0.8,5
447,RPP,4,5,1,4,0.8,5
447,RPP,4,5,1,5,1.0,5
447,RPP,4,5,1,6,1.0,5
447,RPP,4,5,1,7,1.0,5
447,RPP,4,5,1,8,1.0,5
447,RPP,4,5,1,9,1.0,5
447,RPP,5,3,2,1,0.0,3
447,RPP,5,3,2,2,1.0,3
447,RPP,5,3,2,3,1.0,3
447,RPP,5,3,2,4,1.0,3
447,RPP,5,3,2,5,1.0,3
447,RPP,5,3,2,6,1.0,3
447,RPP,5,3,2,7,1.0,3
447,RPP,5,3,2,8,1.0,3
447,RPP,5,3,2,9,1.0,3
447,RPP,6,5,2,1,0.2,5
447,RPP,6,5,2,2,0.4,5
447,RPP,6,5,2,3,0.6,5
447,RPP,6,5,2,4,0.25,4
447,RPP,6,5,2,5,0.4,5
447,RPP,6,5,2,6,0.4,5
447,RPP,6,5,2,7,0.8,5
447,RPP,6,5,2,8,1.0,5
447,RPP,6,5,2,9,1.0,5
447,RPP,7,2,2,1,0.5,2
447,RPP,7,2,2,2,0.5,2
447,RPP,7,2,2,3,1.0,2
447,RPP,7,2,2,4,1.0,2
447,RPP,7,2,2,5,1.0,2
447,RPP,7,2,2,6,1.0,2
447,RPP,7,2,2,7,1.0,2
447,RPP,7,2,2,8,1.0,2
447,RPP,7,2,2,9,1.0,2
447,RPP,8,3,3,1,0.0,3
447,RPP,8,3,3,2,0.0,3
447,RPP,8,3,3,3,0.6666666666666666,3
447,RPP,8,3,3,4,0.6666666666666666,3
447,RPP,8,3,3,5,0.6666666666666666,3
447,RPP,8,3,3,6,1.0,3
447,RPP,8,3,3,7,1.0,3
447,RPP,8,3,3,8,1.0,3
447,RPP,8,3,3,9,1.0,3
447,RPP,9,4,2,1,0.25,4
447,RPP,9,4,2,2,0.5,4
447,RPP,9,4,2,3,0.5,4
447,RPP,9,4,2,4,1.0,4
447,RPP,9,4,2,5,1.0,4
447,RPP,9,4,2,6,1.0,4
447,RPP,9,4,2,7,1.0,4
447,RPP,9,4,2,8,1.0,4
447,RPP,9,4,2,9,1.0,4
447,RPP,10,5,3,1,0.4,5
447,RPP,10,5,3,2,0.2,5
447,RPP,10,5,3,3,0.6,5
447,RPP,10,5,3,4,0.4,5
447,RPP,10,5,3,5,0.8,5
447,RPP,10,5,3,6,0.8,5
447,RPP,10,5,3,7,1.0,5
447,RPP,10,5,3,8,1.0,5
447,RPP,10,5,3,9,1.0,5
448,Age>25,1,2,1,1,0.0,2
448,Age>25,1,2,1,2,0.5,2
448,Age>25,1,2,1,3,1.0,2
448,Age>25,1,2,1,4,0.5,2
448,Age>25,1,2,1,5,1.0,2
448,Age>25,1,2,1,6,1.0,2
448,Age>25,1,2,1,7,1.0,2
448,Age>25,1,2,1,8,1.0,2
448,Age>25,1,2,1,9,1.0,2
448,Age>25,2,4,1,1,0.5,4
448,Age>25,2,4,1,2,0.75,4
448,Age>25,2,4,1,3,1.0,4
448,Age>25,2,4,1,4,1.0,4
448,Age>25,2,4,1,5,1.0,4
448,Age>25,2,4,1,6,1.0,4
448,Age>25,2,4,1,7,1.0,4
448,Age>25,2,4,1,8,1.0,4
448,Age>25,2,4,1,9,1.0,4
448,Age>25,3,3,1,1,0.0,3
448,Age>25,3,3,1,2,0.3333333333333333,3
448,Age>25,3,3,1,3,1.0,3
448,Age>25,3,3,1,4,1.0,3
448,Age>25,3,3,1,5,1.0,3
448,Age>25,3,3,1,6,1.0,3
448,Age>25,3,3,1,7,1.0,3
448,Age>25,3,3,1,8,1.0,3
448,Age>25,3,3,1,9,1.0,3
448,Age>25,4,5,1,1,0.4,5
448,Age>25,4,5,1,2,1.0,5
448,Age>25,4,5,1,3,1.0,5
448,Age>25,4,5,1,4,1.0,5
448,Age>25,4,5,1,5,1.0,5
448,Age>25,4,5,1,6,1.0,5
448,Age>25,4,5,1,7,1.0,5
448,Age>25,4,5,1,8,1.0,5
448,Age>25,4,5,1,9,1.0,5
448,Age>25,5,3,2,1,0.5,2
448,Age>25,5,3,2,2,0.3333333333333333,3
448,Age>25,5,3,2,3,1.0,3
448,Age>25,5,3,2,4,1.0,3
448,Age>25,5,3,2,5,1.0,3
448,Age>25,5,3,2,6,1.0,3
448,Age>25,5,3,2,7,1.0,3
448,Age>25,5,3,2,8,1.0,3
448,Age>25,5,3,2,9,1.0,3
448,Age>25,6,5,2,1,0.2,5
448,Age>25,6,5,2,2,0.6,5
448,Age>25,6,5,2,3,0.6,5
448,Age>25,6,5,2,4,0.4,5
448,Age>25,6,5,2,5,0.6,5
448,Age>25,6,5,2,6,0.6,5
448,Age>25,6,5,2,7,0.8,5
448,Age>25,6,5,2,8,1.0,5
448,Age>25,6,5,2,9,1.0,5
448,Age>25,7,2,2,1,0.5,2
448,Age>25,7,2,2,2,0.0,2
448,Age>25,7,2,2,3,0.5,2
448,Age>25,7,2,2,4,0.0,2
448,Age>25,7,2,2,5,0.5,2
448,Age>25,7,2,2,6,1.0,2
448,Age>25,7,2,2,7,1.0,2
448,Age>25,7,2,2,8,0.5,2
448,Age>25,7,2,2,9,1.0,2
448,Age>25,8,4,2,1,0.25,4
448,Age>25,8,4,2,2,0.75,4
448,Age>25,8,4,2,3,1.0,4
448,Age>25,8,4,2,4,1.0,4
448,Age>25,8,4,2,5,1.0,4
448,Age>25,8,4,2,6,1.0,4
448,Age>25,8,4,2,7,1.0,4
448,Age>25,8,4,2,8,1.0,4
448,Age>25,8,4,2,9,1.0,4
448,Age>25,9,3,3,1,0.5,2
448,Age>25,9,3,3,2,1.0,3
448,Age>25,9,3,3,3,1.0,3
448,Age>25,9,3,3,4,1.0,3
448,Age>25,9,3,3,5,1.0,3
448,Age>25,9,3,3,6,1.0,3
448,Age>25,9,3,3,7,1.0,3
448,Age>25,9,3,3,8,1.0,3
448,Age>25,9,3,3,9,1.0,3
448,Age>25,10,5,3,1,0.4,5
448,Age>25,10,5,3,2,0.6,5
448,Age>25,10,5,3,3,0.8,5
448,Age>25,10,5,3,4,1.0,5
448,Age>25,10,5,3,5,1.0,5
448,Age>25,10,5,3,6,1.0,5
448,Age>25,10,5,3,7,1.0,5
448,Age>25,10,5,3,8,1.0,5
448,Age>25,10,5,3,9,1.0,5
449,RPP,1,2,1,1,1.0,2
449,RPP,1,2,1,2,1.0,2
449,RPP,1,2,1,3,1.0,2
449,RPP,1,2,1,4,1.0,2
449,RPP,1,2,1,5,1.0,2
449,RPP,1,2,1,6,1.0,2
449,RPP,1,2,1,7,1.0,2
449,RPP,1,2,1,8,1.0,2
449,RPP,1,2,1,9,0.5,2
449,RPP,2,3,1,1,0.3333333333333333,3
449,RPP,2,3,1,2,0.6666666666666666,3
449,RPP,2,3,1,3,1.0,3
449,RPP,2,3,1,4,1.0,3
449,RPP,2,3,1,5,1.0,3
449,RPP,2,3,1,6,1.0,3
449,RPP,2,3,1,7,1.0,3
449,RPP,2,3,1,8,1.0,3
449,RPP,2,3,1,9,0.6666666666666666,3
449,RPP,3,4,1,1,0.25,4
449,RPP,3,4,1,2,0.5,4
449,RPP,3,4,1,3,0.25,4
449,RPP,3,4,1,4,0.25,4
449,RPP,3,4,1,5,0.75,4
449,RPP,3,4,1,6,1.0,4
449,RPP,3,4,1,7,1.0,4
449,RPP,3,4,1,8,1.0,4
449,RPP,3,4,1,9,1.0,4
449,RPP,4,5,1,1,0.2,5
449,RPP,4,5,1,2,0.6,5
449,RPP,4,5,1,3,0.4,5
449,RPP,4,5,1,4,0.4,5
449,RPP,4,5,1,5,0.8,5
449,RPP,4,5,1,6,1.0,5
449,RPP,4,5,1,7,0.8,5
449,RPP,4,5,1,8,0.8,5
449,RPP,4,5,1,9,1.0,5
449,RPP,5,3,2,1,0.6666666666666666,3
449,RPP,5,3,2,2,1.0,3
449,RPP,5,3,2,3,1.0,3
449,RPP,5,3,2,4,1.0,3
449,RPP,5,3,2,5,1.0,3
449,RPP,5,3,2,6,1.0,3
449,RPP,5,3,2,7,1.0,3
449,RPP,5,3,2,8,1.0,3
449,RPP,5,3,2,9,1.0,3
449,RPP,6,5,2,1,0.4,5
449,RPP,6,5,2,2,0.4,5
449,RPP,6,5,2,3,1.0,5
449,RPP,6,5,2,4,0.8,5
449,RPP,6,5,2,5,1.0,5
449,RPP,6,5,2,6,1.0,5
449,RPP,6,5,2,7,1.0,5
449,RPP,6,5,2,8,1.0,5
449,RPP,6,5,2,9,1.0,5
449,RPP,7,2,2,1,0.0,2
449,RPP,7,2,2,2,0.0,2
449,RPP,7,2,2,3,0.5,2
449,RPP,7,2,2,4,1.0,2
449,RPP,7,2,2,5,1.0,2
449,RPP,7,2,2,6,1.0,2
449,RPP,7,2,2,7,1.0,2
449,RPP,7,2,2,8,1.0,2
449,RPP,7,2,2,9,0.5,2
449,RPP,8,3,3,1,0.3333333333333333,3
449,RPP,8,3,3,2,1.0,3
449,RPP,8,3,3,3,0.6666666666666666,3
449,RPP,8,3,3,4,1.0,3
449,RPP,8,3,3,5,1.0,3
449,RPP,8,3,3,6,1.0,3
449,RPP,8,3,3,7,1.0,3
449,RPP,8,3,3,8,1.0,3
449,RPP,8,3,3,9,1.0,3
449,RPP,9,4,2,1,0.5,4
449,RPP,9,4,2,2,0.75,4
449,RPP,9,4,2,3,1.0,4
449,RPP,9,4,2,4,0.75,4
449,RPP,9,4,2,5,1.0,4
449,RPP,9,4,2,6,1.0,4
449,RPP,9,4,2,7,1.0,4
449,RPP,9,4,2,8,1.0,4
449,RPP,9,4,2,9,1.0,4
449,RPP,10,5,3,1,0.2,5
449,RPP,10,5,3,2,0.4,5
449,RPP,10,5,3,3,0.6,5
449,RPP,10,5,3,4,0.8,5
449,RPP,10,5,3,5,1.0,5
449,RPP,10,5,3,6,0.8,5
449,RPP,10,5,3,7,1.0,5
449,RPP,10,5,3,8,1.0,5
449,RPP,10,5,3,9,1.0,5
450,RPP,1,2,1,1,1.0,2
450,RPP,1,2,1,2,1.0,2
450,RPP,1,2,1,3,1.0,2
450,RPP,1,2,1,4,1.0,2
450,RPP,1,2,1,5,0.5,2
450,RPP,1,2,1,6,1.0,2
450,RPP,1,2,1,7,1.0,2
450,RPP,1,2,1,8,1.0,2
450,RPP,1,2,1,9,1.0,2
450,RPP,2,3,1,1,0.0,3
450,RPP,2,3,1,2,0.6666666666666666,3
450,RPP,2,3,1,3,1.0,3
450,RPP,2,3,1,4,1.0,3
450,RPP,2,3,1,5,1.0,3
450,RPP,2,3,1,6,0.6666666666666666,3
450,RPP,2,3,1,7,1.0,3
450,RPP,2,3,1,8,1.0,3
450,RPP,2,3,1,9,0.6666666666666666,3
450,RPP,3,4,1,1,0.25,4
450,RPP,3,4,1,2,0.5,4
450,RPP,3,4,1,3,0.5,4
450,RPP,3,4,1,4,0.75,4
450,RPP,3,4,1,5,0.75,4
450,RPP,3,4,1,6,1.0,4
450,RPP,3,4,1,7,1.0,4
450,RPP,3,4,1,8,0.25,4
450,RPP,3,4,1,9,1.0,4
450,RPP,4,5,1,1,0.2,5
450,RPP,4,5,1,2,0.8,5
450,RPP,4,5,1,3,0.8,5
450,RPP,4,5,1,4,0.6,5
450,RPP,4,5,1,5,0.8,5
450,RPP,4,5,1,6,1.0,5
450,RPP,4,5,1,7,0.8,5
450,RPP,4,5,1,8,0.8,5
450,RPP,4,5,1,9,0.6,5
450,RPP,5,3,2,1,0.3333333333333333,3
450,RPP,5,3,2,2,1.0,3
450,RPP,5,3,2,3,1.0,3
450,RPP,5,3,2,4,1.0,3
450,RPP,5,3,2,5,1.0,3
450,RPP,5,3,2,6,1.0,3
450,RPP,5,3,2,7,0.6666666666666666,3
450,RPP,5,3,2,8,1.0,3
450,RPP,5,3,2,9,1.0,3
450,RPP,6,5,2,1,0.2,5
450,RPP,6,5,2,2,0.6,5
450,RPP,6,5,2,3,0.6,5
450,RPP,6,5,2,4,0.8,5
450,RPP,6,5,2,5,0.4,5
450,RPP,6,5,2,6,0.8,5
450,RPP,6,5,2,7,1.0,5
450,RPP,6,5,2,8,1.0,5
450,RPP,6,5,2,9,0.8,5
450,RPP,7,2,2,1,0.5,2
450,RPP,7,2,2,2,1.0,2
450,RPP,7,2,2,3,1.0,2
450,RPP,7,2,2,4,1.0,2
450,RPP,7,2,2,5,1.0,2
450,RPP,7,2,2,6,1.0,2
450,RPP,7,2,2,7,1.0,2
450,RPP,7,2,2,8,0.5,2
450,RPP,7,2,2,9,1.0,2
450,RPP,8,3,3,1,0.3333333333333333,3
450,RPP,8,3,3,2,0.3333333333333333,3
450,RPP,8,3,3,3,1.0,3
450,RPP,8,3,3,4,1.0,3
450,RPP,8,3,3,5,1.0,3
450,RPP,8,3,3,6,1.0,3
450,RPP,8,3,3,7,1.0,3
450,RPP,8,3,3,8,1.0,3
450,RPP,8,3,3,9,1.0,3
450,RPP,9,4,2,1,0.0,4
450,RPP,9,4,2,2,0.25,4
450,RPP,9,4,2,3,0.75,4
450,RPP,9,4,2,4,0.75,4
450,RPP,9,4,2,5,1.0,4
450,RPP,9,4,2,6,1.0,4
450,RPP,9,4,2,7,0.75,4
450,RPP,9,4,2,8,1.0,4
450,RPP,9,4,2,9,0.75,4
450,RPP,10,5,3,1,0.6,5
450,RPP,10,5,3,2,0.4,5
450,RPP,10,5,3,3,0.4,5
450,RPP,10,5,3,4,0.4,5
450,RPP,10,5,3,5,0.6,5
450,RPP,10,5,3,6,0.6,5
450,RPP,10,5,3,7,0.8,5
450,RPP,10,5,3,8,0.4,5
450,RPP,10,5,3,9,0.6,5
451,RPP,1,2,1,1,0.0,2
451,RPP,1,2,1,2,1.0,2
451,RPP,1,2,1,3,0.5,2
451,RPP,1,2,1,4,1.0,2
451,RPP,1,2,1,5,1.0,2
451,RPP,1,2,1,6,1.0,2
451,RPP,1,2,1,7,1.0,2
451,RPP,1,2,1,8,0.0,2
451,RPP,1,2,1,9,1.0,2
451,RPP,2,3,1,1,0.6666666666666666,3
451,RPP,2,3,1,2,0.6666666666666666,3
451,RPP,2,3,1,3,0.6666666666666666,3
451,RPP,2,3,1,4,1.0,3
451,RPP,2,3,1,5,0.6666666666666666,3
451,RPP,2,3,1,6,1.0,3
451,RPP,2,3,1,7,1.0,3
451,RPP,2,3,1,8,1.0,3
451,RPP,2,3,1,9,1.0,3
451,RPP,3,4,1,1,0.25,4
451,RPP,3,4,1,2,0.75,4
451,RPP,3,4,1,3,0.75,4
451,RPP,3,4,1,4,0.75,4
451,RPP,3,4,1,5,0.75,4
451,RPP,3,4,1,6,0.75,4
451,RPP,3,4,1,7,0.75,4
451,RPP,3,4,1,8,1.0,4
451,RPP,3,4,1,9,1.0,4
451,RPP,4,5,1,1,0.4,5
451,RPP,4,5,1,2,0.6,5
451,RPP,4,5,1,3,0.8,5
451,RPP,4,5,1,4,0.6,5
451,RPP,4,5,1,5,0.8,5
451,RPP,4,5,1,6,0.8,5
451,RPP,4,5,1,7,1.0,5
451,RPP,4,5,1,8,1.0,5
451,RPP,4,5,1,9,0.8,5
451,RPP,5,3,2,1,0.3333333333333333,3
451,RPP,5,3,2,2,0.3333333333333333,3
451,RPP,5,3,2,3,1.0,3
451,RPP,5,3,2,4,1.0,3
451,RPP,5,3,2,5,1.0,3
451,RPP,5,3,2,6,1.0,3
451,RPP,5,3,2,7,1.0,3
451,RPP,5,3,2,8,1.0,3
451,RPP,5,3,2,9,1.0,3
451,RPP,6,5,2,1,0.4,5
451,RPP,6,5,2,2,0.6,5
451,RPP,6,5,2,3,0.8,5
451,RPP,6,5,2,4,0.8,5
451,RPP,6,5,2,5,0.8,5
451,RPP,6,5,2,6,1.0,5
451,RPP,6,5,2,7,0.8,5
451,RPP,6,5,2,8,1.0,5
451,RPP,6,5,2,9,0.8,5
451,RPP,7,2,2,1,0.5,2
451,RPP,7,2,2,2,0.5,2
451,RPP,7,2,2,3,1.0,2
451,RPP,7,2,2,4,1.0,2
451,RPP,7,2,2,5,1.0,2
451,RPP,7,2,2,6,1.0,2
451,RPP,7,2,2,7,1.0,2
451,RPP,7,2,2,8,1.0,2
451,RPP,7,2,2,9,1.0,2
451,RPP,8,3,3,1,0.3333333333333333,3
451,RPP,8,3,3,2,0.3333333333333333,3
451,RPP,8,3,3,3,0.6666666666666666,3
451,RPP,8,3,3,4,1.0,3
451,RPP,8,3,3,5,1.0,3
451,RPP,8,3,3,6,0.6666666666666666,3
451,RPP,8,3,3,7,1.0,3
451,RPP,8,3,3,8,1.0,3
451,RPP,8,3,3,9,0.6666666666666666,3
451,RPP,9,4,2,1,0.5,4
451,RPP,9,4,2,2,0.75,4
451,RPP,9,4,2,3,1.0,4
451,RPP,9,4,2,4,0.75,4
451,RPP,9,4,2,5,1.0,4
451,RPP,9,4,2,6,1.0,4
451,RPP,9,4,2,7,1.0,4
451,RPP,9,4,2,8,1.0,4
451,RPP,9,4,2,9,1.0,4
451,RPP,10,5,3,1,0.2,5
451,RPP,10,5,3,2,0.6,5
451,RPP,10,5,3,3,1.0,5
451,RPP,10,5,3,4,1.0,5
451,RPP,10,5,3,5,1.0,5
451,RPP,10,5,3,6,1.0,5
451,RPP,10,5,3,7,1.0,5
451,RPP,10,5,3,8,1.0,5
451,RPP,10,5,3,9,1.0,5
452,RPP,1,2,1,1,0.0,2
452,RPP,1,2,1,2,0.5,2
452,RPP,1,2,1,3,1.0,2
452,RPP,1,2,1,4,1.0,2
452,RPP,1,2,1,5,0.5,2
452,RPP,1,2,1,6,1.0,2
452,RPP,1,2,1,7,1.0,2
452,RPP,1,2,1,8,1.0,2
452,RPP,1,2,1,9,1.0,2
452,RPP,2,3,1,1,0.3333333333333333,3
452,RPP,2,3,1,2,0.6666666666666666,3
452,RPP,2,3,1,3,0.6666666666666666,3
452,RPP,2,3,1,4,0.6666666666666666,3
452,RPP,2,3,1,5,0.6666666666666666,3
452,RPP,2,3,1,6,1.0,3
452,RPP,2,3,1,7,1.0,3
452,RPP,2,3,1,8,1.0,3
452,RPP,2,3,1,9,1.0,3
452,RPP,3,5,1,1,0.4,5
452,RPP,3,5,1,2,0.6,5
452,RPP,3,5,1,3,0.8,5
452,RPP,3,5,1,4,0.8,5
452,RPP,3,5,1,5,0.4,5
452,RPP,3,5,1,6,0.8,5
452,RPP,3,5,1,7,1.0,5
452,RPP,3,5,1,8,0.8,5
452,RPP,3,5,1,9,1.0,5
452,RPP,4,4,1,1,0.5,4
452,RPP,4,4,1,2,1.0,4
452,RPP,4,4,1,3,0.75,4
452,RPP,4,4,1,4,1.0,4
452,RPP,4,4,1,5,0.75,4
452,RPP,4,4,1,6,1.0,4
452,RPP,4,4,1,7,1.0,4
452,RPP,4,4,1,8,1.0,4
452,RPP,4,4,1,9,1.0,4
452,RPP,5,3,2,1,0.3333333333333333,3
452,RPP,5,3,2,2,0.6666666666666666,3
452,RPP,5,3,2,3,1.0,3
452,RPP,5,3,2,4,1.0,3
452,RPP,5,3,2,5,1.0,3
452,RPP,5,3,2,6,1.0,3
452,RPP,5,3,2,7,1.0,3
452,RPP,5,3,2,8,1.0,3
452,RPP,5,3,2,9,1.0,3
452,RPP,6,5,2,1,0.2,5
452,RPP,6,5,2,2,0.6,5
452,RPP,6,5,2,3,0.8,5
452,RPP,6,5,2,4,1.0,5
452,RPP,6,5,2,5,1.0,5
452,RPP,6,5,2,6,1.0,5
452,RPP,6,5,2,7,1.0,5
452,RPP,6,5,2,8,1.0,5
452,RPP,6,5,2,9,1.0,5
452,RPP,7,2,2,1,0.5,2
452,RPP,7,2,2,2,0.5,2
452,RPP,7,2,2,3,1.0,2
452,RPP,7,2,2,4,1.0,2
452,RPP,7,2,2,5,1.0,2
452,RPP,7,2,2,6,1.0,2
452,RPP,7,2,2,7,1.0,2
452,RPP,7,2,2,8,1.0,2
452,RPP,7,2,2,9,1.0,2
452,RPP,8,3,3,1,0.6666666666666666,3
452,RPP,8,3,3,2,1.0,3
452,RPP,8,3,3,3,1.0,3
452,RPP,8,3,3,4,1.0,3
452,RPP,8,3,3,5,1.0,3
452,RPP,8,3,3,6,1.0,3
452,RPP,8,3,3,7,1.0,3
452,RPP,8,3,3,8,1.0,3
452,RPP,8,3,3,9,1.0,3
452,RPP,9,5,3,1,0.4,5
452,RPP,9,5,3,2,0.4,5
452,RPP,9,5,3,3,0.6,5
452,RPP,9,5,3,4,0.4,5
452,RPP,9,5,3,5,1.0,5
452,RPP,9,5,3,6,1.0,5
452,RPP,9,5,3,7,1.0,5
452,RPP,9,5,3,8,0.8,5
452,RPP,9,5,3,9,1.0,5
452,RPP,10,4,2,1,0.5,4
452,RPP,10,4,2,2,0.75,4
452,RPP,10,4,2,3,0.5,4
452,RPP,10,4,2,4,1.0,4
452,RPP,10,4,2,5,1.0,4
452,RPP,10,4,2,6,1.0,4
452,RPP,10,4,2,7,1.0,4
452,RPP,10,4,2,8,1.0,4
452,RPP,10,4,2,9,1.0,4
453,RPP,1,2,1,1,0.0,2
453,RPP,1,2,1,2,0.0,2
453,RPP,1,2,1,3,1.0,2
453,RPP,1,2,1,4,1.0,2
453,RPP,1,2,1,5,1.0,2
453,RPP,1,2,1,6,1.0,2
453,RPP,1,2,1,7,1.0,2
453,RPP,1,2,1,8,1.0,2
453,RPP,1,2,1,9,1.0,2
453,RPP,2,3,1,1,0.0,3
453,RPP,2,3,1,2,0.3333333333333333,3
453,RPP,2,3,1,3,1.0,3
453,RPP,2,3,1,4,1.0,3
453,RPP,2,3,1,5,1.0,3
453,RPP,2,3,1,6,1.0,3
453,RPP,2,3,1,7,1.0,3
453,RPP,2,3,1,8,1.0,3
453,RPP,2,3,1,9,1.0,3
453,RPP,3,5,1,1,0.6,5
453,RPP,3,5,1,2,0.8,5
453,RPP,3,5,1,3,1.0,5
453,RPP,3,5,1,4,1.0,5
453,RPP,3,5,1,5,1.0,5
453,RPP,3,5,1,6,1.0,5
453,RPP,3,5,1,7,1.0,5
453,RPP,3,5,1,8,1.0,5
453,RPP,3,5,1,9,1.0,5
453,RPP,4,4,1,1,0.0,4
453,RPP,4,4,1,2,0.25,4
453,RPP,4,4,1,3,1.0,4
453,RPP,4,4,1,4,1.0,4
453,RPP,4,4,1,5,1.0,4
453,RPP,4,4,1,6,1.0,4
453,RPP,4,4,1,7,1.0,4
453,RPP,4,4,1,8,1.0,4
453,RPP,4,4,1,9,1.0,4
453,RPP,5,3,2,1,0.3333333333333333,3
453,RPP,5,3,2,2,0.6666666666666666,3
453,RPP,5,3,2,3,1.0,3
453,RPP,5,3,2,4,1.0,3
453,RPP,5,3,2,5,1.0,3
453,RPP,5,3,2,6,1.0,3
453,RPP,5,3,2,7,1.0,3
453,RPP,5,3,2,8,1.0,3
453,RPP,5,3,2,9,1.0,3
453,RPP,6,5,2,1,0.4,5
453,RPP,6,5,2,2,0.4,5
453,RPP,6,5,2,3,1.0,5
453,RPP,6,5,2,4,1.0,5
453,RPP,6,5,2,5,1.0,5
453,RPP,6,5,2,6,1.0,5
453,RPP,6,5,2,7,0.8,5
453,RPP,6,5,2,8,1.0,5
453,RPP,6,5,2,9,1.0,5
453,RPP,7,2,2,1,0.0,2
453,RPP,7,2,2,2,1.0,2
453,RPP,7,2,2,3,1.0,2
453,RPP,7,2,2,4,1.0,2
453,RPP,7,2,2,5,1.0,2
453,RPP,7,2,2,6,1.0,2
453,RPP,7,2,2,7,1.0,2
453,RPP,7,2,2,8,1.0,2
453,RPP,7,2,2,9,1.0,2
453,RPP,8,3,3,1,0.0,3
453,RPP,8,3,3,2,0.6666666666666666,3
453,RPP,8,3,3,3,1.0,3
453,RPP,8,3,3,4,1.0,3
453,RPP,8,3,3,5,1.0,3
453,RPP,8,3,3,6,1.0,3
453,RPP,8,3,3,7,1.0,3
453,RPP,8,3,3,8,1.0,3
453,RPP,8,3,3,9,1.0,3
453,RPP,9,5,3,1,0.0,5
453,RPP,9,5,3,2,0.6,5
453,RPP,9,5,3,3,0.8,5
453,RPP,9,5,3,4,1.0,5
453,RPP,9,5,3,5,1.0,5
453,RPP,9,5,3,6,1.0,5
453,RPP,9,5,3,7,1.0,5
453,RPP,9,5,3,8,1.0,5
453,RPP,9,5,3,9,1.0,5
453,RPP,10,4,2,1,0.75,4
453,RPP,10,4,2,2,0.75,4
453,RPP,10,4,2,3,1.0,4
453,RPP,10,4,2,4,1.0,4
453,RPP,10,4,2,5,1.0,4
453,RPP,10,4,2,6,1.0,4
453,RPP,10,4,2,7,1.0,4
453,RPP,10,4,2,8,1.0,4
453,RPP,10,4,2,9,1.0,4
454,RPP,1,2,1,1,0.5,2
454,RPP,1,2,1,2,0.5,2
454,RPP,1,2,1,3,0.5,2
454,RPP,1,2,1,4,1.0,2
454,RPP,1,2,1,5,1.0,2
454,RPP,1,2,1,6,1.0,2
454,RPP,1,2,1,7,1.0,2
454,RPP,1,2,1,8,1.0,2
454,RPP,1,2,1,9,1.0,2
454,RPP,2,3,1,1,0.6666666666666666,3
454,RPP,2,3,1,2,0.6666666666666666,3
454,RPP,2,3,1,3,0.6666666666666666,3
454,RPP,2,3,1,4,1.0,3
454,RPP,2,3,1,5,1.0,3
454,RPP,2,3,1,6,0.6666666666666666,3
454,RPP,2,3,1,7,1.0,3
454,RPP,2,3,1,8,1.0,3
454,RPP,2,3,1,9,1.0,3
454,RPP,3,5,1,1,0.4,5
454,RPP,3,5,1,2,0.6,5
454,RPP,3,5,1,3,0.8,5
454,RPP,3,5,1,4,1.0,5
454,RPP,3,5,1,5,1.0,5
454,RPP,3,5,1,6,1.0,5
454,RPP,3,5,1,7,1.0,5
454,RPP,3,5,1,8,1.0,5
454,RPP,3,5,1,9,1.0,5
454,RPP,4,4,1,1,0.5,4
454,RPP,4,4,1,2,0.5,4
454,RPP,4,4,1,3,1.0,4
454,RPP,4,4,1,4,1.0,4
454,RPP,4,4,1,5,1.0,4
454,RPP,4,4,1,6,0.75,4
454,RPP,4,4,1,7,1.0,4
454,RPP,4,4,1,8,1.0,4
454,RPP,4,4,1,9,0.75,4
454,RPP,5,3,2,1,0.3333333333333333,3
454,RPP,5,3,2,2,0.6666666666666666,3
454,RPP,5,3,2,3,1.0,3
454,RPP,5,3,2,4,1.0,3
454,RPP,5,3,2,5,1.0,3
454,RPP,5,3,2,6,1.0,3
454,RPP,5,3,2,7,1.0,3
454,RPP,5,3,2,8,1.0,3
454,RPP,5,3,2,9,1.0,3
454,RPP,6,5,2,1,0.4,5
454,RPP,6,5,2,2,0.6,5
454,RPP,6,5,2,3,0.8,5
454,RPP,6,5,2,4,1.0,5
454,RPP,6,5,2,5,1.0,5
454,RPP,6,5,2,6,1.0,5
454,RPP,6,5,2,7,1.0,5
454,RPP,6,5,2,8,1.0,5
454,RPP,6,5,2,9,1.0,5
454,RPP,7,2,2,1,0.0,2
454,RPP,7,2,2,2,0.5,2
454,RPP,7,2,2,3,1.0,2
454,RPP,7,2,2,4,0.5,2
454,RPP,7,2,2,5,1.0,2
454,RPP,7,2,2,6,1.0,2
454,RPP,7,2,2,7,1.0,2
454,RPP,7,2,2,8,1.0,2
454,RPP,7,2,2,9,1.0,2
454,RPP,8,3,3,1,0.6666666666666666,3
454,RPP,8,3,3,2,0.6666666666666666,3
454,RPP,8,3,3,3,1.0,3
454,RPP,8,3,3,4,1.0,3
454,RPP,8,3,3,5,1.0,3
454,RPP,8,3,3,6,1.0,3
454,RPP,8,3,3,7,1.0,3
454,RPP,8,3,3,8,1.0,3
454,RPP,8,3,3,9,1.0,3
454,RPP,9,5,3,1,0.2,5
454,RPP,9,5,3,2,0.6,5
454,RPP,9,5,3,3,0.8,5
454,RPP,9,5,3,4,1.0,5
454,RPP,9,5,3,5,0.6,5
454,RPP,9,5,3,6,0.8,5
454,RPP,9,5,3,7,1.0,5
454,RPP,9,5,3,8,1.0,5
454,RPP,9,5,3,9,1.0,5
454,RPP,10,4,2,1,0.0,4
454,RPP,10,4,2,2,0.0,4
454,RPP,10,4,2,3,0.25,4
454,RPP,10,4,2,4,0.5,4
454,RPP,10,4,2,5,0.75,4
454,RPP,10,4,2,6,0.75,4
454,RPP,10,4,2,7,0.75,4
454,RPP,10,4,2,8,1.0,4
454,RPP,10,4,2,9,1.0,4
455,RPP,1,2,1,1,0.0,2
455,RPP,1,2,1,2,0.5,2
455,RPP,1,2,1,3,1.0,2
455,RPP,1,2,1,4,1.0,2
455,RPP,1,2,1,5,1.0,2
455,RPP,1,2,1,6,1.0,2
455,RPP,1,2,1,7,1.0,2
455,RPP,1,2,1,8,1.0,2
455,RPP,1,2,1,9,1.0,2
455,RPP,2,3,1,1,0.3333333333333333,3
455,RPP,2,3,1,2,0.3333333333333333,3
455,RPP,2,3,1,3,1.0,3
455,RPP,2,3,1,4,1.0,3
455,RPP,2,3,1,5,1.0,3
455,RPP,2,3,1,6,0.6666666666666666,3
455,RPP,2,3,1,7,1.0,3
455,RPP,2,3,1,8,1.0,3
455,RPP,2,3,1,9,1.0,3
455,RPP,3,4,1,1,0.75,4
455,RPP,3,4,1,2,0.75,4
455,RPP,3,4,1,3,0.75,4
455,RPP,3,4,1,4,1.0,4
455,RPP,3,4,1,5,1.0,4
455,RPP,3,4,1,6,0.75,4
455,RPP,3,4,1,7,1.0,4
455,RPP,3,4,1,8,1.0,4
455,RPP,3,4,1,9,1.0,4
455,RPP,4,5,1,1,0.4,5
455,RPP,4,5,1,2,1.0,5
455,RPP,4,5,1,3,1.0,5
455,RPP,4,5,1,4,1.0,5
455,RPP,4,5,1,5,1.0,5
455,RPP,4,5,1,6,1.0,5
455,RPP,4,5,1,7,0.8,5
455,RPP,4,5,1,8,1.0,5
455,RPP,4,5,1,9,1.0,5
455,RPP,5,3,2,1,0.3333333333333333,3
455,RPP,5,3,2,2,1.0,3
455,RPP,5,3,2,3,1.0,3
455,RPP,5,3,2,4,1.0,3
455,RPP,5,3,2,5,1.0,3
455,RPP,5,3,2,6,1.0,3
455,RPP,5,3,2,7,1.0,3
455,RPP,5,3,2,8,1.0,3
455,RPP,5,3,2,9,1.0,3
455,RPP,6,5,2,1,0.4,5
455,RPP,6,5,2,2,1.0,5
455,RPP,6,5,2,3,1.0,5
455,RPP,6,5,2,4,1.0,5
455,RPP,6,5,2,5,1.0,5
455,RPP,6,5,2,6,0.8,5
455,RPP,6,5,2,7,1.0,5
455,RPP,6,5,2,8,1.0,5
455,RPP,6,5,2,9,1.0,5
455,RPP,7,2,2,1,0.5,2
455,RPP,7,2,2,2,1.0,2
455,RPP,7,2,2,3,1.0,2
455,RPP,7,2,2,4,1.0,2
455,RPP,7,2,2,5,1.0,2
455,RPP,7,2,2,6,1.0,2
455,RPP,7,2,2,7,0.5,2
455,RPP,7,2,2,8,1.0,2
455,RPP,7,2,2,9,1.0,2
455,RPP,8,3,3,1,0.6666666666666666,3
455,RPP,8,3,3,2,1.0,3
455,RPP,8,3,3,3,0.6666666666666666,3
455,RPP,8,3,3,4,1.0,3
455,RPP,8,3,3,5,1.0,3
455,RPP,8,3,3,6,1.0,3
455,RPP,8,3,3,7,1.0,3
455,RPP,8,3,3,8,1.0,3
455,RPP,8,3,3,9,1.0,3
455,RPP,9,4,2,1,0.25,4
455,RPP,9,4,2,2,1.0,4
455,RPP,9,4,2,3,0.75,4
455,RPP,9,4,2,4,0.75,4
455,RPP,9,4,2,5,0.75,4
455,RPP,9,4,2,6,1.0,4
455,RPP,9,4,2,7,0.75,4
455,RPP,9,4,2,8,0.75,4
455,RPP,9,4,2,9,1.0,4
455,RPP,10,5,3,1,0.2,5
455,RPP,10,5,3,2,0.8,5
455,RPP,10,5,3,3,1.0,5
455,RPP,10,5,3,4,0.8,5
455,RPP,10,5,3,5,1.0,5
455,RPP,10,5,3,6,1.0,5
455,RPP,10,5,3,7,0.8,5
455,RPP,10,5,3,8,1.0,5
455,RPP,10,5,3,9,1.0,5
456,RPP,1,2,1,1,1.0,2
456,RPP,1,2,1,2,1.0,2
456,RPP,1,2,1,3,1.0,2
456,RPP,1,2,1,4,1.0,2
456,RPP,1,2,1,5,1.0,2
456,RPP,1,2,1,6,1.0,2
456,RPP,1,2,1,7,1.0,2
456,RPP,1,2,1,8,1.0,2
456,RPP,1,2,1,9,1.0,2
456,RPP,2,3,1,1,0.3333333333333333,3
456,RPP,2,3,1,2,0.6666666666666666,3
456,RPP,2,3,1,3,0.6666666666666666,3
456,RPP,2,3,1,4,0.6666666666666666,3
456,RPP,2,3,1,5,0.6666666666666666,3
456,RPP,2,3,1,6,0.3333333333333333,3
456,RPP,2,3,1,7,1.0,3
456,RPP,2,3,1,8,1.0,3
456,RPP,2,3,1,9,1.0,3
456,RPP,3,4,1,1,0.25,4
456,RPP,3,4,1,2,0.5,4
456,RPP,3,4,1,3,0.75,4
456,RPP,3,4,1,4,1.0,4
456,RPP,3,4,1,5,1.0,4
456,RPP,3,4,1,6,1.0,4
456,RPP,3,4,1,7,1.0,4
456,RPP,3,4,1,8,1.0,4
456,RPP,3,4,1,9,1.0,4
456,RPP,4,5,1,1,0.2,5
456,RPP,4,5,1,2,0.4,5
456,RPP,4,5,1,3,0.8,5
456,RPP,4,5,1,4,0.6,5
456,RPP,4,5,1,5,0.8,5
456,RPP,4,5,1,6,0.8,5
456,RPP,4,5,1,7,0.8,5
456,RPP,4,5,1,8,0.8,5
456,RPP,4,5,1,9,1.0,5
456,RPP,5,3,2,1,0.3333333333333333,3
456,RPP,5,3,2,2,0.6666666666666666,3
456,RPP,5,3,2,3,1.0,3
456,RPP,5,3,2,4,1.0,3
456,RPP,5,3,2,5,1.0,3
456,RPP,5,3,2,6,1.0,3
456,RPP,5,3,2,7,1.0,3
456,RPP,5,3,2,8,1.0,3
456,RPP,5,3,2,9,1.0,3
456,RPP,6,5,2,1,0.4,5
456,RPP,6,5,2,2,0.4,5
456,RPP,6,5,2,3,0.4,5
456,RPP,6,5,2,4,0.8,5
456,RPP,6,5,2,5,0.8,5
456,RPP,6,5,2,6,0.8,5
456,RPP,6,5,2,7,0.8,5
456,RPP,6,5,2,8,1.0,5
456,RPP,6,5,2,9,1.0,5
456,RPP,7,2,2,1,0.0,2
456,RPP,7,2,2,2,0.5,2
456,RPP,7,2,2,3,1.0,2
456,RPP,7,2,2,4,1.0,2
456,RPP,7,2,2,5,1.0,2
456,RPP,7,2,2,6,1.0,2
456,RPP,7,2,2,7,1.0,2
456,RPP,7,2,2,8,1.0,2
456,RPP,7,2,2,9,1.0,2
456,RPP,8,3,3,1,1.0,3
456,RPP,8,3,3,2,1.0,3
456,RPP,8,3,3,3,1.0,3
456,RPP,8,3,3,4,1.0,3
456,RPP,8,3,3,5,1.0,3
456,RPP,8,3,3,6,1.0,3
456,RPP,8,3,3,7,1.0,3
456,RPP,8,3,3,8,1.0,3
456,RPP,8,3,3,9,1.0,3
456,RPP,9,4,2,1,0.5,4
456,RPP,9,4,2,2,0.75,4
456,RPP,9,4,2,3,1.0,4
456,RPP,9,4,2,4,1.0,4
456,RPP,9,4,2,5,1.0,4
456,RPP,9,4,2,6,1.0,4
456,RPP,9,4,2,7,1.0,4
456,RPP,9,4,2,8,1.0,4
456,RPP,9,4,2,9,1.0,4
456,RPP,10,5,3,1,0.8,5
456,RPP,10,5,3,2,0.8,5
456,RPP,10,5,3,3,1.0,5
456,RPP,10,5,3,4,1.0,5
456,RPP,10,5,3,5,1.0,5
456,RPP,10,5,3,6,1.0,5
456,RPP,10,5,3,7,1.0,5
456,RPP,10,5,3,8,1.0,5
456,RPP,10,5,3,9,1.0,5
457,RPP,1,2,1,1,0.5,2
457,RPP,1,2,1,2,1.0,2
457,RPP,1,2,1,3,1.0,2
457,RPP,1,2,1,4,1.0,2
457,RPP,1,2,1,5,1.0,2
457,RPP,1,2,1,6,1.0,2
457,RPP,1,2,1,7,1.0,2
457,RPP,1,2,1,8,1.0,2
457,RPP,1,2,1,9,1.0,2
457,RPP,2,3,1,1,0.6666666666666666,3
457,RPP,2,3,1,2,1.0,3
457,RPP,2,3,1,3,1.0,3
457,RPP,2,3,1,4,1.0,3
457,RPP,2,3,1,5,1.0,3
457,RPP,2,3,1,6,1.0,3
457,RPP,2,3,1,7,1.0,3
457,RPP,2,3,1,8,1.0,3
457,RPP,2,3,1,9,1.0,3
457,RPP,3,4,1,1,0.25,4
457,RPP,3,4,1,2,0.75,4
457,RPP,3,4,1,3,0.75,4
457,RPP,3,4,1,4,1.0,4
457,RPP,3,4,1,5,1.0,4
457,RPP,3,4,1,6,1.0,4
457,RPP,3,4,1,7,1.0,4
457,RPP,3,4,1,8,1.0,4
457,RPP,3,4,1,9,1.0,4
457,RPP,4,5,1,1,0.6,5
457,RPP,4,5,1,2,0.6,5
457,RPP,4,5,1,3,0.6,5
457,RPP,4,5,1,4,0.8,5
457,RPP,4,5,1,5,0.6,5
457,RPP,4,5,1,6,0.8,5
457,RPP,4,5,1,7,1.0,5
457,RPP,4,5,1,8,1.0,5
457,RPP,4,5,1,9,1.0,5
457,RPP,5,3,2,1,0.0,3
457,RPP,5,3,2,2,0.3333333333333333,3
457,RPP,5,3,2,3,1.0,3
457,RPP,5,3,2,4,1.0,3
457,RPP,5,3,2,5,1.0,3
457,RPP,5,3,2,6,1.0,3
457,RPP,5,3,2,7,1.0,3
457,RPP,5,3,2,8,1.0,3
457,RPP,5,3,2,9,0.6666666666666666,3
457,RPP,6,5,2,1,0.2,5
457,RPP,6,5,2,2,0.8,5
457,RPP,6,5,2,3,1.0,5
457,RPP,6,5,2,4,1.0,5
457,RPP,6,5,2,5,1.0,5
457,RPP,6,5,2,6,1.0,5
457,RPP,6,5,2,7,1.0,5
457,RPP,6,5,2,8,1.0,5
457,RPP,6,5,2,9,1.0,5
457,RPP,7,2,2,1,0.5,2
457,RPP,7,2,2,2,0.5,2
457,RPP,7,2,2,3,1.0,2
457,RPP,7,2,2,4,1.0,2
457,RPP,7,2,2,5,1.0,2
457,RPP,7,2,2,6,1.0,2
457,RPP,7,2,2,7,1.0,2
457,RPP,7,2,2,8,1.0,2
457,RPP,7,2,2,9,1.0,2
457,RPP,8,3,3,1,0.3333333333333333,3
457,RPP,8,3,3,2,0.3333333333333333,3
457,RPP,8,3,3,3,0.6666666666666666,3
457,RPP,8,3,3,4,1.0,3
457,RPP,8,3,3,5,1.0,3
457,RPP,8,3,3,6,1.0,3
457,RPP,8,3,3,7,1.0,3
457,RPP,8,3,3,8,1.0,3
457,RPP,8,3,3,9,1.0,3
457,RPP,9,4,2,1,0.25,4
457,RPP,9,4,2,2,0.5,4
457,RPP,9,4,2,3,1.0,4
457,RPP,9,4,2,4,1.0,4
457,RPP,9,4,2,5,1.0,4
457,RPP,9,4,2,6,1.0,4
457,RPP,9,4,2,7,1.0,4
457,RPP,9,4,2,8,1.0,4
457,RPP,9,4,2,9,1.0,4
457,RPP,10,5,3,1,0.6,5
457,RPP,10,5,3,2,0.8,5
457,RPP,10,5,3,3,1.0,5
457,RPP,10,5,3,4,1.0,5
457,RPP,10,5,3,5,1.0,5
457,RPP,10,5,3,6,1.0,5
457,RPP,10,5,3,7,1.0,5
457,RPP,10,5,3,8,1.0,5
457,RPP,10,5,3,9,1.0,5
458,RPP,1,2,1,1,0.5,2
458,RPP,1,2,1,2,1.0,2
458,RPP,1,2,1,3,1.0,2
458,RPP,1,2,1,4,1.0,2
458,RPP,1,2,1,5,1.0,2
458,RPP,1,2,1,6,1.0,2
458,RPP,1,2,1,7,1.0,2
458,RPP,1,2,1,8,1.0,2
458,RPP,1,2,1,9,1.0,2
458,RPP,2,4,1,1,0.25,4
458,RPP,2,4,1,2,0.5,4
458,RPP,2,4,1,3,0.75,4
458,RPP,2,4,1,4,1.0,4
458,RPP,2,4,1,5,1.0,4
458,RPP,2,4,1,6,1.0,4
458,RPP,2,4,1,7,1.0,4
458,RPP,2,4,1,8,1.0,4
458,RPP,2,4,1,9,1.0,4
458,RPP,3,3,1,1,0.6666666666666666,3
458,RPP,3,3,1,2,0.6666666666666666,3
458,RPP,3,3,1,3,1.0,3
458,RPP,3,3,1,4,1.0,3
458,RPP,3,3,1,5,1.0,3
458,RPP,3,3,1,6,1.0,3
458,RPP,3,3,1,7,1.0,3
458,RPP,3,3,1,8,1.0,3
458,RPP,3,3,1,9,1.0,3
458,RPP,4,5,1,1,0.4,5
458,RPP,4,5,1,2,0.8,5
458,RPP,4,5,1,3,1.0,5
458,RPP,4,5,1,4,1.0,5
458,RPP,4,5,1,5,1.0,5
458,RPP,4,5,1,6,1.0,5
458,RPP,4,5,1,7,1.0,5
458,RPP,4,5,1,8,1.0,5
458,RPP,4,5,1,9,1.0,5
458,RPP,5,3,2,1,0.3333333333333333,3
458,RPP,5,3,2,2,1.0,3
458,RPP,5,3,2,3,1.0,3
458,RPP,5,3,2,4,1.0,3
458,RPP,5,3,2,5,1.0,3
458,RPP,5,3,2,6,1.0,3
458,RPP,5,3,2,7,1.0,3
458,RPP,5,3,2,8,1.0,3
458,RPP,5,3,2,9,1.0,3
458,RPP,6,5,2,1,0.4,5
458,RPP,6,5,2,2,1.0,5
458,RPP,6,5,2,3,1.0,5
458,RPP,6,5,2,4,1.0,5
458,RPP,6,5,2,5,1.0,5
458,RPP,6,5,2,6,1.0,5
458,RPP,6,5,2,7,1.0,5
458,RPP,6,5,2,8,1.0,5
458,RPP,6,5,2,9,1.0,5
458,RPP,7,2,2,1,0.5,2
458,RPP,7,2,2,2,1.0,2
458,RPP,7,2,2,3,1.0,2
458,RPP,7,2,2,4,1.0,2
458,RPP,7,2,2,5,1.0,2
458,RPP,7,2,2,6,1.0,2
458,RPP,7,2,2,7,1.0,2
458,RPP,7,2,2,8,1.0,2
458,RPP,7,2,2,9,1.0,2
458,RPP,8,4,2,1,0.25,4
458,RPP,8,4,2,2,0.75,4
458,RPP,8,4,2,3,1.0,4
458,RPP,8,4,2,4,1.0,4
458,RPP,8,4,2,5,1.0,4
458,RPP,8,4,2,6,1.0,4
458,RPP,8,4,2,7,1.0,4
458,RPP,8,4,2,8,1.0,4
458,RPP,8,4,2,9,1.0,4
458,RPP,9,3,3,1,1.0,3
458,RPP,9,3,3,2,1.0,3
458,RPP,9,3,3,3,1.0,3
458,RPP,9,3,3,4,1.0,3
458,RPP,9,3,3,5,1.0,3
458,RPP,9,3,3,6,1.0,3
458,RPP,9,3,3,7,1.0,3
458,RPP,9,3,3,8,1.0,3
458,RPP,9,3,3,9,1.0,3
458,RPP,10,5,3,1,0.2,5
458,RPP,10,5,3,2,0.8,5
458,RPP,10,5,3,3,1.0,5
458,RPP,10,5,3,4,1.0,5
458,RPP,10,5,3,5,0.8,5
458,RPP,10,5,3,6,1.0,5
458,RPP,10,5,3,7,1.0,5
458,RPP,10,5,3,8,1.0,5
458,RPP,10,5,3,9,1.0,5
459,RPP,1,2,1,1,0.5,2
459,RPP,1,2,1,2,0.5,2
459,RPP,1,2,1,3,1.0,2
459,RPP,1,2,1,4,1.0,2
459,RPP,1,2,1,5,1.0,2
459,RPP,1,2,1,6,1.0,2
459,RPP,1,2,1,7,1.0,2
459,RPP,1,2,1,8,1.0,2
459,RPP,1,2,1,9,1.0,2
459,RPP,2,3,1,1,0.0,3
459,RPP,2,3,1,2,0.3333333333333333,3
459,RPP,2,3,1,3,0.6666666666666666,3
459,RPP,2,3,1,4,1.0,3
459,RPP,2,3,1,5,0.6666666666666666,3
459,RPP,2,3,1,6,1.0,3
459,RPP,2,3,1,7,1.0,3
459,RPP,2,3,1,8,1.0,3
459,RPP,2,3,1,9,1.0,3
459,RPP,3,4,1,1,0.25,4
459,RPP,3,4,1,2,0.5,4
459,RPP,3,4,1,3,0.5,4
459,RPP,3,4,1,4,1.0,4
459,RPP,3,4,1,5,0.75,4
459,RPP,3,4,1,6,1.0,4
459,RPP,3,4,1,7,1.0,4
459,RPP,3,4,1,8,1.0,4
459,RPP,3,4,1,9,1.0,4
459,RPP,4,5,1,1,0.2,5
459,RPP,4,5,1,2,0.4,5
459,RPP,4,5,1,3,0.8,5
459,RPP,4,5,1,4,0.8,5
459,RPP,4,5,1,5,0.6,5
459,RPP,4,5,1,6,1.0,5
459,RPP,4,5,1,7,1.0,5
459,RPP,4,5,1,8,1.0,5
459,RPP,4,5,1,9,1.0,5
459,RPP,5,3,2,1,0.3333333333333333,3
459,RPP,5,3,2,2,1.0,3
459,RPP,5,3,2,3,1.0,3
459,RPP,5,3,2,4,1.0,3
459,RPP,5,3,2,5,1.0,3
459,RPP,5,3,2,6,1.0,3
459,RPP,5,3,2,7,1.0,3
459,RPP,5,3,2,8,1.0,3
459,RPP,5,3,2,9,1.0,3
459,RPP,6,5,2,1,0.2,5
459,RPP,6,5,2,2,0.8,5
459,RPP,6,5,2,3,0.8,5
459,RPP,6,5,2,4,1.0,5
459,RPP,6,5,2,5,1.0,5
459,RPP,6,5,2,6,1.0,5
459,RPP,6,5,2,7,1.0,5
459,RPP,6,5,2,8,0.8,5
459,RPP,6,5,2,9,1.0,5
459,RPP,7,2,2,1,1.0,2
459,RPP,7,2,2,2,1.0,2
459,RPP,7,2,2,3,1.0,2
459,RPP,7,2,2,4,1.0,2
459,RPP,7,2,2,5,1.0,2
459,RPP,7,2,2,6,1.0,2
459,RPP,7,2,2,7,1.0,2
459,RPP,7,2,2,8,1.0,2
459,RPP,7,2,2,9,1.0,2
459,RPP,8,3,3,1,0.6666666666666666,3
459,RPP,8,3,3,2,1.0,3
459,RPP,8,3,3,3,1.0,3
459,RPP,8,3,3,4,1.0,3
459,RPP,8,3,3,5,1.0,3
459,RPP,8,3,3,6,1.0,3
459,RPP,8,3,3,7,1.0,3
459,RPP,8,3,3,8,1.0,3
459,RPP,8,3,3,9,1.0,3
459,RPP,9,4,2,1,0.5,4
459,RPP,9,4,2,2,0.5,4
459,RPP,9,4,2,3,1.0,4
459,RPP,9,4,2,4,0.5,4
459,RPP,9,4,2,5,1.0,4
459,RPP,9,4,2,6,0.5,4
459,RPP,9,4,2,7,0.75,4
459,RPP,9,4,2,8,1.0,4
459,RPP,9,4,2,9,1.0,4
459,RPP,10,5,3,1,0.4,5
459,RPP,10,5,3,2,0.4,5
459,RPP,10,5,3,3,0.6,5
459,RPP,10,5,3,4,0.6,5
459,RPP,10,5,3,5,1.0,5
459,RPP,10,5,3,6,1.0,5
459,RPP,10,5,3,7,1.0,5
459,RPP,10,5,3,8,1.0,5
459,RPP,10,5,3,9,1.0,5
460,RPP,1,2,1,1,0.5,2
460,RPP,1,2,1,2,0.5,2
460,RPP,1,2,1,3,0.5,2
460,RPP,1,2,1,4,1.0,2
460,RPP,1,2,1,5,1.0,2
460,RPP,1,2,1,6,1.0,2
460,RPP,1,2,1,7,1.0,2
460,RPP,1,2,1,8,1.0,2
460,RPP,1,2,1,9,1.0,2
460,RPP,2,3,1,1,0.6666666666666666,3
460,RPP,2,3,1,2,0.0,3
460,RPP,2,3,1,3,0.6666666666666666,3
460,RPP,2,3,1,4,0.6666666666666666,3
460,RPP,2,3,1,5,0.6666666666666666,3
460,RPP,2,3,1,6,0.6666666666666666,3
460,RPP,2,3,1,7,1.0,3
460,RPP,2,3,1,8,0.6666666666666666,3
460,RPP,2,3,1,9,1.0,3
460,RPP,3,4,1,1,0.5,4
460,RPP,3,4,1,2,1.0,4
460,RPP,3,4,1,3,0.5,4
460,RPP,3,4,1,4,1.0,4
460,RPP,3,4,1,5,0.75,4
460,RPP,3,4,1,6,1.0,4
460,RPP,3,4,1,7,1.0,4
460,RPP,3,4,1,8,1.0,4
460,RPP,3,4,1,9,1.0,4
460,RPP,4,5,1,1,0.4,5
460,RPP,4,5,1,2,0.4,5
460,RPP,4,5,1,3,0.6,5
460,RPP,4,5,1,4,0.6,5
460,RPP,4,5,1,5,0.8,5
460,RPP,4,5,1,6,1.0,5
460,RPP,4,5,1,7,1.0,5
460,RPP,4,5,1,8,1.0,5
460,RPP,4,5,1,9,1.0,5
460,RPP,5,3,2,1,1.0,3
460,RPP,5,3,2,2,0.6666666666666666,3
460,RPP,5,3,2,3,1.0,3
460,RPP,5,3,2,4,1.0,3
460,RPP,5,3,2,5,1.0,3
460,RPP,5,3,2,6,1.0,3
460,RPP,5,3,2,7,0.6666666666666666,3
460,RPP,5,3,2,8,1.0,3
460,RPP,5,3,2,9,1.0,3
460,RPP,6,5,2,1,0.4,5
460,RPP,6,5,2,2,0.8,5
460,RPP,6,5,2,3,1.0,5
460,RPP,6,5,2,4,1.0,5
460,RPP,6,5,2,5,1.0,5
460,RPP,6,5,2,6,1.0,5
460,RPP,6,5,2,7,1.0,5
460,RPP,6,5,2,8,1.0,5
460,RPP,6,5,2,9,1.0,5
460,RPP,7,2,2,1,0.5,2
460,RPP,7,2,2,2,1.0,2
460,RPP,7,2,2,3,1.0,2
460,RPP,7,2,2,4,1.0,2
460,RPP,7,2,2,5,1.0,2
460,RPP,7,2,2,6,1.0,2
460,RPP,7,2,2,7,1.0,2
460,RPP,7,2,2,8,1.0,2
460,RPP,7,2,2,9,1.0,2
460,RPP,8,3,3,1,0.3333333333333333,3
460,RPP,8,3,3,2,1.0,3
460,RPP,8,3,3,3,1.0,3
460,RPP,8,3,3,4,1.0,3
460,RPP,8,3,3,5,1.0,3
460,RPP,8,3,3,6,1.0,3
460,RPP,8,3,3,7,1.0,3
460,RPP,8,3,3,8,1.0,3
460,RPP,8,3,3,9,1.0,3
460,RPP,9,4,2,1,1.0,4
460,RPP,9,4,2,2,1.0,4
460,RPP,9,4,2,3,0.75,4
460,RPP,9,4,2,4,1.0,4
460,RPP,9,4,2,5,1.0,4
460,RPP,9,4,2,6,1.0,4
460,RPP,9,4,2,7,1.0,4
460,RPP,9,4,2,8,1.0,4
460,RPP,9,4,2,9,1.0,4
460,RPP,10,5,3,1,0.4,5
460,RPP,10,5,3,2,1.0,5
460,RPP,10,5,3,3,1.0,5
460,RPP,10,5,3,4,1.0,5
460,RPP,10,5,3,5,1.0,5
460,RPP,10,5,3,6,1.0,5
460,RPP,10,5,3,7,1.0,5
460,RPP,10,5,3,8,1.0,5
460,RPP,10,5,3,9,1.0,5
461,RPP,1,2,1,1,1.0,2
461,RPP,1,2,1,2,1.0,2
461,RPP,1,2,1,3,1.0,2
461,RPP,1,2,1,4,1.0,2
461,RPP,1,2,1,5,1.0,2
461,RPP,1,2,1,6,1.0,2
461,RPP,1,2,1,7,1.0,2
461,RPP,1,2,1,8,1.0,2
461,RPP,1,2,1,9,1.0,2
461,RPP,2,3,1,1,0.6666666666666666,3
461,RPP,2,3,1,2,0.3333333333333333,3
461,RPP,2,3,1,3,1.0,3
461,RPP,2,3,1,4,1.0,3
461,RPP,2,3,1,5,1.0,3
461,RPP,2,3,1,6,1.0,3
461,RPP,2,3,1,7,1.0,3
461,RPP,2,3,1,8,1.0,3
461,RPP,2,3,1,9,1.0,3
461,RPP,3,4,1,1,0.25,4
461,RPP,3,4,1,2,0.5,4
461,RPP,3,4,1,3,1.0,4
461,RPP,3,4,1,4,1.0,4
461,RPP,3,4,1,5,1.0,4
461,RPP,3,4,1,6,1.0,4
461,RPP,3,4,1,7,1.0,4
461,RPP,3,4,1,8,1.0,4
461,RPP,3,4,1,9,1.0,4
461,RPP,4,5,1,1,0.2,5
461,RPP,4,5,1,2,0.8,5
461,RPP,4,5,1,3,0.8,5
461,RPP,4,5,1,4,0.6,5
461,RPP,4,5,1,5,0.6,5
461,RPP,4,5,1,6,0.8,5
461,RPP,4,5,1,7,0.8,5
461,RPP,4,5,1,8,1.0,5
461,RPP,4,5,1,9,1.0,5
461,RPP,5,3,2,1,1.0,3
461,RPP,5,3,2,2,1.0,3
461,RPP,5,3,2,3,1.0,3
461,RPP,5,3,2,4,1.0,3
461,RPP,5,3,2,5,1.0,3
461,RPP,5,3,2,6,1.0,3
461,RPP,5,3,2,7,1.0,3
461,RPP,5,3,2,8,1.0,3
461,RPP,5,3,2,9,1.0,3
461,RPP,6,5,2,1,0.4,5
461,RPP,6,5,2,2,0.6,5
461,RPP,6,5,2,3,1.0,5
461,RPP,6,5,2,4,1.0,5
461,RPP,6,5,2,5,1.0,5
461,RPP,6,5,2,6,1.0,5
461,RPP,6,5,2,7,1.0,5
461,RPP,6,5,2,8,1.0,5
461,RPP,6,5,2,9,1.0,5
461,RPP,7,2,2,1,0.0,2
461,RPP,7,2,2,2,0.5,2
461,RPP,7,2,2,3,1.0,2
461,RPP,7,2,2,4,1.0,2
461,RPP,7,2,2,5,1.0,2
461,RPP,7,2,2,6,1.0,2
461,RPP,7,2,2,7,1.0,2
461,RPP,7,2,2,8,1.0,2
461,RPP,7,2,2,9,1.0,2
461,RPP,8,3,3,1,0.3333333333333333,3
461,RPP,8,3,3,2,0.6666666666666666,3
461,RPP,8,3,3,3,1.0,3
461,RPP,8,3,3,4,1.0,3
461,RPP,8,3,3,5,1.0,3
461,RPP,8,3,3,6,1.0,3
461,RPP,8,3,3,7,1.0,3
461,RPP,8,3,3,8,1.0,3
461,RPP,8,3,3,9,1.0,3
461,RPP,9,4,2,1,0.25,4
461,RPP,9,4,2,2,0.75,4
461,RPP,9,4,2,3,0.75,4
461,RPP,9,4,2,4,1.0,4
461,RPP,9,4,2,5,1.0,4
461,RPP,9,4,2,6,1.0,4
461,RPP,9,4,2,7,1.0,4
461,RPP,9,4,2,8,1.0,4
461,RPP,9,4,2,9,1.0,4
461,RPP,10,5,3,1,0.2,5
461,RPP,10,5,3,2,0.6,5
461,RPP,10,5,3,3,0.6,5
461,RPP,10,5,3,4,0.6,5
461,RPP,10,5,3,5,0.8,5
461,RPP,10,5,3,6,0.8,5
461,RPP,10,5,3,7,0.8,5
461,RPP,10,5,3,8,1.0,5
461,RPP,10,5,3,9,0.8,5
463,RPP,1,2,1,1,0.5,2
463,RPP,1,2,1,2,1.0,2
463,RPP,1,2,1,3,1.0,2
463,RPP,1,2,1,4,1.0,2
463,RPP,1,2,1,5,1.0,2
463,RPP,1,2,1,6,1.0,2
463,RPP,1,2,1,7,1.0,2
463,RPP,1,2,1,8,1.0,2
463,RPP,1,2,1,9,1.0,2
463,RPP,2,3,1,1,0.3333333333333333,3
463,RPP,2,3,1,2,0.3333333333333333,3
463,RPP,2,3,1,3,0.6666666666666666,3
463,RPP,2,3,1,4,0.6666666666666666,3
463,RPP,2,3,1,5,1.0,3
463,RPP,2,3,1,6,1.0,3
463,RPP,2,3,1,7,1.0,3
463,RPP,2,3,1,8,0.6666666666666666,3
463,RPP,2,3,1,9,1.0,3
463,RPP,3,5,1,1,0.4,5
463,RPP,3,5,1,2,0.2,5
463,RPP,3,5,1,3,0.4,5
463,RPP,3,5,1,4,0.6,5
463,RPP,3,5,1,5,0.8,5
463,RPP,3,5,1,6,0.6,5
463,RPP,3,5,1,7,0.6,5
463,RPP,3,5,1,8,0.6,5
463,RPP,3,5,1,9,0.6,5
463,RPP,4,4,1,1,0.25,4
463,RPP,4,4,1,2,0.5,4
463,RPP,4,4,1,3,0.5,4
463,RPP,4,4,1,4,1.0,4
463,RPP,4,4,1,5,1.0,4
463,RPP,4,4,1,6,1.0,4
463,RPP,4,4,1,7,1.0,4
463,RPP,4,4,1,8,0.75,4
463,RPP,4,4,1,9,1.0,4
463,RPP,5,3,2,1,0.3333333333333333,3
463,RPP,5,3,2,2,0.6666666666666666,3
463,RPP,5,3,2,3,1.0,3
463,RPP,5,3,2,4,1.0,3
463,RPP,5,3,2,5,1.0,3
463,RPP,5,3,2,6,1.0,3
463,RPP,5,3,2,7,0.3333333333333333,3
463,RPP,5,3,2,8,0.6666666666666666,3
463,RPP,5,3,2,9,1.0,3
463,RPP,6,5,2,1,0.2,5
463,RPP,6,5,2,2,0.4,5
463,RPP,6,5,2,3,0.8,5
463,RPP,6,5,2,4,0.6,5
463,RPP,6,5,2,5,0.6,5
463,RPP,6,5,2,6,0.8,5
463,RPP,6,5,2,7,1.0,5
463,RPP,6,5,2,8,0.6,5
463,RPP,6,5,2,9,0.8,5
463,RPP,7,2,2,1,0.5,2
463,RPP,7,2,2,2,1.0,2
463,RPP,7,2,2,3,1.0,2
463,RPP,7,2,2,4,1.0,2
463,RPP,7,2,2,5,1.0,2
463,RPP,7,2,2,6,1.0,2
463,RPP,7,2,2,7,1.0,2
463,RPP,7,2,2,8,1.0,2
463,RPP,7,2,2,9,1.0,2
463,RPP,8,3,3,1,0.3333333333333333,3
463,RPP,8,3,3,2,0.6666666666666666,3
463,RPP,8,3,3,3,1.0,3
463,RPP,8,3,3,4,1.0,3
463,RPP,8,3,3,5,1.0,3
463,RPP,8,3,3,6,1.0,3
463,RPP,8,3,3,7,1.0,3
463,RPP,8,3,3,8,0.6666666666666666,3
463,RPP,8,3,3,9,1.0,3
463,RPP,9,5,3,1,0.2,5
463,RPP,9,5,3,2,0.6,5
463,RPP,9,5,3,3,1.0,5
463,RPP,9,5,3,4,1.0,5
463,RPP,9,5,3,5,1.0,5
463,RPP,9,5,3,6,0.8,5
463,RPP,9,5,3,7,1.0,5
463,RPP,9,5,3,8,1.0,5
463,RPP,9,5,3,9,1.0,5
463,RPP,10,4,2,1,0.25,4
463,RPP,10,4,2,2,0.25,4
463,RPP,10,4,2,3,0.75,4
463,RPP,10,4,2,4,0.75,4
463,RPP,10,4,2,5,0.75,4
463,RPP,10,4,2,6,0.75,4
463,RPP,10,4,2,7,1.0,4
463,RPP,10,4,2,8,1.0,4
463,RPP,10,4,2,9,1.0,4
464,RPP,1,2,1,1,0.0,2
464,RPP,1,2,1,2,0.0,2
464,RPP,1,2,1,3,0.5,2
464,RPP,1,2,1,4,1.0,2
464,RPP,1,2,1,5,1.0,2
464,RPP,1,2,1,6,0.5,2
464,RPP,1,2,1,7,1.0,2
464,RPP,1,2,1,8,1.0,2
464,RPP,1,2,1,9,1.0,2
464,RPP,2,3,1,1,0.0,3
464,RPP,2,3,1,2,0.0,3
464,RPP,2,3,1,3,0.3333333333333333,3
464,RPP,2,3,1,4,1.0,3
464,RPP,2,3,1,5,0.6666666666666666,3
464,RPP,2,3,1,6,0.6666666666666666,3
464,RPP,2,3,1,7,1.0,3
464,RPP,2,3,1,8,1.0,3
464,RPP,2,3,1,9,0.3333333333333333,3
464,RPP,3,5,1,1,0.4,5
464,RPP,3,5,1,2,0.8,5
464,RPP,3,5,1,3,0.8,5
464,RPP,3,5,1,4,0.8,5
464,RPP,3,5,1,5,1.0,5
464,RPP,3,5,1,6,1.0,5
464,RPP,3,5,1,7,1.0,5
464,RPP,3,5,1,8,1.0,5
464,RPP,3,5,1,9,1.0,5
464,RPP,4,4,1,1,0.5,4
464,RPP,4,4,1,2,0.75,4
464,RPP,4,4,1,3,0.75,4
464,RPP,4,4,1,4,1.0,4
464,RPP,4,4,1,5,1.0,4
464,RPP,4,4,1,6,1.0,4
464,RPP,4,4,1,7,1.0,4
464,RPP,4,4,1,8,1.0,4
464,RPP,4,4,1,9,1.0,4
464,RPP,5,3,2,1,1.0,3
464,RPP,5,3,2,2,1.0,3
464,RPP,5,3,2,3,0.6666666666666666,3
464,RPP,5,3,2,4,1.0,3
464,RPP,5,3,2,5,1.0,3
464,RPP,5,3,2,6,1.0,3
464,RPP,5,3,2,7,1.0,3
464,RPP,5,3,2,8,1.0,3
464,RPP,5,3,2,9,1.0,3
464,RPP,6,5,2,1,0.2,5
464,RPP,6,5,2,2,0.6,5
464,RPP,6,5,2,3,0.6,5
464,RPP,6,5,2,4,1.0,5
464,RPP,6,5,2,5,1.0,5
464,RPP,6,5,2,6,0.8,5
464,RPP,6,5,2,7,1.0,5
464,RPP,6,5,2,8,1.0,5
464,RPP,6,5,2,9,0.8,5
464,RPP,7,2,2,1,0.0,2
464,RPP,7,2,2,2,1.0,2
464,RPP,7,2,2,3,1.0,2
464,RPP,7,2,2,4,1.0,2
464,RPP,7,2,2,5,1.0,2
464,RPP,7,2,2,6,1.0,2
464,RPP,7,2,2,7,0.5,2
464,RPP,7,2,2,8,1.0,2
464,RPP,7,2,2,9,0.5,2
464,RPP,8,3,3,1,0.3333333333333333,3
464,RPP,8,3,3,2,1.0,3
464,RPP,8,3,3,3,1.0,3
464,RPP,8,3,3,4,1.0,3
464,RPP,8,3,3,5,1.0,3
464,RPP,8,3,3,6,1.0,3
464,RPP,8,3,3,7,1.0,3
464,RPP,8,3,3,8,1.0,3
464,RPP,8,3,3,9,1.0,3
464,RPP,9,5,3,1,0.4,5
464,RPP,9,5,3,2,0.6,5
464,RPP,9,5,3,3,1.0,5
464,RPP,9,5,3,4,1.0,5
464,RPP,9,5,3,5,1.0,5
464,RPP,9,5,3,6,0.8,5
464,RPP,9,5,3,7,1.0,5
464,RPP,9,5,3,8,1.0,5
464,RPP,9,5,3,9,1.0,5
464,RPP,10,4,2,1,0.25,4
464,RPP,10,4,2,2,0.5,4
464,RPP,10,4,2,3,1.0,4
464,RPP,10,4,2,4,1.0,4
464,RPP,10,4,2,5,1.0,4
464,RPP,10,4,2,6,1.0,4
464,RPP,10,4,2,7,1.0,4
464,RPP,10,4,2,8,1.0,4
464,RPP,10,4,2,9,1.0,4
465,RPP,1,2,1,1,0.0,2
465,RPP,1,2,1,2,0.5,2
465,RPP,1,2,1,3,0.5,2
465,RPP,1,2,1,4,1.0,2
465,RPP,1,2,1,5,1.0,2
465,RPP,1,2,1,6,1.0,2
465,RPP,1,2,1,7,1.0,2
465,RPP,1,2,1,8,1.0,2
465,RPP,1,2,1,9,1.0,2
465,RPP,2,3,1,1,0.3333333333333333,3
465,RPP,2,3,1,2,0.6666666666666666,3
465,RPP,2,3,1,3,0.3333333333333333,3
465,RPP,2,3,1,4,1.0,3
465,RPP,2,3,1,5,1.0,3
465,RPP,2,3,1,6,1.0,3
465,RPP,2,3,1,7,1.0,3
465,RPP,2,3,1,8,1.0,3
465,RPP,2,3,1,9,1.0,3
465,RPP,3,4,1,1,0.0,4
465,RPP,3,4,1,2,1.0,4
465,RPP,3,4,1,3,0.75,4
465,RPP,3,4,1,4,1.0,4
465,RPP,3,4,1,5,0.75,4
465,RPP,3,4,1,6,0.75,4
465,RPP,3,4,1,7,1.0,4
465,RPP,3,4,1,8,1.0,4
465,RPP,3,4,1,9,1.0,4
465,RPP,4,5,1,1,0.6,5
465,RPP,4,5,1,2,0.6,5
465,RPP,4,5,1,3,0.6,5
465,RPP,4,5,1,4,0.8,5
465,RPP,4,5,1,5,1.0,5
465,RPP,4,5,1,6,1.0,5
465,RPP,4,5,1,7,1.0,5
465,RPP,4,5,1,8,1.0,5
465,RPP,4,5,1,9,0.8,5
465,RPP,5,3,2,1,0.3333333333333333,3
465,RPP,5,3,2,2,1.0,3
465,RPP,5,3,2,3,1.0,3
465,RPP,5,3,2,4,1.0,3
465,RPP,5,3,2,5,1.0,3
465,RPP,5,3,2,6,1.0,3
465,RPP,5,3,2,7,1.0,3
465,RPP,5,3,2,8,1.0,3
465,RPP,5,3,2,9,1.0,3
465,RPP,6,5,2,1,0.2,5
465,RPP,6,5,2,2,0.4,5
465,RPP,6,5,2,3,0.8,5
465,RPP,6,5,2,4,0.8,5
465,RPP,6,5,2,5,1.0,5
465,RPP,6,5,2,6,1.0,5
465,RPP,6,5,2,7,1.0,5
465,RPP,6,5,2,8,1.0,5
465,RPP,6,5,2,9,1.0,5
465,RPP,7,2,2,1,0.0,2
465,RPP,7,2,2,2,0.0,2
465,RPP,7,2,2,3,1.0,2
465,RPP,7,2,2,4,1.0,2
465,RPP,7,2,2,5,1.0,2
465,RPP,7,2,2,6,1.0,2
465,RPP,7,2,2,7,1.0,2
465,RPP,7,2,2,8,1.0,2
465,RPP,7,2,2,9,0.5,2
465,RPP,8,3,3,1,1.0,3
465,RPP,8,3,3,2,1.0,3
465,RPP,8,3,3,3,1.0,3
465,RPP,8,3,3,4,1.0,3
465,RPP,8,3,3,5,1.0,3
465,RPP,8,3,3,6,1.0,3
465,RPP,8,3,3,7,1.0,3
465,RPP,8,3,3,8,1.0,3
465,RPP,8,3,3,9,1.0,3
465,RPP,9,4,2,1,0.25,4
465,RPP,9,4,2,2,0.25,4
465,RPP,9,4,2,3,0.25,4
465,RPP,9,4,2,4,0.75,4
465,RPP,9,4,2,5,1.0,4
465,RPP,9,4,2,6,0.75,4
465,RPP,9,4,2,7,1.0,4
465,RPP,9,4,2,8,1.0,4
465,RPP,9,4,2,9,1.0,4
465,RPP,10,5,3,1,0.2,5
465,RPP,10,5,3,2,0.2,5
465,RPP,10,5,3,3,0.4,5
465,RPP,10,5,3,4,0.8,5
465,RPP,10,5,3,5,0.8,5
465,RPP,10,5,3,6,1.0,5
465,RPP,10,5,3,7,1.0,5
465,RPP,10,5,3,8,1.0,5
465,RPP,10,5,3,9,1.0,5
466,RPP,1,2,1,1,1.0,2
466,RPP,1,2,1,2,1.0,2
466,RPP,1,2,1,3,0.5,2
466,RPP,1,2,1,4,1.0,2
466,RPP,1,2,1,5,1.0,2
466,RPP,1,2,1,6,1.0,2
466,RPP,1,2,1,7,1.0,2
466,RPP,1,2,1,8,1.0,2
466,RPP,1,2,1,9,1.0,2
466,RPP,2,3,1,1,0.0,3
466,RPP,2,3,1,2,0.6666666666666666,3
466,RPP,2,3,1,3,1.0,3
466,RPP,2,3,1,4,1.0,3
466,RPP,2,3,1,5,1.0,3
466,RPP,2,3,1,6,0.6666666666666666,3
466,RPP,2,3,1,7,1.0,3
466,RPP,2,3,1,8,1.0,3
466,RPP,2,3,1,9,1.0,3
466,RPP,3,4,1,1,0.25,4
466,RPP,3,4,1,2,1.0,4
466,RPP,3,4,1,3,0.75,4
466,RPP,3,4,1,4,1.0,4
466,RPP,3,4,1,5,1.0,4
466,RPP,3,4,1,6,1.0,4
466,RPP,3,4,1,7,1.0,4
466,RPP,3,4,1,8,1.0,4
466,RPP,3,4,1,9,1.0,4
466,RPP,4,5,1,1,0.4,5
466,RPP,4,5,1,2,0.6,5
466,RPP,4,5,1,3,0.8,5
466,RPP,4,5,1,4,1.0,5
466,RPP,4,5,1,5,1.0,5
466,RPP,4,5,1,6,0.8,5
466,RPP,4,5,1,7,0.8,5
466,RPP,4,5,1,8,0.8,5
466,RPP,4,5,1,9,1.0,5
466,RPP,5,3,2,1,0.3333333333333333,3
466,RPP,5,3,2,2,0.6666666666666666,3
466,RPP,5,3,2,3,1.0,3
466,RPP,5,3,2,4,1.0,3
466,RPP,5,3,2,5,1.0,3
466,RPP,5,3,2,6,1.0,3
466,RPP,5,3,2,7,1.0,3
466,RPP,5,3,2,8,1.0,3
466,RPP,5,3,2,9,1.0,3
466,RPP,6,5,2,1,0.2,5
466,RPP,6,5,2,2,0.6,5
466,RPP,6,5,2,3,1.0,5
466,RPP,6,5,2,4,1.0,5
466,RPP,6,5,2,5,1.0,5
466,RPP,6,5,2,6,1.0,5
466,RPP,6,5,2,7,1.0,5
466,RPP,6,5,2,8,1.0,5
466,RPP,6,5,2,9,0.8,5
466,RPP,7,2,2,1,0.5,2
466,RPP,7,2,2,2,0.5,2
466,RPP,7,2,2,3,1.0,2
466,RPP,7,2,2,4,1.0,2
466,RPP,7,2,2,5,1.0,2
466,RPP,7,2,2,6,1.0,2
466,RPP,7,2,2,7,1.0,2
466,RPP,7,2,2,8,1.0,2
466,RPP,7,2,2,9,1.0,2
466,RPP,8,3,3,1,0.3333333333333333,3
466,RPP,8,3,3,2,0.6666666666666666,3
466,RPP,8,3,3,3,1.0,3
466,RPP,8,3,3,4,1.0,3
466,RPP,8,3,3,5,1.0,3
466,RPP,8,3,3,6,1.0,3
466,RPP,8,3,3,7,1.0,3
466,RPP,8,3,3,8,1.0,3
466,RPP,8,3,3,9,1.0,3
466,RPP,9,4,2,1,0.25,4
466,RPP,9,4,2,2,0.5,4
466,RPP,9,4,2,3,0.75,4
466,RPP,9,4,2,4,1.0,4
466,RPP,9,4,2,5,0.75,4
466,RPP,9,4,2,6,1.0,4
466,RPP,9,4,2,7,1.0,4
466,RPP,9,4,2,8,1.0,4
466,RPP,9,4,2,9,1.0,4
466,RPP,10,5,3,1,0.4,5
466,RPP,10,5,3,2,0.6,5
466,RPP,10,5,3,3,1.0,5
466,RPP,10,5,3,4,1.0,5
466,RPP,10,5,3,5,1.0,5
466,RPP,10,5,3,6,1.0,5
466,RPP,10,5,3,7,1.0,5
466,RPP,10,5,3,8,0.8,5
466,RPP,10,5,3,9,1.0,5
467,RPP,1,2,1,1,0.0,2
467,RPP,1,2,1,2,1.0,2
467,RPP,1,2,1,3,1.0,2
467,RPP,1,2,1,4,0.5,2
467,RPP,1,2,1,5,1.0,2
467,RPP,1,2,1,6,1.0,2
467,RPP,1,2,1,7,1.0,2
467,RPP,1,2,1,8,1.0,2
467,RPP,1,2,1,9,0.5,2
467,RPP,2,3,1,1,0.3333333333333333,3
467,RPP,2,3,1,2,0.6666666666666666,3
467,RPP,2,3,1,3,1.0,3
467,RPP,2,3,1,4,1.0,3
467,RPP,2,3,1,5,1.0,3
467,RPP,2,3,1,6,0.6666666666666666,3
467,RPP,2,3,1,7,1.0,3
467,RPP,2,3,1,8,1.0,3
467,RPP,2,3,1,9,1.0,3
467,RPP,3,4,1,1,0.25,4
467,RPP,3,4,1,2,0.5,4
467,RPP,3,4,1,3,0.75,4
467,RPP,3,4,1,4,0.5,4
467,RPP,3,4,1,5,1.0,4
467,RPP,3,4,1,6,0.25,4
467,RPP,3,4,1,7,0.75,4
467,RPP,3,4,1,8,1.0,4
467,RPP,3,4,1,9,0.75,4
467,RPP,4,5,1,1,0.4,5
467,RPP,4,5,1,2,1.0,5
467,RPP,4,5,1,3,1.0,5
467,RPP,4,5,1,4,1.0,5
467,RPP,4,5,1,5,1.0,5
467,RPP,4,5,1,6,1.0,5
467,RPP,4,5,1,7,1.0,5
467,RPP,4,5,1,8,1.0,5
467,RPP,4,5,1,9,0.8,5
467,RPP,5,3,2,1,0.3333333333333333,3
467,RPP,5,3,2,2,1.0,3
467,RPP,5,3,2,3,1.0,3
467,RPP,5,3,2,4,0.6666666666666666,3
467,RPP,5,3,2,5,1.0,3
467,RPP,5,3,2,6,0.6666666666666666,3
467,RPP,5,3,2,7,1.0,3
467,RPP,5,3,2,8,1.0,3
467,RPP,5,3,2,9,1.0,3
467,RPP,6,5,2,1,0.2,5
467,RPP,6,5,2,2,0.2,5
467,RPP,6,5,2,3,0.4,5
467,RPP,6,5,2,4,0.8,5
467,RPP,6,5,2,5,0.8,5
467,RPP,6,5,2,6,1.0,5
467,RPP,6,5,2,7,1.0,5
467,RPP,6,5,2,8,1.0,5
467,RPP,6,5,2,9,1.0,5
467,RPP,7,2,2,1,0.0,2
467,RPP,7,2,2,2,0.0,2
467,RPP,7,2,2,3,1.0,2
467,RPP,7,2,2,4,1.0,2
467,RPP,7,2,2,5,1.0,2
467,RPP,7,2,2,6,1.0,2
467,RPP,7,2,2,7,1.0,2
467,RPP,7,2,2,8,1.0,2
467,RPP,7,2,2,9,1.0,2
467,RPP,8,3,3,1,0.0,3
467,RPP,8,3,3,2,1.0,3
467,RPP,8,3,3,3,1.0,3
467,RPP,8,3,3,4,1.0,3
467,RPP,8,3,3,5,1.0,3
467,RPP,8,3,3,6,0.6666666666666666,3
467,RPP,8,3,3,7,1.0,3
467,RPP,8,3,3,8,1.0,3
467,RPP,8,3,3,9,1.0,3
467,RPP,9,4,2,1,0.25,4
467,RPP,9,4,2,2,0.75,4
467,RPP,9,4,2,3,1.0,4
467,RPP,9,4,2,4,1.0,4
467,RPP,9,4,2,5,0.75,4
467,RPP,9,4,2,6,1.0,4
467,RPP,9,4,2,7,1.0,4
467,RPP,9,4,2,8,1.0,4
467,RPP,9,4,2,9,1.0,4
467,RPP,10,5,3,1,0.6,5
467,RPP,10,5,3,2,0.6,5
467,RPP,10,5,3,3,1.0,5
467,RPP,10,5,3,4,1.0,5
467,RPP,10,5,3,5,1.0,5
467,RPP,10,5,3,6,1.0,5
467,RPP,10,5,3,7,1.0,5
467,RPP,10,5,3,8,1.0,5
467,RPP,10,5,3,9,1.0,5
468,RPP,1,2,1,1,0.0,2
468,RPP,1,2,1,2,0.0,2
468,RPP,1,2,1,3,1.0,2
468,RPP,1,2,1,4,1.0,2
468,RPP,1,2,1,5,1.0,2
468,RPP,1,2,1,6,1.0,2
468,RPP,1,2,1,7,1.0,2
468,RPP,1,2,1,8,1.0,2
468,RPP,1,2,1,9,1.0,2
468,RPP,2,4,1,1,0.25,4
468,RPP,2,4,1,2,1.0,4
468,RPP,2,4,1,3,0.75,4
468,RPP,2,4,1,4,1.0,4
468,RPP,2,4,1,5,1.0,4
468,RPP,2,4,1,6,1.0,4
468,RPP,2,4,1,7,1.0,4
468,RPP,2,4,1,8,1.0,4
468,RPP,2,4,1,9,1.0,4
468,RPP,3,3,1,1,0.6666666666666666,3
468,RPP,3,3,1,2,0.6666666666666666,3
468,RPP,3,3,1,3,1.0,3
468,RPP,3,3,1,4,1.0,3
468,RPP,3,3,1,5,1.0,3
468,RPP,3,3,1,6,1.0,3
468,RPP,3,3,1,7,1.0,3
468,RPP,3,3,1,8,1.0,3
468,RPP,3,3,1,9,1.0,3
468,RPP,4,5,1,1,0.4,5
468,RPP,4,5,1,2,0.4,5
468,RPP,4,5,1,3,0.8,5
468,RPP,4,5,1,4,0.4,5
468,RPP,4,5,1,5,0.6,5
468,RPP,4,5,1,6,0.4,5
468,RPP,4,5,1,7,1.0,5
468,RPP,4,5,1,8,1.0,5
468,RPP,4,5,1,9,1.0,4
468,RPP,5,3,2,1,0.3333333333333333,3
468,RPP,5,3,2,2,1.0,3
468,RPP,5,3,2,3,1.0,3
468,RPP,5,3,2,4,1.0,3
468,RPP,5,3,2,5,1.0,3
468,RPP,5,3,2,6,1.0,3
468,RPP,5,3,2,7,1.0,3
468,RPP,5,3,2,8,1.0,3
468,RPP,5,3,2,9,1.0,3
468,RPP,6,5,2,1,0.4,5
468,RPP,6,5,2,2,0.4,5
468,RPP,6,5,2,3,1.0,5
468,RPP,6,5,2,4,0.8,5
468,RPP,6,5,2,5,1.0,5
468,RPP,6,5,2,6,1.0,5
468,RPP,6,5,2,7,1.0,5
468,RPP,6,5,2,8,1.0,5
468,RPP,6,5,2,9,1.0,5
468,RPP,7,2,2,1,0.5,2
468,RPP,7,2,2,2,0.5,2
468,RPP,7,2,2,3,1.0,2
468,RPP,7,2,2,4,0.5,2
468,RPP,7,2,2,5,1.0,2
468,RPP,7,2,2,6,1.0,2
468,RPP,7,2,2,7,1.0,2
468,RPP,7,2,2,8,1.0,2
468,RPP,7,2,2,9,1.0,2
468,RPP,8,4,2,1,0.5,4
468,RPP,8,4,2,2,0.75,4
468,RPP,8,4,2,3,1.0,4
468,RPP,8,4,2,4,1.0,4
468,RPP,8,4,2,5,1.0,4
468,RPP,8,4,2,6,0.75,4
468,RPP,8,4,2,7,1.0,4
468,RPP,8,4,2,8,1.0,4
468,RPP,8,4,2,9,1.0,4
468,RPP,9,3,3,1,0.3333333333333333,3
468,RPP,9,3,3,2,1.0,3
468,RPP,9,3,3,3,0.6666666666666666,3
468,RPP,9,3,3,4,1.0,3
468,RPP,9,3,3,5,1.0,3
468,RPP,9,3,3,6,1.0,3
468,RPP,9,3,3,7,0.6666666666666666,3
468,RPP,9,3,3,8,1.0,3
468,RPP,9,3,3,9,1.0,3
468,RPP,10,5,3,1,0.4,5
468,RPP,10,5,3,2,0.8,5
468,RPP,10,5,3,3,1.0,5
468,RPP,10,5,3,4,0.8,5
468,RPP,10,5,3,5,1.0,5
468,RPP,10,5,3,6,0.8,5
468,RPP,10,5,3,7,1.0,5
468,RPP,10,5,3,8,1.0,5
468,RPP,10,5,3,9,1.0,5
469,RPP,1,2,1,1,1.0,2
469,RPP,1,2,1,2,1.0,2
469,RPP,1,2,1,3,1.0,2
469,RPP,1,2,1,4,0.5,2
469,RPP,1,2,1,5,1.0,2
469,RPP,1,2,1,6,1.0,2
469,RPP,1,2,1,7,1.0,2
469,RPP,1,2,1,8,1.0,2
469,RPP,1,2,1,9,1.0,2
469,RPP,2,3,1,1,0.6666666666666666,3
469,RPP,2,3,1,2,0.6666666666666666,3
469,RPP,2,3,1,3,0.6666666666666666,3
469,RPP,2,3,1,4,1.0,3
469,RPP,2,3,1,5,1.0,3
469,RPP,2,3,1,6,1.0,3
469,RPP,2,3,1,7,1.0,3
469,RPP,2,3,1,8,1.0,3
469,RPP,2,3,1,9,1.0,3
469,RPP,3,4,1,1,0.5,4
469,RPP,3,4,1,2,0.5,4
469,RPP,3,4,1,3,0.5,4
469,RPP,3,4,1,4,0.75,4
469,RPP,3,4,1,5,0.5,4
469,RPP,3,4,1,6,1.0,4
469,RPP,3,4,1,7,1.0,4
469,RPP,3,4,1,8,0.75,4
469,RPP,3,4,1,9,1.0,4
469,RPP,4,5,1,1,0.4,5
469,RPP,4,5,1,2,0.4,5
469,RPP,4,5,1,3,0.4,5
469,RPP,4,5,1,4,0.4,5
469,RPP,4,5,1,5,0.8,5
469,RPP,4,5,1,6,1.0,5
469,RPP,4,5,1,7,0.8,5
469,RPP,4,5,1,8,0.8,5
469,RPP,4,5,1,9,0.8,5
469,RPP,5,3,2,1,0.0,3
469,RPP,5,3,2,2,0.3333333333333333,3
469,RPP,5,3,2,3,0.3333333333333333,3
469,RPP,5,3,2,4,0.6666666666666666,3
469,RPP,5,3,2,5,0.6666666666666666,3
469,RPP,5,3,2,6,0.6666666666666666,3
469,RPP,5,3,2,7,1.0,3
469,RPP,5,3,2,8,1.0,3
469,RPP,5,3,2,9,1.0,3
469,RPP,6,5,2,1,0.8,5
469,RPP,6,5,2,2,0.8,5
469,RPP,6,5,2,3,0.6,5
469,RPP,6,5,2,4,0.8,5
469,RPP,6,5,2,5,1.0,5
469,RPP,6,5,2,6,1.0,5
469,RPP,6,5,2,7,1.0,5
469,RPP,6,5,2,8,1.0,5
469,RPP,6,5,2,9,1.0,5
469,RPP,7,2,2,1,0.5,2
469,RPP,7,2,2,2,0.5,2
469,RPP,7,2,2,3,1.0,2
469,RPP,7,2,2,4,1.0,2
469,RPP,7,2,2,5,1.0,2
469,RPP,7,2,2,6,1.0,2
469,RPP,7,2,2,7,1.0,2
469,RPP,7,2,2,8,0.5,2
469,RPP,7,2,2,9,0.5,2
469,RPP,8,3,3,1,0.3333333333333333,3
469,RPP,8,3,3,2,0.3333333333333333,3
469,RPP,8,3,3,3,1.0,3
469,RPP,8,3,3,4,0.6666666666666666,3
469,RPP,8,3,3,5,0.6666666666666666,3
469,RPP,8,3,3,6,1.0,3
469,RPP,8,3,3,7,0.3333333333333333,3
469,RPP,8,3,3,8,1.0,3
469,RPP,8,3,3,9,1.0,3
469,RPP,9,4,2,1,0.25,4
469,RPP,9,4,2,2,0.75,4
469,RPP,9,4,2,3,1.0,4
469,RPP,9,4,2,4,1.0,4
469,RPP,9,4,2,5,1.0,4
469,RPP,9,4,2,6,1.0,4
469,RPP,9,4,2,7,1.0,4
469,RPP,9,4,2,8,1.0,4
469,RPP,9,4,2,9,0.75,4
469,RPP,10,5,3,1,0.2,5
469,RPP,10,5,3,2,0.8,5
469,RPP,10,5,3,3,0.8,5
469,RPP,10,5,3,4,1.0,5
469,RPP,10,5,3,5,1.0,5
469,RPP,10,5,3,6,1.0,5
469,RPP,10,5,3,7,0.8,5
469,RPP,10,5,3,8,0.8,5
469,RPP,10,5,3,9,0.8,5
