subject,block,experiment,original_subject,set_size,group,block_order,set_size_exposure,accuracy_iter1_9,n_trials_iter1_9,iteration2_accuracy,n_iteration2,positive_retention,n_positive,negative_avoidance,n_negative,correct_after_error,n_correct_after_error,mean_chosen_error,mean_unchosen_error,error_avoidance_D,n_error_trials
1,1,Expe1,1,2,All,1,1,0.6111111111111112,18,0.0,2,,0.0,0.5,2.0,0.0,2.0,0.8,1.0,0.2,5.0
1,2,Expe1,1,3,All,2,1,0.9259259259259259,27,0.6666666666666666,3,1.0,2.0,1.0,1.0,0.0,1.0,0.0,1.0,1.0,1.0
1,3,Expe1,1,2,All,3,2,0.75,16,0.0,2,,0.0,1.0,2.0,0.0,2.0,0.0,1.0,1.0,2.0
1,4,Expe1,1,5,All,4,1,0.8444444444444444,45,0.6,5,1.0,2.0,0.6666666666666666,3.0,0.3333333333333333,3.0,0.75,1.0,0.25,4.0
1,5,Expe1,1,6,All,5,1,0.42592592592592593,54,0.3333333333333333,6,,0.0,1.0,6.0,0.3333333333333333,6.0,1.8275862068965518,1.9655172413793103,0.13793103448275862,29.0
1,6,Expe1,1,4,All,6,1,0.6666666666666666,36,0.5,4,0.5,2.0,1.0,2.0,0.5,2.0,0.8,1.1,0.3,10.0
1,7,Expe1,1,2,All,7,3,0.9444444444444444,18,1.0,2,1.0,1.0,1.0,1.0,1.0,1.0,,,,
1,8,Expe1,1,3,All,8,2,0.7777777777777778,27,0.3333333333333333,3,,0.0,0.6666666666666666,3.0,0.3333333333333333,3.0,0.6666666666666666,0.6666666666666666,0.0,3.0
1,9,Expe1,1,6,All,9,2,0.37037037037037035,54,0.6666666666666666,6,0.75,4.0,1.0,2.0,0.5,2.0,2.0476190476190474,1.8333333333333333,-0.21428571428571427,42.0
1,10,Expe1,1,5,All,10,2,0.8444444444444444,45,0.6,5,1.0,2.0,0.3333333333333333,3.0,0.3333333333333333,3.0,0.5,1.0,0.5,6.0
1,11,Expe1,1,4,All,11,2,0.9444444444444444,36,0.75,4,1.0,3.0,1.0,1.0,0.0,1.0,0.0,1.0,1.0,1.0
1,12,Expe1,1,2,All,12,4,0.7777777777777778,18,0.5,2,,0.0,1.0,2.0,0.5,2.0,0.5,1.0,0.5,2.0
1,13,Expe1,1,3,All,13,3,0.9259259259259259,27,1.0,3,1.0,1.0,1.0,2.0,1.0,2.0,,,,
1,14,Expe1,1,2,All,14,5,0.8333333333333334,18,0.5,2,1.0,1.0,1.0,1.0,0.0,1.0,0.0,0.5,0.5,2.0
1,15,Expe1,1,5,All,15,3,0.6444444444444445,45,0.6,5,0.5,2.0,1.0,3.0,0.6666666666666666,3.0,1.6428571428571428,0.35714285714285715,-1.2857142857142858,14.0
1,16,Expe1,1,6,All,16,3,0.8888888888888888,54,0.8333333333333334,6,1.0,3.0,0.6666666666666666,3.0,0.6666666666666666,3.0,1.0,0.0,-1.0,3.0
1,17,Expe1,1,4,All,17,3,0.8055555555555556,36,0.75,4,,0.0,1.0,4.0,0.75,4.0,0.3333333333333333,0.6666666666666666,0.3333333333333333,3.0
1,18,Expe1,1,2,All,18,6,1.0,18,1.0,2,1.0,2.0,,0.0,,0.0,,,,
2,1,Expe1,2,3,All,1,1,0.8888888888888888,27,0.6666666666666666,3,1.0,1.0,0.5,2.0,0.5,2.0,1.0,0.0,-1.0,1.0
2,2,Expe1,2,5,All,2,1,0.8181818181818182,44,0.6,5,,0.0,1.0,5.0,0.6,5.0,0.3333333333333333,1.0,0.6666666666666666,3.0
2,3,Expe1,2,2,All,3,1,0.9444444444444444,18,1.0,2,1.0,1.0,1.0,1.0,1.0,1.0,,,,
2,4,Expe1,2,4,All,4,1,0.9722222222222222,36,1.0,4,1.0,3.0,1.0,1.0,1.0,1.0,,,,
2,5,Expe1,2,2,All,5,2,0.7777777777777778,18,0.0,2,,0.0,1.0,2.0,0.0,2.0,0.0,1.0,1.0,2.0
2,6,Expe1,2,3,All,6,2,0.9259259259259259,27,1.0,3,1.0,1.0,1.0,2.0,1.0,2.0,,,,
2,7,Expe1,2,6,All,7,1,0.8333333333333334,54,0.5,6,1.0,2.0,1.0,4.0,0.25,4.0,0.2,0.8,0.6,5.0
2,8,Expe1,2,2,All,8,3,1.0,18,1.0,2,1.0,2.0,,0.0,,0.0,,,,
2,9,Expe1,2,4,All,9,2,0.8888888888888888,36,0.75,4,1.0,2.0,1.0,2.0,0.5,2.0,0.0,1.0,1.0,2.0
2,10,Expe1,2,5,All,10,2,0.8181818181818182,44,0.8,5,1.0,1.0,1.0,4.0,0.75,4.0,0.5,0.5,0.0,4.0
2,11,Expe1,2,6,All,11,2,0.8518518518518519,54,0.6666666666666666,6,1.0,2.0,0.75,4.0,0.5,4.0,0.75,1.0,0.25,4.0
2,12,Expe1,2,3,All,12,3,0.8888888888888888,27,0.6666666666666666,3,1.0,2.0,1.0,1.0,0.0,1.0,0.0,0.5,0.5,2.0
2,13,Expe1,2,5,All,13,3,0.8888888888888888,45,0.6,5,1.0,2.0,1.0,3.0,0.3333333333333333,3.0,0.0,1.0,1.0,2.0
2,14,Expe1,2,2,All,14,4,0.9444444444444444,18,1.0,2,1.0,1.0,1.0,1.0,1.0,1.0,,,,
2,15,Expe1,2,4,All,15,3,0.7777777777777778,36,0.5,4,,0.0,1.0,4.0,0.5,4.0,0.75,1.0,0.25,4.0
2,16,Expe1,2,2,All,16,5,0.9444444444444444,18,1.0,2,1.0,1.0,1.0,1.0,1.0,1.0,,,,
2,17,Expe1,2,3,All,17,4,0.9259259259259259,27,1.0,3,1.0,1.0,1.0,2.0,1.0,2.0,,,,
2,18,Expe1,2,6,All,18,3,0.8679245283018868,53,1.0,5,1.0,2.0,1.0,3.0,1.0,3.0,0.3333333333333333,0.6666666666666666,0.3333333333333333,3.0
3,1,Expe1,3,5,All,1,1,0.6363636363636364,44,0.6,5,1.0,1.0,1.0,4.0,0.5,4.0,1.25,1.5,0.25,12.0
3,2,Expe1,3,4,All,2,1,0.7222222222222222,36,0.25,4,,0.0,1.0,4.0,0.25,4.0,0.3333333333333333,1.0,0.6666666666666666,6.0
3,3,Expe1,3,3,All,3,1,0.8888888888888888,27,0.6666666666666666,3,1.0,2.0,1.0,1.0,0.0,1.0,0.0,0.5,0.5,2.0
3,4,Expe1,3,3,All,4,2,0.8888888888888888,27,1.0,3,,0.0,1.0,3.0,1.0,3.0,,,,
3,5,Expe1,3,2,All,5,1,0.8888888888888888,18,1.0,2,,0.0,1.0,2.0,1.0,2.0,,,,
3,6,Expe1,3,2,All,6,2,0.8461538461538461,13,0.5,2,1.0,1.0,1.0,1.0,0.0,1.0,0.0,1.0,1.0,1.0
3,7,Expe1,3,2,All,7,3,0.8333333333333334,18,0.5,2,,0.0,1.0,2.0,0.5,2.0,0.0,1.0,1.0,1.0
3,8,Expe1,3,6,All,8,1,0.8518518518518519,54,0.6666666666666666,6,0.6666666666666666,3.0,1.0,3.0,0.6666666666666666,3.0,0.6,0.8,0.2,5.0
3,9,Expe1,3,5,All,9,2,0.7111111111111111,45,0.6,5,,0.0,0.8,5.0,0.6,5.0,1.25,0.75,-0.5,8.0
3,10,Expe1,3,4,All,10,2,0.8611111111111112,36,0.75,4,1.0,1.0,1.0,3.0,0.6666666666666666,3.0,0.5,1.0,0.5,2.0
3,11,Expe1,3,6,All,11,2,0.7169811320754716,53,0.5,6,0.5,2.0,0.6666666666666666,3.0,0.6666666666666666,3.0,1.1666666666666667,1.0,-0.16666666666666666,12.0
3,12,Expe1,3,5,All,12,3,0.9111111111111111,45,0.8,5,1.0,3.0,1.0,2.0,0.5,2.0,0.5,1.0,0.5,2.0
3,13,Expe1,3,4,All,13,3,0.8333333333333334,36,0.5,4,1.0,1.0,1.0,3.0,0.3333333333333333,3.0,0.3333333333333333,1.0,0.6666666666666666,3.0
3,14,Expe1,3,3,All,14,3,0.8888888888888888,27,0.6666666666666666,3,1.0,1.0,1.0,2.0,0.5,2.0,0.0,1.0,1.0,1.0
3,15,Expe1,3,3,All,15,4,0.8888888888888888,27,1.0,3,1.0,1.0,1.0,2.0,1.0,2.0,1.0,0.0,-1.0,1.0
3,16,Expe1,3,2,All,16,4,0.9444444444444444,18,1.0,2,1.0,1.0,1.0,1.0,1.0,1.0,,,,
3,17,Expe1,3,2,All,17,5,0.8888888888888888,18,0.5,2,1.0,1.0,1.0,1.0,0.0,1.0,0.0,1.0,1.0,1.0
3,18,Expe1,3,2,All,18,6,0.7777777777777778,18,0.5,2,,0.0,1.0,2.0,0.5,2.0,0.0,1.0,1.0,2.0
4,1,Expe1,4,4,All,1,1,0.8611111111111112,36,0.5,4,1.0,2.0,1.0,2.0,0.0,2.0,0.3333333333333333,1.0,0.6666666666666666,3.0
4,2,Expe1,4,3,All,2,1,0.9259259259259259,27,1.0,3,1.0,2.0,1.0,1.0,1.0,1.0,0.0,0.0,0.0,1.0
4,3,Expe1,4,5,All,3,1,0.7555555555555555,45,0.4,5,0.5,2.0,0.6666666666666666,3.0,0.3333333333333333,3.0,0.875,0.875,0.0,8.0
4,4,Expe1,4,2,All,4,1,0.8333333333333334,18,0.5,2,,0.0,1.0,2.0,0.5,2.0,0.0,1.0,1.0,1.0
4,5,Expe1,4,3,All,5,2,0.7407407407407407,27,0.3333333333333333,3,,0.0,1.0,3.0,0.3333333333333333,3.0,0.75,1.0,0.25,4.0
4,6,Expe1,4,6,All,6,1,0.7407407407407407,54,0.6666666666666666,6,1.0,2.0,0.75,4.0,0.5,4.0,1.3,0.9,-0.4,10.0
4,7,Expe1,4,2,All,7,2,0.7777777777777778,18,0.0,2,,0.0,1.0,2.0,0.0,2.0,0.0,1.0,1.0,2.0
4,8,Expe1,4,2,All,8,3,0.7777777777777778,18,0.0,2,,0.0,1.0,2.0,0.0,2.0,0.0,1.0,1.0,2.0
4,9,Expe1,4,6,All,9,2,0.7222222222222222,54,0.5,6,1.0,1.0,0.6,5.0,0.4,5.0,1.1,0.7,-0.4,10.0
4,10,Expe1,4,4,All,10,2,0.9166666666666666,36,0.75,4,1.0,2.0,1.0,2.0,0.5,2.0,0.0,1.0,1.0,1.0
4,11,Expe1,4,5,All,11,2,0.9111111111111111,45,1.0,5,1.0,3.0,1.0,2.0,1.0,2.0,0.5,0.0,-0.5,2.0
4,12,Expe1,4,4,All,12,3,0.8611111111111112,36,0.5,4,0.5,2.0,1.0,2.0,0.5,2.0,0.3333333333333333,0.6666666666666666,0.3333333333333333,3.0
4,13,Expe1,4,3,All,13,3,0.8148148148148148,27,0.6666666666666666,3,,0.0,1.0,3.0,0.6666666666666666,3.0,0.0,1.0,1.0,2.0
4,14,Expe1,4,5,All,14,3,0.7777777777777778,45,0.6,5,,0.0,1.0,5.0,0.6,5.0,0.4,1.0,0.6,5.0
4,15,Expe1,4,2,All,15,4,0.9444444444444444,18,1.0,2,1.0,2.0,,0.0,,0.0,0.0,0.0,0.0,1.0
4,16,Expe1,4,3,All,16,4,1.0,27,1.0,3,1.0,3.0,,0.0,,0.0,,,,
4,17,Expe1,4,6,All,17,3,0.7169811320754716,53,0.3333333333333333,6,0.0,2.0,0.75,4.0,0.5,4.0,0.5833333333333334,1.0833333333333333,0.5,12.0
4,18,Expe1,4,2,All,18,5,0.8888888888888888,18,0.5,2,1.0,1.0,1.0,1.0,0.0,1.0,0.0,1.0,1.0,1.0
5,1,Expe1,5,3,All,1,1,0.8846153846153846,26,0.3333333333333333,3,0.5,2.0,,0.0,,0.0,0.0,0.3333333333333333,0.3333333333333333,3.0
5,2,Expe1,5,2,All,2,1,0.8888888888888888,18,1.0,2,,0.0,1.0,2.0,1.0,2.0,,,,
5,3,Expe1,5,4,All,3,1,0.6764705882352942,34,0.75,4,1.0,1.0,0.6666666666666666,3.0,0.6666666666666666,3.0,1.0,0.75,-0.25,8.0
5,4,Expe1,5,6,All,4,1,0.7307692307692307,52,0.5,6,0.6666666666666666,3.0,0.3333333333333333,3.0,0.3333333333333333,3.0,1.5333333333333334,1.4666666666666666,-0.06666666666666667,15.0
5,5,Expe1,5,5,All,5,1,0.8181818181818182,44,0.8,5,1.0,2.0,1.0,2.0,0.5,2.0,0.3333333333333333,0.8333333333333334,0.5,6.0
5,6,Expe1,5,2,All,6,2,0.7647058823529411,17,0.5,2,,0.0,1.0,2.0,0.5,2.0,0.5,1.0,0.5,2.0
5,7,Expe1,5,3,All,7,2,0.8888888888888888,27,0.6666666666666666,3,1.0,1.0,1.0,2.0,0.5,2.0,0.0,1.0,1.0,1.0
5,8,Expe1,5,2,All,8,3,0.8888888888888888,18,0.5,2,1.0,1.0,1.0,1.0,0.0,1.0,0.0,1.0,1.0,1.0
5,9,Expe1,5,5,All,9,2,0.5952380952380952,42,0.6,5,1.0,1.0,1.0,3.0,0.3333333333333333,3.0,0.9375,1.375,0.4375,16.0
5,10,Expe1,5,4,All,10,2,0.6388888888888888,36,0.5,4,,0.0,0.75,4.0,0.5,4.0,2.9285714285714284,1.7142857142857142,-1.2142857142857142,14.0
5,11,Expe1,5,6,All,11,2,0.8076923076923077,52,0.6,5,0.6666666666666666,3.0,1.0,2.0,0.5,2.0,0.42857142857142855,0.8571428571428571,0.42857142857142855,7.0
5,12,Expe1,5,3,All,12,3,0.6538461538461539,26,0.3333333333333333,3,,0.0,1.0,2.0,0.5,2.0,0.7142857142857143,1.1428571428571428,0.42857142857142855,7.0
5,13,Expe1,5,2,All,13,4,0.8333333333333334,18,0.5,2,,0.0,1.0,2.0,0.5,2.0,0.0,1.0,1.0,1.0
5,14,Expe1,5,4,All,14,3,0.75,36,0.5,4,0.5,2.0,0.5,2.0,0.5,2.0,0.5714285714285714,0.8571428571428571,0.2857142857142857,7.0
5,15,Expe1,5,6,All,15,3,0.6153846153846154,52,0.3333333333333333,6,1.0,1.0,0.6,5.0,0.2,5.0,0.9375,1.375,0.4375,16.0
5,16,Expe1,5,5,All,16,3,0.7111111111111111,45,0.8,5,1.0,2.0,1.0,3.0,0.6666666666666666,3.0,1.0833333333333333,0.5,-0.5833333333333334,12.0
5,17,Expe1,5,2,All,17,5,0.9444444444444444,18,1.0,2,1.0,1.0,1.0,1.0,1.0,1.0,,,,
5,18,Expe1,5,3,All,18,4,0.8461538461538461,26,0.6666666666666666,3,1.0,1.0,1.0,1.0,1.0,1.0,0.6,0.8,0.2,5.0
6,1,Expe1,6,2,All,1,1,0.7777777777777778,18,0.5,2,,0.0,0.5,2.0,0.5,2.0,0.5,1.0,0.5,2.0
6,2,Expe1,6,6,All,2,1,0.6111111111111112,54,0.3333333333333333,6,0.0,1.0,0.8,5.0,0.4,5.0,1.7777777777777777,0.6666666666666666,-1.1111111111111112,18.0
6,3,Expe1,6,3,All,3,1,0.9629629629629629,27,1.0,3,1.0,2.0,1.0,1.0,1.0,1.0,,,,
6,4,Expe1,6,2,All,4,2,1.0,17,1.0,2,1.0,2.0,,0.0,,0.0,,,,
6,5,Expe1,6,4,All,5,1,0.8333333333333334,36,0.5,4,1.0,1.0,0.6666666666666666,3.0,0.3333333333333333,3.0,0.6666666666666666,0.3333333333333333,-0.3333333333333333,3.0
6,6,Expe1,6,2,All,6,3,0.8333333333333334,18,0.5,2,,0.0,1.0,2.0,0.5,2.0,0.0,1.0,1.0,1.0
6,7,Expe1,6,5,All,7,1,0.8666666666666667,45,0.6,5,1.0,2.0,1.0,3.0,0.3333333333333333,3.0,0.3333333333333333,1.0,0.6666666666666666,3.0
6,8,Expe1,6,3,All,8,2,0.8148148148148148,27,0.3333333333333333,3,,0.0,1.0,3.0,0.3333333333333333,3.0,0.0,1.0,1.0,2.0
6,9,Expe1,6,6,All,9,2,0.6666666666666666,54,0.3333333333333333,6,0.5,2.0,0.25,4.0,0.25,4.0,1.3571428571428572,0.8571428571428571,-0.5,14.0
6,10,Expe1,6,4,All,10,2,0.8055555555555556,36,0.75,4,1.0,1.0,1.0,3.0,0.6666666666666666,3.0,1.0,1.5,0.5,4.0
6,11,Expe1,6,5,All,11,2,0.8444444444444444,45,0.6,5,1.0,1.0,1.0,4.0,0.5,4.0,0.3333333333333333,1.0,0.6666666666666666,3.0
6,12,Expe1,6,2,All,12,4,0.8888888888888888,18,0.5,2,1.0,1.0,1.0,1.0,0.0,1.0,0.0,1.0,1.0,1.0
6,13,Expe1,6,6,All,13,3,0.7407407407407407,54,0.16666666666666666,6,0.5,2.0,0.75,4.0,0.0,4.0,0.8,0.9,0.1,10.0
6,14,Expe1,6,3,All,14,3,0.9259259259259259,27,0.6666666666666666,3,1.0,2.0,1.0,1.0,0.0,1.0,0.0,1.0,1.0,1.0
6,15,Expe1,6,2,All,15,5,0.8333333333333334,18,0.5,2,,0.0,1.0,2.0,0.5,2.0,0.0,1.0,1.0,1.0
6,16,Expe1,6,4,All,16,3,0.8611111111111112,36,1.0,4,1.0,2.0,1.0,2.0,1.0,2.0,0.3333333333333333,0.3333333333333333,0.0,3.0
6,17,Expe1,6,2,All,17,6,1.0,18,1.0,2,1.0,2.0,,0.0,,0.0,,,,
6,18,Expe1,6,5,All,18,3,0.7777777777777778,45,0.4,5,1.0,1.0,1.0,4.0,0.25,4.0,0.3333333333333333,1.1666666666666667,0.8333333333333334,6.0
7,1,Expe1,7,6,All,1,1,0.6981132075471698,53,0.6666666666666666,6,0.75,4.0,0.5,2.0,0.5,2.0,2.9444444444444446,0.3333333333333333,-2.611111111111111,18.0
7,2,Expe1,7,2,All,2,1,0.8888888888888888,18,0.5,2,1.0,1.0,1.0,1.0,0.0,1.0,0.0,1.0,1.0,1.0
7,3,Expe1,7,2,All,3,2,0.7857142857142857,14,0.5,2,,0.0,1.0,2.0,0.5,2.0,0.0,1.0,1.0,1.0
7,4,Expe1,7,2,All,4,3,0.7777777777777778,18,0.5,2,,0.0,1.0,2.0,0.5,2.0,0.5,1.0,0.5,2.0
7,5,Expe1,7,3,All,5,1,0.8888888888888888,27,0.6666666666666666,3,1.0,1.0,1.0,2.0,0.5,2.0,0.0,1.0,1.0,1.0
7,6,Expe1,7,3,All,6,2,0.8518518518518519,27,1.0,3,1.0,1.0,1.0,2.0,1.0,2.0,0.5,0.0,-0.5,2.0
7,7,Expe1,7,4,All,7,1,0.8333333333333334,36,0.5,4,,0.0,1.0,4.0,0.5,4.0,0.0,1.0,1.0,2.0
7,8,Expe1,7,5,All,8,1,0.6222222222222222,45,0.6,5,1.0,1.0,1.0,4.0,0.5,4.0,1.6923076923076923,1.3076923076923077,-0.38461538461538464,13.0
7,9,Expe1,7,6,All,9,2,0.660377358490566,53,0.8333333333333334,6,0.6666666666666666,3.0,1.0,3.0,1.0,3.0,1.5,0.3125,-1.1875,16.0
7,10,Expe1,7,5,All,10,2,0.7333333333333333,45,0.2,5,1.0,1.0,0.75,4.0,0.0,4.0,0.75,0.875,0.125,8.0
7,11,Expe1,7,4,All,11,2,0.7222222222222222,36,0.25,4,1.0,1.0,0.6666666666666666,3.0,0.0,3.0,1.2857142857142858,0.7142857142857143,-0.5714285714285714,7.0
7,12,Expe1,7,6,All,12,3,0.8888888888888888,54,0.6666666666666666,6,1.0,2.0,0.75,4.0,0.5,4.0,0.5,0.5,0.0,2.0
7,13,Expe1,7,2,All,13,4,0.9444444444444444,18,1.0,2,1.0,1.0,1.0,1.0,1.0,1.0,,,,
7,14,Expe1,7,2,All,14,5,0.9444444444444444,18,1.0,2,1.0,1.0,1.0,1.0,1.0,1.0,,,,
7,15,Expe1,7,2,All,15,6,0.9444444444444444,18,1.0,2,1.0,1.0,1.0,1.0,1.0,1.0,,,,
7,16,Expe1,7,3,All,16,3,0.8888888888888888,27,0.6666666666666666,3,1.0,1.0,1.0,2.0,0.5,2.0,0.0,1.0,1.0,1.0
7,17,Expe1,7,3,All,17,4,0.8888888888888888,27,0.6666666666666666,3,1.0,1.0,1.0,2.0,0.5,2.0,0.0,1.0,1.0,1.0
7,18,Expe1,7,4,All,18,3,0.8611111111111112,36,0.75,4,1.0,2.0,1.0,2.0,0.5,2.0,0.6666666666666666,1.3333333333333333,0.6666666666666666,3.0
8,1,Expe1,8,2,All,1,1,0.9411764705882353,17,1.0,2,,0.0,1.0,1.0,1.0,1.0,,,,
8,2,Expe1,8,2,All,2,2,0.8333333333333334,18,0.5,2,,0.0,1.0,2.0,0.5,2.0,0.0,1.0,1.0,1.0
8,3,Expe1,8,6,All,3,1,0.4807692307692308,52,0.3333333333333333,6,1.0,1.0,0.6666666666666666,3.0,0.3333333333333333,3.0,1.7037037037037037,0.8888888888888888,-0.8148148148148148,27.0
8,4,Expe1,8,3,All,4,1,0.76,25,0.6666666666666666,3,,0.0,1.0,1.0,1.0,1.0,0.8,1.2,0.4,5.0
8,5,Expe1,8,2,All,5,3,0.9444444444444444,18,1.0,2,1.0,1.0,1.0,1.0,1.0,1.0,,,,
8,6,Expe1,8,5,All,6,1,0.6666666666666666,45,0.6,5,1.0,2.0,0.6666666666666666,3.0,0.3333333333333333,3.0,2.0,0.9285714285714286,-1.0714285714285714,14.0
8,7,Expe1,8,3,All,7,2,1.0,27,1.0,3,1.0,3.0,,0.0,,0.0,,,,
8,8,Expe1,8,4,All,8,1,0.8888888888888888,36,1.0,4,,0.0,1.0,4.0,1.0,4.0,,,,
8,9,Expe1,8,5,All,9,2,0.6444444444444445,45,0.6,5,,0.0,1.0,5.0,0.6,5.0,1.4545454545454546,1.4545454545454546,0.0,11.0
8,10,Expe1,8,4,All,10,2,0.9444444444444444,36,0.75,4,1.0,3.0,1.0,1.0,0.0,1.0,0.0,1.0,1.0,1.0
8,11,Expe1,8,6,All,11,2,0.6981132075471698,53,0.4,5,0.6666666666666666,3.0,1.0,2.0,0.0,2.0,1.0769230769230769,1.0,-0.07692307692307693,13.0
8,12,Expe1,8,2,All,12,4,0.8333333333333334,18,0.5,2,,0.0,1.0,2.0,0.5,2.0,0.0,1.0,1.0,1.0
8,13,Expe1,8,2,All,13,5,0.8888888888888888,18,0.5,2,1.0,1.0,1.0,1.0,0.0,1.0,0.0,1.0,1.0,1.0
8,14,Expe1,8,6,All,14,3,0.8333333333333334,54,0.5,6,1.0,2.0,0.5,4.0,0.25,4.0,0.6,0.6,0.0,5.0
8,15,Expe1,8,3,All,15,3,0.9259259259259259,27,1.0,3,1.0,1.0,1.0,2.0,1.0,2.0,,,,
8,16,Expe1,8,2,All,16,6,0.9444444444444444,18,1.0,2,1.0,1.0,1.0,1.0,1.0,1.0,,,,
8,17,Expe1,8,5,All,17,3,0.5777777777777777,45,0.4,5,1.0,1.0,0.75,4.0,0.25,4.0,1.5,1.1875,-0.3125,16.0
8,18,Expe1,8,3,All,18,4,0.9259259259259259,27,1.0,3,1.0,1.0,1.0,2.0,1.0,2.0,,,,
9,1,Expe1,9,6,All,1,1,0.7592592592592593,54,0.6666666666666666,6,1.0,2.0,0.75,4.0,0.5,4.0,0.7,0.9,0.2,10.0
9,2,Expe1,9,2,All,2,1,0.9444444444444444,18,1.0,2,1.0,1.0,1.0,1.0,1.0,1.0,,,,
9,3,Expe1,9,3,All,3,1,0.8888888888888888,27,1.0,3,1.0,2.0,1.0,1.0,1.0,1.0,0.0,0.0,0.0,2.0
9,4,Expe1,9,2,All,4,2,0.7777777777777778,18,0.0,2,,0.0,1.0,2.0,0.0,2.0,0.0,1.0,1.0,2.0
9,5,Expe1,9,3,All,5,2,0.8518518518518519,27,0.6666666666666666,3,1.0,1.0,1.0,2.0,0.5,2.0,0.5,0.5,0.0,2.0
9,6,Expe1,9,5,All,6,1,0.8666666666666667,45,0.6,5,1.0,2.0,1.0,3.0,0.3333333333333333,3.0,0.0,0.6666666666666666,0.6666666666666666,3.0
9,7,Expe1,9,4,All,7,1,0.8333333333333334,36,0.5,4,1.0,2.0,0.5,2.0,0.0,2.0,0.25,0.75,0.5,4.0
9,8,Expe1,9,2,All,8,3,0.8888888888888888,18,1.0,2,,0.0,1.0,2.0,1.0,2.0,,,,
9,9,Expe1,9,5,All,9,2,0.9333333333333333,45,0.8,5,1.0,3.0,1.0,2.0,0.5,2.0,0.0,1.0,1.0,1.0
9,10,Expe1,9,6,All,10,2,0.8867924528301887,53,0.6666666666666666,6,1.0,2.0,1.0,4.0,0.5,4.0,0.0,1.0,1.0,2.0
9,11,Expe1,9,4,All,11,2,0.7222222222222222,36,0.5,4,,0.0,1.0,4.0,0.5,4.0,0.6666666666666666,1.3333333333333333,0.6666666666666666,6.0
9,12,Expe1,9,6,All,12,3,0.8888888888888888,54,0.8333333333333334,6,1.0,2.0,0.75,4.0,0.75,4.0,0.5,0.0,-0.5,2.0
9,13,Expe1,9,2,All,13,4,0.8888888888888888,18,1.0,2,,0.0,1.0,2.0,1.0,2.0,,,,
9,14,Expe1,9,3,All,14,3,0.9615384615384616,26,1.0,2,1.0,2.0,,0.0,,0.0,0.0,0.0,0.0,1.0
9,15,Expe1,9,2,All,15,5,0.8888888888888888,18,1.0,2,1.0,1.0,1.0,1.0,1.0,1.0,0.0,0.0,0.0,1.0
9,16,Expe1,9,3,All,16,4,0.7407407407407407,27,0.0,3,,0.0,1.0,3.0,0.0,3.0,0.25,1.0,0.75,4.0
9,17,Expe1,9,5,All,17,3,0.7777777777777778,45,0.4,5,1.0,1.0,0.75,4.0,0.25,4.0,0.3333333333333333,1.0,0.6666666666666666,6.0
9,18,Expe1,9,4,All,18,3,0.8333333333333334,36,0.75,4,1.0,1.0,0.6666666666666666,3.0,0.6666666666666666,3.0,0.6666666666666666,0.6666666666666666,0.0,3.0
10,1,Expe1,10,2,All,1,1,0.8888888888888888,18,1.0,2,,0.0,1.0,2.0,1.0,2.0,,,,
10,2,Expe1,10,2,All,2,2,0.8888888888888888,18,0.5,2,1.0,1.0,1.0,1.0,0.0,1.0,0.0,1.0,1.0,1.0
10,3,Expe1,10,6,All,3,1,0.6296296296296297,54,0.3333333333333333,6,1.0,1.0,0.8,5.0,0.2,5.0,1.25,1.25,0.0,16.0
10,4,Expe1,10,5,All,4,1,0.9333333333333333,45,0.8,5,1.0,4.0,1.0,1.0,0.0,1.0,0.5,1.0,0.5,2.0
10,5,Expe1,10,3,All,5,1,0.8518518518518519,27,0.3333333333333333,3,1.0,1.0,1.0,2.0,0.0,2.0,0.0,1.0,1.0,2.0
10,6,Expe1,10,2,All,6,3,0.8888888888888888,18,1.0,2,,0.0,1.0,2.0,1.0,2.0,,,,
10,7,Expe1,10,3,All,7,2,0.6666666666666666,27,0.3333333333333333,3,1.0,1.0,0.5,2.0,0.0,2.0,1.4285714285714286,1.1428571428571428,-0.2857142857142857,7.0
10,8,Expe1,10,4,All,8,1,0.7777777777777778,36,0.5,4,,0.0,1.0,4.0,0.5,4.0,0.5,0.75,0.25,4.0
10,9,Expe1,10,6,All,9,2,0.7962962962962963,54,0.3333333333333333,6,0.3333333333333333,3.0,1.0,3.0,0.3333333333333333,3.0,0.375,0.75,0.375,8.0
10,10,Expe1,10,5,All,10,2,0.9111111111111111,45,0.8,5,1.0,3.0,1.0,2.0,0.5,2.0,0.5,1.0,0.5,2.0
10,11,Expe1,10,4,All,11,2,0.7222222222222222,36,0.25,4,1.0,1.0,1.0,3.0,0.0,3.0,0.5714285714285714,1.2857142857142858,0.7142857142857143,7.0
10,12,Expe1,10,2,All,12,4,0.8333333333333334,18,1.0,2,,0.0,1.0,2.0,1.0,2.0,0.0,1.0,1.0,1.0
10,13,Expe1,10,2,All,13,5,1.0,18,1.0,2,1.0,2.0,,0.0,,0.0,,,,
10,14,Expe1,10,6,All,14,3,0.6666666666666666,54,0.3333333333333333,6,,0.0,1.0,6.0,0.3333333333333333,6.0,1.25,1.3333333333333333,0.08333333333333333,12.0
10,15,Expe1,10,5,All,15,3,0.9333333333333333,45,0.8,5,1.0,3.0,1.0,2.0,0.5,2.0,0.0,1.0,1.0,1.0
10,16,Expe1,10,3,All,16,3,0.5925925925925926,27,0.3333333333333333,3,,0.0,1.0,3.0,0.3333333333333333,3.0,1.5,1.0,-0.5,8.0
10,17,Expe1,10,2,All,17,6,0.9444444444444444,18,1.0,2,1.0,1.0,1.0,1.0,1.0,1.0,,,,
10,18,Expe1,10,3,All,18,4,0.8888888888888888,27,0.6666666666666666,3,1.0,1.0,1.0,2.0,0.5,2.0,0.0,1.0,1.0,1.0
11,1,Expe1,11,2,All,1,1,0.875,16,1.0,2,1.0,1.0,,0.0,,0.0,0.5,0.0,-0.5,2.0
11,2,Expe1,11,5,All,2,1,0.3333333333333333,39,0.8,5,1.0,2.0,0.6666666666666666,3.0,0.6666666666666666,3.0,2.341463414634146,2.1951219512195124,-0.14634146341463414,41.0
11,3,Expe1,11,2,All,3,2,0.7777777777777778,18,0.5,2,1.0,1.0,1.0,1.0,0.0,1.0,0.6666666666666666,1.3333333333333333,0.6666666666666666,3.0
11,4,Expe1,11,2,All,4,3,0.7647058823529411,17,1.0,1,,0.0,1.0,1.0,1.0,1.0,1.8333333333333333,0.8333333333333334,-1.0,6.0
11,5,Expe1,11,6,All,5,1,0.3333333333333333,42,0.0,5,0.0,1.0,0.75,4.0,0.0,4.0,3.0392156862745097,2.3137254901960786,-0.7254901960784313,51.0
11,6,Expe1,11,4,All,6,1,0.47058823529411764,34,0.0,4,0.0,2.0,0.0,1.0,0.0,1.0,1.1818181818181819,1.3181818181818181,0.13636363636363635,22.0
11,7,Expe1,11,3,All,7,1,0.5384615384615384,26,0.0,3,,0.0,0.5,2.0,0.0,2.0,2.076923076923077,1.9230769230769231,-0.15384615384615385,13.0
11,8,Expe1,11,3,All,8,2,0.56,25,0.3333333333333333,3,,0.0,0.6666666666666666,3.0,0.3333333333333333,3.0,1.0,1.4444444444444444,0.4444444444444444,9.0
11,9,Expe1,11,6,All,9,2,0.32432432432432434,37,0.6,5,0.5,2.0,1.0,2.0,0.5,2.0,1.7692307692307692,1.4615384615384615,-0.3076923076923077,39.0
11,10,Expe1,11,5,All,10,2,0.4117647058823529,34,0.0,5,0.0,1.0,0.5,4.0,0.0,4.0,1.0,1.1764705882352942,0.17647058823529413,17.0
11,11,Expe1,11,4,All,11,2,0.39285714285714285,28,0.25,4,0.0,2.0,1.0,2.0,0.5,2.0,1.7692307692307692,1.8461538461538463,0.07692307692307693,26.0
11,12,Expe1,11,2,All,12,4,0.8888888888888888,18,0.5,2,0.5,2.0,,0.0,,0.0,0.0,0.3333333333333333,0.3333333333333333,3.0
11,13,Expe1,11,5,All,13,3,0.375,40,0.2,5,1.0,1.0,0.5,4.0,0.0,4.0,2.2,2.3714285714285714,0.17142857142857143,35.0
11,14,Expe1,11,2,All,14,5,0.6666666666666666,18,0.0,2,0.0,2.0,,0.0,,0.0,2.272727272727273,0.0,-2.272727272727273,11.0
11,15,Expe1,11,2,All,15,6,0.9444444444444444,18,1.0,2,1.0,1.0,1.0,1.0,1.0,1.0,1.0,0.0,-1.0,1.0
11,16,Expe1,11,6,All,16,3,0.4166666666666667,48,0.6,5,0.5,2.0,1.0,2.0,1.0,2.0,2.3658536585365852,2.1707317073170733,-0.1951219512195122,41.0
11,17,Expe1,11,4,All,17,3,0.8,30,0.6666666666666666,3,1.0,2.0,0.0,1.0,0.0,1.0,0.5,0.5,0.0,4.0
11,18,Expe1,11,3,All,18,3,0.625,24,0.3333333333333333,3,,0.0,1.0,1.0,1.0,1.0,1.7272727272727273,0.0,-1.7272727272727273,11.0
12,1,Expe1,12,5,All,1,1,0.8222222222222222,45,0.4,5,1.0,1.0,0.75,4.0,0.25,4.0,0.5,0.75,0.25,4.0
12,2,Expe1,12,2,All,2,1,0.7777777777777778,18,0.0,2,,0.0,0.5,2.0,0.0,2.0,0.5,0.5,0.0,2.0
12,3,Expe1,12,2,All,3,2,0.8125,16,0.5,2,,0.0,1.0,2.0,0.5,2.0,0.0,1.0,1.0,1.0
12,4,Expe1,12,4,All,4,1,0.9722222222222222,36,1.0,4,1.0,3.0,1.0,1.0,1.0,1.0,,,,
12,5,Expe1,12,2,All,5,3,0.9444444444444444,18,1.0,2,1.0,1.0,1.0,1.0,1.0,1.0,,,,
12,6,Expe1,12,3,All,6,1,0.8888888888888888,27,0.6666666666666666,3,1.0,2.0,1.0,1.0,0.0,1.0,0.0,0.5,0.5,2.0
12,7,Expe1,12,6,All,7,1,0.7592592592592593,54,0.5,6,0.6666666666666666,3.0,0.6666666666666666,3.0,0.3333333333333333,3.0,1.1666666666666667,0.25,-0.9166666666666666,12.0
12,8,Expe1,12,3,All,8,2,0.8888888888888888,27,0.6666666666666666,3,1.0,2.0,1.0,1.0,0.0,1.0,0.0,0.5,0.5,2.0
12,9,Expe1,12,4,All,9,2,0.8333333333333334,36,0.5,4,1.0,1.0,0.6666666666666666,3.0,0.3333333333333333,3.0,0.3333333333333333,1.0,0.6666666666666666,3.0
12,10,Expe1,12,5,All,10,2,0.6666666666666666,45,0.6,5,1.0,2.0,1.0,3.0,0.3333333333333333,3.0,1.1666666666666667,0.5833333333333334,-0.5833333333333334,12.0
12,11,Expe1,12,6,All,11,2,0.7962962962962963,54,0.5,6,1.0,1.0,1.0,5.0,0.4,5.0,0.5,0.6666666666666666,0.16666666666666666,6.0
12,12,Expe1,12,5,All,12,3,0.8888888888888888,45,0.8,5,1.0,3.0,0.5,2.0,0.5,2.0,1.0,1.0,0.0,3.0
12,13,Expe1,12,2,All,13,4,0.8888888888888888,18,1.0,2,,0.0,1.0,2.0,1.0,2.0,,,,
12,14,Expe1,12,2,All,14,5,1.0,18,1.0,2,1.0,2.0,,0.0,,0.0,,,,
12,15,Expe1,12,4,All,15,3,0.8611111111111112,36,0.75,4,1.0,1.0,0.6666666666666666,3.0,0.6666666666666666,3.0,1.0,0.0,-1.0,2.0
12,16,Expe1,12,2,All,16,6,0.9444444444444444,18,1.0,2,1.0,1.0,1.0,1.0,1.0,1.0,,,,
12,17,Expe1,12,3,All,17,3,0.8518518518518519,27,0.6666666666666666,3,,0.0,1.0,3.0,0.6666666666666666,3.0,0.0,1.0,1.0,1.0
12,18,Expe1,12,6,All,18,3,0.7407407407407407,54,0.5,6,1.0,2.0,0.5,4.0,0.25,4.0,0.7,1.3,0.6,10.0
13,1,Expe1,13,2,All,1,1,0.7222222222222222,18,0.5,2,,0.0,1.0,2.0,0.5,2.0,1.0,1.0,0.0,3.0
13,2,Expe1,13,4,All,2,1,0.6111111111111112,36,0.5,4,1.0,1.0,1.0,3.0,0.3333333333333333,3.0,0.9285714285714286,1.1428571428571428,0.21428571428571427,14.0
13,3,Expe1,13,5,All,3,1,0.7777777777777778,45,0.4,5,,0.0,1.0,5.0,0.4,5.0,0.6,1.0,0.4,5.0
13,4,Expe1,13,3,All,4,1,0.9259259259259259,27,1.0,3,1.0,2.0,1.0,1.0,1.0,1.0,0.0,0.0,0.0,1.0
13,5,Expe1,13,2,All,5,2,0.6,10,0.0,2,,0.0,1.0,2.0,0.0,2.0,0.0,1.0,1.0,2.0
13,6,Expe1,13,3,All,6,2,0.8888888888888888,27,0.6666666666666666,3,1.0,1.0,1.0,2.0,0.5,2.0,0.0,1.0,1.0,1.0
13,7,Expe1,13,2,All,7,3,0.7777777777777778,18,0.5,2,1.0,1.0,0.0,1.0,0.0,1.0,0.3333333333333333,0.6666666666666666,0.3333333333333333,3.0
13,8,Expe1,13,6,All,8,1,0.6153846153846154,52,0.6666666666666666,6,0.0,1.0,1.0,5.0,0.8,5.0,1.55,1.85,0.3,20.0
13,9,Expe1,13,4,All,9,2,0.8611111111111112,36,0.5,4,1.0,2.0,1.0,2.0,0.0,2.0,0.0,0.6666666666666666,0.6666666666666666,3.0
13,10,Expe1,13,6,All,10,2,0.7962962962962963,54,0.5,6,1.0,1.0,0.8,5.0,0.4,5.0,1.0,1.0,0.0,6.0
13,11,Expe1,13,5,All,11,2,0.8444444444444444,45,0.6,5,0.6666666666666666,3.0,1.0,2.0,0.5,2.0,0.0,0.4,0.4,5.0
13,12,Expe1,13,2,All,12,4,0.8888888888888888,18,1.0,2,1.0,1.0,1.0,1.0,1.0,1.0,0.0,0.0,0.0,1.0
13,13,Expe1,13,4,All,13,3,0.7777777777777778,36,0.5,4,,0.0,1.0,4.0,0.5,4.0,0.75,1.0,0.25,4.0
13,14,Expe1,13,5,All,14,3,0.8444444444444444,45,0.8,5,1.0,2.0,1.0,3.0,0.6666666666666666,3.0,0.75,1.0,0.25,4.0
13,15,Expe1,13,3,All,15,3,0.8888888888888888,27,1.0,3,1.0,1.0,1.0,2.0,1.0,2.0,0.0,0.0,0.0,1.0
13,16,Expe1,13,2,All,16,5,0.8333333333333334,18,0.5,2,,0.0,1.0,2.0,0.5,2.0,0.0,1.0,1.0,1.0
13,17,Expe1,13,3,All,17,4,0.8518518518518519,27,0.3333333333333333,3,1.0,1.0,1.0,2.0,0.0,2.0,0.0,1.0,1.0,2.0
13,18,Expe1,13,2,All,18,6,0.8888888888888888,18,1.0,2,1.0,1.0,1.0,1.0,1.0,1.0,1.0,0.0,-1.0,1.0
14,1,Expe1,14,4,All,1,1,0.9444444444444444,36,0.75,4,0.6666666666666666,3.0,1.0,1.0,1.0,1.0,0.0,0.0,0.0,1.0
14,2,Expe1,14,3,All,2,1,0.8888888888888888,27,0.6666666666666666,3,0.0,1.0,1.0,2.0,1.0,2.0,0.0,0.0,0.0,1.0
14,3,Expe1,14,2,All,3,1,0.8888888888888888,18,1.0,2,,0.0,1.0,2.0,1.0,2.0,,,,
14,4,Expe1,14,3,All,4,2,0.8888888888888888,27,0.6666666666666666,3,1.0,2.0,1.0,1.0,0.0,1.0,0.5,1.0,0.5,2.0
14,5,Expe1,14,5,All,5,1,0.3181818181818182,44,0.2,5,0.0,1.0,0.75,4.0,0.25,4.0,1.6896551724137931,1.896551724137931,0.20689655172413793,29.0
14,6,Expe1,14,6,All,6,1,0.5,54,0.5,6,0.0,2.0,0.75,4.0,0.75,4.0,2.09375,1.09375,-1.0,32.0
14,7,Expe1,14,2,All,7,2,0.7058823529411765,17,0.5,2,0.5,2.0,,0.0,,0.0,0.4,0.8,0.4,5.0
14,8,Expe1,14,2,All,8,3,0.8333333333333334,18,0.5,2,1.0,1.0,1.0,1.0,0.0,1.0,0.5,1.0,0.5,2.0
14,9,Expe1,14,5,All,9,2,0.7111111111111111,45,0.6,5,1.0,1.0,0.75,4.0,0.5,4.0,1.5555555555555556,1.4444444444444444,-0.1111111111111111,9.0
14,10,Expe1,14,4,All,10,2,0.8611111111111112,36,0.75,4,1.0,1.0,1.0,3.0,0.6666666666666666,3.0,0.0,0.5,0.5,2.0
14,11,Expe1,14,6,All,11,2,0.5370370370370371,54,0.5,6,0.6666666666666666,3.0,0.6666666666666666,3.0,0.3333333333333333,3.0,2.3548387096774195,2.096774193548387,-0.25806451612903225,31.0
14,12,Expe1,14,4,All,12,3,0.8857142857142857,35,0.75,4,1.0,1.0,1.0,2.0,1.0,2.0,0.0,1.0,1.0,2.0
14,13,Expe1,14,3,All,13,3,0.9629629629629629,27,1.0,3,1.0,2.0,1.0,1.0,1.0,1.0,0.0,0.0,0.0,1.0
14,14,Expe1,14,2,All,14,4,0.9444444444444444,18,1.0,2,1.0,1.0,1.0,1.0,1.0,1.0,1.0,0.0,-1.0,1.0
14,15,Expe1,14,3,All,15,4,0.9259259259259259,27,0.6666666666666666,3,1.0,2.0,1.0,1.0,0.0,1.0,0.0,1.0,1.0,1.0
14,16,Expe1,14,5,All,16,3,0.8888888888888888,45,0.8,5,1.0,3.0,1.0,2.0,0.5,2.0,0.3333333333333333,0.6666666666666666,0.3333333333333333,3.0
14,17,Expe1,14,6,All,17,3,0.7222222222222222,54,0.5,6,0.6666666666666666,3.0,0.6666666666666666,3.0,0.3333333333333333,3.0,0.9166666666666666,1.0,0.08333333333333333,12.0
14,18,Expe1,14,2,All,18,5,0.7777777777777778,18,0.0,2,,0.0,1.0,2.0,0.0,2.0,0.0,1.0,1.0,2.0
15,1,Expe1,15,3,All,1,1,0.8518518518518519,27,0.6666666666666666,3,1.0,1.0,1.0,2.0,0.5,2.0,0.5,1.0,0.5,2.0
15,2,Expe1,15,3,All,2,2,0.8148148148148148,27,0.3333333333333333,3,,0.0,1.0,3.0,0.3333333333333333,3.0,0.0,1.0,1.0,2.0
15,3,Expe1,15,4,All,3,1,0.6944444444444444,36,0.5,4,0.5,2.0,1.0,2.0,0.5,2.0,0.3333333333333333,0.8888888888888888,0.5555555555555556,9.0
15,4,Expe1,15,6,All,4,1,0.5740740740740741,54,0.5,6,0.5,4.0,0.5,2.0,0.5,2.0,1.962962962962963,1.4814814814814814,-0.48148148148148145,27.0
15,5,Expe1,15,2,All,5,1,0.7777777777777778,18,0.0,2,,0.0,1.0,2.0,0.0,2.0,0.0,1.0,1.0,2.0
15,6,Expe1,15,2,All,6,2,0.8888888888888888,18,0.5,2,1.0,1.0,1.0,1.0,0.0,1.0,0.0,1.0,1.0,1.0
15,7,Expe1,15,5,All,7,1,0.6222222222222222,45,0.4,5,1.0,1.0,0.75,4.0,0.25,4.0,1.2142857142857142,1.7142857142857142,0.5,14.0
15,8,Expe1,15,2,All,8,3,1.0,18,1.0,2,1.0,2.0,,0.0,,0.0,,,,
15,9,Expe1,15,6,All,9,2,0.6666666666666666,54,0.5,6,1.0,2.0,0.75,4.0,0.25,4.0,1.2142857142857142,1.1428571428571428,-0.07142857142857142,14.0
15,10,Expe1,15,5,All,10,2,0.7555555555555555,45,0.4,5,1.0,1.0,1.0,4.0,0.25,4.0,0.7142857142857143,1.2857142857142858,0.5714285714285714,7.0
15,11,Expe1,15,4,All,11,2,0.8888888888888888,36,0.75,4,1.0,1.0,1.0,3.0,0.6666666666666666,3.0,0.0,1.0,1.0,1.0
15,12,Expe1,15,3,All,12,3,0.9259259259259259,27,1.0,3,1.0,1.0,1.0,2.0,1.0,2.0,,,,
15,13,Expe1,15,3,All,13,4,1.0,27,1.0,3,1.0,3.0,,0.0,,0.0,,,,
15,14,Expe1,15,4,All,14,3,0.7777777777777778,36,0.5,4,1.0,1.0,0.6666666666666666,3.0,0.3333333333333333,3.0,0.8,0.6,-0.2,5.0
15,15,Expe1,15,6,All,15,3,0.8333333333333334,54,0.6666666666666666,6,1.0,3.0,1.0,3.0,0.3333333333333333,3.0,0.5,0.8333333333333334,0.3333333333333333,6.0
15,16,Expe1,15,2,All,16,4,0.9444444444444444,18,1.0,2,1.0,1.0,1.0,1.0,1.0,1.0,,,,
15,17,Expe1,15,2,All,17,5,0.8888888888888888,18,1.0,2,,0.0,1.0,2.0,1.0,2.0,,,,
15,18,Expe1,15,5,All,18,3,0.7209302325581395,43,0.8,5,1.0,1.0,1.0,2.0,1.0,2.0,0.3,0.7,0.4,10.0
16,1,Expe1,16,3,All,1,1,0.8518518518518519,27,0.3333333333333333,3,1.0,1.0,1.0,2.0,0.0,2.0,0.0,1.0,1.0,2.0
16,2,Expe1,16,6,All,2,1,0.5370370370370371,54,0.0,6,0.0,1.0,0.8,5.0,0.0,5.0,1.45,1.35,-0.1,20.0
16,3,Expe1,16,3,All,3,2,0.9259259259259259,27,0.6666666666666666,3,1.0,2.0,1.0,1.0,0.0,1.0,0.0,1.0,1.0,1.0
16,4,Expe1,16,2,All,4,1,0.9444444444444444,18,1.0,2,1.0,1.0,1.0,1.0,1.0,1.0,,,,
16,5,Expe1,16,4,All,5,1,0.8333333333333334,36,0.75,4,,0.0,1.0,4.0,0.75,4.0,0.5,1.0,0.5,2.0
16,6,Expe1,16,2,All,6,2,0.8888888888888888,18,1.0,2,,0.0,1.0,2.0,1.0,2.0,,,,
16,7,Expe1,16,2,All,7,3,0.8888888888888888,18,0.5,2,1.0,1.0,1.0,1.0,0.0,1.0,0.0,1.0,1.0,1.0
16,8,Expe1,16,5,All,8,1,0.9333333333333333,45,0.8,5,1.0,3.0,1.0,2.0,0.5,2.0,0.0,1.0,1.0,1.0
16,9,Expe1,16,4,All,9,2,0.75,36,0.25,4,,0.0,0.75,4.0,0.25,4.0,0.4,1.0,0.6,5.0
16,10,Expe1,16,6,All,10,2,0.8518518518518519,54,0.8333333333333334,6,1.0,2.0,1.0,4.0,0.75,4.0,0.5,1.0,0.5,4.0
16,11,Expe1,16,5,All,11,2,0.9555555555555556,45,1.0,5,1.0,3.0,1.0,2.0,1.0,2.0,,,,
16,12,Expe1,16,3,All,12,3,0.8518518518518519,27,0.6666666666666666,3,,0.0,1.0,3.0,0.6666666666666666,3.0,0.0,1.0,1.0,1.0
16,13,Expe1,16,6,All,13,3,0.8703703703703703,54,0.5,6,0.6666666666666666,3.0,1.0,3.0,0.3333333333333333,3.0,0.25,0.75,0.5,4.0
16,14,Expe1,16,3,All,14,4,0.8518518518518519,27,1.0,3,1.0,1.0,1.0,2.0,1.0,2.0,0.5,0.0,-0.5,2.0
16,15,Expe1,16,2,All,15,4,0.9444444444444444,18,1.0,2,1.0,1.0,1.0,1.0,1.0,1.0,,,,
16,16,Expe1,16,4,All,16,3,0.9166666666666666,36,0.75,4,1.0,2.0,1.0,2.0,0.5,2.0,0.0,1.0,1.0,1.0
16,17,Expe1,16,2,All,17,5,0.8888888888888888,18,0.5,2,1.0,1.0,1.0,1.0,0.0,1.0,0.0,1.0,1.0,1.0
16,18,Expe1,16,2,All,18,6,0.8333333333333334,18,0.5,2,,0.0,1.0,2.0,0.5,2.0,0.0,1.0,1.0,1.0
17,1,Expe1,17,2,All,1,1,0.7222222222222222,18,0.0,2,0.0,1.0,0.0,1.0,0.0,1.0,0.5,0.5,0.0,4.0
17,2,Expe1,17,6,All,2,1,0.7735849056603774,53,1.0,6,1.0,3.0,1.0,3.0,1.0,3.0,0.6,0.7,0.1,10.0
17,3,Expe1,17,2,All,3,2,0.6666666666666666,18,0.5,2,,0.0,1.0,2.0,0.5,2.0,0.5,1.25,0.75,4.0
17,4,Expe1,17,5,All,4,1,0.5333333333333333,45,0.4,5,1.0,1.0,0.5,4.0,0.25,4.0,2.0,2.0,0.0,20.0
17,5,Expe1,17,3,All,5,1,0.8148148148148148,27,1.0,3,1.0,1.0,1.0,2.0,1.0,2.0,1.0,0.16666666666666666,-0.8333333333333334,6.0
17,6,Expe1,17,4,All,6,1,0.7777777777777778,36,0.75,4,1.0,1.0,0.6666666666666666,3.0,0.6666666666666666,3.0,1.8333333333333333,1.6666666666666667,-0.16666666666666666,6.0
17,7,Expe1,17,2,All,7,3,0.8888888888888888,18,1.0,2,1.0,1.0,1.0,1.0,1.0,1.0,1.0,0.0,-1.0,1.0
17,8,Expe1,17,3,All,8,2,0.8846153846153846,26,0.6666666666666666,3,1.0,2.0,1.0,1.0,0.0,1.0,0.5,1.0,0.5,2.0
17,9,Expe1,17,4,All,9,2,0.7714285714285715,35,0.5,4,1.0,2.0,1.0,2.0,0.0,2.0,0.42857142857142855,0.5714285714285714,0.14285714285714285,7.0
17,10,Expe1,17,6,All,10,2,0.6981132075471698,53,0.5,6,1.0,2.0,1.0,4.0,0.25,4.0,2.0,1.3846153846153846,-0.6153846153846154,13.0
17,11,Expe1,17,5,All,11,2,0.37777777777777777,45,0.6,5,,0.0,1.0,5.0,0.6,5.0,3.138888888888889,2.6666666666666665,-0.4722222222222222,36.0
17,12,Expe1,17,2,All,12,4,0.8888888888888888,18,1.0,2,1.0,1.0,1.0,1.0,1.0,1.0,0.0,0.5,0.5,2.0
17,13,Expe1,17,6,All,13,3,0.6851851851851852,54,0.6666666666666666,6,1.0,2.0,1.0,4.0,0.5,4.0,1.1538461538461537,1.3846153846153846,0.23076923076923078,13.0
17,14,Expe1,17,2,All,14,5,0.8333333333333334,18,1.0,2,1.0,1.0,1.0,1.0,1.0,1.0,0.5,1.0,0.5,2.0
17,15,Expe1,17,5,All,15,3,0.6590909090909091,44,0.6,5,,0.0,0.75,4.0,0.75,4.0,1.0,0.7272727272727273,-0.2727272727272727,11.0
17,16,Expe1,17,3,All,16,3,0.7692307692307693,26,0.6666666666666666,3,1.0,2.0,1.0,1.0,0.0,1.0,0.4,1.0,0.6,5.0
17,17,Expe1,17,4,All,17,3,0.8571428571428571,35,0.75,4,1.0,3.0,1.0,1.0,0.0,1.0,0.25,0.5,0.25,4.0
17,18,Expe1,17,2,All,18,6,0.8823529411764706,17,1.0,2,1.0,2.0,,0.0,,0.0,0.5,0.0,-0.5,2.0
18,1,Expe1,18,6,All,1,1,0.7592592592592593,54,0.5,6,1.0,2.0,1.0,4.0,0.25,4.0,0.5555555555555556,0.8888888888888888,0.3333333333333333,9.0
18,2,Expe1,18,5,All,2,1,0.7777777777777778,45,0.6,5,1.0,1.0,0.75,4.0,0.5,4.0,1.0,0.6666666666666666,-0.3333333333333333,6.0
18,3,Expe1,18,2,All,3,1,0.9444444444444444,18,1.0,2,1.0,1.0,1.0,1.0,1.0,1.0,,,,
18,4,Expe1,18,4,All,4,1,0.75,36,0.75,4,,0.0,1.0,4.0,0.75,4.0,1.2,1.0,-0.2,5.0
18,5,Expe1,18,2,All,5,2,0.8888888888888888,18,0.5,2,1.0,1.0,1.0,1.0,0.0,1.0,0.0,1.0,1.0,1.0
18,6,Expe1,18,3,All,6,1,0.8518518518518519,27,0.3333333333333333,3,1.0,1.0,1.0,2.0,0.0,2.0,0.0,1.0,1.0,2.0
18,7,Expe1,18,3,All,7,2,0.9259259259259259,27,1.0,3,1.0,1.0,1.0,2.0,1.0,2.0,,,,
18,8,Expe1,18,2,All,8,3,0.8333333333333334,18,0.5,2,,0.0,1.0,2.0,0.5,2.0,0.0,1.0,1.0,1.0
18,9,Expe1,18,5,All,9,2,0.6666666666666666,45,0.4,5,,0.0,0.6,5.0,0.4,5.0,1.1,1.5,0.4,10.0
18,10,Expe1,18,6,All,10,2,0.7962962962962963,54,0.3333333333333333,6,0.5,2.0,1.0,4.0,0.25,4.0,0.5714285714285714,0.5714285714285714,0.0,7.0
18,11,Expe1,18,4,All,11,2,0.9166666666666666,36,0.75,4,1.0,2.0,1.0,2.0,0.5,2.0,0.0,1.0,1.0,1.0
18,12,Expe1,18,6,All,12,3,0.8703703703703703,54,1.0,6,1.0,2.0,1.0,4.0,1.0,4.0,0.6666666666666666,0.6666666666666666,0.0,3.0
18,13,Expe1,18,5,All,13,3,0.8222222222222222,45,0.6,5,1.0,2.0,1.0,3.0,0.3333333333333333,3.0,0.4,1.0,0.6,5.0
18,14,Expe1,18,2,All,14,4,0.7777777777777778,18,0.0,2,,0.0,1.0,2.0,0.0,2.0,0.0,1.0,1.0,2.0
18,15,Expe1,18,4,All,15,3,0.8888888888888888,36,0.5,4,1.0,2.0,1.0,2.0,0.0,2.0,0.0,1.0,1.0,2.0
18,16,Expe1,18,2,All,16,5,0.8888888888888888,18,0.5,2,1.0,1.0,1.0,1.0,0.0,1.0,0.0,1.0,1.0,1.0
18,17,Expe1,18,3,All,17,3,0.9259259259259259,27,0.6666666666666666,3,1.0,2.0,1.0,1.0,0.0,1.0,0.0,1.0,1.0,1.0
18,18,Expe1,18,3,All,18,4,0.8888888888888888,27,0.6666666666666666,3,1.0,1.0,1.0,2.0,0.5,2.0,0.0,1.0,1.0,1.0
19,1,Expe1,19,5,All,1,1,0.8888888888888888,45,0.8,5,1.0,2.0,1.0,3.0,0.6666666666666666,3.0,0.5,0.5,0.0,2.0
19,2,Expe1,19,4,All,2,1,0.8055555555555556,36,0.75,4,1.0,2.0,1.0,2.0,0.5,2.0,0.6,0.8,0.2,5.0
19,3,Expe1,19,6,All,3,1,0.8148148148148148,54,0.5,6,1.0,2.0,1.0,4.0,0.25,4.0,0.5,0.8333333333333334,0.3333333333333333,6.0
19,4,Expe1,19,3,All,4,1,0.8888888888888888,27,0.6666666666666666,3,1.0,1.0,1.0,2.0,0.5,2.0,0.0,1.0,1.0,1.0
19,5,Expe1,19,2,All,5,1,0.8888888888888888,18,0.5,2,1.0,1.0,1.0,1.0,0.0,1.0,0.0,1.0,1.0,1.0
19,6,Expe1,19,2,All,6,2,0.8888888888888888,18,1.0,2,,0.0,1.0,2.0,1.0,2.0,,,,
19,7,Expe1,19,2,All,7,3,0.8888888888888888,18,0.5,2,1.0,1.0,1.0,1.0,0.0,1.0,0.0,1.0,1.0,1.0
19,8,Expe1,19,3,All,8,2,0.8518518518518519,27,0.6666666666666666,3,,0.0,1.0,3.0,0.6666666666666666,3.0,0.0,1.0,1.0,1.0
19,9,Expe1,19,4,All,9,2,0.8055555555555556,36,0.25,4,,0.0,1.0,4.0,0.25,4.0,0.0,1.0,1.0,3.0
19,10,Expe1,19,5,All,10,2,0.8444444444444444,45,0.4,5,1.0,1.0,1.0,4.0,0.25,4.0,0.0,1.0,1.0,3.0
19,11,Expe1,19,6,All,11,2,0.7735849056603774,53,0.6,5,0.5,2.0,1.0,3.0,0.6666666666666666,3.0,0.625,0.875,0.25,8.0
19,12,Expe1,19,5,All,12,3,0.9111111111111111,45,1.0,5,1.0,3.0,1.0,2.0,1.0,2.0,0.0,0.5,0.5,2.0
19,13,Expe1,19,4,All,13,3,0.9444444444444444,36,1.0,4,1.0,2.0,1.0,2.0,1.0,2.0,,,,
19,14,Expe1,19,6,All,14,3,0.8518518518518519,54,0.5,6,1.0,2.0,1.0,4.0,0.25,4.0,0.25,1.0,0.75,4.0
19,15,Expe1,19,3,All,15,3,0.9259259259259259,27,1.0,3,1.0,1.0,1.0,2.0,1.0,2.0,,,,
19,16,Expe1,19,2,All,16,4,0.8888888888888888,18,1.0,2,,0.0,1.0,2.0,1.0,2.0,,,,
19,17,Expe1,19,2,All,17,5,0.9444444444444444,18,1.0,2,1.0,1.0,1.0,1.0,1.0,1.0,,,,
19,18,Expe1,19,2,All,18,6,0.9444444444444444,18,1.0,2,1.0,1.0,1.0,1.0,1.0,1.0,,,,
20,1,Expe1,22,2,All,1,1,0.9411764705882353,17,1.0,2,,0.0,1.0,1.0,1.0,1.0,,,,
20,2,Expe1,22,3,All,2,1,0.9629629629629629,27,1.0,3,1.0,2.0,1.0,1.0,1.0,1.0,,,,
20,3,Expe1,22,3,All,3,2,0.9629629629629629,27,1.0,3,1.0,3.0,,0.0,,0.0,0.0,0.0,0.0,1.0
20,4,Expe1,22,2,All,4,2,0.8888888888888888,18,0.5,2,1.0,1.0,1.0,1.0,0.0,1.0,0.0,1.0,1.0,1.0
20,5,Expe1,22,4,All,5,1,0.8888888888888888,36,1.0,4,1.0,2.0,1.0,2.0,1.0,2.0,0.5,1.0,0.5,2.0
20,6,Expe1,22,2,All,6,3,0.8888888888888888,18,1.0,2,,0.0,1.0,2.0,1.0,2.0,,,,
20,7,Expe1,22,5,All,7,1,0.7777777777777778,45,0.4,5,,0.0,1.0,5.0,0.4,5.0,0.6,1.0,0.4,5.0
20,8,Expe1,22,6,All,8,1,0.7777777777777778,54,0.8333333333333334,6,0.5,2.0,1.0,4.0,1.0,4.0,0.625,0.75,0.125,8.0
20,9,Expe1,22,4,All,9,2,0.8055555555555556,36,0.5,4,,0.0,1.0,4.0,0.5,4.0,0.3333333333333333,1.0,0.6666666666666666,3.0
20,10,Expe1,22,5,All,10,2,0.7111111111111111,45,0.6,5,1.0,1.0,1.0,4.0,0.5,4.0,0.8888888888888888,0.8888888888888888,0.0,9.0
20,11,Expe1,22,6,All,11,2,0.9074074074074074,54,0.8333333333333334,6,1.0,3.0,1.0,3.0,0.6666666666666666,3.0,0.5,0.5,0.0,2.0
20,12,Expe1,22,2,All,12,4,1.0,18,1.0,2,1.0,2.0,,0.0,,0.0,,,,
20,13,Expe1,22,3,All,13,3,0.8148148148148148,27,0.3333333333333333,3,,0.0,1.0,3.0,0.3333333333333333,3.0,0.0,1.0,1.0,2.0
20,14,Expe1,22,3,All,14,4,0.7777777777777778,27,0.3333333333333333,3,,0.0,1.0,3.0,0.3333333333333333,3.0,0.0,1.0,1.0,3.0
20,15,Expe1,22,2,All,15,5,0.8333333333333334,18,0.5,2,,0.0,1.0,2.0,0.5,2.0,0.0,1.0,1.0,1.0
20,16,Expe1,22,4,All,16,3,0.9444444444444444,36,0.75,4,1.0,3.0,1.0,1.0,0.0,1.0,0.0,1.0,1.0,1.0
20,17,Expe1,22,2,All,17,6,0.8888888888888888,18,0.5,2,1.0,1.0,1.0,1.0,0.0,1.0,0.0,1.0,1.0,1.0
20,18,Expe1,22,5,All,18,3,0.7555555555555555,45,0.4,5,0.5,2.0,1.0,3.0,0.3333333333333333,3.0,0.75,0.875,0.125,8.0
21,1,Expe1,23,3,All,1,1,1.0,27,1.0,3,1.0,3.0,,0.0,,0.0,,,,
21,2,Expe1,23,2,All,2,1,0.8333333333333334,18,0.5,2,,0.0,1.0,2.0,0.5,2.0,0.0,1.0,1.0,1.0
21,3,Expe1,23,2,All,3,2,0.8333333333333334,18,0.5,2,,0.0,1.0,2.0,0.5,2.0,0.0,1.0,1.0,1.0
21,4,Expe1,23,2,All,4,3,0.7777777777777778,18,0.0,2,,0.0,1.0,2.0,0.0,2.0,0.0,1.0,1.0,2.0
21,5,Expe1,23,3,All,5,2,0.8518518518518519,27,0.6666666666666666,3,1.0,1.0,1.0,2.0,0.5,2.0,0.0,1.0,1.0,2.0
21,6,Expe1,23,6,All,6,1,0.8148148148148148,54,0.6666666666666666,6,1.0,2.0,0.5,4.0,0.5,4.0,2.1666666666666665,0.0,-2.1666666666666665,6.0
21,7,Expe1,23,4,All,7,1,0.8611111111111112,36,0.5,4,1.0,2.0,1.0,2.0,0.0,2.0,0.0,0.6666666666666666,0.6666666666666666,3.0
21,8,Expe1,23,5,All,8,1,0.7555555555555555,45,0.4,5,1.0,2.0,0.6666666666666666,3.0,0.0,3.0,0.875,1.0,0.125,8.0
21,9,Expe1,23,6,All,9,2,0.39622641509433965,53,0.5,6,1.0,1.0,0.75,4.0,0.25,4.0,1.3793103448275863,1.896551724137931,0.5172413793103449,29.0
21,10,Expe1,23,4,All,10,2,0.7777777777777778,36,0.75,4,1.0,1.0,0.6666666666666666,3.0,0.6666666666666666,3.0,0.6666666666666666,0.8333333333333334,0.16666666666666666,6.0
21,11,Expe1,23,5,All,11,2,0.6888888888888889,45,0.4,5,0.5,2.0,0.6666666666666666,3.0,0.3333333333333333,3.0,1.2307692307692308,0.6923076923076923,-0.5384615384615384,13.0
21,12,Expe1,23,3,All,12,3,0.8461538461538461,26,0.5,2,,0.0,1.0,2.0,0.5,2.0,0.0,1.0,1.0,1.0
21,13,Expe1,23,2,All,13,4,0.9444444444444444,18,1.0,2,1.0,1.0,1.0,1.0,1.0,1.0,,,,
21,14,Expe1,23,2,All,14,5,0.7777777777777778,18,0.0,2,,0.0,0.5,2.0,0.0,2.0,0.5,0.5,0.0,2.0
21,15,Expe1,23,2,All,15,6,0.8333333333333334,18,0.5,2,,0.0,1.0,2.0,0.5,2.0,0.0,1.0,1.0,1.0
21,16,Expe1,23,3,All,16,4,1.0,27,1.0,3,1.0,3.0,,0.0,,0.0,,,,
21,17,Expe1,23,6,All,17,3,0.7924528301886793,53,0.6,5,1.0,1.0,1.0,4.0,0.5,4.0,0.5,1.0,0.5,6.0
21,18,Expe1,23,4,All,18,3,0.9166666666666666,36,0.75,4,1.0,2.0,1.0,2.0,0.5,2.0,0.0,1.0,1.0,1.0
22,1,Expe1,24,2,All,1,1,0.7777777777777778,18,0.0,2,,0.0,0.5,2.0,0.0,2.0,0.5,0.5,0.0,2.0
22,2,Expe1,24,2,All,2,2,1.0,18,1.0,2,1.0,2.0,,0.0,,0.0,,,,
22,3,Expe1,24,3,All,3,1,0.8518518518518519,27,0.3333333333333333,3,0.5,2.0,1.0,1.0,0.0,1.0,0.0,0.3333333333333333,0.3333333333333333,3.0
22,4,Expe1,24,6,All,4,1,0.5,54,0.16666666666666666,6,,0.0,0.5,6.0,0.16666666666666666,6.0,2.08,1.6,-0.48,25.0
22,5,Expe1,24,2,All,5,3,0.8888888888888888,18,1.0,2,1.0,1.0,1.0,1.0,1.0,1.0,0.5,0.0,-0.5,2.0
22,6,Expe1,24,5,All,6,1,0.7777777777777778,45,0.8,5,1.0,2.0,1.0,3.0,0.6666666666666666,3.0,0.8888888888888888,0.6666666666666666,-0.2222222222222222,9.0
22,7,Expe1,24,3,All,7,2,0.8888888888888888,27,0.6666666666666666,3,1.0,1.0,1.0,2.0,0.5,2.0,0.5,1.0,0.5,2.0
22,8,Expe1,24,4,All,8,1,0.8055555555555556,36,0.5,4,,0.0,0.75,4.0,0.5,4.0,0.3333333333333333,1.0,0.6666666666666666,3.0
22,9,Expe1,24,5,All,9,2,0.8444444444444444,45,0.8,5,1.0,3.0,1.0,2.0,0.5,2.0,0.4,1.0,0.6,5.0
22,10,Expe1,24,6,All,10,2,0.7222222222222222,54,0.5,6,1.0,2.0,0.75,4.0,0.25,4.0,1.0,1.3636363636363635,0.36363636363636365,11.0
22,11,Expe1,24,4,All,11,2,0.8333333333333334,36,0.75,4,1.0,2.0,1.0,2.0,0.5,2.0,0.5,0.5,0.0,4.0
22,12,Expe1,24,2,All,12,4,0.8333333333333334,18,0.5,2,1.0,1.0,1.0,1.0,0.0,1.0,0.0,0.5,0.5,2.0
22,13,Expe1,24,2,All,13,5,0.8888888888888888,18,1.0,2,1.0,1.0,1.0,1.0,1.0,1.0,1.0,0.0,-1.0,1.0
22,14,Expe1,24,3,All,14,3,0.7777777777777778,27,0.0,3,,0.0,0.6666666666666666,3.0,0.0,3.0,0.3333333333333333,0.6666666666666666,0.3333333333333333,3.0
22,15,Expe1,24,6,All,15,3,0.8703703703703703,54,0.6666666666666666,6,1.0,2.0,1.0,4.0,0.5,4.0,0.3333333333333333,1.0,0.6666666666666666,3.0
22,16,Expe1,24,2,All,16,6,0.8333333333333334,18,1.0,2,,0.0,1.0,2.0,1.0,2.0,0.0,1.0,1.0,1.0
22,17,Expe1,24,5,All,17,3,0.8666666666666667,45,0.6,5,0.5,2.0,1.0,3.0,0.6666666666666666,3.0,0.0,0.6666666666666666,0.6666666666666666,3.0
22,18,Expe1,24,3,All,18,4,0.8148148148148148,27,0.6666666666666666,3,1.0,1.0,1.0,2.0,0.5,2.0,0.3333333333333333,0.6666666666666666,0.3333333333333333,3.0
23,1,Expe1,25,2,All,1,1,0.8333333333333334,18,1.0,2,,0.0,1.0,2.0,1.0,2.0,1.0,0.0,-1.0,1.0
23,2,Expe1,25,4,All,2,1,0.8235294117647058,34,0.6666666666666666,3,1.0,1.0,1.0,2.0,0.5,2.0,0.6666666666666666,0.6666666666666666,0.0,3.0
23,3,Expe1,25,3,All,3,1,0.8148148148148148,27,1.0,3,1.0,2.0,1.0,1.0,1.0,1.0,1.0,0.0,-1.0,4.0
23,4,Expe1,25,3,All,4,2,0.7777777777777778,27,0.6666666666666666,3,1.0,1.0,1.0,2.0,0.5,2.0,0.5,1.0,0.5,4.0
23,5,Expe1,25,5,All,5,1,0.7674418604651163,43,0.5,4,0.6666666666666666,3.0,1.0,1.0,0.0,1.0,0.5,0.5,0.0,8.0
23,6,Expe1,25,2,All,6,2,0.8823529411764706,17,0.5,2,1.0,1.0,1.0,1.0,0.0,1.0,0.0,1.0,1.0,1.0
23,7,Expe1,25,2,All,7,3,0.7222222222222222,18,0.0,2,0.0,1.0,1.0,1.0,0.0,1.0,0.25,0.75,0.5,4.0
23,8,Expe1,25,6,All,8,1,0.4528301886792453,53,0.3333333333333333,6,,0.0,0.6666666666666666,6.0,0.3333333333333333,6.0,3.4444444444444446,2.5,-0.9444444444444444,36.0
23,9,Expe1,25,4,All,9,2,0.7777777777777778,36,0.5,4,1.0,1.0,1.0,3.0,0.3333333333333333,3.0,0.4,1.2,0.8,5.0
23,10,Expe1,25,5,All,10,2,0.8,45,0.6,5,1.0,1.0,1.0,4.0,0.5,4.0,0.8,1.0,0.2,5.0
23,11,Expe1,25,6,All,11,2,0.7169811320754716,53,0.3333333333333333,6,1.0,2.0,0.75,4.0,0.0,4.0,1.0,1.1818181818181819,0.18181818181818182,11.0
23,12,Expe1,25,2,All,12,4,0.9444444444444444,18,1.0,2,1.0,1.0,1.0,1.0,1.0,1.0,,,,
23,13,Expe1,25,4,All,13,3,0.7222222222222222,36,0.25,4,,0.0,0.75,4.0,0.25,4.0,0.8333333333333334,1.1666666666666667,0.3333333333333333,6.0
23,14,Expe1,25,3,All,14,3,0.7407407407407407,27,0.3333333333333333,3,,0.0,0.6666666666666666,3.0,0.3333333333333333,3.0,0.5,1.0,0.5,4.0
23,15,Expe1,25,3,All,15,4,1.0,25,1.0,3,1.0,3.0,,0.0,,0.0,,,,
23,16,Expe1,25,5,All,16,3,0.8888888888888888,45,0.8,5,1.0,2.0,1.0,3.0,0.6666666666666666,3.0,0.5,1.0,0.5,2.0
23,17,Expe1,25,2,All,17,5,0.8333333333333334,18,0.5,2,1.0,1.0,1.0,1.0,0.0,1.0,0.5,1.0,0.5,2.0
23,18,Expe1,25,2,All,18,6,0.9444444444444444,18,1.0,2,1.0,1.0,1.0,1.0,1.0,1.0,,,,
24,1,Expe1,26,4,All,1,1,0.9444444444444444,36,1.0,4,1.0,2.0,1.0,2.0,1.0,2.0,,,,
24,2,Expe1,26,3,All,2,1,0.8846153846153846,26,0.6666666666666666,3,1.0,2.0,1.0,1.0,0.0,1.0,0.0,0.5,0.5,2.0
24,3,Expe1,26,2,All,3,1,1.0,17,1.0,2,1.0,2.0,,0.0,,0.0,,,,
24,4,Expe1,26,2,All,4,2,0.7647058823529411,17,0.0,2,,0.0,1.0,2.0,0.0,2.0,0.0,1.0,1.0,2.0
24,5,Expe1,26,3,All,5,2,0.8518518518518519,27,1.0,3,1.0,1.0,1.0,2.0,1.0,2.0,0.5,0.5,0.0,2.0
24,6,Expe1,26,6,All,6,1,0.7358490566037735,53,0.8333333333333334,6,1.0,3.0,1.0,2.0,1.0,2.0,1.0,0.4666666666666667,-0.5333333333333333,15.0
24,7,Expe1,26,5,All,7,1,0.6976744186046512,43,0.6,5,1.0,1.0,0.5,4.0,0.5,4.0,1.3636363636363635,1.4545454545454546,0.09090909090909091,11.0
24,8,Expe1,26,2,All,8,3,0.8333333333333334,18,1.0,2,,0.0,1.0,2.0,1.0,2.0,0.5,0.5,0.0,2.0
24,9,Expe1,26,4,All,9,2,0.6944444444444444,36,0.25,4,,0.0,0.5,4.0,0.25,4.0,1.0,0.7142857142857143,-0.2857142857142857,7.0
24,10,Expe1,26,5,All,10,2,0.6,45,0.4,5,1.0,1.0,0.5,4.0,0.25,4.0,1.92,1.84,-0.08,25.0
24,11,Expe1,26,6,All,11,2,0.4230769230769231,52,0.16666666666666666,6,0.5,2.0,0.75,4.0,0.0,4.0,1.4814814814814814,1.0740740740740742,-0.4074074074074074,27.0
24,12,Expe1,26,4,All,12,3,0.6111111111111112,36,0.0,4,0.0,1.0,0.6666666666666666,3.0,0.0,3.0,0.6363636363636364,1.0909090909090908,0.45454545454545453,11.0
24,13,Expe1,26,3,All,13,3,0.7777777777777778,27,0.3333333333333333,3,,0.0,1.0,3.0,0.3333333333333333,3.0,0.3333333333333333,1.0,0.6666666666666666,3.0
24,14,Expe1,26,2,All,14,4,0.7777777777777778,18,0.0,2,,0.0,1.0,2.0,0.0,2.0,0.0,1.0,1.0,2.0
24,15,Expe1,26,2,All,15,5,0.7777777777777778,18,0.5,2,,0.0,1.0,2.0,0.5,2.0,0.5,1.0,0.5,2.0
24,16,Expe1,26,3,All,16,4,0.9259259259259259,27,0.6666666666666666,3,1.0,2.0,1.0,1.0,0.0,1.0,0.0,1.0,1.0,1.0
24,17,Expe1,26,6,All,17,3,0.49056603773584906,53,0.0,6,,0.0,0.8333333333333334,6.0,0.0,6.0,1.0476190476190477,1.5714285714285714,0.5238095238095238,21.0
24,18,Expe1,26,5,All,18,3,0.5581395348837209,43,0.6,5,1.0,1.0,0.75,4.0,0.5,4.0,1.6666666666666667,1.6666666666666667,0.0,18.0
25,1,Expe1,27,3,All,1,1,0.6296296296296297,27,0.0,3,,0.0,1.0,3.0,0.0,3.0,0.7142857142857143,1.0,0.2857142857142857,7.0
25,2,Expe1,27,2,All,2,1,0.8888888888888888,18,1.0,2,1.0,1.0,1.0,1.0,1.0,1.0,0.0,1.0,1.0,1.0
25,3,Expe1,27,4,All,3,1,0.75,36,0.5,4,1.0,1.0,0.6666666666666666,3.0,0.3333333333333333,3.0,1.5,0.625,-0.875,8.0
25,4,Expe1,27,6,All,4,1,0.5384615384615384,52,0.2,5,0.5,2.0,0.3333333333333333,3.0,0.0,3.0,1.5909090909090908,1.4545454545454546,-0.13636363636363635,22.0
25,5,Expe1,27,2,All,5,2,0.8823529411764706,17,0.5,2,1.0,1.0,1.0,1.0,0.0,1.0,0.0,1.0,1.0,1.0
25,6,Expe1,27,2,All,6,3,0.9444444444444444,18,1.0,2,1.0,2.0,,0.0,,0.0,0.0,0.0,0.0,1.0
25,7,Expe1,27,3,All,7,2,0.7777777777777778,27,0.6666666666666666,3,1.0,1.0,1.0,2.0,0.5,2.0,0.5,1.25,0.75,4.0
25,8,Expe1,27,5,All,8,1,0.3170731707317073,41,0.4,5,0.3333333333333333,3.0,1.0,2.0,0.5,2.0,2.138888888888889,1.7222222222222223,-0.4166666666666667,36.0
25,9,Expe1,27,4,All,9,2,0.8888888888888888,36,0.75,4,1.0,2.0,1.0,2.0,0.5,2.0,0.5,1.0,0.5,2.0
25,10,Expe1,27,5,All,10,2,0.7333333333333333,45,0.6,5,1.0,1.0,1.0,4.0,0.5,4.0,0.5555555555555556,0.8888888888888888,0.3333333333333333,9.0
25,11,Expe1,27,6,All,11,2,0.3541666666666667,48,0.3333333333333333,6,0.5,2.0,0.5,4.0,0.25,4.0,1.775,2.225,0.45,40.0
25,12,Expe1,27,3,All,12,3,0.9259259259259259,27,1.0,3,1.0,1.0,1.0,2.0,1.0,2.0,,,,
25,13,Expe1,27,2,All,13,4,0.9444444444444444,18,1.0,2,1.0,2.0,,0.0,,0.0,0.0,0.0,0.0,1.0
25,14,Expe1,27,4,All,14,3,0.7222222222222222,36,0.5,4,1.0,2.0,0.0,2.0,0.0,2.0,0.875,0.875,0.0,8.0
25,15,Expe1,27,6,All,15,3,0.42592592592592593,54,0.0,6,0.0,1.0,0.2,5.0,0.0,5.0,1.9393939393939394,1.9696969696969697,0.030303030303030304,33.0
25,16,Expe1,27,2,All,16,5,0.9444444444444444,18,1.0,2,1.0,1.0,1.0,1.0,1.0,1.0,,,,
25,17,Expe1,27,2,All,17,6,0.8333333333333334,18,1.0,2,1.0,1.0,1.0,1.0,1.0,1.0,1.0,0.0,-1.0,4.0
25,18,Expe1,27,3,All,18,4,0.6666666666666666,27,0.3333333333333333,3,,0.0,1.0,3.0,0.3333333333333333,3.0,1.1428571428571428,1.2857142857142858,0.14285714285714285,7.0
26,1,Expe1,28,2,All,1,1,0.8333333333333334,18,0.5,2,,0.0,1.0,2.0,0.5,2.0,0.0,1.0,1.0,1.0
26,2,Expe1,28,6,All,2,1,0.5555555555555556,54,0.5,6,0.6666666666666666,3.0,0.6666666666666666,3.0,0.3333333333333333,3.0,2.413793103448276,1.7241379310344827,-0.6896551724137931,29.0
26,3,Expe1,28,3,All,3,1,0.8888888888888888,27,0.6666666666666666,3,1.0,1.0,1.0,2.0,0.5,2.0,0.0,1.0,1.0,1.0
26,4,Expe1,28,2,All,4,2,0.6666666666666666,12,0.0,2,,0.0,1.0,1.0,0.0,1.0,0.0,0.6666666666666666,0.6666666666666666,3.0
26,5,Expe1,28,4,All,5,1,0.8055555555555556,36,0.25,4,,0.0,0.75,4.0,0.25,4.0,0.3333333333333333,0.6666666666666666,0.3333333333333333,3.0
26,6,Expe1,28,5,All,6,1,0.8181818181818182,44,0.8,5,1.0,2.0,1.0,3.0,0.6666666666666666,3.0,0.8,0.8,0.0,5.0
26,7,Expe1,28,2,All,7,3,0.7777777777777778,18,0.5,2,,0.0,1.0,2.0,0.5,2.0,0.0,1.0,1.0,2.0
26,8,Expe1,28,3,All,8,2,0.8518518518518519,27,0.6666666666666666,3,,0.0,0.6666666666666666,3.0,0.6666666666666666,3.0,1.0,0.0,-1.0,1.0
26,9,Expe1,28,4,All,9,2,0.8888888888888888,36,0.5,4,1.0,2.0,1.0,2.0,0.0,2.0,0.0,1.0,1.0,2.0
26,10,Expe1,28,6,All,10,2,0.7777777777777778,54,0.5,6,1.0,2.0,0.5,4.0,0.25,4.0,0.625,1.25,0.625,8.0
26,11,Expe1,28,5,All,11,2,0.6444444444444445,45,0.6,5,1.0,2.0,1.0,3.0,0.3333333333333333,3.0,1.3571428571428572,1.7857142857142858,0.42857142857142855,14.0
26,12,Expe1,28,2,All,12,4,0.8888888888888888,18,0.5,2,1.0,1.0,1.0,1.0,0.0,1.0,0.0,1.0,1.0,1.0
26,13,Expe1,28,6,All,13,3,0.5471698113207547,53,0.5,6,1.0,2.0,1.0,4.0,0.25,4.0,2.1739130434782608,1.8695652173913044,-0.30434782608695654,23.0
26,14,Expe1,28,3,All,14,3,0.8518518518518519,27,0.6666666666666666,3,,0.0,1.0,3.0,0.6666666666666666,3.0,0.0,1.0,1.0,1.0
26,15,Expe1,28,2,All,15,5,0.8888888888888888,18,0.5,2,1.0,1.0,1.0,1.0,0.0,1.0,0.0,1.0,1.0,1.0
26,16,Expe1,28,4,All,16,3,0.7777777777777778,36,1.0,4,1.0,1.0,1.0,3.0,1.0,3.0,0.3333333333333333,0.8333333333333334,0.5,6.0
26,17,Expe1,28,5,All,17,3,0.7555555555555555,45,0.4,5,1.0,1.0,1.0,4.0,0.25,4.0,0.8571428571428571,1.0,0.14285714285714285,7.0
26,18,Expe1,28,2,All,18,6,0.8888888888888888,18,0.5,2,1.0,1.0,1.0,1.0,0.0,1.0,0.0,1.0,1.0,1.0
27,1,Expe1,29,6,All,1,1,0.8148148148148148,54,0.8333333333333334,6,,0.0,0.8333333333333334,6.0,0.8333333333333334,6.0,0.4,1.0,0.6,5.0
27,2,Expe1,29,2,All,2,1,0.8888888888888888,18,1.0,2,1.0,1.0,1.0,1.0,1.0,1.0,1.0,0.0,-1.0,1.0
27,3,Expe1,29,2,All,3,2,0.8333333333333334,18,0.5,2,,0.0,1.0,2.0,0.5,2.0,0.0,1.0,1.0,1.0
27,4,Expe1,29,5,All,4,1,0.8222222222222222,45,0.6,5,1.0,1.0,1.0,4.0,0.5,4.0,0.25,1.0,0.75,4.0
27,5,Expe1,29,3,All,5,1,0.8518518518518519,27,0.6666666666666666,3,1.0,1.0,1.0,2.0,0.5,2.0,0.5,1.0,0.5,2.0
27,6,Expe1,29,3,All,6,2,0.8518518518518519,27,0.3333333333333333,3,1.0,1.0,1.0,2.0,0.0,2.0,0.0,1.0,1.0,2.0
27,7,Expe1,29,4,All,7,1,0.8333333333333334,36,0.5,4,1.0,2.0,1.0,2.0,0.0,2.0,0.5,1.25,0.75,4.0
27,8,Expe1,29,2,All,8,3,0.8888888888888888,18,1.0,2,1.0,1.0,1.0,1.0,1.0,1.0,0.0,0.0,0.0,1.0
27,9,Expe1,29,6,All,9,2,0.8148148148148148,54,0.6666666666666666,6,1.0,2.0,0.75,4.0,0.5,4.0,1.1666666666666667,1.0,-0.16666666666666666,6.0
27,10,Expe1,29,4,All,10,2,0.9444444444444444,36,0.75,4,1.0,3.0,1.0,1.0,0.0,1.0,0.0,1.0,1.0,1.0
27,11,Expe1,29,5,All,11,2,0.6590909090909091,44,0.2,5,,0.0,1.0,5.0,0.2,5.0,0.6,1.0,0.4,10.0
27,12,Expe1,29,6,All,12,3,0.8518518518518519,54,0.6666666666666666,6,1.0,2.0,1.0,4.0,0.5,4.0,0.0,1.0,1.0,4.0
27,13,Expe1,29,2,All,13,4,0.8333333333333334,18,0.5,2,,0.0,1.0,2.0,0.5,2.0,0.0,1.0,1.0,1.0
27,14,Expe1,29,2,All,14,5,0.9444444444444444,18,1.0,2,1.0,1.0,1.0,1.0,1.0,1.0,,,,
27,15,Expe1,29,5,All,15,3,0.9090909090909091,44,0.75,4,1.0,2.0,1.0,2.0,0.5,2.0,0.0,1.0,1.0,1.0
27,16,Expe1,29,3,All,16,3,0.8518518518518519,27,0.3333333333333333,3,1.0,1.0,1.0,2.0,0.0,2.0,0.0,1.0,1.0,2.0
27,17,Expe1,29,3,All,17,4,0.9230769230769231,26,1.0,3,1.0,1.0,1.0,2.0,1.0,2.0,,,,
27,18,Expe1,29,4,All,18,3,0.8055555555555556,36,0.5,4,,0.0,0.75,4.0,0.5,4.0,0.3333333333333333,1.0,0.6666666666666666,3.0
28,1,Expe1,30,2,All,1,1,1.0,18,1.0,2,1.0,2.0,,0.0,,0.0,,,,
28,2,Expe1,30,5,All,2,1,0.7906976744186046,43,0.75,4,1.0,1.0,1.0,3.0,0.6666666666666666,3.0,0.4,0.6,0.2,5.0
28,3,Expe1,30,6,All,3,1,0.7169811320754716,53,0.6666666666666666,6,0.6666666666666666,3.0,1.0,3.0,0.6666666666666666,3.0,0.9166666666666666,1.25,0.3333333333333333,12.0
28,4,Expe1,30,3,All,4,1,0.8148148148148148,27,0.3333333333333333,3,1.0,1.0,1.0,2.0,0.0,2.0,0.3333333333333333,1.0,0.6666666666666666,3.0
28,5,Expe1,30,2,All,5,2,0.7777777777777778,18,0.0,2,,0.0,1.0,2.0,0.0,2.0,0.0,1.0,1.0,2.0
28,6,Expe1,30,2,All,6,3,0.9444444444444444,18,1.0,2,1.0,1.0,1.0,1.0,1.0,1.0,,,,
28,7,Expe1,30,3,All,7,2,0.8518518518518519,27,0.6666666666666666,3,1.0,1.0,1.0,2.0,0.5,2.0,0.0,0.5,0.5,2.0
28,8,Expe1,30,4,All,8,1,0.8333333333333334,36,0.5,4,,0.0,1.0,4.0,0.5,4.0,0.0,1.0,1.0,2.0
28,9,Expe1,30,5,All,9,2,0.5853658536585366,41,0.5,4,1.0,2.0,0.0,2.0,0.0,2.0,1.0,1.0714285714285714,0.07142857142857142,14.0
28,10,Expe1,30,4,All,10,2,0.8611111111111112,36,0.75,4,1.0,2.0,1.0,2.0,0.5,2.0,0.3333333333333333,1.0,0.6666666666666666,3.0
28,11,Expe1,30,6,All,11,2,0.6666666666666666,54,0.5,6,1.0,1.0,0.8,5.0,0.4,5.0,1.3571428571428572,0.9285714285714286,-0.42857142857142855,14.0
28,12,Expe1,30,2,All,12,4,0.7777777777777778,18,0.0,2,,0.0,1.0,2.0,0.0,2.0,0.0,1.0,1.0,2.0
28,13,Expe1,30,5,All,13,3,0.7333333333333333,45,0.4,5,,0.0,0.8,5.0,0.4,5.0,0.7142857142857143,1.1428571428571428,0.42857142857142855,7.0
28,14,Expe1,30,6,All,14,3,0.7924528301886793,53,0.8333333333333334,6,1.0,3.0,1.0,3.0,0.6666666666666666,3.0,0.875,0.375,-0.5,8.0
28,15,Expe1,30,3,All,15,3,0.9259259259259259,27,1.0,3,1.0,2.0,1.0,1.0,1.0,1.0,0.0,0.0,0.0,1.0
28,16,Expe1,30,2,All,16,5,0.9444444444444444,18,1.0,2,1.0,1.0,1.0,1.0,1.0,1.0,,,,
28,17,Expe1,30,2,All,17,6,0.9444444444444444,18,1.0,2,1.0,1.0,1.0,1.0,1.0,1.0,,,,
28,18,Expe1,30,3,All,18,4,0.9259259259259259,27,1.0,3,1.0,1.0,1.0,2.0,1.0,2.0,,,,
29,1,Expe1,31,5,All,1,1,0.6888888888888889,45,0.4,5,1.0,2.0,0.0,3.0,0.0,3.0,1.1818181818181819,0.2727272727272727,-0.9090909090909091,11.0
29,2,Expe1,31,3,All,2,1,0.8846153846153846,26,1.0,2,1.0,1.0,1.0,1.0,1.0,1.0,0.0,1.0,1.0,1.0
29,3,Expe1,31,2,All,3,1,0.8888888888888888,18,1.0,2,1.0,1.0,1.0,1.0,1.0,1.0,0.0,1.0,1.0,1.0
29,4,Expe1,31,2,All,4,2,0.75,16,0.0,2,0.0,1.0,0.0,1.0,0.0,1.0,0.3333333333333333,0.6666666666666666,0.3333333333333333,3.0
29,5,Expe1,31,6,All,5,1,0.5370370370370371,54,0.3333333333333333,6,0.3333333333333333,3.0,0.6666666666666666,3.0,0.3333333333333333,3.0,3.4516129032258065,1.3225806451612903,-2.129032258064516,31.0
29,6,Expe1,31,4,All,6,1,0.7777777777777778,36,0.5,4,1.0,1.0,0.3333333333333333,3.0,0.3333333333333333,3.0,2.2,0.0,-2.2,5.0
29,7,Expe1,31,2,All,7,3,0.7647058823529411,17,0.5,2,,0.0,1.0,1.0,1.0,1.0,0.3333333333333333,0.3333333333333333,0.0,3.0
29,8,Expe1,31,3,All,8,2,0.9259259259259259,27,1.0,3,1.0,1.0,1.0,2.0,1.0,2.0,,,,
29,9,Expe1,31,5,All,9,2,0.8,45,0.6,5,1.0,2.0,0.6666666666666666,3.0,0.3333333333333333,3.0,0.6666666666666666,0.8333333333333334,0.16666666666666666,6.0
29,10,Expe1,31,4,All,10,2,0.5555555555555556,36,0.5,4,,0.0,0.5,4.0,0.5,4.0,1.3333333333333333,1.5,0.16666666666666666,12.0
29,11,Expe1,31,6,All,11,2,0.48148148148148145,54,0.5,6,0.6666666666666666,3.0,0.6666666666666666,3.0,0.3333333333333333,3.0,2.697674418604651,2.744186046511628,0.046511627906976744,43.0
29,12,Expe1,31,5,All,12,3,0.6444444444444445,45,0.8,5,1.0,1.0,0.75,4.0,0.75,4.0,3.2777777777777777,1.9444444444444444,-1.3333333333333333,18.0
29,13,Expe1,31,3,All,13,3,0.6666666666666666,27,0.0,3,0.0,2.0,1.0,1.0,0.0,1.0,0.875,1.125,0.25,8.0
29,14,Expe1,31,2,All,14,4,0.8888888888888888,18,1.0,2,1.0,1.0,1.0,1.0,1.0,1.0,0.0,1.0,1.0,1.0
29,15,Expe1,31,2,All,15,5,0.9444444444444444,18,1.0,2,1.0,1.0,1.0,1.0,1.0,1.0,,,,
29,16,Expe1,31,6,All,16,3,0.7962962962962963,54,0.6666666666666666,6,1.0,2.0,1.0,4.0,0.5,4.0,1.4285714285714286,1.0,-0.42857142857142855,7.0
29,17,Expe1,31,4,All,17,3,0.8611111111111112,36,0.75,4,1.0,2.0,0.5,2.0,0.5,2.0,0.6666666666666666,0.6666666666666666,0.0,3.0
29,18,Expe1,31,2,All,18,6,0.8888888888888888,18,1.0,2,1.0,1.0,1.0,1.0,1.0,1.0,0.0,1.0,1.0,1.0
30,1,Expe1,32,3,All,1,1,0.7692307692307693,26,1.0,3,1.0,2.0,1.0,1.0,1.0,1.0,0.6,0.2,-0.4,5.0
30,2,Expe1,32,2,All,2,1,0.7777777777777778,18,0.0,2,0.0,1.0,1.0,1.0,0.0,1.0,0.3333333333333333,0.6666666666666666,0.3333333333333333,3.0
30,3,Expe1,32,5,All,3,1,0.6136363636363636,44,0.4,5,1.0,1.0,0.25,4.0,0.25,4.0,2.0,1.8,-0.2,15.0
30,4,Expe1,32,4,All,4,1,0.8611111111111112,36,0.75,4,1.0,1.0,1.0,3.0,0.6666666666666666,3.0,0.75,0.75,0.0,4.0
30,5,Expe1,32,2,All,5,2,0.75,12,0.5,2,,0.0,1.0,2.0,0.5,2.0,0.0,1.0,1.0,1.0
30,6,Expe1,32,3,All,6,2,0.8148148148148148,27,0.3333333333333333,3,1.0,1.0,1.0,2.0,0.0,2.0,0.3333333333333333,1.0,0.6666666666666666,3.0
30,7,Expe1,32,6,All,7,1,0.8518518518518519,54,0.6666666666666666,6,1.0,3.0,1.0,3.0,0.3333333333333333,3.0,0.4,1.0,0.6,5.0
30,8,Expe1,32,2,All,8,3,0.7222222222222222,18,0.0,2,,0.0,1.0,2.0,0.0,2.0,0.3333333333333333,1.0,0.6666666666666666,3.0
30,9,Expe1,32,4,All,9,2,0.6388888888888888,36,0.25,4,,0.0,0.75,4.0,0.25,4.0,1.0,1.4444444444444444,0.4444444444444444,9.0
30,10,Expe1,32,5,All,10,2,0.7777777777777778,45,0.8,5,1.0,4.0,1.0,1.0,0.0,1.0,0.8888888888888888,1.3333333333333333,0.4444444444444444,9.0
30,11,Expe1,32,6,All,11,2,0.6226415094339622,53,0.2,5,1.0,1.0,0.75,4.0,0.0,4.0,1.2222222222222223,1.6666666666666667,0.4444444444444444,18.0
30,12,Expe1,32,3,All,12,3,0.8518518518518519,27,0.6666666666666666,3,1.0,2.0,1.0,1.0,0.0,1.0,1.0,1.0,0.0,3.0
30,13,Expe1,32,2,All,13,4,0.8333333333333334,18,0.5,2,1.0,1.0,0.0,1.0,0.0,1.0,0.5,1.0,0.5,2.0
30,14,Expe1,32,5,All,14,3,0.7777777777777778,45,0.6,5,1.0,2.0,1.0,3.0,0.3333333333333333,3.0,0.7142857142857143,1.2857142857142858,0.5714285714285714,7.0
30,15,Expe1,32,4,All,15,3,0.9166666666666666,36,1.0,4,1.0,1.0,1.0,3.0,1.0,3.0,,,,
30,16,Expe1,32,2,All,16,5,0.8888888888888888,18,0.5,2,0.0,1.0,1.0,1.0,1.0,1.0,0.0,0.0,0.0,1.0
30,17,Expe1,32,3,All,17,4,0.8518518518518519,27,0.6666666666666666,3,0.0,1.0,1.0,2.0,1.0,2.0,0.0,0.5,0.5,2.0
30,18,Expe1,32,6,All,18,3,0.9444444444444444,54,1.0,6,1.0,5.0,1.0,1.0,1.0,1.0,0.5,0.0,-0.5,2.0
31,1,Expe1,33,6,All,1,1,0.7037037037037037,54,0.6666666666666666,6,1.0,2.0,0.5,4.0,0.5,4.0,1.25,0.6666666666666666,-0.5833333333333334,12.0
31,2,Expe1,33,2,All,2,1,1.0,18,1.0,2,1.0,2.0,,0.0,,0.0,,,,
31,3,Expe1,33,3,All,3,1,0.8518518518518519,27,0.6666666666666666,3,1.0,1.0,0.5,2.0,0.5,2.0,0.5,1.0,0.5,2.0
31,4,Expe1,33,4,All,4,1,0.8888888888888888,36,0.75,4,1.0,2.0,1.0,2.0,0.5,2.0,0.0,0.5,0.5,2.0
31,5,Expe1,33,2,All,5,2,0.7777777777777778,18,0.0,2,,0.0,1.0,2.0,0.0,2.0,0.0,1.0,1.0,2.0
31,6,Expe1,33,5,All,6,1,0.7954545454545454,44,0.4,5,,0.0,0.8,5.0,0.4,5.0,0.5,0.75,0.25,4.0
31,7,Expe1,33,2,All,7,3,1.0,18,1.0,2,1.0,2.0,,0.0,,0.0,,,,
31,8,Expe1,33,3,All,8,2,0.8518518518518519,27,0.6666666666666666,3,1.0,2.0,1.0,1.0,0.0,1.0,0.3333333333333333,0.3333333333333333,0.0,3.0
31,9,Expe1,33,6,All,9,2,0.5740740740740741,54,0.5,6,0.5,2.0,0.75,4.0,0.5,4.0,1.4761904761904763,1.8095238095238095,0.3333333333333333,21.0
31,10,Expe1,33,5,All,10,2,0.7555555555555555,45,0.4,5,1.0,1.0,0.75,4.0,0.25,4.0,0.5714285714285714,1.0,0.42857142857142855,7.0
31,11,Expe1,33,4,All,11,2,0.75,36,0.5,4,1.0,2.0,0.5,2.0,0.0,2.0,1.0,0.8571428571428571,-0.14285714285714285,7.0
31,12,Expe1,33,6,All,12,3,0.7222222222222222,54,1.0,6,1.0,1.0,1.0,5.0,1.0,5.0,1.4,0.8,-0.6,10.0
31,13,Expe1,33,2,All,13,4,0.8333333333333334,18,0.5,2,,0.0,1.0,2.0,0.5,2.0,0.0,1.0,1.0,1.0
31,14,Expe1,33,3,All,14,3,0.9629629629629629,27,1.0,3,1.0,2.0,1.0,1.0,1.0,1.0,,,,
31,15,Expe1,33,4,All,15,3,0.7777777777777778,36,0.5,4,1.0,1.0,0.6666666666666666,3.0,0.3333333333333333,3.0,0.4,0.8,0.4,5.0
31,16,Expe1,33,2,All,16,5,0.9444444444444444,18,1.0,2,1.0,2.0,,0.0,,0.0,0.0,0.0,0.0,1.0
31,17,Expe1,33,5,All,17,3,0.8,45,0.4,5,1.0,1.0,0.5,4.0,0.25,4.0,0.8,0.6,-0.2,5.0
31,18,Expe1,33,2,All,18,6,0.8333333333333334,18,0.5,2,1.0,1.0,1.0,1.0,0.0,1.0,0.5,1.0,0.5,2.0
32,1,Expe1,34,2,All,1,1,0.8333333333333334,18,1.0,2,,0.0,1.0,2.0,1.0,2.0,0.0,1.0,1.0,1.0
32,2,Expe1,34,4,All,2,1,0.4857142857142857,35,0.5,4,,0.0,0.6666666666666666,3.0,0.3333333333333333,3.0,1.0588235294117647,1.3529411764705883,0.29411764705882354,17.0
32,3,Expe1,34,6,All,3,1,0.5,52,0.16666666666666666,6,1.0,1.0,0.6,5.0,0.0,5.0,2.096774193548387,1.8709677419354838,-0.22580645161290322,31.0
32,4,Expe1,34,5,All,4,1,0.6888888888888889,45,0.4,5,,0.0,0.6,5.0,0.4,5.0,0.7777777777777778,1.0,0.2222222222222222,9.0
32,5,Expe1,34,3,All,5,1,0.7307692307692307,26,0.6666666666666666,3,,0.0,1.0,3.0,0.6666666666666666,3.0,0.5,1.25,0.75,4.0
32,6,Expe1,34,3,All,6,2,0.7777777777777778,27,0.3333333333333333,3,,0.0,0.6666666666666666,3.0,0.3333333333333333,3.0,0.6666666666666666,0.6666666666666666,0.0,3.0
32,7,Expe1,34,2,All,7,2,0.8823529411764706,17,0.5,2,1.0,1.0,1.0,1.0,0.0,1.0,0.0,1.0,1.0,1.0
32,8,Expe1,34,2,All,8,3,0.7777777777777778,18,0.5,2,,0.0,0.5,2.0,0.5,2.0,0.5,1.0,0.5,2.0
32,9,Expe1,34,6,All,9,2,0.6792452830188679,53,0.6,5,1.0,2.0,0.3333333333333333,3.0,0.3333333333333333,3.0,1.3076923076923077,1.3846153846153846,0.07692307692307693,13.0
32,10,Expe1,34,4,All,10,2,0.75,36,0.25,4,0.0,1.0,1.0,3.0,0.3333333333333333,3.0,0.3333333333333333,0.8333333333333334,0.5,6.0
32,11,Expe1,34,5,All,11,2,0.9333333333333333,45,0.8,5,1.0,3.0,0.5,2.0,0.5,2.0,1.0,0.0,-1.0,1.0
32,12,Expe1,34,2,All,12,4,0.8333333333333334,18,0.5,2,,0.0,1.0,2.0,0.5,2.0,0.0,1.0,1.0,1.0
32,13,Expe1,34,4,All,13,3,0.8333333333333334,36,0.75,4,1.0,1.0,1.0,3.0,0.6666666666666666,3.0,0.3333333333333333,0.3333333333333333,0.0,3.0
32,14,Expe1,34,6,All,14,3,0.4716981132075472,53,0.5,6,1.0,2.0,0.5,4.0,0.25,4.0,2.259259259259259,1.8148148148148149,-0.4444444444444444,27.0
32,15,Expe1,34,5,All,15,3,0.75,44,0.6,5,1.0,2.0,0.6666666666666666,3.0,0.3333333333333333,3.0,0.625,0.875,0.25,8.0
32,16,Expe1,34,3,All,16,3,0.7777777777777778,27,0.6666666666666666,3,1.0,1.0,1.0,2.0,0.5,2.0,0.25,0.75,0.5,4.0
32,17,Expe1,34,3,All,17,4,0.8518518518518519,27,0.6666666666666666,3,1.0,1.0,1.0,2.0,0.5,2.0,0.5,1.0,0.5,2.0
32,18,Expe1,34,2,All,18,5,0.8888888888888888,18,0.5,2,1.0,1.0,1.0,1.0,0.0,1.0,0.0,1.0,1.0,1.0
33,1,Expe1,36,5,All,1,1,0.45454545454545453,44,0.4,5,1.0,1.0,1.0,4.0,0.25,4.0,1.9166666666666667,1.625,-0.2916666666666667,24.0
33,2,Expe1,36,3,All,2,1,0.7037037037037037,27,0.3333333333333333,3,1.0,1.0,0.5,2.0,0.0,2.0,0.8333333333333334,0.6666666666666666,-0.16666666666666666,6.0
33,3,Expe1,36,4,All,3,1,0.7222222222222222,36,0.0,4,0.0,1.0,0.3333333333333333,3.0,0.0,3.0,0.8571428571428571,0.2857142857142857,-0.5714285714285714,7.0
33,4,Expe1,36,2,All,4,1,0.8333333333333334,18,0.5,2,1.0,1.0,0.0,1.0,0.0,1.0,0.5,0.0,-0.5,2.0
33,5,Expe1,36,2,All,5,2,0.9411764705882353,17,1.0,2,1.0,1.0,1.0,1.0,1.0,1.0,,,,
33,6,Expe1,36,2,All,6,3,0.8888888888888888,18,1.0,2,1.0,1.0,1.0,1.0,1.0,1.0,1.0,0.0,-1.0,1.0
33,7,Expe1,36,6,All,7,1,0.7777777777777778,54,0.5,6,0.6666666666666666,3.0,0.3333333333333333,3.0,0.3333333333333333,3.0,1.7777777777777777,0.0,-1.7777777777777777,9.0
33,8,Expe1,36,3,All,8,2,0.8148148148148148,27,0.3333333333333333,3,0.0,2.0,1.0,1.0,1.0,1.0,0.75,0.0,-0.75,4.0
33,9,Expe1,36,5,All,9,2,0.627906976744186,43,0.6,5,1.0,2.0,1.0,3.0,0.3333333333333333,3.0,2.0555555555555554,2.3333333333333335,0.2777777777777778,18.0
33,10,Expe1,36,4,All,10,2,0.8888888888888888,36,0.75,4,1.0,2.0,1.0,2.0,0.5,2.0,0.5,0.5,0.0,2.0
33,11,Expe1,36,6,All,11,2,0.5384615384615384,52,0.3333333333333333,6,0.3333333333333333,3.0,0.5,2.0,0.5,2.0,1.6896551724137931,1.1379310344827587,-0.5517241379310345,29.0
33,12,Expe1,36,5,All,12,3,0.7209302325581395,43,0.8,5,1.0,1.0,0.75,4.0,0.75,4.0,0.75,1.125,0.375,8.0
33,13,Expe1,36,3,All,13,3,0.8518518518518519,27,0.6666666666666666,3,1.0,1.0,1.0,2.0,0.5,2.0,0.5,1.0,0.5,2.0
33,14,Expe1,36,4,All,14,3,0.7428571428571429,35,0.5,4,1.0,1.0,1.0,3.0,0.3333333333333333,3.0,1.1666666666666667,1.0,-0.16666666666666666,6.0
33,15,Expe1,36,2,All,15,4,0.7647058823529411,17,0.0,2,0.0,1.0,0.0,1.0,0.0,1.0,0.3333333333333333,0.6666666666666666,0.3333333333333333,3.0
33,16,Expe1,36,2,All,16,5,0.8333333333333334,18,1.0,2,,0.0,1.0,2.0,1.0,2.0,0.0,1.0,1.0,1.0
33,17,Expe1,36,2,All,17,6,0.8888888888888888,18,0.5,2,1.0,1.0,0.0,1.0,0.0,1.0,1.0,0.0,-1.0,1.0
33,18,Expe1,36,6,All,18,3,0.7058823529411765,51,0.4,5,,0.0,0.75,4.0,0.25,4.0,1.1666666666666667,1.5833333333333333,0.4166666666666667,12.0
34,1,Expe1,37,3,All,1,1,0.8888888888888888,27,0.6666666666666666,3,0.5,2.0,1.0,1.0,1.0,1.0,0.0,0.5,0.5,2.0
34,2,Expe1,37,2,All,2,1,0.7777777777777778,18,0.0,2,,0.0,0.5,2.0,0.0,2.0,0.5,0.5,0.0,2.0
34,3,Expe1,37,5,All,3,1,0.7954545454545454,44,0.75,4,1.0,2.0,0.5,2.0,0.5,2.0,1.0,0.8571428571428571,-0.14285714285714285,7.0
34,4,Expe1,37,2,All,4,2,0.7222222222222222,18,0.5,2,,0.0,1.0,2.0,0.5,2.0,0.6666666666666666,1.3333333333333333,0.6666666666666666,3.0
34,5,Expe1,37,4,All,5,1,0.8333333333333334,36,0.75,4,1.0,1.0,1.0,3.0,0.6666666666666666,3.0,0.3333333333333333,0.6666666666666666,0.3333333333333333,3.0
34,6,Expe1,37,3,All,6,2,0.8076923076923077,26,0.3333333333333333,3,,0.0,1.0,2.0,0.5,2.0,0.0,0.6666666666666666,0.6666666666666666,3.0
34,7,Expe1,37,2,All,7,3,1.0,18,1.0,2,1.0,2.0,,0.0,,0.0,,,,
34,8,Expe1,37,6,All,8,1,0.8703703703703703,54,0.8333333333333334,6,0.8,5.0,1.0,1.0,1.0,1.0,0.3333333333333333,0.3333333333333333,0.0,6.0
34,9,Expe1,37,4,All,9,2,0.8333333333333334,36,0.5,4,1.0,1.0,1.0,3.0,0.3333333333333333,3.0,0.3333333333333333,1.0,0.6666666666666666,3.0
34,10,Expe1,37,5,All,10,2,0.7333333333333333,45,0.6,5,,0.0,0.8,5.0,0.6,5.0,1.2857142857142858,1.0,-0.2857142857142857,7.0
34,11,Expe1,37,6,All,11,2,0.5849056603773585,53,0.4,5,1.0,1.0,0.5,4.0,0.25,4.0,2.1739130434782608,2.6956521739130435,0.5217391304347826,23.0
34,12,Expe1,37,3,All,12,3,0.9259259259259259,27,0.6666666666666666,3,0.5,2.0,1.0,1.0,1.0,1.0,0.0,0.0,0.0,1.0
34,13,Expe1,37,2,All,13,4,0.8333333333333334,18,0.5,2,,0.0,1.0,2.0,0.5,2.0,0.0,1.0,1.0,1.0
34,14,Expe1,37,5,All,14,3,0.6976744186046512,43,0.4,5,1.0,2.0,1.0,3.0,0.0,3.0,1.0,1.5454545454545454,0.5454545454545454,11.0
34,15,Expe1,37,2,All,15,5,0.8888888888888888,18,1.0,2,,0.0,1.0,2.0,1.0,2.0,,,,
34,16,Expe1,37,4,All,16,3,0.8888888888888888,36,0.75,4,1.0,2.0,1.0,2.0,0.5,2.0,0.5,1.0,0.5,2.0
34,17,Expe1,37,3,All,17,4,0.8888888888888888,27,0.6666666666666666,3,1.0,1.0,1.0,2.0,0.5,2.0,0.0,1.0,1.0,1.0
34,18,Expe1,37,2,All,18,6,0.8333333333333334,18,0.5,2,1.0,1.0,1.0,1.0,0.0,1.0,0.5,1.0,0.5,2.0
35,1,Expe1,38,2,All,1,1,0.8333333333333334,18,0.5,2,1.0,1.0,1.0,1.0,0.0,1.0,0.0,0.5,0.5,2.0
35,2,Expe1,38,2,All,2,2,0.8333333333333334,18,0.5,2,,0.0,1.0,2.0,0.5,2.0,0.0,1.0,1.0,1.0
35,3,Expe1,38,3,All,3,1,0.8888888888888888,27,0.6666666666666666,3,1.0,1.0,1.0,2.0,0.5,2.0,0.0,1.0,1.0,1.0
35,4,Expe1,38,3,All,4,2,0.7777777777777778,27,0.3333333333333333,3,1.0,1.0,0.5,2.0,0.0,2.0,0.5,1.0,0.5,4.0
35,5,Expe1,38,5,All,5,1,0.7777777777777778,45,0.6,5,,0.0,0.8,5.0,0.6,5.0,1.4,0.8,-0.6,5.0
35,6,Expe1,38,6,All,6,1,0.7592592592592593,54,0.5,6,1.0,1.0,1.0,5.0,0.4,5.0,0.5,1.0,0.5,8.0
35,7,Expe1,38,4,All,7,1,0.8333333333333334,36,0.5,4,1.0,1.0,1.0,3.0,0.3333333333333333,3.0,0.3333333333333333,1.0,0.6666666666666666,3.0
35,8,Expe1,38,2,All,8,3,0.8333333333333334,18,0.5,2,1.0,1.0,1.0,1.0,0.0,1.0,0.0,0.5,0.5,2.0
35,9,Expe1,38,5,All,9,2,0.7555555555555555,45,0.4,5,1.0,1.0,1.0,4.0,0.25,4.0,0.5714285714285714,1.2857142857142858,0.7142857142857143,7.0
35,10,Expe1,38,6,All,10,2,0.8148148148148148,54,0.3333333333333333,6,0.6666666666666666,3.0,1.0,3.0,0.0,3.0,0.2857142857142857,0.8571428571428571,0.5714285714285714,7.0
35,11,Expe1,38,4,All,11,2,0.8888888888888888,36,0.75,4,1.0,2.0,0.5,2.0,0.5,2.0,0.5,1.0,0.5,2.0
35,12,Expe1,38,2,All,12,4,0.8888888888888888,18,0.5,2,1.0,1.0,1.0,1.0,0.0,1.0,0.0,1.0,1.0,1.0
35,13,Expe1,38,2,All,13,5,0.8333333333333334,18,0.5,2,1.0,1.0,1.0,1.0,0.0,1.0,0.0,0.5,0.5,2.0
35,14,Expe1,38,3,All,14,3,0.9259259259259259,27,1.0,3,1.0,2.0,1.0,1.0,1.0,1.0,0.0,1.0,1.0,1.0
35,15,Expe1,38,3,All,15,4,0.8888888888888888,27,1.0,3,1.0,1.0,1.0,2.0,1.0,2.0,0.0,0.0,0.0,1.0
35,16,Expe1,38,5,All,16,3,0.8,45,0.6,5,1.0,2.0,0.6666666666666666,3.0,0.3333333333333333,3.0,1.1666666666666667,0.3333333333333333,-0.8333333333333334,6.0
35,17,Expe1,38,6,All,17,3,0.7962962962962963,54,0.6666666666666666,6,1.0,1.0,1.0,5.0,0.6,5.0,0.6666666666666666,0.8333333333333334,0.16666666666666666,6.0
35,18,Expe1,38,4,All,18,3,0.9444444444444444,36,1.0,4,1.0,2.0,1.0,2.0,1.0,2.0,,,,
36,1,Expe1,39,2,All,1,1,0.7777777777777778,18,0.5,2,,0.0,1.0,2.0,0.5,2.0,0.5,1.0,0.5,2.0
36,2,Expe1,39,3,All,2,1,0.9259259259259259,27,1.0,3,1.0,1.0,1.0,2.0,1.0,2.0,,,,
36,3,Expe1,39,2,All,3,2,0.875,16,0.5,2,1.0,1.0,,0.0,,0.0,0.0,0.5,0.5,2.0
36,4,Expe1,39,6,All,4,1,0.7962962962962963,54,0.6666666666666666,6,0.6666666666666666,3.0,0.6666666666666666,3.0,0.6666666666666666,3.0,0.875,0.25,-0.625,8.0
36,5,Expe1,39,3,All,5,2,0.8,25,0.3333333333333333,3,,0.0,1.0,1.0,1.0,1.0,0.5,0.5,0.0,4.0
36,6,Expe1,39,2,All,6,3,0.5882352941176471,17,0.0,2,,0.0,1.0,1.0,0.0,1.0,0.6666666666666666,1.1666666666666667,0.5,6.0
36,7,Expe1,39,5,All,7,1,0.6363636363636364,44,0.4,5,,0.0,0.5,4.0,0.25,4.0,1.1176470588235294,1.411764705882353,0.29411764705882354,17.0
36,8,Expe1,39,4,All,8,1,0.6944444444444444,36,0.5,4,1.0,1.0,1.0,3.0,0.3333333333333333,3.0,0.5,1.125,0.625,8.0
36,9,Expe1,39,6,All,9,2,0.5740740740740741,54,0.6666666666666666,6,1.0,2.0,1.0,4.0,0.5,4.0,2.0689655172413794,2.0,-0.06896551724137931,29.0
36,10,Expe1,39,4,All,10,2,0.6388888888888888,36,0.5,4,1.0,2.0,1.0,2.0,0.0,2.0,2.235294117647059,1.7647058823529411,-0.47058823529411764,17.0
36,11,Expe1,39,5,All,11,2,0.6818181818181818,44,0.6,5,0.5,2.0,0.6666666666666666,3.0,0.6666666666666666,3.0,1.9230769230769231,1.3461538461538463,-0.5769230769230769,26.0
36,12,Expe1,39,2,All,12,4,0.9444444444444444,18,1.0,2,1.0,2.0,,0.0,,0.0,0.0,0.0,0.0,1.0
36,13,Expe1,39,3,All,13,3,0.9259259259259259,27,1.0,3,1.0,1.0,1.0,2.0,1.0,2.0,0.0,1.0,1.0,1.0
36,14,Expe1,39,2,All,14,5,0.7777777777777778,18,0.5,2,,0.0,1.0,2.0,0.5,2.0,0.5,1.0,0.5,2.0
36,15,Expe1,39,6,All,15,3,0.5283018867924528,53,0.16666666666666666,6,0.3333333333333333,3.0,0.3333333333333333,3.0,0.0,3.0,1.8888888888888888,1.8888888888888888,0.0,27.0
36,16,Expe1,39,3,All,16,4,0.7037037037037037,27,0.3333333333333333,3,,0.0,1.0,3.0,0.3333333333333333,3.0,0.8,1.0,0.2,5.0
36,17,Expe1,39,2,All,17,6,0.9444444444444444,18,1.0,2,1.0,2.0,,0.0,,0.0,0.0,0.0,0.0,1.0
36,18,Expe1,39,5,All,18,3,0.6046511627906976,43,0.75,4,1.0,1.0,1.0,2.0,1.0,2.0,1.1875,1.5625,0.375,16.0
37,1,Expe1,40,3,All,1,1,0.8888888888888888,27,0.6666666666666666,3,1.0,1.0,1.0,2.0,0.5,2.0,0.0,1.0,1.0,1.0
37,2,Expe1,40,6,All,2,1,0.5576923076923077,52,0.16666666666666666,6,0.5,2.0,0.5,4.0,0.0,4.0,1.5,1.5,0.0,20.0
37,3,Expe1,40,2,All,3,1,0.9444444444444444,18,1.0,2,1.0,1.0,1.0,1.0,1.0,1.0,,,,
37,4,Expe1,40,2,All,4,2,0.8888888888888888,18,0.5,2,1.0,1.0,1.0,1.0,0.0,1.0,0.0,1.0,1.0,1.0
37,5,Expe1,40,2,All,5,3,0.8333333333333334,18,0.5,2,,0.0,1.0,2.0,0.5,2.0,0.0,1.0,1.0,1.0
37,6,Expe1,40,4,All,6,1,0.8888888888888888,36,0.5,4,1.0,2.0,1.0,2.0,0.0,2.0,0.0,1.0,1.0,2.0
37,7,Expe1,40,3,All,7,2,0.8518518518518519,27,0.6666666666666666,3,1.0,1.0,1.0,2.0,0.5,2.0,0.0,1.0,1.0,2.0
37,8,Expe1,40,5,All,8,1,0.6888888888888889,45,0.8,5,1.0,2.0,1.0,3.0,0.6666666666666666,3.0,1.1818181818181819,1.7272727272727273,0.5454545454545454,11.0
37,9,Expe1,40,6,All,9,2,0.5,52,0.6666666666666666,6,1.0,1.0,0.8,5.0,0.6,5.0,1.3181818181818181,1.0909090909090908,-0.22727272727272727,22.0
37,10,Expe1,40,5,All,10,2,0.8636363636363636,44,0.8,5,1.0,3.0,0.5,2.0,0.5,2.0,0.75,1.0,0.25,4.0
37,11,Expe1,40,4,All,11,2,0.8055555555555556,36,0.5,4,1.0,1.0,1.0,3.0,0.3333333333333333,3.0,0.5,0.75,0.25,4.0
37,12,Expe1,40,3,All,12,3,0.8518518518518519,27,0.6666666666666666,3,,0.0,1.0,3.0,0.6666666666666666,3.0,0.0,1.0,1.0,1.0
37,13,Expe1,40,6,All,13,3,0.8269230769230769,52,0.6,5,1.0,1.0,1.0,4.0,0.5,4.0,0.5,0.5,0.0,4.0
37,14,Expe1,40,2,All,14,4,0.9444444444444444,18,1.0,2,1.0,1.0,1.0,1.0,1.0,1.0,,,,
37,15,Expe1,40,2,All,15,5,0.9444444444444444,18,1.0,2,1.0,1.0,1.0,1.0,1.0,1.0,,,,
37,16,Expe1,40,2,All,16,6,0.9444444444444444,18,1.0,2,1.0,2.0,,0.0,,0.0,0.0,0.0,0.0,1.0
37,17,Expe1,40,4,All,17,3,0.7777777777777778,36,0.25,4,,0.0,0.75,4.0,0.25,4.0,0.25,1.0,0.75,4.0
37,18,Expe1,40,3,All,18,4,0.8888888888888888,27,0.6666666666666666,3,1.0,1.0,1.0,2.0,0.5,2.0,0.0,1.0,1.0,1.0
38,1,Expe1,41,3,All,1,1,0.76,25,0.3333333333333333,3,1.0,1.0,1.0,1.0,0.0,1.0,0.2,0.6,0.4,5.0
38,2,Expe1,41,2,All,2,1,0.625,16,0.0,2,,0.0,1.0,1.0,0.0,1.0,0.6,0.8,0.2,5.0
38,3,Expe1,41,6,All,3,1,0.5490196078431373,51,0.3333333333333333,6,0.5,2.0,0.3333333333333333,3.0,0.0,3.0,1.68,1.8,0.12,25.0
38,4,Expe1,41,2,All,4,2,0.7692307692307693,13,0.5,2,,0.0,1.0,2.0,0.5,2.0,0.0,1.0,1.0,1.0
38,5,Expe1,41,5,All,5,1,0.45454545454545453,44,0.4,5,1.0,1.0,0.3333333333333333,3.0,0.3333333333333333,3.0,2.121212121212121,2.1515151515151514,0.030303030303030304,33.0
38,6,Expe1,41,3,All,6,2,0.8076923076923077,26,0.3333333333333333,3,,0.0,0.5,2.0,0.5,2.0,0.6666666666666666,0.0,-0.6666666666666666,3.0
38,7,Expe1,41,2,All,7,3,0.8333333333333334,18,0.5,2,,0.0,1.0,2.0,0.5,2.0,0.0,1.0,1.0,1.0
38,8,Expe1,41,4,All,8,1,0.8888888888888888,36,0.75,4,1.0,2.0,1.0,2.0,0.5,2.0,0.0,0.5,0.5,2.0
38,9,Expe1,41,6,All,9,2,0.7169811320754716,53,0.6666666666666666,6,1.0,2.0,1.0,4.0,0.5,4.0,1.2727272727272727,1.5454545454545454,0.2727272727272727,11.0
38,10,Expe1,41,5,All,10,2,0.6,45,0.4,5,0.5,2.0,0.6666666666666666,3.0,0.3333333333333333,3.0,1.2666666666666666,1.1333333333333333,-0.13333333333333333,15.0
38,11,Expe1,41,4,All,11,2,0.7142857142857143,35,0.5,4,1.0,1.0,0.5,2.0,0.5,2.0,0.75,1.25,0.5,8.0
38,12,Expe1,41,3,All,12,3,0.8888888888888888,27,0.6666666666666666,3,1.0,1.0,0.5,2.0,0.5,2.0,1.0,0.0,-1.0,1.0
38,13,Expe1,41,2,All,13,4,0.9444444444444444,18,1.0,2,1.0,1.0,1.0,1.0,1.0,1.0,,,,
38,14,Expe1,41,6,All,14,3,0.6923076923076923,52,0.5,6,0.6666666666666666,3.0,1.0,2.0,0.0,2.0,1.1333333333333333,0.8,-0.3333333333333333,15.0
38,15,Expe1,41,2,All,15,5,0.9444444444444444,18,1.0,2,1.0,1.0,1.0,1.0,1.0,1.0,,,,
38,16,Expe1,41,5,All,16,3,0.5909090909090909,44,0.4,5,1.0,1.0,0.5,4.0,0.25,4.0,1.2857142857142858,1.2142857142857142,-0.07142857142857142,14.0
38,17,Expe1,41,3,All,17,4,0.8461538461538461,26,1.0,3,,0.0,1.0,3.0,1.0,3.0,1.0,0.0,-1.0,1.0
38,18,Expe1,41,2,All,18,6,0.8888888888888888,18,1.0,2,1.0,1.0,1.0,1.0,1.0,1.0,1.0,0.0,-1.0,1.0
39,1,Expe1,42,2,All,1,1,0.8,15,1.0,2,1.0,1.0,1.0,1.0,1.0,1.0,0.6666666666666666,0.0,-0.6666666666666666,3.0
39,2,Expe1,42,2,All,2,2,0.7777777777777778,18,0.0,2,,0.0,1.0,2.0,0.0,2.0,0.0,1.0,1.0,2.0
39,3,Expe1,42,3,All,3,1,0.8148148148148148,27,0.6666666666666666,3,,0.0,1.0,3.0,0.6666666666666666,3.0,0.0,1.0,1.0,2.0
39,4,Expe1,42,3,All,4,2,0.8888888888888888,27,0.6666666666666666,3,1.0,1.0,0.5,2.0,0.5,2.0,1.0,0.0,-1.0,1.0
39,5,Expe1,42,6,All,5,1,0.6,50,0.6666666666666666,6,1.0,1.0,0.8,5.0,0.6,5.0,1.4736842105263157,1.894736842105263,0.42105263157894735,19.0
39,6,Expe1,42,4,All,6,1,0.75,36,0.25,4,1.0,1.0,1.0,3.0,0.0,3.0,0.5,1.1666666666666667,0.6666666666666666,6.0
39,7,Expe1,42,5,All,7,1,0.7906976744186046,43,0.5,4,1.0,1.0,1.0,3.0,0.3333333333333333,3.0,0.6,0.8,0.2,5.0
39,8,Expe1,42,2,All,8,3,0.7777777777777778,18,0.5,2,1.0,1.0,1.0,1.0,0.0,1.0,0.3333333333333333,0.6666666666666666,0.3333333333333333,3.0
39,9,Expe1,42,4,All,9,2,0.8285714285714286,35,0.75,4,1.0,1.0,1.0,3.0,0.6666666666666666,3.0,0.0,0.6666666666666666,0.6666666666666666,3.0
39,10,Expe1,42,6,All,10,2,0.7169811320754716,53,0.5,6,1.0,1.0,0.75,4.0,0.5,4.0,0.8181818181818182,1.2727272727272727,0.45454545454545453,11.0
39,11,Expe1,42,5,All,11,2,0.6744186046511628,43,0.6,5,1.0,1.0,1.0,4.0,0.5,4.0,1.1818181818181819,1.5454545454545454,0.36363636363636365,11.0
39,12,Expe1,42,2,All,12,4,0.8888888888888888,18,1.0,2,1.0,2.0,,0.0,,0.0,0.0,0.0,0.0,2.0
39,13,Expe1,42,2,All,13,5,1.0,18,1.0,2,1.0,2.0,,0.0,,0.0,,,,
39,14,Expe1,42,3,All,14,3,0.9259259259259259,27,0.6666666666666666,3,1.0,2.0,1.0,1.0,0.0,1.0,0.0,1.0,1.0,1.0
39,15,Expe1,42,3,All,15,4,0.9629629629629629,27,1.0,3,1.0,2.0,1.0,1.0,1.0,1.0,,,,
39,16,Expe1,42,6,All,16,3,0.9259259259259259,54,0.6666666666666666,6,0.8,5.0,1.0,1.0,0.0,1.0,0.3333333333333333,0.3333333333333333,0.0,3.0
39,17,Expe1,42,4,All,17,3,0.8333333333333334,36,0.75,4,1.0,1.0,1.0,3.0,0.6666666666666666,3.0,0.0,0.6666666666666666,0.6666666666666666,3.0
39,18,Expe1,42,5,All,18,3,0.8222222222222222,45,0.6,5,1.0,2.0,0.6666666666666666,3.0,0.3333333333333333,3.0,0.6,1.0,0.4,5.0
40,1,Expe1,43,2,All,1,1,0.8333333333333334,18,0.5,2,,0.0,1.0,2.0,0.5,2.0,0.0,1.0,1.0,1.0
40,2,Expe1,43,3,All,2,1,0.7037037037037037,27,0.3333333333333333,3,,0.0,0.6666666666666666,3.0,0.3333333333333333,3.0,0.6,1.0,0.4,5.0
40,3,Expe1,43,2,All,3,2,0.9411764705882353,17,1.0,2,1.0,1.0,1.0,1.0,1.0,1.0,,,,
40,4,Expe1,43,4,All,4,1,0.9166666666666666,36,1.0,4,1.0,1.0,1.0,3.0,1.0,3.0,,,,
40,5,Expe1,43,3,All,5,2,1.0,27,1.0,3,1.0,3.0,,0.0,,0.0,,,,
40,6,Expe1,43,2,All,6,3,0.8333333333333334,18,0.5,2,,0.0,1.0,2.0,0.5,2.0,0.0,1.0,1.0,1.0
40,7,Expe1,43,6,All,7,1,0.6851851851851852,54,0.3333333333333333,6,0.5,2.0,0.75,4.0,0.25,4.0,0.8571428571428571,1.2142857142857142,0.35714285714285715,14.0
40,8,Expe1,43,5,All,8,1,0.6590909090909091,44,0.2,5,,0.0,1.0,5.0,0.2,5.0,0.9090909090909091,1.0,0.09090909090909091,11.0
40,9,Expe1,43,4,All,9,2,0.8888888888888888,36,0.5,4,1.0,2.0,1.0,2.0,0.0,2.0,0.0,1.0,1.0,2.0
40,10,Expe1,43,6,All,10,2,0.7222222222222222,54,0.5,6,1.0,1.0,0.8,5.0,0.4,5.0,0.8,1.0,0.2,10.0
40,11,Expe1,43,5,All,11,2,0.8444444444444444,45,0.8,5,1.0,3.0,1.0,2.0,0.5,2.0,0.0,0.4,0.4,5.0
40,12,Expe1,43,2,All,12,4,0.8888888888888888,18,0.5,2,1.0,1.0,1.0,1.0,0.0,1.0,0.0,1.0,1.0,1.0
40,13,Expe1,43,3,All,13,3,0.8148148148148148,27,0.6666666666666666,3,1.0,1.0,1.0,2.0,0.5,2.0,1.0,1.0,0.0,3.0
40,14,Expe1,43,2,All,14,5,0.8888888888888888,18,1.0,2,1.0,1.0,1.0,1.0,1.0,1.0,0.0,0.0,0.0,1.0
40,15,Expe1,43,4,All,15,3,0.7777777777777778,36,0.5,4,1.0,1.0,0.3333333333333333,3.0,0.3333333333333333,3.0,0.4,0.8,0.4,5.0
40,16,Expe1,43,3,All,16,4,0.8888888888888888,27,0.6666666666666666,3,1.0,1.0,1.0,2.0,0.5,2.0,0.0,1.0,1.0,1.0
40,17,Expe1,43,2,All,17,6,0.7777777777777778,18,0.5,2,,0.0,1.0,2.0,0.5,2.0,0.5,1.0,0.5,2.0
40,18,Expe1,43,6,All,18,3,0.7037037037037037,54,0.8333333333333334,6,1.0,3.0,1.0,3.0,0.6666666666666666,3.0,0.5384615384615384,1.0769230769230769,0.5384615384615384,13.0
41,1,Expe1,44,3,All,1,1,0.8518518518518519,27,0.6666666666666666,3,1.0,1.0,1.0,2.0,0.5,2.0,0.0,1.0,1.0,2.0
41,2,Expe1,44,4,All,2,1,0.9166666666666666,36,1.0,4,1.0,1.0,1.0,3.0,1.0,3.0,,,,
41,3,Expe1,44,2,All,3,1,0.9444444444444444,18,1.0,2,1.0,1.0,1.0,1.0,1.0,1.0,,,,
41,4,Expe1,44,2,All,4,2,0.8333333333333334,18,0.5,2,,0.0,1.0,2.0,0.5,2.0,0.0,1.0,1.0,1.0
41,5,Expe1,44,2,All,5,3,0.9444444444444444,18,1.0,2,1.0,1.0,1.0,1.0,1.0,1.0,,,,
41,6,Expe1,44,5,All,6,1,0.8,45,0.6,5,1.0,1.0,1.0,4.0,0.5,4.0,0.6,1.0,0.4,5.0
41,7,Expe1,44,3,All,7,2,0.9259259259259259,27,1.0,3,1.0,1.0,1.0,2.0,1.0,2.0,,,,
41,8,Expe1,44,6,All,8,1,0.7777777777777778,54,0.6666666666666666,6,1.0,1.0,1.0,5.0,0.6,5.0,0.42857142857142855,1.0,0.5714285714285714,7.0
41,9,Expe1,44,4,All,9,2,0.8888888888888888,36,0.75,4,1.0,2.0,1.0,2.0,0.5,2.0,0.0,0.5,0.5,2.0
41,10,Expe1,44,6,All,10,2,0.9259259259259259,54,1.0,6,1.0,2.0,1.0,4.0,1.0,4.0,,,,
41,11,Expe1,44,5,All,11,2,0.8444444444444444,45,0.6,5,,0.0,1.0,5.0,0.6,5.0,0.0,1.0,1.0,2.0
41,12,Expe1,44,3,All,12,3,0.8888888888888888,27,0.6666666666666666,3,1.0,1.0,1.0,2.0,0.5,2.0,0.0,1.0,1.0,1.0
41,13,Expe1,44,4,All,13,3,0.9166666666666666,36,0.75,4,1.0,2.0,1.0,2.0,0.5,2.0,0.0,1.0,1.0,1.0
41,14,Expe1,44,2,All,14,4,0.9444444444444444,18,1.0,2,1.0,1.0,1.0,1.0,1.0,1.0,,,,
41,15,Expe1,44,2,All,15,5,0.8888888888888888,18,0.5,2,1.0,1.0,1.0,1.0,0.0,1.0,0.0,1.0,1.0,1.0
41,16,Expe1,44,2,All,16,6,0.8333333333333334,18,0.5,2,,0.0,1.0,2.0,0.5,2.0,0.0,1.0,1.0,1.0
41,17,Expe1,44,5,All,17,3,0.8888888888888888,45,0.6,5,1.0,2.0,1.0,3.0,0.3333333333333333,3.0,0.0,1.0,1.0,2.0
41,18,Expe1,44,3,All,18,4,1.0,27,1.0,3,1.0,3.0,,0.0,,0.0,,,,
42,1,Expe1,45,4,All,1,1,0.8,35,1.0,3,1.0,1.0,1.0,2.0,1.0,2.0,0.75,1.0,0.25,4.0
42,2,Expe1,45,2,All,2,1,0.8888888888888888,18,0.5,2,1.0,1.0,1.0,1.0,0.0,1.0,0.0,1.0,1.0,1.0
42,3,Expe1,45,3,All,3,1,0.8888888888888888,27,0.6666666666666666,3,1.0,1.0,1.0,2.0,0.5,2.0,0.0,1.0,1.0,1.0
42,4,Expe1,45,5,All,4,1,0.7954545454545454,44,0.6,5,1.0,2.0,0.3333333333333333,3.0,0.3333333333333333,3.0,1.0,1.0,0.0,6.0
42,5,Expe1,45,2,All,5,2,0.875,16,1.0,2,,0.0,1.0,2.0,1.0,2.0,,,,
42,6,Expe1,45,6,All,6,1,0.7777777777777778,54,0.6666666666666666,6,1.0,3.0,1.0,3.0,0.3333333333333333,3.0,0.5555555555555556,0.6666666666666666,0.1111111111111111,9.0
42,7,Expe1,45,2,All,7,3,0.8333333333333334,18,1.0,2,1.0,1.0,1.0,1.0,1.0,1.0,0.5,0.0,-0.5,2.0
42,8,Expe1,45,3,All,8,2,0.8148148148148148,27,0.6666666666666666,3,1.0,1.0,1.0,2.0,0.5,2.0,0.3333333333333333,0.3333333333333333,0.0,3.0
42,9,Expe1,45,5,All,9,2,0.9333333333333333,45,1.0,5,1.0,2.0,1.0,3.0,1.0,3.0,,,,
42,10,Expe1,45,4,All,10,2,0.6857142857142857,35,1.0,3,1.0,1.0,1.0,2.0,1.0,2.0,0.7777777777777778,0.3333333333333333,-0.4444444444444444,9.0
42,11,Expe1,45,6,All,11,2,0.72,50,0.4,5,,0.0,0.6666666666666666,3.0,0.3333333333333333,3.0,0.8181818181818182,1.1818181818181819,0.36363636363636365,11.0
42,12,Expe1,45,4,All,12,3,0.7777777777777778,36,0.25,4,,0.0,1.0,4.0,0.25,4.0,0.0,1.0,1.0,4.0
42,13,Expe1,45,2,All,13,4,0.8888888888888888,18,0.5,2,1.0,1.0,1.0,1.0,0.0,1.0,0.0,1.0,1.0,1.0
42,14,Expe1,45,3,All,14,3,0.8518518518518519,27,0.6666666666666666,3,,0.0,1.0,3.0,0.6666666666666666,3.0,0.0,1.0,1.0,1.0
42,15,Expe1,45,5,All,15,3,0.9111111111111111,45,0.8,5,1.0,3.0,1.0,2.0,0.5,2.0,0.0,1.0,1.0,2.0
42,16,Expe1,45,2,All,16,5,0.8888888888888888,18,0.5,2,1.0,1.0,1.0,1.0,0.0,1.0,0.0,1.0,1.0,1.0
42,17,Expe1,45,6,All,17,3,0.8113207547169812,53,0.2,5,0.5,2.0,0.6666666666666666,3.0,0.0,3.0,0.42857142857142855,0.5714285714285714,0.14285714285714285,7.0
42,18,Expe1,45,2,All,18,6,0.9444444444444444,18,1.0,2,1.0,1.0,1.0,1.0,1.0,1.0,,,,
43,1,Expe1,46,2,All,1,1,0.8235294117647058,17,0.5,2,1.0,1.0,,0.0,,0.0,0.3333333333333333,0.6666666666666666,0.3333333333333333,3.0
43,2,Expe1,46,5,All,2,1,0.7333333333333333,45,0.2,5,1.0,1.0,0.5,4.0,0.0,4.0,0.75,0.875,0.125,8.0
43,3,Expe1,46,4,All,3,1,0.6666666666666666,36,0.5,4,1.0,1.0,1.0,3.0,0.3333333333333333,3.0,1.1111111111111112,1.6666666666666667,0.5555555555555556,9.0
43,4,Expe1,46,6,All,4,1,0.6111111111111112,54,0.6666666666666666,6,1.0,1.0,0.8,5.0,0.6,5.0,1.45,1.15,-0.3,20.0
43,5,Expe1,46,3,All,5,1,0.7407407407407407,27,0.0,3,0.0,1.0,1.0,2.0,0.0,2.0,0.4,0.8,0.4,5.0
43,6,Expe1,46,3,All,6,2,0.7777777777777778,27,0.3333333333333333,3,1.0,1.0,1.0,2.0,0.0,2.0,0.5,1.0,0.5,4.0
43,7,Expe1,46,2,All,7,2,0.9444444444444444,18,1.0,2,1.0,1.0,1.0,1.0,1.0,1.0,,,,
43,8,Expe1,46,2,All,8,3,0.8888888888888888,18,0.5,2,1.0,1.0,1.0,1.0,0.0,1.0,0.0,1.0,1.0,1.0
43,9,Expe1,46,5,All,9,2,0.9555555555555556,45,1.0,5,1.0,4.0,1.0,1.0,1.0,1.0,0.0,0.0,0.0,1.0
43,10,Expe1,46,6,All,10,2,0.9074074074074074,54,0.8333333333333334,6,0.75,4.0,1.0,2.0,1.0,2.0,0.3333333333333333,0.3333333333333333,0.0,3.0
43,11,Expe1,46,4,All,11,2,0.6944444444444444,36,0.5,4,1.0,2.0,1.0,2.0,0.0,2.0,0.8888888888888888,1.3333333333333333,0.4444444444444444,9.0
43,12,Expe1,46,2,All,12,4,0.9444444444444444,18,1.0,2,1.0,1.0,1.0,1.0,1.0,1.0,,,,
43,13,Expe1,46,5,All,13,3,0.6666666666666666,45,0.6,5,,0.0,1.0,5.0,0.6,5.0,0.7,1.2,0.5,10.0
43,14,Expe1,46,4,All,14,3,0.6764705882352942,34,0.25,4,,0.0,1.0,2.0,0.5,2.0,1.1,0.8,-0.3,10.0
43,15,Expe1,46,6,All,15,3,0.4230769230769231,52,0.16666666666666666,6,,0.0,0.8333333333333334,6.0,0.16666666666666666,6.0,1.75,2.09375,0.34375,32.0
43,16,Expe1,46,3,All,16,3,0.9259259259259259,27,0.6666666666666666,3,1.0,2.0,1.0,1.0,0.0,1.0,0.0,1.0,1.0,1.0
43,17,Expe1,46,3,All,17,4,0.8461538461538461,26,0.3333333333333333,3,,0.0,1.0,2.0,0.5,2.0,0.0,0.5,0.5,2.0
43,18,Expe1,46,2,All,18,5,0.7777777777777778,18,0.0,2,,0.0,1.0,2.0,0.0,2.0,0.0,1.0,1.0,2.0
44,1,Expe1,47,5,All,1,1,0.37209302325581395,43,0.0,5,,0.0,0.6,5.0,0.0,5.0,2.5142857142857142,2.9714285714285715,0.45714285714285713,35.0
44,2,Expe1,47,6,All,2,1,0.5,54,0.5,6,1.0,2.0,1.0,4.0,0.25,4.0,1.7777777777777777,1.6296296296296295,-0.14814814814814814,27.0
44,3,Expe1,47,2,All,3,1,0.8888888888888888,18,1.0,2,1.0,1.0,1.0,1.0,1.0,1.0,1.0,0.0,-1.0,1.0
44,4,Expe1,47,3,All,4,1,0.7407407407407407,27,0.3333333333333333,3,,0.0,1.0,3.0,0.3333333333333333,3.0,0.25,1.0,0.75,4.0
44,5,Expe1,47,4,All,5,1,0.7777777777777778,36,0.5,4,1.0,2.0,0.5,2.0,0.0,2.0,0.8333333333333334,1.3333333333333333,0.5,6.0
44,6,Expe1,47,2,All,6,2,0.8666666666666667,15,0.5,2,1.0,1.0,1.0,1.0,0.0,1.0,0.0,1.0,1.0,1.0
44,7,Expe1,47,3,All,7,2,0.9629629629629629,27,1.0,3,1.0,2.0,1.0,1.0,1.0,1.0,,,,
44,8,Expe1,47,2,All,8,3,0.7777777777777778,18,1.0,2,,0.0,1.0,2.0,1.0,2.0,0.5,0.5,0.0,2.0
44,9,Expe1,47,5,All,9,2,0.4888888888888889,45,0.6,5,,0.0,0.8,5.0,0.6,5.0,1.4444444444444444,1.3888888888888888,-0.05555555555555555,18.0
44,10,Expe1,47,6,All,10,2,0.660377358490566,53,0.8,5,0.75,4.0,1.0,1.0,1.0,1.0,2.08,1.76,-0.32,25.0
44,11,Expe1,47,4,All,11,2,0.7222222222222222,36,0.5,4,,0.0,1.0,4.0,0.5,4.0,0.8333333333333334,1.1666666666666667,0.3333333333333333,6.0
44,12,Expe1,47,5,All,12,3,0.7777777777777778,45,0.6,5,1.0,1.0,0.75,4.0,0.5,4.0,0.8333333333333334,0.8333333333333334,0.0,6.0
44,13,Expe1,47,6,All,13,3,0.7924528301886793,53,0.8333333333333334,6,1.0,4.0,1.0,2.0,0.5,2.0,3.0714285714285716,3.5,0.42857142857142855,14.0
44,14,Expe1,47,2,All,14,4,0.9444444444444444,18,1.0,2,1.0,1.0,1.0,1.0,1.0,1.0,0.0,1.0,1.0,1.0
44,15,Expe1,47,3,All,15,3,0.8148148148148148,27,0.6666666666666666,3,,0.0,1.0,3.0,0.6666666666666666,3.0,0.5,0.5,0.0,2.0
44,16,Expe1,47,4,All,16,3,0.5833333333333334,36,0.5,4,0.5,2.0,1.0,2.0,0.5,2.0,1.7692307692307692,0.6153846153846154,-1.1538461538461537,13.0
44,17,Expe1,47,2,All,17,5,0.8888888888888888,18,0.5,2,1.0,1.0,1.0,1.0,0.0,1.0,0.0,1.0,1.0,1.0
44,18,Expe1,47,3,All,18,4,0.8888888888888888,27,0.6666666666666666,3,1.0,1.0,1.0,2.0,0.5,2.0,0.0,1.0,1.0,1.0
45,1,Expe1,48,6,All,1,1,0.8518518518518519,54,0.5,6,0.5,2.0,0.5,4.0,0.5,4.0,1.4,0.0,-1.4,5.0
45,2,Expe1,48,3,All,2,1,0.9629629629629629,27,1.0,3,1.0,2.0,1.0,1.0,1.0,1.0,,,,
45,3,Expe1,48,5,All,3,1,0.8888888888888888,45,0.6,5,1.0,2.0,1.0,3.0,0.3333333333333333,3.0,0.0,1.0,1.0,2.0
45,4,Expe1,48,2,All,4,1,0.9444444444444444,18,1.0,2,1.0,1.0,1.0,1.0,1.0,1.0,,,,
45,5,Expe1,48,2,All,5,2,0.75,16,0.0,2,,0.0,1.0,2.0,0.0,2.0,0.0,1.0,1.0,2.0
45,6,Expe1,48,2,All,6,3,1.0,18,1.0,2,1.0,2.0,,0.0,,0.0,,,,
45,7,Expe1,48,4,All,7,1,0.9166666666666666,36,1.0,4,1.0,1.0,1.0,3.0,1.0,3.0,,,,
45,8,Expe1,48,3,All,8,2,0.7777777777777778,27,0.3333333333333333,3,,0.0,0.6666666666666666,3.0,0.3333333333333333,3.0,0.3333333333333333,1.0,0.6666666666666666,3.0
45,9,Expe1,48,5,All,9,2,0.8444444444444444,45,0.8,5,1.0,2.0,1.0,3.0,0.6666666666666666,3.0,0.75,1.0,0.25,4.0
45,10,Expe1,48,6,All,10,2,0.9074074074074074,54,0.6666666666666666,6,0.6666666666666666,3.0,1.0,3.0,0.6666666666666666,3.0,0.0,0.5,0.5,2.0
45,11,Expe1,48,4,All,11,2,0.8611111111111112,36,0.5,4,1.0,1.0,1.0,3.0,0.3333333333333333,3.0,0.0,1.0,1.0,2.0
45,12,Expe1,48,6,All,12,3,0.7843137254901961,51,0.5,6,1.0,1.0,0.5,4.0,0.5,4.0,1.1428571428571428,0.2857142857142857,-0.8571428571428571,7.0
45,13,Expe1,48,3,All,13,3,0.9259259259259259,27,1.0,3,1.0,1.0,1.0,2.0,1.0,2.0,,,,
45,14,Expe1,48,5,All,14,3,0.8409090909090909,44,0.6,5,1.0,1.0,0.75,4.0,0.5,4.0,0.3333333333333333,1.0,0.6666666666666666,3.0
45,15,Expe1,48,2,All,15,4,0.9444444444444444,18,1.0,2,1.0,1.0,1.0,1.0,1.0,1.0,,,,
45,16,Expe1,48,2,All,16,5,0.8888888888888888,18,1.0,2,,0.0,1.0,2.0,1.0,2.0,,,,
45,17,Expe1,48,2,All,17,6,0.8888888888888888,18,0.5,2,1.0,1.0,1.0,1.0,0.0,1.0,0.0,1.0,1.0,1.0
45,18,Expe1,48,4,All,18,3,0.8055555555555556,36,0.75,4,,0.0,1.0,4.0,0.75,4.0,1.0,1.0,0.0,3.0
46,1,Expe1,49,2,All,1,1,0.8888888888888888,18,0.5,2,1.0,1.0,1.0,1.0,0.0,1.0,0.0,1.0,1.0,1.0
46,2,Expe1,49,3,All,2,1,0.9259259259259259,27,0.6666666666666666,3,1.0,2.0,1.0,1.0,0.0,1.0,0.0,1.0,1.0,1.0
46,3,Expe1,49,6,All,3,1,0.7962962962962963,54,0.5,6,0.5,2.0,0.75,4.0,0.5,4.0,1.5555555555555556,0.1111111111111111,-1.4444444444444444,9.0
46,4,Expe1,49,3,All,4,2,0.8518518518518519,27,0.6666666666666666,3,1.0,1.0,1.0,2.0,0.5,2.0,0.0,0.5,0.5,2.0
46,5,Expe1,49,2,All,5,2,0.7647058823529411,17,0.0,2,,0.0,1.0,2.0,0.0,2.0,0.0,1.0,1.0,2.0
46,6,Expe1,49,2,All,6,3,1.0,18,1.0,2,1.0,2.0,,0.0,,0.0,,,,
46,7,Expe1,49,5,All,7,1,0.6888888888888889,45,0.4,5,1.0,1.0,0.75,4.0,0.25,4.0,1.4545454545454546,0.7272727272727273,-0.7272727272727273,11.0
46,8,Expe1,49,4,All,8,1,0.7777777777777778,36,0.25,4,1.0,1.0,1.0,3.0,0.0,3.0,0.6,1.0,0.4,5.0
46,9,Expe1,49,6,All,9,2,0.5185185185185185,54,0.3333333333333333,6,0.5,2.0,1.0,4.0,0.25,4.0,1.4166666666666667,1.875,0.4583333333333333,24.0
46,10,Expe1,49,5,All,10,2,0.9555555555555556,45,1.0,5,1.0,3.0,1.0,2.0,1.0,2.0,,,,
46,11,Expe1,49,4,All,11,2,0.6944444444444444,36,0.25,4,,0.0,1.0,4.0,0.25,4.0,0.5714285714285714,1.0,0.42857142857142855,7.0
46,12,Expe1,49,2,All,12,4,0.8888888888888888,18,0.5,2,1.0,1.0,1.0,1.0,0.0,1.0,0.0,1.0,1.0,1.0
46,13,Expe1,49,3,All,13,3,0.6666666666666666,27,0.0,3,,0.0,1.0,3.0,0.0,3.0,0.6666666666666666,1.0,0.3333333333333333,6.0
46,14,Expe1,49,6,All,14,3,0.8148148148148148,54,0.8333333333333334,6,1.0,4.0,1.0,2.0,0.5,2.0,0.875,0.125,-0.75,8.0
46,15,Expe1,49,3,All,15,4,0.9259259259259259,27,1.0,3,1.0,1.0,1.0,2.0,1.0,2.0,,,,
46,16,Expe1,49,2,All,16,5,0.9444444444444444,18,1.0,2,1.0,1.0,1.0,1.0,1.0,1.0,,,,
46,17,Expe1,49,2,All,17,6,0.8888888888888888,18,1.0,2,1.0,1.0,1.0,1.0,1.0,1.0,0.0,1.0,1.0,1.0
46,18,Expe1,49,5,All,18,3,0.9333333333333333,45,1.0,5,1.0,3.0,1.0,2.0,1.0,2.0,0.0,1.0,1.0,1.0
47,1,Expe1,50,3,All,1,1,0.64,25,0.0,2,,0.0,1.0,2.0,0.0,2.0,1.1428571428571428,1.1428571428571428,0.0,7.0
47,2,Expe1,50,3,All,2,2,0.8888888888888888,27,1.0,3,1.0,1.0,1.0,2.0,1.0,2.0,1.0,0.0,-1.0,1.0
47,3,Expe1,50,2,All,3,1,0.9444444444444444,18,1.0,2,1.0,1.0,1.0,1.0,1.0,1.0,,,,
47,4,Expe1,50,2,All,4,2,0.875,16,1.0,2,,0.0,1.0,2.0,1.0,2.0,,,,
47,5,Expe1,50,6,All,5,1,0.7735849056603774,53,0.5,6,1.0,3.0,1.0,2.0,0.0,2.0,0.7,0.8,0.1,10.0
47,6,Expe1,50,4,All,6,1,0.8611111111111112,36,1.0,4,1.0,2.0,1.0,2.0,1.0,2.0,1.3333333333333333,0.0,-1.3333333333333333,3.0
47,7,Expe1,50,2,All,7,3,0.8235294117647058,17,0.5,2,1.0,1.0,1.0,1.0,0.0,1.0,0.0,0.5,0.5,2.0
47,8,Expe1,50,5,All,8,1,0.8444444444444444,45,0.4,5,1.0,1.0,1.0,4.0,0.25,4.0,0.0,1.0,1.0,3.0
47,9,Expe1,50,4,All,9,2,0.8888888888888888,36,0.75,4,1.0,2.0,1.0,2.0,0.5,2.0,0.0,0.5,0.5,2.0
47,10,Expe1,50,6,All,10,2,0.6037735849056604,53,0.3333333333333333,6,0.5,2.0,0.3333333333333333,3.0,0.0,3.0,1.05,1.15,0.1,20.0
47,11,Expe1,50,5,All,11,2,0.9555555555555556,45,1.0,5,1.0,3.0,1.0,2.0,1.0,2.0,,,,
47,12,Expe1,50,3,All,12,3,0.8518518518518519,27,0.6666666666666666,3,1.0,1.0,1.0,2.0,0.5,2.0,0.0,0.5,0.5,2.0
47,13,Expe1,50,3,All,13,4,0.8888888888888888,27,0.6666666666666666,3,1.0,1.0,1.0,2.0,0.5,2.0,0.0,1.0,1.0,1.0
47,14,Expe1,50,2,All,14,4,0.8888888888888888,18,0.5,2,1.0,1.0,1.0,1.0,0.0,1.0,0.0,1.0,1.0,1.0
47,15,Expe1,50,2,All,15,5,0.9444444444444444,18,1.0,2,1.0,1.0,1.0,1.0,1.0,1.0,,,,
47,16,Expe1,50,6,All,16,3,0.8490566037735849,53,0.5,6,1.0,2.0,1.0,3.0,0.3333333333333333,3.0,0.2,0.8,0.6,5.0
47,17,Expe1,50,4,All,17,3,0.6285714285714286,35,0.25,4,,0.0,0.75,4.0,0.25,4.0,1.0,1.3333333333333333,0.3333333333333333,9.0
47,18,Expe1,50,2,All,18,6,0.7777777777777778,18,0.5,2,,0.0,1.0,2.0,0.5,2.0,0.5,1.0,0.5,2.0
48,1,Expe1,51,3,All,1,1,0.8888888888888888,27,0.6666666666666666,3,1.0,2.0,1.0,1.0,0.0,1.0,0.5,1.0,0.5,2.0
48,2,Expe1,51,2,All,2,1,0.9444444444444444,18,1.0,2,1.0,2.0,,0.0,,0.0,0.0,0.0,0.0,1.0
48,3,Expe1,51,3,All,3,2,0.7692307692307693,26,0.6666666666666666,3,1.0,1.0,1.0,2.0,0.5,2.0,1.0,0.75,-0.25,4.0
48,4,Expe1,51,4,All,4,1,0.7777777777777778,36,0.5,4,1.0,1.0,0.6666666666666666,3.0,0.3333333333333333,3.0,0.6,1.2,0.6,5.0
48,5,Expe1,51,2,All,5,2,0.8235294117647058,17,0.5,2,,0.0,1.0,2.0,0.5,2.0,0.0,1.0,1.0,1.0
48,6,Expe1,51,5,All,6,1,0.6222222222222222,45,0.4,5,1.0,1.0,0.75,4.0,0.25,4.0,1.7692307692307692,1.2307692307692308,-0.5384615384615384,13.0
48,7,Expe1,51,6,All,7,1,0.6415094339622641,53,0.5,6,1.0,2.0,0.75,4.0,0.25,4.0,1.5625,1.375,-0.1875,16.0
48,8,Expe1,51,2,All,8,3,0.8333333333333334,18,0.5,2,0.5,2.0,,0.0,,0.0,0.3333333333333333,0.0,-0.3333333333333333,3.0
48,9,Expe1,51,5,All,9,2,0.5111111111111111,45,0.4,5,1.0,1.0,1.0,4.0,0.25,4.0,2.16,1.24,-0.92,25.0
48,10,Expe1,51,4,All,10,2,0.8055555555555556,36,0.5,4,1.0,2.0,1.0,2.0,0.0,2.0,0.4,0.8,0.4,5.0
48,11,Expe1,51,6,All,11,2,0.6415094339622641,53,0.6666666666666666,6,1.0,4.0,0.5,2.0,0.0,2.0,1.2941176470588236,1.3529411764705883,0.058823529411764705,17.0
48,12,Expe1,51,3,All,12,3,0.8148148148148148,27,0.6666666666666666,3,1.0,1.0,1.0,2.0,0.5,2.0,0.3333333333333333,0.6666666666666666,0.3333333333333333,3.0
48,13,Expe1,51,2,All,13,4,0.7777777777777778,18,0.0,2,,0.0,1.0,2.0,0.0,2.0,0.0,1.0,1.0,2.0
48,14,Expe1,51,3,All,14,4,1.0,27,1.0,3,1.0,3.0,,0.0,,0.0,,,,
48,15,Expe1,51,4,All,15,3,0.7777777777777778,36,0.75,4,1.0,1.0,1.0,3.0,0.6666666666666666,3.0,0.6,0.8,0.2,5.0
48,16,Expe1,51,2,All,16,5,0.8888888888888888,18,1.0,2,,0.0,1.0,2.0,1.0,2.0,,,,
48,17,Expe1,51,5,All,17,3,0.8444444444444444,45,0.6,5,1.0,3.0,0.5,2.0,0.0,2.0,0.4,0.8,0.4,5.0
48,18,Expe1,51,6,All,18,3,0.7037037037037037,54,0.5,6,1.0,1.0,0.8,5.0,0.4,5.0,1.75,0.9166666666666666,-0.8333333333333334,12.0
49,1,Expe1,52,2,All,1,1,0.8888888888888888,18,1.0,2,1.0,1.0,1.0,1.0,1.0,1.0,0.0,0.0,0.0,1.0
49,2,Expe1,52,4,All,2,1,0.8055555555555556,36,0.5,4,,0.0,0.75,4.0,0.5,4.0,1.0,0.3333333333333333,-0.6666666666666666,3.0
49,3,Expe1,52,3,All,3,1,0.7407407407407407,27,0.3333333333333333,3,1.0,1.0,1.0,2.0,0.0,2.0,0.8,1.4,0.6,5.0
49,4,Expe1,52,5,All,4,1,0.8444444444444444,45,0.8,5,1.0,2.0,1.0,3.0,0.6666666666666666,3.0,1.8333333333333333,1.6666666666666667,-0.16666666666666666,6.0
49,5,Expe1,52,3,All,5,2,0.7777777777777778,27,0.3333333333333333,3,,0.0,1.0,3.0,0.3333333333333333,3.0,0.3333333333333333,1.0,0.6666666666666666,3.0
49,6,Expe1,52,2,All,6,2,0.7333333333333333,15,0.0,2,,0.0,1.0,2.0,0.0,2.0,0.0,1.0,1.0,2.0
49,7,Expe1,52,2,All,7,3,0.8888888888888888,18,0.5,2,1.0,1.0,1.0,1.0,0.0,1.0,0.0,1.0,1.0,1.0
49,8,Expe1,52,6,All,8,1,0.6296296296296297,54,0.3333333333333333,6,0.5,4.0,1.0,2.0,0.0,2.0,1.2857142857142858,1.4761904761904763,0.19047619047619047,21.0
49,9,Expe1,52,4,All,9,2,0.8611111111111112,36,0.75,4,1.0,2.0,1.0,2.0,0.5,2.0,0.0,0.6666666666666666,0.6666666666666666,3.0
49,10,Expe1,52,6,All,10,2,0.7407407407407407,54,0.3333333333333333,6,1.0,2.0,0.75,4.0,0.0,4.0,1.0,0.8,-0.2,10.0
49,11,Expe1,52,5,All,11,2,0.8222222222222222,45,0.6,5,1.0,2.0,1.0,3.0,0.3333333333333333,3.0,0.8,1.0,0.2,5.0
49,12,Expe1,52,2,All,12,4,1.0,18,1.0,2,1.0,2.0,,0.0,,0.0,,,,
49,13,Expe1,52,4,All,13,3,0.75,36,0.5,4,1.0,2.0,1.0,2.0,0.0,2.0,1.0,1.2857142857142858,0.2857142857142857,7.0
49,14,Expe1,52,3,All,14,3,0.8888888888888888,27,0.6666666666666666,3,1.0,1.0,1.0,2.0,0.5,2.0,0.0,1.0,1.0,1.0
49,15,Expe1,52,5,All,15,3,0.37777777777777777,45,0.2,5,0.5,2.0,0.3333333333333333,3.0,0.0,3.0,2.4827586206896552,1.5862068965517242,-0.896551724137931,29.0
49,16,Expe1,52,3,All,16,4,1.0,27,1.0,3,1.0,3.0,,0.0,,0.0,,,,
49,17,Expe1,52,2,All,17,5,0.8888888888888888,18,1.0,2,,0.0,1.0,2.0,1.0,2.0,,,,
49,18,Expe1,52,2,All,18,6,0.9444444444444444,18,1.0,2,1.0,1.0,1.0,1.0,1.0,1.0,,,,
50,1,Expe1,53,4,All,1,1,0.8055555555555556,36,0.75,4,1.0,1.0,1.0,3.0,0.6666666666666666,3.0,0.75,0.5,-0.25,4.0
50,2,Expe1,53,5,All,2,1,0.8,45,0.6,5,1.0,2.0,1.0,3.0,0.3333333333333333,3.0,0.8333333333333334,1.3333333333333333,0.5,6.0
50,3,Expe1,53,2,All,3,1,0.8888888888888888,18,0.5,2,1.0,1.0,1.0,1.0,0.0,1.0,0.0,1.0,1.0,1.0
50,4,Expe1,53,2,All,4,2,0.8888888888888888,18,0.5,2,1.0,1.0,1.0,1.0,0.0,1.0,0.0,1.0,1.0,1.0
50,5,Expe1,53,3,All,5,1,0.8148148148148148,27,0.3333333333333333,3,,0.0,1.0,3.0,0.3333333333333333,3.0,0.0,1.0,1.0,2.0
50,6,Expe1,53,6,All,6,1,0.5384615384615384,52,0.16666666666666666,6,1.0,1.0,0.8,5.0,0.0,5.0,1.2380952380952381,1.4761904761904763,0.23809523809523808,21.0
50,7,Expe1,53,3,All,7,2,0.8076923076923077,26,0.5,2,,0.0,1.0,2.0,0.5,2.0,0.0,1.0,1.0,2.0
50,8,Expe1,53,2,All,8,3,0.8888888888888888,18,0.5,2,1.0,1.0,1.0,1.0,0.0,1.0,0.0,1.0,1.0,1.0
50,9,Expe1,53,5,All,9,2,0.8409090909090909,44,0.4,5,1.0,1.0,0.6666666666666666,3.0,0.3333333333333333,3.0,0.25,0.75,0.5,4.0
50,10,Expe1,53,4,All,10,2,0.8611111111111112,36,0.5,4,1.0,1.0,1.0,3.0,0.3333333333333333,3.0,0.0,1.0,1.0,2.0
50,11,Expe1,53,6,All,11,2,0.9074074074074074,54,1.0,6,1.0,2.0,1.0,4.0,1.0,4.0,1.0,0.0,-1.0,1.0
50,12,Expe1,53,4,All,12,3,0.8333333333333334,36,0.5,4,,0.0,1.0,4.0,0.5,4.0,0.0,1.0,1.0,2.0
50,13,Expe1,53,5,All,13,3,0.9111111111111111,45,0.8,5,1.0,2.0,1.0,3.0,0.6666666666666666,3.0,0.0,1.0,1.0,1.0
50,14,Expe1,53,2,All,14,4,0.8333333333333334,18,0.5,2,,0.0,1.0,2.0,0.5,2.0,0.0,1.0,1.0,1.0
50,15,Expe1,53,2,All,15,5,0.8888888888888888,18,0.5,2,1.0,1.0,1.0,1.0,0.0,1.0,0.0,1.0,1.0,1.0
50,16,Expe1,53,3,All,16,3,0.9259259259259259,27,1.0,3,1.0,2.0,1.0,1.0,1.0,1.0,0.0,1.0,1.0,1.0
50,17,Expe1,53,6,All,17,3,0.8703703703703703,54,0.8333333333333334,6,1.0,3.0,1.0,3.0,0.6666666666666666,3.0,0.5,0.25,-0.25,4.0
50,18,Expe1,53,3,All,18,4,0.9629629629629629,27,1.0,3,1.0,2.0,1.0,1.0,1.0,1.0,,,,
51,1,Expe1,54,5,All,1,1,0.8409090909090909,44,0.8,5,1.0,2.0,1.0,2.0,1.0,2.0,0.6,0.8,0.2,5.0
51,2,Expe1,54,2,All,2,1,0.7222222222222222,18,0.0,2,,0.0,0.5,2.0,0.0,2.0,0.6666666666666666,0.6666666666666666,0.0,3.0
51,3,Expe1,54,4,All,3,1,0.8333333333333334,36,0.5,4,1.0,2.0,0.5,2.0,0.0,2.0,1.0,0.5,-0.5,4.0
51,4,Expe1,54,6,All,4,1,0.8125,48,0.25,4,1.0,1.0,1.0,2.0,0.0,2.0,0.375,1.0,0.625,8.0
51,5,Expe1,54,2,All,5,2,0.8666666666666667,15,0.5,2,,0.0,0.0,1.0,0.0,1.0,1.0,0.0,-1.0,1.0
51,6,Expe1,54,2,All,6,3,0.8888888888888888,18,1.0,2,1.0,1.0,1.0,1.0,1.0,1.0,0.0,1.0,1.0,1.0
51,7,Expe1,54,3,All,7,1,0.9230769230769231,26,1.0,3,1.0,1.0,1.0,1.0,1.0,1.0,0.0,0.0,0.0,1.0
51,8,Expe1,54,3,All,8,2,0.8518518518518519,27,0.6666666666666666,3,1.0,1.0,1.0,2.0,0.5,2.0,0.0,0.5,0.5,2.0
51,9,Expe1,54,5,All,9,2,0.7111111111111111,45,0.2,5,1.0,1.0,0.5,4.0,0.0,4.0,0.6666666666666666,1.0,0.3333333333333333,9.0
51,10,Expe1,54,6,All,10,2,0.5961538461538461,52,0.6666666666666666,6,1.0,2.0,1.0,2.0,1.0,2.0,1.7272727272727273,0.6818181818181818,-1.0454545454545454,22.0
51,11,Expe1,54,4,All,11,2,0.8888888888888888,36,0.5,4,0.6666666666666666,3.0,1.0,1.0,0.0,1.0,0.0,0.3333333333333333,0.3333333333333333,3.0
51,12,Expe1,54,5,All,12,3,0.6888888888888889,45,0.4,5,1.0,2.0,1.0,3.0,0.0,3.0,1.0909090909090908,1.4545454545454546,0.36363636363636365,11.0
51,13,Expe1,54,2,All,13,4,0.29411764705882354,17,0.0,2,,0.0,0.5,2.0,0.0,2.0,1.3,1.8,0.5,10.0
51,14,Expe1,54,4,All,14,3,0.7714285714285715,35,0.6666666666666666,3,1.0,1.0,1.0,2.0,0.5,2.0,0.8333333333333334,0.6666666666666666,-0.16666666666666666,6.0
51,15,Expe1,54,6,All,15,3,0.7962962962962963,54,0.6666666666666666,6,1.0,2.0,0.75,4.0,0.5,4.0,0.7142857142857143,1.2857142857142858,0.5714285714285714,7.0
51,16,Expe1,54,2,All,16,5,0.7777777777777778,18,0.5,2,,0.0,1.0,2.0,0.5,2.0,0.0,1.0,1.0,2.0
51,17,Expe1,54,2,All,17,6,0.7647058823529411,17,0.0,2,,0.0,1.0,2.0,0.0,2.0,0.0,1.0,1.0,2.0
51,18,Expe1,54,3,All,18,3,0.9259259259259259,27,1.0,3,1.0,1.0,1.0,2.0,1.0,2.0,,,,
52,1,Expe1,55,2,All,1,1,0.9444444444444444,18,1.0,2,1.0,2.0,,0.0,,0.0,0.0,0.0,0.0,1.0
52,2,Expe1,55,6,All,2,1,0.6415094339622641,53,0.6666666666666666,6,0.75,4.0,1.0,2.0,0.5,2.0,2.217391304347826,2.1739130434782608,-0.043478260869565216,23.0
52,3,Expe1,55,5,All,3,1,0.5777777777777777,45,0.4,5,0.6666666666666666,3.0,0.5,2.0,0.0,2.0,1.6666666666666667,1.6666666666666667,0.0,21.0
52,4,Expe1,55,2,All,4,2,0.8461538461538461,13,1.0,2,,0.0,1.0,2.0,1.0,2.0,,,,
52,5,Expe1,55,4,All,5,1,0.75,36,0.25,4,,0.0,0.75,4.0,0.25,4.0,0.5,1.0,0.5,6.0
52,6,Expe1,55,3,All,6,1,0.8518518518518519,27,1.0,3,1.0,1.0,1.0,2.0,1.0,2.0,0.0,0.5,0.5,2.0
52,7,Expe1,55,2,All,7,3,0.8235294117647058,17,0.0,1,,0.0,1.0,1.0,0.0,1.0,0.0,1.0,1.0,1.0
52,8,Expe1,55,3,All,8,2,0.9259259259259259,27,1.0,3,1.0,1.0,1.0,2.0,1.0,2.0,,,,
52,9,Expe1,55,6,All,9,2,0.8333333333333334,54,0.5,6,1.0,3.0,1.0,3.0,0.0,3.0,0.5,1.1666666666666667,0.6666666666666666,6.0
52,10,Expe1,55,5,All,10,2,0.9090909090909091,44,1.0,4,1.0,3.0,1.0,1.0,1.0,1.0,0.0,0.5,0.5,2.0
52,11,Expe1,55,4,All,11,2,0.7777777777777778,36,0.75,4,1.0,2.0,0.5,2.0,0.5,2.0,0.5714285714285714,0.7142857142857143,0.14285714285714285,7.0
52,12,Expe1,55,2,All,12,4,0.9444444444444444,18,1.0,2,1.0,1.0,1.0,1.0,1.0,1.0,,,,
52,13,Expe1,55,6,All,13,3,0.8148148148148148,54,0.5,6,0.6666666666666666,3.0,0.6666666666666666,3.0,0.3333333333333333,3.0,1.1428571428571428,0.5714285714285714,-0.5714285714285714,7.0
52,14,Expe1,55,5,All,14,3,0.7555555555555555,45,0.4,5,1.0,2.0,0.3333333333333333,3.0,0.0,3.0,0.8888888888888888,1.0,0.1111111111111111,9.0
52,15,Expe1,55,2,All,15,5,0.7777777777777778,18,0.0,2,0.0,1.0,1.0,1.0,0.0,1.0,0.3333333333333333,0.6666666666666666,0.3333333333333333,3.0
52,16,Expe1,55,4,All,16,3,0.75,36,0.5,4,1.0,1.0,0.6666666666666666,3.0,0.3333333333333333,3.0,1.2857142857142858,0.42857142857142855,-0.8571428571428571,7.0
52,17,Expe1,55,3,All,17,3,0.7692307692307693,26,1.0,3,1.0,1.0,1.0,2.0,1.0,2.0,1.0,0.75,-0.25,4.0
52,18,Expe1,55,2,All,18,6,0.8888888888888888,18,1.0,2,1.0,1.0,1.0,1.0,1.0,1.0,1.0,0.0,-1.0,1.0
53,1,Expe1,56,6,All,1,1,0.52,50,0.3333333333333333,6,1.0,2.0,0.6666666666666666,3.0,0.0,3.0,1.3125,1.75,0.4375,32.0
53,2,Expe1,56,2,All,2,1,0.8888888888888888,18,1.0,2,,0.0,1.0,2.0,1.0,2.0,,,,
53,3,Expe1,56,2,All,3,2,0.7142857142857143,14,0.0,2,,0.0,1.0,2.0,0.0,2.0,0.0,1.0,1.0,2.0
53,4,Expe1,56,3,All,4,1,0.7037037037037037,27,0.6666666666666666,3,1.0,1.0,1.0,2.0,0.5,2.0,0.8333333333333334,1.3333333333333333,0.5,6.0
53,5,Expe1,56,5,All,5,1,0.8409090909090909,44,0.5,4,1.0,2.0,1.0,2.0,0.0,2.0,0.25,1.0,0.75,4.0
53,6,Expe1,56,3,All,6,2,0.7407407407407407,27,0.0,3,,0.0,1.0,3.0,0.0,3.0,0.25,1.0,0.75,4.0
53,7,Expe1,56,4,All,7,1,0.7777777777777778,36,0.25,4,,0.0,1.0,4.0,0.25,4.0,0.25,1.0,0.75,4.0
53,8,Expe1,56,2,All,8,3,0.9444444444444444,18,1.0,2,1.0,1.0,1.0,1.0,1.0,1.0,,,,
53,9,Expe1,56,6,All,9,2,0.8518518518518519,54,0.8333333333333334,6,1.0,3.0,1.0,3.0,0.6666666666666666,3.0,0.8,0.6,-0.2,5.0
53,10,Expe1,56,5,All,10,2,0.6888888888888889,45,0.8,5,1.0,2.0,1.0,3.0,0.6666666666666666,3.0,0.9090909090909091,0.8181818181818182,-0.09090909090909091,11.0
53,11,Expe1,56,4,All,11,2,0.8055555555555556,36,0.75,4,1.0,1.0,0.6666666666666666,3.0,0.6666666666666666,3.0,1.25,0.0,-1.25,4.0
53,12,Expe1,56,6,All,12,3,0.8518518518518519,54,0.8333333333333334,6,1.0,3.0,1.0,3.0,0.6666666666666666,3.0,0.4,0.6,0.2,5.0
53,13,Expe1,56,2,All,13,4,0.8333333333333334,18,0.5,2,1.0,1.0,0.0,1.0,0.0,1.0,0.5,1.0,0.5,2.0
53,14,Expe1,56,2,All,14,5,0.9444444444444444,18,1.0,2,1.0,1.0,1.0,1.0,1.0,1.0,,,,
53,15,Expe1,56,3,All,15,3,0.9629629629629629,27,1.0,3,1.0,2.0,1.0,1.0,1.0,1.0,,,,
53,16,Expe1,56,5,All,16,3,0.8222222222222222,45,0.6,5,,0.0,0.8,5.0,0.6,5.0,0.3333333333333333,0.6666666666666666,0.3333333333333333,3.0
53,17,Expe1,56,3,All,17,4,0.9629629629629629,27,1.0,3,1.0,2.0,1.0,1.0,1.0,1.0,,,,
53,18,Expe1,56,4,All,18,3,0.8333333333333334,36,0.75,4,1.0,2.0,1.0,2.0,0.5,2.0,0.75,1.0,0.25,4.0
54,1,Expe1,57,2,All,1,1,0.8888888888888888,18,1.0,2,1.0,1.0,1.0,1.0,1.0,1.0,0.0,1.0,1.0,1.0
54,2,Expe1,57,2,All,2,2,0.8333333333333334,18,0.5,2,,0.0,1.0,2.0,0.5,2.0,0.0,1.0,1.0,1.0
54,3,Expe1,57,2,All,3,3,0.9444444444444444,18,1.0,2,1.0,1.0,1.0,1.0,1.0,1.0,,,,
54,4,Expe1,57,3,All,4,1,0.7037037037037037,27,0.3333333333333333,3,1.0,1.0,1.0,2.0,0.0,2.0,0.3333333333333333,0.8333333333333334,0.5,6.0
54,5,Expe1,57,6,All,5,1,0.49056603773584906,53,0.5,6,1.0,2.0,0.75,4.0,0.25,4.0,1.8620689655172413,2.2413793103448274,0.3793103448275862,29.0
54,6,Expe1,57,4,All,6,1,0.7777777777777778,36,0.25,4,1.0,1.0,1.0,3.0,0.0,3.0,0.4,1.0,0.6,5.0
54,7,Expe1,57,5,All,7,1,0.6590909090909091,44,1.0,4,1.0,1.0,1.0,3.0,1.0,3.0,1.0909090909090908,1.0909090909090908,0.0,11.0
54,8,Expe1,57,3,All,8,2,0.8888888888888888,27,0.6666666666666666,3,1.0,2.0,1.0,1.0,0.0,1.0,0.5,1.0,0.5,2.0
54,9,Expe1,57,4,All,9,2,0.8055555555555556,36,0.5,4,0.5,2.0,0.5,2.0,0.5,2.0,0.4,1.0,0.6,5.0
54,10,Expe1,57,6,All,10,2,0.8333333333333334,54,0.6666666666666666,6,0.6666666666666666,3.0,0.6666666666666666,3.0,0.6666666666666666,3.0,1.3333333333333333,0.0,-1.3333333333333333,6.0
54,11,Expe1,57,5,All,11,2,0.6511627906976745,43,0.2,5,1.0,1.0,0.5,4.0,0.0,4.0,1.1818181818181819,0.8181818181818182,-0.36363636363636365,11.0
54,12,Expe1,57,2,All,12,4,0.8888888888888888,18,1.0,2,,0.0,1.0,2.0,1.0,2.0,,,,
54,13,Expe1,57,2,All,13,5,0.9411764705882353,17,1.0,2,1.0,1.0,1.0,1.0,1.0,1.0,,,,
54,14,Expe1,57,2,All,14,6,0.7647058823529411,17,0.0,2,,0.0,1.0,2.0,0.0,2.0,0.0,1.0,1.0,2.0
54,15,Expe1,57,3,All,15,3,0.8518518518518519,27,0.6666666666666666,3,1.0,1.0,1.0,2.0,0.5,2.0,0.5,0.5,0.0,2.0
54,16,Expe1,57,6,All,16,3,0.48,50,0.0,6,0.0,1.0,0.25,4.0,0.0,4.0,1.5185185185185186,1.6666666666666667,0.14814814814814814,27.0
54,17,Expe1,57,4,All,17,3,0.7142857142857143,35,0.75,4,1.0,1.0,0.6666666666666666,3.0,0.6666666666666666,3.0,0.7142857142857143,1.1428571428571428,0.42857142857142855,7.0
54,18,Expe1,57,5,All,18,3,0.6590909090909091,44,0.4,5,0.0,1.0,1.0,4.0,0.5,4.0,0.7272727272727273,1.2727272727272727,0.5454545454545454,11.0
55,1,Expe1,58,2,All,1,1,0.8888888888888888,18,1.0,2,,0.0,1.0,2.0,1.0,2.0,,,,
55,2,Expe1,58,3,All,2,1,0.8888888888888888,27,0.6666666666666666,3,1.0,2.0,1.0,1.0,0.0,1.0,0.0,0.5,0.5,2.0
55,3,Expe1,58,2,All,3,2,0.8888888888888888,18,0.5,2,1.0,1.0,1.0,1.0,0.0,1.0,0.0,1.0,1.0,1.0
55,4,Expe1,58,4,All,4,1,0.8888888888888888,36,0.5,4,1.0,2.0,1.0,2.0,0.0,2.0,0.0,1.0,1.0,2.0
55,5,Expe1,58,2,All,5,3,0.8333333333333334,18,0.5,2,,0.0,1.0,2.0,0.5,2.0,0.0,1.0,1.0,1.0
55,6,Expe1,58,3,All,6,2,0.8518518518518519,27,0.3333333333333333,3,1.0,1.0,1.0,2.0,0.0,2.0,0.0,1.0,1.0,2.0
55,7,Expe1,58,6,All,7,1,0.8148148148148148,54,0.5,6,,0.0,0.8333333333333334,6.0,0.5,6.0,0.25,1.0,0.75,4.0
55,8,Expe1,58,5,All,8,1,0.8,45,0.6,5,1.0,1.0,1.0,4.0,0.5,4.0,0.8,1.0,0.2,5.0
55,9,Expe1,58,4,All,9,2,0.8611111111111112,36,1.0,4,1.0,1.0,1.0,3.0,1.0,3.0,0.5,1.0,0.5,2.0
55,10,Expe1,58,5,All,10,2,0.8888888888888888,45,0.8,5,1.0,3.0,1.0,2.0,0.5,2.0,0.3333333333333333,1.0,0.6666666666666666,3.0
55,11,Expe1,58,6,All,11,2,0.7962962962962963,54,0.8333333333333334,6,1.0,3.0,1.0,3.0,0.6666666666666666,3.0,0.5,0.375,-0.125,8.0
55,12,Expe1,58,2,All,12,4,0.9444444444444444,18,1.0,2,1.0,1.0,1.0,1.0,1.0,1.0,,,,
55,13,Expe1,58,3,All,13,3,0.9259259259259259,27,0.6666666666666666,3,1.0,2.0,1.0,1.0,0.0,1.0,0.0,1.0,1.0,1.0
55,14,Expe1,58,2,All,14,5,0.8888888888888888,18,0.5,2,1.0,1.0,1.0,1.0,0.0,1.0,0.0,1.0,1.0,1.0
55,15,Expe1,58,4,All,15,3,0.8333333333333334,36,0.75,4,1.0,1.0,1.0,3.0,0.6666666666666666,3.0,0.3333333333333333,1.0,0.6666666666666666,3.0
55,16,Expe1,58,2,All,16,6,0.8333333333333334,18,0.5,2,,0.0,1.0,2.0,0.5,2.0,0.0,1.0,1.0,1.0
55,17,Expe1,58,3,All,17,4,0.8148148148148148,27,0.3333333333333333,3,,0.0,1.0,3.0,0.3333333333333333,3.0,0.0,1.0,1.0,2.0
55,18,Expe1,58,6,All,18,3,0.8113207547169812,53,0.8,5,1.0,2.0,1.0,3.0,0.6666666666666666,3.0,0.5714285714285714,0.7142857142857143,0.14285714285714285,7.0
56,1,Expe1,59,3,All,1,1,0.8148148148148148,27,0.3333333333333333,3,1.0,1.0,0.5,2.0,0.0,2.0,0.6666666666666666,0.6666666666666666,0.0,3.0
56,2,Expe1,59,4,All,2,1,0.8611111111111112,36,0.75,4,0.5,2.0,1.0,2.0,1.0,2.0,0.6666666666666666,0.0,-0.6666666666666666,3.0
56,3,Expe1,59,2,All,3,1,0.7777777777777778,18,0.0,2,,0.0,1.0,2.0,0.0,2.0,0.0,1.0,1.0,2.0
56,4,Expe1,59,3,All,4,2,0.8518518518518519,27,0.6666666666666666,3,1.0,1.0,1.0,2.0,0.5,2.0,0.5,0.5,0.0,2.0
56,5,Expe1,59,2,All,5,2,0.875,16,0.5,2,1.0,1.0,1.0,1.0,0.0,1.0,0.0,1.0,1.0,1.0
56,6,Expe1,59,5,All,6,1,0.5555555555555556,45,0.4,5,1.0,1.0,1.0,4.0,0.25,4.0,1.95,2.3,0.35,20.0
56,7,Expe1,59,2,All,7,3,0.8888888888888888,18,1.0,2,1.0,1.0,1.0,1.0,1.0,1.0,1.0,0.0,-1.0,1.0
56,8,Expe1,59,6,All,8,1,0.6296296296296297,54,0.5,6,0.3333333333333333,3.0,1.0,3.0,0.6666666666666666,3.0,0.8333333333333334,1.2222222222222223,0.3888888888888889,18.0
56,9,Expe1,59,4,All,9,2,0.6285714285714286,35,0.5,4,1.0,1.0,0.5,2.0,0.5,2.0,2.0625,0.9375,-1.125,16.0
56,10,Expe1,59,6,All,10,2,0.7962962962962963,54,0.6666666666666666,6,1.0,3.0,0.6666666666666666,3.0,0.3333333333333333,3.0,0.375,0.875,0.5,8.0
56,11,Expe1,59,5,All,11,2,0.9333333333333333,45,1.0,5,1.0,3.0,1.0,2.0,1.0,2.0,0.0,0.0,0.0,1.0
56,12,Expe1,59,3,All,12,3,0.8888888888888888,27,1.0,3,1.0,2.0,1.0,1.0,1.0,1.0,0.5,1.0,0.5,2.0
56,13,Expe1,59,4,All,13,3,0.8333333333333334,36,0.5,4,1.0,2.0,1.0,2.0,0.0,2.0,0.5,1.25,0.75,4.0
56,14,Expe1,59,2,All,14,4,0.8888888888888888,18,0.5,2,1.0,1.0,0.0,1.0,0.0,1.0,1.0,0.0,-1.0,1.0
56,15,Expe1,59,3,All,15,4,0.9629629629629629,27,1.0,3,1.0,2.0,1.0,1.0,1.0,1.0,,,,
56,16,Expe1,59,2,All,16,5,0.7777777777777778,18,0.5,2,1.0,1.0,1.0,1.0,0.0,1.0,0.3333333333333333,0.6666666666666666,0.3333333333333333,3.0
56,17,Expe1,59,5,All,17,3,0.7045454545454546,44,0.6,5,,0.0,0.75,4.0,0.5,4.0,0.5555555555555556,1.1111111111111112,0.5555555555555556,9.0
56,18,Expe1,59,2,All,18,6,0.8823529411764706,17,0.5,2,1.0,1.0,,0.0,,0.0,0.0,0.5,0.5,2.0
57,1,Expe1,60,4,All,1,1,0.75,36,0.5,4,,0.0,1.0,4.0,0.5,4.0,1.2,1.0,-0.2,5.0
57,2,Expe1,60,3,All,2,1,0.9629629629629629,27,1.0,3,1.0,2.0,1.0,1.0,1.0,1.0,,,,
57,3,Expe1,60,3,All,3,2,0.8888888888888888,27,0.6666666666666666,3,1.0,1.0,1.0,2.0,0.5,2.0,0.0,1.0,1.0,1.0
57,4,Expe1,60,5,All,4,1,0.9333333333333333,45,0.8,5,1.0,3.0,1.0,2.0,0.5,2.0,0.0,1.0,1.0,1.0
57,5,Expe1,60,2,All,5,1,0.8888888888888888,18,1.0,2,1.0,1.0,1.0,1.0,1.0,1.0,0.0,0.0,0.0,1.0
57,6,Expe1,60,6,All,6,1,0.7547169811320755,53,0.4,5,0.5,2.0,1.0,3.0,0.3333333333333333,3.0,0.6666666666666666,0.7777777777777778,0.1111111111111111,9.0
57,7,Expe1,60,2,All,7,2,0.7777777777777778,18,0.0,2,,0.0,1.0,2.0,0.0,2.0,0.0,1.0,1.0,2.0
57,8,Expe1,60,2,All,8,3,0.8888888888888888,18,0.5,2,1.0,1.0,1.0,1.0,0.0,1.0,0.0,1.0,1.0,1.0
57,9,Expe1,60,5,All,9,2,0.7954545454545454,44,0.5,4,1.0,1.0,1.0,3.0,0.3333333333333333,3.0,0.4,1.0,0.6,5.0
57,10,Expe1,60,4,All,10,2,0.8888888888888888,36,0.75,4,1.0,1.0,1.0,3.0,0.6666666666666666,3.0,0.0,1.0,1.0,1.0
57,11,Expe1,60,6,All,11,2,0.7592592592592593,54,0.5,6,1.0,2.0,1.0,4.0,0.25,4.0,1.0,1.3333333333333333,0.3333333333333333,9.0
57,12,Expe1,60,4,All,12,3,0.8888888888888888,36,0.5,4,1.0,2.0,1.0,2.0,0.0,2.0,0.0,1.0,1.0,2.0
57,13,Expe1,60,3,All,13,3,0.8148148148148148,27,0.3333333333333333,3,,0.0,1.0,3.0,0.3333333333333333,3.0,0.0,1.0,1.0,2.0
57,14,Expe1,60,3,All,14,4,0.9259259259259259,27,0.6666666666666666,3,1.0,2.0,1.0,1.0,0.0,1.0,0.0,1.0,1.0,1.0
57,15,Expe1,60,5,All,15,3,0.8888888888888888,45,0.6,5,1.0,2.0,1.0,3.0,0.3333333333333333,3.0,0.0,1.0,1.0,2.0
57,16,Expe1,60,2,All,16,4,0.9444444444444444,18,1.0,2,1.0,1.0,1.0,1.0,1.0,1.0,,,,
57,17,Expe1,60,6,All,17,3,0.9074074074074074,54,0.6666666666666666,6,1.0,3.0,1.0,3.0,0.3333333333333333,3.0,0.0,1.0,1.0,2.0
57,18,Expe1,60,2,All,18,5,0.7777777777777778,18,0.5,2,,0.0,1.0,2.0,0.5,2.0,0.0,1.0,1.0,2.0
58,1,Expe1,61,3,All,1,1,0.9629629629629629,27,1.0,3,1.0,2.0,1.0,1.0,1.0,1.0,,,,
58,2,Expe1,61,5,All,2,1,0.813953488372093,43,0.75,4,1.0,3.0,1.0,1.0,0.0,1.0,0.8333333333333334,1.3333333333333333,0.5,6.0
58,3,Expe1,61,4,All,3,1,0.7222222222222222,36,0.25,4,1.0,1.0,0.3333333333333333,3.0,0.0,3.0,0.8571428571428571,1.0,0.14285714285714285,7.0
58,4,Expe1,61,6,All,4,1,0.48148148148148145,54,0.3333333333333333,6,0.5,2.0,0.75,4.0,0.25,4.0,1.8928571428571428,1.7142857142857142,-0.17857142857142858,28.0
58,5,Expe1,61,3,All,5,2,0.8888888888888888,27,0.6666666666666666,3,1.0,1.0,1.0,2.0,0.5,2.0,0.0,1.0,1.0,1.0
58,6,Expe1,61,2,All,6,1,0.8333333333333334,18,0.5,2,1.0,1.0,1.0,1.0,0.0,1.0,0.5,1.0,0.5,2.0
58,7,Expe1,61,2,All,7,2,0.8333333333333334,18,0.5,2,,0.0,1.0,2.0,0.5,2.0,0.0,1.0,1.0,1.0
58,8,Expe1,61,2,All,8,3,0.8333333333333334,18,0.5,2,,0.0,1.0,2.0,0.5,2.0,0.0,1.0,1.0,1.0
58,9,Expe1,61,5,All,9,2,0.8666666666666667,45,0.8,5,1.0,2.0,1.0,3.0,0.6666666666666666,3.0,0.6666666666666666,1.3333333333333333,0.6666666666666666,3.0
58,10,Expe1,61,4,All,10,2,0.9722222222222222,36,1.0,4,1.0,3.0,1.0,1.0,1.0,1.0,,,,
58,11,Expe1,61,6,All,11,2,0.6538461538461539,52,0.5,6,1.0,1.0,0.75,4.0,0.5,4.0,0.9285714285714286,0.7142857142857143,-0.21428571428571427,14.0
58,12,Expe1,61,3,All,12,3,0.8148148148148148,27,0.3333333333333333,3,,0.0,1.0,3.0,0.3333333333333333,3.0,0.0,1.0,1.0,2.0
58,13,Expe1,61,5,All,13,3,0.4666666666666667,45,0.0,5,,0.0,0.6,5.0,0.0,5.0,1.368421052631579,1.368421052631579,0.0,19.0
58,14,Expe1,61,4,All,14,3,0.6944444444444444,36,0.25,4,1.0,1.0,0.6666666666666666,3.0,0.0,3.0,0.875,1.0,0.125,8.0
58,15,Expe1,61,6,All,15,3,0.7777777777777778,54,0.3333333333333333,6,1.0,1.0,0.6,5.0,0.2,5.0,0.5714285714285714,0.7142857142857143,0.14285714285714285,7.0
58,16,Expe1,61,3,All,16,4,0.8888888888888888,27,0.6666666666666666,3,1.0,1.0,1.0,2.0,0.5,2.0,0.0,1.0,1.0,1.0
58,17,Expe1,61,2,All,17,4,0.7777777777777778,18,0.5,2,,0.0,1.0,2.0,0.5,2.0,0.0,1.0,1.0,2.0
58,18,Expe1,61,2,All,18,5,0.9444444444444444,18,1.0,2,1.0,1.0,1.0,1.0,1.0,1.0,,,,
59,1,Expe1,62,5,All,1,1,0.5555555555555556,45,0.6,5,1.0,1.0,1.0,4.0,0.5,4.0,1.125,1.5625,0.4375,16.0
59,2,Expe1,62,6,All,2,1,0.9074074074074074,54,0.8333333333333334,6,1.0,2.0,1.0,4.0,0.75,4.0,0.0,1.0,1.0,1.0
59,3,Expe1,62,3,All,3,1,0.8148148148148148,27,0.3333333333333333,3,1.0,1.0,1.0,2.0,0.0,2.0,0.3333333333333333,1.0,0.6666666666666666,3.0
59,4,Expe1,62,2,All,4,1,0.9444444444444444,18,1.0,2,1.0,1.0,1.0,1.0,1.0,1.0,,,,
59,5,Expe1,62,4,All,5,1,0.8888888888888888,36,0.75,4,1.0,2.0,1.0,2.0,0.5,2.0,0.5,0.5,0.0,2.0
59,6,Expe1,62,2,All,6,2,0.8333333333333334,18,1.0,2,,0.0,1.0,2.0,1.0,2.0,1.0,0.0,-1.0,1.0
59,7,Expe1,62,3,All,7,2,0.8888888888888888,27,0.6666666666666666,3,1.0,1.0,1.0,2.0,0.5,2.0,0.0,1.0,1.0,1.0
59,8,Expe1,62,2,All,8,3,0.8888888888888888,18,0.5,2,1.0,1.0,1.0,1.0,0.0,1.0,0.0,1.0,1.0,1.0
59,9,Expe1,62,5,All,9,2,0.7777777777777778,45,0.4,5,0.0,1.0,0.75,4.0,0.5,4.0,0.6666666666666666,0.8333333333333334,0.16666666666666666,6.0
59,10,Expe1,62,6,All,10,2,0.8333333333333334,54,0.3333333333333333,6,0.5,2.0,0.75,4.0,0.25,4.0,0.2,0.6,0.4,5.0
59,11,Expe1,62,4,All,11,2,0.8888888888888888,36,0.75,4,1.0,3.0,1.0,1.0,0.0,1.0,0.3333333333333333,0.6666666666666666,0.3333333333333333,3.0
59,12,Expe1,62,5,All,12,3,0.7777777777777778,45,0.6,5,,0.0,1.0,5.0,0.6,5.0,0.6,1.0,0.4,5.0
59,13,Expe1,62,6,All,13,3,0.8518518518518519,54,0.8333333333333334,6,1.0,1.0,1.0,5.0,0.8,5.0,0.3333333333333333,0.6666666666666666,0.3333333333333333,3.0
59,14,Expe1,62,3,All,14,3,0.8888888888888888,27,1.0,3,1.0,2.0,1.0,1.0,1.0,1.0,0.5,0.0,-0.5,2.0
59,15,Expe1,62,2,All,15,4,0.8888888888888888,18,0.5,2,1.0,1.0,1.0,1.0,0.0,1.0,0.0,1.0,1.0,1.0
59,16,Expe1,62,4,All,16,3,0.7777777777777778,36,0.5,4,,0.0,1.0,4.0,0.5,4.0,0.75,1.0,0.25,4.0
59,17,Expe1,62,2,All,17,5,0.8333333333333334,18,0.5,2,1.0,1.0,0.0,1.0,0.0,1.0,0.5,1.0,0.5,2.0
59,18,Expe1,62,3,All,18,4,0.8888888888888888,27,0.6666666666666666,3,1.0,1.0,1.0,2.0,0.5,2.0,0.0,1.0,1.0,1.0
60,1,Expe1,64,2,All,1,1,0.8235294117647058,17,0.5,2,,0.0,0.0,1.0,0.0,1.0,0.5,0.5,0.0,2.0
60,2,Expe1,64,2,All,2,2,0.4,5,0.5,2,,0.0,1.0,2.0,0.5,2.0,0.0,1.0,1.0,1.0
60,3,Expe1,64,6,All,3,1,0.6666666666666666,54,0.5,6,0.6666666666666666,3.0,0.6666666666666666,3.0,0.3333333333333333,3.0,0.8666666666666667,1.4,0.5333333333333333,15.0
60,4,Expe1,64,2,All,4,3,0.7647058823529411,17,0.0,1,,0.0,1.0,1.0,0.0,1.0,0.5,1.0,0.5,2.0
60,5,Expe1,64,5,All,5,1,0.8,45,0.4,5,1.0,1.0,0.75,4.0,0.25,4.0,0.4,1.2,0.8,5.0
60,6,Expe1,64,3,All,6,1,0.8148148148148148,27,0.6666666666666666,3,1.0,1.0,1.0,2.0,0.5,2.0,0.0,0.6666666666666666,0.6666666666666666,3.0
60,7,Expe1,64,3,All,7,2,0.9629629629629629,27,1.0,3,1.0,2.0,1.0,1.0,1.0,1.0,,,,
60,8,Expe1,64,4,All,8,1,0.8055555555555556,36,0.75,4,1.0,1.0,1.0,3.0,0.6666666666666666,3.0,0.25,0.75,0.5,4.0
60,9,Expe1,64,5,All,9,2,0.8888888888888888,45,0.6,5,0.6666666666666666,3.0,0.5,2.0,0.5,2.0,0.3333333333333333,0.3333333333333333,0.0,3.0
60,10,Expe1,64,4,All,10,2,0.6944444444444444,36,0.5,4,1.0,1.0,1.0,3.0,0.3333333333333333,3.0,0.875,0.875,0.0,8.0
60,11,Expe1,64,6,All,11,2,0.6666666666666666,54,0.16666666666666666,6,1.0,1.0,0.6,5.0,0.0,5.0,0.9230769230769231,1.0769230769230769,0.15384615384615385,13.0
60,12,Expe1,64,2,All,12,4,0.8888888888888888,18,1.0,2,,0.0,1.0,2.0,1.0,2.0,,,,
60,13,Expe1,64,2,All,13,5,0.9444444444444444,18,1.0,2,1.0,1.0,1.0,1.0,1.0,1.0,,,,
60,14,Expe1,64,6,All,14,3,0.8333333333333334,54,0.5,6,0.6666666666666666,3.0,0.3333333333333333,3.0,0.3333333333333333,3.0,0.5,0.3333333333333333,-0.16666666666666666,6.0
60,15,Expe1,64,2,All,15,6,1.0,18,1.0,2,1.0,2.0,,0.0,,0.0,,,,
60,16,Expe1,64,5,All,16,3,0.7111111111111111,45,0.4,5,0.0,1.0,1.0,4.0,0.5,4.0,0.5555555555555556,1.1111111111111112,0.5555555555555556,9.0
60,17,Expe1,64,3,All,17,3,0.7777777777777778,27,0.6666666666666666,3,1.0,1.0,1.0,2.0,0.5,2.0,1.0,0.75,-0.25,4.0
60,18,Expe1,64,3,All,18,4,0.8518518518518519,27,0.3333333333333333,3,0.0,1.0,1.0,2.0,0.5,2.0,0.0,0.5,0.5,2.0
61,1,Expe1,65,2,All,1,1,0.8333333333333334,18,0.5,2,,0.0,1.0,2.0,0.5,2.0,0.0,1.0,1.0,1.0
61,2,Expe1,65,5,All,2,1,0.8666666666666667,45,0.8,5,1.0,2.0,1.0,3.0,0.6666666666666666,3.0,0.3333333333333333,1.0,0.6666666666666666,3.0
61,3,Expe1,65,3,All,3,1,0.7777777777777778,27,0.6666666666666666,3,1.0,1.0,1.0,2.0,0.5,2.0,0.25,0.5,0.25,4.0
61,4,Expe1,65,2,All,4,2,1.0,16,1.0,2,1.0,2.0,,0.0,,0.0,,,,
61,5,Expe1,65,2,All,5,3,0.9444444444444444,18,1.0,2,1.0,1.0,1.0,1.0,1.0,1.0,,,,
61,6,Expe1,65,3,All,6,2,0.9629629629629629,27,1.0,3,1.0,2.0,1.0,1.0,1.0,1.0,,,,
61,7,Expe1,65,4,All,7,1,0.9444444444444444,36,0.75,4,1.0,3.0,1.0,1.0,0.0,1.0,0.0,1.0,1.0,1.0
61,8,Expe1,65,6,All,8,1,0.6666666666666666,54,0.5,6,1.0,1.0,0.8,5.0,0.4,5.0,1.2307692307692308,1.7692307692307692,0.5384615384615384,13.0
61,9,Expe1,65,5,All,9,2,0.8666666666666667,45,0.8,5,1.0,1.0,1.0,4.0,0.75,4.0,0.0,1.0,1.0,2.0
61,10,Expe1,65,6,All,10,2,0.7407407407407407,54,0.6666666666666666,6,1.0,1.0,1.0,5.0,0.6,5.0,0.8888888888888888,0.8888888888888888,0.0,9.0
61,11,Expe1,65,4,All,11,2,0.7777777777777778,36,0.5,4,,0.0,1.0,4.0,0.5,4.0,0.25,1.0,0.75,4.0
61,12,Expe1,65,2,All,12,4,0.8888888888888888,18,0.5,2,1.0,1.0,1.0,1.0,0.0,1.0,0.0,1.0,1.0,1.0
61,13,Expe1,65,5,All,13,3,0.9555555555555556,45,1.0,5,1.0,3.0,1.0,2.0,1.0,2.0,,,,
61,14,Expe1,65,3,All,14,3,0.8888888888888888,27,1.0,3,,0.0,1.0,3.0,1.0,3.0,,,,
61,15,Expe1,65,2,All,15,5,0.8888888888888888,18,0.5,2,1.0,1.0,1.0,1.0,0.0,1.0,0.0,1.0,1.0,1.0
61,16,Expe1,65,2,All,16,6,0.8333333333333334,18,0.5,2,,0.0,1.0,2.0,0.5,2.0,0.0,1.0,1.0,1.0
61,17,Expe1,65,3,All,17,4,0.8888888888888888,27,1.0,3,1.0,1.0,1.0,2.0,1.0,2.0,1.0,0.0,-1.0,1.0
61,18,Expe1,65,4,All,18,3,0.8888888888888888,36,0.75,4,1.0,1.0,1.0,3.0,0.6666666666666666,3.0,0.0,1.0,1.0,1.0
62,1,Expe1,66,5,All,1,1,0.8409090909090909,44,0.4,5,1.0,2.0,0.5,2.0,0.0,2.0,0.4,1.0,0.6,5.0
62,2,Expe1,66,2,All,2,1,0.8333333333333334,18,0.5,2,,0.0,1.0,2.0,0.5,2.0,0.0,1.0,1.0,1.0
62,3,Expe1,66,2,All,3,2,0.7647058823529411,17,0.0,2,,0.0,1.0,2.0,0.0,2.0,0.0,1.0,1.0,2.0
62,4,Expe1,66,3,All,4,1,0.8148148148148148,27,0.6666666666666666,3,1.0,1.0,1.0,2.0,0.5,2.0,0.0,0.6666666666666666,0.6666666666666666,3.0
62,5,Expe1,66,3,All,5,2,0.9259259259259259,27,1.0,3,1.0,1.0,1.0,2.0,1.0,2.0,,,,
62,6,Expe1,66,6,All,6,1,0.6666666666666666,54,0.5,6,0.6666666666666666,3.0,0.6666666666666666,3.0,0.3333333333333333,3.0,1.1764705882352942,1.4705882352941178,0.29411764705882354,17.0
62,7,Expe1,66,2,All,7,3,0.8333333333333334,18,0.5,2,,0.0,1.0,2.0,0.5,2.0,0.0,1.0,1.0,1.0
62,8,Expe1,66,4,All,8,1,0.8611111111111112,36,0.75,4,1.0,3.0,1.0,1.0,0.0,1.0,0.25,0.75,0.5,4.0
62,9,Expe1,66,6,All,9,2,0.8518518518518519,54,0.8333333333333334,6,1.0,5.0,0.0,1.0,0.0,1.0,0.42857142857142855,0.0,-0.42857142857142855,7.0
62,10,Expe1,66,5,All,10,2,0.7777777777777778,45,0.4,5,1.0,1.0,0.75,4.0,0.25,4.0,0.6666666666666666,1.3333333333333333,0.6666666666666666,6.0
62,11,Expe1,66,4,All,11,2,0.8333333333333334,36,0.5,4,1.0,1.0,1.0,3.0,0.3333333333333333,3.0,0.3333333333333333,1.0,0.6666666666666666,3.0
62,12,Expe1,66,5,All,12,3,0.7555555555555555,45,0.6,5,,0.0,1.0,5.0,0.6,5.0,0.6666666666666666,1.0,0.3333333333333333,6.0
62,13,Expe1,66,2,All,13,4,0.8333333333333334,18,0.5,2,1.0,1.0,1.0,1.0,0.0,1.0,0.5,1.0,0.5,2.0
62,14,Expe1,66,2,All,14,5,0.8888888888888888,18,1.0,2,,0.0,1.0,2.0,1.0,2.0,,,,
62,15,Expe1,66,3,All,15,3,0.8888888888888888,27,1.0,3,1.0,1.0,1.0,2.0,1.0,2.0,1.0,0.0,-1.0,1.0
62,16,Expe1,66,3,All,16,4,1.0,27,1.0,3,1.0,3.0,,0.0,,0.0,,,,
62,17,Expe1,66,6,All,17,3,0.6111111111111112,54,0.3333333333333333,6,0.5,2.0,0.75,4.0,0.25,4.0,1.7,1.3,-0.4,20.0
62,18,Expe1,66,2,All,18,6,0.8823529411764706,17,0.5,2,,0.0,1.0,1.0,1.0,1.0,0.0,1.0,1.0,1.0
63,1,Expe1,67,2,All,1,1,0.8888888888888888,18,1.0,2,1.0,1.0,1.0,1.0,1.0,1.0,0.0,1.0,1.0,1.0
63,2,Expe1,67,3,All,2,1,0.8518518518518519,27,0.6666666666666666,3,1.0,1.0,0.5,2.0,0.5,2.0,0.5,0.0,-0.5,2.0
63,3,Expe1,67,5,All,3,1,0.8,45,0.6,5,1.0,1.0,0.75,4.0,0.5,4.0,0.6,1.0,0.4,5.0
63,4,Expe1,67,6,All,4,1,0.7843137254901961,51,0.5,6,1.0,2.0,0.75,4.0,0.25,4.0,0.2857142857142857,0.5714285714285714,0.2857142857142857,7.0
63,5,Expe1,67,2,All,5,2,0.875,16,1.0,2,,0.0,1.0,2.0,1.0,2.0,,,,
63,6,Expe1,67,4,All,6,1,0.6666666666666666,36,0.0,4,,0.0,1.0,4.0,0.0,4.0,0.875,1.0,0.125,8.0
63,7,Expe1,67,3,All,7,2,0.9259259259259259,27,0.6666666666666666,3,0.6666666666666666,3.0,,0.0,,0.0,0.5,0.0,-0.5,2.0
63,8,Expe1,67,2,All,8,3,0.8888888888888888,18,0.5,2,1.0,1.0,1.0,1.0,0.0,1.0,0.0,1.0,1.0,1.0
63,9,Expe1,67,5,All,9,2,0.8,45,0.6,5,1.0,3.0,0.5,2.0,0.0,2.0,1.0,0.8571428571428571,-0.14285714285714285,7.0
63,10,Expe1,67,4,All,10,2,0.8857142857142857,35,1.0,4,1.0,2.0,1.0,2.0,1.0,2.0,0.5,0.0,-0.5,2.0
63,11,Expe1,67,6,All,11,2,0.7592592592592593,54,0.5,6,0.6666666666666666,3.0,1.0,3.0,0.3333333333333333,3.0,1.0,0.9,-0.1,10.0
63,12,Expe1,67,2,All,12,4,0.9444444444444444,18,1.0,2,1.0,1.0,1.0,1.0,1.0,1.0,,,,
63,13,Expe1,67,3,All,13,3,0.8076923076923077,26,0.3333333333333333,3,0.5,2.0,1.0,1.0,0.0,1.0,0.75,0.75,0.0,4.0
63,14,Expe1,67,5,All,14,3,0.6363636363636364,44,0.6,5,,0.0,1.0,4.0,0.75,4.0,1.5,1.6666666666666667,0.16666666666666666,12.0
63,15,Expe1,67,6,All,15,3,0.6415094339622641,53,0.5,6,0.5,2.0,0.75,4.0,0.5,4.0,1.3125,1.4375,0.125,16.0
63,16,Expe1,67,2,All,16,5,0.8333333333333334,18,0.5,2,,0.0,1.0,2.0,0.5,2.0,0.0,1.0,1.0,1.0
63,17,Expe1,67,4,All,17,3,0.8055555555555556,36,0.25,4,0.0,1.0,1.0,3.0,0.3333333333333333,3.0,0.25,0.5,0.25,4.0
63,18,Expe1,67,3,All,18,4,0.8518518518518519,27,0.6666666666666666,3,,0.0,1.0,3.0,0.6666666666666666,3.0,0.0,1.0,1.0,1.0
64,1,Expe1,68,3,All,1,1,0.7777777777777778,27,0.3333333333333333,3,,0.0,1.0,3.0,0.3333333333333333,3.0,0.3333333333333333,1.0,0.6666666666666666,3.0
64,2,Expe1,68,6,All,2,1,0.7358490566037735,53,0.4,5,0.6666666666666666,3.0,1.0,2.0,0.0,2.0,0.6363636363636364,0.8181818181818182,0.18181818181818182,11.0
64,3,Expe1,68,2,All,3,1,0.7777777777777778,18,0.0,2,,0.0,1.0,2.0,0.0,2.0,0.0,1.0,1.0,2.0
64,4,Expe1,68,4,All,4,1,0.7647058823529411,34,0.3333333333333333,3,1.0,1.0,1.0,2.0,0.0,2.0,0.8,1.0,0.2,5.0
64,5,Expe1,68,5,All,5,1,0.8181818181818182,44,0.8,5,1.0,2.0,1.0,3.0,0.6666666666666666,3.0,0.8,1.2,0.4,5.0
64,6,Expe1,68,2,All,6,2,0.8235294117647058,17,0.5,2,,0.0,1.0,2.0,0.5,2.0,0.0,1.0,1.0,1.0
64,7,Expe1,68,2,All,7,3,0.7777777777777778,18,0.0,2,,0.0,1.0,2.0,0.0,2.0,0.0,1.0,1.0,2.0
64,8,Expe1,68,3,All,8,2,0.7407407407407407,27,0.0,3,0.0,1.0,1.0,2.0,0.0,2.0,0.2,0.8,0.6,5.0
64,9,Expe1,68,5,All,9,2,0.7777777777777778,45,0.6,5,1.0,1.0,0.75,4.0,0.5,4.0,1.8333333333333333,0.16666666666666666,-1.6666666666666667,6.0
64,10,Expe1,68,6,All,10,2,0.7592592592592593,54,0.5,6,1.0,2.0,0.75,4.0,0.25,4.0,1.2222222222222223,0.7777777777777778,-0.4444444444444444,9.0
64,11,Expe1,68,4,All,11,2,0.7428571428571429,35,0.5,4,1.0,1.0,0.6666666666666666,3.0,0.3333333333333333,3.0,1.3333333333333333,0.6666666666666666,-0.6666666666666666,6.0
64,12,Expe1,68,3,All,12,3,0.9629629629629629,27,1.0,3,1.0,2.0,1.0,1.0,1.0,1.0,,,,
64,13,Expe1,68,6,All,13,3,0.7407407407407407,54,0.3333333333333333,6,0.5,2.0,0.5,4.0,0.25,4.0,1.0,0.6,-0.4,10.0
64,14,Expe1,68,2,All,14,4,0.8333333333333334,18,0.5,2,,0.0,1.0,2.0,0.5,2.0,0.0,1.0,1.0,1.0
64,15,Expe1,68,4,All,15,3,0.8055555555555556,36,0.75,4,1.0,2.0,1.0,2.0,0.5,2.0,0.2,0.6,0.4,5.0
64,16,Expe1,68,5,All,16,3,0.8409090909090909,44,0.8,5,1.0,2.0,1.0,3.0,0.6666666666666666,3.0,1.0,0.25,-0.75,4.0
64,17,Expe1,68,2,All,17,5,0.8888888888888888,18,0.5,2,1.0,1.0,0.0,1.0,0.0,1.0,1.0,0.0,-1.0,1.0
64,18,Expe1,68,2,All,18,6,1.0,18,1.0,2,1.0,2.0,,0.0,,0.0,,,,
65,1,Expe1,69,6,All,1,1,0.5961538461538461,52,0.2,5,0.3333333333333333,3.0,0.5,2.0,0.0,2.0,1.2380952380952381,0.9047619047619048,-0.3333333333333333,21.0
65,2,Expe1,69,4,All,2,1,0.7222222222222222,36,0.25,4,,0.0,0.75,4.0,0.25,4.0,0.6666666666666666,1.0,0.3333333333333333,6.0
65,3,Expe1,69,3,All,3,1,0.7407407407407407,27,0.0,3,,0.0,1.0,3.0,0.0,3.0,0.25,1.0,0.75,4.0
65,4,Expe1,69,2,All,4,1,0.8888888888888888,18,1.0,2,,0.0,1.0,2.0,1.0,2.0,,,,
65,5,Expe1,69,2,All,5,2,0.7777777777777778,18,0.0,2,,0.0,1.0,2.0,0.0,2.0,0.0,1.0,1.0,2.0
65,6,Expe1,69,3,All,6,2,0.8888888888888888,27,0.6666666666666666,3,1.0,1.0,1.0,2.0,0.5,2.0,0.0,1.0,1.0,1.0
65,7,Expe1,69,5,All,7,1,0.7333333333333333,45,0.4,5,,0.0,0.8,5.0,0.4,5.0,1.1428571428571428,0.8571428571428571,-0.2857142857142857,7.0
65,8,Expe1,69,2,All,8,3,1.0,18,1.0,2,1.0,2.0,,0.0,,0.0,,,,
65,9,Expe1,69,4,All,9,2,0.8055555555555556,36,0.75,4,,0.0,1.0,4.0,0.75,4.0,1.0,1.0,0.0,3.0
65,10,Expe1,69,6,All,10,2,0.5,54,0.5,6,1.0,1.0,0.6,5.0,0.4,5.0,1.7916666666666667,2.125,0.3333333333333333,24.0
65,11,Expe1,69,5,All,11,2,0.6444444444444445,45,0.2,5,1.0,1.0,1.0,4.0,0.0,4.0,1.5384615384615385,1.3846153846153846,-0.15384615384615385,13.0
65,12,Expe1,69,6,All,12,3,0.9444444444444444,54,1.0,6,1.0,4.0,1.0,2.0,1.0,2.0,0.0,0.0,0.0,1.0
65,13,Expe1,69,4,All,13,3,0.8611111111111112,36,0.75,4,1.0,1.0,0.6666666666666666,3.0,0.6666666666666666,3.0,0.5,1.0,0.5,2.0
65,14,Expe1,69,3,All,14,3,0.8148148148148148,27,0.6666666666666666,3,0.0,1.0,1.0,2.0,1.0,2.0,0.3333333333333333,0.3333333333333333,0.0,3.0
65,15,Expe1,69,2,All,15,4,0.8888888888888888,18,0.5,2,1.0,1.0,1.0,1.0,0.0,1.0,0.0,1.0,1.0,1.0
65,16,Expe1,69,2,All,16,5,0.8888888888888888,18,1.0,2,,0.0,1.0,2.0,1.0,2.0,,,,
65,17,Expe1,69,3,All,17,4,0.8076923076923077,26,0.3333333333333333,3,1.0,1.0,1.0,1.0,0.0,1.0,0.25,0.75,0.5,4.0
65,18,Expe1,69,5,All,18,3,0.6444444444444445,45,0.6,5,0.5,2.0,1.0,3.0,0.6666666666666666,3.0,1.5384615384615385,1.3076923076923077,-0.23076923076923078,13.0
66,1,Expe1,70,4,All,1,1,0.8888888888888888,36,1.0,4,1.0,1.0,1.0,3.0,1.0,3.0,1.0,0.0,-1.0,1.0
66,2,Expe1,70,2,All,2,1,0.7058823529411765,17,0.0,1,,0.0,1.0,1.0,0.0,1.0,1.0,1.2,0.2,5.0
66,3,Expe1,70,6,All,3,1,0.5384615384615384,52,0.5,6,0.5,2.0,0.75,4.0,0.5,4.0,2.2580645161290325,1.8064516129032258,-0.45161290322580644,31.0
66,4,Expe1,70,3,All,4,1,0.9230769230769231,26,1.0,3,1.0,3.0,,0.0,,0.0,0.0,0.0,0.0,2.0
66,5,Expe1,70,3,All,5,2,0.6923076923076923,26,0.5,2,1.0,1.0,1.0,1.0,0.0,1.0,0.5,1.0,0.5,6.0
66,6,Expe1,70,2,All,6,2,0.8125,16,0.5,2,1.0,1.0,1.0,1.0,0.0,1.0,0.5,1.0,0.5,2.0
66,7,Expe1,70,2,All,7,3,0.6666666666666666,18,0.5,2,,0.0,1.0,2.0,0.5,2.0,0.75,1.0,0.25,4.0
66,8,Expe1,70,5,All,8,1,0.7272727272727273,44,0.2,5,0.3333333333333333,3.0,0.5,2.0,0.0,2.0,0.7,0.7,0.0,10.0
66,9,Expe1,70,4,All,9,2,0.8333333333333334,36,0.5,4,0.6666666666666666,3.0,1.0,1.0,0.0,1.0,0.6,0.8,0.2,5.0
66,10,Expe1,70,6,All,10,2,0.9074074074074074,54,0.6666666666666666,6,1.0,3.0,0.6666666666666666,3.0,0.3333333333333333,3.0,0.5,0.5,0.0,2.0
66,11,Expe1,70,5,All,11,2,0.7272727272727273,44,0.6,5,,0.0,0.8,5.0,0.6,5.0,1.0,1.375,0.375,8.0
66,12,Expe1,70,4,All,12,3,0.7222222222222222,36,0.5,4,1.0,2.0,0.5,2.0,0.0,2.0,0.875,1.125,0.25,8.0
66,13,Expe1,70,2,All,13,4,0.8333333333333334,18,1.0,2,1.0,1.0,1.0,1.0,1.0,1.0,0.5,0.0,-0.5,2.0
66,14,Expe1,70,6,All,14,3,0.8461538461538461,52,0.5,6,1.0,2.0,0.75,4.0,0.25,4.0,0.25,1.0,0.75,4.0
66,15,Expe1,70,3,All,15,3,0.6296296296296297,27,0.3333333333333333,3,,0.0,1.0,3.0,0.3333333333333333,3.0,1.1428571428571428,1.1428571428571428,0.0,7.0
66,16,Expe1,70,3,All,16,4,0.8888888888888888,27,0.6666666666666666,3,1.0,1.0,1.0,2.0,0.5,2.0,0.0,1.0,1.0,1.0
66,17,Expe1,70,2,All,17,5,0.9444444444444444,18,1.0,2,1.0,1.0,1.0,1.0,1.0,1.0,,,,
66,18,Expe1,70,2,All,18,6,0.8333333333333334,18,0.5,2,,0.0,1.0,2.0,0.5,2.0,0.0,1.0,1.0,1.0
67,1,Expe1,71,2,All,1,1,0.8888888888888888,18,0.5,2,1.0,1.0,1.0,1.0,0.0,1.0,0.0,1.0,1.0,1.0
67,2,Expe1,71,3,All,2,1,0.8148148148148148,27,0.6666666666666666,3,1.0,1.0,0.5,2.0,0.5,2.0,1.0,1.0,0.0,3.0
67,3,Expe1,71,4,All,3,1,0.8055555555555556,36,0.75,4,1.0,2.0,1.0,2.0,0.5,2.0,1.0,1.2,0.2,5.0
67,4,Expe1,71,2,All,4,2,0.7647058823529411,17,0.0,2,,0.0,1.0,1.0,0.0,1.0,0.3333333333333333,1.0,0.6666666666666666,3.0
67,5,Expe1,71,6,All,5,1,0.7735849056603774,53,0.6,5,1.0,2.0,1.0,3.0,0.3333333333333333,3.0,1.0,1.5555555555555556,0.5555555555555556,9.0
67,6,Expe1,71,5,All,6,1,0.6904761904761905,42,0.6666666666666666,3,0.5,2.0,1.0,1.0,1.0,1.0,1.0,0.6666666666666666,-0.3333333333333333,12.0
67,7,Expe1,71,3,All,7,2,0.7777777777777778,27,0.3333333333333333,3,1.0,1.0,0.0,2.0,0.0,2.0,0.5,0.5,0.0,4.0
67,8,Expe1,71,2,All,8,3,0.8333333333333334,18,0.5,2,,0.0,1.0,2.0,0.5,2.0,0.0,1.0,1.0,1.0
67,9,Expe1,71,5,All,9,2,0.8636363636363636,44,0.6,5,1.0,2.0,0.5,2.0,0.5,2.0,0.5,0.5,0.0,4.0
67,10,Expe1,71,6,All,10,2,0.6481481481481481,54,0.5,6,1.0,1.0,0.4,5.0,0.4,5.0,2.2777777777777777,1.1111111111111112,-1.1666666666666667,18.0
67,11,Expe1,71,4,All,11,2,0.75,36,0.5,4,1.0,1.0,1.0,3.0,0.3333333333333333,3.0,1.375,1.0,-0.375,8.0
67,12,Expe1,71,2,All,12,4,0.8333333333333334,18,0.5,2,1.0,1.0,1.0,1.0,0.0,1.0,0.5,1.0,0.5,2.0
67,13,Expe1,71,3,All,13,3,0.7777777777777778,27,0.6666666666666666,3,1.0,2.0,1.0,1.0,0.0,1.0,0.4,0.4,0.0,5.0
67,14,Expe1,71,4,All,14,3,0.8055555555555556,36,0.5,4,1.0,1.0,1.0,3.0,0.3333333333333333,3.0,0.25,1.0,0.75,4.0
67,15,Expe1,71,2,All,15,5,0.9444444444444444,18,1.0,2,1.0,1.0,1.0,1.0,1.0,1.0,,,,
67,16,Expe1,71,6,All,16,3,0.37735849056603776,53,0.16666666666666666,6,0.0,1.0,0.6,5.0,0.2,5.0,2.0588235294117645,2.323529411764706,0.2647058823529412,34.0
67,17,Expe1,71,5,All,17,3,0.7333333333333333,45,0.6,5,1.0,1.0,0.75,4.0,0.5,4.0,0.7777777777777778,1.1111111111111112,0.3333333333333333,9.0
67,18,Expe1,71,3,All,18,4,0.9259259259259259,27,1.0,3,1.0,1.0,1.0,2.0,1.0,2.0,1.0,0.0,-1.0,1.0
68,1,Expe1,72,3,All,1,1,0.8518518518518519,27,0.6666666666666666,3,1.0,2.0,1.0,1.0,0.0,1.0,0.3333333333333333,0.6666666666666666,0.3333333333333333,3.0
68,2,Expe1,72,2,All,2,1,0.9444444444444444,18,1.0,2,1.0,1.0,1.0,1.0,1.0,1.0,,,,
68,3,Expe1,72,2,All,3,2,0.8823529411764706,17,0.5,2,1.0,1.0,1.0,1.0,0.0,1.0,0.0,1.0,1.0,1.0
68,4,Expe1,72,5,All,4,1,0.3409090909090909,44,0.2,5,0.5,2.0,0.3333333333333333,3.0,0.0,3.0,1.4666666666666666,1.9,0.43333333333333335,30.0
68,5,Expe1,72,4,All,5,1,0.6571428571428571,35,0.0,4,,0.0,0.75,4.0,0.0,4.0,0.875,0.75,-0.125,8.0
68,6,Expe1,72,2,All,6,3,0.8888888888888888,18,0.5,2,1.0,1.0,1.0,1.0,0.0,1.0,0.0,1.0,1.0,1.0
68,7,Expe1,72,6,All,7,1,0.7115384615384616,52,0.5,6,1.0,2.0,0.3333333333333333,3.0,0.3333333333333333,3.0,1.1666666666666667,0.75,-0.4166666666666667,12.0
68,8,Expe1,72,3,All,8,2,0.8571428571428571,21,0.6666666666666666,3,1.0,1.0,1.0,2.0,0.5,2.0,0.0,1.0,1.0,1.0
68,9,Expe1,72,4,All,9,2,0.7941176470588235,34,0.5,4,1.0,2.0,,0.0,,0.0,0.7142857142857143,0.8571428571428571,0.14285714285714285,7.0
68,10,Expe1,72,6,All,10,2,0.6415094339622641,53,0.3333333333333333,6,0.6666666666666666,3.0,0.3333333333333333,3.0,0.0,3.0,1.6875,0.8125,-0.875,16.0
68,11,Expe1,72,5,All,11,2,0.7777777777777778,45,0.8,5,0.6666666666666666,3.0,1.0,2.0,1.0,2.0,0.875,1.25,0.375,8.0
68,12,Expe1,72,3,All,12,3,0.7777777777777778,27,0.6666666666666666,3,,0.0,1.0,3.0,0.6666666666666666,3.0,0.0,1.0,1.0,3.0
68,13,Expe1,72,2,All,13,4,0.7222222222222222,18,0.5,2,,0.0,0.5,2.0,0.5,2.0,0.3333333333333333,1.0,0.6666666666666666,3.0
68,14,Expe1,72,2,All,14,5,0.9444444444444444,18,1.0,2,1.0,1.0,1.0,1.0,1.0,1.0,,,,
68,15,Expe1,72,5,All,15,3,0.7777777777777778,45,0.6,5,0.6666666666666666,3.0,0.5,2.0,0.5,2.0,0.625,0.875,0.25,8.0
68,16,Expe1,72,4,All,16,3,0.8611111111111112,36,0.75,4,1.0,1.0,1.0,3.0,0.6666666666666666,3.0,0.0,0.5,0.5,2.0
68,17,Expe1,72,2,All,17,6,0.9444444444444444,18,1.0,2,1.0,1.0,1.0,1.0,1.0,1.0,,,,
68,18,Expe1,72,6,All,18,3,0.5283018867924528,53,0.3333333333333333,6,1.0,1.0,0.8,5.0,0.2,5.0,1.9,1.3,-0.6,20.0
69,1,Expe1,73,2,All,1,1,0.8888888888888888,18,1.0,2,,0.0,1.0,2.0,1.0,2.0,,,,
69,2,Expe1,73,5,All,2,1,0.6363636363636364,44,0.5,4,1.0,2.0,0.0,2.0,0.0,2.0,1.9333333333333333,1.3333333333333333,-0.6,15.0
69,3,Expe1,73,2,All,3,2,0.6666666666666666,18,0.0,2,,0.0,1.0,2.0,0.0,2.0,0.5,1.25,0.75,4.0
69,4,Expe1,73,4,All,4,1,0.8285714285714286,35,0.25,4,1.0,1.0,0.6666666666666666,3.0,0.0,3.0,0.3333333333333333,0.6666666666666666,0.3333333333333333,3.0
69,5,Expe1,73,6,All,5,1,0.2692307692307692,52,0.3333333333333333,6,0.6666666666666666,3.0,0.3333333333333333,3.0,0.0,3.0,1.9,1.625,-0.275,40.0
69,6,Expe1,73,3,All,6,1,0.9259259259259259,27,1.0,3,1.0,1.0,1.0,2.0,1.0,2.0,,,,
69,7,Expe1,73,3,All,7,2,0.7407407407407407,27,0.3333333333333333,3,1.0,1.0,0.5,2.0,0.0,2.0,1.0,0.8,-0.2,5.0
69,8,Expe1,73,2,All,8,3,0.8888888888888888,18,1.0,2,,0.0,1.0,2.0,1.0,2.0,,,,
69,9,Expe1,73,5,All,9,2,0.7045454545454546,44,0.6,5,1.0,1.0,0.3333333333333333,3.0,0.3333333333333333,3.0,1.3,0.6,-0.7,10.0
69,10,Expe1,73,6,All,10,2,0.5185185185185185,54,1.0,6,1.0,2.0,1.0,4.0,1.0,4.0,3.6875,1.4375,-2.25,32.0
69,11,Expe1,73,4,All,11,2,0.6666666666666666,36,0.5,4,,0.0,1.0,4.0,0.5,4.0,0.75,1.125,0.375,8.0
69,12,Expe1,73,2,All,12,4,0.9444444444444444,18,1.0,2,1.0,1.0,1.0,1.0,1.0,1.0,,,,
69,13,Expe1,73,5,All,13,3,0.7555555555555555,45,0.6,5,0.6666666666666666,3.0,1.0,2.0,0.5,2.0,1.1111111111111112,1.0,-0.1111111111111111,9.0
69,14,Expe1,73,2,All,14,5,0.8333333333333334,18,0.5,2,1.0,1.0,1.0,1.0,0.0,1.0,0.5,1.0,0.5,2.0
69,15,Expe1,73,4,All,15,3,0.8611111111111112,36,0.5,4,0.6666666666666666,3.0,0.0,1.0,0.0,1.0,0.5,0.0,-0.5,4.0
69,16,Expe1,73,6,All,16,3,0.5740740740740741,54,0.6666666666666666,6,1.0,3.0,0.6666666666666666,3.0,0.3333333333333333,3.0,2.892857142857143,1.6428571428571428,-1.25,28.0
69,17,Expe1,73,3,All,17,3,0.9259259259259259,27,0.6666666666666666,3,1.0,2.0,1.0,1.0,0.0,1.0,0.0,1.0,1.0,1.0
69,18,Expe1,73,3,All,18,4,0.8148148148148148,27,0.6666666666666666,3,1.0,1.0,1.0,2.0,0.5,2.0,0.6666666666666666,0.6666666666666666,0.0,3.0
70,1,Expe1,74,5,All,1,1,0.7111111111111111,45,0.6,5,1.0,1.0,0.75,4.0,0.5,4.0,1.8888888888888888,0.4444444444444444,-1.4444444444444444,9.0
70,2,Expe1,74,4,All,2,1,0.9166666666666666,36,1.0,4,1.0,3.0,1.0,1.0,1.0,1.0,0.0,0.0,0.0,2.0
70,3,Expe1,74,2,All,3,1,0.7777777777777778,18,0.5,2,1.0,1.0,1.0,1.0,0.0,1.0,0.6666666666666666,1.3333333333333333,0.6666666666666666,3.0
70,4,Expe1,74,3,All,4,1,0.5555555555555556,27,0.0,3,0.0,1.0,1.0,2.0,0.0,2.0,0.9,1.3,0.4,10.0
70,5,Expe1,74,2,All,5,2,0.8235294117647058,17,0.5,2,,0.0,1.0,2.0,0.5,2.0,0.0,1.0,1.0,1.0
70,6,Expe1,74,2,All,6,3,0.6666666666666666,18,0.0,2,,0.0,0.5,2.0,0.0,2.0,0.5,1.0,0.5,4.0
70,7,Expe1,74,6,All,7,1,0.9259259259259259,54,0.8333333333333334,6,1.0,4.0,1.0,2.0,0.5,2.0,0.5,1.0,0.5,2.0
70,8,Expe1,74,3,All,8,2,0.9259259259259259,27,1.0,3,1.0,2.0,1.0,1.0,1.0,1.0,0.0,0.0,0.0,1.0
70,9,Expe1,74,5,All,9,2,0.5777777777777777,45,0.4,5,,0.0,1.0,5.0,0.4,5.0,1.6,1.8,0.2,15.0
70,10,Expe1,74,4,All,10,2,0.5428571428571428,35,0.5,4,,0.0,1.0,4.0,0.5,4.0,1.9375,1.5,-0.4375,16.0
70,11,Expe1,74,6,All,11,2,0.9444444444444444,54,1.0,6,1.0,4.0,1.0,2.0,1.0,2.0,1.0,0.0,-1.0,1.0
70,12,Expe1,74,5,All,12,3,0.8,45,0.6,5,1.0,3.0,1.0,2.0,0.0,2.0,0.7142857142857143,1.1428571428571428,0.42857142857142855,7.0
70,13,Expe1,74,4,All,13,3,0.8333333333333334,36,0.5,4,1.0,1.0,1.0,3.0,0.3333333333333333,3.0,0.3333333333333333,1.0,0.6666666666666666,3.0
70,14,Expe1,74,2,All,14,4,0.9444444444444444,18,1.0,2,1.0,1.0,1.0,1.0,1.0,1.0,,,,
70,15,Expe1,74,3,All,15,3,0.6296296296296297,27,0.3333333333333333,3,,0.0,1.0,3.0,0.3333333333333333,3.0,0.7142857142857143,1.1428571428571428,0.42857142857142855,7.0
70,16,Expe1,74,2,All,16,5,0.9444444444444444,18,1.0,2,1.0,1.0,1.0,1.0,1.0,1.0,,,,
70,17,Expe1,74,2,All,17,6,0.7777777777777778,18,1.0,2,,0.0,1.0,2.0,1.0,2.0,0.5,0.5,0.0,2.0
70,18,Expe1,74,6,All,18,3,0.5925925925925926,54,0.3333333333333333,6,1.0,2.0,0.75,4.0,0.0,4.0,1.2222222222222223,1.5555555555555556,0.3333333333333333,18.0
71,1,Expe1,75,4,All,1,1,0.3235294117647059,34,0.0,3,,0.0,0.6666666666666666,3.0,0.0,3.0,1.3,1.75,0.45,20.0
71,2,Expe1,75,3,All,2,1,0.7037037037037037,27,0.0,3,,0.0,0.3333333333333333,3.0,0.0,3.0,0.4,1.0,0.6,5.0
71,3,Expe1,75,5,All,3,1,0.8181818181818182,44,0.75,4,1.0,2.0,1.0,2.0,0.5,2.0,0.6,0.8,0.2,5.0
71,4,Expe1,75,2,All,4,1,0.9444444444444444,18,1.0,2,1.0,1.0,1.0,1.0,1.0,1.0,,,,
71,5,Expe1,75,2,All,5,2,0.5,8,0.0,2,,0.0,1.0,2.0,0.0,2.0,0.0,1.0,1.0,2.0
71,6,Expe1,75,3,All,6,2,0.9629629629629629,27,1.0,3,1.0,2.0,1.0,1.0,1.0,1.0,,,,
71,7,Expe1,75,2,All,7,3,0.9444444444444444,18,1.0,2,1.0,1.0,1.0,1.0,1.0,1.0,,,,
71,8,Expe1,75,6,All,8,1,0.8518518518518519,54,0.8333333333333334,6,1.0,3.0,1.0,3.0,0.6666666666666666,3.0,1.0,1.2,0.2,5.0
71,9,Expe1,75,4,All,9,2,0.6944444444444444,36,0.25,4,,0.0,0.75,4.0,0.25,4.0,0.5714285714285714,1.2857142857142858,0.7142857142857143,7.0
71,10,Expe1,75,5,All,10,2,0.8444444444444444,45,0.6,5,1.0,3.0,1.0,2.0,0.0,2.0,0.4,1.0,0.6,5.0
71,11,Expe1,75,6,All,11,2,0.9074074074074074,54,1.0,6,1.0,2.0,1.0,4.0,1.0,4.0,0.0,0.0,0.0,1.0
71,12,Expe1,75,4,All,12,3,0.9166666666666666,36,0.75,4,1.0,2.0,1.0,2.0,0.5,2.0,0.0,1.0,1.0,1.0
71,13,Expe1,75,3,All,13,3,0.9259259259259259,27,1.0,3,1.0,1.0,1.0,2.0,1.0,2.0,,,,
71,14,Expe1,75,5,All,14,3,0.7111111111111111,45,0.4,5,1.0,1.0,0.75,4.0,0.25,4.0,1.0,1.1111111111111112,0.1111111111111111,9.0
71,15,Expe1,75,2,All,15,4,0.8888888888888888,18,0.5,2,1.0,1.0,1.0,1.0,0.0,1.0,0.0,1.0,1.0,1.0
71,16,Expe1,75,2,All,16,5,0.9444444444444444,18,1.0,2,1.0,1.0,1.0,1.0,1.0,1.0,,,,
71,17,Expe1,75,3,All,17,4,0.9629629629629629,27,1.0,3,1.0,2.0,1.0,1.0,1.0,1.0,,,,
71,18,Expe1,75,2,All,18,6,0.8333333333333334,18,0.5,2,,0.0,1.0,2.0,0.5,2.0,0.0,1.0,1.0,1.0
72,1,Expe1,76,3,All,1,1,0.4444444444444444,27,0.6666666666666666,3,1.0,1.0,1.0,2.0,0.5,2.0,0.9230769230769231,1.3846153846153846,0.46153846153846156,13.0
72,2,Expe1,76,2,All,2,1,0.8888888888888888,18,1.0,2,1.0,1.0,1.0,1.0,1.0,1.0,0.0,0.0,0.0,1.0
72,3,Expe1,76,4,All,3,1,0.7222222222222222,36,0.25,4,1.0,1.0,0.3333333333333333,3.0,0.0,3.0,1.1428571428571428,0.8571428571428571,-0.2857142857142857,7.0
72,4,Expe1,76,3,All,4,2,0.8846153846153846,26,0.6666666666666666,3,1.0,1.0,1.0,2.0,0.5,2.0,0.0,1.0,1.0,1.0
72,5,Expe1,76,5,All,5,1,0.36363636363636365,44,0.25,4,,0.0,0.75,4.0,0.25,4.0,1.903225806451613,2.225806451612903,0.3225806451612903,31.0
72,6,Expe1,76,6,All,6,1,0.5384615384615384,52,0.3333333333333333,6,1.0,1.0,0.5,4.0,0.25,4.0,1.5,0.85,-0.65,20.0
72,7,Expe1,76,2,All,7,2,0.9375,16,1.0,2,1.0,1.0,1.0,1.0,1.0,1.0,,,,
72,8,Expe1,76,2,All,8,3,0.8888888888888888,18,1.0,2,,0.0,1.0,2.0,1.0,2.0,,,,
72,9,Expe1,76,4,All,9,2,0.5294117647058824,34,0.3333333333333333,3,,0.0,1.0,3.0,0.3333333333333333,3.0,1.1538461538461537,1.2307692307692308,0.07692307692307693,13.0
72,10,Expe1,76,6,All,10,2,0.7735849056603774,53,0.5,6,1.0,2.0,1.0,4.0,0.25,4.0,1.0,0.75,-0.25,8.0
72,11,Expe1,76,5,All,11,2,0.8,45,0.6,5,0.5,2.0,1.0,3.0,0.6666666666666666,3.0,1.1666666666666667,0.6666666666666666,-0.5,6.0
72,12,Expe1,76,3,All,12,3,0.6666666666666666,27,0.3333333333333333,3,0.5,2.0,0.0,1.0,0.0,1.0,1.0,1.25,0.25,8.0
72,13,Expe1,76,2,All,13,4,0.9444444444444444,18,1.0,2,1.0,1.0,1.0,1.0,1.0,1.0,,,,
72,14,Expe1,76,4,All,14,3,0.7428571428571429,35,0.5,4,1.0,1.0,1.0,3.0,0.3333333333333333,3.0,0.5,0.8333333333333334,0.3333333333333333,6.0
72,15,Expe1,76,3,All,15,4,0.8148148148148148,27,0.3333333333333333,3,1.0,1.0,1.0,2.0,0.0,2.0,0.3333333333333333,1.0,0.6666666666666666,3.0
72,16,Expe1,76,5,All,16,3,0.6046511627906976,43,0.2,5,0.0,1.0,0.25,4.0,0.25,4.0,1.25,1.4375,0.1875,16.0
72,17,Expe1,76,6,All,17,3,0.6226415094339622,53,0.5,6,0.0,1.0,0.6,5.0,0.6,5.0,2.48,2.56,0.08,25.0
72,18,Expe1,76,2,All,18,5,0.8888888888888888,18,0.5,2,1.0,1.0,1.0,1.0,0.0,1.0,0.0,1.0,1.0,1.0
73,1,Expe1,77,2,All,1,1,0.9444444444444444,18,1.0,2,1.0,1.0,1.0,1.0,1.0,1.0,,,,
73,2,Expe1,77,3,All,2,1,0.8888888888888888,27,0.6666666666666666,3,1.0,1.0,1.0,2.0,0.5,2.0,0.0,1.0,1.0,1.0
73,3,Expe1,77,3,All,3,2,0.9259259259259259,27,1.0,3,1.0,2.0,1.0,1.0,1.0,1.0,0.0,0.0,0.0,1.0
73,4,Expe1,77,6,All,4,1,0.8076923076923077,52,0.4,5,1.0,1.0,0.6666666666666666,3.0,0.3333333333333333,3.0,0.5,0.5,0.0,8.0
73,5,Expe1,77,4,All,5,1,0.6944444444444444,36,0.25,4,0.5,2.0,0.5,2.0,0.0,2.0,0.6666666666666666,1.1111111111111112,0.4444444444444444,9.0
73,6,Expe1,77,2,All,6,2,0.8235294117647058,17,0.5,2,,0.0,1.0,2.0,0.5,2.0,0.0,1.0,1.0,1.0
73,7,Expe1,77,5,All,7,1,0.7777777777777778,45,0.6,5,0.6666666666666666,3.0,1.0,2.0,0.5,2.0,0.625,0.875,0.25,8.0
73,8,Expe1,77,2,All,8,3,0.9444444444444444,18,1.0,2,1.0,1.0,1.0,1.0,1.0,1.0,,,,
73,9,Expe1,77,6,All,9,2,0.8148148148148148,54,0.5,6,0.75,4.0,0.5,2.0,0.0,2.0,1.0,0.5,-0.5,8.0
73,10,Expe1,77,4,All,10,2,0.8285714285714286,35,0.5,4,0.0,1.0,1.0,3.0,0.6666666666666666,3.0,0.0,0.6666666666666666,0.6666666666666666,3.0
73,11,Expe1,77,5,All,11,2,0.5777777777777777,45,0.2,5,0.5,2.0,1.0,3.0,0.0,3.0,1.3888888888888888,1.8333333333333333,0.4444444444444444,18.0
73,12,Expe1,77,2,All,12,4,0.9444444444444444,18,1.0,2,1.0,1.0,1.0,1.0,1.0,1.0,,,,
73,13,Expe1,77,3,All,13,3,0.9259259259259259,27,1.0,3,1.0,1.0,1.0,2.0,1.0,2.0,,,,
73,14,Expe1,77,3,All,14,4,0.8888888888888888,27,0.6666666666666666,3,1.0,1.0,1.0,2.0,0.5,2.0,0.0,1.0,1.0,1.0
73,15,Expe1,77,6,All,15,3,0.8888888888888888,54,1.0,6,1.0,3.0,1.0,3.0,1.0,3.0,0.3333333333333333,0.6666666666666666,0.3333333333333333,3.0
73,16,Expe1,77,4,All,16,3,0.8888888888888888,36,0.75,4,1.0,2.0,1.0,2.0,0.5,2.0,0.0,0.5,0.5,2.0
73,17,Expe1,77,2,All,17,5,0.8333333333333334,18,0.5,2,,0.0,1.0,2.0,0.5,2.0,0.0,1.0,1.0,1.0
73,18,Expe1,77,5,All,18,3,0.8888888888888888,45,0.6,5,1.0,2.0,1.0,3.0,0.3333333333333333,3.0,0.0,1.0,1.0,2.0
74,1,Expe1,78,3,All,1,1,0.9259259259259259,27,1.0,3,1.0,2.0,1.0,1.0,1.0,1.0,0.0,0.0,0.0,1.0
74,2,Expe1,78,6,All,2,1,0.5961538461538461,52,0.16666666666666666,6,1.0,1.0,0.4,5.0,0.0,5.0,1.0,1.125,0.125,16.0
74,3,Expe1,78,2,All,3,1,0.9444444444444444,18,1.0,2,1.0,1.0,1.0,1.0,1.0,1.0,,,,
74,4,Expe1,78,2,All,4,2,0.7647058823529411,17,0.0,2,,0.0,1.0,2.0,0.0,2.0,0.0,1.0,1.0,2.0
74,5,Expe1,78,3,All,5,2,0.7777777777777778,27,1.0,3,,0.0,1.0,3.0,1.0,3.0,1.0,0.3333333333333333,-0.6666666666666666,3.0
74,6,Expe1,78,2,All,6,3,0.8823529411764706,17,0.5,2,1.0,1.0,,0.0,,0.0,0.0,0.5,0.5,2.0
74,7,Expe1,78,4,All,7,1,0.6111111111111112,36,0.25,4,,0.0,1.0,4.0,0.25,4.0,1.0,1.4,0.4,10.0
74,8,Expe1,78,5,All,8,1,0.9333333333333333,45,0.8,5,1.0,3.0,0.5,2.0,0.5,2.0,1.0,0.0,-1.0,1.0
74,9,Expe1,78,6,All,9,2,0.9074074074074074,54,0.6666666666666666,6,1.0,4.0,0.5,2.0,0.0,2.0,0.3333333333333333,0.3333333333333333,0.0,3.0
74,10,Expe1,78,5,All,10,2,0.7555555555555555,45,0.6,5,1.0,1.0,0.75,4.0,0.5,4.0,0.7142857142857143,1.1428571428571428,0.42857142857142855,7.0
74,11,Expe1,78,4,All,11,2,0.8333333333333334,36,0.5,4,1.0,1.0,1.0,3.0,0.3333333333333333,3.0,0.3333333333333333,1.0,0.6666666666666666,3.0
74,12,Expe1,78,3,All,12,3,0.7037037037037037,27,0.3333333333333333,3,,0.0,0.6666666666666666,3.0,0.3333333333333333,3.0,0.4,1.0,0.6,5.0
74,13,Expe1,78,6,All,13,3,0.8518518518518519,54,0.5,6,0.5,4.0,0.5,2.0,0.5,2.0,0.16666666666666666,0.6666666666666666,0.5,6.0
74,14,Expe1,78,2,All,14,4,1.0,18,1.0,2,1.0,2.0,,0.0,,0.0,,,,
74,15,Expe1,78,2,All,15,5,0.9444444444444444,18,1.0,2,1.0,1.0,1.0,1.0,1.0,1.0,,,,
74,16,Expe1,78,3,All,16,4,1.0,27,1.0,3,1.0,3.0,,0.0,,0.0,,,,
74,17,Expe1,78,2,All,17,6,0.7777777777777778,18,0.0,2,,0.0,1.0,2.0,0.0,2.0,0.0,1.0,1.0,2.0
74,18,Expe1,78,4,All,18,3,0.7222222222222222,36,0.5,4,,0.0,0.75,4.0,0.5,4.0,0.8333333333333334,1.3333333333333333,0.5,6.0
75,1,Expe1,79,6,All,1,1,0.5740740740740741,54,0.3333333333333333,6,0.0,2.0,0.75,4.0,0.5,4.0,1.72,1.52,-0.2,25.0
75,2,Expe1,79,2,All,2,1,0.7777777777777778,18,0.5,2,,0.0,1.0,2.0,0.5,2.0,0.5,1.0,0.5,2.0
75,3,Expe1,79,3,All,3,1,0.8148148148148148,27,0.6666666666666666,3,1.0,1.0,0.5,2.0,0.5,2.0,0.3333333333333333,1.0,0.6666666666666666,3.0
75,4,Expe1,79,2,All,4,2,0.875,16,0.5,2,1.0,1.0,1.0,1.0,0.0,1.0,0.0,1.0,1.0,1.0
75,5,Expe1,79,2,All,5,3,0.9444444444444444,18,1.0,2,1.0,2.0,,0.0,,0.0,0.0,0.0,0.0,1.0
75,6,Expe1,79,5,All,6,1,0.6590909090909091,44,0.4,5,0.5,2.0,0.6666666666666666,3.0,0.3333333333333333,3.0,1.0,1.0,0.0,12.0
75,7,Expe1,79,3,All,7,2,0.8148148148148148,27,0.6666666666666666,3,,0.0,1.0,3.0,0.6666666666666666,3.0,0.5,1.0,0.5,2.0
75,8,Expe1,79,4,All,8,1,0.6111111111111112,36,0.5,4,1.0,1.0,0.6666666666666666,3.0,0.3333333333333333,3.0,1.3636363636363635,1.1818181818181819,-0.18181818181818182,11.0
75,9,Expe1,79,5,All,9,2,0.7333333333333333,45,0.8,5,1.0,1.0,1.0,4.0,0.75,4.0,1.0,0.875,-0.125,8.0
75,10,Expe1,79,6,All,10,2,0.8148148148148148,54,0.6666666666666666,6,0.8,5.0,0.0,1.0,0.0,1.0,1.4444444444444444,0.3333333333333333,-1.1111111111111112,9.0
75,11,Expe1,79,4,All,11,2,0.8333333333333334,36,0.5,4,1.0,2.0,1.0,2.0,0.0,2.0,0.5,1.25,0.75,4.0
75,12,Expe1,79,6,All,12,3,0.8148148148148148,54,0.8333333333333334,6,1.0,4.0,1.0,2.0,0.5,2.0,1.0,1.0,0.0,8.0
75,13,Expe1,79,2,All,13,4,0.8888888888888888,18,1.0,2,1.0,1.0,1.0,1.0,1.0,1.0,0.0,0.0,0.0,1.0
75,14,Expe1,79,3,All,14,3,0.8518518518518519,27,0.3333333333333333,3,1.0,1.0,1.0,2.0,0.0,2.0,0.0,1.0,1.0,2.0
75,15,Expe1,79,2,All,15,5,0.7777777777777778,18,0.5,2,,0.0,1.0,2.0,0.5,2.0,0.5,1.0,0.5,2.0
75,16,Expe1,79,2,All,16,6,0.8333333333333334,18,0.5,2,,0.0,1.0,2.0,0.5,2.0,0.0,1.0,1.0,1.0
75,17,Expe1,79,5,All,17,3,0.6444444444444445,45,0.2,5,1.0,1.0,1.0,4.0,0.0,4.0,0.8333333333333334,1.4166666666666667,0.5833333333333334,12.0
75,18,Expe1,79,3,All,18,4,0.9259259259259259,27,0.6666666666666666,3,1.0,2.0,1.0,1.0,0.0,1.0,0.0,1.0,1.0,1.0
76,1,Expe1,80,2,All,1,1,0.9444444444444444,18,1.0,2,1.0,1.0,1.0,1.0,1.0,1.0,,,,
76,2,Expe1,80,2,All,2,2,0.6923076923076923,13,0.0,2,,0.0,1.0,2.0,0.0,2.0,0.0,1.0,1.0,2.0
76,3,Expe1,80,6,All,3,1,0.7592592592592593,54,0.6666666666666666,6,1.0,2.0,1.0,4.0,0.5,4.0,0.7777777777777778,1.0,0.2222222222222222,9.0
76,4,Expe1,80,5,All,4,1,0.8444444444444444,45,0.4,5,1.0,2.0,1.0,3.0,0.0,3.0,0.0,0.75,0.75,4.0
76,5,Expe1,80,3,All,5,1,0.9629629629629629,27,1.0,3,1.0,2.0,1.0,1.0,1.0,1.0,,,,
76,6,Expe1,80,4,All,6,1,0.7222222222222222,36,0.25,4,0.5,2.0,1.0,2.0,0.0,2.0,1.1111111111111112,0.7777777777777778,-0.3333333333333333,9.0
76,7,Expe1,80,2,All,7,3,0.8888888888888888,18,0.5,2,1.0,1.0,1.0,1.0,0.0,1.0,0.0,1.0,1.0,1.0
76,8,Expe1,80,3,All,8,2,0.7777777777777778,27,0.0,3,,0.0,1.0,3.0,0.0,3.0,0.0,1.0,1.0,3.0
76,9,Expe1,80,6,All,9,2,0.7735849056603774,53,0.6666666666666666,6,0.5,2.0,1.0,4.0,0.75,4.0,0.375,0.875,0.5,8.0
76,10,Expe1,80,5,All,10,2,0.6888888888888889,45,0.4,5,,0.0,1.0,5.0,0.4,5.0,0.7777777777777778,1.3333333333333333,0.5555555555555556,9.0
76,11,Expe1,80,4,All,11,2,0.8055555555555556,36,0.75,4,1.0,1.0,1.0,3.0,0.6666666666666666,3.0,0.25,1.0,0.75,4.0
76,12,Expe1,80,2,All,12,4,0.8333333333333334,18,0.5,2,,0.0,1.0,2.0,0.5,2.0,0.0,1.0,1.0,1.0
76,13,Expe1,80,2,All,13,5,0.9444444444444444,18,1.0,2,1.0,1.0,1.0,1.0,1.0,1.0,,,,
76,14,Expe1,80,6,All,14,3,0.7592592592592593,54,0.6666666666666666,6,1.0,2.0,1.0,4.0,0.5,4.0,0.6666666666666666,1.1111111111111112,0.4444444444444444,9.0
76,15,Expe1,80,5,All,15,3,0.8,45,0.8,5,1.0,3.0,1.0,2.0,0.5,2.0,0.7142857142857143,1.1428571428571428,0.42857142857142855,7.0
76,16,Expe1,80,3,All,16,3,0.8888888888888888,27,0.6666666666666666,3,1.0,1.0,1.0,2.0,0.5,2.0,0.0,1.0,1.0,1.0
76,17,Expe1,80,4,All,17,3,0.8611111111111112,36,0.75,4,,0.0,1.0,4.0,0.75,4.0,0.0,1.0,1.0,1.0
76,18,Expe1,80,2,All,18,6,0.9444444444444444,18,1.0,2,1.0,1.0,1.0,1.0,1.0,1.0,,,,
77,1,Expe1,88,6,All,1,1,0.7222222222222222,54,0.5,6,1.0,2.0,0.75,4.0,0.25,4.0,0.9090909090909091,1.4545454545454546,0.5454545454545454,11.0
77,2,Expe1,88,4,All,2,1,0.8333333333333334,36,0.75,4,1.0,1.0,1.0,3.0,0.6666666666666666,3.0,1.0,1.0,0.0,3.0
77,3,Expe1,88,2,All,3,1,1.0,18,1.0,2,1.0,2.0,,0.0,,0.0,,,,
77,4,Expe1,88,2,All,4,2,0.75,12,0.5,2,,0.0,1.0,2.0,0.5,2.0,0.0,1.0,1.0,1.0
77,5,Expe1,88,2,All,5,3,0.9444444444444444,18,1.0,2,1.0,1.0,1.0,1.0,1.0,1.0,,,,
77,6,Expe1,88,3,All,6,1,0.9259259259259259,27,0.6666666666666666,3,0.5,2.0,1.0,1.0,1.0,1.0,0.0,0.0,0.0,1.0
77,7,Expe1,88,5,All,7,1,0.8666666666666667,45,0.6,5,1.0,2.0,1.0,3.0,0.3333333333333333,3.0,0.0,1.0,1.0,3.0
77,8,Expe1,88,3,All,8,2,0.8518518518518519,27,0.3333333333333333,3,1.0,1.0,1.0,2.0,0.0,2.0,0.0,1.0,1.0,2.0
77,9,Expe1,88,6,All,9,2,0.7037037037037037,54,0.16666666666666666,6,,0.0,0.8333333333333334,6.0,0.16666666666666666,6.0,0.8,1.0,0.2,10.0
77,10,Expe1,88,4,All,10,2,0.9166666666666666,36,0.75,4,1.0,2.0,1.0,2.0,0.5,2.0,0.0,1.0,1.0,1.0
77,11,Expe1,88,5,All,11,2,0.8444444444444444,45,0.8,5,1.0,1.0,1.0,4.0,0.75,4.0,0.6666666666666666,0.3333333333333333,-0.3333333333333333,3.0
77,12,Expe1,88,6,All,12,3,0.8148148148148148,54,0.8333333333333334,6,1.0,3.0,1.0,3.0,0.6666666666666666,3.0,0.7142857142857143,1.0,0.2857142857142857,7.0
77,13,Expe1,88,4,All,13,3,0.7142857142857143,35,0.5,4,1.0,1.0,0.6666666666666666,3.0,0.3333333333333333,3.0,1.2857142857142858,0.5714285714285714,-0.7142857142857143,7.0
77,14,Expe1,88,2,All,14,4,0.9444444444444444,18,1.0,2,1.0,1.0,1.0,1.0,1.0,1.0,,,,
77,15,Expe1,88,2,All,15,5,0.8888888888888888,18,1.0,2,,0.0,1.0,2.0,1.0,2.0,,,,
77,16,Expe1,88,2,All,16,6,1.0,18,1.0,2,1.0,2.0,,0.0,,0.0,,,,
77,17,Expe1,88,3,All,17,3,0.9629629629629629,27,1.0,3,1.0,2.0,1.0,1.0,1.0,1.0,,,,
77,18,Expe1,88,5,All,18,3,0.7555555555555555,45,0.4,5,1.0,1.0,1.0,4.0,0.25,4.0,0.8571428571428571,0.8571428571428571,0.0,7.0
78,1,Expe1,96,2,All,1,1,0.8888888888888888,18,0.5,2,1.0,1.0,1.0,1.0,0.0,1.0,0.0,1.0,1.0,1.0
78,2,Expe1,96,2,All,2,2,0.8823529411764706,17,0.5,2,1.0,1.0,1.0,1.0,0.0,1.0,0.0,1.0,1.0,1.0
78,3,Expe1,96,2,All,3,3,0.8333333333333334,18,1.0,2,,0.0,1.0,2.0,1.0,2.0,0.0,1.0,1.0,1.0
78,4,Expe1,96,6,All,4,1,0.9230769230769231,52,1.0,6,1.0,4.0,1.0,2.0,1.0,2.0,0.0,0.0,0.0,2.0
78,5,Expe1,96,3,All,5,1,0.9629629629629629,27,1.0,3,1.0,2.0,1.0,1.0,1.0,1.0,,,,
78,6,Expe1,96,3,All,6,2,0.9259259259259259,27,0.6666666666666666,3,1.0,2.0,1.0,1.0,0.0,1.0,0.0,1.0,1.0,1.0
78,7,Expe1,96,4,All,7,1,0.7777777777777778,36,0.75,4,,0.0,0.75,4.0,0.75,4.0,0.4,1.0,0.6,5.0
78,8,Expe1,96,5,All,8,1,0.8888888888888888,45,1.0,5,1.0,3.0,1.0,2.0,1.0,2.0,0.6666666666666666,0.0,-0.6666666666666666,3.0
78,9,Expe1,96,6,All,9,2,0.7169811320754716,53,0.5,6,1.0,2.0,1.0,4.0,0.25,4.0,1.0,1.5833333333333333,0.5833333333333334,12.0
78,10,Expe1,96,5,All,10,2,0.7777777777777778,45,0.6,5,1.0,1.0,0.75,4.0,0.5,4.0,0.6666666666666666,0.8333333333333334,0.16666666666666666,6.0
78,11,Expe1,96,4,All,11,2,0.8888888888888888,36,0.75,4,1.0,2.0,1.0,2.0,0.5,2.0,0.0,1.0,1.0,2.0
78,12,Expe1,96,2,All,12,4,1.0,18,1.0,2,1.0,2.0,,0.0,,0.0,,,,
78,13,Expe1,96,2,All,13,5,0.8888888888888888,18,1.0,2,,0.0,1.0,2.0,1.0,2.0,,,,
78,14,Expe1,96,2,All,14,6,0.8888888888888888,18,0.5,2,1.0,1.0,1.0,1.0,0.0,1.0,0.0,1.0,1.0,1.0
78,15,Expe1,96,6,All,15,3,0.7962962962962963,54,0.6666666666666666,6,1.0,3.0,1.0,3.0,0.3333333333333333,3.0,0.875,1.25,0.375,8.0
78,16,Expe1,96,3,All,16,3,0.8846153846153846,26,0.6666666666666666,3,1.0,1.0,1.0,2.0,0.5,2.0,0.0,1.0,1.0,1.0
78,17,Expe1,96,3,All,17,4,0.7777777777777778,27,0.3333333333333333,3,,0.0,1.0,3.0,0.3333333333333333,3.0,0.3333333333333333,1.0,0.6666666666666666,3.0
78,18,Expe1,96,4,All,18,3,0.8571428571428571,35,0.75,4,,0.0,1.0,4.0,0.75,4.0,0.0,1.0,1.0,1.0
79,1,Expe1,102,6,All,1,1,0.3469387755102041,49,0.0,5,,0.0,0.5,2.0,0.0,2.0,2.2666666666666666,2.577777777777778,0.3111111111111111,45.0
79,2,Expe1,102,5,All,2,1,0.5111111111111111,45,0.0,5,0.0,1.0,0.25,4.0,0.0,4.0,1.736842105263158,1.2105263157894737,-0.5263157894736842,19.0
79,3,Expe1,102,2,All,3,1,0.8888888888888888,18,0.5,2,1.0,1.0,1.0,1.0,0.0,1.0,0.0,1.0,1.0,1.0
79,4,Expe1,102,3,All,4,1,0.9259259259259259,27,0.6666666666666666,3,1.0,2.0,1.0,1.0,0.0,1.0,0.0,1.0,1.0,1.0
79,5,Expe1,102,2,All,5,2,0.8235294117647058,17,0.5,2,,0.0,1.0,2.0,0.5,2.0,0.0,1.0,1.0,1.0
79,6,Expe1,102,3,All,6,2,0.9259259259259259,27,1.0,3,1.0,2.0,1.0,1.0,1.0,1.0,0.0,1.0,1.0,1.0
79,7,Expe1,102,2,All,7,3,0.8888888888888888,18,1.0,2,,0.0,1.0,2.0,1.0,2.0,,,,
79,8,Expe1,102,4,All,8,1,0.5428571428571428,35,0.3333333333333333,3,1.0,1.0,0.5,2.0,0.0,2.0,2.1333333333333333,2.2666666666666666,0.13333333333333333,15.0
79,9,Expe1,102,6,All,9,2,0.8148148148148148,54,0.5,6,1.0,3.0,1.0,3.0,0.0,3.0,0.7142857142857143,1.0,0.2857142857142857,7.0
79,10,Expe1,102,5,All,10,2,0.5111111111111111,45,0.2,5,1.0,1.0,0.25,4.0,0.0,4.0,1.263157894736842,1.7894736842105263,0.5263157894736842,19.0
79,11,Expe1,102,4,All,11,2,0.6944444444444444,36,0.5,4,,0.0,1.0,4.0,0.5,4.0,0.42857142857142855,1.0,0.5714285714285714,7.0
79,12,Expe1,102,6,All,12,3,0.6981132075471698,53,1.0,6,1.0,5.0,1.0,1.0,1.0,1.0,1.7272727272727273,1.7727272727272727,0.045454545454545456,22.0
79,13,Expe1,102,5,All,13,3,0.8,45,0.4,5,1.0,1.0,1.0,4.0,0.25,4.0,0.4,1.2,0.8,5.0
79,14,Expe1,102,2,All,14,4,0.9444444444444444,18,1.0,2,1.0,1.0,1.0,1.0,1.0,1.0,,,,
79,15,Expe1,102,3,All,15,3,0.6666666666666666,27,0.3333333333333333,3,,0.0,1.0,3.0,0.3333333333333333,3.0,1.0,0.6666666666666666,-0.3333333333333333,6.0
79,16,Expe1,102,2,All,16,5,1.0,18,1.0,2,1.0,2.0,,0.0,,0.0,,,,
79,17,Expe1,102,3,All,17,4,0.8888888888888888,27,1.0,3,1.0,1.0,1.0,2.0,1.0,2.0,0.0,0.0,0.0,1.0
79,18,Expe1,102,2,All,18,6,0.8333333333333334,18,0.5,2,,0.0,1.0,2.0,0.5,2.0,0.0,1.0,1.0,1.0
80,1,Expe3,1,5,All,1,1,0.46511627906976744,43,0.25,4,,0.0,0.5,4.0,0.25,4.0,2.0476190476190474,1.380952380952381,-0.6666666666666666,21.0
80,2,Expe3,1,1,All,2,1,0.75,8,0.0,1,,,,,,,0.0,0.5,0.5,2.0
80,3,Expe3,1,4,All,3,1,0.8333333333333334,36,0.75,4,1.0,1.0,1.0,3.0,0.6666666666666666,3.0,0.3333333333333333,1.0,0.6666666666666666,3.0
80,4,Expe3,1,3,All,4,1,0.7777777777777778,27,0.3333333333333333,3,1.0,1.0,1.0,2.0,0.0,2.0,0.5,1.0,0.5,4.0
80,5,Expe3,1,3,All,5,2,0.7777777777777778,27,0.6666666666666666,3,,0.0,1.0,3.0,0.6666666666666666,3.0,0.6666666666666666,1.3333333333333333,0.6666666666666666,3.0
80,6,Expe3,1,2,All,6,1,0.8888888888888888,18,0.5,2,1.0,1.0,1.0,1.0,0.0,1.0,0.0,1.0,1.0,1.0
80,7,Expe3,1,2,All,7,2,0.7,10,0.5,2,,0.0,1.0,2.0,0.5,2.0,0.0,1.0,1.0,1.0
80,8,Expe3,1,2,All,8,3,0.7777777777777778,18,0.5,2,,0.0,1.0,2.0,0.5,2.0,0.5,1.0,0.5,2.0
80,9,Expe3,1,6,All,9,1,0.6981132075471698,53,0.5,6,0.6666666666666666,3.0,0.3333333333333333,3.0,0.3333333333333333,3.0,1.0769230769230769,0.7692307692307693,-0.3076923076923077,13.0
80,10,Expe3,1,5,All,10,2,0.7777777777777778,45,0.4,5,1.0,1.0,0.75,4.0,0.25,4.0,0.3333333333333333,0.5,0.16666666666666666,6.0
80,11,Expe3,1,1,All,11,2,0.875,8,,,,,,,,,,,,
80,12,Expe3,1,4,All,12,2,0.7777777777777778,36,0.5,4,,0.0,1.0,4.0,0.5,4.0,0.75,1.0,0.25,4.0
80,13,Expe3,1,6,All,13,2,0.6481481481481481,54,0.5,6,1.0,1.0,0.6,5.0,0.4,5.0,1.6428571428571428,1.5,-0.14285714285714285,14.0
80,14,Expe3,1,5,All,14,3,0.6136363636363636,44,0.4,5,,0.0,1.0,5.0,0.4,5.0,1.5384615384615385,1.3846153846153846,-0.15384615384615385,13.0
80,15,Expe3,1,4,All,15,3,0.6666666666666666,36,0.25,4,1.0,1.0,1.0,3.0,0.0,3.0,1.3333333333333333,1.0,-0.3333333333333333,9.0
80,16,Expe3,1,3,All,16,3,0.9259259259259259,27,1.0,3,1.0,1.0,1.0,2.0,1.0,2.0,,,,
80,17,Expe3,1,3,All,17,4,0.7407407407407407,27,0.6666666666666666,3,1.0,1.0,1.0,2.0,0.5,2.0,0.2,0.8,0.6,5.0
80,18,Expe3,1,2,All,18,4,0.8888888888888888,18,1.0,2,1.0,1.0,1.0,1.0,1.0,1.0,0.0,0.0,0.0,1.0
80,19,Expe3,1,2,All,19,5,0.8333333333333334,18,0.5,2,1.0,1.0,1.0,1.0,0.0,1.0,0.5,1.0,0.5,2.0
80,20,Expe3,1,2,All,20,6,0.9411764705882353,17,1.0,2,1.0,2.0,,0.0,,0.0,0.0,0.0,0.0,1.0
80,21,Expe3,1,1,All,21,3,1.0,9,1.0,1,1.0,1.0,,0.0,,0.0,,,,
80,22,Expe3,1,6,All,22,3,0.7169811320754716,53,0.6,5,1.0,1.0,0.75,4.0,0.5,4.0,0.7,1.0,0.3,10.0
81,1,Expe3,2,4,All,1,1,0.8888888888888888,36,1.0,4,1.0,1.0,1.0,3.0,1.0,3.0,1.0,0.0,-1.0,1.0
81,2,Expe3,2,1,All,2,1,0.8888888888888888,9,1.0,1,,0.0,1.0,1.0,1.0,1.0,,,,
81,3,Expe3,2,3,All,3,1,0.9629629629629629,27,1.0,3,1.0,2.0,1.0,1.0,1.0,1.0,,,,
81,4,Expe3,2,5,All,4,1,0.6888888888888889,45,0.6,5,1.0,1.0,1.0,4.0,0.5,4.0,1.1,1.5,0.4,10.0
81,5,Expe3,2,2,All,5,1,0.8333333333333334,18,1.0,2,,0.0,1.0,2.0,1.0,2.0,0.0,1.0,1.0,1.0
81,6,Expe3,2,3,All,6,2,0.9629629629629629,27,1.0,3,1.0,3.0,,0.0,,0.0,0.0,0.0,0.0,1.0
81,7,Expe3,2,6,All,7,1,0.8333333333333334,54,0.5,6,1.0,2.0,1.0,4.0,0.25,4.0,0.4,0.8,0.4,5.0
81,8,Expe3,2,2,All,8,2,0.7647058823529411,17,0.0,2,,0.0,1.0,2.0,0.0,2.0,0.0,1.0,1.0,2.0
81,9,Expe3,2,2,All,9,3,0.8888888888888888,18,0.5,2,1.0,1.0,1.0,1.0,0.0,1.0,0.0,1.0,1.0,1.0
81,10,Expe3,2,6,All,10,2,0.7884615384615384,52,0.4,5,0.0,1.0,1.0,4.0,0.5,4.0,0.3333333333333333,0.6666666666666666,0.3333333333333333,6.0
81,11,Expe3,2,1,All,11,2,1.0,7,1.0,1,1.0,1.0,,0.0,,0.0,,,,
81,12,Expe3,2,4,All,12,2,0.8333333333333334,36,0.75,4,,0.0,1.0,4.0,0.75,4.0,0.0,1.0,1.0,2.0
81,13,Expe3,2,5,All,13,2,0.8,45,0.6,5,1.0,1.0,1.0,4.0,0.5,4.0,1.0,0.8571428571428571,-0.14285714285714285,7.0
81,14,Expe3,2,4,All,14,3,0.8285714285714286,35,0.75,4,1.0,1.0,1.0,2.0,0.5,2.0,0.25,0.75,0.5,4.0
81,15,Expe3,2,3,All,15,3,0.8518518518518519,27,0.3333333333333333,3,1.0,1.0,1.0,2.0,0.0,2.0,0.0,1.0,1.0,2.0
81,16,Expe3,2,5,All,16,3,0.8,45,0.4,5,,0.0,1.0,5.0,0.4,5.0,0.0,1.0,1.0,4.0
81,17,Expe3,2,2,All,17,4,0.7777777777777778,18,0.5,2,,0.0,1.0,2.0,0.5,2.0,0.5,1.0,0.5,2.0
81,18,Expe3,2,3,All,18,4,0.8888888888888888,27,0.6666666666666666,3,1.0,1.0,1.0,2.0,0.5,2.0,0.0,1.0,1.0,1.0
81,19,Expe3,2,6,All,19,3,0.8518518518518519,54,0.6666666666666666,6,0.5,2.0,1.0,4.0,0.75,4.0,0.25,0.5,0.25,4.0
81,20,Expe3,2,2,All,20,5,0.9444444444444444,18,1.0,2,1.0,1.0,1.0,1.0,1.0,1.0,,,,
81,21,Expe3,2,1,All,21,3,0.7777777777777778,9,0.0,1,,0.0,1.0,1.0,0.0,1.0,0.0,1.0,1.0,1.0
81,22,Expe3,2,2,All,22,6,1.0,18,1.0,2,1.0,2.0,,0.0,,0.0,,,,
82,1,Expe3,3,3,All,1,1,0.8518518518518519,27,0.6666666666666666,3,1.0,1.0,0.5,2.0,0.5,2.0,1.5,0.0,-1.5,2.0
82,2,Expe3,3,1,All,2,1,0.7777777777777778,9,0.0,1,,0.0,1.0,1.0,0.0,1.0,0.0,1.0,1.0,1.0
82,3,Expe3,3,2,All,3,1,0.6111111111111112,18,0.0,2,,0.0,0.0,2.0,0.0,2.0,1.0,0.8,-0.2,5.0
82,4,Expe3,3,4,All,4,1,0.42857142857142855,35,0.25,4,,0.0,1.0,4.0,0.25,4.0,1.8571428571428572,2.1904761904761907,0.3333333333333333,21.0
82,5,Expe3,3,6,All,5,1,0.7407407407407407,54,0.5,6,0.6,5.0,1.0,1.0,0.0,1.0,1.2142857142857142,1.5,0.2857142857142857,14.0
82,6,Expe3,3,5,All,6,1,0.5555555555555556,45,0.6,5,0.0,1.0,1.0,4.0,0.75,4.0,1.5909090909090908,1.8636363636363635,0.2727272727272727,22.0
82,7,Expe3,3,2,All,7,2,0.7777777777777778,18,0.0,2,,0.0,1.0,2.0,0.0,2.0,0.0,1.0,1.0,2.0
82,8,Expe3,3,3,All,8,2,0.7777777777777778,27,0.3333333333333333,3,1.0,1.0,1.0,2.0,0.0,2.0,0.5,1.0,0.5,4.0
82,9,Expe3,3,2,All,9,3,0.8888888888888888,18,1.0,2,,0.0,1.0,2.0,1.0,2.0,,,,
82,10,Expe3,3,5,All,10,2,0.6,45,0.6,5,1.0,2.0,1.0,3.0,0.3333333333333333,3.0,1.9333333333333333,1.8666666666666667,-0.06666666666666667,15.0
82,11,Expe3,3,1,All,11,2,0.8888888888888888,9,1.0,1,,0.0,1.0,1.0,1.0,1.0,,,,
82,12,Expe3,3,4,All,12,2,0.6388888888888888,36,0.5,4,1.0,1.0,0.6666666666666666,3.0,0.3333333333333333,3.0,1.6363636363636365,1.4545454545454546,-0.18181818181818182,11.0
82,13,Expe3,3,6,All,13,2,0.5740740740740741,54,0.16666666666666666,6,1.0,1.0,0.6,5.0,0.0,5.0,1.4210526315789473,1.1578947368421053,-0.2631578947368421,19.0
82,14,Expe3,3,3,All,14,3,0.7037037037037037,27,0.3333333333333333,3,,0.0,0.6666666666666666,3.0,0.3333333333333333,3.0,0.4,1.2,0.8,5.0
82,15,Expe3,3,2,All,15,4,0.8888888888888888,18,1.0,2,1.0,1.0,1.0,1.0,1.0,1.0,0.0,1.0,1.0,1.0
82,16,Expe3,3,4,All,16,3,0.7222222222222222,36,0.25,4,0.5,2.0,1.0,2.0,0.0,2.0,1.2222222222222223,0.7777777777777778,-0.4444444444444444,9.0
82,17,Expe3,3,6,All,17,3,0.6851851851851852,54,0.16666666666666666,6,0.5,2.0,0.5,4.0,0.0,4.0,1.0,1.1538461538461537,0.15384615384615385,13.0
82,18,Expe3,3,5,All,18,3,0.8,45,0.6,5,1.0,2.0,0.6666666666666666,3.0,0.3333333333333333,3.0,0.6666666666666666,0.8333333333333334,0.16666666666666666,6.0
82,19,Expe3,3,2,All,19,5,0.6666666666666666,18,0.0,2,,0.0,1.0,2.0,0.0,2.0,0.5,1.0,0.5,4.0
82,20,Expe3,3,3,All,20,4,0.8148148148148148,27,0.6666666666666666,3,,0.0,1.0,3.0,0.6666666666666666,3.0,0.0,1.0,1.0,2.0
82,21,Expe3,3,1,All,21,3,1.0,9,1.0,1,1.0,1.0,,0.0,,0.0,,,,
82,22,Expe3,3,2,All,22,6,0.9444444444444444,18,1.0,2,1.0,1.0,1.0,1.0,1.0,1.0,,,,
83,1,Expe3,4,2,All,1,1,0.8888888888888888,18,1.0,2,1.0,1.0,1.0,1.0,1.0,1.0,0.0,1.0,1.0,1.0
83,2,Expe3,4,1,All,2,1,1.0,9,1.0,1,1.0,1.0,,0.0,,0.0,,,,
83,3,Expe3,4,6,All,3,1,0.6037735849056604,53,0.8333333333333334,6,1.0,2.0,1.0,3.0,0.6666666666666666,3.0,1.2857142857142858,1.4761904761904763,0.19047619047619047,21.0
83,4,Expe3,4,3,All,4,1,0.8518518518518519,27,0.6666666666666666,3,,0.0,1.0,3.0,0.6666666666666666,3.0,0.0,1.0,1.0,2.0
83,5,Expe3,4,2,All,5,2,0.8,15,0.5,2,1.0,1.0,0.0,1.0,0.0,1.0,0.5,1.0,0.5,2.0
83,6,Expe3,4,4,All,6,1,0.8333333333333334,36,0.75,4,1.0,1.0,1.0,3.0,0.6666666666666666,3.0,1.0,0.3333333333333333,-0.6666666666666666,3.0
83,7,Expe3,4,2,All,7,3,0.9444444444444444,18,1.0,2,1.0,1.0,1.0,1.0,1.0,1.0,,,,
83,8,Expe3,4,5,All,8,1,0.8444444444444444,45,0.6,5,1.0,1.0,1.0,4.0,0.5,4.0,0.0,1.0,1.0,3.0
83,9,Expe3,4,3,All,9,2,0.8888888888888888,27,1.0,3,1.0,1.0,1.0,2.0,1.0,2.0,0.0,0.0,0.0,1.0
83,10,Expe3,4,6,All,10,2,0.7358490566037735,53,0.8,5,0.75,4.0,1.0,1.0,1.0,1.0,1.2307692307692308,0.6923076923076923,-0.5384615384615384,13.0
83,11,Expe3,4,1,All,11,2,0.8333333333333334,6,1.0,1,,0.0,1.0,1.0,1.0,1.0,,,,
83,12,Expe3,4,4,All,12,2,0.8611111111111112,36,0.75,4,1.0,3.0,1.0,1.0,0.0,1.0,0.5,0.5,0.0,4.0
83,13,Expe3,4,5,All,13,2,0.8409090909090909,44,0.6,5,0.5,4.0,,0.0,,0.0,0.2857142857142857,0.5714285714285714,0.2857142857142857,7.0
83,14,Expe3,4,2,All,14,4,0.7222222222222222,18,0.0,2,,0.0,0.5,2.0,0.0,2.0,0.3333333333333333,1.0,0.6666666666666666,3.0
83,15,Expe3,4,6,All,15,3,0.7407407407407407,54,0.5,6,1.0,3.0,1.0,3.0,0.0,3.0,0.9090909090909091,1.2727272727272727,0.36363636363636365,11.0
83,16,Expe3,4,3,All,16,3,0.9629629629629629,27,1.0,3,1.0,2.0,1.0,1.0,1.0,1.0,,,,
83,17,Expe3,4,2,All,17,5,0.7777777777777778,18,0.5,2,,0.0,1.0,2.0,0.5,2.0,0.0,1.0,1.0,2.0
83,18,Expe3,4,4,All,18,3,0.8055555555555556,36,0.5,4,1.0,1.0,1.0,3.0,0.3333333333333333,3.0,0.25,1.0,0.75,4.0
83,19,Expe3,4,2,All,19,6,0.8888888888888888,18,0.5,2,1.0,1.0,0.0,1.0,0.0,1.0,1.0,0.0,-1.0,1.0
83,20,Expe3,4,5,All,20,3,0.7777777777777778,45,0.8,5,1.0,1.0,1.0,4.0,0.75,4.0,0.5,1.0,0.5,6.0
83,21,Expe3,4,1,All,21,3,1.0,4,1.0,1,1.0,1.0,,0.0,,0.0,,,,
83,22,Expe3,4,3,All,22,4,0.6666666666666666,27,0.3333333333333333,3,,0.0,1.0,3.0,0.3333333333333333,3.0,0.8333333333333334,1.1666666666666667,0.3333333333333333,6.0
84,1,Expe3,5,6,All,1,1,0.6538461538461539,52,0.4,5,1.0,1.0,0.75,4.0,0.25,4.0,1.5333333333333334,1.1333333333333333,-0.4,15.0
84,2,Expe3,5,1,All,2,1,1.0,9,1.0,1,1.0,1.0,,0.0,,0.0,,,,
84,3,Expe3,5,2,All,3,1,0.7777777777777778,18,0.5,2,1.0,1.0,1.0,1.0,0.0,1.0,0.3333333333333333,0.6666666666666666,0.3333333333333333,3.0
84,4,Expe3,5,2,All,4,2,0.8888888888888888,18,0.5,2,1.0,1.0,1.0,1.0,0.0,1.0,0.0,1.0,1.0,1.0
84,5,Expe3,5,2,All,5,3,0.7777777777777778,18,1.0,2,1.0,1.0,1.0,1.0,1.0,1.0,0.3333333333333333,0.3333333333333333,0.0,3.0
84,6,Expe3,5,3,All,6,1,0.7777777777777778,27,0.0,3,,0.0,1.0,3.0,0.0,3.0,0.0,1.0,1.0,3.0
84,7,Expe3,5,3,All,7,2,0.8518518518518519,27,1.0,3,,0.0,1.0,3.0,1.0,3.0,1.0,0.0,-1.0,1.0
84,8,Expe3,5,4,All,8,1,0.8,35,0.75,4,1.0,1.0,0.6666666666666666,3.0,0.6666666666666666,3.0,0.75,1.0,0.25,4.0
84,9,Expe3,5,5,All,9,1,0.8444444444444444,45,0.8,5,1.0,1.0,1.0,4.0,0.75,4.0,0.6666666666666666,0.6666666666666666,0.0,3.0
84,10,Expe3,5,6,All,10,2,0.8703703703703703,54,0.8333333333333334,6,1.0,2.0,0.75,4.0,0.75,4.0,2.0,0.0,-2.0,3.0
84,11,Expe3,5,1,All,11,2,1.0,8,1.0,1,1.0,1.0,,0.0,,0.0,,,,
84,12,Expe3,5,5,All,12,2,0.8636363636363636,44,0.8,5,1.0,2.0,0.5,2.0,0.5,2.0,0.5,0.5,0.0,4.0
84,13,Expe3,5,4,All,13,2,0.9142857142857143,35,0.75,4,1.0,3.0,,0.0,,0.0,0.3333333333333333,0.0,-0.3333333333333333,3.0
84,14,Expe3,5,6,All,14,3,0.6792452830188679,53,0.3333333333333333,6,1.0,2.0,0.6666666666666666,3.0,0.0,3.0,1.2142857142857142,1.2142857142857142,0.0,14.0
84,15,Expe3,5,2,All,15,4,0.8888888888888888,18,1.0,2,1.0,1.0,1.0,1.0,1.0,1.0,0.0,1.0,1.0,1.0
84,16,Expe3,5,2,All,16,5,0.7222222222222222,18,0.0,2,,0.0,1.0,2.0,0.0,2.0,0.3333333333333333,1.0,0.6666666666666666,3.0
84,17,Expe3,5,2,All,17,6,0.8333333333333334,18,0.5,2,,0.0,1.0,2.0,0.5,2.0,0.0,1.0,1.0,1.0
84,18,Expe3,5,3,All,18,3,0.7037037037037037,27,0.3333333333333333,3,,0.0,1.0,3.0,0.3333333333333333,3.0,0.8,1.0,0.2,5.0
84,19,Expe3,5,3,All,19,4,0.8888888888888888,27,1.0,3,1.0,1.0,1.0,2.0,1.0,2.0,0.0,1.0,1.0,1.0
84,20,Expe3,5,4,All,20,3,0.8611111111111112,36,0.5,4,1.0,2.0,1.0,2.0,0.0,2.0,0.3333333333333333,1.0,0.6666666666666666,3.0
84,21,Expe3,5,1,All,21,3,1.0,9,1.0,1,1.0,1.0,,0.0,,0.0,,,,
84,22,Expe3,5,5,All,22,3,0.7954545454545454,44,0.4,5,1.0,1.0,1.0,4.0,0.25,4.0,0.2,0.8,0.6,5.0
85,1,Expe3,6,2,All,1,1,0.6666666666666666,18,1.0,2,1.0,1.0,1.0,1.0,1.0,1.0,1.2,0.2,-1.0,5.0
85,2,Expe3,6,1,All,2,1,1.0,9,1.0,1,1.0,1.0,,0.0,,0.0,,,,
85,3,Expe3,6,2,All,3,2,0.8235294117647058,17,0.5,2,,0.0,1.0,2.0,0.5,2.0,0.0,1.0,1.0,1.0
85,4,Expe3,6,6,All,4,1,0.4807692307692308,52,0.4,5,,0.0,1.0,4.0,0.5,4.0,2.3714285714285714,2.2,-0.17142857142857143,35.0
85,5,Expe3,6,3,All,5,1,0.8888888888888888,27,1.0,3,1.0,2.0,1.0,1.0,1.0,1.0,1.5,0.0,-1.5,4.0
85,6,Expe3,6,2,All,6,3,0.8888888888888888,18,1.0,2,,0.0,1.0,2.0,1.0,2.0,,,,
85,7,Expe3,6,5,All,7,1,0.5681818181818182,44,0.6,5,0.6,5.0,,0.0,,0.0,2.5,1.411764705882353,-1.088235294117647,34.0
85,8,Expe3,6,3,All,8,2,0.8148148148148148,27,0.3333333333333333,3,0.5,2.0,1.0,1.0,0.0,1.0,0.4,0.8,0.4,5.0
85,9,Expe3,6,4,All,9,1,0.6,35,0.5,4,1.0,1.0,0.6666666666666666,3.0,0.3333333333333333,3.0,1.0769230769230769,1.0769230769230769,0.0,13.0
85,10,Expe3,6,5,All,10,2,0.8,45,0.4,5,1.0,2.0,0.6666666666666666,3.0,0.0,3.0,0.8333333333333334,1.1666666666666667,0.3333333333333333,6.0
85,11,Expe3,6,1,All,11,2,0.7142857142857143,7,0.0,1,,0.0,1.0,1.0,0.0,1.0,0.0,1.0,1.0,1.0
85,12,Expe3,6,4,All,12,2,0.6666666666666666,36,0.5,4,1.0,1.0,0.6666666666666666,3.0,0.3333333333333333,3.0,2.8,0.9,-1.9,10.0
85,13,Expe3,6,6,All,13,2,0.7735849056603774,53,0.5,6,1.0,2.0,0.75,4.0,0.25,4.0,0.875,1.0,0.125,8.0
85,14,Expe3,6,2,All,14,4,0.9444444444444444,18,1.0,2,1.0,1.0,1.0,1.0,1.0,1.0,,,,
85,15,Expe3,6,2,All,15,5,0.6666666666666666,18,0.0,2,,0.0,1.0,2.0,0.0,2.0,0.75,1.0,0.25,4.0
85,16,Expe3,6,6,All,16,3,0.6851851851851852,54,0.5,6,1.0,1.0,0.6,5.0,0.4,5.0,0.9166666666666666,0.6666666666666666,-0.25,12.0
85,17,Expe3,6,3,All,17,3,0.6923076923076923,26,0.0,3,0.0,1.0,1.0,1.0,0.0,1.0,0.5714285714285714,0.42857142857142855,-0.14285714285714285,7.0
85,18,Expe3,6,2,All,18,6,0.7777777777777778,18,0.5,2,1.0,1.0,1.0,1.0,0.0,1.0,0.3333333333333333,0.6666666666666666,0.3333333333333333,3.0
85,19,Expe3,6,5,All,19,3,0.9111111111111111,45,1.0,5,1.0,3.0,1.0,2.0,1.0,2.0,0.5,1.0,0.5,2.0
85,20,Expe3,6,3,All,20,4,0.7777777777777778,27,0.6666666666666666,3,1.0,1.0,0.5,2.0,0.5,2.0,0.75,0.0,-0.75,4.0
85,21,Expe3,6,1,All,21,3,1.0,5,1.0,1,1.0,1.0,,0.0,,0.0,,,,
85,22,Expe3,6,4,All,22,3,0.6944444444444444,36,0.5,4,1.0,2.0,0.5,2.0,0.0,2.0,1.3,1.7,0.4,10.0
86,1,Expe3,7,6,All,1,1,0.8490566037735849,53,0.6666666666666666,6,1.0,2.0,0.75,4.0,0.5,4.0,0.75,0.5,-0.25,4.0
86,2,Expe3,7,1,All,2,1,0.7777777777777778,9,0.0,1,,0.0,1.0,1.0,0.0,1.0,0.0,1.0,1.0,1.0
86,3,Expe3,7,2,All,3,1,0.8888888888888888,18,1.0,2,1.0,1.0,1.0,1.0,1.0,1.0,1.0,0.0,-1.0,1.0
86,4,Expe3,7,3,All,4,1,0.9629629629629629,27,1.0,3,1.0,2.0,1.0,1.0,1.0,1.0,,,,
86,5,Expe3,7,2,All,5,2,0.7777777777777778,18,0.0,2,,0.0,1.0,2.0,0.0,2.0,0.0,1.0,1.0,2.0
86,6,Expe3,7,3,All,6,2,0.8518518518518519,27,0.6666666666666666,3,1.0,1.0,1.0,2.0,0.5,2.0,0.5,0.5,0.0,2.0
86,7,Expe3,7,5,All,7,1,0.8181818181818182,44,0.4,5,1.0,2.0,1.0,3.0,0.0,3.0,0.2,0.8,0.6,5.0
86,8,Expe3,7,4,All,8,1,0.8888888888888888,36,0.5,4,1.0,2.0,1.0,2.0,0.0,2.0,0.0,1.0,1.0,2.0
86,9,Expe3,7,2,All,9,3,0.9444444444444444,18,1.0,2,1.0,1.0,1.0,1.0,1.0,1.0,,,,
86,10,Expe3,7,5,All,10,2,0.8863636363636364,44,0.8,5,1.0,2.0,1.0,2.0,0.5,2.0,0.3333333333333333,0.6666666666666666,0.3333333333333333,3.0
86,11,Expe3,7,1,All,11,2,1.0,9,1.0,1,1.0,1.0,,0.0,,0.0,,,,
86,12,Expe3,7,6,All,12,2,0.7692307692307693,52,0.6,5,1.0,2.0,1.0,3.0,0.3333333333333333,3.0,0.5,0.75,0.25,8.0
86,13,Expe3,7,4,All,13,2,0.8611111111111112,36,0.75,4,,0.0,1.0,4.0,0.75,4.0,0.0,1.0,1.0,1.0
86,14,Expe3,7,6,All,14,3,0.9074074074074074,54,0.8333333333333334,6,1.0,2.0,1.0,4.0,0.75,4.0,0.0,1.0,1.0,1.0
86,15,Expe3,7,2,All,15,4,0.7777777777777778,18,0.5,2,,0.0,1.0,2.0,0.5,2.0,0.5,1.0,0.5,2.0
86,16,Expe3,7,3,All,16,3,0.9259259259259259,27,1.0,3,1.0,1.0,1.0,2.0,1.0,2.0,,,,
86,17,Expe3,7,2,All,17,5,0.8888888888888888,18,0.5,2,1.0,1.0,1.0,1.0,0.0,1.0,0.0,1.0,1.0,1.0
86,18,Expe3,7,3,All,18,4,0.8148148148148148,27,0.3333333333333333,3,,0.0,1.0,3.0,0.3333333333333333,3.0,0.0,1.0,1.0,2.0
86,19,Expe3,7,5,All,19,3,0.8666666666666667,45,0.6,5,1.0,1.0,1.0,4.0,0.5,4.0,0.0,1.0,1.0,2.0
86,20,Expe3,7,4,All,20,3,0.8888888888888888,36,0.75,4,1.0,1.0,1.0,3.0,0.6666666666666666,3.0,0.0,1.0,1.0,1.0
86,21,Expe3,7,1,All,21,3,0.8888888888888888,9,1.0,1,,0.0,1.0,1.0,1.0,1.0,,,,
86,22,Expe3,7,2,All,22,6,0.9444444444444444,18,1.0,2,1.0,1.0,1.0,1.0,1.0,1.0,,,,
87,1,Expe3,8,2,All,1,1,0.8888888888888888,18,1.0,2,,0.0,1.0,2.0,1.0,2.0,,,,
87,2,Expe3,8,1,All,2,1,0.7777777777777778,9,0.0,1,,0.0,1.0,1.0,0.0,1.0,0.0,1.0,1.0,1.0
87,3,Expe3,8,2,All,3,2,0.8888888888888888,18,0.5,2,1.0,1.0,1.0,1.0,0.0,1.0,0.0,1.0,1.0,1.0
87,4,Expe3,8,6,All,4,1,0.6226415094339622,53,0.5,6,0.5,2.0,0.75,4.0,0.5,4.0,2.2413793103448274,1.7241379310344827,-0.5172413793103449,29.0
87,5,Expe3,8,5,All,5,1,0.7727272727272727,44,0.2,5,0.3333333333333333,3.0,1.0,2.0,0.0,2.0,1.2,1.0666666666666667,-0.13333333333333333,15.0
87,6,Expe3,8,3,All,6,1,0.7037037037037037,27,0.3333333333333333,3,1.0,1.0,0.5,2.0,0.0,2.0,0.8571428571428571,0.8571428571428571,0.0,7.0
87,7,Expe3,8,2,All,7,3,0.7222222222222222,18,1.0,2,,0.0,1.0,2.0,1.0,2.0,0.3333333333333333,1.0,0.6666666666666666,3.0
87,8,Expe3,8,3,All,8,2,0.8148148148148148,27,0.6666666666666666,3,1.0,1.0,1.0,2.0,0.5,2.0,0.3333333333333333,0.6666666666666666,0.3333333333333333,3.0
87,9,Expe3,8,4,All,9,1,0.8333333333333334,36,0.75,4,1.0,2.0,0.5,2.0,0.5,2.0,1.0,0.42857142857142855,-0.5714285714285714,7.0
87,10,Expe3,8,6,All,10,2,0.7592592592592593,54,0.5,6,1.0,1.0,0.6,5.0,0.4,5.0,0.75,0.625,-0.125,8.0
87,11,Expe3,8,1,All,11,2,0.7142857142857143,7,0.0,1,0.0,1.0,,0.0,,0.0,0.0,0.5,0.5,2.0
87,12,Expe3,8,5,All,12,2,0.6222222222222222,45,0.6,5,1.0,2.0,0.6666666666666666,3.0,0.3333333333333333,3.0,0.9375,1.125,0.1875,16.0
87,13,Expe3,8,4,All,13,2,0.6111111111111112,36,0.0,4,0.0,1.0,0.3333333333333333,3.0,0.0,3.0,0.8333333333333334,1.0833333333333333,0.25,12.0
87,14,Expe3,8,2,All,14,4,0.5882352941176471,17,0.5,2,,0.0,1.0,2.0,0.5,2.0,1.1666666666666667,1.0,-0.16666666666666666,6.0
87,15,Expe3,8,2,All,15,5,1.0,18,1.0,2,1.0,2.0,,0.0,,0.0,,,,
87,16,Expe3,8,6,All,16,3,0.4528301886792453,53,0.5,6,,0.0,0.6,5.0,0.6,5.0,3.235294117647059,0.9411764705882353,-2.2941176470588234,34.0
87,17,Expe3,8,5,All,17,3,0.6,45,0.4,5,1.0,1.0,0.5,4.0,0.25,4.0,1.5625,1.125,-0.4375,16.0
87,18,Expe3,8,3,All,18,3,0.7692307692307693,26,0.3333333333333333,3,,0.0,0.5,2.0,0.5,2.0,0.4,1.0,0.6,5.0
87,19,Expe3,8,2,All,19,6,0.8888888888888888,18,0.5,2,0.0,1.0,1.0,1.0,1.0,1.0,0.0,0.0,0.0,1.0
87,20,Expe3,8,3,All,20,4,0.9259259259259259,27,0.6666666666666666,3,0.6666666666666666,3.0,,0.0,,0.0,0.4,0.0,-0.4,5.0
87,21,Expe3,8,1,All,21,3,0.8,5,1.0,1,,0.0,1.0,1.0,1.0,1.0,,,,
87,22,Expe3,8,4,All,22,3,0.7142857142857143,35,0.5,4,1.0,1.0,1.0,2.0,0.0,2.0,1.7272727272727273,0.45454545454545453,-1.2727272727272727,11.0
88,1,Expe3,9,2,All,1,1,0.8333333333333334,18,0.5,2,,0.0,1.0,2.0,0.5,2.0,0.0,1.0,1.0,1.0
88,2,Expe3,9,1,All,2,1,0.8888888888888888,9,1.0,1,,0.0,1.0,1.0,1.0,1.0,,,,
88,3,Expe3,9,5,All,3,1,0.7555555555555555,45,0.4,5,1.0,1.0,0.5,4.0,0.25,4.0,1.0,1.0,0.0,7.0
88,4,Expe3,9,2,All,4,2,0.8571428571428571,14,0.5,2,1.0,1.0,1.0,1.0,0.0,1.0,0.0,1.0,1.0,1.0
88,5,Expe3,9,2,All,5,3,0.8888888888888888,18,1.0,2,1.0,1.0,1.0,1.0,1.0,1.0,0.0,0.0,0.0,1.0
88,6,Expe3,9,6,All,6,1,0.6346153846153846,52,0.6666666666666666,6,1.0,1.0,1.0,5.0,0.6,5.0,0.7142857142857143,1.3571428571428572,0.6428571428571429,14.0
88,7,Expe3,9,4,All,7,1,0.6857142857142857,35,0.5,4,0.5,2.0,1.0,2.0,0.5,2.0,0.8888888888888888,0.7777777777777778,-0.1111111111111111,9.0
88,8,Expe3,9,3,All,8,1,0.8148148148148148,27,0.3333333333333333,3,1.0,1.0,1.0,2.0,0.0,2.0,0.3333333333333333,1.0,0.6666666666666666,3.0
88,9,Expe3,9,3,All,9,2,0.9259259259259259,27,1.0,3,1.0,1.0,1.0,2.0,1.0,2.0,,,,
88,10,Expe3,9,6,All,10,2,0.8888888888888888,54,0.6666666666666666,6,1.0,3.0,1.0,3.0,0.3333333333333333,3.0,0.0,0.6666666666666666,0.6666666666666666,3.0
88,11,Expe3,9,1,All,11,2,0.8571428571428571,7,1.0,1,,0.0,1.0,1.0,1.0,1.0,,,,
88,12,Expe3,9,5,All,12,2,0.8636363636363636,44,0.5,4,1.0,1.0,0.6666666666666666,3.0,0.3333333333333333,3.0,1.0,0.3333333333333333,-0.6666666666666666,3.0
88,13,Expe3,9,4,All,13,2,0.75,36,0.0,4,0.0,1.0,0.6666666666666666,3.0,0.0,3.0,0.5,0.5,0.0,6.0
88,14,Expe3,9,2,All,14,4,0.7058823529411765,17,0.5,2,1.0,1.0,1.0,1.0,0.0,1.0,0.5,1.0,0.5,4.0
88,15,Expe3,9,5,All,15,3,0.7555555555555555,45,0.2,5,1.0,1.0,0.75,4.0,0.0,4.0,0.5714285714285714,1.0,0.42857142857142855,7.0
88,16,Expe3,9,2,All,16,5,0.9444444444444444,18,1.0,2,1.0,1.0,1.0,1.0,1.0,1.0,,,,
88,17,Expe3,9,2,All,17,6,0.7777777777777778,18,0.5,2,,0.0,1.0,2.0,0.5,2.0,0.0,1.0,1.0,2.0
88,18,Expe3,9,6,All,18,3,0.8888888888888888,54,0.6666666666666666,6,0.6666666666666666,3.0,1.0,3.0,0.6666666666666666,3.0,0.0,0.3333333333333333,0.3333333333333333,3.0
88,19,Expe3,9,4,All,19,3,0.9166666666666666,36,0.75,4,1.0,3.0,1.0,1.0,0.0,1.0,0.5,1.0,0.5,2.0
88,20,Expe3,9,3,All,20,3,0.9259259259259259,27,0.6666666666666666,3,1.0,2.0,1.0,1.0,0.0,1.0,0.0,1.0,1.0,1.0
88,21,Expe3,9,1,All,21,3,0.8333333333333334,6,1.0,1,,0.0,1.0,1.0,1.0,1.0,,,,
88,22,Expe3,9,3,All,22,4,0.9259259259259259,27,1.0,3,1.0,1.0,1.0,2.0,1.0,2.0,,,,
89,1,Expe3,10,5,All,1,1,0.7272727272727273,44,0.4,5,0.6666666666666666,3.0,0.0,2.0,0.0,2.0,1.0,1.2,0.2,10.0
89,2,Expe3,10,1,All,2,1,0.7777777777777778,9,0.0,1,,0.0,1.0,1.0,0.0,1.0,0.0,1.0,1.0,1.0
89,3,Expe3,10,2,All,3,1,0.9444444444444444,18,1.0,2,1.0,1.0,1.0,1.0,1.0,1.0,,,,
89,4,Expe3,10,2,All,4,2,0.8,15,0.5,2,,0.0,1.0,2.0,0.5,2.0,0.0,1.0,1.0,1.0
89,5,Expe3,10,4,All,5,1,0.9166666666666666,36,0.75,4,1.0,2.0,1.0,2.0,0.5,2.0,0.0,1.0,1.0,1.0
89,6,Expe3,10,2,All,6,3,0.9444444444444444,18,1.0,2,1.0,1.0,1.0,1.0,1.0,1.0,,,,
89,7,Expe3,10,3,All,7,1,1.0,27,1.0,3,1.0,3.0,,0.0,,0.0,,,,
89,8,Expe3,10,6,All,8,1,0.5660377358490566,53,0.16666666666666666,6,1.0,1.0,0.6,5.0,0.0,5.0,2.9655172413793105,3.4482758620689653,0.4827586206896552,29.0
89,9,Expe3,10,3,All,9,2,0.7692307692307693,26,0.3333333333333333,3,1.0,1.0,1.0,1.0,0.0,1.0,0.2,0.6,0.4,5.0
89,10,Expe3,10,4,All,10,2,0.8611111111111112,36,0.5,4,0.5,2.0,1.0,2.0,0.5,2.0,0.3333333333333333,0.3333333333333333,0.0,3.0
89,11,Expe3,10,1,All,11,2,0.8888888888888888,9,1.0,1,,0.0,1.0,1.0,1.0,1.0,,,,
89,12,Expe3,10,5,All,12,2,0.8,45,0.4,5,,0.0,1.0,5.0,0.4,5.0,0.25,1.0,0.75,4.0
89,13,Expe3,10,6,All,13,2,0.9433962264150944,53,0.8333333333333334,6,1.0,3.0,1.0,2.0,0.5,2.0,0.0,1.0,1.0,1.0
89,14,Expe3,10,5,All,14,3,0.7777777777777778,45,0.8,5,1.0,1.0,1.0,4.0,0.75,4.0,1.1666666666666667,1.3333333333333333,0.16666666666666666,6.0
89,15,Expe3,10,2,All,15,4,0.9444444444444444,18,1.0,2,1.0,1.0,1.0,1.0,1.0,1.0,,,,
89,16,Expe3,10,2,All,16,5,0.9444444444444444,18,1.0,2,1.0,1.0,1.0,1.0,1.0,1.0,,,,
89,17,Expe3,10,4,All,17,3,0.9166666666666666,36,1.0,4,1.0,2.0,1.0,2.0,1.0,2.0,0.0,0.0,0.0,1.0
89,18,Expe3,10,2,All,18,6,0.8888888888888888,18,0.5,2,1.0,1.0,1.0,1.0,0.0,1.0,0.0,1.0,1.0,1.0
89,19,Expe3,10,3,All,19,3,0.8888888888888888,27,0.6666666666666666,3,1.0,2.0,1.0,1.0,0.0,1.0,0.5,1.0,0.5,2.0
89,20,Expe3,10,6,All,20,3,0.75,52,0.4,5,1.0,1.0,1.0,3.0,0.3333333333333333,3.0,0.7,0.8,0.1,10.0
89,21,Expe3,10,1,All,21,3,0.7777777777777778,9,0.0,1,,0.0,1.0,1.0,0.0,1.0,0.0,1.0,1.0,1.0
89,22,Expe3,10,3,All,22,4,0.9259259259259259,27,0.6666666666666666,3,1.0,2.0,1.0,1.0,0.0,1.0,0.0,1.0,1.0,1.0
90,1,Expe3,11,2,All,1,1,0.8888888888888888,18,1.0,2,1.0,1.0,1.0,1.0,1.0,1.0,1.0,0.0,-1.0,1.0
90,2,Expe3,11,1,All,2,1,0.8888888888888888,9,1.0,1,,0.0,1.0,1.0,1.0,1.0,,,,
90,3,Expe3,11,4,All,3,1,0.4444444444444444,36,0.5,4,1.0,1.0,1.0,3.0,0.3333333333333333,3.0,3.2142857142857144,3.4285714285714284,0.21428571428571427,28.0
90,4,Expe3,11,5,All,4,1,0.4666666666666667,45,0.2,5,,0.0,0.6,5.0,0.2,5.0,2.466666666666667,1.8666666666666667,-0.6,30.0
90,5,Expe3,11,3,All,5,1,0.8888888888888888,27,1.0,3,1.0,2.0,1.0,1.0,1.0,1.0,0.0,0.0,0.0,2.0
90,6,Expe3,11,2,All,6,2,0.6666666666666666,18,0.0,2,,0.0,0.5,2.0,0.0,2.0,0.5,1.0,0.5,4.0
90,7,Expe3,11,3,All,7,2,0.7037037037037037,27,0.6666666666666666,3,,0.0,0.6666666666666666,3.0,0.6666666666666666,3.0,1.6,0.0,-1.6,5.0
90,8,Expe3,11,2,All,8,3,0.6470588235294118,17,0.0,2,,0.0,0.0,1.0,0.0,1.0,0.6,0.8,0.2,5.0
90,9,Expe3,11,6,All,9,1,0.6111111111111112,54,0.3333333333333333,6,0.6666666666666666,3.0,0.6666666666666666,3.0,0.0,3.0,2.5517241379310347,2.793103448275862,0.2413793103448276,29.0
90,10,Expe3,11,4,All,10,2,0.7222222222222222,36,0.5,4,0.5,2.0,1.0,2.0,0.5,2.0,0.625,0.5,-0.125,8.0
90,11,Expe3,11,1,All,11,2,1.0,9,1.0,1,1.0,1.0,,0.0,,0.0,,,,
90,12,Expe3,11,6,All,12,2,0.5740740740740741,54,0.6666666666666666,6,1.0,3.0,0.6666666666666666,3.0,0.3333333333333333,3.0,3.027027027027027,2.8378378378378377,-0.1891891891891892,37.0
90,13,Expe3,11,5,All,13,2,0.4888888888888889,45,0.4,5,,0.0,0.8,5.0,0.4,5.0,1.9523809523809523,2.142857142857143,0.19047619047619047,21.0
90,14,Expe3,11,2,All,14,4,0.8888888888888888,18,1.0,2,,0.0,1.0,2.0,1.0,2.0,,,,
90,15,Expe3,11,4,All,15,3,0.6666666666666666,36,0.5,4,1.0,1.0,1.0,3.0,0.3333333333333333,3.0,1.25,0.9166666666666666,-0.3333333333333333,12.0
90,16,Expe3,11,5,All,16,3,0.7333333333333333,45,0.6,5,1.0,1.0,0.75,4.0,0.5,4.0,0.8461538461538461,1.2307692307692308,0.38461538461538464,13.0
90,17,Expe3,11,3,All,17,3,0.7777777777777778,27,0.6666666666666666,3,,0.0,0.6666666666666666,3.0,0.6666666666666666,3.0,0.8,0.8,0.0,5.0
90,18,Expe3,11,2,All,18,5,0.6666666666666666,18,0.0,2,,0.0,1.0,2.0,0.0,2.0,0.8,1.0,0.2,5.0
90,19,Expe3,11,3,All,19,4,0.5925925925925926,27,0.0,3,0.0,1.0,0.0,2.0,0.0,2.0,1.0,1.0909090909090908,0.09090909090909091,11.0
90,20,Expe3,11,2,All,20,6,0.8333333333333334,18,1.0,2,,0.0,1.0,2.0,1.0,2.0,1.5,0.25,-1.25,4.0
90,21,Expe3,11,1,All,21,3,0.75,8,0.0,1,,0.0,1.0,1.0,0.0,1.0,0.0,1.0,1.0,1.0
90,22,Expe3,11,6,All,22,3,0.5185185185185185,54,0.3333333333333333,6,1.0,1.0,0.4,5.0,0.2,5.0,2.1,2.2666666666666666,0.16666666666666666,30.0
91,1,Expe3,12,4,All,1,1,0.8235294117647058,34,0.6666666666666666,3,1.0,1.0,0.5,2.0,0.5,2.0,0.6666666666666666,0.6666666666666666,0.0,3.0
91,2,Expe3,12,1,All,2,1,0.75,8,1.0,1,1.0,1.0,,0.0,,0.0,0.0,0.5,0.5,2.0
91,3,Expe3,12,3,All,3,1,0.8333333333333334,24,0.6666666666666666,3,,0.0,1.0,2.0,0.5,2.0,0.5,0.5,0.0,2.0
91,4,Expe3,12,2,All,4,1,0.8888888888888888,18,1.0,2,,0.0,1.0,2.0,1.0,2.0,,,,
91,5,Expe3,12,3,All,5,2,0.6923076923076923,26,0.5,2,1.0,1.0,1.0,1.0,0.0,1.0,1.1428571428571428,1.4285714285714286,0.2857142857142857,7.0
91,6,Expe3,12,5,All,6,1,0.5714285714285714,42,0.4,5,1.0,1.0,0.5,4.0,0.25,4.0,1.0666666666666667,1.6,0.5333333333333333,15.0
91,7,Expe3,12,6,All,7,1,0.8461538461538461,52,0.6666666666666666,6,1.0,2.0,0.75,4.0,0.5,4.0,0.5,0.75,0.25,4.0
91,8,Expe3,12,2,All,8,2,1.0,12,1.0,2,1.0,2.0,,0.0,,0.0,,,,
91,9,Expe3,12,2,All,9,3,0.8888888888888888,18,1.0,2,,0.0,1.0,2.0,1.0,2.0,,,,
91,10,Expe3,12,5,All,10,2,0.8604651162790697,43,0.6,5,1.0,3.0,1.0,1.0,0.0,1.0,0.2,0.6,0.4,5.0
91,11,Expe3,12,1,All,11,2,0.7777777777777778,9,0.0,1,,0.0,1.0,1.0,0.0,1.0,0.0,1.0,1.0,1.0
91,12,Expe3,12,4,All,12,2,0.8055555555555556,36,0.25,4,1.0,1.0,1.0,3.0,0.0,3.0,0.0,0.75,0.75,4.0
91,13,Expe3,12,6,All,13,2,0.75,52,0.6666666666666666,6,0.6666666666666666,3.0,1.0,3.0,0.6666666666666666,3.0,0.5454545454545454,0.8181818181818182,0.2727272727272727,11.0
91,14,Expe3,12,4,All,14,3,0.8571428571428571,35,0.75,4,1.0,1.0,1.0,3.0,0.6666666666666666,3.0,0.5,0.5,0.0,2.0
91,15,Expe3,12,3,All,15,3,0.8518518518518519,27,0.6666666666666666,3,1.0,1.0,1.0,2.0,0.5,2.0,0.5,1.0,0.5,2.0
91,16,Expe3,12,2,All,16,4,0.9444444444444444,18,0.5,2,0.5,2.0,,0.0,,0.0,0.0,0.0,0.0,1.0
91,17,Expe3,12,3,All,17,4,0.8518518518518519,27,0.6666666666666666,3,1.0,1.0,1.0,2.0,0.5,2.0,0.0,1.0,1.0,2.0
91,18,Expe3,12,5,All,18,3,0.8409090909090909,44,0.4,5,1.0,1.0,1.0,4.0,0.25,4.0,0.0,1.0,1.0,3.0
91,19,Expe3,12,6,All,19,3,0.7307692307692307,52,0.3333333333333333,6,1.0,2.0,0.6666666666666666,3.0,0.0,3.0,0.7272727272727273,1.0909090909090908,0.36363636363636365,11.0
91,20,Expe3,12,2,All,20,5,0.8333333333333334,18,0.5,2,,0.0,1.0,2.0,0.5,2.0,0.0,1.0,1.0,1.0
91,21,Expe3,12,1,All,21,3,0.8,5,1.0,1,,0.0,1.0,1.0,1.0,1.0,,,,
91,22,Expe3,12,2,All,22,6,0.8333333333333334,18,0.5,2,,0.0,1.0,2.0,0.5,2.0,0.0,1.0,1.0,1.0
92,1,Expe3,13,3,All,1,1,0.8518518518518519,27,0.6666666666666666,3,1.0,2.0,1.0,1.0,0.0,1.0,0.0,0.3333333333333333,0.3333333333333333,3.0
92,2,Expe3,13,1,All,2,1,0.7777777777777778,9,0.0,1,,0.0,1.0,1.0,0.0,1.0,0.0,1.0,1.0,1.0
92,3,Expe3,13,3,All,3,2,0.8148148148148148,27,0.6666666666666666,3,,0.0,1.0,3.0,0.6666666666666666,3.0,0.5,0.5,0.0,2.0
92,4,Expe3,13,4,All,4,1,0.7777777777777778,36,0.5,4,1.0,2.0,1.0,2.0,0.0,2.0,0.5,0.6666666666666666,0.16666666666666666,6.0
92,5,Expe3,13,6,All,5,1,0.5555555555555556,54,0.5,6,1.0,2.0,0.75,4.0,0.25,4.0,2.5806451612903225,2.161290322580645,-0.41935483870967744,31.0
92,6,Expe3,13,2,All,6,1,0.9444444444444444,18,1.0,2,1.0,1.0,1.0,1.0,1.0,1.0,0.0,0.5,0.5,2.0
92,7,Expe3,13,2,All,7,2,0.8333333333333334,18,0.5,2,,0.0,1.0,2.0,0.5,2.0,0.0,1.0,1.0,1.0
92,8,Expe3,13,5,All,8,1,0.7777777777777778,45,0.6,5,1.0,1.0,0.5,4.0,0.5,4.0,1.1666666666666667,0.16666666666666666,-1.0,6.0
92,9,Expe3,13,2,All,9,3,0.8333333333333334,18,1.0,2,1.0,1.0,1.0,1.0,1.0,1.0,0.5,0.0,-0.5,2.0
92,10,Expe3,13,6,All,10,2,0.7037037037037037,54,0.6666666666666666,6,1.0,3.0,0.6666666666666666,3.0,0.3333333333333333,3.0,2.0,1.0,-1.0,13.0
92,11,Expe3,13,1,All,11,2,1.0,9,1.0,1,1.0,1.0,,0.0,,0.0,,,,
92,12,Expe3,13,5,All,12,2,0.8666666666666667,45,0.8,5,1.0,3.0,1.0,2.0,0.5,2.0,0.25,0.75,0.5,4.0
92,13,Expe3,13,4,All,13,2,0.75,36,0.75,4,1.0,2.0,0.5,2.0,0.5,2.0,1.125,1.125,0.0,8.0
92,14,Expe3,13,3,All,14,3,0.8888888888888888,27,1.0,3,1.0,1.0,1.0,2.0,1.0,2.0,1.0,0.0,-1.0,1.0
92,15,Expe3,13,3,All,15,4,1.0,27,1.0,3,1.0,3.0,,0.0,,0.0,,,,
92,16,Expe3,13,4,All,16,3,0.7777777777777778,36,0.5,4,0.0,1.0,0.6666666666666666,3.0,0.6666666666666666,3.0,0.8,0.4,-0.4,5.0
92,17,Expe3,13,6,All,17,3,0.8703703703703703,54,0.6666666666666666,6,1.0,4.0,0.5,2.0,0.0,2.0,0.8,0.4,-0.4,5.0
92,18,Expe3,13,2,All,18,4,0.7222222222222222,18,0.5,2,1.0,1.0,1.0,1.0,0.0,1.0,0.5,0.5,0.0,4.0
92,19,Expe3,13,2,All,19,5,0.8333333333333334,18,0.5,2,,0.0,1.0,2.0,0.5,2.0,0.0,1.0,1.0,1.0
92,20,Expe3,13,5,All,20,3,0.7777777777777778,45,0.8,5,1.0,2.0,1.0,3.0,0.6666666666666666,3.0,0.7142857142857143,0.7142857142857143,0.0,7.0
92,21,Expe3,13,1,All,21,3,0.8888888888888888,9,1.0,1,,0.0,1.0,1.0,1.0,1.0,,,,
92,22,Expe3,13,2,All,22,6,0.7777777777777778,18,0.5,2,,0.0,1.0,2.0,0.5,2.0,0.5,1.0,0.5,2.0
93,1,Expe3,14,3,All,1,1,0.7777777777777778,27,0.6666666666666666,3,1.0,1.0,1.0,2.0,0.5,2.0,0.5,0.5,0.0,4.0
93,2,Expe3,14,1,All,2,1,0.8571428571428571,7,1.0,1,,0.0,1.0,1.0,1.0,1.0,,,,
93,3,Expe3,14,6,All,3,1,0.8301886792452831,53,0.6666666666666666,6,0.8,5.0,1.0,1.0,0.0,1.0,0.875,1.125,0.25,8.0
93,4,Expe3,14,3,All,4,2,0.8518518518518519,27,0.6666666666666666,3,1.0,1.0,1.0,2.0,0.5,2.0,0.0,0.5,0.5,2.0
93,5,Expe3,14,2,All,5,1,0.8888888888888888,18,1.0,2,1.0,1.0,1.0,1.0,1.0,1.0,0.0,1.0,1.0,1.0
93,6,Expe3,14,4,All,6,1,0.8,35,0.75,4,,0.0,0.75,4.0,0.75,4.0,0.6666666666666666,0.6666666666666666,0.0,3.0
93,7,Expe3,14,2,All,7,2,0.8666666666666667,15,0.5,2,1.0,1.0,1.0,1.0,0.0,1.0,0.0,1.0,1.0,1.0
93,8,Expe3,14,2,All,8,3,0.8333333333333334,18,1.0,2,,0.0,1.0,2.0,1.0,2.0,1.0,0.0,-1.0,1.0
93,9,Expe3,14,5,All,9,1,0.8666666666666667,45,0.6,5,1.0,3.0,1.0,2.0,0.0,2.0,0.25,0.75,0.5,4.0
93,10,Expe3,14,4,All,10,2,0.8888888888888888,36,0.75,4,1.0,2.0,1.0,2.0,0.5,2.0,1.0,1.0,0.0,3.0
93,11,Expe3,14,1,All,11,2,0.7777777777777778,9,0.0,1,,0.0,1.0,1.0,0.0,1.0,0.0,1.0,1.0,1.0
93,12,Expe3,14,6,All,12,2,0.8888888888888888,54,0.8333333333333334,6,1.0,3.0,1.0,3.0,0.6666666666666666,3.0,0.3333333333333333,1.0,0.6666666666666666,3.0
93,13,Expe3,14,5,All,13,2,0.6444444444444445,45,0.2,5,,0.0,0.8,5.0,0.2,5.0,1.1666666666666667,1.0,-0.16666666666666666,12.0
93,14,Expe3,14,3,All,14,3,0.9259259259259259,27,0.6666666666666666,3,1.0,2.0,1.0,1.0,0.0,1.0,0.0,1.0,1.0,1.0
93,15,Expe3,14,6,All,15,3,0.7592592592592593,54,0.3333333333333333,6,0.6666666666666666,3.0,0.6666666666666666,3.0,0.0,3.0,0.4,1.0,0.6,10.0
93,16,Expe3,14,3,All,16,4,0.8846153846153846,26,1.0,3,1.0,2.0,,0.0,,0.0,0.0,0.0,0.0,3.0
93,17,Expe3,14,2,All,17,4,0.7777777777777778,18,0.5,2,,0.0,1.0,2.0,0.5,2.0,0.5,0.5,0.0,2.0
93,18,Expe3,14,4,All,18,3,0.8571428571428571,35,0.5,4,0.5,2.0,0.5,2.0,0.5,2.0,1.0,0.0,-1.0,3.0
93,19,Expe3,14,2,All,19,5,0.6666666666666666,18,0.0,2,,0.0,1.0,2.0,0.0,2.0,0.5,1.25,0.75,4.0
93,20,Expe3,14,2,All,20,6,0.9444444444444444,18,1.0,2,1.0,2.0,,0.0,,0.0,0.0,0.0,0.0,1.0
93,21,Expe3,14,1,All,21,3,0.8888888888888888,9,1.0,1,,0.0,1.0,1.0,1.0,1.0,,,,
93,22,Expe3,14,5,All,22,3,0.8444444444444444,45,0.6,5,0.6666666666666666,3.0,1.0,2.0,0.5,2.0,0.4,0.8,0.4,5.0
94,1,Expe3,15,2,All,1,1,0.7647058823529411,17,0.5,2,,0.0,1.0,1.0,1.0,1.0,0.0,0.6666666666666666,0.6666666666666666,3.0
94,2,Expe3,15,1,All,2,1,1.0,9,1.0,1,1.0,1.0,,0.0,,0.0,,,,
94,3,Expe3,15,6,All,3,1,0.7169811320754716,53,0.8333333333333334,6,1.0,3.0,0.6666666666666666,3.0,0.6666666666666666,3.0,1.8888888888888888,2.388888888888889,0.5,18.0
94,4,Expe3,15,2,All,4,2,0.8333333333333334,18,1.0,2,,0.0,1.0,2.0,1.0,2.0,1.0,0.0,-1.0,1.0
94,5,Expe3,15,5,All,5,1,0.7333333333333333,45,0.6,5,,0.0,1.0,5.0,0.6,5.0,0.42857142857142855,1.0,0.5714285714285714,7.0
94,6,Expe3,15,3,All,6,1,0.8518518518518519,27,1.0,3,,0.0,1.0,3.0,1.0,3.0,1.0,0.0,-1.0,1.0
94,7,Expe3,15,4,All,7,1,0.75,36,0.75,4,1.0,1.0,0.6666666666666666,3.0,0.6666666666666666,3.0,0.8333333333333334,1.1666666666666667,0.3333333333333333,6.0
94,8,Expe3,15,2,All,8,3,0.7777777777777778,18,0.5,2,,0.0,0.5,2.0,0.5,2.0,0.5,1.0,0.5,2.0
94,9,Expe3,15,3,All,9,2,0.8518518518518519,27,0.3333333333333333,3,0.5,2.0,1.0,1.0,0.0,1.0,0.0,0.6666666666666666,0.6666666666666666,3.0
94,10,Expe3,15,4,All,10,2,0.8611111111111112,36,0.5,4,0.5,2.0,1.0,2.0,0.5,2.0,0.0,0.3333333333333333,0.3333333333333333,3.0
94,11,Expe3,15,1,All,11,2,0.8571428571428571,7,1.0,1,,0.0,1.0,1.0,1.0,1.0,,,,
94,12,Expe3,15,6,All,12,2,0.9444444444444444,54,1.0,6,1.0,3.0,1.0,3.0,1.0,3.0,,,,
94,13,Expe3,15,5,All,13,2,0.9111111111111111,45,0.8,5,1.0,2.0,1.0,3.0,0.6666666666666666,3.0,0.0,1.0,1.0,1.0
94,14,Expe3,15,2,All,14,4,0.9444444444444444,18,1.0,2,1.0,1.0,1.0,1.0,1.0,1.0,,,,
94,15,Expe3,15,6,All,15,3,0.7358490566037735,53,0.5,6,,0.0,0.6666666666666666,6.0,0.5,6.0,0.75,0.875,0.125,8.0
94,16,Expe3,15,2,All,16,5,0.9444444444444444,18,1.0,2,1.0,1.0,1.0,1.0,1.0,1.0,,,,
94,17,Expe3,15,5,All,17,3,0.7727272727272727,44,0.6,5,1.0,1.0,0.5,4.0,0.5,4.0,0.75,1.125,0.375,8.0
94,18,Expe3,15,3,All,18,3,0.9259259259259259,27,1.0,3,1.0,2.0,1.0,1.0,1.0,1.0,1.0,0.0,-1.0,1.0
94,19,Expe3,15,4,All,19,3,0.8888888888888888,36,0.75,4,1.0,2.0,1.0,2.0,0.5,2.0,0.0,0.5,0.5,2.0
94,20,Expe3,15,2,All,20,6,1.0,18,1.0,2,1.0,2.0,,0.0,,0.0,,,,
94,21,Expe3,15,1,All,21,3,0.75,8,0.0,1,,0.0,1.0,1.0,0.0,1.0,0.0,1.0,1.0,1.0
94,22,Expe3,15,3,All,22,4,0.8148148148148148,27,0.6666666666666666,3,1.0,1.0,1.0,2.0,0.5,2.0,0.3333333333333333,1.0,0.6666666666666666,3.0
95,1,Expe3,16,6,All,1,1,0.5306122448979592,49,0.75,4,1.0,1.0,1.0,3.0,0.6666666666666666,3.0,1.75,1.6071428571428572,-0.14285714285714285,28.0
95,2,Expe3,16,1,All,2,1,1.0,9,1.0,1,1.0,1.0,,0.0,,0.0,,,,
95,3,Expe3,16,5,All,3,1,0.5116279069767442,43,0.4,5,1.0,1.0,0.5,4.0,0.25,4.0,1.8888888888888888,0.7777777777777778,-1.1111111111111112,18.0
95,4,Expe3,16,2,All,4,1,0.8888888888888888,18,1.0,2,1.0,1.0,1.0,1.0,1.0,1.0,0.0,0.0,0.0,1.0
95,5,Expe3,16,4,All,5,1,0.6857142857142857,35,0.25,4,,0.0,0.75,4.0,0.25,4.0,1.0,0.5714285714285714,-0.42857142857142855,7.0
95,6,Expe3,16,2,All,6,2,0.8888888888888888,18,1.0,2,,0.0,1.0,2.0,1.0,2.0,,,,
95,7,Expe3,16,3,All,7,1,0.7307692307692307,26,0.3333333333333333,3,,0.0,0.5,2.0,0.0,2.0,0.6,1.2,0.6,5.0
95,8,Expe3,16,3,All,8,2,0.9629629629629629,27,1.0,3,1.0,2.0,1.0,1.0,1.0,1.0,,,,
95,9,Expe3,16,2,All,9,3,0.8823529411764706,17,1.0,2,1.0,1.0,1.0,1.0,1.0,1.0,0.0,0.0,0.0,1.0
95,10,Expe3,16,5,All,10,2,0.813953488372093,43,0.4,5,1.0,1.0,0.75,4.0,0.25,4.0,0.25,0.75,0.5,4.0
95,11,Expe3,16,1,All,11,2,0.75,8,0.0,1,,,,,,,0.0,0.5,0.5,2.0
95,12,Expe3,16,6,All,12,2,0.9074074074074074,54,0.6666666666666666,6,1.0,3.0,1.0,3.0,0.3333333333333333,3.0,0.0,1.0,1.0,2.0
95,13,Expe3,16,4,All,13,2,0.8055555555555556,36,0.5,4,1.0,1.0,1.0,3.0,0.3333333333333333,3.0,0.25,0.75,0.5,4.0
95,14,Expe3,16,6,All,14,3,0.48148148148148145,54,0.5,6,0.5,2.0,0.5,4.0,0.5,4.0,1.2083333333333333,1.7083333333333333,0.5,24.0
95,15,Expe3,16,5,All,15,3,0.7954545454545454,44,0.4,5,,0.0,1.0,5.0,0.4,5.0,0.25,1.0,0.75,4.0
95,16,Expe3,16,2,All,16,4,0.8823529411764706,17,0.5,2,0.5,2.0,,0.0,,0.0,0.0,0.5,0.5,2.0
95,17,Expe3,16,4,All,17,3,0.9393939393939394,33,0.6666666666666666,3,1.0,2.0,0.0,1.0,0.0,1.0,1.0,0.0,-1.0,1.0
95,18,Expe3,16,2,All,18,5,0.7647058823529411,17,0.5,2,,0.0,1.0,1.0,0.0,1.0,0.3333333333333333,0.6666666666666666,0.3333333333333333,3.0
95,19,Expe3,16,3,All,19,3,0.8518518518518519,27,0.3333333333333333,3,1.0,1.0,1.0,2.0,0.0,2.0,0.0,1.0,1.0,2.0
95,20,Expe3,16,3,All,20,4,0.9259259259259259,27,1.0,3,1.0,2.0,1.0,1.0,1.0,1.0,0.0,0.0,0.0,1.0
95,21,Expe3,16,1,All,21,3,0.8888888888888888,9,1.0,1,,0.0,1.0,1.0,1.0,1.0,,,,
95,22,Expe3,16,2,All,22,6,0.5882352941176471,17,0.0,2,,0.0,1.0,2.0,0.0,2.0,0.8,1.0,0.2,5.0
96,1,Expe3,17,5,All,1,1,0.8409090909090909,44,0.6,5,1.0,2.0,1.0,3.0,0.3333333333333333,3.0,0.5,0.75,0.25,4.0
96,2,Expe3,17,1,All,2,1,0.7777777777777778,9,0.0,1,,0.0,1.0,1.0,0.0,1.0,0.0,1.0,1.0,1.0
96,3,Expe3,17,4,All,3,1,0.8888888888888888,36,1.0,4,1.0,2.0,1.0,2.0,1.0,2.0,0.5,0.0,-0.5,2.0
96,4,Expe3,17,6,All,4,1,0.6730769230769231,52,0.4,5,1.0,1.0,0.75,4.0,0.25,4.0,0.7692307692307693,0.8461538461538461,0.07692307692307693,13.0
96,5,Expe3,17,3,All,5,1,0.8888888888888888,27,0.6666666666666666,3,1.0,1.0,1.0,2.0,0.5,2.0,0.0,1.0,1.0,1.0
96,6,Expe3,17,2,All,6,1,0.8333333333333334,18,0.0,2,0.0,1.0,1.0,1.0,0.0,1.0,0.0,0.5,0.5,2.0
96,7,Expe3,17,2,All,7,2,0.8888888888888888,18,1.0,2,,0.0,1.0,2.0,1.0,2.0,,,,
96,8,Expe3,17,2,All,8,3,0.8333333333333334,18,0.0,2,0.0,1.0,1.0,1.0,0.0,1.0,0.0,0.5,0.5,2.0
96,9,Expe3,17,3,All,9,2,0.8518518518518519,27,0.6666666666666666,3,1.0,1.0,1.0,2.0,0.5,2.0,0.0,0.5,0.5,2.0
96,10,Expe3,17,4,All,10,2,0.7428571428571429,35,0.5,4,,0.0,0.75,4.0,0.5,4.0,1.2,0.6,-0.6,5.0
96,11,Expe3,17,1,All,11,2,0.7777777777777778,9,0.0,1,,0.0,1.0,1.0,0.0,1.0,0.0,1.0,1.0,1.0
96,12,Expe3,17,5,All,12,2,0.8,45,0.4,5,1.0,1.0,1.0,4.0,0.25,4.0,0.4,1.0,0.6,5.0
96,13,Expe3,17,6,All,13,2,0.6274509803921569,51,0.6666666666666666,6,1.0,1.0,0.8,5.0,0.6,5.0,1.5333333333333334,1.0666666666666667,-0.4666666666666667,15.0
96,14,Expe3,17,5,All,14,3,0.8409090909090909,44,0.8,5,1.0,3.0,1.0,2.0,0.5,2.0,0.2,0.2,0.0,5.0
96,15,Expe3,17,4,All,15,3,0.9166666666666666,36,1.0,4,1.0,2.0,1.0,2.0,1.0,2.0,1.0,0.0,-1.0,1.0
96,16,Expe3,17,6,All,16,3,0.7254901960784313,51,0.8,5,0.75,4.0,1.0,1.0,1.0,1.0,0.8333333333333334,1.1666666666666667,0.3333333333333333,12.0
96,17,Expe3,17,3,All,17,3,0.9259259259259259,27,0.6666666666666666,3,1.0,2.0,1.0,1.0,0.0,1.0,0.0,1.0,1.0,1.0
96,18,Expe3,17,2,All,18,4,0.8888888888888888,18,1.0,2,,0.0,1.0,2.0,1.0,2.0,,,,
96,19,Expe3,17,2,All,19,5,0.9444444444444444,18,1.0,2,1.0,1.0,1.0,1.0,1.0,1.0,,,,
96,20,Expe3,17,2,All,20,6,0.8888888888888888,18,1.0,2,1.0,1.0,1.0,1.0,1.0,1.0,1.0,0.0,-1.0,1.0
96,21,Expe3,17,1,All,21,3,0.8888888888888888,9,1.0,1,,0.0,1.0,1.0,1.0,1.0,,,,
96,22,Expe3,17,3,All,22,4,0.7692307692307693,26,0.0,3,0.0,1.0,1.0,2.0,0.0,2.0,0.25,0.75,0.5,4.0
97,1,Expe3,18,4,All,1,1,0.9142857142857143,35,1.0,3,1.0,1.0,1.0,2.0,1.0,2.0,,,,
97,2,Expe3,18,1,All,2,1,0.7777777777777778,9,0.0,1,,0.0,0.0,1.0,0.0,1.0,1.0,0.0,-1.0,1.0
97,3,Expe3,18,3,All,3,1,0.8518518518518519,27,0.6666666666666666,3,1.0,1.0,1.0,2.0,0.5,2.0,0.0,1.0,1.0,2.0
97,4,Expe3,18,5,All,4,1,0.8666666666666667,45,0.8,5,1.0,3.0,0.5,2.0,0.5,2.0,0.75,0.75,0.0,4.0
97,5,Expe3,18,2,All,5,1,0.8888888888888888,18,1.0,2,,0.0,1.0,2.0,1.0,2.0,,,,
97,6,Expe3,18,6,All,6,1,0.6538461538461539,52,0.5,6,1.0,1.0,1.0,5.0,0.4,5.0,1.0714285714285714,1.2857142857142858,0.21428571428571427,14.0
97,7,Expe3,18,3,All,7,2,0.9259259259259259,27,1.0,3,1.0,2.0,1.0,1.0,1.0,1.0,0.0,0.0,0.0,1.0
97,8,Expe3,18,2,All,8,2,0.8235294117647058,17,0.0,2,0.0,1.0,1.0,1.0,0.0,1.0,0.0,0.5,0.5,2.0
97,9,Expe3,18,2,All,9,3,0.8888888888888888,18,1.0,2,1.0,1.0,1.0,1.0,1.0,1.0,0.0,1.0,1.0,1.0
97,10,Expe3,18,4,All,10,2,0.8055555555555556,36,0.25,4,1.0,1.0,0.6666666666666666,3.0,0.0,3.0,0.5,0.75,0.25,4.0
97,11,Expe3,18,1,All,11,2,0.8888888888888888,9,1.0,1,,0.0,1.0,1.0,1.0,1.0,,,,
97,12,Expe3,18,6,All,12,2,0.6730769230769231,52,0.6,5,1.0,2.0,1.0,2.0,0.0,2.0,1.5,2.0714285714285716,0.5714285714285714,14.0
97,13,Expe3,18,5,All,13,2,0.4772727272727273,44,0.2,5,,0.0,1.0,5.0,0.2,5.0,1.3333333333333333,1.3333333333333333,0.0,18.0
97,14,Expe3,18,4,All,14,3,0.8571428571428571,35,1.0,3,1.0,1.0,1.0,2.0,1.0,2.0,0.0,0.5,0.5,2.0
97,15,Expe3,18,3,All,15,3,0.9259259259259259,27,1.0,3,1.0,1.0,1.0,2.0,1.0,2.0,,,,
97,16,Expe3,18,5,All,16,3,0.7272727272727273,44,0.5,4,1.0,1.0,1.0,3.0,0.3333333333333333,3.0,0.625,1.125,0.5,8.0
97,17,Expe3,18,2,All,17,4,0.9444444444444444,18,1.0,2,1.0,2.0,,0.0,,0.0,0.0,0.0,0.0,1.0
97,18,Expe3,18,6,All,18,3,0.8113207547169812,53,0.6,5,0.5,2.0,1.0,3.0,0.6666666666666666,3.0,1.0,0.8571428571428571,-0.14285714285714285,7.0
97,19,Expe3,18,3,All,19,4,0.9259259259259259,27,1.0,3,1.0,1.0,1.0,2.0,1.0,2.0,,,,
97,20,Expe3,18,2,All,20,5,0.8333333333333334,18,0.5,2,0.0,1.0,1.0,1.0,1.0,1.0,0.5,0.0,-0.5,2.0
97,21,Expe3,18,1,All,21,3,1.0,9,1.0,1,1.0,1.0,,0.0,,0.0,,,,
97,22,Expe3,18,2,All,22,6,0.7777777777777778,18,0.5,2,,0.0,0.5,2.0,0.5,2.0,1.0,0.0,-1.0,2.0
98,1,Expe3,19,3,All,1,1,0.7777777777777778,27,0.3333333333333333,3,,0.0,0.6666666666666666,3.0,0.3333333333333333,3.0,0.6666666666666666,0.6666666666666666,0.0,3.0
98,2,Expe3,19,1,All,2,1,0.8888888888888888,9,1.0,1,,0.0,1.0,1.0,1.0,1.0,,,,
98,3,Expe3,19,2,All,3,1,0.7777777777777778,18,0.0,2,0.0,1.0,1.0,1.0,0.0,1.0,0.3333333333333333,0.3333333333333333,0.0,3.0
98,4,Expe3,19,4,All,4,1,0.7142857142857143,21,0.5,4,1.0,1.0,0.3333333333333333,3.0,0.3333333333333333,3.0,1.3333333333333333,0.0,-1.3333333333333333,3.0
98,5,Expe3,19,3,All,5,2,0.3333333333333333,21,,,,,,,,,1.0666666666666667,1.2,0.13333333333333333,15.0
98,6,Expe3,19,5,All,6,1,0.7142857142857143,42,0.3333333333333333,3,0.5,2.0,1.0,1.0,0.0,1.0,2.588235294117647,0.17647058823529413,-2.411764705882353,17.0
98,7,Expe3,19,2,All,7,2,0.8666666666666667,15,0.5,2,1.0,1.0,,0.0,,0.0,0.0,0.5,0.5,2.0
98,8,Expe3,19,6,All,8,1,0.66,50,0.75,4,1.0,2.0,1.0,2.0,0.5,2.0,1.5,1.7272727272727273,0.22727272727272727,22.0
98,9,Expe3,19,2,All,9,3,0.47058823529411764,17,0.0,2,,0.0,0.0,1.0,0.0,1.0,1.4,1.3,-0.1,10.0
98,10,Expe3,19,4,All,10,2,0.5,32,1.0,3,1.0,2.0,1.0,1.0,1.0,1.0,1.3181818181818181,1.5,0.18181818181818182,22.0
98,11,Expe3,19,1,All,11,2,1.0,6,1.0,1,,,,,,,,,,
98,12,Expe3,19,6,All,12,2,0.40476190476190477,42,0.4,5,,0.0,0.4,5.0,0.4,5.0,1.837837837837838,1.9189189189189189,0.08108108108108109,37.0
98,13,Expe3,19,5,All,13,2,0.4857142857142857,35,0.25,4,1.0,1.0,1.0,2.0,0.0,2.0,1.5384615384615385,2.0,0.46153846153846156,26.0
98,14,Expe3,19,3,All,14,3,0.6,20,0.6666666666666666,3,1.0,1.0,0.0,1.0,0.0,1.0,1.2857142857142858,0.0,-1.2857142857142858,7.0
98,15,Expe3,19,2,All,15,4,0.8823529411764706,17,1.0,2,1.0,2.0,,0.0,,0.0,0.0,0.0,0.0,2.0
98,16,Expe3,19,4,All,16,3,0.2962962962962963,27,0.5,2,,0.0,1.0,2.0,0.5,2.0,1.8181818181818181,2.1818181818181817,0.36363636363636365,22.0
98,17,Expe3,19,3,All,17,4,0.5217391304347826,23,1.0,2,,0.0,1.0,2.0,1.0,2.0,1.8333333333333333,1.75,-0.08333333333333333,12.0
98,18,Expe3,19,5,All,18,3,0.4864864864864865,37,0.25,4,0.5,2.0,1.0,2.0,0.0,2.0,1.4814814814814814,1.8148148148148149,0.3333333333333333,27.0
98,19,Expe3,19,2,All,19,5,0.7333333333333333,15,0.5,2,1.0,1.0,1.0,1.0,0.0,1.0,1.0,1.5,0.5,4.0
98,20,Expe3,19,6,All,20,3,0.4857142857142857,35,0.5,4,0.0,1.0,,0.0,,0.0,1.0606060606060606,1.3333333333333333,0.2727272727272727,33.0
98,21,Expe3,19,1,All,21,3,1.0,8,1.0,1,1.0,1.0,,0.0,,0.0,,,,
98,22,Expe3,19,2,All,22,6,0.8235294117647058,17,0.5,2,1.0,1.0,1.0,1.0,0.0,1.0,0.8,0.6,-0.2,5.0
99,1,Expe3,20,2,All,1,1,0.9444444444444444,18,1.0,2,1.0,1.0,1.0,1.0,1.0,1.0,,,,
99,2,Expe3,20,1,All,2,1,1.0,9,1.0,1,1.0,1.0,,0.0,,0.0,,,,
99,3,Expe3,20,3,All,3,1,0.9259259259259259,27,1.0,3,1.0,2.0,1.0,1.0,1.0,1.0,0.0,0.0,0.0,1.0
99,4,Expe3,20,3,All,4,2,0.9259259259259259,27,1.0,3,1.0,2.0,1.0,1.0,1.0,1.0,0.0,1.0,1.0,1.0
99,5,Expe3,20,2,All,5,2,0.7647058823529411,17,0.0,2,,0.0,1.0,2.0,0.0,2.0,0.0,1.0,1.0,2.0
99,6,Expe3,20,4,All,6,1,0.9166666666666666,36,1.0,4,1.0,2.0,1.0,2.0,1.0,2.0,0.0,0.0,0.0,1.0
99,7,Expe3,20,2,All,7,3,0.9444444444444444,18,1.0,2,1.0,1.0,1.0,1.0,1.0,1.0,,,,
99,8,Expe3,20,5,All,8,1,0.8636363636363636,44,0.75,4,1.0,2.0,1.0,2.0,0.5,2.0,0.5,0.5,0.0,4.0
99,9,Expe3,20,6,All,9,1,0.4339622641509434,53,0.3333333333333333,6,0.5,2.0,0.25,4.0,0.25,4.0,2.3125,1.46875,-0.84375,32.0
99,10,Expe3,20,4,All,10,2,0.8055555555555556,36,0.75,4,,0.0,1.0,4.0,0.75,4.0,0.3333333333333333,1.0,0.6666666666666666,3.0
99,11,Expe3,20,1,All,11,2,0.7777777777777778,9,0.0,1,,0.0,1.0,1.0,0.0,1.0,0.0,1.0,1.0,1.0
99,12,Expe3,20,5,All,12,2,0.5909090909090909,44,0.2,5,0.0,1.0,0.75,4.0,0.25,4.0,1.1333333333333333,1.0666666666666667,-0.06666666666666667,15.0
99,13,Expe3,20,6,All,13,2,0.8703703703703703,54,0.6666666666666666,6,1.0,2.0,1.0,4.0,0.5,4.0,0.0,1.0,1.0,3.0
99,14,Expe3,20,2,All,14,4,0.9444444444444444,18,1.0,2,1.0,2.0,,0.0,,0.0,0.0,0.0,0.0,1.0
99,15,Expe3,20,3,All,15,3,0.8888888888888888,27,0.6666666666666666,3,1.0,1.0,1.0,2.0,0.5,2.0,0.0,1.0,1.0,1.0
99,16,Expe3,20,3,All,16,4,0.7777777777777778,27,0.3333333333333333,3,,0.0,1.0,3.0,0.3333333333333333,3.0,0.3333333333333333,1.0,0.6666666666666666,3.0
99,17,Expe3,20,2,All,17,5,0.7777777777777778,18,0.5,2,,0.0,1.0,2.0,0.5,2.0,0.0,1.0,1.0,2.0
99,18,Expe3,20,4,All,18,3,0.8055555555555556,36,0.5,4,1.0,1.0,1.0,3.0,0.3333333333333333,3.0,0.25,1.0,0.75,4.0
99,19,Expe3,20,2,All,19,6,0.8333333333333334,18,0.5,2,,0.0,1.0,2.0,0.5,2.0,0.0,1.0,1.0,1.0
99,20,Expe3,20,5,All,20,3,0.7045454545454546,44,0.6,5,1.0,1.0,0.75,4.0,0.5,4.0,0.8888888888888888,1.1111111111111112,0.2222222222222222,9.0
99,21,Expe3,20,1,All,21,3,0.8571428571428571,7,1.0,1,,0.0,1.0,1.0,1.0,1.0,,,,
99,22,Expe3,20,6,All,22,3,0.660377358490566,53,0.2,5,0.0,1.0,0.75,4.0,0.25,4.0,1.0714285714285714,0.9285714285714286,-0.14285714285714285,14.0
100,1,Expe3,21,3,All,1,1,1.0,27,1.0,3,1.0,3.0,,0.0,,0.0,,,,
100,2,Expe3,21,1,All,2,1,0.7777777777777778,9,0.0,1,,0.0,1.0,1.0,0.0,1.0,0.0,1.0,1.0,1.0
100,3,Expe3,21,2,All,3,1,0.7777777777777778,18,0.5,2,,0.0,1.0,2.0,0.5,2.0,0.5,1.0,0.5,2.0
100,4,Expe3,21,2,All,4,2,0.9411764705882353,17,1.0,2,1.0,1.0,1.0,1.0,1.0,1.0,,,,
100,5,Expe3,21,2,All,5,3,0.8888888888888888,18,0.5,2,1.0,1.0,1.0,1.0,0.0,1.0,0.0,1.0,1.0,1.0
100,6,Expe3,21,3,All,6,2,0.8888888888888888,27,1.0,3,1.0,1.0,1.0,2.0,1.0,2.0,0.0,1.0,1.0,1.0
100,7,Expe3,21,6,All,7,1,0.5471698113207547,53,0.5,6,1.0,2.0,0.6666666666666666,3.0,0.3333333333333333,3.0,1.3181818181818181,1.7727272727272727,0.45454545454545453,22.0
100,8,Expe3,21,4,All,8,1,0.8055555555555556,36,0.25,4,1.0,1.0,1.0,3.0,0.0,3.0,0.25,1.0,0.75,4.0
100,9,Expe3,21,5,All,9,1,0.7142857142857143,42,0.6666666666666666,3,,0.0,1.0,3.0,0.6666666666666666,3.0,0.8571428571428571,0.8571428571428571,0.0,7.0
100,10,Expe3,21,6,All,10,2,0.42592592592592593,54,0.5,6,0.5,2.0,0.5,4.0,0.5,4.0,1.65625,1.5,-0.15625,32.0
100,11,Expe3,21,1,All,11,2,1.0,9,1.0,1,1.0,1.0,,0.0,,0.0,,,,
100,12,Expe3,21,4,All,12,2,0.9166666666666666,36,1.0,4,1.0,2.0,1.0,2.0,1.0,2.0,0.0,0.0,0.0,1.0
100,13,Expe3,21,5,All,13,2,0.9333333333333333,45,1.0,5,1.0,2.0,1.0,3.0,1.0,3.0,,,,
100,14,Expe3,21,3,All,14,3,0.8518518518518519,27,0.6666666666666666,3,,0.0,1.0,3.0,0.6666666666666666,3.0,0.0,1.0,1.0,1.0
100,15,Expe3,21,2,All,15,4,0.9444444444444444,18,1.0,2,1.0,2.0,,0.0,,0.0,0.0,0.0,0.0,1.0
100,16,Expe3,21,2,All,16,5,0.8333333333333334,18,0.5,2,,0.0,1.0,2.0,0.5,2.0,0.0,1.0,1.0,1.0
100,17,Expe3,21,2,All,17,6,0.7777777777777778,18,0.5,2,,0.0,1.0,2.0,0.5,2.0,0.5,1.0,0.5,2.0
100,18,Expe3,21,3,All,18,4,1.0,27,1.0,3,1.0,3.0,,0.0,,0.0,,,,
100,19,Expe3,21,6,All,19,3,0.8518518518518519,54,0.5,6,1.0,2.0,1.0,4.0,0.25,4.0,0.25,1.0,0.75,4.0
100,20,Expe3,21,4,All,20,3,0.8055555555555556,36,0.5,4,1.0,1.0,1.0,3.0,0.3333333333333333,3.0,0.25,1.0,0.75,4.0
100,21,Expe3,21,1,All,21,3,0.8888888888888888,9,1.0,1,,0.0,1.0,1.0,1.0,1.0,,,,
100,22,Expe3,21,5,All,22,3,0.8666666666666667,45,0.8,5,1.0,1.0,1.0,4.0,0.75,4.0,0.5,0.5,0.0,2.0
101,1,Expe3,22,2,All,1,1,1.0,18,1.0,2,1.0,2.0,,0.0,,0.0,,,,
101,2,Expe3,22,1,All,2,1,0.8888888888888888,9,1.0,1,,0.0,1.0,1.0,1.0,1.0,,,,
101,3,Expe3,22,2,All,3,2,0.75,16,0.0,2,,0.0,1.0,2.0,0.0,2.0,0.0,1.0,1.0,2.0
101,4,Expe3,22,3,All,4,1,1.0,27,1.0,3,1.0,3.0,,0.0,,0.0,,,,
101,5,Expe3,22,6,All,5,1,0.42,50,0.4,5,0.5,2.0,0.3333333333333333,3.0,0.3333333333333333,3.0,1.625,1.46875,-0.15625,32.0
101,6,Expe3,22,2,All,6,3,1.0,18,1.0,2,1.0,2.0,,0.0,,0.0,,,,
101,7,Expe3,22,5,All,7,1,0.8444444444444444,45,0.8,5,1.0,1.0,1.0,4.0,0.75,4.0,0.3333333333333333,1.0,0.6666666666666666,3.0
101,8,Expe3,22,3,All,8,2,0.8148148148148148,27,0.3333333333333333,3,,0.0,1.0,3.0,0.3333333333333333,3.0,0.0,1.0,1.0,2.0
101,9,Expe3,22,4,All,9,1,0.8611111111111112,36,0.5,4,1.0,2.0,1.0,2.0,0.0,2.0,0.0,0.6666666666666666,0.6666666666666666,3.0
101,10,Expe3,22,5,All,10,2,0.9111111111111111,45,0.8,5,1.0,3.0,1.0,2.0,0.5,2.0,0.3333333333333333,0.6666666666666666,0.3333333333333333,3.0
101,11,Expe3,22,1,All,11,2,1.0,7,1.0,1,1.0,1.0,,0.0,,0.0,,,,
101,12,Expe3,22,6,All,12,2,0.8703703703703703,54,0.8333333333333334,6,1.0,2.0,1.0,4.0,0.75,4.0,0.3333333333333333,1.0,0.6666666666666666,3.0
101,13,Expe3,22,4,All,13,2,0.8888888888888888,36,0.75,4,1.0,1.0,1.0,3.0,0.6666666666666666,3.0,0.0,1.0,1.0,1.0
101,14,Expe3,22,2,All,14,4,0.9444444444444444,18,1.0,2,1.0,1.0,1.0,1.0,1.0,1.0,,,,
101,15,Expe3,22,2,All,15,5,0.8333333333333334,18,0.5,2,,0.0,1.0,2.0,0.5,2.0,0.0,1.0,1.0,1.0
101,16,Expe3,22,3,All,16,3,0.8518518518518519,27,0.6666666666666666,3,1.0,1.0,1.0,2.0,0.5,2.0,0.5,1.0,0.5,2.0
101,17,Expe3,22,6,All,17,3,0.8301886792452831,53,0.6666666666666666,6,1.0,2.0,1.0,4.0,0.5,4.0,0.4,1.0,0.6,5.0
101,18,Expe3,22,2,All,18,6,0.9444444444444444,18,1.0,2,1.0,1.0,1.0,1.0,1.0,1.0,,,,
101,19,Expe3,22,5,All,19,3,0.8222222222222222,45,0.4,5,1.0,2.0,1.0,3.0,0.0,3.0,0.0,0.6,0.6,5.0
101,20,Expe3,22,3,All,20,4,0.9629629629629629,27,1.0,3,1.0,2.0,1.0,1.0,1.0,1.0,,,,
101,21,Expe3,22,1,All,21,3,1.0,6,1.0,1,1.0,1.0,,0.0,,0.0,,,,
101,22,Expe3,22,4,All,22,3,0.8611111111111112,36,0.75,4,,0.0,1.0,4.0,0.75,4.0,0.0,1.0,1.0,1.0
102,1,Expe3,23,2,All,1,1,0.8235294117647058,17,0.0,2,,0.0,1.0,1.0,0.0,1.0,0.0,0.5,0.5,2.0
102,2,Expe3,23,1,All,2,1,0.7777777777777778,9,0.0,1,,0.0,1.0,1.0,0.0,1.0,0.0,1.0,1.0,1.0
102,3,Expe3,23,4,All,3,1,0.8857142857142857,35,0.75,4,1.0,3.0,1.0,1.0,0.0,1.0,0.3333333333333333,0.6666666666666666,0.3333333333333333,3.0
102,4,Expe3,23,3,All,4,1,0.8518518518518519,27,0.6666666666666666,3,1.0,1.0,0.5,2.0,0.5,2.0,0.5,0.0,-0.5,2.0
102,5,Expe3,23,3,All,5,2,0.7777777777777778,27,0.6666666666666666,3,,0.0,0.6666666666666666,3.0,0.6666666666666666,3.0,0.6666666666666666,0.6666666666666666,0.0,3.0
102,6,Expe3,23,5,All,6,1,0.9111111111111111,45,1.0,5,1.0,3.0,1.0,2.0,1.0,2.0,0.5,0.0,-0.5,2.0
102,7,Expe3,23,2,All,7,2,0.8888888888888888,18,0.5,2,1.0,1.0,1.0,1.0,0.0,1.0,0.0,1.0,1.0,1.0
102,8,Expe3,23,2,All,8,3,0.47058823529411764,17,0.0,2,,0.0,0.5,2.0,0.0,2.0,1.0,1.2857142857142858,0.2857142857142857,7.0
102,9,Expe3,23,6,All,9,1,0.8703703703703703,54,1.0,6,1.0,4.0,1.0,2.0,1.0,2.0,1.0,0.5714285714285714,-0.42857142857142855,7.0
102,10,Expe3,23,4,All,10,2,0.8888888888888888,36,0.75,4,1.0,1.0,0.6666666666666666,3.0,0.6666666666666666,3.0,1.0,0.0,-1.0,1.0
102,11,Expe3,23,1,All,11,2,0.8571428571428571,7,1.0,1,,0.0,1.0,1.0,1.0,1.0,,,,
102,12,Expe3,23,5,All,12,2,0.9318181818181818,44,0.8,5,1.0,4.0,0.0,1.0,0.0,1.0,0.5,0.0,-0.5,2.0
102,13,Expe3,23,6,All,13,2,0.8148148148148148,54,0.6666666666666666,6,1.0,3.0,1.0,3.0,0.3333333333333333,3.0,1.0,1.4285714285714286,0.42857142857142855,7.0
102,14,Expe3,23,2,All,14,4,0.8333333333333334,18,0.5,2,,0.0,1.0,2.0,0.5,2.0,0.0,1.0,1.0,1.0
102,15,Expe3,23,4,All,15,3,0.8611111111111112,36,0.5,4,1.0,2.0,0.5,2.0,0.0,2.0,0.3333333333333333,0.3333333333333333,0.0,3.0
102,16,Expe3,23,3,All,16,3,0.8148148148148148,27,0.3333333333333333,3,1.0,1.0,1.0,2.0,0.0,2.0,0.3333333333333333,1.0,0.6666666666666666,3.0
102,17,Expe3,23,3,All,17,4,0.8148148148148148,27,0.3333333333333333,3,,0.0,1.0,3.0,0.3333333333333333,3.0,0.0,1.0,1.0,2.0
102,18,Expe3,23,5,All,18,3,0.9111111111111111,45,0.6,5,1.0,3.0,1.0,2.0,0.0,2.0,0.0,1.0,1.0,2.0
102,19,Expe3,23,2,All,19,5,0.8888888888888888,18,0.5,2,1.0,1.0,1.0,1.0,0.0,1.0,0.0,1.0,1.0,1.0
102,20,Expe3,23,2,All,20,6,0.8333333333333334,18,0.5,2,1.0,1.0,1.0,1.0,0.0,1.0,0.0,0.5,0.5,2.0
102,21,Expe3,23,1,All,21,3,1.0,7,1.0,1,1.0,1.0,,0.0,,0.0,,,,
102,22,Expe3,23,6,All,22,3,0.6,50,0.3333333333333333,6,,0.0,1.0,5.0,0.4,5.0,1.1875,1.5625,0.375,16.0
103,1,Expe3,24,4,All,1,1,0.8235294117647058,34,1.0,4,1.0,2.0,1.0,2.0,1.0,2.0,0.0,0.5,0.5,4.0
103,2,Expe3,24,1,All,2,1,0.8888888888888888,9,1.0,1,,0.0,1.0,1.0,1.0,1.0,,,,
103,3,Expe3,24,3,All,3,1,0.9259259259259259,27,0.6666666666666666,3,1.0,2.0,1.0,1.0,0.0,1.0,0.0,1.0,1.0,1.0
103,4,Expe3,24,2,All,4,1,0.8333333333333334,18,0.5,2,1.0,1.0,1.0,1.0,0.0,1.0,0.5,1.0,0.5,2.0
103,5,Expe3,24,2,All,5,2,0.7647058823529411,17,0.0,1,,0.0,1.0,1.0,0.0,1.0,0.0,1.0,1.0,2.0
103,6,Expe3,24,3,All,6,2,0.8076923076923077,26,0.6666666666666666,3,0.5,2.0,1.0,1.0,1.0,1.0,0.75,0.75,0.0,4.0
103,7,Expe3,24,6,All,7,1,0.6111111111111112,54,0.5,6,1.0,3.0,0.3333333333333333,3.0,0.0,3.0,1.7222222222222223,1.0,-0.7222222222222222,18.0
103,8,Expe3,24,5,All,8,1,0.6,45,0.2,5,,0.0,0.8,5.0,0.2,5.0,0.8461538461538461,1.0,0.15384615384615385,13.0
103,9,Expe3,24,2,All,9,3,0.8333333333333334,18,0.5,2,1.0,1.0,1.0,1.0,0.0,1.0,0.5,1.0,0.5,2.0
103,10,Expe3,24,4,All,10,2,0.9444444444444444,36,0.75,4,1.0,3.0,1.0,1.0,0.0,1.0,0.0,1.0,1.0,1.0
103,11,Expe3,24,1,All,11,2,1.0,9,1.0,1,1.0,1.0,,0.0,,0.0,,,,
103,12,Expe3,24,5,All,12,2,0.8,45,0.8,5,1.0,2.0,0.6666666666666666,3.0,0.6666666666666666,3.0,0.7142857142857143,1.1428571428571428,0.42857142857142855,7.0
103,13,Expe3,24,6,All,13,2,0.49056603773584906,53,0.5,6,0.5,2.0,1.0,4.0,0.5,4.0,1.90625,2.3125,0.40625,32.0
103,14,Expe3,24,4,All,14,3,0.7777777777777778,36,0.25,4,,0.0,0.75,4.0,0.25,4.0,0.5,0.75,0.25,4.0
103,15,Expe3,24,3,All,15,3,0.8518518518518519,27,0.6666666666666666,3,1.0,1.0,1.0,2.0,0.5,2.0,0.5,1.0,0.5,2.0
103,16,Expe3,24,2,All,16,4,0.8888888888888888,18,0.5,2,1.0,1.0,1.0,1.0,0.0,1.0,0.0,1.0,1.0,1.0
103,17,Expe3,24,2,All,17,5,0.8333333333333334,18,0.5,2,1.0,1.0,1.0,1.0,0.0,1.0,0.0,0.5,0.5,2.0
103,18,Expe3,24,3,All,18,4,0.8518518518518519,27,0.3333333333333333,3,1.0,1.0,1.0,2.0,0.0,2.0,0.0,1.0,1.0,2.0
103,19,Expe3,24,6,All,19,3,0.7222222222222222,54,0.6666666666666666,6,1.0,2.0,1.0,4.0,0.5,4.0,1.0833333333333333,0.6666666666666666,-0.4166666666666667,12.0
103,20,Expe3,24,5,All,20,3,0.45454545454545453,44,0.2,5,0.0,1.0,1.0,4.0,0.25,4.0,2.04,2.24,0.2,25.0
103,21,Expe3,24,1,All,21,3,0.8888888888888888,9,1.0,1,,0.0,1.0,1.0,1.0,1.0,,,,
103,22,Expe3,24,2,All,22,6,0.8235294117647058,17,0.5,2,,0.0,1.0,2.0,0.5,2.0,0.0,1.0,1.0,1.0
104,1,Expe3,25,3,All,1,1,0.8148148148148148,27,0.3333333333333333,3,,0.0,1.0,3.0,0.3333333333333333,3.0,0.0,1.0,1.0,2.0
104,2,Expe3,25,1,All,2,1,0.7777777777777778,9,0.0,1,,0.0,1.0,1.0,0.0,1.0,0.0,1.0,1.0,1.0
104,3,Expe3,25,2,All,3,1,0.8888888888888888,18,0.5,2,1.0,1.0,1.0,1.0,0.0,1.0,0.0,1.0,1.0,1.0
104,4,Expe3,25,4,All,4,1,0.8333333333333334,36,1.0,4,,0.0,1.0,4.0,1.0,4.0,0.0,1.0,1.0,2.0
104,5,Expe3,25,6,All,5,1,0.7884615384615384,52,0.8,5,1.0,1.0,1.0,4.0,0.75,4.0,0.6666666666666666,1.0,0.3333333333333333,6.0
104,6,Expe3,25,2,All,6,2,0.8888888888888888,18,1.0,2,,0.0,1.0,2.0,1.0,2.0,,,,
104,7,Expe3,25,2,All,7,3,0.7777777777777778,18,0.5,2,,0.0,1.0,2.0,0.5,2.0,0.0,1.0,1.0,2.0
104,8,Expe3,25,3,All,8,2,0.8888888888888888,27,0.6666666666666666,3,1.0,1.0,1.0,2.0,0.5,2.0,0.0,1.0,1.0,1.0
104,9,Expe3,25,5,All,9,1,0.8,45,0.6,5,1.0,1.0,1.0,4.0,0.5,4.0,0.6,0.8,0.2,5.0
104,10,Expe3,25,4,All,10,2,0.9722222222222222,36,1.0,4,1.0,3.0,1.0,1.0,1.0,1.0,,,,
104,11,Expe3,25,1,All,11,2,0.875,8,1.0,1,,0.0,1.0,1.0,1.0,1.0,,,,
104,12,Expe3,25,5,All,12,2,0.7777777777777778,45,0.6,5,,0.0,1.0,5.0,0.6,5.0,0.3333333333333333,1.0,0.6666666666666666,6.0
104,13,Expe3,25,6,All,13,2,0.7592592592592593,54,0.6666666666666666,6,1.0,2.0,1.0,4.0,0.5,4.0,1.1111111111111112,1.0,-0.1111111111111111,9.0
104,14,Expe3,25,3,All,14,3,0.8888888888888888,27,0.6666666666666666,3,1.0,1.0,1.0,2.0,0.5,2.0,0.0,1.0,1.0,1.0
104,15,Expe3,25,2,All,15,4,0.8888888888888888,18,0.5,2,1.0,1.0,1.0,1.0,0.0,1.0,0.0,1.0,1.0,1.0
104,16,Expe3,25,4,All,16,3,0.8333333333333334,36,0.5,4,0.6666666666666666,3.0,1.0,1.0,0.0,1.0,0.4,0.4,0.0,5.0
104,17,Expe3,25,6,All,17,3,0.9074074074074074,54,0.8333333333333334,6,1.0,3.0,1.0,3.0,0.6666666666666666,3.0,0.0,1.0,1.0,2.0
104,18,Expe3,25,2,All,18,5,0.9444444444444444,18,1.0,2,1.0,1.0,1.0,1.0,1.0,1.0,,,,
104,19,Expe3,25,2,All,19,6,0.7777777777777778,18,0.5,2,1.0,1.0,1.0,1.0,0.0,1.0,0.3333333333333333,0.6666666666666666,0.3333333333333333,3.0
104,20,Expe3,25,3,All,20,4,0.8148148148148148,27,0.3333333333333333,3,1.0,1.0,1.0,2.0,0.0,2.0,0.0,0.6666666666666666,0.6666666666666666,3.0
104,21,Expe3,25,1,All,21,3,0.8571428571428571,7,1.0,1,,0.0,1.0,1.0,1.0,1.0,,,,
104,22,Expe3,25,5,All,22,3,0.8888888888888888,45,0.8,5,1.0,2.0,1.0,3.0,0.6666666666666666,3.0,0.0,0.5,0.5,2.0
105,1,Expe3,26,2,All,1,1,0.8333333333333334,18,0.5,2,1.0,1.0,1.0,1.0,0.0,1.0,0.5,1.0,0.5,2.0
105,2,Expe3,26,1,All,2,1,1.0,9,1.0,1,1.0,1.0,,0.0,,0.0,,,,
105,3,Expe3,26,6,All,3,1,0.3888888888888889,54,0.5,6,,0.0,0.8333333333333334,6.0,0.5,6.0,2.5660377358490565,2.4150943396226414,-0.1509433962264151,53.0
105,4,Expe3,26,3,All,4,1,0.7692307692307693,26,0.0,3,,0.0,1.0,2.0,0.0,2.0,0.4,1.0,0.6,5.0
105,5,Expe3,26,2,All,5,2,0.6666666666666666,18,0.0,2,,0.0,1.0,2.0,0.0,2.0,0.5,1.25,0.75,4.0
105,6,Expe3,26,4,All,6,1,0.8333333333333334,36,0.75,4,1.0,1.0,1.0,3.0,0.6666666666666666,3.0,0.3333333333333333,0.6666666666666666,0.3333333333333333,3.0
105,7,Expe3,26,5,All,7,1,0.8,45,0.4,5,1.0,2.0,1.0,3.0,0.0,3.0,0.5,1.1666666666666667,0.6666666666666666,6.0
105,8,Expe3,26,2,All,8,3,0.7777777777777778,18,0.5,2,,0.0,1.0,2.0,0.5,2.0,0.0,1.0,1.0,2.0
105,9,Expe3,26,3,All,9,2,0.9629629629629629,27,1.0,3,1.0,2.0,1.0,1.0,1.0,1.0,,,,
105,10,Expe3,26,4,All,10,2,0.7777777777777778,36,0.5,4,,0.0,1.0,4.0,0.5,4.0,1.2,1.0,-0.2,5.0
105,11,Expe3,26,1,All,11,2,1.0,9,1.0,1,1.0,1.0,,0.0,,0.0,,,,
105,12,Expe3,26,6,All,12,2,0.7777777777777778,54,0.3333333333333333,6,1.0,2.0,0.75,4.0,0.0,4.0,0.875,0.75,-0.125,8.0
105,13,Expe3,26,5,All,13,2,0.3409090909090909,44,0.2,5,,0.0,0.8,5.0,0.2,5.0,1.6923076923076923,2.1153846153846154,0.4230769230769231,26.0
105,14,Expe3,26,2,All,14,4,0.9444444444444444,18,1.0,2,1.0,1.0,1.0,1.0,1.0,1.0,,,,
105,15,Expe3,26,6,All,15,3,0.7037037037037037,54,0.16666666666666666,6,,0.0,0.5,6.0,0.16666666666666666,6.0,1.0,0.8,-0.2,10.0
105,16,Expe3,26,3,All,16,3,0.7777777777777778,27,0.0,3,,0.0,0.6666666666666666,3.0,0.0,3.0,0.3333333333333333,0.6666666666666666,0.3333333333333333,3.0
105,17,Expe3,26,2,All,17,5,0.8888888888888888,18,0.5,2,1.0,1.0,1.0,1.0,0.0,1.0,0.0,1.0,1.0,1.0
105,18,Expe3,26,4,All,18,3,0.8888888888888888,36,0.5,4,1.0,2.0,1.0,2.0,0.0,2.0,0.0,1.0,1.0,2.0
105,19,Expe3,26,5,All,19,3,0.7777777777777778,45,0.2,5,1.0,1.0,0.75,4.0,0.0,4.0,0.5,1.0,0.5,6.0
105,20,Expe3,26,2,All,20,6,0.8888888888888888,18,0.5,2,1.0,1.0,1.0,1.0,0.0,1.0,0.0,1.0,1.0,1.0
105,21,Expe3,26,1,All,21,3,0.8333333333333334,6,1.0,1,,0.0,1.0,1.0,1.0,1.0,,,,
105,22,Expe3,26,3,All,22,4,0.9629629629629629,27,1.0,3,1.0,2.0,1.0,1.0,1.0,1.0,,,,
106,1,Expe3,27,6,All,1,1,0.7037037037037037,54,0.5,6,0.6,5.0,0.0,1.0,0.0,1.0,1.4375,1.5625,0.125,16.0
106,2,Expe3,27,1,All,2,1,1.0,9,1.0,1,1.0,1.0,,0.0,,0.0,,,,
106,3,Expe3,27,2,All,3,1,1.0,18,1.0,2,1.0,2.0,,0.0,,0.0,,,,
106,4,Expe3,27,2,All,4,2,0.7777777777777778,18,0.0,2,,0.0,1.0,2.0,0.0,2.0,0.0,1.0,1.0,2.0
106,5,Expe3,27,5,All,5,1,0.7954545454545454,44,0.6,5,1.0,2.0,1.0,3.0,0.3333333333333333,3.0,0.6666666666666666,1.0,0.3333333333333333,6.0
106,6,Expe3,27,3,All,6,1,0.8888888888888888,27,1.0,3,1.0,1.0,1.0,2.0,1.0,2.0,1.0,0.0,-1.0,1.0
106,7,Expe3,27,3,All,7,2,0.8148148148148148,27,0.3333333333333333,3,,0.0,1.0,3.0,0.3333333333333333,3.0,0.0,1.0,1.0,2.0
106,8,Expe3,27,4,All,8,1,0.9166666666666666,36,0.75,4,1.0,2.0,1.0,2.0,0.5,2.0,0.0,1.0,1.0,1.0
106,9,Expe3,27,2,All,9,3,1.0,18,1.0,2,1.0,2.0,,0.0,,0.0,,,,
106,10,Expe3,27,6,All,10,2,0.7547169811320755,53,0.5,6,1.0,1.0,0.6,5.0,0.4,5.0,1.375,0.5,-0.875,8.0
106,11,Expe3,27,1,All,11,2,0.7777777777777778,9,0.0,1,,0.0,1.0,1.0,0.0,1.0,0.0,1.0,1.0,1.0
106,12,Expe3,27,4,All,12,2,0.8611111111111112,36,0.75,4,1.0,1.0,1.0,3.0,0.6666666666666666,3.0,0.5,1.0,0.5,2.0
106,13,Expe3,27,5,All,13,2,0.7333333333333333,45,0.2,5,1.0,1.0,0.75,4.0,0.0,4.0,0.625,0.625,0.0,8.0
106,14,Expe3,27,6,All,14,3,0.8703703703703703,54,1.0,6,1.0,3.0,1.0,3.0,1.0,3.0,0.25,0.75,0.5,4.0
106,15,Expe3,27,2,All,15,4,0.8333333333333334,18,0.5,2,,0.0,1.0,2.0,0.5,2.0,0.0,1.0,1.0,1.0
106,16,Expe3,27,2,All,16,5,0.9444444444444444,18,1.0,2,1.0,1.0,1.0,1.0,1.0,1.0,,,,
106,17,Expe3,27,5,All,17,3,0.8888888888888888,45,0.8,5,1.0,2.0,1.0,3.0,0.6666666666666666,3.0,0.5,1.0,0.5,2.0
106,18,Expe3,27,3,All,18,3,0.8888888888888888,27,0.6666666666666666,3,1.0,1.0,1.0,2.0,0.5,2.0,0.0,1.0,1.0,1.0
106,19,Expe3,27,3,All,19,4,0.9629629629629629,27,1.0,3,1.0,2.0,1.0,1.0,1.0,1.0,,,,
106,20,Expe3,27,4,All,20,3,0.6944444444444444,36,0.25,4,,0.0,1.0,4.0,0.25,4.0,0.5714285714285714,1.2857142857142858,0.7142857142857143,7.0
106,21,Expe3,27,1,All,21,3,0.8888888888888888,9,1.0,1,,0.0,1.0,1.0,1.0,1.0,,,,
106,22,Expe3,27,2,All,22,6,0.9444444444444444,18,1.0,2,1.0,1.0,1.0,1.0,1.0,1.0,,,,
107,1,Expe3,28,2,All,1,1,0.8888888888888888,18,1.0,2,1.0,1.0,1.0,1.0,1.0,1.0,0.0,1.0,1.0,1.0
107,2,Expe3,28,1,All,2,1,0.8888888888888888,9,1.0,1,,0.0,1.0,1.0,1.0,1.0,,,,
107,3,Expe3,28,5,All,3,1,0.8666666666666667,45,0.8,5,1.0,1.0,1.0,4.0,0.75,4.0,0.5,1.0,0.5,2.0
107,4,Expe3,28,6,All,4,1,0.4716981132075472,53,0.2,5,0.5,2.0,0.0,3.0,0.0,3.0,2.25,1.8214285714285714,-0.42857142857142855,28.0
107,5,Expe3,28,3,All,5,1,0.8148148148148148,27,0.3333333333333333,3,1.0,1.0,0.0,2.0,0.0,2.0,0.6666666666666666,0.6666666666666666,0.0,3.0
107,6,Expe3,28,2,All,6,2,0.7777777777777778,18,0.0,2,,0.0,1.0,2.0,0.0,2.0,0.0,1.0,1.0,2.0
107,7,Expe3,28,2,All,7,3,0.8888888888888888,18,0.5,2,1.0,1.0,1.0,1.0,0.0,1.0,0.0,1.0,1.0,1.0
107,8,Expe3,28,3,All,8,2,0.8518518518518519,27,0.6666666666666666,3,1.0,1.0,1.0,2.0,0.5,2.0,0.0,0.5,0.5,2.0
107,9,Expe3,28,4,All,9,1,0.8611111111111112,36,0.75,4,,0.0,1.0,4.0,0.75,4.0,0.0,1.0,1.0,2.0
107,10,Expe3,28,5,All,10,2,0.8444444444444444,45,0.6,5,1.0,1.0,0.75,4.0,0.5,4.0,0.3333333333333333,0.6666666666666666,0.3333333333333333,3.0
107,11,Expe3,28,1,All,11,2,0.7777777777777778,9,0.0,1,,0.0,1.0,1.0,0.0,1.0,0.0,1.0,1.0,1.0
107,12,Expe3,28,4,All,12,2,0.8888888888888888,36,0.5,4,1.0,2.0,0.5,2.0,0.0,2.0,0.5,0.5,0.0,2.0
107,13,Expe3,28,6,All,13,2,0.7222222222222222,54,0.5,6,1.0,1.0,1.0,5.0,0.4,5.0,0.9,1.4,0.5,10.0
107,14,Expe3,28,2,All,14,4,0.8333333333333334,18,0.5,2,,0.0,1.0,2.0,0.5,2.0,0.0,1.0,1.0,1.0
107,15,Expe3,28,5,All,15,3,0.7272727272727273,44,0.5,4,0.0,1.0,1.0,3.0,0.6666666666666666,3.0,0.875,1.125,0.25,8.0
107,16,Expe3,28,6,All,16,3,0.6792452830188679,53,0.5,6,0.6666666666666666,3.0,0.6666666666666666,3.0,0.3333333333333333,3.0,1.1428571428571428,1.4285714285714286,0.2857142857142857,14.0
107,17,Expe3,28,3,All,17,3,0.9259259259259259,27,1.0,3,1.0,1.0,1.0,2.0,1.0,2.0,,,,
107,18,Expe3,28,2,All,18,5,0.9444444444444444,18,1.0,2,1.0,1.0,1.0,1.0,1.0,1.0,,,,
107,19,Expe3,28,2,All,19,6,0.8888888888888888,18,1.0,2,,0.0,1.0,2.0,1.0,2.0,,,,
107,20,Expe3,28,3,All,20,4,0.9259259259259259,27,1.0,3,1.0,1.0,1.0,2.0,1.0,2.0,,,,
107,21,Expe3,28,1,All,21,3,1.0,9,1.0,1,1.0,1.0,,0.0,,0.0,,,,
107,22,Expe3,28,4,All,22,3,0.9444444444444444,36,1.0,4,1.0,3.0,1.0,1.0,1.0,1.0,1.0,0.0,-1.0,1.0
108,1,Expe3,29,5,All,1,1,0.46511627906976744,43,0.5,4,1.0,2.0,1.0,2.0,0.0,2.0,1.6666666666666667,2.0606060606060606,0.3939393939393939,33.0
108,2,Expe3,29,1,All,2,1,1.0,9,1.0,1,1.0,1.0,,0.0,,0.0,,,,
108,3,Expe3,29,3,All,3,1,0.9259259259259259,27,1.0,3,1.0,2.0,1.0,1.0,1.0,1.0,0.5,0.0,-0.5,4.0
108,4,Expe3,29,2,All,4,1,0.7777777777777778,18,0.5,2,,0.0,1.0,2.0,0.5,2.0,0.5,0.5,0.0,2.0
108,5,Expe3,29,2,All,5,2,0.8888888888888888,18,0.5,2,1.0,1.0,1.0,1.0,0.0,1.0,0.0,1.0,1.0,1.0
108,6,Expe3,29,6,All,6,1,0.7058823529411765,51,0.8,5,1.0,3.0,1.0,2.0,0.5,2.0,1.5294117647058822,1.5294117647058822,0.0,17.0
108,7,Expe3,29,4,All,7,1,0.5294117647058824,34,0.5,4,1.0,1.0,1.0,3.0,0.3333333333333333,3.0,1.5263157894736843,1.5263157894736843,0.0,19.0
108,8,Expe3,29,2,All,8,3,0.9444444444444444,18,1.0,2,1.0,1.0,1.0,1.0,1.0,1.0,,,,
108,9,Expe3,29,3,All,9,2,0.8888888888888888,27,1.0,3,1.0,1.0,1.0,2.0,1.0,2.0,0.0,0.0,0.0,1.0
108,10,Expe3,29,5,All,10,2,0.7333333333333333,45,0.4,5,1.0,1.0,0.5,4.0,0.25,4.0,0.7777777777777778,0.8888888888888888,0.1111111111111111,9.0
108,11,Expe3,29,1,All,11,2,0.75,8,0.0,1,,0.0,1.0,1.0,0.0,1.0,0.0,1.0,1.0,1.0
108,12,Expe3,29,4,All,12,2,0.8888888888888888,36,0.75,4,1.0,2.0,1.0,2.0,0.5,2.0,0.0,0.5,0.5,2.0
108,13,Expe3,29,6,All,13,2,0.5094339622641509,53,0.3333333333333333,6,1.0,2.0,0.5,4.0,0.0,4.0,2.107142857142857,1.9285714285714286,-0.17857142857142858,28.0
108,14,Expe3,29,5,All,14,3,0.5813953488372093,43,0.4,5,0.5,2.0,0.6666666666666666,3.0,0.3333333333333333,3.0,1.1875,1.5,0.3125,16.0
108,15,Expe3,29,3,All,15,3,0.8888888888888888,27,0.6666666666666666,3,1.0,1.0,1.0,2.0,0.5,2.0,0.0,1.0,1.0,1.0
108,16,Expe3,29,2,All,16,4,0.9444444444444444,18,1.0,2,1.0,1.0,1.0,1.0,1.0,1.0,,,,
108,17,Expe3,29,2,All,17,5,0.7777777777777778,18,0.5,2,0.0,1.0,1.0,1.0,1.0,1.0,1.0,0.0,-1.0,3.0
108,18,Expe3,29,6,All,18,3,0.6226415094339622,53,0.6666666666666666,6,1.0,1.0,1.0,5.0,0.6,5.0,1.375,1.3125,-0.0625,16.0
108,19,Expe3,29,4,All,19,3,0.9444444444444444,36,0.75,4,1.0,3.0,1.0,1.0,0.0,1.0,0.0,1.0,1.0,1.0
108,20,Expe3,29,2,All,20,6,0.7777777777777778,18,0.5,2,,0.0,1.0,2.0,0.5,2.0,0.5,1.0,0.5,2.0
108,21,Expe3,29,1,All,21,3,0.8888888888888888,9,1.0,1,,0.0,1.0,1.0,1.0,1.0,,,,
108,22,Expe3,29,3,All,22,4,0.8518518518518519,27,0.3333333333333333,3,1.0,1.0,1.0,2.0,0.0,2.0,0.0,1.0,1.0,2.0
109,1,Expe3,30,3,All,1,1,0.8518518518518519,27,1.0,3,1.0,1.0,1.0,2.0,1.0,2.0,0.5,0.0,-0.5,2.0
109,2,Expe3,30,1,All,2,1,0.8888888888888888,9,1.0,1,,0.0,1.0,1.0,1.0,1.0,,,,
109,3,Expe3,30,2,All,3,1,0.6666666666666666,18,0.0,2,,0.0,0.5,2.0,0.0,2.0,0.5,1.0,0.5,4.0
109,4,Expe3,30,5,All,4,1,0.8444444444444444,45,1.0,5,1.0,3.0,1.0,2.0,1.0,2.0,0.4,0.8,0.4,5.0
109,5,Expe3,30,4,All,5,1,0.8055555555555556,36,0.5,4,,0.0,1.0,4.0,0.5,4.0,0.0,1.0,1.0,3.0
109,6,Expe3,30,2,All,6,2,0.8333333333333334,18,0.5,2,1.0,1.0,1.0,1.0,0.0,1.0,0.0,0.5,0.5,2.0
109,7,Expe3,30,3,All,7,2,0.7037037037037037,27,0.6666666666666666,3,1.0,1.0,1.0,2.0,0.5,2.0,0.8333333333333334,1.1666666666666667,0.3333333333333333,6.0
109,8,Expe3,30,6,All,8,1,0.5,52,0.5,6,0.5,2.0,1.0,4.0,0.5,4.0,2.0,1.0769230769230769,-0.9230769230769231,26.0
109,9,Expe3,30,2,All,9,3,0.8333333333333334,18,0.5,2,,0.0,1.0,2.0,0.5,2.0,0.0,1.0,1.0,1.0
109,10,Expe3,30,4,All,10,2,0.75,36,0.5,4,1.0,1.0,0.6666666666666666,3.0,0.3333333333333333,3.0,0.3333333333333333,0.8333333333333334,0.5,6.0
109,11,Expe3,30,1,All,11,2,0.7777777777777778,9,0.0,1,,0.0,1.0,1.0,0.0,1.0,0.0,1.0,1.0,1.0
109,12,Expe3,30,5,All,12,2,0.8222222222222222,45,0.8,5,1.0,2.0,1.0,3.0,0.6666666666666666,3.0,0.6,0.8,0.2,5.0
109,13,Expe3,30,6,All,13,2,0.5925925925925926,54,0.3333333333333333,6,0.5,2.0,0.75,4.0,0.25,4.0,1.5,1.1666666666666667,-0.3333333333333333,18.0
109,14,Expe3,30,3,All,14,3,0.7037037037037037,27,0.3333333333333333,3,1.0,1.0,0.5,2.0,0.0,2.0,0.5,1.0,0.5,6.0
109,15,Expe3,30,2,All,15,4,0.8333333333333334,18,0.5,2,,0.0,0.5,2.0,0.5,2.0,1.0,0.0,-1.0,1.0
109,16,Expe3,30,5,All,16,3,0.9777777777777777,45,1.0,5,1.0,4.0,1.0,1.0,1.0,1.0,,,,
109,17,Expe3,30,4,All,17,3,0.75,36,0.5,4,1.0,1.0,0.6666666666666666,3.0,0.3333333333333333,3.0,0.5,1.0,0.5,6.0
109,18,Expe3,30,2,All,18,5,1.0,17,1.0,2,1.0,2.0,,0.0,,0.0,,,,
109,19,Expe3,30,3,All,19,4,0.8518518518518519,27,1.0,3,1.0,2.0,1.0,1.0,1.0,1.0,1.0,0.0,-1.0,3.0
109,20,Expe3,30,6,All,20,3,0.8333333333333334,54,0.6666666666666666,6,1.0,2.0,1.0,4.0,0.5,4.0,0.4,0.6,0.2,5.0
109,21,Expe3,30,1,All,21,3,1.0,7,1.0,1,1.0,1.0,,0.0,,0.0,,,,
109,22,Expe3,30,2,All,22,6,0.8333333333333334,18,1.0,2,,0.0,1.0,2.0,1.0,2.0,0.0,1.0,1.0,1.0
110,1,Expe3,31,6,All,1,1,0.5384615384615384,52,0.6666666666666666,6,0.5,4.0,1.0,2.0,1.0,2.0,1.6666666666666667,1.606060606060606,-0.06060606060606061,33.0
110,2,Expe3,31,1,All,2,1,0.8888888888888888,9,1.0,1,,0.0,1.0,1.0,1.0,1.0,,,,
110,3,Expe3,31,2,All,3,1,0.9444444444444444,18,1.0,2,1.0,1.0,1.0,1.0,1.0,1.0,,,,
110,4,Expe3,31,3,All,4,1,0.7407407407407407,27,0.3333333333333333,3,,0.0,0.6666666666666666,3.0,0.3333333333333333,3.0,0.8,1.0,0.2,5.0
110,5,Expe3,31,4,All,5,1,0.8333333333333334,36,0.5,4,,0.0,1.0,4.0,0.5,4.0,0.0,1.0,1.0,3.0
110,6,Expe3,31,2,All,6,2,0.7777777777777778,18,0.0,2,,0.0,1.0,2.0,0.0,2.0,0.0,1.0,1.0,2.0
110,7,Expe3,31,5,All,7,1,0.7555555555555555,45,0.4,5,,0.0,1.0,5.0,0.4,5.0,0.3333333333333333,1.0,0.6666666666666666,6.0
110,8,Expe3,31,2,All,8,3,0.8888888888888888,18,1.0,2,1.0,1.0,1.0,1.0,1.0,1.0,1.0,0.0,-1.0,1.0
110,9,Expe3,31,3,All,9,2,0.9259259259259259,27,1.0,3,1.0,1.0,1.0,2.0,1.0,2.0,,,,
110,10,Expe3,31,6,All,10,2,0.8148148148148148,54,0.8333333333333334,6,1.0,2.0,1.0,4.0,0.75,4.0,0.5,0.8333333333333334,0.3333333333333333,6.0
110,11,Expe3,31,1,All,11,2,0.7777777777777778,9,0.0,1,,0.0,1.0,1.0,0.0,1.0,0.0,1.0,1.0,1.0
110,12,Expe3,31,5,All,12,2,0.8409090909090909,44,0.5,4,1.0,1.0,1.0,3.0,0.3333333333333333,3.0,0.6,0.8,0.2,5.0
110,13,Expe3,31,4,All,13,2,0.9722222222222222,36,1.0,4,1.0,3.0,1.0,1.0,1.0,1.0,,,,
110,14,Expe3,31,6,All,14,3,0.7592592592592593,54,0.16666666666666666,6,0.5,2.0,1.0,4.0,0.0,4.0,0.4444444444444444,1.0,0.5555555555555556,9.0
110,15,Expe3,31,2,All,15,4,0.8333333333333334,18,0.5,2,1.0,1.0,1.0,1.0,0.0,1.0,0.5,1.0,0.5,2.0
110,16,Expe3,31,3,All,16,3,0.9259259259259259,27,0.6666666666666666,3,1.0,2.0,1.0,1.0,0.0,1.0,0.0,1.0,1.0,1.0
110,17,Expe3,31,4,All,17,3,0.9166666666666666,36,0.75,4,1.0,2.0,1.0,2.0,0.5,2.0,0.0,1.0,1.0,1.0
110,18,Expe3,31,2,All,18,5,0.9444444444444444,18,1.0,2,1.0,1.0,1.0,1.0,1.0,1.0,,,,
110,19,Expe3,31,5,All,19,3,0.8444444444444444,45,0.6,5,1.0,2.0,1.0,3.0,0.3333333333333333,3.0,0.25,0.75,0.5,4.0
110,20,Expe3,31,2,All,20,6,0.8333333333333334,18,0.5,2,,0.0,1.0,2.0,0.5,2.0,0.0,1.0,1.0,1.0
110,21,Expe3,31,1,All,21,3,1.0,7,1.0,1,1.0,1.0,,0.0,,0.0,,,,
110,22,Expe3,31,3,All,22,4,0.8888888888888888,27,0.6666666666666666,3,1.0,1.0,1.0,2.0,0.5,2.0,0.0,1.0,1.0,1.0
111,1,Expe3,32,2,All,1,1,0.8888888888888888,18,0.5,2,0.0,1.0,1.0,1.0,1.0,1.0,0.0,0.0,0.0,1.0
111,2,Expe3,32,1,All,2,1,0.7777777777777778,9,0.0,1,,0.0,1.0,1.0,0.0,1.0,0.0,1.0,1.0,1.0
111,3,Expe3,32,4,All,3,1,0.5555555555555556,36,0.5,4,,0.0,0.75,4.0,0.5,4.0,1.9230769230769231,1.3846153846153846,-0.5384615384615384,13.0
111,4,Expe3,32,6,All,4,1,0.7358490566037735,53,0.8,5,,0.0,0.8,5.0,0.8,5.0,1.75,0.375,-1.375,8.0
111,5,Expe3,32,5,All,5,1,0.7555555555555555,45,0.6,5,1.0,2.0,1.0,3.0,0.3333333333333333,3.0,1.3333333333333333,1.6666666666666667,0.3333333333333333,9.0
111,6,Expe3,32,3,All,6,1,0.6153846153846154,26,0.3333333333333333,3,,0.0,0.6666666666666666,3.0,0.3333333333333333,3.0,1.2857142857142858,1.0,-0.2857142857142857,7.0
111,7,Expe3,32,3,All,7,2,0.9259259259259259,27,1.0,3,1.0,1.0,1.0,2.0,1.0,2.0,,,,
111,8,Expe3,32,2,All,8,2,0.8823529411764706,17,0.5,2,1.0,1.0,1.0,1.0,0.0,1.0,0.0,1.0,1.0,1.0
111,9,Expe3,32,2,All,9,3,0.9444444444444444,18,1.0,2,1.0,1.0,1.0,1.0,1.0,1.0,,,,
111,10,Expe3,32,6,All,10,2,0.6415094339622641,53,0.3333333333333333,6,0.0,1.0,0.8,5.0,0.4,5.0,1.0666666666666667,1.4666666666666666,0.4,15.0
111,11,Expe3,32,1,All,11,2,0.8888888888888888,9,1.0,1,,0.0,1.0,1.0,1.0,1.0,,,,
111,12,Expe3,32,4,All,12,2,0.8285714285714286,35,0.6666666666666666,3,0.5,2.0,1.0,1.0,1.0,1.0,0.5,0.5,0.0,4.0
111,13,Expe3,32,5,All,13,2,0.8444444444444444,45,0.8,5,1.0,2.0,1.0,3.0,0.6666666666666666,3.0,1.0,0.75,-0.25,4.0
111,14,Expe3,32,2,All,14,4,0.8888888888888888,18,1.0,2,,0.0,1.0,2.0,1.0,2.0,,,,
111,15,Expe3,32,4,All,15,3,0.7714285714285715,35,0.5,4,1.0,1.0,1.0,2.0,0.5,2.0,0.5,1.0,0.5,6.0
111,16,Expe3,32,6,All,16,3,0.7169811320754716,53,0.8333333333333334,6,0.5,2.0,1.0,4.0,1.0,4.0,1.625,1.4375,-0.1875,16.0
111,17,Expe3,32,5,All,17,3,0.8666666666666667,45,0.8,5,1.0,1.0,1.0,4.0,0.75,4.0,0.5,1.0,0.5,2.0
111,18,Expe3,32,3,All,18,3,0.7407407407407407,27,0.3333333333333333,3,,0.0,1.0,3.0,0.3333333333333333,3.0,0.25,1.0,0.75,4.0
111,19,Expe3,32,3,All,19,4,1.0,27,1.0,3,1.0,3.0,,0.0,,0.0,,,,
111,20,Expe3,32,2,All,20,5,0.8888888888888888,18,0.5,2,1.0,1.0,1.0,1.0,0.0,1.0,0.0,1.0,1.0,1.0
111,21,Expe3,32,1,All,21,3,1.0,9,1.0,1,1.0,1.0,,0.0,,0.0,,,,
111,22,Expe3,32,2,All,22,6,0.8333333333333334,18,0.5,2,,0.0,1.0,2.0,0.5,2.0,0.0,1.0,1.0,1.0
112,1,Expe3,33,4,All,1,1,0.6944444444444444,36,0.25,4,0.0,1.0,0.6666666666666666,3.0,0.3333333333333333,3.0,1.0,0.75,-0.25,8.0
112,2,Expe3,33,1,All,2,1,0.8888888888888888,9,1.0,1,,0.0,1.0,1.0,1.0,1.0,,,,
112,3,Expe3,33,5,All,3,1,0.7674418604651163,43,0.5,4,,0.0,1.0,4.0,0.5,4.0,0.6666666666666666,1.0,0.3333333333333333,6.0
112,4,Expe3,33,2,All,4,1,0.8333333333333334,18,1.0,2,1.0,1.0,1.0,1.0,1.0,1.0,0.5,1.0,0.5,2.0
112,5,Expe3,33,3,All,5,1,0.8,25,0.3333333333333333,3,0.0,1.0,1.0,1.0,1.0,1.0,0.0,0.5,0.5,4.0
112,6,Expe3,33,6,All,6,1,0.6470588235294118,51,0.5,6,1.0,2.0,0.5,4.0,0.25,4.0,1.8235294117647058,0.8823529411764706,-0.9411764705882353,17.0
112,7,Expe3,33,2,All,7,2,0.7777777777777778,18,0.0,2,,0.0,1.0,2.0,0.0,2.0,0.0,1.0,1.0,2.0
112,8,Expe3,33,3,All,8,2,0.9259259259259259,27,1.0,3,1.0,2.0,1.0,1.0,1.0,1.0,0.0,0.0,0.0,1.0
112,9,Expe3,33,2,All,9,3,0.7222222222222222,18,0.0,2,,0.0,1.0,2.0,0.0,2.0,0.3333333333333333,1.0,0.6666666666666666,3.0
112,10,Expe3,33,4,All,10,2,0.75,36,0.25,4,1.0,1.0,0.6666666666666666,3.0,0.0,3.0,0.8333333333333334,0.8333333333333334,0.0,6.0
112,11,Expe3,33,1,All,11,2,0.75,8,0.0,1,,0.0,1.0,1.0,0.0,1.0,0.0,1.0,1.0,1.0
112,12,Expe3,33,5,All,12,2,0.7777777777777778,45,0.4,5,0.0,1.0,0.75,4.0,0.5,4.0,0.5,1.0,0.5,6.0
112,13,Expe3,33,6,All,13,2,0.7884615384615384,52,0.6666666666666666,6,1.0,2.0,1.0,4.0,0.5,4.0,0.5714285714285714,0.8571428571428571,0.2857142857142857,7.0
112,14,Expe3,33,4,All,14,3,0.8055555555555556,36,0.5,4,1.0,1.0,0.6666666666666666,3.0,0.3333333333333333,3.0,0.25,0.75,0.5,4.0
112,15,Expe3,33,5,All,15,3,0.5348837209302325,43,0.25,4,1.0,1.0,0.6666666666666666,3.0,0.0,3.0,1.0,1.2222222222222223,0.2222222222222222,18.0
112,16,Expe3,33,2,All,16,4,0.7777777777777778,18,0.0,2,,0.0,1.0,2.0,0.0,2.0,0.0,1.0,1.0,2.0
112,17,Expe3,33,3,All,17,3,0.8518518518518519,27,0.3333333333333333,3,0.5,2.0,1.0,1.0,0.0,1.0,0.0,0.3333333333333333,0.3333333333333333,3.0
112,18,Expe3,33,6,All,18,3,0.8846153846153846,52,0.5,4,1.0,2.0,0.5,2.0,0.0,2.0,0.3333333333333333,0.6666666666666666,0.3333333333333333,3.0
112,19,Expe3,33,2,All,19,5,0.9444444444444444,18,1.0,2,1.0,2.0,,0.0,,0.0,0.0,0.0,0.0,1.0
112,20,Expe3,33,3,All,20,4,0.8518518518518519,27,0.6666666666666666,3,1.0,1.0,1.0,2.0,0.5,2.0,0.0,0.5,0.5,2.0
112,21,Expe3,33,1,All,21,3,1.0,9,1.0,1,1.0,1.0,,0.0,,0.0,,,,
112,22,Expe3,33,2,All,22,6,0.8888888888888888,18,1.0,2,1.0,1.0,1.0,1.0,1.0,1.0,0.0,0.0,0.0,1.0
113,1,Expe3,34,5,All,1,1,0.8409090909090909,44,0.8,5,1.0,2.0,1.0,2.0,1.0,2.0,0.4,0.4,0.0,5.0
113,2,Expe3,34,1,All,2,1,1.0,9,1.0,1,1.0,1.0,,0.0,,0.0,,,,
113,3,Expe3,34,3,All,3,1,0.8518518518518519,27,0.6666666666666666,3,1.0,1.0,0.5,2.0,0.5,2.0,0.5,1.0,0.5,2.0
113,4,Expe3,34,4,All,4,1,0.8611111111111112,36,0.75,4,1.0,1.0,1.0,3.0,0.6666666666666666,3.0,0.5,1.0,0.5,2.0
113,5,Expe3,34,2,All,5,1,0.8333333333333334,18,0.5,2,,0.0,1.0,2.0,0.5,2.0,0.0,1.0,1.0,1.0
113,6,Expe3,34,2,All,6,2,0.9375,16,1.0,2,1.0,1.0,1.0,1.0,1.0,1.0,,,,
113,7,Expe3,34,2,All,7,3,0.8888888888888888,18,1.0,2,1.0,1.0,1.0,1.0,1.0,1.0,1.0,0.0,-1.0,1.0
113,8,Expe3,34,6,All,8,1,0.8518518518518519,54,0.6666666666666666,6,1.0,2.0,1.0,4.0,0.5,4.0,0.25,1.0,0.75,4.0
113,9,Expe3,34,3,All,9,2,0.9259259259259259,27,1.0,3,1.0,1.0,1.0,2.0,1.0,2.0,,,,
113,10,Expe3,34,5,All,10,2,0.7441860465116279,43,0.4,5,1.0,2.0,1.0,3.0,0.0,3.0,0.75,1.25,0.5,8.0
113,11,Expe3,34,1,All,11,2,0.875,8,1.0,1,,0.0,1.0,1.0,1.0,1.0,,,,
113,12,Expe3,34,4,All,12,2,0.8857142857142857,35,0.5,4,1.0,2.0,1.0,1.0,0.0,1.0,0.0,0.3333333333333333,0.3333333333333333,3.0
113,13,Expe3,34,6,All,13,2,0.8333333333333334,54,0.6666666666666666,6,1.0,1.0,0.8,5.0,0.6,5.0,1.0,0.75,-0.25,4.0
113,14,Expe3,34,5,All,14,3,0.8888888888888888,45,1.0,5,1.0,2.0,1.0,3.0,1.0,3.0,0.5,0.0,-0.5,2.0
113,15,Expe3,34,3,All,15,3,0.8846153846153846,26,0.6666666666666666,3,1.0,1.0,0.5,2.0,0.5,2.0,1.0,0.0,-1.0,1.0
113,16,Expe3,34,4,All,16,3,0.8285714285714286,35,0.5,4,1.0,1.0,0.6666666666666666,3.0,0.3333333333333333,3.0,0.6666666666666666,0.6666666666666666,0.0,3.0
113,17,Expe3,34,2,All,17,4,0.7777777777777778,18,0.5,2,1.0,1.0,1.0,1.0,0.0,1.0,0.3333333333333333,0.6666666666666666,0.3333333333333333,3.0
113,18,Expe3,34,2,All,18,5,0.8888888888888888,18,1.0,2,,0.0,1.0,2.0,1.0,2.0,,,,
113,19,Expe3,34,2,All,19,6,0.7222222222222222,18,0.0,2,,0.0,1.0,2.0,0.0,2.0,0.3333333333333333,1.0,0.6666666666666666,3.0
113,20,Expe3,34,6,All,20,3,0.8148148148148148,54,0.5,6,1.0,1.0,1.0,5.0,0.4,5.0,0.4,1.0,0.6,5.0
113,21,Expe3,34,1,All,21,3,0.7777777777777778,9,0.0,1,,0.0,1.0,1.0,0.0,1.0,0.0,1.0,1.0,1.0
113,22,Expe3,34,3,All,22,4,0.7407407407407407,27,0.3333333333333333,3,,0.0,1.0,3.0,0.3333333333333333,3.0,0.25,1.0,0.75,4.0
114,1,Expe3,35,3,All,1,1,0.8518518518518519,27,0.6666666666666666,3,1.0,1.0,1.0,2.0,0.5,2.0,0.5,0.5,0.0,2.0
114,2,Expe3,35,1,All,2,1,0.8888888888888888,9,1.0,1,,0.0,1.0,1.0,1.0,1.0,,,,
114,3,Expe3,35,2,All,3,1,0.7647058823529411,17,0.0,2,,0.0,0.5,2.0,0.0,2.0,0.5,0.5,0.0,2.0
114,4,Expe3,35,5,All,4,1,0.5454545454545454,44,0.5,4,0.5,2.0,0.5,2.0,0.5,2.0,1.8,2.0,0.2,20.0
114,5,Expe3,35,2,All,5,2,0.8888888888888888,18,0.5,2,1.0,1.0,1.0,1.0,0.0,1.0,0.0,1.0,1.0,1.0
114,6,Expe3,35,4,All,6,1,0.9166666666666666,36,0.25,4,0.25,4.0,,0.0,,0.0,0.0,0.0,0.0,3.0
114,7,Expe3,35,3,All,7,2,0.8846153846153846,26,0.3333333333333333,3,1.0,1.0,1.0,1.0,0.0,1.0,0.0,0.5,0.5,2.0
114,8,Expe3,35,2,All,8,3,0.8333333333333334,18,1.0,2,,0.0,1.0,2.0,1.0,2.0,0.0,1.0,1.0,1.0
114,9,Expe3,35,6,All,9,1,0.7592592592592593,54,0.6666666666666666,6,0.6666666666666666,3.0,1.0,3.0,0.6666666666666666,3.0,0.9,1.3,0.4,10.0
114,10,Expe3,35,4,All,10,2,0.8888888888888888,36,0.75,4,1.0,2.0,1.0,2.0,0.5,2.0,0.5,1.0,0.5,2.0
114,11,Expe3,35,1,All,11,2,1.0,9,1.0,1,1.0,1.0,,0.0,,0.0,,,,
114,12,Expe3,35,5,All,12,2,0.8666666666666667,45,0.8,5,1.0,2.0,1.0,3.0,0.6666666666666666,3.0,0.6666666666666666,1.3333333333333333,0.6666666666666666,3.0
114,13,Expe3,35,6,All,13,2,0.6415094339622641,53,0.16666666666666666,6,1.0,1.0,0.6,5.0,0.0,5.0,1.0,1.0,0.0,14.0
114,14,Expe3,35,3,All,14,3,0.8888888888888888,27,0.6666666666666666,3,1.0,1.0,1.0,2.0,0.5,2.0,0.0,1.0,1.0,1.0
114,15,Expe3,35,2,All,15,4,0.8333333333333334,18,0.5,2,,0.0,1.0,2.0,0.5,2.0,0.0,1.0,1.0,1.0
114,16,Expe3,35,5,All,16,3,0.7555555555555555,45,0.4,5,1.0,2.0,0.3333333333333333,3.0,0.0,3.0,0.75,1.25,0.5,8.0
114,17,Expe3,35,2,All,17,5,0.8888888888888888,18,1.0,2,,0.0,1.0,2.0,1.0,2.0,,,,
114,18,Expe3,35,4,All,18,3,0.9722222222222222,36,1.0,4,1.0,3.0,1.0,1.0,1.0,1.0,,,,
114,19,Expe3,35,3,All,19,4,0.9629629629629629,27,1.0,3,1.0,2.0,1.0,1.0,1.0,1.0,,,,
114,20,Expe3,35,2,All,20,6,0.9444444444444444,18,1.0,2,1.0,1.0,1.0,1.0,1.0,1.0,,,,
114,21,Expe3,35,1,All,21,3,1.0,9,1.0,1,1.0,1.0,,0.0,,0.0,,,,
114,22,Expe3,35,6,All,22,3,0.8703703703703703,54,0.5,6,0.75,4.0,0.0,2.0,0.0,2.0,0.6,0.4,-0.2,5.0
115,1,Expe3,36,2,All,1,1,0.8888888888888888,18,1.0,2,1.0,1.0,1.0,1.0,1.0,1.0,0.0,0.0,0.0,1.0
115,2,Expe3,36,1,All,2,1,1.0,9,1.0,1,1.0,1.0,,0.0,,0.0,,,,
115,3,Expe3,36,2,All,3,2,0.7,10,0.5,2,,0.0,1.0,2.0,0.5,2.0,0.0,1.0,1.0,1.0
115,4,Expe3,36,3,All,4,1,0.7777777777777778,27,0.3333333333333333,3,0.0,1.0,1.0,2.0,0.5,2.0,0.25,0.5,0.25,4.0
115,5,Expe3,36,3,All,5,2,0.7407407407407407,27,0.3333333333333333,3,,0.0,1.0,3.0,0.3333333333333333,3.0,0.5,1.0,0.5,4.0
115,6,Expe3,36,5,All,6,1,0.6363636363636364,44,0.4,5,1.0,2.0,1.0,2.0,0.0,2.0,1.4666666666666666,1.3333333333333333,-0.13333333333333333,15.0
115,7,Expe3,36,6,All,7,1,0.7735849056603774,53,0.2,5,0.0,1.0,0.5,4.0,0.25,4.0,0.5555555555555556,0.4444444444444444,-0.1111111111111111,9.0
115,8,Expe3,36,4,All,8,1,0.8333333333333334,36,0.75,4,1.0,1.0,0.6666666666666666,3.0,0.6666666666666666,3.0,0.3333333333333333,1.0,0.6666666666666666,3.0
115,9,Expe3,36,2,All,9,3,0.8888888888888888,18,0.5,2,1.0,1.0,1.0,1.0,0.0,1.0,0.0,1.0,1.0,1.0
115,10,Expe3,36,5,All,10,2,0.8,45,0.6,5,1.0,1.0,1.0,4.0,0.5,4.0,1.2,1.0,-0.2,5.0
115,11,Expe3,36,1,All,11,2,0.8333333333333334,6,1.0,1,,0.0,1.0,1.0,1.0,1.0,,,,
115,12,Expe3,36,6,All,12,2,0.5961538461538461,52,0.5,6,1.0,2.0,0.75,4.0,0.25,4.0,1.9473684210526316,1.4736842105263157,-0.47368421052631576,19.0
115,13,Expe3,36,4,All,13,2,0.9142857142857143,35,1.0,4,1.0,2.0,1.0,2.0,1.0,2.0,0.0,0.0,0.0,1.0
115,14,Expe3,36,2,All,14,4,0.8333333333333334,18,0.5,2,1.0,1.0,1.0,1.0,0.0,1.0,0.5,1.0,0.5,2.0
115,15,Expe3,36,2,All,15,5,0.8888888888888888,18,1.0,2,1.0,1.0,1.0,1.0,1.0,1.0,0.0,1.0,1.0,1.0
115,16,Expe3,36,3,All,16,3,0.9615384615384616,26,1.0,3,1.0,3.0,,0.0,,0.0,0.0,0.0,0.0,1.0
115,17,Expe3,36,3,All,17,4,0.8148148148148148,27,0.3333333333333333,3,0.0,1.0,1.0,2.0,0.5,2.0,0.0,0.6666666666666666,0.6666666666666666,3.0
115,18,Expe3,36,5,All,18,3,0.7441860465116279,43,0.6,5,0.5,2.0,1.0,3.0,0.6666666666666666,3.0,0.8888888888888888,0.3333333333333333,-0.5555555555555556,9.0
115,19,Expe3,36,6,All,19,3,0.74,50,0.8,5,1.0,1.0,1.0,4.0,0.75,4.0,1.0,0.5555555555555556,-0.4444444444444444,9.0
115,20,Expe3,36,4,All,20,3,0.8823529411764706,34,0.5,4,0.3333333333333333,3.0,1.0,1.0,1.0,1.0,0.0,0.0,0.0,3.0
115,21,Expe3,36,1,All,21,3,1.0,7,1.0,1,1.0,1.0,,0.0,,0.0,,,,
115,22,Expe3,36,2,All,22,6,0.8333333333333334,18,0.5,2,,0.0,1.0,2.0,0.5,2.0,0.0,1.0,1.0,1.0
116,1,Expe3,37,2,All,1,1,0.8888888888888888,18,0.5,2,1.0,1.0,1.0,1.0,0.0,1.0,0.0,1.0,1.0,1.0
116,2,Expe3,37,1,All,2,1,0.8888888888888888,9,1.0,1,,0.0,1.0,1.0,1.0,1.0,,,,
116,3,Expe3,37,3,All,3,1,0.9259259259259259,27,1.0,3,1.0,1.0,1.0,2.0,1.0,2.0,,,,
116,4,Expe3,37,2,All,4,2,0.8333333333333334,18,0.5,2,,0.0,1.0,2.0,0.5,2.0,0.0,1.0,1.0,1.0
116,5,Expe3,37,6,All,5,1,0.5849056603773585,53,0.4,5,,0.0,1.0,5.0,0.4,5.0,1.5,1.8888888888888888,0.3888888888888889,18.0
116,6,Expe3,37,3,All,6,2,0.8888888888888888,27,0.6666666666666666,3,0.0,1.0,1.0,2.0,1.0,2.0,0.0,0.0,0.0,1.0
116,7,Expe3,37,2,All,7,3,0.6666666666666666,18,0.0,2,,0.0,1.0,2.0,0.0,2.0,0.5,1.0,0.5,4.0
116,8,Expe3,37,5,All,8,1,0.8666666666666667,45,0.4,5,1.0,2.0,0.6666666666666666,3.0,0.0,3.0,0.3333333333333333,0.6666666666666666,0.3333333333333333,3.0
116,9,Expe3,37,4,All,9,1,0.9428571428571428,35,1.0,4,1.0,3.0,1.0,1.0,1.0,1.0,0.0,1.0,1.0,1.0
116,10,Expe3,37,6,All,10,2,0.9629629629629629,54,1.0,6,1.0,5.0,1.0,1.0,1.0,1.0,0.0,0.0,0.0,1.0
116,11,Expe3,37,1,All,11,2,0.8888888888888888,9,1.0,1,,0.0,1.0,1.0,1.0,1.0,,,,
116,12,Expe3,37,4,All,12,2,0.7142857142857143,35,0.5,4,,0.0,0.75,4.0,0.5,4.0,0.8333333333333334,1.1666666666666667,0.3333333333333333,6.0
116,13,Expe3,37,5,All,13,2,0.6888888888888889,45,0.2,5,,0.0,0.2,5.0,0.2,5.0,0.8888888888888888,0.8888888888888888,0.0,9.0
116,14,Expe3,37,2,All,14,4,0.6666666666666666,18,0.5,2,,0.0,1.0,2.0,0.5,2.0,1.0,0.5,-0.5,4.0
116,15,Expe3,37,3,All,15,3,0.8518518518518519,27,0.6666666666666666,3,1.0,1.0,1.0,2.0,0.5,2.0,0.5,1.0,0.5,2.0
116,16,Expe3,37,2,All,16,5,0.8888888888888888,18,1.0,2,1.0,1.0,1.0,1.0,1.0,1.0,0.0,1.0,1.0,1.0
116,17,Expe3,37,6,All,17,3,0.7,50,0.5,6,1.0,1.0,0.8,5.0,0.4,5.0,1.2142857142857142,1.5714285714285714,0.35714285714285715,14.0
116,18,Expe3,37,3,All,18,4,0.5555555555555556,27,0.0,3,,0.0,1.0,3.0,0.0,3.0,1.1111111111111112,1.0,-0.1111111111111111,9.0
116,19,Expe3,37,2,All,19,6,0.8823529411764706,17,1.0,2,1.0,1.0,1.0,1.0,1.0,1.0,0.5,0.0,-0.5,2.0
116,20,Expe3,37,5,All,20,3,0.7906976744186046,43,0.6,5,1.0,3.0,0.5,2.0,0.0,2.0,1.4444444444444444,0.8888888888888888,-0.5555555555555556,9.0
116,21,Expe3,37,1,All,21,3,1.0,9,1.0,1,1.0,1.0,,0.0,,0.0,,,,
116,22,Expe3,37,4,All,22,3,0.7142857142857143,35,0.5,4,0.0,1.0,1.0,3.0,0.6666666666666666,3.0,0.8571428571428571,0.2857142857142857,-0.5714285714285714,7.0
117,1,Expe3,38,3,All,1,1,0.76,25,0.3333333333333333,3,,0.0,0.5,2.0,0.0,2.0,0.5,1.0,0.5,4.0
117,2,Expe3,38,1,All,2,1,0.7777777777777778,9,0.0,1,,0.0,1.0,1.0,0.0,1.0,0.0,1.0,1.0,1.0
117,3,Expe3,38,6,All,3,1,0.6792452830188679,53,0.5,6,0.3333333333333333,3.0,1.0,3.0,0.6666666666666666,3.0,1.2352941176470589,1.2941176470588236,0.058823529411764705,17.0
117,4,Expe3,38,2,All,4,1,0.9444444444444444,18,1.0,2,1.0,2.0,,0.0,,0.0,0.0,0.0,0.0,1.0
117,5,Expe3,38,2,All,5,2,0.8333333333333334,18,0.5,2,,0.0,1.0,2.0,0.5,2.0,0.0,1.0,1.0,1.0
117,6,Expe3,38,2,All,6,3,1.0,18,1.0,2,1.0,2.0,,0.0,,0.0,,,,
117,7,Expe3,38,4,All,7,1,0.9166666666666666,36,0.75,4,1.0,3.0,1.0,1.0,0.0,1.0,0.0,0.5,0.5,2.0
117,8,Expe3,38,3,All,8,2,0.8518518518518519,27,0.6666666666666666,3,1.0,1.0,1.0,2.0,0.5,2.0,0.0,0.5,0.5,2.0
117,9,Expe3,38,5,All,9,1,0.6888888888888889,45,0.4,5,1.0,1.0,1.0,4.0,0.25,4.0,0.8,1.5,0.7,10.0
117,10,Expe3,38,6,All,10,2,0.6111111111111112,54,0.5,6,1.0,1.0,0.8,5.0,0.4,5.0,1.263157894736842,1.3157894736842106,0.05263157894736842,19.0
117,11,Expe3,38,1,All,11,2,0.8888888888888888,9,1.0,1,,0.0,1.0,1.0,1.0,1.0,,,,
117,12,Expe3,38,5,All,12,2,0.8666666666666667,45,1.0,5,1.0,3.0,1.0,2.0,1.0,2.0,0.25,0.5,0.25,4.0
117,13,Expe3,38,4,All,13,2,0.7777777777777778,36,0.25,4,1.0,1.0,1.0,3.0,0.0,3.0,0.4,1.2,0.8,5.0
117,14,Expe3,38,3,All,14,3,0.9259259259259259,27,1.0,3,1.0,2.0,1.0,1.0,1.0,1.0,0.0,0.0,0.0,1.0
117,15,Expe3,38,6,All,15,3,0.8518518518518519,54,0.6666666666666666,6,0.6666666666666666,3.0,1.0,3.0,0.6666666666666666,3.0,0.8,0.6,-0.2,5.0
117,16,Expe3,38,2,All,16,4,0.7777777777777778,18,0.0,2,,0.0,1.0,2.0,0.0,2.0,0.0,1.0,1.0,2.0
117,17,Expe3,38,2,All,17,5,0.8333333333333334,18,1.0,2,,0.0,1.0,2.0,1.0,2.0,0.0,1.0,1.0,1.0
117,18,Expe3,38,2,All,18,6,0.8333333333333334,18,0.5,2,1.0,1.0,1.0,1.0,0.0,1.0,0.5,1.0,0.5,2.0
117,19,Expe3,38,4,All,19,3,0.9166666666666666,36,0.75,4,1.0,3.0,1.0,1.0,0.0,1.0,0.0,0.5,0.5,2.0
117,20,Expe3,38,3,All,20,4,0.8148148148148148,27,0.6666666666666666,3,,0.0,1.0,3.0,0.6666666666666666,3.0,0.5,0.5,0.0,2.0
117,21,Expe3,38,1,All,21,3,0.7777777777777778,9,0.0,1,,0.0,1.0,1.0,0.0,1.0,0.0,1.0,1.0,1.0
117,22,Expe3,38,5,All,22,3,0.8,45,0.6,5,1.0,1.0,1.0,4.0,0.5,4.0,0.4,1.0,0.6,5.0
118,1,Expe3,39,3,All,1,1,0.8518518518518519,27,0.6666666666666666,3,1.0,2.0,1.0,1.0,0.0,1.0,0.3333333333333333,0.6666666666666666,0.3333333333333333,3.0
118,2,Expe3,39,1,All,2,1,0.75,8,0.0,1,,,,,,,0.0,0.5,0.5,2.0
118,3,Expe3,39,2,All,3,1,0.9444444444444444,18,1.0,2,1.0,2.0,,0.0,,0.0,0.0,0.0,0.0,1.0
118,4,Expe3,39,6,All,4,1,0.6226415094339622,53,0.2,5,1.0,1.0,0.75,4.0,0.0,4.0,1.3333333333333333,0.9333333333333333,-0.4,15.0
118,5,Expe3,39,2,All,5,2,0.8888888888888888,18,0.5,2,1.0,1.0,1.0,1.0,0.0,1.0,0.0,1.0,1.0,1.0
118,6,Expe3,39,5,All,6,1,0.7555555555555555,45,0.6,5,1.0,1.0,0.75,4.0,0.5,4.0,0.5714285714285714,1.2857142857142858,0.7142857142857143,7.0
118,7,Expe3,39,3,All,7,2,0.9629629629629629,27,1.0,3,1.0,2.0,1.0,1.0,1.0,1.0,,,,
118,8,Expe3,39,2,All,8,3,0.8888888888888888,18,0.5,2,0.5,2.0,,0.0,,0.0,0.5,0.0,-0.5,2.0
118,9,Expe3,39,4,All,9,1,0.7142857142857143,35,0.75,4,1.0,1.0,1.0,3.0,0.6666666666666666,3.0,1.0,0.8571428571428571,-0.14285714285714285,7.0
118,10,Expe3,39,6,All,10,2,0.7692307692307693,52,0.6,5,0.6666666666666666,3.0,0.5,2.0,0.5,2.0,1.0,0.9,-0.1,10.0
118,11,Expe3,39,1,All,11,2,1.0,9,1.0,1,1.0,1.0,,0.0,,0.0,,,,
118,12,Expe3,39,5,All,12,2,0.6444444444444445,45,0.6,5,1.0,1.0,0.75,4.0,0.5,4.0,1.0769230769230769,1.5384615384615385,0.46153846153846156,13.0
118,13,Expe3,39,4,All,13,2,0.5833333333333334,36,0.25,4,0.0,2.0,1.0,2.0,0.5,2.0,1.5384615384615385,0.9230769230769231,-0.6153846153846154,13.0
118,14,Expe3,39,3,All,14,3,0.9259259259259259,27,1.0,3,1.0,2.0,1.0,1.0,1.0,1.0,0.0,1.0,1.0,1.0
118,15,Expe3,39,2,All,15,4,0.8888888888888888,18,0.5,2,1.0,1.0,1.0,1.0,0.0,1.0,0.0,1.0,1.0,1.0
118,16,Expe3,39,6,All,16,3,0.5740740740740741,54,0.6666666666666666,6,1.0,2.0,0.75,4.0,0.5,4.0,1.368421052631579,1.631578947368421,0.2631578947368421,19.0
118,17,Expe3,39,2,All,17,5,0.9411764705882353,17,1.0,2,1.0,1.0,1.0,1.0,1.0,1.0,0.0,0.0,0.0,1.0
118,18,Expe3,39,5,All,18,3,0.7111111111111111,45,0.4,5,1.0,1.0,0.75,4.0,0.25,4.0,0.6666666666666666,0.5555555555555556,-0.1111111111111111,9.0
118,19,Expe3,39,3,All,19,4,0.7407407407407407,27,0.6666666666666666,3,,0.0,1.0,3.0,0.6666666666666666,3.0,0.5,1.25,0.75,4.0
118,20,Expe3,39,2,All,20,6,0.8333333333333334,18,0.5,2,1.0,1.0,0.0,1.0,0.0,1.0,0.5,1.0,0.5,2.0
118,21,Expe3,39,1,All,21,3,1.0,8,1.0,1,1.0,1.0,,0.0,,0.0,,,,
118,22,Expe3,39,4,All,22,3,0.8857142857142857,35,1.0,4,1.0,2.0,1.0,2.0,1.0,2.0,1.0,0.0,-1.0,2.0
119,1,Expe3,40,2,All,1,1,0.5625,16,0.0,2,,0.0,1.0,1.0,0.0,1.0,0.5,1.0,0.5,6.0
119,2,Expe3,40,1,All,2,1,0.75,8,0.0,1,,,,,,,0.0,0.5,0.5,2.0
119,3,Expe3,40,2,All,3,2,0.8125,16,0.5,2,,0.0,1.0,1.0,1.0,1.0,0.0,0.5,0.5,2.0
119,4,Expe3,40,3,All,4,1,0.8518518518518519,27,0.6666666666666666,3,,0.0,0.6666666666666666,3.0,0.6666666666666666,3.0,1.0,0.0,-1.0,1.0
119,5,Expe3,40,3,All,5,2,1.0,27,1.0,3,1.0,3.0,,0.0,,0.0,,,,
119,6,Expe3,40,6,All,6,1,0.8703703703703703,54,0.8333333333333334,6,0.75,4.0,1.0,2.0,1.0,2.0,0.6,0.6,0.0,5.0
119,7,Expe3,40,4,All,7,1,0.7777777777777778,36,0.75,4,,0.0,1.0,4.0,0.75,4.0,0.25,1.0,0.75,4.0
119,8,Expe3,40,5,All,8,1,0.7777777777777778,45,0.6,5,1.0,3.0,0.5,2.0,0.0,2.0,1.125,0.5,-0.625,8.0
119,9,Expe3,40,2,All,9,3,0.8888888888888888,18,1.0,2,1.0,1.0,1.0,1.0,1.0,1.0,1.0,0.0,-1.0,1.0
119,10,Expe3,40,4,All,10,2,0.75,36,0.0,4,,0.0,0.75,4.0,0.0,4.0,0.4,0.8,0.4,5.0
119,11,Expe3,40,1,All,11,2,0.875,8,1.0,1,,0.0,1.0,1.0,1.0,1.0,,,,
119,12,Expe3,40,6,All,12,2,0.6296296296296297,54,0.3333333333333333,6,1.0,1.0,0.6,5.0,0.2,5.0,1.0666666666666667,1.2,0.13333333333333333,15.0
119,13,Expe3,40,5,All,13,2,0.7777777777777778,45,0.6,5,1.0,1.0,1.0,4.0,0.5,4.0,0.6666666666666666,1.0,0.3333333333333333,6.0
119,14,Expe3,40,2,All,14,4,0.8888888888888888,18,0.5,2,1.0,1.0,1.0,1.0,0.0,1.0,0.0,1.0,1.0,1.0
119,15,Expe3,40,2,All,15,5,0.8888888888888888,18,1.0,2,1.0,1.0,1.0,1.0,1.0,1.0,0.0,0.0,0.0,1.0
119,16,Expe3,40,3,All,16,3,0.8518518518518519,27,0.6666666666666666,3,1.0,1.0,1.0,2.0,0.5,2.0,0.0,0.5,0.5,2.0
119,17,Expe3,40,3,All,17,4,0.8518518518518519,27,0.3333333333333333,3,0.5,2.0,1.0,1.0,0.0,1.0,0.0,0.3333333333333333,0.3333333333333333,3.0
119,18,Expe3,40,6,All,18,3,0.7222222222222222,54,0.5,6,1.0,2.0,0.5,4.0,0.25,4.0,0.9090909090909091,0.9090909090909091,0.0,11.0
119,19,Expe3,40,4,All,19,3,0.7777777777777778,36,0.25,4,1.0,1.0,1.0,3.0,0.0,3.0,0.4,1.0,0.6,5.0
119,20,Expe3,40,5,All,20,3,0.7333333333333333,45,0.6,5,1.0,1.0,1.0,4.0,0.5,4.0,0.5,1.125,0.625,8.0
119,21,Expe3,40,1,All,21,3,0.8888888888888888,9,1.0,1,,0.0,1.0,1.0,1.0,1.0,,,,
119,22,Expe3,40,2,All,22,6,0.7777777777777778,18,0.0,2,,0.0,1.0,2.0,0.0,2.0,0.0,1.0,1.0,2.0
120,1,Expe5,2,3,All,1,1,0.9629629629629629,27,1.0,3,1.0,2.0,1.0,1.0,1.0,1.0,,,,
120,2,Expe5,2,6,All,2,1,0.7,50,0.5,6,1.0,3.0,0.6666666666666666,3.0,0.0,3.0,1.4,1.4,0.0,15.0
120,3,Expe5,2,1,All,3,1,0.7777777777777778,9,0.0,1,,0.0,1.0,1.0,0.0,1.0,0.0,1.0,1.0,1.0
120,4,Expe5,2,2,All,4,1,0.7777777777777778,18,0.5,2,,0.0,1.0,2.0,0.5,2.0,0.0,1.0,1.0,2.0
120,5,Expe5,2,4,All,5,1,0.8611111111111112,36,0.75,4,1.0,1.0,1.0,3.0,0.6666666666666666,3.0,0.5,1.0,0.5,2.0
120,6,Expe5,2,5,All,6,1,0.8,45,0.6,5,1.0,1.0,0.75,4.0,0.5,4.0,0.4,1.0,0.6,5.0
120,7,Expe5,2,4,All,7,2,0.9166666666666666,36,0.75,4,1.0,3.0,1.0,1.0,0.0,1.0,0.5,1.0,0.5,2.0
120,8,Expe5,2,1,All,8,2,0.8888888888888888,9,1.0,1,,0.0,1.0,1.0,1.0,1.0,,,,
120,9,Expe5,2,2,All,9,2,0.8333333333333334,18,0.5,2,,0.0,1.0,2.0,0.5,2.0,0.5,1.0,0.5,2.0
120,10,Expe5,2,5,All,10,2,0.9111111111111111,45,0.8,5,1.0,3.0,1.0,2.0,0.5,2.0,0.3333333333333333,0.6666666666666666,0.3333333333333333,3.0
120,11,Expe5,2,3,All,11,2,0.8888888888888888,27,0.6666666666666666,3,1.0,1.0,1.0,2.0,0.5,2.0,0.0,1.0,1.0,1.0
120,12,Expe5,2,6,All,12,2,0.7777777777777778,54,0.3333333333333333,6,0.5,2.0,0.75,4.0,0.25,4.0,0.5555555555555556,1.0,0.4444444444444444,9.0
120,13,Expe5,2,2,All,13,3,0.8888888888888888,18,1.0,2,,0.0,1.0,2.0,1.0,2.0,,,,
120,14,Expe5,2,3,All,14,3,0.8518518518518519,27,0.6666666666666666,3,1.0,1.0,1.0,2.0,0.5,2.0,0.0,0.5,0.5,2.0
120,15,Expe5,2,5,All,15,3,0.7777777777777778,45,0.6,5,0.0,1.0,1.0,4.0,0.75,4.0,0.7142857142857143,1.1428571428571428,0.42857142857142855,7.0
120,16,Expe5,2,4,All,16,3,0.8611111111111112,36,0.5,4,1.0,1.0,1.0,3.0,0.3333333333333333,3.0,0.0,1.0,1.0,3.0
120,17,Expe5,2,1,All,17,3,0.7777777777777778,9,0.0,1,,0.0,1.0,1.0,0.0,1.0,0.0,1.0,1.0,1.0
120,18,Expe5,2,6,All,18,3,0.8148148148148148,54,0.3333333333333333,6,1.0,1.0,0.8,5.0,0.2,5.0,0.2,0.8,0.6,5.0
121,1,Expe5,3,1,All,1,1,0.7777777777777778,9,0.0,1,,0.0,1.0,1.0,0.0,1.0,0.0,1.0,1.0,1.0
121,2,Expe5,3,3,All,2,1,0.8888888888888888,27,0.3333333333333333,3,0.5,2.0,1.0,1.0,0.0,1.0,0.0,0.5,0.5,2.0
121,3,Expe5,3,4,All,3,1,0.9166666666666666,36,0.75,4,1.0,2.0,1.0,2.0,0.5,2.0,0.0,1.0,1.0,1.0
121,4,Expe5,3,6,All,4,1,0.58,50,0.2,5,,0.0,1.0,5.0,0.2,5.0,1.2352941176470589,1.5294117647058822,0.29411764705882354,17.0
121,5,Expe5,3,5,All,5,1,0.6585365853658537,41,0.4,5,1.0,2.0,0.5,2.0,0.0,2.0,0.9166666666666666,1.4166666666666667,0.5,12.0
121,6,Expe5,3,2,All,6,1,0.8888888888888888,18,1.0,2,,0.0,1.0,2.0,1.0,2.0,,,,
121,7,Expe5,3,2,All,7,2,0.8333333333333334,18,0.5,2,,0.0,1.0,2.0,0.5,2.0,0.0,1.0,1.0,1.0
121,8,Expe5,3,4,All,8,2,0.8285714285714286,35,0.6666666666666666,3,1.0,1.0,1.0,2.0,0.5,2.0,0.0,1.0,1.0,3.0
121,9,Expe5,3,3,All,9,2,0.8518518518518519,27,0.3333333333333333,3,1.0,1.0,1.0,2.0,0.0,2.0,0.0,1.0,1.0,2.0
121,10,Expe5,3,1,All,10,2,0.8888888888888888,9,1.0,1,,0.0,1.0,1.0,1.0,1.0,,,,
121,11,Expe5,3,6,All,11,2,0.9444444444444444,54,1.0,6,1.0,4.0,1.0,2.0,1.0,2.0,0.0,0.0,0.0,1.0
121,12,Expe5,3,5,All,12,2,0.8444444444444444,45,0.6,5,1.0,1.0,1.0,4.0,0.5,4.0,0.25,0.75,0.5,4.0
121,13,Expe5,3,5,All,13,3,0.8863636363636364,44,0.6,5,1.0,2.0,1.0,3.0,0.3333333333333333,3.0,0.0,1.0,1.0,2.0
121,14,Expe5,3,2,All,14,3,0.7222222222222222,18,0.5,2,,0.0,1.0,2.0,0.5,2.0,1.0,1.0,0.0,3.0
121,15,Expe5,3,1,All,15,3,0.7777777777777778,9,0.0,1,,0.0,1.0,1.0,0.0,1.0,0.0,1.0,1.0,1.0
121,16,Expe5,3,3,All,16,3,0.9259259259259259,27,0.6666666666666666,3,1.0,2.0,1.0,1.0,0.0,1.0,0.0,1.0,1.0,1.0
121,17,Expe5,3,6,All,17,3,0.9056603773584906,53,1.0,6,1.0,2.0,1.0,4.0,1.0,4.0,0.0,1.0,1.0,1.0
121,18,Expe5,3,4,All,18,3,0.8857142857142857,35,0.75,4,1.0,1.0,1.0,3.0,0.6666666666666666,3.0,0.0,1.0,1.0,1.0
122,1,Expe5,4,6,All,1,1,0.46153846153846156,52,0.6666666666666666,6,1.0,1.0,1.0,5.0,0.6,5.0,2.0,2.142857142857143,0.14285714285714285,28.0
122,2,Expe5,4,2,All,2,1,1.0,18,1.0,2,1.0,2.0,,0.0,,0.0,,,,
122,3,Expe5,4,3,All,3,1,0.8846153846153846,26,0.6666666666666666,3,1.0,1.0,1.0,2.0,0.5,2.0,0.0,0.5,0.5,2.0
122,4,Expe5,4,5,All,4,1,0.8409090909090909,44,0.4,5,1.0,2.0,1.0,3.0,0.0,3.0,0.4,1.0,0.6,5.0
122,5,Expe5,4,1,All,5,1,0.8888888888888888,9,1.0,1,,0.0,1.0,1.0,1.0,1.0,,,,
122,6,Expe5,4,4,All,6,1,0.8055555555555556,36,0.5,4,0.6666666666666666,3.0,0.0,1.0,0.0,1.0,0.3333333333333333,0.8333333333333334,0.5,6.0
122,7,Expe5,4,1,All,7,2,1.0,9,1.0,1,1.0,1.0,,0.0,,0.0,,,,
122,8,Expe5,4,5,All,8,2,0.7857142857142857,42,0.6,5,1.0,1.0,0.6666666666666666,3.0,0.6666666666666666,3.0,0.6666666666666666,0.8333333333333334,0.16666666666666666,6.0
122,9,Expe5,4,4,All,9,2,0.6470588235294118,34,0.25,4,,0.0,0.25,4.0,0.25,4.0,0.75,1.125,0.375,8.0
122,10,Expe5,4,6,All,10,2,0.7551020408163265,49,0.2,5,1.0,1.0,0.3333333333333333,3.0,0.0,3.0,0.8,0.5,-0.3,10.0
122,11,Expe5,4,2,All,11,2,0.7777777777777778,18,0.0,2,,0.0,1.0,2.0,0.0,2.0,0.0,1.0,1.0,2.0
122,12,Expe5,4,3,All,12,2,1.0,25,1.0,3,1.0,3.0,,0.0,,0.0,,,,
122,13,Expe5,4,3,All,13,3,0.88,25,0.6666666666666666,3,0.5,2.0,1.0,1.0,1.0,1.0,0.0,0.5,0.5,2.0
122,14,Expe5,4,4,All,14,3,0.6060606060606061,33,0.25,4,,0.0,1.0,3.0,0.3333333333333333,3.0,0.7272727272727273,0.9090909090909091,0.18181818181818182,11.0
122,15,Expe5,4,2,All,15,3,0.8235294117647058,17,0.5,2,,0.0,1.0,2.0,0.5,2.0,0.0,1.0,1.0,1.0
122,16,Expe5,4,6,All,16,3,0.8666666666666667,45,0.8,5,1.0,2.0,1.0,3.0,0.6666666666666666,3.0,0.0,0.6666666666666666,0.6666666666666666,3.0
122,17,Expe5,4,5,All,17,3,0.7692307692307693,39,0.4,5,0.5,2.0,0.3333333333333333,3.0,0.3333333333333333,3.0,0.5,0.5,0.0,8.0
122,18,Expe5,4,1,All,18,3,0.7777777777777778,9,0.0,1,,0.0,1.0,1.0,0.0,1.0,0.0,1.0,1.0,1.0
123,1,Expe5,5,2,All,1,1,0.8888888888888888,18,1.0,2,1.0,2.0,,0.0,,0.0,0.5,0.0,-0.5,2.0
123,2,Expe5,5,5,All,2,1,0.6666666666666666,45,0.4,5,1.0,1.0,0.5,4.0,0.25,4.0,1.0,0.6666666666666666,-0.3333333333333333,12.0
123,3,Expe5,5,6,All,3,1,0.8518518518518519,54,0.6666666666666666,6,0.6666666666666666,3.0,0.6666666666666666,3.0,0.6666666666666666,3.0,0.7142857142857143,0.42857142857142855,-0.2857142857142857,7.0
123,4,Expe5,5,4,All,4,1,0.6857142857142857,35,0.25,4,1.0,1.0,1.0,3.0,0.0,3.0,1.0,1.4444444444444444,0.4444444444444444,9.0
123,5,Expe5,5,3,All,5,1,0.9259259259259259,27,1.0,3,1.0,3.0,,0.0,,0.0,0.0,0.0,0.0,2.0
123,6,Expe5,5,1,All,6,1,0.7777777777777778,9,0.0,1,,0.0,1.0,1.0,0.0,1.0,0.0,1.0,1.0,1.0
123,7,Expe5,5,5,All,7,2,0.5681818181818182,44,0.2,5,1.0,1.0,0.3333333333333333,3.0,0.0,3.0,1.2941176470588236,1.1176470588235294,-0.17647058823529413,17.0
123,8,Expe5,5,6,All,8,2,0.5370370370370371,54,0.16666666666666666,6,0.5,2.0,0.5,4.0,0.0,4.0,1.5454545454545454,0.7272727272727273,-0.8181818181818182,22.0
123,9,Expe5,5,1,All,9,2,1.0,9,1.0,1,1.0,1.0,,0.0,,0.0,,,,
123,10,Expe5,5,3,All,10,2,0.8888888888888888,27,0.6666666666666666,3,0.5,2.0,1.0,1.0,1.0,1.0,0.0,0.5,0.5,2.0
123,11,Expe5,5,4,All,11,2,0.75,36,0.75,4,1.0,1.0,0.6666666666666666,3.0,0.6666666666666666,3.0,0.8333333333333334,0.8333333333333334,0.0,6.0
123,12,Expe5,5,2,All,12,2,0.8888888888888888,18,0.5,2,1.0,1.0,1.0,1.0,0.0,1.0,0.0,0.5,0.5,2.0
123,13,Expe5,5,4,All,13,3,0.8611111111111112,36,0.75,4,1.0,1.0,1.0,3.0,0.6666666666666666,3.0,0.0,1.0,1.0,2.0
123,14,Expe5,5,6,All,14,3,0.7037037037037037,54,0.6666666666666666,6,1.0,1.0,0.8,5.0,0.6,5.0,1.5333333333333334,1.1333333333333333,-0.4,15.0
123,15,Expe5,5,3,All,15,3,0.5925925925925926,27,0.3333333333333333,3,1.0,1.0,0.0,2.0,0.0,2.0,1.1,0.8,-0.3,10.0
123,16,Expe5,5,1,All,16,3,0.8888888888888888,9,1.0,1,,0.0,1.0,1.0,1.0,1.0,,,,
123,17,Expe5,5,2,All,17,3,0.7777777777777778,18,0.5,2,,0.0,1.0,2.0,0.5,2.0,0.5,1.0,0.5,2.0
123,18,Expe5,5,5,All,18,3,0.8666666666666667,45,1.0,5,1.0,4.0,1.0,1.0,1.0,1.0,1.2,0.8,-0.4,5.0
124,1,Expe5,6,5,All,1,1,0.4883720930232558,43,0.5,4,,0.0,0.75,4.0,0.5,4.0,2.0833333333333335,1.8333333333333333,-0.25,24.0
124,2,Expe5,6,4,All,2,1,0.6944444444444444,36,0.5,4,1.0,1.0,1.0,3.0,0.3333333333333333,3.0,1.0,0.625,-0.375,8.0
124,3,Expe5,6,2,All,3,1,0.9444444444444444,18,1.0,2,1.0,2.0,,0.0,,0.0,0.0,0.0,0.0,1.0
124,4,Expe5,6,1,All,4,1,1.0,9,1.0,1,1.0,1.0,,0.0,,0.0,,,,
124,5,Expe5,6,6,All,5,1,0.7735849056603774,53,0.6666666666666666,6,1.0,3.0,1.0,3.0,0.3333333333333333,3.0,1.0909090909090908,0.6363636363636364,-0.45454545454545453,11.0
124,6,Expe5,6,3,All,6,1,0.8888888888888888,27,1.0,3,1.0,3.0,,0.0,,0.0,0.3333333333333333,0.0,-0.3333333333333333,3.0
124,7,Expe5,6,6,All,7,2,0.8113207547169812,53,0.6666666666666666,6,1.0,2.0,1.0,3.0,0.6666666666666666,3.0,0.375,0.625,0.25,8.0
124,8,Expe5,6,3,All,8,2,0.7307692307692307,26,0.3333333333333333,3,1.0,1.0,1.0,2.0,0.0,2.0,0.3333333333333333,1.0,0.6666666666666666,6.0
124,9,Expe5,6,5,All,9,2,0.8837209302325582,43,0.8,5,1.0,3.0,1.0,2.0,0.5,2.0,0.0,0.3333333333333333,0.3333333333333333,3.0
124,10,Expe5,6,2,All,10,2,0.8235294117647058,17,0.5,2,,0.0,1.0,2.0,0.5,2.0,0.0,1.0,1.0,1.0
124,11,Expe5,6,1,All,11,2,0.8888888888888888,9,1.0,1,,0.0,1.0,1.0,1.0,1.0,,,,
124,12,Expe5,6,4,All,12,2,0.75,36,0.75,4,1.0,2.0,1.0,2.0,0.5,2.0,1.0,0.8888888888888888,-0.1111111111111111,9.0
124,13,Expe5,6,6,All,13,3,0.7169811320754716,53,0.8333333333333334,6,1.0,3.0,1.0,3.0,0.6666666666666666,3.0,1.3333333333333333,0.6666666666666666,-0.6666666666666666,15.0
124,14,Expe5,6,1,All,14,3,0.75,8,0.0,1,,0.0,1.0,1.0,0.0,1.0,0.0,1.0,1.0,1.0
124,15,Expe5,6,4,All,15,3,0.75,36,0.5,4,1.0,2.0,0.0,2.0,0.0,2.0,1.6666666666666667,1.3333333333333333,-0.3333333333333333,9.0
124,16,Expe5,6,5,All,16,3,0.6888888888888889,45,0.4,5,0.5,2.0,0.6666666666666666,3.0,0.3333333333333333,3.0,1.3076923076923077,0.6153846153846154,-0.6923076923076923,13.0
124,17,Expe5,6,3,All,17,3,0.8846153846153846,26,1.0,3,1.0,2.0,1.0,1.0,1.0,1.0,0.3333333333333333,0.6666666666666666,0.3333333333333333,3.0
124,18,Expe5,6,2,All,18,3,0.8333333333333334,18,1.0,2,1.0,1.0,1.0,1.0,1.0,1.0,0.6666666666666666,1.3333333333333333,0.6666666666666666,3.0
125,1,Expe5,7,4,All,1,1,0.75,36,0.5,4,1.0,1.0,0.3333333333333333,3.0,0.3333333333333333,3.0,0.6666666666666666,0.8333333333333334,0.16666666666666666,6.0
125,2,Expe5,7,1,All,2,1,0.7777777777777778,9,0.0,1,,0.0,1.0,1.0,0.0,1.0,0.0,1.0,1.0,1.0
125,3,Expe5,7,5,All,3,1,0.8222222222222222,45,0.8,5,1.0,2.0,0.6666666666666666,3.0,0.6666666666666666,3.0,0.8333333333333334,0.3333333333333333,-0.5,6.0
125,4,Expe5,7,3,All,4,1,0.9629629629629629,27,1.0,3,1.0,3.0,,0.0,,0.0,0.0,0.0,0.0,1.0
125,5,Expe5,7,2,All,5,1,0.8333333333333334,18,0.5,2,,0.0,1.0,2.0,0.5,2.0,0.0,1.0,1.0,1.0
125,6,Expe5,7,6,All,6,1,0.8148148148148148,54,0.6666666666666666,6,1.0,2.0,0.75,4.0,0.5,4.0,0.625,0.875,0.25,8.0
125,7,Expe5,7,1,All,7,2,0.7777777777777778,9,0.0,1,,0.0,1.0,1.0,0.0,1.0,0.0,1.0,1.0,1.0
125,8,Expe5,7,5,All,8,2,0.6222222222222222,45,0.2,5,,0.0,0.6,5.0,0.2,5.0,1.6428571428571428,0.9285714285714286,-0.7142857142857143,14.0
125,9,Expe5,7,6,All,9,2,0.8888888888888888,54,0.5,6,0.75,4.0,0.5,2.0,0.0,2.0,0.4,0.6,0.2,5.0
125,10,Expe5,7,2,All,10,2,0.8888888888888888,18,1.0,2,1.0,2.0,,0.0,,0.0,0.0,0.0,0.0,2.0
125,11,Expe5,7,4,All,11,2,0.7352941176470589,34,0.25,4,,0.0,1.0,4.0,0.25,4.0,0.3333333333333333,1.1666666666666667,0.8333333333333334,6.0
125,12,Expe5,7,3,All,12,2,0.9259259259259259,27,0.6666666666666666,3,1.0,2.0,1.0,1.0,0.0,1.0,0.5,1.0,0.5,2.0
125,13,Expe5,7,3,All,13,3,0.8148148148148148,27,0.3333333333333333,3,0.0,1.0,1.0,2.0,0.5,2.0,0.75,0.25,-0.5,4.0
125,14,Expe5,7,2,All,14,3,0.8333333333333334,18,0.5,2,,0.0,1.0,2.0,0.5,2.0,0.5,1.0,0.5,2.0
125,15,Expe5,7,6,All,15,3,0.8888888888888888,54,0.6666666666666666,6,1.0,2.0,1.0,4.0,0.5,4.0,0.0,1.0,1.0,2.0
125,16,Expe5,7,4,All,16,3,0.75,36,0.5,4,1.0,1.0,0.6666666666666666,3.0,0.3333333333333333,3.0,0.7142857142857143,1.1428571428571428,0.42857142857142855,7.0
125,17,Expe5,7,5,All,17,3,0.9333333333333333,45,1.0,5,1.0,3.0,1.0,2.0,1.0,2.0,0.0,1.0,1.0,1.0
125,18,Expe5,7,1,All,18,3,0.8888888888888888,9,1.0,1,,0.0,1.0,1.0,1.0,1.0,,,,
126,1,Expe5,8,1,All,1,1,1.0,8,1.0,1,1.0,1.0,,0.0,,0.0,,,,
126,2,Expe5,8,3,All,2,1,0.8461538461538461,26,0.6666666666666666,3,1.0,2.0,0.0,1.0,0.0,1.0,1.0,0.0,-1.0,3.0
126,3,Expe5,8,4,All,3,1,0.8823529411764706,34,0.75,4,1.0,3.0,1.0,1.0,0.0,1.0,0.3333333333333333,0.6666666666666666,0.3333333333333333,3.0
126,4,Expe5,8,6,All,4,1,0.6304347826086957,46,0.5,6,1.0,2.0,0.0,2.0,0.0,2.0,1.6470588235294117,1.2352941176470589,-0.4117647058823529,17.0
126,5,Expe5,8,5,All,5,1,0.5675675675675675,37,0.4,5,1.0,1.0,1.0,1.0,0.0,1.0,1.588235294117647,1.0,-0.5882352941176471,17.0
126,6,Expe5,8,2,All,6,1,1.0,8,1.0,2,1.0,1.0,,0.0,,0.0,,,,
126,7,Expe5,8,5,All,7,2,0.7906976744186046,43,1.0,4,1.0,3.0,1.0,1.0,1.0,1.0,1.5,0.0,-1.5,8.0
126,8,Expe5,8,2,All,8,2,0.8888888888888888,18,1.0,2,1.0,1.0,1.0,1.0,1.0,1.0,0.0,0.0,0.0,1.0
126,9,Expe5,8,1,All,9,2,0.7777777777777778,9,0.0,1,,0.0,1.0,1.0,0.0,1.0,0.0,1.0,1.0,1.0
126,10,Expe5,8,3,All,10,2,1.0,23,1.0,2,1.0,2.0,,0.0,,0.0,,,,
126,11,Expe5,8,6,All,11,2,0.6923076923076923,52,0.6666666666666666,6,0.75,4.0,0.5,2.0,0.5,2.0,1.25,0.6875,-0.5625,16.0
126,12,Expe5,8,4,All,12,2,0.7941176470588235,34,0.75,4,0.5,2.0,1.0,1.0,1.0,1.0,0.6666666666666666,0.0,-0.6666666666666666,6.0
126,13,Expe5,8,2,All,13,3,0.8333333333333334,18,0.5,2,,0.0,0.5,2.0,0.5,2.0,1.0,0.0,-1.0,1.0
126,14,Expe5,8,4,All,14,3,0.75,36,0.5,4,1.0,1.0,0.6666666666666666,3.0,0.3333333333333333,3.0,0.8571428571428571,1.1428571428571428,0.2857142857142857,7.0
126,15,Expe5,8,3,All,15,3,0.9259259259259259,27,1.0,3,1.0,3.0,,0.0,,0.0,0.0,0.0,0.0,2.0
126,16,Expe5,8,1,All,16,3,0.7777777777777778,9,0.0,1,,0.0,1.0,1.0,0.0,1.0,0.0,1.0,1.0,1.0
126,17,Expe5,8,6,All,17,3,0.7547169811320755,53,1.0,5,1.0,2.0,1.0,3.0,1.0,3.0,2.727272727272727,0.18181818181818182,-2.5454545454545454,11.0
126,18,Expe5,8,5,All,18,3,0.813953488372093,43,0.6,5,1.0,3.0,0.0,1.0,0.0,1.0,1.7142857142857142,0.0,-1.7142857142857142,7.0
127,1,Expe5,9,3,All,1,1,0.9629629629629629,27,1.0,3,1.0,2.0,1.0,1.0,1.0,1.0,,,,
127,2,Expe5,9,6,All,2,1,0.8653846153846154,52,0.6666666666666666,6,1.0,3.0,1.0,2.0,0.5,2.0,0.4,0.8,0.4,5.0
127,3,Expe5,9,1,All,3,1,0.8888888888888888,9,1.0,1,,0.0,1.0,1.0,1.0,1.0,,,,
127,4,Expe5,9,2,All,4,1,0.9444444444444444,18,1.0,2,1.0,1.0,1.0,1.0,1.0,1.0,,,,
127,5,Expe5,9,4,All,5,1,0.9142857142857143,35,0.75,4,1.0,3.0,1.0,1.0,0.0,1.0,0.5,1.0,0.5,2.0
127,6,Expe5,9,5,All,6,1,0.8222222222222222,45,0.4,5,1.0,1.0,1.0,4.0,0.25,4.0,0.25,1.0,0.75,4.0
127,7,Expe5,9,2,All,7,2,0.8888888888888888,18,0.5,2,1.0,1.0,1.0,1.0,0.0,1.0,0.0,1.0,1.0,1.0
127,8,Expe5,9,3,All,8,2,0.8888888888888888,27,0.6666666666666666,3,1.0,1.0,0.5,2.0,0.5,2.0,1.0,0.0,-1.0,1.0
127,9,Expe5,9,5,All,9,2,0.8636363636363636,44,0.6,5,1.0,2.0,1.0,3.0,0.3333333333333333,3.0,0.4,1.0,0.6,5.0
127,10,Expe5,9,4,All,10,2,0.8,35,0.5,4,1.0,1.0,0.6666666666666666,3.0,0.3333333333333333,3.0,0.5,1.25,0.75,4.0
127,11,Expe5,9,1,All,11,2,1.0,9,1.0,1,1.0,1.0,,0.0,,0.0,,,,
127,12,Expe5,9,6,All,12,2,0.8867924528301887,53,1.0,5,1.0,3.0,1.0,2.0,1.0,2.0,0.6666666666666666,0.6666666666666666,0.0,3.0
127,13,Expe5,9,4,All,13,3,0.8611111111111112,36,0.5,4,1.0,1.0,0.6666666666666666,3.0,0.3333333333333333,3.0,0.5,0.5,0.0,2.0
127,14,Expe5,9,1,All,14,3,0.8888888888888888,9,1.0,1,,0.0,1.0,1.0,1.0,1.0,,,,
127,15,Expe5,9,2,All,15,3,0.9444444444444444,18,1.0,2,1.0,2.0,,0.0,,0.0,0.5,0.0,-0.5,2.0
127,16,Expe5,9,5,All,16,3,0.7272727272727273,44,0.5,4,1.0,1.0,1.0,3.0,0.3333333333333333,3.0,0.75,0.875,0.125,8.0
127,17,Expe5,9,3,All,17,3,0.8148148148148148,27,0.3333333333333333,3,1.0,1.0,0.5,2.0,0.0,2.0,0.3333333333333333,1.0,0.6666666666666666,3.0
127,18,Expe5,9,6,All,18,3,0.6666666666666666,54,0.3333333333333333,6,1.0,1.0,0.8,5.0,0.2,5.0,1.0769230769230769,1.0769230769230769,0.0,13.0
128,1,Expe5,10,6,All,1,1,0.46296296296296297,54,0.16666666666666666,6,,0.0,0.6666666666666666,6.0,0.16666666666666666,6.0,1.6521739130434783,1.434782608695652,-0.21739130434782608,23.0
128,2,Expe5,10,2,All,2,1,0.8888888888888888,18,0.5,2,1.0,1.0,1.0,1.0,0.0,1.0,0.0,1.0,1.0,1.0
128,3,Expe5,10,3,All,3,1,0.8518518518518519,27,0.6666666666666666,3,1.0,1.0,1.0,2.0,0.5,2.0,0.5,1.0,0.5,2.0
128,4,Expe5,10,5,All,4,1,0.9555555555555556,45,1.0,5,1.0,4.0,1.0,1.0,1.0,1.0,0.0,0.0,0.0,1.0
128,5,Expe5,10,1,All,5,1,0.8888888888888888,9,1.0,1,,0.0,1.0,1.0,1.0,1.0,,,,
128,6,Expe5,10,4,All,6,1,0.8055555555555556,36,0.75,4,1.0,1.0,0.6666666666666666,3.0,0.6666666666666666,3.0,1.0,1.5,0.5,4.0
128,7,Expe5,10,3,All,7,2,0.9629629629629629,27,1.0,3,1.0,2.0,1.0,1.0,1.0,1.0,,,,
128,8,Expe5,10,4,All,8,2,1.0,35,1.0,4,1.0,4.0,,0.0,,0.0,,,,
128,9,Expe5,10,2,All,9,2,0.8888888888888888,18,1.0,2,,0.0,1.0,2.0,1.0,2.0,,,,
128,10,Expe5,10,6,All,10,2,0.8888888888888888,54,0.8333333333333334,6,1.0,3.0,1.0,3.0,0.6666666666666666,3.0,1.0,1.0,0.0,3.0
128,11,Expe5,10,5,All,11,2,0.9333333333333333,45,1.0,5,1.0,3.0,1.0,2.0,1.0,2.0,0.5,0.0,-0.5,2.0
128,12,Expe5,10,1,All,12,2,1.0,9,1.0,1,1.0,1.0,,0.0,,0.0,,,,
128,13,Expe5,10,1,All,13,3,1.0,9,1.0,1,1.0,1.0,,0.0,,0.0,,,,
128,14,Expe5,10,5,All,14,3,0.8888888888888888,45,1.0,5,1.0,2.0,1.0,3.0,1.0,3.0,1.0,0.0,-1.0,2.0
128,15,Expe5,10,4,All,15,3,0.9714285714285714,35,1.0,4,1.0,3.0,1.0,1.0,1.0,1.0,,,,
128,16,Expe5,10,6,All,16,3,0.9622641509433962,53,1.0,6,1.0,4.0,1.0,2.0,1.0,2.0,,,,
128,17,Expe5,10,2,All,17,3,1.0,18,1.0,2,1.0,2.0,,0.0,,0.0,,,,
128,18,Expe5,10,3,All,18,3,1.0,27,1.0,3,1.0,3.0,,0.0,,0.0,,,,
129,1,Expe5,11,2,All,1,1,0.9444444444444444,18,1.0,2,1.0,2.0,,0.0,,0.0,0.0,0.0,0.0,1.0
129,2,Expe5,11,5,All,2,1,0.8,45,0.6,5,1.0,2.0,1.0,3.0,0.3333333333333333,3.0,1.0,0.6666666666666666,-0.3333333333333333,6.0
129,3,Expe5,11,6,All,3,1,0.9629629629629629,54,1.0,6,1.0,4.0,1.0,2.0,1.0,2.0,,,,
129,4,Expe5,11,4,All,4,1,0.8333333333333334,36,0.5,4,1.0,1.0,1.0,3.0,0.3333333333333333,3.0,0.3333333333333333,1.0,0.6666666666666666,3.0
129,5,Expe5,11,3,All,5,1,0.8148148148148148,27,0.3333333333333333,3,1.0,1.0,1.0,2.0,0.0,2.0,0.5,1.0,0.5,4.0
129,6,Expe5,11,1,All,6,1,1.0,9,1.0,1,1.0,1.0,,0.0,,0.0,,,,
129,7,Expe5,11,4,All,7,2,0.8857142857142857,35,0.75,4,1.0,1.0,1.0,3.0,0.6666666666666666,3.0,0.0,1.0,1.0,1.0
129,8,Expe5,11,6,All,8,2,0.8301886792452831,53,0.6,5,1.0,1.0,1.0,4.0,0.5,4.0,0.25,1.0,0.75,4.0
129,9,Expe5,11,3,All,9,2,0.9259259259259259,27,0.6666666666666666,3,1.0,2.0,1.0,1.0,0.0,1.0,0.0,1.0,1.0,1.0
129,10,Expe5,11,1,All,10,2,0.8888888888888888,9,1.0,1,,0.0,1.0,1.0,1.0,1.0,,,,
129,11,Expe5,11,2,All,11,2,0.8888888888888888,18,1.0,2,,0.0,1.0,2.0,1.0,2.0,,,,
129,12,Expe5,11,5,All,12,2,0.7727272727272727,44,0.4,5,1.0,1.0,0.75,4.0,0.25,4.0,0.5,1.0,0.5,6.0
129,13,Expe5,11,5,All,13,3,0.9111111111111111,45,0.8,5,1.0,2.0,1.0,3.0,0.6666666666666666,3.0,0.0,1.0,1.0,1.0
129,14,Expe5,11,6,All,14,3,0.8518518518518519,54,0.6666666666666666,6,1.0,2.0,0.75,4.0,0.5,4.0,0.5,1.25,0.75,4.0
129,15,Expe5,11,1,All,15,3,0.7777777777777778,9,0.0,1,,0.0,1.0,1.0,0.0,1.0,0.0,1.0,1.0,1.0
129,16,Expe5,11,3,All,16,3,0.9259259259259259,27,0.6666666666666666,3,0.5,2.0,1.0,1.0,1.0,1.0,0.0,0.0,0.0,1.0
129,17,Expe5,11,4,All,17,3,0.9166666666666666,36,0.75,4,1.0,2.0,1.0,2.0,0.5,2.0,0.0,1.0,1.0,1.0
129,18,Expe5,11,2,All,18,3,0.8888888888888888,18,0.5,2,1.0,1.0,0.0,1.0,0.0,1.0,0.5,0.0,-0.5,2.0
130,1,Expe5,12,5,All,1,1,0.8095238095238095,42,0.6,5,1.0,2.0,1.0,2.0,0.0,2.0,1.0,0.8571428571428571,-0.14285714285714285,7.0
130,2,Expe5,12,4,All,2,1,0.5882352941176471,34,0.5,4,,0.0,0.75,4.0,0.5,4.0,1.1666666666666667,1.0833333333333333,-0.08333333333333333,12.0
130,3,Expe5,12,2,All,3,1,0.6,15,0.5,2,1.0,1.0,0.0,1.0,0.0,1.0,0.8,1.2,0.4,5.0
130,4,Expe5,12,1,All,4,1,0.8571428571428571,7,1.0,1,,0.0,1.0,1.0,1.0,1.0,,,,
130,5,Expe5,12,6,All,5,1,0.8679245283018868,53,0.5,6,0.75,4.0,1.0,2.0,0.0,2.0,0.4,0.8,0.4,5.0
130,6,Expe5,12,3,All,6,1,0.9259259259259259,27,0.6666666666666666,3,0.5,2.0,1.0,1.0,1.0,1.0,0.0,0.0,0.0,1.0
130,7,Expe5,12,6,All,7,2,0.52,50,0.16666666666666666,6,0.3333333333333333,3.0,0.5,2.0,0.0,2.0,2.0,1.5862068965517242,-0.41379310344827586,29.0
130,8,Expe5,12,1,All,8,2,0.7777777777777778,9,0.0,1,,0.0,1.0,1.0,0.0,1.0,0.0,1.0,1.0,1.0
130,9,Expe5,12,4,All,9,2,0.5882352941176471,34,0.0,4,0.0,1.0,0.6666666666666666,3.0,0.0,3.0,1.1428571428571428,1.1428571428571428,0.0,14.0
130,10,Expe5,12,5,All,10,2,0.6585365853658537,41,0.4,5,1.0,2.0,0.0,3.0,0.0,3.0,1.0,1.2307692307692308,0.23076923076923078,13.0
130,11,Expe5,12,3,All,11,2,0.3,20,,,,,,,,,1.6428571428571428,0.7142857142857143,-0.9285714285714286,14.0
130,12,Expe5,12,2,All,12,2,0.46153846153846156,13,,,,,,,,,0.625,1.0,0.375,8.0
130,13,Expe5,12,6,All,13,3,0.5918367346938775,49,0.4,5,1.0,2.0,0.0,2.0,0.0,2.0,1.4444444444444444,1.6111111111111112,0.16666666666666666,18.0
130,14,Expe5,12,3,All,14,3,0.8888888888888888,27,0.6666666666666666,3,1.0,2.0,1.0,1.0,0.0,1.0,0.0,0.5,0.5,2.0
130,15,Expe5,12,5,All,15,3,0.75,44,0.6,5,0.0,1.0,0.75,4.0,0.75,4.0,0.5714285714285714,1.1428571428571428,0.5714285714285714,7.0
130,16,Expe5,12,2,All,16,3,0.8235294117647058,17,0.5,2,1.0,1.0,1.0,1.0,0.0,1.0,0.5,1.0,0.5,2.0
130,17,Expe5,12,1,All,17,3,0.5714285714285714,7,1.0,1,,,,,,,0.5,1.0,0.5,4.0
130,18,Expe5,12,4,All,18,3,0.2916666666666667,24,0.25,4,0.0,1.0,1.0,2.0,0.0,2.0,1.5238095238095237,1.619047619047619,0.09523809523809523,21.0
131,1,Expe5,13,1,All,1,1,0.7777777777777778,9,0.0,1,,0.0,1.0,1.0,0.0,1.0,0.0,1.0,1.0,1.0
131,2,Expe5,13,5,All,2,1,0.6829268292682927,41,0.25,4,1.0,1.0,1.0,2.0,0.0,2.0,1.2,1.3,0.1,10.0
131,3,Expe5,13,6,All,3,1,0.9019607843137255,51,0.8333333333333334,6,1.0,4.0,0.5,2.0,0.5,2.0,0.6666666666666666,1.3333333333333333,0.6666666666666666,3.0
131,4,Expe5,13,2,All,4,1,0.8888888888888888,18,0.5,2,0.0,1.0,1.0,1.0,1.0,1.0,0.0,0.0,0.0,1.0
131,5,Expe5,13,4,All,5,1,0.8611111111111112,36,0.5,4,1.0,1.0,1.0,3.0,0.3333333333333333,3.0,0.0,1.0,1.0,2.0
131,6,Expe5,13,3,All,6,1,1.0,27,1.0,3,1.0,3.0,,0.0,,0.0,,,,
131,7,Expe5,13,4,All,7,2,0.9166666666666666,36,0.75,4,1.0,3.0,1.0,1.0,0.0,1.0,0.5,1.0,0.5,2.0
131,8,Expe5,13,1,All,8,2,0.8888888888888888,9,1.0,1,,0.0,1.0,1.0,1.0,1.0,,,,
131,9,Expe5,13,5,All,9,2,0.8444444444444444,45,0.6,5,1.0,3.0,1.0,2.0,0.0,2.0,0.4,1.0,0.6,5.0
131,10,Expe5,13,3,All,10,2,0.9629629629629629,27,0.6666666666666666,3,0.6666666666666666,3.0,,0.0,,0.0,0.0,0.0,0.0,1.0
131,11,Expe5,13,2,All,11,2,1.0,18,1.0,2,1.0,2.0,,0.0,,0.0,,,,
131,12,Expe5,13,6,All,12,2,0.7924528301886793,53,0.6666666666666666,6,1.0,3.0,0.6666666666666666,3.0,0.3333333333333333,3.0,0.75,0.75,0.0,8.0
131,13,Expe5,13,3,All,13,3,0.9259259259259259,27,0.6666666666666666,3,1.0,2.0,1.0,1.0,0.0,1.0,0.0,1.0,1.0,1.0
131,14,Expe5,13,2,All,14,3,0.7777777777777778,18,0.5,2,,0.0,1.0,2.0,0.5,2.0,0.5,0.5,0.0,2.0
131,15,Expe5,13,6,All,15,3,0.7924528301886793,53,0.6666666666666666,6,1.0,3.0,1.0,3.0,0.3333333333333333,3.0,0.6,1.1,0.5,10.0
131,16,Expe5,13,4,All,16,3,0.9166666666666666,36,0.75,4,1.0,2.0,1.0,2.0,0.5,2.0,0.0,1.0,1.0,1.0
131,17,Expe5,13,5,All,17,3,0.9555555555555556,45,0.8,5,1.0,4.0,1.0,1.0,0.0,1.0,0.0,1.0,1.0,1.0
131,18,Expe5,13,1,All,18,3,0.875,8,1.0,1,,0.0,1.0,1.0,1.0,1.0,,,,
132,1,Expe5,14,5,All,1,1,0.9111111111111111,45,0.8,5,1.0,2.0,1.0,3.0,0.6666666666666666,3.0,0.0,1.0,1.0,1.0
132,2,Expe5,14,2,All,2,1,0.8333333333333334,18,0.5,2,,0.0,1.0,2.0,0.5,2.0,0.0,1.0,1.0,1.0
132,3,Expe5,14,1,All,3,1,0.7777777777777778,9,0.0,1,,0.0,1.0,1.0,0.0,1.0,0.0,1.0,1.0,1.0
132,4,Expe5,14,3,All,4,1,0.8518518518518519,27,0.6666666666666666,3,1.0,1.0,1.0,2.0,0.5,2.0,0.5,1.0,0.5,2.0
132,5,Expe5,14,6,All,5,1,0.75,52,0.6,5,1.0,2.0,1.0,3.0,0.3333333333333333,3.0,0.7,1.1,0.4,10.0
132,6,Expe5,14,4,All,6,1,0.8857142857142857,35,0.75,4,1.0,2.0,1.0,2.0,0.5,2.0,0.0,1.0,1.0,2.0
132,7,Expe5,14,1,All,7,2,0.8888888888888888,9,1.0,1,,0.0,1.0,1.0,1.0,1.0,,,,
132,8,Expe5,14,3,All,8,2,0.9230769230769231,26,1.0,3,1.0,2.0,1.0,1.0,1.0,1.0,0.0,1.0,1.0,1.0
132,9,Expe5,14,4,All,9,2,0.8571428571428571,28,0.75,4,1.0,1.0,1.0,3.0,0.6666666666666666,3.0,0.0,1.0,1.0,1.0
132,10,Expe5,14,6,All,10,2,0.7959183673469388,49,0.8333333333333334,6,1.0,2.0,1.0,4.0,0.75,4.0,0.16666666666666666,0.8333333333333334,0.6666666666666666,6.0
132,11,Expe5,14,5,All,11,2,0.9069767441860465,43,0.8,5,1.0,2.0,1.0,3.0,0.6666666666666666,3.0,0.0,1.0,1.0,2.0
132,12,Expe5,14,2,All,12,2,0.875,16,0.5,2,1.0,1.0,,0.0,,0.0,0.0,0.0,0.0,2.0
132,13,Expe5,14,2,All,13,3,0.9411764705882353,17,1.0,2,1.0,1.0,1.0,1.0,1.0,1.0,,,,
132,14,Expe5,14,4,All,14,3,0.8181818181818182,33,0.75,4,1.0,1.0,0.6666666666666666,3.0,0.6666666666666666,3.0,1.0,0.0,-1.0,3.0
132,15,Expe5,14,3,All,15,3,0.8148148148148148,27,0.6666666666666666,3,,0.0,0.6666666666666666,3.0,0.6666666666666666,3.0,0.5,1.0,0.5,2.0
132,16,Expe5,14,1,All,16,3,1.0,9,1.0,1,1.0,1.0,,0.0,,0.0,,,,
132,17,Expe5,14,6,All,17,3,0.7843137254901961,51,0.6666666666666666,6,1.0,1.0,1.0,5.0,0.6,5.0,0.5,1.0,0.5,8.0
132,18,Expe5,14,5,All,18,3,0.8222222222222222,45,0.8,5,,0.0,1.0,5.0,0.8,5.0,0.3333333333333333,0.6666666666666666,0.3333333333333333,3.0
133,1,Expe5,15,2,All,1,1,0.7777777777777778,18,0.5,2,1.0,1.0,0.0,1.0,0.0,1.0,0.6666666666666666,1.3333333333333333,0.6666666666666666,3.0
133,2,Expe5,15,3,All,2,1,1.0,27,1.0,3,1.0,3.0,,0.0,,0.0,,,,
133,3,Expe5,15,5,All,3,1,0.8863636363636364,44,1.0,4,1.0,2.0,1.0,2.0,1.0,2.0,0.5,0.5,0.0,2.0
133,4,Expe5,15,4,All,4,1,0.9444444444444444,36,0.75,4,1.0,3.0,1.0,1.0,0.0,1.0,0.0,1.0,1.0,1.0
133,5,Expe5,15,1,All,5,1,1.0,9,1.0,1,1.0,1.0,,0.0,,0.0,,,,
133,6,Expe5,15,6,All,6,1,0.7169811320754716,53,0.5,6,1.0,1.0,0.4,5.0,0.4,5.0,1.3,1.1,-0.2,10.0
133,7,Expe5,15,3,All,7,2,0.8888888888888888,27,0.6666666666666666,3,1.0,1.0,1.0,2.0,0.5,2.0,0.0,1.0,1.0,1.0
133,8,Expe5,15,6,All,8,2,0.92,50,1.0,6,1.0,3.0,1.0,3.0,1.0,3.0,0.0,1.0,1.0,1.0
133,9,Expe5,15,1,All,9,2,0.8888888888888888,9,1.0,1,,0.0,1.0,1.0,1.0,1.0,,,,
133,10,Expe5,15,2,All,10,2,0.8888888888888888,18,1.0,2,,0.0,1.0,2.0,1.0,2.0,,,,
133,11,Expe5,15,4,All,11,2,0.8285714285714286,35,0.5,4,0.0,1.0,1.0,3.0,0.6666666666666666,3.0,0.0,0.6666666666666666,0.6666666666666666,3.0
133,12,Expe5,15,5,All,12,2,0.8372093023255814,43,0.75,4,1.0,2.0,1.0,2.0,0.5,2.0,0.5,1.0,0.5,4.0
133,13,Expe5,15,4,All,13,3,0.9444444444444444,36,1.0,4,1.0,2.0,1.0,2.0,1.0,2.0,,,,
133,14,Expe5,15,1,All,14,3,1.0,9,1.0,1,1.0,1.0,,0.0,,0.0,,,,
133,15,Expe5,15,2,All,15,3,0.8823529411764706,17,0.5,2,1.0,1.0,1.0,1.0,0.0,1.0,0.0,1.0,1.0,1.0
133,16,Expe5,15,5,All,16,3,0.8837209302325582,43,0.8,5,1.0,3.0,1.0,2.0,0.5,2.0,0.6666666666666666,1.3333333333333333,0.6666666666666666,3.0
133,17,Expe5,15,3,All,17,3,0.8888888888888888,27,1.0,3,1.0,1.0,1.0,2.0,1.0,2.0,0.0,0.0,0.0,1.0
133,18,Expe5,15,6,All,18,3,0.5961538461538461,52,0.5,6,1.0,2.0,1.0,4.0,0.25,4.0,1.1764705882352942,1.2352941176470589,0.058823529411764705,17.0
134,1,Expe5,16,3,All,1,1,1.0,26,1.0,2,1.0,2.0,,0.0,,0.0,,,,
134,2,Expe5,16,4,All,2,1,0.8857142857142857,35,1.0,4,1.0,3.0,1.0,1.0,1.0,1.0,0.3333333333333333,0.0,-0.3333333333333333,3.0
134,3,Expe5,16,2,All,3,1,1.0,18,1.0,2,1.0,2.0,,0.0,,0.0,,,,
134,4,Expe5,16,6,All,4,1,0.8333333333333334,54,0.6666666666666666,6,1.0,2.0,0.75,4.0,0.5,4.0,0.6666666666666666,1.0,0.3333333333333333,6.0
134,5,Expe5,16,5,All,5,1,0.6888888888888889,45,0.6,5,1.0,1.0,0.75,4.0,0.5,4.0,1.8571428571428572,1.2857142857142858,-0.5714285714285714,14.0
134,6,Expe5,16,1,All,6,1,0.7777777777777778,9,0.0,1,,0.0,1.0,1.0,0.0,1.0,0.0,1.0,1.0,1.0
134,7,Expe5,16,6,All,7,2,0.8333333333333334,54,0.6666666666666666,6,1.0,1.0,0.8,5.0,0.6,5.0,0.5,0.75,0.25,4.0
134,8,Expe5,16,2,All,8,2,0.8888888888888888,18,0.5,2,1.0,1.0,1.0,1.0,0.0,1.0,0.0,1.0,1.0,1.0
134,9,Expe5,16,3,All,9,2,0.8518518518518519,27,0.3333333333333333,3,1.0,1.0,1.0,2.0,0.0,2.0,0.3333333333333333,1.0,0.6666666666666666,3.0
134,10,Expe5,16,5,All,10,2,0.7777777777777778,45,0.6,5,0.6666666666666666,3.0,1.0,2.0,0.5,2.0,1.1111111111111112,1.5555555555555556,0.4444444444444444,9.0
134,11,Expe5,16,1,All,11,2,0.875,8,1.0,1,,0.0,1.0,1.0,1.0,1.0,,,,
134,12,Expe5,16,4,All,12,2,0.8611111111111112,36,0.5,4,0.6666666666666666,3.0,1.0,1.0,0.0,1.0,0.5,0.5,0.0,4.0
134,13,Expe5,16,1,All,13,3,1.0,9,1.0,1,1.0,1.0,,0.0,,0.0,,,,
134,14,Expe5,16,5,All,14,3,0.8,45,0.6,5,1.0,1.0,1.0,4.0,0.5,4.0,0.4,0.8,0.4,5.0
134,15,Expe5,16,4,All,15,3,0.5,36,0.5,4,0.5,2.0,1.0,2.0,0.5,2.0,1.619047619047619,1.4285714285714286,-0.19047619047619047,21.0
134,16,Expe5,16,6,All,16,3,0.6037735849056604,53,0.5,6,1.0,1.0,1.0,5.0,0.4,5.0,1.8,1.9,0.1,20.0
134,17,Expe5,16,2,All,17,3,0.7777777777777778,18,0.5,2,,0.0,1.0,2.0,0.5,2.0,0.5,1.0,0.5,2.0
134,18,Expe5,16,3,All,18,3,0.7777777777777778,27,1.0,3,1.0,1.0,1.0,2.0,1.0,2.0,1.75,0.0,-1.75,4.0
135,1,Expe5,17,4,All,1,1,0.8888888888888888,36,0.75,4,1.0,3.0,1.0,1.0,0.0,1.0,0.6666666666666666,1.3333333333333333,0.6666666666666666,3.0
135,2,Expe5,17,6,All,2,1,0.5686274509803921,51,0.6,5,1.0,2.0,0.6666666666666666,3.0,0.3333333333333333,3.0,1.8571428571428572,1.9523809523809523,0.09523809523809523,21.0
135,3,Expe5,17,3,All,3,1,0.8518518518518519,27,0.6666666666666666,3,1.0,1.0,1.0,2.0,0.5,2.0,1.0,1.0,0.0,3.0
135,4,Expe5,17,1,All,4,1,0.875,8,1.0,1,,0.0,1.0,1.0,1.0,1.0,,,,
135,5,Expe5,17,2,All,5,1,0.8333333333333334,18,0.5,2,,0.0,1.0,2.0,0.5,2.0,0.0,1.0,1.0,1.0
135,6,Expe5,17,5,All,6,1,0.8181818181818182,44,0.4,5,1.0,2.0,1.0,3.0,0.0,3.0,0.5,1.0,0.5,6.0
135,7,Expe5,17,2,All,7,2,0.9375,16,1.0,2,1.0,2.0,,0.0,,0.0,0.0,0.0,0.0,1.0
135,8,Expe5,17,5,All,8,2,0.7209302325581395,43,0.4,5,0.5,2.0,1.0,3.0,0.3333333333333333,3.0,1.3,0.9,-0.4,10.0
135,9,Expe5,17,6,All,9,2,0.6037735849056604,53,0.0,6,0.0,1.0,0.75,4.0,0.0,4.0,0.9444444444444444,0.9444444444444444,0.0,18.0
135,10,Expe5,17,4,All,10,2,0.8611111111111112,36,0.5,4,1.0,1.0,1.0,3.0,0.3333333333333333,3.0,0.0,1.0,1.0,2.0
135,11,Expe5,17,3,All,11,2,0.8888888888888888,27,0.3333333333333333,3,0.5,2.0,1.0,1.0,0.0,1.0,0.0,0.5,0.5,2.0
135,12,Expe5,17,1,All,12,2,0.7777777777777778,9,0.0,1,,0.0,1.0,1.0,0.0,1.0,0.0,1.0,1.0,1.0
135,13,Expe5,17,5,All,13,3,0.5333333333333333,45,0.0,5,0.0,1.0,0.25,4.0,0.0,4.0,1.85,1.75,-0.1,20.0
135,14,Expe5,17,6,All,14,3,0.8703703703703703,54,0.8333333333333334,6,1.0,3.0,1.0,3.0,0.6666666666666666,3.0,1.2,1.0,-0.2,5.0
135,15,Expe5,17,1,All,15,3,0.8888888888888888,9,1.0,1,,0.0,1.0,1.0,1.0,1.0,,,,
135,16,Expe5,17,3,All,16,3,0.8518518518518519,27,0.6666666666666666,3,1.0,1.0,1.0,2.0,0.5,2.0,0.0,0.5,0.5,2.0
135,17,Expe5,17,4,All,17,3,0.7222222222222222,36,0.5,4,1.0,1.0,1.0,3.0,0.3333333333333333,3.0,1.0,1.0,0.0,7.0
135,18,Expe5,17,2,All,18,3,0.9444444444444444,18,1.0,2,1.0,1.0,1.0,1.0,1.0,1.0,0.0,1.0,1.0,1.0
136,1,Expe5,18,6,All,1,1,0.8703703703703703,54,0.8333333333333334,6,1.0,3.0,1.0,3.0,0.6666666666666666,3.0,0.75,0.25,-0.5,4.0
136,2,Expe5,18,1,All,2,1,0.8888888888888888,9,1.0,1,,0.0,1.0,1.0,1.0,1.0,,,,
136,3,Expe5,18,4,All,3,1,0.7222222222222222,36,0.25,4,,0.0,0.75,4.0,0.25,4.0,0.7142857142857143,1.0,0.2857142857142857,7.0
136,4,Expe5,18,5,All,4,1,0.8444444444444444,45,0.8,5,1.0,2.0,1.0,3.0,0.6666666666666666,3.0,0.25,0.75,0.5,4.0
136,5,Expe5,18,3,All,5,1,0.7407407407407407,27,0.3333333333333333,3,,0.0,1.0,3.0,0.3333333333333333,3.0,0.25,1.0,0.75,4.0
136,6,Expe5,18,2,All,6,1,0.8888888888888888,18,0.5,2,1.0,1.0,1.0,1.0,0.0,1.0,0.0,1.0,1.0,1.0
136,7,Expe5,18,5,All,7,2,0.7777777777777778,45,0.6,5,1.0,1.0,0.5,4.0,0.5,4.0,0.5,1.0,0.5,6.0
136,8,Expe5,18,4,All,8,2,0.8888888888888888,36,0.75,4,1.0,2.0,1.0,2.0,0.5,2.0,0.0,0.5,0.5,2.0
136,9,Expe5,18,2,All,9,2,0.7222222222222222,18,0.0,2,,0.0,1.0,2.0,0.0,2.0,0.3333333333333333,1.0,0.6666666666666666,3.0
136,10,Expe5,18,1,All,10,2,1.0,9,1.0,1,1.0,1.0,,0.0,,0.0,,,,
136,11,Expe5,18,6,All,11,2,0.8301886792452831,53,0.6666666666666666,6,1.0,1.0,0.6,5.0,0.6,5.0,0.75,1.0,0.25,4.0
136,12,Expe5,18,3,All,12,2,0.8888888888888888,27,1.0,3,1.0,2.0,1.0,1.0,1.0,1.0,0.0,0.3333333333333333,0.3333333333333333,3.0
136,13,Expe5,18,6,All,13,3,0.8888888888888888,54,0.8333333333333334,6,1.0,2.0,1.0,4.0,0.75,4.0,0.5,0.5,0.0,2.0
136,14,Expe5,18,3,All,14,3,0.8518518518518519,27,0.3333333333333333,3,0.3333333333333333,3.0,,0.0,,0.0,0.0,0.5,0.5,4.0
136,15,Expe5,18,5,All,15,3,0.8222222222222222,45,0.6,5,1.0,2.0,0.6666666666666666,3.0,0.3333333333333333,3.0,0.5,1.0,0.5,6.0
136,16,Expe5,18,2,All,16,3,0.7058823529411765,17,0.0,2,,0.0,1.0,1.0,0.0,1.0,0.75,0.25,-0.5,4.0
136,17,Expe5,18,1,All,17,3,1.0,9,1.0,1,1.0,1.0,,0.0,,0.0,,,,
136,18,Expe5,18,4,All,18,3,0.8888888888888888,36,0.75,4,1.0,2.0,1.0,2.0,0.5,2.0,0.3333333333333333,1.0,0.6666666666666666,3.0
137,1,Expe5,19,2,All,1,1,0.8888888888888888,18,0.5,2,1.0,1.0,1.0,1.0,0.0,1.0,0.0,1.0,1.0,1.0
137,2,Expe5,19,4,All,2,1,0.8888888888888888,36,0.75,4,1.0,1.0,0.6666666666666666,3.0,0.6666666666666666,3.0,0.5,0.0,-0.5,2.0
137,3,Expe5,19,5,All,3,1,0.8666666666666667,45,0.8,5,1.0,2.0,1.0,3.0,0.6666666666666666,3.0,0.6666666666666666,0.6666666666666666,0.0,3.0
137,4,Expe5,19,3,All,4,1,0.7407407407407407,27,0.3333333333333333,3,1.0,1.0,1.0,2.0,0.0,2.0,0.4,0.8,0.4,5.0
137,5,Expe5,19,6,All,5,1,0.9259259259259259,54,1.0,6,1.0,3.0,1.0,3.0,1.0,3.0,1.0,0.0,-1.0,1.0
137,6,Expe5,19,1,All,6,1,0.8888888888888888,9,1.0,1,,0.0,1.0,1.0,1.0,1.0,,,,
137,7,Expe5,19,5,All,7,2,0.7555555555555555,45,0.4,5,,0.0,0.8,5.0,0.4,5.0,0.5714285714285714,0.7142857142857143,0.14285714285714285,7.0
137,8,Expe5,19,2,All,8,2,0.8333333333333334,18,0.5,2,,0.0,1.0,2.0,0.5,2.0,0.0,1.0,1.0,1.0
137,9,Expe5,19,6,All,9,2,0.7962962962962963,54,0.6666666666666666,6,1.0,2.0,1.0,4.0,0.5,4.0,0.5714285714285714,0.7142857142857143,0.14285714285714285,7.0
137,10,Expe5,19,4,All,10,2,0.8888888888888888,36,0.5,4,1.0,2.0,1.0,2.0,0.0,2.0,0.0,1.0,1.0,2.0
137,11,Expe5,19,1,All,11,2,1.0,9,1.0,1,1.0,1.0,,0.0,,0.0,,,,
137,12,Expe5,19,3,All,12,2,0.8888888888888888,27,0.6666666666666666,3,0.5,2.0,1.0,1.0,1.0,1.0,0.3333333333333333,0.0,-0.3333333333333333,3.0
137,13,Expe5,19,1,All,13,3,1.0,9,1.0,1,1.0,1.0,,0.0,,0.0,,,,
137,14,Expe5,19,3,All,14,3,0.9629629629629629,27,1.0,3,1.0,2.0,1.0,1.0,1.0,1.0,,,,
137,15,Expe5,19,4,All,15,3,0.9722222222222222,36,1.0,4,1.0,3.0,1.0,1.0,1.0,1.0,0.0,0.0,0.0,1.0
137,16,Expe5,19,6,All,16,3,0.7962962962962963,54,0.3333333333333333,6,,0.0,0.8333333333333334,6.0,0.3333333333333333,6.0,0.4,0.8,0.4,5.0
137,17,Expe5,19,5,All,17,3,0.9111111111111111,45,1.0,5,1.0,2.0,1.0,3.0,1.0,3.0,0.5,0.0,-0.5,2.0
137,18,Expe5,19,2,All,18,3,0.8888888888888888,18,0.5,2,0.0,1.0,1.0,1.0,1.0,1.0,0.5,0.0,-0.5,2.0
138,1,Expe5,20,4,All,1,1,0.8529411764705882,34,0.75,4,1.0,1.0,1.0,3.0,0.6666666666666666,3.0,0.5,1.0,0.5,2.0
138,2,Expe5,20,3,All,2,1,0.9615384615384616,26,1.0,3,1.0,2.0,1.0,1.0,1.0,1.0,,,,
138,3,Expe5,20,2,All,3,1,0.9444444444444444,18,1.0,2,1.0,1.0,1.0,1.0,1.0,1.0,,,,
138,4,Expe5,20,1,All,4,1,1.0,9,1.0,1,1.0,1.0,,0.0,,0.0,,,,
138,5,Expe5,20,5,All,5,1,0.7954545454545454,44,0.5,4,1.0,2.0,0.5,2.0,0.0,2.0,0.5,1.1666666666666667,0.6666666666666666,6.0
138,6,Expe5,20,6,All,6,1,0.8703703703703703,54,0.6666666666666666,6,1.0,3.0,0.3333333333333333,3.0,0.3333333333333333,3.0,0.8,0.6,-0.2,5.0
138,7,Expe5,20,2,All,7,2,0.8333333333333334,18,0.5,2,,0.0,1.0,2.0,0.5,2.0,0.0,1.0,1.0,1.0
138,8,Expe5,20,4,All,8,2,0.9166666666666666,36,0.75,4,1.0,3.0,0.0,1.0,0.0,1.0,1.5,0.0,-1.5,2.0
138,9,Expe5,20,5,All,9,2,0.9777777777777777,45,1.0,5,1.0,4.0,1.0,1.0,1.0,1.0,,,,
138,10,Expe5,20,3,All,10,2,0.9230769230769231,26,0.6666666666666666,3,1.0,1.0,1.0,1.0,0.0,1.0,0.0,1.0,1.0,1.0
138,11,Expe5,20,6,All,11,2,0.9814814814814815,54,1.0,6,1.0,6.0,,0.0,,0.0,0.0,0.0,0.0,1.0
138,12,Expe5,20,1,All,12,2,0.8888888888888888,9,1.0,1,,0.0,1.0,1.0,1.0,1.0,,,,
138,13,Expe5,20,3,All,13,3,1.0,27,1.0,3,1.0,3.0,,0.0,,0.0,,,,
138,14,Expe5,20,6,All,14,3,0.9444444444444444,54,1.0,6,1.0,4.0,1.0,2.0,1.0,2.0,1.5,0.0,-1.5,2.0
138,15,Expe5,20,1,All,15,3,0.7777777777777778,9,0.0,1,,0.0,1.0,1.0,0.0,1.0,0.0,1.0,1.0,1.0
138,16,Expe5,20,2,All,16,3,1.0,18,1.0,2,1.0,2.0,,0.0,,0.0,,,,
138,17,Expe5,20,4,All,17,3,0.8888888888888888,36,0.75,4,1.0,3.0,1.0,1.0,0.0,1.0,0.3333333333333333,0.6666666666666666,0.3333333333333333,3.0
138,18,Expe5,20,5,All,18,3,0.8666666666666667,45,0.8,5,1.0,2.0,1.0,3.0,0.6666666666666666,3.0,0.3333333333333333,0.3333333333333333,0.0,3.0
139,1,Expe5,21,3,All,1,1,0.8846153846153846,26,0.6666666666666666,3,1.0,1.0,1.0,1.0,0.0,1.0,0.5,1.0,0.5,2.0
139,2,Expe5,21,1,All,2,1,0.7777777777777778,9,0.0,1,,0.0,1.0,1.0,0.0,1.0,0.0,1.0,1.0,1.0
139,3,Expe5,21,4,All,3,1,0.7777777777777778,36,0.5,4,1.0,1.0,1.0,3.0,0.3333333333333333,3.0,0.8333333333333334,1.3333333333333333,0.5,6.0
139,4,Expe5,21,6,All,4,1,0.6111111111111112,54,0.5,6,1.0,3.0,0.0,3.0,0.0,3.0,1.6666666666666667,2.0,0.3333333333333333,18.0
139,5,Expe5,21,2,All,5,1,0.9411764705882353,17,1.0,2,1.0,1.0,1.0,1.0,1.0,1.0,0.0,1.0,1.0,1.0
139,6,Expe5,21,5,All,6,1,0.9090909090909091,44,0.6,5,1.0,3.0,0.0,2.0,0.0,2.0,1.0,0.0,-1.0,2.0
139,7,Expe5,21,4,All,7,2,0.6111111111111112,36,0.25,4,,0.0,0.75,4.0,0.25,4.0,0.8,1.4,0.6,10.0
139,8,Expe5,21,3,All,8,2,0.5555555555555556,27,0.0,3,0.0,1.0,1.0,2.0,0.0,2.0,1.4166666666666667,1.75,0.3333333333333333,12.0
139,9,Expe5,21,2,All,9,2,0.9444444444444444,18,1.0,2,1.0,1.0,1.0,1.0,1.0,1.0,,,,
139,10,Expe5,21,1,All,10,2,0.8888888888888888,9,1.0,1,,0.0,1.0,1.0,1.0,1.0,,,,
139,11,Expe5,21,5,All,11,2,0.7954545454545454,44,0.6,5,1.0,3.0,0.5,2.0,0.0,2.0,0.5,1.0,0.5,8.0
139,12,Expe5,21,6,All,12,2,0.6296296296296297,54,0.3333333333333333,6,0.3333333333333333,3.0,0.6666666666666666,3.0,0.3333333333333333,3.0,1.5294117647058822,1.411764705882353,-0.11764705882352941,17.0
139,13,Expe5,21,6,All,13,3,0.8518518518518519,54,0.6666666666666666,6,1.0,1.0,0.8,5.0,0.6,5.0,0.75,0.5,-0.25,4.0
139,14,Expe5,21,2,All,14,3,0.9444444444444444,18,1.0,2,1.0,2.0,,0.0,,0.0,0.0,0.0,0.0,1.0
139,15,Expe5,21,3,All,15,3,1.0,27,1.0,3,1.0,3.0,,0.0,,0.0,,,,
139,16,Expe5,21,5,All,16,3,0.9318181818181818,44,0.8,5,1.0,4.0,,0.0,,0.0,0.0,0.25,0.25,4.0
139,17,Expe5,21,1,All,17,3,1.0,9,1.0,1,1.0,1.0,,0.0,,0.0,,,,
139,18,Expe5,21,4,All,18,3,0.9444444444444444,36,0.75,4,1.0,3.0,0.0,1.0,0.0,1.0,1.0,0.0,-1.0,1.0
140,1,Expe5,22,1,All,1,1,0.7777777777777778,9,1.0,1,1.0,1.0,,0.0,,0.0,0.0,0.5,0.5,2.0
140,2,Expe5,22,6,All,2,1,0.6666666666666666,51,0.5,6,1.0,2.0,1.0,4.0,0.25,4.0,0.9230769230769231,1.4615384615384615,0.5384615384615384,13.0
140,3,Expe5,22,3,All,3,1,0.9629629629629629,27,1.0,3,1.0,3.0,,0.0,,0.0,0.0,0.0,0.0,1.0
140,4,Expe5,22,5,All,4,1,0.8809523809523809,42,0.6,5,0.75,4.0,1.0,1.0,0.0,1.0,0.25,0.25,0.0,4.0
140,5,Expe5,22,4,All,5,1,0.7428571428571429,35,0.5,4,1.0,1.0,1.0,3.0,0.3333333333333333,3.0,0.6666666666666666,0.8333333333333334,0.16666666666666666,6.0
140,6,Expe5,22,2,All,6,1,0.8333333333333334,18,0.0,2,0.0,1.0,1.0,1.0,0.0,1.0,0.0,0.5,0.5,2.0
140,7,Expe5,22,3,All,7,2,0.76,25,0.3333333333333333,3,,0.0,0.6666666666666666,3.0,0.3333333333333333,3.0,0.3333333333333333,1.0,0.6666666666666666,3.0
140,8,Expe5,22,1,All,8,2,0.8888888888888888,9,1.0,1,,0.0,1.0,1.0,1.0,1.0,,,,
140,9,Expe5,22,4,All,9,2,0.8,35,0.5,4,1.0,2.0,0.5,2.0,0.0,2.0,0.4,0.8,0.4,5.0
140,10,Expe5,22,6,All,10,2,0.7962962962962963,54,0.5,6,1.0,3.0,1.0,3.0,0.0,3.0,0.5,0.625,0.125,8.0
140,11,Expe5,22,2,All,11,2,0.8333333333333334,18,0.5,2,,0.0,1.0,2.0,0.5,2.0,0.0,1.0,1.0,1.0
140,12,Expe5,22,5,All,12,2,0.5555555555555556,45,0.2,5,1.0,1.0,0.25,4.0,0.0,4.0,1.3125,1.3125,0.0,16.0
140,13,Expe5,22,2,All,13,3,0.7777777777777778,18,1.0,2,,0.0,1.0,2.0,1.0,2.0,0.5,0.5,0.0,2.0
140,14,Expe5,22,5,All,14,3,0.7333333333333333,45,0.4,5,1.0,1.0,0.75,4.0,0.25,4.0,1.0,1.125,0.125,8.0
140,15,Expe5,22,6,All,15,3,0.6415094339622641,53,0.5,6,,0.0,1.0,6.0,0.5,6.0,1.2142857142857142,0.5714285714285714,-0.6428571428571429,14.0
140,16,Expe5,22,4,All,16,3,0.6666666666666666,36,0.25,4,1.0,1.0,0.6666666666666666,3.0,0.0,3.0,0.8888888888888888,1.2222222222222223,0.3333333333333333,9.0
140,17,Expe5,22,3,All,17,3,0.8148148148148148,27,1.0,3,,0.0,1.0,3.0,1.0,3.0,0.5,0.5,0.0,2.0
140,18,Expe5,22,1,All,18,3,0.8888888888888888,9,1.0,1,,0.0,1.0,1.0,1.0,1.0,,,,
141,1,Expe5,23,6,All,1,1,0.8461538461538461,52,0.6666666666666666,6,1.0,2.0,0.75,4.0,0.5,4.0,0.5,0.75,0.25,4.0
141,2,Expe5,23,5,All,2,1,0.8222222222222222,45,0.6,5,1.0,1.0,0.75,4.0,0.5,4.0,0.5,1.0,0.5,4.0
141,3,Expe5,23,1,All,3,1,0.8888888888888888,9,1.0,1,,0.0,1.0,1.0,1.0,1.0,,,,
141,4,Expe5,23,2,All,4,1,0.8333333333333334,18,0.5,2,1.0,1.0,1.0,1.0,0.0,1.0,0.0,0.5,0.5,2.0
141,5,Expe5,23,3,All,5,1,0.9615384615384616,26,1.0,3,1.0,2.0,1.0,1.0,1.0,1.0,,,,
141,6,Expe5,23,4,All,6,1,0.75,36,0.5,4,1.0,2.0,1.0,2.0,0.0,2.0,1.1428571428571428,1.4285714285714286,0.2857142857142857,7.0
141,7,Expe5,23,1,All,7,2,0.75,8,0.0,1,,0.0,1.0,1.0,0.0,1.0,0.0,1.0,1.0,1.0
141,8,Expe5,23,6,All,8,2,0.803921568627451,51,0.6666666666666666,6,1.0,1.0,1.0,3.0,0.6666666666666666,3.0,0.5714285714285714,0.2857142857142857,-0.2857142857142857,7.0
141,9,Expe5,23,3,All,9,2,0.8888888888888888,27,1.0,3,1.0,1.0,1.0,2.0,1.0,2.0,0.0,0.5,0.5,2.0
141,10,Expe5,23,5,All,10,2,0.8409090909090909,44,0.4,5,1.0,1.0,1.0,4.0,0.25,4.0,0.0,1.0,1.0,3.0
141,11,Expe5,23,4,All,11,2,0.8611111111111112,36,0.5,4,1.0,1.0,1.0,3.0,0.3333333333333333,3.0,0.0,1.0,1.0,2.0
141,12,Expe5,23,2,All,12,2,0.8333333333333334,18,0.5,2,,0.0,1.0,2.0,0.5,2.0,0.0,1.0,1.0,1.0
141,13,Expe5,23,5,All,13,3,0.8444444444444444,45,0.6,5,1.0,1.0,1.0,4.0,0.5,4.0,0.25,0.75,0.5,4.0
141,14,Expe5,23,4,All,14,3,0.9166666666666666,36,1.0,4,1.0,2.0,1.0,2.0,1.0,2.0,0.0,1.0,1.0,1.0
141,15,Expe5,23,2,All,15,3,0.8888888888888888,18,1.0,2,1.0,1.0,1.0,1.0,1.0,1.0,1.0,0.0,-1.0,1.0
141,16,Expe5,23,1,All,16,3,1.0,9,1.0,1,1.0,1.0,,0.0,,0.0,,,,
141,17,Expe5,23,6,All,17,3,0.660377358490566,53,0.6666666666666666,6,1.0,2.0,0.5,4.0,0.5,4.0,1.6428571428571428,1.0,-0.6428571428571429,14.0
141,18,Expe5,23,3,All,18,3,0.8888888888888888,27,0.6666666666666666,3,1.0,1.0,1.0,2.0,0.5,2.0,0.0,1.0,1.0,1.0
142,1,Expe5,24,5,All,1,1,0.8863636363636364,44,0.6,5,1.0,2.0,1.0,3.0,0.3333333333333333,3.0,0.0,1.0,1.0,2.0
142,2,Expe5,24,2,All,2,1,0.8888888888888888,18,0.5,2,1.0,1.0,1.0,1.0,0.0,1.0,0.0,1.0,1.0,1.0
142,3,Expe5,24,6,All,3,1,0.660377358490566,53,0.5,6,1.0,1.0,0.8,5.0,0.4,5.0,1.9375,1.5,-0.4375,16.0
142,4,Expe5,24,4,All,4,1,0.8888888888888888,36,1.0,4,1.0,1.0,1.0,3.0,1.0,3.0,0.0,1.0,1.0,1.0
142,5,Expe5,24,1,All,5,1,0.8888888888888888,9,1.0,1,,0.0,1.0,1.0,1.0,1.0,,,,
142,6,Expe5,24,3,All,6,1,0.8518518518518519,27,0.3333333333333333,3,1.0,1.0,1.0,2.0,0.0,2.0,0.0,1.0,1.0,2.0
142,7,Expe5,24,6,All,7,2,0.9074074074074074,54,0.8333333333333334,6,1.0,2.0,1.0,4.0,0.75,4.0,0.0,1.0,1.0,1.0
142,8,Expe5,24,5,All,8,2,0.8444444444444444,45,0.8,5,1.0,1.0,1.0,4.0,0.75,4.0,0.0,0.6666666666666666,0.6666666666666666,3.0
142,9,Expe5,24,1,All,9,2,0.8888888888888888,9,1.0,1,,0.0,1.0,1.0,1.0,1.0,,,,
142,10,Expe5,24,2,All,10,2,0.9444444444444444,18,1.0,2,1.0,1.0,1.0,1.0,1.0,1.0,,,,
142,11,Expe5,24,3,All,11,2,0.8518518518518519,27,0.6666666666666666,3,1.0,1.0,1.0,2.0,0.5,2.0,0.0,0.5,0.5,2.0
142,12,Expe5,24,4,All,12,2,0.9166666666666666,36,0.75,4,1.0,2.0,1.0,2.0,0.5,2.0,0.0,1.0,1.0,2.0
142,13,Expe5,24,4,All,13,3,0.8611111111111112,36,0.5,4,1.0,1.0,1.0,3.0,0.3333333333333333,3.0,0.0,1.0,1.0,2.0
142,14,Expe5,24,1,All,14,3,1.0,9,1.0,1,1.0,1.0,,0.0,,0.0,,,,
142,15,Expe5,24,5,All,15,3,0.8666666666666667,45,0.6,5,1.0,1.0,1.0,4.0,0.5,4.0,0.0,1.0,1.0,2.0
142,16,Expe5,24,3,All,16,3,1.0,27,1.0,3,1.0,3.0,,0.0,,0.0,,,,
142,17,Expe5,24,2,All,17,3,0.8888888888888888,18,1.0,2,,0.0,1.0,2.0,1.0,2.0,,,,
142,18,Expe5,24,6,All,18,3,0.8518518518518519,54,0.5,6,0.6666666666666666,3.0,0.6666666666666666,3.0,0.3333333333333333,3.0,0.6,0.8,0.2,5.0
143,1,Expe5,25,2,All,1,1,1.0,18,1.0,2,1.0,2.0,,0.0,,0.0,,,,
143,2,Expe5,25,4,All,2,1,0.7941176470588235,34,0.75,4,1.0,1.0,0.6666666666666666,3.0,0.6666666666666666,3.0,0.5,0.5,0.0,4.0
143,3,Expe5,25,5,All,3,1,0.7272727272727273,44,0.25,4,1.0,1.0,1.0,3.0,0.0,3.0,0.625,1.25,0.625,8.0
143,4,Expe5,25,3,All,4,1,0.7727272727272727,22,0.5,2,1.0,1.0,1.0,1.0,0.0,1.0,1.0,0.3333333333333333,-0.6666666666666666,3.0
143,5,Expe5,25,6,All,5,1,0.7021276595744681,47,0.6,5,1.0,3.0,1.0,1.0,0.0,1.0,1.3076923076923077,1.0769230769230769,-0.23076923076923078,13.0
143,6,Expe5,25,1,All,6,1,1.0,9,1.0,1,1.0,1.0,,0.0,,0.0,,,,
143,7,Expe5,25,1,All,7,2,0.875,8,1.0,1,,0.0,1.0,1.0,1.0,1.0,,,,
143,8,Expe5,25,3,All,8,2,0.84,25,1.0,3,1.0,2.0,1.0,1.0,1.0,1.0,0.3333333333333333,0.0,-0.3333333333333333,3.0
143,9,Expe5,25,4,All,9,2,0.6551724137931034,29,0.5,2,1.0,1.0,0.0,1.0,0.0,1.0,0.9,0.8,-0.1,10.0
143,10,Expe5,25,6,All,10,2,0.5471698113207547,53,0.0,6,0.0,4.0,1.0,2.0,0.0,2.0,1.6521739130434783,0.8695652173913043,-0.782608695652174,23.0
143,11,Expe5,25,5,All,11,2,0.8055555555555556,36,0.6,5,1.0,2.0,0.3333333333333333,3.0,0.3333333333333333,3.0,0.42857142857142855,1.0,0.5714285714285714,7.0
143,12,Expe5,25,2,All,12,2,0.8,10,1.0,1,1.0,1.0,,0.0,,0.0,0.0,0.0,0.0,1.0
143,13,Expe5,25,5,All,13,3,0.7435897435897436,39,0.6,5,1.0,3.0,0.5,2.0,0.0,2.0,1.25,1.4166666666666667,0.16666666666666666,12.0
143,14,Expe5,25,2,All,14,3,0.75,12,1.0,2,,0.0,1.0,2.0,1.0,2.0,1.0,0.0,-1.0,1.0
143,15,Expe5,25,6,All,15,3,0.5769230769230769,52,0.3333333333333333,6,1.0,1.0,0.8,5.0,0.2,5.0,1.631578947368421,1.5789473684210527,-0.05263157894736842,19.0
143,16,Expe5,25,4,All,16,3,0.9444444444444444,36,0.75,4,1.0,3.0,1.0,1.0,0.0,1.0,0.0,1.0,1.0,1.0
143,17,Expe5,25,1,All,17,3,0.8888888888888888,9,1.0,1,,0.0,1.0,1.0,1.0,1.0,,,,
143,18,Expe5,25,3,All,18,3,0.5,26,0.0,3,,0.0,0.5,2.0,0.0,2.0,1.0,1.1666666666666667,0.16666666666666666,12.0
144,1,Expe5,26,4,All,1,1,0.75,28,1.0,1,,,,,,,0.5,0.625,0.125,8.0
144,2,Expe5,26,3,All,2,1,0.8076923076923077,26,0.3333333333333333,3,1.0,1.0,1.0,2.0,0.0,2.0,0.3333333333333333,1.0,0.6666666666666666,3.0
144,3,Expe5,26,2,All,3,1,0.8888888888888888,18,0.5,2,1.0,1.0,1.0,1.0,0.0,1.0,0.0,1.0,1.0,1.0
144,4,Expe5,26,1,All,4,1,0.7777777777777778,9,0.0,1,,0.0,1.0,1.0,0.0,1.0,0.0,1.0,1.0,1.0
144,5,Expe5,26,5,All,5,1,0.8888888888888888,45,0.6,5,1.0,2.0,1.0,3.0,0.3333333333333333,3.0,0.0,1.0,1.0,2.0
144,6,Expe5,26,6,All,6,1,0.8627450980392157,51,0.6,5,1.0,1.0,1.0,4.0,0.5,4.0,0.3333333333333333,1.0,0.6666666666666666,3.0
144,7,Expe5,26,3,All,7,2,0.9615384615384616,26,1.0,3,1.0,2.0,1.0,1.0,1.0,1.0,,,,
144,8,Expe5,26,6,All,8,2,0.8653846153846154,52,0.8333333333333334,6,1.0,3.0,1.0,3.0,0.6666666666666666,3.0,1.0,1.5,0.5,4.0
144,9,Expe5,26,1,All,9,2,0.8888888888888888,9,1.0,1,,0.0,1.0,1.0,1.0,1.0,,,,
144,10,Expe5,26,2,All,10,2,0.8888888888888888,18,1.0,2,,0.0,1.0,2.0,1.0,2.0,,,,
144,11,Expe5,26,4,All,11,2,0.8571428571428571,35,0.5,4,0.5,2.0,1.0,1.0,1.0,1.0,0.25,0.5,0.25,4.0
144,12,Expe5,26,5,All,12,2,0.9333333333333333,45,1.0,5,1.0,3.0,1.0,2.0,1.0,2.0,0.0,0.0,0.0,1.0
144,13,Expe5,26,2,All,13,3,0.9444444444444444,18,0.5,2,0.5,2.0,,0.0,,0.0,0.0,0.0,0.0,1.0
144,14,Expe5,26,4,All,14,3,0.9722222222222222,36,1.0,4,1.0,3.0,1.0,1.0,1.0,1.0,,,,
144,15,Expe5,26,5,All,15,3,0.9777777777777777,45,1.0,5,1.0,4.0,1.0,1.0,1.0,1.0,,,,
144,16,Expe5,26,3,All,16,3,1.0,27,1.0,3,1.0,3.0,,0.0,,0.0,0.0,0.0,0.0,1.0
144,17,Expe5,26,6,All,17,3,0.9230769230769231,52,0.8333333333333334,6,1.0,3.0,1.0,2.0,0.5,2.0,0.3333333333333333,0.6666666666666666,0.3333333333333333,3.0
144,18,Expe5,26,1,All,18,3,0.7777777777777778,9,0.0,1,,0.0,1.0,1.0,0.0,1.0,0.0,1.0,1.0,1.0
145,1,Expe5,27,3,All,1,1,0.9259259259259259,27,1.0,3,1.0,1.0,1.0,2.0,1.0,2.0,,,,
145,2,Expe5,27,1,All,2,1,0.7777777777777778,9,0.0,1,,0.0,1.0,1.0,0.0,1.0,0.0,1.0,1.0,1.0
145,3,Expe5,27,4,All,3,1,0.78125,32,0.5,4,1.0,1.0,1.0,2.0,0.5,2.0,0.16666666666666666,0.6666666666666666,0.5,6.0
145,4,Expe5,27,6,All,4,1,0.78,50,0.8333333333333334,6,1.0,3.0,0.6666666666666666,3.0,0.6666666666666666,3.0,1.4,1.1,-0.3,10.0
145,5,Expe5,27,2,All,5,1,0.9333333333333333,15,1.0,2,1.0,1.0,1.0,1.0,1.0,1.0,,,,
145,6,Expe5,27,5,All,6,1,0.7692307692307693,39,0.4,5,1.0,1.0,1.0,1.0,1.0,1.0,0.7777777777777778,0.6666666666666666,-0.1111111111111111,9.0
145,7,Expe5,27,6,All,7,2,0.717391304347826,46,0.5,6,1.0,1.0,0.8,5.0,0.4,5.0,0.625,1.25,0.625,8.0
145,8,Expe5,27,2,All,8,2,0.8333333333333334,18,1.0,2,1.0,2.0,,0.0,,0.0,0.3333333333333333,0.0,-0.3333333333333333,3.0
145,9,Expe5,27,3,All,9,2,0.9615384615384616,26,1.0,3,1.0,3.0,,0.0,,0.0,0.0,0.0,0.0,1.0
145,10,Expe5,27,5,All,10,2,0.7674418604651163,43,0.6,5,1.0,2.0,0.6666666666666666,3.0,0.3333333333333333,3.0,0.875,0.75,-0.125,8.0
145,11,Expe5,27,1,All,11,2,1.0,8,1.0,1,1.0,1.0,,0.0,,0.0,,,,
145,12,Expe5,27,4,All,12,2,0.7272727272727273,33,0.25,4,,0.0,0.75,4.0,0.25,4.0,0.4,1.0,0.6,5.0
145,13,Expe5,27,4,All,13,3,0.8484848484848485,33,0.5,4,0.0,1.0,1.0,3.0,0.6666666666666666,3.0,0.0,0.5,0.5,2.0
145,14,Expe5,27,3,All,14,3,0.9230769230769231,26,0.6666666666666666,3,1.0,2.0,1.0,1.0,0.0,1.0,0.0,1.0,1.0,1.0
145,15,Expe5,27,2,All,15,3,0.8333333333333334,18,0.5,2,,0.0,1.0,2.0,0.5,2.0,0.0,1.0,1.0,1.0
145,16,Expe5,27,1,All,16,3,0.8888888888888888,9,1.0,1,,0.0,1.0,1.0,1.0,1.0,,,,
145,17,Expe5,27,5,All,17,3,0.8372093023255814,43,0.6,5,1.0,3.0,1.0,2.0,0.0,2.0,0.4,0.6,0.2,5.0
145,18,Expe5,27,6,All,18,3,0.36,50,0.0,6,0.0,1.0,1.0,5.0,0.0,5.0,1.5517241379310345,2.0344827586206895,0.4827586206896552,29.0
