subject,group,experiment,block,set_size,set_size_exposure,stimulus,iteration,chosen_error_count,unchosen_error_count,error_avoidance_D
1,All,Expe1,1,2,1,1,2,1,0,-1
1,All,Expe1,1,2,1,1,3,2,0,-2
1,All,Expe1,1,2,1,1,4,0,3,3
1,All,Expe1,1,2,1,2,2,0,1,1
1,All,Expe1,1,2,1,2,3,1,1,0
1,All,Expe1,2,3,1,3,2,0,1,1
1,All,Expe1,3,2,2,1,2,0,1,1
1,All,Expe1,3,2,2,2,2,0,1,1
1,All,Expe1,4,5,1,1,2,1,0,-1
1,All,Expe1,4,5,1,1,3,2,0,-2
1,All,Expe1,4,5,1,1,4,0,3,3
1,All,Expe1,4,5,1,4,2,0,1,1
1,All,Expe1,5,6,1,1,2,0,1,1
1,All,Expe1,5,6,1,1,3,1,1,0
1,All,Expe1,5,6,1,1,4,2,1,-1
1,All,Expe1,5,6,1,1,5,1,3,2
1,All,Expe1,5,6,1,1,6,2,3,1
1,All,Expe1,5,6,1,1,8,3,3,0
1,All,Expe1,5,6,1,1,11,4,3,-1
1,All,Expe1,5,6,1,2,2,0,1,1
1,All,Expe1,5,6,1,2,3,1,1,0
1,All,Expe1,5,6,1,2,4,1,2,1
1,All,Expe1,5,6,1,2,5,2,2,0
1,All,Expe1,5,6,1,2,6,2,3,1
1,All,Expe1,5,6,1,2,7,3,3,0
1,All,Expe1,5,6,1,2,8,3,4,1
1,All,Expe1,5,6,1,2,11,4,4,0
1,All,Expe1,5,6,1,3,3,1,0,-1
1,All,Expe1,5,6,1,3,5,0,2,2
1,All,Expe1,5,6,1,3,6,2,1,-1
1,All,Expe1,5,6,1,3,7,3,1,-2
1,All,Expe1,5,6,1,3,8,1,4,3
1,All,Expe1,5,6,1,3,11,4,2,-2
1,All,Expe1,5,6,1,3,14,5,2,-3
1,All,Expe1,5,6,1,4,2,0,1,1
1,All,Expe1,5,6,1,4,3,1,1,0
1,All,Expe1,5,6,1,4,5,2,1,-1
1,All,Expe1,5,6,1,4,7,3,1,-2
1,All,Expe1,5,6,1,4,9,1,4,3
1,All,Expe1,5,6,1,5,2,0,1,1
1,All,Expe1,5,6,1,5,3,1,1,0
1,All,Expe1,6,4,1,1,2,0,1,1
1,All,Expe1,6,4,1,1,3,1,1,0
1,All,Expe1,6,4,1,1,4,1,2,1
1,All,Expe1,6,4,1,1,5,2,2,0
1,All,Expe1,6,4,1,2,5,1,0,-1
1,All,Expe1,6,4,1,2,7,0,2,2
1,All,Expe1,6,4,1,3,2,0,0,0
1,All,Expe1,6,4,1,3,3,0,1,1
1,All,Expe1,6,4,1,3,4,1,1,0
1,All,Expe1,6,4,1,3,6,2,1,-1
1,All,Expe1,8,3,2,1,2,0,1,1
1,All,Expe1,8,3,2,1,3,1,1,0
1,All,Expe1,8,3,2,2,2,1,0,-1
1,All,Expe1,9,6,2,1,2,0,0,0
1,All,Expe1,9,6,2,1,3,0,1,1
1,All,Expe1,9,6,2,1,4,1,1,0
1,All,Expe1,9,6,2,1,6,2,1,-1
1,All,Expe1,9,6,2,1,7,3,1,-2
1,All,Expe1,9,6,2,1,8,4,1,-3
1,All,Expe1,9,6,2,1,9,1,5,4
1,All,Expe1,9,6,2,1,11,5,2,-3
1,All,Expe1,9,6,2,1,12,2,6,4
1,All,Expe1,9,6,2,1,14,6,3,-3
1,All,Expe1,9,6,2,2,3,0,0,0
1,All,Expe1,9,6,2,2,4,1,0,-1
1,All,Expe1,9,6,2,2,6,2,0,-2
1,All,Expe1,9,6,2,2,8,0,3,3
1,All,Expe1,9,6,2,2,11,1,3,2
1,All,Expe1,9,6,2,2,12,3,2,-1
1,All,Expe1,9,6,2,3,3,1,0,-1
1,All,Expe1,9,6,2,3,4,2,0,-2
1,All,Expe1,9,6,2,3,5,3,0,-3
1,All,Expe1,9,6,2,3,6,0,4,4
1,All,Expe1,9,6,2,3,7,1,4,3
1,All,Expe1,9,6,2,3,8,2,4,2
1,All,Expe1,9,6,2,3,9,3,4,1
1,All,Expe1,9,6,2,3,13,4,4,0
1,All,Expe1,9,6,2,4,3,0,0,0
1,All,Expe1,9,6,2,4,4,1,0,-1
1,All,Expe1,9,6,2,4,5,2,0,-2
1,All,Expe1,9,6,2,4,8,0,3,3
1,All,Expe1,9,6,2,4,9,1,3,2
1,All,Expe1,9,6,2,4,10,2,3,1
1,All,Expe1,9,6,2,4,13,3,3,0
1,All,Expe1,9,6,2,5,2,0,1,1
1,All,Expe1,9,6,2,5,3,1,1,0
1,All,Expe1,9,6,2,5,4,1,2,1
1,All,Expe1,9,6,2,5,5,2,2,0
1,All,Expe1,9,6,2,5,6,3,2,-1
1,All,Expe1,9,6,2,5,7,4,2,-2
1,All,Expe1,9,6,2,5,9,5,2,-3
1,All,Expe1,9,6,2,5,10,6,2,-4
1,All,Expe1,9,6,2,5,13,7,2,-5
1,All,Expe1,9,6,2,6,3,0,0,0
1,All,Expe1,9,6,2,6,7,1,0,-1
1,All,Expe1,10,5,2,1,2,1,0,-1
1,All,Expe1,10,5,2,1,3,0,2,2
1,All,Expe1,10,5,2,4,2,1,0,-1
1,All,Expe1,10,5,2,4,4,0,2,2
1,All,Expe1,10,5,2,4,10,1,2,1
1,All,Expe1,10,5,2,5,15,0,0,0
1,All,Expe1,11,4,2,1,2,0,1,1
1,All,Expe1,12,2,4,1,2,0,1,1
1,All,Expe1,12,2,4,1,3,1,1,0
1,All,Expe1,14,2,5,1,2,0,1,1
1,All,Expe1,14,2,5,2,3,0,0,0
1,All,Expe1,15,5,3,1,2,0,1,1
1,All,Expe1,15,5,3,1,3,1,1,0
1,All,Expe1,15,5,3,1,5,2,1,-1
1,All,Expe1,15,5,3,1,6,3,1,-2
1,All,Expe1,15,5,3,1,7,4,1,-3
1,All,Expe1,15,5,3,2,5,1,0,-1
1,All,Expe1,15,5,3,2,6,2,0,-2
1,All,Expe1,15,5,3,2,7,3,0,-3
1,All,Expe1,15,5,3,3,6,0,0,0
1,All,Expe1,15,5,3,4,3,1,0,-1
1,All,Expe1,15,5,3,5,2,0,0,0
1,All,Expe1,15,5,3,5,4,1,0,-1
1,All,Expe1,15,5,3,5,6,2,0,-2
1,All,Expe1,15,5,3,5,11,3,0,-3
1,All,Expe1,16,6,3,1,2,1,0,-1
1,All,Expe1,16,6,3,1,4,2,0,-2
1,All,Expe1,16,6,3,6,5,0,0,0
1,All,Expe1,17,4,3,1,4,1,0,-1
1,All,Expe1,17,4,3,3,2,0,1,1
1,All,Expe1,17,4,3,4,4,0,1,1
2,All,Expe1,1,3,1,3,2,1,0,-1
2,All,Expe1,2,5,1,2,2,0,1,1
2,All,Expe1,2,5,1,2,3,1,1,0
2,All,Expe1,2,5,1,3,2,0,1,1
2,All,Expe1,5,2,2,1,2,0,1,1
2,All,Expe1,5,2,2,2,2,0,1,1
2,All,Expe1,7,6,1,1,2,0,1,1
2,All,Expe1,7,6,1,2,2,0,1,1
2,All,Expe1,7,6,1,2,4,1,1,0
2,All,Expe1,7,6,1,3,7,0,0,0
2,All,Expe1,7,6,1,6,2,0,1,1
2,All,Expe1,9,4,2,1,6,0,1,1
2,All,Expe1,9,4,2,4,2,0,1,1
2,All,Expe1,10,5,2,1,2,0,1,1
2,All,Expe1,10,5,2,1,6,1,1,0
2,All,Expe1,10,5,2,2,4,0,0,0
2,All,Expe1,10,5,2,3,3,1,0,-1
2,All,Expe1,11,6,2,1,2,0,1,1
2,All,Expe1,11,6,2,2,2,1,0,-1
2,All,Expe1,11,6,2,2,3,0,2,2
2,All,Expe1,11,6,2,2,9,2,1,-1
2,All,Expe1,12,3,3,1,2,0,1,1
2,All,Expe1,12,3,3,3,8,0,0,0
2,All,Expe1,13,5,3,1,2,0,1,1
2,All,Expe1,13,5,3,2,2,0,1,1
2,All,Expe1,15,4,3,1,2,0,1,1
2,All,Expe1,15,4,3,2,2,0,1,1
2,All,Expe1,15,4,3,2,3,1,1,0
2,All,Expe1,15,4,3,2,5,2,1,-1
2,All,Expe1,18,6,3,1,3,0,1,1
2,All,Expe1,18,6,3,2,3,0,1,1
2,All,Expe1,18,6,3,5,3,1,0,-1
3,All,Expe1,1,5,1,1,3,1,0,-1
3,All,Expe1,1,5,1,1,4,0,2,2
3,All,Expe1,1,5,1,1,5,2,1,-1
3,All,Expe1,1,5,1,1,6,1,3,2
3,All,Expe1,1,5,1,1,7,3,2,-1
3,All,Expe1,1,5,1,2,2,0,1,1
3,All,Expe1,1,5,1,2,3,1,1,0
3,All,Expe1,1,5,1,5,2,0,1,1
3,All,Expe1,1,5,1,5,5,1,1,0
3,All,Expe1,1,5,1,5,6,2,1,-1
3,All,Expe1,1,5,1,5,7,1,3,2
3,All,Expe1,1,5,1,5,8,3,2,-1
3,All,Expe1,2,4,1,1,4,0,1,1
3,All,Expe1,2,4,1,1,9,1,1,0
3,All,Expe1,2,4,1,2,2,0,1,1
3,All,Expe1,2,4,1,3,2,0,1,1
3,All,Expe1,2,4,1,4,2,0,1,1
3,All,Expe1,2,4,1,4,3,1,1,0
3,All,Expe1,3,3,1,1,2,0,1,1
3,All,Expe1,3,3,1,3,7,0,0,0
3,All,Expe1,6,2,2,1,2,0,1,1
3,All,Expe1,7,2,3,2,2,0,1,1
3,All,Expe1,8,6,1,1,8,1,0,-1
3,All,Expe1,8,6,1,3,2,0,1,1
3,All,Expe1,8,6,1,3,3,1,1,0
3,All,Expe1,8,6,1,3,4,1,2,1
3,All,Expe1,8,6,1,6,2,0,0,0
3,All,Expe1,9,5,2,3,2,1,0,-1
3,All,Expe1,9,5,2,3,3,2,0,-2
3,All,Expe1,9,5,2,3,4,0,3,3
3,All,Expe1,9,5,2,3,7,3,1,-2
3,All,Expe1,9,5,2,4,2,0,1,1
3,All,Expe1,9,5,2,4,3,1,1,0
3,All,Expe1,9,5,2,5,4,1,0,-1
3,All,Expe1,9,5,2,5,5,2,0,-2
3,All,Expe1,10,4,2,4,2,0,1,1
3,All,Expe1,10,4,2,4,8,1,1,0
3,All,Expe1,11,6,2,1,5,1,0,-1
3,All,Expe1,11,6,2,2,2,0,0,0
3,All,Expe1,11,6,2,2,3,1,0,-1
3,All,Expe1,11,6,2,2,4,0,2,2
3,All,Expe1,11,6,2,2,5,2,1,-1
3,All,Expe1,11,6,2,2,6,3,1,-2
3,All,Expe1,11,6,2,3,2,0,0,0
3,All,Expe1,11,6,2,5,2,1,0,-1
3,All,Expe1,11,6,2,5,3,2,0,-2
3,All,Expe1,11,6,2,5,4,0,3,3
3,All,Expe1,11,6,2,5,5,3,1,-2
3,All,Expe1,11,6,2,5,6,1,4,3
3,All,Expe1,12,5,3,2,2,0,1,1
3,All,Expe1,12,5,3,2,9,1,1,0
3,All,Expe1,13,4,3,2,2,0,1,1
3,All,Expe1,13,4,3,2,6,1,1,0
3,All,Expe1,13,4,3,3,2,0,1,1
3,All,Expe1,14,3,3,2,2,0,1,1
3,All,Expe1,15,3,4,1,3,1,0,-1
3,All,Expe1,17,2,5,2,2,0,1,1
3,All,Expe1,18,2,6,1,5,0,1,1
3,All,Expe1,18,2,6,2,2,0,1,1
4,All,Expe1,1,4,1,1,2,0,1,1
4,All,Expe1,1,4,1,1,3,1,1,0
4,All,Expe1,1,4,1,3,2,0,1,1
4,All,Expe1,2,3,1,1,7,0,0,0
4,All,Expe1,3,5,1,1,2,0,1,1
4,All,Expe1,3,5,1,3,2,1,0,-1
4,All,Expe1,3,5,1,3,3,0,2,2
4,All,Expe1,3,5,1,3,4,1,2,1
4,All,Expe1,3,5,1,3,5,2,2,0
4,All,Expe1,3,5,1,5,2,0,0,0
4,All,Expe1,3,5,1,5,4,1,0,-1
4,All,Expe1,3,5,1,5,7,2,0,-2
4,All,Expe1,4,2,1,2,2,0,1,1
4,All,Expe1,5,3,2,2,2,0,1,1
4,All,Expe1,5,3,2,2,3,1,1,0
4,All,Expe1,5,3,2,2,9,2,1,-1
4,All,Expe1,5,3,2,3,2,0,1,1
4,All,Expe1,6,6,1,1,2,0,1,1
4,All,Expe1,6,6,1,1,3,1,1,0
4,All,Expe1,6,6,1,1,5,1,2,1
4,All,Expe1,6,6,1,1,6,2,2,0
4,All,Expe1,6,6,1,3,2,1,0,-1
4,All,Expe1,6,6,1,3,3,2,0,-2
4,All,Expe1,6,6,1,3,5,3,0,-3
4,All,Expe1,6,6,1,4,3,0,1,1
4,All,Expe1,6,6,1,4,4,1,1,0
4,All,Expe1,6,6,1,4,5,2,1,-1
4,All,Expe1,7,2,2,1,2,0,1,1
4,All,Expe1,7,2,2,2,2,0,1,1
4,All,Expe1,8,2,3,1,2,0,1,1
4,All,Expe1,8,2,3,2,2,0,1,1
4,All,Expe1,9,6,2,1,2,0,1,1
4,All,Expe1,9,6,2,2,5,1,0,-1
4,All,Expe1,9,6,2,2,7,2,0,-2
4,All,Expe1,9,6,2,3,2,1,0,-1
4,All,Expe1,9,6,2,4,3,1,0,-1
4,All,Expe1,9,6,2,4,4,0,2,2
4,All,Expe1,9,6,2,5,2,1,0,-1
4,All,Expe1,9,6,2,5,4,2,0,-2
4,All,Expe1,9,6,2,5,5,0,3,3
4,All,Expe1,9,6,2,5,6,3,1,-2
4,All,Expe1,10,4,2,1,2,0,1,1
4,All,Expe1,11,5,2,1,6,0,0,0
4,All,Expe1,11,5,2,4,3,1,0,-1
4,All,Expe1,12,4,3,1,2,0,1,1
4,All,Expe1,12,4,3,1,7,1,1,0
4,All,Expe1,12,4,3,3,2,0,0,0
4,All,Expe1,13,3,3,2,2,0,1,1
4,All,Expe1,13,3,3,3,4,0,1,1
4,All,Expe1,14,5,3,1,2,0,1,1
4,All,Expe1,14,5,3,2,2,0,1,1
4,All,Expe1,14,5,3,2,7,1,1,0
4,All,Expe1,14,5,3,4,4,0,1,1
4,All,Expe1,14,5,3,4,5,1,1,0
4,All,Expe1,15,2,4,1,7,0,0,0
4,All,Expe1,17,6,3,1,2,0,0,0
4,All,Expe1,17,6,3,2,2,1,0,-1
4,All,Expe1,17,6,3,2,3,0,2,2
4,All,Expe1,17,6,3,2,4,1,2,1
4,All,Expe1,17,6,3,2,6,2,2,0
4,All,Expe1,17,6,3,3,2,0,1,1
4,All,Expe1,17,6,3,3,3,1,1,0
4,All,Expe1,17,6,3,3,10,1,2,1
4,All,Expe1,17,6,3,4,2,0,0,0
4,All,Expe1,17,6,3,4,5,0,1,1
4,All,Expe1,17,6,3,5,3,1,0,-1
4,All,Expe1,17,6,3,5,4,0,2,2
4,All,Expe1,18,2,5,1,2,0,1,1
5,All,Expe1,1,3,1,1,2,0,0,0
5,All,Expe1,1,3,1,1,3,0,1,1
5,All,Expe1,1,3,1,2,2,0,0,0
5,All,Expe1,3,4,1,1,3,1,0,-1
5,All,Expe1,3,4,1,1,4,2,0,-2
5,All,Expe1,3,4,1,2,3,0,0,0
5,All,Expe1,3,4,1,2,4,1,0,-1
5,All,Expe1,3,4,1,3,2,1,0,-1
5,All,Expe1,3,4,1,3,3,0,2,2
5,All,Expe1,3,4,1,3,5,1,2,1
5,All,Expe1,3,4,1,3,6,2,2,0
5,All,Expe1,4,6,1,2,2,1,0,-1
5,All,Expe1,4,6,1,2,3,0,2,2
5,All,Expe1,4,6,1,2,4,2,1,-1
5,All,Expe1,4,6,1,2,10,1,3,2
5,All,Expe1,4,6,1,2,11,2,3,1
5,All,Expe1,4,6,1,2,12,3,3,0
5,All,Expe1,4,6,1,5,2,1,0,-1
5,All,Expe1,4,6,1,5,3,2,0,-2
5,All,Expe1,4,6,1,5,4,3,0,-3
5,All,Expe1,4,6,1,5,5,0,4,4
5,All,Expe1,4,6,1,5,7,4,1,-3
5,All,Expe1,4,6,1,5,13,1,5,4
5,All,Expe1,4,6,1,6,2,0,0,0
5,All,Expe1,4,6,1,6,3,1,0,-1
5,All,Expe1,4,6,1,6,4,2,0,-2
5,All,Expe1,5,5,1,1,5,0,0,0
5,All,Expe1,5,5,1,2,3,0,0,0
5,All,Expe1,5,5,1,3,2,0,1,1
5,All,Expe1,5,5,1,3,3,1,1,0
5,All,Expe1,5,5,1,3,4,1,2,1
5,All,Expe1,5,5,1,5,9,0,1,1
5,All,Expe1,6,2,2,1,2,0,1,1
5,All,Expe1,6,2,2,1,3,1,1,0
5,All,Expe1,7,3,2,2,2,0,1,1
5,All,Expe1,8,2,3,2,2,0,1,1
5,All,Expe1,9,5,2,1,3,0,0,0
5,All,Expe1,9,5,2,2,2,0,1,1
5,All,Expe1,9,5,2,2,3,1,1,0
5,All,Expe1,9,5,2,2,4,1,2,1
5,All,Expe1,9,5,2,2,5,2,2,0
5,All,Expe1,9,5,2,2,6,2,3,1
5,All,Expe1,9,5,2,3,2,0,1,1
5,All,Expe1,9,5,2,3,5,1,1,0
5,All,Expe1,9,5,2,3,12,1,2,1
5,All,Expe1,9,5,2,4,3,0,0,0
5,All,Expe1,9,5,2,4,4,0,1,1
5,All,Expe1,9,5,2,4,5,1,1,0
5,All,Expe1,9,5,2,4,7,2,1,-1
5,All,Expe1,9,5,2,4,8,1,3,2
5,All,Expe1,9,5,2,4,10,3,2,-1
5,All,Expe1,9,5,2,5,3,0,1,1
5,All,Expe1,10,4,2,1,2,0,1,1
5,All,Expe1,10,4,2,1,3,1,1,0
5,All,Expe1,10,4,2,1,9,1,2,1
5,All,Expe1,10,4,2,1,10,2,2,0
5,All,Expe1,10,4,2,2,2,1,0,-1
5,All,Expe1,10,4,2,2,3,2,0,-2
5,All,Expe1,10,4,2,2,4,0,3,3
5,All,Expe1,10,4,2,2,5,3,1,-2
5,All,Expe1,10,4,2,2,6,1,4,3
5,All,Expe1,10,4,2,2,7,4,2,-2
5,All,Expe1,10,4,2,2,12,5,2,-3
5,All,Expe1,10,4,2,2,13,6,2,-4
5,All,Expe1,10,4,2,2,14,7,2,-5
5,All,Expe1,10,4,2,2,15,8,2,-6
5,All,Expe1,11,6,2,3,2,0,1,1
5,All,Expe1,11,6,2,3,3,1,1,0
5,All,Expe1,11,6,2,4,3,0,1,1
5,All,Expe1,11,6,2,4,5,1,1,0
5,All,Expe1,11,6,2,6,2,0,0,0
5,All,Expe1,11,6,2,6,3,0,1,1
5,All,Expe1,11,6,2,6,6,1,1,0
5,All,Expe1,12,3,3,2,2,0,0,0
5,All,Expe1,12,3,3,2,3,1,0,-1
5,All,Expe1,12,3,3,2,4,0,2,2
5,All,Expe1,12,3,3,3,2,0,1,1
5,All,Expe1,12,3,3,3,3,1,1,0
5,All,Expe1,12,3,3,3,8,1,2,1
5,All,Expe1,12,3,3,3,9,2,2,0
5,All,Expe1,13,2,4,1,2,0,1,1
5,All,Expe1,14,4,3,1,3,0,1,1
5,All,Expe1,14,4,3,1,4,1,1,0
5,All,Expe1,14,4,3,1,5,1,2,1
5,All,Expe1,14,4,3,3,2,0,0,0
5,All,Expe1,14,4,3,3,3,0,1,1
5,All,Expe1,14,4,3,3,6,1,1,0
5,All,Expe1,14,4,3,4,2,1,0,-1
5,All,Expe1,15,6,3,2,2,0,1,1
5,All,Expe1,15,6,3,2,3,1,1,0
5,All,Expe1,15,6,3,2,4,1,2,1
5,All,Expe1,15,6,3,2,9,2,2,0
5,All,Expe1,15,6,3,2,11,3,2,-1
5,All,Expe1,15,6,3,3,2,1,0,-1
5,All,Expe1,15,6,3,3,6,0,2,2
5,All,Expe1,15,6,3,4,2,0,1,1
5,All,Expe1,15,6,3,4,3,1,1,0
5,All,Expe1,15,6,3,4,5,1,2,1
5,All,Expe1,15,6,3,5,3,1,0,-1
5,All,Expe1,15,6,3,5,4,0,2,2
5,All,Expe1,15,6,3,6,2,1,0,-1
5,All,Expe1,15,6,3,6,3,0,2,2
5,All,Expe1,15,6,3,6,5,2,1,-1
5,All,Expe1,15,6,3,6,6,1,3,2
5,All,Expe1,16,5,3,1,3,0,0,0
5,All,Expe1,16,5,3,1,4,0,1,1
5,All,Expe1,16,5,3,1,5,1,1,0
5,All,Expe1,16,5,3,2,2,0,1,1
5,All,Expe1,16,5,3,2,3,1,1,0
5,All,Expe1,16,5,3,3,15,0,0,0
5,All,Expe1,16,5,3,4,4,1,0,-1
5,All,Expe1,16,5,3,4,5,2,0,-2
5,All,Expe1,16,5,3,4,6,3,0,-3
5,All,Expe1,16,5,3,4,8,4,0,-4
5,All,Expe1,16,5,3,5,3,1,0,-1
5,All,Expe1,16,5,3,5,14,0,2,2
5,All,Expe1,18,3,4,1,9,0,1,1
5,All,Expe1,18,3,4,1,13,1,1,0
5,All,Expe1,18,3,4,1,15,2,1,-1
5,All,Expe1,18,3,4,3,2,0,0,0
5,All,Expe1,18,3,4,3,3,0,1,1
6,All,Expe1,1,2,1,2,2,1,0,-1
6,All,Expe1,1,2,1,2,3,0,2,2
6,All,Expe1,2,6,1,1,2,1,0,-1
6,All,Expe1,2,6,1,2,2,0,0,0
6,All,Expe1,2,6,1,2,4,0,1,1
6,All,Expe1,2,6,1,2,7,1,1,0
6,All,Expe1,2,6,1,2,13,2,1,-1
6,All,Expe1,2,6,1,3,2,0,1,1
6,All,Expe1,2,6,1,3,3,1,1,0
6,All,Expe1,2,6,1,3,5,2,1,-1
6,All,Expe1,2,6,1,5,3,1,0,-1
6,All,Expe1,2,6,1,5,4,2,0,-2
6,All,Expe1,2,6,1,5,5,3,0,-3
6,All,Expe1,2,6,1,5,7,4,0,-4
6,All,Expe1,2,6,1,6,2,0,1,1
6,All,Expe1,2,6,1,6,3,1,1,0
6,All,Expe1,2,6,1,6,4,2,1,-1
6,All,Expe1,2,6,1,6,7,3,1,-2
6,All,Expe1,2,6,1,6,8,4,1,-3
6,All,Expe1,2,6,1,6,11,5,1,-4
6,All,Expe1,5,4,1,1,2,1,0,-1
6,All,Expe1,5,4,1,3,2,0,1,1
6,All,Expe1,5,4,1,4,7,1,0,-1
6,All,Expe1,6,2,3,2,2,0,1,1
6,All,Expe1,7,5,1,4,2,0,1,1
6,All,Expe1,7,5,1,4,7,1,1,0
6,All,Expe1,7,5,1,5,2,0,1,1
6,All,Expe1,8,3,2,2,2,0,1,1
6,All,Expe1,8,3,2,3,2,0,1,1
6,All,Expe1,9,6,2,1,3,0,0,0
6,All,Expe1,9,6,2,2,2,0,0,0
6,All,Expe1,9,6,2,3,2,1,0,-1
6,All,Expe1,9,6,2,4,3,1,0,-1
6,All,Expe1,9,6,2,4,4,2,0,-2
6,All,Expe1,9,6,2,4,5,3,0,-3
6,All,Expe1,9,6,2,4,6,0,4,4
6,All,Expe1,9,6,2,4,7,1,4,3
6,All,Expe1,9,6,2,4,8,4,2,-2
6,All,Expe1,9,6,2,5,2,1,0,-1
6,All,Expe1,9,6,2,5,3,0,2,2
6,All,Expe1,9,6,2,6,2,1,0,-1
6,All,Expe1,9,6,2,6,3,2,0,-2
6,All,Expe1,9,6,2,6,6,3,0,-3
6,All,Expe1,10,4,2,4,2,0,1,1
6,All,Expe1,10,4,2,4,3,1,1,0
6,All,Expe1,10,4,2,4,4,2,1,-1
6,All,Expe1,10,4,2,4,5,1,3,2
6,All,Expe1,11,5,2,2,2,0,1,1
6,All,Expe1,11,5,2,5,2,0,1,1
6,All,Expe1,11,5,2,5,4,1,1,0
6,All,Expe1,12,2,4,2,2,0,1,1
6,All,Expe1,13,6,3,1,2,0,1,1
6,All,Expe1,13,6,3,3,2,1,0,-1
6,All,Expe1,13,6,3,3,3,0,2,2
6,All,Expe1,13,6,3,4,2,0,0,0
6,All,Expe1,13,6,3,5,2,0,1,1
6,All,Expe1,13,6,3,5,4,1,1,0
6,All,Expe1,13,6,3,5,5,2,1,-1
6,All,Expe1,13,6,3,5,6,3,1,-2
6,All,Expe1,13,6,3,6,2,0,1,1
6,All,Expe1,13,6,3,6,8,1,1,0
6,All,Expe1,14,3,3,3,2,0,1,1
6,All,Expe1,15,2,5,2,2,0,1,1
6,All,Expe1,16,4,3,1,3,0,0,0
6,All,Expe1,16,4,3,1,8,0,1,1
6,All,Expe1,16,4,3,3,3,1,0,-1
6,All,Expe1,18,5,3,2,3,0,1,1
6,All,Expe1,18,5,3,3,2,0,1,1
6,All,Expe1,18,5,3,3,3,1,1,0
6,All,Expe1,18,5,3,3,4,1,2,1
6,All,Expe1,18,5,3,4,2,0,1,1
6,All,Expe1,18,5,3,5,2,0,1,1
7,All,Expe1,1,6,1,1,4,0,0,0
7,All,Expe1,1,6,1,1,5,1,0,-1
7,All,Expe1,1,6,1,2,2,1,0,-1
7,All,Expe1,1,6,1,2,4,2,0,-2
7,All,Expe1,1,6,1,2,5,3,0,-3
7,All,Expe1,1,6,1,2,6,4,0,-4
7,All,Expe1,1,6,1,2,7,5,0,-5
7,All,Expe1,1,6,1,2,8,6,0,-6
7,All,Expe1,1,6,1,2,10,7,0,-7
7,All,Expe1,1,6,1,2,12,8,0,-8
7,All,Expe1,1,6,1,5,2,0,0,0
7,All,Expe1,1,6,1,5,7,1,0,-1
7,All,Expe1,1,6,1,6,4,0,1,1
7,All,Expe1,1,6,1,6,6,1,1,0
7,All,Expe1,1,6,1,6,8,2,1,-1
7,All,Expe1,1,6,1,6,9,3,1,-2
7,All,Expe1,1,6,1,6,10,4,1,-3
7,All,Expe1,1,6,1,6,15,5,1,-4
7,All,Expe1,2,2,1,2,2,0,1,1
7,All,Expe1,3,2,2,1,2,0,1,1
7,All,Expe1,4,2,3,1,2,0,1,1
7,All,Expe1,4,2,3,1,3,1,1,0
7,All,Expe1,5,3,1,3,2,0,1,1
7,All,Expe1,6,3,2,1,3,1,0,-1
7,All,Expe1,6,3,2,2,5,0,0,0
7,All,Expe1,7,4,1,3,2,0,1,1
7,All,Expe1,7,4,1,4,2,0,1,1
7,All,Expe1,8,5,1,1,2,0,1,1
7,All,Expe1,8,5,1,1,3,1,1,0
7,All,Expe1,8,5,1,1,4,2,1,-1
7,All,Expe1,8,5,1,1,5,3,1,-2
7,All,Expe1,8,5,1,1,6,1,4,3
7,All,Expe1,8,5,1,1,7,4,2,-2
7,All,Expe1,8,5,1,1,8,5,2,-3
7,All,Expe1,8,5,1,2,3,0,0,0
7,All,Expe1,8,5,1,2,5,0,1,1
7,All,Expe1,8,5,1,5,2,0,1,1
7,All,Expe1,8,5,1,5,3,1,1,0
7,All,Expe1,8,5,1,5,4,2,1,-1
7,All,Expe1,8,5,1,5,6,3,1,-2
7,All,Expe1,9,6,2,1,3,1,0,-1
7,All,Expe1,9,6,2,1,4,0,2,2
7,All,Expe1,9,6,2,1,5,2,1,-1
7,All,Expe1,9,6,2,1,6,3,1,-2
7,All,Expe1,9,6,2,1,8,4,1,-3
7,All,Expe1,9,6,2,3,3,0,0,0
7,All,Expe1,9,6,2,3,4,1,0,-1
7,All,Expe1,9,6,2,4,2,0,0,0
7,All,Expe1,9,6,2,4,3,1,0,-1
7,All,Expe1,9,6,2,4,5,2,0,-2
7,All,Expe1,9,6,2,4,6,3,0,-3
7,All,Expe1,9,6,2,5,3,1,0,-1
7,All,Expe1,9,6,2,5,4,2,0,-2
7,All,Expe1,9,6,2,5,10,3,0,-3
7,All,Expe1,9,6,2,6,6,0,0,0
7,All,Expe1,9,6,2,6,7,1,0,-1
7,All,Expe1,10,5,2,1,2,1,0,-1
7,All,Expe1,10,5,2,1,3,2,0,-2
7,All,Expe1,10,5,2,1,4,0,3,3
7,All,Expe1,10,5,2,1,5,3,1,-2
7,All,Expe1,10,5,2,2,3,0,0,0
7,All,Expe1,10,5,2,3,2,0,1,1
7,All,Expe1,10,5,2,4,2,0,1,1
7,All,Expe1,10,5,2,5,2,0,1,1
7,All,Expe1,11,4,2,1,2,0,1,1
7,All,Expe1,11,4,2,3,2,0,1,1
7,All,Expe1,11,4,2,3,3,1,1,0
7,All,Expe1,11,4,2,3,4,2,1,-1
7,All,Expe1,11,4,2,3,5,3,1,-2
7,All,Expe1,11,4,2,4,2,1,0,-1
7,All,Expe1,11,4,2,4,4,2,0,-2
7,All,Expe1,12,6,3,4,2,0,1,1
7,All,Expe1,12,6,3,5,2,1,0,-1
7,All,Expe1,16,3,3,1,2,0,1,1
7,All,Expe1,17,3,4,3,2,0,1,1
7,All,Expe1,18,4,3,1,2,0,1,1
7,All,Expe1,18,4,3,1,3,1,1,0
7,All,Expe1,18,4,3,1,4,1,2,1
8,All,Expe1,2,2,2,2,2,0,1,1
8,All,Expe1,3,6,1,1,2,0,1,1
8,All,Expe1,3,6,1,1,3,1,1,0
8,All,Expe1,3,6,1,1,4,2,1,-1
8,All,Expe1,3,6,1,1,5,3,1,-2
8,All,Expe1,3,6,1,1,6,4,1,-3
8,All,Expe1,3,6,1,1,7,1,5,4
8,All,Expe1,3,6,1,1,8,5,2,-3
8,All,Expe1,3,6,1,2,3,1,0,-1
8,All,Expe1,3,6,1,2,8,2,0,-2
8,All,Expe1,3,6,1,2,9,3,0,-3
8,All,Expe1,3,6,1,2,14,4,0,-4
8,All,Expe1,3,6,1,3,2,1,0,-1
8,All,Expe1,3,6,1,3,11,2,0,-2
8,All,Expe1,3,6,1,3,13,3,0,-3
8,All,Expe1,3,6,1,4,3,0,0,0
8,All,Expe1,3,6,1,4,4,1,0,-1
8,All,Expe1,3,6,1,5,2,0,0,0
8,All,Expe1,3,6,1,5,3,0,1,1
8,All,Expe1,3,6,1,5,4,1,1,0
8,All,Expe1,3,6,1,5,5,2,1,-1
8,All,Expe1,3,6,1,5,7,3,1,-2
8,All,Expe1,3,6,1,6,2,0,0,0
8,All,Expe1,3,6,1,6,4,1,0,-1
8,All,Expe1,3,6,1,6,5,0,2,2
8,All,Expe1,3,6,1,6,6,1,2,1
8,All,Expe1,3,6,1,6,7,2,2,0
8,All,Expe1,3,6,1,6,8,3,2,-1
8,All,Expe1,4,3,1,2,2,0,0,0
8,All,Expe1,4,3,1,2,3,0,1,1
8,All,Expe1,4,3,1,2,4,1,1,0
8,All,Expe1,4,3,1,2,5,1,2,1
8,All,Expe1,4,3,1,2,6,2,2,0
8,All,Expe1,6,5,1,3,3,0,0,0
8,All,Expe1,6,5,1,3,5,1,0,-1
8,All,Expe1,6,5,1,3,6,0,2,2
8,All,Expe1,6,5,1,4,2,1,0,-1
8,All,Expe1,6,5,1,4,3,0,2,2
8,All,Expe1,6,5,1,4,5,2,1,-1
8,All,Expe1,6,5,1,4,6,3,1,-2
8,All,Expe1,6,5,1,4,9,4,1,-3
8,All,Expe1,6,5,1,4,11,5,1,-4
8,All,Expe1,6,5,1,4,15,6,1,-5
8,All,Expe1,6,5,1,5,2,0,1,1
8,All,Expe1,6,5,1,5,3,1,1,0
8,All,Expe1,6,5,1,5,7,2,1,-1
8,All,Expe1,6,5,1,5,9,3,1,-2
8,All,Expe1,9,5,2,1,2,0,1,1
8,All,Expe1,9,5,2,1,3,1,1,0
8,All,Expe1,9,5,2,1,4,2,1,-1
8,All,Expe1,9,5,2,1,5,3,1,-2
8,All,Expe1,9,5,2,1,6,1,4,3
8,All,Expe1,9,5,2,1,8,4,2,-2
8,All,Expe1,9,5,2,4,2,0,1,1
8,All,Expe1,9,5,2,4,3,1,1,0
8,All,Expe1,9,5,2,4,4,1,2,1
8,All,Expe1,9,5,2,4,6,2,2,0
8,All,Expe1,9,5,2,5,4,1,0,-1
8,All,Expe1,10,4,2,4,2,0,1,1
8,All,Expe1,11,6,2,1,2,0,0,0
8,All,Expe1,11,6,2,1,4,0,1,1
8,All,Expe1,11,6,2,3,3,0,1,1
8,All,Expe1,11,6,2,3,4,1,1,0
8,All,Expe1,11,6,2,3,5,1,2,1
8,All,Expe1,11,6,2,3,6,2,2,0
8,All,Expe1,11,6,2,4,3,0,0,0
8,All,Expe1,11,6,2,5,2,0,1,1
8,All,Expe1,11,6,2,6,2,0,1,1
8,All,Expe1,11,6,2,6,3,1,1,0
8,All,Expe1,11,6,2,6,4,2,1,-1
8,All,Expe1,11,6,2,6,5,3,1,-2
8,All,Expe1,11,6,2,6,7,4,1,-3
8,All,Expe1,12,2,4,2,2,0,1,1
8,All,Expe1,13,2,5,2,2,0,1,1
8,All,Expe1,14,6,3,1,2,1,0,-1
8,All,Expe1,14,6,3,2,2,1,0,-1
8,All,Expe1,14,6,3,5,3,1,0,-1
8,All,Expe1,14,6,3,5,9,0,2,2
8,All,Expe1,14,6,3,6,2,0,1,1
8,All,Expe1,17,5,3,1,2,1,0,-1
8,All,Expe1,17,5,3,1,4,2,0,-2
8,All,Expe1,17,5,3,1,6,3,0,-3
8,All,Expe1,17,5,3,1,8,4,0,-4
8,All,Expe1,17,5,3,1,9,0,5,5
8,All,Expe1,17,5,3,1,10,5,1,-4
8,All,Expe1,17,5,3,2,2,0,1,1
8,All,Expe1,17,5,3,2,6,1,1,0
8,All,Expe1,17,5,3,2,7,1,2,1
8,All,Expe1,17,5,3,2,8,2,2,0
8,All,Expe1,17,5,3,2,9,2,3,1
8,All,Expe1,17,5,3,3,3,0,0,0
8,All,Expe1,17,5,3,3,4,1,0,-1
8,All,Expe1,17,5,3,3,5,2,0,-2
8,All,Expe1,17,5,3,3,6,0,3,3
8,All,Expe1,17,5,3,4,2,0,1,1
9,All,Expe1,1,6,1,1,2,0,1,1
9,All,Expe1,1,6,1,1,3,1,1,0
9,All,Expe1,1,6,1,1,4,2,1,-1
9,All,Expe1,1,6,1,2,5,0,1,1
9,All,Expe1,1,6,1,2,7,1,1,0
9,All,Expe1,1,6,1,4,2,1,0,-1
9,All,Expe1,1,6,1,4,3,0,2,2
9,All,Expe1,1,6,1,4,9,2,1,-1
9,All,Expe1,1,6,1,5,3,0,0,0
9,All,Expe1,1,6,1,5,11,0,1,1
9,All,Expe1,3,3,1,2,6,0,0,0
9,All,Expe1,3,3,1,3,9,0,0,0
9,All,Expe1,4,2,2,1,2,0,1,1
9,All,Expe1,4,2,2,2,2,0,1,1
9,All,Expe1,5,3,2,1,2,0,1,1
9,All,Expe1,5,3,2,2,7,1,0,-1
9,All,Expe1,6,5,1,1,2,0,1,1
9,All,Expe1,6,5,1,2,2,0,1,1
9,All,Expe1,6,5,1,5,4,0,0,0
9,All,Expe1,7,4,1,1,2,0,1,1
9,All,Expe1,7,4,1,2,2,1,0,-1
9,All,Expe1,7,4,1,2,3,0,2,2
9,All,Expe1,7,4,1,3,8,0,0,0
9,All,Expe1,9,5,2,1,2,0,1,1
9,All,Expe1,10,6,2,1,2,0,1,1
9,All,Expe1,10,6,2,2,2,0,1,1
9,All,Expe1,11,4,2,1,2,0,1,1
9,All,Expe1,11,4,2,1,3,1,1,0
9,All,Expe1,11,4,2,1,4,1,2,1
9,All,Expe1,11,4,2,3,2,0,1,1
9,All,Expe1,11,4,2,3,3,1,1,0
9,All,Expe1,11,4,2,3,4,1,2,1
9,All,Expe1,12,6,3,1,2,1,0,-1
9,All,Expe1,12,6,3,6,3,0,0,0
9,All,Expe1,14,3,3,1,4,0,0,0
9,All,Expe1,15,2,5,2,8,0,0,0
9,All,Expe1,16,3,4,1,2,0,1,1
9,All,Expe1,16,3,4,2,2,0,1,1
9,All,Expe1,16,3,4,2,7,1,1,0
9,All,Expe1,16,3,4,3,2,0,1,1
9,All,Expe1,17,5,3,1,2,1,0,-1
9,All,Expe1,17,5,3,1,3,0,2,2
9,All,Expe1,17,5,3,2,2,0,1,1
9,All,Expe1,17,5,3,2,6,1,1,0
9,All,Expe1,17,5,3,3,7,0,1,1
9,All,Expe1,17,5,3,4,2,0,1,1
9,All,Expe1,18,4,3,1,2,1,0,-1
9,All,Expe1,18,4,3,3,3,0,1,1
9,All,Expe1,18,4,3,3,4,1,1,0
10,All,Expe1,2,2,2,2,2,0,1,1
10,All,Expe1,3,6,1,1,2,0,1,1
10,All,Expe1,3,6,1,1,3,1,1,0
10,All,Expe1,3,6,1,3,2,0,1,1
10,All,Expe1,3,6,1,3,3,1,1,0
10,All,Expe1,3,6,1,3,4,2,1,-1
10,All,Expe1,3,6,1,3,5,1,3,2
10,All,Expe1,3,6,1,3,6,2,3,1
10,All,Expe1,3,6,1,4,2,0,1,1
10,All,Expe1,3,6,1,4,3,1,1,0
10,All,Expe1,3,6,1,4,4,1,2,1
10,All,Expe1,3,6,1,4,5,2,2,0
10,All,Expe1,3,6,1,4,13,2,3,1
10,All,Expe1,3,6,1,5,8,1,0,-1
10,All,Expe1,3,6,1,6,2,1,0,-1
10,All,Expe1,3,6,1,6,4,2,0,-2
10,All,Expe1,3,6,1,6,6,3,0,-3
10,All,Expe1,4,5,1,5,2,0,1,1
10,All,Expe1,4,5,1,5,3,1,1,0
10,All,Expe1,5,3,1,2,2,0,1,1
10,All,Expe1,5,3,1,3,2,0,1,1
10,All,Expe1,7,3,2,1,2,1,0,-1
10,All,Expe1,7,3,2,1,4,2,0,-2
10,All,Expe1,7,3,2,3,2,0,1,1
10,All,Expe1,7,3,2,3,3,1,1,0
10,All,Expe1,7,3,2,3,4,1,2,1
10,All,Expe1,7,3,2,3,5,2,2,0
10,All,Expe1,7,3,2,3,7,3,2,-1
10,All,Expe1,8,4,1,2,2,0,1,1
10,All,Expe1,8,4,1,3,8,1,0,-1
10,All,Expe1,8,4,1,4,2,0,1,1
10,All,Expe1,8,4,1,4,4,1,1,0
10,All,Expe1,9,6,2,2,2,0,1,1
10,All,Expe1,9,6,2,3,2,0,0,0
10,All,Expe1,9,6,2,4,5,1,0,-1
10,All,Expe1,9,6,2,5,2,0,0,0
10,All,Expe1,9,6,2,5,3,0,1,1
10,All,Expe1,9,6,2,6,2,0,1,1
10,All,Expe1,9,6,2,6,3,1,1,0
10,All,Expe1,9,6,2,6,8,1,2,1
10,All,Expe1,10,5,2,2,2,0,1,1
10,All,Expe1,10,5,2,2,3,1,1,0
10,All,Expe1,11,4,2,2,2,0,1,1
10,All,Expe1,11,4,2,2,3,1,1,0
10,All,Expe1,11,4,2,2,4,1,2,1
10,All,Expe1,11,4,2,3,2,0,1,1
10,All,Expe1,11,4,2,4,2,0,1,1
10,All,Expe1,11,4,2,4,7,1,1,0
10,All,Expe1,11,4,2,4,9,1,2,1
10,All,Expe1,12,2,4,2,9,0,1,1
10,All,Expe1,14,6,3,1,2,0,1,1
10,All,Expe1,14,6,3,1,3,1,1,0
10,All,Expe1,14,6,3,1,4,2,1,-1
10,All,Expe1,14,6,3,2,2,0,1,1
10,All,Expe1,14,6,3,2,3,1,1,0
10,All,Expe1,14,6,3,2,4,2,1,-1
10,All,Expe1,14,6,3,2,5,3,1,-2
10,All,Expe1,14,6,3,2,6,4,1,-3
10,All,Expe1,14,6,3,2,7,1,5,4
10,All,Expe1,14,6,3,5,2,0,1,1
10,All,Expe1,14,6,3,5,3,1,1,0
10,All,Expe1,14,6,3,6,2,0,1,1
10,All,Expe1,15,5,3,4,2,0,1,1
10,All,Expe1,16,3,3,1,2,0,1,1
10,All,Expe1,16,3,3,1,3,1,1,0
10,All,Expe1,16,3,3,1,6,2,1,-1
10,All,Expe1,16,3,3,1,8,3,1,-2
10,All,Expe1,16,3,3,3,2,0,1,1
10,All,Expe1,16,3,3,3,3,1,1,0
10,All,Expe1,16,3,3,3,6,2,1,-1
10,All,Expe1,16,3,3,3,9,3,1,-2
10,All,Expe1,18,3,4,2,2,0,1,1
11,All,Expe1,1,2,1,2,7,0,0,0
11,All,Expe1,1,2,1,2,9,1,0,-1
11,All,Expe1,2,5,1,1,3,0,0,0
11,All,Expe1,2,5,1,1,4,0,1,1
11,All,Expe1,2,5,1,1,5,1,1,0
11,All,Expe1,2,5,1,1,6,1,2,1
11,All,Expe1,2,5,1,1,7,2,2,0
11,All,Expe1,2,5,1,1,9,2,3,1
11,All,Expe1,2,5,1,1,10,3,3,0
11,All,Expe1,2,5,1,1,11,3,4,1
11,All,Expe1,2,5,1,1,12,4,4,0
11,All,Expe1,2,5,1,1,14,5,4,-1
11,All,Expe1,2,5,1,2,2,1,0,-1
11,All,Expe1,2,5,1,2,3,0,2,2
11,All,Expe1,2,5,1,2,4,2,1,-1
11,All,Expe1,2,5,1,2,6,3,1,-2
11,All,Expe1,2,5,1,2,7,4,1,-3
11,All,Expe1,2,5,1,2,9,5,1,-4
11,All,Expe1,2,5,1,2,10,1,6,5
11,All,Expe1,2,5,1,2,11,6,2,-4
11,All,Expe1,2,5,1,2,12,7,2,-5
11,All,Expe1,2,5,1,2,14,2,8,6
11,All,Expe1,2,5,1,3,3,1,0,-1
11,All,Expe1,2,5,1,3,4,0,2,2
11,All,Expe1,2,5,1,3,5,1,2,1
11,All,Expe1,2,5,1,3,8,2,2,0
11,All,Expe1,2,5,1,3,12,2,3,1
11,All,Expe1,2,5,1,3,15,3,3,0
11,All,Expe1,2,5,1,4,4,0,0,0
11,All,Expe1,2,5,1,4,5,1,0,-1
11,All,Expe1,2,5,1,4,6,2,0,-2
11,All,Expe1,2,5,1,4,9,3,0,-3
11,All,Expe1,2,5,1,4,14,4,0,-4
11,All,Expe1,2,5,1,5,3,0,1,1
11,All,Expe1,2,5,1,5,4,1,1,0
11,All,Expe1,2,5,1,5,5,1,2,1
11,All,Expe1,2,5,1,5,7,2,2,0
11,All,Expe1,2,5,1,5,8,2,3,1
11,All,Expe1,2,5,1,5,9,3,3,0
11,All,Expe1,2,5,1,5,11,3,4,1
11,All,Expe1,2,5,1,5,12,4,4,0
11,All,Expe1,2,5,1,5,13,5,4,-1
11,All,Expe1,2,5,1,5,15,4,6,2
11,All,Expe1,3,2,2,1,2,0,1,1
11,All,Expe1,3,2,2,1,3,1,1,0
11,All,Expe1,3,2,2,1,4,1,2,1
11,All,Expe1,4,2,3,1,2,0,1,1
11,All,Expe1,4,2,3,1,3,1,1,0
11,All,Expe1,4,2,3,1,5,2,1,-1
11,All,Expe1,4,2,3,1,11,3,1,-2
11,All,Expe1,4,2,3,1,12,4,1,-3
11,All,Expe1,4,2,3,2,12,1,0,-1
11,All,Expe1,5,6,1,1,2,0,0,0
11,All,Expe1,5,6,1,1,3,1,0,-1
11,All,Expe1,5,6,1,2,2,0,1,1
11,All,Expe1,5,6,1,2,3,1,1,0
11,All,Expe1,5,6,1,2,9,1,2,1
11,All,Expe1,5,6,1,2,10,2,2,0
11,All,Expe1,5,6,1,2,11,2,3,1
11,All,Expe1,5,6,1,2,12,3,3,0
11,All,Expe1,5,6,1,2,13,4,3,-1
11,All,Expe1,5,6,1,2,14,5,3,-2
11,All,Expe1,5,6,1,2,15,6,3,-3
11,All,Expe1,5,6,1,3,2,0,1,1
11,All,Expe1,5,6,1,3,3,1,1,0
11,All,Expe1,5,6,1,3,4,2,1,-1
11,All,Expe1,5,6,1,3,6,3,1,-2
11,All,Expe1,5,6,1,3,7,1,4,3
11,All,Expe1,5,6,1,3,8,4,2,-2
11,All,Expe1,5,6,1,3,9,2,5,3
11,All,Expe1,5,6,1,3,10,5,3,-2
11,All,Expe1,5,6,1,3,11,6,3,-3
11,All,Expe1,5,6,1,3,12,7,3,-4
11,All,Expe1,5,6,1,3,13,3,8,5
11,All,Expe1,5,6,1,3,14,4,8,4
11,All,Expe1,5,6,1,3,15,8,5,-3
11,All,Expe1,5,6,1,4,2,0,1,1
11,All,Expe1,5,6,1,4,3,1,1,0
11,All,Expe1,5,6,1,4,4,2,1,-1
11,All,Expe1,5,6,1,4,5,1,3,2
11,All,Expe1,5,6,1,4,6,2,3,1
11,All,Expe1,5,6,1,4,9,3,3,0
11,All,Expe1,5,6,1,4,10,4,3,-1
11,All,Expe1,5,6,1,4,14,5,3,-2
11,All,Expe1,5,6,1,5,2,1,0,-1
11,All,Expe1,5,6,1,5,3,0,2,2
11,All,Expe1,5,6,1,5,6,2,1,-1
11,All,Expe1,5,6,1,5,7,3,1,-2
11,All,Expe1,5,6,1,5,9,4,1,-3
11,All,Expe1,5,6,1,5,10,5,1,-4
11,All,Expe1,5,6,1,5,12,6,1,-5
11,All,Expe1,5,6,1,5,13,7,1,-6
11,All,Expe1,5,6,1,5,14,8,1,-7
11,All,Expe1,5,6,1,5,15,9,1,-8
11,All,Expe1,5,6,1,6,2,0,1,1
11,All,Expe1,5,6,1,6,3,1,1,0
11,All,Expe1,5,6,1,6,4,2,1,-1
11,All,Expe1,5,6,1,6,5,3,1,-2
11,All,Expe1,5,6,1,6,7,4,1,-3
11,All,Expe1,5,6,1,6,9,1,5,4
11,All,Expe1,5,6,1,6,11,2,5,3
11,All,Expe1,5,6,1,6,12,3,5,2
11,All,Expe1,5,6,1,6,14,5,4,-1
11,All,Expe1,6,4,1,1,2,0,0,0
11,All,Expe1,6,4,1,1,3,0,1,1
11,All,Expe1,6,4,1,1,4,1,1,0
11,All,Expe1,6,4,1,1,5,2,1,-1
11,All,Expe1,6,4,1,1,7,3,1,-2
11,All,Expe1,6,4,1,2,2,0,0,0
11,All,Expe1,6,4,1,2,4,0,1,1
11,All,Expe1,6,4,1,2,5,1,1,0
11,All,Expe1,6,4,1,2,6,2,1,-1
11,All,Expe1,6,4,1,2,8,3,1,-2
11,All,Expe1,6,4,1,2,12,1,4,3
11,All,Expe1,6,4,1,3,2,1,0,-1
11,All,Expe1,6,4,1,3,3,0,2,2
11,All,Expe1,6,4,1,3,6,1,2,1
11,All,Expe1,6,4,1,3,11,2,2,0
11,All,Expe1,6,4,1,3,14,2,3,1
11,All,Expe1,6,4,1,4,2,0,0,0
11,All,Expe1,6,4,1,4,4,1,0,-1
11,All,Expe1,6,4,1,4,5,0,2,2
11,All,Expe1,6,4,1,4,8,1,2,1
11,All,Expe1,6,4,1,4,10,2,2,0
11,All,Expe1,6,4,1,4,12,3,2,-1
11,All,Expe1,7,3,1,1,2,0,1,1
11,All,Expe1,7,3,1,2,2,1,0,-1
11,All,Expe1,7,3,1,2,3,2,0,-2
11,All,Expe1,7,3,1,2,4,0,3,3
11,All,Expe1,7,3,1,2,6,1,3,2
11,All,Expe1,7,3,1,2,7,2,3,1
11,All,Expe1,7,3,1,2,9,3,3,0
11,All,Expe1,7,3,1,2,10,4,3,-1
11,All,Expe1,7,3,1,2,14,5,3,-2
11,All,Expe1,7,3,1,2,15,6,3,-3
11,All,Expe1,7,3,1,3,2,1,0,-1
11,All,Expe1,7,3,1,3,3,2,0,-2
11,All,Expe1,7,3,1,3,5,0,3,3
11,All,Expe1,8,3,2,1,2,0,1,1
11,All,Expe1,8,3,2,1,3,1,1,0
11,All,Expe1,8,3,2,1,4,1,2,1
11,All,Expe1,8,3,2,1,5,2,2,0
11,All,Expe1,8,3,2,1,9,2,3,1
11,All,Expe1,8,3,2,2,13,1,0,-1
11,All,Expe1,8,3,2,3,2,1,0,-1
11,All,Expe1,8,3,2,3,3,0,2,2
11,All,Expe1,8,3,2,3,9,1,2,1
11,All,Expe1,9,6,2,1,4,0,0,0
11,All,Expe1,9,6,2,1,6,1,0,-1
11,All,Expe1,9,6,2,1,7,2,0,-2
11,All,Expe1,9,6,2,1,8,3,0,-3
11,All,Expe1,9,6,2,1,9,0,4,4
11,All,Expe1,9,6,2,1,10,4,1,-3
11,All,Expe1,9,6,2,1,11,5,1,-4
11,All,Expe1,9,6,2,2,3,1,0,-1
11,All,Expe1,9,6,2,2,4,2,0,-2
11,All,Expe1,9,6,2,2,7,0,3,3
11,All,Expe1,9,6,2,2,10,3,1,-2
11,All,Expe1,9,6,2,3,2,0,1,1
11,All,Expe1,9,6,2,3,3,1,1,0
11,All,Expe1,9,6,2,3,4,2,1,-1
11,All,Expe1,9,6,2,3,5,3,1,-2
11,All,Expe1,9,6,2,3,7,4,1,-3
11,All,Expe1,9,6,2,3,8,5,1,-4
11,All,Expe1,9,6,2,3,9,1,6,5
11,All,Expe1,9,6,2,3,10,6,2,-4
11,All,Expe1,9,6,2,4,2,0,0,0
11,All,Expe1,9,6,2,4,4,1,0,-1
11,All,Expe1,9,6,2,4,7,0,2,2
11,All,Expe1,9,6,2,4,11,1,2,1
11,All,Expe1,9,6,2,4,12,2,2,0
11,All,Expe1,9,6,2,5,3,0,0,0
11,All,Expe1,9,6,2,5,4,0,1,1
11,All,Expe1,9,6,2,5,5,1,1,0
11,All,Expe1,9,6,2,5,7,1,2,1
11,All,Expe1,9,6,2,5,9,2,2,0
11,All,Expe1,9,6,2,5,11,2,3,1
11,All,Expe1,9,6,2,5,12,3,3,0
11,All,Expe1,9,6,2,6,2,0,0,0
11,All,Expe1,9,6,2,6,3,0,1,1
11,All,Expe1,9,6,2,6,4,1,1,0
11,All,Expe1,9,6,2,6,5,2,1,-1
11,All,Expe1,9,6,2,6,7,3,1,-2
11,All,Expe1,9,6,2,6,9,4,1,-3
11,All,Expe1,9,6,2,6,11,1,5,4
11,All,Expe1,9,6,2,6,12,2,5,3
11,All,Expe1,10,5,2,1,2,0,1,1
11,All,Expe1,10,5,2,1,4,1,1,0
11,All,Expe1,10,5,2,1,9,2,1,-1
11,All,Expe1,10,5,2,2,2,0,0,0
11,All,Expe1,10,5,2,2,4,0,1,1
11,All,Expe1,10,5,2,2,5,1,1,0
11,All,Expe1,10,5,2,3,2,0,1,1
11,All,Expe1,10,5,2,3,3,1,1,0
11,All,Expe1,10,5,2,3,7,2,1,-1
11,All,Expe1,10,5,2,3,9,1,3,2
11,All,Expe1,10,5,2,3,12,2,3,1
11,All,Expe1,10,5,2,4,2,1,0,-1
11,All,Expe1,10,5,2,4,7,0,2,2
11,All,Expe1,10,5,2,5,2,1,0,-1
11,All,Expe1,10,5,2,5,4,2,0,-2
11,All,Expe1,10,5,2,5,5,3,0,-3
11,All,Expe1,10,5,2,5,7,0,4,4
11,All,Expe1,11,4,2,1,4,1,0,-1
11,All,Expe1,11,4,2,1,7,0,2,2
11,All,Expe1,11,4,2,1,8,2,1,-1
11,All,Expe1,11,4,2,2,2,0,0,0
11,All,Expe1,11,4,2,2,4,1,0,-1
11,All,Expe1,11,4,2,2,8,0,2,2
11,All,Expe1,11,4,2,2,10,1,2,1
11,All,Expe1,11,4,2,2,12,2,2,0
11,All,Expe1,11,4,2,2,14,2,3,1
11,All,Expe1,11,4,2,3,2,0,1,1
11,All,Expe1,11,4,2,3,3,1,1,0
11,All,Expe1,11,4,2,3,5,1,2,1
11,All,Expe1,11,4,2,3,6,2,2,0
11,All,Expe1,11,4,2,3,10,2,3,1
11,All,Expe1,11,4,2,3,11,3,3,0
11,All,Expe1,11,4,2,3,12,4,3,-1
11,All,Expe1,11,4,2,3,13,5,3,-2
11,All,Expe1,11,4,2,3,14,6,3,-3
11,All,Expe1,11,4,2,4,2,0,0,0
11,All,Expe1,11,4,2,4,3,0,1,1
11,All,Expe1,11,4,2,4,4,1,1,0
11,All,Expe1,11,4,2,4,6,1,2,1
11,All,Expe1,11,4,2,4,9,2,2,0
11,All,Expe1,11,4,2,4,10,2,3,1
11,All,Expe1,11,4,2,4,13,3,3,0
11,All,Expe1,11,4,2,4,14,4,3,-1
11,All,Expe1,12,2,4,1,3,0,0,0
11,All,Expe1,12,2,4,2,2,0,0,0
11,All,Expe1,12,2,4,2,10,0,1,1
11,All,Expe1,13,5,3,1,2,1,0,-1
11,All,Expe1,13,5,3,1,6,0,2,2
11,All,Expe1,13,5,3,1,7,2,1,-1
11,All,Expe1,13,5,3,1,8,3,1,-2
11,All,Expe1,13,5,3,1,10,1,4,3
11,All,Expe1,13,5,3,1,12,2,4,2
11,All,Expe1,13,5,3,2,2,1,0,-1
11,All,Expe1,13,5,3,2,3,0,2,2
11,All,Expe1,13,5,3,2,5,2,1,-1
11,All,Expe1,13,5,3,2,6,1,3,2
11,All,Expe1,13,5,3,2,8,2,3,1
11,All,Expe1,13,5,3,2,10,3,3,0
11,All,Expe1,13,5,3,2,11,4,3,-1
11,All,Expe1,13,5,3,2,12,3,5,2
11,All,Expe1,13,5,3,2,13,5,4,-1
11,All,Expe1,13,5,3,2,14,6,4,-2
11,All,Expe1,13,5,3,3,2,0,1,1
11,All,Expe1,13,5,3,3,3,1,1,0
11,All,Expe1,13,5,3,3,5,2,1,-1
11,All,Expe1,13,5,3,3,7,3,1,-2
11,All,Expe1,13,5,3,3,8,1,4,3
11,All,Expe1,13,5,3,3,10,2,4,2
11,All,Expe1,13,5,3,3,12,4,3,-1
11,All,Expe1,13,5,3,4,7,0,0,0
11,All,Expe1,13,5,3,4,10,1,0,-1
11,All,Expe1,13,5,3,5,2,0,1,1
11,All,Expe1,13,5,3,5,3,1,1,0
11,All,Expe1,13,5,3,5,4,2,1,-1
11,All,Expe1,13,5,3,5,5,1,3,2
11,All,Expe1,13,5,3,5,6,3,2,-1
11,All,Expe1,13,5,3,5,7,4,2,-2
11,All,Expe1,13,5,3,5,9,5,2,-3
11,All,Expe1,13,5,3,5,10,6,2,-4
11,All,Expe1,13,5,3,5,11,2,7,5
11,All,Expe1,13,5,3,5,13,3,7,4
11,All,Expe1,14,2,5,1,2,0,0,0
11,All,Expe1,14,2,5,1,5,1,0,-1
11,All,Expe1,14,2,5,1,12,2,0,-2
11,All,Expe1,14,2,5,1,13,3,0,-3
11,All,Expe1,14,2,5,1,15,4,0,-4
11,All,Expe1,14,2,5,2,2,0,0,0
11,All,Expe1,14,2,5,2,5,1,0,-1
11,All,Expe1,14,2,5,2,6,2,0,-2
11,All,Expe1,14,2,5,2,8,3,0,-3
11,All,Expe1,14,2,5,2,13,4,0,-4
11,All,Expe1,14,2,5,2,14,5,0,-5
11,All,Expe1,15,2,6,1,12,1,0,-1
11,All,Expe1,16,6,3,1,2,0,1,1
11,All,Expe1,16,6,3,1,3,1,1,0
11,All,Expe1,16,6,3,1,4,1,2,1
11,All,Expe1,16,6,3,1,5,2,2,0
11,All,Expe1,16,6,3,1,7,2,3,1
11,All,Expe1,16,6,3,1,9,3,3,0
11,All,Expe1,16,6,3,1,10,3,4,1
11,All,Expe1,16,6,3,1,11,4,4,0
11,All,Expe1,16,6,3,1,12,4,5,1
11,All,Expe1,16,6,3,1,13,5,5,0
11,All,Expe1,16,6,3,1,14,6,5,-1
11,All,Expe1,16,6,3,1,15,5,7,2
11,All,Expe1,16,6,3,2,3,1,0,-1
11,All,Expe1,16,6,3,2,6,2,0,-2
11,All,Expe1,16,6,3,2,7,3,0,-3
11,All,Expe1,16,6,3,2,8,0,4,4
11,All,Expe1,16,6,3,2,9,4,1,-3
11,All,Expe1,16,6,3,2,11,5,1,-4
11,All,Expe1,16,6,3,2,12,1,6,5
11,All,Expe1,16,6,3,2,13,6,2,-4
11,All,Expe1,16,6,3,2,14,7,2,-5
11,All,Expe1,16,6,3,2,15,8,2,-6
11,All,Expe1,16,6,3,3,3,0,1,1
11,All,Expe1,16,6,3,3,5,1,1,0
11,All,Expe1,16,6,3,3,6,2,1,-1
11,All,Expe1,16,6,3,3,7,3,1,-2
11,All,Expe1,16,6,3,3,8,1,4,3
11,All,Expe1,16,6,3,3,10,4,2,-2
11,All,Expe1,16,6,3,4,2,0,0,0
11,All,Expe1,16,6,3,4,3,1,0,-1
11,All,Expe1,16,6,3,4,4,0,2,2
11,All,Expe1,16,6,3,4,5,1,2,1
11,All,Expe1,16,6,3,4,6,2,2,0
11,All,Expe1,16,6,3,5,4,0,0,0
11,All,Expe1,16,6,3,5,10,0,1,1
11,All,Expe1,16,6,3,6,3,0,1,1
11,All,Expe1,16,6,3,6,4,1,1,0
11,All,Expe1,16,6,3,6,6,2,1,-1
11,All,Expe1,16,6,3,6,7,3,1,-2
11,All,Expe1,16,6,3,6,10,1,4,3
11,All,Expe1,16,6,3,6,12,2,4,2
11,All,Expe1,17,4,3,1,2,1,0,-1
11,All,Expe1,17,4,3,3,4,0,0,0
11,All,Expe1,17,4,3,4,3,0,1,1
11,All,Expe1,17,4,3,4,5,1,1,0
11,All,Expe1,18,3,3,1,2,0,0,0
11,All,Expe1,18,3,3,1,5,1,0,-1
11,All,Expe1,18,3,3,1,8,2,0,-2
11,All,Expe1,18,3,3,1,15,3,0,-3
11,All,Expe1,18,3,3,2,2,0,0,0
11,All,Expe1,18,3,3,2,14,1,0,-1
11,All,Expe1,18,3,3,2,15,2,0,-2
11,All,Expe1,18,3,3,3,3,1,0,-1
11,All,Expe1,18,3,3,3,4,2,0,-2
11,All,Expe1,18,3,3,3,7,3,0,-3
11,All,Expe1,18,3,3,3,8,4,0,-4
12,All,Expe1,1,5,1,3,2,1,0,-1
12,All,Expe1,1,5,1,4,2,0,1,1
12,All,Expe1,1,5,1,5,2,0,1,1
12,All,Expe1,1,5,1,5,3,1,1,0
12,All,Expe1,2,2,1,1,2,0,1,1
12,All,Expe1,2,2,1,2,2,1,0,-1
12,All,Expe1,3,2,2,1,2,0,1,1
12,All,Expe1,6,3,1,2,2,0,1,1
12,All,Expe1,6,3,1,3,9,0,0,0
12,All,Expe1,7,6,1,1,2,0,0,0
12,All,Expe1,7,6,1,1,4,1,0,-1
12,All,Expe1,7,6,1,1,5,2,0,-2
12,All,Expe1,7,6,1,1,8,3,0,-3
12,All,Expe1,7,6,1,1,10,4,0,-4
12,All,Expe1,7,6,1,2,3,0,1,1
12,All,Expe1,7,6,1,2,6,1,1,0
12,All,Expe1,7,6,1,3,3,0,0,0
12,All,Expe1,7,6,1,4,2,1,0,-1
12,All,Expe1,7,6,1,4,7,2,0,-2
12,All,Expe1,7,6,1,5,2,0,1,1
12,All,Expe1,7,6,1,6,10,0,0,0
12,All,Expe1,8,3,2,1,7,0,0,0
12,All,Expe1,8,3,2,2,2,0,1,1
12,All,Expe1,9,4,2,3,2,1,0,-1
12,All,Expe1,9,4,2,3,3,0,2,2
12,All,Expe1,9,4,2,4,2,0,1,1
12,All,Expe1,10,5,2,1,2,0,1,1
12,All,Expe1,10,5,2,1,3,1,1,0
12,All,Expe1,10,5,2,1,4,1,2,1
12,All,Expe1,10,5,2,2,4,0,0,0
12,All,Expe1,10,5,2,2,6,1,0,-1
12,All,Expe1,10,5,2,2,8,2,0,-2
12,All,Expe1,10,5,2,3,2,0,1,1
12,All,Expe1,10,5,2,3,3,1,1,0
12,All,Expe1,10,5,2,3,4,2,1,-1
12,All,Expe1,10,5,2,4,4,1,0,-1
12,All,Expe1,10,5,2,4,5,2,0,-2
12,All,Expe1,10,5,2,4,6,3,0,-3
12,All,Expe1,11,6,2,1,3,1,0,-1
12,All,Expe1,11,6,2,2,2,0,1,1
12,All,Expe1,11,6,2,3,6,1,0,-1
12,All,Expe1,11,6,2,4,2,0,1,1
12,All,Expe1,11,6,2,5,2,0,1,1
12,All,Expe1,11,6,2,5,3,1,1,0
12,All,Expe1,12,5,3,2,2,1,0,-1
12,All,Expe1,12,5,3,2,3,2,0,-2
12,All,Expe1,12,5,3,2,4,0,3,3
12,All,Expe1,15,4,3,1,2,1,0,-1
12,All,Expe1,15,4,3,2,9,1,0,-1
12,All,Expe1,17,3,3,3,2,0,1,1
12,All,Expe1,18,6,3,1,2,1,0,-1
12,All,Expe1,18,6,3,1,3,0,2,2
12,All,Expe1,18,6,3,1,4,2,1,-1
12,All,Expe1,18,6,3,1,5,1,3,2
12,All,Expe1,18,6,3,2,2,0,1,1
12,All,Expe1,18,6,3,2,3,1,1,0
12,All,Expe1,18,6,3,3,2,1,0,-1
12,All,Expe1,18,6,3,3,3,0,2,2
12,All,Expe1,18,6,3,3,5,1,2,1
12,All,Expe1,18,6,3,4,5,0,1,1
13,All,Expe1,1,2,1,1,2,0,1,1
13,All,Expe1,1,2,1,1,5,1,1,0
13,All,Expe1,1,2,1,1,9,2,1,-1
13,All,Expe1,2,4,1,1,2,0,1,1
13,All,Expe1,2,4,1,1,5,1,1,0
13,All,Expe1,2,4,1,1,10,2,1,-1
13,All,Expe1,2,4,1,1,13,3,1,-2
13,All,Expe1,2,4,1,2,2,0,1,1
13,All,Expe1,2,4,1,2,3,1,1,0
13,All,Expe1,2,4,1,2,4,1,2,1
13,All,Expe1,2,4,1,3,4,0,1,1
13,All,Expe1,2,4,1,3,5,1,1,0
13,All,Expe1,2,4,1,3,8,2,1,-1
13,All,Expe1,2,4,1,3,12,1,3,2
13,All,Expe1,2,4,1,4,3,0,0,0
13,All,Expe1,2,4,1,4,4,0,1,1
13,All,Expe1,2,4,1,4,7,1,1,0
13,All,Expe1,3,5,1,1,2,0,1,1
13,All,Expe1,3,5,1,2,2,0,1,1
13,All,Expe1,3,5,1,2,3,1,1,0
13,All,Expe1,3,5,1,2,7,2,1,-1
13,All,Expe1,3,5,1,3,2,0,1,1
13,All,Expe1,4,3,1,1,5,0,0,0
13,All,Expe1,5,2,2,1,2,0,1,1
13,All,Expe1,5,2,2,2,2,0,1,1
13,All,Expe1,6,3,2,1,2,0,1,1
13,All,Expe1,7,2,3,1,2,1,0,-1
13,All,Expe1,7,2,3,1,3,0,2,2
13,All,Expe1,7,2,3,2,6,0,0,0
13,All,Expe1,8,6,1,1,3,0,1,1
13,All,Expe1,8,6,1,1,5,1,1,0
13,All,Expe1,8,6,1,1,6,1,2,1
13,All,Expe1,8,6,1,1,7,2,2,0
13,All,Expe1,8,6,1,2,2,0,0,0
13,All,Expe1,8,6,1,3,3,0,1,1
13,All,Expe1,8,6,1,5,5,1,0,-1
13,All,Expe1,8,6,1,5,6,0,2,2
13,All,Expe1,8,6,1,5,8,2,1,-1
13,All,Expe1,8,6,1,5,9,3,1,-2
13,All,Expe1,8,6,1,5,10,1,4,3
13,All,Expe1,8,6,1,5,11,4,2,-2
13,All,Expe1,8,6,1,6,2,0,1,1
13,All,Expe1,8,6,1,6,3,1,1,0
13,All,Expe1,8,6,1,6,5,1,2,1
13,All,Expe1,8,6,1,6,7,2,2,0
13,All,Expe1,8,6,1,6,9,2,3,1
13,All,Expe1,8,6,1,6,11,3,3,0
13,All,Expe1,8,6,1,6,12,3,4,1
13,All,Expe1,8,6,1,6,13,4,4,0
13,All,Expe1,9,4,2,1,2,0,1,1
13,All,Expe1,9,4,2,3,2,0,1,1
13,All,Expe1,9,4,2,4,4,0,0,0
13,All,Expe1,10,6,2,1,2,0,1,1
13,All,Expe1,10,6,2,2,2,0,1,1
13,All,Expe1,10,6,2,5,2,1,0,-1
13,All,Expe1,10,6,2,5,3,2,0,-2
13,All,Expe1,10,6,2,5,4,0,3,3
13,All,Expe1,10,6,2,5,6,3,1,-2
13,All,Expe1,11,5,2,1,2,0,0,0
13,All,Expe1,11,5,2,2,5,0,0,0
13,All,Expe1,11,5,2,4,2,0,1,1
13,All,Expe1,11,5,2,5,3,0,0,0
13,All,Expe1,11,5,2,5,4,0,1,1
13,All,Expe1,12,2,4,1,4,0,0,0
13,All,Expe1,13,4,3,1,2,0,1,1
13,All,Expe1,13,4,3,1,6,1,1,0
13,All,Expe1,13,4,3,1,8,2,1,-1
13,All,Expe1,13,4,3,2,2,0,1,1
13,All,Expe1,14,5,3,2,2,0,1,1
13,All,Expe1,14,5,3,2,3,1,1,0
13,All,Expe1,14,5,3,2,6,2,1,-1
13,All,Expe1,14,5,3,5,3,0,1,1
13,All,Expe1,15,3,3,1,5,0,0,0
13,All,Expe1,16,2,5,1,2,0,1,1
13,All,Expe1,17,3,4,1,2,0,1,1
13,All,Expe1,17,3,4,2,2,0,1,1
13,All,Expe1,18,2,6,2,6,1,0,-1
14,All,Expe1,1,4,1,3,2,0,0,0
14,All,Expe1,2,3,1,1,2,0,0,0
14,All,Expe1,4,3,2,1,2,0,1,1
14,All,Expe1,4,3,2,1,4,1,1,0
14,All,Expe1,5,5,1,1,2,1,0,-1
14,All,Expe1,5,5,1,1,4,2,0,-2
14,All,Expe1,5,5,1,1,5,0,3,3
14,All,Expe1,5,5,1,2,2,0,0,0
14,All,Expe1,5,5,1,2,3,1,0,-1
14,All,Expe1,5,5,1,2,4,2,0,-2
14,All,Expe1,5,5,1,2,5,0,3,3
14,All,Expe1,5,5,1,2,6,1,3,2
14,All,Expe1,5,5,1,2,7,3,2,-1
14,All,Expe1,5,5,1,2,8,2,4,2
14,All,Expe1,5,5,1,2,10,3,4,1
14,All,Expe1,5,5,1,3,2,0,1,1
14,All,Expe1,5,5,1,3,3,1,1,0
14,All,Expe1,5,5,1,3,4,1,2,1
14,All,Expe1,5,5,1,3,5,2,2,0
14,All,Expe1,5,5,1,3,6,2,3,1
14,All,Expe1,5,5,1,3,7,3,3,0
14,All,Expe1,5,5,1,3,8,3,4,1
14,All,Expe1,5,5,1,3,9,4,4,0
14,All,Expe1,5,5,1,4,2,0,1,1
14,All,Expe1,5,5,1,4,3,1,1,0
14,All,Expe1,5,5,1,4,4,1,2,1
14,All,Expe1,5,5,1,4,5,2,2,0
14,All,Expe1,5,5,1,4,7,2,3,1
14,All,Expe1,5,5,1,4,9,3,3,0
14,All,Expe1,5,5,1,4,12,3,4,1
14,All,Expe1,5,5,1,5,6,1,0,-1
14,All,Expe1,5,5,1,5,9,2,0,-2
14,All,Expe1,5,5,1,5,13,3,0,-3
14,All,Expe1,6,6,1,1,2,1,0,-1
14,All,Expe1,6,6,1,1,3,2,0,-2
14,All,Expe1,6,6,1,1,5,0,3,3
14,All,Expe1,6,6,1,1,6,1,3,2
14,All,Expe1,6,6,1,1,8,2,3,1
14,All,Expe1,6,6,1,1,9,3,3,0
14,All,Expe1,6,6,1,2,2,0,0,0
14,All,Expe1,6,6,1,2,4,1,0,-1
14,All,Expe1,6,6,1,2,6,2,0,-2
14,All,Expe1,6,6,1,2,7,0,3,3
14,All,Expe1,6,6,1,2,8,1,3,2
14,All,Expe1,6,6,1,2,10,3,2,-1
14,All,Expe1,6,6,1,2,12,4,2,-2
14,All,Expe1,6,6,1,3,4,0,1,1
14,All,Expe1,6,6,1,3,5,1,1,0
14,All,Expe1,6,6,1,3,8,2,1,-1
14,All,Expe1,6,6,1,3,9,3,1,-2
14,All,Expe1,6,6,1,3,10,4,1,-3
14,All,Expe1,6,6,1,3,11,5,1,-4
14,All,Expe1,6,6,1,4,4,1,0,-1
14,All,Expe1,6,6,1,4,8,2,0,-2
14,All,Expe1,6,6,1,4,9,3,0,-3
14,All,Expe1,6,6,1,4,10,4,0,-4
14,All,Expe1,6,6,1,5,4,1,0,-1
14,All,Expe1,6,6,1,6,2,0,0,0
14,All,Expe1,6,6,1,6,3,0,1,1
14,All,Expe1,6,6,1,6,7,1,1,0
14,All,Expe1,6,6,1,6,9,2,1,-1
14,All,Expe1,6,6,1,6,10,3,1,-2
14,All,Expe1,6,6,1,6,11,4,1,-3
14,All,Expe1,6,6,1,6,13,5,1,-4
14,All,Expe1,6,6,1,6,14,6,1,-5
14,All,Expe1,7,2,2,1,4,0,0,0
14,All,Expe1,7,2,2,2,2,0,0,0
14,All,Expe1,7,2,2,2,3,0,1,1
14,All,Expe1,7,2,2,2,4,1,1,0
14,All,Expe1,7,2,2,2,5,1,2,1
14,All,Expe1,8,2,3,1,2,0,1,1
14,All,Expe1,8,2,3,1,3,1,1,0
14,All,Expe1,9,5,2,1,2,1,0,-1
14,All,Expe1,9,5,2,1,3,2,0,-2
14,All,Expe1,9,5,2,1,4,0,3,3
14,All,Expe1,9,5,2,3,2,0,1,1
14,All,Expe1,9,5,2,3,3,1,1,0
14,All,Expe1,9,5,2,3,4,1,2,1
14,All,Expe1,9,5,2,3,6,2,2,0
14,All,Expe1,9,5,2,3,8,3,2,-1
14,All,Expe1,9,5,2,3,9,4,2,-2
14,All,Expe1,10,4,2,1,4,0,0,0
14,All,Expe1,10,4,2,3,2,0,1,1
14,All,Expe1,11,6,2,1,2,0,1,1
14,All,Expe1,11,6,2,1,3,1,1,0
14,All,Expe1,11,6,2,1,4,1,2,1
14,All,Expe1,11,6,2,1,5,2,2,0
14,All,Expe1,11,6,2,1,6,3,2,-1
14,All,Expe1,11,6,2,1,7,4,2,-2
14,All,Expe1,11,6,2,1,8,5,2,-3
14,All,Expe1,11,6,2,1,9,2,6,4
14,All,Expe1,11,6,2,1,11,6,3,-3
14,All,Expe1,11,6,2,1,13,7,3,-4
14,All,Expe1,11,6,2,1,15,8,3,-5
14,All,Expe1,11,6,2,2,2,0,0,0
14,All,Expe1,11,6,2,2,3,0,1,1
14,All,Expe1,11,6,2,2,4,1,1,0
14,All,Expe1,11,6,2,2,5,1,2,1
14,All,Expe1,11,6,2,3,2,1,0,-1
14,All,Expe1,11,6,2,3,3,2,0,-2
14,All,Expe1,11,6,2,3,4,0,3,3
14,All,Expe1,11,6,2,3,5,3,1,-2
14,All,Expe1,11,6,2,3,6,1,4,3
14,All,Expe1,11,6,2,3,7,2,4,2
14,All,Expe1,11,6,2,3,10,3,4,1
14,All,Expe1,11,6,2,3,11,4,4,0
14,All,Expe1,11,6,2,3,14,5,4,-1
14,All,Expe1,11,6,2,4,3,0,0,0
14,All,Expe1,11,6,2,6,4,1,0,-1
14,All,Expe1,11,6,2,6,5,2,0,-2
14,All,Expe1,11,6,2,6,6,0,3,3
14,All,Expe1,11,6,2,6,10,1,3,2
14,All,Expe1,11,6,2,6,12,3,2,-1
14,All,Expe1,11,6,2,6,14,4,2,-2
14,All,Expe1,12,4,3,2,2,0,1,1
14,All,Expe1,12,4,3,4,8,0,1,1
14,All,Expe1,13,3,3,3,14,0,0,0
14,All,Expe1,14,2,4,2,10,1,0,-1
14,All,Expe1,15,3,4,3,2,0,1,1
14,All,Expe1,16,5,3,2,2,0,1,1
14,All,Expe1,16,5,3,2,3,1,1,0
14,All,Expe1,16,5,3,3,8,0,0,0
14,All,Expe1,17,6,3,1,2,0,0,0
14,All,Expe1,17,6,3,1,3,1,0,-1
14,All,Expe1,17,6,3,1,4,2,0,-2
14,All,Expe1,17,6,3,4,2,0,1,1
14,All,Expe1,17,6,3,4,3,1,1,0
14,All,Expe1,17,6,3,4,4,2,1,-1
14,All,Expe1,17,6,3,4,5,1,3,2
14,All,Expe1,17,6,3,5,5,0,0,0
14,All,Expe1,17,6,3,6,2,1,0,-1
14,All,Expe1,17,6,3,6,3,0,2,2
14,All,Expe1,17,6,3,6,6,1,2,1
14,All,Expe1,17,6,3,6,7,2,2,0
14,All,Expe1,18,2,5,1,2,0,1,1
14,All,Expe1,18,2,5,2,2,0,1,1
15,All,Expe1,1,3,1,2,2,0,1,1
15,All,Expe1,1,3,1,2,3,1,1,0
15,All,Expe1,2,3,2,2,2,0,1,1
15,All,Expe1,2,3,2,3,2,0,1,1
15,All,Expe1,3,4,1,1,2,0,0,0
15,All,Expe1,3,4,1,1,5,0,1,1
15,All,Expe1,3,4,1,1,6,1,1,0
15,All,Expe1,3,4,1,2,3,0,1,1
15,All,Expe1,3,4,1,3,6,0,0,0
15,All,Expe1,3,4,1,3,7,0,1,1
15,All,Expe1,3,4,1,4,2,0,1,1
15,All,Expe1,3,4,1,4,4,1,1,0
15,All,Expe1,3,4,1,4,5,1,2,1
15,All,Expe1,4,6,1,1,3,0,0,0
15,All,Expe1,4,6,1,2,5,0,1,1
15,All,Expe1,4,6,1,2,7,1,1,0
15,All,Expe1,4,6,1,2,8,2,1,-1
15,All,Expe1,4,6,1,2,9,1,3,2
15,All,Expe1,4,6,1,2,15,3,2,-1
15,All,Expe1,4,6,1,3,2,1,0,-1
15,All,Expe1,4,6,1,3,3,0,2,2
15,All,Expe1,4,6,1,3,4,1,2,1
15,All,Expe1,4,6,1,3,5,2,2,0
15,All,Expe1,4,6,1,3,8,3,2,-1
15,All,Expe1,4,6,1,3,9,4,2,-2
15,All,Expe1,4,6,1,3,10,5,2,-3
15,All,Expe1,4,6,1,3,15,6,2,-4
15,All,Expe1,4,6,1,4,2,0,0,0
15,All,Expe1,4,6,1,4,4,1,0,-1
15,All,Expe1,4,6,1,4,5,0,2,2
15,All,Expe1,4,6,1,4,7,1,2,1
15,All,Expe1,4,6,1,5,2,0,0,0
15,All,Expe1,4,6,1,5,4,1,0,-1
15,All,Expe1,4,6,1,5,5,2,0,-2
15,All,Expe1,4,6,1,5,6,3,0,-3
15,All,Expe1,4,6,1,5,7,4,0,-4
15,All,Expe1,4,6,1,5,8,0,5,5
15,All,Expe1,4,6,1,5,11,5,1,-4
15,All,Expe1,4,6,1,5,12,6,1,-5
15,All,Expe1,4,6,1,5,15,1,7,6
15,All,Expe1,5,2,1,1,2,0,1,1
15,All,Expe1,5,2,1,2,2,0,1,1
15,All,Expe1,6,2,2,1,2,0,1,1
15,All,Expe1,7,5,1,1,2,1,0,-1
15,All,Expe1,7,5,1,1,3,0,2,2
15,All,Expe1,7,5,1,1,5,1,2,1
15,All,Expe1,7,5,1,2,3,0,1,1
15,All,Expe1,7,5,1,2,5,1,1,0
15,All,Expe1,7,5,1,2,7,1,2,1
15,All,Expe1,7,5,1,3,2,0,1,1
15,All,Expe1,7,5,1,3,3,1,1,0
15,All,Expe1,7,5,1,3,4,1,2,1
15,All,Expe1,7,5,1,3,5,2,2,0
15,All,Expe1,7,5,1,3,6,3,2,-1
15,All,Expe1,7,5,1,3,7,2,4,2
15,All,Expe1,7,5,1,3,10,4,3,-1
15,All,Expe1,7,5,1,4,2,0,1,1
15,All,Expe1,9,6,2,2,2,1,0,-1
15,All,Expe1,9,6,2,2,3,2,0,-2
15,All,Expe1,9,6,2,4,2,0,1,1
15,All,Expe1,9,6,2,4,3,1,1,0
15,All,Expe1,9,6,2,4,5,2,1,-1
15,All,Expe1,9,6,2,4,6,3,1,-2
15,All,Expe1,9,6,2,5,2,0,1,1
15,All,Expe1,9,6,2,5,4,1,1,0
15,All,Expe1,9,6,2,5,5,1,2,1
15,All,Expe1,9,6,2,5,6,2,2,0
15,All,Expe1,9,6,2,6,3,1,0,-1
15,All,Expe1,9,6,2,6,4,0,2,2
15,All,Expe1,9,6,2,6,5,1,2,1
15,All,Expe1,9,6,2,6,6,2,2,0
15,All,Expe1,10,5,2,1,2,0,1,1
15,All,Expe1,10,5,2,3,2,0,1,1
15,All,Expe1,10,5,2,3,3,1,1,0
15,All,Expe1,10,5,2,5,2,0,1,1
15,All,Expe1,10,5,2,5,3,1,1,0
15,All,Expe1,10,5,2,5,4,1,2,1
15,All,Expe1,10,5,2,5,5,2,2,0
15,All,Expe1,11,4,2,4,2,0,1,1
15,All,Expe1,14,4,3,1,3,0,0,0
15,All,Expe1,14,4,3,2,2,1,0,-1
15,All,Expe1,14,4,3,4,2,0,1,1
15,All,Expe1,14,4,3,4,3,1,1,0
15,All,Expe1,14,4,3,4,4,2,1,-1
15,All,Expe1,15,6,3,3,3,0,0,0
15,All,Expe1,15,6,3,3,4,1,0,-1
15,All,Expe1,15,6,3,3,5,2,0,-2
15,All,Expe1,15,6,3,3,6,0,3,3
15,All,Expe1,15,6,3,4,2,0,1,1
15,All,Expe1,15,6,3,6,2,0,1,1
15,All,Expe1,18,5,3,2,3,0,0,0
15,All,Expe1,18,5,3,2,5,0,1,1
15,All,Expe1,18,5,3,2,9,1,1,0
15,All,Expe1,18,5,3,3,2,0,0,0
15,All,Expe1,18,5,3,3,5,1,0,-1
15,All,Expe1,18,5,3,3,6,0,2,2
15,All,Expe1,18,5,3,4,3,0,0,0
15,All,Expe1,18,5,3,4,4,0,1,1
15,All,Expe1,18,5,3,5,3,1,0,-1
15,All,Expe1,18,5,3,5,4,0,2,2
16,All,Expe1,1,3,1,1,2,0,1,1
16,All,Expe1,1,3,1,2,2,0,1,1
16,All,Expe1,2,6,1,1,2,1,0,-1
16,All,Expe1,2,6,1,1,3,0,2,2
16,All,Expe1,2,6,1,1,4,2,1,-1
16,All,Expe1,2,6,1,1,6,3,1,-2
16,All,Expe1,2,6,1,1,7,4,1,-3
16,All,Expe1,2,6,1,1,8,5,1,-4
16,All,Expe1,2,6,1,2,2,0,1,1
16,All,Expe1,2,6,1,2,3,1,1,0
16,All,Expe1,2,6,1,3,2,0,1,1
16,All,Expe1,2,6,1,3,5,1,1,0
16,All,Expe1,2,6,1,3,6,2,1,-1
16,All,Expe1,2,6,1,3,7,1,3,2
16,All,Expe1,2,6,1,4,2,0,1,1
16,All,Expe1,2,6,1,5,2,0,1,1
16,All,Expe1,2,6,1,5,3,1,1,0
16,All,Expe1,2,6,1,5,5,2,1,-1
16,All,Expe1,2,6,1,5,6,1,3,2
16,All,Expe1,2,6,1,5,7,2,3,1
16,All,Expe1,2,6,1,5,8,3,3,0
16,All,Expe1,2,6,1,6,2,0,0,0
16,All,Expe1,3,3,2,2,2,0,1,1
16,All,Expe1,5,4,1,3,2,0,1,1
16,All,Expe1,5,4,1,3,3,1,1,0
16,All,Expe1,7,2,3,1,2,0,1,1
16,All,Expe1,8,5,1,3,2,0,1,1
16,All,Expe1,9,4,2,2,2,0,1,1
16,All,Expe1,9,4,2,3,2,0,1,1
16,All,Expe1,9,4,2,3,3,1,1,0
16,All,Expe1,9,4,2,4,2,1,0,-1
16,All,Expe1,9,4,2,4,3,0,2,2
16,All,Expe1,10,6,2,2,3,0,1,1
16,All,Expe1,10,6,2,2,4,1,1,0
16,All,Expe1,10,6,2,4,2,0,1,1
16,All,Expe1,10,6,2,4,4,1,1,0
16,All,Expe1,12,3,3,3,2,0,1,1
16,All,Expe1,13,6,3,2,2,0,0,0
16,All,Expe1,13,6,3,3,2,0,1,1
16,All,Expe1,13,6,3,4,2,0,1,1
16,All,Expe1,13,6,3,4,7,1,1,0
16,All,Expe1,14,3,4,2,7,1,0,-1
16,All,Expe1,14,3,4,3,3,0,0,0
16,All,Expe1,16,4,3,4,2,0,1,1
16,All,Expe1,17,2,5,1,2,0,1,1
16,All,Expe1,18,2,6,2,2,0,1,1
17,All,Expe1,1,2,1,1,2,0,0,0
17,All,Expe1,1,2,1,1,6,1,0,-1
17,All,Expe1,1,2,1,2,2,1,0,-1
17,All,Expe1,1,2,1,2,3,0,2,2
17,All,Expe1,2,6,1,1,3,0,0,0
17,All,Expe1,2,6,1,2,3,1,0,-1
17,All,Expe1,2,6,1,2,4,2,0,-2
17,All,Expe1,2,6,1,3,4,0,1,1
17,All,Expe1,2,6,1,3,5,1,1,0
17,All,Expe1,2,6,1,5,4,0,0,0
17,All,Expe1,2,6,1,5,7,0,1,1
17,All,Expe1,2,6,1,6,5,0,1,1
17,All,Expe1,2,6,1,6,8,1,1,0
17,All,Expe1,2,6,1,6,10,1,2,1
17,All,Expe1,3,2,2,1,2,0,1,1
17,All,Expe1,3,2,2,1,3,1,1,0
17,All,Expe1,3,2,2,1,4,1,2,1
17,All,Expe1,3,2,2,2,4,0,1,1
17,All,Expe1,4,5,1,1,2,1,0,-1
17,All,Expe1,4,5,1,3,2,0,1,1
17,All,Expe1,4,5,1,3,3,1,1,0
17,All,Expe1,4,5,1,3,4,2,1,-1
17,All,Expe1,4,5,1,3,5,3,1,-2
17,All,Expe1,4,5,1,3,8,1,4,3
17,All,Expe1,4,5,1,3,9,2,4,2
17,All,Expe1,4,5,1,3,12,4,3,-1
17,All,Expe1,4,5,1,4,2,1,0,-1
17,All,Expe1,4,5,1,4,3,0,2,2
17,All,Expe1,4,5,1,4,4,2,1,-1
17,All,Expe1,4,5,1,4,5,1,3,2
17,All,Expe1,4,5,1,4,7,3,2,-1
17,All,Expe1,4,5,1,4,8,4,2,-2
17,All,Expe1,4,5,1,4,9,5,2,-3
17,All,Expe1,4,5,1,4,12,6,2,-4
17,All,Expe1,4,5,1,4,13,2,7,5
17,All,Expe1,4,5,1,5,6,0,1,1
17,All,Expe1,4,5,1,5,7,1,1,0
17,All,Expe1,4,5,1,5,9,1,2,1
17,All,Expe1,5,3,1,1,15,0,1,1
17,All,Expe1,5,3,1,2,11,1,0,-1
17,All,Expe1,5,3,1,2,15,2,0,-2
17,All,Expe1,5,3,1,3,4,0,0,0
17,All,Expe1,5,3,1,3,6,1,0,-1
17,All,Expe1,5,3,1,3,8,2,0,-2
17,All,Expe1,6,4,1,4,2,1,0,-1
17,All,Expe1,6,4,1,4,3,0,2,2
17,All,Expe1,6,4,1,4,4,1,2,1
17,All,Expe1,6,4,1,4,8,2,2,0
17,All,Expe1,6,4,1,4,9,3,2,-1
17,All,Expe1,6,4,1,4,10,4,2,-2
17,All,Expe1,7,2,3,2,4,1,0,-1
17,All,Expe1,8,3,2,3,2,0,1,1
17,All,Expe1,8,3,2,3,8,1,1,0
17,All,Expe1,9,4,2,1,3,0,0,0
17,All,Expe1,9,4,2,1,6,1,0,-1
17,All,Expe1,9,4,2,2,2,0,1,1
17,All,Expe1,9,4,2,2,6,1,1,0
17,All,Expe1,9,4,2,3,3,0,0,0
17,All,Expe1,9,4,2,4,2,0,1,1
17,All,Expe1,9,4,2,4,7,1,1,0
17,All,Expe1,10,6,2,2,2,0,1,1
17,All,Expe1,10,6,2,2,4,1,1,0
17,All,Expe1,10,6,2,2,5,2,1,-1
17,All,Expe1,10,6,2,2,9,3,1,-2
17,All,Expe1,10,6,2,2,14,4,1,-3
17,All,Expe1,10,6,2,5,2,0,1,1
17,All,Expe1,10,6,2,6,2,0,1,1
17,All,Expe1,10,6,2,6,3,1,1,0
17,All,Expe1,10,6,2,6,4,2,1,-1
17,All,Expe1,10,6,2,6,6,3,1,-2
17,All,Expe1,10,6,2,6,7,1,4,3
17,All,Expe1,10,6,2,6,8,4,2,-2
17,All,Expe1,10,6,2,6,9,5,2,-3
17,All,Expe1,11,5,2,1,3,0,1,1
17,All,Expe1,11,5,2,1,4,1,1,0
17,All,Expe1,11,5,2,1,5,2,1,-1
17,All,Expe1,11,5,2,1,6,1,3,2
17,All,Expe1,11,5,2,1,7,2,3,1
17,All,Expe1,11,5,2,1,8,3,3,0
17,All,Expe1,11,5,2,1,9,4,3,-1
17,All,Expe1,11,5,2,2,4,1,0,-1
17,All,Expe1,11,5,2,2,7,2,0,-2
17,All,Expe1,11,5,2,2,9,3,0,-3
17,All,Expe1,11,5,2,2,15,4,0,-4
17,All,Expe1,11,5,2,4,2,0,1,1
17,All,Expe1,11,5,2,4,3,1,1,0
17,All,Expe1,11,5,2,4,4,2,1,-1
17,All,Expe1,11,5,2,4,5,3,1,-2
17,All,Expe1,11,5,2,4,6,4,1,-3
17,All,Expe1,11,5,2,4,7,5,1,-4
17,All,Expe1,11,5,2,4,8,1,6,5
17,All,Expe1,11,5,2,4,9,2,6,4
17,All,Expe1,11,5,2,4,10,3,6,3
17,All,Expe1,11,5,2,4,11,6,4,-2
17,All,Expe1,11,5,2,4,12,4,7,3
17,All,Expe1,11,5,2,4,13,5,7,2
17,All,Expe1,11,5,2,4,14,7,6,-1
17,All,Expe1,11,5,2,4,15,8,6,-2
17,All,Expe1,11,5,2,5,2,0,1,1
17,All,Expe1,11,5,2,5,4,1,1,0
17,All,Expe1,11,5,2,5,5,1,2,1
17,All,Expe1,11,5,2,5,6,2,2,0
17,All,Expe1,11,5,2,5,8,3,2,-1
17,All,Expe1,11,5,2,5,10,4,2,-2
17,All,Expe1,11,5,2,5,11,5,2,-3
17,All,Expe1,11,5,2,5,12,6,2,-4
17,All,Expe1,11,5,2,5,13,7,2,-5
17,All,Expe1,11,5,2,5,14,2,8,6
17,All,Expe1,11,5,2,5,15,8,3,-5
17,All,Expe1,12,2,4,1,11,0,0,0
17,All,Expe1,12,2,4,2,7,0,1,1
17,All,Expe1,13,6,3,1,3,0,1,1
17,All,Expe1,13,6,3,1,4,1,1,0
17,All,Expe1,13,6,3,1,5,1,2,1
17,All,Expe1,13,6,3,1,6,2,2,0
17,All,Expe1,13,6,3,1,7,3,2,-1
17,All,Expe1,13,6,3,1,9,4,2,-2
17,All,Expe1,13,6,3,3,2,0,1,1
17,All,Expe1,13,6,3,3,4,1,1,0
17,All,Expe1,13,6,3,3,5,1,2,1
17,All,Expe1,13,6,3,3,7,2,2,0
17,All,Expe1,13,6,3,4,3,0,0,0
17,All,Expe1,13,6,3,5,2,0,1,1
17,All,Expe1,13,6,3,6,6,0,1,1
17,All,Expe1,14,2,5,2,4,0,1,1
17,All,Expe1,14,2,5,2,7,1,1,0
17,All,Expe1,15,5,3,1,4,1,0,-1
17,All,Expe1,15,5,3,1,9,2,0,-2
17,All,Expe1,15,5,3,2,2,0,0,0
17,All,Expe1,15,5,3,2,3,0,1,1
17,All,Expe1,15,5,3,2,6,1,1,0
17,All,Expe1,15,5,3,4,2,1,0,-1
17,All,Expe1,15,5,3,4,3,0,2,2
17,All,Expe1,15,5,3,5,3,0,1,1
17,All,Expe1,15,5,3,5,4,1,1,0
17,All,Expe1,15,5,3,5,6,2,1,-1
17,All,Expe1,15,5,3,5,7,3,1,-2
17,All,Expe1,16,3,3,1,5,0,0,0
17,All,Expe1,16,3,3,1,8,0,1,1
17,All,Expe1,16,3,3,3,2,0,1,1
17,All,Expe1,16,3,3,3,4,1,1,0
17,All,Expe1,16,3,3,3,7,1,2,1
17,All,Expe1,17,4,3,1,9,0,0,0
17,All,Expe1,17,4,3,3,2,0,1,1
17,All,Expe1,17,4,3,3,3,1,1,0
17,All,Expe1,17,4,3,4,5,0,0,0
17,All,Expe1,18,2,6,2,5,0,0,0
17,All,Expe1,18,2,6,2,7,1,0,-1
18,All,Expe1,1,6,1,2,2,0,1,1
18,All,Expe1,1,6,1,2,3,1,1,0
18,All,Expe1,1,6,1,2,5,1,2,1
18,All,Expe1,1,6,1,3,2,0,1,1
18,All,Expe1,1,6,1,3,4,1,1,0
18,All,Expe1,1,6,1,4,3,1,0,-1
18,All,Expe1,1,6,1,5,6,0,0,0
18,All,Expe1,1,6,1,6,2,0,1,1
18,All,Expe1,1,6,1,6,3,1,1,0
18,All,Expe1,2,5,1,2,4,0,1,1
18,All,Expe1,2,5,1,3,2,0,1,1
18,All,Expe1,2,5,1,3,3,1,1,0
18,All,Expe1,2,5,1,3,4,2,1,-1
18,All,Expe1,2,5,1,5,2,1,0,-1
18,All,Expe1,2,5,1,5,9,2,0,-2
18,All,Expe1,4,4,1,1,3,0,1,1
18,All,Expe1,4,4,1,4,2,0,1,1
18,All,Expe1,4,4,1,4,3,1,1,0
18,All,Expe1,4,4,1,4,4,2,1,-1
18,All,Expe1,4,4,1,4,5,3,1,-2
18,All,Expe1,5,2,2,1,2,0,1,1
18,All,Expe1,6,3,1,2,2,0,1,1
18,All,Expe1,6,3,1,3,2,0,1,1
18,All,Expe1,8,2,3,2,2,0,1,1
18,All,Expe1,9,5,2,2,2,1,0,-1
18,All,Expe1,9,5,2,2,4,2,0,-2
18,All,Expe1,9,5,2,2,5,0,3,3
18,All,Expe1,9,5,2,2,6,1,3,2
18,All,Expe1,9,5,2,2,7,3,2,-1
18,All,Expe1,9,5,2,3,2,1,0,-1
18,All,Expe1,9,5,2,3,3,0,2,2
18,All,Expe1,9,5,2,3,4,1,2,1
18,All,Expe1,9,5,2,3,5,2,2,0
18,All,Expe1,9,5,2,5,2,0,1,1
18,All,Expe1,10,6,2,1,2,0,0,0
18,All,Expe1,10,6,2,1,5,1,0,-1
18,All,Expe1,10,6,2,1,6,2,0,-2
18,All,Expe1,10,6,2,4,2,0,1,1
18,All,Expe1,10,6,2,5,2,0,1,1
18,All,Expe1,10,6,2,5,3,1,1,0
18,All,Expe1,10,6,2,6,2,0,1,1
18,All,Expe1,11,4,2,3,2,0,1,1
18,All,Expe1,12,6,3,2,7,1,0,-1
18,All,Expe1,12,6,3,3,3,0,1,1
18,All,Expe1,12,6,3,3,4,1,1,0
18,All,Expe1,13,5,3,1,2,0,1,1
18,All,Expe1,13,5,3,1,4,1,1,0
18,All,Expe1,13,5,3,2,4,0,1,1
18,All,Expe1,13,5,3,4,2,0,1,1
18,All,Expe1,13,5,3,4,3,1,1,0
18,All,Expe1,14,2,4,1,2,0,1,1
18,All,Expe1,14,2,4,2,2,0,1,1
18,All,Expe1,15,4,3,3,2,0,1,1
18,All,Expe1,15,4,3,4,2,0,1,1
18,All,Expe1,16,2,5,1,2,0,1,1
18,All,Expe1,17,3,3,3,2,0,1,1
18,All,Expe1,18,3,4,3,2,0,1,1
19,All,Expe1,1,5,1,1,3,1,0,-1
19,All,Expe1,1,5,1,2,2,0,1,1
19,All,Expe1,2,4,1,2,6,1,0,-1
19,All,Expe1,2,4,1,3,2,0,1,1
19,All,Expe1,2,4,1,3,3,1,1,0
19,All,Expe1,2,4,1,3,5,1,2,1
19,All,Expe1,2,4,1,4,4,0,0,0
19,All,Expe1,3,6,1,1,6,1,0,-1
19,All,Expe1,3,6,1,2,2,0,1,1
19,All,Expe1,3,6,1,2,3,1,1,0
19,All,Expe1,3,6,1,3,2,0,1,1
19,All,Expe1,3,6,1,4,2,0,1,1
19,All,Expe1,3,6,1,4,3,1,1,0
19,All,Expe1,4,3,1,2,2,0,1,1
19,All,Expe1,5,2,1,1,2,0,1,1
19,All,Expe1,7,2,3,1,2,0,1,1
19,All,Expe1,8,3,2,2,2,0,1,1
19,All,Expe1,9,4,2,2,2,0,1,1
19,All,Expe1,9,4,2,3,2,0,1,1
19,All,Expe1,9,4,2,4,2,0,1,1
19,All,Expe1,10,5,2,2,2,0,1,1
19,All,Expe1,10,5,2,3,2,0,1,1
19,All,Expe1,10,5,2,4,2,0,1,1
19,All,Expe1,11,6,2,2,3,1,0,-1
19,All,Expe1,11,6,2,2,4,2,0,-2
19,All,Expe1,11,6,2,2,7,0,3,3
19,All,Expe1,11,6,2,3,2,0,1,1
19,All,Expe1,11,6,2,3,9,1,1,0
19,All,Expe1,11,6,2,6,2,0,0,0
19,All,Expe1,11,6,2,6,3,0,1,1
19,All,Expe1,11,6,2,6,4,1,1,0
19,All,Expe1,12,5,3,1,7,0,0,0
19,All,Expe1,12,5,3,3,3,0,1,1
19,All,Expe1,14,6,3,2,2,0,1,1
19,All,Expe1,14,6,3,3,2,0,1,1
19,All,Expe1,14,6,3,4,2,0,1,1
19,All,Expe1,14,6,3,4,4,1,1,0
20,All,Expe1,3,3,2,2,3,0,0,0
20,All,Expe1,4,2,2,1,2,0,1,1
20,All,Expe1,5,4,1,3,3,0,1,1
20,All,Expe1,5,4,1,3,6,1,1,0
20,All,Expe1,7,5,1,1,2,0,1,1
20,All,Expe1,7,5,1,3,2,0,1,1
20,All,Expe1,7,5,1,5,2,0,1,1
20,All,Expe1,7,5,1,5,4,1,1,0
20,All,Expe1,7,5,1,5,6,2,1,-1
20,All,Expe1,8,6,1,1,2,0,0,0
20,All,Expe1,8,6,1,1,4,0,1,1
20,All,Expe1,8,6,1,1,6,1,1,0
20,All,Expe1,8,6,1,4,4,1,0,-1
20,All,Expe1,8,6,1,5,3,1,0,-1
20,All,Expe1,8,6,1,6,3,1,0,-1
20,All,Expe1,8,6,1,6,4,0,2,2
20,All,Expe1,8,6,1,6,5,1,2,1
20,All,Expe1,9,4,2,3,2,0,1,1
20,All,Expe1,9,4,2,4,2,0,1,1
20,All,Expe1,9,4,2,4,3,1,1,0
20,All,Expe1,10,5,2,2,3,0,1,1
20,All,Expe1,10,5,2,2,5,1,1,0
20,All,Expe1,10,5,2,2,6,2,1,-1
20,All,Expe1,10,5,2,3,2,0,1,1
20,All,Expe1,10,5,2,3,3,1,1,0
20,All,Expe1,10,5,2,3,5,2,1,-1
20,All,Expe1,10,5,2,4,2,0,1,1
20,All,Expe1,10,5,2,4,4,1,1,0
20,All,Expe1,10,5,2,5,6,1,0,-1
20,All,Expe1,11,6,2,2,8,1,0,-1
20,All,Expe1,11,6,2,3,2,0,1,1
20,All,Expe1,13,3,3,1,2,0,1,1
20,All,Expe1,13,3,3,2,2,0,1,1
20,All,Expe1,14,3,4,1,2,0,1,1
20,All,Expe1,14,3,4,2,2,0,1,1
20,All,Expe1,14,3,4,3,4,0,1,1
20,All,Expe1,15,2,5,1,2,0,1,1
20,All,Expe1,16,4,3,2,2,0,1,1
20,All,Expe1,17,2,6,1,2,0,1,1
20,All,Expe1,18,5,3,1,2,0,0,0
20,All,Expe1,18,5,3,1,3,1,0,-1
20,All,Expe1,18,5,3,2,8,1,0,-1
20,All,Expe1,18,5,3,3,2,0,1,1
20,All,Expe1,18,5,3,3,3,1,1,0
20,All,Expe1,18,5,3,3,4,1,2,1
20,All,Expe1,18,5,3,3,5,2,2,0
20,All,Expe1,18,5,3,5,2,0,1,1
21,All,Expe1,2,2,1,1,2,0,1,1
21,All,Expe1,3,2,2,1,2,0,1,1
21,All,Expe1,4,2,3,1,2,0,1,1
21,All,Expe1,4,2,3,2,2,0,1,1
21,All,Expe1,5,3,2,2,2,0,1,1
21,All,Expe1,5,3,2,3,4,0,1,1
21,All,Expe1,6,6,1,2,2,1,0,-1
21,All,Expe1,6,6,1,2,4,2,0,-2
21,All,Expe1,6,6,1,5,2,1,0,-1
21,All,Expe1,6,6,1,5,4,2,0,-2
21,All,Expe1,6,6,1,5,5,3,0,-3
21,All,Expe1,6,6,1,5,7,4,0,-4
21,All,Expe1,7,4,1,1,7,0,0,0
21,All,Expe1,7,4,1,3,2,0,1,1
21,All,Expe1,7,4,1,4,2,0,1,1
21,All,Expe1,8,5,1,3,2,0,1,1
21,All,Expe1,8,5,1,3,3,1,1,0
21,All,Expe1,8,5,1,3,6,2,1,-1
21,All,Expe1,8,5,1,4,2,1,0,-1
21,All,Expe1,8,5,1,4,3,0,2,2
21,All,Expe1,8,5,1,5,2,0,1,1
21,All,Expe1,8,5,1,5,3,1,1,0
21,All,Expe1,8,5,1,5,9,2,1,-1
21,All,Expe1,9,6,2,2,3,0,0,0
21,All,Expe1,9,6,2,2,4,0,1,1
21,All,Expe1,9,6,2,2,5,1,1,0
21,All,Expe1,9,6,2,2,6,1,2,1
21,All,Expe1,9,6,2,2,8,2,2,0
21,All,Expe1,9,6,2,2,12,2,3,1
21,All,Expe1,9,6,2,3,2,0,1,1
21,All,Expe1,9,6,2,3,3,1,1,0
21,All,Expe1,9,6,2,3,4,1,2,1
21,All,Expe1,9,6,2,3,5,2,2,0
21,All,Expe1,9,6,2,3,6,2,3,1
21,All,Expe1,9,6,2,3,7,3,3,0
21,All,Expe1,9,6,2,3,8,3,4,1
21,All,Expe1,9,6,2,4,2,1,0,-1
21,All,Expe1,9,6,2,4,5,2,0,-2
21,All,Expe1,9,6,2,4,6,0,3,3
21,All,Expe1,9,6,2,4,7,1,3,2
21,All,Expe1,9,6,2,4,8,2,3,1
21,All,Expe1,9,6,2,4,9,3,3,0
21,All,Expe1,9,6,2,5,3,0,1,1
21,All,Expe1,9,6,2,5,6,1,1,0
21,All,Expe1,9,6,2,5,7,2,1,-1
21,All,Expe1,9,6,2,5,8,1,3,2
21,All,Expe1,9,6,2,6,2,0,1,1
21,All,Expe1,9,6,2,6,3,1,1,0
21,All,Expe1,9,6,2,6,4,2,1,-1
21,All,Expe1,9,6,2,6,5,1,3,2
21,All,Expe1,9,6,2,6,6,2,3,1
21,All,Expe1,9,6,2,6,9,3,3,0
21,All,Expe1,10,4,2,1,12,0,0,0
21,All,Expe1,10,4,2,2,3,1,0,-1
21,All,Expe1,10,4,2,2,8,0,2,2
21,All,Expe1,10,4,2,4,2,1,0,-1
21,All,Expe1,10,4,2,4,3,0,2,2
21,All,Expe1,10,4,2,4,9,2,1,-1
21,All,Expe1,11,5,2,2,3,1,0,-1
21,All,Expe1,11,5,2,2,12,2,0,-2
21,All,Expe1,11,5,2,3,2,0,0,0
21,All,Expe1,11,5,2,3,3,0,1,1
21,All,Expe1,11,5,2,3,4,1,1,0
21,All,Expe1,11,5,2,3,5,2,1,-1
21,All,Expe1,11,5,2,4,2,0,1,1
21,All,Expe1,11,5,2,4,3,1,1,0
21,All,Expe1,11,5,2,4,4,1,2,1
21,All,Expe1,11,5,2,4,10,2,2,0
21,All,Expe1,11,5,2,5,2,1,0,-1
21,All,Expe1,11,5,2,5,4,2,0,-2
21,All,Expe1,11,5,2,5,8,3,0,-3
21,All,Expe1,12,3,3,2,2,0,1,1
21,All,Expe1,14,2,5,1,2,0,1,1
21,All,Expe1,14,2,5,2,2,1,0,-1
21,All,Expe1,15,2,6,1,2,0,1,1
21,All,Expe1,17,6,3,3,2,0,1,1
21,All,Expe1,17,6,3,3,3,1,1,0
21,All,Expe1,17,6,3,4,2,0,1,1
21,All,Expe1,17,6,3,4,3,1,1,0
21,All,Expe1,17,6,3,6,4,0,1,1
21,All,Expe1,17,6,3,6,7,1,1,0
21,All,Expe1,18,4,3,2,2,0,1,1
22,All,Expe1,1,2,1,1,2,0,1,1
22,All,Expe1,1,2,1,2,2,1,0,-1
22,All,Expe1,3,3,1,1,2,0,0,0
22,All,Expe1,3,3,1,2,3,0,0,0
22,All,Expe1,3,3,1,3,2,0,1,1
22,All,Expe1,4,6,1,1,2,0,1,1
22,All,Expe1,4,6,1,1,4,1,1,0
22,All,Expe1,4,6,1,1,6,2,1,-1
22,All,Expe1,4,6,1,1,8,3,1,-2
22,All,Expe1,4,6,1,2,2,1,0,-1
22,All,Expe1,4,6,1,2,4,2,0,-2
22,All,Expe1,4,6,1,2,5,3,0,-3
22,All,Expe1,4,6,1,4,2,1,0,-1
22,All,Expe1,4,6,1,4,3,2,0,-2
22,All,Expe1,4,6,1,4,4,3,0,-3
22,All,Expe1,4,6,1,4,5,0,4,4
22,All,Expe1,4,6,1,4,6,1,4,3
22,All,Expe1,4,6,1,4,12,4,2,-2
22,All,Expe1,4,6,1,4,15,5,2,-3
22,All,Expe1,4,6,1,5,2,1,0,-1
22,All,Expe1,4,6,1,5,4,2,0,-2
22,All,Expe1,4,6,1,6,2,0,1,1
22,All,Expe1,4,6,1,6,3,1,1,0
22,All,Expe1,4,6,1,6,4,1,2,1
22,All,Expe1,4,6,1,6,5,2,2,0
22,All,Expe1,4,6,1,6,6,3,2,-1
22,All,Expe1,4,6,1,6,7,2,4,2
22,All,Expe1,4,6,1,6,8,4,3,-1
22,All,Expe1,4,6,1,6,11,5,3,-2
22,All,Expe1,4,6,1,6,14,3,6,3
22,All,Expe1,5,2,3,1,6,1,0,-1
22,All,Expe1,5,2,3,2,12,0,0,0
22,All,Expe1,6,5,1,1,3,0,0,0
22,All,Expe1,6,5,1,1,6,1,0,-1
22,All,Expe1,6,5,1,2,3,0,1,1
22,All,Expe1,6,5,1,2,5,1,1,0
22,All,Expe1,6,5,1,2,10,2,1,-1
22,All,Expe1,6,5,1,3,2,0,1,1
22,All,Expe1,6,5,1,3,3,1,1,0
22,All,Expe1,6,5,1,3,4,2,1,-1
22,All,Expe1,6,5,1,4,10,1,0,-1
22,All,Expe1,7,3,2,1,2,0,1,1
22,All,Expe1,7,3,2,1,10,1,1,0
22,All,Expe1,8,4,1,1,2,1,0,-1
22,All,Expe1,8,4,1,1,3,0,2,2
22,All,Expe1,8,4,1,4,2,0,1,1
22,All,Expe1,9,5,2,1,2,0,1,1
22,All,Expe1,9,5,2,1,3,1,1,0
22,All,Expe1,9,5,2,1,4,1,2,1
22,All,Expe1,9,5,2,2,5,0,0,0
22,All,Expe1,9,5,2,4,5,0,1,1
22,All,Expe1,10,6,2,1,3,0,1,1
22,All,Expe1,10,6,2,2,2,0,1,1
22,All,Expe1,10,6,2,2,3,1,1,0
22,All,Expe1,10,6,2,2,4,1,2,1
22,All,Expe1,10,6,2,2,5,2,2,0
22,All,Expe1,10,6,2,2,6,3,2,-1
22,All,Expe1,10,6,2,2,9,2,4,2
22,All,Expe1,10,6,2,4,3,0,0,0
22,All,Expe1,10,6,2,5,2,0,1,1
22,All,Expe1,10,6,2,5,4,1,1,0
22,All,Expe1,10,6,2,6,2,1,0,-1
22,All,Expe1,11,4,2,1,2,0,1,1
22,All,Expe1,11,4,2,1,7,1,1,0
22,All,Expe1,11,4,2,3,3,1,0,-1
22,All,Expe1,11,4,2,4,7,0,0,0
22,All,Expe1,12,2,4,1,9,0,0,0
22,All,Expe1,12,2,4,2,2,0,1,1
22,All,Expe1,13,2,5,1,3,1,0,-1
22,All,Expe1,14,3,3,1,2,1,0,-1
22,All,Expe1,14,3,3,2,2,0,1,1
22,All,Expe1,14,3,3,3,2,0,1,1
22,All,Expe1,15,6,3,2,2,0,1,1
22,All,Expe1,15,6,3,2,3,1,1,0
22,All,Expe1,15,6,3,6,2,0,1,1
22,All,Expe1,16,2,6,2,8,0,1,1
22,All,Expe1,17,5,3,3,2,0,0,0
22,All,Expe1,17,5,3,3,3,0,1,1
22,All,Expe1,17,5,3,4,2,0,1,1
22,All,Expe1,18,3,4,1,9,0,0,0
22,All,Expe1,18,3,4,3,2,0,1,1
22,All,Expe1,18,3,4,3,3,1,1,0
23,All,Expe1,1,2,1,1,9,1,0,-1
23,All,Expe1,2,4,1,2,4,1,0,-1
23,All,Expe1,2,4,1,3,2,0,1,1
23,All,Expe1,2,4,1,3,3,1,1,0
23,All,Expe1,3,3,1,2,5,1,0,-1
23,All,Expe1,3,3,1,2,8,2,0,-2
23,All,Expe1,3,3,1,3,3,0,0,0
23,All,Expe1,3,3,1,3,5,1,0,-1
23,All,Expe1,4,3,2,1,2,0,1,1
23,All,Expe1,4,3,2,1,3,1,1,0
23,All,Expe1,4,3,2,3,3,1,0,-1
23,All,Expe1,4,3,2,3,4,0,2,2
23,All,Expe1,5,5,1,1,3,0,0,0
23,All,Expe1,5,5,1,2,2,0,0,0
23,All,Expe1,5,5,1,3,3,0,0,0
23,All,Expe1,5,5,1,3,4,1,0,-1
23,All,Expe1,5,5,1,4,6,1,0,-1
23,All,Expe1,5,5,1,5,2,0,1,1
23,All,Expe1,5,5,1,5,4,1,1,0
23,All,Expe1,5,5,1,5,6,1,2,1
23,All,Expe1,6,2,2,1,2,0,1,1
23,All,Expe1,7,2,3,1,2,0,0,0
23,All,Expe1,7,2,3,1,3,0,1,1
23,All,Expe1,7,2,3,2,2,0,1,1
23,All,Expe1,7,2,3,2,3,1,1,0
23,All,Expe1,8,6,1,2,2,1,0,-1
23,All,Expe1,8,6,1,2,5,2,0,-2
23,All,Expe1,8,6,1,2,8,0,3,3
23,All,Expe1,8,6,1,2,9,1,3,2
23,All,Expe1,8,6,1,2,10,3,2,-1
23,All,Expe1,8,6,1,2,11,4,2,-2
23,All,Expe1,8,6,1,3,2,0,1,1
23,All,Expe1,8,6,1,3,3,1,1,0
23,All,Expe1,8,6,1,3,4,2,1,-1
23,All,Expe1,8,6,1,3,5,3,1,-2
23,All,Expe1,8,6,1,3,6,4,1,-3
23,All,Expe1,8,6,1,3,7,5,1,-4
23,All,Expe1,8,6,1,3,8,6,1,-5
23,All,Expe1,8,6,1,3,9,7,1,-6
23,All,Expe1,8,6,1,3,10,8,1,-7
23,All,Expe1,8,6,1,3,11,1,9,8
23,All,Expe1,8,6,1,3,12,2,9,7
23,All,Expe1,8,6,1,3,13,9,3,-6
23,All,Expe1,8,6,1,3,14,3,10,7
23,All,Expe1,8,6,1,3,15,10,4,-6
23,All,Expe1,8,6,1,4,2,0,1,1
23,All,Expe1,8,6,1,4,3,1,1,0
23,All,Expe1,8,6,1,4,4,2,1,-1
23,All,Expe1,8,6,1,4,5,1,3,2
23,All,Expe1,8,6,1,4,6,3,2,-1
23,All,Expe1,8,6,1,4,7,2,4,2
23,All,Expe1,8,6,1,4,8,4,3,-1
23,All,Expe1,8,6,1,4,9,5,3,-2
23,All,Expe1,8,6,1,4,10,6,3,-3
23,All,Expe1,8,6,1,4,11,3,7,4
23,All,Expe1,8,6,1,4,12,7,4,-3
23,All,Expe1,8,6,1,4,13,8,4,-4
23,All,Expe1,8,6,1,6,2,1,0,-1
23,All,Expe1,8,6,1,6,3,2,0,-2
23,All,Expe1,8,6,1,6,5,3,0,-3
23,All,Expe1,8,6,1,6,10,4,0,-4
23,All,Expe1,9,4,2,2,2,0,1,1
23,All,Expe1,9,4,2,3,4,0,1,1
23,All,Expe1,9,4,2,4,2,0,1,1
23,All,Expe1,9,4,2,4,5,1,1,0
23,All,Expe1,9,4,2,4,6,1,2,1
23,All,Expe1,10,5,2,1,2,0,1,1
23,All,Expe1,10,5,2,1,3,1,1,0
23,All,Expe1,10,5,2,1,6,2,1,-1
23,All,Expe1,10,5,2,5,2,0,1,1
23,All,Expe1,10,5,2,5,3,1,1,0
23,All,Expe1,11,6,2,3,2,0,1,1
23,All,Expe1,11,6,2,3,3,1,1,0
23,All,Expe1,11,6,2,3,4,1,2,1
23,All,Expe1,11,6,2,3,5,2,2,0
23,All,Expe1,11,6,2,4,2,0,1,1
23,All,Expe1,11,6,2,5,2,1,0,-1
23,All,Expe1,11,6,2,5,4,2,0,-2
23,All,Expe1,11,6,2,5,5,3,0,-3
23,All,Expe1,11,6,2,5,6,0,4,4
23,All,Expe1,11,6,2,6,2,0,1,1
23,All,Expe1,11,6,2,6,3,1,1,0
23,All,Expe1,13,4,3,1,2,0,1,1
23,All,Expe1,13,4,3,3,2,1,0,-1
23,All,Expe1,13,4,3,4,2,0,1,1
23,All,Expe1,13,4,3,4,3,1,1,0
23,All,Expe1,13,4,3,4,4,1,2,1
23,All,Expe1,13,4,3,4,5,2,2,0
23,All,Expe1,14,3,3,1,2,0,1,1
23,All,Expe1,14,3,3,1,6,1,1,0
23,All,Expe1,14,3,3,3,2,1,0,-1
23,All,Expe1,14,3,3,3,7,0,2,2
23,All,Expe1,16,5,3,3,2,0,1,1
23,All,Expe1,16,5,3,3,3,1,1,0
23,All,Expe1,17,2,5,1,2,0,1,1
23,All,Expe1,17,2,5,1,3,1,1,0
24,All,Expe1,2,3,1,1,2,0,1,1
24,All,Expe1,2,3,1,3,3,0,0,0
24,All,Expe1,4,2,2,1,2,0,1,1
24,All,Expe1,4,2,2,2,2,0,1,1
24,All,Expe1,5,3,2,1,3,0,1,1
24,All,Expe1,5,3,2,3,3,1,0,-1
24,All,Expe1,6,6,1,1,7,0,0,0
24,All,Expe1,6,6,1,1,9,1,0,-1
24,All,Expe1,6,6,1,1,10,2,0,-2
24,All,Expe1,6,6,1,2,4,0,1,1
24,All,Expe1,6,6,1,2,6,1,1,0
24,All,Expe1,6,6,1,2,13,2,1,-1
24,All,Expe1,6,6,1,3,3,0,0,0
24,All,Expe1,6,6,1,3,8,1,0,-1
24,All,Expe1,6,6,1,3,10,2,0,-2
24,All,Expe1,6,6,1,4,2,0,0,0
24,All,Expe1,6,6,1,4,3,0,1,1
24,All,Expe1,6,6,1,4,4,1,1,0
24,All,Expe1,6,6,1,4,5,2,1,-1
24,All,Expe1,6,6,1,4,6,3,1,-2
24,All,Expe1,6,6,1,6,4,0,0,0
24,All,Expe1,7,5,1,1,2,1,0,-1
24,All,Expe1,7,5,1,2,3,1,0,-1
24,All,Expe1,7,5,1,3,2,1,0,-1
24,All,Expe1,7,5,1,3,3,0,2,2
24,All,Expe1,7,5,1,3,4,2,1,-1
24,All,Expe1,7,5,1,3,5,1,3,2
24,All,Expe1,7,5,1,3,6,2,3,1
24,All,Expe1,7,5,1,3,7,3,3,0
24,All,Expe1,7,5,1,3,11,4,3,-1
24,All,Expe1,7,5,1,4,15,0,0,0
24,All,Expe1,7,5,1,5,4,0,1,1
24,All,Expe1,8,2,3,1,14,0,1,1
24,All,Expe1,8,2,3,2,8,1,0,-1
24,All,Expe1,9,4,2,1,2,0,1,1
24,All,Expe1,9,4,2,1,4,1,1,0
24,All,Expe1,9,4,2,2,2,1,0,-1
24,All,Expe1,9,4,2,2,3,2,0,-2
24,All,Expe1,9,4,2,4,2,1,0,-1
24,All,Expe1,9,4,2,4,3,2,0,-2
24,All,Expe1,9,4,2,4,5,0,3,3
24,All,Expe1,10,5,2,2,3,0,1,1
24,All,Expe1,10,5,2,2,4,1,1,0
24,All,Expe1,10,5,2,2,5,1,2,1
24,All,Expe1,10,5,2,2,6,2,2,0
24,All,Expe1,10,5,2,2,10,3,2,-1
24,All,Expe1,10,5,2,2,12,4,2,-2
24,All,Expe1,10,5,2,2,15,2,5,3
24,All,Expe1,10,5,2,3,2,1,0,-1
24,All,Expe1,10,5,2,3,3,0,2,2
24,All,Expe1,10,5,2,3,5,1,2,1
24,All,Expe1,10,5,2,3,8,2,2,0
24,All,Expe1,10,5,2,3,12,2,3,1
24,All,Expe1,10,5,2,4,2,0,1,1
24,All,Expe1,10,5,2,4,4,1,1,0
24,All,Expe1,10,5,2,4,10,2,1,-1
24,All,Expe1,10,5,2,4,11,1,3,2
24,All,Expe1,10,5,2,4,12,3,2,-1
24,All,Expe1,10,5,2,5,2,1,0,-1
24,All,Expe1,10,5,2,5,6,2,0,-2
24,All,Expe1,10,5,2,5,8,0,3,3
24,All,Expe1,10,5,2,5,9,3,1,-2
24,All,Expe1,10,5,2,5,11,4,1,-3
24,All,Expe1,10,5,2,5,12,1,5,4
24,All,Expe1,10,5,2,5,13,5,2,-3
24,All,Expe1,10,5,2,5,15,6,2,-4
24,All,Expe1,11,6,2,1,2,0,1,1
24,All,Expe1,11,6,2,1,3,1,1,0
24,All,Expe1,11,6,2,1,4,2,1,-1
24,All,Expe1,11,6,2,1,5,3,1,-2
24,All,Expe1,11,6,2,1,6,4,1,-3
24,All,Expe1,11,6,2,2,2,1,0,-1
24,All,Expe1,11,6,2,2,3,2,0,-2
24,All,Expe1,11,6,2,2,4,0,3,3
24,All,Expe1,11,6,2,3,2,0,0,0
24,All,Expe1,11,6,2,3,3,1,0,-1
24,All,Expe1,11,6,2,3,4,2,0,-2
24,All,Expe1,11,6,2,3,5,0,3,3
24,All,Expe1,11,6,2,3,8,1,3,2
24,All,Expe1,11,6,2,3,9,3,2,-1
24,All,Expe1,11,6,2,4,2,0,1,1
24,All,Expe1,11,6,2,4,4,1,1,0
24,All,Expe1,11,6,2,4,5,2,1,-1
24,All,Expe1,11,6,2,5,2,0,1,1
24,All,Expe1,11,6,2,5,3,1,1,0
24,All,Expe1,11,6,2,5,4,2,1,-1
24,All,Expe1,11,6,2,5,5,3,1,-2
24,All,Expe1,11,6,2,5,6,1,4,3
24,All,Expe1,11,6,2,5,9,4,2,-2
24,All,Expe1,11,6,2,6,3,0,0,0
24,All,Expe1,11,6,2,6,4,1,0,-1
24,All,Expe1,11,6,2,6,5,2,0,-2
24,All,Expe1,11,6,2,6,6,3,0,-3
24,All,Expe1,12,4,3,1,2,0,1,1
24,All,Expe1,12,4,3,1,3,1,1,0
24,All,Expe1,12,4,3,2,2,0,0,0
24,All,Expe1,12,4,3,2,3,1,0,-1
24,All,Expe1,12,4,3,2,4,0,2,2
24,All,Expe1,12,4,3,3,2,1,0,-1
24,All,Expe1,12,4,3,3,7,0,2,2
24,All,Expe1,12,4,3,4,2,0,1,1
24,All,Expe1,12,4,3,4,3,1,1,0
24,All,Expe1,12,4,3,4,7,1,2,1
24,All,Expe1,12,4,3,4,9,2,2,0
24,All,Expe1,13,3,3,1,2,0,1,1
24,All,Expe1,13,3,3,3,2,0,1,1
24,All,Expe1,13,3,3,3,3,1,1,0
24,All,Expe1,14,2,4,1,2,0,1,1
24,All,Expe1,14,2,4,2,2,0,1,1
24,All,Expe1,15,2,5,2,2,0,1,1
24,All,Expe1,15,2,5,2,8,1,1,0
24,All,Expe1,16,3,4,3,2,0,1,1
24,All,Expe1,17,6,3,1,2,0,1,1
24,All,Expe1,17,6,3,1,3,1,1,0
24,All,Expe1,17,6,3,1,4,1,2,1
24,All,Expe1,17,6,3,1,5,2,2,0
24,All,Expe1,17,6,3,2,2,0,1,1
24,All,Expe1,17,6,3,3,2,0,1,1
24,All,Expe1,17,6,3,3,3,1,1,0
24,All,Expe1,17,6,3,3,4,1,2,1
24,All,Expe1,17,6,3,3,6,2,2,0
24,All,Expe1,17,6,3,4,2,1,0,-1
24,All,Expe1,17,6,3,4,3,0,2,2
24,All,Expe1,17,6,3,5,2,0,1,1
24,All,Expe1,17,6,3,5,4,1,1,0
24,All,Expe1,17,6,3,5,5,1,2,1
24,All,Expe1,17,6,3,5,7,2,2,0
24,All,Expe1,17,6,3,5,8,2,3,1
24,All,Expe1,17,6,3,5,9,3,3,0
24,All,Expe1,17,6,3,6,2,0,1,1
24,All,Expe1,17,6,3,6,3,1,1,0
24,All,Expe1,17,6,3,6,4,1,2,1
24,All,Expe1,17,6,3,6,5,2,2,0
24,All,Expe1,18,5,3,1,5,1,0,-1
24,All,Expe1,18,5,3,2,2,0,1,1
24,All,Expe1,18,5,3,2,3,1,1,0
24,All,Expe1,18,5,3,2,4,2,1,-1
24,All,Expe1,18,5,3,2,7,3,1,-2
24,All,Expe1,18,5,3,2,9,4,1,-3
24,All,Expe1,18,5,3,2,10,5,1,-4
24,All,Expe1,18,5,3,2,11,1,6,5
24,All,Expe1,18,5,3,4,2,1,0,-1
24,All,Expe1,18,5,3,4,3,2,0,-2
24,All,Expe1,18,5,3,4,4,3,0,-3
24,All,Expe1,18,5,3,4,5,0,4,4
24,All,Expe1,18,5,3,4,7,1,4,3
24,All,Expe1,18,5,3,4,14,2,4,2
24,All,Expe1,18,5,3,5,3,0,1,1
24,All,Expe1,18,5,3,5,4,1,1,0
24,All,Expe1,18,5,3,5,7,1,2,1
24,All,Expe1,18,5,3,5,9,2,2,0
25,All,Expe1,1,3,1,1,2,0,1,1
25,All,Expe1,1,3,1,1,4,1,1,0
25,All,Expe1,1,3,1,1,7,2,1,-1
25,All,Expe1,1,3,1,2,2,0,1,1
25,All,Expe1,1,3,1,2,6,1,1,0
25,All,Expe1,1,3,1,3,2,0,1,1
25,All,Expe1,1,3,1,3,3,1,1,0
25,All,Expe1,2,2,1,1,7,0,1,1
25,All,Expe1,3,4,1,1,3,0,0,0
25,All,Expe1,3,4,1,2,2,0,1,1
25,All,Expe1,3,4,1,2,6,1,1,0
25,All,Expe1,3,4,1,2,9,2,1,-1
25,All,Expe1,3,4,1,2,10,3,1,-2
25,All,Expe1,3,4,1,2,12,4,1,-3
25,All,Expe1,3,4,1,3,2,1,0,-1
25,All,Expe1,3,4,1,4,5,1,0,-1
25,All,Expe1,4,6,1,1,2,0,0,0
25,All,Expe1,4,6,1,1,3,1,0,-1
25,All,Expe1,4,6,1,3,3,1,0,-1
25,All,Expe1,4,6,1,3,4,2,0,-2
25,All,Expe1,4,6,1,3,5,3,0,-3
25,All,Expe1,4,6,1,3,7,4,0,-4
25,All,Expe1,4,6,1,3,8,5,0,-5
25,All,Expe1,4,6,1,3,9,0,6,6
25,All,Expe1,4,6,1,4,2,0,1,1
25,All,Expe1,4,6,1,4,4,1,1,0
25,All,Expe1,4,6,1,5,2,1,0,-1
25,All,Expe1,4,6,1,5,3,0,2,2
25,All,Expe1,4,6,1,5,4,1,2,1
25,All,Expe1,4,6,1,5,6,2,2,0
25,All,Expe1,4,6,1,5,7,2,3,1
25,All,Expe1,4,6,1,5,8,3,3,0
25,All,Expe1,4,6,1,6,2,1,0,-1
25,All,Expe1,4,6,1,6,4,0,2,2
25,All,Expe1,4,6,1,6,5,1,2,1
25,All,Expe1,4,6,1,6,7,2,2,0
25,All,Expe1,4,6,1,6,10,3,2,-1
25,All,Expe1,4,6,1,6,11,2,4,2
25,All,Expe1,5,2,2,2,2,0,1,1
25,All,Expe1,6,2,3,1,9,0,0,0
25,All,Expe1,7,3,2,2,2,0,1,1
25,All,Expe1,7,3,2,2,3,1,1,0
25,All,Expe1,7,3,2,2,8,1,2,1
25,All,Expe1,7,3,2,3,3,0,1,1
25,All,Expe1,8,5,1,1,2,0,1,1
25,All,Expe1,8,5,1,1,3,1,1,0
25,All,Expe1,8,5,1,1,4,2,1,-1
25,All,Expe1,8,5,1,1,5,3,1,-2
25,All,Expe1,8,5,1,1,6,4,1,-3
25,All,Expe1,8,5,1,1,7,5,1,-4
25,All,Expe1,8,5,1,1,10,1,6,5
25,All,Expe1,8,5,1,1,11,6,2,-4
25,All,Expe1,8,5,1,1,12,7,2,-5
25,All,Expe1,8,5,1,1,13,8,2,-6
25,All,Expe1,8,5,1,2,2,0,0,0
25,All,Expe1,8,5,1,2,5,0,1,1
25,All,Expe1,8,5,1,2,7,1,1,0
25,All,Expe1,8,5,1,2,8,1,2,1
25,All,Expe1,8,5,1,2,9,2,2,0
25,All,Expe1,8,5,1,2,10,3,2,-1
25,All,Expe1,8,5,1,2,11,4,2,-2
25,All,Expe1,8,5,1,3,3,0,0,0
25,All,Expe1,8,5,1,3,4,1,0,-1
25,All,Expe1,8,5,1,3,6,0,2,2
25,All,Expe1,8,5,1,3,7,1,2,1
25,All,Expe1,8,5,1,4,2,0,0,0
25,All,Expe1,8,5,1,4,3,1,0,-1
25,All,Expe1,8,5,1,4,5,0,2,2
25,All,Expe1,8,5,1,4,7,1,2,1
25,All,Expe1,8,5,1,4,8,2,2,0
25,All,Expe1,8,5,1,4,9,3,2,-1
25,All,Expe1,8,5,1,4,13,2,4,2
25,All,Expe1,8,5,1,5,3,0,1,1
25,All,Expe1,8,5,1,5,4,1,1,0
25,All,Expe1,8,5,1,5,5,1,2,1
25,All,Expe1,8,5,1,5,6,2,2,0
25,All,Expe1,8,5,1,5,8,2,3,1
25,All,Expe1,8,5,1,5,9,3,3,0
25,All,Expe1,8,5,1,5,12,4,3,-1
25,All,Expe1,8,5,1,5,13,5,3,-2
25,All,Expe1,9,4,2,1,2,0,1,1
25,All,Expe1,9,4,2,1,9,1,1,0
25,All,Expe1,10,5,2,1,2,0,1,1
25,All,Expe1,10,5,2,1,3,1,1,0
25,All,Expe1,10,5,2,1,4,2,1,-1
25,All,Expe1,10,5,2,2,2,0,1,1
25,All,Expe1,10,5,2,2,3,1,1,0
25,All,Expe1,10,5,2,3,10,0,0,0
25,All,Expe1,10,5,2,4,3,0,1,1
25,All,Expe1,10,5,2,5,3,0,1,1
25,All,Expe1,10,5,2,5,5,1,1,0
25,All,Expe1,11,6,2,1,2,1,0,-1
25,All,Expe1,11,6,2,1,3,0,2,2
25,All,Expe1,11,6,2,1,5,1,2,1
25,All,Expe1,11,6,2,1,6,2,2,0
25,All,Expe1,11,6,2,2,2,0,0,0
25,All,Expe1,11,6,2,2,3,1,0,-1
25,All,Expe1,11,6,2,2,4,2,0,-2
25,All,Expe1,11,6,2,2,5,0,3,3
25,All,Expe1,11,6,2,2,7,3,1,-2
25,All,Expe1,11,6,2,2,8,1,4,3
25,All,Expe1,11,6,2,2,9,2,4,2
25,All,Expe1,11,6,2,2,10,4,3,-1
25,All,Expe1,11,6,2,2,11,3,5,2
25,All,Expe1,11,6,2,3,4,0,0,0
25,All,Expe1,11,6,2,3,6,0,1,1
25,All,Expe1,11,6,2,3,11,1,1,0
25,All,Expe1,11,6,2,4,3,0,1,1
25,All,Expe1,11,6,2,4,4,1,1,0
25,All,Expe1,11,6,2,4,5,1,2,1
25,All,Expe1,11,6,2,4,6,2,2,0
25,All,Expe1,11,6,2,4,7,2,3,1
25,All,Expe1,11,6,2,4,9,3,3,0
25,All,Expe1,11,6,2,4,10,4,3,-1
25,All,Expe1,11,6,2,4,11,3,5,2
25,All,Expe1,11,6,2,4,12,4,5,1
25,All,Expe1,11,6,2,5,2,1,0,-1
25,All,Expe1,11,6,2,5,5,2,0,-2
25,All,Expe1,11,6,2,5,6,0,3,3
25,All,Expe1,11,6,2,5,7,1,3,2
25,All,Expe1,11,6,2,5,8,2,3,1
25,All,Expe1,11,6,2,5,9,3,3,0
25,All,Expe1,11,6,2,5,10,3,4,1
25,All,Expe1,11,6,2,5,12,4,4,0
25,All,Expe1,11,6,2,5,14,5,4,-1
25,All,Expe1,11,6,2,6,2,0,1,1
25,All,Expe1,11,6,2,6,3,1,1,0
25,All,Expe1,11,6,2,6,4,2,1,-1
25,All,Expe1,11,6,2,6,5,1,3,2
25,All,Expe1,11,6,2,6,6,2,3,1
25,All,Expe1,11,6,2,6,8,3,3,0
25,All,Expe1,13,2,4,2,5,0,0,0
25,All,Expe1,14,4,3,1,3,0,0,0
25,All,Expe1,14,4,3,1,4,0,1,1
25,All,Expe1,14,4,3,2,2,1,0,-1
25,All,Expe1,14,4,3,2,3,2,0,-2
25,All,Expe1,14,4,3,3,2,1,0,-1
25,All,Expe1,14,4,3,3,3,0,2,2
25,All,Expe1,14,4,3,3,4,1,2,1
25,All,Expe1,14,4,3,3,5,2,2,0
25,All,Expe1,15,6,3,1,2,0,1,1
25,All,Expe1,15,6,3,1,3,1,1,0
25,All,Expe1,15,6,3,1,6,2,1,-1
25,All,Expe1,15,6,3,2,2,1,0,-1
25,All,Expe1,15,6,3,2,5,0,2,2
25,All,Expe1,15,6,3,2,9,1,2,1
25,All,Expe1,15,6,3,2,10,2,2,0
25,All,Expe1,15,6,3,2,13,3,2,-1
25,All,Expe1,15,6,3,3,2,1,0,-1
25,All,Expe1,15,6,3,3,3,0,2,2
25,All,Expe1,15,6,3,3,4,1,2,1
25,All,Expe1,15,6,3,3,9,2,2,0
25,All,Expe1,15,6,3,4,2,1,0,-1
25,All,Expe1,15,6,3,4,3,0,2,2
25,All,Expe1,15,6,3,4,4,2,1,-1
25,All,Expe1,15,6,3,4,5,3,1,-2
25,All,Expe1,15,6,3,4,6,4,1,-3
25,All,Expe1,15,6,3,4,7,1,5,4
25,All,Expe1,15,6,3,4,8,2,5,3
25,All,Expe1,15,6,3,4,9,3,5,2
25,All,Expe1,15,6,3,4,10,4,5,1
25,All,Expe1,15,6,3,4,11,5,5,0
25,All,Expe1,15,6,3,4,12,5,6,1
25,All,Expe1,15,6,3,4,15,6,6,0
25,All,Expe1,15,6,3,5,2,0,0,0
25,All,Expe1,15,6,3,5,4,1,0,-1
25,All,Expe1,15,6,3,5,7,2,0,-2
25,All,Expe1,15,6,3,5,8,3,0,-3
25,All,Expe1,15,6,3,5,10,4,0,-4
25,All,Expe1,15,6,3,6,2,1,0,-1
25,All,Expe1,15,6,3,6,3,2,0,-2
25,All,Expe1,15,6,3,6,4,0,3,3
25,All,Expe1,15,6,3,6,6,1,3,2
25,All,Expe1,17,2,6,1,4,1,0,-1
25,All,Expe1,17,2,6,1,8,2,0,-2
25,All,Expe1,17,2,6,2,12,0,0,0
25,All,Expe1,17,2,6,2,15,1,0,-1
25,All,Expe1,18,3,4,1,9,1,0,-1
25,All,Expe1,18,3,4,2,2,0,1,1
25,All,Expe1,18,3,4,3,2,0,1,1
25,All,Expe1,18,3,4,3,3,1,1,0
25,All,Expe1,18,3,4,3,4,2,1,-1
25,All,Expe1,18,3,4,3,5,3,1,-2
25,All,Expe1,18,3,4,3,14,1,4,3
26,All,Expe1,1,2,1,2,2,0,1,1
26,All,Expe1,2,6,1,1,2,0,1,1
26,All,Expe1,2,6,1,1,5,1,1,0
26,All,Expe1,2,6,1,1,6,1,2,1
26,All,Expe1,2,6,1,1,7,2,2,0
26,All,Expe1,2,6,1,1,8,2,3,1
26,All,Expe1,2,6,1,1,9,3,3,0
26,All,Expe1,2,6,1,1,10,3,4,1
26,All,Expe1,2,6,1,1,11,4,4,0
26,All,Expe1,2,6,1,1,13,5,4,-1
26,All,Expe1,2,6,1,1,14,6,4,-2
26,All,Expe1,2,6,1,2,13,0,0,0
26,All,Expe1,2,6,1,3,2,1,0,-1
26,All,Expe1,2,6,1,3,3,0,2,2
26,All,Expe1,2,6,1,3,5,1,2,1
26,All,Expe1,2,6,1,3,6,2,2,0
26,All,Expe1,2,6,1,3,7,3,2,-1
26,All,Expe1,2,6,1,3,8,4,2,-2
26,All,Expe1,2,6,1,3,9,5,2,-3
26,All,Expe1,2,6,1,3,12,6,2,-4
26,All,Expe1,2,6,1,3,13,7,2,-5
26,All,Expe1,2,6,1,4,5,1,0,-1
26,All,Expe1,2,6,1,4,6,2,0,-2
26,All,Expe1,2,6,1,4,9,3,0,-3
26,All,Expe1,2,6,1,4,13,4,0,-4
26,All,Expe1,2,6,1,6,2,0,0,0
26,All,Expe1,2,6,1,6,4,0,1,1
26,All,Expe1,2,6,1,6,5,1,1,0
26,All,Expe1,2,6,1,6,6,1,2,1
26,All,Expe1,2,6,1,6,7,2,2,0
26,All,Expe1,3,3,1,2,2,0,1,1
26,All,Expe1,4,2,2,1,2,0,1,1
26,All,Expe1,4,2,2,2,2,0,0,0
26,All,Expe1,4,2,2,2,3,0,1,1
26,All,Expe1,5,4,1,1,2,1,0,-1
26,All,Expe1,5,4,1,2,2,0,1,1
26,All,Expe1,5,4,1,4,2,0,1,1
26,All,Expe1,6,5,1,1,4,1,0,-1
26,All,Expe1,6,5,1,2,3,1,0,-1
26,All,Expe1,6,5,1,5,2,0,1,1
26,All,Expe1,6,5,1,5,4,1,1,0
26,All,Expe1,6,5,1,5,5,1,2,1
26,All,Expe1,7,2,3,1,5,0,1,1
26,All,Expe1,7,2,3,2,2,0,1,1
26,All,Expe1,8,3,2,2,2,1,0,-1
26,All,Expe1,9,4,2,2,2,0,1,1
26,All,Expe1,9,4,2,4,2,0,1,1
26,All,Expe1,10,6,2,2,2,0,1,1
26,All,Expe1,10,6,2,2,3,1,1,0
26,All,Expe1,10,6,2,3,2,1,0,-1
26,All,Expe1,10,6,2,3,3,0,2,2
26,All,Expe1,10,6,2,3,4,1,2,1
26,All,Expe1,10,6,2,4,2,1,0,-1
26,All,Expe1,10,6,2,4,3,0,2,2
26,All,Expe1,10,6,2,4,4,1,2,1
26,All,Expe1,11,5,2,1,3,1,0,-1
26,All,Expe1,11,5,2,1,7,0,2,2
26,All,Expe1,11,5,2,1,8,1,2,1
26,All,Expe1,11,5,2,2,3,0,0,0
26,All,Expe1,11,5,2,2,8,1,0,-1
26,All,Expe1,11,5,2,3,2,0,1,1
26,All,Expe1,11,5,2,3,3,1,1,0
26,All,Expe1,11,5,2,3,5,1,2,1
26,All,Expe1,11,5,2,3,6,2,2,0
26,All,Expe1,11,5,2,3,7,3,2,-1
26,All,Expe1,11,5,2,3,8,2,4,2
26,All,Expe1,11,5,2,3,9,4,3,-1
26,All,Expe1,11,5,2,3,10,3,5,2
26,All,Expe1,11,5,2,4,2,0,1,1
26,All,Expe1,12,2,4,2,2,0,1,1
26,All,Expe1,13,6,3,1,4,1,0,-1
26,All,Expe1,13,6,3,1,5,0,2,2
26,All,Expe1,13,6,3,1,6,2,1,-1
26,All,Expe1,13,6,3,1,7,3,1,-2
26,All,Expe1,13,6,3,1,8,4,1,-3
26,All,Expe1,13,6,3,1,9,5,1,-4
26,All,Expe1,13,6,3,1,10,1,6,5
26,All,Expe1,13,6,3,4,2,0,1,1
26,All,Expe1,13,6,3,4,3,1,1,0
26,All,Expe1,13,6,3,4,4,1,2,1
26,All,Expe1,13,6,3,4,5,2,2,0
26,All,Expe1,13,6,3,4,6,3,2,-1
26,All,Expe1,13,6,3,4,7,4,2,-2
26,All,Expe1,13,6,3,4,8,5,2,-3
26,All,Expe1,13,6,3,4,10,6,2,-4
26,All,Expe1,13,6,3,5,2,0,1,1
26,All,Expe1,13,6,3,5,3,1,1,0
26,All,Expe1,13,6,3,5,4,1,2,1
26,All,Expe1,13,6,3,5,5,2,2,0
26,All,Expe1,13,6,3,5,7,3,2,-1
26,All,Expe1,13,6,3,5,8,2,4,2
26,All,Expe1,13,6,3,5,11,3,4,1
26,All,Expe1,13,6,3,6,2,0,1,1
26,All,Expe1,14,3,3,1,2,0,1,1
26,All,Expe1,15,2,5,2,2,0,1,1
26,All,Expe1,16,4,3,1,11,0,1,1
26,All,Expe1,16,4,3,2,3,0,1,1
26,All,Expe1,16,4,3,2,4,1,1,0
26,All,Expe1,16,4,3,3,3,0,1,1
26,All,Expe1,16,4,3,3,5,1,1,0
26,All,Expe1,16,4,3,4,3,0,0,0
26,All,Expe1,17,5,3,1,2,0,1,1
26,All,Expe1,17,5,3,2,2,0,1,1
26,All,Expe1,17,5,3,3,2,0,1,1
26,All,Expe1,17,5,3,3,3,1,1,0
26,All,Expe1,17,5,3,3,4,2,1,-1
26,All,Expe1,17,5,3,3,8,3,1,-2
26,All,Expe1,17,5,3,5,5,0,1,1
26,All,Expe1,18,2,6,1,2,0,1,1
27,All,Expe1,1,6,1,1,2,1,0,-1
27,All,Expe1,1,6,1,1,3,0,2,2
27,All,Expe1,1,6,1,5,12,0,1,1
27,All,Expe1,1,6,1,6,3,0,1,1
27,All,Expe1,1,6,1,6,4,1,1,0
27,All,Expe1,2,2,1,2,5,1,0,-1
27,All,Expe1,3,2,2,1,2,0,1,1
27,All,Expe1,4,5,1,1,2,0,1,1
27,All,Expe1,4,5,1,1,5,1,1,0
27,All,Expe1,4,5,1,2,2,0,1,1
27,All,Expe1,4,5,1,5,3,0,1,1
27,All,Expe1,5,3,1,1,2,0,1,1
27,All,Expe1,5,3,1,1,9,1,1,0
27,All,Expe1,6,3,2,1,2,0,1,1
27,All,Expe1,6,3,2,2,2,0,1,1
27,All,Expe1,7,4,1,1,2,0,1,1
27,All,Expe1,7,4,1,4,2,0,1,1
27,All,Expe1,7,4,1,4,3,1,1,0
27,All,Expe1,7,4,1,4,7,1,2,1
27,All,Expe1,8,2,3,1,9,0,0,0
27,All,Expe1,9,6,2,1,2,0,1,1
27,All,Expe1,9,6,2,1,3,1,1,0
27,All,Expe1,9,6,2,2,2,1,0,-1
27,All,Expe1,9,6,2,2,3,0,2,2
27,All,Expe1,9,6,2,2,8,2,1,-1
27,All,Expe1,9,6,2,2,9,3,1,-2
27,All,Expe1,10,4,2,1,2,0,1,1
27,All,Expe1,11,5,2,1,2,0,1,1
27,All,Expe1,11,5,2,2,2,0,1,1
27,All,Expe1,11,5,2,2,3,1,1,0
27,All,Expe1,11,5,2,3,3,0,1,1
27,All,Expe1,11,5,2,3,4,1,1,0
27,All,Expe1,11,5,2,4,2,0,1,1
27,All,Expe1,11,5,2,4,4,1,1,0
27,All,Expe1,11,5,2,4,9,2,1,-1
27,All,Expe1,11,5,2,5,2,0,1,1
27,All,Expe1,11,5,2,5,4,1,1,0
27,All,Expe1,12,6,3,1,2,0,1,1
27,All,Expe1,12,6,3,2,2,0,1,1
27,All,Expe1,12,6,3,5,3,0,1,1
27,All,Expe1,12,6,3,6,3,0,1,1
27,All,Expe1,13,2,4,1,2,0,1,1
27,All,Expe1,15,5,3,1,2,0,1,1
27,All,Expe1,16,3,3,1,2,0,1,1
27,All,Expe1,16,3,3,2,2,0,1,1
27,All,Expe1,18,4,3,1,2,0,1,1
27,All,Expe1,18,4,3,2,2,1,0,-1
27,All,Expe1,18,4,3,2,6,0,2,2
28,All,Expe1,2,5,1,1,3,1,0,-1
28,All,Expe1,2,5,1,2,2,0,1,1
28,All,Expe1,2,5,1,2,3,1,1,0
28,All,Expe1,2,5,1,3,3,0,0,0
28,All,Expe1,2,5,1,5,6,0,1,1
28,All,Expe1,3,6,1,1,2,0,0,0
28,All,Expe1,3,6,1,1,3,1,0,-1
28,All,Expe1,3,6,1,1,4,0,2,2
28,All,Expe1,3,6,1,1,5,2,1,-1
28,All,Expe1,3,6,1,1,6,1,3,2
28,All,Expe1,3,6,1,2,3,0,0,0
28,All,Expe1,3,6,1,3,3,1,0,-1
28,All,Expe1,3,6,1,5,2,0,1,1
28,All,Expe1,3,6,1,5,3,1,1,0
28,All,Expe1,3,6,1,5,5,1,2,1
28,All,Expe1,3,6,1,5,7,2,2,0
28,All,Expe1,3,6,1,5,8,2,3,1
28,All,Expe1,4,3,1,1,2,0,1,1
28,All,Expe1,4,3,1,1,3,1,1,0
28,All,Expe1,4,3,1,2,2,0,1,1
28,All,Expe1,5,2,2,1,2,0,1,1
28,All,Expe1,5,2,2,2,2,0,1,1
28,All,Expe1,7,3,2,1,2,0,1,1
28,All,Expe1,7,3,2,2,9,0,0,0
28,All,Expe1,8,4,1,1,2,0,1,1
28,All,Expe1,8,4,1,2,2,0,1,1
28,All,Expe1,9,5,2,1,2,1,0,-1
28,All,Expe1,9,5,2,1,3,0,2,2
28,All,Expe1,9,5,2,1,5,1,2,1
28,All,Expe1,9,5,2,1,8,2,2,0
28,All,Expe1,9,5,2,2,3,0,1,1
28,All,Expe1,9,5,2,2,5,1,1,0
28,All,Expe1,9,5,2,2,7,2,1,-1
28,All,Expe1,9,5,2,3,4,0,0,0
28,All,Expe1,9,5,2,3,5,0,1,1
28,All,Expe1,9,5,2,3,6,1,1,0
28,All,Expe1,9,5,2,5,2,1,0,-1
28,All,Expe1,9,5,2,5,5,2,0,-2
28,All,Expe1,9,5,2,5,7,3,0,-3
28,All,Expe1,9,5,2,5,9,0,4,4
28,All,Expe1,10,4,2,1,2,0,1,1
28,All,Expe1,10,4,2,1,3,1,1,0
28,All,Expe1,10,4,2,4,8,0,1,1
28,All,Expe1,11,6,2,1,2,0,1,1
28,All,Expe1,11,6,2,1,4,1,1,0
28,All,Expe1,11,6,2,1,5,2,1,-1
28,All,Expe1,11,6,2,1,8,3,1,-2
28,All,Expe1,11,6,2,2,2,1,0,-1
28,All,Expe1,11,6,2,2,3,2,0,-2
28,All,Expe1,11,6,2,2,8,3,0,-3
28,All,Expe1,11,6,2,3,6,0,1,1
28,All,Expe1,11,6,2,3,9,1,1,0
28,All,Expe1,11,6,2,3,11,2,1,-1
28,All,Expe1,11,6,2,4,2,0,1,1
28,All,Expe1,11,6,2,4,7,1,1,0
28,All,Expe1,11,6,2,4,8,1,2,1
28,All,Expe1,11,6,2,4,9,2,2,0
28,All,Expe1,12,2,4,1,2,0,1,1
28,All,Expe1,12,2,4,2,2,0,1,1
28,All,Expe1,13,5,3,1,2,0,1,1
28,All,Expe1,13,5,3,3,2,0,1,1
28,All,Expe1,13,5,3,3,3,1,1,0
28,All,Expe1,13,5,3,3,8,2,1,-1
28,All,Expe1,13,5,3,4,2,1,0,-1
28,All,Expe1,13,5,3,4,3,0,2,2
28,All,Expe1,13,5,3,4,4,1,2,1
28,All,Expe1,14,6,3,1,2,0,1,1
28,All,Expe1,14,6,3,1,7,1,1,0
28,All,Expe1,14,6,3,1,9,2,1,-1
28,All,Expe1,14,6,3,2,4,1,0,-1
28,All,Expe1,14,6,3,4,5,0,0,0
28,All,Expe1,14,6,3,6,3,0,0,0
28,All,Expe1,14,6,3,6,4,1,0,-1
28,All,Expe1,14,6,3,6,5,2,0,-2
28,All,Expe1,15,3,3,2,3,0,0,0
29,All,Expe1,1,5,1,1,2,1,0,-1
29,All,Expe1,1,5,1,1,3,0,2,2
29,All,Expe1,1,5,1,1,4,2,1,-1
29,All,Expe1,1,5,1,2,2,1,0,-1
29,All,Expe1,1,5,1,2,3,2,0,-2
29,All,Expe1,1,5,1,2,7,3,0,-3
29,All,Expe1,1,5,1,3,3,0,0,0
29,All,Expe1,1,5,1,3,5,1,0,-1
29,All,Expe1,1,5,1,4,7,0,0,0
29,All,Expe1,1,5,1,5,2,1,0,-1
29,All,Expe1,1,5,1,5,3,2,0,-2
29,All,Expe1,2,3,1,2,7,0,1,1
29,All,Expe1,3,2,1,2,4,0,1,1
29,All,Expe1,4,2,2,1,2,0,0,0
29,All,Expe1,4,2,2,2,2,1,0,-1
29,All,Expe1,4,2,2,2,3,0,2,2
29,All,Expe1,5,6,1,1,2,0,0,0
29,All,Expe1,5,6,1,2,2,1,0,-1
29,All,Expe1,5,6,1,2,3,2,0,-2
29,All,Expe1,5,6,1,2,4,3,0,-3
29,All,Expe1,5,6,1,2,7,4,0,-4
29,All,Expe1,5,6,1,2,9,5,0,-5
29,All,Expe1,5,6,1,2,10,6,0,-6
29,All,Expe1,5,6,1,2,14,7,0,-7
29,All,Expe1,5,6,1,3,2,0,1,1
29,All,Expe1,5,6,1,4,2,0,0,0
29,All,Expe1,5,6,1,4,3,0,1,1
29,All,Expe1,5,6,1,4,4,1,1,0
29,All,Expe1,5,6,1,4,5,2,1,-1
29,All,Expe1,5,6,1,4,6,3,1,-2
29,All,Expe1,5,6,1,4,7,4,1,-3
29,All,Expe1,5,6,1,4,8,5,1,-4
29,All,Expe1,5,6,1,4,9,6,1,-5
29,All,Expe1,5,6,1,4,10,7,1,-6
29,All,Expe1,5,6,1,4,11,8,1,-7
29,All,Expe1,5,6,1,4,12,9,1,-8
29,All,Expe1,5,6,1,4,13,10,1,-9
29,All,Expe1,5,6,1,4,14,1,11,10
29,All,Expe1,5,6,1,4,15,11,2,-9
29,All,Expe1,5,6,1,5,3,0,1,1
29,All,Expe1,5,6,1,5,4,1,1,0
29,All,Expe1,5,6,1,5,5,2,1,-1
29,All,Expe1,5,6,1,5,6,1,3,2
29,All,Expe1,5,6,1,5,8,3,2,-1
29,All,Expe1,5,6,1,5,9,2,4,2
29,All,Expe1,5,6,1,5,13,3,4,1
29,All,Expe1,5,6,1,6,8,0,0,0
29,All,Expe1,6,4,1,1,2,1,0,-1
29,All,Expe1,6,4,1,1,3,2,0,-2
29,All,Expe1,6,4,1,1,6,3,0,-3
29,All,Expe1,6,4,1,1,9,4,0,-4
29,All,Expe1,6,4,1,4,2,1,0,-1
29,All,Expe1,7,2,3,1,2,0,0,0
29,All,Expe1,7,2,3,1,8,0,1,1
29,All,Expe1,7,2,3,2,5,1,0,-1
29,All,Expe1,9,5,2,2,2,1,0,-1
29,All,Expe1,9,5,2,2,4,0,2,2
29,All,Expe1,9,5,2,4,5,0,0,0
29,All,Expe1,9,5,2,5,2,0,1,1
29,All,Expe1,9,5,2,5,8,1,1,0
29,All,Expe1,9,5,2,5,9,2,1,-1
29,All,Expe1,10,4,2,1,2,1,0,-1
29,All,Expe1,10,4,2,1,3,0,2,2
29,All,Expe1,10,4,2,1,4,1,2,1
29,All,Expe1,10,4,2,1,5,2,2,0
29,All,Expe1,10,4,2,1,6,2,3,1
29,All,Expe1,10,4,2,1,7,3,3,0
29,All,Expe1,10,4,2,2,2,1,0,-1
29,All,Expe1,10,4,2,2,3,2,0,-2
29,All,Expe1,10,4,2,3,3,0,1,1
29,All,Expe1,10,4,2,3,4,1,1,0
29,All,Expe1,10,4,2,3,5,2,1,-1
29,All,Expe1,10,4,2,3,6,1,3,2
29,All,Expe1,11,6,2,2,2,1,0,-1
29,All,Expe1,11,6,2,2,3,2,0,-2
29,All,Expe1,11,6,2,2,4,3,0,-3
29,All,Expe1,11,6,2,2,5,4,0,-4
29,All,Expe1,11,6,2,2,6,0,5,5
29,All,Expe1,11,6,2,2,7,5,1,-4
29,All,Expe1,11,6,2,2,8,1,6,5
29,All,Expe1,11,6,2,2,9,6,2,-4
29,All,Expe1,11,6,2,2,10,7,2,-5
29,All,Expe1,11,6,2,2,11,8,2,-6
29,All,Expe1,11,6,2,2,12,2,9,7
29,All,Expe1,11,6,2,2,13,3,9,6
29,All,Expe1,11,6,2,2,15,9,4,-5
29,All,Expe1,11,6,2,3,5,1,0,-1
29,All,Expe1,11,6,2,3,6,2,0,-2
29,All,Expe1,11,6,2,3,7,3,0,-3
29,All,Expe1,11,6,2,3,8,0,4,4
29,All,Expe1,11,6,2,3,9,1,4,3
29,All,Expe1,11,6,2,3,11,2,4,2
29,All,Expe1,11,6,2,3,12,3,4,1
29,All,Expe1,11,6,2,3,13,4,4,0
29,All,Expe1,11,6,2,3,14,5,4,-1
29,All,Expe1,11,6,2,3,15,4,6,2
29,All,Expe1,11,6,2,4,2,0,0,0
29,All,Expe1,11,6,2,4,3,1,0,-1
29,All,Expe1,11,6,2,4,4,2,0,-2
29,All,Expe1,11,6,2,4,7,3,0,-3
29,All,Expe1,11,6,2,4,8,0,4,4
29,All,Expe1,11,6,2,4,9,1,4,3
29,All,Expe1,11,6,2,4,10,2,4,2
29,All,Expe1,11,6,2,4,11,3,4,1
29,All,Expe1,11,6,2,4,12,4,4,0
29,All,Expe1,11,6,2,4,13,4,5,1
29,All,Expe1,11,6,2,4,14,5,5,0
29,All,Expe1,11,6,2,4,15,6,5,-1
29,All,Expe1,11,6,2,5,2,0,1,1
29,All,Expe1,11,6,2,5,3,1,1,0
29,All,Expe1,11,6,2,5,5,1,2,1
29,All,Expe1,11,6,2,5,6,2,2,0
29,All,Expe1,11,6,2,5,9,3,2,-1
29,All,Expe1,11,6,2,5,10,2,4,2
29,All,Expe1,11,6,2,6,8,0,0,0
29,All,Expe1,11,6,2,6,10,0,1,1
29,All,Expe1,12,5,3,1,2,1,0,-1
29,All,Expe1,12,5,3,1,3,0,2,2
29,All,Expe1,12,5,3,1,4,1,2,1
29,All,Expe1,12,5,3,1,5,2,2,0
29,All,Expe1,12,5,3,1,6,2,3,1
29,All,Expe1,12,5,3,1,7,3,3,0
29,All,Expe1,12,5,3,1,8,4,3,-1
29,All,Expe1,12,5,3,1,9,3,5,2
29,All,Expe1,12,5,3,1,10,5,4,-1
29,All,Expe1,12,5,3,1,11,6,4,-2
29,All,Expe1,12,5,3,1,12,4,7,3
29,All,Expe1,12,5,3,4,3,1,0,-1
29,All,Expe1,12,5,3,4,5,2,0,-2
29,All,Expe1,12,5,3,4,6,3,0,-3
29,All,Expe1,12,5,3,4,7,4,0,-4
29,All,Expe1,12,5,3,4,13,5,0,-5
29,All,Expe1,12,5,3,4,14,6,0,-6
29,All,Expe1,12,5,3,4,15,7,0,-7
29,All,Expe1,13,3,3,1,2,0,0,0
29,All,Expe1,13,3,3,2,2,0,1,1
29,All,Expe1,13,3,3,2,3,1,1,0
29,All,Expe1,13,3,3,2,4,1,2,1
29,All,Expe1,13,3,3,2,5,2,2,0
29,All,Expe1,13,3,3,2,6,2,3,1
29,All,Expe1,13,3,3,3,2,0,0,0
29,All,Expe1,13,3,3,3,8,1,0,-1
29,All,Expe1,14,2,4,1,5,0,1,1
29,All,Expe1,16,6,3,1,3,0,1,1
29,All,Expe1,16,6,3,2,2,0,1,1
29,All,Expe1,16,6,3,5,2,0,1,1
29,All,Expe1,16,6,3,5,3,1,1,0
29,All,Expe1,16,6,3,5,4,2,1,-1
29,All,Expe1,16,6,3,5,5,3,1,-2
29,All,Expe1,16,6,3,5,6,4,1,-3
29,All,Expe1,17,4,3,1,7,1,0,-1
29,All,Expe1,17,4,3,4,2,1,0,-1
29,All,Expe1,17,4,3,4,4,0,2,2
29,All,Expe1,18,2,6,2,8,0,1,1
30,All,Expe1,1,3,1,1,3,0,1,1
30,All,Expe1,1,3,1,2,3,0,0,0
30,All,Expe1,1,3,1,2,8,1,0,-1
30,All,Expe1,1,3,1,2,9,2,0,-2
30,All,Expe1,1,3,1,3,3,0,0,0
30,All,Expe1,2,2,1,1,2,0,1,1
30,All,Expe1,2,2,1,1,8,1,1,0
30,All,Expe1,2,2,1,2,2,0,0,0
30,All,Expe1,3,5,1,1,2,1,0,-1
30,All,Expe1,3,5,1,1,3,0,2,2
30,All,Expe1,3,5,1,1,5,1,2,1
30,All,Expe1,3,5,1,1,6,2,2,0
30,All,Expe1,3,5,1,1,7,3,2,-1
30,All,Expe1,3,5,1,1,8,4,2,-2
30,All,Expe1,3,5,1,1,9,2,5,3
30,All,Expe1,3,5,1,1,10,5,3,-2
30,All,Expe1,3,5,1,1,13,6,3,-3
30,All,Expe1,3,5,1,3,2,1,0,-1
30,All,Expe1,3,5,1,4,6,1,0,-1
30,All,Expe1,3,5,1,5,2,1,0,-1
30,All,Expe1,3,5,1,5,4,2,0,-2
30,All,Expe1,3,5,1,5,7,0,3,3
30,All,Expe1,3,5,1,5,8,1,3,2
30,All,Expe1,4,4,1,1,10,0,0,0
30,All,Expe1,4,4,1,2,2,0,1,1
30,All,Expe1,4,4,1,2,3,1,1,0
30,All,Expe1,4,4,1,2,11,2,1,-1
30,All,Expe1,5,2,2,2,2,0,1,1
30,All,Expe1,6,3,2,2,2,0,1,1
30,All,Expe1,6,3,2,2,3,1,1,0
30,All,Expe1,6,3,2,3,2,0,1,1
30,All,Expe1,7,6,1,3,2,0,1,1
30,All,Expe1,7,6,1,4,3,0,1,1
30,All,Expe1,7,6,1,4,4,1,1,0
30,All,Expe1,7,6,1,5,2,0,1,1
30,All,Expe1,7,6,1,5,3,1,1,0
30,All,Expe1,8,2,3,1,2,0,1,1
30,All,Expe1,8,2,3,2,2,0,1,1
30,All,Expe1,8,2,3,2,8,1,1,0
30,All,Expe1,9,4,2,2,2,1,0,-1
30,All,Expe1,9,4,2,2,3,0,2,2
30,All,Expe1,9,4,2,2,4,1,2,1
30,All,Expe1,9,4,2,2,5,2,2,0
30,All,Expe1,9,4,2,2,9,3,2,-1
30,All,Expe1,9,4,2,3,2,0,1,1
30,All,Expe1,9,4,2,3,3,1,1,0
30,All,Expe1,9,4,2,3,5,1,2,1
30,All,Expe1,9,4,2,4,2,0,1,1
30,All,Expe1,10,5,2,1,2,0,1,1
30,All,Expe1,10,5,2,1,3,1,1,0
30,All,Expe1,10,5,2,1,4,2,1,-1
30,All,Expe1,10,5,2,1,5,1,3,2
30,All,Expe1,10,5,2,3,3,0,0,0
30,All,Expe1,10,5,2,3,4,1,0,-1
30,All,Expe1,10,5,2,3,7,0,2,2
30,All,Expe1,10,5,2,3,8,2,1,-1
30,All,Expe1,10,5,2,3,9,1,3,2
30,All,Expe1,11,6,2,1,3,0,1,1
30,All,Expe1,11,6,2,1,4,1,1,0
30,All,Expe1,11,6,2,1,5,1,2,1
30,All,Expe1,11,6,2,1,6,2,2,0
30,All,Expe1,11,6,2,1,7,2,3,1
30,All,Expe1,11,6,2,1,10,3,3,0
30,All,Expe1,11,6,2,3,2,0,1,1
30,All,Expe1,11,6,2,3,4,1,1,0
30,All,Expe1,11,6,2,3,5,1,2,1
30,All,Expe1,11,6,2,3,6,2,2,0
30,All,Expe1,11,6,2,3,7,2,3,1
30,All,Expe1,11,6,2,3,10,3,3,0
30,All,Expe1,11,6,2,4,2,0,1,1
30,All,Expe1,11,6,2,4,3,1,1,0
30,All,Expe1,11,6,2,4,4,1,2,1
30,All,Expe1,11,6,2,5,2,1,0,-1
30,All,Expe1,11,6,2,6,2,0,1,1
30,All,Expe1,11,6,2,6,11,1,1,0
30,All,Expe1,12,3,3,2,2,0,1,1
30,All,Expe1,12,3,3,2,6,1,1,0
30,All,Expe1,12,3,3,2,9,2,1,-1
30,All,Expe1,13,2,4,1,2,1,0,-1
30,All,Expe1,13,2,4,1,3,0,2,2
30,All,Expe1,14,5,3,1,4,0,1,1
30,All,Expe1,14,5,3,1,9,1,1,0
30,All,Expe1,14,5,3,2,2,0,1,1
30,All,Expe1,14,5,3,2,3,1,1,0
30,All,Expe1,14,5,3,2,4,2,1,-1
30,All,Expe1,14,5,3,2,5,1,3,2
30,All,Expe1,14,5,3,3,2,0,1,1
30,All,Expe1,16,2,5,2,2,0,0,0
30,All,Expe1,17,3,4,3,2,0,0,0
30,All,Expe1,17,3,4,3,7,0,1,1
30,All,Expe1,18,6,3,1,4,0,0,0
30,All,Expe1,18,6,3,5,3,1,0,-1
31,All,Expe1,1,6,1,1,2,1,0,-1
31,All,Expe1,1,6,1,1,3,2,0,-2
31,All,Expe1,1,6,1,1,5,3,0,-3
31,All,Expe1,1,6,1,1,9,4,0,-4
31,All,Expe1,1,6,1,2,3,0,1,1
31,All,Expe1,1,6,1,2,4,1,1,0
31,All,Expe1,1,6,1,2,5,1,2,1
31,All,Expe1,1,6,1,3,3,0,0,0
31,All,Expe1,1,6,1,4,2,1,0,-1
31,All,Expe1,1,6,1,6,3,1,0,-1
31,All,Expe1,1,6,1,6,4,0,2,2
31,All,Expe1,1,6,1,6,7,1,2,1
31,All,Expe1,3,3,1,1,2,1,0,-1
31,All,Expe1,3,3,1,1,3,0,2,2
31,All,Expe1,4,4,1,2,2,0,1,1
31,All,Expe1,4,4,1,3,8,0,0,0
31,All,Expe1,5,2,2,1,2,0,1,1
31,All,Expe1,5,2,2,2,2,0,1,1
31,All,Expe1,6,5,1,1,2,1,0,-1
31,All,Expe1,6,5,1,2,2,0,1,1
31,All,Expe1,6,5,1,2,9,1,1,0
31,All,Expe1,6,5,1,4,2,0,1,1
31,All,Expe1,8,3,2,1,6,0,0,0
31,All,Expe1,8,3,2,1,9,1,0,-1
31,All,Expe1,8,3,2,3,2,0,1,1
31,All,Expe1,9,6,2,1,2,1,0,-1
31,All,Expe1,9,6,2,2,2,0,0,0
31,All,Expe1,9,6,2,2,3,1,0,-1
31,All,Expe1,9,6,2,3,2,0,1,1
31,All,Expe1,9,6,2,3,3,1,1,0
31,All,Expe1,9,6,2,3,4,1,2,1
31,All,Expe1,9,6,2,3,5,2,2,0
31,All,Expe1,9,6,2,3,6,2,3,1
31,All,Expe1,9,6,2,3,7,3,3,0
31,All,Expe1,9,6,2,3,8,3,4,1
31,All,Expe1,9,6,2,3,9,4,4,0
31,All,Expe1,9,6,2,5,3,0,1,1
31,All,Expe1,9,6,2,5,4,1,1,0
31,All,Expe1,9,6,2,5,6,1,2,1
31,All,Expe1,9,6,2,5,7,2,2,0
31,All,Expe1,9,6,2,5,10,2,3,1
31,All,Expe1,9,6,2,5,12,3,3,0
31,All,Expe1,9,6,2,6,3,1,0,-1
31,All,Expe1,9,6,2,6,4,2,0,-2
31,All,Expe1,9,6,2,6,6,0,3,3
31,All,Expe1,9,6,2,6,7,1,3,2
31,All,Expe1,10,5,2,1,2,0,1,1
31,All,Expe1,10,5,2,1,3,1,1,0
31,All,Expe1,10,5,2,1,4,1,2,1
31,All,Expe1,10,5,2,2,3,0,1,1
31,All,Expe1,10,5,2,2,5,1,1,0
31,All,Expe1,10,5,2,3,2,0,1,1
31,All,Expe1,10,5,2,4,2,1,0,-1
31,All,Expe1,11,4,2,1,2,1,0,-1
31,All,Expe1,11,4,2,1,3,0,2,2
31,All,Expe1,11,4,2,1,5,2,1,-1
31,All,Expe1,11,4,2,1,8,3,1,-2
31,All,Expe1,11,4,2,2,2,0,1,1
31,All,Expe1,11,4,2,2,3,1,1,0
31,All,Expe1,11,4,2,3,4,0,0,0
31,All,Expe1,12,6,3,1,3,0,1,1
31,All,Expe1,12,6,3,2,4,1,0,-1
31,All,Expe1,12,6,3,2,5,2,0,-2
31,All,Expe1,12,6,3,2,6,3,0,-3
31,All,Expe1,12,6,3,2,7,4,0,-4
31,All,Expe1,12,6,3,2,8,0,5,5
31,All,Expe1,12,6,3,3,5,1,0,-1
31,All,Expe1,12,6,3,3,9,2,0,-2
31,All,Expe1,12,6,3,5,3,0,1,1
31,All,Expe1,12,6,3,5,4,1,1,0
31,All,Expe1,13,2,4,1,2,0,1,1
31,All,Expe1,15,4,3,1,2,0,1,1
31,All,Expe1,15,4,3,1,3,1,1,0
31,All,Expe1,15,4,3,2,2,1,0,-1
31,All,Expe1,15,4,3,2,3,0,2,2
31,All,Expe1,15,4,3,4,5,0,0,0
31,All,Expe1,16,2,5,2,3,0,0,0
31,All,Expe1,17,5,3,1,2,1,0,-1
31,All,Expe1,17,5,3,1,4,2,0,-2
31,All,Expe1,17,5,3,4,2,1,0,-1
31,All,Expe1,17,5,3,4,3,0,2,2
31,All,Expe1,17,5,3,5,2,0,1,1
31,All,Expe1,18,2,6,1,2,0,1,1
31,All,Expe1,18,2,6,1,8,1,1,0
32,All,Expe1,1,2,1,2,9,0,1,1
32,All,Expe1,2,4,1,1,4,0,0,0
32,All,Expe1,2,4,1,1,5,0,1,1
32,All,Expe1,2,4,1,1,6,1,1,0
32,All,Expe1,2,4,1,1,10,2,1,-1
32,All,Expe1,2,4,1,1,11,3,1,-2
32,All,Expe1,2,4,1,2,3,1,0,-1
32,All,Expe1,2,4,1,2,4,0,2,2
32,All,Expe1,2,4,1,2,5,2,1,-1
32,All,Expe1,2,4,1,2,6,1,3,2
32,All,Expe1,2,4,1,2,8,2,3,1
32,All,Expe1,2,4,1,3,2,0,1,1
32,All,Expe1,2,4,1,3,3,1,1,0
32,All,Expe1,2,4,1,3,4,1,2,1
32,All,Expe1,2,4,1,4,2,1,0,-1
32,All,Expe1,2,4,1,4,5,0,2,2
32,All,Expe1,2,4,1,4,6,1,2,1
32,All,Expe1,2,4,1,4,7,2,2,0
32,All,Expe1,3,6,1,1,2,0,1,1
32,All,Expe1,3,6,1,1,3,1,1,0
32,All,Expe1,3,6,1,1,5,2,1,-1
32,All,Expe1,3,6,1,2,2,0,1,1
32,All,Expe1,3,6,1,2,3,1,1,0
32,All,Expe1,3,6,1,2,5,1,2,1
32,All,Expe1,3,6,1,2,8,2,2,0
32,All,Expe1,3,6,1,2,10,2,3,1
32,All,Expe1,3,6,1,2,11,3,3,0
32,All,Expe1,3,6,1,2,12,3,4,1
32,All,Expe1,3,6,1,2,13,4,4,0
32,All,Expe1,3,6,1,2,15,5,4,-1
32,All,Expe1,3,6,1,3,2,1,0,-1
32,All,Expe1,3,6,1,3,4,0,2,2
32,All,Expe1,3,6,1,3,5,1,2,1
32,All,Expe1,3,6,1,3,6,2,2,0
32,All,Expe1,3,6,1,3,7,3,2,-1
32,All,Expe1,3,6,1,3,8,4,2,-2
32,All,Expe1,3,6,1,3,9,2,5,3
32,All,Expe1,3,6,1,3,14,3,5,2
32,All,Expe1,3,6,1,5,2,0,1,1
32,All,Expe1,3,6,1,5,9,1,1,0
32,All,Expe1,3,6,1,5,11,2,1,-1
32,All,Expe1,3,6,1,5,12,3,1,-2
32,All,Expe1,3,6,1,5,13,4,1,-3
32,All,Expe1,3,6,1,5,14,5,1,-4
32,All,Expe1,3,6,1,6,2,1,0,-1
32,All,Expe1,3,6,1,6,3,0,2,2
32,All,Expe1,3,6,1,6,5,2,1,-1
32,All,Expe1,3,6,1,6,6,3,1,-2
32,All,Expe1,3,6,1,6,9,4,1,-3
32,All,Expe1,4,5,1,1,2,1,0,-1
32,All,Expe1,4,5,1,1,3,0,2,2
32,All,Expe1,4,5,1,1,5,2,1,-1
32,All,Expe1,4,5,1,2,2,0,1,1
32,All,Expe1,4,5,1,3,3,0,1,1
32,All,Expe1,4,5,1,3,5,1,1,0
32,All,Expe1,4,5,1,5,2,1,0,-1
32,All,Expe1,4,5,1,5,3,0,2,2
32,All,Expe1,4,5,1,5,4,2,1,-1
32,All,Expe1,5,3,1,2,2,0,1,1
32,All,Expe1,5,3,1,2,3,1,1,0
32,All,Expe1,5,3,1,2,6,1,2,1
32,All,Expe1,5,3,1,3,4,0,1,1
32,All,Expe1,6,3,2,2,2,1,0,-1
32,All,Expe1,6,3,2,3,2,0,1,1
32,All,Expe1,6,3,2,3,7,1,1,0
32,All,Expe1,7,2,2,1,2,0,1,1
32,All,Expe1,8,2,3,1,2,1,0,-1
32,All,Expe1,8,2,3,1,3,0,2,2
32,All,Expe1,9,6,2,2,4,0,0,0
32,All,Expe1,9,6,2,2,5,1,0,-1
32,All,Expe1,9,6,2,4,2,1,0,-1
32,All,Expe1,9,6,2,4,3,0,2,2
32,All,Expe1,9,6,2,5,2,1,0,-1
32,All,Expe1,9,6,2,5,3,0,2,2
32,All,Expe1,9,6,2,5,4,1,2,1
32,All,Expe1,9,6,2,5,5,2,2,0
32,All,Expe1,9,6,2,5,6,2,3,1
32,All,Expe1,9,6,2,5,7,3,3,0
32,All,Expe1,9,6,2,5,8,3,4,1
32,All,Expe1,9,6,2,6,3,1,0,-1
32,All,Expe1,9,6,2,6,4,2,0,-2
32,All,Expe1,10,4,2,1,2,0,0,0
32,All,Expe1,10,4,2,1,3,1,0,-1
32,All,Expe1,10,4,2,1,4,0,2,2
32,All,Expe1,10,4,2,3,2,0,1,1
32,All,Expe1,10,4,2,3,7,1,1,0
32,All,Expe1,10,4,2,4,2,0,1,1
32,All,Expe1,11,5,2,1,2,1,0,-1
32,All,Expe1,12,2,4,2,2,0,1,1
32,All,Expe1,13,4,3,1,4,0,0,0
32,All,Expe1,13,4,3,1,6,1,0,-1
32,All,Expe1,13,4,3,4,2,0,1,1
32,All,Expe1,14,6,3,1,2,1,0,-1
32,All,Expe1,14,6,3,1,4,2,0,-2
32,All,Expe1,14,6,3,1,5,0,3,3
32,All,Expe1,14,6,3,1,6,3,1,-2
32,All,Expe1,14,6,3,1,7,4,1,-3
32,All,Expe1,14,6,3,1,8,1,5,4
32,All,Expe1,14,6,3,1,9,5,2,-3
32,All,Expe1,14,6,3,1,13,6,2,-4
32,All,Expe1,14,6,3,1,15,7,2,-5
32,All,Expe1,14,6,3,2,3,0,0,0
32,All,Expe1,14,6,3,3,2,0,1,1
32,All,Expe1,14,6,3,3,3,1,1,0
32,All,Expe1,14,6,3,3,4,2,1,-1
32,All,Expe1,14,6,3,3,6,1,3,2
32,All,Expe1,14,6,3,3,7,2,3,1
32,All,Expe1,14,6,3,3,8,3,3,0
32,All,Expe1,14,6,3,3,11,4,3,-1
32,All,Expe1,14,6,3,4,3,0,0,0
32,All,Expe1,14,6,3,5,3,1,0,-1
32,All,Expe1,14,6,3,6,2,1,0,-1
32,All,Expe1,14,6,3,6,3,2,0,-2
32,All,Expe1,14,6,3,6,4,0,3,3
32,All,Expe1,14,6,3,6,5,1,3,2
32,All,Expe1,14,6,3,6,6,3,2,-1
32,All,Expe1,14,6,3,6,7,2,4,2
32,All,Expe1,14,6,3,6,8,4,3,-1
32,All,Expe1,14,6,3,6,9,5,3,-2
32,All,Expe1,15,5,3,1,3,0,0,0
32,All,Expe1,15,5,3,1,4,0,1,1
32,All,Expe1,15,5,3,1,5,1,1,0
32,All,Expe1,15,5,3,2,2,1,0,-1
32,All,Expe1,15,5,3,2,3,0,2,2
32,All,Expe1,15,5,3,2,5,2,1,-1
32,All,Expe1,15,5,3,4,2,0,1,1
32,All,Expe1,15,5,3,4,9,1,1,0
32,All,Expe1,16,3,3,1,3,0,1,1
32,All,Expe1,16,3,3,2,2,0,1,1
32,All,Expe1,16,3,3,2,3,1,1,0
32,All,Expe1,16,3,3,3,3,0,0,0
32,All,Expe1,17,3,4,1,2,0,1,1
32,All,Expe1,17,3,4,1,4,1,1,0
32,All,Expe1,18,2,5,2,2,0,1,1
33,All,Expe1,1,5,1,1,5,0,0,0
33,All,Expe1,1,5,1,1,6,1,0,-1
33,All,Expe1,1,5,1,1,7,2,0,-2
33,All,Expe1,1,5,1,1,8,3,0,-3
33,All,Expe1,1,5,1,2,2,0,1,1
33,All,Expe1,1,5,1,2,3,1,1,0
33,All,Expe1,1,5,1,2,4,2,1,-1
33,All,Expe1,1,5,1,2,6,1,3,2
33,All,Expe1,1,5,1,2,7,2,3,1
33,All,Expe1,1,5,1,2,8,3,3,0
33,All,Expe1,1,5,1,2,9,3,4,1
33,All,Expe1,1,5,1,2,12,4,4,0
33,All,Expe1,1,5,1,2,13,5,4,-1
33,All,Expe1,1,5,1,2,14,6,4,-2
33,All,Expe1,1,5,1,3,2,0,1,1
33,All,Expe1,1,5,1,3,9,1,1,0
33,All,Expe1,1,5,1,4,3,1,0,-1
33,All,Expe1,1,5,1,4,4,2,0,-2
33,All,Expe1,1,5,1,4,6,0,3,3
33,All,Expe1,1,5,1,4,7,3,1,-2
33,All,Expe1,1,5,1,4,12,4,1,-3
33,All,Expe1,1,5,1,5,2,0,1,1
33,All,Expe1,1,5,1,5,4,1,1,0
33,All,Expe1,1,5,1,5,6,1,2,1
33,All,Expe1,2,3,1,1,7,0,0,0
33,All,Expe1,2,3,1,2,2,1,0,-1
33,All,Expe1,2,3,1,2,6,2,0,-2
33,All,Expe1,2,3,1,3,2,0,1,1
33,All,Expe1,2,3,1,3,3,1,1,0
33,All,Expe1,2,3,1,3,6,1,2,1
33,All,Expe1,3,4,1,1,2,0,0,0
33,All,Expe1,3,4,1,1,7,1,0,-1
33,All,Expe1,3,4,1,2,2,1,0,-1
33,All,Expe1,3,4,1,2,4,2,0,-2
33,All,Expe1,3,4,1,3,2,0,1,1
33,All,Expe1,3,4,1,3,4,1,1,0
33,All,Expe1,3,4,1,4,2,1,0,-1
33,All,Expe1,4,2,1,1,5,0,0,0
33,All,Expe1,4,2,1,2,2,1,0,-1
33,All,Expe1,6,2,3,2,8,1,0,-1
33,All,Expe1,7,6,1,2,2,0,0,0
33,All,Expe1,7,6,1,2,5,1,0,-1
33,All,Expe1,7,6,1,2,7,2,0,-2
33,All,Expe1,7,6,1,3,2,1,0,-1
33,All,Expe1,7,6,1,3,4,2,0,-2
33,All,Expe1,7,6,1,5,2,1,0,-1
33,All,Expe1,7,6,1,5,4,2,0,-2
33,All,Expe1,7,6,1,5,7,3,0,-3
33,All,Expe1,7,6,1,5,9,4,0,-4
33,All,Expe1,8,3,2,1,2,0,0,0
33,All,Expe1,8,3,2,2,3,1,0,-1
33,All,Expe1,8,3,2,2,7,2,0,-2
33,All,Expe1,8,3,2,3,2,0,0,0
33,All,Expe1,9,5,2,1,2,0,1,1
33,All,Expe1,9,5,2,1,4,1,1,0
33,All,Expe1,9,5,2,1,5,2,1,-1
33,All,Expe1,9,5,2,1,6,1,3,2
33,All,Expe1,9,5,2,1,7,3,2,-1
33,All,Expe1,9,5,2,1,13,4,2,-2
33,All,Expe1,9,5,2,4,3,0,1,1
33,All,Expe1,9,5,2,4,5,1,1,0
33,All,Expe1,9,5,2,4,6,1,2,1
33,All,Expe1,9,5,2,4,7,2,2,0
33,All,Expe1,9,5,2,4,8,2,3,1
33,All,Expe1,9,5,2,4,9,3,3,0
33,All,Expe1,9,5,2,4,10,3,4,1
33,All,Expe1,9,5,2,4,12,4,4,0
33,All,Expe1,9,5,2,4,13,4,5,1
33,All,Expe1,9,5,2,4,14,5,5,0
33,All,Expe1,9,5,2,5,2,0,1,1
33,All,Expe1,9,5,2,5,3,1,1,0
33,All,Expe1,10,4,2,3,6,1,0,-1
33,All,Expe1,10,4,2,4,2,0,1,1
33,All,Expe1,11,6,2,1,7,0,0,0
33,All,Expe1,11,6,2,2,2,0,1,1
33,All,Expe1,11,6,2,2,3,1,1,0
33,All,Expe1,11,6,2,2,6,2,1,-1
33,All,Expe1,11,6,2,2,7,1,3,2
33,All,Expe1,11,6,2,3,3,1,0,-1
33,All,Expe1,11,6,2,3,4,2,0,-2
33,All,Expe1,11,6,2,3,5,3,0,-3
33,All,Expe1,11,6,2,3,6,0,4,4
33,All,Expe1,11,6,2,3,9,1,4,3
33,All,Expe1,11,6,2,3,11,4,2,-2
33,All,Expe1,11,6,2,4,2,0,0,0
33,All,Expe1,11,6,2,4,3,1,0,-1
33,All,Expe1,11,6,2,4,4,2,0,-2
33,All,Expe1,11,6,2,4,6,3,0,-3
33,All,Expe1,11,6,2,4,11,4,0,-4
33,All,Expe1,11,6,2,4,13,5,0,-5
33,All,Expe1,11,6,2,4,15,6,0,-6
33,All,Expe1,11,6,2,5,2,0,0,0
33,All,Expe1,11,6,2,5,3,0,1,1
33,All,Expe1,11,6,2,5,5,1,1,0
33,All,Expe1,11,6,2,5,8,1,2,1
33,All,Expe1,11,6,2,5,12,2,2,0
33,All,Expe1,11,6,2,5,14,3,2,-1
33,All,Expe1,11,6,2,6,2,1,0,-1
33,All,Expe1,11,6,2,6,3,0,2,2
33,All,Expe1,11,6,2,6,5,2,1,-1
33,All,Expe1,11,6,2,6,6,1,3,2
33,All,Expe1,11,6,2,6,10,2,3,1
33,All,Expe1,12,5,3,1,2,1,0,-1
33,All,Expe1,12,5,3,1,3,2,0,-2
33,All,Expe1,12,5,3,1,4,0,3,3
33,All,Expe1,12,5,3,3,3,0,1,1
33,All,Expe1,12,5,3,3,5,1,1,0
33,All,Expe1,12,5,3,3,6,1,2,1
33,All,Expe1,12,5,3,4,4,0,1,1
33,All,Expe1,12,5,3,4,7,1,1,0
33,All,Expe1,13,3,3,3,2,0,1,1
33,All,Expe1,13,3,3,3,7,1,1,0
33,All,Expe1,14,4,3,2,2,0,1,1
33,All,Expe1,14,4,3,2,3,1,1,0
33,All,Expe1,14,4,3,2,4,2,1,-1
33,All,Expe1,14,4,3,2,6,3,1,-2
33,All,Expe1,14,4,3,4,2,0,1,1
33,All,Expe1,14,4,3,4,3,1,1,0
33,All,Expe1,15,2,4,1,2,0,0,0
33,All,Expe1,15,2,4,2,2,1,0,-1
33,All,Expe1,15,2,4,2,4,0,2,2
33,All,Expe1,16,2,5,1,7,0,1,1
33,All,Expe1,17,2,6,2,2,1,0,-1
33,All,Expe1,18,6,3,2,2,0,1,1
33,All,Expe1,18,6,3,2,3,1,1,0
33,All,Expe1,18,6,3,2,4,1,2,1
33,All,Expe1,18,6,3,2,5,2,2,0
33,All,Expe1,18,6,3,3,3,1,0,-1
33,All,Expe1,18,6,3,4,2,1,0,-1
33,All,Expe1,18,6,3,4,3,0,2,2
33,All,Expe1,18,6,3,4,4,2,1,-1
33,All,Expe1,18,6,3,4,6,1,3,2
33,All,Expe1,18,6,3,4,9,2,3,1
33,All,Expe1,18,6,3,4,14,3,3,0
33,All,Expe1,18,6,3,5,2,0,1,1
34,All,Expe1,1,3,1,1,4,0,1,1
34,All,Expe1,1,3,1,2,2,0,0,0
34,All,Expe1,2,2,1,1,2,0,1,1
34,All,Expe1,2,2,1,2,2,1,0,-1
34,All,Expe1,3,5,1,2,3,0,0,0
34,All,Expe1,3,5,1,2,5,1,0,-1
34,All,Expe1,3,5,1,2,6,0,2,2
34,All,Expe1,3,5,1,4,2,1,0,-1
34,All,Expe1,3,5,1,4,3,2,0,-2
34,All,Expe1,3,5,1,4,4,0,3,3
34,All,Expe1,3,5,1,4,8,3,1,-2
34,All,Expe1,4,2,2,2,2,0,1,1
34,All,Expe1,4,2,2,2,3,1,1,0
34,All,Expe1,4,2,2,2,4,1,2,1
34,All,Expe1,5,4,1,2,2,0,1,1
34,All,Expe1,5,4,1,3,7,0,1,1
34,All,Expe1,5,4,1,4,3,1,0,-1
34,All,Expe1,6,3,2,1,2,0,0,0
34,All,Expe1,6,3,2,1,3,0,1,1
34,All,Expe1,6,3,2,2,2,0,1,1
34,All,Expe1,8,6,1,1,2,0,0,0
34,All,Expe1,8,6,1,1,3,1,0,-1
34,All,Expe1,8,6,1,1,4,0,2,2
34,All,Expe1,8,6,1,2,5,0,0,0
34,All,Expe1,8,6,1,2,7,1,0,-1
34,All,Expe1,8,6,1,5,3,0,0,0
34,All,Expe1,9,4,2,2,2,0,1,1
34,All,Expe1,9,4,2,2,3,1,1,0
34,All,Expe1,9,4,2,4,2,0,1,1
34,All,Expe1,10,5,2,3,2,0,1,1
34,All,Expe1,10,5,2,3,3,1,1,0
34,All,Expe1,10,5,2,3,4,2,1,-1
34,All,Expe1,10,5,2,4,2,1,0,-1
34,All,Expe1,10,5,2,4,3,2,0,-2
34,All,Expe1,10,5,2,4,4,3,0,-3
34,All,Expe1,10,5,2,4,5,0,4,4
34,All,Expe1,11,6,2,2,2,0,1,1
34,All,Expe1,11,6,2,2,3,1,1,0
34,All,Expe1,11,6,2,2,4,1,2,1
34,All,Expe1,11,6,2,2,5,2,2,0
34,All,Expe1,11,6,2,2,6,2,3,1
34,All,Expe1,11,6,2,2,7,3,3,0
34,All,Expe1,11,6,2,2,9,3,4,1
34,All,Expe1,11,6,2,2,10,4,4,0
34,All,Expe1,11,6,2,2,11,4,5,1
34,All,Expe1,11,6,2,2,12,5,5,0
34,All,Expe1,11,6,2,2,13,5,6,1
34,All,Expe1,11,6,2,3,2,1,0,-1
34,All,Expe1,11,6,2,3,3,0,2,2
34,All,Expe1,11,6,2,3,4,1,2,1
34,All,Expe1,11,6,2,3,5,2,2,0
34,All,Expe1,11,6,2,3,7,2,3,1
34,All,Expe1,11,6,2,3,8,3,3,0
34,All,Expe1,11,6,2,3,9,3,4,1
34,All,Expe1,11,6,2,3,10,4,4,0
34,All,Expe1,11,6,2,6,2,1,0,-1
34,All,Expe1,11,6,2,6,5,0,2,2
34,All,Expe1,11,6,2,6,7,1,2,1
34,All,Expe1,11,6,2,6,10,2,2,0
34,All,Expe1,12,3,3,1,2,0,0,0
34,All,Expe1,13,2,4,2,2,0,1,1
34,All,Expe1,14,5,3,3,2,0,1,1
34,All,Expe1,14,5,3,3,3,1,1,0
34,All,Expe1,14,5,3,3,4,1,2,1
34,All,Expe1,14,5,3,3,5,2,2,0
34,All,Expe1,14,5,3,3,6,2,3,1
34,All,Expe1,14,5,3,4,2,0,1,1
34,All,Expe1,14,5,3,4,3,1,1,0
34,All,Expe1,14,5,3,4,5,2,1,-1
34,All,Expe1,14,5,3,4,10,1,3,2
34,All,Expe1,14,5,3,5,2,0,1,1
34,All,Expe1,14,5,3,5,3,1,1,0
34,All,Expe1,16,4,3,4,2,0,1,1
34,All,Expe1,16,4,3,4,3,1,1,0
34,All,Expe1,17,3,4,1,2,0,1,1
34,All,Expe1,18,2,6,2,2,0,1,1
34,All,Expe1,18,2,6,2,8,1,1,0
35,All,Expe1,1,2,1,1,4,0,0,0
35,All,Expe1,1,2,1,2,2,0,1,1
35,All,Expe1,2,2,2,1,2,0,1,1
35,All,Expe1,3,3,1,1,2,0,1,1
35,All,Expe1,4,3,2,2,2,1,0,-1
35,All,Expe1,4,3,2,2,3,0,2,2
35,All,Expe1,4,3,2,3,2,0,1,1
35,All,Expe1,4,3,2,3,3,1,1,0
35,All,Expe1,5,5,1,4,2,0,1,1
35,All,Expe1,5,5,1,4,3,1,1,0
35,All,Expe1,5,5,1,4,5,2,1,-1
35,All,Expe1,5,5,1,4,7,3,1,-2
35,All,Expe1,5,5,1,5,2,1,0,-1
35,All,Expe1,6,6,1,2,3,0,1,1
35,All,Expe1,6,6,1,2,4,1,1,0
35,All,Expe1,6,6,1,4,2,0,1,1
35,All,Expe1,6,6,1,4,4,1,1,0
35,All,Expe1,6,6,1,5,2,0,1,1
35,All,Expe1,6,6,1,5,3,1,1,0
35,All,Expe1,6,6,1,6,2,0,1,1
35,All,Expe1,6,6,1,6,3,1,1,0
35,All,Expe1,7,4,1,3,2,0,1,1
35,All,Expe1,7,4,1,4,2,0,1,1
35,All,Expe1,7,4,1,4,4,1,1,0
35,All,Expe1,8,2,3,1,7,0,0,0
35,All,Expe1,8,2,3,2,2,0,1,1
35,All,Expe1,9,5,2,1,5,0,1,1
35,All,Expe1,9,5,2,3,2,0,1,1
35,All,Expe1,9,5,2,4,2,0,1,1
35,All,Expe1,9,5,2,4,3,1,1,0
35,All,Expe1,9,5,2,4,4,1,2,1
35,All,Expe1,9,5,2,4,5,2,2,0
35,All,Expe1,9,5,2,5,2,0,1,1
35,All,Expe1,10,6,2,1,2,0,1,1
35,All,Expe1,10,6,2,1,9,1,1,0
35,All,Expe1,10,6,2,3,2,0,0,0
35,All,Expe1,10,6,2,3,3,0,1,1
35,All,Expe1,10,6,2,5,2,0,1,1
35,All,Expe1,10,6,2,5,3,1,1,0
35,All,Expe1,10,6,2,6,2,0,1,1
35,All,Expe1,11,4,2,4,2,1,0,-1
35,All,Expe1,11,4,2,4,3,0,2,2
35,All,Expe1,12,2,4,2,2,0,1,1
35,All,Expe1,13,2,5,1,7,0,0,0
35,All,Expe1,13,2,5,2,2,0,1,1
35,All,Expe1,14,3,3,1,7,0,1,1
35,All,Expe1,15,3,4,2,3,0,0,0
35,All,Expe1,16,5,3,2,2,1,0,-1
35,All,Expe1,16,5,3,2,4,2,0,-2
35,All,Expe1,16,5,3,3,3,1,0,-1
35,All,Expe1,16,5,3,3,8,2,0,-2
35,All,Expe1,16,5,3,5,2,0,1,1
35,All,Expe1,16,5,3,5,3,1,1,0
35,All,Expe1,17,6,3,2,6,1,0,-1
35,All,Expe1,17,6,3,4,3,0,1,1
35,All,Expe1,17,6,3,5,2,0,1,1
35,All,Expe1,17,6,3,6,2,0,1,1
35,All,Expe1,17,6,3,6,3,1,1,0
35,All,Expe1,17,6,3,6,4,2,1,-1
36,All,Expe1,1,2,1,2,2,0,1,1
36,All,Expe1,1,2,1,2,3,1,1,0
36,All,Expe1,3,2,2,1,2,0,0,0
36,All,Expe1,3,2,2,1,3,0,1,1
36,All,Expe1,4,6,1,1,3,0,0,0
36,All,Expe1,4,6,1,1,4,0,1,1
36,All,Expe1,4,6,1,1,5,1,1,0
36,All,Expe1,4,6,1,3,2,0,0,0
36,All,Expe1,4,6,1,3,3,1,0,-1
36,All,Expe1,4,6,1,3,4,2,0,-2
36,All,Expe1,4,6,1,6,2,1,0,-1
36,All,Expe1,4,6,1,6,3,2,0,-2
36,All,Expe1,5,3,2,1,2,1,0,-1
36,All,Expe1,5,3,2,1,3,0,2,2
36,All,Expe1,5,3,2,3,2,0,0,0
36,All,Expe1,5,3,2,3,3,1,0,-1
36,All,Expe1,6,2,3,1,2,0,0,0
36,All,Expe1,6,2,3,1,5,0,1,1
36,All,Expe1,6,2,3,2,2,0,1,1
36,All,Expe1,6,2,3,2,3,1,1,0
36,All,Expe1,6,2,3,2,6,1,2,1
36,All,Expe1,6,2,3,2,9,2,2,0
36,All,Expe1,7,5,1,1,7,0,0,0
36,All,Expe1,7,5,1,2,2,1,0,-1
36,All,Expe1,7,5,1,2,3,0,2,2
36,All,Expe1,7,5,1,2,6,1,2,1
36,All,Expe1,7,5,1,2,8,2,2,0
36,All,Expe1,7,5,1,3,2,0,1,1
36,All,Expe1,7,5,1,3,4,1,1,0
36,All,Expe1,7,5,1,3,5,1,2,1
36,All,Expe1,7,5,1,3,10,2,2,0
36,All,Expe1,7,5,1,3,13,3,2,-1
36,All,Expe1,7,5,1,4,5,0,1,1
36,All,Expe1,7,5,1,4,12,1,1,0
36,All,Expe1,7,5,1,5,2,1,0,-1
36,All,Expe1,7,5,1,5,3,0,2,2
36,All,Expe1,7,5,1,5,6,1,2,1
36,All,Expe1,7,5,1,5,10,2,2,0
36,All,Expe1,7,5,1,5,12,3,2,-1
36,All,Expe1,8,4,1,1,2,0,1,1
36,All,Expe1,8,4,1,1,3,1,1,0
36,All,Expe1,8,4,1,1,8,1,2,1
36,All,Expe1,8,4,1,2,3,0,1,1
36,All,Expe1,8,4,1,2,6,1,1,0
36,All,Expe1,8,4,1,2,7,1,2,1
36,All,Expe1,8,4,1,3,2,0,1,1
36,All,Expe1,8,4,1,4,3,0,0,0
36,All,Expe1,9,6,2,1,13,0,1,1
36,All,Expe1,9,6,2,2,3,0,1,1
36,All,Expe1,9,6,2,2,4,1,1,0
36,All,Expe1,9,6,2,2,6,1,2,1
36,All,Expe1,9,6,2,2,7,2,2,0
36,All,Expe1,9,6,2,2,8,2,3,1
36,All,Expe1,9,6,2,2,9,3,3,0
36,All,Expe1,9,6,2,2,10,4,3,-1
36,All,Expe1,9,6,2,2,12,5,3,-2
36,All,Expe1,9,6,2,2,13,6,3,-3
36,All,Expe1,9,6,2,2,15,7,3,-4
36,All,Expe1,9,6,2,3,3,0,0,0
36,All,Expe1,9,6,2,3,4,0,1,1
36,All,Expe1,9,6,2,4,2,0,1,1
36,All,Expe1,9,6,2,4,3,1,1,0
36,All,Expe1,9,6,2,4,4,1,2,1
36,All,Expe1,9,6,2,4,5,2,2,0
36,All,Expe1,9,6,2,4,6,3,2,-1
36,All,Expe1,9,6,2,5,3,0,0,0
36,All,Expe1,9,6,2,5,12,1,0,-1
36,All,Expe1,9,6,2,6,2,0,1,1
36,All,Expe1,9,6,2,6,3,1,1,0
36,All,Expe1,9,6,2,6,4,1,2,1
36,All,Expe1,9,6,2,6,8,2,2,0
36,All,Expe1,9,6,2,6,9,3,2,-1
36,All,Expe1,9,6,2,6,11,2,4,2
36,All,Expe1,9,6,2,6,12,3,4,1
36,All,Expe1,9,6,2,6,14,4,4,0
36,All,Expe1,9,6,2,6,15,5,4,-1
36,All,Expe1,10,4,2,1,10,0,0,0
36,All,Expe1,10,4,2,1,14,1,0,-1
36,All,Expe1,10,4,2,1,15,2,0,-2
36,All,Expe1,10,4,2,2,2,0,1,1
36,All,Expe1,10,4,2,2,3,1,1,0
36,All,Expe1,10,4,2,2,4,1,2,1
36,All,Expe1,10,4,2,2,5,2,2,0
36,All,Expe1,10,4,2,4,2,0,1,1
36,All,Expe1,10,4,2,4,3,1,1,0
36,All,Expe1,10,4,2,4,4,2,1,-1
36,All,Expe1,10,4,2,4,5,1,3,2
36,All,Expe1,10,4,2,4,6,3,2,-1
36,All,Expe1,10,4,2,4,7,2,4,2
36,All,Expe1,10,4,2,4,8,4,3,-1
36,All,Expe1,10,4,2,4,11,5,3,-2
36,All,Expe1,10,4,2,4,12,6,3,-3
36,All,Expe1,10,4,2,4,14,7,3,-4
36,All,Expe1,11,5,2,1,10,1,0,-1
36,All,Expe1,11,5,2,2,6,0,0,0
36,All,Expe1,11,5,2,2,7,0,1,1
36,All,Expe1,11,5,2,2,8,1,1,0
36,All,Expe1,11,5,2,2,9,2,1,-1
36,All,Expe1,11,5,2,2,10,3,1,-2
36,All,Expe1,11,5,2,2,12,4,1,-3
36,All,Expe1,11,5,2,2,13,5,1,-4
36,All,Expe1,11,5,2,2,14,6,1,-5
36,All,Expe1,11,5,2,2,15,7,1,-6
36,All,Expe1,11,5,2,3,2,1,0,-1
36,All,Expe1,11,5,2,3,8,2,0,-2
36,All,Expe1,11,5,2,3,13,0,3,3
36,All,Expe1,11,5,2,4,2,0,0,0
36,All,Expe1,11,5,2,4,3,1,0,-1
36,All,Expe1,11,5,2,4,6,0,2,2
36,All,Expe1,11,5,2,4,10,1,2,1
36,All,Expe1,11,5,2,4,11,2,2,0
36,All,Expe1,11,5,2,4,12,3,2,-1
36,All,Expe1,11,5,2,4,13,2,4,2
36,All,Expe1,11,5,2,5,7,0,1,1
36,All,Expe1,11,5,2,5,9,1,1,0
36,All,Expe1,11,5,2,5,12,2,1,-1
36,All,Expe1,11,5,2,5,13,3,1,-2
36,All,Expe1,11,5,2,5,14,1,4,3
36,All,Expe1,11,5,2,5,15,2,4,2
36,All,Expe1,12,2,4,1,5,0,0,0
36,All,Expe1,13,3,3,1,12,0,1,1
36,All,Expe1,14,2,5,2,2,0,1,1
36,All,Expe1,14,2,5,2,6,1,1,0
36,All,Expe1,15,6,3,1,2,0,1,1
36,All,Expe1,15,6,3,1,3,1,1,0
36,All,Expe1,15,6,3,1,4,1,2,1
36,All,Expe1,15,6,3,1,7,2,2,0
36,All,Expe1,15,6,3,2,2,0,0,0
36,All,Expe1,15,6,3,2,5,0,1,1
36,All,Expe1,15,6,3,2,6,1,1,0
36,All,Expe1,15,6,3,2,9,2,1,-1
36,All,Expe1,15,6,3,2,10,3,1,-2
36,All,Expe1,15,6,3,2,11,4,1,-3
36,All,Expe1,15,6,3,3,2,0,0,0
36,All,Expe1,15,6,3,3,4,0,1,1
36,All,Expe1,15,6,3,4,2,1,0,-1
36,All,Expe1,15,6,3,4,3,0,2,2
36,All,Expe1,15,6,3,4,4,2,1,-1
36,All,Expe1,15,6,3,4,5,1,3,2
36,All,Expe1,15,6,3,4,6,2,3,1
36,All,Expe1,15,6,3,4,7,3,3,0
36,All,Expe1,15,6,3,4,8,4,3,-1
36,All,Expe1,15,6,3,4,9,5,3,-2
36,All,Expe1,15,6,3,4,10,3,6,3
36,All,Expe1,15,6,3,4,12,6,4,-2
36,All,Expe1,15,6,3,4,14,4,7,3
36,All,Expe1,15,6,3,5,2,1,0,-1
36,All,Expe1,15,6,3,5,3,2,0,-2
36,All,Expe1,15,6,3,5,4,3,0,-3
36,All,Expe1,15,6,3,5,5,0,4,4
36,All,Expe1,16,3,4,2,2,0,1,1
36,All,Expe1,16,3,4,2,3,1,1,0
36,All,Expe1,16,3,4,2,4,2,1,-1
36,All,Expe1,16,3,4,3,2,0,1,1
36,All,Expe1,16,3,4,3,3,1,1,0
36,All,Expe1,17,2,6,2,5,0,0,0
36,All,Expe1,18,5,3,1,4,1,0,-1
36,All,Expe1,18,5,3,1,5,0,2,2
36,All,Expe1,18,5,3,1,13,1,2,1
36,All,Expe1,18,5,3,3,2,0,0,0
36,All,Expe1,18,5,3,3,5,0,1,1
36,All,Expe1,18,5,3,3,6,1,1,0
36,All,Expe1,18,5,3,3,7,2,1,-1
36,All,Expe1,18,5,3,3,8,1,3,2
36,All,Expe1,18,5,3,4,3,0,0,0
36,All,Expe1,18,5,3,4,4,0,1,1
36,All,Expe1,18,5,3,4,5,1,1,0
36,All,Expe1,18,5,3,4,6,1,2,1
36,All,Expe1,18,5,3,4,7,2,2,0
36,All,Expe1,18,5,3,4,8,2,3,1
36,All,Expe1,18,5,3,4,9,3,3,0
36,All,Expe1,18,5,3,4,10,4,3,-1
37,All,Expe1,1,3,1,3,2,0,1,1
37,All,Expe1,2,6,1,1,2,1,0,-1
37,All,Expe1,2,6,1,1,3,0,2,2
37,All,Expe1,2,6,1,1,4,1,2,1
37,All,Expe1,2,6,1,1,5,2,2,0
37,All,Expe1,2,6,1,1,6,3,2,-1
37,All,Expe1,2,6,1,3,2,0,0,0
37,All,Expe1,2,6,1,3,11,1,0,-1
37,All,Expe1,2,6,1,4,2,0,1,1
37,All,Expe1,2,6,1,4,3,1,1,0
37,All,Expe1,2,6,1,4,4,1,2,1
37,All,Expe1,2,6,1,4,6,2,2,0
37,All,Expe1,2,6,1,4,7,2,3,1
37,All,Expe1,2,6,1,5,2,1,0,-1
37,All,Expe1,2,6,1,5,4,0,2,2
37,All,Expe1,2,6,1,5,5,2,1,-1
37,All,Expe1,2,6,1,5,6,1,3,2
37,All,Expe1,2,6,1,5,7,3,2,-1
37,All,Expe1,2,6,1,5,8,4,2,-2
37,All,Expe1,2,6,1,5,9,5,2,-3
37,All,Expe1,2,6,1,6,2,0,1,1
37,All,Expe1,4,2,2,1,2,0,1,1
37,All,Expe1,5,2,3,1,2,0,1,1
37,All,Expe1,6,4,1,1,2,0,1,1
37,All,Expe1,6,4,1,4,2,0,1,1
37,All,Expe1,7,3,2,1,2,0,1,1
37,All,Expe1,7,3,2,3,9,0,1,1
37,All,Expe1,8,5,1,1,3,0,1,1
37,All,Expe1,8,5,1,2,2,0,1,1
37,All,Expe1,8,5,1,2,3,1,1,0
37,All,Expe1,8,5,1,2,6,1,2,1
37,All,Expe1,8,5,1,2,7,2,2,0
37,All,Expe1,8,5,1,5,3,1,0,-1
37,All,Expe1,8,5,1,5,4,0,2,2
37,All,Expe1,8,5,1,5,5,1,2,1
37,All,Expe1,8,5,1,5,6,2,2,0
37,All,Expe1,8,5,1,5,7,3,2,-1
37,All,Expe1,8,5,1,5,8,2,4,2
37,All,Expe1,9,6,2,1,3,1,0,-1
37,All,Expe1,9,6,2,2,2,0,1,1
37,All,Expe1,9,6,2,2,3,1,1,0
37,All,Expe1,9,6,2,2,4,2,1,-1
37,All,Expe1,9,6,2,3,3,0,0,0
37,All,Expe1,9,6,2,3,4,1,0,-1
37,All,Expe1,9,6,2,3,5,2,0,-2
37,All,Expe1,9,6,2,3,6,3,0,-3
37,All,Expe1,9,6,2,4,2,1,0,-1
37,All,Expe1,9,6,2,4,8,2,0,-2
37,All,Expe1,9,6,2,4,9,0,3,3
37,All,Expe1,9,6,2,4,10,3,1,-2
37,All,Expe1,9,6,2,5,3,0,1,1
37,All,Expe1,9,6,2,5,5,1,1,0
37,All,Expe1,9,6,2,5,6,2,1,-1
37,All,Expe1,9,6,2,5,7,1,3,2
37,All,Expe1,9,6,2,5,8,3,2,-1
37,All,Expe1,9,6,2,6,3,0,1,1
37,All,Expe1,9,6,2,6,5,1,1,0
37,All,Expe1,9,6,2,6,6,1,2,1
37,All,Expe1,9,6,2,6,7,2,2,0
37,All,Expe1,9,6,2,6,9,2,3,1
37,All,Expe1,10,5,2,3,3,0,1,1
37,All,Expe1,10,5,2,3,5,1,1,0
37,All,Expe1,10,5,2,3,6,1,2,1
37,All,Expe1,10,5,2,4,2,1,0,-1
37,All,Expe1,11,4,2,1,2,0,1,1
37,All,Expe1,11,4,2,3,2,0,1,1
37,All,Expe1,11,4,2,3,3,1,1,0
37,All,Expe1,11,4,2,4,8,1,0,-1
37,All,Expe1,12,3,3,1,2,0,1,1
37,All,Expe1,13,6,3,1,2,0,1,1
37,All,Expe1,13,6,3,2,2,0,1,1
37,All,Expe1,13,6,3,5,9,1,0,-1
37,All,Expe1,13,6,3,6,4,1,0,-1
37,All,Expe1,16,2,6,2,3,0,0,0
37,All,Expe1,17,4,3,1,2,0,1,1
37,All,Expe1,17,4,3,2,2,0,1,1
37,All,Expe1,17,4,3,3,2,1,0,-1
37,All,Expe1,17,4,3,3,3,0,2,2
37,All,Expe1,18,3,4,2,2,0,1,1
38,All,Expe1,1,3,1,1,9,0,0,0
38,All,Expe1,1,3,1,2,2,0,1,1
38,All,Expe1,1,3,1,2,4,1,1,0
38,All,Expe1,1,3,1,3,2,0,0,0
38,All,Expe1,1,3,1,3,3,0,1,1
38,All,Expe1,2,2,1,1,2,0,0,0
38,All,Expe1,2,2,1,1,3,0,1,1
38,All,Expe1,2,2,1,1,8,1,1,0
38,All,Expe1,2,2,1,1,9,2,1,-1
38,All,Expe1,2,2,1,2,2,0,1,1
38,All,Expe1,3,6,1,1,2,0,1,1
38,All,Expe1,3,6,1,1,3,1,1,0
38,All,Expe1,3,6,1,1,8,2,1,-1
38,All,Expe1,3,6,1,1,10,3,1,-2
38,All,Expe1,3,6,1,1,12,1,4,3
38,All,Expe1,3,6,1,3,2,0,0,0
38,All,Expe1,3,6,1,3,3,1,0,-1
38,All,Expe1,3,6,1,3,4,2,0,-2
38,All,Expe1,3,6,1,3,5,0,3,3
38,All,Expe1,3,6,1,4,2,1,0,-1
38,All,Expe1,3,6,1,4,3,2,0,-2
38,All,Expe1,3,6,1,4,4,0,3,3
38,All,Expe1,3,6,1,4,7,3,1,-2
38,All,Expe1,3,6,1,4,8,1,4,3
38,All,Expe1,3,6,1,4,9,4,2,-2
38,All,Expe1,3,6,1,5,2,1,0,-1
38,All,Expe1,3,6,1,5,3,2,0,-2
38,All,Expe1,3,6,1,5,4,0,3,3
38,All,Expe1,3,6,1,5,5,3,1,-2
38,All,Expe1,3,6,1,5,7,1,4,3
38,All,Expe1,3,6,1,5,8,2,4,2
38,All,Expe1,3,6,1,5,9,4,3,-1
38,All,Expe1,3,6,1,5,10,3,5,2
38,All,Expe1,3,6,1,5,12,5,4,-1
38,All,Expe1,3,6,1,6,14,0,0,0
38,All,Expe1,4,2,2,2,2,0,1,1
38,All,Expe1,5,5,1,1,4,0,0,0
38,All,Expe1,5,5,1,1,5,0,1,1
38,All,Expe1,5,5,1,1,6,1,1,0
38,All,Expe1,5,5,1,1,7,2,1,-1
38,All,Expe1,5,5,1,1,8,3,1,-2
38,All,Expe1,5,5,1,1,9,4,1,-3
38,All,Expe1,5,5,1,1,10,1,5,4
38,All,Expe1,5,5,1,1,11,2,5,3
38,All,Expe1,5,5,1,1,12,5,3,-2
38,All,Expe1,5,5,1,1,13,6,3,-3
38,All,Expe1,5,5,1,1,14,3,7,4
38,All,Expe1,5,5,1,1,15,4,7,3
38,All,Expe1,5,5,1,2,2,1,0,-1
38,All,Expe1,5,5,1,3,2,1,0,-1
38,All,Expe1,5,5,1,3,3,2,0,-2
38,All,Expe1,5,5,1,3,5,3,0,-3
38,All,Expe1,5,5,1,3,7,4,0,-4
38,All,Expe1,5,5,1,3,8,5,0,-5
38,All,Expe1,5,5,1,3,12,0,6,6
38,All,Expe1,5,5,1,3,13,6,1,-5
38,All,Expe1,5,5,1,3,14,1,7,6
38,All,Expe1,5,5,1,4,3,1,0,-1
38,All,Expe1,5,5,1,4,4,0,2,2
38,All,Expe1,5,5,1,4,5,2,1,-1
38,All,Expe1,5,5,1,4,6,3,1,-2
38,All,Expe1,5,5,1,4,7,1,4,3
38,All,Expe1,5,5,1,4,10,2,4,2
38,All,Expe1,5,5,1,4,11,3,4,1
38,All,Expe1,5,5,1,5,2,0,0,0
38,All,Expe1,5,5,1,5,3,1,0,-1
38,All,Expe1,5,5,1,5,5,2,0,-2
38,All,Expe1,5,5,1,5,7,0,3,3
38,All,Expe1,5,5,1,5,13,1,3,2
38,All,Expe1,6,3,2,2,2,1,0,-1
38,All,Expe1,6,3,2,3,2,0,0,0
38,All,Expe1,6,3,2,3,3,1,0,-1
38,All,Expe1,7,2,3,2,2,0,1,1
38,All,Expe1,8,4,1,1,8,0,0,0
38,All,Expe1,8,4,1,4,2,0,1,1
38,All,Expe1,9,6,2,1,4,1,0,-1
38,All,Expe1,9,6,2,4,2,0,1,1
38,All,Expe1,9,6,2,4,3,1,1,0
38,All,Expe1,9,6,2,4,4,2,1,-1
38,All,Expe1,9,6,2,4,5,1,3,2
38,All,Expe1,9,6,2,4,9,2,3,1
38,All,Expe1,9,6,2,5,2,0,1,1
38,All,Expe1,9,6,2,5,3,1,1,0
38,All,Expe1,9,6,2,5,4,1,2,1
38,All,Expe1,9,6,2,5,6,2,2,0
38,All,Expe1,9,6,2,5,7,3,2,-1
38,All,Expe1,10,5,2,1,3,0,1,1
38,All,Expe1,10,5,2,1,4,1,1,0
38,All,Expe1,10,5,2,1,5,2,1,-1
38,All,Expe1,10,5,2,1,6,3,1,-2
38,All,Expe1,10,5,2,1,7,1,4,3
38,All,Expe1,10,5,2,1,9,2,4,2
38,All,Expe1,10,5,2,3,2,0,1,1
38,All,Expe1,10,5,2,3,3,1,1,0
38,All,Expe1,10,5,2,4,2,1,0,-1
38,All,Expe1,10,5,2,4,3,2,0,-2
38,All,Expe1,10,5,2,4,4,0,3,3
38,All,Expe1,10,5,2,5,2,0,0,0
38,All,Expe1,10,5,2,5,4,1,0,-1
38,All,Expe1,10,5,2,5,5,2,0,-2
38,All,Expe1,10,5,2,5,7,3,0,-3
38,All,Expe1,11,4,2,2,2,0,0,0
38,All,Expe1,11,4,2,2,3,0,1,1
38,All,Expe1,11,4,2,2,4,1,1,0
38,All,Expe1,11,4,2,2,5,1,2,1
38,All,Expe1,11,4,2,3,2,1,0,-1
38,All,Expe1,11,4,2,3,4,0,2,2
38,All,Expe1,11,4,2,3,6,1,2,1
38,All,Expe1,11,4,2,3,8,2,2,0
38,All,Expe1,12,3,3,2,2,1,0,-1
38,All,Expe1,14,6,3,1,3,0,0,0
38,All,Expe1,14,6,3,3,2,0,1,1
38,All,Expe1,14,6,3,3,3,1,1,0
38,All,Expe1,14,6,3,4,2,0,1,1
38,All,Expe1,14,6,3,4,3,1,1,0
38,All,Expe1,14,6,3,4,4,1,2,1
38,All,Expe1,14,6,3,4,5,2,2,0
38,All,Expe1,14,6,3,4,7,2,3,1
38,All,Expe1,14,6,3,5,2,0,0,0
38,All,Expe1,14,6,3,5,3,1,0,-1
38,All,Expe1,14,6,3,5,4,2,0,-2
38,All,Expe1,14,6,3,5,5,3,0,-3
38,All,Expe1,14,6,3,5,6,4,0,-4
38,All,Expe1,14,6,3,6,3,0,0,0
38,All,Expe1,14,6,3,6,10,0,1,1
38,All,Expe1,16,5,3,1,2,0,1,1
38,All,Expe1,16,5,3,1,3,1,1,0
38,All,Expe1,16,5,3,1,4,2,1,-1
38,All,Expe1,16,5,3,1,5,1,3,2
38,All,Expe1,16,5,3,1,9,2,3,1
38,All,Expe1,16,5,3,2,2,1,0,-1
38,All,Expe1,16,5,3,2,3,2,0,-2
38,All,Expe1,16,5,3,2,4,3,0,-3
38,All,Expe1,16,5,3,2,5,0,4,4
38,All,Expe1,16,5,3,3,2,1,0,-1
38,All,Expe1,16,5,3,3,3,2,0,-2
38,All,Expe1,16,5,3,3,4,0,3,3
38,All,Expe1,16,5,3,3,9,3,1,-2
38,All,Expe1,16,5,3,5,3,0,0,0
38,All,Expe1,17,3,4,1,6,1,0,-1
38,All,Expe1,18,2,6,2,9,1,0,-1
39,All,Expe1,1,2,1,1,3,1,0,-1
39,All,Expe1,1,2,1,2,3,0,0,0
39,All,Expe1,1,2,1,2,7,1,0,-1
39,All,Expe1,2,2,2,1,2,0,1,1
39,All,Expe1,2,2,2,2,2,0,1,1
39,All,Expe1,3,3,1,1,2,0,1,1
39,All,Expe1,3,3,1,3,9,0,1,1
39,All,Expe1,4,3,2,1,2,1,0,-1
39,All,Expe1,5,6,1,1,2,0,1,1
39,All,Expe1,5,6,1,1,3,1,1,0
39,All,Expe1,5,6,1,1,4,1,2,1
39,All,Expe1,5,6,1,1,5,2,2,0
39,All,Expe1,5,6,1,3,3,0,1,1
39,All,Expe1,5,6,1,3,10,1,1,0
39,All,Expe1,5,6,1,4,4,1,0,-1
39,All,Expe1,5,6,1,4,5,2,0,-2
39,All,Expe1,5,6,1,4,6,3,0,-3
39,All,Expe1,5,6,1,4,9,0,4,4
39,All,Expe1,5,6,1,4,10,1,4,3
39,All,Expe1,5,6,1,5,2,1,0,-1
39,All,Expe1,5,6,1,5,3,2,0,-2
39,All,Expe1,5,6,1,5,4,0,3,3
39,All,Expe1,5,6,1,5,5,1,3,2
39,All,Expe1,5,6,1,5,7,3,2,-1
39,All,Expe1,5,6,1,5,9,2,4,2
39,All,Expe1,5,6,1,5,10,3,4,1
39,All,Expe1,5,6,1,5,11,4,4,0
39,All,Expe1,6,4,1,1,2,0,1,1
39,All,Expe1,6,4,1,1,3,1,1,0
39,All,Expe1,6,4,1,2,2,0,1,1
39,All,Expe1,6,4,1,3,2,0,1,1
39,All,Expe1,6,4,1,3,3,1,1,0
39,All,Expe1,6,4,1,3,4,1,2,1
39,All,Expe1,7,5,1,2,2,0,1,1
39,All,Expe1,7,5,1,4,2,0,1,1
39,All,Expe1,7,5,1,4,3,1,1,0
39,All,Expe1,7,5,1,4,4,2,1,-1
39,All,Expe1,7,5,1,5,3,0,0,0
39,All,Expe1,8,2,3,1,2,0,1,1
39,All,Expe1,8,2,3,1,5,1,1,0
39,All,Expe1,8,2,3,2,6,0,0,0
39,All,Expe1,9,4,2,2,6,0,1,1
39,All,Expe1,9,4,2,3,2,0,1,1
39,All,Expe1,9,4,2,4,3,0,0,0
39,All,Expe1,10,6,2,2,2,0,1,1
39,All,Expe1,10,6,2,2,3,1,1,0
39,All,Expe1,10,6,2,2,4,2,1,-1
39,All,Expe1,10,6,2,2,5,1,3,2
39,All,Expe1,10,6,2,4,2,1,0,-1
39,All,Expe1,10,6,2,4,3,0,2,2
39,All,Expe1,10,6,2,4,4,1,2,1
39,All,Expe1,10,6,2,4,5,2,2,0
39,All,Expe1,10,6,2,5,2,0,0,0
39,All,Expe1,10,6,2,5,3,0,1,1
39,All,Expe1,10,6,2,5,4,1,1,0
39,All,Expe1,11,5,2,3,2,0,1,1
39,All,Expe1,11,5,2,3,3,1,1,0
39,All,Expe1,11,5,2,3,4,2,1,-1
39,All,Expe1,11,5,2,3,5,1,3,2
39,All,Expe1,11,5,2,3,10,3,2,-1
39,All,Expe1,11,5,2,4,6,0,0,0
39,All,Expe1,11,5,2,5,2,0,1,1
39,All,Expe1,11,5,2,5,3,1,1,0
39,All,Expe1,11,5,2,5,4,1,2,1
39,All,Expe1,11,5,2,5,6,2,2,0
39,All,Expe1,11,5,2,5,7,2,3,1
39,All,Expe1,12,2,4,1,8,0,0,0
39,All,Expe1,12,2,4,2,3,0,0,0
39,All,Expe1,14,3,3,2,2,0,1,1
39,All,Expe1,16,6,3,2,2,0,1,1
39,All,Expe1,16,6,3,3,2,0,0,0
39,All,Expe1,16,6,3,3,7,1,0,-1
39,All,Expe1,17,4,3,1,6,0,0,0
39,All,Expe1,17,4,3,2,3,0,1,1
39,All,Expe1,17,4,3,4,2,0,1,1
39,All,Expe1,18,5,3,1,2,0,1,1
39,All,Expe1,18,5,3,4,2,1,0,-1
39,All,Expe1,18,5,3,4,3,2,0,-2
39,All,Expe1,18,5,3,4,4,0,3,3
39,All,Expe1,18,5,3,5,3,0,1,1
40,All,Expe1,1,2,1,2,2,0,1,1
40,All,Expe1,2,3,1,1,6,0,1,1
40,All,Expe1,2,3,1,2,2,0,1,1
40,All,Expe1,2,3,1,3,2,1,0,-1
40,All,Expe1,2,3,1,3,3,2,0,-2
40,All,Expe1,2,3,1,3,4,0,3,3
40,All,Expe1,6,2,3,2,2,0,1,1
40,All,Expe1,7,6,1,1,2,0,1,1
40,All,Expe1,7,6,1,2,2,0,0,0
40,All,Expe1,7,6,1,2,3,0,1,1
40,All,Expe1,7,6,1,2,4,1,1,0
40,All,Expe1,7,6,1,2,5,2,1,-1
40,All,Expe1,7,6,1,2,6,1,3,2
40,All,Expe1,7,6,1,2,11,3,2,-1
40,All,Expe1,7,6,1,3,3,0,0,0
40,All,Expe1,7,6,1,5,2,1,0,-1
40,All,Expe1,7,6,1,5,3,0,2,2
40,All,Expe1,7,6,1,6,2,0,1,1
40,All,Expe1,7,6,1,6,3,1,1,0
40,All,Expe1,7,6,1,6,5,1,2,1
40,All,Expe1,7,6,1,6,6,2,2,0
40,All,Expe1,8,5,1,1,2,0,1,1
40,All,Expe1,8,5,1,1,3,1,1,0
40,All,Expe1,8,5,1,2,12,0,1,1
40,All,Expe1,8,5,1,3,2,0,1,1
40,All,Expe1,8,5,1,3,3,1,1,0
40,All,Expe1,8,5,1,3,4,2,1,-1
40,All,Expe1,8,5,1,3,6,3,1,-2
40,All,Expe1,8,5,1,4,2,0,1,1
40,All,Expe1,8,5,1,5,2,0,1,1
40,All,Expe1,8,5,1,5,6,1,1,0
40,All,Expe1,8,5,1,5,9,2,1,-1
40,All,Expe1,9,4,2,3,2,0,1,1
40,All,Expe1,9,4,2,4,2,0,1,1
40,All,Expe1,10,6,2,2,4,0,1,1
40,All,Expe1,10,6,2,3,2,1,0,-1
40,All,Expe1,10,6,2,3,4,0,2,2
40,All,Expe1,10,6,2,4,4,0,1,1
40,All,Expe1,10,6,2,4,9,1,1,0
40,All,Expe1,10,6,2,5,2,0,1,1
40,All,Expe1,10,6,2,6,2,0,1,1
40,All,Expe1,10,6,2,6,3,1,1,0
40,All,Expe1,10,6,2,6,4,2,1,-1
40,All,Expe1,10,6,2,6,5,3,1,-2
40,All,Expe1,11,5,2,1,5,0,0,0
40,All,Expe1,11,5,2,2,3,0,0,0
40,All,Expe1,11,5,2,3,4,0,1,1
40,All,Expe1,11,5,2,4,4,0,0,0
40,All,Expe1,11,5,2,5,2,0,1,1
40,All,Expe1,12,2,4,2,2,0,1,1
40,All,Expe1,13,3,3,3,2,0,1,1
40,All,Expe1,13,3,3,3,3,1,1,0
40,All,Expe1,13,3,3,3,6,2,1,-1
40,All,Expe1,14,2,5,1,7,0,0,0
40,All,Expe1,15,4,3,1,6,0,0,0
40,All,Expe1,15,4,3,2,2,1,0,-1
40,All,Expe1,15,4,3,2,3,0,2,2
40,All,Expe1,15,4,3,4,2,1,0,-1
40,All,Expe1,15,4,3,4,3,0,2,2
40,All,Expe1,16,3,4,2,2,0,1,1
40,All,Expe1,17,2,6,2,2,0,1,1
40,All,Expe1,17,2,6,2,5,1,1,0
40,All,Expe1,18,6,3,1,3,0,0,0
40,All,Expe1,18,6,3,1,4,1,0,-1
40,All,Expe1,18,6,3,1,5,0,2,2
40,All,Expe1,18,6,3,3,3,0,1,1
40,All,Expe1,18,6,3,4,3,0,0,0
40,All,Expe1,18,6,3,4,4,1,0,-1
40,All,Expe1,18,6,3,4,5,2,0,-2
40,All,Expe1,18,6,3,4,6,0,3,3
40,All,Expe1,18,6,3,4,8,1,3,2
40,All,Expe1,18,6,3,5,2,0,1,1
40,All,Expe1,18,6,3,5,3,1,1,0
40,All,Expe1,18,6,3,5,4,1,2,1
40,All,Expe1,18,6,3,6,8,0,1,1
41,All,Expe1,1,3,1,1,6,0,1,1
41,All,Expe1,1,3,1,2,2,0,1,1
41,All,Expe1,4,2,2,2,2,0,1,1
41,All,Expe1,6,5,1,1,2,0,1,1
41,All,Expe1,6,5,1,3,4,1,0,-1
41,All,Expe1,6,5,1,5,2,0,1,1
41,All,Expe1,6,5,1,5,3,1,1,0
41,All,Expe1,6,5,1,5,4,1,2,1
41,All,Expe1,8,6,1,1,5,0,1,1
41,All,Expe1,8,6,1,2,2,0,1,1
41,All,Expe1,8,6,1,3,7,1,0,-1
41,All,Expe1,8,6,1,5,2,0,1,1
41,All,Expe1,8,6,1,5,3,1,1,0
41,All,Expe1,8,6,1,5,4,1,2,1
41,All,Expe1,8,6,1,6,3,0,1,1
41,All,Expe1,9,4,2,1,8,0,0,0
41,All,Expe1,9,4,2,2,2,0,1,1
41,All,Expe1,11,5,2,3,2,0,1,1
41,All,Expe1,11,5,2,4,2,0,1,1
41,All,Expe1,12,3,3,2,2,0,1,1
41,All,Expe1,13,4,3,1,2,0,1,1
41,All,Expe1,15,2,5,2,2,0,1,1
41,All,Expe1,16,2,6,1,2,0,1,1
41,All,Expe1,17,5,3,1,2,0,1,1
41,All,Expe1,17,5,3,2,2,0,1,1
42,All,Expe1,1,4,1,2,3,0,1,1
42,All,Expe1,1,4,1,2,5,1,1,0
42,All,Expe1,1,4,1,2,6,1,2,1
42,All,Expe1,1,4,1,3,3,1,0,-1
42,All,Expe1,2,2,1,1,2,0,1,1
42,All,Expe1,3,3,1,2,2,0,1,1
42,All,Expe1,4,5,1,3,2,1,0,-1
42,All,Expe1,4,5,1,3,3,2,0,-2
42,All,Expe1,4,5,1,3,4,0,3,3
42,All,Expe1,4,5,1,4,2,1,0,-1
42,All,Expe1,4,5,1,4,3,2,0,-2
42,All,Expe1,4,5,1,4,5,0,3,3
42,All,Expe1,6,6,1,1,3,0,0,0
42,All,Expe1,6,6,1,2,3,0,1,1
42,All,Expe1,6,6,1,3,2,0,1,1
42,All,Expe1,6,6,1,4,2,0,1,1
42,All,Expe1,6,6,1,4,5,1,1,0
42,All,Expe1,6,6,1,4,6,1,2,1
42,All,Expe1,6,6,1,5,3,0,0,0
42,All,Expe1,6,6,1,5,4,1,0,-1
42,All,Expe1,6,6,1,5,5,2,0,-2
42,All,Expe1,7,2,3,1,5,1,0,-1
42,All,Expe1,7,2,3,2,8,0,0,0
42,All,Expe1,8,3,2,1,5,1,0,-1
42,All,Expe1,8,3,2,2,2,0,1,1
42,All,Expe1,8,3,2,3,3,0,0,0
42,All,Expe1,10,4,2,1,3,1,0,-1
42,All,Expe1,10,4,2,1,6,2,0,-2
42,All,Expe1,10,4,2,2,4,1,0,-1
42,All,Expe1,10,4,2,2,6,0,2,2
42,All,Expe1,10,4,2,3,3,0,0,0
42,All,Expe1,10,4,2,3,4,1,0,-1
42,All,Expe1,10,4,2,3,5,2,0,-2
42,All,Expe1,10,4,2,4,4,0,0,0
42,All,Expe1,10,4,2,4,5,0,1,1
42,All,Expe1,11,6,2,1,4,1,0,-1
42,All,Expe1,11,6,2,2,2,1,0,-1
42,All,Expe1,11,6,2,2,3,0,2,2
42,All,Expe1,11,6,2,2,5,1,2,1
42,All,Expe1,11,6,2,2,6,2,2,0
42,All,Expe1,11,6,2,3,2,0,0,0
42,All,Expe1,11,6,2,3,3,0,1,1
42,All,Expe1,11,6,2,3,4,1,1,0
42,All,Expe1,11,6,2,3,5,2,1,-1
42,All,Expe1,11,6,2,3,6,1,3,2
42,All,Expe1,11,6,2,4,2,0,1,1
42,All,Expe1,12,4,3,1,3,0,1,1
42,All,Expe1,12,4,3,2,2,0,1,1
42,All,Expe1,12,4,3,3,2,0,1,1
42,All,Expe1,12,4,3,4,2,0,1,1
42,All,Expe1,13,2,4,1,2,0,1,1
42,All,Expe1,14,3,3,3,2,0,1,1
42,All,Expe1,15,5,3,1,3,0,1,1
42,All,Expe1,15,5,3,2,2,0,1,1
42,All,Expe1,16,2,5,1,2,0,1,1
42,All,Expe1,17,6,3,1,8,0,0,0
42,All,Expe1,17,6,3,2,2,0,1,1
42,All,Expe1,17,6,3,2,3,1,1,0
42,All,Expe1,17,6,3,3,2,1,0,-1
42,All,Expe1,17,6,3,4,2,0,1,1
42,All,Expe1,17,6,3,4,3,1,1,0
42,All,Expe1,17,6,3,6,2,0,0,0
43,All,Expe1,1,2,1,1,2,0,0,0
43,All,Expe1,1,2,1,1,3,0,1,1
43,All,Expe1,1,2,1,1,4,1,1,0
43,All,Expe1,2,5,1,1,2,0,1,1
43,All,Expe1,2,5,1,1,3,1,1,0
43,All,Expe1,2,5,1,2,2,1,0,-1
43,All,Expe1,2,5,1,4,2,1,0,-1
43,All,Expe1,2,5,1,4,3,0,2,2
43,All,Expe1,2,5,1,5,2,0,1,1
43,All,Expe1,2,5,1,5,4,1,1,0
43,All,Expe1,2,5,1,5,8,2,1,-1
43,All,Expe1,3,4,1,2,2,0,1,1
43,All,Expe1,3,4,1,2,3,1,1,0
43,All,Expe1,3,4,1,2,4,1,2,1
43,All,Expe1,3,4,1,2,5,2,2,0
43,All,Expe1,3,4,1,2,6,2,3,1
43,All,Expe1,3,4,1,2,7,3,3,0
43,All,Expe1,3,4,1,3,2,0,1,1
43,All,Expe1,3,4,1,3,5,1,1,0
43,All,Expe1,3,4,1,4,9,0,1,1
43,All,Expe1,4,6,1,1,3,0,0,0
43,All,Expe1,4,6,1,2,3,0,1,1
43,All,Expe1,4,6,1,2,4,1,1,0
43,All,Expe1,4,6,1,2,7,1,2,1
43,All,Expe1,4,6,1,2,9,2,2,0
43,All,Expe1,4,6,1,2,12,2,3,1
43,All,Expe1,4,6,1,3,3,1,0,-1
43,All,Expe1,4,6,1,3,7,2,0,-2
43,All,Expe1,4,6,1,3,9,3,0,-3
43,All,Expe1,4,6,1,3,11,0,4,4
43,All,Expe1,4,6,1,3,12,4,1,-3
43,All,Expe1,4,6,1,3,14,5,1,-4
43,All,Expe1,4,6,1,4,2,1,0,-1
43,All,Expe1,4,6,1,4,3,0,2,2
43,All,Expe1,4,6,1,5,3,1,0,-1
43,All,Expe1,4,6,1,5,9,2,0,-2
43,All,Expe1,4,6,1,6,2,0,1,1
43,All,Expe1,4,6,1,6,5,1,1,0
43,All,Expe1,4,6,1,6,6,2,1,-1
43,All,Expe1,4,6,1,6,9,1,3,2
43,All,Expe1,5,3,1,1,2,0,1,1
43,All,Expe1,5,3,1,1,3,1,1,0
43,All,Expe1,5,3,1,2,2,0,0,0
43,All,Expe1,5,3,1,3,2,0,1,1
43,All,Expe1,5,3,1,3,7,1,1,0
43,All,Expe1,6,3,2,1,2,0,1,1
43,All,Expe1,6,3,2,1,3,1,1,0
43,All,Expe1,6,3,2,3,2,0,1,1
43,All,Expe1,6,3,2,3,6,1,1,0
43,All,Expe1,8,2,3,1,2,0,1,1
43,All,Expe1,9,5,2,4,4,0,0,0
43,All,Expe1,10,6,2,2,2,0,0,0
43,All,Expe1,10,6,2,3,9,1,0,-1
43,All,Expe1,10,6,2,5,3,0,1,1
43,All,Expe1,11,4,2,2,6,0,0,0
43,All,Expe1,11,4,2,3,2,0,1,1
43,All,Expe1,11,4,2,3,3,1,1,0
43,All,Expe1,11,4,2,3,4,1,2,1
43,All,Expe1,11,4,2,3,5,2,2,0
43,All,Expe1,11,4,2,4,2,0,1,1
43,All,Expe1,11,4,2,4,3,1,1,0
43,All,Expe1,11,4,2,4,4,1,2,1
43,All,Expe1,11,4,2,4,5,2,2,0
43,All,Expe1,13,5,3,1,3,0,1,1
43,All,Expe1,13,5,3,2,2,0,1,1
43,All,Expe1,13,5,3,3,2,0,1,1
43,All,Expe1,13,5,3,3,3,1,1,0
43,All,Expe1,13,5,3,3,6,2,1,-1
43,All,Expe1,13,5,3,3,8,1,3,2
43,All,Expe1,13,5,3,4,3,1,0,-1
43,All,Expe1,13,5,3,5,3,0,1,1
43,All,Expe1,13,5,3,5,5,1,1,0
43,All,Expe1,13,5,3,5,6,1,2,1
43,All,Expe1,14,4,3,1,2,0,0,0
43,All,Expe1,14,4,3,1,4,1,0,-1
43,All,Expe1,14,4,3,2,2,0,1,1
43,All,Expe1,14,4,3,2,3,1,1,0
43,All,Expe1,14,4,3,2,4,1,2,1
43,All,Expe1,14,4,3,2,6,2,2,0
43,All,Expe1,14,4,3,2,7,3,2,-1
43,All,Expe1,14,4,3,3,2,0,0,0
43,All,Expe1,14,4,3,3,3,1,0,-1
43,All,Expe1,14,4,3,3,11,2,0,-2
43,All,Expe1,15,6,3,1,2,0,1,1
43,All,Expe1,15,6,3,1,3,1,1,0
43,All,Expe1,15,6,3,1,4,1,2,1
43,All,Expe1,15,6,3,1,6,2,2,0
43,All,Expe1,15,6,3,1,8,2,3,1
43,All,Expe1,15,6,3,2,3,0,1,1
43,All,Expe1,15,6,3,2,9,1,1,0
43,All,Expe1,15,6,3,2,10,1,2,1
43,All,Expe1,15,6,3,2,11,2,2,0
43,All,Expe1,15,6,3,2,12,2,3,1
43,All,Expe1,15,6,3,3,2,0,1,1
43,All,Expe1,15,6,3,3,3,1,1,0
43,All,Expe1,15,6,3,3,4,1,2,1
43,All,Expe1,15,6,3,3,7,2,2,0
43,All,Expe1,15,6,3,3,8,3,2,-1
43,All,Expe1,15,6,3,4,2,0,1,1
43,All,Expe1,15,6,3,4,6,1,1,0
43,All,Expe1,15,6,3,4,7,2,1,-1
43,All,Expe1,15,6,3,5,2,1,0,-1
43,All,Expe1,15,6,3,5,3,0,2,2
43,All,Expe1,15,6,3,5,5,1,2,1
43,All,Expe1,15,6,3,5,6,2,2,0
43,All,Expe1,15,6,3,5,7,2,3,1
43,All,Expe1,15,6,3,5,8,3,3,0
43,All,Expe1,15,6,3,5,9,4,3,-1
43,All,Expe1,15,6,3,5,10,5,3,-2
43,All,Expe1,15,6,3,5,12,6,3,-3
43,All,Expe1,15,6,3,5,14,3,7,4
43,All,Expe1,15,6,3,5,15,4,7,3
43,All,Expe1,15,6,3,6,2,0,1,1
43,All,Expe1,15,6,3,6,3,1,1,0
43,All,Expe1,15,6,3,6,11,2,1,-1
43,All,Expe1,16,3,3,1,2,0,1,1
43,All,Expe1,17,3,4,1,2,0,0,0
43,All,Expe1,17,3,4,3,2,0,1,1
43,All,Expe1,18,2,5,1,2,0,1,1
43,All,Expe1,18,2,5,2,2,0,1,1
44,All,Expe1,1,5,1,1,2,1,0,-1
44,All,Expe1,1,5,1,1,11,0,2,2
44,All,Expe1,1,5,1,1,12,1,2,1
44,All,Expe1,1,5,1,2,2,0,1,1
44,All,Expe1,1,5,1,2,3,1,1,0
44,All,Expe1,1,5,1,2,4,1,2,1
44,All,Expe1,1,5,1,2,5,2,2,0
44,All,Expe1,1,5,1,2,7,3,2,-1
44,All,Expe1,1,5,1,2,8,2,4,2
44,All,Expe1,1,5,1,2,9,3,4,1
44,All,Expe1,1,5,1,2,10,4,4,0
44,All,Expe1,1,5,1,2,11,4,5,1
44,All,Expe1,1,5,1,2,12,5,5,0
44,All,Expe1,1,5,1,2,13,5,6,1
44,All,Expe1,1,5,1,2,14,6,6,0
44,All,Expe1,1,5,1,2,15,6,7,1
44,All,Expe1,1,5,1,3,2,0,1,1
44,All,Expe1,1,5,1,3,3,1,1,0
44,All,Expe1,1,5,1,3,4,1,2,1
44,All,Expe1,1,5,1,3,5,2,2,0
44,All,Expe1,1,5,1,3,7,2,3,1
44,All,Expe1,1,5,1,3,8,3,3,0
44,All,Expe1,1,5,1,3,9,4,3,-1
44,All,Expe1,1,5,1,3,11,3,5,2
44,All,Expe1,1,5,1,3,12,5,4,-1
44,All,Expe1,1,5,1,3,13,6,4,-2
44,All,Expe1,1,5,1,3,14,4,7,3
44,All,Expe1,1,5,1,4,2,0,1,1
44,All,Expe1,1,5,1,5,2,1,0,-1
44,All,Expe1,1,5,1,5,3,0,2,2
44,All,Expe1,1,5,1,5,4,2,1,-1
44,All,Expe1,1,5,1,5,5,1,3,2
44,All,Expe1,1,5,1,5,8,3,2,-1
44,All,Expe1,1,5,1,5,9,4,2,-2
44,All,Expe1,1,5,1,5,11,2,5,3
44,All,Expe1,2,6,1,1,2,0,1,1
44,All,Expe1,2,6,1,1,3,1,1,0
44,All,Expe1,2,6,1,1,4,1,2,1
44,All,Expe1,2,6,1,1,6,2,2,0
44,All,Expe1,2,6,1,2,3,0,0,0
44,All,Expe1,2,6,1,2,4,1,0,-1
44,All,Expe1,2,6,1,2,5,2,0,-2
44,All,Expe1,2,6,1,2,6,3,0,-3
44,All,Expe1,2,6,1,2,7,4,0,-4
44,All,Expe1,2,6,1,3,2,0,1,1
44,All,Expe1,2,6,1,3,3,1,1,0
44,All,Expe1,2,6,1,3,4,1,2,1
44,All,Expe1,2,6,1,4,3,1,0,-1
44,All,Expe1,2,6,1,4,4,0,2,2
44,All,Expe1,2,6,1,4,5,2,1,-1
44,All,Expe1,2,6,1,4,6,1,3,2
44,All,Expe1,2,6,1,4,7,3,2,-1
44,All,Expe1,2,6,1,4,8,2,4,2
44,All,Expe1,2,6,1,4,9,3,4,1
44,All,Expe1,2,6,1,4,10,4,4,0
44,All,Expe1,2,6,1,4,12,5,4,-1
44,All,Expe1,2,6,1,6,2,0,1,1
44,All,Expe1,2,6,1,6,3,1,1,0
44,All,Expe1,2,6,1,6,5,1,2,1
44,All,Expe1,2,6,1,6,6,2,2,0
44,All,Expe1,2,6,1,6,10,3,2,-1
44,All,Expe1,2,6,1,6,13,4,2,-2
44,All,Expe1,3,2,1,1,9,1,0,-1
44,All,Expe1,4,3,1,1,2,0,1,1
44,All,Expe1,4,3,1,1,4,1,1,0
44,All,Expe1,4,3,1,2,2,0,1,1
44,All,Expe1,4,3,1,3,9,0,1,1
44,All,Expe1,5,4,1,2,2,0,1,1
44,All,Expe1,5,4,1,2,6,1,1,0
44,All,Expe1,5,4,1,4,2,1,0,-1
44,All,Expe1,5,4,1,4,3,0,2,2
44,All,Expe1,5,4,1,4,6,1,2,1
44,All,Expe1,5,4,1,4,8,2,2,0
44,All,Expe1,6,2,2,2,2,0,1,1
44,All,Expe1,8,2,3,1,6,1,0,-1
44,All,Expe1,8,2,3,2,6,0,1,1
44,All,Expe1,9,5,2,1,3,1,0,-1
44,All,Expe1,9,5,2,1,5,2,0,-2
44,All,Expe1,9,5,2,1,6,0,3,3
44,All,Expe1,9,5,2,2,3,1,0,-1
44,All,Expe1,9,5,2,2,4,0,2,2
44,All,Expe1,9,5,2,2,5,2,1,-1
44,All,Expe1,9,5,2,2,6,1,3,2
44,All,Expe1,9,5,2,2,8,2,3,1
44,All,Expe1,9,5,2,4,2,1,0,-1
44,All,Expe1,9,5,2,4,3,2,0,-2
44,All,Expe1,9,5,2,4,4,0,3,3
44,All,Expe1,9,5,2,4,6,1,3,2
44,All,Expe1,9,5,2,4,9,3,2,-1
44,All,Expe1,9,5,2,5,2,0,1,1
44,All,Expe1,9,5,2,5,3,1,1,0
44,All,Expe1,9,5,2,5,5,2,1,-1
44,All,Expe1,9,5,2,5,6,3,1,-2
44,All,Expe1,9,5,2,5,9,4,1,-3
44,All,Expe1,10,6,2,1,4,0,0,0
44,All,Expe1,10,6,2,2,3,0,1,1
44,All,Expe1,10,6,2,2,4,1,1,0
44,All,Expe1,10,6,2,3,3,0,0,0
44,All,Expe1,10,6,2,3,5,1,0,-1
44,All,Expe1,10,6,2,3,6,2,0,-2
44,All,Expe1,10,6,2,4,7,1,0,-1
44,All,Expe1,10,6,2,4,8,0,2,2
44,All,Expe1,10,6,2,4,9,1,2,1
44,All,Expe1,10,6,2,4,10,2,2,0
44,All,Expe1,10,6,2,4,11,3,2,-1
44,All,Expe1,10,6,2,4,12,4,2,-2
44,All,Expe1,10,6,2,4,13,5,2,-3
44,All,Expe1,10,6,2,4,14,2,6,4
44,All,Expe1,10,6,2,4,15,6,3,-3
44,All,Expe1,10,6,2,6,2,0,0,0
44,All,Expe1,10,6,2,6,3,0,1,1
44,All,Expe1,10,6,2,6,4,1,1,0
44,All,Expe1,10,6,2,6,5,1,2,1
44,All,Expe1,10,6,2,6,7,2,2,0
44,All,Expe1,10,6,2,6,8,2,3,1
44,All,Expe1,10,6,2,6,9,3,3,0
44,All,Expe1,10,6,2,6,10,4,3,-1
44,All,Expe1,10,6,2,6,13,5,3,-2
44,All,Expe1,10,6,2,6,14,6,3,-3
44,All,Expe1,11,4,2,1,2,0,1,1
44,All,Expe1,11,4,2,1,3,1,1,0
44,All,Expe1,11,4,2,1,4,1,2,1
44,All,Expe1,11,4,2,3,2,0,1,1
44,All,Expe1,11,4,2,3,3,1,1,0
44,All,Expe1,11,4,2,3,5,2,1,-1
44,All,Expe1,12,5,3,2,3,1,0,-1
44,All,Expe1,12,5,3,3,2,0,1,1
44,All,Expe1,12,5,3,3,4,1,1,0
44,All,Expe1,12,5,3,3,6,2,1,-1
44,All,Expe1,12,5,3,4,2,1,0,-1
44,All,Expe1,12,5,3,4,3,0,2,2
44,All,Expe1,13,6,3,2,3,0,1,1
44,All,Expe1,13,6,3,3,2,0,1,1
44,All,Expe1,13,6,3,3,3,1,1,0
44,All,Expe1,13,6,3,3,4,1,2,1
44,All,Expe1,13,6,3,3,5,2,2,0
44,All,Expe1,13,6,3,3,6,2,3,1
44,All,Expe1,13,6,3,3,7,3,3,0
44,All,Expe1,13,6,3,3,8,4,3,-1
44,All,Expe1,13,6,3,3,9,3,5,2
44,All,Expe1,13,6,3,3,10,5,4,-1
44,All,Expe1,13,6,3,3,11,4,6,2
44,All,Expe1,13,6,3,3,12,6,5,-1
44,All,Expe1,13,6,3,3,13,7,5,-2
44,All,Expe1,13,6,3,3,15,5,8,3
44,All,Expe1,14,2,4,1,12,0,1,1
44,All,Expe1,15,3,3,1,2,0,1,1
44,All,Expe1,15,3,3,2,6,1,0,-1
44,All,Expe1,16,4,3,2,2,0,1,1
44,All,Expe1,16,4,3,2,3,1,1,0
44,All,Expe1,16,4,3,2,5,2,1,-1
44,All,Expe1,16,4,3,2,7,3,1,-2
44,All,Expe1,16,4,3,2,8,4,1,-3
44,All,Expe1,16,4,3,3,4,1,0,-1
44,All,Expe1,16,4,3,3,6,2,0,-2
44,All,Expe1,16,4,3,3,7,0,3,3
44,All,Expe1,16,4,3,4,2,0,0,0
44,All,Expe1,16,4,3,4,3,1,0,-1
44,All,Expe1,16,4,3,4,4,2,0,-2
44,All,Expe1,16,4,3,4,5,3,0,-3
44,All,Expe1,16,4,3,4,6,4,0,-4
44,All,Expe1,17,2,5,1,2,0,1,1
44,All,Expe1,18,3,4,2,2,0,1,1
45,All,Expe1,1,6,1,1,2,1,0,-1
45,All,Expe1,1,6,1,2,2,1,0,-1
45,All,Expe1,1,6,1,2,4,2,0,-2
45,All,Expe1,1,6,1,2,11,3,0,-3
45,All,Expe1,1,6,1,6,2,0,0,0
45,All,Expe1,3,5,1,1,2,0,1,1
45,All,Expe1,3,5,1,3,2,0,1,1
45,All,Expe1,5,2,2,1,2,0,1,1
45,All,Expe1,5,2,2,2,2,0,1,1
45,All,Expe1,8,3,2,1,2,1,0,-1
45,All,Expe1,8,3,2,1,3,0,2,2
45,All,Expe1,8,3,2,2,2,0,1,1
45,All,Expe1,9,5,2,1,2,0,1,1
45,All,Expe1,9,5,2,1,3,1,1,0
45,All,Expe1,9,5,2,1,4,1,2,1
45,All,Expe1,9,5,2,4,6,1,0,-1
45,All,Expe1,10,6,2,2,2,0,1,1
45,All,Expe1,10,6,2,6,2,0,0,0
45,All,Expe1,11,4,2,1,2,0,1,1
45,All,Expe1,11,4,2,2,2,0,1,1
45,All,Expe1,12,6,3,1,2,1,0,-1
45,All,Expe1,12,6,3,2,2,0,0,0
45,All,Expe1,12,6,3,2,3,1,0,-1
45,All,Expe1,12,6,3,2,5,2,0,-2
45,All,Expe1,12,6,3,2,9,3,0,-3
45,All,Expe1,12,6,3,3,2,1,0,-1
45,All,Expe1,12,6,3,3,4,0,2,2
45,All,Expe1,14,5,3,1,2,0,1,1
45,All,Expe1,14,5,3,4,2,1,0,-1
45,All,Expe1,14,5,3,4,3,0,2,2
45,All,Expe1,17,2,6,1,2,0,1,1
45,All,Expe1,18,4,3,1,2,0,1,1
45,All,Expe1,18,4,3,1,5,1,1,0
45,All,Expe1,18,4,3,1,9,2,1,-1
46,All,Expe1,1,2,1,2,2,0,1,1
46,All,Expe1,2,3,1,3,2,0,1,1
46,All,Expe1,3,6,1,1,2,1,0,-1
46,All,Expe1,3,6,1,2,2,0,0,0
46,All,Expe1,3,6,1,2,3,1,0,-1
46,All,Expe1,3,6,1,2,8,2,0,-2
46,All,Expe1,3,6,1,4,7,1,0,-1
46,All,Expe1,3,6,1,4,9,2,0,-2
46,All,Expe1,3,6,1,4,10,3,0,-3
46,All,Expe1,3,6,1,4,12,4,0,-4
46,All,Expe1,3,6,1,5,2,0,1,1
46,All,Expe1,4,3,2,1,6,0,0,0
46,All,Expe1,4,3,2,2,2,0,1,1
46,All,Expe1,5,2,2,1,2,0,1,1
46,All,Expe1,5,2,2,2,2,0,1,1
46,All,Expe1,7,5,1,1,2,1,0,-1
46,All,Expe1,7,5,1,1,6,2,0,-2
46,All,Expe1,7,5,1,2,6,0,0,0
46,All,Expe1,7,5,1,3,2,0,1,1
46,All,Expe1,7,5,1,3,3,1,1,0
46,All,Expe1,7,5,1,3,5,2,1,-1
46,All,Expe1,7,5,1,5,2,0,1,1
46,All,Expe1,7,5,1,5,3,1,1,0
46,All,Expe1,7,5,1,5,4,2,1,-1
46,All,Expe1,7,5,1,5,6,3,1,-2
46,All,Expe1,7,5,1,5,10,4,1,-3
46,All,Expe1,8,4,1,1,2,0,1,1
46,All,Expe1,8,4,1,1,3,1,1,0
46,All,Expe1,8,4,1,1,4,2,1,-1
46,All,Expe1,8,4,1,3,2,0,1,1
46,All,Expe1,8,4,1,4,2,0,1,1
46,All,Expe1,9,6,2,1,2,0,1,1
46,All,Expe1,9,6,2,1,3,1,1,0
46,All,Expe1,9,6,2,1,4,1,2,1
46,All,Expe1,9,6,2,2,2,0,1,1
46,All,Expe1,9,6,2,2,3,1,1,0
46,All,Expe1,9,6,2,2,6,2,1,-1
46,All,Expe1,9,6,2,3,2,0,1,1
46,All,Expe1,9,6,2,3,3,1,1,0
46,All,Expe1,9,6,2,3,5,1,2,1
46,All,Expe1,9,6,2,3,6,2,2,0
46,All,Expe1,9,6,2,3,7,2,3,1
46,All,Expe1,9,6,2,3,8,3,3,0
46,All,Expe1,9,6,2,3,10,3,4,1
46,All,Expe1,9,6,2,3,11,4,4,0
46,All,Expe1,9,6,2,4,2,0,0,0
46,All,Expe1,9,6,2,4,3,0,1,1
46,All,Expe1,9,6,2,4,4,1,1,0
46,All,Expe1,9,6,2,4,5,1,2,1
46,All,Expe1,9,6,2,4,6,2,2,0
46,All,Expe1,9,6,2,4,7,2,3,1
46,All,Expe1,9,6,2,4,8,3,3,0
46,All,Expe1,9,6,2,4,9,3,4,1
46,All,Expe1,9,6,2,5,6,1,0,-1
46,All,Expe1,9,6,2,5,8,0,2,2
46,All,Expe1,11,4,2,1,9,1,0,-1
46,All,Expe1,11,4,2,2,2,0,1,1
46,All,Expe1,11,4,2,2,3,1,1,0
46,All,Expe1,11,4,2,3,2,0,1,1
46,All,Expe1,11,4,2,3,3,1,1,0
46,All,Expe1,11,4,2,3,6,1,2,1
46,All,Expe1,11,4,2,4,2,0,1,1
46,All,Expe1,12,2,4,1,2,0,1,1
46,All,Expe1,13,3,3,1,2,0,1,1
46,All,Expe1,13,3,3,1,3,1,1,0
46,All,Expe1,13,3,3,2,2,0,1,1
46,All,Expe1,13,3,3,3,2,0,1,1
46,All,Expe1,13,3,3,3,4,1,1,0
46,All,Expe1,13,3,3,3,9,2,1,-1
46,All,Expe1,14,6,3,1,4,1,0,-1
46,All,Expe1,14,6,3,2,3,0,0,0
46,All,Expe1,14,6,3,2,6,1,0,-1
46,All,Expe1,14,6,3,2,8,2,0,-2
46,All,Expe1,14,6,3,5,2,0,1,1
46,All,Expe1,14,6,3,6,3,0,0,0
46,All,Expe1,14,6,3,6,4,1,0,-1
46,All,Expe1,14,6,3,6,5,2,0,-2
46,All,Expe1,17,2,6,1,5,0,1,1
46,All,Expe1,18,5,3,3,4,0,1,1
47,All,Expe1,1,3,1,1,2,0,1,1
47,All,Expe1,1,3,1,1,4,1,1,0
47,All,Expe1,1,3,1,1,5,2,1,-1
47,All,Expe1,1,3,1,1,8,3,1,-2
47,All,Expe1,1,3,1,3,2,0,1,1
47,All,Expe1,1,3,1,3,3,1,1,0
47,All,Expe1,1,3,1,3,4,1,2,1
47,All,Expe1,2,3,2,1,7,1,0,-1
47,All,Expe1,5,6,1,1,2,0,0,0
47,All,Expe1,5,6,1,1,3,0,1,1
47,All,Expe1,5,6,1,1,4,1,1,0
47,All,Expe1,5,6,1,1,5,2,1,-1
47,All,Expe1,5,6,1,2,2,0,1,1
47,All,Expe1,5,6,1,2,8,1,1,0
47,All,Expe1,5,6,1,3,5,0,0,0
47,All,Expe1,5,6,1,5,2,0,1,1
47,All,Expe1,5,6,1,5,5,1,1,0
47,All,Expe1,5,6,1,5,6,2,1,-1
47,All,Expe1,6,4,1,1,3,1,0,-1
47,All,Expe1,6,4,1,1,5,2,0,-2
47,All,Expe1,6,4,1,4,8,1,0,-1
47,All,Expe1,7,2,3,1,5,0,0,0
47,All,Expe1,7,2,3,2,2,0,1,1
47,All,Expe1,8,5,1,3,2,0,1,1
47,All,Expe1,8,5,1,4,2,0,1,1
47,All,Expe1,8,5,1,5,2,0,1,1
47,All,Expe1,9,4,2,3,7,0,0,0
47,All,Expe1,9,4,2,4,2,0,1,1
47,All,Expe1,10,6,2,1,2,1,0,-1
47,All,Expe1,10,6,2,1,3,0,2,2
47,All,Expe1,10,6,2,1,4,1,2,1
47,All,Expe1,10,6,2,1,5,2,2,0
47,All,Expe1,10,6,2,1,6,3,2,-1
47,All,Expe1,10,6,2,1,7,2,4,2
47,All,Expe1,10,6,2,2,3,0,0,0
47,All,Expe1,10,6,2,2,13,0,1,1
47,All,Expe1,10,6,2,3,13,0,0,0
47,All,Expe1,10,6,2,4,2,0,0,0
47,All,Expe1,10,6,2,4,3,0,1,1
47,All,Expe1,10,6,2,4,4,1,1,0
47,All,Expe1,10,6,2,4,5,2,1,-1
47,All,Expe1,10,6,2,5,2,0,1,1
47,All,Expe1,10,6,2,5,3,1,1,0
47,All,Expe1,10,6,2,5,6,2,1,-1
47,All,Expe1,10,6,2,5,8,3,1,-2
47,All,Expe1,10,6,2,6,2,1,0,-1
47,All,Expe1,10,6,2,6,4,0,2,2
47,All,Expe1,10,6,2,6,7,2,1,-1
47,All,Expe1,12,3,3,1,5,0,0,0
47,All,Expe1,12,3,3,3,2,0,1,1
47,All,Expe1,13,3,4,3,2,0,1,1
47,All,Expe1,14,2,4,2,2,0,1,1
47,All,Expe1,16,6,3,3,2,0,0,0
47,All,Expe1,16,6,3,3,3,0,1,1
47,All,Expe1,16,6,3,3,6,1,1,0
47,All,Expe1,16,6,3,5,2,0,1,1
47,All,Expe1,16,6,3,6,2,0,1,1
47,All,Expe1,17,4,3,2,2,1,0,-1
47,All,Expe1,17,4,3,2,3,0,2,2
47,All,Expe1,17,4,3,3,2,0,1,1
47,All,Expe1,17,4,3,3,3,1,1,0
47,All,Expe1,17,4,3,3,4,2,1,-1
47,All,Expe1,17,4,3,3,5,3,1,-2
47,All,Expe1,17,4,3,3,6,1,4,3
47,All,Expe1,17,4,3,4,2,0,1,1
47,All,Expe1,17,4,3,4,3,1,1,0
47,All,Expe1,18,2,6,2,2,0,1,1
47,All,Expe1,18,2,6,2,8,1,1,0
48,All,Expe1,1,3,1,3,2,0,1,1
48,All,Expe1,1,3,1,3,6,1,1,0
48,All,Expe1,2,2,1,1,5,0,0,0
48,All,Expe1,3,3,2,1,5,1,0,-1
48,All,Expe1,3,3,2,3,2,0,1,1
48,All,Expe1,3,3,2,3,3,1,1,0
48,All,Expe1,3,3,2,3,4,2,1,-1
48,All,Expe1,4,4,1,2,2,1,0,-1
48,All,Expe1,4,4,1,2,3,0,2,2
48,All,Expe1,4,4,1,2,9,1,2,1
48,All,Expe1,4,4,1,4,2,0,1,1
48,All,Expe1,4,4,1,4,6,1,1,0
48,All,Expe1,5,2,2,2,2,0,1,1
48,All,Expe1,6,5,1,2,2,0,1,1
48,All,Expe1,6,5,1,2,3,1,1,0
48,All,Expe1,6,5,1,2,4,1,2,1
48,All,Expe1,6,5,1,2,5,2,2,0
48,All,Expe1,6,5,1,2,9,3,2,-1
48,All,Expe1,6,5,1,3,2,1,0,-1
48,All,Expe1,6,5,1,3,3,0,2,2
48,All,Expe1,6,5,1,5,2,0,1,1
48,All,Expe1,6,5,1,5,3,1,1,0
48,All,Expe1,6,5,1,5,4,2,1,-1
48,All,Expe1,6,5,1,5,5,3,1,-2
48,All,Expe1,6,5,1,5,6,4,1,-3
48,All,Expe1,6,5,1,5,7,5,1,-4
48,All,Expe1,7,6,1,1,2,0,1,1
48,All,Expe1,7,6,1,1,5,1,1,0
48,All,Expe1,7,6,1,2,2,1,0,-1
48,All,Expe1,7,6,1,2,3,2,0,-2
48,All,Expe1,7,6,1,2,4,3,0,-3
48,All,Expe1,7,6,1,2,5,0,4,4
48,All,Expe1,7,6,1,2,6,4,1,-3
48,All,Expe1,7,6,1,2,7,1,5,4
48,All,Expe1,7,6,1,2,8,5,2,-3
48,All,Expe1,7,6,1,4,2,0,1,1
48,All,Expe1,7,6,1,4,3,1,1,0
48,All,Expe1,7,6,1,4,4,1,2,1
48,All,Expe1,7,6,1,4,6,2,2,0
48,All,Expe1,7,6,1,4,7,3,2,-1
48,All,Expe1,7,6,1,5,5,0,0,0
48,All,Expe1,7,6,1,5,11,1,0,-1
48,All,Expe1,8,2,3,1,2,0,0,0
48,All,Expe1,8,2,3,1,7,1,0,-1
48,All,Expe1,8,2,3,2,3,0,0,0
48,All,Expe1,9,5,2,1,4,0,0,0
48,All,Expe1,9,5,2,1,5,0,1,1
48,All,Expe1,9,5,2,1,8,1,1,0
48,All,Expe1,9,5,2,2,2,0,1,1
48,All,Expe1,9,5,2,2,3,1,1,0
48,All,Expe1,9,5,2,2,5,2,1,-1
48,All,Expe1,9,5,2,2,12,3,1,-2
48,All,Expe1,9,5,2,3,2,0,1,1
48,All,Expe1,9,5,2,3,4,1,1,0
48,All,Expe1,9,5,2,3,7,2,1,-1
48,All,Expe1,9,5,2,3,8,3,1,-2
48,All,Expe1,9,5,2,3,10,4,1,-3
48,All,Expe1,9,5,2,3,11,5,1,-4
48,All,Expe1,9,5,2,3,13,6,1,-5
48,All,Expe1,9,5,2,3,14,7,1,-6
48,All,Expe1,9,5,2,3,15,1,8,7
48,All,Expe1,9,5,2,4,4,1,0,-1
48,All,Expe1,9,5,2,4,5,2,0,-2
48,All,Expe1,9,5,2,4,6,3,0,-3
48,All,Expe1,9,5,2,4,7,4,0,-4
48,All,Expe1,9,5,2,4,8,0,5,5
48,All,Expe1,9,5,2,4,12,5,1,-4
48,All,Expe1,9,5,2,5,2,0,1,1
48,All,Expe1,9,5,2,5,3,1,1,0
48,All,Expe1,9,5,2,5,4,2,1,-1
48,All,Expe1,10,4,2,1,4,0,0,0
48,All,Expe1,10,4,2,2,2,0,1,1
48,All,Expe1,10,4,2,2,3,1,1,0
48,All,Expe1,10,4,2,3,2,0,1,1
48,All,Expe1,10,4,2,3,3,1,1,0
48,All,Expe1,11,6,2,1,3,0,0,0
48,All,Expe1,11,6,2,1,4,1,0,-1
48,All,Expe1,11,6,2,1,5,2,0,-2
48,All,Expe1,11,6,2,1,7,3,0,-3
48,All,Expe1,11,6,2,3,2,1,0,-1
48,All,Expe1,11,6,2,3,3,0,2,2
48,All,Expe1,11,6,2,3,7,1,2,1
48,All,Expe1,11,6,2,3,8,2,2,0
48,All,Expe1,11,6,2,4,3,0,0,0
48,All,Expe1,11,6,2,4,9,0,1,1
48,All,Expe1,11,6,2,5,2,0,1,1
48,All,Expe1,11,6,2,5,3,1,1,0
48,All,Expe1,11,6,2,5,4,2,1,-1
48,All,Expe1,11,6,2,5,5,1,3,2
48,All,Expe1,11,6,2,5,6,3,2,-1
48,All,Expe1,11,6,2,5,7,2,4,2
48,All,Expe1,11,6,2,5,9,3,4,1
48,All,Expe1,12,3,3,1,4,0,0,0
48,All,Expe1,12,3,3,2,2,0,1,1
48,All,Expe1,12,3,3,2,3,1,1,0
48,All,Expe1,13,2,4,1,2,0,1,1
48,All,Expe1,13,2,4,2,2,0,1,1
48,All,Expe1,15,4,3,1,2,0,1,1
48,All,Expe1,15,4,3,1,3,1,1,0
48,All,Expe1,15,4,3,1,4,2,1,-1
48,All,Expe1,15,4,3,3,3,0,0,0
48,All,Expe1,15,4,3,3,4,0,1,1
48,All,Expe1,17,5,3,1,2,1,0,-1
48,All,Expe1,17,5,3,1,3,0,2,2
48,All,Expe1,17,5,3,2,3,0,0,0
48,All,Expe1,17,5,3,4,2,0,1,1
48,All,Expe1,17,5,3,4,3,1,1,0
48,All,Expe1,18,6,3,1,2,0,1,1
48,All,Expe1,18,6,3,1,3,1,1,0
48,All,Expe1,18,6,3,1,6,1,2,1
48,All,Expe1,18,6,3,1,7,2,2,0
48,All,Expe1,18,6,3,1,8,3,2,-1
48,All,Expe1,18,6,3,1,10,4,2,-2
48,All,Expe1,18,6,3,2,2,0,1,1
48,All,Expe1,18,6,3,5,7,0,0,0
48,All,Expe1,18,6,3,6,2,1,0,-1
48,All,Expe1,18,6,3,6,3,2,0,-2
48,All,Expe1,18,6,3,6,6,3,0,-3
48,All,Expe1,18,6,3,6,7,4,0,-4
49,All,Expe1,1,2,1,2,4,0,0,0
49,All,Expe1,2,4,1,1,2,0,1,1
49,All,Expe1,2,4,1,3,2,1,0,-1
49,All,Expe1,2,4,1,3,3,2,0,-2
49,All,Expe1,3,3,1,1,2,0,1,1
49,All,Expe1,3,3,1,1,3,1,1,0
49,All,Expe1,3,3,1,1,4,2,1,-1
49,All,Expe1,3,3,1,1,5,1,3,2
49,All,Expe1,3,3,1,2,2,0,1,1
49,All,Expe1,4,5,1,4,2,0,1,1
49,All,Expe1,4,5,1,4,3,1,1,0
49,All,Expe1,4,5,1,4,4,1,2,1
49,All,Expe1,4,5,1,4,7,2,2,0
49,All,Expe1,4,5,1,4,10,3,2,-1
49,All,Expe1,4,5,1,4,12,4,2,-2
49,All,Expe1,5,3,2,2,2,0,1,1
49,All,Expe1,5,3,2,3,2,0,1,1
49,All,Expe1,5,3,2,3,3,1,1,0
49,All,Expe1,6,2,2,1,2,0,1,1
49,All,Expe1,6,2,2,2,2,0,1,1
49,All,Expe1,7,2,3,1,2,0,1,1
49,All,Expe1,8,6,1,1,2,0,0,0
49,All,Expe1,8,6,1,1,3,0,1,1
49,All,Expe1,8,6,1,1,4,1,1,0
49,All,Expe1,8,6,1,1,10,2,1,-1
49,All,Expe1,8,6,1,2,2,0,1,1
49,All,Expe1,8,6,1,2,4,1,1,0
49,All,Expe1,8,6,1,2,6,1,2,1
49,All,Expe1,8,6,1,2,13,2,2,0
49,All,Expe1,8,6,1,3,2,0,0,0
49,All,Expe1,8,6,1,3,3,1,0,-1
49,All,Expe1,8,6,1,3,4,2,0,-2
49,All,Expe1,8,6,1,3,5,3,0,-3
49,All,Expe1,8,6,1,3,7,0,4,4
49,All,Expe1,8,6,1,3,8,1,4,3
49,All,Expe1,8,6,1,3,14,4,2,-2
49,All,Expe1,8,6,1,6,2,0,1,1
49,All,Expe1,8,6,1,6,3,1,1,0
49,All,Expe1,8,6,1,6,4,1,2,1
49,All,Expe1,8,6,1,6,6,2,2,0
49,All,Expe1,8,6,1,6,7,2,3,1
49,All,Expe1,8,6,1,6,8,3,3,0
49,All,Expe1,9,4,2,1,6,0,1,1
49,All,Expe1,9,4,2,2,2,0,1,1
49,All,Expe1,9,4,2,3,3,0,0,0
49,All,Expe1,10,6,2,2,2,0,1,1
49,All,Expe1,10,6,2,2,4,1,1,0
49,All,Expe1,10,6,2,2,8,2,1,-1
49,All,Expe1,10,6,2,4,2,0,1,1
49,All,Expe1,10,6,2,4,3,1,1,0
49,All,Expe1,10,6,2,5,2,0,1,1
49,All,Expe1,10,6,2,5,3,1,1,0
49,All,Expe1,10,6,2,5,4,2,1,-1
49,All,Expe1,10,6,2,6,2,1,0,-1
49,All,Expe1,10,6,2,6,3,2,0,-2
49,All,Expe1,11,5,2,1,2,0,1,1
49,All,Expe1,11,5,2,1,3,1,1,0
49,All,Expe1,11,5,2,1,4,2,1,-1
49,All,Expe1,11,5,2,2,2,0,1,1
49,All,Expe1,11,5,2,2,3,1,1,0
49,All,Expe1,13,4,3,1,2,0,1,1
49,All,Expe1,13,4,3,1,3,1,1,0
49,All,Expe1,13,4,3,1,4,2,1,-1
49,All,Expe1,13,4,3,3,2,0,1,1
49,All,Expe1,13,4,3,3,3,1,1,0
49,All,Expe1,13,4,3,3,4,1,2,1
49,All,Expe1,13,4,3,3,5,2,2,0
49,All,Expe1,14,3,3,2,2,0,1,1
49,All,Expe1,15,5,3,2,2,1,0,-1
49,All,Expe1,15,5,3,2,3,2,0,-2
49,All,Expe1,15,5,3,2,4,3,0,-3
49,All,Expe1,15,5,3,2,5,4,0,-4
49,All,Expe1,15,5,3,2,6,0,5,5
49,All,Expe1,15,5,3,2,7,1,5,4
49,All,Expe1,15,5,3,3,2,0,0,0
49,All,Expe1,15,5,3,3,3,1,0,-1
49,All,Expe1,15,5,3,3,4,2,0,-2
49,All,Expe1,15,5,3,3,5,3,0,-3
49,All,Expe1,15,5,3,3,6,4,0,-4
49,All,Expe1,15,5,3,3,7,5,0,-5
49,All,Expe1,15,5,3,3,8,6,0,-6
49,All,Expe1,15,5,3,3,9,0,7,7
49,All,Expe1,15,5,3,3,10,7,1,-6
49,All,Expe1,15,5,3,3,11,1,8,7
49,All,Expe1,15,5,3,3,15,2,8,6
49,All,Expe1,15,5,3,4,2,0,1,1
49,All,Expe1,15,5,3,4,3,1,1,0
49,All,Expe1,15,5,3,4,4,1,2,1
49,All,Expe1,15,5,3,4,5,2,2,0
49,All,Expe1,15,5,3,4,6,3,2,-1
49,All,Expe1,15,5,3,4,12,2,4,2
49,All,Expe1,15,5,3,5,2,1,0,-1
49,All,Expe1,15,5,3,5,3,2,0,-2
49,All,Expe1,15,5,3,5,4,3,0,-3
49,All,Expe1,15,5,3,5,5,4,0,-4
49,All,Expe1,15,5,3,5,6,5,0,-5
49,All,Expe1,15,5,3,5,7,6,0,-6
50,All,Expe1,1,4,1,1,2,0,1,1
50,All,Expe1,1,4,1,1,3,1,1,0
50,All,Expe1,1,4,1,2,3,1,0,-1
50,All,Expe1,1,4,1,4,6,1,0,-1
50,All,Expe1,2,5,1,1,2,0,1,1
50,All,Expe1,2,5,1,1,3,1,1,0
50,All,Expe1,2,5,1,1,4,1,2,1
50,All,Expe1,2,5,1,1,6,2,2,0
50,All,Expe1,2,5,1,2,2,0,1,1
50,All,Expe1,2,5,1,2,3,1,1,0
50,All,Expe1,3,2,1,1,2,0,1,1
50,All,Expe1,4,2,2,2,2,0,1,1
50,All,Expe1,5,3,1,1,2,0,1,1
50,All,Expe1,5,3,1,2,2,0,1,1
50,All,Expe1,6,6,1,1,2,0,1,1
50,All,Expe1,6,6,1,1,3,1,1,0
50,All,Expe1,6,6,1,1,4,1,2,1
50,All,Expe1,6,6,1,1,6,2,2,0
50,All,Expe1,6,6,1,1,8,3,2,-1
50,All,Expe1,6,6,1,1,10,4,2,-2
50,All,Expe1,6,6,1,2,2,1,0,-1
50,All,Expe1,6,6,1,2,3,0,2,2
50,All,Expe1,6,6,1,2,4,1,2,1
50,All,Expe1,6,6,1,2,5,2,2,0
50,All,Expe1,6,6,1,3,2,0,1,1
50,All,Expe1,6,6,1,4,2,0,1,1
50,All,Expe1,6,6,1,4,3,1,1,0
50,All,Expe1,6,6,1,4,4,1,2,1
50,All,Expe1,6,6,1,4,6,2,2,0
50,All,Expe1,6,6,1,4,7,3,2,-1
50,All,Expe1,6,6,1,5,2,0,1,1
50,All,Expe1,6,6,1,5,3,1,1,0
50,All,Expe1,6,6,1,5,4,1,2,1
50,All,Expe1,6,6,1,5,13,2,2,0
50,All,Expe1,6,6,1,6,3,0,0,0
50,All,Expe1,7,3,2,2,3,0,1,1
50,All,Expe1,7,3,2,3,2,0,1,1
50,All,Expe1,8,2,3,2,2,0,1,1
50,All,Expe1,9,5,2,3,2,1,0,-1
50,All,Expe1,9,5,2,3,3,0,2,2
50,All,Expe1,9,5,2,4,2,0,1,1
50,All,Expe1,9,5,2,5,2,0,0,0
50,All,Expe1,10,4,2,3,2,0,1,1
50,All,Expe1,10,4,2,4,2,0,1,1
50,All,Expe1,11,6,2,3,3,1,0,-1
50,All,Expe1,12,4,3,2,2,0,1,1
50,All,Expe1,12,4,3,4,2,0,1,1
50,All,Expe1,13,5,3,5,2,0,1,1
50,All,Expe1,14,2,4,2,2,0,1,1
50,All,Expe1,15,2,5,2,2,0,1,1
50,All,Expe1,16,3,3,3,3,0,1,1
50,All,Expe1,17,6,3,1,4,0,0,0
50,All,Expe1,17,6,3,2,3,1,0,-1
50,All,Expe1,17,6,3,3,3,1,0,-1
50,All,Expe1,17,6,3,5,2,0,1,1
51,All,Expe1,1,5,1,1,4,1,0,-1
51,All,Expe1,1,5,1,3,2,0,0,0
51,All,Expe1,1,5,1,3,3,0,1,1
51,All,Expe1,1,5,1,3,4,1,1,0
51,All,Expe1,1,5,1,3,5,1,2,1
51,All,Expe1,2,2,1,1,2,0,1,1
51,All,Expe1,2,2,1,1,3,1,1,0
51,All,Expe1,2,2,1,2,2,1,0,-1
51,All,Expe1,3,4,1,1,2,1,0,-1
51,All,Expe1,3,4,1,1,6,2,0,-2
51,All,Expe1,3,4,1,3,2,0,1,1
51,All,Expe1,3,4,1,3,3,1,1,0
51,All,Expe1,4,6,1,1,2,0,0,0
51,All,Expe1,4,6,1,1,3,0,1,1
51,All,Expe1,4,6,1,2,2,0,1,1
51,All,Expe1,4,6,1,4,2,0,1,1
51,All,Expe1,4,6,1,4,3,1,1,0
51,All,Expe1,4,6,1,4,4,1,2,1
51,All,Expe1,4,6,1,5,2,0,1,1
51,All,Expe1,4,6,1,5,3,1,1,0
51,All,Expe1,5,2,2,2,2,1,0,-1
51,All,Expe1,6,2,3,1,4,0,1,1
51,All,Expe1,7,3,1,3,6,0,0,0
51,All,Expe1,8,3,2,1,4,0,0,0
51,All,Expe1,8,3,2,3,2,0,1,1
51,All,Expe1,9,5,2,1,2,0,1,1
51,All,Expe1,9,5,2,1,3,1,1,0
51,All,Expe1,9,5,2,1,6,2,1,-1
51,All,Expe1,9,5,2,2,2,0,1,1
51,All,Expe1,9,5,2,2,3,1,1,0
51,All,Expe1,9,5,2,3,2,1,0,-1
51,All,Expe1,9,5,2,3,3,0,2,2
51,All,Expe1,9,5,2,5,2,1,0,-1
51,All,Expe1,9,5,2,5,3,0,2,2
51,All,Expe1,10,6,2,1,2,0,0,0
51,All,Expe1,10,6,2,1,3,0,1,1
51,All,Expe1,10,6,2,1,4,1,1,0
51,All,Expe1,10,6,2,1,6,2,1,-1
51,All,Expe1,10,6,2,2,3,0,0,0
51,All,Expe1,10,6,2,2,4,1,0,-1
51,All,Expe1,10,6,2,2,5,2,0,-2
51,All,Expe1,10,6,2,2,6,3,0,-3
51,All,Expe1,10,6,2,2,7,4,0,-4
51,All,Expe1,10,6,2,2,10,5,0,-5
51,All,Expe1,10,6,2,3,2,0,0,0
51,All,Expe1,10,6,2,3,3,0,1,1
51,All,Expe1,10,6,2,3,4,1,1,0
51,All,Expe1,10,6,2,3,6,2,1,-1
51,All,Expe1,10,6,2,3,8,1,3,2
51,All,Expe1,10,6,2,3,9,2,3,1
51,All,Expe1,10,6,2,3,11,3,3,0
51,All,Expe1,10,6,2,4,5,1,0,-1
51,All,Expe1,10,6,2,4,6,2,0,-2
51,All,Expe1,10,6,2,4,7,3,0,-3
51,All,Expe1,10,6,2,4,10,4,0,-4
51,All,Expe1,10,6,2,6,4,1,0,-1
51,All,Expe1,11,4,2,1,2,0,0,0
51,All,Expe1,11,4,2,2,2,0,1,1
51,All,Expe1,11,4,2,3,9,0,0,0
51,All,Expe1,12,5,3,1,2,0,1,1
51,All,Expe1,12,5,3,1,3,1,1,0
51,All,Expe1,12,5,3,1,4,1,2,1
51,All,Expe1,12,5,3,1,5,2,2,0
51,All,Expe1,12,5,3,3,2,0,1,1
51,All,Expe1,12,5,3,3,3,1,1,0
51,All,Expe1,12,5,3,3,4,1,2,1
51,All,Expe1,12,5,3,3,5,2,2,0
51,All,Expe1,12,5,3,3,9,3,2,-1
51,All,Expe1,12,5,3,5,2,0,1,1
51,All,Expe1,12,5,3,5,5,1,1,0
51,All,Expe1,13,2,4,1,2,1,0,-1
51,All,Expe1,13,2,4,1,3,0,2,2
51,All,Expe1,13,2,4,1,4,1,2,1
51,All,Expe1,13,2,4,1,5,2,2,0
51,All,Expe1,13,2,4,2,2,0,1,1
51,All,Expe1,13,2,4,2,3,1,1,0
51,All,Expe1,13,2,4,2,4,2,1,-1
51,All,Expe1,13,2,4,2,5,1,3,2
51,All,Expe1,13,2,4,2,6,3,2,-1
51,All,Expe1,13,2,4,2,7,2,4,2
51,All,Expe1,14,4,3,1,4,0,1,1
51,All,Expe1,14,4,3,1,7,1,1,0
51,All,Expe1,14,4,3,2,2,0,1,1
51,All,Expe1,14,4,3,2,3,1,1,0
51,All,Expe1,14,4,3,4,2,1,0,-1
51,All,Expe1,14,4,3,4,3,2,0,-2
51,All,Expe1,15,6,3,1,2,1,0,-1
51,All,Expe1,15,6,3,1,3,0,2,2
51,All,Expe1,15,6,3,1,4,1,2,1
51,All,Expe1,15,6,3,1,8,2,2,0
51,All,Expe1,15,6,3,3,6,0,1,1
51,All,Expe1,15,6,3,6,2,0,1,1
51,All,Expe1,15,6,3,6,4,1,1,0
51,All,Expe1,16,2,5,1,3,0,1,1
51,All,Expe1,16,2,5,2,2,0,1,1
51,All,Expe1,17,2,6,1,2,0,1,1
51,All,Expe1,17,2,6,2,2,0,1,1
52,All,Expe1,1,2,1,1,9,0,0,0
52,All,Expe1,2,6,1,1,3,0,1,1
52,All,Expe1,2,6,1,1,4,1,1,0
52,All,Expe1,2,6,1,1,5,1,2,1
52,All,Expe1,2,6,1,1,8,2,2,0
52,All,Expe1,2,6,1,1,10,3,2,-1
52,All,Expe1,2,6,1,1,11,4,2,-2
52,All,Expe1,2,6,1,1,12,2,5,3
52,All,Expe1,2,6,1,1,14,5,3,-2
52,All,Expe1,2,6,1,2,2,0,1,1
52,All,Expe1,2,6,1,2,3,1,1,0
52,All,Expe1,2,6,1,2,4,2,1,-1
52,All,Expe1,2,6,1,2,5,3,1,-2
52,All,Expe1,2,6,1,2,6,1,4,3
52,All,Expe1,2,6,1,2,7,4,2,-2
52,All,Expe1,2,6,1,2,8,2,5,3
52,All,Expe1,2,6,1,2,9,5,3,-2
52,All,Expe1,2,6,1,2,10,6,3,-3
52,All,Expe1,2,6,1,2,11,3,7,4
52,All,Expe1,2,6,1,6,2,0,0,0
52,All,Expe1,2,6,1,6,3,1,0,-1
52,All,Expe1,2,6,1,6,5,0,2,2
52,All,Expe1,2,6,1,6,6,2,1,-1
52,All,Expe1,2,6,1,6,8,3,1,-2
52,All,Expe1,3,5,1,1,2,0,1,1
52,All,Expe1,3,5,1,1,3,1,1,0
52,All,Expe1,3,5,1,1,4,1,2,1
52,All,Expe1,3,5,1,1,5,2,2,0
52,All,Expe1,3,5,1,1,6,2,3,1
52,All,Expe1,3,5,1,1,8,3,3,0
52,All,Expe1,3,5,1,1,10,4,3,-1
52,All,Expe1,3,5,1,2,2,1,0,-1
52,All,Expe1,3,5,1,2,3,0,2,2
52,All,Expe1,3,5,1,2,4,2,1,-1
52,All,Expe1,3,5,1,2,9,1,3,2
52,All,Expe1,3,5,1,2,11,3,2,-1
52,All,Expe1,3,5,1,2,12,4,2,-2
52,All,Expe1,3,5,1,4,2,0,0,0
52,All,Expe1,3,5,1,4,3,0,1,1
52,All,Expe1,3,5,1,4,5,1,1,0
52,All,Expe1,3,5,1,4,7,1,2,1
52,All,Expe1,3,5,1,4,8,2,2,0
52,All,Expe1,3,5,1,4,9,3,2,-1
52,All,Expe1,3,5,1,4,10,4,2,-2
52,All,Expe1,3,5,1,5,5,0,0,0
52,All,Expe1,5,4,1,1,2,1,0,-1
52,All,Expe1,5,4,1,1,13,0,2,2
52,All,Expe1,5,4,1,2,2,0,1,1
52,All,Expe1,5,4,1,2,7,1,1,0
52,All,Expe1,5,4,1,4,2,0,1,1
52,All,Expe1,5,4,1,4,3,1,1,0
52,All,Expe1,6,3,1,2,4,0,1,1
52,All,Expe1,6,3,1,3,4,0,0,0
52,All,Expe1,7,2,3,1,2,0,1,1
52,All,Expe1,9,6,2,1,2,0,1,1
52,All,Expe1,9,6,2,1,6,1,1,0
52,All,Expe1,9,6,2,1,8,1,2,1
52,All,Expe1,9,6,2,3,2,0,1,1
52,All,Expe1,9,6,2,3,4,1,1,0
52,All,Expe1,9,6,2,4,2,0,1,1
52,All,Expe1,10,5,2,3,6,0,1,1
52,All,Expe1,10,5,2,5,4,0,0,0
52,All,Expe1,11,4,2,1,2,1,0,-1
52,All,Expe1,11,4,2,1,3,0,2,2
52,All,Expe1,11,4,2,1,7,2,1,-1
52,All,Expe1,11,4,2,2,5,0,0,0
52,All,Expe1,11,4,2,3,10,0,0,0
52,All,Expe1,11,4,2,4,7,0,1,1
52,All,Expe1,11,4,2,4,9,1,1,0
52,All,Expe1,13,6,3,2,2,0,1,1
52,All,Expe1,13,6,3,2,4,1,1,0
52,All,Expe1,13,6,3,2,7,2,1,-1
52,All,Expe1,13,6,3,2,8,3,1,-2
52,All,Expe1,13,6,3,3,2,1,0,-1
52,All,Expe1,13,6,3,4,2,0,0,0
52,All,Expe1,13,6,3,4,5,1,0,-1
52,All,Expe1,14,5,3,1,10,0,0,0
52,All,Expe1,14,5,3,2,2,1,0,-1
52,All,Expe1,14,5,3,2,3,2,0,-2
52,All,Expe1,14,5,3,2,4,0,3,3
52,All,Expe1,14,5,3,2,8,3,1,-2
52,All,Expe1,14,5,3,3,2,1,0,-1
52,All,Expe1,14,5,3,3,4,0,2,2
52,All,Expe1,14,5,3,3,6,1,2,1
52,All,Expe1,14,5,3,4,2,0,1,1
52,All,Expe1,15,2,5,1,2,0,1,1
52,All,Expe1,15,2,5,1,8,1,1,0
52,All,Expe1,15,2,5,2,2,0,0,0
52,All,Expe1,16,4,3,1,4,1,0,-1
52,All,Expe1,16,4,3,1,6,2,0,-2
52,All,Expe1,16,4,3,2,2,0,1,1
52,All,Expe1,16,4,3,2,7,1,1,0
52,All,Expe1,16,4,3,2,8,2,1,-1
52,All,Expe1,16,4,3,3,2,1,0,-1
52,All,Expe1,16,4,3,3,10,2,0,-2
52,All,Expe1,17,3,3,1,4,1,0,-1
52,All,Expe1,17,3,3,2,3,0,1,1
52,All,Expe1,17,3,3,2,5,1,1,0
52,All,Expe1,17,3,3,2,9,2,1,-1
52,All,Expe1,18,2,6,1,8,1,0,-1
53,All,Expe1,1,6,1,1,2,0,1,1
53,All,Expe1,1,6,1,1,3,1,1,0
53,All,Expe1,1,6,1,1,11,1,2,1
53,All,Expe1,1,6,1,2,2,1,0,-1
53,All,Expe1,1,6,1,2,3,0,2,2
53,All,Expe1,1,6,1,3,2,0,1,1
53,All,Expe1,1,6,1,3,3,1,1,0
53,All,Expe1,1,6,1,3,5,1,2,1
53,All,Expe1,1,6,1,3,6,2,2,0
53,All,Expe1,1,6,1,3,7,3,2,-1
53,All,Expe1,1,6,1,3,9,2,4,2
53,All,Expe1,1,6,1,3,10,3,4,1
53,All,Expe1,1,6,1,3,13,4,4,0
53,All,Expe1,1,6,1,4,3,0,0,0
53,All,Expe1,1,6,1,4,8,0,1,1
53,All,Expe1,1,6,1,4,10,1,1,0
53,All,Expe1,1,6,1,4,11,1,2,1
53,All,Expe1,1,6,1,4,12,2,2,0
53,All,Expe1,1,6,1,4,14,3,2,-1
53,All,Expe1,1,6,1,5,2,0,0,0
53,All,Expe1,1,6,1,5,3,0,1,1
53,All,Expe1,1,6,1,5,4,1,1,0
53,All,Expe1,1,6,1,5,6,1,2,1
53,All,Expe1,1,6,1,5,7,2,2,0
53,All,Expe1,1,6,1,5,8,2,3,1
53,All,Expe1,1,6,1,5,10,3,3,0
53,All,Expe1,1,6,1,5,11,3,4,1
53,All,Expe1,1,6,1,6,3,0,0,0
53,All,Expe1,1,6,1,6,6,0,1,1
53,All,Expe1,1,6,1,6,7,1,1,0
53,All,Expe1,1,6,1,6,10,1,2,1
53,All,Expe1,1,6,1,6,12,2,2,0
53,All,Expe1,3,2,2,1,2,0,1,1
53,All,Expe1,3,2,2,2,2,0,1,1
53,All,Expe1,4,3,1,1,3,1,0,-1
53,All,Expe1,4,3,1,1,4,0,2,2
53,All,Expe1,4,3,1,1,5,2,1,-1
53,All,Expe1,4,3,1,1,6,1,3,2
53,All,Expe1,4,3,1,2,2,0,1,1
53,All,Expe1,4,3,1,2,3,1,1,0
53,All,Expe1,5,5,1,1,3,0,1,1
53,All,Expe1,5,5,1,2,2,0,1,1
53,All,Expe1,5,5,1,2,5,1,1,0
53,All,Expe1,5,5,1,3,2,0,1,1
53,All,Expe1,6,3,2,1,2,0,1,1
53,All,Expe1,6,3,2,2,2,0,1,1
53,All,Expe1,6,3,2,2,3,1,1,0
53,All,Expe1,6,3,2,3,2,0,1,1
53,All,Expe1,7,4,1,1,2,0,1,1
53,All,Expe1,7,4,1,1,9,1,1,0
53,All,Expe1,7,4,1,2,2,0,1,1
53,All,Expe1,7,4,1,4,2,0,1,1
53,All,Expe1,9,6,2,3,2,0,1,1
53,All,Expe1,9,6,2,3,4,1,1,0
53,All,Expe1,9,6,2,3,8,2,1,-1
53,All,Expe1,9,6,2,4,5,0,0,0
53,All,Expe1,9,6,2,5,7,1,0,-1
53,All,Expe1,10,5,2,1,2,0,1,1
53,All,Expe1,10,5,2,1,3,1,1,0
53,All,Expe1,10,5,2,1,4,1,2,1
53,All,Expe1,10,5,2,1,5,2,2,0
53,All,Expe1,10,5,2,2,4,0,0,0
53,All,Expe1,10,5,2,3,4,0,0,0
53,All,Expe1,10,5,2,3,5,1,0,-1
53,All,Expe1,10,5,2,3,7,2,0,-2
53,All,Expe1,10,5,2,5,3,1,0,-1
53,All,Expe1,10,5,2,5,4,0,2,2
53,All,Expe1,10,5,2,5,5,2,1,-1
53,All,Expe1,11,4,2,1,2,1,0,-1
53,All,Expe1,11,4,2,1,3,2,0,-2
53,All,Expe1,11,4,2,2,3,1,0,-1
53,All,Expe1,11,4,2,3,8,1,0,-1
53,All,Expe1,12,6,3,1,2,0,1,1
53,All,Expe1,12,6,3,1,3,1,1,0
53,All,Expe1,12,6,3,3,4,0,1,1
53,All,Expe1,12,6,3,4,4,0,0,0
53,All,Expe1,12,6,3,4,8,1,0,-1
53,All,Expe1,13,2,4,1,2,1,0,-1
53,All,Expe1,13,2,4,1,3,0,2,2
53,All,Expe1,16,5,3,1,2,0,1,1
53,All,Expe1,16,5,3,2,2,1,0,-1
53,All,Expe1,16,5,3,3,5,0,1,1
53,All,Expe1,18,4,3,1,2,0,1,1
53,All,Expe1,18,4,3,1,3,1,1,0
53,All,Expe1,18,4,3,1,4,1,2,1
53,All,Expe1,18,4,3,3,6,1,0,-1
54,All,Expe1,1,2,1,2,9,0,1,1
54,All,Expe1,2,2,2,1,2,0,1,1
54,All,Expe1,4,3,1,1,2,0,1,1
54,All,Expe1,4,3,1,1,4,1,1,0
54,All,Expe1,4,3,1,2,2,0,1,1
54,All,Expe1,4,3,1,3,4,0,0,0
54,All,Expe1,4,3,1,3,5,0,1,1
54,All,Expe1,4,3,1,3,8,1,1,0
54,All,Expe1,5,6,1,1,2,1,0,-1
54,All,Expe1,5,6,1,1,3,0,2,2
54,All,Expe1,5,6,1,1,4,1,2,1
54,All,Expe1,5,6,1,1,15,2,2,0
54,All,Expe1,5,6,1,2,3,1,0,-1
54,All,Expe1,5,6,1,2,4,0,2,2
54,All,Expe1,5,6,1,2,5,1,2,1
54,All,Expe1,5,6,1,2,6,2,2,0
54,All,Expe1,5,6,1,2,7,3,2,-1
54,All,Expe1,5,6,1,2,8,4,2,-2
54,All,Expe1,5,6,1,2,9,2,5,3
54,All,Expe1,5,6,1,2,10,3,5,2
54,All,Expe1,5,6,1,2,12,5,4,-1
54,All,Expe1,5,6,1,4,2,0,1,1
54,All,Expe1,5,6,1,4,3,1,1,0
54,All,Expe1,5,6,1,4,4,1,2,1
54,All,Expe1,5,6,1,4,6,2,2,0
54,All,Expe1,5,6,1,4,7,3,2,-1
54,All,Expe1,5,6,1,4,11,2,4,2
54,All,Expe1,5,6,1,4,15,4,3,-1
54,All,Expe1,5,6,1,5,5,0,0,0
54,All,Expe1,5,6,1,6,2,0,1,1
54,All,Expe1,5,6,1,6,4,1,1,0
54,All,Expe1,5,6,1,6,5,2,1,-1
54,All,Expe1,5,6,1,6,6,3,1,-2
54,All,Expe1,5,6,1,6,7,1,4,3
54,All,Expe1,5,6,1,6,8,4,2,-2
54,All,Expe1,5,6,1,6,9,2,5,3
54,All,Expe1,5,6,1,6,15,3,5,2
54,All,Expe1,6,4,1,1,2,0,1,1
54,All,Expe1,6,4,1,1,6,1,1,0
54,All,Expe1,6,4,1,3,2,0,1,1
54,All,Expe1,6,4,1,4,2,0,1,1
54,All,Expe1,6,4,1,4,3,1,1,0
54,All,Expe1,7,5,1,1,3,0,1,1
54,All,Expe1,7,5,1,1,5,1,1,0
54,All,Expe1,7,5,1,2,3,1,0,-1
54,All,Expe1,7,5,1,3,3,0,1,1
54,All,Expe1,7,5,1,3,4,1,1,0
54,All,Expe1,7,5,1,3,6,2,1,-1
54,All,Expe1,7,5,1,3,8,3,1,-2
54,All,Expe1,7,5,1,5,3,0,1,1
54,All,Expe1,7,5,1,5,5,1,1,0
54,All,Expe1,7,5,1,5,7,2,1,-1
54,All,Expe1,7,5,1,5,8,1,3,2
54,All,Expe1,8,3,2,2,2,0,1,1
54,All,Expe1,8,3,2,2,3,1,1,0
54,All,Expe1,9,4,2,1,2,1,0,-1
54,All,Expe1,9,4,2,1,3,0,2,2
54,All,Expe1,9,4,2,1,7,1,2,1
54,All,Expe1,9,4,2,3,2,0,0,0
54,All,Expe1,9,4,2,3,4,0,1,1
54,All,Expe1,10,6,2,1,3,1,0,-1
54,All,Expe1,10,6,2,1,4,2,0,-2
54,All,Expe1,10,6,2,1,5,3,0,-3
54,All,Expe1,10,6,2,4,2,1,0,-1
54,All,Expe1,10,6,2,5,2,0,0,0
54,All,Expe1,10,6,2,5,3,1,0,-1
54,All,Expe1,11,5,2,1,2,0,1,1
54,All,Expe1,11,5,2,1,3,1,1,0
54,All,Expe1,11,5,2,1,6,2,1,-1
54,All,Expe1,11,5,2,2,2,1,0,-1
54,All,Expe1,11,5,2,2,5,0,2,2
54,All,Expe1,11,5,2,3,2,0,1,1
54,All,Expe1,11,5,2,3,3,1,1,0
54,All,Expe1,11,5,2,3,4,2,1,-1
54,All,Expe1,11,5,2,3,9,3,1,-2
54,All,Expe1,11,5,2,5,2,1,0,-1
54,All,Expe1,11,5,2,5,3,2,0,-2
54,All,Expe1,14,2,6,1,2,0,1,1
54,All,Expe1,14,2,6,2,2,0,1,1
54,All,Expe1,15,3,3,2,2,0,1,1
54,All,Expe1,15,3,3,3,9,1,0,-1
54,All,Expe1,16,6,3,1,2,1,0,-1
54,All,Expe1,16,6,3,1,3,2,0,-2
54,All,Expe1,16,6,3,1,4,0,3,3
54,All,Expe1,16,6,3,1,5,3,1,-2
54,All,Expe1,16,6,3,1,7,4,1,-3
54,All,Expe1,16,6,3,1,8,1,5,4
54,All,Expe1,16,6,3,1,14,5,2,-3
54,All,Expe1,16,6,3,2,2,1,0,-1
54,All,Expe1,16,6,3,2,3,2,0,-2
54,All,Expe1,16,6,3,2,5,0,3,3
54,All,Expe1,16,6,3,2,6,3,1,-2
54,All,Expe1,16,6,3,2,8,1,4,3
54,All,Expe1,16,6,3,2,10,2,4,2
54,All,Expe1,16,6,3,2,11,3,4,1
54,All,Expe1,16,6,3,2,12,4,4,0
54,All,Expe1,16,6,3,3,2,1,0,-1
54,All,Expe1,16,6,3,3,3,0,2,2
54,All,Expe1,16,6,3,3,7,2,1,-1
54,All,Expe1,16,6,3,3,8,1,3,2
54,All,Expe1,16,6,3,4,2,0,1,1
54,All,Expe1,16,6,3,4,5,1,1,0
54,All,Expe1,16,6,3,4,6,1,2,1
54,All,Expe1,16,6,3,4,11,2,2,0
54,All,Expe1,16,6,3,5,2,0,0,0
54,All,Expe1,16,6,3,5,3,0,1,1
54,All,Expe1,16,6,3,6,2,0,0,0
54,All,Expe1,16,6,3,6,3,1,0,-1
54,All,Expe1,17,4,3,1,2,1,0,-1
54,All,Expe1,17,4,3,1,3,0,2,2
54,All,Expe1,17,4,3,1,4,1,2,1
54,All,Expe1,17,4,3,2,3,0,1,1
54,All,Expe1,17,4,3,2,4,1,1,0
54,All,Expe1,17,4,3,2,6,2,1,-1
54,All,Expe1,17,4,3,3,4,0,1,1
54,All,Expe1,18,5,3,2,2,0,1,1
54,All,Expe1,18,5,3,2,3,1,1,0
54,All,Expe1,18,5,3,2,4,1,2,1
54,All,Expe1,18,5,3,2,5,2,2,0
54,All,Expe1,18,5,3,3,3,0,1,1
54,All,Expe1,18,5,3,4,2,0,1,1
54,All,Expe1,18,5,3,4,4,1,1,0
54,All,Expe1,18,5,3,4,7,1,2,1
54,All,Expe1,18,5,3,4,8,2,2,0
54,All,Expe1,18,5,3,5,2,0,0,0
54,All,Expe1,18,5,3,5,4,0,1,1
55,All,Expe1,2,3,1,1,2,0,1,1
55,All,Expe1,2,3,1,3,8,0,0,0
55,All,Expe1,3,2,2,1,2,0,1,1
55,All,Expe1,4,4,1,3,2,0,1,1
55,All,Expe1,4,4,1,4,2,0,1,1
55,All,Expe1,5,2,3,2,2,0,1,1
55,All,Expe1,6,3,2,2,2,0,1,1
55,All,Expe1,6,3,2,3,2,0,1,1
55,All,Expe1,7,6,1,1,2,0,1,1
55,All,Expe1,7,6,1,5,2,1,0,-1
55,All,Expe1,7,6,1,5,3,0,2,2
55,All,Expe1,7,6,1,6,2,0,1,1
55,All,Expe1,8,5,1,4,2,0,1,1
55,All,Expe1,8,5,1,4,3,1,1,0
55,All,Expe1,8,5,1,4,4,2,1,-1
55,All,Expe1,8,5,1,5,2,0,1,1
55,All,Expe1,8,5,1,5,3,1,1,0
55,All,Expe1,9,4,2,4,3,1,0,-1
55,All,Expe1,9,4,2,4,4,0,2,2
55,All,Expe1,10,5,2,4,3,0,1,1
55,All,Expe1,10,5,2,5,2,0,1,1
55,All,Expe1,10,5,2,5,3,1,1,0
55,All,Expe1,11,6,2,2,3,0,0,0
55,All,Expe1,11,6,2,2,4,1,0,-1
55,All,Expe1,11,6,2,3,3,0,0,0
55,All,Expe1,11,6,2,3,4,1,0,-1
55,All,Expe1,11,6,2,4,4,1,0,-1
55,All,Expe1,11,6,2,5,3,0,1,1
55,All,Expe1,11,6,2,5,4,1,1,0
55,All,Expe1,11,6,2,6,2,0,1,1
55,All,Expe1,13,3,3,3,2,0,1,1
55,All,Expe1,14,2,5,2,2,0,1,1
55,All,Expe1,15,4,3,2,8,0,1,1
55,All,Expe1,15,4,3,4,2,0,1,1
55,All,Expe1,15,4,3,4,3,1,1,0
55,All,Expe1,16,2,6,2,2,0,1,1
55,All,Expe1,17,3,4,2,2,0,1,1
55,All,Expe1,17,3,4,3,2,0,1,1
55,All,Expe1,18,6,3,1,3,0,0,0
55,All,Expe1,18,6,3,1,4,1,0,-1
55,All,Expe1,18,6,3,1,5,0,2,2
55,All,Expe1,18,6,3,1,6,1,2,1
55,All,Expe1,18,6,3,3,5,1,0,-1
55,All,Expe1,18,6,3,4,3,1,0,-1
55,All,Expe1,18,6,3,5,2,0,1,1
56,All,Expe1,1,3,1,1,2,1,0,-1
56,All,Expe1,1,3,1,3,2,0,1,1
56,All,Expe1,1,3,1,3,4,1,1,0
56,All,Expe1,2,4,1,1,3,1,0,-1
56,All,Expe1,2,4,1,3,6,1,0,-1
56,All,Expe1,2,4,1,4,2,0,0,0
56,All,Expe1,3,2,1,1,2,0,1,1
56,All,Expe1,3,2,1,2,2,0,1,1
56,All,Expe1,4,3,2,1,4,1,0,-1
56,All,Expe1,4,3,2,2,2,0,1,1
56,All,Expe1,5,2,2,2,2,0,1,1
56,All,Expe1,6,5,1,1,2,0,1,1
56,All,Expe1,6,5,1,1,3,1,1,0
56,All,Expe1,6,5,1,1,5,1,2,1
56,All,Expe1,6,5,1,1,6,2,2,0
56,All,Expe1,6,5,1,1,7,3,2,-1
56,All,Expe1,6,5,1,1,8,2,4,2
56,All,Expe1,6,5,1,1,11,3,4,1
56,All,Expe1,6,5,1,1,14,4,4,0
56,All,Expe1,6,5,1,2,6,1,0,-1
56,All,Expe1,6,5,1,3,2,0,1,1
56,All,Expe1,6,5,1,3,3,1,1,0
56,All,Expe1,6,5,1,5,2,0,1,1
56,All,Expe1,6,5,1,5,3,1,1,0
56,All,Expe1,6,5,1,5,4,1,2,1
56,All,Expe1,6,5,1,5,5,2,2,0
56,All,Expe1,6,5,1,5,6,2,3,1
56,All,Expe1,6,5,1,5,7,3,3,0
56,All,Expe1,6,5,1,5,8,3,4,1
56,All,Expe1,6,5,1,5,12,4,4,0
56,All,Expe1,6,5,1,5,15,5,4,-1
56,All,Expe1,7,2,3,1,5,1,0,-1
56,All,Expe1,8,6,1,1,2,0,0,0
56,All,Expe1,8,6,1,1,7,1,0,-1
56,All,Expe1,8,6,1,3,2,0,1,1
56,All,Expe1,8,6,1,3,3,1,1,0
56,All,Expe1,8,6,1,3,4,1,2,1
56,All,Expe1,8,6,1,4,3,0,1,1
56,All,Expe1,8,6,1,4,4,1,1,0
56,All,Expe1,8,6,1,4,5,1,2,1
56,All,Expe1,8,6,1,4,11,2,2,0
56,All,Expe1,8,6,1,5,3,1,0,-1
56,All,Expe1,8,6,1,5,4,0,2,2
56,All,Expe1,8,6,1,5,5,2,1,-1
56,All,Expe1,8,6,1,5,6,1,3,2
56,All,Expe1,8,6,1,6,2,0,0,0
56,All,Expe1,8,6,1,6,3,0,1,1
56,All,Expe1,8,6,1,6,4,1,1,0
56,All,Expe1,8,6,1,6,5,2,1,-1
56,All,Expe1,8,6,1,6,6,1,3,2
56,All,Expe1,9,4,2,1,3,0,0,0
56,All,Expe1,9,4,2,1,5,1,0,-1
56,All,Expe1,9,4,2,1,7,2,0,-2
56,All,Expe1,9,4,2,1,14,3,0,-3
56,All,Expe1,9,4,2,1,15,4,0,-4
56,All,Expe1,9,4,2,2,2,1,0,-1
56,All,Expe1,9,4,2,2,3,0,2,2
56,All,Expe1,9,4,2,2,4,2,1,-1
56,All,Expe1,9,4,2,2,5,1,3,2
56,All,Expe1,9,4,2,2,6,3,2,-1
56,All,Expe1,9,4,2,2,7,4,2,-2
56,All,Expe1,9,4,2,2,12,5,2,-3
56,All,Expe1,9,4,2,2,15,6,2,-4
56,All,Expe1,9,4,2,3,2,0,0,0
56,All,Expe1,9,4,2,3,3,0,1,1
56,All,Expe1,9,4,2,4,10,1,0,-1
56,All,Expe1,10,6,2,1,3,1,0,-1
56,All,Expe1,10,6,2,1,4,0,2,2
56,All,Expe1,10,6,2,2,2,0,1,1
56,All,Expe1,10,6,2,3,3,0,0,0
56,All,Expe1,10,6,2,3,4,0,1,1
56,All,Expe1,10,6,2,3,5,1,1,0
56,All,Expe1,10,6,2,4,2,1,0,-1
56,All,Expe1,10,6,2,4,3,0,2,2
56,All,Expe1,11,5,2,3,9,0,0,0
56,All,Expe1,12,3,3,3,5,0,1,1
56,All,Expe1,12,3,3,3,7,1,1,0
56,All,Expe1,13,4,3,3,2,0,1,1
56,All,Expe1,13,4,3,4,2,0,1,1
56,All,Expe1,13,4,3,4,3,1,1,0
56,All,Expe1,13,4,3,4,4,1,2,1
56,All,Expe1,14,2,4,2,2,1,0,-1
56,All,Expe1,16,2,5,1,9,0,0,0
56,All,Expe1,16,2,5,2,2,0,1,1
56,All,Expe1,16,2,5,2,6,1,1,0
56,All,Expe1,17,5,3,1,3,0,0,0
56,All,Expe1,17,5,3,2,4,0,1,1
56,All,Expe1,17,5,3,3,2,1,0,-1
56,All,Expe1,17,5,3,3,3,0,2,2
56,All,Expe1,17,5,3,3,4,1,2,1
56,All,Expe1,17,5,3,3,6,2,2,0
56,All,Expe1,17,5,3,4,4,0,1,1
56,All,Expe1,17,5,3,4,9,1,1,0
56,All,Expe1,17,5,3,5,2,0,1,1
56,All,Expe1,18,2,6,1,2,0,0,0
56,All,Expe1,18,2,6,1,3,0,1,1
57,All,Expe1,1,4,1,1,2,0,1,1
57,All,Expe1,1,4,1,1,3,1,1,0
57,All,Expe1,1,4,1,1,6,2,1,-1
57,All,Expe1,1,4,1,1,9,3,1,-2
57,All,Expe1,1,4,1,2,2,0,1,1
57,All,Expe1,3,3,2,1,2,0,1,1
57,All,Expe1,4,5,1,1,2,0,1,1
57,All,Expe1,5,2,1,2,3,0,0,0
57,All,Expe1,6,6,1,1,2,0,1,1
57,All,Expe1,6,6,1,1,7,1,1,0
57,All,Expe1,6,6,1,2,2,0,1,1
57,All,Expe1,6,6,1,2,3,1,1,0
57,All,Expe1,6,6,1,2,5,2,1,-1
57,All,Expe1,6,6,1,4,4,0,1,1
57,All,Expe1,6,6,1,4,7,1,1,0
57,All,Expe1,6,6,1,5,2,0,0,0
57,All,Expe1,6,6,1,5,3,1,0,-1
57,All,Expe1,7,2,2,1,2,0,1,1
57,All,Expe1,7,2,2,2,2,0,1,1
57,All,Expe1,8,2,3,1,2,0,1,1
57,All,Expe1,9,5,2,1,3,0,1,1
57,All,Expe1,9,5,2,1,4,1,1,0
57,All,Expe1,9,5,2,2,2,0,1,1
57,All,Expe1,9,5,2,3,2,0,1,1
57,All,Expe1,9,5,2,3,3,1,1,0
57,All,Expe1,10,4,2,1,2,0,1,1
57,All,Expe1,11,6,2,1,2,0,1,1
57,All,Expe1,11,6,2,1,3,1,1,0
57,All,Expe1,11,6,2,4,2,0,1,1
57,All,Expe1,11,6,2,4,3,1,1,0
57,All,Expe1,11,6,2,4,4,1,2,1
57,All,Expe1,11,6,2,4,5,2,2,0
57,All,Expe1,11,6,2,4,6,3,2,-1
57,All,Expe1,11,6,2,6,2,0,1,1
57,All,Expe1,11,6,2,6,3,1,1,0
57,All,Expe1,12,4,3,1,2,0,1,1
57,All,Expe1,12,4,3,2,2,0,1,1
57,All,Expe1,13,3,3,1,2,0,1,1
57,All,Expe1,13,3,3,2,2,0,1,1
57,All,Expe1,14,3,4,1,2,0,1,1
57,All,Expe1,15,5,3,1,2,0,1,1
57,All,Expe1,15,5,3,3,2,0,1,1
57,All,Expe1,17,6,3,1,2,0,1,1
57,All,Expe1,17,6,3,2,2,0,1,1
57,All,Expe1,18,2,5,1,2,0,1,1
57,All,Expe1,18,2,5,2,5,0,1,1
58,All,Expe1,2,5,1,2,3,0,1,1
58,All,Expe1,2,5,1,2,5,1,1,0
58,All,Expe1,2,5,1,3,2,0,1,1
58,All,Expe1,2,5,1,3,3,1,1,0
58,All,Expe1,2,5,1,3,5,2,1,-1
58,All,Expe1,2,5,1,3,7,1,3,2
58,All,Expe1,3,4,1,1,2,1,0,-1
58,All,Expe1,3,4,1,1,3,2,0,-2
58,All,Expe1,3,4,1,1,7,0,3,3
58,All,Expe1,3,4,1,3,2,1,0,-1
58,All,Expe1,3,4,1,3,4,0,2,2
58,All,Expe1,3,4,1,3,5,2,1,-1
58,All,Expe1,3,4,1,4,2,0,1,1
58,All,Expe1,4,6,1,1,2,0,1,1
58,All,Expe1,4,6,1,1,3,1,1,0
58,All,Expe1,4,6,1,1,4,2,1,-1
58,All,Expe1,4,6,1,1,5,3,1,-2
58,All,Expe1,4,6,1,1,6,1,4,3
58,All,Expe1,4,6,1,1,7,4,2,-2
58,All,Expe1,4,6,1,1,9,5,2,-3
58,All,Expe1,4,6,1,1,10,2,6,4
58,All,Expe1,4,6,1,1,14,6,3,-3
58,All,Expe1,4,6,1,2,3,1,0,-1
58,All,Expe1,4,6,1,2,4,2,0,-2
58,All,Expe1,4,6,1,3,2,1,0,-1
58,All,Expe1,4,6,1,3,3,0,2,2
58,All,Expe1,4,6,1,3,5,1,2,1
58,All,Expe1,4,6,1,3,6,2,2,0
58,All,Expe1,4,6,1,3,7,2,3,1
58,All,Expe1,4,6,1,3,8,3,3,0
58,All,Expe1,4,6,1,3,13,4,3,-1
58,All,Expe1,4,6,1,4,2,0,1,1
58,All,Expe1,4,6,1,4,5,1,1,0
58,All,Expe1,4,6,1,4,6,2,1,-1
58,All,Expe1,4,6,1,4,10,3,1,-2
58,All,Expe1,4,6,1,6,2,0,0,0
58,All,Expe1,4,6,1,6,3,1,0,-1
58,All,Expe1,4,6,1,6,4,2,0,-2
58,All,Expe1,4,6,1,6,5,3,0,-3
58,All,Expe1,4,6,1,6,6,0,4,4
58,All,Expe1,4,6,1,6,8,1,4,3
58,All,Expe1,5,3,2,3,2,0,1,1
58,All,Expe1,6,2,1,1,2,0,1,1
58,All,Expe1,6,2,1,1,3,1,1,0
58,All,Expe1,7,2,2,2,2,0,1,1
58,All,Expe1,8,2,3,1,2,0,1,1
58,All,Expe1,9,5,2,1,2,0,1,1
58,All,Expe1,9,5,2,1,3,1,1,0
58,All,Expe1,9,5,2,1,8,1,2,1
58,All,Expe1,11,6,2,1,3,1,0,-1
58,All,Expe1,11,6,2,2,3,1,0,-1
58,All,Expe1,11,6,2,2,4,2,0,-2
58,All,Expe1,11,6,2,3,2,0,0,0
58,All,Expe1,11,6,2,3,3,1,0,-1
58,All,Expe1,11,6,2,3,4,0,2,2
58,All,Expe1,11,6,2,3,5,1,2,1
58,All,Expe1,11,6,2,3,6,2,2,0
58,All,Expe1,11,6,2,4,2,1,0,-1
58,All,Expe1,11,6,2,4,3,2,0,-2
58,All,Expe1,11,6,2,5,2,0,1,1
58,All,Expe1,11,6,2,5,3,1,1,0
58,All,Expe1,11,6,2,5,4,1,2,1
58,All,Expe1,11,6,2,6,3,0,0,0
58,All,Expe1,12,3,3,1,2,0,1,1
58,All,Expe1,12,3,3,3,2,0,1,1
58,All,Expe1,13,5,3,1,2,0,1,1
58,All,Expe1,13,5,3,1,3,1,1,0
58,All,Expe1,13,5,3,1,4,1,2,1
58,All,Expe1,13,5,3,1,6,2,2,0
58,All,Expe1,13,5,3,1,7,2,3,1
58,All,Expe1,13,5,3,2,2,1,0,-1
58,All,Expe1,13,5,3,2,3,2,0,-2
58,All,Expe1,13,5,3,2,4,3,0,-3
58,All,Expe1,13,5,3,2,5,0,4,4
58,All,Expe1,13,5,3,2,6,4,1,-3
58,All,Expe1,13,5,3,3,2,0,1,1
58,All,Expe1,13,5,3,3,3,1,1,0
58,All,Expe1,13,5,3,3,6,2,1,-1
58,All,Expe1,13,5,3,4,2,1,0,-1
58,All,Expe1,13,5,3,5,2,0,1,1
58,All,Expe1,13,5,3,5,3,1,1,0
58,All,Expe1,13,5,3,5,4,1,2,1
58,All,Expe1,13,5,3,5,5,2,2,0
58,All,Expe1,13,5,3,5,9,2,3,1
58,All,Expe1,14,4,3,1,2,1,0,-1
58,All,Expe1,14,4,3,1,8,0,2,2
58,All,Expe1,14,4,3,2,2,0,1,1
58,All,Expe1,14,4,3,2,4,1,1,0
58,All,Expe1,14,4,3,2,5,2,1,-1
58,All,Expe1,14,4,3,3,2,0,1,1
58,All,Expe1,14,4,3,3,3,1,1,0
58,All,Expe1,14,4,3,3,4,2,1,-1
58,All,Expe1,15,6,3,1,8,0,1,1
58,All,Expe1,15,6,3,2,2,1,0,-1
58,All,Expe1,15,6,3,3,2,1,0,-1
58,All,Expe1,15,6,3,4,2,0,1,1
58,All,Expe1,15,6,3,4,3,1,1,0
58,All,Expe1,15,6,3,6,2,0,1,1
58,All,Expe1,15,6,3,6,3,1,1,0
58,All,Expe1,16,3,4,2,2,0,1,1
58,All,Expe1,17,2,4,1,4,0,1,1
58,All,Expe1,17,2,4,2,2,0,1,1
59,All,Expe1,1,5,1,1,2,0,1,1
59,All,Expe1,1,5,1,1,4,1,1,0
59,All,Expe1,1,5,1,1,5,1,2,1
59,All,Expe1,1,5,1,1,6,2,2,0
59,All,Expe1,1,5,1,1,7,2,3,1
59,All,Expe1,1,5,1,2,3,0,1,1
59,All,Expe1,1,5,1,2,4,1,1,0
59,All,Expe1,1,5,1,2,5,2,1,-1
59,All,Expe1,1,5,1,2,6,1,3,2
59,All,Expe1,1,5,1,3,4,1,0,-1
59,All,Expe1,1,5,1,3,8,0,2,2
59,All,Expe1,1,5,1,5,2,0,1,1
59,All,Expe1,1,5,1,5,3,1,1,0
59,All,Expe1,1,5,1,5,4,2,1,-1
59,All,Expe1,1,5,1,5,5,3,1,-2
59,All,Expe1,1,5,1,5,6,1,4,3
59,All,Expe1,2,6,1,6,2,0,1,1
59,All,Expe1,3,3,1,2,2,0,1,1
59,All,Expe1,3,3,1,3,2,0,1,1
59,All,Expe1,3,3,1,3,9,1,1,0
59,All,Expe1,5,4,1,1,7,1,0,-1
59,All,Expe1,5,4,1,4,2,0,1,1
59,All,Expe1,6,2,2,2,3,1,0,-1
59,All,Expe1,7,3,2,3,2,0,1,1
59,All,Expe1,8,2,3,2,2,0,1,1
59,All,Expe1,9,5,2,2,2,0,0,0
59,All,Expe1,9,5,2,3,2,1,0,-1
59,All,Expe1,9,5,2,3,3,0,2,2
59,All,Expe1,9,5,2,4,2,0,1,1
59,All,Expe1,9,5,2,4,4,1,1,0
59,All,Expe1,9,5,2,4,6,2,1,-1
59,All,Expe1,10,6,2,1,3,0,1,1
59,All,Expe1,10,6,2,2,2,0,0,0
59,All,Expe1,10,6,2,4,2,0,1,1
59,All,Expe1,10,6,2,5,2,0,1,1
59,All,Expe1,10,6,2,6,2,1,0,-1
59,All,Expe1,11,4,2,1,4,0,0,0
59,All,Expe1,11,4,2,2,2,0,1,1
59,All,Expe1,11,4,2,2,6,1,1,0
59,All,Expe1,12,5,3,3,4,0,1,1
59,All,Expe1,12,5,3,3,5,1,1,0
59,All,Expe1,12,5,3,3,8,2,1,-1
59,All,Expe1,12,5,3,4,2,0,1,1
59,All,Expe1,12,5,3,5,2,0,1,1
59,All,Expe1,13,6,3,2,3,1,0,-1
59,All,Expe1,13,6,3,3,3,0,1,1
59,All,Expe1,13,6,3,6,2,0,1,1
59,All,Expe1,14,3,3,2,5,1,0,-1
59,All,Expe1,14,3,3,3,4,0,0,0
59,All,Expe1,15,2,4,1,2,0,1,1
59,All,Expe1,16,4,3,3,2,0,1,1
59,All,Expe1,16,4,3,3,4,1,1,0
59,All,Expe1,16,4,3,3,6,2,1,-1
59,All,Expe1,16,4,3,4,2,0,1,1
59,All,Expe1,17,2,5,2,2,1,0,-1
59,All,Expe1,17,2,5,2,3,0,2,2
59,All,Expe1,18,3,4,3,2,0,1,1
60,All,Expe1,1,2,1,1,2,1,0,-1
60,All,Expe1,1,2,1,2,4,0,1,1
60,All,Expe1,2,2,2,2,2,0,1,1
60,All,Expe1,3,6,1,1,3,0,1,1
60,All,Expe1,3,6,1,1,5,1,1,0
60,All,Expe1,3,6,1,2,2,0,1,1
60,All,Expe1,3,6,1,2,3,1,1,0
60,All,Expe1,3,6,1,2,4,2,1,-1
60,All,Expe1,3,6,1,2,5,1,3,2
60,All,Expe1,3,6,1,3,2,1,0,-1
60,All,Expe1,3,6,1,3,3,0,2,2
60,All,Expe1,3,6,1,3,5,1,2,1
60,All,Expe1,3,6,1,5,2,0,0,0
60,All,Expe1,3,6,1,5,3,1,0,-1
60,All,Expe1,3,6,1,5,4,0,2,2
60,All,Expe1,3,6,1,5,6,1,2,1
60,All,Expe1,3,6,1,5,7,2,2,0
60,All,Expe1,3,6,1,5,8,2,3,1
60,All,Expe1,4,2,3,1,2,0,1,1
60,All,Expe1,4,2,3,1,4,1,1,0
60,All,Expe1,5,5,1,1,2,1,0,-1
60,All,Expe1,5,5,1,1,3,0,2,2
60,All,Expe1,5,5,1,1,5,1,2,1
60,All,Expe1,5,5,1,3,2,0,1,1
60,All,Expe1,5,5,1,4,2,0,1,1
60,All,Expe1,6,3,1,1,7,0,1,1
60,All,Expe1,6,3,1,2,7,0,0,0
60,All,Expe1,6,3,1,3,2,0,1,1
60,All,Expe1,8,4,1,1,4,0,0,0
60,All,Expe1,8,4,1,3,2,0,1,1
60,All,Expe1,8,4,1,3,5,1,1,0
60,All,Expe1,8,4,1,4,6,0,1,1
60,All,Expe1,9,5,2,1,3,0,1,1
60,All,Expe1,9,5,2,2,2,0,0,0
60,All,Expe1,9,5,2,3,2,1,0,-1
60,All,Expe1,10,4,2,1,5,0,0,0
60,All,Expe1,10,4,2,2,3,0,1,1
60,All,Expe1,10,4,2,2,6,1,1,0
60,All,Expe1,10,4,2,2,7,2,1,-1
60,All,Expe1,10,4,2,2,8,3,1,-2
60,All,Expe1,10,4,2,3,2,0,1,1
60,All,Expe1,10,4,2,4,2,0,1,1
60,All,Expe1,10,4,2,4,3,1,1,0
60,All,Expe1,11,6,2,1,2,0,1,1
60,All,Expe1,11,6,2,1,3,1,1,0
60,All,Expe1,11,6,2,1,4,1,2,1
60,All,Expe1,11,6,2,3,2,1,0,-1
60,All,Expe1,11,6,2,3,4,2,0,-2
60,All,Expe1,11,6,2,3,5,0,3,3
60,All,Expe1,11,6,2,3,8,3,1,-2
60,All,Expe1,11,6,2,4,2,0,1,1
60,All,Expe1,11,6,2,5,2,0,1,1
60,All,Expe1,11,6,2,5,4,1,1,0
60,All,Expe1,11,6,2,6,2,1,0,-1
60,All,Expe1,11,6,2,6,3,0,2,2
60,All,Expe1,11,6,2,6,4,2,1,-1
60,All,Expe1,14,6,3,1,3,0,0,0
60,All,Expe1,14,6,3,1,4,1,0,-1
60,All,Expe1,14,6,3,2,2,1,0,-1
60,All,Expe1,14,6,3,2,3,0,2,2
60,All,Expe1,14,6,3,3,2,0,0,0
60,All,Expe1,14,6,3,5,2,1,0,-1
60,All,Expe1,16,5,3,1,2,0,0,0
60,All,Expe1,16,5,3,1,3,0,1,1
60,All,Expe1,16,5,3,1,5,1,1,0
60,All,Expe1,16,5,3,2,2,0,1,1
60,All,Expe1,16,5,3,2,3,1,1,0
60,All,Expe1,16,5,3,2,5,1,2,1
60,All,Expe1,16,5,3,3,2,0,1,1
60,All,Expe1,16,5,3,3,3,1,1,0
60,All,Expe1,16,5,3,3,4,1,2,1
60,All,Expe1,17,3,3,2,4,1,0,-1
60,All,Expe1,17,3,3,3,2,0,1,1
60,All,Expe1,17,3,3,3,4,1,1,0
60,All,Expe1,17,3,3,3,5,2,1,-1
60,All,Expe1,18,3,4,2,2,0,1,1
60,All,Expe1,18,3,4,3,2,0,0,0
61,All,Expe1,1,2,1,1,2,0,1,1
61,All,Expe1,2,5,1,3,2,0,1,1
61,All,Expe1,2,5,1,3,3,1,1,0
61,All,Expe1,2,5,1,5,3,0,1,1
61,All,Expe1,3,3,1,1,3,0,0,0
61,All,Expe1,3,3,1,1,5,1,0,-1
61,All,Expe1,3,3,1,2,2,0,1,1
61,All,Expe1,3,3,1,3,5,0,1,1
61,All,Expe1,7,4,1,2,2,0,1,1
61,All,Expe1,8,6,1,1,2,0,1,1
61,All,Expe1,8,6,1,1,3,1,1,0
61,All,Expe1,8,6,1,1,5,1,2,1
61,All,Expe1,8,6,1,1,6,2,2,0
61,All,Expe1,8,6,1,1,7,2,3,1
61,All,Expe1,8,6,1,3,2,0,1,1
61,All,Expe1,8,6,1,3,3,1,1,0
61,All,Expe1,8,6,1,3,4,1,2,1
61,All,Expe1,8,6,1,3,6,2,2,0
61,All,Expe1,8,6,1,3,7,2,3,1
61,All,Expe1,8,6,1,3,8,3,3,0
61,All,Expe1,8,6,1,5,2,1,0,-1
61,All,Expe1,8,6,1,5,3,0,2,2
61,All,Expe1,9,5,2,2,2,0,1,1
61,All,Expe1,9,5,2,4,3,0,1,1
61,All,Expe1,10,6,2,2,3,1,0,-1
61,All,Expe1,10,6,2,3,2,0,1,1
61,All,Expe1,10,6,2,3,3,1,1,0
61,All,Expe1,10,6,2,3,5,2,1,-1
61,All,Expe1,10,6,2,4,2,0,1,1
61,All,Expe1,10,6,2,4,3,1,1,0
61,All,Expe1,10,6,2,4,4,2,1,-1
61,All,Expe1,10,6,2,5,4,0,1,1
61,All,Expe1,10,6,2,5,5,1,1,0
61,All,Expe1,11,4,2,1,3,0,1,1
61,All,Expe1,11,4,2,1,8,1,1,0
61,All,Expe1,11,4,2,2,2,0,1,1
61,All,Expe1,11,4,2,3,2,0,1,1
61,All,Expe1,12,2,4,1,2,0,1,1
61,All,Expe1,15,2,5,2,2,0,1,1
61,All,Expe1,16,2,6,1,2,0,1,1
61,All,Expe1,17,3,4,3,9,1,0,-1
61,All,Expe1,18,4,3,1,2,0,1,1
62,All,Expe1,1,5,1,2,2,0,1,1
62,All,Expe1,1,5,1,3,2,0,1,1
62,All,Expe1,1,5,1,3,7,1,1,0
62,All,Expe1,1,5,1,4,2,1,0,-1
62,All,Expe1,1,5,1,4,3,0,2,2
62,All,Expe1,2,2,1,1,2,0,1,1
62,All,Expe1,3,2,2,1,2,0,1,1
62,All,Expe1,3,2,2,2,2,0,1,1
62,All,Expe1,4,3,1,1,6,0,1,1
62,All,Expe1,4,3,1,2,2,0,1,1
62,All,Expe1,4,3,1,3,5,0,0,0
62,All,Expe1,6,6,1,1,2,1,0,-1
62,All,Expe1,6,6,1,1,3,0,2,2
62,All,Expe1,6,6,1,1,4,1,2,1
62,All,Expe1,6,6,1,1,6,2,2,0
62,All,Expe1,6,6,1,3,2,0,0,0
62,All,Expe1,6,6,1,3,3,0,1,1
62,All,Expe1,6,6,1,3,4,1,1,0
62,All,Expe1,6,6,1,3,5,2,1,-1
62,All,Expe1,6,6,1,4,2,0,1,1
62,All,Expe1,6,6,1,4,3,1,1,0
62,All,Expe1,6,6,1,4,5,2,1,-1
62,All,Expe1,6,6,1,4,6,1,3,2
62,All,Expe1,6,6,1,4,7,2,3,1
62,All,Expe1,6,6,1,4,10,3,3,0
62,All,Expe1,6,6,1,4,12,4,3,-1
62,All,Expe1,6,6,1,5,3,0,0,0
62,All,Expe1,6,6,1,6,4,0,1,1
62,All,Expe1,7,2,3,1,2,0,1,1
62,All,Expe1,8,4,1,2,2,0,1,1
62,All,Expe1,8,4,1,2,3,1,1,0
62,All,Expe1,8,4,1,3,3,0,0,0
62,All,Expe1,8,4,1,3,6,0,1,1
62,All,Expe1,9,6,2,1,3,0,0,0
62,All,Expe1,9,6,2,2,2,1,0,-1
62,All,Expe1,9,6,2,3,3,0,0,0
62,All,Expe1,9,6,2,3,5,1,0,-1
62,All,Expe1,9,6,2,4,3,0,0,0
62,All,Expe1,9,6,2,4,5,1,0,-1
62,All,Expe1,9,6,2,6,3,0,0,0
62,All,Expe1,10,5,2,1,2,0,1,1
62,All,Expe1,10,5,2,3,2,1,0,-1
62,All,Expe1,10,5,2,3,3,0,2,2
62,All,Expe1,10,5,2,3,4,2,1,-1
62,All,Expe1,10,5,2,3,5,1,3,2
62,All,Expe1,10,5,2,4,2,0,1,1
62,All,Expe1,11,4,2,2,2,0,1,1
62,All,Expe1,11,4,2,3,2,0,1,1
62,All,Expe1,11,4,2,3,3,1,1,0
62,All,Expe1,12,5,3,1,4,1,0,-1
62,All,Expe1,12,5,3,2,2,0,1,1
62,All,Expe1,12,5,3,2,8,1,1,0
62,All,Expe1,12,5,3,4,2,0,1,1
62,All,Expe1,12,5,3,4,3,1,1,0
62,All,Expe1,12,5,3,4,4,1,2,1
62,All,Expe1,13,2,4,1,2,0,1,1
62,All,Expe1,13,2,4,1,9,1,1,0
62,All,Expe1,15,3,3,3,4,1,0,-1
62,All,Expe1,17,6,3,1,3,1,0,-1
62,All,Expe1,17,6,3,1,4,2,0,-2
62,All,Expe1,17,6,3,2,2,0,1,1
62,All,Expe1,17,6,3,2,3,1,1,0
62,All,Expe1,17,6,3,2,4,1,2,1
62,All,Expe1,17,6,3,3,10,0,0,0
62,All,Expe1,17,6,3,4,2,1,0,-1
62,All,Expe1,17,6,3,4,3,0,2,2
62,All,Expe1,17,6,3,4,4,1,2,1
62,All,Expe1,17,6,3,4,5,2,2,0
62,All,Expe1,17,6,3,4,7,3,2,-1
62,All,Expe1,17,6,3,5,2,0,0,0
62,All,Expe1,17,6,3,6,2,0,1,1
62,All,Expe1,17,6,3,6,3,1,1,0
62,All,Expe1,17,6,3,6,4,2,1,-1
62,All,Expe1,17,6,3,6,6,1,3,2
62,All,Expe1,17,6,3,6,7,3,2,-1
62,All,Expe1,17,6,3,6,8,4,2,-2
62,All,Expe1,17,6,3,6,12,5,2,-3
62,All,Expe1,17,6,3,6,14,6,2,-4
62,All,Expe1,18,2,6,2,2,0,1,1
63,All,Expe1,1,2,1,1,9,0,1,1
63,All,Expe1,2,3,1,2,2,1,0,-1
63,All,Expe1,2,3,1,3,3,0,0,0
63,All,Expe1,3,5,1,2,3,0,1,1
63,All,Expe1,3,5,1,3,2,1,0,-1
63,All,Expe1,3,5,1,3,3,2,0,-2
63,All,Expe1,3,5,1,3,7,0,3,3
63,All,Expe1,3,5,1,4,2,0,1,1
63,All,Expe1,4,6,1,1,3,0,1,1
63,All,Expe1,4,6,1,2,3,0,0,0
63,All,Expe1,4,6,1,3,2,0,1,1
63,All,Expe1,4,6,1,4,2,1,0,-1
63,All,Expe1,4,6,1,5,3,0,0,0
63,All,Expe1,4,6,1,6,2,0,1,1
63,All,Expe1,4,6,1,6,3,1,1,0
63,All,Expe1,6,4,1,1,2,0,1,1
63,All,Expe1,6,4,1,1,3,1,1,0
63,All,Expe1,6,4,1,1,4,2,1,-1
63,All,Expe1,6,4,1,1,7,3,1,-2
63,All,Expe1,6,4,1,2,2,0,1,1
63,All,Expe1,6,4,1,2,3,1,1,0
63,All,Expe1,6,4,1,3,2,0,1,1
63,All,Expe1,6,4,1,4,2,0,1,1
63,All,Expe1,7,3,2,1,2,0,0,0
63,All,Expe1,7,3,2,1,9,1,0,-1
63,All,Expe1,8,2,3,1,2,0,1,1
63,All,Expe1,9,5,2,1,2,1,0,-1
63,All,Expe1,9,5,2,1,3,2,0,-2
63,All,Expe1,9,5,2,2,2,0,1,1
63,All,Expe1,9,5,2,2,3,1,1,0
63,All,Expe1,9,5,2,2,4,1,2,1
63,All,Expe1,9,5,2,2,6,2,2,0
63,All,Expe1,9,5,2,3,9,0,0,0
63,All,Expe1,10,4,2,1,5,1,0,-1
63,All,Expe1,10,4,2,3,3,0,0,0
63,All,Expe1,11,6,2,1,2,0,1,1
63,All,Expe1,11,6,2,1,4,1,1,0
63,All,Expe1,11,6,2,1,6,2,1,-1
63,All,Expe1,11,6,2,2,3,1,0,-1
63,All,Expe1,11,6,2,2,4,0,2,2
63,All,Expe1,11,6,2,3,2,0,1,1
63,All,Expe1,11,6,2,3,3,1,1,0
63,All,Expe1,11,6,2,3,4,2,1,-1
63,All,Expe1,11,6,2,3,5,3,1,-2
63,All,Expe1,11,6,2,6,2,0,0,0
63,All,Expe1,13,3,3,1,2,0,1,1
63,All,Expe1,13,3,3,1,4,1,1,0
63,All,Expe1,13,3,3,1,7,2,1,-1
63,All,Expe1,13,3,3,3,2,0,0,0
63,All,Expe1,14,5,3,1,2,0,1,1
63,All,Expe1,14,5,3,1,3,1,1,0
63,All,Expe1,14,5,3,1,4,1,2,1
63,All,Expe1,14,5,3,1,5,2,2,0
63,All,Expe1,14,5,3,1,6,2,3,1
63,All,Expe1,14,5,3,1,7,3,3,0
63,All,Expe1,14,5,3,1,8,3,4,1
63,All,Expe1,14,5,3,5,2,0,0,0
63,All,Expe1,14,5,3,5,3,1,0,-1
63,All,Expe1,14,5,3,5,4,0,2,2
63,All,Expe1,14,5,3,5,5,2,1,-1
63,All,Expe1,14,5,3,5,7,3,1,-2
63,All,Expe1,15,6,3,1,3,1,0,-1
63,All,Expe1,15,6,3,1,5,2,0,-2
63,All,Expe1,15,6,3,2,4,1,0,-1
63,All,Expe1,15,6,3,2,5,0,2,2
63,All,Expe1,15,6,3,3,2,1,0,-1
63,All,Expe1,15,6,3,3,3,0,2,2
63,All,Expe1,15,6,3,3,4,1,2,1
63,All,Expe1,15,6,3,3,5,2,2,0
63,All,Expe1,15,6,3,3,6,3,2,-1
63,All,Expe1,15,6,3,3,7,2,4,2
63,All,Expe1,15,6,3,3,9,3,4,1
63,All,Expe1,15,6,3,3,10,4,4,0
63,All,Expe1,15,6,3,4,2,0,1,1
63,All,Expe1,15,6,3,5,3,0,0,0
63,All,Expe1,15,6,3,5,6,1,0,-1
63,All,Expe1,15,6,3,6,2,0,0,0
63,All,Expe1,16,2,5,2,2,0,1,1
63,All,Expe1,17,4,3,1,3,1,0,-1
63,All,Expe1,17,4,3,2,2,0,1,1
63,All,Expe1,17,4,3,3,2,0,1,1
63,All,Expe1,17,4,3,4,2,0,0,0
63,All,Expe1,18,3,4,3,2,0,1,1
64,All,Expe1,1,3,1,1,2,0,1,1
64,All,Expe1,1,3,1,2,2,0,1,1
64,All,Expe1,1,3,1,2,3,1,1,0
64,All,Expe1,2,6,1,1,2,0,1,1
64,All,Expe1,2,6,1,3,2,0,1,1
64,All,Expe1,2,6,1,3,3,1,1,0
64,All,Expe1,2,6,1,3,6,2,1,-1
64,All,Expe1,2,6,1,4,5,0,0,0
64,All,Expe1,2,6,1,5,2,0,0,0
64,All,Expe1,2,6,1,5,3,0,1,1
64,All,Expe1,2,6,1,5,5,1,1,0
64,All,Expe1,2,6,1,5,9,2,1,-1
64,All,Expe1,2,6,1,6,3,0,1,1
64,All,Expe1,2,6,1,6,5,1,1,0
64,All,Expe1,3,2,1,1,2,0,1,1
64,All,Expe1,3,2,1,2,2,0,1,1
64,All,Expe1,4,4,1,1,2,0,1,1
64,All,Expe1,4,4,1,1,3,1,1,0
64,All,Expe1,4,4,1,1,5,2,1,-1
64,All,Expe1,4,4,1,3,2,0,1,1
64,All,Expe1,4,4,1,3,6,1,1,0
64,All,Expe1,5,5,1,2,2,0,1,1
64,All,Expe1,5,5,1,2,4,1,1,0
64,All,Expe1,5,5,1,2,5,1,2,1
64,All,Expe1,5,5,1,2,9,2,2,0
64,All,Expe1,5,5,1,5,3,0,0,0
64,All,Expe1,6,2,2,1,2,0,1,1
64,All,Expe1,7,2,3,1,2,0,1,1
64,All,Expe1,7,2,3,2,2,0,1,1
64,All,Expe1,8,3,2,1,2,0,1,1
64,All,Expe1,8,3,2,1,3,1,1,0
64,All,Expe1,8,3,2,2,2,0,1,1
64,All,Expe1,8,3,2,3,2,0,0,0
64,All,Expe1,8,3,2,3,3,0,1,1
64,All,Expe1,9,5,2,2,2,1,0,-1
64,All,Expe1,9,5,2,4,3,1,0,-1
64,All,Expe1,9,5,2,4,4,2,0,-2
64,All,Expe1,9,5,2,4,5,3,0,-3
64,All,Expe1,9,5,2,4,6,4,0,-4
64,All,Expe1,9,5,2,5,2,0,1,1
64,All,Expe1,10,6,2,1,2,1,0,-1
64,All,Expe1,10,6,2,3,2,0,1,1
64,All,Expe1,10,6,2,3,3,1,1,0
64,All,Expe1,10,6,2,3,4,2,1,-1
64,All,Expe1,10,6,2,3,5,3,1,-2
64,All,Expe1,10,6,2,5,3,1,0,-1
64,All,Expe1,10,6,2,6,2,0,1,1
64,All,Expe1,10,6,2,6,3,1,1,0
64,All,Expe1,10,6,2,6,6,2,1,-1
64,All,Expe1,11,4,2,3,2,0,1,1
64,All,Expe1,11,4,2,3,3,1,1,0
64,All,Expe1,11,4,2,3,4,1,2,1
64,All,Expe1,11,4,2,4,2,1,0,-1
64,All,Expe1,11,4,2,4,5,2,0,-2
64,All,Expe1,11,4,2,4,6,3,0,-3
64,All,Expe1,13,6,3,1,2,0,1,1
64,All,Expe1,13,6,3,1,3,1,1,0
64,All,Expe1,13,6,3,2,2,1,0,-1
64,All,Expe1,13,6,3,4,2,1,0,-1
64,All,Expe1,13,6,3,4,3,2,0,-2
64,All,Expe1,13,6,3,4,6,3,0,-3
64,All,Expe1,13,6,3,6,2,0,0,0
64,All,Expe1,13,6,3,6,3,1,0,-1
64,All,Expe1,13,6,3,6,4,0,2,2
64,All,Expe1,13,6,3,6,8,1,2,1
64,All,Expe1,14,2,4,2,2,0,1,1
64,All,Expe1,15,4,3,1,6,0,1,1
64,All,Expe1,15,4,3,2,5,0,0,0
64,All,Expe1,15,4,3,3,2,0,1,1
64,All,Expe1,15,4,3,3,3,1,1,0
64,All,Expe1,15,4,3,4,9,0,0,0
64,All,Expe1,16,5,3,1,3,1,0,-1
64,All,Expe1,16,5,3,1,9,2,0,-2
64,All,Expe1,16,5,3,4,3,1,0,-1
64,All,Expe1,16,5,3,5,2,0,1,1
64,All,Expe1,17,2,5,1,2,1,0,-1
65,All,Expe1,1,6,1,1,3,0,0,0
65,All,Expe1,1,6,1,1,11,0,1,1
65,All,Expe1,1,6,1,2,2,0,0,0
65,All,Expe1,1,6,1,2,3,0,1,1
65,All,Expe1,1,6,1,2,4,1,1,0
65,All,Expe1,1,6,1,2,5,2,1,-1
65,All,Expe1,1,6,1,3,2,1,0,-1
65,All,Expe1,1,6,1,3,3,2,0,-2
65,All,Expe1,1,6,1,3,4,0,3,3
65,All,Expe1,1,6,1,3,6,3,1,-2
65,All,Expe1,1,6,1,3,7,1,4,3
65,All,Expe1,1,6,1,3,9,4,2,-2
65,All,Expe1,1,6,1,3,11,5,2,-3
65,All,Expe1,1,6,1,4,2,0,0,0
65,All,Expe1,1,6,1,4,3,1,0,-1
65,All,Expe1,1,6,1,4,5,2,0,-2
65,All,Expe1,1,6,1,5,3,0,0,0
65,All,Expe1,1,6,1,5,5,1,0,-1
65,All,Expe1,1,6,1,6,2,0,1,1
65,All,Expe1,1,6,1,6,8,1,1,0
65,All,Expe1,1,6,1,6,9,2,1,-1
65,All,Expe1,2,4,1,1,2,0,1,1
65,All,Expe1,2,4,1,1,3,1,1,0
65,All,Expe1,2,4,1,1,5,1,2,1
65,All,Expe1,2,4,1,2,2,0,1,1
65,All,Expe1,2,4,1,2,9,1,1,0
65,All,Expe1,2,4,1,4,2,1,0,-1
65,All,Expe1,3,3,1,1,2,0,1,1
65,All,Expe1,3,3,1,2,2,0,1,1
65,All,Expe1,3,3,1,3,2,0,1,1
65,All,Expe1,3,3,1,3,7,1,1,0
65,All,Expe1,5,2,2,1,2,0,1,1
65,All,Expe1,5,2,2,2,2,0,1,1
65,All,Expe1,6,3,2,1,2,0,1,1
65,All,Expe1,7,5,1,1,2,1,0,-1
65,All,Expe1,7,5,1,2,2,0,1,1
65,All,Expe1,7,5,1,2,3,1,1,0
65,All,Expe1,7,5,1,2,6,2,1,-1
65,All,Expe1,7,5,1,2,8,3,1,-2
65,All,Expe1,7,5,1,3,2,0,1,1
65,All,Expe1,7,5,1,3,3,1,1,0
65,All,Expe1,9,4,2,1,2,0,1,1
65,All,Expe1,9,4,2,1,3,1,1,0
65,All,Expe1,9,4,2,1,6,2,1,-1
65,All,Expe1,10,6,2,2,3,0,1,1
65,All,Expe1,10,6,2,2,4,1,1,0
65,All,Expe1,10,6,2,2,5,1,2,1
65,All,Expe1,10,6,2,2,6,2,2,0
65,All,Expe1,10,6,2,2,7,2,3,1
65,All,Expe1,10,6,2,2,8,3,3,0
65,All,Expe1,10,6,2,2,9,4,3,-1
65,All,Expe1,10,6,2,2,10,5,3,-2
65,All,Expe1,10,6,2,2,12,3,6,3
65,All,Expe1,10,6,2,3,2,1,0,-1
65,All,Expe1,10,6,2,3,3,0,2,2
65,All,Expe1,10,6,2,3,4,2,1,-1
65,All,Expe1,10,6,2,3,5,1,3,2
65,All,Expe1,10,6,2,3,6,3,2,-1
65,All,Expe1,10,6,2,3,7,2,4,2
65,All,Expe1,10,6,2,3,8,3,4,1
65,All,Expe1,10,6,2,4,2,0,1,1
65,All,Expe1,10,6,2,4,4,1,1,0
65,All,Expe1,10,6,2,4,5,2,1,-1
65,All,Expe1,10,6,2,4,7,1,3,2
65,All,Expe1,10,6,2,4,8,3,2,-1
65,All,Expe1,10,6,2,5,2,1,0,-1
65,All,Expe1,10,6,2,5,3,2,0,-2
65,All,Expe1,10,6,2,5,6,0,3,3
65,All,Expe1,11,5,2,1,2,0,1,1
65,All,Expe1,11,5,2,1,5,1,1,0
65,All,Expe1,11,5,2,2,2,0,1,1
65,All,Expe1,11,5,2,2,3,1,1,0
65,All,Expe1,11,5,2,2,4,1,2,1
65,All,Expe1,11,5,2,2,5,2,2,0
65,All,Expe1,11,5,2,2,6,3,2,-1
65,All,Expe1,11,5,2,2,8,4,2,-2
65,All,Expe1,11,5,2,2,10,5,2,-3
65,All,Expe1,11,5,2,3,2,0,1,1
65,All,Expe1,11,5,2,3,3,1,1,0
65,All,Expe1,11,5,2,3,4,2,1,-1
65,All,Expe1,11,5,2,4,2,0,1,1
65,All,Expe1,12,6,3,5,7,0,0,0
65,All,Expe1,13,4,3,2,2,1,0,-1
65,All,Expe1,13,4,3,2,5,0,2,2
65,All,Expe1,14,3,3,1,5,1,0,-1
65,All,Expe1,14,3,3,2,2,0,0,0
65,All,Expe1,14,3,3,2,3,0,1,1
65,All,Expe1,15,2,4,1,2,0,1,1
65,All,Expe1,17,3,4,2,2,0,1,1
65,All,Expe1,17,3,4,2,3,1,1,0
65,All,Expe1,17,3,4,3,2,0,0,0
65,All,Expe1,17,3,4,3,3,0,1,1
65,All,Expe1,18,5,3,1,3,1,0,-1
65,All,Expe1,18,5,3,3,2,0,0,0
65,All,Expe1,18,5,3,3,3,1,0,-1
65,All,Expe1,18,5,3,3,4,0,2,2
65,All,Expe1,18,5,3,3,5,2,1,-1
65,All,Expe1,18,5,3,3,7,3,1,-2
65,All,Expe1,18,5,3,3,8,4,1,-3
65,All,Expe1,18,5,3,4,2,0,1,1
65,All,Expe1,18,5,3,4,3,1,1,0
65,All,Expe1,18,5,3,4,4,1,2,1
65,All,Expe1,18,5,3,4,5,2,2,0
65,All,Expe1,18,5,3,4,6,3,2,-1
65,All,Expe1,18,5,3,4,7,2,4,2
66,All,Expe1,1,4,1,3,3,1,0,-1
66,All,Expe1,2,2,1,1,2,0,1,1
66,All,Expe1,2,2,1,1,6,1,1,0
66,All,Expe1,2,2,1,1,7,1,2,1
66,All,Expe1,2,2,1,1,10,2,2,0
66,All,Expe1,2,2,1,2,10,1,0,-1
66,All,Expe1,3,6,1,1,5,1,0,-1
66,All,Expe1,3,6,1,1,6,0,2,2
66,All,Expe1,3,6,1,1,8,1,2,1
66,All,Expe1,3,6,1,1,10,2,2,0
66,All,Expe1,3,6,1,1,11,2,3,1
66,All,Expe1,3,6,1,1,12,3,3,0
66,All,Expe1,3,6,1,1,13,4,3,-1
66,All,Expe1,3,6,1,1,14,5,3,-2
66,All,Expe1,3,6,1,2,2,0,0,0
66,All,Expe1,3,6,1,2,3,0,1,1
66,All,Expe1,3,6,1,2,4,1,1,0
66,All,Expe1,3,6,1,2,5,2,1,-1
66,All,Expe1,3,6,1,2,6,1,3,2
66,All,Expe1,3,6,1,2,8,2,3,1
66,All,Expe1,3,6,1,2,11,3,3,0
66,All,Expe1,3,6,1,2,12,4,3,-1
66,All,Expe1,3,6,1,2,14,5,3,-2
66,All,Expe1,3,6,1,3,2,1,0,-1
66,All,Expe1,3,6,1,3,4,0,2,2
66,All,Expe1,3,6,1,3,6,1,2,1
66,All,Expe1,3,6,1,3,7,2,2,0
66,All,Expe1,3,6,1,3,8,3,2,-1
66,All,Expe1,3,6,1,3,9,4,2,-2
66,All,Expe1,3,6,1,3,11,5,2,-3
66,All,Expe1,3,6,1,3,12,6,2,-4
66,All,Expe1,3,6,1,3,15,7,2,-5
66,All,Expe1,3,6,1,4,4,1,0,-1
66,All,Expe1,3,6,1,4,5,2,0,-2
66,All,Expe1,3,6,1,5,2,0,1,1
66,All,Expe1,3,6,1,5,3,1,1,0
66,All,Expe1,3,6,1,5,4,1,2,1
66,All,Expe1,4,3,1,1,5,0,0,0
66,All,Expe1,4,3,1,2,3,0,0,0
66,All,Expe1,5,3,2,1,5,0,0,0
66,All,Expe1,5,3,2,2,2,0,1,1
66,All,Expe1,5,3,2,2,3,1,1,0
66,All,Expe1,5,3,2,3,3,1,0,-1
66,All,Expe1,5,3,2,3,5,0,2,2
66,All,Expe1,5,3,2,3,6,1,2,1
66,All,Expe1,6,2,2,2,2,0,1,1
66,All,Expe1,6,2,2,2,3,1,1,0
66,All,Expe1,7,2,3,1,8,0,1,1
66,All,Expe1,7,2,3,2,2,0,1,1
66,All,Expe1,7,2,3,2,8,1,1,0
66,All,Expe1,7,2,3,2,9,2,1,-1
66,All,Expe1,8,5,1,2,2,0,0,0
66,All,Expe1,8,5,1,2,6,1,0,-1
66,All,Expe1,8,5,1,3,2,0,1,1
66,All,Expe1,8,5,1,3,3,1,1,0
66,All,Expe1,8,5,1,3,9,1,2,1
66,All,Expe1,8,5,1,4,2,0,0,0
66,All,Expe1,8,5,1,4,3,1,0,-1
66,All,Expe1,8,5,1,4,5,0,2,2
66,All,Expe1,8,5,1,4,6,2,1,-1
66,All,Expe1,8,5,1,5,2,1,0,-1
66,All,Expe1,9,4,2,1,2,0,1,1
66,All,Expe1,9,4,2,1,3,1,1,0
66,All,Expe1,9,4,2,1,5,1,2,1
66,All,Expe1,9,4,2,3,2,0,0,0
66,All,Expe1,9,4,2,3,3,1,0,-1
66,All,Expe1,10,6,2,1,2,1,0,-1
66,All,Expe1,10,6,2,3,2,0,1,1
66,All,Expe1,11,5,2,1,2,0,1,1
66,All,Expe1,11,5,2,1,3,1,1,0
66,All,Expe1,11,5,2,1,4,1,2,1
66,All,Expe1,11,5,2,1,5,2,2,0
66,All,Expe1,11,5,2,1,10,3,2,-1
66,All,Expe1,11,5,2,2,3,0,1,1
66,All,Expe1,11,5,2,4,2,1,0,-1
66,All,Expe1,11,5,2,4,3,0,2,2
66,All,Expe1,12,4,3,1,3,0,0,0
66,All,Expe1,12,4,3,2,2,0,1,1
66,All,Expe1,12,4,3,2,3,1,1,0
66,All,Expe1,12,4,3,2,8,2,1,-1
66,All,Expe1,12,4,3,3,2,1,0,-1
66,All,Expe1,12,4,3,3,3,2,0,-2
66,All,Expe1,12,4,3,3,4,0,3,3
66,All,Expe1,12,4,3,3,7,1,3,2
66,All,Expe1,13,2,4,1,9,1,0,-1
66,All,Expe1,13,2,4,2,6,0,0,0
66,All,Expe1,14,6,3,1,2,1,0,-1
66,All,Expe1,14,6,3,1,3,0,2,2
66,All,Expe1,14,6,3,3,2,0,1,1
66,All,Expe1,14,6,3,5,2,0,1,1
66,All,Expe1,15,3,3,1,2,0,1,1
66,All,Expe1,15,3,3,1,3,1,1,0
66,All,Expe1,15,3,3,1,4,2,1,-1
66,All,Expe1,15,3,3,1,6,3,1,-2
66,All,Expe1,15,3,3,3,2,0,1,1
66,All,Expe1,15,3,3,3,3,1,1,0
66,All,Expe1,15,3,3,3,4,1,2,1
66,All,Expe1,16,3,4,2,2,0,1,1
66,All,Expe1,18,2,6,1,2,0,1,1
67,All,Expe1,1,2,1,1,2,0,1,1
67,All,Expe1,2,3,1,2,2,1,0,-1
67,All,Expe1,2,3,1,2,3,2,0,-2
67,All,Expe1,2,3,1,2,4,0,3,3
67,All,Expe1,3,4,1,1,6,1,0,-1
67,All,Expe1,3,4,1,2,2,0,1,1
67,All,Expe1,3,4,1,2,3,1,1,0
67,All,Expe1,3,4,1,2,4,1,2,1
67,All,Expe1,3,4,1,2,6,2,2,0
67,All,Expe1,4,2,2,1,2,0,1,1
67,All,Expe1,4,2,2,1,3,1,1,0
67,All,Expe1,4,2,2,2,2,0,1,1
67,All,Expe1,5,6,1,1,3,0,1,1
67,All,Expe1,5,6,1,3,2,0,1,1
67,All,Expe1,5,6,1,3,3,1,1,0
67,All,Expe1,5,6,1,3,4,1,2,1
67,All,Expe1,5,6,1,3,5,2,2,0
67,All,Expe1,5,6,1,3,6,2,3,1
67,All,Expe1,5,6,1,3,7,3,3,0
67,All,Expe1,5,6,1,4,8,0,0,0
67,All,Expe1,5,6,1,5,2,0,1,1
67,All,Expe1,6,5,1,1,4,1,0,-1
67,All,Expe1,6,5,1,3,3,0,0,0
67,All,Expe1,6,5,1,3,4,1,0,-1
67,All,Expe1,6,5,1,3,5,2,0,-2
67,All,Expe1,6,5,1,3,6,0,3,3
67,All,Expe1,6,5,1,3,8,3,1,-2
67,All,Expe1,6,5,1,3,9,1,4,3
67,All,Expe1,6,5,1,4,3,0,0,0
67,All,Expe1,6,5,1,4,4,1,0,-1
67,All,Expe1,6,5,1,5,2,0,0,0
67,All,Expe1,6,5,1,5,6,1,0,-1
67,All,Expe1,6,5,1,5,7,2,0,-2
67,All,Expe1,7,3,2,1,7,0,0,0
67,All,Expe1,7,3,2,2,2,1,0,-1
67,All,Expe1,7,3,2,3,2,1,0,-1
67,All,Expe1,7,3,2,3,3,0,2,2
67,All,Expe1,8,2,3,1,2,0,1,1
67,All,Expe1,9,5,2,2,2,0,0,0
67,All,Expe1,9,5,2,2,3,1,0,-1
67,All,Expe1,9,5,2,2,4,0,2,2
67,All,Expe1,9,5,2,4,2,1,0,-1
67,All,Expe1,10,6,2,2,2,1,0,-1
67,All,Expe1,10,6,2,2,5,0,2,2
67,All,Expe1,10,6,2,2,6,1,2,1
67,All,Expe1,10,6,2,2,7,2,2,0
67,All,Expe1,10,6,2,2,8,2,3,1
67,All,Expe1,10,6,2,2,9,3,3,0
67,All,Expe1,10,6,2,2,10,3,4,1
67,All,Expe1,10,6,2,2,11,4,4,0
67,All,Expe1,10,6,2,4,2,1,0,-1
67,All,Expe1,10,6,2,4,3,2,0,-2
67,All,Expe1,10,6,2,4,4,3,0,-3
67,All,Expe1,10,6,2,4,5,4,0,-4
67,All,Expe1,10,6,2,5,4,0,0,0
67,All,Expe1,10,6,2,6,2,1,0,-1
67,All,Expe1,10,6,2,6,5,2,0,-2
67,All,Expe1,10,6,2,6,6,3,0,-3
67,All,Expe1,10,6,2,6,12,4,0,-4
67,All,Expe1,10,6,2,6,13,5,0,-5
67,All,Expe1,11,4,2,1,4,0,1,1
67,All,Expe1,11,4,2,2,2,0,1,1
67,All,Expe1,11,4,2,2,6,1,1,0
67,All,Expe1,11,4,2,2,7,2,1,-1
67,All,Expe1,11,4,2,2,12,3,1,-2
67,All,Expe1,11,4,2,2,13,4,1,-3
67,All,Expe1,11,4,2,4,2,0,1,1
67,All,Expe1,11,4,2,4,3,1,1,0
67,All,Expe1,12,2,4,1,2,0,1,1
67,All,Expe1,12,2,4,1,3,1,1,0
67,All,Expe1,13,3,3,1,8,0,0,0
67,All,Expe1,13,3,3,2,5,0,0,0
67,All,Expe1,13,3,3,2,9,1,0,-1
67,All,Expe1,13,3,3,3,2,0,1,1
67,All,Expe1,13,3,3,3,5,1,1,0
67,All,Expe1,14,4,3,1,2,0,1,1
67,All,Expe1,14,4,3,1,3,1,1,0
67,All,Expe1,14,4,3,2,9,0,1,1
67,All,Expe1,14,4,3,4,2,0,1,1
67,All,Expe1,16,6,3,1,2,0,1,1
67,All,Expe1,16,6,3,1,3,1,1,0
67,All,Expe1,16,6,3,1,5,1,2,1
67,All,Expe1,16,6,3,1,6,2,2,0
67,All,Expe1,16,6,3,2,2,0,1,1
67,All,Expe1,16,6,3,2,3,1,1,0
67,All,Expe1,16,6,3,2,4,1,2,1
67,All,Expe1,16,6,3,2,5,2,2,0
67,All,Expe1,16,6,3,2,6,2,3,1
67,All,Expe1,16,6,3,2,7,3,3,0
67,All,Expe1,16,6,3,2,8,4,3,-1
67,All,Expe1,16,6,3,2,9,5,3,-2
67,All,Expe1,16,6,3,3,2,1,0,-1
67,All,Expe1,16,6,3,3,3,0,2,2
67,All,Expe1,16,6,3,3,4,1,2,1
67,All,Expe1,16,6,3,3,5,2,2,0
67,All,Expe1,16,6,3,3,6,2,3,1
67,All,Expe1,16,6,3,3,7,3,3,0
67,All,Expe1,16,6,3,3,8,4,3,-1
67,All,Expe1,16,6,3,3,9,5,3,-2
67,All,Expe1,16,6,3,3,10,6,3,-3
67,All,Expe1,16,6,3,3,11,3,7,4
67,All,Expe1,16,6,3,3,12,4,7,3
67,All,Expe1,16,6,3,3,14,5,7,2
67,All,Expe1,16,6,3,4,12,0,1,1
67,All,Expe1,16,6,3,5,2,0,0,0
67,All,Expe1,16,6,3,5,8,1,0,-1
67,All,Expe1,16,6,3,5,12,2,0,-2
67,All,Expe1,16,6,3,6,2,1,0,-1
67,All,Expe1,16,6,3,6,3,2,0,-2
67,All,Expe1,16,6,3,6,4,0,3,3
67,All,Expe1,16,6,3,6,5,1,3,2
67,All,Expe1,16,6,3,6,6,2,3,1
67,All,Expe1,16,6,3,6,7,3,3,0
67,All,Expe1,17,5,3,1,2,1,0,-1
67,All,Expe1,17,5,3,1,3,0,2,2
67,All,Expe1,17,5,3,1,4,2,1,-1
67,All,Expe1,17,5,3,4,2,0,1,1
67,All,Expe1,17,5,3,4,3,1,1,0
67,All,Expe1,17,5,3,4,4,1,2,1
67,All,Expe1,17,5,3,4,5,2,2,0
67,All,Expe1,17,5,3,5,9,0,0,0
67,All,Expe1,17,5,3,5,12,0,1,1
67,All,Expe1,18,3,4,2,13,1,0,-1
68,All,Expe1,1,3,1,1,2,0,1,1
68,All,Expe1,1,3,1,1,8,1,1,0
68,All,Expe1,1,3,1,3,3,0,0,0
68,All,Expe1,3,2,2,1,2,0,1,1
68,All,Expe1,4,5,1,1,2,1,0,-1
68,All,Expe1,4,5,1,1,4,2,0,-2
68,All,Expe1,4,5,1,1,5,3,0,-3
68,All,Expe1,4,5,1,1,9,0,4,4
68,All,Expe1,4,5,1,1,10,1,4,3
68,All,Expe1,4,5,1,1,12,2,4,2
68,All,Expe1,4,5,1,2,2,0,0,0
68,All,Expe1,4,5,1,2,4,0,1,1
68,All,Expe1,4,5,1,2,5,1,1,0
68,All,Expe1,4,5,1,2,6,1,2,1
68,All,Expe1,4,5,1,2,7,2,2,0
68,All,Expe1,4,5,1,2,9,2,3,1
68,All,Expe1,4,5,1,2,10,3,3,0
68,All,Expe1,4,5,1,2,12,4,3,-1
68,All,Expe1,4,5,1,3,2,0,1,1
68,All,Expe1,4,5,1,3,3,1,1,0
68,All,Expe1,4,5,1,3,4,1,2,1
68,All,Expe1,4,5,1,3,5,2,2,0
68,All,Expe1,4,5,1,3,6,3,2,-1
68,All,Expe1,4,5,1,3,7,2,4,2
68,All,Expe1,4,5,1,4,2,1,0,-1
68,All,Expe1,4,5,1,4,3,2,0,-2
68,All,Expe1,4,5,1,4,4,0,3,3
68,All,Expe1,4,5,1,4,6,1,3,2
68,All,Expe1,4,5,1,4,7,2,3,1
68,All,Expe1,4,5,1,4,8,3,3,0
68,All,Expe1,4,5,1,4,9,3,4,1
68,All,Expe1,4,5,1,5,4,0,0,0
68,All,Expe1,4,5,1,5,5,0,1,1
68,All,Expe1,4,5,1,5,6,1,1,0
68,All,Expe1,5,4,1,1,2,0,1,1
68,All,Expe1,5,4,1,1,4,1,1,0
68,All,Expe1,5,4,1,1,5,2,1,-1
68,All,Expe1,5,4,1,2,2,1,0,-1
68,All,Expe1,5,4,1,2,3,2,0,-2
68,All,Expe1,5,4,1,3,2,0,1,1
68,All,Expe1,5,4,1,4,2,0,1,1
68,All,Expe1,5,4,1,4,3,1,1,0
68,All,Expe1,6,2,3,1,2,0,1,1
68,All,Expe1,7,6,1,1,2,1,0,-1
68,All,Expe1,7,6,1,1,3,2,0,-2
68,All,Expe1,7,6,1,1,4,3,0,-3
68,All,Expe1,7,6,1,1,5,0,4,4
68,All,Expe1,7,6,1,1,6,1,4,3
68,All,Expe1,7,6,1,2,3,0,1,1
68,All,Expe1,7,6,1,3,2,1,0,-1
68,All,Expe1,7,6,1,4,2,0,0,0
68,All,Expe1,7,6,1,6,3,0,0,0
68,All,Expe1,7,6,1,6,4,1,0,-1
68,All,Expe1,7,6,1,6,5,2,0,-2
68,All,Expe1,7,6,1,6,9,3,0,-3
68,All,Expe1,8,3,2,2,2,0,1,1
68,All,Expe1,9,4,2,1,2,0,0,0
68,All,Expe1,9,4,2,1,4,1,0,-1
68,All,Expe1,9,4,2,2,2,1,0,-1
68,All,Expe1,9,4,2,2,3,0,2,2
68,All,Expe1,9,4,2,2,4,2,1,-1
68,All,Expe1,9,4,2,2,5,1,3,2
68,All,Expe1,9,4,2,3,6,0,0,0
68,All,Expe1,10,6,2,1,2,1,0,-1
68,All,Expe1,10,6,2,1,3,2,0,-2
68,All,Expe1,10,6,2,3,2,0,1,1
68,All,Expe1,10,6,2,3,3,1,1,0
68,All,Expe1,10,6,2,3,9,2,1,-1
68,All,Expe1,10,6,2,4,2,1,0,-1
68,All,Expe1,10,6,2,4,3,2,0,-2
68,All,Expe1,10,6,2,4,4,3,0,-3
68,All,Expe1,10,6,2,4,5,0,4,4
68,All,Expe1,10,6,2,6,2,0,0,0
68,All,Expe1,10,6,2,6,3,1,0,-1
68,All,Expe1,10,6,2,6,4,2,0,-2
68,All,Expe1,10,6,2,6,5,3,0,-3
68,All,Expe1,10,6,2,6,6,4,0,-4
68,All,Expe1,10,6,2,6,7,0,5,5
68,All,Expe1,10,6,2,6,9,5,1,-4
68,All,Expe1,11,5,2,1,2,0,0,0
68,All,Expe1,11,5,2,1,3,0,1,1
68,All,Expe1,11,5,2,1,4,1,1,0
68,All,Expe1,11,5,2,1,5,1,2,1
68,All,Expe1,11,5,2,1,6,2,2,0
68,All,Expe1,11,5,2,1,7,2,3,1
68,All,Expe1,11,5,2,2,9,0,1,1
68,All,Expe1,11,5,2,3,4,1,0,-1
68,All,Expe1,12,3,3,1,4,0,1,1
68,All,Expe1,12,3,3,2,2,0,1,1
68,All,Expe1,12,3,3,3,3,0,1,1
68,All,Expe1,13,2,4,1,4,0,1,1
68,All,Expe1,13,2,4,2,2,1,0,-1
68,All,Expe1,13,2,4,2,6,0,2,2
68,All,Expe1,15,5,3,1,2,1,0,-1
68,All,Expe1,15,5,3,2,3,0,1,1
68,All,Expe1,15,5,3,4,2,0,0,0
68,All,Expe1,15,5,3,4,3,0,1,1
68,All,Expe1,15,5,3,4,4,1,1,0
68,All,Expe1,15,5,3,4,5,2,1,-1
68,All,Expe1,15,5,3,4,6,1,3,2
68,All,Expe1,15,5,3,5,9,0,0,0
68,All,Expe1,16,4,3,2,2,0,1,1
68,All,Expe1,16,4,3,4,7,0,0,0
68,All,Expe1,18,6,3,1,2,0,1,1
68,All,Expe1,18,6,3,1,3,1,1,0
68,All,Expe1,18,6,3,1,4,1,2,1
68,All,Expe1,18,6,3,1,5,2,2,0
68,All,Expe1,18,6,3,1,7,3,2,-1
68,All,Expe1,18,6,3,3,2,1,0,-1
68,All,Expe1,18,6,3,3,9,2,0,-2
68,All,Expe1,18,6,3,4,2,0,1,1
68,All,Expe1,18,6,3,4,3,1,1,0
68,All,Expe1,18,6,3,4,4,2,1,-1
68,All,Expe1,18,6,3,4,5,3,1,-2
68,All,Expe1,18,6,3,5,2,0,1,1
68,All,Expe1,18,6,3,5,3,1,1,0
68,All,Expe1,18,6,3,5,4,2,1,-1
68,All,Expe1,18,6,3,5,5,3,1,-2
68,All,Expe1,18,6,3,5,6,4,1,-3
68,All,Expe1,18,6,3,5,7,5,1,-4
68,All,Expe1,18,6,3,5,8,1,6,5
68,All,Expe1,18,6,3,5,9,6,2,-4
68,All,Expe1,18,6,3,6,6,0,0,0
69,All,Expe1,2,5,1,1,2,1,0,-1
69,All,Expe1,2,5,1,1,3,0,2,2
69,All,Expe1,2,5,1,1,4,1,2,1
69,All,Expe1,2,5,1,1,6,2,2,0
69,All,Expe1,2,5,1,1,7,3,2,-1
69,All,Expe1,2,5,1,1,8,4,2,-2
69,All,Expe1,2,5,1,1,10,5,2,-3
69,All,Expe1,2,5,1,2,3,0,1,1
69,All,Expe1,2,5,1,2,4,1,1,0
69,All,Expe1,2,5,1,2,6,1,2,1
69,All,Expe1,2,5,1,2,8,2,2,0
69,All,Expe1,2,5,1,2,12,3,2,-1
69,All,Expe1,2,5,1,4,2,1,0,-1
69,All,Expe1,2,5,1,4,3,2,0,-2
69,All,Expe1,2,5,1,4,4,3,0,-3
69,All,Expe1,3,2,2,1,2,0,1,1
69,All,Expe1,3,2,2,2,2,0,1,1
69,All,Expe1,3,2,2,2,3,1,1,0
69,All,Expe1,3,2,2,2,4,1,2,1
69,All,Expe1,4,4,1,1,2,1,0,-1
69,All,Expe1,4,4,1,2,2,0,1,1
69,All,Expe1,4,4,1,3,2,0,1,1
69,All,Expe1,5,6,1,1,3,0,0,0
69,All,Expe1,5,6,1,1,4,0,1,1
69,All,Expe1,5,6,1,1,5,1,1,0
69,All,Expe1,5,6,1,1,6,1,2,1
69,All,Expe1,5,6,1,1,7,2,2,0
69,All,Expe1,5,6,1,1,8,3,2,-1
69,All,Expe1,5,6,1,1,9,2,4,2
69,All,Expe1,5,6,1,2,2,0,1,1
69,All,Expe1,5,6,1,2,3,1,1,0
69,All,Expe1,5,6,1,2,4,1,2,1
69,All,Expe1,5,6,1,2,5,2,2,0
69,All,Expe1,5,6,1,2,6,3,2,-1
69,All,Expe1,5,6,1,2,7,4,2,-2
69,All,Expe1,5,6,1,2,8,2,5,3
69,All,Expe1,5,6,1,3,2,1,0,-1
69,All,Expe1,5,6,1,3,3,0,2,2
69,All,Expe1,5,6,1,3,4,1,2,1
69,All,Expe1,5,6,1,3,5,2,2,0
69,All,Expe1,5,6,1,4,2,1,0,-1
69,All,Expe1,5,6,1,4,4,0,2,2
69,All,Expe1,5,6,1,4,5,1,2,1
69,All,Expe1,5,6,1,4,7,2,2,0
69,All,Expe1,5,6,1,4,8,2,3,1
69,All,Expe1,5,6,1,4,9,3,3,0
69,All,Expe1,5,6,1,4,10,4,3,-1
69,All,Expe1,5,6,1,4,11,5,3,-2
69,All,Expe1,5,6,1,5,2,0,0,0
69,All,Expe1,5,6,1,5,4,0,1,1
69,All,Expe1,5,6,1,5,5,1,1,0
69,All,Expe1,5,6,1,5,7,1,2,1
69,All,Expe1,5,6,1,5,14,2,2,0
69,All,Expe1,5,6,1,6,3,0,0,0
69,All,Expe1,5,6,1,6,4,0,1,1
69,All,Expe1,5,6,1,6,5,1,1,0
69,All,Expe1,5,6,1,6,6,2,1,-1
69,All,Expe1,5,6,1,6,7,3,1,-2
69,All,Expe1,5,6,1,6,8,4,1,-3
69,All,Expe1,5,6,1,6,9,5,1,-4
69,All,Expe1,5,6,1,6,10,6,1,-5
69,All,Expe1,5,6,1,6,14,7,1,-6
69,All,Expe1,7,3,2,1,2,1,0,-1
69,All,Expe1,7,3,2,1,3,2,0,-2
69,All,Expe1,7,3,2,2,2,0,1,1
69,All,Expe1,7,3,2,2,3,1,1,0
69,All,Expe1,7,3,2,2,4,1,2,1
69,All,Expe1,9,5,2,1,2,1,0,-1
69,All,Expe1,9,5,2,1,3,0,2,2
69,All,Expe1,9,5,2,1,4,1,2,1
69,All,Expe1,9,5,2,1,5,2,2,0
69,All,Expe1,9,5,2,2,2,1,0,-1
69,All,Expe1,9,5,2,2,4,2,0,-2
69,All,Expe1,9,5,2,3,3,0,0,0
69,All,Expe1,9,5,2,3,4,1,0,-1
69,All,Expe1,9,5,2,3,5,2,0,-2
69,All,Expe1,9,5,2,3,7,3,0,-3
69,All,Expe1,10,6,2,2,3,1,0,-1
69,All,Expe1,10,6,2,2,4,0,2,2
69,All,Expe1,10,6,2,2,5,2,1,-1
69,All,Expe1,10,6,2,2,6,3,1,-2
69,All,Expe1,10,6,2,3,3,1,0,-1
69,All,Expe1,10,6,2,3,4,2,0,-2
69,All,Expe1,10,6,2,3,5,0,3,3
69,All,Expe1,10,6,2,3,7,1,3,2
69,All,Expe1,10,6,2,3,8,2,3,1
69,All,Expe1,10,6,2,3,9,3,3,0
69,All,Expe1,10,6,2,3,10,3,4,1
69,All,Expe1,10,6,2,3,11,4,4,0
69,All,Expe1,10,6,2,3,12,4,5,1
69,All,Expe1,10,6,2,3,13,5,5,0
69,All,Expe1,10,6,2,3,14,5,6,1
69,All,Expe1,10,6,2,3,15,6,6,0
69,All,Expe1,10,6,2,4,3,1,0,-1
69,All,Expe1,10,6,2,4,4,2,0,-2
69,All,Expe1,10,6,2,4,5,3,0,-3
69,All,Expe1,10,6,2,4,6,4,0,-4
69,All,Expe1,10,6,2,4,7,5,0,-5
69,All,Expe1,10,6,2,4,8,6,0,-6
69,All,Expe1,10,6,2,4,9,7,0,-7
69,All,Expe1,10,6,2,4,10,8,0,-8
69,All,Expe1,10,6,2,4,12,9,0,-9
69,All,Expe1,10,6,2,4,13,10,0,-10
69,All,Expe1,10,6,2,4,14,11,0,-11
69,All,Expe1,10,6,2,5,3,1,0,-1
69,All,Expe1,10,6,2,5,4,2,0,-2
69,All,Expe1,10,6,2,5,6,3,0,-3
69,All,Expe1,10,6,2,5,7,4,0,-4
69,All,Expe1,10,6,2,6,3,0,0,0
69,All,Expe1,11,4,2,1,2,0,1,1
69,All,Expe1,11,4,2,1,9,1,1,0
69,All,Expe1,11,4,2,2,2,0,1,1
69,All,Expe1,11,4,2,2,3,1,1,0
69,All,Expe1,11,4,2,2,4,2,1,-1
69,All,Expe1,11,4,2,2,5,1,3,2
69,All,Expe1,11,4,2,3,3,1,0,-1
69,All,Expe1,11,4,2,4,3,0,1,1
69,All,Expe1,13,5,3,1,2,0,0,0
69,All,Expe1,13,5,3,1,5,0,1,1
69,All,Expe1,13,5,3,2,2,0,1,1
69,All,Expe1,13,5,3,2,3,1,1,0
69,All,Expe1,13,5,3,2,4,1,2,1
69,All,Expe1,13,5,3,2,6,2,2,0
69,All,Expe1,13,5,3,2,8,3,2,-1
69,All,Expe1,13,5,3,4,3,1,0,-1
69,All,Expe1,13,5,3,4,6,2,0,-2
69,All,Expe1,14,2,5,1,2,0,1,1
69,All,Expe1,14,2,5,1,6,1,1,0
69,All,Expe1,15,4,3,2,2,1,0,-1
69,All,Expe1,15,4,3,3,4,0,0,0
69,All,Expe1,15,4,3,4,2,0,0,0
69,All,Expe1,15,4,3,4,4,1,0,-1
69,All,Expe1,16,6,3,1,2,1,0,-1
69,All,Expe1,16,6,3,1,4,2,0,-2
69,All,Expe1,16,6,3,1,5,0,3,3
69,All,Expe1,16,6,3,1,6,3,1,-2
69,All,Expe1,16,6,3,1,7,4,1,-3
69,All,Expe1,16,6,3,1,9,5,1,-4
69,All,Expe1,16,6,3,1,10,6,1,-5
69,All,Expe1,16,6,3,1,14,7,1,-6
69,All,Expe1,16,6,3,1,15,8,1,-7
69,All,Expe1,16,6,3,2,3,0,0,0
69,All,Expe1,16,6,3,3,5,0,0,0
69,All,Expe1,16,6,3,3,7,1,0,-1
69,All,Expe1,16,6,3,4,4,0,1,1
69,All,Expe1,16,6,3,4,5,1,1,0
69,All,Expe1,16,6,3,4,7,2,1,-1
69,All,Expe1,16,6,3,4,12,3,1,-2
69,All,Expe1,16,6,3,4,15,4,1,-3
69,All,Expe1,16,6,3,6,2,0,1,1
69,All,Expe1,16,6,3,6,3,1,1,0
69,All,Expe1,16,6,3,6,4,2,1,-1
69,All,Expe1,16,6,3,6,5,1,3,2
69,All,Expe1,16,6,3,6,6,3,2,-1
69,All,Expe1,16,6,3,6,7,4,2,-2
69,All,Expe1,16,6,3,6,8,5,2,-3
69,All,Expe1,16,6,3,6,9,6,2,-4
69,All,Expe1,16,6,3,6,10,2,7,5
69,All,Expe1,16,6,3,6,11,7,3,-4
69,All,Expe1,16,6,3,6,12,3,8,5
69,All,Expe1,17,3,3,3,2,0,1,1
69,All,Expe1,18,3,4,1,2,0,1,1
69,All,Expe1,18,3,4,1,4,1,1,0
69,All,Expe1,18,3,4,2,4,1,0,-1
70,All,Expe1,1,5,1,2,3,1,0,-1
70,All,Expe1,1,5,1,2,4,0,2,2
70,All,Expe1,1,5,1,3,2,1,0,-1
70,All,Expe1,1,5,1,3,3,2,0,-2
70,All,Expe1,1,5,1,3,4,3,0,-3
70,All,Expe1,1,5,1,3,5,4,0,-4
70,All,Expe1,1,5,1,3,6,5,0,-5
70,All,Expe1,1,5,1,4,2,0,1,1
70,All,Expe1,1,5,1,4,3,1,1,0
70,All,Expe1,2,4,1,1,9,0,0,0
70,All,Expe1,2,4,1,4,6,0,0,0
70,All,Expe1,3,2,1,1,2,0,1,1
70,All,Expe1,3,2,1,1,3,1,1,0
70,All,Expe1,3,2,1,1,4,1,2,1
70,All,Expe1,4,3,1,1,2,0,1,1
70,All,Expe1,4,3,1,1,3,1,1,0
70,All,Expe1,4,3,1,1,4,1,2,1
70,All,Expe1,4,3,1,1,5,2,2,0
70,All,Expe1,4,3,1,1,6,3,2,-1
70,All,Expe1,4,3,1,2,2,0,0,0
70,All,Expe1,4,3,1,2,3,0,1,1
70,All,Expe1,4,3,1,2,4,1,1,0
70,All,Expe1,4,3,1,2,5,1,2,1
70,All,Expe1,4,3,1,3,2,0,1,1
70,All,Expe1,5,2,2,2,2,0,1,1
70,All,Expe1,6,2,3,1,2,1,0,-1
70,All,Expe1,6,2,3,1,3,0,2,2
70,All,Expe1,6,2,3,2,2,0,1,1
70,All,Expe1,6,2,3,2,3,1,1,0
70,All,Expe1,7,6,1,3,2,0,1,1
70,All,Expe1,7,6,1,3,3,1,1,0
70,All,Expe1,8,3,2,2,4,0,0,0
70,All,Expe1,9,5,2,1,6,0,1,1
70,All,Expe1,9,5,2,2,2,0,1,1
70,All,Expe1,9,5,2,2,3,1,1,0
70,All,Expe1,9,5,2,2,4,1,2,1
70,All,Expe1,9,5,2,2,6,2,2,0
70,All,Expe1,9,5,2,2,9,3,2,-1
70,All,Expe1,9,5,2,2,12,4,2,-2
70,All,Expe1,9,5,2,3,2,0,1,1
70,All,Expe1,9,5,2,4,2,0,1,1
70,All,Expe1,9,5,2,4,3,1,1,0
70,All,Expe1,9,5,2,4,4,1,2,1
70,All,Expe1,9,5,2,4,5,2,2,0
70,All,Expe1,9,5,2,4,6,2,3,1
70,All,Expe1,9,5,2,4,7,3,3,0
70,All,Expe1,9,5,2,4,9,4,3,-1
70,All,Expe1,10,4,2,1,2,0,1,1
70,All,Expe1,10,4,2,1,5,1,1,0
70,All,Expe1,10,4,2,1,7,2,1,-1
70,All,Expe1,10,4,2,1,8,3,1,-2
70,All,Expe1,10,4,2,1,10,4,1,-3
70,All,Expe1,10,4,2,2,3,1,0,-1
70,All,Expe1,10,4,2,2,5,2,0,-2
70,All,Expe1,10,4,2,3,7,0,1,1
70,All,Expe1,10,4,2,4,2,0,1,1
70,All,Expe1,10,4,2,4,3,1,1,0
70,All,Expe1,10,4,2,4,4,2,1,-1
70,All,Expe1,10,4,2,4,5,1,3,2
70,All,Expe1,10,4,2,4,6,2,3,1
70,All,Expe1,10,4,2,4,9,3,3,0
70,All,Expe1,10,4,2,4,10,4,3,-1
70,All,Expe1,10,4,2,4,12,5,3,-2
70,All,Expe1,11,6,2,3,6,1,0,-1
70,All,Expe1,12,5,3,2,3,0,0,0
70,All,Expe1,12,5,3,3,2,0,1,1
70,All,Expe1,12,5,3,3,4,1,1,0
70,All,Expe1,12,5,3,5,2,0,1,1
70,All,Expe1,12,5,3,5,3,1,1,0
70,All,Expe1,12,5,3,5,4,2,1,-1
70,All,Expe1,12,5,3,5,5,1,3,2
70,All,Expe1,13,4,3,2,2,0,1,1
70,All,Expe1,13,4,3,2,3,1,1,0
70,All,Expe1,13,4,3,3,2,0,1,1
70,All,Expe1,15,3,3,1,2,0,1,1
70,All,Expe1,15,3,3,1,7,1,1,0
70,All,Expe1,15,3,3,1,9,2,1,-1
70,All,Expe1,15,3,3,2,4,0,1,1
70,All,Expe1,15,3,3,3,2,0,1,1
70,All,Expe1,15,3,3,3,3,1,1,0
70,All,Expe1,15,3,3,3,4,1,2,1
70,All,Expe1,17,2,6,1,6,0,1,1
70,All,Expe1,17,2,6,2,9,1,0,-1
70,All,Expe1,18,6,3,1,2,1,0,-1
70,All,Expe1,18,6,3,1,3,0,2,2
70,All,Expe1,18,6,3,1,5,2,1,-1
70,All,Expe1,18,6,3,2,2,0,1,1
70,All,Expe1,18,6,3,2,3,1,1,0
70,All,Expe1,18,6,3,2,5,1,2,1
70,All,Expe1,18,6,3,3,3,0,0,0
70,All,Expe1,18,6,3,4,2,0,1,1
70,All,Expe1,18,6,3,4,3,1,1,0
70,All,Expe1,18,6,3,4,4,2,1,-1
70,All,Expe1,18,6,3,4,5,3,1,-2
70,All,Expe1,18,6,3,4,6,1,4,3
70,All,Expe1,18,6,3,4,7,2,4,2
70,All,Expe1,18,6,3,4,8,4,3,-1
70,All,Expe1,18,6,3,6,2,0,1,1
70,All,Expe1,18,6,3,6,4,1,1,0
70,All,Expe1,18,6,3,6,6,2,1,-1
70,All,Expe1,18,6,3,6,8,1,3,2
71,All,Expe1,1,4,1,1,2,0,1,1
71,All,Expe1,1,4,1,1,3,1,1,0
71,All,Expe1,1,4,1,1,4,1,2,1
71,All,Expe1,1,4,1,1,8,2,2,0
71,All,Expe1,1,4,1,1,9,3,2,-1
71,All,Expe1,1,4,1,2,2,1,0,-1
71,All,Expe1,1,4,1,2,3,0,2,2
71,All,Expe1,1,4,1,2,4,2,1,-1
71,All,Expe1,1,4,1,2,6,1,3,2
71,All,Expe1,1,4,1,3,3,0,1,1
71,All,Expe1,1,4,1,3,4,1,1,0
71,All,Expe1,1,4,1,3,5,2,1,-1
71,All,Expe1,1,4,1,3,8,1,3,2
71,All,Expe1,1,4,1,3,9,3,2,-1
71,All,Expe1,1,4,1,3,10,2,4,2
71,All,Expe1,1,4,1,4,2,0,1,1
71,All,Expe1,1,4,1,4,3,1,1,0
71,All,Expe1,1,4,1,4,4,1,2,1
71,All,Expe1,1,4,1,4,8,2,2,0
71,All,Expe1,1,4,1,4,9,2,3,1
71,All,Expe1,2,3,1,1,2,0,1,1
71,All,Expe1,2,3,1,2,2,1,0,-1
71,All,Expe1,2,3,1,2,3,0,2,2
71,All,Expe1,2,3,1,3,2,1,0,-1
71,All,Expe1,2,3,1,3,4,0,2,2
71,All,Expe1,3,5,1,1,2,0,1,1
71,All,Expe1,3,5,1,1,3,1,1,0
71,All,Expe1,3,5,1,1,4,2,1,-1
71,All,Expe1,3,5,1,2,3,0,1,1
71,All,Expe1,3,5,1,4,3,0,0,0
71,All,Expe1,5,2,2,1,2,0,1,1
71,All,Expe1,5,2,2,2,2,0,1,1
71,All,Expe1,8,6,1,2,2,0,1,1
71,All,Expe1,8,6,1,2,3,1,1,0
71,All,Expe1,8,6,1,2,4,1,2,1
71,All,Expe1,8,6,1,2,5,2,2,0
71,All,Expe1,8,6,1,3,3,1,0,-1
71,All,Expe1,9,4,2,1,2,1,0,-1
71,All,Expe1,9,4,2,1,3,0,2,2
71,All,Expe1,9,4,2,1,6,1,2,1
71,All,Expe1,9,4,2,2,2,0,1,1
71,All,Expe1,9,4,2,4,2,0,1,1
71,All,Expe1,9,4,2,4,3,1,1,0
71,All,Expe1,9,4,2,4,4,1,2,1
71,All,Expe1,10,5,2,1,2,0,1,1
71,All,Expe1,10,5,2,1,3,1,1,0
71,All,Expe1,10,5,2,1,4,1,2,1
71,All,Expe1,10,5,2,2,2,0,1,1
71,All,Expe1,10,5,2,4,3,0,0,0
71,All,Expe1,11,6,2,5,3,0,0,0
71,All,Expe1,12,4,3,1,2,0,1,1
71,All,Expe1,14,5,3,1,2,0,1,1
71,All,Expe1,14,5,3,1,4,1,1,0
71,All,Expe1,14,5,3,1,6,1,2,1
71,All,Expe1,14,5,3,2,2,0,1,1
71,All,Expe1,14,5,3,2,3,1,1,0
71,All,Expe1,14,5,3,2,4,1,2,1
71,All,Expe1,14,5,3,2,6,2,2,0
71,All,Expe1,14,5,3,4,2,1,0,-1
71,All,Expe1,14,5,3,4,3,2,0,-2
71,All,Expe1,15,2,4,1,2,0,1,1
71,All,Expe1,18,2,6,1,2,0,1,1
72,All,Expe1,1,3,1,1,3,0,0,0
72,All,Expe1,1,3,1,1,4,1,0,-1
72,All,Expe1,1,3,1,1,5,0,2,2
72,All,Expe1,1,3,1,1,7,1,2,1
72,All,Expe1,1,3,1,1,9,2,2,0
72,All,Expe1,1,3,1,2,3,0,1,1
72,All,Expe1,1,3,1,2,4,1,1,0
72,All,Expe1,1,3,1,2,5,2,1,-1
72,All,Expe1,1,3,1,2,6,1,3,2
72,All,Expe1,1,3,1,3,2,0,1,1
72,All,Expe1,1,3,1,3,4,1,1,0
72,All,Expe1,1,3,1,3,5,2,1,-1
72,All,Expe1,1,3,1,3,6,1,3,2
72,All,Expe1,2,2,1,2,8,0,0,0
72,All,Expe1,3,4,1,2,2,1,0,-1
72,All,Expe1,3,4,1,2,3,2,0,-2
72,All,Expe1,3,4,1,2,4,0,3,3
72,All,Expe1,3,4,1,2,5,3,1,-2
72,All,Expe1,3,4,1,3,2,1,0,-1
72,All,Expe1,3,4,1,4,2,0,1,1
72,All,Expe1,3,4,1,4,8,1,1,0
72,All,Expe1,4,3,2,1,2,0,1,1
72,All,Expe1,5,5,1,1,2,1,0,-1
72,All,Expe1,5,5,1,1,4,2,0,-2
72,All,Expe1,5,5,1,1,5,0,3,3
72,All,Expe1,5,5,1,1,6,3,1,-2
72,All,Expe1,5,5,1,1,7,1,4,3
72,All,Expe1,5,5,1,1,8,2,4,2
72,All,Expe1,5,5,1,1,9,4,3,-1
72,All,Expe1,5,5,1,1,10,3,5,2
72,All,Expe1,5,5,1,1,11,5,4,-1
72,All,Expe1,5,5,1,1,12,6,4,-2
72,All,Expe1,5,5,1,1,13,4,7,3
72,All,Expe1,5,5,1,2,2,0,1,1
72,All,Expe1,5,5,1,2,3,1,1,0
72,All,Expe1,5,5,1,2,5,1,2,1
72,All,Expe1,5,5,1,2,6,2,2,0
72,All,Expe1,5,5,1,2,7,2,3,1
72,All,Expe1,5,5,1,2,9,3,3,0
72,All,Expe1,5,5,1,2,10,3,4,1
72,All,Expe1,5,5,1,3,4,0,1,1
72,All,Expe1,5,5,1,3,6,1,1,0
72,All,Expe1,5,5,1,4,2,0,1,1
72,All,Expe1,5,5,1,4,3,1,1,0
72,All,Expe1,5,5,1,4,4,1,2,1
72,All,Expe1,5,5,1,4,5,2,2,0
72,All,Expe1,5,5,1,5,3,0,0,0
72,All,Expe1,5,5,1,5,4,0,1,1
72,All,Expe1,5,5,1,5,5,1,1,0
72,All,Expe1,5,5,1,5,6,2,1,-1
72,All,Expe1,5,5,1,5,7,1,3,2
72,All,Expe1,5,5,1,5,12,3,2,-1
72,All,Expe1,5,5,1,5,15,4,2,-2
72,All,Expe1,6,6,1,1,2,1,0,-1
72,All,Expe1,6,6,1,1,5,2,0,-2
72,All,Expe1,6,6,1,1,7,0,3,3
72,All,Expe1,6,6,1,2,2,0,0,0
72,All,Expe1,6,6,1,2,5,1,0,-1
72,All,Expe1,6,6,1,4,2,0,1,1
72,All,Expe1,6,6,1,4,3,1,1,0
72,All,Expe1,6,6,1,4,5,2,1,-1
72,All,Expe1,6,6,1,4,6,3,1,-2
72,All,Expe1,6,6,1,4,8,4,1,-3
72,All,Expe1,6,6,1,5,4,0,0,0
72,All,Expe1,6,6,1,5,5,1,0,-1
72,All,Expe1,6,6,1,5,6,2,0,-2
72,All,Expe1,6,6,1,5,7,3,0,-3
72,All,Expe1,6,6,1,5,8,4,0,-4
72,All,Expe1,6,6,1,6,2,1,0,-1
72,All,Expe1,6,6,1,6,3,0,2,2
72,All,Expe1,6,6,1,6,4,1,2,1
72,All,Expe1,6,6,1,6,5,2,2,0
72,All,Expe1,6,6,1,6,7,2,3,1
72,All,Expe1,9,4,2,1,3,0,1,1
72,All,Expe1,9,4,2,1,4,1,1,0
72,All,Expe1,9,4,2,1,6,1,2,1
72,All,Expe1,9,4,2,1,7,2,2,0
72,All,Expe1,9,4,2,1,8,3,2,-1
72,All,Expe1,9,4,2,2,2,0,1,1
72,All,Expe1,9,4,2,2,4,1,1,0
72,All,Expe1,9,4,2,3,5,0,1,1
72,All,Expe1,9,4,2,3,6,1,1,0
72,All,Expe1,9,4,2,3,7,2,1,-1
72,All,Expe1,9,4,2,3,10,3,1,-2
72,All,Expe1,9,4,2,4,2,0,1,1
72,All,Expe1,9,4,2,4,7,1,1,0
72,All,Expe1,10,6,2,1,2,0,1,1
72,All,Expe1,10,6,2,1,3,1,1,0
72,All,Expe1,10,6,2,1,4,1,2,1
72,All,Expe1,10,6,2,2,4,1,0,-1
72,All,Expe1,10,6,2,2,6,2,0,-2
72,All,Expe1,10,6,2,2,8,3,0,-3
72,All,Expe1,10,6,2,3,2,0,1,1
72,All,Expe1,10,6,2,4,2,0,1,1
72,All,Expe1,11,5,2,1,2,0,1,1
72,All,Expe1,11,5,2,1,4,1,1,0
72,All,Expe1,11,5,2,1,5,2,1,-1
72,All,Expe1,11,5,2,1,7,3,1,-2
72,All,Expe1,11,5,2,2,3,1,0,-1
72,All,Expe1,11,5,2,4,2,0,0,0
72,All,Expe1,12,3,3,1,2,1,0,-1
72,All,Expe1,12,3,3,1,3,2,0,-2
72,All,Expe1,12,3,3,1,4,0,3,3
72,All,Expe1,12,3,3,1,5,3,1,-2
72,All,Expe1,12,3,3,1,6,1,4,3
72,All,Expe1,12,3,3,2,2,0,0,0
72,All,Expe1,12,3,3,2,3,0,1,1
72,All,Expe1,12,3,3,2,4,1,1,0
72,All,Expe1,14,4,3,1,4,0,1,1
72,All,Expe1,14,4,3,2,2,0,1,1
72,All,Expe1,14,4,3,3,2,0,1,1
72,All,Expe1,14,4,3,3,3,1,1,0
72,All,Expe1,14,4,3,3,4,2,1,-1
72,All,Expe1,14,4,3,4,3,0,0,0
72,All,Expe1,15,3,4,1,2,0,1,1
72,All,Expe1,15,3,4,1,4,1,1,0
72,All,Expe1,15,3,4,2,2,0,1,1
72,All,Expe1,16,5,3,1,2,1,0,-1
72,All,Expe1,16,5,3,1,3,0,2,2
72,All,Expe1,16,5,3,1,7,1,2,1
72,All,Expe1,16,5,3,1,11,2,2,0
72,All,Expe1,16,5,3,2,10,0,1,1
72,All,Expe1,16,5,3,2,12,1,1,0
72,All,Expe1,16,5,3,3,2,1,0,-1
72,All,Expe1,16,5,3,4,2,1,0,-1
72,All,Expe1,16,5,3,4,3,0,2,2
72,All,Expe1,16,5,3,4,4,2,1,-1
72,All,Expe1,16,5,3,4,5,3,1,-2
72,All,Expe1,16,5,3,4,6,4,1,-3
72,All,Expe1,16,5,3,4,7,1,5,4
72,All,Expe1,16,5,3,4,8,2,5,3
72,All,Expe1,16,5,3,5,2,0,0,0
72,All,Expe1,16,5,3,5,3,1,0,-1
72,All,Expe1,17,6,3,1,6,1,0,-1
72,All,Expe1,17,6,3,2,3,1,0,-1
72,All,Expe1,17,6,3,2,8,0,2,2
72,All,Expe1,17,6,3,2,12,1,2,1
72,All,Expe1,17,6,3,3,2,1,0,-1
72,All,Expe1,17,6,3,3,3,0,2,2
72,All,Expe1,17,6,3,3,6,1,2,1
72,All,Expe1,17,6,3,3,8,2,2,0
72,All,Expe1,17,6,3,3,11,3,2,-1
72,All,Expe1,17,6,3,3,12,4,2,-2
72,All,Expe1,17,6,3,3,14,5,2,-3
72,All,Expe1,17,6,3,5,2,0,0,0
72,All,Expe1,17,6,3,6,2,1,0,-1
72,All,Expe1,17,6,3,6,3,2,0,-2
72,All,Expe1,17,6,3,6,4,0,3,3
72,All,Expe1,17,6,3,6,6,1,3,2
72,All,Expe1,17,6,3,6,7,2,3,1
72,All,Expe1,17,6,3,6,8,3,3,0
72,All,Expe1,17,6,3,6,9,4,3,-1
72,All,Expe1,17,6,3,6,10,3,5,2
72,All,Expe1,17,6,3,6,11,5,4,-1
72,All,Expe1,17,6,3,6,12,6,4,-2
72,All,Expe1,17,6,3,6,13,4,7,3
72,All,Expe1,17,6,3,6,14,5,7,2
72,All,Expe1,17,6,3,6,15,7,6,-1
72,All,Expe1,18,2,5,1,2,0,1,1
73,All,Expe1,2,3,1,2,2,0,1,1
73,All,Expe1,3,3,2,1,3,0,0,0
73,All,Expe1,4,6,1,1,2,0,0,0
73,All,Expe1,4,6,1,1,4,1,0,-1
73,All,Expe1,4,6,1,3,2,0,0,0
73,All,Expe1,4,6,1,3,3,1,0,-1
73,All,Expe1,4,6,1,4,2,0,1,1
73,All,Expe1,4,6,1,4,3,1,1,0
73,All,Expe1,4,6,1,6,2,1,0,-1
73,All,Expe1,4,6,1,6,3,0,2,2
73,All,Expe1,5,4,1,1,2,0,0,0
73,All,Expe1,5,4,1,2,4,0,0,0
73,All,Expe1,5,4,1,3,2,0,1,1
73,All,Expe1,5,4,1,3,3,1,1,0
73,All,Expe1,5,4,1,3,4,2,1,-1
73,All,Expe1,5,4,1,3,5,1,3,2
73,All,Expe1,5,4,1,4,2,1,0,-1
73,All,Expe1,5,4,1,4,3,0,2,2
73,All,Expe1,5,4,1,4,4,1,2,1
73,All,Expe1,6,2,2,1,2,0,1,1
73,All,Expe1,7,5,1,1,2,0,1,1
73,All,Expe1,7,5,1,1,3,1,1,0
73,All,Expe1,7,5,1,1,7,2,1,-1
73,All,Expe1,7,5,1,3,2,0,0,0
73,All,Expe1,7,5,1,3,4,1,0,-1
73,All,Expe1,7,5,1,3,5,0,2,2
73,All,Expe1,7,5,1,4,3,1,0,-1
73,All,Expe1,7,5,1,4,4,0,2,2
73,All,Expe1,9,6,2,1,2,1,0,-1
73,All,Expe1,9,6,2,3,4,0,0,0
73,All,Expe1,9,6,2,5,2,0,1,1
73,All,Expe1,9,6,2,5,3,1,1,0
73,All,Expe1,9,6,2,5,4,2,1,-1
73,All,Expe1,9,6,2,5,5,3,1,-2
73,All,Expe1,9,6,2,6,2,0,0,0
73,All,Expe1,9,6,2,6,3,1,0,-1
73,All,Expe1,10,4,2,1,2,0,0,0
73,All,Expe1,10,4,2,2,2,0,1,1
73,All,Expe1,10,4,2,3,4,0,1,1
73,All,Expe1,11,5,2,1,2,0,0,0
73,All,Expe1,11,5,2,3,2,0,1,1
73,All,Expe1,11,5,2,3,3,1,1,0
73,All,Expe1,11,5,2,3,5,2,1,-1
73,All,Expe1,11,5,2,3,7,1,3,2
73,All,Expe1,11,5,2,3,10,2,3,1
73,All,Expe1,11,5,2,4,2,0,1,1
73,All,Expe1,11,5,2,4,3,1,1,0
73,All,Expe1,11,5,2,4,5,2,1,-1
73,All,Expe1,11,5,2,4,6,1,3,2
73,All,Expe1,11,5,2,4,7,3,2,-1
73,All,Expe1,11,5,2,5,2,0,1,1
73,All,Expe1,11,5,2,5,4,1,1,0
73,All,Expe1,11,5,2,5,5,1,2,1
73,All,Expe1,11,5,2,5,6,2,2,0
73,All,Expe1,11,5,2,5,7,2,3,1
73,All,Expe1,11,5,2,5,9,3,3,0
73,All,Expe1,11,5,2,5,10,3,4,1
73,All,Expe1,14,3,4,3,2,0,1,1
73,All,Expe1,15,6,3,4,3,0,0,0
73,All,Expe1,15,6,3,5,4,1,0,-1
73,All,Expe1,15,6,3,5,5,0,2,2
73,All,Expe1,16,4,3,1,2,0,1,1
73,All,Expe1,16,4,3,4,9,0,0,0
73,All,Expe1,17,2,5,1,2,0,1,1
73,All,Expe1,18,5,3,4,2,0,1,1
73,All,Expe1,18,5,3,5,2,0,1,1
74,All,Expe1,1,3,1,3,3,0,0,0
74,All,Expe1,2,6,1,1,2,0,1,1
74,All,Expe1,2,6,1,1,3,1,1,0
74,All,Expe1,2,6,1,1,5,2,1,-1
74,All,Expe1,2,6,1,2,2,0,1,1
74,All,Expe1,2,6,1,2,3,1,1,0
74,All,Expe1,2,6,1,2,5,2,1,-1
74,All,Expe1,2,6,1,3,2,1,0,-1
74,All,Expe1,2,6,1,3,6,0,2,2
74,All,Expe1,2,6,1,3,9,2,1,-1
74,All,Expe1,2,6,1,4,2,1,0,-1
74,All,Expe1,2,6,1,4,3,0,2,2
74,All,Expe1,2,6,1,4,4,1,2,1
74,All,Expe1,2,6,1,4,6,2,2,0
74,All,Expe1,2,6,1,6,2,1,0,-1
74,All,Expe1,2,6,1,6,3,0,2,2
74,All,Expe1,2,6,1,6,4,2,1,-1
74,All,Expe1,4,2,2,1,2,0,1,1
74,All,Expe1,4,2,2,2,2,0,1,1
74,All,Expe1,5,3,2,1,4,1,0,-1
74,All,Expe1,5,3,2,1,9,2,0,-2
74,All,Expe1,5,3,2,3,6,0,1,1
74,All,Expe1,6,2,3,2,2,0,0,0
74,All,Expe1,6,2,3,2,3,0,1,1
74,All,Expe1,7,4,1,1,2,0,1,1
74,All,Expe1,7,4,1,1,3,1,1,0
74,All,Expe1,7,4,1,1,4,2,1,-1
74,All,Expe1,7,4,1,1,5,3,1,-2
74,All,Expe1,7,4,1,1,9,1,4,3
74,All,Expe1,7,4,1,2,2,0,1,1
74,All,Expe1,7,4,1,2,7,1,1,0
74,All,Expe1,7,4,1,4,2,0,1,1
74,All,Expe1,7,4,1,4,4,1,1,0
74,All,Expe1,7,4,1,4,5,1,2,1
74,All,Expe1,8,5,1,3,2,1,0,-1
74,All,Expe1,9,6,2,1,2,1,0,-1
74,All,Expe1,9,6,2,2,3,0,0,0
74,All,Expe1,9,6,2,3,2,0,1,1
74,All,Expe1,10,5,2,1,2,1,0,-1
74,All,Expe1,10,5,2,2,2,0,1,1
74,All,Expe1,10,5,2,2,3,1,1,0
74,All,Expe1,10,5,2,2,4,1,2,1
74,All,Expe1,10,5,2,2,5,2,2,0
74,All,Expe1,10,5,2,3,7,0,1,1
74,All,Expe1,10,5,2,5,8,0,1,1
74,All,Expe1,11,4,2,1,2,0,1,1
74,All,Expe1,11,4,2,1,8,1,1,0
74,All,Expe1,11,4,2,2,2,0,1,1
74,All,Expe1,12,3,3,1,2,0,1,1
74,All,Expe1,12,3,3,1,3,1,1,0
74,All,Expe1,12,3,3,2,5,0,1,1
74,All,Expe1,12,3,3,3,2,1,0,-1
74,All,Expe1,12,3,3,3,6,0,2,2
74,All,Expe1,13,6,3,1,2,1,0,-1
74,All,Expe1,13,6,3,1,3,0,2,2
74,All,Expe1,13,6,3,2,2,0,0,0
74,All,Expe1,13,6,3,2,8,0,1,1
74,All,Expe1,13,6,3,3,3,0,1,1
74,All,Expe1,13,6,3,4,2,0,0,0
74,All,Expe1,17,2,6,1,2,0,1,1
74,All,Expe1,17,2,6,2,2,0,1,1
74,All,Expe1,18,4,3,1,2,0,1,1
74,All,Expe1,18,4,3,1,3,1,1,0
74,All,Expe1,18,4,3,4,2,1,0,-1
74,All,Expe1,18,4,3,4,3,0,2,2
74,All,Expe1,18,4,3,4,4,2,1,-1
74,All,Expe1,18,4,3,4,5,1,3,2
75,All,Expe1,1,6,1,1,2,0,0,0
75,All,Expe1,1,6,1,1,6,0,1,1
75,All,Expe1,1,6,1,1,7,1,1,0
75,All,Expe1,1,6,1,1,9,2,1,-1
75,All,Expe1,1,6,1,1,13,3,1,-2
75,All,Expe1,1,6,1,2,2,1,0,-1
75,All,Expe1,1,6,1,2,3,2,0,-2
75,All,Expe1,1,6,1,3,7,1,0,-1
75,All,Expe1,1,6,1,4,5,0,1,1
75,All,Expe1,1,6,1,4,6,1,1,0
75,All,Expe1,1,6,1,4,8,1,2,1
75,All,Expe1,1,6,1,4,9,2,2,0
75,All,Expe1,1,6,1,4,10,2,3,1
75,All,Expe1,1,6,1,4,11,3,3,0
75,All,Expe1,1,6,1,4,12,4,3,-1
75,All,Expe1,1,6,1,4,13,5,3,-2
75,All,Expe1,1,6,1,4,15,6,3,-3
75,All,Expe1,1,6,1,5,2,0,1,1
75,All,Expe1,1,6,1,5,3,1,1,0
75,All,Expe1,1,6,1,5,4,2,1,-1
75,All,Expe1,1,6,1,5,6,1,3,2
75,All,Expe1,1,6,1,5,7,3,2,-1
75,All,Expe1,1,6,1,5,9,2,4,2
75,All,Expe1,1,6,1,6,2,0,0,0
75,All,Expe1,1,6,1,6,3,0,1,1
75,All,Expe1,2,2,1,2,2,0,1,1
75,All,Expe1,2,2,1,2,3,1,1,0
75,All,Expe1,3,3,1,1,4,0,1,1
75,All,Expe1,3,3,1,2,2,1,0,-1
75,All,Expe1,3,3,1,2,3,0,2,2
75,All,Expe1,4,2,2,2,2,0,1,1
75,All,Expe1,5,2,3,1,4,0,0,0
75,All,Expe1,6,5,1,2,2,1,0,-1
75,All,Expe1,6,5,1,2,3,0,2,2
75,All,Expe1,6,5,1,3,6,1,0,-1
75,All,Expe1,6,5,1,3,8,2,0,-2
75,All,Expe1,6,5,1,4,2,0,1,1
75,All,Expe1,6,5,1,4,3,1,1,0
75,All,Expe1,6,5,1,4,4,1,2,1
75,All,Expe1,6,5,1,4,5,2,2,0
75,All,Expe1,6,5,1,4,8,3,2,-1
75,All,Expe1,6,5,1,5,2,0,0,0
75,All,Expe1,6,5,1,5,3,1,0,-1
75,All,Expe1,6,5,1,5,4,0,2,2
75,All,Expe1,7,3,2,2,2,0,1,1
75,All,Expe1,7,3,2,2,4,1,1,0
75,All,Expe1,8,4,1,1,2,1,0,-1
75,All,Expe1,8,4,1,1,3,2,0,-2
75,All,Expe1,8,4,1,1,4,0,3,3
75,All,Expe1,8,4,1,2,7,0,0,0
75,All,Expe1,8,4,1,3,3,1,0,-1
75,All,Expe1,8,4,1,4,2,0,1,1
75,All,Expe1,8,4,1,4,3,1,1,0
75,All,Expe1,8,4,1,4,4,1,2,1
75,All,Expe1,8,4,1,4,5,2,2,0
75,All,Expe1,8,4,1,4,7,3,2,-1
75,All,Expe1,8,4,1,4,9,4,2,-2
75,All,Expe1,9,5,2,2,3,1,0,-1
75,All,Expe1,9,5,2,2,5,2,0,-2
75,All,Expe1,9,5,2,3,4,0,1,1
75,All,Expe1,9,5,2,3,5,1,1,0
75,All,Expe1,9,5,2,3,8,2,1,-1
75,All,Expe1,9,5,2,4,2,0,1,1
75,All,Expe1,9,5,2,4,3,1,1,0
75,All,Expe1,9,5,2,4,6,1,2,1
75,All,Expe1,10,6,2,1,2,0,0,0
75,All,Expe1,10,6,2,2,3,0,0,0
75,All,Expe1,10,6,2,2,4,0,1,1
75,All,Expe1,10,6,2,2,5,1,1,0
75,All,Expe1,10,6,2,2,7,2,1,-1
75,All,Expe1,10,6,2,4,2,1,0,-1
75,All,Expe1,10,6,2,4,3,2,0,-2
75,All,Expe1,10,6,2,4,4,3,0,-3
75,All,Expe1,10,6,2,4,5,4,0,-4
75,All,Expe1,11,4,2,2,2,0,1,1
75,All,Expe1,11,4,2,2,3,1,1,0
75,All,Expe1,11,4,2,2,4,1,2,1
75,All,Expe1,11,4,2,3,2,0,1,1
75,All,Expe1,12,6,3,1,3,0,0,0
75,All,Expe1,12,6,3,1,4,1,0,-1
75,All,Expe1,12,6,3,1,5,0,2,2
75,All,Expe1,12,6,3,1,6,1,2,1
75,All,Expe1,12,6,3,4,2,0,1,1
75,All,Expe1,12,6,3,4,3,1,1,0
75,All,Expe1,12,6,3,4,4,2,1,-1
75,All,Expe1,12,6,3,4,5,3,1,-2
75,All,Expe1,13,2,4,1,8,0,0,0
75,All,Expe1,14,3,3,2,2,0,1,1
75,All,Expe1,14,3,3,3,2,0,1,1
75,All,Expe1,15,2,5,2,2,0,1,1
75,All,Expe1,15,2,5,2,9,1,1,0
75,All,Expe1,16,2,6,2,2,0,1,1
75,All,Expe1,17,5,3,2,2,0,1,1
75,All,Expe1,17,5,3,2,3,1,1,0
75,All,Expe1,17,5,3,2,4,1,2,1
75,All,Expe1,17,5,3,2,5,2,2,0
75,All,Expe1,17,5,3,2,6,2,3,1
75,All,Expe1,17,5,3,3,2,0,1,1
75,All,Expe1,17,5,3,3,4,1,1,0
75,All,Expe1,17,5,3,4,2,0,1,1
75,All,Expe1,17,5,3,4,3,1,1,0
75,All,Expe1,17,5,3,5,2,0,1,1
75,All,Expe1,17,5,3,5,3,1,1,0
75,All,Expe1,17,5,3,5,4,1,2,1
75,All,Expe1,18,3,4,3,2,0,1,1
76,All,Expe1,2,2,2,1,2,0,1,1
76,All,Expe1,2,2,2,2,2,0,1,1
76,All,Expe1,3,6,1,1,2,0,1,1
76,All,Expe1,3,6,1,1,6,1,1,0
76,All,Expe1,3,6,1,2,3,0,1,1
76,All,Expe1,3,6,1,2,5,1,1,0
76,All,Expe1,3,6,1,2,6,1,2,1
76,All,Expe1,3,6,1,3,4,1,0,-1
76,All,Expe1,3,6,1,4,2,0,1,1
76,All,Expe1,3,6,1,4,4,1,1,0
76,All,Expe1,3,6,1,4,5,2,1,-1
76,All,Expe1,4,5,1,1,2,0,1,1
76,All,Expe1,4,5,1,2,2,0,1,1
76,All,Expe1,4,5,1,3,2,0,1,1
76,All,Expe1,4,5,1,4,7,0,0,0
76,All,Expe1,6,4,1,1,2,0,1,1
76,All,Expe1,6,4,1,1,3,1,1,0
76,All,Expe1,6,4,1,1,6,2,1,-1
76,All,Expe1,6,4,1,1,7,3,1,-2
76,All,Expe1,6,4,1,2,2,0,1,1
76,All,Expe1,6,4,1,2,6,1,1,0
76,All,Expe1,6,4,1,2,10,2,1,-1
76,All,Expe1,6,4,1,3,2,0,0,0
76,All,Expe1,6,4,1,3,7,1,0,-1
76,All,Expe1,7,2,3,1,2,0,1,1
76,All,Expe1,8,3,2,1,2,0,1,1
76,All,Expe1,8,3,2,2,2,0,1,1
76,All,Expe1,8,3,2,3,2,0,1,1
76,All,Expe1,9,6,2,1,2,0,1,1
76,All,Expe1,9,6,2,1,4,1,1,0
76,All,Expe1,9,6,2,2,7,0,1,1
76,All,Expe1,9,6,2,2,8,1,1,0
76,All,Expe1,9,6,2,4,3,0,1,1
76,All,Expe1,9,6,2,6,2,0,0,0
76,All,Expe1,9,6,2,6,3,0,1,1
76,All,Expe1,9,6,2,6,4,1,1,0
76,All,Expe1,10,5,2,1,2,0,1,1
76,All,Expe1,10,5,2,1,5,1,1,0
76,All,Expe1,10,5,2,1,6,1,2,1
76,All,Expe1,10,5,2,2,2,0,1,1
76,All,Expe1,10,5,2,2,3,1,1,0
76,All,Expe1,10,5,2,5,2,0,1,1
76,All,Expe1,10,5,2,5,3,1,1,0
76,All,Expe1,10,5,2,5,4,1,2,1
76,All,Expe1,10,5,2,5,9,2,2,0
76,All,Expe1,11,4,2,1,2,0,1,1
76,All,Expe1,11,4,2,1,4,1,1,0
76,All,Expe1,11,4,2,2,5,0,1,1
76,All,Expe1,11,4,2,3,3,0,1,1
76,All,Expe1,12,2,4,1,2,0,1,1
76,All,Expe1,14,6,3,1,2,0,1,1
76,All,Expe1,14,6,3,1,3,1,1,0
76,All,Expe1,14,6,3,1,4,2,1,-1
76,All,Expe1,14,6,3,1,5,1,3,2
76,All,Expe1,14,6,3,2,2,0,1,1
76,All,Expe1,14,6,3,2,3,1,1,0
76,All,Expe1,14,6,3,3,4,0,1,1
76,All,Expe1,14,6,3,3,7,1,1,0
76,All,Expe1,14,6,3,6,3,0,0,0
76,All,Expe1,15,5,3,1,2,0,1,1
76,All,Expe1,15,5,3,1,3,1,1,0
76,All,Expe1,15,5,3,1,4,1,2,1
76,All,Expe1,15,5,3,1,5,2,2,0
76,All,Expe1,15,5,3,2,3,1,0,-1
76,All,Expe1,15,5,3,2,4,0,2,2
76,All,Expe1,15,5,3,3,4,0,0,0
76,All,Expe1,16,3,3,1,2,0,1,1
76,All,Expe1,17,4,3,1,2,0,1,1
77,All,Expe1,1,6,1,1,2,1,0,-1
77,All,Expe1,1,6,1,1,3,0,2,2
77,All,Expe1,1,6,1,1,4,1,2,1
77,All,Expe1,1,6,1,4,2,0,1,1
77,All,Expe1,1,6,1,4,3,1,1,0
77,All,Expe1,1,6,1,4,4,2,1,-1
77,All,Expe1,1,6,1,4,5,1,3,2
77,All,Expe1,1,6,1,6,2,0,1,1
77,All,Expe1,1,6,1,6,3,1,1,0
77,All,Expe1,1,6,1,6,4,2,1,-1
77,All,Expe1,1,6,1,6,5,1,3,2
77,All,Expe1,2,4,1,1,2,0,1,1
77,All,Expe1,2,4,1,1,4,1,1,0
77,All,Expe1,2,4,1,1,8,2,1,-1
77,All,Expe1,4,2,2,1,2,0,1,1
77,All,Expe1,6,3,1,2,2,0,0,0
77,All,Expe1,7,5,1,1,2,0,1,1
77,All,Expe1,7,5,1,2,2,0,1,1
77,All,Expe1,7,5,1,4,6,0,1,1
77,All,Expe1,8,3,2,1,2,0,1,1
77,All,Expe1,8,3,2,2,2,0,1,1
77,All,Expe1,9,6,2,1,2,0,1,1
77,All,Expe1,9,6,2,1,4,1,1,0
77,All,Expe1,9,6,2,2,2,0,1,1
77,All,Expe1,9,6,2,3,2,0,1,1
77,All,Expe1,9,6,2,5,2,0,1,1
77,All,Expe1,9,6,2,5,3,1,1,0
77,All,Expe1,9,6,2,5,4,1,2,1
77,All,Expe1,9,6,2,5,6,2,2,0
77,All,Expe1,9,6,2,6,2,1,0,-1
77,All,Expe1,9,6,2,6,3,2,0,-2
77,All,Expe1,10,4,2,1,2,0,1,1
77,All,Expe1,11,5,2,1,2,0,1,1
77,All,Expe1,11,5,2,3,3,1,0,-1
77,All,Expe1,11,5,2,4,9,1,0,-1
77,All,Expe1,12,6,3,2,3,0,0,0
77,All,Expe1,12,6,3,3,2,0,1,1
77,All,Expe1,12,6,3,3,3,1,1,0
77,All,Expe1,12,6,3,3,5,2,1,-1
77,All,Expe1,12,6,3,6,3,0,1,1
77,All,Expe1,12,6,3,6,4,1,1,0
77,All,Expe1,12,6,3,6,5,1,2,1
77,All,Expe1,13,4,3,1,3,1,0,-1
77,All,Expe1,13,4,3,1,4,2,0,-2
77,All,Expe1,13,4,3,1,6,3,0,-3
77,All,Expe1,13,4,3,2,2,0,1,1
77,All,Expe1,13,4,3,4,2,1,0,-1
77,All,Expe1,13,4,3,4,3,2,0,-2
77,All,Expe1,13,4,3,4,4,0,3,3
77,All,Expe1,18,5,3,1,2,0,1,1
77,All,Expe1,18,5,3,2,2,0,1,1
77,All,Expe1,18,5,3,4,2,0,1,1
77,All,Expe1,18,5,3,4,3,1,1,0
77,All,Expe1,18,5,3,4,4,2,1,-1
77,All,Expe1,18,5,3,4,5,3,1,-2
77,All,Expe1,18,5,3,5,3,0,0,0
78,All,Expe1,1,2,1,2,2,0,1,1
78,All,Expe1,2,2,2,1,2,0,1,1
78,All,Expe1,3,2,3,2,5,0,1,1
78,All,Expe1,4,6,1,1,3,0,0,0
78,All,Expe1,4,6,1,5,3,0,0,0
78,All,Expe1,6,3,2,3,2,0,1,1
78,All,Expe1,7,4,1,1,9,0,1,1
78,All,Expe1,7,4,1,1,10,1,1,0
78,All,Expe1,7,4,1,3,2,1,0,-1
78,All,Expe1,7,4,1,3,3,0,2,2
78,All,Expe1,7,4,1,4,4,0,1,1
78,All,Expe1,8,5,1,3,8,1,0,-1
78,All,Expe1,8,5,1,4,3,0,0,0
78,All,Expe1,8,5,1,5,3,1,0,-1
78,All,Expe1,9,6,2,2,3,0,0,0
78,All,Expe1,9,6,2,3,2,0,1,1
78,All,Expe1,9,6,2,3,3,1,1,0
78,All,Expe1,9,6,2,3,5,2,1,-1
78,All,Expe1,9,6,2,3,6,1,3,2
78,All,Expe1,9,6,2,3,10,2,3,1
78,All,Expe1,9,6,2,4,2,0,1,1
78,All,Expe1,9,6,2,6,2,0,1,1
78,All,Expe1,9,6,2,6,3,1,1,0
78,All,Expe1,9,6,2,6,4,1,2,1
78,All,Expe1,9,6,2,6,5,2,2,0
78,All,Expe1,9,6,2,6,7,2,3,1
78,All,Expe1,10,5,2,2,3,0,0,0
78,All,Expe1,10,5,2,3,2,0,1,1
78,All,Expe1,10,5,2,3,3,1,1,0
78,All,Expe1,10,5,2,3,4,2,1,-1
78,All,Expe1,10,5,2,4,2,1,0,-1
78,All,Expe1,10,5,2,4,3,0,2,2
78,All,Expe1,11,4,2,2,5,0,1,1
78,All,Expe1,11,4,2,4,2,0,1,1
78,All,Expe1,14,2,6,2,2,0,1,1
78,All,Expe1,15,6,3,2,3,0,1,1
78,All,Expe1,15,6,3,5,2,0,1,1
78,All,Expe1,15,6,3,5,3,1,1,0
78,All,Expe1,15,6,3,5,5,2,1,-1
78,All,Expe1,15,6,3,5,6,1,3,2
78,All,Expe1,15,6,3,6,2,0,1,1
78,All,Expe1,15,6,3,6,4,1,1,0
78,All,Expe1,15,6,3,6,5,2,1,-1
78,All,Expe1,16,3,3,2,2,0,1,1
78,All,Expe1,17,3,4,1,2,0,1,1
78,All,Expe1,17,3,4,1,8,1,1,0
78,All,Expe1,17,3,4,3,2,0,1,1
78,All,Expe1,18,4,3,4,2,0,1,1
79,All,Expe1,1,6,1,1,2,1,0,-1
79,All,Expe1,1,6,1,1,4,2,0,-2
79,All,Expe1,1,6,1,1,8,3,0,-3
79,All,Expe1,1,6,1,1,9,0,4,4
79,All,Expe1,1,6,1,1,10,1,4,3
79,All,Expe1,1,6,1,1,11,2,4,2
79,All,Expe1,1,6,1,1,13,3,4,1
79,All,Expe1,1,6,1,1,15,4,4,0
79,All,Expe1,1,6,1,2,2,0,0,0
79,All,Expe1,1,6,1,2,3,0,1,1
79,All,Expe1,1,6,1,2,4,1,1,0
79,All,Expe1,1,6,1,2,6,1,2,1
79,All,Expe1,1,6,1,2,7,2,2,0
79,All,Expe1,1,6,1,2,8,2,3,1
79,All,Expe1,1,6,1,2,9,3,3,0
79,All,Expe1,1,6,1,2,11,4,3,-1
79,All,Expe1,1,6,1,3,2,0,0,0
79,All,Expe1,1,6,1,3,3,1,0,-1
79,All,Expe1,1,6,1,3,4,2,0,-2
79,All,Expe1,1,6,1,3,5,3,0,-3
79,All,Expe1,1,6,1,3,6,0,4,4
79,All,Expe1,1,6,1,3,8,4,1,-3
79,All,Expe1,1,6,1,3,9,5,1,-4
79,All,Expe1,1,6,1,3,10,6,1,-5
79,All,Expe1,1,6,1,3,11,1,7,6
79,All,Expe1,1,6,1,3,12,2,7,5
79,All,Expe1,1,6,1,3,13,3,7,4
79,All,Expe1,1,6,1,3,14,7,4,-3
79,All,Expe1,1,6,1,3,15,4,8,4
79,All,Expe1,1,6,1,4,2,0,1,1
79,All,Expe1,1,6,1,4,3,1,1,0
79,All,Expe1,1,6,1,4,4,1,2,1
79,All,Expe1,1,6,1,4,8,2,2,0
79,All,Expe1,1,6,1,6,2,0,0,0
79,All,Expe1,1,6,1,6,3,1,0,-1
79,All,Expe1,1,6,1,6,4,0,2,2
79,All,Expe1,1,6,1,6,5,1,2,1
79,All,Expe1,1,6,1,6,6,2,2,0
79,All,Expe1,1,6,1,6,7,2,3,1
79,All,Expe1,1,6,1,6,8,3,3,0
79,All,Expe1,1,6,1,6,9,3,4,1
79,All,Expe1,1,6,1,6,10,4,4,0
79,All,Expe1,1,6,1,6,12,5,4,-1
79,All,Expe1,1,6,1,6,14,6,4,-2
79,All,Expe1,1,6,1,6,15,4,7,3
79,All,Expe1,2,5,1,1,2,1,0,-1
79,All,Expe1,2,5,1,1,3,2,0,-2
79,All,Expe1,2,5,1,1,4,0,3,3
79,All,Expe1,2,5,1,1,5,3,1,-2
79,All,Expe1,2,5,1,1,6,4,1,-3
79,All,Expe1,2,5,1,1,7,5,1,-4
79,All,Expe1,2,5,1,1,12,6,1,-5
79,All,Expe1,2,5,1,2,2,0,0,0
79,All,Expe1,2,5,1,2,5,1,0,-1
79,All,Expe1,2,5,1,3,2,0,1,1
79,All,Expe1,2,5,1,3,3,1,1,0
79,All,Expe1,2,5,1,4,2,1,0,-1
79,All,Expe1,2,5,1,4,3,0,2,2
79,All,Expe1,2,5,1,5,2,1,0,-1
79,All,Expe1,2,5,1,5,3,0,2,2
79,All,Expe1,2,5,1,5,4,1,2,1
79,All,Expe1,2,5,1,5,5,2,2,0
79,All,Expe1,2,5,1,5,6,3,2,-1
79,All,Expe1,2,5,1,5,8,2,4,2
79,All,Expe1,3,2,1,1,2,0,1,1
79,All,Expe1,4,3,1,1,2,0,1,1
79,All,Expe1,5,2,2,1,2,0,1,1
79,All,Expe1,6,3,2,1,5,0,1,1
79,All,Expe1,8,4,1,1,2,0,1,1
79,All,Expe1,8,4,1,1,4,1,1,0
79,All,Expe1,8,4,1,1,5,2,1,-1
79,All,Expe1,8,4,1,1,6,1,3,2
79,All,Expe1,8,4,1,1,7,3,2,-1
79,All,Expe1,8,4,1,1,8,2,4,2
79,All,Expe1,8,4,1,1,9,4,3,-1
79,All,Expe1,8,4,1,1,10,3,5,2
79,All,Expe1,8,4,1,1,11,5,4,-1
79,All,Expe1,8,4,1,2,2,1,0,-1
79,All,Expe1,8,4,1,2,3,2,0,-2
79,All,Expe1,8,4,1,2,4,3,0,-3
79,All,Expe1,8,4,1,2,5,0,4,4
79,All,Expe1,8,4,1,2,6,4,1,-3
79,All,Expe1,8,4,1,2,8,1,5,4
79,All,Expe1,9,6,2,1,2,0,1,1
79,All,Expe1,9,6,2,1,5,1,1,0
79,All,Expe1,9,6,2,3,2,0,1,1
79,All,Expe1,9,6,2,3,4,1,1,0
79,All,Expe1,9,6,2,5,2,0,1,1
79,All,Expe1,9,6,2,5,3,1,1,0
79,All,Expe1,9,6,2,5,5,2,1,-1
79,All,Expe1,10,5,2,1,2,1,0,-1
79,All,Expe1,10,5,2,1,3,0,2,2
79,All,Expe1,10,5,2,2,4,0,0,0
79,All,Expe1,10,5,2,3,2,1,0,-1
79,All,Expe1,10,5,2,3,3,0,2,2
79,All,Expe1,10,5,2,3,5,2,1,-1
79,All,Expe1,10,5,2,3,6,1,3,2
79,All,Expe1,10,5,2,3,7,2,3,1
79,All,Expe1,10,5,2,3,8,3,3,0
79,All,Expe1,10,5,2,4,2,0,1,1
79,All,Expe1,10,5,2,4,3,1,1,0
79,All,Expe1,10,5,2,4,4,1,2,1
79,All,Expe1,10,5,2,5,2,1,0,-1
79,All,Expe1,10,5,2,5,4,0,2,2
79,All,Expe1,10,5,2,5,5,1,2,1
79,All,Expe1,10,5,2,5,7,2,2,0
79,All,Expe1,10,5,2,5,8,2,3,1
79,All,Expe1,10,5,2,5,9,3,3,0
79,All,Expe1,10,5,2,5,10,3,4,1
79,All,Expe1,11,4,2,1,5,0,1,1
79,All,Expe1,11,4,2,1,9,1,1,0
79,All,Expe1,11,4,2,2,2,0,1,1
79,All,Expe1,11,4,2,2,3,1,1,0
79,All,Expe1,11,4,2,3,2,0,1,1
79,All,Expe1,11,4,2,3,3,1,1,0
79,All,Expe1,11,4,2,4,4,0,1,1
79,All,Expe1,12,6,3,1,3,0,0,0
79,All,Expe1,12,6,3,1,4,1,0,-1
79,All,Expe1,12,6,3,1,5,2,0,-2
79,All,Expe1,12,6,3,1,6,0,3,3
79,All,Expe1,12,6,3,1,7,3,1,-2
79,All,Expe1,12,6,3,1,8,1,4,3
79,All,Expe1,12,6,3,1,9,4,2,-2
79,All,Expe1,12,6,3,1,10,2,5,3
79,All,Expe1,12,6,3,1,11,5,3,-2
79,All,Expe1,12,6,3,1,12,6,3,-3
79,All,Expe1,12,6,3,1,15,3,7,4
79,All,Expe1,12,6,3,2,3,1,0,-1
79,All,Expe1,12,6,3,4,3,0,0,0
79,All,Expe1,12,6,3,4,6,1,0,-1
79,All,Expe1,12,6,3,4,7,2,0,-2
79,All,Expe1,12,6,3,4,8,3,0,-3
79,All,Expe1,12,6,3,4,10,0,4,4
79,All,Expe1,12,6,3,4,11,1,4,3
79,All,Expe1,12,6,3,6,4,0,0,0
79,All,Expe1,12,6,3,6,5,1,0,-1
79,All,Expe1,12,6,3,6,6,0,2,2
79,All,Expe1,12,6,3,6,11,2,1,-1
79,All,Expe1,13,5,3,2,2,0,1,1
79,All,Expe1,13,5,3,3,2,0,1,1
79,All,Expe1,13,5,3,4,2,0,1,1
79,All,Expe1,13,5,3,4,4,1,1,0
79,All,Expe1,13,5,3,4,5,1,2,1
79,All,Expe1,15,3,3,1,7,1,0,-1
79,All,Expe1,15,3,3,1,9,2,0,-2
79,All,Expe1,15,3,3,2,2,0,1,1
79,All,Expe1,15,3,3,2,3,1,1,0
79,All,Expe1,15,3,3,2,4,2,1,-1
79,All,Expe1,15,3,3,3,2,0,1,1
79,All,Expe1,17,3,4,3,3,0,0,0
79,All,Expe1,18,2,6,2,2,0,1,1
80,All,Expe3,1,5,1,1,3,0,1,1
80,All,Expe3,1,5,1,1,5,1,1,0
80,All,Expe3,1,5,1,1,6,1,2,1
80,All,Expe3,1,5,1,1,7,2,2,0
80,All,Expe3,1,5,1,2,2,1,0,-1
80,All,Expe3,1,5,1,2,3,0,2,2
80,All,Expe3,1,5,1,2,4,1,2,1
80,All,Expe3,1,5,1,2,5,2,2,0
80,All,Expe3,1,5,1,2,8,3,2,-1
80,All,Expe3,1,5,1,2,12,4,2,-2
80,All,Expe3,1,5,1,2,14,5,2,-3
80,All,Expe3,1,5,1,3,2,1,0,-1
80,All,Expe3,1,5,1,3,5,2,0,-2
80,All,Expe3,1,5,1,3,6,3,0,-3
80,All,Expe3,1,5,1,3,7,4,0,-4
80,All,Expe3,1,5,1,3,8,0,5,5
80,All,Expe3,1,5,1,3,9,5,1,-4
80,All,Expe3,1,5,1,3,10,6,1,-5
80,All,Expe3,1,5,1,4,2,0,1,1
80,All,Expe3,1,5,1,4,3,1,1,0
80,All,Expe3,1,5,1,4,6,1,2,1
80,All,Expe3,2,1,1,1,2,0,0,0
80,All,Expe3,2,1,1,1,3,0,1,1
80,All,Expe3,3,4,1,1,4,0,1,1
80,All,Expe3,3,4,1,1,8,1,1,0
80,All,Expe3,3,4,1,4,2,0,1,1
80,All,Expe3,4,3,1,2,2,0,1,1
80,All,Expe3,4,3,1,2,9,1,1,0
80,All,Expe3,4,3,1,3,2,0,1,1
80,All,Expe3,4,3,1,3,8,1,1,0
80,All,Expe3,5,3,2,3,2,0,1,1
80,All,Expe3,5,3,2,3,3,1,1,0
80,All,Expe3,5,3,2,3,9,1,2,1
80,All,Expe3,6,2,1,2,2,0,1,1
80,All,Expe3,7,2,2,1,2,0,1,1
80,All,Expe3,8,2,3,2,2,0,1,1
80,All,Expe3,8,2,3,2,6,1,1,0
80,All,Expe3,9,6,1,1,3,0,1,1
80,All,Expe3,9,6,1,2,2,1,0,-1
80,All,Expe3,9,6,1,3,2,0,0,0
80,All,Expe3,9,6,1,3,5,0,1,1
80,All,Expe3,9,6,1,5,3,0,0,0
80,All,Expe3,9,6,1,5,4,1,0,-1
80,All,Expe3,9,6,1,5,5,0,2,2
80,All,Expe3,9,6,1,5,6,2,1,-1
80,All,Expe3,9,6,1,5,7,3,1,-2
80,All,Expe3,9,6,1,5,8,1,4,3
80,All,Expe3,9,6,1,6,2,1,0,-1
80,All,Expe3,9,6,1,6,3,2,0,-2
80,All,Expe3,9,6,1,6,5,3,0,-3
80,All,Expe3,10,5,2,1,2,1,0,-1
80,All,Expe3,10,5,2,2,3,0,1,1
80,All,Expe3,10,5,2,3,4,0,0,0
80,All,Expe3,10,5,2,3,6,1,0,-1
80,All,Expe3,10,5,2,4,2,0,1,1
80,All,Expe3,10,5,2,5,2,0,1,1
80,All,Expe3,12,4,2,1,2,0,1,1
80,All,Expe3,12,4,2,4,2,0,1,1
80,All,Expe3,12,4,2,4,5,1,1,0
80,All,Expe3,12,4,2,4,6,2,1,-1
80,All,Expe3,13,6,2,3,2,0,1,1
80,All,Expe3,13,6,2,3,3,1,1,0
80,All,Expe3,13,6,2,3,6,1,2,1
80,All,Expe3,13,6,2,3,8,2,2,0
80,All,Expe3,13,6,2,5,2,1,0,-1
80,All,Expe3,13,6,2,5,6,2,0,-2
80,All,Expe3,13,6,2,5,7,3,0,-3
80,All,Expe3,13,6,2,6,2,1,0,-1
80,All,Expe3,13,6,2,6,3,0,2,2
80,All,Expe3,13,6,2,6,4,2,1,-1
80,All,Expe3,13,6,2,6,5,1,3,2
80,All,Expe3,13,6,2,6,6,3,2,-1
80,All,Expe3,13,6,2,6,8,2,4,2
80,All,Expe3,13,6,2,6,9,4,3,-1
80,All,Expe3,14,5,3,1,7,1,0,-1
80,All,Expe3,14,5,3,2,2,0,1,1
80,All,Expe3,14,5,3,2,3,1,1,0
80,All,Expe3,14,5,3,2,7,1,2,1
80,All,Expe3,14,5,3,4,2,0,1,1
80,All,Expe3,14,5,3,4,9,1,1,0
80,All,Expe3,14,5,3,5,2,0,1,1
80,All,Expe3,14,5,3,5,3,1,1,0
80,All,Expe3,14,5,3,5,4,1,2,1
80,All,Expe3,14,5,3,5,6,2,2,0
80,All,Expe3,14,5,3,5,7,3,2,-1
80,All,Expe3,14,5,3,5,8,4,2,-2
80,All,Expe3,14,5,3,5,10,5,2,-3
80,All,Expe3,15,4,3,1,2,0,1,1
80,All,Expe3,15,4,3,1,3,1,1,0
80,All,Expe3,15,4,3,1,4,2,1,-1
80,All,Expe3,15,4,3,1,5,3,1,-2
80,All,Expe3,15,4,3,2,2,0,1,1
80,All,Expe3,15,4,3,4,2,0,1,1
80,All,Expe3,15,4,3,4,3,1,1,0
80,All,Expe3,15,4,3,4,4,2,1,-1
80,All,Expe3,15,4,3,4,9,3,1,-2
80,All,Expe3,17,3,4,1,4,1,0,-1
80,All,Expe3,17,3,4,1,9,0,2,2
80,All,Expe3,17,3,4,2,3,0,0,0
80,All,Expe3,17,3,4,2,7,0,1,1
80,All,Expe3,17,3,4,3,2,0,1,1
80,All,Expe3,18,2,4,1,3,0,0,0
80,All,Expe3,19,2,5,2,2,0,1,1
80,All,Expe3,19,2,5,2,4,1,1,0
80,All,Expe3,20,2,6,1,5,0,0,0
80,All,Expe3,22,6,3,1,3,0,1,1
80,All,Expe3,22,6,3,1,9,1,1,0
80,All,Expe3,22,6,3,3,8,0,0,0
80,All,Expe3,22,6,3,4,2,0,1,1
80,All,Expe3,22,6,3,4,3,1,1,0
80,All,Expe3,22,6,3,4,4,1,2,1
80,All,Expe3,22,6,3,4,7,2,2,0
80,All,Expe3,22,6,3,5,2,1,0,-1
80,All,Expe3,22,6,3,6,3,0,1,1
80,All,Expe3,22,6,3,6,5,1,1,0
81,All,Expe3,1,4,1,2,3,1,0,-1
81,All,Expe3,4,5,1,2,2,0,1,1
81,All,Expe3,4,5,1,2,3,1,1,0
81,All,Expe3,4,5,1,2,4,2,1,-1
81,All,Expe3,4,5,1,2,7,3,1,-2
81,All,Expe3,4,5,1,2,8,1,4,3
81,All,Expe3,4,5,1,3,2,0,1,1
81,All,Expe3,4,5,1,5,3,0,1,1
81,All,Expe3,4,5,1,5,6,1,1,0
81,All,Expe3,4,5,1,5,7,1,2,1
81,All,Expe3,4,5,1,5,8,2,2,0
81,All,Expe3,5,2,1,1,6,0,1,1
81,All,Expe3,6,3,2,2,9,0,0,0
81,All,Expe3,7,6,1,1,2,0,1,1
81,All,Expe3,7,6,1,4,2,0,1,1
81,All,Expe3,7,6,1,5,8,1,0,-1
81,All,Expe3,7,6,1,6,2,0,1,1
81,All,Expe3,7,6,1,6,3,1,1,0
81,All,Expe3,8,2,2,1,2,0,1,1
81,All,Expe3,8,2,2,2,2,0,1,1
81,All,Expe3,9,2,3,1,2,0,1,1
81,All,Expe3,10,6,2,1,2,0,1,1
81,All,Expe3,10,6,2,2,3,1,0,-1
81,All,Expe3,10,6,2,2,4,0,2,2
81,All,Expe3,10,6,2,3,2,0,1,1
81,All,Expe3,10,6,2,4,2,0,0,0
81,All,Expe3,10,6,2,6,3,1,0,-1
81,All,Expe3,12,4,2,1,2,0,1,1
81,All,Expe3,12,4,2,2,3,0,1,1
81,All,Expe3,13,5,2,1,2,0,1,1
81,All,Expe3,13,5,2,1,3,1,1,0
81,All,Expe3,13,5,2,1,8,2,1,-1
81,All,Expe3,13,5,2,1,10,3,1,-2
81,All,Expe3,13,5,2,2,11,0,0,0
81,All,Expe3,13,5,2,5,2,0,1,1
81,All,Expe3,13,5,2,5,6,1,1,0
81,All,Expe3,14,4,3,1,2,0,1,1
81,All,Expe3,14,4,3,3,4,1,0,-1
81,All,Expe3,14,4,3,3,5,0,2,2
81,All,Expe3,14,4,3,4,8,0,0,0
81,All,Expe3,15,3,3,1,2,0,1,1
81,All,Expe3,15,3,3,2,2,0,1,1
81,All,Expe3,16,5,3,1,2,0,1,1
81,All,Expe3,16,5,3,2,2,0,1,1
81,All,Expe3,16,5,3,3,2,0,1,1
81,All,Expe3,16,5,3,4,6,0,1,1
81,All,Expe3,17,2,4,1,2,0,1,1
81,All,Expe3,17,2,4,1,4,1,1,0
81,All,Expe3,18,3,4,1,2,0,1,1
81,All,Expe3,19,6,3,2,2,0,1,1
81,All,Expe3,19,6,3,2,3,1,1,0
81,All,Expe3,19,6,3,3,2,0,0,0
81,All,Expe3,19,6,3,4,6,0,0,0
81,All,Expe3,21,1,3,1,2,0,1,1
82,All,Expe3,1,3,1,2,2,1,0,-1
82,All,Expe3,1,3,1,2,6,2,0,-2
82,All,Expe3,2,1,1,1,2,0,1,1
82,All,Expe3,3,2,1,1,2,1,0,-1
82,All,Expe3,3,2,1,1,5,2,0,-2
82,All,Expe3,3,2,1,2,2,1,0,-1
82,All,Expe3,3,2,1,2,3,0,2,2
82,All,Expe3,3,2,1,2,9,1,2,1
82,All,Expe3,4,4,1,1,2,0,1,1
82,All,Expe3,4,4,1,1,3,1,1,0
82,All,Expe3,4,4,1,1,6,2,1,-1
82,All,Expe3,4,4,1,1,7,3,1,-2
82,All,Expe3,4,4,1,1,8,1,4,3
82,All,Expe3,4,4,1,1,9,2,4,2
82,All,Expe3,4,4,1,2,2,0,1,1
82,All,Expe3,4,4,1,2,3,1,1,0
82,All,Expe3,4,4,1,2,4,2,1,-1
82,All,Expe3,4,4,1,2,7,3,1,-2
82,All,Expe3,4,4,1,2,8,1,4,3
82,All,Expe3,4,4,1,2,9,4,2,-2
82,All,Expe3,4,4,1,2,10,5,2,-3
82,All,Expe3,4,4,1,2,11,6,2,-4
82,All,Expe3,4,4,1,2,12,2,7,5
82,All,Expe3,4,4,1,2,14,3,7,4
82,All,Expe3,4,4,1,3,2,0,1,1
82,All,Expe3,4,4,1,3,4,1,1,0
82,All,Expe3,4,4,1,3,12,1,2,1
82,All,Expe3,4,4,1,4,6,0,1,1
82,All,Expe3,4,4,1,4,8,1,1,0
82,All,Expe3,5,6,1,1,2,0,1,1
82,All,Expe3,5,6,1,1,3,1,1,0
82,All,Expe3,5,6,1,1,4,1,2,1
82,All,Expe3,5,6,1,1,5,2,2,0
82,All,Expe3,5,6,1,1,6,2,3,1
82,All,Expe3,5,6,1,1,7,3,3,0
82,All,Expe3,5,6,1,1,12,4,3,-1
82,All,Expe3,5,6,1,3,4,0,0,0
82,All,Expe3,5,6,1,5,2,0,0,0
82,All,Expe3,5,6,1,6,2,0,0,0
82,All,Expe3,5,6,1,6,3,1,0,-1
82,All,Expe3,5,6,1,6,4,0,2,2
82,All,Expe3,5,6,1,6,5,2,1,-1
82,All,Expe3,5,6,1,6,8,1,3,2
82,All,Expe3,6,5,1,1,3,0,1,1
82,All,Expe3,6,5,1,1,4,1,1,0
82,All,Expe3,6,5,1,1,10,2,1,-1
82,All,Expe3,6,5,1,1,11,3,1,-2
82,All,Expe3,6,5,1,2,2,0,1,1
82,All,Expe3,6,5,1,2,3,1,1,0
82,All,Expe3,6,5,1,2,4,2,1,-1
82,All,Expe3,6,5,1,2,5,3,1,-2
82,All,Expe3,6,5,1,2,6,4,1,-3
82,All,Expe3,6,5,1,2,7,1,5,4
82,All,Expe3,6,5,1,2,8,5,2,-3
82,All,Expe3,6,5,1,2,9,2,6,4
82,All,Expe3,6,5,1,2,10,3,6,3
82,All,Expe3,6,5,1,3,4,0,1,1
82,All,Expe3,6,5,1,3,6,1,1,0
82,All,Expe3,6,5,1,3,10,2,1,-1
82,All,Expe3,6,5,1,3,11,1,3,2
82,All,Expe3,6,5,1,3,13,2,3,1
82,All,Expe3,6,5,1,4,2,0,0,0
82,All,Expe3,6,5,1,5,6,0,1,1
82,All,Expe3,6,5,1,5,7,1,1,0
82,All,Expe3,6,5,1,5,8,1,2,1
82,All,Expe3,7,2,2,1,2,0,1,1
82,All,Expe3,7,2,2,2,2,0,1,1
82,All,Expe3,8,3,2,1,2,0,1,1
82,All,Expe3,8,3,2,1,4,1,1,0
82,All,Expe3,8,3,2,2,2,0,1,1
82,All,Expe3,8,3,2,2,3,1,1,0
82,All,Expe3,10,5,2,1,2,0,1,1
82,All,Expe3,10,5,2,1,3,1,1,0
82,All,Expe3,10,5,2,1,4,2,1,-1
82,All,Expe3,10,5,2,1,5,3,1,-2
82,All,Expe3,10,5,2,1,6,4,1,-3
82,All,Expe3,10,5,2,1,7,5,1,-4
82,All,Expe3,10,5,2,1,8,1,6,5
82,All,Expe3,10,5,2,1,9,2,6,4
82,All,Expe3,10,5,2,3,2,0,1,1
82,All,Expe3,10,5,2,3,3,1,1,0
82,All,Expe3,10,5,2,3,4,1,2,1
82,All,Expe3,10,5,2,3,5,2,2,0
82,All,Expe3,10,5,2,3,7,3,2,-1
82,All,Expe3,10,5,2,3,9,4,2,-2
82,All,Expe3,10,5,2,5,3,0,0,0
82,All,Expe3,12,4,2,1,3,0,1,1
82,All,Expe3,12,4,2,1,4,1,1,0
82,All,Expe3,12,4,2,1,5,2,1,-1
82,All,Expe3,12,4,2,1,6,3,1,-2
82,All,Expe3,12,4,2,1,7,1,4,3
82,All,Expe3,12,4,2,1,9,4,2,-2
82,All,Expe3,12,4,2,1,12,5,2,-3
82,All,Expe3,12,4,2,2,2,1,0,-1
82,All,Expe3,12,4,2,2,5,0,2,2
82,All,Expe3,12,4,2,4,2,0,1,1
82,All,Expe3,12,4,2,4,3,1,1,0
82,All,Expe3,13,6,2,1,2,1,0,-1
82,All,Expe3,13,6,2,1,3,0,2,2
82,All,Expe3,13,6,2,2,2,0,1,1
82,All,Expe3,13,6,2,3,3,0,0,0
82,All,Expe3,13,6,2,3,4,1,0,-1
82,All,Expe3,13,6,2,3,5,2,0,-2
82,All,Expe3,13,6,2,3,7,3,0,-3
82,All,Expe3,13,6,2,4,2,1,0,-1
82,All,Expe3,13,6,2,5,2,0,1,1
82,All,Expe3,13,6,2,5,3,1,1,0
82,All,Expe3,13,6,2,5,4,1,2,1
82,All,Expe3,13,6,2,5,7,2,2,0
82,All,Expe3,13,6,2,5,8,3,2,-1
82,All,Expe3,13,6,2,5,9,2,4,2
82,All,Expe3,13,6,2,5,10,4,3,-1
82,All,Expe3,13,6,2,6,2,0,1,1
82,All,Expe3,13,6,2,6,3,1,1,0
82,All,Expe3,13,6,2,6,4,2,1,-1
82,All,Expe3,13,6,2,6,5,3,1,-2
82,All,Expe3,14,3,3,1,2,0,1,1
82,All,Expe3,14,3,3,2,8,0,1,1
82,All,Expe3,14,3,3,3,2,1,0,-1
82,All,Expe3,14,3,3,3,3,0,2,2
82,All,Expe3,14,3,3,3,5,1,2,1
82,All,Expe3,15,2,4,2,7,0,1,1
82,All,Expe3,16,4,3,1,2,0,1,1
82,All,Expe3,16,4,3,1,3,1,1,0
82,All,Expe3,16,4,3,1,4,2,1,-1
82,All,Expe3,16,4,3,1,6,3,1,-2
82,All,Expe3,16,4,3,1,7,4,1,-3
82,All,Expe3,16,4,3,2,10,0,0,0
82,All,Expe3,16,4,3,3,2,0,0,0
82,All,Expe3,16,4,3,4,2,0,1,1
82,All,Expe3,16,4,3,4,5,1,1,0
82,All,Expe3,17,6,3,1,2,0,0,0
82,All,Expe3,17,6,3,3,2,1,0,-1
82,All,Expe3,17,6,3,3,3,0,2,2
82,All,Expe3,17,6,3,3,5,2,1,-1
82,All,Expe3,17,6,3,4,2,0,1,1
82,All,Expe3,17,6,3,4,3,1,1,0
82,All,Expe3,17,6,3,4,4,1,2,1
82,All,Expe3,17,6,3,4,5,2,2,0
82,All,Expe3,17,6,3,4,8,2,3,1
82,All,Expe3,17,6,3,5,2,0,1,1
82,All,Expe3,17,6,3,5,3,1,1,0
82,All,Expe3,17,6,3,5,4,2,1,-1
82,All,Expe3,17,6,3,6,2,1,0,-1
82,All,Expe3,18,5,3,1,2,1,0,-1
82,All,Expe3,18,5,3,1,3,0,2,2
82,All,Expe3,18,5,3,2,3,0,0,0
82,All,Expe3,18,5,3,4,2,0,1,1
82,All,Expe3,18,5,3,4,4,1,1,0
82,All,Expe3,18,5,3,4,6,2,1,-1
82,All,Expe3,19,2,5,1,2,0,1,1
82,All,Expe3,19,2,5,1,5,1,1,0
82,All,Expe3,19,2,5,2,2,0,1,1
82,All,Expe3,19,2,5,2,3,1,1,0
82,All,Expe3,20,3,4,1,4,0,1,1
82,All,Expe3,20,3,4,2,2,0,1,1
83,All,Expe3,1,2,1,2,6,0,1,1
83,All,Expe3,3,6,1,1,3,0,0,0
83,All,Expe3,3,6,1,1,4,0,1,1
83,All,Expe3,3,6,1,1,6,1,1,0
83,All,Expe3,3,6,1,1,7,1,2,1
83,All,Expe3,3,6,1,1,8,2,2,0
83,All,Expe3,3,6,1,2,2,0,1,1
83,All,Expe3,3,6,1,2,12,1,1,0
83,All,Expe3,3,6,1,4,3,0,1,1
83,All,Expe3,3,6,1,4,4,1,1,0
83,All,Expe3,3,6,1,4,5,2,1,-1
83,All,Expe3,3,6,1,4,7,1,3,2
83,All,Expe3,3,6,1,4,8,2,3,1
83,All,Expe3,3,6,1,4,9,3,3,0
83,All,Expe3,3,6,1,4,11,4,3,-1
83,All,Expe3,3,6,1,4,12,5,3,-2
83,All,Expe3,3,6,1,5,4,0,1,1
83,All,Expe3,3,6,1,5,5,1,1,0
83,All,Expe3,3,6,1,6,3,0,0,0
83,All,Expe3,3,6,1,6,4,1,0,-1
83,All,Expe3,3,6,1,6,5,2,0,-2
83,All,Expe3,3,6,1,6,7,0,3,3
83,All,Expe3,4,3,1,2,2,0,1,1
83,All,Expe3,4,3,1,3,15,0,1,1
83,All,Expe3,5,2,2,2,2,1,0,-1
83,All,Expe3,5,2,2,2,3,0,2,2
83,All,Expe3,6,4,1,1,3,1,0,-1
83,All,Expe3,6,4,1,1,7,2,0,-2
83,All,Expe3,6,4,1,4,2,0,1,1
83,All,Expe3,8,5,1,1,2,0,1,1
83,All,Expe3,8,5,1,4,7,0,1,1
83,All,Expe3,8,5,1,5,2,0,1,1
83,All,Expe3,9,3,2,2,3,0,0,0
83,All,Expe3,10,6,2,1,3,0,0,0
83,All,Expe3,10,6,2,1,4,1,0,-1
83,All,Expe3,10,6,2,1,5,2,0,-2
83,All,Expe3,10,6,2,1,6,3,0,-3
83,All,Expe3,10,6,2,2,3,1,0,-1
83,All,Expe3,10,6,2,2,5,2,0,-2
83,All,Expe3,10,6,2,3,2,0,0,0
83,All,Expe3,10,6,2,3,3,0,1,1
83,All,Expe3,10,6,2,3,5,1,1,0
83,All,Expe3,10,6,2,3,6,1,2,1
83,All,Expe3,10,6,2,3,9,2,2,0
83,All,Expe3,10,6,2,3,10,3,2,-1
83,All,Expe3,10,6,2,6,9,0,1,1
83,All,Expe3,12,4,2,1,3,0,0,0
83,All,Expe3,12,4,2,1,5,1,0,-1
83,All,Expe3,12,4,2,2,2,0,1,1
83,All,Expe3,12,4,2,2,4,1,1,0
83,All,Expe3,13,5,2,1,2,0,0,0
83,All,Expe3,13,5,2,2,3,0,0,0
83,All,Expe3,13,5,2,2,4,0,1,1
83,All,Expe3,13,5,2,2,5,1,1,0
83,All,Expe3,13,5,2,5,2,0,0,0
83,All,Expe3,13,5,2,5,3,0,1,1
83,All,Expe3,13,5,2,5,4,1,1,0
83,All,Expe3,14,2,4,1,2,1,0,-1
83,All,Expe3,14,2,4,1,3,0,2,2
83,All,Expe3,14,2,4,2,2,0,1,1
83,All,Expe3,15,6,3,1,2,0,1,1
83,All,Expe3,15,6,3,1,3,1,1,0
83,All,Expe3,15,6,3,4,2,0,1,1
83,All,Expe3,15,6,3,4,3,1,1,0
83,All,Expe3,15,6,3,4,4,2,1,-1
83,All,Expe3,15,6,3,4,5,1,3,2
83,All,Expe3,15,6,3,4,7,2,3,1
83,All,Expe3,15,6,3,5,2,0,1,1
83,All,Expe3,15,6,3,5,3,1,1,0
83,All,Expe3,15,6,3,5,5,2,1,-1
83,All,Expe3,15,6,3,6,5,0,0,0
83,All,Expe3,17,2,5,1,5,0,1,1
83,All,Expe3,17,2,5,2,2,0,1,1
83,All,Expe3,18,4,3,1,3,0,1,1
83,All,Expe3,18,4,3,1,7,1,1,0
83,All,Expe3,18,4,3,2,2,0,1,1
83,All,Expe3,18,4,3,4,2,0,1,1
83,All,Expe3,19,2,6,1,2,1,0,-1
83,All,Expe3,20,5,3,1,3,0,1,1
83,All,Expe3,20,5,3,1,4,1,1,0
83,All,Expe3,20,5,3,3,2,0,1,1
83,All,Expe3,20,5,3,3,3,1,1,0
83,All,Expe3,20,5,3,5,3,1,0,-1
83,All,Expe3,20,5,3,5,4,0,2,2
83,All,Expe3,22,3,4,1,2,0,1,1
83,All,Expe3,22,3,4,1,3,1,1,0
83,All,Expe3,22,3,4,1,8,2,1,-1
83,All,Expe3,22,3,4,2,2,0,1,1
83,All,Expe3,22,3,4,2,3,1,1,0
83,All,Expe3,22,3,4,2,7,1,2,1
84,All,Expe3,1,6,1,1,2,0,1,1
84,All,Expe3,1,6,1,1,3,1,1,0
84,All,Expe3,1,6,1,3,4,1,0,-1
84,All,Expe3,1,6,1,3,12,2,0,-2
84,All,Expe3,1,6,1,4,2,1,0,-1
84,All,Expe3,1,6,1,4,4,0,2,2
84,All,Expe3,1,6,1,4,8,2,1,-1
84,All,Expe3,1,6,1,5,9,0,0,0
84,All,Expe3,1,6,1,6,2,0,1,1
84,All,Expe3,1,6,1,6,3,1,1,0
84,All,Expe3,1,6,1,6,4,1,2,1
84,All,Expe3,1,6,1,6,5,2,2,0
84,All,Expe3,1,6,1,6,6,3,2,-1
84,All,Expe3,1,6,1,6,9,4,2,-2
84,All,Expe3,1,6,1,6,12,5,2,-3
84,All,Expe3,3,2,1,1,8,0,0,0
84,All,Expe3,3,2,1,2,2,0,1,1
84,All,Expe3,3,2,1,2,7,1,1,0
84,All,Expe3,4,2,2,1,2,0,1,1
84,All,Expe3,5,2,3,1,6,0,0,0
84,All,Expe3,5,2,3,1,9,1,0,-1
84,All,Expe3,5,2,3,2,3,0,1,1
84,All,Expe3,6,3,1,1,2,0,1,1
84,All,Expe3,6,3,1,2,2,0,1,1
84,All,Expe3,6,3,1,3,2,0,1,1
84,All,Expe3,7,3,2,1,9,1,0,-1
84,All,Expe3,8,4,1,1,9,0,1,1
84,All,Expe3,8,4,1,4,2,1,0,-1
84,All,Expe3,8,4,1,4,3,2,0,-2
84,All,Expe3,8,4,1,4,4,0,3,3
84,All,Expe3,9,5,1,1,5,1,0,-1
84,All,Expe3,9,5,1,4,2,0,1,1
84,All,Expe3,9,5,1,4,3,1,1,0
84,All,Expe3,10,6,2,2,2,1,0,-1
84,All,Expe3,10,6,2,2,3,2,0,-2
84,All,Expe3,10,6,2,2,7,3,0,-3
84,All,Expe3,12,5,2,2,9,0,0,0
84,All,Expe3,12,5,2,3,2,1,0,-1
84,All,Expe3,12,5,2,3,3,0,2,2
84,All,Expe3,12,5,2,4,3,1,0,-1
84,All,Expe3,13,4,2,3,8,0,0,0
84,All,Expe3,13,4,2,4,2,0,0,0
84,All,Expe3,13,4,2,4,4,1,0,-1
84,All,Expe3,14,6,3,1,2,0,1,1
84,All,Expe3,14,6,3,1,3,1,1,0
84,All,Expe3,14,6,3,1,4,1,2,1
84,All,Expe3,14,6,3,1,5,2,2,0
84,All,Expe3,14,6,3,1,6,3,2,-1
84,All,Expe3,14,6,3,1,8,4,2,-2
84,All,Expe3,14,6,3,4,2,0,1,1
84,All,Expe3,14,6,3,4,4,1,1,0
84,All,Expe3,14,6,3,4,5,2,1,-1
84,All,Expe3,14,6,3,5,2,1,0,-1
84,All,Expe3,14,6,3,5,3,0,2,2
84,All,Expe3,14,6,3,5,4,2,1,-1
84,All,Expe3,14,6,3,6,2,0,0,0
84,All,Expe3,14,6,3,6,4,0,1,1
84,All,Expe3,15,2,4,2,4,0,1,1
84,All,Expe3,16,2,5,1,2,0,1,1
84,All,Expe3,16,2,5,1,6,1,1,0
84,All,Expe3,16,2,5,2,2,0,1,1
84,All,Expe3,17,2,6,2,2,0,1,1
84,All,Expe3,18,3,3,1,2,0,1,1
84,All,Expe3,18,3,3,1,4,1,1,0
84,All,Expe3,18,3,3,3,2,0,1,1
84,All,Expe3,18,3,3,3,3,1,1,0
84,All,Expe3,18,3,3,3,7,2,1,-1
84,All,Expe3,19,3,4,3,9,0,1,1
84,All,Expe3,20,4,3,2,2,0,1,1
84,All,Expe3,20,4,3,3,2,0,1,1
84,All,Expe3,20,4,3,3,6,1,1,0
84,All,Expe3,22,5,3,1,2,0,1,1
84,All,Expe3,22,5,3,1,5,1,1,0
84,All,Expe3,22,5,3,2,6,0,0,0
84,All,Expe3,22,5,3,4,2,0,1,1
84,All,Expe3,22,5,3,5,2,0,1,1
85,All,Expe3,1,2,1,1,5,0,0,0
85,All,Expe3,1,2,1,1,6,1,0,-1
85,All,Expe3,1,2,1,1,8,2,0,-2
85,All,Expe3,1,2,1,1,9,3,0,-3
85,All,Expe3,1,2,1,2,7,0,1,1
85,All,Expe3,3,2,2,2,2,0,1,1
85,All,Expe3,4,6,1,1,2,0,0,0
85,All,Expe3,4,6,1,1,3,1,0,-1
85,All,Expe3,4,6,1,1,4,0,2,2
85,All,Expe3,4,6,1,1,5,1,2,1
85,All,Expe3,4,6,1,1,7,2,2,0
85,All,Expe3,4,6,1,1,8,2,3,1
85,All,Expe3,4,6,1,1,11,3,3,0
85,All,Expe3,4,6,1,3,2,0,1,1
85,All,Expe3,4,6,1,3,5,1,1,0
85,All,Expe3,4,6,1,3,8,1,2,1
85,All,Expe3,4,6,1,3,9,2,2,0
85,All,Expe3,4,6,1,3,10,3,2,-1
85,All,Expe3,4,6,1,3,11,4,2,-2
85,All,Expe3,4,6,1,3,12,5,2,-3
85,All,Expe3,4,6,1,3,13,6,2,-4
85,All,Expe3,4,6,1,3,14,2,7,5
85,All,Expe3,4,6,1,3,15,3,7,4
85,All,Expe3,4,6,1,4,3,1,0,-1
85,All,Expe3,4,6,1,4,5,2,0,-2
85,All,Expe3,4,6,1,4,7,3,0,-3
85,All,Expe3,4,6,1,4,9,0,4,4
85,All,Expe3,4,6,1,4,10,4,1,-3
85,All,Expe3,4,6,1,4,12,5,1,-4
85,All,Expe3,4,6,1,4,14,6,1,-5
85,All,Expe3,4,6,1,5,2,0,1,1
85,All,Expe3,4,6,1,5,3,1,1,0
85,All,Expe3,4,6,1,5,4,2,1,-1
85,All,Expe3,4,6,1,5,5,3,1,-2
85,All,Expe3,4,6,1,5,6,4,1,-3
85,All,Expe3,4,6,1,5,7,1,5,4
85,All,Expe3,4,6,1,5,9,2,5,3
85,All,Expe3,4,6,1,5,10,3,5,2
85,All,Expe3,4,6,1,5,13,4,5,1
85,All,Expe3,4,6,1,5,15,5,5,0
85,All,Expe3,4,6,1,6,4,1,0,-1
85,All,Expe3,5,3,1,1,6,0,0,0
85,All,Expe3,5,3,1,1,7,1,0,-1
85,All,Expe3,5,3,1,1,10,2,0,-2
85,All,Expe3,5,3,1,1,14,3,0,-3
85,All,Expe3,7,5,1,2,4,0,0,0
85,All,Expe3,7,5,1,2,6,1,0,-1
85,All,Expe3,7,5,1,2,7,2,0,-2
85,All,Expe3,7,5,1,2,9,3,0,-3
85,All,Expe3,7,5,1,2,10,4,0,-4
85,All,Expe3,7,5,1,2,12,5,0,-5
85,All,Expe3,7,5,1,2,13,6,0,-6
85,All,Expe3,7,5,1,2,14,0,7,7
85,All,Expe3,7,5,1,2,15,7,1,-6
85,All,Expe3,7,5,1,3,2,0,0,0
85,All,Expe3,7,5,1,3,4,0,1,1
85,All,Expe3,7,5,1,3,5,1,1,0
85,All,Expe3,7,5,1,3,6,2,1,-1
85,All,Expe3,7,5,1,3,7,3,1,-2
85,All,Expe3,7,5,1,3,10,4,1,-3
85,All,Expe3,7,5,1,3,11,5,1,-4
85,All,Expe3,7,5,1,3,12,1,6,5
85,All,Expe3,7,5,1,3,13,6,2,-4
85,All,Expe3,7,5,1,3,14,2,7,5
85,All,Expe3,7,5,1,3,15,7,3,-4
85,All,Expe3,7,5,1,4,2,0,0,0
85,All,Expe3,7,5,1,4,3,0,1,1
85,All,Expe3,7,5,1,4,8,1,1,0
85,All,Expe3,7,5,1,4,9,2,1,-1
85,All,Expe3,7,5,1,4,10,3,1,-2
85,All,Expe3,7,5,1,4,11,4,1,-3
85,All,Expe3,7,5,1,4,13,5,1,-4
85,All,Expe3,7,5,1,5,3,0,0,0
85,All,Expe3,7,5,1,5,4,1,0,-1
85,All,Expe3,7,5,1,5,5,0,2,2
85,All,Expe3,7,5,1,5,6,2,1,-1
85,All,Expe3,7,5,1,5,7,3,1,-2
85,All,Expe3,7,5,1,5,9,1,4,3
85,All,Expe3,7,5,1,5,12,4,2,-2
85,All,Expe3,8,3,2,1,6,0,0,0
85,All,Expe3,8,3,2,2,2,0,0,0
85,All,Expe3,8,3,2,3,2,0,1,1
85,All,Expe3,8,3,2,3,3,1,1,0
85,All,Expe3,8,3,2,3,15,1,2,1
85,All,Expe3,9,4,1,1,3,0,0,0
85,All,Expe3,9,4,1,1,5,0,1,1
85,All,Expe3,9,4,1,1,7,1,1,0
85,All,Expe3,9,4,1,1,9,2,1,-1
85,All,Expe3,9,4,1,2,2,1,0,-1
85,All,Expe3,9,4,1,3,2,0,1,1
85,All,Expe3,9,4,1,3,3,1,1,0
85,All,Expe3,9,4,1,3,4,1,2,1
85,All,Expe3,9,4,1,3,5,2,2,0
85,All,Expe3,9,4,1,3,13,3,2,-1
85,All,Expe3,9,4,1,4,4,0,1,1
85,All,Expe3,9,4,1,4,6,1,1,0
85,All,Expe3,9,4,1,4,10,2,1,-1
85,All,Expe3,10,5,2,1,2,1,0,-1
85,All,Expe3,10,5,2,2,2,0,1,1
85,All,Expe3,10,5,2,4,2,0,1,1
85,All,Expe3,10,5,2,4,3,1,1,0
85,All,Expe3,10,5,2,4,4,1,2,1
85,All,Expe3,10,5,2,4,5,2,2,0
85,All,Expe3,11,1,2,1,2,0,1,1
85,All,Expe3,12,4,2,1,2,1,0,-1
85,All,Expe3,12,4,2,1,3,2,0,-2
85,All,Expe3,12,4,2,1,4,3,0,-3
85,All,Expe3,12,4,2,1,5,4,0,-4
85,All,Expe3,12,4,2,1,6,5,0,-5
85,All,Expe3,12,4,2,1,7,6,0,-6
85,All,Expe3,12,4,2,1,8,0,7,7
85,All,Expe3,12,4,2,1,12,7,1,-6
85,All,Expe3,12,4,2,2,4,0,0,0
85,All,Expe3,12,4,2,4,2,0,1,1
85,All,Expe3,13,6,2,1,4,1,0,-1
85,All,Expe3,13,6,2,4,2,0,1,1
85,All,Expe3,13,6,2,4,3,1,1,0
85,All,Expe3,13,6,2,5,2,1,0,-1
85,All,Expe3,13,6,2,6,2,0,1,1
85,All,Expe3,13,6,2,6,3,1,1,0
85,All,Expe3,13,6,2,6,4,2,1,-1
85,All,Expe3,13,6,2,6,6,1,3,2
85,All,Expe3,15,2,5,1,2,0,1,1
85,All,Expe3,15,2,5,2,2,0,1,1
85,All,Expe3,15,2,5,2,3,1,1,0
85,All,Expe3,15,2,5,2,7,2,1,-1
85,All,Expe3,16,6,3,1,3,0,1,1
85,All,Expe3,16,6,3,1,9,1,1,0
85,All,Expe3,16,6,3,2,2,1,0,-1
85,All,Expe3,16,6,3,2,6,2,0,-2
85,All,Expe3,16,6,3,2,7,0,3,3
85,All,Expe3,16,6,3,3,2,0,1,1
85,All,Expe3,16,6,3,4,2,1,0,-1
85,All,Expe3,16,6,3,4,4,2,0,-2
85,All,Expe3,16,6,3,4,7,3,0,-3
85,All,Expe3,16,6,3,5,9,0,0,0
85,All,Expe3,16,6,3,6,3,0,1,1
85,All,Expe3,16,6,3,6,6,1,1,0
85,All,Expe3,17,3,3,1,2,0,0,0
85,All,Expe3,17,3,3,1,3,1,0,-1
85,All,Expe3,17,3,3,1,8,2,0,-2
85,All,Expe3,17,3,3,2,2,0,0,0
85,All,Expe3,17,3,3,2,3,0,1,1
85,All,Expe3,17,3,3,3,2,0,1,1
85,All,Expe3,17,3,3,3,5,1,1,0
85,All,Expe3,18,2,6,1,3,0,0,0
85,All,Expe3,18,2,6,2,2,0,1,1
85,All,Expe3,18,2,6,2,3,1,1,0
85,All,Expe3,19,5,3,5,3,0,1,1
85,All,Expe3,19,5,3,5,9,1,1,0
85,All,Expe3,20,3,4,1,4,0,0,0
85,All,Expe3,20,3,4,1,6,1,0,-1
85,All,Expe3,20,3,4,2,2,1,0,-1
85,All,Expe3,20,3,4,3,7,1,0,-1
85,All,Expe3,22,4,3,3,2,0,1,1
85,All,Expe3,22,4,3,3,5,1,1,0
85,All,Expe3,22,4,3,3,6,1,2,1
85,All,Expe3,22,4,3,3,7,2,2,0
85,All,Expe3,22,4,3,3,11,2,3,1
85,All,Expe3,22,4,3,4,2,1,0,-1
85,All,Expe3,22,4,3,4,3,0,2,2
85,All,Expe3,22,4,3,4,6,2,1,-1
85,All,Expe3,22,4,3,4,7,3,1,-2
85,All,Expe3,22,4,3,4,8,1,4,3
86,All,Expe3,1,6,1,1,2,0,1,1
86,All,Expe3,1,6,1,1,4,1,1,0
86,All,Expe3,1,6,1,2,2,1,0,-1
86,All,Expe3,1,6,1,3,4,1,0,-1
86,All,Expe3,2,1,1,1,2,0,1,1
86,All,Expe3,3,2,1,1,4,1,0,-1
86,All,Expe3,5,2,2,1,2,0,1,1
86,All,Expe3,5,2,2,2,2,0,1,1
86,All,Expe3,6,3,2,1,2,0,1,1
86,All,Expe3,6,3,2,2,8,1,0,-1
86,All,Expe3,7,5,1,1,2,0,1,1
86,All,Expe3,7,5,1,2,2,0,1,1
86,All,Expe3,7,5,1,3,2,0,1,1
86,All,Expe3,7,5,1,3,4,1,1,0
86,All,Expe3,7,5,1,4,7,0,0,0
86,All,Expe3,8,4,1,1,2,0,1,1
86,All,Expe3,8,4,1,2,2,0,1,1
86,All,Expe3,10,5,2,1,2,0,1,1
86,All,Expe3,10,5,2,1,3,1,1,0
86,All,Expe3,10,5,2,3,4,0,0,0
86,All,Expe3,12,6,2,1,2,0,1,1
86,All,Expe3,12,6,2,1,3,1,1,0
86,All,Expe3,12,6,2,2,2,0,1,1
86,All,Expe3,12,6,2,2,3,1,1,0
86,All,Expe3,12,6,2,3,3,0,1,1
86,All,Expe3,12,6,2,3,6,1,1,0
86,All,Expe3,12,6,2,6,6,0,0,0
86,All,Expe3,12,6,2,6,7,1,0,-1
86,All,Expe3,13,4,2,1,2,0,1,1
86,All,Expe3,14,6,3,1,2,0,1,1
86,All,Expe3,15,2,4,1,2,0,1,1
86,All,Expe3,15,2,4,1,9,1,1,0
86,All,Expe3,17,2,5,1,2,0,1,1
86,All,Expe3,18,3,4,1,2,0,1,1
86,All,Expe3,18,3,4,2,2,0,1,1
86,All,Expe3,19,5,3,1,2,0,1,1
86,All,Expe3,19,5,3,2,2,0,1,1
86,All,Expe3,20,4,3,1,2,0,1,1
87,All,Expe3,2,1,1,1,2,0,1,1
87,All,Expe3,3,2,2,2,2,0,1,1
87,All,Expe3,4,6,1,1,2,0,1,1
87,All,Expe3,4,6,1,1,4,1,1,0
87,All,Expe3,4,6,1,1,6,1,2,1
87,All,Expe3,4,6,1,1,8,2,2,0
87,All,Expe3,4,6,1,2,13,0,0,0
87,All,Expe3,4,6,1,3,2,1,0,-1
87,All,Expe3,4,6,1,3,3,2,0,-2
87,All,Expe3,4,6,1,3,4,3,0,-3
87,All,Expe3,4,6,1,3,5,0,4,4
87,All,Expe3,4,6,1,3,6,1,4,3
87,All,Expe3,4,6,1,3,7,2,4,2
87,All,Expe3,4,6,1,3,8,4,3,-1
87,All,Expe3,4,6,1,3,10,5,3,-2
87,All,Expe3,4,6,1,3,11,6,3,-3
87,All,Expe3,4,6,1,3,14,7,3,-4
87,All,Expe3,4,6,1,3,15,8,3,-5
87,All,Expe3,4,6,1,4,3,1,0,-1
87,All,Expe3,4,6,1,4,11,0,2,2
87,All,Expe3,4,6,1,4,14,2,1,-1
87,All,Expe3,4,6,1,4,15,3,1,-2
87,All,Expe3,4,6,1,5,12,0,1,1
87,All,Expe3,4,6,1,6,2,0,0,0
87,All,Expe3,4,6,1,6,3,1,0,-1
87,All,Expe3,4,6,1,6,4,2,0,-2
87,All,Expe3,4,6,1,6,5,0,3,3
87,All,Expe3,4,6,1,6,11,3,1,-2
87,All,Expe3,4,6,1,6,12,1,4,3
87,All,Expe3,4,6,1,6,14,4,2,-2
87,All,Expe3,4,6,1,6,15,5,2,-3
87,All,Expe3,5,5,1,1,2,0,0,0
87,All,Expe3,5,5,1,2,14,0,0,0
87,All,Expe3,5,5,1,3,2,0,1,1
87,All,Expe3,5,5,1,3,3,1,1,0
87,All,Expe3,5,5,1,3,5,2,1,-1
87,All,Expe3,5,5,1,3,14,1,3,2
87,All,Expe3,5,5,1,4,2,0,0,0
87,All,Expe3,5,5,1,4,4,1,0,-1
87,All,Expe3,5,5,1,4,12,2,0,-2
87,All,Expe3,5,5,1,5,2,0,1,1
87,All,Expe3,5,5,1,5,3,1,1,0
87,All,Expe3,5,5,1,5,10,1,2,1
87,All,Expe3,5,5,1,5,13,2,2,0
87,All,Expe3,5,5,1,5,14,3,2,-1
87,All,Expe3,5,5,1,5,15,4,2,-2
87,All,Expe3,6,3,1,1,2,1,0,-1
87,All,Expe3,6,3,1,1,3,2,0,-2
87,All,Expe3,6,3,1,1,4,0,3,3
87,All,Expe3,6,3,1,2,8,0,0,0
87,All,Expe3,6,3,1,3,2,0,1,1
87,All,Expe3,6,3,1,3,3,1,1,0
87,All,Expe3,6,3,1,3,14,2,1,-1
87,All,Expe3,7,2,3,1,3,0,1,1
87,All,Expe3,7,2,3,1,6,1,1,0
87,All,Expe3,7,2,3,2,6,0,1,1
87,All,Expe3,8,3,2,1,3,0,0,0
87,All,Expe3,8,3,2,2,2,0,1,1
87,All,Expe3,8,3,2,2,6,1,1,0
87,All,Expe3,9,4,1,1,4,1,0,-1
87,All,Expe3,9,4,1,1,12,2,0,-2
87,All,Expe3,9,4,1,3,2,1,0,-1
87,All,Expe3,9,4,1,3,3,0,2,2
87,All,Expe3,9,4,1,3,8,2,1,-1
87,All,Expe3,9,4,1,4,10,0,0,0
87,All,Expe3,9,4,1,4,13,1,0,-1
87,All,Expe3,10,6,2,2,7,1,0,-1
87,All,Expe3,10,6,2,2,9,2,0,-2
87,All,Expe3,10,6,2,3,2,1,0,-1
87,All,Expe3,10,6,2,4,2,0,1,1
87,All,Expe3,10,6,2,5,2,1,0,-1
87,All,Expe3,10,6,2,5,3,0,2,2
87,All,Expe3,10,6,2,6,3,0,1,1
87,All,Expe3,10,6,2,6,5,1,1,0
87,All,Expe3,11,1,2,1,2,0,0,0
87,All,Expe3,11,1,2,1,3,0,1,1
87,All,Expe3,12,5,2,1,7,0,0,0
87,All,Expe3,12,5,2,1,14,0,1,1
87,All,Expe3,12,5,2,2,2,1,0,-1
87,All,Expe3,12,5,2,2,6,0,2,2
87,All,Expe3,12,5,2,2,7,1,2,1
87,All,Expe3,12,5,2,2,14,2,2,0
87,All,Expe3,12,5,2,3,3,0,0,0
87,All,Expe3,12,5,2,3,4,0,1,1
87,All,Expe3,12,5,2,3,5,1,1,0
87,All,Expe3,12,5,2,3,6,2,1,-1
87,All,Expe3,12,5,2,3,7,1,3,2
87,All,Expe3,12,5,2,3,8,3,2,-1
87,All,Expe3,12,5,2,4,2,0,1,1
87,All,Expe3,12,5,2,4,5,1,1,0
87,All,Expe3,12,5,2,4,6,2,1,-1
87,All,Expe3,12,5,2,5,7,1,0,-1
87,All,Expe3,13,4,2,1,2,0,0,0
87,All,Expe3,13,4,2,1,8,1,0,-1
87,All,Expe3,13,4,2,2,2,1,0,-1
87,All,Expe3,13,4,2,2,3,0,2,2
87,All,Expe3,13,4,2,2,4,1,2,1
87,All,Expe3,13,4,2,3,2,0,1,1
87,All,Expe3,13,4,2,3,3,1,1,0
87,All,Expe3,13,4,2,3,11,2,1,-1
87,All,Expe3,13,4,2,4,2,1,0,-1
87,All,Expe3,13,4,2,4,4,0,2,2
87,All,Expe3,13,4,2,4,6,1,2,1
87,All,Expe3,13,4,2,4,9,2,2,0
87,All,Expe3,14,2,4,1,2,0,1,1
87,All,Expe3,14,2,4,1,4,1,1,0
87,All,Expe3,14,2,4,1,6,2,1,-1
87,All,Expe3,14,2,4,1,9,3,1,-2
87,All,Expe3,14,2,4,2,4,0,1,1
87,All,Expe3,14,2,4,2,6,1,1,0
87,All,Expe3,16,6,3,1,3,0,1,1
87,All,Expe3,16,6,3,1,4,1,1,0
87,All,Expe3,16,6,3,1,15,2,1,-1
87,All,Expe3,16,6,3,2,2,0,1,1
87,All,Expe3,16,6,3,2,3,1,1,0
87,All,Expe3,16,6,3,2,7,2,1,-1
87,All,Expe3,16,6,3,2,9,3,1,-2
87,All,Expe3,16,6,3,3,2,1,0,-1
87,All,Expe3,16,6,3,3,3,0,2,2
87,All,Expe3,16,6,3,3,5,1,2,1
87,All,Expe3,16,6,3,3,9,2,2,0
87,All,Expe3,16,6,3,3,10,3,2,-1
87,All,Expe3,16,6,3,3,15,4,2,-2
87,All,Expe3,16,6,3,4,2,1,0,-1
87,All,Expe3,16,6,3,4,4,2,0,-2
87,All,Expe3,16,6,3,4,5,3,0,-3
87,All,Expe3,16,6,3,4,7,4,0,-4
87,All,Expe3,16,6,3,4,8,5,0,-5
87,All,Expe3,16,6,3,4,10,6,0,-6
87,All,Expe3,16,6,3,5,4,0,1,1
87,All,Expe3,16,6,3,5,9,1,1,0
87,All,Expe3,16,6,3,5,10,2,1,-1
87,All,Expe3,16,6,3,6,3,0,1,1
87,All,Expe3,16,6,3,6,4,1,1,0
87,All,Expe3,16,6,3,6,5,2,1,-1
87,All,Expe3,16,6,3,6,6,3,1,-2
87,All,Expe3,16,6,3,6,7,4,1,-3
87,All,Expe3,16,6,3,6,8,5,1,-4
87,All,Expe3,16,6,3,6,9,6,1,-5
87,All,Expe3,16,6,3,6,10,7,1,-6
87,All,Expe3,16,6,3,6,11,8,1,-7
87,All,Expe3,16,6,3,6,12,9,1,-8
87,All,Expe3,16,6,3,6,14,10,1,-9
87,All,Expe3,16,6,3,6,15,11,1,-10
87,All,Expe3,17,5,3,1,4,1,0,-1
87,All,Expe3,17,5,3,2,4,0,0,0
87,All,Expe3,17,5,3,3,2,0,1,1
87,All,Expe3,17,5,3,3,3,1,1,0
87,All,Expe3,17,5,3,3,10,2,1,-1
87,All,Expe3,17,5,3,4,2,1,0,-1
87,All,Expe3,17,5,3,4,3,2,0,-2
87,All,Expe3,17,5,3,4,4,3,0,-3
87,All,Expe3,17,5,3,4,5,4,0,-4
87,All,Expe3,17,5,3,4,8,5,0,-5
87,All,Expe3,17,5,3,4,12,0,6,6
87,All,Expe3,17,5,3,5,2,1,0,-1
87,All,Expe3,17,5,3,5,3,2,0,-2
87,All,Expe3,17,5,3,5,4,0,3,3
87,All,Expe3,17,5,3,5,5,1,3,2
87,All,Expe3,17,5,3,5,6,2,3,1
87,All,Expe3,18,3,3,1,2,1,0,-1
87,All,Expe3,18,3,3,1,3,0,2,2
87,All,Expe3,18,3,3,2,2,1,0,-1
87,All,Expe3,18,3,3,2,3,0,2,2
87,All,Expe3,18,3,3,3,11,0,1,1
87,All,Expe3,19,2,6,1,2,0,0,0
87,All,Expe3,20,3,4,1,11,0,0,0
87,All,Expe3,20,3,4,2,2,0,0,0
87,All,Expe3,20,3,4,2,10,1,0,-1
87,All,Expe3,20,3,4,3,4,0,0,0
87,All,Expe3,20,3,4,3,15,1,0,-1
87,All,Expe3,22,4,3,1,4,0,0,0
87,All,Expe3,22,4,3,1,8,1,0,-1
87,All,Expe3,22,4,3,1,9,2,0,-2
87,All,Expe3,22,4,3,1,10,3,0,-3
87,All,Expe3,22,4,3,1,12,4,0,-4
87,All,Expe3,22,4,3,1,15,5,0,-5
87,All,Expe3,22,4,3,2,2,0,1,1
87,All,Expe3,22,4,3,2,3,1,1,0
87,All,Expe3,22,4,3,2,4,2,1,-1
87,All,Expe3,22,4,3,3,2,0,1,1
87,All,Expe3,22,4,3,3,8,1,1,0
88,All,Expe3,1,2,1,1,2,0,1,1
88,All,Expe3,3,5,1,1,2,1,0,-1
88,All,Expe3,3,5,1,1,7,2,0,-2
88,All,Expe3,3,5,1,2,2,1,0,-1
88,All,Expe3,3,5,1,2,3,0,2,2
88,All,Expe3,3,5,1,2,4,2,1,-1
88,All,Expe3,3,5,1,2,5,1,3,2
88,All,Expe3,3,5,1,3,2,0,1,1
88,All,Expe3,4,2,2,2,2,0,1,1
88,All,Expe3,5,2,3,1,5,0,0,0
88,All,Expe3,6,6,1,1,3,0,1,1
88,All,Expe3,6,6,1,1,5,1,1,0
88,All,Expe3,6,6,1,1,6,1,2,1
88,All,Expe3,6,6,1,2,2,0,1,1
88,All,Expe3,6,6,1,2,3,1,1,0
88,All,Expe3,6,6,1,2,4,1,2,1
88,All,Expe3,6,6,1,2,6,2,2,0
88,All,Expe3,6,6,1,3,2,0,1,1
88,All,Expe3,6,6,1,3,3,1,1,0
88,All,Expe3,6,6,1,3,9,1,2,1
88,All,Expe3,6,6,1,5,3,0,1,1
88,All,Expe3,6,6,1,5,4,1,1,0
88,All,Expe3,6,6,1,5,5,1,2,1
88,All,Expe3,6,6,1,6,5,0,1,1
88,All,Expe3,7,4,1,1,2,0,1,1
88,All,Expe3,7,4,1,1,3,1,1,0
88,All,Expe3,7,4,1,1,7,1,2,1
88,All,Expe3,7,4,1,2,2,0,0,0
88,All,Expe3,7,4,1,2,3,0,1,1
88,All,Expe3,7,4,1,2,4,1,1,0
88,All,Expe3,7,4,1,2,6,2,1,-1
88,All,Expe3,7,4,1,4,3,1,0,-1
88,All,Expe3,7,4,1,4,9,2,0,-2
88,All,Expe3,8,3,1,1,2,0,1,1
88,All,Expe3,8,3,1,2,2,0,1,1
88,All,Expe3,8,3,1,2,3,1,1,0
88,All,Expe3,10,6,2,1,2,0,1,1
88,All,Expe3,10,6,2,2,2,0,1,1
88,All,Expe3,10,6,2,3,7,0,0,0
88,All,Expe3,12,5,2,1,2,0,1,1
88,All,Expe3,12,5,2,2,2,1,0,-1
88,All,Expe3,12,5,2,2,3,2,0,-2
88,All,Expe3,13,4,2,1,2,0,1,1
88,All,Expe3,13,4,2,1,4,1,1,0
88,All,Expe3,13,4,2,2,2,0,1,1
88,All,Expe3,13,4,2,3,2,0,0,0
88,All,Expe3,13,4,2,3,8,1,0,-1
88,All,Expe3,13,4,2,4,2,1,0,-1
88,All,Expe3,14,2,4,1,2,0,1,1
88,All,Expe3,14,2,4,1,4,1,1,0
88,All,Expe3,14,2,4,1,5,1,2,1
88,All,Expe3,14,2,4,2,3,0,0,0
88,All,Expe3,15,5,3,1,2,0,1,1
88,All,Expe3,15,5,3,1,5,1,1,0
88,All,Expe3,15,5,3,2,2,0,1,1
88,All,Expe3,15,5,3,2,3,1,1,0
88,All,Expe3,15,5,3,2,7,1,2,1
88,All,Expe3,15,5,3,3,2,1,0,-1
88,All,Expe3,15,5,3,5,2,0,1,1
88,All,Expe3,17,2,6,1,2,0,1,1
88,All,Expe3,17,2,6,2,4,0,1,1
88,All,Expe3,18,6,3,2,3,0,0,0
88,All,Expe3,18,6,3,3,2,0,0,0
88,All,Expe3,18,6,3,5,2,0,1,1
88,All,Expe3,19,4,3,1,2,0,1,1
88,All,Expe3,19,4,3,1,3,1,1,0
88,All,Expe3,20,3,3,1,2,0,1,1
89,All,Expe3,1,5,1,2,2,1,0,-1
89,All,Expe3,1,5,1,3,2,1,0,-1
89,All,Expe3,1,5,1,3,3,0,2,2
89,All,Expe3,1,5,1,3,4,1,2,1
89,All,Expe3,1,5,1,5,2,0,0,0
89,All,Expe3,1,5,1,5,4,0,1,1
89,All,Expe3,1,5,1,5,5,1,1,0
89,All,Expe3,1,5,1,5,6,1,2,1
89,All,Expe3,1,5,1,5,7,2,2,0
89,All,Expe3,1,5,1,5,9,3,2,-1
89,All,Expe3,2,1,1,1,2,0,1,1
89,All,Expe3,4,2,2,1,2,0,1,1
89,All,Expe3,5,4,1,4,2,0,1,1
89,All,Expe3,8,6,1,1,2,0,1,1
89,All,Expe3,8,6,1,2,2,1,0,-1
89,All,Expe3,8,6,1,2,3,0,2,2
89,All,Expe3,8,6,1,2,5,1,2,1
89,All,Expe3,8,6,1,2,6,2,2,0
89,All,Expe3,8,6,1,2,7,3,2,-1
89,All,Expe3,8,6,1,2,8,2,4,2
89,All,Expe3,8,6,1,2,9,3,4,1
89,All,Expe3,8,6,1,2,10,4,4,0
89,All,Expe3,8,6,1,2,12,4,5,1
89,All,Expe3,8,6,1,2,13,5,5,0
89,All,Expe3,8,6,1,2,14,5,6,1
89,All,Expe3,8,6,1,2,15,6,6,0
89,All,Expe3,8,6,1,4,2,0,1,1
89,All,Expe3,8,6,1,4,3,1,1,0
89,All,Expe3,8,6,1,4,4,2,1,-1
89,All,Expe3,8,6,1,4,5,3,1,-2
89,All,Expe3,8,6,1,4,6,1,4,3
89,All,Expe3,8,6,1,4,7,2,4,2
89,All,Expe3,8,6,1,4,8,4,3,-1
89,All,Expe3,8,6,1,4,9,3,5,2
89,All,Expe3,8,6,1,4,10,4,5,1
89,All,Expe3,8,6,1,4,11,5,5,0
89,All,Expe3,8,6,1,4,12,5,6,1
89,All,Expe3,8,6,1,4,13,6,6,0
89,All,Expe3,8,6,1,4,14,6,7,1
89,All,Expe3,8,6,1,4,15,7,7,0
89,All,Expe3,8,6,1,5,2,1,0,-1
89,All,Expe3,8,6,1,6,2,0,1,1
89,All,Expe3,9,3,2,1,8,0,0,0
89,All,Expe3,9,3,2,2,2,0,0,0
89,All,Expe3,9,3,2,2,3,1,0,-1
89,All,Expe3,9,3,2,2,4,0,2,2
89,All,Expe3,9,3,2,3,2,0,1,1
89,All,Expe3,10,4,2,1,2,0,0,0
89,All,Expe3,10,4,2,1,9,1,0,-1
89,All,Expe3,10,4,2,4,2,0,1,1
89,All,Expe3,12,5,2,1,2,0,1,1
89,All,Expe3,12,5,2,2,2,0,1,1
89,All,Expe3,12,5,2,2,9,1,1,0
89,All,Expe3,12,5,2,3,2,0,1,1
89,All,Expe3,13,6,2,2,2,0,1,1
89,All,Expe3,14,5,3,2,8,0,0,0
89,All,Expe3,14,5,3,3,2,0,1,1
89,All,Expe3,14,5,3,3,3,1,1,0
89,All,Expe3,14,5,3,3,4,1,2,1
89,All,Expe3,14,5,3,3,6,2,2,0
89,All,Expe3,14,5,3,3,7,3,2,-1
89,All,Expe3,17,4,3,1,5,0,0,0
89,All,Expe3,18,2,6,2,2,0,1,1
89,All,Expe3,19,3,3,2,2,0,1,1
89,All,Expe3,19,3,3,2,6,1,1,0
89,All,Expe3,20,6,3,1,3,0,1,1
89,All,Expe3,20,6,3,1,5,1,1,0
89,All,Expe3,20,6,3,2,3,0,0,0
89,All,Expe3,20,6,3,3,2,0,0,0
89,All,Expe3,20,6,3,3,3,0,1,1
89,All,Expe3,20,6,3,5,2,0,1,1
89,All,Expe3,20,6,3,5,3,1,1,0
89,All,Expe3,20,6,3,5,4,2,1,-1
89,All,Expe3,20,6,3,5,8,3,1,-2
89,All,Expe3,20,6,3,6,2,0,1,1
89,All,Expe3,21,1,3,1,2,0,1,1
89,All,Expe3,22,3,4,3,2,0,1,1
90,All,Expe3,1,2,1,2,8,1,0,-1
90,All,Expe3,3,4,1,1,2,0,1,1
90,All,Expe3,3,4,1,1,3,1,1,0
90,All,Expe3,3,4,1,1,4,2,1,-1
90,All,Expe3,3,4,1,1,5,1,3,2
90,All,Expe3,3,4,1,1,6,2,3,1
90,All,Expe3,3,4,1,1,7,3,3,0
90,All,Expe3,3,4,1,1,8,3,4,1
90,All,Expe3,3,4,1,1,11,4,4,0
90,All,Expe3,3,4,1,1,12,4,5,1
90,All,Expe3,3,4,1,1,13,5,5,0
90,All,Expe3,3,4,1,1,14,6,5,-1
90,All,Expe3,3,4,1,1,15,7,5,-2
90,All,Expe3,3,4,1,3,2,0,1,1
90,All,Expe3,3,4,1,3,3,1,1,0
90,All,Expe3,3,4,1,3,4,1,2,1
90,All,Expe3,3,4,1,3,5,2,2,0
90,All,Expe3,3,4,1,3,6,2,3,1
90,All,Expe3,3,4,1,3,7,3,3,0
90,All,Expe3,3,4,1,3,8,3,4,1
90,All,Expe3,3,4,1,3,9,4,4,0
90,All,Expe3,3,4,1,3,10,5,4,-1
90,All,Expe3,3,4,1,3,11,6,4,-2
90,All,Expe3,3,4,1,3,12,4,7,3
90,All,Expe3,3,4,1,3,13,5,7,2
90,All,Expe3,3,4,1,3,14,7,6,-1
90,All,Expe3,3,4,1,3,15,8,6,-2
90,All,Expe3,3,4,1,4,3,1,0,-1
90,All,Expe3,3,4,1,4,5,0,2,2
90,All,Expe3,4,5,1,1,2,1,0,-1
90,All,Expe3,4,5,1,1,4,0,2,2
90,All,Expe3,4,5,1,1,13,2,1,-1
90,All,Expe3,4,5,1,2,2,0,1,1
90,All,Expe3,4,5,1,2,3,1,1,0
90,All,Expe3,4,5,1,2,4,2,1,-1
90,All,Expe3,4,5,1,2,5,3,1,-2
90,All,Expe3,4,5,1,2,6,4,1,-3
90,All,Expe3,4,5,1,2,9,1,5,4
90,All,Expe3,4,5,1,2,10,5,2,-3
90,All,Expe3,4,5,1,2,12,6,2,-4
90,All,Expe3,4,5,1,2,13,2,7,5
90,All,Expe3,4,5,1,2,15,7,3,-4
90,All,Expe3,4,5,1,3,2,1,0,-1
90,All,Expe3,4,5,1,3,3,2,0,-2
90,All,Expe3,4,5,1,3,4,0,3,3
90,All,Expe3,4,5,1,3,6,3,1,-2
90,All,Expe3,4,5,1,3,7,4,1,-3
90,All,Expe3,4,5,1,3,9,1,5,4
90,All,Expe3,4,5,1,3,10,2,5,3
90,All,Expe3,4,5,1,3,11,5,3,-2
90,All,Expe3,4,5,1,3,13,6,3,-3
90,All,Expe3,4,5,1,4,2,0,1,1
90,All,Expe3,4,5,1,4,5,1,1,0
90,All,Expe3,4,5,1,4,7,2,1,-1
90,All,Expe3,4,5,1,4,8,3,1,-2
90,All,Expe3,4,5,1,4,12,4,1,-3
90,All,Expe3,4,5,1,4,13,5,1,-4
90,All,Expe3,4,5,1,5,4,0,1,1
90,All,Expe3,4,5,1,5,12,1,1,0
90,All,Expe3,5,3,1,1,7,0,0,0
90,All,Expe3,5,3,1,2,9,0,0,0
90,All,Expe3,6,2,2,1,2,1,0,-1
90,All,Expe3,6,2,2,1,3,0,2,2
90,All,Expe3,6,2,2,2,2,0,1,1
90,All,Expe3,6,2,2,2,4,1,1,0
90,All,Expe3,7,3,2,1,5,1,0,-1
90,All,Expe3,7,3,2,2,2,1,0,-1
90,All,Expe3,7,3,2,3,4,1,0,-1
90,All,Expe3,7,3,2,3,7,2,0,-2
90,All,Expe3,7,3,2,3,9,3,0,-3
90,All,Expe3,8,2,3,1,2,0,0,0
90,All,Expe3,8,2,3,1,3,0,1,1
90,All,Expe3,8,2,3,1,4,1,1,0
90,All,Expe3,8,2,3,1,8,1,2,1
90,All,Expe3,8,2,3,2,2,1,0,-1
90,All,Expe3,9,6,1,1,2,0,0,0
90,All,Expe3,9,6,1,1,3,0,1,1
90,All,Expe3,9,6,1,1,4,1,1,0
90,All,Expe3,9,6,1,1,6,1,2,1
90,All,Expe3,9,6,1,1,7,2,2,0
90,All,Expe3,9,6,1,1,8,2,3,1
90,All,Expe3,9,6,1,1,9,3,3,0
90,All,Expe3,9,6,1,1,10,3,4,1
90,All,Expe3,9,6,1,1,11,4,4,0
90,All,Expe3,9,6,1,1,12,4,5,1
90,All,Expe3,9,6,1,1,13,5,5,0
90,All,Expe3,9,6,1,1,14,6,5,-1
90,All,Expe3,9,6,1,1,15,5,7,2
90,All,Expe3,9,6,1,2,2,0,1,1
90,All,Expe3,9,6,1,4,2,1,0,-1
90,All,Expe3,9,6,1,4,3,0,2,2
90,All,Expe3,9,6,1,4,4,2,1,-1
90,All,Expe3,9,6,1,4,5,3,1,-2
90,All,Expe3,9,6,1,4,6,1,4,3
90,All,Expe3,9,6,1,4,7,4,2,-2
90,All,Expe3,9,6,1,4,8,5,2,-3
90,All,Expe3,9,6,1,4,9,6,2,-4
90,All,Expe3,9,6,1,4,10,2,7,5
90,All,Expe3,9,6,1,4,12,7,3,-4
90,All,Expe3,9,6,1,4,13,3,8,5
90,All,Expe3,9,6,1,6,2,0,1,1
90,All,Expe3,9,6,1,6,7,1,1,0
90,All,Expe3,9,6,1,6,11,1,2,1
90,All,Expe3,9,6,1,6,15,2,2,0
90,All,Expe3,10,4,2,1,2,0,1,1
90,All,Expe3,10,4,2,1,8,1,1,0
90,All,Expe3,10,4,2,2,2,0,0,0
90,All,Expe3,10,4,2,2,3,0,1,1
90,All,Expe3,10,4,2,2,9,1,1,0
90,All,Expe3,10,4,2,3,5,0,0,0
90,All,Expe3,10,4,2,4,4,1,0,-1
90,All,Expe3,10,4,2,4,6,2,0,-2
90,All,Expe3,12,6,2,2,3,1,0,-1
90,All,Expe3,12,6,2,2,4,0,2,2
90,All,Expe3,12,6,2,2,5,1,2,1
90,All,Expe3,12,6,2,2,6,2,2,0
90,All,Expe3,12,6,2,2,10,3,2,-1
90,All,Expe3,12,6,2,2,11,2,4,2
90,All,Expe3,12,6,2,2,12,4,3,-1
90,All,Expe3,12,6,2,2,13,3,5,2
90,All,Expe3,12,6,2,2,15,5,4,-1
90,All,Expe3,12,6,2,3,4,0,0,0
90,All,Expe3,12,6,2,3,5,0,1,1
90,All,Expe3,12,6,2,4,2,0,1,1
90,All,Expe3,12,6,2,4,3,1,1,0
90,All,Expe3,12,6,2,4,4,1,2,1
90,All,Expe3,12,6,2,4,7,2,2,0
90,All,Expe3,12,6,2,4,8,2,3,1
90,All,Expe3,12,6,2,4,9,3,3,0
90,All,Expe3,12,6,2,4,10,3,4,1
90,All,Expe3,12,6,2,4,11,4,4,0
90,All,Expe3,12,6,2,4,12,5,4,-1
90,All,Expe3,12,6,2,4,13,4,6,2
90,All,Expe3,12,6,2,4,14,5,6,1
90,All,Expe3,12,6,2,5,10,0,0,0
90,All,Expe3,12,6,2,6,2,1,0,-1
90,All,Expe3,12,6,2,6,3,2,0,-2
90,All,Expe3,12,6,2,6,4,0,3,3
90,All,Expe3,12,6,2,6,5,3,1,-2
90,All,Expe3,12,6,2,6,6,4,1,-3
90,All,Expe3,12,6,2,6,7,5,1,-4
90,All,Expe3,12,6,2,6,8,1,6,5
90,All,Expe3,12,6,2,6,9,6,2,-4
90,All,Expe3,12,6,2,6,10,2,7,5
90,All,Expe3,12,6,2,6,11,7,3,-4
90,All,Expe3,12,6,2,6,12,3,8,5
90,All,Expe3,12,6,2,6,13,8,4,-4
90,All,Expe3,12,6,2,6,14,9,4,-5
90,All,Expe3,12,6,2,6,15,10,4,-6
90,All,Expe3,13,5,2,1,3,0,1,1
90,All,Expe3,13,5,2,1,4,1,1,0
90,All,Expe3,13,5,2,1,8,1,2,1
90,All,Expe3,13,5,2,1,9,2,2,0
90,All,Expe3,13,5,2,1,12,3,2,-1
90,All,Expe3,13,5,2,2,2,0,1,1
90,All,Expe3,13,5,2,2,3,1,1,0
90,All,Expe3,13,5,2,2,4,1,2,1
90,All,Expe3,13,5,2,2,5,2,2,0
90,All,Expe3,13,5,2,2,6,3,2,-1
90,All,Expe3,13,5,2,2,7,4,2,-2
90,All,Expe3,13,5,2,2,8,2,5,3
90,All,Expe3,13,5,2,2,9,5,3,-2
90,All,Expe3,13,5,2,2,10,3,6,3
90,All,Expe3,13,5,2,2,13,6,4,-2
90,All,Expe3,13,5,2,4,2,1,0,-1
90,All,Expe3,13,5,2,5,2,0,1,1
90,All,Expe3,13,5,2,5,3,1,1,0
90,All,Expe3,13,5,2,5,4,1,2,1
90,All,Expe3,13,5,2,5,5,2,2,0
90,All,Expe3,13,5,2,5,6,2,3,1
90,All,Expe3,15,4,3,1,2,0,1,1
90,All,Expe3,15,4,3,1,5,1,1,0
90,All,Expe3,15,4,3,1,8,2,1,-1
90,All,Expe3,15,4,3,2,3,0,1,1
90,All,Expe3,15,4,3,2,8,1,1,0
90,All,Expe3,15,4,3,2,9,2,1,-1
90,All,Expe3,15,4,3,2,10,3,1,-2
90,All,Expe3,15,4,3,3,2,0,1,1
90,All,Expe3,15,4,3,3,7,1,1,0
90,All,Expe3,15,4,3,3,8,2,1,-1
90,All,Expe3,15,4,3,3,15,3,1,-2
90,All,Expe3,15,4,3,4,11,0,0,0
90,All,Expe3,16,5,3,1,6,1,0,-1
90,All,Expe3,16,5,3,1,14,0,2,2
90,All,Expe3,16,5,3,2,3,0,0,0
90,All,Expe3,16,5,3,2,7,1,0,-1
90,All,Expe3,16,5,3,2,12,0,2,2
90,All,Expe3,16,5,3,3,2,1,0,-1
90,All,Expe3,16,5,3,3,3,0,2,2
90,All,Expe3,16,5,3,3,4,2,1,-1
90,All,Expe3,16,5,3,3,13,3,1,-2
90,All,Expe3,16,5,3,3,14,1,4,3
90,All,Expe3,16,5,3,5,2,0,1,1
90,All,Expe3,16,5,3,5,4,1,1,0
90,All,Expe3,16,5,3,5,15,1,2,1
90,All,Expe3,17,3,3,1,13,1,0,-1
90,All,Expe3,17,3,3,2,2,1,0,-1
90,All,Expe3,17,3,3,2,3,0,2,2
90,All,Expe3,17,3,3,2,4,2,1,-1
90,All,Expe3,17,3,3,3,10,0,1,1
90,All,Expe3,18,2,5,1,2,0,1,1
90,All,Expe3,18,2,5,1,6,1,1,0
90,All,Expe3,18,2,5,2,2,0,1,1
90,All,Expe3,18,2,5,2,7,1,1,0
90,All,Expe3,18,2,5,2,15,2,1,-1
90,All,Expe3,19,3,4,1,2,1,0,-1
90,All,Expe3,19,3,4,1,3,0,2,2
90,All,Expe3,19,3,4,1,4,1,2,1
90,All,Expe3,19,3,4,1,5,2,2,0
90,All,Expe3,19,3,4,2,2,0,0,0
90,All,Expe3,19,3,4,2,5,1,0,-1
90,All,Expe3,19,3,4,2,8,2,0,-2
90,All,Expe3,19,3,4,3,2,1,0,-1
90,All,Expe3,19,3,4,3,3,0,2,2
90,All,Expe3,19,3,4,3,12,1,2,1
90,All,Expe3,19,3,4,3,15,2,2,0
90,All,Expe3,20,2,6,1,5,1,0,-1
90,All,Expe3,20,2,6,1,12,2,0,-2
90,All,Expe3,20,2,6,1,13,3,0,-3
90,All,Expe3,20,2,6,2,14,0,1,1
90,All,Expe3,21,1,3,1,2,0,1,1
90,All,Expe3,22,6,3,1,7,0,0,0
90,All,Expe3,22,6,3,1,8,1,0,-1
90,All,Expe3,22,6,3,2,2,1,0,-1
90,All,Expe3,22,6,3,2,4,2,0,-2
90,All,Expe3,22,6,3,2,5,0,3,3
90,All,Expe3,22,6,3,2,6,1,3,2
90,All,Expe3,22,6,3,2,10,3,2,-1
90,All,Expe3,22,6,3,2,11,4,2,-2
90,All,Expe3,22,6,3,2,12,2,5,3
90,All,Expe3,22,6,3,2,15,3,5,2
90,All,Expe3,22,6,3,3,2,1,0,-1
90,All,Expe3,22,6,3,3,9,0,2,2
90,All,Expe3,22,6,3,4,7,1,0,-1
90,All,Expe3,22,6,3,4,14,0,2,2
90,All,Expe3,22,6,3,5,2,1,0,-1
90,All,Expe3,22,6,3,5,3,2,0,-2
90,All,Expe3,22,6,3,5,4,0,3,3
90,All,Expe3,22,6,3,5,6,3,1,-2
90,All,Expe3,22,6,3,6,2,0,1,1
90,All,Expe3,22,6,3,6,3,1,1,0
90,All,Expe3,22,6,3,6,4,2,1,-1
90,All,Expe3,22,6,3,6,5,1,3,2
90,All,Expe3,22,6,3,6,6,2,3,1
90,All,Expe3,22,6,3,6,7,3,3,0
90,All,Expe3,22,6,3,6,8,3,4,1
90,All,Expe3,22,6,3,6,9,4,4,0
90,All,Expe3,22,6,3,6,10,4,5,1
90,All,Expe3,22,6,3,6,13,5,5,0
90,All,Expe3,22,6,3,6,14,6,5,-1
90,All,Expe3,22,6,3,6,15,7,5,-2
91,All,Expe3,1,4,1,3,3,0,1,1
91,All,Expe3,1,4,1,3,5,1,1,0
91,All,Expe3,1,4,1,4,2,1,0,-1
91,All,Expe3,2,1,1,1,3,0,0,0
91,All,Expe3,2,1,1,1,4,0,1,1
91,All,Expe3,3,3,1,2,6,1,0,-1
91,All,Expe3,3,3,1,3,2,0,1,1
91,All,Expe3,5,3,2,2,2,0,1,1
91,All,Expe3,5,3,2,2,3,1,1,0
91,All,Expe3,5,3,2,3,3,0,1,1
91,All,Expe3,5,3,2,3,4,1,1,0
91,All,Expe3,5,3,2,3,5,1,2,1
91,All,Expe3,5,3,2,3,9,2,2,0
91,All,Expe3,5,3,2,3,11,3,2,-1
91,All,Expe3,6,5,1,1,2,1,0,-1
91,All,Expe3,6,5,1,1,3,0,2,2
91,All,Expe3,6,5,1,1,4,1,2,1
91,All,Expe3,6,5,1,3,2,1,0,-1
91,All,Expe3,6,5,1,3,3,0,2,2
91,All,Expe3,6,5,1,3,4,2,1,-1
91,All,Expe3,6,5,1,3,5,3,1,-2
91,All,Expe3,6,5,1,3,6,1,4,3
91,All,Expe3,6,5,1,3,9,2,4,2
91,All,Expe3,6,5,1,4,3,0,1,1
91,All,Expe3,6,5,1,4,7,1,1,0
91,All,Expe3,6,5,1,5,2,0,1,1
91,All,Expe3,6,5,1,5,3,1,1,0
91,All,Expe3,6,5,1,5,4,1,2,1
91,All,Expe3,6,5,1,5,6,2,2,0
91,All,Expe3,7,6,1,2,2,1,0,-1
91,All,Expe3,7,6,1,2,3,0,2,2
91,All,Expe3,7,6,1,4,2,0,1,1
91,All,Expe3,7,6,1,5,3,1,0,-1
91,All,Expe3,10,5,2,3,2,0,0,0
91,All,Expe3,10,5,2,3,3,0,1,1
91,All,Expe3,10,5,2,4,6,0,0,0
91,All,Expe3,10,5,2,5,2,0,1,1
91,All,Expe3,10,5,2,5,4,1,1,0
91,All,Expe3,11,1,2,1,2,0,1,1
91,All,Expe3,12,4,2,1,9,0,0,0
91,All,Expe3,12,4,2,2,2,0,1,1
91,All,Expe3,12,4,2,3,2,0,1,1
91,All,Expe3,12,4,2,4,2,0,1,1
91,All,Expe3,13,6,2,1,2,0,1,1
91,All,Expe3,13,6,2,1,5,1,1,0
91,All,Expe3,13,6,2,1,7,1,2,1
91,All,Expe3,13,6,2,2,3,1,0,-1
91,All,Expe3,13,6,2,3,3,0,0,0
91,All,Expe3,13,6,2,3,4,0,1,1
91,All,Expe3,13,6,2,3,5,1,1,0
91,All,Expe3,13,6,2,3,10,2,1,-1
91,All,Expe3,13,6,2,5,2,0,0,0
91,All,Expe3,13,6,2,5,8,0,1,1
91,All,Expe3,13,6,2,6,3,0,1,1
91,All,Expe3,14,4,3,1,4,1,0,-1
91,All,Expe3,14,4,3,3,2,0,1,1
91,All,Expe3,15,3,3,2,2,0,1,1
91,All,Expe3,15,3,3,2,3,1,1,0
91,All,Expe3,16,2,4,1,2,0,0,0
91,All,Expe3,17,3,4,1,8,0,1,1
91,All,Expe3,17,3,4,3,2,0,1,1
91,All,Expe3,18,5,3,2,2,0,1,1
91,All,Expe3,18,5,3,3,2,0,1,1
91,All,Expe3,18,5,3,4,2,0,1,1
91,All,Expe3,19,6,3,2,2,1,0,-1
91,All,Expe3,19,6,3,3,2,0,1,1
91,All,Expe3,19,6,3,3,4,1,1,0
91,All,Expe3,19,6,3,4,2,0,0,0
91,All,Expe3,19,6,3,4,4,1,0,-1
91,All,Expe3,19,6,3,4,5,0,2,2
91,All,Expe3,19,6,3,4,6,1,2,1
91,All,Expe3,19,6,3,5,2,0,1,1
91,All,Expe3,19,6,3,5,3,1,1,0
91,All,Expe3,19,6,3,5,4,1,2,1
91,All,Expe3,19,6,3,5,5,2,2,0
91,All,Expe3,20,2,5,2,2,0,1,1
91,All,Expe3,22,2,6,1,2,0,1,1
92,All,Expe3,1,3,1,1,2,0,1,1
92,All,Expe3,1,3,1,2,4,0,0,0
92,All,Expe3,1,3,1,3,9,0,0,0
92,All,Expe3,2,1,1,1,2,0,1,1
92,All,Expe3,3,3,2,1,2,0,1,1
92,All,Expe3,3,3,2,2,7,1,0,-1
92,All,Expe3,4,4,1,2,5,0,0,0
92,All,Expe3,4,4,1,2,9,1,0,-1
92,All,Expe3,4,4,1,3,2,0,1,1
92,All,Expe3,4,4,1,3,3,1,1,0
92,All,Expe3,4,4,1,4,2,0,1,1
92,All,Expe3,4,4,1,4,3,1,1,0
92,All,Expe3,5,6,1,1,15,0,0,0
92,All,Expe3,5,6,1,2,2,0,1,1
92,All,Expe3,5,6,1,2,3,1,1,0
92,All,Expe3,5,6,1,2,4,1,2,1
92,All,Expe3,5,6,1,2,5,2,2,0
92,All,Expe3,5,6,1,2,6,3,2,-1
92,All,Expe3,5,6,1,2,7,4,2,-2
92,All,Expe3,5,6,1,2,8,5,2,-3
92,All,Expe3,5,6,1,2,9,2,6,4
92,All,Expe3,5,6,1,2,10,6,3,-3
92,All,Expe3,5,6,1,2,12,7,3,-4
92,All,Expe3,5,6,1,3,2,1,0,-1
92,All,Expe3,5,6,1,3,3,0,2,2
92,All,Expe3,5,6,1,3,4,1,2,1
92,All,Expe3,5,6,1,3,5,2,2,0
92,All,Expe3,5,6,1,3,7,3,2,-1
92,All,Expe3,5,6,1,3,8,2,4,2
92,All,Expe3,5,6,1,3,9,4,3,-1
92,All,Expe3,5,6,1,3,10,5,3,-2
92,All,Expe3,5,6,1,3,11,6,3,-3
92,All,Expe3,5,6,1,3,12,3,7,4
92,All,Expe3,5,6,1,3,13,7,4,-3
92,All,Expe3,5,6,1,3,15,8,4,-4
92,All,Expe3,5,6,1,4,2,0,1,1
92,All,Expe3,5,6,1,5,5,0,0,0
92,All,Expe3,5,6,1,5,6,0,1,1
92,All,Expe3,5,6,1,5,10,1,1,0
92,All,Expe3,5,6,1,5,12,2,1,-1
92,All,Expe3,5,6,1,5,15,1,3,2
92,All,Expe3,5,6,1,6,3,1,0,-1
92,All,Expe3,5,6,1,6,7,2,0,-2
92,All,Expe3,6,2,1,1,13,0,1,1
92,All,Expe3,6,2,1,2,15,0,0,0
92,All,Expe3,7,2,2,2,2,0,1,1
92,All,Expe3,8,5,1,1,6,0,0,0
92,All,Expe3,8,5,1,2,2,1,0,-1
92,All,Expe3,8,5,1,2,3,2,0,-2
92,All,Expe3,8,5,1,2,9,3,0,-3
92,All,Expe3,8,5,1,4,5,0,1,1
92,All,Expe3,8,5,1,5,2,1,0,-1
92,All,Expe3,9,2,3,1,3,0,0,0
92,All,Expe3,9,2,3,1,6,1,0,-1
92,All,Expe3,10,6,2,2,2,1,0,-1
92,All,Expe3,10,6,2,2,3,2,0,-2
92,All,Expe3,10,6,2,2,4,3,0,-3
92,All,Expe3,10,6,2,2,5,4,0,-4
92,All,Expe3,10,6,2,2,6,5,0,-5
92,All,Expe3,10,6,2,2,7,0,6,6
92,All,Expe3,10,6,2,2,9,6,1,-5
92,All,Expe3,10,6,2,3,5,0,0,0
92,All,Expe3,10,6,2,5,2,0,1,1
92,All,Expe3,10,6,2,5,4,1,1,0
92,All,Expe3,10,6,2,5,5,1,2,1
92,All,Expe3,10,6,2,5,6,2,2,0
92,All,Expe3,10,6,2,6,8,1,0,-1
92,All,Expe3,12,5,2,3,3,0,1,1
92,All,Expe3,12,5,2,4,3,0,0,0
92,All,Expe3,12,5,2,5,2,0,1,1
92,All,Expe3,12,5,2,5,5,1,1,0
92,All,Expe3,13,4,2,1,4,0,0,0
92,All,Expe3,13,4,2,1,6,1,0,-1
92,All,Expe3,13,4,2,1,7,2,0,-2
92,All,Expe3,13,4,2,4,2,1,0,-1
92,All,Expe3,13,4,2,4,4,2,0,-2
92,All,Expe3,13,4,2,4,6,0,3,3
92,All,Expe3,13,4,2,4,8,1,3,2
92,All,Expe3,13,4,2,4,10,2,3,1
92,All,Expe3,14,3,3,2,7,1,0,-1
92,All,Expe3,16,4,3,1,2,0,0,0
92,All,Expe3,16,4,3,1,6,0,1,1
92,All,Expe3,16,4,3,1,8,1,1,0
92,All,Expe3,16,4,3,2,2,1,0,-1
92,All,Expe3,16,4,3,2,4,2,0,-2
92,All,Expe3,17,6,3,3,7,0,0,0
92,All,Expe3,17,6,3,4,2,1,0,-1
92,All,Expe3,17,6,3,4,5,2,0,-2
92,All,Expe3,17,6,3,5,2,0,1,1
92,All,Expe3,17,6,3,5,3,1,1,0
92,All,Expe3,18,2,4,1,8,0,0,0
92,All,Expe3,18,2,4,1,9,1,0,-1
92,All,Expe3,18,2,4,2,2,0,1,1
92,All,Expe3,18,2,4,2,7,1,1,0
92,All,Expe3,19,2,5,2,2,0,1,1
92,All,Expe3,20,5,3,1,4,1,0,-1
92,All,Expe3,20,5,3,3,2,0,1,1
92,All,Expe3,20,5,3,3,3,1,1,0
92,All,Expe3,20,5,3,4,3,1,0,-1
92,All,Expe3,20,5,3,4,4,0,2,2
92,All,Expe3,20,5,3,4,5,2,1,-1
92,All,Expe3,20,5,3,5,6,0,0,0
92,All,Expe3,22,2,6,2,2,0,1,1
92,All,Expe3,22,2,6,2,8,1,1,0
93,All,Expe3,1,3,1,1,3,1,0,-1
93,All,Expe3,1,3,1,2,2,0,1,1
93,All,Expe3,1,3,1,2,4,1,1,0
93,All,Expe3,1,3,1,3,8,0,0,0
93,All,Expe3,3,6,1,1,2,0,0,0
93,All,Expe3,3,6,1,1,8,1,0,-1
93,All,Expe3,3,6,1,3,2,0,1,1
93,All,Expe3,3,6,1,3,3,1,1,0
93,All,Expe3,3,6,1,3,4,1,2,1
93,All,Expe3,3,6,1,3,5,2,2,0
93,All,Expe3,3,6,1,3,6,2,3,1
93,All,Expe3,3,6,1,4,8,0,0,0
93,All,Expe3,4,3,2,2,5,0,0,0
93,All,Expe3,4,3,2,3,2,0,1,1
93,All,Expe3,5,2,1,1,7,0,1,1
93,All,Expe3,6,4,1,1,2,1,0,-1
93,All,Expe3,6,4,1,1,3,0,2,2
93,All,Expe3,6,4,1,4,7,1,0,-1
93,All,Expe3,7,2,2,1,2,0,1,1
93,All,Expe3,8,2,3,1,4,1,0,-1
93,All,Expe3,9,5,1,2,2,0,1,1
93,All,Expe3,9,5,1,3,3,0,0,0
93,All,Expe3,9,5,1,5,2,0,1,1
93,All,Expe3,9,5,1,5,7,1,1,0
93,All,Expe3,10,4,2,1,2,0,1,1
93,All,Expe3,10,4,2,1,8,1,1,0
93,All,Expe3,10,4,2,1,10,2,1,-1
93,All,Expe3,11,1,2,1,2,0,1,1
93,All,Expe3,12,6,2,1,6,0,1,1
93,All,Expe3,12,6,2,1,9,1,1,0
93,All,Expe3,12,6,2,6,2,0,1,1
93,All,Expe3,13,5,2,1,2,1,0,-1
93,All,Expe3,13,5,2,1,7,2,0,-2
93,All,Expe3,13,5,2,3,2,0,1,1
93,All,Expe3,13,5,2,3,4,1,1,0
93,All,Expe3,13,5,2,4,2,0,1,1
93,All,Expe3,13,5,2,4,3,1,1,0
93,All,Expe3,13,5,2,4,4,2,1,-1
93,All,Expe3,13,5,2,4,5,1,3,2
93,All,Expe3,13,5,2,5,2,0,1,1
93,All,Expe3,13,5,2,5,3,1,1,0
93,All,Expe3,13,5,2,5,6,2,1,-1
93,All,Expe3,13,5,2,5,11,3,1,-2
93,All,Expe3,14,3,3,1,2,0,1,1
93,All,Expe3,15,6,3,1,7,0,0,0
93,All,Expe3,15,6,3,2,2,1,0,-1
93,All,Expe3,15,6,3,2,3,0,2,2
93,All,Expe3,15,6,3,2,5,1,2,1
93,All,Expe3,15,6,3,3,2,0,0,0
93,All,Expe3,15,6,3,3,7,0,1,1
93,All,Expe3,15,6,3,5,2,0,1,1
93,All,Expe3,15,6,3,6,2,0,1,1
93,All,Expe3,15,6,3,6,3,1,1,0
93,All,Expe3,15,6,3,6,4,1,2,1
93,All,Expe3,16,3,4,1,5,0,0,0
93,All,Expe3,16,3,4,2,4,0,0,0
93,All,Expe3,16,3,4,3,3,0,0,0
93,All,Expe3,17,2,4,1,2,0,1,1
93,All,Expe3,17,2,4,2,4,1,0,-1
93,All,Expe3,18,4,3,3,2,0,0,0
93,All,Expe3,18,4,3,4,2,1,0,-1
93,All,Expe3,18,4,3,4,3,2,0,-2
93,All,Expe3,19,2,5,1,2,0,1,1
93,All,Expe3,19,2,5,1,3,1,1,0
93,All,Expe3,19,2,5,1,4,1,2,1
93,All,Expe3,19,2,5,2,2,0,1,1
93,All,Expe3,20,2,6,2,9,0,0,0
93,All,Expe3,22,5,3,2,2,0,1,1
93,All,Expe3,22,5,3,2,3,1,1,0
93,All,Expe3,22,5,3,2,4,1,2,1
93,All,Expe3,22,5,3,3,2,0,0,0
93,All,Expe3,22,5,3,4,9,0,0,0
94,All,Expe3,1,2,1,1,5,0,1,1
94,All,Expe3,1,2,1,2,2,0,0,0
94,All,Expe3,1,2,1,2,3,0,1,1
94,All,Expe3,3,6,1,1,3,0,1,1
94,All,Expe3,3,6,1,1,4,1,1,0
94,All,Expe3,3,6,1,1,5,2,1,-1
94,All,Expe3,3,6,1,1,6,1,3,2
94,All,Expe3,3,6,1,1,8,2,3,1
94,All,Expe3,3,6,1,1,9,3,3,0
94,All,Expe3,3,6,1,1,10,4,3,-1
94,All,Expe3,3,6,1,1,11,3,5,2
94,All,Expe3,3,6,1,1,12,5,4,-1
94,All,Expe3,3,6,1,1,14,4,6,2
94,All,Expe3,3,6,1,1,15,5,6,1
94,All,Expe3,3,6,1,3,2,1,0,-1
94,All,Expe3,3,6,1,3,4,2,0,-2
94,All,Expe3,3,6,1,3,5,0,3,3
94,All,Expe3,3,6,1,3,7,1,3,2
94,All,Expe3,3,6,1,5,4,0,0,0
94,All,Expe3,3,6,1,5,6,0,1,1
94,All,Expe3,3,6,1,6,15,0,0,0
94,All,Expe3,4,2,2,2,3,1,0,-1
94,All,Expe3,5,5,1,1,5,0,1,1
94,All,Expe3,5,5,1,1,8,1,1,0
94,All,Expe3,5,5,1,2,8,0,1,1
94,All,Expe3,5,5,1,3,2,0,1,1
94,All,Expe3,5,5,1,3,9,1,1,0
94,All,Expe3,5,5,1,4,2,0,1,1
94,All,Expe3,5,5,1,4,3,1,1,0
94,All,Expe3,6,3,1,2,5,1,0,-1
94,All,Expe3,7,4,1,2,4,0,1,1
94,All,Expe3,7,4,1,2,5,1,1,0
94,All,Expe3,7,4,1,2,6,2,1,-1
94,All,Expe3,7,4,1,4,2,1,0,-1
94,All,Expe3,7,4,1,4,3,0,2,2
94,All,Expe3,7,4,1,4,4,1,2,1
94,All,Expe3,8,2,3,2,2,1,0,-1
94,All,Expe3,8,2,3,2,3,0,2,2
94,All,Expe3,9,3,2,2,2,0,0,0
94,All,Expe3,9,3,2,2,3,0,1,1
94,All,Expe3,9,3,2,3,2,0,1,1
94,All,Expe3,10,4,2,1,5,0,0,0
94,All,Expe3,10,4,2,3,2,0,0,0
94,All,Expe3,10,4,2,4,2,0,1,1
94,All,Expe3,13,5,2,5,2,0,1,1
94,All,Expe3,15,6,3,1,5,0,1,1
94,All,Expe3,15,6,3,1,9,1,1,0
94,All,Expe3,15,6,3,3,2,1,0,-1
94,All,Expe3,15,6,3,5,2,0,1,1
94,All,Expe3,15,6,3,5,5,1,1,0
94,All,Expe3,15,6,3,5,7,2,1,-1
94,All,Expe3,15,6,3,6,2,1,0,-1
94,All,Expe3,15,6,3,6,4,0,2,2
94,All,Expe3,17,5,3,1,2,1,0,-1
94,All,Expe3,17,5,3,1,3,0,2,2
94,All,Expe3,17,5,3,1,7,1,2,1
94,All,Expe3,17,5,3,1,10,2,2,0
94,All,Expe3,17,5,3,3,10,0,1,1
94,All,Expe3,17,5,3,4,2,1,0,-1
94,All,Expe3,17,5,3,5,3,0,1,1
94,All,Expe3,17,5,3,5,4,1,1,0
94,All,Expe3,18,3,3,3,6,1,0,-1
94,All,Expe3,19,4,3,1,3,0,0,0
94,All,Expe3,19,4,3,3,2,0,1,1
94,All,Expe3,21,1,3,1,2,0,1,1
94,All,Expe3,22,3,4,2,4,0,1,1
94,All,Expe3,22,3,4,3,2,0,1,1
94,All,Expe3,22,3,4,3,7,1,1,0
95,All,Expe3,1,6,1,1,3,0,0,0
95,All,Expe3,1,6,1,1,4,0,1,1
95,All,Expe3,1,6,1,1,5,1,1,0
95,All,Expe3,1,6,1,1,6,2,1,-1
95,All,Expe3,1,6,1,1,7,1,3,2
95,All,Expe3,1,6,1,1,8,3,2,-1
95,All,Expe3,1,6,1,1,10,2,4,2
95,All,Expe3,1,6,1,1,13,3,4,1
95,All,Expe3,1,6,1,1,14,4,4,0
95,All,Expe3,1,6,1,2,3,1,0,-1
95,All,Expe3,1,6,1,2,4,2,0,-2
95,All,Expe3,1,6,1,2,7,3,0,-3
95,All,Expe3,1,6,1,2,8,0,4,4
95,All,Expe3,1,6,1,2,9,4,1,-3
95,All,Expe3,1,6,1,2,10,5,1,-4
95,All,Expe3,1,6,1,4,2,0,1,1
95,All,Expe3,1,6,1,4,4,1,1,0
95,All,Expe3,1,6,1,4,5,2,1,-1
95,All,Expe3,1,6,1,4,6,1,3,2
95,All,Expe3,1,6,1,4,7,3,2,-1
95,All,Expe3,1,6,1,5,3,0,0,0
95,All,Expe3,1,6,1,5,4,1,0,-1
95,All,Expe3,1,6,1,5,7,2,0,-2
95,All,Expe3,1,6,1,5,10,3,0,-3
95,All,Expe3,1,6,1,5,12,0,4,4
95,All,Expe3,1,6,1,5,13,4,1,-3
95,All,Expe3,1,6,1,5,14,1,5,4
95,All,Expe3,1,6,1,6,7,0,1,1
95,All,Expe3,3,5,1,2,2,0,1,1
95,All,Expe3,3,5,1,2,3,1,1,0
95,All,Expe3,3,5,1,2,4,2,1,-1
95,All,Expe3,3,5,1,2,6,3,1,-2
95,All,Expe3,3,5,1,2,7,4,1,-3
95,All,Expe3,3,5,1,3,3,0,0,0
95,All,Expe3,3,5,1,3,5,1,0,-1
95,All,Expe3,3,5,1,3,8,2,0,-2
95,All,Expe3,3,5,1,3,9,3,0,-3
95,All,Expe3,3,5,1,4,2,1,0,-1
95,All,Expe3,3,5,1,4,4,2,0,-2
95,All,Expe3,3,5,1,4,5,0,3,3
95,All,Expe3,3,5,1,5,2,1,0,-1
95,All,Expe3,3,5,1,5,3,0,2,2
95,All,Expe3,3,5,1,5,4,2,1,-1
95,All,Expe3,3,5,1,5,7,3,1,-2
95,All,Expe3,3,5,1,5,9,4,1,-3
95,All,Expe3,3,5,1,5,10,5,1,-4
95,All,Expe3,4,2,1,1,6,0,0,0
95,All,Expe3,5,4,1,1,2,1,0,-1
95,All,Expe3,5,4,1,1,3,2,0,-2
95,All,Expe3,5,4,1,1,5,3,0,-3
95,All,Expe3,5,4,1,2,4,0,1,1
95,All,Expe3,5,4,1,3,2,0,1,1
95,All,Expe3,5,4,1,4,2,0,1,1
95,All,Expe3,5,4,1,4,3,1,1,0
95,All,Expe3,7,3,1,2,2,0,1,1
95,All,Expe3,7,3,1,2,3,1,1,0
95,All,Expe3,7,3,1,2,4,1,2,1
95,All,Expe3,7,3,1,3,2,1,0,-1
95,All,Expe3,7,3,1,3,3,0,2,2
95,All,Expe3,9,2,3,2,9,0,0,0
95,All,Expe3,10,5,2,1,6,0,1,1
95,All,Expe3,10,5,2,3,2,1,0,-1
95,All,Expe3,10,5,2,4,2,0,1,1
95,All,Expe3,10,5,2,5,2,0,1,1
95,All,Expe3,11,1,2,1,2,0,0,0
95,All,Expe3,11,1,2,1,3,0,1,1
95,All,Expe3,12,6,2,5,2,0,1,1
95,All,Expe3,12,6,2,6,2,0,1,1
95,All,Expe3,13,4,2,2,6,0,0,0
95,All,Expe3,13,4,2,3,2,0,1,1
95,All,Expe3,13,4,2,3,3,1,1,0
95,All,Expe3,13,4,2,4,2,0,1,1
95,All,Expe3,14,6,3,1,3,1,0,-1
95,All,Expe3,14,6,3,1,4,0,2,2
95,All,Expe3,14,6,3,1,6,1,2,1
95,All,Expe3,14,6,3,2,3,0,1,1
95,All,Expe3,14,6,3,2,5,1,1,0
95,All,Expe3,14,6,3,2,6,1,2,1
95,All,Expe3,14,6,3,4,2,0,0,0
95,All,Expe3,14,6,3,4,3,0,1,1
95,All,Expe3,14,6,3,4,4,1,1,0
95,All,Expe3,14,6,3,4,5,1,2,1
95,All,Expe3,14,6,3,4,6,2,2,0
95,All,Expe3,14,6,3,4,7,2,3,1
95,All,Expe3,14,6,3,5,2,1,0,-1
95,All,Expe3,14,6,3,5,3,0,2,2
95,All,Expe3,14,6,3,5,6,1,2,1
95,All,Expe3,14,6,3,5,7,2,2,0
95,All,Expe3,14,6,3,5,8,2,3,1
95,All,Expe3,14,6,3,6,2,1,0,-1
95,All,Expe3,14,6,3,6,3,0,2,2
95,All,Expe3,14,6,3,6,4,2,1,-1
95,All,Expe3,14,6,3,6,5,3,1,-2
95,All,Expe3,14,6,3,6,6,1,4,3
95,All,Expe3,14,6,3,6,7,2,4,2
95,All,Expe3,14,6,3,6,8,4,3,-1
95,All,Expe3,15,5,3,3,2,0,1,1
95,All,Expe3,15,5,3,4,2,0,1,1
95,All,Expe3,15,5,3,4,4,1,1,0
95,All,Expe3,15,5,3,5,2,0,1,1
95,All,Expe3,16,2,4,1,2,0,0,0
95,All,Expe3,16,2,4,1,8,0,1,1
95,All,Expe3,17,4,3,1,2,1,0,-1
95,All,Expe3,18,2,5,1,3,0,0,0
95,All,Expe3,18,2,5,2,2,0,1,1
95,All,Expe3,18,2,5,2,3,1,1,0
95,All,Expe3,19,3,3,1,2,0,1,1
95,All,Expe3,19,3,3,3,2,0,1,1
95,All,Expe3,20,3,4,3,7,0,0,0
95,All,Expe3,22,2,6,1,2,0,1,1
95,All,Expe3,22,2,6,1,3,1,1,0
95,All,Expe3,22,2,6,2,2,0,1,1
95,All,Expe3,22,2,6,2,3,1,1,0
95,All,Expe3,22,2,6,2,4,2,1,-1
96,All,Expe3,1,5,1,1,5,1,0,-1
96,All,Expe3,1,5,1,2,2,0,1,1
96,All,Expe3,1,5,1,5,2,0,1,1
96,All,Expe3,1,5,1,5,6,1,1,0
96,All,Expe3,2,1,1,1,2,0,1,1
96,All,Expe3,3,4,1,1,5,1,0,-1
96,All,Expe3,3,4,1,4,6,0,0,0
96,All,Expe3,4,6,1,1,4,1,0,-1
96,All,Expe3,4,6,1,1,5,2,0,-2
96,All,Expe3,4,6,1,2,2,0,1,1
96,All,Expe3,4,6,1,2,4,1,1,0
96,All,Expe3,4,6,1,2,5,2,1,-1
96,All,Expe3,4,6,1,3,2,0,1,1
96,All,Expe3,4,6,1,3,3,1,1,0
96,All,Expe3,4,6,1,4,2,1,0,-1
96,All,Expe3,4,6,1,4,4,0,2,2
96,All,Expe3,4,6,1,5,3,0,0,0
96,All,Expe3,4,6,1,5,4,0,1,1
96,All,Expe3,4,6,1,5,5,1,1,0
96,All,Expe3,4,6,1,5,6,1,2,1
96,All,Expe3,5,3,1,2,2,0,1,1
96,All,Expe3,6,2,1,1,2,0,1,1
96,All,Expe3,6,2,1,2,2,0,0,0
96,All,Expe3,8,2,3,1,2,0,1,1
96,All,Expe3,8,2,3,2,2,0,0,0
96,All,Expe3,9,3,2,2,2,0,1,1
96,All,Expe3,9,3,2,3,7,0,0,0
96,All,Expe3,10,4,2,2,2,0,1,1
96,All,Expe3,10,4,2,2,3,1,1,0
96,All,Expe3,10,4,2,2,6,2,1,-1
96,All,Expe3,10,4,2,4,2,1,0,-1
96,All,Expe3,10,4,2,4,4,2,0,-2
96,All,Expe3,11,1,2,1,2,0,1,1
96,All,Expe3,12,5,2,1,2,0,1,1
96,All,Expe3,12,5,2,1,4,1,1,0
96,All,Expe3,12,5,2,3,2,0,1,1
96,All,Expe3,12,5,2,3,4,1,1,0
96,All,Expe3,12,5,2,4,2,0,1,1
96,All,Expe3,13,6,2,1,3,1,0,-1
96,All,Expe3,13,6,2,1,4,2,0,-2
96,All,Expe3,13,6,2,1,5,3,0,-3
96,All,Expe3,13,6,2,1,8,4,0,-4
96,All,Expe3,13,6,2,1,9,0,5,5
96,All,Expe3,13,6,2,2,2,0,1,1
96,All,Expe3,13,6,2,2,3,1,1,0
96,All,Expe3,13,6,2,2,4,1,2,1
96,All,Expe3,13,6,2,2,6,2,2,0
96,All,Expe3,13,6,2,2,10,3,2,-1
96,All,Expe3,13,6,2,4,2,1,0,-1
96,All,Expe3,13,6,2,4,8,2,0,-2
96,All,Expe3,13,6,2,6,3,0,1,1
96,All,Expe3,13,6,2,6,5,1,1,0
96,All,Expe3,13,6,2,6,7,2,1,-1
96,All,Expe3,14,5,3,1,8,0,0,0
96,All,Expe3,14,5,3,1,9,1,0,-1
96,All,Expe3,14,5,3,2,2,0,1,1
96,All,Expe3,14,5,3,4,7,0,0,0
96,All,Expe3,14,5,3,5,6,0,0,0
96,All,Expe3,15,4,3,1,7,1,0,-1
96,All,Expe3,16,6,3,1,3,1,0,-1
96,All,Expe3,16,6,3,1,5,0,2,2
96,All,Expe3,16,6,3,1,6,1,2,1
96,All,Expe3,16,6,3,1,7,2,2,0
96,All,Expe3,16,6,3,1,8,2,3,1
96,All,Expe3,16,6,3,4,3,1,0,-1
96,All,Expe3,16,6,3,4,4,0,2,2
96,All,Expe3,16,6,3,5,2,0,0,0
96,All,Expe3,16,6,3,5,3,0,1,1
96,All,Expe3,16,6,3,5,7,1,1,0
96,All,Expe3,16,6,3,5,9,2,1,-1
96,All,Expe3,16,6,3,6,6,0,0,0
96,All,Expe3,17,3,3,1,2,0,1,1
96,All,Expe3,20,2,6,1,7,1,0,-1
96,All,Expe3,22,3,4,1,2,0,1,1
96,All,Expe3,22,3,4,1,7,1,1,0
96,All,Expe3,22,3,4,2,2,0,1,1
96,All,Expe3,22,3,4,3,2,0,0,0
97,All,Expe3,2,1,1,1,2,1,0,-1
97,All,Expe3,3,3,1,1,6,0,1,1
97,All,Expe3,3,3,1,2,2,0,1,1
97,All,Expe3,4,5,1,2,6,0,0,0
97,All,Expe3,4,5,1,3,2,1,0,-1
97,All,Expe3,4,5,1,3,3,0,2,2
97,All,Expe3,4,5,1,3,4,2,1,-1
97,All,Expe3,6,6,1,1,3,0,1,1
97,All,Expe3,6,6,1,1,10,1,1,0
97,All,Expe3,6,6,1,3,2,0,1,1
97,All,Expe3,6,6,1,3,4,1,1,0
97,All,Expe3,6,6,1,3,5,2,1,-1
97,All,Expe3,6,6,1,3,6,1,3,2
97,All,Expe3,6,6,1,4,2,0,1,1
97,All,Expe3,6,6,1,4,3,1,1,0
97,All,Expe3,6,6,1,4,4,1,2,1
97,All,Expe3,6,6,1,4,6,2,2,0
97,All,Expe3,6,6,1,5,2,0,1,1
97,All,Expe3,6,6,1,5,3,1,1,0
97,All,Expe3,6,6,1,5,4,2,1,-1
97,All,Expe3,6,6,1,5,6,3,1,-2
97,All,Expe3,7,3,2,1,9,0,0,0
97,All,Expe3,8,2,2,1,2,0,0,0
97,All,Expe3,8,2,2,2,2,0,1,1
97,All,Expe3,9,2,3,1,4,0,1,1
97,All,Expe3,10,4,2,1,2,1,0,-1
97,All,Expe3,10,4,2,3,2,0,1,1
97,All,Expe3,10,4,2,3,3,1,1,0
97,All,Expe3,10,4,2,4,2,0,1,1
97,All,Expe3,12,6,2,3,2,0,1,1
97,All,Expe3,12,6,2,3,3,1,1,0
97,All,Expe3,12,6,2,3,4,2,1,-1
97,All,Expe3,12,6,2,3,5,1,3,2
97,All,Expe3,12,6,2,3,6,2,3,1
97,All,Expe3,12,6,2,3,8,3,3,0
97,All,Expe3,12,6,2,3,9,3,4,1
97,All,Expe3,12,6,2,5,2,0,1,1
97,All,Expe3,12,6,2,5,4,1,1,0
97,All,Expe3,12,6,2,5,5,1,2,1
97,All,Expe3,12,6,2,5,6,2,2,0
97,All,Expe3,12,6,2,5,7,3,2,-1
97,All,Expe3,12,6,2,5,8,2,4,2
97,All,Expe3,12,6,2,6,3,0,1,1
97,All,Expe3,13,5,2,1,2,0,1,1
97,All,Expe3,13,5,2,2,3,0,1,1
97,All,Expe3,13,5,2,2,4,1,1,0
97,All,Expe3,13,5,2,2,5,1,2,1
97,All,Expe3,13,5,2,2,6,2,2,0
97,All,Expe3,13,5,2,3,2,0,1,1
97,All,Expe3,13,5,2,3,3,1,1,0
97,All,Expe3,13,5,2,3,4,2,1,-1
97,All,Expe3,13,5,2,3,8,3,1,-2
97,All,Expe3,13,5,2,4,2,0,1,1
97,All,Expe3,13,5,2,4,3,1,1,0
97,All,Expe3,13,5,2,4,4,2,1,-1
97,All,Expe3,13,5,2,4,5,1,3,2
97,All,Expe3,13,5,2,4,6,3,2,-1
97,All,Expe3,13,5,2,4,7,4,2,-2
97,All,Expe3,13,5,2,5,2,0,1,1
97,All,Expe3,13,5,2,5,3,1,1,0
97,All,Expe3,13,5,2,5,7,2,1,-1
97,All,Expe3,14,4,3,1,3,0,1,1
97,All,Expe3,14,4,3,3,3,0,0,0
97,All,Expe3,16,5,3,2,2,0,1,1
97,All,Expe3,16,5,3,2,3,1,1,0
97,All,Expe3,16,5,3,3,3,0,0,0
97,All,Expe3,16,5,3,4,2,0,1,1
97,All,Expe3,16,5,3,4,3,1,1,0
97,All,Expe3,16,5,3,4,4,1,2,1
97,All,Expe3,16,5,3,4,5,2,2,0
97,All,Expe3,16,5,3,5,3,0,1,1
97,All,Expe3,17,2,4,2,8,0,0,0
97,All,Expe3,18,6,3,2,2,0,0,0
97,All,Expe3,18,6,3,2,3,1,0,-1
97,All,Expe3,18,6,3,2,4,0,2,2
97,All,Expe3,18,6,3,2,5,2,1,-1
97,All,Expe3,18,6,3,2,8,3,1,-2
97,All,Expe3,18,6,3,5,2,0,1,1
97,All,Expe3,18,6,3,5,3,1,1,0
97,All,Expe3,20,2,5,1,2,0,0,0
97,All,Expe3,20,2,5,1,6,1,0,-1
97,All,Expe3,22,2,6,1,2,1,0,-1
97,All,Expe3,22,2,6,2,5,1,0,-1
98,All,Expe3,1,3,1,1,2,1,0,-1
98,All,Expe3,1,3,1,2,2,0,1,1
98,All,Expe3,1,3,1,2,3,1,1,0
98,All,Expe3,3,2,1,1,2,0,0,0
98,All,Expe3,3,2,1,1,8,1,0,-1
98,All,Expe3,3,2,1,2,2,0,1,1
98,All,Expe3,4,4,1,2,2,1,0,-1
98,All,Expe3,4,4,1,3,2,1,0,-1
98,All,Expe3,4,4,1,3,3,2,0,-2
98,All,Expe3,5,3,2,1,3,0,0,0
98,All,Expe3,5,3,2,1,4,0,1,1
98,All,Expe3,5,3,2,1,5,1,1,0
98,All,Expe3,5,3,2,1,6,2,1,-1
98,All,Expe3,5,3,2,1,8,3,1,-2
98,All,Expe3,5,3,2,2,3,0,0,0
98,All,Expe3,5,3,2,2,5,0,1,1
98,All,Expe3,5,3,2,2,9,1,1,0
98,All,Expe3,5,3,2,3,3,0,0,0
98,All,Expe3,5,3,2,3,4,0,1,1
98,All,Expe3,5,3,2,3,5,1,1,0
98,All,Expe3,5,3,2,3,6,1,2,1
98,All,Expe3,5,3,2,3,7,2,2,0
98,All,Expe3,5,3,2,3,8,2,3,1
98,All,Expe3,5,3,2,3,12,3,3,0
98,All,Expe3,6,5,1,1,11,0,0,0
98,All,Expe3,6,5,1,1,14,1,0,-1
98,All,Expe3,6,5,1,2,6,0,1,1
98,All,Expe3,6,5,1,3,4,1,0,-1
98,All,Expe3,6,5,1,3,5,2,0,-2
98,All,Expe3,6,5,1,3,6,3,0,-3
98,All,Expe3,6,5,1,4,2,0,0,0
98,All,Expe3,6,5,1,4,3,1,0,-1
98,All,Expe3,6,5,1,4,5,2,0,-2
98,All,Expe3,6,5,1,4,7,3,0,-3
98,All,Expe3,6,5,1,4,10,4,0,-4
98,All,Expe3,6,5,1,4,12,5,0,-5
98,All,Expe3,6,5,1,4,13,6,0,-6
98,All,Expe3,6,5,1,4,14,7,0,-7
98,All,Expe3,6,5,1,4,15,8,0,-8
98,All,Expe3,6,5,1,5,2,0,1,1
98,All,Expe3,6,5,1,5,15,1,1,0
98,All,Expe3,7,2,2,1,2,0,0,0
98,All,Expe3,7,2,2,1,3,0,1,1
98,All,Expe3,8,6,1,1,3,0,1,1
98,All,Expe3,8,6,1,1,7,1,1,0
98,All,Expe3,8,6,1,1,8,1,2,1
98,All,Expe3,8,6,1,1,10,2,2,0
98,All,Expe3,8,6,1,2,3,0,0,0
98,All,Expe3,8,6,1,2,4,0,1,1
98,All,Expe3,8,6,1,2,5,1,1,0
98,All,Expe3,8,6,1,2,6,2,1,-1
98,All,Expe3,8,6,1,2,8,3,1,-2
98,All,Expe3,8,6,1,2,9,4,1,-3
98,All,Expe3,8,6,1,2,10,5,1,-4
98,All,Expe3,8,6,1,2,12,1,6,5
98,All,Expe3,8,6,1,2,15,2,6,4
98,All,Expe3,8,6,1,3,8,1,0,-1
98,All,Expe3,8,6,1,3,11,2,0,-2
98,All,Expe3,8,6,1,3,12,0,3,3
98,All,Expe3,8,6,1,3,15,1,3,2
98,All,Expe3,8,6,1,5,2,0,1,1
98,All,Expe3,8,6,1,5,3,1,1,0
98,All,Expe3,8,6,1,5,7,2,1,-1
98,All,Expe3,8,6,1,5,9,3,1,-2
98,All,Expe3,8,6,1,5,15,1,4,3
98,All,Expe3,9,2,3,1,2,0,0,0
98,All,Expe3,9,2,3,1,3,0,1,1
98,All,Expe3,9,2,3,1,6,1,1,0
98,All,Expe3,9,2,3,1,9,2,1,-1
98,All,Expe3,9,2,3,2,2,1,0,-1
98,All,Expe3,9,2,3,2,3,0,2,2
98,All,Expe3,9,2,3,2,6,1,2,1
98,All,Expe3,9,2,3,2,8,2,2,0
98,All,Expe3,9,2,3,2,10,3,2,-1
98,All,Expe3,9,2,3,2,14,4,2,-2
98,All,Expe3,10,4,2,1,3,0,0,0
98,All,Expe3,10,4,2,1,6,0,1,1
98,All,Expe3,10,4,2,1,7,1,1,0
98,All,Expe3,10,4,2,1,8,2,1,-1
98,All,Expe3,10,4,2,1,15,1,3,2
98,All,Expe3,10,4,2,2,3,0,0,0
98,All,Expe3,10,4,2,2,5,0,1,1
98,All,Expe3,10,4,2,2,6,1,1,0
98,All,Expe3,10,4,2,2,7,1,2,1
98,All,Expe3,10,4,2,2,8,2,2,0
98,All,Expe3,10,4,2,2,10,2,3,1
98,All,Expe3,10,4,2,2,13,3,3,0
98,All,Expe3,10,4,2,2,14,4,3,-1
98,All,Expe3,10,4,2,2,15,3,5,2
98,All,Expe3,10,4,2,3,4,1,0,-1
98,All,Expe3,10,4,2,3,5,0,2,2
98,All,Expe3,10,4,2,3,10,2,1,-1
98,All,Expe3,10,4,2,3,13,3,1,-2
98,All,Expe3,10,4,2,4,4,0,0,0
98,All,Expe3,10,4,2,4,5,0,1,1
98,All,Expe3,10,4,2,4,7,1,1,0
98,All,Expe3,10,4,2,4,8,2,1,-1
98,All,Expe3,12,6,2,1,2,1,0,-1
98,All,Expe3,12,6,2,1,3,0,2,2
98,All,Expe3,12,6,2,1,5,1,2,1
98,All,Expe3,12,6,2,1,6,2,2,0
98,All,Expe3,12,6,2,1,9,3,2,-1
98,All,Expe3,12,6,2,1,10,2,4,2
98,All,Expe3,12,6,2,1,13,3,4,1
98,All,Expe3,12,6,2,1,15,4,4,0
98,All,Expe3,12,6,2,2,5,1,0,-1
98,All,Expe3,12,6,2,2,7,2,0,-2
98,All,Expe3,12,6,2,2,9,3,0,-3
98,All,Expe3,12,6,2,2,11,0,4,4
98,All,Expe3,12,6,2,2,15,4,1,-3
98,All,Expe3,12,6,2,3,2,1,0,-1
98,All,Expe3,12,6,2,3,5,2,0,-2
98,All,Expe3,12,6,2,3,8,0,3,3
98,All,Expe3,12,6,2,3,11,3,1,-2
98,All,Expe3,12,6,2,3,12,1,4,3
98,All,Expe3,12,6,2,3,13,4,2,-2
98,All,Expe3,12,6,2,3,14,2,5,3
98,All,Expe3,12,6,2,3,15,5,3,-2
98,All,Expe3,12,6,2,4,6,0,1,1
98,All,Expe3,12,6,2,4,7,1,1,0
98,All,Expe3,12,6,2,4,10,1,2,1
98,All,Expe3,12,6,2,4,11,2,2,0
98,All,Expe3,12,6,2,4,14,3,2,-1
98,All,Expe3,12,6,2,4,15,4,2,-2
98,All,Expe3,12,6,2,5,3,0,1,1
98,All,Expe3,12,6,2,5,10,1,1,0
98,All,Expe3,12,6,2,5,11,1,2,1
98,All,Expe3,12,6,2,5,13,2,2,0
98,All,Expe3,12,6,2,6,2,1,0,-1
98,All,Expe3,12,6,2,6,4,2,0,-2
98,All,Expe3,12,6,2,6,6,0,3,3
98,All,Expe3,12,6,2,6,8,1,3,2
98,All,Expe3,12,6,2,6,9,2,3,1
98,All,Expe3,12,6,2,6,10,3,3,0
98,All,Expe3,13,5,2,1,14,0,0,0
98,All,Expe3,13,5,2,2,2,0,0,0
98,All,Expe3,13,5,2,2,3,1,0,-1
98,All,Expe3,13,5,2,2,4,0,2,2
98,All,Expe3,13,5,2,2,13,1,2,1
98,All,Expe3,13,5,2,3,5,0,0,0
98,All,Expe3,13,5,2,3,9,0,1,1
98,All,Expe3,13,5,2,3,11,1,1,0
98,All,Expe3,13,5,2,3,12,2,1,-1
98,All,Expe3,13,5,2,3,14,1,3,2
98,All,Expe3,13,5,2,4,2,0,1,1
98,All,Expe3,13,5,2,4,3,1,1,0
98,All,Expe3,13,5,2,4,4,1,2,1
98,All,Expe3,13,5,2,4,5,2,2,0
98,All,Expe3,13,5,2,4,7,2,3,1
98,All,Expe3,13,5,2,4,9,3,3,0
98,All,Expe3,13,5,2,4,11,3,4,1
98,All,Expe3,13,5,2,4,12,4,4,0
98,All,Expe3,13,5,2,4,14,4,5,1
98,All,Expe3,13,5,2,4,15,5,5,0
98,All,Expe3,13,5,2,5,2,0,1,1
98,All,Expe3,13,5,2,5,5,1,1,0
98,All,Expe3,13,5,2,5,6,2,1,-1
98,All,Expe3,13,5,2,5,7,3,1,-2
98,All,Expe3,13,5,2,5,9,1,4,3
98,All,Expe3,13,5,2,5,15,2,4,2
98,All,Expe3,14,3,3,1,6,0,0,0
98,All,Expe3,14,3,3,2,2,1,0,-1
98,All,Expe3,14,3,3,2,6,2,0,-2
98,All,Expe3,14,3,3,2,9,3,0,-3
98,All,Expe3,14,3,3,3,4,0,0,0
98,All,Expe3,14,3,3,3,7,1,0,-1
98,All,Expe3,14,3,3,3,9,2,0,-2
98,All,Expe3,15,2,4,1,6,0,0,0
98,All,Expe3,15,2,4,2,5,0,0,0
98,All,Expe3,16,4,3,1,3,0,1,1
98,All,Expe3,16,4,3,1,4,1,1,0
98,All,Expe3,16,4,3,1,8,2,1,-1
98,All,Expe3,16,4,3,2,3,0,1,1
98,All,Expe3,16,4,3,2,5,1,1,0
98,All,Expe3,16,4,3,2,7,1,2,1
98,All,Expe3,16,4,3,2,8,2,2,0
98,All,Expe3,16,4,3,2,9,2,3,1
98,All,Expe3,16,4,3,2,11,3,3,0
98,All,Expe3,16,4,3,3,8,1,0,-1
98,All,Expe3,16,4,3,3,11,2,0,-2
98,All,Expe3,16,4,3,3,12,0,3,3
98,All,Expe3,16,4,3,4,2,0,1,1
98,All,Expe3,16,4,3,4,3,1,1,0
98,All,Expe3,16,4,3,4,4,1,2,1
98,All,Expe3,16,4,3,4,5,2,2,0
98,All,Expe3,16,4,3,4,6,3,2,-1
98,All,Expe3,16,4,3,4,7,2,4,2
98,All,Expe3,16,4,3,4,10,3,4,1
98,All,Expe3,16,4,3,4,11,4,4,0
98,All,Expe3,16,4,3,4,12,4,5,1
98,All,Expe3,16,4,3,4,13,5,5,0
98,All,Expe3,17,3,4,1,9,1,0,-1
98,All,Expe3,17,3,4,2,9,0,1,1
98,All,Expe3,17,3,4,2,12,1,1,0
98,All,Expe3,17,3,4,2,13,2,1,-1
98,All,Expe3,17,3,4,3,3,1,0,-1
98,All,Expe3,17,3,4,3,4,0,2,2
98,All,Expe3,17,3,4,3,5,1,2,1
98,All,Expe3,17,3,4,3,6,2,2,0
98,All,Expe3,17,3,4,3,8,2,3,1
98,All,Expe3,17,3,4,3,9,3,3,0
98,All,Expe3,17,3,4,3,13,4,3,-1
98,All,Expe3,17,3,4,3,14,5,3,-2
98,All,Expe3,18,5,3,1,2,0,0,0
98,All,Expe3,18,5,3,1,4,0,1,1
98,All,Expe3,18,5,3,1,5,1,1,0
98,All,Expe3,18,5,3,1,6,2,1,-1
98,All,Expe3,18,5,3,1,7,1,3,2
98,All,Expe3,18,5,3,2,5,0,0,0
98,All,Expe3,18,5,3,2,9,0,1,1
98,All,Expe3,18,5,3,2,10,1,1,0
98,All,Expe3,18,5,3,2,11,1,2,1
98,All,Expe3,18,5,3,2,12,2,2,0
98,All,Expe3,18,5,3,2,13,3,2,-1
98,All,Expe3,18,5,3,2,14,4,2,-2
98,All,Expe3,18,5,3,2,15,2,5,3
98,All,Expe3,18,5,3,3,2,0,1,1
98,All,Expe3,18,5,3,3,3,1,1,0
98,All,Expe3,18,5,3,3,4,1,2,1
98,All,Expe3,18,5,3,3,5,2,2,0
98,All,Expe3,18,5,3,3,9,2,3,1
98,All,Expe3,18,5,3,3,10,3,3,0
98,All,Expe3,18,5,3,3,11,4,3,-1
98,All,Expe3,18,5,3,3,13,3,5,2
98,All,Expe3,18,5,3,4,2,0,1,1
98,All,Expe3,18,5,3,4,3,1,1,0
98,All,Expe3,18,5,3,4,4,1,2,1
98,All,Expe3,18,5,3,4,5,2,2,0
98,All,Expe3,18,5,3,4,6,3,2,-1
98,All,Expe3,18,5,3,5,15,0,0,0
98,All,Expe3,19,2,5,2,2,0,1,1
98,All,Expe3,19,2,5,2,3,1,1,0
98,All,Expe3,19,2,5,2,4,1,2,1
98,All,Expe3,19,2,5,2,15,2,2,0
98,All,Expe3,20,6,3,1,5,0,0,0
98,All,Expe3,20,6,3,1,6,0,1,1
98,All,Expe3,20,6,3,1,7,1,1,0
98,All,Expe3,20,6,3,1,10,1,2,1
98,All,Expe3,20,6,3,1,11,2,2,0
98,All,Expe3,20,6,3,1,13,2,3,1
98,All,Expe3,20,6,3,2,2,0,0,0
98,All,Expe3,20,6,3,2,8,0,1,1
98,All,Expe3,20,6,3,2,15,1,1,0
98,All,Expe3,20,6,3,3,4,0,0,0
98,All,Expe3,20,6,3,3,5,1,0,-1
98,All,Expe3,20,6,3,3,9,2,0,-2
98,All,Expe3,20,6,3,3,12,0,3,3
98,All,Expe3,20,6,3,3,14,3,1,-2
98,All,Expe3,20,6,3,4,2,0,0,0
98,All,Expe3,20,6,3,4,3,1,0,-1
98,All,Expe3,20,6,3,4,6,0,2,2
98,All,Expe3,20,6,3,4,7,2,1,-1
98,All,Expe3,20,6,3,4,10,1,3,2
98,All,Expe3,20,6,3,4,12,2,3,1
98,All,Expe3,20,6,3,4,15,3,3,0
98,All,Expe3,20,6,3,5,4,0,0,0
98,All,Expe3,20,6,3,5,5,0,1,1
98,All,Expe3,20,6,3,5,8,1,1,0
98,All,Expe3,20,6,3,5,10,1,2,1
98,All,Expe3,20,6,3,5,11,2,2,0
98,All,Expe3,20,6,3,5,12,2,3,1
98,All,Expe3,20,6,3,6,3,0,0,0
98,All,Expe3,20,6,3,6,4,1,0,-1
98,All,Expe3,20,6,3,6,7,0,2,2
98,All,Expe3,20,6,3,6,9,2,1,-1
98,All,Expe3,20,6,3,6,12,1,3,2
98,All,Expe3,20,6,3,6,14,3,2,-1
98,All,Expe3,22,2,6,1,5,0,0,0
98,All,Expe3,22,2,6,1,11,1,0,-1
98,All,Expe3,22,2,6,2,2,0,1,1
98,All,Expe3,22,2,6,2,10,1,1,0
98,All,Expe3,22,2,6,2,12,2,1,-1
99,All,Expe3,3,3,1,3,4,0,0,0
99,All,Expe3,4,3,2,2,6,0,1,1
99,All,Expe3,5,2,2,1,2,0,1,1
99,All,Expe3,5,2,2,2,2,0,1,1
99,All,Expe3,6,4,1,1,4,0,0,0
99,All,Expe3,8,5,1,1,2,0,1,1
99,All,Expe3,8,5,1,1,6,1,1,0
99,All,Expe3,8,5,1,3,3,0,0,0
99,All,Expe3,8,5,1,3,5,1,0,-1
99,All,Expe3,9,6,1,1,2,1,0,-1
99,All,Expe3,9,6,1,1,3,0,2,2
99,All,Expe3,9,6,1,1,5,1,2,1
99,All,Expe3,9,6,1,1,6,2,2,0
99,All,Expe3,9,6,1,1,11,3,2,-1
99,All,Expe3,9,6,1,2,2,1,0,-1
99,All,Expe3,9,6,1,2,3,2,0,-2
99,All,Expe3,9,6,1,2,5,0,3,3
99,All,Expe3,9,6,1,2,7,3,1,-2
99,All,Expe3,9,6,1,3,2,1,0,-1
99,All,Expe3,9,6,1,3,3,2,0,-2
99,All,Expe3,9,6,1,3,4,0,3,3
99,All,Expe3,9,6,1,3,5,3,1,-2
99,All,Expe3,9,6,1,3,6,4,1,-3
99,All,Expe3,9,6,1,3,8,1,5,4
99,All,Expe3,9,6,1,3,9,5,2,-3
99,All,Expe3,9,6,1,3,10,6,2,-4
99,All,Expe3,9,6,1,4,3,1,0,-1
99,All,Expe3,9,6,1,4,4,2,0,-2
99,All,Expe3,9,6,1,4,5,0,3,3
99,All,Expe3,9,6,1,4,6,3,1,-2
99,All,Expe3,9,6,1,4,8,4,1,-3
99,All,Expe3,9,6,1,4,10,5,1,-4
99,All,Expe3,9,6,1,4,11,1,6,5
99,All,Expe3,9,6,1,4,12,6,2,-4
99,All,Expe3,9,6,1,4,13,2,7,5
99,All,Expe3,9,6,1,6,2,0,0,0
99,All,Expe3,9,6,1,6,3,1,0,-1
99,All,Expe3,9,6,1,6,4,2,0,-2
99,All,Expe3,9,6,1,6,5,3,0,-3
99,All,Expe3,9,6,1,6,6,4,0,-4
99,All,Expe3,9,6,1,6,9,5,0,-5
99,All,Expe3,10,4,2,1,2,0,1,1
99,All,Expe3,10,4,2,1,7,1,1,0
99,All,Expe3,10,4,2,2,8,0,1,1
99,All,Expe3,11,1,2,1,2,0,1,1
99,All,Expe3,12,5,2,1,2,1,0,-1
99,All,Expe3,12,5,2,1,3,0,2,2
99,All,Expe3,12,5,2,1,5,2,1,-1
99,All,Expe3,12,5,2,2,2,0,1,1
99,All,Expe3,12,5,2,2,3,1,1,0
99,All,Expe3,12,5,2,2,4,2,1,-1
99,All,Expe3,12,5,2,2,5,3,1,-2
99,All,Expe3,12,5,2,2,6,4,1,-3
99,All,Expe3,12,5,2,3,2,0,1,1
99,All,Expe3,12,5,2,4,2,0,0,0
99,All,Expe3,12,5,2,4,3,0,1,1
99,All,Expe3,12,5,2,5,3,1,0,-1
99,All,Expe3,12,5,2,5,4,0,2,2
99,All,Expe3,12,5,2,5,5,2,1,-1
99,All,Expe3,12,5,2,5,11,1,3,2
99,All,Expe3,13,6,2,1,2,0,1,1
99,All,Expe3,13,6,2,2,2,0,1,1
99,All,Expe3,13,6,2,3,4,0,1,1
99,All,Expe3,14,2,4,2,4,0,0,0
99,All,Expe3,15,3,3,1,2,0,1,1
99,All,Expe3,16,3,4,1,2,0,1,1
99,All,Expe3,16,3,4,2,2,0,1,1
99,All,Expe3,16,3,4,2,7,1,1,0
99,All,Expe3,17,2,5,1,2,0,1,1
99,All,Expe3,17,2,5,2,8,0,1,1
99,All,Expe3,18,4,3,1,2,0,1,1
99,All,Expe3,18,4,3,1,8,1,1,0
99,All,Expe3,18,4,3,2,2,0,1,1
99,All,Expe3,18,4,3,3,5,0,1,1
99,All,Expe3,19,2,6,1,2,0,1,1
99,All,Expe3,20,5,3,1,2,1,0,-1
99,All,Expe3,20,5,3,1,3,0,2,2
99,All,Expe3,20,5,3,1,5,1,2,1
99,All,Expe3,20,5,3,2,2,0,1,1
99,All,Expe3,20,5,3,2,5,1,1,0
99,All,Expe3,20,5,3,2,7,2,1,-1
99,All,Expe3,20,5,3,4,3,0,1,1
99,All,Expe3,20,5,3,4,8,1,1,0
99,All,Expe3,20,5,3,4,9,2,1,-1
99,All,Expe3,22,6,3,1,2,0,1,1
99,All,Expe3,22,6,3,1,3,1,1,0
99,All,Expe3,22,6,3,2,2,0,1,1
99,All,Expe3,22,6,3,3,3,0,1,1
99,All,Expe3,22,6,3,3,6,1,1,0
99,All,Expe3,22,6,3,4,3,1,0,-1
99,All,Expe3,22,6,3,4,4,0,2,2
99,All,Expe3,22,6,3,4,6,2,1,-1
99,All,Expe3,22,6,3,4,7,3,1,-2
99,All,Expe3,22,6,3,4,10,4,1,-3
99,All,Expe3,22,6,3,5,2,0,0,0
99,All,Expe3,22,6,3,6,2,1,0,-1
99,All,Expe3,22,6,3,6,3,0,2,2
99,All,Expe3,22,6,3,6,4,2,1,-1
100,All,Expe3,2,1,1,1,2,0,1,1
100,All,Expe3,3,2,1,1,2,0,1,1
100,All,Expe3,3,2,1,1,6,1,1,0
100,All,Expe3,5,2,3,2,2,0,1,1
100,All,Expe3,6,3,2,3,6,0,1,1
100,All,Expe3,7,6,1,3,2,0,0,0
100,All,Expe3,7,6,1,3,3,1,0,-1
100,All,Expe3,7,6,1,3,5,2,0,-2
100,All,Expe3,7,6,1,3,6,0,3,3
100,All,Expe3,7,6,1,3,7,1,3,2
100,All,Expe3,7,6,1,4,2,0,1,1
100,All,Expe3,7,6,1,4,3,1,1,0
100,All,Expe3,7,6,1,4,4,2,1,-1
100,All,Expe3,7,6,1,4,5,1,3,2
100,All,Expe3,7,6,1,4,6,3,2,-1
100,All,Expe3,7,6,1,5,2,1,0,-1
100,All,Expe3,7,6,1,5,3,2,0,-2
100,All,Expe3,7,6,1,5,5,0,3,3
100,All,Expe3,7,6,1,5,6,1,3,2
100,All,Expe3,7,6,1,5,7,2,3,1
100,All,Expe3,7,6,1,6,3,0,1,1
100,All,Expe3,7,6,1,6,4,1,1,0
100,All,Expe3,7,6,1,6,5,2,1,-1
100,All,Expe3,7,6,1,6,7,1,3,2
100,All,Expe3,7,6,1,6,8,2,3,1
100,All,Expe3,7,6,1,6,9,3,3,0
100,All,Expe3,7,6,1,6,10,3,4,1
100,All,Expe3,8,4,1,2,2,0,1,1
100,All,Expe3,8,4,1,2,3,1,1,0
100,All,Expe3,8,4,1,3,2,0,1,1
100,All,Expe3,8,4,1,4,2,0,1,1
100,All,Expe3,9,5,1,1,2,0,1,1
100,All,Expe3,9,5,1,1,3,1,1,0
100,All,Expe3,9,5,1,3,3,1,0,-1
100,All,Expe3,9,5,1,3,6,0,2,2
100,All,Expe3,9,5,1,3,9,1,2,1
100,All,Expe3,9,5,1,5,3,1,0,-1
100,All,Expe3,9,5,1,5,7,2,0,-2
100,All,Expe3,10,6,2,1,2,1,0,-1
100,All,Expe3,10,6,2,1,3,0,2,2
100,All,Expe3,10,6,2,1,4,2,1,-1
100,All,Expe3,10,6,2,1,6,1,3,2
100,All,Expe3,10,6,2,1,7,3,2,-1
100,All,Expe3,10,6,2,1,9,4,2,-2
100,All,Expe3,10,6,2,2,11,0,1,1
100,All,Expe3,10,6,2,2,13,1,1,0
100,All,Expe3,10,6,2,3,2,0,0,0
100,All,Expe3,10,6,2,3,3,0,1,1
100,All,Expe3,10,6,2,3,4,1,1,0
100,All,Expe3,10,6,2,3,5,1,2,1
100,All,Expe3,10,6,2,3,6,2,2,0
100,All,Expe3,10,6,2,4,3,0,0,0
100,All,Expe3,10,6,2,4,4,1,0,-1
100,All,Expe3,10,6,2,4,5,2,0,-2
100,All,Expe3,10,6,2,4,6,3,0,-3
100,All,Expe3,10,6,2,4,7,4,0,-4
100,All,Expe3,10,6,2,4,8,5,0,-5
100,All,Expe3,10,6,2,4,9,0,6,6
100,All,Expe3,10,6,2,5,2,1,0,-1
100,All,Expe3,10,6,2,5,5,0,2,2
100,All,Expe3,10,6,2,5,9,1,2,1
100,All,Expe3,10,6,2,5,13,2,2,0
100,All,Expe3,10,6,2,6,3,1,0,-1
100,All,Expe3,10,6,2,6,5,2,0,-2
100,All,Expe3,10,6,2,6,6,3,0,-3
100,All,Expe3,10,6,2,6,7,4,0,-4
100,All,Expe3,10,6,2,6,8,0,5,5
100,All,Expe3,10,6,2,6,9,5,1,-4
100,All,Expe3,10,6,2,6,10,1,6,5
100,All,Expe3,10,6,2,6,11,2,6,4
100,All,Expe3,12,4,2,2,9,0,0,0
100,All,Expe3,14,3,3,1,2,0,1,1
100,All,Expe3,15,2,4,2,4,0,0,0
100,All,Expe3,16,2,5,1,2,0,1,1
100,All,Expe3,17,2,6,1,2,0,1,1
100,All,Expe3,17,2,6,1,4,1,1,0
100,All,Expe3,19,6,3,2,2,0,1,1
100,All,Expe3,19,6,3,3,2,0,1,1
100,All,Expe3,19,6,3,4,2,0,1,1
100,All,Expe3,19,6,3,4,4,1,1,0
100,All,Expe3,20,4,3,2,2,0,1,1
100,All,Expe3,20,4,3,2,4,1,1,0
100,All,Expe3,20,4,3,3,2,0,1,1
100,All,Expe3,20,4,3,4,9,0,1,1
100,All,Expe3,22,5,3,2,2,0,1,1
100,All,Expe3,22,5,3,5,6,1,0,-1
101,All,Expe3,3,2,2,1,2,0,1,1
101,All,Expe3,3,2,2,2,2,0,1,1
101,All,Expe3,5,6,1,1,2,1,0,-1
101,All,Expe3,5,6,1,1,3,0,2,2
101,All,Expe3,5,6,1,1,4,1,2,1
101,All,Expe3,5,6,1,1,5,2,2,0
101,All,Expe3,5,6,1,1,7,3,2,-1
101,All,Expe3,5,6,1,1,8,2,4,2
101,All,Expe3,5,6,1,1,12,4,3,-1
101,All,Expe3,5,6,1,2,4,0,0,0
101,All,Expe3,5,6,1,2,7,1,0,-1
101,All,Expe3,5,6,1,2,8,2,0,-2
101,All,Expe3,5,6,1,2,14,0,3,3
101,All,Expe3,5,6,1,3,2,0,0,0
101,All,Expe3,5,6,1,3,5,1,0,-1
101,All,Expe3,5,6,1,3,6,2,0,-2
101,All,Expe3,5,6,1,3,7,3,0,-3
101,All,Expe3,5,6,1,3,9,0,4,4
101,All,Expe3,5,6,1,3,13,4,1,-3
101,All,Expe3,5,6,1,3,15,5,1,-4
101,All,Expe3,5,6,1,4,3,0,1,1
101,All,Expe3,5,6,1,4,4,1,1,0
101,All,Expe3,5,6,1,4,5,2,1,-1
101,All,Expe3,5,6,1,4,6,1,3,2
101,All,Expe3,5,6,1,4,7,3,2,-1
101,All,Expe3,5,6,1,5,3,0,0,0
101,All,Expe3,5,6,1,5,5,1,0,-1
101,All,Expe3,5,6,1,6,2,1,0,-1
101,All,Expe3,5,6,1,6,3,2,0,-2
101,All,Expe3,5,6,1,6,5,0,3,3
101,All,Expe3,5,6,1,6,8,1,3,2
101,All,Expe3,5,6,1,6,9,3,2,-1
101,All,Expe3,5,6,1,6,10,4,2,-2
101,All,Expe3,5,6,1,6,12,2,5,3
101,All,Expe3,7,5,1,2,2,0,1,1
101,All,Expe3,7,5,1,3,3,0,1,1
101,All,Expe3,7,5,1,3,7,1,1,0
101,All,Expe3,8,3,2,1,2,0,1,1
101,All,Expe3,8,3,2,2,2,0,1,1
101,All,Expe3,9,4,1,1,2,0,1,1
101,All,Expe3,9,4,1,2,2,0,1,1
101,All,Expe3,9,4,1,3,3,0,0,0
101,All,Expe3,10,5,2,1,2,0,1,1
101,All,Expe3,10,5,2,1,15,1,1,0
101,All,Expe3,10,5,2,3,9,0,0,0
101,All,Expe3,12,6,2,1,2,0,1,1
101,All,Expe3,12,6,2,1,4,1,1,0
101,All,Expe3,12,6,2,4,3,0,1,1
101,All,Expe3,13,4,2,1,2,0,1,1
101,All,Expe3,15,2,5,1,2,0,1,1
101,All,Expe3,16,3,3,1,2,0,1,1
101,All,Expe3,16,3,3,1,7,1,1,0
101,All,Expe3,17,6,3,1,2,0,1,1
101,All,Expe3,17,6,3,1,3,1,1,0
101,All,Expe3,17,6,3,2,2,0,1,1
101,All,Expe3,17,6,3,2,3,1,1,0
101,All,Expe3,17,6,3,4,4,0,1,1
101,All,Expe3,19,5,3,1,2,0,1,1
101,All,Expe3,19,5,3,2,2,0,1,1
101,All,Expe3,19,5,3,3,2,0,1,1
101,All,Expe3,19,5,3,4,4,0,0,0
101,All,Expe3,19,5,3,5,6,0,0,0
101,All,Expe3,22,4,3,1,2,0,1,1
102,All,Expe3,1,2,1,1,2,0,1,1
102,All,Expe3,1,2,1,2,2,0,0,0
102,All,Expe3,2,1,1,1,2,0,1,1
102,All,Expe3,3,4,1,3,2,0,1,1
102,All,Expe3,3,4,1,3,3,1,1,0
102,All,Expe3,3,4,1,4,5,0,0,0
102,All,Expe3,4,3,1,1,2,1,0,-1
102,All,Expe3,4,3,1,3,4,0,0,0
102,All,Expe3,5,3,2,2,3,1,0,-1
102,All,Expe3,5,3,2,2,4,0,2,2
102,All,Expe3,5,3,2,3,2,1,0,-1
102,All,Expe3,6,5,1,1,3,0,0,0
102,All,Expe3,6,5,1,1,7,1,0,-1
102,All,Expe3,7,2,2,1,2,0,1,1
102,All,Expe3,8,2,3,1,2,0,1,1
102,All,Expe3,8,2,3,1,3,1,1,0
102,All,Expe3,8,2,3,1,5,1,2,1
102,All,Expe3,8,2,3,1,9,2,2,0
102,All,Expe3,8,2,3,2,2,1,0,-1
102,All,Expe3,8,2,3,2,3,2,0,-2
102,All,Expe3,8,2,3,2,4,0,3,3
102,All,Expe3,9,6,1,2,3,0,0,0
102,All,Expe3,9,6,1,3,3,1,0,-1
102,All,Expe3,9,6,1,4,3,0,1,1
102,All,Expe3,9,6,1,4,9,1,1,0
102,All,Expe3,9,6,1,4,10,2,1,-1
102,All,Expe3,9,6,1,4,14,3,1,-2
102,All,Expe3,9,6,1,5,3,0,0,0
102,All,Expe3,10,4,2,2,2,1,0,-1
102,All,Expe3,12,5,2,1,2,1,0,-1
102,All,Expe3,12,5,2,4,8,0,0,0
102,All,Expe3,13,6,2,1,3,1,0,-1
102,All,Expe3,13,6,2,3,2,0,1,1
102,All,Expe3,13,6,2,4,2,0,1,1
102,All,Expe3,13,6,2,4,3,1,1,0
102,All,Expe3,13,6,2,4,4,1,2,1
102,All,Expe3,13,6,2,4,5,2,2,0
102,All,Expe3,13,6,2,4,6,2,3,1
102,All,Expe3,14,2,4,2,2,0,1,1
102,All,Expe3,15,4,3,1,3,0,0,0
102,All,Expe3,15,4,3,2,2,1,0,-1
102,All,Expe3,15,4,3,3,2,0,1,1
102,All,Expe3,16,3,3,2,2,0,1,1
102,All,Expe3,16,3,3,3,2,0,1,1
102,All,Expe3,16,3,3,3,9,1,1,0
102,All,Expe3,17,3,4,2,2,0,1,1
102,All,Expe3,17,3,4,3,2,0,1,1
102,All,Expe3,18,5,3,2,2,0,1,1
102,All,Expe3,18,5,3,4,2,0,1,1
102,All,Expe3,19,2,5,1,2,0,1,1
102,All,Expe3,20,2,6,1,2,0,1,1
102,All,Expe3,20,2,6,2,3,0,0,0
102,All,Expe3,22,6,3,2,2,0,1,1
102,All,Expe3,22,6,3,2,3,1,1,0
102,All,Expe3,22,6,3,2,4,1,2,1
102,All,Expe3,22,6,3,2,5,2,2,0
102,All,Expe3,22,6,3,2,6,3,2,-1
102,All,Expe3,22,6,3,2,7,2,4,2
102,All,Expe3,22,6,3,2,8,4,3,-1
102,All,Expe3,22,6,3,3,2,0,1,1
102,All,Expe3,22,6,3,3,3,1,1,0
102,All,Expe3,22,6,3,3,6,1,2,1
102,All,Expe3,22,6,3,3,11,2,2,0
102,All,Expe3,22,6,3,4,2,0,1,1
102,All,Expe3,22,6,3,4,3,1,1,0
102,All,Expe3,22,6,3,6,2,0,0,0
102,All,Expe3,22,6,3,6,3,0,1,1
102,All,Expe3,22,6,3,6,4,1,1,0
103,All,Expe3,1,4,1,1,9,0,1,1
103,All,Expe3,1,4,1,3,3,0,0,0
103,All,Expe3,1,4,1,4,5,0,0,0
103,All,Expe3,1,4,1,4,7,0,1,1
103,All,Expe3,3,3,1,1,2,0,1,1
103,All,Expe3,4,2,1,2,2,0,1,1
103,All,Expe3,4,2,1,2,5,1,1,0
103,All,Expe3,5,2,2,1,2,0,1,1
103,All,Expe3,5,2,2,2,3,0,1,1
103,All,Expe3,6,3,2,1,3,0,1,1
103,All,Expe3,6,3,2,1,4,1,1,0
103,All,Expe3,6,3,2,1,6,2,1,-1
103,All,Expe3,6,3,2,3,2,0,0,0
103,All,Expe3,7,6,1,1,5,0,0,0
103,All,Expe3,7,6,1,1,8,0,1,1
103,All,Expe3,7,6,1,2,2,1,0,-1
103,All,Expe3,7,6,1,2,3,0,2,2
103,All,Expe3,7,6,1,2,4,2,1,-1
103,All,Expe3,7,6,1,2,5,3,1,-2
103,All,Expe3,7,6,1,4,4,0,0,0
103,All,Expe3,7,6,1,5,2,0,1,1
103,All,Expe3,7,6,1,5,3,1,1,0
103,All,Expe3,7,6,1,5,4,1,2,1
103,All,Expe3,7,6,1,5,5,2,2,0
103,All,Expe3,7,6,1,6,2,1,0,-1
103,All,Expe3,7,6,1,6,3,2,0,-2
103,All,Expe3,7,6,1,6,4,3,0,-3
103,All,Expe3,7,6,1,6,5,4,0,-4
103,All,Expe3,7,6,1,6,6,5,0,-5
103,All,Expe3,7,6,1,6,7,0,6,6
103,All,Expe3,7,6,1,6,9,6,1,-5
103,All,Expe3,8,5,1,1,2,0,1,1
103,All,Expe3,8,5,1,1,3,1,1,0
103,All,Expe3,8,5,1,1,6,2,1,-1
103,All,Expe3,8,5,1,2,2,1,0,-1
103,All,Expe3,8,5,1,2,3,0,2,2
103,All,Expe3,8,5,1,3,7,0,1,1
103,All,Expe3,8,5,1,3,9,1,1,0
103,All,Expe3,8,5,1,4,2,0,1,1
103,All,Expe3,8,5,1,4,3,1,1,0
103,All,Expe3,8,5,1,4,7,2,1,-1
103,All,Expe3,8,5,1,5,2,0,1,1
103,All,Expe3,8,5,1,5,3,1,1,0
103,All,Expe3,8,5,1,5,8,2,1,-1
103,All,Expe3,9,2,3,1,2,0,1,1
103,All,Expe3,9,2,3,1,8,1,1,0
103,All,Expe3,10,4,2,1,2,0,1,1
103,All,Expe3,12,5,2,2,2,1,0,-1
103,All,Expe3,12,5,2,2,3,0,2,2
103,All,Expe3,12,5,2,2,4,1,2,1
103,All,Expe3,12,5,2,2,5,2,2,0
103,All,Expe3,12,5,2,3,10,0,0,0
103,All,Expe3,12,5,2,5,3,1,0,-1
103,All,Expe3,12,5,2,5,4,0,2,2
103,All,Expe3,13,6,2,1,2,0,1,1
103,All,Expe3,13,6,2,1,4,1,1,0
103,All,Expe3,13,6,2,1,5,2,1,-1
103,All,Expe3,13,6,2,1,6,3,1,-2
103,All,Expe3,13,6,2,1,7,1,4,3
103,All,Expe3,13,6,2,1,8,2,4,2
103,All,Expe3,13,6,2,1,9,4,3,-1
103,All,Expe3,13,6,2,1,10,3,5,2
103,All,Expe3,13,6,2,1,12,4,5,1
103,All,Expe3,13,6,2,1,13,5,5,0
103,All,Expe3,13,6,2,1,14,6,5,-1
103,All,Expe3,13,6,2,2,4,1,0,-1
103,All,Expe3,13,6,2,2,13,0,2,2
103,All,Expe3,13,6,2,3,2,0,0,0
103,All,Expe3,13,6,2,3,4,1,0,-1
103,All,Expe3,13,6,2,3,5,0,2,2
103,All,Expe3,13,6,2,3,6,2,1,-1
103,All,Expe3,13,6,2,3,7,1,3,2
103,All,Expe3,13,6,2,3,12,2,3,1
103,All,Expe3,13,6,2,4,3,0,0,0
103,All,Expe3,13,6,2,4,4,1,0,-1
103,All,Expe3,13,6,2,4,5,2,0,-2
103,All,Expe3,13,6,2,4,6,0,3,3
103,All,Expe3,13,6,2,4,7,3,1,-2
103,All,Expe3,13,6,2,4,8,1,4,3
103,All,Expe3,13,6,2,4,9,4,2,-2
103,All,Expe3,13,6,2,4,10,2,5,3
103,All,Expe3,13,6,2,4,11,3,5,2
103,All,Expe3,13,6,2,4,13,5,4,-1
103,All,Expe3,13,6,2,6,2,0,1,1
103,All,Expe3,13,6,2,6,3,1,1,0
103,All,Expe3,13,6,2,6,5,1,2,1
103,All,Expe3,14,4,3,1,2,0,1,1
103,All,Expe3,14,4,3,1,6,1,1,0
103,All,Expe3,14,4,3,3,2,1,0,-1
103,All,Expe3,14,4,3,4,2,0,1,1
103,All,Expe3,15,3,3,2,2,0,1,1
103,All,Expe3,15,3,3,2,9,1,1,0
103,All,Expe3,16,2,4,2,2,0,1,1
103,All,Expe3,17,2,5,1,4,0,0,0
103,All,Expe3,17,2,5,2,2,0,1,1
103,All,Expe3,18,3,4,2,2,0,1,1
103,All,Expe3,18,3,4,3,2,0,1,1
103,All,Expe3,19,6,3,1,9,0,1,1
103,All,Expe3,19,6,3,2,3,0,1,1
103,All,Expe3,19,6,3,2,6,1,1,0
103,All,Expe3,19,6,3,4,3,0,0,0
103,All,Expe3,19,6,3,4,4,1,0,-1
103,All,Expe3,19,6,3,4,5,2,0,-2
103,All,Expe3,19,6,3,4,9,3,0,-3
103,All,Expe3,19,6,3,5,2,0,1,1
103,All,Expe3,19,6,3,5,5,1,1,0
103,All,Expe3,19,6,3,5,6,2,1,-1
103,All,Expe3,19,6,3,5,10,3,1,-2
103,All,Expe3,19,6,3,6,2,0,1,1
103,All,Expe3,20,5,3,1,2,0,1,1
103,All,Expe3,20,5,3,1,4,1,1,0
103,All,Expe3,20,5,3,1,5,2,1,-1
103,All,Expe3,20,5,3,1,6,3,1,-2
103,All,Expe3,20,5,3,1,7,1,4,3
103,All,Expe3,20,5,3,1,8,2,4,2
103,All,Expe3,20,5,3,1,9,3,4,1
103,All,Expe3,20,5,3,1,10,4,4,0
103,All,Expe3,20,5,3,1,11,4,5,1
103,All,Expe3,20,5,3,1,13,5,5,0
103,All,Expe3,20,5,3,2,2,0,0,0
103,All,Expe3,20,5,3,2,3,0,1,1
103,All,Expe3,20,5,3,2,4,1,1,0
103,All,Expe3,20,5,3,2,5,1,2,1
103,All,Expe3,20,5,3,2,6,2,2,0
103,All,Expe3,20,5,3,2,7,2,3,1
103,All,Expe3,20,5,3,2,8,3,3,0
103,All,Expe3,20,5,3,2,9,4,3,-1
103,All,Expe3,20,5,3,2,10,5,3,-2
103,All,Expe3,20,5,3,2,13,6,3,-3
103,All,Expe3,20,5,3,3,2,0,1,1
103,All,Expe3,20,5,3,4,5,1,0,-1
103,All,Expe3,20,5,3,4,6,0,2,2
103,All,Expe3,20,5,3,5,2,0,1,1
103,All,Expe3,20,5,3,5,4,1,1,0
103,All,Expe3,22,2,6,2,2,0,1,1
104,All,Expe3,1,3,1,1,2,0,1,1
104,All,Expe3,1,3,1,3,2,0,1,1
104,All,Expe3,2,1,1,1,2,0,1,1
104,All,Expe3,3,2,1,2,2,0,1,1
104,All,Expe3,4,4,1,3,4,0,1,1
104,All,Expe3,4,4,1,4,9,0,1,1
104,All,Expe3,5,6,1,1,3,0,1,1
104,All,Expe3,5,6,1,1,8,1,1,0
104,All,Expe3,5,6,1,4,2,0,1,1
104,All,Expe3,5,6,1,4,4,1,1,0
104,All,Expe3,5,6,1,4,5,2,1,-1
104,All,Expe3,5,6,1,5,3,0,1,1
104,All,Expe3,7,2,3,1,6,0,1,1
104,All,Expe3,7,2,3,2,2,0,1,1
104,All,Expe3,8,3,2,2,2,0,1,1
104,All,Expe3,9,5,1,2,7,0,0,0
104,All,Expe3,9,5,1,3,2,0,1,1
104,All,Expe3,9,5,1,3,4,1,1,0
104,All,Expe3,9,5,1,3,6,2,1,-1
104,All,Expe3,9,5,1,4,2,0,1,1
104,All,Expe3,12,5,2,1,2,0,1,1
104,All,Expe3,12,5,2,1,3,1,1,0
104,All,Expe3,12,5,2,3,9,0,1,1
104,All,Expe3,12,5,2,3,12,1,1,0
104,All,Expe3,12,5,2,4,3,0,1,1
104,All,Expe3,12,5,2,5,2,0,1,1
104,All,Expe3,13,6,2,1,4,0,1,1
104,All,Expe3,13,6,2,1,6,1,1,0
104,All,Expe3,13,6,2,1,7,2,1,-1
104,All,Expe3,13,6,2,1,8,3,1,-2
104,All,Expe3,13,6,2,5,2,0,1,1
104,All,Expe3,13,6,2,5,3,1,1,0
104,All,Expe3,13,6,2,6,2,0,1,1
104,All,Expe3,13,6,2,6,4,1,1,0
104,All,Expe3,13,6,2,6,6,2,1,-1
104,All,Expe3,14,3,3,3,2,0,1,1
104,All,Expe3,15,2,4,2,2,0,1,1
104,All,Expe3,16,4,3,1,3,0,0,0
104,All,Expe3,16,4,3,1,4,1,0,-1
104,All,Expe3,16,4,3,2,2,0,1,1
104,All,Expe3,16,4,3,2,3,1,1,0
104,All,Expe3,16,4,3,3,2,0,0,0
104,All,Expe3,17,6,3,5,2,0,1,1
104,All,Expe3,17,6,3,6,9,0,1,1
104,All,Expe3,19,2,6,1,6,0,0,0
104,All,Expe3,19,2,6,2,2,0,1,1
104,All,Expe3,19,2,6,2,9,1,1,0
104,All,Expe3,20,3,4,1,4,0,0,0
104,All,Expe3,20,3,4,2,2,0,1,1
104,All,Expe3,20,3,4,3,2,0,1,1
104,All,Expe3,22,5,3,4,7,0,0,0
104,All,Expe3,22,5,3,5,2,0,1,1
105,All,Expe3,1,2,1,2,2,0,1,1
105,All,Expe3,1,2,1,2,6,1,1,0
105,All,Expe3,3,6,1,1,2,0,1,1
105,All,Expe3,3,6,1,1,3,1,1,0
105,All,Expe3,3,6,1,1,4,2,1,-1
105,All,Expe3,3,6,1,1,7,3,1,-2
105,All,Expe3,3,6,1,1,10,4,1,-3
105,All,Expe3,3,6,1,1,11,5,1,-4
105,All,Expe3,3,6,1,1,12,1,6,5
105,All,Expe3,3,6,1,1,13,6,2,-4
105,All,Expe3,3,6,1,1,14,2,7,5
105,All,Expe3,3,6,1,1,15,7,3,-4
105,All,Expe3,3,6,1,2,2,1,0,-1
105,All,Expe3,3,6,1,2,4,0,2,2
105,All,Expe3,3,6,1,2,7,1,2,1
105,All,Expe3,3,6,1,2,8,2,2,0
105,All,Expe3,3,6,1,2,10,3,2,-1
105,All,Expe3,3,6,1,2,13,4,2,-2
105,All,Expe3,3,6,1,2,15,5,2,-3
105,All,Expe3,3,6,1,3,3,1,0,-1
105,All,Expe3,3,6,1,3,5,2,0,-2
105,All,Expe3,3,6,1,3,6,0,3,3
105,All,Expe3,3,6,1,3,7,3,1,-2
105,All,Expe3,3,6,1,3,8,4,1,-3
105,All,Expe3,3,6,1,3,11,5,1,-4
105,All,Expe3,3,6,1,3,13,6,1,-5
105,All,Expe3,3,6,1,3,14,1,7,6
105,All,Expe3,3,6,1,3,15,2,7,5
105,All,Expe3,3,6,1,4,3,0,1,1
105,All,Expe3,3,6,1,4,4,1,1,0
105,All,Expe3,3,6,1,4,5,2,1,-1
105,All,Expe3,3,6,1,4,6,3,1,-2
105,All,Expe3,3,6,1,4,11,1,4,3
105,All,Expe3,3,6,1,4,12,4,2,-2
105,All,Expe3,3,6,1,4,13,2,5,3
105,All,Expe3,3,6,1,4,14,5,3,-2
105,All,Expe3,3,6,1,5,3,0,1,1
105,All,Expe3,3,6,1,5,4,1,1,0
105,All,Expe3,3,6,1,5,5,2,1,-1
105,All,Expe3,3,6,1,5,8,1,3,2
105,All,Expe3,3,6,1,5,9,2,3,1
105,All,Expe3,3,6,1,5,10,3,3,0
105,All,Expe3,3,6,1,5,13,3,4,1
105,All,Expe3,3,6,1,5,14,4,4,0
105,All,Expe3,3,6,1,5,15,4,5,1
105,All,Expe3,3,6,1,6,2,0,1,1
105,All,Expe3,3,6,1,6,3,1,1,0
105,All,Expe3,3,6,1,6,7,1,2,1
105,All,Expe3,3,6,1,6,8,2,2,0
105,All,Expe3,3,6,1,6,9,3,2,-1
105,All,Expe3,3,6,1,6,10,4,2,-2
105,All,Expe3,3,6,1,6,11,2,5,3
105,All,Expe3,3,6,1,6,12,5,3,-2
105,All,Expe3,3,6,1,6,13,6,3,-3
105,All,Expe3,3,6,1,6,15,3,7,4
105,All,Expe3,4,3,1,1,2,0,1,1
105,All,Expe3,4,3,1,2,2,0,0,0
105,All,Expe3,4,3,1,3,2,0,1,1
105,All,Expe3,4,3,1,3,7,1,1,0
105,All,Expe3,4,3,1,3,15,1,2,1
105,All,Expe3,5,2,2,1,2,0,1,1
105,All,Expe3,5,2,2,1,3,1,1,0
105,All,Expe3,5,2,2,1,4,1,2,1
105,All,Expe3,5,2,2,2,2,0,1,1
105,All,Expe3,6,4,1,1,2,0,1,1
105,All,Expe3,6,4,1,1,3,1,1,0
105,All,Expe3,6,4,1,3,6,0,0,0
105,All,Expe3,7,5,1,1,2,0,1,1
105,All,Expe3,7,5,1,2,2,0,1,1
105,All,Expe3,7,5,1,2,3,1,1,0
105,All,Expe3,7,5,1,5,2,0,1,1
105,All,Expe3,7,5,1,5,3,1,1,0
105,All,Expe3,7,5,1,5,7,1,2,1
105,All,Expe3,8,2,3,1,2,0,1,1
105,All,Expe3,8,2,3,2,4,0,1,1
105,All,Expe3,10,4,2,1,2,0,1,1
105,All,Expe3,10,4,2,1,3,1,1,0
105,All,Expe3,10,4,2,1,6,2,1,-1
105,All,Expe3,10,4,2,1,11,3,1,-2
105,All,Expe3,10,4,2,2,2,0,1,1
105,All,Expe3,12,6,2,1,2,1,0,-1
105,All,Expe3,12,6,2,1,3,2,0,-2
105,All,Expe3,12,6,2,2,2,0,1,1
105,All,Expe3,12,6,2,2,3,1,1,0
105,All,Expe3,12,6,2,5,2,0,1,1
105,All,Expe3,12,6,2,6,2,0,1,1
105,All,Expe3,12,6,2,6,3,1,1,0
105,All,Expe3,12,6,2,6,6,2,1,-1
105,All,Expe3,13,5,2,1,2,0,1,1
105,All,Expe3,13,5,2,1,3,1,1,0
105,All,Expe3,13,5,2,1,4,1,2,1
105,All,Expe3,13,5,2,1,5,2,2,0
105,All,Expe3,13,5,2,1,6,2,3,1
105,All,Expe3,13,5,2,2,2,0,1,1
105,All,Expe3,13,5,2,2,3,1,1,0
105,All,Expe3,13,5,2,2,4,1,2,1
105,All,Expe3,13,5,2,2,5,2,2,0
105,All,Expe3,13,5,2,2,6,2,3,1
105,All,Expe3,13,5,2,2,7,3,3,0
105,All,Expe3,13,5,2,2,8,4,3,-1
105,All,Expe3,13,5,2,3,3,0,1,1
105,All,Expe3,13,5,2,3,4,1,1,0
105,All,Expe3,13,5,2,3,5,1,2,1
105,All,Expe3,13,5,2,3,7,2,2,0
105,All,Expe3,13,5,2,4,2,0,1,1
105,All,Expe3,13,5,2,5,2,1,0,-1
105,All,Expe3,13,5,2,5,3,2,0,-2
105,All,Expe3,13,5,2,5,4,0,3,3
105,All,Expe3,13,5,2,5,5,1,3,2
105,All,Expe3,13,5,2,5,6,3,2,-1
105,All,Expe3,13,5,2,5,7,4,2,-2
105,All,Expe3,13,5,2,5,8,2,5,3
105,All,Expe3,13,5,2,5,10,5,3,-2
105,All,Expe3,13,5,2,5,11,3,6,3
105,All,Expe3,15,6,3,1,2,1,0,-1
105,All,Expe3,15,6,3,2,2,0,1,1
105,All,Expe3,15,6,3,2,3,1,1,0
105,All,Expe3,15,6,3,3,2,1,0,-1
105,All,Expe3,15,6,3,4,2,1,0,-1
105,All,Expe3,15,6,3,4,3,2,0,-2
105,All,Expe3,15,6,3,4,4,0,3,3
105,All,Expe3,15,6,3,4,5,3,1,-2
105,All,Expe3,15,6,3,6,2,0,1,1
105,All,Expe3,15,6,3,6,6,1,1,0
105,All,Expe3,16,3,3,1,2,0,1,1
105,All,Expe3,16,3,3,2,2,0,1,1
105,All,Expe3,16,3,3,3,2,1,0,-1
105,All,Expe3,17,2,5,2,2,0,1,1
105,All,Expe3,18,4,3,1,2,0,1,1
105,All,Expe3,18,4,3,4,2,0,1,1
105,All,Expe3,19,5,3,1,2,0,1,1
105,All,Expe3,19,5,3,2,2,0,1,1
105,All,Expe3,19,5,3,3,2,1,0,-1
105,All,Expe3,19,5,3,4,2,0,1,1
105,All,Expe3,19,5,3,4,3,1,1,0
105,All,Expe3,19,5,3,4,7,1,2,1
105,All,Expe3,20,2,6,1,2,0,1,1
106,All,Expe3,1,6,1,2,2,1,0,-1
106,All,Expe3,1,6,1,2,3,0,2,2
106,All,Expe3,1,6,1,2,4,1,2,1
106,All,Expe3,1,6,1,3,2,0,0,0
106,All,Expe3,1,6,1,3,3,0,1,1
106,All,Expe3,1,6,1,3,6,1,1,0
106,All,Expe3,1,6,1,3,7,2,1,-1
106,All,Expe3,1,6,1,6,2,0,0,0
106,All,Expe3,1,6,1,6,3,1,0,-1
106,All,Expe3,1,6,1,6,4,0,2,2
106,All,Expe3,1,6,1,6,5,1,2,1
106,All,Expe3,1,6,1,6,6,2,2,0
106,All,Expe3,1,6,1,6,7,3,2,-1
106,All,Expe3,1,6,1,6,8,4,2,-2
106,All,Expe3,1,6,1,6,9,5,2,-3
106,All,Expe3,1,6,1,6,10,2,6,4
106,All,Expe3,4,2,2,1,2,0,1,1
106,All,Expe3,4,2,2,2,2,0,1,1
106,All,Expe3,5,5,1,1,2,0,1,1
106,All,Expe3,5,5,1,2,2,0,1,1
106,All,Expe3,5,5,1,2,5,1,1,0
106,All,Expe3,5,5,1,2,6,2,1,-1
106,All,Expe3,5,5,1,5,3,0,1,1
106,All,Expe3,5,5,1,5,4,1,1,0
106,All,Expe3,6,3,1,3,5,1,0,-1
106,All,Expe3,7,3,2,1,2,0,1,1
106,All,Expe3,7,3,2,2,2,0,1,1
106,All,Expe3,8,4,1,1,2,0,1,1
106,All,Expe3,10,6,2,1,2,1,0,-1
106,All,Expe3,10,6,2,2,2,1,0,-1
106,All,Expe3,10,6,2,2,8,2,0,-2
106,All,Expe3,10,6,2,3,4,1,0,-1
106,All,Expe3,10,6,2,6,2,0,1,1
106,All,Expe3,10,6,2,6,3,1,1,0
106,All,Expe3,10,6,2,6,4,2,1,-1
106,All,Expe3,10,6,2,6,5,3,1,-2
106,All,Expe3,11,1,2,1,2,0,1,1
106,All,Expe3,12,4,2,3,2,0,1,1
106,All,Expe3,12,4,2,3,5,1,1,0
106,All,Expe3,13,5,2,1,2,0,1,1
106,All,Expe3,13,5,2,2,2,0,1,1
106,All,Expe3,13,5,2,2,3,1,1,0
106,All,Expe3,13,5,2,3,6,0,0,0
106,All,Expe3,13,5,2,4,2,1,0,-1
106,All,Expe3,13,5,2,4,4,2,0,-2
106,All,Expe3,13,5,2,5,2,0,1,1
106,All,Expe3,13,5,2,5,4,1,1,0
106,All,Expe3,14,6,3,1,3,1,0,-1
106,All,Expe3,14,6,3,1,4,0,2,2
106,All,Expe3,14,6,3,3,3,0,0,0
106,All,Expe3,14,6,3,6,3,0,1,1
106,All,Expe3,15,2,4,1,2,0,1,1
106,All,Expe3,17,5,3,1,2,0,1,1
106,All,Expe3,17,5,3,1,3,1,1,0
106,All,Expe3,18,3,3,1,2,0,1,1
106,All,Expe3,20,4,3,1,2,0,1,1
106,All,Expe3,20,4,3,1,3,1,1,0
106,All,Expe3,20,4,3,1,4,1,2,1
106,All,Expe3,20,4,3,1,5,2,2,0
106,All,Expe3,20,4,3,2,2,0,1,1
106,All,Expe3,20,4,3,3,3,0,1,1
106,All,Expe3,20,4,3,4,2,0,1,1
107,All,Expe3,1,2,1,2,9,0,1,1
107,All,Expe3,3,5,1,3,2,0,1,1
107,All,Expe3,3,5,1,3,9,1,1,0
107,All,Expe3,4,6,1,1,2,1,0,-1
107,All,Expe3,4,6,1,1,3,2,0,-2
107,All,Expe3,4,6,1,1,4,3,0,-3
107,All,Expe3,4,6,1,1,5,0,4,4
107,All,Expe3,4,6,1,1,6,1,4,3
107,All,Expe3,4,6,1,1,7,2,4,2
107,All,Expe3,4,6,1,1,8,4,3,-1
107,All,Expe3,4,6,1,1,9,3,5,2
107,All,Expe3,4,6,1,1,10,5,4,-1
107,All,Expe3,4,6,1,3,3,0,0,0
107,All,Expe3,4,6,1,3,4,0,1,1
107,All,Expe3,4,6,1,4,2,0,0,0
107,All,Expe3,4,6,1,4,3,0,1,1
107,All,Expe3,4,6,1,4,7,1,1,0
107,All,Expe3,4,6,1,5,2,1,0,-1
107,All,Expe3,4,6,1,5,3,2,0,-2
107,All,Expe3,4,6,1,5,4,0,3,3
107,All,Expe3,4,6,1,5,5,1,3,2
107,All,Expe3,4,6,1,6,2,1,0,-1
107,All,Expe3,4,6,1,6,3,2,0,-2
107,All,Expe3,4,6,1,6,4,3,0,-3
107,All,Expe3,4,6,1,6,5,4,0,-4
107,All,Expe3,4,6,1,6,6,0,5,5
107,All,Expe3,4,6,1,6,7,5,1,-4
107,All,Expe3,4,6,1,6,8,1,6,5
107,All,Expe3,4,6,1,6,9,6,2,-4
107,All,Expe3,4,6,1,6,11,7,2,-5
107,All,Expe3,4,6,1,6,12,8,2,-6
107,All,Expe3,5,3,1,1,2,1,0,-1
107,All,Expe3,5,3,1,2,2,1,0,-1
107,All,Expe3,5,3,1,2,3,0,2,2
107,All,Expe3,6,2,2,1,2,0,1,1
107,All,Expe3,6,2,2,2,2,0,1,1
107,All,Expe3,7,2,3,1,2,0,1,1
107,All,Expe3,8,3,2,1,2,0,1,1
107,All,Expe3,8,3,2,2,4,0,0,0
107,All,Expe3,9,4,1,2,2,0,1,1
107,All,Expe3,9,4,1,4,12,0,1,1
107,All,Expe3,10,5,2,1,2,0,1,1
107,All,Expe3,10,5,2,2,2,1,0,-1
107,All,Expe3,10,5,2,3,6,0,1,1
107,All,Expe3,11,1,2,1,2,0,1,1
107,All,Expe3,12,4,2,1,2,0,1,1
107,All,Expe3,12,4,2,4,2,1,0,-1
107,All,Expe3,13,6,2,2,2,0,1,1
107,All,Expe3,13,6,2,2,4,1,1,0
107,All,Expe3,13,6,2,3,2,0,1,1
107,All,Expe3,13,6,2,3,3,1,1,0
107,All,Expe3,13,6,2,3,5,2,1,-1
107,All,Expe3,13,6,2,3,7,1,3,2
107,All,Expe3,13,6,2,5,2,0,1,1
107,All,Expe3,13,6,2,5,3,1,1,0
107,All,Expe3,13,6,2,5,4,1,2,1
107,All,Expe3,13,6,2,5,5,2,2,0
107,All,Expe3,14,2,4,1,2,0,1,1
107,All,Expe3,15,5,3,1,2,0,1,1
107,All,Expe3,15,5,3,1,3,1,1,0
107,All,Expe3,15,5,3,1,6,2,1,-1
107,All,Expe3,15,5,3,1,8,1,3,2
107,All,Expe3,15,5,3,3,3,1,0,-1
107,All,Expe3,15,5,3,3,4,0,2,2
107,All,Expe3,15,5,3,3,5,2,1,-1
107,All,Expe3,15,5,3,4,2,0,0,0
107,All,Expe3,16,6,3,1,2,1,0,-1
107,All,Expe3,16,6,3,1,3,0,2,2
107,All,Expe3,16,6,3,1,4,1,2,1
107,All,Expe3,16,6,3,1,5,2,2,0
107,All,Expe3,16,6,3,1,6,2,3,1
107,All,Expe3,16,6,3,1,7,3,3,0
107,All,Expe3,16,6,3,1,8,3,4,1
107,All,Expe3,16,6,3,3,3,0,0,0
107,All,Expe3,16,6,3,3,4,0,1,1
107,All,Expe3,16,6,3,4,2,0,0,0
107,All,Expe3,16,6,3,4,3,1,0,-1
107,All,Expe3,16,6,3,6,2,0,1,1
107,All,Expe3,16,6,3,6,5,1,1,0
107,All,Expe3,16,6,3,6,6,2,1,-1
107,All,Expe3,22,4,3,1,5,1,0,-1
108,All,Expe3,1,5,1,1,3,0,0,0
108,All,Expe3,1,5,1,1,5,0,1,1
108,All,Expe3,1,5,1,1,6,1,1,0
108,All,Expe3,1,5,1,1,7,2,1,-1
108,All,Expe3,1,5,1,1,9,3,1,-2
108,All,Expe3,1,5,1,1,10,1,4,3
108,All,Expe3,1,5,1,1,11,2,4,2
108,All,Expe3,1,5,1,1,14,3,4,1
108,All,Expe3,1,5,1,1,15,4,4,0
108,All,Expe3,1,5,1,2,4,0,1,1
108,All,Expe3,1,5,1,2,5,1,1,0
108,All,Expe3,1,5,1,2,6,1,2,1
108,All,Expe3,1,5,1,2,7,2,2,0
108,All,Expe3,1,5,1,2,10,2,3,1
108,All,Expe3,1,5,1,3,3,0,0,0
108,All,Expe3,1,5,1,3,9,0,1,1
108,All,Expe3,1,5,1,3,11,1,1,0
108,All,Expe3,1,5,1,3,15,2,1,-1
108,All,Expe3,1,5,1,4,2,0,1,1
108,All,Expe3,1,5,1,4,5,1,1,0
108,All,Expe3,1,5,1,4,7,1,2,1
108,All,Expe3,1,5,1,4,11,2,2,0
108,All,Expe3,1,5,1,4,14,2,3,1
108,All,Expe3,1,5,1,4,15,3,3,0
108,All,Expe3,1,5,1,5,2,0,1,1
108,All,Expe3,1,5,1,5,3,1,1,0
108,All,Expe3,1,5,1,5,4,2,1,-1
108,All,Expe3,1,5,1,5,5,1,3,2
108,All,Expe3,1,5,1,5,6,3,2,-1
108,All,Expe3,1,5,1,5,8,2,4,2
108,All,Expe3,1,5,1,5,13,4,3,-1
108,All,Expe3,1,5,1,5,14,5,3,-2
108,All,Expe3,1,5,1,5,15,3,6,3
108,All,Expe3,3,3,1,1,12,0,0,0
108,All,Expe3,3,3,1,1,15,1,0,-1
108,All,Expe3,3,3,1,3,6,0,0,0
108,All,Expe3,3,3,1,3,15,1,0,-1
108,All,Expe3,4,2,1,1,2,0,1,1
108,All,Expe3,4,2,1,2,9,1,0,-1
108,All,Expe3,5,2,2,2,2,0,1,1
108,All,Expe3,6,6,1,2,4,1,0,-1
108,All,Expe3,6,6,1,2,8,0,2,2
108,All,Expe3,6,6,1,2,9,2,1,-1
108,All,Expe3,6,6,1,2,10,3,1,-2
108,All,Expe3,6,6,1,4,2,0,1,1
108,All,Expe3,6,6,1,4,3,1,1,0
108,All,Expe3,6,6,1,4,4,1,2,1
108,All,Expe3,6,6,1,4,5,2,2,0
108,All,Expe3,6,6,1,4,9,3,2,-1
108,All,Expe3,6,6,1,4,10,4,2,-2
108,All,Expe3,6,6,1,4,12,2,5,3
108,All,Expe3,6,6,1,4,14,3,5,2
108,All,Expe3,6,6,1,5,7,0,0,0
108,All,Expe3,6,6,1,5,8,1,0,-1
108,All,Expe3,6,6,1,5,12,2,0,-2
108,All,Expe3,6,6,1,6,4,1,0,-1
108,All,Expe3,6,6,1,6,6,0,2,2
108,All,Expe3,7,4,1,1,2,0,1,1
108,All,Expe3,7,4,1,1,12,1,1,0
108,All,Expe3,7,4,1,2,2,0,1,1
108,All,Expe3,7,4,1,2,3,1,1,0
108,All,Expe3,7,4,1,2,4,2,1,-1
108,All,Expe3,7,4,1,3,3,0,0,0
108,All,Expe3,7,4,1,3,4,0,1,1
108,All,Expe3,7,4,1,3,5,1,1,0
108,All,Expe3,7,4,1,3,6,2,1,-1
108,All,Expe3,7,4,1,3,7,1,3,2
108,All,Expe3,7,4,1,3,8,2,3,1
108,All,Expe3,7,4,1,3,14,3,3,0
108,All,Expe3,7,4,1,4,3,1,0,-1
108,All,Expe3,7,4,1,4,7,0,2,2
108,All,Expe3,7,4,1,4,9,1,2,1
108,All,Expe3,7,4,1,4,10,2,2,0
108,All,Expe3,7,4,1,4,11,3,2,-1
108,All,Expe3,7,4,1,4,13,4,2,-2
108,All,Expe3,7,4,1,4,14,5,2,-3
108,All,Expe3,9,3,2,1,5,0,0,0
108,All,Expe3,10,5,2,2,2,1,0,-1
108,All,Expe3,10,5,2,2,4,2,0,-2
108,All,Expe3,10,5,2,3,3,1,0,-1
108,All,Expe3,10,5,2,3,5,0,2,2
108,All,Expe3,10,5,2,3,6,1,2,1
108,All,Expe3,10,5,2,4,2,1,0,-1
108,All,Expe3,10,5,2,4,4,0,2,2
108,All,Expe3,10,5,2,5,2,0,1,1
108,All,Expe3,10,5,2,5,10,1,1,0
108,All,Expe3,11,1,2,1,2,0,1,1
108,All,Expe3,12,4,2,1,4,0,0,0
108,All,Expe3,12,4,2,4,2,0,1,1
108,All,Expe3,13,6,2,1,5,0,0,0
108,All,Expe3,13,6,2,1,7,0,1,1
108,All,Expe3,13,6,2,1,8,1,1,0
108,All,Expe3,13,6,2,1,9,1,2,1
108,All,Expe3,13,6,2,1,11,2,2,0
108,All,Expe3,13,6,2,3,2,1,0,-1
108,All,Expe3,13,6,2,3,5,0,2,2
108,All,Expe3,13,6,2,3,12,1,2,1
108,All,Expe3,13,6,2,4,2,1,0,-1
108,All,Expe3,13,6,2,4,3,0,2,2
108,All,Expe3,13,6,2,4,4,2,1,-1
108,All,Expe3,13,6,2,4,5,1,3,2
108,All,Expe3,13,6,2,4,6,3,2,-1
108,All,Expe3,13,6,2,4,7,4,2,-2
108,All,Expe3,13,6,2,4,8,5,2,-3
108,All,Expe3,13,6,2,4,9,6,2,-4
108,All,Expe3,13,6,2,4,10,2,7,5
108,All,Expe3,13,6,2,4,12,7,3,-4
108,All,Expe3,13,6,2,4,14,8,3,-5
108,All,Expe3,13,6,2,5,2,0,1,1
108,All,Expe3,13,6,2,5,3,1,1,0
108,All,Expe3,13,6,2,5,4,2,1,-1
108,All,Expe3,13,6,2,5,5,3,1,-2
108,All,Expe3,13,6,2,5,6,1,4,3
108,All,Expe3,13,6,2,5,7,4,2,-2
108,All,Expe3,13,6,2,5,14,2,5,3
108,All,Expe3,13,6,2,6,2,0,1,1
108,All,Expe3,13,6,2,6,7,1,1,0
108,All,Expe3,14,5,3,1,2,0,0,0
108,All,Expe3,14,5,3,1,5,0,1,1
108,All,Expe3,14,5,3,1,6,1,1,0
108,All,Expe3,14,5,3,1,7,1,2,1
108,All,Expe3,14,5,3,1,8,2,2,0
108,All,Expe3,14,5,3,1,9,2,3,1
108,All,Expe3,14,5,3,2,7,0,1,1
108,All,Expe3,14,5,3,3,2,1,0,-1
108,All,Expe3,14,5,3,3,3,0,2,2
108,All,Expe3,14,5,3,3,4,2,1,-1
108,All,Expe3,14,5,3,3,5,1,3,2
108,All,Expe3,14,5,3,3,6,3,2,-1
108,All,Expe3,14,5,3,3,7,4,2,-2
108,All,Expe3,14,5,3,5,2,0,1,1
108,All,Expe3,14,5,3,5,3,1,1,0
108,All,Expe3,14,5,3,5,12,1,2,1
108,All,Expe3,15,3,3,2,2,0,1,1
108,All,Expe3,17,2,5,1,3,1,0,-1
108,All,Expe3,17,2,5,1,9,2,0,-2
108,All,Expe3,17,2,5,2,2,0,0,0
108,All,Expe3,18,6,3,1,3,1,0,-1
108,All,Expe3,18,6,3,1,5,2,0,-2
108,All,Expe3,18,6,3,1,6,3,0,-3
108,All,Expe3,18,6,3,3,3,1,0,-1
108,All,Expe3,18,6,3,3,4,2,0,-2
108,All,Expe3,18,6,3,3,6,0,3,3
108,All,Expe3,18,6,3,4,2,0,1,1
108,All,Expe3,18,6,3,4,3,1,1,0
108,All,Expe3,18,6,3,4,4,1,2,1
108,All,Expe3,18,6,3,4,5,2,2,0
108,All,Expe3,18,6,3,5,2,0,1,1
108,All,Expe3,18,6,3,5,4,1,1,0
108,All,Expe3,18,6,3,5,5,2,1,-1
108,All,Expe3,18,6,3,5,6,1,3,2
108,All,Expe3,18,6,3,5,7,2,3,1
108,All,Expe3,18,6,3,5,10,3,3,0
108,All,Expe3,19,4,3,4,2,0,1,1
108,All,Expe3,20,2,6,2,2,0,1,1
108,All,Expe3,20,2,6,2,3,1,1,0
108,All,Expe3,22,3,4,1,2,0,1,1
108,All,Expe3,22,3,4,3,2,0,1,1
109,All,Expe3,1,3,1,3,3,0,0,0
109,All,Expe3,1,3,1,3,4,1,0,-1
109,All,Expe3,3,2,1,1,2,0,1,1
109,All,Expe3,3,2,1,1,4,1,1,0
109,All,Expe3,3,2,1,2,2,1,0,-1
109,All,Expe3,3,2,1,2,6,0,2,2
109,All,Expe3,4,5,1,1,3,0,1,1
109,All,Expe3,4,5,1,1,4,1,1,0
109,All,Expe3,4,5,1,2,5,0,0,0
109,All,Expe3,4,5,1,4,3,0,1,1
109,All,Expe3,4,5,1,4,4,1,1,0
109,All,Expe3,5,4,1,1,6,0,1,1
109,All,Expe3,5,4,1,2,2,0,1,1
109,All,Expe3,5,4,1,4,2,0,1,1
109,All,Expe3,6,2,2,1,3,0,0,0
109,All,Expe3,6,2,2,2,2,0,1,1
109,All,Expe3,7,3,2,2,4,0,1,1
109,All,Expe3,7,3,2,2,7,1,1,0
109,All,Expe3,7,3,2,2,9,2,1,-1
109,All,Expe3,7,3,2,3,2,0,1,1
109,All,Expe3,7,3,2,3,3,1,1,0
109,All,Expe3,7,3,2,3,4,1,2,1
109,All,Expe3,8,6,1,1,4,0,0,0
109,All,Expe3,8,6,1,1,9,1,0,-1
109,All,Expe3,8,6,1,1,11,0,2,2
109,All,Expe3,8,6,1,2,2,0,1,1
109,All,Expe3,8,6,1,2,3,1,1,0
109,All,Expe3,8,6,1,2,4,2,1,-1
109,All,Expe3,8,6,1,2,5,3,1,-2
109,All,Expe3,8,6,1,2,6,4,1,-3
109,All,Expe3,8,6,1,2,7,5,1,-4
109,All,Expe3,8,6,1,2,8,6,1,-5
109,All,Expe3,8,6,1,2,12,7,1,-6
109,All,Expe3,8,6,1,3,3,0,1,1
109,All,Expe3,8,6,1,3,4,1,1,0
109,All,Expe3,8,6,1,3,5,2,1,-1
109,All,Expe3,8,6,1,3,7,1,3,2
109,All,Expe3,8,6,1,4,3,0,1,1
109,All,Expe3,8,6,1,4,4,1,1,0
109,All,Expe3,8,6,1,4,5,2,1,-1
109,All,Expe3,8,6,1,4,9,3,1,-2
109,All,Expe3,8,6,1,4,11,4,1,-3
109,All,Expe3,8,6,1,4,13,5,1,-4
109,All,Expe3,8,6,1,5,2,0,1,1
109,All,Expe3,8,6,1,5,3,1,1,0
109,All,Expe3,8,6,1,5,4,2,1,-1
109,All,Expe3,8,6,1,5,5,1,3,2
109,All,Expe3,8,6,1,6,2,0,0,0
109,All,Expe3,9,2,3,2,2,0,1,1
109,All,Expe3,10,4,2,1,3,0,0,0
109,All,Expe3,10,4,2,2,7,0,1,1
109,All,Expe3,10,4,2,3,2,1,0,-1
109,All,Expe3,10,4,2,3,3,0,2,2
109,All,Expe3,10,4,2,4,2,0,1,1
109,All,Expe3,10,4,2,4,6,1,1,0
109,All,Expe3,11,1,2,1,2,0,1,1
109,All,Expe3,12,5,2,1,7,1,0,-1
109,All,Expe3,12,5,2,4,2,0,1,1
109,All,Expe3,12,5,2,4,3,1,1,0
109,All,Expe3,12,5,2,5,6,1,0,-1
109,All,Expe3,12,5,2,5,9,0,2,2
109,All,Expe3,13,6,2,1,2,0,0,0
109,All,Expe3,13,6,2,1,3,0,1,1
109,All,Expe3,13,6,2,1,6,1,1,0
109,All,Expe3,13,6,2,1,8,2,1,-1
109,All,Expe3,13,6,2,2,2,1,0,-1
109,All,Expe3,13,6,2,2,3,2,0,-2
109,All,Expe3,13,6,2,2,4,3,0,-3
109,All,Expe3,13,6,2,2,5,4,0,-4
109,All,Expe3,13,6,2,2,6,0,5,5
109,All,Expe3,13,6,2,2,7,1,5,4
109,All,Expe3,13,6,2,4,2,0,1,1
109,All,Expe3,13,6,2,4,4,1,1,0
109,All,Expe3,13,6,2,4,6,2,1,-1
109,All,Expe3,13,6,2,5,2,0,1,1
109,All,Expe3,13,6,2,5,5,1,1,0
109,All,Expe3,13,6,2,5,6,2,1,-1
109,All,Expe3,13,6,2,5,7,3,1,-2
109,All,Expe3,13,6,2,5,9,4,1,-3
109,All,Expe3,14,3,3,1,2,1,0,-1
109,All,Expe3,14,3,3,1,7,0,2,2
109,All,Expe3,14,3,3,2,9,0,0,0
109,All,Expe3,14,3,3,3,2,0,1,1
109,All,Expe3,14,3,3,3,3,1,1,0
109,All,Expe3,14,3,3,3,4,1,2,1
109,All,Expe3,15,2,4,1,2,1,0,-1
109,All,Expe3,17,4,3,1,6,0,1,1
109,All,Expe3,17,4,3,1,8,1,1,0
109,All,Expe3,17,4,3,2,2,0,1,1
109,All,Expe3,17,4,3,2,3,1,1,0
109,All,Expe3,17,4,3,4,2,1,0,-1
109,All,Expe3,17,4,3,4,3,0,2,2
109,All,Expe3,19,3,4,3,3,0,0,0
109,All,Expe3,19,3,4,3,6,1,0,-1
109,All,Expe3,19,3,4,3,7,2,0,-2
109,All,Expe3,20,6,3,1,3,1,0,-1
109,All,Expe3,20,6,3,3,2,0,1,1
109,All,Expe3,20,6,3,4,2,0,1,1
109,All,Expe3,20,6,3,4,9,1,1,0
109,All,Expe3,20,6,3,5,7,0,0,0
109,All,Expe3,22,2,6,1,8,0,1,1
110,All,Expe3,1,6,1,1,2,0,0,0
110,All,Expe3,1,6,1,1,3,0,1,1
110,All,Expe3,1,6,1,1,5,1,1,0
110,All,Expe3,1,6,1,1,6,2,1,-1
110,All,Expe3,1,6,1,1,7,1,3,2
110,All,Expe3,1,6,1,1,9,2,3,1
110,All,Expe3,1,6,1,1,10,3,3,0
110,All,Expe3,1,6,1,1,14,4,3,-1
110,All,Expe3,1,6,1,1,15,3,5,2
110,All,Expe3,1,6,1,2,3,0,0,0
110,All,Expe3,1,6,1,2,4,1,0,-1
110,All,Expe3,1,6,1,2,5,0,2,2
110,All,Expe3,1,6,1,2,10,1,2,1
110,All,Expe3,1,6,1,3,3,0,0,0
110,All,Expe3,1,6,1,3,6,0,1,1
110,All,Expe3,1,6,1,3,7,1,1,0
110,All,Expe3,1,6,1,3,8,1,2,1
110,All,Expe3,1,6,1,3,10,2,2,0
110,All,Expe3,1,6,1,4,2,0,0,0
110,All,Expe3,1,6,1,4,3,0,1,1
110,All,Expe3,1,6,1,4,6,1,1,0
110,All,Expe3,1,6,1,4,7,2,1,-1
110,All,Expe3,1,6,1,4,9,1,3,2
110,All,Expe3,1,6,1,4,10,3,2,-1
110,All,Expe3,1,6,1,4,14,2,4,2
110,All,Expe3,1,6,1,4,15,3,4,1
110,All,Expe3,1,6,1,5,3,1,0,-1
110,All,Expe3,1,6,1,5,5,2,0,-2
110,All,Expe3,1,6,1,5,6,3,0,-3
110,All,Expe3,1,6,1,5,7,4,0,-4
110,All,Expe3,1,6,1,5,12,5,0,-5
110,All,Expe3,1,6,1,5,13,6,0,-6
110,All,Expe3,1,6,1,5,15,0,7,7
110,All,Expe3,4,3,1,1,2,0,1,1
110,All,Expe3,4,3,1,1,6,1,1,0
110,All,Expe3,4,3,1,1,14,2,1,-1
110,All,Expe3,4,3,1,2,2,1,0,-1
110,All,Expe3,4,3,1,2,3,0,2,2
110,All,Expe3,5,4,1,1,2,0,1,1
110,All,Expe3,5,4,1,2,2,0,1,1
110,All,Expe3,5,4,1,3,13,0,1,1
110,All,Expe3,6,2,2,1,2,0,1,1
110,All,Expe3,6,2,2,2,2,0,1,1
110,All,Expe3,7,5,1,1,2,0,1,1
110,All,Expe3,7,5,1,2,2,0,1,1
110,All,Expe3,7,5,1,2,6,1,1,0
110,All,Expe3,7,5,1,3,2,0,1,1
110,All,Expe3,7,5,1,3,9,1,1,0
110,All,Expe3,7,5,1,4,3,0,1,1
110,All,Expe3,8,2,3,2,3,1,0,-1
110,All,Expe3,10,6,2,1,2,0,1,1
110,All,Expe3,10,6,2,1,3,1,1,0
110,All,Expe3,10,6,2,2,4,0,1,1
110,All,Expe3,10,6,2,2,7,1,1,0
110,All,Expe3,10,6,2,5,4,0,1,1
110,All,Expe3,10,6,2,6,3,1,0,-1
110,All,Expe3,11,1,2,1,2,0,1,1
110,All,Expe3,12,5,2,1,2,0,1,1
110,All,Expe3,12,5,2,2,2,0,1,1
110,All,Expe3,12,5,2,2,7,1,1,0
110,All,Expe3,12,5,2,2,10,2,1,-1
110,All,Expe3,12,5,2,3,3,0,0,0
110,All,Expe3,14,6,3,1,2,0,1,1
110,All,Expe3,14,6,3,1,3,1,1,0
110,All,Expe3,14,6,3,3,2,0,0,0
110,All,Expe3,14,6,3,4,2,0,1,1
110,All,Expe3,14,6,3,4,3,1,1,0
110,All,Expe3,14,6,3,4,4,1,2,1
110,All,Expe3,14,6,3,5,2,0,1,1
110,All,Expe3,14,6,3,6,2,0,1,1
110,All,Expe3,14,6,3,6,3,1,1,0
110,All,Expe3,15,2,4,1,2,0,1,1
110,All,Expe3,15,2,4,1,5,1,1,0
110,All,Expe3,16,3,3,1,2,0,1,1
110,All,Expe3,17,4,3,1,2,0,1,1
110,All,Expe3,19,5,3,1,2,0,1,1
110,All,Expe3,19,5,3,4,2,0,1,1
110,All,Expe3,19,5,3,4,3,1,1,0
110,All,Expe3,19,5,3,5,7,0,0,0
110,All,Expe3,20,2,6,1,2,0,1,1
110,All,Expe3,22,3,4,1,2,0,1,1
111,All,Expe3,1,2,1,2,2,0,0,0
111,All,Expe3,2,1,1,1,2,0,1,1
111,All,Expe3,3,4,1,2,2,1,0,-1
111,All,Expe3,3,4,1,2,3,2,0,-2
111,All,Expe3,3,4,1,2,4,3,0,-3
111,All,Expe3,3,4,1,2,5,0,4,4
111,All,Expe3,3,4,1,2,6,4,1,-3
111,All,Expe3,3,4,1,2,10,5,1,-4
111,All,Expe3,3,4,1,3,5,1,0,-1
111,All,Expe3,3,4,1,4,2,0,1,1
111,All,Expe3,3,4,1,4,3,1,1,0
111,All,Expe3,3,4,1,4,4,1,2,1
111,All,Expe3,3,4,1,4,5,2,2,0
111,All,Expe3,3,4,1,4,6,3,2,-1
111,All,Expe3,3,4,1,4,7,2,4,2
111,All,Expe3,4,6,1,3,2,1,0,-1
111,All,Expe3,4,6,1,5,3,1,0,-1
111,All,Expe3,4,6,1,5,4,2,0,-2
111,All,Expe3,4,6,1,5,5,3,0,-3
111,All,Expe3,4,6,1,5,8,4,0,-4
111,All,Expe3,4,6,1,6,3,1,0,-1
111,All,Expe3,4,6,1,6,5,2,0,-2
111,All,Expe3,4,6,1,6,6,0,3,3
111,All,Expe3,5,5,1,2,2,0,1,1
111,All,Expe3,5,5,1,2,3,1,1,0
111,All,Expe3,5,5,1,2,4,1,2,1
111,All,Expe3,5,5,1,2,5,2,2,0
111,All,Expe3,5,5,1,2,7,2,3,1
111,All,Expe3,5,5,1,2,13,3,3,0
111,All,Expe3,5,5,1,5,2,0,1,1
111,All,Expe3,5,5,1,5,3,1,1,0
111,All,Expe3,5,5,1,5,4,2,1,-1
111,All,Expe3,6,3,1,1,2,1,0,-1
111,All,Expe3,6,3,1,1,3,0,2,2
111,All,Expe3,6,3,1,1,5,2,1,-1
111,All,Expe3,6,3,1,1,8,3,1,-2
111,All,Expe3,6,3,1,3,2,0,1,1
111,All,Expe3,6,3,1,3,3,1,1,0
111,All,Expe3,6,3,1,3,4,2,1,-1
111,All,Expe3,8,2,2,1,2,0,1,1
111,All,Expe3,10,6,2,1,6,0,1,1
111,All,Expe3,10,6,2,2,2,0,0,0
111,All,Expe3,10,6,2,3,2,0,1,1
111,All,Expe3,10,6,2,3,3,1,1,0
111,All,Expe3,10,6,2,3,4,1,2,1
111,All,Expe3,10,6,2,3,10,2,2,0
111,All,Expe3,10,6,2,4,2,1,0,-1
111,All,Expe3,10,6,2,4,3,2,0,-2
111,All,Expe3,10,6,2,4,4,0,3,3
111,All,Expe3,10,6,2,5,2,0,1,1
111,All,Expe3,10,6,2,5,3,1,1,0
111,All,Expe3,10,6,2,5,5,2,1,-1
111,All,Expe3,10,6,2,5,6,3,1,-2
111,All,Expe3,10,6,2,5,7,1,4,3
111,All,Expe3,10,6,2,5,8,2,4,2
111,All,Expe3,12,4,2,1,2,0,0,0
111,All,Expe3,12,4,2,2,3,0,1,1
111,All,Expe3,12,4,2,2,5,1,1,0
111,All,Expe3,12,4,2,3,3,1,0,-1
111,All,Expe3,13,5,2,2,2,0,1,1
111,All,Expe3,13,5,2,2,3,1,1,0
111,All,Expe3,13,5,2,2,8,2,1,-1
111,All,Expe3,13,5,2,3,4,1,0,-1
111,All,Expe3,15,4,3,1,2,0,0,0
111,All,Expe3,15,4,3,1,3,1,0,-1
111,All,Expe3,15,4,3,1,4,0,2,2
111,All,Expe3,15,4,3,1,5,1,2,1
111,All,Expe3,15,4,3,2,2,0,1,1
111,All,Expe3,15,4,3,2,3,1,1,0
111,All,Expe3,16,6,3,3,3,0,1,1
111,All,Expe3,16,6,3,3,4,1,1,0
111,All,Expe3,16,6,3,3,5,2,1,-1
111,All,Expe3,16,6,3,3,6,3,1,-2
111,All,Expe3,16,6,3,3,11,4,1,-3
111,All,Expe3,16,6,3,3,12,1,5,4
111,All,Expe3,16,6,3,3,15,5,2,-3
111,All,Expe3,16,6,3,4,3,0,1,1
111,All,Expe3,16,6,3,4,8,1,1,0
111,All,Expe3,16,6,3,4,9,1,2,1
111,All,Expe3,16,6,3,4,10,2,2,0
111,All,Expe3,16,6,3,4,12,3,2,-1
111,All,Expe3,16,6,3,5,2,0,0,0
111,All,Expe3,16,6,3,5,3,1,0,-1
111,All,Expe3,16,6,3,5,4,0,2,2
111,All,Expe3,16,6,3,5,5,2,1,-1
111,All,Expe3,17,5,3,5,2,0,1,1
111,All,Expe3,17,5,3,5,6,1,1,0
111,All,Expe3,18,3,3,1,2,0,1,1
111,All,Expe3,18,3,3,1,5,1,1,0
111,All,Expe3,18,3,3,2,5,0,1,1
111,All,Expe3,18,3,3,3,2,0,1,1
111,All,Expe3,20,2,5,2,2,0,1,1
111,All,Expe3,22,2,6,2,2,0,1,1
112,All,Expe3,1,4,1,1,2,0,1,1
112,All,Expe3,1,4,1,1,4,1,1,0
112,All,Expe3,1,4,1,1,5,2,1,-1
112,All,Expe3,1,4,1,1,6,3,1,-2
112,All,Expe3,1,4,1,3,2,0,0,0
112,All,Expe3,1,4,1,3,4,1,0,-1
112,All,Expe3,1,4,1,4,2,1,0,-1
112,All,Expe3,1,4,1,4,3,0,2,2
112,All,Expe3,3,5,1,1,2,0,1,1
112,All,Expe3,3,5,1,1,5,1,1,0
112,All,Expe3,3,5,1,1,7,2,1,-1
112,All,Expe3,3,5,1,3,3,1,0,-1
112,All,Expe3,3,5,1,3,4,0,2,2
112,All,Expe3,3,5,1,4,2,0,1,1
112,All,Expe3,4,2,1,2,3,0,1,1
112,All,Expe3,4,2,1,2,8,1,1,0
112,All,Expe3,5,3,1,1,2,0,0,0
112,All,Expe3,5,3,1,1,4,0,1,1
112,All,Expe3,5,3,1,2,2,0,0,0
112,All,Expe3,5,3,1,2,6,0,1,1
112,All,Expe3,6,6,1,1,2,1,0,-1
112,All,Expe3,6,6,1,1,3,0,2,2
112,All,Expe3,6,6,1,1,4,2,1,-1
112,All,Expe3,6,6,1,1,5,3,1,-2
112,All,Expe3,6,6,1,1,6,4,1,-3
112,All,Expe3,6,6,1,1,8,5,1,-4
112,All,Expe3,6,6,1,1,13,6,1,-5
112,All,Expe3,6,6,1,2,12,1,0,-1
112,All,Expe3,6,6,1,3,2,0,1,1
112,All,Expe3,6,6,1,3,6,1,1,0
112,All,Expe3,6,6,1,3,9,2,1,-1
112,All,Expe3,6,6,1,3,11,3,1,-2
112,All,Expe3,6,6,1,4,7,0,0,0
112,All,Expe3,6,6,1,4,9,0,1,1
112,All,Expe3,6,6,1,5,2,1,0,-1
112,All,Expe3,6,6,1,5,3,0,2,2
112,All,Expe3,6,6,1,5,5,2,1,-1
112,All,Expe3,7,2,2,1,2,0,1,1
112,All,Expe3,7,2,2,2,2,0,1,1
112,All,Expe3,8,3,2,1,6,0,0,0
112,All,Expe3,9,2,3,1,2,0,1,1
112,All,Expe3,9,2,3,2,2,0,1,1
112,All,Expe3,9,2,3,2,5,1,1,0
112,All,Expe3,10,4,2,1,2,1,0,-1
112,All,Expe3,10,4,2,2,2,0,1,1
112,All,Expe3,10,4,2,2,3,1,1,0
112,All,Expe3,10,4,2,3,2,0,1,1
112,All,Expe3,10,4,2,3,4,1,1,0
112,All,Expe3,10,4,2,3,9,2,1,-1
112,All,Expe3,11,1,2,1,2,0,1,1
112,All,Expe3,12,5,2,1,2,1,0,-1
112,All,Expe3,12,5,2,1,6,0,2,2
112,All,Expe3,12,5,2,1,8,1,2,1
112,All,Expe3,12,5,2,2,2,0,1,1
112,All,Expe3,12,5,2,2,3,1,1,0
112,All,Expe3,12,5,2,5,2,0,0,0
112,All,Expe3,13,6,2,1,2,0,1,1
112,All,Expe3,13,6,2,2,2,0,1,1
112,All,Expe3,13,6,2,2,3,1,1,0
112,All,Expe3,13,6,2,2,6,2,1,-1
112,All,Expe3,13,6,2,5,4,0,0,0
112,All,Expe3,13,6,2,6,4,1,0,-1
112,All,Expe3,13,6,2,6,6,0,2,2
112,All,Expe3,14,4,3,1,8,0,0,0
112,All,Expe3,14,4,3,2,2,1,0,-1
112,All,Expe3,14,4,3,2,3,0,2,2
112,All,Expe3,14,4,3,3,2,0,1,1
112,All,Expe3,15,5,3,1,2,0,1,1
112,All,Expe3,15,5,3,1,6,1,1,0
112,All,Expe3,15,5,3,1,8,2,1,-1
112,All,Expe3,15,5,3,2,2,0,1,1
112,All,Expe3,15,5,3,2,3,1,1,0
112,All,Expe3,15,5,3,3,3,0,0,0
112,All,Expe3,15,5,3,3,4,1,0,-1
112,All,Expe3,15,5,3,3,5,0,2,2
112,All,Expe3,15,5,3,3,6,2,1,-1
112,All,Expe3,15,5,3,3,7,1,3,2
112,All,Expe3,15,5,3,3,8,3,2,-1
112,All,Expe3,15,5,3,4,2,1,0,-1
112,All,Expe3,15,5,3,4,7,0,2,2
112,All,Expe3,15,5,3,4,8,2,1,-1
112,All,Expe3,15,5,3,4,11,1,3,2
112,All,Expe3,15,5,3,5,5,0,1,1
112,All,Expe3,15,5,3,5,7,1,1,0
112,All,Expe3,15,5,3,5,11,2,1,-1
112,All,Expe3,16,2,4,1,2,0,1,1
112,All,Expe3,16,2,4,2,2,0,1,1
112,All,Expe3,17,3,3,1,2,0,0,0
112,All,Expe3,17,3,3,2,2,0,1,1
112,All,Expe3,17,3,3,3,8,0,0,0
112,All,Expe3,18,6,3,1,2,0,1,1
112,All,Expe3,18,6,3,4,3,0,1,1
112,All,Expe3,18,6,3,6,2,1,0,-1
112,All,Expe3,19,2,5,1,3,0,0,0
112,All,Expe3,20,3,4,1,2,0,1,1
112,All,Expe3,20,3,4,2,6,0,0,0
112,All,Expe3,22,2,6,1,9,0,0,0
113,All,Expe3,1,5,1,2,7,0,0,0
113,All,Expe3,1,5,1,3,2,0,0,0
113,All,Expe3,1,5,1,3,3,1,0,-1
113,All,Expe3,1,5,1,3,7,0,2,2
113,All,Expe3,1,5,1,5,3,1,0,-1
113,All,Expe3,3,3,1,3,2,1,0,-1
113,All,Expe3,3,3,1,3,3,0,2,2
113,All,Expe3,4,4,1,3,2,0,1,1
113,All,Expe3,4,4,1,3,3,1,1,0
113,All,Expe3,5,2,1,2,2,0,1,1
113,All,Expe3,7,2,3,2,8,1,0,-1
113,All,Expe3,8,6,1,3,4,0,1,1
113,All,Expe3,8,6,1,3,9,1,1,0
113,All,Expe3,8,6,1,5,2,0,1,1
113,All,Expe3,8,6,1,6,2,0,1,1
113,All,Expe3,10,5,2,1,2,0,1,1
113,All,Expe3,10,5,2,1,6,1,1,0
113,All,Expe3,10,5,2,4,2,0,1,1
113,All,Expe3,10,5,2,4,3,1,1,0
113,All,Expe3,10,5,2,4,5,2,1,-1
113,All,Expe3,10,5,2,4,9,1,3,2
113,All,Expe3,10,5,2,5,2,0,1,1
113,All,Expe3,10,5,2,5,7,1,1,0
113,All,Expe3,12,4,2,1,4,0,0,0
113,All,Expe3,12,4,2,3,2,0,0,0
113,All,Expe3,12,4,2,4,2,0,1,1
113,All,Expe3,13,6,2,2,2,0,1,1
113,All,Expe3,13,6,2,2,4,1,1,0
113,All,Expe3,13,6,2,2,6,2,1,-1
113,All,Expe3,13,6,2,6,2,1,0,-1
113,All,Expe3,14,5,3,2,3,0,0,0
113,All,Expe3,14,5,3,3,9,1,0,-1
113,All,Expe3,15,3,3,3,2,1,0,-1
113,All,Expe3,16,4,3,2,2,1,0,-1
113,All,Expe3,16,4,3,4,2,0,1,1
113,All,Expe3,16,4,3,4,4,1,1,0
113,All,Expe3,17,2,4,1,9,0,0,0
113,All,Expe3,17,2,4,2,2,0,1,1
113,All,Expe3,17,2,4,2,7,1,1,0
113,All,Expe3,19,2,6,1,2,0,1,1
113,All,Expe3,19,2,6,1,8,1,1,0
113,All,Expe3,19,2,6,2,2,0,1,1
113,All,Expe3,20,6,3,3,2,0,1,1
113,All,Expe3,20,6,3,3,5,1,1,0
113,All,Expe3,20,6,3,5,2,0,1,1
113,All,Expe3,20,6,3,6,2,0,1,1
113,All,Expe3,20,6,3,6,3,1,1,0
113,All,Expe3,21,1,3,1,2,0,1,1
113,All,Expe3,22,3,4,1,3,0,1,1
113,All,Expe3,22,3,4,2,2,0,1,1
113,All,Expe3,22,3,4,3,2,0,1,1
113,All,Expe3,22,3,4,3,4,1,1,0
114,All,Expe3,1,3,1,2,2,0,1,1
114,All,Expe3,1,3,1,3,8,1,0,-1
114,All,Expe3,3,2,1,1,2,0,1,1
114,All,Expe3,3,2,1,2,2,1,0,-1
114,All,Expe3,4,5,1,2,3,0,1,1
114,All,Expe3,4,5,1,2,4,1,1,0
114,All,Expe3,4,5,1,2,5,2,1,-1
114,All,Expe3,4,5,1,2,7,3,1,-2
114,All,Expe3,4,5,1,2,8,4,1,-3
114,All,Expe3,4,5,1,2,9,1,5,4
114,All,Expe3,4,5,1,2,10,2,5,3
114,All,Expe3,4,5,1,2,11,3,5,2
114,All,Expe3,4,5,1,3,2,0,0,0
114,All,Expe3,4,5,1,3,4,1,0,-1
114,All,Expe3,4,5,1,3,5,2,0,-2
114,All,Expe3,4,5,1,4,3,0,1,1
114,All,Expe3,4,5,1,4,4,1,1,0
114,All,Expe3,4,5,1,4,5,2,1,-1
114,All,Expe3,4,5,1,4,6,1,3,2
114,All,Expe3,4,5,1,4,7,3,2,-1
114,All,Expe3,4,5,1,4,8,2,4,2
114,All,Expe3,4,5,1,4,9,3,4,1
114,All,Expe3,4,5,1,4,12,4,4,0
114,All,Expe3,4,5,1,5,2,1,0,-1
114,All,Expe3,5,2,2,1,2,0,1,1
114,All,Expe3,6,4,1,1,2,0,0,0
114,All,Expe3,6,4,1,2,2,0,0,0
114,All,Expe3,6,4,1,4,2,0,0,0
114,All,Expe3,7,3,2,1,2,0,0,0
114,All,Expe3,7,3,2,2,2,0,1,1
114,All,Expe3,8,2,3,2,5,0,1,1
114,All,Expe3,9,6,1,2,2,0,1,1
114,All,Expe3,9,6,1,4,2,0,0,0
114,All,Expe3,9,6,1,4,3,0,1,1
114,All,Expe3,9,6,1,4,4,1,1,0
114,All,Expe3,9,6,1,4,5,1,2,1
114,All,Expe3,9,6,1,4,6,2,2,0
114,All,Expe3,9,6,1,4,7,2,3,1
114,All,Expe3,9,6,1,6,3,1,0,-1
114,All,Expe3,9,6,1,6,4,0,2,2
114,All,Expe3,9,6,1,6,6,2,1,-1
114,All,Expe3,10,4,2,4,2,0,1,1
114,All,Expe3,10,4,2,4,9,1,1,0
114,All,Expe3,12,5,2,3,2,0,1,1
114,All,Expe3,12,5,2,3,3,1,1,0
114,All,Expe3,12,5,2,3,4,1,2,1
114,All,Expe3,13,6,2,1,2,0,1,1
114,All,Expe3,13,6,2,1,4,1,1,0
114,All,Expe3,13,6,2,1,5,1,2,1
114,All,Expe3,13,6,2,3,2,1,0,-1
114,All,Expe3,13,6,2,3,3,0,2,2
114,All,Expe3,13,6,2,3,5,2,1,-1
114,All,Expe3,13,6,2,3,6,3,1,-2
114,All,Expe3,13,6,2,4,2,1,0,-1
114,All,Expe3,13,6,2,4,3,2,0,-2
114,All,Expe3,13,6,2,5,2,0,1,1
114,All,Expe3,13,6,2,5,3,1,1,0
114,All,Expe3,13,6,2,6,2,0,1,1
114,All,Expe3,13,6,2,6,3,1,1,0
114,All,Expe3,13,6,2,6,5,1,2,1
114,All,Expe3,14,3,3,2,2,0,1,1
114,All,Expe3,15,2,4,2,2,0,1,1
114,All,Expe3,16,5,3,1,2,1,0,-1
114,All,Expe3,16,5,3,1,3,0,2,2
114,All,Expe3,16,5,3,2,2,0,1,1
114,All,Expe3,16,5,3,2,9,1,1,0
114,All,Expe3,16,5,3,5,2,1,0,-1
114,All,Expe3,16,5,3,5,3,0,2,2
114,All,Expe3,16,5,3,5,4,1,2,1
114,All,Expe3,16,5,3,5,7,2,2,0
114,All,Expe3,22,6,3,2,2,0,0,0
114,All,Expe3,22,6,3,2,3,0,1,1
114,All,Expe3,22,6,3,2,5,1,1,0
114,All,Expe3,22,6,3,3,2,1,0,-1
114,All,Expe3,22,6,3,5,2,1,0,-1
115,All,Expe3,1,2,1,1,5,0,0,0
115,All,Expe3,3,2,2,1,2,0,1,1
115,All,Expe3,4,3,1,1,2,0,1,1
115,All,Expe3,4,3,1,2,3,1,0,-1
115,All,Expe3,4,3,1,3,2,0,0,0
115,All,Expe3,4,3,1,3,5,0,1,1
115,All,Expe3,5,3,2,1,2,0,1,1
115,All,Expe3,5,3,2,1,9,1,1,0
115,All,Expe3,5,3,2,3,2,0,1,1
115,All,Expe3,5,3,2,3,4,1,1,0
115,All,Expe3,6,5,1,2,5,0,0,0
115,All,Expe3,6,5,1,2,7,1,0,-1
115,All,Expe3,6,5,1,2,8,2,0,-2
115,All,Expe3,6,5,1,3,2,0,1,1
115,All,Expe3,6,5,1,3,3,1,1,0
115,All,Expe3,6,5,1,3,4,1,2,1
115,All,Expe3,6,5,1,3,5,2,2,0
115,All,Expe3,6,5,1,3,8,3,2,-1
115,All,Expe3,6,5,1,3,9,2,4,2
115,All,Expe3,6,5,1,3,11,4,3,-1
115,All,Expe3,6,5,1,4,2,0,1,1
115,All,Expe3,6,5,1,5,2,1,0,-1
115,All,Expe3,6,5,1,5,3,2,0,-2
115,All,Expe3,6,5,1,5,4,0,3,3
115,All,Expe3,6,5,1,5,8,3,1,-2
115,All,Expe3,7,6,1,1,10,1,0,-1
115,All,Expe3,7,6,1,2,4,0,0,0
115,All,Expe3,7,6,1,3,2,0,0,0
115,All,Expe3,7,6,1,3,3,0,1,1
115,All,Expe3,7,6,1,4,2,1,0,-1
115,All,Expe3,7,6,1,4,3,2,0,-2
115,All,Expe3,7,6,1,5,2,1,0,-1
115,All,Expe3,7,6,1,5,4,0,2,2
115,All,Expe3,7,6,1,6,2,0,1,1
115,All,Expe3,8,4,1,2,6,0,1,1
115,All,Expe3,8,4,1,4,2,1,0,-1
115,All,Expe3,8,4,1,4,9,0,2,2
115,All,Expe3,9,2,3,2,2,0,1,1
115,All,Expe3,10,5,2,4,2,0,1,1
115,All,Expe3,10,5,2,4,3,1,1,0
115,All,Expe3,10,5,2,4,5,2,1,-1
115,All,Expe3,10,5,2,4,6,3,1,-2
115,All,Expe3,10,5,2,5,2,0,1,1
115,All,Expe3,12,6,2,1,4,0,1,1
115,All,Expe3,12,6,2,1,5,1,1,0
115,All,Expe3,12,6,2,1,9,1,2,1
115,All,Expe3,12,6,2,2,2,0,1,1
115,All,Expe3,12,6,2,2,3,1,1,0
115,All,Expe3,12,6,2,3,2,1,0,-1
115,All,Expe3,12,6,2,3,3,0,2,2
115,All,Expe3,12,6,2,3,5,2,1,-1
115,All,Expe3,12,6,2,3,6,3,1,-2
115,All,Expe3,12,6,2,3,8,4,1,-3
115,All,Expe3,12,6,2,3,10,5,1,-4
115,All,Expe3,12,6,2,3,11,6,1,-5
115,All,Expe3,12,6,2,5,2,0,1,1
115,All,Expe3,12,6,2,5,3,1,1,0
115,All,Expe3,12,6,2,5,4,1,2,1
115,All,Expe3,12,6,2,5,5,2,2,0
115,All,Expe3,12,6,2,5,6,3,2,-1
115,All,Expe3,12,6,2,5,8,4,2,-2
115,All,Expe3,12,6,2,5,9,2,5,3
115,All,Expe3,13,4,2,1,4,0,0,0
115,All,Expe3,14,2,4,2,2,0,1,1
115,All,Expe3,14,2,4,2,5,1,1,0
115,All,Expe3,15,2,5,2,9,0,1,1
115,All,Expe3,16,3,3,2,4,0,0,0
115,All,Expe3,17,3,4,1,2,0,0,0
115,All,Expe3,17,3,4,2,2,0,1,1
115,All,Expe3,17,3,4,3,4,0,1,1
115,All,Expe3,18,5,3,1,7,1,0,-1
115,All,Expe3,18,5,3,2,3,1,0,-1
115,All,Expe3,18,5,3,2,4,2,0,-2
115,All,Expe3,18,5,3,3,2,0,1,1
115,All,Expe3,18,5,3,3,5,1,1,0
115,All,Expe3,18,5,3,3,8,2,1,-1
115,All,Expe3,18,5,3,4,9,0,0,0
115,All,Expe3,18,5,3,5,2,0,0,0
115,All,Expe3,18,5,3,5,10,1,0,-1
115,All,Expe3,19,6,3,1,3,1,0,-1
115,All,Expe3,19,6,3,1,7,0,2,2
115,All,Expe3,19,6,3,1,10,1,2,1
115,All,Expe3,19,6,3,2,3,1,0,-1
115,All,Expe3,19,6,3,2,8,2,0,-2
115,All,Expe3,19,6,3,3,3,1,0,-1
115,All,Expe3,19,6,3,5,4,1,0,-1
115,All,Expe3,19,6,3,5,5,2,0,-2
115,All,Expe3,19,6,3,6,2,0,1,1
115,All,Expe3,20,4,3,2,2,0,0,0
115,All,Expe3,20,4,3,3,2,0,0,0
115,All,Expe3,20,4,3,4,5,0,0,0
115,All,Expe3,22,2,6,2,2,0,1,1
116,All,Expe3,1,2,1,2,2,0,1,1
116,All,Expe3,4,2,2,1,2,0,1,1
116,All,Expe3,5,6,1,1,3,1,0,-1
116,All,Expe3,5,6,1,1,6,2,0,-2
116,All,Expe3,5,6,1,1,7,0,3,3
116,All,Expe3,5,6,1,2,2,0,1,1
116,All,Expe3,5,6,1,2,3,1,1,0
116,All,Expe3,5,6,1,2,5,1,2,1
116,All,Expe3,5,6,1,2,6,2,2,0
116,All,Expe3,5,6,1,2,7,2,3,1
116,All,Expe3,5,6,1,2,8,3,3,0
116,All,Expe3,5,6,1,2,9,3,4,1
116,All,Expe3,5,6,1,2,10,4,4,0
116,All,Expe3,5,6,1,2,11,4,5,1
116,All,Expe3,5,6,1,4,3,0,1,1
116,All,Expe3,5,6,1,5,2,0,1,1
116,All,Expe3,5,6,1,5,8,1,1,0
116,All,Expe3,5,6,1,6,2,0,1,1
116,All,Expe3,5,6,1,6,4,1,1,0
116,All,Expe3,5,6,1,6,7,2,1,-1
116,All,Expe3,6,3,2,2,2,0,0,0
116,All,Expe3,7,2,3,1,2,0,1,1
116,All,Expe3,7,2,3,1,5,1,1,0
116,All,Expe3,7,2,3,2,2,0,1,1
116,All,Expe3,7,2,3,2,6,1,1,0
116,All,Expe3,8,5,1,1,2,0,1,1
116,All,Expe3,8,5,1,3,2,1,0,-1
116,All,Expe3,8,5,1,5,2,0,1,1
116,All,Expe3,9,4,1,4,4,0,1,1
116,All,Expe3,10,6,2,2,5,0,0,0
116,All,Expe3,12,4,2,1,4,1,0,-1
116,All,Expe3,12,4,2,2,2,1,0,-1
116,All,Expe3,12,4,2,2,3,0,2,2
116,All,Expe3,12,4,2,2,4,1,2,1
116,All,Expe3,12,4,2,2,6,2,2,0
116,All,Expe3,12,4,2,4,2,0,1,1
116,All,Expe3,13,5,2,1,2,1,0,-1
116,All,Expe3,13,5,2,1,3,0,2,2
116,All,Expe3,13,5,2,2,2,1,0,-1
116,All,Expe3,13,5,2,3,2,1,0,-1
116,All,Expe3,13,5,2,3,3,0,2,2
116,All,Expe3,13,5,2,3,5,1,2,1
116,All,Expe3,13,5,2,3,9,2,2,0
116,All,Expe3,13,5,2,4,2,1,0,-1
116,All,Expe3,13,5,2,5,8,1,0,-1
116,All,Expe3,14,2,4,1,3,1,0,-1
116,All,Expe3,14,2,4,1,5,2,0,-2
116,All,Expe3,14,2,4,2,2,0,1,1
116,All,Expe3,14,2,4,2,4,1,1,0
116,All,Expe3,15,3,3,3,2,0,1,1
116,All,Expe3,15,3,3,3,7,1,1,0
116,All,Expe3,16,2,5,2,6,0,1,1
116,All,Expe3,17,6,3,1,5,0,1,1
116,All,Expe3,17,6,3,3,2,1,0,-1
116,All,Expe3,17,6,3,4,2,0,1,1
116,All,Expe3,17,6,3,4,4,1,1,0
116,All,Expe3,17,6,3,4,7,1,2,1
116,All,Expe3,17,6,3,4,8,2,2,0
116,All,Expe3,17,6,3,4,9,2,3,1
116,All,Expe3,17,6,3,4,10,3,3,0
116,All,Expe3,17,6,3,5,2,0,1,1
116,All,Expe3,17,6,3,5,8,1,1,0
116,All,Expe3,17,6,3,5,10,1,2,1
116,All,Expe3,17,6,3,5,13,2,2,0
116,All,Expe3,17,6,3,5,15,3,2,-1
116,All,Expe3,17,6,3,6,3,0,1,1
116,All,Expe3,18,3,4,1,2,0,1,1
116,All,Expe3,18,3,4,1,5,1,1,0
116,All,Expe3,18,3,4,1,7,2,1,-1
116,All,Expe3,18,3,4,2,2,0,1,1
116,All,Expe3,18,3,4,2,4,1,1,0
116,All,Expe3,18,3,4,3,2,0,1,1
116,All,Expe3,18,3,4,3,4,1,1,0
116,All,Expe3,18,3,4,3,6,2,1,-1
116,All,Expe3,18,3,4,3,8,3,1,-2
116,All,Expe3,19,2,6,1,8,0,0,0
116,All,Expe3,19,2,6,2,5,1,0,-1
116,All,Expe3,20,5,3,1,2,1,0,-1
116,All,Expe3,20,5,3,1,3,2,0,-2
116,All,Expe3,20,5,3,1,5,0,3,3
116,All,Expe3,20,5,3,3,3,0,0,0
116,All,Expe3,20,5,3,4,2,0,1,1
116,All,Expe3,20,5,3,4,3,1,1,0
116,All,Expe3,20,5,3,4,7,2,1,-1
116,All,Expe3,20,5,3,4,11,3,1,-2
116,All,Expe3,20,5,3,4,12,4,1,-3
116,All,Expe3,22,4,3,1,2,0,1,1
116,All,Expe3,22,4,3,1,7,1,1,0
116,All,Expe3,22,4,3,2,9,1,0,-1
116,All,Expe3,22,4,3,3,4,1,0,-1
116,All,Expe3,22,4,3,4,2,0,0,0
116,All,Expe3,22,4,3,4,4,1,0,-1
116,All,Expe3,22,4,3,4,5,2,0,-2
117,All,Expe3,1,3,1,1,2,1,0,-1
117,All,Expe3,1,3,1,1,3,0,2,2
117,All,Expe3,1,3,1,3,2,0,1,1
117,All,Expe3,1,3,1,3,3,1,1,0
117,All,Expe3,2,1,1,1,2,0,1,1
117,All,Expe3,3,6,1,1,15,0,1,1
117,All,Expe3,3,6,1,4,2,0,0,0
117,All,Expe3,3,6,1,4,3,0,1,1
117,All,Expe3,3,6,1,4,5,1,1,0
117,All,Expe3,3,6,1,4,6,2,1,-1
117,All,Expe3,3,6,1,4,8,3,1,-2
117,All,Expe3,3,6,1,4,10,4,1,-3
117,All,Expe3,3,6,1,5,2,0,1,1
117,All,Expe3,3,6,1,5,3,1,1,0
117,All,Expe3,3,6,1,5,4,2,1,-1
117,All,Expe3,3,6,1,5,6,1,3,2
117,All,Expe3,3,6,1,5,9,2,3,1
117,All,Expe3,3,6,1,5,11,3,3,0
117,All,Expe3,3,6,1,6,2,0,0,0
117,All,Expe3,3,6,1,6,3,0,1,1
117,All,Expe3,3,6,1,6,4,1,1,0
117,All,Expe3,3,6,1,6,6,1,2,1
117,All,Expe3,4,2,1,2,8,0,0,0
117,All,Expe3,5,2,2,2,2,0,1,1
117,All,Expe3,7,4,1,2,2,0,1,1
117,All,Expe3,7,4,1,4,3,0,0,0
117,All,Expe3,8,3,2,1,2,0,1,1
117,All,Expe3,8,3,2,2,9,0,0,0
117,All,Expe3,9,5,1,1,2,0,1,1
117,All,Expe3,9,5,1,2,2,0,1,1
117,All,Expe3,9,5,1,2,3,1,1,0
117,All,Expe3,9,5,1,2,4,1,2,1
117,All,Expe3,9,5,1,3,2,0,1,1
117,All,Expe3,9,5,1,3,3,1,1,0
117,All,Expe3,9,5,1,3,4,1,2,1
117,All,Expe3,9,5,1,3,5,2,2,0
117,All,Expe3,9,5,1,3,6,2,3,1
117,All,Expe3,9,5,1,5,3,0,1,1
117,All,Expe3,10,6,2,1,3,0,0,0
117,All,Expe3,10,6,2,1,4,0,1,1
117,All,Expe3,10,6,2,1,5,1,1,0
117,All,Expe3,10,6,2,1,6,2,1,-1
117,All,Expe3,10,6,2,1,9,3,1,-2
117,All,Expe3,10,6,2,1,10,4,1,-3
117,All,Expe3,10,6,2,1,11,1,5,4
117,All,Expe3,10,6,2,1,15,5,2,-3
117,All,Expe3,10,6,2,2,2,0,1,1
117,All,Expe3,10,6,2,2,3,1,1,0
117,All,Expe3,10,6,2,2,4,2,1,-1
117,All,Expe3,10,6,2,2,5,1,3,2
117,All,Expe3,10,6,2,3,3,0,1,1
117,All,Expe3,10,6,2,3,4,1,1,0
117,All,Expe3,10,6,2,3,5,2,1,-1
117,All,Expe3,10,6,2,4,2,1,0,-1
117,All,Expe3,10,6,2,4,3,0,2,2
117,All,Expe3,10,6,2,5,2,0,1,1
117,All,Expe3,10,6,2,6,3,0,1,1
117,All,Expe3,12,5,2,2,7,0,0,0
117,All,Expe3,12,5,2,3,3,1,0,-1
117,All,Expe3,12,5,2,3,4,0,2,2
117,All,Expe3,12,5,2,5,9,0,0,0
117,All,Expe3,13,4,2,1,2,0,1,1
117,All,Expe3,13,4,2,2,2,0,1,1
117,All,Expe3,13,4,2,2,4,1,1,0
117,All,Expe3,13,4,2,2,5,1,2,1
117,All,Expe3,13,4,2,3,2,0,1,1
117,All,Expe3,14,3,3,3,6,0,0,0
117,All,Expe3,15,6,3,2,2,0,1,1
117,All,Expe3,15,6,3,2,3,1,1,0
117,All,Expe3,15,6,3,2,5,2,1,-1
117,All,Expe3,15,6,3,5,2,0,0,0
117,All,Expe3,15,6,3,5,5,1,0,-1
117,All,Expe3,16,2,4,1,2,0,1,1
117,All,Expe3,16,2,4,2,2,0,1,1
117,All,Expe3,17,2,5,1,6,0,1,1
117,All,Expe3,18,2,6,1,2,0,1,1
117,All,Expe3,18,2,6,1,3,1,1,0
117,All,Expe3,19,4,3,2,2,0,1,1
117,All,Expe3,19,4,3,3,6,0,0,0
117,All,Expe3,20,3,4,2,4,1,0,-1
117,All,Expe3,20,3,4,3,2,0,1,1
117,All,Expe3,21,1,3,1,2,0,1,1
117,All,Expe3,22,5,3,1,2,0,1,1
117,All,Expe3,22,5,3,2,3,0,1,1
117,All,Expe3,22,5,3,2,8,1,1,0
117,All,Expe3,22,5,3,3,2,0,1,1
117,All,Expe3,22,5,3,3,3,1,1,0
118,All,Expe3,1,3,1,1,3,0,0,0
118,All,Expe3,1,3,1,2,2,0,1,1
118,All,Expe3,1,3,1,2,3,1,1,0
118,All,Expe3,2,1,1,1,2,0,0,0
118,All,Expe3,2,1,1,1,3,0,1,1
118,All,Expe3,3,2,1,1,3,0,0,0
118,All,Expe3,4,6,1,1,2,0,1,1
118,All,Expe3,4,6,1,3,2,1,0,-1
118,All,Expe3,4,6,1,3,3,2,0,-2
118,All,Expe3,4,6,1,3,4,3,0,-3
118,All,Expe3,4,6,1,3,6,0,4,4
118,All,Expe3,4,6,1,3,8,4,1,-3
118,All,Expe3,4,6,1,4,2,0,1,1
118,All,Expe3,4,6,1,4,3,1,1,0
118,All,Expe3,4,6,1,4,4,1,2,1
118,All,Expe3,4,6,1,5,2,0,1,1
118,All,Expe3,4,6,1,5,3,1,1,0
118,All,Expe3,4,6,1,5,8,1,2,1
118,All,Expe3,4,6,1,6,3,1,0,-1
118,All,Expe3,4,6,1,6,4,2,0,-2
118,All,Expe3,4,6,1,6,5,3,0,-3
118,All,Expe3,5,2,2,2,2,0,1,1
118,All,Expe3,6,5,1,1,5,0,1,1
118,All,Expe3,6,5,1,1,6,1,1,0
118,All,Expe3,6,5,1,1,7,1,2,1
118,All,Expe3,6,5,1,2,2,0,1,1
118,All,Expe3,6,5,1,3,2,1,0,-1
118,All,Expe3,6,5,1,3,3,0,2,2
118,All,Expe3,6,5,1,3,4,1,2,1
118,All,Expe3,8,2,3,1,2,0,0,0
118,All,Expe3,8,2,3,1,6,1,0,-1
118,All,Expe3,9,4,1,1,6,0,0,0
118,All,Expe3,9,4,1,2,2,0,1,1
118,All,Expe3,9,4,1,2,4,1,1,0
118,All,Expe3,9,4,1,2,5,2,1,-1
118,All,Expe3,9,4,1,2,9,3,1,-2
118,All,Expe3,9,4,1,4,4,1,0,-1
118,All,Expe3,9,4,1,4,7,0,2,2
118,All,Expe3,10,6,2,2,3,1,0,-1
118,All,Expe3,10,6,2,2,4,0,2,2
118,All,Expe3,10,6,2,2,5,1,2,1
118,All,Expe3,10,6,2,2,6,2,2,0
118,All,Expe3,10,6,2,2,8,3,2,-1
118,All,Expe3,10,6,2,3,2,1,0,-1
118,All,Expe3,10,6,2,3,8,2,0,-2
118,All,Expe3,10,6,2,4,2,0,0,0
118,All,Expe3,10,6,2,4,3,0,1,1
118,All,Expe3,10,6,2,6,5,0,0,0
118,All,Expe3,12,5,2,1,5,0,1,1
118,All,Expe3,12,5,2,1,6,1,1,0
118,All,Expe3,12,5,2,1,7,2,1,-1
118,All,Expe3,12,5,2,1,9,1,3,2
118,All,Expe3,12,5,2,2,11,0,0,0
118,All,Expe3,12,5,2,3,2,1,0,-1
118,All,Expe3,12,5,2,3,6,0,2,2
118,All,Expe3,12,5,2,5,2,0,1,1
118,All,Expe3,12,5,2,5,3,1,1,0
118,All,Expe3,12,5,2,5,4,2,1,-1
118,All,Expe3,12,5,2,5,5,1,3,2
118,All,Expe3,12,5,2,5,6,2,3,1
118,All,Expe3,12,5,2,5,8,3,3,0
118,All,Expe3,13,4,2,1,3,0,1,1
118,All,Expe3,13,4,2,1,4,1,1,0
118,All,Expe3,13,4,2,1,5,2,1,-1
118,All,Expe3,13,4,2,1,6,3,1,-2
118,All,Expe3,13,4,2,1,7,4,1,-3
118,All,Expe3,13,4,2,1,9,5,1,-4
118,All,Expe3,13,4,2,2,2,0,0,0
118,All,Expe3,13,4,2,2,4,1,0,-1
118,All,Expe3,13,4,2,3,2,0,1,1
118,All,Expe3,13,4,2,3,3,1,1,0
118,All,Expe3,13,4,2,3,4,2,1,-1
118,All,Expe3,13,4,2,3,5,1,3,2
118,All,Expe3,13,4,2,4,2,0,0,0
118,All,Expe3,14,3,3,2,3,0,1,1
118,All,Expe3,15,2,4,1,2,0,1,1
118,All,Expe3,16,6,3,1,3,0,1,1
118,All,Expe3,16,6,3,1,6,1,1,0
118,All,Expe3,16,6,3,1,7,1,2,1
118,All,Expe3,16,6,3,2,3,0,1,1
118,All,Expe3,16,6,3,2,4,1,1,0
118,All,Expe3,16,6,3,2,5,2,1,-1
118,All,Expe3,16,6,3,2,7,1,3,2
118,All,Expe3,16,6,3,2,8,3,2,-1
118,All,Expe3,16,6,3,3,2,1,0,-1
118,All,Expe3,16,6,3,3,3,0,2,2
118,All,Expe3,16,6,3,3,5,2,1,-1
118,All,Expe3,16,6,3,3,6,3,1,-2
118,All,Expe3,16,6,3,3,7,1,4,3
118,All,Expe3,16,6,3,3,8,4,2,-2
118,All,Expe3,16,6,3,6,2,0,1,1
118,All,Expe3,16,6,3,6,3,1,1,0
118,All,Expe3,16,6,3,6,6,2,1,-1
118,All,Expe3,16,6,3,6,7,1,3,2
118,All,Expe3,16,6,3,6,8,2,3,1
118,All,Expe3,17,2,5,1,7,0,0,0
118,All,Expe3,18,5,3,1,3,1,0,-1
118,All,Expe3,18,5,3,1,9,2,0,-2
118,All,Expe3,18,5,3,2,2,0,1,1
118,All,Expe3,18,5,3,3,2,0,1,1
118,All,Expe3,18,5,3,3,5,1,1,0
118,All,Expe3,18,5,3,4,3,0,0,0
118,All,Expe3,18,5,3,4,7,1,0,-1
118,All,Expe3,18,5,3,5,2,1,0,-1
118,All,Expe3,18,5,3,5,3,0,2,2
118,All,Expe3,19,3,4,1,2,0,1,1
118,All,Expe3,19,3,4,1,3,1,1,0
118,All,Expe3,19,3,4,1,8,1,2,1
118,All,Expe3,19,3,4,3,3,0,1,1
118,All,Expe3,20,2,6,2,2,1,0,-1
118,All,Expe3,20,2,6,2,6,0,2,2
118,All,Expe3,22,4,3,1,3,1,0,-1
118,All,Expe3,22,4,3,3,9,1,0,-1
119,All,Expe3,1,2,1,1,2,0,1,1
119,All,Expe3,1,2,1,1,7,1,1,0
119,All,Expe3,1,2,1,2,2,0,0,0
119,All,Expe3,1,2,1,2,3,0,1,1
119,All,Expe3,1,2,1,2,4,1,1,0
119,All,Expe3,1,2,1,2,5,1,2,1
119,All,Expe3,2,1,1,1,2,0,0,0
119,All,Expe3,2,1,1,1,3,0,1,1
119,All,Expe3,3,2,2,2,2,0,0,0
119,All,Expe3,3,2,2,2,3,0,1,1
119,All,Expe3,4,3,1,1,2,1,0,-1
119,All,Expe3,6,6,1,1,3,1,0,-1
119,All,Expe3,6,6,1,1,4,0,2,2
119,All,Expe3,6,6,1,1,9,2,1,-1
119,All,Expe3,6,6,1,3,2,0,0,0
119,All,Expe3,6,6,1,6,8,0,0,0
119,All,Expe3,7,4,1,1,2,0,1,1
119,All,Expe3,7,4,1,1,6,1,1,0
119,All,Expe3,7,4,1,2,5,0,1,1
119,All,Expe3,7,4,1,4,6,0,1,1
119,All,Expe3,8,5,1,1,5,0,0,0
119,All,Expe3,8,5,1,1,6,0,1,1
119,All,Expe3,8,5,1,2,2,0,1,1
119,All,Expe3,8,5,1,2,5,1,1,0
119,All,Expe3,8,5,1,2,6,2,1,-1
119,All,Expe3,8,5,1,3,2,1,0,-1
119,All,Expe3,8,5,1,3,4,2,0,-2
119,All,Expe3,8,5,1,3,5,3,0,-3
119,All,Expe3,9,2,3,1,9,1,0,-1
119,All,Expe3,10,4,2,1,2,1,0,-1
119,All,Expe3,10,4,2,2,2,0,1,1
119,All,Expe3,10,4,2,2,8,1,1,0
119,All,Expe3,10,4,2,3,2,0,1,1
119,All,Expe3,10,4,2,4,2,0,1,1
119,All,Expe3,12,6,2,1,2,0,1,1
119,All,Expe3,12,6,2,1,3,1,1,0
119,All,Expe3,12,6,2,2,2,0,1,1
119,All,Expe3,12,6,2,3,2,1,0,-1
119,All,Expe3,12,6,2,3,3,0,2,2
119,All,Expe3,12,6,2,4,2,1,0,-1
119,All,Expe3,12,6,2,4,3,2,0,-2
119,All,Expe3,12,6,2,4,4,0,3,3
119,All,Expe3,12,6,2,4,5,1,3,2
119,All,Expe3,12,6,2,4,6,3,2,-1
119,All,Expe3,12,6,2,4,7,4,2,-2
119,All,Expe3,12,6,2,5,3,1,0,-1
119,All,Expe3,12,6,2,5,5,0,2,2
119,All,Expe3,12,6,2,5,6,2,1,-1
119,All,Expe3,12,6,2,6,4,0,0,0
119,All,Expe3,13,5,2,1,2,0,1,1
119,All,Expe3,13,5,2,1,3,1,1,0
119,All,Expe3,13,5,2,1,4,2,1,-1
119,All,Expe3,13,5,2,3,4,0,1,1
119,All,Expe3,13,5,2,5,2,0,1,1
119,All,Expe3,13,5,2,5,3,1,1,0
119,All,Expe3,14,2,4,2,2,0,1,1
119,All,Expe3,15,2,5,1,8,0,0,0
119,All,Expe3,16,3,3,1,3,0,0,0
119,All,Expe3,16,3,3,3,2,0,1,1
119,All,Expe3,17,3,4,1,2,0,0,0
119,All,Expe3,17,3,4,2,8,0,0,0
119,All,Expe3,17,3,4,3,2,0,1,1
119,All,Expe3,18,6,3,1,4,0,0,0
119,All,Expe3,18,6,3,1,5,1,0,-1
119,All,Expe3,18,6,3,1,6,0,2,2
119,All,Expe3,18,6,3,1,7,1,2,1
119,All,Expe3,18,6,3,2,2,1,0,-1
119,All,Expe3,18,6,3,3,2,1,0,-1
119,All,Expe3,18,6,3,3,3,2,0,-2
119,All,Expe3,18,6,3,6,2,0,1,1
119,All,Expe3,18,6,3,6,3,1,1,0
119,All,Expe3,18,6,3,6,7,1,2,1
119,All,Expe3,18,6,3,6,8,2,2,0
119,All,Expe3,19,4,3,1,2,0,1,1
119,All,Expe3,19,4,3,1,3,1,1,0
119,All,Expe3,19,4,3,2,2,0,1,1
119,All,Expe3,19,4,3,2,3,1,1,0
119,All,Expe3,19,4,3,4,2,0,1,1
119,All,Expe3,20,5,3,2,3,1,0,-1
119,All,Expe3,20,5,3,2,4,0,2,2
119,All,Expe3,20,5,3,2,5,1,2,1
119,All,Expe3,20,5,3,3,2,0,1,1
119,All,Expe3,20,5,3,3,3,1,1,0
119,All,Expe3,20,5,3,4,3,0,1,1
119,All,Expe3,20,5,3,5,2,0,1,1
119,All,Expe3,20,5,3,5,5,1,1,0
119,All,Expe3,22,2,6,1,2,0,1,1
119,All,Expe3,22,2,6,2,2,0,1,1
120,All,Expe5,2,6,1,2,2,0,1,1
120,All,Expe5,2,6,1,2,6,1,1,0
120,All,Expe5,2,6,1,2,9,2,1,-1
120,All,Expe5,2,6,1,3,2,1,0,-1
120,All,Expe5,2,6,1,3,3,0,2,2
120,All,Expe5,2,6,1,3,4,2,1,-1
120,All,Expe5,2,6,1,3,5,1,3,2
120,All,Expe5,2,6,1,3,9,3,2,-1
120,All,Expe5,2,6,1,3,10,4,2,-2
120,All,Expe5,2,6,1,4,2,0,1,1
120,All,Expe5,2,6,1,4,4,1,1,0
120,All,Expe5,2,6,1,4,5,1,2,1
120,All,Expe5,2,6,1,4,10,2,2,0
120,All,Expe5,2,6,1,4,11,3,2,-1
120,All,Expe5,2,6,1,6,4,0,0,0
120,All,Expe5,3,1,1,1,2,0,1,1
120,All,Expe5,4,2,1,1,2,0,1,1
120,All,Expe5,4,2,1,2,3,0,1,1
120,All,Expe5,5,4,1,4,2,0,1,1
120,All,Expe5,5,4,1,4,3,1,1,0
120,All,Expe5,6,5,1,3,3,0,1,1
120,All,Expe5,6,5,1,3,5,1,1,0
120,All,Expe5,6,5,1,4,2,1,0,-1
120,All,Expe5,6,5,1,4,3,0,2,2
120,All,Expe5,6,5,1,5,2,0,1,1
120,All,Expe5,7,4,2,4,2,0,1,1
120,All,Expe5,7,4,2,4,3,1,1,0
120,All,Expe5,9,2,2,2,2,0,1,1
120,All,Expe5,9,2,2,2,11,1,1,0
120,All,Expe5,10,5,2,1,4,0,0,0
120,All,Expe5,10,5,2,4,2,0,1,1
120,All,Expe5,10,5,2,4,11,1,1,0
120,All,Expe5,11,3,2,3,2,0,1,1
120,All,Expe5,12,6,2,2,2,0,0,0
120,All,Expe5,12,6,2,2,3,0,1,1
120,All,Expe5,12,6,2,3,2,1,0,-1
120,All,Expe5,12,6,2,3,4,0,2,2
120,All,Expe5,12,6,2,3,5,2,1,-1
120,All,Expe5,12,6,2,3,6,1,3,2
120,All,Expe5,12,6,2,4,10,1,0,-1
120,All,Expe5,12,6,2,5,2,0,1,1
120,All,Expe5,12,6,2,6,2,0,1,1
120,All,Expe5,14,3,3,2,6,0,0,0
120,All,Expe5,14,3,3,3,2,0,1,1
120,All,Expe5,15,5,3,1,2,0,0,0
120,All,Expe5,15,5,3,3,3,1,0,-1
120,All,Expe5,15,5,3,3,4,0,2,2
120,All,Expe5,15,5,3,3,5,2,1,-1
120,All,Expe5,15,5,3,3,6,1,3,2
120,All,Expe5,15,5,3,5,2,0,1,1
120,All,Expe5,15,5,3,5,12,1,1,0
120,All,Expe5,16,4,3,2,12,0,1,1
120,All,Expe5,16,4,3,3,2,0,1,1
120,All,Expe5,16,4,3,4,2,0,1,1
120,All,Expe5,17,1,3,1,2,0,1,1
120,All,Expe5,18,6,3,2,2,0,1,1
120,All,Expe5,18,6,3,3,3,0,1,1
120,All,Expe5,18,6,3,4,2,1,0,-1
120,All,Expe5,18,6,3,5,2,0,1,1
120,All,Expe5,18,6,3,6,2,0,1,1
121,All,Expe5,1,1,1,1,2,0,1,1
121,All,Expe5,2,3,1,1,2,0,1,1
121,All,Expe5,2,3,1,3,2,0,0,0
121,All,Expe5,3,4,1,4,2,0,1,1
121,All,Expe5,4,6,1,1,2,0,1,1
121,All,Expe5,4,6,1,1,3,1,1,0
121,All,Expe5,4,6,1,1,4,2,1,-1
121,All,Expe5,4,6,1,1,6,3,1,-2
121,All,Expe5,4,6,1,2,4,0,1,1
121,All,Expe5,4,6,1,3,2,0,1,1
121,All,Expe5,4,6,1,3,4,1,1,0
121,All,Expe5,4,6,1,3,6,1,2,1
121,All,Expe5,4,6,1,4,2,0,1,1
121,All,Expe5,4,6,1,5,12,1,0,-1
121,All,Expe5,4,6,1,6,2,0,1,1
121,All,Expe5,4,6,1,6,3,1,1,0
121,All,Expe5,4,6,1,6,4,1,2,1
121,All,Expe5,4,6,1,6,6,2,2,0
121,All,Expe5,4,6,1,6,7,3,2,-1
121,All,Expe5,4,6,1,6,8,2,4,2
121,All,Expe5,4,6,1,6,10,3,4,1
121,All,Expe5,5,5,1,2,2,0,0,0
121,All,Expe5,5,5,1,2,3,0,1,1
121,All,Expe5,5,5,1,2,4,1,1,0
121,All,Expe5,5,5,1,2,6,2,1,-1
121,All,Expe5,5,5,1,2,7,1,3,2
121,All,Expe5,5,5,1,3,2,1,0,-1
121,All,Expe5,5,5,1,3,3,0,2,2
121,All,Expe5,5,5,1,3,5,1,2,1
121,All,Expe5,5,5,1,3,6,2,2,0
121,All,Expe5,5,5,1,3,7,2,3,1
121,All,Expe5,5,5,1,5,2,0,1,1
121,All,Expe5,5,5,1,5,3,1,1,0
121,All,Expe5,7,2,2,1,2,0,1,1
121,All,Expe5,8,4,2,2,3,0,1,1
121,All,Expe5,8,4,2,3,2,0,1,1
121,All,Expe5,8,4,2,4,3,0,1,1
121,All,Expe5,9,3,2,2,2,0,1,1
121,All,Expe5,9,3,2,3,2,0,1,1
121,All,Expe5,11,6,2,3,9,0,0,0
121,All,Expe5,12,5,2,1,11,0,0,0
121,All,Expe5,12,5,2,4,2,0,1,1
121,All,Expe5,12,5,2,4,3,1,1,0
121,All,Expe5,12,5,2,5,2,0,1,1
121,All,Expe5,13,5,3,4,2,0,1,1
121,All,Expe5,13,5,3,5,2,0,1,1
121,All,Expe5,14,2,3,2,2,0,1,1
121,All,Expe5,14,2,3,2,5,1,1,0
121,All,Expe5,14,2,3,2,9,2,1,-1
121,All,Expe5,15,1,3,1,2,0,1,1
121,All,Expe5,16,3,3,3,2,0,1,1
121,All,Expe5,17,6,3,1,9,0,1,1
121,All,Expe5,18,4,3,4,2,0,1,1
122,All,Expe5,1,6,1,2,3,1,0,-1
122,All,Expe5,1,6,1,2,4,2,0,-2
122,All,Expe5,1,6,1,2,5,0,3,3
122,All,Expe5,1,6,1,2,6,3,1,-2
122,All,Expe5,1,6,1,2,7,1,4,3
122,All,Expe5,1,6,1,2,8,4,2,-2
122,All,Expe5,1,6,1,2,10,5,2,-3
122,All,Expe5,1,6,1,2,11,2,6,4
122,All,Expe5,1,6,1,2,12,6,3,-3
122,All,Expe5,1,6,1,3,2,0,1,1
122,All,Expe5,1,6,1,3,3,1,1,0
122,All,Expe5,1,6,1,3,5,1,2,1
122,All,Expe5,1,6,1,3,6,2,2,0
122,All,Expe5,1,6,1,3,7,2,3,1
122,All,Expe5,1,6,1,3,9,3,3,0
122,All,Expe5,1,6,1,3,10,4,3,-1
122,All,Expe5,1,6,1,4,3,0,1,1
122,All,Expe5,1,6,1,4,4,1,1,0
122,All,Expe5,1,6,1,4,6,1,2,1
122,All,Expe5,1,6,1,4,8,2,2,0
122,All,Expe5,1,6,1,4,9,2,3,1
122,All,Expe5,1,6,1,5,2,0,1,1
122,All,Expe5,1,6,1,5,5,1,1,0
122,All,Expe5,1,6,1,5,6,2,1,-1
122,All,Expe5,1,6,1,5,7,3,1,-2
122,All,Expe5,1,6,1,5,8,1,4,3
122,All,Expe5,1,6,1,5,9,2,4,2
122,All,Expe5,1,6,1,5,13,4,3,-1
122,All,Expe5,3,3,1,1,10,0,0,0
122,All,Expe5,3,3,1,2,2,0,1,1
122,All,Expe5,4,5,1,2,2,0,1,1
122,All,Expe5,4,5,1,2,10,1,1,0
122,All,Expe5,4,5,1,4,2,0,1,1
122,All,Expe5,4,5,1,5,2,0,1,1
122,All,Expe5,4,5,1,5,4,1,1,0
122,All,Expe5,6,4,1,1,2,0,0,0
122,All,Expe5,6,4,1,1,6,0,1,1
122,All,Expe5,6,4,1,2,8,0,0,0
122,All,Expe5,6,4,1,4,2,1,0,-1
122,All,Expe5,6,4,1,4,3,0,2,2
122,All,Expe5,6,4,1,4,4,1,2,1
122,All,Expe5,8,5,2,1,2,0,0,0
122,All,Expe5,8,5,2,3,3,1,0,-1
122,All,Expe5,8,5,2,3,4,0,2,2
122,All,Expe5,8,5,2,3,7,2,1,-1
122,All,Expe5,8,5,2,4,2,1,0,-1
122,All,Expe5,8,5,2,4,3,0,2,2
122,All,Expe5,9,4,2,1,2,1,0,-1
122,All,Expe5,9,4,2,2,4,0,1,1
122,All,Expe5,9,4,2,3,2,1,0,-1
122,All,Expe5,9,4,2,3,3,0,2,2
122,All,Expe5,9,4,2,4,2,1,0,-1
122,All,Expe5,9,4,2,4,3,0,2,2
122,All,Expe5,9,4,2,4,5,1,2,1
122,All,Expe5,9,4,2,4,6,2,2,0
122,All,Expe5,10,6,2,1,12,0,0,0
122,All,Expe5,10,6,2,2,4,0,1,1
122,All,Expe5,10,6,2,3,2,0,0,0
122,All,Expe5,10,6,2,4,2,1,0,-1
122,All,Expe5,10,6,2,4,7,2,0,-2
122,All,Expe5,10,6,2,4,10,3,0,-3
122,All,Expe5,10,6,2,5,2,1,0,-1
122,All,Expe5,10,6,2,5,3,0,2,2
122,All,Expe5,10,6,2,6,2,0,1,1
122,All,Expe5,10,6,2,6,3,1,1,0
122,All,Expe5,11,2,2,1,2,0,1,1
122,All,Expe5,11,2,2,2,2,0,1,1
122,All,Expe5,13,3,3,1,2,0,0,0
122,All,Expe5,13,3,3,1,4,0,1,1
122,All,Expe5,14,4,3,1,2,0,1,1
122,All,Expe5,14,4,3,1,3,1,1,0
122,All,Expe5,14,4,3,1,4,1,2,1
122,All,Expe5,14,4,3,2,3,1,0,-1
122,All,Expe5,14,4,3,2,6,2,0,-2
122,All,Expe5,14,4,3,3,2,0,0,0
122,All,Expe5,14,4,3,3,3,0,1,1
122,All,Expe5,14,4,3,3,4,1,1,0
122,All,Expe5,14,4,3,4,2,0,1,1
122,All,Expe5,14,4,3,4,3,1,1,0
122,All,Expe5,14,4,3,4,12,1,2,1
122,All,Expe5,15,2,3,2,2,0,1,1
122,All,Expe5,16,6,3,2,4,0,1,1
122,All,Expe5,16,6,3,3,2,0,1,1
122,All,Expe5,16,6,3,5,5,0,0,0
122,All,Expe5,17,5,3,1,2,0,0,0
122,All,Expe5,17,5,3,1,12,0,1,1
122,All,Expe5,17,5,3,1,13,1,1,0
122,All,Expe5,17,5,3,2,2,1,0,-1
122,All,Expe5,17,5,3,3,5,1,0,-1
122,All,Expe5,17,5,3,3,6,0,2,2
122,All,Expe5,17,5,3,4,7,0,0,0
122,All,Expe5,17,5,3,5,2,1,0,-1
122,All,Expe5,18,1,3,1,2,0,1,1
123,All,Expe5,1,2,1,2,4,0,0,0
123,All,Expe5,1,2,1,2,7,1,0,-1
123,All,Expe5,2,5,1,1,5,0,0,0
123,All,Expe5,2,5,1,1,8,1,0,-1
123,All,Expe5,2,5,1,1,13,2,0,-2
123,All,Expe5,2,5,1,2,6,1,0,-1
123,All,Expe5,2,5,1,3,2,1,0,-1
123,All,Expe5,2,5,1,3,3,0,2,2
123,All,Expe5,2,5,1,3,6,1,2,1
123,All,Expe5,2,5,1,3,9,2,2,0
123,All,Expe5,2,5,1,4,2,0,1,1
123,All,Expe5,2,5,1,4,5,1,1,0
123,All,Expe5,2,5,1,5,2,1,0,-1
123,All,Expe5,2,5,1,5,8,2,0,-2
123,All,Expe5,3,6,1,1,8,1,0,-1
123,All,Expe5,3,6,1,4,2,0,0,0
123,All,Expe5,3,6,1,4,11,1,0,-1
123,All,Expe5,3,6,1,5,11,0,0,0
123,All,Expe5,3,6,1,6,2,1,0,-1
123,All,Expe5,3,6,1,6,8,0,2,2
123,All,Expe5,3,6,1,6,9,2,1,-1
123,All,Expe5,4,4,1,1,2,0,1,1
123,All,Expe5,4,4,1,1,3,1,1,0
123,All,Expe5,4,4,1,1,7,2,1,-1
123,All,Expe5,4,4,1,3,2,0,1,1
123,All,Expe5,4,4,1,3,3,1,1,0
123,All,Expe5,4,4,1,3,4,2,1,-1
123,All,Expe5,4,4,1,3,5,1,3,2
123,All,Expe5,4,4,1,3,11,2,3,1
123,All,Expe5,4,4,1,4,2,0,1,1
123,All,Expe5,5,3,1,1,4,0,0,0
123,All,Expe5,5,3,1,3,8,0,0,0
123,All,Expe5,6,1,1,1,2,0,1,1
123,All,Expe5,7,5,2,1,2,0,1,1
123,All,Expe5,7,5,2,1,3,1,1,0
123,All,Expe5,7,5,2,1,5,2,1,-1
123,All,Expe5,7,5,2,1,8,1,3,2
123,All,Expe5,7,5,2,1,12,2,3,1
123,All,Expe5,7,5,2,3,2,1,0,-1
123,All,Expe5,7,5,2,3,5,0,2,2
123,All,Expe5,7,5,2,3,8,2,1,-1
123,All,Expe5,7,5,2,3,9,3,1,-2
123,All,Expe5,7,5,2,4,2,1,0,-1
123,All,Expe5,7,5,2,4,5,2,0,-2
123,All,Expe5,7,5,2,4,9,3,0,-3
123,All,Expe5,7,5,2,5,2,0,0,0
123,All,Expe5,7,5,2,5,3,0,1,1
123,All,Expe5,7,5,2,5,4,1,1,0
123,All,Expe5,7,5,2,5,7,1,2,1
123,All,Expe5,7,5,2,5,8,2,2,0
123,All,Expe5,8,6,2,1,3,0,0,0
123,All,Expe5,8,6,2,1,9,0,1,1
123,All,Expe5,8,6,2,2,2,0,0,0
123,All,Expe5,8,6,2,2,3,1,0,-1
123,All,Expe5,8,6,2,2,4,2,0,-2
123,All,Expe5,8,6,2,2,5,0,3,3
123,All,Expe5,8,6,2,2,6,3,1,-2
123,All,Expe5,8,6,2,2,7,4,1,-3
123,All,Expe5,8,6,2,3,2,1,0,-1
123,All,Expe5,8,6,2,3,9,2,0,-2
123,All,Expe5,8,6,2,4,2,1,0,-1
123,All,Expe5,8,6,2,4,3,2,0,-2
123,All,Expe5,8,6,2,4,4,3,0,-3
123,All,Expe5,8,6,2,4,5,4,0,-4
123,All,Expe5,8,6,2,4,9,5,0,-5
123,All,Expe5,8,6,2,5,2,0,1,1
123,All,Expe5,8,6,2,5,3,1,1,0
123,All,Expe5,8,6,2,5,4,1,2,1
123,All,Expe5,8,6,2,5,7,2,2,0
123,All,Expe5,8,6,2,6,2,0,1,1
123,All,Expe5,8,6,2,6,5,1,1,0
123,All,Expe5,8,6,2,6,13,1,2,1
123,All,Expe5,10,3,2,2,2,0,0,0
123,All,Expe5,10,3,2,2,6,0,1,1
123,All,Expe5,11,4,2,2,2,1,0,-1
123,All,Expe5,11,4,2,2,3,0,2,2
123,All,Expe5,11,4,2,2,4,1,2,1
123,All,Expe5,11,4,2,3,4,0,1,1
123,All,Expe5,11,4,2,4,4,1,0,-1
123,All,Expe5,11,4,2,4,5,2,0,-2
123,All,Expe5,12,2,2,1,11,0,0,0
123,All,Expe5,12,2,2,2,2,0,1,1
123,All,Expe5,13,4,3,3,2,0,1,1
123,All,Expe5,13,4,3,4,3,0,1,1
123,All,Expe5,14,6,3,1,2,0,1,1
123,All,Expe5,14,6,3,1,4,1,1,0
123,All,Expe5,14,6,3,1,8,2,1,-1
123,All,Expe5,14,6,3,1,10,3,1,-2
123,All,Expe5,14,6,3,1,12,4,1,-3
123,All,Expe5,14,6,3,2,5,0,0,0
123,All,Expe5,14,6,3,3,11,1,0,-1
123,All,Expe5,14,6,3,4,5,0,1,1
123,All,Expe5,14,6,3,4,8,1,1,0
123,All,Expe5,14,6,3,5,2,1,0,-1
123,All,Expe5,14,6,3,5,3,2,0,-2
123,All,Expe5,14,6,3,5,4,3,0,-3
123,All,Expe5,14,6,3,5,5,4,0,-4
123,All,Expe5,14,6,3,5,7,0,5,5
123,All,Expe5,14,6,3,5,11,1,5,4
123,All,Expe5,15,3,3,1,3,0,0,0
123,All,Expe5,15,3,3,1,5,0,1,1
123,All,Expe5,15,3,3,1,11,1,1,0
123,All,Expe5,15,3,3,2,2,1,0,-1
123,All,Expe5,15,3,3,2,5,2,0,-2
123,All,Expe5,15,3,3,2,9,3,0,-3
123,All,Expe5,15,3,3,3,2,1,0,-1
123,All,Expe5,15,3,3,3,3,0,2,2
123,All,Expe5,15,3,3,3,4,1,2,1
123,All,Expe5,15,3,3,3,5,2,2,0
123,All,Expe5,17,2,3,1,2,0,1,1
123,All,Expe5,17,2,3,1,3,1,1,0
123,All,Expe5,18,5,3,3,3,0,1,1
123,All,Expe5,18,5,3,3,4,1,1,0
123,All,Expe5,18,5,3,3,5,2,1,-1
123,All,Expe5,18,5,3,3,6,3,1,-2
123,All,Expe5,18,5,3,5,8,0,0,0
124,All,Expe5,1,5,1,2,4,1,0,-1
124,All,Expe5,1,5,1,3,3,0,0,0
124,All,Expe5,1,5,1,3,4,0,1,1
124,All,Expe5,1,5,1,3,6,1,1,0
124,All,Expe5,1,5,1,3,7,2,1,-1
124,All,Expe5,1,5,1,3,8,1,3,2
124,All,Expe5,1,5,1,3,9,2,3,1
124,All,Expe5,1,5,1,3,10,3,3,0
124,All,Expe5,1,5,1,4,2,0,1,1
124,All,Expe5,1,5,1,4,3,1,1,0
124,All,Expe5,1,5,1,4,4,1,2,1
124,All,Expe5,1,5,1,4,5,2,2,0
124,All,Expe5,1,5,1,4,7,3,2,-1
124,All,Expe5,1,5,1,4,8,4,2,-2
124,All,Expe5,1,5,1,4,10,5,2,-3
124,All,Expe5,1,5,1,4,12,6,2,-4
124,All,Expe5,1,5,1,5,2,1,0,-1
124,All,Expe5,1,5,1,5,5,2,0,-2
124,All,Expe5,1,5,1,5,7,0,3,3
124,All,Expe5,1,5,1,5,8,3,1,-2
124,All,Expe5,1,5,1,5,9,4,1,-3
124,All,Expe5,1,5,1,5,10,1,5,4
124,All,Expe5,1,5,1,5,11,2,5,3
124,All,Expe5,1,5,1,5,12,5,3,-2
124,All,Expe5,2,4,1,1,4,0,0,0
124,All,Expe5,2,4,1,2,2,0,1,1
124,All,Expe5,2,4,1,3,5,1,0,-1
124,All,Expe5,2,4,1,3,6,2,0,-2
124,All,Expe5,2,4,1,3,7,3,0,-3
124,All,Expe5,2,4,1,4,2,0,1,1
124,All,Expe5,2,4,1,4,5,1,1,0
124,All,Expe5,2,4,1,4,7,1,2,1
124,All,Expe5,3,2,1,1,4,0,0,0
124,All,Expe5,5,6,1,1,9,0,0,0
124,All,Expe5,5,6,1,2,4,1,0,-1
124,All,Expe5,5,6,1,2,6,2,0,-2
124,All,Expe5,5,6,1,3,10,0,0,0
124,All,Expe5,5,6,1,4,2,0,1,1
124,All,Expe5,5,6,1,4,4,1,1,0
124,All,Expe5,5,6,1,4,8,2,1,-1
124,All,Expe5,5,6,1,5,2,0,1,1
124,All,Expe5,5,6,1,5,3,1,1,0
124,All,Expe5,5,6,1,5,9,2,1,-1
124,All,Expe5,5,6,1,5,10,3,1,-2
124,All,Expe5,6,3,1,2,8,0,0,0
124,All,Expe5,6,3,1,3,6,0,0,0
124,All,Expe5,6,3,1,3,7,1,0,-1
124,All,Expe5,7,6,2,3,3,0,1,1
124,All,Expe5,7,6,2,3,6,1,1,0
124,All,Expe5,7,6,2,4,2,0,1,1
124,All,Expe5,7,6,2,5,9,0,0,0
124,All,Expe5,7,6,2,5,11,1,0,-1
124,All,Expe5,7,6,2,6,2,0,0,0
124,All,Expe5,7,6,2,6,3,0,1,1
124,All,Expe5,7,6,2,6,7,1,1,0
124,All,Expe5,8,3,2,1,3,0,0,0
124,All,Expe5,8,3,2,1,12,0,1,1
124,All,Expe5,8,3,2,2,2,0,1,1
124,All,Expe5,8,3,2,2,4,1,1,0
124,All,Expe5,8,3,2,2,8,1,2,1
124,All,Expe5,8,3,2,3,2,0,1,1
124,All,Expe5,9,5,2,1,9,0,0,0
124,All,Expe5,9,5,2,4,2,0,1,1
124,All,Expe5,9,5,2,5,6,0,0,0
124,All,Expe5,10,2,2,1,2,0,1,1
124,All,Expe5,12,4,2,1,4,0,0,0
124,All,Expe5,12,4,2,1,5,1,0,-1
124,All,Expe5,12,4,2,2,6,0,1,1
124,All,Expe5,12,4,2,2,9,1,1,0
124,All,Expe5,12,4,2,2,10,1,2,1
124,All,Expe5,12,4,2,4,2,0,1,1
124,All,Expe5,12,4,2,4,7,1,1,0
124,All,Expe5,12,4,2,4,9,2,1,-1
124,All,Expe5,12,4,2,4,10,3,1,-2
124,All,Expe5,13,6,3,1,5,0,0,0
124,All,Expe5,13,6,3,2,3,0,0,0
124,All,Expe5,13,6,3,2,8,0,1,1
124,All,Expe5,13,6,3,2,12,1,1,0
124,All,Expe5,13,6,3,3,8,0,0,0
124,All,Expe5,13,6,3,4,7,1,0,-1
124,All,Expe5,13,6,3,4,10,2,0,-2
124,All,Expe5,13,6,3,5,3,0,1,1
124,All,Expe5,13,6,3,5,4,1,1,0
124,All,Expe5,13,6,3,5,5,2,1,-1
124,All,Expe5,13,6,3,5,6,3,1,-2
124,All,Expe5,13,6,3,5,7,4,1,-3
124,All,Expe5,13,6,3,5,8,5,1,-4
124,All,Expe5,13,6,3,6,2,0,1,1
124,All,Expe5,13,6,3,6,7,1,1,0
124,All,Expe5,14,1,3,1,2,0,1,1
124,All,Expe5,15,4,3,2,2,1,0,-1
124,All,Expe5,15,4,3,2,3,0,2,2
124,All,Expe5,15,4,3,2,5,1,2,1
124,All,Expe5,15,4,3,2,6,2,2,0
124,All,Expe5,15,4,3,2,7,2,3,1
124,All,Expe5,15,4,3,2,8,3,3,0
124,All,Expe5,15,4,3,4,2,1,0,-1
124,All,Expe5,15,4,3,4,10,2,0,-2
124,All,Expe5,15,4,3,4,11,3,0,-3
124,All,Expe5,16,5,3,1,11,0,0,0
124,All,Expe5,16,5,3,2,8,1,0,-1
124,All,Expe5,16,5,3,3,2,1,0,-1
124,All,Expe5,16,5,3,3,3,2,0,-2
124,All,Expe5,16,5,3,4,2,0,0,0
124,All,Expe5,16,5,3,4,3,1,0,-1
124,All,Expe5,16,5,3,4,4,2,0,-2
124,All,Expe5,16,5,3,4,6,0,3,3
124,All,Expe5,16,5,3,5,2,0,1,1
124,All,Expe5,16,5,3,5,6,1,1,0
124,All,Expe5,16,5,3,5,7,2,1,-1
124,All,Expe5,16,5,3,5,8,3,1,-2
124,All,Expe5,16,5,3,5,12,4,1,-3
124,All,Expe5,17,3,3,1,12,0,0,0
124,All,Expe5,17,3,3,3,3,1,0,-1
124,All,Expe5,17,3,3,3,7,0,2,2
124,All,Expe5,18,2,3,2,3,0,1,1
124,All,Expe5,18,2,3,2,5,1,1,0
124,All,Expe5,18,2,3,2,11,1,2,1
125,All,Expe5,1,4,1,1,9,0,0,0
125,All,Expe5,1,4,1,3,2,1,0,-1
125,All,Expe5,1,4,1,3,3,0,2,2
125,All,Expe5,1,4,1,4,2,1,0,-1
125,All,Expe5,1,4,1,4,3,2,0,-2
125,All,Expe5,1,4,1,4,5,0,3,3
125,All,Expe5,2,1,1,1,2,0,1,1
125,All,Expe5,3,5,1,1,4,0,0,0
125,All,Expe5,3,5,1,1,9,1,0,-1
125,All,Expe5,3,5,1,1,11,2,0,-2
125,All,Expe5,3,5,1,3,3,1,0,-1
125,All,Expe5,3,5,1,4,2,1,0,-1
125,All,Expe5,3,5,1,4,3,0,2,2
125,All,Expe5,4,3,1,2,8,0,0,0
125,All,Expe5,5,2,1,1,2,0,1,1
125,All,Expe5,6,6,1,1,12,0,0,0
125,All,Expe5,6,6,1,2,4,0,1,1
125,All,Expe5,6,6,1,2,9,1,1,0
125,All,Expe5,6,6,1,2,10,2,1,-1
125,All,Expe5,6,6,1,4,2,0,1,1
125,All,Expe5,6,6,1,4,6,1,1,0
125,All,Expe5,6,6,1,5,2,1,0,-1
125,All,Expe5,6,6,1,5,3,0,2,2
125,All,Expe5,7,1,2,1,2,0,1,1
125,All,Expe5,8,5,2,1,2,1,0,-1
125,All,Expe5,8,5,2,1,3,0,2,2
125,All,Expe5,8,5,2,1,6,2,1,-1
125,All,Expe5,8,5,2,1,10,3,1,-2
125,All,Expe5,8,5,2,2,3,1,0,-1
125,All,Expe5,8,5,2,3,2,1,0,-1
125,All,Expe5,8,5,2,3,3,0,2,2
125,All,Expe5,8,5,2,3,4,2,1,-1
125,All,Expe5,8,5,2,3,6,3,1,-2
125,All,Expe5,8,5,2,3,8,4,1,-3
125,All,Expe5,8,5,2,3,10,5,1,-4
125,All,Expe5,8,5,2,4,2,0,1,1
125,All,Expe5,8,5,2,4,5,1,1,0
125,All,Expe5,8,5,2,5,2,0,1,1
125,All,Expe5,9,6,2,1,2,0,0,0
125,All,Expe5,9,6,2,1,9,0,1,1
125,All,Expe5,9,6,2,1,12,1,1,0
125,All,Expe5,9,6,2,5,2,0,1,1
125,All,Expe5,9,6,2,6,2,1,0,-1
125,All,Expe5,10,2,2,1,5,0,0,0
125,All,Expe5,10,2,2,2,4,0,0,0
125,All,Expe5,11,4,2,1,2,0,1,1
125,All,Expe5,11,4,2,2,2,0,1,1
125,All,Expe5,11,4,2,3,2,0,1,1
125,All,Expe5,11,4,2,4,3,1,0,-1
125,All,Expe5,11,4,2,4,8,0,2,2
125,All,Expe5,11,4,2,4,12,1,2,1
125,All,Expe5,12,3,2,3,2,0,1,1
125,All,Expe5,12,3,2,3,10,1,1,0
125,All,Expe5,13,3,3,1,2,0,0,0
125,All,Expe5,13,3,3,1,7,1,0,-1
125,All,Expe5,13,3,3,1,11,2,0,-2
125,All,Expe5,13,3,3,2,2,0,1,1
125,All,Expe5,14,2,3,2,2,0,1,1
125,All,Expe5,14,2,3,2,11,1,1,0
125,All,Expe5,15,6,3,1,2,0,1,1
125,All,Expe5,15,6,3,6,2,0,1,1
125,All,Expe5,16,4,3,1,2,0,1,1
125,All,Expe5,16,4,3,1,3,1,1,0
125,All,Expe5,16,4,3,2,12,0,0,0
125,All,Expe5,16,4,3,4,2,1,0,-1
125,All,Expe5,16,4,3,4,3,0,2,2
125,All,Expe5,16,4,3,4,4,2,1,-1
125,All,Expe5,16,4,3,4,6,1,3,2
125,All,Expe5,17,5,3,5,6,0,1,1
126,All,Expe5,2,3,1,1,5,0,0,0
126,All,Expe5,2,3,1,2,2,1,0,-1
126,All,Expe5,2,3,1,2,3,2,0,-2
126,All,Expe5,3,4,1,2,4,0,0,0
126,All,Expe5,3,4,1,4,2,0,1,1
126,All,Expe5,3,4,1,4,6,1,1,0
126,All,Expe5,4,6,1,2,2,0,0,0
126,All,Expe5,4,6,1,2,3,1,0,-1
126,All,Expe5,4,6,1,2,4,2,0,-2
126,All,Expe5,4,6,1,2,5,0,3,3
126,All,Expe5,4,6,1,3,2,1,0,-1
126,All,Expe5,4,6,1,3,6,2,0,-2
126,All,Expe5,4,6,1,3,8,0,3,3
126,All,Expe5,4,6,1,4,2,1,0,-1
126,All,Expe5,4,6,1,4,3,2,0,-2
126,All,Expe5,4,6,1,4,4,0,3,3
126,All,Expe5,4,6,1,4,5,3,1,-2
126,All,Expe5,4,6,1,4,7,4,1,-3
126,All,Expe5,4,6,1,4,8,1,5,4
126,All,Expe5,4,6,1,4,9,5,2,-3
126,All,Expe5,4,6,1,4,10,6,2,-4
126,All,Expe5,4,6,1,5,7,0,0,0
126,All,Expe5,4,6,1,5,11,0,1,1
126,All,Expe5,5,5,1,1,3,0,0,0
126,All,Expe5,5,5,1,2,2,0,1,1
126,All,Expe5,5,5,1,2,3,1,1,0
126,All,Expe5,5,5,1,2,4,1,2,1
126,All,Expe5,5,5,1,2,5,2,2,0
126,All,Expe5,5,5,1,2,6,3,2,-1
126,All,Expe5,5,5,1,2,7,2,4,2
126,All,Expe5,5,5,1,2,11,3,4,1
126,All,Expe5,5,5,1,3,2,0,0,0
126,All,Expe5,5,5,1,3,5,1,0,-1
126,All,Expe5,5,5,1,3,7,2,0,-2
126,All,Expe5,5,5,1,3,8,3,0,-3
126,All,Expe5,5,5,1,3,9,4,0,-4
126,All,Expe5,5,5,1,3,10,5,0,-5
126,All,Expe5,5,5,1,4,5,0,0,0
126,All,Expe5,5,5,1,4,8,0,1,1
126,All,Expe5,5,5,1,5,2,0,0,0
126,All,Expe5,7,5,2,3,3,1,0,-1
126,All,Expe5,7,5,2,3,7,2,0,-2
126,All,Expe5,7,5,2,3,9,3,0,-3
126,All,Expe5,7,5,2,4,3,0,0,0
126,All,Expe5,7,5,2,4,5,1,0,-1
126,All,Expe5,7,5,2,4,7,2,0,-2
126,All,Expe5,7,5,2,4,8,3,0,-3
126,All,Expe5,7,5,2,5,7,0,0,0
126,All,Expe5,8,2,2,1,6,0,0,0
126,All,Expe5,9,1,2,1,2,0,1,1
126,All,Expe5,11,6,2,2,2,0,0,0
126,All,Expe5,11,6,2,2,3,1,0,-1
126,All,Expe5,11,6,2,2,4,2,0,-2
126,All,Expe5,11,6,2,2,5,0,3,3
126,All,Expe5,11,6,2,2,10,3,1,-2
126,All,Expe5,11,6,2,3,3,0,0,0
126,All,Expe5,11,6,2,3,4,1,0,-1
126,All,Expe5,11,6,2,3,5,2,0,-2
126,All,Expe5,11,6,2,4,2,1,0,-1
126,All,Expe5,11,6,2,4,4,2,0,-2
126,All,Expe5,11,6,2,4,5,3,0,-3
126,All,Expe5,11,6,2,4,7,4,0,-4
126,All,Expe5,11,6,2,4,8,0,5,5
126,All,Expe5,11,6,2,6,4,0,0,0
126,All,Expe5,11,6,2,6,8,0,1,1
126,All,Expe5,11,6,2,6,10,1,1,0
126,All,Expe5,12,4,2,1,3,1,0,-1
126,All,Expe5,12,4,2,1,8,2,0,-2
126,All,Expe5,12,4,2,2,3,0,0,0
126,All,Expe5,12,4,2,3,6,0,0,0
126,All,Expe5,12,4,2,3,8,1,0,-1
126,All,Expe5,12,4,2,4,2,0,0,0
126,All,Expe5,13,2,3,2,2,1,0,-1
126,All,Expe5,14,4,3,2,2,1,0,-1
126,All,Expe5,14,4,3,3,2,0,1,1
126,All,Expe5,14,4,3,3,3,1,1,0
126,All,Expe5,14,4,3,3,4,2,1,-1
126,All,Expe5,14,4,3,3,5,1,3,2
126,All,Expe5,14,4,3,4,9,0,1,1
126,All,Expe5,14,4,3,4,11,1,1,0
126,All,Expe5,15,3,3,2,6,0,0,0
126,All,Expe5,15,3,3,3,9,0,0,0
126,All,Expe5,16,1,3,1,2,0,1,1
126,All,Expe5,17,6,3,1,3,0,1,1
126,All,Expe5,17,6,3,1,6,1,1,0
126,All,Expe5,17,6,3,2,5,1,0,-1
126,All,Expe5,17,6,3,3,3,0,0,0
126,All,Expe5,17,6,3,5,3,1,0,-1
126,All,Expe5,17,6,3,5,4,2,0,-2
126,All,Expe5,17,6,3,5,5,3,0,-3
126,All,Expe5,17,6,3,5,6,4,0,-4
126,All,Expe5,17,6,3,5,7,5,0,-5
126,All,Expe5,17,6,3,5,9,6,0,-6
126,All,Expe5,17,6,3,5,11,7,0,-7
126,All,Expe5,18,5,3,3,2,1,0,-1
126,All,Expe5,18,5,3,3,3,2,0,-2
126,All,Expe5,18,5,3,3,5,3,0,-3
126,All,Expe5,18,5,3,4,2,0,0,0
126,All,Expe5,18,5,3,4,3,1,0,-1
126,All,Expe5,18,5,3,4,4,2,0,-2
126,All,Expe5,18,5,3,4,9,3,0,-3
127,All,Expe5,2,6,1,2,2,0,1,1
127,All,Expe5,2,6,1,2,3,1,1,0
127,All,Expe5,2,6,1,6,2,0,0,0
127,All,Expe5,2,6,1,6,3,0,1,1
127,All,Expe5,2,6,1,6,5,1,1,0
127,All,Expe5,5,4,1,4,2,0,1,1
127,All,Expe5,5,4,1,4,6,1,1,0
127,All,Expe5,6,5,1,2,2,0,1,1
127,All,Expe5,6,5,1,2,3,1,1,0
127,All,Expe5,6,5,1,4,2,0,1,1
127,All,Expe5,6,5,1,5,2,0,1,1
127,All,Expe5,7,2,2,2,2,0,1,1
127,All,Expe5,8,3,2,3,2,1,0,-1
127,All,Expe5,9,5,2,3,3,0,1,1
127,All,Expe5,9,5,2,3,13,1,1,0
127,All,Expe5,9,5,2,4,2,0,1,1
127,All,Expe5,9,5,2,4,11,1,1,0
127,All,Expe5,9,5,2,5,2,0,1,1
127,All,Expe5,10,4,2,3,2,0,1,1
127,All,Expe5,10,4,2,4,2,1,0,-1
127,All,Expe5,10,4,2,4,3,0,2,2
127,All,Expe5,10,4,2,4,4,1,2,1
127,All,Expe5,12,6,2,1,3,0,1,1
127,All,Expe5,12,6,2,1,4,1,1,0
127,All,Expe5,12,6,2,6,9,1,0,-1
127,All,Expe5,13,4,3,2,2,1,0,-1
127,All,Expe5,13,4,3,4,2,0,1,1
127,All,Expe5,15,2,3,2,3,0,0,0
127,All,Expe5,15,2,3,2,12,1,0,-1
127,All,Expe5,16,5,3,1,8,0,0,0
127,All,Expe5,16,5,3,3,2,0,1,1
127,All,Expe5,16,5,3,4,3,0,1,1
127,All,Expe5,16,5,3,4,4,1,1,0
127,All,Expe5,16,5,3,4,5,2,1,-1
127,All,Expe5,16,5,3,5,2,0,1,1
127,All,Expe5,16,5,3,5,5,1,1,0
127,All,Expe5,16,5,3,5,9,2,1,-1
127,All,Expe5,17,3,3,2,2,1,0,-1
127,All,Expe5,17,3,3,2,3,0,2,2
127,All,Expe5,17,3,3,3,2,0,1,1
127,All,Expe5,18,6,3,2,2,0,1,1
127,All,Expe5,18,6,3,2,3,1,1,0
127,All,Expe5,18,6,3,3,2,1,0,-1
127,All,Expe5,18,6,3,3,3,0,2,2
127,All,Expe5,18,6,3,3,5,1,2,1
127,All,Expe5,18,6,3,4,2,0,1,1
127,All,Expe5,18,6,3,4,3,1,1,0
127,All,Expe5,18,6,3,4,5,2,1,-1
127,All,Expe5,18,6,3,4,6,3,1,-2
127,All,Expe5,18,6,3,4,9,4,1,-3
127,All,Expe5,18,6,3,5,3,1,0,-1
127,All,Expe5,18,6,3,5,4,0,2,2
127,All,Expe5,18,6,3,6,2,0,1,1
128,All,Expe5,1,6,1,1,2,0,1,1
128,All,Expe5,1,6,1,1,3,1,1,0
128,All,Expe5,1,6,1,1,8,2,1,-1
128,All,Expe5,1,6,1,3,2,1,0,-1
128,All,Expe5,1,6,1,3,3,0,2,2
128,All,Expe5,1,6,1,3,4,2,1,-1
128,All,Expe5,1,6,1,3,5,1,3,2
128,All,Expe5,1,6,1,3,6,3,2,-1
128,All,Expe5,1,6,1,3,8,4,2,-2
128,All,Expe5,1,6,1,3,9,5,2,-3
128,All,Expe5,1,6,1,4,2,0,1,1
128,All,Expe5,1,6,1,4,3,1,1,0
128,All,Expe5,1,6,1,4,7,1,2,1
128,All,Expe5,1,6,1,5,2,1,0,-1
128,All,Expe5,1,6,1,5,3,0,2,2
128,All,Expe5,1,6,1,5,4,1,2,1
128,All,Expe5,1,6,1,5,5,2,2,0
128,All,Expe5,1,6,1,5,6,3,2,-1
128,All,Expe5,1,6,1,5,7,4,2,-2
128,All,Expe5,1,6,1,6,2,0,1,1
128,All,Expe5,1,6,1,6,3,1,1,0
128,All,Expe5,1,6,1,6,4,2,1,-1
128,All,Expe5,1,6,1,6,5,3,1,-2
128,All,Expe5,2,2,1,2,2,0,1,1
128,All,Expe5,3,3,1,2,2,0,1,1
128,All,Expe5,3,3,1,2,8,1,1,0
128,All,Expe5,4,5,1,2,8,0,0,0
128,All,Expe5,6,4,1,3,2,1,0,-1
128,All,Expe5,6,4,1,3,3,2,0,-2
128,All,Expe5,6,4,1,3,4,0,3,3
128,All,Expe5,6,4,1,3,6,1,3,2
128,All,Expe5,10,6,2,5,2,0,1,1
128,All,Expe5,10,6,2,5,3,1,1,0
128,All,Expe5,10,6,2,5,5,2,1,-1
128,All,Expe5,11,5,2,1,12,0,0,0
128,All,Expe5,11,5,2,4,3,1,0,-1
128,All,Expe5,14,5,3,2,3,1,0,-1
128,All,Expe5,14,5,3,3,4,1,0,-1
129,All,Expe5,1,2,1,2,4,0,0,0
129,All,Expe5,2,5,1,3,2,0,1,1
129,All,Expe5,2,5,1,4,2,0,1,1
129,All,Expe5,2,5,1,4,3,1,1,0
129,All,Expe5,2,5,1,4,5,2,1,-1
129,All,Expe5,2,5,1,5,3,1,0,-1
129,All,Expe5,2,5,1,5,7,2,0,-2
129,All,Expe5,4,4,1,3,2,0,1,1
129,All,Expe5,4,4,1,3,6,1,1,0
129,All,Expe5,4,4,1,4,2,0,1,1
129,All,Expe5,5,3,1,2,2,0,1,1
129,All,Expe5,5,3,1,2,6,1,1,0
129,All,Expe5,5,3,1,3,2,0,1,1
129,All,Expe5,5,3,1,3,11,1,1,0
129,All,Expe5,7,4,2,4,2,0,1,1
129,All,Expe5,8,6,2,2,2,0,1,1
129,All,Expe5,8,6,2,4,3,0,1,1
129,All,Expe5,8,6,2,4,4,1,1,0
129,All,Expe5,8,6,2,6,2,0,1,1
129,All,Expe5,9,3,2,3,2,0,1,1
129,All,Expe5,12,5,2,2,2,0,1,1
129,All,Expe5,12,5,2,2,3,1,1,0
129,All,Expe5,12,5,2,4,2,1,0,-1
129,All,Expe5,12,5,2,4,3,0,2,2
129,All,Expe5,12,5,2,5,2,0,1,1
129,All,Expe5,12,5,2,5,3,1,1,0
129,All,Expe5,13,5,3,5,2,0,1,1
129,All,Expe5,14,6,3,5,2,1,0,-1
129,All,Expe5,14,6,3,5,3,0,2,2
129,All,Expe5,14,6,3,5,4,1,2,1
129,All,Expe5,14,6,3,6,2,0,1,1
129,All,Expe5,15,1,3,1,2,0,1,1
129,All,Expe5,16,3,3,3,2,0,0,0
129,All,Expe5,17,4,3,4,2,0,1,1
129,All,Expe5,18,2,3,1,11,0,0,0
129,All,Expe5,18,2,3,2,2,1,0,-1
130,All,Expe5,1,5,1,1,3,0,0,0
130,All,Expe5,1,5,1,3,2,0,1,1
130,All,Expe5,1,5,1,3,8,1,1,0
130,All,Expe5,1,5,1,5,2,0,1,1
130,All,Expe5,1,5,1,5,4,1,1,0
130,All,Expe5,1,5,1,5,7,2,1,-1
130,All,Expe5,1,5,1,5,10,3,1,-2
130,All,Expe5,2,4,1,1,3,1,0,-1
130,All,Expe5,2,4,1,1,4,2,0,-2
130,All,Expe5,2,4,1,1,5,0,3,3
130,All,Expe5,2,4,1,2,3,1,0,-1
130,All,Expe5,2,4,1,2,6,0,2,2
130,All,Expe5,2,4,1,2,9,1,2,1
130,All,Expe5,2,4,1,2,12,2,2,0
130,All,Expe5,2,4,1,3,2,1,0,-1
130,All,Expe5,2,4,1,4,2,0,1,1
130,All,Expe5,2,4,1,4,3,1,1,0
130,All,Expe5,2,4,1,4,4,2,1,-1
130,All,Expe5,2,4,1,4,10,3,1,-2
130,All,Expe5,3,2,1,1,2,1,0,-1
130,All,Expe5,3,2,1,1,3,0,2,2
130,All,Expe5,3,2,1,1,6,2,1,-1
130,All,Expe5,3,2,1,1,7,1,3,2
130,All,Expe5,3,2,1,2,4,0,0,0
130,All,Expe5,5,6,1,2,2,0,1,1
130,All,Expe5,5,6,1,2,7,1,1,0
130,All,Expe5,5,6,1,5,2,0,1,1
130,All,Expe5,5,6,1,5,3,1,1,0
130,All,Expe5,5,6,1,6,2,0,0,0
130,All,Expe5,6,3,1,2,2,0,0,0
130,All,Expe5,7,6,2,1,2,0,0,0
130,All,Expe5,7,6,2,1,3,1,0,-1
130,All,Expe5,7,6,2,1,7,0,2,2
130,All,Expe5,7,6,2,1,10,2,1,-1
130,All,Expe5,7,6,2,1,11,1,3,2
130,All,Expe5,7,6,2,1,13,3,2,-1
130,All,Expe5,7,6,2,2,2,0,0,0
130,All,Expe5,7,6,2,2,5,0,1,1
130,All,Expe5,7,6,2,2,7,1,1,0
130,All,Expe5,7,6,2,3,2,0,0,0
130,All,Expe5,7,6,2,3,3,1,0,-1
130,All,Expe5,7,6,2,3,7,2,0,-2
130,All,Expe5,7,6,2,3,8,3,0,-3
130,All,Expe5,7,6,2,3,10,4,0,-4
130,All,Expe5,7,6,2,4,2,0,1,1
130,All,Expe5,7,6,2,4,4,1,1,0
130,All,Expe5,7,6,2,4,5,2,1,-1
130,All,Expe5,7,6,2,4,8,3,1,-2
130,All,Expe5,7,6,2,6,2,1,0,-1
130,All,Expe5,7,6,2,6,3,0,2,2
130,All,Expe5,7,6,2,6,4,2,1,-1
130,All,Expe5,7,6,2,6,5,1,3,2
130,All,Expe5,7,6,2,6,6,3,2,-1
130,All,Expe5,7,6,2,6,7,2,4,2
130,All,Expe5,7,6,2,6,8,4,3,-1
130,All,Expe5,7,6,2,6,9,5,3,-2
130,All,Expe5,7,6,2,6,10,6,3,-3
130,All,Expe5,7,6,2,6,11,3,7,4
130,All,Expe5,7,6,2,6,12,7,4,-3
130,All,Expe5,8,1,2,1,2,0,1,1
130,All,Expe5,9,4,2,1,2,0,0,0
130,All,Expe5,9,4,2,1,5,1,0,-1
130,All,Expe5,9,4,2,2,2,0,1,1
130,All,Expe5,9,4,2,2,4,1,1,0
130,All,Expe5,9,4,2,2,5,1,2,1
130,All,Expe5,9,4,2,2,6,2,2,0
130,All,Expe5,9,4,2,2,8,2,3,1
130,All,Expe5,9,4,2,3,2,1,0,-1
130,All,Expe5,9,4,2,3,7,2,0,-2
130,All,Expe5,9,4,2,3,10,0,3,3
130,All,Expe5,9,4,2,4,2,0,1,1
130,All,Expe5,9,4,2,4,8,1,1,0
130,All,Expe5,9,4,2,4,11,2,1,-1
130,All,Expe5,9,4,2,4,13,3,1,-2
130,All,Expe5,10,5,2,1,2,1,0,-1
130,All,Expe5,10,5,2,1,3,0,2,2
130,All,Expe5,10,5,2,3,2,1,0,-1
130,All,Expe5,10,5,2,3,4,0,2,2
130,All,Expe5,10,5,2,3,6,1,2,1
130,All,Expe5,10,5,2,3,9,2,2,0
130,All,Expe5,10,5,2,3,11,2,3,1
130,All,Expe5,10,5,2,4,9,0,0,0
130,All,Expe5,10,5,2,4,12,0,1,1
130,All,Expe5,10,5,2,5,2,1,0,-1
130,All,Expe5,10,5,2,5,3,2,0,-2
130,All,Expe5,10,5,2,5,4,0,3,3
130,All,Expe5,10,5,2,5,5,3,1,-2
130,All,Expe5,11,3,2,1,4,0,0,0
130,All,Expe5,11,3,2,1,6,1,0,-1
130,All,Expe5,11,3,2,1,8,0,2,2
130,All,Expe5,11,3,2,1,9,1,2,1
130,All,Expe5,11,3,2,2,3,1,0,-1
130,All,Expe5,11,3,2,2,6,2,0,-2
130,All,Expe5,11,3,2,2,8,3,0,-3
130,All,Expe5,11,3,2,3,3,0,0,0
130,All,Expe5,11,3,2,3,5,1,0,-1
130,All,Expe5,11,3,2,3,6,2,0,-2
130,All,Expe5,11,3,2,3,7,3,0,-3
130,All,Expe5,11,3,2,3,8,0,4,4
130,All,Expe5,11,3,2,3,9,4,1,-3
130,All,Expe5,11,3,2,3,13,5,1,-4
130,All,Expe5,12,2,2,1,4,0,0,0
130,All,Expe5,12,2,2,1,6,1,0,-1
130,All,Expe5,12,2,2,1,7,2,0,-2
130,All,Expe5,12,2,2,1,8,0,3,3
130,All,Expe5,12,2,2,1,12,1,3,2
130,All,Expe5,12,2,2,2,4,0,0,0
130,All,Expe5,12,2,2,2,7,0,1,1
130,All,Expe5,12,2,2,2,8,1,1,0
130,All,Expe5,13,6,3,1,2,1,0,-1
130,All,Expe5,13,6,3,1,3,0,2,2
130,All,Expe5,13,6,3,1,4,2,1,-1
130,All,Expe5,13,6,3,1,6,3,1,-2
130,All,Expe5,13,6,3,1,7,1,4,3
130,All,Expe5,13,6,3,1,9,4,2,-2
130,All,Expe5,13,6,3,1,12,2,5,3
130,All,Expe5,13,6,3,3,3,0,1,1
130,All,Expe5,13,6,3,3,4,1,1,0
130,All,Expe5,13,6,3,4,2,1,0,-1
130,All,Expe5,13,6,3,4,3,0,2,2
130,All,Expe5,13,6,3,4,4,2,1,-1
130,All,Expe5,13,6,3,4,5,3,1,-2
130,All,Expe5,13,6,3,4,7,1,4,3
130,All,Expe5,13,6,3,4,8,4,2,-2
130,All,Expe5,13,6,3,6,2,0,0,0
130,All,Expe5,13,6,3,6,3,1,0,-1
130,All,Expe5,13,6,3,6,7,0,2,2
130,All,Expe5,14,3,3,1,8,0,0,0
130,All,Expe5,14,3,3,2,2,0,1,1
130,All,Expe5,15,5,3,1,2,0,0,0
130,All,Expe5,15,5,3,1,3,0,1,1
130,All,Expe5,15,5,3,3,2,1,0,-1
130,All,Expe5,15,5,3,3,3,0,2,2
130,All,Expe5,15,5,3,3,5,1,2,1
130,All,Expe5,15,5,3,3,6,2,2,0
130,All,Expe5,15,5,3,5,8,0,1,1
130,All,Expe5,16,2,3,2,2,0,1,1
130,All,Expe5,16,2,3,2,9,1,1,0
130,All,Expe5,17,1,3,1,4,0,0,0
130,All,Expe5,17,1,3,1,5,0,1,1
130,All,Expe5,17,1,3,1,7,1,1,0
130,All,Expe5,17,1,3,1,10,1,2,1
130,All,Expe5,18,4,3,1,4,0,0,0
130,All,Expe5,18,4,3,1,6,0,1,1
130,All,Expe5,18,4,3,1,7,1,1,0
130,All,Expe5,18,4,3,1,8,2,1,-1
130,All,Expe5,18,4,3,1,9,1,3,2
130,All,Expe5,18,4,3,1,10,2,3,1
130,All,Expe5,18,4,3,1,11,3,3,0
130,All,Expe5,18,4,3,1,12,4,3,-1
130,All,Expe5,18,4,3,1,13,3,5,2
130,All,Expe5,18,4,3,2,2,0,0,0
130,All,Expe5,18,4,3,2,3,1,0,-1
130,All,Expe5,18,4,3,2,6,2,0,-2
130,All,Expe5,18,4,3,2,11,3,0,-3
130,All,Expe5,18,4,3,3,2,0,1,1
130,All,Expe5,18,4,3,3,3,1,1,0
130,All,Expe5,18,4,3,3,7,1,2,1
130,All,Expe5,18,4,3,3,8,2,2,0
130,All,Expe5,18,4,3,3,9,3,2,-1
130,All,Expe5,18,4,3,3,11,2,4,2
130,All,Expe5,18,4,3,4,2,0,1,1
130,All,Expe5,18,4,3,4,7,1,1,0
131,All,Expe5,1,1,1,1,2,0,1,1
131,All,Expe5,2,5,1,1,2,0,1,1
131,All,Expe5,2,5,1,2,2,0,1,1
131,All,Expe5,2,5,1,2,4,1,1,0
131,All,Expe5,2,5,1,2,5,1,2,1
131,All,Expe5,2,5,1,2,6,2,2,0
131,All,Expe5,2,5,1,2,7,2,3,1
131,All,Expe5,2,5,1,2,8,3,3,0
131,All,Expe5,2,5,1,4,3,1,0,-1
131,All,Expe5,2,5,1,4,4,2,0,-2
131,All,Expe5,2,5,1,5,2,0,0,0
131,All,Expe5,3,6,1,1,2,1,0,-1
131,All,Expe5,3,6,1,1,3,0,2,2
131,All,Expe5,3,6,1,1,6,1,2,1
131,All,Expe5,4,2,1,1,2,0,0,0
131,All,Expe5,5,4,1,3,2,0,1,1
131,All,Expe5,5,4,1,4,2,0,1,1
131,All,Expe5,7,4,2,3,2,0,1,1
131,All,Expe5,7,4,2,3,3,1,1,0
131,All,Expe5,9,5,2,2,2,0,1,1
131,All,Expe5,9,5,2,2,3,1,1,0
131,All,Expe5,9,5,2,2,4,1,2,1
131,All,Expe5,9,5,2,4,2,0,1,1
131,All,Expe5,9,5,2,5,9,0,0,0
131,All,Expe5,10,3,2,2,2,0,0,0
131,All,Expe5,12,6,2,2,3,0,0,0
131,All,Expe5,12,6,2,2,4,1,0,-1
131,All,Expe5,12,6,2,2,7,2,0,-2
131,All,Expe5,12,6,2,3,2,0,1,1
131,All,Expe5,12,6,2,3,3,1,1,0
131,All,Expe5,12,6,2,3,5,1,2,1
131,All,Expe5,12,6,2,4,2,1,0,-1
131,All,Expe5,12,6,2,4,3,0,2,2
131,All,Expe5,13,3,3,2,2,0,1,1
131,All,Expe5,14,2,3,1,4,1,0,-1
131,All,Expe5,14,2,3,2,2,0,1,1
131,All,Expe5,15,6,3,1,10,0,0,0
131,All,Expe5,15,6,3,2,2,0,1,1
131,All,Expe5,15,6,3,2,3,1,1,0
131,All,Expe5,15,6,3,2,4,1,2,1
131,All,Expe5,15,6,3,3,9,0,1,1
131,All,Expe5,15,6,3,4,2,0,1,1
131,All,Expe5,15,6,3,4,3,1,1,0
131,All,Expe5,15,6,3,4,4,1,2,1
131,All,Expe5,15,6,3,4,6,2,2,0
131,All,Expe5,15,6,3,5,12,0,0,0
131,All,Expe5,16,4,3,2,2,0,1,1
131,All,Expe5,17,5,3,2,2,0,1,1
132,All,Expe5,1,5,1,4,2,0,1,1
132,All,Expe5,2,2,1,2,2,0,1,1
132,All,Expe5,3,1,1,1,2,0,1,1
132,All,Expe5,4,3,1,3,2,0,1,1
132,All,Expe5,4,3,1,3,8,1,1,0
132,All,Expe5,5,6,1,1,6,0,0,0
132,All,Expe5,5,6,1,1,9,0,1,1
132,All,Expe5,5,6,1,2,2,0,1,1
132,All,Expe5,5,6,1,4,3,0,1,1
132,All,Expe5,5,6,1,4,4,1,1,0
132,All,Expe5,5,6,1,4,6,2,1,-1
132,All,Expe5,5,6,1,5,2,0,1,1
132,All,Expe5,5,6,1,5,3,1,1,0
132,All,Expe5,5,6,1,5,4,1,2,1
132,All,Expe5,5,6,1,5,12,2,2,0
132,All,Expe5,6,4,1,2,2,0,1,1
132,All,Expe5,6,4,1,4,3,0,1,1
132,All,Expe5,8,3,2,3,8,0,1,1
132,All,Expe5,9,4,2,4,2,0,1,1
132,All,Expe5,10,6,2,2,9,0,0,0
132,All,Expe5,10,6,2,3,2,0,1,1
132,All,Expe5,10,6,2,3,3,1,1,0
132,All,Expe5,10,6,2,4,8,0,1,1
132,All,Expe5,10,6,2,5,3,0,1,1
132,All,Expe5,10,6,2,6,3,0,1,1
132,All,Expe5,11,5,2,2,11,0,1,1
132,All,Expe5,11,5,2,5,2,0,1,1
132,All,Expe5,12,2,2,1,4,0,0,0
132,All,Expe5,12,2,2,2,2,0,0,0
132,All,Expe5,14,4,3,1,9,0,0,0
132,All,Expe5,14,4,3,4,2,1,0,-1
132,All,Expe5,14,4,3,4,7,2,0,-2
132,All,Expe5,15,3,3,3,2,1,0,-1
132,All,Expe5,15,3,3,3,3,0,2,2
132,All,Expe5,17,6,3,2,3,0,1,1
132,All,Expe5,17,6,3,2,5,1,1,0
132,All,Expe5,17,6,3,2,12,2,1,-1
132,All,Expe5,17,6,3,3,11,0,1,1
132,All,Expe5,17,6,3,4,4,0,1,1
132,All,Expe5,17,6,3,5,2,0,1,1
132,All,Expe5,17,6,3,5,4,1,1,0
132,All,Expe5,17,6,3,6,2,0,1,1
132,All,Expe5,18,5,3,1,3,1,0,-1
132,All,Expe5,18,5,3,2,3,0,1,1
132,All,Expe5,18,5,3,5,2,0,1,1
133,All,Expe5,1,2,1,1,2,1,0,-1
133,All,Expe5,1,2,1,1,3,0,2,2
133,All,Expe5,1,2,1,1,4,1,2,1
133,All,Expe5,3,5,1,2,3,0,1,1
133,All,Expe5,3,5,1,3,3,1,0,-1
133,All,Expe5,4,4,1,3,2,0,1,1
133,All,Expe5,6,6,1,1,2,1,0,-1
133,All,Expe5,6,6,1,1,3,0,2,2
133,All,Expe5,6,6,1,1,4,2,1,-1
133,All,Expe5,6,6,1,1,5,3,1,-2
133,All,Expe5,6,6,1,1,6,1,4,3
133,All,Expe5,6,6,1,5,2,1,0,-1
133,All,Expe5,6,6,1,5,5,2,0,-2
133,All,Expe5,6,6,1,6,2,1,0,-1
133,All,Expe5,6,6,1,6,4,2,0,-2
133,All,Expe5,6,6,1,6,5,0,3,3
133,All,Expe5,7,3,2,3,2,0,1,1
133,All,Expe5,8,6,2,3,3,0,1,1
133,All,Expe5,11,4,2,1,2,0,1,1
133,All,Expe5,11,4,2,4,2,0,0,0
133,All,Expe5,11,4,2,4,5,0,1,1
133,All,Expe5,12,5,2,2,9,0,0,0
133,All,Expe5,12,5,2,3,2,0,1,1
133,All,Expe5,12,5,2,3,3,1,1,0
133,All,Expe5,12,5,2,3,4,1,2,1
133,All,Expe5,15,2,3,1,2,0,1,1
133,All,Expe5,16,5,3,4,2,0,1,1
133,All,Expe5,16,5,3,4,3,1,1,0
133,All,Expe5,16,5,3,4,4,1,2,1
133,All,Expe5,17,3,3,1,7,0,0,0
133,All,Expe5,18,6,3,1,2,0,1,1
133,All,Expe5,18,6,3,1,3,1,1,0
133,All,Expe5,18,6,3,1,4,2,1,-1
133,All,Expe5,18,6,3,1,5,1,3,2
133,All,Expe5,18,6,3,1,6,3,2,-1
133,All,Expe5,18,6,3,1,7,2,4,2
133,All,Expe5,18,6,3,3,3,0,1,1
133,All,Expe5,18,6,3,3,4,1,1,0
133,All,Expe5,18,6,3,3,5,2,1,-1
133,All,Expe5,18,6,3,3,7,3,1,-2
133,All,Expe5,18,6,3,4,2,0,1,1
133,All,Expe5,18,6,3,4,6,1,1,0
133,All,Expe5,18,6,3,5,4,0,0,0
133,All,Expe5,18,6,3,5,7,1,0,-1
133,All,Expe5,18,6,3,6,2,0,1,1
133,All,Expe5,18,6,3,6,3,1,1,0
133,All,Expe5,18,6,3,6,5,2,1,-1
134,All,Expe5,2,4,1,1,4,0,0,0
134,All,Expe5,2,4,1,4,5,0,0,0
134,All,Expe5,2,4,1,4,8,1,0,-1
134,All,Expe5,4,6,1,1,2,0,1,1
134,All,Expe5,4,6,1,1,8,1,1,0
134,All,Expe5,4,6,1,2,2,1,0,-1
134,All,Expe5,4,6,1,6,4,1,0,-1
134,All,Expe5,4,6,1,6,6,0,2,2
134,All,Expe5,4,6,1,6,12,1,2,1
134,All,Expe5,5,5,1,2,10,1,0,-1
134,All,Expe5,5,5,1,2,11,2,0,-2
134,All,Expe5,5,5,1,2,12,3,0,-3
134,All,Expe5,5,5,1,4,2,1,0,-1
134,All,Expe5,5,5,1,4,3,0,2,2
134,All,Expe5,5,5,1,4,4,1,2,1
134,All,Expe5,5,5,1,4,5,2,2,0
134,All,Expe5,5,5,1,5,2,0,1,1
134,All,Expe5,5,5,1,5,4,1,1,0
134,All,Expe5,5,5,1,5,5,1,2,1
134,All,Expe5,5,5,1,5,6,2,2,0
134,All,Expe5,5,5,1,5,8,3,2,-1
134,All,Expe5,5,5,1,5,9,4,2,-2
134,All,Expe5,5,5,1,5,10,5,2,-3
134,All,Expe5,6,1,1,1,2,0,1,1
134,All,Expe5,7,6,2,3,4,0,1,1
134,All,Expe5,7,6,2,3,5,1,1,0
134,All,Expe5,7,6,2,4,2,1,0,-1
134,All,Expe5,7,6,2,5,2,0,1,1
134,All,Expe5,8,2,2,2,2,0,1,1
134,All,Expe5,9,3,2,2,2,0,1,1
134,All,Expe5,9,3,2,3,2,0,1,1
134,All,Expe5,9,3,2,3,13,1,1,0
134,All,Expe5,10,5,2,1,6,0,1,1
134,All,Expe5,10,5,2,1,10,1,1,0
134,All,Expe5,10,5,2,3,2,0,0,0
134,All,Expe5,10,5,2,4,2,0,1,1
134,All,Expe5,10,5,2,4,3,1,1,0
134,All,Expe5,10,5,2,4,4,2,1,-1
134,All,Expe5,10,5,2,4,5,1,3,2
134,All,Expe5,10,5,2,4,6,2,3,1
134,All,Expe5,10,5,2,4,7,3,3,0
134,All,Expe5,12,4,2,2,2,0,0,0
134,All,Expe5,12,4,2,2,8,1,0,-1
134,All,Expe5,12,4,2,4,2,0,1,1
134,All,Expe5,12,4,2,4,4,1,1,0
134,All,Expe5,14,5,3,1,7,0,0,0
134,All,Expe5,14,5,3,4,2,0,1,1
134,All,Expe5,14,5,3,4,3,1,1,0
134,All,Expe5,14,5,3,5,2,0,1,1
134,All,Expe5,14,5,3,5,4,1,1,0
134,All,Expe5,15,4,3,1,2,0,0,0
134,All,Expe5,15,4,3,1,3,0,1,1
134,All,Expe5,15,4,3,1,4,1,1,0
134,All,Expe5,15,4,3,1,5,2,1,-1
134,All,Expe5,15,4,3,1,6,1,3,2
134,All,Expe5,15,4,3,1,10,3,2,-1
134,All,Expe5,15,4,3,2,3,1,0,-1
134,All,Expe5,15,4,3,2,5,2,0,-2
134,All,Expe5,15,4,3,2,6,3,0,-3
134,All,Expe5,15,4,3,2,7,0,4,4
134,All,Expe5,15,4,3,2,8,4,1,-3
134,All,Expe5,15,4,3,2,10,5,1,-4
134,All,Expe5,15,4,3,2,11,1,6,5
134,All,Expe5,15,4,3,2,12,6,2,-4
134,All,Expe5,15,4,3,3,3,0,0,0
134,All,Expe5,15,4,3,3,4,0,1,1
134,All,Expe5,15,4,3,3,11,1,1,0
134,All,Expe5,15,4,3,4,2,0,1,1
134,All,Expe5,15,4,3,4,3,1,1,0
134,All,Expe5,15,4,3,4,4,2,1,-1
134,All,Expe5,15,4,3,4,5,1,3,2
134,All,Expe5,16,6,3,2,2,0,1,1
134,All,Expe5,16,6,3,2,3,1,1,0
134,All,Expe5,16,6,3,2,4,2,1,-1
134,All,Expe5,16,6,3,3,4,0,1,1
134,All,Expe5,16,6,3,3,6,1,1,0
134,All,Expe5,16,6,3,3,10,2,1,-1
134,All,Expe5,16,6,3,4,2,0,1,1
134,All,Expe5,16,6,3,4,3,1,1,0
134,All,Expe5,16,6,3,4,4,2,1,-1
134,All,Expe5,16,6,3,4,6,1,3,2
134,All,Expe5,16,6,3,4,7,2,3,1
134,All,Expe5,16,6,3,4,8,3,3,0
134,All,Expe5,16,6,3,4,9,4,3,-1
134,All,Expe5,16,6,3,4,10,5,3,-2
134,All,Expe5,16,6,3,4,11,3,6,3
134,All,Expe5,16,6,3,4,12,6,4,-2
134,All,Expe5,16,6,3,5,3,0,1,1
134,All,Expe5,16,6,3,6,2,0,1,1
134,All,Expe5,16,6,3,6,3,1,1,0
134,All,Expe5,16,6,3,6,5,2,1,-1
134,All,Expe5,17,2,3,2,2,0,1,1
134,All,Expe5,17,2,3,2,3,1,1,0
134,All,Expe5,18,3,3,2,4,1,0,-1
134,All,Expe5,18,3,3,2,5,2,0,-2
134,All,Expe5,18,3,3,2,7,3,0,-3
134,All,Expe5,18,3,3,3,3,1,0,-1
135,All,Expe5,1,4,1,3,2,0,1,1
135,All,Expe5,1,4,1,3,3,1,1,0
135,All,Expe5,1,4,1,3,4,1,2,1
135,All,Expe5,2,6,1,1,4,1,0,-1
135,All,Expe5,2,6,1,1,5,2,0,-2
135,All,Expe5,2,6,1,1,6,0,3,3
135,All,Expe5,2,6,1,1,7,3,1,-2
135,All,Expe5,2,6,1,1,11,4,1,-3
135,All,Expe5,2,6,1,3,5,0,1,1
135,All,Expe5,2,6,1,4,2,0,1,1
135,All,Expe5,2,6,1,4,3,1,1,0
135,All,Expe5,2,6,1,4,4,2,1,-1
135,All,Expe5,2,6,1,4,5,1,3,2
135,All,Expe5,2,6,1,4,7,2,3,1
135,All,Expe5,2,6,1,4,9,3,3,0
135,All,Expe5,2,6,1,4,10,3,4,1
135,All,Expe5,2,6,1,4,11,4,4,0
135,All,Expe5,2,6,1,5,2,1,0,-1
135,All,Expe5,2,6,1,5,3,0,2,2
135,All,Expe5,2,6,1,5,5,2,1,-1
135,All,Expe5,2,6,1,5,6,3,1,-2
135,All,Expe5,2,6,1,5,7,1,4,3
135,All,Expe5,2,6,1,5,8,2,4,2
135,All,Expe5,2,6,1,5,9,4,3,-1
135,All,Expe5,3,3,1,3,2,0,1,1
135,All,Expe5,3,3,1,3,4,1,1,0
135,All,Expe5,3,3,1,3,12,2,1,-1
135,All,Expe5,5,2,1,2,2,0,1,1
135,All,Expe5,6,5,1,2,2,0,1,1
135,All,Expe5,6,5,1,2,4,1,1,0
135,All,Expe5,6,5,1,3,2,0,1,1
135,All,Expe5,6,5,1,3,10,1,1,0
135,All,Expe5,6,5,1,5,2,0,1,1
135,All,Expe5,6,5,1,5,3,1,1,0
135,All,Expe5,7,2,2,2,9,0,0,0
135,All,Expe5,8,5,2,2,3,1,0,-1
135,All,Expe5,8,5,2,2,4,2,0,-2
135,All,Expe5,8,5,2,2,6,0,3,3
135,All,Expe5,8,5,2,3,2,0,0,0
135,All,Expe5,8,5,2,4,2,0,1,1
135,All,Expe5,8,5,2,4,4,1,1,0
135,All,Expe5,8,5,2,4,5,2,1,-1
135,All,Expe5,8,5,2,4,8,3,1,-2
135,All,Expe5,8,5,2,4,11,4,1,-3
135,All,Expe5,8,5,2,5,2,0,1,1
135,All,Expe5,9,6,2,1,2,0,0,0
135,All,Expe5,9,6,2,2,2,1,0,-1
135,All,Expe5,9,6,2,2,3,0,2,2
135,All,Expe5,9,6,2,2,4,2,1,-1
135,All,Expe5,9,6,2,2,5,1,3,2
135,All,Expe5,9,6,2,3,2,0,0,0
135,All,Expe5,9,6,2,3,5,1,0,-1
135,All,Expe5,9,6,2,3,6,2,0,-2
135,All,Expe5,9,6,2,3,11,3,0,-3
135,All,Expe5,9,6,2,4,2,0,1,1
135,All,Expe5,9,6,2,4,3,1,1,0
135,All,Expe5,9,6,2,4,6,2,1,-1
135,All,Expe5,9,6,2,5,2,0,1,1
135,All,Expe5,9,6,2,5,4,1,1,0
135,All,Expe5,9,6,2,5,6,1,2,1
135,All,Expe5,9,6,2,6,2,0,1,1
135,All,Expe5,9,6,2,6,3,1,1,0
135,All,Expe5,9,6,2,6,4,1,2,1
135,All,Expe5,10,4,2,3,2,0,1,1
135,All,Expe5,10,4,2,4,2,0,1,1
135,All,Expe5,11,3,2,2,2,0,0,0
135,All,Expe5,11,3,2,3,2,0,1,1
135,All,Expe5,12,1,2,1,2,0,1,1
135,All,Expe5,13,5,3,1,2,0,1,1
135,All,Expe5,13,5,3,1,3,1,1,0
135,All,Expe5,13,5,3,2,2,0,0,0
135,All,Expe5,13,5,3,3,2,1,0,-1
135,All,Expe5,13,5,3,3,3,0,2,2
135,All,Expe5,13,5,3,4,2,1,0,-1
135,All,Expe5,13,5,3,4,3,2,0,-2
135,All,Expe5,13,5,3,4,4,3,0,-3
135,All,Expe5,13,5,3,4,6,4,0,-4
135,All,Expe5,13,5,3,4,7,5,0,-5
135,All,Expe5,13,5,3,4,12,0,6,6
135,All,Expe5,13,5,3,5,2,1,0,-1
135,All,Expe5,13,5,3,5,3,0,2,2
135,All,Expe5,13,5,3,5,4,2,1,-1
135,All,Expe5,13,5,3,5,5,1,3,2
135,All,Expe5,13,5,3,5,6,3,2,-1
135,All,Expe5,13,5,3,5,8,4,2,-2
135,All,Expe5,13,5,3,5,9,2,5,3
135,All,Expe5,13,5,3,5,10,3,5,2
135,All,Expe5,13,5,3,5,11,4,5,1
135,All,Expe5,14,6,3,3,3,0,1,1
135,All,Expe5,14,6,3,4,2,0,1,1
135,All,Expe5,14,6,3,4,3,1,1,0
135,All,Expe5,14,6,3,4,5,2,1,-1
135,All,Expe5,14,6,3,4,10,3,1,-2
135,All,Expe5,16,3,3,1,4,0,0,0
135,All,Expe5,16,3,3,2,2,0,1,1
135,All,Expe5,17,4,3,2,3,0,1,1
135,All,Expe5,17,4,3,2,5,1,1,0
135,All,Expe5,17,4,3,2,7,2,1,-1
135,All,Expe5,17,4,3,2,8,3,1,-2
135,All,Expe5,17,4,3,3,2,0,1,1
135,All,Expe5,17,4,3,3,3,1,1,0
135,All,Expe5,17,4,3,4,2,0,1,1
135,All,Expe5,18,2,3,2,12,0,1,1
136,All,Expe5,1,6,1,3,2,0,1,1
136,All,Expe5,1,6,1,4,3,1,0,-1
136,All,Expe5,1,6,1,4,5,2,0,-2
136,All,Expe5,1,6,1,5,3,0,0,0
136,All,Expe5,3,4,1,1,2,0,1,1
136,All,Expe5,3,4,1,1,3,1,1,0
136,All,Expe5,3,4,1,3,2,1,0,-1
136,All,Expe5,3,4,1,3,3,0,2,2
136,All,Expe5,3,4,1,3,11,2,1,-1
136,All,Expe5,3,4,1,4,2,0,1,1
136,All,Expe5,3,4,1,4,8,1,1,0
136,All,Expe5,4,5,1,2,3,0,1,1
136,All,Expe5,4,5,1,4,3,0,0,0
136,All,Expe5,4,5,1,5,2,0,1,1
136,All,Expe5,4,5,1,5,4,1,1,0
136,All,Expe5,5,3,1,1,6,0,1,1
136,All,Expe5,5,3,1,1,7,1,1,0
136,All,Expe5,5,3,1,2,2,0,1,1
136,All,Expe5,5,3,1,3,2,0,1,1
136,All,Expe5,6,2,1,2,2,0,1,1
136,All,Expe5,7,5,2,1,9,0,0,0
136,All,Expe5,7,5,2,3,2,1,0,-1
136,All,Expe5,7,5,2,3,3,0,2,2
136,All,Expe5,7,5,2,3,5,1,2,1
136,All,Expe5,7,5,2,4,2,1,0,-1
136,All,Expe5,7,5,2,4,3,0,2,2
136,All,Expe5,8,4,2,1,4,0,0,0
136,All,Expe5,8,4,2,3,2,0,1,1
136,All,Expe5,9,2,2,1,2,0,1,1
136,All,Expe5,9,2,2,2,2,0,1,1
136,All,Expe5,9,2,2,2,3,1,1,0
136,All,Expe5,11,6,2,3,2,1,0,-1
136,All,Expe5,11,6,2,3,3,0,2,2
136,All,Expe5,11,6,2,3,8,1,2,1
136,All,Expe5,11,6,2,6,2,1,0,-1
136,All,Expe5,12,3,2,2,4,0,0,0
136,All,Expe5,12,3,2,3,5,0,0,0
136,All,Expe5,12,3,2,3,12,0,1,1
136,All,Expe5,13,6,3,3,5,1,0,-1
136,All,Expe5,13,6,3,5,2,0,1,1
136,All,Expe5,14,3,3,1,2,0,0,0
136,All,Expe5,14,3,3,1,5,0,1,1
136,All,Expe5,14,3,3,3,2,0,0,0
136,All,Expe5,14,3,3,3,5,0,1,1
136,All,Expe5,15,5,3,1,11,0,0,0
136,All,Expe5,15,5,3,2,2,1,0,-1
136,All,Expe5,15,5,3,2,3,0,2,2
136,All,Expe5,15,5,3,5,2,0,1,1
136,All,Expe5,15,5,3,5,4,1,1,0
136,All,Expe5,15,5,3,5,5,1,2,1
136,All,Expe5,16,2,3,1,2,0,0,0
136,All,Expe5,16,2,3,1,3,1,0,-1
136,All,Expe5,16,2,3,1,7,2,0,-2
136,All,Expe5,16,2,3,2,2,0,1,1
136,All,Expe5,18,4,3,3,2,0,1,1
136,All,Expe5,18,4,3,4,8,0,1,1
136,All,Expe5,18,4,3,4,13,1,1,0
137,All,Expe5,1,2,1,2,2,0,1,1
137,All,Expe5,2,4,1,1,12,0,0,0
137,All,Expe5,2,4,1,4,2,1,0,-1
137,All,Expe5,3,5,1,3,4,1,0,-1
137,All,Expe5,3,5,1,5,2,0,1,1
137,All,Expe5,3,5,1,5,9,1,1,0
137,All,Expe5,4,3,1,1,9,0,0,0
137,All,Expe5,4,3,1,2,2,0,1,1
137,All,Expe5,4,3,1,2,4,1,1,0
137,All,Expe5,4,3,1,3,2,0,1,1
137,All,Expe5,4,3,1,3,8,1,1,0
137,All,Expe5,5,6,1,3,3,1,0,-1
137,All,Expe5,7,5,2,1,4,0,1,1
137,All,Expe5,7,5,2,1,12,1,1,0
137,All,Expe5,7,5,2,2,6,1,0,-1
137,All,Expe5,7,5,2,3,2,1,0,-1
137,All,Expe5,7,5,2,4,2,0,1,1
137,All,Expe5,7,5,2,4,5,1,1,0
137,All,Expe5,7,5,2,5,2,0,1,1
137,All,Expe5,8,2,2,2,2,0,1,1
137,All,Expe5,9,6,2,1,3,0,0,0
137,All,Expe5,9,6,2,1,8,0,1,1
137,All,Expe5,9,6,2,2,2,0,1,1
137,All,Expe5,9,6,2,2,5,1,1,0
137,All,Expe5,9,6,2,2,7,2,1,-1
137,All,Expe5,9,6,2,4,6,1,0,-1
137,All,Expe5,9,6,2,6,2,0,1,1
137,All,Expe5,10,4,2,3,2,0,1,1
137,All,Expe5,10,4,2,4,2,0,1,1
137,All,Expe5,12,3,2,1,11,0,0,0
137,All,Expe5,12,3,2,2,2,0,0,0
137,All,Expe5,12,3,2,3,5,1,0,-1
137,All,Expe5,15,4,3,4,12,0,0,0
137,All,Expe5,16,6,3,1,2,0,1,1
137,All,Expe5,16,6,3,1,3,1,1,0
137,All,Expe5,16,6,3,2,2,1,0,-1
137,All,Expe5,16,6,3,4,2,0,1,1
137,All,Expe5,16,6,3,5,2,0,1,1
137,All,Expe5,17,5,3,1,11,0,0,0
137,All,Expe5,17,5,3,3,4,1,0,-1
137,All,Expe5,18,2,3,1,2,0,0,0
137,All,Expe5,18,2,3,1,10,1,0,-1
138,All,Expe5,1,4,1,4,2,0,1,1
138,All,Expe5,1,4,1,4,3,1,1,0
138,All,Expe5,5,5,1,1,3,0,1,1
138,All,Expe5,5,5,1,3,2,0,1,1
138,All,Expe5,5,5,1,3,3,1,1,0
138,All,Expe5,5,5,1,3,4,1,2,1
138,All,Expe5,5,5,1,4,2,1,0,-1
138,All,Expe5,5,5,1,4,3,0,2,2
138,All,Expe5,6,6,1,2,2,1,0,-1
138,All,Expe5,6,6,1,3,10,0,0,0
138,All,Expe5,6,6,1,4,2,1,0,-1
138,All,Expe5,6,6,1,4,3,2,0,-2
138,All,Expe5,6,6,1,4,4,0,3,3
138,All,Expe5,7,2,2,1,2,0,1,1
138,All,Expe5,8,4,2,3,2,1,0,-1
138,All,Expe5,8,4,2,3,5,2,0,-2
138,All,Expe5,10,3,2,2,2,0,1,1
138,All,Expe5,11,6,2,2,3,0,0,0
138,All,Expe5,14,6,3,5,3,1,0,-1
138,All,Expe5,14,6,3,5,12,2,0,-2
138,All,Expe5,15,1,3,1,2,0,1,1
138,All,Expe5,17,4,3,2,3,0,0,0
138,All,Expe5,17,4,3,3,2,0,1,1
138,All,Expe5,17,4,3,3,5,1,1,0
138,All,Expe5,18,5,3,1,8,0,0,0
138,All,Expe5,18,5,3,2,6,1,0,-1
138,All,Expe5,18,5,3,4,2,0,1,1
139,All,Expe5,1,3,1,1,2,0,1,1
139,All,Expe5,1,3,1,1,3,1,1,0
139,All,Expe5,2,1,1,1,2,0,1,1
139,All,Expe5,3,4,1,2,2,0,1,1
139,All,Expe5,3,4,1,2,3,1,1,0
139,All,Expe5,3,4,1,4,2,0,1,1
139,All,Expe5,3,4,1,4,3,1,1,0
139,All,Expe5,3,4,1,4,4,1,2,1
139,All,Expe5,3,4,1,4,10,2,2,0
139,All,Expe5,4,6,1,1,2,1,0,-1
139,All,Expe5,4,6,1,1,3,0,2,2
139,All,Expe5,4,6,1,1,4,2,1,-1
139,All,Expe5,4,6,1,1,5,1,3,2
139,All,Expe5,4,6,1,1,6,3,2,-1
139,All,Expe5,4,6,1,1,7,2,4,2
139,All,Expe5,4,6,1,1,8,3,4,1
139,All,Expe5,4,6,1,1,9,4,4,0
139,All,Expe5,4,6,1,4,2,1,0,-1
139,All,Expe5,4,6,1,4,3,2,0,-2
139,All,Expe5,4,6,1,4,5,3,0,-3
139,All,Expe5,4,6,1,4,7,0,4,4
139,All,Expe5,4,6,1,4,8,1,4,3
139,All,Expe5,4,6,1,5,2,1,0,-1
139,All,Expe5,4,6,1,5,3,0,2,2
139,All,Expe5,4,6,1,5,4,2,1,-1
139,All,Expe5,4,6,1,5,7,1,3,2
139,All,Expe5,4,6,1,5,9,3,2,-1
139,All,Expe5,5,2,1,2,10,0,1,1
139,All,Expe5,6,5,1,1,2,1,0,-1
139,All,Expe5,6,5,1,4,2,1,0,-1
139,All,Expe5,7,4,2,2,2,1,0,-1
139,All,Expe5,7,4,2,2,3,0,2,2
139,All,Expe5,7,4,2,2,4,1,2,1
139,All,Expe5,7,4,2,3,2,0,1,1
139,All,Expe5,7,4,2,3,3,1,1,0
139,All,Expe5,7,4,2,3,8,1,2,1
139,All,Expe5,7,4,2,4,2,0,1,1
139,All,Expe5,7,4,2,4,3,1,1,0
139,All,Expe5,7,4,2,4,4,1,2,1
139,All,Expe5,7,4,2,4,5,2,2,0
139,All,Expe5,8,3,2,1,2,0,0,0
139,All,Expe5,8,3,2,2,2,0,1,1
139,All,Expe5,8,3,2,2,3,1,1,0
139,All,Expe5,8,3,2,2,4,2,1,-1
139,All,Expe5,8,3,2,2,5,1,3,2
139,All,Expe5,8,3,2,2,6,3,2,-1
139,All,Expe5,8,3,2,2,9,4,2,-2
139,All,Expe5,8,3,2,2,11,2,5,3
139,All,Expe5,8,3,2,3,2,0,1,1
139,All,Expe5,8,3,2,3,3,1,1,0
139,All,Expe5,8,3,2,3,4,2,1,-1
139,All,Expe5,8,3,2,3,11,1,3,2
139,All,Expe5,11,5,2,1,2,0,1,1
139,All,Expe5,11,5,2,1,3,1,1,0
139,All,Expe5,11,5,2,1,5,1,2,1
139,All,Expe5,11,5,2,2,6,0,0,0
139,All,Expe5,11,5,2,3,7,0,0,0
139,All,Expe5,11,5,2,5,2,1,0,-1
139,All,Expe5,11,5,2,5,3,0,2,2
139,All,Expe5,11,5,2,5,10,1,2,1
139,All,Expe5,12,6,2,2,2,1,0,-1
139,All,Expe5,12,6,2,2,4,2,0,-2
139,All,Expe5,12,6,2,3,2,0,0,0
139,All,Expe5,12,6,2,4,2,0,1,1
139,All,Expe5,12,6,2,4,3,1,1,0
139,All,Expe5,12,6,2,4,4,1,2,1
139,All,Expe5,12,6,2,4,5,2,2,0
139,All,Expe5,12,6,2,4,6,2,3,1
139,All,Expe5,12,6,2,4,7,3,3,0
139,All,Expe5,12,6,2,4,8,4,3,-1
139,All,Expe5,12,6,2,4,9,5,3,-2
139,All,Expe5,12,6,2,5,3,1,0,-1
139,All,Expe5,12,6,2,5,4,0,2,2
139,All,Expe5,12,6,2,5,6,1,2,1
139,All,Expe5,12,6,2,5,7,2,2,0
139,All,Expe5,12,6,2,6,2,0,0,0
139,All,Expe5,12,6,2,6,3,1,0,-1
139,All,Expe5,13,6,3,2,12,0,1,1
139,All,Expe5,13,6,3,5,2,0,1,1
139,All,Expe5,13,6,3,6,2,1,0,-1
139,All,Expe5,13,6,3,6,3,2,0,-2
139,All,Expe5,14,2,3,1,8,0,0,0
139,All,Expe5,16,5,3,2,8,0,0,0
139,All,Expe5,16,5,3,4,13,0,0,0
139,All,Expe5,16,5,3,5,2,0,0,0
139,All,Expe5,16,5,3,5,3,0,1,1
139,All,Expe5,18,4,3,4,2,1,0,-1
140,All,Expe5,1,1,1,1,7,0,0,0
140,All,Expe5,1,1,1,1,8,0,1,1
140,All,Expe5,2,6,1,1,3,0,1,1
140,All,Expe5,2,6,1,2,2,0,1,1
140,All,Expe5,2,6,1,2,3,1,1,0
140,All,Expe5,2,6,1,2,4,1,2,1
140,All,Expe5,2,6,1,4,2,0,1,1
140,All,Expe5,2,6,1,4,3,1,1,0
140,All,Expe5,2,6,1,4,4,1,2,1
140,All,Expe5,2,6,1,4,5,2,2,0
140,All,Expe5,2,6,1,4,6,2,3,1
140,All,Expe5,2,6,1,4,7,3,3,0
140,All,Expe5,2,6,1,5,5,0,0,0
140,All,Expe5,2,6,1,6,2,0,1,1
140,All,Expe5,2,6,1,6,4,1,1,0
140,All,Expe5,3,3,1,1,6,0,0,0
140,All,Expe5,4,5,1,1,2,0,0,0
140,All,Expe5,4,5,1,1,5,1,0,-1
140,All,Expe5,4,5,1,3,4,0,0,0
140,All,Expe5,4,5,1,4,2,0,1,1
140,All,Expe5,5,4,1,1,7,0,0,0
140,All,Expe5,5,4,1,2,2,0,1,1
140,All,Expe5,5,4,1,2,4,1,1,0
140,All,Expe5,5,4,1,4,2,0,1,1
140,All,Expe5,5,4,1,4,4,1,1,0
140,All,Expe5,5,4,1,4,5,2,1,-1
140,All,Expe5,6,2,1,1,2,0,0,0
140,All,Expe5,6,2,1,2,2,0,1,1
140,All,Expe5,7,3,2,1,2,1,0,-1
140,All,Expe5,7,3,2,1,3,0,2,2
140,All,Expe5,7,3,2,3,2,0,1,1
140,All,Expe5,9,4,2,1,8,0,0,0
140,All,Expe5,9,4,2,3,2,1,0,-1
140,All,Expe5,9,4,2,3,3,0,2,2
140,All,Expe5,9,4,2,4,2,0,1,1
140,All,Expe5,9,4,2,4,3,1,1,0
140,All,Expe5,10,6,2,1,2,0,1,1
140,All,Expe5,10,6,2,3,7,0,0,0
140,All,Expe5,10,6,2,4,2,0,1,1
140,All,Expe5,10,6,2,5,2,0,1,1
140,All,Expe5,10,6,2,5,3,1,1,0
140,All,Expe5,10,6,2,5,5,2,1,-1
140,All,Expe5,10,6,2,6,3,0,0,0
140,All,Expe5,10,6,2,6,5,1,0,-1
140,All,Expe5,11,2,2,2,2,0,1,1
140,All,Expe5,12,5,2,1,2,1,0,-1
140,All,Expe5,12,5,2,1,3,0,2,2
140,All,Expe5,12,5,2,1,4,2,1,-1
140,All,Expe5,12,5,2,1,5,3,1,-2
140,All,Expe5,12,5,2,1,6,4,1,-3
140,All,Expe5,12,5,2,3,2,1,0,-1
140,All,Expe5,12,5,2,3,3,0,2,2
140,All,Expe5,12,5,2,3,5,1,2,1
140,All,Expe5,12,5,2,4,2,1,0,-1
140,All,Expe5,12,5,2,4,3,0,2,2
140,All,Expe5,12,5,2,4,9,1,2,1
140,All,Expe5,12,5,2,5,2,0,1,1
140,All,Expe5,12,5,2,5,3,1,1,0
140,All,Expe5,12,5,2,5,4,1,2,1
140,All,Expe5,12,5,2,5,5,2,2,0
140,All,Expe5,12,5,2,5,9,3,2,-1
140,All,Expe5,13,2,3,1,4,1,0,-1
140,All,Expe5,13,2,3,2,6,0,1,1
140,All,Expe5,14,5,3,1,2,0,1,1
140,All,Expe5,14,5,3,2,2,1,0,-1
140,All,Expe5,14,5,3,2,3,0,2,2
140,All,Expe5,14,5,3,2,6,1,2,1
140,All,Expe5,14,5,3,4,2,0,1,1
140,All,Expe5,14,5,3,4,4,1,1,0
140,All,Expe5,14,5,3,4,5,2,1,-1
140,All,Expe5,14,5,3,4,7,3,1,-2
140,All,Expe5,15,6,3,1,2,0,1,1
140,All,Expe5,15,6,3,1,4,1,1,0
140,All,Expe5,15,6,3,2,2,0,1,1
140,All,Expe5,15,6,3,2,3,1,1,0
140,All,Expe5,15,6,3,2,6,2,1,-1
140,All,Expe5,15,6,3,3,3,1,0,-1
140,All,Expe5,15,6,3,3,4,2,0,-2
140,All,Expe5,15,6,3,3,8,3,0,-3
140,All,Expe5,15,6,3,4,2,0,1,1
140,All,Expe5,15,6,3,4,4,1,1,0
140,All,Expe5,15,6,3,4,10,2,1,-1
140,All,Expe5,15,6,3,5,3,1,0,-1
140,All,Expe5,15,6,3,6,4,1,0,-1
140,All,Expe5,15,6,3,6,9,2,0,-2
140,All,Expe5,16,4,3,1,2,0,1,1
140,All,Expe5,16,4,3,1,3,1,1,0
140,All,Expe5,16,4,3,1,4,1,2,1
140,All,Expe5,16,4,3,1,9,2,2,0
140,All,Expe5,16,4,3,3,2,1,0,-1
140,All,Expe5,16,4,3,3,3,2,0,-2
140,All,Expe5,16,4,3,3,7,0,3,3
140,All,Expe5,16,4,3,4,2,0,1,1
140,All,Expe5,16,4,3,4,5,1,1,0
140,All,Expe5,17,3,3,1,3,1,0,-1
140,All,Expe5,17,3,3,2,3,0,1,1
141,All,Expe5,1,6,1,1,3,0,1,1
141,All,Expe5,1,6,1,1,5,1,1,0
141,All,Expe5,1,6,1,5,2,0,1,1
141,All,Expe5,1,6,1,6,2,1,0,-1
141,All,Expe5,2,5,1,4,2,1,0,-1
141,All,Expe5,2,5,1,4,3,0,2,2
141,All,Expe5,2,5,1,5,2,0,1,1
141,All,Expe5,2,5,1,5,3,1,1,0
141,All,Expe5,4,2,1,1,4,0,0,0
141,All,Expe5,4,2,1,2,2,0,1,1
141,All,Expe5,6,4,1,3,2,0,1,1
141,All,Expe5,6,4,1,3,3,1,1,0
141,All,Expe5,6,4,1,3,4,1,2,1
141,All,Expe5,6,4,1,3,7,2,2,0
141,All,Expe5,6,4,1,3,9,3,2,-1
141,All,Expe5,6,4,1,4,2,0,1,1
141,All,Expe5,6,4,1,4,4,1,1,0
141,All,Expe5,7,1,2,1,2,0,1,1
141,All,Expe5,8,6,2,2,6,0,0,0
141,All,Expe5,8,6,2,2,8,1,0,-1
141,All,Expe5,8,6,2,3,4,1,0,-1
141,All,Expe5,8,6,2,4,3,1,0,-1
141,All,Expe5,8,6,2,5,2,0,0,0
141,All,Expe5,8,6,2,6,2,0,1,1
141,All,Expe5,8,6,2,6,3,1,1,0
141,All,Expe5,9,3,2,1,7,0,0,0
141,All,Expe5,9,3,2,1,12,0,1,1
141,All,Expe5,10,5,2,1,2,0,1,1
141,All,Expe5,10,5,2,4,2,0,1,1
141,All,Expe5,10,5,2,5,2,0,1,1
141,All,Expe5,11,4,2,3,2,0,1,1
141,All,Expe5,11,4,2,4,2,0,1,1
141,All,Expe5,12,2,2,2,2,0,1,1
141,All,Expe5,13,5,3,1,10,0,0,0
141,All,Expe5,13,5,3,2,2,0,1,1
141,All,Expe5,13,5,3,2,6,1,1,0
141,All,Expe5,13,5,3,5,2,0,1,1
141,All,Expe5,14,4,3,2,6,0,1,1
141,All,Expe5,15,2,3,2,5,1,0,-1
141,All,Expe5,17,6,3,1,5,0,0,0
141,All,Expe5,17,6,3,2,4,1,0,-1
141,All,Expe5,17,6,3,2,5,2,0,-2
141,All,Expe5,17,6,3,2,6,0,3,3
141,All,Expe5,17,6,3,2,7,3,1,-2
141,All,Expe5,17,6,3,2,8,1,4,3
141,All,Expe5,17,6,3,2,9,4,2,-2
141,All,Expe5,17,6,3,3,2,1,0,-1
141,All,Expe5,17,6,3,3,3,2,0,-2
141,All,Expe5,17,6,3,3,5,3,0,-3
141,All,Expe5,17,6,3,5,2,1,0,-1
141,All,Expe5,17,6,3,5,3,2,0,-2
141,All,Expe5,17,6,3,5,4,3,0,-3
141,All,Expe5,17,6,3,5,6,0,4,4
141,All,Expe5,18,3,3,3,2,0,1,1
142,All,Expe5,1,5,1,4,2,0,1,1
142,All,Expe5,1,5,1,5,2,0,1,1
142,All,Expe5,2,2,1,2,2,0,1,1
142,All,Expe5,3,6,1,3,3,1,0,-1
142,All,Expe5,3,6,1,3,4,0,2,2
142,All,Expe5,3,6,1,3,7,1,2,1
142,All,Expe5,3,6,1,3,8,2,2,0
142,All,Expe5,3,6,1,3,10,3,2,-1
142,All,Expe5,3,6,1,4,2,0,1,1
142,All,Expe5,3,6,1,4,3,1,1,0
142,All,Expe5,3,6,1,4,5,2,1,-1
142,All,Expe5,3,6,1,4,6,1,3,2
142,All,Expe5,3,6,1,4,7,3,2,-1
142,All,Expe5,3,6,1,4,8,4,2,-2
142,All,Expe5,3,6,1,4,11,5,2,-3
142,All,Expe5,3,6,1,4,13,6,2,-4
142,All,Expe5,3,6,1,5,2,0,1,1
142,All,Expe5,3,6,1,5,3,1,1,0
142,All,Expe5,3,6,1,6,2,1,0,-1
142,All,Expe5,4,4,1,4,4,0,1,1
142,All,Expe5,6,3,1,2,2,0,1,1
142,All,Expe5,6,3,1,3,2,0,1,1
142,All,Expe5,7,6,2,5,2,0,1,1
142,All,Expe5,8,5,2,1,5,0,0,0
142,All,Expe5,8,5,2,3,3,0,1,1
142,All,Expe5,8,5,2,5,2,0,1,1
142,All,Expe5,11,3,2,1,3,0,0,0
142,All,Expe5,11,3,2,3,2,0,1,1
142,All,Expe5,12,4,2,1,2,0,1,1
142,All,Expe5,12,4,2,4,11,0,1,1
142,All,Expe5,13,4,3,3,2,0,1,1
142,All,Expe5,13,4,3,4,2,0,1,1
142,All,Expe5,15,5,3,4,2,0,1,1
142,All,Expe5,15,5,3,5,2,0,1,1
142,All,Expe5,18,6,3,1,2,0,0,0
142,All,Expe5,18,6,3,2,2,0,1,1
142,All,Expe5,18,6,3,2,3,1,1,0
142,All,Expe5,18,6,3,2,4,1,2,1
142,All,Expe5,18,6,3,6,2,1,0,-1
143,All,Expe5,2,4,1,3,2,1,0,-1
143,All,Expe5,2,4,1,3,3,0,2,2
143,All,Expe5,2,4,1,4,4,0,0,0
143,All,Expe5,2,4,1,4,6,1,0,-1
143,All,Expe5,3,5,1,2,2,0,1,1
143,All,Expe5,3,5,1,3,3,1,0,-1
143,All,Expe5,3,5,1,3,4,0,2,2
143,All,Expe5,3,5,1,4,2,0,1,1
143,All,Expe5,3,5,1,4,4,1,1,0
143,All,Expe5,3,5,1,4,6,1,2,1
143,All,Expe5,3,5,1,4,8,2,2,0
143,All,Expe5,3,5,1,5,2,0,1,1
143,All,Expe5,4,3,1,1,7,1,0,-1
143,All,Expe5,4,3,1,1,8,2,0,-2
143,All,Expe5,4,3,1,3,2,0,1,1
143,All,Expe5,5,6,1,2,2,0,0,0
143,All,Expe5,5,6,1,2,3,1,0,-1
143,All,Expe5,5,6,1,2,4,2,0,-2
143,All,Expe5,5,6,1,2,6,3,0,-3
143,All,Expe5,5,6,1,2,7,0,4,4
143,All,Expe5,5,6,1,2,9,4,1,-3
143,All,Expe5,5,6,1,4,4,1,0,-1
143,All,Expe5,5,6,1,4,6,2,0,-2
143,All,Expe5,5,6,1,4,9,0,3,3
143,All,Expe5,5,6,1,5,2,0,1,1
143,All,Expe5,5,6,1,5,3,1,1,0
143,All,Expe5,5,6,1,5,4,1,2,1
143,All,Expe5,5,6,1,5,12,2,2,0
143,All,Expe5,8,3,2,2,3,0,0,0
143,All,Expe5,8,3,2,3,3,0,0,0
143,All,Expe5,8,3,2,3,8,1,0,-1
143,All,Expe5,9,4,2,1,2,1,0,-1
143,All,Expe5,9,4,2,1,5,2,0,-2
143,All,Expe5,9,4,2,1,10,0,3,3
143,All,Expe5,9,4,2,2,5,0,0,0
143,All,Expe5,9,4,2,2,10,0,1,1
143,All,Expe5,9,4,2,3,4,0,0,0
143,All,Expe5,9,4,2,4,4,1,0,-1
143,All,Expe5,9,4,2,4,6,2,0,-2
143,All,Expe5,9,4,2,4,8,3,0,-3
143,All,Expe5,9,4,2,4,9,0,4,4
143,All,Expe5,10,6,2,1,2,0,1,1
143,All,Expe5,10,6,2,1,3,1,1,0
143,All,Expe5,10,6,2,2,2,0,0,0
143,All,Expe5,10,6,2,2,5,0,1,1
143,All,Expe5,10,6,2,2,6,1,1,0
143,All,Expe5,10,6,2,2,7,1,2,1
143,All,Expe5,10,6,2,3,2,0,0,0
143,All,Expe5,10,6,2,4,2,0,1,1
143,All,Expe5,10,6,2,4,3,1,1,0
143,All,Expe5,10,6,2,4,4,2,1,-1
143,All,Expe5,10,6,2,4,5,3,1,-2
143,All,Expe5,10,6,2,4,6,4,1,-3
143,All,Expe5,10,6,2,4,7,5,1,-4
143,All,Expe5,10,6,2,4,8,6,1,-5
143,All,Expe5,10,6,2,4,11,7,1,-6
143,All,Expe5,10,6,2,5,2,0,0,0
143,All,Expe5,10,6,2,5,5,0,1,1
143,All,Expe5,10,6,2,5,6,1,1,0
143,All,Expe5,10,6,2,5,7,2,1,-1
143,All,Expe5,10,6,2,5,9,1,3,2
143,All,Expe5,10,6,2,6,2,0,0,0
143,All,Expe5,10,6,2,6,3,1,0,-1
143,All,Expe5,10,6,2,6,6,2,0,-2
143,All,Expe5,11,5,2,2,4,0,0,0
143,All,Expe5,11,5,2,3,12,0,1,1
143,All,Expe5,11,5,2,4,2,1,0,-1
143,All,Expe5,11,5,2,4,3,0,2,2
143,All,Expe5,11,5,2,4,10,1,2,1
143,All,Expe5,11,5,2,5,2,1,0,-1
143,All,Expe5,11,5,2,5,13,0,2,2
143,All,Expe5,12,2,2,1,6,0,0,0
143,All,Expe5,13,5,3,2,9,0,0,0
143,All,Expe5,13,5,3,2,12,1,0,-1
143,All,Expe5,13,5,3,3,2,0,1,1
143,All,Expe5,13,5,3,3,9,1,1,0
143,All,Expe5,13,5,3,4,2,1,0,-1
143,All,Expe5,13,5,3,4,3,2,0,-2
143,All,Expe5,13,5,3,4,5,3,0,-3
143,All,Expe5,13,5,3,4,6,0,4,4
143,All,Expe5,13,5,3,4,9,4,1,-3
143,All,Expe5,13,5,3,4,10,1,5,4
143,All,Expe5,13,5,3,4,11,2,5,3
143,All,Expe5,13,5,3,5,11,0,0,0
143,All,Expe5,14,2,3,2,3,1,0,-1
143,All,Expe5,15,6,3,1,2,1,0,-1
143,All,Expe5,15,6,3,1,3,2,0,-2
143,All,Expe5,15,6,3,2,6,0,1,1
143,All,Expe5,15,6,3,3,2,0,1,1
143,All,Expe5,15,6,3,3,6,1,1,0
143,All,Expe5,15,6,3,3,8,2,1,-1
143,All,Expe5,15,6,3,3,9,1,3,2
143,All,Expe5,15,6,3,3,12,3,2,-1
143,All,Expe5,15,6,3,4,2,0,1,1
143,All,Expe5,15,6,3,4,3,1,1,0
143,All,Expe5,15,6,3,4,4,1,2,1
143,All,Expe5,15,6,3,4,5,2,2,0
143,All,Expe5,15,6,3,4,6,2,3,1
143,All,Expe5,15,6,3,4,7,3,3,0
143,All,Expe5,15,6,3,4,9,4,3,-1
143,All,Expe5,15,6,3,4,10,5,3,-2
143,All,Expe5,15,6,3,5,2,0,1,1
143,All,Expe5,15,6,3,5,3,1,1,0
143,All,Expe5,15,6,3,5,4,2,1,-1
143,All,Expe5,16,4,3,3,2,0,1,1
143,All,Expe5,18,3,3,1,2,0,1,1
143,All,Expe5,18,3,3,1,3,1,1,0
143,All,Expe5,18,3,3,1,4,1,2,1
143,All,Expe5,18,3,3,1,10,2,2,0
143,All,Expe5,18,3,3,2,2,0,0,0
143,All,Expe5,18,3,3,2,3,1,0,-1
143,All,Expe5,18,3,3,2,4,0,2,2
143,All,Expe5,18,3,3,2,5,1,2,1
143,All,Expe5,18,3,3,3,2,1,0,-1
143,All,Expe5,18,3,3,3,3,0,2,2
143,All,Expe5,18,3,3,3,6,2,1,-1
143,All,Expe5,18,3,3,3,8,3,1,-2
144,All,Expe5,1,4,1,1,3,0,0,0
144,All,Expe5,1,4,1,1,8,0,1,1
144,All,Expe5,1,4,1,1,9,1,1,0
144,All,Expe5,1,4,1,2,4,0,0,0
144,All,Expe5,1,4,1,4,3,0,0,0
144,All,Expe5,1,4,1,4,4,0,1,1
144,All,Expe5,1,4,1,4,5,1,1,0
144,All,Expe5,1,4,1,4,12,2,1,-1
144,All,Expe5,2,3,1,2,2,0,1,1
144,All,Expe5,2,3,1,3,2,0,1,1
144,All,Expe5,2,3,1,3,3,1,1,0
144,All,Expe5,3,2,1,2,2,0,1,1
144,All,Expe5,4,1,1,1,2,0,1,1
144,All,Expe5,5,5,1,4,2,0,1,1
144,All,Expe5,5,5,1,5,2,0,1,1
144,All,Expe5,6,6,1,5,2,0,1,1
144,All,Expe5,6,6,1,5,12,1,1,0
144,All,Expe5,6,6,1,6,2,0,1,1
144,All,Expe5,8,6,2,3,2,0,1,1
144,All,Expe5,8,6,2,3,3,1,1,0
144,All,Expe5,8,6,2,3,4,1,2,1
144,All,Expe5,8,6,2,3,9,2,2,0
144,All,Expe5,11,4,2,1,2,0,0,0
144,All,Expe5,11,4,2,3,2,0,0,0
144,All,Expe5,11,4,2,3,3,0,1,1
144,All,Expe5,11,4,2,3,5,1,1,0
144,All,Expe5,12,5,2,5,4,0,0,0
144,All,Expe5,13,2,3,1,2,0,0,0
144,All,Expe5,16,3,3,3,11,0,0,0
144,All,Expe5,17,6,3,1,10,0,0,0
144,All,Expe5,17,6,3,3,2,0,1,1
144,All,Expe5,17,6,3,3,3,1,1,0
144,All,Expe5,18,1,3,1,2,0,1,1
145,All,Expe5,2,1,1,1,2,0,1,1
145,All,Expe5,3,4,1,1,3,0,0,0
145,All,Expe5,3,4,1,1,4,0,1,1
145,All,Expe5,3,4,1,3,2,0,1,1
145,All,Expe5,3,4,1,4,2,0,0,0
145,All,Expe5,3,4,1,4,5,0,1,1
145,All,Expe5,3,4,1,4,12,1,1,0
145,All,Expe5,4,6,1,2,3,0,0,0
145,All,Expe5,4,6,1,2,6,0,1,1
145,All,Expe5,4,6,1,2,7,1,1,0
145,All,Expe5,4,6,1,2,9,1,2,1
145,All,Expe5,4,6,1,2,11,2,2,0
145,All,Expe5,4,6,1,5,2,1,0,-1
145,All,Expe5,4,6,1,5,3,0,2,2
145,All,Expe5,4,6,1,5,5,2,1,-1
145,All,Expe5,4,6,1,5,9,3,1,-2
145,All,Expe5,4,6,1,5,10,4,1,-3
145,All,Expe5,6,5,1,2,2,0,0,0
145,All,Expe5,6,5,1,4,2,0,0,0
145,All,Expe5,6,5,1,4,6,1,0,-1
145,All,Expe5,6,5,1,4,8,0,2,2
145,All,Expe5,6,5,1,5,2,0,0,0
145,All,Expe5,6,5,1,5,3,0,1,1
145,All,Expe5,6,5,1,5,5,1,1,0
145,All,Expe5,6,5,1,5,6,2,1,-1
145,All,Expe5,6,5,1,5,10,3,1,-2
145,All,Expe5,7,6,2,2,2,0,1,1
145,All,Expe5,7,6,2,2,6,1,1,0
145,All,Expe5,7,6,2,2,7,1,2,1
145,All,Expe5,7,6,2,3,2,0,1,1
145,All,Expe5,7,6,2,3,4,1,1,0
145,All,Expe5,7,6,2,3,6,1,2,1
145,All,Expe5,7,6,2,6,2,1,0,-1
145,All,Expe5,7,6,2,6,3,0,2,2
145,All,Expe5,8,2,2,1,7,0,0,0
145,All,Expe5,8,2,2,2,3,0,0,0
145,All,Expe5,8,2,2,2,7,1,0,-1
145,All,Expe5,9,3,2,3,8,0,0,0
145,All,Expe5,10,5,2,1,2,0,1,1
145,All,Expe5,10,5,2,1,12,1,1,0
145,All,Expe5,10,5,2,2,2,1,0,-1
145,All,Expe5,10,5,2,2,4,2,0,-2
145,All,Expe5,10,5,2,2,5,0,3,3
145,All,Expe5,10,5,2,2,6,3,1,-2
145,All,Expe5,10,5,2,4,4,0,0,0
145,All,Expe5,10,5,2,5,8,0,0,0
145,All,Expe5,12,4,2,1,2,0,1,1
145,All,Expe5,12,4,2,2,2,1,0,-1
145,All,Expe5,12,4,2,2,3,0,2,2
145,All,Expe5,12,4,2,3,2,0,1,1
145,All,Expe5,12,4,2,3,3,1,1,0
145,All,Expe5,13,4,3,1,2,0,1,1
145,All,Expe5,13,4,3,4,2,0,0,0
145,All,Expe5,14,3,3,2,2,0,1,1
145,All,Expe5,15,2,3,1,2,0,1,1
145,All,Expe5,17,5,3,1,2,0,1,1
145,All,Expe5,17,5,3,3,3,0,0,0
145,All,Expe5,17,5,3,3,8,1,0,-1
145,All,Expe5,17,5,3,4,2,0,1,1
145,All,Expe5,17,5,3,4,7,1,1,0
145,All,Expe5,18,6,3,1,2,0,1,1
145,All,Expe5,18,6,3,1,3,1,1,0
145,All,Expe5,18,6,3,1,4,1,2,1
145,All,Expe5,18,6,3,1,6,2,2,0
145,All,Expe5,18,6,3,1,7,2,3,1
145,All,Expe5,18,6,3,1,8,3,3,0
145,All,Expe5,18,6,3,1,10,3,4,1
145,All,Expe5,18,6,3,2,2,0,1,1
145,All,Expe5,18,6,3,2,3,1,1,0
145,All,Expe5,18,6,3,2,4,1,2,1
145,All,Expe5,18,6,3,2,5,2,2,0
145,All,Expe5,18,6,3,2,6,3,2,-1
145,All,Expe5,18,6,3,2,7,4,2,-2
145,All,Expe5,18,6,3,2,8,2,5,3
145,All,Expe5,18,6,3,2,9,3,5,2
145,All,Expe5,18,6,3,3,2,0,1,1
145,All,Expe5,18,6,3,3,3,1,1,0
145,All,Expe5,18,6,3,3,4,1,2,1
145,All,Expe5,18,6,3,3,5,2,2,0
145,All,Expe5,18,6,3,3,6,2,3,1
145,All,Expe5,18,6,3,3,7,3,3,0
145,All,Expe5,18,6,3,3,11,4,3,-1
145,All,Expe5,18,6,3,4,2,0,1,1
145,All,Expe5,18,6,3,5,2,0,0,0
145,All,Expe5,18,6,3,5,3,0,1,1
145,All,Expe5,18,6,3,5,5,1,1,0
145,All,Expe5,18,6,3,5,6,1,2,1
145,All,Expe5,18,6,3,5,9,2,2,0
145,All,Expe5,18,6,3,6,2,0,1,1
